Date,Time,Temperature(C),Humidity(%RH)
08/01/2026,00:02:01,23.6,39.4
08/01/2026,00:07:01,23.5,39.4
08/01/2026,00:12:01,23.5,39.5
08/01/2026,00:17:01,23.5,39.6
08/01/2026,00:22:01,23.4,39.5
08/01/2026,00:27:01,23.4,39.6
08/01/2026,00:32:01,23.4,39.7
08/01/2026,00:37:01,23.3,39.8
08/01/2026,00:42:01,23.3,39.9
08/01/2026,00:47:01,23.3,39.9
08/01/2026,00:52:01,23.2,39.9
08/01/2026,00:57:01,23.2,40.0
08/01/2026,01:02:01,23.2,40.0
08/01/2026,01:07:01,23.1,40.0
08/01/2026,01:12:01,23.1,40.0
08/01/2026,01:17:01,23.0,40.1
08/01/2026,01:22:01,23.0,40.0
08/01/2026,01:27:01,23.0,40.1
08/01/2026,01:32:01,22.9,40.1
08/01/2026,01:37:01,22.9,40.0
08/01/2026,01:42:01,22.9,40.0
08/01/2026,01:47:01,22.8,40.1
08/01/2026,01:52:01,22.8,40.2
08/01/2026,01:57:01,22.8,40.2
08/01/2026,02:02:01,22.7,40.2
08/01/2026,02:07:01,22.7,40.3
08/01/2026,02:12:01,22.7,40.4
08/01/2026,02:17:01,22.6,40.4
08/01/2026,02:22:01,22.6,40.5
08/01/2026,02:27:01,22.5,40.6
08/01/2026,02:32:01,22.5,40.6
08/01/2026,02:37:01,22.5,40.7
08/01/2026,02:42:01,22.4,40.8
08/01/2026,02:47:01,22.4,40.9
08/01/2026,02:52:01,22.3,40.9
08/01/2026,02:57:01,22.3,40.9
08/01/2026,03:02:01,22.3,41.0
08/01/2026,03:07:01,22.2,41.0
08/01/2026,03:12:01,22.2,41.1
08/01/2026,03:17:01,22.1,41.1
08/01/2026,03:22:01,22.1,41.2
08/01/2026,03:27:01,22.0,41.2
08/01/2026,03:32:01,22.0,41.2
08/01/2026,03:37:01,22.0,41.3
08/01/2026,03:42:01,21.9,41.4
08/01/2026,03:47:01,21.9,41.4
08/01/2026,03:52:01,21.9,41.4
08/01/2026,03:57:01,21.8,41.5
08/01/2026,04:02:01,21.8,41.5
08/01/2026,04:07:01,21.7,41.5
08/01/2026,04:12:01,21.7,41.6
08/01/2026,04:17:01,21.7,41.6
08/01/2026,04:22:01,21.6,41.7
08/01/2026,04:27:01,21.6,41.7
08/01/2026,04:32:01,21.5,41.7
08/01/2026,04:37:01,21.5,41.8
08/01/2026,04:42:01,21.4,41.8
08/01/2026,04:47:01,21.4,41.9
08/01/2026,04:52:01,21.3,42.0
08/01/2026,04:57:01,21.3,42.0
08/01/2026,05:02:01,21.3,42.1
08/01/2026,05:07:01,21.2,42.2
08/01/2026,05:12:01,21.2,42.2
08/01/2026,05:17:01,21.1,42.3
08/01/2026,05:22:01,21.1,42.4
08/01/2026,05:27:01,21.0,42.4
08/01/2026,05:32:01,21.0,42.5
08/01/2026,05:37:01,21.0,42.6
08/01/2026,05:42:01,20.9,42.6
08/01/2026,05:47:01,20.9,42.7
08/01/2026,05:52:01,20.9,42.8
08/01/2026,05:57:01,20.8,42.8
08/01/2026,06:02:01,20.8,42.9
08/01/2026,06:07:01,20.8,43.0
08/01/2026,06:12:01,20.7,43.1
08/01/2026,06:17:01,20.7,43.3
08/01/2026,06:22:01,20.7,43.4
08/01/2026,06:27:01,20.7,43.5
08/01/2026,06:32:01,20.6,43.6
08/01/2026,06:37:01,20.6,43.7
08/01/2026,06:42:01,20.6,43.8
08/01/2026,06:47:01,20.6,43.8
08/01/2026,06:52:01,20.6,43.9
08/01/2026,06:57:01,20.6,44.0
08/01/2026,07:02:01,20.6,44.1
08/01/2026,07:07:01,20.7,44.1
08/01/2026,07:12:01,20.8,44.1
08/01/2026,07:17:01,20.8,44.0
08/01/2026,07:22:01,21.0,44.0
08/01/2026,07:27:01,21.1,43.9
08/01/2026,07:32:01,21.3,43.5
08/01/2026,07:37:01,21.4,43.3
08/01/2026,07:42:01,21.4,43.3
08/01/2026,07:47:01,21.4,43.4
08/01/2026,07:52:01,21.5,43.4
08/01/2026,07:57:01,21.5,43.4
08/01/2026,08:02:01,21.6,43.4
08/01/2026,08:07:01,21.7,43.3
08/01/2026,08:12:01,21.7,43.3
08/01/2026,08:17:01,21.8,43.3
08/01/2026,08:22:01,21.9,43.6
08/01/2026,08:27:01,22.1,43.7
08/01/2026,08:32:01,22.4,43.4
08/01/2026,08:37:01,22.5,43.2
08/01/2026,08:42:01,22.6,43.2
08/01/2026,08:47:01,22.6,43.1
08/01/2026,08:52:01,22.6,43.2
08/01/2026,08:57:01,22.7,43.0
08/01/2026,09:02:01,22.7,43.0
08/01/2026,09:07:01,22.7,43.0
08/01/2026,09:12:01,22.7,43.1
08/01/2026,09:17:01,22.8,43.0
08/01/2026,09:22:01,22.8,43.1
08/01/2026,09:27:01,22.9,43.0
08/01/2026,09:32:01,22.9,43.1
08/01/2026,09:37:01,23.0,43.3
08/01/2026,09:42:01,23.0,43.0
08/01/2026,09:47:01,23.1,43.2
08/01/2026,09:52:01,23.1,43.3
08/01/2026,09:57:01,23.1,43.3
08/01/2026,10:02:01,23.2,43.5
08/01/2026,10:07:01,23.2,43.2
08/01/2026,10:12:01,23.3,43.5
08/01/2026,10:17:01,23.3,43.2
08/01/2026,10:22:01,23.4,43.4
08/01/2026,10:27:01,23.4,43.5
08/01/2026,10:32:01,23.4,43.5
08/01/2026,10:37:01,23.5,43.3
08/01/2026,10:42:01,23.5,43.4
08/01/2026,10:47:01,23.5,43.4
08/01/2026,10:52:01,23.5,43.3
08/01/2026,10:57:01,23.6,43.2
08/01/2026,11:02:01,23.6,43.3
08/01/2026,11:07:01,23.6,43.3
08/01/2026,11:12:01,23.6,43.3
08/01/2026,11:17:01,23.6,43.5
08/01/2026,11:22:01,23.6,43.5
08/01/2026,11:27:01,23.6,43.4
08/01/2026,11:32:01,23.6,43.4
08/01/2026,11:37:01,23.6,43.3
08/01/2026,11:42:01,23.6,43.1
08/01/2026,11:47:01,23.7,43.1
08/01/2026,11:52:01,23.7,43.2
08/01/2026,11:57:01,23.7,43.2
08/01/2026,12:02:01,23.7,43.2
08/01/2026,12:07:01,23.7,43.3
08/01/2026,12:12:01,23.7,43.3
08/01/2026,12:17:01,23.7,43.0
08/01/2026,12:22:01,23.8,43.0
08/01/2026,12:27:01,23.7,43.1
08/01/2026,12:32:01,23.8,43.1
08/01/2026,12:37:01,23.8,43.0
08/01/2026,12:42:01,23.8,43.0
08/01/2026,12:47:01,23.8,42.9
08/01/2026,12:52:01,23.8,43.0
08/01/2026,12:57:01,23.8,43.0
08/01/2026,13:02:01,23.8,42.9
08/01/2026,13:07:01,23.8,42.9
08/01/2026,13:12:01,23.8,42.9
08/01/2026,13:17:01,23.8,42.9
08/01/2026,13:22:01,23.8,42.8
08/01/2026,13:27:01,23.9,42.6
08/01/2026,13:32:01,23.9,42.6
08/01/2026,13:37:01,23.9,42.6
08/01/2026,13:42:01,23.9,42.6
08/01/2026,13:47:01,23.9,42.5
08/01/2026,13:52:01,23.9,42.5
08/01/2026,13:57:01,23.9,42.6
08/01/2026,14:02:01,23.9,42.6
08/01/2026,14:07:01,23.9,42.5
08/01/2026,14:12:01,24.0,41.8
08/01/2026,14:17:01,24.0,41.8
08/01/2026,14:22:01,24.0,41.9
08/01/2026,14:27:01,24.0,41.9
08/01/2026,14:32:01,24.0,42.1
08/01/2026,14:37:01,24.0,41.6
08/01/2026,14:42:01,24.1,41.6
08/01/2026,14:47:01,24.1,41.6
08/01/2026,14:52:01,24.1,41.5
08/01/2026,14:57:01,24.1,41.3
08/01/2026,15:02:01,24.1,40.9
08/01/2026,15:07:01,24.1,40.9
08/01/2026,15:12:01,24.2,41.0
08/01/2026,15:17:01,24.2,41.2
08/01/2026,15:22:01,24.2,41.0
08/01/2026,15:27:01,24.2,40.0
08/01/2026,15:32:01,24.2,40.0
08/01/2026,15:37:01,24.3,40.4
08/01/2026,15:42:01,24.3,40.6
08/01/2026,15:47:01,24.3,40.4
08/01/2026,15:52:01,24.3,40.4
08/01/2026,15:57:01,24.4,40.6
08/01/2026,16:02:01,24.4,40.8
08/01/2026,16:07:01,24.4,40.9
08/01/2026,16:12:01,24.4,40.8
08/01/2026,16:17:01,24.4,39.3
08/01/2026,16:22:01,24.5,39.4
08/01/2026,16:27:01,24.5,39.6
08/01/2026,16:32:01,24.5,40.0
08/01/2026,16:37:01,24.5,40.3
08/01/2026,16:42:01,24.5,39.5
08/01/2026,16:47:01,24.5,38.9
08/01/2026,16:52:01,24.5,39.0
08/01/2026,16:57:01,24.5,39.2
08/01/2026,17:02:01,24.5,39.7
08/01/2026,17:07:01,24.6,39.0
08/01/2026,17:12:01,24.5,39.0
08/01/2026,17:17:01,24.6,38.2
08/01/2026,17:22:01,24.6,38.6
08/01/2026,17:27:01,24.6,38.3
08/01/2026,17:32:01,24.6,37.4
08/01/2026,17:37:01,24.6,37.8
08/01/2026,17:42:01,24.6,37.5
08/01/2026,17:47:01,24.6,37.7
08/01/2026,17:52:01,24.6,37.3
08/01/2026,17:57:01,24.7,37.0
08/01/2026,18:02:01,24.7,36.5
08/01/2026,18:07:01,24.8,36.7
08/01/2026,18:12:01,24.8,36.2
08/01/2026,18:17:01,24.9,36.1
08/01/2026,18:22:01,24.9,36.6
08/01/2026,18:27:01,25.0,36.1
08/01/2026,18:32:01,25.0,36.3
08/01/2026,18:37:01,25.1,36.0
08/01/2026,18:42:01,25.1,36.1
08/01/2026,18:47:01,25.2,36.0
08/01/2026,18:52:01,25.2,35.9
08/01/2026,18:57:01,25.3,36.1
08/01/2026,19:02:01,25.3,35.4
08/01/2026,19:07:01,25.4,35.6
08/01/2026,19:12:01,25.4,35.1
08/01/2026,19:17:01,25.4,35.4
08/01/2026,19:22:01,25.5,35.5
08/01/2026,19:27:01,25.6,35.6
08/01/2026,19:32:01,25.6,35.2
08/01/2026,19:37:01,25.6,35.1
08/01/2026,19:42:01,25.6,34.9
08/01/2026,19:47:01,25.6,34.7
08/01/2026,19:52:01,25.6,34.5
08/01/2026,19:57:01,25.6,34.6
08/01/2026,20:02:01,25.6,35.0
08/01/2026,20:07:01,25.6,35.0
08/01/2026,20:12:01,25.6,34.8
08/01/2026,20:17:01,25.6,35.4
08/01/2026,20:22:01,25.6,34.9
08/01/2026,20:27:01,25.6,35.0
08/01/2026,20:32:01,25.5,34.9
08/01/2026,20:37:01,25.5,34.8
08/01/2026,20:42:01,25.5,34.9
08/01/2026,20:47:01,25.4,34.7
08/01/2026,20:52:01,25.4,34.5
08/01/2026,20:57:01,25.3,34.8
08/01/2026,21:02:01,25.3,34.6
08/01/2026,21:07:01,25.2,34.9
08/01/2026,21:12:01,25.2,35.3
08/01/2026,21:17:01,25.2,35.5
08/01/2026,21:22:01,25.2,35.7
08/01/2026,21:27:01,25.1,36.0
08/01/2026,21:32:01,25.1,36.2
08/01/2026,21:37:01,25.1,36.3
08/01/2026,21:42:01,25.1,36.5
08/01/2026,21:47:01,25.0,36.6
08/01/2026,21:52:01,25.0,36.8
08/01/2026,21:57:01,25.0,36.9
08/01/2026,22:02:01,25.0,36.9
08/01/2026,22:07:01,25.0,37.0
08/01/2026,22:12:01,25.0,37.1
08/01/2026,22:17:01,24.9,37.2
08/01/2026,22:22:01,24.9,37.3
08/01/2026,22:27:01,24.9,37.3
08/01/2026,22:32:01,24.9,37.4
08/01/2026,22:37:01,24.8,37.5
08/01/2026,22:42:01,24.8,37.5
08/01/2026,22:47:01,24.8,37.7
08/01/2026,22:52:01,24.8,37.7
08/01/2026,22:57:01,24.8,37.7
08/01/2026,23:02:01,24.8,37.7
08/01/2026,23:07:01,24.8,37.8
08/01/2026,23:12:01,24.8,37.9
08/01/2026,23:17:01,24.7,37.9
08/01/2026,23:22:01,24.7,38.0
08/01/2026,23:27:01,24.7,38.0
08/01/2026,23:32:01,24.7,38.0
08/01/2026,23:37:01,24.7,38.1
08/01/2026,23:42:01,24.6,38.1
08/01/2026,23:47:01,24.6,38.2
08/01/2026,23:52:01,24.6,38.2
08/01/2026,23:57:01,24.6,38.2
08/02/2026,00:02:01,24.6,38.3
08/02/2026,00:07:01,24.6,38.3
08/02/2026,00:12:01,24.5,38.4
08/02/2026,00:17:01,24.5,38.4
08/02/2026,00:22:01,24.5,38.4
08/02/2026,00:27:01,24.5,38.4
08/02/2026,00:32:01,24.5,38.5
08/02/2026,00:37:01,24.5,38.5
08/02/2026,00:42:01,24.5,38.5
08/02/2026,00:47:01,24.4,38.6
08/02/2026,00:52:01,24.4,38.6
08/02/2026,00:57:01,24.4,38.6
08/02/2026,01:02:01,24.4,38.6
08/02/2026,01:07:01,24.3,38.7
08/02/2026,01:12:01,24.3,38.7
08/02/2026,01:17:01,24.3,38.7
08/02/2026,01:22:01,24.3,38.7
08/02/2026,01:27:01,24.3,38.8
08/02/2026,01:32:01,24.3,38.8
08/02/2026,01:37:01,24.3,38.8
08/02/2026,01:42:01,24.3,38.8
08/02/2026,01:47:01,24.2,38.8
08/02/2026,01:52:01,24.2,38.8
08/02/2026,01:57:01,24.2,38.8
08/02/2026,02:02:01,24.2,38.9
08/02/2026,02:07:01,24.2,38.9
08/02/2026,02:12:01,24.2,38.9
08/02/2026,02:17:01,24.2,38.9
08/02/2026,02:22:01,24.1,39.0
08/02/2026,02:27:01,24.1,39.0
08/02/2026,02:32:01,24.1,39.0
08/02/2026,02:37:01,24.1,39.0
08/02/2026,02:42:01,24.0,39.0
08/02/2026,02:47:01,24.0,39.0
08/02/2026,02:52:01,24.0,39.1
08/02/2026,02:57:01,24.0,39.1
08/02/2026,03:02:01,24.0,39.2
08/02/2026,03:07:01,24.0,39.1
08/02/2026,03:12:01,23.9,39.1
08/02/2026,03:17:01,23.9,39.1
08/02/2026,03:22:01,23.9,39.2
08/02/2026,03:27:01,23.9,39.2
08/02/2026,03:32:01,23.9,39.2
08/02/2026,03:37:01,23.9,39.2
08/02/2026,03:42:01,23.9,39.3
08/02/2026,03:47:01,23.8,39.3
08/02/2026,03:52:01,23.8,39.2
08/02/2026,03:57:01,23.8,39.2
08/02/2026,04:02:01,23.8,39.4
08/02/2026,04:07:01,23.8,39.4
08/02/2026,04:12:01,23.7,39.4
08/02/2026,04:17:01,23.7,39.4
08/02/2026,04:22:01,23.7,39.4
08/02/2026,04:27:01,23.7,39.4
08/02/2026,04:32:01,23.7,39.4
08/02/2026,04:37:01,23.7,39.4
08/02/2026,04:42:01,23.7,39.4
08/02/2026,04:47:01,23.6,39.4
08/02/2026,04:52:01,23.6,39.4
08/02/2026,04:57:01,23.6,39.4
08/02/2026,05:02:01,23.6,39.4
08/02/2026,05:07:01,23.6,39.3
08/02/2026,05:12:01,23.6,39.3
08/02/2026,05:17:01,23.6,39.3
08/02/2026,05:22:01,23.6,39.3
08/02/2026,05:27:01,23.5,39.3
08/02/2026,05:32:01,23.5,39.3
08/02/2026,05:37:01,23.5,39.3
08/02/2026,05:42:01,23.5,39.3
08/02/2026,05:47:01,23.5,39.3
08/02/2026,05:52:01,23.5,39.3
08/02/2026,05:57:01,23.5,39.3
08/02/2026,06:02:01,23.4,39.3
08/02/2026,06:07:01,23.4,39.3
08/02/2026,06:12:01,23.4,39.4
08/02/2026,06:17:01,23.4,39.3
08/02/2026,06:22:01,23.4,39.3
08/02/2026,06:27:01,23.4,39.3
08/02/2026,06:32:01,23.4,39.3
08/02/2026,06:37:01,23.3,39.4
08/02/2026,06:42:01,23.3,39.4
08/02/2026,06:47:01,23.3,39.4
08/02/2026,06:52:01,23.3,39.4
08/02/2026,06:57:01,23.3,39.4
08/02/2026,07:02:01,23.3,39.3
08/02/2026,07:07:01,23.3,39.4
08/02/2026,07:12:01,23.3,39.4
08/02/2026,07:17:01,23.3,39.5
08/02/2026,07:22:01,23.3,39.5
08/02/2026,07:27:01,23.4,39.4
08/02/2026,07:32:01,23.4,39.4
08/02/2026,07:37:01,23.4,39.4
08/02/2026,07:42:01,23.4,39.9
08/02/2026,07:47:01,23.4,40.4
08/02/2026,07:52:01,23.3,41.0
08/02/2026,07:57:01,23.2,41.6
08/02/2026,08:02:01,23.1,41.9
08/02/2026,08:07:01,23.0,42.4
08/02/2026,08:12:01,23.0,42.8
08/02/2026,08:17:01,23.0,43.1
08/02/2026,08:22:01,23.0,43.4
08/02/2026,08:27:01,23.0,43.7
08/02/2026,08:32:01,23.0,43.9
08/02/2026,08:37:01,23.0,44.1
08/02/2026,08:42:01,23.1,44.3
08/02/2026,08:47:01,23.1,44.5
08/02/2026,08:52:01,23.1,44.7
08/02/2026,08:57:01,23.1,44.8
08/02/2026,09:02:01,23.2,45.1
08/02/2026,09:07:01,23.2,45.1
08/02/2026,09:12:01,23.2,45.2
08/02/2026,09:17:01,23.2,45.3
08/02/2026,09:22:01,23.2,45.7
08/02/2026,09:27:01,23.1,46.0
08/02/2026,09:32:01,23.2,46.4
08/02/2026,09:37:01,23.3,46.6
08/02/2026,09:42:01,23.3,47.1
08/02/2026,09:47:01,23.4,47.3
08/02/2026,09:52:01,23.5,47.5
08/02/2026,09:57:01,23.6,47.8
08/02/2026,10:02:01,23.7,47.9
08/02/2026,10:07:01,23.7,48.1
08/02/2026,10:12:01,23.8,48.3
08/02/2026,10:17:01,23.9,48.6
08/02/2026,10:22:01,24.0,48.6
08/02/2026,10:27:01,24.2,48.9
08/02/2026,10:32:01,24.3,48.8
08/02/2026,10:37:01,24.4,48.7
08/02/2026,10:42:01,24.4,49.1
08/02/2026,10:47:01,24.5,48.5
08/02/2026,10:52:01,24.5,48.2
08/02/2026,10:57:01,24.5,47.9
08/02/2026,11:02:01,24.5,47.8
08/02/2026,11:07:01,24.6,47.7
08/02/2026,11:12:01,24.7,47.7
08/02/2026,11:17:01,24.7,47.7
08/02/2026,11:22:01,24.8,47.7
08/02/2026,11:27:01,24.9,48.0
08/02/2026,11:32:01,25.0,47.7
08/02/2026,11:37:01,25.1,48.3
08/02/2026,11:42:01,25.2,47.2
08/02/2026,11:47:01,25.2,48.0
08/02/2026,11:52:01,25.3,48.4
08/02/2026,11:57:01,25.4,48.2
08/02/2026,12:02:01,25.5,47.6
08/02/2026,12:07:01,25.6,47.5
08/02/2026,12:12:01,25.7,48.2
08/02/2026,12:17:01,25.8,47.3
08/02/2026,12:22:01,25.9,47.5
08/02/2026,12:27:01,26.0,46.6
08/02/2026,12:32:01,26.0,45.8
08/02/2026,12:37:01,26.1,45.1
08/02/2026,12:42:01,26.1,43.6
08/02/2026,12:47:01,26.0,41.9
08/02/2026,12:52:01,26.0,42.0
08/02/2026,12:57:01,26.0,42.4
08/02/2026,13:02:01,26.0,41.0
08/02/2026,13:07:01,26.0,41.2
08/02/2026,13:12:01,26.0,41.4
08/02/2026,13:17:01,25.9,40.9
08/02/2026,13:22:01,25.9,40.7
08/02/2026,13:27:01,25.9,41.3
08/02/2026,13:32:01,25.9,40.7
08/02/2026,13:37:01,25.9,41.3
08/02/2026,13:42:01,25.9,40.4
08/02/2026,13:47:01,25.8,40.9
08/02/2026,13:52:01,25.8,38.9
08/02/2026,13:57:01,25.8,38.9
08/02/2026,14:02:01,25.8,39.3
08/02/2026,14:07:01,25.8,39.1
08/02/2026,14:12:01,25.8,39.6
08/02/2026,14:17:01,25.8,39.6
08/02/2026,14:22:01,25.8,39.9
08/02/2026,14:27:01,25.8,39.7
08/02/2026,14:32:01,25.7,39.4
08/02/2026,14:37:01,25.7,38.7
08/02/2026,14:42:01,25.7,38.4
08/02/2026,14:47:01,25.7,38.9
08/02/2026,14:52:01,25.7,38.7
08/02/2026,14:57:01,25.7,38.3
08/02/2026,15:02:01,25.7,38.8
08/02/2026,15:07:01,25.7,38.4
08/02/2026,15:12:01,25.7,38.7
08/02/2026,15:17:01,25.7,38.4
08/02/2026,15:22:01,25.7,38.3
08/02/2026,15:27:01,25.7,38.5
08/02/2026,15:32:01,25.7,38.4
08/02/2026,15:37:01,25.7,38.5
08/02/2026,15:42:01,25.7,38.6
08/02/2026,15:47:01,25.7,38.5
08/02/2026,15:52:01,25.7,38.5
08/02/2026,15:57:01,25.7,38.6
08/02/2026,16:02:01,25.7,38.6
08/02/2026,16:07:01,25.7,38.1
08/02/2026,16:12:01,25.7,38.4
08/02/2026,16:17:01,25.7,38.5
08/02/2026,16:22:01,25.7,38.3
08/02/2026,16:27:01,25.7,38.6
08/02/2026,16:32:01,25.7,38.5
08/02/2026,16:37:01,25.7,38.5
08/02/2026,16:42:01,25.7,38.7
08/02/2026,16:47:01,25.7,38.5
08/02/2026,16:52:01,25.7,38.5
08/02/2026,16:57:01,25.7,38.3
08/02/2026,17:02:01,25.7,38.5
08/02/2026,17:07:01,25.7,38.1
08/02/2026,17:12:01,25.7,38.5
08/02/2026,17:17:01,25.7,38.4
08/02/2026,17:22:01,25.7,38.0
08/02/2026,17:27:01,25.7,38.2
08/02/2026,17:32:01,25.7,38.1
08/02/2026,17:37:01,25.7,38.2
08/02/2026,17:42:01,25.7,38.4
08/02/2026,17:47:01,25.7,38.3
08/02/2026,17:52:01,25.7,38.5
08/02/2026,17:57:01,25.7,38.3
08/02/2026,18:02:01,25.7,38.1
08/02/2026,18:07:01,25.7,38.2
08/02/2026,18:12:01,25.7,38.1
08/02/2026,18:17:01,25.7,38.2
08/02/2026,18:22:01,25.7,38.1
08/02/2026,18:27:01,25.7,38.1
08/02/2026,18:32:01,25.6,37.9
08/02/2026,18:37:01,25.6,37.9
08/02/2026,18:42:01,25.6,37.7
08/02/2026,18:47:01,25.6,37.6
08/02/2026,18:52:01,25.6,37.5
08/02/2026,18:57:01,25.6,37.5
08/02/2026,19:02:01,25.5,37.4
08/02/2026,19:07:01,25.5,37.4
08/02/2026,19:12:01,25.5,37.5
08/02/2026,19:17:01,25.5,37.3
08/02/2026,19:22:01,25.5,36.9
08/02/2026,19:27:01,25.4,36.9
08/02/2026,19:32:01,25.4,36.7
08/02/2026,19:37:01,25.4,36.8
08/02/2026,19:42:01,25.4,36.8
08/02/2026,19:47:01,25.3,36.9
08/02/2026,19:52:01,25.3,36.9
08/02/2026,19:57:01,25.3,37.0
08/02/2026,20:02:01,25.2,37.1
08/02/2026,20:07:01,25.2,37.0
08/02/2026,20:12:01,25.1,37.0
08/02/2026,20:17:01,25.1,37.1
08/02/2026,20:22:01,25.1,37.2
08/02/2026,20:27:01,25.0,37.1
08/02/2026,20:32:01,25.0,37.2
08/02/2026,20:37:01,25.0,37.3
08/02/2026,20:42:01,24.9,37.4
08/02/2026,20:47:01,24.9,37.4
08/02/2026,20:52:01,24.8,37.3
08/02/2026,20:57:01,24.8,37.4
08/02/2026,21:02:01,24.8,37.5
08/02/2026,21:07:01,24.7,37.7
08/02/2026,21:12:01,24.6,37.8
08/02/2026,21:17:01,24.6,37.9
08/02/2026,21:22:01,24.6,38.0
08/02/2026,21:27:01,24.5,38.1
08/02/2026,21:32:01,24.5,38.2
08/02/2026,21:37:01,24.5,38.4
08/02/2026,21:42:01,24.4,38.5
08/02/2026,21:47:01,24.4,38.7
08/02/2026,21:52:01,24.4,38.9
08/02/2026,21:57:01,24.3,39.2
08/02/2026,22:02:01,24.3,39.3
08/02/2026,22:07:01,24.2,39.6
08/02/2026,22:12:01,24.2,39.9
08/02/2026,22:17:01,24.1,40.2
08/02/2026,22:22:01,24.1,40.4
08/02/2026,22:27:01,24.0,40.6
08/02/2026,22:32:01,24.0,40.7
08/02/2026,22:37:01,24.0,41.0
08/02/2026,22:42:01,23.9,41.3
08/02/2026,22:47:01,23.9,41.5
08/02/2026,22:52:01,23.9,41.7
08/02/2026,22:57:01,23.8,42.0
08/02/2026,23:02:01,23.8,42.3
08/02/2026,23:07:01,23.7,42.4
08/02/2026,23:12:01,23.7,42.7
08/02/2026,23:17:01,23.6,42.9
08/02/2026,23:22:01,23.6,43.1
08/02/2026,23:27:01,23.5,43.4
08/02/2026,23:32:01,23.5,43.5
08/02/2026,23:37:01,23.5,43.7
08/02/2026,23:42:01,23.4,43.8
08/02/2026,23:47:01,23.4,44.0
08/02/2026,23:52:01,23.4,44.3
08/02/2026,23:57:01,23.3,44.5
08/03/2026,00:02:01,23.3,44.7
08/03/2026,00:07:01,23.2,44.9
08/03/2026,00:12:01,23.2,45.2
08/03/2026,00:17:01,23.1,45.4
08/03/2026,00:22:01,23.1,45.5
08/03/2026,00:27:01,23.1,45.7
08/03/2026,00:32:01,23.1,45.8
08/03/2026,00:37:01,23.1,45.9
08/03/2026,00:42:01,23.0,46.0
08/03/2026,00:47:01,23.0,46.0
08/03/2026,00:52:01,23.0,46.0
08/03/2026,00:57:01,22.9,46.1
08/03/2026,01:02:01,22.9,46.1
08/03/2026,01:07:01,22.9,46.1
08/03/2026,01:12:01,22.9,46.1
08/03/2026,01:17:01,22.9,46.2
08/03/2026,01:22:01,22.9,46.1
08/03/2026,01:27:01,22.8,46.1
08/03/2026,01:32:01,22.8,46.0
08/03/2026,01:37:01,22.8,46.0
08/03/2026,01:42:01,22.7,46.0
08/03/2026,01:47:01,22.7,46.2
08/03/2026,01:52:01,22.7,46.3
08/03/2026,01:57:01,22.7,46.4
08/03/2026,02:02:01,22.6,46.5
08/03/2026,02:07:01,22.6,46.6
08/03/2026,02:12:01,22.6,46.8
08/03/2026,02:17:01,22.6,46.9
08/03/2026,02:22:01,22.6,47.0
08/03/2026,02:27:01,22.5,47.1
08/03/2026,02:32:01,22.5,47.3
08/03/2026,02:37:01,22.5,47.5
08/03/2026,02:42:01,22.4,47.6
08/03/2026,02:47:01,22.4,47.9
08/03/2026,02:52:01,22.4,48.0
08/03/2026,02:57:01,22.4,48.1
08/03/2026,03:02:01,22.4,48.3
08/03/2026,03:07:01,22.3,48.4
08/03/2026,03:12:01,22.3,48.6
08/03/2026,03:17:01,22.3,48.8
08/03/2026,03:22:01,22.3,48.9
08/03/2026,03:27:01,22.3,49.1
08/03/2026,03:32:01,22.2,49.3
08/03/2026,03:37:01,22.2,49.6
08/03/2026,03:42:01,22.2,49.8
08/03/2026,03:47:01,22.2,50.0
08/03/2026,03:52:01,22.2,50.2
08/03/2026,03:57:01,22.2,50.5
08/03/2026,04:02:01,22.1,50.6
08/03/2026,04:07:01,22.1,50.8
08/03/2026,04:12:01,22.1,51.0
08/03/2026,04:17:01,22.1,51.2
08/03/2026,04:22:01,22.1,51.5
08/03/2026,04:27:01,22.1,51.6
08/03/2026,04:32:01,22.0,51.8
08/03/2026,04:37:01,22.0,51.9
08/03/2026,04:42:01,22.0,52.1
08/03/2026,04:47:01,21.9,52.2
08/03/2026,04:52:01,21.9,52.4
08/03/2026,04:57:01,21.9,52.5
08/03/2026,05:02:01,21.9,52.6
08/03/2026,05:07:01,21.9,52.8
08/03/2026,05:12:01,21.9,52.8
08/03/2026,05:17:01,21.8,52.9
08/03/2026,05:22:01,21.8,53.0
08/03/2026,05:27:01,21.8,53.1
08/03/2026,05:32:01,21.7,53.2
08/03/2026,05:37:01,21.8,53.3
08/03/2026,05:42:01,21.7,53.3
08/03/2026,05:47:01,21.7,53.4
08/03/2026,05:52:01,21.7,53.6
08/03/2026,05:57:01,21.7,53.6
08/03/2026,06:02:01,21.7,53.8
08/03/2026,06:07:01,21.6,53.9
08/03/2026,06:12:01,21.6,54.0
08/03/2026,06:17:01,21.6,54.0
08/03/2026,06:22:01,21.6,54.1
08/03/2026,06:27:01,21.6,54.3
08/03/2026,06:32:01,21.6,54.0
08/03/2026,06:37:01,21.6,53.9
08/03/2026,06:42:01,21.7,53.7
08/03/2026,06:47:01,21.7,53.6
08/03/2026,06:52:01,21.8,53.3
08/03/2026,06:57:01,21.8,53.0
08/03/2026,07:02:01,21.9,53.0
08/03/2026,07:07:01,22.0,52.9
08/03/2026,07:12:01,22.0,52.8
08/03/2026,07:17:01,22.1,52.6
08/03/2026,07:22:01,22.2,52.5
08/03/2026,07:27:01,22.2,52.3
08/03/2026,07:32:01,22.2,52.3
08/03/2026,07:37:01,22.3,52.2
08/03/2026,07:42:01,22.4,52.1
08/03/2026,07:47:01,22.4,51.9
08/03/2026,07:52:01,22.5,51.8
08/03/2026,07:57:01,22.6,51.7
08/03/2026,08:02:01,22.6,51.4
08/03/2026,08:07:01,22.7,51.3
08/03/2026,08:12:01,22.8,51.3
08/03/2026,08:17:01,22.9,51.2
08/03/2026,08:22:01,22.9,51.1
08/03/2026,08:27:01,23.1,51.0
08/03/2026,08:32:01,23.2,50.7
08/03/2026,08:37:01,23.3,50.5
08/03/2026,08:42:01,23.3,50.3
08/03/2026,08:47:01,23.3,50.2
08/03/2026,08:52:01,23.3,50.2
08/03/2026,08:57:01,23.3,50.0
08/03/2026,09:02:01,23.4,50.0
08/03/2026,09:07:01,23.4,50.0
08/03/2026,09:12:01,23.4,49.9
08/03/2026,09:17:01,23.5,50.2
08/03/2026,09:22:01,23.5,50.2
08/03/2026,09:27:01,23.5,50.1
08/03/2026,09:32:01,23.6,50.1
08/03/2026,09:37:01,23.5,49.9
08/03/2026,09:42:01,23.6,50.0
08/03/2026,09:47:01,23.6,50.1
08/03/2026,09:52:01,23.7,50.1
08/03/2026,09:57:01,23.7,50.7
08/03/2026,10:02:01,23.7,50.5
08/03/2026,10:07:01,23.8,50.6
08/03/2026,10:12:01,23.8,50.5
08/03/2026,10:17:01,23.9,50.3
08/03/2026,10:22:01,23.9,50.2
08/03/2026,10:27:01,23.9,50.1
08/03/2026,10:32:01,23.9,50.1
08/03/2026,10:37:01,23.9,49.9
08/03/2026,10:42:01,24.0,49.9
08/03/2026,10:47:01,24.6,50.6
08/03/2026,10:52:01,25.1,49.9
08/03/2026,10:57:01,25.5,48.3
08/03/2026,10:50:53,25.1,49.9
08/03/2026,10:55:53,24.8,49.9
08/03/2026,11:00:53,25.0,44.7
08/03/2026,11:05:53,25.1,49.9
08/03/2026,11:10:53,25.2,45.6
08/03/2026,11:15:53,25.5,46.1
08/03/2026,11:20:53,24.9,49.9
08/03/2026,11:25:53,24.9,47.2
08/03/2026,11:30:53,24.7,47.6
08/03/2026,11:35:53,24.6,47.8
08/03/2026,11:40:53,24.5,48.0
08/03/2026,11:45:53,24.4,48.2
08/03/2026,11:50:53,24.4,48.3
08/03/2026,11:55:53,24.4,48.4
08/03/2026,12:00:53,24.3,48.5
08/03/2026,12:05:53,24.3,48.5
08/03/2026,12:10:53,24.3,48.5
08/03/2026,12:15:53,24.3,48.6
08/03/2026,12:20:53,24.3,48.6
08/03/2026,12:25:53,24.3,48.7
08/03/2026,12:30:53,24.4,48.7
08/03/2026,12:35:53,24.3,48.7
08/03/2026,12:40:53,24.4,48.7
08/03/2026,12:45:53,24.4,48.8
08/03/2026,12:50:53,24.4,48.8
08/03/2026,12:55:53,24.4,48.9
08/03/2026,13:00:53,24.4,48.9
08/03/2026,13:05:53,24.4,48.9
08/03/2026,13:10:53,24.4,48.9
08/03/2026,13:15:53,24.5,48.9
08/03/2026,13:20:53,24.5,48.9
08/03/2026,13:25:53,24.5,48.9
08/03/2026,13:30:53,24.5,49.0
08/03/2026,13:35:53,24.5,48.9
08/03/2026,13:40:53,24.5,49.0
08/03/2026,13:45:53,24.5,49.0
08/03/2026,13:50:53,24.5,48.9
08/03/2026,13:55:53,24.6,49.0
08/03/2026,14:00:53,24.6,49.0
08/03/2026,14:05:53,24.6,49.0
08/03/2026,14:10:53,24.6,49.0
08/03/2026,14:15:53,24.7,49.0
08/03/2026,14:20:53,24.7,49.0
08/03/2026,14:25:53,24.7,49.0
08/03/2026,14:30:53,24.8,49.0
08/03/2026,14:35:53,24.8,48.9
08/03/2026,14:40:53,24.8,49.0
08/03/2026,14:45:53,24.8,49.0
08/03/2026,14:50:53,24.9,49.0
08/03/2026,14:55:53,24.9,49.0
08/03/2026,15:00:53,24.9,49.0
08/03/2026,15:05:53,25.0,49.0
08/03/2026,15:10:53,25.0,49.0
08/03/2026,15:15:53,25.0,49.1
08/03/2026,15:20:53,25.0,49.0
08/03/2026,15:25:53,25.1,49.0
08/03/2026,15:30:53,25.1,49.0
08/03/2026,15:35:53,25.1,49.0
08/03/2026,15:40:53,25.2,49.1
08/03/2026,15:45:53,25.2,49.2
08/03/2026,15:50:53,25.2,49.2
08/03/2026,15:55:53,25.3,49.1
08/03/2026,16:00:53,25.3,49.1
08/03/2026,16:05:53,25.4,49.0
08/03/2026,16:10:53,25.4,49.0
08/03/2026,16:15:53,25.4,48.9
08/03/2026,16:20:53,25.4,48.9
08/03/2026,16:25:53,25.4,48.8
08/03/2026,16:30:53,25.5,48.8
08/03/2026,16:35:53,25.5,48.8
08/03/2026,16:40:53,25.5,48.7
08/03/2026,16:45:53,25.5,48.7
08/03/2026,16:50:53,25.6,48.7
08/03/2026,16:55:53,25.6,48.6
08/03/2026,17:00:53,25.6,48.6
08/03/2026,17:05:53,25.6,48.5
08/03/2026,17:10:53,25.6,48.5
08/03/2026,17:15:53,25.7,48.5
08/03/2026,17:20:53,25.7,48.5
08/03/2026,17:25:53,25.7,48.4
08/03/2026,17:30:53,25.7,48.4
08/03/2026,17:35:53,25.8,48.4
08/03/2026,17:40:53,25.8,48.3
08/03/2026,17:45:53,25.8,48.3
08/03/2026,17:50:53,25.8,48.3
08/03/2026,17:55:53,25.8,48.3
08/03/2026,18:00:53,25.8,48.2
08/03/2026,18:05:53,25.8,48.1
08/03/2026,18:10:53,25.8,48.2
08/03/2026,18:15:53,25.8,48.1
08/03/2026,18:20:53,25.8,48.1
08/03/2026,18:25:53,25.8,48.1
08/03/2026,18:30:53,25.9,48.1
08/03/2026,18:35:53,25.9,48.1
08/03/2026,18:40:53,25.9,48.1
08/03/2026,18:45:53,25.9,48.1
08/03/2026,18:50:53,25.9,48.0
08/03/2026,18:55:53,25.9,48.1
08/03/2026,19:00:53,26.0,48.2
08/03/2026,19:05:53,26.0,48.0
08/03/2026,19:10:53,26.0,48.0
08/03/2026,19:15:53,26.0,48.0
08/03/2026,19:20:53,26.0,47.9
08/03/2026,19:25:53,26.0,47.9
08/03/2026,19:30:53,26.0,47.9
08/03/2026,19:35:53,26.0,47.9
08/03/2026,19:40:53,26.0,47.8
08/03/2026,19:45:53,26.0,47.8
08/03/2026,19:50:53,26.0,47.8
08/03/2026,19:55:53,26.0,47.8
08/03/2026,20:00:53,25.9,47.8
08/03/2026,20:05:53,25.9,47.7
08/03/2026,20:10:53,26.0,47.8
08/03/2026,20:15:53,25.9,47.8
08/03/2026,20:20:53,25.9,47.7
08/03/2026,20:25:53,25.9,47.7
08/03/2026,20:30:53,25.9,47.7
08/03/2026,20:35:53,25.9,47.7
08/03/2026,20:40:53,25.9,47.8
08/03/2026,20:45:53,25.9,47.8
08/03/2026,20:50:53,25.9,47.7
08/03/2026,20:55:53,25.9,47.7
08/03/2026,21:00:53,25.8,47.7
08/03/2026,21:05:53,25.8,47.8
08/03/2026,21:10:53,25.8,47.7
08/03/2026,21:15:53,25.8,47.8
08/03/2026,21:20:53,25.8,47.7
08/03/2026,21:25:53,25.8,47.7
08/03/2026,21:30:53,25.8,47.7
08/03/2026,21:35:53,25.7,47.7
08/03/2026,21:40:53,25.7,47.8
08/03/2026,21:45:53,25.7,47.7
08/03/2026,21:50:53,25.7,47.7
08/03/2026,21:55:53,25.7,47.7
08/03/2026,22:00:53,25.7,47.7
08/03/2026,22:05:53,25.7,47.7
08/03/2026,22:10:53,25.7,47.8
08/03/2026,22:15:53,25.6,47.8
08/03/2026,22:20:53,25.6,47.7
08/03/2026,22:25:53,25.6,47.7
08/03/2026,22:30:53,25.6,47.8
08/03/2026,22:35:53,25.6,47.7
08/03/2026,22:40:53,25.6,47.7
08/03/2026,22:45:53,25.6,47.7
08/03/2026,22:50:53,25.6,47.8
08/03/2026,22:55:53,25.6,47.7
08/03/2026,23:00:53,25.5,47.7
08/03/2026,23:05:53,25.5,47.7
08/03/2026,23:10:53,25.5,47.7
08/03/2026,23:15:53,25.5,47.7
08/03/2026,23:20:53,25.5,47.7
08/03/2026,23:25:53,25.5,47.7
08/03/2026,23:30:53,25.5,47.7
08/03/2026,23:35:53,25.5,47.7
08/03/2026,23:40:53,25.4,47.7
08/03/2026,23:45:53,25.4,47.6
08/03/2026,23:50:53,25.4,47.6
08/03/2026,23:55:53,25.4,47.7
08/04/2026,00:00:53,25.4,47.6
08/04/2026,00:05:53,25.4,47.6
08/04/2026,00:10:53,25.4,47.6
08/04/2026,00:15:53,25.4,47.6
08/04/2026,00:20:53,25.3,47.6
08/04/2026,00:25:53,25.3,47.5
08/04/2026,00:30:53,25.3,47.6
08/04/2026,00:35:53,25.3,47.6
08/04/2026,00:40:53,25.3,47.6
08/04/2026,00:45:53,25.3,47.6
08/04/2026,00:50:53,25.3,47.5
08/04/2026,00:55:53,25.3,47.5
08/04/2026,01:00:53,25.2,47.5
08/04/2026,01:05:53,25.2,47.6
08/04/2026,01:10:53,25.2,47.6
08/04/2026,01:15:53,25.2,47.5
08/04/2026,01:20:53,25.2,47.5
08/04/2026,01:25:53,25.2,47.5
08/04/2026,01:30:53,25.2,47.5
08/04/2026,01:35:53,25.2,47.5
08/04/2026,01:40:53,25.2,47.5
08/04/2026,01:45:53,25.1,47.5
08/04/2026,01:50:53,25.1,47.5
08/04/2026,01:55:53,25.1,47.4
08/04/2026,02:00:53,25.1,47.5
08/04/2026,02:05:53,25.1,47.5
08/04/2026,02:10:53,25.1,47.5
08/04/2026,02:15:53,25.1,47.5
08/04/2026,02:20:53,25.1,47.5
08/04/2026,02:25:53,25.1,47.5
08/04/2026,02:30:53,25.1,47.5
08/04/2026,02:35:53,25.0,47.4
08/04/2026,02:40:53,25.0,47.5
08/04/2026,02:45:53,25.0,47.5
08/04/2026,02:50:53,25.0,47.5
08/04/2026,02:55:53,25.0,47.5
08/04/2026,03:00:53,25.0,47.4
08/04/2026,03:05:53,25.0,47.5
08/04/2026,03:10:53,24.9,47.4
08/04/2026,03:15:53,25.0,47.5
08/04/2026,03:20:53,24.9,47.5
08/04/2026,03:25:53,24.9,47.5
08/04/2026,03:30:53,24.9,47.5
08/04/2026,03:35:53,24.9,47.5
08/04/2026,03:40:53,24.9,47.5
08/04/2026,03:45:53,24.9,47.5
08/04/2026,03:50:53,24.8,47.4
08/04/2026,03:55:53,24.8,47.4
08/04/2026,04:00:53,24.8,47.4
08/04/2026,04:05:53,24.8,47.4
08/04/2026,04:10:53,24.8,47.5
08/04/2026,04:15:53,24.8,47.4
08/04/2026,04:20:53,24.8,47.4
08/04/2026,04:25:53,24.7,47.5
08/04/2026,04:30:53,24.7,47.5
08/04/2026,04:35:53,24.7,47.5
08/04/2026,04:40:53,24.7,47.5
08/04/2026,04:45:53,24.7,47.5
08/04/2026,04:50:53,24.7,47.4
08/04/2026,04:55:53,24.7,47.5
08/04/2026,05:00:53,24.6,47.5
08/04/2026,05:05:53,24.7,47.5
08/04/2026,05:10:53,24.6,47.5
08/04/2026,05:15:53,24.6,47.5
08/04/2026,05:20:53,24.6,47.5
08/04/2026,05:25:53,24.6,47.5
08/04/2026,05:30:53,24.6,47.6
08/04/2026,05:35:53,24.6,47.6
08/04/2026,05:40:53,24.6,47.6
08/04/2026,05:45:53,24.6,47.6
08/04/2026,05:50:53,24.6,47.6
08/04/2026,05:55:53,24.6,47.6
08/04/2026,06:00:53,24.5,47.6
08/04/2026,06:05:53,24.5,47.6
08/04/2026,06:10:53,24.5,47.6
08/04/2026,06:15:53,24.5,47.6
08/04/2026,06:20:53,24.5,47.6
08/04/2026,06:25:53,24.5,47.6
08/04/2026,06:30:53,24.5,47.6
08/04/2026,06:35:53,24.5,47.6
08/04/2026,06:40:53,24.5,47.6
08/04/2026,06:45:53,24.5,47.6
08/04/2026,06:50:53,24.5,47.7
08/04/2026,06:55:53,24.5,47.7
08/04/2026,07:00:53,24.5,47.6
08/04/2026,07:05:53,24.5,47.7
08/04/2026,07:10:53,24.5,47.6
08/04/2026,07:15:53,24.5,47.7
08/04/2026,07:20:53,24.5,47.7
08/04/2026,07:25:53,24.5,47.7
08/04/2026,07:30:53,24.5,47.7
08/04/2026,07:35:53,24.5,47.8
08/04/2026,07:40:53,24.5,47.8
08/04/2026,07:45:53,24.5,47.8
08/04/2026,07:50:53,24.5,47.9
08/04/2026,07:55:53,24.6,47.9
08/04/2026,08:00:53,24.6,47.8
08/04/2026,08:05:53,24.6,47.8
08/04/2026,08:10:53,24.6,47.8
08/04/2026,08:15:53,24.6,47.9
08/04/2026,08:20:53,24.7,47.9
08/04/2026,08:25:53,24.7,47.9
08/04/2026,08:30:53,24.8,47.8
08/04/2026,08:35:53,24.8,47.8
08/04/2026,08:40:53,24.8,47.7
08/04/2026,08:45:53,24.8,47.7
08/04/2026,08:50:53,24.8,47.7
08/04/2026,08:55:53,24.8,47.7
08/04/2026,09:00:53,24.8,47.7
08/04/2026,09:05:53,24.8,47.7
08/04/2026,09:10:53,24.9,47.7
08/04/2026,09:15:53,24.8,47.7
08/04/2026,09:20:53,24.8,47.7
08/04/2026,09:25:53,24.9,47.7
08/04/2026,09:30:53,24.9,47.7
08/04/2026,09:35:53,24.9,47.7
08/04/2026,09:40:53,24.9,47.7
08/04/2026,09:45:53,24.9,47.7
08/04/2026,09:50:53,24.9,47.7
08/04/2026,09:55:53,24.9,47.7
08/04/2026,10:00:53,24.9,47.7
08/04/2026,10:05:53,24.9,47.7
08/04/2026,10:10:53,24.9,47.7
08/04/2026,10:15:53,24.9,47.7
08/04/2026,10:20:53,24.9,47.7
08/04/2026,10:25:53,24.9,47.7
08/04/2026,10:30:53,24.9,47.7
08/04/2026,10:35:53,25.0,47.7
08/04/2026,10:40:53,24.9,47.7
08/04/2026,10:45:53,25.0,47.7
08/04/2026,10:50:53,25.0,47.7
08/04/2026,10:55:53,25.0,47.7
08/04/2026,11:00:53,25.0,47.8
08/04/2026,11:05:53,25.0,47.8
08/04/2026,11:10:53,25.0,47.8
08/04/2026,11:15:53,25.0,47.8
08/04/2026,11:20:53,25.0,47.8
08/04/2026,11:25:53,25.0,47.8
08/04/2026,11:30:53,25.0,47.8
08/04/2026,11:35:53,25.1,47.8
08/04/2026,11:40:53,25.1,47.8
08/04/2026,11:45:53,25.0,47.8
08/04/2026,11:50:53,25.1,47.8
08/04/2026,11:55:53,25.1,47.8
08/04/2026,12:00:53,25.1,47.8
08/04/2026,12:05:53,25.1,47.9
08/04/2026,12:10:53,25.1,47.9
08/04/2026,12:15:53,25.1,47.9
08/04/2026,12:20:53,25.1,48.0
08/04/2026,12:25:53,25.2,48.1
08/04/2026,12:30:53,25.2,48.1
08/04/2026,12:35:53,25.2,48.0
08/04/2026,12:40:53,25.2,48.1
08/04/2026,12:45:53,25.2,48.2
08/04/2026,12:50:53,25.2,48.2
08/04/2026,12:55:53,25.3,48.3
08/04/2026,13:00:53,25.3,48.3
08/04/2026,13:05:53,25.3,48.5
08/04/2026,13:10:53,25.3,48.6
08/04/2026,13:15:53,25.4,48.7
08/04/2026,13:20:53,25.4,48.7
08/04/2026,13:25:53,25.4,48.5
08/04/2026,13:30:53,25.4,48.5
08/04/2026,13:35:53,25.4,48.5
08/04/2026,13:40:53,25.4,48.5
08/04/2026,13:45:53,25.5,48.5
08/04/2026,13:50:53,25.5,48.4
08/04/2026,13:55:53,25.5,48.4
08/04/2026,14:00:53,25.5,48.4
08/04/2026,14:05:53,25.5,48.5
08/04/2026,14:10:53,25.5,48.3
08/04/2026,14:15:53,25.5,48.3
08/04/2026,14:20:53,25.6,48.3
08/04/2026,14:25:53,25.6,48.3
08/04/2026,14:30:53,25.6,48.3
08/04/2026,14:35:53,25.6,48.3
08/04/2026,14:40:53,25.6,48.3
08/04/2026,14:45:53,25.6,48.2
08/04/2026,14:50:53,25.6,48.3
08/04/2026,14:55:53,25.6,48.3
08/04/2026,15:00:53,25.6,48.2
08/04/2026,15:05:53,25.6,48.2
08/04/2026,15:10:53,25.7,48.2
08/04/2026,15:15:53,25.7,48.2
08/04/2026,15:20:53,25.7,48.2
08/04/2026,15:25:53,25.7,48.2
08/04/2026,15:30:53,25.7,48.2
08/04/2026,15:35:53,25.7,48.3
08/04/2026,15:40:53,25.7,48.3
08/04/2026,15:45:53,25.7,48.3
08/04/2026,15:50:53,25.7,48.3
08/04/2026,15:55:53,25.7,48.3
08/04/2026,16:00:53,25.8,48.3
08/04/2026,16:05:53,25.8,48.3
08/04/2026,16:10:53,25.8,48.3
08/04/2026,16:15:53,25.8,48.4
08/04/2026,16:20:53,25.8,48.4
08/04/2026,16:25:53,25.8,48.4
08/04/2026,16:30:53,25.8,48.4
08/04/2026,16:35:53,25.9,48.5
08/04/2026,16:40:53,25.9,48.5
08/04/2026,16:45:53,25.9,48.5
08/04/2026,16:50:53,25.9,48.6
08/04/2026,16:55:53,25.9,48.5
08/04/2026,17:00:53,25.9,48.7
08/04/2026,17:05:53,25.9,48.6
08/04/2026,17:10:53,25.9,48.6
08/04/2026,17:15:53,26.0,48.7
08/04/2026,17:20:53,26.0,48.7
08/04/2026,17:25:53,26.0,48.8
08/04/2026,17:30:53,26.0,48.8
08/04/2026,17:35:53,26.0,48.8
08/04/2026,17:40:53,26.0,48.8
08/04/2026,17:45:53,26.0,48.9
08/04/2026,17:50:53,26.1,48.8
08/04/2026,17:55:53,26.1,49.0
08/04/2026,18:00:53,26.1,49.1
08/04/2026,18:05:53,26.1,49.1
08/04/2026,18:10:53,26.1,49.2
08/04/2026,18:15:53,26.1,49.2
08/04/2026,18:20:53,26.2,49.2
08/04/2026,18:25:53,26.2,49.4
08/04/2026,18:30:53,26.2,49.4
08/04/2026,18:35:53,26.2,49.5
08/04/2026,18:40:53,26.2,50.0
08/04/2026,18:45:53,26.3,50.1
08/04/2026,18:50:53,26.3,50.4
08/04/2026,18:55:53,26.3,50.4
08/04/2026,19:00:53,26.4,50.5
08/04/2026,19:05:53,26.4,50.7
08/04/2026,19:10:53,26.4,51.0
08/04/2026,19:15:53,26.4,50.8
08/04/2026,19:20:53,26.5,51.3
08/04/2026,19:25:53,26.5,51.5
08/04/2026,19:30:53,26.5,51.7
08/04/2026,19:35:53,26.5,51.9
08/04/2026,19:40:53,26.5,52.8
08/04/2026,19:45:53,26.5,52.7
08/04/2026,19:50:53,26.6,52.9
08/04/2026,19:55:53,26.6,53.3
08/04/2026,20:00:53,26.6,53.2
08/04/2026,20:05:53,26.6,53.3
08/04/2026,20:10:53,26.6,53.1
08/04/2026,20:15:53,26.7,53.2
08/04/2026,20:20:53,26.6,53.2
08/04/2026,20:25:53,26.6,53.4
08/04/2026,20:30:53,26.6,53.4
08/04/2026,20:35:53,26.7,52.9
08/04/2026,20:40:53,26.6,52.4
08/04/2026,20:45:53,26.6,52.1
08/04/2026,20:50:53,26.6,52.0
08/04/2026,20:55:53,26.6,51.9
08/04/2026,21:00:53,26.6,51.7
08/04/2026,21:05:53,26.6,51.7
08/04/2026,21:10:53,26.6,51.6
08/04/2026,21:15:53,26.5,51.6
08/04/2026,21:20:53,26.5,51.6
08/04/2026,21:25:53,26.5,51.6
08/04/2026,21:30:53,26.5,51.5
08/04/2026,21:35:53,26.5,51.5
08/04/2026,21:40:53,26.5,51.5
08/04/2026,21:45:53,26.5,51.5
08/04/2026,21:50:53,26.4,51.5
08/04/2026,21:55:53,26.4,51.6
08/04/2026,22:00:53,26.4,51.5
08/04/2026,22:05:53,26.4,51.5
08/04/2026,22:10:53,26.4,51.5
08/04/2026,22:15:53,26.4,51.5
08/04/2026,22:20:53,26.3,51.4
08/04/2026,22:25:53,26.3,51.4
08/04/2026,22:30:53,26.3,51.5
08/04/2026,22:35:53,26.3,51.5
08/04/2026,22:40:53,26.3,51.5
08/04/2026,22:45:53,26.2,51.5
08/04/2026,22:50:53,26.2,51.4
08/04/2026,22:55:53,26.2,51.5
08/04/2026,23:00:53,26.2,51.5
08/04/2026,23:05:53,26.2,51.5
08/04/2026,23:10:53,26.2,51.5
08/04/2026,23:15:53,26.2,51.5
08/04/2026,23:20:53,26.1,51.7
08/04/2026,23:25:53,26.1,51.6
08/04/2026,23:30:53,26.1,51.6
08/04/2026,23:35:53,26.1,51.6
08/04/2026,23:40:53,26.1,51.6
08/04/2026,23:45:53,26.1,51.6
08/04/2026,23:50:53,26.0,51.5
08/04/2026,23:55:53,26.0,51.5
08/05/2026,00:00:53,26.0,51.6
08/05/2026,00:05:53,26.0,51.7
08/05/2026,00:10:53,26.0,51.7
08/05/2026,00:15:53,26.0,51.7
08/05/2026,00:20:53,26.0,51.7
08/05/2026,00:25:53,25.9,51.8
08/05/2026,00:30:53,25.9,51.8
08/05/2026,00:35:53,25.9,51.8
08/05/2026,00:40:53,25.9,51.9
08/05/2026,00:45:53,25.9,51.9
08/05/2026,00:50:53,25.9,51.9
08/05/2026,00:55:53,25.8,51.9
08/05/2026,01:00:53,25.9,52.0
08/05/2026,01:05:53,25.8,51.9
08/05/2026,01:10:53,25.8,52.0
08/05/2026,01:15:53,25.8,52.0
08/05/2026,01:20:53,25.8,52.0
08/05/2026,01:25:53,25.8,52.1
08/05/2026,01:30:53,25.8,52.1
08/05/2026,01:35:53,25.8,52.1
08/05/2026,01:40:53,25.7,52.0
08/05/2026,01:45:53,25.7,52.1
08/05/2026,01:50:53,25.7,52.1
08/05/2026,01:55:53,25.7,52.1
08/05/2026,02:00:53,25.7,52.1
08/05/2026,02:05:53,25.7,52.0
08/05/2026,02:10:53,25.7,52.1
08/05/2026,02:15:53,25.6,52.1
08/05/2026,02:20:53,25.6,52.1
08/05/2026,02:25:53,25.6,52.1
08/05/2026,02:30:53,25.6,52.1
08/05/2026,02:35:53,25.6,52.1
08/05/2026,02:40:53,25.5,52.2
08/05/2026,02:45:53,25.5,52.2
08/05/2026,02:50:53,25.5,52.2
08/05/2026,02:55:53,25.5,52.2
08/05/2026,03:00:53,25.5,52.3
08/05/2026,03:05:53,25.5,52.2
08/05/2026,03:10:53,25.5,52.2
08/05/2026,03:15:53,25.5,52.3
08/05/2026,03:20:53,25.4,52.2
08/05/2026,03:25:53,25.4,52.3
08/05/2026,03:30:53,25.4,52.3
08/05/2026,03:35:53,25.4,52.3
08/05/2026,03:40:53,25.4,52.3
08/05/2026,03:45:53,25.4,52.3
08/05/2026,03:50:53,25.4,52.3
08/05/2026,03:55:53,25.4,52.3
08/05/2026,04:00:53,25.3,52.3
08/05/2026,04:05:53,25.3,52.3
08/05/2026,04:10:53,25.3,52.4
08/05/2026,04:15:53,25.3,52.3
08/05/2026,04:20:53,25.3,52.3
08/05/2026,04:25:53,25.3,52.4
08/05/2026,04:30:53,25.3,52.4
08/05/2026,04:35:53,25.3,52.4
08/05/2026,04:40:53,25.2,52.4
08/05/2026,04:45:53,25.2,52.4
08/05/2026,04:50:53,25.2,52.4
08/05/2026,04:55:53,25.2,52.4
08/05/2026,05:00:53,25.2,52.4
08/05/2026,05:05:53,25.2,52.4
08/05/2026,05:10:53,25.2,52.4
08/05/2026,05:15:53,25.2,52.4
08/05/2026,05:20:53,25.2,52.4
08/05/2026,05:25:53,25.1,52.4
08/05/2026,05:30:53,25.1,52.5
08/05/2026,05:35:53,25.1,52.4
08/05/2026,05:40:53,25.1,52.5
08/05/2026,05:45:53,25.1,52.5
08/05/2026,05:50:53,25.1,52.5
08/05/2026,05:55:53,25.0,52.6
08/05/2026,06:00:53,25.0,52.5
08/05/2026,06:05:53,25.0,52.5
08/05/2026,06:10:53,25.0,52.5
08/05/2026,06:15:53,25.0,52.6
08/05/2026,06:20:53,25.0,52.5
08/05/2026,06:25:53,25.0,52.5
08/05/2026,06:30:53,25.0,52.6
08/05/2026,06:35:53,24.9,52.6
08/05/2026,06:40:53,25.0,52.5
08/05/2026,06:45:53,25.0,52.6
08/05/2026,06:50:53,25.0,52.6
08/05/2026,06:55:53,25.0,52.6
08/05/2026,07:00:53,24.9,52.6
08/05/2026,07:05:53,24.9,52.6
08/05/2026,07:10:53,24.9,52.7
08/05/2026,07:15:53,24.9,52.6
08/05/2026,07:20:53,24.9,52.6
08/05/2026,07:25:53,24.9,52.6
08/05/2026,07:30:53,24.9,52.6
08/05/2026,07:35:53,24.9,52.6
08/05/2026,07:40:53,24.9,52.6
08/05/2026,07:45:53,24.9,52.5
08/05/2026,07:50:53,24.9,52.6
08/05/2026,07:55:53,24.9,52.6
08/05/2026,08:00:53,24.9,52.5
08/05/2026,08:05:53,24.9,52.6
08/05/2026,08:10:53,24.9,52.7
08/05/2026,08:15:53,24.9,52.9
08/05/2026,08:20:53,24.9,52.8
08/05/2026,08:25:53,24.9,52.8
08/05/2026,08:30:53,24.9,52.8
08/05/2026,08:35:53,24.9,52.8
08/05/2026,08:40:53,24.9,52.8
08/05/2026,08:45:53,24.9,52.8
08/05/2026,08:50:53,24.9,52.8
08/05/2026,08:55:53,24.9,52.9
08/05/2026,09:00:53,24.9,52.9
08/05/2026,09:05:53,24.9,53.0
08/05/2026,09:10:53,24.9,53.0
08/05/2026,09:15:53,24.9,52.9
08/05/2026,09:20:53,24.9,52.9
08/05/2026,09:25:53,24.9,52.9
08/05/2026,09:30:53,24.9,52.9
08/05/2026,09:35:53,24.9,53.2
08/05/2026,09:40:53,24.9,53.4
08/05/2026,09:45:53,24.9,53.5
08/05/2026,09:50:53,24.9,53.5
08/05/2026,09:55:53,24.8,53.6
08/05/2026,10:00:53,24.9,53.7
08/05/2026,10:05:53,24.8,53.7
08/05/2026,10:10:53,24.8,53.8
08/05/2026,10:15:53,24.8,53.8
08/05/2026,10:20:53,24.8,53.7
08/05/2026,10:25:53,24.8,53.6
08/05/2026,10:30:53,24.8,53.7
08/05/2026,10:35:53,24.8,53.7
08/05/2026,10:40:53,24.8,55.4
08/05/2026,10:45:53,24.8,55.9
08/05/2026,10:50:53,24.6,56.6
08/05/2026,10:55:53,24.6,57.3
08/05/2026,11:00:53,24.5,58.0
08/05/2026,11:05:53,24.4,58.4
08/05/2026,11:10:53,24.3,59.0
08/05/2026,11:15:53,24.3,59.3
08/05/2026,11:20:53,24.3,59.6
08/05/2026,11:25:53,24.3,59.8
08/05/2026,11:30:53,24.3,60.2
08/05/2026,11:35:53,24.3,60.1
08/05/2026,11:40:53,24.4,60.1
08/05/2026,11:45:53,24.4,60.0
08/05/2026,11:50:53,24.4,60.1
08/05/2026,11:55:53,24.5,59.8
08/05/2026,12:00:53,24.5,59.6
08/05/2026,12:05:53,24.5,59.1
08/05/2026,12:10:53,24.5,58.7
08/05/2026,12:15:53,24.5,58.4
08/05/2026,12:20:53,24.6,58.1
08/05/2026,12:25:53,24.6,57.8
08/05/2026,12:30:53,24.6,57.0
08/05/2026,12:35:53,24.6,56.9
08/05/2026,12:40:53,24.6,56.0
08/05/2026,12:45:53,24.6,55.5
08/05/2026,12:50:53,24.7,55.4
08/05/2026,12:55:53,24.7,55.5
08/05/2026,13:00:53,24.7,54.9
08/05/2026,13:05:53,24.7,54.1
08/05/2026,13:10:53,24.7,53.8
08/05/2026,13:15:53,24.7,53.1
08/05/2026,13:20:53,24.7,52.9
08/05/2026,13:25:53,24.8,53.7
08/05/2026,13:30:53,24.8,52.6
08/05/2026,13:35:53,24.8,52.7
08/05/2026,13:40:53,24.8,53.1
08/05/2026,13:45:53,24.8,53.0
08/05/2026,13:50:53,24.8,52.6
08/05/2026,13:55:53,24.8,52.4
08/05/2026,14:00:53,24.9,52.4
08/05/2026,14:05:53,24.9,52.1
08/05/2026,14:10:53,24.9,51.3
08/05/2026,14:15:53,24.9,51.4
08/05/2026,14:20:53,24.9,50.9
08/05/2026,14:25:53,24.9,50.6
08/05/2026,14:30:53,24.9,50.5
08/05/2026,14:35:53,24.9,50.1
08/05/2026,14:40:53,25.0,49.9
08/05/2026,14:45:53,25.0,49.8
08/05/2026,14:50:53,25.0,49.0
08/05/2026,14:55:53,25.0,48.2
08/05/2026,15:00:53,25.0,47.5
08/05/2026,15:05:53,25.0,47.1
08/05/2026,15:10:53,25.0,45.8
08/05/2026,15:15:53,25.1,45.8
08/05/2026,15:20:53,25.1,45.6
08/05/2026,15:25:53,25.1,45.3
08/05/2026,15:30:53,25.2,44.9
08/05/2026,15:35:53,25.2,44.8
08/05/2026,15:40:53,25.2,44.8
08/05/2026,15:45:53,25.2,44.9
08/05/2026,15:50:53,25.2,44.1
08/05/2026,15:55:53,25.2,44.1
08/05/2026,16:00:53,25.2,43.5
08/05/2026,16:05:53,25.2,42.9
08/05/2026,16:10:53,25.2,43.1
08/05/2026,16:15:53,25.2,42.4
08/05/2026,16:20:53,25.2,42.7
08/05/2026,16:25:53,25.2,42.0
08/05/2026,16:30:53,25.2,42.3
08/05/2026,16:35:53,25.3,42.0
08/05/2026,16:40:53,25.3,42.0
08/05/2026,16:45:53,25.3,41.3
08/05/2026,16:50:53,25.3,41.8
08/05/2026,16:55:53,25.3,41.5
08/05/2026,17:00:53,25.3,41.4
08/05/2026,17:05:53,25.3,41.1
08/05/2026,17:10:53,25.3,40.7
08/05/2026,17:15:53,25.4,40.9
08/05/2026,17:20:53,25.4,40.9
08/05/2026,17:25:53,25.4,40.9
08/05/2026,17:30:53,25.4,40.4
08/05/2026,17:35:53,25.4,39.9
08/05/2026,17:40:53,25.4,40.0
08/05/2026,17:45:53,25.4,39.8
08/05/2026,17:50:53,25.4,39.6
08/05/2026,17:55:53,25.4,39.4
08/05/2026,18:00:53,25.4,39.3
08/05/2026,18:05:53,25.4,39.0
08/05/2026,18:10:53,25.4,39.1
08/05/2026,18:15:53,25.3,39.4
08/05/2026,18:20:53,25.4,39.2
08/05/2026,18:25:53,25.4,38.7
08/05/2026,18:30:53,25.4,38.7
08/05/2026,18:35:53,25.3,38.6
08/05/2026,18:40:53,25.3,38.4
08/05/2026,18:45:53,25.3,38.7
08/05/2026,18:50:53,25.3,38.3
08/05/2026,18:55:53,25.3,38.5
08/05/2026,19:00:53,25.4,38.2
08/05/2026,19:05:53,25.4,38.2
08/05/2026,19:10:53,25.3,38.2
08/05/2026,19:15:53,25.3,37.8
08/05/2026,19:20:53,25.3,37.8
08/05/2026,19:25:53,25.3,37.6
08/05/2026,19:30:53,25.2,37.5
08/05/2026,19:35:53,25.2,37.6
08/05/2026,19:40:53,25.2,37.4
08/05/2026,19:45:53,25.2,37.3
08/05/2026,19:50:53,25.2,37.3
08/05/2026,19:55:53,25.1,37.2
08/05/2026,20:00:53,25.1,37.2
08/05/2026,20:05:53,25.1,37.1
08/05/2026,20:10:53,25.0,37.1
08/05/2026,20:15:53,25.0,37.1
08/05/2026,20:20:53,25.0,36.9
08/05/2026,20:25:53,24.9,36.9
08/05/2026,20:30:53,24.9,36.9
08/05/2026,20:35:53,24.8,36.7
08/05/2026,20:40:53,24.8,36.6
08/05/2026,20:45:53,24.7,36.7
08/05/2026,20:50:53,24.6,36.6
08/05/2026,20:55:53,24.6,36.3
08/05/2026,21:00:53,24.6,36.3
08/05/2026,21:05:53,24.5,36.2
08/05/2026,21:10:53,24.5,36.2
08/05/2026,21:15:53,24.4,36.0
08/05/2026,21:20:53,24.3,36.1
08/05/2026,21:25:53,24.3,36.1
08/05/2026,21:30:53,24.2,36.1
08/05/2026,21:35:53,24.2,36.1
08/05/2026,21:40:53,24.1,36.1
08/05/2026,21:45:53,24.0,36.2
08/05/2026,21:50:53,24.0,36.2
08/05/2026,21:55:53,23.9,36.3
08/05/2026,22:00:53,23.8,36.4
08/05/2026,22:05:53,23.8,36.4
08/05/2026,22:10:53,23.7,36.4
08/05/2026,22:15:53,23.7,36.5
08/05/2026,22:20:53,23.6,36.6
08/05/2026,22:25:53,23.6,36.6
08/05/2026,22:30:53,23.5,36.7
08/05/2026,22:35:53,23.5,36.7
08/05/2026,22:40:53,23.4,36.8
08/05/2026,22:45:53,23.3,36.9
08/05/2026,22:50:53,23.3,37.0
08/05/2026,22:55:53,23.2,37.0
08/05/2026,23:00:53,23.1,37.0
08/05/2026,23:05:53,23.1,37.1
08/05/2026,23:10:53,23.0,37.2
08/05/2026,23:15:53,23.0,37.2
08/05/2026,23:20:53,22.9,37.3
08/05/2026,23:25:53,22.9,37.3
08/05/2026,23:30:53,22.7,37.4
08/05/2026,23:35:53,22.7,37.5
08/05/2026,23:40:53,22.6,37.6
08/05/2026,23:45:53,22.5,37.7
08/05/2026,23:50:53,22.4,37.8
08/05/2026,23:55:53,22.3,38.0
08/06/2026,00:00:53,22.2,38.2
08/06/2026,00:05:53,22.1,38.3
08/06/2026,00:10:53,22.1,38.4
08/06/2026,00:15:53,22.0,38.6
08/06/2026,00:20:53,21.9,38.7
08/06/2026,00:25:53,21.8,38.9
08/06/2026,00:30:53,21.8,39.0
08/06/2026,00:35:53,21.7,39.1
08/06/2026,00:40:53,21.6,39.3
08/06/2026,00:45:53,21.5,39.4
08/06/2026,00:50:53,21.5,39.4
08/06/2026,00:55:53,21.5,39.6
08/06/2026,01:00:53,21.4,39.6
08/06/2026,01:05:53,21.4,39.7
08/06/2026,01:10:53,21.3,39.8
08/06/2026,01:15:53,21.3,39.9
08/06/2026,01:20:53,21.2,40.0
08/06/2026,01:25:53,21.1,40.2
08/06/2026,01:30:53,21.1,40.4
08/06/2026,01:35:53,21.0,40.5
08/06/2026,01:40:53,21.0,40.6
08/06/2026,01:45:53,20.9,40.7
08/06/2026,01:50:53,20.9,41.0
08/06/2026,01:55:53,20.8,41.3
08/06/2026,02:00:53,20.8,41.5
08/06/2026,02:05:53,20.7,41.8
08/06/2026,02:10:53,20.7,42.1
08/06/2026,02:15:53,20.7,42.3
08/06/2026,02:20:53,20.6,42.5
08/06/2026,02:25:53,20.6,42.7
08/06/2026,02:30:53,20.6,42.8
08/06/2026,02:35:53,20.5,42.9
08/06/2026,02:40:53,20.4,43.0
08/06/2026,02:45:53,20.4,43.1
08/06/2026,02:50:53,20.3,43.2
08/06/2026,02:55:53,20.2,43.3
08/06/2026,03:00:53,20.2,43.5
08/06/2026,03:05:53,20.1,43.6
08/06/2026,03:10:53,20.0,43.8
08/06/2026,03:15:53,20.0,43.9
08/06/2026,03:20:53,19.9,44.1
08/06/2026,03:25:53,19.9,44.2
08/06/2026,03:30:53,19.8,44.3
08/06/2026,03:35:53,19.8,44.5
08/06/2026,03:40:53,19.8,44.6
08/06/2026,03:45:53,19.7,44.7
08/06/2026,03:50:53,19.7,44.8
08/06/2026,03:55:53,19.7,45.0
08/06/2026,04:00:53,19.6,45.2
08/06/2026,04:05:53,19.6,45.4
08/06/2026,04:10:53,19.6,45.5
08/06/2026,04:15:53,19.6,45.6
08/06/2026,04:20:53,19.6,45.7
08/06/2026,04:25:53,19.6,45.8
08/06/2026,04:30:53,19.6,45.9
08/06/2026,04:35:53,19.6,46.1
08/06/2026,04:40:53,19.6,46.3
08/06/2026,04:45:53,19.5,46.4
08/06/2026,04:50:53,19.5,46.5
08/06/2026,04:55:53,19.5,46.7
08/06/2026,05:00:53,19.5,46.9
08/06/2026,05:05:53,19.4,46.9
08/06/2026,05:10:53,19.4,47.2
08/06/2026,05:15:53,19.4,47.3
08/06/2026,05:20:53,19.3,47.4
08/06/2026,05:25:53,19.3,47.5
08/06/2026,05:30:53,19.3,47.7
08/06/2026,05:35:53,19.2,47.8
08/06/2026,05:40:53,19.2,48.0
08/06/2026,05:45:53,19.1,48.2
08/06/2026,05:50:53,19.1,48.4
08/06/2026,05:55:53,19.1,48.7
08/06/2026,06:00:53,19.0,48.8
08/06/2026,06:05:53,19.0,49.0
08/06/2026,06:10:53,19.0,49.2
08/06/2026,06:15:53,18.9,49.4
08/06/2026,06:20:53,18.9,49.5
08/06/2026,06:25:53,18.9,49.7
08/06/2026,06:30:53,18.9,49.9
08/06/2026,06:35:53,18.9,50.1
08/06/2026,06:40:53,18.9,50.3
08/06/2026,06:45:53,18.9,50.5
08/06/2026,06:50:53,18.9,50.6
08/06/2026,06:55:53,18.9,50.8
08/06/2026,07:00:53,18.9,50.9
08/06/2026,07:05:53,19.0,50.9
08/06/2026,07:10:53,19.0,51.0
08/06/2026,07:15:53,19.1,51.2
08/06/2026,07:20:53,19.1,51.1
08/06/2026,07:25:53,19.2,51.1
08/06/2026,07:30:53,19.3,51.1
08/06/2026,07:35:53,19.3,51.1
08/06/2026,07:40:53,19.4,50.7
08/06/2026,07:45:53,19.5,50.6
08/06/2026,07:50:53,19.6,50.5
08/06/2026,07:55:53,19.7,50.2
08/06/2026,08:00:53,19.8,50.0
08/06/2026,08:05:53,19.9,49.9
08/06/2026,08:10:53,20.0,49.7
08/06/2026,08:15:53,20.1,49.7
08/06/2026,08:20:53,20.3,49.5
08/06/2026,08:25:53,20.4,49.3
08/06/2026,08:30:53,20.6,48.8
08/06/2026,08:35:53,20.7,48.4
08/06/2026,08:40:53,20.7,48.2
08/06/2026,08:45:53,20.8,48.0
08/06/2026,08:50:53,20.8,47.9
08/06/2026,08:55:53,20.8,47.7
08/06/2026,09:00:53,20.9,47.5
08/06/2026,09:05:53,20.9,47.3
08/06/2026,09:10:53,20.9,47.1
08/06/2026,09:15:53,20.9,47.1
08/06/2026,09:20:53,21.0,46.9
08/06/2026,09:25:53,21.0,46.5
08/06/2026,09:30:53,21.0,46.5
08/06/2026,09:35:53,21.1,46.3
08/06/2026,09:40:53,21.1,46.2
08/06/2026,09:45:53,21.1,45.9
08/06/2026,09:50:53,21.1,45.7
08/06/2026,09:55:53,21.2,45.6
08/06/2026,10:00:53,21.2,45.5
08/06/2026,10:05:53,21.3,45.3
08/06/2026,10:10:53,21.3,45.1
08/06/2026,10:15:53,21.3,44.8
08/06/2026,10:20:53,21.3,44.8
08/06/2026,10:25:53,21.4,44.6
08/06/2026,10:30:53,21.4,44.2
08/06/2026,10:35:53,21.3,44.3
08/06/2026,10:40:53,21.4,44.3
08/06/2026,10:45:53,21.4,44.1
08/06/2026,10:50:53,21.4,44.0
08/06/2026,10:55:53,21.4,43.9
08/06/2026,11:00:53,21.5,43.8
08/06/2026,11:05:53,21.5,43.6
08/06/2026,11:10:53,21.5,43.5
08/06/2026,11:15:53,21.5,43.2
08/06/2026,11:20:53,21.5,43.3
08/06/2026,11:25:53,21.5,42.9
08/06/2026,11:30:53,21.5,42.9
08/06/2026,11:35:53,21.6,42.7
08/06/2026,11:40:53,21.6,42.8
08/06/2026,11:45:53,21.6,42.5
08/06/2026,11:50:53,21.6,42.2
08/06/2026,11:55:53,21.6,42.0
08/06/2026,12:00:53,21.6,42.0
08/06/2026,12:05:53,21.6,42.1
08/06/2026,12:10:53,21.7,41.8
08/06/2026,12:15:53,21.7,41.8
08/06/2026,12:20:53,21.7,41.8
08/06/2026,12:25:53,21.7,41.6
08/06/2026,12:30:53,21.7,41.6
08/06/2026,12:35:53,21.7,41.5
08/06/2026,12:40:53,21.7,41.3
08/06/2026,12:45:53,21.8,41.3
08/06/2026,12:50:53,21.8,41.1
08/06/2026,12:55:53,21.8,41.0
08/06/2026,13:00:53,21.8,41.1
08/06/2026,13:05:53,21.8,41.1
08/06/2026,13:10:53,21.9,41.1
08/06/2026,13:15:53,21.9,40.9
08/06/2026,13:20:53,21.9,40.9
08/06/2026,13:25:53,21.9,41.0
08/06/2026,13:30:53,21.9,41.0
08/06/2026,13:35:53,22.0,41.0
08/06/2026,13:40:53,22.0,40.9
08/06/2026,13:45:53,22.0,40.8
08/06/2026,13:50:53,22.0,40.6
08/06/2026,13:55:53,22.0,40.7
08/06/2026,14:00:53,22.1,40.8
08/06/2026,14:05:53,22.1,40.7
08/06/2026,14:10:53,22.1,40.9
08/06/2026,14:15:53,22.1,40.9
08/06/2026,14:20:53,22.1,40.8
08/06/2026,14:25:53,22.1,40.9
08/06/2026,14:30:53,22.2,40.7
08/06/2026,14:35:53,22.2,40.8
08/06/2026,14:40:53,22.2,41.0
08/06/2026,14:45:53,22.2,41.0
08/06/2026,14:50:53,22.2,40.9
08/06/2026,14:55:53,22.2,41.0
08/06/2026,15:00:53,22.2,41.1
08/06/2026,15:05:53,22.2,41.1
08/06/2026,15:10:53,22.3,41.0
08/06/2026,15:15:53,22.3,41.0
08/06/2026,15:20:53,22.3,41.1
08/06/2026,15:25:53,22.3,41.0
08/06/2026,15:30:53,22.3,41.1
08/06/2026,15:35:53,22.3,40.8
08/06/2026,15:40:53,22.3,40.8
08/06/2026,15:45:53,22.3,40.6
08/06/2026,15:50:53,22.4,40.5
08/06/2026,15:55:53,22.4,40.5
08/06/2026,16:00:53,22.4,40.5
08/06/2026,16:05:53,22.4,40.4
08/06/2026,16:10:53,22.4,40.1
08/06/2026,16:15:53,22.4,40.2
08/06/2026,16:20:53,22.4,40.1
08/06/2026,16:25:53,22.5,40.0
08/06/2026,16:30:53,22.5,40.0
08/06/2026,16:35:53,22.5,40.1
08/06/2026,16:40:53,22.5,40.0
08/06/2026,16:45:53,22.5,39.7
08/06/2026,16:50:53,22.5,39.7
08/06/2026,16:55:53,22.5,39.8
08/06/2026,17:00:53,22.5,39.5
08/06/2026,17:05:53,22.6,39.7
08/06/2026,17:10:53,22.5,39.6
08/06/2026,17:15:53,22.6,39.7
08/06/2026,17:20:53,22.6,39.6
08/06/2026,17:25:53,22.6,39.5
08/06/2026,17:30:53,22.6,39.5
08/06/2026,17:35:53,22.6,39.3
08/06/2026,17:40:53,22.6,39.5
08/06/2026,17:45:53,22.6,39.0
08/06/2026,17:50:53,22.6,39.2
08/06/2026,17:55:53,22.6,38.9
08/06/2026,18:00:53,22.6,39.1
08/06/2026,18:05:53,22.6,39.1
08/06/2026,18:10:53,22.6,39.0
08/06/2026,18:15:53,22.6,38.9
08/06/2026,18:20:53,22.7,38.8
08/06/2026,18:25:53,22.6,38.8
08/06/2026,18:30:53,22.7,39.0
08/06/2026,18:35:53,22.7,39.0
08/06/2026,18:40:53,22.7,39.0
08/06/2026,18:45:53,22.6,38.8
08/06/2026,18:50:53,22.7,38.9
08/06/2026,18:55:53,22.6,38.9
08/06/2026,19:00:53,22.6,38.9
08/06/2026,19:05:53,22.6,38.9
08/06/2026,19:10:53,22.6,38.9
08/06/2026,19:15:53,22.6,38.7
08/06/2026,19:20:53,22.6,38.8
08/06/2026,19:25:53,22.6,38.7
08/06/2026,19:30:53,22.6,38.6
08/06/2026,19:35:53,22.6,38.6
08/06/2026,19:40:53,22.5,38.6
08/06/2026,19:45:53,22.5,38.7
08/06/2026,19:50:53,22.5,38.8
08/06/2026,19:55:53,22.5,38.8
08/06/2026,20:00:53,22.5,38.9
08/06/2026,20:05:53,22.5,39.0
08/06/2026,20:10:53,22.4,38.9
08/06/2026,20:15:53,22.4,39.0
08/06/2026,20:20:53,22.4,38.9
08/06/2026,20:25:53,22.4,38.9
08/06/2026,20:30:53,22.3,39.0
08/06/2026,20:35:53,22.3,39.0
08/06/2026,20:40:53,22.3,39.0
08/06/2026,20:45:53,22.3,39.1
08/06/2026,20:50:53,22.2,39.1
08/06/2026,20:55:53,22.2,39.1
08/06/2026,21:00:53,22.2,39.2
08/06/2026,21:05:53,22.2,39.2
08/06/2026,21:10:53,22.1,39.2
08/06/2026,21:15:53,22.1,39.3
08/06/2026,21:20:53,22.1,39.3
08/06/2026,21:25:53,22.1,39.4
08/06/2026,21:30:53,22.0,39.5
08/06/2026,21:35:53,22.0,39.7
08/06/2026,21:40:53,22.0,39.9
08/06/2026,21:45:53,22.0,40.3
08/06/2026,21:50:53,22.0,40.4
08/06/2026,21:55:53,21.9,40.8
08/06/2026,22:00:53,21.9,41.3
08/06/2026,22:05:53,21.9,41.6
08/06/2026,22:10:53,21.8,41.9
08/06/2026,22:15:53,21.8,42.2
08/06/2026,22:20:53,21.8,42.5
08/06/2026,22:25:53,21.7,42.7
08/06/2026,22:30:53,21.7,43.0
08/06/2026,22:35:53,21.7,43.1
08/06/2026,22:40:53,21.7,43.4
08/06/2026,22:45:53,21.6,43.6
08/06/2026,22:50:53,21.5,43.7
08/06/2026,22:55:53,21.5,44.0
08/06/2026,23:00:53,21.4,44.1
08/06/2026,23:05:53,21.4,44.3
08/06/2026,23:10:53,21.4,44.4
08/06/2026,23:15:53,21.3,44.6
08/06/2026,23:20:53,21.3,44.7
08/06/2026,23:25:53,21.2,44.9
08/06/2026,23:30:53,21.2,45.1
08/06/2026,23:35:53,21.1,45.2
08/06/2026,23:40:53,21.1,45.4
08/06/2026,23:45:53,21.0,45.6
08/06/2026,23:50:53,21.0,45.7
08/06/2026,23:55:53,20.9,45.8
08/07/2026,00:00:53,20.9,45.9
08/07/2026,00:05:53,20.8,46.1
08/07/2026,00:10:53,20.8,46.2
08/07/2026,00:15:53,20.8,46.3
08/07/2026,00:20:53,20.8,46.3
08/07/2026,00:25:53,20.7,46.5
08/07/2026,00:30:53,20.7,46.6
08/07/2026,00:35:53,20.7,46.7
08/07/2026,00:40:53,20.6,46.8
08/07/2026,00:45:53,20.6,46.9
08/07/2026,00:50:53,20.6,47.0
08/07/2026,00:55:53,20.5,47.1
08/07/2026,01:00:53,20.5,47.1
08/07/2026,01:05:53,20.5,47.2
08/07/2026,01:10:53,20.5,47.3
08/07/2026,01:15:53,20.5,47.4
08/07/2026,01:20:53,20.4,47.4
08/07/2026,01:25:53,20.4,47.5
08/07/2026,01:30:53,20.4,47.6
08/07/2026,01:35:53,20.4,47.7
08/07/2026,01:40:53,20.4,47.8
08/07/2026,01:45:53,20.3,47.8
08/07/2026,01:50:53,20.3,48.0
08/07/2026,01:55:53,20.2,48.0
08/07/2026,02:00:53,20.2,48.1
08/07/2026,02:05:53,20.2,48.2
08/07/2026,02:10:53,20.1,48.3
08/07/2026,02:15:53,20.1,48.4
08/07/2026,02:20:53,20.1,48.5
08/07/2026,02:25:53,20.0,48.6
08/07/2026,02:30:53,20.0,48.7
08/07/2026,02:35:53,20.0,48.7
08/07/2026,02:40:53,19.9,48.8
08/07/2026,02:45:53,19.9,49.0
08/07/2026,02:50:53,19.9,49.1
08/07/2026,02:55:53,19.8,49.1
08/07/2026,03:00:53,19.8,49.1
08/07/2026,03:05:53,19.7,49.1
08/07/2026,03:10:53,19.6,49.2
08/07/2026,03:15:53,19.6,49.2
08/07/2026,03:20:53,19.5,49.3
08/07/2026,03:25:53,19.5,49.4
08/07/2026,03:30:53,19.4,49.5
08/07/2026,03:35:53,19.3,49.6
08/07/2026,03:40:53,19.3,49.7
08/07/2026,03:45:53,19.2,49.8
08/07/2026,03:50:53,19.2,49.9
08/07/2026,03:55:53,19.1,50.1
08/07/2026,04:00:53,19.0,50.2
08/07/2026,04:05:53,19.0,50.3
08/07/2026,04:10:53,19.0,50.5
08/07/2026,04:15:53,18.9,50.5
08/07/2026,04:20:53,18.9,50.6
08/07/2026,04:25:53,18.8,50.8
08/07/2026,04:30:53,18.8,51.0
08/07/2026,04:35:53,18.7,51.1
08/07/2026,04:40:53,18.7,51.2
08/07/2026,04:45:53,18.6,51.2
08/07/2026,04:50:53,18.6,51.2
08/07/2026,04:55:53,18.5,51.3
08/07/2026,05:00:53,18.5,51.3
08/07/2026,05:05:53,18.4,51.3
08/07/2026,05:10:53,18.4,51.4
08/07/2026,05:15:53,18.3,51.5
08/07/2026,05:20:53,18.3,51.6
08/07/2026,05:25:53,18.2,51.6
08/07/2026,05:30:53,18.2,51.6
08/07/2026,05:35:53,18.1,51.7
08/07/2026,05:40:53,18.1,51.6
08/07/2026,05:45:53,18.1,51.5
08/07/2026,05:50:53,18.1,51.6
08/07/2026,05:55:53,18.0,51.5
08/07/2026,06:00:53,18.0,51.5
08/07/2026,06:05:53,18.0,51.5
08/07/2026,06:10:53,17.9,51.6
08/07/2026,06:15:53,17.9,51.6
08/07/2026,06:20:53,17.9,51.8
08/07/2026,06:25:53,17.8,51.9
08/07/2026,06:30:53,17.9,51.9
08/07/2026,06:35:53,18.0,51.8
08/07/2026,06:40:53,18.1,51.7
08/07/2026,06:45:53,18.1,51.7
08/07/2026,06:50:53,18.2,51.6
08/07/2026,06:55:53,18.3,51.5
08/07/2026,07:00:53,18.4,51.3
08/07/2026,07:05:53,18.5,51.2
08/07/2026,07:10:53,18.6,51.1
08/07/2026,07:15:53,18.7,50.9
08/07/2026,07:20:53,18.8,50.8
08/07/2026,07:25:53,18.9,50.6
08/07/2026,07:30:53,19.0,50.5
08/07/2026,07:35:53,19.0,50.3
08/07/2026,07:40:53,19.2,50.2
08/07/2026,07:45:53,19.3,50.0
08/07/2026,07:50:53,19.4,49.8
08/07/2026,07:55:53,19.5,49.6
08/07/2026,08:00:53,19.6,49.4
08/07/2026,08:05:53,19.7,49.2
08/07/2026,08:10:53,19.8,48.9
08/07/2026,08:15:53,19.9,48.8
08/07/2026,08:20:53,20.1,48.5
08/07/2026,08:25:53,20.1,48.3
08/07/2026,08:30:53,20.2,48.1
08/07/2026,08:35:53,20.3,47.9
08/07/2026,08:40:53,20.3,47.7
08/07/2026,08:45:53,20.4,47.6
08/07/2026,08:50:53,20.5,47.5
08/07/2026,08:55:53,20.5,47.4
08/07/2026,09:00:53,20.6,47.3
08/07/2026,09:05:53,20.6,47.2
08/07/2026,09:10:53,20.7,47.2
08/07/2026,09:15:53,20.7,47.1
08/07/2026,09:20:53,20.7,46.9
08/07/2026,09:25:53,20.8,46.9
08/07/2026,09:30:53,20.8,46.8
08/07/2026,09:35:53,20.9,46.7
08/07/2026,09:40:53,20.9,46.7
08/07/2026,09:45:53,20.9,46.6
08/07/2026,09:50:53,20.9,46.6
08/07/2026,09:55:53,21.0,46.5
08/07/2026,10:00:53,21.0,46.4
08/07/2026,10:05:53,21.1,46.3
08/07/2026,10:10:53,21.1,46.2
08/07/2026,10:15:53,21.1,46.2
08/07/2026,10:20:53,21.1,46.1
08/07/2026,10:25:53,21.2,46.1
08/07/2026,10:30:53,21.2,46.0
08/07/2026,10:35:53,21.2,45.9
08/07/2026,10:40:53,21.3,45.9
08/07/2026,10:45:53,21.3,45.9
08/07/2026,10:50:53,21.3,45.8
08/07/2026,10:55:53,21.3,45.8
08/07/2026,11:00:53,21.3,45.8
08/07/2026,11:05:53,21.4,45.7
08/07/2026,11:10:53,21.4,45.8
08/07/2026,11:15:53,21.4,45.7
08/07/2026,11:20:53,21.4,45.6
08/07/2026,11:25:53,21.5,45.7
08/07/2026,11:30:53,21.5,45.6
08/07/2026,11:35:53,21.5,45.6
08/07/2026,11:40:53,21.5,45.5
08/07/2026,11:45:53,21.5,45.5
08/07/2026,11:50:53,21.6,45.5
08/07/2026,11:55:53,21.6,45.5
08/07/2026,12:00:53,21.6,45.5
08/07/2026,12:05:53,21.6,45.5
08/07/2026,12:10:53,21.6,45.6
08/07/2026,12:15:53,21.6,45.6
08/07/2026,12:20:53,21.7,45.5
08/07/2026,12:25:53,21.7,45.6
08/07/2026,12:30:53,21.7,45.5
08/07/2026,12:35:53,21.8,45.6
08/07/2026,12:40:53,21.8,45.5
08/07/2026,12:45:53,21.8,45.3
08/07/2026,12:50:53,21.9,45.4
08/07/2026,12:55:53,21.9,45.2
08/07/2026,13:00:53,22.0,45.2
08/07/2026,13:05:53,22.0,45.6
08/07/2026,13:10:53,22.1,45.5
08/07/2026,13:15:53,22.1,45.1
08/07/2026,13:20:53,22.1,45.3
08/07/2026,13:25:53,22.2,45.4
08/07/2026,13:30:53,22.2,45.5
08/07/2026,13:35:53,22.3,45.6
08/07/2026,13:40:53,22.3,45.6
08/07/2026,13:45:53,22.3,45.6
08/07/2026,13:50:53,22.3,45.6
08/07/2026,13:55:53,22.4,45.4
08/07/2026,14:00:53,22.4,45.4
08/07/2026,14:05:53,22.5,45.4
08/07/2026,14:10:53,22.5,45.4
08/07/2026,14:15:53,22.5,45.5
08/07/2026,14:20:53,22.6,45.6
08/07/2026,14:25:53,22.6,45.6
08/07/2026,14:30:53,22.6,45.7
08/07/2026,14:35:53,22.7,45.7
08/07/2026,14:40:53,22.7,45.7
08/07/2026,14:45:53,22.7,45.7
08/07/2026,14:50:53,22.8,45.7
08/07/2026,14:55:53,22.8,45.8
08/07/2026,15:00:53,22.9,45.7
08/07/2026,15:05:53,22.9,45.8
08/07/2026,15:10:53,22.9,45.8
08/07/2026,15:15:53,23.0,45.7
08/07/2026,15:20:53,23.0,45.8
08/07/2026,15:25:53,23.0,45.8
08/07/2026,15:30:53,23.1,45.8
08/07/2026,15:35:53,23.1,45.8
08/07/2026,15:40:53,23.1,45.8
08/07/2026,15:45:53,23.2,45.7
08/07/2026,15:50:53,23.2,45.6
08/07/2026,15:55:53,23.2,45.5
08/07/2026,16:00:53,23.3,45.4
08/07/2026,16:05:53,23.3,45.5
08/07/2026,16:10:53,23.4,45.6
08/07/2026,16:15:53,23.4,45.6
08/07/2026,16:20:53,23.4,45.6
08/07/2026,16:25:53,23.4,45.6
08/07/2026,16:30:53,23.5,45.5
08/07/2026,16:35:53,23.5,45.5
08/07/2026,16:40:53,23.5,45.5
08/07/2026,16:45:53,23.5,45.5
08/07/2026,16:50:53,23.5,45.5
08/07/2026,16:55:53,23.6,45.5
08/07/2026,17:00:53,23.6,45.5
08/07/2026,17:05:53,23.6,45.4
08/07/2026,17:10:53,23.6,45.5
08/07/2026,17:15:53,23.7,45.4
08/07/2026,17:20:53,23.7,45.4
08/07/2026,17:25:53,23.7,45.4
08/07/2026,17:30:53,23.7,45.3
08/07/2026,17:35:53,23.7,45.3
08/07/2026,17:40:53,23.8,45.2
08/07/2026,17:45:53,23.8,45.3
08/07/2026,17:50:53,23.8,45.3
08/07/2026,17:55:53,23.9,45.3
08/07/2026,18:00:53,23.9,45.2
08/07/2026,18:05:53,23.9,45.3
08/07/2026,18:10:53,23.9,45.3
08/07/2026,18:15:53,23.9,45.2
08/07/2026,18:20:53,24.0,45.1
08/07/2026,18:25:53,24.0,45.1
08/07/2026,18:30:53,24.0,45.1
08/07/2026,18:35:53,24.0,45.1
08/07/2026,18:40:53,24.0,45.0
08/07/2026,18:45:53,24.0,44.9
08/07/2026,18:50:53,24.1,44.6
08/07/2026,18:55:53,24.1,44.2
08/07/2026,19:00:53,24.1,43.5
08/07/2026,19:05:53,24.1,42.4
08/07/2026,19:10:53,24.1,41.8
08/07/2026,19:15:53,24.1,41.4
08/07/2026,19:20:53,24.2,41.6
08/07/2026,19:25:53,24.2,41.5
08/07/2026,19:30:53,24.2,41.3
08/07/2026,19:35:53,24.2,41.9
08/07/2026,19:40:53,24.2,41.5
08/07/2026,19:45:53,24.2,41.2
08/07/2026,19:50:53,24.2,40.8
08/07/2026,19:55:53,24.2,40.6
08/07/2026,20:00:53,24.2,40.3
08/07/2026,20:05:53,24.2,40.1
08/07/2026,20:10:53,24.2,39.9
08/07/2026,20:15:53,24.2,39.7
08/07/2026,20:20:53,24.2,39.5
08/07/2026,20:25:53,24.2,39.3
08/07/2026,20:30:53,24.2,39.2
08/07/2026,20:35:53,24.2,38.9
08/07/2026,20:40:53,24.2,38.8
08/07/2026,20:45:53,24.1,38.6
08/07/2026,20:50:53,24.1,38.5
08/07/2026,20:55:53,24.1,38.4
08/07/2026,21:00:53,24.0,38.2
08/07/2026,21:05:53,24.0,38.2
08/07/2026,21:10:53,24.0,38.2
08/07/2026,21:15:53,23.9,38.2
08/07/2026,21:20:53,23.9,38.1
08/07/2026,21:25:53,23.8,38.0
08/07/2026,21:30:53,23.7,37.9
08/07/2026,21:35:53,23.7,37.9
08/07/2026,21:40:53,23.7,37.9
08/07/2026,21:45:53,23.6,38.0
08/07/2026,21:50:53,23.6,38.1
08/07/2026,21:55:53,23.5,38.1
08/07/2026,22:00:53,23.5,38.1
08/07/2026,22:05:53,23.5,38.2
08/07/2026,22:10:53,23.4,38.2
08/07/2026,22:15:53,23.3,38.3
08/07/2026,22:20:53,23.3,38.3
08/07/2026,22:25:53,23.2,38.4
08/07/2026,22:30:53,23.2,38.5
08/07/2026,22:35:53,23.2,38.5
08/07/2026,22:40:53,23.1,38.8
08/07/2026,22:45:53,23.1,39.0
08/07/2026,22:50:53,23.1,39.2
08/07/2026,22:55:53,23.0,39.5
08/07/2026,23:00:53,23.0,39.7
08/07/2026,23:05:53,23.0,39.8
08/07/2026,23:10:53,22.9,40.0
08/07/2026,23:15:53,22.9,40.2
08/07/2026,23:20:53,22.8,40.4
08/07/2026,23:25:53,22.8,40.8
08/07/2026,23:30:53,22.7,41.0
08/07/2026,23:35:53,22.7,41.2
08/07/2026,23:40:53,22.7,41.4
08/07/2026,23:45:53,22.6,41.6
08/07/2026,23:50:53,22.6,41.9
08/07/2026,23:55:53,22.6,42.2
08/08/2026,00:00:53,22.6,42.5
08/08/2026,00:05:53,22.6,42.8
08/08/2026,00:10:53,22.6,43.0
08/08/2026,00:15:53,22.6,43.1
08/08/2026,00:20:53,22.6,43.3
08/08/2026,00:25:53,22.6,43.5
08/08/2026,00:30:53,22.6,43.7
08/08/2026,00:35:53,22.5,43.8
08/08/2026,00:40:53,22.5,44.1
08/08/2026,00:45:53,22.5,44.1
08/08/2026,00:50:53,22.5,44.4
08/08/2026,00:55:53,22.5,44.5
08/08/2026,01:00:53,22.5,44.6
08/08/2026,01:05:53,22.4,44.8
08/08/2026,01:10:53,22.5,44.8
08/08/2026,01:15:53,22.4,45.1
08/08/2026,01:20:53,22.4,45.2
08/08/2026,01:25:53,22.4,45.3
08/08/2026,01:30:53,22.4,45.4
08/08/2026,01:35:53,22.3,45.5
08/08/2026,01:40:53,22.3,45.6
08/08/2026,01:45:53,22.3,45.8
08/08/2026,01:50:53,22.3,45.9
08/08/2026,01:55:53,22.3,46.0
08/08/2026,02:00:53,22.3,46.1
08/08/2026,02:05:53,22.2,46.2
08/08/2026,02:10:53,22.2,46.2
08/08/2026,02:15:53,22.2,46.3
08/08/2026,02:20:53,22.1,46.5
08/08/2026,02:25:53,22.1,46.5
08/08/2026,02:30:53,22.1,46.6
08/08/2026,02:35:53,22.1,46.6
08/08/2026,02:40:53,22.1,46.7
08/08/2026,02:45:53,22.1,46.7
08/08/2026,02:50:53,22.0,46.8
08/08/2026,02:55:53,22.0,46.8
08/08/2026,03:00:53,22.0,46.9
08/08/2026,03:05:53,22.0,46.8
08/08/2026,03:10:53,22.0,46.8
08/08/2026,03:15:53,22.0,46.8
08/08/2026,03:20:53,22.0,46.9
08/08/2026,03:25:53,21.9,46.9
08/08/2026,03:30:53,21.9,47.0
08/08/2026,03:35:53,21.9,46.9
08/08/2026,03:40:53,21.9,47.0
08/08/2026,03:45:53,21.9,47.0
08/08/2026,03:50:53,21.9,47.0
08/08/2026,03:55:53,21.8,47.0
08/08/2026,04:00:53,21.8,47.0
08/08/2026,04:05:53,21.8,47.1
08/08/2026,04:10:53,21.8,47.1
08/08/2026,04:15:53,21.8,47.1
08/08/2026,04:20:53,21.8,47.1
08/08/2026,04:25:53,21.7,47.1
08/08/2026,04:30:53,21.7,47.2
08/08/2026,04:35:53,21.7,47.2
08/08/2026,04:40:53,21.7,47.2
08/08/2026,04:45:53,21.7,47.2
08/08/2026,04:50:53,21.6,47.2
08/08/2026,04:55:53,21.6,47.3
08/08/2026,05:00:53,21.6,47.3
08/08/2026,05:05:53,21.6,47.2
08/08/2026,05:10:53,21.6,47.2
08/08/2026,05:15:53,21.5,47.2
08/08/2026,05:20:53,21.5,47.2
08/08/2026,05:25:53,21.5,47.2
08/08/2026,05:30:53,21.5,47.2
08/08/2026,05:35:53,21.5,47.2
08/08/2026,05:40:53,21.5,47.2
08/08/2026,05:45:53,21.4,47.1
08/08/2026,05:50:53,21.4,47.2
08/08/2026,05:55:53,21.4,47.0
08/08/2026,06:00:53,21.4,47.0
08/08/2026,06:05:53,21.4,47.0
08/08/2026,06:10:53,21.4,46.9
08/08/2026,06:15:53,21.4,47.0
08/08/2026,06:20:53,21.5,46.9
08/08/2026,06:25:53,21.5,46.7
08/08/2026,06:30:53,21.6,46.6
08/08/2026,06:35:53,21.6,46.5
08/08/2026,06:40:53,21.7,46.5
08/08/2026,06:45:53,21.7,46.4
08/08/2026,06:50:53,21.8,46.4
08/08/2026,06:55:53,21.8,46.3
08/08/2026,07:00:53,21.8,46.4
08/08/2026,07:05:53,21.8,46.4
08/08/2026,07:10:53,21.9,46.3
08/08/2026,07:15:53,21.9,46.3
08/08/2026,07:20:53,21.9,46.2
08/08/2026,07:25:53,22.0,46.2
08/08/2026,07:30:53,22.0,46.1
08/08/2026,07:35:53,22.0,46.1
08/08/2026,07:40:53,22.1,46.1
08/08/2026,07:45:53,22.1,46.1
08/08/2026,07:50:53,22.2,46.0
08/08/2026,07:55:53,22.2,45.9
08/08/2026,08:00:53,22.3,45.8
08/08/2026,08:05:53,22.4,45.8
08/08/2026,08:10:53,22.5,45.6
08/08/2026,08:15:53,22.6,45.8
08/08/2026,08:20:53,22.9,45.6
08/08/2026,08:25:53,23.2,45.2
08/08/2026,08:30:53,23.5,44.6
08/08/2026,08:35:53,23.6,44.2
08/08/2026,08:40:53,23.6,43.9
08/08/2026,08:45:53,23.6,43.8
08/08/2026,08:50:53,23.5,43.8
08/08/2026,08:55:53,23.5,43.8
08/08/2026,09:00:53,23.5,44.0
08/08/2026,09:05:53,23.4,43.8
08/08/2026,09:10:53,23.4,43.8
08/08/2026,09:15:53,23.3,43.9
08/08/2026,09:20:53,23.3,43.9
08/08/2026,09:25:53,23.3,43.9
08/08/2026,09:30:53,23.3,43.9
08/08/2026,09:35:53,23.3,44.1
08/08/2026,09:40:53,23.3,44.1
08/08/2026,09:45:53,23.3,44.1
08/08/2026,09:50:53,23.3,44.2
08/08/2026,09:55:53,23.3,44.1
08/08/2026,10:00:53,23.3,44.2
08/08/2026,10:05:53,23.3,44.2
08/08/2026,10:10:53,23.4,44.1
08/08/2026,10:15:53,23.4,44.2
08/08/2026,10:20:53,23.4,44.1
08/08/2026,10:25:53,23.4,44.2
08/08/2026,10:30:53,23.5,44.2
08/08/2026,10:35:53,23.5,44.3
08/08/2026,10:40:53,23.5,44.3
08/08/2026,10:45:53,23.5,44.2
08/08/2026,10:50:53,23.5,44.2
08/08/2026,10:55:53,23.5,44.2
08/08/2026,11:00:53,23.5,44.3
08/08/2026,11:05:53,23.5,44.3
08/08/2026,11:10:53,23.5,44.3
08/08/2026,11:15:53,23.5,44.2
08/08/2026,11:20:53,23.5,44.2
08/08/2026,11:25:53,23.5,44.1
08/08/2026,11:30:53,23.5,44.1
08/08/2026,11:35:53,23.5,44.0
08/08/2026,11:40:53,23.5,43.9
08/08/2026,11:45:53,23.5,43.9
08/08/2026,11:50:53,23.5,44.0
08/08/2026,11:55:53,23.5,43.9
08/08/2026,12:00:53,23.5,43.8
08/08/2026,12:05:53,23.5,43.5
08/08/2026,12:10:53,23.6,43.5
08/08/2026,12:15:53,23.7,43.6
08/08/2026,12:20:53,23.7,43.7
08/08/2026,12:25:53,23.8,43.7
08/08/2026,12:30:53,23.9,44.0
08/08/2026,12:35:53,24.0,44.0
08/08/2026,12:40:53,24.1,43.9
08/08/2026,12:45:53,24.2,44.0
08/08/2026,12:50:53,24.2,44.4
08/08/2026,12:55:53,24.3,44.5
08/08/2026,13:00:53,24.4,44.4
08/08/2026,13:05:53,24.5,44.2
08/08/2026,13:10:53,24.5,44.6
08/08/2026,13:15:53,24.6,44.5
08/08/2026,13:20:53,24.6,44.3
08/08/2026,13:25:53,24.6,44.2
08/08/2026,13:30:53,24.6,44.3
08/08/2026,13:35:53,24.6,44.2
08/08/2026,13:40:53,24.6,44.2
08/08/2026,13:45:53,24.6,44.0
08/08/2026,13:50:53,24.6,43.8
08/08/2026,13:55:53,24.6,43.8
08/08/2026,14:00:53,24.6,43.6
08/08/2026,14:05:53,24.6,43.5
08/08/2026,14:10:53,24.6,43.3
08/08/2026,14:15:53,24.6,43.3
08/08/2026,14:20:53,24.6,43.2
08/08/2026,14:25:53,24.7,43.3
08/08/2026,14:30:53,24.6,43.3
08/08/2026,14:35:53,24.6,43.5
08/08/2026,14:40:53,24.7,43.2
08/08/2026,14:45:53,24.7,43.4
08/08/2026,14:50:53,24.7,43.5
08/08/2026,14:55:53,24.7,43.5
08/08/2026,15:00:53,24.7,43.7
08/08/2026,15:05:53,24.8,43.7
08/08/2026,15:10:53,24.8,43.5
08/08/2026,15:15:53,24.8,43.7
08/08/2026,15:20:53,24.8,43.7
08/08/2026,15:25:53,24.9,43.5
08/08/2026,15:30:53,24.9,43.4
08/08/2026,15:35:53,24.9,43.2
08/08/2026,15:40:53,24.9,43.0
08/08/2026,15:45:53,24.9,42.9
08/08/2026,15:50:53,24.9,42.8
08/08/2026,15:55:53,25.0,42.7
08/08/2026,16:00:53,24.9,42.7
08/08/2026,16:05:53,25.0,42.6
08/08/2026,16:10:53,25.0,42.6
08/08/2026,16:15:53,25.0,42.6
08/08/2026,16:20:53,25.0,42.7
08/08/2026,16:25:53,25.0,42.7
08/08/2026,16:30:53,25.0,42.8
08/08/2026,16:35:53,25.0,42.7
08/08/2026,16:40:53,25.0,42.8
08/08/2026,16:45:53,25.1,42.7
08/08/2026,16:50:53,25.1,42.9
08/08/2026,16:55:53,25.1,42.7
08/08/2026,17:00:53,25.1,42.7
08/08/2026,17:05:53,25.1,42.6
08/08/2026,17:10:53,25.1,42.6
08/08/2026,17:15:53,25.1,42.2
08/08/2026,17:20:53,25.1,42.4
08/08/2026,17:25:53,25.1,42.2
08/08/2026,17:30:53,25.1,41.8
08/08/2026,17:35:53,25.1,41.9
08/08/2026,17:40:53,25.1,41.7
08/08/2026,17:45:53,25.2,41.7
08/08/2026,17:50:53,25.2,41.7
08/08/2026,17:55:53,25.3,41.5
08/08/2026,18:00:53,25.3,41.3
08/08/2026,18:05:53,25.4,41.0
08/08/2026,18:10:53,25.4,41.4
08/08/2026,18:15:53,25.5,41.1
08/08/2026,18:20:53,25.6,41.2
08/08/2026,18:25:53,25.6,40.8
08/08/2026,18:30:53,25.7,40.4
08/08/2026,18:35:53,25.7,41.0
08/08/2026,18:40:53,25.8,41.1
08/08/2026,18:45:53,25.9,40.6
08/08/2026,18:50:53,25.9,40.7
08/08/2026,18:55:53,26.0,40.0
08/08/2026,19:00:53,26.0,39.9
08/08/2026,19:05:53,26.0,39.7
08/08/2026,19:10:53,26.0,39.6
08/08/2026,19:15:53,26.0,39.5
08/08/2026,19:20:53,26.0,39.8
08/08/2026,19:25:53,26.0,39.6
08/08/2026,19:30:53,25.9,39.6
08/08/2026,19:35:53,25.9,39.7
08/08/2026,19:40:53,25.9,39.8
08/08/2026,19:45:53,25.8,40.0
08/08/2026,19:50:53,25.7,40.2
08/08/2026,19:55:53,25.7,40.2
08/08/2026,20:00:53,25.7,40.3
08/08/2026,20:05:53,25.7,40.7
08/08/2026,20:10:53,25.7,40.5
08/08/2026,20:15:53,25.6,40.5
08/08/2026,20:20:53,25.6,40.7
08/08/2026,20:25:53,25.5,41.0
08/08/2026,20:30:53,25.5,41.1
08/08/2026,20:35:53,25.4,41.2
08/08/2026,20:40:53,25.4,41.3
08/08/2026,20:45:53,25.3,41.5
08/08/2026,20:50:53,25.3,41.6
08/08/2026,20:55:53,25.3,41.6
08/08/2026,21:00:53,25.3,41.6
08/08/2026,21:05:53,25.3,41.7
08/08/2026,21:10:53,25.3,41.8
08/08/2026,21:15:53,25.3,41.8
08/08/2026,21:20:53,25.3,41.9
08/08/2026,21:25:53,25.3,41.9
08/08/2026,21:30:53,25.3,42.0
08/08/2026,21:35:53,25.2,42.0
08/08/2026,21:40:53,25.2,42.0
08/08/2026,21:45:53,25.2,42.1
08/08/2026,21:50:53,25.2,42.1
08/08/2026,21:55:53,25.2,42.1
08/08/2026,22:00:53,25.2,42.2
08/08/2026,22:05:53,25.2,42.2
08/08/2026,22:10:53,25.1,42.3
08/08/2026,22:15:53,25.2,42.3
08/08/2026,22:20:53,25.2,42.4
08/08/2026,22:25:53,25.1,42.4
08/08/2026,22:30:53,25.1,42.4
08/08/2026,22:35:53,25.1,42.4
08/08/2026,22:40:53,25.1,42.4
08/08/2026,22:45:53,25.1,42.5
08/08/2026,22:50:53,25.1,42.5
08/08/2026,22:55:53,25.1,42.5
08/08/2026,23:00:53,25.1,42.6
08/08/2026,23:05:53,25.0,42.6
08/08/2026,23:10:53,25.0,42.6
08/08/2026,23:15:53,25.0,42.7
08/08/2026,23:20:53,25.0,42.7
08/08/2026,23:25:53,25.0,42.7
08/08/2026,23:30:53,25.0,42.8
08/08/2026,23:35:53,24.9,42.7
08/08/2026,23:40:53,24.9,42.8
08/08/2026,23:45:53,24.9,42.8
08/08/2026,23:50:53,24.9,42.9
08/08/2026,23:55:53,24.9,42.9
08/09/2026,00:00:53,24.9,42.9
08/09/2026,00:05:53,24.9,43.0
08/09/2026,00:10:53,24.9,43.0
08/09/2026,00:15:53,24.9,43.0
08/09/2026,00:20:53,24.8,43.0
08/09/2026,00:25:53,24.8,43.0
08/09/2026,00:30:53,24.8,43.1
08/09/2026,00:35:53,24.8,43.2
08/09/2026,00:40:53,24.8,43.1
08/09/2026,00:45:53,24.8,43.2
08/09/2026,00:50:53,24.8,43.2
08/09/2026,00:55:53,24.7,43.2
08/09/2026,01:00:53,24.7,43.3
08/09/2026,01:05:53,24.7,43.3
08/09/2026,01:10:53,24.7,43.3
08/09/2026,01:15:53,24.7,43.3
08/09/2026,01:20:53,24.7,43.3
08/09/2026,01:25:53,24.7,43.3
08/09/2026,01:30:53,24.7,43.3
08/09/2026,01:35:53,24.6,43.3
08/09/2026,01:40:53,24.6,43.4
08/09/2026,01:45:53,24.6,43.4
08/09/2026,01:50:53,24.6,43.4
08/09/2026,01:55:53,24.6,43.4
08/09/2026,02:00:53,24.6,43.4
08/09/2026,02:05:53,24.6,43.4
08/09/2026,02:10:53,24.5,43.4
08/09/2026,02:15:53,24.5,43.4
08/09/2026,02:20:53,24.5,43.4
08/09/2026,02:25:53,24.5,43.5
08/09/2026,02:30:53,24.5,43.5
08/09/2026,02:35:53,24.5,43.5
08/09/2026,02:40:53,24.5,43.5
08/09/2026,02:45:53,24.5,43.5
08/09/2026,02:50:53,24.5,43.5
08/09/2026,02:55:53,24.5,43.5
08/09/2026,03:00:53,24.4,43.5
08/09/2026,03:05:53,24.4,43.5
08/09/2026,03:10:53,24.4,43.5
08/09/2026,03:15:53,24.4,43.5
08/09/2026,03:20:53,24.4,43.4
08/09/2026,03:25:53,24.4,43.5
08/09/2026,03:30:53,24.3,43.4
08/09/2026,03:35:53,24.3,43.5
08/09/2026,03:40:53,24.3,43.5
08/09/2026,03:45:53,24.3,43.5
08/09/2026,03:50:53,24.3,43.5
08/09/2026,03:55:53,24.3,43.5
08/09/2026,04:00:53,24.3,43.5
08/09/2026,04:05:53,24.2,43.5
08/09/2026,04:10:53,24.3,43.5
08/09/2026,04:15:53,24.2,43.5
08/09/2026,04:20:53,24.2,43.5
08/09/2026,04:25:53,24.2,43.5
08/09/2026,04:30:53,24.2,43.5
08/09/2026,04:35:53,24.2,43.5
08/09/2026,04:40:53,24.2,43.5
08/09/2026,04:45:53,24.1,43.5
08/09/2026,04:50:53,24.1,43.5
08/09/2026,04:55:53,24.1,43.5
08/09/2026,05:00:53,24.1,43.5
08/09/2026,05:05:53,24.1,43.6
08/09/2026,05:10:53,24.1,43.5
08/09/2026,05:15:53,24.1,43.5
08/09/2026,05:20:53,24.0,43.4
08/09/2026,05:25:53,24.0,43.4
08/09/2026,05:30:53,24.0,43.4
08/09/2026,05:35:53,24.0,43.4
08/09/2026,05:40:53,24.0,43.4
08/09/2026,05:45:53,24.0,43.4
08/09/2026,05:50:53,24.0,43.4
08/09/2026,05:55:53,24.0,43.3
08/09/2026,06:00:53,23.9,43.3
08/09/2026,06:05:53,23.9,43.4
08/09/2026,06:10:53,23.9,43.4
08/09/2026,06:15:53,23.9,43.3
08/09/2026,06:20:53,23.9,43.4
08/09/2026,06:25:53,23.9,43.4
08/09/2026,06:30:53,23.9,43.4
08/09/2026,06:35:53,23.9,43.5
08/09/2026,06:40:53,23.8,43.5
08/09/2026,06:45:53,23.8,43.5
08/09/2026,06:50:53,23.8,43.5
08/09/2026,06:55:53,23.8,43.5
08/09/2026,07:00:53,23.8,43.5
08/09/2026,07:05:53,23.8,43.5
08/09/2026,07:10:53,23.8,43.6
08/09/2026,07:15:53,23.8,43.6
08/09/2026,07:20:53,23.8,43.6
08/09/2026,07:25:53,23.8,43.5
08/09/2026,07:30:53,23.8,43.5
08/09/2026,07:35:53,23.8,43.6
08/09/2026,07:40:53,23.8,43.6
08/09/2026,07:45:53,23.8,43.7
08/09/2026,07:50:53,23.8,43.7
08/09/2026,07:55:53,23.8,43.8
08/09/2026,08:00:53,23.8,43.9
08/09/2026,08:05:53,23.9,44.1
08/09/2026,08:10:53,23.9,44.0
08/09/2026,08:15:53,23.9,43.9
08/09/2026,08:20:53,24.1,44.2
08/09/2026,08:25:53,24.2,43.9
08/09/2026,08:30:53,24.2,44.0
08/09/2026,08:35:53,24.3,44.1
08/09/2026,08:40:53,24.3,43.7
08/09/2026,08:45:53,24.3,43.7
08/09/2026,08:50:53,24.4,43.9
08/09/2026,08:55:53,24.4,43.7
08/09/2026,09:00:53,24.5,44.2
08/09/2026,09:05:53,24.5,44.2
08/09/2026,09:10:53,24.5,43.9
08/09/2026,09:15:53,24.5,43.3
08/09/2026,09:20:53,24.5,43.6
08/09/2026,09:25:53,24.6,43.3
08/09/2026,09:30:53,24.6,43.3
08/09/2026,09:35:53,24.7,43.1
08/09/2026,09:40:53,24.7,43.4
08/09/2026,09:45:53,24.8,43.2
08/09/2026,09:50:53,24.9,43.2
08/09/2026,09:55:53,24.9,43.2
08/09/2026,10:00:53,25.0,43.6
08/09/2026,10:05:53,25.1,43.2
08/09/2026,10:10:53,25.2,42.8
08/09/2026,10:15:53,25.2,42.5
08/09/2026,10:20:53,25.3,42.4
08/09/2026,10:25:53,25.4,42.2
08/09/2026,10:30:53,25.5,42.9
08/09/2026,10:35:53,25.5,43.6
08/09/2026,10:40:53,25.6,42.8
08/09/2026,10:45:53,25.7,42.0
08/09/2026,10:50:53,25.7,42.8
08/09/2026,10:55:53,25.8,41.1
08/09/2026,11:00:53,25.8,40.2
08/09/2026,11:05:53,25.7,40.1
08/09/2026,11:10:53,25.8,39.8
08/09/2026,11:15:53,25.8,40.1
08/09/2026,11:20:53,25.9,40.3
08/09/2026,11:25:53,25.9,39.5
08/09/2026,11:30:53,26.0,39.3
08/09/2026,11:35:53,26.1,39.3
08/09/2026,11:40:53,26.2,39.5
08/09/2026,11:45:53,26.3,38.7
08/09/2026,11:50:53,26.3,38.5
08/09/2026,11:55:53,26.4,39.3
08/09/2026,12:00:53,26.5,38.9
08/09/2026,12:05:53,26.5,39.3
08/09/2026,12:10:53,26.6,38.9
08/09/2026,12:15:53,26.6,38.8
08/09/2026,12:20:53,26.7,39.8
08/09/2026,12:25:53,26.8,39.6
08/09/2026,12:30:53,26.8,39.9
08/09/2026,12:35:53,26.9,40.2
08/09/2026,12:40:53,27.0,39.1
08/09/2026,12:45:53,27.0,38.8
08/09/2026,12:50:53,27.1,39.2
08/09/2026,12:55:53,27.0,38.8
08/09/2026,13:00:53,27.0,38.6
08/09/2026,13:05:53,27.0,38.8
08/09/2026,13:10:53,27.0,38.7
08/09/2026,13:15:53,27.0,38.5
08/09/2026,13:20:53,26.9,38.1
08/09/2026,13:25:53,26.9,38.4
08/09/2026,13:30:53,26.9,38.1
08/09/2026,13:35:53,26.9,38.0
08/09/2026,13:40:53,26.8,38.2
08/09/2026,13:45:53,26.8,37.9
08/09/2026,13:50:53,26.8,37.8
08/09/2026,13:55:53,26.8,37.6
08/09/2026,14:00:53,26.8,37.8
08/09/2026,14:05:53,26.8,37.8
08/09/2026,14:10:53,26.8,37.9
08/09/2026,14:15:53,26.8,37.8
08/09/2026,14:20:53,26.8,37.9
08/09/2026,14:25:53,26.8,37.9
08/09/2026,14:30:53,26.8,37.7
08/09/2026,14:35:53,26.8,37.5
08/09/2026,14:40:53,26.8,37.3
08/09/2026,14:45:53,26.8,37.4
08/09/2026,14:50:53,26.8,37.2
08/09/2026,14:55:53,26.9,36.9
08/09/2026,15:00:53,26.8,37.0
08/09/2026,15:05:53,26.8,36.9
08/09/2026,15:10:53,26.8,36.6
08/09/2026,15:15:53,26.9,36.5
08/09/2026,15:20:53,26.9,36.7
08/09/2026,15:25:53,26.9,36.9
08/09/2026,15:30:53,26.9,36.9
08/09/2026,15:35:53,26.9,36.9
08/09/2026,15:40:53,26.9,37.2
08/09/2026,15:45:53,26.9,37.2
08/09/2026,15:50:53,26.9,37.2
08/09/2026,15:55:53,26.9,37.3
08/09/2026,16:00:53,26.9,37.1
08/09/2026,16:05:53,26.9,36.9
08/09/2026,16:10:53,26.9,37.0
08/09/2026,16:15:53,26.9,37.1
08/09/2026,16:20:53,26.9,37.0
08/09/2026,16:25:53,26.9,37.0
08/09/2026,16:30:53,26.9,37.0
08/09/2026,16:35:53,26.9,37.0
08/09/2026,16:40:53,26.9,37.1
08/09/2026,16:45:53,26.9,37.2
08/09/2026,16:50:53,26.8,37.2
08/09/2026,16:55:53,26.8,37.3
08/09/2026,17:00:53,26.8,37.3
08/09/2026,17:05:53,26.8,37.4
08/09/2026,17:10:53,26.8,37.5
08/09/2026,17:15:53,26.9,37.5
08/09/2026,17:20:53,26.8,37.7
08/09/2026,17:25:53,26.8,37.7
08/09/2026,17:30:53,26.8,37.7
08/09/2026,17:35:53,26.9,37.8
08/09/2026,17:40:53,26.8,37.9
08/09/2026,17:45:53,26.9,37.9
08/09/2026,17:50:53,26.8,38.1
08/09/2026,17:55:53,26.9,38.1
08/09/2026,18:00:53,26.9,38.1
08/09/2026,18:05:53,26.9,38.2
08/09/2026,18:10:53,26.9,38.2
08/09/2026,18:15:53,26.9,38.3
08/09/2026,18:20:53,26.9,38.3
08/09/2026,18:25:53,26.9,38.3
08/09/2026,18:30:53,26.9,38.4
08/09/2026,18:35:53,26.9,38.4
08/09/2026,18:40:53,26.9,38.5
08/09/2026,18:45:53,26.9,38.5
08/09/2026,18:50:53,26.9,38.6
08/09/2026,18:55:53,26.9,38.6
08/09/2026,19:00:53,26.9,38.6
08/09/2026,19:05:53,26.9,38.7
08/09/2026,19:10:53,26.9,38.7
08/09/2026,19:15:53,26.9,38.8
08/09/2026,19:20:53,26.9,38.8
08/09/2026,19:25:53,26.9,38.8
08/09/2026,19:30:53,26.9,38.9
08/09/2026,19:35:53,26.9,38.9
08/09/2026,19:40:53,26.9,38.9
08/09/2026,19:45:53,26.8,39.0
08/09/2026,19:50:53,26.9,39.0
08/09/2026,19:55:53,26.8,39.1
08/09/2026,20:00:53,26.8,39.1
08/09/2026,20:05:53,26.8,39.1
08/09/2026,20:10:53,26.8,39.2
08/09/2026,20:15:53,26.8,39.2
08/09/2026,20:20:53,26.8,39.2
08/09/2026,20:25:53,26.7,39.3
08/09/2026,20:30:53,26.7,39.3
08/09/2026,20:35:53,26.7,39.4
08/09/2026,20:40:53,26.7,39.4
08/09/2026,20:45:53,26.7,39.5
08/09/2026,20:50:53,26.7,39.5
08/09/2026,20:55:53,26.7,39.5
08/09/2026,21:00:53,26.7,39.5
08/09/2026,21:05:53,26.6,39.6
08/09/2026,21:10:53,26.6,39.6
08/09/2026,21:15:53,26.6,39.6
08/09/2026,21:20:53,26.6,39.7
08/09/2026,21:25:53,26.6,39.7
08/09/2026,21:30:53,26.6,39.7
08/09/2026,21:35:53,26.5,39.8
08/09/2026,21:40:53,26.5,39.8
08/09/2026,21:45:53,26.5,39.9
08/09/2026,21:50:53,26.5,39.9
08/09/2026,21:55:53,26.5,39.9
08/09/2026,22:00:53,26.5,40.0
08/09/2026,22:05:53,26.5,40.0
08/09/2026,22:10:53,26.5,40.0
08/09/2026,22:15:53,26.4,40.0
08/09/2026,22:20:53,26.4,40.1
08/09/2026,22:25:53,26.4,40.1
08/09/2026,22:30:53,26.4,40.2
08/09/2026,22:35:53,26.4,40.2
08/09/2026,22:40:53,26.3,40.2
08/09/2026,22:45:53,26.3,40.3
08/09/2026,22:50:53,26.3,40.3
08/09/2026,22:55:53,26.3,40.4
08/09/2026,23:00:53,26.3,40.3
08/09/2026,23:05:53,26.3,40.4
08/09/2026,23:10:53,26.3,40.4
08/09/2026,23:15:53,26.3,40.4
08/09/2026,23:20:53,26.2,40.5
08/09/2026,23:25:53,26.2,40.5
08/09/2026,23:30:53,26.2,40.5
08/09/2026,23:35:53,26.2,40.5
08/09/2026,23:40:53,26.2,40.6
08/09/2026,23:45:53,26.2,40.6
08/09/2026,23:50:53,26.1,40.6
08/09/2026,23:55:53,26.1,40.7
08/10/2026,00:00:53,26.1,40.7
08/10/2026,00:05:53,26.1,40.7
08/10/2026,00:10:53,26.1,40.8
08/10/2026,00:15:53,26.1,40.8
08/10/2026,00:20:53,26.1,40.8
08/10/2026,00:25:53,26.0,40.9
08/10/2026,00:30:53,26.0,40.9
08/10/2026,00:35:53,26.0,40.9
08/10/2026,00:40:53,26.0,41.0
08/10/2026,00:45:53,26.0,41.0
08/10/2026,00:50:53,26.0,41.0
08/10/2026,00:55:53,26.0,41.1
08/10/2026,01:00:53,26.0,41.1
08/10/2026,01:05:53,25.9,41.1
08/10/2026,01:10:53,25.9,41.1
08/10/2026,01:15:53,25.9,41.2
08/10/2026,01:20:53,25.9,41.2
08/10/2026,01:25:53,25.9,41.2
08/10/2026,01:30:53,25.9,41.3
08/10/2026,01:35:53,25.9,41.3
08/10/2026,01:40:53,25.9,41.3
08/10/2026,01:45:53,25.9,41.3
08/10/2026,01:50:53,25.9,41.3
08/10/2026,01:55:53,25.8,41.4
08/10/2026,02:00:53,25.8,41.4
08/10/2026,02:05:53,25.8,41.4
08/10/2026,02:10:53,25.8,41.4
08/10/2026,02:15:53,25.8,41.4
08/10/2026,02:20:53,25.8,41.5
08/10/2026,02:25:53,25.8,41.4
08/10/2026,02:30:53,25.7,41.4
08/10/2026,02:35:53,25.7,41.5
08/10/2026,02:40:53,25.7,41.5
08/10/2026,02:45:53,25.7,41.5
08/10/2026,02:50:53,25.7,41.6
08/10/2026,02:55:53,25.7,41.6
08/10/2026,03:00:53,25.7,41.7
08/10/2026,03:05:53,25.7,41.6
08/10/2026,03:10:53,25.6,41.7
08/10/2026,03:15:53,25.6,41.7
08/10/2026,03:20:53,25.6,41.7
08/10/2026,03:25:53,25.6,41.7
08/10/2026,03:30:53,25.6,41.8
08/10/2026,03:35:53,25.6,41.8
08/10/2026,03:40:53,25.6,41.8
08/10/2026,03:45:53,25.5,41.8
08/10/2026,03:50:53,25.6,41.9
08/10/2026,03:55:53,25.5,41.9
08/10/2026,04:00:53,25.5,41.9
08/10/2026,04:05:53,25.5,41.9
08/10/2026,04:10:53,25.5,41.9
08/10/2026,04:15:53,25.5,41.9
08/10/2026,04:20:53,25.5,41.9
08/10/2026,04:25:53,25.4,41.9
08/10/2026,04:30:53,25.4,41.9
08/10/2026,04:35:53,25.4,41.9
08/10/2026,04:40:53,25.4,41.9
08/10/2026,04:45:53,25.4,41.9
08/10/2026,04:50:53,25.4,42.0
08/10/2026,04:55:53,25.4,42.0
08/10/2026,05:00:53,25.4,42.0
08/10/2026,05:05:53,25.3,41.9
08/10/2026,05:10:53,25.3,41.9
08/10/2026,05:15:53,25.3,42.0
08/10/2026,05:20:53,25.3,41.9
08/10/2026,05:25:53,25.3,42.0
08/10/2026,05:30:53,25.3,42.0
08/10/2026,05:35:53,25.2,42.0
08/10/2026,05:40:53,25.2,42.0
08/10/2026,05:45:53,25.2,42.1
08/10/2026,05:50:53,25.2,42.0
08/10/2026,05:55:53,25.2,42.1
08/10/2026,06:00:53,25.2,42.1
08/10/2026,06:05:53,25.2,42.1
08/10/2026,06:10:53,25.2,42.1
08/10/2026,06:15:53,25.1,42.1
08/10/2026,06:20:53,25.1,42.2
08/10/2026,06:25:53,25.1,42.2
08/10/2026,06:30:53,25.1,42.2
08/10/2026,06:35:53,25.1,42.3
08/10/2026,06:40:53,25.1,42.3
08/10/2026,06:45:53,25.1,42.4
08/10/2026,06:50:53,25.1,42.5
08/10/2026,06:55:53,25.0,42.5
08/10/2026,07:00:53,25.1,42.5
08/10/2026,07:05:53,25.0,42.5
08/10/2026,07:10:53,25.0,42.7
08/10/2026,07:15:53,25.0,42.8
08/10/2026,07:20:53,25.0,42.8
08/10/2026,07:25:53,25.0,42.7
08/10/2026,07:30:53,25.0,42.8
08/10/2026,07:35:53,25.0,42.9
08/10/2026,07:40:53,25.0,43.0
08/10/2026,07:45:53,25.0,43.0
08/10/2026,07:50:53,25.0,43.1
08/10/2026,07:55:53,25.0,43.1
08/10/2026,08:00:53,25.0,43.1
08/10/2026,08:05:53,25.0,43.2
08/10/2026,08:10:53,25.0,43.2
08/10/2026,08:15:53,25.0,43.3
08/10/2026,08:20:53,25.0,43.2
08/10/2026,08:25:53,25.0,43.2
08/10/2026,08:30:53,25.0,43.2
08/10/2026,08:35:53,25.0,43.2
08/10/2026,08:40:53,25.0,43.2
08/10/2026,08:45:53,25.0,43.3
08/10/2026,08:50:53,25.0,43.3
08/10/2026,08:55:53,25.0,43.3
08/10/2026,09:00:53,25.0,43.3
08/10/2026,09:05:53,25.0,43.5
08/10/2026,09:10:53,25.0,43.4
08/10/2026,09:15:53,25.0,43.4
08/10/2026,09:20:53,25.0,43.5
08/10/2026,09:25:53,24.9,43.5
08/10/2026,09:30:53,25.0,43.5
08/10/2026,09:35:53,24.9,43.7
08/10/2026,09:40:53,25.0,43.7
08/10/2026,09:45:53,25.0,43.7
08/10/2026,09:50:53,25.0,43.8
08/10/2026,09:55:53,25.0,43.8
08/10/2026,10:00:53,25.0,43.8
08/10/2026,10:05:53,25.0,43.9
08/10/2026,10:10:53,25.0,43.9
08/10/2026,10:15:53,25.0,44.0
08/10/2026,10:20:53,25.0,44.0
08/10/2026,10:25:53,25.0,44.0
08/10/2026,10:30:53,25.0,44.1
08/10/2026,10:35:53,25.0,44.1
08/10/2026,10:40:53,25.1,44.2
08/10/2026,10:45:53,25.0,44.1
08/10/2026,10:50:53,25.1,44.1
08/10/2026,10:55:53,25.1,44.2
08/10/2026,11:00:53,25.1,44.2
08/10/2026,11:05:53,25.1,44.2
08/10/2026,11:10:53,25.1,44.3
08/10/2026,11:15:53,25.1,44.2
08/10/2026,11:20:53,25.1,44.2
08/10/2026,11:25:53,25.1,44.3
08/10/2026,11:30:53,25.1,44.2
08/10/2026,11:35:53,25.1,44.2
08/10/2026,11:40:53,25.1,44.3
08/10/2026,11:45:53,25.2,44.2
08/10/2026,11:50:53,25.2,44.3
08/10/2026,11:55:53,25.2,44.2
08/10/2026,12:00:53,25.2,44.3
08/10/2026,12:05:53,25.2,44.3
08/10/2026,12:10:53,25.2,44.3
08/10/2026,12:15:53,25.2,44.3
08/10/2026,12:20:53,25.2,44.2
08/10/2026,12:25:53,25.2,44.2
08/10/2026,12:30:53,25.2,44.2
08/10/2026,12:35:53,25.2,44.2
08/10/2026,12:40:53,25.2,44.2
08/10/2026,12:45:53,25.2,44.2
08/10/2026,12:50:53,25.3,44.2
08/10/2026,12:55:53,25.3,44.2
08/10/2026,13:00:53,25.3,44.1
08/10/2026,13:05:53,25.2,44.1
08/10/2026,13:10:53,25.3,44.2
08/10/2026,13:15:53,25.3,44.1
08/10/2026,13:20:53,25.3,44.1
08/10/2026,13:25:53,25.3,44.1
08/10/2026,13:30:53,25.3,44.1
08/10/2026,13:35:53,25.3,44.1
08/10/2026,13:40:53,25.3,44.1
08/10/2026,13:45:53,25.3,44.0
08/10/2026,13:50:53,25.4,44.1
08/10/2026,13:55:53,25.4,44.1
08/10/2026,14:00:53,25.4,44.1
08/10/2026,14:05:53,25.4,44.1
08/10/2026,14:10:53,25.4,44.1
08/10/2026,14:15:53,25.4,44.1
08/10/2026,14:20:53,25.4,44.1
08/10/2026,14:25:53,25.5,44.0
08/10/2026,14:30:53,25.5,44.0
08/10/2026,14:35:53,25.5,43.9
08/10/2026,14:40:53,25.5,43.9
08/10/2026,14:45:53,25.5,43.9
08/10/2026,14:50:53,25.5,43.8
08/10/2026,14:55:53,25.6,43.7
08/10/2026,15:00:53,25.6,43.8
08/10/2026,15:05:53,25.6,43.8
08/10/2026,15:10:53,25.6,43.9
08/10/2026,15:15:53,25.6,43.8
08/10/2026,15:20:53,25.7,43.7
08/10/2026,15:25:53,25.7,43.7
08/10/2026,15:30:53,25.7,43.6
08/10/2026,15:35:53,25.7,43.5
08/10/2026,15:40:53,25.8,43.6
08/10/2026,15:45:53,25.8,43.6
08/10/2026,15:50:53,25.8,43.5
08/10/2026,15:55:53,25.8,43.5
08/10/2026,16:00:53,25.9,43.5
08/10/2026,16:05:53,25.9,43.3
08/10/2026,16:10:53,25.9,43.4
08/10/2026,16:15:53,25.9,43.4
08/10/2026,16:20:53,25.9,43.2
08/10/2026,16:25:53,25.9,43.3
08/10/2026,16:30:53,25.9,43.2
08/10/2026,16:35:53,26.0,43.0
08/10/2026,16:40:53,26.0,43.1
08/10/2026,16:45:53,26.0,43.1
08/10/2026,16:50:53,26.0,43.1
08/10/2026,16:55:53,26.0,42.8
08/10/2026,17:00:53,26.0,42.8
08/10/2026,17:05:53,26.1,42.8
08/10/2026,17:10:53,26.0,42.8
08/10/2026,17:15:53,26.0,42.8
08/10/2026,17:20:53,26.1,42.6
08/10/2026,17:25:53,26.1,42.6
08/10/2026,17:30:53,26.1,42.5
08/10/2026,17:35:53,26.1,42.5
08/10/2026,17:40:53,26.1,42.3
08/10/2026,17:45:53,26.2,42.4
08/10/2026,17:50:53,26.3,42.3
08/10/2026,17:55:53,26.3,42.1
08/10/2026,18:00:53,26.3,42.1
08/10/2026,18:05:53,26.3,42.3
08/10/2026,18:10:53,26.3,42.2
08/10/2026,18:15:53,26.3,42.3
08/10/2026,18:20:53,26.3,42.2
08/10/2026,18:25:53,26.3,42.2
08/10/2026,18:30:53,26.3,42.4
08/10/2026,18:35:53,26.3,42.2
08/10/2026,18:40:53,26.3,42.4
08/10/2026,18:45:53,26.3,42.4
08/10/2026,18:50:53,26.3,42.2
08/10/2026,18:55:53,26.3,42.2
08/10/2026,19:00:53,26.3,42.1
08/10/2026,19:05:53,26.3,42.2
08/10/2026,19:10:53,26.3,42.1
08/10/2026,19:15:53,26.3,42.1
08/10/2026,19:20:53,26.3,42.1
08/10/2026,19:25:53,26.2,42.1
08/10/2026,19:30:53,26.2,42.0
08/10/2026,19:35:53,26.2,42.0
08/10/2026,19:40:53,26.2,42.0
08/10/2026,19:45:53,26.2,42.0
08/10/2026,19:50:53,26.2,42.0
08/10/2026,19:55:53,26.2,42.0
08/10/2026,20:00:53,26.1,41.9
08/10/2026,20:05:53,26.1,42.0
08/10/2026,20:10:53,26.1,42.0
08/10/2026,20:15:53,26.1,42.0
08/10/2026,20:20:53,26.1,42.0
08/10/2026,20:25:53,26.1,42.1
08/10/2026,20:30:53,26.1,42.2
08/10/2026,20:35:53,26.1,42.2
08/10/2026,20:40:53,26.0,42.2
08/10/2026,20:45:53,26.0,42.3
08/10/2026,20:50:53,26.0,42.3
08/10/2026,20:55:53,26.0,42.3
08/10/2026,21:00:53,26.0,42.3
08/10/2026,21:05:53,26.0,42.3
08/10/2026,21:10:53,26.0,42.4
08/10/2026,21:15:53,26.0,42.4
08/10/2026,21:20:53,25.9,42.4
08/10/2026,21:25:53,25.9,42.4
08/10/2026,21:30:53,25.9,42.4
08/10/2026,21:35:53,25.9,42.4
08/10/2026,21:40:53,25.9,42.4
08/10/2026,21:45:53,25.9,42.4
08/10/2026,21:50:53,25.8,42.4
08/10/2026,21:55:53,25.8,42.4
08/10/2026,22:00:53,25.8,42.5
08/10/2026,22:05:53,25.8,42.5
08/10/2026,22:10:53,25.8,42.4
08/10/2026,22:15:53,25.8,42.4
08/10/2026,22:20:53,25.7,42.5
08/10/2026,22:25:53,25.8,42.4
08/10/2026,22:30:53,25.7,42.5
08/10/2026,22:35:53,25.7,42.5
08/10/2026,22:40:53,25.7,42.5
08/10/2026,22:45:53,25.7,42.5
08/10/2026,22:50:53,25.6,42.4
08/10/2026,22:55:53,25.6,42.5
08/10/2026,23:00:53,25.6,42.4
08/10/2026,23:05:53,25.6,42.5
08/10/2026,23:10:53,25.6,42.5
08/10/2026,23:15:53,25.5,42.4
08/10/2026,23:20:53,25.5,42.5
08/10/2026,23:25:53,25.5,42.5
08/10/2026,23:30:53,25.5,42.5
08/10/2026,23:35:53,25.5,42.5
08/10/2026,23:40:53,25.5,42.5
08/10/2026,23:45:53,25.4,42.5
08/10/2026,23:50:53,25.4,42.5
08/10/2026,23:55:53,25.4,42.5
08/11/2026,00:00:53,25.4,42.5
08/11/2026,00:05:53,25.3,42.5
08/11/2026,00:10:53,25.3,42.5
08/11/2026,00:15:53,25.3,42.6
08/11/2026,00:20:53,25.3,42.5
08/11/2026,00:25:53,25.3,42.5
08/11/2026,00:30:53,25.3,42.5
08/11/2026,00:35:53,25.2,42.6
08/11/2026,00:40:53,25.2,42.6
08/11/2026,00:45:53,25.2,42.5
08/11/2026,00:50:53,25.2,42.5
08/11/2026,00:55:53,25.2,42.5
08/11/2026,01:00:53,25.2,42.5
08/11/2026,01:05:53,25.1,42.5
08/11/2026,01:10:53,25.1,42.6
08/11/2026,01:15:53,25.1,42.5
08/11/2026,01:20:53,25.1,42.6
08/11/2026,01:25:53,25.1,42.6
08/11/2026,01:30:53,25.0,42.5
08/11/2026,01:35:53,25.0,42.6
08/11/2026,01:40:53,25.0,42.6
08/11/2026,01:45:53,25.0,42.6
08/11/2026,01:50:53,25.0,42.5
08/11/2026,01:55:53,25.0,42.5
08/11/2026,02:00:53,24.9,42.6
08/11/2026,02:05:53,24.9,42.5
08/11/2026,02:10:53,24.9,42.5
08/11/2026,02:15:53,24.9,42.6
08/11/2026,02:20:53,24.9,42.6
08/11/2026,02:25:53,24.8,42.5
08/11/2026,02:30:53,24.8,42.6
08/11/2026,02:35:53,24.8,42.6
08/11/2026,02:40:53,24.8,42.6
08/11/2026,02:45:53,24.8,42.6
08/11/2026,02:50:53,24.8,42.6
08/11/2026,02:55:53,24.8,42.6
08/11/2026,03:00:53,24.7,42.6
08/11/2026,03:05:53,24.7,42.6
08/11/2026,03:10:53,24.7,42.6
08/11/2026,03:15:53,24.7,42.6
08/11/2026,03:20:53,24.7,42.6
08/11/2026,03:25:53,24.6,42.6
08/11/2026,03:30:53,24.6,42.6
08/11/2026,03:35:53,24.6,42.7
08/11/2026,03:40:53,24.6,42.6
08/11/2026,03:45:53,24.6,42.6
08/11/2026,03:50:53,24.5,42.6
08/11/2026,03:55:53,24.5,42.6
08/11/2026,04:00:53,24.5,42.7
08/11/2026,04:05:53,24.5,42.6
08/11/2026,04:10:53,24.5,42.6
08/11/2026,04:15:53,24.5,42.7
08/11/2026,04:20:53,24.5,42.6
08/11/2026,04:25:53,24.4,42.6
08/11/2026,04:30:53,24.4,42.6
08/11/2026,04:35:53,24.4,42.7
08/11/2026,04:40:53,24.4,42.7
08/11/2026,04:45:53,24.4,42.7
08/11/2026,04:50:53,24.3,42.7
08/11/2026,04:55:53,24.3,42.7
08/11/2026,05:00:53,24.3,42.6
08/11/2026,05:05:53,24.3,42.7
08/11/2026,05:10:53,24.3,42.7
08/11/2026,05:15:53,24.3,42.7
08/11/2026,05:20:53,24.3,42.7
08/11/2026,05:25:53,24.2,42.7
08/11/2026,05:30:53,24.2,42.7
08/11/2026,05:35:53,24.2,42.7
08/11/2026,05:40:53,24.2,42.7
08/11/2026,05:45:53,24.2,42.7
08/11/2026,05:50:53,24.2,42.7
08/11/2026,05:55:53,24.1,42.7
08/11/2026,06:00:53,24.1,42.7
08/11/2026,06:05:53,24.1,42.7
08/11/2026,06:10:53,24.1,42.8
08/11/2026,06:15:53,24.0,42.8
08/11/2026,06:20:53,24.0,42.7
08/11/2026,06:25:53,24.0,42.8
08/11/2026,06:30:53,24.0,42.8
08/11/2026,06:35:53,24.0,42.8
08/11/2026,06:40:53,24.0,42.8
08/11/2026,06:45:53,24.0,42.9
08/11/2026,06:50:53,23.9,42.9
08/11/2026,06:55:53,23.9,42.9
08/11/2026,07:00:53,23.9,43.0
08/11/2026,07:05:53,23.9,43.0
08/11/2026,07:10:53,23.9,43.0
08/11/2026,07:15:53,23.9,43.1
08/11/2026,07:20:53,23.9,43.1
08/11/2026,07:25:53,23.9,43.1
08/11/2026,07:30:53,23.9,43.1
08/11/2026,07:35:53,23.9,43.2
08/11/2026,07:40:53,23.9,43.2
08/11/2026,07:45:53,23.9,43.2
08/11/2026,07:50:53,24.0,43.2
08/11/2026,07:55:53,24.0,43.2
08/11/2026,08:00:53,24.0,43.2
08/11/2026,08:05:53,24.1,43.3
08/11/2026,08:10:53,24.1,43.2
08/11/2026,08:15:53,24.2,43.2
08/11/2026,08:20:53,24.3,43.1
08/11/2026,08:25:53,24.5,43.0
08/11/2026,08:30:53,24.5,42.7
08/11/2026,08:35:53,24.5,42.7
08/11/2026,08:40:53,24.5,42.7
08/11/2026,08:45:53,24.5,42.7
08/11/2026,08:50:53,24.5,42.8
08/11/2026,08:55:53,24.4,42.8
08/11/2026,09:00:53,24.4,42.8
08/11/2026,09:05:53,24.5,42.9
08/11/2026,09:10:53,24.4,42.9
08/11/2026,09:15:53,24.4,43.0
08/11/2026,09:20:53,24.4,43.0
08/11/2026,09:25:53,24.4,43.0
08/11/2026,09:30:53,24.4,43.1
08/11/2026,09:35:53,24.4,43.1
08/11/2026,09:40:53,24.4,43.2
08/11/2026,09:45:53,24.4,43.2
08/11/2026,09:50:53,24.4,43.3
08/11/2026,09:55:53,24.4,43.3
08/11/2026,10:00:53,24.4,43.4
08/11/2026,10:05:53,24.3,43.4
08/11/2026,10:10:53,24.4,43.4
08/11/2026,10:15:53,24.4,43.5
08/11/2026,10:20:53,24.3,43.5
08/11/2026,10:25:53,24.3,43.5
08/11/2026,10:30:53,24.3,43.5
08/11/2026,10:35:53,24.3,43.5
08/11/2026,10:40:53,24.4,43.7
08/11/2026,10:45:53,24.4,43.7
08/11/2026,10:50:53,24.4,43.7
08/11/2026,10:55:53,24.4,43.7
08/11/2026,11:00:53,24.4,43.8
08/11/2026,11:05:53,24.4,43.7
08/11/2026,11:10:53,24.4,43.8
08/11/2026,11:15:53,24.4,43.8
08/11/2026,11:20:53,24.4,43.8
08/11/2026,11:25:53,24.4,43.9
08/11/2026,11:30:53,24.4,43.9
08/11/2026,11:35:53,24.4,43.9
08/11/2026,11:40:53,24.4,43.9
08/11/2026,11:45:53,24.4,43.9
08/11/2026,11:50:53,24.4,44.0
08/11/2026,11:55:53,24.4,44.0
08/11/2026,12:00:53,24.4,43.9
08/11/2026,12:05:53,24.4,43.9
08/11/2026,12:10:53,24.4,43.9
08/11/2026,12:15:53,24.4,44.0
08/11/2026,12:20:53,24.4,44.0
08/11/2026,12:25:53,24.5,44.0
08/11/2026,12:30:53,24.4,44.0
08/11/2026,12:35:53,24.5,44.0
08/11/2026,12:40:53,24.5,44.0
08/11/2026,12:45:53,24.5,44.1
08/11/2026,12:50:53,24.5,44.1
08/11/2026,12:55:53,24.5,44.0
08/11/2026,13:00:53,24.5,44.1
08/11/2026,13:05:53,24.5,44.1
08/11/2026,13:10:53,24.5,44.0
08/11/2026,13:15:53,24.5,44.1
08/11/2026,13:20:53,24.5,44.1
08/11/2026,13:25:53,24.5,44.1
08/11/2026,13:30:53,24.5,44.1
08/11/2026,13:35:53,24.5,44.1
08/11/2026,13:40:53,24.6,44.1
08/11/2026,13:45:53,24.6,44.0
08/11/2026,13:50:53,24.6,44.0
08/11/2026,13:55:53,24.6,44.0
08/11/2026,14:00:53,24.6,44.0
08/11/2026,14:05:53,24.6,44.0
08/11/2026,14:10:53,24.6,44.0
08/11/2026,14:15:53,24.6,44.0
08/11/2026,14:20:53,24.7,44.0
08/11/2026,14:25:53,24.7,44.0
08/11/2026,14:30:53,24.7,44.0
08/11/2026,14:35:53,24.7,44.1
08/11/2026,14:40:53,24.7,44.0
08/11/2026,14:45:53,24.8,44.0
08/11/2026,14:50:53,24.8,44.1
08/11/2026,14:55:53,24.8,44.1
08/11/2026,15:00:53,24.8,44.1
08/11/2026,15:05:53,24.8,44.1
08/11/2026,15:10:53,24.9,44.1
08/11/2026,15:15:53,24.9,44.0
08/11/2026,15:20:53,24.9,44.1
08/11/2026,15:25:53,24.9,44.1
08/11/2026,15:30:53,25.0,44.0
08/11/2026,15:35:53,25.0,44.1
08/11/2026,15:40:53,25.0,44.0
08/11/2026,15:45:53,25.0,44.1
08/11/2026,15:50:53,25.1,44.0
08/11/2026,15:55:53,25.1,43.9
08/11/2026,16:00:53,25.1,43.9
08/11/2026,16:05:53,25.1,43.9
08/11/2026,16:10:53,25.1,43.8
08/11/2026,16:15:53,25.2,43.8
08/11/2026,16:20:53,25.2,43.8
08/11/2026,16:25:53,25.2,43.7
08/11/2026,16:30:53,25.2,43.7
08/11/2026,16:35:53,25.2,43.7
08/11/2026,16:40:53,25.2,43.6
08/11/2026,16:45:53,25.3,43.5
08/11/2026,16:50:53,25.3,43.5
08/11/2026,16:55:53,25.3,43.5
08/11/2026,17:00:53,25.3,43.5
08/11/2026,17:05:53,25.4,43.4
08/11/2026,17:10:53,25.4,43.5
08/11/2026,17:15:53,25.4,43.4
08/11/2026,17:20:53,25.4,43.2
08/11/2026,17:25:53,25.4,43.3
08/11/2026,17:30:53,25.4,43.1
08/11/2026,17:35:53,25.4,43.1
08/11/2026,17:40:53,25.5,43.2
08/11/2026,17:45:53,25.5,43.0
08/11/2026,17:50:53,25.5,43.0
08/11/2026,17:55:53,25.5,43.0
08/11/2026,18:00:53,25.5,42.9
08/11/2026,18:05:53,25.5,43.0
08/11/2026,18:10:53,25.5,42.9
08/11/2026,18:15:53,25.6,42.9
08/11/2026,18:20:53,25.6,42.8
08/11/2026,18:25:53,25.6,42.7
08/11/2026,18:30:53,25.6,42.7
08/11/2026,18:35:53,25.6,42.7
08/11/2026,18:40:53,25.6,42.7
08/11/2026,18:45:53,25.6,42.2
08/11/2026,18:50:53,25.6,41.3
08/11/2026,18:55:53,25.6,41.1
08/11/2026,19:00:53,25.6,40.6
08/11/2026,19:05:53,25.6,40.3
08/11/2026,19:10:53,25.6,40.5
08/11/2026,19:15:53,25.6,40.3
08/11/2026,19:20:53,25.5,40.3
08/11/2026,19:25:53,25.5,40.3
08/11/2026,19:30:53,25.5,40.3
08/11/2026,19:35:53,25.5,40.4
08/11/2026,19:40:53,25.4,40.5
08/11/2026,19:45:53,25.4,40.5
08/11/2026,19:50:53,25.3,40.5
08/11/2026,19:55:53,25.3,40.8
08/11/2026,20:00:53,25.3,41.1
08/11/2026,20:05:53,25.3,41.1
08/11/2026,20:10:53,25.3,41.2
08/11/2026,20:15:53,25.3,41.4
08/11/2026,20:20:53,25.3,41.4
08/11/2026,20:25:53,25.3,41.6
08/11/2026,20:30:53,25.3,41.6
08/11/2026,20:35:53,25.3,41.7
08/11/2026,20:40:53,25.3,41.7
08/11/2026,20:45:53,25.3,41.7
08/11/2026,20:50:53,25.3,41.7
08/11/2026,20:55:53,25.3,41.7
08/11/2026,21:00:53,25.3,41.8
08/11/2026,21:05:53,25.3,41.9
08/11/2026,21:10:53,25.3,41.9
08/11/2026,21:15:53,25.2,41.9
08/11/2026,21:20:53,25.2,41.9
08/11/2026,21:25:53,25.2,41.9
08/11/2026,21:30:53,25.2,41.9
08/11/2026,21:35:53,25.2,41.9
08/11/2026,21:40:53,25.2,42.0
08/11/2026,21:45:53,25.2,41.9
08/11/2026,21:50:53,25.2,41.9
08/11/2026,21:55:53,25.2,42.0
08/11/2026,22:00:53,25.2,42.0
08/11/2026,22:05:53,25.2,42.1
08/11/2026,22:10:53,25.1,42.0
08/11/2026,22:15:53,25.1,42.1
08/11/2026,22:20:53,25.1,42.2
08/11/2026,22:25:53,25.1,42.1
08/11/2026,22:30:53,25.1,42.1
08/11/2026,22:35:53,25.1,42.2
08/11/2026,22:40:53,25.1,42.3
08/11/2026,22:45:53,25.1,42.2
08/11/2026,22:50:53,25.1,42.3
08/11/2026,22:55:53,25.0,42.3
08/11/2026,23:00:53,25.0,42.3
08/11/2026,23:05:53,25.0,42.3
08/11/2026,23:10:53,25.0,42.4
08/11/2026,23:15:53,25.0,42.4
08/11/2026,23:20:53,25.0,42.4
08/11/2026,23:25:53,25.0,42.5
08/11/2026,23:30:53,25.0,42.5
08/11/2026,23:35:53,24.9,42.5
08/11/2026,23:40:53,24.9,42.5
08/11/2026,23:45:53,24.9,42.5
08/11/2026,23:50:53,24.9,42.6
08/11/2026,23:55:53,24.9,42.6
08/12/2026,00:00:53,24.9,42.7
08/12/2026,00:05:53,24.9,42.7
08/12/2026,00:10:53,24.8,42.7
08/12/2026,00:15:53,24.8,42.8
08/12/2026,00:20:53,24.8,42.8
08/12/2026,00:25:53,24.8,42.8
08/12/2026,00:30:53,24.8,42.8
08/12/2026,00:35:53,24.8,42.9
08/12/2026,00:40:53,24.8,42.9
08/12/2026,00:45:53,24.8,43.0
08/12/2026,00:50:53,24.8,43.0
08/12/2026,00:55:53,24.7,43.0
08/12/2026,01:00:53,24.7,43.1
08/12/2026,01:05:53,24.7,43.1
08/12/2026,01:10:53,24.7,43.1
08/12/2026,01:15:53,24.7,43.2
08/12/2026,01:20:53,24.7,43.3
08/12/2026,01:25:53,24.6,43.3
08/12/2026,01:30:53,24.6,43.4
08/12/2026,01:35:53,24.6,43.3
08/12/2026,01:40:53,24.6,43.4
08/12/2026,01:45:53,24.6,43.4
08/12/2026,01:50:53,24.6,43.5
08/12/2026,01:55:53,24.6,43.5
08/12/2026,02:00:53,24.6,43.5
08/12/2026,02:05:53,24.5,43.6
08/12/2026,02:10:53,24.5,43.6
08/12/2026,02:15:53,24.5,43.6
08/12/2026,02:20:53,24.5,43.7
08/12/2026,02:25:53,24.5,43.7
08/12/2026,02:30:53,24.5,43.8
08/12/2026,02:35:53,24.5,43.8
08/12/2026,02:40:53,24.5,43.8
08/12/2026,02:45:53,24.5,43.8
08/12/2026,02:50:53,24.4,43.9
08/12/2026,02:55:53,24.4,43.9
08/12/2026,03:00:53,24.4,44.0
08/12/2026,03:05:53,24.4,44.0
08/12/2026,03:10:53,24.4,44.0
08/12/2026,03:15:53,24.4,44.0
08/12/2026,03:20:53,24.4,44.1
08/12/2026,03:25:53,24.3,44.1
08/12/2026,03:30:53,24.3,44.1
08/12/2026,03:35:53,24.3,44.1
08/12/2026,03:40:53,24.3,44.1
08/12/2026,03:45:53,24.3,44.2
08/12/2026,03:50:53,24.3,44.2
08/12/2026,03:55:53,24.3,44.2
08/12/2026,04:00:53,24.3,44.3
08/12/2026,04:05:53,24.3,44.3
08/12/2026,04:10:53,24.2,44.3
08/12/2026,04:15:53,24.2,44.3
08/12/2026,04:20:53,24.2,44.3
08/12/2026,04:25:53,24.2,44.4
08/12/2026,04:30:53,24.2,44.4
08/12/2026,04:35:53,24.2,44.4
08/12/2026,04:40:53,24.2,44.4
08/12/2026,04:45:53,24.2,44.4
08/12/2026,04:50:53,24.1,44.5
08/12/2026,04:55:53,24.1,44.5
08/12/2026,05:00:53,24.1,44.5
08/12/2026,05:05:53,24.1,44.5
08/12/2026,05:10:53,24.1,44.6
08/12/2026,05:15:53,24.1,44.6
08/12/2026,05:20:53,24.1,44.6
08/12/2026,05:25:53,24.1,44.6
08/12/2026,05:30:53,24.0,44.6
08/12/2026,05:35:53,24.0,44.7
08/12/2026,05:40:53,24.0,44.7
08/12/2026,05:45:53,24.0,44.7
08/12/2026,05:50:53,24.0,44.7
08/12/2026,05:55:53,24.0,44.8
08/12/2026,06:00:53,24.0,44.8
08/12/2026,06:05:53,24.0,44.8
08/12/2026,06:10:53,24.0,44.8
08/12/2026,06:15:53,24.0,44.9
08/12/2026,06:20:53,23.9,44.9
08/12/2026,06:25:53,23.9,44.9
08/12/2026,06:30:53,23.9,44.9
08/12/2026,06:35:53,23.9,45.0
08/12/2026,06:40:53,23.9,45.0
08/12/2026,06:45:53,23.9,45.1
08/12/2026,06:50:53,23.9,45.1
08/12/2026,06:55:53,23.9,45.1
08/12/2026,07:00:53,23.9,45.2
08/12/2026,07:05:53,23.8,45.2
08/12/2026,07:10:53,23.8,45.2
08/12/2026,07:15:53,23.9,45.2
08/12/2026,07:20:53,23.9,45.2
08/12/2026,07:25:53,23.8,45.3
08/12/2026,07:30:53,23.9,45.4
08/12/2026,07:35:53,23.9,45.4
08/12/2026,07:40:53,23.9,45.3
08/12/2026,07:45:53,23.9,45.3
08/12/2026,07:50:53,24.0,45.4
08/12/2026,07:55:53,24.0,45.4
08/12/2026,08:00:53,24.0,45.4
08/12/2026,08:05:53,24.0,45.4
08/12/2026,08:10:53,24.1,45.4
08/12/2026,08:15:53,24.3,45.2
08/12/2026,08:20:53,24.4,45.0
08/12/2026,08:25:53,24.5,44.8
08/12/2026,08:30:53,24.6,44.7
08/12/2026,08:35:53,24.5,44.6
08/12/2026,08:40:53,24.5,44.6
08/12/2026,08:45:53,24.5,44.7
08/12/2026,08:50:53,24.5,44.7
08/12/2026,08:55:53,24.5,44.8
08/12/2026,09:00:53,24.5,44.8
08/12/2026,09:05:53,24.5,44.8
08/12/2026,09:10:53,24.5,44.8
08/12/2026,09:15:53,24.4,44.9
08/12/2026,09:20:53,24.5,45.0
08/12/2026,09:25:53,24.5,45.0
08/12/2026,09:30:53,24.4,45.1
08/12/2026,09:35:53,24.4,45.1
08/12/2026,09:40:53,24.4,45.1
08/12/2026,09:45:53,24.4,45.2
08/12/2026,09:50:53,24.5,45.2
08/12/2026,09:55:53,24.4,45.2
08/12/2026,10:00:53,24.4,45.2
08/12/2026,10:05:53,24.4,45.2
08/12/2026,10:10:53,24.4,45.2
08/12/2026,10:15:53,24.4,45.3
08/12/2026,10:20:53,24.4,45.3
08/12/2026,10:25:53,24.4,45.3
08/12/2026,10:30:53,24.4,45.4
08/12/2026,10:35:53,24.4,45.3
08/12/2026,10:40:53,24.4,45.4
08/12/2026,10:45:53,24.4,45.4
08/12/2026,10:50:53,24.4,45.4
08/12/2026,10:55:53,24.4,45.5
08/12/2026,11:00:53,24.4,45.5
08/12/2026,11:05:53,24.4,45.5
08/12/2026,11:10:53,24.4,45.5
08/12/2026,11:15:53,24.4,45.5
08/12/2026,11:20:53,24.4,45.5
08/12/2026,11:25:53,24.4,45.5
08/12/2026,11:30:53,24.4,45.5
08/12/2026,11:35:53,24.4,45.5
08/12/2026,11:40:53,24.5,45.5
08/12/2026,11:45:53,24.5,45.5
08/12/2026,11:50:53,24.5,45.5
08/12/2026,11:55:53,24.5,45.6
08/12/2026,12:00:53,24.5,45.5
08/12/2026,12:05:53,24.5,45.6
08/12/2026,12:10:53,24.5,45.4
08/12/2026,12:15:53,24.5,45.5
08/12/2026,12:20:53,24.5,45.5
08/12/2026,12:25:53,24.5,45.5
08/12/2026,12:30:53,24.5,45.5
08/12/2026,12:35:53,24.5,45.5
08/12/2026,12:40:53,24.5,45.5
08/12/2026,12:45:53,24.5,45.5
08/12/2026,12:50:53,24.6,45.6
08/12/2026,12:55:53,24.6,45.6
08/12/2026,13:00:53,24.6,45.6
08/12/2026,13:05:53,24.6,45.7
08/12/2026,13:10:53,24.6,45.7
08/12/2026,13:15:53,24.6,45.7
08/12/2026,13:20:53,24.7,45.7
08/12/2026,13:25:53,24.7,45.7
08/12/2026,13:30:53,24.7,45.7
08/12/2026,13:35:53,24.7,45.7
08/12/2026,13:40:53,24.7,45.7
08/12/2026,13:45:53,24.7,45.7
08/12/2026,13:50:53,24.7,45.7
08/12/2026,13:55:53,24.8,45.7
08/12/2026,14:00:53,24.8,45.7
08/12/2026,14:05:53,24.8,45.7
08/12/2026,14:10:53,24.8,45.8
08/12/2026,14:15:53,24.9,45.8
08/12/2026,14:20:53,24.9,45.8
08/12/2026,14:25:53,24.9,45.9
08/12/2026,14:30:53,24.9,45.9
08/12/2026,14:35:53,25.0,46.0
08/12/2026,14:40:53,25.0,46.0
08/12/2026,14:45:53,25.0,46.1
08/12/2026,14:50:53,25.0,46.1
08/12/2026,14:55:53,25.1,46.1
08/12/2026,15:00:53,25.1,46.1
08/12/2026,15:05:53,25.1,46.2
08/12/2026,15:10:53,25.2,46.2
08/12/2026,15:15:53,25.2,46.2
08/12/2026,15:20:53,25.2,46.2
08/12/2026,15:25:53,25.3,46.3
08/12/2026,15:30:53,25.3,46.3
08/12/2026,15:35:53,25.3,46.3
08/12/2026,15:40:53,25.4,46.3
08/12/2026,15:45:53,25.4,46.3
08/12/2026,15:50:53,25.4,46.3
08/12/2026,15:55:53,25.5,46.2
08/12/2026,16:00:53,25.5,46.2
08/12/2026,16:05:53,25.5,46.2
08/12/2026,16:10:53,25.5,46.2
08/12/2026,16:15:53,25.6,46.2
08/12/2026,16:20:53,25.6,46.2
08/12/2026,16:25:53,25.6,46.2
08/12/2026,16:30:53,25.7,46.2
08/12/2026,16:35:53,25.7,46.1
08/12/2026,16:40:53,25.7,46.1
08/12/2026,16:45:53,25.8,46.1
08/12/2026,16:50:53,25.7,46.1
08/12/2026,16:55:53,25.8,46.1
08/12/2026,17:00:53,25.8,46.0
08/12/2026,17:05:53,25.8,46.1
08/12/2026,17:10:53,25.8,46.1
08/12/2026,17:15:53,25.9,46.0
08/12/2026,17:20:53,25.9,46.0
08/12/2026,17:25:53,25.9,46.0
08/12/2026,17:30:53,26.0,46.0
08/12/2026,17:35:53,25.9,46.0
08/12/2026,17:40:53,26.0,46.0
08/12/2026,17:45:53,26.0,46.1
08/12/2026,17:50:53,26.0,46.1
08/12/2026,17:55:53,26.1,46.1
08/12/2026,18:00:53,26.1,46.0
08/12/2026,18:05:53,26.1,46.0
08/12/2026,18:10:53,26.1,45.8
08/12/2026,18:15:53,26.1,45.8
08/12/2026,18:20:53,26.2,45.8
08/12/2026,18:25:53,26.2,45.8
08/12/2026,18:30:53,26.2,45.8
08/12/2026,18:35:53,26.2,45.8
08/12/2026,18:40:53,26.2,45.8
08/12/2026,18:45:53,26.3,45.8
08/12/2026,18:50:53,26.2,45.7
08/12/2026,18:55:53,26.2,45.4
08/12/2026,19:00:53,26.3,44.9
08/12/2026,19:05:53,26.3,44.6
08/12/2026,19:10:53,26.3,44.2
08/12/2026,19:15:53,26.3,44.0
08/12/2026,19:20:53,26.3,44.3
08/12/2026,19:25:53,26.3,43.4
08/12/2026,19:30:53,26.3,43.2
08/12/2026,19:35:53,26.3,43.1
08/12/2026,19:40:53,26.3,42.7
08/12/2026,19:45:53,26.3,42.7
08/12/2026,19:50:53,26.4,42.3
08/12/2026,19:55:53,26.4,41.6
08/12/2026,20:00:53,26.4,41.6
08/12/2026,20:05:53,26.4,40.6
08/12/2026,20:10:53,26.4,39.7
08/12/2026,20:15:53,26.4,39.7
08/12/2026,20:20:53,26.4,40.4
08/12/2026,20:25:53,26.4,41.0
08/12/2026,20:30:53,26.4,41.2
08/12/2026,20:35:53,26.4,41.2
08/12/2026,20:40:53,26.3,41.2
08/12/2026,20:45:53,26.3,41.2
08/12/2026,20:50:53,26.3,41.2
08/12/2026,20:55:53,26.3,41.2
08/12/2026,21:00:53,26.3,41.2
08/12/2026,21:05:53,26.3,41.3
08/12/2026,21:10:53,26.2,41.3
08/12/2026,21:15:53,26.2,41.3
08/12/2026,21:20:53,26.2,41.4
08/12/2026,21:25:53,26.2,41.4
08/12/2026,21:30:53,26.2,41.5
08/12/2026,21:35:53,26.2,41.5
08/12/2026,21:40:53,26.1,41.6
08/12/2026,21:45:53,26.1,41.6
08/12/2026,21:50:53,26.1,41.7
08/12/2026,21:55:53,26.1,41.7
08/12/2026,22:00:53,26.1,41.8
08/12/2026,22:05:53,26.1,41.7
08/12/2026,22:10:53,26.0,41.7
08/12/2026,22:15:53,26.0,41.6
08/12/2026,22:20:53,26.0,41.6
08/12/2026,22:25:53,26.0,41.6
08/12/2026,22:30:53,26.0,41.5
08/12/2026,22:35:53,26.0,41.6
08/12/2026,22:40:53,25.9,41.5
08/12/2026,22:45:53,25.9,41.5
08/12/2026,22:50:53,25.9,41.4
08/12/2026,22:55:53,25.9,41.5
08/12/2026,23:00:53,25.9,41.5
08/12/2026,23:05:53,25.9,41.5
08/12/2026,23:10:53,25.9,41.6
08/12/2026,23:15:53,25.8,41.6
08/12/2026,23:20:53,25.8,41.6
08/12/2026,23:25:53,25.8,41.7
08/12/2026,23:30:53,25.8,41.7
08/12/2026,23:35:53,25.8,41.7
08/12/2026,23:40:53,25.8,41.7
08/12/2026,23:45:53,25.8,41.8
08/12/2026,23:50:53,25.7,41.9
08/12/2026,23:55:53,25.7,41.9
08/13/2026,00:00:53,25.7,41.9
08/13/2026,00:05:53,25.7,42.0
08/13/2026,00:10:53,25.7,41.9
08/13/2026,00:15:53,25.7,42.0
08/13/2026,00:20:53,25.6,42.0
08/13/2026,00:25:53,25.6,42.0
08/13/2026,00:30:53,25.6,42.0
08/13/2026,00:35:53,25.6,42.1
08/13/2026,00:40:53,25.6,42.1
08/13/2026,00:45:53,25.6,42.2
08/13/2026,00:50:53,25.6,42.2
08/13/2026,00:55:53,25.5,42.3
08/13/2026,01:00:53,25.5,42.3
08/13/2026,01:05:53,25.5,42.3
08/13/2026,01:10:53,25.5,42.4
08/13/2026,01:15:53,25.5,42.5
08/13/2026,01:20:53,25.5,42.5
08/13/2026,01:25:53,25.5,42.5
08/13/2026,01:30:53,25.5,42.6
08/13/2026,01:35:53,25.4,42.6
08/13/2026,01:40:53,25.4,42.6
08/13/2026,01:45:53,25.4,42.7
08/13/2026,01:50:53,25.4,42.7
08/13/2026,01:55:53,25.4,42.8
08/13/2026,02:00:53,25.3,42.8
08/13/2026,02:05:53,25.3,42.8
08/13/2026,02:10:53,25.3,42.9
08/13/2026,02:15:53,25.3,42.9
08/13/2026,02:20:53,25.3,43.0
08/13/2026,02:25:53,25.3,43.0
08/13/2026,02:30:53,25.3,43.0
08/13/2026,02:35:53,25.2,43.1
08/13/2026,02:40:53,25.2,43.1
08/13/2026,02:45:53,25.2,43.1
08/13/2026,02:50:53,25.2,43.2
08/13/2026,02:55:53,25.2,43.2
08/13/2026,03:00:53,25.2,43.3
08/13/2026,03:05:53,25.2,43.3
08/13/2026,03:10:53,25.2,43.3
08/13/2026,03:15:53,25.1,43.3
08/13/2026,03:20:53,25.1,43.4
08/13/2026,03:25:53,25.1,43.4
08/13/2026,03:30:53,25.1,43.4
08/13/2026,03:35:53,25.1,43.4
08/13/2026,03:40:53,25.1,43.4
08/13/2026,03:45:53,25.1,43.5
08/13/2026,03:50:53,25.0,43.5
08/13/2026,03:55:53,25.0,43.6
08/13/2026,04:00:53,25.0,43.5
08/13/2026,04:05:53,25.0,43.6
08/13/2026,04:10:53,25.0,43.6
08/13/2026,04:15:53,25.0,43.7
08/13/2026,04:20:53,24.9,43.7
08/13/2026,04:25:53,24.9,43.7
08/13/2026,04:30:53,24.9,43.7
08/13/2026,04:35:53,24.9,43.8
08/13/2026,04:40:53,24.9,43.8
08/13/2026,04:45:53,24.9,43.8
08/13/2026,04:50:53,24.9,43.8
08/13/2026,04:55:53,24.8,43.8
08/13/2026,05:00:53,24.8,43.9
08/13/2026,05:05:53,24.8,43.9
08/13/2026,05:10:53,24.8,43.9
08/13/2026,05:15:53,24.8,43.9
08/13/2026,05:20:53,24.8,43.9
08/13/2026,05:25:53,24.7,44.0
08/13/2026,05:30:53,24.7,44.0
08/13/2026,05:35:53,24.7,44.0
08/13/2026,05:40:53,24.7,44.0
08/13/2026,05:45:53,24.7,44.0
08/13/2026,05:50:53,24.7,44.1
08/13/2026,05:55:53,24.7,44.1
08/13/2026,06:00:53,24.6,44.1
08/13/2026,06:05:53,24.6,44.1
08/13/2026,06:10:53,24.6,44.1
08/13/2026,06:15:53,24.6,44.2
08/13/2026,06:20:53,24.6,44.2
08/13/2026,06:25:53,24.6,44.2
08/13/2026,06:30:53,24.6,44.3
08/13/2026,06:35:53,24.5,44.3
08/13/2026,06:40:53,24.5,44.4
08/13/2026,06:45:53,24.5,44.4
08/13/2026,06:50:53,24.5,44.5
08/13/2026,06:55:53,24.5,44.5
08/13/2026,07:00:53,24.5,44.6
08/13/2026,07:05:53,24.5,44.7
08/13/2026,07:10:53,24.5,44.7
08/13/2026,07:15:53,24.5,44.8
08/13/2026,07:20:53,24.5,44.9
08/13/2026,07:25:53,24.5,44.8
08/13/2026,07:30:53,24.5,44.9
08/13/2026,07:35:53,24.5,44.9
08/13/2026,07:40:53,24.5,45.0
08/13/2026,07:45:53,24.5,45.0
08/13/2026,07:50:53,24.6,45.0
08/13/2026,07:55:53,24.6,45.0
08/13/2026,08:00:53,24.6,44.9
08/13/2026,08:05:53,24.7,44.9
08/13/2026,08:10:53,24.8,44.9
08/13/2026,08:15:53,25.0,44.8
08/13/2026,08:20:53,25.3,44.6
08/13/2026,08:25:53,25.6,44.2
08/13/2026,08:30:53,25.6,43.9
08/13/2026,08:35:53,25.6,43.8
08/13/2026,08:40:53,25.6,43.8
08/13/2026,08:45:53,25.5,43.8
08/13/2026,08:50:53,25.4,43.9
08/13/2026,08:55:53,25.4,43.9
08/13/2026,09:00:53,25.4,43.9
08/13/2026,09:05:53,25.4,44.0
08/13/2026,09:10:53,25.3,44.0
08/13/2026,09:15:53,25.3,44.0
08/13/2026,09:20:53,25.3,44.0
08/13/2026,09:25:53,25.3,44.0
08/13/2026,09:30:53,25.2,44.1
08/13/2026,09:35:53,25.2,44.1
08/13/2026,09:40:53,25.2,44.1
08/13/2026,09:45:53,25.2,44.1
08/13/2026,09:50:53,25.2,44.2
08/13/2026,09:55:53,25.2,44.2
08/13/2026,10:00:53,25.2,44.2
08/13/2026,10:05:53,25.2,44.2
08/13/2026,10:10:53,25.2,44.2
08/13/2026,10:15:53,25.2,44.3
08/13/2026,10:20:53,25.2,44.2
08/13/2026,10:25:53,25.2,44.3
08/13/2026,10:30:53,25.2,44.3
08/13/2026,10:35:53,25.2,44.3
08/13/2026,10:40:53,25.2,44.4
08/13/2026,10:45:53,25.2,44.4
08/13/2026,10:50:53,25.2,44.4
08/13/2026,10:55:53,25.2,44.4
08/13/2026,11:00:53,25.3,44.4
08/13/2026,11:05:53,25.2,44.5
08/13/2026,11:10:53,25.2,44.5
08/13/2026,11:15:53,25.2,44.5
08/13/2026,11:20:53,25.3,44.5
08/13/2026,11:25:53,25.3,44.5
08/13/2026,11:30:53,25.3,44.5
08/13/2026,11:35:53,25.3,44.5
08/13/2026,11:40:53,25.3,44.6
08/13/2026,11:45:53,25.3,44.7
08/13/2026,11:50:53,25.3,44.6
08/13/2026,11:55:53,25.3,44.7
08/13/2026,12:00:53,25.3,44.7
08/13/2026,12:05:53,25.4,44.7
08/13/2026,12:10:53,25.4,44.8
08/13/2026,12:15:53,25.4,44.7
08/13/2026,12:20:53,25.4,44.7
08/13/2026,12:25:53,25.4,44.8
08/13/2026,12:30:53,25.4,44.7
08/13/2026,12:35:53,25.5,44.7
08/13/2026,12:40:53,25.5,44.8
08/13/2026,12:45:53,25.5,44.7
08/13/2026,12:50:53,25.5,44.7
08/13/2026,12:55:53,25.5,44.8
08/13/2026,13:00:53,25.5,44.8
08/13/2026,13:05:53,25.5,44.8
08/13/2026,13:10:53,25.6,44.8
08/13/2026,13:15:53,25.6,44.8
08/13/2026,13:20:53,25.6,44.8
08/13/2026,13:25:53,25.6,44.9
08/13/2026,13:30:53,25.6,44.9
08/13/2026,13:35:53,25.7,44.9
08/13/2026,13:40:53,25.7,44.9
08/13/2026,13:45:53,25.7,44.9
08/13/2026,13:50:53,25.7,44.9
08/13/2026,13:55:53,25.7,44.9
08/13/2026,14:00:53,25.8,44.9
08/13/2026,14:05:53,25.8,44.9
08/13/2026,14:10:53,25.8,44.9
08/13/2026,14:15:53,25.9,44.9
08/13/2026,14:20:53,25.9,45.0
08/13/2026,14:25:53,25.9,45.0
08/13/2026,14:30:53,25.9,45.0
08/13/2026,14:35:53,26.0,45.0
08/13/2026,14:40:53,26.0,45.1
08/13/2026,14:45:53,26.0,45.1
08/13/2026,14:50:53,26.1,45.2
08/13/2026,14:55:53,26.1,45.2
08/13/2026,15:00:53,26.1,45.2
08/13/2026,15:05:53,26.2,45.2
08/13/2026,15:10:53,26.2,45.2
08/13/2026,15:15:53,26.2,45.2
08/13/2026,15:20:53,26.3,45.2
08/13/2026,15:25:53,26.3,45.2
08/13/2026,15:30:53,26.4,45.2
08/13/2026,15:35:53,26.4,45.2
08/13/2026,15:40:53,26.4,45.2
08/13/2026,15:45:53,26.5,45.2
08/13/2026,15:50:53,26.5,45.2
08/13/2026,15:55:53,26.5,45.1
08/13/2026,16:00:53,26.5,45.1
08/13/2026,16:05:53,26.6,45.1
08/13/2026,16:10:53,26.6,45.1
08/13/2026,16:15:53,26.7,45.1
08/13/2026,16:20:53,26.7,45.1
08/13/2026,16:25:53,26.7,45.1
08/13/2026,16:30:53,26.7,45.0
08/13/2026,16:35:53,26.7,45.0
08/13/2026,16:40:53,26.8,45.0
08/13/2026,16:45:53,26.8,45.0
08/13/2026,16:50:53,26.8,45.0
08/13/2026,16:55:53,26.8,45.0
08/13/2026,17:00:53,26.9,44.9
08/13/2026,17:05:53,26.9,44.9
08/13/2026,17:10:53,26.9,44.9
08/13/2026,17:15:53,26.9,44.9
08/13/2026,17:20:53,27.0,44.9
08/13/2026,17:25:53,27.0,44.9
08/13/2026,17:30:53,27.0,44.9
08/13/2026,17:35:53,27.1,44.9
08/13/2026,17:40:53,27.1,44.9
08/13/2026,17:45:53,27.1,44.9
08/13/2026,17:50:53,27.2,44.9
08/13/2026,17:55:53,27.2,44.9
08/13/2026,18:00:53,27.2,44.8
08/13/2026,18:05:53,27.3,44.7
08/13/2026,18:10:53,27.3,44.6
08/13/2026,18:15:53,27.3,44.6
08/13/2026,18:20:53,27.3,44.6
08/13/2026,18:25:53,27.3,44.6
08/13/2026,18:30:53,27.4,44.5
08/13/2026,18:35:53,27.4,44.5
08/13/2026,18:40:53,27.4,44.5
08/13/2026,18:45:53,27.4,44.9
08/13/2026,18:50:53,27.4,44.1
08/13/2026,18:55:53,27.5,43.6
08/13/2026,19:00:53,27.5,43.0
08/13/2026,19:05:53,27.5,42.5
08/13/2026,19:10:53,27.6,42.2
08/13/2026,19:15:53,27.6,41.6
08/13/2026,19:20:53,27.6,41.2
08/13/2026,19:25:53,27.6,40.7
08/13/2026,19:30:53,27.7,40.5
08/13/2026,19:35:53,27.7,40.2
08/13/2026,19:40:53,27.7,39.9
08/13/2026,19:45:53,27.7,39.7
08/13/2026,19:50:53,27.8,39.9
08/13/2026,19:55:53,27.8,39.7
08/13/2026,20:00:53,27.8,39.3
08/13/2026,20:05:53,27.9,39.6
08/13/2026,20:10:53,27.9,39.3
08/13/2026,20:15:53,27.9,39.3
08/13/2026,20:20:53,27.9,38.9
08/13/2026,20:25:53,27.9,39.3
08/13/2026,20:30:53,27.9,39.5
08/13/2026,20:35:53,27.9,39.7
08/13/2026,20:40:53,27.9,40.0
08/13/2026,20:45:53,27.9,40.1
08/13/2026,20:50:53,27.9,40.0
08/13/2026,20:55:53,27.8,39.9
08/13/2026,21:00:53,27.8,40.1
08/13/2026,21:05:53,27.8,40.2
08/13/2026,21:10:53,27.8,40.2
08/13/2026,21:15:53,27.7,40.3
08/13/2026,21:20:53,27.7,40.3
08/13/2026,21:25:53,27.7,40.3
08/13/2026,21:30:53,27.7,40.2
08/13/2026,21:35:53,27.7,40.2
08/13/2026,21:40:53,27.6,40.3
08/13/2026,21:45:53,27.6,40.2
08/13/2026,21:50:53,27.6,40.2
08/13/2026,21:55:53,27.6,40.2
08/13/2026,22:00:53,27.6,40.2
08/13/2026,22:05:53,27.5,40.3
08/13/2026,22:10:53,27.5,40.2
08/13/2026,22:15:53,27.5,40.2
08/13/2026,22:20:53,27.5,40.3
08/13/2026,22:25:53,27.5,40.3
08/13/2026,22:30:53,27.4,40.3
08/13/2026,22:35:53,27.5,40.3
08/13/2026,22:40:53,27.4,40.3
08/13/2026,22:45:53,27.4,40.3
08/13/2026,22:50:53,27.4,40.4
08/13/2026,22:55:53,27.4,40.3
08/13/2026,23:00:53,27.3,40.3
08/13/2026,23:05:53,27.3,40.4
08/13/2026,23:10:53,27.3,40.4
08/13/2026,23:15:53,27.3,40.4
08/13/2026,23:20:53,27.3,40.4
08/13/2026,23:25:53,27.3,40.4
08/13/2026,23:30:53,27.2,40.5
08/13/2026,23:35:53,27.2,40.5
08/13/2026,23:40:53,27.2,40.4
08/13/2026,23:45:53,27.2,40.5
08/13/2026,23:50:53,27.2,40.5
08/13/2026,23:55:53,27.2,40.5
08/14/2026,00:00:53,27.1,40.6
08/14/2026,00:05:53,27.1,40.6
08/14/2026,00:10:53,27.1,40.6
08/14/2026,00:15:53,27.1,40.6
08/14/2026,00:20:53,27.0,40.7
08/14/2026,00:25:53,27.0,40.7
08/14/2026,00:30:53,27.0,40.7
08/14/2026,00:35:53,27.0,40.7
08/14/2026,00:40:53,27.0,40.8
08/14/2026,00:45:53,27.0,40.8
08/14/2026,00:50:53,27.0,40.8
08/14/2026,00:55:53,26.9,40.8
08/14/2026,01:00:53,26.9,40.8
08/14/2026,01:05:53,26.9,40.8
08/14/2026,01:10:53,26.9,40.9
08/14/2026,01:15:53,26.9,40.8
08/14/2026,01:20:53,26.9,40.9
08/14/2026,01:25:53,26.9,40.9
08/14/2026,01:30:53,26.8,40.9
08/14/2026,01:35:53,26.8,40.9
08/14/2026,01:40:53,26.8,41.0
08/14/2026,01:45:53,26.8,41.0
08/14/2026,01:50:53,26.8,41.0
08/14/2026,01:55:53,26.8,41.1
08/14/2026,02:00:53,26.8,41.0
08/14/2026,02:05:53,26.8,41.0
08/14/2026,02:10:53,26.7,41.0
08/14/2026,02:15:53,26.7,41.1
08/14/2026,02:20:53,26.7,41.1
08/14/2026,02:25:53,26.7,41.1
08/14/2026,02:30:53,26.7,41.1
08/14/2026,02:35:53,26.7,41.1
08/14/2026,02:40:53,26.7,41.2
08/14/2026,02:45:53,26.7,41.2
08/14/2026,02:50:53,26.6,41.2
08/14/2026,02:55:53,26.6,41.2
08/14/2026,03:00:53,26.6,41.3
08/14/2026,03:05:53,26.6,41.3
08/14/2026,03:10:53,26.6,41.2
08/14/2026,03:15:53,26.6,41.3
08/14/2026,03:20:53,26.6,41.4
08/14/2026,03:25:53,26.6,41.4
08/14/2026,03:30:53,26.6,41.4
08/14/2026,03:35:53,26.5,41.4
08/14/2026,03:40:53,26.5,41.4
08/14/2026,03:45:53,26.5,41.4
08/14/2026,03:50:53,26.5,41.4
08/14/2026,03:55:53,26.5,41.4
08/14/2026,04:00:53,26.5,41.4
08/14/2026,04:05:53,26.5,41.4
08/14/2026,04:10:53,26.5,41.3
08/14/2026,04:15:53,26.4,41.4
08/14/2026,04:20:53,26.4,41.4
08/14/2026,04:25:53,26.4,41.4
08/14/2026,04:30:53,26.4,41.4
08/14/2026,04:35:53,26.4,41.4
08/14/2026,04:40:53,26.4,41.4
08/14/2026,04:45:53,26.4,41.4
08/14/2026,04:50:53,26.4,41.5
08/14/2026,04:55:53,26.3,41.4
08/14/2026,05:00:53,26.3,41.4
08/14/2026,05:05:53,26.3,41.5
08/14/2026,05:10:53,26.3,41.5
08/14/2026,05:15:53,26.3,41.5
08/14/2026,05:20:53,26.3,41.5
08/14/2026,05:25:53,26.3,41.5
08/14/2026,05:30:53,26.3,41.6
08/14/2026,05:35:53,26.3,41.6
08/14/2026,05:40:53,26.2,41.6
08/14/2026,05:45:53,26.2,41.6
08/14/2026,05:50:53,26.2,41.7
08/14/2026,05:55:53,26.2,41.7
08/14/2026,06:00:53,26.2,41.7
08/14/2026,06:05:53,26.2,41.8
08/14/2026,06:10:53,26.2,41.8
08/14/2026,06:15:53,26.1,41.9
08/14/2026,06:20:53,26.1,41.8
08/14/2026,06:25:53,26.2,41.9
08/14/2026,06:30:53,26.1,41.9
08/14/2026,06:35:53,26.1,41.9
08/14/2026,06:40:53,26.1,42.0
08/14/2026,06:45:53,26.1,41.9
08/14/2026,06:50:53,26.1,42.0
08/14/2026,06:55:53,26.1,42.0
08/14/2026,07:00:53,26.1,42.0
08/14/2026,07:05:53,26.1,41.9
08/14/2026,07:10:53,26.1,42.0
08/14/2026,07:15:53,26.1,42.0
08/14/2026,07:20:53,26.1,42.1
08/14/2026,07:25:53,26.1,42.1
08/14/2026,07:30:53,26.1,42.2
08/14/2026,07:35:53,26.1,42.2
08/14/2026,07:40:53,26.1,42.3
08/14/2026,07:45:53,26.1,42.4
08/14/2026,07:50:53,26.2,42.4
08/14/2026,07:55:53,26.2,42.5
08/14/2026,08:00:53,26.2,42.4
08/14/2026,08:05:53,26.2,42.4
08/14/2026,08:10:53,26.3,42.4
08/14/2026,08:15:53,26.5,42.3
08/14/2026,08:20:53,26.6,42.1
08/14/2026,08:25:53,26.7,41.9
08/14/2026,08:30:53,26.7,41.9
08/14/2026,08:35:53,26.7,41.9
08/14/2026,08:40:53,26.7,41.9
08/14/2026,08:45:53,26.7,41.9
08/14/2026,08:50:53,26.7,42.0
08/14/2026,08:55:53,26.6,42.1
08/14/2026,09:00:53,26.6,42.1
08/14/2026,09:05:53,26.6,42.1
08/14/2026,09:10:53,26.6,42.2
08/14/2026,09:15:53,26.6,42.2
08/14/2026,09:20:53,26.6,42.3
08/14/2026,09:25:53,26.6,42.4
08/14/2026,09:30:53,26.6,42.4
08/14/2026,09:35:53,26.6,42.5
08/14/2026,09:40:53,26.6,42.5
08/14/2026,09:45:53,26.6,42.6
08/14/2026,09:50:53,26.6,42.6
08/14/2026,09:55:53,26.5,42.7
08/14/2026,10:00:53,26.6,42.7
08/14/2026,10:05:53,26.6,42.8
08/14/2026,10:10:53,26.6,42.8
08/14/2026,10:15:53,26.6,42.9
08/14/2026,10:20:53,26.6,42.9
08/14/2026,10:25:53,26.6,42.9
08/14/2026,10:30:53,26.6,43.0
08/14/2026,10:35:53,26.6,43.0
08/14/2026,10:40:53,26.6,43.1
08/14/2026,10:45:53,26.6,43.1
08/14/2026,10:50:53,26.6,43.2
08/14/2026,10:55:53,26.6,43.2
08/14/2026,11:00:53,26.6,43.1
08/14/2026,11:05:53,26.6,43.2
08/14/2026,11:10:53,26.6,43.2
08/14/2026,11:15:53,26.6,43.2
08/14/2026,11:20:53,26.6,43.3
08/14/2026,11:25:53,26.6,43.3
08/14/2026,11:30:53,26.6,43.3
08/14/2026,11:35:53,26.6,43.4
08/14/2026,11:40:53,26.7,43.3
08/14/2026,11:45:53,26.7,43.3
08/14/2026,11:50:53,26.7,43.3
08/14/2026,11:55:53,26.7,43.4
08/14/2026,12:00:53,26.7,43.5
08/14/2026,12:05:53,26.7,43.6
08/14/2026,12:10:53,26.7,43.7
08/14/2026,12:15:53,26.8,43.9
08/14/2026,12:20:53,26.8,44.2
08/14/2026,12:25:53,26.8,45.2
08/14/2026,12:30:53,26.8,45.9
08/14/2026,12:35:53,26.9,46.7
08/14/2026,12:40:53,26.9,48.3
08/14/2026,12:45:53,27.0,48.2
08/14/2026,12:50:53,27.1,48.4
08/14/2026,12:55:53,27.1,48.1
08/14/2026,13:00:53,27.2,48.3
08/14/2026,13:05:53,27.3,48.6
08/14/2026,13:10:53,27.3,48.6
08/14/2026,13:15:53,27.4,48.6
08/14/2026,13:20:53,27.4,48.1
08/14/2026,13:25:53,27.4,48.0
08/14/2026,13:30:53,27.4,47.8
08/14/2026,13:35:53,27.5,47.7
08/14/2026,13:40:53,27.5,47.6
08/14/2026,13:45:53,27.5,47.4
08/14/2026,13:50:53,27.5,47.4
08/14/2026,13:55:53,27.5,47.3
08/14/2026,14:00:53,27.6,47.3
08/14/2026,14:05:53,27.6,47.3
08/14/2026,14:10:53,27.6,47.3
08/14/2026,14:15:53,27.7,47.3
08/14/2026,14:20:53,27.7,47.3
08/14/2026,14:25:53,27.7,47.3
08/14/2026,14:30:53,27.8,47.3
08/14/2026,14:35:53,27.8,47.2
08/14/2026,14:40:53,27.8,47.2
08/14/2026,14:45:53,27.8,47.1
08/14/2026,14:50:53,27.9,47.2
08/14/2026,14:55:53,27.9,47.2
08/14/2026,15:00:53,28.0,47.2
08/14/2026,15:05:53,28.0,47.1
08/14/2026,15:10:53,28.1,47.1
08/14/2026,15:15:53,28.1,47.0
08/14/2026,15:20:53,28.1,47.0
08/14/2026,15:25:53,28.1,46.9
08/14/2026,15:30:53,28.2,46.8
08/14/2026,15:35:53,28.2,46.6
08/14/2026,15:40:53,28.2,46.5
08/14/2026,15:45:53,28.3,46.3
08/14/2026,15:50:53,28.3,46.2
08/14/2026,15:55:53,28.3,46.0
08/14/2026,16:00:53,28.4,45.9
08/14/2026,16:05:53,28.4,45.8
08/14/2026,16:10:53,28.4,45.7
08/14/2026,16:15:53,28.4,45.5
08/14/2026,16:20:53,28.4,45.3
08/14/2026,16:25:53,28.5,45.3
08/14/2026,16:30:53,28.5,45.2
08/14/2026,16:35:53,28.5,45.1
08/14/2026,16:40:53,28.5,45.0
08/14/2026,16:45:53,28.5,44.9
08/14/2026,16:50:53,28.5,44.8
08/14/2026,16:55:53,28.5,44.7
08/14/2026,17:00:53,28.5,44.5
08/14/2026,17:05:53,28.6,44.2
08/14/2026,17:10:53,28.6,44.2
08/14/2026,17:15:53,28.6,44.2
08/14/2026,17:20:53,28.6,44.0
08/14/2026,17:25:53,28.6,44.0
08/14/2026,17:30:53,28.7,43.9
08/14/2026,17:35:53,28.7,44.0
08/14/2026,17:40:53,28.7,43.9
08/14/2026,17:45:53,28.7,43.9
08/14/2026,17:50:53,28.8,43.8
08/14/2026,17:55:53,28.8,43.8
08/14/2026,18:00:53,28.8,43.6
08/14/2026,18:05:53,28.8,43.6
08/14/2026,18:10:53,28.8,43.5
08/14/2026,18:15:53,28.9,43.5
08/14/2026,18:20:53,28.8,43.6
08/14/2026,18:25:53,28.8,43.4
08/14/2026,18:30:53,28.8,43.3
08/14/2026,18:35:53,28.8,43.4
08/14/2026,18:40:53,28.8,43.3
08/14/2026,18:45:53,28.8,43.3
08/14/2026,18:50:53,28.8,43.3
08/14/2026,18:55:53,28.8,43.2
08/14/2026,19:00:53,28.8,43.1
08/14/2026,19:05:53,28.8,43.1
08/14/2026,19:10:53,28.8,43.2
08/14/2026,19:15:53,28.8,45.1
08/14/2026,19:20:53,28.8,44.9
08/14/2026,19:25:53,28.8,44.5
08/14/2026,19:30:53,28.9,44.2
08/14/2026,19:35:53,28.9,44.3
08/14/2026,19:40:53,28.9,43.5
08/14/2026,19:45:53,28.8,43.3
08/14/2026,19:50:53,28.8,43.1
08/14/2026,19:55:53,28.8,43.0
08/14/2026,20:00:53,28.8,43.1
08/14/2026,20:05:53,28.7,43.1
08/14/2026,20:10:53,28.7,43.1
08/14/2026,20:15:53,28.7,43.1
08/14/2026,20:20:53,28.7,43.1
08/14/2026,20:25:53,28.6,43.1
08/14/2026,20:30:53,28.6,43.1
08/14/2026,20:35:53,28.6,43.1
08/14/2026,20:40:53,28.6,43.2
08/14/2026,20:45:53,28.5,43.0
08/14/2026,20:50:53,28.6,43.3
08/14/2026,20:55:53,28.5,43.5
08/14/2026,21:00:53,28.6,43.8
08/14/2026,21:05:53,28.5,43.9
08/14/2026,21:10:53,28.5,44.0
08/14/2026,21:15:53,28.4,44.1
08/14/2026,21:20:53,28.4,44.2
08/14/2026,21:25:53,28.4,44.3
08/14/2026,21:30:53,28.3,44.4
08/14/2026,21:35:53,28.3,44.5
08/14/2026,21:40:53,28.2,44.6
08/14/2026,21:45:53,28.2,44.7
08/14/2026,21:50:53,28.2,44.8
08/14/2026,21:55:53,28.2,44.8
08/14/2026,22:00:53,28.1,45.0
08/14/2026,22:05:53,28.1,45.1
08/14/2026,22:10:53,28.1,45.2
08/14/2026,22:15:53,28.1,45.1
08/14/2026,22:20:53,28.1,45.4
08/14/2026,22:25:53,28.0,45.4
08/14/2026,22:30:53,28.0,45.6
08/14/2026,22:35:53,28.0,45.6
08/14/2026,22:40:53,27.9,45.7
08/14/2026,22:45:53,27.9,45.7
08/14/2026,22:50:53,27.9,45.7
08/14/2026,22:55:53,27.8,45.9
08/14/2026,23:00:53,27.8,46.0
08/14/2026,23:05:53,27.8,46.1
08/14/2026,23:10:53,27.7,46.1
08/14/2026,23:15:53,27.7,46.2
08/14/2026,23:20:53,27.7,46.2
08/14/2026,23:25:53,27.7,46.3
08/14/2026,23:30:53,27.6,46.3
08/14/2026,23:35:53,27.6,46.4
08/14/2026,23:40:53,27.6,46.5
08/14/2026,23:45:53,27.6,46.7
08/14/2026,23:50:53,27.5,46.8
08/14/2026,23:55:53,27.5,47.1
08/15/2026,00:00:53,27.5,47.3
08/15/2026,00:05:53,27.5,47.6
08/15/2026,00:10:53,27.5,47.8
08/15/2026,00:15:53,27.4,48.0
08/15/2026,00:20:53,27.4,48.2
08/15/2026,00:25:53,27.4,48.3
08/15/2026,00:30:53,27.3,48.5
08/15/2026,00:35:53,27.3,48.6
08/15/2026,00:40:53,27.3,48.7
08/15/2026,00:45:53,27.2,48.8
08/15/2026,00:50:53,27.2,48.9
08/15/2026,00:55:53,27.1,48.9
08/15/2026,01:00:53,27.1,48.9
08/15/2026,01:05:53,27.1,48.9
08/15/2026,01:10:53,27.0,49.0
08/15/2026,01:15:53,27.0,49.0
08/15/2026,01:20:53,26.9,49.0
08/15/2026,01:25:53,26.9,49.2
08/15/2026,01:30:53,26.8,49.2
08/15/2026,01:35:53,26.8,49.2
08/15/2026,01:40:53,26.8,49.2
08/15/2026,01:45:53,26.7,49.3
08/15/2026,01:50:53,26.7,49.3
08/15/2026,01:55:53,26.6,49.4
08/15/2026,02:00:53,26.6,49.5
08/15/2026,02:05:53,26.6,49.5
08/15/2026,02:10:53,26.5,49.5
08/15/2026,02:15:53,26.5,49.4
08/15/2026,02:20:53,26.4,49.5
08/15/2026,02:25:53,26.4,49.4
08/15/2026,02:30:53,26.3,49.3
08/15/2026,02:35:53,26.3,49.2
08/15/2026,02:40:53,26.2,49.0
08/15/2026,02:45:53,26.2,48.9
08/15/2026,02:50:53,26.1,48.8
08/15/2026,02:55:53,26.1,48.7
08/15/2026,03:00:53,26.0,48.5
08/15/2026,03:05:53,26.0,48.3
08/15/2026,03:10:53,25.9,48.0
08/15/2026,03:15:53,25.8,47.9
08/15/2026,03:20:53,25.8,47.7
08/15/2026,03:25:53,25.7,47.5
08/15/2026,03:30:53,25.7,47.3
08/15/2026,03:35:53,25.7,47.1
08/15/2026,03:40:53,25.6,47.0
08/15/2026,03:45:53,25.5,46.8
08/15/2026,03:50:53,25.5,46.8
08/15/2026,03:55:53,25.4,46.7
08/15/2026,04:00:53,25.4,46.6
08/15/2026,04:05:53,25.3,46.6
08/15/2026,04:10:53,25.3,46.6
08/15/2026,04:15:53,25.2,46.6
08/15/2026,04:20:53,25.2,46.6
08/15/2026,04:25:53,25.1,46.6
08/15/2026,04:30:53,25.1,46.7
08/15/2026,04:35:53,25.1,46.7
08/15/2026,04:40:53,25.0,46.8
08/15/2026,04:45:53,25.0,46.9
08/15/2026,04:50:53,24.9,47.0
08/15/2026,04:55:53,24.9,47.0
08/15/2026,05:00:53,24.9,47.1
08/15/2026,05:05:53,24.9,47.2
08/15/2026,05:10:53,24.8,47.4
08/15/2026,05:15:53,24.8,47.7
08/15/2026,05:20:53,24.8,47.9
08/15/2026,05:25:53,24.7,48.2
08/15/2026,05:30:53,24.7,48.5
08/15/2026,05:35:53,24.7,48.8
08/15/2026,05:40:53,24.6,49.3
08/15/2026,05:45:53,24.6,50.0
08/15/2026,05:50:53,24.6,50.6
08/15/2026,05:55:53,24.6,51.4
08/15/2026,06:00:53,24.6,52.1
08/15/2026,06:05:53,24.5,52.4
08/15/2026,06:10:53,24.5,52.7
08/15/2026,06:15:53,24.5,53.2
08/15/2026,06:20:53,24.5,53.2
08/15/2026,06:25:53,24.5,53.3
08/15/2026,06:30:53,24.5,53.2
08/15/2026,06:35:53,24.5,53.4
08/15/2026,06:40:53,24.4,53.5
08/15/2026,06:45:53,24.4,53.5
08/15/2026,06:50:53,24.4,53.6
08/15/2026,06:55:53,24.4,53.6
08/15/2026,07:00:53,24.4,53.6
08/15/2026,07:05:53,24.3,53.5
08/15/2026,07:10:53,24.3,53.4
08/15/2026,07:15:53,24.3,53.3
08/15/2026,07:20:53,24.3,53.3
08/15/2026,07:25:53,24.3,53.3
08/15/2026,07:30:53,24.3,53.1
08/15/2026,07:35:53,24.3,53.0
08/15/2026,07:40:53,24.2,52.9
08/15/2026,07:45:53,24.2,52.7
08/15/2026,07:50:53,24.2,52.5
08/15/2026,07:55:53,24.2,52.4
08/15/2026,08:00:53,24.2,52.3
08/15/2026,08:05:53,24.2,52.2
08/15/2026,08:10:53,24.2,52.1
08/15/2026,08:15:53,24.1,52.1
08/15/2026,08:20:53,24.2,52.0
08/15/2026,08:25:53,24.2,51.9
08/15/2026,08:30:53,24.1,51.7
08/15/2026,08:35:53,24.1,51.6
08/15/2026,08:40:53,24.1,51.6
08/15/2026,08:45:53,24.1,51.4
08/15/2026,08:50:53,24.2,51.4
08/15/2026,08:55:53,24.1,51.3
08/15/2026,09:00:53,24.1,51.2
08/15/2026,09:05:53,24.2,51.1
08/15/2026,09:10:53,24.2,51.2
08/15/2026,09:15:53,24.2,51.1
08/15/2026,09:20:53,24.2,51.0
08/15/2026,09:25:53,24.3,51.1
08/15/2026,09:30:53,24.3,51.1
08/15/2026,09:35:53,24.3,51.0
08/15/2026,09:40:53,24.3,51.2
08/15/2026,09:45:53,24.3,51.3
08/15/2026,09:50:53,24.4,51.3
08/15/2026,09:55:53,24.4,51.3
08/15/2026,10:00:53,24.4,51.3
08/15/2026,10:05:53,24.4,51.2
08/15/2026,10:10:53,24.5,51.5
08/15/2026,10:15:53,24.5,51.8
08/15/2026,10:20:53,24.5,51.8
08/15/2026,10:25:53,24.6,51.8
08/15/2026,10:30:53,24.6,51.9
08/15/2026,10:35:53,24.7,52.0
08/15/2026,10:40:53,24.7,52.0
08/15/2026,10:45:53,24.7,51.8
08/15/2026,10:50:53,24.7,51.8
08/15/2026,10:55:53,24.8,51.7
08/15/2026,11:00:53,24.8,51.6
08/15/2026,11:05:53,24.8,51.5
08/15/2026,11:10:53,24.8,51.6
08/15/2026,11:15:53,24.8,51.6
08/15/2026,11:20:53,24.8,51.5
08/15/2026,11:25:53,24.8,51.4
08/15/2026,11:30:53,24.8,51.4
08/15/2026,11:35:53,24.8,51.3
08/15/2026,11:40:53,24.8,51.3
08/15/2026,11:45:53,24.8,51.3
08/15/2026,11:50:53,24.8,51.3
08/15/2026,11:55:53,24.8,51.3
08/15/2026,12:00:53,24.8,51.3
08/15/2026,12:05:53,24.8,51.2
08/15/2026,12:10:53,24.8,51.2
08/15/2026,12:15:53,24.8,51.3
08/15/2026,12:20:53,24.9,51.2
08/15/2026,12:25:53,24.8,51.1
08/15/2026,12:30:53,24.9,51.1
08/15/2026,12:35:53,24.9,51.3
08/15/2026,12:40:53,24.9,51.3
08/15/2026,12:45:53,24.9,51.2
08/15/2026,12:50:53,24.9,51.3
08/15/2026,12:55:53,25.0,51.3
08/15/2026,13:00:53,25.0,51.5
08/15/2026,13:05:53,25.0,51.5
08/15/2026,13:10:53,25.0,51.4
08/15/2026,13:15:53,25.0,51.5
08/15/2026,13:20:53,25.1,51.6
08/15/2026,13:25:53,25.1,51.5
08/15/2026,13:30:53,25.1,51.5
08/15/2026,13:35:53,25.2,51.4
08/15/2026,13:40:53,25.2,51.4
08/15/2026,13:45:53,25.2,51.6
08/15/2026,13:50:53,25.2,51.5
08/15/2026,13:55:53,25.2,51.4
08/15/2026,14:00:53,25.2,51.5
08/15/2026,14:05:53,25.2,51.4
08/15/2026,14:10:53,25.3,51.3
08/15/2026,14:15:53,25.3,51.3
08/15/2026,14:20:53,25.3,51.3
08/15/2026,14:25:53,25.3,51.3
08/15/2026,14:30:53,25.3,51.2
08/15/2026,14:35:53,25.4,51.2
08/15/2026,14:40:53,25.4,51.2
08/15/2026,14:45:53,25.4,51.2
08/15/2026,14:50:53,25.4,51.1
08/15/2026,14:55:53,25.4,51.1
08/15/2026,15:00:53,25.5,51.1
08/15/2026,15:05:53,25.5,51.1
08/15/2026,15:10:53,25.5,51.1
08/15/2026,15:15:53,25.5,51.2
08/15/2026,15:20:53,25.5,51.1
08/15/2026,15:25:53,25.6,51.1
08/15/2026,15:30:53,25.6,51.2
08/15/2026,15:35:53,25.6,51.3
08/15/2026,15:40:53,25.6,51.2
08/15/2026,15:45:53,25.7,51.1
08/15/2026,15:50:53,25.7,50.8
08/15/2026,15:55:53,25.7,50.8
08/15/2026,16:00:53,25.7,50.7
08/15/2026,16:05:53,25.8,50.7
08/15/2026,16:10:53,25.7,50.9
08/15/2026,16:15:53,25.8,50.9
08/15/2026,16:20:53,25.8,50.7
08/15/2026,16:25:53,25.8,50.7
08/15/2026,16:30:53,25.8,50.7
08/15/2026,16:35:53,25.8,50.5
08/15/2026,16:40:53,25.8,50.5
08/15/2026,16:45:53,25.8,50.4
08/15/2026,16:50:53,25.8,50.3
08/15/2026,16:55:53,25.8,50.2
08/15/2026,17:00:53,25.8,50.2
08/15/2026,17:05:53,25.8,50.1
08/15/2026,17:10:53,25.8,50.1
08/15/2026,17:15:53,25.8,50.0
08/15/2026,17:20:53,25.8,49.9
08/15/2026,17:25:53,25.8,49.8
08/15/2026,17:30:53,25.8,49.9
08/15/2026,17:35:53,25.7,49.8
08/15/2026,17:40:53,25.7,49.8
08/15/2026,17:45:53,25.7,49.8
08/15/2026,17:50:53,25.7,50.0
08/15/2026,17:55:53,25.7,50.0
08/15/2026,18:00:53,25.7,50.2
08/15/2026,18:05:53,25.8,50.4
08/15/2026,18:10:53,25.8,50.5
08/15/2026,18:15:53,25.9,50.6
08/15/2026,18:20:53,25.9,50.6
08/15/2026,18:25:53,26.0,50.6
08/15/2026,18:30:53,26.0,50.8
08/15/2026,18:35:53,26.1,50.9
08/15/2026,18:40:53,26.1,50.6
08/15/2026,18:45:53,26.1,50.7
08/15/2026,18:50:53,26.2,50.4
08/15/2026,18:55:53,26.2,50.4
08/15/2026,19:00:53,26.3,50.2
08/15/2026,19:05:53,26.3,49.9
08/15/2026,19:10:53,26.3,49.9
08/15/2026,19:15:53,26.3,49.7
08/15/2026,19:20:53,26.3,49.3
08/15/2026,19:25:53,26.3,49.0
08/15/2026,19:30:53,26.3,49.1
08/15/2026,19:35:53,26.3,48.8
08/15/2026,19:40:53,26.3,48.7
08/15/2026,19:45:53,26.3,48.8
08/15/2026,19:50:53,26.2,48.8
08/15/2026,19:55:53,26.2,48.6
08/15/2026,20:00:53,26.2,48.8
08/15/2026,20:05:53,26.2,49.1
08/15/2026,20:10:53,26.1,49.4
08/15/2026,20:15:53,26.1,49.5
08/15/2026,20:20:53,26.1,49.5
08/15/2026,20:25:53,26.1,49.4
08/15/2026,20:30:53,26.1,49.4
08/15/2026,20:35:53,26.1,49.5
08/15/2026,20:40:53,26.1,49.5
08/15/2026,20:45:53,26.1,49.5
08/15/2026,20:50:53,26.1,49.5
08/15/2026,20:55:53,26.1,49.5
08/15/2026,21:00:53,26.1,49.4
08/15/2026,21:05:53,26.1,49.5
08/15/2026,21:10:53,26.1,49.4
08/15/2026,21:15:53,26.1,49.3
08/15/2026,21:20:53,26.1,49.4
08/15/2026,21:25:53,26.1,49.3
08/15/2026,21:30:53,26.0,49.3
08/15/2026,21:35:53,26.0,49.3
08/15/2026,21:40:53,26.0,49.2
08/15/2026,21:45:53,26.0,49.2
08/15/2026,21:50:53,26.0,49.2
08/15/2026,21:55:53,26.0,49.1
08/15/2026,22:00:53,26.0,49.1
08/15/2026,22:05:53,26.0,49.1
08/15/2026,22:10:53,26.0,49.0
08/15/2026,22:15:53,26.0,49.0
08/15/2026,22:20:53,26.0,48.9
08/15/2026,22:25:53,25.9,48.9
08/15/2026,22:30:53,25.9,48.9
08/15/2026,22:35:53,25.9,48.9
08/15/2026,22:40:53,25.9,48.8
08/15/2026,22:45:53,25.9,48.9
08/15/2026,22:50:53,25.9,48.8
08/15/2026,22:55:53,25.9,48.8
08/15/2026,23:00:53,25.9,48.7
08/15/2026,23:05:53,25.8,48.7
08/15/2026,23:10:53,25.8,48.7
08/15/2026,23:15:53,25.8,48.7
08/15/2026,23:20:53,25.8,48.6
08/15/2026,23:25:53,25.8,48.6
08/15/2026,23:30:53,25.8,48.5
08/15/2026,23:35:53,25.8,48.5
08/15/2026,23:40:53,25.8,48.6
08/15/2026,23:45:53,25.8,48.5
08/15/2026,23:50:53,25.7,48.5
08/15/2026,23:55:53,25.7,48.5
08/16/2026,00:00:53,25.7,48.4
08/16/2026,00:05:53,25.7,48.4
08/16/2026,00:10:53,25.7,48.4
08/16/2026,00:15:53,25.7,48.4
08/16/2026,00:20:53,25.7,48.4
08/16/2026,00:25:53,25.7,48.4
08/16/2026,00:30:53,25.6,48.3
08/16/2026,00:35:53,25.6,48.3
08/16/2026,00:40:53,25.6,48.3
08/16/2026,00:45:53,25.6,48.3
08/16/2026,00:50:53,25.6,48.2
08/16/2026,00:55:53,25.6,48.2
08/16/2026,01:00:53,25.5,48.2
08/16/2026,01:05:53,25.5,48.3
08/16/2026,01:10:53,25.5,48.2
08/16/2026,01:15:53,25.5,48.2
08/16/2026,01:20:53,25.5,48.1
08/16/2026,01:25:53,25.5,48.2
08/16/2026,01:30:53,25.4,48.1
08/16/2026,01:35:53,25.4,48.1
08/16/2026,01:40:53,25.4,48.1
08/16/2026,01:45:53,25.4,48.0
08/16/2026,01:50:53,25.4,48.0
08/16/2026,01:55:53,25.4,48.0
08/16/2026,02:00:53,25.4,48.0
08/16/2026,02:05:53,25.3,48.0
08/16/2026,02:10:53,25.3,47.9
08/16/2026,02:15:53,25.3,47.9
08/16/2026,02:20:53,25.3,47.9
08/16/2026,02:25:53,25.3,47.9
08/16/2026,02:30:53,25.3,47.8
08/16/2026,02:35:53,25.2,47.8
08/16/2026,02:40:53,25.2,47.8
08/16/2026,02:45:53,25.2,47.8
08/16/2026,02:50:53,25.2,47.8
08/16/2026,02:55:53,25.2,47.7
08/16/2026,03:00:53,25.2,47.7
08/16/2026,03:05:53,25.1,47.6
08/16/2026,03:10:53,25.1,47.6
08/16/2026,03:15:53,25.1,47.6
08/16/2026,03:20:53,25.1,47.6
08/16/2026,03:25:53,25.1,47.6
08/16/2026,03:30:53,25.1,47.5
08/16/2026,03:35:53,25.1,47.5
08/16/2026,03:40:53,25.0,47.5
08/16/2026,03:45:53,25.0,47.5
08/16/2026,03:50:53,25.0,47.5
08/16/2026,03:55:53,25.0,47.5
08/16/2026,04:00:53,24.9,47.4
08/16/2026,04:05:53,25.0,47.4
08/16/2026,04:10:53,24.9,47.4
08/16/2026,04:15:53,24.9,47.4
08/16/2026,04:20:53,24.9,47.4
08/16/2026,04:25:53,24.9,47.3
08/16/2026,04:30:53,24.8,47.4
08/16/2026,04:35:53,24.8,47.4
08/16/2026,04:40:53,24.8,47.4
08/16/2026,04:45:53,24.8,47.3
08/16/2026,04:50:53,24.8,47.3
08/16/2026,04:55:53,24.8,47.4
08/16/2026,05:00:53,24.7,47.3
08/16/2026,05:05:53,24.7,47.3
08/16/2026,05:10:53,24.7,47.3
08/16/2026,05:15:53,24.7,47.3
08/16/2026,05:20:53,24.7,47.3
08/16/2026,05:25:53,24.7,47.4
08/16/2026,05:30:53,24.7,47.3
08/16/2026,05:35:53,24.6,47.3
08/16/2026,05:40:53,24.6,47.4
08/16/2026,05:45:53,24.6,47.3
08/16/2026,05:50:53,24.6,47.3
08/16/2026,05:55:53,24.6,47.3
08/16/2026,06:00:53,24.6,47.4
08/16/2026,06:05:53,24.5,47.3
08/16/2026,06:10:53,24.6,47.3
08/16/2026,06:15:53,24.5,47.3
08/16/2026,06:20:53,24.5,47.3
08/16/2026,06:25:53,24.5,47.3
08/16/2026,06:30:53,24.5,47.3
08/16/2026,06:35:53,24.5,47.3
08/16/2026,06:40:53,24.5,47.3
08/16/2026,06:45:53,24.5,47.3
08/16/2026,06:50:53,24.5,47.3
08/16/2026,06:55:53,24.4,47.3
08/16/2026,07:00:53,24.4,47.4
08/16/2026,07:05:53,24.4,47.3
08/16/2026,07:10:53,24.4,47.3
08/16/2026,07:15:53,24.4,47.3
08/16/2026,07:20:53,24.4,47.3
08/16/2026,07:25:53,24.4,47.3
08/16/2026,07:30:53,24.4,47.3
08/16/2026,07:35:53,24.4,47.4
08/16/2026,07:40:53,24.4,47.4
08/16/2026,07:45:53,24.3,48.0
08/16/2026,07:50:53,24.2,48.6
08/16/2026,07:55:53,24.2,49.0
08/16/2026,08:00:53,24.0,49.4
08/16/2026,08:05:53,24.0,49.8
08/16/2026,08:10:53,23.9,50.2
08/16/2026,08:15:53,24.0,50.3
08/16/2026,08:20:53,23.9,50.7
08/16/2026,08:25:53,24.0,50.8
08/16/2026,08:30:53,24.0,51.1
08/16/2026,08:35:53,24.0,51.2
08/16/2026,08:40:53,24.0,51.4
08/16/2026,08:45:53,24.0,51.4
08/16/2026,08:50:53,24.0,51.3
08/16/2026,08:55:53,24.0,51.5
08/16/2026,09:00:53,23.9,51.4
08/16/2026,09:05:53,23.9,51.6
08/16/2026,09:10:53,23.9,51.7
08/16/2026,09:15:53,23.8,51.8
08/16/2026,09:20:53,23.8,51.8
08/16/2026,09:25:53,23.7,52.0
08/16/2026,09:30:53,23.7,52.3
08/16/2026,09:35:53,23.7,52.6
08/16/2026,09:40:53,23.7,52.4
08/16/2026,09:45:53,23.8,52.4
08/16/2026,09:50:53,23.8,52.5
08/16/2026,09:55:53,23.8,52.6
08/16/2026,10:00:53,23.9,52.4
08/16/2026,10:05:53,23.9,52.4
08/16/2026,10:10:53,24.0,52.4
08/16/2026,10:15:53,24.0,52.1
08/16/2026,10:20:53,24.1,52.0
08/16/2026,10:25:53,24.2,52.0
08/16/2026,10:30:53,24.2,51.4
08/16/2026,10:35:53,24.3,51.4
08/16/2026,10:40:53,24.3,51.3
08/16/2026,10:45:53,24.4,51.4
08/16/2026,10:50:53,24.5,51.1
08/16/2026,10:55:53,24.5,51.0
08/16/2026,11:00:53,24.5,50.9
08/16/2026,11:05:53,24.5,50.8
08/16/2026,11:10:53,24.5,50.6
08/16/2026,11:15:53,24.5,50.6
08/16/2026,11:20:53,24.6,50.7
08/16/2026,11:25:53,24.6,50.8
08/16/2026,11:30:53,24.7,51.0
08/16/2026,11:35:53,24.7,51.4
08/16/2026,11:40:53,24.8,51.5
08/16/2026,11:45:53,24.9,51.5
08/16/2026,11:50:53,24.9,50.9
08/16/2026,11:55:53,25.0,51.3
08/16/2026,12:00:53,25.1,51.4
08/16/2026,12:05:53,25.2,51.2
08/16/2026,12:10:53,25.3,50.8
08/16/2026,12:15:53,25.4,50.6
08/16/2026,12:20:53,25.4,50.8
08/16/2026,12:25:53,25.6,51.0
08/16/2026,12:30:53,25.6,50.4
08/16/2026,12:35:53,25.7,50.1
08/16/2026,12:40:53,25.7,49.2
08/16/2026,12:45:53,25.7,48.4
08/16/2026,12:50:53,25.7,48.2
08/16/2026,12:55:53,25.7,48.1
08/16/2026,13:00:53,25.7,48.8
08/16/2026,13:05:53,25.7,48.4
08/16/2026,13:10:53,25.7,48.3
08/16/2026,13:15:53,25.7,48.3
08/16/2026,13:20:53,25.7,47.9
08/16/2026,13:25:53,25.7,48.0
08/16/2026,13:30:53,25.7,47.9
08/16/2026,13:35:53,25.7,47.9
08/16/2026,13:40:53,25.7,48.1
08/16/2026,13:45:53,25.7,47.9
08/16/2026,13:50:53,25.7,48.0
08/16/2026,13:55:53,25.7,47.9
08/16/2026,14:00:53,25.7,47.8
08/16/2026,14:05:53,25.7,47.9
08/16/2026,14:10:53,25.7,47.7
08/16/2026,14:15:53,25.7,47.8
08/16/2026,14:20:53,25.7,47.7
08/16/2026,14:25:53,25.7,47.6
08/16/2026,14:30:53,25.7,47.5
08/16/2026,14:35:53,25.7,47.6
08/16/2026,14:40:53,25.7,47.5
08/16/2026,14:45:53,25.8,47.3
08/16/2026,14:50:53,25.7,47.3
08/16/2026,14:55:53,25.8,47.4
08/16/2026,15:00:53,25.8,47.4
08/16/2026,15:05:53,25.8,47.3
08/16/2026,15:10:53,25.8,47.2
08/16/2026,15:15:53,25.8,47.3
08/16/2026,15:20:53,25.8,47.3
08/16/2026,15:25:53,25.8,47.3
08/16/2026,15:30:53,25.8,47.4
08/16/2026,15:35:53,25.8,47.4
08/16/2026,15:40:53,25.8,47.5
08/16/2026,15:45:53,25.8,47.5
08/16/2026,15:50:53,25.9,47.5
08/16/2026,15:55:53,25.9,47.5
08/16/2026,16:00:53,25.9,47.3
08/16/2026,16:05:53,25.9,47.1
08/16/2026,16:10:53,25.9,47.0
08/16/2026,16:15:53,25.9,47.0
08/16/2026,16:20:53,25.9,47.1
08/16/2026,16:25:53,25.9,46.8
08/16/2026,16:30:53,25.9,46.8
08/16/2026,16:35:53,25.9,46.6
08/16/2026,16:40:53,25.9,46.6
08/16/2026,16:45:53,25.9,46.7
08/16/2026,16:50:53,25.9,46.6
08/16/2026,16:55:53,25.9,46.5
08/16/2026,17:00:53,25.9,46.4
08/16/2026,17:05:53,25.9,46.3
08/16/2026,17:10:53,25.9,46.2
08/16/2026,17:15:53,25.9,46.1
08/16/2026,17:20:53,25.9,46.2
08/16/2026,17:25:53,25.9,46.2
08/16/2026,17:30:53,25.9,45.9
08/16/2026,17:35:53,26.0,45.8
08/16/2026,17:40:53,25.9,45.6
08/16/2026,17:45:53,25.9,45.5
08/16/2026,17:50:53,25.9,45.6
08/16/2026,17:55:53,25.9,45.4
08/16/2026,18:00:53,25.9,45.4
08/16/2026,18:05:53,25.9,45.4
08/16/2026,18:10:53,25.9,45.2
08/16/2026,18:15:53,25.9,45.2
08/16/2026,18:20:53,25.9,45.3
08/16/2026,18:25:53,25.9,45.1
08/16/2026,18:30:53,25.9,45.1
08/16/2026,18:35:53,25.9,44.7
08/16/2026,18:40:53,25.9,44.3
08/16/2026,18:45:53,25.8,44.1
08/16/2026,18:50:53,25.8,44.2
08/16/2026,18:55:53,25.8,44.0
08/16/2026,19:00:53,25.8,43.8
08/16/2026,19:05:53,25.8,43.8
08/16/2026,19:10:53,25.8,43.8
08/16/2026,19:15:53,25.7,43.7
08/16/2026,19:20:53,25.7,43.5
08/16/2026,19:25:53,25.7,43.5
08/16/2026,19:30:53,25.7,43.3
08/16/2026,19:35:53,25.6,43.4
08/16/2026,19:40:53,25.6,43.3
08/16/2026,19:45:53,25.6,43.3
08/16/2026,19:50:53,25.5,43.3
08/16/2026,19:55:53,25.5,43.3
08/16/2026,20:00:53,25.4,43.3
08/16/2026,20:05:53,25.3,43.4
08/16/2026,20:10:53,25.3,43.4
08/16/2026,20:15:53,25.2,43.5
08/16/2026,20:20:53,25.2,43.5
08/16/2026,20:25:53,25.2,43.6
08/16/2026,20:30:53,25.1,43.6
08/16/2026,20:35:53,25.1,43.6
08/16/2026,20:40:53,25.0,43.6
08/16/2026,20:45:53,24.9,43.7
08/16/2026,20:50:53,24.9,43.7
08/16/2026,20:55:53,24.8,43.8
08/16/2026,21:00:53,24.8,43.8
08/16/2026,21:05:53,24.8,43.8
08/16/2026,21:10:53,24.7,43.8
08/16/2026,21:15:53,24.7,43.9
08/16/2026,21:20:53,24.6,43.9
08/16/2026,21:25:53,24.6,43.9
08/16/2026,21:30:53,24.6,44.0
08/16/2026,21:35:53,24.5,44.0
08/16/2026,21:40:53,24.5,44.1
08/16/2026,21:45:53,24.5,44.2
08/16/2026,21:50:53,24.4,44.3
08/16/2026,21:55:53,24.3,44.4
08/16/2026,22:00:53,24.3,44.6
08/16/2026,22:05:53,24.3,44.7
08/16/2026,22:10:53,24.2,44.9
08/16/2026,22:15:53,24.2,45.0
08/16/2026,22:20:53,24.1,45.1
08/16/2026,22:25:53,24.0,45.3
08/16/2026,22:30:53,24.0,45.5
08/16/2026,22:35:53,23.9,45.7
08/16/2026,22:40:53,23.9,45.8
08/16/2026,22:45:53,23.8,45.9
08/16/2026,22:50:53,23.8,46.2
08/16/2026,22:55:53,23.8,46.5
08/16/2026,23:00:53,23.7,46.7
08/16/2026,23:05:53,23.7,46.9
08/16/2026,23:10:53,23.6,47.2
08/16/2026,23:15:53,23.6,47.6
08/16/2026,23:20:53,23.5,47.9
08/16/2026,23:25:53,23.5,48.2
08/16/2026,23:30:53,23.5,48.5
08/16/2026,23:35:53,23.4,48.8
08/16/2026,23:40:53,23.4,49.0
08/16/2026,23:45:53,23.4,49.4
08/16/2026,23:50:53,23.3,49.7
08/16/2026,23:55:53,23.3,50.0
08/17/2026,00:00:53,23.3,50.3
08/17/2026,00:05:53,23.2,50.4
08/17/2026,00:10:53,23.2,50.8
08/17/2026,00:15:53,23.1,50.9
08/17/2026,00:20:53,23.1,51.1
08/17/2026,00:25:53,23.0,51.3
08/17/2026,00:30:53,23.0,51.4
08/17/2026,00:35:53,23.0,51.6
08/17/2026,00:40:53,23.0,51.9
08/17/2026,00:45:53,22.9,51.9
08/17/2026,00:50:53,22.9,52.1
08/17/2026,00:55:53,22.8,52.1
08/17/2026,01:00:53,22.8,52.3
08/17/2026,01:05:53,22.8,52.3
08/17/2026,01:10:53,22.8,52.4
08/17/2026,01:15:53,22.7,52.4
08/17/2026,01:20:53,22.7,52.4
08/17/2026,01:25:53,22.7,52.3
08/17/2026,01:30:53,22.6,52.4
08/17/2026,01:35:53,22.6,52.4
08/17/2026,01:40:53,22.6,52.3
08/17/2026,01:45:53,22.5,52.1
08/17/2026,01:50:53,22.5,52.1
08/17/2026,01:55:53,22.5,52.0
08/17/2026,02:00:53,22.4,52.0
08/17/2026,02:05:53,22.4,52.0
08/17/2026,02:10:53,22.4,51.9
08/17/2026,02:15:53,22.3,51.8
08/17/2026,02:20:53,22.3,51.9
08/17/2026,02:25:53,22.2,51.8
08/17/2026,02:30:53,22.2,51.8
08/17/2026,02:35:53,22.2,51.8
08/17/2026,02:40:53,22.1,51.8
08/17/2026,02:45:53,22.2,51.7
08/17/2026,02:50:53,22.1,51.8
08/17/2026,02:55:53,22.1,51.7
08/17/2026,03:00:53,22.1,51.7
08/17/2026,03:05:53,22.0,51.7
08/17/2026,03:10:53,22.0,51.5
08/17/2026,03:15:53,21.9,51.6
08/17/2026,03:20:53,21.9,51.6
08/17/2026,03:25:53,21.9,51.6
08/17/2026,03:30:53,21.9,51.6
08/17/2026,03:35:53,21.9,51.7
08/17/2026,03:40:53,21.9,51.6
08/17/2026,03:45:53,21.9,51.6
08/17/2026,03:50:53,21.8,51.7
08/17/2026,03:55:53,21.8,51.7
08/17/2026,04:00:53,21.8,51.7
08/17/2026,04:05:53,21.8,51.8
08/17/2026,04:10:53,21.8,51.7
08/17/2026,04:15:53,21.8,51.8
08/17/2026,04:20:53,21.8,51.7
08/17/2026,04:25:53,21.8,51.8
08/17/2026,04:30:53,21.8,51.7
08/17/2026,04:35:53,21.8,51.7
08/17/2026,04:40:53,21.8,51.7
08/17/2026,04:45:53,21.7,51.8
08/17/2026,04:50:53,21.7,51.7
08/17/2026,04:55:53,21.7,51.7
08/17/2026,05:00:53,21.7,51.8
08/17/2026,05:05:53,21.7,51.8
08/17/2026,05:10:53,21.6,51.8
08/17/2026,05:15:53,21.6,51.8
08/17/2026,05:20:53,21.5,51.9
08/17/2026,05:25:53,21.5,51.9
08/17/2026,05:30:53,21.4,52.0
08/17/2026,05:35:53,21.4,52.1
08/17/2026,05:40:53,21.3,52.1
08/17/2026,05:45:53,21.3,52.2
08/17/2026,05:50:53,21.3,52.2
08/17/2026,05:55:53,21.2,52.4
08/17/2026,06:00:53,21.2,52.5
08/17/2026,06:05:53,21.1,52.7
08/17/2026,06:10:53,21.1,52.8
08/17/2026,06:15:53,21.1,53.0
08/17/2026,06:20:53,21.0,53.2
08/17/2026,06:25:53,21.0,53.3
08/17/2026,06:30:53,21.0,53.2
08/17/2026,06:35:53,21.0,53.2
08/17/2026,06:40:53,21.1,53.1
08/17/2026,06:45:53,21.2,52.9
08/17/2026,06:50:53,21.2,52.7
08/17/2026,06:55:53,21.3,52.7
08/17/2026,07:00:53,21.4,52.6
08/17/2026,07:05:53,21.4,52.4
08/17/2026,07:10:53,21.5,52.3
08/17/2026,07:15:53,21.5,52.3
08/17/2026,07:20:53,21.6,52.1
08/17/2026,07:25:53,21.6,52.1
08/17/2026,07:30:53,21.7,52.0
08/17/2026,07:35:53,21.8,52.0
08/17/2026,07:40:53,21.8,51.8
08/17/2026,07:45:53,21.9,51.7
08/17/2026,07:50:53,22.0,51.7
08/17/2026,07:55:53,22.1,51.6
08/17/2026,08:00:53,22.1,51.4
08/17/2026,08:05:53,22.2,51.4
08/17/2026,08:10:53,22.2,51.3
08/17/2026,08:15:53,22.3,51.1
08/17/2026,08:20:53,22.4,51.0
08/17/2026,08:25:53,22.5,50.8
08/17/2026,08:30:53,22.5,50.7
08/17/2026,08:35:53,22.6,50.7
08/17/2026,08:40:53,22.6,50.6
08/17/2026,08:45:53,22.6,50.5
08/17/2026,08:50:53,22.6,50.4
08/17/2026,08:55:53,22.7,50.3
08/17/2026,09:00:53,22.7,50.2
08/17/2026,09:05:53,22.8,50.2
08/17/2026,09:10:53,22.8,50.1
08/17/2026,09:15:53,22.9,50.0
08/17/2026,09:20:53,22.9,50.0
08/17/2026,09:25:53,22.9,49.9
08/17/2026,09:30:53,22.9,49.9
08/17/2026,09:35:53,23.0,49.9
08/17/2026,09:40:53,23.0,49.8
08/17/2026,09:45:53,23.0,49.7
08/17/2026,09:50:53,23.1,49.7
08/17/2026,09:55:53,23.1,49.6
08/17/2026,10:00:53,23.1,49.6
08/17/2026,10:05:53,23.1,49.6
08/17/2026,10:10:53,23.2,49.5
08/17/2026,10:15:53,23.2,49.5
08/17/2026,10:20:53,23.2,49.5
08/17/2026,10:25:53,23.2,49.4
08/17/2026,10:30:53,23.2,49.4
08/17/2026,10:35:53,23.3,49.4
08/17/2026,10:40:53,23.3,49.3
08/17/2026,10:45:53,23.3,49.3
08/17/2026,10:50:53,23.3,49.3
08/17/2026,10:55:53,23.4,49.2
08/17/2026,11:00:53,23.4,49.2
08/17/2026,11:05:53,23.4,49.1
08/17/2026,11:10:53,23.4,49.1
08/17/2026,11:15:53,23.5,49.1
08/17/2026,11:20:53,23.5,49.1
08/17/2026,11:25:53,23.5,49.0
08/17/2026,11:30:53,23.5,49.0
08/17/2026,11:35:53,23.5,49.0
08/17/2026,11:40:53,23.5,49.0
08/17/2026,11:45:53,23.6,49.0
08/17/2026,11:50:53,23.6,49.0
08/17/2026,11:55:53,23.6,49.0
08/17/2026,12:00:53,23.6,48.9
08/17/2026,12:05:53,23.6,49.0
08/17/2026,12:10:53,23.7,49.0
08/17/2026,12:15:53,23.7,49.0
08/17/2026,12:20:53,23.7,48.9
08/17/2026,12:25:53,23.7,48.9
08/17/2026,12:30:53,23.7,48.9
08/17/2026,12:35:53,23.8,48.9
08/17/2026,12:40:53,23.8,48.9
08/17/2026,12:45:53,23.8,48.8
08/17/2026,12:50:53,23.8,48.9
08/17/2026,12:55:53,23.8,48.8
08/17/2026,13:00:53,23.9,48.8
08/17/2026,13:05:53,23.9,48.9
08/17/2026,13:10:53,23.9,48.9
08/17/2026,13:15:53,23.9,48.8
08/17/2026,13:20:53,23.9,48.8
08/17/2026,13:25:53,24.0,48.9
08/17/2026,13:30:53,24.1,48.8
08/17/2026,13:35:53,24.1,48.7
08/17/2026,13:40:53,24.1,48.8
08/17/2026,13:45:53,24.1,48.8
08/17/2026,13:50:53,24.1,48.8
08/17/2026,13:55:53,24.1,48.8
08/17/2026,14:00:53,24.1,48.8
08/17/2026,14:05:53,24.2,48.8
08/17/2026,14:10:53,24.2,48.8
08/17/2026,14:15:53,24.2,48.7
08/17/2026,14:20:53,24.2,48.8
08/17/2026,14:25:53,24.2,48.8
08/17/2026,14:30:53,24.2,48.8
08/17/2026,14:35:53,24.2,48.8
08/17/2026,14:40:53,24.3,48.8
08/17/2026,14:45:53,24.3,48.8
08/17/2026,14:50:53,24.3,48.7
08/17/2026,14:55:53,24.3,48.8
08/17/2026,15:00:53,24.3,48.8
08/17/2026,15:05:53,24.4,48.7
08/17/2026,15:10:53,24.4,48.7
08/17/2026,15:15:53,24.4,48.7
08/17/2026,15:20:53,24.4,48.7
08/17/2026,15:25:53,24.4,48.7
08/17/2026,15:30:53,24.4,48.7
08/17/2026,15:35:53,24.4,48.7
08/17/2026,15:40:53,24.5,48.7
08/17/2026,15:45:53,24.5,48.7
08/17/2026,15:50:53,24.5,48.7
08/17/2026,15:55:53,24.5,48.6
08/17/2026,16:00:53,24.5,48.6
08/17/2026,16:05:53,24.5,48.7
08/17/2026,16:10:53,24.5,48.6
08/17/2026,16:15:53,24.5,48.6
08/17/2026,16:20:53,24.6,48.6
08/17/2026,16:25:53,24.6,48.6
08/17/2026,16:30:53,24.6,48.6
08/17/2026,16:35:53,24.6,48.6
08/17/2026,16:40:53,24.6,48.6
08/17/2026,16:45:53,24.6,48.7
08/17/2026,16:50:53,24.6,48.6
08/17/2026,16:55:53,24.6,48.6
08/17/2026,17:00:53,24.6,48.6
08/17/2026,17:05:53,24.7,48.6
08/17/2026,17:10:53,24.7,48.6
08/17/2026,17:15:53,24.6,48.7
08/17/2026,17:20:53,24.6,48.6
08/17/2026,17:25:53,24.7,48.8
08/17/2026,17:30:53,24.7,48.7
08/17/2026,17:35:53,24.7,48.7
08/17/2026,17:40:53,24.7,48.6
08/17/2026,17:45:53,24.7,48.7
08/17/2026,17:50:53,24.7,48.7
08/17/2026,17:55:53,24.7,48.7
08/17/2026,18:00:53,24.7,48.7
08/17/2026,18:05:53,24.7,48.7
08/17/2026,18:10:53,24.7,48.7
08/17/2026,18:15:53,24.8,48.7
08/17/2026,18:20:53,24.7,48.7
08/17/2026,18:25:53,24.8,48.7
08/17/2026,18:30:53,24.8,48.7
08/17/2026,18:35:53,24.8,48.7
08/17/2026,18:40:53,24.8,48.7
08/17/2026,18:45:53,24.8,48.7
08/17/2026,18:50:53,24.8,48.8
08/17/2026,18:55:53,24.8,48.8
08/17/2026,19:00:53,24.8,48.7
08/17/2026,19:05:53,24.8,48.8
08/17/2026,19:10:53,24.8,48.8
08/17/2026,19:15:53,24.8,48.7
08/17/2026,19:20:53,24.7,48.8
08/17/2026,19:25:53,24.8,48.7
08/17/2026,19:30:53,24.8,48.8
08/17/2026,19:35:53,24.8,48.7
08/17/2026,19:40:53,24.8,48.8
08/17/2026,19:45:53,24.8,48.7
08/17/2026,19:50:53,24.8,48.8
08/17/2026,19:55:53,24.8,48.7
08/17/2026,20:00:53,24.8,48.7
08/17/2026,20:05:53,24.8,48.8
08/17/2026,20:10:53,24.8,48.7
08/17/2026,20:15:53,24.8,48.7
08/17/2026,20:20:53,24.8,48.8
08/17/2026,20:25:53,24.8,48.7
08/17/2026,20:30:53,24.8,48.7
08/17/2026,20:35:53,24.8,48.8
08/17/2026,20:40:53,24.8,48.8
08/17/2026,20:45:53,24.8,48.8
08/17/2026,20:50:53,24.8,48.8
08/17/2026,20:55:53,24.8,48.8
08/17/2026,21:00:53,24.7,48.8
08/17/2026,21:05:53,24.7,48.8
08/17/2026,21:10:53,24.7,48.8
08/17/2026,21:15:53,24.7,48.9
08/17/2026,21:20:53,24.7,48.9
08/17/2026,21:25:53,24.7,48.9
08/17/2026,21:30:53,24.7,48.9
08/17/2026,21:35:53,24.7,48.9
08/17/2026,21:40:53,24.7,48.9
08/17/2026,21:45:53,24.7,49.0
08/17/2026,21:50:53,24.7,49.0
08/17/2026,21:55:53,24.7,49.0
08/17/2026,22:00:53,24.7,49.0
08/17/2026,22:05:53,24.7,49.1
08/17/2026,22:10:53,24.7,49.1
08/17/2026,22:15:53,24.7,49.1
08/17/2026,22:20:53,24.7,49.1
08/17/2026,22:25:53,24.7,49.1
08/17/2026,22:30:53,24.7,49.1
08/17/2026,22:35:53,24.7,49.2
08/17/2026,22:40:53,24.7,49.2
08/17/2026,22:45:53,24.7,49.2
08/17/2026,22:50:53,24.6,49.3
08/17/2026,22:55:53,24.6,49.3
08/17/2026,23:00:53,24.6,49.3
08/17/2026,23:05:53,24.7,49.3
08/17/2026,23:10:53,24.6,49.3
08/17/2026,23:15:53,24.6,49.4
08/17/2026,23:20:53,24.6,49.4
08/17/2026,23:25:53,24.6,49.5
08/17/2026,23:30:53,24.6,49.4
08/17/2026,23:35:53,24.6,49.4
08/17/2026,23:40:53,24.6,49.5
08/17/2026,23:45:53,24.6,49.5
08/17/2026,23:50:53,24.6,49.5
08/17/2026,23:55:53,24.6,49.6
08/18/2026,00:00:53,24.6,49.6
08/18/2026,00:05:53,24.6,49.6
08/18/2026,00:10:53,24.6,49.6
08/18/2026,00:15:53,24.6,49.6
08/18/2026,00:20:53,24.6,49.7
08/18/2026,00:25:53,24.6,49.7
08/18/2026,00:30:53,24.6,49.8
08/18/2026,00:35:53,24.6,49.9
08/18/2026,00:40:53,24.6,49.9
08/18/2026,00:45:53,24.5,49.9
08/18/2026,00:50:53,24.5,49.9
08/18/2026,00:55:53,24.5,49.9
08/18/2026,01:00:53,24.5,49.9
08/18/2026,01:05:53,24.5,50.0
08/18/2026,01:10:53,24.5,50.0
08/18/2026,01:15:53,24.5,50.0
08/18/2026,01:20:53,24.5,50.1
08/18/2026,01:25:53,24.5,50.1
08/18/2026,01:30:53,24.5,50.2
08/18/2026,01:35:53,24.5,50.2
08/18/2026,01:40:53,24.5,50.2
08/18/2026,01:45:53,24.5,50.2
08/18/2026,01:50:53,24.5,50.3
08/18/2026,01:55:53,24.5,50.2
08/18/2026,02:00:53,24.5,50.2
08/18/2026,02:05:53,24.5,50.3
08/18/2026,02:10:53,24.5,50.2
08/18/2026,02:15:53,24.5,50.2
08/18/2026,02:20:53,24.5,50.2
08/18/2026,02:25:53,24.5,50.4
08/18/2026,02:30:53,24.5,50.4
08/18/2026,02:35:53,24.5,50.5
08/18/2026,02:40:53,24.4,50.6
08/18/2026,02:45:53,24.4,50.5
08/18/2026,02:50:53,24.4,50.6
08/18/2026,02:55:53,24.4,50.6
08/18/2026,03:00:53,24.4,50.6
08/18/2026,03:05:53,24.4,50.7
08/18/2026,03:10:53,24.4,50.7
08/18/2026,03:15:53,24.4,50.8
08/18/2026,03:20:53,24.3,50.8
08/18/2026,03:25:53,24.4,50.8
08/18/2026,03:30:53,24.3,50.8
08/18/2026,03:35:53,24.3,50.8
08/18/2026,03:40:53,24.3,50.9
08/18/2026,03:45:53,24.3,50.9
08/18/2026,03:50:53,24.3,50.9
08/18/2026,03:55:53,24.3,51.0
08/18/2026,04:00:53,24.3,50.9
08/18/2026,04:05:53,24.3,51.0
08/18/2026,04:10:53,24.3,51.0
08/18/2026,04:15:53,24.3,51.0
08/18/2026,04:20:53,24.3,51.0
08/18/2026,04:25:53,24.3,51.1
08/18/2026,04:30:53,24.3,51.0
08/18/2026,04:35:53,24.2,51.0
08/18/2026,04:40:53,24.3,51.1
08/18/2026,04:45:53,24.2,51.1
08/18/2026,04:50:53,24.2,51.1
08/18/2026,04:55:53,24.2,51.2
08/18/2026,05:00:53,24.2,51.2
08/18/2026,05:05:53,24.2,51.2
08/18/2026,05:10:53,24.2,51.2
08/18/2026,05:15:53,24.2,51.2
08/18/2026,05:20:53,24.2,51.3
08/18/2026,05:25:53,24.2,51.3
08/18/2026,05:30:53,24.2,51.3
08/18/2026,05:35:53,24.1,51.3
08/18/2026,05:40:53,24.1,51.3
08/18/2026,05:45:53,24.1,51.4
08/18/2026,05:50:53,24.1,51.3
08/18/2026,05:55:53,24.1,51.3
08/18/2026,06:00:53,24.1,51.3
08/18/2026,06:05:53,24.1,51.4
08/18/2026,06:10:53,24.1,51.4
08/18/2026,06:15:53,24.1,51.4
08/18/2026,06:20:53,24.1,51.5
08/18/2026,06:25:53,24.0,51.6
08/18/2026,06:30:53,24.0,51.6
08/18/2026,06:35:53,24.0,51.5
08/18/2026,06:40:53,24.0,51.5
08/18/2026,06:45:53,24.0,51.5
08/18/2026,06:50:53,24.0,51.5
08/18/2026,06:55:53,24.0,51.6
08/18/2026,07:00:53,24.0,51.6
08/18/2026,07:05:53,24.0,51.5
08/18/2026,07:10:53,24.0,51.6
08/18/2026,07:15:53,24.0,51.7
08/18/2026,07:20:53,24.0,51.7
08/18/2026,07:25:53,24.0,51.7
08/18/2026,07:30:53,24.0,51.8
08/18/2026,07:35:53,24.0,51.8
08/18/2026,07:40:53,23.9,51.8
08/18/2026,07:45:53,24.0,51.8
08/18/2026,07:50:53,23.9,51.9
08/18/2026,07:55:53,23.9,51.9
08/18/2026,08:00:53,23.9,51.9
08/18/2026,08:05:53,23.9,51.9
08/18/2026,08:10:53,23.9,51.9
08/18/2026,08:15:53,23.9,52.0
08/18/2026,08:20:53,23.9,52.0
08/18/2026,08:25:53,23.9,52.0
08/18/2026,08:30:53,23.9,52.0
08/18/2026,08:35:53,23.9,52.1
08/18/2026,08:40:53,23.9,52.1
08/18/2026,08:45:53,23.9,52.1
08/18/2026,08:50:53,23.9,52.1
08/18/2026,08:55:53,23.9,52.1
08/18/2026,09:00:53,23.9,52.1
08/18/2026,09:05:53,23.9,52.1
08/18/2026,09:10:53,23.9,52.1
08/18/2026,09:15:53,23.9,52.2
08/18/2026,09:20:53,23.9,52.3
08/18/2026,09:25:53,23.9,52.3
08/18/2026,09:30:53,23.9,52.3
08/18/2026,09:35:53,23.8,52.4
08/18/2026,09:40:53,23.9,52.3
08/18/2026,09:45:53,23.8,52.3
08/18/2026,09:50:53,23.8,52.3
08/18/2026,09:55:53,23.8,52.3
08/18/2026,10:00:53,23.8,52.4
08/18/2026,10:05:53,23.9,52.5
08/18/2026,10:10:53,23.8,52.6
08/18/2026,10:15:53,23.8,52.6
08/18/2026,10:20:53,23.9,52.6
08/18/2026,10:25:53,23.9,52.6
08/18/2026,10:30:53,23.8,52.6
08/18/2026,10:35:53,23.8,52.6
08/18/2026,10:40:53,23.9,52.7
08/18/2026,10:45:53,23.9,52.7
08/18/2026,10:50:53,23.9,52.7
08/18/2026,10:55:53,23.9,52.7
08/18/2026,11:00:53,23.9,52.7
08/18/2026,11:05:53,23.9,52.7
08/18/2026,11:10:53,23.9,52.5
08/18/2026,11:15:53,23.9,52.7
08/18/2026,11:20:53,23.9,52.7
08/18/2026,11:25:53,23.9,52.8
08/18/2026,11:30:53,23.9,52.7
08/18/2026,11:35:53,23.9,52.9
08/18/2026,11:40:53,23.9,52.9
08/18/2026,11:45:53,23.9,52.9
08/18/2026,11:50:53,23.9,52.9
08/18/2026,11:55:53,23.9,53.0
08/18/2026,12:00:53,24.0,52.7
08/18/2026,12:05:53,23.9,52.8
08/18/2026,12:10:53,24.0,52.9
08/18/2026,12:15:53,24.0,53.0
08/18/2026,12:20:53,24.0,52.8
08/18/2026,12:25:53,24.0,52.9
08/18/2026,12:30:53,24.0,52.9
08/18/2026,12:35:53,24.0,52.9
08/18/2026,12:40:53,24.0,52.9
08/18/2026,12:45:53,24.0,52.9
08/18/2026,12:50:53,24.0,52.9
08/18/2026,12:55:53,24.1,52.9
08/18/2026,13:00:53,24.1,52.9
08/18/2026,13:05:53,24.1,53.0
08/18/2026,13:10:53,24.1,53.0
08/18/2026,13:15:53,24.1,52.9
08/18/2026,13:20:53,24.1,53.1
08/18/2026,13:25:53,24.1,52.9
08/18/2026,13:30:53,24.1,53.1
08/18/2026,13:35:53,24.1,53.0
08/18/2026,13:40:53,24.2,53.0
08/18/2026,13:45:53,24.2,53.0
08/18/2026,13:50:53,24.2,53.0
08/18/2026,13:55:53,24.2,53.0
08/18/2026,14:00:53,24.2,53.0
08/18/2026,14:05:53,24.2,52.9
08/18/2026,14:10:53,24.2,53.0
08/18/2026,14:15:53,24.2,53.0
08/18/2026,14:20:53,24.3,53.0
08/18/2026,14:25:53,24.3,53.0
08/18/2026,14:30:53,24.3,53.0
08/18/2026,14:35:53,24.3,52.9
08/18/2026,14:40:53,24.3,52.9
08/18/2026,14:45:53,24.3,52.9
08/18/2026,14:50:53,24.3,52.9
08/18/2026,14:55:53,24.3,52.8
08/18/2026,15:00:53,24.3,52.9
08/18/2026,15:05:53,24.3,52.8
08/18/2026,15:10:53,24.3,52.8
08/18/2026,15:15:53,24.3,52.8
08/18/2026,15:20:53,24.3,52.8
08/18/2026,15:25:53,24.3,52.7
08/18/2026,15:30:53,24.3,52.7
08/18/2026,15:35:53,24.3,52.6
08/18/2026,15:40:53,24.3,52.5
08/18/2026,15:45:53,24.3,52.4
08/18/2026,15:50:53,24.3,52.4
08/18/2026,15:55:53,24.3,52.3
08/18/2026,16:00:53,24.4,52.3
08/18/2026,16:05:53,24.4,52.2
08/18/2026,16:10:53,24.4,52.3
08/18/2026,16:15:53,24.4,52.3
08/18/2026,16:20:53,24.4,52.3
08/18/2026,16:25:53,24.4,52.3
08/18/2026,16:30:53,24.4,52.3
08/18/2026,16:35:53,24.4,52.2
08/18/2026,16:40:53,24.4,52.3
08/18/2026,16:45:53,24.4,52.2
08/18/2026,16:50:53,24.4,52.2
08/18/2026,16:55:53,24.4,52.2
08/18/2026,17:00:53,24.4,52.2
08/18/2026,17:05:53,24.5,52.2
08/18/2026,17:10:53,24.4,52.2
08/18/2026,17:15:53,24.4,52.1
08/18/2026,17:20:53,24.5,52.1
08/18/2026,17:25:53,24.4,52.0
08/18/2026,17:30:53,24.4,51.9
08/18/2026,17:35:53,24.5,52.0
08/18/2026,17:40:53,24.5,51.9
08/18/2026,17:45:53,24.4,52.0
08/18/2026,17:50:53,24.5,51.9
08/18/2026,17:55:53,24.4,51.9
08/18/2026,18:00:53,24.4,51.8
08/18/2026,18:05:53,24.4,51.9
08/18/2026,18:10:53,24.4,51.9
08/18/2026,18:15:53,24.4,51.8
08/18/2026,18:20:53,24.4,51.8
08/18/2026,18:25:53,24.4,51.8
08/18/2026,18:30:53,24.4,51.8
08/18/2026,18:35:53,24.4,51.5
08/18/2026,18:40:53,24.4,51.4
08/18/2026,18:45:53,24.4,51.2
08/18/2026,18:50:53,24.4,51.1
08/18/2026,18:55:53,24.4,51.1
08/18/2026,19:00:53,24.4,51.2
08/18/2026,19:05:53,24.4,51.3
08/18/2026,19:10:53,24.4,51.2
08/18/2026,19:15:53,24.4,51.2
08/18/2026,19:20:53,24.4,51.4
08/18/2026,19:25:53,24.4,51.3
08/18/2026,19:30:53,24.4,51.4
08/18/2026,19:35:53,24.5,51.6
08/18/2026,19:40:53,24.4,51.6
08/18/2026,19:45:53,24.5,51.6
08/18/2026,19:50:53,24.4,51.6
08/18/2026,19:55:53,24.5,51.6
08/18/2026,20:00:53,24.5,51.5
08/18/2026,20:05:53,24.5,51.5
08/18/2026,20:10:53,24.5,51.5
08/18/2026,20:15:53,24.5,51.4
08/18/2026,20:20:53,24.5,51.5
08/18/2026,20:25:53,24.5,51.5
08/18/2026,20:30:53,24.5,51.5
08/18/2026,20:35:53,24.5,51.5
08/18/2026,20:40:53,24.5,51.4
08/18/2026,20:45:53,24.5,51.5
08/18/2026,20:50:53,24.5,51.5
08/18/2026,20:55:53,24.5,51.5
08/18/2026,21:00:53,24.5,51.5
08/18/2026,21:05:53,24.5,51.4
08/18/2026,21:10:53,24.5,51.5
08/18/2026,21:15:53,24.4,51.5
08/18/2026,21:20:53,24.4,51.5
08/18/2026,21:25:53,24.4,51.5
08/18/2026,21:30:53,24.4,51.5
08/18/2026,21:35:53,24.4,51.5
08/18/2026,21:40:53,24.4,51.5
08/18/2026,21:45:53,24.4,51.5
08/18/2026,21:50:53,24.4,51.5
08/18/2026,21:55:53,24.4,51.4
08/18/2026,22:00:53,24.4,51.5
08/18/2026,22:05:53,24.3,51.5
08/18/2026,22:10:53,24.3,51.5
08/18/2026,22:15:53,24.3,51.4
08/18/2026,22:20:53,24.3,51.4
08/18/2026,22:25:53,24.3,51.4
08/18/2026,22:30:53,24.3,51.5
08/18/2026,22:35:53,24.3,51.4
08/18/2026,22:40:53,24.3,51.4
08/18/2026,22:45:53,24.3,51.4
08/18/2026,22:50:53,24.3,51.4
08/18/2026,22:55:53,24.3,51.4
08/18/2026,23:00:53,24.2,51.4
08/18/2026,23:05:53,24.3,51.4
08/18/2026,23:10:53,24.2,51.3
08/18/2026,23:15:53,24.2,51.4
08/18/2026,23:20:53,24.2,51.4
08/18/2026,23:25:53,24.2,51.3
08/18/2026,23:30:53,24.2,51.2
08/18/2026,23:35:53,24.2,51.3
08/18/2026,23:40:53,24.2,51.3
08/18/2026,23:45:53,24.2,51.2
08/18/2026,23:50:53,24.2,51.2
08/18/2026,23:55:53,24.1,51.2
08/19/2026,00:00:53,24.1,51.2
08/19/2026,00:05:53,24.1,51.2
08/19/2026,00:10:53,24.1,51.2
08/19/2026,00:15:53,24.1,51.2
08/19/2026,00:20:53,24.1,51.1
08/19/2026,00:25:53,24.1,51.1
08/19/2026,00:30:53,24.1,51.1
08/19/2026,00:35:53,24.1,51.1
08/19/2026,00:40:53,24.1,51.0
08/19/2026,00:45:53,24.0,51.0
08/19/2026,00:50:53,24.0,51.1
08/19/2026,00:55:53,24.0,51.0
08/19/2026,01:00:53,24.0,51.0
08/19/2026,01:05:53,24.0,51.0
08/19/2026,01:10:53,24.0,51.0
08/19/2026,01:15:53,24.0,51.0
08/19/2026,01:20:53,24.0,51.0
08/19/2026,01:25:53,24.0,51.0
08/19/2026,01:30:53,24.0,51.0
08/19/2026,01:35:53,24.0,51.0
08/19/2026,01:40:53,23.9,51.0
08/19/2026,01:45:53,23.9,50.9
08/19/2026,01:50:53,23.9,50.9
08/19/2026,01:55:53,23.9,50.9
08/19/2026,02:00:53,23.9,50.9
08/19/2026,02:05:53,23.9,50.9
08/19/2026,02:10:53,23.9,50.9
08/19/2026,02:15:53,23.9,50.9
08/19/2026,02:20:53,23.9,50.9
08/19/2026,02:25:53,23.9,50.8
08/19/2026,02:30:53,23.9,50.8
08/19/2026,02:35:53,23.8,50.8
08/19/2026,02:40:53,23.8,50.8
08/19/2026,02:45:53,23.8,50.8
08/19/2026,02:50:53,23.8,50.8
08/19/2026,02:55:53,23.8,50.8
08/19/2026,03:00:53,23.8,50.8
08/19/2026,03:05:53,23.8,50.8
08/19/2026,03:10:53,23.8,50.9
08/19/2026,03:15:53,23.8,50.8
08/19/2026,03:20:53,23.8,50.8
08/19/2026,03:25:53,23.8,50.8
08/19/2026,03:30:53,23.7,50.8
08/19/2026,03:35:53,23.7,50.8
08/19/2026,03:40:53,23.7,50.8
08/19/2026,03:45:53,23.7,50.8
08/19/2026,03:50:53,23.7,50.8
08/19/2026,03:55:53,23.7,50.8
08/19/2026,04:00:53,23.7,50.9
08/19/2026,04:05:53,23.7,50.9
08/19/2026,04:10:53,23.7,50.8
08/19/2026,04:15:53,23.7,50.8
08/19/2026,04:20:53,23.7,50.8
08/19/2026,04:25:53,23.7,50.8
08/19/2026,04:30:53,23.6,50.8
08/19/2026,04:35:53,23.6,50.9
08/19/2026,04:40:53,23.6,50.8
08/19/2026,04:45:53,23.6,50.8
08/19/2026,04:50:53,23.6,50.8
08/19/2026,04:55:53,23.6,50.8
08/19/2026,05:00:53,23.6,50.8
08/19/2026,05:05:53,23.6,50.8
08/19/2026,05:10:53,23.6,50.8
08/19/2026,05:15:53,23.6,50.8
08/19/2026,05:20:53,23.6,50.8
08/19/2026,05:25:53,23.5,50.7
08/19/2026,05:30:53,23.5,50.8
08/19/2026,05:35:53,23.5,50.8
08/19/2026,05:40:53,23.5,50.8
08/19/2026,05:45:53,23.5,50.8
08/19/2026,05:50:53,23.5,50.8
08/19/2026,05:55:53,23.5,50.8
08/19/2026,06:00:53,23.5,50.8
08/19/2026,06:05:53,23.5,50.8
08/19/2026,06:10:53,23.5,50.8
08/19/2026,06:15:53,23.5,50.8
08/19/2026,06:20:53,23.4,50.8
08/19/2026,06:25:53,23.4,50.8
08/19/2026,06:30:53,23.4,50.8
08/19/2026,06:35:53,23.4,50.8
08/19/2026,06:40:53,23.4,50.7
08/19/2026,06:45:53,23.4,50.7
08/19/2026,06:50:53,23.4,50.8
08/19/2026,06:55:53,23.4,50.8
08/19/2026,07:00:53,23.4,50.7
08/19/2026,07:05:53,23.4,50.8
08/19/2026,07:10:53,23.4,50.8
08/19/2026,07:15:53,23.4,50.8
08/19/2026,07:20:53,23.3,50.8
08/19/2026,07:25:53,23.3,50.8
08/19/2026,07:30:53,23.3,50.8
08/19/2026,07:35:53,23.3,50.8
08/19/2026,07:40:53,23.3,50.7
08/19/2026,07:45:53,23.3,50.8
08/19/2026,07:50:53,23.3,50.8
08/19/2026,07:55:53,23.3,50.8
08/19/2026,08:00:53,23.3,50.8
08/19/2026,08:05:53,23.3,50.9
08/19/2026,08:10:53,23.3,50.9
08/19/2026,08:15:53,23.3,50.9
08/19/2026,08:20:53,23.3,50.9
08/19/2026,08:25:53,23.4,50.8
08/19/2026,08:30:53,23.4,50.8
08/19/2026,08:35:53,23.4,50.8
08/19/2026,08:40:53,23.4,50.8
08/19/2026,08:45:53,23.4,50.8
08/19/2026,08:50:53,23.4,50.8
08/19/2026,08:55:53,23.4,50.8
08/19/2026,09:00:53,23.4,50.8
08/19/2026,09:05:53,23.4,50.9
08/19/2026,09:10:53,23.4,50.8
08/19/2026,09:15:53,23.4,50.8
08/19/2026,09:20:53,23.4,50.8
08/19/2026,09:25:53,23.4,50.8
08/19/2026,09:30:53,23.4,50.8
08/19/2026,09:35:53,23.4,50.8
08/19/2026,09:40:53,23.4,50.7
08/19/2026,09:45:53,23.4,50.8
08/19/2026,09:50:53,23.4,50.8
08/19/2026,09:55:53,23.4,50.7
08/19/2026,10:00:53,23.4,50.8
08/19/2026,10:05:53,23.4,50.8
08/19/2026,10:10:53,23.4,50.7
08/19/2026,10:15:53,23.5,50.7
08/19/2026,10:20:53,23.4,50.8
08/19/2026,10:25:53,23.4,50.7
08/19/2026,10:30:53,23.4,50.7
08/19/2026,10:35:53,23.5,50.7
08/19/2026,10:40:53,23.5,50.7
08/19/2026,10:45:53,23.5,50.7
08/19/2026,10:50:53,23.5,50.7
08/19/2026,10:55:53,23.5,50.7
08/19/2026,11:00:53,23.5,50.7
08/19/2026,11:05:53,23.5,50.7
08/19/2026,11:10:53,23.5,50.7
08/19/2026,11:15:53,23.5,50.7
08/19/2026,11:20:53,23.5,50.6
08/19/2026,11:25:53,23.5,50.7
08/19/2026,11:30:53,23.5,50.6
08/19/2026,11:35:53,23.5,50.6
08/19/2026,11:40:53,23.5,50.7
08/19/2026,11:45:53,23.5,50.6
08/19/2026,11:50:53,23.5,50.6
08/19/2026,11:55:53,23.5,50.6
08/19/2026,12:00:53,23.5,50.6
08/19/2026,12:05:53,23.6,50.6
08/19/2026,12:10:53,23.6,50.6
08/19/2026,12:15:53,23.6,50.6
08/19/2026,12:20:53,23.6,50.5
08/19/2026,12:25:53,23.6,50.6
08/19/2026,12:30:53,23.6,50.6
08/19/2026,12:35:53,23.6,50.5
08/19/2026,12:40:53,23.6,50.5
08/19/2026,12:45:53,23.6,50.5
08/19/2026,12:50:53,23.6,50.5
08/19/2026,12:55:53,23.6,50.5
08/19/2026,13:00:53,23.6,50.5
08/19/2026,13:05:53,23.6,50.5
08/19/2026,13:10:53,23.6,50.5
08/19/2026,13:15:53,23.6,50.5
08/19/2026,13:20:53,23.7,50.5
08/19/2026,13:25:53,23.6,50.5
08/19/2026,13:30:53,23.7,50.5
08/19/2026,13:35:53,23.7,50.6
08/19/2026,13:40:53,23.7,50.6
08/19/2026,13:45:53,23.7,50.5
08/19/2026,13:50:53,23.7,50.5
08/19/2026,13:55:53,23.7,50.6
08/19/2026,14:00:53,23.7,50.5
08/19/2026,14:05:53,23.7,50.6
08/19/2026,14:10:53,23.7,50.5
08/19/2026,14:15:53,23.7,50.5
08/19/2026,14:20:53,23.8,50.6
08/19/2026,14:25:53,23.8,50.5
08/19/2026,14:30:53,23.8,50.5
08/19/2026,14:35:53,23.8,50.6
08/19/2026,14:40:53,23.8,50.5
08/19/2026,14:45:53,23.8,50.5
08/19/2026,14:50:53,23.8,50.5
08/19/2026,14:55:53,23.8,50.5
08/19/2026,15:00:53,23.8,50.5
08/19/2026,15:05:53,23.8,50.5
08/19/2026,15:10:53,23.8,50.5
08/19/2026,15:15:53,23.8,50.5
08/19/2026,15:20:53,23.8,50.5
08/19/2026,15:25:53,23.8,50.5
08/19/2026,15:30:53,23.8,50.4
08/19/2026,15:35:53,23.8,50.4
08/19/2026,15:40:53,23.9,50.4
08/19/2026,15:45:53,23.9,50.4
08/19/2026,15:50:53,23.9,50.3
08/19/2026,15:55:53,23.9,50.4
08/19/2026,16:00:53,23.9,50.4
08/19/2026,16:05:53,23.9,50.4
08/19/2026,16:10:53,23.9,50.4
08/19/2026,16:15:53,23.9,50.3
08/19/2026,16:20:53,23.9,50.3
08/19/2026,16:25:53,23.9,50.2
08/19/2026,16:30:53,24.0,50.3
08/19/2026,16:35:53,23.9,50.3
08/19/2026,16:40:53,24.0,50.2
08/19/2026,16:45:53,24.0,50.3
08/19/2026,16:50:53,24.0,50.2
08/19/2026,16:55:53,24.0,50.2
08/19/2026,17:00:53,24.0,50.2
08/19/2026,17:05:53,24.1,50.3
08/19/2026,17:10:53,24.1,50.2
08/19/2026,17:15:53,24.1,50.2
08/19/2026,17:20:53,24.1,50.2
08/19/2026,17:25:53,24.1,50.2
08/19/2026,17:30:53,24.2,50.2
08/19/2026,17:35:53,24.2,50.2
08/19/2026,17:40:53,24.2,50.1
08/19/2026,17:45:53,24.2,50.1
08/19/2026,17:50:53,24.2,50.1
08/19/2026,17:55:53,24.2,50.1
08/19/2026,18:00:53,24.2,50.1
08/19/2026,18:05:53,24.2,50.0
08/19/2026,18:10:53,24.2,50.1
08/19/2026,18:15:53,24.2,50.0
08/19/2026,18:20:53,24.2,50.0
08/19/2026,18:25:53,24.2,49.9
08/19/2026,18:30:53,24.2,50.0
08/19/2026,18:35:53,24.2,50.0
08/19/2026,18:40:53,24.2,49.9
08/19/2026,18:45:53,24.2,49.9
08/19/2026,18:50:53,24.2,49.9
08/19/2026,18:55:53,24.2,49.9
08/19/2026,19:00:53,24.2,49.9
08/19/2026,19:05:53,24.2,49.9
08/19/2026,19:10:53,24.2,50.0
08/19/2026,19:15:53,24.2,50.2
08/19/2026,19:20:53,24.2,50.3
08/19/2026,19:25:53,24.2,50.4
08/19/2026,19:30:53,24.2,50.6
08/19/2026,19:35:53,24.2,50.8
08/19/2026,19:40:53,24.2,50.8
08/19/2026,19:45:53,24.2,51.0
08/19/2026,19:50:53,24.3,51.0
08/19/2026,19:55:53,24.3,50.9
08/19/2026,20:00:53,24.3,51.0
08/19/2026,20:05:53,24.3,51.0
08/19/2026,20:10:53,24.3,51.1
08/19/2026,20:15:53,24.3,51.1
08/19/2026,20:20:53,24.3,51.1
08/19/2026,20:25:53,24.3,51.1
08/19/2026,20:30:53,24.3,51.0
08/19/2026,20:35:53,24.3,51.2
08/19/2026,20:40:53,24.3,51.1
08/19/2026,20:45:53,24.3,50.9
08/19/2026,20:50:53,24.3,50.9
08/19/2026,20:55:53,24.3,50.8
08/19/2026,21:00:53,24.3,50.9
08/19/2026,21:05:53,24.3,51.0
08/19/2026,21:10:53,24.3,50.9
08/19/2026,21:15:53,24.3,50.9
08/19/2026,21:20:53,24.3,51.0
08/19/2026,21:25:53,24.3,51.0
08/19/2026,21:30:53,24.3,51.1
08/19/2026,21:35:53,24.3,51.2
08/19/2026,21:40:53,24.3,51.2
08/19/2026,21:45:53,24.3,51.3
08/19/2026,21:50:53,24.3,51.2
08/19/2026,21:55:53,24.3,51.4
08/19/2026,22:00:53,24.2,51.4
08/19/2026,22:05:53,24.2,51.5
08/19/2026,22:10:53,24.2,51.4
08/19/2026,22:15:53,24.2,51.5
08/19/2026,22:20:53,24.2,51.5
08/19/2026,22:25:53,24.2,51.4
08/19/2026,22:30:53,24.2,51.5
08/19/2026,22:35:53,24.2,51.5
08/19/2026,22:40:53,24.2,51.5
08/19/2026,22:45:53,24.2,51.5
08/19/2026,22:50:53,24.1,51.4
08/19/2026,22:55:53,24.1,51.4
08/19/2026,23:00:53,24.1,51.4
08/19/2026,23:05:53,24.1,51.4
08/19/2026,23:10:53,24.1,51.4
08/19/2026,23:15:53,24.1,51.4
08/19/2026,23:20:53,24.0,51.3
08/19/2026,23:25:53,24.1,51.3
08/19/2026,23:30:53,24.0,51.3
08/19/2026,23:35:53,24.0,51.3
08/19/2026,23:40:53,24.0,51.3
08/19/2026,23:45:53,24.0,51.3
08/19/2026,23:50:53,24.0,51.2
08/19/2026,23:55:53,23.9,51.2
08/20/2026,00:00:53,23.9,51.2
08/20/2026,00:05:53,24.0,51.2
08/20/2026,00:10:53,23.9,51.2
08/20/2026,00:15:53,23.9,51.2
08/20/2026,00:20:53,23.9,51.2
08/20/2026,00:25:53,23.9,51.2
08/20/2026,00:30:53,23.9,51.2
08/20/2026,00:35:53,23.9,51.1
08/20/2026,00:40:53,23.8,51.1
08/20/2026,00:45:53,23.8,51.1
08/20/2026,00:50:53,23.8,51.1
08/20/2026,00:55:53,23.8,51.1
08/20/2026,01:00:53,23.8,51.0
08/20/2026,01:05:53,23.8,51.0
08/20/2026,01:10:53,23.7,51.0
08/20/2026,01:15:53,23.7,51.0
08/20/2026,01:20:53,23.7,50.9
08/20/2026,01:25:53,23.7,50.9
08/20/2026,01:30:53,23.7,50.9
08/20/2026,01:35:53,23.7,50.9
08/20/2026,01:40:53,23.7,50.9
08/20/2026,01:45:53,23.6,50.8
08/20/2026,01:50:53,23.6,50.8
08/20/2026,01:55:53,23.6,50.8
08/20/2026,02:00:53,23.6,50.7
08/20/2026,02:05:53,23.6,50.7
08/20/2026,02:10:53,23.6,50.7
08/20/2026,02:15:53,23.6,50.6
08/20/2026,02:20:53,23.6,50.6
08/20/2026,02:25:53,23.6,50.6
08/20/2026,02:30:53,23.5,50.6
08/20/2026,02:35:53,23.5,50.5
08/20/2026,02:40:53,23.5,50.5
08/20/2026,02:45:53,23.5,50.5
08/20/2026,02:50:53,23.4,50.5
08/20/2026,02:55:53,23.5,50.5
08/20/2026,03:00:53,23.5,50.5
08/20/2026,03:05:53,23.5,50.5
08/20/2026,03:10:53,23.4,50.4
08/20/2026,03:15:53,23.4,50.4
08/20/2026,03:20:53,23.4,50.4
08/20/2026,03:25:53,23.4,50.3
08/20/2026,03:30:53,23.4,50.3
08/20/2026,03:35:53,23.4,50.3
08/20/2026,03:40:53,23.4,50.3
08/20/2026,03:45:53,23.3,50.3
08/20/2026,03:50:53,23.3,50.3
08/20/2026,03:55:53,23.3,50.2
08/20/2026,04:00:53,23.3,50.2
08/20/2026,04:05:53,23.3,50.2
08/20/2026,04:10:53,23.3,50.2
08/20/2026,04:15:53,23.3,50.2
08/20/2026,04:20:53,23.2,50.2
08/20/2026,04:25:53,23.2,50.2
08/20/2026,04:30:53,23.2,50.2
08/20/2026,04:35:53,23.2,50.2
08/20/2026,04:40:53,23.2,50.2
08/20/2026,04:45:53,23.2,50.1
08/20/2026,04:50:53,23.1,50.1
08/20/2026,04:55:53,23.1,50.1
08/20/2026,05:00:53,23.1,50.1
08/20/2026,05:05:53,23.1,50.1
08/20/2026,05:10:53,23.1,50.1
08/20/2026,05:15:53,23.1,50.1
08/20/2026,05:20:53,23.1,50.1
08/20/2026,05:25:53,23.0,50.1
08/20/2026,05:30:53,23.0,50.0
08/20/2026,05:35:53,23.0,50.1
08/20/2026,05:40:53,23.0,50.0
08/20/2026,05:45:53,23.0,50.0
08/20/2026,05:50:53,23.0,50.0
08/20/2026,05:55:53,23.0,50.0
08/20/2026,06:00:53,23.0,50.0
08/20/2026,06:05:53,23.0,50.0
08/20/2026,06:10:53,22.9,50.0
08/20/2026,06:15:53,22.9,49.9
08/20/2026,06:20:53,22.9,49.9
08/20/2026,06:25:53,22.9,49.9
08/20/2026,06:30:53,22.9,49.9
08/20/2026,06:35:53,22.9,49.9
08/20/2026,06:40:53,22.9,49.9
08/20/2026,06:45:53,22.9,50.0
08/20/2026,06:50:53,22.9,49.9
08/20/2026,06:55:53,22.9,49.9
08/20/2026,07:00:53,22.8,49.9
08/20/2026,07:05:53,22.9,49.9
08/20/2026,07:10:53,22.9,49.9
08/20/2026,07:15:53,22.8,49.9
08/20/2026,07:20:53,22.8,49.9
08/20/2026,07:25:53,22.8,49.9
08/20/2026,07:30:53,22.8,50.0
08/20/2026,07:35:53,22.8,50.0
08/20/2026,07:40:53,22.8,50.0
08/20/2026,07:45:53,22.8,50.0
08/20/2026,07:50:53,22.8,50.0
08/20/2026,07:55:53,22.8,50.0
08/20/2026,08:00:53,22.8,50.0
08/20/2026,08:05:53,22.8,49.9
08/20/2026,08:10:53,22.8,50.0
08/20/2026,08:15:53,22.9,49.9
08/20/2026,08:20:53,22.9,49.9
08/20/2026,08:25:53,22.9,49.9
08/20/2026,08:30:53,22.9,49.9
08/20/2026,08:35:53,23.0,49.9
08/20/2026,08:40:53,23.0,49.9
08/20/2026,08:45:53,23.0,49.9
08/20/2026,08:50:53,23.0,49.8
08/20/2026,08:55:53,23.0,49.9
08/20/2026,09:00:53,23.0,49.9
08/20/2026,09:05:53,23.0,49.9
08/20/2026,09:10:53,23.0,49.9
08/20/2026,09:15:53,23.0,49.9
08/20/2026,09:20:53,23.0,49.9
08/20/2026,09:25:53,23.0,49.9
08/20/2026,09:30:53,23.0,50.3
08/20/2026,09:35:53,23.0,50.4
08/20/2026,09:40:53,23.0,50.4
08/20/2026,09:45:53,22.9,50.5
08/20/2026,09:50:53,23.0,50.7
08/20/2026,09:55:53,23.0,50.7
08/20/2026,10:00:53,23.0,50.9
08/20/2026,10:05:53,23.0,50.9
08/20/2026,10:10:53,23.0,50.9
08/20/2026,10:15:53,23.0,51.0
08/20/2026,10:20:53,23.0,51.2
08/20/2026,10:25:53,23.0,51.4
08/20/2026,10:30:53,23.0,51.5
08/20/2026,10:35:53,23.0,51.6
08/20/2026,10:40:53,23.0,51.6
08/20/2026,10:45:53,22.9,51.5
08/20/2026,10:50:53,22.9,51.3
08/20/2026,10:55:53,23.0,51.2
08/20/2026,11:00:53,23.0,51.0
08/20/2026,11:05:53,23.0,50.9
08/20/2026,11:10:53,22.9,50.7
08/20/2026,11:15:53,23.0,50.1
08/20/2026,11:20:53,23.0,50.0
08/20/2026,11:25:53,23.0,49.8
08/20/2026,11:30:53,22.9,49.8
08/20/2026,11:35:53,23.0,50.2
08/20/2026,11:40:53,22.9,52.1
08/20/2026,11:45:53,22.9,52.1
08/20/2026,11:50:53,22.9,51.6
08/20/2026,11:55:53,22.9,51.2
08/20/2026,12:00:53,22.9,51.2
08/20/2026,12:05:53,22.9,50.4
08/20/2026,12:10:53,22.9,50.4
08/20/2026,12:15:53,22.9,50.2
08/20/2026,12:20:53,22.9,49.9
08/20/2026,12:25:53,22.9,49.6
08/20/2026,12:30:53,22.9,49.9
08/20/2026,12:35:53,22.9,49.4
08/20/2026,12:40:53,23.0,48.8
08/20/2026,12:45:53,22.9,48.7
08/20/2026,12:50:53,23.0,48.7
08/20/2026,12:55:53,23.0,49.0
08/20/2026,13:00:53,23.0,48.9
08/20/2026,13:05:53,23.0,48.8
08/20/2026,13:10:53,23.0,48.5
08/20/2026,13:15:53,23.0,48.3
08/20/2026,13:20:53,23.0,48.1
08/20/2026,13:25:53,23.0,48.1
08/20/2026,13:30:53,23.0,48.4
08/20/2026,13:35:53,23.1,48.5
08/20/2026,13:40:53,23.1,48.5
08/20/2026,13:45:53,23.1,48.4
08/20/2026,13:50:53,23.1,48.2
08/20/2026,13:55:53,23.1,48.0
08/20/2026,14:00:53,23.1,48.0
08/20/2026,14:05:53,23.2,47.8
08/20/2026,14:10:53,23.2,47.8
08/20/2026,14:15:53,23.2,47.8
08/20/2026,14:20:53,23.2,47.8
08/20/2026,14:25:53,23.2,47.8
08/20/2026,14:30:53,23.2,47.4
08/20/2026,14:35:53,23.3,47.5
08/20/2026,14:40:53,23.3,47.5
08/20/2026,14:45:53,23.3,47.4
08/20/2026,14:50:53,23.3,47.1
08/20/2026,14:55:53,23.4,47.3
08/20/2026,15:00:53,23.4,47.2
08/20/2026,15:05:53,23.4,47.1
08/20/2026,15:10:53,23.5,47.1
08/20/2026,15:15:53,23.4,47.0
08/20/2026,15:20:53,23.5,46.8
08/20/2026,15:25:53,23.5,46.6
08/20/2026,15:30:53,23.5,46.7
08/20/2026,15:35:53,23.5,46.2
08/20/2026,15:40:53,23.5,46.0
08/20/2026,15:45:53,23.5,45.7
08/20/2026,15:50:53,23.5,45.5
08/20/2026,15:55:53,23.5,45.4
08/20/2026,16:00:53,23.5,45.2
08/20/2026,16:05:53,23.5,45.4
08/20/2026,16:10:53,23.6,45.8
08/20/2026,16:15:53,23.6,45.9
08/20/2026,16:20:53,23.5,46.0
08/20/2026,16:25:53,23.5,46.0
08/20/2026,16:30:53,23.5,46.1
08/20/2026,16:35:53,23.5,46.2
08/20/2026,16:40:53,23.6,46.3
08/20/2026,16:45:53,23.5,46.4
08/20/2026,16:50:53,23.5,46.4
08/20/2026,16:55:53,23.5,46.4
08/20/2026,17:00:53,23.5,46.4
08/20/2026,17:05:53,23.5,46.3
08/20/2026,17:10:53,23.5,46.3
08/20/2026,17:15:53,23.5,46.3
08/20/2026,17:20:53,23.5,46.3
08/20/2026,17:25:53,23.5,46.3
08/20/2026,17:30:53,23.5,46.2
08/20/2026,17:35:53,23.5,46.0
08/20/2026,17:40:53,23.5,46.1
08/20/2026,17:45:53,23.5,46.3
08/20/2026,17:50:53,23.6,46.3
08/20/2026,17:55:53,23.6,46.2
08/20/2026,18:00:53,23.7,46.0
08/20/2026,18:05:53,23.7,45.9
08/20/2026,18:10:53,23.7,45.9
08/20/2026,18:15:53,23.7,45.8
08/20/2026,18:20:53,23.7,45.7
08/20/2026,18:25:53,23.7,45.7
08/20/2026,18:30:53,23.7,45.8
08/20/2026,18:35:53,23.7,45.8
08/20/2026,18:40:53,23.6,45.8
08/20/2026,18:45:53,23.6,45.9
08/20/2026,18:50:53,23.5,45.9
08/20/2026,18:55:53,23.5,46.0
08/20/2026,19:00:53,23.5,46.2
08/20/2026,19:05:53,23.4,46.4
08/20/2026,19:10:53,23.4,46.6
08/20/2026,19:15:53,23.3,47.0
08/20/2026,19:20:53,23.3,47.4
08/20/2026,19:25:53,23.3,47.8
08/20/2026,19:30:53,23.2,48.3
08/20/2026,19:35:53,23.2,48.6
08/20/2026,19:40:53,23.1,48.9
08/20/2026,19:45:53,23.0,49.1
08/20/2026,19:50:53,23.0,49.4
08/20/2026,19:55:53,22.9,49.6
08/20/2026,20:00:53,22.9,49.8
08/20/2026,20:05:53,22.8,50.2
08/20/2026,20:10:53,22.7,50.3
08/20/2026,20:15:53,22.7,50.6
08/20/2026,20:20:53,22.6,50.9
08/20/2026,20:25:53,22.6,51.2
08/20/2026,20:30:53,22.6,51.4
08/20/2026,20:35:53,22.5,51.8
08/20/2026,20:40:53,22.5,51.9
08/20/2026,20:45:53,22.4,52.2
08/20/2026,20:50:53,22.4,52.5
08/20/2026,20:55:53,22.3,52.5
08/20/2026,21:00:53,22.3,52.7
08/20/2026,21:05:53,22.2,52.8
08/20/2026,21:10:53,22.2,52.8
08/20/2026,21:15:53,22.1,52.8
08/20/2026,21:20:53,22.1,52.8
08/20/2026,21:25:53,22.1,52.9
08/20/2026,21:30:53,22.0,52.9
08/20/2026,21:35:53,22.0,53.0
08/20/2026,21:40:53,21.9,53.0
08/20/2026,21:45:53,21.9,52.9
08/20/2026,21:50:53,21.9,52.9
08/20/2026,21:55:53,21.8,52.8
08/20/2026,22:00:53,21.8,52.6
08/20/2026,22:05:53,21.7,52.5
08/20/2026,22:10:53,21.7,52.4
08/20/2026,22:15:53,21.7,52.4
08/20/2026,22:20:53,21.6,52.5
08/20/2026,22:25:53,21.6,52.7
08/20/2026,22:30:53,21.5,52.9
08/20/2026,22:35:53,21.5,53.0
08/20/2026,22:40:53,21.5,53.1
08/20/2026,22:45:53,21.4,53.3
08/20/2026,22:50:53,21.4,53.5
08/20/2026,22:55:53,21.3,53.5
08/20/2026,23:00:53,21.3,53.7
08/20/2026,23:05:53,21.3,53.8
08/20/2026,23:10:53,21.2,53.9
08/20/2026,23:15:53,21.2,54.0
08/20/2026,23:20:53,21.1,54.0
08/20/2026,23:25:53,21.1,54.1
08/20/2026,23:30:53,21.1,54.2
08/20/2026,23:35:53,21.0,54.3
08/20/2026,23:40:53,21.0,54.3
08/20/2026,23:45:53,21.0,54.4
08/20/2026,23:50:53,20.9,54.5
08/20/2026,23:55:53,20.9,54.6
08/21/2026,00:00:53,20.9,54.6
08/21/2026,00:05:53,20.9,54.6
08/21/2026,00:10:53,20.8,54.7
08/21/2026,00:15:53,20.8,54.8
08/21/2026,00:20:53,20.7,54.9
08/21/2026,00:25:53,20.7,54.9
08/21/2026,00:30:53,20.7,55.0
08/21/2026,00:35:53,20.7,55.0
08/21/2026,00:40:53,20.7,55.0
08/21/2026,00:45:53,20.7,55.1
08/21/2026,00:50:53,20.6,55.1
08/21/2026,00:55:53,20.6,55.1
08/21/2026,01:00:53,20.6,55.1
08/21/2026,01:05:53,20.6,55.0
08/21/2026,01:10:53,20.6,54.9
08/21/2026,01:15:53,20.5,55.0
08/21/2026,01:20:53,20.5,54.8
08/21/2026,01:25:53,20.5,54.8
08/21/2026,01:30:53,20.5,54.8
08/21/2026,01:35:53,20.5,54.7
08/21/2026,01:40:53,20.5,54.7
08/21/2026,01:45:53,20.4,54.6
08/21/2026,01:50:53,20.4,54.7
08/21/2026,01:55:53,20.4,54.7
08/21/2026,02:00:53,20.4,54.7
08/21/2026,02:05:53,20.4,54.7
08/21/2026,02:10:53,20.3,54.7
08/21/2026,02:15:53,20.3,54.7
08/21/2026,02:20:53,20.3,54.7
08/21/2026,02:25:53,20.3,54.6
08/21/2026,02:30:53,20.2,54.7
08/21/2026,02:35:53,20.2,54.7
08/21/2026,02:40:53,20.2,54.7
08/21/2026,02:45:53,20.2,54.6
08/21/2026,02:50:53,20.2,54.6
08/21/2026,02:55:53,20.2,54.6
08/21/2026,03:00:53,20.1,54.5
08/21/2026,03:05:53,20.1,54.5
08/21/2026,03:10:53,20.1,54.5
08/21/2026,03:15:53,20.1,54.5
08/21/2026,03:20:53,20.0,54.5
08/21/2026,03:25:53,20.0,54.6
08/21/2026,03:30:53,20.0,54.6
08/21/2026,03:35:53,20.0,54.7
08/21/2026,03:40:53,19.9,54.7
08/21/2026,03:45:53,19.9,54.8
08/21/2026,03:50:53,19.9,54.8
08/21/2026,03:55:53,19.9,54.9
08/21/2026,04:00:53,19.8,55.0
08/21/2026,04:05:53,19.8,55.1
08/21/2026,04:10:53,19.8,55.1
08/21/2026,04:15:53,19.8,55.2
08/21/2026,04:20:53,19.8,55.3
08/21/2026,04:25:53,19.7,55.3
08/21/2026,04:30:53,19.7,55.4
08/21/2026,04:35:53,19.7,55.5
08/21/2026,04:40:53,19.7,55.6
08/21/2026,04:45:53,19.7,55.7
08/21/2026,04:50:53,19.7,55.8
08/21/2026,04:55:53,19.6,55.9
08/21/2026,05:00:53,19.6,55.9
08/21/2026,05:05:53,19.6,56.0
08/21/2026,05:10:53,19.5,56.0
08/21/2026,05:15:53,19.5,56.1
08/21/2026,05:20:53,19.5,56.1
08/21/2026,05:25:53,19.5,56.1
08/21/2026,05:30:53,19.4,56.2
08/21/2026,05:35:53,19.4,56.3
08/21/2026,05:40:53,19.4,56.2
08/21/2026,05:45:53,19.4,56.3
08/21/2026,05:50:53,19.3,56.2
08/21/2026,05:55:53,19.3,56.3
08/21/2026,06:00:53,19.3,56.3
08/21/2026,06:05:53,19.3,56.3
08/21/2026,06:10:53,19.3,56.3
08/21/2026,06:15:53,19.2,56.2
08/21/2026,06:20:53,19.2,56.3
08/21/2026,06:25:53,19.2,56.3
08/21/2026,06:30:53,19.2,56.3
08/21/2026,06:35:53,19.1,56.3
08/21/2026,06:40:53,19.1,56.3
08/21/2026,06:45:53,19.1,56.3
08/21/2026,06:50:53,19.1,56.3
08/21/2026,06:55:53,19.1,56.3
08/21/2026,07:00:53,19.2,56.3
08/21/2026,07:05:53,19.2,56.2
08/21/2026,07:10:53,19.3,56.1
08/21/2026,07:15:53,19.4,56.0
08/21/2026,07:20:53,19.5,55.9
08/21/2026,07:25:53,19.5,55.8
08/21/2026,07:30:53,19.6,55.6
08/21/2026,07:35:53,19.7,55.5
08/21/2026,07:40:53,19.7,55.4
08/21/2026,07:45:53,19.8,55.3
08/21/2026,07:50:53,19.9,55.2
08/21/2026,07:55:53,20.0,55.0
08/21/2026,08:00:53,20.0,54.9
08/21/2026,08:05:53,20.2,54.7
08/21/2026,08:10:53,20.2,54.6
08/21/2026,08:15:53,20.3,54.4
08/21/2026,08:20:53,20.4,54.3
08/21/2026,08:25:53,20.4,54.1
08/21/2026,08:30:53,20.5,54.0
08/21/2026,08:35:53,20.6,53.8
08/21/2026,08:40:53,20.7,53.6
08/21/2026,08:45:53,20.7,53.5
08/21/2026,08:50:53,20.7,53.3
08/21/2026,08:55:53,20.8,53.2
08/21/2026,09:00:53,20.9,53.1
08/21/2026,09:05:53,20.9,53.1
08/21/2026,09:10:53,21.0,53.0
08/21/2026,09:15:53,21.0,52.9
08/21/2026,09:20:53,21.0,52.8
08/21/2026,09:25:53,21.1,52.7
08/21/2026,09:30:53,21.1,52.6
08/21/2026,09:35:53,21.2,52.6
08/21/2026,09:40:53,21.2,52.5
08/21/2026,09:45:53,21.2,52.4
08/21/2026,09:50:53,21.2,52.4
08/21/2026,09:55:53,21.3,52.3
08/21/2026,10:00:53,21.3,52.3
08/21/2026,10:05:53,21.3,52.1
08/21/2026,10:10:53,21.3,52.1
08/21/2026,10:15:53,21.4,52.0
08/21/2026,10:20:53,21.4,52.0
08/21/2026,10:25:53,21.4,51.9
08/21/2026,10:30:53,21.4,51.9
08/21/2026,10:35:53,21.5,51.8
08/21/2026,10:40:53,21.5,51.8
08/21/2026,10:45:53,21.5,51.8
08/21/2026,10:50:53,21.5,51.6
08/21/2026,10:55:53,21.6,51.6
08/21/2026,11:00:53,21.6,51.6
08/21/2026,11:05:53,21.6,51.6
08/21/2026,11:10:53,21.6,51.5
08/21/2026,11:15:53,21.6,51.4
08/21/2026,11:20:53,21.7,51.4
08/21/2026,11:25:53,21.7,51.4
08/21/2026,11:30:53,21.7,51.3
08/21/2026,11:35:53,21.7,51.3
08/21/2026,11:40:53,21.7,51.2
08/21/2026,11:45:53,21.8,51.2
08/21/2026,11:50:53,21.8,51.2
08/21/2026,11:55:53,21.8,51.2
08/21/2026,12:00:53,21.8,51.1
08/21/2026,12:05:53,21.8,51.1
08/21/2026,12:10:53,21.9,49.8
08/21/2026,12:15:53,21.9,49.6
08/21/2026,12:20:53,21.9,49.7
08/21/2026,12:25:53,21.9,49.3
08/21/2026,12:30:53,21.9,49.2
08/21/2026,12:35:53,21.9,48.2
08/21/2026,12:40:53,22.0,49.2
08/21/2026,12:45:53,22.0,48.4
08/21/2026,12:50:53,22.0,48.3
08/21/2026,12:55:53,22.1,48.8
08/21/2026,13:00:53,22.2,48.5
08/21/2026,13:05:53,22.3,48.1
08/21/2026,13:10:53,22.3,47.4
08/21/2026,13:15:53,22.3,47.0
08/21/2026,13:20:53,22.3,47.6
08/21/2026,13:25:53,22.4,47.7
08/21/2026,13:30:53,22.4,46.9
08/21/2026,13:35:53,22.4,46.5
08/21/2026,13:40:53,22.4,46.5
08/21/2026,13:45:53,22.4,46.4
08/21/2026,13:50:53,22.4,46.1
08/21/2026,13:55:53,22.4,46.1
08/21/2026,14:00:53,22.4,46.1
08/21/2026,14:05:53,22.4,45.9
08/21/2026,14:10:53,22.4,45.7
08/21/2026,14:15:53,22.4,45.6
08/21/2026,14:20:53,22.4,45.7
08/21/2026,14:25:53,22.5,45.5
08/21/2026,14:30:53,22.5,45.4
08/21/2026,14:35:53,22.5,45.0
08/21/2026,14:40:53,22.5,44.9
08/21/2026,14:45:53,22.5,44.7
08/21/2026,14:50:53,22.5,44.6
08/21/2026,14:55:53,22.5,44.6
08/21/2026,15:00:53,22.6,44.3
08/21/2026,15:05:53,22.6,44.3
08/21/2026,15:10:53,22.6,44.6
08/21/2026,15:15:53,22.6,44.6
08/21/2026,15:20:53,22.6,44.3
08/21/2026,15:25:53,22.6,44.7
08/21/2026,15:30:53,22.7,44.5
08/21/2026,15:35:53,22.7,44.3
08/21/2026,15:40:53,22.7,44.3
08/21/2026,15:45:53,22.7,43.8
08/21/2026,15:50:53,22.7,43.9
08/21/2026,15:55:53,22.7,43.8
08/21/2026,16:00:53,22.7,43.8
08/21/2026,16:05:53,22.7,44.0
08/21/2026,16:10:53,22.7,44.1
08/21/2026,16:15:53,22.7,44.2
08/21/2026,16:20:53,22.7,44.1
08/21/2026,16:25:53,22.8,44.1
08/21/2026,16:30:53,22.8,44.2
08/21/2026,16:35:53,22.8,44.3
08/21/2026,16:40:53,22.7,44.5
08/21/2026,16:45:53,22.8,44.7
08/21/2026,16:50:53,22.8,44.9
08/21/2026,16:55:53,22.8,45.1
08/21/2026,17:00:53,22.8,45.2
08/21/2026,17:05:53,22.8,45.2
08/21/2026,17:10:53,22.9,45.4
08/21/2026,17:15:53,22.9,45.4
08/21/2026,17:20:53,22.9,45.4
08/21/2026,17:25:53,23.0,45.5
08/21/2026,17:30:53,23.0,45.7
08/21/2026,17:35:53,23.1,45.5
08/21/2026,17:40:53,23.2,45.4
08/21/2026,17:45:53,23.2,45.4
08/21/2026,17:50:53,23.4,45.3
08/21/2026,17:55:53,23.5,45.1
08/21/2026,18:00:53,23.7,44.9
08/21/2026,18:05:53,23.9,44.7
08/21/2026,18:10:53,24.0,44.5
08/21/2026,18:15:53,24.1,44.3
08/21/2026,18:20:53,24.2,44.2
08/21/2026,18:25:53,24.2,44.2
08/21/2026,18:30:53,24.2,44.1
08/21/2026,18:35:53,24.3,44.2
08/21/2026,18:40:53,24.2,44.1
08/21/2026,18:45:53,24.2,44.2
08/21/2026,18:50:53,24.1,44.2
08/21/2026,18:55:53,24.1,44.2
08/21/2026,19:00:53,24.1,44.3
08/21/2026,19:05:53,24.0,44.4
08/21/2026,19:10:53,24.0,44.5
08/21/2026,19:15:53,23.9,44.6
08/21/2026,19:20:53,23.9,44.6
08/21/2026,19:25:53,23.8,44.8
08/21/2026,19:30:53,23.8,44.9
08/21/2026,19:35:53,23.7,44.9
08/21/2026,19:40:53,23.7,45.1
08/21/2026,19:45:53,23.7,45.1
08/21/2026,19:50:53,23.6,45.1
08/21/2026,19:55:53,23.6,45.2
08/21/2026,20:00:53,23.6,45.3
08/21/2026,20:05:53,23.5,45.4
08/21/2026,20:10:53,23.5,45.4
08/21/2026,20:15:53,23.5,45.5
08/21/2026,20:20:53,23.4,45.6
08/21/2026,20:25:53,23.4,45.8
08/21/2026,20:30:53,23.3,45.8
08/21/2026,20:35:53,23.3,45.8
08/21/2026,20:40:53,23.3,46.0
08/21/2026,20:45:53,23.3,46.0
08/21/2026,20:50:53,23.2,46.0
08/21/2026,20:55:53,23.2,46.1
08/21/2026,21:00:53,23.2,46.2
08/21/2026,21:05:53,23.2,46.2
08/21/2026,21:10:53,23.1,46.3
08/21/2026,21:15:53,23.1,46.3
08/21/2026,21:20:53,23.1,46.5
08/21/2026,21:25:53,23.1,46.5
08/21/2026,21:30:53,23.1,46.5
08/21/2026,21:35:53,23.0,46.6
08/21/2026,21:40:53,23.0,46.6
08/21/2026,21:45:53,23.0,46.6
08/21/2026,21:50:53,22.9,46.7
08/21/2026,21:55:53,22.9,46.7
08/21/2026,22:00:53,22.9,46.8
08/21/2026,22:05:53,22.9,46.8
08/21/2026,22:10:53,22.9,46.8
08/21/2026,22:15:53,22.9,46.9
08/21/2026,22:20:53,22.9,46.9
08/21/2026,22:25:53,22.9,46.9
08/21/2026,22:30:53,22.8,46.9
08/21/2026,22:35:53,22.8,47.0
08/21/2026,22:40:53,22.8,47.0
08/21/2026,22:45:53,22.8,47.0
08/21/2026,22:50:53,22.8,47.1
08/21/2026,22:55:53,22.8,47.1
08/21/2026,23:00:53,22.7,47.1
08/21/2026,23:05:53,22.7,47.2
08/21/2026,23:10:53,22.7,47.2
08/21/2026,23:15:53,22.7,47.2
08/21/2026,23:20:53,22.7,47.2
08/21/2026,23:25:53,22.7,47.2
08/21/2026,23:30:53,22.7,47.3
08/21/2026,23:35:53,22.7,47.2
08/21/2026,23:40:53,22.6,47.2
08/21/2026,23:45:53,22.6,47.2
08/21/2026,23:50:53,22.6,47.3
08/21/2026,23:55:53,22.6,47.3
08/22/2026,00:00:53,22.6,47.3
08/22/2026,00:05:53,22.6,47.4
08/22/2026,00:10:53,22.6,47.3
08/22/2026,00:15:53,22.5,47.4
08/22/2026,00:20:53,22.5,47.4
08/22/2026,00:25:53,22.5,47.4
08/22/2026,00:30:53,22.5,47.4
08/22/2026,00:35:53,22.5,47.4
08/22/2026,00:40:53,22.5,47.4
08/22/2026,00:45:53,22.5,47.4
08/22/2026,00:50:53,22.4,47.4
08/22/2026,00:55:53,22.4,47.4
08/22/2026,01:00:53,22.4,47.4
08/22/2026,01:05:53,22.4,47.4
08/22/2026,01:10:53,22.4,47.4
08/22/2026,01:15:53,22.4,47.4
08/22/2026,01:20:53,22.4,47.4
08/22/2026,01:25:53,22.4,47.5
08/22/2026,01:30:53,22.3,47.4
08/22/2026,01:35:53,22.3,47.4
08/22/2026,01:40:53,22.3,47.4
08/22/2026,01:45:53,22.3,47.4
08/22/2026,01:50:53,22.3,47.4
08/22/2026,01:55:53,22.3,47.5
08/22/2026,02:00:53,22.3,47.4
08/22/2026,02:05:53,22.3,47.4
08/22/2026,02:10:53,22.2,47.4
08/22/2026,02:15:53,22.2,47.4
08/22/2026,02:20:53,22.2,47.4
08/22/2026,02:25:53,22.2,47.4
08/22/2026,02:30:53,22.2,47.4
08/22/2026,02:35:53,22.2,47.4
08/22/2026,02:40:53,22.2,47.5
08/22/2026,02:45:53,22.1,47.4
08/22/2026,02:50:53,22.1,47.5
08/22/2026,02:55:53,22.1,47.5
08/22/2026,03:00:53,22.1,47.4
08/22/2026,03:05:53,22.1,47.5
08/22/2026,03:10:53,22.1,47.4
08/22/2026,03:15:53,22.1,47.4
08/22/2026,03:20:53,22.1,47.5
08/22/2026,03:25:53,22.1,47.4
08/22/2026,03:30:53,22.0,47.4
08/22/2026,03:35:53,22.0,47.4
08/22/2026,03:40:53,22.0,47.4
08/22/2026,03:45:53,22.0,47.4
08/22/2026,03:50:53,22.0,47.4
08/22/2026,03:55:53,22.0,47.4
08/22/2026,04:00:53,22.0,47.4
08/22/2026,04:05:53,21.9,47.3
08/22/2026,04:10:53,21.9,47.4
08/22/2026,04:15:53,21.9,47.3
08/22/2026,04:20:53,21.9,47.3
08/22/2026,04:25:53,21.9,47.3
08/22/2026,04:30:53,21.9,47.3
08/22/2026,04:35:53,21.9,47.3
08/22/2026,04:40:53,21.8,47.2
08/22/2026,04:45:53,21.9,47.3
08/22/2026,04:50:53,21.8,47.3
08/22/2026,04:55:53,21.8,47.2
08/22/2026,05:00:53,21.8,47.2
08/22/2026,05:05:53,21.8,47.2
08/22/2026,05:10:53,21.8,47.1
08/22/2026,05:15:53,21.8,47.2
08/22/2026,05:20:53,21.7,47.2
08/22/2026,05:25:53,21.7,47.1
08/22/2026,05:30:53,21.7,47.1
08/22/2026,05:35:53,21.7,47.1
08/22/2026,05:40:53,21.7,47.1
08/22/2026,05:45:53,21.7,47.1
08/22/2026,05:50:53,21.7,47.0
08/22/2026,05:55:53,21.6,47.0
08/22/2026,06:00:53,21.6,47.0
08/22/2026,06:05:53,21.6,47.0
08/22/2026,06:10:53,21.6,47.0
08/22/2026,06:15:53,21.6,47.0
08/22/2026,06:20:53,21.6,47.0
08/22/2026,06:25:53,21.6,46.9
08/22/2026,06:30:53,21.6,46.9
08/22/2026,06:35:53,21.5,46.9
08/22/2026,06:40:53,21.5,46.9
08/22/2026,06:45:53,21.5,46.9
08/22/2026,06:50:53,21.5,46.9
08/22/2026,06:55:53,21.5,46.9
08/22/2026,07:00:53,21.5,46.9
08/22/2026,07:05:53,21.5,46.9
08/22/2026,07:10:53,21.5,46.9
08/22/2026,07:15:53,21.5,46.8
08/22/2026,07:20:53,21.4,46.8
08/22/2026,07:25:53,21.4,46.9
08/22/2026,07:30:53,21.4,46.9
08/22/2026,07:35:53,21.4,46.9
08/22/2026,07:40:53,21.4,46.9
08/22/2026,07:45:53,21.4,46.9
08/22/2026,07:50:53,21.4,46.9
08/22/2026,07:55:53,21.5,46.9
08/22/2026,08:00:53,21.5,46.8
08/22/2026,08:05:53,21.5,46.8
08/22/2026,08:10:53,21.5,46.8
08/22/2026,08:15:53,21.5,46.8
08/22/2026,08:20:53,21.5,46.7
08/22/2026,08:25:53,21.5,46.7
08/22/2026,08:30:53,21.6,46.7
08/22/2026,08:35:53,21.6,46.7
08/22/2026,08:40:53,21.6,46.7
08/22/2026,08:45:53,21.6,46.7
08/22/2026,08:50:53,21.6,46.6
08/22/2026,08:55:53,21.7,46.6
08/22/2026,09:00:53,21.6,46.7
08/22/2026,09:05:53,21.6,46.7
08/22/2026,09:10:53,21.7,46.7
08/22/2026,09:15:53,21.7,46.8
08/22/2026,09:20:53,21.7,46.7
08/22/2026,09:25:53,21.7,46.9
08/22/2026,09:30:53,21.7,46.9
08/22/2026,09:35:53,21.7,46.9
08/22/2026,09:40:53,21.8,47.0
08/22/2026,09:45:53,21.8,47.1
08/22/2026,09:50:53,21.8,47.1
08/22/2026,09:55:53,21.8,47.1
08/22/2026,10:00:53,21.9,47.3
08/22/2026,10:05:53,21.9,47.4
08/22/2026,10:10:53,22.0,47.5
08/22/2026,10:15:53,22.0,47.6
08/22/2026,10:20:53,22.0,47.6
08/22/2026,10:25:53,22.0,47.5
08/22/2026,10:30:53,22.0,47.4
08/22/2026,10:35:53,22.0,47.4
08/22/2026,10:40:53,22.0,47.4
08/22/2026,10:45:53,22.1,47.3
08/22/2026,10:50:53,22.1,47.3
08/22/2026,10:55:53,22.1,47.3
08/22/2026,11:00:53,22.1,47.2
08/22/2026,11:05:53,22.1,47.2
08/22/2026,11:10:53,22.1,47.1
08/22/2026,11:15:53,22.1,47.2
08/22/2026,11:20:53,22.1,47.1
08/22/2026,11:25:53,22.1,47.0
08/22/2026,11:30:53,22.1,46.9
08/22/2026,11:35:53,22.1,47.1
08/22/2026,11:40:53,22.1,47.0
08/22/2026,11:45:53,22.1,46.9
08/22/2026,11:50:53,22.1,47.0
08/22/2026,11:55:53,22.1,46.9
08/22/2026,12:00:53,22.1,47.2
08/22/2026,12:05:53,22.1,47.0
08/22/2026,12:10:53,22.1,46.9
08/22/2026,12:15:53,22.1,47.1
08/22/2026,12:20:53,22.1,47.2
08/22/2026,12:25:53,22.1,47.1
08/22/2026,12:30:53,22.1,46.9
08/22/2026,12:35:53,22.1,47.1
08/22/2026,12:40:53,22.2,47.0
08/22/2026,12:45:53,22.2,47.2
08/22/2026,12:50:53,22.2,47.2
08/22/2026,12:55:53,22.2,47.0
08/22/2026,13:00:53,22.2,47.0
08/22/2026,13:05:53,22.2,47.1
08/22/2026,13:10:53,22.2,47.1
08/22/2026,13:15:53,22.2,47.1
08/22/2026,13:20:53,22.2,47.1
08/22/2026,13:25:53,22.2,47.1
08/22/2026,13:30:53,22.3,47.0
08/22/2026,13:35:53,22.2,47.0
08/22/2026,13:40:53,22.3,46.9
08/22/2026,13:45:53,22.3,46.9
08/22/2026,13:50:53,22.3,46.9
08/22/2026,13:55:53,22.3,46.9
08/22/2026,14:00:53,22.3,46.9
08/22/2026,14:05:53,22.3,46.9
08/22/2026,14:10:53,22.3,46.9
08/22/2026,14:15:53,22.3,46.9
08/22/2026,14:20:53,22.3,46.9
08/22/2026,14:25:53,22.4,46.8
08/22/2026,14:30:53,22.4,46.9
08/22/2026,14:35:53,22.4,46.8
08/22/2026,14:40:53,22.4,46.8
08/22/2026,14:45:53,22.5,46.9
08/22/2026,14:50:53,22.5,47.0
08/22/2026,14:55:53,22.5,47.0
08/22/2026,15:00:53,22.5,47.0
08/22/2026,15:05:53,22.5,47.0
08/22/2026,15:10:53,22.5,47.0
08/22/2026,15:15:53,22.6,46.7
08/22/2026,15:20:53,22.6,46.7
08/22/2026,15:25:53,22.6,46.7
08/22/2026,15:30:53,22.6,46.8
08/22/2026,15:35:53,22.6,46.9
08/22/2026,15:40:53,22.7,47.1
08/22/2026,15:45:53,22.7,47.1
08/22/2026,15:50:53,22.7,47.1
08/22/2026,15:55:53,22.7,47.2
08/22/2026,16:00:53,22.7,47.3
08/22/2026,16:05:53,22.7,47.3
08/22/2026,16:10:53,22.7,47.3
08/22/2026,16:15:53,22.8,47.3
08/22/2026,16:20:53,22.8,47.1
08/22/2026,16:25:53,22.8,47.4
08/22/2026,16:30:53,22.9,47.4
08/22/2026,16:35:53,22.9,47.5
08/22/2026,16:40:53,22.9,47.5
08/22/2026,16:45:53,22.9,47.5
08/22/2026,16:50:53,23.0,47.5
08/22/2026,16:55:53,23.0,47.5
08/22/2026,17:00:53,23.0,47.5
08/22/2026,17:05:53,23.0,47.5
08/22/2026,17:10:53,23.1,47.5
08/22/2026,17:15:53,23.1,47.6
08/22/2026,17:20:53,23.2,47.5
08/22/2026,17:25:53,23.3,47.4
08/22/2026,17:30:53,23.3,47.3
08/22/2026,17:35:53,23.3,46.8
08/22/2026,17:40:53,23.3,45.3
08/22/2026,17:45:53,23.2,44.6
08/22/2026,17:50:53,23.2,43.8
08/22/2026,17:55:53,23.2,43.6
08/22/2026,18:00:53,23.2,43.4
08/22/2026,18:05:53,23.2,43.2
08/22/2026,18:10:53,23.2,43.1
08/22/2026,18:15:53,23.2,43.0
08/22/2026,18:20:53,23.2,43.0
08/22/2026,18:25:53,23.2,42.9
08/22/2026,18:30:53,23.2,43.0
08/22/2026,18:35:53,23.2,43.0
08/22/2026,18:40:53,23.3,43.0
08/22/2026,18:45:53,23.3,42.9
08/22/2026,18:50:53,23.3,43.0
08/22/2026,18:55:53,23.3,43.0
08/22/2026,19:00:53,23.3,43.0
08/22/2026,19:05:53,23.3,42.6
08/22/2026,19:10:53,23.1,42.4
08/22/2026,19:15:53,23.0,42.4
08/22/2026,19:20:53,23.0,42.4
08/22/2026,19:25:53,22.9,42.5
08/22/2026,19:30:53,22.9,42.6
08/22/2026,19:35:53,22.8,42.9
08/22/2026,19:40:53,22.8,43.1
08/22/2026,19:45:53,22.8,43.3
08/22/2026,19:50:53,22.7,43.3
08/22/2026,19:55:53,22.7,43.4
08/22/2026,20:00:53,22.7,43.6
08/22/2026,20:05:53,22.6,43.7
08/22/2026,20:10:53,22.7,43.8
08/22/2026,20:15:53,22.6,44.0
08/22/2026,20:20:53,22.7,44.2
08/22/2026,20:25:53,22.6,44.3
08/22/2026,20:30:53,22.7,44.4
08/22/2026,20:35:53,22.7,44.5
08/22/2026,20:40:53,22.7,44.6
08/22/2026,20:45:53,22.7,44.6
08/22/2026,20:50:53,22.7,44.6
08/22/2026,20:55:53,22.7,44.6
08/22/2026,21:00:53,22.7,44.6
08/22/2026,21:05:53,22.7,44.6
08/22/2026,21:10:53,22.7,44.7
08/22/2026,21:15:53,22.7,44.7
08/22/2026,21:20:53,22.7,44.7
08/22/2026,21:25:53,22.7,44.7
08/22/2026,21:30:53,22.7,44.8
08/22/2026,21:35:53,22.7,44.7
08/22/2026,21:40:53,22.7,44.8
08/22/2026,21:45:53,22.7,44.8
08/22/2026,21:50:53,22.7,44.8
08/22/2026,21:55:53,22.7,44.8
08/22/2026,22:00:53,22.7,44.8
08/22/2026,22:05:53,22.6,44.8
08/22/2026,22:10:53,22.6,44.8
08/22/2026,22:15:53,22.6,44.8
08/22/2026,22:20:53,22.6,44.8
08/22/2026,22:25:53,22.6,44.8
08/22/2026,22:30:53,22.6,44.8
08/22/2026,22:35:53,22.6,44.8
08/22/2026,22:40:53,22.6,44.8
08/22/2026,22:45:53,22.5,44.9
08/22/2026,22:50:53,22.5,44.9
08/22/2026,22:55:53,22.5,44.9
08/22/2026,23:00:53,22.5,44.9
08/22/2026,23:05:53,22.5,44.9
08/22/2026,23:10:53,22.5,44.9
08/22/2026,23:15:53,22.5,44.9
08/22/2026,23:20:53,22.5,44.9
08/22/2026,23:25:53,22.4,44.9
08/22/2026,23:30:53,22.4,44.9
08/22/2026,23:35:53,22.4,44.9
08/22/2026,23:40:53,22.4,44.9
08/22/2026,23:45:53,22.4,44.9
08/22/2026,23:50:53,22.4,44.9
08/22/2026,23:55:53,22.4,44.9
08/23/2026,00:00:53,22.3,45.0
08/23/2026,00:05:53,22.3,44.9
08/23/2026,00:10:53,22.3,44.9
08/23/2026,00:15:53,22.3,45.0
08/23/2026,00:20:53,22.3,44.9
08/23/2026,00:25:53,22.3,44.9
08/23/2026,00:30:53,22.3,44.9
08/23/2026,00:35:53,22.2,44.9
08/23/2026,00:40:53,22.2,44.9
08/23/2026,00:45:53,22.2,44.9
08/23/2026,00:50:53,22.2,44.9
08/23/2026,00:55:53,22.2,44.9
08/23/2026,01:00:53,22.2,44.9
08/23/2026,01:05:53,22.2,44.9
08/23/2026,01:10:53,22.2,44.9
08/23/2026,01:15:53,22.1,44.9
08/23/2026,01:20:53,22.1,44.9
08/23/2026,01:25:53,22.1,44.9
08/23/2026,01:30:53,22.1,44.9
08/23/2026,01:35:53,22.1,44.9
08/23/2026,01:40:53,22.1,44.9
08/23/2026,01:45:53,22.1,44.9
08/23/2026,01:50:53,22.0,45.0
08/23/2026,01:55:53,22.0,44.9
08/23/2026,02:00:53,22.0,45.0
08/23/2026,02:05:53,22.0,44.9
08/23/2026,02:10:53,22.0,44.9
08/23/2026,02:15:53,22.0,45.0
08/23/2026,02:20:53,22.0,45.0
08/23/2026,02:25:53,22.0,44.9
08/23/2026,02:30:53,21.9,44.9
08/23/2026,02:35:53,21.9,44.9
08/23/2026,02:40:53,21.9,44.9
08/23/2026,02:45:53,21.9,44.9
08/23/2026,02:50:53,21.9,44.9
08/23/2026,02:55:53,21.9,45.0
08/23/2026,03:00:53,21.8,44.9
08/23/2026,03:05:53,21.8,44.9
08/23/2026,03:10:53,21.8,44.9
08/23/2026,03:15:53,21.8,44.9
08/23/2026,03:20:53,21.8,44.9
08/23/2026,03:25:53,21.8,44.9
08/23/2026,03:30:53,21.8,44.9
08/23/2026,03:35:53,21.7,44.9
08/23/2026,03:40:53,21.8,44.9
08/23/2026,03:45:53,21.7,44.8
08/23/2026,03:50:53,21.7,44.9
08/23/2026,03:55:53,21.7,44.8
08/23/2026,04:00:53,21.7,44.8
08/23/2026,04:05:53,21.7,44.9
08/23/2026,04:10:53,21.6,44.9
08/23/2026,04:15:53,21.6,44.8
08/23/2026,04:20:53,21.6,44.9
08/23/2026,04:25:53,21.6,44.9
08/23/2026,04:30:53,21.6,44.8
08/23/2026,04:35:53,21.6,44.8
08/23/2026,04:40:53,21.6,44.8
08/23/2026,04:45:53,21.5,44.8
08/23/2026,04:50:53,21.5,44.8
08/23/2026,04:55:53,21.5,44.8
08/23/2026,05:00:53,21.5,44.8
08/23/2026,05:05:53,21.5,44.8
08/23/2026,05:10:53,21.5,44.8
08/23/2026,05:15:53,21.5,44.8
08/23/2026,05:20:53,21.5,44.8
08/23/2026,05:25:53,21.4,44.9
08/23/2026,05:30:53,21.4,44.8
08/23/2026,05:35:53,21.4,44.8
08/23/2026,05:40:53,21.4,44.8
08/23/2026,05:45:53,21.4,44.8
08/23/2026,05:50:53,21.4,44.8
08/23/2026,05:55:53,21.4,44.8
08/23/2026,06:00:53,21.3,44.8
08/23/2026,06:05:53,21.3,44.8
08/23/2026,06:10:53,21.3,44.8
08/23/2026,06:15:53,21.3,44.8
08/23/2026,06:20:53,21.3,44.8
08/23/2026,06:25:53,21.3,44.8
08/23/2026,06:30:53,21.3,44.8
08/23/2026,06:35:53,21.3,44.8
08/23/2026,06:40:53,21.3,44.8
08/23/2026,06:45:53,21.3,44.8
08/23/2026,06:50:53,21.2,44.8
08/23/2026,06:55:53,21.3,44.8
08/23/2026,07:00:53,21.2,44.8
08/23/2026,07:05:53,21.2,44.8
08/23/2026,07:10:53,21.2,44.8
08/23/2026,07:15:53,21.2,44.8
08/23/2026,07:20:53,21.2,44.8
08/23/2026,07:25:53,21.2,44.8
08/23/2026,07:30:53,21.2,44.8
08/23/2026,07:35:53,21.2,44.8
08/23/2026,07:40:53,21.2,44.8
08/23/2026,07:45:53,21.2,44.8
08/23/2026,07:50:53,21.2,44.7
08/23/2026,07:55:53,21.1,44.7
08/23/2026,08:00:53,21.0,44.8
08/23/2026,08:05:53,20.9,45.1
08/23/2026,08:10:53,20.9,45.5
08/23/2026,08:15:53,20.9,45.5
08/23/2026,08:20:53,21.0,45.7
08/23/2026,08:25:53,21.0,45.8
08/23/2026,08:30:53,21.1,45.9
08/23/2026,08:35:53,21.0,46.1
08/23/2026,08:40:53,21.1,46.1
08/23/2026,08:45:53,21.1,46.2
08/23/2026,08:50:53,21.1,46.4
08/23/2026,08:55:53,21.2,46.5
08/23/2026,09:00:53,21.3,46.7
08/23/2026,09:05:53,21.2,46.2
08/23/2026,09:10:53,21.2,46.0
08/23/2026,09:15:53,21.1,46.1
08/23/2026,09:20:53,21.1,46.0
08/23/2026,09:25:53,21.1,46.0
08/23/2026,09:30:53,21.1,46.2
08/23/2026,09:35:53,21.0,46.5
08/23/2026,09:40:53,21.0,46.8
08/23/2026,09:45:53,21.1,47.1
08/23/2026,09:50:53,21.1,46.9
08/23/2026,09:55:53,21.2,47.0
08/23/2026,10:00:53,21.3,47.2
08/23/2026,10:05:53,21.4,47.2
08/23/2026,10:10:53,21.5,47.3
08/23/2026,10:15:53,21.5,47.1
08/23/2026,10:20:53,21.6,47.0
08/23/2026,10:25:53,21.7,47.3
08/23/2026,10:30:53,21.8,47.1
08/23/2026,10:35:53,21.8,47.2
08/23/2026,10:40:53,21.9,46.7
08/23/2026,10:45:53,21.9,46.9
08/23/2026,10:50:53,22.0,47.4
08/23/2026,10:55:53,22.0,46.9
08/23/2026,11:00:53,22.1,46.7
08/23/2026,11:05:53,22.1,45.9
08/23/2026,11:10:53,22.1,46.1
08/23/2026,11:15:53,22.2,46.1
08/23/2026,11:20:53,22.2,46.4
08/23/2026,11:25:53,22.3,46.6
08/23/2026,11:30:53,22.5,46.8
08/23/2026,11:35:53,22.6,46.5
08/23/2026,11:40:53,22.6,47.1
08/23/2026,11:45:53,22.7,47.2
08/23/2026,11:50:53,22.9,46.8
08/23/2026,11:55:53,22.9,47.2
08/23/2026,12:00:53,23.0,46.7
08/23/2026,12:05:53,23.1,45.6
08/23/2026,12:10:53,23.2,46.3
08/23/2026,12:15:53,23.3,46.4
08/23/2026,12:20:53,23.4,46.7
08/23/2026,12:25:53,23.5,45.9
08/23/2026,12:30:53,23.6,46.7
08/23/2026,12:35:53,23.7,46.6
08/23/2026,12:40:53,23.6,45.5
08/23/2026,12:45:53,23.7,45.2
08/23/2026,12:50:53,23.6,44.4
08/23/2026,12:55:53,23.6,44.9
08/23/2026,13:00:53,23.6,45.0
08/23/2026,13:05:53,23.6,45.6
08/23/2026,13:10:53,23.6,44.4
08/23/2026,13:15:53,23.5,44.9
08/23/2026,13:20:53,23.5,45.0
08/23/2026,13:25:53,23.6,44.3
08/23/2026,13:30:53,23.5,43.9
08/23/2026,13:35:53,23.5,44.2
08/23/2026,13:40:53,23.5,44.1
08/23/2026,13:45:53,23.5,43.7
08/23/2026,13:50:53,23.5,43.4
08/23/2026,13:55:53,23.4,43.8
08/23/2026,14:00:53,23.4,43.3
08/23/2026,14:05:53,23.5,43.6
08/23/2026,14:10:53,23.4,43.3
08/23/2026,14:15:53,23.4,43.5
08/23/2026,14:20:53,23.4,43.6
08/23/2026,14:25:53,23.4,43.3
08/23/2026,14:30:53,23.5,42.8
08/23/2026,14:35:53,23.4,42.7
08/23/2026,14:40:53,23.4,42.1
08/23/2026,14:45:53,23.4,42.2
08/23/2026,14:50:53,23.4,42.5
08/23/2026,14:55:53,23.4,42.3
08/23/2026,15:00:53,23.4,42.6
08/23/2026,15:05:53,23.4,41.9
08/23/2026,15:10:53,23.4,41.7
08/23/2026,15:15:53,23.4,41.9
08/23/2026,15:20:53,23.4,41.8
08/23/2026,15:25:53,23.5,41.6
08/23/2026,15:30:53,23.5,41.3
08/23/2026,15:35:53,23.5,41.5
08/23/2026,15:40:53,23.4,41.9
08/23/2026,15:45:53,23.4,42.1
08/23/2026,15:50:53,23.4,41.7
08/23/2026,15:55:53,23.4,41.1
08/23/2026,16:00:53,23.4,40.8
08/23/2026,16:05:53,23.4,41.2
08/23/2026,16:10:53,23.4,41.4
08/23/2026,16:15:53,23.4,41.2
08/23/2026,16:20:53,23.4,41.2
08/23/2026,16:25:53,23.4,40.9
08/23/2026,16:30:53,23.4,40.9
08/23/2026,16:35:53,23.4,40.7
08/23/2026,16:40:53,23.4,40.7
08/23/2026,16:45:53,23.4,40.8
08/23/2026,16:50:53,23.4,41.2
08/23/2026,16:55:53,23.4,41.2
08/23/2026,17:00:53,23.4,41.3
08/23/2026,17:05:53,23.4,40.8
08/23/2026,17:10:53,23.5,40.5
08/23/2026,17:15:53,23.5,40.4
08/23/2026,17:20:53,23.5,40.4
08/23/2026,17:25:53,23.6,40.3
08/23/2026,17:30:53,23.6,40.0
08/23/2026,17:35:53,23.6,39.9
08/23/2026,17:40:53,23.7,39.7
08/23/2026,17:45:53,23.7,39.6
08/23/2026,17:50:53,23.8,39.5
08/23/2026,17:55:53,24.0,39.3
08/23/2026,18:00:53,24.1,39.1
08/23/2026,18:05:53,24.2,39.0
08/23/2026,18:10:53,24.3,38.9
08/23/2026,18:15:53,24.3,38.9
08/23/2026,18:20:53,24.3,38.7
08/23/2026,18:25:53,24.3,38.7
08/23/2026,18:30:53,24.3,38.9
08/23/2026,18:35:53,24.3,38.9
08/23/2026,18:40:53,24.2,39.1
08/23/2026,18:45:53,24.2,39.1
08/23/2026,18:50:53,24.1,39.2
08/23/2026,18:55:53,24.1,39.2
08/23/2026,19:00:53,24.0,39.5
08/23/2026,19:05:53,23.9,39.8
08/23/2026,19:10:53,23.9,40.0
08/23/2026,19:15:53,23.8,40.2
08/23/2026,19:20:53,23.7,40.4
08/23/2026,19:25:53,23.6,40.6
08/23/2026,19:30:53,23.6,40.8
08/23/2026,19:35:53,23.6,41.6
08/23/2026,19:40:53,23.4,42.3
08/23/2026,19:45:53,23.4,42.6
08/23/2026,19:50:53,23.3,43.3
08/23/2026,19:55:53,23.2,43.5
08/23/2026,20:00:53,23.2,43.9
08/23/2026,20:05:53,23.1,44.1
08/23/2026,20:10:53,23.0,44.5
08/23/2026,20:15:53,23.0,44.8
08/23/2026,20:20:53,22.9,45.1
08/23/2026,20:25:53,22.8,45.3
08/23/2026,20:30:53,22.7,45.6
08/23/2026,20:35:53,22.7,45.8
08/23/2026,20:40:53,22.6,45.9
08/23/2026,20:45:53,22.6,46.0
08/23/2026,20:50:53,22.5,46.2
08/23/2026,20:55:53,22.4,46.3
08/23/2026,21:00:53,22.4,46.4
08/23/2026,21:05:53,22.3,46.5
08/23/2026,21:10:53,22.2,46.4
08/23/2026,21:15:53,22.1,46.4
08/23/2026,21:20:53,22.1,46.4
08/23/2026,21:25:53,21.9,46.4
08/23/2026,21:30:53,21.8,46.6
08/23/2026,21:35:53,21.8,46.6
08/23/2026,21:40:53,21.7,46.6
08/23/2026,21:45:53,21.6,46.6
08/23/2026,21:50:53,21.5,46.7
08/23/2026,21:55:53,21.5,46.8
08/23/2026,22:00:53,21.4,46.8
08/23/2026,22:05:53,21.3,46.9
08/23/2026,22:10:53,21.3,47.0
08/23/2026,22:15:53,21.2,47.1
08/23/2026,22:20:53,21.2,47.1
08/23/2026,22:25:53,21.1,47.2
08/23/2026,22:30:53,21.0,47.3
08/23/2026,22:35:53,21.0,47.4
08/23/2026,22:40:53,20.9,47.5
08/23/2026,22:45:53,20.9,47.5
08/23/2026,22:50:53,20.9,47.5
08/23/2026,22:55:53,20.9,47.7
08/23/2026,23:00:53,20.8,47.7
08/23/2026,23:05:53,20.8,47.8
08/23/2026,23:10:53,20.8,47.8
08/23/2026,23:15:53,20.7,47.9
08/23/2026,23:20:53,20.7,48.0
08/23/2026,23:25:53,20.6,48.1
08/23/2026,23:30:53,20.5,48.2
08/23/2026,23:35:53,20.5,48.2
08/23/2026,23:40:53,20.5,48.3
08/23/2026,23:45:53,20.5,48.4
08/23/2026,23:50:53,20.5,48.4
08/23/2026,23:55:53,20.5,48.4
08/24/2026,00:00:53,20.5,48.4
08/24/2026,00:05:53,20.4,48.4
08/24/2026,00:10:53,20.4,48.4
08/24/2026,00:15:53,20.4,48.4
08/24/2026,00:20:53,20.4,48.4
08/24/2026,00:25:53,20.4,48.5
08/24/2026,00:30:53,20.3,48.5
08/24/2026,00:35:53,20.3,48.6
08/24/2026,00:40:53,20.2,48.7
08/24/2026,00:45:53,20.1,48.8
08/24/2026,00:50:53,20.1,48.9
08/24/2026,00:55:53,20.2,49.0
08/24/2026,01:00:53,20.1,49.0
08/24/2026,01:05:53,20.2,49.0
08/24/2026,01:10:53,20.1,49.0
08/24/2026,01:15:53,20.1,48.9
08/24/2026,01:20:53,20.1,48.9
08/24/2026,01:25:53,20.1,49.0
08/24/2026,01:30:53,20.0,49.1
08/24/2026,01:35:53,20.0,49.2
08/24/2026,01:40:53,19.9,49.2
08/24/2026,01:45:53,19.9,49.3
08/24/2026,01:50:53,19.9,49.3
08/24/2026,01:55:53,19.8,49.5
08/24/2026,02:00:53,19.8,49.6
08/24/2026,02:05:53,19.7,49.8
08/24/2026,02:10:53,19.7,49.9
08/24/2026,02:15:53,19.7,49.9
08/24/2026,02:20:53,19.6,50.1
08/24/2026,02:25:53,19.6,50.0
08/24/2026,02:30:53,19.5,50.2
08/24/2026,02:35:53,19.5,50.3
08/24/2026,02:40:53,19.4,50.4
08/24/2026,02:45:53,19.4,50.4
08/24/2026,02:50:53,19.3,50.6
08/24/2026,02:55:53,19.3,50.6
08/24/2026,03:00:53,19.3,50.7
08/24/2026,03:05:53,19.3,50.7
08/24/2026,03:10:53,19.3,50.8
08/24/2026,03:15:53,19.2,50.8
08/24/2026,03:20:53,19.1,50.8
08/24/2026,03:25:53,19.2,50.8
08/24/2026,03:30:53,19.1,50.8
08/24/2026,03:35:53,19.1,50.8
08/24/2026,03:40:53,19.1,50.9
08/24/2026,03:45:53,19.1,50.8
08/24/2026,03:50:53,19.1,50.6
08/24/2026,03:55:53,19.0,50.7
08/24/2026,04:00:53,19.0,50.7
08/24/2026,04:05:53,19.0,50.6
08/24/2026,04:10:53,18.9,50.7
08/24/2026,04:15:53,18.9,50.7
08/24/2026,04:20:53,18.9,50.7
08/24/2026,04:25:53,18.9,50.6
08/24/2026,04:30:53,18.8,50.6
08/24/2026,04:35:53,18.8,50.7
08/24/2026,04:40:53,18.7,50.6
08/24/2026,04:45:53,18.7,50.5
08/24/2026,04:50:53,18.6,50.5
08/24/2026,04:55:53,18.6,50.6
08/24/2026,05:00:53,18.6,50.5
08/24/2026,05:05:53,18.5,50.5
08/24/2026,05:10:53,18.5,50.6
08/24/2026,05:15:53,18.4,50.5
08/24/2026,05:20:53,18.4,50.6
08/24/2026,05:25:53,18.3,50.7
08/24/2026,05:30:53,18.3,50.9
08/24/2026,05:35:53,18.3,50.8
08/24/2026,05:40:53,18.3,50.8
08/24/2026,05:45:53,18.3,50.9
08/24/2026,05:50:53,18.2,50.9
08/24/2026,05:55:53,18.2,50.9
08/24/2026,06:00:53,18.2,50.8
08/24/2026,06:05:53,18.1,50.9
08/24/2026,06:10:53,18.1,50.9
08/24/2026,06:15:53,18.0,50.9
08/24/2026,06:20:53,18.0,51.0
08/24/2026,06:25:53,18.0,51.1
08/24/2026,06:30:53,18.0,51.2
08/24/2026,06:35:53,17.9,51.4
08/24/2026,06:40:53,17.9,51.7
08/24/2026,06:45:53,17.9,51.8
08/24/2026,06:50:53,17.8,52.1
08/24/2026,06:55:53,17.9,52.0
08/24/2026,07:00:53,17.9,52.0
08/24/2026,07:05:53,18.0,51.8
08/24/2026,07:10:53,18.1,51.7
08/24/2026,07:15:53,18.2,51.5
08/24/2026,07:20:53,18.3,51.4
08/24/2026,07:25:53,18.4,51.3
08/24/2026,07:30:53,18.5,51.2
08/24/2026,07:35:53,18.6,51.1
08/24/2026,07:40:53,18.7,51.0
08/24/2026,07:45:53,18.7,50.9
08/24/2026,07:50:53,18.8,50.8
08/24/2026,07:55:53,18.9,50.7
08/24/2026,08:00:53,19.0,50.6
08/24/2026,08:05:53,19.1,50.5
08/24/2026,08:10:53,19.2,50.3
08/24/2026,08:15:53,19.2,50.2
08/24/2026,08:20:53,19.3,50.1
08/24/2026,08:25:53,19.4,49.9
08/24/2026,08:30:53,19.5,49.8
08/24/2026,08:35:53,19.6,49.7
08/24/2026,08:40:53,19.7,49.6
08/24/2026,08:45:53,19.7,49.5
08/24/2026,08:50:53,19.8,49.4
08/24/2026,08:55:53,19.9,49.3
08/24/2026,09:00:53,19.9,49.3
08/24/2026,09:05:53,19.9,49.2
08/24/2026,09:10:53,20.0,49.1
08/24/2026,09:15:53,20.1,49.1
08/24/2026,09:20:53,20.1,49.0
08/24/2026,09:25:53,20.1,49.0
08/24/2026,09:30:53,20.2,48.9
08/24/2026,09:35:53,20.2,48.9
08/24/2026,09:40:53,20.2,48.9
08/24/2026,09:45:53,20.3,48.8
08/24/2026,09:50:53,20.4,48.8
08/24/2026,09:55:53,20.4,48.8
08/24/2026,10:00:53,20.4,48.8
08/24/2026,10:05:53,20.5,48.8
08/24/2026,10:10:53,20.5,48.7
08/24/2026,10:15:53,20.5,48.7
08/24/2026,10:20:53,20.5,48.7
08/24/2026,10:25:53,20.6,48.7
08/24/2026,10:30:53,20.6,48.7
08/24/2026,10:35:53,20.6,48.6
08/24/2026,10:40:53,20.7,48.6
08/24/2026,10:45:53,20.7,48.6
08/24/2026,10:50:53,20.7,48.6
08/24/2026,10:55:53,20.8,48.6
08/24/2026,11:00:53,20.8,48.5
08/24/2026,11:05:53,20.8,48.5
08/24/2026,11:10:53,20.9,48.4
08/24/2026,11:15:53,20.9,48.5
08/24/2026,11:20:53,20.9,48.5
08/24/2026,11:25:53,20.9,48.4
08/24/2026,11:30:53,20.9,48.4
08/24/2026,11:35:53,21.0,48.4
08/24/2026,11:40:53,21.0,48.4
08/24/2026,11:45:53,21.0,48.5
08/24/2026,11:50:53,21.0,48.5
08/24/2026,11:55:53,21.0,48.4
08/24/2026,12:00:53,21.1,48.4
08/24/2026,12:05:53,21.1,48.4
08/24/2026,12:10:53,21.1,48.4
08/24/2026,12:15:53,21.1,48.4
08/24/2026,12:20:53,21.2,48.4
08/24/2026,12:25:53,21.2,48.4
08/24/2026,12:30:53,21.2,48.5
08/24/2026,12:35:53,21.3,48.4
08/24/2026,12:40:53,21.3,48.4
08/24/2026,12:45:53,21.3,48.3
08/24/2026,12:50:53,21.3,48.3
08/24/2026,12:55:53,21.3,48.3
08/24/2026,13:00:53,21.3,48.3
08/24/2026,13:05:53,21.4,48.2
08/24/2026,13:10:53,21.4,48.3
08/24/2026,13:15:53,21.4,48.2
08/24/2026,13:20:53,21.4,48.1
08/24/2026,13:25:53,21.4,48.2
08/24/2026,13:30:53,21.5,48.1
08/24/2026,13:35:53,21.4,48.0
08/24/2026,13:40:53,21.5,48.0
08/24/2026,13:45:53,21.5,48.0
08/24/2026,13:50:53,21.5,48.0
08/24/2026,13:55:53,21.5,48.0
08/24/2026,14:00:53,21.6,47.9
08/24/2026,14:05:53,21.6,47.8
08/24/2026,14:10:53,21.6,47.8
08/24/2026,14:15:53,21.6,47.7
08/24/2026,14:20:53,21.6,47.7
08/24/2026,14:25:53,21.6,47.7
08/24/2026,14:30:53,21.7,47.7
08/24/2026,14:35:53,21.7,47.6
08/24/2026,14:40:53,21.7,47.7
08/24/2026,14:45:53,21.7,47.6
08/24/2026,14:50:53,21.7,47.6
08/24/2026,14:55:53,21.8,47.6
08/24/2026,15:00:53,21.8,47.6
08/24/2026,15:05:53,21.8,47.5
08/24/2026,15:10:53,21.8,47.5
08/24/2026,15:15:53,21.8,47.5
08/24/2026,15:20:53,21.9,47.6
08/24/2026,15:25:53,21.9,47.6
08/24/2026,15:30:53,21.9,47.6
08/24/2026,15:35:53,21.9,47.6
08/24/2026,15:40:53,21.9,47.6
08/24/2026,15:45:53,21.9,47.5
08/24/2026,15:50:53,22.0,47.5
08/24/2026,15:55:53,22.0,47.5
08/24/2026,16:00:53,22.0,47.5
08/24/2026,16:05:53,22.0,47.5
08/24/2026,16:10:53,22.0,47.6
08/24/2026,16:15:53,22.0,47.5
08/24/2026,16:20:53,22.1,47.5
08/24/2026,16:25:53,22.1,47.5
08/24/2026,16:30:53,22.1,47.6
08/24/2026,16:35:53,22.1,47.6
08/24/2026,16:40:53,22.1,47.5
08/24/2026,16:45:53,22.1,47.5
08/24/2026,16:50:53,22.1,47.5
08/24/2026,16:55:53,22.1,47.5
08/24/2026,17:00:53,22.1,47.5
08/24/2026,17:05:53,22.1,47.5
08/24/2026,17:10:53,22.2,47.5
08/24/2026,17:15:53,22.2,47.5
08/24/2026,17:20:53,22.2,47.5
08/24/2026,17:25:53,22.2,47.5
08/24/2026,17:30:53,22.2,47.4
08/24/2026,17:35:53,22.3,47.4
08/24/2026,17:40:53,22.3,47.3
08/24/2026,17:45:53,22.3,47.3
08/24/2026,17:50:53,22.3,47.3
08/24/2026,17:55:53,22.4,47.3
08/24/2026,18:00:53,22.4,47.1
08/24/2026,18:05:53,22.5,47.0
08/24/2026,18:10:53,22.5,46.9
08/24/2026,18:15:53,22.6,46.8
08/24/2026,18:20:53,22.6,46.7
08/24/2026,18:25:53,22.7,46.7
08/24/2026,18:30:53,22.7,46.6
08/24/2026,18:35:53,22.7,46.5
08/24/2026,18:40:53,22.6,46.4
08/24/2026,18:45:53,22.7,46.4
08/24/2026,18:50:53,22.6,46.3
08/24/2026,18:55:53,22.6,46.2
08/24/2026,19:00:53,22.6,46.2
08/24/2026,19:05:53,22.6,46.2
08/24/2026,19:10:53,22.6,46.2
08/24/2026,19:15:53,22.5,46.1
08/24/2026,19:20:53,22.5,46.2
08/24/2026,19:25:53,22.5,46.3
08/24/2026,19:30:53,22.5,46.2
08/24/2026,19:35:53,22.5,46.2
08/24/2026,19:40:53,22.5,46.2
08/24/2026,19:45:53,22.5,46.2
08/24/2026,19:50:53,22.4,46.2
08/24/2026,19:55:53,22.4,46.1
08/24/2026,20:00:53,22.4,46.2
08/24/2026,20:05:53,22.4,46.1
08/24/2026,20:10:53,22.4,46.2
08/24/2026,20:15:53,22.4,46.2
08/24/2026,20:20:53,22.4,46.2
08/24/2026,20:25:53,22.3,46.2
08/24/2026,20:30:53,22.3,46.2
08/24/2026,20:35:53,22.3,46.2
08/24/2026,20:40:53,22.3,46.3
08/24/2026,20:45:53,22.3,46.3
08/24/2026,20:50:53,22.3,46.3
08/24/2026,20:55:53,22.3,46.3
08/24/2026,21:00:53,22.2,46.3
08/24/2026,21:05:53,22.2,46.3
08/24/2026,21:10:53,22.2,46.3
08/24/2026,21:15:53,22.2,46.3
08/24/2026,21:20:53,22.2,46.3
08/24/2026,21:25:53,22.2,46.4
08/24/2026,21:30:53,22.2,46.4
08/24/2026,21:35:53,22.2,46.4
08/24/2026,21:40:53,22.1,46.4
08/24/2026,21:45:53,22.1,46.5
08/24/2026,21:50:53,22.1,46.5
08/24/2026,21:55:53,22.1,46.5
08/24/2026,22:00:53,22.1,46.5
08/24/2026,22:05:53,22.1,46.5
08/24/2026,22:10:53,22.1,46.6
08/24/2026,22:15:53,22.1,46.5
08/24/2026,22:20:53,22.1,46.6
08/24/2026,22:25:53,22.1,46.6
08/24/2026,22:30:53,22.1,46.5
08/24/2026,22:35:53,22.0,46.6
08/24/2026,22:40:53,22.0,46.6
08/24/2026,22:45:53,22.0,46.6
08/24/2026,22:50:53,22.0,46.6
08/24/2026,22:55:53,22.0,46.6
08/24/2026,23:00:53,22.0,46.6
08/24/2026,23:05:53,22.0,46.7
08/24/2026,23:10:53,22.0,46.7
08/24/2026,23:15:53,22.0,46.7
08/24/2026,23:20:53,21.9,46.7
08/24/2026,23:25:53,21.9,46.7
08/24/2026,23:30:53,21.9,46.7
08/24/2026,23:35:53,21.9,46.7
08/24/2026,23:40:53,21.9,46.7
08/24/2026,23:45:53,21.9,46.8
08/24/2026,23:50:53,21.9,46.8
08/24/2026,23:55:53,21.9,46.8
08/25/2026,00:00:53,21.8,46.8
08/25/2026,00:05:53,21.8,46.9
08/25/2026,00:10:53,21.8,46.9
08/25/2026,00:15:53,21.8,46.9
08/25/2026,00:20:53,21.8,46.9
08/25/2026,00:25:53,21.8,46.9
08/25/2026,00:30:53,21.8,46.9
08/25/2026,00:35:53,21.8,47.0
08/25/2026,00:40:53,21.8,47.1
08/25/2026,00:45:53,21.7,47.1
08/25/2026,00:50:53,21.7,47.0
08/25/2026,00:55:53,21.7,47.1
08/25/2026,01:00:53,21.7,47.1
08/25/2026,01:05:53,21.7,47.1
08/25/2026,01:10:53,21.7,47.2
08/25/2026,01:15:53,21.7,47.2
08/25/2026,01:20:53,21.7,47.2
08/25/2026,01:25:53,21.7,47.2
08/25/2026,01:30:53,21.6,47.2
08/25/2026,01:35:53,21.6,47.2
08/25/2026,01:40:53,21.6,47.3
08/25/2026,01:45:53,21.6,47.4
08/25/2026,01:50:53,21.6,47.4
08/25/2026,01:55:53,21.6,47.4
08/25/2026,02:00:53,21.6,47.4
08/25/2026,02:05:53,21.6,47.4
08/25/2026,02:10:53,21.6,47.4
08/25/2026,02:15:53,21.6,47.5
08/25/2026,02:20:53,21.5,47.5
08/25/2026,02:25:53,21.5,47.6
08/25/2026,02:30:53,21.5,47.5
08/25/2026,02:35:53,21.5,47.6
08/25/2026,02:40:53,21.5,47.6
08/25/2026,02:45:53,21.5,47.7
08/25/2026,02:50:53,21.5,47.7
08/25/2026,02:55:53,21.4,47.7
08/25/2026,03:00:53,21.5,47.7
08/25/2026,03:05:53,21.4,47.7
08/25/2026,03:10:53,21.4,47.8
08/25/2026,03:15:53,21.4,47.8
08/25/2026,03:20:53,21.4,47.8
08/25/2026,03:25:53,21.4,47.8
08/25/2026,03:30:53,21.4,47.8
08/25/2026,03:35:53,21.4,47.9
08/25/2026,03:40:53,21.4,47.9
08/25/2026,03:45:53,21.4,47.9
08/25/2026,03:50:53,21.4,48.0
08/25/2026,03:55:53,21.3,48.0
08/25/2026,04:00:53,21.3,48.0
08/25/2026,04:05:53,21.3,48.1
08/25/2026,04:10:53,21.3,48.1
08/25/2026,04:15:53,21.3,48.1
08/25/2026,04:20:53,21.3,48.1
08/25/2026,04:25:53,21.3,48.1
08/25/2026,04:30:53,21.3,48.2
08/25/2026,04:35:53,21.3,48.1
08/25/2026,04:40:53,21.3,48.2
08/25/2026,04:45:53,21.2,48.2
08/25/2026,04:50:53,21.3,48.2
08/25/2026,04:55:53,21.2,48.2
08/25/2026,05:00:53,21.2,48.3
08/25/2026,05:05:53,21.2,48.3
08/25/2026,05:10:53,21.2,48.4
08/25/2026,05:15:53,21.2,48.4
08/25/2026,05:20:53,21.2,48.4
08/25/2026,05:25:53,21.2,48.4
08/25/2026,05:30:53,21.2,48.4
08/25/2026,05:35:53,21.2,48.4
08/25/2026,05:40:53,21.1,48.4
08/25/2026,05:45:53,21.2,48.5
08/25/2026,05:50:53,21.2,48.5
08/25/2026,05:55:53,21.1,48.5
08/25/2026,06:00:53,21.1,48.6
08/25/2026,06:05:53,21.1,48.6
08/25/2026,06:10:53,21.1,48.6
08/25/2026,06:15:53,21.1,48.6
08/25/2026,06:20:53,21.1,48.6
08/25/2026,06:25:53,21.1,48.6
08/25/2026,06:30:53,21.0,48.7
08/25/2026,06:35:53,21.1,48.7
08/25/2026,06:40:53,21.1,48.8
08/25/2026,06:45:53,21.1,48.8
08/25/2026,06:50:53,21.0,48.8
08/25/2026,06:55:53,21.0,48.8
08/25/2026,07:00:53,21.0,48.9
08/25/2026,07:05:53,21.0,48.9
08/25/2026,07:10:53,21.0,48.9
08/25/2026,07:15:53,21.0,48.9
08/25/2026,07:20:53,21.0,49.0
08/25/2026,07:25:53,21.0,49.1
08/25/2026,07:30:53,21.0,49.1
08/25/2026,07:35:53,21.0,49.2
08/25/2026,07:40:53,21.0,49.2
08/25/2026,07:45:53,21.0,49.2
08/25/2026,07:50:53,21.0,49.4
08/25/2026,07:55:53,21.1,49.4
08/25/2026,08:00:53,21.1,49.5
08/25/2026,08:05:53,21.1,49.4
08/25/2026,08:10:53,21.1,49.3
08/25/2026,08:15:53,21.1,49.4
08/25/2026,08:20:53,21.1,49.3
08/25/2026,08:25:53,21.2,49.3
08/25/2026,08:30:53,21.2,49.3
08/25/2026,08:35:53,21.3,49.3
08/25/2026,08:40:53,21.3,49.3
08/25/2026,08:45:53,21.3,49.3
08/25/2026,08:50:53,21.3,49.3
08/25/2026,08:55:53,21.3,49.3
08/25/2026,09:00:53,21.3,49.3
08/25/2026,09:05:53,21.4,49.3
08/25/2026,09:10:53,21.3,49.4
08/25/2026,09:15:53,21.4,49.4
08/25/2026,09:20:53,21.4,49.4
08/25/2026,09:25:53,21.4,49.4
08/25/2026,09:30:53,21.4,49.6
08/25/2026,09:35:53,21.4,49.6
08/25/2026,09:40:53,21.4,49.7
08/25/2026,09:45:53,21.4,49.7
08/25/2026,09:50:53,21.4,49.8
08/25/2026,09:55:53,21.4,49.8
08/25/2026,10:00:53,21.5,49.9
08/25/2026,10:05:53,21.5,49.9
08/25/2026,10:10:53,21.5,49.9
08/25/2026,10:15:53,21.5,49.9
08/25/2026,10:20:53,21.5,50.0
08/25/2026,10:25:53,21.5,50.1
08/25/2026,10:30:53,21.5,50.2
08/25/2026,10:35:53,21.6,50.2
08/25/2026,10:40:53,21.6,50.4
08/25/2026,10:45:53,21.6,50.4
08/25/2026,10:50:53,21.6,50.4
08/25/2026,10:55:53,21.6,50.4
08/25/2026,11:00:53,21.6,50.6
08/25/2026,11:05:53,21.6,50.5
08/25/2026,11:10:53,21.7,50.6
08/25/2026,11:15:53,21.7,50.9
08/25/2026,11:20:53,21.7,50.8
08/25/2026,11:25:53,21.7,50.7
08/25/2026,11:30:53,21.7,50.8
08/25/2026,11:35:53,21.7,50.9
08/25/2026,11:40:53,21.7,50.9
08/25/2026,11:45:53,21.8,51.0
08/25/2026,11:50:53,21.8,51.0
08/25/2026,11:55:53,21.8,51.1
08/25/2026,12:00:53,21.8,51.0
08/25/2026,12:05:53,21.8,51.0
08/25/2026,12:10:53,21.8,51.1
08/25/2026,12:15:53,21.8,51.1
08/25/2026,12:20:53,21.8,51.1
08/25/2026,12:25:53,21.8,51.1
08/25/2026,12:30:53,21.9,51.2
08/25/2026,12:35:53,21.9,51.2
08/25/2026,12:40:53,21.9,51.3
08/25/2026,12:45:53,22.0,51.2
08/25/2026,12:50:53,22.0,51.3
08/25/2026,12:55:53,22.0,51.4
08/25/2026,13:00:53,22.1,51.6
08/25/2026,13:05:53,22.1,51.5
08/25/2026,13:10:53,22.1,51.4
08/25/2026,13:15:53,22.2,51.2
08/25/2026,13:20:53,22.2,51.3
08/25/2026,13:25:53,22.2,51.3
08/25/2026,13:30:53,22.2,51.1
08/25/2026,13:35:53,22.3,51.1
08/25/2026,13:40:53,22.3,51.0
08/25/2026,13:45:53,22.3,51.0
08/25/2026,13:50:53,22.3,50.9
08/25/2026,13:55:53,22.3,50.8
08/25/2026,14:00:53,22.4,50.7
08/25/2026,14:05:53,22.4,50.7
08/25/2026,14:10:53,22.4,50.6
08/25/2026,14:15:53,22.4,50.5
08/25/2026,14:20:53,22.4,50.3
08/25/2026,14:25:53,22.4,50.2
08/25/2026,14:30:53,22.5,50.2
08/25/2026,14:35:53,22.5,49.9
08/25/2026,14:40:53,22.5,50.0
08/25/2026,14:45:53,22.5,49.9
08/25/2026,14:50:53,22.6,49.8
08/25/2026,14:55:53,22.6,49.8
08/25/2026,15:00:53,22.6,49.5
08/25/2026,15:05:53,22.6,49.6
08/25/2026,15:10:53,22.6,49.4
08/25/2026,15:15:53,22.7,49.4
08/25/2026,15:20:53,22.7,49.2
08/25/2026,15:25:53,22.7,48.8
08/25/2026,15:30:53,22.7,48.8
08/25/2026,15:35:53,22.7,49.0
08/25/2026,15:40:53,22.7,49.0
08/25/2026,15:45:53,22.7,48.8
08/25/2026,15:50:53,22.8,48.7
08/25/2026,15:55:53,22.8,48.3
08/25/2026,16:00:53,22.8,47.9
08/25/2026,16:05:53,22.8,48.1
08/25/2026,16:10:53,22.8,47.9
08/25/2026,16:15:53,22.8,47.5
08/25/2026,16:20:53,22.9,47.6
08/25/2026,16:25:53,22.9,47.3
08/25/2026,16:30:53,22.9,47.6
08/25/2026,16:35:53,22.9,47.3
08/25/2026,16:40:53,22.9,47.0
08/25/2026,16:45:53,22.9,47.1
08/25/2026,16:50:53,22.9,47.0
08/25/2026,16:55:53,22.9,47.0
08/25/2026,17:00:53,22.9,46.8
08/25/2026,17:05:53,22.9,46.2
08/25/2026,17:10:53,23.0,46.5
08/25/2026,17:15:53,23.1,45.6
08/25/2026,17:20:53,23.1,45.9
08/25/2026,17:25:53,23.2,46.2
08/25/2026,17:30:53,23.2,46.0
08/25/2026,17:35:53,23.3,45.8
08/25/2026,17:40:53,23.3,45.9
08/25/2026,17:45:53,23.3,45.7
08/25/2026,17:50:53,23.4,45.4
08/25/2026,17:55:53,23.4,45.2
08/25/2026,18:00:53,23.5,45.2
08/25/2026,18:05:53,23.6,45.2
08/25/2026,18:10:53,23.6,45.2
08/25/2026,18:15:53,23.6,45.1
08/25/2026,18:20:53,23.7,45.1
08/25/2026,18:25:53,23.7,45.0
08/25/2026,18:30:53,23.7,44.8
08/25/2026,18:35:53,23.7,45.0
08/25/2026,18:40:53,23.7,44.9
08/25/2026,18:45:53,23.6,45.0
08/25/2026,18:50:53,23.6,45.0
08/25/2026,18:55:53,23.6,44.8
08/25/2026,19:00:53,23.6,44.9
08/25/2026,19:05:53,23.5,45.0
08/25/2026,19:10:53,23.6,45.0
08/25/2026,19:15:53,23.5,45.2
08/25/2026,19:20:53,23.5,45.1
08/25/2026,19:25:53,23.5,45.1
08/25/2026,19:30:53,23.4,45.1
08/25/2026,19:35:53,23.4,45.2
08/25/2026,19:40:53,23.4,45.5
08/25/2026,19:45:53,23.4,45.6
08/25/2026,19:50:53,23.3,45.7
08/25/2026,19:55:53,23.3,46.0
08/25/2026,20:00:53,23.3,46.1
08/25/2026,20:05:53,23.2,46.3
08/25/2026,20:10:53,23.2,46.4
08/25/2026,20:15:53,23.2,46.6
08/25/2026,20:20:53,23.1,46.6
08/25/2026,20:25:53,23.1,46.7
08/25/2026,20:30:53,23.1,46.8
08/25/2026,20:35:53,23.0,46.8
08/25/2026,20:40:53,23.0,46.9
08/25/2026,20:45:53,23.0,46.9
08/25/2026,20:50:53,22.9,47.1
08/25/2026,20:55:53,22.9,47.2
08/25/2026,21:00:53,22.9,47.3
08/25/2026,21:05:53,22.9,47.5
08/25/2026,21:10:53,22.8,47.6
08/25/2026,21:15:53,22.8,47.7
08/25/2026,21:20:53,22.8,47.8
08/25/2026,21:25:53,22.7,48.0
08/25/2026,21:30:53,22.7,48.1
08/25/2026,21:35:53,22.6,48.3
08/25/2026,21:40:53,22.6,48.5
08/25/2026,21:45:53,22.6,48.7
08/25/2026,21:50:53,22.6,48.9
08/25/2026,21:55:53,22.5,48.9
08/25/2026,22:00:53,22.5,49.1
08/25/2026,22:05:53,22.4,49.2
08/25/2026,22:10:53,22.4,49.4
08/25/2026,22:15:53,22.4,49.5
08/25/2026,22:20:53,22.4,49.7
08/25/2026,22:25:53,22.3,49.8
08/25/2026,22:30:53,22.3,49.9
08/25/2026,22:35:53,22.3,50.1
08/25/2026,22:40:53,22.3,50.3
08/25/2026,22:45:53,22.3,50.4
08/25/2026,22:50:53,22.2,50.6
08/25/2026,22:55:53,22.2,50.7
08/25/2026,23:00:53,22.1,50.7
08/25/2026,23:05:53,22.1,50.9
08/25/2026,23:10:53,22.1,51.0
08/25/2026,23:15:53,22.1,51.2
08/25/2026,23:20:53,22.1,51.3
08/25/2026,23:25:53,22.0,51.5
08/25/2026,23:30:53,22.0,51.5
08/25/2026,23:35:53,22.0,51.7
08/25/2026,23:40:53,21.9,51.8
08/25/2026,23:45:53,21.9,51.9
08/25/2026,23:50:53,21.9,52.1
08/25/2026,23:55:53,21.8,52.2
08/26/2026,00:00:53,21.8,52.2
08/26/2026,00:05:53,21.8,52.4
08/26/2026,00:10:53,21.7,52.4
08/26/2026,00:15:53,21.7,52.5
08/26/2026,00:20:53,21.7,52.6
08/26/2026,00:25:53,21.6,52.7
08/26/2026,00:30:53,21.6,52.7
08/26/2026,00:35:53,21.6,52.9
08/26/2026,00:40:53,21.6,52.9
08/26/2026,00:45:53,21.5,53.0
08/26/2026,00:50:53,21.5,53.1
08/26/2026,00:55:53,21.5,53.2
08/26/2026,01:00:53,21.5,53.3
08/26/2026,01:05:53,21.4,53.4
08/26/2026,01:10:53,21.4,53.6
08/26/2026,01:15:53,21.3,53.7
08/26/2026,01:20:53,21.3,53.9
08/26/2026,01:25:53,21.3,54.1
08/26/2026,01:30:53,21.3,54.2
08/26/2026,01:35:53,21.3,54.4
08/26/2026,01:40:53,21.2,54.6
08/26/2026,01:45:53,21.2,54.7
08/26/2026,01:50:53,21.2,54.9
08/26/2026,01:55:53,21.2,55.0
08/26/2026,02:00:53,21.1,55.1
08/26/2026,02:05:53,21.1,55.3
08/26/2026,02:10:53,21.1,55.4
08/26/2026,02:15:53,21.1,55.5
08/26/2026,02:20:53,21.1,55.6
08/26/2026,02:25:53,21.1,55.8
08/26/2026,02:30:53,21.1,55.8
08/26/2026,02:35:53,21.0,55.9
08/26/2026,02:40:53,21.0,56.1
08/26/2026,02:45:53,21.0,56.2
08/26/2026,02:50:53,21.0,56.2
08/26/2026,02:55:53,21.0,56.4
08/26/2026,03:00:53,21.0,56.4
08/26/2026,03:05:53,20.9,56.5
08/26/2026,03:10:53,20.9,56.6
08/26/2026,03:15:53,20.9,56.9
08/26/2026,03:20:53,20.9,56.9
08/26/2026,03:25:53,20.9,56.9
08/26/2026,03:30:53,20.9,57.0
08/26/2026,03:35:53,20.9,57.1
08/26/2026,03:40:53,20.8,57.2
08/26/2026,03:45:53,20.8,57.2
08/26/2026,03:50:53,20.8,57.4
08/26/2026,03:55:53,20.8,57.6
08/26/2026,04:00:53,20.8,57.6
08/26/2026,04:05:53,20.8,57.7
08/26/2026,04:10:53,20.8,57.9
08/26/2026,04:15:53,20.8,58.0
08/26/2026,04:20:53,20.8,58.0
08/26/2026,04:25:53,20.7,58.1
08/26/2026,04:30:53,20.7,58.1
08/26/2026,04:35:53,20.7,58.2
08/26/2026,04:40:53,20.7,58.4
08/26/2026,04:45:53,20.7,58.5
08/26/2026,04:50:53,20.7,58.6
08/26/2026,04:55:53,20.7,58.8
08/26/2026,05:00:53,20.7,58.8
08/26/2026,05:05:53,20.7,58.9
08/26/2026,05:10:53,20.7,59.0
08/26/2026,05:15:53,20.7,59.0
08/26/2026,05:20:53,20.7,59.0
08/26/2026,05:25:53,20.7,59.0
08/26/2026,05:30:53,20.7,59.1
08/26/2026,05:35:53,20.6,59.0
08/26/2026,05:40:53,20.7,59.1
08/26/2026,05:45:53,20.7,59.1
08/26/2026,05:50:53,20.6,59.1
08/26/2026,05:55:53,20.6,59.3
08/26/2026,06:00:53,20.6,59.3
08/26/2026,06:05:53,20.6,59.2
08/26/2026,06:10:53,20.6,59.3
08/26/2026,06:15:53,20.6,59.1
08/26/2026,06:20:53,20.6,59.2
08/26/2026,06:25:53,20.6,59.2
08/26/2026,06:30:53,20.6,59.3
08/26/2026,06:35:53,20.6,59.3
08/26/2026,06:40:53,20.5,59.5
08/26/2026,06:45:53,20.5,59.4
08/26/2026,06:50:53,20.6,59.6
08/26/2026,06:55:53,20.5,59.8
08/26/2026,07:00:53,20.5,59.9
08/26/2026,07:05:53,20.5,59.5
08/26/2026,07:10:53,20.6,59.1
08/26/2026,07:15:53,20.6,58.6
08/26/2026,07:20:53,20.7,58.4
08/26/2026,07:25:53,20.7,58.1
08/26/2026,07:30:53,20.8,57.9
08/26/2026,07:35:53,20.8,57.7
08/26/2026,07:40:53,20.9,57.7
08/26/2026,07:45:53,20.9,57.5
08/26/2026,07:50:53,20.9,57.3
08/26/2026,07:55:53,21.0,57.3
08/26/2026,08:00:53,21.0,57.3
08/26/2026,08:05:53,21.1,57.0
08/26/2026,08:10:53,21.1,57.1
08/26/2026,08:15:53,21.1,56.9
08/26/2026,08:20:53,21.2,57.0
08/26/2026,08:25:53,21.2,56.7
08/26/2026,08:30:53,21.2,56.7
08/26/2026,08:35:53,21.2,56.6
08/26/2026,08:40:53,21.2,56.5
08/26/2026,08:45:53,21.3,56.4
08/26/2026,08:50:53,21.3,56.3
08/26/2026,08:55:53,21.3,56.3
08/26/2026,09:00:53,21.3,56.1
08/26/2026,09:05:53,21.4,56.1
08/26/2026,09:10:53,21.4,56.0
08/26/2026,09:15:53,21.4,55.9
08/26/2026,09:20:53,21.4,55.9
08/26/2026,09:25:53,21.4,55.8
08/26/2026,09:30:53,21.4,55.8
08/26/2026,09:35:53,21.5,55.7
08/26/2026,09:40:53,21.5,55.7
08/26/2026,09:45:53,21.5,55.5
08/26/2026,09:50:53,21.5,55.5
08/26/2026,09:55:53,21.6,55.5
08/26/2026,10:00:53,21.6,55.6
08/26/2026,10:05:53,21.6,55.4
08/26/2026,10:10:53,21.6,55.3
08/26/2026,10:15:53,21.6,55.4
08/26/2026,10:20:53,21.6,55.3
08/26/2026,10:25:53,21.7,55.2
08/26/2026,10:30:53,21.6,55.1
08/26/2026,10:35:53,21.7,55.2
08/26/2026,10:40:53,21.7,55.1
08/26/2026,10:45:53,21.7,55.0
08/26/2026,10:50:53,21.7,55.1
08/26/2026,10:55:53,21.7,55.0
08/26/2026,11:00:53,21.7,55.0
08/26/2026,11:05:53,21.8,55.1
08/26/2026,11:10:53,21.8,55.0
08/26/2026,11:15:53,21.8,55.0
08/26/2026,11:20:53,21.8,55.0
08/26/2026,11:25:53,21.8,55.0
08/26/2026,11:30:53,21.9,54.9
08/26/2026,11:35:53,21.9,55.0
08/26/2026,11:40:53,21.9,55.0
08/26/2026,11:45:53,21.9,55.1
08/26/2026,11:50:53,21.9,54.9
08/26/2026,11:55:53,21.9,55.0
08/26/2026,12:00:53,22.0,55.0
08/26/2026,12:05:53,22.0,55.0
08/26/2026,12:10:53,22.0,55.0
08/26/2026,12:15:53,22.0,54.9
08/26/2026,12:20:53,22.1,54.9
08/26/2026,12:25:53,22.0,54.9
08/26/2026,12:30:53,22.1,54.9
08/26/2026,12:35:53,22.1,54.9
08/26/2026,12:40:53,22.1,54.9
08/26/2026,12:45:53,22.1,54.9
08/26/2026,12:50:53,22.1,54.9
08/26/2026,12:55:53,22.1,54.9
08/26/2026,13:00:53,22.2,54.9
08/26/2026,13:05:53,22.2,54.9
08/26/2026,13:10:53,22.2,55.0
08/26/2026,13:15:53,22.2,54.9
08/26/2026,13:20:53,22.2,55.0
08/26/2026,13:25:53,22.2,55.1
08/26/2026,13:30:53,22.3,55.1
08/26/2026,13:35:53,22.3,55.1
08/26/2026,13:40:53,22.3,55.0
08/26/2026,13:45:53,22.3,55.0
08/26/2026,13:50:53,22.4,55.1
08/26/2026,13:55:53,22.4,55.0
08/26/2026,14:00:53,22.4,55.0
08/26/2026,14:05:53,22.4,55.1
08/26/2026,14:10:53,22.4,55.1
08/26/2026,14:15:53,22.4,55.3
08/26/2026,14:20:53,22.5,55.1
08/26/2026,14:25:53,22.5,55.1
08/26/2026,14:30:53,22.5,55.1
08/26/2026,14:35:53,22.5,55.1
08/26/2026,14:40:53,22.5,55.1
08/26/2026,14:45:53,22.5,55.1
08/26/2026,14:50:53,22.6,55.0
08/26/2026,14:55:53,22.6,55.0
08/26/2026,15:00:53,22.6,55.2
08/26/2026,15:05:53,22.6,55.1
08/26/2026,15:10:53,22.7,55.0
08/26/2026,15:15:53,22.7,55.1
08/26/2026,15:20:53,22.7,55.1
08/26/2026,15:25:53,22.7,55.0
08/26/2026,15:30:53,22.7,55.3
08/26/2026,15:35:53,22.7,55.2
08/26/2026,15:40:53,22.7,55.1
08/26/2026,15:45:53,22.7,55.0
08/26/2026,15:50:53,22.8,55.1
08/26/2026,15:55:53,22.8,55.1
08/26/2026,16:00:53,22.8,55.2
08/26/2026,16:05:53,22.8,55.2
08/26/2026,16:10:53,22.9,55.2
08/26/2026,16:15:53,22.9,55.2
08/26/2026,16:20:53,22.9,55.2
08/26/2026,16:25:53,22.9,55.2
08/26/2026,16:30:53,22.9,55.2
08/26/2026,16:35:53,22.9,55.2
08/26/2026,16:40:53,22.9,55.2
08/26/2026,16:45:53,22.9,55.2
08/26/2026,16:50:53,23.0,55.2
08/26/2026,16:55:53,23.0,55.2
08/26/2026,17:00:53,23.0,55.4
08/26/2026,17:05:53,23.0,55.5
08/26/2026,17:10:53,23.1,55.4
08/26/2026,17:15:53,23.1,55.3
08/26/2026,17:20:53,23.1,55.3
08/26/2026,17:25:53,23.2,55.5
08/26/2026,17:30:53,23.3,55.3
08/26/2026,17:35:53,23.3,55.3
08/26/2026,17:40:53,23.3,55.2
08/26/2026,17:45:53,23.3,55.1
08/26/2026,17:50:53,23.3,55.0
08/26/2026,17:55:53,23.4,55.1
08/26/2026,18:00:53,23.4,55.1
08/26/2026,18:05:53,23.4,55.2
08/26/2026,18:10:53,23.4,55.2
08/26/2026,18:15:53,23.4,55.2
08/26/2026,18:20:53,23.4,55.0
08/26/2026,18:25:53,23.4,55.0
08/26/2026,18:30:53,23.5,55.0
08/26/2026,18:35:53,23.5,55.0
08/26/2026,18:40:53,23.4,55.1
08/26/2026,18:45:53,23.5,55.3
08/26/2026,18:50:53,23.5,56.1
08/26/2026,18:55:53,23.5,56.3
08/26/2026,19:00:53,23.5,56.8
08/26/2026,19:05:53,23.5,57.4
08/26/2026,19:10:53,23.5,57.6
08/26/2026,19:15:53,23.5,57.8
08/26/2026,19:20:53,23.5,58.0
08/26/2026,19:25:53,23.5,58.2
08/26/2026,19:30:53,23.5,58.4
08/26/2026,19:35:53,23.5,58.6
08/26/2026,19:40:53,23.5,58.6
08/26/2026,19:45:53,23.5,58.9
08/26/2026,19:50:53,23.4,59.0
08/26/2026,19:55:53,23.4,59.1
08/26/2026,20:00:53,23.4,59.2
08/26/2026,20:05:53,23.4,59.4
08/26/2026,20:10:53,23.4,59.4
08/26/2026,20:15:53,23.4,59.5
08/26/2026,20:20:53,23.3,59.5
08/26/2026,20:25:53,23.3,59.1
08/26/2026,20:30:53,23.3,58.7
08/26/2026,20:35:53,23.3,58.4
08/26/2026,20:40:53,23.3,58.1
08/26/2026,20:45:53,23.3,58.0
08/26/2026,20:50:53,23.3,57.8
08/26/2026,20:55:53,23.3,57.7
08/26/2026,21:00:53,23.3,57.6
08/26/2026,21:05:53,23.3,57.5
08/26/2026,21:10:53,23.3,57.4
08/26/2026,21:15:53,23.3,57.3
08/26/2026,21:20:53,23.3,57.4
08/26/2026,21:25:53,23.3,57.3
08/26/2026,21:30:53,23.4,57.2
08/26/2026,21:35:53,23.3,57.3
08/26/2026,21:40:53,23.3,57.3
08/26/2026,21:45:53,23.3,57.3
08/26/2026,21:50:53,23.3,57.3
08/26/2026,21:55:53,23.3,57.3
08/26/2026,22:00:53,23.3,57.3
08/26/2026,22:05:53,23.3,57.3
08/26/2026,22:10:53,23.3,57.2
08/26/2026,22:15:53,23.3,57.3
08/26/2026,22:20:53,23.3,57.3
08/26/2026,22:25:53,23.3,57.3
08/26/2026,22:30:53,23.3,57.2
08/26/2026,22:35:53,23.3,57.3
08/26/2026,22:40:53,23.3,57.2
08/26/2026,22:45:53,23.3,57.2
08/26/2026,22:50:53,23.2,57.2
08/26/2026,22:55:53,23.3,57.2
08/26/2026,23:00:53,23.3,57.2
08/26/2026,23:05:53,23.2,57.1
08/26/2026,23:10:53,23.2,57.1
08/26/2026,23:15:53,23.2,57.2
08/26/2026,23:20:53,23.2,57.2
08/26/2026,23:25:53,23.2,57.1
08/26/2026,23:30:53,23.2,57.1
08/26/2026,23:35:53,23.2,57.1
08/26/2026,23:40:53,23.2,57.1
08/26/2026,23:45:53,23.2,57.0
08/26/2026,23:50:53,23.2,57.1
08/26/2026,23:55:53,23.2,57.2
08/27/2026,00:00:53,23.2,57.1
08/27/2026,00:05:53,23.2,57.1
08/27/2026,00:10:53,23.1,57.0
08/27/2026,00:15:53,23.1,57.0
08/27/2026,00:20:53,23.1,57.1
08/27/2026,00:25:53,23.1,57.0
08/27/2026,00:30:53,23.1,57.0
08/27/2026,00:35:53,23.1,57.0
08/27/2026,00:40:53,23.1,57.1
08/27/2026,00:45:53,23.1,57.0
08/27/2026,00:50:53,23.1,57.0
08/27/2026,00:55:53,23.1,57.0
08/27/2026,01:00:53,23.1,57.0
08/27/2026,01:05:53,23.0,57.0
08/27/2026,01:10:53,23.1,57.1
08/27/2026,01:15:53,23.1,57.0
08/27/2026,01:20:53,23.0,57.0
08/27/2026,01:25:53,23.0,57.0
08/27/2026,01:30:53,23.0,57.1
08/27/2026,01:35:53,23.0,57.1
08/27/2026,01:40:53,23.0,57.0
08/27/2026,01:45:53,23.0,57.0
08/27/2026,01:50:53,23.0,57.0
08/27/2026,01:55:53,23.0,57.0
08/27/2026,02:00:53,23.0,57.0
08/27/2026,02:05:53,22.9,56.9
08/27/2026,02:10:53,23.0,56.9
08/27/2026,02:15:53,22.9,56.9
08/27/2026,02:20:53,22.9,56.9
08/27/2026,02:25:53,22.9,56.9
08/27/2026,02:30:53,22.9,56.9
08/27/2026,02:35:53,22.9,56.8
08/27/2026,02:40:53,22.9,56.8
08/27/2026,02:45:53,22.9,56.8
08/27/2026,02:50:53,22.9,56.8
08/27/2026,02:55:53,22.9,56.8
08/27/2026,03:00:53,22.8,56.8
08/27/2026,03:05:53,22.8,56.8
08/27/2026,03:10:53,22.9,56.7
08/27/2026,03:15:53,22.8,56.8
08/27/2026,03:20:53,22.8,56.8
08/27/2026,03:25:53,22.8,56.8
08/27/2026,03:30:53,22.8,56.7
08/27/2026,03:35:53,22.8,56.7
08/27/2026,03:40:53,22.8,56.7
08/27/2026,03:45:53,22.7,56.7
08/27/2026,03:50:53,22.8,56.7
08/27/2026,03:55:53,22.8,56.7
08/27/2026,04:00:53,22.8,56.6
08/27/2026,04:05:53,22.7,56.6
08/27/2026,04:10:53,22.7,56.6
08/27/2026,04:15:53,22.7,56.6
08/27/2026,04:20:53,22.7,56.6
08/27/2026,04:25:53,22.7,56.6
08/27/2026,04:30:53,22.7,56.6
08/27/2026,04:35:53,22.7,56.6
08/27/2026,04:40:53,22.7,56.6
08/27/2026,04:45:53,22.7,56.6
08/27/2026,04:50:53,22.7,56.6
08/27/2026,04:55:53,22.7,56.5
08/27/2026,05:00:53,22.7,56.5
08/27/2026,05:05:53,22.6,56.6
08/27/2026,05:10:53,22.6,56.5
08/27/2026,05:15:53,22.6,56.6
08/27/2026,05:20:53,22.6,56.6
08/27/2026,05:25:53,22.6,56.6
08/27/2026,05:30:53,22.6,56.5
08/27/2026,05:35:53,22.6,56.5
08/27/2026,05:40:53,22.6,56.6
08/27/2026,05:45:53,22.6,56.5
08/27/2026,05:50:53,22.6,56.6
08/27/2026,05:55:53,22.6,56.6
08/27/2026,06:00:53,22.6,56.6
08/27/2026,06:05:53,22.5,56.6
08/27/2026,06:10:53,22.6,56.6
08/27/2026,06:15:53,22.6,56.6
08/27/2026,06:20:53,22.5,56.6
08/27/2026,06:25:53,22.5,56.6
08/27/2026,06:30:53,22.5,56.6
08/27/2026,06:35:53,22.5,56.6
08/27/2026,06:40:53,22.5,56.6
08/27/2026,06:45:53,22.5,56.6
08/27/2026,06:50:53,22.5,56.5
08/27/2026,06:55:53,22.5,56.6
08/27/2026,07:00:53,22.5,56.6
08/27/2026,07:05:53,22.5,56.6
08/27/2026,07:10:53,22.5,56.6
08/27/2026,07:15:53,22.5,56.6
08/27/2026,07:20:53,22.5,56.6
08/27/2026,07:25:53,22.5,56.7
08/27/2026,07:30:53,22.5,56.7
08/27/2026,07:35:53,22.5,56.7
08/27/2026,07:40:53,22.5,56.7
08/27/2026,07:45:53,22.5,56.7
08/27/2026,07:50:53,22.5,56.7
08/27/2026,07:55:53,22.4,56.7
08/27/2026,08:00:53,22.5,56.7
08/27/2026,08:05:53,22.5,56.8
08/27/2026,08:10:53,22.5,56.8
08/27/2026,08:15:53,22.4,56.9
08/27/2026,08:20:53,22.4,57.0
08/27/2026,08:25:53,22.4,57.0
08/27/2026,08:30:53,22.4,57.0
08/27/2026,08:35:53,22.4,57.0
08/27/2026,08:40:53,22.4,57.1
08/27/2026,08:45:53,22.4,57.0
08/27/2026,08:50:53,22.4,57.1
08/27/2026,08:55:53,22.4,57.1
08/27/2026,09:00:53,22.4,57.2
08/27/2026,09:05:53,22.4,57.3
08/27/2026,09:10:53,22.4,57.4
08/27/2026,09:15:53,22.4,57.3
08/27/2026,09:20:53,22.4,57.3
08/27/2026,09:25:53,22.4,57.3
08/27/2026,09:30:53,22.4,57.4
08/27/2026,09:35:53,22.4,57.3
08/27/2026,09:40:53,22.4,57.2
08/27/2026,09:45:53,22.4,57.2
08/27/2026,09:50:53,22.4,57.2
08/27/2026,09:55:53,22.4,57.3
08/27/2026,10:00:53,22.5,57.3
08/27/2026,10:05:53,22.4,57.4
08/27/2026,10:10:53,22.4,57.4
08/27/2026,10:15:53,22.5,57.5
08/27/2026,10:20:53,22.5,57.5
08/27/2026,10:25:53,22.5,57.4
08/27/2026,10:30:53,22.5,57.5
08/27/2026,10:35:53,22.5,57.3
08/27/2026,10:40:53,22.5,57.3
08/27/2026,10:45:53,22.5,57.1
08/27/2026,10:50:53,22.5,57.2
08/27/2026,10:55:53,22.6,57.2
08/27/2026,11:00:53,22.5,57.1
08/27/2026,11:05:53,22.5,57.4
08/27/2026,11:10:53,22.5,57.5
08/27/2026,11:15:53,22.6,57.5
08/27/2026,11:20:53,22.6,57.2
08/27/2026,11:25:53,22.5,57.4
08/27/2026,11:30:53,22.5,57.3
08/27/2026,11:35:53,22.6,57.3
08/27/2026,11:40:53,22.5,57.4
08/27/2026,11:45:53,22.5,57.5
08/27/2026,11:50:53,22.6,57.4
08/27/2026,11:55:53,22.6,57.4
08/27/2026,12:00:53,22.6,57.5
08/27/2026,12:05:53,22.6,57.5
08/27/2026,12:10:53,22.6,57.5
08/27/2026,12:15:53,22.6,57.5
08/27/2026,12:20:53,22.6,57.5
08/27/2026,12:25:53,22.6,57.6
08/27/2026,12:30:53,22.6,57.5
08/27/2026,12:35:53,22.6,57.4
08/27/2026,12:40:53,22.6,57.7
08/27/2026,12:45:53,22.6,57.5
08/27/2026,12:50:53,22.6,57.5
08/27/2026,12:55:53,22.6,57.7
08/27/2026,13:00:53,22.6,57.7
08/27/2026,13:05:53,22.6,57.8
08/27/2026,13:10:53,22.6,57.7
08/27/2026,13:15:53,22.6,57.7
08/27/2026,13:20:53,22.6,57.7
08/27/2026,13:25:53,22.6,57.7
08/27/2026,13:30:53,22.6,57.8
08/27/2026,13:35:53,22.6,57.8
08/27/2026,13:40:53,22.6,57.9
08/27/2026,13:45:53,22.6,58.0
08/27/2026,13:50:53,22.6,57.9
08/27/2026,13:55:53,22.6,58.1
08/27/2026,14:00:53,22.6,58.0
08/27/2026,14:05:53,22.6,58.2
08/27/2026,14:10:53,22.6,58.1
08/27/2026,14:15:53,22.6,58.1
08/27/2026,14:20:53,22.6,58.1
08/27/2026,14:25:53,22.6,58.1
08/27/2026,14:30:53,22.6,58.1
08/27/2026,14:35:53,22.6,58.2
08/27/2026,14:40:53,22.6,58.3
08/27/2026,14:45:53,22.6,58.2
08/27/2026,14:50:53,22.6,58.0
08/27/2026,14:55:53,22.6,58.0
08/27/2026,15:00:53,22.7,58.3
08/27/2026,15:05:53,22.6,58.3
08/27/2026,15:10:53,22.7,58.1
08/27/2026,15:15:53,22.7,58.0
08/27/2026,15:20:53,22.7,58.2
08/27/2026,15:25:53,22.7,57.9
08/27/2026,15:30:53,22.7,57.9
08/27/2026,15:35:53,22.7,57.8
08/27/2026,15:40:53,22.7,57.6
08/27/2026,15:45:53,22.7,57.6
08/27/2026,15:50:53,22.7,57.6
08/27/2026,15:55:53,22.7,57.6
08/27/2026,16:00:53,22.7,58.0
08/27/2026,16:05:53,22.7,57.9
08/27/2026,16:10:53,22.7,57.7
08/27/2026,16:15:53,22.7,58.0
08/27/2026,16:20:53,22.7,58.0
08/27/2026,16:25:53,22.8,58.2
08/27/2026,16:30:53,22.8,58.2
08/27/2026,16:35:53,22.8,58.3
08/27/2026,16:40:53,22.8,58.3
08/27/2026,16:45:53,22.8,58.5
08/27/2026,16:50:53,22.8,58.6
08/27/2026,16:55:53,22.8,58.7
08/27/2026,17:00:53,22.9,58.6
08/27/2026,17:05:53,22.9,58.5
08/27/2026,17:10:53,22.9,58.4
08/27/2026,17:15:53,22.9,58.4
08/27/2026,17:20:53,22.9,58.3
08/27/2026,17:25:53,22.9,58.4
08/27/2026,17:30:53,22.9,58.4
08/27/2026,17:35:53,22.9,58.3
08/27/2026,17:40:53,22.9,58.5
08/27/2026,17:45:53,23.0,58.7
08/27/2026,17:50:53,23.0,58.8
08/27/2026,17:55:53,23.0,58.9
08/27/2026,18:00:53,23.0,58.9
08/27/2026,18:05:53,23.0,58.9
08/27/2026,18:10:53,23.0,58.9
08/27/2026,18:15:53,23.0,58.9
08/27/2026,18:20:53,23.0,58.8
08/27/2026,18:25:53,23.0,58.8
08/27/2026,18:30:53,23.0,59.1
08/27/2026,18:35:53,23.0,59.1
08/27/2026,18:40:53,23.0,59.1
08/27/2026,18:45:53,23.0,59.1
08/27/2026,18:50:53,23.0,59.1
08/27/2026,18:55:53,23.0,59.0
08/27/2026,19:00:53,23.0,58.9
08/27/2026,19:05:53,23.0,59.0
08/27/2026,19:10:53,23.0,58.9
08/27/2026,19:15:53,23.0,58.9
08/27/2026,19:20:53,23.0,59.0
08/27/2026,19:25:53,23.0,58.9
08/27/2026,19:30:53,23.0,59.1
08/27/2026,19:35:53,22.9,59.0
08/27/2026,19:40:53,22.9,59.1
08/27/2026,19:45:53,23.0,59.0
08/27/2026,19:50:53,22.9,59.0
08/27/2026,19:55:53,22.9,59.1
08/27/2026,20:00:53,22.9,59.1
08/27/2026,20:05:53,22.9,59.0
08/27/2026,20:10:53,22.9,59.1
08/27/2026,20:15:53,22.9,59.1
08/27/2026,20:20:53,22.9,59.1
08/27/2026,20:25:53,22.9,59.1
08/27/2026,20:30:53,22.9,59.1
08/27/2026,20:35:53,22.9,59.1
08/27/2026,20:40:53,22.9,59.2
08/27/2026,20:45:53,22.9,59.2
08/27/2026,20:50:53,22.9,59.2
08/27/2026,20:55:53,22.9,59.2
08/27/2026,21:00:53,22.9,59.1
08/27/2026,21:05:53,22.9,59.2
08/27/2026,21:10:53,22.9,59.1
08/27/2026,21:15:53,22.9,59.1
08/27/2026,21:20:53,22.8,59.1
08/27/2026,21:25:53,22.9,59.1
08/27/2026,21:30:53,22.9,59.1
08/27/2026,21:35:53,22.8,59.1
08/27/2026,21:40:53,22.8,59.1
08/27/2026,21:45:53,22.8,59.2
08/27/2026,21:50:53,22.8,59.2
08/27/2026,21:55:53,22.8,59.2
08/27/2026,22:00:53,22.8,59.2
08/27/2026,22:05:53,22.8,59.2
08/27/2026,22:10:53,22.8,59.2
08/27/2026,22:15:53,22.8,59.2
08/27/2026,22:20:53,22.8,59.2
08/27/2026,22:25:53,22.8,59.2
08/27/2026,22:30:53,22.8,59.2
08/27/2026,22:35:53,22.7,59.2
08/27/2026,22:40:53,22.7,59.2
08/27/2026,22:45:53,22.7,59.2
08/27/2026,22:50:53,22.7,59.2
08/27/2026,22:55:53,22.7,59.2
08/27/2026,23:00:53,22.7,59.2
08/27/2026,23:05:53,22.7,59.2
08/27/2026,23:10:53,22.7,59.2
08/27/2026,23:15:53,22.7,59.2
08/27/2026,23:20:53,22.7,59.2
08/27/2026,23:25:53,22.7,59.2
08/27/2026,23:30:53,22.7,59.2
08/27/2026,23:35:53,22.7,59.2
08/27/2026,23:40:53,22.7,59.3
08/27/2026,23:45:53,22.7,59.2
08/27/2026,23:50:53,22.7,59.2
08/27/2026,23:55:53,22.7,59.2
08/28/2026,00:00:53,22.6,59.2
08/28/2026,00:05:53,22.6,59.2
08/28/2026,00:10:53,22.6,59.2
08/28/2026,00:15:53,22.6,59.2
08/28/2026,00:20:53,22.6,59.2
08/28/2026,00:25:53,22.6,59.2
08/28/2026,00:30:53,22.6,59.2
08/28/2026,00:35:53,22.6,59.2
08/28/2026,00:40:53,22.6,59.2
08/28/2026,00:45:53,22.6,59.2
08/28/2026,00:50:53,22.6,59.2
08/28/2026,00:55:53,22.6,59.2
08/28/2026,01:00:53,22.5,59.3
08/28/2026,01:05:53,22.5,59.3
08/28/2026,01:10:53,22.5,59.2
08/28/2026,01:15:53,22.5,59.2
08/28/2026,01:20:53,22.5,59.2
08/28/2026,01:25:53,22.5,59.2
08/28/2026,01:30:53,22.5,59.2
08/28/2026,01:35:53,22.5,59.2
08/28/2026,01:40:53,22.5,59.2
08/28/2026,01:45:53,22.5,59.2
08/28/2026,01:50:53,22.5,59.2
08/28/2026,01:55:53,22.4,59.2
08/28/2026,02:00:53,22.5,59.2
08/28/2026,02:05:53,22.4,59.2
08/28/2026,02:10:53,22.4,59.2
08/28/2026,02:15:53,22.4,59.2
08/28/2026,02:20:53,22.4,59.2
08/28/2026,02:25:53,22.4,59.2
08/28/2026,02:30:53,22.4,59.2
08/28/2026,02:35:53,22.4,59.2
08/28/2026,02:40:53,22.4,59.1
08/28/2026,02:45:53,22.4,59.1
08/28/2026,02:50:53,22.4,59.1
08/28/2026,02:55:53,22.4,59.1
08/28/2026,03:00:53,22.4,59.1
08/28/2026,03:05:53,22.4,59.2
08/28/2026,03:10:53,22.4,59.2
08/28/2026,03:15:53,22.3,59.1
08/28/2026,03:20:53,22.3,59.1
08/28/2026,03:25:53,22.3,59.1
08/28/2026,03:30:53,22.3,59.1
08/28/2026,03:35:53,22.3,59.1
08/28/2026,03:40:53,22.3,59.1
08/28/2026,03:45:53,22.3,59.1
08/28/2026,03:50:53,22.3,59.0
08/28/2026,03:55:53,22.3,59.1
08/28/2026,04:00:53,22.3,59.1
08/28/2026,04:05:53,22.3,59.1
08/28/2026,04:10:53,22.2,59.0
08/28/2026,04:15:53,22.3,59.1
08/28/2026,04:20:53,22.2,59.1
08/28/2026,04:25:53,22.2,59.0
08/28/2026,04:30:53,22.2,59.0
08/28/2026,04:35:53,22.2,59.0
08/28/2026,04:40:53,22.2,59.0
08/28/2026,04:45:53,22.2,59.0
08/28/2026,04:50:53,22.2,59.0
08/28/2026,04:55:53,22.2,59.0
08/28/2026,05:00:53,22.2,59.0
08/28/2026,05:05:53,22.2,59.0
08/28/2026,05:10:53,22.2,59.0
08/28/2026,05:15:53,22.1,59.0
08/28/2026,05:20:53,22.1,59.0
08/28/2026,05:25:53,22.1,58.9
08/28/2026,05:30:53,22.1,58.9
08/28/2026,05:35:53,22.1,58.9
08/28/2026,05:40:53,22.1,58.9
08/28/2026,05:45:53,22.1,58.9
08/28/2026,05:50:53,22.1,58.9
08/28/2026,05:55:53,22.1,58.9
08/28/2026,06:00:53,22.1,58.8
08/28/2026,06:05:53,22.1,58.9
08/28/2026,06:10:53,22.0,58.9
08/28/2026,06:15:53,22.1,58.8
08/28/2026,06:20:53,22.0,58.8
08/28/2026,06:25:53,22.0,58.8
08/28/2026,06:30:53,22.0,58.8
08/28/2026,06:35:53,22.0,58.8
08/28/2026,06:40:53,22.0,58.8
08/28/2026,06:45:53,22.0,58.8
08/28/2026,06:50:53,22.0,58.8
08/28/2026,06:55:53,22.0,58.8
08/28/2026,07:00:53,22.0,58.7
08/28/2026,07:05:53,22.0,58.7
08/28/2026,07:10:53,22.0,58.7
08/28/2026,07:15:53,22.0,58.6
08/28/2026,07:20:53,22.0,58.6
08/28/2026,07:25:53,22.0,58.6
08/28/2026,07:30:53,21.9,58.7
08/28/2026,07:35:53,21.9,58.8
08/28/2026,07:40:53,21.9,58.8
08/28/2026,07:45:53,22.0,58.8
08/28/2026,07:50:53,22.0,58.8
08/28/2026,07:55:53,22.0,58.8
08/28/2026,08:00:53,22.0,58.7
08/28/2026,08:05:53,22.0,58.8
08/28/2026,08:10:53,22.0,58.7
08/28/2026,08:15:53,22.0,58.7
08/28/2026,08:20:53,22.0,58.7
08/28/2026,08:25:53,22.1,58.6
08/28/2026,08:30:53,22.1,58.6
08/28/2026,08:35:53,22.1,58.5
08/28/2026,08:40:53,22.1,58.4
08/28/2026,08:45:53,22.1,58.4
08/28/2026,08:50:53,22.1,58.4
08/28/2026,08:55:53,22.1,58.4
08/28/2026,09:00:53,22.2,58.3
08/28/2026,09:05:53,22.2,58.4
08/28/2026,09:10:53,22.1,58.4
08/28/2026,09:15:53,22.2,58.4
08/28/2026,09:20:53,22.2,58.3
08/28/2026,09:25:53,22.2,58.3
08/28/2026,09:30:53,22.2,58.4
08/28/2026,09:35:53,22.2,58.4
08/28/2026,09:40:53,22.2,58.4
08/28/2026,09:45:53,22.2,58.4
08/28/2026,09:50:53,22.2,58.3
08/28/2026,09:55:53,22.2,58.4
08/28/2026,10:00:53,22.2,58.4
08/28/2026,10:05:53,22.2,58.4
08/28/2026,10:10:53,22.2,58.5
08/28/2026,10:15:53,22.2,58.5
08/28/2026,10:20:53,22.2,58.5
08/28/2026,10:25:53,22.2,58.5
08/28/2026,10:30:53,22.2,58.5
08/28/2026,10:35:53,22.2,58.6
08/28/2026,10:40:53,22.2,58.6
08/28/2026,10:45:53,22.2,58.6
08/28/2026,10:50:53,22.2,58.6
08/28/2026,10:55:53,22.2,58.7
08/28/2026,11:00:53,22.2,58.6
08/28/2026,11:05:53,22.2,58.7
08/28/2026,11:10:53,22.2,58.7
08/28/2026,11:15:53,22.2,58.7
08/28/2026,11:20:53,22.3,58.7
08/28/2026,11:25:53,22.3,58.7
08/28/2026,11:30:53,22.3,58.7
08/28/2026,11:35:53,22.3,58.8
08/28/2026,11:40:53,22.3,58.8
08/28/2026,11:45:53,22.3,58.7
08/28/2026,11:50:53,22.3,58.7
08/28/2026,11:55:53,22.3,58.8
08/28/2026,12:00:53,22.3,58.8
08/28/2026,12:05:53,22.3,58.8
08/28/2026,12:10:53,22.3,58.8
08/28/2026,12:15:53,22.3,58.8
08/28/2026,12:20:53,22.3,58.7
08/28/2026,12:25:53,22.3,58.6
08/28/2026,12:30:53,22.4,58.7
08/28/2026,12:35:53,22.4,58.8
08/28/2026,12:40:53,22.4,58.8
08/28/2026,12:45:53,22.4,59.0
08/28/2026,12:50:53,22.4,59.0
08/28/2026,12:55:53,22.4,59.0
08/28/2026,13:00:53,22.4,59.0
08/28/2026,13:05:53,22.5,59.3
08/28/2026,13:10:53,22.5,59.5
08/28/2026,13:15:53,22.5,59.4
08/28/2026,13:20:53,22.6,59.3
08/28/2026,13:25:53,22.6,59.2
08/28/2026,13:30:53,22.6,59.1
08/28/2026,13:35:53,22.6,59.2
08/28/2026,13:40:53,22.6,59.1
08/28/2026,13:45:53,22.7,59.0
08/28/2026,13:50:53,22.7,58.9
08/28/2026,13:55:53,22.7,58.9
08/28/2026,14:00:53,22.7,58.9
08/28/2026,14:05:53,22.7,58.8
08/28/2026,14:10:53,22.7,58.7
08/28/2026,14:15:53,22.7,58.7
08/28/2026,14:20:53,22.7,58.7
08/28/2026,14:25:53,22.8,58.6
08/28/2026,14:30:53,22.8,58.6
08/28/2026,14:35:53,22.8,58.6
08/28/2026,14:40:53,22.8,58.6
08/28/2026,14:45:53,22.8,58.6
08/28/2026,14:50:53,22.8,58.5
08/28/2026,14:55:53,22.8,58.5
08/28/2026,15:00:53,22.8,58.5
08/28/2026,15:05:53,22.9,58.4
08/28/2026,15:10:53,22.9,58.5
08/28/2026,15:15:53,22.9,58.5
08/28/2026,15:20:53,22.9,58.4
08/28/2026,15:25:53,22.9,58.4
08/28/2026,15:30:53,22.9,58.4
08/28/2026,15:35:53,22.9,58.4
08/28/2026,15:40:53,22.9,58.3
08/28/2026,15:45:53,23.0,58.3
08/28/2026,15:50:53,22.9,58.3
08/28/2026,15:55:53,23.0,58.2
08/28/2026,16:00:53,23.0,58.4
08/28/2026,16:05:53,23.0,58.2
08/28/2026,16:10:53,23.0,58.2
08/28/2026,16:15:53,23.0,58.2
08/28/2026,16:20:53,23.0,58.2
08/28/2026,16:25:53,23.0,58.2
08/28/2026,16:30:53,23.0,58.2
08/28/2026,16:35:53,23.0,58.2
08/28/2026,16:40:53,23.0,58.2
08/28/2026,16:45:53,23.0,58.2
08/28/2026,16:50:53,23.0,58.4
08/28/2026,16:55:53,23.1,58.4
08/28/2026,17:00:53,23.1,58.6
08/28/2026,17:05:53,23.1,58.5
08/28/2026,17:10:53,23.1,58.3
08/28/2026,17:15:53,23.1,58.3
08/28/2026,17:20:53,23.2,58.4
08/28/2026,17:25:53,23.2,58.5
08/28/2026,17:30:53,23.2,58.4
08/28/2026,17:35:53,23.2,58.4
08/28/2026,17:40:53,23.2,58.4
08/28/2026,17:45:53,23.2,58.3
08/28/2026,17:50:53,23.2,58.3
08/28/2026,17:55:53,23.2,58.2
08/28/2026,18:00:53,23.2,58.2
08/28/2026,18:05:53,23.2,58.3
08/28/2026,18:10:53,23.2,58.3
08/28/2026,18:15:53,23.2,58.4
08/28/2026,18:20:53,23.2,58.5
08/28/2026,18:25:53,23.2,58.5
08/28/2026,18:30:53,23.2,58.6
08/28/2026,18:35:53,23.2,58.8
08/28/2026,18:40:53,23.2,58.7
08/28/2026,18:45:53,23.2,58.6
08/28/2026,18:50:53,23.2,58.6
08/28/2026,18:55:53,23.2,58.5
08/28/2026,19:00:53,23.2,58.5
08/28/2026,19:05:53,23.2,58.6
08/28/2026,19:10:53,23.2,58.6
08/28/2026,19:15:53,23.2,58.5
08/28/2026,19:20:53,23.2,58.5
08/28/2026,19:25:53,23.2,58.4
08/28/2026,19:30:53,23.2,58.8
08/28/2026,19:35:53,23.2,58.8
08/28/2026,19:40:53,23.2,58.8
08/28/2026,19:45:53,23.2,59.1
08/28/2026,19:50:53,23.2,59.2
08/28/2026,19:55:53,23.2,61.3
08/28/2026,20:00:53,23.2,61.8
08/28/2026,20:05:53,23.1,62.1
08/28/2026,20:10:53,23.0,62.4
08/28/2026,20:15:53,23.0,62.9
08/28/2026,20:20:53,23.0,62.8
08/28/2026,20:25:53,23.0,62.5
08/28/2026,20:30:53,23.0,62.3
08/28/2026,20:35:53,23.0,62.1
08/28/2026,20:40:53,22.9,62.2
08/28/2026,20:45:53,22.9,62.1
08/28/2026,20:50:53,22.9,62.0
08/28/2026,20:55:53,22.9,62.2
08/28/2026,21:00:53,22.9,62.5
08/28/2026,21:05:53,22.8,62.5
08/28/2026,21:10:53,22.8,62.6
08/28/2026,21:15:53,22.8,62.4
08/28/2026,21:20:53,22.7,62.4
08/28/2026,21:25:53,22.7,62.4
08/28/2026,21:30:53,22.7,62.4
08/28/2026,21:35:53,22.7,62.4
08/28/2026,21:40:53,22.6,62.4
08/28/2026,21:45:53,22.6,62.4
08/28/2026,21:50:53,22.6,62.4
08/28/2026,21:55:53,22.6,62.4
08/28/2026,22:00:53,22.5,62.5
08/28/2026,22:05:53,22.5,62.5
08/28/2026,22:10:53,22.5,62.5
08/28/2026,22:15:53,22.4,62.5
08/28/2026,22:20:53,22.4,62.6
08/28/2026,22:25:53,22.4,62.6
08/28/2026,22:30:53,22.4,62.7
08/28/2026,22:35:53,22.3,62.7
08/28/2026,22:40:53,22.3,62.8
08/28/2026,22:45:53,22.3,62.7
08/28/2026,22:50:53,22.2,62.8
08/28/2026,22:55:53,22.2,62.8
08/28/2026,23:00:53,22.2,62.8
08/28/2026,23:05:53,22.2,62.8
08/28/2026,23:10:53,22.1,62.9
08/28/2026,23:15:53,22.1,62.9
08/28/2026,23:20:53,22.1,63.0
08/28/2026,23:25:53,22.1,63.1
08/28/2026,23:30:53,22.0,63.2
08/28/2026,23:35:53,22.0,63.3
08/28/2026,23:40:53,22.0,63.3
08/28/2026,23:45:53,22.0,63.3
08/28/2026,23:50:53,21.9,63.4
08/28/2026,23:55:53,21.9,63.5
08/29/2026,00:00:53,21.9,63.6
08/29/2026,00:05:53,21.8,63.6
08/29/2026,00:10:53,21.8,63.7
08/29/2026,00:15:53,21.8,63.7
08/29/2026,00:20:53,21.7,63.8
08/29/2026,00:25:53,21.7,63.8
08/29/2026,00:30:53,21.7,63.9
08/29/2026,00:35:53,21.7,64.0
08/29/2026,00:40:53,21.6,64.0
08/29/2026,00:45:53,21.6,64.1
08/29/2026,00:50:53,21.6,64.2
08/29/2026,00:55:53,21.5,64.2
08/29/2026,01:00:53,21.5,64.2
08/29/2026,01:05:53,21.5,64.2
08/29/2026,01:10:53,21.5,64.3
08/29/2026,01:15:53,21.5,64.4
08/29/2026,01:20:53,21.4,64.4
08/29/2026,01:25:53,21.4,64.5
08/29/2026,01:30:53,21.4,64.4
08/29/2026,01:35:53,21.4,64.5
08/29/2026,01:40:53,21.4,64.6
08/29/2026,01:45:53,21.3,64.6
08/29/2026,01:50:53,21.3,64.7
08/29/2026,01:55:53,21.3,64.7
08/29/2026,02:00:53,21.3,64.8
08/29/2026,02:05:53,21.3,64.7
08/29/2026,02:10:53,21.3,64.8
08/29/2026,02:15:53,21.2,64.9
08/29/2026,02:20:53,21.2,64.9
08/29/2026,02:25:53,21.2,65.0
08/29/2026,02:30:53,21.2,65.0
08/29/2026,02:35:53,21.2,65.0
08/29/2026,02:40:53,21.1,65.1
08/29/2026,02:45:53,21.1,65.2
08/29/2026,02:50:53,21.1,65.1
08/29/2026,02:55:53,21.1,65.1
08/29/2026,03:00:53,21.1,65.2
08/29/2026,03:05:53,21.1,65.2
08/29/2026,03:10:53,21.1,65.3
08/29/2026,03:15:53,21.0,65.3
08/29/2026,03:20:53,21.0,65.4
08/29/2026,03:25:53,21.0,65.5
08/29/2026,03:30:53,21.0,65.4
08/29/2026,03:35:53,21.0,65.4
08/29/2026,03:40:53,21.0,65.5
08/29/2026,03:45:53,20.9,65.5
08/29/2026,03:50:53,20.9,65.5
08/29/2026,03:55:53,20.9,65.6
08/29/2026,04:00:53,20.9,65.7
08/29/2026,04:05:53,20.9,65.7
08/29/2026,04:10:53,20.8,65.6
08/29/2026,04:15:53,20.9,65.7
08/29/2026,04:20:53,20.8,65.8
08/29/2026,04:25:53,20.8,65.8
08/29/2026,04:30:53,20.8,65.9
08/29/2026,04:35:53,20.7,65.8
08/29/2026,04:40:53,20.7,65.8
08/29/2026,04:45:53,20.7,65.9
08/29/2026,04:50:53,20.7,65.8
08/29/2026,04:55:53,20.6,65.9
08/29/2026,05:00:53,20.6,66.1
08/29/2026,05:05:53,20.6,66.0
08/29/2026,05:10:53,20.6,66.1
08/29/2026,05:15:53,20.6,66.2
08/29/2026,05:20:53,20.6,66.2
08/29/2026,05:25:53,20.6,66.2
08/29/2026,05:30:53,20.5,66.3
08/29/2026,05:35:53,20.6,66.2
08/29/2026,05:40:53,20.6,66.2
08/29/2026,05:45:53,20.5,66.3
08/29/2026,05:50:53,20.5,66.4
08/29/2026,05:55:53,20.5,66.5
08/29/2026,06:00:53,20.5,66.4
08/29/2026,06:05:53,20.5,66.5
08/29/2026,06:10:53,20.5,66.5
08/29/2026,06:15:53,20.4,66.5
08/29/2026,06:20:53,20.4,66.5
08/29/2026,06:25:53,20.4,66.5
08/29/2026,06:30:53,20.4,66.6
08/29/2026,06:35:53,20.4,66.6
08/29/2026,06:40:53,20.4,66.7
08/29/2026,06:45:53,20.4,66.8
08/29/2026,06:50:53,20.4,66.8
08/29/2026,06:55:53,20.4,66.9
08/29/2026,07:00:53,20.4,67.0
08/29/2026,07:05:53,20.4,67.1
08/29/2026,07:10:53,20.4,67.1
08/29/2026,07:15:53,20.4,67.1
08/29/2026,07:20:53,20.4,67.2
08/29/2026,07:25:53,20.4,67.2
08/29/2026,07:30:53,20.4,67.2
08/29/2026,07:35:53,20.4,67.3
08/29/2026,07:40:53,20.4,67.2
08/29/2026,07:45:53,20.5,67.3
08/29/2026,07:50:53,20.5,67.4
08/29/2026,07:55:53,20.5,67.4
08/29/2026,08:00:53,20.5,67.5
08/29/2026,08:05:53,20.5,67.4
08/29/2026,08:10:53,20.6,67.4
08/29/2026,08:15:53,20.5,67.4
08/29/2026,08:20:53,20.6,67.3
08/29/2026,08:25:53,20.6,67.4
08/29/2026,08:30:53,20.6,67.2
08/29/2026,08:35:53,20.6,67.1
08/29/2026,08:40:53,20.7,67.2
08/29/2026,08:45:53,20.7,67.1
08/29/2026,08:50:53,20.7,67.1
08/29/2026,08:55:53,20.7,67.0
08/29/2026,09:00:53,20.8,67.1
08/29/2026,09:05:53,20.8,67.3
08/29/2026,09:10:53,20.9,67.3
08/29/2026,09:15:53,20.9,67.2
08/29/2026,09:20:53,20.9,67.0
08/29/2026,09:25:53,21.0,67.0
08/29/2026,09:30:53,21.0,66.9
08/29/2026,09:35:53,21.1,66.8
08/29/2026,09:40:53,21.1,66.9
08/29/2026,09:45:53,21.1,66.8
08/29/2026,09:50:53,21.2,66.8
08/29/2026,09:55:53,21.2,66.8
08/29/2026,10:00:53,21.3,66.9
08/29/2026,10:05:53,21.4,67.0
08/29/2026,10:10:53,21.4,66.9
08/29/2026,10:15:53,21.5,66.8
08/29/2026,10:20:53,21.5,66.7
08/29/2026,10:25:53,21.5,66.5
08/29/2026,10:30:53,21.5,66.5
08/29/2026,10:35:53,21.5,66.4
08/29/2026,10:40:53,21.5,66.4
08/29/2026,10:45:53,21.5,66.4
08/29/2026,10:50:53,21.5,66.4
08/29/2026,10:55:53,21.5,66.0
08/29/2026,11:00:53,21.5,66.0
08/29/2026,11:05:53,21.5,65.9
08/29/2026,11:10:53,21.5,65.9
08/29/2026,11:15:53,21.5,65.8
08/29/2026,11:20:53,21.5,65.7
08/29/2026,11:25:53,21.5,65.6
08/29/2026,11:30:53,21.5,65.6
08/29/2026,11:35:53,21.5,65.4
08/29/2026,11:40:53,21.5,65.3
08/29/2026,11:45:53,21.5,65.7
08/29/2026,11:50:53,21.5,65.7
08/29/2026,11:55:53,21.5,66.0
08/29/2026,12:00:53,21.5,66.2
08/29/2026,12:05:53,21.5,66.1
08/29/2026,12:10:53,21.5,66.0
08/29/2026,12:15:53,21.4,65.9
08/29/2026,12:20:53,21.4,66.0
08/29/2026,12:25:53,21.3,66.1
08/29/2026,12:30:53,21.2,66.5
08/29/2026,12:35:53,21.2,66.6
08/29/2026,12:40:53,21.1,66.5
08/29/2026,12:45:53,21.1,66.8
08/29/2026,12:50:53,21.1,67.2
08/29/2026,12:55:53,21.0,67.4
08/29/2026,13:00:53,21.0,67.6
08/29/2026,13:05:53,21.0,67.5
08/29/2026,13:10:53,21.0,67.8
08/29/2026,13:15:53,21.0,68.2
08/29/2026,13:20:53,21.0,68.0
08/29/2026,13:25:53,21.0,68.3
08/29/2026,13:30:53,20.9,68.6
08/29/2026,13:35:53,20.9,68.9
08/29/2026,13:40:53,21.0,68.9
08/29/2026,13:45:53,21.0,69.1
08/29/2026,13:50:53,21.0,69.4
08/29/2026,13:55:53,21.0,69.6
08/29/2026,14:00:53,21.0,69.5
08/29/2026,14:05:53,21.0,69.5
08/29/2026,14:10:53,21.0,69.7
08/29/2026,14:15:53,21.1,69.9
08/29/2026,14:20:53,21.1,70.0
08/29/2026,14:25:53,21.1,70.1
08/29/2026,14:30:53,21.2,70.4
08/29/2026,14:35:53,21.2,70.6
08/29/2026,14:40:53,21.2,70.6
08/29/2026,14:45:53,21.3,70.8
08/29/2026,14:50:53,21.3,71.0
08/29/2026,14:55:53,21.4,71.0
08/29/2026,15:00:53,21.4,71.0
08/29/2026,15:05:53,21.4,71.1
08/29/2026,15:10:53,21.5,71.3
08/29/2026,15:15:53,21.5,71.3
08/29/2026,15:20:53,21.5,71.4
08/29/2026,15:25:53,21.6,71.7
08/29/2026,15:30:53,21.6,71.7
08/29/2026,15:35:53,21.7,71.7
08/29/2026,15:40:53,21.7,71.9
08/29/2026,15:45:53,21.7,71.9
08/29/2026,15:50:53,21.8,71.9
08/29/2026,15:55:53,21.8,71.8
08/29/2026,16:00:53,21.8,71.7
08/29/2026,16:05:53,21.8,71.8
08/29/2026,16:10:53,21.8,71.9
08/29/2026,16:15:53,21.8,71.9
08/29/2026,16:20:53,21.9,71.9
08/29/2026,16:25:53,21.9,72.1
08/29/2026,16:30:53,21.9,72.1
08/29/2026,16:35:53,21.9,72.3
08/29/2026,16:40:53,22.0,72.4
08/29/2026,16:45:53,21.9,72.3
08/29/2026,16:50:53,22.0,72.5
08/29/2026,16:55:53,22.0,72.5
08/29/2026,17:00:53,22.0,72.2
08/29/2026,17:05:53,22.0,72.3
08/29/2026,17:10:53,22.0,72.2
08/29/2026,17:15:53,22.0,72.2
08/29/2026,17:20:53,22.0,72.2
08/29/2026,17:25:53,22.0,72.3
08/29/2026,17:30:53,22.0,72.4
08/29/2026,17:35:53,22.0,72.5
08/29/2026,17:40:53,22.0,72.7
08/29/2026,17:45:53,22.0,72.9
08/29/2026,17:50:53,22.0,73.0
08/29/2026,17:55:53,21.9,73.1
08/29/2026,18:00:53,22.0,73.3
08/29/2026,18:05:53,21.9,73.2
08/29/2026,18:10:53,22.0,73.1
08/29/2026,18:15:53,21.9,72.9
08/29/2026,18:20:53,22.0,72.4
08/29/2026,18:25:53,22.0,72.0
08/29/2026,18:30:53,22.0,71.8
08/29/2026,18:35:53,22.0,71.9
08/29/2026,18:40:53,22.1,72.0
08/29/2026,18:45:53,22.1,72.1
08/29/2026,18:50:53,22.1,72.2
08/29/2026,18:55:53,22.1,72.0
08/29/2026,19:00:53,22.1,72.1
08/29/2026,19:05:53,22.1,71.9
08/29/2026,19:10:53,22.2,72.1
08/29/2026,19:15:53,22.2,71.8
08/29/2026,19:20:53,22.3,71.8
08/29/2026,19:25:53,22.2,71.7
08/29/2026,19:30:53,22.2,71.7
08/29/2026,19:35:53,22.2,71.7
08/29/2026,19:40:53,22.2,71.8
08/29/2026,19:45:53,22.2,71.8
08/29/2026,19:50:53,22.2,71.9
08/29/2026,19:55:53,22.2,71.7
08/29/2026,20:00:53,22.2,71.6
08/29/2026,20:05:53,22.2,71.5
08/29/2026,20:10:53,22.2,71.6
08/29/2026,20:15:53,22.2,71.3
08/29/2026,20:20:53,22.2,71.1
08/29/2026,20:25:53,22.2,71.0
08/29/2026,20:30:53,22.2,70.9
08/29/2026,20:35:53,22.2,70.9
08/29/2026,20:40:53,22.2,70.8
08/29/2026,20:45:53,22.2,70.7
08/29/2026,20:50:53,22.2,70.6
08/29/2026,20:55:53,22.2,70.5
08/29/2026,21:00:53,22.2,70.3
08/29/2026,21:05:53,22.2,70.3
08/29/2026,21:10:53,22.2,70.2
08/29/2026,21:15:53,22.2,70.2
08/29/2026,21:20:53,22.1,70.1
08/29/2026,21:25:53,22.1,70.1
08/29/2026,21:30:53,22.1,70.1
08/29/2026,21:35:53,22.1,70.0
08/29/2026,21:40:53,22.1,69.9
08/29/2026,21:45:53,22.1,69.8
08/29/2026,21:50:53,22.1,69.8
08/29/2026,21:55:53,22.1,69.7
08/29/2026,22:00:53,22.1,69.7
08/29/2026,22:05:53,22.1,69.6
08/29/2026,22:10:53,22.1,69.6
08/29/2026,22:15:53,22.1,69.5
08/29/2026,22:20:53,22.1,69.5
08/29/2026,22:25:53,22.0,69.4
08/29/2026,22:30:53,22.0,69.4
08/29/2026,22:35:53,22.0,69.4
08/29/2026,22:40:53,22.0,69.4
08/29/2026,22:45:53,22.0,69.4
08/29/2026,22:50:53,22.0,69.4
08/29/2026,22:55:53,22.0,69.3
08/29/2026,23:00:53,22.0,69.3
08/29/2026,23:05:53,22.0,69.2
08/29/2026,23:10:53,21.9,69.2
08/29/2026,23:15:53,21.9,69.1
08/29/2026,23:20:53,22.0,69.1
08/29/2026,23:25:53,21.9,69.0
08/29/2026,23:30:53,21.9,69.0
08/29/2026,23:35:53,21.9,69.0
08/29/2026,23:40:53,21.9,69.0
08/29/2026,23:45:53,21.9,68.9
08/29/2026,23:50:53,21.9,68.9
08/29/2026,23:55:53,21.9,68.9
08/30/2026,00:00:53,21.9,68.8
08/30/2026,00:05:53,21.8,68.8
08/30/2026,00:10:53,21.8,68.8
08/30/2026,00:15:53,21.8,68.7
08/30/2026,00:20:53,21.9,68.7
08/30/2026,00:25:53,21.8,68.6
08/30/2026,00:30:53,21.8,68.6
08/30/2026,00:35:53,21.8,68.5
08/30/2026,00:40:53,21.8,68.5
08/30/2026,00:45:53,21.8,68.5
08/30/2026,00:50:53,21.8,68.5
08/30/2026,00:55:53,21.8,68.4
08/30/2026,01:00:53,21.8,68.3
08/30/2026,01:05:53,21.8,68.4
08/30/2026,01:10:53,21.8,68.3
08/30/2026,01:15:53,21.8,68.3
08/30/2026,01:20:53,21.8,68.3
08/30/2026,01:25:53,21.8,68.2
08/30/2026,01:30:53,21.7,68.2
08/30/2026,01:35:53,21.7,68.2
08/30/2026,01:40:53,21.7,68.2
08/30/2026,01:45:53,21.7,68.1
08/30/2026,01:50:53,21.7,68.1
08/30/2026,01:55:53,21.7,68.1
08/30/2026,02:00:53,21.7,68.0
08/30/2026,02:05:53,21.7,68.0
08/30/2026,02:10:53,21.7,68.0
08/30/2026,02:15:53,21.7,68.0
08/30/2026,02:20:53,21.7,68.0
08/30/2026,02:25:53,21.7,67.9
08/30/2026,02:30:53,21.6,67.9
08/30/2026,02:35:53,21.6,67.8
08/30/2026,02:40:53,21.6,67.8
08/30/2026,02:45:53,21.7,67.8
08/30/2026,02:50:53,21.7,67.8
08/30/2026,02:55:53,21.6,67.8
08/30/2026,03:00:53,21.6,67.7
08/30/2026,03:05:53,21.6,67.7
08/30/2026,03:10:53,21.6,67.7
08/30/2026,03:15:53,21.6,67.7
08/30/2026,03:20:53,21.6,67.6
08/30/2026,03:25:53,21.6,67.6
08/30/2026,03:30:53,21.6,67.6
08/30/2026,03:35:53,21.6,67.6
08/30/2026,03:40:53,21.6,67.5
08/30/2026,03:45:53,21.6,67.5
08/30/2026,03:50:53,21.6,67.4
08/30/2026,03:55:53,21.6,67.4
08/30/2026,04:00:53,21.6,67.4
08/30/2026,04:05:53,21.5,67.4
08/30/2026,04:10:53,21.5,67.3
08/30/2026,04:15:53,21.5,67.3
08/30/2026,04:20:53,21.5,67.3
08/30/2026,04:25:53,21.5,67.3
08/30/2026,04:30:53,21.5,67.2
08/30/2026,04:35:53,21.5,67.2
08/30/2026,04:40:53,21.5,67.2
08/30/2026,04:45:53,21.5,67.2
08/30/2026,04:50:53,21.5,67.1
08/30/2026,04:55:53,21.5,67.2
08/30/2026,05:00:53,21.5,67.1
08/30/2026,05:05:53,21.5,67.1
08/30/2026,05:10:53,21.5,67.0
08/30/2026,05:15:53,21.5,67.0
08/30/2026,05:20:53,21.5,67.0
08/30/2026,05:25:53,21.5,66.9
08/30/2026,05:30:53,21.4,66.8
08/30/2026,05:35:53,21.4,66.9
08/30/2026,05:40:53,21.4,66.8
08/30/2026,05:45:53,21.4,66.7
08/30/2026,05:50:53,21.4,66.8
08/30/2026,05:55:53,21.4,66.7
08/30/2026,06:00:53,21.4,66.7
08/30/2026,06:05:53,21.4,66.7
08/30/2026,06:10:53,21.4,66.7
08/30/2026,06:15:53,21.4,66.7
08/30/2026,06:20:53,21.4,66.7
08/30/2026,06:25:53,21.4,66.6
08/30/2026,06:30:53,21.4,66.5
08/30/2026,06:35:53,21.4,66.6
08/30/2026,06:40:53,21.4,66.6
08/30/2026,06:45:53,21.4,66.6
08/30/2026,06:50:53,21.4,66.6
08/30/2026,06:55:53,21.3,66.6
08/30/2026,07:00:53,21.3,66.5
08/30/2026,07:05:53,21.3,66.5
08/30/2026,07:10:53,21.3,66.6
08/30/2026,07:15:53,21.3,66.4
08/30/2026,07:20:53,21.3,66.5
08/30/2026,07:25:53,21.3,66.5
08/30/2026,07:30:53,21.3,66.4
08/30/2026,07:35:53,21.3,66.5
08/30/2026,07:40:53,21.3,66.4
08/30/2026,07:45:53,21.3,66.7
08/30/2026,07:50:53,21.3,66.7
08/30/2026,07:55:53,21.3,66.7
08/30/2026,08:00:53,21.3,66.8
08/30/2026,08:05:53,21.3,67.6
08/30/2026,08:10:53,21.3,68.0
08/30/2026,08:15:53,21.3,68.0
08/30/2026,08:20:53,21.3,68.1
08/30/2026,08:25:53,21.3,68.3
08/30/2026,08:30:53,21.4,68.3
08/30/2026,08:35:53,21.4,68.4
08/30/2026,08:40:53,21.5,68.5
08/30/2026,08:45:53,21.5,68.5
08/30/2026,08:50:53,21.5,68.5
08/30/2026,08:55:53,21.6,68.5
08/30/2026,09:00:53,21.6,68.3
08/30/2026,09:05:53,21.6,68.2
08/30/2026,09:10:53,21.6,68.0
08/30/2026,09:15:53,21.6,68.0
08/30/2026,09:20:53,21.6,67.9
08/30/2026,09:25:53,21.7,68.0
08/30/2026,09:30:53,21.7,68.1
08/30/2026,09:35:53,21.7,68.1
08/30/2026,09:40:53,21.8,68.1
08/30/2026,09:45:53,21.9,68.2
08/30/2026,09:50:53,21.9,67.9
08/30/2026,09:55:53,22.0,67.4
08/30/2026,10:00:53,22.1,67.3
08/30/2026,10:05:53,22.1,67.2
08/30/2026,10:10:53,22.2,67.1
08/30/2026,10:15:53,22.2,66.8
08/30/2026,10:20:53,22.3,66.6
08/30/2026,10:25:53,22.4,66.5
08/30/2026,10:30:53,22.4,66.3
08/30/2026,10:35:53,22.4,66.3
08/30/2026,10:40:53,22.5,66.0
08/30/2026,10:45:53,22.5,66.0
08/30/2026,10:50:53,22.6,66.0
08/30/2026,10:55:53,22.6,65.7
08/30/2026,11:00:53,22.7,65.7
08/30/2026,11:05:53,22.6,65.7
08/30/2026,11:10:53,22.7,65.7
08/30/2026,11:15:53,22.8,65.4
08/30/2026,11:20:53,22.8,65.1
08/30/2026,11:25:53,22.9,65.1
08/30/2026,11:30:53,23.0,64.4
08/30/2026,11:35:53,23.1,64.3
08/30/2026,11:40:53,23.1,64.3
08/30/2026,11:45:53,23.2,64.1
08/30/2026,11:50:53,23.3,63.9
08/30/2026,11:55:53,23.4,63.6
08/30/2026,12:00:53,23.4,63.3
08/30/2026,12:05:53,23.5,63.4
08/30/2026,12:10:53,23.6,63.5
08/30/2026,12:15:53,23.7,62.9
08/30/2026,12:20:53,23.7,62.7
08/30/2026,12:25:53,23.8,62.6
08/30/2026,12:30:53,23.8,62.4
08/30/2026,12:35:53,23.9,61.8
08/30/2026,12:40:53,23.8,61.2
08/30/2026,12:45:53,23.8,61.0
08/30/2026,12:50:53,23.8,61.4
08/30/2026,12:55:53,23.8,60.8
08/30/2026,13:00:53,23.8,60.3
08/30/2026,13:05:53,23.7,60.5
08/30/2026,13:10:53,23.7,60.1
08/30/2026,13:15:53,23.7,60.3
08/30/2026,13:20:53,23.6,59.7
08/30/2026,13:25:53,23.6,60.2
08/30/2026,13:30:53,23.6,59.8
08/30/2026,13:35:53,23.6,60.1
08/30/2026,13:40:53,23.6,59.9
08/30/2026,13:45:53,23.5,59.2
08/30/2026,13:50:53,23.5,59.6
08/30/2026,13:55:53,23.5,59.5
08/30/2026,14:00:53,23.5,59.5
08/30/2026,14:05:53,23.5,59.4
08/30/2026,14:10:53,23.4,59.3
08/30/2026,14:15:53,23.4,58.9
08/30/2026,14:20:53,23.4,59.0
08/30/2026,14:25:53,23.4,58.7
08/30/2026,14:30:53,23.4,58.8
08/30/2026,14:35:53,23.4,58.5
08/30/2026,14:40:53,23.3,58.4
08/30/2026,14:45:53,23.3,58.5
08/30/2026,14:50:53,23.3,58.5
08/30/2026,14:55:53,23.3,58.5
08/30/2026,15:00:53,23.3,58.5
08/30/2026,15:05:53,23.3,58.4
08/30/2026,15:10:53,23.3,58.1
08/30/2026,15:15:53,23.2,58.0
08/30/2026,15:20:53,23.2,58.1
08/30/2026,15:25:53,23.3,58.1
08/30/2026,15:30:53,23.2,58.1
08/30/2026,15:35:53,23.2,58.0
08/30/2026,15:40:53,23.2,57.7
08/30/2026,15:45:53,23.2,57.8
08/30/2026,15:50:53,23.2,57.3
08/30/2026,15:55:53,23.2,57.0
08/30/2026,16:00:53,23.2,57.2
08/30/2026,16:05:53,23.2,57.1
08/30/2026,16:10:53,23.1,57.4
08/30/2026,16:15:53,23.1,57.8
08/30/2026,16:20:53,23.1,58.1
08/30/2026,16:25:53,23.1,58.3
08/30/2026,16:30:53,23.1,58.5
08/30/2026,16:35:53,23.1,58.6
08/30/2026,16:40:53,23.1,58.7
08/30/2026,16:45:53,23.1,58.8
08/30/2026,16:50:53,23.1,59.0
08/30/2026,16:55:53,23.1,59.0
08/30/2026,17:00:53,23.1,59.1
08/30/2026,17:05:53,23.1,59.2
08/30/2026,17:10:53,23.2,59.1
08/30/2026,17:15:53,23.2,59.2
08/30/2026,17:20:53,23.3,59.3
08/30/2026,17:25:53,23.4,59.4
08/30/2026,17:30:53,23.4,59.0
08/30/2026,17:35:53,23.5,58.9
08/30/2026,17:40:53,23.5,58.5
08/30/2026,17:45:53,23.6,58.1
08/30/2026,17:50:53,23.6,57.8
08/30/2026,17:55:53,23.6,57.6
08/30/2026,18:00:53,23.6,57.2
08/30/2026,18:05:53,23.7,57.0
08/30/2026,18:10:53,23.7,56.9
08/30/2026,18:15:53,23.8,56.6
08/30/2026,18:20:53,23.8,56.2
08/30/2026,18:25:53,23.7,56.2
08/30/2026,18:30:53,23.7,56.4
08/30/2026,18:35:53,23.7,56.5
08/30/2026,18:40:53,23.6,56.6
08/30/2026,18:45:53,23.6,56.6
08/30/2026,18:50:53,23.6,56.6
08/30/2026,18:55:53,23.6,56.7
08/30/2026,19:00:53,23.6,56.8
08/30/2026,19:05:53,23.5,56.8
08/30/2026,19:10:53,23.5,56.9
08/30/2026,19:15:53,23.5,57.0
08/30/2026,19:20:53,23.5,57.0
08/30/2026,19:25:53,23.5,57.1
08/30/2026,19:30:53,23.4,57.1
08/30/2026,19:35:53,23.4,57.2
08/30/2026,19:40:53,23.4,57.2
08/30/2026,19:45:53,23.3,57.2
08/30/2026,19:50:53,23.3,57.2
08/30/2026,19:55:53,23.3,57.3
08/30/2026,20:00:53,23.3,57.4
08/30/2026,20:05:53,23.3,57.5
08/30/2026,20:10:53,23.2,57.6
08/30/2026,20:15:53,23.2,57.5
08/30/2026,20:20:53,23.2,57.6
08/30/2026,20:25:53,23.2,57.6
08/30/2026,20:30:53,23.1,57.7
08/30/2026,20:35:53,23.1,57.7
08/30/2026,20:40:53,23.1,57.8
08/30/2026,20:45:53,23.1,57.9
08/30/2026,20:50:53,23.1,57.9
08/30/2026,20:55:53,23.0,58.0
08/30/2026,21:00:53,23.0,58.0
08/30/2026,21:05:53,23.0,58.1
08/30/2026,21:10:53,23.0,58.0
08/30/2026,21:15:53,22.9,58.1
08/30/2026,21:20:53,22.9,58.2
08/30/2026,21:25:53,22.9,58.2
08/30/2026,21:30:53,22.9,58.2
08/30/2026,21:35:53,22.9,58.3
08/30/2026,21:40:53,22.9,58.3
08/30/2026,21:45:53,22.8,58.3
08/30/2026,21:50:53,22.8,58.4
08/30/2026,21:55:53,22.8,58.4
08/30/2026,22:00:53,22.8,58.4
08/30/2026,22:05:53,22.8,58.5
08/30/2026,22:10:53,22.7,58.5
08/30/2026,22:15:53,22.7,58.5
08/30/2026,22:20:53,22.7,58.6
08/30/2026,22:25:53,22.7,58.6
08/30/2026,22:30:53,22.7,58.6
08/30/2026,22:35:53,22.7,58.6
08/30/2026,22:40:53,22.7,58.7
08/30/2026,22:45:53,22.7,58.7
08/30/2026,22:50:53,22.6,58.7
08/30/2026,22:55:53,22.6,58.7
08/30/2026,23:00:53,22.6,58.7
08/30/2026,23:05:53,22.6,58.8
08/30/2026,23:10:53,22.6,58.8
08/30/2026,23:15:53,22.6,58.8
08/30/2026,23:20:53,22.6,58.8
08/30/2026,23:25:53,22.6,58.9
08/30/2026,23:30:53,22.5,58.9
08/30/2026,23:35:53,22.5,58.9
08/30/2026,23:40:53,22.5,58.9
08/30/2026,23:45:53,22.5,59.0
08/30/2026,23:50:53,22.5,59.0
08/30/2026,23:55:53,22.5,59.0
08/31/2026,00:00:53,22.5,59.1
08/31/2026,00:05:53,22.5,59.1
08/31/2026,00:10:53,22.5,59.1
08/31/2026,00:15:53,22.4,59.1
08/31/2026,00:20:53,22.4,59.1
08/31/2026,00:25:53,22.4,59.2
08/31/2026,00:30:53,22.4,59.1
08/31/2026,00:35:53,22.4,59.1
08/31/2026,00:40:53,22.4,59.2
08/31/2026,00:45:53,22.4,59.2
08/31/2026,00:50:53,22.4,59.2
08/31/2026,00:55:53,22.3,59.2
08/31/2026,01:00:53,22.3,59.2
08/31/2026,01:05:53,22.3,59.3
08/31/2026,01:10:53,22.3,59.2
08/31/2026,01:15:53,22.3,59.3
08/31/2026,01:20:53,22.3,59.3
08/31/2026,01:25:53,22.3,59.3
08/31/2026,01:30:53,22.2,59.3
08/31/2026,01:35:53,22.3,59.3
08/31/2026,01:40:53,22.3,59.3
08/31/2026,01:45:53,22.2,59.3
08/31/2026,01:50:53,22.2,59.4
08/31/2026,01:55:53,22.2,59.4
08/31/2026,02:00:53,22.2,59.3
08/31/2026,02:05:53,22.2,59.4
08/31/2026,02:10:53,22.2,59.4
08/31/2026,02:15:53,22.2,59.4
08/31/2026,02:20:53,22.2,59.4
08/31/2026,02:25:53,22.1,59.4
08/31/2026,02:30:53,22.1,59.4
08/31/2026,02:35:53,22.1,59.4
08/31/2026,02:40:53,22.1,59.4
08/31/2026,02:45:53,22.1,59.4
08/31/2026,02:50:53,22.1,59.4
08/31/2026,02:55:53,22.1,59.4
08/31/2026,03:00:53,22.1,59.4
08/31/2026,03:05:53,22.1,59.4
08/31/2026,03:10:53,22.0,59.5
08/31/2026,03:15:53,22.1,59.5
08/31/2026,03:20:53,22.0,59.4
08/31/2026,03:25:53,22.0,59.4
08/31/2026,03:30:53,22.0,59.5
08/31/2026,03:35:53,22.0,59.5
08/31/2026,03:40:53,22.0,59.5
08/31/2026,03:45:53,22.0,59.5
08/31/2026,03:50:53,22.0,59.5
08/31/2026,03:55:53,22.0,59.6
08/31/2026,04:00:53,22.0,59.6
08/31/2026,04:05:53,22.0,59.6
08/31/2026,04:10:53,22.0,59.6
08/31/2026,04:15:53,21.9,59.5
08/31/2026,04:20:53,21.9,59.5
08/31/2026,04:25:53,21.9,59.6
08/31/2026,04:30:53,21.9,59.5
08/31/2026,04:35:53,21.9,59.6
08/31/2026,04:40:53,21.9,59.6
08/31/2026,04:45:53,21.9,59.6
08/31/2026,04:50:53,21.9,59.6
08/31/2026,04:55:53,21.9,59.5
08/31/2026,05:00:53,21.9,59.5
08/31/2026,05:05:53,21.8,59.5
08/31/2026,05:10:53,21.8,59.5
08/31/2026,05:15:53,21.8,59.5
08/31/2026,05:20:53,21.8,59.5
08/31/2026,05:25:53,21.8,59.5
08/31/2026,05:30:53,21.8,59.5
08/31/2026,05:35:53,21.8,59.5
08/31/2026,05:40:53,21.8,59.4
08/31/2026,05:45:53,21.8,59.4
08/31/2026,05:50:53,21.8,59.4
08/31/2026,05:55:53,21.7,59.4
08/31/2026,06:00:53,21.7,59.4
08/31/2026,06:05:53,21.7,59.4
08/31/2026,06:10:53,21.7,59.4
08/31/2026,06:15:53,21.7,59.3
08/31/2026,06:20:53,21.7,59.4
08/31/2026,06:25:53,21.7,59.3
08/31/2026,06:30:53,21.7,59.3
08/31/2026,06:35:53,21.6,59.3
08/31/2026,06:40:53,21.6,59.3
08/31/2026,06:45:53,21.6,59.3
08/31/2026,06:50:53,21.6,59.2
08/31/2026,06:55:53,21.6,59.2
08/31/2026,07:00:53,21.6,59.3
08/31/2026,07:05:53,21.6,59.2
08/31/2026,07:10:53,21.6,59.3
08/31/2026,07:15:53,21.6,59.3
08/31/2026,07:20:53,21.6,59.3
08/31/2026,07:25:53,21.6,59.3
08/31/2026,07:30:53,21.6,59.3
08/31/2026,07:35:53,21.5,59.3
08/31/2026,07:40:53,21.5,59.2
08/31/2026,07:45:53,21.5,59.2
08/31/2026,07:50:53,21.5,59.2
08/31/2026,07:55:53,21.5,59.3
08/31/2026,08:00:53,21.5,59.3
08/31/2026,08:05:53,21.5,59.3
08/31/2026,08:10:53,21.6,59.3
08/31/2026,08:15:53,21.6,59.2
08/31/2026,08:20:53,21.6,59.2
08/31/2026,08:25:53,21.6,59.2
08/31/2026,08:30:53,21.7,59.2
08/31/2026,08:35:53,21.7,59.1
08/31/2026,08:40:53,21.7,59.1
08/31/2026,08:45:53,21.7,59.0
08/31/2026,08:50:53,21.7,59.0
08/31/2026,08:55:53,21.7,59.0
08/31/2026,09:00:53,21.7,58.9
08/31/2026,09:05:53,21.7,59.0
08/31/2026,09:10:53,21.7,58.9
08/31/2026,09:15:53,21.7,58.9
08/31/2026,09:20:53,21.7,58.9
08/31/2026,09:25:53,21.7,58.9
08/31/2026,09:30:53,21.7,58.9
08/31/2026,09:35:53,21.7,58.9
08/31/2026,09:40:53,21.7,58.9
08/31/2026,09:45:53,21.7,58.8
08/31/2026,09:50:53,21.7,58.9
08/31/2026,09:55:53,21.7,58.9
08/31/2026,10:00:53,21.7,58.9
08/31/2026,10:05:53,21.7,58.9
08/31/2026,10:10:53,21.7,58.9
08/31/2026,10:15:53,21.7,58.9
08/31/2026,10:20:53,21.7,58.9
08/31/2026,10:25:53,21.7,58.9
08/31/2026,10:30:53,21.7,58.9
08/31/2026,10:35:53,21.7,58.9
08/31/2026,10:40:53,21.7,58.9
08/31/2026,10:45:53,21.7,59.0
08/31/2026,10:50:53,21.7,58.9
08/31/2026,10:55:53,21.7,59.0
08/31/2026,11:00:53,21.7,59.0
08/31/2026,11:05:53,21.7,59.0
08/31/2026,11:10:53,21.7,59.0
08/31/2026,11:15:53,21.7,59.0
08/31/2026,11:20:53,21.7,59.0
08/31/2026,11:25:53,21.7,59.0
08/31/2026,11:30:53,21.7,59.0
08/31/2026,11:35:53,21.8,59.0
08/31/2026,11:40:53,21.8,59.0
08/31/2026,11:45:53,21.8,59.0
08/31/2026,11:50:53,21.7,59.0
08/31/2026,11:55:53,21.8,59.0
08/31/2026,12:00:53,21.8,59.0
08/31/2026,12:05:53,21.8,58.9
08/31/2026,12:10:53,21.8,59.0
08/31/2026,12:15:53,21.8,59.0
08/31/2026,12:20:53,21.8,59.0
08/31/2026,12:25:53,21.8,58.9
08/31/2026,12:30:53,21.8,58.9
08/31/2026,12:35:53,21.8,58.9
08/31/2026,12:40:53,21.8,58.9
08/31/2026,12:45:53,21.9,58.9
08/31/2026,12:50:53,21.9,58.9
08/31/2026,12:55:53,21.9,58.9
08/31/2026,13:00:53,21.9,58.9
08/31/2026,13:05:53,21.9,58.8
08/31/2026,13:10:53,21.9,58.8
08/31/2026,13:15:53,21.9,58.8
08/31/2026,13:20:53,21.9,58.9
08/31/2026,13:25:53,21.9,58.9
08/31/2026,13:30:53,21.9,58.9
08/31/2026,13:35:53,22.0,58.9
08/31/2026,13:40:53,21.9,58.9
08/31/2026,13:45:53,22.0,58.9
08/31/2026,13:50:53,22.0,58.9
08/31/2026,13:55:53,22.0,58.9
08/31/2026,14:00:53,22.0,58.9
08/31/2026,14:05:53,22.0,58.9
08/31/2026,14:10:53,22.0,58.9
08/31/2026,14:15:53,22.0,58.9
08/31/2026,14:20:53,22.1,58.9
08/31/2026,14:25:53,22.1,58.9
08/31/2026,14:30:53,22.1,58.9
08/31/2026,14:35:53,22.1,58.9
08/31/2026,14:40:53,22.1,58.9
08/31/2026,14:45:53,22.1,58.9
08/31/2026,14:50:53,22.1,58.9
08/31/2026,14:55:53,22.1,59.0
08/31/2026,15:00:53,22.1,58.9
08/31/2026,15:05:53,22.1,59.0
08/31/2026,15:10:53,22.1,59.0
08/31/2026,15:15:53,22.2,59.0
08/31/2026,15:20:53,22.1,59.0
08/31/2026,15:25:53,22.2,59.0
08/31/2026,15:30:53,22.2,59.0
08/31/2026,15:35:53,22.2,59.0
08/31/2026,15:40:53,22.2,59.0
08/31/2026,15:45:53,22.2,59.0
08/31/2026,15:50:53,22.2,59.0
08/31/2026,15:55:53,22.2,59.0
08/31/2026,16:00:53,22.3,59.1
08/31/2026,16:05:53,22.3,59.1
08/31/2026,16:10:53,22.3,59.1
08/31/2026,16:15:53,22.3,59.1
08/31/2026,16:20:53,22.3,59.0
08/31/2026,16:25:53,22.3,59.0
08/31/2026,16:30:53,22.3,59.0
08/31/2026,16:35:53,22.3,58.9
08/31/2026,16:40:53,22.3,59.0
08/31/2026,16:45:53,22.3,59.0
08/31/2026,16:50:53,22.4,59.0
08/31/2026,16:55:53,22.4,59.0
08/31/2026,17:00:53,22.4,58.9
08/31/2026,17:05:53,22.4,58.9
08/31/2026,17:10:53,22.5,58.9
08/31/2026,17:15:53,22.5,58.9
08/31/2026,17:20:53,22.5,58.8
08/31/2026,17:25:53,22.6,58.7
08/31/2026,17:30:53,22.6,58.7
08/31/2026,17:35:53,22.6,58.6
08/31/2026,17:40:53,22.6,58.6
08/31/2026,17:45:53,22.7,58.6
08/31/2026,17:50:53,22.6,58.6
08/31/2026,17:55:53,22.6,58.5
08/31/2026,18:00:53,22.7,58.5
08/31/2026,18:05:53,22.6,58.5
08/31/2026,18:10:53,22.6,58.5
08/31/2026,18:15:53,22.6,58.5
08/31/2026,18:20:53,22.6,58.5
08/31/2026,18:25:53,22.6,58.5
08/31/2026,18:30:53,22.6,58.5
08/31/2026,18:35:53,22.6,58.5
08/31/2026,18:40:53,22.6,58.4
08/31/2026,18:45:53,22.6,58.5
08/31/2026,18:50:53,22.6,58.5
08/31/2026,18:55:53,22.6,58.5
08/31/2026,19:00:53,22.6,58.5
08/31/2026,19:05:53,22.6,58.5
08/31/2026,19:10:53,22.6,58.5
08/31/2026,19:15:53,22.6,58.5
08/31/2026,19:20:53,22.6,58.5
08/31/2026,19:25:53,22.6,58.5
08/31/2026,19:30:53,22.5,58.5
08/31/2026,19:35:53,22.5,58.5
08/31/2026,19:40:53,22.5,58.5
08/31/2026,19:45:53,22.5,58.6
08/31/2026,19:50:53,22.5,58.6
08/31/2026,19:55:53,22.5,58.6
08/31/2026,20:00:53,22.5,58.6
08/31/2026,20:05:53,22.5,58.6
08/31/2026,20:10:53,22.5,58.6
08/31/2026,20:15:53,22.5,58.6
08/31/2026,20:20:53,22.5,58.6
08/31/2026,20:25:53,22.5,58.7
08/31/2026,20:30:53,22.5,58.6
08/31/2026,20:35:53,22.5,58.7
08/31/2026,20:40:53,22.4,58.7
08/31/2026,20:45:53,22.4,58.7
08/31/2026,20:50:53,22.4,58.7
08/31/2026,20:55:53,22.4,58.7
08/31/2026,21:00:53,22.4,58.7
08/31/2026,21:05:53,22.4,58.7
08/31/2026,21:10:53,22.4,58.7
08/31/2026,21:15:53,22.4,58.7
08/31/2026,21:20:53,22.4,58.7
08/31/2026,21:25:53,22.4,58.7
08/31/2026,21:30:53,22.4,58.7
08/31/2026,21:35:53,22.4,58.7
08/31/2026,21:40:53,22.4,58.6
08/31/2026,21:45:53,22.3,58.6
08/31/2026,21:50:53,22.3,58.6
08/31/2026,21:55:53,22.3,58.6
08/31/2026,22:00:53,22.3,58.6
08/31/2026,22:05:53,22.3,58.6
08/31/2026,22:10:53,22.3,58.6
08/31/2026,22:15:53,22.3,58.6
08/31/2026,22:20:53,22.3,58.6
08/31/2026,22:25:53,22.3,58.6
08/31/2026,22:30:53,22.2,58.6
08/31/2026,22:35:53,22.2,58.6
08/31/2026,22:40:53,22.2,58.6
08/31/2026,22:45:53,22.2,58.6
08/31/2026,22:50:53,22.2,58.6
08/31/2026,22:55:53,22.2,58.6
08/31/2026,23:00:53,22.2,58.6
08/31/2026,23:05:53,22.2,58.6
08/31/2026,23:10:53,22.2,58.6
08/31/2026,23:15:53,22.2,58.6
08/31/2026,23:20:53,22.2,58.6
08/31/2026,23:25:53,22.2,58.5
08/31/2026,23:30:53,22.1,58.5
08/31/2026,23:35:53,22.1,58.5
08/31/2026,23:40:53,22.2,58.6
08/31/2026,23:45:53,22.1,58.5
08/31/2026,23:50:53,22.1,58.5
08/31/2026,23:55:53,22.1,58.5
