Date,Time,Temperature(C),Humidity(%RH)
08/01/2026,00:01:53,19.4,45.6
08/01/2026,00:06:53,19.4,45.8
08/01/2026,00:11:53,19.3,46.3
08/01/2026,00:16:53,19.2,46.3
08/01/2026,00:21:53,19.2,46.5
08/01/2026,00:26:53,19.1,46.8
08/01/2026,00:31:53,19.0,47.3
08/01/2026,00:36:53,18.9,47.2
08/01/2026,00:41:53,18.8,47.4
08/01/2026,00:46:53,18.7,47.8
08/01/2026,00:51:53,18.6,47.9
08/01/2026,00:56:53,18.5,48.3
08/01/2026,01:01:53,18.4,48.1
08/01/2026,01:06:53,18.3,48.2
08/01/2026,01:11:53,18.3,48.4
08/01/2026,01:16:53,18.2,48.8
08/01/2026,01:21:53,18.2,48.3
08/01/2026,01:26:53,18.1,48.4
08/01/2026,01:31:53,18.0,48.4
08/01/2026,01:36:53,18.0,48.5
08/01/2026,01:41:53,17.9,48.9
08/01/2026,01:46:53,17.8,49.2
08/01/2026,01:51:53,17.7,49.5
08/01/2026,01:56:53,17.6,49.7
08/01/2026,02:01:53,17.5,49.6
08/01/2026,02:06:53,17.5,50.0
08/01/2026,02:11:53,17.3,50.3
08/01/2026,02:16:53,17.2,50.6
08/01/2026,02:21:53,17.2,50.8
08/01/2026,02:26:53,17.1,51.0
08/01/2026,02:31:53,17.0,51.3
08/01/2026,02:36:53,16.9,51.6
08/01/2026,02:41:53,16.7,51.8
08/01/2026,02:46:53,16.7,51.9
08/01/2026,02:51:53,16.6,52.0
08/01/2026,02:56:53,16.5,52.2
08/01/2026,03:01:53,16.5,52.5
08/01/2026,03:06:53,16.3,52.7
08/01/2026,03:11:53,16.3,52.8
08/01/2026,03:16:53,16.2,52.9
08/01/2026,03:21:53,16.2,53.0
08/01/2026,03:26:53,16.0,53.3
08/01/2026,03:31:53,16.0,53.3
08/01/2026,03:36:53,15.9,53.6
08/01/2026,03:41:53,15.9,53.7
08/01/2026,03:46:53,15.8,53.8
08/01/2026,03:51:53,15.8,53.9
08/01/2026,03:56:53,15.8,54.0
08/01/2026,04:01:53,15.7,54.0
08/01/2026,04:06:53,15.8,54.2
08/01/2026,04:11:53,15.7,54.2
08/01/2026,04:16:53,15.6,54.5
08/01/2026,04:21:53,15.6,54.6
08/01/2026,04:26:53,15.5,54.6
08/01/2026,04:31:53,15.4,54.8
08/01/2026,04:36:53,15.4,54.9
08/01/2026,04:41:53,15.4,55.0
08/01/2026,04:46:53,15.3,55.2
08/01/2026,04:51:53,15.2,55.3
08/01/2026,04:56:53,15.2,55.5
08/01/2026,05:01:53,15.1,55.4
08/01/2026,05:06:53,15.0,55.8
08/01/2026,05:11:53,15.0,55.7
08/01/2026,05:16:53,14.9,55.8
08/01/2026,05:21:53,14.8,56.1
08/01/2026,05:26:53,14.8,56.1
08/01/2026,05:31:53,14.7,56.2
08/01/2026,05:36:53,14.7,56.2
08/01/2026,05:41:53,14.6,56.1
08/01/2026,05:46:53,14.6,56.8
08/01/2026,05:51:53,14.6,56.9
08/01/2026,05:56:53,14.6,56.8
08/01/2026,06:01:53,14.5,57.2
08/01/2026,06:06:53,14.5,57.5
08/01/2026,06:11:53,14.5,57.0
08/01/2026,06:16:53,14.5,58.1
08/01/2026,06:21:53,14.5,57.7
08/01/2026,06:26:53,14.6,58.3
08/01/2026,06:31:53,14.6,57.3
08/01/2026,06:36:53,14.6,58.6
08/01/2026,06:41:53,14.6,58.3
08/01/2026,06:46:53,14.6,57.4
08/01/2026,06:51:53,14.6,57.7
08/01/2026,06:56:53,14.6,56.6
08/01/2026,07:01:53,14.7,57.3
08/01/2026,07:06:53,14.8,56.8
08/01/2026,07:11:53,14.8,56.8
08/01/2026,07:16:53,14.9,56.3
08/01/2026,07:21:53,15.0,56.6
08/01/2026,07:26:53,15.1,56.3
08/01/2026,07:31:53,15.1,56.1
08/01/2026,07:36:53,15.2,56.1
08/01/2026,07:41:53,15.3,56.4
08/01/2026,07:46:53,15.5,56.6
08/01/2026,07:51:53,15.6,55.9
08/01/2026,07:56:53,15.7,55.2
08/01/2026,08:01:53,15.8,55.3
08/01/2026,08:06:53,15.8,54.0
08/01/2026,08:11:53,15.9,55.1
08/01/2026,08:16:53,16.2,54.9
08/01/2026,08:21:53,16.4,54.4
08/01/2026,08:26:53,16.5,55.0
08/01/2026,08:31:53,16.6,55.0
08/01/2026,08:36:53,16.8,55.5
08/01/2026,08:41:53,17.0,55.1
08/01/2026,08:46:53,17.2,54.5
08/01/2026,08:51:53,17.3,54.3
08/01/2026,08:56:53,17.4,54.1
08/01/2026,09:01:53,17.7,54.3
08/01/2026,09:06:53,17.9,54.1
08/01/2026,09:11:53,18.1,53.8
08/01/2026,09:16:53,18.4,53.5
08/01/2026,09:21:53,18.6,52.8
08/01/2026,09:26:53,18.9,52.4
08/01/2026,09:31:53,19.1,52.7
08/01/2026,09:36:53,19.4,52.3
08/01/2026,09:41:53,19.6,51.8
08/01/2026,09:46:53,19.8,50.4
08/01/2026,09:51:53,20.1,50.2
08/01/2026,09:56:53,20.3,49.8
08/01/2026,10:01:53,20.6,49.6
08/01/2026,10:06:53,20.9,48.8
08/01/2026,10:11:53,21.1,47.1
08/01/2026,10:16:53,21.3,46.9
08/01/2026,10:21:53,21.4,45.5
08/01/2026,10:26:53,21.4,45.2
08/01/2026,10:31:53,21.5,45.5
08/01/2026,10:36:53,21.8,45.0
08/01/2026,10:41:53,22.0,43.7
08/01/2026,10:46:53,22.0,43.9
08/01/2026,10:51:53,22.3,43.8
08/01/2026,10:56:53,22.5,43.2
08/01/2026,11:01:53,22.7,43.0
08/01/2026,11:06:53,22.9,44.0
08/01/2026,11:11:53,23.2,42.5
08/01/2026,11:16:53,23.4,42.2
08/01/2026,11:21:53,23.2,40.8
08/01/2026,11:26:53,23.2,40.4
08/01/2026,11:31:53,23.1,39.9
08/01/2026,11:36:53,23.2,40.2
08/01/2026,11:41:53,23.5,39.9
08/01/2026,11:46:53,23.7,39.7
08/01/2026,11:51:53,23.9,38.8
08/01/2026,11:56:53,24.2,38.5
08/01/2026,12:01:53,24.6,37.8
08/01/2026,12:06:53,24.6,37.7
08/01/2026,12:11:53,24.6,37.0
08/01/2026,12:16:53,24.7,37.0
08/01/2026,12:21:53,25.0,36.8
08/01/2026,12:26:53,25.4,35.7
08/01/2026,12:31:53,25.1,36.0
08/01/2026,12:36:53,25.0,35.5
08/01/2026,12:41:53,24.8,36.1
08/01/2026,12:46:53,25.2,35.6
08/01/2026,12:51:53,25.5,35.4
08/01/2026,12:56:53,25.4,34.8
08/01/2026,13:01:53,25.4,35.0
08/01/2026,13:06:53,25.2,35.1
08/01/2026,13:11:53,25.1,35.2
08/01/2026,13:16:53,25.4,35.1
08/01/2026,13:21:53,25.7,34.8
08/01/2026,13:26:53,26.1,34.5
08/01/2026,13:31:53,26.2,33.8
08/01/2026,13:36:53,26.0,33.5
08/01/2026,13:41:53,25.8,34.0
08/01/2026,13:46:53,25.7,34.3
08/01/2026,13:51:53,26.1,33.9
08/01/2026,13:56:53,26.3,33.9
08/01/2026,14:01:53,26.3,34.1
08/01/2026,14:06:53,26.1,34.0
08/01/2026,14:11:53,26.4,33.8
08/01/2026,14:16:53,26.7,33.4
08/01/2026,14:21:53,26.7,32.7
08/01/2026,14:26:53,26.5,33.7
08/01/2026,14:31:53,25.9,33.7
08/01/2026,14:36:53,25.6,34.0
08/01/2026,14:41:53,25.6,34.1
08/01/2026,14:46:53,26.3,34.4
08/01/2026,14:51:53,26.8,33.2
08/01/2026,14:56:53,27.2,32.8
08/01/2026,15:01:53,27.1,32.7
08/01/2026,15:06:53,27.0,32.7
08/01/2026,15:11:53,26.5,33.0
08/01/2026,15:16:53,26.1,33.1
08/01/2026,15:21:53,25.9,33.2
08/01/2026,15:26:53,26.5,33.0
08/01/2026,15:31:53,26.9,32.6
08/01/2026,15:36:53,27.1,31.5
08/01/2026,15:41:53,27.2,31.5
08/01/2026,15:46:53,27.4,31.4
08/01/2026,15:51:53,27.4,31.1
08/01/2026,15:56:53,27.7,31.3
08/01/2026,16:01:53,27.6,30.9
08/01/2026,16:06:53,26.9,30.8
08/01/2026,16:11:53,26.4,31.0
08/01/2026,16:16:53,26.1,31.8
08/01/2026,16:21:53,26.0,31.4
08/01/2026,16:26:53,26.1,31.5
08/01/2026,16:31:53,25.9,31.4
08/01/2026,16:36:53,25.5,31.9
08/01/2026,16:41:53,25.4,32.2
08/01/2026,16:46:53,25.4,32.6
08/01/2026,16:51:53,25.8,32.4
08/01/2026,16:56:53,25.7,32.1
08/01/2026,17:01:53,25.3,32.4
08/01/2026,17:06:53,25.2,32.4
08/01/2026,17:11:53,25.1,32.5
08/01/2026,17:16:53,25.1,32.9
08/01/2026,17:21:53,25.1,32.4
08/01/2026,17:26:53,25.3,32.4
08/01/2026,17:31:53,25.4,32.2
08/01/2026,17:36:53,25.3,32.1
08/01/2026,17:41:53,25.3,32.3
08/01/2026,17:46:53,25.2,32.3
08/01/2026,17:51:53,25.2,32.4
08/01/2026,17:56:53,25.3,32.3
08/01/2026,18:01:53,25.3,32.4
08/01/2026,18:06:53,25.3,32.5
08/01/2026,18:11:53,25.2,32.5
08/01/2026,18:16:53,25.2,32.6
08/01/2026,18:21:53,25.0,32.3
08/01/2026,18:26:53,24.9,32.6
08/01/2026,18:31:53,24.8,32.5
08/01/2026,18:36:53,24.7,32.8
08/01/2026,18:41:53,24.7,32.8
08/01/2026,18:46:53,24.6,32.7
08/01/2026,18:51:53,24.5,32.9
08/01/2026,18:56:53,24.5,33.0
08/01/2026,19:01:53,24.5,33.4
08/01/2026,19:06:53,24.5,33.1
08/01/2026,19:11:53,24.6,32.9
08/01/2026,19:16:53,24.8,33.0
08/01/2026,19:21:53,25.1,32.9
08/01/2026,19:26:53,25.3,32.8
08/01/2026,19:31:53,25.4,32.6
08/01/2026,19:36:53,25.3,32.6
08/01/2026,19:41:53,25.1,32.7
08/01/2026,19:46:53,24.8,32.8
08/01/2026,19:51:53,24.5,33.1
08/01/2026,19:56:53,24.3,33.6
08/01/2026,20:01:53,24.2,33.7
08/01/2026,20:06:53,24.0,33.8
08/01/2026,20:11:53,23.9,34.2
08/01/2026,20:16:53,23.8,34.5
08/01/2026,20:21:53,23.6,34.6
08/01/2026,20:26:53,23.4,34.7
08/01/2026,20:31:53,23.3,35.3
08/01/2026,20:36:53,23.2,35.6
08/01/2026,20:41:53,23.0,36.3
08/01/2026,20:46:53,22.9,36.7
08/01/2026,20:51:53,22.7,37.3
08/01/2026,20:56:53,22.6,36.8
08/01/2026,21:01:53,22.4,37.7
08/01/2026,21:06:53,22.2,38.0
08/01/2026,21:11:53,22.1,37.5
08/01/2026,21:16:53,21.9,38.8
08/01/2026,21:21:53,21.7,39.4
08/01/2026,21:26:53,21.6,40.1
08/01/2026,21:31:53,21.4,40.7
08/01/2026,21:36:53,21.2,40.9
08/01/2026,21:41:53,21.1,40.6
08/01/2026,21:46:53,20.9,42.5
08/01/2026,21:51:53,20.8,42.3
08/01/2026,21:56:53,20.7,42.9
08/01/2026,22:01:53,20.5,43.6
08/01/2026,22:06:53,20.3,43.5
08/01/2026,22:11:53,20.2,43.8
08/01/2026,22:16:53,20.1,44.1
08/01/2026,22:21:53,19.9,43.6
08/01/2026,22:26:53,19.8,44.3
08/01/2026,22:31:53,19.7,44.5
08/01/2026,22:36:53,19.6,44.1
08/01/2026,22:41:53,19.5,43.9
08/01/2026,22:46:53,19.5,43.8
08/01/2026,22:51:53,19.4,43.8
08/01/2026,22:56:53,19.3,43.9
08/01/2026,23:01:53,19.2,44.0
08/01/2026,23:06:53,19.1,44.1
08/01/2026,23:11:53,19.0,44.2
08/01/2026,23:16:53,18.9,44.5
08/01/2026,23:21:53,18.8,44.9
08/01/2026,23:26:53,18.7,45.2
08/01/2026,23:31:53,18.5,45.6
08/01/2026,23:36:53,18.4,45.9
08/01/2026,23:41:53,18.3,46.2
08/01/2026,23:46:53,18.2,46.5
08/01/2026,23:51:53,18.1,46.9
08/01/2026,23:56:53,18.0,47.1
08/02/2026,00:01:53,18.0,47.4
08/02/2026,00:06:53,17.9,47.7
08/02/2026,00:11:53,17.9,47.7
08/02/2026,00:16:53,17.8,48.0
08/02/2026,00:21:53,17.7,48.0
08/02/2026,00:26:53,17.7,48.1
08/02/2026,00:31:53,17.6,48.3
08/02/2026,00:36:53,17.5,48.6
08/02/2026,00:41:53,17.4,48.8
08/02/2026,00:46:53,17.3,49.0
08/02/2026,00:51:53,17.2,49.2
08/02/2026,00:56:53,17.1,49.2
08/02/2026,01:01:53,17.1,49.5
08/02/2026,01:06:53,17.0,49.7
08/02/2026,01:11:53,16.9,49.9
08/02/2026,01:16:53,16.8,49.8
08/02/2026,01:21:53,16.8,49.8
08/02/2026,01:26:53,16.7,49.8
08/02/2026,01:31:53,16.6,50.5
08/02/2026,01:36:53,16.6,50.7
08/02/2026,01:41:53,16.5,51.0
08/02/2026,01:46:53,16.4,51.4
08/02/2026,01:51:53,16.3,51.0
08/02/2026,01:56:53,16.3,51.2
08/02/2026,02:01:53,16.2,51.7
08/02/2026,02:06:53,16.1,52.0
08/02/2026,02:11:53,16.0,52.0
08/02/2026,02:16:53,16.0,52.4
08/02/2026,02:21:53,15.9,52.6
08/02/2026,02:26:53,15.8,52.9
08/02/2026,02:31:53,15.8,53.1
08/02/2026,02:36:53,15.7,53.3
08/02/2026,02:41:53,15.6,53.3
08/02/2026,02:46:53,15.5,53.7
08/02/2026,02:51:53,15.5,54.0
08/02/2026,02:56:53,15.4,53.9
08/02/2026,03:01:53,15.3,54.2
08/02/2026,03:06:53,15.3,54.6
08/02/2026,03:11:53,15.2,54.6
08/02/2026,03:16:53,15.2,54.3
08/02/2026,03:21:53,15.2,54.3
08/02/2026,03:26:53,15.1,54.6
08/02/2026,03:31:53,15.1,54.7
08/02/2026,03:36:53,15.1,55.3
08/02/2026,03:41:53,15.0,54.1
08/02/2026,03:46:53,15.0,55.3
08/02/2026,03:51:53,14.9,55.6
08/02/2026,03:56:53,14.7,55.8
08/02/2026,04:01:53,14.7,56.4
08/02/2026,04:06:53,14.7,56.0
08/02/2026,04:11:53,14.7,55.9
08/02/2026,04:16:53,14.7,56.5
08/02/2026,04:21:53,14.6,56.0
08/02/2026,04:26:53,14.6,56.3
08/02/2026,04:31:53,14.5,56.8
08/02/2026,04:36:53,14.4,56.4
08/02/2026,04:41:53,14.3,56.2
08/02/2026,04:46:53,14.3,56.8
08/02/2026,04:51:53,14.2,56.4
08/02/2026,04:56:53,14.2,55.5
08/02/2026,05:01:53,14.1,55.1
08/02/2026,05:06:53,14.0,55.3
08/02/2026,05:11:53,14.0,56.4
08/02/2026,05:16:53,14.0,54.9
08/02/2026,05:21:53,13.9,56.2
08/02/2026,05:26:53,13.9,57.3
08/02/2026,05:31:53,13.9,57.7
08/02/2026,05:36:53,13.8,57.8
08/02/2026,05:41:53,13.7,56.9
08/02/2026,05:46:53,13.7,57.5
08/02/2026,05:51:53,13.7,57.8
08/02/2026,05:56:53,13.6,57.0
08/02/2026,06:01:53,13.6,57.3
08/02/2026,06:06:53,13.5,55.3
08/02/2026,06:11:53,13.5,52.5
08/02/2026,06:16:53,13.5,57.2
08/02/2026,06:21:53,13.5,56.7
08/02/2026,06:26:53,13.4,52.2
08/02/2026,06:31:53,13.4,52.5
08/02/2026,06:36:53,13.4,50.5
08/02/2026,06:41:53,13.4,53.0
08/02/2026,06:46:53,13.3,51.3
08/02/2026,06:51:53,13.3,56.8
08/02/2026,06:56:53,13.4,52.8
08/02/2026,07:01:53,13.4,55.2
08/02/2026,07:06:53,13.4,55.5
08/02/2026,07:11:53,13.4,54.5
08/02/2026,07:16:53,13.5,53.7
08/02/2026,07:21:53,13.6,57.7
08/02/2026,07:26:53,13.7,58.1
08/02/2026,07:31:53,13.7,55.3
08/02/2026,07:36:53,13.8,55.0
08/02/2026,07:41:53,13.8,54.0
08/02/2026,07:46:53,14.0,56.2
08/02/2026,07:51:53,14.1,56.7
08/02/2026,07:56:53,14.2,57.1
08/02/2026,08:01:53,14.4,55.6
08/02/2026,08:06:53,14.5,58.1
08/02/2026,08:11:53,14.7,57.2
08/02/2026,08:16:53,14.9,57.1
08/02/2026,08:21:53,15.2,56.8
08/02/2026,08:26:53,15.3,58.0
08/02/2026,08:31:53,15.5,58.4
08/02/2026,08:36:53,15.8,58.0
08/02/2026,08:41:53,15.9,58.5
08/02/2026,08:46:53,16.2,57.9
08/02/2026,08:51:53,16.5,59.6
08/02/2026,08:56:53,16.8,59.8
08/02/2026,09:01:53,17.0,59.7
08/02/2026,09:06:53,17.3,58.9
08/02/2026,09:11:53,17.5,59.0
08/02/2026,09:16:53,17.8,59.1
08/02/2026,09:21:53,18.0,58.3
08/02/2026,09:26:53,18.4,59.3
08/02/2026,09:31:53,18.8,58.4
08/02/2026,09:36:53,19.0,58.5
08/02/2026,09:41:53,19.3,58.1
08/02/2026,09:46:53,19.7,58.3
08/02/2026,09:51:53,19.9,58.1
08/02/2026,09:56:53,20.3,58.0
08/02/2026,10:01:53,20.5,57.2
08/02/2026,10:06:53,20.9,57.1
08/02/2026,10:11:53,21.2,57.0
08/02/2026,10:16:53,21.5,56.4
08/02/2026,10:21:53,21.9,55.9
08/02/2026,10:26:53,22.2,55.6
08/02/2026,10:31:53,22.5,55.1
08/02/2026,10:36:53,22.8,54.5
08/02/2026,10:41:53,23.0,54.3
08/02/2026,10:46:53,23.3,53.7
08/02/2026,10:51:53,23.6,53.2
08/02/2026,10:56:53,23.9,53.0
08/02/2026,11:01:53,24.2,52.1
08/02/2026,11:06:53,24.5,51.2
08/02/2026,11:11:53,24.6,51.3
08/02/2026,11:16:53,24.8,51.7
08/02/2026,11:21:53,25.2,49.4
08/02/2026,11:26:53,25.4,48.7
08/02/2026,11:31:53,25.4,48.5
08/02/2026,11:36:53,25.7,47.6
08/02/2026,11:41:53,26.0,47.1
08/02/2026,11:46:53,26.1,46.3
08/02/2026,11:51:53,26.2,46.7
08/02/2026,11:56:53,26.4,45.7
08/02/2026,12:01:53,26.6,45.3
08/02/2026,12:06:53,26.9,45.7
08/02/2026,12:11:53,27.6,44.2
08/02/2026,12:16:53,27.9,43.0
08/02/2026,12:21:53,28.2,41.9
08/02/2026,12:26:53,28.3,41.5
08/02/2026,12:31:53,28.2,41.0
08/02/2026,12:36:53,28.5,41.0
08/02/2026,12:41:53,28.8,39.4
08/02/2026,12:46:53,29.0,37.1
08/02/2026,12:51:53,28.6,36.7
08/02/2026,12:56:53,28.4,37.8
08/02/2026,13:01:53,28.7,37.1
08/02/2026,13:06:53,28.8,35.8
08/02/2026,13:11:53,29.0,35.3
08/02/2026,13:16:53,28.9,35.1
08/02/2026,13:21:53,29.0,34.9
08/02/2026,13:26:53,29.2,33.9
08/02/2026,13:31:53,29.4,33.8
08/02/2026,13:36:53,29.3,33.2
08/02/2026,13:41:53,29.3,32.8
08/02/2026,13:46:53,29.4,32.9
08/02/2026,13:51:53,29.5,32.5
08/02/2026,13:56:53,29.5,32.5
08/02/2026,14:01:53,29.8,32.4
08/02/2026,14:06:53,30.1,32.3
08/02/2026,14:11:53,30.3,32.1
08/02/2026,14:16:53,30.2,31.6
08/02/2026,14:21:53,29.5,31.9
08/02/2026,14:26:53,29.2,32.2
08/02/2026,14:31:53,28.9,32.3
08/02/2026,14:36:53,28.8,32.6
08/02/2026,14:41:53,28.6,32.9
08/02/2026,14:46:53,28.9,32.9
08/02/2026,14:51:53,29.4,32.9
08/02/2026,14:56:53,29.9,32.6
08/02/2026,15:01:53,30.4,32.1
08/02/2026,15:06:53,30.8,31.9
08/02/2026,15:11:53,31.1,31.3
08/02/2026,15:16:53,31.3,30.9
08/02/2026,15:21:53,31.2,30.7
08/02/2026,15:26:53,30.9,30.8
08/02/2026,15:31:53,30.8,31.5
08/02/2026,15:36:53,30.7,31.3
08/02/2026,15:41:53,31.0,31.2
08/02/2026,15:46:53,30.9,31.2
08/02/2026,15:51:53,30.7,31.3
08/02/2026,15:56:53,30.8,31.1
08/02/2026,16:01:53,30.7,31.4
08/02/2026,16:06:53,30.5,31.8
08/02/2026,16:11:53,30.1,31.9
08/02/2026,16:16:53,29.8,32.3
08/02/2026,16:21:53,29.5,32.2
08/02/2026,16:26:53,29.2,32.6
08/02/2026,16:31:53,29.0,33.0
08/02/2026,16:36:53,29.1,33.0
08/02/2026,16:41:53,29.3,32.8
08/02/2026,16:46:53,29.2,32.7
08/02/2026,16:51:53,29.2,32.9
08/02/2026,16:56:53,29.0,33.2
08/02/2026,17:01:53,28.8,33.3
08/02/2026,17:06:53,28.8,33.3
08/02/2026,17:11:53,28.7,33.4
08/02/2026,17:16:53,28.5,33.3
08/02/2026,17:21:53,28.3,33.7
08/02/2026,17:26:53,28.2,34.2
08/02/2026,17:31:53,28.1,34.6
08/02/2026,17:36:53,27.9,34.6
08/02/2026,17:41:53,27.8,34.9
08/02/2026,17:46:53,27.8,35.2
08/02/2026,17:51:53,27.8,35.1
08/02/2026,17:56:53,27.8,35.3
08/02/2026,18:01:53,27.6,35.3
08/02/2026,18:06:53,27.3,35.5
08/02/2026,18:11:53,27.2,35.7
08/02/2026,18:16:53,27.2,36.0
08/02/2026,18:21:53,27.1,35.9
08/02/2026,18:26:53,27.1,36.0
08/02/2026,18:31:53,26.9,35.9
08/02/2026,18:36:53,26.7,35.9
08/02/2026,18:41:53,26.7,36.1
08/02/2026,18:46:53,26.6,36.2
08/02/2026,18:51:53,26.5,36.1
08/02/2026,18:56:53,26.3,36.4
08/02/2026,19:01:53,26.2,36.3
08/02/2026,19:06:53,26.0,37.0
08/02/2026,19:11:53,25.9,36.8
08/02/2026,19:16:53,25.8,36.6
08/02/2026,19:21:53,25.7,36.1
08/02/2026,19:26:53,25.5,36.0
08/02/2026,19:31:53,25.3,36.0
08/02/2026,19:36:53,25.2,36.6
08/02/2026,19:41:53,25.0,37.0
08/02/2026,19:46:53,24.9,37.1
08/02/2026,19:51:53,24.8,37.5
08/02/2026,19:56:53,24.7,37.9
08/02/2026,20:01:53,24.6,38.1
08/02/2026,20:06:53,24.5,38.1
08/02/2026,20:11:53,24.3,38.0
08/02/2026,20:16:53,24.3,38.4
08/02/2026,20:21:53,24.1,38.5
08/02/2026,20:26:53,24.0,38.7
08/02/2026,20:31:53,23.9,39.1
08/02/2026,20:36:53,23.8,39.4
08/02/2026,20:41:53,23.7,39.3
08/02/2026,20:46:53,23.5,39.7
08/02/2026,20:51:53,23.4,39.6
08/02/2026,20:56:53,23.3,40.0
08/02/2026,21:01:53,23.2,40.3
08/02/2026,21:06:53,23.0,40.6
08/02/2026,21:11:53,22.9,41.0
08/02/2026,21:16:53,22.8,41.3
08/02/2026,21:21:53,22.6,41.7
08/02/2026,21:26:53,22.5,42.1
08/02/2026,21:31:53,22.4,42.3
08/02/2026,21:36:53,22.2,42.7
08/02/2026,21:41:53,22.1,43.1
08/02/2026,21:46:53,22.0,43.5
08/02/2026,21:51:53,21.9,44.1
08/02/2026,21:56:53,21.8,44.5
08/02/2026,22:01:53,21.8,44.9
08/02/2026,22:06:53,21.7,45.2
08/02/2026,22:11:53,21.6,45.7
08/02/2026,22:16:53,21.5,46.2
08/02/2026,22:21:53,21.4,46.7
08/02/2026,22:26:53,21.3,46.9
08/02/2026,22:31:53,21.2,47.0
08/02/2026,22:36:53,21.2,47.2
08/02/2026,22:41:53,21.1,47.9
08/02/2026,22:46:53,21.0,48.2
08/02/2026,22:51:53,21.0,48.7
08/02/2026,22:56:53,20.8,49.2
08/02/2026,23:01:53,20.7,49.6
08/02/2026,23:06:53,20.6,50.0
08/02/2026,23:11:53,20.5,50.4
08/02/2026,23:16:53,20.4,50.7
08/02/2026,23:21:53,20.3,51.2
08/02/2026,23:26:53,20.3,51.5
08/02/2026,23:31:53,20.2,51.6
08/02/2026,23:36:53,20.2,51.7
08/02/2026,23:41:53,20.1,52.2
08/02/2026,23:46:53,20.0,52.6
08/02/2026,23:51:53,19.9,52.8
08/02/2026,23:56:53,19.9,53.2
08/03/2026,00:01:53,19.9,53.3
08/03/2026,00:06:53,19.8,53.1
08/03/2026,00:11:53,19.8,54.1
08/03/2026,00:16:53,19.7,54.0
08/03/2026,00:21:53,19.7,54.3
08/03/2026,00:26:53,19.7,54.7
08/03/2026,00:31:53,19.6,54.8
08/03/2026,00:36:53,19.6,54.7
08/03/2026,00:41:53,19.6,54.9
08/03/2026,00:46:53,19.6,54.9
08/03/2026,00:51:53,19.5,54.5
08/03/2026,00:56:53,19.5,54.6
08/03/2026,01:01:53,19.5,54.8
08/03/2026,01:06:53,19.4,53.4
08/03/2026,01:11:53,19.4,53.9
08/03/2026,01:16:53,19.4,53.4
08/03/2026,01:21:53,19.3,53.4
08/03/2026,01:26:53,19.2,53.6
08/03/2026,01:31:53,19.1,53.8
08/03/2026,01:36:53,19.1,53.8
08/03/2026,01:41:53,19.0,53.7
08/03/2026,01:46:53,19.0,53.9
08/03/2026,01:51:53,18.9,53.3
08/03/2026,01:56:53,18.8,52.5
08/03/2026,02:01:53,18.7,53.2
08/03/2026,02:06:53,18.7,54.5
08/03/2026,02:11:53,18.6,54.3
08/03/2026,02:16:53,18.6,54.2
08/03/2026,02:21:53,18.5,53.0
08/03/2026,02:26:53,18.5,53.5
08/03/2026,02:31:53,18.4,54.6
08/03/2026,02:36:53,18.3,53.3
08/03/2026,02:41:53,18.3,54.6
08/03/2026,02:46:53,18.1,54.0
08/03/2026,02:51:53,18.1,53.7
08/03/2026,02:56:53,18.0,53.2
08/03/2026,03:01:53,18.0,50.2
08/03/2026,03:06:53,17.9,50.9
08/03/2026,03:11:53,17.8,52.2
08/03/2026,03:16:53,17.7,52.9
08/03/2026,03:21:53,17.7,56.3
08/03/2026,03:26:53,17.6,55.0
08/03/2026,03:31:53,17.5,56.2
08/03/2026,03:36:53,17.4,54.5
08/03/2026,03:41:53,17.4,57.6
08/03/2026,03:46:53,17.3,54.1
08/03/2026,03:51:53,17.3,56.7
08/03/2026,03:56:53,17.2,57.3
08/03/2026,04:01:53,17.2,58.6
08/03/2026,04:06:53,17.2,61.8
08/03/2026,04:11:53,17.1,62.5
08/03/2026,04:16:53,17.0,61.9
08/03/2026,04:21:53,17.0,62.6
08/03/2026,04:26:53,16.9,63.0
08/03/2026,04:31:53,16.9,62.5
08/03/2026,04:36:53,16.8,64.1
08/03/2026,04:41:53,16.8,63.9
08/03/2026,04:46:53,16.7,60.8
08/03/2026,04:51:53,16.6,60.0
08/03/2026,04:56:53,16.6,62.9
08/03/2026,05:01:53,16.5,61.4
08/03/2026,05:06:53,16.5,60.9
08/03/2026,05:11:53,16.4,61.4
08/03/2026,05:16:53,16.4,61.3
08/03/2026,05:21:53,16.3,60.6
08/03/2026,05:26:53,16.2,62.4
08/03/2026,05:31:53,16.2,60.0
08/03/2026,05:36:53,16.2,64.1
08/03/2026,05:41:53,16.2,66.2
08/03/2026,05:46:53,16.1,66.0
08/03/2026,05:51:53,16.0,64.1
08/03/2026,05:56:53,16.0,65.5
08/03/2026,06:01:53,16.0,63.7
08/03/2026,06:06:53,16.0,63.5
08/03/2026,06:11:53,16.0,59.0
08/03/2026,06:16:53,16.0,60.7
08/03/2026,06:21:53,15.9,61.2
08/03/2026,06:26:53,15.9,59.8
08/03/2026,06:31:53,15.9,59.0
08/03/2026,06:36:53,15.9,58.1
08/03/2026,06:41:53,16.0,61.7
08/03/2026,06:46:53,16.0,59.1
08/03/2026,06:51:53,16.0,59.4
08/03/2026,06:56:53,16.0,56.1
08/03/2026,07:01:53,16.1,57.0
08/03/2026,07:06:53,16.1,62.4
08/03/2026,07:11:53,16.2,58.7
08/03/2026,07:16:53,16.2,57.1
08/03/2026,07:21:53,16.3,60.9
08/03/2026,07:26:53,16.4,58.5
08/03/2026,07:31:53,16.4,59.6
08/03/2026,07:36:53,16.5,59.0
08/03/2026,07:41:53,16.6,61.0
08/03/2026,07:46:53,16.8,64.2
08/03/2026,07:51:53,16.9,58.9
08/03/2026,07:56:53,17.0,63.9
08/03/2026,08:01:53,17.2,63.7
08/03/2026,08:06:53,17.3,62.9
08/03/2026,08:11:53,17.4,60.8
08/03/2026,08:16:53,17.5,62.0
08/03/2026,08:21:53,17.7,62.2
08/03/2026,08:26:53,17.8,63.6
08/03/2026,08:31:53,18.0,63.1
08/03/2026,08:36:53,18.2,64.1
08/03/2026,08:41:53,18.5,65.1
08/03/2026,08:46:53,18.8,64.2
08/03/2026,08:51:53,18.9,62.6
08/03/2026,08:56:53,19.1,62.9
08/03/2026,09:01:53,19.4,63.0
08/03/2026,09:06:53,19.6,62.8
08/03/2026,09:11:53,19.8,63.2
08/03/2026,09:16:53,20.1,62.6
08/03/2026,09:21:53,20.4,62.2
08/03/2026,09:26:53,20.7,62.1
08/03/2026,09:31:53,21.0,61.6
08/03/2026,09:36:53,21.3,61.3
08/03/2026,09:41:53,21.6,60.9
08/03/2026,09:46:53,22.0,60.3
08/03/2026,09:51:53,22.3,59.8
08/03/2026,09:56:53,22.6,59.3
08/03/2026,10:01:53,22.9,58.8
08/03/2026,10:06:53,23.3,58.1
08/03/2026,10:11:53,23.6,57.4
08/03/2026,10:16:53,23.9,56.8
08/03/2026,10:21:53,24.2,56.0
08/03/2026,10:26:53,24.5,55.9
08/03/2026,10:31:53,24.7,55.5
08/03/2026,10:36:53,25.1,54.2
08/03/2026,10:41:53,25.3,53.0
08/03/2026,10:46:53,25.1,52.4
08/03/2026,10:51:53,25.4,51.5
08/03/2026,11:00:24,25.6,52.4
08/03/2026,11:05:24,25.9,46.1
08/03/2026,11:10:24,26.2,47.4
08/03/2026,11:15:24,26.3,50.5
08/03/2026,11:20:24,26.8,48.2
08/03/2026,11:25:24,27.1,48.2
08/03/2026,11:30:24,27.3,47.6
08/03/2026,11:35:24,27.5,46.6
08/03/2026,11:40:24,27.8,47.2
08/03/2026,11:45:24,28.0,46.0
08/03/2026,11:50:24,28.2,45.3
08/03/2026,11:55:24,28.3,44.2
08/03/2026,12:00:24,28.5,44.5
08/03/2026,12:05:24,28.8,43.6
08/03/2026,12:10:24,29.0,43.0
08/03/2026,12:15:24,29.2,41.9
08/03/2026,12:20:24,29.5,41.8
08/03/2026,12:25:24,29.8,41.8
08/03/2026,12:30:24,29.9,40.9
08/03/2026,12:35:24,30.1,40.0
08/03/2026,12:40:24,30.3,39.8
08/03/2026,12:45:24,30.4,39.1
08/03/2026,12:50:24,30.6,38.9
08/03/2026,12:55:24,30.8,38.6
08/03/2026,13:00:24,30.9,37.9
08/03/2026,13:05:24,31.1,37.5
08/03/2026,13:10:24,31.1,37.4
08/03/2026,13:15:24,31.0,37.1
08/03/2026,13:20:24,31.1,37.3
08/03/2026,13:25:24,31.3,36.7
08/03/2026,13:30:24,31.6,36.4
08/03/2026,13:35:24,31.8,35.8
08/03/2026,13:40:24,31.9,35.0
08/03/2026,13:45:24,32.0,34.4
08/03/2026,13:50:24,32.1,34.6
08/03/2026,13:55:24,32.2,34.2
08/03/2026,14:00:24,32.3,34.0
08/03/2026,14:05:24,32.2,33.8
08/03/2026,14:10:24,32.4,33.4
08/03/2026,14:15:24,32.5,32.8
08/03/2026,14:20:24,32.6,33.4
08/03/2026,14:25:24,32.8,33.2
08/03/2026,14:30:24,32.9,32.3
08/03/2026,14:35:24,32.9,32.3
08/03/2026,14:40:24,33.0,32.4
08/03/2026,14:45:24,32.8,32.4
08/03/2026,14:50:24,33.0,31.7
08/03/2026,14:55:24,33.2,32.0
08/03/2026,15:00:24,33.5,31.3
08/03/2026,15:05:24,33.8,31.3
08/03/2026,15:10:24,33.9,31.0
08/03/2026,15:15:24,34.0,31.0
08/03/2026,15:20:24,34.1,29.8
08/03/2026,15:25:24,33.8,30.2
08/03/2026,15:30:24,33.8,30.1
08/03/2026,15:35:24,33.8,30.2
08/03/2026,15:40:24,33.8,31.2
08/03/2026,15:45:24,34.3,30.6
08/03/2026,15:50:24,34.5,29.9
08/03/2026,15:55:24,34.5,30.0
08/03/2026,16:00:24,34.5,30.0
08/03/2026,16:05:24,34.7,30.2
08/03/2026,16:10:24,34.7,30.1
08/03/2026,16:15:24,34.4,29.6
08/03/2026,16:20:24,33.9,30.0
08/03/2026,16:25:24,33.7,30.6
08/03/2026,16:30:24,33.8,30.5
08/03/2026,16:35:24,33.9,31.0
08/03/2026,16:40:24,34.1,30.9
08/03/2026,16:45:24,34.4,30.8
08/03/2026,16:50:24,34.5,30.3
08/03/2026,16:55:24,34.4,30.4
08/03/2026,17:00:24,34.1,30.6
08/03/2026,17:05:24,33.7,30.8
08/03/2026,17:10:24,33.4,30.8
08/03/2026,17:15:24,33.1,31.2
08/03/2026,17:20:24,32.9,32.0
08/03/2026,17:25:24,32.7,32.1
08/03/2026,17:30:24,32.5,32.5
08/03/2026,17:35:24,32.3,33.0
08/03/2026,17:40:24,32.1,33.2
08/03/2026,17:45:24,31.8,33.8
08/03/2026,17:50:24,31.6,34.6
08/03/2026,17:55:24,31.4,35.1
08/03/2026,18:00:24,31.2,35.2
08/03/2026,18:05:24,31.0,35.3
08/03/2026,18:10:24,30.9,35.3
08/03/2026,18:15:24,30.8,35.7
08/03/2026,18:20:24,30.7,36.0
08/03/2026,18:25:24,30.6,36.3
08/03/2026,18:30:24,30.5,36.7
08/03/2026,18:35:24,30.4,36.7
08/03/2026,18:40:24,30.3,37.2
08/03/2026,18:45:24,30.2,37.7
08/03/2026,18:50:24,30.1,37.9
08/03/2026,18:55:24,29.9,38.1
08/03/2026,19:00:24,29.8,38.3
08/03/2026,19:05:24,29.7,38.6
08/03/2026,19:10:24,29.7,38.6
08/03/2026,19:15:24,29.7,38.1
08/03/2026,19:20:24,29.7,37.9
08/03/2026,19:25:24,29.7,37.7
08/03/2026,19:30:24,29.5,38.0
08/03/2026,19:35:24,29.3,38.4
08/03/2026,19:40:24,29.2,38.2
08/03/2026,19:45:24,29.0,38.5
08/03/2026,19:50:24,28.7,38.6
08/03/2026,19:55:24,28.5,38.8
08/03/2026,20:00:24,28.3,38.6
08/03/2026,20:05:24,28.1,38.8
08/03/2026,20:10:24,27.9,38.8
08/03/2026,20:15:24,27.8,39.0
08/03/2026,20:20:24,27.6,39.2
08/03/2026,20:25:24,27.4,39.3
08/03/2026,20:30:24,27.3,39.6
08/03/2026,20:35:24,27.2,39.8
08/03/2026,20:40:24,27.0,39.9
08/03/2026,20:45:24,26.8,40.2
08/03/2026,20:50:24,26.7,40.4
08/03/2026,20:55:24,26.5,40.6
08/03/2026,21:00:24,26.4,41.0
08/03/2026,21:05:24,26.3,41.1
08/03/2026,21:10:24,26.2,41.2
08/03/2026,21:15:24,26.1,41.5
08/03/2026,21:20:24,26.0,41.8
08/03/2026,21:25:24,25.8,42.6
08/03/2026,21:30:24,25.7,43.1
08/03/2026,21:35:24,25.5,43.7
08/03/2026,21:40:24,25.4,44.2
08/03/2026,21:45:24,25.2,44.6
08/03/2026,21:50:24,25.1,45.0
08/03/2026,21:55:24,24.9,45.3
08/03/2026,22:00:24,24.8,45.6
08/03/2026,22:05:24,24.6,46.0
08/03/2026,22:10:24,24.5,46.6
08/03/2026,22:15:24,24.4,47.1
08/03/2026,22:20:24,24.3,47.4
08/03/2026,22:25:24,24.2,47.5
08/03/2026,22:30:24,24.1,48.0
08/03/2026,22:35:24,24.0,48.4
08/03/2026,22:40:24,23.8,48.5
08/03/2026,22:45:24,23.7,48.9
08/03/2026,22:50:24,23.6,49.0
08/03/2026,22:55:24,23.5,49.4
08/03/2026,23:00:24,23.4,49.4
08/03/2026,23:05:24,23.3,49.4
08/03/2026,23:10:24,23.2,49.3
08/03/2026,23:15:24,23.1,49.4
08/03/2026,23:20:24,23.0,49.5
08/03/2026,23:25:24,22.9,49.4
08/03/2026,23:30:24,22.8,50.1
08/03/2026,23:35:24,22.7,50.2
08/03/2026,23:40:24,22.6,50.3
08/03/2026,23:45:24,22.5,50.7
08/03/2026,23:50:24,22.4,51.0
08/03/2026,23:55:24,22.3,51.4
08/04/2026,00:00:24,22.2,51.5
08/04/2026,00:05:24,22.1,51.7
08/04/2026,00:10:24,22.0,51.8
08/04/2026,00:15:24,22.0,52.2
08/04/2026,00:20:24,21.9,52.5
08/04/2026,00:25:24,21.8,52.6
08/04/2026,00:30:24,21.7,52.8
08/04/2026,00:35:24,21.6,52.7
08/04/2026,00:40:24,21.5,52.9
08/04/2026,00:45:24,21.5,53.4
08/04/2026,00:50:24,21.4,54.1
08/04/2026,00:55:24,21.3,53.9
08/04/2026,01:00:24,21.3,54.5
08/04/2026,01:05:24,21.2,54.7
08/04/2026,01:10:24,21.1,54.8
08/04/2026,01:15:24,21.1,55.2
08/04/2026,01:20:24,21.0,54.4
08/04/2026,01:25:24,20.9,55.7
08/04/2026,01:30:24,20.9,55.9
08/04/2026,01:35:24,20.9,55.8
08/04/2026,01:40:24,20.7,55.7
08/04/2026,01:45:24,20.7,56.1
08/04/2026,01:50:24,20.7,56.1
08/04/2026,01:55:24,20.6,55.1
08/04/2026,02:00:24,20.5,56.7
08/04/2026,02:05:24,20.5,56.5
08/04/2026,02:10:24,20.4,56.3
08/04/2026,02:15:24,20.4,56.9
08/04/2026,02:20:24,20.2,54.5
08/04/2026,02:25:24,20.2,55.3
08/04/2026,02:30:24,20.2,57.8
08/04/2026,02:35:24,20.1,58.1
08/04/2026,02:40:24,20.0,57.6
08/04/2026,02:45:24,20.0,58.1
08/04/2026,02:50:24,19.9,58.6
08/04/2026,02:55:24,19.9,58.7
08/04/2026,03:00:24,19.8,58.6
08/04/2026,03:05:24,19.7,58.8
08/04/2026,03:10:24,19.6,58.7
08/04/2026,03:15:24,19.6,53.6
08/04/2026,03:20:24,19.5,59.7
08/04/2026,03:25:24,19.4,60.4
08/04/2026,03:30:24,19.3,60.9
08/04/2026,03:35:24,19.2,60.4
08/04/2026,03:40:24,19.1,60.2
08/04/2026,03:45:24,19.1,61.1
08/04/2026,03:50:24,19.1,61.4
08/04/2026,03:55:24,19.0,61.4
08/04/2026,04:00:24,19.0,61.5
08/04/2026,04:05:24,19.0,59.8
08/04/2026,04:10:24,19.0,61.3
08/04/2026,04:15:24,18.9,60.1
08/04/2026,04:20:24,18.9,60.5
08/04/2026,04:25:24,18.9,56.0
08/04/2026,04:30:24,18.9,59.5
08/04/2026,04:35:24,18.9,55.7
08/04/2026,04:40:24,18.8,59.2
08/04/2026,04:45:24,18.7,59.8
08/04/2026,04:50:24,18.7,54.9
08/04/2026,04:55:24,18.6,54.7
08/04/2026,05:00:24,18.6,57.7
08/04/2026,05:05:24,18.6,59.3
08/04/2026,05:10:24,18.4,57.0
08/04/2026,05:15:24,18.4,58.1
08/04/2026,05:20:24,18.4,55.0
08/04/2026,05:25:24,18.4,56.8
08/04/2026,05:30:24,18.4,54.5
08/04/2026,05:35:24,18.3,59.2
08/04/2026,05:40:24,18.3,61.8
08/04/2026,05:45:24,18.3,58.7
08/04/2026,05:50:24,18.3,59.3
08/04/2026,05:55:24,18.3,60.6
08/04/2026,06:00:24,18.3,59.2
08/04/2026,06:05:24,18.3,53.3
08/04/2026,06:10:24,18.4,56.2
08/04/2026,06:15:24,18.4,57.8
08/04/2026,06:20:24,18.4,60.5
08/04/2026,06:25:24,18.4,57.8
08/04/2026,06:30:24,18.4,56.1
08/04/2026,06:35:24,18.5,61.4
08/04/2026,06:40:24,18.6,59.0
08/04/2026,06:45:24,18.8,56.2
08/04/2026,06:50:24,18.9,64.1
08/04/2026,06:55:24,19.1,65.5
08/04/2026,07:00:24,19.3,65.2
08/04/2026,07:05:24,19.5,64.5
08/04/2026,07:10:24,19.7,64.8
08/04/2026,07:15:24,19.9,64.0
08/04/2026,07:20:24,20.1,63.5
08/04/2026,07:25:24,20.2,65.8
08/04/2026,07:30:24,20.3,65.3
08/04/2026,07:35:24,20.5,64.7
08/04/2026,07:40:24,20.7,62.8
08/04/2026,07:45:24,20.9,64.7
08/04/2026,07:50:24,21.2,64.5
08/04/2026,07:55:24,21.5,61.3
08/04/2026,08:00:24,21.7,64.0
08/04/2026,08:05:24,22.0,63.0
08/04/2026,08:10:24,22.2,62.0
08/04/2026,08:15:24,22.4,62.3
08/04/2026,08:20:24,22.6,61.6
08/04/2026,08:25:24,22.8,60.8
08/04/2026,08:30:24,23.0,59.4
08/04/2026,08:35:24,23.2,59.2
08/04/2026,08:40:24,23.4,58.4
08/04/2026,08:45:24,23.5,57.5
08/04/2026,08:50:24,23.7,56.8
08/04/2026,08:55:24,23.9,56.1
08/04/2026,09:00:24,24.0,54.9
08/04/2026,09:05:24,24.1,54.5
08/04/2026,09:10:24,24.2,53.9
08/04/2026,09:15:24,24.3,53.6
08/04/2026,09:20:24,24.4,53.7
08/04/2026,09:25:24,24.5,53.4
08/04/2026,09:30:24,24.7,52.3
08/04/2026,09:35:24,24.9,51.4
08/04/2026,09:40:24,25.1,50.9
08/04/2026,09:45:24,25.4,49.5
08/04/2026,09:50:24,25.8,49.7
08/04/2026,09:55:24,26.2,48.9
08/04/2026,10:00:24,26.6,48.2
08/04/2026,10:05:24,26.9,47.4
08/04/2026,10:10:24,27.2,47.3
08/04/2026,10:15:24,27.3,46.8
08/04/2026,10:20:24,27.5,45.2
08/04/2026,10:25:24,27.7,44.7
08/04/2026,10:30:24,27.8,44.3
08/04/2026,10:35:24,27.9,44.1
08/04/2026,10:40:24,27.9,44.3
08/04/2026,10:45:24,28.0,43.8
08/04/2026,10:50:24,28.1,43.8
08/04/2026,10:55:24,28.1,43.6
08/04/2026,11:00:24,28.2,43.4
08/04/2026,11:05:24,28.2,43.4
08/04/2026,11:10:24,28.3,43.1
08/04/2026,11:15:24,28.4,43.2
08/04/2026,11:20:24,28.5,42.8
08/04/2026,11:25:24,28.5,42.7
08/04/2026,11:30:24,28.5,42.6
08/04/2026,11:35:24,28.5,42.3
08/04/2026,11:40:24,28.5,42.1
08/04/2026,11:45:24,28.6,41.7
08/04/2026,11:50:24,28.7,41.6
08/04/2026,11:55:24,28.7,40.8
08/04/2026,12:00:24,28.7,40.9
08/04/2026,12:05:24,28.8,40.7
08/04/2026,12:10:24,28.8,40.5
08/04/2026,12:15:24,28.9,40.2
08/04/2026,12:20:24,29.0,40.2
08/04/2026,12:25:24,29.2,40.1
08/04/2026,12:30:24,29.4,39.4
08/04/2026,12:35:24,29.6,39.3
08/04/2026,12:40:24,29.8,39.7
08/04/2026,12:45:24,29.9,39.2
08/04/2026,12:50:24,29.9,39.2
08/04/2026,12:55:24,29.9,39.8
08/04/2026,13:00:24,30.1,39.6
08/04/2026,13:05:24,30.3,39.1
08/04/2026,13:10:24,30.3,39.0
08/04/2026,13:15:24,30.2,39.2
08/04/2026,13:20:24,30.1,39.0
08/04/2026,13:25:24,30.0,39.1
08/04/2026,13:30:24,30.0,38.7
08/04/2026,13:35:24,29.9,38.8
08/04/2026,13:40:24,29.7,39.0
08/04/2026,13:45:24,29.8,39.1
08/04/2026,13:50:24,30.1,39.2
08/04/2026,13:55:24,30.3,38.6
08/04/2026,14:00:24,30.4,38.3
08/04/2026,14:05:24,30.3,38.1
08/04/2026,14:10:24,30.2,38.5
08/04/2026,14:15:24,30.1,38.3
08/04/2026,14:20:24,30.2,38.7
08/04/2026,14:25:24,30.1,38.4
08/04/2026,14:30:24,30.1,38.7
08/04/2026,14:35:24,30.1,38.7
08/04/2026,14:40:24,30.2,38.7
08/04/2026,14:45:24,30.1,39.0
08/04/2026,14:50:24,30.2,39.2
08/04/2026,14:55:24,30.3,39.3
08/04/2026,15:00:24,30.2,39.5
08/04/2026,15:05:24,30.2,39.8
08/04/2026,15:10:24,30.1,40.0
08/04/2026,15:15:24,30.1,40.7
08/04/2026,15:20:24,30.2,41.1
08/04/2026,15:25:24,30.4,41.1
08/04/2026,15:30:24,30.6,41.3
08/04/2026,15:35:24,30.6,41.4
08/04/2026,15:40:24,30.8,41.8
08/04/2026,15:45:24,30.9,41.5
08/04/2026,15:50:24,30.8,42.1
08/04/2026,15:55:24,30.8,42.2
08/04/2026,16:00:24,30.9,42.2
08/04/2026,16:05:24,30.9,42.6
08/04/2026,16:10:24,30.9,42.7
08/04/2026,16:15:24,30.9,42.9
08/04/2026,16:20:24,30.9,42.9
08/04/2026,16:25:24,30.7,43.2
08/04/2026,16:30:24,30.5,43.7
08/04/2026,16:35:24,30.5,44.0
08/04/2026,16:40:24,30.5,44.0
08/04/2026,16:45:24,30.4,44.3
08/04/2026,16:50:24,30.3,44.8
08/04/2026,16:55:24,30.2,45.2
08/04/2026,17:00:24,30.4,45.5
08/04/2026,17:05:24,30.4,45.3
08/04/2026,17:10:24,30.3,45.2
08/04/2026,17:15:24,30.1,45.5
08/04/2026,17:20:24,29.9,45.7
08/04/2026,17:25:24,29.7,46.5
08/04/2026,17:30:24,29.8,46.8
08/04/2026,17:35:24,29.8,47.1
08/04/2026,17:40:24,29.8,47.3
08/04/2026,17:45:24,29.7,47.5
08/04/2026,17:50:24,29.6,48.0
08/04/2026,17:55:24,29.3,48.7
08/04/2026,18:00:24,29.1,49.2
08/04/2026,18:05:24,28.9,49.5
08/04/2026,18:10:24,28.7,49.9
08/04/2026,18:15:24,28.4,50.4
08/04/2026,18:20:24,28.3,50.8
08/04/2026,18:25:24,28.2,50.8
08/04/2026,18:30:24,28.1,51.0
08/04/2026,18:35:24,28.1,50.6
08/04/2026,18:40:24,28.0,50.6
08/04/2026,18:45:24,28.0,50.7
08/04/2026,18:50:24,27.9,50.7
08/04/2026,18:55:24,27.9,50.8
08/04/2026,19:00:24,27.9,50.5
08/04/2026,19:05:24,27.9,50.5
08/04/2026,19:10:24,27.9,50.7
08/04/2026,19:15:24,28.1,51.1
08/04/2026,19:20:24,28.2,51.7
08/04/2026,19:25:24,28.2,52.1
08/04/2026,19:30:24,28.1,52.1
08/04/2026,19:35:24,27.9,52.0
08/04/2026,19:40:24,27.6,52.1
08/04/2026,19:45:24,27.5,52.6
08/04/2026,19:50:24,27.3,52.9
08/04/2026,19:55:24,27.1,53.2
08/04/2026,20:00:24,26.8,53.6
08/04/2026,20:05:24,26.7,54.0
08/04/2026,20:10:24,26.6,54.2
08/04/2026,20:15:24,26.4,54.5
08/04/2026,20:20:24,26.2,54.7
08/04/2026,20:25:24,26.0,55.1
08/04/2026,20:30:24,25.9,55.7
08/04/2026,20:35:24,25.7,55.8
08/04/2026,20:40:24,25.6,56.1
08/04/2026,20:45:24,25.4,56.2
08/04/2026,20:50:24,25.3,56.3
08/04/2026,20:55:24,25.2,56.3
08/04/2026,21:00:24,25.2,56.3
08/04/2026,21:05:24,25.1,56.4
08/04/2026,21:10:24,24.9,56.5
08/04/2026,21:15:24,24.8,56.6
08/04/2026,21:20:24,24.7,56.8
08/04/2026,21:25:24,24.6,56.8
08/04/2026,21:30:24,24.6,56.8
08/04/2026,21:35:24,24.5,56.9
08/04/2026,21:40:24,24.4,57.2
08/04/2026,21:45:24,24.3,57.4
08/04/2026,21:50:24,24.3,57.5
08/04/2026,21:55:24,24.2,57.6
08/04/2026,22:00:24,24.1,57.8
08/04/2026,22:05:24,24.1,57.8
08/04/2026,22:10:24,24.0,57.9
08/04/2026,22:15:24,23.9,57.8
08/04/2026,22:20:24,23.9,58.0
08/04/2026,22:25:24,23.7,58.1
08/04/2026,22:30:24,23.7,58.2
08/04/2026,22:35:24,23.6,58.4
08/04/2026,22:40:24,23.5,58.6
08/04/2026,22:45:24,23.4,58.8
08/04/2026,22:50:24,23.4,58.9
08/04/2026,22:55:24,23.3,59.2
08/04/2026,23:00:24,23.2,59.3
08/04/2026,23:05:24,23.2,59.5
08/04/2026,23:10:24,23.1,59.7
08/04/2026,23:15:24,23.0,60.0
08/04/2026,23:20:24,22.9,60.2
08/04/2026,23:25:24,22.8,60.3
08/04/2026,23:30:24,22.7,60.5
08/04/2026,23:35:24,22.7,60.7
08/04/2026,23:40:24,22.6,60.8
08/04/2026,23:45:24,22.5,60.8
08/04/2026,23:50:24,22.4,61.2
08/04/2026,23:55:24,22.3,61.4
08/05/2026,00:00:24,22.2,61.4
08/05/2026,00:05:24,22.2,61.9
08/05/2026,00:10:24,22.1,62.2
08/05/2026,00:15:24,22.0,62.4
08/05/2026,00:20:24,21.9,62.6
08/05/2026,00:25:24,21.9,62.7
08/05/2026,00:30:24,21.8,63.0
08/05/2026,00:35:24,21.7,63.2
08/05/2026,00:40:24,21.6,63.3
08/05/2026,00:45:24,21.6,63.4
08/05/2026,00:50:24,21.6,63.6
08/05/2026,00:55:24,21.5,63.8
08/05/2026,01:00:24,21.4,64.0
08/05/2026,01:05:24,21.4,64.2
08/05/2026,01:10:24,21.3,64.4
08/05/2026,01:15:24,21.3,64.7
08/05/2026,01:20:24,21.2,64.9
08/05/2026,01:25:24,21.1,65.1
08/05/2026,01:30:24,21.0,65.4
08/05/2026,01:35:24,21.0,65.7
08/05/2026,01:40:24,20.9,65.7
08/05/2026,01:45:24,20.9,66.1
08/05/2026,01:50:24,20.8,66.3
08/05/2026,01:55:24,20.7,66.6
08/05/2026,02:00:24,20.7,66.7
08/05/2026,02:05:24,20.7,66.8
08/05/2026,02:10:24,20.6,67.0
08/05/2026,02:15:24,20.5,67.2
08/05/2026,02:20:24,20.5,67.5
08/05/2026,02:25:24,20.4,67.8
08/05/2026,02:30:24,20.3,68.1
08/05/2026,02:35:24,20.2,68.4
08/05/2026,02:40:24,20.2,68.7
08/05/2026,02:45:24,20.2,68.9
08/05/2026,02:50:24,20.2,69.1
08/05/2026,02:55:24,20.2,69.1
08/05/2026,03:00:24,20.2,69.0
08/05/2026,03:05:24,20.2,69.2
08/05/2026,03:10:24,20.2,69.3
08/05/2026,03:15:24,20.2,69.4
08/05/2026,03:20:24,20.1,69.6
08/05/2026,03:25:24,20.0,69.6
08/05/2026,03:30:24,20.0,69.7
08/05/2026,03:35:24,19.9,70.0
08/05/2026,03:40:24,19.9,70.0
08/05/2026,03:45:24,19.8,70.4
08/05/2026,03:50:24,19.7,70.5
08/05/2026,03:55:24,19.7,70.7
08/05/2026,04:00:24,19.7,70.9
08/05/2026,04:05:24,19.6,71.2
08/05/2026,04:10:24,19.5,71.3
08/05/2026,04:15:24,19.5,71.7
08/05/2026,04:20:24,19.4,71.7
08/05/2026,04:25:24,19.3,72.0
08/05/2026,04:30:24,19.2,72.5
08/05/2026,04:35:24,19.2,72.6
08/05/2026,04:40:24,19.2,72.7
08/05/2026,04:45:24,19.2,72.8
08/05/2026,04:50:24,19.2,72.9
08/05/2026,04:55:24,19.2,73.1
08/05/2026,05:00:24,19.1,73.1
08/05/2026,05:05:24,19.1,73.2
08/05/2026,05:10:24,19.1,73.5
08/05/2026,05:15:24,19.0,73.5
08/05/2026,05:20:24,19.0,73.6
08/05/2026,05:25:24,19.0,73.9
08/05/2026,05:30:24,18.9,74.0
08/05/2026,05:35:24,18.9,74.4
08/05/2026,05:40:24,18.8,74.3
08/05/2026,05:45:24,18.8,74.5
08/05/2026,05:50:24,18.8,74.5
08/05/2026,05:55:24,18.8,74.7
08/05/2026,06:00:24,18.8,74.9
08/05/2026,06:05:24,18.8,75.0
08/05/2026,06:10:24,18.8,75.1
08/05/2026,06:15:24,18.8,75.2
08/05/2026,06:20:24,18.7,75.3
08/05/2026,06:25:24,18.7,75.3
08/05/2026,06:30:24,18.7,75.1
08/05/2026,06:35:24,18.7,75.2
08/05/2026,06:40:24,18.8,75.4
08/05/2026,06:45:24,18.8,75.5
08/05/2026,06:50:24,18.9,75.2
08/05/2026,06:55:24,19.1,75.4
08/05/2026,07:00:24,19.3,75.2
08/05/2026,07:05:24,19.4,74.8
08/05/2026,07:10:24,19.6,74.3
08/05/2026,07:15:24,19.7,73.8
08/05/2026,07:20:24,19.8,73.4
08/05/2026,07:25:24,19.9,73.0
08/05/2026,07:30:24,20.0,72.9
08/05/2026,07:35:24,20.0,72.7
08/05/2026,07:40:24,20.0,72.5
08/05/2026,07:45:24,20.1,72.1
08/05/2026,07:50:24,20.1,71.8
08/05/2026,07:55:24,20.2,71.7
08/05/2026,08:00:24,20.2,71.4
08/05/2026,08:05:24,20.2,71.0
08/05/2026,08:10:24,20.3,70.9
08/05/2026,08:15:24,20.4,70.8
08/05/2026,08:20:24,20.5,70.4
08/05/2026,08:25:24,20.5,70.0
08/05/2026,08:30:24,20.6,69.9
08/05/2026,08:35:24,20.7,69.7
08/05/2026,08:40:24,20.8,69.4
08/05/2026,08:45:24,20.9,69.3
08/05/2026,08:50:24,21.1,69.0
08/05/2026,08:55:24,21.2,68.7
08/05/2026,09:00:24,21.2,68.4
08/05/2026,09:05:24,21.2,68.3
08/05/2026,09:10:24,21.2,68.2
08/05/2026,09:15:24,21.3,67.9
08/05/2026,09:20:24,21.4,67.5
08/05/2026,09:25:24,21.6,67.1
08/05/2026,09:30:24,21.7,66.6
08/05/2026,09:35:24,21.7,66.0
08/05/2026,09:40:24,21.7,66.1
08/05/2026,09:45:24,21.8,66.0
08/05/2026,09:50:24,21.9,65.5
08/05/2026,09:55:24,22.0,65.2
08/05/2026,10:00:24,22.2,64.9
08/05/2026,10:05:24,22.2,64.4
08/05/2026,10:10:24,22.4,64.4
08/05/2026,10:15:24,22.5,64.2
08/05/2026,10:20:24,22.6,63.2
08/05/2026,10:25:24,22.6,63.2
08/05/2026,10:30:24,22.6,63.0
08/05/2026,10:35:24,22.6,62.9
08/05/2026,10:40:24,21.9,66.4
08/05/2026,10:45:24,20.7,69.1
08/05/2026,10:50:24,19.8,70.7
08/05/2026,10:55:24,19.6,72.9
08/05/2026,11:00:24,19.7,74.0
08/05/2026,11:05:24,19.9,74.9
08/05/2026,11:10:24,20.1,74.3
08/05/2026,11:15:24,20.4,75.2
08/05/2026,11:20:24,20.6,74.3
08/05/2026,11:25:24,20.7,73.6
08/05/2026,11:30:24,20.9,73.8
08/05/2026,11:35:24,21.2,72.5
08/05/2026,11:40:24,21.4,72.7
08/05/2026,11:45:24,21.6,71.9
08/05/2026,11:50:24,21.9,70.3
08/05/2026,11:55:24,22.3,70.3
08/05/2026,12:00:24,22.5,68.2
08/05/2026,12:05:24,22.9,66.7
08/05/2026,12:10:24,23.1,64.2
08/05/2026,12:15:24,23.3,65.3
08/05/2026,12:20:24,23.8,63.2
08/05/2026,12:25:24,24.1,61.2
08/05/2026,12:30:24,24.1,59.6
08/05/2026,12:35:24,24.1,58.0
08/05/2026,12:40:24,24.0,57.1
08/05/2026,12:45:24,24.0,57.2
08/05/2026,12:50:24,24.2,56.4
08/05/2026,12:55:24,24.4,55.0
08/05/2026,13:00:24,24.8,53.7
08/05/2026,13:05:24,24.8,52.6
08/05/2026,13:10:24,24.7,52.2
08/05/2026,13:15:24,24.4,52.3
08/05/2026,13:20:24,24.1,52.5
08/05/2026,13:25:24,24.5,52.1
08/05/2026,13:30:24,24.7,50.4
08/05/2026,13:35:24,25.1,49.9
08/05/2026,13:40:24,25.3,48.4
08/05/2026,13:45:24,25.5,47.8
08/05/2026,13:50:24,25.9,46.8
08/05/2026,13:55:24,26.0,46.3
08/05/2026,14:00:24,26.2,45.4
08/05/2026,14:05:24,26.4,44.8
08/05/2026,14:10:24,26.3,43.8
08/05/2026,14:15:24,26.1,43.9
08/05/2026,14:20:24,26.2,43.6
08/05/2026,14:25:24,26.3,42.9
08/05/2026,14:30:24,26.5,42.5
08/05/2026,14:35:24,26.6,42.4
08/05/2026,14:40:24,26.8,41.2
08/05/2026,14:45:24,27.0,40.4
08/05/2026,14:50:24,27.2,39.1
08/05/2026,14:55:24,27.5,38.5
08/05/2026,15:00:24,27.3,39.0
08/05/2026,15:05:24,27.0,39.2
08/05/2026,15:10:24,26.6,38.4
08/05/2026,15:15:24,26.1,39.7
08/05/2026,15:20:24,26.5,39.3
08/05/2026,15:25:24,26.7,38.3
08/05/2026,15:30:24,26.3,38.1
08/05/2026,15:35:24,26.2,38.2
08/05/2026,15:40:24,26.2,38.8
08/05/2026,15:45:24,26.6,38.2
08/05/2026,15:50:24,26.5,37.5
08/05/2026,15:55:24,26.7,37.8
08/05/2026,16:00:24,26.7,36.4
08/05/2026,16:05:24,26.3,36.7
08/05/2026,16:10:24,26.4,36.9
08/05/2026,16:15:24,26.1,36.8
08/05/2026,16:20:24,26.0,36.9
08/05/2026,16:25:24,25.9,36.8
08/05/2026,16:30:24,25.9,36.6
08/05/2026,16:35:24,26.1,37.0
08/05/2026,16:40:24,26.4,36.5
08/05/2026,16:45:24,26.3,36.6
08/05/2026,16:50:24,26.2,37.2
08/05/2026,16:55:24,26.1,37.3
08/05/2026,17:00:24,26.0,37.1
08/05/2026,17:05:24,25.9,36.3
08/05/2026,17:10:24,25.2,37.0
08/05/2026,17:15:24,25.0,37.3
08/05/2026,17:20:24,24.8,37.7
08/05/2026,17:25:24,24.9,37.4
08/05/2026,17:30:24,24.9,36.9
08/05/2026,17:35:24,24.6,36.7
08/05/2026,17:40:24,24.6,36.9
08/05/2026,17:45:24,24.5,36.5
08/05/2026,17:50:24,24.5,36.4
08/05/2026,17:55:24,24.5,36.6
08/05/2026,18:00:24,24.3,36.8
08/05/2026,18:05:24,24.1,37.5
08/05/2026,18:10:24,24.1,37.5
08/05/2026,18:15:24,24.1,37.5
08/05/2026,18:20:24,24.0,37.4
08/05/2026,18:25:24,24.0,37.6
08/05/2026,18:30:24,23.9,37.2
08/05/2026,18:35:24,23.8,37.1
08/05/2026,18:40:24,23.7,37.3
08/05/2026,18:45:24,23.8,37.4
08/05/2026,18:50:24,23.8,37.0
08/05/2026,18:55:24,23.6,37.0
08/05/2026,19:00:24,23.6,37.1
08/05/2026,19:05:24,23.5,37.2
08/05/2026,19:10:24,23.5,37.5
08/05/2026,19:15:24,23.7,37.1
08/05/2026,19:20:24,23.7,37.1
08/05/2026,19:25:24,23.6,37.0
08/05/2026,19:30:24,23.5,37.0
08/05/2026,19:35:24,23.4,37.4
08/05/2026,19:40:24,23.2,37.2
08/05/2026,19:45:24,23.0,37.3
08/05/2026,19:50:24,22.8,37.5
08/05/2026,19:55:24,22.6,37.9
08/05/2026,20:00:24,22.5,37.9
08/05/2026,20:05:24,22.3,38.3
08/05/2026,20:10:24,22.3,38.6
08/05/2026,20:15:24,22.2,38.8
08/05/2026,20:20:24,22.1,38.9
08/05/2026,20:25:24,21.8,38.9
08/05/2026,20:30:24,21.7,39.1
08/05/2026,20:35:24,21.6,39.3
08/05/2026,20:40:24,21.4,39.4
08/05/2026,20:45:24,21.3,39.7
08/05/2026,20:50:24,21.1,39.6
08/05/2026,20:55:24,21.0,39.6
08/05/2026,21:00:24,20.9,39.7
08/05/2026,21:05:24,20.8,40.0
08/05/2026,21:10:24,20.7,40.1
08/05/2026,21:15:24,20.6,40.3
08/05/2026,21:20:24,20.4,40.6
08/05/2026,21:25:24,20.3,40.7
08/05/2026,21:30:24,20.2,41.0
08/05/2026,21:35:24,20.1,41.2
08/05/2026,21:40:24,20.0,41.4
08/05/2026,21:45:24,19.9,41.7
08/05/2026,21:50:24,19.8,41.8
08/05/2026,21:55:24,19.7,42.0
08/05/2026,22:00:24,19.6,42.3
08/05/2026,22:05:24,19.5,42.5
08/05/2026,22:10:24,19.4,42.7
08/05/2026,22:15:24,19.3,43.0
08/05/2026,22:20:24,19.2,43.2
08/05/2026,22:25:24,19.1,43.4
08/05/2026,22:30:24,19.0,43.6
08/05/2026,22:35:24,19.0,43.8
08/05/2026,22:40:24,18.9,43.9
08/05/2026,22:45:24,18.8,44.1
08/05/2026,22:50:24,18.7,44.3
08/05/2026,22:55:24,18.6,44.4
08/05/2026,23:00:24,18.5,44.6
08/05/2026,23:05:24,18.5,44.9
08/05/2026,23:10:24,18.4,44.9
08/05/2026,23:15:24,18.3,45.1
08/05/2026,23:20:24,18.2,45.1
08/05/2026,23:25:24,18.2,45.4
08/05/2026,23:30:24,18.1,45.7
08/05/2026,23:35:24,18.0,45.6
08/05/2026,23:40:24,18.0,46.1
08/05/2026,23:45:24,17.9,46.3
08/05/2026,23:50:24,17.7,46.5
08/05/2026,23:55:24,17.7,46.7
08/06/2026,00:00:24,17.5,47.1
08/06/2026,00:05:24,17.4,47.5
08/06/2026,00:10:24,17.3,47.8
08/06/2026,00:15:24,17.1,48.2
08/06/2026,00:20:24,17.0,48.4
08/06/2026,00:25:24,16.9,48.6
08/06/2026,00:30:24,16.8,49.0
08/06/2026,00:35:24,16.7,49.3
08/06/2026,00:40:24,16.6,49.4
08/06/2026,00:45:24,16.6,49.8
08/06/2026,00:50:24,16.5,49.8
08/06/2026,00:55:24,16.4,50.2
08/06/2026,01:00:24,16.3,50.3
08/06/2026,01:05:24,16.2,50.5
08/06/2026,01:10:24,16.2,50.8
08/06/2026,01:15:24,16.1,51.1
08/06/2026,01:20:24,16.0,51.0
08/06/2026,01:25:24,16.0,51.3
08/06/2026,01:30:24,15.9,51.6
08/06/2026,01:35:24,15.8,51.9
08/06/2026,01:40:24,15.8,52.3
08/06/2026,01:45:24,15.7,52.6
08/06/2026,01:50:24,15.6,53.0
08/06/2026,01:55:24,15.5,53.5
08/06/2026,02:00:24,15.4,54.1
08/06/2026,02:05:24,15.3,54.6
08/06/2026,02:10:24,15.3,55.0
08/06/2026,02:15:24,15.2,55.5
08/06/2026,02:20:24,15.2,55.6
08/06/2026,02:25:24,15.1,55.9
08/06/2026,02:30:24,15.1,56.1
08/06/2026,02:35:24,15.0,56.1
08/06/2026,02:40:24,15.0,56.3
08/06/2026,02:45:24,15.0,55.9
08/06/2026,02:50:24,14.9,55.8
08/06/2026,02:55:24,14.9,55.2
08/06/2026,03:00:24,14.9,56.5
08/06/2026,03:05:24,14.8,55.9
08/06/2026,03:10:24,14.8,56.1
08/06/2026,03:15:24,14.7,55.2
08/06/2026,03:20:24,14.7,56.0
08/06/2026,03:25:24,14.7,54.9
08/06/2026,03:30:24,14.6,55.5
08/06/2026,03:35:24,14.6,55.7
08/06/2026,03:40:24,14.6,55.3
08/06/2026,03:45:24,14.5,56.3
08/06/2026,03:50:24,14.5,56.3
08/06/2026,03:55:24,14.4,55.0
08/06/2026,04:00:24,14.4,55.0
08/06/2026,04:05:24,14.3,57.1
08/06/2026,04:10:24,14.3,58.2
08/06/2026,04:15:24,14.3,59.0
08/06/2026,04:20:24,14.3,59.0
08/06/2026,04:25:24,14.2,58.2
08/06/2026,04:30:24,14.2,58.3
08/06/2026,04:35:24,14.2,58.9
08/06/2026,04:40:24,14.1,59.3
08/06/2026,04:45:24,14.1,59.4
08/06/2026,04:50:24,14.1,59.2
08/06/2026,04:55:24,14.0,59.9
08/06/2026,05:00:24,14.0,59.3
08/06/2026,05:05:24,14.0,59.8
08/06/2026,05:10:24,13.9,59.2
08/06/2026,05:15:24,13.8,61.3
08/06/2026,05:20:24,13.8,60.8
08/06/2026,05:25:24,13.7,60.6
08/06/2026,05:30:24,13.7,61.7
08/06/2026,05:35:24,13.6,61.9
08/06/2026,05:40:24,13.6,61.8
08/06/2026,05:45:24,13.6,61.4
08/06/2026,05:50:24,13.5,61.8
08/06/2026,05:55:24,13.5,61.5
08/06/2026,06:00:24,13.4,61.4
08/06/2026,06:05:24,13.4,63.7
08/06/2026,06:10:24,13.4,63.1
08/06/2026,06:15:24,13.4,63.7
08/06/2026,06:20:24,13.4,63.0
08/06/2026,06:25:24,13.4,62.5
08/06/2026,06:30:24,13.4,63.8
08/06/2026,06:35:24,13.4,65.0
08/06/2026,06:40:24,13.4,64.6
08/06/2026,06:45:24,13.4,64.4
08/06/2026,06:50:24,13.5,64.3
08/06/2026,06:55:24,13.5,65.0
08/06/2026,07:00:24,13.6,64.4
08/06/2026,07:05:24,13.7,64.4
08/06/2026,07:10:24,13.8,64.2
08/06/2026,07:15:24,13.9,65.7
08/06/2026,07:20:24,13.9,65.2
08/06/2026,07:25:24,14.0,65.0
08/06/2026,07:30:24,14.2,65.0
08/06/2026,07:35:24,14.3,65.4
08/06/2026,07:40:24,14.5,65.2
08/06/2026,07:45:24,14.6,65.0
08/06/2026,07:50:24,14.8,64.7
08/06/2026,07:55:24,15.0,64.5
08/06/2026,08:00:24,15.2,64.2
08/06/2026,08:05:24,15.3,64.1
08/06/2026,08:10:24,15.4,63.9
08/06/2026,08:15:24,15.5,63.7
08/06/2026,08:20:24,15.6,63.2
08/06/2026,08:25:24,15.7,62.6
08/06/2026,08:30:24,15.8,62.6
08/06/2026,08:35:24,16.0,61.6
08/06/2026,08:40:24,16.1,61.2
08/06/2026,08:45:24,16.2,60.9
08/06/2026,08:50:24,16.3,60.2
08/06/2026,08:55:24,16.4,59.9
08/06/2026,09:00:24,16.5,59.3
08/06/2026,09:05:24,16.7,58.9
08/06/2026,09:10:24,16.8,58.5
08/06/2026,09:15:24,17.0,57.9
08/06/2026,09:20:24,17.2,57.6
08/06/2026,09:25:24,17.3,55.8
08/06/2026,09:30:24,17.4,55.4
08/06/2026,09:35:24,17.6,55.0
08/06/2026,09:40:24,17.7,54.9
08/06/2026,09:45:24,17.8,53.7
08/06/2026,09:50:24,17.9,53.3
08/06/2026,09:55:24,18.0,52.6
08/06/2026,10:00:24,18.0,52.6
08/06/2026,10:05:24,18.1,52.7
08/06/2026,10:10:24,18.2,52.0
08/06/2026,10:15:24,18.2,51.4
08/06/2026,10:20:24,18.3,51.6
08/06/2026,10:25:24,18.5,51.2
08/06/2026,10:30:24,18.4,50.7
08/06/2026,10:35:24,18.4,50.9
08/06/2026,10:40:24,18.6,50.6
08/06/2026,10:45:24,18.7,49.9
08/06/2026,10:50:24,18.8,49.8
08/06/2026,10:55:24,18.8,49.6
08/06/2026,11:00:24,19.0,49.7
08/06/2026,11:05:24,19.0,49.4
08/06/2026,11:10:24,19.1,48.4
08/06/2026,11:15:24,19.1,48.2
08/06/2026,11:20:24,19.1,48.3
08/06/2026,11:25:24,19.6,48.0
08/06/2026,11:30:24,19.9,47.0
08/06/2026,11:35:24,20.1,46.7
08/06/2026,11:40:24,20.3,46.8
08/06/2026,11:45:24,20.2,45.2
08/06/2026,11:50:24,20.2,45.0
08/06/2026,11:55:24,20.4,44.6
08/06/2026,12:00:24,20.5,44.7
08/06/2026,12:05:24,20.2,45.2
08/06/2026,12:10:24,19.9,44.4
08/06/2026,12:15:24,19.8,44.8
08/06/2026,12:20:24,20.2,44.1
08/06/2026,12:25:24,20.3,43.7
08/06/2026,12:30:24,20.4,43.5
08/06/2026,12:35:24,20.5,43.1
08/06/2026,12:40:24,20.5,43.4
08/06/2026,12:45:24,21.0,42.9
08/06/2026,12:50:24,21.2,42.4
08/06/2026,12:55:24,20.9,42.7
08/06/2026,13:00:24,20.8,42.6
08/06/2026,13:05:24,20.8,43.0
08/06/2026,13:10:24,21.0,42.0
08/06/2026,13:15:24,21.1,42.0
08/06/2026,13:20:24,21.0,42.5
08/06/2026,13:25:24,20.9,42.8
08/06/2026,13:30:24,21.0,43.1
08/06/2026,13:35:24,21.3,42.6
08/06/2026,13:40:24,21.5,41.8
08/06/2026,13:45:24,21.4,41.9
08/06/2026,13:50:24,21.2,41.7
08/06/2026,13:55:24,21.3,42.1
08/06/2026,14:00:24,21.3,42.2
08/06/2026,14:05:24,21.3,42.2
08/06/2026,14:10:24,21.3,42.4
08/06/2026,14:15:24,21.0,42.6
08/06/2026,14:20:24,20.8,43.1
08/06/2026,14:25:24,20.6,43.2
08/06/2026,14:30:24,20.5,43.6
08/06/2026,14:35:24,20.6,43.9
08/06/2026,14:40:24,20.8,43.9
08/06/2026,14:45:24,21.0,43.5
08/06/2026,14:50:24,20.9,43.4
08/06/2026,14:55:24,20.9,43.6
08/06/2026,15:00:24,21.0,43.5
08/06/2026,15:05:24,21.0,43.1
08/06/2026,15:10:24,21.0,43.1
08/06/2026,15:15:24,21.1,43.1
08/06/2026,15:20:24,21.0,43.0
08/06/2026,15:25:24,21.2,42.8
08/06/2026,15:30:24,21.6,42.3
08/06/2026,15:35:24,21.9,41.6
08/06/2026,15:40:24,21.9,41.4
08/06/2026,15:45:24,21.7,41.2
08/06/2026,15:50:24,21.6,41.3
08/06/2026,15:55:24,21.4,41.6
08/06/2026,16:00:24,21.4,41.5
08/06/2026,16:05:24,21.9,40.8
08/06/2026,16:10:24,22.1,40.4
08/06/2026,16:15:24,22.0,40.3
08/06/2026,16:20:24,21.9,40.1
08/06/2026,16:25:24,21.8,39.9
08/06/2026,16:30:24,21.7,40.3
08/06/2026,16:35:24,21.6,40.5
08/06/2026,16:40:24,21.6,40.4
08/06/2026,16:45:24,21.7,40.4
08/06/2026,16:50:24,21.9,40.0
08/06/2026,16:55:24,22.0,40.1
08/06/2026,17:00:24,22.1,40.2
08/06/2026,17:05:24,22.1,39.7
08/06/2026,17:10:24,22.0,39.9
08/06/2026,17:15:24,21.8,39.9
08/06/2026,17:20:24,21.7,40.1
08/06/2026,17:25:24,21.6,40.1
08/06/2026,17:30:24,21.6,40.2
08/06/2026,17:35:24,21.6,40.3
08/06/2026,17:40:24,21.7,39.8
08/06/2026,17:45:24,21.9,40.0
08/06/2026,17:50:24,22.0,40.1
08/06/2026,17:55:24,22.0,39.7
08/06/2026,18:00:24,22.0,39.4
08/06/2026,18:05:24,22.0,39.2
08/06/2026,18:10:24,21.9,39.5
08/06/2026,18:15:24,21.8,39.7
08/06/2026,18:20:24,21.7,39.4
08/06/2026,18:25:24,21.7,39.9
08/06/2026,18:30:24,21.6,40.5
08/06/2026,18:35:24,21.6,40.9
08/06/2026,18:40:24,21.7,41.0
08/06/2026,18:45:24,21.7,40.4
08/06/2026,18:50:24,21.5,41.0
08/06/2026,18:55:24,21.4,41.2
08/06/2026,19:00:24,21.2,41.0
08/06/2026,19:05:24,21.1,41.3
08/06/2026,19:10:24,21.1,41.3
08/06/2026,19:15:24,21.0,41.2
08/06/2026,19:20:24,21.0,41.5
08/06/2026,19:25:24,21.0,41.2
08/06/2026,19:30:24,21.0,41.3
08/06/2026,19:35:24,20.9,41.4
08/06/2026,19:40:24,20.9,41.7
08/06/2026,19:45:24,20.9,41.8
08/06/2026,19:50:24,20.7,42.2
08/06/2026,19:55:24,20.7,42.4
08/06/2026,20:00:24,20.6,42.7
08/06/2026,20:05:24,20.4,42.5
08/06/2026,20:10:24,20.3,42.7
08/06/2026,20:15:24,20.3,42.8
08/06/2026,20:20:24,20.2,42.7
08/06/2026,20:25:24,20.1,42.8
08/06/2026,20:30:24,20.0,43.1
08/06/2026,20:35:24,19.9,43.3
08/06/2026,20:40:24,19.8,43.4
08/06/2026,20:45:24,19.8,43.6
08/06/2026,20:50:24,19.7,43.8
08/06/2026,20:55:24,19.7,43.9
08/06/2026,21:00:24,19.6,44.1
08/06/2026,21:05:24,19.5,44.1
08/06/2026,21:10:24,19.5,44.2
08/06/2026,21:15:24,19.4,44.4
08/06/2026,21:20:24,19.4,44.5
08/06/2026,21:25:24,19.4,45.1
08/06/2026,21:30:24,19.3,45.3
08/06/2026,21:35:24,19.3,45.9
08/06/2026,21:40:24,19.2,46.4
08/06/2026,21:45:24,19.2,47.1
08/06/2026,21:50:24,19.1,47.6
08/06/2026,21:55:24,19.0,48.0
08/06/2026,22:00:24,18.9,48.9
08/06/2026,22:05:24,18.9,49.5
08/06/2026,22:10:24,18.8,49.9
08/06/2026,22:15:24,18.8,50.3
08/06/2026,22:20:24,18.7,50.6
08/06/2026,22:25:24,18.6,51.2
08/06/2026,22:30:24,18.4,51.7
08/06/2026,22:35:24,18.3,51.9
08/06/2026,22:40:24,18.3,52.3
08/06/2026,22:45:24,18.2,52.4
08/06/2026,22:50:24,18.1,52.7
08/06/2026,22:55:24,18.0,53.1
08/06/2026,23:00:24,17.9,53.7
08/06/2026,23:05:24,17.8,53.8
08/06/2026,23:10:24,17.7,54.2
08/06/2026,23:15:24,17.6,54.3
08/06/2026,23:20:24,17.6,54.5
08/06/2026,23:25:24,17.5,54.7
08/06/2026,23:30:24,17.5,54.8
08/06/2026,23:35:24,17.4,55.1
08/06/2026,23:40:24,17.3,55.0
08/06/2026,23:45:24,17.2,55.5
08/06/2026,23:50:24,17.1,55.8
08/06/2026,23:55:24,17.0,56.0
08/07/2026,00:00:24,16.9,55.8
08/07/2026,00:05:24,16.8,56.1
08/07/2026,00:10:24,16.7,56.7
08/07/2026,00:15:24,16.6,56.8
08/07/2026,00:20:24,16.5,57.1
08/07/2026,00:25:24,16.5,57.3
08/07/2026,00:30:24,16.4,57.8
08/07/2026,00:35:24,16.4,58.1
08/07/2026,00:40:24,16.3,58.2
08/07/2026,00:45:24,16.3,58.5
08/07/2026,00:50:24,16.3,58.8
08/07/2026,00:55:24,16.2,58.9
08/07/2026,01:00:24,16.2,58.7
08/07/2026,01:05:24,16.2,58.6
08/07/2026,01:10:24,16.2,58.8
08/07/2026,01:15:24,16.2,58.9
08/07/2026,01:20:24,16.2,58.9
08/07/2026,01:25:24,16.2,59.3
08/07/2026,01:30:24,16.2,59.6
08/07/2026,01:35:24,16.2,59.7
08/07/2026,01:40:24,16.1,59.5
08/07/2026,01:45:24,16.0,59.4
08/07/2026,01:50:24,15.9,59.8
08/07/2026,01:55:24,15.8,59.8
08/07/2026,02:00:24,15.8,60.5
08/07/2026,02:05:24,15.7,60.6
08/07/2026,02:10:24,15.6,60.9
08/07/2026,02:15:24,15.6,60.9
08/07/2026,02:20:24,15.6,61.2
08/07/2026,02:25:24,15.5,61.6
08/07/2026,02:30:24,15.5,61.8
08/07/2026,02:35:24,15.5,62.1
08/07/2026,02:40:24,15.4,62.2
08/07/2026,02:45:24,15.3,61.9
08/07/2026,02:50:24,15.3,62.3
08/07/2026,02:55:24,15.2,62.4
08/07/2026,03:00:24,15.1,62.4
08/07/2026,03:05:24,15.0,62.6
08/07/2026,03:10:24,14.9,62.6
08/07/2026,03:15:24,14.8,62.5
08/07/2026,03:20:24,14.7,62.7
08/07/2026,03:25:24,14.7,62.7
08/07/2026,03:30:24,14.6,61.9
08/07/2026,03:35:24,14.6,61.8
08/07/2026,03:40:24,14.5,62.9
08/07/2026,03:45:24,14.4,63.1
08/07/2026,03:50:24,14.4,63.0
08/07/2026,03:55:24,14.3,63.3
08/07/2026,04:00:24,14.2,62.9
08/07/2026,04:05:24,14.2,62.9
08/07/2026,04:10:24,14.1,63.2
08/07/2026,04:15:24,14.0,63.2
08/07/2026,04:20:24,14.0,63.3
08/07/2026,04:25:24,13.9,63.0
08/07/2026,04:30:24,13.8,61.6
08/07/2026,04:35:24,13.8,61.4
08/07/2026,04:40:24,13.7,63.3
08/07/2026,04:45:24,13.6,64.0
08/07/2026,04:50:24,13.5,64.2
08/07/2026,04:55:24,13.4,64.6
08/07/2026,05:00:24,13.3,64.8
08/07/2026,05:05:24,13.2,65.0
08/07/2026,05:10:24,13.1,65.4
08/07/2026,05:15:24,13.0,65.4
08/07/2026,05:20:24,13.0,65.2
08/07/2026,05:25:24,12.9,61.4
08/07/2026,05:30:24,12.9,58.9
08/07/2026,05:35:24,12.8,59.7
08/07/2026,05:40:24,12.8,63.7
08/07/2026,05:45:24,12.7,64.6
08/07/2026,05:50:24,12.6,64.0
08/07/2026,05:55:24,12.6,64.9
08/07/2026,06:00:24,12.6,65.7
08/07/2026,06:05:24,12.5,66.1
08/07/2026,06:10:24,12.5,65.2
08/07/2026,06:15:24,12.4,62.0
08/07/2026,06:20:24,12.4,59.6
08/07/2026,06:25:24,12.4,56.3
08/07/2026,06:30:24,12.3,53.9
08/07/2026,06:35:24,12.2,53.9
08/07/2026,06:40:24,12.1,53.6
08/07/2026,06:45:24,12.0,53.2
08/07/2026,06:50:24,11.9,53.2
08/07/2026,06:55:24,11.9,53.3
08/07/2026,07:00:24,11.8,54.0
08/07/2026,07:05:24,11.8,53.9
08/07/2026,07:10:24,11.9,58.1
08/07/2026,07:15:24,12.0,55.3
08/07/2026,07:20:24,12.1,58.2
08/07/2026,07:25:24,12.1,55.6
08/07/2026,07:30:24,12.2,56.8
08/07/2026,07:35:24,12.3,58.0
08/07/2026,07:40:24,12.4,60.1
08/07/2026,07:45:24,12.5,59.3
08/07/2026,07:50:24,12.5,56.4
08/07/2026,07:55:24,12.5,57.4
08/07/2026,08:00:24,12.5,57.6
08/07/2026,08:05:24,12.6,58.0
08/07/2026,08:10:24,12.7,58.5
08/07/2026,08:15:24,12.8,58.8
08/07/2026,08:20:24,13.0,58.7
08/07/2026,08:25:24,13.2,58.9
08/07/2026,08:30:24,13.3,59.2
08/07/2026,08:35:24,13.5,60.0
08/07/2026,08:40:24,13.8,59.6
08/07/2026,08:45:24,14.0,59.6
08/07/2026,08:50:24,14.2,59.6
08/07/2026,08:55:24,14.4,59.6
08/07/2026,09:00:24,14.6,59.7
08/07/2026,09:05:24,14.8,60.0
08/07/2026,09:10:24,15.0,59.9
08/07/2026,09:15:24,15.3,59.7
08/07/2026,09:20:24,15.6,59.1
08/07/2026,09:25:24,15.8,58.6
08/07/2026,09:30:24,16.2,57.0
08/07/2026,09:35:24,16.5,58.1
08/07/2026,09:40:24,16.8,57.7
08/07/2026,09:45:24,17.1,55.5
08/07/2026,09:50:24,17.3,56.4
08/07/2026,09:55:24,17.6,55.3
08/07/2026,10:00:24,18.0,54.0
08/07/2026,10:05:24,18.4,53.3
08/07/2026,10:10:24,18.6,52.8
08/07/2026,10:15:24,19.0,52.0
08/07/2026,10:20:24,19.3,52.0
08/07/2026,10:25:24,19.6,50.1
08/07/2026,10:30:24,19.8,48.8
08/07/2026,10:35:24,20.0,48.8
08/07/2026,10:40:24,20.0,48.0
08/07/2026,10:45:24,20.1,47.6
08/07/2026,10:50:24,20.2,47.1
08/07/2026,10:55:24,20.2,47.4
08/07/2026,11:00:24,20.5,47.4
08/07/2026,11:05:24,20.7,47.1
08/07/2026,11:10:24,21.1,46.6
08/07/2026,11:15:24,21.3,45.8
08/07/2026,11:20:24,21.4,45.1
08/07/2026,11:25:24,21.5,45.3
08/07/2026,11:30:24,21.8,44.5
08/07/2026,11:35:24,22.1,44.4
08/07/2026,11:40:24,22.3,44.2
08/07/2026,11:45:24,22.7,43.3
08/07/2026,11:50:24,22.9,43.3
08/07/2026,11:55:24,23.2,42.2
08/07/2026,12:00:24,23.3,42.0
08/07/2026,12:05:24,23.5,41.7
08/07/2026,12:10:24,23.6,41.0
08/07/2026,12:15:24,23.5,41.1
08/07/2026,12:20:24,23.5,41.0
08/07/2026,12:25:24,23.7,40.5
08/07/2026,12:30:24,23.8,40.5
08/07/2026,12:35:24,24.0,40.0
08/07/2026,12:40:24,24.1,40.1
08/07/2026,12:45:24,24.2,39.2
08/07/2026,12:50:24,24.1,39.4
08/07/2026,12:55:24,24.1,38.9
08/07/2026,13:00:24,24.2,38.8
08/07/2026,13:05:24,24.5,38.8
08/07/2026,13:10:24,24.9,39.0
08/07/2026,13:15:24,25.2,37.9
08/07/2026,13:20:24,25.1,38.1
08/07/2026,13:25:24,25.1,37.6
08/07/2026,13:30:24,25.3,37.9
08/07/2026,13:35:24,25.4,37.4
08/07/2026,13:40:24,25.1,37.7
08/07/2026,13:45:24,25.1,37.4
08/07/2026,13:50:24,25.4,37.6
08/07/2026,13:55:24,25.5,37.4
08/07/2026,14:00:24,25.8,36.7
08/07/2026,14:05:24,25.8,36.3
08/07/2026,14:10:24,25.9,36.3
08/07/2026,14:15:24,25.9,35.9
08/07/2026,14:20:24,26.1,35.8
08/07/2026,14:25:24,26.4,35.3
08/07/2026,14:30:24,26.7,35.5
08/07/2026,14:35:24,26.8,34.6
08/07/2026,14:40:24,26.8,34.3
08/07/2026,14:45:24,27.0,34.4
08/07/2026,14:50:24,27.1,33.9
08/07/2026,14:55:24,26.9,33.9
08/07/2026,15:00:24,26.9,33.8
08/07/2026,15:05:24,27.1,33.7
08/07/2026,15:10:24,27.3,33.3
08/07/2026,15:15:24,27.4,33.2
08/07/2026,15:20:24,27.6,32.9
08/07/2026,15:25:24,27.8,32.9
08/07/2026,15:30:24,27.9,32.5
08/07/2026,15:35:24,28.0,32.7
08/07/2026,15:40:24,27.9,32.7
08/07/2026,15:45:24,28.1,32.3
08/07/2026,15:50:24,28.5,32.3
08/07/2026,15:55:24,28.8,31.7
08/07/2026,16:00:24,28.8,31.1
08/07/2026,16:05:24,28.9,31.1
08/07/2026,16:10:24,28.6,30.5
08/07/2026,16:15:24,28.4,31.1
08/07/2026,16:20:24,28.5,31.1
08/07/2026,16:25:24,28.6,30.8
08/07/2026,16:30:24,28.4,30.7
08/07/2026,16:35:24,28.0,31.1
08/07/2026,16:40:24,27.8,31.2
08/07/2026,16:45:24,28.0,31.8
08/07/2026,16:50:24,28.2,31.2
08/07/2026,16:55:24,27.8,30.9
08/07/2026,17:00:24,27.3,31.2
08/07/2026,17:05:24,27.1,31.4
08/07/2026,17:10:24,26.7,31.6
08/07/2026,17:15:24,26.6,32.2
08/07/2026,17:20:24,26.4,32.2
08/07/2026,17:25:24,26.1,32.8
08/07/2026,17:30:24,26.0,32.6
08/07/2026,17:35:24,25.8,32.8
08/07/2026,17:40:24,25.5,33.1
08/07/2026,17:45:24,25.5,33.2
08/07/2026,17:50:24,25.4,33.2
08/07/2026,17:55:24,25.3,33.2
08/07/2026,18:00:24,25.2,33.3
08/07/2026,18:05:24,25.2,33.3
08/07/2026,18:10:24,25.1,33.7
08/07/2026,18:15:24,25.1,33.5
08/07/2026,18:20:24,25.0,33.7
08/07/2026,18:25:24,25.0,33.6
08/07/2026,18:30:24,24.9,33.7
08/07/2026,18:35:24,24.9,33.9
08/07/2026,18:40:24,24.9,33.8
08/07/2026,18:45:24,24.8,33.9
08/07/2026,18:50:24,24.8,34.1
08/07/2026,18:55:24,24.8,33.9
08/07/2026,19:00:24,24.7,33.9
08/07/2026,19:05:24,24.7,33.8
08/07/2026,19:10:24,24.8,34.2
08/07/2026,19:15:24,24.9,33.8
08/07/2026,19:20:24,24.9,33.6
08/07/2026,19:25:24,24.9,33.7
08/07/2026,19:30:24,24.9,33.4
08/07/2026,19:35:24,24.8,33.6
08/07/2026,19:40:24,24.7,33.6
08/07/2026,19:45:24,24.6,33.6
08/07/2026,19:50:24,24.5,33.8
08/07/2026,19:55:24,24.3,33.8
08/07/2026,20:00:24,24.2,34.0
08/07/2026,20:05:24,24.2,34.6
08/07/2026,20:10:24,24.0,34.3
08/07/2026,20:15:24,23.9,34.3
08/07/2026,20:20:24,23.7,34.3
08/07/2026,20:25:24,23.5,34.6
08/07/2026,20:30:24,23.4,35.2
08/07/2026,20:35:24,23.3,36.0
08/07/2026,20:40:24,23.0,36.1
08/07/2026,20:45:24,22.9,36.6
08/07/2026,20:50:24,22.6,37.3
08/07/2026,20:55:24,22.5,37.7
08/07/2026,21:00:24,22.3,38.5
08/07/2026,21:05:24,22.1,38.9
08/07/2026,21:10:24,21.9,38.7
08/07/2026,21:15:24,21.7,39.4
08/07/2026,21:20:24,21.6,38.9
08/07/2026,21:25:24,21.4,39.2
08/07/2026,21:30:24,21.2,39.8
08/07/2026,21:35:24,21.0,40.6
08/07/2026,21:40:24,20.9,40.6
08/07/2026,21:45:24,20.8,40.7
08/07/2026,21:50:24,20.6,40.7
08/07/2026,21:55:24,20.5,41.3
08/07/2026,22:00:24,20.3,41.4
08/07/2026,22:05:24,20.2,41.5
08/07/2026,22:10:24,20.1,41.8
08/07/2026,22:15:24,20.0,42.1
08/07/2026,22:20:24,19.9,42.1
08/07/2026,22:25:24,19.7,42.3
08/07/2026,22:30:24,19.6,42.5
08/07/2026,22:35:24,19.5,43.1
08/07/2026,22:40:24,19.4,43.9
08/07/2026,22:45:24,19.3,44.4
08/07/2026,22:50:24,19.2,44.5
08/07/2026,22:55:24,19.1,44.8
08/07/2026,23:00:24,19.0,45.2
08/07/2026,23:05:24,18.9,45.5
08/07/2026,23:10:24,18.8,46.1
08/07/2026,23:15:24,18.7,46.6
08/07/2026,23:20:24,18.6,46.8
08/07/2026,23:25:24,18.6,47.2
08/07/2026,23:30:24,18.5,47.5
08/07/2026,23:35:24,18.5,48.0
08/07/2026,23:40:24,18.4,48.4
08/07/2026,23:45:24,18.3,48.8
08/07/2026,23:50:24,18.2,48.0
08/07/2026,23:55:24,18.1,48.2
08/08/2026,00:00:24,18.1,48.0
08/08/2026,00:05:24,18.0,47.9
08/08/2026,00:10:24,18.0,47.1
08/08/2026,00:15:24,18.0,50.5
08/08/2026,00:20:24,17.9,52.5
08/08/2026,00:25:24,17.8,52.5
08/08/2026,00:30:24,17.8,54.0
08/08/2026,00:35:24,17.7,47.8
08/08/2026,00:40:24,17.6,51.1
08/08/2026,00:45:24,17.6,52.8
08/08/2026,00:50:24,17.5,49.8
08/08/2026,00:55:24,17.4,48.7
08/08/2026,01:00:24,17.3,53.6
08/08/2026,01:05:24,17.3,55.0
08/08/2026,01:10:24,17.2,54.1
08/08/2026,01:15:24,17.1,46.8
08/08/2026,01:20:24,17.0,51.2
08/08/2026,01:25:24,17.0,53.1
08/08/2026,01:30:24,16.9,48.0
08/08/2026,01:35:24,16.8,45.2
08/08/2026,01:40:24,16.7,51.3
08/08/2026,01:45:24,16.6,46.1
08/08/2026,01:50:24,16.5,48.0
08/08/2026,01:55:24,16.5,51.3
08/08/2026,02:00:24,16.5,49.6
08/08/2026,02:05:24,16.4,50.2
08/08/2026,02:10:24,16.3,53.1
08/08/2026,02:15:24,16.2,53.3
08/08/2026,02:20:24,16.1,52.9
08/08/2026,02:25:24,16.0,48.4
08/08/2026,02:30:24,15.9,45.9
08/08/2026,02:35:24,15.8,47.7
08/08/2026,02:40:24,15.7,45.0
08/08/2026,02:45:24,15.6,46.4
08/08/2026,02:50:24,15.5,49.5
08/08/2026,02:55:24,15.4,45.3
08/08/2026,03:00:24,15.3,47.8
08/08/2026,03:05:24,15.3,48.9
08/08/2026,03:10:24,15.2,45.1
08/08/2026,03:15:24,15.1,44.9
08/08/2026,03:20:24,15.0,46.3
08/08/2026,03:25:24,15.0,44.7
08/08/2026,03:30:24,14.9,44.7
08/08/2026,03:35:24,14.8,47.8
08/08/2026,03:40:24,14.8,45.2
08/08/2026,03:45:24,14.7,46.2
08/08/2026,03:50:24,14.6,44.7
08/08/2026,03:55:24,14.5,45.7
08/08/2026,04:00:24,14.4,50.0
08/08/2026,04:05:24,14.4,45.6
08/08/2026,04:10:24,14.3,54.2
08/08/2026,04:15:24,14.3,54.0
08/08/2026,04:20:24,14.3,47.0
08/08/2026,04:25:24,14.3,51.0
08/08/2026,04:30:24,14.2,50.0
08/08/2026,04:35:24,14.2,52.9
08/08/2026,04:40:24,14.2,49.6
08/08/2026,04:45:24,14.2,50.4
08/08/2026,04:50:24,14.2,52.7
08/08/2026,04:55:24,14.1,51.1
08/08/2026,05:00:24,14.1,52.9
08/08/2026,05:05:24,14.0,52.1
08/08/2026,05:10:24,14.0,55.0
08/08/2026,05:15:24,14.0,51.5
08/08/2026,05:20:24,14.0,54.6
08/08/2026,05:25:24,13.9,50.5
08/08/2026,05:30:24,13.8,48.6
08/08/2026,05:35:24,13.7,51.1
08/08/2026,05:40:24,13.7,48.8
08/08/2026,05:45:24,13.6,49.2
08/08/2026,05:50:24,13.6,51.4
08/08/2026,05:55:24,13.6,52.2
08/08/2026,06:00:24,13.6,50.0
08/08/2026,06:05:24,13.5,51.0
08/08/2026,06:10:24,13.5,50.3
08/08/2026,06:15:24,13.5,52.5
08/08/2026,06:20:24,13.6,53.7
08/08/2026,06:25:24,13.6,50.8
08/08/2026,06:30:24,13.6,50.4
08/08/2026,06:35:24,13.6,51.1
08/08/2026,06:40:24,13.6,50.6
08/08/2026,06:45:24,13.6,54.7
08/08/2026,06:50:24,13.6,54.3
08/08/2026,06:55:24,13.7,57.2
08/08/2026,07:00:24,13.9,57.4
08/08/2026,07:05:24,14.0,57.1
08/08/2026,07:10:24,14.2,56.6
08/08/2026,07:15:24,14.3,58.0
08/08/2026,07:20:24,14.5,56.8
08/08/2026,07:25:24,14.6,58.8
08/08/2026,07:30:24,14.7,59.8
08/08/2026,07:35:24,14.8,57.3
08/08/2026,07:40:24,14.8,58.5
08/08/2026,07:45:24,14.9,58.9
08/08/2026,07:50:24,15.0,58.2
08/08/2026,07:55:24,15.1,58.0
08/08/2026,08:00:24,15.3,58.8
08/08/2026,08:05:24,15.5,58.0
08/08/2026,08:10:24,15.7,57.4
08/08/2026,08:15:24,15.9,56.7
08/08/2026,08:20:24,16.0,56.5
08/08/2026,08:25:24,16.2,56.9
08/08/2026,08:30:24,16.3,56.4
08/08/2026,08:35:24,16.5,55.2
08/08/2026,08:40:24,16.6,55.3
08/08/2026,08:45:24,16.8,54.9
08/08/2026,08:50:24,17.0,54.5
08/08/2026,08:55:24,17.3,53.6
08/08/2026,09:00:24,17.4,53.4
08/08/2026,09:05:24,17.7,52.7
08/08/2026,09:10:24,17.9,52.8
08/08/2026,09:15:24,18.2,51.6
08/08/2026,09:20:24,18.6,50.7
08/08/2026,09:25:24,19.0,49.9
08/08/2026,09:30:24,19.3,48.5
08/08/2026,09:35:24,19.7,48.0
08/08/2026,09:40:24,20.0,47.4
08/08/2026,09:45:24,20.3,47.1
08/08/2026,09:50:24,20.6,47.5
08/08/2026,09:55:24,20.9,46.4
08/08/2026,10:00:24,21.3,46.4
08/08/2026,10:05:24,21.6,46.5
08/08/2026,10:10:24,21.9,45.6
08/08/2026,10:15:24,22.2,45.4
08/08/2026,10:20:24,22.5,44.5
08/08/2026,10:25:24,22.8,44.3
08/08/2026,10:30:24,23.0,43.7
08/08/2026,10:35:24,23.2,43.3
08/08/2026,10:40:24,23.4,43.2
08/08/2026,10:45:24,23.7,42.7
08/08/2026,10:50:24,23.9,41.7
08/08/2026,10:55:24,24.1,41.3
08/08/2026,11:00:24,24.3,41.3
08/08/2026,11:05:24,24.4,40.6
08/08/2026,11:10:24,24.7,40.1
08/08/2026,11:15:24,24.8,39.0
08/08/2026,11:20:24,25.0,39.0
08/08/2026,11:25:24,25.2,38.2
08/08/2026,11:30:24,25.3,37.6
08/08/2026,11:35:24,25.5,37.8
08/08/2026,11:40:24,25.7,37.7
08/08/2026,11:45:24,25.8,37.7
08/08/2026,11:50:24,25.9,37.9
08/08/2026,11:55:24,26.2,37.5
08/08/2026,12:00:24,26.4,37.3
08/08/2026,12:05:24,26.6,36.6
08/08/2026,12:10:24,26.7,36.4
08/08/2026,12:15:24,26.9,36.3
08/08/2026,12:20:24,27.1,35.7
08/08/2026,12:25:24,27.2,35.3
08/08/2026,12:30:24,27.4,35.0
08/08/2026,12:35:24,27.4,34.9
08/08/2026,12:40:24,27.7,34.6
08/08/2026,12:45:24,27.7,33.3
08/08/2026,12:50:24,27.6,33.2
08/08/2026,12:55:24,27.7,33.7
08/08/2026,13:00:24,27.9,33.6
08/08/2026,13:05:24,28.1,33.2
08/08/2026,13:10:24,28.2,31.8
08/08/2026,13:15:24,28.3,31.4
08/08/2026,13:20:24,28.5,30.0
08/08/2026,13:25:24,28.7,30.5
08/08/2026,13:30:24,28.9,29.9
08/08/2026,13:35:24,28.8,30.2
08/08/2026,13:40:24,28.8,30.4
08/08/2026,13:45:24,28.9,30.4
08/08/2026,13:50:24,29.0,29.7
08/08/2026,13:55:24,29.1,29.8
08/08/2026,14:00:24,29.0,28.9
08/08/2026,14:05:24,29.3,29.0
08/08/2026,14:10:24,29.6,28.5
08/08/2026,14:15:24,29.8,28.5
08/08/2026,14:20:24,30.0,27.9
08/08/2026,14:25:24,30.1,28.1
08/08/2026,14:30:24,30.2,28.0
08/08/2026,14:35:24,30.4,28.1
08/08/2026,14:40:24,30.6,28.0
08/08/2026,14:45:24,30.7,27.6
08/08/2026,14:50:24,30.7,27.5
08/08/2026,14:55:24,30.7,27.5
08/08/2026,15:00:24,30.7,27.8
08/08/2026,15:05:24,30.9,27.9
08/08/2026,15:10:24,31.2,27.0
08/08/2026,15:15:24,31.4,26.3
08/08/2026,15:20:24,31.5,25.9
08/08/2026,15:25:24,31.5,26.0
08/08/2026,15:30:24,31.4,26.4
08/08/2026,15:35:24,31.8,26.1
08/08/2026,15:40:24,32.1,25.5
08/08/2026,15:45:24,32.0,25.5
08/08/2026,15:50:24,31.8,25.5
08/08/2026,15:55:24,31.9,25.5
08/08/2026,16:00:24,31.9,25.6
08/08/2026,16:05:24,31.7,25.8
08/08/2026,16:10:24,31.4,26.3
08/08/2026,16:15:24,31.5,26.2
08/08/2026,16:20:24,31.7,26.3
08/08/2026,16:25:24,31.5,26.3
08/08/2026,16:30:24,31.3,26.3
08/08/2026,16:35:24,31.0,26.6
08/08/2026,16:40:24,31.1,27.0
08/08/2026,16:45:24,31.0,27.3
08/08/2026,16:50:24,30.9,27.4
08/08/2026,16:55:24,30.8,27.5
08/08/2026,17:00:24,30.5,27.7
08/08/2026,17:05:24,30.4,28.0
08/08/2026,17:10:24,30.1,28.1
08/08/2026,17:15:24,29.8,28.4
08/08/2026,17:20:24,29.7,28.5
08/08/2026,17:25:24,29.8,28.8
08/08/2026,17:30:24,29.6,28.7
08/08/2026,17:35:24,29.5,28.9
08/08/2026,17:40:24,29.3,29.1
08/08/2026,17:45:24,29.2,29.1
08/08/2026,17:50:24,29.1,29.4
08/08/2026,17:55:24,29.0,29.3
08/08/2026,18:00:24,29.0,29.5
08/08/2026,18:05:24,28.9,29.7
08/08/2026,18:10:24,28.8,30.1
08/08/2026,18:15:24,28.8,30.3
08/08/2026,18:20:24,28.9,30.4
08/08/2026,18:25:24,28.8,30.2
08/08/2026,18:30:24,28.7,30.3
08/08/2026,18:35:24,28.6,30.2
08/08/2026,18:40:24,28.5,30.5
08/08/2026,18:45:24,28.4,31.0
08/08/2026,18:50:24,28.3,31.0
08/08/2026,18:55:24,28.2,30.8
08/08/2026,19:00:24,28.0,32.3
08/08/2026,19:05:24,27.8,33.5
08/08/2026,19:10:24,27.5,34.1
08/08/2026,19:15:24,27.2,35.0
08/08/2026,19:20:24,26.9,35.3
08/08/2026,19:25:24,26.7,35.7
08/08/2026,19:30:24,26.5,36.1
08/08/2026,19:35:24,26.4,36.2
08/08/2026,19:40:24,26.2,36.5
08/08/2026,19:45:24,26.1,36.7
08/08/2026,19:50:24,25.9,37.0
08/08/2026,19:55:24,25.7,37.3
08/08/2026,20:00:24,25.6,37.7
08/08/2026,20:05:24,25.5,37.9
08/08/2026,20:10:24,25.3,38.2
08/08/2026,20:15:24,25.2,38.6
08/08/2026,20:20:24,25.1,38.9
08/08/2026,20:25:24,25.0,39.1
08/08/2026,20:30:24,24.8,39.5
08/08/2026,20:35:24,24.8,39.8
08/08/2026,20:40:24,24.6,40.4
08/08/2026,20:45:24,24.5,40.8
08/08/2026,20:50:24,24.4,41.4
08/08/2026,20:55:24,24.2,41.8
08/08/2026,21:00:24,24.1,42.2
08/08/2026,21:05:24,24.0,42.6
08/08/2026,21:10:24,23.8,42.8
08/08/2026,21:15:24,23.7,43.2
08/08/2026,21:20:24,23.5,43.6
08/08/2026,21:25:24,23.4,43.8
08/08/2026,21:30:24,23.3,44.0
08/08/2026,21:35:24,23.3,44.2
08/08/2026,21:40:24,23.2,44.5
08/08/2026,21:45:24,23.2,44.7
08/08/2026,21:50:24,23.1,45.1
08/08/2026,21:55:24,23.0,45.3
08/08/2026,22:00:24,23.0,45.7
08/08/2026,22:05:24,22.9,45.9
08/08/2026,22:10:24,22.8,46.3
08/08/2026,22:15:24,22.7,46.6
08/08/2026,22:20:24,22.7,46.8
08/08/2026,22:25:24,22.6,47.2
08/08/2026,22:30:24,22.5,47.4
08/08/2026,22:35:24,22.4,47.9
08/08/2026,22:40:24,22.2,48.3
08/08/2026,22:45:24,22.1,48.7
08/08/2026,22:50:24,22.1,48.9
08/08/2026,22:55:24,22.0,49.3
08/08/2026,23:00:24,21.9,49.7
08/08/2026,23:05:24,21.7,50.1
08/08/2026,23:10:24,21.7,50.3
08/08/2026,23:15:24,21.6,50.7
08/08/2026,23:20:24,21.5,50.8
08/08/2026,23:25:24,21.5,51.1
08/08/2026,23:30:24,21.4,51.3
08/08/2026,23:35:24,21.4,51.5
08/08/2026,23:40:24,21.4,51.5
08/08/2026,23:45:24,21.3,51.7
08/08/2026,23:50:24,21.3,51.7
08/08/2026,23:55:24,21.3,51.9
08/09/2026,00:00:24,21.2,51.9
08/09/2026,00:05:24,21.2,52.0
08/09/2026,00:10:24,21.2,52.1
08/09/2026,00:15:24,21.1,52.4
08/09/2026,00:20:24,21.0,52.4
08/09/2026,00:25:24,21.0,52.5
08/09/2026,00:30:24,20.9,52.6
08/09/2026,00:35:24,20.8,52.8
08/09/2026,00:40:24,20.8,52.9
08/09/2026,00:45:24,20.7,53.2
08/09/2026,00:50:24,20.6,53.3
08/09/2026,00:55:24,20.5,53.5
08/09/2026,01:00:24,20.5,53.3
08/09/2026,01:05:24,20.4,53.3
08/09/2026,01:10:24,20.3,53.8
08/09/2026,01:15:24,20.3,54.0
08/09/2026,01:20:24,20.2,54.0
08/09/2026,01:25:24,20.1,54.4
08/09/2026,01:30:24,20.0,54.6
08/09/2026,01:35:24,19.9,54.8
08/09/2026,01:40:24,19.9,54.8
08/09/2026,01:45:24,19.8,54.8
08/09/2026,01:50:24,19.7,54.8
08/09/2026,01:55:24,19.7,54.9
08/09/2026,02:00:24,19.6,54.9
08/09/2026,02:05:24,19.5,54.5
08/09/2026,02:10:24,19.5,54.5
08/09/2026,02:15:24,19.4,54.6
08/09/2026,02:20:24,19.4,54.5
08/09/2026,02:25:24,19.3,54.5
08/09/2026,02:30:24,19.3,54.0
08/09/2026,02:35:24,19.2,54.4
08/09/2026,02:40:24,19.2,54.1
08/09/2026,02:45:24,19.2,54.4
08/09/2026,02:50:24,19.1,54.4
08/09/2026,02:55:24,19.1,54.5
08/09/2026,03:00:24,19.0,54.5
08/09/2026,03:05:24,18.9,54.6
08/09/2026,03:10:24,18.8,54.6
08/09/2026,03:15:24,18.8,54.5
08/09/2026,03:20:24,18.7,54.2
08/09/2026,03:25:24,18.6,54.3
08/09/2026,03:30:24,18.6,53.9
08/09/2026,03:35:24,18.5,54.8
08/09/2026,03:40:24,18.4,54.3
08/09/2026,03:45:24,18.3,53.3
08/09/2026,03:50:24,18.3,52.5
08/09/2026,03:55:24,18.2,54.8
08/09/2026,04:00:24,18.1,54.5
08/09/2026,04:05:24,18.0,52.9
08/09/2026,04:10:24,18.0,52.9
08/09/2026,04:15:24,17.9,52.1
08/09/2026,04:20:24,17.8,51.9
08/09/2026,04:25:24,17.8,49.8
08/09/2026,04:30:24,17.7,49.7
08/09/2026,04:35:24,17.6,50.0
08/09/2026,04:40:24,17.6,51.5
08/09/2026,04:45:24,17.5,51.0
08/09/2026,04:50:24,17.5,53.4
08/09/2026,04:55:24,17.4,53.2
08/09/2026,05:00:24,17.3,51.3
08/09/2026,05:05:24,17.3,49.4
08/09/2026,05:10:24,17.2,51.9
08/09/2026,05:15:24,17.2,52.3
08/09/2026,05:20:24,17.1,51.4
08/09/2026,05:25:24,17.0,50.5
08/09/2026,05:30:24,16.9,48.8
08/09/2026,05:35:24,16.9,50.9
08/09/2026,05:40:24,16.8,49.6
08/09/2026,05:45:24,16.7,54.5
08/09/2026,05:50:24,16.7,51.7
08/09/2026,05:55:24,16.6,49.7
08/09/2026,06:00:24,16.5,48.2
08/09/2026,06:05:24,16.4,47.7
08/09/2026,06:10:24,16.3,47.1
08/09/2026,06:15:24,16.2,47.2
08/09/2026,06:20:24,16.2,48.1
08/09/2026,06:25:24,16.1,46.4
08/09/2026,06:30:24,16.0,46.8
08/09/2026,06:35:24,15.9,47.1
08/09/2026,06:40:24,15.9,47.5
08/09/2026,06:45:24,15.9,49.0
08/09/2026,06:50:24,15.9,51.2
08/09/2026,06:55:24,16.0,52.6
08/09/2026,07:00:24,16.0,50.0
08/09/2026,07:05:24,16.1,51.3
08/09/2026,07:10:24,16.1,49.4
08/09/2026,07:15:24,16.0,48.9
08/09/2026,07:20:24,15.9,51.2
08/09/2026,07:25:24,15.9,49.8
08/09/2026,07:30:24,15.9,50.5
08/09/2026,07:35:24,15.9,50.4
08/09/2026,07:40:24,15.9,52.1
08/09/2026,07:45:24,16.0,51.0
08/09/2026,07:50:24,16.0,53.1
08/09/2026,07:55:24,16.1,52.2
08/09/2026,08:00:24,16.2,52.2
08/09/2026,08:05:24,16.2,53.1
08/09/2026,08:10:24,16.3,53.6
08/09/2026,08:15:24,16.4,53.4
08/09/2026,08:20:24,16.5,54.1
08/09/2026,08:25:24,16.7,54.2
08/09/2026,08:30:24,17.0,54.2
08/09/2026,08:35:24,17.2,54.6
08/09/2026,08:40:24,17.4,54.2
08/09/2026,08:45:24,17.5,54.3
08/09/2026,08:50:24,17.7,54.4
08/09/2026,08:55:24,17.9,54.4
08/09/2026,09:00:24,18.1,54.3
08/09/2026,09:05:24,18.4,54.3
08/09/2026,09:10:24,18.8,53.7
08/09/2026,09:15:24,19.1,53.8
08/09/2026,09:20:24,19.4,53.7
08/09/2026,09:25:24,19.7,53.6
08/09/2026,09:30:24,20.0,51.7
08/09/2026,09:35:24,20.5,51.2
08/09/2026,09:40:24,21.0,47.5
08/09/2026,09:45:24,21.6,46.5
08/09/2026,09:50:24,22.0,49.3
08/09/2026,09:55:24,22.2,45.8
08/09/2026,10:00:24,22.6,45.5
08/09/2026,10:05:24,22.9,44.0
08/09/2026,10:10:24,23.3,42.7
08/09/2026,10:15:24,23.6,42.8
08/09/2026,10:20:24,23.9,44.1
08/09/2026,10:25:24,24.3,41.9
08/09/2026,10:30:24,24.6,43.5
08/09/2026,10:35:24,24.9,39.8
08/09/2026,10:40:24,25.3,38.9
08/09/2026,10:45:24,25.5,38.3
08/09/2026,10:50:24,25.7,37.8
08/09/2026,10:55:24,25.9,35.6
08/09/2026,11:00:24,26.2,36.0
08/09/2026,11:05:24,26.4,34.8
08/09/2026,11:10:24,26.5,34.6
08/09/2026,11:15:24,26.6,34.0
08/09/2026,11:20:24,26.8,34.7
08/09/2026,11:25:24,27.1,33.7
08/09/2026,11:30:24,27.3,33.1
08/09/2026,11:35:24,27.5,32.2
08/09/2026,11:40:24,27.7,32.8
08/09/2026,11:45:24,27.9,31.6
08/09/2026,11:50:24,28.0,31.7
08/09/2026,11:55:24,28.1,31.7
08/09/2026,12:00:24,28.2,31.0
08/09/2026,12:05:24,28.0,31.3
08/09/2026,12:10:24,28.1,31.4
08/09/2026,12:15:24,28.3,31.5
08/09/2026,12:20:24,28.6,31.1
08/09/2026,12:25:24,28.9,30.8
08/09/2026,12:30:24,29.0,30.9
08/09/2026,12:35:24,29.2,30.5
08/09/2026,12:40:24,29.4,30.0
08/09/2026,12:45:24,29.5,29.5
08/09/2026,12:50:24,29.4,29.8
08/09/2026,12:55:24,29.5,29.3
08/09/2026,13:00:24,29.5,29.9
08/09/2026,13:05:24,29.9,29.7
08/09/2026,13:10:24,30.1,29.4
08/09/2026,13:15:24,30.4,29.2
08/09/2026,13:20:24,30.7,29.0
08/09/2026,13:25:24,30.9,28.5
08/09/2026,13:30:24,30.8,28.8
08/09/2026,13:35:24,31.0,28.5
08/09/2026,13:40:24,30.9,28.0
08/09/2026,13:45:24,31.0,28.2
08/09/2026,13:50:24,31.4,28.2
08/09/2026,13:55:24,31.7,28.1
08/09/2026,14:00:24,31.8,27.6
08/09/2026,14:05:24,32.2,27.4
08/09/2026,14:10:24,32.4,27.3
08/09/2026,14:15:24,32.6,26.5
08/09/2026,14:20:24,32.6,26.6
08/09/2026,14:25:24,32.3,26.7
08/09/2026,14:30:24,32.4,26.3
08/09/2026,14:35:24,32.1,26.6
08/09/2026,14:40:24,32.0,26.6
08/09/2026,14:45:24,32.1,26.8
08/09/2026,14:50:24,32.2,26.6
08/09/2026,14:55:24,32.3,26.2
08/09/2026,15:00:24,32.3,26.2
08/09/2026,15:05:24,32.3,26.0
08/09/2026,15:10:24,32.2,26.0
08/09/2026,15:15:24,32.0,26.1
08/09/2026,15:20:24,32.0,26.2
08/09/2026,15:25:24,32.2,26.4
08/09/2026,15:30:24,32.5,26.2
08/09/2026,15:35:24,32.8,26.1
08/09/2026,15:40:24,32.7,25.8
08/09/2026,15:45:24,32.4,25.8
08/09/2026,15:50:24,32.4,26.0
08/09/2026,15:55:24,32.5,25.7
08/09/2026,16:00:24,32.5,25.6
08/09/2026,16:05:24,33.0,25.5
08/09/2026,16:10:24,33.7,25.2
08/09/2026,16:15:24,33.5,25.0
08/09/2026,16:20:24,33.1,25.4
08/09/2026,16:25:24,33.0,25.3
08/09/2026,16:30:24,32.8,25.5
08/09/2026,16:35:24,33.1,25.4
08/09/2026,16:40:24,33.3,25.0
08/09/2026,16:45:24,33.4,25.1
08/09/2026,16:50:24,33.3,25.0
08/09/2026,16:55:24,33.2,25.0
08/09/2026,17:00:24,33.0,25.1
08/09/2026,17:05:24,32.7,25.0
08/09/2026,17:10:24,32.4,25.3
08/09/2026,17:15:24,32.1,25.5
08/09/2026,17:20:24,31.9,25.6
08/09/2026,17:25:24,31.4,25.8
08/09/2026,17:30:24,31.2,26.1
08/09/2026,17:35:24,31.1,26.5
08/09/2026,17:40:24,31.1,26.4
08/09/2026,17:45:24,31.1,26.6
08/09/2026,17:50:24,31.0,26.6
08/09/2026,17:55:24,31.0,26.9
08/09/2026,18:00:24,30.9,26.7
08/09/2026,18:05:24,30.8,27.0
08/09/2026,18:10:24,30.7,27.2
08/09/2026,18:15:24,30.7,27.2
08/09/2026,18:20:24,30.6,27.4
08/09/2026,18:25:24,30.5,27.3
08/09/2026,18:30:24,30.5,27.6
08/09/2026,18:35:24,30.4,27.5
08/09/2026,18:40:24,30.3,27.9
08/09/2026,18:45:24,30.3,27.9
08/09/2026,18:50:24,30.2,27.9
08/09/2026,18:55:24,30.2,28.1
08/09/2026,19:00:24,30.1,28.3
08/09/2026,19:05:24,30.1,28.7
08/09/2026,19:10:24,30.1,28.3
08/09/2026,19:15:24,30.1,28.7
08/09/2026,19:20:24,30.0,28.7
08/09/2026,19:25:24,29.8,28.8
08/09/2026,19:30:24,29.6,29.2
08/09/2026,19:35:24,29.4,29.3
08/09/2026,19:40:24,29.3,29.5
08/09/2026,19:45:24,29.2,29.8
08/09/2026,19:50:24,29.1,30.0
08/09/2026,19:55:24,29.0,30.3
08/09/2026,20:00:24,28.9,30.3
08/09/2026,20:05:24,28.7,30.5
08/09/2026,20:10:24,28.6,30.7
08/09/2026,20:15:24,28.5,31.0
08/09/2026,20:20:24,28.3,31.4
08/09/2026,20:25:24,28.2,31.6
08/09/2026,20:30:24,28.1,32.0
08/09/2026,20:35:24,28.0,32.3
08/09/2026,20:40:24,27.8,32.6
08/09/2026,20:45:24,27.7,32.8
08/09/2026,20:50:24,27.5,33.5
08/09/2026,20:55:24,27.4,34.4
08/09/2026,21:00:24,27.2,34.7
08/09/2026,21:05:24,27.0,35.3
08/09/2026,21:10:24,26.8,36.6
08/09/2026,21:15:24,26.6,36.5
08/09/2026,21:20:24,26.4,36.6
08/09/2026,21:25:24,26.2,37.0
08/09/2026,21:30:24,26.0,37.8
08/09/2026,21:35:24,25.9,38.3
08/09/2026,21:40:24,25.8,38.4
08/09/2026,21:45:24,25.6,38.0
08/09/2026,21:50:24,25.5,39.0
08/09/2026,21:55:24,25.3,38.7
08/09/2026,22:00:24,25.2,39.0
08/09/2026,22:05:24,25.1,38.9
08/09/2026,22:10:24,25.0,38.8
08/09/2026,22:15:24,24.9,38.9
08/09/2026,22:20:24,24.7,39.1
08/09/2026,22:25:24,24.7,39.1
08/09/2026,22:30:24,24.7,39.1
08/09/2026,22:35:24,24.7,39.2
08/09/2026,22:40:24,24.6,39.3
08/09/2026,22:45:24,24.6,39.4
08/09/2026,22:50:24,24.5,39.8
08/09/2026,22:55:24,24.4,40.4
08/09/2026,23:00:24,24.3,41.0
08/09/2026,23:05:24,24.2,41.2
08/09/2026,23:10:24,24.1,41.5
08/09/2026,23:15:24,24.0,41.9
08/09/2026,23:20:24,23.8,42.4
08/09/2026,23:25:24,23.7,42.9
08/09/2026,23:30:24,23.6,43.4
08/09/2026,23:35:24,23.5,43.9
08/09/2026,23:40:24,23.3,44.2
08/09/2026,23:45:24,23.2,44.6
08/09/2026,23:50:24,23.2,45.0
08/09/2026,23:55:24,23.0,45.3
08/10/2026,00:00:24,23.0,45.5
08/10/2026,00:05:24,22.9,46.0
08/10/2026,00:10:24,22.9,46.5
08/10/2026,00:15:24,22.8,46.8
08/10/2026,00:20:24,22.7,47.0
08/10/2026,00:25:24,22.6,47.3
08/10/2026,00:30:24,22.5,47.7
08/10/2026,00:35:24,22.4,47.9
08/10/2026,00:40:24,22.3,48.1
08/10/2026,00:45:24,22.2,48.6
08/10/2026,00:50:24,22.2,48.9
08/10/2026,00:55:24,22.1,49.4
08/10/2026,01:00:24,21.9,49.7
08/10/2026,01:05:24,21.8,50.0
08/10/2026,01:10:24,21.7,50.0
08/10/2026,01:15:24,21.7,50.4
08/10/2026,01:20:24,21.6,50.4
08/10/2026,01:25:24,21.5,50.2
08/10/2026,01:30:24,21.4,50.6
08/10/2026,01:35:24,21.4,50.7
08/10/2026,01:40:24,21.3,50.8
08/10/2026,01:45:24,21.2,51.4
08/10/2026,01:50:24,21.2,51.5
08/10/2026,01:55:24,21.0,51.6
08/10/2026,02:00:24,20.9,51.9
08/10/2026,02:05:24,20.9,51.6
08/10/2026,02:10:24,20.8,51.7
08/10/2026,02:15:24,20.8,52.5
08/10/2026,02:20:24,20.8,53.0
08/10/2026,02:25:24,20.7,53.2
08/10/2026,02:30:24,20.7,53.6
08/10/2026,02:35:24,20.5,53.9
08/10/2026,02:40:24,20.5,53.8
08/10/2026,02:45:24,20.5,54.1
08/10/2026,02:50:24,20.5,54.2
08/10/2026,02:55:24,20.5,54.4
08/10/2026,03:00:24,20.4,54.1
08/10/2026,03:05:24,20.3,54.2
08/10/2026,03:10:24,20.3,54.5
08/10/2026,03:15:24,20.2,54.8
08/10/2026,03:20:24,20.1,55.1
08/10/2026,03:25:24,20.0,55.3
08/10/2026,03:30:24,20.0,55.4
08/10/2026,03:35:24,19.9,55.5
08/10/2026,03:40:24,19.9,55.8
08/10/2026,03:45:24,19.9,56.0
08/10/2026,03:50:24,19.8,56.1
08/10/2026,03:55:24,19.8,56.3
08/10/2026,04:00:24,19.7,56.2
08/10/2026,04:05:24,19.6,56.4
08/10/2026,04:10:24,19.5,56.7
08/10/2026,04:15:24,19.4,56.6
08/10/2026,04:20:24,19.4,56.7
08/10/2026,04:25:24,19.3,57.0
08/10/2026,04:30:24,19.2,57.3
08/10/2026,04:35:24,19.2,57.3
08/10/2026,04:40:24,19.1,57.2
08/10/2026,04:45:24,19.0,57.1
08/10/2026,04:50:24,19.0,57.3
08/10/2026,04:55:24,18.9,57.2
08/10/2026,05:00:24,18.9,57.5
08/10/2026,05:05:24,18.9,57.9
08/10/2026,05:10:24,18.8,58.3
08/10/2026,05:15:24,18.7,58.8
08/10/2026,05:20:24,18.7,59.4
08/10/2026,05:25:24,18.7,59.8
08/10/2026,05:30:24,18.6,60.0
08/10/2026,05:35:24,18.6,60.4
08/10/2026,05:40:24,18.5,60.3
08/10/2026,05:45:24,18.5,60.4
08/10/2026,05:50:24,18.5,60.3
08/10/2026,05:55:24,18.5,60.4
08/10/2026,06:00:24,18.6,60.4
08/10/2026,06:05:24,18.6,60.6
08/10/2026,06:10:24,18.7,61.0
08/10/2026,06:15:24,18.7,61.5
08/10/2026,06:20:24,18.8,61.8
08/10/2026,06:25:24,18.8,62.0
08/10/2026,06:30:24,18.9,62.4
08/10/2026,06:35:24,18.9,62.8
08/10/2026,06:40:24,18.9,63.0
08/10/2026,06:45:24,18.9,63.5
08/10/2026,06:50:24,18.9,63.6
08/10/2026,06:55:24,19.0,63.8
08/10/2026,07:00:24,19.0,63.8
08/10/2026,07:05:24,19.0,64.0
08/10/2026,07:10:24,19.1,64.0
08/10/2026,07:15:24,19.1,64.0
08/10/2026,07:20:24,19.2,64.0
08/10/2026,07:25:24,19.2,64.1
08/10/2026,07:30:24,19.2,64.3
08/10/2026,07:35:24,19.2,64.2
08/10/2026,07:40:24,19.3,64.2
08/10/2026,07:45:24,19.3,64.1
08/10/2026,07:50:24,19.4,63.9
08/10/2026,07:55:24,19.5,64.0
08/10/2026,08:00:24,19.5,64.0
08/10/2026,08:05:24,19.4,64.2
08/10/2026,08:10:24,19.5,64.0
08/10/2026,08:15:24,19.6,64.2
08/10/2026,08:20:24,19.8,64.2
08/10/2026,08:25:24,19.8,64.2
08/10/2026,08:30:24,19.8,64.0
08/10/2026,08:35:24,19.8,63.8
08/10/2026,08:40:24,19.7,63.7
08/10/2026,08:45:24,19.7,64.0
08/10/2026,08:50:24,19.7,64.3
08/10/2026,08:55:24,19.7,65.1
08/10/2026,09:00:24,19.7,65.1
08/10/2026,09:05:24,19.8,64.9
08/10/2026,09:10:24,19.9,64.3
08/10/2026,09:15:24,20.0,63.6
08/10/2026,09:20:24,19.9,63.3
08/10/2026,09:25:24,19.8,63.1
08/10/2026,09:30:24,20.0,62.9
08/10/2026,09:35:24,20.2,62.3
08/10/2026,09:40:24,20.3,61.6
08/10/2026,09:45:24,20.5,61.2
08/10/2026,09:50:24,20.7,60.6
08/10/2026,09:55:24,21.0,59.9
08/10/2026,10:00:24,21.2,59.4
08/10/2026,10:05:24,21.4,58.8
08/10/2026,10:10:24,21.6,58.4
08/10/2026,10:15:24,21.9,57.9
08/10/2026,10:20:24,22.1,57.2
08/10/2026,10:25:24,22.1,56.7
08/10/2026,10:30:24,21.7,56.7
08/10/2026,10:35:24,21.4,57.0
08/10/2026,10:40:24,21.6,56.9
08/10/2026,10:45:24,21.6,56.6
08/10/2026,10:50:24,21.9,56.5
08/10/2026,10:55:24,21.9,56.0
08/10/2026,11:00:24,22.2,55.2
08/10/2026,11:05:24,22.2,54.3
08/10/2026,11:10:24,22.3,54.4
08/10/2026,11:15:24,22.7,54.1
08/10/2026,11:20:24,23.0,52.6
08/10/2026,11:25:24,23.0,52.7
08/10/2026,11:30:24,23.3,51.8
08/10/2026,11:35:24,23.0,51.9
08/10/2026,11:40:24,23.1,50.9
08/10/2026,11:45:24,23.1,50.7
08/10/2026,11:50:24,23.5,50.7
08/10/2026,11:55:24,23.9,49.1
08/10/2026,12:00:24,23.8,48.3
08/10/2026,12:05:24,23.6,48.1
08/10/2026,12:10:24,23.5,47.8
08/10/2026,12:15:24,23.9,47.7
08/10/2026,12:20:24,24.5,47.0
08/10/2026,12:25:24,24.6,45.5
08/10/2026,12:30:24,24.4,45.3
08/10/2026,12:35:24,24.3,45.5
08/10/2026,12:40:24,24.0,45.0
08/10/2026,12:45:24,24.2,45.3
08/10/2026,12:50:24,24.4,44.1
08/10/2026,12:55:24,24.5,44.5
08/10/2026,13:00:24,24.7,43.7
08/10/2026,13:05:24,24.6,43.3
08/10/2026,13:10:24,24.7,42.3
08/10/2026,13:15:24,24.8,42.1
08/10/2026,13:20:24,24.7,40.7
08/10/2026,13:25:24,24.7,41.7
08/10/2026,13:30:24,25.1,41.3
08/10/2026,13:35:24,25.4,40.1
08/10/2026,13:40:24,25.2,38.8
08/10/2026,13:45:24,25.3,38.4
08/10/2026,13:50:24,25.5,38.1
08/10/2026,13:55:24,25.6,38.0
08/10/2026,14:00:24,25.8,37.9
08/10/2026,14:05:24,25.9,36.8
08/10/2026,14:10:24,26.1,36.8
08/10/2026,14:15:24,26.4,36.3
08/10/2026,14:20:24,26.5,36.3
08/10/2026,14:25:24,26.7,36.2
08/10/2026,14:30:24,27.1,35.3
08/10/2026,14:35:24,27.4,35.4
08/10/2026,14:40:24,27.8,34.9
08/10/2026,14:45:24,28.2,34.7
08/10/2026,14:50:24,28.6,33.9
08/10/2026,14:55:24,28.7,33.4
08/10/2026,15:00:24,28.7,32.9
08/10/2026,15:05:24,28.0,33.2
08/10/2026,15:10:24,27.9,33.2
08/10/2026,15:15:24,28.3,33.6
08/10/2026,15:20:24,28.7,32.7
08/10/2026,15:25:24,29.0,32.5
08/10/2026,15:30:24,29.2,31.6
08/10/2026,15:35:24,29.1,31.1
08/10/2026,15:40:24,28.8,30.8
08/10/2026,15:45:24,28.8,31.5
08/10/2026,15:50:24,29.0,33.0
08/10/2026,15:55:24,29.2,33.5
08/10/2026,16:00:24,29.4,33.5
08/10/2026,16:05:24,29.4,33.1
08/10/2026,16:10:24,29.3,33.4
08/10/2026,16:15:24,29.2,33.5
08/10/2026,16:20:24,29.1,33.4
08/10/2026,16:25:24,29.0,33.4
08/10/2026,16:30:24,28.8,33.5
08/10/2026,16:35:24,28.9,33.1
08/10/2026,16:40:24,28.7,33.0
08/10/2026,16:45:24,28.4,33.4
08/10/2026,16:50:24,28.5,33.4
08/10/2026,16:55:24,28.3,33.3
08/10/2026,17:00:24,28.2,33.3
08/10/2026,17:05:24,27.9,33.2
08/10/2026,17:10:24,27.6,33.6
08/10/2026,17:15:24,27.4,33.7
08/10/2026,17:20:24,27.2,33.7
08/10/2026,17:25:24,26.8,33.7
08/10/2026,17:30:24,26.5,34.1
08/10/2026,17:35:24,26.3,34.7
08/10/2026,17:40:24,26.2,35.0
08/10/2026,17:45:24,26.1,35.0
08/10/2026,17:50:24,26.0,35.3
08/10/2026,17:55:24,25.8,35.7
08/10/2026,18:00:24,25.6,35.7
08/10/2026,18:05:24,25.4,36.1
08/10/2026,18:10:24,25.4,36.1
08/10/2026,18:15:24,25.2,36.4
08/10/2026,18:20:24,25.2,36.8
08/10/2026,18:25:24,25.1,37.0
08/10/2026,18:30:24,25.0,37.2
08/10/2026,18:35:24,24.8,37.7
08/10/2026,18:40:24,24.7,38.0
08/10/2026,18:45:24,24.6,38.1
08/10/2026,18:50:24,24.4,38.5
08/10/2026,18:55:24,24.3,39.0
08/10/2026,19:00:24,24.2,39.4
08/10/2026,19:05:24,24.2,39.8
08/10/2026,19:10:24,24.3,39.9
08/10/2026,19:15:24,24.4,39.7
08/10/2026,19:20:24,24.3,39.8
08/10/2026,19:25:24,24.1,40.1
08/10/2026,19:30:24,24.0,40.3
08/10/2026,19:35:24,23.9,40.4
08/10/2026,19:40:24,23.7,40.9
08/10/2026,19:45:24,23.5,41.4
08/10/2026,19:50:24,23.4,41.6
08/10/2026,19:55:24,23.3,41.9
08/10/2026,20:00:24,23.2,43.1
08/10/2026,20:05:24,23.2,46.2
08/10/2026,20:10:24,23.1,47.1
08/10/2026,20:15:24,23.0,47.7
08/10/2026,20:20:24,22.8,47.9
08/10/2026,20:25:24,22.7,48.4
08/10/2026,20:30:24,22.6,48.4
08/10/2026,20:35:24,22.4,48.4
08/10/2026,20:40:24,22.4,48.3
08/10/2026,20:45:24,22.2,48.6
08/10/2026,20:50:24,22.1,49.1
08/10/2026,20:55:24,21.9,49.4
08/10/2026,21:00:24,21.7,49.7
08/10/2026,21:05:24,21.6,50.1
08/10/2026,21:10:24,21.4,50.3
08/10/2026,21:15:24,21.3,50.6
08/10/2026,21:20:24,21.1,51.0
08/10/2026,21:25:24,20.9,51.3
08/10/2026,21:30:24,20.8,51.7
08/10/2026,21:35:24,20.7,51.9
08/10/2026,21:40:24,20.6,52.2
08/10/2026,21:45:24,20.5,52.4
08/10/2026,21:50:24,20.4,52.5
08/10/2026,21:55:24,20.3,52.7
08/10/2026,22:00:24,20.2,53.0
08/10/2026,22:05:24,20.0,53.2
08/10/2026,22:10:24,19.9,53.5
08/10/2026,22:15:24,19.8,53.7
08/10/2026,22:20:24,19.7,54.0
08/10/2026,22:25:24,19.6,54.2
08/10/2026,22:30:24,19.5,54.4
08/10/2026,22:35:24,19.5,54.6
08/10/2026,22:40:24,19.4,54.6
08/10/2026,22:45:24,19.2,54.9
08/10/2026,22:50:24,19.2,55.0
08/10/2026,22:55:24,19.1,55.3
08/10/2026,23:00:24,19.1,55.5
08/10/2026,23:05:24,19.0,55.7
08/10/2026,23:10:24,18.9,55.8
08/10/2026,23:15:24,18.8,56.2
08/10/2026,23:20:24,18.7,56.4
08/10/2026,23:25:24,18.6,56.5
08/10/2026,23:30:24,18.5,56.8
08/10/2026,23:35:24,18.5,57.0
08/10/2026,23:40:24,18.4,57.2
08/10/2026,23:45:24,18.3,57.5
08/10/2026,23:50:24,18.2,57.8
08/10/2026,23:55:24,18.1,58.0
08/11/2026,00:00:24,18.0,58.2
08/11/2026,00:05:24,17.9,58.4
08/11/2026,00:10:24,17.8,58.4
08/11/2026,00:15:24,17.8,58.8
08/11/2026,00:20:24,17.7,59.1
08/11/2026,00:25:24,17.6,59.2
08/11/2026,00:30:24,17.5,59.3
08/11/2026,00:35:24,17.4,59.7
08/11/2026,00:40:24,17.3,59.7
08/11/2026,00:45:24,17.2,59.9
08/11/2026,00:50:24,17.1,60.4
08/11/2026,00:55:24,17.1,60.6
08/11/2026,01:00:24,17.0,60.6
08/11/2026,01:05:24,17.0,61.0
08/11/2026,01:10:24,16.9,61.0
08/11/2026,01:15:24,16.8,61.4
08/11/2026,01:20:24,16.7,61.3
08/11/2026,01:25:24,16.6,61.6
08/11/2026,01:30:24,16.6,61.8
08/11/2026,01:35:24,16.5,62.0
08/11/2026,01:40:24,16.5,62.7
08/11/2026,01:45:24,16.4,62.3
08/11/2026,01:50:24,16.4,62.5
08/11/2026,01:55:24,16.3,62.7
08/11/2026,02:00:24,16.3,62.9
08/11/2026,02:05:24,16.2,63.0
08/11/2026,02:10:24,16.2,63.2
08/11/2026,02:15:24,16.2,63.2
08/11/2026,02:20:24,16.1,63.5
08/11/2026,02:25:24,16.1,63.7
08/11/2026,02:30:24,16.0,64.0
08/11/2026,02:35:24,16.0,64.5
08/11/2026,02:40:24,15.9,64.7
08/11/2026,02:45:24,15.9,64.8
08/11/2026,02:50:24,15.8,65.0
08/11/2026,02:55:24,15.8,65.4
08/11/2026,03:00:24,15.7,65.6
08/11/2026,03:05:24,15.7,65.5
08/11/2026,03:10:24,15.6,65.4
08/11/2026,03:15:24,15.6,65.7
08/11/2026,03:20:24,15.5,65.2
08/11/2026,03:25:24,15.5,65.9
08/11/2026,03:30:24,15.4,65.8
08/11/2026,03:35:24,15.4,65.8
08/11/2026,03:40:24,15.3,66.6
08/11/2026,03:45:24,15.3,66.5
08/11/2026,03:50:24,15.2,66.8
08/11/2026,03:55:24,15.2,67.0
08/11/2026,04:00:24,15.1,66.5
08/11/2026,04:05:24,15.1,66.4
08/11/2026,04:10:24,15.0,67.1
08/11/2026,04:15:24,15.0,67.3
08/11/2026,04:20:24,15.0,67.8
08/11/2026,04:25:24,14.9,67.7
08/11/2026,04:30:24,14.9,67.0
08/11/2026,04:35:24,14.9,67.9
08/11/2026,04:40:24,14.8,68.1
08/11/2026,04:45:24,14.8,68.9
08/11/2026,04:50:24,14.7,68.7
08/11/2026,04:55:24,14.7,67.6
08/11/2026,05:00:24,14.6,68.9
08/11/2026,05:05:24,14.6,69.1
08/11/2026,05:10:24,14.6,68.7
08/11/2026,05:15:24,14.6,69.0
08/11/2026,05:20:24,14.5,68.8
08/11/2026,05:25:24,14.5,69.5
08/11/2026,05:30:24,14.4,69.6
08/11/2026,05:35:24,14.4,68.9
08/11/2026,05:40:24,14.3,69.6
08/11/2026,05:45:24,14.3,70.3
08/11/2026,05:50:24,14.2,70.6
08/11/2026,05:55:24,14.2,70.6
08/11/2026,06:00:24,14.2,70.2
08/11/2026,06:05:24,14.2,70.4
08/11/2026,06:10:24,14.1,69.2
08/11/2026,06:15:24,14.1,69.8
08/11/2026,06:20:24,14.1,67.6
08/11/2026,06:25:24,14.0,67.6
08/11/2026,06:30:24,14.0,67.8
08/11/2026,06:35:24,14.0,69.5
08/11/2026,06:40:24,14.0,69.2
08/11/2026,06:45:24,14.0,68.1
08/11/2026,06:50:24,14.0,64.2
08/11/2026,06:55:24,14.0,59.8
08/11/2026,07:00:24,14.0,60.4
08/11/2026,07:05:24,14.0,58.2
08/11/2026,07:10:24,14.0,58.9
08/11/2026,07:15:24,13.9,60.6
08/11/2026,07:20:24,13.9,61.7
08/11/2026,07:25:24,14.0,59.7
08/11/2026,07:30:24,14.0,60.0
08/11/2026,07:35:24,14.1,60.9
08/11/2026,07:40:24,14.2,60.2
08/11/2026,07:45:24,14.2,61.2
08/11/2026,07:50:24,14.3,60.1
08/11/2026,07:55:24,14.4,61.6
08/11/2026,08:00:24,14.4,60.8
08/11/2026,08:05:24,14.5,63.2
08/11/2026,08:10:24,14.7,62.0
08/11/2026,08:15:24,14.8,63.8
08/11/2026,08:20:24,15.0,64.5
08/11/2026,08:25:24,15.2,65.9
08/11/2026,08:30:24,15.4,66.4
08/11/2026,08:35:24,15.7,66.3
08/11/2026,08:40:24,15.9,64.9
08/11/2026,08:45:24,16.2,66.2
08/11/2026,08:50:24,16.4,65.2
08/11/2026,08:55:24,16.8,66.5
08/11/2026,09:00:24,17.1,65.9
08/11/2026,09:05:24,17.3,65.5
08/11/2026,09:10:24,17.6,65.2
08/11/2026,09:15:24,17.9,65.7
08/11/2026,09:20:24,18.2,63.8
08/11/2026,09:25:24,18.4,64.2
08/11/2026,09:30:24,18.7,63.5
08/11/2026,09:35:24,19.1,62.9
08/11/2026,09:40:24,19.3,62.4
08/11/2026,09:45:24,19.7,61.8
08/11/2026,09:50:24,20.0,61.1
08/11/2026,09:55:24,20.2,60.9
08/11/2026,10:00:24,20.5,59.8
08/11/2026,10:05:24,20.7,59.2
08/11/2026,10:10:24,20.9,58.7
08/11/2026,10:15:24,21.2,57.8
08/11/2026,10:20:24,21.4,57.8
08/11/2026,10:25:24,21.7,57.1
08/11/2026,10:30:24,22.0,56.4
08/11/2026,10:35:24,22.2,55.7
08/11/2026,10:40:24,22.4,55.2
08/11/2026,10:45:24,22.6,54.7
08/11/2026,10:50:24,22.8,53.8
08/11/2026,10:55:24,23.0,52.8
08/11/2026,11:00:24,23.2,52.3
08/11/2026,11:05:24,23.4,52.4
08/11/2026,11:10:24,23.7,51.7
08/11/2026,11:15:24,24.0,51.1
08/11/2026,11:20:24,24.1,51.2
08/11/2026,11:25:24,24.2,50.4
08/11/2026,11:30:24,24.4,49.8
08/11/2026,11:35:24,24.5,49.2
08/11/2026,11:40:24,24.6,48.7
08/11/2026,11:45:24,24.8,49.1
08/11/2026,11:50:24,25.0,48.6
08/11/2026,11:55:24,25.2,47.5
08/11/2026,12:00:24,25.3,47.3
08/11/2026,12:05:24,25.5,46.7
08/11/2026,12:10:24,25.8,45.7
08/11/2026,12:15:24,25.9,45.3
08/11/2026,12:20:24,26.1,45.4
08/11/2026,12:25:24,26.3,44.2
08/11/2026,12:30:24,26.4,44.2
08/11/2026,12:35:24,26.5,43.6
08/11/2026,12:40:24,26.6,43.2
08/11/2026,12:45:24,26.7,43.2
08/11/2026,12:50:24,26.8,42.5
08/11/2026,12:55:24,26.9,42.3
08/11/2026,13:00:24,27.1,41.9
08/11/2026,13:05:24,27.1,41.5
08/11/2026,13:10:24,27.4,40.9
08/11/2026,13:15:24,27.4,40.8
08/11/2026,13:20:24,27.6,40.3
08/11/2026,13:25:24,27.8,40.2
08/11/2026,13:30:24,28.0,40.0
08/11/2026,13:35:24,28.2,39.7
08/11/2026,13:40:24,28.3,39.1
08/11/2026,13:45:24,28.5,38.9
08/11/2026,13:50:24,28.5,38.7
08/11/2026,13:55:24,28.4,38.3
08/11/2026,14:00:24,28.3,38.2
08/11/2026,14:05:24,28.3,38.1
08/11/2026,14:10:24,28.6,38.1
08/11/2026,14:15:24,28.7,37.5
08/11/2026,14:20:24,28.9,37.6
08/11/2026,14:25:24,28.9,37.5
08/11/2026,14:30:24,29.0,37.4
08/11/2026,14:35:24,29.1,37.1
08/11/2026,14:40:24,29.2,37.2
08/11/2026,14:45:24,29.2,37.0
08/11/2026,14:50:24,29.3,36.9
08/11/2026,14:55:24,29.5,36.4
08/11/2026,15:00:24,29.4,36.4
08/11/2026,15:05:24,29.6,36.2
08/11/2026,15:10:24,29.6,36.0
08/11/2026,15:15:24,29.7,35.9
08/11/2026,15:20:24,29.9,35.1
08/11/2026,15:25:24,30.1,35.3
08/11/2026,15:30:24,30.2,35.3
08/11/2026,15:35:24,30.4,35.4
08/11/2026,15:40:24,30.6,34.9
08/11/2026,15:45:24,30.7,34.5
08/11/2026,15:50:24,30.6,33.5
08/11/2026,15:55:24,30.6,33.7
08/11/2026,16:00:24,30.6,33.3
08/11/2026,16:05:24,30.6,33.3
08/11/2026,16:10:24,30.5,34.0
08/11/2026,16:15:24,30.4,33.4
08/11/2026,16:20:24,30.3,33.0
08/11/2026,16:25:24,30.2,32.6
08/11/2026,16:30:24,30.1,32.8
08/11/2026,16:35:24,30.0,32.6
08/11/2026,16:40:24,29.8,32.4
08/11/2026,16:45:24,29.7,32.2
08/11/2026,16:50:24,29.5,31.4
08/11/2026,16:55:24,29.1,31.5
08/11/2026,17:00:24,28.9,32.0
08/11/2026,17:05:24,28.6,32.5
08/11/2026,17:10:24,28.1,31.6
08/11/2026,17:15:24,27.7,32.7
08/11/2026,17:20:24,27.6,32.8
08/11/2026,17:25:24,27.3,33.0
08/11/2026,17:30:24,27.0,33.9
08/11/2026,17:35:24,26.8,34.5
08/11/2026,17:40:24,26.6,34.8
08/11/2026,17:45:24,26.4,35.2
08/11/2026,17:50:24,26.2,35.6
08/11/2026,17:55:24,26.0,35.1
08/11/2026,18:00:24,25.9,34.7
08/11/2026,18:05:24,25.7,35.0
08/11/2026,18:10:24,25.6,35.1
08/11/2026,18:15:24,25.5,34.6
08/11/2026,18:20:24,25.2,34.9
08/11/2026,18:25:24,25.2,35.6
08/11/2026,18:30:24,25.1,36.3
08/11/2026,18:35:24,25.0,36.6
08/11/2026,18:40:24,24.8,37.2
08/11/2026,18:45:24,24.7,37.1
08/11/2026,18:50:24,24.6,37.2
08/11/2026,18:55:24,24.6,37.9
08/11/2026,19:00:24,24.5,37.9
08/11/2026,19:05:24,24.5,37.9
08/11/2026,19:10:24,24.6,38.8
08/11/2026,19:15:24,24.6,38.3
08/11/2026,19:20:24,24.5,38.8
08/11/2026,19:25:24,24.2,39.1
08/11/2026,19:30:24,24.1,39.4
08/11/2026,19:35:24,23.9,39.9
08/11/2026,19:40:24,23.8,40.6
08/11/2026,19:45:24,23.6,41.2
08/11/2026,19:50:24,23.5,41.4
08/11/2026,19:55:24,23.3,41.9
08/11/2026,20:00:24,23.2,42.4
08/11/2026,20:05:24,23.0,42.2
08/11/2026,20:10:24,22.8,42.7
08/11/2026,20:15:24,22.6,43.3
08/11/2026,20:20:24,22.4,43.7
08/11/2026,20:25:24,22.3,44.1
08/11/2026,20:30:24,22.2,44.5
08/11/2026,20:35:24,22.1,44.8
08/11/2026,20:40:24,21.9,45.1
08/11/2026,20:45:24,21.8,45.6
08/11/2026,20:50:24,21.6,46.0
08/11/2026,20:55:24,21.5,46.6
08/11/2026,21:00:24,21.4,47.4
08/11/2026,21:05:24,21.2,48.1
08/11/2026,21:10:24,21.1,48.8
08/11/2026,21:15:24,21.0,49.2
08/11/2026,21:20:24,20.9,49.6
08/11/2026,21:25:24,20.8,50.1
08/11/2026,21:30:24,20.7,50.6
08/11/2026,21:35:24,20.6,51.0
08/11/2026,21:40:24,20.6,51.6
08/11/2026,21:45:24,20.5,52.1
08/11/2026,21:50:24,20.4,52.4
08/11/2026,21:55:24,20.3,53.0
08/11/2026,22:00:24,20.2,53.4
08/11/2026,22:05:24,20.1,53.9
08/11/2026,22:10:24,20.0,54.3
08/11/2026,22:15:24,19.9,54.8
08/11/2026,22:20:24,19.9,55.2
08/11/2026,22:25:24,19.8,55.5
08/11/2026,22:30:24,19.7,55.9
08/11/2026,22:35:24,19.6,56.3
08/11/2026,22:40:24,19.5,56.7
08/11/2026,22:45:24,19.4,57.4
08/11/2026,22:50:24,19.3,57.7
08/11/2026,22:55:24,19.3,58.1
08/11/2026,23:00:24,19.2,58.4
08/11/2026,23:05:24,19.1,58.8
08/11/2026,23:10:24,19.1,59.4
08/11/2026,23:15:24,18.9,60.1
08/11/2026,23:20:24,18.9,60.6
08/11/2026,23:25:24,18.8,61.1
08/11/2026,23:30:24,18.7,61.6
08/11/2026,23:35:24,18.6,62.0
08/11/2026,23:40:24,18.6,62.3
08/11/2026,23:45:24,18.5,62.6
08/11/2026,23:50:24,18.5,62.9
08/11/2026,23:55:24,18.4,63.2
08/12/2026,00:00:24,18.4,63.3
08/12/2026,00:05:24,18.3,63.5
08/12/2026,00:10:24,18.3,64.0
08/12/2026,00:15:24,18.2,64.3
08/12/2026,00:20:24,18.1,64.4
08/12/2026,00:25:24,18.1,64.9
08/12/2026,00:30:24,18.0,65.3
08/12/2026,00:35:24,18.0,64.7
08/12/2026,00:40:24,18.0,64.7
08/12/2026,00:45:24,17.9,65.4
08/12/2026,00:50:24,17.9,66.3
08/12/2026,00:55:24,17.8,65.9
08/12/2026,01:00:24,17.8,66.2
08/12/2026,01:05:24,17.8,66.5
08/12/2026,01:10:24,17.7,66.3
08/12/2026,01:15:24,17.7,65.3
08/12/2026,01:20:24,17.7,66.7
08/12/2026,01:25:24,17.7,66.9
08/12/2026,01:30:24,17.6,66.3
08/12/2026,01:35:24,17.6,66.5
08/12/2026,01:40:24,17.6,66.4
08/12/2026,01:45:24,17.6,67.7
08/12/2026,01:50:24,17.5,67.4
08/12/2026,01:55:24,17.5,66.1
08/12/2026,02:00:24,17.5,65.5
08/12/2026,02:05:24,17.5,66.4
08/12/2026,02:10:24,17.4,64.4
08/12/2026,02:15:24,17.4,66.1
08/12/2026,02:20:24,17.4,63.3
08/12/2026,02:25:24,17.3,62.5
08/12/2026,02:30:24,17.3,62.9
08/12/2026,02:35:24,17.2,63.6
08/12/2026,02:40:24,17.2,61.6
08/12/2026,02:45:24,17.1,61.7
08/12/2026,02:50:24,17.1,62.6
08/12/2026,02:55:24,17.1,63.7
08/12/2026,03:00:24,17.0,62.2
08/12/2026,03:05:24,16.9,61.8
08/12/2026,03:10:24,16.9,59.9
08/12/2026,03:15:24,16.9,59.3
08/12/2026,03:20:24,16.8,59.6
08/12/2026,03:25:24,16.7,58.0
08/12/2026,03:30:24,16.7,60.2
08/12/2026,03:35:24,16.6,60.7
08/12/2026,03:40:24,16.6,61.1
08/12/2026,03:45:24,16.6,61.2
08/12/2026,03:50:24,16.5,60.7
08/12/2026,03:55:24,16.5,60.4
08/12/2026,04:00:24,16.4,59.8
08/12/2026,04:05:24,16.4,58.0
08/12/2026,04:10:24,16.3,57.4
08/12/2026,04:15:24,16.2,56.8
08/12/2026,04:20:24,16.2,60.3
08/12/2026,04:25:24,16.1,59.0
08/12/2026,04:30:24,16.0,56.4
08/12/2026,04:35:24,16.0,57.5
08/12/2026,04:40:24,16.0,57.6
08/12/2026,04:45:24,15.9,57.5
08/12/2026,04:50:24,15.8,59.2
08/12/2026,04:55:24,15.8,58.3
08/12/2026,05:00:24,15.7,57.3
08/12/2026,05:05:24,15.6,55.7
08/12/2026,05:10:24,15.5,54.5
08/12/2026,05:15:24,15.5,55.6
08/12/2026,05:20:24,15.4,58.7
08/12/2026,05:25:24,15.4,56.0
08/12/2026,05:30:24,15.3,54.2
08/12/2026,05:35:24,15.3,53.6
08/12/2026,05:40:24,15.2,54.1
08/12/2026,05:45:24,15.2,53.7
08/12/2026,05:50:24,15.1,53.8
08/12/2026,05:55:24,15.0,53.5
08/12/2026,06:00:24,14.9,52.9
08/12/2026,06:05:24,14.9,52.9
08/12/2026,06:10:24,14.8,52.9
08/12/2026,06:15:24,14.7,53.3
08/12/2026,06:20:24,14.7,53.4
08/12/2026,06:25:24,14.6,53.7
08/12/2026,06:30:24,14.6,54.2
08/12/2026,06:35:24,14.6,54.7
08/12/2026,06:40:24,14.6,55.5
08/12/2026,06:45:24,14.6,56.0
08/12/2026,06:50:24,14.6,56.1
08/12/2026,06:55:24,14.7,56.3
08/12/2026,07:00:24,14.7,58.1
08/12/2026,07:05:24,14.7,58.5
08/12/2026,07:10:24,14.8,60.1
08/12/2026,07:15:24,14.9,63.1
08/12/2026,07:20:24,15.0,61.3
08/12/2026,07:25:24,15.2,61.9
08/12/2026,07:30:24,15.3,62.5
08/12/2026,07:35:24,15.4,62.2
08/12/2026,07:40:24,15.6,62.0
08/12/2026,07:45:24,15.7,65.1
08/12/2026,07:50:24,15.8,63.4
08/12/2026,07:55:24,16.0,64.2
08/12/2026,08:00:24,16.2,66.1
08/12/2026,08:05:24,16.3,65.6
08/12/2026,08:10:24,16.5,64.1
08/12/2026,08:15:24,16.7,67.0
08/12/2026,08:20:24,17.0,67.6
08/12/2026,08:25:24,17.4,67.5
08/12/2026,08:30:24,17.8,66.6
08/12/2026,08:35:24,18.0,65.0
08/12/2026,08:40:24,18.3,66.4
08/12/2026,08:45:24,18.6,66.3
08/12/2026,08:50:24,18.9,64.3
08/12/2026,08:55:24,19.0,65.4
08/12/2026,09:00:24,19.2,65.1
08/12/2026,09:05:24,19.4,64.2
08/12/2026,09:10:24,19.6,64.4
08/12/2026,09:15:24,19.7,63.8
08/12/2026,09:20:24,20.0,63.3
08/12/2026,09:25:24,20.2,63.1
08/12/2026,09:30:24,20.4,63.2
08/12/2026,09:35:24,20.7,63.1
08/12/2026,09:40:24,20.9,62.6
08/12/2026,09:45:24,21.3,62.0
08/12/2026,09:50:24,21.5,61.5
08/12/2026,09:55:24,21.8,61.3
08/12/2026,10:00:24,22.2,60.0
08/12/2026,10:05:24,22.5,60.3
08/12/2026,10:10:24,22.8,59.9
08/12/2026,10:15:24,23.1,58.8
08/12/2026,10:20:24,23.4,58.8
08/12/2026,10:25:24,23.7,58.1
08/12/2026,10:30:24,24.0,56.4
08/12/2026,10:35:24,24.3,56.2
08/12/2026,10:40:24,24.6,55.0
08/12/2026,10:45:24,24.9,54.0
08/12/2026,10:50:24,25.2,53.1
08/12/2026,10:55:24,25.5,52.4
08/12/2026,11:00:24,25.7,52.7
08/12/2026,11:05:24,26.0,50.3
08/12/2026,11:10:24,26.2,49.9
08/12/2026,11:15:24,26.4,49.3
08/12/2026,11:20:24,26.7,49.5
08/12/2026,11:25:24,27.0,48.7
08/12/2026,11:30:24,27.3,46.3
08/12/2026,11:35:24,27.4,46.6
08/12/2026,11:40:24,27.7,45.3
08/12/2026,11:45:24,27.9,43.6
08/12/2026,11:50:24,28.1,43.3
08/12/2026,11:55:24,28.3,42.9
08/12/2026,12:00:24,28.5,42.8
08/12/2026,12:05:24,28.7,42.3
08/12/2026,12:10:24,28.8,41.4
08/12/2026,12:15:24,28.9,41.2
08/12/2026,12:20:24,29.1,40.9
08/12/2026,12:25:24,29.4,40.6
08/12/2026,12:30:24,29.5,40.0
08/12/2026,12:35:24,29.8,39.3
08/12/2026,12:40:24,30.0,39.2
08/12/2026,12:45:24,30.2,39.1
08/12/2026,12:50:24,30.4,38.3
08/12/2026,12:55:24,30.6,37.9
08/12/2026,13:00:24,30.7,37.5
08/12/2026,13:05:24,30.9,36.7
08/12/2026,13:10:24,31.1,36.0
08/12/2026,13:15:24,31.2,35.9
08/12/2026,13:20:24,31.2,35.5
08/12/2026,13:25:24,31.4,35.2
08/12/2026,13:30:24,31.7,35.7
08/12/2026,13:35:24,31.9,34.9
08/12/2026,13:40:24,32.1,34.6
08/12/2026,13:45:24,32.2,34.2
08/12/2026,13:50:24,32.3,33.7
08/12/2026,13:55:24,32.4,33.5
08/12/2026,14:00:24,32.4,33.8
08/12/2026,14:05:24,32.7,33.1
08/12/2026,14:10:24,33.0,32.7
08/12/2026,14:15:24,33.1,32.2
08/12/2026,14:20:24,33.3,32.3
08/12/2026,14:25:24,33.4,30.9
08/12/2026,14:30:24,33.7,30.3
08/12/2026,14:35:24,33.8,30.0
08/12/2026,14:40:24,34.1,29.8
08/12/2026,14:45:24,34.3,28.9
08/12/2026,14:50:24,34.3,27.8
08/12/2026,14:55:24,34.4,27.5
08/12/2026,15:00:24,34.5,27.9
08/12/2026,15:05:24,34.5,27.4
08/12/2026,15:10:24,34.5,27.1
08/12/2026,15:15:24,34.5,26.5
08/12/2026,15:20:24,34.7,26.4
08/12/2026,15:25:24,34.8,25.7
08/12/2026,15:30:24,34.9,26.5
08/12/2026,15:35:24,34.9,26.5
08/12/2026,15:40:24,35.1,26.9
08/12/2026,15:45:24,35.5,26.9
08/12/2026,15:50:24,35.7,26.0
08/12/2026,15:55:24,35.6,26.1
08/12/2026,16:00:24,35.6,26.1
08/12/2026,16:05:24,35.5,26.5
08/12/2026,16:10:24,35.2,26.4
08/12/2026,16:15:24,35.1,26.4
08/12/2026,16:20:24,35.0,26.4
08/12/2026,16:25:24,34.8,26.3
08/12/2026,16:30:24,34.8,26.3
08/12/2026,16:35:24,34.6,26.3
08/12/2026,16:40:24,34.5,26.3
08/12/2026,16:45:24,34.5,26.2
08/12/2026,16:50:24,34.5,25.7
08/12/2026,16:55:24,34.1,25.9
08/12/2026,17:00:24,33.8,26.2
08/12/2026,17:05:24,33.5,26.2
08/12/2026,17:10:24,33.3,26.3
08/12/2026,17:15:24,33.0,26.4
08/12/2026,17:20:24,32.6,26.5
08/12/2026,17:25:24,32.5,26.9
08/12/2026,17:30:24,32.4,26.9
08/12/2026,17:35:24,32.1,27.0
08/12/2026,17:40:24,31.9,27.1
08/12/2026,17:45:24,31.8,27.1
08/12/2026,17:50:24,31.6,27.1
08/12/2026,17:55:24,31.5,27.0
08/12/2026,18:00:24,31.4,27.2
08/12/2026,18:05:24,31.3,27.6
08/12/2026,18:10:24,31.2,27.9
08/12/2026,18:15:24,31.1,27.8
08/12/2026,18:20:24,30.9,28.1
08/12/2026,18:25:24,30.8,28.4
08/12/2026,18:30:24,30.7,28.4
08/12/2026,18:35:24,30.6,28.6
08/12/2026,18:40:24,30.6,28.3
08/12/2026,18:45:24,30.5,28.2
08/12/2026,18:50:24,30.4,28.4
08/12/2026,18:55:24,30.2,28.6
08/12/2026,19:00:24,30.1,29.2
08/12/2026,19:05:24,29.9,29.6
08/12/2026,19:10:24,29.7,29.9
08/12/2026,19:15:24,29.6,30.6
08/12/2026,19:20:24,29.4,30.4
08/12/2026,19:25:24,29.2,30.7
08/12/2026,19:30:24,29.0,31.0
08/12/2026,19:35:24,28.8,31.2
08/12/2026,19:40:24,28.6,31.4
08/12/2026,19:45:24,28.5,31.7
08/12/2026,19:50:24,28.3,32.5
08/12/2026,19:55:24,28.2,32.3
08/12/2026,20:00:24,28.0,32.6
08/12/2026,20:05:24,27.9,32.9
08/12/2026,20:10:24,27.8,32.8
08/12/2026,20:15:24,27.7,33.2
08/12/2026,20:20:24,27.5,32.8
08/12/2026,20:25:24,27.3,33.0
08/12/2026,20:30:24,27.2,33.2
08/12/2026,20:35:24,27.0,33.7
08/12/2026,20:40:24,26.8,34.3
08/12/2026,20:45:24,26.6,34.9
08/12/2026,20:50:24,26.4,35.6
08/12/2026,20:55:24,26.3,36.3
08/12/2026,21:00:24,26.1,36.9
08/12/2026,21:05:24,26.0,37.9
08/12/2026,21:10:24,25.8,38.7
08/12/2026,21:15:24,25.7,39.5
08/12/2026,21:20:24,25.5,40.0
08/12/2026,21:25:24,25.3,40.6
08/12/2026,21:30:24,25.2,40.9
08/12/2026,21:35:24,25.1,41.3
08/12/2026,21:40:24,25.0,41.7
08/12/2026,21:45:24,24.9,41.9
08/12/2026,21:50:24,24.8,42.1
08/12/2026,21:55:24,24.7,41.5
08/12/2026,22:00:24,24.6,41.2
08/12/2026,22:05:24,24.4,40.5
08/12/2026,22:10:24,24.3,40.1
08/12/2026,22:15:24,24.2,40.1
08/12/2026,22:20:24,24.1,40.3
08/12/2026,22:25:24,24.0,40.6
08/12/2026,22:30:24,23.8,40.7
08/12/2026,22:35:24,23.7,41.0
08/12/2026,22:40:24,23.6,41.3
08/12/2026,22:45:24,23.5,41.7
08/12/2026,22:50:24,23.4,42.0
08/12/2026,22:55:24,23.3,42.6
08/12/2026,23:00:24,23.2,43.1
08/12/2026,23:05:24,23.1,43.4
08/12/2026,23:10:24,23.0,43.9
08/12/2026,23:15:24,22.8,44.1
08/12/2026,23:20:24,22.7,44.4
08/12/2026,23:25:24,22.6,44.7
08/12/2026,23:30:24,22.5,45.3
08/12/2026,23:35:24,22.3,45.7
08/12/2026,23:40:24,22.3,45.7
08/12/2026,23:45:24,22.1,46.1
08/12/2026,23:50:24,22.1,46.4
08/12/2026,23:55:24,22.0,46.6
08/13/2026,00:00:24,21.8,47.0
08/13/2026,00:05:24,21.8,47.0
08/13/2026,00:10:24,21.7,47.3
08/13/2026,00:15:24,21.6,47.7
08/13/2026,00:20:24,21.5,47.8
08/13/2026,00:25:24,21.5,48.1
08/13/2026,00:30:24,21.4,48.5
08/13/2026,00:35:24,21.3,48.7
08/13/2026,00:40:24,21.3,48.6
08/13/2026,00:45:24,21.2,49.3
08/13/2026,00:50:24,21.2,48.8
08/13/2026,00:55:24,21.2,48.2
08/13/2026,01:00:24,21.1,48.7
08/13/2026,01:05:24,21.0,47.5
08/13/2026,01:10:24,21.0,48.0
08/13/2026,01:15:24,20.9,44.6
08/13/2026,01:20:24,20.9,44.0
08/13/2026,01:25:24,20.8,43.0
08/13/2026,01:30:24,20.7,42.9
08/13/2026,01:35:24,20.7,42.0
08/13/2026,01:40:24,20.6,48.4
08/13/2026,01:45:24,20.5,48.5
08/13/2026,01:50:24,20.5,47.2
08/13/2026,01:55:24,20.4,46.0
08/13/2026,02:00:24,20.3,48.5
08/13/2026,02:05:24,20.3,47.5
08/13/2026,02:10:24,20.2,47.5
08/13/2026,02:15:24,20.2,47.8
08/13/2026,02:20:24,20.2,50.0
08/13/2026,02:25:24,20.1,48.2
08/13/2026,02:30:24,20.0,46.8
08/13/2026,02:35:24,19.9,48.4
08/13/2026,02:40:24,19.9,50.7
08/13/2026,02:45:24,19.8,50.9
08/13/2026,02:50:24,19.7,47.9
08/13/2026,02:55:24,19.6,47.1
08/13/2026,03:00:24,19.5,52.6
08/13/2026,03:05:24,19.5,51.6
08/13/2026,03:10:24,19.4,48.8
08/13/2026,03:15:24,19.3,48.3
08/13/2026,03:20:24,19.2,51.4
08/13/2026,03:25:24,19.1,49.7
08/13/2026,03:30:24,19.1,49.6
08/13/2026,03:35:24,19.0,50.4
08/13/2026,03:40:24,18.9,48.3
08/13/2026,03:45:24,18.9,47.1
08/13/2026,03:50:24,18.8,51.1
08/13/2026,03:55:24,18.7,49.0
08/13/2026,04:00:24,18.6,48.8
08/13/2026,04:05:24,18.5,50.6
08/13/2026,04:10:24,18.5,51.2
08/13/2026,04:15:24,18.4,54.2
08/13/2026,04:20:24,18.3,56.0
08/13/2026,04:25:24,18.2,52.6
08/13/2026,04:30:24,18.1,48.9
08/13/2026,04:35:24,18.1,51.4
08/13/2026,04:40:24,18.0,56.0
08/13/2026,04:45:24,17.9,49.3
08/13/2026,04:50:24,17.9,55.6
08/13/2026,04:55:24,17.8,53.9
08/13/2026,05:00:24,17.7,54.5
08/13/2026,05:05:24,17.7,54.2
08/13/2026,05:10:24,17.6,56.2
08/13/2026,05:15:24,17.5,54.9
08/13/2026,05:20:24,17.4,50.7
08/13/2026,05:25:24,17.4,57.9
08/13/2026,05:30:24,17.4,57.5
08/13/2026,05:35:24,17.4,58.0
08/13/2026,05:40:24,17.3,58.3
08/13/2026,05:45:24,17.3,57.6
08/13/2026,05:50:24,17.2,55.6
08/13/2026,05:55:24,17.2,52.1
08/13/2026,06:00:24,17.2,54.8
08/13/2026,06:05:24,17.1,51.3
08/13/2026,06:10:24,17.1,52.8
08/13/2026,06:15:24,17.0,49.5
08/13/2026,06:20:24,16.9,47.3
08/13/2026,06:25:24,16.9,47.2
08/13/2026,06:30:24,16.8,47.0
08/13/2026,06:35:24,16.7,47.0
08/13/2026,06:40:24,16.6,46.1
08/13/2026,06:45:24,16.5,46.2
08/13/2026,06:50:24,16.5,46.1
08/13/2026,06:55:24,16.4,46.3
08/13/2026,07:00:24,16.4,47.1
08/13/2026,07:05:24,16.3,46.8
08/13/2026,07:10:24,16.3,47.1
08/13/2026,07:15:24,16.2,47.7
08/13/2026,07:20:24,16.2,48.1
08/13/2026,07:25:24,16.2,48.3
08/13/2026,07:30:24,16.2,48.9
08/13/2026,07:35:24,16.2,49.5
08/13/2026,07:40:24,16.3,50.7
08/13/2026,07:45:24,16.3,50.8
08/13/2026,07:50:24,16.4,51.1
08/13/2026,07:55:24,16.5,52.1
08/13/2026,08:00:24,16.6,52.1
08/13/2026,08:05:24,16.7,52.9
08/13/2026,08:10:24,16.8,53.8
08/13/2026,08:15:24,16.9,54.0
08/13/2026,08:20:24,17.1,55.5
08/13/2026,08:25:24,17.2,55.9
08/13/2026,08:30:24,17.4,56.3
08/13/2026,08:35:24,17.5,56.4
08/13/2026,08:40:24,17.7,56.5
08/13/2026,08:45:24,17.9,56.8
08/13/2026,08:50:24,18.1,58.2
08/13/2026,08:55:24,18.3,58.3
08/13/2026,09:00:24,18.5,58.5
08/13/2026,09:05:24,18.9,59.0
08/13/2026,09:10:24,19.1,58.9
08/13/2026,09:15:24,19.4,59.0
08/13/2026,09:20:24,19.7,59.1
08/13/2026,09:25:24,20.1,59.0
08/13/2026,09:30:24,20.5,58.7
08/13/2026,09:35:24,20.9,58.4
08/13/2026,09:40:24,21.3,58.1
08/13/2026,09:45:24,21.7,57.4
08/13/2026,09:50:24,22.1,57.0
08/13/2026,09:55:24,22.6,56.7
08/13/2026,10:00:24,23.0,56.1
08/13/2026,10:05:24,23.5,55.3
08/13/2026,10:10:24,23.9,55.8
08/13/2026,10:15:24,24.4,55.1
08/13/2026,10:20:24,24.9,53.2
08/13/2026,10:25:24,25.3,53.4
08/13/2026,10:30:24,25.8,52.1
08/13/2026,10:35:24,26.2,51.7
08/13/2026,10:40:24,26.7,49.0
08/13/2026,10:45:24,27.1,49.0
08/13/2026,10:50:24,27.6,46.3
08/13/2026,10:55:24,28.0,44.9
08/13/2026,11:00:24,28.5,44.3
08/13/2026,11:05:24,28.9,44.2
08/13/2026,11:10:24,29.3,43.6
08/13/2026,11:15:24,29.7,41.9
08/13/2026,11:20:24,30.0,41.0
08/13/2026,11:25:24,30.4,39.6
08/13/2026,11:30:24,30.7,37.6
08/13/2026,11:35:24,31.0,36.5
08/13/2026,11:40:24,31.3,36.8
08/13/2026,11:45:24,31.6,33.6
08/13/2026,11:50:24,31.8,32.6
08/13/2026,11:55:24,32.1,32.2
08/13/2026,12:00:24,32.3,31.6
08/13/2026,12:05:24,32.6,31.5
08/13/2026,12:10:24,32.8,32.8
08/13/2026,12:15:24,33.0,30.0
08/13/2026,12:20:24,33.2,32.2
08/13/2026,12:25:24,33.4,30.3
08/13/2026,12:30:24,33.7,29.2
08/13/2026,12:35:24,33.9,29.8
08/13/2026,12:40:24,34.1,27.7
08/13/2026,12:45:24,34.3,27.5
08/13/2026,12:50:24,34.6,27.2
08/13/2026,12:55:24,34.8,27.0
08/13/2026,13:00:24,35.0,26.5
08/13/2026,13:05:24,35.1,26.9
08/13/2026,13:10:24,35.3,26.2
08/13/2026,13:15:24,35.5,25.8
08/13/2026,13:20:24,35.5,25.4
08/13/2026,13:25:24,35.4,25.5
08/13/2026,13:30:24,35.6,25.6
08/13/2026,13:35:24,35.9,25.2
08/13/2026,13:40:24,36.1,25.1
08/13/2026,13:45:24,36.3,24.8
08/13/2026,13:50:24,36.3,24.4
08/13/2026,13:55:24,36.3,24.6
08/13/2026,14:00:24,36.4,24.5
08/13/2026,14:05:24,36.7,24.2
08/13/2026,14:10:24,36.8,23.9
08/13/2026,14:15:24,36.7,24.1
08/13/2026,14:20:24,36.7,23.7
08/13/2026,14:25:24,36.9,23.6
08/13/2026,14:30:24,37.1,23.7
08/13/2026,14:35:24,37.4,23.5
08/13/2026,14:40:24,37.6,23.3
08/13/2026,14:45:24,37.5,23.4
08/13/2026,14:50:24,37.6,23.1
08/13/2026,14:55:24,37.7,23.3
08/13/2026,15:00:24,37.8,23.1
08/13/2026,15:05:24,37.9,23.1
08/13/2026,15:10:24,37.9,23.0
08/13/2026,15:15:24,38.0,22.9
08/13/2026,15:20:24,38.2,22.8
08/13/2026,15:25:24,38.3,22.6
08/13/2026,15:30:24,38.5,22.5
08/13/2026,15:35:24,38.6,22.5
08/13/2026,15:40:24,38.7,22.4
08/13/2026,15:45:24,38.9,22.2
08/13/2026,15:50:24,39.0,22.2
08/13/2026,15:55:24,39.0,21.9
08/13/2026,16:00:24,39.0,22.1
08/13/2026,16:05:24,38.9,22.2
08/13/2026,16:10:24,38.8,22.1
08/13/2026,16:15:24,38.7,22.2
08/13/2026,16:20:24,38.7,22.3
08/13/2026,16:25:24,38.7,22.4
08/13/2026,16:30:24,38.6,22.4
08/13/2026,16:35:24,38.6,22.5
08/13/2026,16:40:24,38.6,22.5
08/13/2026,16:45:24,38.4,22.6
08/13/2026,16:50:24,38.2,22.9
08/13/2026,16:55:24,38.1,22.8
08/13/2026,17:00:24,37.9,23.0
08/13/2026,17:05:24,37.5,23.1
08/13/2026,17:10:24,37.2,23.5
08/13/2026,17:15:24,37.0,23.7
08/13/2026,17:20:24,36.6,23.7
08/13/2026,17:25:24,36.3,24.1
08/13/2026,17:30:24,36.1,24.5
08/13/2026,17:35:24,35.9,24.7
08/13/2026,17:40:24,35.7,24.9
08/13/2026,17:45:24,35.6,25.0
08/13/2026,17:50:24,35.5,25.0
08/13/2026,17:55:24,35.3,25.1
08/13/2026,18:00:24,35.2,25.2
08/13/2026,18:05:24,35.0,25.4
08/13/2026,18:10:24,35.0,25.3
08/13/2026,18:15:24,34.8,25.5
08/13/2026,18:20:24,34.7,25.6
08/13/2026,18:25:24,34.5,25.7
08/13/2026,18:30:24,34.4,25.9
08/13/2026,18:35:24,34.3,25.9
08/13/2026,18:40:24,34.2,25.9
08/13/2026,18:45:24,34.1,25.8
08/13/2026,18:50:24,34.0,25.6
08/13/2026,18:55:24,33.9,26.0
08/13/2026,19:00:24,33.8,26.2
08/13/2026,19:05:24,33.8,26.1
08/13/2026,19:10:24,33.9,26.8
08/13/2026,19:15:24,33.8,26.2
08/13/2026,19:20:24,33.6,26.3
08/13/2026,19:25:24,33.4,26.7
08/13/2026,19:30:24,33.3,26.8
08/13/2026,19:35:24,33.1,27.4
08/13/2026,19:40:24,32.9,26.9
08/13/2026,19:45:24,32.7,27.0
08/13/2026,19:50:24,32.5,27.0
08/13/2026,19:55:24,32.4,27.1
08/13/2026,20:00:24,32.1,27.4
08/13/2026,20:05:24,32.0,27.7
08/13/2026,20:10:24,31.8,27.7
08/13/2026,20:15:24,31.6,28.0
08/13/2026,20:20:24,31.4,28.1
08/13/2026,20:25:24,31.2,28.7
08/13/2026,20:30:24,31.0,28.8
08/13/2026,20:35:24,30.8,29.3
08/13/2026,20:40:24,30.7,28.9
08/13/2026,20:45:24,30.4,29.0
08/13/2026,20:50:24,30.2,29.2
08/13/2026,20:55:24,30.1,29.4
08/13/2026,21:00:24,29.8,29.5
08/13/2026,21:05:24,29.7,29.6
08/13/2026,21:10:24,29.5,29.9
08/13/2026,21:15:24,29.3,30.0
08/13/2026,21:20:24,29.1,29.9
08/13/2026,21:25:24,29.0,30.0
08/13/2026,21:30:24,28.8,30.5
08/13/2026,21:35:24,28.6,30.6
08/13/2026,21:40:24,28.4,30.9
08/13/2026,21:45:24,28.3,31.3
08/13/2026,21:50:24,28.2,31.6
08/13/2026,21:55:24,28.0,31.8
08/13/2026,22:00:24,27.9,31.9
08/13/2026,22:05:24,27.7,32.1
08/13/2026,22:10:24,27.6,32.3
08/13/2026,22:15:24,27.6,32.5
08/13/2026,22:20:24,27.4,32.7
08/13/2026,22:25:24,27.3,32.8
08/13/2026,22:30:24,27.3,32.8
08/13/2026,22:35:24,27.1,32.9
08/13/2026,22:40:24,27.1,32.9
08/13/2026,22:45:24,27.0,32.8
08/13/2026,22:50:24,26.9,32.8
08/13/2026,22:55:24,26.8,32.8
08/13/2026,23:00:24,26.7,33.0
08/13/2026,23:05:24,26.6,33.1
08/13/2026,23:10:24,26.6,33.5
08/13/2026,23:15:24,26.5,33.7
08/13/2026,23:20:24,26.4,33.9
08/13/2026,23:25:24,26.3,34.2
08/13/2026,23:30:24,26.2,34.4
08/13/2026,23:35:24,26.1,34.7
08/13/2026,23:40:24,26.1,35.1
08/13/2026,23:45:24,25.9,35.4
08/13/2026,23:50:24,25.9,35.8
08/13/2026,23:55:24,25.8,36.1
08/14/2026,00:00:24,25.7,36.4
08/14/2026,00:05:24,25.7,36.6
08/14/2026,00:10:24,25.6,36.8
08/14/2026,00:15:24,25.6,37.0
08/14/2026,00:20:24,25.5,37.1
08/14/2026,00:25:24,25.5,37.3
08/14/2026,00:30:24,25.4,37.5
08/14/2026,00:35:24,25.4,37.6
08/14/2026,00:40:24,25.3,37.9
08/14/2026,00:45:24,25.2,38.0
08/14/2026,00:50:24,25.1,38.2
08/14/2026,00:55:24,25.1,38.3
08/14/2026,01:00:24,25.1,38.3
08/14/2026,01:05:24,25.0,38.5
08/14/2026,01:10:24,24.9,38.8
08/14/2026,01:15:24,24.9,38.6
08/14/2026,01:20:24,24.8,38.5
08/14/2026,01:25:24,24.7,38.9
08/14/2026,01:30:24,24.7,39.0
08/14/2026,01:35:24,24.6,39.4
08/14/2026,01:40:24,24.6,39.2
08/14/2026,01:45:24,24.5,39.5
08/14/2026,01:50:24,24.4,39.9
08/14/2026,01:55:24,24.4,39.7
08/14/2026,02:00:24,24.3,40.5
08/14/2026,02:05:24,24.3,40.2
08/14/2026,02:10:24,24.2,39.9
08/14/2026,02:15:24,24.1,40.5
08/14/2026,02:20:24,24.1,39.2
08/14/2026,02:25:24,24.0,41.0
08/14/2026,02:30:24,23.9,40.3
08/14/2026,02:35:24,23.9,39.8
08/14/2026,02:40:24,23.8,40.3
08/14/2026,02:45:24,23.7,40.2
08/14/2026,02:50:24,23.7,40.0
08/14/2026,02:55:24,23.6,41.3
08/14/2026,03:00:24,23.5,41.3
08/14/2026,03:05:24,23.4,41.9
08/14/2026,03:10:24,23.3,42.1
08/14/2026,03:15:24,23.2,41.6
08/14/2026,03:20:24,23.2,42.1
08/14/2026,03:25:24,23.1,43.3
08/14/2026,03:30:24,23.0,41.5
08/14/2026,03:35:24,23.0,42.2
08/14/2026,03:40:24,22.9,42.7
08/14/2026,03:45:24,22.9,40.2
08/14/2026,03:50:24,22.8,39.5
08/14/2026,03:55:24,22.7,40.7
08/14/2026,04:00:24,22.7,42.6
08/14/2026,04:05:24,22.6,43.3
08/14/2026,04:10:24,22.5,40.6
08/14/2026,04:15:24,22.5,42.5
08/14/2026,04:20:24,22.4,41.2
08/14/2026,04:25:24,22.3,40.8
08/14/2026,04:30:24,22.2,39.4
08/14/2026,04:35:24,22.1,39.8
08/14/2026,04:40:24,22.1,40.3
08/14/2026,04:45:24,22.0,39.1
08/14/2026,04:50:24,21.9,42.0
08/14/2026,04:55:24,21.9,40.9
08/14/2026,05:00:24,21.8,39.3
08/14/2026,05:05:24,21.7,38.6
08/14/2026,05:10:24,21.5,38.3
08/14/2026,05:15:24,21.4,39.1
08/14/2026,05:20:24,21.3,39.7
08/14/2026,05:25:24,21.3,41.7
08/14/2026,05:30:24,21.2,41.7
08/14/2026,05:35:24,21.2,39.6
08/14/2026,05:40:24,21.1,44.9
08/14/2026,05:45:24,21.1,42.9
08/14/2026,05:50:24,21.0,43.3
08/14/2026,05:55:24,21.0,43.5
08/14/2026,06:00:24,20.9,46.2
08/14/2026,06:05:24,20.9,46.9
08/14/2026,06:10:24,20.9,43.0
08/14/2026,06:15:24,20.8,43.1
08/14/2026,06:20:24,20.8,44.5
08/14/2026,06:25:24,20.7,42.8
08/14/2026,06:30:24,20.7,42.4
08/14/2026,06:35:24,20.6,40.7
08/14/2026,06:40:24,20.5,41.1
08/14/2026,06:45:24,20.5,42.1
08/14/2026,06:50:24,20.4,42.7
08/14/2026,06:55:24,20.4,41.7
08/14/2026,07:00:24,20.4,41.8
08/14/2026,07:05:24,20.4,44.7
08/14/2026,07:10:24,20.4,48.2
08/14/2026,07:15:24,20.6,53.2
08/14/2026,07:20:24,20.9,54.9
08/14/2026,07:25:24,21.2,55.0
08/14/2026,07:30:24,21.4,54.4
08/14/2026,07:35:24,21.6,56.9
08/14/2026,07:40:24,21.8,57.4
08/14/2026,07:45:24,22.1,57.2
08/14/2026,07:50:24,22.2,57.2
08/14/2026,07:55:24,22.3,57.4
08/14/2026,08:00:24,22.4,57.3
08/14/2026,08:05:24,22.5,56.7
08/14/2026,08:10:24,22.6,58.2
08/14/2026,08:15:24,22.7,57.4
08/14/2026,08:20:24,22.8,58.1
08/14/2026,08:25:24,23.0,58.2
08/14/2026,08:30:24,23.2,57.8
08/14/2026,08:35:24,23.3,58.0
08/14/2026,08:40:24,23.5,57.9
08/14/2026,08:45:24,23.6,58.0
08/14/2026,08:50:24,23.8,57.7
08/14/2026,08:55:24,23.9,57.4
08/14/2026,09:00:24,24.1,56.6
08/14/2026,09:05:24,24.2,56.7
08/14/2026,09:10:24,24.4,56.2
08/14/2026,09:15:24,24.5,55.8
08/14/2026,09:20:24,24.6,55.5
08/14/2026,09:25:24,24.8,55.8
08/14/2026,09:30:24,25.0,54.2
08/14/2026,09:35:24,25.2,54.1
08/14/2026,09:40:24,25.4,54.4
08/14/2026,09:45:24,25.7,54.5
08/14/2026,09:50:24,26.0,54.0
08/14/2026,09:55:24,26.3,53.5
08/14/2026,10:00:24,26.5,53.3
08/14/2026,10:05:24,26.8,52.6
08/14/2026,10:10:24,27.0,52.4
08/14/2026,10:15:24,27.2,51.9
08/14/2026,10:20:24,27.5,51.7
08/14/2026,10:25:24,27.7,51.5
08/14/2026,10:30:24,28.0,51.0
08/14/2026,10:35:24,28.2,49.9
08/14/2026,10:40:24,28.4,49.6
08/14/2026,10:45:24,28.5,49.8
08/14/2026,10:50:24,28.8,48.9
08/14/2026,10:55:24,28.9,48.4
08/14/2026,11:00:24,29.2,48.6
08/14/2026,11:05:24,29.5,48.8
08/14/2026,11:10:24,29.7,46.6
08/14/2026,11:15:24,29.7,46.8
08/14/2026,11:20:24,29.9,46.3
08/14/2026,11:25:24,29.9,45.8
08/14/2026,11:30:24,30.1,45.7
08/14/2026,11:35:24,30.1,45.7
08/14/2026,11:40:24,30.1,45.7
08/14/2026,11:45:24,30.3,45.4
08/14/2026,11:50:24,30.5,45.0
08/14/2026,11:55:24,30.7,45.2
08/14/2026,12:00:24,31.0,43.9
08/14/2026,12:05:24,31.0,44.0
08/14/2026,12:10:24,31.2,44.0
08/14/2026,12:15:24,31.4,43.5
08/14/2026,12:20:24,31.7,43.1
08/14/2026,12:25:24,31.9,42.6
08/14/2026,12:30:24,32.0,42.5
08/14/2026,12:35:24,32.0,42.0
08/14/2026,12:40:24,32.1,42.1
08/14/2026,12:45:24,32.5,41.6
08/14/2026,12:50:24,32.5,40.8
08/14/2026,12:55:24,32.7,40.7
08/14/2026,13:00:24,32.7,40.3
08/14/2026,13:05:24,32.5,40.3
08/14/2026,13:10:24,32.6,40.4
08/14/2026,13:15:24,32.5,40.5
08/14/2026,13:20:24,32.7,40.1
08/14/2026,13:25:24,32.8,39.9
08/14/2026,13:30:24,32.7,40.0
08/14/2026,13:35:24,33.0,40.2
08/14/2026,13:40:24,33.4,40.0
08/14/2026,13:45:24,33.7,39.0
08/14/2026,13:50:24,33.7,38.7
08/14/2026,13:55:24,33.5,38.8
08/14/2026,14:00:24,33.7,38.8
08/14/2026,14:05:24,33.9,38.3
08/14/2026,14:10:24,33.9,38.3
08/14/2026,14:15:24,34.1,37.8
08/14/2026,14:20:24,34.1,37.4
08/14/2026,14:25:24,34.0,37.5
08/14/2026,14:30:24,33.9,37.3
08/14/2026,14:35:24,33.8,37.1
08/14/2026,14:40:24,33.6,37.0
08/14/2026,14:45:24,33.6,37.3
08/14/2026,14:50:24,34.0,37.3
08/14/2026,14:55:24,34.4,36.7
08/14/2026,15:00:24,34.6,35.4
08/14/2026,15:05:24,34.6,35.1
08/14/2026,15:10:24,34.9,34.5
08/14/2026,15:15:24,35.1,33.7
08/14/2026,15:20:24,35.3,33.5
08/14/2026,15:25:24,35.4,32.4
08/14/2026,15:30:24,35.1,32.3
08/14/2026,15:35:24,35.2,32.2
08/14/2026,15:40:24,35.2,32.1
08/14/2026,15:45:24,35.4,31.9
08/14/2026,15:50:24,35.4,31.9
08/14/2026,15:55:24,35.8,31.5
08/14/2026,16:00:24,36.1,31.3
08/14/2026,16:05:24,36.4,31.4
08/14/2026,16:10:24,36.7,30.7
08/14/2026,16:15:24,36.7,30.6
08/14/2026,16:20:24,36.5,30.7
08/14/2026,16:25:24,36.6,30.1
08/14/2026,16:30:24,36.8,29.8
08/14/2026,16:35:24,36.8,29.6
08/14/2026,16:40:24,36.7,28.7
08/14/2026,16:45:24,36.3,28.7
08/14/2026,16:50:24,36.2,28.6
08/14/2026,16:55:24,35.9,29.0
08/14/2026,17:00:24,35.6,29.3
08/14/2026,17:05:24,35.3,29.4
08/14/2026,17:10:24,35.0,29.6
08/14/2026,17:15:24,34.6,29.7
08/14/2026,17:20:24,34.4,29.9
08/14/2026,17:25:24,34.3,30.5
08/14/2026,17:30:24,34.0,31.0
08/14/2026,17:35:24,33.7,31.3
08/14/2026,17:40:24,33.4,31.6
08/14/2026,17:45:24,33.2,31.9
08/14/2026,17:50:24,33.1,32.2
08/14/2026,17:55:24,33.1,32.3
08/14/2026,18:00:24,33.1,32.4
08/14/2026,18:05:24,33.1,32.6
08/14/2026,18:10:24,32.9,32.4
08/14/2026,18:15:24,32.8,32.7
08/14/2026,18:20:24,32.6,32.6
08/14/2026,18:25:24,32.4,32.9
08/14/2026,18:30:24,32.2,33.2
08/14/2026,18:35:24,32.2,33.4
08/14/2026,18:40:24,32.1,33.4
08/14/2026,18:45:24,31.9,33.5
08/14/2026,18:50:24,31.9,33.5
08/14/2026,18:55:24,31.8,33.4
08/14/2026,19:00:24,31.9,33.6
08/14/2026,19:05:24,32.1,33.3
08/14/2026,19:10:24,32.1,33.5
08/14/2026,19:15:24,32.1,33.3
08/14/2026,19:20:24,31.9,33.3
08/14/2026,19:25:24,31.8,33.7
08/14/2026,19:30:24,31.6,34.1
08/14/2026,19:35:24,31.4,34.5
08/14/2026,19:40:24,31.2,35.7
08/14/2026,19:45:24,31.0,36.7
08/14/2026,19:50:24,30.8,37.2
08/14/2026,19:55:24,30.7,37.4
08/14/2026,20:00:24,30.5,37.7
08/14/2026,20:05:24,30.4,37.9
08/14/2026,20:10:24,30.3,38.2
08/14/2026,20:15:24,30.1,38.5
08/14/2026,20:20:24,30.0,38.9
08/14/2026,20:25:24,29.9,39.0
08/14/2026,20:30:24,29.7,39.4
08/14/2026,20:35:24,29.6,39.9
08/14/2026,20:40:24,29.6,40.1
08/14/2026,20:45:24,29.5,40.1
08/14/2026,20:50:24,29.4,40.5
08/14/2026,20:55:24,29.3,41.2
08/14/2026,21:00:24,29.0,41.8
08/14/2026,21:05:24,28.8,42.4
08/14/2026,21:10:24,28.6,42.7
08/14/2026,21:15:24,28.4,43.1
08/14/2026,21:20:24,28.3,43.5
08/14/2026,21:25:24,28.2,43.9
08/14/2026,21:30:24,28.0,44.2
08/14/2026,21:35:24,27.9,44.4
08/14/2026,21:40:24,27.8,44.6
08/14/2026,21:45:24,27.7,44.9
08/14/2026,21:50:24,27.6,45.1
08/14/2026,21:55:24,27.5,45.4
08/14/2026,22:00:24,27.3,45.8
08/14/2026,22:05:24,27.2,46.1
08/14/2026,22:10:24,27.1,46.2
08/14/2026,22:15:24,27.1,46.4
08/14/2026,22:20:24,27.1,46.5
08/14/2026,22:25:24,27.1,46.6
08/14/2026,22:30:24,27.1,46.7
08/14/2026,22:35:24,27.1,46.6
08/14/2026,22:40:24,27.0,46.9
08/14/2026,22:45:24,27.0,47.1
08/14/2026,22:50:24,27.0,47.2
08/14/2026,22:55:24,26.9,47.3
08/14/2026,23:00:24,26.9,47.5
08/14/2026,23:05:24,26.8,47.7
08/14/2026,23:10:24,26.7,47.9
08/14/2026,23:15:24,26.6,48.1
08/14/2026,23:20:24,26.5,48.3
08/14/2026,23:25:24,26.4,48.6
08/14/2026,23:30:24,26.3,48.9
08/14/2026,23:35:24,26.2,49.2
08/14/2026,23:40:24,26.1,49.3
08/14/2026,23:45:24,26.0,49.7
08/14/2026,23:50:24,25.9,50.0
08/14/2026,23:55:24,25.8,50.8
08/15/2026,00:00:24,25.7,51.3
08/15/2026,00:05:24,25.6,52.1
08/15/2026,00:10:24,25.5,52.5
08/15/2026,00:15:24,25.4,52.6
08/15/2026,00:20:24,25.3,52.8
08/15/2026,00:25:24,25.1,53.4
08/15/2026,00:30:24,25.0,53.9
08/15/2026,00:35:24,24.9,54.0
08/15/2026,00:40:24,24.8,54.3
08/15/2026,00:45:24,24.7,54.6
08/15/2026,00:50:24,24.6,54.7
08/15/2026,00:55:24,24.5,54.8
08/15/2026,01:00:24,24.4,55.0
08/15/2026,01:05:24,24.4,55.1
08/15/2026,01:10:24,24.3,55.2
08/15/2026,01:15:24,24.1,55.3
08/15/2026,01:20:24,24.1,55.1
08/15/2026,01:25:24,24.0,55.7
08/15/2026,01:30:24,23.9,55.8
08/15/2026,01:35:24,23.9,55.6
08/15/2026,01:40:24,23.8,55.9
08/15/2026,01:45:24,23.8,56.2
08/15/2026,01:50:24,23.7,56.4
08/15/2026,01:55:24,23.6,56.4
08/15/2026,02:00:24,23.5,56.6
08/15/2026,02:05:24,23.5,56.8
08/15/2026,02:10:24,23.3,56.9
08/15/2026,02:15:24,23.2,57.1
08/15/2026,02:20:24,23.0,57.2
08/15/2026,02:25:24,22.9,57.3
08/15/2026,02:30:24,22.8,57.3
08/15/2026,02:35:24,22.7,57.2
08/15/2026,02:40:24,22.6,57.1
08/15/2026,02:45:24,22.5,57.0
08/15/2026,02:50:24,22.4,57.1
08/15/2026,02:55:24,22.3,57.0
08/15/2026,03:00:24,22.2,56.9
08/15/2026,03:05:24,22.1,56.6
08/15/2026,03:10:24,22.0,56.5
08/15/2026,03:15:24,22.0,56.2
08/15/2026,03:20:24,21.9,56.0
08/15/2026,03:25:24,21.7,56.0
08/15/2026,03:30:24,21.7,55.8
08/15/2026,03:35:24,21.6,55.7
08/15/2026,03:40:24,21.6,55.5
08/15/2026,03:45:24,21.5,55.3
08/15/2026,03:50:24,21.4,55.4
08/15/2026,03:55:24,21.4,55.5
08/15/2026,04:00:24,21.3,55.7
08/15/2026,04:05:24,21.2,55.7
08/15/2026,04:10:24,21.1,55.7
08/15/2026,04:15:24,21.1,55.9
08/15/2026,04:20:24,21.0,56.1
08/15/2026,04:25:24,21.0,56.2
08/15/2026,04:30:24,20.9,56.2
08/15/2026,04:35:24,21.0,56.4
08/15/2026,04:40:24,20.9,56.6
08/15/2026,04:45:24,20.9,56.7
08/15/2026,04:50:24,20.9,56.8
08/15/2026,04:55:24,20.8,56.9
08/15/2026,05:00:24,20.8,57.2
08/15/2026,05:05:24,20.8,57.4
08/15/2026,05:10:24,20.7,57.7
08/15/2026,05:15:24,20.7,58.3
08/15/2026,05:20:24,20.7,58.5
08/15/2026,05:25:24,20.7,58.9
08/15/2026,05:30:24,20.7,59.4
08/15/2026,05:35:24,20.7,59.8
08/15/2026,05:40:24,20.7,60.8
08/15/2026,05:45:24,20.7,61.7
08/15/2026,05:50:24,20.6,62.9
08/15/2026,05:55:24,20.6,63.6
08/15/2026,06:00:24,20.6,65.0
08/15/2026,06:05:24,20.6,64.5
08/15/2026,06:10:24,20.6,64.5
08/15/2026,06:15:24,20.6,65.6
08/15/2026,06:20:24,20.6,65.4
08/15/2026,06:25:24,20.6,64.8
08/15/2026,06:30:24,20.6,64.8
08/15/2026,06:35:24,20.6,64.8
08/15/2026,06:40:24,20.7,64.3
08/15/2026,06:45:24,20.7,64.8
08/15/2026,06:50:24,20.7,64.4
08/15/2026,06:55:24,20.7,64.3
08/15/2026,07:00:24,20.8,64.3
08/15/2026,07:05:24,20.8,63.3
08/15/2026,07:10:24,20.9,63.5
08/15/2026,07:15:24,20.8,63.7
08/15/2026,07:20:24,20.8,63.6
08/15/2026,07:25:24,20.8,63.6
08/15/2026,07:30:24,20.9,63.2
08/15/2026,07:35:24,20.9,62.8
08/15/2026,07:40:24,20.9,62.6
08/15/2026,07:45:24,20.9,62.3
08/15/2026,07:50:24,20.9,62.0
08/15/2026,07:55:24,20.9,61.8
08/15/2026,08:00:24,20.9,61.8
08/15/2026,08:05:24,20.9,61.6
08/15/2026,08:10:24,20.9,61.5
08/15/2026,08:15:24,21.0,61.5
08/15/2026,08:20:24,21.1,61.2
08/15/2026,08:25:24,21.2,60.7
08/15/2026,08:30:24,21.3,60.4
08/15/2026,08:35:24,21.5,59.8
08/15/2026,08:40:24,21.5,59.5
08/15/2026,08:45:24,21.6,59.4
08/15/2026,08:50:24,21.7,59.5
08/15/2026,08:55:24,21.9,58.9
08/15/2026,09:00:24,22.0,58.3
08/15/2026,09:05:24,22.1,58.0
08/15/2026,09:10:24,22.1,57.7
08/15/2026,09:15:24,22.3,57.6
08/15/2026,09:20:24,22.5,57.5
08/15/2026,09:25:24,22.6,57.0
08/15/2026,09:30:24,22.7,56.7
08/15/2026,09:35:24,22.9,56.7
08/15/2026,09:40:24,23.1,56.1
08/15/2026,09:45:24,23.1,55.8
08/15/2026,09:50:24,23.2,55.7
08/15/2026,09:55:24,23.3,55.5
08/15/2026,10:00:24,23.4,55.5
08/15/2026,10:05:24,23.5,55.3
08/15/2026,10:10:24,23.7,55.2
08/15/2026,10:15:24,23.8,55.1
08/15/2026,10:20:24,24.0,54.9
08/15/2026,10:25:24,23.8,54.9
08/15/2026,10:30:24,23.9,55.0
08/15/2026,10:35:24,24.1,55.1
08/15/2026,10:40:24,24.3,54.8
08/15/2026,10:45:24,24.4,54.6
08/15/2026,10:50:24,24.5,54.4
08/15/2026,10:55:24,24.4,54.3
08/15/2026,11:00:24,24.4,54.2
08/15/2026,11:05:24,24.5,54.2
08/15/2026,11:10:24,24.5,54.1
08/15/2026,11:15:24,24.5,54.1
08/15/2026,11:20:24,24.6,53.9
08/15/2026,11:25:24,24.7,53.6
08/15/2026,11:30:24,24.6,53.7
08/15/2026,11:35:24,24.6,53.7
08/15/2026,11:40:24,24.7,53.4
08/15/2026,11:45:24,24.8,53.0
08/15/2026,11:50:24,24.9,52.9
08/15/2026,11:55:24,25.1,52.6
08/15/2026,12:00:24,25.2,52.5
08/15/2026,12:05:24,25.4,52.1
08/15/2026,12:10:24,25.4,52.2
08/15/2026,12:15:24,25.4,51.9
08/15/2026,12:20:24,25.4,51.7
08/15/2026,12:25:24,25.4,51.9
08/15/2026,12:30:24,25.4,51.6
08/15/2026,12:35:24,25.4,51.4
08/15/2026,12:40:24,25.2,51.6
08/15/2026,12:45:24,25.2,51.7
08/15/2026,12:50:24,25.3,51.7
08/15/2026,12:55:24,25.5,51.6
08/15/2026,13:00:24,25.8,51.2
08/15/2026,13:05:24,25.9,51.2
08/15/2026,13:10:24,25.9,51.0
08/15/2026,13:15:24,25.8,50.9
08/15/2026,13:20:24,25.8,50.9
08/15/2026,13:25:24,25.9,50.7
08/15/2026,13:30:24,25.9,50.8
08/15/2026,13:35:24,25.7,50.7
08/15/2026,13:40:24,25.6,50.9
08/15/2026,13:45:24,25.5,51.5
08/15/2026,13:50:24,25.7,51.4
08/15/2026,13:55:24,25.8,51.2
08/15/2026,14:00:24,25.7,51.5
08/15/2026,14:05:24,26.0,51.1
08/15/2026,14:10:24,26.3,50.8
08/15/2026,14:15:24,26.5,50.1
08/15/2026,14:20:24,26.6,50.1
08/15/2026,14:25:24,26.8,49.7
08/15/2026,14:30:24,27.0,49.3
08/15/2026,14:35:24,27.2,48.8
08/15/2026,14:40:24,27.5,48.3
08/15/2026,14:45:24,27.8,48.1
08/15/2026,14:50:24,28.0,47.6
08/15/2026,14:55:24,28.1,47.1
08/15/2026,15:00:24,27.9,47.0
08/15/2026,15:05:24,27.8,47.1
08/15/2026,15:10:24,27.6,47.4
08/15/2026,15:15:24,27.5,47.4
08/15/2026,15:20:24,27.5,47.6
08/15/2026,15:25:24,27.3,47.6
08/15/2026,15:30:24,27.1,47.9
08/15/2026,15:35:24,27.2,48.0
08/15/2026,15:40:24,27.3,48.0
08/15/2026,15:45:24,27.4,47.7
08/15/2026,15:50:24,27.5,47.6
08/15/2026,15:55:24,27.6,47.6
08/15/2026,16:00:24,27.5,47.4
08/15/2026,16:05:24,27.5,47.5
08/15/2026,16:10:24,27.7,47.0
08/15/2026,16:15:24,27.8,47.0
08/15/2026,16:20:24,27.9,47.3
08/15/2026,16:25:24,27.7,46.9
08/15/2026,16:30:24,27.8,46.8
08/15/2026,16:35:24,27.9,46.7
08/15/2026,16:40:24,27.9,46.8
08/15/2026,16:45:24,27.7,46.7
08/15/2026,16:50:24,27.7,46.7
08/15/2026,16:55:24,27.7,46.8
08/15/2026,17:00:24,27.5,46.6
08/15/2026,17:05:24,27.4,47.1
08/15/2026,17:10:24,27.2,47.3
08/15/2026,17:15:24,27.1,47.5
08/15/2026,17:20:24,26.9,47.6
08/15/2026,17:25:24,26.7,48.0
08/15/2026,17:30:24,26.5,48.2
08/15/2026,17:35:24,26.3,48.5
08/15/2026,17:40:24,26.1,48.8
08/15/2026,17:45:24,25.9,49.2
08/15/2026,17:50:24,25.9,49.4
08/15/2026,17:55:24,25.8,49.6
08/15/2026,18:00:24,25.8,49.6
08/15/2026,18:05:24,25.8,49.8
08/15/2026,18:10:24,25.9,49.9
08/15/2026,18:15:24,26.0,49.7
08/15/2026,18:20:24,25.8,49.9
08/15/2026,18:25:24,25.7,50.0
08/15/2026,18:30:24,25.7,50.3
08/15/2026,18:35:24,25.7,50.3
08/15/2026,18:40:24,25.7,50.1
08/15/2026,18:45:24,25.5,50.0
08/15/2026,18:50:24,25.3,50.3
08/15/2026,18:55:24,25.2,50.4
08/15/2026,19:00:24,25.2,50.3
08/15/2026,19:05:24,25.0,50.5
08/15/2026,19:10:24,25.1,50.6
08/15/2026,19:15:24,25.1,50.6
08/15/2026,19:20:24,25.0,50.6
08/15/2026,19:25:24,25.0,50.5
08/15/2026,19:30:24,24.9,50.4
08/15/2026,19:35:24,24.8,50.3
08/15/2026,19:40:24,24.7,50.7
08/15/2026,19:45:24,24.6,51.0
08/15/2026,19:50:24,24.5,51.2
08/15/2026,19:55:24,24.4,51.3
08/15/2026,20:00:24,24.2,51.7
08/15/2026,20:05:24,24.1,52.2
08/15/2026,20:10:24,24.0,52.6
08/15/2026,20:15:24,23.9,52.9
08/15/2026,20:20:24,23.8,53.1
08/15/2026,20:25:24,23.6,53.4
08/15/2026,20:30:24,23.5,53.8
08/15/2026,20:35:24,23.3,54.2
08/15/2026,20:40:24,23.1,54.5
08/15/2026,20:45:24,23.0,54.9
08/15/2026,20:50:24,22.8,55.3
08/15/2026,20:55:24,22.6,55.7
08/15/2026,21:00:24,22.5,56.0
08/15/2026,21:05:24,22.4,56.4
08/15/2026,21:10:24,22.2,56.8
08/15/2026,21:15:24,22.2,57.1
08/15/2026,21:20:24,22.0,57.5
08/15/2026,21:25:24,21.9,57.7
08/15/2026,21:30:24,21.8,58.1
08/15/2026,21:35:24,21.7,58.4
08/15/2026,21:40:24,21.6,58.6
08/15/2026,21:45:24,21.4,59.0
08/15/2026,21:50:24,21.3,59.2
08/15/2026,21:55:24,21.2,59.4
08/15/2026,22:00:24,21.2,59.6
08/15/2026,22:05:24,21.0,59.9
08/15/2026,22:10:24,20.9,60.1
08/15/2026,22:15:24,20.9,60.3
08/15/2026,22:20:24,20.8,60.5
08/15/2026,22:25:24,20.7,60.7
08/15/2026,22:30:24,20.6,60.8
08/15/2026,22:35:24,20.5,61.0
08/15/2026,22:40:24,20.4,61.3
08/15/2026,22:45:24,20.4,61.5
08/15/2026,22:50:24,20.3,61.5
08/15/2026,22:55:24,20.3,61.6
08/15/2026,23:00:24,20.2,61.7
08/15/2026,23:05:24,20.1,61.8
08/15/2026,23:10:24,20.0,62.0
08/15/2026,23:15:24,19.9,62.2
08/15/2026,23:20:24,19.8,62.4
08/15/2026,23:25:24,19.7,62.7
08/15/2026,23:30:24,19.6,62.8
08/15/2026,23:35:24,19.6,63.1
08/15/2026,23:40:24,19.5,63.3
08/15/2026,23:45:24,19.4,63.5
08/15/2026,23:50:24,19.4,63.5
08/15/2026,23:55:24,19.3,63.8
08/16/2026,00:00:24,19.2,64.1
08/16/2026,00:05:24,19.1,64.1
08/16/2026,00:10:24,19.0,64.4
08/16/2026,00:15:24,19.0,64.7
08/16/2026,00:20:24,18.9,64.9
08/16/2026,00:25:24,18.8,65.2
08/16/2026,00:30:24,18.7,65.4
08/16/2026,00:35:24,18.6,65.5
08/16/2026,00:40:24,18.5,65.5
08/16/2026,00:45:24,18.4,65.8
08/16/2026,00:50:24,18.3,65.8
08/16/2026,00:55:24,18.3,66.3
08/16/2026,01:00:24,18.2,66.2
08/16/2026,01:05:24,18.2,66.5
08/16/2026,01:10:24,18.1,66.6
08/16/2026,01:15:24,18.0,66.4
08/16/2026,01:20:24,18.0,66.7
08/16/2026,01:25:24,17.9,66.9
08/16/2026,01:30:24,17.8,66.9
08/16/2026,01:35:24,17.8,67.0
08/16/2026,01:40:24,17.7,67.3
08/16/2026,01:45:24,17.6,67.6
08/16/2026,01:50:24,17.5,68.0
08/16/2026,01:55:24,17.4,68.1
08/16/2026,02:00:24,17.4,68.1
08/16/2026,02:05:24,17.3,68.1
08/16/2026,02:10:24,17.3,68.7
08/16/2026,02:15:24,17.2,68.8
08/16/2026,02:20:24,17.1,69.0
08/16/2026,02:25:24,17.0,69.2
08/16/2026,02:30:24,17.0,69.3
08/16/2026,02:35:24,16.8,69.6
08/16/2026,02:40:24,16.8,69.5
08/16/2026,02:45:24,16.7,69.7
08/16/2026,02:50:24,16.6,70.0
08/16/2026,02:55:24,16.6,70.3
08/16/2026,03:00:24,16.6,70.3
08/16/2026,03:05:24,16.5,70.4
08/16/2026,03:10:24,16.4,70.3
08/16/2026,03:15:24,16.4,70.9
08/16/2026,03:20:24,16.3,70.8
08/16/2026,03:25:24,16.3,70.7
08/16/2026,03:30:24,16.2,70.9
08/16/2026,03:35:24,16.2,71.1
08/16/2026,03:40:24,16.2,70.9
08/16/2026,03:45:24,16.1,71.1
08/16/2026,03:50:24,16.1,71.5
08/16/2026,03:55:24,16.0,71.6
08/16/2026,04:00:24,16.0,72.0
08/16/2026,04:05:24,15.9,72.0
08/16/2026,04:10:24,15.9,72.6
08/16/2026,04:15:24,15.9,72.7
08/16/2026,04:20:24,15.9,72.9
08/16/2026,04:25:24,15.8,73.3
08/16/2026,04:30:24,15.8,73.5
08/16/2026,04:35:24,15.7,73.8
08/16/2026,04:40:24,15.7,74.0
08/16/2026,04:45:24,15.6,74.2
08/16/2026,04:50:24,15.6,74.4
08/16/2026,04:55:24,15.5,74.6
08/16/2026,05:00:24,15.6,74.8
08/16/2026,05:05:24,15.6,74.9
08/16/2026,05:10:24,15.6,75.1
08/16/2026,05:15:24,15.6,75.2
08/16/2026,05:20:24,15.6,75.3
08/16/2026,05:25:24,15.5,75.5
08/16/2026,05:30:24,15.6,75.5
08/16/2026,05:35:24,15.6,75.6
08/16/2026,05:40:24,15.6,75.7
08/16/2026,05:45:24,15.7,75.8
08/16/2026,05:50:24,15.7,75.8
08/16/2026,05:55:24,15.7,75.9
08/16/2026,06:00:24,15.8,75.5
08/16/2026,06:05:24,15.8,75.2
08/16/2026,06:10:24,15.8,75.0
08/16/2026,06:15:24,15.8,74.9
08/16/2026,06:20:24,15.9,74.9
08/16/2026,06:25:24,15.9,74.8
08/16/2026,06:30:24,15.9,74.8
08/16/2026,06:35:24,15.9,74.8
08/16/2026,06:40:24,15.9,75.0
08/16/2026,06:45:24,16.0,74.8
08/16/2026,06:50:24,16.1,75.0
08/16/2026,06:55:24,16.1,75.0
08/16/2026,07:00:24,16.1,75.0
08/16/2026,07:05:24,16.1,75.0
08/16/2026,07:10:24,16.2,74.9
08/16/2026,07:15:24,16.2,74.9
08/16/2026,07:20:24,16.3,74.9
08/16/2026,07:25:24,16.4,74.8
08/16/2026,07:30:24,16.5,74.6
08/16/2026,07:35:24,16.5,74.5
08/16/2026,07:40:24,16.6,74.3
08/16/2026,07:45:24,16.7,74.2
08/16/2026,07:50:24,16.7,74.1
08/16/2026,07:55:24,16.8,73.8
08/16/2026,08:00:24,17.0,73.7
08/16/2026,08:05:24,17.1,73.5
08/16/2026,08:10:24,17.2,73.3
08/16/2026,08:15:24,17.4,73.1
08/16/2026,08:20:24,17.5,72.9
08/16/2026,08:25:24,17.5,72.8
08/16/2026,08:30:24,17.7,72.5
08/16/2026,08:35:24,17.9,72.0
08/16/2026,08:40:24,18.0,71.8
08/16/2026,08:45:24,18.1,71.5
08/16/2026,08:50:24,18.2,71.3
08/16/2026,08:55:24,18.4,71.1
08/16/2026,09:00:24,18.6,70.6
08/16/2026,09:05:24,18.7,70.2
08/16/2026,09:10:24,18.8,70.0
08/16/2026,09:15:24,19.0,69.8
08/16/2026,09:20:24,19.0,69.1
08/16/2026,09:25:24,19.1,68.8
08/16/2026,09:30:24,19.1,68.7
08/16/2026,09:35:24,19.1,68.3
08/16/2026,09:40:24,19.2,67.7
08/16/2026,09:45:24,19.3,67.4
08/16/2026,09:50:24,19.6,66.8
08/16/2026,09:55:24,19.8,66.4
08/16/2026,10:00:24,20.0,65.4
08/16/2026,10:05:24,20.0,65.1
08/16/2026,10:10:24,20.2,64.8
08/16/2026,10:15:24,20.3,64.6
08/16/2026,10:20:24,20.6,63.8
08/16/2026,10:25:24,20.8,62.5
08/16/2026,10:30:24,20.8,61.8
08/16/2026,10:35:24,20.8,62.5
08/16/2026,10:40:24,21.1,60.9
08/16/2026,10:45:24,21.3,60.7
08/16/2026,10:50:24,21.7,59.9
08/16/2026,10:55:24,21.8,60.1
08/16/2026,11:00:24,22.0,59.4
08/16/2026,11:05:24,22.1,58.9
08/16/2026,11:10:24,22.0,58.6
08/16/2026,11:15:24,22.0,58.8
08/16/2026,11:20:24,22.2,58.5
08/16/2026,11:25:24,22.2,58.2
08/16/2026,11:30:24,22.3,58.0
08/16/2026,11:35:24,22.3,57.9
08/16/2026,11:40:24,22.5,57.8
08/16/2026,11:45:24,22.7,57.0
08/16/2026,11:50:24,22.7,56.8
08/16/2026,11:55:24,22.8,56.4
08/16/2026,12:00:24,23.0,56.5
08/16/2026,12:05:24,23.4,55.8
08/16/2026,12:10:24,23.5,55.3
08/16/2026,12:15:24,23.7,54.5
08/16/2026,12:20:24,24.0,54.3
08/16/2026,12:25:24,24.2,53.5
08/16/2026,12:30:24,24.4,52.2
08/16/2026,12:35:24,24.4,52.2
08/16/2026,12:40:24,24.6,51.1
08/16/2026,12:45:24,24.9,51.0
08/16/2026,12:50:24,25.0,50.5
08/16/2026,12:55:24,25.0,50.4
08/16/2026,13:00:24,25.0,50.3
08/16/2026,13:05:24,25.1,50.3
08/16/2026,13:10:24,25.1,50.5
08/16/2026,13:15:24,25.2,49.9
08/16/2026,13:20:24,25.1,50.2
08/16/2026,13:25:24,25.3,49.8
08/16/2026,13:30:24,25.2,49.9
08/16/2026,13:35:24,25.4,50.3
08/16/2026,13:40:24,25.6,50.2
08/16/2026,13:45:24,25.7,49.6
08/16/2026,13:50:24,25.9,49.3
08/16/2026,13:55:24,25.9,48.8
08/16/2026,14:00:24,26.3,49.3
08/16/2026,14:05:24,26.6,48.1
08/16/2026,14:10:24,26.9,47.7
08/16/2026,14:15:24,27.2,47.0
08/16/2026,14:20:24,27.5,46.4
08/16/2026,14:25:24,27.5,46.5
08/16/2026,14:30:24,27.7,46.0
08/16/2026,14:35:24,27.6,45.6
08/16/2026,14:40:24,27.2,45.6
08/16/2026,14:45:24,27.0,45.9
08/16/2026,14:50:24,27.3,46.0
08/16/2026,14:55:24,27.4,45.7
08/16/2026,15:00:24,27.2,45.8
08/16/2026,15:05:24,27.2,45.7
08/16/2026,15:10:24,27.1,45.7
08/16/2026,15:15:24,27.0,45.7
08/16/2026,15:20:24,27.0,46.0
08/16/2026,15:25:24,26.8,46.6
08/16/2026,15:30:24,27.0,46.6
08/16/2026,15:35:24,27.1,46.4
08/16/2026,15:40:24,27.2,46.5
08/16/2026,15:45:24,27.2,46.1
08/16/2026,15:50:24,27.4,46.3
08/16/2026,15:55:24,27.7,45.3
08/16/2026,16:00:24,27.4,45.0
08/16/2026,16:05:24,27.4,44.6
08/16/2026,16:10:24,27.5,44.7
08/16/2026,16:15:24,27.6,44.5
08/16/2026,16:20:24,27.4,44.3
08/16/2026,16:25:24,27.4,44.3
08/16/2026,16:30:24,27.4,44.0
08/16/2026,16:35:24,27.5,44.0
08/16/2026,16:40:24,27.4,44.2
08/16/2026,16:45:24,27.5,43.8
08/16/2026,16:50:24,27.3,44.1
08/16/2026,16:55:24,27.2,43.9
08/16/2026,17:00:24,27.2,43.7
08/16/2026,17:05:24,27.0,43.3
08/16/2026,17:10:24,26.9,43.7
08/16/2026,17:15:24,26.9,43.9
08/16/2026,17:20:24,26.8,44.2
08/16/2026,17:25:24,26.8,43.7
08/16/2026,17:30:24,26.7,43.3
08/16/2026,17:35:24,26.7,43.8
08/16/2026,17:40:24,26.7,43.1
08/16/2026,17:45:24,26.6,43.5
08/16/2026,17:50:24,26.6,44.2
08/16/2026,17:55:24,26.6,43.9
08/16/2026,18:00:24,26.5,44.0
08/16/2026,18:05:24,26.4,44.2
08/16/2026,18:10:24,26.4,43.8
08/16/2026,18:15:24,26.3,43.9
08/16/2026,18:20:24,26.3,44.1
08/16/2026,18:25:24,26.3,44.1
08/16/2026,18:30:24,26.2,43.5
08/16/2026,18:35:24,26.2,43.5
08/16/2026,18:40:24,26.3,43.2
08/16/2026,18:45:24,26.1,42.7
08/16/2026,18:50:24,25.9,43.0
08/16/2026,18:55:24,25.7,43.2
08/16/2026,19:00:24,25.6,43.3
08/16/2026,19:05:24,25.5,43.6
08/16/2026,19:10:24,25.5,43.6
08/16/2026,19:15:24,25.4,43.6
08/16/2026,19:20:24,25.3,43.8
08/16/2026,19:25:24,25.3,43.9
08/16/2026,19:30:24,25.2,43.9
08/16/2026,19:35:24,25.1,44.1
08/16/2026,19:40:24,24.9,44.3
08/16/2026,19:45:24,24.8,44.4
08/16/2026,19:50:24,24.6,44.7
08/16/2026,19:55:24,24.5,45.1
08/16/2026,20:00:24,24.3,45.2
08/16/2026,20:05:24,24.2,45.5
08/16/2026,20:10:24,24.1,45.7
08/16/2026,20:15:24,23.9,46.0
08/16/2026,20:20:24,23.8,46.3
08/16/2026,20:25:24,23.7,46.4
08/16/2026,20:30:24,23.6,46.6
08/16/2026,20:35:24,23.5,47.0
08/16/2026,20:40:24,23.4,47.2
08/16/2026,20:45:24,23.2,47.2
08/16/2026,20:50:24,23.1,47.4
08/16/2026,20:55:24,23.0,47.6
08/16/2026,21:00:24,22.9,47.8
08/16/2026,21:05:24,22.8,48.0
08/16/2026,21:10:24,22.7,48.0
08/16/2026,21:15:24,22.6,48.3
08/16/2026,21:20:24,22.5,48.5
08/16/2026,21:25:24,22.4,48.7
08/16/2026,21:30:24,22.3,48.9
08/16/2026,21:35:24,22.2,49.2
08/16/2026,21:40:24,22.1,49.3
08/16/2026,21:45:24,22.1,49.6
08/16/2026,21:50:24,22.1,49.8
08/16/2026,21:55:24,21.9,50.1
08/16/2026,22:00:24,21.9,50.4
08/16/2026,22:05:24,21.8,50.7
08/16/2026,22:10:24,21.8,50.9
08/16/2026,22:15:24,21.7,51.2
08/16/2026,22:20:24,21.6,51.4
08/16/2026,22:25:24,21.6,51.6
08/16/2026,22:30:24,21.5,51.8
08/16/2026,22:35:24,21.5,52.0
08/16/2026,22:40:24,21.5,52.3
08/16/2026,22:45:24,21.4,52.4
08/16/2026,22:50:24,21.4,52.8
08/16/2026,22:55:24,21.3,53.3
08/16/2026,23:00:24,21.3,53.2
08/16/2026,23:05:24,21.2,53.7
08/16/2026,23:10:24,21.2,54.3
08/16/2026,23:15:24,21.1,54.7
08/16/2026,23:20:24,21.0,55.3
08/16/2026,23:25:24,21.0,55.6
08/16/2026,23:30:24,20.9,56.2
08/16/2026,23:35:24,20.9,56.5
08/16/2026,23:40:24,20.9,56.9
08/16/2026,23:45:24,20.8,57.2
08/16/2026,23:50:24,20.7,57.7
08/16/2026,23:55:24,20.7,58.1
08/17/2026,00:00:24,20.6,58.5
08/17/2026,00:05:24,20.6,58.8
08/17/2026,00:10:24,20.6,59.0
08/17/2026,00:15:24,20.5,59.2
08/17/2026,00:20:24,20.5,59.4
08/17/2026,00:25:24,20.5,59.6
08/17/2026,00:30:24,20.4,59.7
08/17/2026,00:35:24,20.3,60.0
08/17/2026,00:40:24,20.3,60.3
08/17/2026,00:45:24,20.2,60.4
08/17/2026,00:50:24,20.1,60.6
08/17/2026,00:55:24,20.1,60.8
08/17/2026,01:00:24,20.0,60.9
08/17/2026,01:05:24,20.0,60.9
08/17/2026,01:10:24,19.9,61.0
08/17/2026,01:15:24,19.9,61.1
08/17/2026,01:20:24,19.8,61.2
08/17/2026,01:25:24,19.8,61.1
08/17/2026,01:30:24,19.8,61.2
08/17/2026,01:35:24,19.7,61.1
08/17/2026,01:40:24,19.7,61.1
08/17/2026,01:45:24,19.7,60.8
08/17/2026,01:50:24,19.6,60.6
08/17/2026,01:55:24,19.6,60.7
08/17/2026,02:00:24,19.5,60.7
08/17/2026,02:05:24,19.5,60.6
08/17/2026,02:10:24,19.4,60.6
08/17/2026,02:15:24,19.4,60.5
08/17/2026,02:20:24,19.4,60.4
08/17/2026,02:25:24,19.4,60.4
08/17/2026,02:30:24,19.3,60.4
08/17/2026,02:35:24,19.3,60.5
08/17/2026,02:40:24,19.2,60.5
08/17/2026,02:45:24,19.2,60.4
08/17/2026,02:50:24,19.1,60.5
08/17/2026,02:55:24,19.1,60.6
08/17/2026,03:00:24,19.1,60.6
08/17/2026,03:05:24,19.1,60.5
08/17/2026,03:10:24,19.0,60.3
08/17/2026,03:15:24,19.0,60.4
08/17/2026,03:20:24,19.0,60.4
08/17/2026,03:25:24,18.9,60.6
08/17/2026,03:30:24,18.9,60.7
08/17/2026,03:35:24,18.9,60.7
08/17/2026,03:40:24,18.8,60.8
08/17/2026,03:45:24,18.8,60.9
08/17/2026,03:50:24,18.7,61.0
08/17/2026,03:55:24,18.7,61.3
08/17/2026,04:00:24,18.6,61.3
08/17/2026,04:05:24,18.6,61.4
08/17/2026,04:10:24,18.5,61.4
08/17/2026,04:15:24,18.5,61.5
08/17/2026,04:20:24,18.4,61.7
08/17/2026,04:25:24,18.3,61.8
08/17/2026,04:30:24,18.2,62.0
08/17/2026,04:35:24,18.1,62.2
08/17/2026,04:40:24,18.1,62.5
08/17/2026,04:45:24,18.0,62.6
08/17/2026,04:50:24,18.0,62.7
08/17/2026,04:55:24,17.9,62.7
08/17/2026,05:00:24,17.9,62.7
08/17/2026,05:05:24,17.8,63.0
08/17/2026,05:10:24,17.8,62.9
08/17/2026,05:15:24,17.7,62.9
08/17/2026,05:20:24,17.7,63.2
08/17/2026,05:25:24,17.6,63.4
08/17/2026,05:30:24,17.5,63.5
08/17/2026,05:35:24,17.4,63.8
08/17/2026,05:40:24,17.3,63.9
08/17/2026,05:45:24,17.3,64.1
08/17/2026,05:50:24,17.2,64.3
08/17/2026,05:55:24,17.2,64.4
08/17/2026,06:00:24,17.1,64.7
08/17/2026,06:05:24,17.1,65.0
08/17/2026,06:10:24,17.1,65.2
08/17/2026,06:15:24,17.1,65.6
08/17/2026,06:20:24,17.1,65.7
08/17/2026,06:25:24,17.1,65.3
08/17/2026,06:30:24,17.1,65.7
08/17/2026,06:35:24,17.1,65.9
08/17/2026,06:40:24,17.1,64.2
08/17/2026,06:45:24,17.2,64.7
08/17/2026,06:50:24,17.2,64.8
08/17/2026,06:55:24,17.3,65.2
08/17/2026,07:00:24,17.3,64.2
08/17/2026,07:05:24,17.4,64.6
08/17/2026,07:10:24,17.4,63.4
08/17/2026,07:15:24,17.5,65.0
08/17/2026,07:20:24,17.6,65.0
08/17/2026,07:25:24,17.7,65.0
08/17/2026,07:30:24,17.8,65.1
08/17/2026,07:35:24,17.9,64.9
08/17/2026,07:40:24,18.0,64.4
08/17/2026,07:45:24,18.0,64.2
08/17/2026,07:50:24,18.0,64.0
08/17/2026,07:55:24,18.1,63.5
08/17/2026,08:00:24,18.1,63.7
08/17/2026,08:05:24,18.2,63.3
08/17/2026,08:10:24,18.3,63.4
08/17/2026,08:15:24,18.4,63.2
08/17/2026,08:20:24,18.5,63.1
08/17/2026,08:25:24,18.6,62.8
08/17/2026,08:30:24,18.7,62.2
08/17/2026,08:35:24,18.8,61.6
08/17/2026,08:40:24,18.9,62.0
08/17/2026,08:45:24,19.0,61.6
08/17/2026,08:50:24,19.1,61.6
08/17/2026,08:55:24,19.2,61.3
08/17/2026,09:00:24,19.4,61.0
08/17/2026,09:05:24,19.5,60.8
08/17/2026,09:10:24,19.5,60.8
08/17/2026,09:15:24,19.7,60.6
08/17/2026,09:20:24,19.8,60.4
08/17/2026,09:25:24,20.0,60.2
08/17/2026,09:30:24,20.2,60.0
08/17/2026,09:35:24,20.4,59.7
08/17/2026,09:40:24,20.7,59.5
08/17/2026,09:45:24,20.9,59.0
08/17/2026,09:50:24,21.1,58.4
08/17/2026,09:55:24,21.3,58.0
08/17/2026,10:00:24,21.5,57.6
08/17/2026,10:05:24,21.7,57.0
08/17/2026,10:10:24,21.8,56.2
08/17/2026,10:15:24,21.8,56.4
08/17/2026,10:20:24,21.9,56.3
08/17/2026,10:25:24,22.0,56.1
08/17/2026,10:30:24,22.2,55.8
08/17/2026,10:35:24,22.3,55.5
08/17/2026,10:40:24,22.4,55.4
08/17/2026,10:45:24,22.6,54.9
08/17/2026,10:50:24,22.6,54.4
08/17/2026,10:55:24,22.8,54.5
08/17/2026,11:00:24,23.1,53.8
08/17/2026,11:05:24,23.3,53.2
08/17/2026,11:10:24,23.4,53.5
08/17/2026,11:15:24,23.7,52.7
08/17/2026,11:20:24,23.8,51.7
08/17/2026,11:25:24,23.8,51.6
08/17/2026,11:30:24,24.0,51.7
08/17/2026,11:35:24,24.2,50.9
08/17/2026,11:40:24,24.4,50.5
08/17/2026,11:45:24,24.5,50.1
08/17/2026,11:50:24,24.6,50.2
08/17/2026,11:55:24,24.8,49.6
08/17/2026,12:00:24,24.8,49.2
08/17/2026,12:05:24,24.9,49.2
08/17/2026,12:10:24,25.1,49.2
08/17/2026,12:15:24,25.2,48.8
08/17/2026,12:20:24,25.4,48.7
08/17/2026,12:25:24,25.4,48.0
08/17/2026,12:30:24,25.4,48.1
08/17/2026,12:35:24,25.5,48.2
08/17/2026,12:40:24,25.7,47.9
08/17/2026,12:45:24,25.8,47.8
08/17/2026,12:50:24,25.9,47.8
08/17/2026,12:55:24,26.0,47.2
08/17/2026,13:00:24,26.0,46.8
08/17/2026,13:05:24,26.1,46.8
08/17/2026,13:10:24,26.2,46.8
08/17/2026,13:15:24,26.4,46.5
08/17/2026,13:20:24,26.6,45.8
08/17/2026,13:25:24,26.2,45.9
08/17/2026,13:30:24,26.2,46.1
08/17/2026,13:35:24,26.2,46.2
08/17/2026,13:40:24,26.2,46.0
08/17/2026,13:45:24,26.3,45.8
08/17/2026,13:50:24,26.3,45.7
08/17/2026,13:55:24,26.2,45.6
08/17/2026,14:00:24,26.3,45.6
08/17/2026,14:05:24,26.4,45.3
08/17/2026,14:10:24,26.4,45.9
08/17/2026,14:15:24,26.4,45.4
08/17/2026,14:20:24,26.2,45.4
08/17/2026,14:25:24,26.2,45.7
08/17/2026,14:30:24,26.1,45.6
08/17/2026,14:35:24,26.1,46.0
08/17/2026,14:40:24,26.1,45.6
08/17/2026,14:45:24,26.4,45.6
08/17/2026,14:50:24,26.5,45.3
08/17/2026,14:55:24,26.9,45.5
08/17/2026,15:00:24,27.2,44.5
08/17/2026,15:05:24,27.2,44.5
08/17/2026,15:10:24,27.0,44.4
08/17/2026,15:15:24,26.7,44.6
08/17/2026,15:20:24,26.6,44.9
08/17/2026,15:25:24,26.8,45.1
08/17/2026,15:30:24,27.0,45.1
08/17/2026,15:35:24,27.1,44.6
08/17/2026,15:40:24,27.0,44.8
08/17/2026,15:45:24,27.0,44.7
08/17/2026,15:50:24,27.1,44.8
08/17/2026,15:55:24,27.3,44.7
08/17/2026,16:00:24,27.3,44.7
08/17/2026,16:05:24,27.4,44.5
08/17/2026,16:10:24,27.3,44.5
08/17/2026,16:15:24,27.3,44.6
08/17/2026,16:20:24,27.0,44.8
08/17/2026,16:25:24,27.0,45.0
08/17/2026,16:30:24,26.9,45.1
08/17/2026,16:35:24,26.8,44.9
08/17/2026,16:40:24,26.6,45.1
08/17/2026,16:45:24,26.5,45.2
08/17/2026,16:50:24,26.5,45.2
08/17/2026,16:55:24,26.4,45.4
08/17/2026,17:00:24,26.5,45.9
08/17/2026,17:05:24,26.5,45.9
08/17/2026,17:10:24,26.5,45.5
08/17/2026,17:15:24,26.4,45.6
08/17/2026,17:20:24,26.4,45.9
08/17/2026,17:25:24,26.4,45.7
08/17/2026,17:30:24,26.3,45.9
08/17/2026,17:35:24,26.3,45.8
08/17/2026,17:40:24,26.3,46.0
08/17/2026,17:45:24,26.3,45.9
08/17/2026,17:50:24,26.2,45.9
08/17/2026,17:55:24,26.2,46.3
08/17/2026,18:00:24,26.2,46.5
08/17/2026,18:05:24,26.3,46.3
08/17/2026,18:10:24,26.3,46.3
08/17/2026,18:15:24,26.3,46.3
08/17/2026,18:20:24,26.3,46.4
08/17/2026,18:25:24,26.3,46.2
08/17/2026,18:30:24,26.3,46.3
08/17/2026,18:35:24,26.3,46.4
08/17/2026,18:40:24,26.3,46.2
08/17/2026,18:45:24,26.2,46.5
08/17/2026,18:50:24,26.2,46.4
08/17/2026,18:55:24,26.3,46.6
08/17/2026,19:00:24,26.2,46.6
08/17/2026,19:05:24,26.2,46.5
08/17/2026,19:10:24,26.1,46.9
08/17/2026,19:15:24,26.0,46.8
08/17/2026,19:20:24,25.9,46.9
08/17/2026,19:25:24,25.9,47.1
08/17/2026,19:30:24,25.8,47.2
08/17/2026,19:35:24,25.7,47.2
08/17/2026,19:40:24,25.6,47.6
08/17/2026,19:45:24,25.6,47.7
08/17/2026,19:50:24,25.5,47.6
08/17/2026,19:55:24,25.4,49.9
08/17/2026,20:00:24,25.1,51.5
08/17/2026,20:05:24,24.9,52.5
08/17/2026,20:10:24,24.7,53.5
08/17/2026,20:15:24,24.5,54.2
08/17/2026,20:20:24,24.4,54.9
08/17/2026,20:25:24,24.1,55.4
08/17/2026,20:30:24,24.0,56.1
08/17/2026,20:35:24,23.8,56.7
08/17/2026,20:40:24,23.6,57.2
08/17/2026,20:45:24,23.4,57.8
08/17/2026,20:50:24,23.3,58.2
08/17/2026,20:55:24,23.1,58.6
08/17/2026,21:00:24,23.0,59.2
08/17/2026,21:05:24,22.9,59.5
08/17/2026,21:10:24,22.7,60.1
08/17/2026,21:15:24,22.6,60.6
08/17/2026,21:20:24,22.5,61.0
08/17/2026,21:25:24,22.4,61.5
08/17/2026,21:30:24,22.3,61.9
08/17/2026,21:35:24,22.3,62.2
08/17/2026,21:40:24,22.2,62.7
08/17/2026,21:45:24,22.1,63.2
08/17/2026,21:50:24,22.0,63.7
08/17/2026,21:55:24,22.0,64.0
08/17/2026,22:00:24,21.9,64.3
08/17/2026,22:05:24,21.9,64.8
08/17/2026,22:10:24,21.8,65.2
08/17/2026,22:15:24,21.7,65.7
08/17/2026,22:20:24,21.7,66.1
08/17/2026,22:25:24,21.6,66.5
08/17/2026,22:30:24,21.6,66.8
08/17/2026,22:35:24,21.5,67.1
08/17/2026,22:40:24,21.5,67.4
08/17/2026,22:45:24,21.4,67.7
08/17/2026,22:50:24,21.4,67.9
08/17/2026,22:55:24,21.4,68.1
08/17/2026,23:00:24,21.4,68.3
08/17/2026,23:05:24,21.4,68.5
08/17/2026,23:10:24,21.4,68.7
08/17/2026,23:15:24,21.4,68.8
08/17/2026,23:20:24,21.3,69.1
08/17/2026,23:25:24,21.3,69.2
08/17/2026,23:30:24,21.3,69.6
08/17/2026,23:35:24,21.3,69.6
08/17/2026,23:40:24,21.4,69.7
08/17/2026,23:45:24,21.4,69.7
08/17/2026,23:50:24,21.3,69.9
08/17/2026,23:55:24,21.3,69.9
08/18/2026,00:00:24,21.3,70.1
08/18/2026,00:05:24,21.3,70.2
08/18/2026,00:10:24,21.3,70.1
08/18/2026,00:15:24,21.3,70.1
08/18/2026,00:20:24,21.3,70.0
08/18/2026,00:25:24,21.3,69.9
08/18/2026,00:30:24,21.4,69.9
08/18/2026,00:35:24,21.4,69.8
08/18/2026,00:40:24,21.4,69.7
08/18/2026,00:45:24,21.4,69.7
08/18/2026,00:50:24,21.4,69.6
08/18/2026,00:55:24,21.5,69.3
08/18/2026,01:00:24,21.5,68.8
08/18/2026,01:05:24,21.5,67.8
08/18/2026,01:10:24,21.6,65.8
08/18/2026,01:15:24,21.7,64.0
08/18/2026,01:20:24,21.9,63.6
08/18/2026,01:25:24,21.9,63.6
08/18/2026,01:30:24,21.8,64.1
08/18/2026,01:35:24,21.6,64.4
08/18/2026,01:40:24,21.5,64.9
08/18/2026,01:45:24,21.4,65.2
08/18/2026,01:50:24,21.3,65.2
08/18/2026,01:55:24,21.3,64.5
08/18/2026,02:00:24,21.2,64.2
08/18/2026,02:05:24,21.2,64.3
08/18/2026,02:10:24,20.8,65.1
08/18/2026,02:15:24,20.0,67.5
08/18/2026,02:20:24,19.3,69.9
08/18/2026,02:25:24,18.8,71.4
08/18/2026,02:30:24,18.5,72.4
08/18/2026,02:35:24,18.3,73.6
08/18/2026,02:40:24,18.1,74.1
08/18/2026,02:45:24,18.0,74.7
08/18/2026,02:50:24,18.0,75.0
08/18/2026,02:55:24,17.9,75.5
08/18/2026,03:00:24,17.8,76.0
08/18/2026,03:05:24,17.7,76.6
08/18/2026,03:10:24,17.6,77.1
08/18/2026,03:15:24,17.6,77.6
08/18/2026,03:20:24,17.7,77.9
08/18/2026,03:25:24,17.7,78.1
08/18/2026,03:30:24,17.7,78.3
08/18/2026,03:35:24,17.7,78.5
08/18/2026,03:40:24,17.8,78.7
08/18/2026,03:45:24,17.7,78.8
08/18/2026,03:50:24,17.6,79.1
08/18/2026,03:55:24,17.6,79.3
08/18/2026,04:00:24,17.5,79.8
08/18/2026,04:05:24,17.5,79.8
08/18/2026,04:10:24,17.5,80.0
08/18/2026,04:15:24,17.5,80.1
08/18/2026,04:20:24,17.5,80.3
08/18/2026,04:25:24,17.5,80.4
08/18/2026,04:30:24,17.5,80.5
08/18/2026,04:35:24,17.5,80.6
08/18/2026,04:40:24,17.5,80.8
08/18/2026,04:45:24,17.5,80.8
08/18/2026,04:50:24,17.5,80.8
08/18/2026,04:55:24,17.4,81.0
08/18/2026,05:00:24,17.4,81.0
08/18/2026,05:05:24,17.4,81.1
08/18/2026,05:10:24,17.4,81.2
08/18/2026,05:15:24,17.4,81.4
08/18/2026,05:20:24,17.4,81.5
08/18/2026,05:25:24,17.4,81.6
08/18/2026,05:30:24,17.4,81.7
08/18/2026,05:35:24,17.4,82.0
08/18/2026,05:40:24,17.4,82.2
08/18/2026,05:45:24,17.4,82.6
08/18/2026,05:50:24,17.5,82.8
08/18/2026,05:55:24,17.5,82.8
08/18/2026,06:00:24,17.5,82.8
08/18/2026,06:05:24,17.6,82.6
08/18/2026,06:10:24,17.6,82.6
08/18/2026,06:15:24,17.6,82.6
08/18/2026,06:20:24,17.7,82.6
08/18/2026,06:25:24,17.7,82.4
08/18/2026,06:30:24,17.7,82.3
08/18/2026,06:35:24,17.7,81.8
08/18/2026,06:40:24,17.8,81.8
08/18/2026,06:45:24,17.8,81.7
08/18/2026,06:50:24,17.9,81.7
08/18/2026,06:55:24,17.9,81.5
08/18/2026,07:00:24,17.9,81.4
08/18/2026,07:05:24,18.0,81.2
08/18/2026,07:10:24,18.0,81.0
08/18/2026,07:15:24,18.1,81.0
08/18/2026,07:20:24,18.1,81.0
08/18/2026,07:25:24,18.2,80.9
08/18/2026,07:30:24,18.3,80.9
08/18/2026,07:35:24,18.4,81.0
08/18/2026,07:40:24,18.4,80.9
08/18/2026,07:45:24,18.5,81.0
08/18/2026,07:50:24,18.6,80.9
08/18/2026,07:55:24,18.6,80.9
08/18/2026,08:00:24,18.7,81.0
08/18/2026,08:05:24,18.8,81.0
08/18/2026,08:10:24,18.9,81.0
08/18/2026,08:15:24,19.0,80.9
08/18/2026,08:20:24,19.1,81.1
08/18/2026,08:25:24,19.1,80.9
08/18/2026,08:30:24,19.2,80.8
08/18/2026,08:35:24,19.2,80.8
08/18/2026,08:40:24,19.3,80.7
08/18/2026,08:45:24,19.3,80.7
08/18/2026,08:50:24,19.3,80.7
08/18/2026,08:55:24,19.3,80.8
08/18/2026,09:00:24,19.3,80.7
08/18/2026,09:05:24,19.4,80.9
08/18/2026,09:10:24,19.4,80.9
08/18/2026,09:15:24,19.5,81.0
08/18/2026,09:20:24,19.5,81.0
08/18/2026,09:25:24,19.5,81.1
08/18/2026,09:30:24,19.5,81.2
08/18/2026,09:35:24,19.5,81.3
08/18/2026,09:40:24,19.6,81.5
08/18/2026,09:45:24,19.6,81.5
08/18/2026,09:50:24,19.7,81.5
08/18/2026,09:55:24,19.7,81.8
08/18/2026,10:00:24,19.9,81.6
08/18/2026,10:05:24,20.0,81.1
08/18/2026,10:10:24,20.1,80.7
08/18/2026,10:15:24,20.3,80.1
08/18/2026,10:20:24,20.3,79.4
08/18/2026,10:25:24,20.5,78.7
08/18/2026,10:30:24,20.6,78.4
08/18/2026,10:35:24,20.7,77.6
08/18/2026,10:40:24,20.8,77.3
08/18/2026,10:45:24,20.9,77.4
08/18/2026,10:50:24,21.1,77.2
08/18/2026,10:55:24,21.3,77.0
08/18/2026,11:00:24,21.5,76.4
08/18/2026,11:05:24,21.6,75.7
08/18/2026,11:10:24,21.7,75.1
08/18/2026,11:15:24,21.9,74.0
08/18/2026,11:20:24,22.1,73.1
08/18/2026,11:25:24,22.2,72.7
08/18/2026,11:30:24,22.4,71.8
08/18/2026,11:35:24,22.5,70.5
08/18/2026,11:40:24,22.6,70.4
08/18/2026,11:45:24,22.6,70.0
08/18/2026,11:50:24,22.7,69.6
08/18/2026,11:55:24,22.7,69.4
08/18/2026,12:00:24,22.8,69.4
08/18/2026,12:05:24,22.9,69.0
08/18/2026,12:10:24,22.9,68.4
08/18/2026,12:15:24,23.0,68.4
08/18/2026,12:20:24,23.0,67.9
08/18/2026,12:25:24,22.9,66.7
08/18/2026,12:30:24,23.0,66.5
08/18/2026,12:35:24,23.1,65.6
08/18/2026,12:40:24,23.3,64.7
08/18/2026,12:45:24,23.5,63.6
08/18/2026,12:50:24,23.7,63.7
08/18/2026,12:55:24,23.8,62.7
08/18/2026,13:00:24,23.9,62.5
08/18/2026,13:05:24,24.1,61.1
08/18/2026,13:10:24,24.1,60.3
08/18/2026,13:15:24,24.2,59.4
08/18/2026,13:20:24,24.3,58.8
08/18/2026,13:25:24,24.1,58.7
08/18/2026,13:30:24,24.0,58.3
08/18/2026,13:35:24,24.0,57.5
08/18/2026,13:40:24,24.1,57.8
08/18/2026,13:45:24,24.4,57.3
08/18/2026,13:50:24,24.4,56.4
08/18/2026,13:55:24,24.5,56.1
08/18/2026,14:00:24,24.5,55.4
08/18/2026,14:05:24,24.3,55.9
08/18/2026,14:10:24,24.4,55.9
08/18/2026,14:15:24,24.5,55.5
08/18/2026,14:20:24,24.5,54.7
08/18/2026,14:25:24,24.4,54.5
08/18/2026,14:30:24,24.4,53.2
08/18/2026,14:35:24,24.3,52.8
08/18/2026,14:40:24,24.3,52.9
08/18/2026,14:45:24,24.2,52.5
08/18/2026,14:50:24,24.2,52.8
08/18/2026,14:55:24,24.2,52.6
08/18/2026,15:00:24,24.2,51.9
08/18/2026,15:05:24,24.2,52.2
08/18/2026,15:10:24,24.2,51.9
08/18/2026,15:15:24,24.2,51.8
08/18/2026,15:20:24,24.1,52.2
08/18/2026,15:25:24,24.1,51.8
08/18/2026,15:30:24,24.1,52.1
08/18/2026,15:35:24,24.2,51.7
08/18/2026,15:40:24,24.3,51.6
08/18/2026,15:45:24,24.3,51.2
08/18/2026,15:50:24,24.4,51.7
08/18/2026,15:55:24,24.6,51.0
08/18/2026,16:00:24,24.5,51.3
08/18/2026,16:05:24,24.6,51.2
08/18/2026,16:10:24,24.7,50.7
08/18/2026,16:15:24,24.7,50.6
08/18/2026,16:20:24,24.7,50.8
08/18/2026,16:25:24,24.6,50.9
08/18/2026,16:30:24,24.6,50.6
08/18/2026,16:35:24,24.5,49.8
08/18/2026,16:40:24,24.3,49.9
08/18/2026,16:45:24,24.2,50.0
08/18/2026,16:50:24,24.1,50.2
08/18/2026,16:55:24,24.0,50.5
08/18/2026,17:00:24,23.9,50.9
08/18/2026,17:05:24,23.9,50.8
08/18/2026,17:10:24,23.9,51.1
08/18/2026,17:15:24,23.9,51.3
08/18/2026,17:20:24,24.0,51.4
08/18/2026,17:25:24,24.1,51.4
08/18/2026,17:30:24,24.0,51.2
08/18/2026,17:35:24,23.8,51.6
08/18/2026,17:40:24,23.8,51.9
08/18/2026,17:45:24,23.7,52.1
08/18/2026,17:50:24,23.7,52.2
08/18/2026,17:55:24,23.6,52.3
08/18/2026,18:00:24,23.5,52.4
08/18/2026,18:05:24,23.5,52.2
08/18/2026,18:10:24,23.4,52.3
08/18/2026,18:15:24,23.4,52.2
08/18/2026,18:20:24,23.3,51.9
08/18/2026,18:25:24,23.3,52.0
08/18/2026,18:30:24,23.2,51.9
08/18/2026,18:35:24,23.1,51.9
08/18/2026,18:40:24,23.0,51.8
08/18/2026,18:45:24,22.8,51.8
08/18/2026,18:50:24,22.7,51.9
08/18/2026,18:55:24,22.7,51.9
08/18/2026,19:00:24,22.6,52.3
08/18/2026,19:05:24,22.6,52.4
08/18/2026,19:10:24,22.5,52.5
08/18/2026,19:15:24,22.4,52.7
08/18/2026,19:20:24,22.4,52.8
08/18/2026,19:25:24,22.3,52.9
08/18/2026,19:30:24,22.2,53.1
08/18/2026,19:35:24,22.2,53.3
08/18/2026,19:40:24,22.1,53.5
08/18/2026,19:45:24,22.1,53.6
08/18/2026,19:50:24,22.0,53.8
08/18/2026,19:55:24,21.9,53.9
08/18/2026,20:00:24,21.8,54.1
08/18/2026,20:05:24,21.8,54.3
08/18/2026,20:10:24,21.7,54.4
08/18/2026,20:15:24,21.7,54.6
08/18/2026,20:20:24,21.6,54.7
08/18/2026,20:25:24,21.5,54.8
08/18/2026,20:30:24,21.5,55.0
08/18/2026,20:35:24,21.5,55.1
08/18/2026,20:40:24,21.4,55.2
08/18/2026,20:45:24,21.3,55.3
08/18/2026,20:50:24,21.3,55.4
08/18/2026,20:55:24,21.2,55.6
08/18/2026,21:00:24,21.2,55.6
08/18/2026,21:05:24,21.1,55.7
08/18/2026,21:10:24,21.1,55.8
08/18/2026,21:15:24,21.0,56.0
08/18/2026,21:20:24,21.0,56.1
08/18/2026,21:25:24,20.9,56.2
08/18/2026,21:30:24,20.9,56.3
08/18/2026,21:35:24,20.9,56.3
08/18/2026,21:40:24,20.9,56.5
08/18/2026,21:45:24,20.8,56.6
08/18/2026,21:50:24,20.8,56.8
08/18/2026,21:55:24,20.8,56.9
08/18/2026,22:00:24,20.8,57.2
08/18/2026,22:05:24,20.7,57.1
08/18/2026,22:10:24,20.7,57.1
08/18/2026,22:15:24,20.7,57.2
08/18/2026,22:20:24,20.6,57.4
08/18/2026,22:25:24,20.6,58.3
08/18/2026,22:30:24,20.6,58.0
08/18/2026,22:35:24,20.5,58.4
08/18/2026,22:40:24,20.5,58.7
08/18/2026,22:45:24,20.5,58.6
08/18/2026,22:50:24,20.4,58.9
08/18/2026,22:55:24,20.4,58.7
08/18/2026,23:00:24,20.4,58.8
08/18/2026,23:05:24,20.3,58.6
08/18/2026,23:10:24,20.2,59.2
08/18/2026,23:15:24,20.2,58.9
08/18/2026,23:20:24,20.2,59.0
08/18/2026,23:25:24,20.1,59.0
08/18/2026,23:30:24,20.1,59.2
08/18/2026,23:35:24,20.1,59.2
08/18/2026,23:40:24,20.1,59.3
08/18/2026,23:45:24,20.0,59.5
08/18/2026,23:50:24,20.0,59.5
08/18/2026,23:55:24,20.0,59.7
08/19/2026,00:00:24,20.0,60.3
08/19/2026,00:05:24,19.9,60.1
08/19/2026,00:10:24,19.9,60.1
08/19/2026,00:15:24,19.9,60.4
08/19/2026,00:20:24,19.9,60.4
08/19/2026,00:25:24,19.8,60.4
08/19/2026,00:30:24,19.7,60.6
08/19/2026,00:35:24,19.7,61.0
08/19/2026,00:40:24,19.7,62.3
08/19/2026,00:45:24,19.6,63.0
08/19/2026,00:50:24,19.5,63.3
08/19/2026,00:55:24,19.5,63.8
08/19/2026,01:00:24,19.5,63.9
08/19/2026,01:05:24,19.4,63.7
08/19/2026,01:10:24,19.4,63.6
08/19/2026,01:15:24,19.3,64.4
08/19/2026,01:20:24,19.3,64.7
08/19/2026,01:25:24,19.2,65.2
08/19/2026,01:30:24,19.2,65.8
08/19/2026,01:35:24,19.2,66.7
08/19/2026,01:40:24,19.1,67.1
08/19/2026,01:45:24,19.1,67.1
08/19/2026,01:50:24,19.1,66.8
08/19/2026,01:55:24,19.0,67.0
08/19/2026,02:00:24,19.0,67.1
08/19/2026,02:05:24,18.9,67.2
08/19/2026,02:10:24,18.9,66.8
08/19/2026,02:15:24,18.8,66.7
08/19/2026,02:20:24,18.8,66.6
08/19/2026,02:25:24,18.8,67.1
08/19/2026,02:30:24,18.6,67.7
08/19/2026,02:35:24,18.6,68.2
08/19/2026,02:40:24,18.5,68.9
08/19/2026,02:45:24,18.4,69.5
08/19/2026,02:50:24,18.3,70.5
08/19/2026,02:55:24,18.3,70.4
08/19/2026,03:00:24,18.2,70.4
08/19/2026,03:05:24,18.2,70.3
08/19/2026,03:10:24,18.1,70.6
08/19/2026,03:15:24,18.0,70.3
08/19/2026,03:20:24,18.0,70.5
08/19/2026,03:25:24,17.9,70.4
08/19/2026,03:30:24,17.8,70.4
08/19/2026,03:35:24,17.7,70.4
08/19/2026,03:40:24,17.6,70.6
08/19/2026,03:45:24,17.6,70.8
08/19/2026,03:50:24,17.5,71.0
08/19/2026,03:55:24,17.5,71.1
08/19/2026,04:00:24,17.5,71.1
08/19/2026,04:05:24,17.5,71.2
08/19/2026,04:10:24,17.4,71.2
08/19/2026,04:15:24,17.4,71.2
08/19/2026,04:20:24,17.4,71.2
08/19/2026,04:25:24,17.3,71.4
08/19/2026,04:30:24,17.3,71.5
08/19/2026,04:35:24,17.3,71.6
08/19/2026,04:40:24,17.3,72.1
08/19/2026,04:45:24,17.3,71.8
08/19/2026,04:50:24,17.3,71.7
08/19/2026,04:55:24,17.3,71.6
08/19/2026,05:00:24,17.2,71.6
08/19/2026,05:05:24,17.2,71.5
08/19/2026,05:10:24,17.2,71.5
08/19/2026,05:15:24,17.2,71.4
08/19/2026,05:20:24,17.2,71.3
08/19/2026,05:25:24,17.2,71.2
08/19/2026,05:30:24,17.2,71.2
08/19/2026,05:35:24,17.2,71.2
08/19/2026,05:40:24,17.2,71.3
08/19/2026,05:45:24,17.2,71.4
08/19/2026,05:50:24,17.1,71.5
08/19/2026,05:55:24,17.1,71.6
08/19/2026,06:00:24,17.1,71.5
08/19/2026,06:05:24,17.1,71.9
08/19/2026,06:10:24,17.1,71.6
08/19/2026,06:15:24,17.1,71.7
08/19/2026,06:20:24,17.1,71.9
08/19/2026,06:25:24,17.1,71.9
08/19/2026,06:30:24,17.1,72.0
08/19/2026,06:35:24,17.1,72.0
08/19/2026,06:40:24,17.1,72.1
08/19/2026,06:45:24,17.2,72.0
08/19/2026,06:50:24,17.2,71.9
08/19/2026,06:55:24,17.2,72.1
08/19/2026,07:00:24,17.2,72.5
08/19/2026,07:05:24,17.1,72.8
08/19/2026,07:10:24,17.1,73.0
08/19/2026,07:15:24,17.1,73.2
08/19/2026,07:20:24,17.0,73.5
08/19/2026,07:25:24,17.0,73.6
08/19/2026,07:30:24,17.1,74.2
08/19/2026,07:35:24,17.1,74.4
08/19/2026,07:40:24,17.1,74.6
08/19/2026,07:45:24,17.1,74.8
08/19/2026,07:50:24,17.1,74.6
08/19/2026,07:55:24,17.2,74.7
08/19/2026,08:00:24,17.2,74.7
08/19/2026,08:05:24,17.3,74.8
08/19/2026,08:10:24,17.3,74.8
08/19/2026,08:15:24,17.4,74.9
08/19/2026,08:20:24,17.4,75.1
08/19/2026,08:25:24,17.5,74.9
08/19/2026,08:30:24,17.6,75.3
08/19/2026,08:35:24,17.8,74.8
08/19/2026,08:40:24,18.0,74.6
08/19/2026,08:45:24,18.1,73.9
08/19/2026,08:50:24,18.1,73.8
08/19/2026,08:55:24,18.1,72.9
08/19/2026,09:00:24,18.2,72.2
08/19/2026,09:05:24,18.4,71.3
08/19/2026,09:10:24,18.5,70.6
08/19/2026,09:15:24,18.4,70.4
08/19/2026,09:20:24,18.5,69.8
08/19/2026,09:25:24,18.6,69.1
08/19/2026,09:30:24,18.8,68.8
08/19/2026,09:35:24,18.9,68.5
08/19/2026,09:40:24,19.1,67.8
08/19/2026,09:45:24,19.1,67.2
08/19/2026,09:50:24,19.2,66.5
08/19/2026,09:55:24,19.1,66.0
08/19/2026,10:00:24,19.2,66.1
08/19/2026,10:05:24,19.2,67.1
08/19/2026,10:10:24,19.4,65.8
08/19/2026,10:15:24,19.3,65.1
08/19/2026,10:20:24,19.3,65.5
08/19/2026,10:25:24,19.5,64.8
08/19/2026,10:30:24,19.8,64.5
08/19/2026,10:35:24,20.1,63.9
08/19/2026,10:40:24,20.3,62.1
08/19/2026,10:45:24,20.3,61.4
08/19/2026,10:50:24,20.3,61.9
08/19/2026,10:55:24,20.7,62.3
08/19/2026,11:00:24,20.9,60.7
08/19/2026,11:05:24,21.0,60.0
08/19/2026,11:10:24,21.2,59.8
08/19/2026,11:15:24,21.4,59.3
08/19/2026,11:20:24,21.6,58.3
08/19/2026,11:25:24,21.5,58.4
08/19/2026,11:30:24,21.7,58.6
08/19/2026,11:35:24,21.9,58.1
08/19/2026,11:40:24,21.9,56.8
08/19/2026,11:45:24,21.9,56.4
08/19/2026,11:50:24,21.9,55.9
08/19/2026,11:55:24,21.9,55.5
08/19/2026,12:00:24,21.8,55.6
08/19/2026,12:05:24,21.8,55.4
08/19/2026,12:10:24,21.8,55.0
08/19/2026,12:15:24,21.9,55.1
08/19/2026,12:20:24,22.1,55.4
08/19/2026,12:25:24,22.3,54.9
08/19/2026,12:30:24,22.4,54.0
08/19/2026,12:35:24,22.4,53.8
08/19/2026,12:40:24,22.5,53.6
08/19/2026,12:45:24,22.4,52.9
08/19/2026,12:50:24,22.3,53.0
08/19/2026,12:55:24,22.4,53.2
08/19/2026,13:00:24,22.6,53.4
08/19/2026,13:05:24,23.0,52.1
08/19/2026,13:10:24,22.9,52.0
08/19/2026,13:15:24,23.0,52.2
08/19/2026,13:20:24,23.1,51.8
08/19/2026,13:25:24,23.0,51.4
08/19/2026,13:30:24,23.0,52.2
08/19/2026,13:35:24,23.0,52.0
08/19/2026,13:40:24,23.0,52.0
08/19/2026,13:45:24,23.2,51.9
08/19/2026,13:50:24,23.5,51.4
08/19/2026,13:55:24,23.8,50.6
08/19/2026,14:00:24,23.7,49.9
08/19/2026,14:05:24,23.5,49.8
08/19/2026,14:10:24,23.4,50.6
08/19/2026,14:15:24,23.3,50.3
08/19/2026,14:20:24,23.2,50.1
08/19/2026,14:25:24,23.0,50.3
08/19/2026,14:30:24,23.0,50.3
08/19/2026,14:35:24,23.0,50.9
08/19/2026,14:40:24,23.0,50.3
08/19/2026,14:45:24,22.9,50.2
08/19/2026,14:50:24,22.9,50.1
08/19/2026,14:55:24,23.0,50.0
08/19/2026,15:00:24,23.0,50.0
08/19/2026,15:05:24,23.1,49.8
08/19/2026,15:10:24,23.1,50.0
08/19/2026,15:15:24,23.2,50.0
08/19/2026,15:20:24,23.2,48.7
08/19/2026,15:25:24,23.3,48.4
08/19/2026,15:30:24,23.3,47.7
08/19/2026,15:35:24,23.3,47.2
08/19/2026,15:40:24,23.5,47.7
08/19/2026,15:45:24,23.6,46.9
08/19/2026,15:50:24,23.7,47.0
08/19/2026,15:55:24,23.8,46.7
08/19/2026,16:00:24,24.1,46.9
08/19/2026,16:05:24,24.4,45.8
08/19/2026,16:10:24,24.7,45.2
08/19/2026,16:15:24,24.8,45.2
08/19/2026,16:20:24,25.0,44.7
08/19/2026,16:25:24,25.5,44.1
08/19/2026,16:30:24,25.9,43.4
08/19/2026,16:35:24,26.0,42.6
08/19/2026,16:40:24,25.9,42.6
08/19/2026,16:45:24,26.1,42.5
08/19/2026,16:50:24,26.3,42.1
08/19/2026,16:55:24,26.2,41.8
08/19/2026,17:00:24,26.2,41.8
08/19/2026,17:05:24,26.0,41.9
08/19/2026,17:10:24,25.7,41.7
08/19/2026,17:15:24,25.5,42.0
08/19/2026,17:20:24,25.3,42.1
08/19/2026,17:25:24,25.2,42.0
08/19/2026,17:30:24,25.1,42.2
08/19/2026,17:35:24,25.0,42.2
08/19/2026,17:40:24,24.9,42.0
08/19/2026,17:45:24,24.7,41.9
08/19/2026,17:50:24,24.6,42.1
08/19/2026,17:55:24,24.5,42.2
08/19/2026,18:00:24,24.4,42.3
08/19/2026,18:05:24,24.3,42.5
08/19/2026,18:10:24,24.2,42.5
08/19/2026,18:15:24,24.1,42.6
08/19/2026,18:20:24,23.9,42.8
08/19/2026,18:25:24,23.8,46.5
08/19/2026,18:30:24,23.4,47.7
08/19/2026,18:35:24,23.0,49.2
08/19/2026,18:40:24,22.8,50.2
08/19/2026,18:45:24,22.6,50.8
08/19/2026,18:50:24,22.5,51.5
08/19/2026,18:55:24,22.3,52.2
08/19/2026,19:00:24,22.2,52.8
08/19/2026,19:05:24,22.2,53.3
08/19/2026,19:10:24,22.1,54.0
08/19/2026,19:15:24,22.0,54.5
08/19/2026,19:20:24,21.8,54.8
08/19/2026,19:25:24,21.8,55.3
08/19/2026,19:30:24,21.7,55.5
08/19/2026,19:35:24,21.8,55.5
08/19/2026,19:40:24,21.7,55.6
08/19/2026,19:45:24,21.7,55.8
08/19/2026,19:50:24,21.6,55.6
08/19/2026,19:55:24,21.5,55.9
08/19/2026,20:00:24,21.4,56.4
08/19/2026,20:05:24,21.3,56.9
08/19/2026,20:10:24,21.2,57.7
08/19/2026,20:15:24,21.1,58.2
08/19/2026,20:20:24,20.9,58.7
08/19/2026,20:25:24,20.8,59.2
08/19/2026,20:30:24,20.8,59.6
08/19/2026,20:35:24,20.7,59.9
08/19/2026,20:40:24,20.5,60.2
08/19/2026,20:45:24,20.4,60.6
08/19/2026,20:50:24,20.4,61.0
08/19/2026,20:55:24,20.3,61.0
08/19/2026,21:00:24,20.3,61.2
08/19/2026,21:05:24,20.2,61.7
08/19/2026,21:10:24,20.1,62.0
08/19/2026,21:15:24,20.0,62.1
08/19/2026,21:20:24,20.0,62.3
08/19/2026,21:25:24,19.9,62.6
08/19/2026,21:30:24,19.8,63.0
08/19/2026,21:35:24,19.8,63.4
08/19/2026,21:40:24,19.7,63.8
08/19/2026,21:45:24,19.5,64.2
08/19/2026,21:50:24,19.3,65.0
08/19/2026,21:55:24,19.2,65.3
08/19/2026,22:00:24,19.1,65.7
08/19/2026,22:05:24,19.0,66.1
08/19/2026,22:10:24,18.9,66.3
08/19/2026,22:15:24,18.8,66.5
08/19/2026,22:20:24,18.7,66.6
08/19/2026,22:25:24,18.6,67.0
08/19/2026,22:30:24,18.5,67.2
08/19/2026,22:35:24,18.4,67.4
08/19/2026,22:40:24,18.4,67.6
08/19/2026,22:45:24,18.4,67.7
08/19/2026,22:50:24,18.3,67.9
08/19/2026,22:55:24,18.2,68.2
08/19/2026,23:00:24,18.1,68.2
08/19/2026,23:05:24,18.0,68.3
08/19/2026,23:10:24,17.9,68.8
08/19/2026,23:15:24,17.8,69.2
08/19/2026,23:20:24,17.7,69.3
08/19/2026,23:25:24,17.7,69.6
08/19/2026,23:30:24,17.6,69.9
08/19/2026,23:35:24,17.6,70.0
08/19/2026,23:40:24,17.6,70.2
08/19/2026,23:45:24,17.5,70.8
08/19/2026,23:50:24,17.5,71.2
08/19/2026,23:55:24,17.4,71.4
08/20/2026,00:00:24,17.4,71.5
08/20/2026,00:05:24,17.3,71.6
08/20/2026,00:10:24,17.3,71.5
08/20/2026,00:15:24,17.3,71.8
08/20/2026,00:20:24,17.2,72.2
08/20/2026,00:25:24,17.2,72.3
08/20/2026,00:30:24,17.2,72.5
08/20/2026,00:35:24,17.1,72.4
08/20/2026,00:40:24,17.1,72.4
08/20/2026,00:45:24,17.1,72.2
08/20/2026,00:50:24,17.0,71.5
08/20/2026,00:55:24,17.0,70.9
08/20/2026,01:00:24,16.9,70.3
08/20/2026,01:05:24,16.8,69.9
08/20/2026,01:10:24,16.8,69.3
08/20/2026,01:15:24,16.7,69.0
08/20/2026,01:20:24,16.6,68.8
08/20/2026,01:25:24,16.6,68.6
08/20/2026,01:30:24,16.5,68.5
08/20/2026,01:35:24,16.5,68.4
08/20/2026,01:40:24,16.4,68.1
08/20/2026,01:45:24,16.4,67.9
08/20/2026,01:50:24,16.4,67.7
08/20/2026,01:55:24,16.3,67.9
08/20/2026,02:00:24,16.3,67.8
08/20/2026,02:05:24,16.3,68.1
08/20/2026,02:10:24,16.2,68.2
08/20/2026,02:15:24,16.2,68.3
08/20/2026,02:20:24,16.2,68.3
08/20/2026,02:25:24,16.1,68.7
08/20/2026,02:30:24,16.1,68.9
08/20/2026,02:35:24,16.0,69.3
08/20/2026,02:40:24,15.9,69.6
08/20/2026,02:45:24,15.8,70.1
08/20/2026,02:50:24,15.8,70.4
08/20/2026,02:55:24,15.7,70.8
08/20/2026,03:00:24,15.7,70.9
08/20/2026,03:05:24,15.7,71.1
08/20/2026,03:10:24,15.7,71.3
08/20/2026,03:15:24,15.7,71.4
08/20/2026,03:20:24,15.7,71.7
08/20/2026,03:25:24,15.6,71.9
08/20/2026,03:30:24,15.6,72.1
08/20/2026,03:35:24,15.6,71.9
08/20/2026,03:40:24,15.6,72.4
08/20/2026,03:45:24,15.6,72.5
08/20/2026,03:50:24,15.6,72.7
08/20/2026,03:55:24,15.5,72.9
08/20/2026,04:00:24,15.5,73.1
08/20/2026,04:05:24,15.5,73.1
08/20/2026,04:10:24,15.5,73.3
08/20/2026,04:15:24,15.5,73.3
08/20/2026,04:20:24,15.4,73.4
08/20/2026,04:25:24,15.4,73.4
08/20/2026,04:30:24,15.4,73.6
08/20/2026,04:35:24,15.3,73.8
08/20/2026,04:40:24,15.3,73.9
08/20/2026,04:45:24,15.3,73.7
08/20/2026,04:50:24,15.3,74.0
08/20/2026,04:55:24,15.2,74.1
08/20/2026,05:00:24,15.2,74.1
08/20/2026,05:05:24,15.2,74.1
08/20/2026,05:10:24,15.2,74.5
08/20/2026,05:15:24,15.1,74.4
08/20/2026,05:20:24,15.1,74.9
08/20/2026,05:25:24,15.1,74.9
08/20/2026,05:30:24,15.1,75.0
08/20/2026,05:35:24,15.0,75.3
08/20/2026,05:40:24,15.1,75.4
08/20/2026,05:45:24,15.0,75.3
08/20/2026,05:50:24,15.0,75.5
08/20/2026,05:55:24,15.0,75.5
08/20/2026,06:00:24,15.1,75.6
08/20/2026,06:05:24,15.1,75.7
08/20/2026,06:10:24,15.1,75.5
08/20/2026,06:15:24,15.1,75.3
08/20/2026,06:20:24,15.1,75.5
08/20/2026,06:25:24,15.1,75.6
08/20/2026,06:30:24,15.1,75.6
08/20/2026,06:35:24,15.1,75.6
08/20/2026,06:40:24,15.2,75.6
08/20/2026,06:45:24,15.2,75.6
08/20/2026,06:50:24,15.2,75.7
08/20/2026,06:55:24,15.3,75.6
08/20/2026,07:00:24,15.3,75.6
08/20/2026,07:05:24,15.3,75.7
08/20/2026,07:10:24,15.3,75.8
08/20/2026,07:15:24,15.4,75.8
08/20/2026,07:20:24,15.5,75.8
08/20/2026,07:25:24,15.5,75.7
08/20/2026,07:30:24,15.6,75.7
08/20/2026,07:35:24,15.7,75.8
08/20/2026,07:40:24,15.7,75.8
08/20/2026,07:45:24,15.8,75.9
08/20/2026,07:50:24,15.9,75.7
08/20/2026,07:55:24,15.9,75.8
08/20/2026,08:00:24,16.0,75.9
08/20/2026,08:05:24,16.1,76.0
08/20/2026,08:10:24,16.2,76.0
08/20/2026,08:15:24,16.3,76.0
08/20/2026,08:20:24,16.4,75.6
08/20/2026,08:25:24,16.5,75.6
08/20/2026,08:30:24,16.7,75.0
08/20/2026,08:35:24,16.9,74.6
08/20/2026,08:40:24,17.1,73.7
08/20/2026,08:45:24,17.3,73.8
08/20/2026,08:50:24,17.4,73.3
08/20/2026,08:55:24,17.4,73.0
08/20/2026,09:00:24,17.5,72.9
08/20/2026,09:05:24,17.6,72.8
08/20/2026,09:10:24,17.7,72.5
08/20/2026,09:15:24,17.8,72.2
08/20/2026,09:20:24,18.0,71.9
08/20/2026,09:25:24,18.0,71.2
08/20/2026,09:30:24,18.0,71.1
08/20/2026,09:35:24,18.3,70.9
08/20/2026,09:40:24,18.5,70.3
08/20/2026,09:45:24,18.8,69.4
08/20/2026,09:50:24,19.0,69.0
08/20/2026,09:55:24,19.1,68.6
08/20/2026,10:00:24,19.3,68.0
08/20/2026,10:05:24,19.4,67.2
08/20/2026,10:10:24,19.4,66.5
08/20/2026,10:15:24,19.4,66.5
08/20/2026,10:20:24,19.5,66.2
08/20/2026,10:25:24,19.7,66.0
08/20/2026,10:30:24,19.7,65.0
08/20/2026,10:35:24,19.7,64.8
08/20/2026,10:40:24,19.9,64.8
08/20/2026,10:45:24,20.2,63.2
08/20/2026,10:50:24,20.3,62.8
08/20/2026,10:55:24,20.4,62.0
08/20/2026,11:00:24,20.5,61.3
08/20/2026,11:05:24,20.8,61.1
08/20/2026,11:10:24,21.0,59.8
08/20/2026,11:15:24,21.1,58.4
08/20/2026,11:20:24,21.2,58.0
08/20/2026,11:25:24,21.3,57.6
08/20/2026,11:30:24,21.3,57.2
08/20/2026,11:35:24,21.3,57.1
08/20/2026,11:40:24,21.2,59.8
08/20/2026,11:45:24,21.2,60.9
08/20/2026,11:50:24,21.2,59.9
08/20/2026,11:55:24,21.5,58.8
08/20/2026,12:00:24,21.6,57.9
08/20/2026,12:05:24,21.8,56.0
08/20/2026,12:10:24,21.9,55.9
08/20/2026,12:15:24,22.1,55.0
08/20/2026,12:20:24,22.3,53.9
08/20/2026,12:25:24,22.5,53.2
08/20/2026,12:30:24,22.6,52.8
08/20/2026,12:35:24,22.6,51.9
08/20/2026,12:40:24,22.4,51.1
08/20/2026,12:45:24,22.2,51.0
08/20/2026,12:50:24,22.0,52.0
08/20/2026,12:55:24,22.1,52.3
08/20/2026,13:00:24,22.4,51.7
08/20/2026,13:05:24,22.3,51.2
08/20/2026,13:10:24,22.3,51.2
08/20/2026,13:15:24,22.6,51.0
08/20/2026,13:20:24,22.7,49.9
08/20/2026,13:25:24,23.0,49.4
08/20/2026,13:30:24,23.1,49.5
08/20/2026,13:35:24,23.4,48.5
08/20/2026,13:40:24,23.8,47.4
08/20/2026,13:45:24,23.8,46.4
08/20/2026,13:50:24,23.9,46.8
08/20/2026,13:55:24,24.4,46.6
08/20/2026,14:00:24,24.8,45.4
08/20/2026,14:05:24,25.1,44.3
08/20/2026,14:10:24,25.4,44.1
08/20/2026,14:15:24,25.6,44.1
08/20/2026,14:20:24,25.9,43.8
08/20/2026,14:25:24,26.0,42.3
08/20/2026,14:30:24,25.7,42.3
08/20/2026,14:35:24,25.4,42.4
08/20/2026,14:40:24,25.4,42.4
08/20/2026,14:45:24,25.4,42.4
08/20/2026,14:50:24,25.5,41.9
08/20/2026,14:55:24,25.4,42.1
08/20/2026,15:00:24,25.2,42.2
08/20/2026,15:05:24,24.8,42.6
08/20/2026,15:10:24,24.6,43.0
08/20/2026,15:15:24,24.4,43.2
08/20/2026,15:20:24,24.2,43.3
08/20/2026,15:25:24,23.8,43.9
08/20/2026,15:30:24,23.5,44.6
08/20/2026,15:35:24,23.5,45.0
08/20/2026,15:40:24,23.4,44.7
08/20/2026,15:45:24,23.2,44.1
08/20/2026,15:50:24,23.0,44.2
08/20/2026,15:55:24,22.8,44.8
08/20/2026,16:00:24,22.7,45.5
08/20/2026,16:05:24,22.7,46.9
08/20/2026,16:10:24,22.6,48.7
08/20/2026,16:15:24,22.4,49.1
08/20/2026,16:20:24,22.3,48.8
08/20/2026,16:25:24,22.6,48.5
08/20/2026,16:30:24,22.5,49.0
08/20/2026,16:35:24,22.3,49.3
08/20/2026,16:40:24,22.0,50.3
08/20/2026,16:45:24,22.0,50.5
08/20/2026,16:50:24,21.9,50.7
08/20/2026,16:55:24,21.7,50.7
08/20/2026,17:00:24,21.7,50.3
08/20/2026,17:05:24,21.4,50.5
08/20/2026,17:10:24,21.4,50.8
08/20/2026,17:15:24,21.2,51.3
08/20/2026,17:20:24,21.2,51.5
08/20/2026,17:25:24,21.2,50.9
08/20/2026,17:30:24,21.3,50.3
08/20/2026,17:35:24,21.6,50.3
08/20/2026,17:40:24,21.8,50.4
08/20/2026,17:45:24,21.8,51.4
08/20/2026,17:50:24,21.6,51.6
08/20/2026,17:55:24,21.5,51.8
08/20/2026,18:00:24,21.4,51.8
08/20/2026,18:05:24,21.4,51.6
08/20/2026,18:10:24,21.4,51.8
08/20/2026,18:15:24,21.4,52.0
08/20/2026,18:20:24,21.4,51.7
08/20/2026,18:25:24,21.3,51.9
08/20/2026,18:30:24,21.2,52.2
08/20/2026,18:35:24,21.1,52.4
08/20/2026,18:40:24,21.0,52.5
08/20/2026,18:45:24,20.9,52.8
08/20/2026,18:50:24,20.9,52.9
08/20/2026,18:55:24,20.8,53.2
08/20/2026,19:00:24,20.8,53.3
08/20/2026,19:05:24,20.8,53.8
08/20/2026,19:10:24,20.7,54.4
08/20/2026,19:15:24,20.5,55.3
08/20/2026,19:20:24,20.4,56.5
08/20/2026,19:25:24,20.2,57.6
08/20/2026,19:30:24,20.0,58.4
08/20/2026,19:35:24,19.8,59.0
08/20/2026,19:40:24,19.7,59.4
08/20/2026,19:45:24,19.6,59.9
08/20/2026,19:50:24,19.4,60.7
08/20/2026,19:55:24,19.2,61.3
08/20/2026,20:00:24,19.0,61.8
08/20/2026,20:05:24,18.8,62.3
08/20/2026,20:10:24,18.6,62.8
08/20/2026,20:15:24,18.5,63.3
08/20/2026,20:20:24,18.4,64.1
08/20/2026,20:25:24,18.4,64.4
08/20/2026,20:30:24,18.3,64.9
08/20/2026,20:35:24,18.3,65.2
08/20/2026,20:40:24,18.2,65.2
08/20/2026,20:45:24,18.2,65.8
08/20/2026,20:50:24,18.1,66.2
08/20/2026,20:55:24,18.1,66.4
08/20/2026,21:00:24,18.1,66.6
08/20/2026,21:05:24,18.0,66.6
08/20/2026,21:10:24,17.9,66.6
08/20/2026,21:15:24,17.8,66.4
08/20/2026,21:20:24,17.7,66.4
08/20/2026,21:25:24,17.6,66.6
08/20/2026,21:30:24,17.5,66.7
08/20/2026,21:35:24,17.5,66.9
08/20/2026,21:40:24,17.3,67.2
08/20/2026,21:45:24,17.3,67.2
08/20/2026,21:50:24,17.2,67.1
08/20/2026,21:55:24,17.1,66.9
08/20/2026,22:00:24,17.1,66.8
08/20/2026,22:05:24,17.0,66.3
08/20/2026,22:10:24,17.0,66.2
08/20/2026,22:15:24,16.9,66.4
08/20/2026,22:20:24,16.9,66.9
08/20/2026,22:25:24,16.8,67.7
08/20/2026,22:30:24,16.7,68.2
08/20/2026,22:35:24,16.7,68.4
08/20/2026,22:40:24,16.6,68.6
08/20/2026,22:45:24,16.5,68.9
08/20/2026,22:50:24,16.5,69.1
08/20/2026,22:55:24,16.5,69.3
08/20/2026,23:00:24,16.4,69.6
08/20/2026,23:05:24,16.3,69.7
08/20/2026,23:10:24,16.2,70.1
08/20/2026,23:15:24,16.1,70.4
08/20/2026,23:20:24,16.1,70.4
08/20/2026,23:25:24,16.0,70.6
08/20/2026,23:30:24,16.0,70.7
08/20/2026,23:35:24,16.0,70.8
08/20/2026,23:40:24,16.0,71.0
08/20/2026,23:45:24,15.9,71.1
08/20/2026,23:50:24,15.9,71.2
08/20/2026,23:55:24,15.9,71.3
08/21/2026,00:00:24,15.9,71.3
08/21/2026,00:05:24,15.8,71.3
08/21/2026,00:10:24,15.8,71.6
08/21/2026,00:15:24,15.7,71.7
08/21/2026,00:20:24,15.7,71.9
08/21/2026,00:25:24,15.7,71.6
08/21/2026,00:30:24,15.7,71.8
08/21/2026,00:35:24,15.7,71.8
08/21/2026,00:40:24,15.7,71.9
08/21/2026,00:45:24,15.7,71.7
08/21/2026,00:50:24,15.7,71.7
08/21/2026,00:55:24,15.7,71.8
08/21/2026,01:00:24,15.7,71.7
08/21/2026,01:05:24,15.7,71.5
08/21/2026,01:10:24,15.7,71.3
08/21/2026,01:15:24,15.7,71.1
08/21/2026,01:20:24,15.7,71.0
08/21/2026,01:25:24,15.6,71.0
08/21/2026,01:30:24,15.6,70.9
08/21/2026,01:35:24,15.5,70.8
08/21/2026,01:40:24,15.5,70.9
08/21/2026,01:45:24,15.5,70.9
08/21/2026,01:50:24,15.5,71.0
08/21/2026,01:55:24,15.5,71.0
08/21/2026,02:00:24,15.5,70.8
08/21/2026,02:05:24,15.5,70.9
08/21/2026,02:10:24,15.5,70.9
08/21/2026,02:15:24,15.4,70.9
08/21/2026,02:20:24,15.4,70.9
08/21/2026,02:25:24,15.4,71.0
08/21/2026,02:30:24,15.3,71.0
08/21/2026,02:35:24,15.3,71.1
08/21/2026,02:40:24,15.3,71.1
08/21/2026,02:45:24,15.2,71.2
08/21/2026,02:50:24,15.1,71.3
08/21/2026,02:55:24,15.1,71.4
08/21/2026,03:00:24,15.0,71.4
08/21/2026,03:05:24,15.0,71.5
08/21/2026,03:10:24,15.0,71.5
08/21/2026,03:15:24,14.9,71.5
08/21/2026,03:20:24,14.9,71.7
08/21/2026,03:25:24,14.9,71.8
08/21/2026,03:30:24,14.8,71.9
08/21/2026,03:35:24,14.8,72.0
08/21/2026,03:40:24,14.8,72.2
08/21/2026,03:45:24,14.7,72.3
08/21/2026,03:50:24,14.7,72.5
08/21/2026,03:55:24,14.6,72.6
08/21/2026,04:00:24,14.6,72.8
08/21/2026,04:05:24,14.6,73.0
08/21/2026,04:10:24,14.5,73.2
08/21/2026,04:15:24,14.5,73.2
08/21/2026,04:20:24,14.5,73.4
08/21/2026,04:25:24,14.5,73.7
08/21/2026,04:30:24,14.4,73.8
08/21/2026,04:35:24,14.4,73.9
08/21/2026,04:40:24,14.3,74.1
08/21/2026,04:45:24,14.3,74.4
08/21/2026,04:50:24,14.3,74.6
08/21/2026,04:55:24,14.2,74.8
08/21/2026,05:00:24,14.2,74.7
08/21/2026,05:05:24,14.1,74.9
08/21/2026,05:10:24,14.1,75.1
08/21/2026,05:15:24,14.1,75.2
08/21/2026,05:20:24,14.0,75.3
08/21/2026,05:25:24,14.0,75.5
08/21/2026,05:30:24,13.9,75.5
08/21/2026,05:35:24,13.9,75.6
08/21/2026,05:40:24,13.8,75.6
08/21/2026,05:45:24,13.8,75.7
08/21/2026,05:50:24,13.7,75.9
08/21/2026,05:55:24,13.7,76.0
08/21/2026,06:00:24,13.6,76.0
08/21/2026,06:05:24,13.6,76.2
08/21/2026,06:10:24,13.5,76.2
08/21/2026,06:15:24,13.5,76.3
08/21/2026,06:20:24,13.5,76.2
08/21/2026,06:25:24,13.5,76.1
08/21/2026,06:30:24,13.5,76.0
08/21/2026,06:35:24,13.5,76.1
08/21/2026,06:40:24,13.6,76.1
08/21/2026,06:45:24,13.6,76.1
08/21/2026,06:50:24,13.5,76.0
08/21/2026,06:55:24,13.5,76.0
08/21/2026,07:00:24,13.6,76.0
08/21/2026,07:05:24,13.6,75.8
08/21/2026,07:10:24,13.6,75.6
08/21/2026,07:15:24,13.6,75.5
08/21/2026,07:20:24,13.7,75.1
08/21/2026,07:25:24,13.7,75.1
08/21/2026,07:30:24,13.8,75.1
08/21/2026,07:35:24,13.8,74.5
08/21/2026,07:40:24,13.9,74.9
08/21/2026,07:45:24,13.9,74.8
08/21/2026,07:50:24,14.0,74.5
08/21/2026,07:55:24,14.0,74.3
08/21/2026,08:00:24,14.1,73.4
08/21/2026,08:05:24,14.1,73.4
08/21/2026,08:10:24,14.2,71.9
08/21/2026,08:15:24,14.3,73.0
08/21/2026,08:20:24,14.4,72.7
08/21/2026,08:25:24,14.5,72.9
08/21/2026,08:30:24,14.5,72.1
08/21/2026,08:35:24,14.6,71.3
08/21/2026,08:40:24,14.6,71.8
08/21/2026,08:45:24,14.8,72.0
08/21/2026,08:50:24,14.9,71.3
08/21/2026,08:55:24,15.0,70.7
08/21/2026,09:00:24,15.1,71.0
08/21/2026,09:05:24,15.2,70.7
08/21/2026,09:10:24,15.4,70.2
08/21/2026,09:15:24,15.5,70.1
08/21/2026,09:20:24,15.6,69.9
08/21/2026,09:25:24,15.8,69.6
08/21/2026,09:30:24,16.1,69.2
08/21/2026,09:35:24,16.2,69.1
08/21/2026,09:40:24,16.5,68.5
08/21/2026,09:45:24,16.8,67.8
08/21/2026,09:50:24,17.0,67.2
08/21/2026,09:55:24,17.1,67.0
08/21/2026,10:00:24,17.4,66.9
08/21/2026,10:05:24,17.6,65.8
08/21/2026,10:10:24,17.8,64.4
08/21/2026,10:15:24,18.0,63.2
08/21/2026,10:20:24,18.1,63.2
08/21/2026,10:25:24,18.4,62.4
08/21/2026,10:30:24,18.6,61.9
08/21/2026,10:35:24,18.9,61.9
08/21/2026,10:40:24,19.0,58.1
08/21/2026,10:45:24,19.2,58.3
08/21/2026,10:50:24,19.4,56.9
08/21/2026,10:55:24,19.5,56.6
08/21/2026,11:00:24,19.6,56.0
08/21/2026,11:05:24,19.8,54.2
08/21/2026,11:10:24,19.8,53.4
08/21/2026,11:15:24,19.9,54.3
08/21/2026,11:20:24,20.0,53.4
08/21/2026,11:25:24,20.1,53.9
08/21/2026,11:30:24,20.1,53.4
08/21/2026,11:35:24,20.2,52.7
08/21/2026,11:40:24,20.5,54.0
08/21/2026,11:45:24,20.9,52.7
08/21/2026,11:50:24,21.2,53.2
08/21/2026,11:55:24,21.7,52.3
08/21/2026,12:00:24,21.6,50.2
08/21/2026,12:05:24,21.3,50.3
08/21/2026,12:10:24,21.2,50.6
08/21/2026,12:15:24,21.3,49.0
08/21/2026,12:20:24,21.2,49.3
08/21/2026,12:25:24,21.3,50.4
08/21/2026,12:30:24,21.4,48.6
08/21/2026,12:35:24,21.5,48.4
08/21/2026,12:40:24,21.9,47.5
08/21/2026,12:45:24,21.7,48.9
08/21/2026,12:50:24,22.0,46.7
08/21/2026,12:55:24,22.3,46.4
08/21/2026,13:00:24,22.5,44.8
08/21/2026,13:05:24,22.8,45.3
08/21/2026,13:10:24,23.0,44.5
08/21/2026,13:15:24,22.9,44.4
08/21/2026,13:20:24,22.9,43.4
08/21/2026,13:25:24,22.5,43.2
08/21/2026,13:30:24,22.4,44.0
08/21/2026,13:35:24,22.2,43.9
08/21/2026,13:40:24,22.6,44.4
08/21/2026,13:45:24,22.7,44.1
08/21/2026,13:50:24,22.7,44.2
08/21/2026,13:55:24,22.7,44.3
08/21/2026,14:00:24,23.0,44.4
08/21/2026,14:05:24,23.2,43.2
08/21/2026,14:10:24,23.4,42.2
08/21/2026,14:15:24,23.6,42.1
08/21/2026,14:20:24,23.8,42.4
08/21/2026,14:25:24,23.3,41.4
08/21/2026,14:30:24,23.4,40.7
08/21/2026,14:35:24,23.4,40.5
08/21/2026,14:40:24,23.5,40.6
08/21/2026,14:45:24,23.8,39.8
08/21/2026,14:50:24,24.0,40.7
08/21/2026,14:55:24,24.2,40.1
08/21/2026,15:00:24,24.3,39.9
08/21/2026,15:05:24,24.4,38.8
08/21/2026,15:10:24,24.2,39.6
08/21/2026,15:15:24,24.2,38.7
08/21/2026,15:20:24,24.2,39.1
08/21/2026,15:25:24,24.3,38.0
08/21/2026,15:30:24,23.9,38.2
08/21/2026,15:35:24,23.9,38.6
08/21/2026,15:40:24,23.9,39.1
08/21/2026,15:45:24,24.0,38.4
08/21/2026,15:50:24,23.4,38.4
08/21/2026,15:55:24,22.8,39.2
08/21/2026,16:00:24,22.9,40.2
08/21/2026,16:05:24,23.1,42.0
08/21/2026,16:10:24,23.0,42.8
08/21/2026,16:15:24,23.5,42.8
08/21/2026,16:20:24,23.6,42.5
08/21/2026,16:25:24,23.5,42.2
08/21/2026,16:30:24,23.3,42.9
08/21/2026,16:35:24,23.5,43.1
08/21/2026,16:40:24,23.5,43.6
08/21/2026,16:45:24,23.5,44.2
08/21/2026,16:50:24,23.7,44.4
08/21/2026,16:55:24,23.4,44.9
08/21/2026,17:00:24,23.3,44.3
08/21/2026,17:05:24,22.9,45.3
08/21/2026,17:10:24,22.6,45.4
08/21/2026,17:15:24,22.3,46.8
08/21/2026,17:20:24,22.2,47.6
08/21/2026,17:25:24,22.1,48.2
08/21/2026,17:30:24,21.9,48.0
08/21/2026,17:35:24,21.5,47.0
08/21/2026,17:40:24,21.2,47.5
08/21/2026,17:45:24,20.8,48.8
08/21/2026,17:50:24,20.4,50.0
08/21/2026,17:55:24,20.2,51.2
08/21/2026,18:00:24,20.1,52.1
08/21/2026,18:05:24,20.0,52.8
08/21/2026,18:10:24,19.7,53.8
08/21/2026,18:15:24,19.5,54.7
08/21/2026,18:20:24,19.5,55.4
08/21/2026,18:25:24,19.4,55.5
08/21/2026,18:30:24,19.3,55.5
08/21/2026,18:35:24,19.0,56.0
08/21/2026,18:40:24,18.7,56.4
08/21/2026,18:45:24,18.6,56.8
08/21/2026,18:50:24,18.4,57.0
08/21/2026,18:55:24,18.3,57.6
08/21/2026,19:00:24,18.0,58.5
08/21/2026,19:05:24,17.7,58.7
08/21/2026,19:10:24,17.5,59.2
08/21/2026,19:15:24,17.5,59.6
08/21/2026,19:20:24,17.5,60.1
08/21/2026,19:25:24,17.4,60.2
08/21/2026,19:30:24,17.4,60.6
08/21/2026,19:35:24,17.4,60.6
08/21/2026,19:40:24,17.3,60.7
08/21/2026,19:45:24,17.1,61.2
08/21/2026,19:50:24,17.0,61.8
08/21/2026,19:55:24,17.0,62.4
08/21/2026,20:00:24,16.9,63.2
08/21/2026,20:05:24,16.9,63.9
08/21/2026,20:10:24,16.7,64.4
08/21/2026,20:15:24,16.6,65.3
08/21/2026,20:20:24,16.4,66.3
08/21/2026,20:25:24,16.3,66.8
08/21/2026,20:30:24,16.3,66.7
08/21/2026,20:35:24,16.3,66.7
08/21/2026,20:40:24,16.2,66.9
08/21/2026,20:45:24,16.2,67.1
08/21/2026,20:50:24,16.1,67.4
08/21/2026,20:55:24,16.1,67.6
08/21/2026,21:00:24,16.1,67.8
08/21/2026,21:05:24,16.1,67.7
08/21/2026,21:10:24,16.1,67.6
08/21/2026,21:15:24,16.1,67.6
08/21/2026,21:20:24,16.1,67.6
08/21/2026,21:25:24,16.0,67.7
08/21/2026,21:30:24,16.0,67.7
08/21/2026,21:35:24,16.0,67.7
08/21/2026,21:40:24,16.0,67.9
08/21/2026,21:45:24,16.0,68.0
08/21/2026,21:50:24,16.0,68.0
08/21/2026,21:55:24,16.0,68.0
08/21/2026,22:00:24,16.0,67.9
08/21/2026,22:05:24,16.0,67.9
08/21/2026,22:10:24,16.0,67.5
08/21/2026,22:15:24,16.0,67.4
08/21/2026,22:20:24,15.8,67.2
08/21/2026,22:25:24,15.8,67.2
08/21/2026,22:30:24,15.7,67.1
08/21/2026,22:35:24,15.6,67.0
08/21/2026,22:40:24,15.6,67.1
08/21/2026,22:45:24,15.5,67.2
08/21/2026,22:50:24,15.5,67.2
08/21/2026,22:55:24,15.4,67.3
08/21/2026,23:00:24,15.3,67.5
08/21/2026,23:05:24,15.2,67.6
08/21/2026,23:10:24,15.2,67.9
08/21/2026,23:15:24,15.1,68.1
08/21/2026,23:20:24,15.0,68.3
08/21/2026,23:25:24,14.9,68.3
08/21/2026,23:30:24,14.9,68.5
08/21/2026,23:35:24,14.8,68.7
08/21/2026,23:40:24,14.8,68.8
08/21/2026,23:45:24,14.7,69.0
08/21/2026,23:50:24,14.6,69.2
08/21/2026,23:55:24,14.6,69.4
08/22/2026,00:00:24,14.5,69.6
08/22/2026,00:05:24,14.4,69.8
08/22/2026,00:10:24,14.4,69.9
08/22/2026,00:15:24,14.3,70.1
08/22/2026,00:20:24,14.2,70.3
08/22/2026,00:25:24,14.2,70.6
08/22/2026,00:30:24,14.2,70.8
08/22/2026,00:35:24,14.1,70.9
08/22/2026,00:40:24,14.1,71.2
08/22/2026,00:45:24,14.0,71.4
08/22/2026,00:50:24,14.1,71.4
08/22/2026,00:55:24,14.1,71.5
08/22/2026,01:00:24,14.1,71.5
08/22/2026,01:05:24,14.1,71.4
08/22/2026,01:10:24,14.1,71.3
08/22/2026,01:15:24,14.1,71.2
08/22/2026,01:20:24,14.1,71.2
08/22/2026,01:25:24,14.1,71.1
08/22/2026,01:30:24,14.0,71.0
08/22/2026,01:35:24,14.0,71.0
08/22/2026,01:40:24,13.9,71.0
08/22/2026,01:45:24,13.8,71.1
08/22/2026,01:50:24,13.8,71.2
08/22/2026,01:55:24,13.8,71.3
08/22/2026,02:00:24,13.7,71.5
08/22/2026,02:05:24,13.6,71.6
08/22/2026,02:10:24,13.6,71.8
08/22/2026,02:15:24,13.6,71.8
08/22/2026,02:20:24,13.6,71.8
08/22/2026,02:25:24,13.6,71.7
08/22/2026,02:30:24,13.6,71.7
08/22/2026,02:35:24,13.5,71.8
08/22/2026,02:40:24,13.5,71.8
08/22/2026,02:45:24,13.4,71.9
08/22/2026,02:50:24,13.4,71.9
08/22/2026,02:55:24,13.3,72.0
08/22/2026,03:00:24,13.3,72.0
08/22/2026,03:05:24,13.2,72.0
08/22/2026,03:10:24,13.2,72.0
08/22/2026,03:15:24,13.1,72.1
08/22/2026,03:20:24,13.0,72.2
08/22/2026,03:25:24,12.8,72.5
08/22/2026,03:30:24,12.8,72.7
08/22/2026,03:35:24,12.7,72.9
08/22/2026,03:40:24,12.6,73.0
08/22/2026,03:45:24,12.5,73.2
08/22/2026,03:50:24,12.4,73.4
08/22/2026,03:55:24,12.3,73.5
08/22/2026,04:00:24,12.3,73.7
08/22/2026,04:05:24,12.2,73.9
08/22/2026,04:10:24,12.1,74.0
08/22/2026,04:15:24,12.0,74.3
08/22/2026,04:20:24,12.0,74.5
08/22/2026,04:25:24,11.9,74.6
08/22/2026,04:30:24,11.9,74.7
08/22/2026,04:35:24,11.8,74.9
08/22/2026,04:40:24,11.8,75.1
08/22/2026,04:45:24,11.7,75.2
08/22/2026,04:50:24,11.7,75.4
08/22/2026,04:55:24,11.6,75.6
08/22/2026,05:00:24,11.5,75.9
08/22/2026,05:05:24,11.5,76.0
08/22/2026,05:10:24,11.4,76.2
08/22/2026,05:15:24,11.4,76.2
08/22/2026,05:20:24,11.3,76.4
08/22/2026,05:25:24,11.3,76.6
08/22/2026,05:30:24,11.3,76.7
08/22/2026,05:35:24,11.2,76.8
08/22/2026,05:40:24,11.2,77.0
08/22/2026,05:45:24,11.1,77.1
08/22/2026,05:50:24,11.1,77.2
08/22/2026,05:55:24,11.1,77.3
08/22/2026,06:00:24,11.1,77.4
08/22/2026,06:05:24,11.1,77.5
08/22/2026,06:10:24,11.1,77.6
08/22/2026,06:15:24,11.1,77.7
08/22/2026,06:20:24,11.1,77.9
08/22/2026,06:25:24,11.1,77.9
08/22/2026,06:30:24,11.2,77.9
08/22/2026,06:35:24,11.2,77.7
08/22/2026,06:40:24,11.3,77.7
08/22/2026,06:45:24,11.3,77.6
08/22/2026,06:50:24,11.4,77.6
08/22/2026,06:55:24,11.4,77.5
08/22/2026,07:00:24,11.5,77.3
08/22/2026,07:05:24,11.5,77.2
08/22/2026,07:10:24,11.6,77.2
08/22/2026,07:15:24,11.6,77.0
08/22/2026,07:20:24,11.5,76.9
08/22/2026,07:25:24,11.6,76.9
08/22/2026,07:30:24,11.6,76.9
08/22/2026,07:35:24,11.6,76.7
08/22/2026,07:40:24,11.7,76.7
08/22/2026,07:45:24,11.7,76.6
08/22/2026,07:50:24,11.8,76.4
08/22/2026,07:55:24,12.0,76.3
08/22/2026,08:00:24,12.1,75.8
08/22/2026,08:05:24,12.2,75.5
08/22/2026,08:10:24,12.3,75.3
08/22/2026,08:15:24,12.5,74.6
08/22/2026,08:20:24,12.6,74.7
08/22/2026,08:25:24,12.8,74.0
08/22/2026,08:30:24,12.9,73.0
08/22/2026,08:35:24,12.9,72.7
08/22/2026,08:40:24,13.0,72.3
08/22/2026,08:45:24,13.1,71.4
08/22/2026,08:50:24,13.2,72.0
08/22/2026,08:55:24,13.3,70.9
08/22/2026,09:00:24,13.5,71.4
08/22/2026,09:05:24,13.7,70.8
08/22/2026,09:10:24,13.9,70.1
08/22/2026,09:15:24,14.0,70.0
08/22/2026,09:20:24,14.1,70.1
08/22/2026,09:25:24,14.4,69.9
08/22/2026,09:30:24,14.6,69.6
08/22/2026,09:35:24,14.8,69.4
08/22/2026,09:40:24,15.0,69.3
08/22/2026,09:45:24,15.1,68.2
08/22/2026,09:50:24,15.4,67.8
08/22/2026,09:55:24,15.6,67.8
08/22/2026,10:00:24,15.9,67.4
08/22/2026,10:05:24,16.2,66.3
08/22/2026,10:10:24,16.4,65.2
08/22/2026,10:15:24,16.7,65.9
08/22/2026,10:20:24,17.0,65.7
08/22/2026,10:25:24,17.2,65.2
08/22/2026,10:30:24,17.4,63.5
08/22/2026,10:35:24,17.6,61.6
08/22/2026,10:40:24,17.8,60.4
08/22/2026,10:45:24,17.9,59.1
08/22/2026,10:50:24,18.0,58.8
08/22/2026,10:55:24,18.0,58.1
08/22/2026,11:00:24,18.2,59.3
08/22/2026,11:05:24,18.3,57.1
08/22/2026,11:10:24,18.7,58.3
08/22/2026,11:15:24,19.0,57.6
08/22/2026,11:20:24,19.1,56.8
08/22/2026,11:25:24,19.2,56.6
08/22/2026,11:30:24,19.4,54.7
08/22/2026,11:35:24,19.5,55.7
08/22/2026,11:40:24,19.5,53.3
08/22/2026,11:45:24,19.3,53.6
08/22/2026,11:50:24,19.4,55.2
08/22/2026,11:55:24,19.6,52.8
08/22/2026,12:00:24,20.0,52.7
08/22/2026,12:05:24,20.2,53.0
08/22/2026,12:10:24,20.3,51.4
08/22/2026,12:15:24,20.6,51.1
08/22/2026,12:20:24,20.9,52.7
08/22/2026,12:25:24,21.1,48.8
08/22/2026,12:30:24,21.0,49.3
08/22/2026,12:35:24,21.2,48.6
08/22/2026,12:40:24,21.3,47.8
08/22/2026,12:45:24,21.4,47.7
08/22/2026,12:50:24,21.8,47.9
08/22/2026,12:55:24,21.8,46.7
08/22/2026,13:00:24,21.5,46.8
08/22/2026,13:05:24,21.5,47.2
08/22/2026,13:10:24,21.9,46.8
08/22/2026,13:15:24,22.1,46.0
08/22/2026,13:20:24,21.9,45.4
08/22/2026,13:25:24,22.0,46.0
08/22/2026,13:30:24,22.2,45.8
08/22/2026,13:35:24,22.3,45.7
08/22/2026,13:40:24,22.5,45.9
08/22/2026,13:45:24,22.8,45.1
08/22/2026,13:50:24,23.0,44.5
08/22/2026,13:55:24,23.4,44.2
08/22/2026,14:00:24,23.4,42.8
08/22/2026,14:05:24,23.7,44.1
08/22/2026,14:10:24,23.7,43.8
08/22/2026,14:15:24,23.7,45.0
08/22/2026,14:20:24,24.0,43.8
08/22/2026,14:25:24,24.3,44.1
08/22/2026,14:30:24,24.3,42.2
08/22/2026,14:35:24,23.9,41.8
08/22/2026,14:40:24,23.4,41.5
08/22/2026,14:45:24,23.2,42.1
08/22/2026,14:50:24,22.8,42.8
08/22/2026,14:55:24,22.6,43.3
08/22/2026,15:00:24,22.7,43.2
08/22/2026,15:05:24,22.7,42.4
08/22/2026,15:10:24,22.3,42.4
08/22/2026,15:15:24,22.2,42.4
08/22/2026,15:20:24,22.1,42.1
08/22/2026,15:25:24,22.1,43.1
08/22/2026,15:30:24,22.0,43.6
08/22/2026,15:35:24,22.0,44.6
08/22/2026,15:40:24,22.1,45.2
08/22/2026,15:45:24,22.5,45.1
08/22/2026,15:50:24,22.6,44.5
08/22/2026,15:55:24,22.6,44.6
08/22/2026,16:00:24,22.7,44.0
08/22/2026,16:05:24,22.9,43.6
08/22/2026,16:10:24,23.0,44.1
08/22/2026,16:15:24,22.8,43.9
08/22/2026,16:20:24,22.6,43.7
08/22/2026,16:25:24,22.6,44.1
08/22/2026,16:30:24,23.1,43.7
08/22/2026,16:35:24,23.1,43.1
08/22/2026,16:40:24,23.1,42.9
08/22/2026,16:45:24,23.1,43.1
08/22/2026,16:50:24,23.1,42.7
08/22/2026,16:55:24,22.8,42.8
08/22/2026,17:00:24,22.7,43.0
08/22/2026,17:05:24,22.5,41.9
08/22/2026,17:10:24,22.3,42.0
08/22/2026,17:15:24,22.0,42.3
08/22/2026,17:20:24,22.0,42.8
08/22/2026,17:25:24,22.1,42.8
08/22/2026,17:30:24,22.1,42.8
08/22/2026,17:35:24,22.0,43.0
08/22/2026,17:40:24,21.9,43.2
08/22/2026,17:45:24,21.9,43.6
08/22/2026,17:50:24,21.9,43.8
08/22/2026,17:55:24,21.8,43.6
08/22/2026,18:00:24,21.6,44.3
08/22/2026,18:05:24,21.4,44.4
08/22/2026,18:10:24,21.3,44.7
08/22/2026,18:15:24,21.1,44.9
08/22/2026,18:20:24,21.1,45.3
08/22/2026,18:25:24,21.0,45.4
08/22/2026,18:30:24,20.9,45.4
08/22/2026,18:35:24,20.8,45.8
08/22/2026,18:40:24,20.7,46.0
08/22/2026,18:45:24,20.6,46.6
08/22/2026,18:50:24,20.5,46.6
08/22/2026,18:55:24,20.7,46.6
08/22/2026,19:00:24,21.0,46.4
08/22/2026,19:05:24,21.2,46.2
08/22/2026,19:10:24,21.2,45.8
08/22/2026,19:15:24,21.1,45.9
08/22/2026,19:20:24,20.9,46.2
08/22/2026,19:25:24,20.7,46.6
08/22/2026,19:30:24,20.5,46.8
08/22/2026,19:35:24,20.4,47.3
08/22/2026,19:40:24,20.2,47.6
08/22/2026,19:45:24,20.0,48.0
08/22/2026,19:50:24,19.8,48.4
08/22/2026,19:55:24,19.7,48.8
08/22/2026,20:00:24,19.6,49.2
08/22/2026,20:05:24,19.4,49.5
08/22/2026,20:10:24,19.3,50.0
08/22/2026,20:15:24,19.1,50.4
08/22/2026,20:20:24,18.9,50.9
08/22/2026,20:25:24,18.7,51.3
08/22/2026,20:30:24,18.5,51.7
08/22/2026,20:35:24,18.3,52.0
08/22/2026,20:40:24,18.2,52.2
08/22/2026,20:45:24,18.0,52.7
08/22/2026,20:50:24,17.8,53.3
08/22/2026,20:55:24,17.7,53.7
08/22/2026,21:00:24,17.5,54.0
08/22/2026,21:05:24,17.4,54.2
08/22/2026,21:10:24,17.3,54.4
08/22/2026,21:15:24,17.1,54.8
08/22/2026,21:20:24,17.0,55.2
08/22/2026,21:25:24,16.9,55.5
08/22/2026,21:30:24,16.8,55.8
08/22/2026,21:35:24,16.7,56.1
08/22/2026,21:40:24,16.6,56.3
08/22/2026,21:45:24,16.5,56.8
08/22/2026,21:50:24,16.4,56.8
08/22/2026,21:55:24,16.3,56.8
08/22/2026,22:00:24,16.1,57.3
08/22/2026,22:05:24,16.0,57.4
08/22/2026,22:10:24,15.9,57.7
08/22/2026,22:15:24,15.9,58.1
08/22/2026,22:20:24,15.8,58.5
08/22/2026,22:25:24,15.7,58.5
08/22/2026,22:30:24,15.6,58.7
08/22/2026,22:35:24,15.5,58.9
08/22/2026,22:40:24,15.4,59.1
08/22/2026,22:45:24,15.4,59.2
08/22/2026,22:50:24,15.3,59.5
08/22/2026,22:55:24,15.2,59.7
08/22/2026,23:00:24,15.1,59.8
08/22/2026,23:05:24,15.1,59.9
08/22/2026,23:10:24,15.0,60.1
08/22/2026,23:15:24,14.9,60.2
08/22/2026,23:20:24,14.9,60.1
08/22/2026,23:25:24,14.9,60.4
08/22/2026,23:30:24,14.9,60.6
08/22/2026,23:35:24,14.9,60.5
08/22/2026,23:40:24,14.8,60.3
08/22/2026,23:45:24,14.8,60.5
08/22/2026,23:50:24,14.7,60.5
08/22/2026,23:55:24,14.6,60.9
08/23/2026,00:00:24,14.5,60.7
08/23/2026,00:05:24,14.5,60.6
08/23/2026,00:10:24,14.5,60.3
08/23/2026,00:15:24,14.5,59.8
08/23/2026,00:20:24,14.4,59.6
08/23/2026,00:25:24,14.4,59.7
08/23/2026,00:30:24,14.4,58.9
08/23/2026,00:35:24,14.4,61.2
08/23/2026,00:40:24,14.4,61.0
08/23/2026,00:45:24,14.4,59.1
08/23/2026,00:50:24,14.4,61.4
08/23/2026,00:55:24,14.4,58.8
08/23/2026,01:00:24,14.3,60.1
08/23/2026,01:05:24,14.3,61.7
08/23/2026,01:10:24,14.2,62.2
08/23/2026,01:15:24,14.1,62.7
08/23/2026,01:20:24,14.0,63.1
08/23/2026,01:25:24,13.9,63.3
08/23/2026,01:30:24,13.8,63.2
08/23/2026,01:35:24,13.8,63.7
08/23/2026,01:40:24,13.7,63.9
08/23/2026,01:45:24,13.6,64.1
08/23/2026,01:50:24,13.5,64.2
08/23/2026,01:55:24,13.4,64.8
08/23/2026,02:00:24,13.2,65.1
08/23/2026,02:05:24,13.1,65.7
08/23/2026,02:10:24,13.0,65.9
08/23/2026,02:15:24,12.9,66.3
08/23/2026,02:20:24,12.8,66.4
08/23/2026,02:25:24,12.8,66.6
08/23/2026,02:30:24,12.8,66.9
08/23/2026,02:35:24,12.7,66.7
08/23/2026,02:40:24,12.7,66.9
08/23/2026,02:45:24,12.6,67.3
08/23/2026,02:50:24,12.5,67.3
08/23/2026,02:55:24,12.5,67.5
08/23/2026,03:00:24,12.4,67.8
08/23/2026,03:05:24,12.4,67.7
08/23/2026,03:10:24,12.4,67.8
08/23/2026,03:15:24,12.4,68.2
08/23/2026,03:20:24,12.3,68.7
08/23/2026,03:25:24,12.3,68.7
08/23/2026,03:30:24,12.2,69.3
08/23/2026,03:35:24,12.2,69.7
08/23/2026,03:40:24,12.1,69.8
08/23/2026,03:45:24,12.1,70.0
08/23/2026,03:50:24,12.0,69.7
08/23/2026,03:55:24,12.0,69.7
08/23/2026,04:00:24,11.9,70.1
08/23/2026,04:05:24,11.9,70.2
08/23/2026,04:10:24,11.8,70.5
08/23/2026,04:15:24,11.7,70.5
08/23/2026,04:20:24,11.7,70.7
08/23/2026,04:25:24,11.7,70.7
08/23/2026,04:30:24,11.6,71.2
08/23/2026,04:35:24,11.6,70.8
08/23/2026,04:40:24,11.5,71.1
08/23/2026,04:45:24,11.5,71.1
08/23/2026,04:50:24,11.5,70.9
08/23/2026,04:55:24,11.5,70.7
08/23/2026,05:00:24,11.5,70.0
08/23/2026,05:05:24,11.5,69.1
08/23/2026,05:10:24,11.4,68.3
08/23/2026,05:15:24,11.4,65.7
08/23/2026,05:20:24,11.4,62.3
08/23/2026,05:25:24,11.4,61.3
08/23/2026,05:30:24,11.4,68.5
08/23/2026,05:35:24,11.4,69.5
08/23/2026,05:40:24,11.5,68.8
08/23/2026,05:45:24,11.4,69.9
08/23/2026,05:50:24,11.4,70.9
08/23/2026,05:55:24,11.4,71.4
08/23/2026,06:00:24,11.4,71.4
08/23/2026,06:05:24,11.4,71.5
08/23/2026,06:10:24,11.4,71.8
08/23/2026,06:15:24,11.3,71.8
08/23/2026,06:20:24,11.3,71.8
08/23/2026,06:25:24,11.3,72.5
08/23/2026,06:30:24,11.3,71.7
08/23/2026,06:35:24,11.3,72.3
08/23/2026,06:40:24,11.3,72.3
08/23/2026,06:45:24,11.3,71.8
08/23/2026,06:50:24,11.3,67.4
08/23/2026,06:55:24,11.3,66.8
08/23/2026,07:00:24,11.3,67.5
08/23/2026,07:05:24,11.3,67.6
08/23/2026,07:10:24,11.3,71.1
08/23/2026,07:15:24,11.4,71.4
08/23/2026,07:20:24,11.4,71.7
08/23/2026,07:25:24,11.4,70.2
08/23/2026,07:30:24,11.4,70.3
08/23/2026,07:35:24,11.4,69.9
08/23/2026,07:40:24,11.5,70.2
08/23/2026,07:45:24,11.5,68.0
08/23/2026,07:50:24,11.5,70.3
08/23/2026,07:55:24,11.6,70.5
08/23/2026,08:00:24,11.6,66.7
08/23/2026,08:05:24,11.6,67.2
08/23/2026,08:10:24,11.6,64.6
08/23/2026,08:15:24,11.6,65.7
08/23/2026,08:20:24,11.7,65.8
08/23/2026,08:25:24,11.8,64.1
08/23/2026,08:30:24,11.9,64.7
08/23/2026,08:35:24,12.0,64.8
08/23/2026,08:40:24,12.1,63.9
08/23/2026,08:45:24,12.2,64.4
08/23/2026,08:50:24,12.3,66.1
08/23/2026,08:55:24,12.4,66.7
08/23/2026,09:00:24,12.6,64.8
08/23/2026,09:05:24,12.8,67.6
08/23/2026,09:10:24,13.1,66.5
08/23/2026,09:15:24,13.3,66.7
08/23/2026,09:20:24,13.5,64.8
08/23/2026,09:25:24,13.7,64.7
08/23/2026,09:30:24,13.9,64.7
08/23/2026,09:35:24,14.0,65.2
08/23/2026,09:40:24,14.3,65.2
08/23/2026,09:45:24,14.5,64.7
08/23/2026,09:50:24,14.8,64.4
08/23/2026,09:55:24,15.1,64.5
08/23/2026,10:00:24,15.4,64.6
08/23/2026,10:05:24,15.7,64.5
08/23/2026,10:10:24,16.0,63.7
08/23/2026,10:15:24,16.4,63.6
08/23/2026,10:20:24,16.7,62.8
08/23/2026,10:25:24,17.1,62.6
08/23/2026,10:30:24,17.4,63.1
08/23/2026,10:35:24,17.7,62.7
08/23/2026,10:40:24,18.0,61.9
08/23/2026,10:45:24,18.3,62.1
08/23/2026,10:50:24,18.7,61.1
08/23/2026,10:55:24,19.0,59.8
08/23/2026,11:00:24,19.3,58.5
08/23/2026,11:05:24,19.6,59.6
08/23/2026,11:10:24,19.9,56.1
08/23/2026,11:15:24,20.1,55.5
08/23/2026,11:20:24,20.2,54.3
08/23/2026,11:25:24,20.3,54.7
08/23/2026,11:30:24,20.5,53.5
08/23/2026,11:35:24,20.6,54.8
08/23/2026,11:40:24,20.9,56.4
08/23/2026,11:45:24,21.3,53.8
08/23/2026,11:50:24,21.6,53.6
08/23/2026,11:55:24,21.8,51.6
08/23/2026,12:00:24,22.0,53.7
08/23/2026,12:05:24,22.2,51.9
08/23/2026,12:10:24,22.4,50.8
08/23/2026,12:15:24,22.7,53.3
08/23/2026,12:20:24,22.9,49.6
08/23/2026,12:25:24,23.2,50.5
08/23/2026,12:30:24,23.3,49.3
08/23/2026,12:35:24,23.5,47.2
08/23/2026,12:40:24,23.6,47.9
08/23/2026,12:45:24,23.8,47.4
08/23/2026,12:50:24,23.8,47.2
08/23/2026,12:55:24,24.0,46.6
08/23/2026,13:00:24,23.8,45.4
08/23/2026,13:05:24,23.8,45.7
08/23/2026,13:10:24,24.2,46.8
08/23/2026,13:15:24,24.8,46.9
08/23/2026,13:20:24,25.1,45.8
08/23/2026,13:25:24,25.1,44.4
08/23/2026,13:30:24,25.2,44.7
08/23/2026,13:35:24,25.3,43.0
08/23/2026,13:40:24,24.9,42.4
08/23/2026,13:45:24,24.6,42.9
08/23/2026,13:50:24,24.5,43.3
08/23/2026,13:55:24,24.7,42.4
08/23/2026,14:00:24,24.7,41.3
08/23/2026,14:05:24,24.7,41.2
08/23/2026,14:10:24,24.8,42.6
08/23/2026,14:15:24,25.3,41.6
08/23/2026,14:20:24,25.7,41.0
08/23/2026,14:25:24,26.0,40.7
08/23/2026,14:30:24,26.5,40.6
08/23/2026,14:35:24,26.8,39.1
08/23/2026,14:40:24,26.8,38.6
08/23/2026,14:45:24,27.0,38.1
08/23/2026,14:50:24,26.8,37.9
08/23/2026,14:55:24,26.7,37.5
08/23/2026,15:00:24,26.9,38.1
08/23/2026,15:05:24,27.1,36.6
08/23/2026,15:10:24,27.0,36.3
08/23/2026,15:15:24,27.3,36.4
08/23/2026,15:20:24,27.4,36.9
08/23/2026,15:25:24,27.2,36.4
08/23/2026,15:30:24,26.7,36.7
08/23/2026,15:35:24,26.7,36.7
08/23/2026,15:40:24,27.0,36.8
08/23/2026,15:45:24,27.1,36.2
08/23/2026,15:50:24,27.1,35.7
08/23/2026,15:55:24,26.8,35.9
08/23/2026,16:00:24,26.7,35.7
08/23/2026,16:05:24,26.5,36.6
08/23/2026,16:10:24,26.7,36.8
08/23/2026,16:15:24,26.9,36.4
08/23/2026,16:20:24,27.0,36.2
08/23/2026,16:25:24,27.1,35.7
08/23/2026,16:30:24,27.3,35.4
08/23/2026,16:35:24,27.2,35.6
08/23/2026,16:40:24,27.2,35.3
08/23/2026,16:45:24,27.1,35.6
08/23/2026,16:50:24,27.0,35.7
08/23/2026,16:55:24,26.6,36.0
08/23/2026,17:00:24,26.4,35.9
08/23/2026,17:05:24,26.0,35.9
08/23/2026,17:10:24,25.7,36.5
08/23/2026,17:15:24,25.6,36.8
08/23/2026,17:20:24,25.4,36.7
08/23/2026,17:25:24,25.2,36.9
08/23/2026,17:30:24,25.0,37.1
08/23/2026,17:35:24,24.7,37.2
08/23/2026,17:40:24,24.6,37.6
08/23/2026,17:45:24,24.5,37.6
08/23/2026,17:50:24,24.3,37.8
08/23/2026,17:55:24,24.2,38.1
08/23/2026,18:00:24,24.1,38.7
08/23/2026,18:05:24,24.1,38.8
08/23/2026,18:10:24,23.9,38.8
08/23/2026,18:15:24,23.8,38.9
08/23/2026,18:20:24,23.7,38.9
08/23/2026,18:25:24,23.5,39.3
08/23/2026,18:30:24,23.4,40.0
08/23/2026,18:35:24,23.4,40.5
08/23/2026,18:40:24,23.4,40.8
08/23/2026,18:45:24,23.5,40.8
08/23/2026,18:50:24,23.5,40.8
08/23/2026,18:55:24,23.8,40.6
08/23/2026,19:00:24,23.9,40.7
08/23/2026,19:05:24,23.9,41.2
08/23/2026,19:10:24,23.7,41.4
08/23/2026,19:15:24,23.4,41.9
08/23/2026,19:20:24,23.1,42.4
08/23/2026,19:25:24,22.8,42.9
08/23/2026,19:30:24,22.6,43.4
08/23/2026,19:35:24,22.5,44.7
08/23/2026,19:40:24,22.2,46.3
08/23/2026,19:45:24,22.0,47.4
08/23/2026,19:50:24,21.8,48.1
08/23/2026,19:55:24,21.5,48.9
08/23/2026,20:00:24,21.3,49.6
08/23/2026,20:05:24,21.2,50.1
08/23/2026,20:10:24,21.0,50.6
08/23/2026,20:15:24,20.8,51.3
08/23/2026,20:20:24,20.6,51.8
08/23/2026,20:25:24,20.4,52.3
08/23/2026,20:30:24,20.3,52.6
08/23/2026,20:35:24,20.1,52.9
08/23/2026,20:40:24,20.0,53.3
08/23/2026,20:45:24,19.8,53.5
08/23/2026,20:50:24,19.7,53.7
08/23/2026,20:55:24,19.5,54.0
08/23/2026,21:00:24,19.4,54.2
08/23/2026,21:05:24,19.3,54.3
08/23/2026,21:10:24,19.2,54.1
08/23/2026,21:15:24,19.1,54.0
08/23/2026,21:20:24,18.9,54.0
08/23/2026,21:25:24,18.8,54.2
08/23/2026,21:30:24,18.7,54.4
08/23/2026,21:35:24,18.5,54.6
08/23/2026,21:40:24,18.4,54.7
08/23/2026,21:45:24,18.3,54.8
08/23/2026,21:50:24,18.1,54.9
08/23/2026,21:55:24,18.0,55.1
08/23/2026,22:00:24,17.9,55.3
08/23/2026,22:05:24,17.9,55.5
08/23/2026,22:10:24,17.8,55.7
08/23/2026,22:15:24,17.6,56.0
08/23/2026,22:20:24,17.5,56.3
08/23/2026,22:25:24,17.4,56.5
08/23/2026,22:30:24,17.3,56.7
08/23/2026,22:35:24,17.3,56.9
08/23/2026,22:40:24,17.1,57.1
08/23/2026,22:45:24,17.1,57.4
08/23/2026,22:50:24,17.0,57.6
08/23/2026,22:55:24,16.9,57.7
08/23/2026,23:00:24,16.8,58.1
08/23/2026,23:05:24,16.7,58.3
08/23/2026,23:10:24,16.6,58.6
08/23/2026,23:15:24,16.5,58.8
08/23/2026,23:20:24,16.4,59.1
08/23/2026,23:25:24,16.3,59.4
08/23/2026,23:30:24,16.2,59.6
08/23/2026,23:35:24,16.1,59.7
08/23/2026,23:40:24,16.0,60.0
08/23/2026,23:45:24,15.9,60.1
08/23/2026,23:50:24,15.8,60.3
08/23/2026,23:55:24,15.7,60.5
08/24/2026,00:00:24,15.6,61.1
08/24/2026,00:05:24,15.5,61.2
08/24/2026,00:10:24,15.4,61.1
08/24/2026,00:15:24,15.3,61.1
08/24/2026,00:20:24,15.2,61.4
08/24/2026,00:25:24,15.1,61.9
08/24/2026,00:30:24,15.0,61.8
08/24/2026,00:35:24,14.9,62.1
08/24/2026,00:40:24,14.9,62.2
08/24/2026,00:45:24,14.8,62.6
08/24/2026,00:50:24,14.7,62.7
08/24/2026,00:55:24,14.7,62.8
08/24/2026,01:00:24,14.6,62.9
08/24/2026,01:05:24,14.5,63.0
08/24/2026,01:10:24,14.4,63.2
08/24/2026,01:15:24,14.3,63.4
08/24/2026,01:20:24,14.3,63.7
08/24/2026,01:25:24,14.2,63.6
08/24/2026,01:30:24,14.2,63.9
08/24/2026,01:35:24,14.1,64.0
08/24/2026,01:40:24,14.0,64.5
08/24/2026,01:45:24,14.0,64.6
08/24/2026,01:50:24,13.9,65.0
08/24/2026,01:55:24,13.8,65.2
08/24/2026,02:00:24,13.8,65.2
08/24/2026,02:05:24,13.7,65.8
08/24/2026,02:10:24,13.7,65.6
08/24/2026,02:15:24,13.6,65.8
08/24/2026,02:20:24,13.6,66.1
08/24/2026,02:25:24,13.5,66.1
08/24/2026,02:30:24,13.5,66.1
08/24/2026,02:35:24,13.4,66.3
08/24/2026,02:40:24,13.3,66.2
08/24/2026,02:45:24,13.3,66.4
08/24/2026,02:50:24,13.2,66.9
08/24/2026,02:55:24,13.2,66.5
08/24/2026,03:00:24,13.1,66.7
08/24/2026,03:05:24,13.0,67.1
08/24/2026,03:10:24,13.0,67.2
08/24/2026,03:15:24,12.9,67.3
08/24/2026,03:20:24,12.9,67.2
08/24/2026,03:25:24,12.8,67.0
08/24/2026,03:30:24,12.8,67.1
08/24/2026,03:35:24,12.7,67.4
08/24/2026,03:40:24,12.7,67.5
08/24/2026,03:45:24,12.6,67.6
08/24/2026,03:50:24,12.5,67.7
08/24/2026,03:55:24,12.5,67.4
08/24/2026,04:00:24,12.4,67.5
08/24/2026,04:05:24,12.3,67.5
08/24/2026,04:10:24,12.3,68.0
08/24/2026,04:15:24,12.2,68.1
08/24/2026,04:20:24,12.1,68.3
08/24/2026,04:25:24,12.1,68.5
08/24/2026,04:30:24,12.0,68.8
08/24/2026,04:35:24,11.9,68.8
08/24/2026,04:40:24,11.8,69.3
08/24/2026,04:45:24,11.7,69.2
08/24/2026,04:50:24,11.7,69.1
08/24/2026,04:55:24,11.6,69.2
08/24/2026,05:00:24,11.6,69.1
08/24/2026,05:05:24,11.5,69.4
08/24/2026,05:10:24,11.5,69.9
08/24/2026,05:15:24,11.4,70.0
08/24/2026,05:20:24,11.3,69.8
08/24/2026,05:25:24,11.3,69.1
08/24/2026,05:30:24,11.3,69.4
08/24/2026,05:35:24,11.2,69.8
08/24/2026,05:40:24,11.1,69.9
08/24/2026,05:45:24,11.1,69.3
08/24/2026,05:50:24,11.0,69.9
08/24/2026,05:55:24,11.0,69.2
08/24/2026,06:00:24,10.9,70.1
08/24/2026,06:05:24,10.9,70.4
08/24/2026,06:10:24,10.8,70.7
08/24/2026,06:15:24,10.7,71.5
08/24/2026,06:20:24,10.7,72.0
08/24/2026,06:25:24,10.6,67.3
08/24/2026,06:30:24,10.6,70.9
08/24/2026,06:35:24,10.5,65.6
08/24/2026,06:40:24,10.5,62.8
08/24/2026,06:45:24,10.5,60.5
08/24/2026,06:50:24,10.4,59.4
08/24/2026,06:55:24,10.4,59.2
08/24/2026,07:00:24,10.3,59.8
08/24/2026,07:05:24,10.4,66.9
08/24/2026,07:10:24,10.4,63.4
08/24/2026,07:15:24,10.4,61.6
08/24/2026,07:20:24,10.4,62.3
08/24/2026,07:25:24,10.4,61.8
08/24/2026,07:30:24,10.4,59.3
08/24/2026,07:35:24,10.4,60.4
08/24/2026,07:40:24,10.4,60.6
08/24/2026,07:45:24,10.4,60.3
08/24/2026,07:50:24,10.5,61.4
08/24/2026,07:55:24,10.5,61.0
08/24/2026,08:00:24,10.5,62.4
08/24/2026,08:05:24,10.7,63.0
08/24/2026,08:10:24,10.7,63.0
08/24/2026,08:15:24,10.9,64.0
08/24/2026,08:20:24,11.0,64.1
08/24/2026,08:25:24,11.2,65.0
08/24/2026,08:30:24,11.4,67.6
08/24/2026,08:35:24,11.6,66.3
08/24/2026,08:40:24,11.8,67.5
08/24/2026,08:45:24,12.0,66.8
08/24/2026,08:50:24,12.2,67.6
08/24/2026,08:55:24,12.4,66.6
08/24/2026,09:00:24,12.6,66.9
08/24/2026,09:05:24,12.8,67.0
08/24/2026,09:10:24,12.9,67.8
08/24/2026,09:15:24,13.2,67.6
08/24/2026,09:20:24,13.4,67.9
08/24/2026,09:25:24,13.7,68.4
08/24/2026,09:30:24,14.0,68.9
08/24/2026,09:35:24,14.4,68.1
08/24/2026,09:40:24,14.7,68.7
08/24/2026,09:45:24,15.1,68.5
08/24/2026,09:50:24,15.5,68.0
08/24/2026,09:55:24,15.8,67.9
08/24/2026,10:00:24,16.2,67.7
08/24/2026,10:05:24,16.5,67.1
08/24/2026,10:10:24,16.9,66.2
08/24/2026,10:15:24,17.3,65.7
08/24/2026,10:20:24,17.6,64.8
08/24/2026,10:25:24,17.9,65.2
08/24/2026,10:30:24,18.3,62.6
08/24/2026,10:35:24,18.7,61.8
08/24/2026,10:40:24,19.1,60.8
08/24/2026,10:45:24,19.2,60.9
08/24/2026,10:50:24,19.4,59.5
08/24/2026,10:55:24,19.6,59.6
08/24/2026,11:00:24,19.7,58.8
08/24/2026,11:05:24,19.8,58.3
08/24/2026,11:10:24,19.9,57.8
08/24/2026,11:15:24,20.0,57.5
08/24/2026,11:20:24,20.1,58.1
08/24/2026,11:25:24,20.2,56.6
08/24/2026,11:30:24,20.2,56.9
08/24/2026,11:35:24,20.4,56.0
08/24/2026,11:40:24,20.5,56.7
08/24/2026,11:45:24,20.7,55.5
08/24/2026,11:50:24,20.9,54.7
08/24/2026,11:55:24,21.1,54.0
08/24/2026,12:00:24,21.2,52.6
08/24/2026,12:05:24,21.5,52.1
08/24/2026,12:10:24,21.8,50.9
08/24/2026,12:15:24,21.7,51.3
08/24/2026,12:20:24,21.8,50.9
08/24/2026,12:25:24,22.1,50.7
08/24/2026,12:30:24,22.3,50.1
08/24/2026,12:35:24,22.3,49.6
08/24/2026,12:40:24,22.4,49.7
08/24/2026,12:45:24,22.8,49.2
08/24/2026,12:50:24,23.0,48.2
08/24/2026,12:55:24,23.0,48.0
08/24/2026,13:00:24,22.8,46.5
08/24/2026,13:05:24,22.7,46.9
08/24/2026,13:10:24,22.7,46.7
08/24/2026,13:15:24,22.7,47.3
08/24/2026,13:20:24,23.1,46.5
08/24/2026,13:25:24,23.3,45.6
08/24/2026,13:30:24,23.4,45.1
08/24/2026,13:35:24,23.7,44.3
08/24/2026,13:40:24,24.0,44.1
08/24/2026,13:45:24,24.1,43.2
08/24/2026,13:50:24,24.2,42.4
08/24/2026,13:55:24,24.3,41.8
08/24/2026,14:00:24,24.1,42.1
08/24/2026,14:05:24,24.3,42.1
08/24/2026,14:10:24,24.3,42.1
08/24/2026,14:15:24,24.2,42.2
08/24/2026,14:20:24,24.2,42.4
08/24/2026,14:25:24,24.2,42.0
08/24/2026,14:30:24,24.1,42.3
08/24/2026,14:35:24,24.5,42.7
08/24/2026,14:40:24,24.7,42.7
08/24/2026,14:45:24,24.8,42.6
08/24/2026,14:50:24,25.3,41.8
08/24/2026,14:55:24,25.3,41.4
08/24/2026,15:00:24,25.2,41.5
08/24/2026,15:05:24,25.0,42.4
08/24/2026,15:10:24,24.9,43.1
08/24/2026,15:15:24,24.8,43.7
08/24/2026,15:20:24,25.1,43.4
08/24/2026,15:25:24,25.3,43.1
08/24/2026,15:30:24,25.4,42.4
08/24/2026,15:35:24,25.3,42.3
08/24/2026,15:40:24,24.9,42.7
08/24/2026,15:45:24,24.6,43.3
08/24/2026,15:50:24,24.2,44.2
08/24/2026,15:55:24,23.8,45.1
08/24/2026,16:00:24,23.7,45.7
08/24/2026,16:05:24,23.7,46.0
08/24/2026,16:10:24,23.5,46.0
08/24/2026,16:15:24,23.5,46.2
08/24/2026,16:20:24,23.4,46.1
08/24/2026,16:25:24,23.6,46.5
08/24/2026,16:30:24,23.9,45.9
08/24/2026,16:35:24,23.8,45.8
08/24/2026,16:40:24,23.6,46.2
08/24/2026,16:45:24,23.3,46.1
08/24/2026,16:50:24,23.1,46.5
08/24/2026,16:55:24,23.0,47.4
08/24/2026,17:00:24,23.0,47.3
08/24/2026,17:05:24,22.9,46.8
08/24/2026,17:10:24,22.9,46.6
08/24/2026,17:15:24,22.9,46.4
08/24/2026,17:20:24,22.7,46.7
08/24/2026,17:25:24,22.7,46.5
08/24/2026,17:30:24,22.7,46.2
08/24/2026,17:35:24,22.6,46.0
08/24/2026,17:40:24,22.4,46.1
08/24/2026,17:45:24,22.4,46.6
08/24/2026,17:50:24,22.4,46.9
08/24/2026,17:55:24,22.4,46.2
08/24/2026,18:00:24,22.2,45.9
08/24/2026,18:05:24,22.0,46.4
08/24/2026,18:10:24,21.9,46.7
08/24/2026,18:15:24,21.8,46.9
08/24/2026,18:20:24,21.7,46.7
08/24/2026,18:25:24,21.5,46.8
08/24/2026,18:30:24,21.3,47.1
08/24/2026,18:35:24,21.2,47.5
08/24/2026,18:40:24,21.2,47.1
08/24/2026,18:45:24,21.2,47.5
08/24/2026,18:50:24,21.3,47.2
08/24/2026,18:55:24,21.4,47.3
08/24/2026,19:00:24,21.5,47.3
08/24/2026,19:05:24,21.6,46.8
08/24/2026,19:10:24,21.3,47.2
08/24/2026,19:15:24,21.1,47.8
08/24/2026,19:20:24,20.8,48.5
08/24/2026,19:25:24,20.7,49.1
08/24/2026,19:30:24,20.6,49.3
08/24/2026,19:35:24,20.5,49.4
08/24/2026,19:40:24,20.3,49.6
08/24/2026,19:45:24,20.1,49.9
08/24/2026,19:50:24,20.0,49.8
08/24/2026,19:55:24,19.8,50.3
08/24/2026,20:00:24,19.6,50.6
08/24/2026,20:05:24,19.5,50.8
08/24/2026,20:10:24,19.4,51.2
08/24/2026,20:15:24,19.2,51.5
08/24/2026,20:20:24,19.1,51.9
08/24/2026,20:25:24,18.9,52.4
08/24/2026,20:30:24,18.8,53.0
08/24/2026,20:35:24,18.7,53.5
08/24/2026,20:40:24,18.6,54.0
08/24/2026,20:45:24,18.5,54.4
08/24/2026,20:50:24,18.4,54.8
08/24/2026,20:55:24,18.2,55.2
08/24/2026,21:00:24,18.1,55.5
08/24/2026,21:05:24,18.0,55.8
08/24/2026,21:10:24,17.9,56.2
08/24/2026,21:15:24,17.8,56.6
08/24/2026,21:20:24,17.7,57.0
08/24/2026,21:25:24,17.6,57.3
08/24/2026,21:30:24,17.5,57.8
08/24/2026,21:35:24,17.4,58.3
08/24/2026,21:40:24,17.3,58.5
08/24/2026,21:45:24,17.2,58.9
08/24/2026,21:50:24,17.1,59.2
08/24/2026,21:55:24,17.1,59.4
08/24/2026,22:00:24,16.9,59.8
08/24/2026,22:05:24,16.8,59.9
08/24/2026,22:10:24,16.7,60.5
08/24/2026,22:15:24,16.7,60.8
08/24/2026,22:20:24,16.5,61.3
08/24/2026,22:25:24,16.5,61.6
08/24/2026,22:30:24,16.4,61.7
08/24/2026,22:35:24,16.4,62.2
08/24/2026,22:40:24,16.3,62.5
08/24/2026,22:45:24,16.2,62.7
08/24/2026,22:50:24,16.2,63.0
08/24/2026,22:55:24,16.1,63.4
08/24/2026,23:00:24,16.0,63.6
08/24/2026,23:05:24,16.0,63.9
08/24/2026,23:10:24,15.9,64.4
08/24/2026,23:15:24,15.8,64.8
08/24/2026,23:20:24,15.8,65.0
08/24/2026,23:25:24,15.7,65.5
08/24/2026,23:30:24,15.7,64.9
08/24/2026,23:35:24,15.7,65.6
08/24/2026,23:40:24,15.6,65.9
08/24/2026,23:45:24,15.6,66.6
08/24/2026,23:50:24,15.5,66.2
08/24/2026,23:55:24,15.5,65.8
08/25/2026,00:00:24,15.4,67.2
08/25/2026,00:05:24,15.4,67.0
08/25/2026,00:10:24,15.3,67.9
08/25/2026,00:15:24,15.3,66.8
08/25/2026,00:20:24,15.3,67.8
08/25/2026,00:25:24,15.2,68.6
08/25/2026,00:30:24,15.2,67.8
08/25/2026,00:35:24,15.1,68.7
08/25/2026,00:40:24,15.1,68.9
08/25/2026,00:45:24,15.0,69.2
08/25/2026,00:50:24,15.0,69.7
08/25/2026,00:55:24,15.0,69.7
08/25/2026,01:00:24,14.9,70.3
08/25/2026,01:05:24,14.9,70.6
08/25/2026,01:10:24,14.8,70.5
08/25/2026,01:15:24,14.8,70.7
08/25/2026,01:20:24,14.8,70.9
08/25/2026,01:25:24,14.7,70.7
08/25/2026,01:30:24,14.7,70.2
08/25/2026,01:35:24,14.6,70.7
08/25/2026,01:40:24,14.6,71.1
08/25/2026,01:45:24,14.6,71.7
08/25/2026,01:50:24,14.5,71.8
08/25/2026,01:55:24,14.5,72.1
08/25/2026,02:00:24,14.5,71.6
08/25/2026,02:05:24,14.5,72.6
08/25/2026,02:10:24,14.4,73.0
08/25/2026,02:15:24,14.4,72.2
08/25/2026,02:20:24,14.3,71.9
08/25/2026,02:25:24,14.3,72.0
08/25/2026,02:30:24,14.3,73.1
08/25/2026,02:35:24,14.3,72.4
08/25/2026,02:40:24,14.3,72.5
08/25/2026,02:45:24,14.2,72.6
08/25/2026,02:50:24,14.2,71.6
08/25/2026,02:55:24,14.2,72.8
08/25/2026,03:00:24,14.2,73.7
08/25/2026,03:05:24,14.1,74.4
08/25/2026,03:10:24,14.1,74.7
08/25/2026,03:15:24,14.1,74.9
08/25/2026,03:20:24,14.1,74.5
08/25/2026,03:25:24,14.0,74.3
08/25/2026,03:30:24,14.0,73.3
08/25/2026,03:35:24,14.0,75.1
08/25/2026,03:40:24,14.0,75.2
08/25/2026,03:45:24,14.0,74.8
08/25/2026,03:50:24,13.9,74.1
08/25/2026,03:55:24,13.9,75.1
08/25/2026,04:00:24,13.8,74.2
08/25/2026,04:05:24,13.8,75.7
08/25/2026,04:10:24,13.8,75.7
08/25/2026,04:15:24,13.8,75.6
08/25/2026,04:20:24,13.7,75.8
08/25/2026,04:25:24,13.7,75.1
08/25/2026,04:30:24,13.6,75.7
08/25/2026,04:35:24,13.6,76.2
08/25/2026,04:40:24,13.6,75.0
08/25/2026,04:45:24,13.5,73.1
08/25/2026,04:50:24,13.5,74.8
08/25/2026,04:55:24,13.5,75.5
08/25/2026,05:00:24,13.5,73.9
08/25/2026,05:05:24,13.4,75.4
08/25/2026,05:10:24,13.4,73.2
08/25/2026,05:15:24,13.4,73.4
08/25/2026,05:20:24,13.4,73.1
08/25/2026,05:25:24,13.3,71.6
08/25/2026,05:30:24,13.3,74.3
08/25/2026,05:35:24,13.3,73.3
08/25/2026,05:40:24,13.2,75.5
08/25/2026,05:45:24,13.2,75.2
08/25/2026,05:50:24,13.2,74.1
08/25/2026,05:55:24,13.1,73.6
08/25/2026,06:00:24,13.1,75.0
08/25/2026,06:05:24,13.1,72.4
08/25/2026,06:10:24,13.1,73.0
08/25/2026,06:15:24,13.1,70.7
08/25/2026,06:20:24,13.0,71.6
08/25/2026,06:25:24,13.1,74.1
08/25/2026,06:30:24,13.1,71.5
08/25/2026,06:35:24,13.1,73.3
08/25/2026,06:40:24,13.1,71.9
08/25/2026,06:45:24,13.0,70.5
08/25/2026,06:50:24,13.1,72.9
08/25/2026,06:55:24,13.1,72.7
08/25/2026,07:00:24,13.1,71.2
08/25/2026,07:05:24,13.1,71.2
08/25/2026,07:10:24,13.2,71.9
08/25/2026,07:15:24,13.2,68.9
08/25/2026,07:20:24,13.2,70.2
08/25/2026,07:25:24,13.2,71.8
08/25/2026,07:30:24,13.3,71.9
08/25/2026,07:35:24,13.4,71.9
08/25/2026,07:40:24,13.5,72.7
08/25/2026,07:45:24,13.5,72.1
08/25/2026,07:50:24,13.6,70.5
08/25/2026,07:55:24,13.7,70.4
08/25/2026,08:00:24,13.8,70.8
08/25/2026,08:05:24,13.9,69.7
08/25/2026,08:10:24,14.0,71.8
08/25/2026,08:15:24,14.1,70.6
08/25/2026,08:20:24,14.1,72.4
08/25/2026,08:25:24,14.2,71.5
08/25/2026,08:30:24,14.4,73.4
08/25/2026,08:35:24,14.5,72.2
08/25/2026,08:40:24,14.7,71.0
08/25/2026,08:45:24,14.8,71.1
08/25/2026,08:50:24,14.9,71.8
08/25/2026,08:55:24,15.0,71.4
08/25/2026,09:00:24,15.2,71.1
08/25/2026,09:05:24,15.4,72.4
08/25/2026,09:10:24,15.6,72.5
08/25/2026,09:15:24,15.8,72.7
08/25/2026,09:20:24,16.1,72.1
08/25/2026,09:25:24,16.4,72.0
08/25/2026,09:30:24,16.7,72.1
08/25/2026,09:35:24,16.9,71.1
08/25/2026,09:40:24,17.2,71.8
08/25/2026,09:45:24,17.5,71.9
08/25/2026,09:50:24,17.8,70.4
08/25/2026,09:55:24,18.1,70.0
08/25/2026,10:00:24,18.4,69.5
08/25/2026,10:05:24,18.6,69.4
08/25/2026,10:10:24,18.9,68.9
08/25/2026,10:15:24,19.2,67.9
08/25/2026,10:20:24,19.6,67.7
08/25/2026,10:25:24,19.8,67.1
08/25/2026,10:30:24,20.1,66.3
08/25/2026,10:35:24,20.3,66.3
08/25/2026,10:40:24,20.5,65.6
08/25/2026,10:45:24,20.8,65.4
08/25/2026,10:50:24,21.1,65.8
08/25/2026,10:55:24,21.2,64.9
08/25/2026,11:00:24,21.5,63.5
08/25/2026,11:05:24,21.8,63.6
08/25/2026,11:10:24,22.1,62.4
08/25/2026,11:15:24,22.2,61.4
08/25/2026,11:20:24,22.3,60.8
08/25/2026,11:25:24,22.4,60.4
08/25/2026,11:30:24,22.6,60.1
08/25/2026,11:35:24,22.7,58.4
08/25/2026,11:40:24,22.9,56.6
08/25/2026,11:45:24,23.0,58.4
08/25/2026,11:50:24,23.3,56.7
08/25/2026,11:55:24,23.6,54.8
08/25/2026,12:00:24,23.8,56.6
08/25/2026,12:05:24,24.1,55.5
08/25/2026,12:10:24,24.4,53.8
08/25/2026,12:15:24,24.6,52.1
08/25/2026,12:20:24,24.8,51.5
08/25/2026,12:25:24,25.1,50.8
08/25/2026,12:30:24,25.3,50.4
08/25/2026,12:35:24,25.5,50.8
08/25/2026,12:40:24,25.6,49.3
08/25/2026,12:45:24,25.6,48.7
08/25/2026,12:50:24,25.8,48.1
08/25/2026,12:55:24,25.9,47.5
08/25/2026,13:00:24,26.0,47.6
08/25/2026,13:05:24,26.2,46.8
08/25/2026,13:10:24,26.5,46.2
08/25/2026,13:15:24,26.6,45.4
08/25/2026,13:20:24,26.8,44.8
08/25/2026,13:25:24,27.0,44.5
08/25/2026,13:30:24,27.1,44.4
08/25/2026,13:35:24,27.0,43.9
08/25/2026,13:40:24,27.0,43.8
08/25/2026,13:45:24,27.2,43.3
08/25/2026,13:50:24,27.3,42.5
08/25/2026,13:55:24,27.4,43.0
08/25/2026,14:00:24,27.7,42.2
08/25/2026,14:05:24,27.8,41.6
08/25/2026,14:10:24,28.1,41.1
08/25/2026,14:15:24,28.3,40.6
08/25/2026,14:20:24,28.2,40.0
08/25/2026,14:25:24,28.3,40.2
08/25/2026,14:30:24,28.3,40.1
08/25/2026,14:35:24,28.5,40.2
08/25/2026,14:40:24,28.6,40.0
08/25/2026,14:45:24,28.6,40.5
08/25/2026,14:50:24,28.8,39.2
08/25/2026,14:55:24,28.9,39.0
08/25/2026,15:00:24,29.0,38.1
08/25/2026,15:05:24,29.0,38.5
08/25/2026,15:10:24,29.0,37.5
08/25/2026,15:15:24,29.1,36.8
08/25/2026,15:20:24,29.2,36.9
08/25/2026,15:25:24,29.2,36.6
08/25/2026,15:30:24,29.4,36.1
08/25/2026,15:35:24,29.4,35.0
08/25/2026,15:40:24,29.3,35.1
08/25/2026,15:45:24,29.2,34.6
08/25/2026,15:50:24,29.3,34.6
08/25/2026,15:55:24,29.4,34.0
08/25/2026,16:00:24,29.4,34.9
08/25/2026,16:05:24,29.5,34.4
08/25/2026,16:10:24,29.7,33.7
08/25/2026,16:15:24,29.6,34.1
08/25/2026,16:20:24,29.4,33.6
08/25/2026,16:25:24,29.3,34.0
08/25/2026,16:30:24,29.4,34.0
08/25/2026,16:35:24,29.2,34.5
08/25/2026,16:40:24,29.0,34.5
08/25/2026,16:45:24,28.9,33.9
08/25/2026,16:50:24,28.8,33.8
08/25/2026,16:55:24,28.6,34.0
08/25/2026,17:00:24,28.3,34.2
08/25/2026,17:05:24,28.0,34.5
08/25/2026,17:10:24,27.7,34.6
08/25/2026,17:15:24,27.3,34.8
08/25/2026,17:20:24,26.9,35.6
08/25/2026,17:25:24,26.6,36.0
08/25/2026,17:30:24,26.5,36.3
08/25/2026,17:35:24,26.3,36.4
08/25/2026,17:40:24,26.1,36.7
08/25/2026,17:45:24,25.9,36.9
08/25/2026,17:50:24,25.8,37.7
08/25/2026,17:55:24,25.6,38.3
08/25/2026,18:00:24,25.4,38.7
08/25/2026,18:05:24,25.4,39.0
08/25/2026,18:10:24,25.2,39.8
08/25/2026,18:15:24,25.1,40.6
08/25/2026,18:20:24,25.0,40.9
08/25/2026,18:25:24,24.9,41.0
08/25/2026,18:30:24,24.8,41.3
08/25/2026,18:35:24,24.7,42.0
08/25/2026,18:40:24,24.9,42.3
08/25/2026,18:45:24,24.9,42.3
08/25/2026,18:50:24,25.1,42.2
08/25/2026,18:55:24,25.3,41.7
08/25/2026,19:00:24,25.3,41.6
08/25/2026,19:05:24,25.2,41.6
08/25/2026,19:10:24,25.0,42.2
08/25/2026,19:15:24,24.7,42.6
08/25/2026,19:20:24,24.4,42.8
08/25/2026,19:25:24,24.2,43.3
08/25/2026,19:30:24,24.0,43.6
08/25/2026,19:35:24,23.8,43.9
08/25/2026,19:40:24,23.5,44.8
08/25/2026,19:45:24,23.3,46.0
08/25/2026,19:50:24,23.2,46.5
08/25/2026,19:55:24,23.0,47.1
08/25/2026,20:00:24,22.8,47.5
08/25/2026,20:05:24,22.7,48.1
08/25/2026,20:10:24,22.5,48.7
08/25/2026,20:15:24,22.3,49.1
08/25/2026,20:20:24,22.2,49.5
08/25/2026,20:25:24,22.1,49.7
08/25/2026,20:30:24,21.9,49.9
08/25/2026,20:35:24,21.8,50.2
08/25/2026,20:40:24,21.7,50.3
08/25/2026,20:45:24,21.5,50.7
08/25/2026,20:50:24,21.4,51.1
08/25/2026,20:55:24,21.3,51.5
08/25/2026,21:00:24,21.1,51.9
08/25/2026,21:05:24,21.0,52.4
08/25/2026,21:10:24,20.8,52.8
08/25/2026,21:15:24,20.6,53.2
08/25/2026,21:20:24,20.5,53.6
08/25/2026,21:25:24,20.4,54.0
08/25/2026,21:30:24,20.3,54.6
08/25/2026,21:35:24,20.1,55.1
08/25/2026,21:40:24,20.0,55.8
08/25/2026,21:45:24,19.9,56.3
08/25/2026,21:50:24,19.9,56.8
08/25/2026,21:55:24,19.8,57.1
08/25/2026,22:00:24,19.7,57.4
08/25/2026,22:05:24,19.6,57.8
08/25/2026,22:10:24,19.5,58.0
08/25/2026,22:15:24,19.4,58.4
08/25/2026,22:20:24,19.4,58.6
08/25/2026,22:25:24,19.3,58.8
08/25/2026,22:30:24,19.2,59.2
08/25/2026,22:35:24,19.1,59.4
08/25/2026,22:40:24,19.1,59.4
08/25/2026,22:45:24,19.0,60.1
08/25/2026,22:50:24,18.9,60.3
08/25/2026,22:55:24,18.9,60.2
08/25/2026,23:00:24,18.9,59.7
08/25/2026,23:05:24,18.8,60.7
08/25/2026,23:10:24,18.7,61.1
08/25/2026,23:15:24,18.7,61.1
08/25/2026,23:20:24,18.6,60.2
08/25/2026,23:25:24,18.5,61.6
08/25/2026,23:30:24,18.4,61.9
08/25/2026,23:35:24,18.3,61.4
08/25/2026,23:40:24,18.3,62.4
08/25/2026,23:45:24,18.2,62.7
08/25/2026,23:50:24,18.1,62.3
08/25/2026,23:55:24,18.0,63.2
08/26/2026,00:00:24,17.9,63.6
08/26/2026,00:05:24,17.9,64.0
08/26/2026,00:10:24,17.8,64.3
08/26/2026,00:15:24,17.7,64.5
08/26/2026,00:20:24,17.6,64.8
08/26/2026,00:25:24,17.5,65.1
08/26/2026,00:30:24,17.4,65.5
08/26/2026,00:35:24,17.3,65.8
08/26/2026,00:40:24,17.3,66.0
08/26/2026,00:45:24,17.2,66.4
08/26/2026,00:50:24,17.1,66.5
08/26/2026,00:55:24,17.0,66.7
08/26/2026,01:00:24,17.0,66.9
08/26/2026,01:05:24,16.9,67.2
08/26/2026,01:10:24,16.9,67.3
08/26/2026,01:15:24,16.9,67.3
08/26/2026,01:20:24,16.8,66.9
08/26/2026,01:25:24,16.8,67.2
08/26/2026,01:30:24,16.8,64.5
08/26/2026,01:35:24,16.8,65.5
08/26/2026,01:40:24,16.8,66.5
08/26/2026,01:45:24,16.7,67.8
08/26/2026,01:50:24,16.7,67.4
08/26/2026,01:55:24,16.6,64.3
08/26/2026,02:00:24,16.6,65.3
08/26/2026,02:05:24,16.6,65.3
08/26/2026,02:10:24,16.6,67.2
08/26/2026,02:15:24,16.6,65.4
08/26/2026,02:20:24,16.5,66.2
08/26/2026,02:25:24,16.5,66.3
08/26/2026,02:30:24,16.4,67.1
08/26/2026,02:35:24,16.4,67.6
08/26/2026,02:40:24,16.4,68.9
08/26/2026,02:45:24,16.4,68.1
08/26/2026,02:50:24,16.3,66.8
08/26/2026,02:55:24,16.3,67.1
08/26/2026,03:00:24,16.2,61.9
08/26/2026,03:05:24,16.3,67.3
08/26/2026,03:10:24,16.2,64.6
08/26/2026,03:15:24,16.2,58.5
08/26/2026,03:20:24,16.1,62.1
08/26/2026,03:25:24,16.1,59.0
08/26/2026,03:30:24,16.0,63.2
08/26/2026,03:35:24,16.0,62.2
08/26/2026,03:40:24,16.0,64.6
08/26/2026,03:45:24,15.9,61.1
08/26/2026,03:50:24,15.9,57.7
08/26/2026,03:55:24,15.8,56.8
08/26/2026,04:00:24,15.7,54.5
08/26/2026,04:05:24,15.6,56.3
08/26/2026,04:10:24,15.6,57.1
08/26/2026,04:15:24,15.5,57.3
08/26/2026,04:20:24,15.5,55.2
08/26/2026,04:25:24,15.4,56.3
08/26/2026,04:30:24,15.4,56.1
08/26/2026,04:35:24,15.3,55.3
08/26/2026,04:40:24,15.3,55.6
08/26/2026,04:45:24,15.3,58.6
08/26/2026,04:50:24,15.3,57.2
08/26/2026,04:55:24,15.3,56.3
08/26/2026,05:00:24,15.2,56.3
08/26/2026,05:05:24,15.2,56.3
08/26/2026,05:10:24,15.2,58.4
08/26/2026,05:15:24,15.2,58.7
08/26/2026,05:20:24,15.2,59.8
08/26/2026,05:25:24,15.2,57.9
08/26/2026,05:30:24,15.2,58.1
08/26/2026,05:35:24,15.2,56.0
08/26/2026,05:40:24,15.1,61.1
08/26/2026,05:45:24,15.2,64.9
08/26/2026,05:50:24,15.2,62.9
08/26/2026,05:55:24,15.1,59.4
08/26/2026,06:00:24,15.0,58.2
08/26/2026,06:05:24,15.0,58.9
08/26/2026,06:10:24,15.0,59.9
08/26/2026,06:15:24,15.0,63.5
08/26/2026,06:20:24,15.0,59.6
08/26/2026,06:25:24,15.0,59.4
08/26/2026,06:30:24,14.9,58.6
08/26/2026,06:35:24,15.0,64.7
08/26/2026,06:40:24,15.0,64.4
08/26/2026,06:45:24,15.0,65.7
08/26/2026,06:50:24,15.0,63.8
08/26/2026,06:55:24,15.0,60.1
08/26/2026,07:00:24,15.0,58.2
08/26/2026,07:05:24,14.9,58.8
08/26/2026,07:10:24,15.0,59.7
08/26/2026,07:15:24,15.0,59.3
08/26/2026,07:20:24,15.1,58.8
08/26/2026,07:25:24,15.2,59.6
08/26/2026,07:30:24,15.4,62.1
08/26/2026,07:35:24,15.5,62.4
08/26/2026,07:40:24,15.7,64.5
08/26/2026,07:45:24,15.8,63.5
08/26/2026,07:50:24,16.0,66.0
08/26/2026,07:55:24,16.2,67.4
08/26/2026,08:00:24,16.4,67.3
08/26/2026,08:05:24,16.6,66.7
08/26/2026,08:10:24,16.8,68.0
08/26/2026,08:15:24,17.0,66.9
08/26/2026,08:20:24,17.2,68.7
08/26/2026,08:25:24,17.4,67.2
08/26/2026,08:30:24,17.6,66.6
08/26/2026,08:35:24,17.8,71.4
08/26/2026,08:40:24,18.1,67.8
08/26/2026,08:45:24,18.3,70.0
08/26/2026,08:50:24,18.4,68.0
08/26/2026,08:55:24,18.6,69.2
08/26/2026,09:00:24,18.8,71.5
08/26/2026,09:05:24,19.1,73.9
08/26/2026,09:10:24,19.3,72.2
08/26/2026,09:15:24,19.6,74.9
08/26/2026,09:20:24,19.7,74.7
08/26/2026,09:25:24,19.9,74.7
08/26/2026,09:30:24,20.0,74.9
08/26/2026,09:35:24,20.1,74.9
08/26/2026,09:40:24,20.2,74.6
08/26/2026,09:45:24,20.4,74.3
08/26/2026,09:50:24,20.5,74.5
08/26/2026,09:55:24,20.7,74.4
08/26/2026,10:00:24,20.9,74.2
08/26/2026,10:05:24,21.0,73.7
08/26/2026,10:10:24,21.2,73.4
08/26/2026,10:15:24,21.4,72.9
08/26/2026,10:20:24,21.5,72.6
08/26/2026,10:25:24,21.6,72.5
08/26/2026,10:30:24,21.7,72.0
08/26/2026,10:35:24,21.8,71.8
08/26/2026,10:40:24,21.8,71.9
08/26/2026,10:45:24,21.8,72.1
08/26/2026,10:50:24,22.0,72.1
08/26/2026,10:55:24,22.1,71.3
08/26/2026,11:00:24,22.3,70.6
08/26/2026,11:05:24,22.5,70.0
08/26/2026,11:10:24,22.7,69.2
08/26/2026,11:15:24,23.0,68.4
08/26/2026,11:20:24,23.3,67.8
08/26/2026,11:25:24,23.8,66.5
08/26/2026,11:30:24,24.0,65.5
08/26/2026,11:35:24,24.2,65.2
08/26/2026,11:40:24,24.4,64.4
08/26/2026,11:45:24,24.6,63.4
08/26/2026,11:50:24,24.8,62.5
08/26/2026,11:55:24,24.9,61.9
08/26/2026,12:00:24,25.1,61.6
08/26/2026,12:05:24,25.3,60.7
08/26/2026,12:10:24,25.3,60.4
08/26/2026,12:15:24,25.5,60.2
08/26/2026,12:20:24,25.8,59.2
08/26/2026,12:25:24,25.7,58.8
08/26/2026,12:30:24,25.7,58.9
08/26/2026,12:35:24,25.7,59.0
08/26/2026,12:40:24,25.9,59.0
08/26/2026,12:45:24,26.2,58.3
08/26/2026,12:50:24,26.4,57.9
08/26/2026,12:55:24,26.5,57.6
08/26/2026,13:00:24,26.7,56.5
08/26/2026,13:05:24,26.6,56.4
08/26/2026,13:10:24,26.7,55.9
08/26/2026,13:15:24,26.8,54.9
08/26/2026,13:20:24,26.9,54.7
08/26/2026,13:25:24,27.0,54.3
08/26/2026,13:30:24,27.0,53.9
08/26/2026,13:35:24,27.0,53.9
08/26/2026,13:40:24,27.3,53.6
08/26/2026,13:45:24,27.4,53.3
08/26/2026,13:50:24,27.8,52.8
08/26/2026,13:55:24,28.0,52.1
08/26/2026,14:00:24,28.1,51.7
08/26/2026,14:05:24,28.0,51.7
08/26/2026,14:10:24,27.9,51.4
08/26/2026,14:15:24,27.9,51.6
08/26/2026,14:20:24,27.9,51.3
08/26/2026,14:25:24,27.7,50.9
08/26/2026,14:30:24,27.4,51.4
08/26/2026,14:35:24,27.2,51.7
08/26/2026,14:40:24,27.0,52.4
08/26/2026,14:45:24,26.9,52.4
08/26/2026,14:50:24,26.8,52.4
08/26/2026,14:55:24,26.7,52.6
08/26/2026,15:00:24,26.6,52.6
08/26/2026,15:05:24,26.5,52.5
08/26/2026,15:10:24,26.5,52.6
08/26/2026,15:15:24,26.5,52.4
08/26/2026,15:20:24,26.6,52.5
08/26/2026,15:25:24,27.0,52.3
08/26/2026,15:30:24,27.5,50.8
08/26/2026,15:35:24,27.7,50.0
08/26/2026,15:40:24,27.9,49.6
08/26/2026,15:45:24,28.1,49.8
08/26/2026,15:50:24,28.5,49.3
08/26/2026,15:55:24,28.9,48.3
08/26/2026,16:00:24,29.2,47.7
08/26/2026,16:05:24,29.4,47.2
08/26/2026,16:10:24,29.1,46.8
08/26/2026,16:15:24,28.9,47.0
08/26/2026,16:20:24,28.8,47.2
08/26/2026,16:25:24,28.6,46.9
08/26/2026,16:30:24,28.6,46.9
08/26/2026,16:35:24,28.7,47.2
08/26/2026,16:40:24,28.8,47.2
08/26/2026,16:45:24,28.7,47.2
08/26/2026,16:50:24,28.8,46.8
08/26/2026,16:55:24,28.7,46.6
08/26/2026,17:00:24,28.5,46.8
08/26/2026,17:05:24,28.4,46.8
08/26/2026,17:10:24,28.1,47.0
08/26/2026,17:15:24,27.8,47.6
08/26/2026,17:20:24,27.7,48.0
08/26/2026,17:25:24,27.7,48.5
08/26/2026,17:30:24,27.6,48.8
08/26/2026,17:35:24,27.5,48.9
08/26/2026,17:40:24,27.4,49.4
08/26/2026,17:45:24,27.2,49.5
08/26/2026,17:50:24,27.2,49.9
08/26/2026,17:55:24,27.0,50.2
08/26/2026,18:00:24,26.8,50.6
08/26/2026,18:05:24,26.6,51.1
08/26/2026,18:10:24,26.5,51.6
08/26/2026,18:15:24,26.3,52.2
08/26/2026,18:20:24,26.2,52.5
08/26/2026,18:25:24,26.0,52.9
08/26/2026,18:30:24,25.9,53.2
08/26/2026,18:35:24,25.8,53.5
08/26/2026,18:40:24,25.7,53.9
08/26/2026,18:45:24,25.5,54.2
08/26/2026,18:50:24,25.4,54.6
08/26/2026,18:55:24,25.3,54.7
08/26/2026,19:00:24,25.2,55.1
08/26/2026,19:05:24,25.0,55.5
08/26/2026,19:10:24,24.8,55.7
08/26/2026,19:15:24,24.7,56.1
08/26/2026,19:20:24,24.5,56.6
08/26/2026,19:25:24,24.4,57.0
08/26/2026,19:30:24,24.3,57.2
08/26/2026,19:35:24,24.1,57.7
08/26/2026,19:40:24,24.0,58.1
08/26/2026,19:45:24,23.8,58.6
08/26/2026,19:50:24,23.6,59.1
08/26/2026,19:55:24,23.4,59.6
08/26/2026,20:00:24,23.3,60.1
08/26/2026,20:05:24,23.2,60.5
08/26/2026,20:10:24,23.1,60.8
08/26/2026,20:15:24,23.0,61.1
08/26/2026,20:20:24,22.8,61.4
08/26/2026,20:25:24,22.7,61.8
08/26/2026,20:30:24,22.6,62.1
08/26/2026,20:35:24,22.5,62.4
08/26/2026,20:40:24,22.4,62.7
08/26/2026,20:45:24,22.3,63.1
08/26/2026,20:50:24,22.1,63.4
08/26/2026,20:55:24,22.0,63.8
08/26/2026,21:00:24,22.0,64.3
08/26/2026,21:05:24,21.8,64.7
08/26/2026,21:10:24,21.7,65.0
08/26/2026,21:15:24,21.6,65.4
08/26/2026,21:20:24,21.5,65.7
08/26/2026,21:25:24,21.4,66.0
08/26/2026,21:30:24,21.3,66.3
08/26/2026,21:35:24,21.3,66.5
08/26/2026,21:40:24,21.2,66.8
08/26/2026,21:45:24,21.1,66.9
08/26/2026,21:50:24,21.1,67.1
08/26/2026,21:55:24,21.0,67.4
08/26/2026,22:00:24,20.9,67.6
08/26/2026,22:05:24,20.9,67.7
08/26/2026,22:10:24,20.8,67.9
08/26/2026,22:15:24,20.7,68.1
08/26/2026,22:20:24,20.7,68.3
08/26/2026,22:25:24,20.6,68.5
08/26/2026,22:30:24,20.5,68.5
08/26/2026,22:35:24,20.5,68.6
08/26/2026,22:40:24,20.4,69.0
08/26/2026,22:45:24,20.3,69.0
08/26/2026,22:50:24,20.3,69.3
08/26/2026,22:55:24,20.2,69.3
08/26/2026,23:00:24,20.2,69.6
08/26/2026,23:05:24,20.1,69.6
08/26/2026,23:10:24,20.0,69.6
08/26/2026,23:15:24,20.0,69.7
08/26/2026,23:20:24,19.9,69.7
08/26/2026,23:25:24,19.8,69.9
08/26/2026,23:30:24,19.7,70.1
08/26/2026,23:35:24,19.6,70.3
08/26/2026,23:40:24,19.5,70.6
08/26/2026,23:45:24,19.5,70.9
08/26/2026,23:50:24,19.4,71.3
08/26/2026,23:55:24,19.3,71.5
08/27/2026,00:00:24,19.3,71.6
08/27/2026,00:05:24,19.2,72.1
08/27/2026,00:10:24,19.2,71.5
08/27/2026,00:15:24,19.1,72.6
08/27/2026,00:20:24,19.1,72.7
08/27/2026,00:25:24,19.0,73.2
08/27/2026,00:30:24,19.0,73.4
08/27/2026,00:35:24,18.9,73.6
08/27/2026,00:40:24,18.8,73.2
08/27/2026,00:45:24,18.8,73.6
08/27/2026,00:50:24,18.7,74.2
08/27/2026,00:55:24,18.6,74.0
08/27/2026,01:00:24,18.6,74.2
08/27/2026,01:05:24,18.5,73.4
08/27/2026,01:10:24,18.5,74.3
08/27/2026,01:15:24,18.5,74.6
08/27/2026,01:20:24,18.4,74.6
08/27/2026,01:25:24,18.3,75.3
08/27/2026,01:30:24,18.3,75.5
08/27/2026,01:35:24,18.3,75.6
08/27/2026,01:40:24,18.2,75.5
08/27/2026,01:45:24,18.1,75.1
08/27/2026,01:50:24,18.1,75.8
08/27/2026,01:55:24,18.0,75.7
08/27/2026,02:00:24,18.0,75.8
08/27/2026,02:05:24,18.0,75.7
08/27/2026,02:10:24,18.0,76.4
08/27/2026,02:15:24,17.9,75.0
08/27/2026,02:20:24,17.9,75.7
08/27/2026,02:25:24,17.9,76.1
08/27/2026,02:30:24,17.9,75.8
08/27/2026,02:35:24,17.9,74.6
08/27/2026,02:40:24,17.9,75.8
08/27/2026,02:45:24,17.9,75.5
08/27/2026,02:50:24,17.9,73.6
08/27/2026,02:55:24,17.9,75.4
08/27/2026,03:00:24,17.9,75.7
08/27/2026,03:05:24,17.9,73.7
08/27/2026,03:10:24,17.9,74.0
08/27/2026,03:15:24,17.9,73.3
08/27/2026,03:20:24,17.9,74.3
08/27/2026,03:25:24,17.9,75.8
08/27/2026,03:30:24,17.9,72.4
08/27/2026,03:35:24,17.9,75.1
08/27/2026,03:40:24,17.9,74.3
08/27/2026,03:45:24,17.9,75.3
08/27/2026,03:50:24,18.0,75.7
08/27/2026,03:55:24,17.9,74.9
08/27/2026,04:00:24,18.0,76.7
08/27/2026,04:05:24,18.0,76.9
08/27/2026,04:10:24,17.9,77.3
08/27/2026,04:15:24,17.9,76.0
08/27/2026,04:20:24,17.9,76.8
08/27/2026,04:25:24,17.9,77.4
08/27/2026,04:30:24,17.8,77.4
08/27/2026,04:35:24,17.8,75.9
08/27/2026,04:40:24,17.8,74.0
08/27/2026,04:45:24,17.7,76.0
08/27/2026,04:50:24,17.8,76.2
08/27/2026,04:55:24,17.7,73.9
08/27/2026,05:00:24,17.7,73.8
08/27/2026,05:05:24,17.7,75.1
08/27/2026,05:10:24,17.6,74.0
08/27/2026,05:15:24,17.6,74.9
08/27/2026,05:20:24,17.6,74.4
08/27/2026,05:25:24,17.6,72.8
08/27/2026,05:30:24,17.6,72.8
08/27/2026,05:35:24,17.6,69.9
08/27/2026,05:40:24,17.6,71.7
08/27/2026,05:45:24,17.6,69.4
08/27/2026,05:50:24,17.6,68.3
08/27/2026,05:55:24,17.7,70.8
08/27/2026,06:00:24,17.7,69.9
08/27/2026,06:05:24,17.7,70.4
08/27/2026,06:10:24,17.7,71.2
08/27/2026,06:15:24,17.7,71.3
08/27/2026,06:20:24,17.8,71.5
08/27/2026,06:25:24,17.8,74.7
08/27/2026,06:30:24,17.8,72.6
08/27/2026,06:35:24,17.9,72.8
08/27/2026,06:40:24,17.9,74.2
08/27/2026,06:45:24,17.8,73.1
08/27/2026,06:50:24,17.9,72.7
08/27/2026,06:55:24,18.0,72.0
08/27/2026,07:00:24,18.0,73.3
08/27/2026,07:05:24,18.0,71.2
08/27/2026,07:10:24,18.0,71.4
08/27/2026,07:15:24,18.1,69.2
08/27/2026,07:20:24,18.1,71.6
08/27/2026,07:25:24,18.1,70.1
08/27/2026,07:30:24,18.2,72.9
08/27/2026,07:35:24,18.3,72.7
08/27/2026,07:40:24,18.3,71.7
08/27/2026,07:45:24,18.4,71.4
08/27/2026,07:50:24,18.4,70.8
08/27/2026,07:55:24,18.5,69.8
08/27/2026,08:00:24,18.5,72.2
08/27/2026,08:05:24,18.7,70.7
08/27/2026,08:10:24,18.8,73.2
08/27/2026,08:15:24,18.9,75.5
08/27/2026,08:20:24,19.1,74.5
08/27/2026,08:25:24,19.2,74.9
08/27/2026,08:30:24,19.2,74.8
08/27/2026,08:35:24,19.3,75.8
08/27/2026,08:40:24,19.4,76.0
08/27/2026,08:45:24,19.4,74.5
08/27/2026,08:50:24,19.5,75.2
08/27/2026,08:55:24,19.5,76.2
08/27/2026,09:00:24,19.5,75.0
08/27/2026,09:05:24,19.5,77.4
08/27/2026,09:10:24,19.6,77.3
08/27/2026,09:15:24,19.7,78.4
08/27/2026,09:20:24,19.7,79.1
08/27/2026,09:25:24,19.8,79.4
08/27/2026,09:30:24,19.8,79.6
08/27/2026,09:35:24,19.8,80.0
08/27/2026,09:40:24,19.8,80.3
08/27/2026,09:45:24,19.8,80.8
08/27/2026,09:50:24,19.8,81.2
08/27/2026,09:55:24,19.8,81.4
08/27/2026,10:00:24,19.8,81.7
08/27/2026,10:05:24,19.8,82.4
08/27/2026,10:10:24,19.7,82.5
08/27/2026,10:15:24,19.7,82.7
08/27/2026,10:20:24,19.6,82.9
08/27/2026,10:25:24,19.5,82.9
08/27/2026,10:30:24,19.4,83.2
08/27/2026,10:35:24,19.4,83.4
08/27/2026,10:40:24,19.4,84.0
08/27/2026,10:45:24,19.3,84.2
08/27/2026,10:50:24,19.3,84.5
08/27/2026,10:55:24,19.4,84.6
08/27/2026,11:00:24,19.4,84.8
08/27/2026,11:05:24,19.4,85.2
08/27/2026,11:10:24,19.4,85.2
08/27/2026,11:15:24,19.4,85.2
08/27/2026,11:20:24,19.4,85.5
08/27/2026,11:25:24,19.4,85.5
08/27/2026,11:30:24,19.4,85.6
08/27/2026,11:35:24,19.4,86.1
08/27/2026,11:40:24,19.4,86.2
08/27/2026,11:45:24,19.5,86.2
08/27/2026,11:50:24,19.5,86.0
08/27/2026,11:55:24,19.5,85.9
08/27/2026,12:00:24,19.6,86.2
08/27/2026,12:05:24,19.6,86.1
08/27/2026,12:10:24,19.7,86.1
08/27/2026,12:15:24,19.7,86.3
08/27/2026,12:20:24,19.8,86.3
08/27/2026,12:25:24,19.8,86.1
08/27/2026,12:30:24,19.8,86.0
08/27/2026,12:35:24,19.8,85.9
08/27/2026,12:40:24,19.9,85.6
08/27/2026,12:45:24,19.9,85.6
08/27/2026,12:50:24,19.9,85.4
08/27/2026,12:55:24,19.9,85.1
08/27/2026,13:00:24,19.9,85.6
08/27/2026,13:05:24,19.9,85.4
08/27/2026,13:10:24,20.0,85.0
08/27/2026,13:15:24,20.0,85.4
08/27/2026,13:20:24,20.1,85.5
08/27/2026,13:25:24,20.2,85.3
08/27/2026,13:30:24,20.3,85.4
08/27/2026,13:35:24,20.4,84.9
08/27/2026,13:40:24,20.5,84.6
08/27/2026,13:45:24,20.7,84.7
08/27/2026,13:50:24,20.7,84.2
08/27/2026,13:55:24,20.8,84.1
08/27/2026,14:00:24,20.9,83.9
08/27/2026,14:05:24,20.9,83.5
08/27/2026,14:10:24,20.9,83.8
08/27/2026,14:15:24,21.0,83.4
08/27/2026,14:20:24,21.2,83.6
08/27/2026,14:25:24,21.3,83.2
08/27/2026,14:30:24,21.4,82.8
08/27/2026,14:35:24,21.6,82.9
08/27/2026,14:40:24,21.8,82.1
08/27/2026,14:45:24,21.9,81.5
08/27/2026,14:50:24,21.9,80.5
08/27/2026,14:55:24,21.9,80.2
08/27/2026,15:00:24,22.1,80.7
08/27/2026,15:05:24,22.2,79.0
08/27/2026,15:10:24,22.2,79.3
08/27/2026,15:15:24,22.5,78.6
08/27/2026,15:20:24,22.6,77.9
08/27/2026,15:25:24,22.5,77.5
08/27/2026,15:30:24,22.3,77.8
08/27/2026,15:35:24,22.3,77.5
08/27/2026,15:40:24,22.2,78.0
08/27/2026,15:45:24,22.2,78.0
08/27/2026,15:50:24,22.1,77.5
08/27/2026,15:55:24,22.2,77.8
08/27/2026,16:00:24,22.4,77.9
08/27/2026,16:05:24,22.5,77.1
08/27/2026,16:10:24,22.6,76.9
08/27/2026,16:15:24,22.9,76.8
08/27/2026,16:20:24,23.3,76.0
08/27/2026,16:25:24,23.7,74.6
08/27/2026,16:30:24,24.0,73.4
08/27/2026,16:35:24,24.2,73.0
08/27/2026,16:40:24,24.4,72.8
08/27/2026,16:45:24,24.4,71.9
08/27/2026,16:50:24,24.5,71.6
08/27/2026,16:55:24,24.7,71.1
08/27/2026,17:00:24,24.6,70.3
08/27/2026,17:05:24,24.3,70.3
08/27/2026,17:10:24,23.9,70.6
08/27/2026,17:15:24,23.7,71.2
08/27/2026,17:20:24,23.6,71.7
08/27/2026,17:25:24,23.5,71.7
08/27/2026,17:30:24,23.4,72.0
08/27/2026,17:35:24,23.2,72.0
08/27/2026,17:40:24,23.1,72.1
08/27/2026,17:45:24,23.0,72.4
08/27/2026,17:50:24,22.8,72.7
08/27/2026,17:55:24,22.6,73.3
08/27/2026,18:00:24,22.5,73.3
08/27/2026,18:05:24,22.3,74.0
08/27/2026,18:10:24,22.2,74.6
08/27/2026,18:15:24,22.1,74.9
08/27/2026,18:20:24,22.0,75.1
08/27/2026,18:25:24,21.9,75.7
08/27/2026,18:30:24,21.8,76.6
08/27/2026,18:35:24,21.6,77.3
08/27/2026,18:40:24,21.5,78.2
08/27/2026,18:45:24,21.4,78.7
08/27/2026,18:50:24,21.4,79.2
08/27/2026,18:55:24,21.3,79.5
08/27/2026,19:00:24,21.2,80.3
08/27/2026,19:05:24,21.2,80.5
08/27/2026,19:10:24,21.1,80.7
08/27/2026,19:15:24,21.0,81.3
08/27/2026,19:20:24,20.9,81.8
08/27/2026,19:25:24,20.9,81.9
08/27/2026,19:30:24,20.8,81.7
08/27/2026,19:35:24,20.7,82.2
08/27/2026,19:40:24,20.6,82.6
08/27/2026,19:45:24,20.6,82.6
08/27/2026,19:50:24,20.5,82.4
08/27/2026,19:55:24,20.4,81.0
08/27/2026,20:00:24,20.3,80.8
08/27/2026,20:05:24,20.1,80.9
08/27/2026,20:10:24,20.0,81.2
08/27/2026,20:15:24,19.9,81.5
08/27/2026,20:20:24,19.8,81.7
08/27/2026,20:25:24,19.7,81.6
08/27/2026,20:30:24,19.6,81.2
08/27/2026,20:35:24,19.4,80.2
08/27/2026,20:40:24,19.2,80.0
08/27/2026,20:45:24,19.1,79.9
08/27/2026,20:50:24,18.9,79.7
08/27/2026,20:55:24,18.7,79.7
08/27/2026,21:00:24,18.6,80.2
08/27/2026,21:05:24,18.5,80.4
08/27/2026,21:10:24,18.4,80.4
08/27/2026,21:15:24,18.3,80.2
08/27/2026,21:20:24,18.2,81.2
08/27/2026,21:25:24,18.2,81.1
08/27/2026,21:30:24,18.1,81.6
08/27/2026,21:35:24,18.0,81.4
08/27/2026,21:40:24,18.0,82.4
08/27/2026,21:45:24,18.0,82.5
08/27/2026,21:50:24,18.0,82.8
08/27/2026,21:55:24,18.0,82.4
08/27/2026,22:00:24,18.0,83.0
08/27/2026,22:05:24,18.0,83.3
08/27/2026,22:10:24,18.0,83.8
08/27/2026,22:15:24,18.1,83.7
08/27/2026,22:20:24,18.1,83.6
08/27/2026,22:25:24,18.1,83.8
08/27/2026,22:30:24,18.1,83.5
08/27/2026,22:35:24,18.1,83.0
08/27/2026,22:40:24,18.1,82.9
08/27/2026,22:45:24,18.0,82.8
08/27/2026,22:50:24,18.0,82.7
08/27/2026,22:55:24,17.9,83.0
08/27/2026,23:00:24,17.9,83.2
08/27/2026,23:05:24,17.9,83.9
08/27/2026,23:10:24,17.9,84.1
08/27/2026,23:15:24,18.0,84.1
08/27/2026,23:20:24,17.9,83.9
08/27/2026,23:25:24,17.9,83.9
08/27/2026,23:30:24,17.9,84.0
08/27/2026,23:35:24,17.9,84.2
08/27/2026,23:40:24,17.9,84.4
08/27/2026,23:45:24,17.9,84.4
08/27/2026,23:50:24,17.9,84.4
08/27/2026,23:55:24,17.8,84.6
08/28/2026,00:00:24,17.9,84.5
08/28/2026,00:05:24,17.8,84.7
08/28/2026,00:10:24,17.8,84.8
08/28/2026,00:15:24,17.8,84.7
08/28/2026,00:20:24,17.8,84.7
08/28/2026,00:25:24,17.8,84.6
08/28/2026,00:30:24,17.8,84.4
08/28/2026,00:35:24,17.8,84.4
08/28/2026,00:40:24,17.8,84.4
08/28/2026,00:45:24,17.8,84.2
08/28/2026,00:50:24,17.7,84.2
08/28/2026,00:55:24,17.7,84.0
08/28/2026,01:00:24,17.6,83.9
08/28/2026,01:05:24,17.6,83.8
08/28/2026,01:10:24,17.6,83.8
08/28/2026,01:15:24,17.6,83.8
08/28/2026,01:20:24,17.6,83.7
08/28/2026,01:25:24,17.6,83.7
08/28/2026,01:30:24,17.5,83.6
08/28/2026,01:35:24,17.5,83.6
08/28/2026,01:40:24,17.5,83.6
08/28/2026,01:45:24,17.5,83.7
08/28/2026,01:50:24,17.4,83.7
08/28/2026,01:55:24,17.4,83.8
08/28/2026,02:00:24,17.3,83.9
08/28/2026,02:05:24,17.3,83.8
08/28/2026,02:10:24,17.3,84.0
08/28/2026,02:15:24,17.3,83.9
08/28/2026,02:20:24,17.2,84.0
08/28/2026,02:25:24,17.2,84.1
08/28/2026,02:30:24,17.2,84.0
08/28/2026,02:35:24,17.1,84.0
08/28/2026,02:40:24,17.1,84.0
08/28/2026,02:45:24,17.1,84.0
08/28/2026,02:50:24,17.0,84.2
08/28/2026,02:55:24,17.0,84.2
08/28/2026,03:00:24,17.0,84.2
08/28/2026,03:05:24,16.9,84.3
08/28/2026,03:10:24,16.9,84.3
08/28/2026,03:15:24,16.9,84.3
08/28/2026,03:20:24,16.8,84.3
08/28/2026,03:25:24,16.8,84.4
08/28/2026,03:30:24,16.8,84.4
08/28/2026,03:35:24,16.8,84.5
08/28/2026,03:40:24,16.8,84.6
08/28/2026,03:45:24,16.8,84.5
08/28/2026,03:50:24,16.7,84.6
08/28/2026,03:55:24,16.7,84.6
08/28/2026,04:00:24,16.7,84.7
08/28/2026,04:05:24,16.6,84.7
08/28/2026,04:10:24,16.6,84.9
08/28/2026,04:15:24,16.6,84.9
08/28/2026,04:20:24,16.5,84.9
08/28/2026,04:25:24,16.5,85.1
08/28/2026,04:30:24,16.5,85.2
08/28/2026,04:35:24,16.4,85.4
08/28/2026,04:40:24,16.4,85.4
08/28/2026,04:45:24,16.4,85.5
08/28/2026,04:50:24,16.4,85.5
08/28/2026,04:55:24,16.4,85.6
08/28/2026,05:00:24,16.3,85.6
08/28/2026,05:05:24,16.3,85.6
08/28/2026,05:10:24,16.3,85.7
08/28/2026,05:15:24,16.2,85.7
08/28/2026,05:20:24,16.2,85.7
08/28/2026,05:25:24,16.2,85.7
08/28/2026,05:30:24,16.2,85.7
08/28/2026,05:35:24,16.1,85.7
08/28/2026,05:40:24,16.1,85.7
08/28/2026,05:45:24,16.1,85.7
08/28/2026,05:50:24,16.0,85.8
08/28/2026,05:55:24,16.0,86.0
08/28/2026,06:00:24,15.9,86.1
08/28/2026,06:05:24,15.9,86.1
08/28/2026,06:10:24,15.9,86.2
08/28/2026,06:15:24,15.8,86.4
08/28/2026,06:20:24,15.8,86.4
08/28/2026,06:25:24,15.8,86.5
08/28/2026,06:30:24,15.8,86.5
08/28/2026,06:35:24,15.8,86.6
08/28/2026,06:40:24,15.8,86.6
08/28/2026,06:45:24,15.8,86.7
08/28/2026,06:50:24,15.8,86.7
08/28/2026,06:55:24,15.8,86.7
08/28/2026,07:00:24,15.8,86.8
08/28/2026,07:05:24,15.8,86.8
08/28/2026,07:10:24,15.8,86.5
08/28/2026,07:15:24,15.9,86.6
08/28/2026,07:20:24,15.9,86.7
08/28/2026,07:25:24,15.9,86.7
08/28/2026,07:30:24,16.0,86.6
08/28/2026,07:35:24,16.0,86.7
08/28/2026,07:40:24,16.0,86.6
08/28/2026,07:45:24,16.1,86.6
08/28/2026,07:50:24,16.2,86.4
08/28/2026,07:55:24,16.2,86.4
08/28/2026,08:00:24,16.3,86.0
08/28/2026,08:05:24,16.4,86.2
08/28/2026,08:10:24,16.5,86.1
08/28/2026,08:15:24,16.5,85.8
08/28/2026,08:20:24,16.6,85.4
08/28/2026,08:25:24,16.6,85.1
08/28/2026,08:30:24,16.7,84.4
08/28/2026,08:35:24,16.9,85.4
08/28/2026,08:40:24,17.0,84.6
08/28/2026,08:45:24,17.2,84.9
08/28/2026,08:50:24,17.3,84.3
08/28/2026,08:55:24,17.4,84.4
08/28/2026,09:00:24,17.5,83.8
08/28/2026,09:05:24,17.6,83.6
08/28/2026,09:10:24,17.6,82.3
08/28/2026,09:15:24,17.7,83.1
08/28/2026,09:20:24,17.9,82.9
08/28/2026,09:25:24,18.1,82.4
08/28/2026,09:30:24,18.3,82.0
08/28/2026,09:35:24,18.4,81.5
08/28/2026,09:40:24,18.6,81.3
08/28/2026,09:45:24,18.8,80.8
08/28/2026,09:50:24,19.0,80.6
08/28/2026,09:55:24,19.1,79.8
08/28/2026,10:00:24,19.1,79.8
08/28/2026,10:05:24,19.3,79.2
08/28/2026,10:10:24,19.4,79.5
08/28/2026,10:15:24,19.6,78.5
08/28/2026,10:20:24,19.7,78.5
08/28/2026,10:25:24,19.8,77.8
08/28/2026,10:30:24,19.9,77.5
08/28/2026,10:35:24,20.0,76.9
08/28/2026,10:40:24,20.2,76.5
08/28/2026,10:45:24,20.3,76.1
08/28/2026,10:50:24,20.4,75.3
08/28/2026,10:55:24,20.6,75.3
08/28/2026,11:00:24,20.8,74.9
08/28/2026,11:05:24,20.9,74.1
08/28/2026,11:10:24,20.9,73.7
08/28/2026,11:15:24,20.8,73.1
08/28/2026,11:20:24,20.9,73.2
08/28/2026,11:25:24,21.2,72.2
08/28/2026,11:30:24,21.4,71.2
08/28/2026,11:35:24,21.6,69.4
08/28/2026,11:40:24,21.7,69.0
08/28/2026,11:45:24,21.7,68.5
08/28/2026,11:50:24,21.8,67.9
08/28/2026,11:55:24,21.8,66.9
08/28/2026,12:00:24,22.0,66.5
08/28/2026,12:05:24,22.3,65.8
08/28/2026,12:10:24,22.6,65.0
08/28/2026,12:15:24,22.7,63.8
08/28/2026,12:20:24,22.7,63.4
08/28/2026,12:25:24,23.0,62.6
08/28/2026,12:30:24,22.9,61.9
08/28/2026,12:35:24,22.8,61.8
08/28/2026,12:40:24,22.9,61.7
08/28/2026,12:45:24,23.1,60.9
08/28/2026,12:50:24,23.4,59.9
08/28/2026,12:55:24,23.7,58.9
08/28/2026,13:00:24,23.7,59.3
08/28/2026,13:05:24,24.0,58.2
08/28/2026,13:10:24,24.1,57.3
08/28/2026,13:15:24,24.1,57.1
08/28/2026,13:20:24,23.8,56.4
08/28/2026,13:25:24,23.5,57.0
08/28/2026,13:30:24,23.3,57.1
08/28/2026,13:35:24,23.1,57.6
08/28/2026,13:40:24,23.1,58.1
08/28/2026,13:45:24,23.2,58.3
08/28/2026,13:50:24,23.5,57.9
08/28/2026,13:55:24,23.8,56.6
08/28/2026,14:00:24,23.7,56.8
08/28/2026,14:05:24,23.5,56.9
08/28/2026,14:10:24,23.0,60.0
08/28/2026,14:15:24,22.7,62.5
08/28/2026,14:20:24,22.6,62.8
08/28/2026,14:25:24,22.9,63.0
08/28/2026,14:30:24,23.1,63.4
08/28/2026,14:35:24,23.5,62.1
08/28/2026,14:40:24,23.8,61.6
08/28/2026,14:45:24,23.8,61.1
08/28/2026,14:50:24,23.7,61.6
08/28/2026,14:55:24,23.5,61.2
08/28/2026,15:00:24,23.4,62.1
08/28/2026,15:05:24,23.6,61.5
08/28/2026,15:10:24,23.5,60.2
08/28/2026,15:15:24,23.3,60.6
08/28/2026,15:20:24,23.1,60.8
08/28/2026,15:25:24,22.8,61.5
08/28/2026,15:30:24,22.6,62.3
08/28/2026,15:35:24,22.6,62.7
08/28/2026,15:40:24,22.5,63.1
08/28/2026,15:45:24,22.3,62.8
08/28/2026,15:50:24,22.3,62.7
08/28/2026,15:55:24,22.3,63.0
08/28/2026,16:00:24,22.3,63.2
08/28/2026,16:05:24,22.4,63.3
08/28/2026,16:10:24,22.4,63.5
08/28/2026,16:15:24,22.6,63.8
08/28/2026,16:20:24,22.7,63.6
08/28/2026,16:25:24,22.9,63.5
08/28/2026,16:30:24,23.1,63.2
08/28/2026,16:35:24,23.4,62.4
08/28/2026,16:40:24,23.5,62.3
08/28/2026,16:45:24,23.6,61.7
08/28/2026,16:50:24,23.7,61.2
08/28/2026,16:55:24,23.9,60.7
08/28/2026,17:00:24,24.0,60.5
08/28/2026,17:05:24,24.1,60.1
08/28/2026,17:10:24,23.8,59.5
08/28/2026,17:15:24,23.6,59.7
08/28/2026,17:20:24,23.3,59.7
08/28/2026,17:25:24,23.2,60.3
08/28/2026,17:30:24,23.1,60.7
08/28/2026,17:35:24,23.0,61.0
08/28/2026,17:40:24,22.9,61.1
08/28/2026,17:45:24,22.8,61.1
08/28/2026,17:50:24,22.7,61.1
08/28/2026,17:55:24,22.6,61.3
08/28/2026,18:00:24,22.6,61.7
08/28/2026,18:05:24,21.2,67.1
08/28/2026,18:10:24,19.8,70.2
08/28/2026,18:15:24,18.7,72.7
08/28/2026,18:20:24,18.3,74.1
08/28/2026,18:25:24,18.2,75.3
08/28/2026,18:30:24,18.2,76.0
08/28/2026,18:35:24,18.2,76.6
08/28/2026,18:40:24,18.3,77.1
08/28/2026,18:45:24,18.4,77.9
08/28/2026,18:50:24,18.5,77.9
08/28/2026,18:55:24,18.5,78.4
08/28/2026,19:00:24,18.5,78.6
08/28/2026,19:05:24,18.5,79.1
08/28/2026,19:10:24,18.6,79.6
08/28/2026,19:15:24,18.6,79.7
08/28/2026,19:20:24,18.7,80.7
08/28/2026,19:25:24,18.7,81.9
08/28/2026,19:30:24,18.8,82.2
08/28/2026,19:35:24,18.8,82.0
08/28/2026,19:40:24,18.8,82.3
08/28/2026,19:45:24,18.8,82.8
08/28/2026,19:50:24,18.8,83.4
08/28/2026,19:55:24,18.8,84.0
08/28/2026,20:00:24,18.9,84.4
08/28/2026,20:05:24,18.9,84.2
08/28/2026,20:10:24,18.8,84.3
08/28/2026,20:15:24,18.8,83.5
08/28/2026,20:20:24,18.8,83.0
08/28/2026,20:25:24,18.7,82.2
08/28/2026,20:30:24,18.6,80.7
08/28/2026,20:35:24,18.6,79.7
08/28/2026,20:40:24,18.5,79.1
08/28/2026,20:45:24,18.5,78.5
08/28/2026,20:50:24,18.4,78.4
08/28/2026,20:55:24,18.4,78.7
08/28/2026,21:00:24,18.3,79.1
08/28/2026,21:05:24,18.3,79.6
08/28/2026,21:10:24,18.3,79.4
08/28/2026,21:15:24,18.3,79.1
08/28/2026,21:20:24,18.2,78.9
08/28/2026,21:25:24,18.1,78.8
08/28/2026,21:30:24,18.1,78.9
08/28/2026,21:35:24,18.0,79.1
08/28/2026,21:40:24,17.9,79.1
08/28/2026,21:45:24,17.9,79.1
08/28/2026,21:50:24,17.9,79.4
08/28/2026,21:55:24,17.9,79.4
08/28/2026,22:00:24,17.8,79.5
08/28/2026,22:05:24,17.8,79.4
08/28/2026,22:10:24,17.8,79.6
08/28/2026,22:15:24,17.8,79.7
08/28/2026,22:20:24,17.7,79.8
08/28/2026,22:25:24,17.7,79.8
08/28/2026,22:30:24,17.7,80.1
08/28/2026,22:35:24,17.7,80.1
08/28/2026,22:40:24,17.7,80.1
08/28/2026,22:45:24,17.7,80.1
08/28/2026,22:50:24,17.7,80.1
08/28/2026,22:55:24,17.6,80.0
08/28/2026,23:00:24,17.6,80.1
08/28/2026,23:05:24,17.6,80.1
08/28/2026,23:10:24,17.6,80.2
08/28/2026,23:15:24,17.5,80.4
08/28/2026,23:20:24,17.5,80.7
08/28/2026,23:25:24,17.4,81.1
08/28/2026,23:30:24,17.3,81.4
08/28/2026,23:35:24,17.2,81.7
08/28/2026,23:40:24,17.2,82.0
08/28/2026,23:45:24,17.1,82.2
08/28/2026,23:50:24,17.1,82.3
08/28/2026,23:55:24,17.1,82.3
08/29/2026,00:00:24,17.1,82.4
08/29/2026,00:05:24,17.1,82.5
08/29/2026,00:10:24,17.0,82.5
08/29/2026,00:15:24,17.0,82.5
08/29/2026,00:20:24,17.0,82.7
08/29/2026,00:25:24,17.0,82.8
08/29/2026,00:30:24,16.9,82.9
08/29/2026,00:35:24,16.9,82.9
08/29/2026,00:40:24,16.9,83.0
08/29/2026,00:45:24,16.9,83.2
08/29/2026,00:50:24,16.9,83.2
08/29/2026,00:55:24,16.8,83.3
08/29/2026,01:00:24,16.8,83.5
08/29/2026,01:05:24,16.8,83.5
08/29/2026,01:10:24,16.7,83.7
08/29/2026,01:15:24,16.7,83.8
08/29/2026,01:20:24,16.6,83.9
08/29/2026,01:25:24,16.6,83.9
08/29/2026,01:30:24,16.6,84.1
08/29/2026,01:35:24,16.6,84.2
08/29/2026,01:40:24,16.5,84.3
08/29/2026,01:45:24,16.5,84.3
08/29/2026,01:50:24,16.5,84.4
08/29/2026,01:55:24,16.5,84.5
08/29/2026,02:00:24,16.5,84.4
08/29/2026,02:05:24,16.5,84.6
08/29/2026,02:10:24,16.5,84.5
08/29/2026,02:15:24,16.5,84.7
08/29/2026,02:20:24,16.4,84.7
08/29/2026,02:25:24,16.4,84.8
08/29/2026,02:30:24,16.4,84.9
08/29/2026,02:35:24,16.4,84.8
08/29/2026,02:40:24,16.3,85.0
08/29/2026,02:45:24,16.3,85.2
08/29/2026,02:50:24,16.3,85.3
08/29/2026,02:55:24,16.3,85.4
08/29/2026,03:00:24,16.3,85.5
08/29/2026,03:05:24,16.3,85.4
08/29/2026,03:10:24,16.3,85.5
08/29/2026,03:15:24,16.3,85.5
08/29/2026,03:20:24,16.2,85.5
08/29/2026,03:25:24,16.2,85.7
08/29/2026,03:30:24,16.2,85.9
08/29/2026,03:35:24,16.2,86.0
08/29/2026,03:40:24,16.2,86.0
08/29/2026,03:45:24,16.1,86.1
08/29/2026,03:50:24,16.1,86.2
08/29/2026,03:55:24,16.1,86.2
08/29/2026,04:00:24,16.1,86.1
08/29/2026,04:05:24,16.1,86.1
08/29/2026,04:10:24,16.1,86.2
08/29/2026,04:15:24,16.0,86.1
08/29/2026,04:20:24,16.0,86.2
08/29/2026,04:25:24,16.0,86.3
08/29/2026,04:30:24,15.9,86.3
08/29/2026,04:35:24,15.9,86.4
08/29/2026,04:40:24,15.9,86.4
08/29/2026,04:45:24,15.8,86.4
08/29/2026,04:50:24,15.8,86.5
08/29/2026,04:55:24,15.7,86.6
08/29/2026,05:00:24,15.7,86.7
08/29/2026,05:05:24,15.7,86.8
08/29/2026,05:10:24,15.7,87.0
08/29/2026,05:15:24,15.7,87.1
08/29/2026,05:20:24,15.7,87.2
08/29/2026,05:25:24,15.7,87.3
08/29/2026,05:30:24,15.8,87.3
08/29/2026,05:35:24,15.8,87.2
08/29/2026,05:40:24,15.8,87.1
08/29/2026,05:45:24,15.8,87.3
08/29/2026,05:50:24,15.8,87.2
08/29/2026,05:55:24,15.8,87.1
08/29/2026,06:00:24,15.7,86.9
08/29/2026,06:05:24,15.7,87.0
08/29/2026,06:10:24,15.7,87.0
08/29/2026,06:15:24,15.7,87.1
08/29/2026,06:20:24,15.7,87.1
08/29/2026,06:25:24,15.7,87.1
08/29/2026,06:30:24,15.6,87.1
08/29/2026,06:35:24,15.7,87.2
08/29/2026,06:40:24,15.7,87.3
08/29/2026,06:45:24,15.7,87.2
08/29/2026,06:50:24,15.7,87.2
08/29/2026,06:55:24,15.8,87.6
08/29/2026,07:00:24,15.8,87.6
08/29/2026,07:05:24,15.9,87.4
08/29/2026,07:10:24,15.9,87.2
08/29/2026,07:15:24,16.0,87.3
08/29/2026,07:20:24,16.0,87.2
08/29/2026,07:25:24,16.1,87.1
08/29/2026,07:30:24,16.1,86.5
08/29/2026,07:35:24,16.2,87.0
08/29/2026,07:40:24,16.2,87.2
08/29/2026,07:45:24,16.3,87.5
08/29/2026,07:50:24,16.4,87.4
08/29/2026,07:55:24,16.6,87.4
08/29/2026,08:00:24,16.7,87.3
08/29/2026,08:05:24,16.8,87.2
08/29/2026,08:10:24,17.0,86.9
08/29/2026,08:15:24,17.1,86.4
08/29/2026,08:20:24,17.2,86.3
08/29/2026,08:25:24,17.3,85.9
08/29/2026,08:30:24,17.4,85.6
08/29/2026,08:35:24,17.5,85.2
08/29/2026,08:40:24,17.7,84.9
08/29/2026,08:45:24,17.9,84.5
08/29/2026,08:50:24,18.0,84.1
08/29/2026,08:55:24,18.2,83.8
08/29/2026,09:00:24,18.3,83.1
08/29/2026,09:05:24,18.3,82.7
08/29/2026,09:10:24,18.3,82.3
08/29/2026,09:15:24,18.3,82.0
08/29/2026,09:20:24,18.4,81.5
08/29/2026,09:25:24,18.3,81.4
08/29/2026,09:30:24,18.3,81.3
08/29/2026,09:35:24,18.3,81.0
08/29/2026,09:40:24,18.3,80.8
08/29/2026,09:45:24,18.4,80.9
08/29/2026,09:50:24,18.4,80.7
08/29/2026,09:55:24,18.4,80.8
08/29/2026,10:00:24,18.5,80.8
08/29/2026,10:05:24,18.5,81.0
08/29/2026,10:10:24,18.6,80.7
08/29/2026,10:15:24,18.7,80.5
08/29/2026,10:20:24,18.8,80.0
08/29/2026,10:25:24,18.9,79.4
08/29/2026,10:30:24,18.9,79.6
08/29/2026,10:35:24,19.0,79.5
08/29/2026,10:40:24,19.0,78.9
08/29/2026,10:45:24,19.0,78.8
08/29/2026,10:50:24,18.9,79.4
08/29/2026,10:55:24,18.9,78.6
08/29/2026,11:00:24,18.8,78.0
08/29/2026,11:05:24,18.9,77.7
08/29/2026,11:10:24,19.0,77.8
08/29/2026,11:15:24,19.1,77.4
08/29/2026,11:20:24,19.2,76.6
08/29/2026,11:25:24,19.2,76.2
08/29/2026,11:30:24,19.3,76.6
08/29/2026,11:35:24,19.5,76.3
08/29/2026,11:40:24,19.7,75.9
08/29/2026,11:45:24,19.8,76.0
08/29/2026,11:50:24,19.8,76.9
08/29/2026,11:55:24,19.7,77.4
08/29/2026,12:00:24,19.5,78.0
08/29/2026,12:05:24,19.3,78.6
08/29/2026,12:10:24,18.9,78.1
08/29/2026,12:15:24,18.4,78.6
08/29/2026,12:20:24,18.1,79.2
08/29/2026,12:25:24,18.0,79.7
08/29/2026,12:30:24,17.9,81.2
08/29/2026,12:35:24,17.9,81.7
08/29/2026,12:40:24,17.8,82.3
08/29/2026,12:45:24,17.9,82.7
08/29/2026,12:50:24,18.0,83.0
08/29/2026,12:55:24,18.1,82.7
08/29/2026,13:00:24,18.1,82.5
08/29/2026,13:05:24,18.1,83.0
08/29/2026,13:10:24,18.0,82.8
08/29/2026,13:15:24,18.1,83.0
08/29/2026,13:20:24,18.1,83.3
08/29/2026,13:25:24,18.2,83.2
08/29/2026,13:30:24,18.2,83.6
08/29/2026,13:35:24,18.2,83.7
08/29/2026,13:40:24,18.2,83.5
08/29/2026,13:45:24,18.1,83.6
08/29/2026,13:50:24,18.1,84.1
08/29/2026,13:55:24,18.1,84.4
08/29/2026,14:00:24,18.1,84.3
08/29/2026,14:05:24,18.0,84.2
08/29/2026,14:10:24,18.1,84.1
08/29/2026,14:15:24,18.0,84.5
08/29/2026,14:20:24,18.1,84.7
08/29/2026,14:25:24,18.1,85.0
08/29/2026,14:30:24,18.1,85.2
08/29/2026,14:35:24,18.2,85.5
08/29/2026,14:40:24,18.3,85.3
08/29/2026,14:45:24,18.3,85.5
08/29/2026,14:50:24,18.3,85.7
08/29/2026,14:55:24,18.3,85.7
08/29/2026,15:00:24,18.4,85.9
08/29/2026,15:05:24,18.4,86.0
08/29/2026,15:10:24,18.5,86.1
08/29/2026,15:15:24,18.6,86.3
08/29/2026,15:20:24,18.7,86.3
08/29/2026,15:25:24,18.8,86.5
08/29/2026,15:30:24,18.9,86.5
08/29/2026,15:35:24,19.1,86.4
08/29/2026,15:40:24,19.2,85.9
08/29/2026,15:45:24,19.3,85.9
08/29/2026,15:50:24,19.4,85.7
08/29/2026,15:55:24,19.3,85.7
08/29/2026,16:00:24,19.4,85.4
08/29/2026,16:05:24,19.4,85.5
08/29/2026,16:10:24,19.4,85.4
08/29/2026,16:15:24,19.4,85.3
08/29/2026,16:20:24,19.4,85.3
08/29/2026,16:25:24,19.3,85.6
08/29/2026,16:30:24,19.3,86.0
08/29/2026,16:35:24,19.2,86.3
08/29/2026,16:40:24,19.2,86.6
08/29/2026,16:45:24,19.1,87.0
08/29/2026,16:50:24,19.0,87.3
08/29/2026,16:55:24,18.9,87.5
08/29/2026,17:00:24,18.9,87.5
08/29/2026,17:05:24,18.9,87.7
08/29/2026,17:10:24,18.9,87.9
08/29/2026,17:15:24,19.0,88.0
08/29/2026,17:20:24,18.9,87.8
08/29/2026,17:25:24,18.9,87.8
08/29/2026,17:30:24,18.9,87.9
08/29/2026,17:35:24,18.9,87.8
08/29/2026,17:40:24,19.0,87.9
08/29/2026,17:45:24,19.0,87.9
08/29/2026,17:50:24,19.0,87.6
08/29/2026,17:55:24,19.0,87.4
08/29/2026,18:00:24,19.0,87.3
08/29/2026,18:05:24,19.1,87.4
08/29/2026,18:10:24,19.1,86.9
08/29/2026,18:15:24,19.1,86.4
08/29/2026,18:20:24,19.1,85.7
08/29/2026,18:25:24,19.1,85.5
08/29/2026,18:30:24,19.1,85.5
08/29/2026,18:35:24,19.1,85.4
08/29/2026,18:40:24,19.1,85.9
08/29/2026,18:45:24,19.2,86.0
08/29/2026,18:50:24,19.2,85.5
08/29/2026,18:55:24,19.2,85.5
08/29/2026,19:00:24,19.1,85.7
08/29/2026,19:05:24,19.0,85.8
08/29/2026,19:10:24,19.0,86.0
08/29/2026,19:15:24,18.9,86.2
08/29/2026,19:20:24,18.9,86.5
08/29/2026,19:25:24,18.8,86.6
08/29/2026,19:30:24,18.8,86.8
08/29/2026,19:35:24,18.7,86.9
08/29/2026,19:40:24,18.6,87.1
08/29/2026,19:45:24,18.6,87.3
08/29/2026,19:50:24,18.6,87.3
08/29/2026,19:55:24,18.5,87.2
08/29/2026,20:00:24,18.5,87.0
08/29/2026,20:05:24,18.4,86.9
08/29/2026,20:10:24,18.4,87.1
08/29/2026,20:15:24,18.3,87.2
08/29/2026,20:20:24,18.3,87.3
08/29/2026,20:25:24,18.3,87.4
08/29/2026,20:30:24,18.2,87.5
08/29/2026,20:35:24,18.2,87.5
08/29/2026,20:40:24,18.1,87.7
08/29/2026,20:45:24,18.1,87.8
08/29/2026,20:50:24,18.0,88.0
08/29/2026,20:55:24,17.9,88.2
08/29/2026,21:00:24,17.9,88.4
08/29/2026,21:05:24,17.8,88.5
08/29/2026,21:10:24,17.8,88.6
08/29/2026,21:15:24,17.7,88.7
08/29/2026,21:20:24,17.7,88.8
08/29/2026,21:25:24,17.6,88.9
08/29/2026,21:30:24,17.6,89.0
08/29/2026,21:35:24,17.5,89.1
08/29/2026,21:40:24,17.5,89.2
08/29/2026,21:45:24,17.4,89.3
08/29/2026,21:50:24,17.4,89.4
08/29/2026,21:55:24,17.4,89.6
08/29/2026,22:00:24,17.3,89.8
08/29/2026,22:05:24,17.3,90.0
08/29/2026,22:10:24,17.4,90.2
08/29/2026,22:15:24,17.4,90.3
08/29/2026,22:20:24,17.4,90.5
08/29/2026,22:25:24,17.4,90.6
08/29/2026,22:30:24,17.4,90.6
08/29/2026,22:35:24,17.4,90.6
08/29/2026,22:40:24,17.4,90.7
08/29/2026,22:45:24,17.5,90.8
08/29/2026,22:50:24,17.5,90.7
08/29/2026,22:55:24,17.5,90.8
08/29/2026,23:00:24,17.5,90.9
08/29/2026,23:05:24,17.5,91.0
08/29/2026,23:10:24,17.5,91.0
08/29/2026,23:15:24,17.5,91.0
08/29/2026,23:20:24,17.5,91.1
08/29/2026,23:25:24,17.5,91.1
08/29/2026,23:30:24,17.5,91.2
08/29/2026,23:35:24,17.6,91.2
08/29/2026,23:40:24,17.6,91.3
08/29/2026,23:45:24,17.6,91.4
08/29/2026,23:50:24,17.6,91.4
08/29/2026,23:55:24,17.6,91.4
08/30/2026,00:00:24,17.6,91.4
08/30/2026,00:05:24,17.6,91.3
08/30/2026,00:10:24,17.6,91.3
08/30/2026,00:15:24,17.6,91.3
08/30/2026,00:20:24,17.6,91.3
08/30/2026,00:25:24,17.7,91.3
08/30/2026,00:30:24,17.7,91.2
08/30/2026,00:35:24,17.6,91.1
08/30/2026,00:40:24,17.7,91.1
08/30/2026,00:45:24,17.7,91.0
08/30/2026,00:50:24,17.7,90.9
08/30/2026,00:55:24,17.7,90.9
08/30/2026,01:00:24,17.7,90.8
08/30/2026,01:05:24,17.7,90.7
08/30/2026,01:10:24,17.8,90.7
08/30/2026,01:15:24,17.7,90.6
08/30/2026,01:20:24,17.7,90.6
08/30/2026,01:25:24,17.7,90.6
08/30/2026,01:30:24,17.7,90.6
08/30/2026,01:35:24,17.7,90.6
08/30/2026,01:40:24,17.7,90.7
08/30/2026,01:45:24,17.7,90.8
08/30/2026,01:50:24,17.7,90.9
08/30/2026,01:55:24,17.7,91.0
08/30/2026,02:00:24,17.7,91.1
08/30/2026,02:05:24,17.7,91.2
08/30/2026,02:10:24,17.7,91.3
08/30/2026,02:15:24,17.7,91.3
08/30/2026,02:20:24,17.7,91.4
08/30/2026,02:25:24,17.7,91.4
08/30/2026,02:30:24,17.6,91.4
08/30/2026,02:35:24,17.6,91.4
08/30/2026,02:40:24,17.6,91.4
08/30/2026,02:45:24,17.6,91.3
08/30/2026,02:50:24,17.5,91.3
08/30/2026,02:55:24,17.5,91.3
08/30/2026,03:00:24,17.4,91.3
08/30/2026,03:05:24,17.4,91.2
08/30/2026,03:10:24,17.3,91.2
08/30/2026,03:15:24,17.3,91.1
08/30/2026,03:20:24,17.3,91.1
08/30/2026,03:25:24,17.2,91.0
08/30/2026,03:30:24,17.2,91.0
08/30/2026,03:35:24,17.2,91.0
08/30/2026,03:40:24,17.2,91.0
08/30/2026,03:45:24,17.1,91.0
08/30/2026,03:50:24,17.2,91.0
08/30/2026,03:55:24,17.1,90.9
08/30/2026,04:00:24,17.1,90.7
08/30/2026,04:05:24,17.1,90.6
08/30/2026,04:10:24,17.1,90.6
08/30/2026,04:15:24,17.1,90.7
08/30/2026,04:20:24,17.1,90.5
08/30/2026,04:25:24,17.1,90.5
08/30/2026,04:30:24,17.1,90.5
08/30/2026,04:35:24,17.1,90.5
08/30/2026,04:40:24,17.0,90.4
08/30/2026,04:45:24,17.0,90.4
08/30/2026,04:50:24,17.0,90.3
08/30/2026,04:55:24,16.9,90.3
08/30/2026,05:00:24,16.9,90.3
08/30/2026,05:05:24,16.9,90.3
08/30/2026,05:10:24,16.9,90.3
08/30/2026,05:15:24,16.9,90.2
08/30/2026,05:20:24,16.8,90.2
08/30/2026,05:25:24,16.8,90.3
08/30/2026,05:30:24,16.8,90.2
08/30/2026,05:35:24,16.8,90.1
08/30/2026,05:40:24,16.8,90.2
08/30/2026,05:45:24,16.7,90.0
08/30/2026,05:50:24,16.7,90.0
08/30/2026,05:55:24,16.7,89.9
08/30/2026,06:00:24,16.6,89.8
08/30/2026,06:05:24,16.6,89.7
08/30/2026,06:10:24,16.6,89.7
08/30/2026,06:15:24,16.5,89.8
08/30/2026,06:20:24,16.5,89.9
08/30/2026,06:25:24,16.5,89.9
08/30/2026,06:30:24,16.5,90.0
08/30/2026,06:35:24,16.5,90.1
08/30/2026,06:40:24,16.5,90.2
08/30/2026,06:45:24,16.5,90.2
08/30/2026,06:50:24,16.5,90.3
08/30/2026,06:55:24,16.6,90.3
08/30/2026,07:00:24,16.6,90.4
08/30/2026,07:05:24,16.5,90.4
08/30/2026,07:10:24,16.6,90.4
08/30/2026,07:15:24,16.6,90.3
08/30/2026,07:20:24,16.6,90.4
08/30/2026,07:25:24,16.7,90.3
08/30/2026,07:30:24,16.7,90.3
08/30/2026,07:35:24,16.7,90.3
08/30/2026,07:40:24,16.8,90.2
08/30/2026,07:45:24,16.8,89.8
08/30/2026,07:50:24,16.8,89.7
08/30/2026,07:55:24,16.9,89.6
08/30/2026,08:00:24,16.9,89.3
08/30/2026,08:05:24,16.9,89.2
08/30/2026,08:10:24,17.0,89.0
08/30/2026,08:15:24,17.0,88.7
08/30/2026,08:20:24,17.1,88.5
08/30/2026,08:25:24,17.1,88.3
08/30/2026,08:30:24,17.1,88.0
08/30/2026,08:35:24,17.1,88.0
08/30/2026,08:40:24,17.2,87.7
08/30/2026,08:45:24,17.2,87.3
08/30/2026,08:50:24,17.2,87.2
08/30/2026,08:55:24,17.2,87.3
08/30/2026,09:00:24,17.3,87.0
08/30/2026,09:05:24,17.3,87.0
08/30/2026,09:10:24,17.4,86.8
08/30/2026,09:15:24,17.6,86.5
08/30/2026,09:20:24,17.6,86.2
08/30/2026,09:25:24,17.8,86.0
08/30/2026,09:30:24,17.9,85.5
08/30/2026,09:35:24,18.0,85.3
08/30/2026,09:40:24,18.2,84.6
08/30/2026,09:45:24,18.3,84.0
08/30/2026,09:50:24,18.3,83.2
08/30/2026,09:55:24,18.4,82.6
08/30/2026,10:00:24,18.4,82.8
08/30/2026,10:05:24,18.6,82.3
08/30/2026,10:10:24,18.8,81.8
08/30/2026,10:15:24,19.0,81.4
08/30/2026,10:20:24,19.2,80.6
08/30/2026,10:25:24,19.4,79.5
08/30/2026,10:30:24,19.6,80.3
08/30/2026,10:35:24,19.7,78.6
08/30/2026,10:40:24,19.7,78.4
08/30/2026,10:45:24,19.9,78.6
08/30/2026,10:50:24,20.0,77.9
08/30/2026,10:55:24,20.2,77.1
08/30/2026,11:00:24,20.3,76.7
08/30/2026,11:05:24,20.5,76.2
08/30/2026,11:10:24,20.7,76.2
08/30/2026,11:15:24,20.9,74.6
08/30/2026,11:20:24,20.9,74.9
08/30/2026,11:25:24,21.1,74.2
08/30/2026,11:30:24,21.1,73.0
08/30/2026,11:35:24,21.1,72.6
08/30/2026,11:40:24,21.1,73.2
08/30/2026,11:45:24,21.2,72.4
08/30/2026,11:50:24,21.3,71.4
08/30/2026,11:55:24,21.4,70.8
08/30/2026,12:00:24,21.4,70.7
08/30/2026,12:05:24,21.6,70.6
08/30/2026,12:10:24,21.8,70.6
08/30/2026,12:15:24,22.0,68.5
08/30/2026,12:20:24,22.0,68.0
08/30/2026,12:25:24,22.0,67.7
08/30/2026,12:30:24,22.0,68.3
08/30/2026,12:35:24,21.9,67.6
08/30/2026,12:40:24,22.0,67.1
08/30/2026,12:45:24,22.3,67.2
08/30/2026,12:50:24,22.5,65.7
08/30/2026,12:55:24,22.7,65.0
08/30/2026,13:00:24,22.9,64.3
08/30/2026,13:05:24,22.7,63.7
08/30/2026,13:10:24,22.9,64.6
08/30/2026,13:15:24,23.0,63.3
08/30/2026,13:20:24,22.9,63.7
08/30/2026,13:25:24,22.9,63.6
08/30/2026,13:30:24,22.8,63.2
08/30/2026,13:35:24,22.9,63.7
08/30/2026,13:40:24,23.0,62.0
08/30/2026,13:45:24,23.0,61.9
08/30/2026,13:50:24,23.1,60.9
08/30/2026,13:55:24,23.1,61.3
08/30/2026,14:00:24,23.4,60.2
08/30/2026,14:05:24,23.7,59.4
08/30/2026,14:10:24,23.8,58.8
08/30/2026,14:15:24,23.7,58.0
08/30/2026,14:20:24,23.6,58.6
08/30/2026,14:25:24,23.6,59.0
08/30/2026,14:30:24,23.6,59.1
08/30/2026,14:35:24,23.7,59.1
08/30/2026,14:40:24,23.8,58.6
08/30/2026,14:45:24,24.0,57.9
08/30/2026,14:50:24,23.9,57.9
08/30/2026,14:55:24,23.8,57.6
08/30/2026,15:00:24,23.9,57.4
08/30/2026,15:05:24,23.9,56.9
08/30/2026,15:10:24,23.7,57.4
08/30/2026,15:15:24,23.5,57.5
08/30/2026,15:20:24,23.5,58.1
08/30/2026,15:25:24,23.5,58.2
08/30/2026,15:30:24,23.6,57.9
08/30/2026,15:35:24,23.6,57.4
08/30/2026,15:40:24,23.6,57.7
08/30/2026,15:45:24,23.4,57.2
08/30/2026,15:50:24,23.2,57.7
08/30/2026,15:55:24,23.0,58.1
08/30/2026,16:00:24,22.9,58.4
08/30/2026,16:05:24,22.8,59.2
08/30/2026,16:10:24,22.7,60.4
08/30/2026,16:15:24,22.6,61.5
08/30/2026,16:20:24,22.6,62.1
08/30/2026,16:25:24,22.5,62.3
08/30/2026,16:30:24,22.5,62.7
08/30/2026,16:35:24,22.7,62.9
08/30/2026,16:40:24,22.9,62.6
08/30/2026,16:45:24,22.9,62.3
08/30/2026,16:50:24,22.8,62.1
08/30/2026,16:55:24,22.8,62.1
08/30/2026,17:00:24,22.8,61.8
08/30/2026,17:05:24,22.7,61.9
08/30/2026,17:10:24,22.6,62.3
08/30/2026,17:15:24,22.6,61.9
08/30/2026,17:20:24,22.5,61.7
08/30/2026,17:25:24,22.5,61.2
08/30/2026,17:30:24,22.5,60.7
08/30/2026,17:35:24,22.4,60.7
08/30/2026,17:40:24,22.4,59.5
08/30/2026,17:45:24,22.4,59.1
08/30/2026,17:50:24,22.3,58.9
08/30/2026,17:55:24,22.3,58.8
08/30/2026,18:00:24,22.2,59.2
08/30/2026,18:05:24,22.1,59.8
08/30/2026,18:10:24,21.9,59.9
08/30/2026,18:15:24,21.8,60.1
08/30/2026,18:20:24,21.6,60.0
08/30/2026,18:25:24,21.5,60.1
08/30/2026,18:30:24,21.4,60.1
08/30/2026,18:35:24,21.3,60.5
08/30/2026,18:40:24,21.2,60.8
08/30/2026,18:45:24,21.2,61.1
08/30/2026,18:50:24,21.1,61.3
08/30/2026,18:55:24,21.1,61.7
08/30/2026,19:00:24,21.0,62.1
08/30/2026,19:05:24,21.0,62.1
08/30/2026,19:10:24,20.9,62.2
08/30/2026,19:15:24,20.8,62.1
08/30/2026,19:20:24,20.7,62.3
08/30/2026,19:25:24,20.6,62.6
08/30/2026,19:30:24,20.5,62.9
08/30/2026,19:35:24,20.4,63.3
08/30/2026,19:40:24,20.4,63.4
08/30/2026,19:45:24,20.3,63.4
08/30/2026,19:50:24,20.2,63.7
08/30/2026,19:55:24,20.2,63.9
08/30/2026,20:00:24,20.1,63.9
08/30/2026,20:05:24,20.1,64.1
08/30/2026,20:10:24,20.0,64.1
08/30/2026,20:15:24,20.0,64.2
08/30/2026,20:20:24,19.9,64.4
08/30/2026,20:25:24,19.9,64.6
08/30/2026,20:30:24,19.9,64.9
08/30/2026,20:35:24,19.8,65.2
08/30/2026,20:40:24,19.7,65.3
08/30/2026,20:45:24,19.7,65.6
08/30/2026,20:50:24,19.6,65.8
08/30/2026,20:55:24,19.5,66.1
08/30/2026,21:00:24,19.5,66.2
08/30/2026,21:05:24,19.4,66.4
08/30/2026,21:10:24,19.3,66.4
08/30/2026,21:15:24,19.3,67.0
08/30/2026,21:20:24,19.2,66.8
08/30/2026,21:25:24,19.2,67.0
08/30/2026,21:30:24,19.1,67.2
08/30/2026,21:35:24,19.1,67.4
08/30/2026,21:40:24,19.0,67.8
08/30/2026,21:45:24,18.9,68.1
08/30/2026,21:50:24,18.9,68.4
08/30/2026,21:55:24,18.8,68.8
08/30/2026,22:00:24,18.8,69.2
08/30/2026,22:05:24,18.7,69.2
08/30/2026,22:10:24,18.6,69.4
08/30/2026,22:15:24,18.6,69.6
08/30/2026,22:20:24,18.5,69.8
08/30/2026,22:25:24,18.5,70.1
08/30/2026,22:30:24,18.4,70.4
08/30/2026,22:35:24,18.4,70.6
08/30/2026,22:40:24,18.4,70.9
08/30/2026,22:45:24,18.4,71.1
08/30/2026,22:50:24,18.3,71.5
08/30/2026,22:55:24,18.3,71.3
08/30/2026,23:00:24,18.4,71.6
08/30/2026,23:05:24,18.4,71.8
08/30/2026,23:10:24,18.4,71.8
08/30/2026,23:15:24,18.4,72.1
08/30/2026,23:20:24,18.4,72.3
08/30/2026,23:25:24,18.3,72.7
08/30/2026,23:30:24,18.3,73.1
08/30/2026,23:35:24,18.2,73.4
08/30/2026,23:40:24,18.2,73.8
08/30/2026,23:45:24,18.1,74.1
08/30/2026,23:50:24,18.0,74.5
08/30/2026,23:55:24,17.8,74.9
08/31/2026,00:00:24,17.7,75.1
08/31/2026,00:05:24,17.7,74.9
08/31/2026,00:10:24,17.6,74.9
08/31/2026,00:15:24,17.4,75.0
08/31/2026,00:20:24,17.3,75.3
08/31/2026,00:25:24,17.2,75.7
08/31/2026,00:30:24,17.1,76.0
08/31/2026,00:35:24,17.0,76.5
08/31/2026,00:40:24,16.9,77.1
08/31/2026,00:45:24,16.9,77.4
08/31/2026,00:50:24,16.8,77.6
08/31/2026,00:55:24,16.7,78.0
08/31/2026,01:00:24,16.6,78.3
08/31/2026,01:05:24,16.6,78.5
08/31/2026,01:10:24,16.5,78.7
08/31/2026,01:15:24,16.5,78.9
08/31/2026,01:20:24,16.5,78.9
08/31/2026,01:25:24,16.5,78.9
08/31/2026,01:30:24,16.5,79.1
08/31/2026,01:35:24,16.4,79.1
08/31/2026,01:40:24,16.5,79.1
08/31/2026,01:45:24,16.4,79.3
08/31/2026,01:50:24,16.4,79.4
08/31/2026,01:55:24,16.4,79.6
08/31/2026,02:00:24,16.4,79.7
08/31/2026,02:05:24,16.3,79.7
08/31/2026,02:10:24,16.3,79.7
08/31/2026,02:15:24,16.3,79.9
08/31/2026,02:20:24,16.3,79.9
08/31/2026,02:25:24,16.3,80.1
08/31/2026,02:30:24,16.3,80.1
08/31/2026,02:35:24,16.3,80.1
08/31/2026,02:40:24,16.2,80.3
08/31/2026,02:45:24,16.2,80.4
08/31/2026,02:50:24,16.2,80.5
08/31/2026,02:55:24,16.2,80.6
08/31/2026,03:00:24,16.2,80.6
08/31/2026,03:05:24,16.3,80.6
08/31/2026,03:10:24,16.2,80.4
08/31/2026,03:15:24,16.3,80.6
08/31/2026,03:20:24,16.3,81.3
08/31/2026,03:25:24,16.2,82.1
08/31/2026,03:30:24,16.2,82.6
08/31/2026,03:35:24,16.1,82.7
08/31/2026,03:40:24,16.1,82.8
08/31/2026,03:45:24,16.1,83.0
08/31/2026,03:50:24,16.1,83.3
08/31/2026,03:55:24,16.1,83.4
08/31/2026,04:00:24,16.0,83.6
08/31/2026,04:05:24,16.0,83.7
08/31/2026,04:10:24,16.0,84.0
08/31/2026,04:15:24,15.9,84.1
08/31/2026,04:20:24,15.8,84.2
08/31/2026,04:25:24,15.8,84.2
08/31/2026,04:30:24,15.8,84.2
08/31/2026,04:35:24,15.7,84.1
08/31/2026,04:40:24,15.7,83.7
08/31/2026,04:45:24,15.6,83.6
08/31/2026,04:50:24,15.6,83.0
08/31/2026,04:55:24,15.5,82.2
08/31/2026,05:00:24,15.3,81.6
08/31/2026,05:05:24,15.3,82.0
08/31/2026,05:10:24,15.2,81.8
08/31/2026,05:15:24,15.0,81.6
08/31/2026,05:20:24,14.9,81.8
08/31/2026,05:25:24,14.9,82.0
08/31/2026,05:30:24,14.8,82.4
08/31/2026,05:35:24,14.8,82.6
08/31/2026,05:40:24,14.7,82.4
08/31/2026,05:45:24,14.6,82.3
08/31/2026,05:50:24,14.5,82.4
08/31/2026,05:55:24,14.4,82.6
08/31/2026,06:00:24,14.4,82.8
08/31/2026,06:05:24,14.3,82.8
08/31/2026,06:10:24,14.2,82.8
08/31/2026,06:15:24,14.2,82.9
08/31/2026,06:20:24,14.2,82.7
08/31/2026,06:25:24,14.1,82.7
08/31/2026,06:30:24,14.1,82.7
08/31/2026,06:35:24,14.0,82.7
08/31/2026,06:40:24,14.0,82.8
08/31/2026,06:45:24,14.0,83.0
08/31/2026,06:50:24,13.9,83.3
08/31/2026,06:55:24,14.0,83.0
08/31/2026,07:00:24,14.0,83.0
08/31/2026,07:05:24,14.0,83.5
08/31/2026,07:10:24,14.0,83.9
08/31/2026,07:15:24,14.1,83.8
08/31/2026,07:20:24,14.1,84.1
08/31/2026,07:25:24,14.1,84.2
08/31/2026,07:30:24,14.1,83.6
08/31/2026,07:35:24,14.2,84.2
08/31/2026,07:40:24,14.1,84.1
08/31/2026,07:45:24,14.2,84.0
08/31/2026,07:50:24,14.2,84.1
08/31/2026,07:55:24,14.2,84.3
08/31/2026,08:00:24,14.2,84.2
08/31/2026,08:05:24,14.3,84.1
08/31/2026,08:10:24,14.4,84.0
08/31/2026,08:15:24,14.5,83.8
08/31/2026,08:20:24,14.6,83.6
08/31/2026,08:25:24,14.7,83.5
08/31/2026,08:30:24,14.8,83.3
08/31/2026,08:35:24,14.9,82.9
08/31/2026,08:40:24,15.0,82.7
08/31/2026,08:45:24,15.1,82.4
08/31/2026,08:50:24,15.2,82.0
08/31/2026,08:55:24,15.3,81.7
08/31/2026,09:00:24,15.4,81.0
08/31/2026,09:05:24,15.5,80.9
08/31/2026,09:10:24,15.6,80.8
08/31/2026,09:15:24,15.7,80.5
08/31/2026,09:20:24,15.8,80.0
08/31/2026,09:25:24,15.9,80.0
08/31/2026,09:30:24,16.0,80.1
08/31/2026,09:35:24,16.1,79.8
08/31/2026,09:40:24,16.2,79.2
08/31/2026,09:45:24,16.3,79.3
08/31/2026,09:50:24,16.5,78.3
08/31/2026,09:55:24,16.6,78.2
08/31/2026,10:00:24,16.7,77.9
08/31/2026,10:05:24,16.9,77.7
08/31/2026,10:10:24,17.1,76.5
08/31/2026,10:15:24,17.2,77.0
08/31/2026,10:20:24,17.3,76.1
08/31/2026,10:25:24,17.5,75.9
08/31/2026,10:30:24,17.6,75.2
08/31/2026,10:35:24,17.7,75.0
08/31/2026,10:40:24,17.7,74.3
08/31/2026,10:45:24,17.7,74.2
08/31/2026,10:50:24,17.8,73.7
08/31/2026,10:55:24,18.0,73.6
08/31/2026,11:00:24,18.2,74.2
08/31/2026,11:05:24,18.5,73.3
08/31/2026,11:10:24,18.8,72.4
08/31/2026,11:15:24,18.9,71.5
08/31/2026,11:20:24,19.1,70.8
08/31/2026,11:25:24,19.2,69.7
08/31/2026,11:30:24,19.5,70.0
08/31/2026,11:35:24,19.8,68.7
08/31/2026,11:40:24,19.9,67.5
08/31/2026,11:45:24,19.9,68.5
08/31/2026,11:50:24,20.0,67.6
08/31/2026,11:55:24,20.0,67.0
08/31/2026,12:00:24,20.0,66.2
08/31/2026,12:05:24,20.0,65.8
08/31/2026,12:10:24,20.1,66.2
08/31/2026,12:15:24,20.3,65.2
08/31/2026,12:20:24,20.6,65.2
08/31/2026,12:25:24,20.7,65.4
08/31/2026,12:30:24,21.0,63.9
08/31/2026,12:35:24,20.9,64.0
08/31/2026,12:40:24,20.9,64.0
08/31/2026,12:45:24,21.2,63.8
08/31/2026,12:50:24,21.4,63.2
08/31/2026,12:55:24,21.5,61.3
08/31/2026,13:00:24,21.5,62.2
08/31/2026,13:05:24,21.5,61.5
08/31/2026,13:10:24,21.4,61.4
08/31/2026,13:15:24,21.5,61.8
08/31/2026,13:20:24,21.8,60.5
08/31/2026,13:25:24,21.6,60.8
08/31/2026,13:30:24,21.5,61.0
08/31/2026,13:35:24,21.8,61.3
08/31/2026,13:40:24,22.1,60.6
08/31/2026,13:45:24,22.2,60.6
08/31/2026,13:50:24,22.3,60.3
08/31/2026,13:55:24,22.3,60.1
08/31/2026,14:00:24,21.9,61.1
08/31/2026,14:05:24,21.4,62.6
08/31/2026,14:10:24,20.9,63.3
08/31/2026,14:15:24,20.5,64.6
08/31/2026,14:20:24,20.3,65.7
08/31/2026,14:25:24,20.5,66.3
08/31/2026,14:30:24,20.8,66.3
08/31/2026,14:35:24,21.2,66.0
08/31/2026,14:40:24,21.5,65.0
08/31/2026,14:45:24,21.7,63.9
08/31/2026,14:50:24,22.0,63.1
08/31/2026,14:55:24,21.9,62.8
08/31/2026,15:00:24,21.5,65.2
08/31/2026,15:05:24,21.2,65.5
08/31/2026,15:10:24,21.3,65.0
08/31/2026,15:15:24,21.3,64.4
08/31/2026,15:20:24,21.4,64.2
08/31/2026,15:25:24,21.4,64.2
08/31/2026,15:30:24,21.5,64.2
08/31/2026,15:35:24,21.5,64.0
08/31/2026,15:40:24,21.6,64.1
08/31/2026,15:45:24,22.0,64.0
08/31/2026,15:50:24,22.4,62.8
08/31/2026,15:55:24,22.5,60.4
08/31/2026,16:00:24,22.6,60.2
08/31/2026,16:05:24,22.6,60.0
08/31/2026,16:10:24,22.5,59.8
08/31/2026,16:15:24,22.2,60.5
08/31/2026,16:20:24,21.7,63.1
08/31/2026,16:25:24,21.2,63.4
08/31/2026,16:30:24,21.0,64.1
08/31/2026,16:35:24,20.8,64.5
08/31/2026,16:40:24,20.8,64.6
08/31/2026,16:45:24,21.0,64.8
08/31/2026,16:50:24,21.3,64.3
08/31/2026,16:55:24,21.6,63.4
08/31/2026,17:00:24,21.7,63.1
08/31/2026,17:05:24,21.7,62.2
08/31/2026,17:10:24,21.6,62.4
08/31/2026,17:15:24,21.6,62.6
08/31/2026,17:20:24,21.5,62.2
08/31/2026,17:25:24,21.5,62.0
08/31/2026,17:30:24,21.5,62.4
08/31/2026,17:35:24,21.5,62.2
08/31/2026,17:40:24,21.5,61.8
08/31/2026,17:45:24,21.5,61.7
08/31/2026,17:50:24,21.5,60.3
08/31/2026,17:55:24,21.4,60.4
08/31/2026,18:00:24,21.4,60.6
08/31/2026,18:05:24,21.3,60.7
08/31/2026,18:10:24,21.4,60.8
08/31/2026,18:15:24,21.4,60.7
08/31/2026,18:20:24,21.4,60.4
08/31/2026,18:25:24,21.4,60.0
08/31/2026,18:30:24,21.4,60.0
08/31/2026,18:35:24,21.3,59.8
08/31/2026,18:40:24,21.2,60.0
08/31/2026,18:45:24,21.2,60.3
08/31/2026,18:50:24,21.1,60.5
08/31/2026,18:55:24,21.0,60.9
08/31/2026,19:00:24,20.9,61.0
08/31/2026,19:05:24,20.9,60.9
08/31/2026,19:10:24,20.8,60.8
08/31/2026,19:15:24,20.7,61.0
08/31/2026,19:20:24,20.6,60.8
08/31/2026,19:25:24,20.5,61.0
08/31/2026,19:30:24,20.4,61.2
08/31/2026,19:35:24,20.3,61.6
08/31/2026,19:40:24,20.2,61.9
08/31/2026,19:45:24,20.1,61.9
08/31/2026,19:50:24,20.0,62.0
08/31/2026,19:55:24,19.9,62.2
08/31/2026,20:00:24,19.8,62.3
08/31/2026,20:05:24,19.8,62.5
08/31/2026,20:10:24,19.7,62.9
08/31/2026,20:15:24,19.7,62.9
08/31/2026,20:20:24,19.6,63.1
08/31/2026,20:25:24,19.6,63.3
08/31/2026,20:30:24,19.5,63.5
08/31/2026,20:35:24,19.4,63.8
08/31/2026,20:40:24,19.4,63.9
08/31/2026,20:45:24,19.3,63.9
08/31/2026,20:50:24,19.2,63.9
08/31/2026,20:55:24,19.1,64.1
08/31/2026,21:00:24,19.0,64.2
08/31/2026,21:05:24,18.9,64.1
08/31/2026,21:10:24,18.8,64.2
08/31/2026,21:15:24,18.6,64.6
08/31/2026,21:20:24,18.5,64.8
08/31/2026,21:25:24,18.4,65.1
08/31/2026,21:30:24,18.3,65.3
08/31/2026,21:35:24,18.3,65.6
08/31/2026,21:40:24,18.1,65.6
08/31/2026,21:45:24,18.1,65.8
08/31/2026,21:50:24,18.0,65.9
08/31/2026,21:55:24,18.0,66.2
08/31/2026,22:00:24,17.9,66.4
08/31/2026,22:05:24,17.9,66.5
08/31/2026,22:10:24,17.9,66.6
08/31/2026,22:15:24,17.8,66.9
08/31/2026,22:20:24,17.8,67.0
08/31/2026,22:25:24,17.7,67.1
08/31/2026,22:30:24,17.7,67.5
08/31/2026,22:35:24,17.7,67.7
08/31/2026,22:40:24,17.6,67.9
08/31/2026,22:45:24,17.6,68.0
08/31/2026,22:50:24,17.5,68.2
08/31/2026,22:55:24,17.5,68.4
08/31/2026,23:00:24,17.4,68.6
08/31/2026,23:05:24,17.4,68.9
08/31/2026,23:10:24,17.3,69.1
08/31/2026,23:15:24,17.3,68.8
08/31/2026,23:20:24,17.2,68.6
08/31/2026,23:25:24,17.2,68.3
08/31/2026,23:30:24,17.1,68.3
08/31/2026,23:35:24,17.1,68.1
08/31/2026,23:40:24,17.1,68.1
08/31/2026,23:45:24,17.0,68.2
08/31/2026,23:50:24,17.0,68.1
08/31/2026,23:55:24,16.9,68.2
