Date,Time,Temperature(C),Humidity(%RH)
08/01/2026,00:02:05,23.4,42.0
08/01/2026,00:07:05,23.4,41.9
08/01/2026,00:12:05,23.3,41.9
08/01/2026,00:17:05,23.3,41.8
08/01/2026,00:22:05,23.3,41.8
08/01/2026,00:27:05,23.3,41.8
08/01/2026,00:32:05,23.3,41.8
08/01/2026,00:37:05,23.3,41.8
08/01/2026,00:42:05,23.3,41.8
08/01/2026,00:47:05,23.2,41.8
08/01/2026,00:52:05,23.2,41.7
08/01/2026,00:57:05,23.2,41.7
08/01/2026,01:02:05,23.2,41.7
08/01/2026,01:07:05,23.2,41.7
08/01/2026,01:12:05,23.2,41.6
08/01/2026,01:17:05,23.1,41.6
08/01/2026,01:22:05,23.2,41.6
08/01/2026,01:27:05,23.1,41.5
08/01/2026,01:32:05,23.1,41.4
08/01/2026,01:37:05,23.1,41.4
08/01/2026,01:42:05,23.1,41.4
08/01/2026,01:47:05,23.1,41.3
08/01/2026,01:52:05,23.1,41.3
08/01/2026,01:57:05,23.1,41.3
08/01/2026,02:02:05,23.1,41.3
08/01/2026,02:07:05,23.0,41.3
08/01/2026,02:12:05,23.0,41.3
08/01/2026,02:17:05,23.0,41.3
08/01/2026,02:22:05,23.0,41.3
08/01/2026,02:27:05,23.0,41.3
08/01/2026,02:32:05,23.0,41.3
08/01/2026,02:37:05,23.0,41.3
08/01/2026,02:42:05,22.9,41.3
08/01/2026,02:47:05,22.9,41.3
08/01/2026,02:52:05,22.9,41.3
08/01/2026,02:57:05,22.9,41.3
08/01/2026,03:02:05,22.9,41.3
08/01/2026,03:07:05,22.8,41.3
08/01/2026,03:12:05,22.8,41.3
08/01/2026,03:17:05,22.8,41.3
08/01/2026,03:22:05,22.8,41.3
08/01/2026,03:27:05,22.7,41.3
08/01/2026,03:32:05,22.7,41.3
08/01/2026,03:37:05,22.7,41.2
08/01/2026,03:42:05,22.7,41.3
08/01/2026,03:47:05,22.7,41.3
08/01/2026,03:52:05,22.6,41.2
08/01/2026,03:57:05,22.6,41.3
08/01/2026,04:02:05,22.6,41.3
08/01/2026,04:07:05,22.6,41.2
08/01/2026,04:12:05,22.6,41.2
08/01/2026,04:17:05,22.5,41.2
08/01/2026,04:22:05,22.5,41.2
08/01/2026,04:27:05,22.5,41.2
08/01/2026,04:32:05,22.5,41.2
08/01/2026,04:37:05,22.5,41.2
08/01/2026,04:42:05,22.5,41.2
08/01/2026,04:47:05,22.4,41.2
08/01/2026,04:52:05,22.4,41.2
08/01/2026,04:57:05,22.4,41.2
08/01/2026,05:02:05,22.3,41.2
08/01/2026,05:07:05,22.3,41.3
08/01/2026,05:12:05,22.3,41.2
08/01/2026,05:17:05,22.3,41.2
08/01/2026,05:22:05,22.3,41.3
08/01/2026,05:27:05,22.2,41.3
08/01/2026,05:32:05,22.2,41.3
08/01/2026,05:37:05,22.2,41.3
08/01/2026,05:42:05,22.2,41.3
08/01/2026,05:47:05,22.2,41.3
08/01/2026,05:52:05,22.1,41.3
08/01/2026,05:57:05,22.1,41.3
08/01/2026,06:02:05,22.1,41.4
08/01/2026,06:07:05,22.1,41.5
08/01/2026,06:12:05,22.1,41.5
08/01/2026,06:17:05,22.1,41.5
08/01/2026,06:22:05,22.1,41.6
08/01/2026,06:27:05,22.0,41.7
08/01/2026,06:32:05,22.0,41.7
08/01/2026,06:37:05,22.0,41.8
08/01/2026,06:42:05,22.0,41.9
08/01/2026,06:47:05,22.0,41.9
08/01/2026,06:52:05,22.0,41.9
08/01/2026,06:57:05,22.0,42.0
08/01/2026,07:02:05,22.0,42.1
08/01/2026,07:07:05,22.0,42.0
08/01/2026,07:12:05,22.0,42.1
08/01/2026,07:17:05,22.1,42.1
08/01/2026,07:22:05,22.1,42.1
08/01/2026,07:27:05,22.1,42.1
08/01/2026,07:32:05,22.1,42.2
08/01/2026,07:37:05,22.1,42.2
08/01/2026,07:42:05,22.1,42.2
08/01/2026,07:47:05,22.1,42.2
08/01/2026,07:52:05,22.2,42.2
08/01/2026,07:57:05,22.2,42.3
08/01/2026,08:02:05,22.2,42.3
08/01/2026,08:07:05,22.2,42.3
08/01/2026,08:12:05,22.2,42.4
08/01/2026,08:17:05,22.3,42.5
08/01/2026,08:22:05,22.3,42.5
08/01/2026,08:27:05,22.3,42.6
08/01/2026,08:32:05,22.3,42.6
08/01/2026,08:37:05,22.3,42.7
08/01/2026,08:42:05,22.3,42.8
08/01/2026,08:47:05,22.4,42.9
08/01/2026,08:52:05,22.4,43.0
08/01/2026,08:57:05,22.4,43.1
08/01/2026,09:02:05,22.4,43.2
08/01/2026,09:07:05,22.5,43.2
08/01/2026,09:12:05,22.5,43.3
08/01/2026,09:17:05,22.5,43.5
08/01/2026,09:22:05,22.5,43.5
08/01/2026,09:27:05,22.6,43.6
08/01/2026,09:32:05,22.6,43.7
08/01/2026,09:37:05,22.6,43.8
08/01/2026,09:42:05,22.7,44.1
08/01/2026,09:47:05,22.7,44.2
08/01/2026,09:52:05,22.8,44.2
08/01/2026,09:57:05,22.8,44.4
08/01/2026,10:02:05,22.8,44.4
08/01/2026,10:07:05,22.8,44.6
08/01/2026,10:12:05,22.9,44.7
08/01/2026,10:17:05,22.9,44.7
08/01/2026,10:22:05,23.0,44.8
08/01/2026,10:27:05,23.0,44.8
08/01/2026,10:32:05,23.0,44.8
08/01/2026,10:37:05,23.0,44.9
08/01/2026,10:42:05,23.0,44.9
08/01/2026,10:47:05,23.0,44.9
08/01/2026,10:52:05,23.0,44.9
08/01/2026,10:57:05,23.0,44.9
08/01/2026,11:02:05,23.0,44.9
08/01/2026,11:07:05,23.0,44.9
08/01/2026,11:12:05,23.0,44.9
08/01/2026,11:17:05,23.0,44.9
08/01/2026,11:22:05,23.0,44.8
08/01/2026,11:27:05,23.0,44.8
08/01/2026,11:32:05,23.0,44.8
08/01/2026,11:37:05,23.0,44.7
08/01/2026,11:42:05,23.0,44.7
08/01/2026,11:47:05,22.9,44.6
08/01/2026,11:52:05,23.0,44.5
08/01/2026,11:57:05,22.9,44.5
08/01/2026,12:02:05,23.0,44.5
08/01/2026,12:07:05,23.0,44.4
08/01/2026,12:12:05,23.0,44.3
08/01/2026,12:17:05,23.0,44.3
08/01/2026,12:22:05,23.0,44.2
08/01/2026,12:27:05,23.0,44.1
08/01/2026,12:32:05,23.0,44.0
08/01/2026,12:37:05,23.0,43.9
08/01/2026,12:42:05,23.0,43.8
08/01/2026,12:47:05,23.0,43.8
08/01/2026,12:52:05,23.0,43.6
08/01/2026,12:57:05,23.0,43.6
08/01/2026,13:02:05,23.0,43.5
08/01/2026,13:07:05,23.0,43.4
08/01/2026,13:12:05,23.0,43.4
08/01/2026,13:17:05,23.0,43.3
08/01/2026,13:22:05,23.0,43.2
08/01/2026,13:27:05,23.0,43.1
08/01/2026,13:32:05,23.0,43.0
08/01/2026,13:37:05,23.0,43.0
08/01/2026,13:42:05,23.0,42.8
08/01/2026,13:47:05,23.1,42.8
08/01/2026,13:52:05,23.1,42.6
08/01/2026,13:57:05,23.1,42.6
08/01/2026,14:02:05,23.1,42.6
08/01/2026,14:07:05,23.1,42.5
08/01/2026,14:12:05,23.1,42.5
08/01/2026,14:17:05,23.1,42.4
08/01/2026,14:22:05,23.1,42.4
08/01/2026,14:27:05,23.1,42.4
08/01/2026,14:32:05,23.2,42.4
08/01/2026,14:37:05,23.2,42.3
08/01/2026,14:42:05,23.2,42.3
08/01/2026,14:47:05,23.2,42.2
08/01/2026,14:52:05,23.2,42.3
08/01/2026,14:57:05,23.3,42.3
08/01/2026,15:02:05,23.3,42.3
08/01/2026,15:07:05,23.3,42.3
08/01/2026,15:12:05,23.4,42.3
08/01/2026,15:17:05,23.4,42.3
08/01/2026,15:22:05,23.4,42.2
08/01/2026,15:27:05,23.4,42.3
08/01/2026,15:32:05,23.5,42.2
08/01/2026,15:37:05,23.5,42.2
08/01/2026,15:42:05,23.5,42.1
08/01/2026,15:47:05,23.5,42.1
08/01/2026,15:52:05,23.6,42.1
08/01/2026,15:57:05,23.6,42.0
08/01/2026,16:02:05,23.6,42.0
08/01/2026,16:07:05,23.6,41.8
08/01/2026,16:12:05,23.6,42.0
08/01/2026,16:17:05,23.6,42.0
08/01/2026,16:22:05,23.6,42.1
08/01/2026,16:27:05,23.7,42.1
08/01/2026,16:32:05,23.7,41.9
08/01/2026,16:37:05,23.7,42.0
08/01/2026,16:42:05,23.7,42.1
08/01/2026,16:47:05,23.7,42.1
08/01/2026,16:52:05,23.7,42.0
08/01/2026,16:57:05,23.7,42.0
08/01/2026,17:02:05,23.6,42.0
08/01/2026,17:07:05,23.6,42.1
08/01/2026,17:12:05,23.6,42.1
08/01/2026,17:17:05,23.6,42.0
08/01/2026,17:22:05,23.7,41.8
08/01/2026,17:27:05,23.6,41.6
08/01/2026,17:32:05,23.6,41.2
08/01/2026,17:37:05,23.7,41.0
08/01/2026,17:42:05,23.6,40.8
08/01/2026,17:47:05,23.6,40.5
08/01/2026,17:52:05,23.6,40.4
08/01/2026,17:57:05,23.6,40.1
08/01/2026,18:02:05,23.6,39.9
08/01/2026,18:07:05,23.7,39.9
08/01/2026,18:12:05,23.7,40.6
08/01/2026,18:17:05,23.8,39.7
08/01/2026,18:22:05,23.8,40.3
08/01/2026,18:27:05,23.8,40.0
08/01/2026,18:32:05,23.8,39.8
08/01/2026,18:37:05,23.9,39.8
08/01/2026,18:42:05,23.9,39.6
08/01/2026,18:47:05,23.9,39.6
08/01/2026,18:52:05,23.9,39.3
08/01/2026,18:57:05,23.9,38.7
08/01/2026,19:02:05,23.9,38.6
08/01/2026,19:07:05,23.9,38.4
08/01/2026,19:12:05,23.9,38.6
08/01/2026,19:17:05,23.9,38.5
08/01/2026,19:22:05,23.8,38.4
08/01/2026,19:27:05,23.8,38.4
08/01/2026,19:32:05,23.8,38.3
08/01/2026,19:37:05,23.8,37.7
08/01/2026,19:42:05,23.8,38.1
08/01/2026,19:47:05,23.8,37.4
08/01/2026,19:52:05,23.8,37.3
08/01/2026,19:57:05,23.7,37.6
08/01/2026,20:02:05,23.8,37.8
08/01/2026,20:07:05,23.7,37.6
08/01/2026,20:12:05,23.7,38.4
08/01/2026,20:17:05,23.7,38.5
08/01/2026,20:22:05,23.7,38.0
08/01/2026,20:27:05,23.7,37.8
08/01/2026,20:32:05,23.7,38.3
08/01/2026,20:37:05,23.7,38.2
08/01/2026,20:42:05,23.6,38.5
08/01/2026,20:47:05,23.6,38.4
08/01/2026,20:52:05,23.6,38.3
08/01/2026,20:57:05,23.6,38.2
08/01/2026,21:02:05,23.5,38.5
08/01/2026,21:07:05,23.6,38.8
08/01/2026,21:12:05,23.6,39.1
08/01/2026,21:17:05,23.5,39.3
08/01/2026,21:22:05,23.6,39.4
08/01/2026,21:27:05,23.6,39.5
08/01/2026,21:32:05,23.6,39.5
08/01/2026,21:37:05,23.6,39.5
08/01/2026,21:42:05,23.6,39.5
08/01/2026,21:47:05,23.6,39.6
08/01/2026,21:52:05,23.6,39.6
08/01/2026,21:57:05,23.6,39.7
08/01/2026,22:02:05,23.6,39.7
08/01/2026,22:07:05,23.6,39.7
08/01/2026,22:12:05,23.6,39.7
08/01/2026,22:17:05,23.6,39.8
08/01/2026,22:22:05,23.6,39.8
08/01/2026,22:27:05,23.6,39.8
08/01/2026,22:32:05,23.6,39.9
08/01/2026,22:37:05,23.6,39.9
08/01/2026,22:42:05,23.6,39.9
08/01/2026,22:47:05,23.6,40.0
08/01/2026,22:52:05,23.6,40.0
08/01/2026,22:57:05,23.6,40.0
08/01/2026,23:02:05,23.6,40.0
08/01/2026,23:07:05,23.6,40.1
08/01/2026,23:12:05,23.6,40.1
08/01/2026,23:17:05,23.6,40.1
08/01/2026,23:22:05,23.6,40.1
08/01/2026,23:27:05,23.6,40.1
08/01/2026,23:32:05,23.6,40.2
08/01/2026,23:37:05,23.6,40.2
08/01/2026,23:42:05,23.6,40.2
08/01/2026,23:47:05,23.6,40.2
08/01/2026,23:52:05,23.5,40.2
08/01/2026,23:57:05,23.5,40.2
08/02/2026,00:02:05,23.5,40.2
08/02/2026,00:07:05,23.5,40.2
08/02/2026,00:12:05,23.5,40.3
08/02/2026,00:17:05,23.5,40.3
08/02/2026,00:22:05,23.5,40.4
08/02/2026,00:27:05,23.5,40.4
08/02/2026,00:32:05,23.5,40.4
08/02/2026,00:37:05,23.5,40.4
08/02/2026,00:42:05,23.5,40.4
08/02/2026,00:47:05,23.5,40.4
08/02/2026,00:52:05,23.5,40.5
08/02/2026,00:57:05,23.5,40.5
08/02/2026,01:02:05,23.5,40.5
08/02/2026,01:07:05,23.4,40.5
08/02/2026,01:12:05,23.4,40.5
08/02/2026,01:17:05,23.4,40.5
08/02/2026,01:22:05,23.4,40.5
08/02/2026,01:27:05,23.4,40.6
08/02/2026,01:32:05,23.4,40.6
08/02/2026,01:37:05,23.4,40.5
08/02/2026,01:42:05,23.4,40.5
08/02/2026,01:47:05,23.4,40.5
08/02/2026,01:52:05,23.4,40.5
08/02/2026,01:57:05,23.3,40.5
08/02/2026,02:02:05,23.3,40.6
08/02/2026,02:07:05,23.3,40.6
08/02/2026,02:12:05,23.3,40.6
08/02/2026,02:17:05,23.3,40.6
08/02/2026,02:22:05,23.3,40.6
08/02/2026,02:27:05,23.3,40.6
08/02/2026,02:32:05,23.3,40.7
08/02/2026,02:37:05,23.3,40.6
08/02/2026,02:42:05,23.3,40.6
08/02/2026,02:47:05,23.2,40.6
08/02/2026,02:52:05,23.2,40.7
08/02/2026,02:57:05,23.2,40.6
08/02/2026,03:02:05,23.2,40.6
08/02/2026,03:07:05,23.2,40.7
08/02/2026,03:12:05,23.2,40.7
08/02/2026,03:17:05,23.2,40.6
08/02/2026,03:22:05,23.2,40.7
08/02/2026,03:27:05,23.1,40.7
08/02/2026,03:32:05,23.1,40.7
08/02/2026,03:37:05,23.1,40.7
08/02/2026,03:42:05,23.1,40.7
08/02/2026,03:47:05,23.1,40.7
08/02/2026,03:52:05,23.1,40.7
08/02/2026,03:57:05,23.1,40.7
08/02/2026,04:02:05,23.1,40.8
08/02/2026,04:07:05,23.1,40.8
08/02/2026,04:12:05,23.0,40.8
08/02/2026,04:17:05,23.1,40.8
08/02/2026,04:22:05,23.0,40.8
08/02/2026,04:27:05,23.0,40.8
08/02/2026,04:32:05,23.0,40.8
08/02/2026,04:37:05,23.0,40.8
08/02/2026,04:42:05,23.0,40.8
08/02/2026,04:47:05,22.9,40.8
08/02/2026,04:52:05,22.9,40.8
08/02/2026,04:57:05,22.9,40.8
08/02/2026,05:02:05,22.9,40.8
08/02/2026,05:07:05,22.9,40.8
08/02/2026,05:12:05,22.9,40.9
08/02/2026,05:17:05,22.9,40.9
08/02/2026,05:22:05,22.9,40.9
08/02/2026,05:27:05,22.8,40.9
08/02/2026,05:32:05,22.8,40.9
08/02/2026,05:37:05,22.8,40.9
08/02/2026,05:42:05,22.8,40.9
08/02/2026,05:47:05,22.8,40.9
08/02/2026,05:52:05,22.8,40.9
08/02/2026,05:57:05,22.8,40.9
08/02/2026,06:02:05,22.7,40.9
08/02/2026,06:07:05,22.7,40.9
08/02/2026,06:12:05,22.7,40.9
08/02/2026,06:17:05,22.7,40.9
08/02/2026,06:22:05,22.7,40.9
08/02/2026,06:27:05,22.7,41.0
08/02/2026,06:32:05,22.7,41.0
08/02/2026,06:37:05,22.7,41.0
08/02/2026,06:42:05,22.7,41.0
08/02/2026,06:47:05,22.6,41.0
08/02/2026,06:52:05,22.6,41.0
08/02/2026,06:57:05,22.6,41.0
08/02/2026,07:02:05,22.6,41.0
08/02/2026,07:07:05,22.6,41.1
08/02/2026,07:12:05,22.6,41.1
08/02/2026,07:17:05,22.6,41.2
08/02/2026,07:22:05,22.6,41.2
08/02/2026,07:27:05,22.6,41.2
08/02/2026,07:32:05,22.6,41.2
08/02/2026,07:37:05,22.6,41.2
08/02/2026,07:42:05,22.6,41.3
08/02/2026,07:47:05,22.6,41.7
08/02/2026,07:52:05,22.6,42.1
08/02/2026,07:57:05,22.6,42.3
08/02/2026,08:02:05,22.6,42.7
08/02/2026,08:07:05,22.6,43.1
08/02/2026,08:12:05,22.6,43.2
08/02/2026,08:17:05,22.6,43.4
08/02/2026,08:22:05,22.7,43.5
08/02/2026,08:27:05,22.7,43.7
08/02/2026,08:32:05,22.7,44.0
08/02/2026,08:37:05,22.7,44.2
08/02/2026,08:42:05,22.7,44.2
08/02/2026,08:47:05,22.8,44.4
08/02/2026,08:52:05,22.8,44.8
08/02/2026,08:57:05,22.8,45.2
08/02/2026,09:02:05,22.9,45.2
08/02/2026,09:07:05,22.9,45.2
08/02/2026,09:12:05,22.9,45.4
08/02/2026,09:17:05,22.9,45.5
08/02/2026,09:22:05,22.9,45.7
08/02/2026,09:27:05,22.9,45.8
08/02/2026,09:32:05,22.9,45.9
08/02/2026,09:37:05,22.9,46.3
08/02/2026,09:42:05,22.9,47.0
08/02/2026,09:47:05,23.0,47.4
08/02/2026,09:52:05,23.1,47.7
08/02/2026,09:57:05,23.1,48.3
08/02/2026,10:02:05,23.2,48.5
08/02/2026,10:07:05,23.2,48.8
08/02/2026,10:12:05,23.3,49.1
08/02/2026,10:17:05,23.3,49.5
08/02/2026,10:22:05,23.4,49.8
08/02/2026,10:27:05,23.5,50.1
08/02/2026,10:32:05,23.5,50.6
08/02/2026,10:37:05,23.6,51.0
08/02/2026,10:42:05,23.6,50.8
08/02/2026,10:47:05,23.6,50.8
08/02/2026,10:52:05,23.7,50.6
08/02/2026,10:57:05,23.6,50.4
08/02/2026,11:02:05,23.6,50.4
08/02/2026,11:07:05,23.6,50.4
08/02/2026,11:12:05,23.6,50.4
08/02/2026,11:17:05,23.6,50.5
08/02/2026,11:22:05,23.6,50.6
08/02/2026,11:27:05,23.6,50.8
08/02/2026,11:32:05,23.7,51.4
08/02/2026,11:37:05,23.7,51.7
08/02/2026,11:42:05,23.8,52.0
08/02/2026,11:47:05,23.9,52.1
08/02/2026,11:52:05,23.9,52.7
08/02/2026,11:57:05,24.0,52.7
08/02/2026,12:02:05,24.1,52.9
08/02/2026,12:07:05,24.2,53.1
08/02/2026,12:12:05,24.2,53.2
08/02/2026,12:17:05,24.3,53.3
08/02/2026,12:22:05,24.3,53.4
08/02/2026,12:27:05,24.4,53.4
08/02/2026,12:32:05,24.4,52.9
08/02/2026,12:37:05,24.4,52.7
08/02/2026,12:42:05,24.4,52.3
08/02/2026,12:47:05,24.4,51.3
08/02/2026,12:52:05,24.3,50.0
08/02/2026,12:57:05,24.2,49.5
08/02/2026,13:02:05,24.2,48.9
08/02/2026,13:07:05,24.2,48.7
08/02/2026,13:12:05,24.1,48.2
08/02/2026,13:17:05,24.1,47.7
08/02/2026,13:22:05,24.1,47.1
08/02/2026,13:27:05,24.1,47.1
08/02/2026,13:32:05,24.0,47.1
08/02/2026,13:37:05,24.0,46.5
08/02/2026,13:42:05,24.0,46.3
08/02/2026,13:47:05,24.0,46.0
08/02/2026,13:52:05,24.0,45.2
08/02/2026,13:57:05,24.0,45.3
08/02/2026,14:02:05,24.0,44.8
08/02/2026,14:07:05,24.0,44.8
08/02/2026,14:12:05,24.0,44.3
08/02/2026,14:17:05,24.0,44.2
08/02/2026,14:22:05,24.0,44.1
08/02/2026,14:27:05,24.0,44.0
08/02/2026,14:32:05,24.0,43.8
08/02/2026,14:37:05,24.0,43.7
08/02/2026,14:42:05,24.0,43.5
08/02/2026,14:47:05,24.0,43.4
08/02/2026,14:52:05,24.0,43.1
08/02/2026,14:57:05,24.0,43.0
08/02/2026,15:02:05,24.0,42.5
08/02/2026,15:07:05,24.0,42.5
08/02/2026,15:12:05,24.1,42.4
08/02/2026,15:17:05,24.1,42.1
08/02/2026,15:22:05,24.1,42.0
08/02/2026,15:27:05,24.1,41.9
08/02/2026,15:32:05,24.2,41.8
08/02/2026,15:37:05,24.2,41.8
08/02/2026,15:42:05,24.2,41.8
08/02/2026,15:47:05,24.2,41.7
08/02/2026,15:52:05,24.3,41.6
08/02/2026,15:57:05,24.3,41.6
08/02/2026,16:02:05,24.3,41.6
08/02/2026,16:07:05,24.3,41.6
08/02/2026,16:12:05,24.3,41.5
08/02/2026,16:17:05,24.3,41.5
08/02/2026,16:22:05,24.3,41.6
08/02/2026,16:27:05,24.3,41.6
08/02/2026,16:32:05,24.3,41.6
08/02/2026,16:37:05,24.3,41.7
08/02/2026,16:42:05,24.3,41.6
08/02/2026,16:47:05,24.3,41.5
08/02/2026,16:52:05,24.3,41.5
08/02/2026,16:57:05,24.3,41.4
08/02/2026,17:02:05,24.3,41.3
08/02/2026,17:07:05,24.3,41.4
08/02/2026,17:12:05,24.3,41.4
08/02/2026,17:17:05,24.3,41.4
08/02/2026,17:22:05,24.3,41.5
08/02/2026,17:27:05,24.2,41.4
08/02/2026,17:32:05,24.3,41.4
08/02/2026,17:37:05,24.3,41.4
08/02/2026,17:42:05,24.2,41.4
08/02/2026,17:47:05,24.2,41.5
08/02/2026,17:52:05,24.2,41.4
08/02/2026,17:57:05,24.3,41.5
08/02/2026,18:02:05,24.3,41.5
08/02/2026,18:07:05,24.2,41.4
08/02/2026,18:12:05,24.2,41.5
08/02/2026,18:17:05,24.2,41.5
08/02/2026,18:22:05,24.2,41.5
08/02/2026,18:27:05,24.2,41.5
08/02/2026,18:32:05,24.2,41.4
08/02/2026,18:37:05,24.2,41.4
08/02/2026,18:42:05,24.2,41.3
08/02/2026,18:47:05,24.2,41.3
08/02/2026,18:52:05,24.1,41.3
08/02/2026,18:57:05,24.1,41.1
08/02/2026,19:02:05,24.1,41.1
08/02/2026,19:07:05,24.1,41.0
08/02/2026,19:12:05,24.1,41.0
08/02/2026,19:17:05,24.0,41.0
08/02/2026,19:22:05,24.0,41.0
08/02/2026,19:27:05,24.0,40.5
08/02/2026,19:32:05,24.0,40.5
08/02/2026,19:37:05,24.0,40.5
08/02/2026,19:42:05,24.0,40.3
08/02/2026,19:47:05,23.9,40.4
08/02/2026,19:52:05,23.9,40.3
08/02/2026,19:57:05,23.9,40.5
08/02/2026,20:02:05,23.9,40.4
08/02/2026,20:07:05,23.9,40.6
08/02/2026,20:12:05,23.9,40.6
08/02/2026,20:17:05,23.9,40.6
08/02/2026,20:22:05,23.9,40.5
08/02/2026,20:27:05,23.8,40.5
08/02/2026,20:32:05,23.8,40.6
08/02/2026,20:37:05,23.8,40.6
08/02/2026,20:42:05,23.8,40.7
08/02/2026,20:47:05,23.8,40.7
08/02/2026,20:52:05,23.8,40.7
08/02/2026,20:57:05,23.8,40.7
08/02/2026,21:02:05,23.8,40.6
08/02/2026,21:07:05,23.7,40.6
08/02/2026,21:12:05,23.7,40.6
08/02/2026,21:17:05,23.7,40.6
08/02/2026,21:22:05,23.7,40.8
08/02/2026,21:27:05,23.7,40.7
08/02/2026,21:32:05,23.7,40.7
08/02/2026,21:37:05,23.7,40.7
08/02/2026,21:42:05,23.7,40.8
08/02/2026,21:47:05,23.7,40.9
08/02/2026,21:52:05,23.7,41.0
08/02/2026,21:57:05,23.7,41.1
08/02/2026,22:02:05,23.6,41.3
08/02/2026,22:07:05,23.6,41.4
08/02/2026,22:12:05,23.6,41.5
08/02/2026,22:17:05,23.6,41.7
08/02/2026,22:22:05,23.6,41.9
08/02/2026,22:27:05,23.6,42.0
08/02/2026,22:32:05,23.6,42.2
08/02/2026,22:37:05,23.6,42.4
08/02/2026,22:42:05,23.6,42.6
08/02/2026,22:47:05,23.5,42.7
08/02/2026,22:52:05,23.5,42.9
08/02/2026,22:57:05,23.5,43.1
08/02/2026,23:02:05,23.5,43.2
08/02/2026,23:07:05,23.5,43.4
08/02/2026,23:12:05,23.4,43.5
08/02/2026,23:17:05,23.4,43.7
08/02/2026,23:22:05,23.4,43.9
08/02/2026,23:27:05,23.4,43.9
08/02/2026,23:32:05,23.4,44.1
08/02/2026,23:37:05,23.4,44.2
08/02/2026,23:42:05,23.4,44.3
08/02/2026,23:47:05,23.4,44.5
08/02/2026,23:52:05,23.3,44.6
08/02/2026,23:57:05,23.3,44.8
08/03/2026,00:02:05,23.3,44.9
08/03/2026,00:07:05,23.3,45.1
08/03/2026,00:12:05,23.3,45.2
08/03/2026,00:17:05,23.2,45.4
08/03/2026,00:22:05,23.2,45.6
08/03/2026,00:27:05,23.2,45.6
08/03/2026,00:32:05,23.2,45.7
08/03/2026,00:37:05,23.2,45.8
08/03/2026,00:42:05,23.2,45.9
08/03/2026,00:47:05,23.2,45.9
08/03/2026,00:52:05,23.2,46.0
08/03/2026,00:57:05,23.2,46.0
08/03/2026,01:02:05,23.2,46.0
08/03/2026,01:07:05,23.2,46.1
08/03/2026,01:12:05,23.2,46.1
08/03/2026,01:17:05,23.1,46.0
08/03/2026,01:22:05,23.1,46.1
08/03/2026,01:27:05,23.1,46.1
08/03/2026,01:32:05,23.1,46.1
08/03/2026,01:37:05,23.1,46.0
08/03/2026,01:42:05,23.1,46.0
08/03/2026,01:47:05,23.1,46.0
08/03/2026,01:52:05,23.0,46.1
08/03/2026,01:57:05,23.0,46.1
08/03/2026,02:02:05,23.0,46.2
08/03/2026,02:07:05,23.0,46.3
08/03/2026,02:12:05,23.0,46.3
08/03/2026,02:17:05,23.0,46.4
08/03/2026,02:22:05,22.9,46.5
08/03/2026,02:27:05,22.9,46.6
08/03/2026,02:32:05,22.9,46.8
08/03/2026,02:37:05,22.9,46.8
08/03/2026,02:42:05,22.9,47.0
08/03/2026,02:47:05,22.9,47.1
08/03/2026,02:52:05,22.9,47.2
08/03/2026,02:57:05,22.9,47.3
08/03/2026,03:02:05,22.9,47.4
08/03/2026,03:07:05,22.9,47.5
08/03/2026,03:12:05,22.8,47.7
08/03/2026,03:17:05,22.8,47.8
08/03/2026,03:22:05,22.8,47.9
08/03/2026,03:27:05,22.8,48.1
08/03/2026,03:32:05,22.8,48.2
08/03/2026,03:37:05,22.7,48.4
08/03/2026,03:42:05,22.8,48.6
08/03/2026,03:47:05,22.7,48.7
08/03/2026,03:52:05,22.7,48.9
08/03/2026,03:57:05,22.7,49.1
08/03/2026,04:02:05,22.7,49.2
08/03/2026,04:07:05,22.7,49.4
08/03/2026,04:12:05,22.7,49.6
08/03/2026,04:17:05,22.7,49.8
08/03/2026,04:22:05,22.7,49.9
08/03/2026,04:27:05,22.7,50.1
08/03/2026,04:32:05,22.6,50.2
08/03/2026,04:37:05,22.6,50.3
08/03/2026,04:42:05,22.6,50.5
08/03/2026,04:47:05,22.6,50.7
08/03/2026,04:52:05,22.6,50.8
08/03/2026,04:57:05,22.6,50.9
08/03/2026,05:02:05,22.6,51.1
08/03/2026,05:07:05,22.6,51.2
08/03/2026,05:12:05,22.5,51.2
08/03/2026,05:17:05,22.5,51.3
08/03/2026,05:22:05,22.5,51.4
08/03/2026,05:27:05,22.5,51.5
08/03/2026,05:32:05,22.5,51.6
08/03/2026,05:37:05,22.5,51.7
08/03/2026,05:42:05,22.4,51.8
08/03/2026,05:47:05,22.4,51.8
08/03/2026,05:52:05,22.4,51.9
08/03/2026,05:57:05,22.4,52.0
08/03/2026,06:02:05,22.4,52.1
08/03/2026,06:07:05,22.4,52.1
08/03/2026,06:12:05,22.4,52.1
08/03/2026,06:17:05,22.4,52.3
08/03/2026,06:22:05,22.4,52.3
08/03/2026,06:27:05,22.3,52.4
08/03/2026,06:32:05,22.3,52.5
08/03/2026,06:37:05,22.3,52.6
08/03/2026,06:42:05,22.4,52.4
08/03/2026,06:47:05,22.4,52.2
08/03/2026,06:52:05,22.4,52.0
08/03/2026,06:57:05,22.5,52.0
08/03/2026,07:02:05,22.5,51.8
08/03/2026,07:07:05,22.5,51.8
08/03/2026,07:12:05,22.5,51.7
08/03/2026,07:17:05,22.5,51.7
08/03/2026,07:22:05,22.6,51.6
08/03/2026,07:27:05,22.6,51.6
08/03/2026,07:32:05,22.6,51.5
08/03/2026,07:37:05,22.6,51.4
08/03/2026,07:42:05,22.6,51.4
08/03/2026,07:47:05,22.7,51.4
08/03/2026,07:52:05,22.6,51.3
08/03/2026,07:57:05,22.7,51.4
08/03/2026,08:02:05,22.7,51.3
08/03/2026,08:07:05,22.7,51.2
08/03/2026,08:12:05,22.7,51.2
08/03/2026,08:17:05,22.7,51.2
08/03/2026,08:22:05,22.7,51.2
08/03/2026,08:27:05,22.8,51.2
08/03/2026,08:32:05,22.8,51.2
08/03/2026,08:37:05,22.8,51.1
08/03/2026,08:42:05,22.8,51.1
08/03/2026,08:47:05,22.8,51.2
08/03/2026,08:52:05,22.8,51.1
08/03/2026,08:57:05,22.8,51.1
08/03/2026,09:02:05,22.9,51.1
08/03/2026,09:07:05,22.9,51.2
08/03/2026,09:12:05,22.9,51.2
08/03/2026,09:17:05,22.9,51.3
08/03/2026,09:22:05,22.9,51.2
08/03/2026,09:27:05,22.9,51.3
08/03/2026,09:32:05,22.9,51.3
08/03/2026,09:37:05,23.0,51.3
08/03/2026,09:42:05,23.0,51.9
08/03/2026,09:47:05,23.0,51.6
08/03/2026,09:52:05,23.1,51.7
08/03/2026,09:57:05,23.1,51.8
08/03/2026,10:02:05,23.1,51.9
08/03/2026,10:07:05,23.2,51.9
08/03/2026,10:12:05,23.2,52.1
08/03/2026,10:17:05,23.2,52.1
08/03/2026,10:22:05,23.2,52.2
08/03/2026,10:27:05,23.3,52.2
08/03/2026,10:32:05,23.3,52.3
08/03/2026,10:37:05,23.3,52.3
08/03/2026,10:42:05,23.5,52.7
08/03/2026,10:47:05,24.1,51.7
08/03/2026,10:52:05,24.8,50.4
08/03/2026,10:57:24,24.8,52.4
08/03/2026,11:02:24,24.9,46.0
08/03/2026,11:07:24,24.8,47.1
08/03/2026,11:12:24,24.7,47.1
08/03/2026,11:17:24,24.7,48.1
08/03/2026,11:22:24,24.8,49.0
08/03/2026,11:27:24,24.4,49.7
08/03/2026,11:32:24,24.1,50.1
08/03/2026,11:37:24,24.0,50.5
08/03/2026,11:42:24,23.8,50.8
08/03/2026,11:47:24,23.7,51.0
08/03/2026,11:52:24,23.7,51.2
08/03/2026,11:57:24,23.6,51.4
08/03/2026,12:02:24,23.6,51.5
08/03/2026,12:07:24,23.6,51.6
08/03/2026,12:12:24,23.6,51.6
08/03/2026,12:17:24,23.6,51.7
08/03/2026,12:22:24,23.6,51.8
08/03/2026,12:27:24,23.6,51.8
08/03/2026,12:32:24,23.6,51.8
08/03/2026,12:37:24,23.6,51.9
08/03/2026,12:42:24,23.6,51.9
08/03/2026,12:47:24,23.6,51.9
08/03/2026,12:52:24,23.6,51.9
08/03/2026,12:57:24,23.6,51.9
08/03/2026,13:02:24,23.6,51.9
08/03/2026,13:07:24,23.6,51.9
08/03/2026,13:12:24,23.6,51.9
08/03/2026,13:17:24,23.7,51.9
08/03/2026,13:22:24,23.7,51.9
08/03/2026,13:27:24,23.6,51.9
08/03/2026,13:32:24,23.7,51.9
08/03/2026,13:37:24,23.7,52.1
08/03/2026,13:42:24,23.7,52.0
08/03/2026,13:47:24,23.7,52.0
08/03/2026,13:52:24,23.7,52.0
08/03/2026,13:57:24,23.8,52.0
08/03/2026,14:02:24,23.8,52.0
08/03/2026,14:07:24,23.8,52.0
08/03/2026,14:12:24,23.8,52.1
08/03/2026,14:17:24,23.8,52.1
08/03/2026,14:22:24,23.9,52.1
08/03/2026,14:27:24,23.9,52.1
08/03/2026,14:32:24,23.9,52.1
08/03/2026,14:37:24,24.0,52.1
08/03/2026,14:42:24,24.0,52.0
08/03/2026,14:47:24,24.0,52.1
08/03/2026,14:52:24,24.0,52.0
08/03/2026,14:57:24,24.1,52.0
08/03/2026,15:02:24,24.1,52.0
08/03/2026,15:07:24,24.1,52.0
08/03/2026,15:12:24,24.2,51.9
08/03/2026,15:17:24,24.2,51.9
08/03/2026,15:22:24,24.2,51.9
08/03/2026,15:27:24,24.3,51.9
08/03/2026,15:32:24,24.3,51.8
08/03/2026,15:37:24,24.4,51.8
08/03/2026,15:42:24,24.4,51.8
08/03/2026,15:47:24,24.4,51.7
08/03/2026,15:52:24,24.5,51.7
08/03/2026,15:57:24,24.5,51.7
08/03/2026,16:02:24,24.5,51.6
08/03/2026,16:07:24,24.5,51.6
08/03/2026,16:12:24,24.6,51.6
08/03/2026,16:17:24,24.6,51.6
08/03/2026,16:22:24,24.6,51.6
08/03/2026,16:27:24,24.6,51.5
08/03/2026,16:32:24,24.6,51.5
08/03/2026,16:37:24,24.6,51.4
08/03/2026,16:42:24,24.6,51.4
08/03/2026,16:47:24,24.7,51.4
08/03/2026,16:52:24,24.7,51.4
08/03/2026,16:57:24,24.7,51.3
08/03/2026,17:02:24,24.7,51.2
08/03/2026,17:07:24,24.7,51.2
08/03/2026,17:12:24,24.7,51.2
08/03/2026,17:17:24,24.7,51.2
08/03/2026,17:22:24,24.7,51.1
08/03/2026,17:27:24,24.7,51.2
08/03/2026,17:32:24,24.8,51.1
08/03/2026,17:37:24,24.8,51.1
08/03/2026,17:42:24,24.8,51.1
08/03/2026,17:47:24,24.8,51.1
08/03/2026,17:52:24,24.7,51.1
08/03/2026,17:57:24,24.8,51.1
08/03/2026,18:02:24,24.8,51.0
08/03/2026,18:07:24,24.7,51.0
08/03/2026,18:12:24,24.8,51.0
08/03/2026,18:17:24,24.8,51.0
08/03/2026,18:22:24,24.8,50.9
08/03/2026,18:27:24,24.8,50.9
08/03/2026,18:32:24,24.8,50.9
08/03/2026,18:37:24,24.8,50.9
08/03/2026,18:42:24,24.8,50.9
08/03/2026,18:47:24,24.8,50.8
08/03/2026,18:52:24,24.8,50.9
08/03/2026,18:57:24,24.8,50.8
08/03/2026,19:02:24,24.8,50.8
08/03/2026,19:07:24,24.8,50.8
08/03/2026,19:12:24,24.8,50.8
08/03/2026,19:17:24,24.8,50.8
08/03/2026,19:22:24,24.8,50.8
08/03/2026,19:27:24,24.8,50.8
08/03/2026,19:32:24,24.7,50.7
08/03/2026,19:37:24,24.8,50.7
08/03/2026,19:42:24,24.8,50.7
08/03/2026,19:47:24,24.8,50.7
08/03/2026,19:52:24,24.7,50.7
08/03/2026,19:57:24,24.7,50.6
08/03/2026,20:02:24,24.7,50.6
08/03/2026,20:07:24,24.7,50.6
08/03/2026,20:12:24,24.7,50.6
08/03/2026,20:17:24,24.7,50.5
08/03/2026,20:22:24,24.7,50.4
08/03/2026,20:27:24,24.7,50.4
08/03/2026,20:32:24,24.7,50.4
08/03/2026,20:37:24,24.7,50.3
08/03/2026,20:42:24,24.7,50.3
08/03/2026,20:47:24,24.7,50.3
08/03/2026,20:52:24,24.7,50.3
08/03/2026,20:57:24,24.7,50.3
08/03/2026,21:02:24,24.7,50.3
08/03/2026,21:07:24,24.7,50.2
08/03/2026,21:12:24,24.7,50.2
08/03/2026,21:17:24,24.7,50.1
08/03/2026,21:22:24,24.7,50.1
08/03/2026,21:27:24,24.7,50.1
08/03/2026,21:32:24,24.7,50.1
08/03/2026,21:37:24,24.7,50.1
08/03/2026,21:42:24,24.7,50.0
08/03/2026,21:47:24,24.7,50.0
08/03/2026,21:52:24,24.7,50.0
08/03/2026,21:57:24,24.7,49.9
08/03/2026,22:02:24,24.7,49.9
08/03/2026,22:07:24,24.6,49.9
08/03/2026,22:12:24,24.6,49.9
08/03/2026,22:17:24,24.6,49.8
08/03/2026,22:22:24,24.6,49.8
08/03/2026,22:27:24,24.7,49.8
08/03/2026,22:32:24,24.6,49.8
08/03/2026,22:37:24,24.6,49.8
08/03/2026,22:42:24,24.6,49.8
08/03/2026,22:47:24,24.6,49.8
08/03/2026,22:52:24,24.6,49.7
08/03/2026,22:57:24,24.6,49.7
08/03/2026,23:02:24,24.7,49.7
08/03/2026,23:07:24,24.6,49.7
08/03/2026,23:12:24,24.6,49.7
08/03/2026,23:17:24,24.6,49.6
08/03/2026,23:22:24,24.7,49.6
08/03/2026,23:27:24,24.6,49.6
08/03/2026,23:32:24,24.6,49.6
08/03/2026,23:37:24,24.6,49.6
08/03/2026,23:42:24,24.6,49.6
08/03/2026,23:47:24,24.6,49.6
08/03/2026,23:52:24,24.6,49.5
08/03/2026,23:57:24,24.6,49.5
08/04/2026,00:02:24,24.6,49.5
08/04/2026,00:07:24,24.6,49.4
08/04/2026,00:12:24,24.6,49.4
08/04/2026,00:17:24,24.6,49.4
08/04/2026,00:22:24,24.6,49.4
08/04/2026,00:27:24,24.6,49.3
08/04/2026,00:32:24,24.6,49.4
08/04/2026,00:37:24,24.6,49.3
08/04/2026,00:42:24,24.6,49.3
08/04/2026,00:47:24,24.6,49.3
08/04/2026,00:52:24,24.6,49.3
08/04/2026,00:57:24,24.6,49.2
08/04/2026,01:02:24,24.6,49.2
08/04/2026,01:07:24,24.6,49.2
08/04/2026,01:12:24,24.6,49.2
08/04/2026,01:17:24,24.5,49.1
08/04/2026,01:22:24,24.5,49.1
08/04/2026,01:27:24,24.5,49.1
08/04/2026,01:32:24,24.6,49.0
08/04/2026,01:37:24,24.5,49.0
08/04/2026,01:42:24,24.5,49.0
08/04/2026,01:47:24,24.5,49.0
08/04/2026,01:52:24,24.5,49.0
08/04/2026,01:57:24,24.5,48.9
08/04/2026,02:02:24,24.5,48.9
08/04/2026,02:07:24,24.5,48.9
08/04/2026,02:12:24,24.5,48.9
08/04/2026,02:17:24,24.5,48.9
08/04/2026,02:22:24,24.5,48.8
08/04/2026,02:27:24,24.5,48.8
08/04/2026,02:32:24,24.5,48.8
08/04/2026,02:37:24,24.5,48.8
08/04/2026,02:42:24,24.4,48.7
08/04/2026,02:47:24,24.5,48.8
08/04/2026,02:52:24,24.5,48.7
08/04/2026,02:57:24,24.4,48.7
08/04/2026,03:02:24,24.5,48.7
08/04/2026,03:07:24,24.4,48.7
08/04/2026,03:12:24,24.4,48.7
08/04/2026,03:17:24,24.4,48.7
08/04/2026,03:22:24,24.4,48.6
08/04/2026,03:27:24,24.4,48.6
08/04/2026,03:32:24,24.4,48.6
08/04/2026,03:37:24,24.4,48.6
08/04/2026,03:42:24,24.4,48.6
08/04/2026,03:47:24,24.4,48.6
08/04/2026,03:52:24,24.4,48.5
08/04/2026,03:57:24,24.4,48.5
08/04/2026,04:02:24,24.4,48.5
08/04/2026,04:07:24,24.4,48.5
08/04/2026,04:12:24,24.4,48.5
08/04/2026,04:17:24,24.3,48.5
08/04/2026,04:22:24,24.3,48.5
08/04/2026,04:27:24,24.3,48.4
08/04/2026,04:32:24,24.3,48.5
08/04/2026,04:37:24,24.3,48.4
08/04/2026,04:42:24,24.3,48.5
08/04/2026,04:47:24,24.3,48.5
08/04/2026,04:52:24,24.3,48.5
08/04/2026,04:57:24,24.3,48.5
08/04/2026,05:02:24,24.3,48.4
08/04/2026,05:07:24,24.3,48.4
08/04/2026,05:12:24,24.3,48.5
08/04/2026,05:17:24,24.2,48.5
08/04/2026,05:22:24,24.3,48.5
08/04/2026,05:27:24,24.2,48.5
08/04/2026,05:32:24,24.3,48.5
08/04/2026,05:37:24,24.2,48.5
08/04/2026,05:42:24,24.2,48.6
08/04/2026,05:47:24,24.2,48.5
08/04/2026,05:52:24,24.2,48.6
08/04/2026,05:57:24,24.2,48.6
08/04/2026,06:02:24,24.2,48.6
08/04/2026,06:07:24,24.2,48.6
08/04/2026,06:12:24,24.2,48.6
08/04/2026,06:17:24,24.2,48.6
08/04/2026,06:22:24,24.2,48.7
08/04/2026,06:27:24,24.2,48.7
08/04/2026,06:32:24,24.2,48.7
08/04/2026,06:37:24,24.2,48.7
08/04/2026,06:42:24,24.2,48.7
08/04/2026,06:47:24,24.2,48.8
08/04/2026,06:52:24,24.1,48.7
08/04/2026,06:57:24,24.2,48.8
08/04/2026,07:02:24,24.2,48.8
08/04/2026,07:07:24,24.2,48.8
08/04/2026,07:12:24,24.2,48.8
08/04/2026,07:17:24,24.2,48.8
08/04/2026,07:22:24,24.2,48.8
08/04/2026,07:27:24,24.2,48.9
08/04/2026,07:32:24,24.1,48.9
08/04/2026,07:37:24,24.2,48.9
08/04/2026,07:42:24,24.2,48.9
08/04/2026,07:47:24,24.2,48.8
08/04/2026,07:52:24,24.2,48.9
08/04/2026,07:57:24,24.2,48.8
08/04/2026,08:02:24,24.2,48.8
08/04/2026,08:07:24,24.2,48.8
08/04/2026,08:12:24,24.2,48.8
08/04/2026,08:17:24,24.2,48.9
08/04/2026,08:22:24,24.2,48.9
08/04/2026,08:27:24,24.2,48.9
08/04/2026,08:32:24,24.2,48.8
08/04/2026,08:37:24,24.2,48.8
08/04/2026,08:42:24,24.2,48.8
08/04/2026,08:47:24,24.2,48.9
08/04/2026,08:52:24,24.2,48.9
08/04/2026,08:57:24,24.3,48.8
08/04/2026,09:02:24,24.3,48.8
08/04/2026,09:07:24,24.3,48.9
08/04/2026,09:12:24,24.3,48.9
08/04/2026,09:17:24,24.3,49.0
08/04/2026,09:22:24,24.3,48.9
08/04/2026,09:27:24,24.3,48.9
08/04/2026,09:32:24,24.3,49.0
08/04/2026,09:37:24,24.3,49.0
08/04/2026,09:42:24,24.3,49.0
08/04/2026,09:47:24,24.3,49.0
08/04/2026,09:52:24,24.3,49.0
08/04/2026,09:57:24,24.3,49.0
08/04/2026,10:02:24,24.3,49.1
08/04/2026,10:07:24,24.3,49.1
08/04/2026,10:12:24,24.3,49.1
08/04/2026,10:17:24,24.4,49.1
08/04/2026,10:22:24,24.4,49.1
08/04/2026,10:27:24,24.4,49.2
08/04/2026,10:32:24,24.4,49.2
08/04/2026,10:37:24,24.4,49.2
08/04/2026,10:42:24,24.4,49.2
08/04/2026,10:47:24,24.4,49.2
08/04/2026,10:52:24,24.4,49.3
08/04/2026,10:57:24,24.4,49.2
08/04/2026,11:02:24,24.4,49.3
08/04/2026,11:07:24,24.4,49.3
08/04/2026,11:12:24,24.5,49.3
08/04/2026,11:17:24,24.5,49.4
08/04/2026,11:22:24,24.5,49.4
08/04/2026,11:27:24,24.5,49.4
08/04/2026,11:32:24,24.5,49.4
08/04/2026,11:37:24,24.5,49.4
08/04/2026,11:42:24,24.5,49.4
08/04/2026,11:47:24,24.5,49.4
08/04/2026,11:52:24,24.5,49.4
08/04/2026,11:57:24,24.5,49.4
08/04/2026,12:02:24,24.5,49.5
08/04/2026,12:07:24,24.5,49.5
08/04/2026,12:12:24,24.5,49.6
08/04/2026,12:17:24,24.5,49.6
08/04/2026,12:22:24,24.5,49.7
08/04/2026,12:27:24,24.6,49.8
08/04/2026,12:32:24,24.6,49.8
08/04/2026,12:37:24,24.6,49.9
08/04/2026,12:42:24,24.6,50.7
08/04/2026,12:47:24,24.7,50.7
08/04/2026,12:52:24,24.7,50.8
08/04/2026,12:57:24,24.8,50.5
08/04/2026,13:02:24,24.8,50.5
08/04/2026,13:07:24,24.8,50.8
08/04/2026,13:12:24,24.9,50.8
08/04/2026,13:17:24,24.9,50.4
08/04/2026,13:22:24,24.9,50.5
08/04/2026,13:27:24,24.9,50.4
08/04/2026,13:32:24,24.9,50.4
08/04/2026,13:37:24,24.9,50.4
08/04/2026,13:42:24,24.9,50.4
08/04/2026,13:47:24,24.9,50.4
08/04/2026,13:52:24,24.9,50.4
08/04/2026,13:57:24,24.9,50.4
08/04/2026,14:02:24,24.9,50.4
08/04/2026,14:07:24,24.9,50.4
08/04/2026,14:12:24,24.9,50.4
08/04/2026,14:17:24,24.9,50.4
08/04/2026,14:22:24,24.9,50.4
08/04/2026,14:27:24,24.9,50.4
08/04/2026,14:32:24,24.9,50.4
08/04/2026,14:37:24,24.9,50.4
08/04/2026,14:42:24,24.9,50.3
08/04/2026,14:47:24,24.9,50.3
08/04/2026,14:52:24,24.9,50.3
08/04/2026,14:57:24,24.9,50.3
08/04/2026,15:02:24,24.9,50.3
08/04/2026,15:07:24,24.9,50.3
08/04/2026,15:12:24,24.9,50.3
08/04/2026,15:17:24,24.9,50.3
08/04/2026,15:22:24,24.9,50.4
08/04/2026,15:27:24,24.9,50.4
08/04/2026,15:32:24,24.9,50.4
08/04/2026,15:37:24,25.0,50.5
08/04/2026,15:42:24,25.0,50.7
08/04/2026,15:47:24,25.0,50.7
08/04/2026,15:52:24,25.0,50.8
08/04/2026,15:57:24,25.1,50.8
08/04/2026,16:02:24,25.1,50.9
08/04/2026,16:07:24,25.1,50.9
08/04/2026,16:12:24,25.1,51.0
08/04/2026,16:17:24,25.1,51.1
08/04/2026,16:22:24,25.1,51.2
08/04/2026,16:27:24,25.1,51.2
08/04/2026,16:32:24,25.2,51.3
08/04/2026,16:37:24,25.2,51.5
08/04/2026,16:42:24,25.2,51.5
08/04/2026,16:47:24,25.2,51.7
08/04/2026,16:52:24,25.2,51.7
08/04/2026,16:57:24,25.2,51.9
08/04/2026,17:02:24,25.2,52.0
08/04/2026,17:07:24,25.3,52.0
08/04/2026,17:12:24,25.3,52.1
08/04/2026,17:17:24,25.3,52.2
08/04/2026,17:22:24,25.3,52.2
08/04/2026,17:27:24,25.3,52.3
08/04/2026,17:32:24,25.3,52.4
08/04/2026,17:37:24,25.3,52.5
08/04/2026,17:42:24,25.4,52.5
08/04/2026,17:47:24,25.4,52.6
08/04/2026,17:52:24,25.4,52.7
08/04/2026,17:57:24,25.4,52.8
08/04/2026,18:02:24,25.4,52.9
08/04/2026,18:07:24,25.4,52.9
08/04/2026,18:12:24,25.4,53.0
08/04/2026,18:17:24,25.5,53.0
08/04/2026,18:22:24,25.5,53.1
08/04/2026,18:27:24,25.5,53.2
08/04/2026,18:32:24,25.5,53.2
08/04/2026,18:37:24,25.5,53.3
08/04/2026,18:42:24,25.5,53.4
08/04/2026,18:47:24,25.5,53.8
08/04/2026,18:52:24,25.5,53.8
08/04/2026,18:57:24,25.6,53.9
08/04/2026,19:02:24,25.6,54.1
08/04/2026,19:07:24,25.6,54.3
08/04/2026,19:12:24,25.6,55.7
08/04/2026,19:17:24,25.7,55.2
08/04/2026,19:22:24,25.7,55.4
08/04/2026,19:27:24,25.8,56.0
08/04/2026,19:32:24,25.8,56.0
08/04/2026,19:37:24,25.8,56.2
08/04/2026,19:42:24,25.8,56.2
08/04/2026,19:47:24,25.8,56.5
08/04/2026,19:52:24,25.8,56.3
08/04/2026,19:57:24,25.9,56.2
08/04/2026,20:02:24,25.8,56.2
08/04/2026,20:07:24,25.9,56.2
08/04/2026,20:12:24,25.8,56.2
08/04/2026,20:17:24,25.9,56.1
08/04/2026,20:22:24,25.9,56.1
08/04/2026,20:27:24,25.9,56.2
08/04/2026,20:32:24,25.9,56.2
08/04/2026,20:37:24,25.8,56.1
08/04/2026,20:42:24,25.8,56.1
08/04/2026,20:47:24,25.8,56.1
08/04/2026,20:52:24,25.8,56.1
08/04/2026,20:57:24,25.8,56.1
08/04/2026,21:02:24,25.8,56.0
08/04/2026,21:07:24,25.8,56.0
08/04/2026,21:12:24,25.8,56.0
08/04/2026,21:17:24,25.7,56.0
08/04/2026,21:22:24,25.8,55.9
08/04/2026,21:27:24,25.7,55.9
08/04/2026,21:32:24,25.7,55.9
08/04/2026,21:37:24,25.7,55.8
08/04/2026,21:42:24,25.7,55.8
08/04/2026,21:47:24,25.7,55.8
08/04/2026,21:52:24,25.7,55.7
08/04/2026,21:57:24,25.7,55.8
08/04/2026,22:02:24,25.6,55.7
08/04/2026,22:07:24,25.7,55.7
08/04/2026,22:12:24,25.6,55.7
08/04/2026,22:17:24,25.6,55.6
08/04/2026,22:22:24,25.6,55.6
08/04/2026,22:27:24,25.6,55.5
08/04/2026,22:32:24,25.6,55.5
08/04/2026,22:37:24,25.6,55.4
08/04/2026,22:42:24,25.6,55.4
08/04/2026,22:47:24,25.6,55.3
08/04/2026,22:52:24,25.6,55.3
08/04/2026,22:57:24,25.6,55.3
08/04/2026,23:02:24,25.6,55.2
08/04/2026,23:07:24,25.5,55.1
08/04/2026,23:12:24,25.5,55.1
08/04/2026,23:17:24,25.5,55.1
08/04/2026,23:22:24,25.5,55.0
08/04/2026,23:27:24,25.6,55.0
08/04/2026,23:32:24,25.5,54.9
08/04/2026,23:37:24,25.5,54.9
08/04/2026,23:42:24,25.5,54.9
08/04/2026,23:47:24,25.5,54.8
08/04/2026,23:52:24,25.5,54.8
08/04/2026,23:57:24,25.5,54.8
08/05/2026,00:02:24,25.5,54.7
08/05/2026,00:07:24,25.5,54.6
08/05/2026,00:12:24,25.5,54.6
08/05/2026,00:17:24,25.4,54.6
08/05/2026,00:22:24,25.4,54.5
08/05/2026,00:27:24,25.5,54.5
08/05/2026,00:32:24,25.4,54.5
08/05/2026,00:37:24,25.4,54.5
08/05/2026,00:42:24,25.4,54.4
08/05/2026,00:47:24,25.4,54.4
08/05/2026,00:52:24,25.4,54.4
08/05/2026,00:57:24,25.4,54.3
08/05/2026,01:02:24,25.4,54.3
08/05/2026,01:07:24,25.4,54.3
08/05/2026,01:12:24,25.4,54.3
08/05/2026,01:17:24,25.4,54.2
08/05/2026,01:22:24,25.4,54.2
08/05/2026,01:27:24,25.3,54.2
08/05/2026,01:32:24,25.3,54.1
08/05/2026,01:37:24,25.3,54.1
08/05/2026,01:42:24,25.3,54.1
08/05/2026,01:47:24,25.3,54.1
08/05/2026,01:52:24,25.3,54.0
08/05/2026,01:57:24,25.3,54.0
08/05/2026,02:02:24,25.3,54.0
08/05/2026,02:07:24,25.3,53.9
08/05/2026,02:12:24,25.3,54.0
08/05/2026,02:17:24,25.3,53.9
08/05/2026,02:22:24,25.3,53.9
08/05/2026,02:27:24,25.3,53.9
08/05/2026,02:32:24,25.2,53.8
08/05/2026,02:37:24,25.2,53.8
08/05/2026,02:42:24,25.2,53.8
08/05/2026,02:47:24,25.2,53.8
08/05/2026,02:52:24,25.2,53.8
08/05/2026,02:57:24,25.2,53.7
08/05/2026,03:02:24,25.2,53.7
08/05/2026,03:07:24,25.2,53.7
08/05/2026,03:12:24,25.2,53.7
08/05/2026,03:17:24,25.2,53.6
08/05/2026,03:22:24,25.1,53.6
08/05/2026,03:27:24,25.2,53.7
08/05/2026,03:32:24,25.1,53.6
08/05/2026,03:37:24,25.1,53.6
08/05/2026,03:42:24,25.1,53.6
08/05/2026,03:47:24,25.1,53.6
08/05/2026,03:52:24,25.1,53.6
08/05/2026,03:57:24,25.1,53.6
08/05/2026,04:02:24,25.1,53.5
08/05/2026,04:07:24,25.1,53.5
08/05/2026,04:12:24,25.1,53.5
08/05/2026,04:17:24,25.1,53.5
08/05/2026,04:22:24,25.1,53.5
08/05/2026,04:27:24,25.0,53.5
08/05/2026,04:32:24,25.0,53.5
08/05/2026,04:37:24,25.0,53.5
08/05/2026,04:42:24,25.0,53.5
08/05/2026,04:47:24,25.0,53.5
08/05/2026,04:52:24,25.0,53.4
08/05/2026,04:57:24,25.0,53.4
08/05/2026,05:02:24,25.0,53.4
08/05/2026,05:07:24,25.0,53.4
08/05/2026,05:12:24,25.0,53.4
08/05/2026,05:17:24,25.0,53.4
08/05/2026,05:22:24,25.0,53.4
08/05/2026,05:27:24,24.9,53.4
08/05/2026,05:32:24,24.9,53.4
08/05/2026,05:37:24,24.9,53.4
08/05/2026,05:42:24,24.9,53.4
08/05/2026,05:47:24,24.9,53.4
08/05/2026,05:52:24,24.9,53.4
08/05/2026,05:57:24,24.9,53.4
08/05/2026,06:02:24,24.9,53.4
08/05/2026,06:07:24,24.9,53.4
08/05/2026,06:12:24,24.9,53.4
08/05/2026,06:17:24,24.8,53.4
08/05/2026,06:22:24,24.8,53.4
08/05/2026,06:27:24,24.8,53.3
08/05/2026,06:32:24,24.8,53.4
08/05/2026,06:37:24,24.8,53.4
08/05/2026,06:42:24,24.8,53.4
08/05/2026,06:47:24,24.8,53.3
08/05/2026,06:52:24,24.8,53.4
08/05/2026,06:57:24,24.8,53.4
08/05/2026,07:02:24,24.8,53.3
08/05/2026,07:07:24,24.8,53.4
08/05/2026,07:12:24,24.8,53.4
08/05/2026,07:17:24,24.8,53.4
08/05/2026,07:22:24,24.8,53.4
08/05/2026,07:27:24,24.7,53.4
08/05/2026,07:32:24,24.8,53.4
08/05/2026,07:37:24,24.7,53.4
08/05/2026,07:42:24,24.7,53.4
08/05/2026,07:47:24,24.7,53.4
08/05/2026,07:52:24,24.7,53.4
08/05/2026,07:57:24,24.7,53.4
08/05/2026,08:02:24,24.7,53.4
08/05/2026,08:07:24,24.7,53.4
08/05/2026,08:12:24,24.7,53.4
08/05/2026,08:17:24,24.7,53.4
08/05/2026,08:22:24,24.7,53.5
08/05/2026,08:27:24,24.7,53.5
08/05/2026,08:32:24,24.7,53.5
08/05/2026,08:37:24,24.7,53.5
08/05/2026,08:42:24,24.7,53.5
08/05/2026,08:47:24,24.7,53.6
08/05/2026,08:52:24,24.7,53.6
08/05/2026,08:57:24,24.7,53.5
08/05/2026,09:02:24,24.7,53.5
08/05/2026,09:07:24,24.7,53.6
08/05/2026,09:12:24,24.7,53.6
08/05/2026,09:17:24,24.7,53.6
08/05/2026,09:22:24,24.7,53.6
08/05/2026,09:27:24,24.7,53.6
08/05/2026,09:32:24,24.7,53.6
08/05/2026,09:37:24,24.7,53.6
08/05/2026,09:42:24,24.7,53.7
08/05/2026,09:47:24,24.7,53.8
08/05/2026,09:52:24,24.7,53.8
08/05/2026,09:57:24,24.7,53.8
08/05/2026,10:02:24,24.7,53.9
08/05/2026,10:07:24,24.7,54.0
08/05/2026,10:12:24,24.7,54.1
08/05/2026,10:17:24,24.7,54.0
08/05/2026,10:22:24,24.7,54.0
08/05/2026,10:27:24,24.7,54.1
08/05/2026,10:32:24,24.7,54.0
08/05/2026,10:37:24,24.7,54.0
08/05/2026,10:42:24,24.7,54.3
08/05/2026,10:47:24,24.6,54.7
08/05/2026,10:52:24,24.6,55.2
08/05/2026,10:57:24,24.6,55.4
08/05/2026,11:02:24,24.6,56.1
08/05/2026,11:07:24,24.6,56.4
08/05/2026,11:12:24,24.6,56.8
08/05/2026,11:17:24,24.6,57.1
08/05/2026,11:22:24,24.6,56.9
08/05/2026,11:27:24,24.6,56.9
08/05/2026,11:32:24,24.6,57.3
08/05/2026,11:37:24,24.6,57.2
08/05/2026,11:42:24,24.6,57.3
08/05/2026,11:47:24,24.6,57.2
08/05/2026,11:52:24,24.6,57.4
08/05/2026,11:57:24,24.6,57.4
08/05/2026,12:02:24,24.6,57.5
08/05/2026,12:07:24,24.6,57.4
08/05/2026,12:12:24,24.6,57.5
08/05/2026,12:17:24,24.6,57.4
08/05/2026,12:22:24,24.6,57.3
08/05/2026,12:27:24,24.6,57.2
08/05/2026,12:32:24,24.6,57.1
08/05/2026,12:37:24,24.6,56.9
08/05/2026,12:42:24,24.6,56.8
08/05/2026,12:47:24,24.6,56.6
08/05/2026,12:52:24,24.6,56.4
08/05/2026,12:57:24,24.6,56.3
08/05/2026,13:02:24,24.6,55.9
08/05/2026,13:07:24,24.6,55.6
08/05/2026,13:12:24,24.6,55.2
08/05/2026,13:17:24,24.6,54.9
08/05/2026,13:22:24,24.6,54.8
08/05/2026,13:27:24,24.6,54.7
08/05/2026,13:32:24,24.5,54.6
08/05/2026,13:37:24,24.5,54.3
08/05/2026,13:42:24,24.6,54.2
08/05/2026,13:47:24,24.6,53.9
08/05/2026,13:52:24,24.5,53.8
08/05/2026,13:57:24,24.6,53.6
08/05/2026,14:02:24,24.6,53.3
08/05/2026,14:07:24,24.5,52.9
08/05/2026,14:12:24,24.6,52.6
08/05/2026,14:17:24,24.5,52.2
08/05/2026,14:22:24,24.6,51.8
08/05/2026,14:27:24,24.6,51.5
08/05/2026,14:32:24,24.5,51.3
08/05/2026,14:37:24,24.6,50.9
08/05/2026,14:42:24,24.6,50.6
08/05/2026,14:47:24,24.5,50.4
08/05/2026,14:52:24,24.6,50.2
08/05/2026,14:57:24,24.6,50.0
08/05/2026,15:02:24,24.6,49.7
08/05/2026,15:07:24,24.6,49.4
08/05/2026,15:12:24,24.6,49.2
08/05/2026,15:17:24,24.6,48.9
08/05/2026,15:22:24,24.6,48.7
08/05/2026,15:27:24,24.6,48.4
08/05/2026,15:32:24,24.6,48.2
08/05/2026,15:37:24,24.6,47.9
08/05/2026,15:42:24,24.6,47.6
08/05/2026,15:47:24,24.6,47.4
08/05/2026,15:52:24,24.6,47.2
08/05/2026,15:57:24,24.7,47.0
08/05/2026,16:02:24,24.7,46.8
08/05/2026,16:07:24,24.7,46.5
08/05/2026,16:12:24,24.7,46.3
08/05/2026,16:17:24,24.7,46.1
08/05/2026,16:22:24,24.7,46.1
08/05/2026,16:27:24,24.7,45.8
08/05/2026,16:32:24,24.7,45.8
08/05/2026,16:37:24,24.7,45.5
08/05/2026,16:42:24,24.7,45.4
08/05/2026,16:47:24,24.7,45.2
08/05/2026,16:52:24,24.7,45.0
08/05/2026,16:57:24,24.7,44.9
08/05/2026,17:02:24,24.7,44.8
08/05/2026,17:07:24,24.7,44.7
08/05/2026,17:12:24,24.7,44.5
08/05/2026,17:17:24,24.7,44.3
08/05/2026,17:22:24,24.7,44.1
08/05/2026,17:27:24,24.7,44.2
08/05/2026,17:32:24,24.7,44.1
08/05/2026,17:37:24,24.7,44.0
08/05/2026,17:42:24,24.7,43.8
08/05/2026,17:47:24,24.7,43.6
08/05/2026,17:52:24,24.7,43.5
08/05/2026,17:57:24,24.6,43.3
08/05/2026,18:02:24,24.6,43.2
08/05/2026,18:07:24,24.7,43.4
08/05/2026,18:12:24,24.6,43.4
08/05/2026,18:17:24,24.6,43.2
08/05/2026,18:22:24,24.6,43.2
08/05/2026,18:27:24,24.6,43.1
08/05/2026,18:32:24,24.6,42.9
08/05/2026,18:37:24,24.6,43.1
08/05/2026,18:42:24,24.6,42.8
08/05/2026,18:47:24,24.6,42.6
08/05/2026,18:52:24,24.5,42.5
08/05/2026,18:57:24,24.5,42.1
08/05/2026,19:02:24,24.6,41.9
08/05/2026,19:07:24,24.6,41.7
08/05/2026,19:12:24,24.5,41.4
08/05/2026,19:17:24,24.5,41.5
08/05/2026,19:22:24,24.5,41.4
08/05/2026,19:27:24,24.5,41.3
08/05/2026,19:32:24,24.6,41.2
08/05/2026,19:37:24,24.6,41.1
08/05/2026,19:42:24,24.6,40.9
08/05/2026,19:47:24,24.6,40.9
08/05/2026,19:52:24,24.6,41.0
08/05/2026,19:57:24,24.5,40.8
08/05/2026,20:02:24,24.5,40.4
08/05/2026,20:07:24,24.5,40.3
08/05/2026,20:12:24,24.4,40.1
08/05/2026,20:17:24,24.5,40.1
08/05/2026,20:22:24,24.4,40.0
08/05/2026,20:27:24,24.4,39.8
08/05/2026,20:32:24,24.4,39.4
08/05/2026,20:37:24,24.4,39.2
08/05/2026,20:42:24,24.3,39.1
08/05/2026,20:47:24,24.3,38.8
08/05/2026,20:52:24,24.2,38.7
08/05/2026,20:57:24,24.2,38.4
08/05/2026,21:02:24,24.2,38.5
08/05/2026,21:07:24,24.2,38.1
08/05/2026,21:12:24,24.1,38.0
08/05/2026,21:17:24,24.1,37.9
08/05/2026,21:22:24,24.0,37.9
08/05/2026,21:27:24,24.0,37.8
08/05/2026,21:32:24,24.0,37.8
08/05/2026,21:37:24,24.0,37.8
08/05/2026,21:42:24,23.9,37.6
08/05/2026,21:47:24,23.9,37.6
08/05/2026,21:52:24,23.9,37.5
08/05/2026,21:57:24,23.8,37.5
08/05/2026,22:02:24,23.8,37.5
08/05/2026,22:07:24,23.8,37.4
08/05/2026,22:12:24,23.8,37.4
08/05/2026,22:17:24,23.7,37.4
08/05/2026,22:22:24,23.7,37.4
08/05/2026,22:27:24,23.7,37.4
08/05/2026,22:32:24,23.7,37.4
08/05/2026,22:37:24,23.6,37.4
08/05/2026,22:42:24,23.6,37.3
08/05/2026,22:47:24,23.5,37.4
08/05/2026,22:52:24,23.5,37.3
08/05/2026,22:57:24,23.5,37.4
08/05/2026,23:02:24,23.5,37.3
08/05/2026,23:07:24,23.4,37.4
08/05/2026,23:12:24,23.4,37.4
08/05/2026,23:17:24,23.4,37.4
08/05/2026,23:22:24,23.3,37.4
08/05/2026,23:27:24,23.3,37.4
08/05/2026,23:32:24,23.3,37.4
08/05/2026,23:37:24,23.2,37.4
08/05/2026,23:42:24,23.2,37.4
08/05/2026,23:47:24,23.2,37.5
08/05/2026,23:52:24,23.1,37.5
08/05/2026,23:57:24,23.1,37.5
08/06/2026,00:02:24,23.1,37.6
08/06/2026,00:07:24,23.0,37.6
08/06/2026,00:12:24,23.0,37.6
08/06/2026,00:17:24,23.0,37.7
08/06/2026,00:22:24,23.0,37.7
08/06/2026,00:27:24,22.9,37.8
08/06/2026,00:32:24,22.9,37.8
08/06/2026,00:37:24,22.8,37.9
08/06/2026,00:42:24,22.8,37.9
08/06/2026,00:47:24,22.8,38.0
08/06/2026,00:52:24,22.7,38.0
08/06/2026,00:57:24,22.7,38.0
08/06/2026,01:02:24,22.7,38.1
08/06/2026,01:07:24,22.7,38.1
08/06/2026,01:12:24,22.6,38.1
08/06/2026,01:17:24,22.6,38.2
08/06/2026,01:22:24,22.6,38.2
08/06/2026,01:27:24,22.5,38.3
08/06/2026,01:32:24,22.5,38.3
08/06/2026,01:37:24,22.5,38.4
08/06/2026,01:42:24,22.4,38.5
08/06/2026,01:47:24,22.4,38.5
08/06/2026,01:52:24,22.4,38.7
08/06/2026,01:57:24,22.4,38.8
08/06/2026,02:02:24,22.3,39.0
08/06/2026,02:07:24,22.3,39.1
08/06/2026,02:12:24,22.3,39.4
08/06/2026,02:17:24,22.2,39.5
08/06/2026,02:22:24,22.2,39.6
08/06/2026,02:27:24,22.2,39.8
08/06/2026,02:32:24,22.2,39.9
08/06/2026,02:37:24,22.1,40.0
08/06/2026,02:42:24,22.1,40.1
08/06/2026,02:47:24,22.1,40.1
08/06/2026,02:52:24,22.0,40.2
08/06/2026,02:57:24,22.0,40.2
08/06/2026,03:02:24,21.9,40.3
08/06/2026,03:07:24,21.9,40.3
08/06/2026,03:12:24,21.9,40.5
08/06/2026,03:17:24,21.9,40.5
08/06/2026,03:22:24,21.8,40.6
08/06/2026,03:27:24,21.8,40.7
08/06/2026,03:32:24,21.8,40.8
08/06/2026,03:37:24,21.8,40.9
08/06/2026,03:42:24,21.8,41.0
08/06/2026,03:47:24,21.7,41.0
08/06/2026,03:52:24,21.7,41.1
08/06/2026,03:57:24,21.7,41.2
08/06/2026,04:02:24,21.7,41.3
08/06/2026,04:07:24,21.6,41.5
08/06/2026,04:12:24,21.6,41.6
08/06/2026,04:17:24,21.6,41.7
08/06/2026,04:22:24,21.6,41.8
08/06/2026,04:27:24,21.5,41.9
08/06/2026,04:32:24,21.5,42.1
08/06/2026,04:37:24,21.5,42.2
08/06/2026,04:42:24,21.5,42.3
08/06/2026,04:47:24,21.5,42.4
08/06/2026,04:52:24,21.4,42.5
08/06/2026,04:57:24,21.4,42.6
08/06/2026,05:02:24,21.4,42.8
08/06/2026,05:07:24,21.4,42.9
08/06/2026,05:12:24,21.4,43.0
08/06/2026,05:17:24,21.3,43.1
08/06/2026,05:22:24,21.3,43.2
08/06/2026,05:27:24,21.3,43.3
08/06/2026,05:32:24,21.3,43.3
08/06/2026,05:37:24,21.2,43.5
08/06/2026,05:42:24,21.2,43.5
08/06/2026,05:47:24,21.2,43.7
08/06/2026,05:52:24,21.2,43.8
08/06/2026,05:57:24,21.2,43.9
08/06/2026,06:02:24,21.1,44.1
08/06/2026,06:07:24,21.1,44.2
08/06/2026,06:12:24,21.1,44.3
08/06/2026,06:17:24,21.1,44.4
08/06/2026,06:22:24,21.0,44.6
08/06/2026,06:27:24,21.0,44.7
08/06/2026,06:32:24,21.0,44.9
08/06/2026,06:37:24,21.0,45.0
08/06/2026,06:42:24,21.0,45.2
08/06/2026,06:47:24,21.0,45.3
08/06/2026,06:52:24,21.0,45.5
08/06/2026,06:57:24,21.0,45.6
08/06/2026,07:02:24,21.0,45.7
08/06/2026,07:07:24,20.9,45.8
08/06/2026,07:12:24,21.0,46.0
08/06/2026,07:17:24,21.0,46.1
08/06/2026,07:22:24,21.0,46.2
08/06/2026,07:27:24,21.0,46.2
08/06/2026,07:32:24,21.0,46.3
08/06/2026,07:37:24,21.0,46.3
08/06/2026,07:42:24,21.0,46.3
08/06/2026,07:47:24,21.1,46.3
08/06/2026,07:52:24,21.1,46.3
08/06/2026,07:57:24,21.1,46.3
08/06/2026,08:02:24,21.1,46.2
08/06/2026,08:07:24,21.2,46.3
08/06/2026,08:12:24,21.2,46.3
08/06/2026,08:17:24,21.2,46.3
08/06/2026,08:22:24,21.2,46.4
08/06/2026,08:27:24,21.2,46.3
08/06/2026,08:32:24,21.3,46.4
08/06/2026,08:37:24,21.3,46.3
08/06/2026,08:42:24,21.3,46.2
08/06/2026,08:47:24,21.3,46.2
08/06/2026,08:52:24,21.3,46.1
08/06/2026,08:57:24,21.4,46.1
08/06/2026,09:02:24,21.4,46.1
08/06/2026,09:07:24,21.4,46.0
08/06/2026,09:12:24,21.4,45.9
08/06/2026,09:17:24,21.4,45.8
08/06/2026,09:22:24,21.4,46.0
08/06/2026,09:27:24,21.5,45.8
08/06/2026,09:32:24,21.5,45.6
08/06/2026,09:37:24,21.5,45.5
08/06/2026,09:42:24,21.5,45.5
08/06/2026,09:47:24,21.5,45.3
08/06/2026,09:52:24,21.5,45.2
08/06/2026,09:57:24,21.5,45.2
08/06/2026,10:02:24,21.6,45.0
08/06/2026,10:07:24,21.6,44.9
08/06/2026,10:12:24,21.6,44.8
08/06/2026,10:17:24,21.6,44.6
08/06/2026,10:22:24,21.6,44.6
08/06/2026,10:27:24,21.6,44.9
08/06/2026,10:32:24,21.6,44.3
08/06/2026,10:37:24,21.6,44.1
08/06/2026,10:42:24,21.6,44.1
08/06/2026,10:47:24,21.6,44.1
08/06/2026,10:52:24,21.6,44.0
08/06/2026,10:57:24,21.7,43.9
08/06/2026,11:02:24,21.6,43.8
08/06/2026,11:07:24,21.6,43.7
08/06/2026,11:12:24,21.6,44.0
08/06/2026,11:17:24,21.6,43.6
08/06/2026,11:22:24,21.6,43.8
08/06/2026,11:27:24,21.7,43.4
08/06/2026,11:32:24,21.6,43.6
08/06/2026,11:37:24,21.7,43.2
08/06/2026,11:42:24,21.6,43.3
08/06/2026,11:47:24,21.6,43.3
08/06/2026,11:52:24,21.6,42.9
08/06/2026,11:57:24,21.6,42.9
08/06/2026,12:02:24,21.7,42.8
08/06/2026,12:07:24,21.7,42.6
08/06/2026,12:12:24,21.6,42.7
08/06/2026,12:17:24,21.6,42.7
08/06/2026,12:22:24,21.6,42.9
08/06/2026,12:27:24,21.7,42.9
08/06/2026,12:32:24,21.7,43.0
08/06/2026,12:37:24,21.7,43.0
08/06/2026,12:42:24,21.6,42.6
08/06/2026,12:47:24,21.7,42.8
08/06/2026,12:52:24,21.7,42.7
08/06/2026,12:57:24,21.7,42.7
08/06/2026,13:02:24,21.7,42.4
08/06/2026,13:07:24,21.7,42.4
08/06/2026,13:12:24,21.7,42.5
08/06/2026,13:17:24,21.7,42.4
08/06/2026,13:22:24,21.7,42.3
08/06/2026,13:27:24,21.7,42.1
08/06/2026,13:32:24,21.7,42.3
08/06/2026,13:37:24,21.7,42.3
08/06/2026,13:42:24,21.7,42.3
08/06/2026,13:47:24,21.7,42.3
08/06/2026,13:52:24,21.7,42.3
08/06/2026,13:57:24,21.7,42.1
08/06/2026,14:02:24,21.7,41.9
08/06/2026,14:07:24,21.7,41.9
08/06/2026,14:12:24,21.7,42.0
08/06/2026,14:17:24,21.7,41.9
08/06/2026,14:22:24,21.8,41.9
08/06/2026,14:27:24,21.8,41.9
08/06/2026,14:32:24,21.7,41.9
08/06/2026,14:37:24,21.8,41.9
08/06/2026,14:42:24,21.7,41.9
08/06/2026,14:47:24,21.8,42.0
08/06/2026,14:52:24,21.7,42.0
08/06/2026,14:57:24,21.8,42.0
08/06/2026,15:02:24,21.8,42.0
08/06/2026,15:07:24,21.8,42.0
08/06/2026,15:12:24,21.8,42.0
08/06/2026,15:17:24,21.8,42.0
08/06/2026,15:22:24,21.8,42.1
08/06/2026,15:27:24,21.8,42.1
08/06/2026,15:32:24,21.8,42.2
08/06/2026,15:37:24,21.8,42.1
08/06/2026,15:42:24,21.8,42.1
08/06/2026,15:47:24,21.8,42.0
08/06/2026,15:52:24,21.8,42.0
08/06/2026,15:57:24,21.8,41.8
08/06/2026,16:02:24,21.8,41.8
08/06/2026,16:07:24,21.8,41.9
08/06/2026,16:12:24,21.9,41.8
08/06/2026,16:17:24,21.9,41.7
08/06/2026,16:22:24,21.9,41.7
08/06/2026,16:27:24,21.9,41.7
08/06/2026,16:32:24,21.8,41.6
08/06/2026,16:37:24,21.9,41.5
08/06/2026,16:42:24,21.9,41.5
08/06/2026,16:47:24,21.9,41.5
08/06/2026,16:52:24,21.9,41.4
08/06/2026,16:57:24,21.8,41.4
08/06/2026,17:02:24,21.9,41.4
08/06/2026,17:07:24,21.9,41.3
08/06/2026,17:12:24,21.9,41.3
08/06/2026,17:17:24,21.9,41.2
08/06/2026,17:22:24,21.9,41.2
08/06/2026,17:27:24,21.8,41.2
08/06/2026,17:32:24,21.8,41.1
08/06/2026,17:37:24,21.9,41.1
08/06/2026,17:42:24,21.9,41.2
08/06/2026,17:47:24,21.9,41.2
08/06/2026,17:52:24,21.9,41.1
08/06/2026,17:57:24,21.9,41.0
08/06/2026,18:02:24,21.9,41.0
08/06/2026,18:07:24,21.9,41.0
08/06/2026,18:12:24,21.9,41.0
08/06/2026,18:17:24,21.9,40.9
08/06/2026,18:22:24,21.9,40.8
08/06/2026,18:27:24,21.9,40.8
08/06/2026,18:32:24,21.8,40.7
08/06/2026,18:37:24,21.8,40.7
08/06/2026,18:42:24,21.9,40.7
08/06/2026,18:47:24,21.8,40.7
08/06/2026,18:52:24,21.8,40.8
08/06/2026,18:57:24,21.8,40.7
08/06/2026,19:02:24,21.8,40.7
08/06/2026,19:07:24,21.8,40.7
08/06/2026,19:12:24,21.8,40.7
08/06/2026,19:17:24,21.8,40.7
08/06/2026,19:22:24,21.8,40.7
08/06/2026,19:27:24,21.8,40.7
08/06/2026,19:32:24,21.8,40.6
08/06/2026,19:37:24,21.8,40.5
08/06/2026,19:42:24,21.8,40.5
08/06/2026,19:47:24,21.8,40.5
08/06/2026,19:52:24,21.8,40.4
08/06/2026,19:57:24,21.8,40.5
08/06/2026,20:02:24,21.8,40.6
08/06/2026,20:07:24,21.8,40.6
08/06/2026,20:12:24,21.8,40.6
08/06/2026,20:17:24,21.8,40.6
08/06/2026,20:22:24,21.8,40.6
08/06/2026,20:27:24,21.7,40.6
08/06/2026,20:32:24,21.8,40.6
08/06/2026,20:37:24,21.7,40.5
08/06/2026,20:42:24,21.7,40.6
08/06/2026,20:47:24,21.7,40.6
08/06/2026,20:52:24,21.7,40.6
08/06/2026,20:57:24,21.7,40.6
08/06/2026,21:02:24,21.7,40.5
08/06/2026,21:07:24,21.7,40.5
08/06/2026,21:12:24,21.7,40.5
08/06/2026,21:17:24,21.7,40.4
08/06/2026,21:22:24,21.7,40.5
08/06/2026,21:27:24,21.7,40.5
08/06/2026,21:32:24,21.7,40.5
08/06/2026,21:37:24,21.7,40.5
08/06/2026,21:42:24,21.7,40.6
08/06/2026,21:47:24,21.7,40.7
08/06/2026,21:52:24,21.7,40.9
08/06/2026,21:57:24,21.6,41.1
08/06/2026,22:02:24,21.6,41.3
08/06/2026,22:07:24,21.6,41.5
08/06/2026,22:12:24,21.6,41.9
08/06/2026,22:17:24,21.6,42.1
08/06/2026,22:22:24,21.6,42.3
08/06/2026,22:27:24,21.6,42.4
08/06/2026,22:32:24,21.6,42.7
08/06/2026,22:37:24,21.6,42.7
08/06/2026,22:42:24,21.6,42.9
08/06/2026,22:47:24,21.6,43.1
08/06/2026,22:52:24,21.6,43.2
08/06/2026,22:57:24,21.6,43.4
08/06/2026,23:02:24,21.6,43.5
08/06/2026,23:07:24,21.6,43.6
08/06/2026,23:12:24,21.5,43.7
08/06/2026,23:17:24,21.5,43.8
08/06/2026,23:22:24,21.5,43.9
08/06/2026,23:27:24,21.5,44.0
08/06/2026,23:32:24,21.5,44.1
08/06/2026,23:37:24,21.5,44.2
08/06/2026,23:42:24,21.5,44.3
08/06/2026,23:47:24,21.5,44.4
08/06/2026,23:52:24,21.5,44.5
08/06/2026,23:57:24,21.4,44.6
08/07/2026,00:02:24,21.4,44.6
08/07/2026,00:07:24,21.4,44.7
08/07/2026,00:12:24,21.4,44.8
08/07/2026,00:17:24,21.4,44.9
08/07/2026,00:22:24,21.3,44.9
08/07/2026,00:27:24,21.3,45.0
08/07/2026,00:32:24,21.3,45.1
08/07/2026,00:37:24,21.3,45.2
08/07/2026,00:42:24,21.3,45.3
08/07/2026,00:47:24,21.3,45.3
08/07/2026,00:52:24,21.2,45.4
08/07/2026,00:57:24,21.2,45.4
08/07/2026,01:02:24,21.2,45.5
08/07/2026,01:07:24,21.2,45.5
08/07/2026,01:12:24,21.2,45.6
08/07/2026,01:17:24,21.1,45.7
08/07/2026,01:22:24,21.2,45.7
08/07/2026,01:27:24,21.1,45.8
08/07/2026,01:32:24,21.1,45.8
08/07/2026,01:37:24,21.1,45.9
08/07/2026,01:42:24,21.1,45.9
08/07/2026,01:47:24,21.1,46.0
08/07/2026,01:52:24,21.1,46.0
08/07/2026,01:57:24,21.0,46.1
08/07/2026,02:02:24,21.0,46.2
08/07/2026,02:07:24,21.0,46.2
08/07/2026,02:12:24,21.0,46.2
08/07/2026,02:17:24,21.0,46.3
08/07/2026,02:22:24,21.0,46.4
08/07/2026,02:27:24,20.9,46.5
08/07/2026,02:32:24,20.9,46.5
08/07/2026,02:37:24,20.9,46.5
08/07/2026,02:42:24,20.9,46.6
08/07/2026,02:47:24,20.9,46.7
08/07/2026,02:52:24,20.9,46.7
08/07/2026,02:57:24,20.8,46.8
08/07/2026,03:02:24,20.8,46.7
08/07/2026,03:07:24,20.8,46.8
08/07/2026,03:12:24,20.7,46.8
08/07/2026,03:17:24,20.7,46.7
08/07/2026,03:22:24,20.7,46.7
08/07/2026,03:27:24,20.7,46.7
08/07/2026,03:32:24,20.6,46.8
08/07/2026,03:37:24,20.6,46.8
08/07/2026,03:42:24,20.6,46.9
08/07/2026,03:47:24,20.6,46.9
08/07/2026,03:52:24,20.5,46.9
08/07/2026,03:57:24,20.5,46.9
08/07/2026,04:02:24,20.5,47.0
08/07/2026,04:07:24,20.4,47.0
08/07/2026,04:12:24,20.4,47.1
08/07/2026,04:17:24,20.4,47.1
08/07/2026,04:22:24,20.4,47.2
08/07/2026,04:27:24,20.3,47.2
08/07/2026,04:32:24,20.3,47.3
08/07/2026,04:37:24,20.3,47.4
08/07/2026,04:42:24,20.3,47.4
08/07/2026,04:47:24,20.2,47.4
08/07/2026,04:52:24,20.2,47.4
08/07/2026,04:57:24,20.2,47.4
08/07/2026,05:02:24,20.1,47.4
08/07/2026,05:07:24,20.1,47.4
08/07/2026,05:12:24,20.1,47.4
08/07/2026,05:17:24,20.1,47.4
08/07/2026,05:22:24,20.0,47.4
08/07/2026,05:27:24,20.0,47.5
08/07/2026,05:32:24,20.0,47.5
08/07/2026,05:37:24,19.9,47.4
08/07/2026,05:42:24,19.9,47.5
08/07/2026,05:47:24,19.9,47.4
08/07/2026,05:52:24,19.9,47.5
08/07/2026,05:57:24,19.9,47.4
08/07/2026,06:02:24,19.8,47.4
08/07/2026,06:07:24,19.8,47.4
08/07/2026,06:12:24,19.8,47.4
08/07/2026,06:17:24,19.8,47.4
08/07/2026,06:22:24,19.7,47.4
08/07/2026,06:27:24,19.7,47.5
08/07/2026,06:32:24,19.7,47.5
08/07/2026,06:37:24,19.7,47.5
08/07/2026,06:42:24,19.7,47.5
08/07/2026,06:47:24,19.7,47.5
08/07/2026,06:52:24,19.8,47.5
08/07/2026,06:57:24,19.8,47.6
08/07/2026,07:02:24,19.8,47.6
08/07/2026,07:07:24,19.8,47.5
08/07/2026,07:12:24,19.9,47.5
08/07/2026,07:17:24,19.9,47.4
08/07/2026,07:22:24,20.0,47.4
08/07/2026,07:27:24,20.0,47.3
08/07/2026,07:32:24,20.0,47.3
08/07/2026,07:37:24,20.1,47.3
08/07/2026,07:42:24,20.1,47.2
08/07/2026,07:47:24,20.1,47.2
08/07/2026,07:52:24,20.1,47.2
08/07/2026,07:57:24,20.2,47.2
08/07/2026,08:02:24,20.2,47.3
08/07/2026,08:07:24,20.2,47.4
08/07/2026,08:12:24,20.2,47.2
08/07/2026,08:17:24,20.2,47.1
08/07/2026,08:22:24,20.3,47.3
08/07/2026,08:27:24,20.3,47.2
08/07/2026,08:32:24,20.3,47.2
08/07/2026,08:37:24,20.3,47.2
08/07/2026,08:42:24,20.4,47.1
08/07/2026,08:47:24,20.4,47.1
08/07/2026,08:52:24,20.4,47.1
08/07/2026,08:57:24,20.4,47.0
08/07/2026,09:02:24,20.4,47.0
08/07/2026,09:07:24,20.4,47.1
08/07/2026,09:12:24,20.4,47.1
08/07/2026,09:17:24,20.5,47.0
08/07/2026,09:22:24,20.5,47.1
08/07/2026,09:27:24,20.5,46.9
08/07/2026,09:32:24,20.5,47.1
08/07/2026,09:37:24,20.5,47.0
08/07/2026,09:42:24,20.5,47.0
08/07/2026,09:47:24,20.5,47.0
08/07/2026,09:52:24,20.5,46.9
08/07/2026,09:57:24,20.6,46.9
08/07/2026,10:02:24,20.6,46.9
08/07/2026,10:07:24,20.6,46.8
08/07/2026,10:12:24,20.6,46.9
08/07/2026,10:17:24,20.6,46.9
08/07/2026,10:22:24,20.6,46.8
08/07/2026,10:27:24,20.6,46.9
08/07/2026,10:32:24,20.7,47.0
08/07/2026,10:37:24,20.7,46.9
08/07/2026,10:42:24,20.6,46.8
08/07/2026,10:47:24,20.7,46.9
08/07/2026,10:52:24,20.7,46.8
08/07/2026,10:57:24,20.7,46.8
08/07/2026,11:02:24,20.7,46.8
08/07/2026,11:07:24,20.7,46.9
08/07/2026,11:12:24,20.7,46.9
08/07/2026,11:17:24,20.7,46.9
08/07/2026,11:22:24,20.7,46.9
08/07/2026,11:27:24,20.7,46.9
08/07/2026,11:32:24,20.8,46.9
08/07/2026,11:37:24,20.7,46.9
08/07/2026,11:42:24,20.8,46.9
08/07/2026,11:47:24,20.8,46.9
08/07/2026,11:52:24,20.8,46.9
08/07/2026,11:57:24,20.8,46.8
08/07/2026,12:02:24,20.8,46.9
08/07/2026,12:07:24,20.8,46.9
08/07/2026,12:12:24,20.8,46.9
08/07/2026,12:17:24,20.8,47.0
08/07/2026,12:22:24,20.8,47.1
08/07/2026,12:27:24,20.9,47.1
08/07/2026,12:32:24,20.9,47.1
08/07/2026,12:37:24,20.9,47.1
08/07/2026,12:42:24,20.9,47.6
08/07/2026,12:47:24,21.0,47.3
08/07/2026,12:52:24,21.0,47.3
08/07/2026,12:57:24,21.1,47.3
08/07/2026,13:02:24,21.1,47.5
08/07/2026,13:07:24,21.2,47.4
08/07/2026,13:12:24,21.2,47.7
08/07/2026,13:17:24,21.3,47.6
08/07/2026,13:22:24,21.3,47.7
08/07/2026,13:27:24,21.3,47.7
08/07/2026,13:32:24,21.3,47.7
08/07/2026,13:37:24,21.4,47.7
08/07/2026,13:42:24,21.4,47.7
08/07/2026,13:47:24,21.4,47.6
08/07/2026,13:52:24,21.4,47.7
08/07/2026,13:57:24,21.5,47.7
08/07/2026,14:02:24,21.5,47.7
08/07/2026,14:07:24,21.5,47.7
08/07/2026,14:12:24,21.5,47.7
08/07/2026,14:17:24,21.5,47.7
08/07/2026,14:22:24,21.6,47.6
08/07/2026,14:27:24,21.6,47.7
08/07/2026,14:32:24,21.6,47.7
08/07/2026,14:37:24,21.7,47.7
08/07/2026,14:42:24,21.7,47.7
08/07/2026,14:47:24,21.7,47.7
08/07/2026,14:52:24,21.8,47.8
08/07/2026,14:57:24,21.8,47.7
08/07/2026,15:02:24,21.8,47.8
08/07/2026,15:07:24,21.8,47.7
08/07/2026,15:12:24,21.9,47.7
08/07/2026,15:17:24,21.9,47.7
08/07/2026,15:22:24,22.0,47.7
08/07/2026,15:27:24,22.0,47.7
08/07/2026,15:32:24,22.0,47.6
08/07/2026,15:37:24,22.1,47.6
08/07/2026,15:42:24,22.1,47.6
08/07/2026,15:47:24,22.1,47.6
08/07/2026,15:52:24,22.2,47.6
08/07/2026,15:57:24,22.2,47.6
08/07/2026,16:02:24,22.2,47.5
08/07/2026,16:07:24,22.3,47.5
08/07/2026,16:12:24,22.3,47.5
08/07/2026,16:17:24,22.3,47.4
08/07/2026,16:22:24,22.4,47.4
08/07/2026,16:27:24,22.4,47.4
08/07/2026,16:32:24,22.4,47.4
08/07/2026,16:37:24,22.4,47.4
08/07/2026,16:42:24,22.4,47.4
08/07/2026,16:47:24,22.4,47.3
08/07/2026,16:52:24,22.5,47.3
08/07/2026,16:57:24,22.5,47.3
08/07/2026,17:02:24,22.5,47.3
08/07/2026,17:07:24,22.5,47.2
08/07/2026,17:12:24,22.5,47.2
08/07/2026,17:17:24,22.5,47.2
08/07/2026,17:22:24,22.6,47.1
08/07/2026,17:27:24,22.6,47.2
08/07/2026,17:32:24,22.6,47.2
08/07/2026,17:37:24,22.6,47.1
08/07/2026,17:42:24,22.6,47.1
08/07/2026,17:47:24,22.6,47.1
08/07/2026,17:52:24,22.6,47.0
08/07/2026,17:57:24,22.6,47.0
08/07/2026,18:02:24,22.6,47.0
08/07/2026,18:07:24,22.6,47.1
08/07/2026,18:12:24,22.6,47.2
08/07/2026,18:17:24,22.6,47.1
08/07/2026,18:22:24,22.6,47.2
08/07/2026,18:27:24,22.6,47.2
08/07/2026,18:32:24,22.6,47.2
08/07/2026,18:37:24,22.6,47.2
08/07/2026,18:42:24,22.7,47.1
08/07/2026,18:47:24,22.6,47.2
08/07/2026,18:52:24,22.6,47.2
08/07/2026,18:57:24,22.6,47.2
08/07/2026,19:02:24,22.6,47.1
08/07/2026,19:07:24,22.6,46.8
08/07/2026,19:12:24,22.6,46.9
08/07/2026,19:17:24,22.7,46.9
08/07/2026,19:22:24,22.7,47.0
08/07/2026,19:27:24,22.7,46.9
08/07/2026,19:32:24,22.8,46.9
08/07/2026,19:37:24,22.8,46.9
08/07/2026,19:42:24,22.8,47.0
08/07/2026,19:47:24,22.8,46.9
08/07/2026,19:52:24,22.8,46.9
08/07/2026,19:57:24,22.8,46.8
08/07/2026,20:02:24,22.8,46.8
08/07/2026,20:07:24,22.8,46.8
08/07/2026,20:12:24,22.8,46.9
08/07/2026,20:17:24,22.8,46.8
08/07/2026,20:22:24,22.8,46.7
08/07/2026,20:27:24,22.8,46.6
08/07/2026,20:32:24,22.7,46.6
08/07/2026,20:37:24,22.7,46.6
08/07/2026,20:42:24,22.7,46.5
08/07/2026,20:47:24,22.7,46.5
08/07/2026,20:52:24,22.7,46.4
08/07/2026,20:57:24,22.7,46.3
08/07/2026,21:02:24,22.6,46.3
08/07/2026,21:07:24,22.6,46.2
08/07/2026,21:12:24,22.6,46.1
08/07/2026,21:17:24,22.6,45.7
08/07/2026,21:22:24,22.6,45.8
08/07/2026,21:27:24,22.5,45.5
08/07/2026,21:32:24,22.5,45.3
08/07/2026,21:37:24,22.5,45.3
08/07/2026,21:42:24,22.5,45.2
08/07/2026,21:47:24,22.4,45.0
08/07/2026,21:52:24,22.4,44.8
08/07/2026,21:57:24,22.4,44.7
08/07/2026,22:02:24,22.4,44.6
08/07/2026,22:07:24,22.4,44.5
08/07/2026,22:12:24,22.4,44.2
08/07/2026,22:17:24,22.3,44.0
08/07/2026,22:22:24,22.3,44.0
08/07/2026,22:27:24,22.3,43.9
08/07/2026,22:32:24,22.3,43.8
08/07/2026,22:37:24,22.3,43.7
08/07/2026,22:42:24,22.3,43.5
08/07/2026,22:47:24,22.3,43.5
08/07/2026,22:52:24,22.3,43.5
08/07/2026,22:57:24,22.2,43.4
08/07/2026,23:02:24,22.2,43.4
08/07/2026,23:07:24,22.2,43.4
08/07/2026,23:12:24,22.2,43.4
08/07/2026,23:17:24,22.2,43.3
08/07/2026,23:22:24,22.2,43.3
08/07/2026,23:27:24,22.2,43.3
08/07/2026,23:32:24,22.2,43.4
08/07/2026,23:37:24,22.2,43.5
08/07/2026,23:42:24,22.2,43.4
08/07/2026,23:47:24,22.2,43.4
08/07/2026,23:52:24,22.2,43.5
08/07/2026,23:57:24,22.1,43.5
08/08/2026,00:02:24,22.2,43.5
08/08/2026,00:07:24,22.2,43.5
08/08/2026,00:12:24,22.1,43.6
08/08/2026,00:17:24,22.2,43.6
08/08/2026,00:22:24,22.2,43.7
08/08/2026,00:27:24,22.1,43.7
08/08/2026,00:32:24,22.1,43.8
08/08/2026,00:37:24,22.2,43.9
08/08/2026,00:42:24,22.2,44.0
08/08/2026,00:47:24,22.1,44.1
08/08/2026,00:52:24,22.2,44.1
08/08/2026,00:57:24,22.2,44.2
08/08/2026,01:02:24,22.2,44.3
08/08/2026,01:07:24,22.2,44.4
08/08/2026,01:12:24,22.2,44.4
08/08/2026,01:17:24,22.2,44.5
08/08/2026,01:22:24,22.2,44.6
08/08/2026,01:27:24,22.2,44.7
08/08/2026,01:32:24,22.2,44.7
08/08/2026,01:37:24,22.2,44.8
08/08/2026,01:42:24,22.2,44.9
08/08/2026,01:47:24,22.2,45.0
08/08/2026,01:52:24,22.1,45.0
08/08/2026,01:57:24,22.2,45.1
08/08/2026,02:02:24,22.2,45.2
08/08/2026,02:07:24,22.2,45.2
08/08/2026,02:12:24,22.2,45.3
08/08/2026,02:17:24,22.1,45.4
08/08/2026,02:22:24,22.1,45.5
08/08/2026,02:27:24,22.1,45.5
08/08/2026,02:32:24,22.1,45.6
08/08/2026,02:37:24,22.1,45.6
08/08/2026,02:42:24,22.2,45.7
08/08/2026,02:47:24,22.1,45.7
08/08/2026,02:52:24,22.1,45.8
08/08/2026,02:57:24,22.1,45.9
08/08/2026,03:02:24,22.1,45.9
08/08/2026,03:07:24,22.1,46.0
08/08/2026,03:12:24,22.1,46.0
08/08/2026,03:17:24,22.1,46.1
08/08/2026,03:22:24,22.1,46.1
08/08/2026,03:27:24,22.1,46.2
08/08/2026,03:32:24,22.1,46.2
08/08/2026,03:37:24,22.1,46.2
08/08/2026,03:42:24,22.1,46.3
08/08/2026,03:47:24,22.1,46.3
08/08/2026,03:52:24,22.1,46.3
08/08/2026,03:57:24,22.1,46.3
08/08/2026,04:02:24,22.1,46.3
08/08/2026,04:07:24,22.0,46.4
08/08/2026,04:12:24,22.0,46.4
08/08/2026,04:17:24,22.1,46.4
08/08/2026,04:22:24,22.1,46.4
08/08/2026,04:27:24,22.0,46.4
08/08/2026,04:32:24,22.0,46.5
08/08/2026,04:37:24,22.0,46.4
08/08/2026,04:42:24,22.0,46.4
08/08/2026,04:47:24,22.0,46.4
08/08/2026,04:52:24,22.0,46.4
08/08/2026,04:57:24,22.0,46.4
08/08/2026,05:02:24,22.0,46.5
08/08/2026,05:07:24,21.9,46.5
08/08/2026,05:12:24,21.9,46.5
08/08/2026,05:17:24,21.9,46.5
08/08/2026,05:22:24,21.9,46.5
08/08/2026,05:27:24,21.9,46.5
08/08/2026,05:32:24,21.9,46.4
08/08/2026,05:37:24,21.9,46.4
08/08/2026,05:42:24,21.9,46.5
08/08/2026,05:47:24,21.9,46.4
08/08/2026,05:52:24,21.9,46.4
08/08/2026,05:57:24,21.9,46.4
08/08/2026,06:02:24,21.9,46.4
08/08/2026,06:07:24,21.9,46.4
08/08/2026,06:12:24,21.8,46.4
08/08/2026,06:17:24,21.8,46.4
08/08/2026,06:22:24,21.8,46.4
08/08/2026,06:27:24,21.8,46.3
08/08/2026,06:32:24,21.8,46.4
08/08/2026,06:37:24,21.8,46.3
08/08/2026,06:42:24,21.8,46.3
08/08/2026,06:47:24,21.8,46.3
08/08/2026,06:52:24,21.8,46.3
08/08/2026,06:57:24,21.8,46.3
08/08/2026,07:02:24,21.8,46.3
08/08/2026,07:07:24,21.8,46.3
08/08/2026,07:12:24,21.8,46.3
08/08/2026,07:17:24,21.8,46.3
08/08/2026,07:22:24,21.8,46.3
08/08/2026,07:27:24,21.8,46.3
08/08/2026,07:32:24,21.8,46.2
08/08/2026,07:37:24,21.8,46.3
08/08/2026,07:42:24,21.8,46.3
08/08/2026,07:47:24,21.8,46.2
08/08/2026,07:52:24,21.8,46.2
08/08/2026,07:57:24,21.8,46.2
08/08/2026,08:02:24,21.8,46.2
08/08/2026,08:07:24,21.8,46.3
08/08/2026,08:12:24,21.8,46.2
08/08/2026,08:17:24,21.8,46.3
08/08/2026,08:22:24,21.8,46.3
08/08/2026,08:27:24,21.8,46.3
08/08/2026,08:32:24,21.8,46.3
08/08/2026,08:37:24,21.8,46.3
08/08/2026,08:42:24,21.8,46.4
08/08/2026,08:47:24,21.9,46.3
08/08/2026,08:52:24,21.9,46.3
08/08/2026,08:57:24,21.9,46.4
08/08/2026,09:02:24,21.9,46.4
08/08/2026,09:07:24,21.9,46.4
08/08/2026,09:12:24,21.9,46.4
08/08/2026,09:17:24,21.9,46.4
08/08/2026,09:22:24,21.9,46.4
08/08/2026,09:27:24,21.9,46.4
08/08/2026,09:32:24,22.0,46.5
08/08/2026,09:37:24,22.0,46.5
08/08/2026,09:42:24,22.0,46.5
08/08/2026,09:47:24,22.0,46.6
08/08/2026,09:52:24,22.0,46.7
08/08/2026,09:57:24,22.1,46.7
08/08/2026,10:02:24,22.1,46.7
08/08/2026,10:07:24,22.1,46.4
08/08/2026,10:12:24,22.2,46.4
08/08/2026,10:17:24,22.2,46.4
08/08/2026,10:22:24,22.2,46.4
08/08/2026,10:27:24,22.2,46.4
08/08/2026,10:32:24,22.2,46.4
08/08/2026,10:37:24,22.3,46.3
08/08/2026,10:42:24,22.3,46.3
08/08/2026,10:47:24,22.3,46.3
08/08/2026,10:52:24,22.3,46.2
08/08/2026,10:57:24,22.3,46.2
08/08/2026,11:02:24,22.3,46.2
08/08/2026,11:07:24,22.3,46.0
08/08/2026,11:12:24,22.3,45.8
08/08/2026,11:17:24,22.3,45.7
08/08/2026,11:22:24,22.3,45.7
08/08/2026,11:27:24,22.3,45.6
08/08/2026,11:32:24,22.3,45.4
08/08/2026,11:37:24,22.3,45.3
08/08/2026,11:42:24,22.3,45.2
08/08/2026,11:47:24,22.4,45.2
08/08/2026,11:52:24,22.4,45.1
08/08/2026,11:57:24,22.4,45.0
08/08/2026,12:02:24,22.4,44.9
08/08/2026,12:07:24,22.4,44.9
08/08/2026,12:12:24,22.4,45.2
08/08/2026,12:17:24,22.4,45.4
08/08/2026,12:22:24,22.5,45.5
08/08/2026,12:27:24,22.5,45.9
08/08/2026,12:32:24,22.6,46.2
08/08/2026,12:37:24,22.6,46.3
08/08/2026,12:42:24,22.7,46.6
08/08/2026,12:47:24,22.7,46.9
08/08/2026,12:52:24,22.8,47.1
08/08/2026,12:57:24,22.9,47.2
08/08/2026,13:02:24,22.9,47.4
08/08/2026,13:07:24,23.0,47.7
08/08/2026,13:12:24,23.0,48.0
08/08/2026,13:17:24,23.1,47.3
08/08/2026,13:22:24,23.1,47.0
08/08/2026,13:27:24,23.1,46.6
08/08/2026,13:32:24,23.1,46.5
08/08/2026,13:37:24,23.1,46.2
08/08/2026,13:42:24,23.1,45.9
08/08/2026,13:47:24,23.1,45.7
08/08/2026,13:52:24,23.1,45.4
08/08/2026,13:57:24,23.1,45.2
08/08/2026,14:02:24,23.1,45.1
08/08/2026,14:07:24,23.1,45.1
08/08/2026,14:12:24,23.1,45.0
08/08/2026,14:17:24,23.1,46.1
08/08/2026,14:22:24,23.2,45.4
08/08/2026,14:27:24,23.2,45.2
08/08/2026,14:32:24,23.2,45.2
08/08/2026,14:37:24,23.2,45.1
08/08/2026,14:42:24,23.3,45.1
08/08/2026,14:47:24,23.3,45.3
08/08/2026,14:52:24,23.3,45.4
08/08/2026,14:57:24,23.4,45.5
08/08/2026,15:02:24,23.4,45.8
08/08/2026,15:07:24,23.5,45.9
08/08/2026,15:12:24,23.5,45.8
08/08/2026,15:17:24,23.6,45.6
08/08/2026,15:22:24,23.6,45.4
08/08/2026,15:27:24,23.6,45.0
08/08/2026,15:32:24,23.6,44.9
08/08/2026,15:37:24,23.7,44.7
08/08/2026,15:42:24,23.7,44.4
08/08/2026,15:47:24,23.7,44.3
08/08/2026,15:52:24,23.7,44.1
08/08/2026,15:57:24,23.8,44.0
08/08/2026,16:02:24,23.8,43.8
08/08/2026,16:07:24,23.8,43.7
08/08/2026,16:12:24,23.8,43.5
08/08/2026,16:17:24,23.8,43.3
08/08/2026,16:22:24,23.9,43.2
08/08/2026,16:27:24,23.8,43.0
08/08/2026,16:32:24,23.9,43.0
08/08/2026,16:37:24,23.9,42.8
08/08/2026,16:42:24,23.9,42.7
08/08/2026,16:47:24,23.9,42.6
08/08/2026,16:52:24,23.9,42.5
08/08/2026,16:57:24,23.9,42.5
08/08/2026,17:02:24,23.9,42.4
08/08/2026,17:07:24,23.9,42.4
08/08/2026,17:12:24,23.9,42.4
08/08/2026,17:17:24,23.9,42.3
08/08/2026,17:22:24,23.9,42.3
08/08/2026,17:27:24,24.0,42.4
08/08/2026,17:32:24,24.0,42.4
08/08/2026,17:37:24,24.0,42.1
08/08/2026,17:42:24,24.0,41.9
08/08/2026,17:47:24,24.0,41.5
08/08/2026,17:52:24,24.0,41.4
08/08/2026,17:57:24,24.0,41.2
08/08/2026,18:02:24,24.0,41.1
08/08/2026,18:07:24,24.0,40.9
08/08/2026,18:12:24,24.1,41.6
08/08/2026,18:17:24,24.1,41.4
08/08/2026,18:22:24,24.1,41.6
08/08/2026,18:27:24,24.2,41.6
08/08/2026,18:32:24,24.2,41.9
08/08/2026,18:37:24,24.2,41.5
08/08/2026,18:42:24,24.3,41.5
08/08/2026,18:47:24,24.3,41.6
08/08/2026,18:52:24,24.3,42.8
08/08/2026,18:57:24,24.4,42.1
08/08/2026,19:02:24,24.4,41.9
08/08/2026,19:07:24,24.4,41.9
08/08/2026,19:12:24,24.3,42.2
08/08/2026,19:17:24,24.3,42.1
08/08/2026,19:22:24,24.3,42.2
08/08/2026,19:27:24,24.3,42.3
08/08/2026,19:32:24,24.3,42.4
08/08/2026,19:37:24,24.2,42.5
08/08/2026,19:42:24,24.3,43.5
08/08/2026,19:47:24,24.3,43.3
08/08/2026,19:52:24,24.2,43.4
08/08/2026,19:57:24,24.2,43.2
08/08/2026,20:02:24,24.2,43.3
08/08/2026,20:07:24,24.2,43.4
08/08/2026,20:12:24,24.2,43.5
08/08/2026,20:17:24,24.2,43.6
08/08/2026,20:22:24,24.2,43.5
08/08/2026,20:27:24,24.2,43.5
08/08/2026,20:32:24,24.2,43.5
08/08/2026,20:37:24,24.1,43.6
08/08/2026,20:42:24,24.1,43.6
08/08/2026,20:47:24,24.1,43.6
08/08/2026,20:52:24,24.1,43.6
08/08/2026,20:57:24,24.1,43.7
08/08/2026,21:02:24,24.1,43.7
08/08/2026,21:07:24,24.1,43.7
08/08/2026,21:12:24,24.1,43.8
08/08/2026,21:17:24,24.1,43.8
08/08/2026,21:22:24,24.1,43.8
08/08/2026,21:27:24,24.1,43.8
08/08/2026,21:32:24,24.1,43.9
08/08/2026,21:37:24,24.1,43.9
08/08/2026,21:42:24,24.1,43.9
08/08/2026,21:47:24,24.1,43.9
08/08/2026,21:52:24,24.1,43.9
08/08/2026,21:57:24,24.1,43.9
08/08/2026,22:02:24,24.1,44.0
08/08/2026,22:07:24,24.1,44.0
08/08/2026,22:12:24,24.0,44.1
08/08/2026,22:17:24,24.1,44.1
08/08/2026,22:22:24,24.0,44.1
08/08/2026,22:27:24,24.0,44.1
08/08/2026,22:32:24,24.0,44.1
08/08/2026,22:37:24,24.0,44.1
08/08/2026,22:42:24,24.0,44.1
08/08/2026,22:47:24,24.0,44.2
08/08/2026,22:52:24,24.0,44.2
08/08/2026,22:57:24,24.0,44.2
08/08/2026,23:02:24,24.0,44.2
08/08/2026,23:07:24,24.0,44.3
08/08/2026,23:12:24,24.0,44.2
08/08/2026,23:17:24,24.0,44.2
08/08/2026,23:22:24,24.0,44.3
08/08/2026,23:27:24,24.0,44.3
08/08/2026,23:32:24,24.0,44.3
08/08/2026,23:37:24,24.0,44.3
08/08/2026,23:42:24,24.0,44.4
08/08/2026,23:47:24,24.0,44.4
08/08/2026,23:52:24,23.9,44.4
08/08/2026,23:57:24,24.0,44.4
08/09/2026,00:02:24,24.0,44.4
08/09/2026,00:07:24,24.0,44.5
08/09/2026,00:12:24,23.9,44.5
08/09/2026,00:17:24,24.0,44.5
08/09/2026,00:22:24,24.0,44.5
08/09/2026,00:27:24,23.9,44.5
08/09/2026,00:32:24,23.9,44.5
08/09/2026,00:37:24,23.9,44.5
08/09/2026,00:42:24,23.9,44.5
08/09/2026,00:47:24,23.9,44.5
08/09/2026,00:52:24,23.9,44.5
08/09/2026,00:57:24,23.9,44.6
08/09/2026,01:02:24,23.9,44.6
08/09/2026,01:07:24,23.9,44.6
08/09/2026,01:12:24,23.9,44.6
08/09/2026,01:17:24,23.9,44.6
08/09/2026,01:22:24,23.9,44.6
08/09/2026,01:27:24,23.9,44.6
08/09/2026,01:32:24,23.9,44.6
08/09/2026,01:37:24,23.9,44.6
08/09/2026,01:42:24,23.9,44.6
08/09/2026,01:47:24,23.9,44.6
08/09/2026,01:52:24,23.9,44.6
08/09/2026,01:57:24,23.9,44.7
08/09/2026,02:02:24,23.9,44.6
08/09/2026,02:07:24,23.8,44.6
08/09/2026,02:12:24,23.8,44.7
08/09/2026,02:17:24,23.8,44.6
08/09/2026,02:22:24,23.8,44.7
08/09/2026,02:27:24,23.8,44.6
08/09/2026,02:32:24,23.8,44.6
08/09/2026,02:37:24,23.8,44.7
08/09/2026,02:42:24,23.8,44.7
08/09/2026,02:47:24,23.8,44.7
08/09/2026,02:52:24,23.8,44.6
08/09/2026,02:57:24,23.8,44.6
08/09/2026,03:02:24,23.8,44.7
08/09/2026,03:07:24,23.8,44.6
08/09/2026,03:12:24,23.8,44.6
08/09/2026,03:17:24,23.8,44.6
08/09/2026,03:22:24,23.8,44.6
08/09/2026,03:27:24,23.8,44.6
08/09/2026,03:32:24,23.7,44.6
08/09/2026,03:37:24,23.8,44.6
08/09/2026,03:42:24,23.7,44.6
08/09/2026,03:47:24,23.7,44.5
08/09/2026,03:52:24,23.7,44.5
08/09/2026,03:57:24,23.7,44.5
08/09/2026,04:02:24,23.7,44.5
08/09/2026,04:07:24,23.7,44.5
08/09/2026,04:12:24,23.7,44.5
08/09/2026,04:17:24,23.7,44.5
08/09/2026,04:22:24,23.6,44.5
08/09/2026,04:27:24,23.7,44.5
08/09/2026,04:32:24,23.6,44.5
08/09/2026,04:37:24,23.6,44.5
08/09/2026,04:42:24,23.6,44.5
08/09/2026,04:47:24,23.6,44.5
08/09/2026,04:52:24,23.6,44.5
08/09/2026,04:57:24,23.6,44.5
08/09/2026,05:02:24,23.6,44.5
08/09/2026,05:07:24,23.6,44.4
08/09/2026,05:12:24,23.6,44.4
08/09/2026,05:17:24,23.6,44.4
08/09/2026,05:22:24,23.5,44.4
08/09/2026,05:27:24,23.5,44.4
08/09/2026,05:32:24,23.5,44.4
08/09/2026,05:37:24,23.5,44.4
08/09/2026,05:42:24,23.5,44.4
08/09/2026,05:47:24,23.5,44.4
08/09/2026,05:52:24,23.5,44.3
08/09/2026,05:57:24,23.5,44.4
08/09/2026,06:02:24,23.5,44.4
08/09/2026,06:07:24,23.5,44.3
08/09/2026,06:12:24,23.5,44.3
08/09/2026,06:17:24,23.5,44.3
08/09/2026,06:22:24,23.4,44.3
08/09/2026,06:27:24,23.4,44.3
08/09/2026,06:32:24,23.4,44.3
08/09/2026,06:37:24,23.4,44.3
08/09/2026,06:42:24,23.4,44.3
08/09/2026,06:47:24,23.4,44.3
08/09/2026,06:52:24,23.4,44.3
08/09/2026,06:57:24,23.4,44.3
08/09/2026,07:02:24,23.4,44.3
08/09/2026,07:07:24,23.4,44.3
08/09/2026,07:12:24,23.4,44.3
08/09/2026,07:17:24,23.4,44.2
08/09/2026,07:22:24,23.4,44.2
08/09/2026,07:27:24,23.4,44.3
08/09/2026,07:32:24,23.4,44.3
08/09/2026,07:37:24,23.4,44.3
08/09/2026,07:42:24,23.3,44.3
08/09/2026,07:47:24,23.3,44.4
08/09/2026,07:52:24,23.3,44.4
08/09/2026,07:57:24,23.3,44.5
08/09/2026,08:02:24,23.3,44.6
08/09/2026,08:07:24,23.3,44.6
08/09/2026,08:12:24,23.3,44.9
08/09/2026,08:17:24,23.4,45.1
08/09/2026,08:22:24,23.3,45.1
08/09/2026,08:27:24,23.4,45.3
08/09/2026,08:32:24,23.4,45.5
08/09/2026,08:37:24,23.5,45.7
08/09/2026,08:42:24,23.5,45.8
08/09/2026,08:47:24,23.5,46.0
08/09/2026,08:52:24,23.5,46.2
08/09/2026,08:57:24,23.6,46.7
08/09/2026,09:02:24,23.6,46.5
08/09/2026,09:07:24,23.6,46.3
08/09/2026,09:12:24,23.7,46.2
08/09/2026,09:17:24,23.7,46.1
08/09/2026,09:22:24,23.6,46.1
08/09/2026,09:27:24,23.7,46.0
08/09/2026,09:32:24,23.6,46.0
08/09/2026,09:37:24,23.7,46.0
08/09/2026,09:42:24,23.7,46.1
08/09/2026,09:47:24,23.8,46.9
08/09/2026,09:52:24,23.8,46.4
08/09/2026,09:57:24,23.9,46.4
08/09/2026,10:02:24,23.9,46.5
08/09/2026,10:07:24,23.9,46.7
08/09/2026,10:12:24,24.0,47.4
08/09/2026,10:17:24,24.1,46.8
08/09/2026,10:22:24,24.1,46.4
08/09/2026,10:27:24,24.2,46.3
08/09/2026,10:32:24,24.2,46.3
08/09/2026,10:37:24,24.3,46.4
08/09/2026,10:42:24,24.3,46.5
08/09/2026,10:47:24,24.3,46.3
08/09/2026,10:52:24,24.4,46.2
08/09/2026,10:57:24,24.4,45.6
08/09/2026,11:02:24,24.4,44.9
08/09/2026,11:07:24,24.3,44.6
08/09/2026,11:12:24,24.3,44.5
08/09/2026,11:17:24,24.3,44.4
08/09/2026,11:22:24,24.3,44.1
08/09/2026,11:27:24,24.3,43.2
08/09/2026,11:32:24,24.3,43.5
08/09/2026,11:37:24,24.3,43.5
08/09/2026,11:42:24,24.4,43.6
08/09/2026,11:47:24,24.4,42.0
08/09/2026,11:52:24,24.4,43.3
08/09/2026,11:57:24,24.4,43.7
08/09/2026,12:02:24,24.4,43.3
08/09/2026,12:07:24,24.5,44.1
08/09/2026,12:12:24,24.5,43.6
08/09/2026,12:17:24,24.5,43.8
08/09/2026,12:22:24,24.5,44.0
08/09/2026,12:27:24,24.6,44.0
08/09/2026,12:32:24,24.6,43.9
08/09/2026,12:37:24,24.7,44.0
08/09/2026,12:42:24,24.7,43.2
08/09/2026,12:47:24,24.7,43.9
08/09/2026,12:52:24,24.8,44.1
08/09/2026,12:57:24,24.8,43.9
08/09/2026,13:02:24,24.8,43.4
08/09/2026,13:07:24,24.8,42.7
08/09/2026,13:12:24,24.8,42.0
08/09/2026,13:17:24,24.8,41.5
08/09/2026,13:22:24,24.8,40.9
08/09/2026,13:27:24,24.8,40.4
08/09/2026,13:32:24,24.8,40.0
08/09/2026,13:37:24,24.8,39.8
08/09/2026,13:42:24,24.8,39.5
08/09/2026,13:47:24,24.8,39.4
08/09/2026,13:52:24,24.8,39.3
08/09/2026,13:57:24,24.9,39.2
08/09/2026,14:02:24,24.9,39.1
08/09/2026,14:07:24,24.9,38.9
08/09/2026,14:12:24,25.0,38.7
08/09/2026,14:17:24,25.0,38.7
08/09/2026,14:22:24,25.0,38.6
08/09/2026,14:27:24,25.1,38.5
08/09/2026,14:32:24,25.1,38.4
08/09/2026,14:37:24,25.2,38.3
08/09/2026,14:42:24,25.2,38.1
08/09/2026,14:47:24,25.2,38.0
08/09/2026,14:52:24,25.2,37.9
08/09/2026,14:57:24,25.3,37.7
08/09/2026,15:02:24,25.3,37.5
08/09/2026,15:07:24,25.3,37.2
08/09/2026,15:12:24,25.4,37.1
08/09/2026,15:17:24,25.4,36.9
08/09/2026,15:22:24,25.4,36.8
08/09/2026,15:27:24,25.5,36.8
08/09/2026,15:32:24,25.5,36.8
08/09/2026,15:37:24,25.5,36.8
08/09/2026,15:42:24,25.5,36.8
08/09/2026,15:47:24,25.5,36.7
08/09/2026,15:52:24,25.6,36.7
08/09/2026,15:57:24,25.5,36.6
08/09/2026,16:02:24,25.6,36.6
08/09/2026,16:07:24,25.6,36.7
08/09/2026,16:12:24,25.6,36.8
08/09/2026,16:17:24,25.6,36.9
08/09/2026,16:22:24,25.6,37.0
08/09/2026,16:27:24,25.6,37.1
08/09/2026,16:32:24,25.6,37.3
08/09/2026,16:37:24,25.6,37.4
08/09/2026,16:42:24,25.6,37.6
08/09/2026,16:47:24,25.6,37.7
08/09/2026,16:52:24,25.6,37.8
08/09/2026,16:57:24,25.6,37.8
08/09/2026,17:02:24,25.6,38.0
08/09/2026,17:07:24,25.6,38.1
08/09/2026,17:12:24,25.7,38.1
08/09/2026,17:17:24,25.7,38.2
08/09/2026,17:22:24,25.6,38.2
08/09/2026,17:27:24,25.7,38.3
08/09/2026,17:32:24,25.7,38.4
08/09/2026,17:37:24,25.7,38.5
08/09/2026,17:42:24,25.7,38.5
08/09/2026,17:47:24,25.7,38.6
08/09/2026,17:52:24,25.7,38.6
08/09/2026,17:57:24,25.7,38.7
08/09/2026,18:02:24,25.7,38.8
08/09/2026,18:07:24,25.7,38.9
08/09/2026,18:12:24,25.7,38.9
08/09/2026,18:17:24,25.6,39.0
08/09/2026,18:22:24,25.7,39.1
08/09/2026,18:27:24,25.7,39.2
08/09/2026,18:32:24,25.7,39.2
08/09/2026,18:37:24,25.7,39.3
08/09/2026,18:42:24,25.7,39.3
08/09/2026,18:47:24,25.7,39.4
08/09/2026,18:52:24,25.7,39.4
08/09/2026,18:57:24,25.7,39.5
08/09/2026,19:02:24,25.6,39.6
08/09/2026,19:07:24,25.6,39.6
08/09/2026,19:12:24,25.6,39.8
08/09/2026,19:17:24,25.6,40.0
08/09/2026,19:22:24,25.6,40.0
08/09/2026,19:27:24,25.6,40.1
08/09/2026,19:32:24,25.6,40.1
08/09/2026,19:37:24,25.6,40.2
08/09/2026,19:42:24,25.6,40.2
08/09/2026,19:47:24,25.6,40.3
08/09/2026,19:52:24,25.6,40.3
08/09/2026,19:57:24,25.6,40.3
08/09/2026,20:02:24,25.6,40.3
08/09/2026,20:07:24,25.6,40.3
08/09/2026,20:12:24,25.6,40.4
08/09/2026,20:17:24,25.6,40.4
08/09/2026,20:22:24,25.6,40.5
08/09/2026,20:27:24,25.6,40.5
08/09/2026,20:32:24,25.6,40.5
08/09/2026,20:37:24,25.6,40.5
08/09/2026,20:42:24,25.6,40.6
08/09/2026,20:47:24,25.6,40.6
08/09/2026,20:52:24,25.6,40.7
08/09/2026,20:57:24,25.6,40.7
08/09/2026,21:02:24,25.5,40.7
08/09/2026,21:07:24,25.6,40.8
08/09/2026,21:12:24,25.6,40.8
08/09/2026,21:17:24,25.5,40.8
08/09/2026,21:22:24,25.5,40.8
08/09/2026,21:27:24,25.5,40.9
08/09/2026,21:32:24,25.5,40.8
08/09/2026,21:37:24,25.5,40.9
08/09/2026,21:42:24,25.5,40.9
08/09/2026,21:47:24,25.5,40.9
08/09/2026,21:52:24,25.5,40.9
08/09/2026,21:57:24,25.5,40.9
08/09/2026,22:02:24,25.5,40.9
08/09/2026,22:07:24,25.5,40.9
08/09/2026,22:12:24,25.5,41.0
08/09/2026,22:17:24,25.5,41.0
08/09/2026,22:22:24,25.5,41.0
08/09/2026,22:27:24,25.5,41.0
08/09/2026,22:32:24,25.5,41.0
08/09/2026,22:37:24,25.5,41.0
08/09/2026,22:42:24,25.5,41.0
08/09/2026,22:47:24,25.5,41.1
08/09/2026,22:52:24,25.5,41.1
08/09/2026,22:57:24,25.5,41.0
08/09/2026,23:02:24,25.5,41.2
08/09/2026,23:07:24,25.5,41.2
08/09/2026,23:12:24,25.5,41.2
08/09/2026,23:17:24,25.5,41.1
08/09/2026,23:22:24,25.5,41.2
08/09/2026,23:27:24,25.4,41.2
08/09/2026,23:32:24,25.4,41.2
08/09/2026,23:37:24,25.4,41.3
08/09/2026,23:42:24,25.5,41.3
08/09/2026,23:47:24,25.5,41.3
08/09/2026,23:52:24,25.5,41.4
08/09/2026,23:57:24,25.4,41.4
08/10/2026,00:02:24,25.4,41.4
08/10/2026,00:07:24,25.4,41.4
08/10/2026,00:12:24,25.4,41.5
08/10/2026,00:17:24,25.4,41.4
08/10/2026,00:22:24,25.4,41.4
08/10/2026,00:27:24,25.4,41.5
08/10/2026,00:32:24,25.4,41.5
08/10/2026,00:37:24,25.4,41.5
08/10/2026,00:42:24,25.4,41.5
08/10/2026,00:47:24,25.4,41.6
08/10/2026,00:52:24,25.4,41.5
08/10/2026,00:57:24,25.4,41.5
08/10/2026,01:02:24,25.4,41.6
08/10/2026,01:07:24,25.4,41.6
08/10/2026,01:12:24,25.4,41.6
08/10/2026,01:17:24,25.4,41.6
08/10/2026,01:22:24,25.4,41.6
08/10/2026,01:27:24,25.4,41.6
08/10/2026,01:32:24,25.4,41.7
08/10/2026,01:37:24,25.4,41.7
08/10/2026,01:42:24,25.4,41.7
08/10/2026,01:47:24,25.4,41.7
08/10/2026,01:52:24,25.4,41.7
08/10/2026,01:57:24,25.3,41.7
08/10/2026,02:02:24,25.3,41.8
08/10/2026,02:07:24,25.3,41.7
08/10/2026,02:12:24,25.3,41.8
08/10/2026,02:17:24,25.3,41.8
08/10/2026,02:22:24,25.3,41.8
08/10/2026,02:27:24,25.3,41.8
08/10/2026,02:32:24,25.3,41.8
08/10/2026,02:37:24,25.3,41.8
08/10/2026,02:42:24,25.3,41.8
08/10/2026,02:47:24,25.3,41.9
08/10/2026,02:52:24,25.3,41.9
08/10/2026,02:57:24,25.3,41.9
08/10/2026,03:02:24,25.3,41.9
08/10/2026,03:07:24,25.3,41.9
08/10/2026,03:12:24,25.3,41.9
08/10/2026,03:17:24,25.3,41.9
08/10/2026,03:22:24,25.2,41.9
08/10/2026,03:27:24,25.3,41.9
08/10/2026,03:32:24,25.2,41.9
08/10/2026,03:37:24,25.2,42.0
08/10/2026,03:42:24,25.2,42.0
08/10/2026,03:47:24,25.2,42.0
08/10/2026,03:52:24,25.2,42.0
08/10/2026,03:57:24,25.2,42.0
08/10/2026,04:02:24,25.2,42.1
08/10/2026,04:07:24,25.2,42.0
08/10/2026,04:12:24,25.2,42.1
08/10/2026,04:17:24,25.1,42.0
08/10/2026,04:22:24,25.1,42.1
08/10/2026,04:27:24,25.1,42.1
08/10/2026,04:32:24,25.1,42.1
08/10/2026,04:37:24,25.1,42.1
08/10/2026,04:42:24,25.1,42.1
08/10/2026,04:47:24,25.1,42.1
08/10/2026,04:52:24,25.1,42.1
08/10/2026,04:57:24,25.1,42.1
08/10/2026,05:02:24,25.1,42.1
08/10/2026,05:07:24,25.1,42.2
08/10/2026,05:12:24,25.1,42.2
08/10/2026,05:17:24,25.0,42.2
08/10/2026,05:22:24,25.1,42.2
08/10/2026,05:27:24,25.0,42.2
08/10/2026,05:32:24,25.0,42.3
08/10/2026,05:37:24,25.0,42.3
08/10/2026,05:42:24,25.0,42.2
08/10/2026,05:47:24,25.0,42.3
08/10/2026,05:52:24,25.0,42.3
08/10/2026,05:57:24,24.9,42.3
08/10/2026,06:02:24,25.0,42.3
08/10/2026,06:07:24,24.9,42.4
08/10/2026,06:12:24,24.9,42.4
08/10/2026,06:17:24,24.9,42.4
08/10/2026,06:22:24,24.9,42.5
08/10/2026,06:27:24,24.9,42.5
08/10/2026,06:32:24,24.9,42.6
08/10/2026,06:37:24,24.9,42.6
08/10/2026,06:42:24,24.9,42.6
08/10/2026,06:47:24,24.9,42.7
08/10/2026,06:52:24,24.9,42.8
08/10/2026,06:57:24,24.8,42.9
08/10/2026,07:02:24,24.9,43.0
08/10/2026,07:07:24,24.9,43.0
08/10/2026,07:12:24,24.9,43.1
08/10/2026,07:17:24,24.9,43.1
08/10/2026,07:22:24,24.9,43.1
08/10/2026,07:27:24,24.9,43.2
08/10/2026,07:32:24,24.9,43.3
08/10/2026,07:37:24,24.9,43.3
08/10/2026,07:42:24,24.9,43.3
08/10/2026,07:47:24,24.9,43.4
08/10/2026,07:52:24,24.9,43.4
08/10/2026,07:57:24,24.9,43.5
08/10/2026,08:02:24,24.9,43.6
08/10/2026,08:07:24,24.9,43.5
08/10/2026,08:12:24,24.9,43.6
08/10/2026,08:17:24,24.8,43.6
08/10/2026,08:22:24,24.8,43.7
08/10/2026,08:27:24,24.8,43.7
08/10/2026,08:32:24,24.9,43.7
08/10/2026,08:37:24,24.8,43.7
08/10/2026,08:42:24,24.8,43.7
08/10/2026,08:47:24,24.8,43.8
08/10/2026,08:52:24,24.8,43.8
08/10/2026,08:57:24,24.8,43.9
08/10/2026,09:02:24,24.8,43.9
08/10/2026,09:07:24,24.8,43.9
08/10/2026,09:12:24,24.8,43.9
08/10/2026,09:17:24,24.8,44.0
08/10/2026,09:22:24,24.8,44.0
08/10/2026,09:27:24,24.8,44.1
08/10/2026,09:32:24,24.8,44.1
08/10/2026,09:37:24,24.8,44.1
08/10/2026,09:42:24,24.8,44.2
08/10/2026,09:47:24,24.8,44.1
08/10/2026,09:52:24,24.8,44.2
08/10/2026,09:57:24,24.8,44.2
08/10/2026,10:02:24,24.8,44.2
08/10/2026,10:07:24,24.9,44.3
08/10/2026,10:12:24,24.9,44.3
08/10/2026,10:17:24,24.9,44.4
08/10/2026,10:22:24,24.8,44.3
08/10/2026,10:27:24,24.9,44.4
08/10/2026,10:32:24,24.9,44.5
08/10/2026,10:37:24,24.9,44.5
08/10/2026,10:42:24,24.9,44.5
08/10/2026,10:47:24,24.9,44.5
08/10/2026,10:52:24,24.9,44.5
08/10/2026,10:57:24,24.9,44.5
08/10/2026,11:02:24,24.9,44.5
08/10/2026,11:07:24,24.9,44.5
08/10/2026,11:12:24,24.9,44.5
08/10/2026,11:17:24,24.9,44.5
08/10/2026,11:22:24,24.9,44.6
08/10/2026,11:27:24,24.9,44.5
08/10/2026,11:32:24,24.9,44.5
08/10/2026,11:37:24,24.9,44.6
08/10/2026,11:42:24,24.9,44.6
08/10/2026,11:47:24,24.9,44.6
08/10/2026,11:52:24,24.9,44.6
08/10/2026,11:57:24,24.9,44.5
08/10/2026,12:02:24,24.9,44.5
08/10/2026,12:07:24,24.9,44.5
08/10/2026,12:12:24,24.9,44.5
08/10/2026,12:17:24,24.9,44.6
08/10/2026,12:22:24,24.9,44.6
08/10/2026,12:27:24,24.9,44.6
08/10/2026,12:32:24,24.9,44.6
08/10/2026,12:37:24,24.9,44.6
08/10/2026,12:42:24,24.9,44.5
08/10/2026,12:47:24,24.9,44.5
08/10/2026,12:52:24,24.9,44.6
08/10/2026,12:57:24,24.9,44.5
08/10/2026,13:02:24,25.0,44.6
08/10/2026,13:07:24,24.9,44.6
08/10/2026,13:12:24,25.0,44.6
08/10/2026,13:17:24,25.0,44.6
08/10/2026,13:22:24,25.0,44.6
08/10/2026,13:27:24,24.9,44.6
08/10/2026,13:32:24,25.0,44.6
08/10/2026,13:37:24,24.9,44.6
08/10/2026,13:42:24,25.0,44.6
08/10/2026,13:47:24,25.0,44.6
08/10/2026,13:52:24,25.0,44.6
08/10/2026,13:57:24,25.0,44.6
08/10/2026,14:02:24,25.0,44.6
08/10/2026,14:07:24,25.0,44.6
08/10/2026,14:12:24,25.0,44.6
08/10/2026,14:17:24,25.0,44.7
08/10/2026,14:22:24,25.0,44.7
08/10/2026,14:27:24,25.0,44.7
08/10/2026,14:32:24,25.0,44.7
08/10/2026,14:37:24,25.1,44.7
08/10/2026,14:42:24,25.1,44.7
08/10/2026,14:47:24,25.1,44.7
08/10/2026,14:52:24,25.1,44.7
08/10/2026,14:57:24,25.1,44.7
08/10/2026,15:02:24,25.1,44.7
08/10/2026,15:07:24,25.2,44.6
08/10/2026,15:12:24,25.2,44.6
08/10/2026,15:17:24,25.2,44.6
08/10/2026,15:22:24,25.2,44.5
08/10/2026,15:27:24,25.3,44.5
08/10/2026,15:32:24,25.3,44.5
08/10/2026,15:37:24,25.3,44.5
08/10/2026,15:42:24,25.4,44.4
08/10/2026,15:47:24,25.4,44.3
08/10/2026,15:52:24,25.4,44.3
08/10/2026,15:57:24,25.5,44.3
08/10/2026,16:02:24,25.5,44.3
08/10/2026,16:07:24,25.5,44.2
08/10/2026,16:12:24,25.5,44.1
08/10/2026,16:17:24,25.6,44.1
08/10/2026,16:22:24,25.6,44.1
08/10/2026,16:27:24,25.5,44.0
08/10/2026,16:32:24,25.6,44.0
08/10/2026,16:37:24,25.6,44.0
08/10/2026,16:42:24,25.6,44.0
08/10/2026,16:47:24,25.6,44.0
08/10/2026,16:52:24,25.6,43.9
08/10/2026,16:57:24,25.6,43.9
08/10/2026,17:02:24,25.6,43.8
08/10/2026,17:07:24,25.6,43.8
08/10/2026,17:12:24,25.6,43.8
08/10/2026,17:17:24,25.8,43.6
08/10/2026,17:22:24,25.9,43.4
08/10/2026,17:27:24,25.9,43.3
08/10/2026,17:32:24,25.9,43.2
08/10/2026,17:37:24,25.9,43.2
08/10/2026,17:42:24,25.8,43.2
08/10/2026,17:47:24,25.8,43.2
08/10/2026,17:52:24,25.8,43.2
08/10/2026,17:57:24,25.8,43.2
08/10/2026,18:02:24,25.8,43.2
08/10/2026,18:07:24,25.7,43.2
08/10/2026,18:12:24,25.7,43.3
08/10/2026,18:17:24,25.7,43.2
08/10/2026,18:22:24,25.7,43.3
08/10/2026,18:27:24,25.7,43.3
08/10/2026,18:32:24,25.7,43.3
08/10/2026,18:37:24,25.6,43.2
08/10/2026,18:42:24,25.6,43.3
08/10/2026,18:47:24,25.6,43.3
08/10/2026,18:52:24,25.6,43.2
08/10/2026,18:57:24,25.6,43.2
08/10/2026,19:02:24,25.6,43.2
08/10/2026,19:07:24,25.6,43.2
08/10/2026,19:12:24,25.5,43.2
08/10/2026,19:17:24,25.6,43.2
08/10/2026,19:22:24,25.5,43.4
08/10/2026,19:27:24,25.5,43.3
08/10/2026,19:32:24,25.5,43.4
08/10/2026,19:37:24,25.5,43.3
08/10/2026,19:42:24,25.5,43.3
08/10/2026,19:47:24,25.5,43.3
08/10/2026,19:52:24,25.4,43.3
08/10/2026,19:57:24,25.4,43.3
08/10/2026,20:02:24,25.4,43.3
08/10/2026,20:07:24,25.4,43.3
08/10/2026,20:12:24,25.4,43.3
08/10/2026,20:17:24,25.4,43.3
08/10/2026,20:22:24,25.4,43.3
08/10/2026,20:27:24,25.4,43.3
08/10/2026,20:32:24,25.4,43.4
08/10/2026,20:37:24,25.4,43.4
08/10/2026,20:42:24,25.4,43.4
08/10/2026,20:47:24,25.4,43.4
08/10/2026,20:52:24,25.4,43.4
08/10/2026,20:57:24,25.4,43.4
08/10/2026,21:02:24,25.4,43.4
08/10/2026,21:07:24,25.3,43.4
08/10/2026,21:12:24,25.3,43.5
08/10/2026,21:17:24,25.3,43.4
08/10/2026,21:22:24,25.3,43.5
08/10/2026,21:27:24,25.3,43.4
08/10/2026,21:32:24,25.3,43.5
08/10/2026,21:37:24,25.3,43.5
08/10/2026,21:42:24,25.3,43.5
08/10/2026,21:47:24,25.2,43.4
08/10/2026,21:52:24,25.2,43.5
08/10/2026,21:57:24,25.2,43.5
08/10/2026,22:02:24,25.2,43.5
08/10/2026,22:07:24,25.2,43.5
08/10/2026,22:12:24,25.2,43.5
08/10/2026,22:17:24,25.2,43.5
08/10/2026,22:22:24,25.1,43.5
08/10/2026,22:27:24,25.1,43.5
08/10/2026,22:32:24,25.1,43.5
08/10/2026,22:37:24,25.1,43.5
08/10/2026,22:42:24,25.1,43.5
08/10/2026,22:47:24,25.1,43.5
08/10/2026,22:52:24,25.1,43.5
08/10/2026,22:57:24,25.1,43.5
08/10/2026,23:02:24,25.0,43.5
08/10/2026,23:07:24,25.0,43.5
08/10/2026,23:12:24,25.0,43.5
08/10/2026,23:17:24,25.0,43.5
08/10/2026,23:22:24,25.0,43.5
08/10/2026,23:27:24,25.0,43.5
08/10/2026,23:32:24,24.9,43.6
08/10/2026,23:37:24,24.9,43.5
08/10/2026,23:42:24,24.9,43.5
08/10/2026,23:47:24,24.9,43.5
08/10/2026,23:52:24,24.9,43.5
08/10/2026,23:57:24,24.9,43.5
08/11/2026,00:02:24,24.8,43.5
08/11/2026,00:07:24,24.8,43.5
08/11/2026,00:12:24,24.8,43.5
08/11/2026,00:17:24,24.8,43.5
08/11/2026,00:22:24,24.8,43.5
08/11/2026,00:27:24,24.8,43.5
08/11/2026,00:32:24,24.8,43.5
08/11/2026,00:37:24,24.7,43.5
08/11/2026,00:42:24,24.7,43.5
08/11/2026,00:47:24,24.7,43.5
08/11/2026,00:52:24,24.7,43.5
08/11/2026,00:57:24,24.7,43.5
08/11/2026,01:02:24,24.7,43.4
08/11/2026,01:07:24,24.7,43.4
08/11/2026,01:12:24,24.7,43.4
08/11/2026,01:17:24,24.7,43.4
08/11/2026,01:22:24,24.6,43.4
08/11/2026,01:27:24,24.6,43.4
08/11/2026,01:32:24,24.6,43.4
08/11/2026,01:37:24,24.6,43.4
08/11/2026,01:42:24,24.6,43.4
08/11/2026,01:47:24,24.6,43.4
08/11/2026,01:52:24,24.5,43.4
08/11/2026,01:57:24,24.5,43.4
08/11/2026,02:02:24,24.5,43.4
08/11/2026,02:07:24,24.5,43.4
08/11/2026,02:12:24,24.5,43.4
08/11/2026,02:17:24,24.5,43.4
08/11/2026,02:22:24,24.4,43.4
08/11/2026,02:27:24,24.4,43.4
08/11/2026,02:32:24,24.4,43.3
08/11/2026,02:37:24,24.4,43.4
08/11/2026,02:42:24,24.4,43.4
08/11/2026,02:47:24,24.4,43.4
08/11/2026,02:52:24,24.4,43.4
08/11/2026,02:57:24,24.3,43.4
08/11/2026,03:02:24,24.3,43.4
08/11/2026,03:07:24,24.3,43.4
08/11/2026,03:12:24,24.3,43.4
08/11/2026,03:17:24,24.3,43.4
08/11/2026,03:22:24,24.3,43.4
08/11/2026,03:27:24,24.2,43.4
08/11/2026,03:32:24,24.2,43.4
08/11/2026,03:37:24,24.2,43.4
08/11/2026,03:42:24,24.2,43.4
08/11/2026,03:47:24,24.2,43.4
08/11/2026,03:52:24,24.2,43.4
08/11/2026,03:57:24,24.1,43.4
08/11/2026,04:02:24,24.1,43.4
08/11/2026,04:07:24,24.1,43.4
08/11/2026,04:12:24,24.1,43.4
08/11/2026,04:17:24,24.1,43.5
08/11/2026,04:22:24,24.1,43.4
08/11/2026,04:27:24,24.1,43.5
08/11/2026,04:32:24,24.1,43.4
08/11/2026,04:37:24,24.0,43.4
08/11/2026,04:42:24,24.0,43.4
08/11/2026,04:47:24,24.0,43.5
08/11/2026,04:52:24,24.0,43.4
08/11/2026,04:57:24,24.0,43.5
08/11/2026,05:02:24,24.0,43.5
08/11/2026,05:07:24,23.9,43.4
08/11/2026,05:12:24,24.0,43.5
08/11/2026,05:17:24,23.9,43.5
08/11/2026,05:22:24,23.9,43.5
08/11/2026,05:27:24,23.9,43.5
08/11/2026,05:32:24,23.9,43.5
08/11/2026,05:37:24,23.9,43.5
08/11/2026,05:42:24,23.8,43.5
08/11/2026,05:47:24,23.8,43.5
08/11/2026,05:52:24,23.8,43.5
08/11/2026,05:57:24,23.8,43.5
08/11/2026,06:02:24,23.8,43.5
08/11/2026,06:07:24,23.8,43.5
08/11/2026,06:12:24,23.8,43.5
08/11/2026,06:17:24,23.8,43.5
08/11/2026,06:22:24,23.7,43.6
08/11/2026,06:27:24,23.7,43.6
08/11/2026,06:32:24,23.7,43.6
08/11/2026,06:37:24,23.7,43.6
08/11/2026,06:42:24,23.7,43.6
08/11/2026,06:47:24,23.7,43.6
08/11/2026,06:52:24,23.7,43.6
08/11/2026,06:57:24,23.6,43.7
08/11/2026,07:02:24,23.7,43.7
08/11/2026,07:07:24,23.6,43.7
08/11/2026,07:12:24,23.6,43.7
08/11/2026,07:17:24,23.6,43.7
08/11/2026,07:22:24,23.6,43.7
08/11/2026,07:27:24,23.6,43.7
08/11/2026,07:32:24,23.6,43.7
08/11/2026,07:37:24,23.6,43.7
08/11/2026,07:42:24,23.6,43.8
08/11/2026,07:47:24,23.6,43.7
08/11/2026,07:52:24,23.6,43.8
08/11/2026,07:57:24,23.6,43.8
08/11/2026,08:02:24,23.6,43.9
08/11/2026,08:07:24,23.6,43.9
08/11/2026,08:12:24,23.6,43.9
08/11/2026,08:17:24,23.6,43.9
08/11/2026,08:22:24,23.6,43.9
08/11/2026,08:27:24,23.6,43.9
08/11/2026,08:32:24,23.6,43.9
08/11/2026,08:37:24,23.6,44.0
08/11/2026,08:42:24,23.6,44.0
08/11/2026,08:47:24,23.6,44.0
08/11/2026,08:52:24,23.6,44.1
08/11/2026,08:57:24,23.6,44.1
08/11/2026,09:02:24,23.7,44.1
08/11/2026,09:07:24,23.6,44.1
08/11/2026,09:12:24,23.7,44.2
08/11/2026,09:17:24,23.6,44.2
08/11/2026,09:22:24,23.7,44.2
08/11/2026,09:27:24,23.7,44.2
08/11/2026,09:32:24,23.7,44.2
08/11/2026,09:37:24,23.7,44.2
08/11/2026,09:42:24,23.7,44.3
08/11/2026,09:47:24,23.7,44.3
08/11/2026,09:52:24,23.7,44.4
08/11/2026,09:57:24,23.7,44.4
08/11/2026,10:02:24,23.7,44.4
08/11/2026,10:07:24,23.7,44.4
08/11/2026,10:12:24,23.7,44.5
08/11/2026,10:17:24,23.7,44.5
08/11/2026,10:22:24,23.7,44.5
08/11/2026,10:27:24,23.7,44.5
08/11/2026,10:32:24,23.7,44.6
08/11/2026,10:37:24,23.7,44.7
08/11/2026,10:42:24,23.7,44.6
08/11/2026,10:47:24,23.7,44.7
08/11/2026,10:52:24,23.7,44.7
08/11/2026,10:57:24,23.8,44.8
08/11/2026,11:02:24,23.8,44.8
08/11/2026,11:07:24,23.8,44.9
08/11/2026,11:12:24,23.8,44.9
08/11/2026,11:17:24,23.8,44.9
08/11/2026,11:22:24,23.8,44.9
08/11/2026,11:27:24,23.8,44.9
08/11/2026,11:32:24,23.8,44.9
08/11/2026,11:37:24,23.8,45.0
08/11/2026,11:42:24,23.8,45.0
08/11/2026,11:47:24,23.8,45.0
08/11/2026,11:52:24,23.8,45.0
08/11/2026,11:57:24,23.8,45.1
08/11/2026,12:02:24,23.8,45.1
08/11/2026,12:07:24,23.8,45.2
08/11/2026,12:12:24,23.8,45.1
08/11/2026,12:17:24,23.8,45.1
08/11/2026,12:22:24,23.8,45.2
08/11/2026,12:27:24,23.8,45.2
08/11/2026,12:32:24,23.8,45.2
08/11/2026,12:37:24,23.8,45.2
08/11/2026,12:42:24,23.8,45.3
08/11/2026,12:47:24,23.8,45.3
08/11/2026,12:52:24,23.8,45.3
08/11/2026,12:57:24,23.8,45.3
08/11/2026,13:02:24,23.8,45.3
08/11/2026,13:07:24,23.8,45.3
08/11/2026,13:12:24,23.8,45.4
08/11/2026,13:17:24,23.8,45.4
08/11/2026,13:22:24,23.8,45.4
08/11/2026,13:27:24,23.8,45.4
08/11/2026,13:32:24,23.8,45.4
08/11/2026,13:37:24,23.8,45.4
08/11/2026,13:42:24,23.9,45.4
08/11/2026,13:47:24,23.8,45.4
08/11/2026,13:52:24,23.9,45.5
08/11/2026,13:57:24,23.9,45.5
08/11/2026,14:02:24,23.9,45.5
08/11/2026,14:07:24,23.9,45.5
08/11/2026,14:12:24,23.9,45.5
08/11/2026,14:17:24,23.9,45.5
08/11/2026,14:22:24,24.0,45.6
08/11/2026,14:27:24,24.0,45.6
08/11/2026,14:32:24,24.0,45.6
08/11/2026,14:37:24,24.0,45.6
08/11/2026,14:42:24,24.0,45.6
08/11/2026,14:47:24,24.1,45.6
08/11/2026,14:52:24,24.1,45.6
08/11/2026,14:57:24,24.1,45.6
08/11/2026,15:02:24,24.2,45.5
08/11/2026,15:07:24,24.2,45.5
08/11/2026,15:12:24,24.2,45.5
08/11/2026,15:17:24,24.3,45.5
08/11/2026,15:22:24,24.3,45.5
08/11/2026,15:27:24,24.3,45.4
08/11/2026,15:32:24,24.3,45.4
08/11/2026,15:37:24,24.4,45.3
08/11/2026,15:42:24,24.4,45.3
08/11/2026,15:47:24,24.5,45.3
08/11/2026,15:52:24,24.5,45.2
08/11/2026,15:57:24,24.5,45.2
08/11/2026,16:02:24,24.5,45.1
08/11/2026,16:07:24,24.6,45.1
08/11/2026,16:12:24,24.6,45.1
08/11/2026,16:17:24,24.6,45.1
08/11/2026,16:22:24,24.6,45.0
08/11/2026,16:27:24,24.6,44.9
08/11/2026,16:32:24,24.6,44.9
08/11/2026,16:37:24,24.6,44.9
08/11/2026,16:42:24,24.6,44.9
08/11/2026,16:47:24,24.6,44.9
08/11/2026,16:52:24,24.6,44.9
08/11/2026,16:57:24,24.7,44.8
08/11/2026,17:02:24,24.7,44.8
08/11/2026,17:07:24,24.7,44.8
08/11/2026,17:12:24,24.7,44.7
08/11/2026,17:17:24,24.7,44.7
08/11/2026,17:22:24,24.7,44.7
08/11/2026,17:27:24,24.7,44.6
08/11/2026,17:32:24,24.7,44.6
08/11/2026,17:37:24,24.7,44.5
08/11/2026,17:42:24,24.7,44.6
08/11/2026,17:47:24,24.7,44.6
08/11/2026,17:52:24,24.7,44.5
08/11/2026,17:57:24,24.7,44.6
08/11/2026,18:02:24,24.7,44.6
08/11/2026,18:07:24,24.7,44.6
08/11/2026,18:12:24,24.7,44.6
08/11/2026,18:17:24,24.7,44.6
08/11/2026,18:22:24,24.7,44.6
08/11/2026,18:27:24,24.7,44.6
08/11/2026,18:32:24,24.7,44.5
08/11/2026,18:37:24,24.7,44.6
08/11/2026,18:42:24,24.7,44.6
08/11/2026,18:47:24,24.7,44.5
08/11/2026,18:52:24,24.7,44.4
08/11/2026,18:57:24,24.7,44.2
08/11/2026,19:02:24,24.7,44.1
08/11/2026,19:07:24,24.6,43.8
08/11/2026,19:12:24,24.6,44.0
08/11/2026,19:17:24,24.6,44.0
08/11/2026,19:22:24,24.6,43.7
08/11/2026,19:27:24,24.6,43.7
08/11/2026,19:32:24,24.6,43.7
08/11/2026,19:37:24,24.6,44.0
08/11/2026,19:42:24,24.6,43.7
08/11/2026,19:47:24,24.6,43.4
08/11/2026,19:52:24,24.5,43.2
08/11/2026,19:57:24,24.5,43.2
08/11/2026,20:02:24,24.5,43.3
08/11/2026,20:07:24,24.4,43.3
08/11/2026,20:12:24,24.5,43.3
08/11/2026,20:17:24,24.5,43.3
08/11/2026,20:22:24,24.4,43.3
08/11/2026,20:27:24,24.4,43.3
08/11/2026,20:32:24,24.4,43.3
08/11/2026,20:37:24,24.4,43.3
08/11/2026,20:42:24,24.4,43.3
08/11/2026,20:47:24,24.4,43.3
08/11/2026,20:52:24,24.4,43.2
08/11/2026,20:57:24,24.4,43.3
08/11/2026,21:02:24,24.4,43.3
08/11/2026,21:07:24,24.4,43.3
08/11/2026,21:12:24,24.3,43.3
08/11/2026,21:17:24,24.4,43.3
08/11/2026,21:22:24,24.4,43.3
08/11/2026,21:27:24,24.4,43.3
08/11/2026,21:32:24,24.4,43.4
08/11/2026,21:37:24,24.3,43.3
08/11/2026,21:42:24,24.3,43.3
08/11/2026,21:47:24,24.3,43.4
08/11/2026,21:52:24,24.3,43.4
08/11/2026,21:57:24,24.3,43.4
08/11/2026,22:02:24,24.3,43.4
08/11/2026,22:07:24,24.3,43.5
08/11/2026,22:12:24,24.3,43.5
08/11/2026,22:17:24,24.3,43.5
08/11/2026,22:22:24,24.3,43.5
08/11/2026,22:27:24,24.3,43.5
08/11/2026,22:32:24,24.3,43.5
08/11/2026,22:37:24,24.3,43.5
08/11/2026,22:42:24,24.3,43.5
08/11/2026,22:47:24,24.2,43.6
08/11/2026,22:52:24,24.2,43.7
08/11/2026,22:57:24,24.2,43.7
08/11/2026,23:02:24,24.2,43.7
08/11/2026,23:07:24,24.2,43.7
08/11/2026,23:12:24,24.2,43.7
08/11/2026,23:17:24,24.2,43.8
08/11/2026,23:22:24,24.2,43.8
08/11/2026,23:27:24,24.2,43.8
08/11/2026,23:32:24,24.2,43.9
08/11/2026,23:37:24,24.2,43.8
08/11/2026,23:42:24,24.2,43.9
08/11/2026,23:47:24,24.2,43.9
08/11/2026,23:52:24,24.2,44.0
08/11/2026,23:57:24,24.1,44.1
08/12/2026,00:02:24,24.1,44.1
08/12/2026,00:07:24,24.1,44.0
08/12/2026,00:12:24,24.1,44.1
08/12/2026,00:17:24,24.1,44.1
08/12/2026,00:22:24,24.1,44.2
08/12/2026,00:27:24,24.1,44.2
08/12/2026,00:32:24,24.1,44.2
08/12/2026,00:37:24,24.1,44.2
08/12/2026,00:42:24,24.1,44.3
08/12/2026,00:47:24,24.0,44.3
08/12/2026,00:52:24,24.0,44.4
08/12/2026,00:57:24,24.1,44.4
08/12/2026,01:02:24,24.0,44.4
08/12/2026,01:07:24,24.0,44.5
08/12/2026,01:12:24,24.0,44.5
08/12/2026,01:17:24,24.0,44.5
08/12/2026,01:22:24,24.0,44.5
08/12/2026,01:27:24,24.0,44.6
08/12/2026,01:32:24,24.0,44.6
08/12/2026,01:37:24,24.0,44.7
08/12/2026,01:42:24,24.0,44.7
08/12/2026,01:47:24,24.0,44.7
08/12/2026,01:52:24,23.9,44.7
08/12/2026,01:57:24,24.0,44.8
08/12/2026,02:02:24,23.9,44.9
08/12/2026,02:07:24,23.9,44.9
08/12/2026,02:12:24,23.9,44.9
08/12/2026,02:17:24,23.9,44.9
08/12/2026,02:22:24,23.9,44.9
08/12/2026,02:27:24,23.9,45.0
08/12/2026,02:32:24,23.9,45.0
08/12/2026,02:37:24,23.9,45.0
08/12/2026,02:42:24,23.9,45.1
08/12/2026,02:47:24,23.9,45.1
08/12/2026,02:52:24,23.9,45.1
08/12/2026,02:57:24,23.9,45.2
08/12/2026,03:02:24,23.8,45.2
08/12/2026,03:07:24,23.8,45.2
08/12/2026,03:12:24,23.8,45.3
08/12/2026,03:17:24,23.8,45.3
08/12/2026,03:22:24,23.8,45.3
08/12/2026,03:27:24,23.8,45.4
08/12/2026,03:32:24,23.8,45.3
08/12/2026,03:37:24,23.8,45.4
08/12/2026,03:42:24,23.8,45.4
08/12/2026,03:47:24,23.8,45.4
08/12/2026,03:52:24,23.7,45.4
08/12/2026,03:57:24,23.8,45.5
08/12/2026,04:02:24,23.8,45.5
08/12/2026,04:07:24,23.7,45.5
08/12/2026,04:12:24,23.7,45.5
08/12/2026,04:17:24,23.7,45.6
08/12/2026,04:22:24,23.7,45.6
08/12/2026,04:27:24,23.7,45.6
08/12/2026,04:32:24,23.7,45.6
08/12/2026,04:37:24,23.7,45.7
08/12/2026,04:42:24,23.7,45.7
08/12/2026,04:47:24,23.7,45.7
08/12/2026,04:52:24,23.7,45.7
08/12/2026,04:57:24,23.6,45.8
08/12/2026,05:02:24,23.6,45.8
08/12/2026,05:07:24,23.6,45.8
08/12/2026,05:12:24,23.6,45.8
08/12/2026,05:17:24,23.6,45.8
08/12/2026,05:22:24,23.6,45.8
08/12/2026,05:27:24,23.5,45.8
08/12/2026,05:32:24,23.5,45.9
08/12/2026,05:37:24,23.6,45.9
08/12/2026,05:42:24,23.5,45.9
08/12/2026,05:47:24,23.5,46.0
08/12/2026,05:52:24,23.5,45.9
08/12/2026,05:57:24,23.5,46.0
08/12/2026,06:02:24,23.5,46.0
08/12/2026,06:07:24,23.5,46.0
08/12/2026,06:12:24,23.5,46.0
08/12/2026,06:17:24,23.5,46.1
08/12/2026,06:22:24,23.4,46.1
08/12/2026,06:27:24,23.5,46.1
08/12/2026,06:32:24,23.5,46.1
08/12/2026,06:37:24,23.4,46.2
08/12/2026,06:42:24,23.4,46.2
08/12/2026,06:47:24,23.4,46.2
08/12/2026,06:52:24,23.4,46.2
08/12/2026,06:57:24,23.4,46.2
08/12/2026,07:02:24,23.4,46.2
08/12/2026,07:07:24,23.4,46.2
08/12/2026,07:12:24,23.4,46.3
08/12/2026,07:17:24,23.4,46.3
08/12/2026,07:22:24,23.4,46.3
08/12/2026,07:27:24,23.4,46.3
08/12/2026,07:32:24,23.4,46.3
08/12/2026,07:37:24,23.4,46.4
08/12/2026,07:42:24,23.4,46.4
08/12/2026,07:47:24,23.4,46.4
08/12/2026,07:52:24,23.4,46.4
08/12/2026,07:57:24,23.4,46.4
08/12/2026,08:02:24,23.4,46.4
08/12/2026,08:07:24,23.4,46.4
08/12/2026,08:12:24,23.4,46.4
08/12/2026,08:17:24,23.4,46.4
08/12/2026,08:22:24,23.4,46.4
08/12/2026,08:27:24,23.4,46.4
08/12/2026,08:32:24,23.4,46.4
08/12/2026,08:37:24,23.4,46.5
08/12/2026,08:42:24,23.4,46.5
08/12/2026,08:47:24,23.4,46.6
08/12/2026,08:52:24,23.4,46.6
08/12/2026,08:57:24,23.4,46.6
08/12/2026,09:02:24,23.5,46.7
08/12/2026,09:07:24,23.4,46.7
08/12/2026,09:12:24,23.5,46.8
08/12/2026,09:17:24,23.5,46.8
08/12/2026,09:22:24,23.5,46.8
08/12/2026,09:27:24,23.5,46.9
08/12/2026,09:32:24,23.5,46.9
08/12/2026,09:37:24,23.5,46.9
08/12/2026,09:42:24,23.5,47.0
08/12/2026,09:47:24,23.5,47.0
08/12/2026,09:52:24,23.5,47.0
08/12/2026,09:57:24,23.5,47.0
08/12/2026,10:02:24,23.5,47.1
08/12/2026,10:07:24,23.6,47.1
08/12/2026,10:12:24,23.6,47.1
08/12/2026,10:17:24,23.6,47.1
08/12/2026,10:22:24,23.6,47.2
08/12/2026,10:27:24,23.6,47.2
08/12/2026,10:32:24,23.6,47.2
08/12/2026,10:37:24,23.6,47.3
08/12/2026,10:42:24,23.6,47.3
08/12/2026,10:47:24,23.6,47.3
08/12/2026,10:52:24,23.6,47.4
08/12/2026,10:57:24,23.6,47.4
08/12/2026,11:02:24,23.6,47.5
08/12/2026,11:07:24,23.6,47.5
08/12/2026,11:12:24,23.6,47.5
08/12/2026,11:17:24,23.6,47.5
08/12/2026,11:22:24,23.6,47.6
08/12/2026,11:27:24,23.6,47.6
08/12/2026,11:32:24,23.6,47.6
08/12/2026,11:37:24,23.7,47.6
08/12/2026,11:42:24,23.7,47.7
08/12/2026,11:47:24,23.7,47.7
08/12/2026,11:52:24,23.7,47.8
08/12/2026,11:57:24,23.7,47.8
08/12/2026,12:02:24,23.7,47.8
08/12/2026,12:07:24,23.7,47.9
08/12/2026,12:12:24,23.7,47.9
08/12/2026,12:17:24,23.7,47.9
08/12/2026,12:22:24,23.7,48.0
08/12/2026,12:27:24,23.7,48.1
08/12/2026,12:32:24,23.7,48.1
08/12/2026,12:37:24,23.8,48.2
08/12/2026,12:42:24,23.7,48.2
08/12/2026,12:47:24,23.8,48.3
08/12/2026,12:52:24,23.8,48.4
08/12/2026,12:57:24,23.8,48.4
08/12/2026,13:02:24,23.8,48.4
08/12/2026,13:07:24,23.8,48.5
08/12/2026,13:12:24,23.8,48.6
08/12/2026,13:17:24,23.8,48.6
08/12/2026,13:22:24,23.8,48.6
08/12/2026,13:27:24,23.8,48.7
08/12/2026,13:32:24,23.9,48.7
08/12/2026,13:37:24,23.9,48.7
08/12/2026,13:42:24,23.9,48.8
08/12/2026,13:47:24,23.9,48.8
08/12/2026,13:52:24,23.9,48.9
08/12/2026,13:57:24,23.9,49.0
08/12/2026,14:02:24,23.9,48.9
08/12/2026,14:07:24,24.0,49.0
08/12/2026,14:12:24,24.0,49.0
08/12/2026,14:17:24,24.0,49.1
08/12/2026,14:22:24,24.0,49.1
08/12/2026,14:27:24,24.1,49.1
08/12/2026,14:32:24,24.1,49.2
08/12/2026,14:37:24,24.1,49.2
08/12/2026,14:42:24,24.1,49.2
08/12/2026,14:47:24,24.2,49.2
08/12/2026,14:52:24,24.2,49.2
08/12/2026,14:57:24,24.2,49.2
08/12/2026,15:02:24,24.3,49.2
08/12/2026,15:07:24,24.3,49.2
08/12/2026,15:12:24,24.3,49.1
08/12/2026,15:17:24,24.4,49.1
08/12/2026,15:22:24,24.4,49.1
08/12/2026,15:27:24,24.5,49.1
08/12/2026,15:32:24,24.5,49.1
08/12/2026,15:37:24,24.6,49.0
08/12/2026,15:42:24,24.6,48.9
08/12/2026,15:47:24,24.7,48.9
08/12/2026,15:52:24,24.7,48.8
08/12/2026,15:57:24,24.8,48.7
08/12/2026,16:02:24,24.8,48.7
08/12/2026,16:07:24,24.8,48.6
08/12/2026,16:12:24,24.8,48.5
08/12/2026,16:17:24,24.9,48.5
08/12/2026,16:22:24,24.9,48.5
08/12/2026,16:27:24,24.9,48.5
08/12/2026,16:32:24,24.9,48.4
08/12/2026,16:37:24,24.9,48.4
08/12/2026,16:42:24,24.9,48.4
08/12/2026,16:47:24,25.0,48.4
08/12/2026,16:52:24,25.0,48.4
08/12/2026,16:57:24,25.0,48.3
08/12/2026,17:02:24,25.0,48.4
08/12/2026,17:07:24,25.0,48.3
08/12/2026,17:12:24,25.1,48.3
08/12/2026,17:17:24,25.1,48.3
08/12/2026,17:22:24,25.1,48.3
08/12/2026,17:27:24,25.1,48.3
08/12/2026,17:32:24,25.1,48.3
08/12/2026,17:37:24,25.1,48.3
08/12/2026,17:42:24,25.2,48.2
08/12/2026,17:47:24,25.1,48.3
08/12/2026,17:52:24,25.2,48.2
08/12/2026,17:57:24,25.2,48.2
08/12/2026,18:02:24,25.1,48.2
08/12/2026,18:07:24,25.2,48.3
08/12/2026,18:12:24,25.2,48.3
08/12/2026,18:17:24,25.1,48.3
08/12/2026,18:22:24,25.2,48.4
08/12/2026,18:27:24,25.2,48.2
08/12/2026,18:32:24,25.2,48.2
08/12/2026,18:37:24,25.2,48.2
08/12/2026,18:42:24,25.2,48.2
08/12/2026,18:47:24,25.2,47.7
08/12/2026,18:52:24,25.2,46.5
08/12/2026,18:57:24,25.2,45.6
08/12/2026,19:02:24,25.2,44.7
08/12/2026,19:07:24,25.2,44.2
08/12/2026,19:12:24,25.2,45.3
08/12/2026,19:17:24,25.2,43.8
08/12/2026,19:22:24,25.2,43.9
08/12/2026,19:27:24,25.2,43.3
08/12/2026,19:32:24,25.2,43.0
08/12/2026,19:37:24,25.2,43.1
08/12/2026,19:42:24,25.3,42.8
08/12/2026,19:47:24,25.3,42.5
08/12/2026,19:52:24,25.3,42.2
08/12/2026,19:57:24,25.3,42.0
08/12/2026,20:02:24,25.2,41.9
08/12/2026,20:07:24,25.2,41.9
08/12/2026,20:12:24,25.2,42.1
08/12/2026,20:17:24,25.2,41.5
08/12/2026,20:22:24,25.2,41.4
08/12/2026,20:27:24,25.2,41.4
08/12/2026,20:32:24,25.2,41.4
08/12/2026,20:37:24,25.1,41.4
08/12/2026,20:42:24,25.1,41.4
08/12/2026,20:47:24,25.1,41.4
08/12/2026,20:52:24,25.1,41.4
08/12/2026,20:57:24,25.1,41.5
08/12/2026,21:02:24,25.1,41.5
08/12/2026,21:07:24,25.1,41.5
08/12/2026,21:12:24,25.1,41.7
08/12/2026,21:17:24,25.1,41.7
08/12/2026,21:22:24,25.1,41.8
08/12/2026,21:27:24,25.1,41.8
08/12/2026,21:32:24,25.0,41.9
08/12/2026,21:37:24,25.1,42.0
08/12/2026,21:42:24,25.1,42.0
08/12/2026,21:47:24,25.1,42.1
08/12/2026,21:52:24,25.1,42.2
08/12/2026,21:57:24,25.0,42.2
08/12/2026,22:02:24,25.1,42.2
08/12/2026,22:07:24,25.1,42.2
08/12/2026,22:12:24,25.0,42.3
08/12/2026,22:17:24,25.1,42.3
08/12/2026,22:22:24,25.0,42.4
08/12/2026,22:27:24,25.0,42.3
08/12/2026,22:32:24,25.0,42.4
08/12/2026,22:37:24,25.0,42.3
08/12/2026,22:42:24,25.0,42.4
08/12/2026,22:47:24,25.0,42.4
08/12/2026,22:52:24,25.0,42.5
08/12/2026,22:57:24,25.0,42.5
08/12/2026,23:02:24,25.0,42.5
08/12/2026,23:07:24,25.0,42.5
08/12/2026,23:12:24,25.0,42.5
08/12/2026,23:17:24,25.0,42.5
08/12/2026,23:22:24,25.0,42.5
08/12/2026,23:27:24,25.0,42.6
08/12/2026,23:32:24,25.0,42.6
08/12/2026,23:37:24,25.0,42.6
08/12/2026,23:42:24,25.0,42.6
08/12/2026,23:47:24,24.9,42.6
08/12/2026,23:52:24,25.0,42.7
08/12/2026,23:57:24,24.9,42.7
08/13/2026,00:02:24,25.0,42.7
08/13/2026,00:07:24,24.9,42.7
08/13/2026,00:12:24,25.0,42.8
08/13/2026,00:17:24,24.9,42.8
08/13/2026,00:22:24,24.9,42.8
08/13/2026,00:27:24,24.9,42.9
08/13/2026,00:32:24,24.9,42.9
08/13/2026,00:37:24,24.9,42.9
08/13/2026,00:42:24,24.9,42.9
08/13/2026,00:47:24,24.9,43.0
08/13/2026,00:52:24,24.9,43.0
08/13/2026,00:57:24,24.9,43.0
08/13/2026,01:02:24,24.9,43.1
08/13/2026,01:07:24,24.9,43.1
08/13/2026,01:12:24,24.9,43.1
08/13/2026,01:17:24,24.9,43.1
08/13/2026,01:22:24,24.9,43.2
08/13/2026,01:27:24,24.8,43.2
08/13/2026,01:32:24,24.9,43.3
08/13/2026,01:37:24,24.9,43.3
08/13/2026,01:42:24,24.8,43.3
08/13/2026,01:47:24,24.8,43.4
08/13/2026,01:52:24,24.8,43.4
08/13/2026,01:57:24,24.8,43.4
08/13/2026,02:02:24,24.8,43.4
08/13/2026,02:07:24,24.8,43.4
08/13/2026,02:12:24,24.8,43.5
08/13/2026,02:17:24,24.8,43.5
08/13/2026,02:22:24,24.8,43.5
08/13/2026,02:27:24,24.8,43.6
08/13/2026,02:32:24,24.8,43.5
08/13/2026,02:37:24,24.8,43.7
08/13/2026,02:42:24,24.7,43.6
08/13/2026,02:47:24,24.8,43.7
08/13/2026,02:52:24,24.7,43.7
08/13/2026,02:57:24,24.7,43.7
08/13/2026,03:02:24,24.7,43.7
08/13/2026,03:07:24,24.7,43.7
08/13/2026,03:12:24,24.7,43.8
08/13/2026,03:17:24,24.7,43.8
08/13/2026,03:22:24,24.7,43.8
08/13/2026,03:27:24,24.7,43.8
08/13/2026,03:32:24,24.7,43.9
08/13/2026,03:37:24,24.7,43.9
08/13/2026,03:42:24,24.7,43.9
08/13/2026,03:47:24,24.7,44.0
08/13/2026,03:52:24,24.7,44.0
08/13/2026,03:57:24,24.7,44.0
08/13/2026,04:02:24,24.6,44.0
08/13/2026,04:07:24,24.6,44.0
08/13/2026,04:12:24,24.6,44.1
08/13/2026,04:17:24,24.6,44.0
08/13/2026,04:22:24,24.6,44.1
08/13/2026,04:27:24,24.6,44.1
08/13/2026,04:32:24,24.6,44.1
08/13/2026,04:37:24,24.6,44.2
08/13/2026,04:42:24,24.6,44.2
08/13/2026,04:47:24,24.6,44.2
08/13/2026,04:52:24,24.6,44.2
08/13/2026,04:57:24,24.6,44.2
08/13/2026,05:02:24,24.5,44.3
08/13/2026,05:07:24,24.5,44.2
08/13/2026,05:12:24,24.5,44.3
08/13/2026,05:17:24,24.5,44.3
08/13/2026,05:22:24,24.5,44.3
08/13/2026,05:27:24,24.5,44.3
08/13/2026,05:32:24,24.5,44.3
08/13/2026,05:37:24,24.5,44.4
08/13/2026,05:42:24,24.5,44.4
08/13/2026,05:47:24,24.5,44.4
08/13/2026,05:52:24,24.5,44.4
08/13/2026,05:57:24,24.4,44.5
08/13/2026,06:02:24,24.4,44.4
08/13/2026,06:07:24,24.4,44.5
08/13/2026,06:12:24,24.4,44.5
08/13/2026,06:17:24,24.4,44.5
08/13/2026,06:22:24,24.4,44.5
08/13/2026,06:27:24,24.4,44.5
08/13/2026,06:32:24,24.4,44.6
08/13/2026,06:37:24,24.4,44.6
08/13/2026,06:42:24,24.4,44.6
08/13/2026,06:47:24,24.3,44.6
08/13/2026,06:52:24,24.3,44.6
08/13/2026,06:57:24,24.3,44.6
08/13/2026,07:02:24,24.3,44.6
08/13/2026,07:07:24,24.3,44.7
08/13/2026,07:12:24,24.3,44.7
08/13/2026,07:17:24,24.3,44.7
08/13/2026,07:22:24,24.3,44.7
08/13/2026,07:27:24,24.3,44.8
08/13/2026,07:32:24,24.3,44.7
08/13/2026,07:37:24,24.3,44.8
08/13/2026,07:42:24,24.3,44.8
08/13/2026,07:47:24,24.3,44.8
08/13/2026,07:52:24,24.3,44.8
08/13/2026,07:57:24,24.3,44.8
08/13/2026,08:02:24,24.3,44.8
08/13/2026,08:07:24,24.3,44.8
08/13/2026,08:12:24,24.3,44.9
08/13/2026,08:17:24,24.3,44.9
08/13/2026,08:22:24,24.3,44.9
08/13/2026,08:27:24,24.3,45.0
08/13/2026,08:32:24,24.3,45.0
08/13/2026,08:37:24,24.4,45.0
08/13/2026,08:42:24,24.3,45.1
08/13/2026,08:47:24,24.3,45.1
08/13/2026,08:52:24,24.4,45.1
08/13/2026,08:57:24,24.4,45.2
08/13/2026,09:02:24,24.4,45.2
08/13/2026,09:07:24,24.4,45.2
08/13/2026,09:12:24,24.4,45.2
08/13/2026,09:17:24,24.4,45.3
08/13/2026,09:22:24,24.4,45.3
08/13/2026,09:27:24,24.4,45.4
08/13/2026,09:32:24,24.5,45.3
08/13/2026,09:37:24,24.5,45.4
08/13/2026,09:42:24,24.5,45.5
08/13/2026,09:47:24,24.5,45.5
08/13/2026,09:52:24,24.5,45.5
08/13/2026,09:57:24,24.5,45.5
08/13/2026,10:02:24,24.5,45.6
08/13/2026,10:07:24,24.5,45.6
08/13/2026,10:12:24,24.5,45.7
08/13/2026,10:17:24,24.6,45.7
08/13/2026,10:22:24,24.6,45.7
08/13/2026,10:27:24,24.6,45.8
08/13/2026,10:32:24,24.6,45.8
08/13/2026,10:37:24,24.6,45.8
08/13/2026,10:42:24,24.6,45.9
08/13/2026,10:47:24,24.6,45.9
08/13/2026,10:52:24,24.6,45.9
08/13/2026,10:57:24,24.6,46.0
08/13/2026,11:02:24,24.6,46.0
08/13/2026,11:07:24,24.6,46.0
08/13/2026,11:12:24,24.6,46.1
08/13/2026,11:17:24,24.6,46.1
08/13/2026,11:22:24,24.7,46.2
08/13/2026,11:27:24,24.7,46.2
08/13/2026,11:32:24,24.7,46.3
08/13/2026,11:37:24,24.7,46.3
08/13/2026,11:42:24,24.7,46.4
08/13/2026,11:47:24,24.7,46.4
08/13/2026,11:52:24,24.7,46.5
08/13/2026,11:57:24,24.7,46.5
08/13/2026,12:02:24,24.7,46.6
08/13/2026,12:07:24,24.7,46.6
08/13/2026,12:12:24,24.7,46.7
08/13/2026,12:17:24,24.8,46.6
08/13/2026,12:22:24,24.8,46.8
08/13/2026,12:27:24,24.8,46.8
08/13/2026,12:32:24,24.8,46.8
08/13/2026,12:37:24,24.8,46.8
08/13/2026,12:42:24,24.8,46.8
08/13/2026,12:47:24,24.8,46.9
08/13/2026,12:52:24,24.8,46.9
08/13/2026,12:57:24,24.9,46.8
08/13/2026,13:02:24,24.9,46.9
08/13/2026,13:07:24,24.9,46.9
08/13/2026,13:12:24,24.9,46.9
08/13/2026,13:17:24,24.9,46.9
08/13/2026,13:22:24,24.9,46.9
08/13/2026,13:27:24,24.9,46.8
08/13/2026,13:32:24,24.9,46.9
08/13/2026,13:37:24,25.0,46.9
08/13/2026,13:42:24,25.0,46.9
08/13/2026,13:47:24,25.0,46.9
08/13/2026,13:52:24,25.0,46.9
08/13/2026,13:57:24,25.0,47.0
08/13/2026,14:02:24,25.1,47.0
08/13/2026,14:07:24,25.1,47.0
08/13/2026,14:12:24,25.1,47.0
08/13/2026,14:17:24,25.1,47.1
08/13/2026,14:22:24,25.1,47.1
08/13/2026,14:27:24,25.2,47.1
08/13/2026,14:32:24,25.2,47.2
08/13/2026,14:37:24,25.2,47.2
08/13/2026,14:42:24,25.3,47.2
08/13/2026,14:47:24,25.3,47.2
08/13/2026,14:52:24,25.3,47.2
08/13/2026,14:57:24,25.3,47.2
08/13/2026,15:02:24,25.4,47.2
08/13/2026,15:07:24,25.4,47.2
08/13/2026,15:12:24,25.5,47.2
08/13/2026,15:17:24,25.5,47.2
08/13/2026,15:22:24,25.5,47.2
08/13/2026,15:27:24,25.6,47.1
08/13/2026,15:32:24,25.6,47.2
08/13/2026,15:37:24,25.7,47.1
08/13/2026,15:42:24,25.7,47.1
08/13/2026,15:47:24,25.8,47.1
08/13/2026,15:52:24,25.8,47.0
08/13/2026,15:57:24,25.9,46.9
08/13/2026,16:02:24,25.9,46.8
08/13/2026,16:07:24,25.9,46.7
08/13/2026,16:12:24,26.0,46.7
08/13/2026,16:17:24,26.0,46.6
08/13/2026,16:22:24,26.0,46.5
08/13/2026,16:27:24,26.1,46.6
08/13/2026,16:32:24,26.1,46.5
08/13/2026,16:37:24,26.1,46.5
08/13/2026,16:42:24,26.1,46.5
08/13/2026,16:47:24,26.1,46.4
08/13/2026,16:52:24,26.2,46.5
08/13/2026,16:57:24,26.2,46.5
08/13/2026,17:02:24,26.2,46.5
08/13/2026,17:07:24,26.2,46.4
08/13/2026,17:12:24,26.2,46.3
08/13/2026,17:17:24,26.2,46.4
08/13/2026,17:22:24,26.2,46.3
08/13/2026,17:27:24,26.3,46.3
08/13/2026,17:32:24,26.3,46.3
08/13/2026,17:37:24,26.3,46.3
08/13/2026,17:42:24,26.3,46.3
08/13/2026,17:47:24,26.3,46.2
08/13/2026,17:52:24,26.3,46.2
08/13/2026,17:57:24,26.3,46.3
08/13/2026,18:02:24,26.3,46.3
08/13/2026,18:07:24,26.4,46.3
08/13/2026,18:12:24,26.3,46.3
08/13/2026,18:17:24,26.3,46.3
08/13/2026,18:22:24,26.3,46.3
08/13/2026,18:27:24,26.4,46.2
08/13/2026,18:32:24,26.4,46.2
08/13/2026,18:37:24,26.4,46.2
08/13/2026,18:42:24,26.4,46.2
08/13/2026,18:47:24,26.4,46.2
08/13/2026,18:52:24,26.4,46.0
08/13/2026,18:57:24,26.4,44.8
08/13/2026,19:02:24,26.5,43.6
08/13/2026,19:07:24,26.5,42.6
08/13/2026,19:12:24,26.5,42.2
08/13/2026,19:17:24,26.6,42.4
08/13/2026,19:22:24,26.6,41.7
08/13/2026,19:27:24,26.7,41.3
08/13/2026,19:32:24,26.7,40.9
08/13/2026,19:37:24,26.8,40.8
08/13/2026,19:42:24,26.8,40.3
08/13/2026,19:47:24,26.8,40.0
08/13/2026,19:52:24,26.8,40.0
08/13/2026,19:57:24,26.8,40.4
08/13/2026,20:02:24,26.8,40.0
08/13/2026,20:07:24,26.9,39.6
08/13/2026,20:12:24,26.9,39.4
08/13/2026,20:17:24,26.9,39.1
08/13/2026,20:22:24,26.9,39.0
08/13/2026,20:27:24,26.9,38.9
08/13/2026,20:32:24,26.9,38.8
08/13/2026,20:37:24,26.8,38.7
08/13/2026,20:42:24,26.8,38.7
08/13/2026,20:47:24,26.8,38.7
08/13/2026,20:52:24,26.7,38.7
08/13/2026,20:57:24,26.7,39.0
08/13/2026,21:02:24,26.7,39.0
08/13/2026,21:07:24,26.7,39.0
08/13/2026,21:12:24,26.7,39.0
08/13/2026,21:17:24,26.7,39.2
08/13/2026,21:22:24,26.7,39.2
08/13/2026,21:27:24,26.7,39.3
08/13/2026,21:32:24,26.7,39.3
08/13/2026,21:37:24,26.6,39.4
08/13/2026,21:42:24,26.6,39.5
08/13/2026,21:47:24,26.6,39.4
08/13/2026,21:52:24,26.6,39.6
08/13/2026,21:57:24,26.6,39.6
08/13/2026,22:02:24,26.6,39.7
08/13/2026,22:07:24,26.6,39.7
08/13/2026,22:12:24,26.6,39.8
08/13/2026,22:17:24,26.6,39.8
08/13/2026,22:22:24,26.6,39.7
08/13/2026,22:27:24,26.6,39.7
08/13/2026,22:32:24,26.6,39.8
08/13/2026,22:37:24,26.6,39.8
08/13/2026,22:42:24,26.6,39.8
08/13/2026,22:47:24,26.5,39.8
08/13/2026,22:52:24,26.5,39.8
08/13/2026,22:57:24,26.5,39.8
08/13/2026,23:02:24,26.5,39.9
08/13/2026,23:07:24,26.5,39.9
08/13/2026,23:12:24,26.5,39.9
08/13/2026,23:17:24,26.5,39.9
08/13/2026,23:22:24,26.5,40.0
08/13/2026,23:27:24,26.5,40.0
08/13/2026,23:32:24,26.5,40.0
08/13/2026,23:37:24,26.5,40.0
08/13/2026,23:42:24,26.5,40.1
08/13/2026,23:47:24,26.5,40.1
08/13/2026,23:52:24,26.5,40.1
08/13/2026,23:57:24,26.5,40.1
08/14/2026,00:02:24,26.5,40.2
08/14/2026,00:07:24,26.5,40.2
08/14/2026,00:12:24,26.5,40.2
08/14/2026,00:17:24,26.5,40.2
08/14/2026,00:22:24,26.5,40.3
08/14/2026,00:27:24,26.4,40.3
08/14/2026,00:32:24,26.5,40.3
08/14/2026,00:37:24,26.5,40.3
08/14/2026,00:42:24,26.4,40.3
08/14/2026,00:47:24,26.5,40.3
08/14/2026,00:52:24,26.5,40.4
08/14/2026,00:57:24,26.5,40.4
08/14/2026,01:02:24,26.4,40.4
08/14/2026,01:07:24,26.4,40.4
08/14/2026,01:12:24,26.4,40.4
08/14/2026,01:17:24,26.4,40.4
08/14/2026,01:22:24,26.4,40.4
08/14/2026,01:27:24,26.4,40.4
08/14/2026,01:32:24,26.4,40.5
08/14/2026,01:37:24,26.4,40.5
08/14/2026,01:42:24,26.4,40.5
08/14/2026,01:47:24,26.4,40.5
08/14/2026,01:52:24,26.4,40.5
08/14/2026,01:57:24,26.4,40.5
08/14/2026,02:02:24,26.4,40.6
08/14/2026,02:07:24,26.4,40.6
08/14/2026,02:12:24,26.4,40.6
08/14/2026,02:17:24,26.4,40.6
08/14/2026,02:22:24,26.4,40.6
08/14/2026,02:27:24,26.4,40.7
08/14/2026,02:32:24,26.3,40.7
08/14/2026,02:37:24,26.3,40.7
08/14/2026,02:42:24,26.3,40.7
08/14/2026,02:47:24,26.3,40.7
08/14/2026,02:52:24,26.3,40.7
08/14/2026,02:57:24,26.4,40.7
08/14/2026,03:02:24,26.3,40.7
08/14/2026,03:07:24,26.3,40.7
08/14/2026,03:12:24,26.3,40.7
08/14/2026,03:17:24,26.3,40.7
08/14/2026,03:22:24,26.3,40.7
08/14/2026,03:27:24,26.3,40.7
08/14/2026,03:32:24,26.3,40.8
08/14/2026,03:37:24,26.3,40.8
08/14/2026,03:42:24,26.3,40.9
08/14/2026,03:47:24,26.3,40.8
08/14/2026,03:52:24,26.3,40.8
08/14/2026,03:57:24,26.3,40.9
08/14/2026,04:02:24,26.3,40.8
08/14/2026,04:07:24,26.3,40.9
08/14/2026,04:12:24,26.2,40.9
08/14/2026,04:17:24,26.2,40.9
08/14/2026,04:22:24,26.2,40.9
08/14/2026,04:27:24,26.3,40.9
08/14/2026,04:32:24,26.2,40.9
08/14/2026,04:37:24,26.2,40.9
08/14/2026,04:42:24,26.2,40.9
08/14/2026,04:47:24,26.2,41.0
08/14/2026,04:52:24,26.2,41.0
08/14/2026,04:57:24,26.2,41.0
08/14/2026,05:02:24,26.2,41.0
08/14/2026,05:07:24,26.2,41.0
08/14/2026,05:12:24,26.2,41.1
08/14/2026,05:17:24,26.2,41.1
08/14/2026,05:22:24,26.2,41.1
08/14/2026,05:27:24,26.2,41.1
08/14/2026,05:32:24,26.1,41.1
08/14/2026,05:37:24,26.2,41.1
08/14/2026,05:42:24,26.1,41.2
08/14/2026,05:47:24,26.1,41.2
08/14/2026,05:52:24,26.1,41.2
08/14/2026,05:57:24,26.1,41.2
08/14/2026,06:02:24,26.1,41.2
08/14/2026,06:07:24,26.1,41.2
08/14/2026,06:12:24,26.1,41.3
08/14/2026,06:17:24,26.1,41.3
08/14/2026,06:22:24,26.1,41.3
08/14/2026,06:27:24,26.1,41.3
08/14/2026,06:32:24,26.1,41.3
08/14/2026,06:37:24,26.1,41.3
08/14/2026,06:42:24,26.1,41.4
08/14/2026,06:47:24,26.1,41.4
08/14/2026,06:52:24,26.1,41.4
08/14/2026,06:57:24,26.1,41.4
08/14/2026,07:02:24,26.0,41.5
08/14/2026,07:07:24,26.0,41.6
08/14/2026,07:12:24,26.1,41.7
08/14/2026,07:17:24,26.1,41.7
08/14/2026,07:22:24,26.1,41.7
08/14/2026,07:27:24,26.1,41.8
08/14/2026,07:32:24,26.1,41.9
08/14/2026,07:37:24,26.1,41.9
08/14/2026,07:42:24,26.1,41.9
08/14/2026,07:47:24,26.1,42.0
08/14/2026,07:52:24,26.1,42.1
08/14/2026,07:57:24,26.1,42.1
08/14/2026,08:02:24,26.1,42.1
08/14/2026,08:07:24,26.1,42.1
08/14/2026,08:12:24,26.1,42.2
08/14/2026,08:17:24,26.1,42.3
08/14/2026,08:22:24,26.1,42.2
08/14/2026,08:27:24,26.1,42.3
08/14/2026,08:32:24,26.1,42.2
08/14/2026,08:37:24,26.1,42.3
08/14/2026,08:42:24,26.1,42.3
08/14/2026,08:47:24,26.1,42.3
08/14/2026,08:52:24,26.1,42.4
08/14/2026,08:57:24,26.1,42.4
08/14/2026,09:02:24,26.2,42.4
08/14/2026,09:07:24,26.2,42.4
08/14/2026,09:12:24,26.2,42.5
08/14/2026,09:17:24,26.2,42.4
08/14/2026,09:22:24,26.2,42.5
08/14/2026,09:27:24,26.2,42.5
08/14/2026,09:32:24,26.2,42.6
08/14/2026,09:37:24,26.2,42.6
08/14/2026,09:42:24,26.2,42.7
08/14/2026,09:47:24,26.2,42.7
08/14/2026,09:52:24,26.2,42.8
08/14/2026,09:57:24,26.2,42.8
08/14/2026,10:02:24,26.2,42.8
08/14/2026,10:07:24,26.3,42.9
08/14/2026,10:12:24,26.2,42.9
08/14/2026,10:17:24,26.3,42.9
08/14/2026,10:22:24,26.3,43.0
08/14/2026,10:27:24,26.3,43.1
08/14/2026,10:32:24,26.3,43.2
08/14/2026,10:37:24,26.3,43.1
08/14/2026,10:42:24,26.3,43.2
08/14/2026,10:47:24,26.3,43.2
08/14/2026,10:52:24,26.3,43.3
08/14/2026,10:57:24,26.3,43.3
08/14/2026,11:02:24,26.3,43.4
08/14/2026,11:07:24,26.3,43.4
08/14/2026,11:12:24,26.3,43.5
08/14/2026,11:17:24,26.3,43.5
08/14/2026,11:22:24,26.3,43.6
08/14/2026,11:27:24,26.4,43.6
08/14/2026,11:32:24,26.4,43.7
08/14/2026,11:37:24,26.4,43.8
08/14/2026,11:42:24,26.4,43.8
08/14/2026,11:47:24,26.4,43.8
08/14/2026,11:52:24,26.4,44.0
08/14/2026,11:57:24,26.4,44.3
08/14/2026,12:02:24,26.4,44.9
08/14/2026,12:07:24,26.4,45.5
08/14/2026,12:12:24,26.5,45.9
08/14/2026,12:17:24,26.6,46.1
08/14/2026,12:22:24,26.6,46.5
08/14/2026,12:27:24,26.6,46.9
08/14/2026,12:32:24,26.7,47.5
08/14/2026,12:37:24,26.7,48.0
08/14/2026,12:42:24,26.8,48.8
08/14/2026,12:47:24,26.8,48.9
08/14/2026,12:52:24,26.9,49.4
08/14/2026,12:57:24,26.9,49.0
08/14/2026,13:02:24,27.0,49.0
08/14/2026,13:07:24,27.0,49.2
08/14/2026,13:12:24,27.0,49.3
08/14/2026,13:17:24,27.0,49.3
08/14/2026,13:22:24,27.1,49.4
08/14/2026,13:27:24,27.1,49.4
08/14/2026,13:32:24,27.1,49.5
08/14/2026,13:37:24,27.2,49.5
08/14/2026,13:42:24,27.2,49.4
08/14/2026,13:47:24,27.2,49.3
08/14/2026,13:52:24,27.3,49.4
08/14/2026,13:57:24,27.3,49.3
08/14/2026,14:02:24,27.3,49.2
08/14/2026,14:07:24,27.3,49.3
08/14/2026,14:12:24,27.4,49.2
08/14/2026,14:17:24,27.4,49.2
08/14/2026,14:22:24,27.4,49.2
08/14/2026,14:27:24,27.5,49.1
08/14/2026,14:32:24,27.5,49.1
08/14/2026,14:37:24,27.6,49.1
08/14/2026,14:42:24,27.6,48.9
08/14/2026,14:47:24,27.6,48.8
08/14/2026,14:52:24,27.6,48.6
08/14/2026,14:57:24,27.7,48.5
08/14/2026,15:02:24,27.7,48.3
08/14/2026,15:07:24,27.7,48.0
08/14/2026,15:12:24,27.8,47.8
08/14/2026,15:17:24,27.8,47.5
08/14/2026,15:22:24,27.8,47.2
08/14/2026,15:27:24,27.9,46.8
08/14/2026,15:32:24,27.9,46.5
08/14/2026,15:37:24,28.0,46.2
08/14/2026,15:42:24,28.0,45.8
08/14/2026,15:47:24,28.1,45.6
08/14/2026,15:52:24,28.1,45.4
08/14/2026,15:57:24,28.2,45.2
08/14/2026,16:02:24,28.2,45.0
08/14/2026,16:07:24,28.2,44.9
08/14/2026,16:12:24,28.2,44.6
08/14/2026,16:17:24,28.2,44.5
08/14/2026,16:22:24,28.2,44.4
08/14/2026,16:27:24,28.2,44.3
08/14/2026,16:32:24,28.2,44.2
08/14/2026,16:37:24,28.2,44.0
08/14/2026,16:42:24,28.2,43.9
08/14/2026,16:47:24,28.2,43.7
08/14/2026,16:52:24,28.2,43.5
08/14/2026,16:57:24,28.3,43.3
08/14/2026,17:02:24,28.3,43.0
08/14/2026,17:07:24,28.3,43.0
08/14/2026,17:12:24,28.3,42.7
08/14/2026,17:17:24,28.3,42.6
08/14/2026,17:22:24,28.3,42.4
08/14/2026,17:27:24,28.3,42.4
08/14/2026,17:32:24,28.3,42.2
08/14/2026,17:37:24,28.3,42.1
08/14/2026,17:42:24,28.3,42.0
08/14/2026,17:47:24,28.3,42.0
08/14/2026,17:52:24,28.3,42.0
08/14/2026,17:57:24,28.3,42.0
08/14/2026,18:02:24,28.3,42.0
08/14/2026,18:07:24,28.3,41.9
08/14/2026,18:12:24,28.3,41.9
08/14/2026,18:17:24,28.3,41.9
08/14/2026,18:22:24,28.3,42.0
08/14/2026,18:27:24,28.3,41.9
08/14/2026,18:32:24,28.3,42.0
08/14/2026,18:37:24,28.2,42.0
08/14/2026,18:42:24,28.2,42.0
08/14/2026,18:47:24,28.2,42.0
08/14/2026,18:52:24,28.2,42.0
08/14/2026,18:57:24,28.2,42.1
08/14/2026,19:02:24,28.2,42.0
08/14/2026,19:07:24,28.2,42.0
08/14/2026,19:12:24,28.1,42.0
08/14/2026,19:17:24,28.1,41.9
08/14/2026,19:22:24,28.1,42.0
08/14/2026,19:27:24,28.1,42.0
08/14/2026,19:32:24,28.1,42.0
08/14/2026,19:37:24,28.1,42.0
08/14/2026,19:42:24,28.1,42.1
08/14/2026,19:47:24,28.1,42.1
08/14/2026,19:52:24,28.1,42.2
08/14/2026,19:57:24,28.0,42.3
08/14/2026,20:02:24,28.1,42.4
08/14/2026,20:07:24,28.0,42.6
08/14/2026,20:12:24,28.0,42.7
08/14/2026,20:17:24,28.0,42.8
08/14/2026,20:22:24,28.0,42.9
08/14/2026,20:27:24,28.0,43.0
08/14/2026,20:32:24,28.0,43.1
08/14/2026,20:37:24,28.0,43.1
08/14/2026,20:42:24,28.0,43.3
08/14/2026,20:47:24,28.0,43.4
08/14/2026,20:52:24,28.0,43.4
08/14/2026,20:57:24,28.0,43.5
08/14/2026,21:02:24,28.0,43.7
08/14/2026,21:07:24,27.9,43.8
08/14/2026,21:12:24,27.9,44.0
08/14/2026,21:17:24,27.9,44.1
08/14/2026,21:22:24,27.8,44.3
08/14/2026,21:27:24,27.8,44.4
08/14/2026,21:32:24,27.8,44.5
08/14/2026,21:37:24,27.8,44.6
08/14/2026,21:42:24,27.8,44.7
08/14/2026,21:47:24,27.8,44.8
08/14/2026,21:52:24,27.8,44.8
08/14/2026,21:57:24,27.7,45.0
08/14/2026,22:02:24,27.7,45.0
08/14/2026,22:07:24,27.7,45.1
08/14/2026,22:12:24,27.7,45.2
08/14/2026,22:17:24,27.7,45.3
08/14/2026,22:22:24,27.7,45.4
08/14/2026,22:27:24,27.6,45.4
08/14/2026,22:32:24,27.6,45.5
08/14/2026,22:37:24,27.6,45.6
08/14/2026,22:42:24,27.6,45.6
08/14/2026,22:47:24,27.6,45.7
08/14/2026,22:52:24,27.6,45.7
08/14/2026,22:57:24,27.6,45.8
08/14/2026,23:02:24,27.6,45.8
08/14/2026,23:07:24,27.6,45.8
08/14/2026,23:12:24,27.6,46.0
08/14/2026,23:17:24,27.5,46.0
08/14/2026,23:22:24,27.5,46.1
08/14/2026,23:27:24,27.5,46.1
08/14/2026,23:32:24,27.5,46.2
08/14/2026,23:37:24,27.4,46.3
08/14/2026,23:42:24,27.5,46.3
08/14/2026,23:47:24,27.4,46.4
08/14/2026,23:52:24,27.4,46.5
08/14/2026,23:57:24,27.4,46.7
08/15/2026,00:02:24,27.4,46.9
08/15/2026,00:07:24,27.4,47.1
08/15/2026,00:12:24,27.4,47.3
08/15/2026,00:17:24,27.4,47.5
08/15/2026,00:22:24,27.3,47.6
08/15/2026,00:27:24,27.3,47.7
08/15/2026,00:32:24,27.3,47.8
08/15/2026,00:37:24,27.3,47.9
08/15/2026,00:42:24,27.3,48.1
08/15/2026,00:47:24,27.2,48.2
08/15/2026,00:52:24,27.3,48.2
08/15/2026,00:57:24,27.2,48.3
08/15/2026,01:02:24,27.2,48.3
08/15/2026,01:07:24,27.2,48.4
08/15/2026,01:12:24,27.1,48.4
08/15/2026,01:17:24,27.1,48.4
08/15/2026,01:22:24,27.1,48.5
08/15/2026,01:27:24,27.1,48.5
08/15/2026,01:32:24,27.0,48.5
08/15/2026,01:37:24,27.0,48.5
08/15/2026,01:42:24,27.0,48.6
08/15/2026,01:47:24,26.9,48.6
08/15/2026,01:52:24,26.9,48.6
08/15/2026,01:57:24,26.9,48.6
08/15/2026,02:02:24,26.9,48.7
08/15/2026,02:07:24,26.8,48.7
08/15/2026,02:12:24,26.8,48.7
08/15/2026,02:17:24,26.8,48.7
08/15/2026,02:22:24,26.8,48.6
08/15/2026,02:27:24,26.7,48.6
08/15/2026,02:32:24,26.7,48.5
08/15/2026,02:37:24,26.7,48.5
08/15/2026,02:42:24,26.6,48.3
08/15/2026,02:47:24,26.6,48.1
08/15/2026,02:52:24,26.5,48.0
08/15/2026,02:57:24,26.5,47.9
08/15/2026,03:02:24,26.5,47.7
08/15/2026,03:07:24,26.4,47.6
08/15/2026,03:12:24,26.4,47.5
08/15/2026,03:17:24,26.3,47.2
08/15/2026,03:22:24,26.3,47.0
08/15/2026,03:27:24,26.2,46.8
08/15/2026,03:32:24,26.2,46.6
08/15/2026,03:37:24,26.2,46.4
08/15/2026,03:42:24,26.1,46.2
08/15/2026,03:47:24,26.1,46.1
08/15/2026,03:52:24,26.1,45.9
08/15/2026,03:57:24,26.0,45.8
08/15/2026,04:02:24,26.0,45.7
08/15/2026,04:07:24,25.9,45.6
08/15/2026,04:12:24,25.9,45.6
08/15/2026,04:17:24,25.9,45.5
08/15/2026,04:22:24,25.8,45.5
08/15/2026,04:27:24,25.8,45.4
08/15/2026,04:32:24,25.8,45.5
08/15/2026,04:37:24,25.7,45.4
08/15/2026,04:42:24,25.7,45.4
08/15/2026,04:47:24,25.7,45.5
08/15/2026,04:52:24,25.7,45.5
08/15/2026,04:57:24,25.6,45.5
08/15/2026,05:02:24,25.6,45.6
08/15/2026,05:07:24,25.6,45.7
08/15/2026,05:12:24,25.6,45.8
08/15/2026,05:17:24,25.6,45.9
08/15/2026,05:22:24,25.6,46.1
08/15/2026,05:27:24,25.5,46.2
08/15/2026,05:32:24,25.5,46.4
08/15/2026,05:37:24,25.5,46.7
08/15/2026,05:42:24,25.5,47.1
08/15/2026,05:47:24,25.5,47.5
08/15/2026,05:52:24,25.5,47.9
08/15/2026,05:57:24,25.5,48.5
08/15/2026,06:02:24,25.5,49.1
08/15/2026,06:07:24,25.4,49.6
08/15/2026,06:12:24,25.5,50.0
08/15/2026,06:17:24,25.5,50.3
08/15/2026,06:22:24,25.4,50.6
08/15/2026,06:27:24,25.4,50.7
08/15/2026,06:32:24,25.4,50.7
08/15/2026,06:37:24,25.4,50.7
08/15/2026,06:42:24,25.4,50.8
08/15/2026,06:47:24,25.4,50.9
08/15/2026,06:52:24,25.4,51.0
08/15/2026,06:57:24,25.3,51.0
08/15/2026,07:02:24,25.4,51.0
08/15/2026,07:07:24,25.3,51.0
08/15/2026,07:12:24,25.3,50.9
08/15/2026,07:17:24,25.3,50.8
08/15/2026,07:22:24,25.3,50.8
08/15/2026,07:27:24,25.2,50.8
08/15/2026,07:32:24,25.2,50.8
08/15/2026,07:37:24,25.2,50.7
08/15/2026,07:42:24,25.2,50.6
08/15/2026,07:47:24,25.2,50.4
08/15/2026,07:52:24,25.1,50.3
08/15/2026,07:57:24,25.1,50.2
08/15/2026,08:02:24,25.1,50.1
08/15/2026,08:07:24,25.1,50.0
08/15/2026,08:12:24,25.0,49.9
08/15/2026,08:17:24,25.0,49.9
08/15/2026,08:22:24,25.0,49.8
08/15/2026,08:27:24,25.0,49.8
08/15/2026,08:32:24,25.0,49.6
08/15/2026,08:37:24,25.0,49.6
08/15/2026,08:42:24,25.0,49.4
08/15/2026,08:47:24,25.0,49.4
08/15/2026,08:52:24,25.0,49.3
08/15/2026,08:57:24,25.0,49.3
08/15/2026,09:02:24,25.0,49.2
08/15/2026,09:07:24,25.0,49.2
08/15/2026,09:12:24,25.0,49.1
08/15/2026,09:17:24,25.0,49.1
08/15/2026,09:22:24,25.0,49.2
08/15/2026,09:27:24,25.0,49.2
08/15/2026,09:32:24,25.0,49.3
08/15/2026,09:37:24,25.1,49.3
08/15/2026,09:42:24,25.1,49.3
08/15/2026,09:47:24,25.1,49.4
08/15/2026,09:52:24,25.2,49.4
08/15/2026,09:57:24,25.2,49.4
08/15/2026,10:02:24,25.2,49.4
08/15/2026,10:07:24,25.2,49.5
08/15/2026,10:12:24,25.3,49.5
08/15/2026,10:17:24,25.3,49.6
08/15/2026,10:22:24,25.3,49.9
08/15/2026,10:27:24,25.3,49.9
08/15/2026,10:32:24,25.4,50.0
08/15/2026,10:37:24,25.4,50.1
08/15/2026,10:42:24,25.4,50.1
08/15/2026,10:47:24,25.4,50.0
08/15/2026,10:52:24,25.4,50.0
08/15/2026,10:57:24,25.4,50.0
08/15/2026,11:02:24,25.4,49.9
08/15/2026,11:07:24,25.4,49.8
08/15/2026,11:12:24,25.4,49.8
08/15/2026,11:17:24,25.4,49.8
08/15/2026,11:22:24,25.4,49.9
08/15/2026,11:27:24,25.4,49.9
08/15/2026,11:32:24,25.4,49.8
08/15/2026,11:37:24,25.3,49.9
08/15/2026,11:42:24,25.3,49.8
08/15/2026,11:47:24,25.3,49.8
08/15/2026,11:52:24,25.3,49.8
08/15/2026,11:57:24,25.3,49.8
08/15/2026,12:02:24,25.3,49.8
08/15/2026,12:07:24,25.3,49.8
08/15/2026,12:12:24,25.3,49.8
08/15/2026,12:17:24,25.3,49.9
08/15/2026,12:22:24,25.4,50.1
08/15/2026,12:27:24,25.4,49.9
08/15/2026,12:32:24,25.4,50.0
08/15/2026,12:37:24,25.4,49.9
08/15/2026,12:42:24,25.4,50.1
08/15/2026,12:47:24,25.4,50.0
08/15/2026,12:52:24,25.4,50.2
08/15/2026,12:57:24,25.5,50.2
08/15/2026,13:02:24,25.5,50.3
08/15/2026,13:07:24,25.6,50.3
08/15/2026,13:12:24,25.6,50.3
08/15/2026,13:17:24,25.6,50.4
08/15/2026,13:22:24,25.6,50.3
08/15/2026,13:27:24,25.6,50.3
08/15/2026,13:32:24,25.6,50.4
08/15/2026,13:37:24,25.6,50.5
08/15/2026,13:42:24,25.6,50.3
08/15/2026,13:47:24,25.6,50.4
08/15/2026,13:52:24,25.6,50.5
08/15/2026,13:57:24,25.6,50.7
08/15/2026,14:02:24,25.7,50.7
08/15/2026,14:07:24,25.7,50.7
08/15/2026,14:12:24,25.7,50.7
08/15/2026,14:17:24,25.7,50.7
08/15/2026,14:22:24,25.7,50.7
08/15/2026,14:27:24,25.7,50.7
08/15/2026,14:32:24,25.7,50.8
08/15/2026,14:37:24,25.7,50.6
08/15/2026,14:42:24,25.7,50.5
08/15/2026,14:47:24,25.7,50.5
08/15/2026,14:52:24,25.7,50.4
08/15/2026,14:57:24,25.7,50.4
08/15/2026,15:02:24,25.7,50.5
08/15/2026,15:07:24,25.7,50.4
08/15/2026,15:12:24,25.8,50.4
08/15/2026,15:17:24,25.7,50.5
08/15/2026,15:22:24,25.8,50.5
08/15/2026,15:27:24,25.8,50.6
08/15/2026,15:32:24,25.8,50.5
08/15/2026,15:37:24,25.8,50.7
08/15/2026,15:42:24,25.8,50.7
08/15/2026,15:47:24,25.8,50.6
08/15/2026,15:52:24,25.8,50.6
08/15/2026,15:57:24,25.8,50.4
08/15/2026,16:02:24,25.8,50.5
08/15/2026,16:07:24,25.8,50.4
08/15/2026,16:12:24,25.8,50.3
08/15/2026,16:17:24,25.8,50.5
08/15/2026,16:22:24,25.8,50.4
08/15/2026,16:27:24,25.8,50.4
08/15/2026,16:32:24,25.8,50.5
08/15/2026,16:37:24,25.9,50.7
08/15/2026,16:42:24,25.9,50.7
08/15/2026,16:47:24,25.9,50.6
08/15/2026,16:52:24,25.9,50.3
08/15/2026,16:57:24,25.9,50.2
08/15/2026,17:02:24,25.9,50.1
08/15/2026,17:07:24,25.9,50.1
08/15/2026,17:12:24,25.9,50.0
08/15/2026,17:17:24,25.8,50.0
08/15/2026,17:22:24,25.8,49.9
08/15/2026,17:27:24,25.8,49.8
08/15/2026,17:32:24,25.8,49.8
08/15/2026,17:37:24,25.8,50.0
08/15/2026,17:42:24,25.8,50.1
08/15/2026,17:47:24,25.7,50.0
08/15/2026,17:52:24,25.7,49.9
08/15/2026,17:57:24,25.7,50.0
08/15/2026,18:02:24,25.7,50.0
08/15/2026,18:07:24,25.7,50.2
08/15/2026,18:12:24,25.7,50.4
08/15/2026,18:17:24,25.8,51.2
08/15/2026,18:22:24,25.8,50.9
08/15/2026,18:27:24,25.8,51.2
08/15/2026,18:32:24,25.9,51.1
08/15/2026,18:37:24,25.9,51.4
08/15/2026,18:42:24,25.9,51.2
08/15/2026,18:47:24,25.9,50.7
08/15/2026,18:52:24,25.9,50.8
08/15/2026,18:57:24,25.9,50.8
08/15/2026,19:02:24,25.9,50.7
08/15/2026,19:07:24,25.9,50.6
08/15/2026,19:12:24,25.9,50.8
08/15/2026,19:17:24,25.9,50.6
08/15/2026,19:22:24,25.9,50.4
08/15/2026,19:27:24,25.9,50.3
08/15/2026,19:32:24,25.8,50.1
08/15/2026,19:37:24,25.8,49.8
08/15/2026,19:42:24,25.8,49.8
08/15/2026,19:47:24,25.8,49.9
08/15/2026,19:52:24,25.8,49.7
08/15/2026,19:57:24,25.8,49.4
08/15/2026,20:02:24,25.7,49.7
08/15/2026,20:07:24,25.7,49.6
08/15/2026,20:12:24,25.7,49.8
08/15/2026,20:17:24,25.7,50.0
08/15/2026,20:22:24,25.7,50.0
08/15/2026,20:27:24,25.7,50.2
08/15/2026,20:32:24,25.7,50.4
08/15/2026,20:37:24,25.7,50.5
08/15/2026,20:42:24,25.7,50.5
08/15/2026,20:47:24,25.8,50.5
08/15/2026,20:52:24,25.8,50.5
08/15/2026,20:57:24,25.8,50.5
08/15/2026,21:02:24,25.8,50.5
08/15/2026,21:07:24,25.8,50.4
08/15/2026,21:12:24,25.8,50.4
08/15/2026,21:17:24,25.8,50.3
08/15/2026,21:22:24,25.8,50.3
08/15/2026,21:27:24,25.8,50.3
08/15/2026,21:32:24,25.8,50.2
08/15/2026,21:37:24,25.8,50.2
08/15/2026,21:42:24,25.8,50.2
08/15/2026,21:47:24,25.8,50.1
08/15/2026,21:52:24,25.8,50.1
08/15/2026,21:57:24,25.8,50.1
08/15/2026,22:02:24,25.8,50.1
08/15/2026,22:07:24,25.8,50.0
08/15/2026,22:12:24,25.8,50.0
08/15/2026,22:17:24,25.8,50.0
08/15/2026,22:22:24,25.7,49.9
08/15/2026,22:27:24,25.7,49.9
08/15/2026,22:32:24,25.7,49.9
08/15/2026,22:37:24,25.7,49.8
08/15/2026,22:42:24,25.7,49.8
08/15/2026,22:47:24,25.7,49.8
08/15/2026,22:52:24,25.7,49.8
08/15/2026,22:57:24,25.7,49.7
08/15/2026,23:02:24,25.7,49.7
08/15/2026,23:07:24,25.7,49.7
08/15/2026,23:12:24,25.7,49.6
08/15/2026,23:17:24,25.7,49.6
08/15/2026,23:22:24,25.6,49.6
08/15/2026,23:27:24,25.6,49.5
08/15/2026,23:32:24,25.6,49.5
08/15/2026,23:37:24,25.6,49.5
08/15/2026,23:42:24,25.6,49.4
08/15/2026,23:47:24,25.6,49.4
08/15/2026,23:52:24,25.6,49.3
08/15/2026,23:57:24,25.6,49.3
08/16/2026,00:02:24,25.6,49.3
08/16/2026,00:07:24,25.5,49.2
08/16/2026,00:12:24,25.5,49.2
08/16/2026,00:17:24,25.5,49.2
08/16/2026,00:22:24,25.5,49.2
08/16/2026,00:27:24,25.5,49.1
08/16/2026,00:32:24,25.4,49.1
08/16/2026,00:37:24,25.5,49.1
08/16/2026,00:42:24,25.5,49.0
08/16/2026,00:47:24,25.4,49.0
08/16/2026,00:52:24,25.4,49.0
08/16/2026,00:57:24,25.4,48.9
08/16/2026,01:02:24,25.4,48.9
08/16/2026,01:07:24,25.4,48.9
08/16/2026,01:12:24,25.4,48.8
08/16/2026,01:17:24,25.4,48.8
08/16/2026,01:22:24,25.4,48.8
08/16/2026,01:27:24,25.3,48.7
08/16/2026,01:32:24,25.3,48.7
08/16/2026,01:37:24,25.3,48.7
08/16/2026,01:42:24,25.3,48.6
08/16/2026,01:47:24,25.3,48.6
08/16/2026,01:52:24,25.3,48.6
08/16/2026,01:57:24,25.3,48.5
08/16/2026,02:02:24,25.3,48.5
08/16/2026,02:07:24,25.2,48.5
08/16/2026,02:12:24,25.2,48.4
08/16/2026,02:17:24,25.2,48.5
08/16/2026,02:22:24,25.2,48.4
08/16/2026,02:27:24,25.2,48.4
08/16/2026,02:32:24,25.2,48.4
08/16/2026,02:37:24,25.2,48.3
08/16/2026,02:42:24,25.1,48.3
08/16/2026,02:47:24,25.2,48.2
08/16/2026,02:52:24,25.1,48.2
08/16/2026,02:57:24,25.1,48.2
08/16/2026,03:02:24,25.1,48.2
08/16/2026,03:07:24,25.1,48.1
08/16/2026,03:12:24,25.1,48.1
08/16/2026,03:17:24,25.1,48.1
08/16/2026,03:22:24,25.0,48.0
08/16/2026,03:27:24,25.0,48.0
08/16/2026,03:32:24,25.0,48.0
08/16/2026,03:37:24,25.0,47.9
08/16/2026,03:42:24,25.0,47.9
08/16/2026,03:47:24,25.0,47.9
08/16/2026,03:52:24,25.0,47.9
08/16/2026,03:57:24,24.9,47.8
08/16/2026,04:02:24,24.9,47.8
08/16/2026,04:07:24,24.9,47.8
08/16/2026,04:12:24,24.9,47.8
08/16/2026,04:17:24,24.9,47.7
08/16/2026,04:22:24,24.9,47.7
08/16/2026,04:27:24,24.9,47.7
08/16/2026,04:32:24,24.8,47.7
08/16/2026,04:37:24,24.8,47.7
08/16/2026,04:42:24,24.8,47.6
08/16/2026,04:47:24,24.8,47.6
08/16/2026,04:52:24,24.8,47.6
08/16/2026,04:57:24,24.8,47.6
08/16/2026,05:02:24,24.8,47.5
08/16/2026,05:07:24,24.7,47.6
08/16/2026,05:12:24,24.8,47.4
08/16/2026,05:17:24,24.7,47.5
08/16/2026,05:22:24,24.7,47.5
08/16/2026,05:27:24,24.7,47.5
08/16/2026,05:32:24,24.7,47.4
08/16/2026,05:37:24,24.7,47.4
08/16/2026,05:42:24,24.6,47.4
08/16/2026,05:47:24,24.6,47.4
08/16/2026,05:52:24,24.6,47.4
08/16/2026,05:57:24,24.6,47.4
08/16/2026,06:02:24,24.6,47.4
08/16/2026,06:07:24,24.6,47.4
08/16/2026,06:12:24,24.6,47.4
08/16/2026,06:17:24,24.6,47.3
08/16/2026,06:22:24,24.6,47.4
08/16/2026,06:27:24,24.6,47.3
08/16/2026,06:32:24,24.6,47.3
08/16/2026,06:37:24,24.5,47.3
08/16/2026,06:42:24,24.5,47.3
08/16/2026,06:47:24,24.5,47.3
08/16/2026,06:52:24,24.5,47.3
08/16/2026,06:57:24,24.5,47.3
08/16/2026,07:02:24,24.5,47.3
08/16/2026,07:07:24,24.5,47.3
08/16/2026,07:12:24,24.5,47.3
08/16/2026,07:17:24,24.5,47.3
08/16/2026,07:22:24,24.5,47.3
08/16/2026,07:27:24,24.5,47.2
08/16/2026,07:32:24,24.4,47.3
08/16/2026,07:37:24,24.4,47.4
08/16/2026,07:42:24,24.4,47.4
08/16/2026,07:47:24,24.4,47.6
08/16/2026,07:52:24,24.4,48.0
08/16/2026,07:57:24,24.3,48.2
08/16/2026,08:02:24,24.2,48.6
08/16/2026,08:07:24,24.1,49.1
08/16/2026,08:12:24,24.1,49.2
08/16/2026,08:17:24,24.1,49.4
08/16/2026,08:22:24,24.1,49.6
08/16/2026,08:27:24,24.1,49.9
08/16/2026,08:32:24,24.0,50.0
08/16/2026,08:37:24,24.0,50.2
08/16/2026,08:42:24,24.0,50.4
08/16/2026,08:47:24,24.0,50.7
08/16/2026,08:52:24,24.0,50.8
08/16/2026,08:57:24,24.0,50.8
08/16/2026,09:02:24,24.0,50.9
08/16/2026,09:07:24,24.0,50.9
08/16/2026,09:12:24,23.9,51.1
08/16/2026,09:17:24,23.9,51.1
08/16/2026,09:22:24,23.9,51.2
08/16/2026,09:27:24,23.9,51.4
08/16/2026,09:32:24,23.9,51.5
08/16/2026,09:37:24,23.9,51.4
08/16/2026,09:42:24,23.8,51.3
08/16/2026,09:47:24,23.9,51.6
08/16/2026,09:52:24,23.9,51.6
08/16/2026,09:57:24,23.9,51.3
08/16/2026,10:02:24,23.9,51.1
08/16/2026,10:07:24,23.9,51.1
08/16/2026,10:12:24,23.9,51.2
08/16/2026,10:17:24,23.9,51.6
08/16/2026,10:22:24,23.9,51.3
08/16/2026,10:27:24,23.9,50.8
08/16/2026,10:32:24,23.9,50.7
08/16/2026,10:37:24,24.0,51.5
08/16/2026,10:42:24,24.0,51.5
08/16/2026,10:47:24,24.0,50.8
08/16/2026,10:52:24,24.0,51.2
08/16/2026,10:57:24,24.1,51.3
08/16/2026,11:02:24,24.1,51.2
08/16/2026,11:07:24,24.1,51.0
08/16/2026,11:12:24,24.0,50.8
08/16/2026,11:17:24,24.0,51.1
08/16/2026,11:22:24,24.1,51.3
08/16/2026,11:27:24,24.1,51.6
08/16/2026,11:32:24,24.2,52.1
08/16/2026,11:37:24,24.2,51.5
08/16/2026,11:42:24,24.2,51.1
08/16/2026,11:47:24,24.2,50.9
08/16/2026,11:52:24,24.2,51.1
08/16/2026,11:57:24,24.1,51.0
08/16/2026,12:02:24,24.2,51.7
08/16/2026,12:07:24,24.2,51.1
08/16/2026,12:12:24,24.2,50.9
08/16/2026,12:17:24,24.2,50.7
08/16/2026,12:22:24,24.1,50.9
08/16/2026,12:27:24,24.2,50.8
08/16/2026,12:32:24,24.2,51.1
08/16/2026,12:37:24,24.2,50.6
08/16/2026,12:42:24,24.2,50.5
08/16/2026,12:47:24,24.2,50.0
08/16/2026,12:52:24,24.2,49.6
08/16/2026,12:57:24,24.2,50.0
08/16/2026,13:02:24,24.2,50.1
08/16/2026,13:07:24,24.2,50.5
08/16/2026,13:12:24,24.3,50.7
08/16/2026,13:17:24,24.3,50.8
08/16/2026,13:22:24,24.3,50.8
08/16/2026,13:27:24,24.4,50.8
08/16/2026,13:32:24,24.4,50.6
08/16/2026,13:37:24,24.4,50.5
08/16/2026,13:42:24,24.4,50.5
08/16/2026,13:47:24,24.5,50.5
08/16/2026,13:52:24,24.4,50.4
08/16/2026,13:57:24,24.5,50.5
08/16/2026,14:02:24,24.5,50.4
08/16/2026,14:07:24,24.5,50.5
08/16/2026,14:12:24,24.5,50.3
08/16/2026,14:17:24,24.5,50.3
08/16/2026,14:22:24,24.5,50.3
08/16/2026,14:27:24,24.6,50.3
08/16/2026,14:32:24,24.6,50.2
08/16/2026,14:37:24,24.6,50.2
08/16/2026,14:42:24,24.6,50.1
08/16/2026,14:47:24,24.6,50.2
08/16/2026,14:52:24,24.6,50.3
08/16/2026,14:57:24,24.7,50.0
08/16/2026,15:02:24,24.6,50.0
08/16/2026,15:07:24,24.6,50.0
08/16/2026,15:12:24,24.7,49.8
08/16/2026,15:17:24,24.7,50.0
08/16/2026,15:22:24,24.7,50.0
08/16/2026,15:27:24,24.7,50.0
08/16/2026,15:32:24,24.7,50.1
08/16/2026,15:37:24,24.7,50.0
08/16/2026,15:42:24,24.7,50.0
08/16/2026,15:47:24,24.8,50.0
08/16/2026,15:52:24,24.8,50.0
08/16/2026,15:57:24,24.8,50.1
08/16/2026,16:02:24,24.8,50.0
08/16/2026,16:07:24,24.9,49.8
08/16/2026,16:12:24,24.8,49.6
08/16/2026,16:17:24,24.9,49.5
08/16/2026,16:22:24,24.9,49.8
08/16/2026,16:27:24,24.9,49.5
08/16/2026,16:32:24,24.8,49.4
08/16/2026,16:37:24,24.9,49.2
08/16/2026,16:42:24,24.9,49.2
08/16/2026,16:47:24,24.9,49.2
08/16/2026,16:52:24,24.9,49.3
08/16/2026,16:57:24,24.9,49.3
08/16/2026,17:02:24,24.9,49.0
08/16/2026,17:07:24,24.9,48.9
08/16/2026,17:12:24,24.9,48.8
08/16/2026,17:17:24,24.9,48.6
08/16/2026,17:22:24,24.9,48.6
08/16/2026,17:27:24,24.8,48.8
08/16/2026,17:32:24,24.8,48.6
08/16/2026,17:37:24,24.9,48.6
08/16/2026,17:42:24,24.8,48.4
08/16/2026,17:47:24,24.8,48.2
08/16/2026,17:52:24,24.8,48.0
08/16/2026,17:57:24,24.8,48.0
08/16/2026,18:02:24,24.8,48.2
08/16/2026,18:07:24,24.8,48.1
08/16/2026,18:12:24,24.8,48.0
08/16/2026,18:17:24,24.8,47.9
08/16/2026,18:22:24,24.7,47.8
08/16/2026,18:27:24,24.8,47.7
08/16/2026,18:32:24,24.7,47.8
08/16/2026,18:37:24,24.7,47.9
08/16/2026,18:42:24,24.7,47.7
08/16/2026,18:47:24,24.7,47.3
08/16/2026,18:52:24,24.7,47.2
08/16/2026,18:57:24,24.7,46.9
08/16/2026,19:02:24,24.6,46.7
08/16/2026,19:07:24,24.6,46.5
08/16/2026,19:12:24,24.6,46.4
08/16/2026,19:17:24,24.6,46.4
08/16/2026,19:22:24,24.6,46.3
08/16/2026,19:27:24,24.6,46.2
08/16/2026,19:32:24,24.6,46.2
08/16/2026,19:37:24,24.6,46.1
08/16/2026,19:42:24,24.5,46.0
08/16/2026,19:47:24,24.5,45.9
08/16/2026,19:52:24,24.5,45.8
08/16/2026,19:57:24,24.5,45.8
08/16/2026,20:02:24,24.5,45.7
08/16/2026,20:07:24,24.5,45.7
08/16/2026,20:12:24,24.4,45.6
08/16/2026,20:17:24,24.4,45.6
08/16/2026,20:22:24,24.4,45.5
08/16/2026,20:27:24,24.4,45.6
08/16/2026,20:32:24,24.4,45.5
08/16/2026,20:37:24,24.3,45.5
08/16/2026,20:42:24,24.3,45.5
08/16/2026,20:47:24,24.3,45.4
08/16/2026,20:52:24,24.3,45.4
08/16/2026,20:57:24,24.3,45.4
08/16/2026,21:02:24,24.2,45.4
08/16/2026,21:07:24,24.2,45.4
08/16/2026,21:12:24,24.2,45.3
08/16/2026,21:17:24,24.2,45.3
08/16/2026,21:22:24,24.2,45.3
08/16/2026,21:27:24,24.2,45.3
08/16/2026,21:32:24,24.1,45.2
08/16/2026,21:37:24,24.1,45.3
08/16/2026,21:42:24,24.1,45.3
08/16/2026,21:47:24,24.1,45.3
08/16/2026,21:52:24,24.1,45.3
08/16/2026,21:57:24,24.0,45.4
08/16/2026,22:02:24,24.0,45.5
08/16/2026,22:07:24,24.0,45.4
08/16/2026,22:12:24,24.0,45.5
08/16/2026,22:17:24,24.0,45.6
08/16/2026,22:22:24,23.9,45.7
08/16/2026,22:27:24,23.9,45.8
08/16/2026,22:32:24,23.9,45.8
08/16/2026,22:37:24,23.9,45.9
08/16/2026,22:42:24,23.9,46.0
08/16/2026,22:47:24,23.9,46.1
08/16/2026,22:52:24,23.8,46.2
08/16/2026,22:57:24,23.8,46.4
08/16/2026,23:02:24,23.8,46.5
08/16/2026,23:07:24,23.8,46.6
08/16/2026,23:12:24,23.8,46.9
08/16/2026,23:17:24,23.8,47.1
08/16/2026,23:22:24,23.7,47.4
08/16/2026,23:27:24,23.7,47.6
08/16/2026,23:32:24,23.7,47.8
08/16/2026,23:37:24,23.7,48.0
08/16/2026,23:42:24,23.7,48.2
08/16/2026,23:47:24,23.7,48.5
08/16/2026,23:52:24,23.6,48.7
08/16/2026,23:57:24,23.6,48.9
08/17/2026,00:02:24,23.6,49.2
08/17/2026,00:07:24,23.6,49.3
08/17/2026,00:12:24,23.6,49.6
08/17/2026,00:17:24,23.6,49.7
08/17/2026,00:22:24,23.6,49.9
08/17/2026,00:27:24,23.5,50.0
08/17/2026,00:32:24,23.5,50.1
08/17/2026,00:37:24,23.5,50.2
08/17/2026,00:42:24,23.5,50.3
08/17/2026,00:47:24,23.5,50.5
08/17/2026,00:52:24,23.4,50.6
08/17/2026,00:57:24,23.4,50.7
08/17/2026,01:02:24,23.4,50.7
08/17/2026,01:07:24,23.4,50.8
08/17/2026,01:12:24,23.4,50.9
08/17/2026,01:17:24,23.3,50.9
08/17/2026,01:22:24,23.3,50.9
08/17/2026,01:27:24,23.3,50.9
08/17/2026,01:32:24,23.3,50.9
08/17/2026,01:37:24,23.3,50.9
08/17/2026,01:42:24,23.3,50.8
08/17/2026,01:47:24,23.2,50.7
08/17/2026,01:52:24,23.2,50.7
08/17/2026,01:57:24,23.2,50.6
08/17/2026,02:02:24,23.2,50.5
08/17/2026,02:07:24,23.1,50.5
08/17/2026,02:12:24,23.1,50.4
08/17/2026,02:17:24,23.1,50.3
08/17/2026,02:22:24,23.1,50.3
08/17/2026,02:27:24,23.0,50.3
08/17/2026,02:32:24,23.0,50.2
08/17/2026,02:37:24,23.0,50.1
08/17/2026,02:42:24,23.0,50.1
08/17/2026,02:47:24,23.0,50.1
08/17/2026,02:52:24,22.9,50.0
08/17/2026,02:57:24,22.9,50.0
08/17/2026,03:02:24,22.9,50.0
08/17/2026,03:07:24,22.9,49.9
08/17/2026,03:12:24,22.8,49.9
08/17/2026,03:17:24,22.8,49.8
08/17/2026,03:22:24,22.8,49.7
08/17/2026,03:27:24,22.8,49.7
08/17/2026,03:32:24,22.8,49.7
08/17/2026,03:37:24,22.8,49.7
08/17/2026,03:42:24,22.7,49.7
08/17/2026,03:47:24,22.7,49.7
08/17/2026,03:52:24,22.7,49.7
08/17/2026,03:57:24,22.7,49.7
08/17/2026,04:02:24,22.7,49.7
08/17/2026,04:07:24,22.7,49.7
08/17/2026,04:12:24,22.7,49.7
08/17/2026,04:17:24,22.7,49.7
08/17/2026,04:22:24,22.7,49.7
08/17/2026,04:27:24,22.7,49.7
08/17/2026,04:32:24,22.7,49.7
08/17/2026,04:37:24,22.7,49.7
08/17/2026,04:42:24,22.7,49.7
08/17/2026,04:47:24,22.7,49.7
08/17/2026,04:52:24,22.6,49.6
08/17/2026,04:57:24,22.6,49.6
08/17/2026,05:02:24,22.6,49.7
08/17/2026,05:07:24,22.6,49.6
08/17/2026,05:12:24,22.5,49.7
08/17/2026,05:17:24,22.5,49.6
08/17/2026,05:22:24,22.5,49.7
08/17/2026,05:27:24,22.4,49.7
08/17/2026,05:32:24,22.4,49.7
08/17/2026,05:37:24,22.3,49.7
08/17/2026,05:42:24,22.3,49.8
08/17/2026,05:47:24,22.3,49.8
08/17/2026,05:52:24,22.3,49.9
08/17/2026,05:57:24,22.3,49.9
08/17/2026,06:02:24,22.3,49.9
08/17/2026,06:07:24,22.2,50.0
08/17/2026,06:12:24,22.2,50.1
08/17/2026,06:17:24,22.2,50.2
08/17/2026,06:22:24,22.2,50.4
08/17/2026,06:27:24,22.1,50.5
08/17/2026,06:32:24,22.1,50.6
08/17/2026,06:37:24,22.1,50.6
08/17/2026,06:42:24,22.1,50.6
08/17/2026,06:47:24,22.2,50.5
08/17/2026,06:52:24,22.2,50.5
08/17/2026,06:57:24,22.3,50.4
08/17/2026,07:02:24,22.3,50.3
08/17/2026,07:07:24,22.3,50.4
08/17/2026,07:12:24,22.5,50.2
08/17/2026,07:17:24,22.5,50.0
08/17/2026,07:22:24,22.6,50.0
08/17/2026,07:27:24,22.6,49.9
08/17/2026,07:32:24,22.6,49.9
08/17/2026,07:37:24,22.6,49.8
08/17/2026,07:42:24,22.6,49.8
08/17/2026,07:47:24,22.7,49.8
08/17/2026,07:52:24,22.7,49.7
08/17/2026,07:57:24,22.7,49.7
08/17/2026,08:02:24,22.7,49.7
08/17/2026,08:07:24,22.7,49.6
08/17/2026,08:12:24,22.7,49.6
08/17/2026,08:17:24,22.8,49.6
08/17/2026,08:22:24,22.8,49.6
08/17/2026,08:27:24,22.8,49.6
08/17/2026,08:32:24,22.8,49.6
08/17/2026,08:37:24,22.8,49.6
08/17/2026,08:42:24,22.8,49.6
08/17/2026,08:47:24,22.8,49.6
08/17/2026,08:52:24,22.8,49.6
08/17/2026,08:57:24,22.8,49.5
08/17/2026,09:02:24,22.9,49.5
08/17/2026,09:07:24,22.9,49.5
08/17/2026,09:12:24,22.9,49.5
08/17/2026,09:17:24,22.9,49.5
08/17/2026,09:22:24,22.9,49.4
08/17/2026,09:27:24,22.9,49.4
08/17/2026,09:32:24,22.9,49.4
08/17/2026,09:37:24,23.0,49.4
08/17/2026,09:42:24,22.9,49.4
08/17/2026,09:47:24,23.0,49.3
08/17/2026,09:52:24,23.0,49.4
08/17/2026,09:57:24,23.0,49.3
08/17/2026,10:02:24,23.0,49.4
08/17/2026,10:07:24,23.0,49.3
08/17/2026,10:12:24,23.0,49.3
08/17/2026,10:17:24,23.0,49.3
08/17/2026,10:22:24,23.0,49.3
08/17/2026,10:27:24,23.0,49.3
08/17/2026,10:32:24,23.0,49.2
08/17/2026,10:37:24,23.0,49.3
08/17/2026,10:42:24,23.0,49.3
08/17/2026,10:47:24,23.1,49.3
08/17/2026,10:52:24,23.1,49.2
08/17/2026,10:57:24,23.1,49.2
08/17/2026,11:02:24,23.1,49.2
08/17/2026,11:07:24,23.1,49.2
08/17/2026,11:12:24,23.1,49.2
08/17/2026,11:17:24,23.1,49.2
08/17/2026,11:22:24,23.1,49.3
08/17/2026,11:27:24,23.1,49.3
08/17/2026,11:32:24,23.1,49.3
08/17/2026,11:37:24,23.1,49.3
08/17/2026,11:42:24,23.2,49.3
08/17/2026,11:47:24,23.2,49.4
08/17/2026,11:52:24,23.2,49.4
08/17/2026,11:57:24,23.2,49.4
08/17/2026,12:02:24,23.2,49.5
08/17/2026,12:07:24,23.2,49.4
08/17/2026,12:12:24,23.2,49.4
08/17/2026,12:17:24,23.2,49.5
08/17/2026,12:22:24,23.3,49.5
08/17/2026,12:27:24,23.2,49.5
08/17/2026,12:32:24,23.3,49.5
08/17/2026,12:37:24,23.3,49.5
08/17/2026,12:42:24,23.3,49.6
08/17/2026,12:47:24,23.3,49.5
08/17/2026,12:52:24,23.3,49.6
08/17/2026,12:57:24,23.3,49.6
08/17/2026,13:02:24,23.3,49.6
08/17/2026,13:07:24,23.3,49.7
08/17/2026,13:12:24,23.4,49.6
08/17/2026,13:17:24,23.4,49.7
08/17/2026,13:22:24,23.4,49.8
08/17/2026,13:27:24,23.4,49.8
08/17/2026,13:32:24,23.4,49.8
08/17/2026,13:37:24,23.5,49.9
08/17/2026,13:42:24,23.4,49.9
08/17/2026,13:47:24,23.5,49.9
08/17/2026,13:52:24,23.5,49.9
08/17/2026,13:57:24,23.5,50.0
08/17/2026,14:02:24,23.5,50.0
08/17/2026,14:07:24,23.5,50.0
08/17/2026,14:12:24,23.5,50.0
08/17/2026,14:17:24,23.5,50.1
08/17/2026,14:22:24,23.5,50.1
08/17/2026,14:27:24,23.5,50.1
08/17/2026,14:32:24,23.6,50.2
08/17/2026,14:37:24,23.6,50.2
08/17/2026,14:42:24,23.6,50.2
08/17/2026,14:47:24,23.6,50.2
08/17/2026,14:52:24,23.6,50.2
08/17/2026,14:57:24,23.6,50.3
08/17/2026,15:02:24,23.6,50.3
08/17/2026,15:07:24,23.6,50.3
08/17/2026,15:12:24,23.6,50.3
08/17/2026,15:17:24,23.7,50.3
08/17/2026,15:22:24,23.6,50.3
08/17/2026,15:27:24,23.7,50.3
08/17/2026,15:32:24,23.7,50.4
08/17/2026,15:37:24,23.7,50.4
08/17/2026,15:42:24,23.7,50.5
08/17/2026,15:47:24,23.7,50.5
08/17/2026,15:52:24,23.7,50.5
08/17/2026,15:57:24,23.7,50.5
08/17/2026,16:02:24,23.7,50.6
08/17/2026,16:07:24,23.7,50.7
08/17/2026,16:12:24,23.7,50.7
08/17/2026,16:17:24,23.7,50.7
08/17/2026,16:22:24,23.7,50.7
08/17/2026,16:27:24,23.8,50.8
08/17/2026,16:32:24,23.7,50.8
08/17/2026,16:37:24,23.8,50.9
08/17/2026,16:42:24,23.8,50.8
08/17/2026,16:47:24,23.8,50.9
08/17/2026,16:52:24,23.8,50.9
08/17/2026,16:57:24,23.8,50.9
08/17/2026,17:02:24,23.8,51.0
08/17/2026,17:07:24,23.8,51.0
08/17/2026,17:12:24,23.8,51.0
08/17/2026,17:17:24,23.8,51.1
08/17/2026,17:22:24,23.8,51.2
08/17/2026,17:27:24,23.8,51.2
08/17/2026,17:32:24,23.8,51.2
08/17/2026,17:37:24,23.8,51.2
08/17/2026,17:42:24,23.8,51.2
08/17/2026,17:47:24,23.8,51.2
08/17/2026,17:52:24,23.8,51.2
08/17/2026,17:57:24,23.8,51.3
08/17/2026,18:02:24,23.8,51.3
08/17/2026,18:07:24,23.8,51.3
08/17/2026,18:12:24,23.8,51.3
08/17/2026,18:17:24,23.8,51.3
08/17/2026,18:22:24,23.8,51.3
08/17/2026,18:27:24,23.9,51.3
08/17/2026,18:32:24,23.8,51.3
08/17/2026,18:37:24,23.8,51.3
08/17/2026,18:42:24,23.8,51.3
08/17/2026,18:47:24,23.8,51.3
08/17/2026,18:52:24,23.9,51.3
08/17/2026,18:57:24,23.9,51.4
08/17/2026,19:02:24,23.8,51.3
08/17/2026,19:07:24,23.9,51.3
08/17/2026,19:12:24,23.9,51.3
08/17/2026,19:17:24,23.8,51.4
08/17/2026,19:22:24,23.8,51.3
08/17/2026,19:27:24,23.8,51.4
08/17/2026,19:32:24,23.9,51.4
08/17/2026,19:37:24,23.9,51.4
08/17/2026,19:42:24,23.9,51.3
08/17/2026,19:47:24,23.8,51.3
08/17/2026,19:52:24,23.9,51.3
08/17/2026,19:57:24,23.9,51.3
08/17/2026,20:02:24,23.8,51.3
08/17/2026,20:07:24,23.8,51.3
08/17/2026,20:12:24,23.8,51.4
08/17/2026,20:17:24,23.8,51.3
08/17/2026,20:22:24,23.9,51.4
08/17/2026,20:27:24,23.8,51.3
08/17/2026,20:32:24,23.8,51.4
08/17/2026,20:37:24,23.8,51.4
08/17/2026,20:42:24,23.9,51.4
08/17/2026,20:47:24,23.9,51.4
08/17/2026,20:52:24,23.8,51.4
08/17/2026,20:57:24,23.8,51.4
08/17/2026,21:02:24,23.8,51.4
08/17/2026,21:07:24,23.8,51.4
08/17/2026,21:12:24,23.8,51.5
08/17/2026,21:17:24,23.8,51.5
08/17/2026,21:22:24,23.8,51.5
08/17/2026,21:27:24,23.8,51.5
08/17/2026,21:32:24,23.8,51.5
08/17/2026,21:37:24,23.8,51.5
08/17/2026,21:42:24,23.8,51.5
08/17/2026,21:47:24,23.8,51.5
08/17/2026,21:52:24,23.8,51.5
08/17/2026,21:57:24,23.8,51.5
08/17/2026,22:02:24,23.8,51.5
08/17/2026,22:07:24,23.8,51.6
08/17/2026,22:12:24,23.8,51.6
08/17/2026,22:17:24,23.8,51.7
08/17/2026,22:22:24,23.8,51.7
08/17/2026,22:27:24,23.8,51.7
08/17/2026,22:32:24,23.8,51.7
08/17/2026,22:37:24,23.8,51.7
08/17/2026,22:42:24,23.8,51.7
08/17/2026,22:47:24,23.8,51.7
08/17/2026,22:52:24,23.8,51.7
08/17/2026,22:57:24,23.8,51.8
08/17/2026,23:02:24,23.8,51.7
08/17/2026,23:07:24,23.8,51.7
08/17/2026,23:12:24,23.8,51.8
08/17/2026,23:17:24,23.8,51.8
08/17/2026,23:22:24,23.8,51.9
08/17/2026,23:27:24,23.8,51.9
08/17/2026,23:32:24,23.8,51.9
08/17/2026,23:37:24,23.8,51.9
08/17/2026,23:42:24,23.8,51.9
08/17/2026,23:47:24,23.8,51.9
08/17/2026,23:52:24,23.8,51.9
08/17/2026,23:57:24,23.8,51.9
08/18/2026,00:02:24,23.8,52.0
08/18/2026,00:07:24,23.8,51.9
08/18/2026,00:12:24,23.8,51.9
08/18/2026,00:17:24,23.8,52.0
08/18/2026,00:22:24,23.8,52.0
08/18/2026,00:27:24,23.8,52.0
08/18/2026,00:32:24,23.8,52.0
08/18/2026,00:37:24,23.8,52.1
08/18/2026,00:42:24,23.8,52.1
08/18/2026,00:47:24,23.8,52.1
08/18/2026,00:52:24,23.8,52.1
08/18/2026,00:57:24,23.8,52.1
08/18/2026,01:02:24,23.8,52.1
08/18/2026,01:07:24,23.8,52.1
08/18/2026,01:12:24,23.8,52.2
08/18/2026,01:17:24,23.8,52.2
08/18/2026,01:22:24,23.8,52.2
08/18/2026,01:27:24,23.8,52.2
08/18/2026,01:32:24,23.8,52.2
08/18/2026,01:37:24,23.8,52.3
08/18/2026,01:42:24,23.8,52.3
08/18/2026,01:47:24,23.8,52.3
08/18/2026,01:52:24,23.7,52.2
08/18/2026,01:57:24,23.8,52.3
08/18/2026,02:02:24,23.8,52.3
08/18/2026,02:07:24,23.8,52.3
08/18/2026,02:12:24,23.8,52.4
08/18/2026,02:17:24,23.8,52.5
08/18/2026,02:22:24,23.8,52.5
08/18/2026,02:27:24,23.8,52.6
08/18/2026,02:32:24,23.7,52.6
08/18/2026,02:37:24,23.7,52.5
08/18/2026,02:42:24,23.7,52.5
08/18/2026,02:47:24,23.7,52.6
08/18/2026,02:52:24,23.7,52.6
08/18/2026,02:57:24,23.7,52.6
08/18/2026,03:02:24,23.7,52.6
08/18/2026,03:07:24,23.7,52.6
08/18/2026,03:12:24,23.7,52.7
08/18/2026,03:17:24,23.7,52.7
08/18/2026,03:22:24,23.7,52.7
08/18/2026,03:27:24,23.7,52.7
08/18/2026,03:32:24,23.7,52.8
08/18/2026,03:37:24,23.7,52.8
08/18/2026,03:42:24,23.6,52.8
08/18/2026,03:47:24,23.6,52.8
08/18/2026,03:52:24,23.6,52.8
08/18/2026,03:57:24,23.6,52.9
08/18/2026,04:02:24,23.6,52.9
08/18/2026,04:07:24,23.6,52.9
08/18/2026,04:12:24,23.6,52.9
08/18/2026,04:17:24,23.6,52.9
08/18/2026,04:22:24,23.6,53.0
08/18/2026,04:27:24,23.6,53.0
08/18/2026,04:32:24,23.6,53.0
08/18/2026,04:37:24,23.6,53.0
08/18/2026,04:42:24,23.6,53.1
08/18/2026,04:47:24,23.6,53.0
08/18/2026,04:52:24,23.5,53.1
08/18/2026,04:57:24,23.5,53.2
08/18/2026,05:02:24,23.5,53.1
08/18/2026,05:07:24,23.5,53.2
08/18/2026,05:12:24,23.5,53.1
08/18/2026,05:17:24,23.5,53.2
08/18/2026,05:22:24,23.5,53.2
08/18/2026,05:27:24,23.5,53.2
08/18/2026,05:32:24,23.5,53.3
08/18/2026,05:37:24,23.5,53.3
08/18/2026,05:42:24,23.5,53.3
08/18/2026,05:47:24,23.5,53.3
08/18/2026,05:52:24,23.5,53.3
08/18/2026,05:57:24,23.4,53.4
08/18/2026,06:02:24,23.4,53.4
08/18/2026,06:07:24,23.4,53.4
08/18/2026,06:12:24,23.4,53.4
08/18/2026,06:17:24,23.4,53.5
08/18/2026,06:22:24,23.4,53.4
08/18/2026,06:27:24,23.4,53.5
08/18/2026,06:32:24,23.4,53.5
08/18/2026,06:37:24,23.4,53.5
08/18/2026,06:42:24,23.4,53.5
08/18/2026,06:47:24,23.4,53.5
08/18/2026,06:52:24,23.4,53.5
08/18/2026,06:57:24,23.4,53.5
08/18/2026,07:02:24,23.4,53.5
08/18/2026,07:07:24,23.4,53.6
08/18/2026,07:12:24,23.4,53.6
08/18/2026,07:17:24,23.4,53.6
08/18/2026,07:22:24,23.4,53.6
08/18/2026,07:27:24,23.4,53.7
08/18/2026,07:32:24,23.4,53.6
08/18/2026,07:37:24,23.4,53.7
08/18/2026,07:42:24,23.4,53.7
08/18/2026,07:47:24,23.4,53.7
08/18/2026,07:52:24,23.3,53.7
08/18/2026,07:57:24,23.3,53.8
08/18/2026,08:02:24,23.3,53.8
08/18/2026,08:07:24,23.4,53.8
08/18/2026,08:12:24,23.3,53.8
08/18/2026,08:17:24,23.3,53.8
08/18/2026,08:22:24,23.3,53.9
08/18/2026,08:27:24,23.3,53.9
08/18/2026,08:32:24,23.3,54.0
08/18/2026,08:37:24,23.3,54.0
08/18/2026,08:42:24,23.3,53.9
08/18/2026,08:47:24,23.3,53.9
08/18/2026,08:52:24,23.3,54.0
08/18/2026,08:57:24,23.3,54.0
08/18/2026,09:02:24,23.3,53.9
08/18/2026,09:07:24,23.3,54.0
08/18/2026,09:12:24,23.3,54.0
08/18/2026,09:17:24,23.3,54.1
08/18/2026,09:22:24,23.3,54.1
08/18/2026,09:27:24,23.3,54.1
08/18/2026,09:32:24,23.3,54.1
08/18/2026,09:37:24,23.3,54.1
08/18/2026,09:42:24,23.3,54.2
08/18/2026,09:47:24,23.3,54.1
08/18/2026,09:52:24,23.3,54.1
08/18/2026,09:57:24,23.3,54.2
08/18/2026,10:02:24,23.3,54.2
08/18/2026,10:07:24,23.3,54.2
08/18/2026,10:12:24,23.3,54.1
08/18/2026,10:17:24,23.3,54.2
08/18/2026,10:22:24,23.3,54.2
08/18/2026,10:27:24,23.3,54.3
08/18/2026,10:32:24,23.3,54.2
08/18/2026,10:37:24,23.3,54.2
08/18/2026,10:42:24,23.3,54.1
08/18/2026,10:47:24,23.3,54.2
08/18/2026,10:52:24,23.3,54.1
08/18/2026,10:57:24,23.3,54.1
08/18/2026,11:02:24,23.3,54.1
08/18/2026,11:07:24,23.3,54.2
08/18/2026,11:12:24,23.3,54.2
08/18/2026,11:17:24,23.3,54.2
08/18/2026,11:22:24,23.3,54.2
08/18/2026,11:27:24,23.3,54.3
08/18/2026,11:32:24,23.3,54.4
08/18/2026,11:37:24,23.3,54.3
08/18/2026,11:42:24,23.3,54.4
08/18/2026,11:47:24,23.3,54.4
08/18/2026,11:52:24,23.3,54.5
08/18/2026,11:57:24,23.3,54.5
08/18/2026,12:02:24,23.3,54.5
08/18/2026,12:07:24,23.4,54.6
08/18/2026,12:12:24,23.4,54.7
08/18/2026,12:17:24,23.4,54.8
08/18/2026,12:22:24,23.4,54.7
08/18/2026,12:27:24,23.4,54.8
08/18/2026,12:32:24,23.4,54.8
08/18/2026,12:37:24,23.4,54.8
08/18/2026,12:42:24,23.4,54.9
08/18/2026,12:47:24,23.4,54.9
08/18/2026,12:52:24,23.4,54.9
08/18/2026,12:57:24,23.4,55.0
08/18/2026,13:02:24,23.4,55.0
08/18/2026,13:07:24,23.5,55.0
08/18/2026,13:12:24,23.5,55.1
08/18/2026,13:17:24,23.4,55.1
08/18/2026,13:22:24,23.5,55.1
08/18/2026,13:27:24,23.5,55.2
08/18/2026,13:32:24,23.5,55.2
08/18/2026,13:37:24,23.5,55.2
08/18/2026,13:42:24,23.5,55.1
08/18/2026,13:47:24,23.5,55.1
08/18/2026,13:52:24,23.5,55.1
08/18/2026,13:57:24,23.5,55.1
08/18/2026,14:02:24,23.5,55.1
08/18/2026,14:07:24,23.5,55.1
08/18/2026,14:12:24,23.5,55.1
08/18/2026,14:17:24,23.5,55.1
08/18/2026,14:22:24,23.5,55.1
08/18/2026,14:27:24,23.5,55.1
08/18/2026,14:32:24,23.5,55.0
08/18/2026,14:37:24,23.5,55.1
08/18/2026,14:42:24,23.5,55.0
08/18/2026,14:47:24,23.5,55.0
08/18/2026,14:52:24,23.5,55.0
08/18/2026,14:57:24,23.5,55.0
08/18/2026,15:02:24,23.5,55.0
08/18/2026,15:07:24,23.5,54.9
08/18/2026,15:12:24,23.5,54.9
08/18/2026,15:17:24,23.5,54.9
08/18/2026,15:22:24,23.5,54.9
08/18/2026,15:27:24,23.5,54.8
08/18/2026,15:32:24,23.5,54.8
08/18/2026,15:37:24,23.5,54.8
08/18/2026,15:42:24,23.6,54.7
08/18/2026,15:47:24,23.6,54.7
08/18/2026,15:52:24,23.6,54.7
08/18/2026,15:57:24,23.6,54.7
08/18/2026,16:02:24,23.6,54.7
08/18/2026,16:07:24,23.6,54.5
08/18/2026,16:12:24,23.6,54.5
08/18/2026,16:17:24,23.6,54.4
08/18/2026,16:22:24,23.6,54.4
08/18/2026,16:27:24,23.6,54.4
08/18/2026,16:32:24,23.6,54.4
08/18/2026,16:37:24,23.6,54.3
08/18/2026,16:42:24,23.6,54.3
08/18/2026,16:47:24,23.6,54.3
08/18/2026,16:52:24,23.6,54.3
08/18/2026,16:57:24,23.6,54.2
08/18/2026,17:02:24,23.6,54.2
08/18/2026,17:07:24,23.6,54.2
08/18/2026,17:12:24,23.6,54.2
08/18/2026,17:17:24,23.6,54.1
08/18/2026,17:22:24,23.6,54.1
08/18/2026,17:27:24,23.6,54.2
08/18/2026,17:32:24,23.6,54.1
08/18/2026,17:37:24,23.6,54.1
08/18/2026,17:42:24,23.6,54.1
08/18/2026,17:47:24,23.6,54.1
08/18/2026,17:52:24,23.6,54.1
08/18/2026,17:57:24,23.6,54.1
08/18/2026,18:02:24,23.6,54.1
08/18/2026,18:07:24,23.6,54.0
08/18/2026,18:12:24,23.6,54.1
08/18/2026,18:17:24,23.6,54.0
08/18/2026,18:22:24,23.6,54.0
08/18/2026,18:27:24,23.6,54.1
08/18/2026,18:32:24,23.6,54.0
08/18/2026,18:37:24,23.6,54.0
08/18/2026,18:42:24,23.5,53.5
08/18/2026,18:47:24,23.6,53.6
08/18/2026,18:52:24,23.5,53.7
08/18/2026,18:57:24,23.5,53.8
08/18/2026,19:02:24,23.5,53.9
08/18/2026,19:07:24,23.6,54.0
08/18/2026,19:12:24,23.6,54.6
08/18/2026,19:17:24,23.6,54.5
08/18/2026,19:22:24,23.6,54.7
08/18/2026,19:27:24,23.6,54.5
08/18/2026,19:32:24,23.7,54.5
08/18/2026,19:37:24,23.7,54.7
08/18/2026,19:42:24,23.7,54.5
08/18/2026,19:47:24,23.7,54.5
08/18/2026,19:52:24,23.7,54.4
08/18/2026,19:57:24,23.7,54.4
08/18/2026,20:02:24,23.7,54.4
08/18/2026,20:07:24,23.7,54.4
08/18/2026,20:12:24,23.7,54.4
08/18/2026,20:17:24,23.7,54.4
08/18/2026,20:22:24,23.7,54.4
08/18/2026,20:27:24,23.7,54.3
08/18/2026,20:32:24,23.7,54.3
08/18/2026,20:37:24,23.7,54.2
08/18/2026,20:42:24,23.6,54.2
08/18/2026,20:47:24,23.6,54.2
08/18/2026,20:52:24,23.6,54.2
08/18/2026,20:57:24,23.6,54.1
08/18/2026,21:02:24,23.6,54.1
08/18/2026,21:07:24,23.6,54.1
08/18/2026,21:12:24,23.6,54.1
08/18/2026,21:17:24,23.6,54.1
08/18/2026,21:22:24,23.6,54.1
08/18/2026,21:27:24,23.6,54.0
08/18/2026,21:32:24,23.6,54.0
08/18/2026,21:37:24,23.6,54.0
08/18/2026,21:42:24,23.5,54.0
08/18/2026,21:47:24,23.5,53.9
08/18/2026,21:52:24,23.5,53.9
08/18/2026,21:57:24,23.5,53.9
08/18/2026,22:02:24,23.5,53.9
08/18/2026,22:07:24,23.5,53.8
08/18/2026,22:12:24,23.5,53.8
08/18/2026,22:17:24,23.5,53.8
08/18/2026,22:22:24,23.5,53.8
08/18/2026,22:27:24,23.5,53.8
08/18/2026,22:32:24,23.5,53.7
08/18/2026,22:37:24,23.5,53.7
08/18/2026,22:42:24,23.5,53.7
08/18/2026,22:47:24,23.5,53.6
08/18/2026,22:52:24,23.5,53.6
08/18/2026,22:57:24,23.5,53.6
08/18/2026,23:02:24,23.4,53.6
08/18/2026,23:07:24,23.4,53.5
08/18/2026,23:12:24,23.5,53.5
08/18/2026,23:17:24,23.4,53.5
08/18/2026,23:22:24,23.4,53.4
08/18/2026,23:27:24,23.4,53.4
08/18/2026,23:32:24,23.4,53.4
08/18/2026,23:37:24,23.4,53.4
08/18/2026,23:42:24,23.4,53.3
08/18/2026,23:47:24,23.4,53.3
08/18/2026,23:52:24,23.4,53.3
08/18/2026,23:57:24,23.4,53.3
08/19/2026,00:02:24,23.4,53.3
08/19/2026,00:07:24,23.4,53.2
08/19/2026,00:12:24,23.4,53.2
08/19/2026,00:17:24,23.3,53.1
08/19/2026,00:22:24,23.3,53.1
08/19/2026,00:27:24,23.4,53.1
08/19/2026,00:32:24,23.3,53.1
08/19/2026,00:37:24,23.3,53.1
08/19/2026,00:42:24,23.3,53.0
08/19/2026,00:47:24,23.3,53.0
08/19/2026,00:52:24,23.3,53.0
08/19/2026,00:57:24,23.3,53.0
08/19/2026,01:02:24,23.3,53.0
08/19/2026,01:07:24,23.3,53.0
08/19/2026,01:12:24,23.3,52.9
08/19/2026,01:17:24,23.3,52.9
08/19/2026,01:22:24,23.3,52.9
08/19/2026,01:27:24,23.3,52.9
08/19/2026,01:32:24,23.3,52.9
08/19/2026,01:37:24,23.2,52.9
08/19/2026,01:42:24,23.3,52.9
08/19/2026,01:47:24,23.3,52.9
08/19/2026,01:52:24,23.2,52.8
08/19/2026,01:57:24,23.2,52.8
08/19/2026,02:02:24,23.2,52.8
08/19/2026,02:07:24,23.2,52.8
08/19/2026,02:12:24,23.2,52.8
08/19/2026,02:17:24,23.2,52.8
08/19/2026,02:22:24,23.2,52.7
08/19/2026,02:27:24,23.2,52.8
08/19/2026,02:32:24,23.2,52.7
08/19/2026,02:37:24,23.2,52.7
08/19/2026,02:42:24,23.2,52.7
08/19/2026,02:47:24,23.2,52.8
08/19/2026,02:52:24,23.2,52.8
08/19/2026,02:57:24,23.2,52.8
08/19/2026,03:02:24,23.2,52.7
08/19/2026,03:07:24,23.1,52.7
08/19/2026,03:12:24,23.1,52.7
08/19/2026,03:17:24,23.1,52.7
08/19/2026,03:22:24,23.1,52.7
08/19/2026,03:27:24,23.1,52.7
08/19/2026,03:32:24,23.1,52.7
08/19/2026,03:37:24,23.1,52.7
08/19/2026,03:42:24,23.1,52.7
08/19/2026,03:47:24,23.1,52.7
08/19/2026,03:52:24,23.1,52.7
08/19/2026,03:57:24,23.1,52.7
08/19/2026,04:02:24,23.1,52.7
08/19/2026,04:07:24,23.1,52.7
08/19/2026,04:12:24,23.1,52.7
08/19/2026,04:17:24,23.1,52.7
08/19/2026,04:22:24,23.0,52.7
08/19/2026,04:27:24,23.0,52.7
08/19/2026,04:32:24,23.0,52.7
08/19/2026,04:37:24,23.0,52.7
08/19/2026,04:42:24,23.0,52.7
08/19/2026,04:47:24,23.0,52.7
08/19/2026,04:52:24,23.0,52.7
08/19/2026,04:57:24,23.0,52.7
08/19/2026,05:02:24,23.0,52.7
08/19/2026,05:07:24,23.0,52.7
08/19/2026,05:12:24,23.0,52.7
08/19/2026,05:17:24,23.0,52.6
08/19/2026,05:22:24,22.9,52.7
08/19/2026,05:27:24,22.9,52.7
08/19/2026,05:32:24,22.9,52.6
08/19/2026,05:37:24,22.9,52.6
08/19/2026,05:42:24,22.9,52.7
08/19/2026,05:47:24,22.9,52.6
08/19/2026,05:52:24,22.9,52.6
08/19/2026,05:57:24,22.9,52.7
08/19/2026,06:02:24,22.9,52.6
08/19/2026,06:07:24,22.9,52.6
08/19/2026,06:12:24,22.9,52.6
08/19/2026,06:17:24,22.8,52.6
08/19/2026,06:22:24,22.8,52.6
08/19/2026,06:27:24,22.8,52.6
08/19/2026,06:32:24,22.8,52.6
08/19/2026,06:37:24,22.8,52.6
08/19/2026,06:42:24,22.8,52.6
08/19/2026,06:47:24,22.8,52.6
08/19/2026,06:52:24,22.8,52.6
08/19/2026,06:57:24,22.8,52.6
08/19/2026,07:02:24,22.8,52.6
08/19/2026,07:07:24,22.8,52.6
08/19/2026,07:12:24,22.8,52.7
08/19/2026,07:17:24,22.8,52.6
08/19/2026,07:22:24,22.8,52.6
08/19/2026,07:27:24,22.8,52.6
08/19/2026,07:32:24,22.8,52.6
08/19/2026,07:37:24,22.7,52.6
08/19/2026,07:42:24,22.7,52.7
08/19/2026,07:47:24,22.7,52.6
08/19/2026,07:52:24,22.7,52.6
08/19/2026,07:57:24,22.7,52.7
08/19/2026,08:02:24,22.7,52.7
08/19/2026,08:07:24,22.7,52.7
08/19/2026,08:12:24,22.7,52.7
08/19/2026,08:17:24,22.7,52.7
08/19/2026,08:22:24,22.7,52.7
08/19/2026,08:27:24,22.7,52.7
08/19/2026,08:32:24,22.7,52.8
08/19/2026,08:37:24,22.7,52.8
08/19/2026,08:42:24,22.7,52.8
08/19/2026,08:47:24,22.7,52.8
08/19/2026,08:52:24,22.7,52.8
08/19/2026,08:57:24,22.7,52.8
08/19/2026,09:02:24,22.7,52.8
08/19/2026,09:07:24,22.7,52.8
08/19/2026,09:12:24,22.7,52.8
08/19/2026,09:17:24,22.7,52.8
08/19/2026,09:22:24,22.7,52.8
08/19/2026,09:27:24,22.7,52.8
08/19/2026,09:32:24,22.7,52.8
08/19/2026,09:37:24,22.7,52.8
08/19/2026,09:42:24,22.7,52.8
08/19/2026,09:47:24,22.7,52.8
08/19/2026,09:52:24,22.7,52.8
08/19/2026,09:57:24,22.7,52.8
08/19/2026,10:02:24,22.7,52.7
08/19/2026,10:07:24,22.7,52.8
08/19/2026,10:12:24,22.7,52.8
08/19/2026,10:17:24,22.7,52.8
08/19/2026,10:22:24,22.7,52.7
08/19/2026,10:27:24,22.7,52.7
08/19/2026,10:32:24,22.7,52.8
08/19/2026,10:37:24,22.7,52.7
08/19/2026,10:42:24,22.7,52.7
08/19/2026,10:47:24,22.7,52.7
08/19/2026,10:52:24,22.7,52.7
08/19/2026,10:57:24,22.7,52.7
08/19/2026,11:02:24,22.7,52.7
08/19/2026,11:07:24,22.7,52.7
08/19/2026,11:12:24,22.7,52.7
08/19/2026,11:17:24,22.7,52.7
08/19/2026,11:22:24,22.8,52.7
08/19/2026,11:27:24,22.7,52.7
08/19/2026,11:32:24,22.8,52.7
08/19/2026,11:37:24,22.8,52.7
08/19/2026,11:42:24,22.8,52.7
08/19/2026,11:47:24,22.8,52.7
08/19/2026,11:52:24,22.8,52.7
08/19/2026,11:57:24,22.8,52.7
08/19/2026,12:02:24,22.8,52.7
08/19/2026,12:07:24,22.8,52.7
08/19/2026,12:12:24,22.8,52.7
08/19/2026,12:17:24,22.8,52.7
08/19/2026,12:22:24,22.8,52.7
08/19/2026,12:27:24,22.8,52.7
08/19/2026,12:32:24,22.8,52.7
08/19/2026,12:37:24,22.8,52.7
08/19/2026,12:42:24,22.8,52.7
08/19/2026,12:47:24,22.8,52.7
08/19/2026,12:52:24,22.8,52.7
08/19/2026,12:57:24,22.8,52.7
08/19/2026,13:02:24,22.8,52.7
08/19/2026,13:07:24,22.8,52.7
08/19/2026,13:12:24,22.8,52.7
08/19/2026,13:17:24,22.8,52.7
08/19/2026,13:22:24,22.9,52.7
08/19/2026,13:27:24,22.9,52.7
08/19/2026,13:32:24,22.8,52.7
08/19/2026,13:37:24,22.8,52.7
08/19/2026,13:42:24,22.8,52.7
08/19/2026,13:47:24,22.9,52.7
08/19/2026,13:52:24,22.9,52.7
08/19/2026,13:57:24,22.9,52.7
08/19/2026,14:02:24,22.9,52.7
08/19/2026,14:07:24,22.9,52.7
08/19/2026,14:12:24,22.9,52.7
08/19/2026,14:17:24,22.9,52.7
08/19/2026,14:22:24,22.9,52.7
08/19/2026,14:27:24,22.9,52.7
08/19/2026,14:32:24,22.9,52.7
08/19/2026,14:37:24,22.9,52.7
08/19/2026,14:42:24,22.9,52.7
08/19/2026,14:47:24,22.9,52.8
08/19/2026,14:52:24,22.9,52.8
08/19/2026,14:57:24,22.9,52.8
08/19/2026,15:02:24,22.9,52.8
08/19/2026,15:07:24,22.9,52.8
08/19/2026,15:12:24,22.9,52.8
08/19/2026,15:17:24,22.9,52.8
08/19/2026,15:22:24,23.0,52.8
08/19/2026,15:27:24,22.9,52.8
08/19/2026,15:32:24,22.9,52.8
08/19/2026,15:37:24,23.0,52.8
08/19/2026,15:42:24,22.9,52.8
08/19/2026,15:47:24,23.0,52.8
08/19/2026,15:52:24,23.0,52.8
08/19/2026,15:57:24,23.0,52.8
08/19/2026,16:02:24,23.0,52.8
08/19/2026,16:07:24,23.0,52.8
08/19/2026,16:12:24,23.1,52.8
08/19/2026,16:17:24,23.1,52.8
08/19/2026,16:22:24,23.1,52.8
08/19/2026,16:27:24,23.1,52.7
08/19/2026,16:32:24,23.1,52.7
08/19/2026,16:37:24,23.2,52.7
08/19/2026,16:42:24,23.2,52.6
08/19/2026,16:47:24,23.2,52.6
08/19/2026,16:52:24,23.2,52.6
08/19/2026,16:57:24,23.2,52.5
08/19/2026,17:02:24,23.2,52.5
08/19/2026,17:07:24,23.2,52.5
08/19/2026,17:12:24,23.3,52.5
08/19/2026,17:17:24,23.3,52.4
08/19/2026,17:22:24,23.3,52.5
08/19/2026,17:27:24,23.3,52.4
08/19/2026,17:32:24,23.3,52.4
08/19/2026,17:37:24,23.3,52.5
08/19/2026,17:42:24,23.3,52.4
08/19/2026,17:47:24,23.3,52.4
08/19/2026,17:52:24,23.3,52.4
08/19/2026,17:57:24,23.3,52.5
08/19/2026,18:02:24,23.3,52.4
08/19/2026,18:07:24,23.3,52.4
08/19/2026,18:12:24,23.2,52.5
08/19/2026,18:17:24,23.3,52.4
08/19/2026,18:22:24,23.2,52.5
08/19/2026,18:27:24,23.2,52.5
08/19/2026,18:32:24,23.2,52.5
08/19/2026,18:37:24,23.2,52.5
08/19/2026,18:42:24,23.2,52.5
08/19/2026,18:47:24,23.2,52.5
08/19/2026,18:52:24,23.2,52.5
08/19/2026,18:57:24,23.2,52.5
08/19/2026,19:02:24,23.2,52.5
08/19/2026,19:07:24,23.2,52.5
08/19/2026,19:12:24,23.2,52.7
08/19/2026,19:17:24,23.2,52.8
08/19/2026,19:22:24,23.2,53.1
08/19/2026,19:27:24,23.2,53.2
08/19/2026,19:32:24,23.2,53.4
08/19/2026,19:37:24,23.2,53.5
08/19/2026,19:42:24,23.3,53.8
08/19/2026,19:47:24,23.3,54.0
08/19/2026,19:52:24,23.3,54.1
08/19/2026,19:57:24,23.3,54.1
08/19/2026,20:02:24,23.3,54.2
08/19/2026,20:07:24,23.4,54.2
08/19/2026,20:12:24,23.4,54.2
08/19/2026,20:17:24,23.4,54.3
08/19/2026,20:22:24,23.4,54.3
08/19/2026,20:27:24,23.4,54.4
08/19/2026,20:32:24,23.4,54.4
08/19/2026,20:37:24,23.4,54.4
08/19/2026,20:42:24,23.4,54.5
08/19/2026,20:47:24,23.4,54.4
08/19/2026,20:52:24,23.4,54.4
08/19/2026,20:57:24,23.4,54.4
08/19/2026,21:02:24,23.4,54.4
08/19/2026,21:07:24,23.3,54.4
08/19/2026,21:12:24,23.3,54.4
08/19/2026,21:17:24,23.3,54.4
08/19/2026,21:22:24,23.3,54.3
08/19/2026,21:27:24,23.3,54.3
08/19/2026,21:32:24,23.3,54.3
08/19/2026,21:37:24,23.3,54.3
08/19/2026,21:42:24,23.3,54.3
08/19/2026,21:47:24,23.2,54.3
08/19/2026,21:52:24,23.2,54.3
08/19/2026,21:57:24,23.2,54.3
08/19/2026,22:02:24,23.2,54.3
08/19/2026,22:07:24,23.2,54.2
08/19/2026,22:12:24,23.2,54.3
08/19/2026,22:17:24,23.2,54.2
08/19/2026,22:22:24,23.2,54.2
08/19/2026,22:27:24,23.2,54.2
08/19/2026,22:32:24,23.2,54.2
08/19/2026,22:37:24,23.1,54.2
08/19/2026,22:42:24,23.1,54.2
08/19/2026,22:47:24,23.1,54.1
08/19/2026,22:52:24,23.1,54.1
08/19/2026,22:57:24,23.1,54.1
08/19/2026,23:02:24,23.1,54.1
08/19/2026,23:07:24,23.1,54.1
08/19/2026,23:12:24,23.1,54.0
08/19/2026,23:17:24,23.1,54.0
08/19/2026,23:22:24,23.1,54.0
08/19/2026,23:27:24,23.1,54.0
08/19/2026,23:32:24,23.1,54.0
08/19/2026,23:37:24,23.0,54.0
08/19/2026,23:42:24,23.0,53.9
08/19/2026,23:47:24,23.0,54.0
08/19/2026,23:52:24,23.0,53.9
08/19/2026,23:57:24,23.0,53.9
08/20/2026,00:02:24,23.0,53.9
08/20/2026,00:07:24,23.0,53.9
08/20/2026,00:12:24,23.0,53.9
08/20/2026,00:17:24,23.0,53.9
08/20/2026,00:22:24,23.0,53.8
08/20/2026,00:27:24,23.0,53.8
08/20/2026,00:32:24,23.0,53.8
08/20/2026,00:37:24,22.9,53.8
08/20/2026,00:42:24,22.9,53.8
08/20/2026,00:47:24,22.9,53.7
08/20/2026,00:52:24,22.9,53.7
08/20/2026,00:57:24,22.9,53.6
08/20/2026,01:02:24,22.9,53.6
08/20/2026,01:07:24,22.9,53.6
08/20/2026,01:12:24,22.9,53.5
08/20/2026,01:17:24,22.9,53.6
08/20/2026,01:22:24,22.8,53.5
08/20/2026,01:27:24,22.8,53.4
08/20/2026,01:32:24,22.8,53.4
08/20/2026,01:37:24,22.8,53.4
08/20/2026,01:42:24,22.8,53.3
08/20/2026,01:47:24,22.8,53.3
08/20/2026,01:52:24,22.8,53.3
08/20/2026,01:57:24,22.8,53.3
08/20/2026,02:02:24,22.8,53.2
08/20/2026,02:07:24,22.8,53.2
08/20/2026,02:12:24,22.7,53.1
08/20/2026,02:17:24,22.7,53.1
08/20/2026,02:22:24,22.7,53.1
08/20/2026,02:27:24,22.7,53.0
08/20/2026,02:32:24,22.7,53.0
08/20/2026,02:37:24,22.7,53.0
08/20/2026,02:42:24,22.7,53.0
08/20/2026,02:47:24,22.6,52.9
08/20/2026,02:52:24,22.7,52.9
08/20/2026,02:57:24,22.6,52.9
08/20/2026,03:02:24,22.6,52.8
08/20/2026,03:07:24,22.6,52.8
08/20/2026,03:12:24,22.6,52.8
08/20/2026,03:17:24,22.6,52.8
08/20/2026,03:22:24,22.6,52.7
08/20/2026,03:27:24,22.5,52.7
08/20/2026,03:32:24,22.5,52.7
08/20/2026,03:37:24,22.5,52.7
08/20/2026,03:42:24,22.5,52.7
08/20/2026,03:47:24,22.5,52.7
08/20/2026,03:52:24,22.5,52.6
08/20/2026,03:57:24,22.5,52.5
08/20/2026,04:02:24,22.5,52.5
08/20/2026,04:07:24,22.5,52.5
08/20/2026,04:12:24,22.5,52.5
08/20/2026,04:17:24,22.4,52.5
08/20/2026,04:22:24,22.4,52.5
08/20/2026,04:27:24,22.4,52.5
08/20/2026,04:32:24,22.4,52.5
08/20/2026,04:37:24,22.4,52.4
08/20/2026,04:42:24,22.4,52.4
08/20/2026,04:47:24,22.4,52.4
08/20/2026,04:52:24,22.4,52.4
08/20/2026,04:57:24,22.4,52.3
08/20/2026,05:02:24,22.4,52.4
08/20/2026,05:07:24,22.3,52.3
08/20/2026,05:12:24,22.4,52.3
08/20/2026,05:17:24,22.3,52.3
08/20/2026,05:22:24,22.3,52.3
08/20/2026,05:27:24,22.3,52.3
08/20/2026,05:32:24,22.3,52.3
08/20/2026,05:37:24,22.3,52.2
08/20/2026,05:42:24,22.3,52.2
08/20/2026,05:47:24,22.3,52.2
08/20/2026,05:52:24,22.3,52.2
08/20/2026,05:57:24,22.3,52.2
08/20/2026,06:02:24,22.3,52.2
08/20/2026,06:07:24,22.3,52.2
08/20/2026,06:12:24,22.3,52.1
08/20/2026,06:17:24,22.2,52.1
08/20/2026,06:22:24,22.3,52.1
08/20/2026,06:27:24,22.2,52.1
08/20/2026,06:32:24,22.2,52.1
08/20/2026,06:37:24,22.2,52.1
08/20/2026,06:42:24,22.2,52.1
08/20/2026,06:47:24,22.2,52.1
08/20/2026,06:52:24,22.2,52.0
08/20/2026,06:57:24,22.2,52.1
08/20/2026,07:02:24,22.2,52.0
08/20/2026,07:07:24,22.2,52.0
08/20/2026,07:12:24,22.2,52.0
08/20/2026,07:17:24,22.1,52.1
08/20/2026,07:22:24,22.2,52.0
08/20/2026,07:27:24,22.1,52.0
08/20/2026,07:32:24,22.1,52.1
08/20/2026,07:37:24,22.1,52.1
08/20/2026,07:42:24,22.1,52.0
08/20/2026,07:47:24,22.1,52.1
08/20/2026,07:52:24,22.1,52.0
08/20/2026,07:57:24,22.1,52.1
08/20/2026,08:02:24,22.1,52.1
08/20/2026,08:07:24,22.1,52.1
08/20/2026,08:12:24,22.1,52.1
08/20/2026,08:17:24,22.1,52.2
08/20/2026,08:22:24,22.1,52.2
08/20/2026,08:27:24,22.1,52.3
08/20/2026,08:32:24,22.1,52.3
08/20/2026,08:37:24,22.1,52.3
08/20/2026,08:42:24,22.1,52.3
08/20/2026,08:47:24,22.1,52.3
08/20/2026,08:52:24,22.1,52.4
08/20/2026,08:57:24,22.1,52.3
08/20/2026,09:02:24,22.1,52.3
08/20/2026,09:07:24,22.1,52.3
08/20/2026,09:12:24,22.1,52.3
08/20/2026,09:17:24,22.1,52.3
08/20/2026,09:22:24,22.1,52.4
08/20/2026,09:27:24,22.1,52.5
08/20/2026,09:32:24,22.1,52.5
08/20/2026,09:37:24,22.1,52.5
08/20/2026,09:42:24,22.2,52.6
08/20/2026,09:47:24,22.2,52.6
08/20/2026,09:52:24,22.2,52.7
08/20/2026,09:57:24,22.2,52.7
08/20/2026,10:02:24,22.2,52.9
08/20/2026,10:07:24,22.2,52.8
08/20/2026,10:12:24,22.2,52.9
08/20/2026,10:17:24,22.2,52.9
08/20/2026,10:22:24,22.2,53.0
08/20/2026,10:27:24,22.3,53.1
08/20/2026,10:32:24,22.3,53.0
08/20/2026,10:37:24,22.3,53.1
08/20/2026,10:42:24,22.3,53.2
08/20/2026,10:47:24,22.3,53.3
08/20/2026,10:52:24,22.3,53.3
08/20/2026,10:57:24,22.3,53.2
08/20/2026,11:02:24,22.3,53.2
08/20/2026,11:07:24,22.2,53.2
08/20/2026,11:12:24,22.2,53.2
08/20/2026,11:17:24,22.3,53.1
08/20/2026,11:22:24,22.2,53.0
08/20/2026,11:27:24,22.2,52.9
08/20/2026,11:32:24,22.2,52.7
08/20/2026,11:37:24,22.2,52.7
08/20/2026,11:42:24,22.2,52.7
08/20/2026,11:47:24,22.2,52.9
08/20/2026,11:52:24,22.2,53.0
08/20/2026,11:57:24,22.2,53.0
08/20/2026,12:02:24,22.2,53.1
08/20/2026,12:07:24,22.2,53.1
08/20/2026,12:12:24,22.2,53.1
08/20/2026,12:17:24,22.2,53.0
08/20/2026,12:22:24,22.2,52.8
08/20/2026,12:27:24,22.2,52.8
08/20/2026,12:32:24,22.2,52.8
08/20/2026,12:37:24,22.2,52.6
08/20/2026,12:42:24,22.2,52.5
08/20/2026,12:47:24,22.2,52.2
08/20/2026,12:52:24,22.2,52.1
08/20/2026,12:57:24,22.2,52.1
08/20/2026,13:02:24,22.2,52.1
08/20/2026,13:07:24,22.2,52.0
08/20/2026,13:12:24,22.2,51.8
08/20/2026,13:17:24,22.2,51.8
08/20/2026,13:22:24,22.2,51.6
08/20/2026,13:27:24,22.2,51.6
08/20/2026,13:32:24,22.2,51.6
08/20/2026,13:37:24,22.2,51.4
08/20/2026,13:42:24,22.2,51.1
08/20/2026,13:47:24,22.2,50.9
08/20/2026,13:52:24,22.2,50.6
08/20/2026,13:57:24,22.2,50.3
08/20/2026,14:02:24,22.2,50.0
08/20/2026,14:07:24,22.3,49.8
08/20/2026,14:12:24,22.3,49.6
08/20/2026,14:17:24,22.3,49.4
08/20/2026,14:22:24,22.3,49.4
08/20/2026,14:27:24,22.3,49.1
08/20/2026,14:32:24,22.4,49.2
08/20/2026,14:37:24,22.4,49.1
08/20/2026,14:42:24,22.4,49.0
08/20/2026,14:47:24,22.4,48.9
08/20/2026,14:52:24,22.4,48.8
08/20/2026,14:57:24,22.4,48.7
08/20/2026,15:02:24,22.5,48.7
08/20/2026,15:07:24,22.4,48.5
08/20/2026,15:12:24,22.5,48.5
08/20/2026,15:17:24,22.5,48.5
08/20/2026,15:22:24,22.5,48.5
08/20/2026,15:27:24,22.5,48.5
08/20/2026,15:32:24,22.5,48.5
08/20/2026,15:37:24,22.5,48.5
08/20/2026,15:42:24,22.5,48.5
08/20/2026,15:47:24,22.5,48.5
08/20/2026,15:52:24,22.5,48.5
08/20/2026,15:57:24,22.5,48.5
08/20/2026,16:02:24,22.5,48.5
08/20/2026,16:07:24,22.5,48.5
08/20/2026,16:12:24,22.5,48.5
08/20/2026,16:17:24,22.4,48.4
08/20/2026,16:22:24,22.5,48.5
08/20/2026,16:27:24,22.5,48.6
08/20/2026,16:32:24,22.5,48.6
08/20/2026,16:37:24,22.5,48.6
08/20/2026,16:42:24,22.5,48.6
08/20/2026,16:47:24,22.5,48.6
08/20/2026,16:52:24,22.5,48.6
08/20/2026,16:57:24,22.5,48.7
08/20/2026,17:02:24,22.4,48.8
08/20/2026,17:07:24,22.5,48.8
08/20/2026,17:12:24,22.4,48.9
08/20/2026,17:17:24,22.4,48.9
08/20/2026,17:22:24,22.4,49.0
08/20/2026,17:27:24,22.4,49.0
08/20/2026,17:32:24,22.4,49.0
08/20/2026,17:37:24,22.4,49.0
08/20/2026,17:42:24,22.4,49.0
08/20/2026,17:47:24,22.4,49.0
08/20/2026,17:52:24,22.4,49.0
08/20/2026,17:57:24,22.4,49.0
08/20/2026,18:02:24,22.4,49.0
08/20/2026,18:07:24,22.4,49.0
08/20/2026,18:12:24,22.4,49.0
08/20/2026,18:17:24,22.4,49.0
08/20/2026,18:22:24,22.4,49.0
08/20/2026,18:27:24,22.4,49.0
08/20/2026,18:32:24,22.4,49.0
08/20/2026,18:37:24,22.3,49.0
08/20/2026,18:42:24,22.4,49.0
08/20/2026,18:47:24,22.3,49.0
08/20/2026,18:52:24,22.3,49.0
08/20/2026,18:57:24,22.3,49.1
08/20/2026,19:02:24,22.3,49.1
08/20/2026,19:07:24,22.3,49.1
08/20/2026,19:12:24,22.3,49.1
08/20/2026,19:17:24,22.3,49.2
08/20/2026,19:22:24,22.3,49.3
08/20/2026,19:27:24,22.3,49.4
08/20/2026,19:32:24,22.3,49.6
08/20/2026,19:37:24,22.3,50.1
08/20/2026,19:42:24,22.3,50.3
08/20/2026,19:47:24,22.3,50.6
08/20/2026,19:52:24,22.3,50.7
08/20/2026,19:57:24,22.3,50.9
08/20/2026,20:02:24,22.3,51.1
08/20/2026,20:07:24,22.3,51.3
08/20/2026,20:12:24,22.3,51.5
08/20/2026,20:17:24,22.2,51.7
08/20/2026,20:22:24,22.2,51.8
08/20/2026,20:27:24,22.2,52.0
08/20/2026,20:32:24,22.2,52.1
08/20/2026,20:37:24,22.2,52.3
08/20/2026,20:42:24,22.2,52.4
08/20/2026,20:47:24,22.2,52.5
08/20/2026,20:52:24,22.1,52.7
08/20/2026,20:57:24,22.1,52.9
08/20/2026,21:02:24,22.1,53.0
08/20/2026,21:07:24,22.1,53.1
08/20/2026,21:12:24,22.1,53.1
08/20/2026,21:17:24,22.1,53.1
08/20/2026,21:22:24,22.1,53.1
08/20/2026,21:27:24,22.1,53.1
08/20/2026,21:32:24,22.0,53.1
08/20/2026,21:37:24,22.0,53.1
08/20/2026,21:42:24,22.0,53.1
08/20/2026,21:47:24,22.0,53.1
08/20/2026,21:52:24,21.9,53.1
08/20/2026,21:57:24,21.9,53.0
08/20/2026,22:02:24,21.9,52.9
08/20/2026,22:07:24,21.9,52.8
08/20/2026,22:12:24,21.8,52.6
08/20/2026,22:17:24,21.8,52.6
08/20/2026,22:22:24,21.8,52.6
08/20/2026,22:27:24,21.8,52.6
08/20/2026,22:32:24,21.8,52.7
08/20/2026,22:37:24,21.8,52.7
08/20/2026,22:42:24,21.7,52.8
08/20/2026,22:47:24,21.7,52.9
08/20/2026,22:52:24,21.7,53.0
08/20/2026,22:57:24,21.7,53.0
08/20/2026,23:02:24,21.6,53.1
08/20/2026,23:07:24,21.6,53.1
08/20/2026,23:12:24,21.6,53.1
08/20/2026,23:17:24,21.6,53.2
08/20/2026,23:22:24,21.6,53.2
08/20/2026,23:27:24,21.6,53.3
08/20/2026,23:32:24,21.6,53.2
08/20/2026,23:37:24,21.6,53.3
08/20/2026,23:42:24,21.5,53.3
08/20/2026,23:47:24,21.5,53.4
08/20/2026,23:52:24,21.5,53.4
08/20/2026,23:57:24,21.5,53.4
08/21/2026,00:02:24,21.5,53.4
08/21/2026,00:07:24,21.5,53.4
08/21/2026,00:12:24,21.4,53.5
08/21/2026,00:17:24,21.4,53.5
08/21/2026,00:22:24,21.4,53.5
08/21/2026,00:27:24,21.4,53.6
08/21/2026,00:32:24,21.4,53.6
08/21/2026,00:37:24,21.4,53.6
08/21/2026,00:42:24,21.4,53.6
08/21/2026,00:47:24,21.4,53.6
08/21/2026,00:52:24,21.4,53.6
08/21/2026,00:57:24,21.3,53.6
08/21/2026,01:02:24,21.3,53.6
08/21/2026,01:07:24,21.3,53.6
08/21/2026,01:12:24,21.3,53.5
08/21/2026,01:17:24,21.3,53.5
08/21/2026,01:22:24,21.3,53.4
08/21/2026,01:27:24,21.2,53.4
08/21/2026,01:32:24,21.2,53.3
08/21/2026,01:37:24,21.2,53.2
08/21/2026,01:42:24,21.2,53.2
08/21/2026,01:47:24,21.2,53.2
08/21/2026,01:52:24,21.2,53.2
08/21/2026,01:57:24,21.2,53.2
08/21/2026,02:02:24,21.2,53.2
08/21/2026,02:07:24,21.1,53.1
08/21/2026,02:12:24,21.1,53.1
08/21/2026,02:17:24,21.1,53.1
08/21/2026,02:22:24,21.1,53.1
08/21/2026,02:27:24,21.1,53.0
08/21/2026,02:32:24,21.0,53.0
08/21/2026,02:37:24,21.0,53.0
08/21/2026,02:42:24,21.0,53.0
08/21/2026,02:47:24,21.0,53.0
08/21/2026,02:52:24,21.0,52.9
08/21/2026,02:57:24,21.0,52.9
08/21/2026,03:02:24,20.9,52.9
08/21/2026,03:07:24,20.9,52.9
08/21/2026,03:12:24,20.9,52.8
08/21/2026,03:17:24,20.9,52.8
08/21/2026,03:22:24,20.9,52.8
08/21/2026,03:27:24,20.9,52.8
08/21/2026,03:32:24,20.8,52.8
08/21/2026,03:37:24,20.8,52.8
08/21/2026,03:42:24,20.8,52.8
08/21/2026,03:47:24,20.8,52.8
08/21/2026,03:52:24,20.8,52.8
08/21/2026,03:57:24,20.8,52.8
08/21/2026,04:02:24,20.8,52.9
08/21/2026,04:07:24,20.8,52.9
08/21/2026,04:12:24,20.8,52.9
08/21/2026,04:17:24,20.7,53.0
08/21/2026,04:22:24,20.7,53.0
08/21/2026,04:27:24,20.7,53.1
08/21/2026,04:32:24,20.7,53.1
08/21/2026,04:37:24,20.7,53.1
08/21/2026,04:42:24,20.7,53.2
08/21/2026,04:47:24,20.7,53.2
08/21/2026,04:52:24,20.6,53.3
08/21/2026,04:57:24,20.6,53.4
08/21/2026,05:02:24,20.6,53.4
08/21/2026,05:07:24,20.6,53.4
08/21/2026,05:12:24,20.6,53.4
08/21/2026,05:17:24,20.5,53.5
08/21/2026,05:22:24,20.6,53.5
08/21/2026,05:27:24,20.5,53.6
08/21/2026,05:32:24,20.5,53.6
08/21/2026,05:37:24,20.5,53.6
08/21/2026,05:42:24,20.5,53.6
08/21/2026,05:47:24,20.4,53.6
08/21/2026,05:52:24,20.4,53.6
08/21/2026,05:57:24,20.4,53.6
08/21/2026,06:02:24,20.4,53.6
08/21/2026,06:07:24,20.4,53.6
08/21/2026,06:12:24,20.4,53.6
08/21/2026,06:17:24,20.3,53.6
08/21/2026,06:22:24,20.3,53.6
08/21/2026,06:27:24,20.3,53.6
08/21/2026,06:32:24,20.3,53.6
08/21/2026,06:37:24,20.3,53.6
08/21/2026,06:42:24,20.3,53.6
08/21/2026,06:47:24,20.3,53.5
08/21/2026,06:52:24,20.3,53.5
08/21/2026,06:57:24,20.3,53.6
08/21/2026,07:02:24,20.3,53.5
08/21/2026,07:07:24,20.3,53.5
08/21/2026,07:12:24,20.3,53.5
08/21/2026,07:17:24,20.3,53.5
08/21/2026,07:22:24,20.3,53.4
08/21/2026,07:27:24,20.4,53.4
08/21/2026,07:32:24,20.4,53.4
08/21/2026,07:37:24,20.4,53.4
08/21/2026,07:42:24,20.4,53.3
08/21/2026,07:47:24,20.4,53.3
08/21/2026,07:52:24,20.4,53.3
08/21/2026,07:57:24,20.5,53.4
08/21/2026,08:02:24,20.5,53.3
08/21/2026,08:07:24,20.5,53.3
08/21/2026,08:12:24,20.5,53.3
08/21/2026,08:17:24,20.5,53.2
08/21/2026,08:22:24,20.5,53.2
08/21/2026,08:27:24,20.5,53.2
08/21/2026,08:32:24,20.6,53.2
08/21/2026,08:37:24,20.6,53.1
08/21/2026,08:42:24,20.6,53.1
08/21/2026,08:47:24,20.6,53.1
08/21/2026,08:52:24,20.6,53.1
08/21/2026,08:57:24,20.6,53.1
08/21/2026,09:02:24,20.7,53.1
08/21/2026,09:07:24,20.7,53.0
08/21/2026,09:12:24,20.7,53.0
08/21/2026,09:17:24,20.7,53.0
08/21/2026,09:22:24,20.7,53.0
08/21/2026,09:27:24,20.7,53.0
08/21/2026,09:32:24,20.7,53.0
08/21/2026,09:37:24,20.7,53.0
08/21/2026,09:42:24,20.7,53.0
08/21/2026,09:47:24,20.8,53.0
08/21/2026,09:52:24,20.8,53.0
08/21/2026,09:57:24,20.8,53.0
08/21/2026,10:02:24,20.8,52.9
08/21/2026,10:07:24,20.8,53.0
08/21/2026,10:12:24,20.8,52.9
08/21/2026,10:17:24,20.8,52.9
08/21/2026,10:22:24,20.8,52.9
08/21/2026,10:27:24,20.8,52.9
08/21/2026,10:32:24,20.8,52.9
08/21/2026,10:37:24,20.8,52.9
08/21/2026,10:42:24,20.8,52.9
08/21/2026,10:47:24,20.8,52.9
08/21/2026,10:52:24,20.8,52.9
08/21/2026,10:57:24,20.9,52.9
08/21/2026,11:02:24,20.9,52.9
08/21/2026,11:07:24,20.9,52.9
08/21/2026,11:12:24,20.9,52.9
08/21/2026,11:17:24,20.9,52.9
08/21/2026,11:22:24,20.9,52.9
08/21/2026,11:27:24,20.9,52.8
08/21/2026,11:32:24,20.9,52.8
08/21/2026,11:37:24,20.9,52.8
08/21/2026,11:42:24,21.0,52.8
08/21/2026,11:47:24,20.9,52.8
08/21/2026,11:52:24,20.9,52.8
08/21/2026,11:57:24,21.0,52.8
08/21/2026,12:02:24,21.0,52.8
08/21/2026,12:07:24,21.0,52.8
08/21/2026,12:12:24,21.0,52.7
08/21/2026,12:17:24,21.0,52.7
08/21/2026,12:22:24,21.0,52.7
08/21/2026,12:27:24,21.0,52.7
08/21/2026,12:32:24,21.0,52.7
08/21/2026,12:37:24,21.0,52.7
08/21/2026,12:42:24,21.1,52.7
08/21/2026,12:47:24,21.1,52.6
08/21/2026,12:52:24,21.1,52.6
08/21/2026,12:57:24,21.1,52.4
08/21/2026,13:02:24,21.1,52.4
08/21/2026,13:07:24,21.2,52.4
08/21/2026,13:12:24,21.2,52.1
08/21/2026,13:17:24,21.2,52.0
08/21/2026,13:22:24,21.2,51.8
08/21/2026,13:27:24,21.2,51.7
08/21/2026,13:32:24,21.2,51.7
08/21/2026,13:37:24,21.2,51.6
08/21/2026,13:42:24,21.3,51.6
08/21/2026,13:47:24,21.3,51.4
08/21/2026,13:52:24,21.3,51.3
08/21/2026,13:57:24,21.3,51.2
08/21/2026,14:02:24,21.3,51.2
08/21/2026,14:07:24,21.3,51.1
08/21/2026,14:12:24,21.3,51.0
08/21/2026,14:17:24,21.3,50.9
08/21/2026,14:22:24,21.3,50.8
08/21/2026,14:27:24,21.3,50.7
08/21/2026,14:32:24,21.3,50.6
08/21/2026,14:37:24,21.3,50.5
08/21/2026,14:42:24,21.3,50.4
08/21/2026,14:47:24,21.3,50.3
08/21/2026,14:52:24,21.3,50.3
08/21/2026,14:57:24,21.3,50.2
08/21/2026,15:02:24,21.4,50.1
08/21/2026,15:07:24,21.4,50.0
08/21/2026,15:12:24,21.4,49.7
08/21/2026,15:17:24,21.4,49.5
08/21/2026,15:22:24,21.5,49.4
08/21/2026,15:27:24,21.5,49.1
08/21/2026,15:32:24,21.5,49.0
08/21/2026,15:37:24,21.6,48.9
08/21/2026,15:42:24,21.6,48.8
08/21/2026,15:47:24,21.7,48.7
08/21/2026,15:52:24,21.7,48.6
08/21/2026,15:57:24,21.7,48.5
08/21/2026,16:02:24,21.7,48.5
08/21/2026,16:07:24,21.7,48.4
08/21/2026,16:12:24,21.7,48.4
08/21/2026,16:17:24,21.7,48.3
08/21/2026,16:22:24,21.7,48.2
08/21/2026,16:27:24,21.7,48.2
08/21/2026,16:32:24,21.7,48.2
08/21/2026,16:37:24,21.7,48.1
08/21/2026,16:42:24,21.7,48.1
08/21/2026,16:47:24,21.7,48.0
08/21/2026,16:52:24,21.7,48.0
08/21/2026,16:57:24,21.7,48.0
08/21/2026,17:02:24,21.7,48.0
08/21/2026,17:07:24,21.8,48.0
08/21/2026,17:12:24,21.8,48.0
08/21/2026,17:17:24,21.8,48.0
08/21/2026,17:22:24,21.8,48.1
08/21/2026,17:27:24,21.8,48.1
08/21/2026,17:32:24,21.8,48.1
08/21/2026,17:37:24,21.8,48.2
08/21/2026,17:42:24,21.8,48.2
08/21/2026,17:47:24,21.8,48.2
08/21/2026,17:52:24,21.8,48.3
08/21/2026,17:57:24,21.8,48.3
08/21/2026,18:02:24,21.8,48.3
08/21/2026,18:07:24,21.8,48.4
08/21/2026,18:12:24,21.8,48.4
08/21/2026,18:17:24,21.8,48.5
08/21/2026,18:22:24,21.8,48.5
08/21/2026,18:27:24,21.8,48.5
08/21/2026,18:32:24,21.8,48.6
08/21/2026,18:37:24,21.8,48.6
08/21/2026,18:42:24,21.8,48.7
08/21/2026,18:47:24,21.8,48.7
08/21/2026,18:52:24,21.8,48.8
08/21/2026,18:57:24,21.8,48.8
08/21/2026,19:02:24,21.8,48.9
08/21/2026,19:07:24,21.8,48.9
08/21/2026,19:12:24,21.8,49.0
08/21/2026,19:17:24,21.7,49.1
08/21/2026,19:22:24,21.8,49.1
08/21/2026,19:27:24,21.7,49.2
08/21/2026,19:32:24,21.7,49.2
08/21/2026,19:37:24,21.7,49.2
08/21/2026,19:42:24,21.7,49.3
08/21/2026,19:47:24,21.7,49.3
08/21/2026,19:52:24,21.7,49.3
08/21/2026,19:57:24,21.7,49.4
08/21/2026,20:02:24,21.7,49.5
08/21/2026,20:07:24,21.7,49.5
08/21/2026,20:12:24,21.6,49.5
08/21/2026,20:17:24,21.7,49.6
08/21/2026,20:22:24,21.6,49.7
08/21/2026,20:27:24,21.6,49.7
08/21/2026,20:32:24,21.6,49.7
08/21/2026,20:37:24,21.6,49.7
08/21/2026,20:42:24,21.6,49.8
08/21/2026,20:47:24,21.6,49.8
08/21/2026,20:52:24,21.6,49.9
08/21/2026,20:57:24,21.6,49.9
08/21/2026,21:02:24,21.6,50.0
08/21/2026,21:07:24,21.5,50.0
08/21/2026,21:12:24,21.6,50.0
08/21/2026,21:17:24,21.5,50.0
08/21/2026,21:22:24,21.5,50.1
08/21/2026,21:27:24,21.5,50.1
08/21/2026,21:32:24,21.5,50.1
08/21/2026,21:37:24,21.5,50.2
08/21/2026,21:42:24,21.5,50.2
08/21/2026,21:47:24,21.5,50.2
08/21/2026,21:52:24,21.5,50.2
08/21/2026,21:57:24,21.5,50.3
08/21/2026,22:02:24,21.5,50.3
08/21/2026,22:07:24,21.5,50.3
08/21/2026,22:12:24,21.5,50.4
08/21/2026,22:17:24,21.5,50.4
08/21/2026,22:22:24,21.5,50.4
08/21/2026,22:27:24,21.5,50.4
08/21/2026,22:32:24,21.4,50.4
08/21/2026,22:37:24,21.4,50.4
08/21/2026,22:42:24,21.4,50.4
08/21/2026,22:47:24,21.4,50.4
08/21/2026,22:52:24,21.4,50.4
08/21/2026,22:57:24,21.4,50.5
08/21/2026,23:02:24,21.4,50.5
08/21/2026,23:07:24,21.4,50.5
08/21/2026,23:12:24,21.4,50.5
08/21/2026,23:17:24,21.4,50.5
08/21/2026,23:22:24,21.4,50.5
08/21/2026,23:27:24,21.4,50.5
08/21/2026,23:32:24,21.3,50.5
08/21/2026,23:37:24,21.3,50.5
08/21/2026,23:42:24,21.3,50.6
08/21/2026,23:47:24,21.3,50.5
08/21/2026,23:52:24,21.3,50.5
08/21/2026,23:57:24,21.3,50.5
08/22/2026,00:02:24,21.3,50.5
08/22/2026,00:07:24,21.3,50.5
08/22/2026,00:12:24,21.3,50.5
08/22/2026,00:17:24,21.3,50.5
08/22/2026,00:22:24,21.3,50.6
08/22/2026,00:27:24,21.3,50.5
08/22/2026,00:32:24,21.2,50.5
08/22/2026,00:37:24,21.2,50.6
08/22/2026,00:42:24,21.2,50.5
08/22/2026,00:47:24,21.2,50.5
08/22/2026,00:52:24,21.2,50.5
08/22/2026,00:57:24,21.2,50.6
08/22/2026,01:02:24,21.2,50.6
08/22/2026,01:07:24,21.2,50.6
08/22/2026,01:12:24,21.2,50.5
08/22/2026,01:17:24,21.2,50.5
08/22/2026,01:22:24,21.2,50.5
08/22/2026,01:27:24,21.1,50.6
08/22/2026,01:32:24,21.1,50.5
08/22/2026,01:37:24,21.1,50.4
08/22/2026,01:42:24,21.1,50.4
08/22/2026,01:47:24,21.1,50.5
08/22/2026,01:52:24,21.1,50.5
08/22/2026,01:57:24,21.1,50.4
08/22/2026,02:02:24,21.1,50.5
08/22/2026,02:07:24,21.0,50.4
08/22/2026,02:12:24,21.0,50.4
08/22/2026,02:17:24,21.0,50.5
08/22/2026,02:22:24,21.0,50.4
08/22/2026,02:27:24,21.0,50.4
08/22/2026,02:32:24,21.0,50.4
08/22/2026,02:37:24,21.0,50.4
08/22/2026,02:42:24,21.0,50.4
08/22/2026,02:47:24,21.0,50.4
08/22/2026,02:52:24,21.0,50.4
08/22/2026,02:57:24,21.0,50.4
08/22/2026,03:02:24,20.9,50.3
08/22/2026,03:07:24,20.9,50.3
08/22/2026,03:12:24,20.9,50.3
08/22/2026,03:17:24,20.9,50.3
08/22/2026,03:22:24,20.9,50.3
08/22/2026,03:27:24,20.9,50.3
08/22/2026,03:32:24,20.9,50.3
08/22/2026,03:37:24,20.9,50.3
08/22/2026,03:42:24,20.9,50.3
08/22/2026,03:47:24,20.8,50.3
08/22/2026,03:52:24,20.8,50.2
08/22/2026,03:57:24,20.8,50.2
08/22/2026,04:02:24,20.8,50.2
08/22/2026,04:07:24,20.8,50.2
08/22/2026,04:12:24,20.8,50.2
08/22/2026,04:17:24,20.8,50.2
08/22/2026,04:22:24,20.8,50.2
08/22/2026,04:27:24,20.7,50.2
08/22/2026,04:32:24,20.7,50.1
08/22/2026,04:37:24,20.7,50.1
08/22/2026,04:42:24,20.7,50.1
08/22/2026,04:47:24,20.7,50.1
08/22/2026,04:52:24,20.7,50.0
08/22/2026,04:57:24,20.7,50.0
08/22/2026,05:02:24,20.7,50.1
08/22/2026,05:07:24,20.7,50.0
08/22/2026,05:12:24,20.7,50.0
08/22/2026,05:17:24,20.6,50.0
08/22/2026,05:22:24,20.6,50.0
08/22/2026,05:27:24,20.6,49.9
08/22/2026,05:32:24,20.6,50.0
08/22/2026,05:37:24,20.6,50.0
08/22/2026,05:42:24,20.6,49.9
08/22/2026,05:47:24,20.6,50.0
08/22/2026,05:52:24,20.5,49.9
08/22/2026,05:57:24,20.5,49.9
08/22/2026,06:02:24,20.5,49.9
08/22/2026,06:07:24,20.5,49.9
08/22/2026,06:12:24,20.5,49.8
08/22/2026,06:17:24,20.5,49.8
08/22/2026,06:22:24,20.5,49.8
08/22/2026,06:27:24,20.5,49.8
08/22/2026,06:32:24,20.5,49.8
08/22/2026,06:37:24,20.4,49.8
08/22/2026,06:42:24,20.4,49.7
08/22/2026,06:47:24,20.4,49.7
08/22/2026,06:52:24,20.4,49.7
08/22/2026,06:57:24,20.4,49.7
08/22/2026,07:02:24,20.4,49.8
08/22/2026,07:07:24,20.4,49.8
08/22/2026,07:12:24,20.4,49.7
08/22/2026,07:17:24,20.4,49.7
08/22/2026,07:22:24,20.4,49.7
08/22/2026,07:27:24,20.3,49.7
08/22/2026,07:32:24,20.3,49.7
08/22/2026,07:37:24,20.3,49.6
08/22/2026,07:42:24,20.3,49.6
08/22/2026,07:47:24,20.3,49.6
08/22/2026,07:52:24,20.3,49.6
08/22/2026,07:57:24,20.3,49.6
08/22/2026,08:02:24,20.3,49.7
08/22/2026,08:07:24,20.3,49.7
08/22/2026,08:12:24,20.3,49.6
08/22/2026,08:17:24,20.3,49.6
08/22/2026,08:22:24,20.3,49.7
08/22/2026,08:27:24,20.3,49.7
08/22/2026,08:32:24,20.3,49.7
08/22/2026,08:37:24,20.3,49.7
08/22/2026,08:42:24,20.3,49.8
08/22/2026,08:47:24,20.3,49.7
08/22/2026,08:52:24,20.3,49.7
08/22/2026,08:57:24,20.4,49.7
08/22/2026,09:02:24,20.4,49.8
08/22/2026,09:07:24,20.4,49.8
08/22/2026,09:12:24,20.4,49.9
08/22/2026,09:17:24,20.4,49.9
08/22/2026,09:22:24,20.4,50.0
08/22/2026,09:27:24,20.4,50.0
08/22/2026,09:32:24,20.5,50.0
08/22/2026,09:37:24,20.5,50.2
08/22/2026,09:42:24,20.5,50.4
08/22/2026,09:47:24,20.5,50.5
08/22/2026,09:52:24,20.5,50.7
08/22/2026,09:57:24,20.5,50.6
08/22/2026,10:02:24,20.6,50.8
08/22/2026,10:07:24,20.6,50.8
08/22/2026,10:12:24,20.6,51.0
08/22/2026,10:17:24,20.7,51.1
08/22/2026,10:22:24,20.7,51.1
08/22/2026,10:27:24,20.7,51.2
08/22/2026,10:32:24,20.7,51.3
08/22/2026,10:37:24,20.8,51.3
08/22/2026,10:42:24,20.8,51.4
08/22/2026,10:47:24,20.8,51.4
08/22/2026,10:52:24,20.8,51.4
08/22/2026,10:57:24,20.8,51.5
08/22/2026,11:02:24,20.8,51.5
08/22/2026,11:07:24,20.8,51.5
08/22/2026,11:12:24,20.8,51.6
08/22/2026,11:17:24,20.8,51.5
08/22/2026,11:22:24,20.8,51.5
08/22/2026,11:27:24,20.8,51.5
08/22/2026,11:32:24,20.8,51.5
08/22/2026,11:37:24,20.8,51.5
08/22/2026,11:42:24,20.8,51.5
08/22/2026,11:47:24,20.8,51.4
08/22/2026,11:52:24,20.8,51.4
08/22/2026,11:57:24,20.8,51.4
08/22/2026,12:02:24,20.8,51.4
08/22/2026,12:07:24,20.7,51.3
08/22/2026,12:12:24,20.8,51.3
08/22/2026,12:17:24,20.8,51.2
08/22/2026,12:22:24,20.8,51.2
08/22/2026,12:27:24,20.8,51.2
08/22/2026,12:32:24,20.8,51.1
08/22/2026,12:37:24,20.7,51.1
08/22/2026,12:42:24,20.8,51.0
08/22/2026,12:47:24,20.8,51.0
08/22/2026,12:52:24,20.8,51.0
08/22/2026,12:57:24,20.8,51.0
08/22/2026,13:02:24,20.8,51.0
08/22/2026,13:07:24,20.8,50.9
08/22/2026,13:12:24,20.8,50.9
08/22/2026,13:17:24,20.8,50.9
08/22/2026,13:22:24,20.8,50.8
08/22/2026,13:27:24,20.8,50.8
08/22/2026,13:32:24,20.8,50.8
08/22/2026,13:37:24,20.8,50.7
08/22/2026,13:42:24,20.8,50.7
08/22/2026,13:47:24,20.8,50.6
08/22/2026,13:52:24,20.8,50.6
08/22/2026,13:57:24,20.8,50.6
08/22/2026,14:02:24,20.8,50.5
08/22/2026,14:07:24,20.9,50.5
08/22/2026,14:12:24,20.9,50.5
08/22/2026,14:17:24,20.9,50.5
08/22/2026,14:22:24,20.9,50.5
08/22/2026,14:27:24,20.9,50.5
08/22/2026,14:32:24,20.9,50.5
08/22/2026,14:37:24,21.0,50.5
08/22/2026,14:42:24,21.0,50.6
08/22/2026,14:47:24,21.0,50.5
08/22/2026,14:52:24,21.1,50.6
08/22/2026,14:57:24,21.1,50.7
08/22/2026,15:02:24,21.1,50.6
08/22/2026,15:07:24,21.2,50.7
08/22/2026,15:12:24,21.2,50.7
08/22/2026,15:17:24,21.2,50.8
08/22/2026,15:22:24,21.2,50.8
08/22/2026,15:27:24,21.2,50.8
08/22/2026,15:32:24,21.3,50.8
08/22/2026,15:37:24,21.3,50.8
08/22/2026,15:42:24,21.3,50.9
08/22/2026,15:47:24,21.3,50.9
08/22/2026,15:52:24,21.3,51.2
08/22/2026,15:57:24,21.4,51.1
08/22/2026,16:02:24,21.4,51.1
08/22/2026,16:07:24,21.4,51.1
08/22/2026,16:12:24,21.5,51.2
08/22/2026,16:17:24,21.5,51.3
08/22/2026,16:22:24,21.5,51.3
08/22/2026,16:27:24,21.5,51.3
08/22/2026,16:32:24,21.5,51.3
08/22/2026,16:37:24,21.6,51.3
08/22/2026,16:42:24,21.6,51.4
08/22/2026,16:47:24,21.6,51.4
08/22/2026,16:52:24,21.6,51.4
08/22/2026,16:57:24,21.6,51.4
08/22/2026,17:02:24,21.6,51.4
08/22/2026,17:07:24,21.6,51.4
08/22/2026,17:12:24,21.7,51.4
08/22/2026,17:17:24,21.7,51.4
08/22/2026,17:22:24,21.7,51.4
08/22/2026,17:27:24,21.7,51.4
08/22/2026,17:32:24,21.7,51.4
08/22/2026,17:37:24,21.7,51.4
08/22/2026,17:42:24,21.7,50.9
08/22/2026,17:47:24,21.7,50.3
08/22/2026,17:52:24,21.7,49.3
08/22/2026,17:57:24,21.6,48.9
08/22/2026,18:02:24,21.6,48.6
08/22/2026,18:07:24,21.5,48.4
08/22/2026,18:12:24,21.5,48.5
08/22/2026,18:17:24,21.5,48.3
08/22/2026,18:22:24,21.5,48.4
08/22/2026,18:27:24,21.5,48.3
08/22/2026,18:32:24,21.5,48.1
08/22/2026,18:37:24,21.5,48.2
08/22/2026,18:42:24,21.5,48.0
08/22/2026,18:47:24,21.5,48.0
08/22/2026,18:52:24,21.4,48.1
08/22/2026,18:57:24,21.5,48.3
08/22/2026,19:02:24,21.5,48.1
08/22/2026,19:07:24,21.5,48.1
08/22/2026,19:12:24,21.5,47.6
08/22/2026,19:17:24,21.4,47.4
08/22/2026,19:22:24,21.4,47.1
08/22/2026,19:27:24,21.4,47.2
08/22/2026,19:32:24,21.4,47.2
08/22/2026,19:37:24,21.4,47.2
08/22/2026,19:42:24,21.4,47.5
08/22/2026,19:47:24,21.4,47.4
08/22/2026,19:52:24,21.4,47.4
08/22/2026,19:57:24,21.4,47.4
08/22/2026,20:02:24,21.3,47.4
08/22/2026,20:07:24,21.3,47.6
08/22/2026,20:12:24,21.3,47.7
08/22/2026,20:17:24,21.4,47.8
08/22/2026,20:22:24,21.3,47.9
08/22/2026,20:27:24,21.3,48.0
08/22/2026,20:32:24,21.3,48.0
08/22/2026,20:37:24,21.3,48.1
08/22/2026,20:42:24,21.3,48.1
08/22/2026,20:47:24,21.3,48.1
08/22/2026,20:52:24,21.3,48.1
08/22/2026,20:57:24,21.3,48.1
08/22/2026,21:02:24,21.2,48.1
08/22/2026,21:07:24,21.3,48.2
08/22/2026,21:12:24,21.2,48.2
08/22/2026,21:17:24,21.2,48.3
08/22/2026,21:22:24,21.2,48.2
08/22/2026,21:27:24,21.2,48.3
08/22/2026,21:32:24,21.2,48.3
08/22/2026,21:37:24,21.2,48.3
08/22/2026,21:42:24,21.2,48.3
08/22/2026,21:47:24,21.2,48.3
08/22/2026,21:52:24,21.2,48.3
08/22/2026,21:57:24,21.2,48.3
08/22/2026,22:02:24,21.1,48.3
08/22/2026,22:07:24,21.1,48.4
08/22/2026,22:12:24,21.1,48.4
08/22/2026,22:17:24,21.1,48.3
08/22/2026,22:22:24,21.1,48.4
08/22/2026,22:27:24,21.1,48.4
08/22/2026,22:32:24,21.1,48.4
08/22/2026,22:37:24,21.1,48.4
08/22/2026,22:42:24,21.1,48.4
08/22/2026,22:47:24,21.1,48.4
08/22/2026,22:52:24,21.1,48.4
08/22/2026,22:57:24,21.1,48.4
08/22/2026,23:02:24,21.0,48.4
08/22/2026,23:07:24,21.0,48.4
08/22/2026,23:12:24,21.0,48.4
08/22/2026,23:17:24,21.0,48.4
08/22/2026,23:22:24,21.0,48.5
08/22/2026,23:27:24,21.0,48.4
08/22/2026,23:32:24,21.0,48.4
08/22/2026,23:37:24,21.0,48.4
08/22/2026,23:42:24,21.0,48.4
08/22/2026,23:47:24,21.0,48.4
08/22/2026,23:52:24,21.0,48.4
08/22/2026,23:57:24,21.0,48.4
08/23/2026,00:02:24,21.0,48.4
08/23/2026,00:07:24,21.0,48.3
08/23/2026,00:12:24,20.9,48.4
08/23/2026,00:17:24,20.9,48.4
08/23/2026,00:22:24,20.9,48.4
08/23/2026,00:27:24,20.9,48.4
08/23/2026,00:32:24,20.9,48.3
08/23/2026,00:37:24,20.9,48.4
08/23/2026,00:42:24,20.9,48.3
08/23/2026,00:47:24,20.9,48.3
08/23/2026,00:52:24,20.9,48.3
08/23/2026,00:57:24,20.9,48.3
08/23/2026,01:02:24,20.8,48.3
08/23/2026,01:07:24,20.8,48.3
08/23/2026,01:12:24,20.8,48.3
08/23/2026,01:17:24,20.8,48.3
08/23/2026,01:22:24,20.8,48.3
08/23/2026,01:27:24,20.8,48.3
08/23/2026,01:32:24,20.8,48.2
08/23/2026,01:37:24,20.8,48.2
08/23/2026,01:42:24,20.8,48.2
08/23/2026,01:47:24,20.8,48.2
08/23/2026,01:52:24,20.8,48.2
08/23/2026,01:57:24,20.8,48.2
08/23/2026,02:02:24,20.8,48.1
08/23/2026,02:07:24,20.7,48.1
08/23/2026,02:12:24,20.7,48.2
08/23/2026,02:17:24,20.7,48.1
08/23/2026,02:22:24,20.7,48.2
08/23/2026,02:27:24,20.7,48.1
08/23/2026,02:32:24,20.7,48.1
08/23/2026,02:37:24,20.7,48.1
08/23/2026,02:42:24,20.7,48.1
08/23/2026,02:47:24,20.6,48.1
08/23/2026,02:52:24,20.7,48.0
08/23/2026,02:57:24,20.6,48.1
08/23/2026,03:02:24,20.6,48.1
08/23/2026,03:07:24,20.6,48.0
08/23/2026,03:12:24,20.6,48.0
08/23/2026,03:17:24,20.6,48.0
08/23/2026,03:22:24,20.6,48.1
08/23/2026,03:27:24,20.6,48.0
08/23/2026,03:32:24,20.6,48.0
08/23/2026,03:37:24,20.5,48.0
08/23/2026,03:42:24,20.6,47.9
08/23/2026,03:47:24,20.5,48.0
08/23/2026,03:52:24,20.5,48.0
08/23/2026,03:57:24,20.5,48.0
08/23/2026,04:02:24,20.5,48.0
08/23/2026,04:07:24,20.5,48.0
08/23/2026,04:12:24,20.5,48.0
08/23/2026,04:17:24,20.5,47.9
08/23/2026,04:22:24,20.5,47.9
08/23/2026,04:27:24,20.5,47.9
08/23/2026,04:32:24,20.4,47.9
08/23/2026,04:37:24,20.4,47.9
08/23/2026,04:42:24,20.4,47.9
08/23/2026,04:47:24,20.4,47.9
08/23/2026,04:52:24,20.4,47.9
08/23/2026,04:57:24,20.4,47.9
08/23/2026,05:02:24,20.4,48.0
08/23/2026,05:07:24,20.4,48.0
08/23/2026,05:12:24,20.4,48.0
08/23/2026,05:17:24,20.4,48.0
08/23/2026,05:22:24,20.3,48.0
08/23/2026,05:27:24,20.4,48.0
08/23/2026,05:32:24,20.3,47.9
08/23/2026,05:37:24,20.3,48.0
08/23/2026,05:42:24,20.3,48.0
08/23/2026,05:47:24,20.3,48.0
08/23/2026,05:52:24,20.3,48.2
08/23/2026,05:57:24,20.3,48.0
08/23/2026,06:02:24,20.3,47.9
08/23/2026,06:07:24,20.3,47.9
08/23/2026,06:12:24,20.3,47.9
08/23/2026,06:17:24,20.3,47.9
08/23/2026,06:22:24,20.3,47.9
08/23/2026,06:27:24,20.2,47.8
08/23/2026,06:32:24,20.2,47.9
08/23/2026,06:37:24,20.2,47.9
08/23/2026,06:42:24,20.2,47.9
08/23/2026,06:47:24,20.2,47.9
08/23/2026,06:52:24,20.2,47.9
08/23/2026,06:57:24,20.2,47.9
08/23/2026,07:02:24,20.2,48.2
08/23/2026,07:07:24,20.2,48.0
08/23/2026,07:12:24,20.2,48.0
08/23/2026,07:17:24,20.2,47.9
08/23/2026,07:22:24,20.2,48.0
08/23/2026,07:27:24,20.1,48.0
08/23/2026,07:32:24,20.1,47.9
08/23/2026,07:37:24,20.1,47.9
08/23/2026,07:42:24,20.1,48.1
08/23/2026,07:47:24,20.1,48.0
08/23/2026,07:52:24,20.1,47.9
08/23/2026,07:57:24,20.1,48.0
08/23/2026,08:02:24,20.1,47.9
08/23/2026,08:07:24,20.1,47.8
08/23/2026,08:12:24,20.1,47.9
08/23/2026,08:17:24,20.1,47.9
08/23/2026,08:22:24,20.0,48.0
08/23/2026,08:27:24,20.1,48.2
08/23/2026,08:32:24,20.1,48.3
08/23/2026,08:37:24,20.1,48.5
08/23/2026,08:42:24,20.1,48.5
08/23/2026,08:47:24,20.1,48.7
08/23/2026,08:52:24,20.2,49.1
08/23/2026,08:57:24,20.2,49.2
08/23/2026,09:02:24,20.2,49.2
08/23/2026,09:07:24,20.2,49.4
08/23/2026,09:12:24,20.2,49.2
08/23/2026,09:17:24,20.3,48.9
08/23/2026,09:22:24,20.2,49.1
08/23/2026,09:27:24,20.3,49.1
08/23/2026,09:32:24,20.2,49.3
08/23/2026,09:37:24,20.3,49.4
08/23/2026,09:42:24,20.3,49.4
08/23/2026,09:47:24,20.3,49.7
08/23/2026,09:52:24,20.3,50.0
08/23/2026,09:57:24,20.3,50.0
08/23/2026,10:02:24,20.4,50.3
08/23/2026,10:07:24,20.4,50.3
08/23/2026,10:12:24,20.4,50.5
08/23/2026,10:17:24,20.5,50.6
08/23/2026,10:22:24,20.5,50.8
08/23/2026,10:27:24,20.6,50.9
08/23/2026,10:32:24,20.6,51.0
08/23/2026,10:37:24,20.6,51.1
08/23/2026,10:42:24,20.7,51.1
08/23/2026,10:47:24,20.7,51.3
08/23/2026,10:52:24,20.8,51.3
08/23/2026,10:57:24,20.8,51.3
08/23/2026,11:02:24,20.8,51.1
08/23/2026,11:07:24,20.8,51.0
08/23/2026,11:12:24,20.8,50.9
08/23/2026,11:17:24,20.8,50.7
08/23/2026,11:22:24,20.8,50.6
08/23/2026,11:27:24,20.8,50.9
08/23/2026,11:32:24,20.9,52.0
08/23/2026,11:37:24,20.9,52.2
08/23/2026,11:42:24,21.0,52.0
08/23/2026,11:47:24,21.0,52.1
08/23/2026,11:52:24,21.1,52.5
08/23/2026,11:57:24,21.1,52.7
08/23/2026,12:02:24,21.2,52.6
08/23/2026,12:07:24,21.2,52.6
08/23/2026,12:12:24,21.3,52.6
08/23/2026,12:17:24,21.3,52.1
08/23/2026,12:22:24,21.3,52.7
08/23/2026,12:27:24,21.3,53.4
08/23/2026,12:32:24,21.4,53.0
08/23/2026,12:37:24,21.5,52.8
08/23/2026,12:42:24,21.5,52.9
08/23/2026,12:47:24,21.4,52.7
08/23/2026,12:52:24,21.4,52.5
08/23/2026,12:57:24,21.4,52.3
08/23/2026,13:02:24,21.4,52.2
08/23/2026,13:07:24,21.4,51.9
08/23/2026,13:12:24,21.4,51.8
08/23/2026,13:17:24,21.4,51.7
08/23/2026,13:22:24,21.4,51.6
08/23/2026,13:27:24,21.4,51.3
08/23/2026,13:32:24,21.4,51.1
08/23/2026,13:37:24,21.3,51.0
08/23/2026,13:42:24,21.3,50.8
08/23/2026,13:47:24,21.3,50.5
08/23/2026,13:52:24,21.3,50.4
08/23/2026,13:57:24,21.3,50.3
08/23/2026,14:02:24,21.3,50.1
08/23/2026,14:07:24,21.3,50.0
08/23/2026,14:12:24,21.3,49.7
08/23/2026,14:17:24,21.3,49.7
08/23/2026,14:22:24,21.4,49.5
08/23/2026,14:27:24,21.3,49.4
08/23/2026,14:32:24,21.3,49.2
08/23/2026,14:37:24,21.3,49.1
08/23/2026,14:42:24,21.4,49.1
08/23/2026,14:47:24,21.4,49.3
08/23/2026,14:52:24,21.4,48.9
08/23/2026,14:57:24,21.4,48.9
08/23/2026,15:02:24,21.4,48.6
08/23/2026,15:07:24,21.4,48.3
08/23/2026,15:12:24,21.4,48.3
08/23/2026,15:17:24,21.4,48.1
08/23/2026,15:22:24,21.4,47.8
08/23/2026,15:27:24,21.5,47.9
08/23/2026,15:32:24,21.5,47.9
08/23/2026,15:37:24,21.5,48.0
08/23/2026,15:42:24,21.6,47.8
08/23/2026,15:47:24,21.6,47.5
08/23/2026,15:52:24,21.7,47.2
08/23/2026,15:57:24,21.7,47.1
08/23/2026,16:02:24,21.7,47.0
08/23/2026,16:07:24,21.7,46.9
08/23/2026,16:12:24,21.7,46.6
08/23/2026,16:17:24,21.7,46.5
08/23/2026,16:22:24,21.7,46.4
08/23/2026,16:27:24,21.7,46.0
08/23/2026,16:32:24,21.7,45.9
08/23/2026,16:37:24,21.7,45.8
08/23/2026,16:42:24,21.7,45.7
08/23/2026,16:47:24,21.7,45.7
08/23/2026,16:52:24,21.7,45.7
08/23/2026,16:57:24,21.7,45.6
08/23/2026,17:02:24,21.7,45.6
08/23/2026,17:07:24,21.7,45.6
08/23/2026,17:12:24,21.7,45.5
08/23/2026,17:17:24,21.8,45.3
08/23/2026,17:22:24,21.8,45.3
08/23/2026,17:27:24,21.8,45.3
08/23/2026,17:32:24,21.7,45.3
08/23/2026,17:37:24,21.7,45.2
08/23/2026,17:42:24,21.7,45.2
08/23/2026,17:47:24,21.7,45.1
08/23/2026,17:52:24,21.7,45.1
08/23/2026,17:57:24,21.7,45.1
08/23/2026,18:02:24,21.7,45.0
08/23/2026,18:07:24,21.7,45.0
08/23/2026,18:12:24,21.6,45.0
08/23/2026,18:17:24,21.7,45.0
08/23/2026,18:22:24,21.6,45.1
08/23/2026,18:27:24,21.6,45.2
08/23/2026,18:32:24,21.6,45.1
08/23/2026,18:37:24,21.6,45.1
08/23/2026,18:42:24,21.6,45.2
08/23/2026,18:47:24,21.6,45.3
08/23/2026,18:52:24,21.6,45.4
08/23/2026,18:57:24,21.6,45.2
08/23/2026,19:02:24,21.6,45.3
08/23/2026,19:07:24,21.5,45.3
08/23/2026,19:12:24,21.5,45.4
08/23/2026,19:17:24,21.5,45.5
08/23/2026,19:22:24,21.5,45.5
08/23/2026,19:27:24,21.5,45.6
08/23/2026,19:32:24,21.5,45.6
08/23/2026,19:37:24,21.5,45.7
08/23/2026,19:42:24,21.5,45.9
08/23/2026,19:47:24,21.5,46.2
08/23/2026,19:52:24,21.5,46.7
08/23/2026,19:57:24,21.5,46.9
08/23/2026,20:02:24,21.5,47.1
08/23/2026,20:07:24,21.5,47.4
08/23/2026,20:12:24,21.5,47.5
08/23/2026,20:17:24,21.4,47.6
08/23/2026,20:22:24,21.4,47.7
08/23/2026,20:27:24,21.4,47.9
08/23/2026,20:32:24,21.4,48.2
08/23/2026,20:37:24,21.4,48.3
08/23/2026,20:42:24,21.4,48.4
08/23/2026,20:47:24,21.4,48.5
08/23/2026,20:52:24,21.4,48.7
08/23/2026,20:57:24,21.4,48.7
08/23/2026,21:02:24,21.4,48.7
08/23/2026,21:07:24,21.4,48.9
08/23/2026,21:12:24,21.4,48.9
08/23/2026,21:17:24,21.3,48.8
08/23/2026,21:22:24,21.4,48.7
08/23/2026,21:27:24,21.3,48.7
08/23/2026,21:32:24,21.3,48.7
08/23/2026,21:37:24,21.3,48.6
08/23/2026,21:42:24,21.3,48.6
08/23/2026,21:47:24,21.3,48.6
08/23/2026,21:52:24,21.2,48.5
08/23/2026,21:57:24,21.2,48.4
08/23/2026,22:02:24,21.2,48.4
08/23/2026,22:07:24,21.2,48.3
08/23/2026,22:12:24,21.1,48.3
08/23/2026,22:17:24,21.1,48.3
08/23/2026,22:22:24,21.1,48.2
08/23/2026,22:27:24,21.1,48.2
08/23/2026,22:32:24,21.0,48.2
08/23/2026,22:37:24,21.0,48.3
08/23/2026,22:42:24,21.0,48.3
08/23/2026,22:47:24,21.0,48.2
08/23/2026,22:52:24,21.0,48.3
08/23/2026,22:57:24,21.0,48.3
08/23/2026,23:02:24,21.0,48.3
08/23/2026,23:07:24,20.9,48.3
08/23/2026,23:12:24,20.9,48.3
08/23/2026,23:17:24,20.9,48.3
08/23/2026,23:22:24,20.9,48.3
08/23/2026,23:27:24,20.9,48.4
08/23/2026,23:32:24,20.9,48.4
08/23/2026,23:37:24,20.9,48.4
08/23/2026,23:42:24,20.8,48.4
08/23/2026,23:47:24,20.8,48.4
08/23/2026,23:52:24,20.8,48.4
08/23/2026,23:57:24,20.7,48.5
08/24/2026,00:02:24,20.7,48.5
08/24/2026,00:07:24,20.7,48.5
08/24/2026,00:12:24,20.7,48.5
08/24/2026,00:17:24,20.7,48.5
08/24/2026,00:22:24,20.7,48.5
08/24/2026,00:27:24,20.6,48.5
08/24/2026,00:32:24,20.6,48.5
08/24/2026,00:37:24,20.6,48.5
08/24/2026,00:42:24,20.6,48.5
08/24/2026,00:47:24,20.5,48.6
08/24/2026,00:52:24,20.5,48.6
08/24/2026,00:57:24,20.5,48.7
08/24/2026,01:02:24,20.5,48.7
08/24/2026,01:07:24,20.4,48.7
08/24/2026,01:12:24,20.4,48.8
08/24/2026,01:17:24,20.4,48.8
08/24/2026,01:22:24,20.4,48.8
08/24/2026,01:27:24,20.3,48.9
08/24/2026,01:32:24,20.3,48.9
08/24/2026,01:37:24,20.3,48.9
08/24/2026,01:42:24,20.2,48.9
08/24/2026,01:47:24,20.2,48.9
08/24/2026,01:52:24,20.2,49.0
08/24/2026,01:57:24,20.2,49.0
08/24/2026,02:02:24,20.2,49.1
08/24/2026,02:07:24,20.1,49.1
08/24/2026,02:12:24,20.1,49.2
08/24/2026,02:17:24,20.1,49.3
08/24/2026,02:22:24,20.1,49.3
08/24/2026,02:27:24,20.0,49.3
08/24/2026,02:32:24,20.0,49.4
08/24/2026,02:37:24,20.0,49.4
08/24/2026,02:42:24,20.0,49.5
08/24/2026,02:47:24,20.0,49.4
08/24/2026,02:52:24,19.9,49.5
08/24/2026,02:57:24,19.9,49.6
08/24/2026,03:02:24,19.9,49.6
08/24/2026,03:07:24,19.9,49.6
08/24/2026,03:12:24,19.8,49.6
08/24/2026,03:17:24,19.8,49.7
08/24/2026,03:22:24,19.8,49.7
08/24/2026,03:27:24,19.8,49.7
08/24/2026,03:32:24,19.7,49.7
08/24/2026,03:37:24,19.7,49.7
08/24/2026,03:42:24,19.7,49.8
08/24/2026,03:47:24,19.7,49.7
08/24/2026,03:52:24,19.6,49.7
08/24/2026,03:57:24,19.6,49.6
08/24/2026,04:02:24,19.5,49.7
08/24/2026,04:07:24,19.5,49.7
08/24/2026,04:12:24,19.5,49.7
08/24/2026,04:17:24,19.5,49.7
08/24/2026,04:22:24,19.4,49.7
08/24/2026,04:27:24,19.4,49.7
08/24/2026,04:32:24,19.4,49.7
08/24/2026,04:37:24,19.4,49.7
08/24/2026,04:42:24,19.3,49.6
08/24/2026,04:47:24,19.3,49.6
08/24/2026,04:52:24,19.3,49.6
08/24/2026,04:57:24,19.2,49.6
08/24/2026,05:02:24,19.2,49.5
08/24/2026,05:07:24,19.2,49.5
08/24/2026,05:12:24,19.2,49.6
08/24/2026,05:17:24,19.1,49.6
08/24/2026,05:22:24,19.1,49.6
08/24/2026,05:27:24,19.0,49.6
08/24/2026,05:32:24,19.0,49.6
08/24/2026,05:37:24,19.0,49.6
08/24/2026,05:42:24,19.0,49.6
08/24/2026,05:47:24,18.9,49.6
08/24/2026,05:52:24,18.9,49.6
08/24/2026,05:57:24,18.9,49.6
08/24/2026,06:02:24,18.8,49.6
08/24/2026,06:07:24,18.8,49.7
08/24/2026,06:12:24,18.8,49.7
08/24/2026,06:17:24,18.8,49.6
08/24/2026,06:22:24,18.7,49.7
08/24/2026,06:27:24,18.7,49.7
08/24/2026,06:32:24,18.7,49.7
08/24/2026,06:37:24,18.7,49.9
08/24/2026,06:42:24,18.7,50.0
08/24/2026,06:47:24,18.7,50.1
08/24/2026,06:52:24,18.7,50.2
08/24/2026,06:57:24,18.7,50.4
08/24/2026,07:02:24,18.7,50.3
08/24/2026,07:07:24,18.8,50.2
08/24/2026,07:12:24,19.0,50.1
08/24/2026,07:17:24,19.1,50.0
08/24/2026,07:22:24,19.1,49.9
08/24/2026,07:27:24,19.2,49.9
08/24/2026,07:32:24,19.2,49.7
08/24/2026,07:37:24,19.2,49.7
08/24/2026,07:42:24,19.2,49.7
08/24/2026,07:47:24,19.3,49.7
08/24/2026,07:52:24,19.3,49.7
08/24/2026,07:57:24,19.3,49.6
08/24/2026,08:02:24,19.3,49.6
08/24/2026,08:07:24,19.4,49.6
08/24/2026,08:12:24,19.4,49.7
08/24/2026,08:17:24,19.4,49.6
08/24/2026,08:22:24,19.5,49.6
08/24/2026,08:27:24,19.5,49.6
08/24/2026,08:32:24,19.5,49.6
08/24/2026,08:37:24,19.5,49.7
08/24/2026,08:42:24,19.5,49.7
08/24/2026,08:47:24,19.5,49.6
08/24/2026,08:52:24,19.6,49.7
08/24/2026,08:57:24,19.6,49.7
08/24/2026,09:02:24,19.6,49.6
08/24/2026,09:07:24,19.6,49.7
08/24/2026,09:12:24,19.6,49.6
08/24/2026,09:17:24,19.7,49.6
08/24/2026,09:22:24,19.7,49.7
08/24/2026,09:27:24,19.7,49.7
08/24/2026,09:32:24,19.7,49.7
08/24/2026,09:37:24,19.7,49.7
08/24/2026,09:42:24,19.7,49.8
08/24/2026,09:47:24,19.7,49.7
08/24/2026,09:52:24,19.8,49.8
08/24/2026,09:57:24,19.8,49.8
08/24/2026,10:02:24,19.8,49.9
08/24/2026,10:07:24,19.8,49.9
08/24/2026,10:12:24,19.8,50.0
08/24/2026,10:17:24,19.8,50.0
08/24/2026,10:22:24,19.9,50.0
08/24/2026,10:27:24,19.9,50.1
08/24/2026,10:32:24,19.9,50.1
08/24/2026,10:37:24,19.9,50.1
08/24/2026,10:42:24,19.9,50.1
08/24/2026,10:47:24,19.9,50.1
08/24/2026,10:52:24,20.0,50.1
08/24/2026,10:57:24,20.0,50.1
08/24/2026,11:02:24,20.0,50.2
08/24/2026,11:07:24,20.0,50.1
08/24/2026,11:12:24,20.0,50.2
08/24/2026,11:17:24,20.0,50.2
08/24/2026,11:22:24,20.0,50.2
08/24/2026,11:27:24,20.0,50.2
08/24/2026,11:32:24,20.0,50.3
08/24/2026,11:37:24,20.0,50.3
08/24/2026,11:42:24,20.1,50.4
08/24/2026,11:47:24,20.1,50.4
08/24/2026,11:52:24,20.1,50.4
08/24/2026,11:57:24,20.1,50.5
08/24/2026,12:02:24,20.1,50.5
08/24/2026,12:07:24,20.1,50.5
08/24/2026,12:12:24,20.1,50.4
08/24/2026,12:17:24,20.1,50.5
08/24/2026,12:22:24,20.2,50.5
08/24/2026,12:27:24,20.2,50.6
08/24/2026,12:32:24,20.2,50.6
08/24/2026,12:37:24,20.2,50.6
08/24/2026,12:42:24,20.2,50.6
08/24/2026,12:47:24,20.2,50.6
08/24/2026,12:52:24,20.3,50.6
08/24/2026,12:57:24,20.3,50.6
08/24/2026,13:02:24,20.3,50.6
08/24/2026,13:07:24,20.3,50.6
08/24/2026,13:12:24,20.3,50.6
08/24/2026,13:17:24,20.3,50.6
08/24/2026,13:22:24,20.3,50.6
08/24/2026,13:27:24,20.3,50.6
08/24/2026,13:32:24,20.3,50.6
08/24/2026,13:37:24,20.4,50.6
08/24/2026,13:42:24,20.4,50.6
08/24/2026,13:47:24,20.4,50.6
08/24/2026,13:52:24,20.4,50.6
08/24/2026,13:57:24,20.4,50.6
08/24/2026,14:02:24,20.4,50.6
08/24/2026,14:07:24,20.4,50.5
08/24/2026,14:12:24,20.4,50.5
08/24/2026,14:17:24,20.4,50.4
08/24/2026,14:22:24,20.5,50.5
08/24/2026,14:27:24,20.4,50.5
08/24/2026,14:32:24,20.5,50.5
08/24/2026,14:37:24,20.5,50.4
08/24/2026,14:42:24,20.5,50.5
08/24/2026,14:47:24,20.5,50.4
08/24/2026,14:52:24,20.5,50.4
08/24/2026,14:57:24,20.5,50.4
08/24/2026,15:02:24,20.6,50.3
08/24/2026,15:07:24,20.6,50.3
08/24/2026,15:12:24,20.6,50.3
08/24/2026,15:17:24,20.6,50.3
08/24/2026,15:22:24,20.6,50.3
08/24/2026,15:27:24,20.7,50.3
08/24/2026,15:32:24,20.7,50.2
08/24/2026,15:37:24,20.7,50.2
08/24/2026,15:42:24,20.7,50.2
08/24/2026,15:47:24,20.7,50.2
08/24/2026,15:52:24,20.7,50.2
08/24/2026,15:57:24,20.7,50.3
08/24/2026,16:02:24,20.8,50.3
08/24/2026,16:07:24,20.7,50.3
08/24/2026,16:12:24,20.8,50.3
08/24/2026,16:17:24,20.8,50.3
08/24/2026,16:22:24,20.8,50.4
08/24/2026,16:27:24,20.8,50.3
08/24/2026,16:32:24,20.8,50.3
08/24/2026,16:37:24,20.8,50.4
08/24/2026,16:42:24,20.8,50.3
08/24/2026,16:47:24,20.8,50.4
08/24/2026,16:52:24,20.8,50.4
08/24/2026,16:57:24,20.8,50.4
08/24/2026,17:02:24,20.8,50.4
08/24/2026,17:07:24,20.8,50.4
08/24/2026,17:12:24,20.8,50.5
08/24/2026,17:17:24,20.8,50.4
08/24/2026,17:22:24,20.8,50.5
08/24/2026,17:27:24,20.8,50.5
08/24/2026,17:32:24,20.8,50.5
08/24/2026,17:37:24,20.9,50.4
08/24/2026,17:42:24,20.9,50.5
08/24/2026,17:47:24,20.9,50.5
08/24/2026,17:52:24,20.9,50.5
08/24/2026,17:57:24,20.9,50.5
08/24/2026,18:02:24,20.9,50.4
08/24/2026,18:07:24,20.9,50.5
08/24/2026,18:12:24,20.9,50.5
08/24/2026,18:17:24,20.9,50.5
08/24/2026,18:22:24,20.9,50.4
08/24/2026,18:27:24,20.9,50.4
08/24/2026,18:32:24,20.9,50.4
08/24/2026,18:37:24,20.9,50.4
08/24/2026,18:42:24,20.9,50.4
08/24/2026,18:47:24,20.9,50.4
08/24/2026,18:52:24,20.9,50.3
08/24/2026,18:57:24,20.9,50.3
08/24/2026,19:02:24,20.9,50.3
08/24/2026,19:07:24,20.8,50.3
08/24/2026,19:12:24,20.9,50.2
08/24/2026,19:17:24,20.8,50.2
08/24/2026,19:22:24,20.9,50.2
08/24/2026,19:27:24,20.8,50.2
08/24/2026,19:32:24,20.9,50.2
08/24/2026,19:37:24,20.8,50.2
08/24/2026,19:42:24,20.8,50.1
08/24/2026,19:47:24,20.8,50.1
08/24/2026,19:52:24,20.8,50.2
08/24/2026,19:57:24,20.8,50.1
08/24/2026,20:02:24,20.8,50.1
08/24/2026,20:07:24,20.8,50.1
08/24/2026,20:12:24,20.8,50.1
08/24/2026,20:17:24,20.8,50.1
08/24/2026,20:22:24,20.8,50.1
08/24/2026,20:27:24,20.8,50.0
08/24/2026,20:32:24,20.8,50.1
08/24/2026,20:37:24,20.8,50.0
08/24/2026,20:42:24,20.8,50.0
08/24/2026,20:47:24,20.8,50.0
08/24/2026,20:52:24,20.8,50.0
08/24/2026,20:57:24,20.8,50.0
08/24/2026,21:02:24,20.8,50.0
08/24/2026,21:07:24,20.8,50.0
08/24/2026,21:12:24,20.8,50.0
08/24/2026,21:17:24,20.7,50.0
08/24/2026,21:22:24,20.8,50.0
08/24/2026,21:27:24,20.8,50.0
08/24/2026,21:32:24,20.7,50.0
08/24/2026,21:37:24,20.8,50.0
08/24/2026,21:42:24,20.8,50.0
08/24/2026,21:47:24,20.7,50.0
08/24/2026,21:52:24,20.7,50.0
08/24/2026,21:57:24,20.7,50.0
08/24/2026,22:02:24,20.8,50.0
08/24/2026,22:07:24,20.7,50.0
08/24/2026,22:12:24,20.7,50.0
08/24/2026,22:17:24,20.7,50.0
08/24/2026,22:22:24,20.7,50.0
08/24/2026,22:27:24,20.7,50.0
08/24/2026,22:32:24,20.7,50.0
08/24/2026,22:37:24,20.7,50.0
08/24/2026,22:42:24,20.7,50.0
08/24/2026,22:47:24,20.7,50.0
08/24/2026,22:52:24,20.7,50.0
08/24/2026,22:57:24,20.7,50.0
08/24/2026,23:02:24,20.7,50.0
08/24/2026,23:07:24,20.7,50.0
08/24/2026,23:12:24,20.7,50.0
08/24/2026,23:17:24,20.7,50.0
08/24/2026,23:22:24,20.7,50.0
08/24/2026,23:27:24,20.7,50.0
08/24/2026,23:32:24,20.6,50.0
08/24/2026,23:37:24,20.6,50.0
08/24/2026,23:42:24,20.7,50.0
08/24/2026,23:47:24,20.6,50.0
08/24/2026,23:52:24,20.6,50.0
08/24/2026,23:57:24,20.6,50.0
08/25/2026,00:02:24,20.6,50.0
08/25/2026,00:07:24,20.6,50.0
08/25/2026,00:12:24,20.6,50.0
08/25/2026,00:17:24,20.6,50.0
08/25/2026,00:22:24,20.6,50.0
08/25/2026,00:27:24,20.6,50.0
08/25/2026,00:32:24,20.6,50.0
08/25/2026,00:37:24,20.6,50.1
08/25/2026,00:42:24,20.6,50.1
08/25/2026,00:47:24,20.6,50.1
08/25/2026,00:52:24,20.6,50.1
08/25/2026,00:57:24,20.6,50.1
08/25/2026,01:02:24,20.6,50.1
08/25/2026,01:07:24,20.5,50.1
08/25/2026,01:12:24,20.5,50.2
08/25/2026,01:17:24,20.6,50.2
08/25/2026,01:22:24,20.5,50.1
08/25/2026,01:27:24,20.5,50.2
08/25/2026,01:32:24,20.5,50.2
08/25/2026,01:37:24,20.5,50.2
08/25/2026,01:42:24,20.5,50.2
08/25/2026,01:47:24,20.5,50.2
08/25/2026,01:52:24,20.5,50.2
08/25/2026,01:57:24,20.5,50.3
08/25/2026,02:02:24,20.5,50.3
08/25/2026,02:07:24,20.5,50.3
08/25/2026,02:12:24,20.5,50.4
08/25/2026,02:17:24,20.5,50.3
08/25/2026,02:22:24,20.5,50.4
08/25/2026,02:27:24,20.5,50.4
08/25/2026,02:32:24,20.5,50.4
08/25/2026,02:37:24,20.4,50.4
08/25/2026,02:42:24,20.4,50.5
08/25/2026,02:47:24,20.4,50.5
08/25/2026,02:52:24,20.4,50.5
08/25/2026,02:57:24,20.4,50.5
08/25/2026,03:02:24,20.4,50.5
08/25/2026,03:07:24,20.4,50.5
08/25/2026,03:12:24,20.4,50.6
08/25/2026,03:17:24,20.4,50.6
08/25/2026,03:22:24,20.4,50.6
08/25/2026,03:27:24,20.4,50.6
08/25/2026,03:32:24,20.4,50.6
08/25/2026,03:37:24,20.4,50.7
08/25/2026,03:42:24,20.4,50.7
08/25/2026,03:47:24,20.4,50.6
08/25/2026,03:52:24,20.4,50.7
08/25/2026,03:57:24,20.4,50.8
08/25/2026,04:02:24,20.4,50.8
08/25/2026,04:07:24,20.4,50.8
08/25/2026,04:12:24,20.3,50.8
08/25/2026,04:17:24,20.4,50.8
08/25/2026,04:22:24,20.3,50.9
08/25/2026,04:27:24,20.3,50.9
08/25/2026,04:32:24,20.3,50.9
08/25/2026,04:37:24,20.3,50.9
08/25/2026,04:42:24,20.3,51.0
08/25/2026,04:47:24,20.3,50.9
08/25/2026,04:52:24,20.3,51.0
08/25/2026,04:57:24,20.3,51.0
08/25/2026,05:02:24,20.3,51.0
08/25/2026,05:07:24,20.3,51.0
08/25/2026,05:12:24,20.3,51.0
08/25/2026,05:17:24,20.3,51.1
08/25/2026,05:22:24,20.3,51.1
08/25/2026,05:27:24,20.3,51.1
08/25/2026,05:32:24,20.3,51.2
08/25/2026,05:37:24,20.2,51.2
08/25/2026,05:42:24,20.2,51.2
08/25/2026,05:47:24,20.2,51.2
08/25/2026,05:52:24,20.2,51.2
08/25/2026,05:57:24,20.2,51.3
08/25/2026,06:02:24,20.2,51.3
08/25/2026,06:07:24,20.2,51.3
08/25/2026,06:12:24,20.2,51.3
08/25/2026,06:17:24,20.2,51.4
08/25/2026,06:22:24,20.2,51.4
08/25/2026,06:27:24,20.2,51.3
08/25/2026,06:32:24,20.2,51.4
08/25/2026,06:37:24,20.2,51.4
08/25/2026,06:42:24,20.2,51.4
08/25/2026,06:47:24,20.2,51.4
08/25/2026,06:52:24,20.2,51.5
08/25/2026,06:57:24,20.2,51.5
08/25/2026,07:02:24,20.2,51.5
08/25/2026,07:07:24,20.1,51.5
08/25/2026,07:12:24,20.2,51.5
08/25/2026,07:17:24,20.1,51.6
08/25/2026,07:22:24,20.1,51.6
08/25/2026,07:27:24,20.1,51.6
08/25/2026,07:32:24,20.1,51.6
08/25/2026,07:37:24,20.1,51.7
08/25/2026,07:42:24,20.1,51.7
08/25/2026,07:47:24,20.1,51.7
08/25/2026,07:52:24,20.1,51.7
08/25/2026,07:57:24,20.1,51.7
08/25/2026,08:02:24,20.1,51.6
08/25/2026,08:07:24,20.1,51.7
08/25/2026,08:12:24,20.1,51.8
08/25/2026,08:17:24,20.1,51.8
08/25/2026,08:22:24,20.1,51.9
08/25/2026,08:27:24,20.1,51.9
08/25/2026,08:32:24,20.1,51.9
08/25/2026,08:37:24,20.2,52.0
08/25/2026,08:42:24,20.2,52.0
08/25/2026,08:47:24,20.2,52.0
08/25/2026,08:52:24,20.2,52.1
08/25/2026,08:57:24,20.2,52.1
08/25/2026,09:02:24,20.2,52.2
08/25/2026,09:07:24,20.2,52.2
08/25/2026,09:12:24,20.2,52.3
08/25/2026,09:17:24,20.2,52.3
08/25/2026,09:22:24,20.2,52.4
08/25/2026,09:27:24,20.2,52.5
08/25/2026,09:32:24,20.3,52.5
08/25/2026,09:37:24,20.3,52.6
08/25/2026,09:42:24,20.3,52.7
08/25/2026,09:47:24,20.3,52.8
08/25/2026,09:52:24,20.3,52.9
08/25/2026,09:57:24,20.3,52.9
08/25/2026,10:02:24,20.3,53.0
08/25/2026,10:07:24,20.3,53.1
08/25/2026,10:12:24,20.3,53.2
08/25/2026,10:17:24,20.4,53.2
08/25/2026,10:22:24,20.4,53.2
08/25/2026,10:27:24,20.4,53.3
08/25/2026,10:32:24,20.4,53.4
08/25/2026,10:37:24,20.4,53.5
08/25/2026,10:42:24,20.4,53.6
08/25/2026,10:47:24,20.4,53.6
08/25/2026,10:52:24,20.5,53.6
08/25/2026,10:57:24,20.5,53.7
08/25/2026,11:02:24,20.5,53.8
08/25/2026,11:07:24,20.5,53.8
08/25/2026,11:12:24,20.5,53.8
08/25/2026,11:17:24,20.5,53.9
08/25/2026,11:22:24,20.5,54.0
08/25/2026,11:27:24,20.5,54.1
08/25/2026,11:32:24,20.5,54.1
08/25/2026,11:37:24,20.5,54.2
08/25/2026,11:42:24,20.6,54.2
08/25/2026,11:47:24,20.6,54.3
08/25/2026,11:52:24,20.6,54.3
08/25/2026,11:57:24,20.6,54.4
08/25/2026,12:02:24,20.6,54.4
08/25/2026,12:07:24,20.6,54.4
08/25/2026,12:12:24,20.6,54.4
08/25/2026,12:17:24,20.6,54.5
08/25/2026,12:22:24,20.6,54.5
08/25/2026,12:27:24,20.6,54.6
08/25/2026,12:32:24,20.7,54.6
08/25/2026,12:37:24,20.7,54.6
08/25/2026,12:42:24,20.7,54.9
08/25/2026,12:47:24,20.7,55.0
08/25/2026,12:52:24,20.8,54.8
08/25/2026,12:57:24,20.8,54.8
08/25/2026,13:02:24,20.8,54.8
08/25/2026,13:07:24,20.9,55.0
08/25/2026,13:12:24,20.9,54.9
08/25/2026,13:17:24,21.0,54.7
08/25/2026,13:22:24,21.0,54.6
08/25/2026,13:27:24,21.0,54.4
08/25/2026,13:32:24,21.0,54.4
08/25/2026,13:37:24,21.0,54.3
08/25/2026,13:42:24,21.0,54.2
08/25/2026,13:47:24,21.0,54.2
08/25/2026,13:52:24,21.1,54.1
08/25/2026,13:57:24,21.1,54.1
08/25/2026,14:02:24,21.1,53.9
08/25/2026,14:07:24,21.1,53.9
08/25/2026,14:12:24,21.1,53.8
08/25/2026,14:17:24,21.1,53.7
08/25/2026,14:22:24,21.1,53.7
08/25/2026,14:27:24,21.2,53.6
08/25/2026,14:32:24,21.2,53.5
08/25/2026,14:37:24,21.2,53.4
08/25/2026,14:42:24,21.2,53.3
08/25/2026,14:47:24,21.2,53.2
08/25/2026,14:52:24,21.2,53.1
08/25/2026,14:57:24,21.3,53.0
08/25/2026,15:02:24,21.3,53.0
08/25/2026,15:07:24,21.3,52.7
08/25/2026,15:12:24,21.3,52.7
08/25/2026,15:17:24,21.4,52.6
08/25/2026,15:22:24,21.4,52.5
08/25/2026,15:27:24,21.5,52.3
08/25/2026,15:32:24,21.5,52.1
08/25/2026,15:37:24,21.6,51.8
08/25/2026,15:42:24,21.7,51.6
08/25/2026,15:47:24,21.7,51.5
08/25/2026,15:52:24,21.8,51.2
08/25/2026,15:57:24,21.8,50.9
08/25/2026,16:02:24,21.9,50.7
08/25/2026,16:07:24,21.9,50.4
08/25/2026,16:12:24,21.9,50.2
08/25/2026,16:17:24,21.9,50.0
08/25/2026,16:22:24,22.0,49.7
08/25/2026,16:27:24,22.0,49.6
08/25/2026,16:32:24,21.9,49.5
08/25/2026,16:37:24,21.9,49.3
08/25/2026,16:42:24,22.0,49.2
08/25/2026,16:47:24,21.9,49.1
08/25/2026,16:52:24,22.0,49.0
08/25/2026,16:57:24,21.9,48.8
08/25/2026,17:02:24,21.9,48.8
08/25/2026,17:07:24,21.9,48.7
08/25/2026,17:12:24,22.0,48.6
08/25/2026,17:17:24,21.9,48.4
08/25/2026,17:22:24,21.9,48.3
08/25/2026,17:27:24,21.9,48.2
08/25/2026,17:32:24,21.9,48.1
08/25/2026,17:37:24,21.9,48.0
08/25/2026,17:42:24,21.9,47.9
08/25/2026,17:47:24,21.9,47.8
08/25/2026,17:52:24,21.9,47.8
08/25/2026,17:57:24,21.9,47.7
08/25/2026,18:02:24,21.9,47.7
08/25/2026,18:07:24,21.9,47.7
08/25/2026,18:12:24,21.9,47.7
08/25/2026,18:17:24,21.8,47.8
08/25/2026,18:22:24,21.8,47.8
08/25/2026,18:27:24,21.8,47.9
08/25/2026,18:32:24,21.8,47.9
08/25/2026,18:37:24,21.8,48.0
08/25/2026,18:42:24,21.8,48.0
08/25/2026,18:47:24,21.8,48.0
08/25/2026,18:52:24,21.8,48.1
08/25/2026,18:57:24,21.8,48.2
08/25/2026,19:02:24,21.8,48.3
08/25/2026,19:07:24,21.8,48.3
08/25/2026,19:12:24,21.8,48.4
08/25/2026,19:17:24,21.8,48.4
08/25/2026,19:22:24,21.8,48.5
08/25/2026,19:27:24,21.8,48.6
08/25/2026,19:32:24,21.8,48.7
08/25/2026,19:37:24,21.8,48.7
08/25/2026,19:42:24,21.7,48.7
08/25/2026,19:47:24,21.7,48.8
08/25/2026,19:52:24,21.8,48.9
08/25/2026,19:57:24,21.7,48.9
08/25/2026,20:02:24,21.7,49.0
08/25/2026,20:07:24,21.7,49.1
08/25/2026,20:12:24,21.7,49.2
08/25/2026,20:17:24,21.7,49.2
08/25/2026,20:22:24,21.7,49.3
08/25/2026,20:27:24,21.7,49.3
08/25/2026,20:32:24,21.7,49.4
08/25/2026,20:37:24,21.7,49.4
08/25/2026,20:42:24,21.7,49.5
08/25/2026,20:47:24,21.7,49.6
08/25/2026,20:52:24,21.7,49.6
08/25/2026,20:57:24,21.7,49.6
08/25/2026,21:02:24,21.7,49.7
08/25/2026,21:07:24,21.7,49.7
08/25/2026,21:12:24,21.6,49.7
08/25/2026,21:17:24,21.6,49.8
08/25/2026,21:22:24,21.6,49.8
08/25/2026,21:27:24,21.6,49.9
08/25/2026,21:32:24,21.6,49.9
08/25/2026,21:37:24,21.6,49.9
08/25/2026,21:42:24,21.6,50.0
08/25/2026,21:47:24,21.6,50.0
08/25/2026,21:52:24,21.6,50.0
08/25/2026,21:57:24,21.6,50.1
08/25/2026,22:02:24,21.6,50.1
08/25/2026,22:07:24,21.6,50.2
08/25/2026,22:12:24,21.6,50.2
08/25/2026,22:17:24,21.6,50.3
08/25/2026,22:22:24,21.6,50.3
08/25/2026,22:27:24,21.6,50.4
08/25/2026,22:32:24,21.6,50.5
08/25/2026,22:37:24,21.6,50.5
08/25/2026,22:42:24,21.6,50.6
08/25/2026,22:47:24,21.6,50.6
08/25/2026,22:52:24,21.6,50.7
08/25/2026,22:57:24,21.6,50.7
08/25/2026,23:02:24,21.5,50.8
08/25/2026,23:07:24,21.5,50.8
08/25/2026,23:12:24,21.5,50.9
08/25/2026,23:17:24,21.6,50.9
08/25/2026,23:22:24,21.6,51.0
08/25/2026,23:27:24,21.5,51.1
08/25/2026,23:32:24,21.5,51.1
08/25/2026,23:37:24,21.5,51.2
08/25/2026,23:42:24,21.5,51.3
08/25/2026,23:47:24,21.5,51.3
08/25/2026,23:52:24,21.5,51.3
08/25/2026,23:57:24,21.5,51.4
08/26/2026,00:02:24,21.5,51.5
08/26/2026,00:07:24,21.5,51.5
08/26/2026,00:12:24,21.5,51.5
08/26/2026,00:17:24,21.5,51.5
08/26/2026,00:22:24,21.5,51.6
08/26/2026,00:27:24,21.5,51.7
08/26/2026,00:32:24,21.5,51.7
08/26/2026,00:37:24,21.5,51.7
08/26/2026,00:42:24,21.5,51.8
08/26/2026,00:47:24,21.5,51.8
08/26/2026,00:52:24,21.5,51.9
08/26/2026,00:57:24,21.5,51.9
08/26/2026,01:02:24,21.5,52.1
08/26/2026,01:07:24,21.5,52.1
08/26/2026,01:12:24,21.5,52.2
08/26/2026,01:17:24,21.5,52.3
08/26/2026,01:22:24,21.5,52.3
08/26/2026,01:27:24,21.5,52.4
08/26/2026,01:32:24,21.5,52.5
08/26/2026,01:37:24,21.5,52.5
08/26/2026,01:42:24,21.5,52.5
08/26/2026,01:47:24,21.5,52.5
08/26/2026,01:52:24,21.4,52.6
08/26/2026,01:57:24,21.5,52.8
08/26/2026,02:02:24,21.5,52.7
08/26/2026,02:07:24,21.4,52.8
08/26/2026,02:12:24,21.4,52.8
08/26/2026,02:17:24,21.4,52.9
08/26/2026,02:22:24,21.4,53.0
08/26/2026,02:27:24,21.4,53.1
08/26/2026,02:32:24,21.4,53.2
08/26/2026,02:37:24,21.4,53.1
08/26/2026,02:42:24,21.4,53.2
08/26/2026,02:47:24,21.4,53.3
08/26/2026,02:52:24,21.4,53.4
08/26/2026,02:57:24,21.4,53.4
08/26/2026,03:02:24,21.4,53.4
08/26/2026,03:07:24,21.4,53.5
08/26/2026,03:12:24,21.4,53.5
08/26/2026,03:17:24,21.4,53.7
08/26/2026,03:22:24,21.4,53.8
08/26/2026,03:27:24,21.4,53.8
08/26/2026,03:32:24,21.4,53.8
08/26/2026,03:37:24,21.4,53.9
08/26/2026,03:42:24,21.4,53.9
08/26/2026,03:47:24,21.4,54.0
08/26/2026,03:52:24,21.4,54.1
08/26/2026,03:57:24,21.4,54.2
08/26/2026,04:02:24,21.4,54.5
08/26/2026,04:07:24,21.3,54.4
08/26/2026,04:12:24,21.3,54.4
08/26/2026,04:17:24,21.3,54.4
08/26/2026,04:22:24,21.3,54.5
08/26/2026,04:27:24,21.3,54.5
08/26/2026,04:32:24,21.3,54.6
08/26/2026,04:37:24,21.3,54.7
08/26/2026,04:42:24,21.3,54.7
08/26/2026,04:47:24,21.3,54.7
08/26/2026,04:52:24,21.3,54.8
08/26/2026,04:57:24,21.3,54.9
08/26/2026,05:02:24,21.3,55.0
08/26/2026,05:07:24,21.3,55.0
08/26/2026,05:12:24,21.3,55.1
08/26/2026,05:17:24,21.3,55.1
08/26/2026,05:22:24,21.3,55.1
08/26/2026,05:27:24,21.3,55.2
08/26/2026,05:32:24,21.3,55.2
08/26/2026,05:37:24,21.3,55.3
08/26/2026,05:42:24,21.3,55.3
08/26/2026,05:47:24,21.3,55.4
08/26/2026,05:52:24,21.3,55.4
08/26/2026,05:57:24,21.2,55.5
08/26/2026,06:02:24,21.3,55.6
08/26/2026,06:07:24,21.3,55.6
08/26/2026,06:12:24,21.3,55.7
08/26/2026,06:17:24,21.2,55.7
08/26/2026,06:22:24,21.2,55.8
08/26/2026,06:27:24,21.2,55.9
08/26/2026,06:32:24,21.2,55.9
08/26/2026,06:37:24,21.2,56.0
08/26/2026,06:42:24,21.2,56.0
08/26/2026,06:47:24,21.2,56.0
08/26/2026,06:52:24,21.2,56.1
08/26/2026,06:57:24,21.2,56.2
08/26/2026,07:02:24,21.2,56.2
08/26/2026,07:07:24,21.2,56.2
08/26/2026,07:12:24,21.2,56.2
08/26/2026,07:17:24,21.2,56.2
08/26/2026,07:22:24,21.2,56.2
08/26/2026,07:27:24,21.2,56.1
08/26/2026,07:32:24,21.2,56.2
08/26/2026,07:37:24,21.2,56.2
08/26/2026,07:42:24,21.2,56.2
08/26/2026,07:47:24,21.2,56.2
08/26/2026,07:52:24,21.2,56.1
08/26/2026,07:57:24,21.2,56.1
08/26/2026,08:02:24,21.2,56.1
08/26/2026,08:07:24,21.2,56.0
08/26/2026,08:12:24,21.2,56.0
08/26/2026,08:17:24,21.2,56.0
08/26/2026,08:22:24,21.2,56.0
08/26/2026,08:27:24,21.2,56.0
08/26/2026,08:32:24,21.2,56.0
08/26/2026,08:37:24,21.2,56.0
08/26/2026,08:42:24,21.2,55.9
08/26/2026,08:47:24,21.2,55.9
08/26/2026,08:52:24,21.2,55.9
08/26/2026,08:57:24,21.2,55.9
08/26/2026,09:02:24,21.2,55.9
08/26/2026,09:07:24,21.2,55.8
08/26/2026,09:12:24,21.2,55.8
08/26/2026,09:17:24,21.2,55.8
08/26/2026,09:22:24,21.2,55.8
08/26/2026,09:27:24,21.2,55.9
08/26/2026,09:32:24,21.2,55.8
08/26/2026,09:37:24,21.2,55.9
08/26/2026,09:42:24,21.2,55.9
08/26/2026,09:47:24,21.2,55.8
08/26/2026,09:52:24,21.2,55.9
08/26/2026,09:57:24,21.2,55.9
08/26/2026,10:02:24,21.2,55.9
08/26/2026,10:07:24,21.2,55.9
08/26/2026,10:12:24,21.2,55.9
08/26/2026,10:17:24,21.2,55.9
08/26/2026,10:22:24,21.3,55.9
08/26/2026,10:27:24,21.3,56.0
08/26/2026,10:32:24,21.3,56.0
08/26/2026,10:37:24,21.3,56.0
08/26/2026,10:42:24,21.3,56.1
08/26/2026,10:47:24,21.3,56.0
08/26/2026,10:52:24,21.3,56.1
08/26/2026,10:57:24,21.3,56.1
08/26/2026,11:02:24,21.3,56.2
08/26/2026,11:07:24,21.3,56.2
08/26/2026,11:12:24,21.3,56.2
08/26/2026,11:17:24,21.3,56.3
08/26/2026,11:22:24,21.3,56.4
08/26/2026,11:27:24,21.3,56.4
08/26/2026,11:32:24,21.3,56.4
08/26/2026,11:37:24,21.4,56.5
08/26/2026,11:42:24,21.4,56.5
08/26/2026,11:47:24,21.4,56.6
08/26/2026,11:52:24,21.4,56.7
08/26/2026,11:57:24,21.4,56.8
08/26/2026,12:02:24,21.4,56.7
08/26/2026,12:07:24,21.4,56.9
08/26/2026,12:12:24,21.4,56.9
08/26/2026,12:17:24,21.5,57.0
08/26/2026,12:22:24,21.5,57.0
08/26/2026,12:27:24,21.5,57.0
08/26/2026,12:32:24,21.5,57.1
08/26/2026,12:37:24,21.5,57.1
08/26/2026,12:42:24,21.5,57.2
08/26/2026,12:47:24,21.5,57.3
08/26/2026,12:52:24,21.5,57.3
08/26/2026,12:57:24,21.5,57.4
08/26/2026,13:02:24,21.5,57.4
08/26/2026,13:07:24,21.5,57.5
08/26/2026,13:12:24,21.5,57.6
08/26/2026,13:17:24,21.5,57.7
08/26/2026,13:22:24,21.6,57.7
08/26/2026,13:27:24,21.6,57.8
08/26/2026,13:32:24,21.6,57.9
08/26/2026,13:37:24,21.6,58.0
08/26/2026,13:42:24,21.6,58.0
08/26/2026,13:47:24,21.6,58.0
08/26/2026,13:52:24,21.7,58.1
08/26/2026,13:57:24,21.7,58.2
08/26/2026,14:02:24,21.7,58.3
08/26/2026,14:07:24,21.7,58.3
08/26/2026,14:12:24,21.7,58.3
08/26/2026,14:17:24,21.7,58.4
08/26/2026,14:22:24,21.8,58.4
08/26/2026,14:27:24,21.8,58.4
08/26/2026,14:32:24,21.8,58.5
08/26/2026,14:37:24,21.8,58.5
08/26/2026,14:42:24,21.8,58.6
08/26/2026,14:47:24,21.8,58.6
08/26/2026,14:52:24,21.8,58.7
08/26/2026,14:57:24,21.8,58.7
08/26/2026,15:02:24,21.8,58.7
08/26/2026,15:07:24,21.8,58.8
08/26/2026,15:12:24,21.8,58.8
08/26/2026,15:17:24,21.8,58.8
08/26/2026,15:22:24,21.9,58.9
08/26/2026,15:27:24,21.9,58.9
08/26/2026,15:32:24,22.0,58.9
08/26/2026,15:37:24,22.0,58.8
08/26/2026,15:42:24,22.1,58.7
08/26/2026,15:47:24,22.1,58.5
08/26/2026,15:52:24,22.2,58.5
08/26/2026,15:57:24,22.2,58.4
08/26/2026,16:02:24,22.3,58.2
08/26/2026,16:07:24,22.3,58.2
08/26/2026,16:12:24,22.3,58.0
08/26/2026,16:17:24,22.3,58.0
08/26/2026,16:22:24,22.3,58.0
08/26/2026,16:27:24,22.3,58.0
08/26/2026,16:32:24,22.3,58.0
08/26/2026,16:37:24,22.3,58.0
08/26/2026,16:42:24,22.4,58.0
08/26/2026,16:47:24,22.3,58.0
08/26/2026,16:52:24,22.4,58.0
08/26/2026,16:57:24,22.4,57.9
08/26/2026,17:02:24,22.4,58.0
08/26/2026,17:07:24,22.4,58.0
08/26/2026,17:12:24,22.4,57.9
08/26/2026,17:17:24,22.4,57.9
08/26/2026,17:22:24,22.4,57.9
08/26/2026,17:27:24,22.4,57.9
08/26/2026,17:32:24,22.5,57.9
08/26/2026,17:37:24,22.5,58.0
08/26/2026,17:42:24,22.4,58.0
08/26/2026,17:47:24,22.5,58.0
08/26/2026,17:52:24,22.4,58.0
08/26/2026,17:57:24,22.4,58.1
08/26/2026,18:02:24,22.4,58.1
08/26/2026,18:07:24,22.5,58.1
08/26/2026,18:12:24,22.5,58.1
08/26/2026,18:17:24,22.5,58.1
08/26/2026,18:22:24,22.5,58.2
08/26/2026,18:27:24,22.4,58.2
08/26/2026,18:32:24,22.4,58.3
08/26/2026,18:37:24,22.4,58.3
08/26/2026,18:42:24,22.4,58.3
08/26/2026,18:47:24,22.4,58.5
08/26/2026,18:52:24,22.5,58.9
08/26/2026,18:57:24,22.4,59.2
08/26/2026,19:02:24,22.4,59.4
08/26/2026,19:07:24,22.5,59.7
08/26/2026,19:12:24,22.5,60.0
08/26/2026,19:17:24,22.5,60.3
08/26/2026,19:22:24,22.5,60.3
08/26/2026,19:27:24,22.5,60.4
08/26/2026,19:32:24,22.6,60.9
08/26/2026,19:37:24,22.6,60.7
08/26/2026,19:42:24,22.6,60.7
08/26/2026,19:47:24,22.6,60.8
08/26/2026,19:52:24,22.6,60.9
08/26/2026,19:57:24,22.6,61.0
08/26/2026,20:02:24,22.6,61.1
08/26/2026,20:07:24,22.6,61.2
08/26/2026,20:12:24,22.6,61.2
08/26/2026,20:17:24,22.6,61.2
08/26/2026,20:22:24,22.6,61.2
08/26/2026,20:27:24,22.6,61.2
08/26/2026,20:32:24,22.6,61.3
08/26/2026,20:37:24,22.6,61.2
08/26/2026,20:42:24,22.6,61.2
08/26/2026,20:47:24,22.6,61.2
08/26/2026,20:52:24,22.6,61.2
08/26/2026,20:57:24,22.6,61.1
08/26/2026,21:02:24,22.6,61.2
08/26/2026,21:07:24,22.6,61.1
08/26/2026,21:12:24,22.6,61.1
08/26/2026,21:17:24,22.6,61.0
08/26/2026,21:22:24,22.6,61.0
08/26/2026,21:27:24,22.6,61.0
08/26/2026,21:32:24,22.6,60.9
08/26/2026,21:37:24,22.6,60.9
08/26/2026,21:42:24,22.6,60.9
08/26/2026,21:47:24,22.6,60.8
08/26/2026,21:52:24,22.6,60.8
08/26/2026,21:57:24,22.6,60.8
08/26/2026,22:02:24,22.6,60.8
08/26/2026,22:07:24,22.5,60.7
08/26/2026,22:12:24,22.6,60.7
08/26/2026,22:17:24,22.6,60.7
08/26/2026,22:22:24,22.6,60.6
08/26/2026,22:27:24,22.6,60.6
08/26/2026,22:32:24,22.5,60.6
08/26/2026,22:37:24,22.5,60.5
08/26/2026,22:42:24,22.5,60.5
08/26/2026,22:47:24,22.5,60.5
08/26/2026,22:52:24,22.6,60.5
08/26/2026,22:57:24,22.5,60.4
08/26/2026,23:02:24,22.5,60.4
08/26/2026,23:07:24,22.5,60.4
08/26/2026,23:12:24,22.5,60.3
08/26/2026,23:17:24,22.5,60.3
08/26/2026,23:22:24,22.5,60.3
08/26/2026,23:27:24,22.5,60.2
08/26/2026,23:32:24,22.5,60.2
08/26/2026,23:37:24,22.5,60.2
08/26/2026,23:42:24,22.5,60.2
08/26/2026,23:47:24,22.5,60.1
08/26/2026,23:52:24,22.5,60.1
08/26/2026,23:57:24,22.5,60.1
08/27/2026,00:02:24,22.5,60.0
08/27/2026,00:07:24,22.5,60.0
08/27/2026,00:12:24,22.5,60.0
08/27/2026,00:17:24,22.5,59.9
08/27/2026,00:22:24,22.5,59.9
08/27/2026,00:27:24,22.4,59.8
08/27/2026,00:32:24,22.5,59.8
08/27/2026,00:37:24,22.4,59.8
08/27/2026,00:42:24,22.5,59.7
08/27/2026,00:47:24,22.4,59.7
08/27/2026,00:52:24,22.5,59.7
08/27/2026,00:57:24,22.4,59.7
08/27/2026,01:02:24,22.4,59.6
08/27/2026,01:07:24,22.4,59.6
08/27/2026,01:12:24,22.4,59.6
08/27/2026,01:17:24,22.4,59.6
08/27/2026,01:22:24,22.4,59.5
08/27/2026,01:27:24,22.4,59.5
08/27/2026,01:32:24,22.4,59.5
08/27/2026,01:37:24,22.4,59.4
08/27/2026,01:42:24,22.4,59.4
08/27/2026,01:47:24,22.4,59.4
08/27/2026,01:52:24,22.4,59.3
08/27/2026,01:57:24,22.4,59.3
08/27/2026,02:02:24,22.4,59.3
08/27/2026,02:07:24,22.4,59.3
08/27/2026,02:12:24,22.4,59.3
08/27/2026,02:17:24,22.3,59.2
08/27/2026,02:22:24,22.4,59.2
08/27/2026,02:27:24,22.3,59.1
08/27/2026,02:32:24,22.3,59.1
08/27/2026,02:37:24,22.3,59.1
08/27/2026,02:42:24,22.3,59.1
08/27/2026,02:47:24,22.3,59.0
08/27/2026,02:52:24,22.3,59.0
08/27/2026,02:57:24,22.3,59.0
08/27/2026,03:02:24,22.3,59.0
08/27/2026,03:07:24,22.3,59.0
08/27/2026,03:12:24,22.3,58.9
08/27/2026,03:17:24,22.3,58.9
08/27/2026,03:22:24,22.3,58.8
08/27/2026,03:27:24,22.3,58.8
08/27/2026,03:32:24,22.3,58.9
08/27/2026,03:37:24,22.3,58.8
08/27/2026,03:42:24,22.3,58.8
08/27/2026,03:47:24,22.3,58.8
08/27/2026,03:52:24,22.3,58.7
08/27/2026,03:57:24,22.3,58.7
08/27/2026,04:02:24,22.3,58.7
08/27/2026,04:07:24,22.3,58.7
08/27/2026,04:12:24,22.3,58.7
08/27/2026,04:17:24,22.3,58.7
08/27/2026,04:22:24,22.3,58.6
08/27/2026,04:27:24,22.2,58.6
08/27/2026,04:32:24,22.2,58.6
08/27/2026,04:37:24,22.2,58.6
08/27/2026,04:42:24,22.2,58.6
08/27/2026,04:47:24,22.2,58.6
08/27/2026,04:52:24,22.2,58.5
08/27/2026,04:57:24,22.2,58.5
08/27/2026,05:02:24,22.2,58.5
08/27/2026,05:07:24,22.2,58.5
08/27/2026,05:12:24,22.2,58.5
08/27/2026,05:17:24,22.2,58.5
08/27/2026,05:22:24,22.2,58.4
08/27/2026,05:27:24,22.2,58.4
08/27/2026,05:32:24,22.2,58.4
08/27/2026,05:37:24,22.2,58.4
08/27/2026,05:42:24,22.2,58.4
08/27/2026,05:47:24,22.2,58.4
08/27/2026,05:52:24,22.2,58.4
08/27/2026,05:57:24,22.2,58.3
08/27/2026,06:02:24,22.2,58.3
08/27/2026,06:07:24,22.2,58.3
08/27/2026,06:12:24,22.1,58.3
08/27/2026,06:17:24,22.1,58.3
08/27/2026,06:22:24,22.1,58.3
08/27/2026,06:27:24,22.1,58.3
08/27/2026,06:32:24,22.1,58.3
08/27/2026,06:37:24,22.1,58.2
08/27/2026,06:42:24,22.2,58.3
08/27/2026,06:47:24,22.1,58.3
08/27/2026,06:52:24,22.1,58.3
08/27/2026,06:57:24,22.1,58.3
08/27/2026,07:02:24,22.1,58.2
08/27/2026,07:07:24,22.1,58.2
08/27/2026,07:12:24,22.1,58.2
08/27/2026,07:17:24,22.1,58.2
08/27/2026,07:22:24,22.1,58.2
08/27/2026,07:27:24,22.1,58.2
08/27/2026,07:32:24,22.1,58.2
08/27/2026,07:37:24,22.1,58.2
08/27/2026,07:42:24,22.1,58.2
08/27/2026,07:47:24,22.1,58.2
08/27/2026,07:52:24,22.1,58.2
08/27/2026,07:57:24,22.1,58.2
08/27/2026,08:02:24,22.1,58.2
08/27/2026,08:07:24,22.1,58.2
08/27/2026,08:12:24,22.1,58.2
08/27/2026,08:17:24,22.1,58.2
08/27/2026,08:22:24,22.0,58.2
08/27/2026,08:27:24,22.1,58.2
08/27/2026,08:32:24,22.1,58.2
08/27/2026,08:37:24,22.0,58.2
08/27/2026,08:42:24,22.1,58.2
08/27/2026,08:47:24,22.1,58.2
08/27/2026,08:52:24,22.0,58.2
08/27/2026,08:57:24,22.0,58.3
08/27/2026,09:02:24,22.0,58.3
08/27/2026,09:07:24,22.0,58.3
08/27/2026,09:12:24,22.1,58.3
08/27/2026,09:17:24,22.0,58.3
08/27/2026,09:22:24,22.1,58.4
08/27/2026,09:27:24,22.0,58.4
08/27/2026,09:32:24,22.1,58.5
08/27/2026,09:37:24,22.1,58.5
08/27/2026,09:42:24,22.1,58.7
08/27/2026,09:47:24,22.1,58.7
08/27/2026,09:52:24,22.1,58.8
08/27/2026,09:57:24,22.1,58.9
08/27/2026,10:02:24,22.1,58.9
08/27/2026,10:07:24,22.2,59.1
08/27/2026,10:12:24,22.2,59.0
08/27/2026,10:17:24,22.2,59.1
08/27/2026,10:22:24,22.2,59.1
08/27/2026,10:27:24,22.2,59.1
08/27/2026,10:32:24,22.2,59.1
08/27/2026,10:37:24,22.2,59.1
08/27/2026,10:42:24,22.2,59.2
08/27/2026,10:47:24,22.2,59.3
08/27/2026,10:52:24,22.2,59.2
08/27/2026,10:57:24,22.2,59.3
08/27/2026,11:02:24,22.1,59.3
08/27/2026,11:07:24,22.2,59.3
08/27/2026,11:12:24,22.2,59.3
08/27/2026,11:17:24,22.1,59.4
08/27/2026,11:22:24,22.1,59.4
08/27/2026,11:27:24,22.1,59.5
08/27/2026,11:32:24,22.1,59.5
08/27/2026,11:37:24,22.1,59.5
08/27/2026,11:42:24,22.1,59.5
08/27/2026,11:47:24,22.1,59.6
08/27/2026,11:52:24,22.1,59.6
08/27/2026,11:57:24,22.1,59.6
08/27/2026,12:02:24,22.1,59.6
08/27/2026,12:07:24,22.1,59.6
08/27/2026,12:12:24,22.1,59.7
08/27/2026,12:17:24,22.1,59.6
08/27/2026,12:22:24,22.1,59.7
08/27/2026,12:27:24,22.1,59.6
08/27/2026,12:32:24,22.0,59.7
08/27/2026,12:37:24,22.1,59.7
08/27/2026,12:42:24,22.1,59.7
08/27/2026,12:47:24,22.1,59.7
08/27/2026,12:52:24,22.1,59.7
08/27/2026,12:57:24,22.1,59.8
08/27/2026,13:02:24,22.0,59.7
08/27/2026,13:07:24,22.0,59.7
08/27/2026,13:12:24,22.1,59.8
08/27/2026,13:17:24,22.1,59.8
08/27/2026,13:22:24,22.0,59.8
08/27/2026,13:27:24,22.0,59.8
08/27/2026,13:32:24,22.1,59.8
08/27/2026,13:37:24,22.0,59.8
08/27/2026,13:42:24,22.0,59.8
08/27/2026,13:47:24,22.0,59.8
08/27/2026,13:52:24,22.0,59.8
08/27/2026,13:57:24,22.0,59.8
08/27/2026,14:02:24,22.0,59.8
08/27/2026,14:07:24,22.0,59.9
08/27/2026,14:12:24,22.0,59.9
08/27/2026,14:17:24,22.1,59.9
08/27/2026,14:22:24,22.1,60.0
08/27/2026,14:27:24,22.1,60.0
08/27/2026,14:32:24,22.1,60.0
08/27/2026,14:37:24,22.1,60.1
08/27/2026,14:42:24,22.1,60.0
08/27/2026,14:47:24,22.1,60.1
08/27/2026,14:52:24,22.1,60.1
08/27/2026,14:57:24,22.1,60.1
08/27/2026,15:02:24,22.1,60.2
08/27/2026,15:07:24,22.1,60.3
08/27/2026,15:12:24,22.1,60.3
08/27/2026,15:17:24,22.1,60.3
08/27/2026,15:22:24,22.2,60.3
08/27/2026,15:27:24,22.1,60.3
08/27/2026,15:32:24,22.2,60.4
08/27/2026,15:37:24,22.2,60.3
08/27/2026,15:42:24,22.2,60.4
08/27/2026,15:47:24,22.2,60.4
08/27/2026,15:52:24,22.2,60.4
08/27/2026,15:57:24,22.2,60.5
08/27/2026,16:02:24,22.2,60.4
08/27/2026,16:07:24,22.2,60.4
08/27/2026,16:12:24,22.2,60.4
08/27/2026,16:17:24,22.3,60.5
08/27/2026,16:22:24,22.3,60.5
08/27/2026,16:27:24,22.3,60.6
08/27/2026,16:32:24,22.3,60.5
08/27/2026,16:37:24,22.3,60.6
08/27/2026,16:42:24,22.3,60.5
08/27/2026,16:47:24,22.3,60.5
08/27/2026,16:52:24,22.4,60.6
08/27/2026,16:57:24,22.4,60.6
08/27/2026,17:02:24,22.4,60.6
08/27/2026,17:07:24,22.4,60.6
08/27/2026,17:12:24,22.4,60.7
08/27/2026,17:17:24,22.4,60.7
08/27/2026,17:22:24,22.4,60.8
08/27/2026,17:27:24,22.4,60.8
08/27/2026,17:32:24,22.4,60.8
08/27/2026,17:37:24,22.4,60.8
08/27/2026,17:42:24,22.4,60.9
08/27/2026,17:47:24,22.4,60.9
08/27/2026,17:52:24,22.4,61.0
08/27/2026,17:57:24,22.4,61.0
08/27/2026,18:02:24,22.4,61.0
08/27/2026,18:07:24,22.3,61.1
08/27/2026,18:12:24,22.3,61.1
08/27/2026,18:17:24,22.3,61.2
08/27/2026,18:22:24,22.4,61.2
08/27/2026,18:27:24,22.4,61.2
08/27/2026,18:32:24,22.3,61.3
08/27/2026,18:37:24,22.3,61.3
08/27/2026,18:42:24,22.3,61.3
08/27/2026,18:47:24,22.3,61.3
08/27/2026,18:52:24,22.3,61.3
08/27/2026,18:57:24,22.3,61.3
08/27/2026,19:02:24,22.3,61.4
08/27/2026,19:07:24,22.3,61.4
08/27/2026,19:12:24,22.3,61.4
08/27/2026,19:17:24,22.3,61.4
08/27/2026,19:22:24,22.3,61.4
08/27/2026,19:27:24,22.3,61.4
08/27/2026,19:32:24,22.3,61.4
08/27/2026,19:37:24,22.3,61.4
08/27/2026,19:42:24,22.3,61.4
08/27/2026,19:47:24,22.3,61.4
08/27/2026,19:52:24,22.3,61.5
08/27/2026,19:57:24,22.3,61.4
08/27/2026,20:02:24,22.3,61.5
08/27/2026,20:07:24,22.3,61.5
08/27/2026,20:12:24,22.2,61.5
08/27/2026,20:17:24,22.2,61.6
08/27/2026,20:22:24,22.2,61.6
08/27/2026,20:27:24,22.2,61.6
08/27/2026,20:32:24,22.2,61.7
08/27/2026,20:37:24,22.2,61.7
08/27/2026,20:42:24,22.2,61.7
08/27/2026,20:47:24,22.2,61.7
08/27/2026,20:52:24,22.2,61.7
08/27/2026,20:57:24,22.2,61.7
08/27/2026,21:02:24,22.2,61.7
08/27/2026,21:07:24,22.2,61.8
08/27/2026,21:12:24,22.2,61.8
08/27/2026,21:17:24,22.2,61.8
08/27/2026,21:22:24,22.2,61.8
08/27/2026,21:27:24,22.2,61.8
08/27/2026,21:32:24,22.2,61.8
08/27/2026,21:37:24,22.2,61.8
08/27/2026,21:42:24,22.2,61.8
08/27/2026,21:47:24,22.2,61.8
08/27/2026,21:52:24,22.2,61.8
08/27/2026,21:57:24,22.2,61.8
08/27/2026,22:02:24,22.2,61.8
08/27/2026,22:07:24,22.1,61.8
08/27/2026,22:12:24,22.1,61.8
08/27/2026,22:17:24,22.1,61.8
08/27/2026,22:22:24,22.1,61.8
08/27/2026,22:27:24,22.1,61.8
08/27/2026,22:32:24,22.1,61.8
08/27/2026,22:37:24,22.1,61.8
08/27/2026,22:42:24,22.1,61.8
08/27/2026,22:47:24,22.1,61.8
08/27/2026,22:52:24,22.1,61.8
08/27/2026,22:57:24,22.1,61.8
08/27/2026,23:02:24,22.1,61.8
08/27/2026,23:07:24,22.1,61.8
08/27/2026,23:12:24,22.0,61.8
08/27/2026,23:17:24,22.1,61.8
08/27/2026,23:22:24,22.1,61.8
08/27/2026,23:27:24,22.0,61.8
08/27/2026,23:32:24,22.0,61.8
08/27/2026,23:37:24,22.0,61.8
08/27/2026,23:42:24,22.0,61.8
08/27/2026,23:47:24,22.0,61.8
08/27/2026,23:52:24,22.0,61.8
08/27/2026,23:57:24,22.0,61.8
08/28/2026,00:02:24,22.0,61.8
08/28/2026,00:07:24,22.0,61.8
08/28/2026,00:12:24,22.0,61.8
08/28/2026,00:17:24,22.0,61.8
08/28/2026,00:22:24,22.0,61.7
08/28/2026,00:27:24,21.9,61.8
08/28/2026,00:32:24,22.0,61.8
08/28/2026,00:37:24,21.9,61.7
08/28/2026,00:42:24,21.9,61.7
08/28/2026,00:47:24,21.9,61.7
08/28/2026,00:52:24,21.9,61.8
08/28/2026,00:57:24,21.9,61.7
08/28/2026,01:02:24,21.9,61.7
08/28/2026,01:07:24,21.9,61.7
08/28/2026,01:12:24,21.9,61.7
08/28/2026,01:17:24,21.9,61.7
08/28/2026,01:22:24,21.9,61.7
08/28/2026,01:27:24,21.9,61.7
08/28/2026,01:32:24,21.9,61.7
08/28/2026,01:37:24,21.8,61.7
08/28/2026,01:42:24,21.9,61.7
08/28/2026,01:47:24,21.9,61.7
08/28/2026,01:52:24,21.8,61.7
08/28/2026,01:57:24,21.8,61.7
08/28/2026,02:02:24,21.8,61.7
08/28/2026,02:07:24,21.8,61.7
08/28/2026,02:12:24,21.8,61.7
08/28/2026,02:17:24,21.8,61.7
08/28/2026,02:22:24,21.8,61.7
08/28/2026,02:27:24,21.8,61.7
08/28/2026,02:32:24,21.8,61.7
08/28/2026,02:37:24,21.8,61.7
08/28/2026,02:42:24,21.8,61.7
08/28/2026,02:47:24,21.7,61.7
08/28/2026,02:52:24,21.8,61.7
08/28/2026,02:57:24,21.8,61.6
08/28/2026,03:02:24,21.7,61.6
08/28/2026,03:07:24,21.7,61.7
08/28/2026,03:12:24,21.8,61.7
08/28/2026,03:17:24,21.7,61.7
08/28/2026,03:22:24,21.7,61.7
08/28/2026,03:27:24,21.7,61.6
08/28/2026,03:32:24,21.7,61.7
08/28/2026,03:37:24,21.7,61.7
08/28/2026,03:42:24,21.7,61.7
08/28/2026,03:47:24,21.7,61.6
08/28/2026,03:52:24,21.7,61.6
08/28/2026,03:57:24,21.7,61.6
08/28/2026,04:02:24,21.7,61.6
08/28/2026,04:07:24,21.6,61.6
08/28/2026,04:12:24,21.6,61.6
08/28/2026,04:17:24,21.6,61.6
08/28/2026,04:22:24,21.6,61.6
08/28/2026,04:27:24,21.6,61.6
08/28/2026,04:32:24,21.6,61.5
08/28/2026,04:37:24,21.6,61.6
08/28/2026,04:42:24,21.6,61.5
08/28/2026,04:47:24,21.6,61.5
08/28/2026,04:52:24,21.6,61.5
08/28/2026,04:57:24,21.5,61.6
08/28/2026,05:02:24,21.6,61.5
08/28/2026,05:07:24,21.5,61.5
08/28/2026,05:12:24,21.5,61.5
08/28/2026,05:17:24,21.5,61.5
08/28/2026,05:22:24,21.5,61.5
08/28/2026,05:27:24,21.5,61.5
08/28/2026,05:32:24,21.5,61.5
08/28/2026,05:37:24,21.5,61.4
08/28/2026,05:42:24,21.5,61.4
08/28/2026,05:47:24,21.5,61.4
08/28/2026,05:52:24,21.5,61.4
08/28/2026,05:57:24,21.4,61.4
08/28/2026,06:02:24,21.4,61.4
08/28/2026,06:07:24,21.4,61.4
08/28/2026,06:12:24,21.4,61.4
08/28/2026,06:17:24,21.4,61.4
08/28/2026,06:22:24,21.4,61.4
08/28/2026,06:27:24,21.4,61.4
08/28/2026,06:32:24,21.4,61.3
08/28/2026,06:37:24,21.4,61.4
08/28/2026,06:42:24,21.4,61.3
08/28/2026,06:47:24,21.4,61.3
08/28/2026,06:52:24,21.3,61.3
08/28/2026,06:57:24,21.3,61.3
08/28/2026,07:02:24,21.3,61.3
08/28/2026,07:07:24,21.3,61.3
08/28/2026,07:12:24,21.3,61.3
08/28/2026,07:17:24,21.3,61.3
08/28/2026,07:22:24,21.3,61.3
08/28/2026,07:27:24,21.3,61.3
08/28/2026,07:32:24,21.3,61.3
08/28/2026,07:37:24,21.3,61.3
08/28/2026,07:42:24,21.3,61.3
08/28/2026,07:47:24,21.3,61.3
08/28/2026,07:52:24,21.3,61.3
08/28/2026,07:57:24,21.3,61.3
08/28/2026,08:02:24,21.3,61.2
08/28/2026,08:07:24,21.3,61.3
08/28/2026,08:12:24,21.3,61.3
08/28/2026,08:17:24,21.3,61.3
08/28/2026,08:22:24,21.3,61.3
08/28/2026,08:27:24,21.3,61.2
08/28/2026,08:32:24,21.3,61.2
08/28/2026,08:37:24,21.3,61.2
08/28/2026,08:42:24,21.3,61.2
08/28/2026,08:47:24,21.3,61.2
08/28/2026,08:52:24,21.3,61.2
08/28/2026,08:57:24,21.3,61.2
08/28/2026,09:02:24,21.3,61.2
08/28/2026,09:07:24,21.3,61.2
08/28/2026,09:12:24,21.3,61.2
08/28/2026,09:17:24,21.3,61.2
08/28/2026,09:22:24,21.3,61.1
08/28/2026,09:27:24,21.3,61.1
08/28/2026,09:32:24,21.4,61.1
08/28/2026,09:37:24,21.4,61.1
08/28/2026,09:42:24,21.4,61.1
08/28/2026,09:47:24,21.4,61.1
08/28/2026,09:52:24,21.4,61.1
08/28/2026,09:57:24,21.4,61.2
08/28/2026,10:02:24,21.4,61.2
08/28/2026,10:07:24,21.4,61.2
08/28/2026,10:12:24,21.4,61.2
08/28/2026,10:17:24,21.4,61.2
08/28/2026,10:22:24,21.4,61.2
08/28/2026,10:27:24,21.4,61.2
08/28/2026,10:32:24,21.4,61.2
08/28/2026,10:37:24,21.4,61.2
08/28/2026,10:42:24,21.4,61.2
08/28/2026,10:47:24,21.4,61.2
08/28/2026,10:52:24,21.4,61.3
08/28/2026,10:57:24,21.4,61.3
08/28/2026,11:02:24,21.4,61.3
08/28/2026,11:07:24,21.4,61.3
08/28/2026,11:12:24,21.4,61.3
08/28/2026,11:17:24,21.4,61.4
08/28/2026,11:22:24,21.4,61.3
08/28/2026,11:27:24,21.4,61.4
08/28/2026,11:32:24,21.5,61.4
08/28/2026,11:37:24,21.5,61.4
08/28/2026,11:42:24,21.5,61.4
08/28/2026,11:47:24,21.5,61.4
08/28/2026,11:52:24,21.5,61.4
08/28/2026,11:57:24,21.5,61.5
08/28/2026,12:02:24,21.5,61.5
08/28/2026,12:07:24,21.5,61.5
08/28/2026,12:12:24,21.5,61.5
08/28/2026,12:17:24,21.5,61.5
08/28/2026,12:22:24,21.5,61.5
08/28/2026,12:27:24,21.5,61.6
08/28/2026,12:32:24,21.5,61.6
08/28/2026,12:37:24,21.5,61.7
08/28/2026,12:42:24,21.5,62.0
08/28/2026,12:47:24,21.6,62.4
08/28/2026,12:52:24,21.6,62.4
08/28/2026,12:57:24,21.6,62.2
08/28/2026,13:02:24,21.6,62.2
08/28/2026,13:07:24,21.7,62.3
08/28/2026,13:12:24,21.7,62.4
08/28/2026,13:17:24,21.8,62.4
08/28/2026,13:22:24,21.8,62.4
08/28/2026,13:27:24,21.8,62.3
08/28/2026,13:32:24,21.8,62.3
08/28/2026,13:37:24,21.8,62.4
08/28/2026,13:42:24,21.8,62.3
08/28/2026,13:47:24,21.8,62.4
08/28/2026,13:52:24,21.8,62.3
08/28/2026,13:57:24,21.9,62.4
08/28/2026,14:02:24,21.9,62.3
08/28/2026,14:07:24,21.9,62.3
08/28/2026,14:12:24,21.9,62.3
08/28/2026,14:17:24,21.9,62.3
08/28/2026,14:22:24,21.9,62.3
08/28/2026,14:27:24,21.9,62.3
08/28/2026,14:32:24,21.9,62.4
08/28/2026,14:37:24,21.9,62.4
08/28/2026,14:42:24,21.9,62.4
08/28/2026,14:47:24,21.9,62.4
08/28/2026,14:52:24,21.9,62.4
08/28/2026,14:57:24,21.9,62.4
08/28/2026,15:02:24,22.0,62.4
08/28/2026,15:07:24,22.0,62.4
08/28/2026,15:12:24,22.0,62.5
08/28/2026,15:17:24,22.0,62.4
08/28/2026,15:22:24,22.0,62.4
08/28/2026,15:27:24,22.0,62.4
08/28/2026,15:32:24,22.0,62.5
08/28/2026,15:37:24,22.1,62.4
08/28/2026,15:42:24,22.1,62.4
08/28/2026,15:47:24,22.1,62.4
08/28/2026,15:52:24,22.1,62.3
08/28/2026,15:57:24,22.1,62.3
08/28/2026,16:02:24,22.1,62.3
08/28/2026,16:07:24,22.1,62.3
08/28/2026,16:12:24,22.1,62.3
08/28/2026,16:17:24,22.1,62.3
08/28/2026,16:22:24,22.1,62.3
08/28/2026,16:27:24,22.1,62.3
08/28/2026,16:32:24,22.2,62.3
08/28/2026,16:37:24,22.2,62.3
08/28/2026,16:42:24,22.2,62.3
08/28/2026,16:47:24,22.2,62.3
08/28/2026,16:52:24,22.2,62.2
08/28/2026,16:57:24,22.2,62.2
08/28/2026,17:02:24,22.3,62.2
08/28/2026,17:07:24,22.3,62.1
08/28/2026,17:12:24,22.3,62.1
08/28/2026,17:17:24,22.3,62.0
08/28/2026,17:22:24,22.2,62.0
08/28/2026,17:27:24,22.3,62.0
08/28/2026,17:32:24,22.2,62.0
08/28/2026,17:37:24,22.2,62.0
08/28/2026,17:42:24,22.2,62.0
08/28/2026,17:47:24,22.2,62.0
08/28/2026,17:52:24,22.2,62.0
08/28/2026,17:57:24,22.2,62.0
08/28/2026,18:02:24,22.2,62.0
08/28/2026,18:07:24,22.2,62.1
08/28/2026,18:12:24,22.2,62.1
08/28/2026,18:17:24,22.2,62.1
08/28/2026,18:22:24,22.1,62.2
08/28/2026,18:27:24,22.2,62.3
08/28/2026,18:32:24,22.1,62.4
08/28/2026,18:37:24,22.1,62.4
08/28/2026,18:42:24,22.1,62.5
08/28/2026,18:47:24,22.1,62.5
08/28/2026,18:52:24,22.1,62.6
08/28/2026,18:57:24,22.1,62.7
08/28/2026,19:02:24,22.1,62.8
08/28/2026,19:07:24,22.1,62.8
08/28/2026,19:12:24,22.1,63.0
08/28/2026,19:17:24,22.2,63.2
08/28/2026,19:22:24,22.2,63.4
08/28/2026,19:27:24,22.2,63.4
08/28/2026,19:32:24,22.2,63.4
08/28/2026,19:37:24,22.2,63.4
08/28/2026,19:42:24,22.2,63.5
08/28/2026,19:47:24,22.3,63.9
08/28/2026,19:52:24,22.3,63.6
08/28/2026,19:57:24,22.3,63.6
08/28/2026,20:02:24,22.3,63.6
08/28/2026,20:07:24,22.3,63.7
08/28/2026,20:12:24,22.3,63.7
08/28/2026,20:17:24,22.3,63.9
08/28/2026,20:22:24,22.3,64.0
08/28/2026,20:27:24,22.3,64.2
08/28/2026,20:32:24,22.3,64.3
08/28/2026,20:37:24,22.3,64.4
08/28/2026,20:42:24,22.2,64.4
08/28/2026,20:47:24,22.3,64.5
08/28/2026,20:52:24,22.2,64.5
08/28/2026,20:57:24,22.2,64.6
08/28/2026,21:02:24,22.2,64.5
08/28/2026,21:07:24,22.2,64.6
08/28/2026,21:12:24,22.2,64.6
08/28/2026,21:17:24,22.2,64.6
08/28/2026,21:22:24,22.2,64.6
08/28/2026,21:27:24,22.2,64.6
08/28/2026,21:32:24,22.2,64.6
08/28/2026,21:37:24,22.2,64.6
08/28/2026,21:42:24,22.1,64.6
08/28/2026,21:47:24,22.1,64.6
08/28/2026,21:52:24,22.1,64.6
08/28/2026,21:57:24,22.1,64.6
08/28/2026,22:02:24,22.1,64.5
08/28/2026,22:07:24,22.1,64.5
08/28/2026,22:12:24,22.1,64.5
08/28/2026,22:17:24,22.0,64.5
08/28/2026,22:22:24,22.0,64.5
08/28/2026,22:27:24,22.0,64.4
08/28/2026,22:32:24,22.0,64.5
08/28/2026,22:37:24,22.0,64.4
08/28/2026,22:42:24,22.0,64.4
08/28/2026,22:47:24,21.9,64.4
08/28/2026,22:52:24,21.9,64.4
08/28/2026,22:57:24,21.9,64.4
08/28/2026,23:02:24,21.9,64.4
08/28/2026,23:07:24,21.9,64.4
08/28/2026,23:12:24,21.9,64.3
08/28/2026,23:17:24,21.9,64.3
08/28/2026,23:22:24,21.8,64.3
08/28/2026,23:27:24,21.8,64.3
08/28/2026,23:32:24,21.8,64.3
08/28/2026,23:37:24,21.8,64.3
08/28/2026,23:42:24,21.8,64.3
08/28/2026,23:47:24,21.8,64.2
08/28/2026,23:52:24,21.8,64.2
08/28/2026,23:57:24,21.8,64.2
08/29/2026,00:02:24,21.8,64.2
08/29/2026,00:07:24,21.7,64.2
08/29/2026,00:12:24,21.7,64.2
08/29/2026,00:17:24,21.7,64.2
08/29/2026,00:22:24,21.7,64.2
08/29/2026,00:27:24,21.7,64.2
08/29/2026,00:32:24,21.7,64.1
08/29/2026,00:37:24,21.7,64.2
08/29/2026,00:42:24,21.7,64.2
08/29/2026,00:47:24,21.6,64.2
08/29/2026,00:52:24,21.7,64.2
08/29/2026,00:57:24,21.6,64.1
08/29/2026,01:02:24,21.6,64.2
08/29/2026,01:07:24,21.6,64.2
08/29/2026,01:12:24,21.6,64.2
08/29/2026,01:17:24,21.6,64.2
08/29/2026,01:22:24,21.6,64.2
08/29/2026,01:27:24,21.6,64.2
08/29/2026,01:32:24,21.6,64.2
08/29/2026,01:37:24,21.6,64.2
08/29/2026,01:42:24,21.5,64.2
08/29/2026,01:47:24,21.5,64.2
08/29/2026,01:52:24,21.5,64.2
08/29/2026,01:57:24,21.5,64.2
08/29/2026,02:02:24,21.5,64.2
08/29/2026,02:07:24,21.5,64.2
08/29/2026,02:12:24,21.5,64.2
08/29/2026,02:17:24,21.5,64.2
08/29/2026,02:22:24,21.5,64.2
08/29/2026,02:27:24,21.5,64.2
08/29/2026,02:32:24,21.5,64.2
08/29/2026,02:37:24,21.5,64.2
08/29/2026,02:42:24,21.4,64.2
08/29/2026,02:47:24,21.4,64.2
08/29/2026,02:52:24,21.4,64.2
08/29/2026,02:57:24,21.4,64.2
08/29/2026,03:02:24,21.4,64.2
08/29/2026,03:07:24,21.4,64.2
08/29/2026,03:12:24,21.4,64.2
08/29/2026,03:17:24,21.4,64.2
08/29/2026,03:22:24,21.4,64.3
08/29/2026,03:27:24,21.4,64.3
08/29/2026,03:32:24,21.3,64.2
08/29/2026,03:37:24,21.4,64.3
08/29/2026,03:42:24,21.3,64.3
08/29/2026,03:47:24,21.3,64.3
08/29/2026,03:52:24,21.3,64.3
08/29/2026,03:57:24,21.3,64.2
08/29/2026,04:02:24,21.3,64.3
08/29/2026,04:07:24,21.3,64.3
08/29/2026,04:12:24,21.3,64.3
08/29/2026,04:17:24,21.3,64.4
08/29/2026,04:22:24,21.3,64.4
08/29/2026,04:27:24,21.3,64.3
08/29/2026,04:32:24,21.2,64.4
08/29/2026,04:37:24,21.2,64.4
08/29/2026,04:42:24,21.2,64.3
08/29/2026,04:47:24,21.2,64.4
08/29/2026,04:52:24,21.2,64.4
08/29/2026,04:57:24,21.2,64.4
08/29/2026,05:02:24,21.2,64.4
08/29/2026,05:07:24,21.2,64.4
08/29/2026,05:12:24,21.1,64.4
08/29/2026,05:17:24,21.2,64.4
08/29/2026,05:22:24,21.1,64.4
08/29/2026,05:27:24,21.1,64.4
08/29/2026,05:32:24,21.1,64.4
08/29/2026,05:37:24,21.1,64.4
08/29/2026,05:42:24,21.1,64.5
08/29/2026,05:47:24,21.1,64.4
08/29/2026,05:52:24,21.1,64.4
08/29/2026,05:57:24,21.1,64.5
08/29/2026,06:02:24,21.1,64.5
08/29/2026,06:07:24,21.0,64.6
08/29/2026,06:12:24,21.0,64.6
08/29/2026,06:17:24,21.0,64.6
08/29/2026,06:22:24,21.0,64.5
08/29/2026,06:27:24,21.0,64.6
08/29/2026,06:32:24,21.0,64.6
08/29/2026,06:37:24,21.0,64.6
08/29/2026,06:42:24,21.0,64.7
08/29/2026,06:47:24,21.0,64.8
08/29/2026,06:52:24,21.0,64.7
08/29/2026,06:57:24,21.0,64.7
08/29/2026,07:02:24,21.0,64.7
08/29/2026,07:07:24,21.0,64.8
08/29/2026,07:12:24,21.0,64.9
08/29/2026,07:17:24,21.0,64.8
08/29/2026,07:22:24,21.0,64.7
08/29/2026,07:27:24,20.9,64.8
08/29/2026,07:32:24,21.0,65.0
08/29/2026,07:37:24,21.0,64.9
08/29/2026,07:42:24,21.0,64.9
08/29/2026,07:47:24,20.9,64.9
08/29/2026,07:52:24,21.0,64.9
08/29/2026,07:57:24,21.0,64.8
08/29/2026,08:02:24,20.9,64.8
08/29/2026,08:07:24,21.0,64.9
08/29/2026,08:12:24,20.9,64.8
08/29/2026,08:17:24,20.9,64.9
08/29/2026,08:22:24,20.9,64.9
08/29/2026,08:27:24,20.9,64.9
08/29/2026,08:32:24,20.9,64.9
08/29/2026,08:37:24,20.9,65.0
08/29/2026,08:42:24,21.0,65.0
08/29/2026,08:47:24,20.9,64.9
08/29/2026,08:52:24,21.0,65.0
08/29/2026,08:57:24,20.9,65.1
08/29/2026,09:02:24,20.9,65.1
08/29/2026,09:07:24,20.9,65.1
08/29/2026,09:12:24,21.0,65.2
08/29/2026,09:17:24,20.9,65.1
08/29/2026,09:22:24,20.9,65.1
08/29/2026,09:27:24,20.9,65.3
08/29/2026,09:32:24,21.0,65.3
08/29/2026,09:37:24,21.0,65.4
08/29/2026,09:42:24,21.0,65.6
08/29/2026,09:47:24,21.0,65.6
08/29/2026,09:52:24,21.0,65.9
08/29/2026,09:57:24,21.0,65.9
08/29/2026,10:02:24,21.1,66.0
08/29/2026,10:07:24,21.0,66.3
08/29/2026,10:12:24,21.1,66.2
08/29/2026,10:17:24,21.1,66.3
08/29/2026,10:22:24,21.1,66.4
08/29/2026,10:27:24,21.1,66.4
08/29/2026,10:32:24,21.1,66.4
08/29/2026,10:37:24,21.1,66.4
08/29/2026,10:42:24,21.2,66.4
08/29/2026,10:47:24,21.2,66.4
08/29/2026,10:52:24,21.1,66.4
08/29/2026,10:57:24,21.1,66.3
08/29/2026,11:02:24,21.1,66.4
08/29/2026,11:07:24,21.1,66.3
08/29/2026,11:12:24,21.1,66.3
08/29/2026,11:17:24,21.1,66.3
08/29/2026,11:22:24,21.1,66.3
08/29/2026,11:27:24,21.1,66.3
08/29/2026,11:32:24,21.1,66.3
08/29/2026,11:37:24,21.1,66.2
08/29/2026,11:42:24,21.1,66.2
08/29/2026,11:47:24,21.1,66.2
08/29/2026,11:52:24,21.1,66.2
08/29/2026,11:57:24,21.1,66.1
08/29/2026,12:02:24,21.1,66.2
08/29/2026,12:07:24,21.1,66.3
08/29/2026,12:12:24,21.1,66.5
08/29/2026,12:17:24,21.1,66.5
08/29/2026,12:22:24,21.1,66.5
08/29/2026,12:27:24,21.1,66.5
08/29/2026,12:32:24,21.0,66.6
08/29/2026,12:37:24,21.0,66.7
08/29/2026,12:42:24,21.0,66.7
08/29/2026,12:47:24,21.0,66.7
08/29/2026,12:52:24,21.0,66.7
08/29/2026,12:57:24,21.0,66.7
08/29/2026,13:02:24,21.0,66.9
08/29/2026,13:07:24,21.0,67.3
08/29/2026,13:12:24,21.0,67.2
08/29/2026,13:17:24,21.0,67.1
08/29/2026,13:22:24,21.1,67.1
08/29/2026,13:27:24,21.0,67.0
08/29/2026,13:32:24,21.1,67.3
08/29/2026,13:37:24,21.1,67.5
08/29/2026,13:42:24,21.1,67.5
08/29/2026,13:47:24,21.1,67.6
08/29/2026,13:52:24,21.1,67.7
08/29/2026,13:57:24,21.1,67.9
08/29/2026,14:02:24,21.1,67.9
08/29/2026,14:07:24,21.1,68.1
08/29/2026,14:12:24,21.1,68.3
08/29/2026,14:17:24,21.1,68.5
08/29/2026,14:22:24,21.1,68.6
08/29/2026,14:27:24,21.2,68.7
08/29/2026,14:32:24,21.2,68.9
08/29/2026,14:37:24,21.2,69.1
08/29/2026,14:42:24,21.2,69.2
08/29/2026,14:47:24,21.2,69.3
08/29/2026,14:52:24,21.2,69.4
08/29/2026,14:57:24,21.2,69.6
08/29/2026,15:02:24,21.3,69.7
08/29/2026,15:07:24,21.3,69.8
08/29/2026,15:12:24,21.3,69.9
08/29/2026,15:17:24,21.3,70.0
08/29/2026,15:22:24,21.3,70.2
08/29/2026,15:27:24,21.4,70.3
08/29/2026,15:32:24,21.4,70.5
08/29/2026,15:37:24,21.4,70.6
08/29/2026,15:42:24,21.4,70.7
08/29/2026,15:47:24,21.4,70.9
08/29/2026,15:52:24,21.5,71.0
08/29/2026,15:57:24,21.5,71.2
08/29/2026,16:02:24,21.5,71.2
08/29/2026,16:07:24,21.6,71.4
08/29/2026,16:12:24,21.6,71.2
08/29/2026,16:17:24,21.6,71.2
08/29/2026,16:22:24,21.6,71.2
08/29/2026,16:27:24,21.5,71.2
08/29/2026,16:32:24,21.5,71.4
08/29/2026,16:37:24,21.5,71.4
08/29/2026,16:42:24,21.5,71.5
08/29/2026,16:47:24,21.5,71.5
08/29/2026,16:52:24,21.5,71.6
08/29/2026,16:57:24,21.5,71.8
08/29/2026,17:02:24,21.5,71.9
08/29/2026,17:07:24,21.5,71.9
08/29/2026,17:12:24,21.5,71.9
08/29/2026,17:17:24,21.5,71.9
08/29/2026,17:22:24,21.5,71.9
08/29/2026,17:27:24,21.5,72.0
08/29/2026,17:32:24,21.5,72.1
08/29/2026,17:37:24,21.5,72.1
08/29/2026,17:42:24,21.5,72.2
08/29/2026,17:47:24,21.5,72.1
08/29/2026,17:52:24,21.4,72.1
08/29/2026,17:57:24,21.4,72.2
08/29/2026,18:02:24,21.4,72.2
08/29/2026,18:07:24,21.4,72.3
08/29/2026,18:12:24,21.4,72.6
08/29/2026,18:17:24,21.4,72.4
08/29/2026,18:22:24,21.4,72.1
08/29/2026,18:27:24,21.4,72.0
08/29/2026,18:32:24,21.3,72.2
08/29/2026,18:37:24,21.3,72.2
08/29/2026,18:42:24,21.3,72.3
08/29/2026,18:47:24,21.3,72.4
08/29/2026,18:52:24,21.3,72.6
08/29/2026,18:57:24,21.3,72.9
08/29/2026,19:02:24,21.3,72.6
08/29/2026,19:07:24,21.3,72.8
08/29/2026,19:12:24,21.3,72.9
08/29/2026,19:17:24,21.3,72.8
08/29/2026,19:22:24,21.3,72.8
08/29/2026,19:27:24,21.2,72.9
08/29/2026,19:32:24,21.2,72.9
08/29/2026,19:37:24,21.2,73.0
08/29/2026,19:42:24,21.3,73.1
08/29/2026,19:47:24,21.3,73.1
08/29/2026,19:52:24,21.2,73.2
08/29/2026,19:57:24,21.3,73.2
08/29/2026,20:02:24,21.3,73.3
08/29/2026,20:07:24,21.2,73.3
08/29/2026,20:12:24,21.3,73.6
08/29/2026,20:17:24,21.3,73.5
08/29/2026,20:22:24,21.3,73.1
08/29/2026,20:27:24,21.2,73.1
08/29/2026,20:32:24,21.2,73.1
08/29/2026,20:37:24,21.2,73.2
08/29/2026,20:42:24,21.3,73.2
08/29/2026,20:47:24,21.2,73.1
08/29/2026,20:52:24,21.2,73.0
08/29/2026,20:57:24,21.2,73.0
08/29/2026,21:02:24,21.2,73.0
08/29/2026,21:07:24,21.2,73.0
08/29/2026,21:12:24,21.2,72.9
08/29/2026,21:17:24,21.2,72.9
08/29/2026,21:22:24,21.2,72.9
08/29/2026,21:27:24,21.2,72.8
08/29/2026,21:32:24,21.2,72.7
08/29/2026,21:37:24,21.2,72.8
08/29/2026,21:42:24,21.2,72.7
08/29/2026,21:47:24,21.2,72.6
08/29/2026,21:52:24,21.2,72.6
08/29/2026,21:57:24,21.1,72.5
08/29/2026,22:02:24,21.2,72.5
08/29/2026,22:07:24,21.1,72.5
08/29/2026,22:12:24,21.1,72.4
08/29/2026,22:17:24,21.1,72.4
08/29/2026,22:22:24,21.1,72.3
08/29/2026,22:27:24,21.1,72.3
08/29/2026,22:32:24,21.1,72.2
08/29/2026,22:37:24,21.1,72.2
08/29/2026,22:42:24,21.1,72.1
08/29/2026,22:47:24,21.1,72.1
08/29/2026,22:52:24,21.1,72.1
08/29/2026,22:57:24,21.1,72.0
08/29/2026,23:02:24,21.1,72.0
08/29/2026,23:07:24,21.0,71.9
08/29/2026,23:12:24,21.0,71.9
08/29/2026,23:17:24,21.0,71.9
08/29/2026,23:22:24,21.0,71.8
08/29/2026,23:27:24,21.0,71.8
08/29/2026,23:32:24,21.0,71.7
08/29/2026,23:37:24,21.0,71.7
08/29/2026,23:42:24,21.0,71.6
08/29/2026,23:47:24,21.0,71.6
08/29/2026,23:52:24,21.0,71.6
08/29/2026,23:57:24,21.0,71.5
08/30/2026,00:02:24,21.0,71.5
08/30/2026,00:07:24,21.0,71.5
08/30/2026,00:12:24,21.0,71.4
08/30/2026,00:17:24,21.0,71.4
08/30/2026,00:22:24,20.9,71.3
08/30/2026,00:27:24,20.9,71.3
08/30/2026,00:32:24,20.9,71.3
08/30/2026,00:37:24,20.9,71.2
08/30/2026,00:42:24,20.9,71.2
08/30/2026,00:47:24,20.9,71.1
08/30/2026,00:52:24,20.9,71.1
08/30/2026,00:57:24,20.9,71.1
08/30/2026,01:02:24,20.9,71.1
08/30/2026,01:07:24,20.9,71.0
08/30/2026,01:12:24,20.9,71.0
08/30/2026,01:17:24,20.9,71.0
08/30/2026,01:22:24,20.9,70.9
08/30/2026,01:27:24,20.9,70.9
08/30/2026,01:32:24,20.9,70.9
08/30/2026,01:37:24,20.8,70.8
08/30/2026,01:42:24,20.9,70.8
08/30/2026,01:47:24,20.9,70.8
08/30/2026,01:52:24,20.9,70.8
08/30/2026,01:57:24,20.9,70.8
08/30/2026,02:02:24,20.8,70.7
08/30/2026,02:07:24,20.8,70.7
08/30/2026,02:12:24,20.8,70.6
08/30/2026,02:17:24,20.8,70.7
08/30/2026,02:22:24,20.8,70.6
08/30/2026,02:27:24,20.8,70.6
08/30/2026,02:32:24,20.8,70.6
08/30/2026,02:37:24,20.8,70.6
08/30/2026,02:42:24,20.8,70.5
08/30/2026,02:47:24,20.8,70.5
08/30/2026,02:52:24,20.8,70.5
08/30/2026,02:57:24,20.8,70.4
08/30/2026,03:02:24,20.8,70.5
08/30/2026,03:07:24,20.8,70.4
08/30/2026,03:12:24,20.8,70.4
08/30/2026,03:17:24,20.8,70.4
08/30/2026,03:22:24,20.8,70.4
08/30/2026,03:27:24,20.8,70.3
08/30/2026,03:32:24,20.7,70.3
08/30/2026,03:37:24,20.7,70.3
08/30/2026,03:42:24,20.7,70.3
08/30/2026,03:47:24,20.7,70.3
08/30/2026,03:52:24,20.7,70.3
08/30/2026,03:57:24,20.7,70.3
08/30/2026,04:02:24,20.7,70.2
08/30/2026,04:07:24,20.7,70.2
08/30/2026,04:12:24,20.7,70.2
08/30/2026,04:17:24,20.7,70.2
08/30/2026,04:22:24,20.7,70.1
08/30/2026,04:27:24,20.7,70.1
08/30/2026,04:32:24,20.7,70.1
08/30/2026,04:37:24,20.7,70.1
08/30/2026,04:42:24,20.7,70.1
08/30/2026,04:47:24,20.7,70.0
08/30/2026,04:52:24,20.7,70.0
08/30/2026,04:57:24,20.7,70.0
08/30/2026,05:02:24,20.7,70.0
08/30/2026,05:07:24,20.7,70.0
08/30/2026,05:12:24,20.6,69.9
08/30/2026,05:17:24,20.6,69.9
08/30/2026,05:22:24,20.6,69.9
08/30/2026,05:27:24,20.6,69.9
08/30/2026,05:32:24,20.6,69.9
08/30/2026,05:37:24,20.6,69.8
08/30/2026,05:42:24,20.6,69.8
08/30/2026,05:47:24,20.6,69.8
08/30/2026,05:52:24,20.6,69.8
08/30/2026,05:57:24,20.6,69.8
08/30/2026,06:02:24,20.6,69.7
08/30/2026,06:07:24,20.6,69.7
08/30/2026,06:12:24,20.6,69.7
08/30/2026,06:17:24,20.6,69.7
08/30/2026,06:22:24,20.5,69.7
08/30/2026,06:27:24,20.6,69.7
08/30/2026,06:32:24,20.6,69.6
08/30/2026,06:37:24,20.6,69.6
08/30/2026,06:42:24,20.6,69.6
08/30/2026,06:47:24,20.6,69.6
08/30/2026,06:52:24,20.5,69.5
08/30/2026,06:57:24,20.6,69.5
08/30/2026,07:02:24,20.5,69.5
08/30/2026,07:07:24,20.5,69.5
08/30/2026,07:12:24,20.5,69.5
08/30/2026,07:17:24,20.5,69.5
08/30/2026,07:22:24,20.5,69.4
08/30/2026,07:27:24,20.5,69.4
08/30/2026,07:32:24,20.5,69.4
08/30/2026,07:37:24,20.5,69.3
08/30/2026,07:42:24,20.5,69.4
08/30/2026,07:47:24,20.5,69.3
08/30/2026,07:52:24,20.5,69.3
08/30/2026,07:57:24,20.5,69.3
08/30/2026,08:02:24,20.5,69.3
08/30/2026,08:07:24,20.5,69.4
08/30/2026,08:12:24,20.5,69.6
08/30/2026,08:17:24,20.6,69.7
08/30/2026,08:22:24,20.6,69.7
08/30/2026,08:27:24,20.6,69.7
08/30/2026,08:32:24,20.6,70.0
08/30/2026,08:37:24,20.6,70.2
08/30/2026,08:42:24,20.7,70.3
08/30/2026,08:47:24,20.7,70.3
08/30/2026,08:52:24,20.7,70.4
08/30/2026,08:57:24,20.7,70.6
08/30/2026,09:02:24,20.7,70.5
08/30/2026,09:07:24,20.7,70.5
08/30/2026,09:12:24,20.7,70.4
08/30/2026,09:17:24,20.8,70.5
08/30/2026,09:22:24,20.7,70.5
08/30/2026,09:27:24,20.7,70.6
08/30/2026,09:32:24,20.8,70.7
08/30/2026,09:37:24,20.8,70.8
08/30/2026,09:42:24,20.8,70.9
08/30/2026,09:47:24,20.8,71.1
08/30/2026,09:52:24,20.8,71.2
08/30/2026,09:57:24,20.8,69.7
08/30/2026,10:02:24,20.8,69.6
08/30/2026,10:07:24,20.8,70.0
08/30/2026,10:12:24,20.8,69.9
08/30/2026,10:17:24,20.8,69.8
08/30/2026,10:22:24,20.8,69.7
08/30/2026,10:27:24,20.8,69.7
08/30/2026,10:32:24,20.8,69.7
08/30/2026,10:37:24,20.9,69.5
08/30/2026,10:42:24,20.9,69.6
08/30/2026,10:47:24,20.9,69.9
08/30/2026,10:52:24,20.9,70.1
08/30/2026,10:57:24,20.9,70.3
08/30/2026,11:02:24,20.9,70.2
08/30/2026,11:07:24,20.9,70.4
08/30/2026,11:12:24,21.0,70.5
08/30/2026,11:17:24,21.0,70.7
08/30/2026,11:22:24,21.0,70.4
08/30/2026,11:27:24,21.0,69.9
08/30/2026,11:32:24,21.0,69.3
08/30/2026,11:37:24,21.0,69.5
08/30/2026,11:42:24,21.0,69.8
08/30/2026,11:47:24,21.0,69.9
08/30/2026,11:52:24,21.1,69.8
08/30/2026,11:57:24,21.1,69.5
08/30/2026,12:02:24,21.1,68.9
08/30/2026,12:07:24,21.2,69.4
08/30/2026,12:12:24,21.2,70.1
08/30/2026,12:17:24,21.2,68.7
08/30/2026,12:22:24,21.2,69.2
08/30/2026,12:27:24,21.3,69.6
08/30/2026,12:32:24,21.3,68.9
08/30/2026,12:37:24,21.3,69.2
08/30/2026,12:42:24,21.3,69.1
08/30/2026,12:47:24,21.3,69.3
08/30/2026,12:52:24,21.4,69.2
08/30/2026,12:57:24,21.4,68.9
08/30/2026,13:02:24,21.4,68.7
08/30/2026,13:07:24,21.4,68.5
08/30/2026,13:12:24,21.4,68.4
08/30/2026,13:17:24,21.4,68.2
08/30/2026,13:22:24,21.4,67.9
08/30/2026,13:27:24,21.4,67.8
08/30/2026,13:32:24,21.4,67.8
08/30/2026,13:37:24,21.4,67.7
08/30/2026,13:42:24,21.4,67.2
08/30/2026,13:47:24,21.4,66.9
08/30/2026,13:52:24,21.4,66.6
08/30/2026,13:57:24,21.4,66.3
08/30/2026,14:02:24,21.3,66.0
08/30/2026,14:07:24,21.3,65.8
08/30/2026,14:12:24,21.4,65.4
08/30/2026,14:17:24,21.3,65.1
08/30/2026,14:22:24,21.3,64.7
08/30/2026,14:27:24,21.3,64.6
08/30/2026,14:32:24,21.3,64.4
08/30/2026,14:37:24,21.4,64.3
08/30/2026,14:42:24,21.4,64.2
08/30/2026,14:47:24,21.4,64.1
08/30/2026,14:52:24,21.4,63.9
08/30/2026,14:57:24,21.4,63.8
08/30/2026,15:02:24,21.4,63.6
08/30/2026,15:07:24,21.4,63.5
08/30/2026,15:12:24,21.4,63.3
08/30/2026,15:17:24,21.4,63.2
08/30/2026,15:22:24,21.4,63.2
08/30/2026,15:27:24,21.4,63.2
08/30/2026,15:32:24,21.4,63.1
08/30/2026,15:37:24,21.5,63.0
08/30/2026,15:42:24,21.5,62.8
08/30/2026,15:47:24,21.5,62.8
08/30/2026,15:52:24,21.5,62.8
08/30/2026,15:57:24,21.4,62.7
08/30/2026,16:02:24,21.5,62.7
08/30/2026,16:07:24,21.4,62.6
08/30/2026,16:12:24,21.4,62.7
08/30/2026,16:17:24,21.4,62.9
08/30/2026,16:22:24,21.4,63.1
08/30/2026,16:27:24,21.4,63.4
08/30/2026,16:32:24,21.4,63.6
08/30/2026,16:37:24,21.5,63.7
08/30/2026,16:42:24,21.5,63.9
08/30/2026,16:47:24,21.5,64.0
08/30/2026,16:52:24,21.5,64.1
08/30/2026,16:57:24,21.5,64.4
08/30/2026,17:02:24,21.6,64.5
08/30/2026,17:07:24,21.6,64.7
08/30/2026,17:12:24,21.6,64.9
08/30/2026,17:17:24,21.6,65.7
08/30/2026,17:22:24,21.7,65.5
08/30/2026,17:27:24,21.7,65.2
08/30/2026,17:32:24,21.8,65.1
08/30/2026,17:37:24,21.8,64.9
08/30/2026,17:42:24,21.8,64.6
08/30/2026,17:47:24,21.8,64.2
08/30/2026,17:52:24,21.8,63.5
08/30/2026,17:57:24,21.8,63.1
08/30/2026,18:02:24,21.8,62.9
08/30/2026,18:07:24,21.8,62.9
08/30/2026,18:12:24,21.8,62.7
08/30/2026,18:17:24,21.8,62.7
08/30/2026,18:22:24,21.8,62.7
08/30/2026,18:27:24,21.7,62.8
08/30/2026,18:32:24,21.7,62.9
08/30/2026,18:37:24,21.7,63.0
08/30/2026,18:42:24,21.7,62.9
08/30/2026,18:47:24,21.7,63.0
08/30/2026,18:52:24,21.7,63.0
08/30/2026,18:57:24,21.6,63.0
08/30/2026,19:02:24,21.6,63.0
08/30/2026,19:07:24,21.6,63.1
08/30/2026,19:12:24,21.6,63.1
08/30/2026,19:17:24,21.6,63.1
08/30/2026,19:22:24,21.6,63.2
08/30/2026,19:27:24,21.6,63.1
08/30/2026,19:32:24,21.6,63.1
08/30/2026,19:37:24,21.6,63.2
08/30/2026,19:42:24,21.6,63.2
08/30/2026,19:47:24,21.6,63.2
08/30/2026,19:52:24,21.6,63.2
08/30/2026,19:57:24,21.6,63.2
08/30/2026,20:02:24,21.6,63.2
08/30/2026,20:07:24,21.6,63.2
08/30/2026,20:12:24,21.6,63.2
08/30/2026,20:17:24,21.6,63.3
08/30/2026,20:22:24,21.6,63.3
08/30/2026,20:27:24,21.5,63.3
08/30/2026,20:32:24,21.5,63.3
08/30/2026,20:37:24,21.5,63.3
08/30/2026,20:42:24,21.5,63.3
08/30/2026,20:47:24,21.5,63.3
08/30/2026,20:52:24,21.5,63.3
08/30/2026,20:57:24,21.5,63.3
08/30/2026,21:02:24,21.5,63.3
08/30/2026,21:07:24,21.5,63.3
08/30/2026,21:12:24,21.5,63.3
08/30/2026,21:17:24,21.5,63.3
08/30/2026,21:22:24,21.5,63.3
08/30/2026,21:27:24,21.5,63.3
08/30/2026,21:32:24,21.5,63.3
08/30/2026,21:37:24,21.5,63.3
08/30/2026,21:42:24,21.5,63.3
08/30/2026,21:47:24,21.5,63.3
08/30/2026,21:52:24,21.5,63.3
08/30/2026,21:57:24,21.4,63.3
08/30/2026,22:02:24,21.4,63.3
08/30/2026,22:07:24,21.4,63.3
08/30/2026,22:12:24,21.4,63.3
08/30/2026,22:17:24,21.4,63.3
08/30/2026,22:22:24,21.4,63.3
08/30/2026,22:27:24,21.4,63.3
08/30/2026,22:32:24,21.4,63.3
08/30/2026,22:37:24,21.4,63.3
08/30/2026,22:42:24,21.4,63.3
08/30/2026,22:47:24,21.4,63.3
08/30/2026,22:52:24,21.4,63.3
08/30/2026,22:57:24,21.4,63.3
08/30/2026,23:02:24,21.4,63.3
08/30/2026,23:07:24,21.4,63.2
08/30/2026,23:12:24,21.4,63.3
08/30/2026,23:17:24,21.4,63.3
08/30/2026,23:22:24,21.4,63.2
08/30/2026,23:27:24,21.4,63.2
08/30/2026,23:32:24,21.3,63.2
08/30/2026,23:37:24,21.3,63.2
08/30/2026,23:42:24,21.4,63.3
08/30/2026,23:47:24,21.3,63.2
08/30/2026,23:52:24,21.3,63.3
08/30/2026,23:57:24,21.3,63.2
08/31/2026,00:02:24,21.3,63.2
08/31/2026,00:07:24,21.3,63.3
08/31/2026,00:12:24,21.3,63.2
08/31/2026,00:17:24,21.3,63.2
08/31/2026,00:22:24,21.3,63.2
08/31/2026,00:27:24,21.3,63.2
08/31/2026,00:32:24,21.3,63.3
08/31/2026,00:37:24,21.3,63.3
08/31/2026,00:42:24,21.3,63.3
08/31/2026,00:47:24,21.3,63.2
08/31/2026,00:52:24,21.3,63.2
08/31/2026,00:57:24,21.3,63.2
08/31/2026,01:02:24,21.3,63.3
08/31/2026,01:07:24,21.2,63.2
08/31/2026,01:12:24,21.2,63.2
08/31/2026,01:17:24,21.2,63.2
08/31/2026,01:22:24,21.2,63.2
08/31/2026,01:27:24,21.2,63.2
08/31/2026,01:32:24,21.2,63.2
08/31/2026,01:37:24,21.2,63.2
08/31/2026,01:42:24,21.2,63.2
08/31/2026,01:47:24,21.2,63.2
08/31/2026,01:52:24,21.2,63.2
08/31/2026,01:57:24,21.2,63.2
08/31/2026,02:02:24,21.2,63.2
08/31/2026,02:07:24,21.2,63.2
08/31/2026,02:12:24,21.2,63.2
08/31/2026,02:17:24,21.2,63.2
08/31/2026,02:22:24,21.2,63.2
08/31/2026,02:27:24,21.1,63.2
08/31/2026,02:32:24,21.1,63.2
08/31/2026,02:37:24,21.2,63.2
08/31/2026,02:42:24,21.1,63.2
08/31/2026,02:47:24,21.1,63.1
08/31/2026,02:52:24,21.1,63.1
08/31/2026,02:57:24,21.1,63.1
08/31/2026,03:02:24,21.1,63.2
08/31/2026,03:07:24,21.1,63.2
08/31/2026,03:12:24,21.1,63.1
08/31/2026,03:17:24,21.1,63.1
08/31/2026,03:22:24,21.1,63.1
08/31/2026,03:27:24,21.1,63.1
08/31/2026,03:32:24,21.1,63.1
08/31/2026,03:37:24,21.1,63.1
08/31/2026,03:42:24,21.1,63.1
08/31/2026,03:47:24,21.1,63.1
08/31/2026,03:52:24,21.0,63.1
08/31/2026,03:57:24,21.1,63.1
08/31/2026,04:02:24,21.1,63.1
08/31/2026,04:07:24,21.0,63.1
08/31/2026,04:12:24,21.0,63.1
08/31/2026,04:17:24,21.0,63.1
08/31/2026,04:22:24,21.0,63.1
08/31/2026,04:27:24,21.0,63.1
08/31/2026,04:32:24,21.0,63.1
08/31/2026,04:37:24,21.0,63.1
08/31/2026,04:42:24,21.0,63.1
08/31/2026,04:47:24,21.0,63.0
08/31/2026,04:52:24,21.0,63.0
08/31/2026,04:57:24,21.0,63.0
08/31/2026,05:02:24,21.0,63.0
08/31/2026,05:07:24,20.9,63.0
08/31/2026,05:12:24,20.9,62.9
08/31/2026,05:17:24,20.9,62.9
08/31/2026,05:22:24,20.9,62.9
08/31/2026,05:27:24,20.9,62.9
08/31/2026,05:32:24,20.9,62.9
08/31/2026,05:37:24,20.9,62.9
08/31/2026,05:42:24,20.9,62.9
08/31/2026,05:47:24,20.9,62.8
08/31/2026,05:52:24,20.9,62.8
08/31/2026,05:57:24,20.8,62.8
08/31/2026,06:02:24,20.8,62.8
08/31/2026,06:07:24,20.8,62.8
08/31/2026,06:12:24,20.8,62.7
08/31/2026,06:17:24,20.8,62.7
08/31/2026,06:22:24,20.8,62.7
08/31/2026,06:27:24,20.8,62.7
08/31/2026,06:32:24,20.8,62.6
08/31/2026,06:37:24,20.7,62.7
08/31/2026,06:42:24,20.7,62.6
08/31/2026,06:47:24,20.7,62.6
08/31/2026,06:52:24,20.7,62.6
08/31/2026,06:57:24,20.7,62.6
08/31/2026,07:02:24,20.7,62.6
08/31/2026,07:07:24,20.7,62.6
08/31/2026,07:12:24,20.7,62.6
08/31/2026,07:17:24,20.7,62.6
08/31/2026,07:22:24,20.7,62.6
08/31/2026,07:27:24,20.7,62.5
08/31/2026,07:32:24,20.7,62.5
08/31/2026,07:37:24,20.7,62.5
08/31/2026,07:42:24,20.7,62.5
08/31/2026,07:47:24,20.7,62.6
08/31/2026,07:52:24,20.7,62.5
08/31/2026,07:57:24,20.7,62.5
08/31/2026,08:02:24,20.7,62.4
08/31/2026,08:07:24,20.7,62.4
08/31/2026,08:12:24,20.7,62.4
08/31/2026,08:17:24,20.7,62.5
08/31/2026,08:22:24,20.7,62.5
08/31/2026,08:27:24,20.7,62.4
08/31/2026,08:32:24,20.7,62.5
08/31/2026,08:37:24,20.7,62.5
08/31/2026,08:42:24,20.7,62.5
08/31/2026,08:47:24,20.7,62.5
08/31/2026,08:52:24,20.7,62.5
08/31/2026,08:57:24,20.7,62.5
08/31/2026,09:02:24,20.7,62.5
08/31/2026,09:07:24,20.7,62.5
08/31/2026,09:12:24,20.7,62.5
08/31/2026,09:17:24,20.7,62.5
08/31/2026,09:22:24,20.7,62.5
08/31/2026,09:27:24,20.7,62.5
08/31/2026,09:32:24,20.7,62.5
08/31/2026,09:37:24,20.7,62.5
08/31/2026,09:42:24,20.7,62.5
08/31/2026,09:47:24,20.7,62.5
08/31/2026,09:52:24,20.7,62.5
08/31/2026,09:57:24,20.7,62.5
08/31/2026,10:02:24,20.7,62.5
08/31/2026,10:07:24,20.7,62.5
08/31/2026,10:12:24,20.7,62.5
08/31/2026,10:17:24,20.7,62.5
08/31/2026,10:22:24,20.7,62.5
08/31/2026,10:27:24,20.7,62.5
08/31/2026,10:32:24,20.7,62.5
08/31/2026,10:37:24,20.7,62.5
08/31/2026,10:42:24,20.7,62.6
08/31/2026,10:47:24,20.7,62.6
08/31/2026,10:52:24,20.7,62.5
08/31/2026,10:57:24,20.7,62.6
08/31/2026,11:02:24,20.7,62.6
08/31/2026,11:07:24,20.7,62.6
08/31/2026,11:12:24,20.7,62.6
08/31/2026,11:17:24,20.7,62.6
08/31/2026,11:22:24,20.7,62.6
08/31/2026,11:27:24,20.7,62.6
08/31/2026,11:32:24,20.7,62.6
08/31/2026,11:37:24,20.7,62.6
08/31/2026,11:42:24,20.7,62.6
08/31/2026,11:47:24,20.7,62.6
08/31/2026,11:52:24,20.7,62.6
08/31/2026,11:57:24,20.7,62.6
08/31/2026,12:02:24,20.7,62.6
08/31/2026,12:07:24,20.8,62.6
08/31/2026,12:12:24,20.7,62.6
08/31/2026,12:17:24,20.7,62.6
08/31/2026,12:22:24,20.7,62.6
08/31/2026,12:27:24,20.7,62.6
08/31/2026,12:32:24,20.8,62.6
08/31/2026,12:37:24,20.8,62.6
08/31/2026,12:42:24,20.8,62.6
08/31/2026,12:47:24,20.8,62.6
08/31/2026,12:52:24,20.8,62.6
08/31/2026,12:57:24,20.8,62.6
08/31/2026,13:02:24,20.8,62.6
08/31/2026,13:07:24,20.8,62.6
08/31/2026,13:12:24,20.8,62.5
08/31/2026,13:17:24,20.8,62.6
08/31/2026,13:22:24,20.8,62.6
08/31/2026,13:27:24,20.8,62.6
08/31/2026,13:32:24,20.8,62.6
08/31/2026,13:37:24,20.8,62.6
08/31/2026,13:42:24,20.9,62.6
08/31/2026,13:47:24,20.9,62.6
08/31/2026,13:52:24,20.9,62.6
08/31/2026,13:57:24,20.9,62.6
08/31/2026,14:02:24,20.9,62.6
08/31/2026,14:07:24,20.9,62.6
08/31/2026,14:12:24,20.9,62.6
08/31/2026,14:17:24,20.9,62.7
08/31/2026,14:22:24,20.9,62.7
08/31/2026,14:27:24,20.9,62.7
08/31/2026,14:32:24,20.9,62.7
08/31/2026,14:37:24,20.9,62.7
08/31/2026,14:42:24,20.9,62.8
08/31/2026,14:47:24,21.0,62.8
08/31/2026,14:52:24,21.0,62.8
08/31/2026,14:57:24,21.0,62.8
08/31/2026,15:02:24,21.0,62.8
08/31/2026,15:07:24,21.0,62.9
08/31/2026,15:12:24,21.0,62.9
08/31/2026,15:17:24,21.0,62.9
08/31/2026,15:22:24,21.0,62.9
08/31/2026,15:27:24,21.0,62.9
08/31/2026,15:32:24,21.0,62.9
08/31/2026,15:37:24,21.0,63.0
08/31/2026,15:42:24,21.1,63.0
08/31/2026,15:47:24,21.1,63.0
08/31/2026,15:52:24,21.3,63.0
08/31/2026,15:57:24,21.3,62.9
08/31/2026,16:02:24,21.4,62.8
08/31/2026,16:07:24,21.4,62.7
08/31/2026,16:12:24,21.5,62.6
08/31/2026,16:17:24,21.5,62.5
08/31/2026,16:22:24,21.5,62.5
08/31/2026,16:27:24,21.4,62.5
08/31/2026,16:32:24,21.4,62.6
08/31/2026,16:37:24,21.4,62.6
08/31/2026,16:42:24,21.4,62.6
08/31/2026,16:47:24,21.4,62.6
08/31/2026,16:52:24,21.4,62.7
08/31/2026,16:57:24,21.4,62.6
08/31/2026,17:02:24,21.4,62.7
08/31/2026,17:07:24,21.4,62.7
08/31/2026,17:12:24,21.4,62.7
08/31/2026,17:17:24,21.4,62.7
08/31/2026,17:22:24,21.4,62.7
08/31/2026,17:27:24,21.3,62.7
08/31/2026,17:32:24,21.4,62.7
08/31/2026,17:37:24,21.3,62.7
08/31/2026,17:42:24,21.3,62.8
08/31/2026,17:47:24,21.4,62.8
08/31/2026,17:52:24,21.3,62.8
08/31/2026,17:57:24,21.3,62.8
08/31/2026,18:02:24,21.3,62.8
08/31/2026,18:07:24,21.3,62.8
08/31/2026,18:12:24,21.3,62.8
08/31/2026,18:17:24,21.3,62.8
08/31/2026,18:22:24,21.3,62.8
08/31/2026,18:27:24,21.3,62.8
08/31/2026,18:32:24,21.3,62.8
08/31/2026,18:37:24,21.3,62.8
08/31/2026,18:42:24,21.3,62.8
08/31/2026,18:47:24,21.3,62.8
08/31/2026,18:52:24,21.3,62.8
08/31/2026,18:57:24,21.3,62.8
08/31/2026,19:02:24,21.2,62.9
08/31/2026,19:07:24,21.3,62.9
08/31/2026,19:12:24,21.2,62.9
08/31/2026,19:17:24,21.2,62.9
08/31/2026,19:22:24,21.2,62.9
08/31/2026,19:27:24,21.2,63.0
08/31/2026,19:32:24,21.2,62.9
08/31/2026,19:37:24,21.2,63.0
08/31/2026,19:42:24,21.2,63.0
08/31/2026,19:47:24,21.3,63.0
08/31/2026,19:52:24,21.2,63.0
08/31/2026,19:57:24,21.2,63.0
08/31/2026,20:02:24,21.2,63.0
08/31/2026,20:07:24,21.2,63.0
08/31/2026,20:12:24,21.2,63.0
08/31/2026,20:17:24,21.2,63.0
08/31/2026,20:22:24,21.2,63.0
08/31/2026,20:27:24,21.2,63.0
08/31/2026,20:32:24,21.2,63.0
08/31/2026,20:37:24,21.2,63.0
08/31/2026,20:42:24,21.2,62.9
08/31/2026,20:47:24,21.2,62.9
08/31/2026,20:52:24,21.2,62.9
08/31/2026,20:57:24,21.2,62.9
08/31/2026,21:02:24,21.2,62.9
08/31/2026,21:07:24,21.2,62.9
08/31/2026,21:12:24,21.2,62.9
08/31/2026,21:17:24,21.2,62.9
08/31/2026,21:22:24,21.2,62.9
08/31/2026,21:27:24,21.2,62.9
08/31/2026,21:32:24,21.1,62.9
08/31/2026,21:37:24,21.2,62.9
08/31/2026,21:42:24,21.1,62.9
08/31/2026,21:47:24,21.1,62.9
08/31/2026,21:52:24,21.1,62.9
08/31/2026,21:57:24,21.1,62.8
08/31/2026,22:02:24,21.1,62.9
08/31/2026,22:07:24,21.1,62.8
08/31/2026,22:12:24,21.1,62.8
08/31/2026,22:17:24,21.1,62.8
08/31/2026,22:22:24,21.1,62.8
08/31/2026,22:27:24,21.1,62.8
08/31/2026,22:32:24,21.1,62.8
08/31/2026,22:37:24,21.1,62.8
08/31/2026,22:42:24,21.1,62.7
08/31/2026,22:47:24,21.1,62.7
08/31/2026,22:52:24,21.1,62.7
08/31/2026,22:57:24,21.1,62.7
08/31/2026,23:02:24,21.1,62.7
08/31/2026,23:07:24,21.1,62.7
08/31/2026,23:12:24,21.1,62.6
08/31/2026,23:17:24,21.0,62.6
08/31/2026,23:22:24,21.1,62.6
08/31/2026,23:27:24,21.0,62.6
08/31/2026,23:32:24,21.0,62.6
08/31/2026,23:37:24,21.1,62.6
08/31/2026,23:42:24,21.0,62.5
08/31/2026,23:47:24,21.0,62.5
08/31/2026,23:52:24,21.0,62.5
08/31/2026,23:57:24,21.0,62.5
