Date,Time,Temperature(C),Humidity(%RH)
08/01/2026,00:02:11,24.5,40.0
08/01/2026,00:07:11,24.5,40.0
08/01/2026,00:12:11,24.4,40.0
08/01/2026,00:17:11,24.4,40.0
08/01/2026,00:22:11,24.4,40.1
08/01/2026,00:27:11,24.4,40.0
08/01/2026,00:32:11,24.4,40.1
08/01/2026,00:37:11,24.3,40.1
08/01/2026,00:42:11,24.3,40.2
08/01/2026,00:47:11,24.3,40.1
08/01/2026,00:52:11,24.2,40.2
08/01/2026,00:57:11,24.2,40.2
08/01/2026,01:02:11,24.2,40.2
08/01/2026,01:07:11,24.2,40.2
08/01/2026,01:12:11,24.2,40.3
08/01/2026,01:17:11,24.1,40.2
08/01/2026,01:22:11,24.1,40.2
08/01/2026,01:27:11,24.1,40.2
08/01/2026,01:32:11,24.1,40.2
08/01/2026,01:37:11,24.0,40.2
08/01/2026,01:42:11,24.0,40.2
08/01/2026,01:47:11,24.0,40.2
08/01/2026,01:52:11,24.0,40.2
08/01/2026,01:57:11,24.0,40.2
08/01/2026,02:02:11,23.9,40.2
08/01/2026,02:07:11,23.9,40.2
08/01/2026,02:12:11,23.9,40.2
08/01/2026,02:17:11,23.8,40.3
08/01/2026,02:22:11,23.8,40.3
08/01/2026,02:27:11,23.8,40.3
08/01/2026,02:32:11,23.8,40.3
08/01/2026,02:37:11,23.7,40.3
08/01/2026,02:42:11,23.7,40.4
08/01/2026,02:47:11,23.7,40.4
08/01/2026,02:52:11,23.7,40.4
08/01/2026,02:57:11,23.6,40.4
08/01/2026,03:02:11,23.6,40.4
08/01/2026,03:07:11,23.6,40.5
08/01/2026,03:12:11,23.6,40.5
08/01/2026,03:17:11,23.5,40.5
08/01/2026,03:22:11,23.5,40.5
08/01/2026,03:27:11,23.5,40.5
08/01/2026,03:32:11,23.4,40.5
08/01/2026,03:37:11,23.4,40.5
08/01/2026,03:42:11,23.4,40.6
08/01/2026,03:47:11,23.4,40.6
08/01/2026,03:52:11,23.3,40.6
08/01/2026,03:57:11,23.3,40.6
08/01/2026,04:02:11,23.3,40.6
08/01/2026,04:07:11,23.2,40.6
08/01/2026,04:12:11,23.2,40.6
08/01/2026,04:17:11,23.2,40.7
08/01/2026,04:22:11,23.2,40.6
08/01/2026,04:27:11,23.2,40.6
08/01/2026,04:32:11,23.1,40.7
08/01/2026,04:37:11,23.1,40.6
08/01/2026,04:42:11,23.1,40.7
08/01/2026,04:47:11,23.0,40.7
08/01/2026,04:52:11,23.0,40.7
08/01/2026,04:57:11,23.0,40.7
08/01/2026,05:02:11,23.0,40.8
08/01/2026,05:07:11,23.0,40.8
08/01/2026,05:12:11,22.9,40.8
08/01/2026,05:17:11,22.9,40.8
08/01/2026,05:22:11,22.8,40.8
08/01/2026,05:27:11,22.8,40.8
08/01/2026,05:32:11,22.8,40.9
08/01/2026,05:37:11,22.7,40.9
08/01/2026,05:42:11,22.7,40.9
08/01/2026,05:47:11,22.7,40.9
08/01/2026,05:52:11,22.7,41.0
08/01/2026,05:57:11,22.6,41.0
08/01/2026,06:02:11,22.6,41.0
08/01/2026,06:07:11,22.6,41.1
08/01/2026,06:12:11,22.6,41.1
08/01/2026,06:17:11,22.6,41.2
08/01/2026,06:22:11,22.5,41.2
08/01/2026,06:27:11,22.5,41.3
08/01/2026,06:32:11,22.5,41.3
08/01/2026,06:37:11,22.5,41.5
08/01/2026,06:42:11,22.5,41.5
08/01/2026,06:47:11,22.4,41.6
08/01/2026,06:52:11,22.4,41.6
08/01/2026,06:57:11,22.4,41.6
08/01/2026,07:02:11,22.4,41.7
08/01/2026,07:07:11,22.4,41.7
08/01/2026,07:12:11,22.4,41.8
08/01/2026,07:17:11,22.4,41.8
08/01/2026,07:22:11,22.4,41.9
08/01/2026,07:27:11,22.4,41.8
08/01/2026,07:32:11,22.4,41.9
08/01/2026,07:37:11,22.5,41.9
08/01/2026,07:42:11,22.5,41.9
08/01/2026,07:47:11,22.5,41.9
08/01/2026,07:52:11,22.5,42.0
08/01/2026,07:57:11,22.5,42.0
08/01/2026,08:02:11,22.6,41.9
08/01/2026,08:07:11,22.5,42.0
08/01/2026,08:12:11,22.6,42.1
08/01/2026,08:17:11,22.6,42.1
08/01/2026,08:22:11,22.6,42.2
08/01/2026,08:27:11,22.7,42.2
08/01/2026,08:32:11,22.7,42.3
08/01/2026,08:37:11,22.8,42.3
08/01/2026,08:42:11,22.8,42.5
08/01/2026,08:47:11,22.9,42.5
08/01/2026,08:52:11,22.9,42.6
08/01/2026,08:57:11,23.0,42.6
08/01/2026,09:02:11,23.0,42.7
08/01/2026,09:07:11,23.1,42.7
08/01/2026,09:12:11,23.1,42.7
08/01/2026,09:17:11,23.2,42.8
08/01/2026,09:22:11,23.2,42.8
08/01/2026,09:27:11,23.3,42.9
08/01/2026,09:32:11,23.3,43.1
08/01/2026,09:37:11,23.4,43.1
08/01/2026,09:42:11,23.4,43.3
08/01/2026,09:47:11,23.5,43.3
08/01/2026,09:52:11,23.5,43.4
08/01/2026,09:57:11,23.6,43.5
08/01/2026,10:02:11,23.7,43.5
08/01/2026,10:07:11,23.7,43.6
08/01/2026,10:12:11,23.8,43.7
08/01/2026,10:17:11,23.8,43.5
08/01/2026,10:22:11,23.9,43.6
08/01/2026,10:27:11,23.9,43.6
08/01/2026,10:32:11,23.9,43.5
08/01/2026,10:37:11,23.9,43.3
08/01/2026,10:42:11,24.0,43.3
08/01/2026,10:47:11,24.0,43.3
08/01/2026,10:52:11,24.0,43.3
08/01/2026,10:57:11,24.0,43.3
08/01/2026,11:02:11,24.0,43.4
08/01/2026,11:07:11,24.0,43.5
08/01/2026,11:12:11,24.0,43.3
08/01/2026,11:17:11,24.0,43.3
08/01/2026,11:22:11,24.0,43.2
08/01/2026,11:27:11,24.0,43.1
08/01/2026,11:32:11,24.0,42.9
08/01/2026,11:37:11,24.0,42.9
08/01/2026,11:42:11,24.0,42.8
08/01/2026,11:47:11,24.0,42.5
08/01/2026,11:52:11,24.0,42.4
08/01/2026,11:57:11,24.0,42.3
08/01/2026,12:02:11,24.0,42.2
08/01/2026,12:07:11,24.0,42.0
08/01/2026,12:12:11,24.0,42.3
08/01/2026,12:17:11,24.0,42.0
08/01/2026,12:22:11,24.0,42.0
08/01/2026,12:27:11,24.0,41.9
08/01/2026,12:32:11,24.1,41.6
08/01/2026,12:37:11,24.1,41.6
08/01/2026,12:42:11,24.1,41.7
08/01/2026,12:47:11,24.1,41.7
08/01/2026,12:52:11,24.1,41.4
08/01/2026,12:57:11,24.1,41.5
08/01/2026,13:02:11,24.1,41.1
08/01/2026,13:07:11,24.1,40.7
08/01/2026,13:12:11,24.1,40.8
08/01/2026,13:17:11,24.1,40.7
08/01/2026,13:22:11,24.2,40.5
08/01/2026,13:27:11,24.2,40.5
08/01/2026,13:32:11,24.2,40.6
08/01/2026,13:37:11,24.2,40.8
08/01/2026,13:42:11,24.2,40.8
08/01/2026,13:47:11,24.3,40.8
08/01/2026,13:52:11,24.3,40.8
08/01/2026,13:57:11,24.3,40.7
08/01/2026,14:02:11,24.4,40.8
08/01/2026,14:07:11,24.4,40.7
08/01/2026,14:12:11,24.4,40.7
08/01/2026,14:17:11,24.5,40.7
08/01/2026,14:22:11,24.5,40.6
08/01/2026,14:27:11,24.5,40.6
08/01/2026,14:32:11,24.6,40.5
08/01/2026,14:37:11,24.6,40.5
08/01/2026,14:42:11,24.6,40.6
08/01/2026,14:47:11,24.6,40.7
08/01/2026,14:52:11,24.7,40.5
08/01/2026,14:57:11,24.7,40.4
08/01/2026,15:02:11,24.8,40.4
08/01/2026,15:07:11,24.8,40.4
08/01/2026,15:12:11,24.9,40.4
08/01/2026,15:17:11,24.9,40.5
08/01/2026,15:22:11,24.9,40.3
08/01/2026,15:27:11,25.0,40.6
08/01/2026,15:32:11,25.0,40.4
08/01/2026,15:37:11,25.1,40.5
08/01/2026,15:42:11,25.1,40.5
08/01/2026,15:47:11,25.1,40.3
08/01/2026,15:52:11,25.2,40.3
08/01/2026,15:57:11,25.2,40.2
08/01/2026,16:02:11,25.3,40.3
08/01/2026,16:07:11,25.3,40.1
08/01/2026,16:12:11,25.3,40.1
08/01/2026,16:17:11,25.3,40.0
08/01/2026,16:22:11,25.3,40.0
08/01/2026,16:27:11,25.3,39.8
08/01/2026,16:32:11,25.3,39.9
08/01/2026,16:37:11,25.3,39.9
08/01/2026,16:42:11,25.3,40.0
08/01/2026,16:47:11,25.3,39.9
08/01/2026,16:52:11,25.3,39.8
08/01/2026,16:57:11,25.4,39.6
08/01/2026,17:02:11,25.3,39.5
08/01/2026,17:07:11,25.3,39.5
08/01/2026,17:12:11,25.4,39.7
08/01/2026,17:17:11,25.4,39.6
08/01/2026,17:22:11,25.3,39.4
08/01/2026,17:27:11,25.4,39.2
08/01/2026,17:32:11,25.4,39.0
08/01/2026,17:37:11,25.4,38.3
08/01/2026,17:42:11,25.4,38.3
08/01/2026,17:47:11,25.4,38.0
08/01/2026,17:52:11,25.5,37.8
08/01/2026,17:57:11,25.5,37.9
08/01/2026,18:02:11,25.6,37.7
08/01/2026,18:07:11,25.7,37.9
08/01/2026,18:12:11,25.7,37.6
08/01/2026,18:17:11,25.8,37.4
08/01/2026,18:22:11,25.9,37.0
08/01/2026,18:27:11,26.1,37.2
08/01/2026,18:32:11,26.2,37.3
08/01/2026,18:37:11,26.3,37.2
08/01/2026,18:42:11,26.3,37.1
08/01/2026,18:47:11,26.3,37.3
08/01/2026,18:52:11,26.2,37.0
08/01/2026,18:57:11,26.2,37.0
08/01/2026,19:02:11,26.1,36.8
08/01/2026,19:07:11,26.1,36.6
08/01/2026,19:12:11,26.0,36.5
08/01/2026,19:17:11,26.0,36.1
08/01/2026,19:22:11,25.9,36.0
08/01/2026,19:27:11,25.9,36.0
08/01/2026,19:32:11,25.8,36.1
08/01/2026,19:37:11,25.8,36.0
08/01/2026,19:42:11,25.8,36.2
08/01/2026,19:47:11,25.7,36.1
08/01/2026,19:52:11,25.7,36.0
08/01/2026,19:57:11,25.7,36.1
08/01/2026,20:02:11,25.6,36.4
08/01/2026,20:07:11,25.7,36.6
08/01/2026,20:12:11,25.7,36.7
08/01/2026,20:17:11,25.7,36.8
08/01/2026,20:22:11,25.6,36.7
08/01/2026,20:27:11,25.6,36.5
08/01/2026,20:32:11,25.6,36.6
08/01/2026,20:37:11,25.6,36.6
08/01/2026,20:42:11,25.6,36.7
08/01/2026,20:47:11,25.5,36.7
08/01/2026,20:52:11,25.5,36.6
08/01/2026,20:57:11,25.5,36.6
08/01/2026,21:02:11,25.5,36.6
08/01/2026,21:07:11,25.4,36.5
08/01/2026,21:12:11,25.4,36.6
08/01/2026,21:17:11,25.4,36.8
08/01/2026,21:22:11,25.4,36.8
08/01/2026,21:27:11,25.4,36.9
08/01/2026,21:32:11,25.4,36.9
08/01/2026,21:37:11,25.3,37.0
08/01/2026,21:42:11,25.3,37.1
08/01/2026,21:47:11,25.3,37.2
08/01/2026,21:52:11,25.3,37.3
08/01/2026,21:57:11,25.3,37.4
08/01/2026,22:02:11,25.3,37.4
08/01/2026,22:07:11,25.3,37.4
08/01/2026,22:12:11,25.3,37.6
08/01/2026,22:17:11,25.3,37.6
08/01/2026,22:22:11,25.3,37.7
08/01/2026,22:27:11,25.3,37.7
08/01/2026,22:32:11,25.2,37.8
08/01/2026,22:37:11,25.2,37.8
08/01/2026,22:42:11,25.2,37.9
08/01/2026,22:47:11,25.2,37.9
08/01/2026,22:52:11,25.2,37.9
08/01/2026,22:57:11,25.2,38.0
08/01/2026,23:02:11,25.2,38.0
08/01/2026,23:07:11,25.1,38.0
08/01/2026,23:12:11,25.1,38.1
08/01/2026,23:17:11,25.1,38.1
08/01/2026,23:22:11,25.1,38.1
08/01/2026,23:27:11,25.1,38.2
08/01/2026,23:32:11,25.1,38.3
08/01/2026,23:37:11,25.0,38.3
08/01/2026,23:42:11,25.0,38.4
08/01/2026,23:47:11,25.0,38.4
08/01/2026,23:52:11,25.0,38.5
08/01/2026,23:57:11,25.0,38.5
08/02/2026,00:02:11,25.0,38.6
08/02/2026,00:07:11,25.0,38.5
08/02/2026,00:12:11,25.0,38.6
08/02/2026,00:17:11,24.9,38.6
08/02/2026,00:22:11,24.9,38.7
08/02/2026,00:27:11,24.9,38.7
08/02/2026,00:32:11,24.8,38.7
08/02/2026,00:37:11,24.8,38.7
08/02/2026,00:42:11,24.8,38.7
08/02/2026,00:47:11,24.8,38.8
08/02/2026,00:52:11,24.8,38.8
08/02/2026,00:57:11,24.8,38.9
08/02/2026,01:02:11,24.7,38.9
08/02/2026,01:07:11,24.7,38.9
08/02/2026,01:12:11,24.7,38.9
08/02/2026,01:17:11,24.7,38.9
08/02/2026,01:22:11,24.7,39.0
08/02/2026,01:27:11,24.6,39.0
08/02/2026,01:32:11,24.6,39.0
08/02/2026,01:37:11,24.6,39.1
08/02/2026,01:42:11,24.5,39.0
08/02/2026,01:47:11,24.6,39.1
08/02/2026,01:52:11,24.5,39.2
08/02/2026,01:57:11,24.5,39.1
08/02/2026,02:02:11,24.5,39.2
08/02/2026,02:07:11,24.5,39.2
08/02/2026,02:12:11,24.5,39.2
08/02/2026,02:17:11,24.4,39.2
08/02/2026,02:22:11,24.4,39.2
08/02/2026,02:27:11,24.4,39.2
08/02/2026,02:32:11,24.4,39.2
08/02/2026,02:37:11,24.4,39.3
08/02/2026,02:42:11,24.3,39.3
08/02/2026,02:47:11,24.3,39.3
08/02/2026,02:52:11,24.3,39.2
08/02/2026,02:57:11,24.3,39.3
08/02/2026,03:02:11,24.2,39.3
08/02/2026,03:07:11,24.2,39.3
08/02/2026,03:12:11,24.2,39.3
08/02/2026,03:17:11,24.2,39.3
08/02/2026,03:22:11,24.2,39.4
08/02/2026,03:27:11,24.1,39.4
08/02/2026,03:32:11,24.1,39.3
08/02/2026,03:37:11,24.1,39.3
08/02/2026,03:42:11,24.1,39.3
08/02/2026,03:47:11,24.1,39.4
08/02/2026,03:52:11,24.1,39.4
08/02/2026,03:57:11,24.0,39.4
08/02/2026,04:02:11,24.0,39.4
08/02/2026,04:07:11,24.0,39.5
08/02/2026,04:12:11,24.0,39.4
08/02/2026,04:17:11,23.9,39.4
08/02/2026,04:22:11,23.9,39.5
08/02/2026,04:27:11,23.9,39.4
08/02/2026,04:32:11,23.9,39.5
08/02/2026,04:37:11,23.8,39.5
08/02/2026,04:42:11,23.8,39.5
08/02/2026,04:47:11,23.8,39.4
08/02/2026,04:52:11,23.8,39.4
08/02/2026,04:57:11,23.8,39.5
08/02/2026,05:02:11,23.8,39.4
08/02/2026,05:07:11,23.7,39.4
08/02/2026,05:12:11,23.7,39.5
08/02/2026,05:17:11,23.7,39.5
08/02/2026,05:22:11,23.7,39.5
08/02/2026,05:27:11,23.7,39.5
08/02/2026,05:32:11,23.6,39.5
08/02/2026,05:37:11,23.6,39.5
08/02/2026,05:42:11,23.6,39.6
08/02/2026,05:47:11,23.5,39.6
08/02/2026,05:52:11,23.5,39.6
08/02/2026,05:57:11,23.5,39.6
08/02/2026,06:02:11,23.5,39.6
08/02/2026,06:07:11,23.5,39.6
08/02/2026,06:12:11,23.4,39.6
08/02/2026,06:17:11,23.5,39.7
08/02/2026,06:22:11,23.4,39.7
08/02/2026,06:27:11,23.4,39.7
08/02/2026,06:32:11,23.4,39.8
08/02/2026,06:37:11,23.4,39.8
08/02/2026,06:42:11,23.4,39.8
08/02/2026,06:47:11,23.3,39.9
08/02/2026,06:52:11,23.3,39.8
08/02/2026,06:57:11,23.3,39.9
08/02/2026,07:02:11,23.3,39.9
08/02/2026,07:07:11,23.3,40.0
08/02/2026,07:12:11,23.3,40.0
08/02/2026,07:17:11,23.3,40.1
08/02/2026,07:22:11,23.3,40.1
08/02/2026,07:27:11,23.3,40.2
08/02/2026,07:32:11,23.3,40.2
08/02/2026,07:37:11,23.3,40.2
08/02/2026,07:42:11,23.3,40.3
08/02/2026,07:47:11,23.3,40.5
08/02/2026,07:52:11,23.3,40.9
08/02/2026,07:57:11,23.2,41.2
08/02/2026,08:02:11,23.2,41.5
08/02/2026,08:07:11,23.2,41.8
08/02/2026,08:12:11,23.2,42.2
08/02/2026,08:17:11,23.3,42.4
08/02/2026,08:22:11,23.3,42.7
08/02/2026,08:27:11,23.3,43.1
08/02/2026,08:32:11,23.3,43.2
08/02/2026,08:37:11,23.4,43.6
08/02/2026,08:42:11,23.4,43.7
08/02/2026,08:47:11,23.4,44.0
08/02/2026,08:52:11,23.5,44.1
08/02/2026,08:57:11,23.5,44.4
08/02/2026,09:02:11,23.5,44.5
08/02/2026,09:07:11,23.6,44.5
08/02/2026,09:12:11,23.6,44.6
08/02/2026,09:17:11,23.6,44.7
08/02/2026,09:22:11,23.6,44.8
08/02/2026,09:27:11,23.6,45.0
08/02/2026,09:32:11,23.6,45.3
08/02/2026,09:37:11,23.7,45.7
08/02/2026,09:42:11,23.7,45.9
08/02/2026,09:47:11,23.8,46.3
08/02/2026,09:52:11,23.9,46.8
08/02/2026,09:57:11,24.0,47.1
08/02/2026,10:02:11,24.1,47.5
08/02/2026,10:07:11,24.2,47.7
08/02/2026,10:12:11,24.2,48.0
08/02/2026,10:17:11,24.4,48.3
08/02/2026,10:22:11,24.5,48.6
08/02/2026,10:27:11,24.5,48.7
08/02/2026,10:32:11,24.6,49.0
08/02/2026,10:37:11,24.7,49.2
08/02/2026,10:42:11,24.8,49.3
08/02/2026,10:47:11,24.8,48.9
08/02/2026,10:52:11,24.8,48.7
08/02/2026,10:57:11,24.9,48.3
08/02/2026,11:02:11,24.8,48.2
08/02/2026,11:07:11,24.8,48.3
08/02/2026,11:12:11,24.8,48.4
08/02/2026,11:17:11,24.8,48.7
08/02/2026,11:22:11,24.9,49.1
08/02/2026,11:27:11,24.9,49.0
08/02/2026,11:32:11,25.0,49.5
08/02/2026,11:37:11,25.1,49.3
08/02/2026,11:42:11,25.2,49.5
08/02/2026,11:47:11,25.3,49.8
08/02/2026,11:52:11,25.4,50.0
08/02/2026,11:57:11,25.5,50.1
08/02/2026,12:02:11,25.6,49.1
08/02/2026,12:07:11,25.7,50.1
08/02/2026,12:12:11,25.8,50.0
08/02/2026,12:17:11,25.8,50.5
08/02/2026,12:22:11,25.9,50.3
08/02/2026,12:27:11,26.0,49.3
08/02/2026,12:32:11,26.1,50.0
08/02/2026,12:37:11,26.1,47.4
08/02/2026,12:42:11,26.1,47.1
08/02/2026,12:47:11,26.1,44.4
08/02/2026,12:52:11,26.1,44.3
08/02/2026,12:57:11,26.0,43.9
08/02/2026,13:02:11,26.0,43.4
08/02/2026,13:07:11,26.0,43.4
08/02/2026,13:12:11,25.9,42.7
08/02/2026,13:17:11,25.9,42.3
08/02/2026,13:22:11,25.9,42.2
08/02/2026,13:27:11,25.9,41.9
08/02/2026,13:32:11,25.9,41.6
08/02/2026,13:37:11,26.0,40.7
08/02/2026,13:42:11,25.9,40.8
08/02/2026,13:47:11,26.0,41.0
08/02/2026,13:52:11,26.0,40.3
08/02/2026,13:57:11,26.0,40.4
08/02/2026,14:02:11,26.0,40.0
08/02/2026,14:07:11,26.1,39.8
08/02/2026,14:12:11,26.1,39.9
08/02/2026,14:17:11,26.1,39.8
08/02/2026,14:22:11,26.1,39.8
08/02/2026,14:27:11,26.1,39.5
08/02/2026,14:32:11,26.1,39.2
08/02/2026,14:37:11,26.1,39.1
08/02/2026,14:42:11,26.1,39.1
08/02/2026,14:47:11,26.0,39.1
08/02/2026,14:52:11,26.1,39.0
08/02/2026,14:57:11,26.1,39.1
08/02/2026,15:02:11,26.1,38.9
08/02/2026,15:07:11,26.2,38.9
08/02/2026,15:12:11,26.2,38.9
08/02/2026,15:17:11,26.2,38.8
08/02/2026,15:22:11,26.3,38.7
08/02/2026,15:27:11,26.3,38.7
08/02/2026,15:32:11,26.4,38.6
08/02/2026,15:37:11,26.4,38.6
08/02/2026,15:42:11,26.4,38.6
08/02/2026,15:47:11,26.5,38.5
08/02/2026,15:52:11,26.4,38.4
08/02/2026,15:57:11,26.5,38.6
08/02/2026,16:02:11,26.5,38.4
08/02/2026,16:07:11,26.5,38.3
08/02/2026,16:12:11,26.5,38.4
08/02/2026,16:17:11,26.5,38.3
08/02/2026,16:22:11,26.5,38.4
08/02/2026,16:27:11,26.5,38.5
08/02/2026,16:32:11,26.5,38.3
08/02/2026,16:37:11,26.5,38.2
08/02/2026,16:42:11,26.5,38.3
08/02/2026,16:47:11,26.5,38.3
08/02/2026,16:52:11,26.5,38.3
08/02/2026,16:57:11,26.5,38.2
08/02/2026,17:02:11,26.5,38.2
08/02/2026,17:07:11,26.5,38.2
08/02/2026,17:12:11,26.5,38.1
08/02/2026,17:17:11,26.4,38.3
08/02/2026,17:22:11,26.4,38.2
08/02/2026,17:27:11,26.4,38.1
08/02/2026,17:32:11,26.4,38.2
08/02/2026,17:37:11,26.4,38.2
08/02/2026,17:42:11,26.4,38.3
08/02/2026,17:47:11,26.4,38.3
08/02/2026,17:52:11,26.4,38.4
08/02/2026,17:57:11,26.4,38.3
08/02/2026,18:02:11,26.4,38.3
08/02/2026,18:07:11,26.4,38.3
08/02/2026,18:12:11,26.3,38.4
08/02/2026,18:17:11,26.3,38.3
08/02/2026,18:22:11,26.3,38.4
08/02/2026,18:27:11,26.3,38.4
08/02/2026,18:32:11,26.3,38.3
08/02/2026,18:37:11,26.3,38.3
08/02/2026,18:42:11,26.2,38.2
08/02/2026,18:47:11,26.2,38.2
08/02/2026,18:52:11,26.1,38.1
08/02/2026,18:57:11,26.1,38.1
08/02/2026,19:02:11,26.0,38.1
08/02/2026,19:07:11,26.0,38.1
08/02/2026,19:12:11,25.9,38.1
08/02/2026,19:17:11,25.9,38.1
08/02/2026,19:22:11,25.9,37.8
08/02/2026,19:27:11,25.8,37.7
08/02/2026,19:32:11,25.8,37.6
08/02/2026,19:37:11,25.7,37.5
08/02/2026,19:42:11,25.7,37.6
08/02/2026,19:47:11,25.6,37.6
08/02/2026,19:52:11,25.6,37.7
08/02/2026,19:57:11,25.6,37.7
08/02/2026,20:02:11,25.5,37.8
08/02/2026,20:07:11,25.5,37.9
08/02/2026,20:12:11,25.4,37.9
08/02/2026,20:17:11,25.4,37.9
08/02/2026,20:22:11,25.4,37.9
08/02/2026,20:27:11,25.3,37.9
08/02/2026,20:32:11,25.3,38.0
08/02/2026,20:37:11,25.3,38.1
08/02/2026,20:42:11,25.2,38.1
08/02/2026,20:47:11,25.2,38.1
08/02/2026,20:52:11,25.2,38.2
08/02/2026,20:57:11,25.1,38.2
08/02/2026,21:02:11,25.1,38.2
08/02/2026,21:07:11,25.1,38.3
08/02/2026,21:12:11,25.1,38.4
08/02/2026,21:17:11,25.0,38.4
08/02/2026,21:22:11,25.0,38.5
08/02/2026,21:27:11,25.0,38.7
08/02/2026,21:32:11,24.9,38.7
08/02/2026,21:37:11,24.9,38.8
08/02/2026,21:42:11,24.8,39.0
08/02/2026,21:47:11,24.8,39.0
08/02/2026,21:52:11,24.8,39.2
08/02/2026,21:57:11,24.8,39.4
08/02/2026,22:02:11,24.8,39.6
08/02/2026,22:07:11,24.7,39.7
08/02/2026,22:12:11,24.7,39.9
08/02/2026,22:17:11,24.7,40.1
08/02/2026,22:22:11,24.6,40.3
08/02/2026,22:27:11,24.6,40.5
08/02/2026,22:32:11,24.6,40.6
08/02/2026,22:37:11,24.5,40.9
08/02/2026,22:42:11,24.5,41.1
08/02/2026,22:47:11,24.5,41.3
08/02/2026,22:52:11,24.4,41.3
08/02/2026,22:57:11,24.4,41.7
08/02/2026,23:02:11,24.4,41.8
08/02/2026,23:07:11,24.3,42.2
08/02/2026,23:12:11,24.3,42.2
08/02/2026,23:17:11,24.2,42.5
08/02/2026,23:22:11,24.2,42.6
08/02/2026,23:27:11,24.2,42.8
08/02/2026,23:32:11,24.2,42.9
08/02/2026,23:37:11,24.2,43.1
08/02/2026,23:42:11,24.1,43.3
08/02/2026,23:47:11,24.1,43.4
08/02/2026,23:52:11,24.1,43.5
08/02/2026,23:57:11,24.1,43.7
08/03/2026,00:02:11,24.0,43.9
08/03/2026,00:07:11,24.0,44.0
08/03/2026,00:12:11,24.0,44.4
08/03/2026,00:17:11,24.0,44.5
08/03/2026,00:22:11,23.9,44.5
08/03/2026,00:27:11,23.9,44.7
08/03/2026,00:32:11,23.9,44.8
08/03/2026,00:37:11,23.8,45.0
08/03/2026,00:42:11,23.8,45.0
08/03/2026,00:47:11,23.8,45.0
08/03/2026,00:52:11,23.8,45.1
08/03/2026,00:57:11,23.7,45.1
08/03/2026,01:02:11,23.7,45.1
08/03/2026,01:07:11,23.7,45.1
08/03/2026,01:12:11,23.7,45.2
08/03/2026,01:17:11,23.7,45.2
08/03/2026,01:22:11,23.6,45.2
08/03/2026,01:27:11,23.6,45.2
08/03/2026,01:32:11,23.6,45.2
08/03/2026,01:37:11,23.6,45.2
08/03/2026,01:42:11,23.5,45.2
08/03/2026,01:47:11,23.5,45.2
08/03/2026,01:52:11,23.5,45.4
08/03/2026,01:57:11,23.5,45.4
08/03/2026,02:02:11,23.5,45.5
08/03/2026,02:07:11,23.4,45.6
08/03/2026,02:12:11,23.4,45.6
08/03/2026,02:17:11,23.4,45.7
08/03/2026,02:22:11,23.4,45.8
08/03/2026,02:27:11,23.4,45.8
08/03/2026,02:32:11,23.4,46.0
08/03/2026,02:37:11,23.4,46.1
08/03/2026,02:42:11,23.4,46.2
08/03/2026,02:47:11,23.3,46.3
08/03/2026,02:52:11,23.3,46.5
08/03/2026,02:57:11,23.3,46.6
08/03/2026,03:02:11,23.3,46.7
08/03/2026,03:07:11,23.2,46.8
08/03/2026,03:12:11,23.2,47.0
08/03/2026,03:17:11,23.2,47.1
08/03/2026,03:22:11,23.2,47.2
08/03/2026,03:27:11,23.1,47.4
08/03/2026,03:32:11,23.1,47.6
08/03/2026,03:37:11,23.1,47.8
08/03/2026,03:42:11,23.1,48.0
08/03/2026,03:47:11,23.1,48.0
08/03/2026,03:52:11,23.0,48.2
08/03/2026,03:57:11,23.0,48.3
08/03/2026,04:02:11,23.0,48.7
08/03/2026,04:07:11,22.9,48.8
08/03/2026,04:12:11,22.9,49.0
08/03/2026,04:17:11,22.9,49.2
08/03/2026,04:22:11,22.9,49.3
08/03/2026,04:27:11,22.9,49.5
08/03/2026,04:32:11,22.9,49.6
08/03/2026,04:37:11,22.9,49.9
08/03/2026,04:42:11,22.8,50.0
08/03/2026,04:47:11,22.8,50.1
08/03/2026,04:52:11,22.8,50.3
08/03/2026,04:57:11,22.7,50.4
08/03/2026,05:02:11,22.7,50.5
08/03/2026,05:07:11,22.7,50.6
08/03/2026,05:12:11,22.7,50.7
08/03/2026,05:17:11,22.7,50.8
08/03/2026,05:22:11,22.7,50.9
08/03/2026,05:27:11,22.7,51.0
08/03/2026,05:32:11,22.6,51.0
08/03/2026,05:37:11,22.6,51.2
08/03/2026,05:42:11,22.5,51.2
08/03/2026,05:47:11,22.5,51.3
08/03/2026,05:52:11,22.5,51.4
08/03/2026,05:57:11,22.5,51.6
08/03/2026,06:02:11,22.5,51.6
08/03/2026,06:07:11,22.4,51.7
08/03/2026,06:12:11,22.5,51.8
08/03/2026,06:17:11,22.4,51.9
08/03/2026,06:22:11,22.4,52.0
08/03/2026,06:27:11,22.4,52.3
08/03/2026,06:32:11,22.4,52.2
08/03/2026,06:37:11,22.3,52.3
08/03/2026,06:42:11,22.4,52.2
08/03/2026,06:47:11,22.4,52.0
08/03/2026,06:52:11,22.4,51.8
08/03/2026,06:57:11,22.5,51.8
08/03/2026,07:02:11,22.5,51.7
08/03/2026,07:07:11,22.6,51.8
08/03/2026,07:12:11,22.7,51.7
08/03/2026,07:17:11,22.7,51.5
08/03/2026,07:22:11,22.8,51.4
08/03/2026,07:27:11,22.8,51.2
08/03/2026,07:32:11,22.9,51.1
08/03/2026,07:37:11,22.9,51.1
08/03/2026,07:42:11,22.9,51.0
08/03/2026,07:47:11,22.9,51.0
08/03/2026,07:52:11,23.0,50.9
08/03/2026,07:57:11,23.0,50.9
08/03/2026,08:02:11,23.0,50.9
08/03/2026,08:07:11,23.1,50.8
08/03/2026,08:12:11,23.1,50.8
08/03/2026,08:17:11,23.2,50.7
08/03/2026,08:22:11,23.2,50.7
08/03/2026,08:27:11,23.2,50.7
08/03/2026,08:32:11,23.3,50.6
08/03/2026,08:37:11,23.3,50.6
08/03/2026,08:42:11,23.3,50.7
08/03/2026,08:47:11,23.4,50.6
08/03/2026,08:52:11,23.4,50.6
08/03/2026,08:57:11,23.5,50.6
08/03/2026,09:02:11,23.5,50.6
08/03/2026,09:07:11,23.5,50.4
08/03/2026,09:12:11,23.5,50.5
08/03/2026,09:17:11,23.6,50.5
08/03/2026,09:22:11,23.6,50.6
08/03/2026,09:27:11,23.7,50.5
08/03/2026,09:32:11,23.7,50.6
08/03/2026,09:37:11,23.7,50.6
08/03/2026,09:42:11,23.8,50.6
08/03/2026,09:47:11,23.8,50.7
08/03/2026,09:52:11,23.8,50.8
08/03/2026,09:57:11,23.9,50.9
08/03/2026,10:02:11,23.9,51.0
08/03/2026,10:07:11,24.0,51.1
08/03/2026,10:12:11,24.0,51.1
08/03/2026,10:17:11,24.1,51.2
08/03/2026,10:22:11,24.1,51.2
08/03/2026,10:27:11,24.2,51.1
08/03/2026,10:32:11,24.2,51.1
08/03/2026,10:37:11,24.2,51.1
08/03/2026,10:42:11,24.2,51.1
08/03/2026,10:47:11,24.6,50.9
08/03/2026,10:52:11,24.7,50.3
08/03/2026,10:57:11,24.6,49.6
08/03/2026,11:01:34,24.7,49.8
08/03/2026,11:06:34,24.7,46.4
08/03/2026,11:11:34,24.8,46.4
08/03/2026,11:16:34,24.8,47.1
08/03/2026,11:21:34,24.8,47.6
08/03/2026,11:26:34,24.9,48.0
08/03/2026,11:31:34,24.9,48.3
08/03/2026,11:36:34,24.9,48.5
08/03/2026,11:41:34,24.8,48.6
08/03/2026,11:46:34,24.8,48.7
08/03/2026,11:51:34,24.7,48.8
08/03/2026,11:56:34,24.7,48.8
08/03/2026,12:01:34,24.7,48.8
08/03/2026,12:06:34,24.8,48.9
08/03/2026,12:11:34,24.8,48.9
08/03/2026,12:16:34,24.8,48.9
08/03/2026,12:21:34,24.8,48.9
08/03/2026,12:26:34,24.8,48.8
08/03/2026,12:31:34,24.8,48.8
08/03/2026,12:36:34,24.9,48.8
08/03/2026,12:41:34,24.9,48.8
08/03/2026,12:46:34,24.9,48.8
08/03/2026,12:51:34,24.9,48.7
08/03/2026,12:56:34,25.0,48.7
08/03/2026,13:01:34,25.0,48.7
08/03/2026,13:06:34,25.0,48.6
08/03/2026,13:11:34,25.1,48.5
08/03/2026,13:16:34,25.1,48.5
08/03/2026,13:21:34,25.1,48.4
08/03/2026,13:26:34,25.1,48.4
08/03/2026,13:31:34,25.2,48.4
08/03/2026,13:36:34,25.2,48.3
08/03/2026,13:41:34,25.3,48.3
08/03/2026,13:46:34,25.3,48.2
08/03/2026,13:51:34,25.4,48.2
08/03/2026,13:56:34,25.4,48.1
08/03/2026,14:01:34,25.4,48.1
08/03/2026,14:06:34,25.5,48.1
08/03/2026,14:11:34,25.5,48.1
08/03/2026,14:16:34,25.6,47.9
08/03/2026,14:21:34,25.6,47.9
08/03/2026,14:26:34,25.7,47.9
08/03/2026,14:31:34,25.8,47.8
08/03/2026,14:36:34,25.8,47.7
08/03/2026,14:41:34,25.9,47.7
08/03/2026,14:46:34,25.9,47.7
08/03/2026,14:51:34,26.0,47.6
08/03/2026,14:56:34,26.0,47.5
08/03/2026,15:01:34,26.1,47.4
08/03/2026,15:06:34,26.1,47.3
08/03/2026,15:11:34,26.2,47.3
08/03/2026,15:16:34,26.2,47.2
08/03/2026,15:21:34,26.3,47.2
08/03/2026,15:26:34,26.3,47.1
08/03/2026,15:31:34,26.4,47.2
08/03/2026,15:36:34,26.4,47.1
08/03/2026,15:41:34,26.4,47.0
08/03/2026,15:46:34,26.5,47.0
08/03/2026,15:51:34,26.5,47.0
08/03/2026,15:56:34,26.6,46.9
08/03/2026,16:01:34,26.6,46.7
08/03/2026,16:06:34,26.6,46.8
08/03/2026,16:11:34,26.7,46.7
08/03/2026,16:16:34,26.7,46.6
08/03/2026,16:21:34,26.7,46.6
08/03/2026,16:26:34,26.7,46.6
08/03/2026,16:31:34,26.7,46.4
08/03/2026,16:36:34,26.8,46.4
08/03/2026,16:41:34,26.8,46.4
08/03/2026,16:46:34,26.8,46.3
08/03/2026,16:51:34,26.8,46.3
08/03/2026,16:56:34,26.8,46.3
08/03/2026,17:01:34,26.9,46.1
08/03/2026,17:06:34,26.9,46.1
08/03/2026,17:11:34,26.9,46.1
08/03/2026,17:16:34,26.9,46.0
08/03/2026,17:21:34,27.0,45.9
08/03/2026,17:26:34,27.0,45.9
08/03/2026,17:31:34,27.0,45.8
08/03/2026,17:36:34,27.0,45.7
08/03/2026,17:41:34,27.0,45.7
08/03/2026,17:46:34,27.0,45.7
08/03/2026,17:51:34,27.0,45.7
08/03/2026,17:56:34,27.0,45.7
08/03/2026,18:01:34,27.0,45.7
08/03/2026,18:06:34,27.0,45.7
08/03/2026,18:11:34,27.0,45.6
08/03/2026,18:16:34,27.1,45.6
08/03/2026,18:21:34,27.1,45.5
08/03/2026,18:26:34,27.2,45.4
08/03/2026,18:31:34,27.3,45.3
08/03/2026,18:36:34,27.3,45.1
08/03/2026,18:41:34,27.4,45.1
08/03/2026,18:46:34,27.3,45.0
08/03/2026,18:51:34,27.3,45.1
08/03/2026,18:56:34,27.2,45.1
08/03/2026,19:01:34,27.2,45.1
08/03/2026,19:06:34,27.2,45.1
08/03/2026,19:11:34,27.2,45.1
08/03/2026,19:16:34,27.2,45.1
08/03/2026,19:21:34,27.1,45.1
08/03/2026,19:26:34,27.1,45.1
08/03/2026,19:31:34,27.1,45.1
08/03/2026,19:36:34,27.1,45.1
08/03/2026,19:41:34,27.1,45.0
08/03/2026,19:46:34,27.1,45.0
08/03/2026,19:51:34,27.1,45.0
08/03/2026,19:56:34,27.1,45.0
08/03/2026,20:01:34,27.0,45.0
08/03/2026,20:06:34,27.0,45.0
08/03/2026,20:11:34,27.0,45.0
08/03/2026,20:16:34,27.0,45.0
08/03/2026,20:21:34,27.0,45.0
08/03/2026,20:26:34,27.0,45.0
08/03/2026,20:31:34,26.9,45.0
08/03/2026,20:36:34,26.9,45.0
08/03/2026,20:41:34,26.9,45.0
08/03/2026,20:46:34,26.9,44.9
08/03/2026,20:51:34,26.9,44.9
08/03/2026,20:56:34,26.9,44.9
08/03/2026,21:01:34,26.8,44.9
08/03/2026,21:06:34,26.8,44.9
08/03/2026,21:11:34,26.8,45.0
08/03/2026,21:16:34,26.8,44.9
08/03/2026,21:21:34,26.7,44.9
08/03/2026,21:26:34,26.7,44.9
08/03/2026,21:31:34,26.7,44.9
08/03/2026,21:36:34,26.7,44.9
08/03/2026,21:41:34,26.7,44.9
08/03/2026,21:46:34,26.7,44.9
08/03/2026,21:51:34,26.7,44.9
08/03/2026,21:56:34,26.7,44.9
08/03/2026,22:01:34,26.6,44.9
08/03/2026,22:06:34,26.6,44.9
08/03/2026,22:11:34,26.6,45.0
08/03/2026,22:16:34,26.6,45.0
08/03/2026,22:21:34,26.6,45.0
08/03/2026,22:26:34,26.6,45.0
08/03/2026,22:31:34,26.5,45.0
08/03/2026,22:36:34,26.5,45.0
08/03/2026,22:41:34,26.5,45.0
08/03/2026,22:46:34,26.5,45.0
08/03/2026,22:51:34,26.5,45.0
08/03/2026,22:56:34,26.5,45.0
08/03/2026,23:01:34,26.5,45.0
08/03/2026,23:06:34,26.4,45.0
08/03/2026,23:11:34,26.5,45.0
08/03/2026,23:16:34,26.4,45.0
08/03/2026,23:21:34,26.4,45.0
08/03/2026,23:26:34,26.4,45.0
08/03/2026,23:31:34,26.4,45.0
08/03/2026,23:36:34,26.4,45.0
08/03/2026,23:41:34,26.3,45.0
08/03/2026,23:46:34,26.4,45.0
08/03/2026,23:51:34,26.3,45.0
08/03/2026,23:56:34,26.3,45.0
08/04/2026,00:01:34,26.3,45.0
08/04/2026,00:06:34,26.3,45.0
08/04/2026,00:11:34,26.3,45.0
08/04/2026,00:16:34,26.2,45.0
08/04/2026,00:21:34,26.2,45.0
08/04/2026,00:26:34,26.2,45.0
08/04/2026,00:31:34,26.2,45.0
08/04/2026,00:36:34,26.2,45.0
08/04/2026,00:41:34,26.2,45.0
08/04/2026,00:46:34,26.2,45.0
08/04/2026,00:51:34,26.1,45.0
08/04/2026,00:56:34,26.1,45.0
08/04/2026,01:01:34,26.1,45.0
08/04/2026,01:06:34,26.1,45.0
08/04/2026,01:11:34,26.1,45.1
08/04/2026,01:16:34,26.1,45.1
08/04/2026,01:21:34,26.0,45.1
08/04/2026,01:26:34,26.0,45.1
08/04/2026,01:31:34,26.0,45.1
08/04/2026,01:36:34,26.0,45.1
08/04/2026,01:41:34,26.0,45.1
08/04/2026,01:46:34,26.0,45.1
08/04/2026,01:51:34,25.9,45.1
08/04/2026,01:56:34,26.0,45.1
08/04/2026,02:01:34,25.9,45.1
08/04/2026,02:06:34,25.9,45.1
08/04/2026,02:11:34,25.9,45.1
08/04/2026,02:16:34,25.9,45.1
08/04/2026,02:21:34,25.9,45.1
08/04/2026,02:26:34,25.8,45.1
08/04/2026,02:31:34,25.8,45.1
08/04/2026,02:36:34,25.8,45.1
08/04/2026,02:41:34,25.8,45.1
08/04/2026,02:46:34,25.8,45.1
08/04/2026,02:51:34,25.8,45.1
08/04/2026,02:56:34,25.7,45.1
08/04/2026,03:01:34,25.7,45.1
08/04/2026,03:06:34,25.7,45.1
08/04/2026,03:11:34,25.7,45.1
08/04/2026,03:16:34,25.7,45.1
08/04/2026,03:21:34,25.7,45.1
08/04/2026,03:26:34,25.6,45.1
08/04/2026,03:31:34,25.6,45.1
08/04/2026,03:36:34,25.6,45.1
08/04/2026,03:41:34,25.6,45.1
08/04/2026,03:46:34,25.6,45.1
08/04/2026,03:51:34,25.5,45.2
08/04/2026,03:56:34,25.5,45.2
08/04/2026,04:01:34,25.5,45.2
08/04/2026,04:06:34,25.5,45.1
08/04/2026,04:11:34,25.5,45.2
08/04/2026,04:16:34,25.5,45.1
08/04/2026,04:21:34,25.4,45.2
08/04/2026,04:26:34,25.4,45.2
08/04/2026,04:31:34,25.4,45.2
08/04/2026,04:36:34,25.4,45.2
08/04/2026,04:41:34,25.4,45.2
08/04/2026,04:46:34,25.4,45.3
08/04/2026,04:51:34,25.3,45.3
08/04/2026,04:56:34,25.3,45.3
08/04/2026,05:01:34,25.3,45.3
08/04/2026,05:06:34,25.3,45.3
08/04/2026,05:11:34,25.3,45.3
08/04/2026,05:16:34,25.3,45.4
08/04/2026,05:21:34,25.2,45.3
08/04/2026,05:26:34,25.2,45.4
08/04/2026,05:31:34,25.2,45.4
08/04/2026,05:36:34,25.2,45.4
08/04/2026,05:41:34,25.2,45.4
08/04/2026,05:46:34,25.2,45.5
08/04/2026,05:51:34,25.1,45.5
08/04/2026,05:56:34,25.1,45.5
08/04/2026,06:01:34,25.1,45.5
08/04/2026,06:06:34,25.1,45.6
08/04/2026,06:11:34,25.1,45.6
08/04/2026,06:16:34,25.1,45.6
08/04/2026,06:21:34,25.1,45.6
08/04/2026,06:26:34,25.1,45.5
08/04/2026,06:31:34,25.1,45.5
08/04/2026,06:36:34,25.1,45.6
08/04/2026,06:41:34,25.1,45.6
08/04/2026,06:46:34,25.1,45.5
08/04/2026,06:51:34,25.1,45.6
08/04/2026,06:56:34,25.1,45.6
08/04/2026,07:01:34,25.1,45.7
08/04/2026,07:06:34,25.1,45.6
08/04/2026,07:11:34,25.1,45.7
08/04/2026,07:16:34,25.1,45.6
08/04/2026,07:21:34,25.1,45.7
08/04/2026,07:26:34,25.1,45.7
08/04/2026,07:31:34,25.1,45.7
08/04/2026,07:36:34,25.1,45.7
08/04/2026,07:41:34,25.1,45.8
08/04/2026,07:46:34,25.1,45.9
08/04/2026,07:51:34,25.1,45.8
08/04/2026,07:56:34,25.1,45.8
08/04/2026,08:01:34,25.1,45.9
08/04/2026,08:06:34,25.2,45.8
08/04/2026,08:11:34,25.2,45.9
08/04/2026,08:16:34,25.2,45.9
08/04/2026,08:21:34,25.2,46.0
08/04/2026,08:26:34,25.2,45.9
08/04/2026,08:31:34,25.2,45.9
08/04/2026,08:36:34,25.2,45.9
08/04/2026,08:41:34,25.2,45.9
08/04/2026,08:46:34,25.3,45.9
08/04/2026,08:51:34,25.3,45.9
08/04/2026,08:56:34,25.3,45.8
08/04/2026,09:01:34,25.3,45.9
08/04/2026,09:06:34,25.3,45.9
08/04/2026,09:11:34,25.4,45.9
08/04/2026,09:16:34,25.4,45.8
08/04/2026,09:21:34,25.4,45.9
08/04/2026,09:26:34,25.4,45.9
08/04/2026,09:31:34,25.4,45.9
08/04/2026,09:36:34,25.4,45.9
08/04/2026,09:41:34,25.4,45.8
08/04/2026,09:46:34,25.5,45.8
08/04/2026,09:51:34,25.5,45.8
08/04/2026,09:56:34,25.5,45.8
08/04/2026,10:01:34,25.5,45.8
08/04/2026,10:06:34,25.5,45.9
08/04/2026,10:11:34,25.6,45.9
08/04/2026,10:16:34,25.6,45.9
08/04/2026,10:21:34,25.6,45.9
08/04/2026,10:26:34,25.6,45.9
08/04/2026,10:31:34,25.6,45.9
08/04/2026,10:36:34,25.6,45.9
08/04/2026,10:41:34,25.7,45.9
08/04/2026,10:46:34,25.6,45.9
08/04/2026,10:51:34,25.7,45.9
08/04/2026,10:56:34,25.7,45.9
08/04/2026,11:01:34,25.7,45.9
08/04/2026,11:06:34,25.7,45.9
08/04/2026,11:11:34,25.7,45.9
08/04/2026,11:16:34,25.8,45.9
08/04/2026,11:21:34,25.7,45.9
08/04/2026,11:26:34,25.8,45.9
08/04/2026,11:31:34,25.8,45.9
08/04/2026,11:36:34,25.8,45.9
08/04/2026,11:41:34,25.8,45.9
08/04/2026,11:46:34,25.8,45.9
08/04/2026,11:51:34,25.8,45.9
08/04/2026,11:56:34,25.9,45.9
08/04/2026,12:01:34,25.9,45.9
08/04/2026,12:06:34,25.9,46.0
08/04/2026,12:11:34,25.9,45.9
08/04/2026,12:16:34,25.9,45.9
08/04/2026,12:21:34,25.9,45.8
08/04/2026,12:26:34,26.0,45.8
08/04/2026,12:31:34,26.0,45.9
08/04/2026,12:36:34,26.1,45.9
08/04/2026,12:41:34,26.1,45.9
08/04/2026,12:46:34,26.1,45.9
08/04/2026,12:51:34,26.2,46.1
08/04/2026,12:56:34,26.2,46.2
08/04/2026,13:01:34,26.2,46.2
08/04/2026,13:06:34,26.3,46.3
08/04/2026,13:11:34,26.3,46.3
08/04/2026,13:16:34,26.3,46.3
08/04/2026,13:21:34,26.3,46.3
08/04/2026,13:26:34,26.4,46.3
08/04/2026,13:31:34,26.4,46.2
08/04/2026,13:36:34,26.4,46.2
08/04/2026,13:41:34,26.4,46.2
08/04/2026,13:46:34,26.4,46.2
08/04/2026,13:51:34,26.5,46.2
08/04/2026,13:56:34,26.5,46.1
08/04/2026,14:01:34,26.5,46.1
08/04/2026,14:06:34,26.5,46.1
08/04/2026,14:11:34,26.5,46.1
08/04/2026,14:16:34,26.5,46.1
08/04/2026,14:21:34,26.5,46.1
08/04/2026,14:26:34,26.6,46.1
08/04/2026,14:31:34,26.6,46.1
08/04/2026,14:36:34,26.6,46.0
08/04/2026,14:41:34,26.6,46.0
08/04/2026,14:46:34,26.6,46.0
08/04/2026,14:51:34,26.6,46.1
08/04/2026,14:56:34,26.6,46.0
08/04/2026,15:01:34,26.6,46.0
08/04/2026,15:06:34,26.7,46.1
08/04/2026,15:11:34,26.7,46.1
08/04/2026,15:16:34,26.7,46.1
08/04/2026,15:21:34,26.7,46.2
08/04/2026,15:26:34,26.7,46.2
08/04/2026,15:31:34,26.7,46.2
08/04/2026,15:36:34,26.8,46.3
08/04/2026,15:41:34,26.8,46.2
08/04/2026,15:46:34,26.8,46.3
08/04/2026,15:51:34,26.9,46.3
08/04/2026,15:56:34,26.9,46.4
08/04/2026,16:01:34,26.9,46.5
08/04/2026,16:06:34,26.9,46.4
08/04/2026,16:11:34,27.0,46.6
08/04/2026,16:16:34,27.0,46.5
08/04/2026,16:21:34,27.0,46.6
08/04/2026,16:26:34,27.0,46.8
08/04/2026,16:31:34,27.0,46.8
08/04/2026,16:36:34,27.0,46.9
08/04/2026,16:41:34,27.1,47.1
08/04/2026,16:46:34,27.1,47.2
08/04/2026,16:51:34,27.1,47.3
08/04/2026,16:56:34,27.1,47.3
08/04/2026,17:01:34,27.1,47.2
08/04/2026,17:06:34,27.2,47.3
08/04/2026,17:11:34,27.2,47.4
08/04/2026,17:16:34,27.2,47.4
08/04/2026,17:21:34,27.2,47.5
08/04/2026,17:26:34,27.3,47.7
08/04/2026,17:31:34,27.3,47.5
08/04/2026,17:36:34,27.3,47.7
08/04/2026,17:41:34,27.3,47.7
08/04/2026,17:46:34,27.4,47.7
08/04/2026,17:51:34,27.4,47.8
08/04/2026,17:56:34,27.4,47.9
08/04/2026,18:01:34,27.4,47.9
08/04/2026,18:06:34,27.5,47.9
08/04/2026,18:11:34,27.5,47.9
08/04/2026,18:16:34,27.5,47.8
08/04/2026,18:21:34,27.5,47.8
08/04/2026,18:26:34,27.6,47.7
08/04/2026,18:31:34,27.7,47.6
08/04/2026,18:36:34,27.8,47.6
08/04/2026,18:41:34,27.8,47.7
08/04/2026,18:46:34,27.8,48.1
08/04/2026,18:51:34,27.8,48.2
08/04/2026,18:56:34,27.8,48.4
08/04/2026,19:01:34,27.7,48.6
08/04/2026,19:06:34,27.8,48.8
08/04/2026,19:11:34,27.7,48.8
08/04/2026,19:16:34,27.7,49.1
08/04/2026,19:21:34,27.7,49.2
08/04/2026,19:26:34,27.8,49.6
08/04/2026,19:31:34,27.8,49.8
08/04/2026,19:36:34,27.8,50.2
08/04/2026,19:41:34,27.8,50.3
08/04/2026,19:46:34,27.8,50.4
08/04/2026,19:51:34,27.8,50.5
08/04/2026,19:56:34,27.8,50.5
08/04/2026,20:01:34,27.8,50.4
08/04/2026,20:06:34,27.8,50.4
08/04/2026,20:11:34,27.8,50.5
08/04/2026,20:16:34,27.8,50.4
08/04/2026,20:21:34,27.7,50.5
08/04/2026,20:26:34,27.8,50.5
08/04/2026,20:31:34,27.7,50.6
08/04/2026,20:36:34,27.7,50.5
08/04/2026,20:41:34,27.7,50.4
08/04/2026,20:46:34,27.7,50.4
08/04/2026,20:51:34,27.7,50.3
08/04/2026,20:56:34,27.6,50.3
08/04/2026,21:01:34,27.6,50.4
08/04/2026,21:06:34,27.6,50.4
08/04/2026,21:11:34,27.6,50.3
08/04/2026,21:16:34,27.6,50.3
08/04/2026,21:21:34,27.6,50.3
08/04/2026,21:26:34,27.5,50.2
08/04/2026,21:31:34,27.5,50.2
08/04/2026,21:36:34,27.5,50.2
08/04/2026,21:41:34,27.5,50.1
08/04/2026,21:46:34,27.5,50.1
08/04/2026,21:51:34,27.4,50.2
08/04/2026,21:56:34,27.4,50.1
08/04/2026,22:01:34,27.4,50.2
08/04/2026,22:06:34,27.4,50.1
08/04/2026,22:11:34,27.3,50.2
08/04/2026,22:16:34,27.3,50.1
08/04/2026,22:21:34,27.3,50.2
08/04/2026,22:26:34,27.3,50.1
08/04/2026,22:31:34,27.3,50.1
08/04/2026,22:36:34,27.2,50.1
08/04/2026,22:41:34,27.2,50.1
08/04/2026,22:46:34,27.2,50.1
08/04/2026,22:51:34,27.2,50.0
08/04/2026,22:56:34,27.2,50.1
08/04/2026,23:01:34,27.2,50.1
08/04/2026,23:06:34,27.1,50.1
08/04/2026,23:11:34,27.1,50.1
08/04/2026,23:16:34,27.1,50.1
08/04/2026,23:21:34,27.1,50.1
08/04/2026,23:26:34,27.0,50.0
08/04/2026,23:31:34,27.0,50.0
08/04/2026,23:36:34,27.0,50.1
08/04/2026,23:41:34,27.0,50.0
08/04/2026,23:46:34,27.0,50.1
08/04/2026,23:51:34,27.0,50.0
08/04/2026,23:56:34,27.0,50.0
08/05/2026,00:01:34,27.0,50.0
08/05/2026,00:06:34,26.9,50.0
08/05/2026,00:11:34,26.9,50.0
08/05/2026,00:16:34,26.9,50.0
08/05/2026,00:21:34,26.9,50.0
08/05/2026,00:26:34,26.8,49.9
08/05/2026,00:31:34,26.8,49.9
08/05/2026,00:36:34,26.8,49.9
08/05/2026,00:41:34,26.8,49.9
08/05/2026,00:46:34,26.8,49.9
08/05/2026,00:51:34,26.8,49.9
08/05/2026,00:56:34,26.8,49.9
08/05/2026,01:01:34,26.7,49.8
08/05/2026,01:06:34,26.7,49.8
08/05/2026,01:11:34,26.7,49.8
08/05/2026,01:16:34,26.7,49.8
08/05/2026,01:21:34,26.7,49.8
08/05/2026,01:26:34,26.6,49.8
08/05/2026,01:31:34,26.6,49.8
08/05/2026,01:36:34,26.6,49.8
08/05/2026,01:41:34,26.6,49.7
08/05/2026,01:46:34,26.6,49.7
08/05/2026,01:51:34,26.5,49.7
08/05/2026,01:56:34,26.5,49.7
08/05/2026,02:01:34,26.5,49.7
08/05/2026,02:06:34,26.5,49.7
08/05/2026,02:11:34,26.5,49.7
08/05/2026,02:16:34,26.4,49.7
08/05/2026,02:21:34,26.4,49.7
08/05/2026,02:26:34,26.4,49.7
08/05/2026,02:31:34,26.4,49.7
08/05/2026,02:36:34,26.4,49.7
08/05/2026,02:41:34,26.4,49.7
08/05/2026,02:46:34,26.4,49.7
08/05/2026,02:51:34,26.3,49.7
08/05/2026,02:56:34,26.3,49.7
08/05/2026,03:01:34,26.3,49.7
08/05/2026,03:06:34,26.3,49.7
08/05/2026,03:11:34,26.3,49.7
08/05/2026,03:16:34,26.2,49.7
08/05/2026,03:21:34,26.2,49.7
08/05/2026,03:26:34,26.2,49.7
08/05/2026,03:31:34,26.2,49.7
08/05/2026,03:36:34,26.1,49.7
08/05/2026,03:41:34,26.2,49.7
08/05/2026,03:46:34,26.1,49.7
08/05/2026,03:51:34,26.1,49.7
08/05/2026,03:56:34,26.1,49.7
08/05/2026,04:01:34,26.1,49.8
08/05/2026,04:06:34,26.1,49.8
08/05/2026,04:11:34,26.1,49.8
08/05/2026,04:16:34,26.0,49.8
08/05/2026,04:21:34,26.0,49.8
08/05/2026,04:26:34,26.0,49.8
08/05/2026,04:31:34,26.0,49.9
08/05/2026,04:36:34,26.0,49.9
08/05/2026,04:41:34,26.0,49.8
08/05/2026,04:46:34,25.9,49.9
08/05/2026,04:51:34,25.9,49.9
08/05/2026,04:56:34,25.9,49.8
08/05/2026,05:01:34,25.9,49.9
08/05/2026,05:06:34,25.9,49.9
08/05/2026,05:11:34,25.9,50.0
08/05/2026,05:16:34,25.8,50.0
08/05/2026,05:21:34,25.8,50.0
08/05/2026,05:26:34,25.8,50.0
08/05/2026,05:31:34,25.8,50.0
08/05/2026,05:36:34,25.8,50.1
08/05/2026,05:41:34,25.7,50.0
08/05/2026,05:46:34,25.7,50.0
08/05/2026,05:51:34,25.7,50.0
08/05/2026,05:56:34,25.7,50.0
08/05/2026,06:01:34,25.7,50.0
08/05/2026,06:06:34,25.7,50.0
08/05/2026,06:11:34,25.7,50.1
08/05/2026,06:16:34,25.6,50.0
08/05/2026,06:21:34,25.6,50.1
08/05/2026,06:26:34,25.6,50.2
08/05/2026,06:31:34,25.6,50.1
08/05/2026,06:36:34,25.6,50.1
08/05/2026,06:41:34,25.6,50.1
08/05/2026,06:46:34,25.6,50.2
08/05/2026,06:51:34,25.5,50.2
08/05/2026,06:56:34,25.5,50.1
08/05/2026,07:01:34,25.5,50.2
08/05/2026,07:06:34,25.5,50.2
08/05/2026,07:11:34,25.5,50.2
08/05/2026,07:16:34,25.5,50.2
08/05/2026,07:21:34,25.5,50.3
08/05/2026,07:26:34,25.5,50.3
08/05/2026,07:31:34,25.5,50.4
08/05/2026,07:36:34,25.5,50.4
08/05/2026,07:41:34,25.5,50.3
08/05/2026,07:46:34,25.5,50.4
08/05/2026,07:51:34,25.5,50.4
08/05/2026,07:56:34,25.4,50.4
08/05/2026,08:01:34,25.4,50.5
08/05/2026,08:06:34,25.4,50.5
08/05/2026,08:11:34,25.4,50.5
08/05/2026,08:16:34,25.4,50.5
08/05/2026,08:21:34,25.4,50.6
08/05/2026,08:26:34,25.4,50.5
08/05/2026,08:31:34,25.4,50.6
08/05/2026,08:36:34,25.4,50.6
08/05/2026,08:41:34,25.4,50.7
08/05/2026,08:46:34,25.4,50.7
08/05/2026,08:51:34,25.4,50.6
08/05/2026,08:56:34,25.4,50.7
08/05/2026,09:01:34,25.4,50.7
08/05/2026,09:06:34,25.4,50.7
08/05/2026,09:11:34,25.4,50.7
08/05/2026,09:16:34,25.4,50.8
08/05/2026,09:21:34,25.4,50.9
08/05/2026,09:26:34,25.4,50.8
08/05/2026,09:31:34,25.4,50.9
08/05/2026,09:36:34,25.4,50.8
08/05/2026,09:41:34,25.4,50.9
08/05/2026,09:46:34,25.4,51.0
08/05/2026,09:51:34,25.4,51.0
08/05/2026,09:56:34,25.4,51.0
08/05/2026,10:01:34,25.4,51.0
08/05/2026,10:06:34,25.4,51.1
08/05/2026,10:11:34,25.4,51.1
08/05/2026,10:16:34,25.4,51.2
08/05/2026,10:21:34,25.4,51.2
08/05/2026,10:26:34,25.4,51.2
08/05/2026,10:31:34,25.4,51.2
08/05/2026,10:36:34,25.4,51.2
08/05/2026,10:41:34,25.3,51.5
08/05/2026,10:46:34,25.3,52.4
08/05/2026,10:51:34,25.3,52.7
08/05/2026,10:56:34,25.3,53.0
08/05/2026,11:01:34,25.3,53.4
08/05/2026,11:06:34,25.2,53.8
08/05/2026,11:11:34,25.2,54.1
08/05/2026,11:16:34,25.2,54.3
08/05/2026,11:21:34,25.3,54.6
08/05/2026,11:26:34,25.2,54.6
08/05/2026,11:31:34,25.3,54.9
08/05/2026,11:36:34,25.3,55.1
08/05/2026,11:41:34,25.3,55.0
08/05/2026,11:46:34,25.3,54.9
08/05/2026,11:51:34,25.3,54.9
08/05/2026,11:56:34,25.3,54.9
08/05/2026,12:01:34,25.3,54.7
08/05/2026,12:06:34,25.3,54.4
08/05/2026,12:11:34,25.3,54.1
08/05/2026,12:16:34,25.3,53.9
08/05/2026,12:21:34,25.4,54.1
08/05/2026,12:26:34,25.4,53.8
08/05/2026,12:31:34,25.4,53.7
08/05/2026,12:36:34,25.4,53.3
08/05/2026,12:41:34,25.4,53.1
08/05/2026,12:46:34,25.4,52.9
08/05/2026,12:51:34,25.4,52.5
08/05/2026,12:56:34,25.4,52.3
08/05/2026,13:01:34,25.4,52.0
08/05/2026,13:06:34,25.4,51.6
08/05/2026,13:11:34,25.4,51.4
08/05/2026,13:16:34,25.4,51.2
08/05/2026,13:21:34,25.4,50.9
08/05/2026,13:26:34,25.4,50.5
08/05/2026,13:31:34,25.4,50.3
08/05/2026,13:36:34,25.4,49.9
08/05/2026,13:41:34,25.4,49.5
08/05/2026,13:46:34,25.4,49.3
08/05/2026,13:51:34,25.5,49.0
08/05/2026,13:56:34,25.5,48.6
08/05/2026,14:01:34,25.5,48.4
08/05/2026,14:06:34,25.5,48.3
08/05/2026,14:11:34,25.5,48.0
08/05/2026,14:16:34,25.6,47.8
08/05/2026,14:21:34,25.6,47.5
08/05/2026,14:26:34,25.6,47.3
08/05/2026,14:31:34,25.6,46.9
08/05/2026,14:36:34,25.7,46.7
08/05/2026,14:41:34,25.7,46.7
08/05/2026,14:46:34,25.7,46.4
08/05/2026,14:51:34,25.7,46.1
08/05/2026,14:56:34,25.8,45.7
08/05/2026,15:01:34,25.8,45.6
08/05/2026,15:06:34,25.8,45.2
08/05/2026,15:11:34,25.8,44.8
08/05/2026,15:16:34,25.9,44.7
08/05/2026,15:21:34,25.9,44.4
08/05/2026,15:26:34,25.9,44.2
08/05/2026,15:31:34,25.9,43.9
08/05/2026,15:36:34,25.9,43.7
08/05/2026,15:41:34,26.0,43.6
08/05/2026,15:46:34,26.0,43.4
08/05/2026,15:51:34,26.0,43.1
08/05/2026,15:56:34,26.0,43.1
08/05/2026,16:01:34,26.0,43.0
08/05/2026,16:06:34,26.0,42.6
08/05/2026,16:11:34,26.0,42.5
08/05/2026,16:16:34,26.0,42.2
08/05/2026,16:21:34,26.0,42.3
08/05/2026,16:26:34,26.0,42.2
08/05/2026,16:31:34,26.0,41.8
08/05/2026,16:36:34,26.0,41.5
08/05/2026,16:41:34,26.0,41.6
08/05/2026,16:46:34,26.0,41.3
08/05/2026,16:51:34,26.1,41.3
08/05/2026,16:56:34,26.1,41.1
08/05/2026,17:01:34,26.1,40.9
08/05/2026,17:06:34,26.1,41.0
08/05/2026,17:11:34,26.1,40.8
08/05/2026,17:16:34,26.1,40.5
08/05/2026,17:21:34,26.1,40.7
08/05/2026,17:26:34,26.2,40.4
08/05/2026,17:31:34,26.2,40.4
08/05/2026,17:36:34,26.2,39.9
08/05/2026,17:41:34,26.2,39.7
08/05/2026,17:46:34,26.2,39.6
08/05/2026,17:51:34,26.2,39.3
08/05/2026,17:56:34,26.2,38.8
08/05/2026,18:01:34,26.1,39.0
08/05/2026,18:06:34,26.2,38.7
08/05/2026,18:11:34,26.1,38.7
08/05/2026,18:16:34,26.2,38.8
08/05/2026,18:21:34,26.3,38.6
08/05/2026,18:26:34,26.4,38.3
08/05/2026,18:31:34,26.4,38.2
08/05/2026,18:36:34,26.5,38.1
08/05/2026,18:41:34,26.4,37.8
08/05/2026,18:46:34,26.3,38.2
08/05/2026,18:51:34,26.3,38.3
08/05/2026,18:56:34,26.2,37.8
08/05/2026,19:01:34,26.2,37.7
08/05/2026,19:06:34,26.2,37.6
08/05/2026,19:11:34,26.1,37.5
08/05/2026,19:16:34,26.1,37.4
08/05/2026,19:21:34,26.0,37.4
08/05/2026,19:26:34,26.0,37.3
08/05/2026,19:31:34,26.0,37.3
08/05/2026,19:36:34,25.9,37.2
08/05/2026,19:41:34,25.9,37.1
08/05/2026,19:46:34,25.9,37.1
08/05/2026,19:51:34,25.9,36.9
08/05/2026,19:56:34,25.9,36.9
08/05/2026,20:01:34,25.8,36.8
08/05/2026,20:06:34,25.8,36.6
08/05/2026,20:11:34,25.7,36.5
08/05/2026,20:16:34,25.7,36.4
08/05/2026,20:21:34,25.7,36.3
08/05/2026,20:26:34,25.6,36.2
08/05/2026,20:31:34,25.5,36.0
08/05/2026,20:36:34,25.5,36.0
08/05/2026,20:41:34,25.4,35.8
08/05/2026,20:46:34,25.4,35.8
08/05/2026,20:51:34,25.3,35.6
08/05/2026,20:56:34,25.3,35.5
08/05/2026,21:01:34,25.2,35.4
08/05/2026,21:06:34,25.1,35.3
08/05/2026,21:11:34,25.1,35.3
08/05/2026,21:16:34,25.0,35.2
08/05/2026,21:21:34,25.0,35.1
08/05/2026,21:26:34,24.9,35.2
08/05/2026,21:31:34,24.9,35.2
08/05/2026,21:36:34,24.8,35.2
08/05/2026,21:41:34,24.8,35.2
08/05/2026,21:46:34,24.7,35.2
08/05/2026,21:51:34,24.7,35.1
08/05/2026,21:56:34,24.6,35.1
08/05/2026,22:01:34,24.5,35.2
08/05/2026,22:06:34,24.5,35.2
08/05/2026,22:11:34,24.5,35.2
08/05/2026,22:16:34,24.4,35.3
08/05/2026,22:21:34,24.4,35.2
08/05/2026,22:26:34,24.3,35.3
08/05/2026,22:31:34,24.3,35.3
08/05/2026,22:36:34,24.3,35.3
08/05/2026,22:41:34,24.2,35.3
08/05/2026,22:46:34,24.2,35.4
08/05/2026,22:51:34,24.1,35.4
08/05/2026,22:56:34,24.1,35.4
08/05/2026,23:01:34,24.0,35.5
08/05/2026,23:06:34,24.0,35.5
08/05/2026,23:11:34,24.0,35.5
08/05/2026,23:16:34,23.9,35.5
08/05/2026,23:21:34,23.8,35.6
08/05/2026,23:26:34,23.8,35.6
08/05/2026,23:31:34,23.7,35.6
08/05/2026,23:36:34,23.7,35.6
08/05/2026,23:41:34,23.6,35.7
08/05/2026,23:46:34,23.6,35.8
08/05/2026,23:51:34,23.6,35.9
08/05/2026,23:56:34,23.5,35.9
08/06/2026,00:01:34,23.4,35.9
08/06/2026,00:06:34,23.4,36.0
08/06/2026,00:11:34,23.3,36.1
08/06/2026,00:16:34,23.3,36.2
08/06/2026,00:21:34,23.2,36.3
08/06/2026,00:26:34,23.2,36.4
08/06/2026,00:31:34,23.2,36.4
08/06/2026,00:36:34,23.1,36.5
08/06/2026,00:41:34,23.1,36.5
08/06/2026,00:46:34,23.0,36.6
08/06/2026,00:51:34,23.0,36.7
08/06/2026,00:56:34,22.9,36.7
08/06/2026,01:01:34,22.9,36.8
08/06/2026,01:06:34,22.9,36.8
08/06/2026,01:11:34,22.8,36.9
08/06/2026,01:16:34,22.8,36.9
08/06/2026,01:21:34,22.7,37.0
08/06/2026,01:26:34,22.7,37.0
08/06/2026,01:31:34,22.7,37.1
08/06/2026,01:36:34,22.6,37.2
08/06/2026,01:41:34,22.6,37.3
08/06/2026,01:46:34,22.5,37.4
08/06/2026,01:51:34,22.5,37.5
08/06/2026,01:56:34,22.4,37.7
08/06/2026,02:01:34,22.4,37.8
08/06/2026,02:06:34,22.3,38.0
08/06/2026,02:11:34,22.3,38.2
08/06/2026,02:16:34,22.2,38.4
08/06/2026,02:21:34,22.2,38.5
08/06/2026,02:26:34,22.2,38.7
08/06/2026,02:31:34,22.2,38.8
08/06/2026,02:36:34,22.1,38.9
08/06/2026,02:41:34,22.1,38.9
08/06/2026,02:46:34,22.1,39.1
08/06/2026,02:51:34,22.0,39.1
08/06/2026,02:56:34,22.0,39.2
08/06/2026,03:01:34,21.9,39.2
08/06/2026,03:06:34,21.9,39.3
08/06/2026,03:11:34,21.9,39.5
08/06/2026,03:16:34,21.8,39.6
08/06/2026,03:21:34,21.8,39.6
08/06/2026,03:26:34,21.8,39.7
08/06/2026,03:31:34,21.7,39.8
08/06/2026,03:36:34,21.7,39.9
08/06/2026,03:41:34,21.7,40.0
08/06/2026,03:46:34,21.6,40.1
08/06/2026,03:51:34,21.6,40.1
08/06/2026,03:56:34,21.6,40.2
08/06/2026,04:01:34,21.5,40.4
08/06/2026,04:06:34,21.5,40.5
08/06/2026,04:11:34,21.5,40.7
08/06/2026,04:16:34,21.4,40.8
08/06/2026,04:21:34,21.4,41.0
08/06/2026,04:26:34,21.4,41.0
08/06/2026,04:31:34,21.3,41.2
08/06/2026,04:36:34,21.3,41.3
08/06/2026,04:41:34,21.3,41.4
08/06/2026,04:46:34,21.2,41.6
08/06/2026,04:51:34,21.2,41.7
08/06/2026,04:56:34,21.2,41.8
08/06/2026,05:01:34,21.2,41.9
08/06/2026,05:06:34,21.1,42.1
08/06/2026,05:11:34,21.1,42.2
08/06/2026,05:16:34,21.1,42.3
08/06/2026,05:21:34,21.0,42.4
08/06/2026,05:26:34,21.0,42.5
08/06/2026,05:31:34,21.0,42.7
08/06/2026,05:36:34,21.0,42.8
08/06/2026,05:41:34,20.9,42.9
08/06/2026,05:46:34,20.9,43.0
08/06/2026,05:51:34,20.9,43.2
08/06/2026,05:56:34,20.9,43.3
08/06/2026,06:01:34,20.9,43.4
08/06/2026,06:06:34,20.8,43.6
08/06/2026,06:11:34,20.8,43.7
08/06/2026,06:16:34,20.8,43.8
08/06/2026,06:21:34,20.7,44.0
08/06/2026,06:26:34,20.7,44.1
08/06/2026,06:31:34,20.7,44.2
08/06/2026,06:36:34,20.6,44.4
08/06/2026,06:41:34,20.7,44.6
08/06/2026,06:46:34,20.6,44.7
08/06/2026,06:51:34,20.6,44.8
08/06/2026,06:56:34,20.6,45.0
08/06/2026,07:01:34,20.6,45.1
08/06/2026,07:06:34,20.6,45.2
08/06/2026,07:11:34,20.6,45.3
08/06/2026,07:16:34,20.6,45.4
08/06/2026,07:21:34,20.6,45.5
08/06/2026,07:26:34,20.6,45.6
08/06/2026,07:31:34,20.7,45.7
08/06/2026,07:36:34,20.7,45.7
08/06/2026,07:41:34,20.7,45.6
08/06/2026,07:46:34,20.7,45.6
08/06/2026,07:51:34,20.7,45.5
08/06/2026,07:56:34,20.8,45.5
08/06/2026,08:01:34,20.8,45.4
08/06/2026,08:06:34,20.8,45.4
08/06/2026,08:11:34,20.8,45.5
08/06/2026,08:16:34,20.9,45.5
08/06/2026,08:21:34,20.9,45.5
08/06/2026,08:26:34,20.9,45.4
08/06/2026,08:31:34,21.0,45.3
08/06/2026,08:36:34,21.0,45.2
08/06/2026,08:41:34,21.0,45.1
08/06/2026,08:46:34,21.0,45.0
08/06/2026,08:51:34,21.1,44.9
08/06/2026,08:56:34,21.1,44.8
08/06/2026,09:01:34,21.1,44.7
08/06/2026,09:06:34,21.2,44.6
08/06/2026,09:11:34,21.2,44.5
08/06/2026,09:16:34,21.2,44.5
08/06/2026,09:21:34,21.2,44.3
08/06/2026,09:26:34,21.3,44.4
08/06/2026,09:31:34,21.3,44.3
08/06/2026,09:36:34,21.3,44.1
08/06/2026,09:41:34,21.3,44.1
08/06/2026,09:46:34,21.4,44.0
08/06/2026,09:51:34,21.4,43.8
08/06/2026,09:56:34,21.5,43.7
08/06/2026,10:01:34,21.5,43.7
08/06/2026,10:06:34,21.5,43.5
08/06/2026,10:11:34,21.5,43.4
08/06/2026,10:16:34,21.5,43.2
08/06/2026,10:21:34,21.5,43.0
08/06/2026,10:26:34,21.6,42.9
08/06/2026,10:31:34,21.6,42.8
08/06/2026,10:36:34,21.6,42.8
08/06/2026,10:41:34,21.6,42.7
08/06/2026,10:46:34,21.6,42.6
08/06/2026,10:51:34,21.6,42.5
08/06/2026,10:56:34,21.6,42.4
08/06/2026,11:01:34,21.6,42.3
08/06/2026,11:06:34,21.6,42.3
08/06/2026,11:11:34,21.7,42.1
08/06/2026,11:16:34,21.7,42.0
08/06/2026,11:21:34,21.7,41.8
08/06/2026,11:26:34,21.6,41.6
08/06/2026,11:31:34,21.7,41.6
08/06/2026,11:36:34,21.7,41.5
08/06/2026,11:41:34,21.7,41.4
08/06/2026,11:46:34,21.7,41.3
08/06/2026,11:51:34,21.7,41.2
08/06/2026,11:56:34,21.7,41.1
08/06/2026,12:01:34,21.7,41.0
08/06/2026,12:06:34,21.7,40.9
08/06/2026,12:11:34,21.7,40.8
08/06/2026,12:16:34,21.7,40.8
08/06/2026,12:21:34,21.7,40.7
08/06/2026,12:26:34,21.7,40.6
08/06/2026,12:31:34,21.7,40.6
08/06/2026,12:36:34,21.8,40.5
08/06/2026,12:41:34,21.8,40.4
08/06/2026,12:46:34,21.8,40.4
08/06/2026,12:51:34,21.8,40.4
08/06/2026,12:56:34,21.8,40.3
08/06/2026,13:01:34,21.8,40.2
08/06/2026,13:06:34,21.8,40.2
08/06/2026,13:11:34,21.9,40.1
08/06/2026,13:16:34,21.9,40.1
08/06/2026,13:21:34,21.9,40.0
08/06/2026,13:26:34,21.9,39.9
08/06/2026,13:31:34,22.0,40.0
08/06/2026,13:36:34,22.0,40.0
08/06/2026,13:41:34,22.0,40.0
08/06/2026,13:46:34,22.0,39.9
08/06/2026,13:51:34,22.0,39.9
08/06/2026,13:56:34,22.1,39.9
08/06/2026,14:01:34,22.0,39.8
08/06/2026,14:06:34,22.1,39.9
08/06/2026,14:11:34,22.1,39.9
08/06/2026,14:16:34,22.1,39.9
08/06/2026,14:21:34,22.1,39.8
08/06/2026,14:26:34,22.1,39.9
08/06/2026,14:31:34,22.1,39.9
08/06/2026,14:36:34,22.1,39.9
08/06/2026,14:41:34,22.1,40.0
08/06/2026,14:46:34,22.1,40.0
08/06/2026,14:51:34,22.2,40.1
08/06/2026,14:56:34,22.2,40.1
08/06/2026,15:01:34,22.2,40.0
08/06/2026,15:06:34,22.2,40.1
08/06/2026,15:11:34,22.2,40.1
08/06/2026,15:16:34,22.2,40.1
08/06/2026,15:21:34,22.3,40.1
08/06/2026,15:26:34,22.3,40.0
08/06/2026,15:31:34,22.3,40.0
08/06/2026,15:36:34,22.3,39.9
08/06/2026,15:41:34,22.3,39.9
08/06/2026,15:46:34,22.4,39.8
08/06/2026,15:51:34,22.4,39.7
08/06/2026,15:56:34,22.4,39.7
08/06/2026,16:01:34,22.4,39.7
08/06/2026,16:06:34,22.4,39.5
08/06/2026,16:11:34,22.4,39.5
08/06/2026,16:16:34,22.4,39.5
08/06/2026,16:21:34,22.4,39.5
08/06/2026,16:26:34,22.5,39.5
08/06/2026,16:31:34,22.5,39.5
08/06/2026,16:36:34,22.5,39.4
08/06/2026,16:41:34,22.5,39.3
08/06/2026,16:46:34,22.5,39.2
08/06/2026,16:51:34,22.5,39.2
08/06/2026,16:56:34,22.5,39.1
08/06/2026,17:01:34,22.5,39.1
08/06/2026,17:06:34,22.5,39.1
08/06/2026,17:11:34,22.5,39.1
08/06/2026,17:16:34,22.5,39.1
08/06/2026,17:21:34,22.5,39.3
08/06/2026,17:26:34,22.6,39.2
08/06/2026,17:31:34,22.6,39.0
08/06/2026,17:36:34,22.6,39.0
08/06/2026,17:41:34,22.6,39.0
08/06/2026,17:46:34,22.6,38.8
08/06/2026,17:51:34,22.6,38.8
08/06/2026,17:56:34,22.6,38.7
08/06/2026,18:01:34,22.6,38.7
08/06/2026,18:06:34,22.6,38.7
08/06/2026,18:11:34,22.6,38.6
08/06/2026,18:16:34,22.6,38.7
08/06/2026,18:21:34,22.6,38.7
08/06/2026,18:26:34,22.6,38.7
08/06/2026,18:31:34,22.7,38.6
08/06/2026,18:36:34,22.7,38.5
08/06/2026,18:41:34,22.7,38.4
08/06/2026,18:46:34,22.7,38.4
08/06/2026,18:51:34,22.7,38.5
08/06/2026,18:56:34,22.7,38.4
08/06/2026,19:01:34,22.7,38.4
08/06/2026,19:06:34,22.7,38.4
08/06/2026,19:11:34,22.7,38.4
08/06/2026,19:16:34,22.6,38.3
08/06/2026,19:21:34,22.7,38.3
08/06/2026,19:26:34,22.6,38.3
08/06/2026,19:31:34,22.6,38.2
08/06/2026,19:36:34,22.6,38.1
08/06/2026,19:41:34,22.6,38.1
08/06/2026,19:46:34,22.6,38.1
08/06/2026,19:51:34,22.6,38.1
08/06/2026,19:56:34,22.6,38.1
08/06/2026,20:01:34,22.6,38.2
08/06/2026,20:06:34,22.5,38.2
08/06/2026,20:11:34,22.5,38.2
08/06/2026,20:16:34,22.5,38.2
08/06/2026,20:21:34,22.5,38.3
08/06/2026,20:26:34,22.5,38.2
08/06/2026,20:31:34,22.5,38.2
08/06/2026,20:36:34,22.5,38.2
08/06/2026,20:41:34,22.5,38.2
08/06/2026,20:46:34,22.5,38.2
08/06/2026,20:51:34,22.5,38.3
08/06/2026,20:56:34,22.4,38.3
08/06/2026,21:01:34,22.4,38.4
08/06/2026,21:06:34,22.4,38.3
08/06/2026,21:11:34,22.4,38.3
08/06/2026,21:16:34,22.4,38.3
08/06/2026,21:21:34,22.4,38.3
08/06/2026,21:26:34,22.4,38.3
08/06/2026,21:31:34,22.3,38.4
08/06/2026,21:36:34,22.3,38.5
08/06/2026,21:41:34,22.3,38.5
08/06/2026,21:46:34,22.3,38.7
08/06/2026,21:51:34,22.3,38.9
08/06/2026,21:56:34,22.3,39.1
08/06/2026,22:01:34,22.3,39.3
08/06/2026,22:06:34,22.2,39.6
08/06/2026,22:11:34,22.2,39.8
08/06/2026,22:16:34,22.2,40.1
08/06/2026,22:21:34,22.2,40.3
08/06/2026,22:26:34,22.2,40.5
08/06/2026,22:31:34,22.2,40.6
08/06/2026,22:36:34,22.2,40.9
08/06/2026,22:41:34,22.2,41.0
08/06/2026,22:46:34,22.2,41.1
08/06/2026,22:51:34,22.1,41.2
08/06/2026,22:56:34,22.1,41.3
08/06/2026,23:01:34,22.1,41.4
08/06/2026,23:06:34,22.1,41.6
08/06/2026,23:11:34,22.1,41.7
08/06/2026,23:16:34,22.1,41.8
08/06/2026,23:21:34,22.1,41.9
08/06/2026,23:26:34,22.1,42.1
08/06/2026,23:31:34,22.0,42.2
08/06/2026,23:36:34,22.0,42.3
08/06/2026,23:41:34,22.0,42.4
08/06/2026,23:46:34,22.0,42.4
08/06/2026,23:51:34,21.9,42.5
08/06/2026,23:56:34,21.9,42.6
08/07/2026,00:01:34,21.9,42.7
08/07/2026,00:06:34,21.9,42.8
08/07/2026,00:11:34,21.8,42.9
08/07/2026,00:16:34,21.8,42.9
08/07/2026,00:21:34,21.8,43.0
08/07/2026,00:26:34,21.8,43.1
08/07/2026,00:31:34,21.7,43.3
08/07/2026,00:36:34,21.7,43.4
08/07/2026,00:41:34,21.7,43.4
08/07/2026,00:46:34,21.6,43.5
08/07/2026,00:51:34,21.6,43.6
08/07/2026,00:56:34,21.6,43.7
08/07/2026,01:01:34,21.6,43.8
08/07/2026,01:06:34,21.5,43.8
08/07/2026,01:11:34,21.5,43.9
08/07/2026,01:16:34,21.5,44.0
08/07/2026,01:21:34,21.5,44.0
08/07/2026,01:26:34,21.5,44.1
08/07/2026,01:31:34,21.5,44.2
08/07/2026,01:36:34,21.4,44.3
08/07/2026,01:41:34,21.4,44.4
08/07/2026,01:46:34,21.4,44.4
08/07/2026,01:51:34,21.3,44.4
08/07/2026,01:56:34,21.3,44.5
08/07/2026,02:01:34,21.3,44.5
08/07/2026,02:06:34,21.3,44.6
08/07/2026,02:11:34,21.3,44.7
08/07/2026,02:16:34,21.2,44.7
08/07/2026,02:21:34,21.2,44.9
08/07/2026,02:26:34,21.2,44.9
08/07/2026,02:31:34,21.1,45.0
08/07/2026,02:36:34,21.1,45.1
08/07/2026,02:41:34,21.1,45.1
08/07/2026,02:46:34,21.1,45.1
08/07/2026,02:51:34,21.0,45.2
08/07/2026,02:56:34,21.0,45.2
08/07/2026,03:01:34,21.0,45.3
08/07/2026,03:06:34,21.0,45.3
08/07/2026,03:11:34,21.0,45.3
08/07/2026,03:16:34,20.9,45.3
08/07/2026,03:21:34,20.9,45.3
08/07/2026,03:26:34,20.9,45.3
08/07/2026,03:31:34,20.8,45.3
08/07/2026,03:36:34,20.8,45.4
08/07/2026,03:41:34,20.7,45.5
08/07/2026,03:46:34,20.7,45.5
08/07/2026,03:51:34,20.7,45.5
08/07/2026,03:56:34,20.6,45.5
08/07/2026,04:01:34,20.6,45.6
08/07/2026,04:06:34,20.5,45.7
08/07/2026,04:11:34,20.5,45.7
08/07/2026,04:16:34,20.5,45.7
08/07/2026,04:21:34,20.4,45.8
08/07/2026,04:26:34,20.4,45.8
08/07/2026,04:31:34,20.4,46.0
08/07/2026,04:36:34,20.4,46.1
08/07/2026,04:41:34,20.3,46.1
08/07/2026,04:46:34,20.3,46.1
08/07/2026,04:51:34,20.3,46.2
08/07/2026,04:56:34,20.2,46.2
08/07/2026,05:01:34,20.2,46.1
08/07/2026,05:06:34,20.2,46.1
08/07/2026,05:11:34,20.1,46.2
08/07/2026,05:16:34,20.1,46.3
08/07/2026,05:21:34,20.0,46.3
08/07/2026,05:26:34,20.0,46.3
08/07/2026,05:31:34,20.0,46.3
08/07/2026,05:36:34,19.9,46.3
08/07/2026,05:41:34,19.9,46.3
08/07/2026,05:46:34,19.9,46.3
08/07/2026,05:51:34,19.8,46.4
08/07/2026,05:56:34,19.8,46.4
08/07/2026,06:01:34,19.8,46.4
08/07/2026,06:06:34,19.7,46.4
08/07/2026,06:11:34,19.7,46.4
08/07/2026,06:16:34,19.7,46.4
08/07/2026,06:21:34,19.6,46.5
08/07/2026,06:26:34,19.6,46.5
08/07/2026,06:31:34,19.6,46.6
08/07/2026,06:36:34,19.6,46.6
08/07/2026,06:41:34,19.6,46.6
08/07/2026,06:46:34,19.6,46.6
08/07/2026,06:51:34,19.6,46.7
08/07/2026,06:56:34,19.6,46.7
08/07/2026,07:01:34,19.7,46.7
08/07/2026,07:06:34,19.7,46.6
08/07/2026,07:11:34,19.7,46.5
08/07/2026,07:16:34,19.8,46.4
08/07/2026,07:21:34,19.8,46.3
08/07/2026,07:26:34,19.8,46.2
08/07/2026,07:31:34,19.9,46.2
08/07/2026,07:36:34,20.0,46.2
08/07/2026,07:41:34,20.0,46.1
08/07/2026,07:46:34,20.0,46.1
08/07/2026,07:51:34,20.1,46.1
08/07/2026,07:56:34,20.2,46.0
08/07/2026,08:01:34,20.2,46.0
08/07/2026,08:06:34,20.2,45.9
08/07/2026,08:11:34,20.3,45.8
08/07/2026,08:16:34,20.3,45.9
08/07/2026,08:21:34,20.4,45.8
08/07/2026,08:26:34,20.4,45.7
08/07/2026,08:31:34,20.4,45.7
08/07/2026,08:36:34,20.4,45.6
08/07/2026,08:41:34,20.5,45.6
08/07/2026,08:46:34,20.5,45.6
08/07/2026,08:51:34,20.6,45.5
08/07/2026,08:56:34,20.6,45.5
08/07/2026,09:01:34,20.6,45.5
08/07/2026,09:06:34,20.6,45.5
08/07/2026,09:11:34,20.7,45.5
08/07/2026,09:16:34,20.7,45.4
08/07/2026,09:21:34,20.7,45.3
08/07/2026,09:26:34,20.7,45.2
08/07/2026,09:31:34,20.7,45.3
08/07/2026,09:36:34,20.8,45.2
08/07/2026,09:41:34,20.8,45.2
08/07/2026,09:46:34,20.9,45.2
08/07/2026,09:51:34,20.9,45.2
08/07/2026,09:56:34,20.9,45.2
08/07/2026,10:01:34,20.9,45.1
08/07/2026,10:06:34,21.0,45.1
08/07/2026,10:11:34,21.0,45.0
08/07/2026,10:16:34,21.0,45.0
08/07/2026,10:21:34,21.0,45.0
08/07/2026,10:26:34,21.1,44.9
08/07/2026,10:31:34,21.1,44.8
08/07/2026,10:36:34,21.1,44.8
08/07/2026,10:41:34,21.1,44.8
08/07/2026,10:46:34,21.1,44.9
08/07/2026,10:51:34,21.2,44.8
08/07/2026,10:56:34,21.2,44.8
08/07/2026,11:01:34,21.2,44.7
08/07/2026,11:06:34,21.2,44.6
08/07/2026,11:11:34,21.3,44.6
08/07/2026,11:16:34,21.3,44.6
08/07/2026,11:21:34,21.3,44.7
08/07/2026,11:26:34,21.3,44.7
08/07/2026,11:31:34,21.3,44.7
08/07/2026,11:36:34,21.3,44.7
08/07/2026,11:41:34,21.3,44.7
08/07/2026,11:46:34,21.4,44.6
08/07/2026,11:51:34,21.4,44.7
08/07/2026,11:56:34,21.4,44.7
08/07/2026,12:01:34,21.5,44.7
08/07/2026,12:06:34,21.5,44.7
08/07/2026,12:11:34,21.5,44.8
08/07/2026,12:16:34,21.5,44.8
08/07/2026,12:21:34,21.5,44.7
08/07/2026,12:26:34,21.5,44.7
08/07/2026,12:31:34,21.6,44.8
08/07/2026,12:36:34,21.7,44.7
08/07/2026,12:41:34,21.7,44.7
08/07/2026,12:46:34,21.8,44.7
08/07/2026,12:51:34,21.9,44.7
08/07/2026,12:56:34,22.0,44.9
08/07/2026,13:01:34,22.1,44.9
08/07/2026,13:06:34,22.1,44.8
08/07/2026,13:11:34,22.2,44.8
08/07/2026,13:16:34,22.3,44.8
08/07/2026,13:21:34,22.3,44.7
08/07/2026,13:26:34,22.4,44.6
08/07/2026,13:31:34,22.5,44.6
08/07/2026,13:36:34,22.5,44.4
08/07/2026,13:41:34,22.6,44.4
08/07/2026,13:46:34,22.6,44.4
08/07/2026,13:51:34,22.7,44.4
08/07/2026,13:56:34,22.7,44.3
08/07/2026,14:01:34,22.8,44.3
08/07/2026,14:06:34,22.8,44.0
08/07/2026,14:11:34,22.9,44.1
08/07/2026,14:16:34,23.0,44.0
08/07/2026,14:21:34,23.0,44.1
08/07/2026,14:26:34,23.1,44.0
08/07/2026,14:31:34,23.1,44.0
08/07/2026,14:36:34,23.2,43.9
08/07/2026,14:41:34,23.3,44.0
08/07/2026,14:46:34,23.3,44.0
08/07/2026,14:51:34,23.3,44.0
08/07/2026,14:56:34,23.4,43.9
08/07/2026,15:01:34,23.5,43.9
08/07/2026,15:06:34,23.5,43.9
08/07/2026,15:11:34,23.5,43.8
08/07/2026,15:16:34,23.6,43.7
08/07/2026,15:21:34,23.7,43.7
08/07/2026,15:26:34,23.7,43.6
08/07/2026,15:31:34,23.8,43.6
08/07/2026,15:36:34,23.8,43.6
08/07/2026,15:41:34,23.9,43.7
08/07/2026,15:46:34,23.9,43.6
08/07/2026,15:51:34,23.9,43.7
08/07/2026,15:56:34,24.0,43.7
08/07/2026,16:01:34,24.0,43.7
08/07/2026,16:06:34,24.1,43.6
08/07/2026,16:11:34,24.1,43.6
08/07/2026,16:16:34,24.1,43.5
08/07/2026,16:21:34,24.1,43.5
08/07/2026,16:26:34,24.2,43.5
08/07/2026,16:31:34,24.2,43.4
08/07/2026,16:36:34,24.2,43.5
08/07/2026,16:41:34,24.2,43.4
08/07/2026,16:46:34,24.3,43.3
08/07/2026,16:51:34,24.3,43.4
08/07/2026,16:56:34,24.3,43.4
08/07/2026,17:01:34,24.3,43.3
08/07/2026,17:06:34,24.3,43.3
08/07/2026,17:11:34,24.4,43.3
08/07/2026,17:16:34,24.4,43.3
08/07/2026,17:21:34,24.4,43.2
08/07/2026,17:26:34,24.5,43.2
08/07/2026,17:31:34,24.5,43.3
08/07/2026,17:36:34,24.5,43.3
08/07/2026,17:41:34,24.5,43.1
08/07/2026,17:46:34,24.5,42.9
08/07/2026,17:51:34,24.5,42.7
08/07/2026,17:56:34,24.6,42.7
08/07/2026,18:01:34,24.6,42.8
08/07/2026,18:06:34,24.7,42.8
08/07/2026,18:11:34,24.7,42.8
08/07/2026,18:16:34,24.8,42.7
08/07/2026,18:21:34,24.9,42.7
08/07/2026,18:26:34,25.0,42.6
08/07/2026,18:31:34,25.1,42.5
08/07/2026,18:36:34,25.2,42.3
08/07/2026,18:41:34,25.2,42.4
08/07/2026,18:46:34,25.1,42.3
08/07/2026,18:51:34,25.1,42.2
08/07/2026,18:56:34,25.1,41.9
08/07/2026,19:01:34,25.1,41.7
08/07/2026,19:06:34,25.1,41.7
08/07/2026,19:11:34,25.1,41.8
08/07/2026,19:16:34,25.0,41.7
08/07/2026,19:21:34,25.0,41.8
08/07/2026,19:26:34,25.0,41.9
08/07/2026,19:31:34,25.0,41.9
08/07/2026,19:36:34,25.0,41.9
08/07/2026,19:41:34,25.0,41.9
08/07/2026,19:46:34,25.0,42.0
08/07/2026,19:51:34,25.0,41.9
08/07/2026,19:56:34,25.0,41.8
08/07/2026,20:01:34,25.0,41.9
08/07/2026,20:06:34,25.0,41.7
08/07/2026,20:11:34,25.0,41.4
08/07/2026,20:16:34,25.0,40.7
08/07/2026,20:21:34,24.9,40.5
08/07/2026,20:26:34,24.9,40.5
08/07/2026,20:31:34,24.9,40.4
08/07/2026,20:36:34,24.9,40.3
08/07/2026,20:41:34,24.8,39.9
08/07/2026,20:46:34,24.8,39.8
08/07/2026,20:51:34,24.8,39.6
08/07/2026,20:56:34,24.7,39.4
08/07/2026,21:01:34,24.7,39.4
08/07/2026,21:06:34,24.7,39.3
08/07/2026,21:11:34,24.6,39.0
08/07/2026,21:16:34,24.6,38.8
08/07/2026,21:21:34,24.6,38.8
08/07/2026,21:26:34,24.6,38.6
08/07/2026,21:31:34,24.5,38.6
08/07/2026,21:36:34,24.5,38.4
08/07/2026,21:41:34,24.5,38.3
08/07/2026,21:46:34,24.4,38.2
08/07/2026,21:51:34,24.4,38.1
08/07/2026,21:56:34,24.4,38.0
08/07/2026,22:01:34,24.3,37.9
08/07/2026,22:06:34,24.3,37.9
08/07/2026,22:11:34,24.3,37.8
08/07/2026,22:16:34,24.2,37.8
08/07/2026,22:21:34,24.2,37.7
08/07/2026,22:26:34,24.2,37.7
08/07/2026,22:31:34,24.1,37.6
08/07/2026,22:36:34,24.1,37.7
08/07/2026,22:41:34,24.0,37.6
08/07/2026,22:46:34,24.0,37.7
08/07/2026,22:51:34,24.0,37.7
08/07/2026,22:56:34,24.0,37.8
08/07/2026,23:01:34,23.9,37.9
08/07/2026,23:06:34,23.9,38.0
08/07/2026,23:11:34,23.9,38.0
08/07/2026,23:16:34,23.9,38.1
08/07/2026,23:21:34,23.8,38.3
08/07/2026,23:26:34,23.8,38.4
08/07/2026,23:31:34,23.8,38.5
08/07/2026,23:36:34,23.7,38.6
08/07/2026,23:41:34,23.7,38.8
08/07/2026,23:46:34,23.7,38.8
08/07/2026,23:51:34,23.7,39.0
08/07/2026,23:56:34,23.7,39.1
08/08/2026,00:01:34,23.7,39.2
08/08/2026,00:06:34,23.7,39.4
08/08/2026,00:11:34,23.6,39.6
08/08/2026,00:16:34,23.6,39.7
08/08/2026,00:21:34,23.6,39.9
08/08/2026,00:26:34,23.6,40.0
08/08/2026,00:31:34,23.6,40.1
08/08/2026,00:36:34,23.6,40.1
08/08/2026,00:41:34,23.6,40.4
08/08/2026,00:46:34,23.6,40.6
08/08/2026,00:51:34,23.6,40.7
08/08/2026,00:56:34,23.6,40.8
08/08/2026,01:01:34,23.6,41.0
08/08/2026,01:06:34,23.5,41.1
08/08/2026,01:11:34,23.5,41.1
08/08/2026,01:16:34,23.6,41.3
08/08/2026,01:21:34,23.5,41.4
08/08/2026,01:26:34,23.5,41.5
08/08/2026,01:31:34,23.5,41.6
08/08/2026,01:36:34,23.5,41.7
08/08/2026,01:41:34,23.5,41.7
08/08/2026,01:46:34,23.5,41.9
08/08/2026,01:51:34,23.5,42.0
08/08/2026,01:56:34,23.4,42.1
08/08/2026,02:01:34,23.4,42.2
08/08/2026,02:06:34,23.4,42.3
08/08/2026,02:11:34,23.4,42.4
08/08/2026,02:16:34,23.4,42.5
08/08/2026,02:21:34,23.4,42.5
08/08/2026,02:26:34,23.4,42.6
08/08/2026,02:31:34,23.3,42.7
08/08/2026,02:36:34,23.3,42.8
08/08/2026,02:41:34,23.3,42.9
08/08/2026,02:46:34,23.3,42.9
08/08/2026,02:51:34,23.3,42.9
08/08/2026,02:56:34,23.3,43.0
08/08/2026,03:01:34,23.2,43.0
08/08/2026,03:06:34,23.2,43.1
08/08/2026,03:11:34,23.2,43.1
08/08/2026,03:16:34,23.2,43.1
08/08/2026,03:21:34,23.2,43.2
08/08/2026,03:26:34,23.2,43.2
08/08/2026,03:31:34,23.1,43.3
08/08/2026,03:36:34,23.1,43.3
08/08/2026,03:41:34,23.1,43.3
08/08/2026,03:46:34,23.1,43.3
08/08/2026,03:51:34,23.1,43.3
08/08/2026,03:56:34,23.1,43.4
08/08/2026,04:01:34,23.0,43.4
08/08/2026,04:06:34,23.0,43.4
08/08/2026,04:11:34,23.0,43.5
08/08/2026,04:16:34,23.0,43.5
08/08/2026,04:21:34,22.9,43.5
08/08/2026,04:26:34,23.0,43.4
08/08/2026,04:31:34,22.9,43.5
08/08/2026,04:36:34,22.9,43.6
08/08/2026,04:41:34,22.9,43.6
08/08/2026,04:46:34,22.9,43.6
08/08/2026,04:51:34,22.9,43.6
08/08/2026,04:56:34,22.8,43.6
08/08/2026,05:01:34,22.8,43.6
08/08/2026,05:06:34,22.8,43.7
08/08/2026,05:11:34,22.7,43.7
08/08/2026,05:16:34,22.7,43.7
08/08/2026,05:21:34,22.7,43.7
08/08/2026,05:26:34,22.7,43.7
08/08/2026,05:31:34,22.7,43.7
08/08/2026,05:36:34,22.7,43.7
08/08/2026,05:41:34,22.6,43.7
08/08/2026,05:46:34,22.6,43.7
08/08/2026,05:51:34,22.6,43.7
08/08/2026,05:56:34,22.6,43.6
08/08/2026,06:01:34,22.6,43.6
08/08/2026,06:06:34,22.6,43.6
08/08/2026,06:11:34,22.5,43.6
08/08/2026,06:16:34,22.5,43.6
08/08/2026,06:21:34,22.5,43.6
08/08/2026,06:26:34,22.5,43.6
08/08/2026,06:31:34,22.5,43.6
08/08/2026,06:36:34,22.5,43.5
08/08/2026,06:41:34,22.5,43.5
08/08/2026,06:46:34,22.5,43.5
08/08/2026,06:51:34,22.5,43.4
08/08/2026,06:56:34,22.5,43.4
08/08/2026,07:01:34,22.5,43.3
08/08/2026,07:06:34,22.5,43.3
08/08/2026,07:11:34,22.5,43.3
08/08/2026,07:16:34,22.5,43.4
08/08/2026,07:21:34,22.6,43.3
08/08/2026,07:26:34,22.6,43.3
08/08/2026,07:31:34,22.6,43.3
08/08/2026,07:36:34,22.6,43.3
08/08/2026,07:41:34,22.6,43.3
08/08/2026,07:46:34,22.6,43.3
08/08/2026,07:51:34,22.6,43.3
08/08/2026,07:56:34,22.7,43.3
08/08/2026,08:01:34,22.7,43.3
08/08/2026,08:06:34,22.7,43.3
08/08/2026,08:11:34,22.7,43.2
08/08/2026,08:16:34,22.7,43.3
08/08/2026,08:21:34,22.8,43.4
08/08/2026,08:26:34,22.7,43.3
08/08/2026,08:31:34,22.8,43.2
08/08/2026,08:36:34,22.8,43.2
08/08/2026,08:41:34,22.8,43.4
08/08/2026,08:46:34,22.9,43.3
08/08/2026,08:51:34,22.9,43.3
08/08/2026,08:56:34,22.9,43.3
08/08/2026,09:01:34,22.9,43.3
08/08/2026,09:06:34,22.9,43.3
08/08/2026,09:11:34,23.0,43.3
08/08/2026,09:16:34,23.0,43.3
08/08/2026,09:21:34,23.0,43.4
08/08/2026,09:26:34,23.0,43.3
08/08/2026,09:31:34,23.0,43.3
08/08/2026,09:36:34,23.1,43.3
08/08/2026,09:41:34,23.1,43.4
08/08/2026,09:46:34,23.1,43.3
08/08/2026,09:51:34,23.2,43.2
08/08/2026,09:56:34,23.3,43.1
08/08/2026,10:01:34,23.3,43.1
08/08/2026,10:06:34,23.3,43.0
08/08/2026,10:11:34,23.4,42.9
08/08/2026,10:16:34,23.4,42.9
08/08/2026,10:21:34,23.4,43.0
08/08/2026,10:26:34,23.5,43.0
08/08/2026,10:31:34,23.5,43.0
08/08/2026,10:36:34,23.6,42.9
08/08/2026,10:41:34,23.6,42.8
08/08/2026,10:46:34,23.6,42.7
08/08/2026,10:51:34,23.6,42.6
08/08/2026,10:56:34,23.6,42.7
08/08/2026,11:01:34,23.6,42.5
08/08/2026,11:06:34,23.7,42.3
08/08/2026,11:11:34,23.7,42.2
08/08/2026,11:16:34,23.7,42.0
08/08/2026,11:21:34,23.7,41.9
08/08/2026,11:26:34,23.7,41.8
08/08/2026,11:31:34,23.8,41.7
08/08/2026,11:36:34,23.8,41.6
08/08/2026,11:41:34,23.8,41.5
08/08/2026,11:46:34,23.8,41.4
08/08/2026,11:51:34,23.8,41.2
08/08/2026,11:56:34,23.9,41.1
08/08/2026,12:01:34,23.9,41.0
08/08/2026,12:06:34,23.9,41.1
08/08/2026,12:11:34,23.9,41.4
08/08/2026,12:16:34,24.0,41.5
08/08/2026,12:21:34,24.0,41.6
08/08/2026,12:26:34,24.1,42.1
08/08/2026,12:31:34,24.2,42.2
08/08/2026,12:36:34,24.3,42.3
08/08/2026,12:41:34,24.3,42.5
08/08/2026,12:46:34,24.4,42.8
08/08/2026,12:51:34,24.5,42.9
08/08/2026,12:56:34,24.5,43.0
08/08/2026,13:01:34,24.6,43.1
08/08/2026,13:06:34,24.7,43.4
08/08/2026,13:11:34,24.8,43.2
08/08/2026,13:16:34,24.9,42.9
08/08/2026,13:21:34,24.9,42.5
08/08/2026,13:26:34,24.9,42.3
08/08/2026,13:31:34,24.9,42.0
08/08/2026,13:36:34,25.0,41.9
08/08/2026,13:41:34,25.0,41.7
08/08/2026,13:46:34,25.0,41.5
08/08/2026,13:51:34,25.0,41.4
08/08/2026,13:56:34,25.0,41.0
08/08/2026,14:01:34,25.1,40.8
08/08/2026,14:06:34,25.1,40.7
08/08/2026,14:11:34,25.1,40.8
08/08/2026,14:16:34,25.1,40.7
08/08/2026,14:21:34,25.2,40.6
08/08/2026,14:26:34,25.2,40.6
08/08/2026,14:31:34,25.3,40.6
08/08/2026,14:36:34,25.3,40.6
08/08/2026,14:41:34,25.3,40.7
08/08/2026,14:46:34,25.4,40.7
08/08/2026,14:51:34,25.5,40.8
08/08/2026,14:56:34,25.5,41.0
08/08/2026,15:01:34,25.6,41.3
08/08/2026,15:06:34,25.7,41.3
08/08/2026,15:11:34,25.7,41.3
08/08/2026,15:16:34,25.8,41.1
08/08/2026,15:21:34,25.8,40.8
08/08/2026,15:26:34,25.9,40.7
08/08/2026,15:31:34,25.9,40.5
08/08/2026,15:36:34,25.9,40.3
08/08/2026,15:41:34,26.0,40.5
08/08/2026,15:46:34,26.0,40.4
08/08/2026,15:51:34,26.0,40.0
08/08/2026,15:56:34,26.0,40.0
08/08/2026,16:01:34,26.1,39.9
08/08/2026,16:06:34,26.1,39.6
08/08/2026,16:11:34,26.1,39.6
08/08/2026,16:16:34,26.2,39.3
08/08/2026,16:21:34,26.2,39.0
08/08/2026,16:26:34,26.2,38.9
08/08/2026,16:31:34,26.2,39.2
08/08/2026,16:36:34,26.2,38.7
08/08/2026,16:41:34,26.2,38.5
08/08/2026,16:46:34,26.3,38.4
08/08/2026,16:51:34,26.3,38.9
08/08/2026,16:56:34,26.3,38.8
08/08/2026,17:01:34,26.3,38.6
08/08/2026,17:06:34,26.3,38.4
08/08/2026,17:11:34,26.3,38.5
08/08/2026,17:16:34,26.3,38.3
08/08/2026,17:21:34,26.4,38.5
08/08/2026,17:26:34,26.4,38.5
08/08/2026,17:31:34,26.4,38.0
08/08/2026,17:36:34,26.4,37.7
08/08/2026,17:41:34,26.5,37.4
08/08/2026,17:46:34,26.5,37.2
08/08/2026,17:51:34,26.5,36.9
08/08/2026,17:56:34,26.5,36.7
08/08/2026,18:01:34,26.5,36.5
08/08/2026,18:06:34,26.6,36.3
08/08/2026,18:11:34,26.6,36.3
08/08/2026,18:16:34,26.7,36.6
08/08/2026,18:21:34,26.7,36.7
08/08/2026,18:26:34,26.7,36.7
08/08/2026,18:31:34,26.8,36.5
08/08/2026,18:36:34,26.8,36.5
08/08/2026,18:41:34,26.8,36.3
08/08/2026,18:46:34,26.8,36.5
08/08/2026,18:51:34,26.8,36.7
08/08/2026,18:56:34,26.9,36.8
08/08/2026,19:01:34,26.9,36.7
08/08/2026,19:06:34,26.8,36.8
08/08/2026,19:11:34,26.8,37.0
08/08/2026,19:16:34,26.8,37.0
08/08/2026,19:21:34,26.7,37.1
08/08/2026,19:26:34,26.7,37.2
08/08/2026,19:31:34,26.6,37.3
08/08/2026,19:36:34,26.6,37.4
08/08/2026,19:41:34,26.5,37.4
08/08/2026,19:46:34,26.5,37.6
08/08/2026,19:51:34,26.5,37.7
08/08/2026,19:56:34,26.4,37.8
08/08/2026,20:01:34,26.4,37.9
08/08/2026,20:06:34,26.4,38.1
08/08/2026,20:11:34,26.4,38.2
08/08/2026,20:16:34,26.3,38.3
08/08/2026,20:21:34,26.3,38.4
08/08/2026,20:26:34,26.3,38.4
08/08/2026,20:31:34,26.2,38.5
08/08/2026,20:36:34,26.3,38.7
08/08/2026,20:41:34,26.2,38.7
08/08/2026,20:46:34,26.2,38.8
08/08/2026,20:51:34,26.2,38.8
08/08/2026,20:56:34,26.2,38.8
08/08/2026,21:01:34,26.2,38.8
08/08/2026,21:06:34,26.2,38.9
08/08/2026,21:11:34,26.2,39.0
08/08/2026,21:16:34,26.2,39.0
08/08/2026,21:21:34,26.2,39.1
08/08/2026,21:26:34,26.1,39.1
08/08/2026,21:31:34,26.1,39.2
08/08/2026,21:36:34,26.1,39.3
08/08/2026,21:41:34,26.1,39.3
08/08/2026,21:46:34,26.1,39.3
08/08/2026,21:51:34,26.1,39.3
08/08/2026,21:56:34,26.0,39.4
08/08/2026,22:01:34,26.0,39.4
08/08/2026,22:06:34,26.0,39.4
08/08/2026,22:11:34,26.0,39.5
08/08/2026,22:16:34,26.0,39.5
08/08/2026,22:21:34,26.0,39.5
08/08/2026,22:26:34,26.0,39.6
08/08/2026,22:31:34,25.9,39.7
08/08/2026,22:36:34,25.9,39.7
08/08/2026,22:41:34,25.9,39.7
08/08/2026,22:46:34,25.9,39.8
08/08/2026,22:51:34,25.9,39.8
08/08/2026,22:56:34,25.8,39.8
08/08/2026,23:01:34,25.8,39.8
08/08/2026,23:06:34,25.8,39.9
08/08/2026,23:11:34,25.8,39.9
08/08/2026,23:16:34,25.8,40.0
08/08/2026,23:21:34,25.8,40.0
08/08/2026,23:26:34,25.7,40.0
08/08/2026,23:31:34,25.7,40.0
08/08/2026,23:36:34,25.7,40.1
08/08/2026,23:41:34,25.7,40.2
08/08/2026,23:46:34,25.7,40.2
08/08/2026,23:51:34,25.7,40.2
08/08/2026,23:56:34,25.7,40.2
08/09/2026,00:01:34,25.6,40.2
08/09/2026,00:06:34,25.6,40.3
08/09/2026,00:11:34,25.6,40.3
08/09/2026,00:16:34,25.6,40.4
08/09/2026,00:21:34,25.6,40.4
08/09/2026,00:26:34,25.6,40.4
08/09/2026,00:31:34,25.6,40.5
08/09/2026,00:36:34,25.5,40.5
08/09/2026,00:41:34,25.5,40.5
08/09/2026,00:46:34,25.5,40.5
08/09/2026,00:51:34,25.5,40.5
08/09/2026,00:56:34,25.5,40.6
08/09/2026,01:01:34,25.4,40.6
08/09/2026,01:06:34,25.5,40.6
08/09/2026,01:11:34,25.4,40.6
08/09/2026,01:16:34,25.4,40.7
08/09/2026,01:21:34,25.4,40.7
08/09/2026,01:26:34,25.4,40.7
08/09/2026,01:31:34,25.3,40.8
08/09/2026,01:36:34,25.3,40.8
08/09/2026,01:41:34,25.3,40.8
08/09/2026,01:46:34,25.3,40.8
08/09/2026,01:51:34,25.3,40.9
08/09/2026,01:56:34,25.3,40.9
08/09/2026,02:01:34,25.3,40.9
08/09/2026,02:06:34,25.3,40.9
08/09/2026,02:11:34,25.2,40.9
08/09/2026,02:16:34,25.2,40.9
08/09/2026,02:21:34,25.2,40.9
08/09/2026,02:26:34,25.2,41.0
08/09/2026,02:31:34,25.2,41.0
08/09/2026,02:36:34,25.1,41.0
08/09/2026,02:41:34,25.1,41.0
08/09/2026,02:46:34,25.1,41.1
08/09/2026,02:51:34,25.1,41.1
08/09/2026,02:56:34,25.1,41.1
08/09/2026,03:01:34,25.1,41.1
08/09/2026,03:06:34,25.0,41.1
08/09/2026,03:11:34,25.0,41.1
08/09/2026,03:16:34,25.0,41.1
08/09/2026,03:21:34,25.0,41.1
08/09/2026,03:26:34,25.0,41.2
08/09/2026,03:31:34,24.9,41.1
08/09/2026,03:36:34,24.9,41.2
08/09/2026,03:41:34,24.9,41.1
08/09/2026,03:46:34,24.9,41.2
08/09/2026,03:51:34,24.8,41.1
08/09/2026,03:56:34,24.8,41.2
08/09/2026,04:01:34,24.8,41.2
08/09/2026,04:06:34,24.8,41.1
08/09/2026,04:11:34,24.8,41.2
08/09/2026,04:16:34,24.8,41.2
08/09/2026,04:21:34,24.7,41.1
08/09/2026,04:26:34,24.7,41.2
08/09/2026,04:31:34,24.7,41.2
08/09/2026,04:36:34,24.7,41.2
08/09/2026,04:41:34,24.7,41.2
08/09/2026,04:46:34,24.6,41.1
08/09/2026,04:51:34,24.6,41.2
08/09/2026,04:56:34,24.6,41.1
08/09/2026,05:01:34,24.6,41.2
08/09/2026,05:06:34,24.6,41.1
08/09/2026,05:11:34,24.6,41.1
08/09/2026,05:16:34,24.5,41.1
08/09/2026,05:21:34,24.5,41.1
08/09/2026,05:26:34,24.5,41.2
08/09/2026,05:31:34,24.5,41.1
08/09/2026,05:36:34,24.5,41.2
08/09/2026,05:41:34,24.5,41.2
08/09/2026,05:46:34,24.5,41.2
08/09/2026,05:51:34,24.4,41.1
08/09/2026,05:56:34,24.4,41.2
08/09/2026,06:01:34,24.4,41.2
08/09/2026,06:06:34,24.3,41.2
08/09/2026,06:11:34,24.3,41.1
08/09/2026,06:16:34,24.3,41.2
08/09/2026,06:21:34,24.3,41.2
08/09/2026,06:26:34,24.3,41.2
08/09/2026,06:31:34,24.3,41.1
08/09/2026,06:36:34,24.3,41.2
08/09/2026,06:41:34,24.2,41.2
08/09/2026,06:46:34,24.2,41.2
08/09/2026,06:51:34,24.2,41.2
08/09/2026,06:56:34,24.2,41.2
08/09/2026,07:01:34,24.2,41.3
08/09/2026,07:06:34,24.2,41.3
08/09/2026,07:11:34,24.2,41.2
08/09/2026,07:16:34,24.2,41.3
08/09/2026,07:21:34,24.2,41.3
08/09/2026,07:26:34,24.2,41.3
08/09/2026,07:31:34,24.2,41.4
08/09/2026,07:36:34,24.2,41.5
08/09/2026,07:41:34,24.1,41.5
08/09/2026,07:46:34,24.1,41.6
08/09/2026,07:51:34,24.1,41.7
08/09/2026,07:56:34,24.1,41.7
08/09/2026,08:01:34,24.1,41.8
08/09/2026,08:06:34,24.1,41.9
08/09/2026,08:11:34,24.1,42.1
08/09/2026,08:16:34,24.2,42.3
08/09/2026,08:21:34,24.2,42.6
08/09/2026,08:26:34,24.3,42.7
08/09/2026,08:31:34,24.3,42.9
08/09/2026,08:36:34,24.4,42.9
08/09/2026,08:41:34,24.5,43.1
08/09/2026,08:46:34,24.5,43.2
08/09/2026,08:51:34,24.6,43.3
08/09/2026,08:56:34,24.6,43.5
08/09/2026,09:01:34,24.7,43.5
08/09/2026,09:06:34,24.7,43.5
08/09/2026,09:11:34,24.8,43.1
08/09/2026,09:16:34,24.8,42.9
08/09/2026,09:21:34,24.8,42.4
08/09/2026,09:26:34,24.8,42.6
08/09/2026,09:31:34,24.8,42.7
08/09/2026,09:36:34,24.9,42.7
08/09/2026,09:41:34,25.0,42.5
08/09/2026,09:46:34,25.0,42.6
08/09/2026,09:51:34,25.1,42.5
08/09/2026,09:56:34,25.2,42.5
08/09/2026,10:01:34,25.3,42.7
08/09/2026,10:06:34,25.3,42.4
08/09/2026,10:11:34,25.4,41.9
08/09/2026,10:16:34,25.5,41.4
08/09/2026,10:21:34,25.6,41.8
08/09/2026,10:26:34,25.7,41.5
08/09/2026,10:31:34,25.8,41.8
08/09/2026,10:36:34,25.9,41.5
08/09/2026,10:41:34,25.9,40.8
08/09/2026,10:46:34,26.0,40.9
08/09/2026,10:51:34,26.0,41.3
08/09/2026,10:56:34,26.0,39.9
08/09/2026,11:01:34,26.0,39.4
08/09/2026,11:06:34,26.0,38.6
08/09/2026,11:11:34,26.0,38.8
08/09/2026,11:16:34,26.0,38.5
08/09/2026,11:21:34,26.0,39.6
08/09/2026,11:26:34,26.1,37.8
08/09/2026,11:31:34,26.1,38.8
08/09/2026,11:36:34,26.2,38.2
08/09/2026,11:41:34,26.2,38.2
08/09/2026,11:46:34,26.3,38.5
08/09/2026,11:51:34,26.4,37.6
08/09/2026,11:56:34,26.4,38.5
08/09/2026,12:01:34,26.5,38.6
08/09/2026,12:06:34,26.6,39.2
08/09/2026,12:11:34,26.6,38.6
08/09/2026,12:16:34,26.6,37.7
08/09/2026,12:21:34,26.8,38.0
08/09/2026,12:26:34,26.8,38.6
08/09/2026,12:31:34,26.9,37.9
08/09/2026,12:36:34,27.0,37.9
08/09/2026,12:41:34,27.0,37.9
08/09/2026,12:46:34,27.0,38.1
08/09/2026,12:51:34,27.1,37.5
08/09/2026,12:56:34,27.1,37.4
08/09/2026,13:01:34,27.1,37.5
08/09/2026,13:06:34,27.1,37.2
08/09/2026,13:11:34,27.2,36.5
08/09/2026,13:16:34,27.2,36.0
08/09/2026,13:21:34,27.2,35.5
08/09/2026,13:26:34,27.3,35.5
08/09/2026,13:31:34,27.3,34.9
08/09/2026,13:36:34,27.3,35.1
08/09/2026,13:41:34,27.4,34.7
08/09/2026,13:46:34,27.4,34.5
08/09/2026,13:51:34,27.4,34.3
08/09/2026,13:56:34,27.5,34.4
08/09/2026,14:01:34,27.6,34.2
08/09/2026,14:06:34,27.7,34.2
08/09/2026,14:11:34,27.7,34.4
08/09/2026,14:16:34,27.8,34.2
08/09/2026,14:21:34,27.9,33.8
08/09/2026,14:26:34,27.9,33.9
08/09/2026,14:31:34,27.9,33.8
08/09/2026,14:36:34,28.0,33.7
08/09/2026,14:41:34,28.0,33.5
08/09/2026,14:46:34,28.0,33.3
08/09/2026,14:51:34,28.1,33.3
08/09/2026,14:56:34,28.1,32.9
08/09/2026,15:01:34,28.2,32.7
08/09/2026,15:06:34,28.3,32.6
08/09/2026,15:11:34,28.3,32.3
08/09/2026,15:16:34,28.4,32.5
08/09/2026,15:21:34,28.4,32.4
08/09/2026,15:26:34,28.4,32.4
08/09/2026,15:31:34,28.4,32.3
08/09/2026,15:36:34,28.4,32.6
08/09/2026,15:41:34,28.4,32.7
08/09/2026,15:46:34,28.4,32.5
08/09/2026,15:51:34,28.4,32.3
08/09/2026,15:56:34,28.4,33.1
08/09/2026,16:01:34,28.4,33.7
08/09/2026,16:06:34,28.4,33.2
08/09/2026,16:11:34,28.4,33.5
08/09/2026,16:16:34,28.4,34.3
08/09/2026,16:21:34,28.3,34.3
08/09/2026,16:26:34,28.3,34.4
08/09/2026,16:31:34,28.3,33.9
08/09/2026,16:36:34,28.3,34.0
08/09/2026,16:41:34,28.3,34.1
08/09/2026,16:46:34,28.3,33.8
08/09/2026,16:51:34,28.3,33.7
08/09/2026,16:56:34,28.2,33.7
08/09/2026,17:01:34,28.3,33.7
08/09/2026,17:06:34,28.2,33.8
08/09/2026,17:11:34,28.2,33.8
08/09/2026,17:16:34,28.2,34.2
08/09/2026,17:21:34,28.2,34.3
08/09/2026,17:26:34,28.2,34.2
08/09/2026,17:31:34,28.2,34.2
08/09/2026,17:36:34,28.3,34.2
08/09/2026,17:41:34,28.3,34.1
08/09/2026,17:46:34,28.3,34.1
08/09/2026,17:51:34,28.3,34.3
08/09/2026,17:56:34,28.3,34.3
08/09/2026,18:01:34,28.3,34.4
08/09/2026,18:06:34,28.3,34.4
08/09/2026,18:11:34,28.3,34.6
08/09/2026,18:16:34,28.4,35.1
08/09/2026,18:21:34,28.4,35.4
08/09/2026,18:26:34,28.5,35.9
08/09/2026,18:31:34,28.5,36.2
08/09/2026,18:36:34,28.6,36.2
08/09/2026,18:41:34,28.6,36.3
08/09/2026,18:46:34,28.5,36.5
08/09/2026,18:51:34,28.5,36.4
08/09/2026,18:56:34,28.5,36.4
08/09/2026,19:01:34,28.5,36.3
08/09/2026,19:06:34,28.4,36.3
08/09/2026,19:11:34,28.4,36.5
08/09/2026,19:16:34,28.4,36.4
08/09/2026,19:21:34,28.4,36.5
08/09/2026,19:26:34,28.3,36.6
08/09/2026,19:31:34,28.3,36.7
08/09/2026,19:36:34,28.3,36.7
08/09/2026,19:41:34,28.2,36.7
08/09/2026,19:46:34,28.2,36.9
08/09/2026,19:51:34,28.2,37.0
08/09/2026,19:56:34,28.2,36.9
08/09/2026,20:01:34,28.1,37.1
08/09/2026,20:06:34,28.1,37.0
08/09/2026,20:11:34,28.1,37.1
08/09/2026,20:16:34,28.1,37.2
08/09/2026,20:21:34,28.1,37.2
08/09/2026,20:26:34,28.0,37.3
08/09/2026,20:31:34,28.0,37.3
08/09/2026,20:36:34,28.0,37.3
08/09/2026,20:41:34,28.0,37.5
08/09/2026,20:46:34,28.0,37.6
08/09/2026,20:51:34,27.9,37.7
08/09/2026,20:56:34,27.9,37.7
08/09/2026,21:01:34,27.9,37.7
08/09/2026,21:06:34,27.9,37.8
08/09/2026,21:11:34,27.9,37.9
08/09/2026,21:16:34,27.8,37.9
08/09/2026,21:21:34,27.8,37.9
08/09/2026,21:26:34,27.8,37.8
08/09/2026,21:31:34,27.8,37.9
08/09/2026,21:36:34,27.8,37.8
08/09/2026,21:41:34,27.7,37.9
08/09/2026,21:46:34,27.7,37.8
08/09/2026,21:51:34,27.7,37.7
08/09/2026,21:56:34,27.7,37.7
08/09/2026,22:01:34,27.7,37.7
08/09/2026,22:06:34,27.6,37.6
08/09/2026,22:11:34,27.6,37.6
08/09/2026,22:16:34,27.6,37.7
08/09/2026,22:21:34,27.6,37.7
08/09/2026,22:26:34,27.6,37.7
08/09/2026,22:31:34,27.6,37.8
08/09/2026,22:36:34,27.5,37.9
08/09/2026,22:41:34,27.5,37.7
08/09/2026,22:46:34,27.5,37.8
08/09/2026,22:51:34,27.5,37.9
08/09/2026,22:56:34,27.5,37.9
08/09/2026,23:01:34,27.5,37.8
08/09/2026,23:06:34,27.4,37.8
08/09/2026,23:11:34,27.4,37.8
08/09/2026,23:16:34,27.4,37.9
08/09/2026,23:21:34,27.4,37.9
08/09/2026,23:26:34,27.4,37.9
08/09/2026,23:31:34,27.3,38.0
08/09/2026,23:36:34,27.3,38.0
08/09/2026,23:41:34,27.3,38.1
08/09/2026,23:46:34,27.3,38.1
08/09/2026,23:51:34,27.3,38.3
08/09/2026,23:56:34,27.2,38.3
08/10/2026,00:01:34,27.2,38.3
08/10/2026,00:06:34,27.2,38.5
08/10/2026,00:11:34,27.2,38.5
08/10/2026,00:16:34,27.2,38.5
08/10/2026,00:21:34,27.2,38.7
08/10/2026,00:26:34,27.2,38.6
08/10/2026,00:31:34,27.1,38.7
08/10/2026,00:36:34,27.1,38.7
08/10/2026,00:41:34,27.1,38.6
08/10/2026,00:46:34,27.1,38.6
08/10/2026,00:51:34,27.1,38.8
08/10/2026,00:56:34,27.0,38.7
08/10/2026,01:01:34,27.0,38.6
08/10/2026,01:06:34,27.0,38.5
08/10/2026,01:11:34,27.0,38.9
08/10/2026,01:16:34,27.0,38.6
08/10/2026,01:21:34,27.0,38.8
08/10/2026,01:26:34,27.0,38.7
08/10/2026,01:31:34,26.9,39.0
08/10/2026,01:36:34,26.9,39.0
08/10/2026,01:41:34,26.9,39.0
08/10/2026,01:46:34,26.9,39.1
08/10/2026,01:51:34,26.9,39.1
08/10/2026,01:56:34,26.9,39.2
08/10/2026,02:01:34,26.8,39.4
08/10/2026,02:06:34,26.8,39.3
08/10/2026,02:11:34,26.8,39.4
08/10/2026,02:16:34,26.8,39.3
08/10/2026,02:21:34,26.8,39.5
08/10/2026,02:26:34,26.7,39.5
08/10/2026,02:31:34,26.7,39.4
08/10/2026,02:36:34,26.7,39.5
08/10/2026,02:41:34,26.7,39.5
08/10/2026,02:46:34,26.7,39.6
08/10/2026,02:51:34,26.6,39.7
08/10/2026,02:56:34,26.6,39.6
08/10/2026,03:01:34,26.6,39.6
08/10/2026,03:06:34,26.6,39.7
08/10/2026,03:11:34,26.6,39.7
08/10/2026,03:16:34,26.5,39.6
08/10/2026,03:21:34,26.5,39.7
08/10/2026,03:26:34,26.5,39.8
08/10/2026,03:31:34,26.5,39.7
08/10/2026,03:36:34,26.5,39.6
08/10/2026,03:41:34,26.5,39.8
08/10/2026,03:46:34,26.4,39.7
08/10/2026,03:51:34,26.4,39.8
08/10/2026,03:56:34,26.4,39.7
08/10/2026,04:01:34,26.4,39.8
08/10/2026,04:06:34,26.4,39.8
08/10/2026,04:11:34,26.3,39.7
08/10/2026,04:16:34,26.3,39.8
08/10/2026,04:21:34,26.3,39.8
08/10/2026,04:26:34,26.3,39.8
08/10/2026,04:31:34,26.3,39.7
08/10/2026,04:36:34,26.2,39.7
08/10/2026,04:41:34,26.2,39.8
08/10/2026,04:46:34,26.2,39.7
08/10/2026,04:51:34,26.2,39.9
08/10/2026,04:56:34,26.2,39.8
08/10/2026,05:01:34,26.2,39.8
08/10/2026,05:06:34,26.1,39.7
08/10/2026,05:11:34,26.1,39.8
08/10/2026,05:16:34,26.1,39.8
08/10/2026,05:21:34,26.1,39.8
08/10/2026,05:26:34,26.1,39.9
08/10/2026,05:31:34,26.0,39.9
08/10/2026,05:36:34,26.0,40.0
08/10/2026,05:41:34,26.0,39.9
08/10/2026,05:46:34,26.0,40.2
08/10/2026,05:51:34,26.0,40.0
08/10/2026,05:56:34,25.9,40.0
08/10/2026,06:01:34,25.9,40.1
08/10/2026,06:06:34,25.9,40.1
08/10/2026,06:11:34,25.9,40.1
08/10/2026,06:16:34,25.9,40.2
08/10/2026,06:21:34,25.9,40.2
08/10/2026,06:26:34,25.9,40.2
08/10/2026,06:31:34,25.8,40.3
08/10/2026,06:36:34,25.8,40.3
08/10/2026,06:41:34,25.8,40.6
08/10/2026,06:46:34,25.8,40.6
08/10/2026,06:51:34,25.8,40.6
08/10/2026,06:56:34,25.8,40.5
08/10/2026,07:01:34,25.8,40.6
08/10/2026,07:06:34,25.8,40.7
08/10/2026,07:11:34,25.8,40.7
08/10/2026,07:16:34,25.7,40.8
08/10/2026,07:21:34,25.8,40.7
08/10/2026,07:26:34,25.8,40.8
08/10/2026,07:31:34,25.8,40.8
08/10/2026,07:36:34,25.8,40.9
08/10/2026,07:41:34,25.8,41.1
08/10/2026,07:46:34,25.7,41.2
08/10/2026,07:51:34,25.7,41.3
08/10/2026,07:56:34,25.7,41.3
08/10/2026,08:01:34,25.7,41.4
08/10/2026,08:06:34,25.7,41.4
08/10/2026,08:11:34,25.7,41.4
08/10/2026,08:16:34,25.7,41.5
08/10/2026,08:21:34,25.7,41.3
08/10/2026,08:26:34,25.7,41.3
08/10/2026,08:31:34,25.7,41.3
08/10/2026,08:36:34,25.7,41.3
08/10/2026,08:41:34,25.7,41.3
08/10/2026,08:46:34,25.7,41.5
08/10/2026,08:51:34,25.7,41.5
08/10/2026,08:56:34,25.7,41.4
08/10/2026,09:01:34,25.7,41.5
08/10/2026,09:06:34,25.7,41.6
08/10/2026,09:11:34,25.7,41.6
08/10/2026,09:16:34,25.7,41.7
08/10/2026,09:21:34,25.7,41.7
08/10/2026,09:26:34,25.7,41.6
08/10/2026,09:31:34,25.7,41.8
08/10/2026,09:36:34,25.7,41.7
08/10/2026,09:41:34,25.8,41.8
08/10/2026,09:46:34,25.7,41.9
08/10/2026,09:51:34,25.8,41.8
08/10/2026,09:56:34,25.8,42.0
08/10/2026,10:01:34,25.8,41.8
08/10/2026,10:06:34,25.8,41.8
08/10/2026,10:11:34,25.8,41.8
08/10/2026,10:16:34,25.8,41.8
08/10/2026,10:21:34,25.8,41.8
08/10/2026,10:26:34,25.8,41.8
08/10/2026,10:31:34,25.8,41.7
08/10/2026,10:36:34,25.9,41.7
08/10/2026,10:41:34,25.9,41.7
08/10/2026,10:46:34,25.9,41.8
08/10/2026,10:51:34,25.9,41.7
08/10/2026,10:56:34,25.9,41.8
08/10/2026,11:01:34,25.9,41.8
08/10/2026,11:06:34,25.9,41.8
08/10/2026,11:11:34,26.0,41.8
08/10/2026,11:16:34,25.9,41.8
08/10/2026,11:21:34,26.0,41.8
08/10/2026,11:26:34,26.0,41.8
08/10/2026,11:31:34,26.0,41.7
08/10/2026,11:36:34,26.0,41.7
08/10/2026,11:41:34,26.0,41.7
08/10/2026,11:46:34,26.0,41.7
08/10/2026,11:51:34,26.0,41.7
08/10/2026,11:56:34,26.0,41.7
08/10/2026,12:01:34,26.0,41.7
08/10/2026,12:06:34,26.0,41.7
08/10/2026,12:11:34,26.0,41.7
08/10/2026,12:16:34,26.0,41.8
08/10/2026,12:21:34,26.0,41.7
08/10/2026,12:26:34,26.0,41.7
08/10/2026,12:31:34,26.0,41.7
08/10/2026,12:36:34,26.0,41.7
08/10/2026,12:41:34,26.1,41.7
08/10/2026,12:46:34,26.0,41.7
08/10/2026,12:51:34,26.1,41.7
08/10/2026,12:56:34,26.1,41.8
08/10/2026,13:01:34,26.1,41.9
08/10/2026,13:06:34,26.1,41.9
08/10/2026,13:11:34,26.1,41.9
08/10/2026,13:16:34,26.1,42.0
08/10/2026,13:21:34,26.2,41.8
08/10/2026,13:26:34,26.2,41.8
08/10/2026,13:31:34,26.2,41.8
08/10/2026,13:36:34,26.2,41.7
08/10/2026,13:41:34,26.2,41.7
08/10/2026,13:46:34,26.2,41.7
08/10/2026,13:51:34,26.3,41.7
08/10/2026,13:56:34,26.3,41.7
08/10/2026,14:01:34,26.3,41.8
08/10/2026,14:06:34,26.3,41.8
08/10/2026,14:11:34,26.4,41.7
08/10/2026,14:16:34,26.4,41.7
08/10/2026,14:21:34,26.4,41.6
08/10/2026,14:26:34,26.5,41.6
08/10/2026,14:31:34,26.5,41.7
08/10/2026,14:36:34,26.5,41.5
08/10/2026,14:41:34,26.6,41.5
08/10/2026,14:46:34,26.6,41.4
08/10/2026,14:51:34,26.6,41.4
08/10/2026,14:56:34,26.7,41.3
08/10/2026,15:01:34,26.8,41.6
08/10/2026,15:06:34,26.8,41.5
08/10/2026,15:11:34,26.8,41.2
08/10/2026,15:16:34,26.9,41.1
08/10/2026,15:21:34,26.9,41.1
08/10/2026,15:26:34,27.0,41.1
08/10/2026,15:31:34,27.0,41.0
08/10/2026,15:36:34,27.0,40.9
08/10/2026,15:41:34,27.1,40.9
08/10/2026,15:46:34,27.1,41.1
08/10/2026,15:51:34,27.1,40.9
08/10/2026,15:56:34,27.1,40.8
08/10/2026,16:01:34,27.1,40.8
08/10/2026,16:06:34,27.2,40.9
08/10/2026,16:11:34,27.2,40.6
08/10/2026,16:16:34,27.2,40.6
08/10/2026,16:21:34,27.2,40.4
08/10/2026,16:26:34,27.2,40.2
08/10/2026,16:31:34,27.2,40.2
08/10/2026,16:36:34,27.2,40.2
08/10/2026,16:41:34,27.2,40.1
08/10/2026,16:46:34,27.2,40.0
08/10/2026,16:51:34,27.2,39.9
08/10/2026,16:56:34,27.2,40.0
08/10/2026,17:01:34,27.3,39.9
08/10/2026,17:06:34,27.2,39.9
08/10/2026,17:11:34,27.3,39.9
08/10/2026,17:16:34,27.3,39.9
08/10/2026,17:21:34,27.3,39.8
08/10/2026,17:26:34,27.3,39.8
08/10/2026,17:31:34,27.3,39.9
08/10/2026,17:36:34,27.3,39.8
08/10/2026,17:41:34,27.3,39.8
08/10/2026,17:46:34,27.3,39.8
08/10/2026,17:51:34,27.3,39.7
08/10/2026,17:56:34,27.4,39.7
08/10/2026,18:01:34,27.4,39.7
08/10/2026,18:06:34,27.4,39.6
08/10/2026,18:11:34,27.4,40.1
08/10/2026,18:16:34,27.4,40.0
08/10/2026,18:21:34,27.4,40.0
08/10/2026,18:26:34,27.5,39.9
08/10/2026,18:31:34,27.6,40.3
08/10/2026,18:36:34,27.6,39.8
08/10/2026,18:41:34,27.6,39.7
08/10/2026,18:46:34,27.5,39.6
08/10/2026,18:51:34,27.5,39.6
08/10/2026,18:56:34,27.4,39.5
08/10/2026,19:01:34,27.4,39.5
08/10/2026,19:06:34,27.4,39.7
08/10/2026,19:11:34,27.3,39.7
08/10/2026,19:16:34,27.3,39.6
08/10/2026,19:21:34,27.3,39.5
08/10/2026,19:26:34,27.2,39.6
08/10/2026,19:31:34,27.2,39.5
08/10/2026,19:36:34,27.2,39.4
08/10/2026,19:41:34,27.2,39.4
08/10/2026,19:46:34,27.2,39.4
08/10/2026,19:51:34,27.1,39.4
08/10/2026,19:56:34,27.1,39.3
08/10/2026,20:01:34,27.1,39.3
08/10/2026,20:06:34,27.1,39.3
08/10/2026,20:11:34,27.1,39.3
08/10/2026,20:16:34,27.1,39.3
08/10/2026,20:21:34,27.1,39.3
08/10/2026,20:26:34,27.1,39.3
08/10/2026,20:31:34,27.0,39.4
08/10/2026,20:36:34,27.1,39.5
08/10/2026,20:41:34,27.0,39.4
08/10/2026,20:46:34,27.0,39.5
08/10/2026,20:51:34,27.0,39.5
08/10/2026,20:56:34,27.0,39.6
08/10/2026,21:01:34,27.0,39.5
08/10/2026,21:06:34,27.0,39.6
08/10/2026,21:11:34,26.9,39.6
08/10/2026,21:16:34,26.9,39.7
08/10/2026,21:21:34,26.9,39.8
08/10/2026,21:26:34,26.8,39.8
08/10/2026,21:31:34,26.8,39.8
08/10/2026,21:36:34,26.8,39.8
08/10/2026,21:41:34,26.8,39.9
08/10/2026,21:46:34,26.7,39.9
08/10/2026,21:51:34,26.7,40.0
08/10/2026,21:56:34,26.7,40.0
08/10/2026,22:01:34,26.7,40.0
08/10/2026,22:06:34,26.6,40.1
08/10/2026,22:11:34,26.6,40.0
08/10/2026,22:16:34,26.6,40.1
08/10/2026,22:21:34,26.5,40.1
08/10/2026,22:26:34,26.5,40.2
08/10/2026,22:31:34,26.5,40.2
08/10/2026,22:36:34,26.5,40.2
08/10/2026,22:41:34,26.4,40.2
08/10/2026,22:46:34,26.4,40.2
08/10/2026,22:51:34,26.4,40.2
08/10/2026,22:56:34,26.4,40.3
08/10/2026,23:01:34,26.3,40.3
08/10/2026,23:06:34,26.3,40.3
08/10/2026,23:11:34,26.3,40.3
08/10/2026,23:16:34,26.3,40.3
08/10/2026,23:21:34,26.2,40.3
08/10/2026,23:26:34,26.2,40.5
08/10/2026,23:31:34,26.2,40.4
08/10/2026,23:36:34,26.2,40.5
08/10/2026,23:41:34,26.2,40.5
08/10/2026,23:46:34,26.1,40.4
08/10/2026,23:51:34,26.1,40.5
08/10/2026,23:56:34,26.1,40.5
08/11/2026,00:01:34,26.0,40.6
08/11/2026,00:06:34,26.0,40.6
08/11/2026,00:11:34,26.0,40.6
08/11/2026,00:16:34,26.0,40.6
08/11/2026,00:21:34,26.0,40.6
08/11/2026,00:26:34,25.9,40.6
08/11/2026,00:31:34,25.9,40.6
08/11/2026,00:36:34,25.9,40.6
08/11/2026,00:41:34,25.8,40.6
08/11/2026,00:46:34,25.8,40.6
08/11/2026,00:51:34,25.8,40.6
08/11/2026,00:56:34,25.8,40.5
08/11/2026,01:01:34,25.8,40.6
08/11/2026,01:06:34,25.7,40.6
08/11/2026,01:11:34,25.7,40.7
08/11/2026,01:16:34,25.7,40.7
08/11/2026,01:21:34,25.7,40.7
08/11/2026,01:26:34,25.6,40.7
08/11/2026,01:31:34,25.6,40.7
08/11/2026,01:36:34,25.6,40.8
08/11/2026,01:41:34,25.6,40.7
08/11/2026,01:46:34,25.5,40.7
08/11/2026,01:51:34,25.5,40.8
08/11/2026,01:56:34,25.5,40.8
08/11/2026,02:01:34,25.4,40.7
08/11/2026,02:06:34,25.4,40.7
08/11/2026,02:11:34,25.4,40.8
08/11/2026,02:16:34,25.4,40.8
08/11/2026,02:21:34,25.4,40.9
08/11/2026,02:26:34,25.4,40.8
08/11/2026,02:31:34,25.3,40.9
08/11/2026,02:36:34,25.3,40.8
08/11/2026,02:41:34,25.3,40.8
08/11/2026,02:46:34,25.2,40.8
08/11/2026,02:51:34,25.2,40.8
08/11/2026,02:56:34,25.2,40.8
08/11/2026,03:01:34,25.2,40.9
08/11/2026,03:06:34,25.1,40.9
08/11/2026,03:11:34,25.1,40.9
08/11/2026,03:16:34,25.1,40.9
08/11/2026,03:21:34,25.1,40.9
08/11/2026,03:26:34,25.1,40.8
08/11/2026,03:31:34,25.0,40.8
08/11/2026,03:36:34,25.0,40.9
08/11/2026,03:41:34,25.0,40.9
08/11/2026,03:46:34,25.0,40.9
08/11/2026,03:51:34,24.9,40.9
08/11/2026,03:56:34,24.9,40.9
08/11/2026,04:01:34,24.9,41.1
08/11/2026,04:06:34,24.9,41.0
08/11/2026,04:11:34,24.8,41.0
08/11/2026,04:16:34,24.8,41.0
08/11/2026,04:21:34,24.8,41.1
08/11/2026,04:26:34,24.8,41.0
08/11/2026,04:31:34,24.8,41.0
08/11/2026,04:36:34,24.8,41.1
08/11/2026,04:41:34,24.7,41.0
08/11/2026,04:46:34,24.7,41.0
08/11/2026,04:51:34,24.7,41.0
08/11/2026,04:56:34,24.7,41.0
08/11/2026,05:01:34,24.6,40.9
08/11/2026,05:06:34,24.6,41.0
08/11/2026,05:11:34,24.6,40.8
08/11/2026,05:16:34,24.6,40.9
08/11/2026,05:21:34,24.5,40.9
08/11/2026,05:26:34,24.5,40.9
08/11/2026,05:31:34,24.5,40.9
08/11/2026,05:36:34,24.5,40.9
08/11/2026,05:41:34,24.5,41.0
08/11/2026,05:46:34,24.4,40.9
08/11/2026,05:51:34,24.4,40.9
08/11/2026,05:56:34,24.4,41.0
08/11/2026,06:01:34,24.4,41.0
08/11/2026,06:06:34,24.4,41.0
08/11/2026,06:11:34,24.3,41.1
08/11/2026,06:16:34,24.3,41.1
08/11/2026,06:21:34,24.3,41.2
08/11/2026,06:26:34,24.3,41.2
08/11/2026,06:31:34,24.2,41.2
08/11/2026,06:36:34,24.2,41.1
08/11/2026,06:41:34,24.2,41.2
08/11/2026,06:46:34,24.2,41.2
08/11/2026,06:51:34,24.2,41.1
08/11/2026,06:56:34,24.2,41.2
08/11/2026,07:01:34,24.2,41.3
08/11/2026,07:06:34,24.2,41.2
08/11/2026,07:11:34,24.1,41.2
08/11/2026,07:16:34,24.1,41.3
08/11/2026,07:21:34,24.1,41.3
08/11/2026,07:26:34,24.1,41.4
08/11/2026,07:31:34,24.1,41.5
08/11/2026,07:36:34,24.1,41.5
08/11/2026,07:41:34,24.1,41.5
08/11/2026,07:46:34,24.1,41.5
08/11/2026,07:51:34,24.1,41.5
08/11/2026,07:56:34,24.1,41.6
08/11/2026,08:01:34,24.2,41.6
08/11/2026,08:06:34,24.2,41.6
08/11/2026,08:11:34,24.1,41.7
08/11/2026,08:16:34,24.2,41.7
08/11/2026,08:21:34,24.2,41.7
08/11/2026,08:26:34,24.2,41.7
08/11/2026,08:31:34,24.2,41.8
08/11/2026,08:36:34,24.2,41.8
08/11/2026,08:41:34,24.2,41.9
08/11/2026,08:46:34,24.2,41.9
08/11/2026,08:51:34,24.2,41.9
08/11/2026,08:56:34,24.2,42.0
08/11/2026,09:01:34,24.3,42.0
08/11/2026,09:06:34,24.3,42.0
08/11/2026,09:11:34,24.3,42.1
08/11/2026,09:16:34,24.3,42.1
08/11/2026,09:21:34,24.3,42.1
08/11/2026,09:26:34,24.3,42.1
08/11/2026,09:31:34,24.4,42.1
08/11/2026,09:36:34,24.4,42.2
08/11/2026,09:41:34,24.4,42.1
08/11/2026,09:46:34,24.4,42.2
08/11/2026,09:51:34,24.4,42.2
08/11/2026,09:56:34,24.4,42.3
08/11/2026,10:01:34,24.4,42.3
08/11/2026,10:06:34,24.4,42.3
08/11/2026,10:11:34,24.4,42.4
08/11/2026,10:16:34,24.5,42.3
08/11/2026,10:21:34,24.5,42.3
08/11/2026,10:26:34,24.5,42.4
08/11/2026,10:31:34,24.5,42.4
08/11/2026,10:36:34,24.5,42.4
08/11/2026,10:41:34,24.5,42.4
08/11/2026,10:46:34,24.5,42.4
08/11/2026,10:51:34,24.5,42.5
08/11/2026,10:56:34,24.5,42.5
08/11/2026,11:01:34,24.5,42.5
08/11/2026,11:06:34,24.6,42.6
08/11/2026,11:11:34,24.6,42.6
08/11/2026,11:16:34,24.6,42.6
08/11/2026,11:21:34,24.6,42.5
08/11/2026,11:26:34,24.6,42.6
08/11/2026,11:31:34,24.6,42.6
08/11/2026,11:36:34,24.6,42.7
08/11/2026,11:41:34,24.6,42.7
08/11/2026,11:46:34,24.6,42.7
08/11/2026,11:51:34,24.6,42.7
08/11/2026,11:56:34,24.6,42.7
08/11/2026,12:01:34,24.7,42.7
08/11/2026,12:06:34,24.6,42.7
08/11/2026,12:11:34,24.7,42.7
08/11/2026,12:16:34,24.7,42.7
08/11/2026,12:21:34,24.7,42.7
08/11/2026,12:26:34,24.7,42.8
08/11/2026,12:31:34,24.7,42.7
08/11/2026,12:36:34,24.7,42.7
08/11/2026,12:41:34,24.7,42.8
08/11/2026,12:46:34,24.8,42.8
08/11/2026,12:51:34,24.8,42.8
08/11/2026,12:56:34,24.8,42.8
08/11/2026,13:01:34,24.8,42.8
08/11/2026,13:06:34,24.8,42.8
08/11/2026,13:11:34,24.8,42.7
08/11/2026,13:16:34,24.9,42.7
08/11/2026,13:21:34,24.9,42.7
08/11/2026,13:26:34,24.9,42.7
08/11/2026,13:31:34,24.9,42.7
08/11/2026,13:36:34,25.0,42.7
08/11/2026,13:41:34,25.0,42.7
08/11/2026,13:46:34,25.0,42.7
08/11/2026,13:51:34,25.1,42.7
08/11/2026,13:56:34,25.1,42.6
08/11/2026,14:01:34,25.1,42.7
08/11/2026,14:06:34,25.2,42.6
08/11/2026,14:11:34,25.2,42.5
08/11/2026,14:16:34,25.2,42.5
08/11/2026,14:21:34,25.3,42.5
08/11/2026,14:26:34,25.3,42.5
08/11/2026,14:31:34,25.3,42.5
08/11/2026,14:36:34,25.4,42.4
08/11/2026,14:41:34,25.4,42.4
08/11/2026,14:46:34,25.5,42.4
08/11/2026,14:51:34,25.5,42.3
08/11/2026,14:56:34,25.6,42.2
08/11/2026,15:01:34,25.6,42.2
08/11/2026,15:06:34,25.6,42.1
08/11/2026,15:11:34,25.7,42.1
08/11/2026,15:16:34,25.7,42.0
08/11/2026,15:21:34,25.8,42.1
08/11/2026,15:26:34,25.9,42.0
08/11/2026,15:31:34,25.9,41.8
08/11/2026,15:36:34,25.9,41.9
08/11/2026,15:41:34,26.0,41.8
08/11/2026,15:46:34,26.0,41.8
08/11/2026,15:51:34,26.0,42.0
08/11/2026,15:56:34,26.1,41.7
08/11/2026,16:01:34,26.1,41.7
08/11/2026,16:06:34,26.1,41.7
08/11/2026,16:11:34,26.1,41.6
08/11/2026,16:16:34,26.1,41.6
08/11/2026,16:21:34,26.2,41.4
08/11/2026,16:26:34,26.2,41.4
08/11/2026,16:31:34,26.2,41.3
08/11/2026,16:36:34,26.2,41.4
08/11/2026,16:41:34,26.2,41.4
08/11/2026,16:46:34,26.2,41.3
08/11/2026,16:51:34,26.2,41.3
08/11/2026,16:56:34,26.2,41.3
08/11/2026,17:01:34,26.3,41.2
08/11/2026,17:06:34,26.3,41.2
08/11/2026,17:11:34,26.3,41.1
08/11/2026,17:16:34,26.3,41.0
08/11/2026,17:21:34,26.3,41.0
08/11/2026,17:26:34,26.3,40.9
08/11/2026,17:31:34,26.4,40.9
08/11/2026,17:36:34,26.4,40.9
08/11/2026,17:41:34,26.4,40.7
08/11/2026,17:46:34,26.4,40.7
08/11/2026,17:51:34,26.4,40.6
08/11/2026,17:56:34,26.5,40.6
08/11/2026,18:01:34,26.5,40.5
08/11/2026,18:06:34,26.5,40.6
08/11/2026,18:11:34,26.6,40.4
08/11/2026,18:16:34,26.6,40.4
08/11/2026,18:21:34,26.7,40.3
08/11/2026,18:26:34,26.7,40.3
08/11/2026,18:31:34,26.8,40.2
08/11/2026,18:36:34,26.9,40.1
08/11/2026,18:41:34,26.8,40.1
08/11/2026,18:46:34,26.8,40.1
08/11/2026,18:51:34,26.8,39.9
08/11/2026,18:56:34,26.8,39.3
08/11/2026,19:01:34,26.8,39.1
08/11/2026,19:06:34,26.7,38.9
08/11/2026,19:11:34,26.7,38.9
08/11/2026,19:16:34,26.6,38.8
08/11/2026,19:21:34,26.6,38.7
08/11/2026,19:26:34,26.6,38.7
08/11/2026,19:31:34,26.5,38.6
08/11/2026,19:36:34,26.5,38.7
08/11/2026,19:41:34,26.4,38.7
08/11/2026,19:46:34,26.4,38.7
08/11/2026,19:51:34,26.4,38.6
08/11/2026,19:56:34,26.3,38.6
08/11/2026,20:01:34,26.3,38.6
08/11/2026,20:06:34,26.2,38.8
08/11/2026,20:11:34,26.2,38.8
08/11/2026,20:16:34,26.2,39.0
08/11/2026,20:21:34,26.2,39.1
08/11/2026,20:26:34,26.2,39.1
08/11/2026,20:31:34,26.2,39.2
08/11/2026,20:36:34,26.2,39.2
08/11/2026,20:41:34,26.1,39.2
08/11/2026,20:46:34,26.2,39.2
08/11/2026,20:51:34,26.1,39.3
08/11/2026,20:56:34,26.1,39.4
08/11/2026,21:01:34,26.1,39.3
08/11/2026,21:06:34,26.1,39.4
08/11/2026,21:11:34,26.0,39.4
08/11/2026,21:16:34,26.0,39.4
08/11/2026,21:21:34,26.0,39.5
08/11/2026,21:26:34,26.0,39.5
08/11/2026,21:31:34,26.0,39.6
08/11/2026,21:36:34,26.0,39.6
08/11/2026,21:41:34,26.0,39.6
08/11/2026,21:46:34,25.9,39.6
08/11/2026,21:51:34,25.9,39.6
08/11/2026,21:56:34,25.9,39.7
08/11/2026,22:01:34,25.9,39.7
08/11/2026,22:06:34,25.8,39.8
08/11/2026,22:11:34,25.8,39.8
08/11/2026,22:16:34,25.8,39.9
08/11/2026,22:21:34,25.8,39.9
08/11/2026,22:26:34,25.8,39.9
08/11/2026,22:31:34,25.8,40.0
08/11/2026,22:36:34,25.7,40.0
08/11/2026,22:41:34,25.7,40.0
08/11/2026,22:46:34,25.7,40.1
08/11/2026,22:51:34,25.7,40.1
08/11/2026,22:56:34,25.6,40.2
08/11/2026,23:01:34,25.6,40.2
08/11/2026,23:06:34,25.6,40.3
08/11/2026,23:11:34,25.6,40.3
08/11/2026,23:16:34,25.6,40.3
08/11/2026,23:21:34,25.5,40.4
08/11/2026,23:26:34,25.6,40.5
08/11/2026,23:31:34,25.5,40.5
08/11/2026,23:36:34,25.5,40.5
08/11/2026,23:41:34,25.5,40.6
08/11/2026,23:46:34,25.5,40.6
08/11/2026,23:51:34,25.5,40.7
08/11/2026,23:56:34,25.4,40.7
08/12/2026,00:01:34,25.4,40.8
08/12/2026,00:06:34,25.4,40.8
08/12/2026,00:11:34,25.4,40.9
08/12/2026,00:16:34,25.3,40.9
08/12/2026,00:21:34,25.3,40.9
08/12/2026,00:26:34,25.3,41.0
08/12/2026,00:31:34,25.3,41.1
08/12/2026,00:36:34,25.3,41.1
08/12/2026,00:41:34,25.3,41.1
08/12/2026,00:46:34,25.2,41.2
08/12/2026,00:51:34,25.2,41.3
08/12/2026,00:56:34,25.2,41.3
08/12/2026,01:01:34,25.2,41.3
08/12/2026,01:06:34,25.2,41.3
08/12/2026,01:11:34,25.2,41.4
08/12/2026,01:16:34,25.2,41.4
08/12/2026,01:21:34,25.1,41.5
08/12/2026,01:26:34,25.1,41.5
08/12/2026,01:31:34,25.1,41.5
08/12/2026,01:36:34,25.1,41.6
08/12/2026,01:41:34,25.1,41.6
08/12/2026,01:46:34,25.1,41.6
08/12/2026,01:51:34,25.0,41.6
08/12/2026,01:56:34,25.0,41.7
08/12/2026,02:01:34,25.0,41.7
08/12/2026,02:06:34,25.0,41.7
08/12/2026,02:11:34,25.0,41.7
08/12/2026,02:16:34,25.0,41.8
08/12/2026,02:21:34,25.0,41.8
08/12/2026,02:26:34,24.9,41.9
08/12/2026,02:31:34,24.9,41.9
08/12/2026,02:36:34,24.9,41.9
08/12/2026,02:41:34,24.9,42.0
08/12/2026,02:46:34,24.9,42.0
08/12/2026,02:51:34,24.9,42.0
08/12/2026,02:56:34,24.8,42.1
08/12/2026,03:01:34,24.8,42.1
08/12/2026,03:06:34,24.8,42.2
08/12/2026,03:11:34,24.8,42.2
08/12/2026,03:16:34,24.8,42.2
08/12/2026,03:21:34,24.8,42.3
08/12/2026,03:26:34,24.8,42.3
08/12/2026,03:31:34,24.7,42.3
08/12/2026,03:36:34,24.7,42.3
08/12/2026,03:41:34,24.7,42.4
08/12/2026,03:46:34,24.7,42.4
08/12/2026,03:51:34,24.7,42.4
08/12/2026,03:56:34,24.7,42.4
08/12/2026,04:01:34,24.6,42.4
08/12/2026,04:06:34,24.6,42.5
08/12/2026,04:11:34,24.6,42.5
08/12/2026,04:16:34,24.6,42.5
08/12/2026,04:21:34,24.6,42.5
08/12/2026,04:26:34,24.6,42.6
08/12/2026,04:31:34,24.6,42.6
08/12/2026,04:36:34,24.5,42.6
08/12/2026,04:41:34,24.5,42.6
08/12/2026,04:46:34,24.5,42.6
08/12/2026,04:51:34,24.5,42.6
08/12/2026,04:56:34,24.5,42.6
08/12/2026,05:01:34,24.5,42.7
08/12/2026,05:06:34,24.4,42.7
08/12/2026,05:11:34,24.4,42.7
08/12/2026,05:16:34,24.4,42.8
08/12/2026,05:21:34,24.4,42.8
08/12/2026,05:26:34,24.4,42.8
08/12/2026,05:31:34,24.3,42.8
08/12/2026,05:36:34,24.3,42.8
08/12/2026,05:41:34,24.3,42.9
08/12/2026,05:46:34,24.3,42.9
08/12/2026,05:51:34,24.3,42.9
08/12/2026,05:56:34,24.3,42.9
08/12/2026,06:01:34,24.2,43.0
08/12/2026,06:06:34,24.2,43.0
08/12/2026,06:11:34,24.2,43.1
08/12/2026,06:16:34,24.2,43.1
08/12/2026,06:21:34,24.2,43.1
08/12/2026,06:26:34,24.2,43.2
08/12/2026,06:31:34,24.2,43.3
08/12/2026,06:36:34,24.2,43.3
08/12/2026,06:41:34,24.1,43.3
08/12/2026,06:46:34,24.1,43.3
08/12/2026,06:51:34,24.1,43.3
08/12/2026,06:56:34,24.1,43.4
08/12/2026,07:01:34,24.1,43.4
08/12/2026,07:06:34,24.1,43.5
08/12/2026,07:11:34,24.1,43.5
08/12/2026,07:16:34,24.1,43.5
08/12/2026,07:21:34,24.1,43.6
08/12/2026,07:26:34,24.1,43.6
08/12/2026,07:31:34,24.1,43.6
08/12/2026,07:36:34,24.1,43.6
08/12/2026,07:41:34,24.1,43.7
08/12/2026,07:46:34,24.1,43.7
08/12/2026,07:51:34,24.1,43.7
08/12/2026,07:56:34,24.1,43.8
08/12/2026,08:01:34,24.1,43.8
08/12/2026,08:06:34,24.1,43.8
08/12/2026,08:11:34,24.2,43.9
08/12/2026,08:16:34,24.2,43.9
08/12/2026,08:21:34,24.2,43.9
08/12/2026,08:26:34,24.2,43.9
08/12/2026,08:31:34,24.2,44.0
08/12/2026,08:36:34,24.2,44.0
08/12/2026,08:41:34,24.2,44.1
08/12/2026,08:46:34,24.2,44.1
08/12/2026,08:51:34,24.3,44.2
08/12/2026,08:56:34,24.3,44.1
08/12/2026,09:01:34,24.3,44.2
08/12/2026,09:06:34,24.3,44.2
08/12/2026,09:11:34,24.3,44.2
08/12/2026,09:16:34,24.4,44.3
08/12/2026,09:21:34,24.4,44.3
08/12/2026,09:26:34,24.4,44.3
08/12/2026,09:31:34,24.4,44.3
08/12/2026,09:36:34,24.4,44.3
08/12/2026,09:41:34,24.4,44.3
08/12/2026,09:46:34,24.4,44.3
08/12/2026,09:51:34,24.5,44.4
08/12/2026,09:56:34,24.5,44.3
08/12/2026,10:01:34,24.5,44.4
08/12/2026,10:06:34,24.5,44.5
08/12/2026,10:11:34,24.5,44.5
08/12/2026,10:16:34,24.5,44.4
08/12/2026,10:21:34,24.5,44.5
08/12/2026,10:26:34,24.5,44.5
08/12/2026,10:31:34,24.6,44.5
08/12/2026,10:36:34,24.6,44.5
08/12/2026,10:41:34,24.6,44.5
08/12/2026,10:46:34,24.6,44.5
08/12/2026,10:51:34,24.6,44.6
08/12/2026,10:56:34,24.6,44.6
08/12/2026,11:01:34,24.6,44.6
08/12/2026,11:06:34,24.6,44.5
08/12/2026,11:11:34,24.6,44.7
08/12/2026,11:16:34,24.7,44.7
08/12/2026,11:21:34,24.7,44.7
08/12/2026,11:26:34,24.7,44.8
08/12/2026,11:31:34,24.7,44.8
08/12/2026,11:36:34,24.7,44.9
08/12/2026,11:41:34,24.7,44.9
08/12/2026,11:46:34,24.7,44.9
08/12/2026,11:51:34,24.7,44.9
08/12/2026,11:56:34,24.8,45.0
08/12/2026,12:01:34,24.8,45.0
08/12/2026,12:06:34,24.8,45.0
08/12/2026,12:11:34,24.8,45.0
08/12/2026,12:16:34,24.9,45.0
08/12/2026,12:21:34,24.9,45.1
08/12/2026,12:26:34,24.9,45.1
08/12/2026,12:31:34,24.9,45.1
08/12/2026,12:36:34,24.9,45.0
08/12/2026,12:41:34,24.9,45.1
08/12/2026,12:46:34,25.0,45.0
08/12/2026,12:51:34,25.0,45.0
08/12/2026,12:56:34,25.0,44.9
08/12/2026,13:01:34,25.0,44.9
08/12/2026,13:06:34,25.1,45.0
08/12/2026,13:11:34,25.1,45.0
08/12/2026,13:16:34,25.2,45.0
08/12/2026,13:21:34,25.2,45.0
08/12/2026,13:26:34,25.2,45.1
08/12/2026,13:31:34,25.2,45.0
08/12/2026,13:36:34,25.3,45.0
08/12/2026,13:41:34,25.3,45.0
08/12/2026,13:46:34,25.3,45.0
08/12/2026,13:51:34,25.4,44.9
08/12/2026,13:56:34,25.5,44.9
08/12/2026,14:01:34,25.5,44.9
08/12/2026,14:06:34,25.5,44.8
08/12/2026,14:11:34,25.6,44.8
08/12/2026,14:16:34,25.6,44.8
08/12/2026,14:21:34,25.6,44.8
08/12/2026,14:26:34,25.7,44.9
08/12/2026,14:31:34,25.7,44.7
08/12/2026,14:36:34,25.8,44.8
08/12/2026,14:41:34,25.9,44.7
08/12/2026,14:46:34,25.9,44.7
08/12/2026,14:51:34,26.0,44.7
08/12/2026,14:56:34,26.0,44.8
08/12/2026,15:01:34,26.1,44.6
08/12/2026,15:06:34,26.2,44.7
08/12/2026,15:11:34,26.2,44.8
08/12/2026,15:16:34,26.3,44.6
08/12/2026,15:21:34,26.3,44.5
08/12/2026,15:26:34,26.4,44.5
08/12/2026,15:31:34,26.4,44.5
08/12/2026,15:36:34,26.5,44.4
08/12/2026,15:41:34,26.5,44.3
08/12/2026,15:46:34,26.6,44.3
08/12/2026,15:51:34,26.6,44.3
08/12/2026,15:56:34,26.6,44.2
08/12/2026,16:01:34,26.7,44.3
08/12/2026,16:06:34,26.7,44.1
08/12/2026,16:11:34,26.8,44.2
08/12/2026,16:16:34,26.8,44.1
08/12/2026,16:21:34,26.8,44.0
08/12/2026,16:26:34,26.8,44.1
08/12/2026,16:31:34,26.9,44.0
08/12/2026,16:36:34,26.9,44.0
08/12/2026,16:41:34,26.9,43.9
08/12/2026,16:46:34,27.0,43.9
08/12/2026,16:51:34,27.0,43.8
08/12/2026,16:56:34,27.0,43.8
08/12/2026,17:01:34,27.0,43.7
08/12/2026,17:06:34,27.0,43.7
08/12/2026,17:11:34,27.1,43.6
08/12/2026,17:16:34,27.1,43.6
08/12/2026,17:21:34,27.1,43.5
08/12/2026,17:26:34,27.1,43.5
08/12/2026,17:31:34,27.2,43.5
08/12/2026,17:36:34,27.2,43.5
08/12/2026,17:41:34,27.2,43.4
08/12/2026,17:46:34,27.2,43.3
08/12/2026,17:51:34,27.3,43.4
08/12/2026,17:56:34,27.3,43.3
08/12/2026,18:01:34,27.3,43.3
08/12/2026,18:06:34,27.3,43.2
08/12/2026,18:11:34,27.4,43.2
08/12/2026,18:16:34,27.4,43.1
08/12/2026,18:21:34,27.5,43.0
08/12/2026,18:26:34,27.5,43.0
08/12/2026,18:31:34,27.6,42.9
08/12/2026,18:36:34,27.6,42.9
08/12/2026,18:41:34,27.6,42.9
08/12/2026,18:46:34,27.6,42.7
08/12/2026,18:51:34,27.6,41.5
08/12/2026,18:56:34,27.5,40.6
08/12/2026,19:01:34,27.6,39.8
08/12/2026,19:06:34,27.6,39.3
08/12/2026,19:11:34,27.6,39.1
08/12/2026,19:16:34,27.5,38.6
08/12/2026,19:21:34,27.6,38.4
08/12/2026,19:26:34,27.5,38.0
08/12/2026,19:31:34,27.5,37.9
08/12/2026,19:36:34,27.6,37.9
08/12/2026,19:41:34,27.5,37.7
08/12/2026,19:46:34,27.5,37.6
08/12/2026,19:51:34,27.5,37.5
08/12/2026,19:56:34,27.5,37.3
08/12/2026,20:01:34,27.5,37.3
08/12/2026,20:06:34,27.5,37.0
08/12/2026,20:11:34,27.5,37.4
08/12/2026,20:16:34,27.4,37.1
08/12/2026,20:21:34,27.4,37.2
08/12/2026,20:26:34,27.4,37.4
08/12/2026,20:31:34,27.4,37.6
08/12/2026,20:36:34,27.3,37.8
08/12/2026,20:41:34,27.3,37.9
08/12/2026,20:46:34,27.3,38.0
08/12/2026,20:51:34,27.3,38.0
08/12/2026,20:56:34,27.3,38.1
08/12/2026,21:01:34,27.3,38.0
08/12/2026,21:06:34,27.2,38.0
08/12/2026,21:11:34,27.2,38.1
08/12/2026,21:16:34,27.2,38.1
08/12/2026,21:21:34,27.2,38.2
08/12/2026,21:26:34,27.2,38.2
08/12/2026,21:31:34,27.1,38.3
08/12/2026,21:36:34,27.1,38.3
08/12/2026,21:41:34,27.1,38.4
08/12/2026,21:46:34,27.1,38.5
08/12/2026,21:51:34,27.1,38.5
08/12/2026,21:56:34,27.1,38.4
08/12/2026,22:01:34,27.0,38.4
08/12/2026,22:06:34,27.0,38.3
08/12/2026,22:11:34,27.0,38.2
08/12/2026,22:16:34,27.0,38.2
08/12/2026,22:21:34,27.0,38.3
08/12/2026,22:26:34,26.9,38.2
08/12/2026,22:31:34,26.9,38.3
08/12/2026,22:36:34,26.9,38.3
08/12/2026,22:41:34,26.9,38.3
08/12/2026,22:46:34,26.9,38.4
08/12/2026,22:51:34,26.9,38.4
08/12/2026,22:56:34,26.8,38.4
08/12/2026,23:01:34,26.8,38.4
08/12/2026,23:06:34,26.8,38.5
08/12/2026,23:11:34,26.8,38.6
08/12/2026,23:16:34,26.8,38.6
08/12/2026,23:21:34,26.7,38.7
08/12/2026,23:26:34,26.7,38.7
08/12/2026,23:31:34,26.7,38.8
08/12/2026,23:36:34,26.7,38.8
08/12/2026,23:41:34,26.7,38.8
08/12/2026,23:46:34,26.7,38.9
08/12/2026,23:51:34,26.6,38.9
08/12/2026,23:56:34,26.6,39.0
08/13/2026,00:01:34,26.6,39.0
08/13/2026,00:06:34,26.6,39.0
08/13/2026,00:11:34,26.6,39.1
08/13/2026,00:16:34,26.5,39.1
08/13/2026,00:21:34,26.5,39.1
08/13/2026,00:26:34,26.5,39.2
08/13/2026,00:31:34,26.5,39.2
08/13/2026,00:36:34,26.5,39.3
08/13/2026,00:41:34,26.5,39.3
08/13/2026,00:46:34,26.4,39.4
08/13/2026,00:51:34,26.4,39.4
08/13/2026,00:56:34,26.4,39.4
08/13/2026,01:01:34,26.4,39.5
08/13/2026,01:06:34,26.4,39.5
08/13/2026,01:11:34,26.3,39.6
08/13/2026,01:16:34,26.3,39.6
08/13/2026,01:21:34,26.3,39.7
08/13/2026,01:26:34,26.3,39.8
08/13/2026,01:31:34,26.3,39.8
08/13/2026,01:36:34,26.3,39.9
08/13/2026,01:41:34,26.2,39.9
08/13/2026,01:46:34,26.2,40.0
08/13/2026,01:51:34,26.2,40.0
08/13/2026,01:56:34,26.2,40.1
08/13/2026,02:01:34,26.2,40.1
08/13/2026,02:06:34,26.2,40.1
08/13/2026,02:11:34,26.2,40.1
08/13/2026,02:16:34,26.1,40.2
08/13/2026,02:21:34,26.1,40.3
08/13/2026,02:26:34,26.1,40.3
08/13/2026,02:31:34,26.1,40.3
08/13/2026,02:36:34,26.1,40.3
08/13/2026,02:41:34,26.1,40.4
08/13/2026,02:46:34,26.0,40.4
08/13/2026,02:51:34,26.0,40.5
08/13/2026,02:56:34,26.0,40.5
08/13/2026,03:01:34,26.0,40.6
08/13/2026,03:06:34,26.0,40.6
08/13/2026,03:11:34,25.9,40.7
08/13/2026,03:16:34,25.9,40.7
08/13/2026,03:21:34,25.9,40.7
08/13/2026,03:26:34,25.9,40.7
08/13/2026,03:31:34,25.9,40.8
08/13/2026,03:36:34,25.8,40.8
08/13/2026,03:41:34,25.8,40.9
08/13/2026,03:46:34,25.8,40.9
08/13/2026,03:51:34,25.8,40.9
08/13/2026,03:56:34,25.8,41.0
08/13/2026,04:01:34,25.7,41.0
08/13/2026,04:06:34,25.7,41.1
08/13/2026,04:11:34,25.7,41.1
08/13/2026,04:16:34,25.7,41.1
08/13/2026,04:21:34,25.7,41.2
08/13/2026,04:26:34,25.6,41.2
08/13/2026,04:31:34,25.6,41.2
08/13/2026,04:36:34,25.6,41.2
08/13/2026,04:41:34,25.6,41.3
08/13/2026,04:46:34,25.6,41.3
08/13/2026,04:51:34,25.5,41.3
08/13/2026,04:56:34,25.5,41.4
08/13/2026,05:01:34,25.5,41.4
08/13/2026,05:06:34,25.5,41.5
08/13/2026,05:11:34,25.4,41.5
08/13/2026,05:16:34,25.4,41.5
08/13/2026,05:21:34,25.4,41.6
08/13/2026,05:26:34,25.4,41.5
08/13/2026,05:31:34,25.4,41.6
08/13/2026,05:36:34,25.3,41.6
08/13/2026,05:41:34,25.3,41.6
08/13/2026,05:46:34,25.3,41.7
08/13/2026,05:51:34,25.3,41.7
08/13/2026,05:56:34,25.3,41.7
08/13/2026,06:01:34,25.2,41.8
08/13/2026,06:06:34,25.2,41.9
08/13/2026,06:11:34,25.2,41.8
08/13/2026,06:16:34,25.2,41.9
08/13/2026,06:21:34,25.2,41.9
08/13/2026,06:26:34,25.2,41.9
08/13/2026,06:31:34,25.2,41.9
08/13/2026,06:36:34,25.1,42.0
08/13/2026,06:41:34,25.1,42.0
08/13/2026,06:46:34,25.1,42.1
08/13/2026,06:51:34,25.1,42.1
08/13/2026,06:56:34,25.1,42.2
08/13/2026,07:01:34,25.1,42.2
08/13/2026,07:06:34,25.1,42.2
08/13/2026,07:11:34,25.1,42.4
08/13/2026,07:16:34,25.0,42.4
08/13/2026,07:21:34,25.0,42.5
08/13/2026,07:26:34,25.0,42.5
08/13/2026,07:31:34,25.0,42.6
08/13/2026,07:36:34,25.1,42.6
08/13/2026,07:41:34,25.1,42.6
08/13/2026,07:46:34,25.1,42.5
08/13/2026,07:51:34,25.1,42.5
08/13/2026,07:56:34,25.1,42.5
08/13/2026,08:01:34,25.1,42.5
08/13/2026,08:06:34,25.1,42.4
08/13/2026,08:11:34,25.1,42.4
08/13/2026,08:16:34,25.2,42.4
08/13/2026,08:21:34,25.2,42.5
08/13/2026,08:26:34,25.2,42.5
08/13/2026,08:31:34,25.2,42.5
08/13/2026,08:36:34,25.2,42.6
08/13/2026,08:41:34,25.3,42.6
08/13/2026,08:46:34,25.3,42.6
08/13/2026,08:51:34,25.3,42.6
08/13/2026,08:56:34,25.3,42.6
08/13/2026,09:01:34,25.3,42.6
08/13/2026,09:06:34,25.4,42.6
08/13/2026,09:11:34,25.4,42.7
08/13/2026,09:16:34,25.4,42.7
08/13/2026,09:21:34,25.4,42.7
08/13/2026,09:26:34,25.4,42.7
08/13/2026,09:31:34,25.5,42.7
08/13/2026,09:36:34,25.5,42.7
08/13/2026,09:41:34,25.5,42.7
08/13/2026,09:46:34,25.5,42.7
08/13/2026,09:51:34,25.6,42.7
08/13/2026,09:56:34,25.6,42.7
08/13/2026,10:01:34,25.6,42.6
08/13/2026,10:06:34,25.6,42.7
08/13/2026,10:11:34,25.7,42.7
08/13/2026,10:16:34,25.7,42.6
08/13/2026,10:21:34,25.7,42.7
08/13/2026,10:26:34,25.7,42.7
08/13/2026,10:31:34,25.8,42.7
08/13/2026,10:36:34,25.8,42.8
08/13/2026,10:41:34,25.8,42.8
08/13/2026,10:46:34,25.8,42.8
08/13/2026,10:51:34,25.8,42.8
08/13/2026,10:56:34,25.9,42.7
08/13/2026,11:01:34,25.9,42.8
08/13/2026,11:06:34,25.9,42.9
08/13/2026,11:11:34,25.9,42.9
08/13/2026,11:16:34,25.9,42.9
08/13/2026,11:21:34,26.0,43.0
08/13/2026,11:26:34,26.0,42.9
08/13/2026,11:31:34,26.0,42.9
08/13/2026,11:36:34,26.0,42.9
08/13/2026,11:41:34,26.1,43.0
08/13/2026,11:46:34,26.1,43.0
08/13/2026,11:51:34,26.1,43.1
08/13/2026,11:56:34,26.1,43.1
08/13/2026,12:01:34,26.1,43.0
08/13/2026,12:06:34,26.1,43.1
08/13/2026,12:11:34,26.2,43.0
08/13/2026,12:16:34,26.2,43.2
08/13/2026,12:21:34,26.3,43.1
08/13/2026,12:26:34,26.3,43.1
08/13/2026,12:31:34,26.3,43.1
08/13/2026,12:36:34,26.3,43.0
08/13/2026,12:41:34,26.3,43.0
08/13/2026,12:46:34,26.4,43.0
08/13/2026,12:51:34,26.4,43.0
08/13/2026,12:56:34,26.4,43.0
08/13/2026,13:01:34,26.5,43.0
08/13/2026,13:06:34,26.5,43.0
08/13/2026,13:11:34,26.6,42.9
08/13/2026,13:16:34,26.6,43.0
08/13/2026,13:21:34,26.6,42.9
08/13/2026,13:26:34,26.7,42.9
08/13/2026,13:31:34,26.7,42.8
08/13/2026,13:36:34,26.7,42.8
08/13/2026,13:41:34,26.8,42.8
08/13/2026,13:46:34,26.8,42.8
08/13/2026,13:51:34,26.9,42.7
08/13/2026,13:56:34,26.9,42.7
08/13/2026,14:01:34,26.9,42.7
08/13/2026,14:06:34,27.0,42.7
08/13/2026,14:11:34,27.0,42.6
08/13/2026,14:16:34,27.1,42.6
08/13/2026,14:21:34,27.1,42.5
08/13/2026,14:26:34,27.2,42.4
08/13/2026,14:31:34,27.2,42.4
08/13/2026,14:36:34,27.3,42.3
08/13/2026,14:41:34,27.3,42.3
08/13/2026,14:46:34,27.4,42.3
08/13/2026,14:51:34,27.5,42.4
08/13/2026,14:56:34,27.5,42.3
08/13/2026,15:01:34,27.6,42.2
08/13/2026,15:06:34,27.7,42.2
08/13/2026,15:11:34,27.7,42.1
08/13/2026,15:16:34,27.8,42.1
08/13/2026,15:21:34,27.8,42.1
08/13/2026,15:26:34,27.9,42.0
08/13/2026,15:31:34,27.9,42.1
08/13/2026,15:36:34,28.0,42.0
08/13/2026,15:41:34,28.0,41.9
08/13/2026,15:46:34,28.1,41.9
08/13/2026,15:51:34,28.1,41.8
08/13/2026,15:56:34,28.2,41.7
08/13/2026,16:01:34,28.2,41.8
08/13/2026,16:06:34,28.3,41.7
08/13/2026,16:11:34,28.3,41.8
08/13/2026,16:16:34,28.3,41.8
08/13/2026,16:21:34,28.3,41.6
08/13/2026,16:26:34,28.4,41.5
08/13/2026,16:31:34,28.4,41.4
08/13/2026,16:36:34,28.5,41.5
08/13/2026,16:41:34,28.5,41.4
08/13/2026,16:46:34,28.5,41.3
08/13/2026,16:51:34,28.5,41.3
08/13/2026,16:56:34,28.5,41.2
08/13/2026,17:01:34,28.5,41.2
08/13/2026,17:06:34,28.6,41.2
08/13/2026,17:11:34,28.6,41.1
08/13/2026,17:16:34,28.6,41.1
08/13/2026,17:21:34,28.7,41.1
08/13/2026,17:26:34,28.7,41.0
08/13/2026,17:31:34,28.7,41.0
08/13/2026,17:36:34,28.7,40.9
08/13/2026,17:41:34,28.8,41.0
08/13/2026,17:46:34,28.8,40.9
08/13/2026,17:51:34,28.8,40.9
08/13/2026,17:56:34,28.8,40.9
08/13/2026,18:01:34,28.9,40.9
08/13/2026,18:06:34,28.9,40.8
08/13/2026,18:11:34,28.9,40.8
08/13/2026,18:16:34,29.0,40.7
08/13/2026,18:21:34,29.0,40.6
08/13/2026,18:26:34,29.1,40.6
08/13/2026,18:31:34,29.1,40.5
08/13/2026,18:36:34,29.1,40.7
08/13/2026,18:41:34,29.1,40.8
08/13/2026,18:46:34,29.1,40.8
08/13/2026,18:51:34,29.1,40.2
08/13/2026,18:56:34,29.2,39.3
08/13/2026,19:01:34,29.3,38.3
08/13/2026,19:06:34,29.3,37.3
08/13/2026,19:11:34,29.4,36.7
08/13/2026,19:16:34,29.4,36.2
08/13/2026,19:21:34,29.4,36.2
08/13/2026,19:26:34,29.5,35.8
08/13/2026,19:31:34,29.5,35.5
08/13/2026,19:36:34,29.5,35.3
08/13/2026,19:41:34,29.6,35.1
08/13/2026,19:46:34,29.6,34.8
08/13/2026,19:51:34,29.6,34.8
08/13/2026,19:56:34,29.6,34.8
08/13/2026,20:01:34,29.6,34.8
08/13/2026,20:06:34,29.6,35.1
08/13/2026,20:11:34,29.6,34.4
08/13/2026,20:16:34,29.6,34.3
08/13/2026,20:21:34,29.6,34.1
08/13/2026,20:26:34,29.5,33.9
08/13/2026,20:31:34,29.5,34.1
08/13/2026,20:36:34,29.5,34.2
08/13/2026,20:41:34,29.5,34.2
08/13/2026,20:46:34,29.4,34.4
08/13/2026,20:51:34,29.4,34.6
08/13/2026,20:56:34,29.4,34.8
08/13/2026,21:01:34,29.4,34.9
08/13/2026,21:06:34,29.3,34.9
08/13/2026,21:11:34,29.3,34.9
08/13/2026,21:16:34,29.3,35.0
08/13/2026,21:21:34,29.3,35.1
08/13/2026,21:26:34,29.2,35.3
08/13/2026,21:31:34,29.2,35.5
08/13/2026,21:36:34,29.2,35.6
08/13/2026,21:41:34,29.2,35.6
08/13/2026,21:46:34,29.1,35.8
08/13/2026,21:51:34,29.1,35.8
08/13/2026,21:56:34,29.1,35.8
08/13/2026,22:01:34,29.1,35.9
08/13/2026,22:06:34,29.0,35.9
08/13/2026,22:11:34,29.0,36.0
08/13/2026,22:16:34,29.0,36.0
08/13/2026,22:21:34,29.0,36.0
08/13/2026,22:26:34,28.9,36.1
08/13/2026,22:31:34,28.9,36.1
08/13/2026,22:36:34,28.9,36.2
08/13/2026,22:41:34,28.9,36.2
08/13/2026,22:46:34,28.8,36.2
08/13/2026,22:51:34,28.8,36.2
08/13/2026,22:56:34,28.8,36.2
08/13/2026,23:01:34,28.8,36.1
08/13/2026,23:06:34,28.7,36.2
08/13/2026,23:11:34,28.7,36.1
08/13/2026,23:16:34,28.7,36.1
08/13/2026,23:21:34,28.7,36.2
08/13/2026,23:26:34,28.6,36.2
08/13/2026,23:31:34,28.6,36.2
08/13/2026,23:36:34,28.6,36.3
08/13/2026,23:41:34,28.6,36.3
08/13/2026,23:46:34,28.6,36.3
08/13/2026,23:51:34,28.5,36.2
08/13/2026,23:56:34,28.5,36.2
08/14/2026,00:01:34,28.5,36.1
08/14/2026,00:06:34,28.5,36.2
08/14/2026,00:11:34,28.5,36.2
08/14/2026,00:16:34,28.4,36.3
08/14/2026,00:21:34,28.4,36.3
08/14/2026,00:26:34,28.4,36.3
08/14/2026,00:31:34,28.4,36.4
08/14/2026,00:36:34,28.4,36.4
08/14/2026,00:41:34,28.4,36.5
08/14/2026,00:46:34,28.4,36.6
08/14/2026,00:51:34,28.3,36.5
08/14/2026,00:56:34,28.3,36.6
08/14/2026,01:01:34,28.3,36.6
08/14/2026,01:06:34,28.3,36.7
08/14/2026,01:11:34,28.3,36.8
08/14/2026,01:16:34,28.2,36.7
08/14/2026,01:21:34,28.2,36.8
08/14/2026,01:26:34,28.2,36.8
08/14/2026,01:31:34,28.2,36.9
08/14/2026,01:36:34,28.2,36.9
08/14/2026,01:41:34,28.2,37.0
08/14/2026,01:46:34,28.1,37.0
08/14/2026,01:51:34,28.1,37.0
08/14/2026,01:56:34,28.1,37.1
08/14/2026,02:01:34,28.1,37.0
08/14/2026,02:06:34,28.1,37.1
08/14/2026,02:11:34,28.1,37.1
08/14/2026,02:16:34,28.0,37.1
08/14/2026,02:21:34,28.0,37.2
08/14/2026,02:26:34,28.0,37.2
08/14/2026,02:31:34,28.0,37.2
08/14/2026,02:36:34,28.0,37.3
08/14/2026,02:41:34,28.0,37.3
08/14/2026,02:46:34,28.0,37.3
08/14/2026,02:51:34,27.9,37.3
08/14/2026,02:56:34,27.9,37.3
08/14/2026,03:01:34,27.9,37.4
08/14/2026,03:06:34,27.9,37.4
08/14/2026,03:11:34,27.9,37.4
08/14/2026,03:16:34,27.8,37.5
08/14/2026,03:21:34,27.8,37.5
08/14/2026,03:26:34,27.8,37.5
08/14/2026,03:31:34,27.8,37.5
08/14/2026,03:36:34,27.8,37.5
08/14/2026,03:41:34,27.8,37.6
08/14/2026,03:46:34,27.8,37.6
08/14/2026,03:51:34,27.7,37.7
08/14/2026,03:56:34,27.8,37.7
08/14/2026,04:01:34,27.7,37.7
08/14/2026,04:06:34,27.7,37.7
08/14/2026,04:11:34,27.7,37.8
08/14/2026,04:16:34,27.7,37.8
08/14/2026,04:21:34,27.7,37.8
08/14/2026,04:26:34,27.6,37.9
08/14/2026,04:31:34,27.6,37.9
08/14/2026,04:36:34,27.6,37.9
08/14/2026,04:41:34,27.6,37.9
08/14/2026,04:46:34,27.6,38.0
08/14/2026,04:51:34,27.6,38.0
08/14/2026,04:56:34,27.5,38.0
08/14/2026,05:01:34,27.5,38.0
08/14/2026,05:06:34,27.5,38.1
08/14/2026,05:11:34,27.5,38.1
08/14/2026,05:16:34,27.5,38.1
08/14/2026,05:21:34,27.5,38.2
08/14/2026,05:26:34,27.4,38.1
08/14/2026,05:31:34,27.4,38.2
08/14/2026,05:36:34,27.4,38.2
08/14/2026,05:41:34,27.4,38.2
08/14/2026,05:46:34,27.4,38.2
08/14/2026,05:51:34,27.3,38.2
08/14/2026,05:56:34,27.3,38.2
08/14/2026,06:01:34,27.3,38.3
08/14/2026,06:06:34,27.3,38.3
08/14/2026,06:11:34,27.3,38.3
08/14/2026,06:16:34,27.2,38.4
08/14/2026,06:21:34,27.2,38.4
08/14/2026,06:26:34,27.2,38.4
08/14/2026,06:31:34,27.2,38.4
08/14/2026,06:36:34,27.2,38.5
08/14/2026,06:41:34,27.2,38.6
08/14/2026,06:46:34,27.2,38.6
08/14/2026,06:51:34,27.1,38.6
08/14/2026,06:56:34,27.1,38.7
08/14/2026,07:01:34,27.1,38.6
08/14/2026,07:06:34,27.1,38.7
08/14/2026,07:11:34,27.1,38.6
08/14/2026,07:16:34,27.2,38.8
08/14/2026,07:21:34,27.1,38.9
08/14/2026,07:26:34,27.1,39.0
08/14/2026,07:31:34,27.2,39.1
08/14/2026,07:36:34,27.2,39.1
08/14/2026,07:41:34,27.2,39.2
08/14/2026,07:46:34,27.2,39.2
08/14/2026,07:51:34,27.2,39.2
08/14/2026,07:56:34,27.2,39.3
08/14/2026,08:01:34,27.2,39.3
08/14/2026,08:06:34,27.2,39.3
08/14/2026,08:11:34,27.2,39.3
08/14/2026,08:16:34,27.2,39.3
08/14/2026,08:21:34,27.2,39.3
08/14/2026,08:26:34,27.3,39.5
08/14/2026,08:31:34,27.3,39.4
08/14/2026,08:36:34,27.3,39.5
08/14/2026,08:41:34,27.3,39.5
08/14/2026,08:46:34,27.3,39.4
08/14/2026,08:51:34,27.3,39.6
08/14/2026,08:56:34,27.3,39.5
08/14/2026,09:01:34,27.4,39.5
08/14/2026,09:06:34,27.3,39.6
08/14/2026,09:11:34,27.4,39.5
08/14/2026,09:16:34,27.4,39.5
08/14/2026,09:21:34,27.4,39.5
08/14/2026,09:26:34,27.5,39.6
08/14/2026,09:31:34,27.5,39.6
08/14/2026,09:36:34,27.5,39.6
08/14/2026,09:41:34,27.5,39.7
08/14/2026,09:46:34,27.5,39.7
08/14/2026,09:51:34,27.6,39.8
08/14/2026,09:56:34,27.5,39.7
08/14/2026,10:01:34,27.6,39.8
08/14/2026,10:06:34,27.6,39.8
08/14/2026,10:11:34,27.6,39.7
08/14/2026,10:16:34,27.6,39.8
08/14/2026,10:21:34,27.6,39.8
08/14/2026,10:26:34,27.6,39.8
08/14/2026,10:31:34,27.7,39.9
08/14/2026,10:36:34,27.7,39.9
08/14/2026,10:41:34,27.7,39.9
08/14/2026,10:46:34,27.7,39.9
08/14/2026,10:51:34,27.7,39.9
08/14/2026,10:56:34,27.7,40.0
08/14/2026,11:01:34,27.7,40.0
08/14/2026,11:06:34,27.8,40.1
08/14/2026,11:11:34,27.8,40.2
08/14/2026,11:16:34,27.8,40.3
08/14/2026,11:21:34,27.8,40.4
08/14/2026,11:26:34,27.8,40.5
08/14/2026,11:31:34,27.8,40.6
08/14/2026,11:36:34,27.9,40.6
08/14/2026,11:41:34,27.9,40.7
08/14/2026,11:46:34,27.9,41.0
08/14/2026,11:51:34,27.9,41.1
08/14/2026,11:56:34,28.0,41.4
08/14/2026,12:01:34,28.0,41.6
08/14/2026,12:06:34,28.1,42.2
08/14/2026,12:11:34,28.1,42.6
08/14/2026,12:16:34,28.2,42.8
08/14/2026,12:21:34,28.3,43.3
08/14/2026,12:26:34,28.4,43.3
08/14/2026,12:31:34,28.4,43.9
08/14/2026,12:36:34,28.4,44.1
08/14/2026,12:41:34,28.5,44.3
08/14/2026,12:46:34,28.6,44.4
08/14/2026,12:51:34,28.6,44.3
08/14/2026,12:56:34,28.7,44.7
08/14/2026,13:01:34,28.8,44.7
08/14/2026,13:06:34,28.9,44.9
08/14/2026,13:11:34,28.9,44.8
08/14/2026,13:16:34,29.0,44.7
08/14/2026,13:21:34,29.0,44.7
08/14/2026,13:26:34,29.1,44.7
08/14/2026,13:31:34,29.2,44.7
08/14/2026,13:36:34,29.2,44.6
08/14/2026,13:41:34,29.3,44.5
08/14/2026,13:46:34,29.4,44.4
08/14/2026,13:51:34,29.5,44.3
08/14/2026,13:56:34,29.5,44.2
08/14/2026,14:01:34,29.6,44.2
08/14/2026,14:06:34,29.7,44.1
08/14/2026,14:11:34,29.7,44.0
08/14/2026,14:16:34,29.8,44.0
08/14/2026,14:21:34,29.8,43.9
08/14/2026,14:26:34,29.9,43.8
08/14/2026,14:31:34,30.0,43.6
08/14/2026,14:36:34,30.1,43.5
08/14/2026,14:41:34,30.1,43.4
08/14/2026,14:46:34,30.1,43.0
08/14/2026,14:51:34,30.2,43.0
08/14/2026,14:56:34,30.2,42.9
08/14/2026,15:01:34,30.3,42.8
08/14/2026,15:06:34,30.3,42.6
08/14/2026,15:11:34,30.4,42.4
08/14/2026,15:16:34,30.5,42.0
08/14/2026,15:21:34,30.5,41.6
08/14/2026,15:26:34,30.6,41.4
08/14/2026,15:31:34,30.6,41.0
08/14/2026,15:36:34,30.7,41.0
08/14/2026,15:41:34,30.7,40.6
08/14/2026,15:46:34,30.7,40.3
08/14/2026,15:51:34,30.8,40.1
08/14/2026,15:56:34,30.8,40.0
08/14/2026,16:01:34,30.8,39.8
08/14/2026,16:06:34,30.8,39.5
08/14/2026,16:11:34,30.8,39.6
08/14/2026,16:16:34,30.8,39.4
08/14/2026,16:21:34,30.8,39.3
08/14/2026,16:26:34,30.8,39.3
08/14/2026,16:31:34,30.8,39.1
08/14/2026,16:36:34,30.8,39.0
08/14/2026,16:41:34,30.8,38.9
08/14/2026,16:46:34,30.8,38.7
08/14/2026,16:51:34,30.9,38.5
08/14/2026,16:56:34,30.9,38.3
08/14/2026,17:01:34,30.9,38.2
08/14/2026,17:06:34,30.9,37.9
08/14/2026,17:11:34,30.9,37.7
08/14/2026,17:16:34,30.9,37.6
08/14/2026,17:21:34,30.9,37.6
08/14/2026,17:26:34,31.0,37.5
08/14/2026,17:31:34,31.0,37.3
08/14/2026,17:36:34,31.0,37.3
08/14/2026,17:41:34,31.0,37.1
08/14/2026,17:46:34,31.0,37.0
08/14/2026,17:51:34,31.0,37.0
08/14/2026,17:56:34,31.0,37.0
08/14/2026,18:01:34,31.0,36.9
08/14/2026,18:06:34,31.0,36.9
08/14/2026,18:11:34,31.0,37.0
08/14/2026,18:16:34,31.0,36.9
08/14/2026,18:21:34,31.0,37.0
08/14/2026,18:26:34,30.9,36.9
08/14/2026,18:31:34,30.9,37.0
08/14/2026,18:36:34,30.9,36.9
08/14/2026,18:41:34,30.9,36.9
08/14/2026,18:46:34,30.8,36.9
08/14/2026,18:51:34,30.8,36.9
08/14/2026,18:56:34,30.8,36.9
08/14/2026,19:01:34,30.8,37.0
08/14/2026,19:06:34,30.8,37.0
08/14/2026,19:11:34,30.7,37.0
08/14/2026,19:16:34,30.7,37.0
08/14/2026,19:21:34,30.7,37.0
08/14/2026,19:26:34,30.7,37.0
08/14/2026,19:31:34,30.6,36.9
08/14/2026,19:36:34,30.6,36.9
08/14/2026,19:41:34,30.6,37.0
08/14/2026,19:46:34,30.5,37.0
08/14/2026,19:51:34,30.5,37.3
08/14/2026,19:56:34,30.5,37.5
08/14/2026,20:01:34,30.5,37.7
08/14/2026,20:06:34,30.4,37.6
08/14/2026,20:11:34,30.4,37.9
08/14/2026,20:16:34,30.4,37.9
08/14/2026,20:21:34,30.3,38.0
08/14/2026,20:26:34,30.3,38.1
08/14/2026,20:31:34,30.3,38.2
08/14/2026,20:36:34,30.2,38.3
08/14/2026,20:41:34,30.2,38.4
08/14/2026,20:46:34,30.2,38.5
08/14/2026,20:51:34,30.1,38.6
08/14/2026,20:56:34,30.1,38.8
08/14/2026,21:01:34,30.0,39.1
08/14/2026,21:06:34,30.0,39.3
08/14/2026,21:11:34,29.9,39.6
08/14/2026,21:16:34,29.8,39.8
08/14/2026,21:21:34,29.8,39.9
08/14/2026,21:26:34,29.7,40.0
08/14/2026,21:31:34,29.7,40.2
08/14/2026,21:36:34,29.7,40.2
08/14/2026,21:41:34,29.6,40.5
08/14/2026,21:46:34,29.5,40.5
08/14/2026,21:51:34,29.5,40.7
08/14/2026,21:56:34,29.5,40.7
08/14/2026,22:01:34,29.4,40.7
08/14/2026,22:06:34,29.4,40.9
08/14/2026,22:11:34,29.4,41.0
08/14/2026,22:16:34,29.3,41.2
08/14/2026,22:21:34,29.3,41.2
08/14/2026,22:26:34,29.3,41.3
08/14/2026,22:31:34,29.3,41.4
08/14/2026,22:36:34,29.2,41.5
08/14/2026,22:41:34,29.2,41.6
08/14/2026,22:46:34,29.2,41.6
08/14/2026,22:51:34,29.1,41.8
08/14/2026,22:56:34,29.1,41.9
08/14/2026,23:01:34,29.1,41.9
08/14/2026,23:06:34,29.0,42.0
08/14/2026,23:11:34,29.0,42.1
08/14/2026,23:16:34,29.0,42.2
08/14/2026,23:21:34,28.9,42.3
08/14/2026,23:26:34,28.9,42.3
08/14/2026,23:31:34,28.9,42.4
08/14/2026,23:36:34,28.9,42.6
08/14/2026,23:41:34,28.8,42.6
08/14/2026,23:46:34,28.8,42.8
08/14/2026,23:51:34,28.8,42.9
08/14/2026,23:56:34,28.7,43.2
08/15/2026,00:01:34,28.7,43.3
08/15/2026,00:06:34,28.7,43.6
08/15/2026,00:11:34,28.6,43.9
08/15/2026,00:16:34,28.6,44.0
08/15/2026,00:21:34,28.5,44.1
08/15/2026,00:26:34,28.5,44.2
08/15/2026,00:31:34,28.5,44.4
08/15/2026,00:36:34,28.5,44.6
08/15/2026,00:41:34,28.4,44.7
08/15/2026,00:46:34,28.4,44.9
08/15/2026,00:51:34,28.3,45.0
08/15/2026,00:56:34,28.2,45.1
08/15/2026,01:01:34,28.2,45.2
08/15/2026,01:06:34,28.2,45.2
08/15/2026,01:11:34,28.1,45.3
08/15/2026,01:16:34,28.0,45.3
08/15/2026,01:21:34,28.0,45.4
08/15/2026,01:26:34,27.9,45.5
08/15/2026,01:31:34,27.9,45.5
08/15/2026,01:36:34,27.8,45.6
08/15/2026,01:41:34,27.8,45.7
08/15/2026,01:46:34,27.7,45.6
08/15/2026,01:51:34,27.7,45.7
08/15/2026,01:56:34,27.6,45.8
08/15/2026,02:01:34,27.6,45.9
08/15/2026,02:06:34,27.6,45.9
08/15/2026,02:11:34,27.5,45.9
08/15/2026,02:16:34,27.5,46.0
08/15/2026,02:21:34,27.4,46.0
08/15/2026,02:26:34,27.4,45.9
08/15/2026,02:31:34,27.3,45.8
08/15/2026,02:36:34,27.3,45.9
08/15/2026,02:41:34,27.2,45.8
08/15/2026,02:46:34,27.1,45.6
08/15/2026,02:51:34,27.0,45.7
08/15/2026,02:56:34,27.0,45.6
08/15/2026,03:01:34,26.9,45.4
08/15/2026,03:06:34,26.9,45.3
08/15/2026,03:11:34,26.8,45.2
08/15/2026,03:16:34,26.7,45.0
08/15/2026,03:21:34,26.7,44.9
08/15/2026,03:26:34,26.6,44.6
08/15/2026,03:31:34,26.6,44.6
08/15/2026,03:36:34,26.5,44.4
08/15/2026,03:41:34,26.5,44.3
08/15/2026,03:46:34,26.4,44.1
08/15/2026,03:51:34,26.3,44.0
08/15/2026,03:56:34,26.3,44.0
08/15/2026,04:01:34,26.3,43.9
08/15/2026,04:06:34,26.2,43.8
08/15/2026,04:11:34,26.2,43.8
08/15/2026,04:16:34,26.1,43.8
08/15/2026,04:21:34,26.1,43.8
08/15/2026,04:26:34,26.0,43.8
08/15/2026,04:31:34,26.0,43.9
08/15/2026,04:36:34,25.9,44.0
08/15/2026,04:41:34,25.9,44.0
08/15/2026,04:46:34,25.8,44.0
08/15/2026,04:51:34,25.8,44.1
08/15/2026,04:56:34,25.8,44.2
08/15/2026,05:01:34,25.7,44.3
08/15/2026,05:06:34,25.7,44.4
08/15/2026,05:11:34,25.7,44.5
08/15/2026,05:16:34,25.6,44.7
08/15/2026,05:21:34,25.6,44.8
08/15/2026,05:26:34,25.6,45.0
08/15/2026,05:31:34,25.6,45.3
08/15/2026,05:36:34,25.6,45.5
08/15/2026,05:41:34,25.5,46.0
08/15/2026,05:46:34,25.5,46.5
08/15/2026,05:51:34,25.5,47.1
08/15/2026,05:56:34,25.4,47.6
08/15/2026,06:01:34,25.4,48.3
08/15/2026,06:06:34,25.4,48.7
08/15/2026,06:11:34,25.4,49.1
08/15/2026,06:16:34,25.4,49.3
08/15/2026,06:21:34,25.4,49.5
08/15/2026,06:26:34,25.4,49.6
08/15/2026,06:31:34,25.4,49.7
08/15/2026,06:36:34,25.3,49.8
08/15/2026,06:41:34,25.3,49.9
08/15/2026,06:46:34,25.3,50.0
08/15/2026,06:51:34,25.3,50.1
08/15/2026,06:56:34,25.3,50.1
08/15/2026,07:01:34,25.2,50.0
08/15/2026,07:06:34,25.3,49.9
08/15/2026,07:11:34,25.2,49.9
08/15/2026,07:16:34,25.2,50.0
08/15/2026,07:21:34,25.2,49.8
08/15/2026,07:26:34,25.1,49.9
08/15/2026,07:31:34,25.1,49.9
08/15/2026,07:36:34,25.1,49.8
08/15/2026,07:41:34,25.1,49.7
08/15/2026,07:46:34,25.1,49.6
08/15/2026,07:51:34,25.0,49.4
08/15/2026,07:56:34,25.0,49.4
08/15/2026,08:01:34,24.9,49.3
08/15/2026,08:06:34,24.9,49.3
08/15/2026,08:11:34,24.9,49.2
08/15/2026,08:16:34,24.9,49.2
08/15/2026,08:21:34,24.9,49.1
08/15/2026,08:26:34,24.8,49.0
08/15/2026,08:31:34,24.8,48.9
08/15/2026,08:36:34,24.8,48.8
08/15/2026,08:41:34,24.8,48.8
08/15/2026,08:46:34,24.8,48.7
08/15/2026,08:51:34,24.8,48.7
08/15/2026,08:56:34,24.9,48.6
08/15/2026,09:01:34,24.8,48.6
08/15/2026,09:06:34,24.8,48.5
08/15/2026,09:11:34,24.9,48.5
08/15/2026,09:16:34,24.9,48.4
08/15/2026,09:21:34,24.9,48.5
08/15/2026,09:26:34,24.9,48.5
08/15/2026,09:31:34,24.9,48.6
08/15/2026,09:36:34,25.0,48.6
08/15/2026,09:41:34,25.0,48.7
08/15/2026,09:46:34,25.1,48.7
08/15/2026,09:51:34,25.1,48.7
08/15/2026,09:56:34,25.2,48.7
08/15/2026,10:01:34,25.2,48.7
08/15/2026,10:06:34,25.2,48.7
08/15/2026,10:11:34,25.3,48.8
08/15/2026,10:16:34,25.3,48.9
08/15/2026,10:21:34,25.4,49.0
08/15/2026,10:26:34,25.4,49.1
08/15/2026,10:31:34,25.5,49.2
08/15/2026,10:36:34,25.5,49.4
08/15/2026,10:41:34,25.6,49.2
08/15/2026,10:46:34,25.6,49.1
08/15/2026,10:51:34,25.6,49.0
08/15/2026,10:56:34,25.6,48.9
08/15/2026,11:01:34,25.6,48.9
08/15/2026,11:06:34,25.6,48.8
08/15/2026,11:11:34,25.5,48.8
08/15/2026,11:16:34,25.5,48.9
08/15/2026,11:21:34,25.5,48.9
08/15/2026,11:26:34,25.5,48.8
08/15/2026,11:31:34,25.5,48.9
08/15/2026,11:36:34,25.5,48.8
08/15/2026,11:41:34,25.5,48.7
08/15/2026,11:46:34,25.5,48.7
08/15/2026,11:51:34,25.5,48.7
08/15/2026,11:56:34,25.5,48.6
08/15/2026,12:01:34,25.5,48.6
08/15/2026,12:06:34,25.5,48.6
08/15/2026,12:11:34,25.5,48.7
08/15/2026,12:16:34,25.5,48.8
08/15/2026,12:21:34,25.5,48.9
08/15/2026,12:26:34,25.6,48.7
08/15/2026,12:31:34,25.6,48.7
08/15/2026,12:36:34,25.6,48.7
08/15/2026,12:41:34,25.6,48.8
08/15/2026,12:46:34,25.7,48.8
08/15/2026,12:51:34,25.7,49.0
08/15/2026,12:56:34,25.7,48.9
08/15/2026,13:01:34,25.8,48.9
08/15/2026,13:06:34,25.8,48.9
08/15/2026,13:11:34,25.8,49.0
08/15/2026,13:16:34,25.8,48.9
08/15/2026,13:21:34,25.9,49.0
08/15/2026,13:26:34,25.9,48.9
08/15/2026,13:31:34,25.9,49.1
08/15/2026,13:36:34,25.9,49.1
08/15/2026,13:41:34,25.9,49.0
08/15/2026,13:46:34,25.9,49.3
08/15/2026,13:51:34,26.0,49.1
08/15/2026,13:56:34,26.0,49.3
08/15/2026,14:01:34,26.0,49.1
08/15/2026,14:06:34,26.1,49.3
08/15/2026,14:11:34,26.1,49.0
08/15/2026,14:16:34,26.1,49.1
08/15/2026,14:21:34,26.1,49.2
08/15/2026,14:26:34,26.1,49.1
08/15/2026,14:31:34,26.2,49.0
08/15/2026,14:36:34,26.2,48.9
08/15/2026,14:41:34,26.2,48.9
08/15/2026,14:46:34,26.3,48.8
08/15/2026,14:51:34,26.3,48.7
08/15/2026,14:56:34,26.4,48.7
08/15/2026,15:01:34,26.4,48.8
08/15/2026,15:06:34,26.4,48.7
08/15/2026,15:11:34,26.4,48.8
08/15/2026,15:16:34,26.4,48.7
08/15/2026,15:21:34,26.5,48.6
08/15/2026,15:26:34,26.5,48.7
08/15/2026,15:31:34,26.5,48.7
08/15/2026,15:36:34,26.5,48.6
08/15/2026,15:41:34,26.6,48.5
08/15/2026,15:46:34,26.6,48.5
08/15/2026,15:51:34,26.6,48.4
08/15/2026,15:56:34,26.6,48.3
08/15/2026,16:01:34,26.7,48.3
08/15/2026,16:06:34,26.7,48.2
08/15/2026,16:11:34,26.7,48.1
08/15/2026,16:16:34,26.7,48.2
08/15/2026,16:21:34,26.7,48.2
08/15/2026,16:26:34,26.7,48.2
08/15/2026,16:31:34,26.8,48.2
08/15/2026,16:36:34,26.7,48.0
08/15/2026,16:41:34,26.8,47.8
08/15/2026,16:46:34,26.7,47.9
08/15/2026,16:51:34,26.7,47.7
08/15/2026,16:56:34,26.7,47.6
08/15/2026,17:01:34,26.7,47.5
08/15/2026,17:06:34,26.7,47.5
08/15/2026,17:11:34,26.7,47.5
08/15/2026,17:16:34,26.6,47.5
08/15/2026,17:21:34,26.6,47.4
08/15/2026,17:26:34,26.6,47.4
08/15/2026,17:31:34,26.5,47.4
08/15/2026,17:36:34,26.5,47.5
08/15/2026,17:41:34,26.5,47.5
08/15/2026,17:46:34,26.5,47.5
08/15/2026,17:51:34,26.5,47.5
08/15/2026,17:56:34,26.5,47.7
08/15/2026,18:01:34,26.5,47.7
08/15/2026,18:06:34,26.5,48.0
08/15/2026,18:11:34,26.5,48.0
08/15/2026,18:16:34,26.6,48.1
08/15/2026,18:21:34,26.6,48.5
08/15/2026,18:26:34,26.6,48.6
08/15/2026,18:31:34,26.6,48.5
08/15/2026,18:36:34,26.7,48.6
08/15/2026,18:41:34,26.7,48.5
08/15/2026,18:46:34,26.7,48.4
08/15/2026,18:51:34,26.8,48.2
08/15/2026,18:56:34,26.8,48.7
08/15/2026,19:01:34,26.8,48.1
08/15/2026,19:06:34,26.8,48.2
08/15/2026,19:11:34,26.8,48.1
08/15/2026,19:16:34,26.8,47.8
08/15/2026,19:21:34,26.8,47.5
08/15/2026,19:26:34,26.7,47.4
08/15/2026,19:31:34,26.7,47.3
08/15/2026,19:36:34,26.7,47.1
08/15/2026,19:41:34,26.7,47.2
08/15/2026,19:46:34,26.6,47.0
08/15/2026,19:51:34,26.6,47.0
08/15/2026,19:56:34,26.6,47.1
08/15/2026,20:01:34,26.6,46.9
08/15/2026,20:06:34,26.6,47.0
08/15/2026,20:11:34,26.5,47.0
08/15/2026,20:16:34,26.5,47.4
08/15/2026,20:21:34,26.5,47.5
08/15/2026,20:26:34,26.5,47.7
08/15/2026,20:31:34,26.5,47.9
08/15/2026,20:36:34,26.5,47.9
08/15/2026,20:41:34,26.5,47.9
08/15/2026,20:46:34,26.5,47.9
08/15/2026,20:51:34,26.6,47.9
08/15/2026,20:56:34,26.6,47.9
08/15/2026,21:01:34,26.6,48.0
08/15/2026,21:06:34,26.6,47.9
08/15/2026,21:11:34,26.6,47.8
08/15/2026,21:16:34,26.6,47.8
08/15/2026,21:21:34,26.6,47.8
08/15/2026,21:26:34,26.6,47.7
08/15/2026,21:31:34,26.6,47.6
08/15/2026,21:36:34,26.6,47.6
08/15/2026,21:41:34,26.6,47.6
08/15/2026,21:46:34,26.6,47.5
08/15/2026,21:51:34,26.5,47.5
08/15/2026,21:56:34,26.6,47.5
08/15/2026,22:01:34,26.6,47.4
08/15/2026,22:06:34,26.6,47.4
08/15/2026,22:11:34,26.6,47.3
08/15/2026,22:16:34,26.5,47.3
08/15/2026,22:21:34,26.5,47.3
08/15/2026,22:26:34,26.5,47.2
08/15/2026,22:31:34,26.5,47.2
08/15/2026,22:36:34,26.5,47.2
08/15/2026,22:41:34,26.5,47.2
08/15/2026,22:46:34,26.4,47.2
08/15/2026,22:51:34,26.4,47.1
08/15/2026,22:56:34,26.4,47.1
08/15/2026,23:01:34,26.4,47.0
08/15/2026,23:06:34,26.4,47.0
08/15/2026,23:11:34,26.3,46.9
08/15/2026,23:16:34,26.3,46.9
08/15/2026,23:21:34,26.3,46.9
08/15/2026,23:26:34,26.3,46.9
08/15/2026,23:31:34,26.3,46.8
08/15/2026,23:36:34,26.2,46.8
08/15/2026,23:41:34,26.2,46.8
08/15/2026,23:46:34,26.2,46.8
08/15/2026,23:51:34,26.2,46.8
08/15/2026,23:56:34,26.2,46.8
08/16/2026,00:01:34,26.2,46.7
08/16/2026,00:06:34,26.2,46.7
08/16/2026,00:11:34,26.1,46.6
08/16/2026,00:16:34,26.1,46.7
08/16/2026,00:21:34,26.1,46.6
08/16/2026,00:26:34,26.1,46.6
08/16/2026,00:31:34,26.1,46.6
08/16/2026,00:36:34,26.1,46.5
08/16/2026,00:41:34,26.0,46.5
08/16/2026,00:46:34,26.0,46.6
08/16/2026,00:51:34,26.0,46.5
08/16/2026,00:56:34,26.0,46.5
08/16/2026,01:01:34,26.0,46.5
08/16/2026,01:06:34,25.9,46.5
08/16/2026,01:11:34,25.9,46.4
08/16/2026,01:16:34,25.9,46.3
08/16/2026,01:21:34,25.9,46.4
08/16/2026,01:26:34,25.8,46.3
08/16/2026,01:31:34,25.9,46.3
08/16/2026,01:36:34,25.8,46.3
08/16/2026,01:41:34,25.8,46.2
08/16/2026,01:46:34,25.8,46.2
08/16/2026,01:51:34,25.8,46.2
08/16/2026,01:56:34,25.8,46.2
08/16/2026,02:01:34,25.7,46.2
08/16/2026,02:06:34,25.7,46.1
08/16/2026,02:11:34,25.7,46.1
08/16/2026,02:16:34,25.7,46.1
08/16/2026,02:21:34,25.6,46.1
08/16/2026,02:26:34,25.6,46.1
08/16/2026,02:31:34,25.6,46.1
08/16/2026,02:36:34,25.6,46.1
08/16/2026,02:41:34,25.5,46.0
08/16/2026,02:46:34,25.6,46.1
08/16/2026,02:51:34,25.5,46.0
08/16/2026,02:56:34,25.5,46.0
08/16/2026,03:01:34,25.5,46.0
08/16/2026,03:06:34,25.4,46.0
08/16/2026,03:11:34,25.4,46.0
08/16/2026,03:16:34,25.4,45.9
08/16/2026,03:21:34,25.4,45.9
08/16/2026,03:26:34,25.4,45.9
08/16/2026,03:31:34,25.3,45.9
08/16/2026,03:36:34,25.3,45.9
08/16/2026,03:41:34,25.3,45.8
08/16/2026,03:46:34,25.3,45.8
08/16/2026,03:51:34,25.3,45.8
08/16/2026,03:56:34,25.2,45.8
08/16/2026,04:01:34,25.2,45.7
08/16/2026,04:06:34,25.2,45.7
08/16/2026,04:11:34,25.2,45.7
08/16/2026,04:16:34,25.2,45.6
08/16/2026,04:21:34,25.1,45.7
08/16/2026,04:26:34,25.1,45.6
08/16/2026,04:31:34,25.1,45.5
08/16/2026,04:36:34,25.1,45.5
08/16/2026,04:41:34,25.0,45.6
08/16/2026,04:46:34,25.0,45.5
08/16/2026,04:51:34,25.0,45.5
08/16/2026,04:56:34,25.0,45.5
08/16/2026,05:01:34,25.0,45.5
08/16/2026,05:06:34,24.9,45.5
08/16/2026,05:11:34,24.9,45.5
08/16/2026,05:16:34,24.9,45.4
08/16/2026,05:21:34,24.9,45.4
08/16/2026,05:26:34,24.9,45.4
08/16/2026,05:31:34,24.9,45.4
08/16/2026,05:36:34,24.8,45.4
08/16/2026,05:41:34,24.8,45.4
08/16/2026,05:46:34,24.8,45.4
08/16/2026,05:51:34,24.8,45.4
08/16/2026,05:56:34,24.8,45.4
08/16/2026,06:01:34,24.7,45.3
08/16/2026,06:06:34,24.7,45.4
08/16/2026,06:11:34,24.7,45.4
08/16/2026,06:16:34,24.7,45.4
08/16/2026,06:21:34,24.7,45.4
08/16/2026,06:26:34,24.7,45.4
08/16/2026,06:31:34,24.6,45.4
08/16/2026,06:36:34,24.6,45.4
08/16/2026,06:41:34,24.6,45.4
08/16/2026,06:46:34,24.6,45.4
08/16/2026,06:51:34,24.6,45.5
08/16/2026,06:56:34,24.6,45.5
08/16/2026,07:01:34,24.6,45.6
08/16/2026,07:06:34,24.5,45.5
08/16/2026,07:11:34,24.5,45.7
08/16/2026,07:16:34,24.5,45.6
08/16/2026,07:21:34,24.5,45.6
08/16/2026,07:26:34,24.5,45.7
08/16/2026,07:31:34,24.5,45.7
08/16/2026,07:36:34,24.5,45.7
08/16/2026,07:41:34,24.5,45.8
08/16/2026,07:46:34,24.5,46.3
08/16/2026,07:51:34,24.4,46.6
08/16/2026,07:56:34,24.3,47.0
08/16/2026,08:01:34,24.2,47.3
08/16/2026,08:06:34,24.2,47.5
08/16/2026,08:11:34,24.1,48.0
08/16/2026,08:16:34,24.1,48.0
08/16/2026,08:21:34,24.0,48.2
08/16/2026,08:26:34,24.0,48.5
08/16/2026,08:31:34,24.0,48.7
08/16/2026,08:36:34,24.0,48.8
08/16/2026,08:41:34,24.0,49.1
08/16/2026,08:46:34,24.0,49.3
08/16/2026,08:51:34,24.0,49.6
08/16/2026,08:56:34,23.9,49.6
08/16/2026,09:01:34,24.0,49.7
08/16/2026,09:06:34,23.9,49.8
08/16/2026,09:11:34,23.9,49.8
08/16/2026,09:16:34,23.9,49.9
08/16/2026,09:21:34,23.9,50.0
08/16/2026,09:26:34,23.9,50.3
08/16/2026,09:31:34,23.9,50.3
08/16/2026,09:36:34,23.9,50.5
08/16/2026,09:41:34,24.0,50.9
08/16/2026,09:46:34,24.1,51.0
08/16/2026,09:51:34,24.1,50.8
08/16/2026,09:56:34,24.2,51.1
08/16/2026,10:01:34,24.3,50.8
08/16/2026,10:06:34,24.3,51.0
08/16/2026,10:11:34,24.4,50.9
08/16/2026,10:16:34,24.4,51.0
08/16/2026,10:21:34,24.5,50.9
08/16/2026,10:26:34,24.6,50.5
08/16/2026,10:31:34,24.6,50.1
08/16/2026,10:36:34,24.7,50.4
08/16/2026,10:41:34,24.8,50.5
08/16/2026,10:46:34,24.8,49.8
08/16/2026,10:51:34,24.8,49.7
08/16/2026,10:56:34,24.9,49.6
08/16/2026,11:01:34,24.9,49.4
08/16/2026,11:06:34,24.8,49.5
08/16/2026,11:11:34,24.8,49.3
08/16/2026,11:16:34,24.9,49.8
08/16/2026,11:21:34,24.9,50.0
08/16/2026,11:26:34,24.9,50.1
08/16/2026,11:31:34,25.0,50.5
08/16/2026,11:36:34,25.1,50.5
08/16/2026,11:41:34,25.1,50.4
08/16/2026,11:46:34,25.2,49.7
08/16/2026,11:51:34,25.2,50.2
08/16/2026,11:56:34,25.2,50.0
08/16/2026,12:01:34,25.3,50.1
08/16/2026,12:06:34,25.3,49.7
08/16/2026,12:11:34,25.4,49.6
08/16/2026,12:16:34,25.3,49.1
08/16/2026,12:21:34,25.3,49.4
08/16/2026,12:26:34,25.4,50.0
08/16/2026,12:31:34,25.4,49.8
08/16/2026,12:36:34,25.5,49.0
08/16/2026,12:41:34,25.5,48.7
08/16/2026,12:46:34,25.5,48.2
08/16/2026,12:51:34,25.5,47.7
08/16/2026,12:56:34,25.5,47.8
08/16/2026,13:01:34,25.5,47.7
08/16/2026,13:06:34,25.5,47.7
08/16/2026,13:11:34,25.5,47.6
08/16/2026,13:16:34,25.5,47.9
08/16/2026,13:21:34,25.5,47.9
08/16/2026,13:26:34,25.5,47.6
08/16/2026,13:31:34,25.5,47.6
08/16/2026,13:36:34,25.6,47.5
08/16/2026,13:41:34,25.6,47.6
08/16/2026,13:46:34,25.6,47.5
08/16/2026,13:51:34,25.7,47.4
08/16/2026,13:56:34,25.7,47.3
08/16/2026,14:01:34,25.7,47.2
08/16/2026,14:06:34,25.8,47.1
08/16/2026,14:11:34,25.8,47.1
08/16/2026,14:16:34,25.9,46.9
08/16/2026,14:21:34,25.9,46.9
08/16/2026,14:26:34,26.0,46.8
08/16/2026,14:31:34,26.0,46.7
08/16/2026,14:36:34,26.0,46.6
08/16/2026,14:41:34,26.1,46.5
08/16/2026,14:46:34,26.1,46.4
08/16/2026,14:51:34,26.1,46.2
08/16/2026,14:56:34,26.1,46.3
08/16/2026,15:01:34,26.2,46.4
08/16/2026,15:06:34,26.2,46.2
08/16/2026,15:11:34,26.2,46.1
08/16/2026,15:16:34,26.2,46.1
08/16/2026,15:21:34,26.2,46.1
08/16/2026,15:26:34,26.2,46.1
08/16/2026,15:31:34,26.2,46.2
08/16/2026,15:36:34,26.2,46.1
08/16/2026,15:41:34,26.2,46.2
08/16/2026,15:46:34,26.3,46.2
08/16/2026,15:51:34,26.3,46.3
08/16/2026,15:56:34,26.3,46.2
08/16/2026,16:01:34,26.3,45.9
08/16/2026,16:06:34,26.3,45.9
08/16/2026,16:11:34,26.4,45.6
08/16/2026,16:16:34,26.4,45.6
08/16/2026,16:21:34,26.4,45.5
08/16/2026,16:26:34,26.4,45.5
08/16/2026,16:31:34,26.4,45.2
08/16/2026,16:36:34,26.4,45.3
08/16/2026,16:41:34,26.4,45.2
08/16/2026,16:46:34,26.4,45.1
08/16/2026,16:51:34,26.4,45.0
08/16/2026,16:56:34,26.4,44.9
08/16/2026,17:01:34,26.4,44.8
08/16/2026,17:06:34,26.4,44.7
08/16/2026,17:11:34,26.4,44.5
08/16/2026,17:16:34,26.4,44.4
08/16/2026,17:21:34,26.4,44.4
08/16/2026,17:26:34,26.4,44.4
08/16/2026,17:31:34,26.4,44.4
08/16/2026,17:36:34,26.4,44.3
08/16/2026,17:41:34,26.4,44.1
08/16/2026,17:46:34,26.4,43.9
08/16/2026,17:51:34,26.3,43.8
08/16/2026,17:56:34,26.3,43.9
08/16/2026,18:01:34,26.3,43.9
08/16/2026,18:06:34,26.3,43.9
08/16/2026,18:11:34,26.2,43.9
08/16/2026,18:16:34,26.2,43.8
08/16/2026,18:21:34,26.2,43.8
08/16/2026,18:26:34,26.2,43.8
08/16/2026,18:31:34,26.2,43.7
08/16/2026,18:36:34,26.2,43.7
08/16/2026,18:41:34,26.2,43.2
08/16/2026,18:46:34,26.1,43.3
08/16/2026,18:51:34,26.1,42.9
08/16/2026,18:56:34,26.1,42.8
08/16/2026,19:01:34,26.0,42.7
08/16/2026,19:06:34,26.0,42.4
08/16/2026,19:11:34,26.0,42.4
08/16/2026,19:16:34,26.0,42.4
08/16/2026,19:21:34,26.0,42.3
08/16/2026,19:26:34,25.9,42.3
08/16/2026,19:31:34,25.9,42.3
08/16/2026,19:36:34,25.8,42.2
08/16/2026,19:41:34,25.8,42.2
08/16/2026,19:46:34,25.8,42.2
08/16/2026,19:51:34,25.7,42.2
08/16/2026,19:56:34,25.7,42.2
08/16/2026,20:01:34,25.7,42.3
08/16/2026,20:06:34,25.6,42.3
08/16/2026,20:11:34,25.5,42.3
08/16/2026,20:16:34,25.5,42.3
08/16/2026,20:21:34,25.5,42.3
08/16/2026,20:26:34,25.4,42.4
08/16/2026,20:31:34,25.4,42.4
08/16/2026,20:36:34,25.4,42.5
08/16/2026,20:41:34,25.3,42.4
08/16/2026,20:46:34,25.3,42.5
08/16/2026,20:51:34,25.3,42.5
08/16/2026,20:56:34,25.2,42.5
08/16/2026,21:01:34,25.2,42.5
08/16/2026,21:06:34,25.1,42.6
08/16/2026,21:11:34,25.1,42.6
08/16/2026,21:16:34,25.1,42.6
08/16/2026,21:21:34,25.0,42.6
08/16/2026,21:26:34,25.0,42.6
08/16/2026,21:31:34,24.9,42.6
08/16/2026,21:36:34,24.9,42.7
08/16/2026,21:41:34,24.9,42.8
08/16/2026,21:46:34,24.8,42.8
08/16/2026,21:51:34,24.8,42.9
08/16/2026,21:56:34,24.8,42.9
08/16/2026,22:01:34,24.7,43.0
08/16/2026,22:06:34,24.7,43.1
08/16/2026,22:11:34,24.7,43.3
08/16/2026,22:16:34,24.7,43.3
08/16/2026,22:21:34,24.6,43.4
08/16/2026,22:26:34,24.6,43.6
08/16/2026,22:31:34,24.6,43.6
08/16/2026,22:36:34,24.5,43.7
08/16/2026,22:41:34,24.5,43.8
08/16/2026,22:46:34,24.5,43.9
08/16/2026,22:51:34,24.4,44.1
08/16/2026,22:56:34,24.4,44.3
08/16/2026,23:01:34,24.4,44.4
08/16/2026,23:06:34,24.4,44.6
08/16/2026,23:11:34,24.3,44.8
08/16/2026,23:16:34,24.3,45.1
08/16/2026,23:21:34,24.2,45.4
08/16/2026,23:26:34,24.2,45.7
08/16/2026,23:31:34,24.2,45.8
08/16/2026,23:36:34,24.2,46.1
08/16/2026,23:41:34,24.1,46.3
08/16/2026,23:46:34,24.1,46.5
08/16/2026,23:51:34,24.1,46.8
08/16/2026,23:56:34,24.0,47.0
08/17/2026,00:01:34,24.0,47.2
08/17/2026,00:06:34,24.0,47.4
08/17/2026,00:11:34,24.0,47.6
08/17/2026,00:16:34,23.9,47.8
08/17/2026,00:21:34,23.9,48.0
08/17/2026,00:26:34,23.9,48.1
08/17/2026,00:31:34,23.8,48.2
08/17/2026,00:36:34,23.8,48.4
08/17/2026,00:41:34,23.8,48.5
08/17/2026,00:46:34,23.8,48.8
08/17/2026,00:51:34,23.7,48.8
08/17/2026,00:56:34,23.7,48.9
08/17/2026,01:01:34,23.7,49.0
08/17/2026,01:06:34,23.7,49.0
08/17/2026,01:11:34,23.7,49.1
08/17/2026,01:16:34,23.6,49.2
08/17/2026,01:21:34,23.6,49.2
08/17/2026,01:26:34,23.6,49.1
08/17/2026,01:31:34,23.6,49.2
08/17/2026,01:36:34,23.6,49.2
08/17/2026,01:41:34,23.5,49.1
08/17/2026,01:46:34,23.5,49.1
08/17/2026,01:51:34,23.4,49.0
08/17/2026,01:56:34,23.4,48.9
08/17/2026,02:01:34,23.4,48.9
08/17/2026,02:06:34,23.3,48.9
08/17/2026,02:11:34,23.3,48.9
08/17/2026,02:16:34,23.3,48.8
08/17/2026,02:21:34,23.2,48.8
08/17/2026,02:26:34,23.2,48.7
08/17/2026,02:31:34,23.2,48.6
08/17/2026,02:36:34,23.1,48.7
08/17/2026,02:41:34,23.1,48.7
08/17/2026,02:46:34,23.1,48.6
08/17/2026,02:51:34,23.0,48.6
08/17/2026,02:56:34,23.0,48.6
08/17/2026,03:01:34,23.0,48.6
08/17/2026,03:06:34,23.0,48.6
08/17/2026,03:11:34,22.9,48.5
08/17/2026,03:16:34,22.9,48.5
08/17/2026,03:21:34,22.9,48.5
08/17/2026,03:26:34,22.8,48.5
08/17/2026,03:31:34,22.8,48.5
08/17/2026,03:36:34,22.8,48.5
08/17/2026,03:41:34,22.8,48.5
08/17/2026,03:46:34,22.8,48.5
08/17/2026,03:51:34,22.8,48.5
08/17/2026,03:56:34,22.8,48.5
08/17/2026,04:01:34,22.8,48.6
08/17/2026,04:06:34,22.8,48.6
08/17/2026,04:11:34,22.8,48.5
08/17/2026,04:16:34,22.8,48.6
08/17/2026,04:21:34,22.8,48.6
08/17/2026,04:26:34,22.7,48.5
08/17/2026,04:31:34,22.7,48.5
08/17/2026,04:36:34,22.7,48.5
08/17/2026,04:41:34,22.7,48.5
08/17/2026,04:46:34,22.7,48.6
08/17/2026,04:51:34,22.7,48.6
08/17/2026,04:56:34,22.7,48.6
08/17/2026,05:01:34,22.6,48.6
08/17/2026,05:06:34,22.6,48.6
08/17/2026,05:11:34,22.5,48.7
08/17/2026,05:16:34,22.5,48.7
08/17/2026,05:21:34,22.5,48.7
08/17/2026,05:26:34,22.4,48.8
08/17/2026,05:31:34,22.3,48.8
08/17/2026,05:36:34,22.3,48.9
08/17/2026,05:41:34,22.3,49.0
08/17/2026,05:46:34,22.2,49.0
08/17/2026,05:51:34,22.2,49.0
08/17/2026,05:56:34,22.2,49.1
08/17/2026,06:01:34,22.2,49.1
08/17/2026,06:06:34,22.2,49.2
08/17/2026,06:11:34,22.1,49.3
08/17/2026,06:16:34,22.1,49.4
08/17/2026,06:21:34,22.1,49.6
08/17/2026,06:26:34,22.1,49.8
08/17/2026,06:31:34,22.0,49.9
08/17/2026,06:36:34,22.0,49.9
08/17/2026,06:41:34,22.0,49.8
08/17/2026,06:46:34,22.1,49.8
08/17/2026,06:51:34,22.1,49.9
08/17/2026,06:56:34,22.1,49.6
08/17/2026,07:01:34,22.2,49.5
08/17/2026,07:06:34,22.3,49.5
08/17/2026,07:11:34,22.3,49.4
08/17/2026,07:16:34,22.4,49.2
08/17/2026,07:21:34,22.4,49.0
08/17/2026,07:26:34,22.5,49.0
08/17/2026,07:31:34,22.5,49.0
08/17/2026,07:36:34,22.6,48.9
08/17/2026,07:41:34,22.6,48.8
08/17/2026,07:46:34,22.7,48.7
08/17/2026,07:51:34,22.7,48.7
08/17/2026,07:56:34,22.7,48.6
08/17/2026,08:01:34,22.8,48.5
08/17/2026,08:06:34,22.8,48.4
08/17/2026,08:11:34,22.9,48.2
08/17/2026,08:16:34,22.9,48.4
08/17/2026,08:21:34,22.9,48.2
08/17/2026,08:26:34,22.9,48.2
08/17/2026,08:31:34,22.9,48.2
08/17/2026,08:36:34,23.0,48.2
08/17/2026,08:41:34,23.0,48.2
08/17/2026,08:46:34,23.0,48.1
08/17/2026,08:51:34,23.0,48.1
08/17/2026,08:56:34,23.0,48.2
08/17/2026,09:01:34,23.1,48.0
08/17/2026,09:06:34,23.1,48.0
08/17/2026,09:11:34,23.1,48.0
08/17/2026,09:16:34,23.1,48.0
08/17/2026,09:21:34,23.2,48.0
08/17/2026,09:26:34,23.2,48.0
08/17/2026,09:31:34,23.2,47.9
08/17/2026,09:36:34,23.2,47.9
08/17/2026,09:41:34,23.3,47.9
08/17/2026,09:46:34,23.3,47.8
08/17/2026,09:51:34,23.3,47.9
08/17/2026,09:56:34,23.3,47.9
08/17/2026,10:01:34,23.3,47.7
08/17/2026,10:06:34,23.4,47.8
08/17/2026,10:11:34,23.4,47.6
08/17/2026,10:16:34,23.4,47.7
08/17/2026,10:21:34,23.4,47.6
08/17/2026,10:26:34,23.4,47.6
08/17/2026,10:31:34,23.4,47.6
08/17/2026,10:36:34,23.5,47.6
08/17/2026,10:41:34,23.5,47.5
08/17/2026,10:46:34,23.5,47.6
08/17/2026,10:51:34,23.5,47.6
08/17/2026,10:56:34,23.5,47.6
08/17/2026,11:01:34,23.6,47.5
08/17/2026,11:06:34,23.6,47.5
08/17/2026,11:11:34,23.6,47.5
08/17/2026,11:16:34,23.6,47.5
08/17/2026,11:21:34,23.6,47.5
08/17/2026,11:26:34,23.6,47.6
08/17/2026,11:31:34,23.7,47.5
08/17/2026,11:36:34,23.7,47.5
08/17/2026,11:41:34,23.7,47.5
08/17/2026,11:46:34,23.7,47.5
08/17/2026,11:51:34,23.7,47.6
08/17/2026,11:56:34,23.8,47.5
08/17/2026,12:01:34,23.8,47.5
08/17/2026,12:06:34,23.8,47.5
08/17/2026,12:11:34,23.9,47.4
08/17/2026,12:16:34,23.9,47.5
08/17/2026,12:21:34,23.9,47.5
08/17/2026,12:26:34,23.9,47.4
08/17/2026,12:31:34,24.0,47.4
08/17/2026,12:36:34,24.0,47.4
08/17/2026,12:41:34,24.0,47.4
08/17/2026,12:46:34,24.0,47.4
08/17/2026,12:51:34,24.1,47.4
08/17/2026,12:56:34,24.1,47.5
08/17/2026,13:01:34,24.1,47.5
08/17/2026,13:06:34,24.2,47.4
08/17/2026,13:11:34,24.2,47.4
08/17/2026,13:16:34,24.2,47.5
08/17/2026,13:21:34,24.2,47.5
08/17/2026,13:26:34,24.3,47.4
08/17/2026,13:31:34,24.3,47.5
08/17/2026,13:36:34,24.3,47.5
08/17/2026,13:41:34,24.4,47.5
08/17/2026,13:46:34,24.4,47.4
08/17/2026,13:51:34,24.4,47.4
08/17/2026,13:56:34,24.4,47.4
08/17/2026,14:01:34,24.5,47.4
08/17/2026,14:06:34,24.5,47.3
08/17/2026,14:11:34,24.5,47.3
08/17/2026,14:16:34,24.6,47.3
08/17/2026,14:21:34,24.6,47.3
08/17/2026,14:26:34,24.6,47.3
08/17/2026,14:31:34,24.6,47.3
08/17/2026,14:36:34,24.7,47.3
08/17/2026,14:41:34,24.7,47.3
08/17/2026,14:46:34,24.7,47.3
08/17/2026,14:51:34,24.7,47.3
08/17/2026,14:56:34,24.7,47.3
08/17/2026,15:01:34,24.7,47.3
08/17/2026,15:06:34,24.8,47.3
08/17/2026,15:11:34,24.8,47.3
08/17/2026,15:16:34,24.8,47.3
08/17/2026,15:21:34,24.8,47.3
08/17/2026,15:26:34,24.8,47.3
08/17/2026,15:31:34,24.8,47.3
08/17/2026,15:36:34,24.8,47.3
08/17/2026,15:41:34,24.8,47.3
08/17/2026,15:46:34,24.8,47.4
08/17/2026,15:51:34,24.9,47.3
08/17/2026,15:56:34,24.9,47.4
08/17/2026,16:01:34,24.9,47.4
08/17/2026,16:06:34,24.9,47.4
08/17/2026,16:11:34,25.0,47.4
08/17/2026,16:16:34,24.9,47.4
08/17/2026,16:21:34,25.0,47.4
08/17/2026,16:26:34,24.9,47.5
08/17/2026,16:31:34,25.0,47.4
08/17/2026,16:36:34,25.0,47.5
08/17/2026,16:41:34,25.0,47.5
08/17/2026,16:46:34,25.0,47.5
08/17/2026,16:51:34,25.0,47.5
08/17/2026,16:56:34,25.0,47.5
08/17/2026,17:01:34,25.0,47.5
08/17/2026,17:06:34,25.0,47.5
08/17/2026,17:11:34,25.0,47.5
08/17/2026,17:16:34,25.0,47.6
08/17/2026,17:21:34,25.0,47.6
08/17/2026,17:26:34,25.1,47.6
08/17/2026,17:31:34,25.1,47.6
08/17/2026,17:36:34,25.1,47.7
08/17/2026,17:41:34,25.1,47.7
08/17/2026,17:46:34,25.1,47.7
08/17/2026,17:51:34,25.1,47.8
08/17/2026,17:56:34,25.1,47.7
08/17/2026,18:01:34,25.2,47.7
08/17/2026,18:06:34,25.2,47.7
08/17/2026,18:11:34,25.2,47.7
08/17/2026,18:16:34,25.2,47.7
08/17/2026,18:21:34,25.2,47.6
08/17/2026,18:26:34,25.2,47.6
08/17/2026,18:31:34,25.2,47.6
08/17/2026,18:36:34,25.2,47.6
08/17/2026,18:41:34,25.2,47.6
08/17/2026,18:46:34,25.2,47.6
08/17/2026,18:51:34,25.2,47.6
08/17/2026,18:56:34,25.2,47.5
08/17/2026,19:01:34,25.2,47.5
08/17/2026,19:06:34,25.2,47.5
08/17/2026,19:11:34,25.2,47.5
08/17/2026,19:16:34,25.2,47.5
08/17/2026,19:21:34,25.3,47.5
08/17/2026,19:26:34,25.2,47.5
08/17/2026,19:31:34,25.2,47.5
08/17/2026,19:36:34,25.2,47.4
08/17/2026,19:41:34,25.2,47.4
08/17/2026,19:46:34,25.2,47.4
08/17/2026,19:51:34,25.2,47.4
08/17/2026,19:56:34,25.2,47.4
08/17/2026,20:01:34,25.2,47.4
08/17/2026,20:06:34,25.2,47.4
08/17/2026,20:11:34,25.2,47.4
08/17/2026,20:16:34,25.2,47.4
08/17/2026,20:21:34,25.2,47.4
08/17/2026,20:26:34,25.2,47.4
08/17/2026,20:31:34,25.2,47.5
08/17/2026,20:36:34,25.2,47.4
08/17/2026,20:41:34,25.2,47.4
08/17/2026,20:46:34,25.2,47.4
08/17/2026,20:51:34,25.2,47.4
08/17/2026,20:56:34,25.2,47.4
08/17/2026,21:01:34,25.2,47.5
08/17/2026,21:06:34,25.2,47.5
08/17/2026,21:11:34,25.1,47.6
08/17/2026,21:16:34,25.1,47.6
08/17/2026,21:21:34,25.1,47.6
08/17/2026,21:26:34,25.1,47.7
08/17/2026,21:31:34,25.1,47.6
08/17/2026,21:36:34,25.1,47.7
08/17/2026,21:41:34,25.1,47.7
08/17/2026,21:46:34,25.1,47.7
08/17/2026,21:51:34,25.1,47.7
08/17/2026,21:56:34,25.1,47.7
08/17/2026,22:01:34,25.1,47.7
08/17/2026,22:06:34,25.1,47.8
08/17/2026,22:11:34,25.1,47.9
08/17/2026,22:16:34,25.1,47.8
08/17/2026,22:21:34,25.1,47.9
08/17/2026,22:26:34,25.1,47.9
08/17/2026,22:31:34,25.1,47.9
08/17/2026,22:36:34,25.1,48.0
08/17/2026,22:41:34,25.0,47.9
08/17/2026,22:46:34,25.0,48.0
08/17/2026,22:51:34,25.0,48.0
08/17/2026,22:56:34,25.0,48.0
08/17/2026,23:01:34,25.0,48.1
08/17/2026,23:06:34,25.0,48.1
08/17/2026,23:11:34,25.0,48.1
08/17/2026,23:16:34,25.0,48.2
08/17/2026,23:21:34,25.0,48.2
08/17/2026,23:26:34,25.0,48.2
08/17/2026,23:31:34,25.0,48.3
08/17/2026,23:36:34,25.0,48.3
08/17/2026,23:41:34,24.9,48.3
08/17/2026,23:46:34,24.9,48.3
08/17/2026,23:51:34,25.0,48.4
08/17/2026,23:56:34,24.9,48.4
08/18/2026,00:01:34,24.9,48.5
08/18/2026,00:06:34,24.9,48.5
08/18/2026,00:11:34,24.9,48.5
08/18/2026,00:16:34,24.9,48.5
08/18/2026,00:21:34,24.9,48.5
08/18/2026,00:26:34,24.9,48.6
08/18/2026,00:31:34,24.9,48.5
08/18/2026,00:36:34,24.9,48.6
08/18/2026,00:41:34,24.9,48.6
08/18/2026,00:46:34,24.9,48.6
08/18/2026,00:51:34,24.9,48.7
08/18/2026,00:56:34,24.9,48.6
08/18/2026,01:01:34,24.9,48.7
08/18/2026,01:06:34,24.8,48.7
08/18/2026,01:11:34,24.8,48.7
08/18/2026,01:16:34,24.8,48.8
08/18/2026,01:21:34,24.8,48.9
08/18/2026,01:26:34,24.8,48.9
08/18/2026,01:31:34,24.8,48.9
08/18/2026,01:36:34,24.8,49.0
08/18/2026,01:41:34,24.8,49.0
08/18/2026,01:46:34,24.8,49.1
08/18/2026,01:51:34,24.8,49.0
08/18/2026,01:56:34,24.8,49.1
08/18/2026,02:01:34,24.8,49.1
08/18/2026,02:06:34,24.8,49.1
08/18/2026,02:11:34,24.8,49.1
08/18/2026,02:16:34,24.8,49.1
08/18/2026,02:21:34,24.7,49.1
08/18/2026,02:26:34,24.7,49.1
08/18/2026,02:31:34,24.7,49.2
08/18/2026,02:36:34,24.7,49.1
08/18/2026,02:41:34,24.7,49.2
08/18/2026,02:46:34,24.7,49.2
08/18/2026,02:51:34,24.7,49.3
08/18/2026,02:56:34,24.7,49.3
08/18/2026,03:01:34,24.7,49.3
08/18/2026,03:06:34,24.6,49.3
08/18/2026,03:11:34,24.6,49.3
08/18/2026,03:16:34,24.6,49.4
08/18/2026,03:21:34,24.6,49.3
08/18/2026,03:26:34,24.6,49.4
08/18/2026,03:31:34,24.6,49.6
08/18/2026,03:36:34,24.6,49.6
08/18/2026,03:41:34,24.5,49.5
08/18/2026,03:46:34,24.5,49.5
08/18/2026,03:51:34,24.5,49.6
08/18/2026,03:56:34,24.5,49.6
08/18/2026,04:01:34,24.5,49.6
08/18/2026,04:06:34,24.5,49.6
08/18/2026,04:11:34,24.5,49.6
08/18/2026,04:16:34,24.5,49.6
08/18/2026,04:21:34,24.5,49.7
08/18/2026,04:26:34,24.5,49.8
08/18/2026,04:31:34,24.4,49.7
08/18/2026,04:36:34,24.4,49.8
08/18/2026,04:41:34,24.4,49.9
08/18/2026,04:46:34,24.4,49.9
08/18/2026,04:51:34,24.4,50.0
08/18/2026,04:56:34,24.4,50.0
08/18/2026,05:01:34,24.4,50.0
08/18/2026,05:06:34,24.3,50.0
08/18/2026,05:11:34,24.3,50.1
08/18/2026,05:16:34,24.3,50.1
08/18/2026,05:21:34,24.3,50.2
08/18/2026,05:26:34,24.3,50.3
08/18/2026,05:31:34,24.3,50.3
08/18/2026,05:36:34,24.3,50.3
08/18/2026,05:41:34,24.3,50.3
08/18/2026,05:46:34,24.2,50.4
08/18/2026,05:51:34,24.2,50.4
08/18/2026,05:56:34,24.2,50.4
08/18/2026,06:01:34,24.2,50.5
08/18/2026,06:06:34,24.2,50.6
08/18/2026,06:11:34,24.2,50.6
08/18/2026,06:16:34,24.2,50.6
08/18/2026,06:21:34,24.1,50.5
08/18/2026,06:26:34,24.1,50.7
08/18/2026,06:31:34,24.1,50.6
08/18/2026,06:36:34,24.1,50.7
08/18/2026,06:41:34,24.1,50.7
08/18/2026,06:46:34,24.1,50.8
08/18/2026,06:51:34,24.1,50.7
08/18/2026,06:56:34,24.1,50.8
08/18/2026,07:01:34,24.1,50.8
08/18/2026,07:06:34,24.1,50.9
08/18/2026,07:11:34,24.1,50.9
08/18/2026,07:16:34,24.1,50.9
08/18/2026,07:21:34,24.1,50.9
08/18/2026,07:26:34,24.1,51.0
08/18/2026,07:31:34,24.0,51.1
08/18/2026,07:36:34,24.1,51.1
08/18/2026,07:41:34,24.1,51.2
08/18/2026,07:46:34,24.0,51.1
08/18/2026,07:51:34,24.0,51.2
08/18/2026,07:56:34,24.0,51.3
08/18/2026,08:01:34,24.0,51.4
08/18/2026,08:06:34,24.0,51.3
08/18/2026,08:11:34,24.0,51.4
08/18/2026,08:16:34,24.0,51.4
08/18/2026,08:21:34,24.0,51.5
08/18/2026,08:26:34,24.0,51.6
08/18/2026,08:31:34,24.0,51.6
08/18/2026,08:36:34,24.0,51.5
08/18/2026,08:41:34,24.0,51.6
08/18/2026,08:46:34,24.0,51.7
08/18/2026,08:51:34,23.9,51.7
08/18/2026,08:56:34,24.0,51.7
08/18/2026,09:01:34,23.9,51.7
08/18/2026,09:06:34,23.9,51.8
08/18/2026,09:11:34,24.0,51.8
08/18/2026,09:16:34,23.9,51.9
08/18/2026,09:21:34,23.9,52.0
08/18/2026,09:26:34,24.0,51.9
08/18/2026,09:31:34,23.9,51.9
08/18/2026,09:36:34,23.9,51.9
08/18/2026,09:41:34,23.9,52.0
08/18/2026,09:46:34,23.9,52.0
08/18/2026,09:51:34,23.9,52.0
08/18/2026,09:56:34,23.9,52.2
08/18/2026,10:01:34,23.9,52.2
08/18/2026,10:06:34,23.9,52.2
08/18/2026,10:11:34,23.9,52.3
08/18/2026,10:16:34,23.9,52.2
08/18/2026,10:21:34,23.9,52.4
08/18/2026,10:26:34,23.9,52.4
08/18/2026,10:31:34,23.9,52.4
08/18/2026,10:36:34,23.9,52.4
08/18/2026,10:41:34,23.9,52.4
08/18/2026,10:46:34,23.9,52.5
08/18/2026,10:51:34,23.9,52.6
08/18/2026,10:56:34,23.9,52.5
08/18/2026,11:01:34,23.9,52.7
08/18/2026,11:06:34,23.9,52.7
08/18/2026,11:11:34,23.9,52.9
08/18/2026,11:16:34,24.0,52.9
08/18/2026,11:21:34,24.0,52.8
08/18/2026,11:26:34,24.0,52.9
08/18/2026,11:31:34,24.0,53.0
08/18/2026,11:36:34,24.0,52.9
08/18/2026,11:41:34,24.0,53.1
08/18/2026,11:46:34,24.0,53.1
08/18/2026,11:51:34,24.1,53.1
08/18/2026,11:56:34,24.1,53.2
08/18/2026,12:01:34,24.1,53.1
08/18/2026,12:06:34,24.1,53.3
08/18/2026,12:11:34,24.1,53.3
08/18/2026,12:16:34,24.1,53.3
08/18/2026,12:21:34,24.2,53.4
08/18/2026,12:26:34,24.2,53.3
08/18/2026,12:31:34,24.2,53.3
08/18/2026,12:36:34,24.2,53.4
08/18/2026,12:41:34,24.2,53.3
08/18/2026,12:46:34,24.2,53.3
08/18/2026,12:51:34,24.3,53.3
08/18/2026,12:56:34,24.3,53.3
08/18/2026,13:01:34,24.3,53.3
08/18/2026,13:06:34,24.3,53.3
08/18/2026,13:11:34,24.3,53.2
08/18/2026,13:16:34,24.3,53.2
08/18/2026,13:21:34,24.3,53.2
08/18/2026,13:26:34,24.3,53.1
08/18/2026,13:31:34,24.3,53.0
08/18/2026,13:36:34,24.3,52.9
08/18/2026,13:41:34,24.3,52.9
08/18/2026,13:46:34,24.4,52.8
08/18/2026,13:51:34,24.3,52.8
08/18/2026,13:56:34,24.3,52.7
08/18/2026,14:01:34,24.4,52.7
08/18/2026,14:06:34,24.4,52.6
08/18/2026,14:11:34,24.4,52.6
08/18/2026,14:16:34,24.4,52.5
08/18/2026,14:21:34,24.4,52.4
08/18/2026,14:26:34,24.4,52.4
08/18/2026,14:31:34,24.4,52.3
08/18/2026,14:36:34,24.4,52.3
08/18/2026,14:41:34,24.4,52.2
08/18/2026,14:46:34,24.4,52.0
08/18/2026,14:51:34,24.4,51.9
08/18/2026,14:56:34,24.4,51.9
08/18/2026,15:01:34,24.5,51.7
08/18/2026,15:06:34,24.5,51.6
08/18/2026,15:11:34,24.5,51.6
08/18/2026,15:16:34,24.5,51.4
08/18/2026,15:21:34,24.5,51.3
08/18/2026,15:26:34,24.5,51.4
08/18/2026,15:31:34,24.5,51.3
08/18/2026,15:36:34,24.5,51.2
08/18/2026,15:41:34,24.5,51.1
08/18/2026,15:46:34,24.5,51.0
08/18/2026,15:51:34,24.5,51.0
08/18/2026,15:56:34,24.5,50.9
08/18/2026,16:01:34,24.6,51.0
08/18/2026,16:06:34,24.6,51.0
08/18/2026,16:11:34,24.6,50.9
08/18/2026,16:16:34,24.6,51.0
08/18/2026,16:21:34,24.6,50.9
08/18/2026,16:26:34,24.6,50.9
08/18/2026,16:31:34,24.6,50.9
08/18/2026,16:36:34,24.6,50.8
08/18/2026,16:41:34,24.6,50.8
08/18/2026,16:46:34,24.6,50.6
08/18/2026,16:51:34,24.6,50.7
08/18/2026,16:56:34,24.6,50.7
08/18/2026,17:01:34,24.6,50.7
08/18/2026,17:06:34,24.6,50.6
08/18/2026,17:11:34,24.6,50.6
08/18/2026,17:16:34,24.6,50.6
08/18/2026,17:21:34,24.6,50.6
08/18/2026,17:26:34,24.6,50.5
08/18/2026,17:31:34,24.6,50.6
08/18/2026,17:36:34,24.6,50.6
08/18/2026,17:41:34,24.6,50.5
08/18/2026,17:46:34,24.6,50.5
08/18/2026,17:51:34,24.6,50.5
08/18/2026,17:56:34,24.6,50.4
08/18/2026,18:01:34,24.6,50.5
08/18/2026,18:06:34,24.6,50.5
08/18/2026,18:11:34,24.6,50.4
08/18/2026,18:16:34,24.6,50.3
08/18/2026,18:21:34,24.6,50.2
08/18/2026,18:26:34,24.6,50.3
08/18/2026,18:31:34,24.6,50.3
08/18/2026,18:36:34,24.6,50.3
08/18/2026,18:41:34,24.6,50.2
08/18/2026,18:46:34,24.6,50.0
08/18/2026,18:51:34,24.6,50.1
08/18/2026,18:56:34,24.6,50.0
08/18/2026,19:01:34,24.6,50.0
08/18/2026,19:06:34,24.6,49.9
08/18/2026,19:11:34,24.6,50.1
08/18/2026,19:16:34,24.7,50.3
08/18/2026,19:21:34,24.7,50.1
08/18/2026,19:26:34,24.7,50.2
08/18/2026,19:31:34,24.7,50.2
08/18/2026,19:36:34,24.8,50.4
08/18/2026,19:41:34,24.8,50.5
08/18/2026,19:46:34,24.8,50.3
08/18/2026,19:51:34,24.8,50.2
08/18/2026,19:56:34,24.9,50.0
08/18/2026,20:01:34,24.8,49.9
08/18/2026,20:06:34,24.8,49.8
08/18/2026,20:11:34,24.8,49.8
08/18/2026,20:16:34,24.8,49.7
08/18/2026,20:21:34,24.8,49.7
08/18/2026,20:26:34,24.8,49.6
08/18/2026,20:31:34,24.8,49.6
08/18/2026,20:36:34,24.8,49.6
08/18/2026,20:41:34,24.8,49.5
08/18/2026,20:46:34,24.8,49.5
08/18/2026,20:51:34,24.7,49.4
08/18/2026,20:56:34,24.7,49.4
08/18/2026,21:01:34,24.7,49.4
08/18/2026,21:06:34,24.7,49.4
08/18/2026,21:11:34,24.7,49.3
08/18/2026,21:16:34,24.6,49.3
08/18/2026,21:21:34,24.7,49.2
08/18/2026,21:26:34,24.6,49.3
08/18/2026,21:31:34,24.6,49.4
08/18/2026,21:36:34,24.6,49.7
08/18/2026,21:41:34,24.6,49.5
08/18/2026,21:46:34,24.6,49.7
08/18/2026,21:51:34,24.6,49.7
08/18/2026,21:56:34,24.6,49.7
08/18/2026,22:01:34,24.6,49.8
08/18/2026,22:06:34,24.5,49.7
08/18/2026,22:11:34,24.5,49.9
08/18/2026,22:16:34,24.5,49.8
08/18/2026,22:21:34,24.5,49.9
08/18/2026,22:26:34,24.5,49.9
08/18/2026,22:31:34,24.5,49.9
08/18/2026,22:36:34,24.5,49.9
08/18/2026,22:41:34,24.4,49.9
08/18/2026,22:46:34,24.5,49.9
08/18/2026,22:51:34,24.4,49.9
08/18/2026,22:56:34,24.4,49.8
08/18/2026,23:01:34,24.4,49.8
08/18/2026,23:06:34,24.4,49.8
08/18/2026,23:11:34,24.4,49.8
08/18/2026,23:16:34,24.4,49.8
08/18/2026,23:21:34,24.4,49.8
08/18/2026,23:26:34,24.3,49.8
08/18/2026,23:31:34,24.3,49.8
08/18/2026,23:36:34,24.3,49.8
08/18/2026,23:41:34,24.3,49.8
08/18/2026,23:46:34,24.3,49.8
08/18/2026,23:51:34,24.3,49.8
08/18/2026,23:56:34,24.3,49.7
08/19/2026,00:01:34,24.3,49.8
08/19/2026,00:06:34,24.2,49.7
08/19/2026,00:11:34,24.2,49.7
08/19/2026,00:16:34,24.2,49.7
08/19/2026,00:21:34,24.2,49.7
08/19/2026,00:26:34,24.2,49.6
08/19/2026,00:31:34,24.2,49.6
08/19/2026,00:36:34,24.2,49.7
08/19/2026,00:41:34,24.1,49.6
08/19/2026,00:46:34,24.1,49.7
08/19/2026,00:51:34,24.1,49.6
08/19/2026,00:56:34,24.1,49.7
08/19/2026,01:01:34,24.1,49.7
08/19/2026,01:06:34,24.1,49.7
08/19/2026,01:11:34,24.1,49.7
08/19/2026,01:16:34,24.0,49.7
08/19/2026,01:21:34,24.1,49.6
08/19/2026,01:26:34,24.1,49.6
08/19/2026,01:31:34,24.0,49.6
08/19/2026,01:36:34,24.0,49.6
08/19/2026,01:41:34,24.0,49.6
08/19/2026,01:46:34,24.0,49.6
08/19/2026,01:51:34,24.0,49.6
08/19/2026,01:56:34,24.0,49.6
08/19/2026,02:01:34,23.9,49.6
08/19/2026,02:06:34,23.9,49.6
08/19/2026,02:11:34,23.9,49.7
08/19/2026,02:16:34,23.9,49.6
08/19/2026,02:21:34,23.9,49.6
08/19/2026,02:26:34,23.9,49.6
08/19/2026,02:31:34,23.9,49.7
08/19/2026,02:36:34,23.9,49.7
08/19/2026,02:41:34,23.9,49.7
08/19/2026,02:46:34,23.8,49.7
08/19/2026,02:51:34,23.8,49.7
08/19/2026,02:56:34,23.8,49.7
08/19/2026,03:01:34,23.8,49.8
08/19/2026,03:06:34,23.8,49.8
08/19/2026,03:11:34,23.8,49.9
08/19/2026,03:16:34,23.8,49.8
08/19/2026,03:21:34,23.8,49.9
08/19/2026,03:26:34,23.8,49.9
08/19/2026,03:31:34,23.7,49.8
08/19/2026,03:36:34,23.7,49.9
08/19/2026,03:41:34,23.7,49.9
08/19/2026,03:46:34,23.7,49.9
08/19/2026,03:51:34,23.7,49.9
08/19/2026,03:56:34,23.7,49.9
08/19/2026,04:01:34,23.7,49.9
08/19/2026,04:06:34,23.7,50.0
08/19/2026,04:11:34,23.6,50.0
08/19/2026,04:16:34,23.6,50.0
08/19/2026,04:21:34,23.6,50.0
08/19/2026,04:26:34,23.6,50.0
08/19/2026,04:31:34,23.6,50.0
08/19/2026,04:36:34,23.6,50.0
08/19/2026,04:41:34,23.6,50.0
08/19/2026,04:46:34,23.6,50.1
08/19/2026,04:51:34,23.6,50.1
08/19/2026,04:56:34,23.5,50.1
08/19/2026,05:01:34,23.5,50.0
08/19/2026,05:06:34,23.5,50.0
08/19/2026,05:11:34,23.5,50.0
08/19/2026,05:16:34,23.5,50.0
08/19/2026,05:21:34,23.5,50.0
08/19/2026,05:26:34,23.5,50.1
08/19/2026,05:31:34,23.5,50.1
08/19/2026,05:36:34,23.4,50.0
08/19/2026,05:41:34,23.4,50.0
08/19/2026,05:46:34,23.4,50.0
08/19/2026,05:51:34,23.4,50.2
08/19/2026,05:56:34,23.4,50.2
08/19/2026,06:01:34,23.4,50.2
08/19/2026,06:06:34,23.4,50.1
08/19/2026,06:11:34,23.4,50.2
08/19/2026,06:16:34,23.4,50.2
08/19/2026,06:21:34,23.3,50.2
08/19/2026,06:26:34,23.3,50.2
08/19/2026,06:31:34,23.3,50.2
08/19/2026,06:36:34,23.3,50.2
08/19/2026,06:41:34,23.3,50.2
08/19/2026,06:46:34,23.3,50.2
08/19/2026,06:51:34,23.3,50.3
08/19/2026,06:56:34,23.2,50.3
08/19/2026,07:01:34,23.2,50.3
08/19/2026,07:06:34,23.2,50.3
08/19/2026,07:11:34,23.2,50.3
08/19/2026,07:16:34,23.2,50.3
08/19/2026,07:21:34,23.2,50.3
08/19/2026,07:26:34,23.2,50.4
08/19/2026,07:31:34,23.2,50.4
08/19/2026,07:36:34,23.2,50.4
08/19/2026,07:41:34,23.2,50.4
08/19/2026,07:46:34,23.2,50.4
08/19/2026,07:51:34,23.2,50.4
08/19/2026,07:56:34,23.2,50.4
08/19/2026,08:01:34,23.1,50.5
08/19/2026,08:06:34,23.1,50.4
08/19/2026,08:11:34,23.1,50.5
08/19/2026,08:16:34,23.1,50.5
08/19/2026,08:21:34,23.1,50.5
08/19/2026,08:26:34,23.1,50.5
08/19/2026,08:31:34,23.2,50.6
08/19/2026,08:36:34,23.1,50.6
08/19/2026,08:41:34,23.2,50.7
08/19/2026,08:46:34,23.1,50.6
08/19/2026,08:51:34,23.1,50.7
08/19/2026,08:56:34,23.1,50.7
08/19/2026,09:01:34,23.2,50.7
08/19/2026,09:06:34,23.1,50.7
08/19/2026,09:11:34,23.2,50.7
08/19/2026,09:16:34,23.1,50.7
08/19/2026,09:21:34,23.2,50.7
08/19/2026,09:26:34,23.2,50.7
08/19/2026,09:31:34,23.2,50.7
08/19/2026,09:36:34,23.2,50.7
08/19/2026,09:41:34,23.2,50.7
08/19/2026,09:46:34,23.2,50.7
08/19/2026,09:51:34,23.2,50.7
08/19/2026,09:56:34,23.2,50.7
08/19/2026,10:01:34,23.2,50.6
08/19/2026,10:06:34,23.2,50.7
08/19/2026,10:11:34,23.2,50.7
08/19/2026,10:16:34,23.2,50.7
08/19/2026,10:21:34,23.2,50.6
08/19/2026,10:26:34,23.2,50.7
08/19/2026,10:31:34,23.2,50.6
08/19/2026,10:36:34,23.2,50.6
08/19/2026,10:41:34,23.2,50.5
08/19/2026,10:46:34,23.3,50.6
08/19/2026,10:51:34,23.3,50.5
08/19/2026,10:56:34,23.3,50.5
08/19/2026,11:01:34,23.3,50.5
08/19/2026,11:06:34,23.3,50.5
08/19/2026,11:11:34,23.3,50.5
08/19/2026,11:16:34,23.3,50.5
08/19/2026,11:21:34,23.3,50.5
08/19/2026,11:26:34,23.3,50.5
08/19/2026,11:31:34,23.3,50.5
08/19/2026,11:36:34,23.3,50.5
08/19/2026,11:41:34,23.3,50.5
08/19/2026,11:46:34,23.3,50.4
08/19/2026,11:51:34,23.3,50.4
08/19/2026,11:56:34,23.4,50.4
08/19/2026,12:01:34,23.4,50.4
08/19/2026,12:06:34,23.4,50.4
08/19/2026,12:11:34,23.4,50.3
08/19/2026,12:16:34,23.4,50.3
08/19/2026,12:21:34,23.4,50.3
08/19/2026,12:26:34,23.4,50.3
08/19/2026,12:31:34,23.4,50.3
08/19/2026,12:36:34,23.4,50.3
08/19/2026,12:41:34,23.4,50.2
08/19/2026,12:46:34,23.5,50.2
08/19/2026,12:51:34,23.5,50.1
08/19/2026,12:56:34,23.5,50.2
08/19/2026,13:01:34,23.5,50.1
08/19/2026,13:06:34,23.5,50.1
08/19/2026,13:11:34,23.5,50.1
08/19/2026,13:16:34,23.5,50.1
08/19/2026,13:21:34,23.5,50.0
08/19/2026,13:26:34,23.5,50.1
08/19/2026,13:31:34,23.5,50.1
08/19/2026,13:36:34,23.6,50.2
08/19/2026,13:41:34,23.6,50.1
08/19/2026,13:46:34,23.6,50.1
08/19/2026,13:51:34,23.6,50.1
08/19/2026,13:56:34,23.6,50.0
08/19/2026,14:01:34,23.6,50.0
08/19/2026,14:06:34,23.7,50.0
08/19/2026,14:11:34,23.7,50.0
08/19/2026,14:16:34,23.6,49.9
08/19/2026,14:21:34,23.6,50.0
08/19/2026,14:26:34,23.7,50.0
08/19/2026,14:31:34,23.7,50.0
08/19/2026,14:36:34,23.7,49.9
08/19/2026,14:41:34,23.7,49.9
08/19/2026,14:46:34,23.7,49.9
08/19/2026,14:51:34,23.7,49.9
08/19/2026,14:56:34,23.7,49.8
08/19/2026,15:01:34,23.7,49.9
08/19/2026,15:06:34,23.7,49.8
08/19/2026,15:11:34,23.8,49.7
08/19/2026,15:16:34,23.8,49.7
08/19/2026,15:21:34,23.8,49.7
08/19/2026,15:26:34,23.8,49.6
08/19/2026,15:31:34,23.8,49.5
08/19/2026,15:36:34,23.8,49.5
08/19/2026,15:41:34,23.8,49.5
08/19/2026,15:46:34,23.9,49.5
08/19/2026,15:51:34,23.9,49.4
08/19/2026,15:56:34,23.9,49.4
08/19/2026,16:01:34,23.9,49.4
08/19/2026,16:06:34,23.9,49.4
08/19/2026,16:11:34,24.0,49.5
08/19/2026,16:16:34,24.0,49.5
08/19/2026,16:21:34,24.0,49.5
08/19/2026,16:26:34,24.1,49.3
08/19/2026,16:31:34,24.1,49.4
08/19/2026,16:36:34,24.1,49.3
08/19/2026,16:41:34,24.1,49.3
08/19/2026,16:46:34,24.1,49.2
08/19/2026,16:51:34,24.1,49.2
08/19/2026,16:56:34,24.2,49.2
08/19/2026,17:01:34,24.2,49.2
08/19/2026,17:06:34,24.2,49.2
08/19/2026,17:11:34,24.3,49.1
08/19/2026,17:16:34,24.3,49.2
08/19/2026,17:21:34,24.3,49.1
08/19/2026,17:26:34,24.3,49.1
08/19/2026,17:31:34,24.3,49.1
08/19/2026,17:36:34,24.3,49.0
08/19/2026,17:41:34,24.3,49.0
08/19/2026,17:46:34,24.3,48.9
08/19/2026,17:51:34,24.3,48.7
08/19/2026,17:56:34,24.3,48.6
08/19/2026,18:01:34,24.3,48.6
08/19/2026,18:06:34,24.3,48.5
08/19/2026,18:11:34,24.3,48.5
08/19/2026,18:16:34,24.3,48.5
08/19/2026,18:21:34,24.3,48.8
08/19/2026,18:26:34,24.2,48.8
08/19/2026,18:31:34,24.2,48.9
08/19/2026,18:36:34,24.3,49.0
08/19/2026,18:41:34,24.3,49.0
08/19/2026,18:46:34,24.3,49.1
08/19/2026,18:51:34,24.3,49.1
08/19/2026,18:56:34,24.2,49.1
08/19/2026,19:01:34,24.2,49.2
08/19/2026,19:06:34,24.3,49.3
08/19/2026,19:11:34,24.3,49.5
08/19/2026,19:16:34,24.3,49.6
08/19/2026,19:21:34,24.3,49.8
08/19/2026,19:26:34,24.3,50.0
08/19/2026,19:31:34,24.4,50.2
08/19/2026,19:36:34,24.4,50.2
08/19/2026,19:41:34,24.4,50.4
08/19/2026,19:46:34,24.5,50.5
08/19/2026,19:51:34,24.5,50.6
08/19/2026,19:56:34,24.5,50.7
08/19/2026,20:01:34,24.5,50.7
08/19/2026,20:06:34,24.6,50.7
08/19/2026,20:11:34,24.6,50.7
08/19/2026,20:16:34,24.6,50.7
08/19/2026,20:21:34,24.6,50.7
08/19/2026,20:26:34,24.6,50.7
08/19/2026,20:31:34,24.6,50.7
08/19/2026,20:36:34,24.6,50.8
08/19/2026,20:41:34,24.6,50.7
08/19/2026,20:46:34,24.6,50.5
08/19/2026,20:51:34,24.6,50.5
08/19/2026,20:56:34,24.5,50.5
08/19/2026,21:01:34,24.5,50.4
08/19/2026,21:06:34,24.5,50.4
08/19/2026,21:11:34,24.5,50.4
08/19/2026,21:16:34,24.5,50.3
08/19/2026,21:21:34,24.5,50.3
08/19/2026,21:26:34,24.5,50.3
08/19/2026,21:31:34,24.4,50.1
08/19/2026,21:36:34,24.4,50.1
08/19/2026,21:41:34,24.4,50.0
08/19/2026,21:46:34,24.4,50.1
08/19/2026,21:51:34,24.4,50.2
08/19/2026,21:56:34,24.3,50.2
08/19/2026,22:01:34,24.3,50.2
08/19/2026,22:06:34,24.3,50.1
08/19/2026,22:11:34,24.3,50.2
08/19/2026,22:16:34,24.3,50.1
08/19/2026,22:21:34,24.3,50.2
08/19/2026,22:26:34,24.3,50.1
08/19/2026,22:31:34,24.2,50.2
08/19/2026,22:36:34,24.2,50.3
08/19/2026,22:41:34,24.2,50.3
08/19/2026,22:46:34,24.2,50.3
08/19/2026,22:51:34,24.2,50.3
08/19/2026,22:56:34,24.2,50.3
08/19/2026,23:01:34,24.1,50.3
08/19/2026,23:06:34,24.1,50.4
08/19/2026,23:11:34,24.1,50.3
08/19/2026,23:16:34,24.1,50.3
08/19/2026,23:21:34,24.1,50.3
08/19/2026,23:26:34,24.1,50.2
08/19/2026,23:31:34,24.1,50.2
08/19/2026,23:36:34,24.0,50.2
08/19/2026,23:41:34,24.0,50.2
08/19/2026,23:46:34,24.0,50.2
08/19/2026,23:51:34,24.0,50.2
08/19/2026,23:56:34,23.9,50.2
08/20/2026,00:01:34,23.9,50.2
08/20/2026,00:06:34,23.9,50.2
08/20/2026,00:11:34,23.9,50.2
08/20/2026,00:16:34,23.9,50.1
08/20/2026,00:21:34,23.9,50.2
08/20/2026,00:26:34,23.8,50.2
08/20/2026,00:31:34,23.8,50.2
08/20/2026,00:36:34,23.8,50.2
08/20/2026,00:41:34,23.8,50.2
08/20/2026,00:46:34,23.8,50.2
08/20/2026,00:51:34,23.8,50.2
08/20/2026,00:56:34,23.7,50.2
08/20/2026,01:01:34,23.7,50.2
08/20/2026,01:06:34,23.7,50.2
08/20/2026,01:11:34,23.7,50.2
08/20/2026,01:16:34,23.7,50.1
08/20/2026,01:21:34,23.6,50.1
08/20/2026,01:26:34,23.6,50.2
08/20/2026,01:31:34,23.6,50.2
08/20/2026,01:36:34,23.6,50.1
08/20/2026,01:41:34,23.6,50.1
08/20/2026,01:46:34,23.6,50.0
08/20/2026,01:51:34,23.6,50.0
08/20/2026,01:56:34,23.6,49.9
08/20/2026,02:01:34,23.5,50.0
08/20/2026,02:06:34,23.5,50.0
08/20/2026,02:11:34,23.5,49.9
08/20/2026,02:16:34,23.5,49.9
08/20/2026,02:21:34,23.4,49.9
08/20/2026,02:26:34,23.4,49.9
08/20/2026,02:31:34,23.4,49.9
08/20/2026,02:36:34,23.4,49.8
08/20/2026,02:41:34,23.4,49.9
08/20/2026,02:46:34,23.4,49.9
08/20/2026,02:51:34,23.3,49.9
08/20/2026,02:56:34,23.3,49.8
08/20/2026,03:01:34,23.3,49.8
08/20/2026,03:06:34,23.3,49.8
08/20/2026,03:11:34,23.2,49.8
08/20/2026,03:16:34,23.2,49.8
08/20/2026,03:21:34,23.2,49.8
08/20/2026,03:26:34,23.2,49.8
08/20/2026,03:31:34,23.2,49.8
08/20/2026,03:36:34,23.2,49.8
08/20/2026,03:41:34,23.2,49.7
08/20/2026,03:46:34,23.1,49.7
08/20/2026,03:51:34,23.2,49.7
08/20/2026,03:56:34,23.1,49.8
08/20/2026,04:01:34,23.1,49.7
08/20/2026,04:06:34,23.1,49.8
08/20/2026,04:11:34,23.1,49.8
08/20/2026,04:16:34,23.0,49.8
08/20/2026,04:21:34,23.0,49.8
08/20/2026,04:26:34,23.0,49.8
08/20/2026,04:31:34,23.0,49.7
08/20/2026,04:36:34,23.0,49.7
08/20/2026,04:41:34,22.9,49.7
08/20/2026,04:46:34,23.0,49.7
08/20/2026,04:51:34,22.9,49.7
08/20/2026,04:56:34,22.9,49.7
08/20/2026,05:01:34,22.9,49.7
08/20/2026,05:06:34,22.9,49.7
08/20/2026,05:11:34,22.9,49.7
08/20/2026,05:16:34,22.9,49.7
08/20/2026,05:21:34,22.8,49.7
08/20/2026,05:26:34,22.8,49.7
08/20/2026,05:31:34,22.8,49.7
08/20/2026,05:36:34,22.8,49.7
08/20/2026,05:41:34,22.7,49.6
08/20/2026,05:46:34,22.8,49.6
08/20/2026,05:51:34,22.7,49.7
08/20/2026,05:56:34,22.7,49.7
08/20/2026,06:01:34,22.7,49.7
08/20/2026,06:06:34,22.7,49.6
08/20/2026,06:11:34,22.7,49.7
08/20/2026,06:16:34,22.7,49.7
08/20/2026,06:21:34,22.7,49.7
08/20/2026,06:26:34,22.7,49.7
08/20/2026,06:31:34,22.6,49.7
08/20/2026,06:36:34,22.6,49.7
08/20/2026,06:41:34,22.6,49.7
08/20/2026,06:46:34,22.6,49.7
08/20/2026,06:51:34,22.6,49.7
08/20/2026,06:56:34,22.5,49.7
08/20/2026,07:01:34,22.5,49.7
08/20/2026,07:06:34,22.5,49.7
08/20/2026,07:11:34,22.5,49.8
08/20/2026,07:16:34,22.5,49.8
08/20/2026,07:21:34,22.5,49.7
08/20/2026,07:26:34,22.5,49.8
08/20/2026,07:31:34,22.5,49.8
08/20/2026,07:36:34,22.5,49.8
08/20/2026,07:41:34,22.5,49.9
08/20/2026,07:46:34,22.5,49.8
08/20/2026,07:51:34,22.4,49.9
08/20/2026,07:56:34,22.5,49.9
08/20/2026,08:01:34,22.5,49.9
08/20/2026,08:06:34,22.4,50.0
08/20/2026,08:11:34,22.5,50.0
08/20/2026,08:16:34,22.5,50.0
08/20/2026,08:21:34,22.5,50.1
08/20/2026,08:26:34,22.5,50.1
08/20/2026,08:31:34,22.5,50.1
08/20/2026,08:36:34,22.5,50.1
08/20/2026,08:41:34,22.5,50.1
08/20/2026,08:46:34,22.5,50.2
08/20/2026,08:51:34,22.5,50.2
08/20/2026,08:56:34,22.5,50.2
08/20/2026,09:01:34,22.5,50.2
08/20/2026,09:06:34,22.5,50.3
08/20/2026,09:11:34,22.5,50.3
08/20/2026,09:16:34,22.5,50.3
08/20/2026,09:21:34,22.5,50.4
08/20/2026,09:26:34,22.5,50.4
08/20/2026,09:31:34,22.5,50.4
08/20/2026,09:36:34,22.5,50.4
08/20/2026,09:41:34,22.5,50.5
08/20/2026,09:46:34,22.6,50.6
08/20/2026,09:51:34,22.6,50.7
08/20/2026,09:56:34,22.6,50.7
08/20/2026,10:01:34,22.6,50.8
08/20/2026,10:06:34,22.6,50.8
08/20/2026,10:11:34,22.6,50.8
08/20/2026,10:16:34,22.7,51.0
08/20/2026,10:21:34,22.7,51.0
08/20/2026,10:26:34,22.7,50.9
08/20/2026,10:31:34,22.7,51.0
08/20/2026,10:36:34,22.7,51.1
08/20/2026,10:41:34,22.7,51.1
08/20/2026,10:46:34,22.7,51.1
08/20/2026,10:51:34,22.7,51.1
08/20/2026,10:56:34,22.7,51.0
08/20/2026,11:01:34,22.7,51.0
08/20/2026,11:06:34,22.7,51.0
08/20/2026,11:11:34,22.8,50.8
08/20/2026,11:16:34,22.7,50.6
08/20/2026,11:21:34,22.8,50.5
08/20/2026,11:26:34,22.8,50.3
08/20/2026,11:31:34,22.7,50.2
08/20/2026,11:36:34,22.7,50.1
08/20/2026,11:41:34,22.7,50.5
08/20/2026,11:46:34,22.7,50.7
08/20/2026,11:51:34,22.7,50.9
08/20/2026,11:56:34,22.8,50.9
08/20/2026,12:01:34,22.8,50.7
08/20/2026,12:06:34,22.8,50.6
08/20/2026,12:11:34,22.7,50.5
08/20/2026,12:16:34,22.8,50.2
08/20/2026,12:21:34,22.8,50.1
08/20/2026,12:26:34,22.8,50.1
08/20/2026,12:31:34,22.8,50.1
08/20/2026,12:36:34,22.8,49.8
08/20/2026,12:41:34,22.8,49.4
08/20/2026,12:46:34,22.8,49.2
08/20/2026,12:51:34,22.8,49.1
08/20/2026,12:56:34,22.8,49.1
08/20/2026,13:01:34,22.8,48.9
08/20/2026,13:06:34,22.8,48.8
08/20/2026,13:11:34,22.8,48.7
08/20/2026,13:16:34,22.8,48.6
08/20/2026,13:21:34,22.8,48.4
08/20/2026,13:26:34,22.9,48.3
08/20/2026,13:31:34,22.9,48.3
08/20/2026,13:36:34,22.9,48.2
08/20/2026,13:41:34,22.9,47.9
08/20/2026,13:46:34,22.9,47.7
08/20/2026,13:51:34,23.0,47.6
08/20/2026,13:56:34,23.0,47.3
08/20/2026,14:01:34,23.1,47.1
08/20/2026,14:06:34,23.1,46.9
08/20/2026,14:11:34,23.2,46.8
08/20/2026,14:16:34,23.2,46.7
08/20/2026,14:21:34,23.3,46.7
08/20/2026,14:26:34,23.3,46.5
08/20/2026,14:31:34,23.3,46.5
08/20/2026,14:36:34,23.4,46.4
08/20/2026,14:41:34,23.4,46.4
08/20/2026,14:46:34,23.5,46.2
08/20/2026,14:51:34,23.5,46.0
08/20/2026,14:56:34,23.5,45.8
08/20/2026,15:01:34,23.5,45.8
08/20/2026,15:06:34,23.5,45.7
08/20/2026,15:11:34,23.5,45.8
08/20/2026,15:16:34,23.5,45.6
08/20/2026,15:21:34,23.5,45.7
08/20/2026,15:26:34,23.5,45.7
08/20/2026,15:31:34,23.5,45.7
08/20/2026,15:36:34,23.6,45.8
08/20/2026,15:41:34,23.5,46.0
08/20/2026,15:46:34,23.6,46.0
08/20/2026,15:51:34,23.6,46.0
08/20/2026,15:56:34,23.6,45.9
08/20/2026,16:01:34,23.5,45.9
08/20/2026,16:06:34,23.6,45.7
08/20/2026,16:11:34,23.5,45.7
08/20/2026,16:16:34,23.5,45.9
08/20/2026,16:21:34,23.5,46.1
08/20/2026,16:26:34,23.6,46.2
08/20/2026,16:31:34,23.6,46.1
08/20/2026,16:36:34,23.6,46.0
08/20/2026,16:41:34,23.6,46.1
08/20/2026,16:46:34,23.6,46.1
08/20/2026,16:51:34,23.6,46.2
08/20/2026,16:56:34,23.6,46.2
08/20/2026,17:01:34,23.6,46.1
08/20/2026,17:06:34,23.6,46.1
08/20/2026,17:11:34,23.6,46.0
08/20/2026,17:16:34,23.6,46.0
08/20/2026,17:21:34,23.6,46.0
08/20/2026,17:26:34,23.6,45.9
08/20/2026,17:31:34,23.6,45.9
08/20/2026,17:36:34,23.6,45.8
08/20/2026,17:41:34,23.6,45.7
08/20/2026,17:46:34,23.6,45.6
08/20/2026,17:51:34,23.6,45.7
08/20/2026,17:56:34,23.6,45.8
08/20/2026,18:01:34,23.6,45.7
08/20/2026,18:06:34,23.6,45.7
08/20/2026,18:11:34,23.6,45.7
08/20/2026,18:16:34,23.6,45.7
08/20/2026,18:21:34,23.6,45.7
08/20/2026,18:26:34,23.6,45.6
08/20/2026,18:31:34,23.5,45.6
08/20/2026,18:36:34,23.5,45.7
08/20/2026,18:41:34,23.5,45.7
08/20/2026,18:46:34,23.5,45.7
08/20/2026,18:51:34,23.5,45.7
08/20/2026,18:56:34,23.4,45.7
08/20/2026,19:01:34,23.4,45.8
08/20/2026,19:06:34,23.4,45.8
08/20/2026,19:11:34,23.4,45.9
08/20/2026,19:16:34,23.3,46.1
08/20/2026,19:21:34,23.4,46.3
08/20/2026,19:26:34,23.3,46.6
08/20/2026,19:31:34,23.3,46.9
08/20/2026,19:36:34,23.3,47.1
08/20/2026,19:41:34,23.3,47.3
08/20/2026,19:46:34,23.3,47.5
08/20/2026,19:51:34,23.2,47.7
08/20/2026,19:56:34,23.2,47.9
08/20/2026,20:01:34,23.2,48.1
08/20/2026,20:06:34,23.2,48.3
08/20/2026,20:11:34,23.1,48.5
08/20/2026,20:16:34,23.1,48.7
08/20/2026,20:21:34,23.1,48.8
08/20/2026,20:26:34,23.1,49.0
08/20/2026,20:31:34,23.0,49.2
08/20/2026,20:36:34,23.0,49.3
08/20/2026,20:41:34,23.0,49.5
08/20/2026,20:46:34,22.9,49.7
08/20/2026,20:51:34,22.9,49.8
08/20/2026,20:56:34,22.9,50.0
08/20/2026,21:01:34,22.9,50.1
08/20/2026,21:06:34,22.9,50.2
08/20/2026,21:11:34,22.8,50.3
08/20/2026,21:16:34,22.8,50.3
08/20/2026,21:21:34,22.8,50.3
08/20/2026,21:26:34,22.8,50.3
08/20/2026,21:31:34,22.7,50.3
08/20/2026,21:36:34,22.7,50.3
08/20/2026,21:41:34,22.7,50.4
08/20/2026,21:46:34,22.7,50.3
08/20/2026,21:51:34,22.7,50.3
08/20/2026,21:56:34,22.7,50.3
08/20/2026,22:01:34,22.6,50.2
08/20/2026,22:06:34,22.5,50.1
08/20/2026,22:11:34,22.5,49.9
08/20/2026,22:16:34,22.5,49.9
08/20/2026,22:21:34,22.5,49.9
08/20/2026,22:26:34,22.5,49.9
08/20/2026,22:31:34,22.4,50.0
08/20/2026,22:36:34,22.4,50.1
08/20/2026,22:41:34,22.4,50.2
08/20/2026,22:46:34,22.3,50.3
08/20/2026,22:51:34,22.3,50.4
08/20/2026,22:56:34,22.3,50.4
08/20/2026,23:01:34,22.2,50.5
08/20/2026,23:06:34,22.2,50.6
08/20/2026,23:11:34,22.2,50.6
08/20/2026,23:16:34,22.2,50.7
08/20/2026,23:21:34,22.1,50.8
08/20/2026,23:26:34,22.1,50.8
08/20/2026,23:31:34,22.1,50.8
08/20/2026,23:36:34,22.1,50.9
08/20/2026,23:41:34,22.1,50.9
08/20/2026,23:46:34,22.0,51.0
08/20/2026,23:51:34,22.0,51.0
08/20/2026,23:56:34,22.0,51.1
08/21/2026,00:01:34,22.0,51.1
08/21/2026,00:06:34,22.0,51.1
08/21/2026,00:11:34,21.9,51.2
08/21/2026,00:16:34,21.9,51.2
08/21/2026,00:21:34,21.9,51.2
08/21/2026,00:26:34,21.9,51.3
08/21/2026,00:31:34,21.8,51.3
08/21/2026,00:36:34,21.8,51.4
08/21/2026,00:41:34,21.8,51.4
08/21/2026,00:46:34,21.8,51.4
08/21/2026,00:51:34,21.8,51.4
08/21/2026,00:56:34,21.8,51.4
08/21/2026,01:01:34,21.8,51.5
08/21/2026,01:06:34,21.7,51.4
08/21/2026,01:11:34,21.7,51.4
08/21/2026,01:16:34,21.7,51.4
08/21/2026,01:21:34,21.7,51.4
08/21/2026,01:26:34,21.7,51.3
08/21/2026,01:31:34,21.6,51.2
08/21/2026,01:36:34,21.6,51.2
08/21/2026,01:41:34,21.6,51.2
08/21/2026,01:46:34,21.6,51.2
08/21/2026,01:51:34,21.5,51.2
08/21/2026,01:56:34,21.5,51.2
08/21/2026,02:01:34,21.5,51.2
08/21/2026,02:06:34,21.5,51.2
08/21/2026,02:11:34,21.5,51.1
08/21/2026,02:16:34,21.4,51.2
08/21/2026,02:21:34,21.4,51.2
08/21/2026,02:26:34,21.4,51.2
08/21/2026,02:31:34,21.4,51.1
08/21/2026,02:36:34,21.4,51.1
08/21/2026,02:41:34,21.4,51.1
08/21/2026,02:46:34,21.3,51.1
08/21/2026,02:51:34,21.3,51.1
08/21/2026,02:56:34,21.3,51.1
08/21/2026,03:01:34,21.3,51.1
08/21/2026,03:06:34,21.3,51.0
08/21/2026,03:11:34,21.2,51.1
08/21/2026,03:16:34,21.2,51.0
08/21/2026,03:21:34,21.2,51.0
08/21/2026,03:26:34,21.2,51.0
08/21/2026,03:31:34,21.1,51.0
08/21/2026,03:36:34,21.1,51.0
08/21/2026,03:41:34,21.1,51.0
08/21/2026,03:46:34,21.1,51.1
08/21/2026,03:51:34,21.1,51.1
08/21/2026,03:56:34,21.0,51.1
08/21/2026,04:01:34,21.0,51.2
08/21/2026,04:06:34,21.0,51.3
08/21/2026,04:11:34,21.0,51.3
08/21/2026,04:16:34,21.0,51.4
08/21/2026,04:21:34,21.0,51.4
08/21/2026,04:26:34,20.9,51.4
08/21/2026,04:31:34,20.9,51.5
08/21/2026,04:36:34,20.9,51.5
08/21/2026,04:41:34,20.9,51.6
08/21/2026,04:46:34,20.9,51.7
08/21/2026,04:51:34,20.9,51.7
08/21/2026,04:56:34,20.8,51.8
08/21/2026,05:01:34,20.8,51.8
08/21/2026,05:06:34,20.8,51.8
08/21/2026,05:11:34,20.8,51.9
08/21/2026,05:16:34,20.8,51.9
08/21/2026,05:21:34,20.7,51.9
08/21/2026,05:26:34,20.7,52.0
08/21/2026,05:31:34,20.7,52.0
08/21/2026,05:36:34,20.7,52.0
08/21/2026,05:41:34,20.7,52.1
08/21/2026,05:46:34,20.6,52.1
08/21/2026,05:51:34,20.6,52.0
08/21/2026,05:56:34,20.6,52.1
08/21/2026,06:01:34,20.5,52.1
08/21/2026,06:06:34,20.5,52.1
08/21/2026,06:11:34,20.5,52.1
08/21/2026,06:16:34,20.5,52.1
08/21/2026,06:21:34,20.5,52.1
08/21/2026,06:26:34,20.4,52.1
08/21/2026,06:31:34,20.4,52.1
08/21/2026,06:36:34,20.4,52.1
08/21/2026,06:41:34,20.4,52.1
08/21/2026,06:46:34,20.4,52.2
08/21/2026,06:51:34,20.4,52.2
08/21/2026,06:56:34,20.4,52.2
08/21/2026,07:01:34,20.4,52.2
08/21/2026,07:06:34,20.4,52.1
08/21/2026,07:11:34,20.4,52.0
08/21/2026,07:16:34,20.4,52.0
08/21/2026,07:21:34,20.5,52.0
08/21/2026,07:26:34,20.5,51.9
08/21/2026,07:31:34,20.5,51.8
08/21/2026,07:36:34,20.6,51.9
08/21/2026,07:41:34,20.6,51.8
08/21/2026,07:46:34,20.6,51.8
08/21/2026,07:51:34,20.7,51.8
08/21/2026,07:56:34,20.7,51.7
08/21/2026,08:01:34,20.8,51.7
08/21/2026,08:06:34,20.8,51.7
08/21/2026,08:11:34,20.8,51.7
08/21/2026,08:16:34,20.8,51.7
08/21/2026,08:21:34,20.8,51.5
08/21/2026,08:26:34,20.9,51.5
08/21/2026,08:31:34,20.9,51.6
08/21/2026,08:36:34,20.9,51.5
08/21/2026,08:41:34,20.9,51.3
08/21/2026,08:46:34,21.0,51.4
08/21/2026,08:51:34,21.0,51.5
08/21/2026,08:56:34,21.0,51.4
08/21/2026,09:01:34,21.0,51.4
08/21/2026,09:06:34,21.0,51.3
08/21/2026,09:11:34,21.1,51.4
08/21/2026,09:16:34,21.1,51.3
08/21/2026,09:21:34,21.1,51.3
08/21/2026,09:26:34,21.1,51.3
08/21/2026,09:31:34,21.2,51.2
08/21/2026,09:36:34,21.2,51.2
08/21/2026,09:41:34,21.2,51.2
08/21/2026,09:46:34,21.2,51.2
08/21/2026,09:51:34,21.2,51.2
08/21/2026,09:56:34,21.3,51.2
08/21/2026,10:01:34,21.3,51.1
08/21/2026,10:06:34,21.3,51.1
08/21/2026,10:11:34,21.3,51.0
08/21/2026,10:16:34,21.3,51.1
08/21/2026,10:21:34,21.3,51.0
08/21/2026,10:26:34,21.3,51.0
08/21/2026,10:31:34,21.3,50.9
08/21/2026,10:36:34,21.4,50.9
08/21/2026,10:41:34,21.4,50.9
08/21/2026,10:46:34,21.4,50.8
08/21/2026,10:51:34,21.4,50.8
08/21/2026,10:56:34,21.4,50.8
08/21/2026,11:01:34,21.4,50.7
08/21/2026,11:06:34,21.4,50.7
08/21/2026,11:11:34,21.5,50.7
08/21/2026,11:16:34,21.5,50.7
08/21/2026,11:21:34,21.5,50.6
08/21/2026,11:26:34,21.5,50.6
08/21/2026,11:31:34,21.5,50.6
08/21/2026,11:36:34,21.5,50.6
08/21/2026,11:41:34,21.5,50.6
08/21/2026,11:46:34,21.5,50.6
08/21/2026,11:51:34,21.6,50.6
08/21/2026,11:56:34,21.6,50.6
08/21/2026,12:01:34,21.6,50.5
08/21/2026,12:06:34,21.6,50.4
08/21/2026,12:11:34,21.6,50.4
08/21/2026,12:16:34,21.6,50.4
08/21/2026,12:21:34,21.6,50.4
08/21/2026,12:26:34,21.7,50.4
08/21/2026,12:31:34,21.7,50.3
08/21/2026,12:36:34,21.7,50.3
08/21/2026,12:41:34,21.7,50.3
08/21/2026,12:46:34,21.8,50.2
08/21/2026,12:51:34,21.8,50.1
08/21/2026,12:56:34,21.9,50.0
08/21/2026,13:01:34,21.9,49.9
08/21/2026,13:06:34,22.0,49.7
08/21/2026,13:11:34,22.0,49.5
08/21/2026,13:16:34,22.0,49.4
08/21/2026,13:21:34,22.1,49.2
08/21/2026,13:26:34,22.1,48.9
08/21/2026,13:31:34,22.1,48.9
08/21/2026,13:36:34,22.1,48.8
08/21/2026,13:41:34,22.2,48.6
08/21/2026,13:46:34,22.2,48.3
08/21/2026,13:51:34,22.2,48.2
08/21/2026,13:56:34,22.2,48.0
08/21/2026,14:01:34,22.3,47.9
08/21/2026,14:06:34,22.3,47.7
08/21/2026,14:11:34,22.3,47.5
08/21/2026,14:16:34,22.4,47.5
08/21/2026,14:21:34,22.4,47.2
08/21/2026,14:26:34,22.4,47.3
08/21/2026,14:31:34,22.5,47.3
08/21/2026,14:36:34,22.5,47.0
08/21/2026,14:41:34,22.5,46.8
08/21/2026,14:46:34,22.5,46.5
08/21/2026,14:51:34,22.6,46.2
08/21/2026,14:56:34,22.6,46.0
08/21/2026,15:01:34,22.6,45.8
08/21/2026,15:06:34,22.7,45.8
08/21/2026,15:11:34,22.7,45.8
08/21/2026,15:16:34,22.7,45.8
08/21/2026,15:21:34,22.8,45.7
08/21/2026,15:26:34,22.8,45.9
08/21/2026,15:31:34,22.8,45.6
08/21/2026,15:36:34,22.9,45.4
08/21/2026,15:41:34,22.9,45.3
08/21/2026,15:46:34,22.9,45.2
08/21/2026,15:51:34,22.9,45.7
08/21/2026,15:56:34,22.9,45.3
08/21/2026,16:01:34,23.0,44.9
08/21/2026,16:06:34,22.9,44.5
08/21/2026,16:11:34,22.9,44.5
08/21/2026,16:16:34,22.9,44.5
08/21/2026,16:21:34,23.0,44.4
08/21/2026,16:26:34,22.9,44.4
08/21/2026,16:31:34,23.0,44.3
08/21/2026,16:36:34,22.9,44.4
08/21/2026,16:41:34,23.0,44.3
08/21/2026,16:46:34,23.0,44.4
08/21/2026,16:51:34,23.0,44.4
08/21/2026,16:56:34,23.0,44.4
08/21/2026,17:01:34,23.0,44.4
08/21/2026,17:06:34,23.0,44.5
08/21/2026,17:11:34,23.0,44.5
08/21/2026,17:16:34,23.1,44.6
08/21/2026,17:21:34,23.1,44.6
08/21/2026,17:26:34,23.1,44.6
08/21/2026,17:31:34,23.1,44.7
08/21/2026,17:36:34,23.1,44.7
08/21/2026,17:41:34,23.1,44.7
08/21/2026,17:46:34,23.2,44.7
08/21/2026,17:51:34,23.2,44.7
08/21/2026,17:56:34,23.2,44.8
08/21/2026,18:01:34,23.2,44.8
08/21/2026,18:06:34,23.2,44.8
08/21/2026,18:11:34,23.2,44.8
08/21/2026,18:16:34,23.2,44.9
08/21/2026,18:21:34,23.3,44.9
08/21/2026,18:26:34,23.3,44.9
08/21/2026,18:31:34,23.3,45.0
08/21/2026,18:36:34,23.3,45.0
08/21/2026,18:41:34,23.2,45.0
08/21/2026,18:46:34,23.3,45.1
08/21/2026,18:51:34,23.2,45.2
08/21/2026,18:56:34,23.3,45.2
08/21/2026,19:01:34,23.2,45.2
08/21/2026,19:06:34,23.2,45.3
08/21/2026,19:11:34,23.2,45.3
08/21/2026,19:16:34,23.2,45.4
08/21/2026,19:21:34,23.2,45.4
08/21/2026,19:26:34,23.2,45.4
08/21/2026,19:31:34,23.2,45.5
08/21/2026,19:36:34,23.2,45.5
08/21/2026,19:41:34,23.2,45.6
08/21/2026,19:46:34,23.1,45.6
08/21/2026,19:51:34,23.1,45.6
08/21/2026,19:56:34,23.1,45.6
08/21/2026,20:01:34,23.1,45.7
08/21/2026,20:06:34,23.1,45.7
08/21/2026,20:11:34,23.1,45.8
08/21/2026,20:16:34,23.0,45.8
08/21/2026,20:21:34,23.0,45.9
08/21/2026,20:26:34,23.0,45.9
08/21/2026,20:31:34,23.0,46.0
08/21/2026,20:36:34,23.0,46.0
08/21/2026,20:41:34,23.0,46.0
08/21/2026,20:46:34,23.0,46.1
08/21/2026,20:51:34,23.0,46.1
08/21/2026,20:56:34,22.9,46.1
08/21/2026,21:01:34,22.9,46.2
08/21/2026,21:06:34,22.9,46.2
08/21/2026,21:11:34,22.9,46.3
08/21/2026,21:16:34,22.9,46.3
08/21/2026,21:21:34,22.9,46.4
08/21/2026,21:26:34,22.9,46.4
08/21/2026,21:31:34,22.8,46.4
08/21/2026,21:36:34,22.8,46.5
08/21/2026,21:41:34,22.8,46.5
08/21/2026,21:46:34,22.8,46.6
08/21/2026,21:51:34,22.8,46.6
08/21/2026,21:56:34,22.8,46.6
08/21/2026,22:01:34,22.8,46.6
08/21/2026,22:06:34,22.8,46.7
08/21/2026,22:11:34,22.7,46.7
08/21/2026,22:16:34,22.7,46.7
08/21/2026,22:21:34,22.7,46.8
08/21/2026,22:26:34,22.7,46.8
08/21/2026,22:31:34,22.7,46.8
08/21/2026,22:36:34,22.7,46.9
08/21/2026,22:41:34,22.7,46.8
08/21/2026,22:46:34,22.7,46.9
08/21/2026,22:51:34,22.6,46.9
08/21/2026,22:56:34,22.6,46.9
08/21/2026,23:01:34,22.6,46.9
08/21/2026,23:06:34,22.6,46.9
08/21/2026,23:11:34,22.6,47.0
08/21/2026,23:16:34,22.6,47.0
08/21/2026,23:21:34,22.5,47.0
08/21/2026,23:26:34,22.5,47.0
08/21/2026,23:31:34,22.5,47.0
08/21/2026,23:36:34,22.5,47.0
08/21/2026,23:41:34,22.5,47.0
08/21/2026,23:46:34,22.5,47.1
08/21/2026,23:51:34,22.5,47.0
08/21/2026,23:56:34,22.5,47.0
08/22/2026,00:01:34,22.5,47.1
08/22/2026,00:06:34,22.4,47.1
08/22/2026,00:11:34,22.4,47.0
08/22/2026,00:16:34,22.4,47.0
08/22/2026,00:21:34,22.4,47.0
08/22/2026,00:26:34,22.4,47.0
08/22/2026,00:31:34,22.4,47.0
08/22/2026,00:36:34,22.4,47.0
08/22/2026,00:41:34,22.3,47.0
08/22/2026,00:46:34,22.3,47.0
08/22/2026,00:51:34,22.3,47.0
08/22/2026,00:56:34,22.3,47.0
08/22/2026,01:01:34,22.3,47.0
08/22/2026,01:06:34,22.3,47.1
08/22/2026,01:11:34,22.2,47.1
08/22/2026,01:16:34,22.2,47.1
08/22/2026,01:21:34,22.2,47.1
08/22/2026,01:26:34,22.2,47.0
08/22/2026,01:31:34,22.2,47.0
08/22/2026,01:36:34,22.2,47.1
08/22/2026,01:41:34,22.1,47.0
08/22/2026,01:46:34,22.1,47.1
08/22/2026,01:51:34,22.1,47.1
08/22/2026,01:56:34,22.1,47.1
08/22/2026,02:01:34,22.1,47.1
08/22/2026,02:06:34,22.1,47.1
08/22/2026,02:11:34,22.1,47.1
08/22/2026,02:16:34,22.1,47.1
08/22/2026,02:21:34,22.1,47.1
08/22/2026,02:26:34,22.0,47.1
08/22/2026,02:31:34,22.0,47.1
08/22/2026,02:36:34,22.0,47.1
08/22/2026,02:41:34,22.0,47.1
08/22/2026,02:46:34,22.0,47.1
08/22/2026,02:51:34,22.0,47.2
08/22/2026,02:56:34,21.9,47.1
08/22/2026,03:01:34,21.9,47.1
08/22/2026,03:06:34,21.9,47.2
08/22/2026,03:11:34,21.9,47.1
08/22/2026,03:16:34,21.9,47.2
08/22/2026,03:21:34,21.8,47.1
08/22/2026,03:26:34,21.8,47.1
08/22/2026,03:31:34,21.8,47.1
08/22/2026,03:36:34,21.8,47.1
08/22/2026,03:41:34,21.8,47.1
08/22/2026,03:46:34,21.8,47.1
08/22/2026,03:51:34,21.8,47.1
08/22/2026,03:56:34,21.7,47.1
08/22/2026,04:01:34,21.7,47.1
08/22/2026,04:06:34,21.7,47.1
08/22/2026,04:11:34,21.7,47.1
08/22/2026,04:16:34,21.7,47.1
08/22/2026,04:21:34,21.6,47.0
08/22/2026,04:26:34,21.6,47.1
08/22/2026,04:31:34,21.6,47.1
08/22/2026,04:36:34,21.6,47.1
08/22/2026,04:41:34,21.6,46.9
08/22/2026,04:46:34,21.6,47.0
08/22/2026,04:51:34,21.5,47.0
08/22/2026,04:56:34,21.5,47.0
08/22/2026,05:01:34,21.5,47.0
08/22/2026,05:06:34,21.5,46.9
08/22/2026,05:11:34,21.4,47.0
08/22/2026,05:16:34,21.5,46.9
08/22/2026,05:21:34,21.4,47.0
08/22/2026,05:26:34,21.4,46.9
08/22/2026,05:31:34,21.4,47.0
08/22/2026,05:36:34,21.4,47.0
08/22/2026,05:41:34,21.3,46.9
08/22/2026,05:46:34,21.3,47.0
08/22/2026,05:51:34,21.3,47.0
08/22/2026,05:56:34,21.3,47.0
08/22/2026,06:01:34,21.3,46.9
08/22/2026,06:06:34,21.3,47.0
08/22/2026,06:11:34,21.3,46.9
08/22/2026,06:16:34,21.2,47.0
08/22/2026,06:21:34,21.2,47.0
08/22/2026,06:26:34,21.2,47.1
08/22/2026,06:31:34,21.2,47.0
08/22/2026,06:36:34,21.2,46.9
08/22/2026,06:41:34,21.2,47.0
08/22/2026,06:46:34,21.1,47.0
08/22/2026,06:51:34,21.1,47.0
08/22/2026,06:56:34,21.1,46.9
08/22/2026,07:01:34,21.1,46.9
08/22/2026,07:06:34,21.1,46.9
08/22/2026,07:11:34,21.2,46.8
08/22/2026,07:16:34,21.2,46.7
08/22/2026,07:21:34,21.1,46.7
08/22/2026,07:26:34,21.1,46.7
08/22/2026,07:31:34,21.1,46.7
08/22/2026,07:36:34,21.1,46.6
08/22/2026,07:41:34,21.0,46.7
08/22/2026,07:46:34,21.0,46.8
08/22/2026,07:51:34,21.0,46.7
08/22/2026,07:56:34,21.0,46.7
08/22/2026,08:01:34,21.0,46.8
08/22/2026,08:06:34,21.0,46.8
08/22/2026,08:11:34,21.0,46.9
08/22/2026,08:16:34,21.0,46.8
08/22/2026,08:21:34,21.0,46.8
08/22/2026,08:26:34,21.0,46.9
08/22/2026,08:31:34,21.0,47.0
08/22/2026,08:36:34,21.0,46.9
08/22/2026,08:41:34,21.0,47.0
08/22/2026,08:46:34,21.0,47.0
08/22/2026,08:51:34,21.1,47.0
08/22/2026,08:56:34,21.0,47.0
08/22/2026,09:01:34,21.1,47.1
08/22/2026,09:06:34,21.1,47.1
08/22/2026,09:11:34,21.1,47.1
08/22/2026,09:16:34,21.1,47.2
08/22/2026,09:21:34,21.1,47.2
08/22/2026,09:26:34,21.1,47.2
08/22/2026,09:31:34,21.1,47.3
08/22/2026,09:36:34,21.2,47.4
08/22/2026,09:41:34,21.2,47.5
08/22/2026,09:46:34,21.2,47.6
08/22/2026,09:51:34,21.3,47.7
08/22/2026,09:56:34,21.3,47.7
08/22/2026,10:01:34,21.3,47.8
08/22/2026,10:06:34,21.4,47.9
08/22/2026,10:11:34,21.4,48.1
08/22/2026,10:16:34,21.5,48.2
08/22/2026,10:21:34,21.5,48.2
08/22/2026,10:26:34,21.5,48.2
08/22/2026,10:31:34,21.6,48.2
08/22/2026,10:36:34,21.6,48.2
08/22/2026,10:41:34,21.6,48.2
08/22/2026,10:46:34,21.6,48.2
08/22/2026,10:51:34,21.6,48.3
08/22/2026,10:56:34,21.6,48.3
08/22/2026,11:01:34,21.6,48.2
08/22/2026,11:06:34,21.6,48.3
08/22/2026,11:11:34,21.7,48.2
08/22/2026,11:16:34,21.6,48.2
08/22/2026,11:21:34,21.7,48.2
08/22/2026,11:26:34,21.6,48.2
08/22/2026,11:31:34,21.6,48.1
08/22/2026,11:36:34,21.6,48.1
08/22/2026,11:41:34,21.6,48.1
08/22/2026,11:46:34,21.7,48.1
08/22/2026,11:51:34,21.7,48.1
08/22/2026,11:56:34,21.6,48.0
08/22/2026,12:01:34,21.7,48.0
08/22/2026,12:06:34,21.7,48.0
08/22/2026,12:11:34,21.6,48.0
08/22/2026,12:16:34,21.7,47.9
08/22/2026,12:21:34,21.7,47.9
08/22/2026,12:26:34,21.7,47.9
08/22/2026,12:31:34,21.6,47.8
08/22/2026,12:36:34,21.7,47.8
08/22/2026,12:41:34,21.7,47.8
08/22/2026,12:46:34,21.7,47.7
08/22/2026,12:51:34,21.7,47.7
08/22/2026,12:56:34,21.7,47.6
08/22/2026,13:01:34,21.7,47.6
08/22/2026,13:06:34,21.7,47.6
08/22/2026,13:11:34,21.7,47.6
08/22/2026,13:16:34,21.7,47.4
08/22/2026,13:21:34,21.7,47.5
08/22/2026,13:26:34,21.8,47.4
08/22/2026,13:31:34,21.8,47.4
08/22/2026,13:36:34,21.8,47.4
08/22/2026,13:41:34,21.8,47.4
08/22/2026,13:46:34,21.9,47.4
08/22/2026,13:51:34,21.9,47.2
08/22/2026,13:56:34,21.9,47.2
08/22/2026,14:01:34,22.0,47.1
08/22/2026,14:06:34,22.0,47.1
08/22/2026,14:11:34,22.1,47.1
08/22/2026,14:16:34,22.1,47.1
08/22/2026,14:21:34,22.1,47.0
08/22/2026,14:26:34,22.2,46.9
08/22/2026,14:31:34,22.2,47.0
08/22/2026,14:36:34,22.2,47.0
08/22/2026,14:41:34,22.3,47.1
08/22/2026,14:46:34,22.3,46.9
08/22/2026,14:51:34,22.4,46.8
08/22/2026,14:56:34,22.4,46.8
08/22/2026,15:01:34,22.4,46.9
08/22/2026,15:06:34,22.5,46.9
08/22/2026,15:11:34,22.5,46.9
08/22/2026,15:16:34,22.5,46.9
08/22/2026,15:21:34,22.5,46.9
08/22/2026,15:26:34,22.6,46.9
08/22/2026,15:31:34,22.6,47.0
08/22/2026,15:36:34,22.6,47.1
08/22/2026,15:41:34,22.6,47.1
08/22/2026,15:46:34,22.7,47.1
08/22/2026,15:51:34,22.7,47.1
08/22/2026,15:56:34,22.7,47.2
08/22/2026,16:01:34,22.8,47.2
08/22/2026,16:06:34,22.8,47.2
08/22/2026,16:11:34,22.8,47.2
08/22/2026,16:16:34,22.9,47.2
08/22/2026,16:21:34,22.9,47.3
08/22/2026,16:26:34,22.9,47.3
08/22/2026,16:31:34,23.0,47.4
08/22/2026,16:36:34,23.0,47.2
08/22/2026,16:41:34,23.0,47.3
08/22/2026,16:46:34,23.0,47.3
08/22/2026,16:51:34,23.0,47.3
08/22/2026,16:56:34,23.1,47.3
08/22/2026,17:01:34,23.1,47.3
08/22/2026,17:06:34,23.1,47.3
08/22/2026,17:11:34,23.2,47.2
08/22/2026,17:16:34,23.2,47.2
08/22/2026,17:21:34,23.2,47.1
08/22/2026,17:26:34,23.2,47.2
08/22/2026,17:31:34,23.2,47.1
08/22/2026,17:36:34,23.2,47.1
08/22/2026,17:41:34,23.2,45.7
08/22/2026,17:46:34,23.2,45.2
08/22/2026,17:51:34,23.2,44.3
08/22/2026,17:56:34,23.1,44.5
08/22/2026,18:01:34,23.1,44.2
08/22/2026,18:06:34,23.1,43.9
08/22/2026,18:11:34,23.0,44.0
08/22/2026,18:16:34,23.0,43.9
08/22/2026,18:21:34,23.0,43.9
08/22/2026,18:26:34,23.0,43.8
08/22/2026,18:31:34,23.0,43.9
08/22/2026,18:36:34,23.0,43.8
08/22/2026,18:41:34,23.0,43.7
08/22/2026,18:46:34,23.0,43.5
08/22/2026,18:51:34,23.0,43.8
08/22/2026,18:56:34,23.0,44.0
08/22/2026,19:01:34,23.0,43.9
08/22/2026,19:06:34,23.0,43.7
08/22/2026,19:11:34,23.0,43.3
08/22/2026,19:16:34,22.9,43.2
08/22/2026,19:21:34,22.9,43.1
08/22/2026,19:26:34,22.8,43.0
08/22/2026,19:31:34,22.8,43.1
08/22/2026,19:36:34,22.7,43.2
08/22/2026,19:41:34,22.7,43.3
08/22/2026,19:46:34,22.7,43.4
08/22/2026,19:51:34,22.7,43.3
08/22/2026,19:56:34,22.7,43.6
08/22/2026,20:01:34,22.7,43.6
08/22/2026,20:06:34,22.7,43.6
08/22/2026,20:11:34,22.6,43.5
08/22/2026,20:16:34,22.6,43.9
08/22/2026,20:21:34,22.6,44.1
08/22/2026,20:26:34,22.6,44.1
08/22/2026,20:31:34,22.6,44.2
08/22/2026,20:36:34,22.6,44.2
08/22/2026,20:41:34,22.6,44.2
08/22/2026,20:46:34,22.6,44.3
08/22/2026,20:51:34,22.6,44.4
08/22/2026,20:56:34,22.6,44.3
08/22/2026,21:01:34,22.6,44.4
08/22/2026,21:06:34,22.6,44.4
08/22/2026,21:11:34,22.6,44.4
08/22/2026,21:16:34,22.6,44.5
08/22/2026,21:21:34,22.6,44.5
08/22/2026,21:26:34,22.6,44.5
08/22/2026,21:31:34,22.6,44.5
08/22/2026,21:36:34,22.6,44.6
08/22/2026,21:41:34,22.6,44.6
08/22/2026,21:46:34,22.5,44.5
08/22/2026,21:51:34,22.5,44.6
08/22/2026,21:56:34,22.5,44.6
08/22/2026,22:01:34,22.5,44.6
08/22/2026,22:06:34,22.5,44.6
08/22/2026,22:11:34,22.5,44.6
08/22/2026,22:16:34,22.5,44.7
08/22/2026,22:21:34,22.4,44.8
08/22/2026,22:26:34,22.4,44.7
08/22/2026,22:31:34,22.4,44.7
08/22/2026,22:36:34,22.4,44.7
08/22/2026,22:41:34,22.4,44.7
08/22/2026,22:46:34,22.4,44.6
08/22/2026,22:51:34,22.3,44.7
08/22/2026,22:56:34,22.3,44.5
08/22/2026,23:01:34,22.3,44.6
08/22/2026,23:06:34,22.3,44.6
08/22/2026,23:11:34,22.3,44.5
08/22/2026,23:16:34,22.3,44.5
08/22/2026,23:21:34,22.3,44.5
08/22/2026,23:26:34,22.2,44.5
08/22/2026,23:31:34,22.2,44.5
08/22/2026,23:36:34,22.2,44.6
08/22/2026,23:41:34,22.2,44.6
08/22/2026,23:46:34,22.2,44.5
08/22/2026,23:51:34,22.2,44.5
08/22/2026,23:56:34,22.1,44.5
08/23/2026,00:01:34,22.1,44.5
08/23/2026,00:06:34,22.1,44.5
08/23/2026,00:11:34,22.1,44.6
08/23/2026,00:16:34,22.1,44.6
08/23/2026,00:21:34,22.1,44.6
08/23/2026,00:26:34,22.1,44.6
08/23/2026,00:31:34,22.0,44.6
08/23/2026,00:36:34,22.0,44.6
08/23/2026,00:41:34,22.0,44.6
08/23/2026,00:46:34,22.0,44.6
08/23/2026,00:51:34,22.0,44.6
08/23/2026,00:56:34,22.0,44.6
08/23/2026,01:01:34,21.9,44.6
08/23/2026,01:06:34,21.9,44.6
08/23/2026,01:11:34,21.9,44.6
08/23/2026,01:16:34,21.9,44.6
08/23/2026,01:21:34,21.9,44.6
08/23/2026,01:26:34,21.9,44.7
08/23/2026,01:31:34,21.9,44.6
08/23/2026,01:36:34,21.8,44.6
08/23/2026,01:41:34,21.8,44.6
08/23/2026,01:46:34,21.8,44.6
08/23/2026,01:51:34,21.8,44.6
08/23/2026,01:56:34,21.8,44.6
08/23/2026,02:01:34,21.8,44.6
08/23/2026,02:06:34,21.7,44.5
08/23/2026,02:11:34,21.7,44.7
08/23/2026,02:16:34,21.7,44.7
08/23/2026,02:21:34,21.7,44.6
08/23/2026,02:26:34,21.7,44.6
08/23/2026,02:31:34,21.6,44.6
08/23/2026,02:36:34,21.6,44.6
08/23/2026,02:41:34,21.6,44.7
08/23/2026,02:46:34,21.6,44.6
08/23/2026,02:51:34,21.6,44.6
08/23/2026,02:56:34,21.5,44.6
08/23/2026,03:01:34,21.5,44.6
08/23/2026,03:06:34,21.5,44.6
08/23/2026,03:11:34,21.5,44.6
08/23/2026,03:16:34,21.5,44.6
08/23/2026,03:21:34,21.5,44.6
08/23/2026,03:26:34,21.4,44.5
08/23/2026,03:31:34,21.4,44.6
08/23/2026,03:36:34,21.4,44.6
08/23/2026,03:41:34,21.4,44.6
08/23/2026,03:46:34,21.3,44.6
08/23/2026,03:51:34,21.3,44.6
08/23/2026,03:56:34,21.3,44.6
08/23/2026,04:01:34,21.3,44.6
08/23/2026,04:06:34,21.3,44.6
08/23/2026,04:11:34,21.3,44.7
08/23/2026,04:16:34,21.3,44.7
08/23/2026,04:21:34,21.2,44.7
08/23/2026,04:26:34,21.2,44.7
08/23/2026,04:31:34,21.2,44.7
08/23/2026,04:36:34,21.1,44.7
08/23/2026,04:41:34,21.1,44.7
08/23/2026,04:46:34,21.1,44.7
08/23/2026,04:51:34,21.1,44.6
08/23/2026,04:56:34,21.1,44.7
08/23/2026,05:01:34,21.1,44.6
08/23/2026,05:06:34,21.1,44.7
08/23/2026,05:11:34,21.0,44.6
08/23/2026,05:16:34,21.0,44.6
08/23/2026,05:21:34,21.0,44.7
08/23/2026,05:26:34,21.0,44.6
08/23/2026,05:31:34,21.0,44.7
08/23/2026,05:36:34,20.9,44.6
08/23/2026,05:41:34,20.9,44.6
08/23/2026,05:46:34,20.9,44.7
08/23/2026,05:51:34,20.9,44.7
08/23/2026,05:56:34,20.9,44.7
08/23/2026,06:01:34,20.8,44.6
08/23/2026,06:06:34,20.8,44.7
08/23/2026,06:11:34,20.9,44.7
08/23/2026,06:16:34,20.8,44.7
08/23/2026,06:21:34,20.8,44.6
08/23/2026,06:26:34,20.8,44.7
08/23/2026,06:31:34,20.8,44.7
08/23/2026,06:36:34,20.7,44.7
08/23/2026,06:41:34,20.7,44.6
08/23/2026,06:46:34,20.7,44.7
08/23/2026,06:51:34,20.7,44.7
08/23/2026,06:56:34,20.7,44.7
08/23/2026,07:01:34,20.6,44.7
08/23/2026,07:06:34,20.7,44.7
08/23/2026,07:11:34,20.9,44.5
08/23/2026,07:16:34,21.0,44.4
08/23/2026,07:21:34,20.9,44.5
08/23/2026,07:26:34,20.8,44.4
08/23/2026,07:31:34,20.8,44.5
08/23/2026,07:36:34,20.7,44.5
08/23/2026,07:41:34,20.7,44.5
08/23/2026,07:46:34,20.7,44.6
08/23/2026,07:51:34,20.7,44.9
08/23/2026,07:56:34,20.7,45.0
08/23/2026,08:01:34,20.7,45.0
08/23/2026,08:06:34,20.7,45.1
08/23/2026,08:11:34,20.7,45.0
08/23/2026,08:16:34,20.6,45.3
08/23/2026,08:21:34,20.6,45.5
08/23/2026,08:26:34,20.6,45.6
08/23/2026,08:31:34,20.6,46.1
08/23/2026,08:36:34,20.6,45.8
08/23/2026,08:41:34,20.6,46.2
08/23/2026,08:46:34,20.6,46.7
08/23/2026,08:51:34,20.7,46.8
08/23/2026,08:56:34,20.8,47.0
08/23/2026,09:01:34,20.9,47.1
08/23/2026,09:06:34,20.9,47.1
08/23/2026,09:11:34,21.0,46.9
08/23/2026,09:16:34,20.9,46.3
08/23/2026,09:21:34,20.9,46.5
08/23/2026,09:26:34,20.9,46.7
08/23/2026,09:31:34,20.9,46.9
08/23/2026,09:36:34,20.9,47.0
08/23/2026,09:41:34,20.9,47.1
08/23/2026,09:46:34,21.0,47.2
08/23/2026,09:51:34,21.1,47.5
08/23/2026,09:56:34,21.1,47.4
08/23/2026,10:01:34,21.2,47.7
08/23/2026,10:06:34,21.2,47.7
08/23/2026,10:11:34,21.3,47.6
08/23/2026,10:16:34,21.4,47.9
08/23/2026,10:21:34,21.5,47.9
08/23/2026,10:26:34,21.5,48.0
08/23/2026,10:31:34,21.6,47.8
08/23/2026,10:36:34,21.7,47.7
08/23/2026,10:41:34,21.8,48.0
08/23/2026,10:46:34,21.9,47.9
08/23/2026,10:51:34,21.9,47.8
08/23/2026,10:56:34,22.0,47.7
08/23/2026,11:01:34,22.0,47.7
08/23/2026,11:06:34,22.0,47.2
08/23/2026,11:11:34,22.0,47.2
08/23/2026,11:16:34,22.0,47.1
08/23/2026,11:21:34,22.0,47.4
08/23/2026,11:26:34,22.1,47.4
08/23/2026,11:31:34,22.2,47.7
08/23/2026,11:36:34,22.2,47.9
08/23/2026,11:41:34,22.3,48.1
08/23/2026,11:46:34,22.4,48.2
08/23/2026,11:51:34,22.5,48.3
08/23/2026,11:56:34,22.6,48.4
08/23/2026,12:01:34,22.7,48.3
08/23/2026,12:06:34,22.8,48.5
08/23/2026,12:11:34,22.9,48.5
08/23/2026,12:16:34,22.9,48.4
08/23/2026,12:21:34,23.1,48.5
08/23/2026,12:26:34,23.1,48.0
08/23/2026,12:31:34,23.2,48.3
08/23/2026,12:36:34,23.3,47.9
08/23/2026,12:41:34,23.3,47.6
08/23/2026,12:46:34,23.3,46.7
08/23/2026,12:51:34,23.3,46.3
08/23/2026,12:56:34,23.3,45.9
08/23/2026,13:01:34,23.3,46.1
08/23/2026,13:06:34,23.2,46.1
08/23/2026,13:11:34,23.2,45.7
08/23/2026,13:16:34,23.2,45.5
08/23/2026,13:21:34,23.2,45.4
08/23/2026,13:26:34,23.3,45.3
08/23/2026,13:31:34,23.3,45.1
08/23/2026,13:36:34,23.3,44.9
08/23/2026,13:41:34,23.3,44.8
08/23/2026,13:46:34,23.2,44.4
08/23/2026,13:51:34,23.2,44.3
08/23/2026,13:56:34,23.2,44.5
08/23/2026,14:01:34,23.3,44.3
08/23/2026,14:06:34,23.3,44.4
08/23/2026,14:11:34,23.3,44.0
08/23/2026,14:16:34,23.3,44.0
08/23/2026,14:21:34,23.4,44.0
08/23/2026,14:26:34,23.4,43.7
08/23/2026,14:31:34,23.5,43.5
08/23/2026,14:36:34,23.5,43.2
08/23/2026,14:41:34,23.5,42.9
08/23/2026,14:46:34,23.5,42.5
08/23/2026,14:51:34,23.5,43.0
08/23/2026,14:56:34,23.5,43.0
08/23/2026,15:01:34,23.6,42.6
08/23/2026,15:06:34,23.6,42.8
08/23/2026,15:11:34,23.6,42.2
08/23/2026,15:16:34,23.6,42.0
08/23/2026,15:21:34,23.6,42.0
08/23/2026,15:26:34,23.6,41.9
08/23/2026,15:31:34,23.6,41.5
08/23/2026,15:36:34,23.6,41.5
08/23/2026,15:41:34,23.6,41.6
08/23/2026,15:46:34,23.6,41.6
08/23/2026,15:51:34,23.6,41.3
08/23/2026,15:56:34,23.6,41.4
08/23/2026,16:01:34,23.6,40.9
08/23/2026,16:06:34,23.6,41.0
08/23/2026,16:11:34,23.6,41.0
08/23/2026,16:16:34,23.6,41.0
08/23/2026,16:21:34,23.6,40.9
08/23/2026,16:26:34,23.6,40.8
08/23/2026,16:31:34,23.6,40.4
08/23/2026,16:36:34,23.6,40.5
08/23/2026,16:41:34,23.6,40.5
08/23/2026,16:46:34,23.6,40.5
08/23/2026,16:51:34,23.6,40.5
08/23/2026,16:56:34,23.6,40.5
08/23/2026,17:01:34,23.6,40.4
08/23/2026,17:06:34,23.6,40.2
08/23/2026,17:11:34,23.6,40.1
08/23/2026,17:16:34,23.7,40.1
08/23/2026,17:21:34,23.6,40.2
08/23/2026,17:26:34,23.6,40.1
08/23/2026,17:31:34,23.7,40.0
08/23/2026,17:36:34,23.6,39.9
08/23/2026,17:41:34,23.7,39.8
08/23/2026,17:46:34,23.6,39.8
08/23/2026,17:51:34,23.6,39.8
08/23/2026,17:56:34,23.7,39.7
08/23/2026,18:01:34,23.6,39.6
08/23/2026,18:06:34,23.6,39.7
08/23/2026,18:11:34,23.6,39.7
08/23/2026,18:16:34,23.6,39.7
08/23/2026,18:21:34,23.6,39.6
08/23/2026,18:26:34,23.6,39.6
08/23/2026,18:31:34,23.6,39.7
08/23/2026,18:36:34,23.6,39.8
08/23/2026,18:41:34,23.6,39.8
08/23/2026,18:46:34,23.6,39.9
08/23/2026,18:51:34,23.5,39.9
08/23/2026,18:56:34,23.5,40.0
08/23/2026,19:01:34,23.5,40.0
08/23/2026,19:06:34,23.5,40.2
08/23/2026,19:11:34,23.5,40.3
08/23/2026,19:16:34,23.4,40.5
08/23/2026,19:21:34,23.4,40.6
08/23/2026,19:26:34,23.4,40.7
08/23/2026,19:31:34,23.3,40.8
08/23/2026,19:36:34,23.3,41.1
08/23/2026,19:41:34,23.3,41.7
08/23/2026,19:46:34,23.3,42.1
08/23/2026,19:51:34,23.2,42.4
08/23/2026,19:56:34,23.1,42.8
08/23/2026,20:01:34,23.1,43.1
08/23/2026,20:06:34,23.1,43.4
08/23/2026,20:11:34,23.0,43.6
08/23/2026,20:16:34,23.0,43.9
08/23/2026,20:21:34,23.0,44.1
08/23/2026,20:26:34,22.9,44.3
08/23/2026,20:31:34,22.9,44.5
08/23/2026,20:36:34,22.8,44.7
08/23/2026,20:41:34,22.8,44.7
08/23/2026,20:46:34,22.7,44.8
08/23/2026,20:51:34,22.7,45.0
08/23/2026,20:56:34,22.6,45.1
08/23/2026,21:01:34,22.6,45.2
08/23/2026,21:06:34,22.6,45.1
08/23/2026,21:11:34,22.5,45.1
08/23/2026,21:16:34,22.5,45.1
08/23/2026,21:21:34,22.5,45.0
08/23/2026,21:26:34,22.5,45.0
08/23/2026,21:31:34,22.4,45.0
08/23/2026,21:36:34,22.4,44.9
08/23/2026,21:41:34,22.3,44.9
08/23/2026,21:46:34,22.3,44.9
08/23/2026,21:51:34,22.2,44.8
08/23/2026,21:56:34,22.2,44.9
08/23/2026,22:01:34,22.2,44.8
08/23/2026,22:06:34,22.1,44.9
08/23/2026,22:11:34,22.1,44.8
08/23/2026,22:16:34,22.1,44.8
08/23/2026,22:21:34,22.0,44.9
08/23/2026,22:26:34,22.0,44.9
08/23/2026,22:31:34,22.0,44.9
08/23/2026,22:36:34,21.9,44.9
08/23/2026,22:41:34,21.9,45.0
08/23/2026,22:46:34,21.8,45.1
08/23/2026,22:51:34,21.7,45.1
08/23/2026,22:56:34,21.7,45.2
08/23/2026,23:01:34,21.7,45.3
08/23/2026,23:06:34,21.6,45.3
08/23/2026,23:11:34,21.6,45.4
08/23/2026,23:16:34,21.5,45.5
08/23/2026,23:21:34,21.5,45.5
08/23/2026,23:26:34,21.4,45.6
08/23/2026,23:31:34,21.4,45.7
08/23/2026,23:36:34,21.3,45.8
08/23/2026,23:41:34,21.3,45.9
08/23/2026,23:46:34,21.3,45.9
08/23/2026,23:51:34,21.3,46.0
08/23/2026,23:56:34,21.2,46.1
08/24/2026,00:01:34,21.2,46.1
08/24/2026,00:06:34,21.2,46.1
08/24/2026,00:11:34,21.2,46.0
08/24/2026,00:16:34,21.3,46.0
08/24/2026,00:21:34,21.3,46.0
08/24/2026,00:26:34,21.3,46.0
08/24/2026,00:31:34,21.3,45.9
08/24/2026,00:36:34,21.2,45.9
08/24/2026,00:41:34,21.2,46.0
08/24/2026,00:46:34,21.2,46.0
08/24/2026,00:51:34,21.2,46.0
08/24/2026,00:56:34,21.2,46.0
08/24/2026,01:01:34,21.2,46.1
08/24/2026,01:06:34,21.1,46.0
08/24/2026,01:11:34,21.1,46.1
08/24/2026,01:16:34,21.1,46.1
08/24/2026,01:21:34,21.1,46.1
08/24/2026,01:26:34,21.0,46.1
08/24/2026,01:31:34,21.0,46.1
08/24/2026,01:36:34,21.0,46.2
08/24/2026,01:41:34,20.9,46.2
08/24/2026,01:46:34,20.9,46.3
08/24/2026,01:51:34,20.9,46.3
08/24/2026,01:56:34,20.8,46.4
08/24/2026,02:01:34,20.8,46.4
08/24/2026,02:06:34,20.8,46.5
08/24/2026,02:11:34,20.7,46.6
08/24/2026,02:16:34,20.7,46.6
08/24/2026,02:21:34,20.7,46.7
08/24/2026,02:26:34,20.7,46.7
08/24/2026,02:31:34,20.6,46.8
08/24/2026,02:36:34,20.6,46.8
08/24/2026,02:41:34,20.5,46.9
08/24/2026,02:46:34,20.5,46.9
08/24/2026,02:51:34,20.5,46.9
08/24/2026,02:56:34,20.5,47.1
08/24/2026,03:01:34,20.4,47.1
08/24/2026,03:06:34,20.3,47.1
08/24/2026,03:11:34,20.3,47.2
08/24/2026,03:16:34,20.3,47.2
08/24/2026,03:21:34,20.3,47.2
08/24/2026,03:26:34,20.2,47.3
08/24/2026,03:31:34,20.2,47.3
08/24/2026,03:36:34,20.2,47.3
08/24/2026,03:41:34,20.1,47.3
08/24/2026,03:46:34,20.1,47.3
08/24/2026,03:51:34,20.0,47.3
08/24/2026,03:56:34,19.9,47.3
08/24/2026,04:01:34,19.8,47.4
08/24/2026,04:06:34,19.8,47.6
08/24/2026,04:11:34,19.7,47.6
08/24/2026,04:16:34,19.7,47.6
08/24/2026,04:21:34,19.7,47.7
08/24/2026,04:26:34,19.7,47.7
08/24/2026,04:31:34,19.7,47.7
08/24/2026,04:36:34,19.6,47.7
08/24/2026,04:41:34,19.6,47.7
08/24/2026,04:46:34,19.6,47.7
08/24/2026,04:51:34,19.5,47.6
08/24/2026,04:56:34,19.5,47.6
08/24/2026,05:01:34,19.4,47.7
08/24/2026,05:06:34,19.3,47.7
08/24/2026,05:11:34,19.3,47.7
08/24/2026,05:16:34,19.3,47.8
08/24/2026,05:21:34,19.2,47.8
08/24/2026,05:26:34,19.2,47.8
08/24/2026,05:31:34,19.1,47.9
08/24/2026,05:36:34,19.1,47.9
08/24/2026,05:41:34,19.0,48.0
08/24/2026,05:46:34,19.0,47.9
08/24/2026,05:51:34,19.0,48.0
08/24/2026,05:56:34,18.9,48.0
08/24/2026,06:01:34,18.9,48.0
08/24/2026,06:06:34,18.9,48.1
08/24/2026,06:11:34,18.8,48.1
08/24/2026,06:16:34,18.8,48.2
08/24/2026,06:21:34,18.8,48.2
08/24/2026,06:26:34,18.7,48.2
08/24/2026,06:31:34,18.7,48.3
08/24/2026,06:36:34,18.7,48.4
08/24/2026,06:41:34,18.7,48.4
08/24/2026,06:46:34,18.7,48.6
08/24/2026,06:51:34,18.7,48.7
08/24/2026,06:56:34,18.7,48.8
08/24/2026,07:01:34,18.7,48.8
08/24/2026,07:06:34,18.9,48.7
08/24/2026,07:11:34,19.3,48.3
08/24/2026,07:16:34,19.4,47.9
08/24/2026,07:21:34,19.5,47.9
08/24/2026,07:26:34,19.5,47.8
08/24/2026,07:31:34,19.5,47.8
08/24/2026,07:36:34,19.5,47.7
08/24/2026,07:41:34,19.5,47.6
08/24/2026,07:46:34,19.6,47.7
08/24/2026,07:51:34,19.6,47.6
08/24/2026,07:56:34,19.6,47.6
08/24/2026,08:01:34,19.7,47.6
08/24/2026,08:06:34,19.7,47.7
08/24/2026,08:11:34,19.7,47.6
08/24/2026,08:16:34,19.8,47.6
08/24/2026,08:21:34,19.8,47.6
08/24/2026,08:26:34,19.8,47.6
08/24/2026,08:31:34,19.8,47.6
08/24/2026,08:36:34,19.9,47.6
08/24/2026,08:41:34,19.9,47.6
08/24/2026,08:46:34,20.0,47.6
08/24/2026,08:51:34,20.0,47.5
08/24/2026,08:56:34,20.0,47.6
08/24/2026,09:01:34,20.0,47.6
08/24/2026,09:06:34,20.1,47.6
08/24/2026,09:11:34,20.1,47.6
08/24/2026,09:16:34,20.1,47.6
08/24/2026,09:21:34,20.2,47.6
08/24/2026,09:26:34,20.2,47.6
08/24/2026,09:31:34,20.2,47.6
08/24/2026,09:36:34,20.3,47.6
08/24/2026,09:41:34,20.3,47.6
08/24/2026,09:46:34,20.3,47.6
08/24/2026,09:51:34,20.4,47.7
08/24/2026,09:56:34,20.4,47.7
08/24/2026,10:01:34,20.4,47.8
08/24/2026,10:06:34,20.4,47.7
08/24/2026,10:11:34,20.5,47.8
08/24/2026,10:16:34,20.5,47.8
08/24/2026,10:21:34,20.5,47.8
08/24/2026,10:26:34,20.5,47.7
08/24/2026,10:31:34,20.6,47.8
08/24/2026,10:36:34,20.6,47.8
08/24/2026,10:41:34,20.6,47.7
08/24/2026,10:46:34,20.6,47.7
08/24/2026,10:51:34,20.6,47.7
08/24/2026,10:56:34,20.7,47.7
08/24/2026,11:01:34,20.7,47.7
08/24/2026,11:06:34,20.7,47.8
08/24/2026,11:11:34,20.7,47.7
08/24/2026,11:16:34,20.7,47.8
08/24/2026,11:21:34,20.7,47.8
08/24/2026,11:26:34,20.8,47.8
08/24/2026,11:31:34,20.8,47.8
08/24/2026,11:36:34,20.8,47.9
08/24/2026,11:41:34,20.8,47.9
08/24/2026,11:46:34,20.8,47.9
08/24/2026,11:51:34,20.9,47.9
08/24/2026,11:56:34,20.9,47.9
08/24/2026,12:01:34,20.9,47.8
08/24/2026,12:06:34,20.9,47.8
08/24/2026,12:11:34,21.0,47.8
08/24/2026,12:16:34,21.0,47.8
08/24/2026,12:21:34,21.0,47.8
08/24/2026,12:26:34,21.0,47.8
08/24/2026,12:31:34,21.1,47.8
08/24/2026,12:36:34,21.1,47.8
08/24/2026,12:41:34,21.1,47.9
08/24/2026,12:46:34,21.2,47.8
08/24/2026,12:51:34,21.2,47.8
08/24/2026,12:56:34,21.2,47.8
08/24/2026,13:01:34,21.2,47.8
08/24/2026,13:06:34,21.2,47.7
08/24/2026,13:11:34,21.2,47.7
08/24/2026,13:16:34,21.3,47.7
08/24/2026,13:21:34,21.3,47.7
08/24/2026,13:26:34,21.3,47.7
08/24/2026,13:31:34,21.3,47.7
08/24/2026,13:36:34,21.4,47.7
08/24/2026,13:41:34,21.4,47.6
08/24/2026,13:46:34,21.4,47.6
08/24/2026,13:51:34,21.4,47.5
08/24/2026,13:56:34,21.5,47.4
08/24/2026,14:01:34,21.5,47.4
08/24/2026,14:06:34,21.5,47.4
08/24/2026,14:11:34,21.5,47.3
08/24/2026,14:16:34,21.5,47.3
08/24/2026,14:21:34,21.6,47.3
08/24/2026,14:26:34,21.6,47.2
08/24/2026,14:31:34,21.6,47.2
08/24/2026,14:36:34,21.7,47.1
08/24/2026,14:41:34,21.7,47.1
08/24/2026,14:46:34,21.7,47.1
08/24/2026,14:51:34,21.7,47.0
08/24/2026,14:56:34,21.8,47.0
08/24/2026,15:01:34,21.8,46.9
08/24/2026,15:06:34,21.8,46.8
08/24/2026,15:11:34,21.9,46.8
08/24/2026,15:16:34,21.9,46.8
08/24/2026,15:21:34,21.9,46.7
08/24/2026,15:26:34,21.9,46.7
08/24/2026,15:31:34,22.0,46.7
08/24/2026,15:36:34,22.0,46.7
08/24/2026,15:41:34,22.0,46.6
08/24/2026,15:46:34,22.0,46.6
08/24/2026,15:51:34,22.0,46.6
08/24/2026,15:56:34,22.0,46.6
08/24/2026,16:01:34,22.0,46.6
08/24/2026,16:06:34,22.1,46.6
08/24/2026,16:11:34,22.1,46.6
08/24/2026,16:16:34,22.1,46.6
08/24/2026,16:21:34,22.1,46.6
08/24/2026,16:26:34,22.1,46.6
08/24/2026,16:31:34,22.1,46.6
08/24/2026,16:36:34,22.1,46.6
08/24/2026,16:41:34,22.1,46.6
08/24/2026,16:46:34,22.1,46.6
08/24/2026,16:51:34,22.1,46.7
08/24/2026,16:56:34,22.2,46.7
08/24/2026,17:01:34,22.2,46.7
08/24/2026,17:06:34,22.2,46.7
08/24/2026,17:11:34,22.2,46.7
08/24/2026,17:16:34,22.2,46.7
08/24/2026,17:21:34,22.2,46.7
08/24/2026,17:26:34,22.2,46.7
08/24/2026,17:31:34,22.2,46.7
08/24/2026,17:36:34,22.2,46.7
08/24/2026,17:41:34,22.3,46.7
08/24/2026,17:46:34,22.3,46.7
08/24/2026,17:51:34,22.3,46.6
08/24/2026,17:56:34,22.3,46.6
08/24/2026,18:01:34,22.3,46.6
08/24/2026,18:06:34,22.3,46.6
08/24/2026,18:11:34,22.3,46.6
08/24/2026,18:16:34,22.3,46.6
08/24/2026,18:21:34,22.3,46.6
08/24/2026,18:26:34,22.3,46.6
08/24/2026,18:31:34,22.3,46.5
08/24/2026,18:36:34,22.3,46.5
08/24/2026,18:41:34,22.3,46.5
08/24/2026,18:46:34,22.3,46.5
08/24/2026,18:51:34,22.3,46.5
08/24/2026,18:56:34,22.3,46.5
08/24/2026,19:01:34,22.3,46.5
08/24/2026,19:06:34,22.3,46.5
08/24/2026,19:11:34,22.2,46.5
08/24/2026,19:16:34,22.2,46.4
08/24/2026,19:21:34,22.2,46.4
08/24/2026,19:26:34,22.2,46.4
08/24/2026,19:31:34,22.2,46.4
08/24/2026,19:36:34,22.2,46.4
08/24/2026,19:41:34,22.2,46.3
08/24/2026,19:46:34,22.2,46.3
08/24/2026,19:51:34,22.2,46.4
08/24/2026,19:56:34,22.2,46.3
08/24/2026,20:01:34,22.2,46.3
08/24/2026,20:06:34,22.2,46.3
08/24/2026,20:11:34,22.2,46.3
08/24/2026,20:16:34,22.2,46.3
08/24/2026,20:21:34,22.1,46.3
08/24/2026,20:26:34,22.2,46.3
08/24/2026,20:31:34,22.1,46.3
08/24/2026,20:36:34,22.1,46.3
08/24/2026,20:41:34,22.1,46.3
08/24/2026,20:46:34,22.1,46.3
08/24/2026,20:51:34,22.1,46.2
08/24/2026,20:56:34,22.1,46.2
08/24/2026,21:01:34,22.1,46.3
08/24/2026,21:06:34,22.1,46.3
08/24/2026,21:11:34,22.1,46.3
08/24/2026,21:16:34,22.1,46.2
08/24/2026,21:21:34,22.1,46.3
08/24/2026,21:26:34,22.0,46.2
08/24/2026,21:31:34,22.0,46.3
08/24/2026,21:36:34,22.0,46.2
08/24/2026,21:41:34,22.0,46.3
08/24/2026,21:46:34,22.0,46.3
08/24/2026,21:51:34,22.0,46.3
08/24/2026,21:56:34,22.0,46.3
08/24/2026,22:01:34,22.0,46.3
08/24/2026,22:06:34,22.0,46.3
08/24/2026,22:11:34,22.0,46.4
08/24/2026,22:16:34,22.0,46.3
08/24/2026,22:21:34,21.9,46.3
08/24/2026,22:26:34,21.9,46.4
08/24/2026,22:31:34,21.9,46.3
08/24/2026,22:36:34,21.9,46.4
08/24/2026,22:41:34,21.9,46.4
08/24/2026,22:46:34,21.9,46.4
08/24/2026,22:51:34,21.9,46.4
08/24/2026,22:56:34,21.9,46.4
08/24/2026,23:01:34,21.9,46.4
08/24/2026,23:06:34,21.8,46.4
08/24/2026,23:11:34,21.8,46.4
08/24/2026,23:16:34,21.8,46.5
08/24/2026,23:21:34,21.8,46.5
08/24/2026,23:26:34,21.8,46.4
08/24/2026,23:31:34,21.8,46.4
08/24/2026,23:36:34,21.8,46.5
08/24/2026,23:41:34,21.7,46.5
08/24/2026,23:46:34,21.8,46.5
08/24/2026,23:51:34,21.7,46.5
08/24/2026,23:56:34,21.7,46.5
08/25/2026,00:01:34,21.7,46.6
08/25/2026,00:06:34,21.7,46.5
08/25/2026,00:11:34,21.7,46.5
08/25/2026,00:16:34,21.7,46.6
08/25/2026,00:21:34,21.6,46.6
08/25/2026,00:26:34,21.6,46.6
08/25/2026,00:31:34,21.6,46.6
08/25/2026,00:36:34,21.6,46.6
08/25/2026,00:41:34,21.6,46.7
08/25/2026,00:46:34,21.6,46.7
08/25/2026,00:51:34,21.6,46.7
08/25/2026,00:56:34,21.6,46.7
08/25/2026,01:01:34,21.5,46.7
08/25/2026,01:06:34,21.6,46.8
08/25/2026,01:11:34,21.5,46.8
08/25/2026,01:16:34,21.5,46.8
08/25/2026,01:21:34,21.5,46.9
08/25/2026,01:26:34,21.5,46.9
08/25/2026,01:31:34,21.5,46.9
08/25/2026,01:36:34,21.5,46.9
08/25/2026,01:41:34,21.4,46.9
08/25/2026,01:46:34,21.5,47.0
08/25/2026,01:51:34,21.4,47.0
08/25/2026,01:56:34,21.4,47.0
08/25/2026,02:01:34,21.4,47.0
08/25/2026,02:06:34,21.4,47.0
08/25/2026,02:11:34,21.4,47.1
08/25/2026,02:16:34,21.4,47.1
08/25/2026,02:21:34,21.4,47.2
08/25/2026,02:26:34,21.3,47.2
08/25/2026,02:31:34,21.3,47.2
08/25/2026,02:36:34,21.3,47.2
08/25/2026,02:41:34,21.3,47.3
08/25/2026,02:46:34,21.3,47.3
08/25/2026,02:51:34,21.3,47.3
08/25/2026,02:56:34,21.3,47.4
08/25/2026,03:01:34,21.3,47.4
08/25/2026,03:06:34,21.3,47.4
08/25/2026,03:11:34,21.2,47.4
08/25/2026,03:16:34,21.2,47.5
08/25/2026,03:21:34,21.2,47.5
08/25/2026,03:26:34,21.2,47.5
08/25/2026,03:31:34,21.2,47.5
08/25/2026,03:36:34,21.2,47.5
08/25/2026,03:41:34,21.2,47.6
08/25/2026,03:46:34,21.2,47.7
08/25/2026,03:51:34,21.2,47.7
08/25/2026,03:56:34,21.2,47.7
08/25/2026,04:01:34,21.1,47.7
08/25/2026,04:06:34,21.1,47.7
08/25/2026,04:11:34,21.1,47.8
08/25/2026,04:16:34,21.1,47.8
08/25/2026,04:21:34,21.1,47.8
08/25/2026,04:26:34,21.1,47.8
08/25/2026,04:31:34,21.1,47.9
08/25/2026,04:36:34,21.1,47.9
08/25/2026,04:41:34,21.0,47.9
08/25/2026,04:46:34,21.0,48.0
08/25/2026,04:51:34,21.0,48.1
08/25/2026,04:56:34,21.0,48.1
08/25/2026,05:01:34,21.0,48.0
08/25/2026,05:06:34,21.0,48.1
08/25/2026,05:11:34,21.0,48.1
08/25/2026,05:16:34,21.0,48.2
08/25/2026,05:21:34,20.9,48.2
08/25/2026,05:26:34,20.9,48.2
08/25/2026,05:31:34,20.9,48.3
08/25/2026,05:36:34,20.9,48.3
08/25/2026,05:41:34,20.9,48.3
08/25/2026,05:46:34,20.9,48.3
08/25/2026,05:51:34,20.9,48.4
08/25/2026,05:56:34,20.9,48.4
08/25/2026,06:01:34,20.9,48.4
08/25/2026,06:06:34,20.8,48.5
08/25/2026,06:11:34,20.8,48.5
08/25/2026,06:16:34,20.8,48.5
08/25/2026,06:21:34,20.8,48.5
08/25/2026,06:26:34,20.8,48.5
08/25/2026,06:31:34,20.8,48.6
08/25/2026,06:36:34,20.8,48.6
08/25/2026,06:41:34,20.8,48.7
08/25/2026,06:46:34,20.8,48.8
08/25/2026,06:51:34,20.8,48.7
08/25/2026,06:56:34,20.8,48.8
08/25/2026,07:01:34,20.8,48.8
08/25/2026,07:06:34,20.9,48.7
08/25/2026,07:11:34,21.3,48.4
08/25/2026,07:16:34,21.3,48.1
08/25/2026,07:21:34,21.3,48.1
08/25/2026,07:26:34,21.2,48.1
08/25/2026,07:31:34,21.2,48.2
08/25/2026,07:36:34,21.1,48.3
08/25/2026,07:41:34,21.1,48.4
08/25/2026,07:46:34,21.0,48.4
08/25/2026,07:51:34,21.0,48.6
08/25/2026,07:56:34,21.0,48.6
08/25/2026,08:01:34,21.0,48.7
08/25/2026,08:06:34,21.0,48.8
08/25/2026,08:11:34,21.0,48.8
08/25/2026,08:16:34,20.9,48.9
08/25/2026,08:21:34,21.0,49.0
08/25/2026,08:26:34,20.9,49.1
08/25/2026,08:31:34,20.9,49.1
08/25/2026,08:36:34,20.9,49.2
08/25/2026,08:41:34,20.9,49.2
08/25/2026,08:46:34,20.9,49.3
08/25/2026,08:51:34,21.0,49.3
08/25/2026,08:56:34,21.0,49.4
08/25/2026,09:01:34,21.0,49.5
08/25/2026,09:06:34,21.0,49.5
08/25/2026,09:11:34,21.0,49.6
08/25/2026,09:16:34,21.0,49.6
08/25/2026,09:21:34,21.0,49.7
08/25/2026,09:26:34,21.1,49.8
08/25/2026,09:31:34,21.1,49.8
08/25/2026,09:36:34,21.1,49.9
08/25/2026,09:41:34,21.1,50.0
08/25/2026,09:46:34,21.1,50.1
08/25/2026,09:51:34,21.2,50.1
08/25/2026,09:56:34,21.2,50.2
08/25/2026,10:01:34,21.2,50.2
08/25/2026,10:06:34,21.2,50.2
08/25/2026,10:11:34,21.2,50.3
08/25/2026,10:16:34,21.3,50.4
08/25/2026,10:21:34,21.3,50.4
08/25/2026,10:26:34,21.3,50.4
08/25/2026,10:31:34,21.3,50.5
08/25/2026,10:36:34,21.3,50.5
08/25/2026,10:41:34,21.3,50.6
08/25/2026,10:46:34,21.4,50.5
08/25/2026,10:51:34,21.4,50.6
08/25/2026,10:56:34,21.4,50.6
08/25/2026,11:01:34,21.4,50.7
08/25/2026,11:06:34,21.4,50.7
08/25/2026,11:11:34,21.5,50.8
08/25/2026,11:16:34,21.5,51.0
08/25/2026,11:21:34,21.5,51.0
08/25/2026,11:26:34,21.5,51.1
08/25/2026,11:31:34,21.5,51.1
08/25/2026,11:36:34,21.5,51.1
08/25/2026,11:41:34,21.5,51.2
08/25/2026,11:46:34,21.5,51.2
08/25/2026,11:51:34,21.5,51.2
08/25/2026,11:56:34,21.5,51.2
08/25/2026,12:01:34,21.5,51.2
08/25/2026,12:06:34,21.6,51.2
08/25/2026,12:11:34,21.6,51.3
08/25/2026,12:16:34,21.6,51.3
08/25/2026,12:21:34,21.6,51.3
08/25/2026,12:26:34,21.7,51.4
08/25/2026,12:31:34,21.7,51.3
08/25/2026,12:36:34,21.8,51.3
08/25/2026,12:41:34,21.8,51.2
08/25/2026,12:46:34,21.8,51.2
08/25/2026,12:51:34,21.9,51.3
08/25/2026,12:56:34,22.0,51.2
08/25/2026,13:01:34,22.0,51.2
08/25/2026,13:06:34,22.1,51.3
08/25/2026,13:11:34,22.1,51.2
08/25/2026,13:16:34,22.2,51.0
08/25/2026,13:21:34,22.2,50.7
08/25/2026,13:26:34,22.3,50.6
08/25/2026,13:31:34,22.4,50.5
08/25/2026,13:36:34,22.4,50.6
08/25/2026,13:41:34,22.4,50.4
08/25/2026,13:46:34,22.5,50.3
08/25/2026,13:51:34,22.5,50.2
08/25/2026,13:56:34,22.6,50.1
08/25/2026,14:01:34,22.6,50.0
08/25/2026,14:06:34,22.6,49.9
08/25/2026,14:11:34,22.7,49.8
08/25/2026,14:16:34,22.7,49.7
08/25/2026,14:21:34,22.7,49.6
08/25/2026,14:26:34,22.8,49.4
08/25/2026,14:31:34,22.8,49.2
08/25/2026,14:36:34,22.9,49.0
08/25/2026,14:41:34,22.9,48.9
08/25/2026,14:46:34,22.9,48.8
08/25/2026,14:51:34,23.0,48.7
08/25/2026,14:56:34,23.0,48.6
08/25/2026,15:01:34,23.1,48.4
08/25/2026,15:06:34,23.1,48.3
08/25/2026,15:11:34,23.1,48.1
08/25/2026,15:16:34,23.2,47.9
08/25/2026,15:21:34,23.2,47.6
08/25/2026,15:26:34,23.3,47.4
08/25/2026,15:31:34,23.3,47.1
08/25/2026,15:36:34,23.3,47.2
08/25/2026,15:41:34,23.4,47.1
08/25/2026,15:46:34,23.4,47.0
08/25/2026,15:51:34,23.4,46.7
08/25/2026,15:56:34,23.4,46.3
08/25/2026,16:01:34,23.4,46.3
08/25/2026,16:06:34,23.4,46.0
08/25/2026,16:11:34,23.4,45.9
08/25/2026,16:16:34,23.4,45.9
08/25/2026,16:21:34,23.4,45.6
08/25/2026,16:26:34,23.5,45.5
08/25/2026,16:31:34,23.4,45.4
08/25/2026,16:36:34,23.4,45.1
08/25/2026,16:41:34,23.4,45.0
08/25/2026,16:46:34,23.5,44.9
08/25/2026,16:51:34,23.5,44.5
08/25/2026,16:56:34,23.5,44.8
08/25/2026,17:01:34,23.5,44.8
08/25/2026,17:06:34,23.5,44.4
08/25/2026,17:11:34,23.5,44.2
08/25/2026,17:16:34,23.5,44.2
08/25/2026,17:21:34,23.5,44.0
08/25/2026,17:26:34,23.5,44.1
08/25/2026,17:31:34,23.5,44.1
08/25/2026,17:36:34,23.5,44.0
08/25/2026,17:41:34,23.5,44.1
08/25/2026,17:46:34,23.6,43.9
08/25/2026,17:51:34,23.6,43.8
08/25/2026,17:56:34,23.6,43.8
08/25/2026,18:01:34,23.6,43.8
08/25/2026,18:06:34,23.6,43.8
08/25/2026,18:11:34,23.6,43.9
08/25/2026,18:16:34,23.6,43.9
08/25/2026,18:21:34,23.6,44.0
08/25/2026,18:26:34,23.6,44.1
08/25/2026,18:31:34,23.6,44.0
08/25/2026,18:36:34,23.6,44.1
08/25/2026,18:41:34,23.6,44.1
08/25/2026,18:46:34,23.6,44.1
08/25/2026,18:51:34,23.6,44.2
08/25/2026,18:56:34,23.6,44.2
08/25/2026,19:01:34,23.6,44.1
08/25/2026,19:06:34,23.6,44.2
08/25/2026,19:11:34,23.6,44.2
08/25/2026,19:16:34,23.5,44.4
08/25/2026,19:21:34,23.6,44.4
08/25/2026,19:26:34,23.5,44.4
08/25/2026,19:31:34,23.5,44.4
08/25/2026,19:36:34,23.5,44.5
08/25/2026,19:41:34,23.5,44.5
08/25/2026,19:46:34,23.5,44.6
08/25/2026,19:51:34,23.5,44.7
08/25/2026,19:56:34,23.5,44.8
08/25/2026,20:01:34,23.5,44.8
08/25/2026,20:06:34,23.5,44.9
08/25/2026,20:11:34,23.4,45.0
08/25/2026,20:16:34,23.4,45.1
08/25/2026,20:21:34,23.4,45.2
08/25/2026,20:26:34,23.4,45.3
08/25/2026,20:31:34,23.4,45.3
08/25/2026,20:36:34,23.4,45.4
08/25/2026,20:41:34,23.4,45.4
08/25/2026,20:46:34,23.3,45.5
08/25/2026,20:51:34,23.3,45.5
08/25/2026,20:56:34,23.3,45.6
08/25/2026,21:01:34,23.3,45.7
08/25/2026,21:06:34,23.3,45.7
08/25/2026,21:11:34,23.3,45.8
08/25/2026,21:16:34,23.3,45.9
08/25/2026,21:21:34,23.2,45.9
08/25/2026,21:26:34,23.2,46.0
08/25/2026,21:31:34,23.2,46.1
08/25/2026,21:36:34,23.2,46.2
08/25/2026,21:41:34,23.1,46.2
08/25/2026,21:46:34,23.1,46.4
08/25/2026,21:51:34,23.1,46.5
08/25/2026,21:56:34,23.1,46.6
08/25/2026,22:01:34,23.1,46.7
08/25/2026,22:06:34,23.1,46.7
08/25/2026,22:11:34,23.1,46.9
08/25/2026,22:16:34,23.0,46.9
08/25/2026,22:21:34,23.0,47.0
08/25/2026,22:26:34,23.0,47.1
08/25/2026,22:31:34,23.0,47.2
08/25/2026,22:36:34,23.0,47.3
08/25/2026,22:41:34,23.0,47.4
08/25/2026,22:46:34,23.0,47.4
08/25/2026,22:51:34,22.9,47.5
08/25/2026,22:56:34,22.9,47.6
08/25/2026,23:01:34,22.9,47.7
08/25/2026,23:06:34,22.9,47.8
08/25/2026,23:11:34,22.9,47.9
08/25/2026,23:16:34,22.9,47.9
08/25/2026,23:21:34,22.9,48.0
08/25/2026,23:26:34,22.9,48.1
08/25/2026,23:31:34,22.8,48.1
08/25/2026,23:36:34,22.8,48.3
08/25/2026,23:41:34,22.8,48.4
08/25/2026,23:46:34,22.8,48.5
08/25/2026,23:51:34,22.7,48.6
08/25/2026,23:56:34,22.7,48.6
08/26/2026,00:01:34,22.7,48.7
08/26/2026,00:06:34,22.7,48.7
08/26/2026,00:11:34,22.7,48.8
08/26/2026,00:16:34,22.7,48.9
08/26/2026,00:21:34,22.7,48.9
08/26/2026,00:26:34,22.7,48.9
08/26/2026,00:31:34,22.7,49.0
08/26/2026,00:36:34,22.6,49.0
08/26/2026,00:41:34,22.6,49.1
08/26/2026,00:46:34,22.6,49.2
08/26/2026,00:51:34,22.6,49.2
08/26/2026,00:56:34,22.6,49.2
08/26/2026,01:01:34,22.6,49.4
08/26/2026,01:06:34,22.6,49.3
08/26/2026,01:11:34,22.5,49.4
08/26/2026,01:16:34,22.5,49.5
08/26/2026,01:21:34,22.5,49.5
08/26/2026,01:26:34,22.5,49.6
08/26/2026,01:31:34,22.5,49.7
08/26/2026,01:36:34,22.5,49.9
08/26/2026,01:41:34,22.4,49.9
08/26/2026,01:46:34,22.4,50.0
08/26/2026,01:51:34,22.4,50.1
08/26/2026,01:56:34,22.4,50.2
08/26/2026,02:01:34,22.4,50.3
08/26/2026,02:06:34,22.4,50.4
08/26/2026,02:11:34,22.4,50.5
08/26/2026,02:16:34,22.3,50.6
08/26/2026,02:21:34,22.3,50.7
08/26/2026,02:26:34,22.3,50.7
08/26/2026,02:31:34,22.3,50.9
08/26/2026,02:36:34,22.3,51.0
08/26/2026,02:41:34,22.3,51.1
08/26/2026,02:46:34,22.3,51.1
08/26/2026,02:51:34,22.2,51.2
08/26/2026,02:56:34,22.3,51.3
08/26/2026,03:01:34,22.2,51.4
08/26/2026,03:06:34,22.2,51.4
08/26/2026,03:11:34,22.2,51.5
08/26/2026,03:16:34,22.2,51.5
08/26/2026,03:21:34,22.2,51.6
08/26/2026,03:26:34,22.2,51.7
08/26/2026,03:31:34,22.2,51.8
08/26/2026,03:36:34,22.2,51.9
08/26/2026,03:41:34,22.2,51.9
08/26/2026,03:46:34,22.1,52.0
08/26/2026,03:51:34,22.1,52.1
08/26/2026,03:56:34,22.1,52.1
08/26/2026,04:01:34,22.1,52.2
08/26/2026,04:06:34,22.1,52.2
08/26/2026,04:11:34,22.1,52.4
08/26/2026,04:16:34,22.1,52.5
08/26/2026,04:21:34,22.1,52.5
08/26/2026,04:26:34,22.1,52.6
08/26/2026,04:31:34,22.0,52.7
08/26/2026,04:36:34,22.0,52.7
08/26/2026,04:41:34,22.0,52.8
08/26/2026,04:46:34,22.0,52.9
08/26/2026,04:51:34,22.0,53.0
08/26/2026,04:56:34,22.0,53.1
08/26/2026,05:01:34,22.0,53.1
08/26/2026,05:06:34,22.0,53.2
08/26/2026,05:11:34,22.0,53.3
08/26/2026,05:16:34,21.9,53.4
08/26/2026,05:21:34,21.9,53.5
08/26/2026,05:26:34,21.9,53.5
08/26/2026,05:31:34,21.9,53.5
08/26/2026,05:36:34,21.9,53.6
08/26/2026,05:41:34,21.9,53.6
08/26/2026,05:46:34,21.9,53.7
08/26/2026,05:51:34,21.9,53.7
08/26/2026,05:56:34,21.9,53.7
08/26/2026,06:01:34,21.9,53.8
08/26/2026,06:06:34,21.9,53.8
08/26/2026,06:11:34,21.8,53.8
08/26/2026,06:16:34,21.8,53.9
08/26/2026,06:21:34,21.8,53.9
08/26/2026,06:26:34,21.8,53.9
08/26/2026,06:31:34,21.8,53.9
08/26/2026,06:36:34,21.8,54.0
08/26/2026,06:41:34,21.8,54.0
08/26/2026,06:46:34,21.8,54.0
08/26/2026,06:51:34,21.8,54.0
08/26/2026,06:56:34,21.8,54.1
08/26/2026,07:01:34,21.7,54.2
08/26/2026,07:06:34,21.7,54.2
08/26/2026,07:11:34,21.7,54.1
08/26/2026,07:16:34,21.7,54.0
08/26/2026,07:21:34,21.7,53.9
08/26/2026,07:26:34,21.7,53.8
08/26/2026,07:31:34,21.7,53.7
08/26/2026,07:36:34,21.7,53.7
08/26/2026,07:41:34,21.7,53.6
08/26/2026,07:46:34,21.8,53.6
08/26/2026,07:51:34,21.8,53.5
08/26/2026,07:56:34,21.8,53.5
08/26/2026,08:01:34,21.8,53.5
08/26/2026,08:06:34,21.8,53.5
08/26/2026,08:11:34,21.8,53.4
08/26/2026,08:16:34,21.8,53.5
08/26/2026,08:21:34,21.8,53.3
08/26/2026,08:26:34,21.8,53.4
08/26/2026,08:31:34,21.8,53.3
08/26/2026,08:36:34,21.8,53.3
08/26/2026,08:41:34,21.8,53.2
08/26/2026,08:46:34,21.8,53.2
08/26/2026,08:51:34,21.8,53.2
08/26/2026,08:56:34,21.9,53.2
08/26/2026,09:01:34,21.8,53.2
08/26/2026,09:06:34,21.8,53.2
08/26/2026,09:11:34,21.9,53.1
08/26/2026,09:16:34,21.9,53.2
08/26/2026,09:21:34,21.9,53.2
08/26/2026,09:26:34,21.9,53.2
08/26/2026,09:31:34,21.9,53.3
08/26/2026,09:36:34,21.9,53.3
08/26/2026,09:41:34,21.9,53.3
08/26/2026,09:46:34,21.9,53.3
08/26/2026,09:51:34,21.9,53.3
08/26/2026,09:56:34,21.9,53.3
08/26/2026,10:01:34,21.9,53.3
08/26/2026,10:06:34,21.9,53.3
08/26/2026,10:11:34,21.9,53.3
08/26/2026,10:16:34,22.0,53.3
08/26/2026,10:21:34,22.0,53.3
08/26/2026,10:26:34,22.0,53.4
08/26/2026,10:31:34,22.0,53.4
08/26/2026,10:36:34,22.0,53.5
08/26/2026,10:41:34,22.0,53.5
08/26/2026,10:46:34,22.0,53.4
08/26/2026,10:51:34,22.0,53.5
08/26/2026,10:56:34,22.0,53.5
08/26/2026,11:01:34,22.1,53.5
08/26/2026,11:06:34,22.1,53.5
08/26/2026,11:11:34,22.1,53.5
08/26/2026,11:16:34,22.1,53.6
08/26/2026,11:21:34,22.2,53.6
08/26/2026,11:26:34,22.2,53.5
08/26/2026,11:31:34,22.2,53.6
08/26/2026,11:36:34,22.2,53.6
08/26/2026,11:41:34,22.2,53.7
08/26/2026,11:46:34,22.2,53.7
08/26/2026,11:51:34,22.3,53.8
08/26/2026,11:56:34,22.3,53.8
08/26/2026,12:01:34,22.3,53.7
08/26/2026,12:06:34,22.3,53.8
08/26/2026,12:11:34,22.3,53.9
08/26/2026,12:16:34,22.4,53.8
08/26/2026,12:21:34,22.4,53.9
08/26/2026,12:26:34,22.4,53.9
08/26/2026,12:31:34,22.4,53.9
08/26/2026,12:36:34,22.4,53.9
08/26/2026,12:41:34,22.5,54.0
08/26/2026,12:46:34,22.5,54.0
08/26/2026,12:51:34,22.5,53.9
08/26/2026,12:56:34,22.5,54.0
08/26/2026,13:01:34,22.6,54.0
08/26/2026,13:06:34,22.6,54.0
08/26/2026,13:11:34,22.6,54.1
08/26/2026,13:16:34,22.7,54.1
08/26/2026,13:21:34,22.7,54.2
08/26/2026,13:26:34,22.7,54.2
08/26/2026,13:31:34,22.7,54.2
08/26/2026,13:36:34,22.7,54.3
08/26/2026,13:41:34,22.8,54.2
08/26/2026,13:46:34,22.8,54.2
08/26/2026,13:51:34,22.9,54.1
08/26/2026,13:56:34,22.9,54.1
08/26/2026,14:01:34,22.9,54.0
08/26/2026,14:06:34,22.9,54.1
08/26/2026,14:11:34,23.0,54.1
08/26/2026,14:16:34,23.0,54.0
08/26/2026,14:21:34,23.0,54.0
08/26/2026,14:26:34,23.1,54.0
08/26/2026,14:31:34,23.1,54.0
08/26/2026,14:36:34,23.1,54.0
08/26/2026,14:41:34,23.1,54.1
08/26/2026,14:46:34,23.1,54.0
08/26/2026,14:51:34,23.2,54.0
08/26/2026,14:56:34,23.2,54.0
08/26/2026,15:01:34,23.2,54.0
08/26/2026,15:06:34,23.2,54.0
08/26/2026,15:11:34,23.2,54.0
08/26/2026,15:16:34,23.2,54.0
08/26/2026,15:21:34,23.2,54.1
08/26/2026,15:26:34,23.3,54.0
08/26/2026,15:31:34,23.3,53.9
08/26/2026,15:36:34,23.3,53.9
08/26/2026,15:41:34,23.4,53.9
08/26/2026,15:46:34,23.4,53.8
08/26/2026,15:51:34,23.4,53.9
08/26/2026,15:56:34,23.5,53.9
08/26/2026,16:01:34,23.5,53.8
08/26/2026,16:06:34,23.5,53.8
08/26/2026,16:11:34,23.5,53.7
08/26/2026,16:16:34,23.5,53.7
08/26/2026,16:21:34,23.6,53.7
08/26/2026,16:26:34,23.6,53.7
08/26/2026,16:31:34,23.6,53.7
08/26/2026,16:36:34,23.6,53.7
08/26/2026,16:41:34,23.6,53.6
08/26/2026,16:46:34,23.7,53.6
08/26/2026,16:51:34,23.7,53.7
08/26/2026,16:56:34,23.7,53.7
08/26/2026,17:01:34,23.7,53.6
08/26/2026,17:06:34,23.7,53.6
08/26/2026,17:11:34,23.7,53.6
08/26/2026,17:16:34,23.8,53.6
08/26/2026,17:21:34,23.8,53.5
08/26/2026,17:26:34,23.8,53.5
08/26/2026,17:31:34,23.8,53.5
08/26/2026,17:36:34,23.8,53.5
08/26/2026,17:41:34,23.9,53.5
08/26/2026,17:46:34,23.9,53.4
08/26/2026,17:51:34,23.9,53.4
08/26/2026,17:56:34,23.9,53.4
08/26/2026,18:01:34,23.9,53.4
08/26/2026,18:06:34,23.9,53.3
08/26/2026,18:11:34,23.9,53.4
08/26/2026,18:16:34,23.9,53.3
08/26/2026,18:21:34,24.0,53.4
08/26/2026,18:26:34,24.0,53.4
08/26/2026,18:31:34,24.0,53.4
08/26/2026,18:36:34,24.0,53.4
08/26/2026,18:41:34,24.0,53.5
08/26/2026,18:46:34,24.0,53.8
08/26/2026,18:51:34,24.0,54.5
08/26/2026,18:56:34,24.0,54.8
08/26/2026,19:01:34,24.0,55.2
08/26/2026,19:06:34,24.0,55.4
08/26/2026,19:11:34,24.0,55.5
08/26/2026,19:16:34,24.0,55.6
08/26/2026,19:21:34,24.0,55.8
08/26/2026,19:26:34,24.0,56.0
08/26/2026,19:31:34,24.0,56.2
08/26/2026,19:36:34,24.1,56.3
08/26/2026,19:41:34,24.0,56.3
08/26/2026,19:46:34,24.0,56.5
08/26/2026,19:51:34,24.0,56.5
08/26/2026,19:56:34,24.0,56.6
08/26/2026,20:01:34,24.0,56.7
08/26/2026,20:06:34,24.0,56.7
08/26/2026,20:11:34,23.9,56.8
08/26/2026,20:16:34,23.9,56.8
08/26/2026,20:21:34,23.9,56.8
08/26/2026,20:26:34,23.9,56.7
08/26/2026,20:31:34,23.9,56.7
08/26/2026,20:36:34,23.9,56.7
08/26/2026,20:41:34,23.9,56.6
08/26/2026,20:46:34,23.9,56.6
08/26/2026,20:51:34,23.9,56.6
08/26/2026,20:56:34,23.9,56.6
08/26/2026,21:01:34,23.9,56.6
08/26/2026,21:06:34,23.9,56.5
08/26/2026,21:11:34,23.9,56.5
08/26/2026,21:16:34,23.9,56.4
08/26/2026,21:21:34,23.9,56.4
08/26/2026,21:26:34,23.9,56.3
08/26/2026,21:31:34,23.9,56.3
08/26/2026,21:36:34,23.9,56.3
08/26/2026,21:41:34,23.8,56.3
08/26/2026,21:46:34,23.8,56.3
08/26/2026,21:51:34,23.8,56.2
08/26/2026,21:56:34,23.8,56.2
08/26/2026,22:01:34,23.8,56.2
08/26/2026,22:06:34,23.8,56.2
08/26/2026,22:11:34,23.8,56.2
08/26/2026,22:16:34,23.8,56.1
08/26/2026,22:21:34,23.8,56.1
08/26/2026,22:26:34,23.7,56.1
08/26/2026,22:31:34,23.7,56.1
08/26/2026,22:36:34,23.7,56.1
08/26/2026,22:41:34,23.7,56.1
08/26/2026,22:46:34,23.7,56.1
08/26/2026,22:51:34,23.7,56.1
08/26/2026,22:56:34,23.7,56.1
08/26/2026,23:01:34,23.7,56.1
08/26/2026,23:06:34,23.6,56.0
08/26/2026,23:11:34,23.6,56.0
08/26/2026,23:16:34,23.6,56.0
08/26/2026,23:21:34,23.6,56.0
08/26/2026,23:26:34,23.6,56.0
08/26/2026,23:31:34,23.6,55.9
08/26/2026,23:36:34,23.6,56.0
08/26/2026,23:41:34,23.6,55.9
08/26/2026,23:46:34,23.6,55.9
08/26/2026,23:51:34,23.6,55.9
08/26/2026,23:56:34,23.5,55.9
08/27/2026,00:01:34,23.5,55.9
08/27/2026,00:06:34,23.5,55.9
08/27/2026,00:11:34,23.5,55.8
08/27/2026,00:16:34,23.5,55.8
08/27/2026,00:21:34,23.5,55.8
08/27/2026,00:26:34,23.5,55.9
08/27/2026,00:31:34,23.5,55.8
08/27/2026,00:36:34,23.4,55.9
08/27/2026,00:41:34,23.4,55.8
08/27/2026,00:46:34,23.4,55.8
08/27/2026,00:51:34,23.4,55.8
08/27/2026,00:56:34,23.4,55.8
08/27/2026,01:01:34,23.4,55.8
08/27/2026,01:06:34,23.3,55.8
08/27/2026,01:11:34,23.3,55.8
08/27/2026,01:16:34,23.3,55.8
08/27/2026,01:21:34,23.3,55.8
08/27/2026,01:26:34,23.3,55.7
08/27/2026,01:31:34,23.3,55.8
08/27/2026,01:36:34,23.3,55.8
08/27/2026,01:41:34,23.2,55.7
08/27/2026,01:46:34,23.3,55.7
08/27/2026,01:51:34,23.3,55.8
08/27/2026,01:56:34,23.2,55.8
08/27/2026,02:01:34,23.2,55.8
08/27/2026,02:06:34,23.2,55.7
08/27/2026,02:11:34,23.2,55.7
08/27/2026,02:16:34,23.2,55.7
08/27/2026,02:21:34,23.2,55.7
08/27/2026,02:26:34,23.1,55.7
08/27/2026,02:31:34,23.1,55.7
08/27/2026,02:36:34,23.1,55.7
08/27/2026,02:41:34,23.1,55.7
08/27/2026,02:46:34,23.1,55.7
08/27/2026,02:51:34,23.1,55.7
08/27/2026,02:56:34,23.1,55.7
08/27/2026,03:01:34,23.1,55.7
08/27/2026,03:06:34,23.0,55.7
08/27/2026,03:11:34,23.0,55.7
08/27/2026,03:16:34,23.0,55.6
08/27/2026,03:21:34,23.0,55.7
08/27/2026,03:26:34,23.0,55.6
08/27/2026,03:31:34,23.0,55.6
08/27/2026,03:36:34,23.0,55.6
08/27/2026,03:41:34,23.0,55.7
08/27/2026,03:46:34,23.0,55.6
08/27/2026,03:51:34,22.9,55.6
08/27/2026,03:56:34,23.0,55.6
08/27/2026,04:01:34,22.9,55.6
08/27/2026,04:06:34,22.9,55.6
08/27/2026,04:11:34,22.9,55.6
08/27/2026,04:16:34,22.9,55.6
08/27/2026,04:21:34,22.9,55.6
08/27/2026,04:26:34,22.9,55.6
08/27/2026,04:31:34,22.9,55.6
08/27/2026,04:36:34,22.9,55.6
08/27/2026,04:41:34,22.9,55.6
08/27/2026,04:46:34,22.9,55.6
08/27/2026,04:51:34,22.9,55.6
08/27/2026,04:56:34,22.8,55.6
08/27/2026,05:01:34,22.8,55.6
08/27/2026,05:06:34,22.8,55.6
08/27/2026,05:11:34,22.8,55.6
08/27/2026,05:16:34,22.8,55.6
08/27/2026,05:21:34,22.8,55.6
08/27/2026,05:26:34,22.8,55.6
08/27/2026,05:31:34,22.8,55.7
08/27/2026,05:36:34,22.7,55.6
08/27/2026,05:41:34,22.7,55.6
08/27/2026,05:46:34,22.7,55.6
08/27/2026,05:51:34,22.7,55.6
08/27/2026,05:56:34,22.7,55.6
08/27/2026,06:01:34,22.7,55.6
08/27/2026,06:06:34,22.7,55.6
08/27/2026,06:11:34,22.7,55.6
08/27/2026,06:16:34,22.7,55.6
08/27/2026,06:21:34,22.7,55.6
08/27/2026,06:26:34,22.7,55.6
08/27/2026,06:31:34,22.7,55.5
08/27/2026,06:36:34,22.7,55.6
08/27/2026,06:41:34,22.7,55.5
08/27/2026,06:46:34,22.6,55.5
08/27/2026,06:51:34,22.6,55.5
08/27/2026,06:56:34,22.6,55.6
08/27/2026,07:01:34,22.6,55.6
08/27/2026,07:06:34,22.6,55.5
08/27/2026,07:11:34,22.6,55.5
08/27/2026,07:16:34,22.6,55.5
08/27/2026,07:21:34,22.6,55.5
08/27/2026,07:26:34,22.6,55.4
08/27/2026,07:31:34,22.6,55.5
08/27/2026,07:36:34,22.6,55.5
08/27/2026,07:41:34,22.6,55.5
08/27/2026,07:46:34,22.6,55.4
08/27/2026,07:51:34,22.6,55.4
08/27/2026,07:56:34,22.6,55.4
08/27/2026,08:01:34,22.6,55.4
08/27/2026,08:06:34,22.6,55.4
08/27/2026,08:11:34,22.6,55.4
08/27/2026,08:16:34,22.6,55.4
08/27/2026,08:21:34,22.6,55.5
08/27/2026,08:26:34,22.6,55.5
08/27/2026,08:31:34,22.6,55.5
08/27/2026,08:36:34,22.6,55.5
08/27/2026,08:41:34,22.5,55.5
08/27/2026,08:46:34,22.5,55.6
08/27/2026,08:51:34,22.5,55.5
08/27/2026,08:56:34,22.5,55.5
08/27/2026,09:01:34,22.5,55.6
08/27/2026,09:06:34,22.5,55.6
08/27/2026,09:11:34,22.5,55.6
08/27/2026,09:16:34,22.5,55.6
08/27/2026,09:21:34,22.5,55.7
08/27/2026,09:26:34,22.5,55.8
08/27/2026,09:31:34,22.5,55.9
08/27/2026,09:36:34,22.5,56.0
08/27/2026,09:41:34,22.6,56.2
08/27/2026,09:46:34,22.6,56.4
08/27/2026,09:51:34,22.6,56.4
08/27/2026,09:56:34,22.6,56.5
08/27/2026,10:01:34,22.6,56.6
08/27/2026,10:06:34,22.7,56.7
08/27/2026,10:11:34,22.7,56.8
08/27/2026,10:16:34,22.7,56.6
08/27/2026,10:21:34,22.7,56.7
08/27/2026,10:26:34,22.7,56.7
08/27/2026,10:31:34,22.7,56.7
08/27/2026,10:36:34,22.7,56.7
08/27/2026,10:41:34,22.8,56.6
08/27/2026,10:46:34,22.8,56.6
08/27/2026,10:51:34,22.8,56.6
08/27/2026,10:56:34,22.8,56.7
08/27/2026,11:01:34,22.8,56.6
08/27/2026,11:06:34,22.7,56.7
08/27/2026,11:11:34,22.8,56.7
08/27/2026,11:16:34,22.8,56.7
08/27/2026,11:21:34,22.7,56.7
08/27/2026,11:26:34,22.7,56.7
08/27/2026,11:31:34,22.7,56.7
08/27/2026,11:36:34,22.7,56.7
08/27/2026,11:41:34,22.7,56.7
08/27/2026,11:46:34,22.7,56.7
08/27/2026,11:51:34,22.7,56.8
08/27/2026,11:56:34,22.7,56.7
08/27/2026,12:01:34,22.7,56.8
08/27/2026,12:06:34,22.7,56.7
08/27/2026,12:11:34,22.7,56.7
08/27/2026,12:16:34,22.7,56.8
08/27/2026,12:21:34,22.7,56.7
08/27/2026,12:26:34,22.7,56.7
08/27/2026,12:31:34,22.7,56.8
08/27/2026,12:36:34,22.7,56.8
08/27/2026,12:41:34,22.7,56.7
08/27/2026,12:46:34,22.7,56.8
08/27/2026,12:51:34,22.7,56.8
08/27/2026,12:56:34,22.7,56.8
08/27/2026,13:01:34,22.7,56.9
08/27/2026,13:06:34,22.7,56.9
08/27/2026,13:11:34,22.7,56.9
08/27/2026,13:16:34,22.7,56.9
08/27/2026,13:21:34,22.7,56.9
08/27/2026,13:26:34,22.7,56.9
08/27/2026,13:31:34,22.7,57.0
08/27/2026,13:36:34,22.7,57.0
08/27/2026,13:41:34,22.7,56.9
08/27/2026,13:46:34,22.7,57.0
08/27/2026,13:51:34,22.7,57.0
08/27/2026,13:56:34,22.7,57.0
08/27/2026,14:01:34,22.7,57.0
08/27/2026,14:06:34,22.7,57.1
08/27/2026,14:11:34,22.7,57.1
08/27/2026,14:16:34,22.7,57.1
08/27/2026,14:21:34,22.7,57.2
08/27/2026,14:26:34,22.7,57.2
08/27/2026,14:31:34,22.8,57.3
08/27/2026,14:36:34,22.8,57.2
08/27/2026,14:41:34,22.8,57.3
08/27/2026,14:46:34,22.8,57.3
08/27/2026,14:51:34,22.8,57.3
08/27/2026,14:56:34,22.8,57.3
08/27/2026,15:01:34,22.8,57.4
08/27/2026,15:06:34,22.8,57.4
08/27/2026,15:11:34,22.9,57.4
08/27/2026,15:16:34,22.9,57.4
08/27/2026,15:21:34,22.9,57.4
08/27/2026,15:26:34,22.9,57.4
08/27/2026,15:31:34,22.9,57.4
08/27/2026,15:36:34,22.9,57.5
08/27/2026,15:41:34,22.9,57.5
08/27/2026,15:46:34,22.9,57.5
08/27/2026,15:51:34,22.9,57.4
08/27/2026,15:56:34,22.9,57.5
08/27/2026,16:01:34,22.9,57.5
08/27/2026,16:06:34,22.9,57.5
08/27/2026,16:11:34,22.9,57.5
08/27/2026,16:16:34,23.0,57.5
08/27/2026,16:21:34,23.0,57.6
08/27/2026,16:26:34,23.0,57.5
08/27/2026,16:31:34,23.0,57.6
08/27/2026,16:36:34,23.1,57.6
08/27/2026,16:41:34,23.1,57.6
08/27/2026,16:46:34,23.1,57.7
08/27/2026,16:51:34,23.1,57.7
08/27/2026,16:56:34,23.2,57.7
08/27/2026,17:01:34,23.2,57.8
08/27/2026,17:06:34,23.1,57.9
08/27/2026,17:11:34,23.2,57.9
08/27/2026,17:16:34,23.2,57.9
08/27/2026,17:21:34,23.2,57.9
08/27/2026,17:26:34,23.2,57.8
08/27/2026,17:31:34,23.2,57.9
08/27/2026,17:36:34,23.2,57.9
08/27/2026,17:41:34,23.2,57.9
08/27/2026,17:46:34,23.2,58.0
08/27/2026,17:51:34,23.2,58.0
08/27/2026,17:56:34,23.2,58.0
08/27/2026,18:01:34,23.1,58.1
08/27/2026,18:06:34,23.2,58.0
08/27/2026,18:11:34,23.1,58.0
08/27/2026,18:16:34,23.2,58.1
08/27/2026,18:21:34,23.2,58.1
08/27/2026,18:26:34,23.2,58.2
08/27/2026,18:31:34,23.1,58.2
08/27/2026,18:36:34,23.2,58.1
08/27/2026,18:41:34,23.2,58.2
08/27/2026,18:46:34,23.2,58.3
08/27/2026,18:51:34,23.1,58.2
08/27/2026,18:56:34,23.1,58.2
08/27/2026,19:01:34,23.1,58.2
08/27/2026,19:06:34,23.1,58.2
08/27/2026,19:11:34,23.1,58.2
08/27/2026,19:16:34,23.1,58.2
08/27/2026,19:21:34,23.1,58.2
08/27/2026,19:26:34,23.1,58.3
08/27/2026,19:31:34,23.1,58.3
08/27/2026,19:36:34,23.1,58.2
08/27/2026,19:41:34,23.1,58.2
08/27/2026,19:46:34,23.1,58.2
08/27/2026,19:51:34,23.1,58.2
08/27/2026,19:56:34,23.1,58.4
08/27/2026,20:01:34,23.1,58.3
08/27/2026,20:06:34,23.1,58.3
08/27/2026,20:11:34,23.0,58.2
08/27/2026,20:16:34,23.0,58.2
08/27/2026,20:21:34,23.0,58.2
08/27/2026,20:26:34,23.1,58.2
08/27/2026,20:31:34,23.0,58.1
08/27/2026,20:36:34,23.1,58.1
08/27/2026,20:41:34,23.0,58.1
08/27/2026,20:46:34,23.0,58.1
08/27/2026,20:51:34,23.0,58.0
08/27/2026,20:56:34,23.0,58.0
08/27/2026,21:01:34,23.0,58.0
08/27/2026,21:06:34,23.0,58.0
08/27/2026,21:11:34,23.0,58.0
08/27/2026,21:16:34,23.0,57.8
08/27/2026,21:21:34,23.0,57.9
08/27/2026,21:26:34,23.0,58.0
08/27/2026,21:31:34,23.0,57.9
08/27/2026,21:36:34,23.0,58.0
08/27/2026,21:41:34,23.0,58.0
08/27/2026,21:46:34,23.0,58.0
08/27/2026,21:51:34,23.0,58.2
08/27/2026,21:56:34,23.0,58.3
08/27/2026,22:01:34,23.0,58.3
08/27/2026,22:06:34,22.9,58.2
08/27/2026,22:11:34,22.9,58.2
08/27/2026,22:16:34,22.9,58.2
08/27/2026,22:21:34,22.9,58.2
08/27/2026,22:26:34,22.9,58.3
08/27/2026,22:31:34,22.9,58.3
08/27/2026,22:36:34,22.9,58.3
08/27/2026,22:41:34,22.9,58.3
08/27/2026,22:46:34,22.9,58.3
08/27/2026,22:51:34,22.9,58.3
08/27/2026,22:56:34,22.8,58.3
08/27/2026,23:01:34,22.8,58.3
08/27/2026,23:06:34,22.8,58.3
08/27/2026,23:11:34,22.8,58.4
08/27/2026,23:16:34,22.8,58.4
08/27/2026,23:21:34,22.8,58.4
08/27/2026,23:26:34,22.8,58.5
08/27/2026,23:31:34,22.8,58.5
08/27/2026,23:36:34,22.7,58.5
08/27/2026,23:41:34,22.7,58.5
08/27/2026,23:46:34,22.7,58.4
08/27/2026,23:51:34,22.7,58.5
08/27/2026,23:56:34,22.7,58.4
08/28/2026,00:01:34,22.7,58.4
08/28/2026,00:06:34,22.7,58.5
08/28/2026,00:11:34,22.7,58.5
08/28/2026,00:16:34,22.7,58.5
08/28/2026,00:21:34,22.7,58.5
08/28/2026,00:26:34,22.6,58.5
08/28/2026,00:31:34,22.6,58.5
08/28/2026,00:36:34,22.6,58.5
08/28/2026,00:41:34,22.6,58.6
08/28/2026,00:46:34,22.6,58.5
08/28/2026,00:51:34,22.6,58.5
08/28/2026,00:56:34,22.6,58.6
08/28/2026,01:01:34,22.5,58.6
08/28/2026,01:06:34,22.5,58.6
08/28/2026,01:11:34,22.5,58.6
08/28/2026,01:16:34,22.5,58.6
08/28/2026,01:21:34,22.5,58.6
08/28/2026,01:26:34,22.5,58.6
08/28/2026,01:31:34,22.5,58.6
08/28/2026,01:36:34,22.5,58.7
08/28/2026,01:41:34,22.5,58.7
08/28/2026,01:46:34,22.5,58.7
08/28/2026,01:51:34,22.5,58.7
08/28/2026,01:56:34,22.4,58.7
08/28/2026,02:01:34,22.4,58.7
08/28/2026,02:06:34,22.4,58.8
08/28/2026,02:11:34,22.4,58.7
08/28/2026,02:16:34,22.4,58.7
08/28/2026,02:21:34,22.4,58.7
08/28/2026,02:26:34,22.4,58.7
08/28/2026,02:31:34,22.4,58.7
08/28/2026,02:36:34,22.3,58.7
08/28/2026,02:41:34,22.3,58.8
08/28/2026,02:46:34,22.3,58.8
08/28/2026,02:51:34,22.3,58.8
08/28/2026,02:56:34,22.3,58.8
08/28/2026,03:01:34,22.3,58.7
08/28/2026,03:06:34,22.3,58.8
08/28/2026,03:11:34,22.3,58.8
08/28/2026,03:16:34,22.3,58.7
08/28/2026,03:21:34,22.3,58.8
08/28/2026,03:26:34,22.3,58.8
08/28/2026,03:31:34,22.2,58.7
08/28/2026,03:36:34,22.2,58.8
08/28/2026,03:41:34,22.2,58.8
08/28/2026,03:46:34,22.2,58.7
08/28/2026,03:51:34,22.2,58.8
08/28/2026,03:56:34,22.2,58.8
08/28/2026,04:01:34,22.2,58.8
08/28/2026,04:06:34,22.1,58.7
08/28/2026,04:11:34,22.2,58.7
08/28/2026,04:16:34,22.1,58.8
08/28/2026,04:21:34,22.1,58.9
08/28/2026,04:26:34,22.1,58.7
08/28/2026,04:31:34,22.1,58.7
08/28/2026,04:36:34,22.1,58.8
08/28/2026,04:41:34,22.1,58.8
08/28/2026,04:46:34,22.1,58.8
08/28/2026,04:51:34,22.1,58.8
08/28/2026,04:56:34,22.0,58.7
08/28/2026,05:01:34,22.0,58.8
08/28/2026,05:06:34,22.0,58.8
08/28/2026,05:11:34,22.0,58.8
08/28/2026,05:16:34,22.0,58.8
08/28/2026,05:21:34,22.0,58.8
08/28/2026,05:26:34,22.0,58.7
08/28/2026,05:31:34,21.9,58.8
08/28/2026,05:36:34,21.9,58.8
08/28/2026,05:41:34,21.9,58.8
08/28/2026,05:46:34,21.9,58.9
08/28/2026,05:51:34,21.9,58.8
08/28/2026,05:56:34,21.9,58.8
08/28/2026,06:01:34,21.9,58.8
08/28/2026,06:06:34,21.9,58.9
08/28/2026,06:11:34,21.9,58.8
08/28/2026,06:16:34,21.8,58.8
08/28/2026,06:21:34,21.8,58.9
08/28/2026,06:26:34,21.8,58.8
08/28/2026,06:31:34,21.8,58.8
08/28/2026,06:36:34,21.8,58.8
08/28/2026,06:41:34,21.8,58.8
08/28/2026,06:46:34,21.8,58.9
08/28/2026,06:51:34,21.8,58.9
08/28/2026,06:56:34,21.8,58.8
08/28/2026,07:01:34,21.8,58.9
08/28/2026,07:06:34,22.1,58.7
08/28/2026,07:11:34,22.2,58.3
08/28/2026,07:16:34,22.1,58.1
08/28/2026,07:21:34,22.1,58.2
08/28/2026,07:26:34,22.0,58.3
08/28/2026,07:31:34,22.0,58.3
08/28/2026,07:36:34,21.9,58.4
08/28/2026,07:41:34,21.9,58.4
08/28/2026,07:46:34,21.9,58.5
08/28/2026,07:51:34,21.9,58.5
08/28/2026,07:56:34,21.8,58.6
08/28/2026,08:01:34,21.8,58.6
08/28/2026,08:06:34,21.8,58.6
08/28/2026,08:11:34,21.8,58.6
08/28/2026,08:16:34,21.8,58.6
08/28/2026,08:21:34,21.8,58.6
08/28/2026,08:26:34,21.8,58.7
08/28/2026,08:31:34,21.8,58.7
08/28/2026,08:36:34,21.8,58.7
08/28/2026,08:41:34,21.8,58.8
08/28/2026,08:46:34,21.8,58.8
08/28/2026,08:51:34,21.8,58.7
08/28/2026,08:56:34,21.8,58.8
08/28/2026,09:01:34,21.9,58.8
08/28/2026,09:06:34,21.8,58.8
08/28/2026,09:11:34,21.9,58.8
08/28/2026,09:16:34,21.9,58.8
08/28/2026,09:21:34,21.9,58.8
08/28/2026,09:26:34,21.9,58.9
08/28/2026,09:31:34,21.9,58.9
08/28/2026,09:36:34,21.9,58.8
08/28/2026,09:41:34,21.9,58.9
08/28/2026,09:46:34,21.9,58.9
08/28/2026,09:51:34,21.9,58.9
08/28/2026,09:56:34,21.9,59.0
08/28/2026,10:01:34,22.0,58.9
08/28/2026,10:06:34,21.9,58.9
08/28/2026,10:11:34,22.0,58.9
08/28/2026,10:16:34,22.0,59.0
08/28/2026,10:21:34,22.0,59.0
08/28/2026,10:26:34,22.0,59.0
08/28/2026,10:31:34,22.0,59.0
08/28/2026,10:36:34,22.0,59.0
08/28/2026,10:41:34,22.0,59.1
08/28/2026,10:46:34,22.0,59.1
08/28/2026,10:51:34,22.0,59.1
08/28/2026,10:56:34,22.0,59.1
08/28/2026,11:01:34,22.1,59.2
08/28/2026,11:06:34,22.1,59.2
08/28/2026,11:11:34,22.0,59.1
08/28/2026,11:16:34,22.1,59.2
08/28/2026,11:21:34,22.1,59.2
08/28/2026,11:26:34,22.1,59.2
08/28/2026,11:31:34,22.1,59.2
08/28/2026,11:36:34,22.1,59.2
08/28/2026,11:41:34,22.1,59.1
08/28/2026,11:46:34,22.1,59.2
08/28/2026,11:51:34,22.1,59.1
08/28/2026,11:56:34,22.1,59.1
08/28/2026,12:01:34,22.1,59.1
08/28/2026,12:06:34,22.2,59.1
08/28/2026,12:11:34,22.2,59.1
08/28/2026,12:16:34,22.2,59.1
08/28/2026,12:21:34,22.2,59.1
08/28/2026,12:26:34,22.2,59.0
08/28/2026,12:31:34,22.2,59.1
08/28/2026,12:36:34,22.3,59.1
08/28/2026,12:41:34,22.3,59.2
08/28/2026,12:46:34,22.4,59.2
08/28/2026,12:51:34,22.4,59.2
08/28/2026,12:56:34,22.4,59.2
08/28/2026,13:01:34,22.5,59.1
08/28/2026,13:06:34,22.6,59.1
08/28/2026,13:11:34,22.6,59.1
08/28/2026,13:16:34,22.6,59.1
08/28/2026,13:21:34,22.7,59.0
08/28/2026,13:26:34,22.7,59.0
08/28/2026,13:31:34,22.7,58.9
08/28/2026,13:36:34,22.7,58.8
08/28/2026,13:41:34,22.8,58.8
08/28/2026,13:46:34,22.8,58.7
08/28/2026,13:51:34,22.8,58.8
08/28/2026,13:56:34,22.9,58.7
08/28/2026,14:01:34,22.8,58.6
08/28/2026,14:06:34,22.9,58.6
08/28/2026,14:11:34,22.9,58.6
08/28/2026,14:16:34,22.9,58.7
08/28/2026,14:21:34,22.9,58.7
08/28/2026,14:26:34,22.9,58.7
08/28/2026,14:31:34,23.0,58.7
08/28/2026,14:36:34,23.0,58.7
08/28/2026,14:41:34,23.0,58.7
08/28/2026,14:46:34,23.1,58.7
08/28/2026,14:51:34,23.0,58.6
08/28/2026,14:56:34,23.0,58.8
08/28/2026,15:01:34,23.1,58.8
08/28/2026,15:06:34,23.1,58.7
08/28/2026,15:11:34,23.1,58.6
08/28/2026,15:16:34,23.1,58.5
08/28/2026,15:21:34,23.1,58.4
08/28/2026,15:26:34,23.1,58.4
08/28/2026,15:31:34,23.2,58.5
08/28/2026,15:36:34,23.2,58.4
08/28/2026,15:41:34,23.2,58.5
08/28/2026,15:46:34,23.2,58.4
08/28/2026,15:51:34,23.2,58.4
08/28/2026,15:56:34,23.2,58.4
08/28/2026,16:01:34,23.2,58.4
08/28/2026,16:06:34,23.2,58.5
08/28/2026,16:11:34,23.2,58.5
08/28/2026,16:16:34,23.2,58.5
08/28/2026,16:21:34,23.2,58.5
08/28/2026,16:26:34,23.2,58.5
08/28/2026,16:31:34,23.2,58.5
08/28/2026,16:36:34,23.2,58.5
08/28/2026,16:41:34,23.3,58.5
08/28/2026,16:46:34,23.3,58.4
08/28/2026,16:51:34,23.3,58.4
08/28/2026,16:56:34,23.3,58.3
08/28/2026,17:01:34,23.4,58.3
08/28/2026,17:06:34,23.4,58.3
08/28/2026,17:11:34,23.4,58.3
08/28/2026,17:16:34,23.4,58.2
08/28/2026,17:21:34,23.4,58.1
08/28/2026,17:26:34,23.4,58.0
08/28/2026,17:31:34,23.4,58.0
08/28/2026,17:36:34,23.4,58.1
08/28/2026,17:41:34,23.4,58.0
08/28/2026,17:46:34,23.3,57.9
08/28/2026,17:51:34,23.4,57.9
08/28/2026,17:56:34,23.3,57.9
08/28/2026,18:01:34,23.4,58.0
08/28/2026,18:06:34,23.4,58.1
08/28/2026,18:11:34,23.3,58.2
08/28/2026,18:16:34,23.3,58.3
08/28/2026,18:21:34,23.3,58.3
08/28/2026,18:26:34,23.3,58.3
08/28/2026,18:31:34,23.3,58.3
08/28/2026,18:36:34,23.3,58.4
08/28/2026,18:41:34,23.3,58.4
08/28/2026,18:46:34,23.3,58.5
08/28/2026,18:51:34,23.3,58.6
08/28/2026,18:56:34,23.3,58.7
08/28/2026,19:01:34,23.3,58.8
08/28/2026,19:06:34,23.3,58.9
08/28/2026,19:11:34,23.3,59.0
08/28/2026,19:16:34,23.4,59.1
08/28/2026,19:21:34,23.4,59.1
08/28/2026,19:26:34,23.4,59.2
08/28/2026,19:31:34,23.4,59.2
08/28/2026,19:36:34,23.4,59.2
08/28/2026,19:41:34,23.4,59.3
08/28/2026,19:46:34,23.4,59.3
08/28/2026,19:51:34,23.4,59.4
08/28/2026,19:56:34,23.5,59.4
08/28/2026,20:01:34,23.5,59.4
08/28/2026,20:06:34,23.5,59.5
08/28/2026,20:11:34,23.5,59.6
08/28/2026,20:16:34,23.5,59.9
08/28/2026,20:21:34,23.5,59.8
08/28/2026,20:26:34,23.5,59.8
08/28/2026,20:31:34,23.5,60.1
08/28/2026,20:36:34,23.5,60.0
08/28/2026,20:41:34,23.5,59.9
08/28/2026,20:46:34,23.5,60.1
08/28/2026,20:51:34,23.4,60.0
08/28/2026,20:56:34,23.5,60.1
08/28/2026,21:01:34,23.5,60.1
08/28/2026,21:06:34,23.4,60.1
08/28/2026,21:11:34,23.4,60.2
08/28/2026,21:16:34,23.4,60.2
08/28/2026,21:21:34,23.4,60.3
08/28/2026,21:26:34,23.3,60.2
08/28/2026,21:31:34,23.3,60.2
08/28/2026,21:36:34,23.3,60.2
08/28/2026,21:41:34,23.3,60.4
08/28/2026,21:46:34,23.2,60.2
08/28/2026,21:51:34,23.2,60.2
08/28/2026,21:56:34,23.2,60.2
08/28/2026,22:01:34,23.2,60.2
08/28/2026,22:06:34,23.1,60.2
08/28/2026,22:11:34,23.1,60.3
08/28/2026,22:16:34,23.1,60.3
08/28/2026,22:21:34,23.0,60.3
08/28/2026,22:26:34,23.0,60.3
08/28/2026,22:31:34,23.0,60.4
08/28/2026,22:36:34,23.0,60.4
08/28/2026,22:41:34,22.9,60.4
08/28/2026,22:46:34,22.9,60.4
08/28/2026,22:51:34,22.9,60.4
08/28/2026,22:56:34,22.9,60.5
08/28/2026,23:01:34,22.8,60.4
08/28/2026,23:06:34,22.8,60.5
08/28/2026,23:11:34,22.8,60.5
08/28/2026,23:16:34,22.7,60.4
08/28/2026,23:21:34,22.7,60.5
08/28/2026,23:26:34,22.7,60.5
08/28/2026,23:31:34,22.7,60.6
08/28/2026,23:36:34,22.7,60.6
08/28/2026,23:41:34,22.7,60.6
08/28/2026,23:46:34,22.6,60.6
08/28/2026,23:51:34,22.6,60.7
08/28/2026,23:56:34,22.6,60.8
08/29/2026,00:01:34,22.5,60.8
08/29/2026,00:06:34,22.5,60.8
08/29/2026,00:11:34,22.5,60.9
08/29/2026,00:16:34,22.5,60.9
08/29/2026,00:21:34,22.5,60.9
08/29/2026,00:26:34,22.5,60.9
08/29/2026,00:31:34,22.4,60.9
08/29/2026,00:36:34,22.4,60.9
08/29/2026,00:41:34,22.4,61.0
08/29/2026,00:46:34,22.4,61.0
08/29/2026,00:51:34,22.3,61.0
08/29/2026,00:56:34,22.3,61.0
08/29/2026,01:01:34,22.3,61.1
08/29/2026,01:06:34,22.3,61.1
08/29/2026,01:11:34,22.3,61.1
08/29/2026,01:16:34,22.3,61.1
08/29/2026,01:21:34,22.3,61.2
08/29/2026,01:26:34,22.2,61.2
08/29/2026,01:31:34,22.2,61.2
08/29/2026,01:36:34,22.2,61.3
08/29/2026,01:41:34,22.2,61.2
08/29/2026,01:46:34,22.2,61.3
08/29/2026,01:51:34,22.1,61.3
08/29/2026,01:56:34,22.1,61.3
08/29/2026,02:01:34,22.1,61.4
08/29/2026,02:06:34,22.1,61.4
08/29/2026,02:11:34,22.1,61.4
08/29/2026,02:16:34,22.1,61.4
08/29/2026,02:21:34,22.1,61.4
08/29/2026,02:26:34,22.1,61.5
08/29/2026,02:31:34,22.0,61.5
08/29/2026,02:36:34,22.0,61.5
08/29/2026,02:41:34,22.0,61.5
08/29/2026,02:46:34,22.0,61.5
08/29/2026,02:51:34,22.0,61.6
08/29/2026,02:56:34,21.9,61.6
08/29/2026,03:01:34,21.9,61.6
08/29/2026,03:06:34,21.9,61.6
08/29/2026,03:11:34,21.9,61.6
08/29/2026,03:16:34,21.9,61.6
08/29/2026,03:21:34,21.8,61.7
08/29/2026,03:26:34,21.8,61.8
08/29/2026,03:31:34,21.8,61.8
08/29/2026,03:36:34,21.8,61.7
08/29/2026,03:41:34,21.8,61.7
08/29/2026,03:46:34,21.8,61.8
08/29/2026,03:51:34,21.8,61.8
08/29/2026,03:56:34,21.7,61.8
08/29/2026,04:01:34,21.8,61.9
08/29/2026,04:06:34,21.7,61.9
08/29/2026,04:11:34,21.7,61.9
08/29/2026,04:16:34,21.7,62.0
08/29/2026,04:21:34,21.7,61.9
08/29/2026,04:26:34,21.7,61.9
08/29/2026,04:31:34,21.7,62.0
08/29/2026,04:36:34,21.7,61.9
08/29/2026,04:41:34,21.6,62.0
08/29/2026,04:46:34,21.6,61.9
08/29/2026,04:51:34,21.6,62.0
08/29/2026,04:56:34,21.6,62.0
08/29/2026,05:01:34,21.6,62.0
08/29/2026,05:06:34,21.6,62.0
08/29/2026,05:11:34,21.6,62.1
08/29/2026,05:16:34,21.5,62.0
08/29/2026,05:21:34,21.5,62.1
08/29/2026,05:26:34,21.5,62.1
08/29/2026,05:31:34,21.5,62.2
08/29/2026,05:36:34,21.5,62.2
08/29/2026,05:41:34,21.5,62.2
08/29/2026,05:46:34,21.4,62.2
08/29/2026,05:51:34,21.4,62.3
08/29/2026,05:56:34,21.4,62.3
08/29/2026,06:01:34,21.4,62.3
08/29/2026,06:06:34,21.4,62.3
08/29/2026,06:11:34,21.4,62.3
08/29/2026,06:16:34,21.4,62.4
08/29/2026,06:21:34,21.4,62.4
08/29/2026,06:26:34,21.4,62.4
08/29/2026,06:31:34,21.4,62.4
08/29/2026,06:36:34,21.4,62.4
08/29/2026,06:41:34,21.3,62.5
08/29/2026,06:46:34,21.3,62.5
08/29/2026,06:51:34,21.3,62.5
08/29/2026,06:56:34,21.3,62.5
08/29/2026,07:01:34,21.3,62.5
08/29/2026,07:06:34,21.3,62.6
08/29/2026,07:11:34,21.3,62.6
08/29/2026,07:16:34,21.3,62.5
08/29/2026,07:21:34,21.3,62.6
08/29/2026,07:26:34,21.3,62.7
08/29/2026,07:31:34,21.3,62.7
08/29/2026,07:36:34,21.3,62.6
08/29/2026,07:41:34,21.3,62.7
08/29/2026,07:46:34,21.3,62.7
08/29/2026,07:51:34,21.3,62.8
08/29/2026,07:56:34,21.3,62.6
08/29/2026,08:01:34,21.3,62.6
08/29/2026,08:06:34,21.3,62.6
08/29/2026,08:11:34,21.3,62.5
08/29/2026,08:16:34,21.3,62.6
08/29/2026,08:21:34,21.3,62.6
08/29/2026,08:26:34,21.3,62.6
08/29/2026,08:31:34,21.3,62.7
08/29/2026,08:36:34,21.3,62.6
08/29/2026,08:41:34,21.3,62.8
08/29/2026,08:46:34,21.3,62.7
08/29/2026,08:51:34,21.3,62.7
08/29/2026,08:56:34,21.3,62.9
08/29/2026,09:01:34,21.3,62.9
08/29/2026,09:06:34,21.3,63.0
08/29/2026,09:11:34,21.3,62.9
08/29/2026,09:16:34,21.3,63.0
08/29/2026,09:21:34,21.3,63.0
08/29/2026,09:26:34,21.3,63.2
08/29/2026,09:31:34,21.4,63.3
08/29/2026,09:36:34,21.4,63.4
08/29/2026,09:41:34,21.4,63.5
08/29/2026,09:46:34,21.4,63.8
08/29/2026,09:51:34,21.5,63.8
08/29/2026,09:56:34,21.5,63.9
08/29/2026,10:01:34,21.5,63.8
08/29/2026,10:06:34,21.5,64.1
08/29/2026,10:11:34,21.6,64.2
08/29/2026,10:16:34,21.6,64.2
08/29/2026,10:21:34,21.6,64.1
08/29/2026,10:26:34,21.6,64.1
08/29/2026,10:31:34,21.7,64.2
08/29/2026,10:36:34,21.7,64.0
08/29/2026,10:41:34,21.7,64.1
08/29/2026,10:46:34,21.7,64.0
08/29/2026,10:51:34,21.7,64.0
08/29/2026,10:56:34,21.7,64.0
08/29/2026,11:01:34,21.7,63.9
08/29/2026,11:06:34,21.7,63.9
08/29/2026,11:11:34,21.7,63.9
08/29/2026,11:16:34,21.7,63.9
08/29/2026,11:21:34,21.7,63.7
08/29/2026,11:26:34,21.7,63.7
08/29/2026,11:31:34,21.7,63.7
08/29/2026,11:36:34,21.7,63.6
08/29/2026,11:41:34,21.7,63.6
08/29/2026,11:46:34,21.7,63.6
08/29/2026,11:51:34,21.7,63.6
08/29/2026,11:56:34,21.7,63.6
08/29/2026,12:01:34,21.7,63.6
08/29/2026,12:06:34,21.7,63.7
08/29/2026,12:11:34,21.6,63.7
08/29/2026,12:16:34,21.6,63.6
08/29/2026,12:21:34,21.6,63.7
08/29/2026,12:26:34,21.6,63.8
08/29/2026,12:31:34,21.6,63.8
08/29/2026,12:36:34,21.6,63.9
08/29/2026,12:41:34,21.5,63.9
08/29/2026,12:46:34,21.5,63.9
08/29/2026,12:51:34,21.5,64.1
08/29/2026,12:56:34,21.5,64.3
08/29/2026,13:01:34,21.5,64.4
08/29/2026,13:06:34,21.5,64.5
08/29/2026,13:11:34,21.6,64.7
08/29/2026,13:16:34,21.5,64.8
08/29/2026,13:21:34,21.6,64.8
08/29/2026,13:26:34,21.5,65.0
08/29/2026,13:31:34,21.6,65.0
08/29/2026,13:36:34,21.6,65.3
08/29/2026,13:41:34,21.6,65.4
08/29/2026,13:46:34,21.6,65.6
08/29/2026,13:51:34,21.6,65.8
08/29/2026,13:56:34,21.7,65.8
08/29/2026,14:01:34,21.7,66.1
08/29/2026,14:06:34,21.7,66.1
08/29/2026,14:11:34,21.7,66.3
08/29/2026,14:16:34,21.8,66.4
08/29/2026,14:21:34,21.8,66.4
08/29/2026,14:26:34,21.8,66.6
08/29/2026,14:31:34,21.9,66.8
08/29/2026,14:36:34,21.9,66.9
08/29/2026,14:41:34,21.9,67.1
08/29/2026,14:46:34,21.9,67.1
08/29/2026,14:51:34,22.0,67.2
08/29/2026,14:56:34,22.0,67.3
08/29/2026,15:01:34,22.1,67.3
08/29/2026,15:06:34,22.1,67.3
08/29/2026,15:11:34,22.1,67.4
08/29/2026,15:16:34,22.1,67.6
08/29/2026,15:21:34,22.1,67.6
08/29/2026,15:26:34,22.2,67.8
08/29/2026,15:31:34,22.2,67.9
08/29/2026,15:36:34,22.2,68.1
08/29/2026,15:41:34,22.3,68.2
08/29/2026,15:46:34,22.3,68.2
08/29/2026,15:51:34,22.3,68.2
08/29/2026,15:56:34,22.4,68.3
08/29/2026,16:01:34,22.4,68.2
08/29/2026,16:06:34,22.4,68.2
08/29/2026,16:11:34,22.3,68.3
08/29/2026,16:16:34,22.3,68.4
08/29/2026,16:21:34,22.3,68.5
08/29/2026,16:26:34,22.4,68.6
08/29/2026,16:31:34,22.3,68.6
08/29/2026,16:36:34,22.3,68.7
08/29/2026,16:41:34,22.3,68.6
08/29/2026,16:46:34,22.3,68.8
08/29/2026,16:51:34,22.3,68.9
08/29/2026,16:56:34,22.3,69.1
08/29/2026,17:01:34,22.3,68.9
08/29/2026,17:06:34,22.3,68.9
08/29/2026,17:11:34,22.3,68.7
08/29/2026,17:16:34,22.3,68.7
08/29/2026,17:21:34,22.3,68.8
08/29/2026,17:26:34,22.3,69.2
08/29/2026,17:31:34,22.2,69.5
08/29/2026,17:36:34,22.2,69.6
08/29/2026,17:41:34,22.2,69.6
08/29/2026,17:46:34,22.2,69.7
08/29/2026,17:51:34,22.1,69.7
08/29/2026,17:56:34,22.2,69.8
08/29/2026,18:01:34,22.1,69.9
08/29/2026,18:06:34,22.0,70.0
08/29/2026,18:11:34,22.0,70.0
08/29/2026,18:16:34,22.0,70.0
08/29/2026,18:21:34,22.0,69.6
08/29/2026,18:26:34,22.0,69.6
08/29/2026,18:31:34,22.0,69.6
08/29/2026,18:36:34,21.9,69.8
08/29/2026,18:41:34,22.0,69.8
08/29/2026,18:46:34,22.0,69.9
08/29/2026,18:51:34,22.0,70.2
08/29/2026,18:56:34,22.0,70.1
08/29/2026,19:01:34,22.0,70.0
08/29/2026,19:06:34,22.0,70.2
08/29/2026,19:11:34,22.0,70.2
08/29/2026,19:16:34,22.0,70.1
08/29/2026,19:21:34,21.9,70.4
08/29/2026,19:26:34,21.9,70.3
08/29/2026,19:31:34,21.8,70.3
08/29/2026,19:36:34,21.8,70.5
08/29/2026,19:41:34,21.7,70.8
08/29/2026,19:46:34,21.7,71.0
08/29/2026,19:51:34,21.7,70.9
08/29/2026,19:56:34,21.7,70.8
08/29/2026,20:01:34,21.7,70.9
08/29/2026,20:06:34,21.6,70.9
08/29/2026,20:11:34,21.6,71.0
08/29/2026,20:16:34,21.6,71.1
08/29/2026,20:21:34,21.6,71.0
08/29/2026,20:26:34,21.6,70.9
08/29/2026,20:31:34,21.7,71.0
08/29/2026,20:36:34,21.7,70.8
08/29/2026,20:41:34,21.7,70.7
08/29/2026,20:46:34,21.8,70.5
08/29/2026,20:51:34,21.8,70.4
08/29/2026,20:56:34,21.8,70.2
08/29/2026,21:01:34,21.8,70.2
08/29/2026,21:06:34,21.8,70.1
08/29/2026,21:11:34,21.8,70.0
08/29/2026,21:16:34,21.8,69.9
08/29/2026,21:21:34,21.8,69.9
08/29/2026,21:26:34,21.8,69.7
08/29/2026,21:31:34,21.8,69.6
08/29/2026,21:36:34,21.8,69.5
08/29/2026,21:41:34,21.8,69.5
08/29/2026,21:46:34,21.8,69.4
08/29/2026,21:51:34,21.8,69.4
08/29/2026,21:56:34,21.8,69.3
08/29/2026,22:01:34,21.8,69.3
08/29/2026,22:06:34,21.8,69.2
08/29/2026,22:11:34,21.8,69.3
08/29/2026,22:16:34,21.8,69.2
08/29/2026,22:21:34,21.8,69.2
08/29/2026,22:26:34,21.7,69.1
08/29/2026,22:31:34,21.8,69.2
08/29/2026,22:36:34,21.7,69.1
08/29/2026,22:41:34,21.7,69.0
08/29/2026,22:46:34,21.7,69.0
08/29/2026,22:51:34,21.7,69.0
08/29/2026,22:56:34,21.7,68.9
08/29/2026,23:01:34,21.7,68.9
08/29/2026,23:06:34,21.7,68.9
08/29/2026,23:11:34,21.7,68.8
08/29/2026,23:16:34,21.7,68.8
08/29/2026,23:21:34,21.7,68.8
08/29/2026,23:26:34,21.7,68.8
08/29/2026,23:31:34,21.7,68.7
08/29/2026,23:36:34,21.7,68.7
08/29/2026,23:41:34,21.7,68.6
08/29/2026,23:46:34,21.7,68.6
08/29/2026,23:51:34,21.7,68.6
08/29/2026,23:56:34,21.7,68.6
08/30/2026,00:01:34,21.6,68.5
08/30/2026,00:06:34,21.6,68.6
08/30/2026,00:11:34,21.6,68.5
08/30/2026,00:16:34,21.6,68.5
08/30/2026,00:21:34,21.6,68.5
08/30/2026,00:26:34,21.6,68.4
08/30/2026,00:31:34,21.6,68.4
08/30/2026,00:36:34,21.6,68.4
08/30/2026,00:41:34,21.6,68.4
08/30/2026,00:46:34,21.6,68.3
08/30/2026,00:51:34,21.6,68.3
08/30/2026,00:56:34,21.6,68.3
08/30/2026,01:01:34,21.6,68.2
08/30/2026,01:06:34,21.5,68.2
08/30/2026,01:11:34,21.6,68.2
08/30/2026,01:16:34,21.5,68.2
08/30/2026,01:21:34,21.5,68.2
08/30/2026,01:26:34,21.5,68.1
08/30/2026,01:31:34,21.5,68.2
08/30/2026,01:36:34,21.5,68.1
08/30/2026,01:41:34,21.5,68.1
08/30/2026,01:46:34,21.5,68.1
08/30/2026,01:51:34,21.5,68.1
08/30/2026,01:56:34,21.5,68.0
08/30/2026,02:01:34,21.5,68.0
08/30/2026,02:06:34,21.5,68.0
08/30/2026,02:11:34,21.5,68.0
08/30/2026,02:16:34,21.4,68.0
08/30/2026,02:21:34,21.4,68.0
08/30/2026,02:26:34,21.4,68.0
08/30/2026,02:31:34,21.4,68.0
08/30/2026,02:36:34,21.4,68.0
08/30/2026,02:41:34,21.4,68.0
08/30/2026,02:46:34,21.4,67.9
08/30/2026,02:51:34,21.4,67.9
08/30/2026,02:56:34,21.4,67.9
08/30/2026,03:01:34,21.4,67.9
08/30/2026,03:06:34,21.4,67.9
08/30/2026,03:11:34,21.4,67.8
08/30/2026,03:16:34,21.4,67.7
08/30/2026,03:21:34,21.4,67.8
08/30/2026,03:26:34,21.4,67.8
08/30/2026,03:31:34,21.3,67.7
08/30/2026,03:36:34,21.3,67.7
08/30/2026,03:41:34,21.3,67.7
08/30/2026,03:46:34,21.3,67.7
08/30/2026,03:51:34,21.3,67.7
08/30/2026,03:56:34,21.3,67.7
08/30/2026,04:01:34,21.3,67.6
08/30/2026,04:06:34,21.3,67.6
08/30/2026,04:11:34,21.3,67.6
08/30/2026,04:16:34,21.3,67.6
08/30/2026,04:21:34,21.3,67.6
08/30/2026,04:26:34,21.3,67.6
08/30/2026,04:31:34,21.3,67.6
08/30/2026,04:36:34,21.3,67.6
08/30/2026,04:41:34,21.3,67.6
08/30/2026,04:46:34,21.3,67.4
08/30/2026,04:51:34,21.2,67.5
08/30/2026,04:56:34,21.2,67.5
08/30/2026,05:01:34,21.2,67.5
08/30/2026,05:06:34,21.2,67.5
08/30/2026,05:11:34,21.2,67.4
08/30/2026,05:16:34,21.2,67.4
08/30/2026,05:21:34,21.2,67.3
08/30/2026,05:26:34,21.2,67.4
08/30/2026,05:31:34,21.2,67.4
08/30/2026,05:36:34,21.2,67.3
08/30/2026,05:41:34,21.1,67.3
08/30/2026,05:46:34,21.1,67.4
08/30/2026,05:51:34,21.1,67.3
08/30/2026,05:56:34,21.1,67.3
08/30/2026,06:01:34,21.1,67.3
08/30/2026,06:06:34,21.1,67.3
08/30/2026,06:11:34,21.1,67.3
08/30/2026,06:16:34,21.1,67.3
08/30/2026,06:21:34,21.1,67.3
08/30/2026,06:26:34,21.1,67.2
08/30/2026,06:31:34,21.1,67.2
08/30/2026,06:36:34,21.1,67.2
08/30/2026,06:41:34,21.0,67.2
08/30/2026,06:46:34,21.1,67.2
08/30/2026,06:51:34,21.0,67.1
08/30/2026,06:56:34,21.0,67.1
08/30/2026,07:01:34,21.0,67.1
08/30/2026,07:06:34,21.0,67.1
08/30/2026,07:11:34,21.1,67.1
08/30/2026,07:16:34,21.0,67.1
08/30/2026,07:21:34,21.0,67.1
08/30/2026,07:26:34,21.0,67.1
08/30/2026,07:31:34,21.0,67.0
08/30/2026,07:36:34,21.0,67.0
08/30/2026,07:41:34,21.0,66.9
08/30/2026,07:46:34,21.0,66.9
08/30/2026,07:51:34,21.0,67.0
08/30/2026,07:56:34,21.0,67.0
08/30/2026,08:01:34,21.0,67.1
08/30/2026,08:06:34,21.0,67.2
08/30/2026,08:11:34,21.0,67.3
08/30/2026,08:16:34,21.1,67.6
08/30/2026,08:21:34,21.1,67.6
08/30/2026,08:26:34,21.1,67.6
08/30/2026,08:31:34,21.1,67.8
08/30/2026,08:36:34,21.2,68.0
08/30/2026,08:41:34,21.2,68.1
08/30/2026,08:46:34,21.2,68.1
08/30/2026,08:51:34,21.3,68.2
08/30/2026,08:56:34,21.3,68.3
08/30/2026,09:01:34,21.3,68.2
08/30/2026,09:06:34,21.4,68.1
08/30/2026,09:11:34,21.4,68.0
08/30/2026,09:16:34,21.4,68.0
08/30/2026,09:21:34,21.4,68.0
08/30/2026,09:26:34,21.4,67.8
08/30/2026,09:31:34,21.4,67.7
08/30/2026,09:36:34,21.5,68.0
08/30/2026,09:41:34,21.5,68.0
08/30/2026,09:46:34,21.6,68.0
08/30/2026,09:51:34,21.6,67.9
08/30/2026,09:56:34,21.7,67.2
08/30/2026,10:01:34,21.7,67.6
08/30/2026,10:06:34,21.7,67.8
08/30/2026,10:11:34,21.8,67.7
08/30/2026,10:16:34,21.9,67.6
08/30/2026,10:21:34,21.9,67.3
08/30/2026,10:26:34,22.0,67.5
08/30/2026,10:31:34,22.1,67.2
08/30/2026,10:36:34,22.1,67.1
08/30/2026,10:41:34,22.2,66.8
08/30/2026,10:46:34,22.2,66.8
08/30/2026,10:51:34,22.2,66.8
08/30/2026,10:56:34,22.3,66.8
08/30/2026,11:01:34,22.3,66.7
08/30/2026,11:06:34,22.3,66.7
08/30/2026,11:11:34,22.3,66.7
08/30/2026,11:16:34,22.3,66.6
08/30/2026,11:21:34,22.3,66.4
08/30/2026,11:26:34,22.4,65.8
08/30/2026,11:31:34,22.4,65.1
08/30/2026,11:36:34,22.3,65.4
08/30/2026,11:41:34,22.4,65.9
08/30/2026,11:46:34,22.4,65.8
08/30/2026,11:51:34,22.5,65.7
08/30/2026,11:56:34,22.6,65.1
08/30/2026,12:01:34,22.6,65.0
08/30/2026,12:06:34,22.7,65.4
08/30/2026,12:11:34,22.8,65.5
08/30/2026,12:16:34,22.9,64.4
08/30/2026,12:21:34,22.9,64.7
08/30/2026,12:26:34,22.9,64.8
08/30/2026,12:31:34,23.0,64.3
08/30/2026,12:36:34,23.0,64.1
08/30/2026,12:41:34,23.0,63.6
08/30/2026,12:46:34,23.0,63.1
08/30/2026,12:51:34,23.0,63.0
08/30/2026,12:56:34,23.1,62.4
08/30/2026,13:01:34,23.1,62.6
08/30/2026,13:06:34,23.1,62.4
08/30/2026,13:11:34,23.1,62.1
08/30/2026,13:16:34,23.1,61.6
08/30/2026,13:21:34,23.1,61.5
08/30/2026,13:26:34,23.1,61.4
08/30/2026,13:31:34,23.0,61.3
08/30/2026,13:36:34,23.0,61.2
08/30/2026,13:41:34,23.0,60.9
08/30/2026,13:46:34,23.0,60.8
08/30/2026,13:51:34,23.1,60.7
08/30/2026,13:56:34,23.0,60.3
08/30/2026,14:01:34,23.1,60.2
08/30/2026,14:06:34,23.1,60.2
08/30/2026,14:11:34,23.1,59.9
08/30/2026,14:16:34,23.1,59.3
08/30/2026,14:21:34,23.1,59.0
08/30/2026,14:26:34,23.1,58.9
08/30/2026,14:31:34,23.1,58.8
08/30/2026,14:36:34,23.1,58.4
08/30/2026,14:41:34,23.1,58.5
08/30/2026,14:46:34,23.1,58.5
08/30/2026,14:51:34,23.2,58.2
08/30/2026,14:56:34,23.1,58.1
08/30/2026,15:01:34,23.1,57.9
08/30/2026,15:06:34,23.2,57.9
08/30/2026,15:11:34,23.2,57.7
08/30/2026,15:16:34,23.1,57.5
08/30/2026,15:21:34,23.1,57.4
08/30/2026,15:26:34,23.1,57.5
08/30/2026,15:31:34,23.1,57.6
08/30/2026,15:36:34,23.1,57.5
08/30/2026,15:41:34,23.1,57.4
08/30/2026,15:46:34,23.1,57.3
08/30/2026,15:51:34,23.1,57.2
08/30/2026,15:56:34,23.1,57.2
08/30/2026,16:01:34,23.1,57.1
08/30/2026,16:06:34,23.0,57.2
08/30/2026,16:11:34,23.0,57.3
08/30/2026,16:16:34,23.0,57.5
08/30/2026,16:21:34,23.0,57.9
08/30/2026,16:26:34,23.0,58.2
08/30/2026,16:31:34,23.0,58.5
08/30/2026,16:36:34,23.0,58.5
08/30/2026,16:41:34,23.0,58.7
08/30/2026,16:46:34,23.0,58.8
08/30/2026,16:51:34,23.0,59.0
08/30/2026,16:56:34,23.1,59.1
08/30/2026,17:01:34,23.1,59.1
08/30/2026,17:06:34,23.1,59.3
08/30/2026,17:11:34,23.1,59.5
08/30/2026,17:16:34,23.2,59.8
08/30/2026,17:21:34,23.2,59.3
08/30/2026,17:26:34,23.3,59.6
08/30/2026,17:31:34,23.3,59.4
08/30/2026,17:36:34,23.4,59.1
08/30/2026,17:41:34,23.4,58.1
08/30/2026,17:46:34,23.4,58.4
08/30/2026,17:51:34,23.5,57.9
08/30/2026,17:56:34,23.5,57.6
08/30/2026,18:01:34,23.5,57.4
08/30/2026,18:06:34,23.5,57.5
08/30/2026,18:11:34,23.6,57.3
08/30/2026,18:16:34,23.6,57.2
08/30/2026,18:21:34,23.5,57.1
08/30/2026,18:26:34,23.5,56.9
08/30/2026,18:31:34,23.5,57.3
08/30/2026,18:36:34,23.5,57.5
08/30/2026,18:41:34,23.5,57.6
08/30/2026,18:46:34,23.4,57.5
08/30/2026,18:51:34,23.4,57.5
08/30/2026,18:56:34,23.4,57.5
08/30/2026,19:01:34,23.4,57.5
08/30/2026,19:06:34,23.4,57.6
08/30/2026,19:11:34,23.4,57.6
08/30/2026,19:16:34,23.3,57.7
08/30/2026,19:21:34,23.3,57.7
08/30/2026,19:26:34,23.3,57.7
08/30/2026,19:31:34,23.3,57.7
08/30/2026,19:36:34,23.2,57.8
08/30/2026,19:41:34,23.2,57.8
08/30/2026,19:46:34,23.2,57.8
08/30/2026,19:51:34,23.2,57.9
08/30/2026,19:56:34,23.2,57.9
08/30/2026,20:01:34,23.2,57.9
08/30/2026,20:06:34,23.1,57.9
08/30/2026,20:11:34,23.1,57.9
08/30/2026,20:16:34,23.1,58.0
08/30/2026,20:21:34,23.1,58.0
08/30/2026,20:26:34,23.0,58.0
08/30/2026,20:31:34,23.0,58.1
08/30/2026,20:36:34,23.0,58.1
08/30/2026,20:41:34,23.0,58.1
08/30/2026,20:46:34,23.0,58.1
08/30/2026,20:51:34,23.0,58.2
08/30/2026,20:56:34,23.0,58.2
08/30/2026,21:01:34,22.9,58.2
08/30/2026,21:06:34,22.9,58.2
08/30/2026,21:11:34,22.9,58.3
08/30/2026,21:16:34,22.9,58.3
08/30/2026,21:21:34,22.9,58.3
08/30/2026,21:26:34,22.8,58.4
08/30/2026,21:31:34,22.8,58.4
08/30/2026,21:36:34,22.8,58.4
08/30/2026,21:41:34,22.8,58.4
08/30/2026,21:46:34,22.8,58.5
08/30/2026,21:51:34,22.7,58.5
08/30/2026,21:56:34,22.7,58.5
08/30/2026,22:01:34,22.7,58.5
08/30/2026,22:06:34,22.7,58.5
08/30/2026,22:11:34,22.7,58.6
08/30/2026,22:16:34,22.7,58.6
08/30/2026,22:21:34,22.7,58.6
08/30/2026,22:26:34,22.7,58.6
08/30/2026,22:31:34,22.6,58.6
08/30/2026,22:36:34,22.6,58.6
08/30/2026,22:41:34,22.6,58.7
08/30/2026,22:46:34,22.6,58.7
08/30/2026,22:51:34,22.6,58.7
08/30/2026,22:56:34,22.6,58.7
08/30/2026,23:01:34,22.6,58.7
08/30/2026,23:06:34,22.6,58.7
08/30/2026,23:11:34,22.6,58.8
08/30/2026,23:16:34,22.5,58.8
08/30/2026,23:21:34,22.5,58.7
08/30/2026,23:26:34,22.5,58.8
08/30/2026,23:31:34,22.5,58.8
08/30/2026,23:36:34,22.5,58.9
08/30/2026,23:41:34,22.5,58.9
08/30/2026,23:46:34,22.5,58.9
08/30/2026,23:51:34,22.4,58.9
08/30/2026,23:56:34,22.4,59.0
08/31/2026,00:01:34,22.4,59.0
08/31/2026,00:06:34,22.4,59.0
08/31/2026,00:11:34,22.4,59.0
08/31/2026,00:16:34,22.4,59.0
08/31/2026,00:21:34,22.4,59.0
08/31/2026,00:26:34,22.4,59.1
08/31/2026,00:31:34,22.3,59.0
08/31/2026,00:36:34,22.3,59.1
08/31/2026,00:41:34,22.3,59.1
08/31/2026,00:46:34,22.3,59.0
08/31/2026,00:51:34,22.3,59.1
08/31/2026,00:56:34,22.3,59.1
08/31/2026,01:01:34,22.3,59.1
08/31/2026,01:06:34,22.3,59.1
08/31/2026,01:11:34,22.2,59.1
08/31/2026,01:16:34,22.2,59.1
08/31/2026,01:21:34,22.2,59.1
08/31/2026,01:26:34,22.2,59.1
08/31/2026,01:31:34,22.2,59.2
08/31/2026,01:36:34,22.2,59.1
08/31/2026,01:41:34,22.2,59.2
08/31/2026,01:46:34,22.1,59.2
08/31/2026,01:51:34,22.1,59.1
08/31/2026,01:56:34,22.1,59.2
08/31/2026,02:01:34,22.1,59.2
08/31/2026,02:06:34,22.1,59.3
08/31/2026,02:11:34,22.1,59.2
08/31/2026,02:16:34,22.1,59.3
08/31/2026,02:21:34,22.1,59.3
08/31/2026,02:26:34,22.0,59.3
08/31/2026,02:31:34,22.0,59.3
08/31/2026,02:36:34,22.0,59.2
08/31/2026,02:41:34,22.0,59.3
08/31/2026,02:46:34,22.0,59.3
08/31/2026,02:51:34,22.0,59.3
08/31/2026,02:56:34,22.0,59.3
08/31/2026,03:01:34,21.9,59.3
08/31/2026,03:06:34,22.0,59.3
08/31/2026,03:11:34,21.9,59.3
08/31/2026,03:16:34,21.9,59.4
08/31/2026,03:21:34,21.9,59.4
08/31/2026,03:26:34,21.9,59.4
08/31/2026,03:31:34,21.9,59.4
08/31/2026,03:36:34,21.9,59.4
08/31/2026,03:41:34,21.9,59.4
08/31/2026,03:46:34,21.9,59.5
08/31/2026,03:51:34,21.8,59.5
08/31/2026,03:56:34,21.9,59.5
08/31/2026,04:01:34,21.8,59.5
08/31/2026,04:06:34,21.8,59.5
08/31/2026,04:11:34,21.8,59.5
08/31/2026,04:16:34,21.8,59.5
08/31/2026,04:21:34,21.8,59.6
08/31/2026,04:26:34,21.8,59.5
08/31/2026,04:31:34,21.8,59.5
08/31/2026,04:36:34,21.8,59.6
08/31/2026,04:41:34,21.8,59.6
08/31/2026,04:46:34,21.7,59.5
08/31/2026,04:51:34,21.7,59.6
08/31/2026,04:56:34,21.7,59.6
08/31/2026,05:01:34,21.7,59.5
08/31/2026,05:06:34,21.7,59.4
08/31/2026,05:11:34,21.6,59.4
08/31/2026,05:16:34,21.7,59.5
08/31/2026,05:21:34,21.6,59.4
08/31/2026,05:26:34,21.6,59.4
08/31/2026,05:31:34,21.6,59.4
08/31/2026,05:36:34,21.6,59.4
08/31/2026,05:41:34,21.6,59.3
08/31/2026,05:46:34,21.5,59.3
08/31/2026,05:51:34,21.5,59.3
08/31/2026,05:56:34,21.5,59.3
08/31/2026,06:01:34,21.5,59.3
08/31/2026,06:06:34,21.5,59.3
08/31/2026,06:11:34,21.5,59.3
08/31/2026,06:16:34,21.4,59.4
08/31/2026,06:21:34,21.4,59.2
08/31/2026,06:26:34,21.4,59.3
08/31/2026,06:31:34,21.4,59.2
08/31/2026,06:36:34,21.4,59.3
08/31/2026,06:41:34,21.4,59.2
08/31/2026,06:46:34,21.3,59.3
08/31/2026,06:51:34,21.3,59.3
08/31/2026,06:56:34,21.3,59.3
08/31/2026,07:01:34,21.3,59.2
08/31/2026,07:06:34,21.3,59.4
08/31/2026,07:11:34,21.3,59.4
08/31/2026,07:16:34,21.3,59.5
08/31/2026,07:21:34,21.3,59.3
08/31/2026,07:26:34,21.3,59.2
08/31/2026,07:31:34,21.3,59.3
08/31/2026,07:36:34,21.3,59.4
08/31/2026,07:41:34,21.3,59.3
08/31/2026,07:46:34,21.3,59.3
08/31/2026,07:51:34,21.3,59.3
08/31/2026,07:56:34,21.3,59.3
08/31/2026,08:01:34,21.2,59.2
08/31/2026,08:06:34,21.3,59.3
08/31/2026,08:11:34,21.3,59.4
08/31/2026,08:16:34,21.3,59.3
08/31/2026,08:21:34,21.3,59.3
08/31/2026,08:26:34,21.3,59.2
08/31/2026,08:31:34,21.3,59.8
08/31/2026,08:36:34,21.3,59.2
08/31/2026,08:41:34,21.3,59.2
08/31/2026,08:46:34,21.3,59.2
08/31/2026,08:51:34,21.3,59.3
08/31/2026,08:56:34,21.3,59.2
08/31/2026,09:01:34,21.3,59.2
08/31/2026,09:06:34,21.3,59.2
08/31/2026,09:11:34,21.3,59.2
08/31/2026,09:16:34,21.3,59.2
08/31/2026,09:21:34,21.3,59.2
08/31/2026,09:26:34,21.3,59.1
08/31/2026,09:31:34,21.3,59.2
08/31/2026,09:36:34,21.3,59.2
08/31/2026,09:41:34,21.3,59.2
08/31/2026,09:46:34,21.3,59.2
08/31/2026,09:51:34,21.3,59.2
08/31/2026,09:56:34,21.3,59.3
08/31/2026,10:01:34,21.3,59.2
08/31/2026,10:06:34,21.3,59.3
08/31/2026,10:11:34,21.3,59.2
08/31/2026,10:16:34,21.3,59.2
08/31/2026,10:21:34,21.3,59.2
08/31/2026,10:26:34,21.3,59.3
08/31/2026,10:31:34,21.3,59.2
08/31/2026,10:36:34,21.3,59.2
08/31/2026,10:41:34,21.3,59.3
08/31/2026,10:46:34,21.3,59.3
08/31/2026,10:51:34,21.3,59.2
08/31/2026,10:56:34,21.3,59.2
08/31/2026,11:01:34,21.3,59.3
08/31/2026,11:06:34,21.4,59.3
08/31/2026,11:11:34,21.4,59.3
08/31/2026,11:16:34,21.4,59.3
08/31/2026,11:21:34,21.4,59.3
08/31/2026,11:26:34,21.4,59.2
08/31/2026,11:31:34,21.4,59.2
08/31/2026,11:36:34,21.4,59.2
08/31/2026,11:41:34,21.4,59.2
08/31/2026,11:46:34,21.4,59.2
08/31/2026,11:51:34,21.4,59.2
08/31/2026,11:56:34,21.4,59.2
08/31/2026,12:01:34,21.4,59.2
08/31/2026,12:06:34,21.5,59.1
08/31/2026,12:11:34,21.4,59.1
08/31/2026,12:16:34,21.5,59.1
08/31/2026,12:21:34,21.5,59.1
08/31/2026,12:26:34,21.5,59.1
08/31/2026,12:31:34,21.5,59.1
08/31/2026,12:36:34,21.5,59.1
08/31/2026,12:41:34,21.5,59.1
08/31/2026,12:46:34,21.5,59.0
08/31/2026,12:51:34,21.6,59.0
08/31/2026,12:56:34,21.6,59.0
08/31/2026,13:01:34,21.6,58.9
08/31/2026,13:06:34,21.6,58.9
08/31/2026,13:11:34,21.6,58.9
08/31/2026,13:16:34,21.6,58.9
08/31/2026,13:21:34,21.7,58.9
08/31/2026,13:26:34,21.7,58.9
08/31/2026,13:31:34,21.7,58.9
08/31/2026,13:36:34,21.7,58.8
08/31/2026,13:41:34,21.8,58.9
08/31/2026,13:46:34,21.8,58.9
08/31/2026,13:51:34,21.8,58.8
08/31/2026,13:56:34,21.8,58.8
08/31/2026,14:01:34,21.8,59.0
08/31/2026,14:06:34,21.8,59.0
08/31/2026,14:11:34,21.9,59.0
08/31/2026,14:16:34,21.8,59.1
08/31/2026,14:21:34,21.9,59.1
08/31/2026,14:26:34,21.9,59.1
08/31/2026,14:31:34,21.9,59.2
08/31/2026,14:36:34,21.9,59.2
08/31/2026,14:41:34,22.0,59.2
08/31/2026,14:46:34,22.0,59.2
08/31/2026,14:51:34,22.1,59.2
08/31/2026,14:56:34,22.1,59.2
08/31/2026,15:01:34,22.1,59.4
08/31/2026,15:06:34,22.1,59.5
08/31/2026,15:11:34,22.1,59.5
08/31/2026,15:16:34,22.1,59.4
08/31/2026,15:21:34,22.1,59.4
08/31/2026,15:26:34,22.1,59.4
08/31/2026,15:31:34,22.2,59.5
08/31/2026,15:36:34,22.2,59.4
08/31/2026,15:41:34,22.2,59.5
08/31/2026,15:46:34,22.2,59.5
08/31/2026,15:51:34,22.2,59.5
08/31/2026,15:56:34,22.2,59.3
08/31/2026,16:01:34,22.2,59.3
08/31/2026,16:06:34,22.3,59.3
08/31/2026,16:11:34,22.3,59.2
08/31/2026,16:16:34,22.3,59.3
08/31/2026,16:21:34,22.3,59.4
08/31/2026,16:26:34,22.3,59.4
08/31/2026,16:31:34,22.3,59.4
08/31/2026,16:36:34,22.3,59.4
08/31/2026,16:41:34,22.3,59.4
08/31/2026,16:46:34,22.3,59.5
08/31/2026,16:51:34,22.4,59.4
08/31/2026,16:56:34,22.4,59.3
08/31/2026,17:01:34,22.4,59.3
08/31/2026,17:06:34,22.4,59.3
08/31/2026,17:11:34,22.4,59.3
08/31/2026,17:16:34,22.4,59.3
08/31/2026,17:21:34,22.4,59.2
08/31/2026,17:26:34,22.4,59.2
08/31/2026,17:31:34,22.4,59.2
08/31/2026,17:36:34,22.4,59.2
08/31/2026,17:41:34,22.4,59.1
08/31/2026,17:46:34,22.4,59.0
08/31/2026,17:51:34,22.4,58.9
08/31/2026,17:56:34,22.4,58.9
08/31/2026,18:01:34,22.4,58.8
08/31/2026,18:06:34,22.4,58.9
08/31/2026,18:11:34,22.4,58.9
08/31/2026,18:16:34,22.4,58.8
08/31/2026,18:21:34,22.4,58.8
08/31/2026,18:26:34,22.4,58.8
08/31/2026,18:31:34,22.4,58.7
08/31/2026,18:36:34,22.4,58.7
08/31/2026,18:41:34,22.4,58.5
08/31/2026,18:46:34,22.4,58.5
08/31/2026,18:51:34,22.4,58.6
08/31/2026,18:56:34,22.4,58.7
08/31/2026,19:01:34,22.4,58.7
08/31/2026,19:06:34,22.4,58.6
08/31/2026,19:11:34,22.4,58.5
08/31/2026,19:16:34,22.4,58.5
08/31/2026,19:21:34,22.4,58.4
08/31/2026,19:26:34,22.4,58.3
08/31/2026,19:31:34,22.4,58.3
08/31/2026,19:36:34,22.4,58.2
08/31/2026,19:41:34,22.4,58.1
08/31/2026,19:46:34,22.4,58.1
08/31/2026,19:51:34,22.4,58.1
08/31/2026,19:56:34,22.4,58.0
08/31/2026,20:01:34,22.4,58.0
08/31/2026,20:06:34,22.4,58.0
08/31/2026,20:11:34,22.4,58.1
08/31/2026,20:16:34,22.4,58.1
08/31/2026,20:21:34,22.4,58.0
08/31/2026,20:26:34,22.4,58.0
08/31/2026,20:31:34,22.4,58.1
08/31/2026,20:36:34,22.4,58.0
08/31/2026,20:41:34,22.4,58.1
08/31/2026,20:46:34,22.3,58.1
08/31/2026,20:51:34,22.4,58.2
08/31/2026,20:56:34,22.4,58.2
08/31/2026,21:01:34,22.3,58.2
08/31/2026,21:06:34,22.4,58.2
08/31/2026,21:11:34,22.3,58.2
08/31/2026,21:16:34,22.3,58.2
08/31/2026,21:21:34,22.3,58.2
08/31/2026,21:26:34,22.3,58.1
08/31/2026,21:31:34,22.3,58.1
08/31/2026,21:36:34,22.3,58.1
08/31/2026,21:41:34,22.3,58.1
08/31/2026,21:46:34,22.3,58.2
08/31/2026,21:51:34,22.3,58.1
08/31/2026,21:56:34,22.2,58.1
08/31/2026,22:01:34,22.2,58.1
08/31/2026,22:06:34,22.2,58.1
08/31/2026,22:11:34,22.2,58.2
08/31/2026,22:16:34,22.2,58.2
08/31/2026,22:21:34,22.2,58.2
08/31/2026,22:26:34,22.2,58.2
08/31/2026,22:31:34,22.2,58.1
08/31/2026,22:36:34,22.2,58.1
08/31/2026,22:41:34,22.2,58.2
08/31/2026,22:46:34,22.1,58.2
08/31/2026,22:51:34,22.1,58.2
08/31/2026,22:56:34,22.1,58.1
08/31/2026,23:01:34,22.1,58.2
08/31/2026,23:06:34,22.1,58.2
08/31/2026,23:11:34,22.1,58.2
08/31/2026,23:16:34,22.1,58.2
08/31/2026,23:21:34,22.1,58.1
08/31/2026,23:26:34,22.1,58.1
08/31/2026,23:31:34,22.1,58.1
08/31/2026,23:36:34,22.1,58.0
08/31/2026,23:41:34,22.0,58.0
08/31/2026,23:46:34,22.0,57.9
08/31/2026,23:51:34,22.0,57.9
08/31/2026,23:56:34,22.0,57.9