Date,Time,Temperature(C),Humidity(%RH)
06/01/2026,00:03:31,25.4,41,,,
06/01/2026,00:08:31,25.4,41,,,
06/01/2026,00:13:31,25.4,41.1,,,
06/01/2026,00:18:31,25.3,41.2,,,
06/01/2026,00:23:31,25.3,41.2,,,
06/01/2026,00:28:31,25.3,41.3,,,
06/01/2026,00:33:31,25.3,41.4,,,
06/01/2026,00:38:31,25.2,41.4,,,
06/01/2026,00:43:31,25.2,41.4,,,
06/01/2026,00:48:31,25.2,41.5,,,
06/01/2026,00:53:31,25.2,41.6,,,
06/01/2026,00:58:31,25.1,41.6,,,
06/01/2026,01:03:31,25.1,41.7,,,
06/01/2026,01:08:31,25.1,41.7,,,
06/01/2026,01:13:31,25.1,41.8,,,
06/01/2026,01:18:31,25,41.8,,,
06/01/2026,01:23:31,25,41.9,,,
06/01/2026,01:28:31,25,41.9,,,
06/01/2026,01:33:31,25,42,,,
06/01/2026,01:38:31,24.9,42,,,
06/01/2026,01:43:31,24.9,42,,,
06/01/2026,01:48:31,24.9,42.1,,,
06/01/2026,01:53:31,24.9,42.1,,,
06/01/2026,01:58:31,24.9,42.2,,,
06/01/2026,02:03:31,24.8,42.2,,,
06/01/2026,02:08:31,24.8,42.3,,,
06/01/2026,02:13:31,24.8,42.3,,,
06/01/2026,02:18:31,24.8,42.3,,,
06/01/2026,02:23:31,24.7,42.4,,,
06/01/2026,02:28:31,24.7,42.4,,,
06/01/2026,02:33:31,24.7,42.5,,,
06/01/2026,02:38:31,24.6,42.5,,,
06/01/2026,02:43:31,24.6,42.6,,,
06/01/2026,02:48:31,24.6,42.6,,,
06/01/2026,02:53:31,24.5,42.7,,,
06/01/2026,02:58:31,24.5,42.8,,,
06/01/2026,03:03:31,24.5,42.8,,,
06/01/2026,03:08:31,24.5,42.9,,,
06/01/2026,03:13:31,24.5,43,,,
06/01/2026,03:18:31,24.4,43,,,
06/01/2026,03:23:31,24.4,43,,,
06/01/2026,03:28:31,24.4,43.1,,,
06/01/2026,03:33:31,24.3,43.1,,,
06/01/2026,03:38:31,24.3,43.2,,,
06/01/2026,03:43:31,24.3,43.2,,,
06/01/2026,03:48:31,24.3,43.3,,,
06/01/2026,03:53:31,24.2,43.3,,,
06/01/2026,03:58:31,24.2,43.3,,,
06/01/2026,04:03:31,24.2,43.4,,,
06/01/2026,04:08:31,24.2,43.4,,,
06/01/2026,04:13:31,24.1,43.5,,,
06/01/2026,04:18:31,24.1,43.5,,,
06/01/2026,04:23:31,24.1,43.5,,,
06/01/2026,04:28:31,24.1,43.6,,,
06/01/2026,04:33:31,24,43.6,,,
06/01/2026,04:38:31,24,43.6,,,
06/01/2026,04:43:31,24,43.7,,,
06/01/2026,04:48:31,23.9,43.7,,,
06/01/2026,04:53:31,23.9,43.7,,,
06/01/2026,04:58:31,23.9,43.8,,,
06/01/2026,05:03:31,23.9,43.9,,,
06/01/2026,05:08:31,23.9,43.9,,,
06/01/2026,05:13:31,23.8,43.9,,,
06/01/2026,05:18:31,23.8,43.9,,,
06/01/2026,05:23:31,23.7,44,,,
06/01/2026,05:28:31,23.7,44,,,
06/01/2026,05:33:31,23.7,44.1,,,
06/01/2026,05:38:31,23.7,44.1,,,
06/01/2026,05:43:31,23.6,44.1,,,
06/01/2026,05:48:31,23.6,44.2,,,
06/01/2026,05:53:31,23.6,44.2,,,
06/01/2026,05:58:31,23.6,44.3,,,
06/01/2026,06:03:31,23.6,44.3,,,
06/01/2026,06:08:31,23.5,44.4,,,
06/01/2026,06:13:31,23.5,44.5,,,
06/01/2026,06:18:31,23.5,44.4,,,
06/01/2026,06:23:31,23.5,44.5,,,
06/01/2026,06:28:31,23.5,44.5,,,
06/01/2026,06:33:31,23.4,44.6,,,
06/01/2026,06:38:31,23.4,44.7,,,
06/01/2026,06:43:31,23.4,44.7,,,
06/01/2026,06:48:31,23.4,44.8,,,
06/01/2026,06:53:31,23.4,44.8,,,
06/01/2026,06:58:31,23.4,44.9,,,
06/01/2026,07:03:31,23.3,45,,,
06/01/2026,07:08:31,23.3,45,,,
06/01/2026,07:13:31,23.3,45.1,,,
06/01/2026,07:18:31,23.3,45.1,,,
06/01/2026,07:23:31,23.3,45.3,,,
06/01/2026,07:28:31,23.3,45.3,,,
06/01/2026,07:33:31,23.3,45.4,,,
06/01/2026,07:38:31,23.3,45.3,,,
06/01/2026,07:43:31,23.3,45.4,,,
06/01/2026,07:48:31,23.4,45.5,,,
06/01/2026,07:53:31,23.3,45.5,,,
06/01/2026,07:58:31,23.3,45.5,,,
06/01/2026,08:03:31,23.3,45.5,,,
06/01/2026,08:08:31,23.3,45.6,,,
06/01/2026,08:13:31,23.3,45.6,,,
06/01/2026,08:18:31,23.3,45.6,,,
06/01/2026,08:23:31,23.3,45.6,,,
06/01/2026,08:28:31,23.4,45.7,,,
06/01/2026,08:33:31,23.3,45.7,,,
06/01/2026,08:38:31,23.4,45.7,,,
06/01/2026,08:43:31,23.4,45.7,,,
06/01/2026,08:48:31,23.4,45.7,,,
06/01/2026,08:53:31,23.4,45.6,,,
06/01/2026,08:58:31,23.4,45.7,,,
06/01/2026,09:03:31,23.4,45.7,,,
06/01/2026,09:08:31,23.4,45.7,,,
06/01/2026,09:13:31,23.5,45.7,,,
06/01/2026,09:18:31,23.5,45.7,,,
06/01/2026,09:23:31,23.5,45.7,,,
06/01/2026,09:28:31,23.5,45.7,,,
06/01/2026,09:33:31,23.5,45.7,,,
06/01/2026,09:38:31,23.5,45.8,,,
06/01/2026,09:43:31,23.5,45.8,,,
06/01/2026,09:48:31,23.5,45.9,,,
06/01/2026,09:53:31,23.6,46,,,
06/01/2026,09:58:31,23.6,46,,,
06/01/2026,10:03:31,23.6,46.1,,,
06/01/2026,10:08:31,23.6,46.1,,,
06/01/2026,10:13:31,23.6,46.1,,,
06/01/2026,10:18:31,23.7,46.2,,,
06/01/2026,10:23:31,23.6,46.2,,,
06/01/2026,10:28:31,23.7,46.2,,,
06/01/2026,10:33:31,23.7,46.2,,,
06/01/2026,10:38:31,23.7,46.2,,,
06/01/2026,10:43:31,23.7,46.3,,,
06/01/2026,10:48:31,23.7,46.3,,,
06/01/2026,10:53:31,23.7,46.3,,,
06/01/2026,10:58:31,23.7,46.3,,,
06/01/2026,11:03:31,23.7,46.2,,,
06/01/2026,11:08:31,23.7,46.3,,,
06/01/2026,11:13:31,23.7,46.2,,,
06/01/2026,11:18:31,23.8,46.2,,,
06/01/2026,11:23:31,23.8,46.1,,,
06/01/2026,11:28:31,23.8,46.1,,,
06/01/2026,11:33:31,23.8,46.1,,,
06/01/2026,11:38:31,23.8,46.1,,,
06/01/2026,11:43:31,23.8,46.1,,,
06/01/2026,11:48:31,23.8,46.1,,,
06/01/2026,11:53:31,23.8,46.1,,,
06/01/2026,11:58:31,23.8,46.1,,,
06/01/2026,12:03:31,23.8,46.1,,,
06/01/2026,12:08:31,23.8,46.1,,,
06/01/2026,12:13:31,23.8,46,,,
06/01/2026,12:18:31,23.8,46,,,
06/01/2026,12:23:31,23.9,46,,,
06/01/2026,12:28:31,23.9,46,,,
06/01/2026,12:33:31,23.9,46,,,
06/01/2026,12:38:31,23.9,46,,,
06/01/2026,12:43:31,23.9,46,,,
06/01/2026,12:48:31,23.9,46,,,
06/01/2026,12:53:31,23.9,45.9,,,
06/01/2026,12:58:31,23.9,45.9,,,
06/01/2026,13:03:31,23.9,45.9,,,
06/01/2026,13:08:31,23.9,45.8,,,
06/01/2026,13:13:31,23.9,45.8,,,
06/01/2026,13:18:31,23.9,45.8,,,
06/01/2026,13:23:31,23.9,45.7,,,
06/01/2026,13:28:31,23.9,45.7,,,
06/01/2026,13:33:31,23.9,45.7,,,
06/01/2026,13:38:31,23.9,45.6,,,
06/01/2026,13:43:31,23.9,45.6,,,
06/01/2026,13:48:31,23.9,45.6,,,
06/01/2026,13:53:31,24,45.6,,,
06/01/2026,13:58:31,23.9,45.6,,,
06/01/2026,14:03:31,23.9,45.6,,,
06/01/2026,14:08:31,24,45.6,,,
06/01/2026,14:13:31,24,45.5,,,
06/01/2026,14:18:31,24,45.5,,,
06/01/2026,14:23:31,24,45.5,,,
06/01/2026,14:28:31,24,45.5,,,
06/01/2026,14:33:31,24,45.4,,,
06/01/2026,14:38:31,24,45.4,,,
06/01/2026,14:43:31,24,45.4,,,
06/01/2026,14:48:31,24,45.4,,,
06/01/2026,14:53:31,24.1,45.4,,,
06/01/2026,14:58:31,24.1,45.5,,,
06/01/2026,15:03:31,24.1,45.4,,,
06/01/2026,15:08:31,24.1,45.5,,,
06/01/2026,15:13:31,24.1,45.8,,,
06/01/2026,15:18:31,24.1,45.6,,,
06/01/2026,15:23:31,24.1,45.5,,,
06/01/2026,15:28:31,24.1,45.6,,,
06/01/2026,15:33:31,24.2,45.5,,,
06/01/2026,15:38:31,24.2,45.5,,,
06/01/2026,15:43:31,24.1,45.5,,,
06/01/2026,15:48:31,24.2,45.5,,,
06/01/2026,15:53:31,24.2,45.6,,,
06/01/2026,15:58:31,24.2,45.6,,,
06/01/2026,16:03:31,24.2,45.6,,,
06/01/2026,16:08:31,24.2,45.6,,,
06/01/2026,16:13:31,24.2,45.7,,,
06/01/2026,16:18:31,24.2,45.7,,,
06/01/2026,16:23:31,24.2,45.7,,,
06/01/2026,16:28:31,24.2,45.7,,,
06/01/2026,16:33:31,24.2,45.8,,,
06/01/2026,16:38:31,24.2,45.9,,,
06/01/2026,16:43:31,24.2,45.8,,,
06/01/2026,16:48:31,24.3,45.9,,,
06/01/2026,16:53:31,24.3,45.9,,,
06/01/2026,16:58:31,24.3,46,,,
06/01/2026,17:03:31,24.3,46,,,
06/01/2026,17:08:31,24.3,46,,,
06/01/2026,17:13:31,24.3,46.1,,,
06/01/2026,17:18:31,24.3,46.1,,,
06/01/2026,17:23:31,24.3,46.1,,,
06/01/2026,17:28:31,24.3,46.2,,,
06/01/2026,17:33:31,24.3,46.2,,,
06/01/2026,17:38:31,24.3,46.2,,,
06/01/2026,17:43:31,24.3,46.2,,,
06/01/2026,17:48:31,24.3,46.2,,,
06/01/2026,17:53:31,24.3,46.3,,,
06/01/2026,17:58:31,24.3,46.3,,,
06/01/2026,18:03:31,24.3,46.3,,,
06/01/2026,18:08:31,24.3,46.3,,,
06/01/2026,18:13:31,24.3,46.3,,,
06/01/2026,18:18:31,24.3,46.4,,,
06/01/2026,18:23:31,24.4,46.4,,,
06/01/2026,18:28:31,24.3,46.4,,,
06/01/2026,18:33:31,24.3,46.5,,,
06/01/2026,18:38:31,24.3,46.5,,,
06/01/2026,18:43:31,24.3,46.5,,,
06/01/2026,18:48:31,24.3,46.5,,,
06/01/2026,18:53:31,24.4,46.6,,,
06/01/2026,18:58:31,24.3,46.6,,,
06/01/2026,19:03:31,24.3,46.6,,,
06/01/2026,19:08:31,24.3,46.6,,,
06/01/2026,19:13:31,24.3,46.6,,,
06/01/2026,19:18:31,24.3,46.6,,,
06/01/2026,19:23:31,24.3,46.6,,,
06/01/2026,19:28:31,24.3,46.7,,,
06/01/2026,19:33:31,24.3,46.7,,,
06/01/2026,19:38:31,24.3,46.7,,,
06/01/2026,19:43:31,24.3,46.7,,,
06/01/2026,19:48:31,24.3,46.7,,,
06/01/2026,19:53:31,24.3,46.8,,,
06/01/2026,19:58:31,24.3,46.8,,,
06/01/2026,20:03:31,24.3,46.8,,,
06/01/2026,20:08:31,24.3,46.8,,,
06/01/2026,20:13:31,24.3,46.9,,,
06/01/2026,20:18:31,24.3,46.9,,,
06/01/2026,20:23:31,24.3,46.9,,,
06/01/2026,20:28:31,24.2,46.9,,,
06/01/2026,20:33:31,24.2,47,,,
06/01/2026,20:38:31,24.3,47,,,
06/01/2026,20:43:31,24.2,47,,,
06/01/2026,20:48:31,24.3,47,,,
06/01/2026,20:53:31,24.2,47,,,
06/01/2026,20:58:31,24.2,47,,,
06/01/2026,21:03:31,24.2,47.1,,,
06/01/2026,21:08:31,24.2,47.1,,,
06/01/2026,21:13:31,24.2,47.1,,,
06/01/2026,21:18:31,24.2,47.2,,,
06/01/2026,21:23:31,24.2,47.2,,,
06/01/2026,21:28:31,24.2,47.2,,,
06/01/2026,21:33:31,24.2,47.3,,,
06/01/2026,21:38:31,24.1,47.3,,,
06/01/2026,21:43:31,24.1,47.3,,,
06/01/2026,21:48:31,24.1,47.4,,,
06/01/2026,21:53:31,24.1,47.4,,,
06/01/2026,21:58:31,24.1,47.4,,,
06/01/2026,22:03:31,24.1,47.5,,,
06/01/2026,22:08:31,24.1,47.6,,,
06/01/2026,22:13:31,24.1,47.7,,,
06/01/2026,22:18:31,24.1,47.7,,,
06/01/2026,22:23:31,24.1,47.7,,,
06/01/2026,22:28:31,24.1,47.8,,,
06/01/2026,22:33:31,24,47.8,,,
06/01/2026,22:38:31,24,47.9,,,
06/01/2026,22:43:31,24,47.9,,,
06/01/2026,22:48:31,24,47.9,,,
06/01/2026,22:53:31,24,48.1,,,
06/01/2026,22:58:31,24,48.1,,,
06/01/2026,23:03:31,24,48.2,,,
06/01/2026,23:08:31,23.9,48.2,,,
06/01/2026,23:13:31,23.9,48.2,,,
06/01/2026,23:18:31,23.9,48.3,,,
06/01/2026,23:23:31,23.9,48.4,,,
06/01/2026,23:28:31,23.9,48.4,,,
06/01/2026,23:33:31,23.9,48.5,,,
06/01/2026,23:38:31,23.9,48.6,,,
06/01/2026,23:43:31,23.8,48.6,,,
06/01/2026,23:48:31,23.8,48.7,,,
06/01/2026,23:53:31,23.8,48.7,,,
06/01/2026,23:58:31,23.8,48.8,,,
06/02/2026,00:03:31,23.8,48.9,,,
06/02/2026,00:08:31,23.8,48.9,,,
06/02/2026,00:13:31,23.8,48.9,,,
06/02/2026,00:18:31,23.7,49,,,
06/02/2026,00:23:31,23.7,49.1,,,
06/02/2026,00:28:31,23.7,49.1,,,
06/02/2026,00:33:31,23.7,49.2,,,
06/02/2026,00:38:31,23.7,49.2,,,
06/02/2026,00:43:31,23.7,49.3,,,
06/02/2026,00:48:31,23.7,49.3,,,
06/02/2026,00:53:31,23.6,49.4,,,
06/02/2026,00:58:31,23.6,49.5,,,
06/02/2026,01:03:31,23.6,49.5,,,
06/02/2026,01:08:31,23.6,49.6,,,
06/02/2026,01:13:31,23.6,49.6,,,
06/02/2026,01:18:31,23.6,49.7,,,
06/02/2026,01:23:31,23.6,49.6,,,
06/02/2026,01:28:31,23.6,49.6,,,
06/02/2026,01:33:31,23.6,49.7,,,
06/02/2026,01:38:31,23.6,49.7,,,
06/02/2026,01:43:31,23.6,49.7,,,
06/02/2026,01:48:31,23.6,49.8,,,
06/02/2026,01:53:31,23.6,49.8,,,
06/02/2026,01:58:31,23.6,49.8,,,
06/02/2026,02:03:31,23.6,49.9,,,
06/02/2026,02:08:31,23.6,49.9,,,
06/02/2026,02:13:31,23.6,49.9,,,
06/02/2026,02:18:31,23.6,49.9,,,
06/02/2026,02:23:31,23.5,50,,,
06/02/2026,02:28:31,23.5,50,,,
06/02/2026,02:33:31,23.5,50,,,
06/02/2026,02:38:31,23.5,50.1,,,
06/02/2026,02:43:31,23.5,50.1,,,
06/02/2026,02:48:31,23.5,50.2,,,
06/02/2026,02:53:31,23.5,50.2,,,
06/02/2026,02:58:31,23.4,50.2,,,
06/02/2026,03:03:31,23.4,50.3,,,
06/02/2026,03:08:31,23.4,50.3,,,
06/02/2026,03:13:31,23.4,50.4,,,
06/02/2026,03:18:31,23.4,50.5,,,
06/02/2026,03:23:31,23.4,50.5,,,
06/02/2026,03:28:31,23.4,50.6,,,
06/02/2026,03:33:31,23.3,50.6,,,
06/02/2026,03:38:31,23.3,50.7,,,
06/02/2026,03:43:31,23.3,50.7,,,
06/02/2026,03:48:31,23.3,50.8,,,
06/02/2026,03:53:31,23.3,50.8,,,
06/02/2026,03:58:31,23.2,50.9,,,
06/02/2026,04:03:31,23.3,50.9,,,
06/02/2026,04:08:31,23.3,50.9,,,
06/02/2026,04:13:31,23.2,51,,,
06/02/2026,04:18:31,23.2,51,,,
06/02/2026,04:23:31,23.2,51,,,
06/02/2026,04:28:31,23.2,51.1,,,
06/02/2026,04:33:31,23.2,51.1,,,
06/02/2026,04:38:31,23.2,51.1,,,
06/02/2026,04:43:31,23.2,51.2,,,
06/02/2026,04:48:31,23.1,51.2,,,
06/02/2026,04:53:31,23.1,51.2,,,
06/02/2026,04:58:31,23.1,51.3,,,
06/02/2026,05:03:31,23.1,51.3,,,
06/02/2026,05:08:31,23.1,51.3,,,
06/02/2026,05:13:31,23.1,51.3,,,
06/02/2026,05:18:31,23.1,51.4,,,
06/02/2026,05:23:31,23.1,51.5,,,
06/02/2026,05:28:31,23.1,51.5,,,
06/02/2026,05:33:31,23,51.5,,,
06/02/2026,05:38:31,23,51.5,,,
06/02/2026,05:43:31,23,51.5,,,
06/02/2026,05:48:31,23,51.6,,,
06/02/2026,05:53:31,23,51.6,,,
06/02/2026,05:58:31,23,51.6,,,
06/02/2026,06:03:31,23,51.6,,,
06/02/2026,06:08:31,23,51.7,,,
06/02/2026,06:13:31,23,51.7,,,
06/02/2026,06:18:31,23,51.7,,,
06/02/2026,06:23:31,23,51.8,,,
06/02/2026,06:28:31,23,51.7,,,
06/02/2026,06:33:31,23,51.7,,,
06/02/2026,06:38:31,23,51.8,,,
06/02/2026,06:43:31,22.9,51.8,,,
06/02/2026,06:48:31,22.9,51.9,,,
06/02/2026,06:53:31,22.9,51.8,,,
06/02/2026,06:58:31,22.9,51.9,,,
06/02/2026,07:03:31,22.9,51.9,,,
06/02/2026,07:08:31,22.9,51.9,,,
06/02/2026,07:13:31,22.9,51.9,,,
06/02/2026,07:18:31,22.9,52,,,
06/02/2026,07:23:31,22.9,52,,,
06/02/2026,07:28:31,22.9,52,,,
06/02/2026,07:33:31,22.9,52,,,
06/02/2026,07:38:31,22.9,52,,,
06/02/2026,07:43:31,22.8,52.1,,,
06/02/2026,07:48:31,22.8,52.1,,,
06/02/2026,07:53:31,22.8,52.1,,,
06/02/2026,07:58:31,22.8,52.2,,,
06/02/2026,08:03:31,22.8,52.1,,,
06/02/2026,08:08:31,22.8,52.2,,,
06/02/2026,08:13:31,22.8,52.2,,,
06/02/2026,08:18:31,22.8,52.2,,,
06/02/2026,08:23:31,22.8,52.3,,,
06/02/2026,08:28:31,22.8,52.3,,,
06/02/2026,08:33:31,22.8,52.3,,,
06/02/2026,08:38:31,22.8,52.3,,,
06/02/2026,08:43:31,22.7,52.4,,,
06/02/2026,08:48:31,22.7,52.4,,,
06/02/2026,08:53:31,22.7,52.4,,,
06/02/2026,08:58:31,22.7,52.4,,,
06/02/2026,09:03:31,22.7,52.5,,,
06/02/2026,09:08:31,22.7,52.5,,,
06/02/2026,09:13:31,22.8,52.6,,,
06/02/2026,09:18:31,22.7,52.5,,,
06/02/2026,09:23:31,22.7,52.6,,,
06/02/2026,09:28:31,22.7,52.6,,,
06/02/2026,09:33:31,22.7,52.6,,,
06/02/2026,09:38:31,22.7,52.7,,,
06/02/2026,09:43:31,22.7,52.7,,,
06/02/2026,09:48:31,22.7,52.7,,,
06/02/2026,09:53:31,22.7,52.7,,,
06/02/2026,09:58:31,22.7,52.7,,,
06/02/2026,10:03:31,22.7,52.8,,,
06/02/2026,10:08:31,22.7,52.8,,,
06/02/2026,10:13:31,22.7,52.9,,,
06/02/2026,10:18:31,22.7,52.8,,,
06/02/2026,10:23:31,22.7,52.9,,,
06/02/2026,10:28:31,22.7,52.8,,,
06/02/2026,10:33:31,22.7,52.9,,,
06/02/2026,10:38:31,22.7,52.9,,,
06/02/2026,10:43:31,22.7,53,,,
06/02/2026,10:48:31,22.7,52.9,,,
06/02/2026,10:53:31,22.7,52.9,,,
06/02/2026,10:58:31,22.7,52.9,,,
06/02/2026,11:03:31,22.7,52.9,,,
06/02/2026,11:08:31,22.7,53,,,
06/02/2026,11:13:31,22.7,52.9,,,
06/02/2026,11:18:31,22.7,53,,,
06/02/2026,11:23:31,22.7,53,,,
06/02/2026,11:28:31,22.7,53.1,,,
06/02/2026,11:33:31,22.7,53,,,
06/02/2026,11:38:31,22.7,53.1,,,
06/02/2026,11:43:31,22.7,53.1,,,
06/02/2026,11:48:31,22.7,53.1,,,
06/02/2026,11:53:31,22.7,53.1,,,
06/02/2026,11:58:31,22.7,53.1,,,
06/02/2026,12:03:31,22.7,53.1,,,
06/02/2026,12:08:31,22.7,53.2,,,
06/02/2026,12:13:31,22.7,53.2,,,
06/02/2026,12:18:31,22.7,53.2,,,
06/02/2026,12:23:31,22.7,53.2,,,
06/02/2026,12:28:31,22.7,53.3,,,
06/02/2026,12:33:31,22.7,53.3,,,
06/02/2026,12:38:31,22.7,53.4,,,
06/02/2026,12:43:31,22.7,53.5,,,
06/02/2026,12:48:31,22.7,53.6,,,
06/02/2026,12:53:31,22.7,53.7,,,
06/02/2026,12:58:31,22.7,53.9,,,
06/02/2026,13:03:31,22.7,53.9,,,
06/02/2026,13:08:31,22.7,53.9,,,
06/02/2026,13:13:31,22.8,54.1,,,
06/02/2026,13:18:31,22.8,54.1,,,
06/02/2026,13:23:31,22.8,54.1,,,
06/02/2026,13:28:31,22.8,54.1,,,
06/02/2026,13:33:31,22.8,54.2,,,
06/02/2026,13:38:31,22.7,54.2,,,
06/02/2026,13:43:31,22.8,54.2,,,
06/02/2026,13:48:31,22.8,54.3,,,
06/02/2026,13:53:31,22.8,54.4,,,
06/02/2026,13:58:31,22.8,54.4,,,
06/02/2026,14:03:31,22.8,54.4,,,
06/02/2026,14:08:31,22.8,54.5,,,
06/02/2026,14:13:31,22.8,54.5,,,
06/02/2026,14:18:31,22.8,54.4,,,
06/02/2026,14:23:31,22.8,54.4,,,
06/02/2026,14:28:31,22.8,54.4,,,
06/02/2026,14:33:31,22.8,54.3,,,
06/02/2026,14:38:31,22.8,54.3,,,
06/02/2026,14:43:31,22.8,54.3,,,
06/02/2026,14:48:31,22.9,54.3,,,
06/02/2026,14:53:31,22.8,54.2,,,
06/02/2026,14:58:31,22.8,54.3,,,
06/02/2026,15:03:31,22.8,54.3,,,
06/02/2026,15:08:31,22.9,54.3,,,
06/02/2026,15:13:31,22.8,54.3,,,
06/02/2026,15:18:31,22.9,54.4,,,
06/02/2026,15:23:31,22.9,54.4,,,
06/02/2026,15:28:31,22.9,54.5,,,
06/02/2026,15:33:31,22.9,54.4,,,
06/02/2026,15:38:31,22.9,54.5,,,
06/02/2026,15:43:31,22.9,54.4,,,
06/02/2026,15:48:31,22.9,54.3,,,
06/02/2026,15:53:31,22.9,54.2,,,
06/02/2026,15:58:31,22.9,54.1,,,
06/02/2026,16:03:31,22.9,54,,,
06/02/2026,16:08:31,22.9,54,,,
06/02/2026,16:13:31,22.9,53.9,,,
06/02/2026,16:18:31,23,53.9,,,
06/02/2026,16:23:31,23,53.8,,,
06/02/2026,16:28:31,23,53.8,,,
06/02/2026,16:33:31,23,53.7,,,
06/02/2026,16:38:31,23,53.6,,,
06/02/2026,16:43:31,23,53.5,,,
06/02/2026,16:48:31,23,53.5,,,
06/02/2026,16:53:31,23,53.3,,,
06/02/2026,16:58:31,23,53.2,,,
06/02/2026,17:03:31,23,53.2,,,
06/02/2026,17:08:31,23,53.1,,,
06/02/2026,17:13:31,23,53.1,,,
06/02/2026,17:18:31,23,53.1,,,
06/02/2026,17:23:31,23,53.1,,,
06/02/2026,17:28:31,23,53.1,,,
06/02/2026,17:33:31,22.9,53.1,,,
06/02/2026,17:38:31,22.9,53.2,,,
06/02/2026,17:43:31,22.9,53.3,,,
06/02/2026,17:48:31,22.9,53.2,,,
06/02/2026,17:53:31,22.9,53.3,,,
06/02/2026,17:58:31,22.9,53.4,,,
06/02/2026,18:03:31,22.9,53.4,,,
06/02/2026,18:08:31,22.9,53.5,,,
06/02/2026,18:13:31,22.9,53.5,,,
06/02/2026,18:18:31,22.9,53.5,,,
06/02/2026,18:23:31,22.9,53.5,,,
06/02/2026,18:28:31,22.9,53.6,,,
06/02/2026,18:33:31,22.9,53.7,,,
06/02/2026,18:38:31,22.9,53.7,,,
06/02/2026,18:43:31,22.9,53.6,,,
06/02/2026,18:48:31,22.8,53.6,,,
06/02/2026,18:53:31,22.9,53.6,,,
06/02/2026,18:58:31,22.9,53.5,,,
06/02/2026,19:03:31,22.9,53.4,,,
06/02/2026,19:08:31,22.9,53.4,,,
06/02/2026,19:13:31,22.9,53.4,,,
06/02/2026,19:18:31,22.9,53.3,,,
06/02/2026,19:23:31,22.9,53.3,,,
06/02/2026,19:28:31,22.9,53.3,,,
06/02/2026,19:33:31,22.9,53.3,,,
06/02/2026,19:38:31,22.9,53.3,,,
06/02/2026,19:43:31,22.9,53.4,,,
06/02/2026,19:48:31,22.9,53.4,,,
06/02/2026,19:53:31,22.9,53.4,,,
06/02/2026,19:58:31,22.9,53.5,,,
06/02/2026,20:03:31,22.9,53.4,,,
06/02/2026,20:08:31,22.9,53.4,,,
06/02/2026,20:13:31,22.9,53.3,,,
06/02/2026,20:18:31,22.9,53.3,,,
06/02/2026,20:23:31,22.9,53.2,,,
06/02/2026,20:28:31,22.9,53.2,,,
06/02/2026,20:33:31,22.9,53.2,,,
06/02/2026,20:38:31,22.9,53.1,,,
06/02/2026,20:43:31,22.9,53.1,,,
06/02/2026,20:48:31,22.9,53.1,,,
06/02/2026,20:53:31,22.9,53.1,,,
06/02/2026,20:58:31,22.9,53.1,,,
06/02/2026,21:03:31,22.9,53,,,
06/02/2026,21:08:31,22.9,53,,,
06/02/2026,21:13:31,22.9,53,,,
06/02/2026,21:18:31,22.9,53,,,
06/02/2026,21:23:31,22.8,52.9,,,
06/02/2026,21:28:31,22.8,52.9,,,
06/02/2026,21:33:31,22.8,52.9,,,
06/02/2026,21:38:31,22.8,52.9,,,
06/02/2026,21:43:31,22.8,52.9,,,
06/02/2026,21:48:31,22.8,52.9,,,
06/02/2026,21:53:31,22.8,52.9,,,
06/02/2026,21:58:31,22.8,52.8,,,
06/02/2026,22:03:31,22.7,52.9,,,
06/02/2026,22:08:31,22.7,52.9,,,
06/02/2026,22:13:31,22.7,52.9,,,
06/02/2026,22:18:31,22.7,52.9,,,
06/02/2026,22:23:31,22.7,52.9,,,
06/02/2026,22:28:31,22.7,52.9,,,
06/02/2026,22:33:31,22.6,52.9,,,
06/02/2026,22:38:31,22.6,52.9,,,
06/02/2026,22:43:31,22.6,52.9,,,
06/02/2026,22:48:31,22.6,52.9,,,
06/02/2026,22:53:31,22.6,52.9,,,
06/02/2026,22:58:31,22.6,53,,,
06/02/2026,23:03:31,22.5,53,,,
06/02/2026,23:08:31,22.5,53,,,
06/02/2026,23:13:31,22.5,53,,,
06/02/2026,23:18:31,22.5,53,,,
06/02/2026,23:23:31,22.5,53,,,
06/02/2026,23:28:31,22.4,53,,,
06/02/2026,23:33:31,22.4,53,,,
06/02/2026,23:38:31,22.4,53,,,
06/02/2026,23:43:31,22.4,53,,,
06/02/2026,23:48:31,22.3,53.1,,,
06/02/2026,23:53:31,22.3,53.1,,,
06/02/2026,23:58:31,22.3,53.1,,,
06/03/2026,00:03:31,22.3,53,,,
06/03/2026,00:08:31,22.3,53.1,,,
06/03/2026,00:13:31,22.3,53,,,
06/03/2026,00:18:31,22.3,53,,,
06/03/2026,00:23:31,22.3,53,,,
06/03/2026,00:28:31,22.2,53,,,
06/03/2026,00:33:31,22.2,53,,,
06/03/2026,00:38:31,22.2,53,,,
06/03/2026,00:43:31,22.2,53,,,
06/03/2026,00:48:31,22.2,53,,,
06/03/2026,00:53:31,22.2,53,,,
06/03/2026,00:58:31,22.2,53,,,
06/03/2026,01:03:31,22.2,53,,,
06/03/2026,01:08:31,22.1,53,,,
06/03/2026,01:13:31,22.1,53,,,
06/03/2026,01:18:31,22.1,53.1,,,
06/03/2026,01:23:31,22.1,53,,,
06/03/2026,01:28:31,22.1,53,,,
06/03/2026,01:33:31,22.1,53,,,
06/03/2026,01:38:31,22.1,53,,,
06/03/2026,01:43:31,22,53.1,,,
06/03/2026,01:48:31,22,53,,,
06/03/2026,01:53:31,22,53.1,,,
06/03/2026,01:58:31,22,53.1,,,
06/03/2026,02:03:31,22,53,,,
06/03/2026,02:08:31,21.9,53,,,
06/03/2026,02:13:31,21.9,53,,,
06/03/2026,02:18:31,21.9,53,,,
06/03/2026,02:23:31,21.9,53.1,,,
06/03/2026,02:28:31,21.9,53,,,
06/03/2026,02:33:31,21.9,53.1,,,
06/03/2026,02:38:31,21.8,53.1,,,
06/03/2026,02:43:31,21.8,53.1,,,
06/03/2026,02:48:31,21.8,53.1,,,
06/03/2026,02:53:31,21.8,53.1,,,
06/03/2026,02:58:31,21.8,53.1,,,
06/03/2026,03:03:31,21.8,53.1,,,
06/03/2026,03:08:31,21.7,53,,,
06/03/2026,03:13:31,21.7,53,,,
06/03/2026,03:18:31,21.7,53,,,
06/03/2026,03:23:31,21.7,53,,,
06/03/2026,03:28:31,21.7,53,,,
06/03/2026,03:33:31,21.7,53,,,
06/03/2026,03:38:31,21.6,53,,,
06/03/2026,03:43:31,21.6,53,,,
06/03/2026,03:48:31,21.6,53.1,,,
06/03/2026,03:53:31,21.6,53,,,
06/03/2026,03:58:31,21.6,53.1,,,
06/03/2026,04:03:31,21.5,53,,,
06/03/2026,04:08:31,21.5,53.1,,,
06/03/2026,04:13:31,21.5,53.1,,,
06/03/2026,04:18:31,21.5,53.1,,,
06/03/2026,04:23:31,21.5,53.1,,,
06/03/2026,04:28:31,21.5,53.1,,,
06/03/2026,04:33:31,21.4,53.1,,,
06/03/2026,04:38:31,21.4,53.1,,,
06/03/2026,04:43:31,21.4,53.1,,,
06/03/2026,04:48:31,21.3,53.2,,,
06/03/2026,04:53:31,21.3,53.2,,,
06/03/2026,04:58:31,21.3,53.2,,,
06/03/2026,05:03:31,21.3,53.2,,,
06/03/2026,05:08:31,21.3,53.2,,,
06/03/2026,05:13:31,21.3,53.2,,,
06/03/2026,05:18:31,21.3,53.2,,,
06/03/2026,05:23:31,21.2,53.2,,,
06/03/2026,05:28:31,21.2,53.2,,,
06/03/2026,05:33:31,21.2,53.2,,,
06/03/2026,05:38:31,21.2,53.2,,,
06/03/2026,05:43:31,21.2,53.2,,,
06/03/2026,05:48:31,21.2,53.3,,,
06/03/2026,05:53:31,21.1,53.3,,,
06/03/2026,05:58:31,21.1,53.3,,,
06/03/2026,06:03:31,21.1,53.3,,,
06/03/2026,06:08:31,21.1,53.3,,,
06/03/2026,06:13:31,21.1,53.3,,,
06/03/2026,06:18:31,21.1,53.3,,,
06/03/2026,06:23:31,21,53.4,,,
06/03/2026,06:28:31,21.1,53.3,,,
06/03/2026,06:33:31,21,53.3,,,
06/03/2026,06:38:31,21,53.3,,,
06/03/2026,06:43:31,21,53.3,,,
06/03/2026,06:48:31,21,53.3,,,
06/03/2026,06:53:31,21.1,53.3,,,
06/03/2026,06:58:31,21.1,53.3,,,
06/03/2026,07:03:31,21,53.3,,,
06/03/2026,07:08:31,21,53.3,,,
06/03/2026,07:13:31,21.1,53.3,,,
06/03/2026,07:18:31,21.1,53.3,,,
06/03/2026,07:23:31,21.1,53.3,,,
06/03/2026,07:28:31,21,53.3,,,
06/03/2026,07:33:31,21.1,53.3,,,
06/03/2026,07:38:31,21.1,53.3,,,
06/03/2026,07:43:31,21.1,53.3,,,
06/03/2026,07:48:31,21.1,53.3,,,
06/03/2026,07:53:31,21.1,53.2,,,
06/03/2026,07:58:31,21.1,53.3,,,
06/03/2026,08:03:31,21.1,53.2,,,
06/03/2026,08:08:31,21.1,53.2,,,
06/03/2026,08:13:31,21.1,53.2,,,
06/03/2026,08:18:31,21.1,53.2,,,
06/03/2026,08:23:31,21.1,53.1,,,
06/03/2026,08:28:31,21.1,53.2,,,
06/03/2026,08:33:31,21.1,53.1,,,
06/03/2026,08:38:31,21.1,53.1,,,
06/03/2026,08:43:31,21.1,53.1,,,
06/03/2026,08:48:31,21.1,53.1,,,
06/03/2026,08:53:31,21.1,53.1,,,
06/03/2026,08:58:31,21.1,53.1,,,
06/03/2026,09:03:31,21.1,53.1,,,
06/03/2026,09:08:31,21.1,53.1,,,
06/03/2026,09:13:31,21.2,53.1,,,
06/03/2026,09:18:31,21.2,53,,,
06/03/2026,09:23:31,21.2,53.1,,,
06/03/2026,09:28:31,21.1,53.1,,,
06/03/2026,09:33:31,21.2,53.1,,,
06/03/2026,09:38:31,21.2,53.1,,,
06/03/2026,09:43:31,21.2,53.1,,,
06/03/2026,09:48:31,21.2,53,,,
06/03/2026,09:53:31,21.2,53,,,
06/03/2026,09:58:31,21.2,53,,,
06/03/2026,10:03:31,21.2,53.1,,,
06/03/2026,10:08:31,21.2,53.1,,,
06/03/2026,10:13:31,21.2,53,,,
06/03/2026,10:18:31,21.2,53,,,
06/03/2026,10:23:31,21.2,53,,,
06/03/2026,10:28:31,21.2,53,,,
06/03/2026,10:33:31,21.2,53,,,
06/03/2026,10:38:31,21.2,53,,,
06/03/2026,10:43:31,21.2,53,,,
06/03/2026,10:48:31,21.3,52.9,,,
06/03/2026,10:53:31,21.2,52.9,,,
06/03/2026,10:58:31,21.2,52.9,,,
06/03/2026,11:03:31,21.2,53,,,
06/03/2026,11:08:31,21.2,52.9,,,
06/03/2026,11:13:31,21.2,52.9,,,
06/03/2026,11:18:31,21.2,52.9,,,
06/03/2026,11:23:31,21.3,52.9,,,
06/03/2026,11:28:31,21.2,52.9,,,
06/03/2026,11:33:31,21.2,52.9,,,
06/03/2026,11:38:31,21.2,52.9,,,
06/03/2026,11:43:31,21.2,52.9,,,
06/03/2026,11:48:31,21.2,53,,,
06/03/2026,11:53:31,21.2,53,,,
06/03/2026,11:58:31,21.2,53,,,
06/03/2026,12:03:31,21.2,53,,,
06/03/2026,12:08:31,21.2,53.1,,,
06/03/2026,12:13:31,21.2,53.1,,,
06/03/2026,12:18:31,21.2,53.2,,,
06/03/2026,12:23:31,21.1,53.2,,,
06/03/2026,12:28:31,21.2,53.2,,,
06/03/2026,12:33:31,21.1,53.3,,,
06/03/2026,12:38:31,21.2,53.3,,,
06/03/2026,12:43:31,21.1,53.4,,,
06/03/2026,12:48:31,21.1,53.4,,,
06/03/2026,12:53:31,21.1,53.4,,,
06/03/2026,12:58:31,21.1,53.5,,,
06/03/2026,13:03:31,21.1,53.5,,,
06/03/2026,13:08:31,21.1,53.5,,,
06/03/2026,13:13:31,21.1,53.5,,,
06/03/2026,13:18:31,21.1,53.5,,,
06/03/2026,13:23:31,21.1,53.6,,,
06/03/2026,13:28:31,21.1,53.7,,,
06/03/2026,13:33:31,21.1,53.7,,,
06/03/2026,13:38:31,21.1,53.7,,,
06/03/2026,13:43:31,21.1,53.8,,,
06/03/2026,13:48:31,21.1,53.9,,,
06/03/2026,13:53:31,21.1,53.9,,,
06/03/2026,13:58:31,21.1,54,,,
06/03/2026,14:03:31,21.1,54,,,
06/03/2026,14:08:31,21,54,,,
06/03/2026,14:13:31,21,54.1,,,
06/03/2026,14:18:31,21,54.1,,,
06/03/2026,14:23:31,21,54.1,,,
06/03/2026,14:28:31,21,54.1,,,
06/03/2026,14:33:31,21,54.2,,,
06/03/2026,14:38:31,21,54.3,,,
06/03/2026,14:43:31,21,54.3,,,
06/03/2026,14:48:31,21,54.4,,,
06/03/2026,14:53:31,21,54.4,,,
06/03/2026,14:58:31,21,54.5,,,
06/03/2026,15:03:31,21,54.6,,,
06/03/2026,15:08:31,21,54.6,,,
06/03/2026,15:13:31,21,54.7,,,
06/03/2026,15:18:31,21,54.8,,,
06/03/2026,15:23:31,21,54.8,,,
06/03/2026,15:28:31,21.1,54.8,,,
06/03/2026,15:33:31,21,54.8,,,
06/03/2026,15:38:31,21.1,54.9,,,
06/03/2026,15:43:31,21.1,54.9,,,
06/03/2026,15:48:31,21.1,54.9,,,
06/03/2026,15:53:31,21.1,54.9,,,
06/03/2026,15:58:31,21.1,54.9,,,
06/03/2026,16:03:31,21.1,54.9,,,
06/03/2026,16:08:31,21.1,54.9,,,
06/03/2026,16:13:31,21.1,54.9,,,
06/03/2026,16:18:31,21.1,54.9,,,
06/03/2026,16:23:31,21.1,54.8,,,
06/03/2026,16:28:31,21.1,54.9,,,
06/03/2026,16:33:31,21.1,55,,,
06/03/2026,16:38:31,21.1,55,,,
06/03/2026,16:43:31,21.1,55,,,
06/03/2026,16:48:31,21.1,55.2,,,
06/03/2026,16:53:31,21.1,55.1,,,
06/03/2026,16:58:31,21.1,55.1,,,
06/03/2026,17:03:31,21.1,55,,,
06/03/2026,17:08:31,21.1,55,,,
06/03/2026,17:13:31,21.1,54.9,,,
06/03/2026,17:18:31,21.2,54.9,,,
06/03/2026,17:23:31,21.2,55.1,,,
06/03/2026,17:28:31,21.2,55.2,,,
06/03/2026,17:33:31,21.2,55.3,,,
06/03/2026,17:38:31,21.2,55.3,,,
06/03/2026,17:43:31,21.2,55.4,,,
06/03/2026,17:48:31,21.2,55.4,,,
06/03/2026,17:53:31,21.2,55.4,,,
06/03/2026,17:58:31,21.2,55.5,,,
06/03/2026,18:03:31,21.2,55.5,,,
06/03/2026,18:08:31,21.3,55.4,,,
06/03/2026,18:13:31,21.3,55.5,,,
06/03/2026,18:18:31,21.3,55.4,,,
06/03/2026,18:23:31,21.2,55.5,,,
06/03/2026,18:28:31,21.3,55.5,,,
06/03/2026,18:33:31,21.3,55.5,,,
06/03/2026,18:38:31,21.3,55.5,,,
06/03/2026,18:43:31,21.3,55.5,,,
06/03/2026,18:48:31,21.3,55.5,,,
06/03/2026,18:53:31,21.3,55.5,,,
06/03/2026,18:58:31,21.3,55.5,,,
06/03/2026,19:03:31,21.3,55.6,,,
06/03/2026,19:08:31,21.3,55.6,,,
06/03/2026,19:13:31,21.3,55.6,,,
06/03/2026,19:18:31,21.3,55.6,,,
06/03/2026,19:23:31,21.3,55.7,,,
06/03/2026,19:28:31,21.3,55.7,,,
06/03/2026,19:33:31,21.4,55.9,,,
06/03/2026,19:38:31,21.3,56,,,
06/03/2026,19:43:31,21.4,56,,,
06/03/2026,19:48:31,21.4,56.1,,,
06/03/2026,19:53:31,21.4,56.2,,,
06/03/2026,19:58:31,21.4,56.1,,,
06/03/2026,20:03:31,21.4,56.2,,,
06/03/2026,20:08:31,21.4,56.2,,,
06/03/2026,20:13:31,21.4,56.2,,,
06/03/2026,20:18:31,21.5,56.1,,,
06/03/2026,20:23:31,21.4,56.1,,,
06/03/2026,20:28:31,21.5,56.2,,,
06/03/2026,20:33:31,21.5,56.1,,,
06/03/2026,20:38:31,21.5,56.1,,,
06/03/2026,20:43:31,21.5,56,,,
06/03/2026,20:48:31,21.5,56,,,
06/03/2026,20:53:31,21.5,56,,,
06/03/2026,20:58:31,21.5,55.9,,,
06/03/2026,21:03:31,21.5,56,,,
06/03/2026,21:08:31,21.5,56,,,
06/03/2026,21:13:31,21.5,56,,,
06/03/2026,21:18:31,21.5,56,,,
06/03/2026,21:23:31,21.5,56,,,
06/03/2026,21:28:31,21.5,56,,,
06/03/2026,21:33:31,21.5,56,,,
06/03/2026,21:38:31,21.4,56,,,
06/03/2026,21:43:31,21.5,56.2,,,
06/03/2026,21:48:31,21.4,56.2,,,
06/03/2026,21:53:31,21.4,56.2,,,
06/03/2026,21:58:31,21.4,56.2,,,
06/03/2026,22:03:31,21.4,56.2,,,
06/03/2026,22:08:31,21.4,56.1,,,
06/03/2026,22:13:31,21.3,56.1,,,
06/03/2026,22:18:31,21.3,56.1,,,
06/03/2026,22:23:31,21.3,56.1,,,
06/03/2026,22:28:31,21.3,56.1,,,
06/03/2026,22:33:31,21.3,56.1,,,
06/03/2026,22:38:31,21.3,56.1,,,
06/03/2026,22:43:31,21.3,56,,,
06/03/2026,22:48:31,21.2,56.1,,,
06/03/2026,22:53:31,21.2,56,,,
06/03/2026,22:58:31,21.2,56,,,
06/03/2026,23:03:31,21.2,56.1,,,
06/03/2026,23:08:31,21.1,56.1,,,
06/03/2026,23:13:31,21.1,56.1,,,
06/03/2026,23:18:31,21.1,56.1,,,
06/03/2026,23:23:31,21.1,56.1,,,
06/03/2026,23:28:31,21.1,56,,,
06/03/2026,23:33:31,21.1,56,,,
06/03/2026,23:38:31,21.1,56,,,
06/03/2026,23:43:31,21,56,,,
06/03/2026,23:48:31,21,56,,,
06/03/2026,23:53:31,21,56,,,
06/03/2026,23:58:31,21,56,,,
06/04/2026,00:03:31,21,56,,,
06/04/2026,00:08:31,20.9,56,,,
06/04/2026,00:13:31,20.9,56,,,
06/04/2026,00:18:31,20.9,55.9,,,
06/04/2026,00:23:31,20.9,56,,,
06/04/2026,00:28:31,20.9,56,,,
06/04/2026,00:33:31,20.9,55.9,,,
06/04/2026,00:38:31,20.9,55.9,,,
06/04/2026,00:43:31,20.8,55.9,,,
06/04/2026,00:48:31,20.8,55.9,,,
06/04/2026,00:53:31,20.8,55.9,,,
06/04/2026,00:58:31,20.8,55.9,,,
06/04/2026,01:03:31,20.8,55.9,,,
06/04/2026,01:08:31,20.8,55.8,,,
06/04/2026,01:13:31,20.7,55.9,,,
06/04/2026,01:18:31,20.7,55.8,,,
06/04/2026,01:23:31,20.7,55.8,,,
06/04/2026,01:28:31,20.7,55.8,,,
06/04/2026,01:33:31,20.7,55.8,,,
06/04/2026,01:38:31,20.7,55.8,,,
06/04/2026,01:43:31,20.6,55.8,,,
06/04/2026,01:48:31,20.6,55.9,,,
06/04/2026,01:53:31,20.6,55.8,,,
06/04/2026,01:58:31,20.6,55.8,,,
06/04/2026,02:03:31,20.6,55.8,,,
06/04/2026,02:08:31,20.5,55.8,,,
06/04/2026,02:13:31,20.5,55.8,,,
06/04/2026,02:18:31,20.5,55.8,,,
06/04/2026,02:23:31,20.5,55.8,,,
06/04/2026,02:28:31,20.5,55.8,,,
06/04/2026,02:33:31,20.4,55.8,,,
06/04/2026,02:38:31,20.4,55.7,,,
06/04/2026,02:43:31,20.4,55.7,,,
06/04/2026,02:48:31,20.4,55.8,,,
06/04/2026,02:53:31,20.4,55.8,,,
06/04/2026,02:58:31,20.4,55.7,,,
06/04/2026,03:03:31,20.4,55.7,,,
06/04/2026,03:08:31,20.4,55.7,,,
06/04/2026,03:13:31,20.4,55.7,,,
06/04/2026,03:18:31,20.4,55.7,,,
06/04/2026,03:23:31,20.3,55.7,,,
06/04/2026,03:28:31,20.3,55.7,,,
06/04/2026,03:33:31,20.3,55.7,,,
06/04/2026,03:38:31,20.3,55.6,,,
06/04/2026,03:43:31,20.3,55.7,,,
06/04/2026,03:48:31,20.3,55.6,,,
06/04/2026,03:53:31,20.3,55.6,,,
06/04/2026,03:58:31,20.3,55.6,,,
06/04/2026,04:03:31,20.2,55.6,,,
06/04/2026,04:08:31,20.2,55.6,,,
06/04/2026,04:13:31,20.2,55.5,,,
06/04/2026,04:18:31,20.2,55.5,,,
06/04/2026,04:23:31,20.2,55.5,,,
06/04/2026,04:28:31,20.2,55.5,,,
06/04/2026,04:33:31,20.2,55.5,,,
06/04/2026,04:38:31,20.2,55.5,,,
06/04/2026,04:43:31,20.1,55.5,,,
06/04/2026,04:48:31,20.1,55.4,,,
06/04/2026,04:53:31,20.1,55.5,,,
06/04/2026,04:58:31,20.1,55.4,,,
06/04/2026,05:03:31,20.1,55.5,,,
06/04/2026,05:08:31,20.1,55.5,,,
06/04/2026,05:13:31,20.1,55.4,,,
06/04/2026,05:18:31,20.1,55.4,,,
06/04/2026,05:23:31,20.1,55.5,,,
06/04/2026,05:28:31,20,55.5,,,
06/04/2026,05:33:31,20,55.4,,,
06/04/2026,05:38:31,20,55.5,,,
06/04/2026,05:43:31,20,55.4,,,
06/04/2026,05:48:31,20,55.5,,,
06/04/2026,05:53:31,20,55.4,,,
06/04/2026,05:58:31,20,55.4,,,
06/04/2026,06:03:31,20,55.4,,,
06/04/2026,06:08:31,20,55.5,,,
06/04/2026,06:13:31,20,55.4,,,
06/04/2026,06:18:31,19.9,55.4,,,
06/04/2026,06:23:31,20,55.4,,,
06/04/2026,06:28:31,19.9,55.4,,,
06/04/2026,06:33:31,19.9,55.4,,,
06/04/2026,06:38:31,19.9,55.4,,,
06/04/2026,06:43:31,19.9,55.4,,,
06/04/2026,06:48:31,19.9,55.4,,,
06/04/2026,06:53:31,19.9,55.4,,,
06/04/2026,06:58:31,19.9,55.4,,,
06/04/2026,07:03:31,19.9,55.4,,,
06/04/2026,07:08:31,19.9,55.3,,,
06/04/2026,07:13:31,19.9,55.4,,,
06/04/2026,07:18:31,19.9,55.3,,,
06/04/2026,07:23:31,19.9,55.3,,,
06/04/2026,07:28:31,19.9,55.3,,,
06/04/2026,07:33:31,19.9,55.3,,,
06/04/2026,07:38:31,19.9,55.2,,,
06/04/2026,07:43:31,19.9,55.2,,,
06/04/2026,07:48:31,19.9,55.2,,,
06/04/2026,07:53:31,19.9,55.2,,,
06/04/2026,07:58:31,20,55.2,,,
06/04/2026,08:03:31,19.9,55.2,,,
06/04/2026,08:08:31,19.9,55.1,,,
06/04/2026,08:13:31,19.9,55.1,,,
06/04/2026,08:18:31,19.9,55.1,,,
06/04/2026,08:23:31,19.9,55.1,,,
06/04/2026,08:28:31,19.9,55.1,,,
06/04/2026,08:33:31,19.9,55.1,,,
06/04/2026,08:38:31,19.9,55,,,
06/04/2026,08:43:31,19.9,55,,,
06/04/2026,08:48:31,19.9,55,,,
06/04/2026,08:53:31,20,55,,,
06/04/2026,08:58:31,20,55,,,
06/04/2026,09:03:31,19.9,55,,,
06/04/2026,09:08:31,20,55,,,
06/04/2026,09:13:31,20,55,,,
06/04/2026,09:18:31,20,55,,,
06/04/2026,09:23:31,20,54.9,,,
06/04/2026,09:28:31,20,55,,,
06/04/2026,09:33:31,20,54.9,,,
06/04/2026,09:38:31,20,54.9,,,
06/04/2026,09:43:31,20,54.9,,,
06/04/2026,09:48:31,20,54.9,,,
06/04/2026,09:53:31,20,54.9,,,
06/04/2026,09:58:31,20,54.9,,,
06/04/2026,10:03:31,20,54.9,,,
06/04/2026,10:08:31,20,54.9,,,
06/04/2026,10:13:31,20,54.8,,,
06/04/2026,10:18:31,20,54.8,,,
06/04/2026,10:23:31,20.1,54.8,,,
06/04/2026,10:28:31,20,54.7,,,
06/04/2026,10:33:31,20,54.7,,,
06/04/2026,10:38:31,20.1,54.7,,,
06/04/2026,10:43:31,20,54.7,,,
06/04/2026,10:48:31,20.1,54.7,,,
06/04/2026,10:53:31,20,54.6,,,
06/04/2026,10:58:31,20.1,54.6,,,
06/04/2026,11:03:31,20.1,54.6,,,
06/04/2026,11:08:31,20.1,54.6,,,
06/04/2026,11:13:31,20.1,54.6,,,
06/04/2026,11:18:31,20.1,54.6,,,
06/04/2026,11:23:31,20.1,54.6,,,
06/04/2026,11:28:31,20.1,54.6,,,
06/04/2026,11:33:31,20.1,54.7,,,
06/04/2026,11:38:31,20.1,54.7,,,
06/04/2026,11:43:31,20.1,54.7,,,
06/04/2026,11:48:31,20.1,54.7,,,
06/04/2026,11:53:31,20.1,54.7,,,
06/04/2026,11:58:31,20.1,54.7,,,
06/04/2026,12:03:31,20.1,54.8,,,
06/04/2026,12:08:31,20.2,54.8,,,
06/04/2026,12:13:31,20.2,54.7,,,
06/04/2026,12:18:31,20.2,54.8,,,
06/04/2026,12:23:31,20.2,54.8,,,
06/04/2026,12:28:31,20.2,54.9,,,
06/04/2026,12:33:31,20.1,54.9,,,
06/04/2026,12:38:31,20.1,54.9,,,
06/04/2026,12:43:31,20.2,54.9,,,
06/04/2026,12:48:31,20.2,55,,,
06/04/2026,12:53:31,20.2,55,,,
06/04/2026,12:58:31,20.2,55,,,
06/04/2026,13:03:31,20.2,55,,,
06/04/2026,13:08:31,20.2,55,,,
06/04/2026,13:13:31,20.2,55.1,,,
06/04/2026,13:18:31,20.2,55.2,,,
06/04/2026,13:23:31,20.2,55.1,,,
06/04/2026,13:28:31,20.2,55.3,,,
06/04/2026,13:33:31,20.2,55.2,,,
06/04/2026,13:38:31,20.2,55.2,,,
06/04/2026,13:43:31,20.2,55.2,,,
06/04/2026,13:48:31,20.2,55.2,,,
06/04/2026,13:53:31,20.2,55.1,,,
06/04/2026,13:58:31,20.2,55.1,,,
06/04/2026,14:03:31,20.2,55.1,,,
06/04/2026,14:08:31,20.2,55.1,,,
06/04/2026,14:13:31,20.2,55.1,,,
06/04/2026,14:18:31,20.3,55.1,,,
06/04/2026,14:23:31,20.3,55,,,
06/04/2026,14:28:31,20.3,55.1,,,
06/04/2026,14:33:31,20.3,55.1,,,
06/04/2026,14:38:31,20.3,55.1,,,
06/04/2026,14:43:31,20.3,55.1,,,
06/04/2026,14:48:31,20.3,55.1,,,
06/04/2026,14:53:31,20.3,55.1,,,
06/04/2026,14:58:31,20.3,55.1,,,
06/04/2026,15:03:31,20.3,55.1,,,
06/04/2026,15:08:31,20.3,55.1,,,
06/04/2026,15:13:31,20.3,55.2,,,
06/04/2026,15:18:31,20.4,55.1,,,
06/04/2026,15:23:31,20.4,55.2,,,
06/04/2026,15:28:31,20.4,55.2,,,
06/04/2026,15:33:31,20.4,55.2,,,
06/04/2026,15:38:31,20.4,55.1,,,
06/04/2026,15:43:31,20.4,55.3,,,
06/04/2026,15:48:31,20.4,55.4,,,
06/04/2026,15:53:31,20.4,55.4,,,
06/04/2026,15:58:31,20.4,55.5,,,
06/04/2026,16:03:31,20.4,55.5,,,
06/04/2026,16:08:31,20.4,55.4,,,
06/04/2026,16:13:31,20.5,55.4,,,
06/04/2026,16:18:31,20.5,55.4,,,
06/04/2026,16:23:31,20.5,55.3,,,
06/04/2026,16:28:31,20.5,55.4,,,
06/04/2026,16:33:31,20.5,55.5,,,
06/04/2026,16:38:31,20.5,55.5,,,
06/04/2026,16:43:31,20.5,55.4,,,
06/04/2026,16:48:31,20.5,55.5,,,
06/04/2026,16:53:31,20.6,55.5,,,
06/04/2026,16:58:31,20.6,55.3,,,
06/04/2026,17:03:31,20.6,55.3,,,
06/04/2026,17:08:31,20.6,55.3,,,
06/04/2026,17:13:31,20.6,55.3,,,
06/04/2026,17:18:31,20.6,55.3,,,
06/04/2026,17:23:31,20.6,55.2,,,
06/04/2026,17:28:31,20.7,55.2,,,
06/04/2026,17:33:31,20.7,55.1,,,
06/04/2026,17:38:31,20.7,55.1,,,
06/04/2026,17:43:31,20.7,55.1,,,
06/04/2026,17:48:31,20.7,55.1,,,
06/04/2026,17:53:31,20.7,55.1,,,
06/04/2026,17:58:31,20.7,55.1,,,
06/04/2026,18:03:31,20.7,55,,,
06/04/2026,18:08:31,20.7,55,,,
06/04/2026,18:13:31,20.7,55,,,
06/04/2026,18:18:31,20.7,55.1,,,
06/04/2026,18:23:31,20.7,55.1,,,
06/04/2026,18:28:31,20.8,55.1,,,
06/04/2026,18:33:31,20.8,55.1,,,
06/04/2026,18:38:31,20.8,55.1,,,
06/04/2026,18:43:31,20.8,55.1,,,
06/04/2026,18:48:31,20.8,55.2,,,
06/04/2026,18:53:31,20.8,55.1,,,
06/04/2026,18:58:31,20.8,55.1,,,
06/04/2026,19:03:31,20.9,55.2,,,
06/04/2026,19:08:31,20.9,55.4,,,
06/04/2026,19:13:31,20.9,55.6,,,
06/04/2026,19:18:31,20.9,55.9,,,
06/04/2026,19:23:31,20.9,56,,,
06/04/2026,19:28:31,21,56.2,,,
06/04/2026,19:33:31,21,56.4,,,
06/04/2026,19:38:31,21,56.5,,,
06/04/2026,19:43:31,21,56.6,,,
06/04/2026,19:48:31,21.1,56.8,,,
06/04/2026,19:53:31,21.1,56.8,,,
06/04/2026,19:58:31,21.1,56.9,,,
06/04/2026,20:03:31,21.1,57,,,
06/04/2026,20:08:31,21.2,57.1,,,
06/04/2026,20:13:31,21.2,57.2,,,
06/04/2026,20:18:31,21.2,57.2,,,
06/04/2026,20:23:31,21.2,57.2,,,
06/04/2026,20:28:31,21.3,57.2,,,
06/04/2026,20:33:31,21.3,57.1,,,
06/04/2026,20:38:31,21.3,56.9,,,
06/04/2026,20:43:31,21.3,56.7,,,
06/04/2026,20:48:31,21.3,56.7,,,
06/04/2026,20:53:31,21.3,56.6,,,
06/04/2026,20:58:31,21.3,56.5,,,
06/04/2026,21:03:31,21.3,56.4,,,
06/04/2026,21:08:31,21.3,56.3,,,
06/04/2026,21:13:31,21.3,56.4,,,
06/04/2026,21:18:31,21.3,56.2,,,
06/04/2026,21:23:31,21.3,56.2,,,
06/04/2026,21:28:31,21.3,56.2,,,
06/04/2026,21:33:31,21.3,56,,,
06/04/2026,21:38:31,21.3,56,,,
06/04/2026,21:43:31,21.3,56,,,
06/04/2026,21:48:31,21.3,55.9,,,
06/04/2026,21:53:31,21.2,55.9,,,
06/04/2026,21:58:31,21.2,56,,,
06/04/2026,22:03:31,21.2,56,,,
06/04/2026,22:08:31,21.2,56,,,
06/04/2026,22:13:31,21.2,56,,,
06/04/2026,22:18:31,21.1,55.9,,,
06/04/2026,22:23:31,21.1,55.8,,,
06/04/2026,22:28:31,21.1,55.8,,,
06/04/2026,22:33:31,21.1,55.8,,,
06/04/2026,22:38:31,21.1,55.7,,,
06/04/2026,22:43:31,21,55.6,,,
06/04/2026,22:48:31,21,55.6,,,
06/04/2026,22:53:31,21,55.6,,,
06/04/2026,22:58:31,21,55.6,,,
06/04/2026,23:03:31,21,55.5,,,
06/04/2026,23:08:31,21,55.5,,,
06/04/2026,23:13:31,21,55.5,,,
06/04/2026,23:18:31,20.9,55.5,,,
06/04/2026,23:23:31,20.9,55.5,,,
06/04/2026,23:28:31,20.9,55.5,,,
06/04/2026,23:33:31,20.9,55.4,,,
06/04/2026,23:38:31,20.8,55.5,,,
06/04/2026,23:43:31,20.8,55.4,,,
06/04/2026,23:48:31,20.8,55.4,,,
06/04/2026,23:53:31,20.8,55.4,,,
06/04/2026,23:58:31,20.7,55.4,,,
06/05/2026,00:03:31,20.7,55.4,,,
06/05/2026,00:08:31,20.7,55.4,,,
06/05/2026,00:13:31,20.7,55.4,,,
06/05/2026,00:18:31,20.7,55.4,,,
06/05/2026,00:23:31,20.7,55.4,,,
06/05/2026,00:28:31,20.7,55.4,,,
06/05/2026,00:33:31,20.6,55.3,,,
06/05/2026,00:38:31,20.6,55.3,,,
06/05/2026,00:43:31,20.6,55.3,,,
06/05/2026,00:48:31,20.5,55.3,,,
06/05/2026,00:53:31,20.5,55.3,,,
06/05/2026,00:58:31,20.5,55.3,,,
06/05/2026,01:03:31,20.5,55.3,,,
06/05/2026,01:08:31,20.5,55.3,,,
06/05/2026,01:13:31,20.5,55.3,,,
06/05/2026,01:18:31,20.4,55.2,,,
06/05/2026,01:23:31,20.4,55.2,,,
06/05/2026,01:28:31,20.4,55.2,,,
06/05/2026,01:33:31,20.4,55.2,,,
06/05/2026,01:38:31,20.4,55.2,,,
06/05/2026,01:43:31,20.4,55.2,,,
06/05/2026,01:48:31,20.3,55.2,,,
06/05/2026,01:53:31,20.3,55.2,,,
06/05/2026,01:58:31,20.3,55.2,,,
06/05/2026,02:03:31,20.3,55.2,,,
06/05/2026,02:08:31,20.3,55.1,,,
06/05/2026,02:13:31,20.3,55.1,,,
06/05/2026,02:18:31,20.2,55.1,,,
06/05/2026,02:23:31,20.2,55.1,,,
06/05/2026,02:28:31,20.2,55,,,
06/05/2026,02:33:31,20.2,55.1,,,
06/05/2026,02:38:31,20.2,55.1,,,
06/05/2026,02:43:31,20.2,55.1,,,
06/05/2026,02:48:31,20.1,55.1,,,
06/05/2026,02:53:31,20.1,55.1,,,
06/05/2026,02:58:31,20.1,55,,,
06/05/2026,03:03:31,20.1,55,,,
06/05/2026,03:08:31,20.1,55,,,
06/05/2026,03:13:31,20.1,55,,,
06/05/2026,03:18:31,20,55,,,
06/05/2026,03:23:31,20,55.1,,,
06/05/2026,03:28:31,20,55,,,
06/05/2026,03:33:31,20,55,,,
06/05/2026,03:38:31,20,55,,,
06/05/2026,03:43:31,20,55,,,
06/05/2026,03:48:31,19.9,55,,,
06/05/2026,03:53:31,19.9,55,,,
06/05/2026,03:58:31,19.9,55,,,
06/05/2026,04:03:31,19.9,54.9,,,
06/05/2026,04:08:31,19.9,54.9,,,
06/05/2026,04:13:31,19.9,54.9,,,
06/05/2026,04:18:31,19.9,54.8,,,
06/05/2026,04:23:31,19.9,54.9,,,
06/05/2026,04:28:31,19.9,54.8,,,
06/05/2026,04:33:31,19.9,54.8,,,
06/05/2026,04:38:31,19.8,54.8,,,
06/05/2026,04:43:31,19.8,54.8,,,
06/05/2026,04:48:31,19.8,54.8,,,
06/05/2026,04:53:31,19.8,54.8,,,
06/05/2026,04:58:31,19.8,54.7,,,
06/05/2026,05:03:31,19.8,54.7,,,
06/05/2026,05:08:31,19.8,54.7,,,
06/05/2026,05:13:31,19.8,54.6,,,
06/05/2026,05:18:31,19.8,54.7,,,
06/05/2026,05:23:31,19.8,54.7,,,
06/05/2026,05:28:31,19.7,54.6,,,
06/05/2026,05:33:31,19.7,54.6,,,
06/05/2026,05:38:31,19.7,54.6,,,
06/05/2026,05:43:31,19.7,54.6,,,
06/05/2026,05:48:31,19.7,54.6,,,
06/05/2026,05:53:31,19.7,54.6,,,
06/05/2026,05:58:31,19.7,54.5,,,
06/05/2026,06:03:31,19.6,54.6,,,
06/05/2026,06:08:31,19.6,54.6,,,
06/05/2026,06:13:31,19.6,54.7,,,
06/05/2026,06:18:31,19.6,54.7,,,
06/05/2026,06:23:31,19.6,54.7,,,
06/05/2026,06:28:31,19.6,54.7,,,
06/05/2026,06:33:31,19.6,54.8,,,
06/05/2026,06:38:31,19.5,54.8,,,
06/05/2026,06:43:31,19.5,54.8,,,
06/05/2026,06:48:31,19.5,54.8,,,
06/05/2026,06:53:31,19.5,54.8,,,
06/05/2026,06:58:31,19.5,54.8,,,
06/05/2026,07:03:31,19.6,54.8,,,
06/05/2026,07:08:31,19.6,54.8,,,
06/05/2026,07:13:31,19.6,54.8,,,
06/05/2026,07:18:31,19.6,54.8,,,
06/05/2026,07:23:31,19.6,54.8,,,
06/05/2026,07:28:31,19.6,54.9,,,
06/05/2026,07:33:31,19.6,54.9,,,
06/05/2026,07:38:31,19.6,54.9,,,
06/05/2026,07:43:31,19.6,54.8,,,
06/05/2026,07:48:31,19.6,54.8,,,
06/05/2026,07:53:31,19.6,54.8,,,
06/05/2026,07:58:31,19.6,54.8,,,
06/05/2026,08:03:31,19.6,54.8,,,
06/05/2026,08:08:31,19.6,54.8,,,
06/05/2026,08:13:31,19.7,54.8,,,
06/05/2026,08:18:31,19.7,54.7,,,
06/05/2026,08:23:31,19.7,54.7,,,
06/05/2026,08:28:31,19.7,54.6,,,
06/05/2026,08:33:31,19.7,54.5,,,
06/05/2026,08:38:31,19.7,54.6,,,
06/05/2026,08:43:31,19.7,54.5,,,
06/05/2026,08:48:31,19.7,54.5,,,
06/05/2026,08:53:31,19.7,54.4,,,
06/05/2026,08:58:31,19.7,54.4,,,
06/05/2026,09:03:31,19.7,54.4,,,
06/05/2026,09:08:31,19.8,54.4,,,
06/05/2026,09:13:31,19.8,54.3,,,
06/05/2026,09:18:31,19.8,54.3,,,
06/05/2026,09:23:31,19.8,54.3,,,
06/05/2026,09:28:31,19.8,54.2,,,
06/05/2026,09:33:31,19.8,54.2,,,
06/05/2026,09:38:31,19.8,54.2,,,
06/05/2026,09:43:31,19.8,54.1,,,
06/05/2026,09:48:31,19.8,54.1,,,
06/05/2026,09:53:31,19.8,54,,,
06/05/2026,09:58:31,19.8,53.9,,,
06/05/2026,10:03:31,19.8,53.9,,,
06/05/2026,10:08:31,19.8,53.8,,,
06/05/2026,10:13:31,19.9,53.8,,,
06/05/2026,10:18:31,19.9,53.7,,,
06/05/2026,10:23:31,19.9,53.6,,,
06/05/2026,10:28:31,19.9,53.5,,,
06/05/2026,10:33:31,19.9,53.5,,,
06/05/2026,10:38:31,19.9,53.4,,,
06/05/2026,10:43:31,19.9,53.3,,,
06/05/2026,10:48:31,19.9,53.3,,,
06/05/2026,10:53:31,19.9,53.2,,,
06/05/2026,10:58:31,19.9,53.1,,,
06/05/2026,11:03:31,19.9,53,,,
06/05/2026,11:08:31,19.9,53,,,
06/05/2026,11:13:31,19.9,52.9,,,
06/05/2026,11:18:31,19.9,52.8,,,
06/05/2026,11:23:31,19.9,52.7,,,
06/05/2026,11:28:31,20,52.6,,,
06/05/2026,11:33:31,20,52.6,,,
06/05/2026,11:38:31,20,52.6,,,
06/05/2026,11:43:31,20,52.6,,,
06/05/2026,11:48:31,20,52.5,,,
06/05/2026,11:53:31,20,52.5,,,
06/05/2026,11:58:31,20,52.4,,,
06/05/2026,12:03:31,20,52.3,,,
06/05/2026,12:08:31,20,52.3,,,
06/05/2026,12:13:31,20,52.2,,,
06/05/2026,12:18:31,20.1,52,,,
06/05/2026,12:23:31,20.1,52,,,
06/05/2026,12:28:31,20.1,52,,,
06/05/2026,12:33:31,20.2,52,,,
06/05/2026,12:38:31,20.2,51.9,,,
06/05/2026,12:43:31,20.3,51.8,,,
06/05/2026,12:48:31,20.3,51.7,,,
06/05/2026,12:53:31,20.4,51.5,,,
06/05/2026,12:58:31,20.4,51.5,,,
06/05/2026,13:03:31,20.5,51.3,,,
06/05/2026,13:08:31,20.5,51,,,
06/05/2026,13:13:31,20.5,50.8,,,
06/05/2026,13:18:31,20.6,50.6,,,
06/05/2026,13:23:31,20.6,50.4,,,
06/05/2026,13:28:31,20.7,50,,,
06/05/2026,13:33:31,20.8,49.9,,,
06/05/2026,13:38:31,20.8,49.5,,,
06/05/2026,13:43:31,20.8,49.2,,,
06/05/2026,13:48:31,20.9,49.2,,,
06/05/2026,13:53:31,20.9,48.9,,,
06/05/2026,13:58:31,21,49,,,
06/05/2026,14:03:31,21,48.6,,,
06/05/2026,14:08:31,21,48.5,,,
06/05/2026,14:13:31,21.1,48.3,,,
06/05/2026,14:18:31,21.1,48.3,,,
06/05/2026,14:23:31,21.2,48.1,,,
06/05/2026,14:28:31,21.2,48.3,,,
06/05/2026,14:33:31,21.2,48.3,,,
06/05/2026,14:38:31,21.2,48.2,,,
06/05/2026,14:43:31,21.2,48.2,,,
06/05/2026,14:48:31,21.2,48.2,,,
06/05/2026,14:53:31,21.2,48.4,,,
06/05/2026,14:58:31,21.2,48.3,,,
06/05/2026,15:03:31,21.2,48.3,,,
06/05/2026,15:08:31,21.2,48.1,,,
06/05/2026,15:13:31,21.2,48,,,
06/05/2026,15:18:31,21.2,47.8,,,
06/05/2026,15:23:31,21.2,47.7,,,
06/05/2026,15:28:31,21.2,47.6,,,
06/05/2026,15:33:31,21.2,47.5,,,
06/05/2026,15:38:31,21.2,47.5,,,
06/05/2026,15:43:31,21.2,47.5,,,
06/05/2026,15:48:31,21.2,47.6,,,
06/05/2026,15:53:31,21.2,47.5,,,
06/05/2026,15:58:31,21.2,47.6,,,
06/05/2026,16:03:31,21.2,47.7,,,
06/05/2026,16:08:31,21.3,47.7,,,
06/05/2026,16:13:31,21.2,47.9,,,
06/05/2026,16:18:31,21.2,47.8,,,
06/05/2026,16:23:31,21.2,47.9,,,
06/05/2026,16:28:31,21.2,47.7,,,
06/05/2026,16:33:31,21.3,47.6,,,
06/05/2026,16:38:31,21.3,47.5,,,
06/05/2026,16:43:31,21.3,47.4,,,
06/05/2026,16:48:31,21.3,47.6,,,
06/05/2026,16:53:31,21.3,47.7,,,
06/05/2026,16:58:31,21.3,47.6,,,
06/05/2026,17:03:31,21.3,47.6,,,
06/05/2026,17:08:31,21.3,47.4,,,
06/05/2026,17:13:31,21.3,47.4,,,
06/05/2026,17:18:31,21.3,47.5,,,
06/05/2026,17:23:31,21.3,47.5,,,
06/05/2026,17:28:31,21.3,47.6,,,
06/05/2026,17:33:31,21.3,47,,,
06/05/2026,17:38:31,21.3,47.1,,,
06/05/2026,17:43:31,21.3,47.1,,,
06/05/2026,17:48:31,21.3,47.1,,,
06/05/2026,17:53:31,21.3,47.3,,,
06/05/2026,17:58:31,21.3,47.3,,,
06/05/2026,18:03:31,21.3,47.3,,,
06/05/2026,18:08:31,21.3,47.3,,,
06/05/2026,18:13:31,21.3,47.4,,,
06/05/2026,18:18:31,21.3,47.2,,,
06/05/2026,18:23:31,21.3,47.3,,,
06/05/2026,18:28:31,21.3,47.3,,,
06/05/2026,18:33:31,21.3,47.4,,,
06/05/2026,18:38:31,21.3,47.4,,,
06/05/2026,18:43:31,21.3,47.4,,,
06/05/2026,18:48:31,21.3,47.4,,,
06/05/2026,18:53:31,21.4,47.2,,,
06/05/2026,18:58:31,21.4,47.2,,,
06/05/2026,19:03:31,21.4,47.2,,,
06/05/2026,19:08:31,21.4,47,,,
06/05/2026,19:13:31,21.4,47.2,,,
06/05/2026,19:18:31,21.4,47.3,,,
06/05/2026,19:23:31,21.4,47.2,,,
06/05/2026,19:28:31,21.4,47.3,,,
06/05/2026,19:33:31,21.4,47.2,,,
06/05/2026,19:38:31,21.4,47.3,,,
06/05/2026,19:43:31,21.4,47.4,,,
06/05/2026,19:48:31,21.5,47.4,,,
06/05/2026,19:53:31,21.5,47.4,,,
06/05/2026,19:58:31,21.5,47.4,,,
06/05/2026,20:03:31,21.5,47.4,,,
06/05/2026,20:08:31,21.5,47.4,,,
06/05/2026,20:13:31,21.5,47.4,,,
06/05/2026,20:18:31,21.5,47.4,,,
06/05/2026,20:23:31,21.5,47.5,,,
06/05/2026,20:28:31,21.5,47.4,,,
06/05/2026,20:33:31,21.5,47.5,,,
06/05/2026,20:38:31,21.5,47.4,,,
06/05/2026,20:43:31,21.5,47.4,,,
06/05/2026,20:48:31,21.5,47.4,,,
06/05/2026,20:53:31,21.5,47.4,,,
06/05/2026,20:58:31,21.5,47.3,,,
06/05/2026,21:03:31,21.5,47.3,,,
06/05/2026,21:08:31,21.5,47.3,,,
06/05/2026,21:13:31,21.5,47.3,,,
06/05/2026,21:18:31,21.5,47.3,,,
06/05/2026,21:23:31,21.5,47.3,,,
06/05/2026,21:28:31,21.5,47.2,,,
06/05/2026,21:33:31,21.5,47.1,,,
06/05/2026,21:38:31,21.5,47.1,,,
06/05/2026,21:43:31,21.5,47,,,
06/05/2026,21:48:31,21.5,46.9,,,
06/05/2026,21:53:31,21.4,46.8,,,
06/05/2026,21:58:31,21.4,46.7,,,
06/05/2026,22:03:31,21.4,46.6,,,
06/05/2026,22:08:31,21.4,46.6,,,
06/05/2026,22:13:31,21.4,46.4,,,
06/05/2026,22:18:31,21.4,46.4,,,
06/05/2026,22:23:31,21.3,46.3,,,
06/05/2026,22:28:31,21.3,46.3,,,
06/05/2026,22:33:31,21.3,46.3,,,
06/05/2026,22:38:31,21.3,46.2,,,
06/05/2026,22:43:31,21.3,46.1,,,
06/05/2026,22:48:31,21.3,46.1,,,
06/05/2026,22:53:31,21.2,46.2,,,
06/05/2026,22:58:31,21.2,46.1,,,
06/05/2026,23:03:31,21.2,46.1,,,
06/05/2026,23:08:31,21.2,46.1,,,
06/05/2026,23:13:31,21.2,46,,,
06/05/2026,23:18:31,21.2,46.1,,,
06/05/2026,23:23:31,21.2,46.1,,,
06/05/2026,23:28:31,21.2,46.1,,,
06/05/2026,23:33:31,21.1,46.2,,,
06/05/2026,23:38:31,21.1,46.1,,,
06/05/2026,23:43:31,21.1,46.1,,,
06/05/2026,23:48:31,21.1,46.2,,,
06/05/2026,23:53:31,21.1,46.1,,,
06/05/2026,23:58:31,21.1,46.2,,,
06/06/2026,00:03:31,21.1,46.2,,,
06/06/2026,00:08:31,21.1,46.1,,,
06/06/2026,00:13:31,21,46.2,,,
06/06/2026,00:18:31,21,46.2,,,
06/06/2026,00:23:31,21,46.2,,,
06/06/2026,00:28:31,21,46.2,,,
06/06/2026,00:33:31,21,46.3,,,
06/06/2026,00:38:31,21,46.2,,,
06/06/2026,00:43:31,21,46.2,,,
06/06/2026,00:48:31,20.9,46.3,,,
06/06/2026,00:53:31,20.9,46.2,,,
06/06/2026,00:58:31,20.9,46.3,,,
06/06/2026,01:03:31,20.9,46.3,,,
06/06/2026,01:08:31,20.9,46.3,,,
06/06/2026,01:13:31,20.9,46.3,,,
06/06/2026,01:18:31,20.8,46.3,,,
06/06/2026,01:23:31,20.8,46.3,,,
06/06/2026,01:28:31,20.8,46.4,,,
06/06/2026,01:33:31,20.8,46.3,,,
06/06/2026,01:38:31,20.8,46.3,,,
06/06/2026,01:43:31,20.8,46.3,,,
06/06/2026,01:48:31,20.8,46.4,,,
06/06/2026,01:53:31,20.8,46.4,,,
06/06/2026,01:58:31,20.7,46.4,,,
06/06/2026,02:03:31,20.7,46.4,,,
06/06/2026,02:08:31,20.7,46.4,,,
06/06/2026,02:13:31,20.7,46.4,,,
06/06/2026,02:18:31,20.7,46.4,,,
06/06/2026,02:23:31,20.7,46.4,,,
06/06/2026,02:28:31,20.6,46.5,,,
06/06/2026,02:33:31,20.6,46.5,,,
06/06/2026,02:38:31,20.7,46.5,,,
06/06/2026,02:43:31,20.6,46.5,,,
06/06/2026,02:48:31,20.6,46.6,,,
06/06/2026,02:53:31,20.6,46.6,,,
06/06/2026,02:58:31,20.6,46.6,,,
06/06/2026,03:03:31,20.6,46.7,,,
06/06/2026,03:08:31,20.5,46.6,,,
06/06/2026,03:13:31,20.5,46.7,,,
06/06/2026,03:18:31,20.5,46.7,,,
06/06/2026,03:23:31,20.5,46.8,,,
06/06/2026,03:28:31,20.5,46.8,,,
06/06/2026,03:33:31,20.5,46.9,,,
06/06/2026,03:38:31,20.5,46.9,,,
06/06/2026,03:43:31,20.5,46.9,,,
06/06/2026,03:48:31,20.5,47,,,
06/06/2026,03:53:31,20.4,47,,,
06/06/2026,03:58:31,20.4,47,,,
06/06/2026,04:03:31,20.4,47.1,,,
06/06/2026,04:08:31,20.4,47.1,,,
06/06/2026,04:13:31,20.4,47.2,,,
06/06/2026,04:18:31,20.4,47.2,,,
06/06/2026,04:23:31,20.4,47.3,,,
06/06/2026,04:28:31,20.4,47.3,,,
06/06/2026,04:33:31,20.4,47.4,,,
06/06/2026,04:38:31,20.4,47.4,,,
06/06/2026,04:43:31,20.3,47.5,,,
06/06/2026,04:48:31,20.3,47.5,,,
06/06/2026,04:53:31,20.3,47.6,,,
06/06/2026,04:58:31,20.3,47.6,,,
06/06/2026,05:03:31,20.3,47.7,,,
06/06/2026,05:08:31,20.3,47.7,,,
06/06/2026,05:13:31,20.3,47.7,,,
06/06/2026,05:18:31,20.3,47.8,,,
06/06/2026,05:23:31,20.3,47.8,,,
06/06/2026,05:28:31,20.3,47.9,,,
06/06/2026,05:33:31,20.3,48,,,
06/06/2026,05:38:31,20.3,48,,,
06/06/2026,05:43:31,20.3,48,,,
06/06/2026,05:48:31,20.2,48.1,,,
06/06/2026,05:53:31,20.2,48.1,,,
06/06/2026,05:58:31,20.2,48.2,,,
06/06/2026,06:03:31,20.2,48.2,,,
06/06/2026,06:08:31,20.2,48.3,,,
06/06/2026,06:13:31,20.2,48.3,,,
06/06/2026,06:18:31,20.2,48.4,,,
06/06/2026,06:23:31,20.2,48.4,,,
06/06/2026,06:28:31,20.2,48.4,,,
06/06/2026,06:33:31,20.2,48.5,,,
06/06/2026,06:38:31,20.2,48.6,,,
06/06/2026,06:43:31,20.2,48.7,,,
06/06/2026,06:48:31,20.1,48.7,,,
06/06/2026,06:53:31,20.1,48.7,,,
06/06/2026,06:58:31,20.1,48.8,,,
06/06/2026,07:03:31,20.1,48.8,,,
06/06/2026,07:08:31,20.1,48.9,,,
06/06/2026,07:13:31,20.1,49,,,
06/06/2026,07:18:31,20.1,49,,,
06/06/2026,07:23:31,20.1,49.1,,,
06/06/2026,07:28:31,20.1,49.1,,,
06/06/2026,07:33:31,20.1,49.2,,,
06/06/2026,07:38:31,20.1,49.2,,,
06/06/2026,07:43:31,20.1,49.2,,,
06/06/2026,07:48:31,20.1,49.2,,,
06/06/2026,07:53:31,20.1,49.3,,,
06/06/2026,07:58:31,20.1,49.3,,,
06/06/2026,08:03:31,20.1,49.4,,,
06/06/2026,08:08:31,20.1,49.4,,,
06/06/2026,08:13:31,20.1,49.4,,,
06/06/2026,08:18:31,20.1,49.5,,,
06/06/2026,08:23:31,20,49.6,,,
06/06/2026,08:28:31,20,49.6,,,
06/06/2026,08:33:31,20.1,49.6,,,
06/06/2026,08:38:31,20.1,49.7,,,
06/06/2026,08:43:31,20.1,49.7,,,
06/06/2026,08:48:31,20.1,49.8,,,
06/06/2026,08:53:31,20.1,49.8,,,
06/06/2026,08:58:31,20.1,49.9,,,
06/06/2026,09:03:31,20.1,49.9,,,
06/06/2026,09:08:31,20.2,50,,,
06/06/2026,09:13:31,20.1,50,,,
06/06/2026,09:18:31,20.1,50.1,,,
06/06/2026,09:23:31,20.2,50.1,,,
06/06/2026,09:28:31,20.2,50.2,,,
06/06/2026,09:33:31,20.2,50.6,,,
06/06/2026,09:38:31,20.2,50.8,,,
06/06/2026,09:43:31,20.2,50.8,,,
06/06/2026,09:48:31,20.2,51,,,
06/06/2026,09:53:31,20.3,51.3,,,
06/06/2026,09:58:31,20.3,51.5,,,
06/06/2026,10:03:31,20.2,51.6,,,
06/06/2026,10:08:31,20.3,51.9,,,
06/06/2026,10:13:31,20.3,51.8,,,
06/06/2026,10:18:31,20.3,51.8,,,
06/06/2026,10:23:31,20.3,52,,,
06/06/2026,10:28:31,20.3,52,,,
06/06/2026,10:33:31,20.3,52,,,
06/06/2026,10:38:31,20.3,52,,,
06/06/2026,10:43:31,20.3,52.1,,,
06/06/2026,10:48:31,20.3,52.1,,,
06/06/2026,10:53:31,20.3,52.1,,,
06/06/2026,10:58:31,20.3,52.2,,,
06/06/2026,11:03:31,20.3,52.2,,,
06/06/2026,11:08:31,20.4,52.2,,,
06/06/2026,11:13:31,20.4,52.2,,,
06/06/2026,11:18:31,20.4,52.4,,,
06/06/2026,11:23:31,20.4,52.5,,,
06/06/2026,11:28:31,20.4,52.7,,,
06/06/2026,11:33:31,20.4,53,,,
06/06/2026,11:38:31,20.4,53.4,,,
06/06/2026,11:43:31,20.4,53.6,,,
06/06/2026,11:48:31,20.5,53.8,,,
06/06/2026,11:53:31,20.5,53.9,,,
06/06/2026,11:58:31,20.5,54.4,,,
06/06/2026,12:03:31,20.6,54.8,,,
06/06/2026,12:08:31,20.6,54.9,,,
06/06/2026,12:13:31,20.7,54.6,,,
06/06/2026,12:18:31,20.7,54.8,,,
06/06/2026,12:23:31,20.7,54.9,,,
06/06/2026,12:28:31,20.7,54.9,,,
06/06/2026,12:33:31,20.8,55,,,
06/06/2026,12:38:31,20.8,55.3,,,
06/06/2026,12:43:31,20.8,55.1,,,
06/06/2026,12:48:31,20.8,55.9,,,
06/06/2026,12:53:31,20.9,55.6,,,
06/06/2026,12:58:31,20.9,55.6,,,
06/06/2026,13:03:31,20.9,55.7,,,
06/06/2026,13:08:31,20.9,55.6,,,
06/06/2026,13:13:31,20.9,56,,,
06/06/2026,13:18:31,20.9,56.2,,,
06/06/2026,13:23:31,21,55.8,,,
06/06/2026,13:28:31,21,55.9,,,
06/06/2026,13:33:31,21,55.7,,,
06/06/2026,13:38:31,21,55,,,
06/06/2026,13:43:31,21,55.3,,,
06/06/2026,13:48:31,21,55.7,,,
06/06/2026,13:53:31,21,55,,,
06/06/2026,13:58:31,21.1,55.2,,,
06/06/2026,14:03:31,21.1,55.2,,,
06/06/2026,14:08:31,21.1,55.1,,,
06/06/2026,14:13:31,21.1,55.2,,,
06/06/2026,14:18:31,21.1,55.1,,,
06/06/2026,14:23:31,21.1,55.2,,,
06/06/2026,14:28:31,21.1,55.2,,,
06/06/2026,14:33:31,21.1,55.2,,,
06/06/2026,14:38:31,21.1,55.3,,,
06/06/2026,14:43:31,21.1,55.2,,,
06/06/2026,14:48:31,21.1,55.1,,,
06/06/2026,14:53:31,21.1,55.2,,,
06/06/2026,14:58:31,21.1,55.3,,,
06/06/2026,15:03:31,21.1,55.2,,,
06/06/2026,15:08:31,21.1,55.1,,,
06/06/2026,15:13:31,21.1,55.2,,,
06/06/2026,15:18:31,21.1,55.1,,,
06/06/2026,15:23:31,21.1,55.2,,,
06/06/2026,15:28:31,21.1,55.1,,,
06/06/2026,15:33:31,21.1,55.1,,,
06/06/2026,15:38:31,21.1,55,,,
06/06/2026,15:43:31,21.1,55.1,,,
06/06/2026,15:48:31,21.1,55.1,,,
06/06/2026,15:53:31,21.1,55,,,
06/06/2026,15:58:31,21.1,55.1,,,
06/06/2026,16:03:31,21.1,55.1,,,
06/06/2026,16:08:31,21.1,55.1,,,
06/06/2026,16:13:31,21.1,55,,,
06/06/2026,16:18:31,21.1,55.1,,,
06/06/2026,16:23:31,21,55.1,,,
06/06/2026,16:28:31,21,55.2,,,
06/06/2026,16:33:31,21,55.1,,,
06/06/2026,16:38:31,21,55.1,,,
06/06/2026,16:43:31,21,55.2,,,
06/06/2026,16:48:31,21,55.3,,,
06/06/2026,16:53:31,21,55.6,,,
06/06/2026,16:58:31,21,55.4,,,
06/06/2026,17:03:31,21,55.4,,,
06/06/2026,17:08:31,21,55.4,,,
06/06/2026,17:13:31,21,55.4,,,
06/06/2026,17:18:31,20.9,55.5,,,
06/06/2026,17:23:31,20.9,55.5,,,
06/06/2026,17:28:31,20.9,55.5,,,
06/06/2026,17:33:31,20.9,55.5,,,
06/06/2026,17:38:31,20.9,55.6,,,
06/06/2026,17:43:31,20.9,55.6,,,
06/06/2026,17:48:31,20.9,56.4,,,
06/06/2026,17:53:31,20.9,56.5,,,
06/06/2026,17:58:31,20.9,56.7,,,
06/06/2026,18:03:31,20.9,57.1,,,
06/06/2026,18:08:31,20.9,57.2,,,
06/06/2026,18:13:31,20.9,60.2,,,
06/06/2026,18:18:31,21,61,,,
06/06/2026,18:23:31,21.1,62,,,
06/06/2026,18:28:31,21.3,62.5,,,
06/06/2026,18:33:31,21.5,61.9,,,
06/06/2026,18:38:31,21.7,62.7,,,
06/06/2026,18:43:31,22,62,,,
06/06/2026,18:48:31,22.2,61.5,,,
06/06/2026,18:53:31,22.5,61.1,,,
06/06/2026,18:58:31,22.7,60.7,,,
06/06/2026,19:03:31,22.8,60.6,,,
06/06/2026,19:08:31,22.9,60.3,,,
06/06/2026,19:13:31,23,59.8,,,
06/06/2026,19:18:31,23,59.4,,,
06/06/2026,19:23:31,23,59.2,,,
06/06/2026,19:28:31,23,59,,,
06/06/2026,19:33:31,22.9,59,,,
06/06/2026,19:38:31,22.9,59.1,,,
06/06/2026,19:43:31,22.9,59.2,,,
06/06/2026,19:48:31,22.8,59.1,,,
06/06/2026,19:53:31,22.8,59.4,,,
06/06/2026,19:58:31,22.7,59.3,,,
06/06/2026,20:03:31,22.7,59.4,,,
06/06/2026,20:08:31,22.7,59.4,,,
06/06/2026,20:13:31,22.6,59.4,,,
06/06/2026,20:18:31,22.6,59.6,,,
06/06/2026,20:23:31,22.5,59.7,,,
06/06/2026,20:28:31,22.4,59.8,,,
06/06/2026,20:33:31,22.4,60,,,
06/06/2026,20:38:31,22.3,60,,,
06/06/2026,20:43:31,22.3,60,,,
06/06/2026,20:48:31,22.3,60.2,,,
06/06/2026,20:53:31,22.2,60.1,,,
06/06/2026,20:58:31,22.2,60.2,,,
06/06/2026,21:03:31,22.1,60.3,,,
06/06/2026,21:08:31,22.1,60.3,,,
06/06/2026,21:13:31,22,60.1,,,
06/06/2026,21:18:31,22,60.1,,,
06/06/2026,21:23:31,22,59.8,,,
06/06/2026,21:28:31,21.9,59.5,,,
06/06/2026,21:33:31,21.9,59.4,,,
06/06/2026,21:38:31,21.9,59.3,,,
06/06/2026,21:43:31,21.8,59.2,,,
06/06/2026,21:48:31,21.8,59.1,,,
06/06/2026,21:53:31,21.7,59,,,
06/06/2026,21:58:31,21.7,59.2,,,
06/06/2026,22:03:31,21.6,59.2,,,
06/06/2026,22:08:31,21.6,59.1,,,
06/06/2026,22:13:31,21.6,59.1,,,
06/06/2026,22:18:31,21.5,59,,,
06/06/2026,22:23:31,21.5,58.9,,,
06/06/2026,22:28:31,21.5,59,,,
06/06/2026,22:33:31,21.4,59,,,
06/06/2026,22:38:31,21.4,59,,,
06/06/2026,22:43:31,21.4,59,,,
06/06/2026,22:48:31,21.3,59,,,
06/06/2026,22:53:31,21.3,59,,,
06/06/2026,22:58:31,21.3,58.9,,,
06/06/2026,23:03:31,21.2,58.9,,,
06/06/2026,23:08:31,21.2,58.9,,,
06/06/2026,23:13:31,21.2,59,,,
06/06/2026,23:18:31,21.1,59,,,
06/06/2026,23:23:31,21.1,59,,,
06/06/2026,23:28:31,21.1,58.9,,,
06/06/2026,23:33:31,21.1,59,,,
06/06/2026,23:38:31,21,58.9,,,
06/06/2026,23:43:31,21,58.9,,,
06/06/2026,23:48:31,21,58.9,,,
06/06/2026,23:53:31,21,58.9,,,
06/06/2026,23:58:31,20.9,58.9,,,
06/07/2026,00:03:31,20.9,58.9,,,
06/07/2026,00:08:31,20.9,58.8,,,
06/07/2026,00:13:31,20.9,58.8,,,
06/07/2026,00:18:31,20.8,58.9,,,
06/07/2026,00:23:31,20.8,58.8,,,
06/07/2026,00:28:31,20.8,58.7,,,
06/07/2026,00:33:31,20.8,58.7,,,
06/07/2026,00:38:31,20.8,58.7,,,
06/07/2026,00:43:31,20.7,58.7,,,
06/07/2026,00:48:31,20.7,58.7,,,
06/07/2026,00:53:31,20.7,58.6,,,
06/07/2026,00:58:31,20.7,58.6,,,
06/07/2026,01:03:31,20.6,58.5,,,
06/07/2026,01:08:31,20.6,58.5,,,
06/07/2026,01:13:31,20.6,58.5,,,
06/07/2026,01:18:31,20.6,58.5,,,
06/07/2026,01:23:31,20.6,58.5,,,
06/07/2026,01:28:31,20.6,58.5,,,
06/07/2026,01:33:31,20.5,58.4,,,
06/07/2026,01:38:31,20.5,58.4,,,
06/07/2026,01:43:31,20.5,58.4,,,
06/07/2026,01:48:31,20.5,58.3,,,
06/07/2026,01:53:31,20.4,58.3,,,
06/07/2026,01:58:31,20.4,58.2,,,
06/07/2026,02:03:31,20.4,58.2,,,
06/07/2026,02:08:31,20.4,58.2,,,
06/07/2026,02:13:31,20.4,58.1,,,
06/07/2026,02:18:31,20.3,58.1,,,
06/07/2026,02:23:31,20.3,58.1,,,
06/07/2026,02:28:31,20.3,58,,,
06/07/2026,02:33:31,20.3,58,,,
06/07/2026,02:38:31,20.3,57.9,,,
06/07/2026,02:43:31,20.2,57.9,,,
06/07/2026,02:48:31,20.2,57.9,,,
06/07/2026,02:53:31,20.2,57.9,,,
06/07/2026,02:58:31,20.2,57.9,,,
06/07/2026,03:03:31,20.2,57.9,,,
06/07/2026,03:08:31,20.2,57.9,,,
06/07/2026,03:13:31,20.2,57.8,,,
06/07/2026,03:18:31,20.1,57.8,,,
06/07/2026,03:23:31,20.1,57.8,,,
06/07/2026,03:28:31,20.1,57.7,,,
06/07/2026,03:33:31,20.1,57.7,,,
06/07/2026,03:38:31,20.1,57.7,,,
06/07/2026,03:43:31,20.1,57.6,,,
06/07/2026,03:48:31,20,57.6,,,
06/07/2026,03:53:31,20,57.6,,,
06/07/2026,03:58:31,20,57.6,,,
06/07/2026,04:03:31,20,57.5,,,
06/07/2026,04:08:31,20,57.6,,,
06/07/2026,04:13:31,19.9,57.5,,,
06/07/2026,04:18:31,19.9,57.5,,,
06/07/2026,04:23:31,19.9,57.4,,,
06/07/2026,04:28:31,19.9,57.4,,,
06/07/2026,04:33:31,19.8,57.4,,,
06/07/2026,04:38:31,19.8,57.4,,,
06/07/2026,04:43:31,19.8,57.4,,,
06/07/2026,04:48:31,19.8,57.4,,,
06/07/2026,04:53:31,19.8,57.3,,,
06/07/2026,04:58:31,19.7,57.3,,,
06/07/2026,05:03:31,19.7,57.3,,,
06/07/2026,05:08:31,19.7,57.3,,,
06/07/2026,05:13:31,19.7,57.3,,,
06/07/2026,05:18:31,19.7,57.2,,,
06/07/2026,05:23:31,19.6,57.2,,,
06/07/2026,05:28:31,19.6,57.2,,,
06/07/2026,05:33:31,19.6,57.2,,,
06/07/2026,05:38:31,19.6,57.2,,,
06/07/2026,05:43:31,19.6,57.1,,,
06/07/2026,05:48:31,19.6,57.1,,,
06/07/2026,05:53:31,19.5,57.1,,,
06/07/2026,05:58:31,19.5,57.1,,,
06/07/2026,06:03:31,19.5,57.1,,,
06/07/2026,06:08:31,19.5,57.1,,,
06/07/2026,06:13:31,19.5,57,,,
06/07/2026,06:18:31,19.5,57,,,
06/07/2026,06:23:31,19.5,57,,,
06/07/2026,06:28:31,19.5,57,,,
06/07/2026,06:33:31,19.4,57,,,
06/07/2026,06:38:31,19.4,57,,,
06/07/2026,06:43:31,19.4,56.9,,,
06/07/2026,06:48:31,19.4,56.9,,,
06/07/2026,06:53:31,19.4,56.9,,,
06/07/2026,06:58:31,19.4,56.8,,,
06/07/2026,07:03:31,19.4,56.8,,,
06/07/2026,07:08:31,19.4,56.8,,,
06/07/2026,07:13:31,19.4,56.8,,,
06/07/2026,07:18:31,19.4,56.7,,,
06/07/2026,07:23:31,19.4,56.7,,,
06/07/2026,07:28:31,19.5,56.7,,,
06/07/2026,07:33:31,19.5,56.6,,,
06/07/2026,07:38:31,19.5,56.6,,,
06/07/2026,07:43:31,19.5,56.6,,,
06/07/2026,07:48:31,19.5,56.6,,,
06/07/2026,07:53:31,19.5,56.5,,,
06/07/2026,07:58:31,19.5,56.5,,,
06/07/2026,08:03:31,19.5,56.7,,,
06/07/2026,08:08:31,19.5,57,,,
06/07/2026,08:13:31,19.5,57.3,,,
06/07/2026,08:18:31,19.6,57.5,,,
06/07/2026,08:23:31,19.6,57.7,,,
06/07/2026,08:28:31,19.7,57.8,,,
06/07/2026,08:33:31,19.7,58.1,,,
06/07/2026,08:38:31,19.7,58.2,,,
06/07/2026,08:43:31,19.8,58.4,,,
06/07/2026,08:48:31,19.8,58.6,,,
06/07/2026,08:53:31,19.9,58.6,,,
06/07/2026,08:58:31,20,58.8,,,
06/07/2026,09:03:31,20,58.8,,,
06/07/2026,09:08:31,20,58.8,,,
06/07/2026,09:13:31,20,58.5,,,
06/07/2026,09:18:31,20,58.5,,,
06/07/2026,09:23:31,20.1,58.5,,,
06/07/2026,09:28:31,20.1,58.5,,,
06/07/2026,09:33:31,20.1,58.6,,,
06/07/2026,09:38:31,20.2,59.4,,,
06/07/2026,09:43:31,20.4,60.1,,,
06/07/2026,09:48:31,20.5,60.1,,,
06/07/2026,09:53:31,20.6,60.3,,,
06/07/2026,09:58:31,20.8,60.5,,,
06/07/2026,10:03:31,20.9,60.5,,,
06/07/2026,10:08:31,21.1,60.5,,,
06/07/2026,10:13:31,21.3,60.5,,,
06/07/2026,10:18:31,21.4,61,,,
06/07/2026,10:23:31,21.7,60.8,,,
06/07/2026,10:28:31,21.9,60.6,,,
06/07/2026,10:33:31,22,60.3,,,
06/07/2026,10:38:31,22.1,60.6,,,
06/07/2026,10:43:31,22.2,60,,,
06/07/2026,10:48:31,22.3,60.1,,,
06/07/2026,10:53:31,22.3,59.8,,,
06/07/2026,10:58:31,22.3,59.5,,,
06/07/2026,11:03:31,22.3,59.4,,,
06/07/2026,11:08:31,22.3,58.7,,,
06/07/2026,11:13:31,22.3,58.5,,,
06/07/2026,11:18:31,22.2,58.5,,,
06/07/2026,11:23:31,22.2,58.7,,,
06/07/2026,11:28:31,22.3,59.3,,,
06/07/2026,11:33:31,22.3,59.6,,,
06/07/2026,11:38:31,22.4,59.8,,,
06/07/2026,11:43:31,22.4,60.1,,,
06/07/2026,11:48:31,22.5,60.3,,,
06/07/2026,11:53:31,22.6,60.6,,,
06/07/2026,11:58:31,22.7,60.9,,,
06/07/2026,12:03:31,22.7,60.9,,,
06/07/2026,12:08:31,22.9,62.1,,,
06/07/2026,12:13:31,23.1,61.2,,,
06/07/2026,12:18:31,23.2,61.3,,,
06/07/2026,12:23:31,23.3,61.4,,,
06/07/2026,12:28:31,23.3,61.1,,,
06/07/2026,12:33:31,23.3,60.7,,,
06/07/2026,12:38:31,23.3,60.5,,,
06/07/2026,12:43:31,23.3,60.3,,,
06/07/2026,12:48:31,23.3,60.1,,,
06/07/2026,12:53:31,23.3,59.9,,,
06/07/2026,12:58:31,23.3,59.5,,,
06/07/2026,13:03:31,23.2,59.3,,,
06/07/2026,13:08:31,23.2,59.2,,,
06/07/2026,13:13:31,23.2,59,,,
06/07/2026,13:18:31,23.1,58.8,,,
06/07/2026,13:23:31,23.1,58.6,,,
06/07/2026,13:28:31,23.1,58.4,,,
06/07/2026,13:33:31,23,58.3,,,
06/07/2026,13:38:31,23,58.3,,,
06/07/2026,13:43:31,23,58.1,,,
06/07/2026,13:48:31,22.9,58.1,,,
06/07/2026,13:53:31,22.9,58,,,
06/07/2026,13:58:31,22.9,57.9,,,
06/07/2026,14:03:31,22.8,58,,,
06/07/2026,14:08:31,22.8,57.9,,,
06/07/2026,14:13:31,22.8,57.7,,,
06/07/2026,14:18:31,22.8,57.6,,,
06/07/2026,14:23:31,22.7,57.5,,,
06/07/2026,14:28:31,22.7,57.4,,,
06/07/2026,14:33:31,22.7,57.3,,,
06/07/2026,14:38:31,22.7,57.3,,,
06/07/2026,14:43:31,22.6,57.2,,,
06/07/2026,14:48:31,22.6,57.2,,,
06/07/2026,14:53:31,22.6,57.1,,,
06/07/2026,14:58:31,22.6,57.1,,,
06/07/2026,15:03:31,22.5,57,,,
06/07/2026,15:08:31,22.5,57,,,
06/07/2026,15:13:31,22.5,56.9,,,
06/07/2026,15:18:31,22.5,56.9,,,
06/07/2026,15:23:31,22.5,56.9,,,
06/07/2026,15:28:31,22.5,56.8,,,
06/07/2026,15:33:31,22.4,56.8,,,
06/07/2026,15:38:31,22.4,56.8,,,
06/07/2026,15:43:31,22.4,56.7,,,
06/07/2026,15:48:31,22.4,56.7,,,
06/07/2026,15:53:31,22.4,56.7,,,
06/07/2026,15:58:31,22.4,56.6,,,
06/07/2026,16:03:31,22.4,56.6,,,
06/07/2026,16:08:31,22.4,56.6,,,
06/07/2026,16:13:31,22.3,56.6,,,
06/07/2026,16:18:31,22.3,56.5,,,
06/07/2026,16:23:31,22.3,56.5,,,
06/07/2026,16:28:31,22.3,56.4,,,
06/07/2026,16:33:31,22.3,56.4,,,
06/07/2026,16:38:31,22.3,56.4,,,
06/07/2026,16:43:31,22.2,56.4,,,
06/07/2026,16:48:31,22.2,56.3,,,
06/07/2026,16:53:31,22.2,56.3,,,
06/07/2026,16:58:31,22.2,56.2,,,
06/07/2026,17:03:31,22.2,56.2,,,
06/07/2026,17:08:31,22.2,56.1,,,
06/07/2026,17:13:31,22.2,56.1,,,
06/07/2026,17:18:31,22.2,56.1,,,
06/07/2026,17:23:31,22.2,56,,,
06/07/2026,17:28:31,22.2,55.9,,,
06/07/2026,17:33:31,22.2,55.9,,,
06/07/2026,17:38:31,22.1,55.8,,,
06/07/2026,17:43:31,22.1,55.8,,,
06/07/2026,17:48:31,22.1,55.8,,,
06/07/2026,17:53:31,22.1,55.8,,,
06/07/2026,17:58:31,22.1,55.7,,,
06/07/2026,18:03:31,22.1,55.7,,,
06/07/2026,18:08:31,22.1,55.7,,,
06/07/2026,18:13:31,22.1,55.6,,,
06/07/2026,18:18:31,22.1,55.5,,,
06/07/2026,18:23:31,22.1,55.5,,,
06/07/2026,18:28:31,22,55.4,,,
06/07/2026,18:33:31,22,55.4,,,
06/07/2026,18:38:31,22,55.4,,,
06/07/2026,18:43:31,22,55.4,,,
06/07/2026,18:48:31,22,55.3,,,
06/07/2026,18:53:31,22,55.2,,,
06/07/2026,18:58:31,22,55.2,,,
06/07/2026,19:03:31,22,55.1,,,
06/07/2026,19:08:31,22,55.2,,,
06/07/2026,19:13:31,22,55.2,,,
06/07/2026,19:18:31,22,55.2,,,
06/07/2026,19:23:31,22,55.1,,,
06/07/2026,19:28:31,22,55.1,,,
06/07/2026,19:33:31,22,55.1,,,
06/07/2026,19:38:31,22,55,,,
06/07/2026,19:43:31,22,55.1,,,
06/07/2026,19:48:31,22,55,,,
06/07/2026,19:53:31,22,55,,,
06/07/2026,19:58:31,22,54.8,,,
06/07/2026,20:03:31,22.1,54.8,,,
06/07/2026,20:08:31,22.1,54.8,,,
06/07/2026,20:13:31,22.1,54.7,,,
06/07/2026,20:18:31,22.1,54.7,,,
06/07/2026,20:23:31,22.2,54.6,,,
06/07/2026,20:28:31,22.2,54.5,,,
06/07/2026,20:33:31,22.2,54.5,,,
06/07/2026,20:38:31,22.2,54.4,,,
06/07/2026,20:43:31,22.3,54.3,,,
06/07/2026,20:48:31,22.3,54.3,,,
06/07/2026,20:53:31,22.3,54.2,,,
06/07/2026,20:58:31,22.4,54.2,,,
06/07/2026,21:03:31,22.4,54,,,
06/07/2026,21:08:31,22.4,54,,,
06/07/2026,21:13:31,22.5,53.9,,,
06/07/2026,21:18:31,22.5,53.8,,,
06/07/2026,21:23:31,22.5,53.7,,,
06/07/2026,21:28:31,22.5,53.6,,,
06/07/2026,21:33:31,22.5,53.6,,,
06/07/2026,21:38:31,22.6,53.5,,,
06/07/2026,21:43:31,22.7,53.4,,,
06/07/2026,21:48:31,22.7,53.4,,,
06/07/2026,21:53:31,22.7,53.3,,,
06/07/2026,21:58:31,22.7,53.3,,,
06/07/2026,22:03:31,22.7,53.2,,,
06/07/2026,22:08:31,22.8,53.1,,,
06/07/2026,22:13:31,22.8,53.1,,,
06/07/2026,22:18:31,22.8,53,,,
06/07/2026,22:23:31,22.8,52.9,,,
06/07/2026,22:28:31,22.9,52.9,,,
06/07/2026,22:33:31,22.9,52.8,,,
06/07/2026,22:38:31,22.9,52.7,,,
06/07/2026,22:43:31,22.9,52.6,,,
06/07/2026,22:48:31,22.9,52.6,,,
06/07/2026,22:53:31,23,52.5,,,
06/07/2026,22:58:31,23,52.4,,,
06/07/2026,23:03:31,23,52.4,,,
06/07/2026,23:08:31,23,52.3,,,
06/07/2026,23:13:31,23,52.2,,,
06/07/2026,23:18:31,23.1,52.2,,,
06/07/2026,23:23:31,23,52.1,,,
06/07/2026,23:28:31,23.1,52,,,
06/07/2026,23:33:31,23.1,52,,,
06/07/2026,23:38:31,23.1,51.9,,,
06/07/2026,23:43:31,23.1,51.8,,,
06/07/2026,23:48:31,23.1,51.8,,,
06/07/2026,23:53:31,23.1,51.7,,,
06/07/2026,23:58:31,23.1,51.7,,,
06/08/2026,00:03:31,23.1,51.6,,,
06/08/2026,00:08:31,23.1,51.6,,,
06/08/2026,00:13:31,23.1,51.5,,,
06/08/2026,00:18:31,23.1,51.5,,,
06/08/2026,00:23:31,23.1,51.4,,,
06/08/2026,00:28:31,23.1,51.4,,,
06/08/2026,00:33:31,23.1,51.4,,,
06/08/2026,00:38:31,23.1,51.4,,,
06/08/2026,00:43:31,23.2,51.3,,,
06/08/2026,00:48:31,23.1,51.3,,,
06/08/2026,00:53:31,23.2,51.2,,,
06/08/2026,00:58:31,23.2,51.1,,,
06/08/2026,01:03:31,23.2,51.1,,,
06/08/2026,01:08:31,23.2,51,,,
06/08/2026,01:13:31,23.2,51,,,
06/08/2026,01:18:31,23.2,51,,,
06/08/2026,01:23:31,23.2,50.9,,,
06/08/2026,01:28:31,23.2,50.9,,,
06/08/2026,01:33:31,23.2,50.9,,,
06/08/2026,01:38:31,23.2,50.8,,,
06/08/2026,01:43:31,23.3,50.8,,,
06/08/2026,01:48:31,23.2,50.7,,,
06/08/2026,01:53:31,23.3,50.7,,,
06/08/2026,01:58:31,23.3,50.7,,,
06/08/2026,02:03:31,23.3,50.6,,,
06/08/2026,02:08:31,23.3,50.5,,,
06/08/2026,02:13:31,23.3,50.5,,,
06/08/2026,02:18:31,23.3,50.4,,,
06/08/2026,02:23:31,23.3,50.3,,,
06/08/2026,02:28:31,23.3,50.4,,,
06/08/2026,02:33:31,23.3,50.3,,,
06/08/2026,02:38:31,23.3,50.3,,,
06/08/2026,02:43:31,23.3,50.3,,,
06/08/2026,02:48:31,23.3,50.3,,,
06/08/2026,02:53:31,23.3,50.3,,,
06/08/2026,02:58:31,23.3,50.2,,,
06/08/2026,03:03:31,23.3,50.2,,,
06/08/2026,03:08:31,23.3,50.1,,,
06/08/2026,03:13:31,23.3,50.1,,,
06/08/2026,03:18:31,23.3,50,,,
06/08/2026,03:23:31,23.3,50,,,
06/08/2026,03:28:31,23.3,50,,,
06/08/2026,03:33:31,23.3,49.9,,,
06/08/2026,03:38:31,23.3,49.9,,,
06/08/2026,03:43:31,23.3,49.9,,,
06/08/2026,03:48:31,23.3,49.8,,,
06/08/2026,03:53:31,23.3,49.8,,,
06/08/2026,03:58:31,23.3,49.8,,,
06/08/2026,04:03:31,23.3,49.7,,,
06/08/2026,04:08:31,23.3,49.7,,,
06/08/2026,04:13:31,23.3,49.7,,,
06/08/2026,04:18:31,23.3,49.7,,,
06/08/2026,04:23:31,23.3,49.7,,,
06/08/2026,04:28:31,23.3,49.7,,,
06/08/2026,04:33:31,23.3,49.7,,,
06/08/2026,04:38:31,23.4,49.7,,,
06/08/2026,04:43:31,23.3,49.7,,,
06/08/2026,04:48:31,23.4,49.6,,,
06/08/2026,04:53:31,23.4,49.6,,,
06/08/2026,04:58:31,23.4,49.6,,,
06/08/2026,05:03:31,23.4,49.5,,,
06/08/2026,05:08:31,23.4,49.6,,,
06/08/2026,05:13:31,23.4,49.6,,,
06/08/2026,05:18:31,23.4,49.6,,,
06/08/2026,05:23:31,23.4,49.5,,,
06/08/2026,05:28:31,23.4,49.5,,,
06/08/2026,05:33:31,23.4,49.5,,,
06/08/2026,05:38:31,23.4,49.5,,,
06/08/2026,05:43:31,23.4,49.5,,,
06/08/2026,05:48:31,23.4,49.5,,,
06/08/2026,05:53:31,23.4,49.5,,,
06/08/2026,05:58:31,23.4,49.5,,,
06/08/2026,06:03:31,23.4,49.5,,,
06/08/2026,06:08:31,23.4,49.5,,,
06/08/2026,06:13:31,23.4,49.4,,,
06/08/2026,06:18:31,23.4,49.5,,,
06/08/2026,06:23:31,23.5,49.5,,,
06/08/2026,06:28:31,23.5,49.5,,,
06/08/2026,06:33:31,23.5,49.5,,,
06/08/2026,06:38:31,23.5,49.5,,,
06/08/2026,06:43:31,23.5,49.5,,,
06/08/2026,06:48:31,23.5,49.5,,,
06/08/2026,06:53:31,23.5,49.5,,,
06/08/2026,06:58:31,23.5,49.5,,,
06/08/2026,07:03:31,23.5,49.5,,,
06/08/2026,07:08:31,23.5,49.6,,,
06/08/2026,07:13:31,23.5,49.6,,,
06/08/2026,07:18:31,23.5,49.6,,,
06/08/2026,07:23:31,23.4,49.6,,,
06/08/2026,07:28:31,23.4,49.7,,,
06/08/2026,07:33:31,23.4,49.7,,,
06/08/2026,07:38:31,23.4,49.8,,,
06/08/2026,07:43:31,23.4,49.8,,,
06/08/2026,07:48:31,23.3,49.8,,,
06/08/2026,07:53:31,23.3,49.9,,,
06/08/2026,07:58:31,23.4,50,,,
06/08/2026,08:03:31,23.3,50,,,
06/08/2026,08:08:31,23.3,50,,,
06/08/2026,08:13:31,23.3,50,,,
06/08/2026,08:18:31,23.3,50,,,
06/08/2026,08:23:31,23.3,50,,,
06/08/2026,08:28:31,23.3,50,,,
06/08/2026,08:33:31,23.3,50.1,,,
06/08/2026,08:38:31,23.3,50.1,,,
06/08/2026,08:43:31,23.3,50.1,,,
06/08/2026,08:48:31,23.3,50.1,,,
06/08/2026,08:53:31,23.3,50.1,,,
06/08/2026,08:58:31,23.2,50.2,,,
06/08/2026,09:03:31,23.2,50.2,,,
06/08/2026,09:08:31,23.2,50.2,,,
06/08/2026,09:13:31,23.2,50.3,,,
06/08/2026,09:18:31,23.2,50.3,,,
06/08/2026,09:23:31,23.2,50.3,,,
06/08/2026,09:28:31,23.2,50.3,,,
06/08/2026,09:33:31,23.2,50.4,,,
06/08/2026,09:38:31,23.2,50.5,,,
06/08/2026,09:43:31,23.2,50.6,,,
06/08/2026,09:48:31,23.2,50.7,,,
06/08/2026,09:53:31,23.2,50.8,,,
06/08/2026,09:58:31,23.2,50.8,,,
06/08/2026,10:03:31,23.2,50.9,,,
06/08/2026,10:08:31,23.3,51,,,
06/08/2026,10:13:31,23.3,51,,,
06/08/2026,10:18:31,23.3,51.1,,,
06/08/2026,10:23:31,23.3,51.2,,,
06/08/2026,10:28:31,23.3,51.2,,,
06/08/2026,10:33:31,23.3,51.2,,,
06/08/2026,10:38:31,23.4,52.8,,,
06/08/2026,10:43:31,23.4,52,,,
06/08/2026,10:51:13,23.1,54.9
06/08/2026,10:56:13,24.1,55.9
06/08/2026,11:01:13,24.0,57.3
06/08/2026,11:06:13,23.9,57.6
06/08/2026,11:11:13,23.8,57.0
06/08/2026,11:16:13,23.7,57.6
06/08/2026,11:21:13,23.7,57.1
06/08/2026,11:26:13,23.7,57.8
06/08/2026,11:31:13,23.6,57.4
06/08/2026,11:36:13,23.6,57.2
06/08/2026,11:41:13,23.6,57.0
06/08/2026,11:46:13,23.5,56.9
06/08/2026,11:51:13,23.4,56.8
06/08/2026,11:56:13,23.4,56.6
06/08/2026,12:01:13,23.3,56.5
06/08/2026,12:06:13,23.3,56.4
06/08/2026,12:11:13,23.2,56.4
06/08/2026,12:16:13,23.2,56.3
06/08/2026,12:21:13,23.1,56.3
06/08/2026,12:26:13,23.1,56.3
06/08/2026,12:31:13,23.0,56.3
06/08/2026,12:36:13,23.0,56.2
06/08/2026,12:41:13,23.0,56.2
06/08/2026,12:46:13,22.9,56.2
06/08/2026,12:51:13,22.9,56.2
06/08/2026,12:56:13,22.9,56.1
06/08/2026,13:01:13,22.8,56.2
06/08/2026,13:06:13,22.8,56.1
06/08/2026,13:11:13,22.8,56.1
06/08/2026,13:16:13,22.7,56.2
06/08/2026,13:21:13,22.7,56.2
06/08/2026,13:26:13,22.7,56.2
06/08/2026,13:31:13,22.7,56.1
06/08/2026,13:36:13,22.6,56.0
06/08/2026,13:41:13,22.6,56.1
06/08/2026,13:46:13,22.6,56.1
06/08/2026,13:51:13,22.6,56.1
06/08/2026,13:56:13,22.6,56.5
06/08/2026,14:01:13,22.7,56.0
06/08/2026,14:06:13,22.7,56.0
06/08/2026,14:11:13,22.6,55.9
06/08/2026,14:16:13,22.6,55.9
06/08/2026,14:21:13,22.6,55.9
06/08/2026,14:26:13,22.5,55.9
06/08/2026,14:31:13,22.5,55.9
06/08/2026,14:36:13,22.5,55.9
06/08/2026,14:41:13,22.5,55.9
06/08/2026,14:46:13,22.4,55.9
06/08/2026,14:51:13,22.4,55.9
06/08/2026,14:56:13,22.4,55.9
06/08/2026,15:01:13,22.3,55.9
06/08/2026,15:06:13,22.3,55.9
06/08/2026,15:11:13,22.3,55.9
06/08/2026,15:16:13,22.3,55.9
06/08/2026,15:21:13,22.3,55.9
06/08/2026,15:26:13,22.2,55.9
06/08/2026,15:31:13,22.2,55.9
06/08/2026,15:36:13,22.2,55.9
06/08/2026,15:41:13,22.2,55.9
06/08/2026,15:46:13,22.1,56.0
06/08/2026,15:51:13,22.1,56.0
06/08/2026,15:56:13,22.1,56.0
06/08/2026,16:01:13,22.1,56.0
06/08/2026,16:06:13,22.1,56.0
06/08/2026,16:11:13,22.1,56.0
06/08/2026,16:16:13,22.1,56.0
06/08/2026,16:21:13,22.1,56.0
06/08/2026,16:26:13,22.0,56.1
06/08/2026,16:31:13,22.0,56.1
06/08/2026,16:36:13,22.0,56.1
06/08/2026,16:41:13,22.0,56.0
06/08/2026,16:46:13,22.0,56.1
06/08/2026,16:51:13,22.0,56.1
06/08/2026,16:56:13,22.0,56.0
06/08/2026,17:01:13,22.0,56.2
06/08/2026,17:06:13,22.0,56.1
06/08/2026,17:11:13,22.0,56.1
06/08/2026,17:16:13,22.0,56.1
06/08/2026,17:21:13,22.0,56.2
06/08/2026,17:26:13,22.0,56.2
06/08/2026,17:31:13,22.0,56.2
06/08/2026,17:36:13,22.0,56.1
06/08/2026,17:41:13,21.9,56.1
06/08/2026,17:46:13,22.0,56.1
06/08/2026,17:51:13,22.0,56.2
06/08/2026,17:56:13,21.9,56.2
06/08/2026,18:01:13,21.9,56.2
06/08/2026,18:06:13,21.9,56.2
06/08/2026,18:11:13,21.9,56.1
06/08/2026,18:16:13,21.9,56.1
06/08/2026,18:21:13,21.9,56.0
06/08/2026,18:26:13,21.9,56.0
06/08/2026,18:31:13,21.9,56.0
06/08/2026,18:36:13,21.9,56.1
06/08/2026,18:41:13,21.9,56.1
06/08/2026,18:46:13,21.9,56.0
06/08/2026,18:51:13,21.9,56.0
06/08/2026,18:56:13,21.9,56.0
06/08/2026,19:01:13,21.9,56.0
06/08/2026,19:06:13,21.9,56.0
06/08/2026,19:11:13,21.9,55.9
06/08/2026,19:16:13,21.8,56.0
06/08/2026,19:21:13,21.8,55.9
06/08/2026,19:26:13,21.8,56.0
06/08/2026,19:31:13,21.8,55.9
06/08/2026,19:36:13,21.8,56.0
06/08/2026,19:41:13,21.8,56.0
06/08/2026,19:46:13,21.8,56.0
06/08/2026,19:51:13,21.8,56.0
06/08/2026,19:56:13,21.8,56.0
06/08/2026,20:01:13,21.8,56.0
06/08/2026,20:06:13,21.8,56.0
06/08/2026,20:11:13,21.8,56.0
06/08/2026,20:16:13,21.7,56.1
06/08/2026,20:21:13,21.7,56.1
06/08/2026,20:26:13,21.7,56.1
06/08/2026,20:31:13,21.7,56.1
06/08/2026,20:36:13,21.7,56.2
06/08/2026,20:41:13,21.7,56.2
06/08/2026,20:46:13,21.7,56.2
06/08/2026,20:51:13,21.7,56.2
06/08/2026,20:56:13,21.6,56.2
06/08/2026,21:01:13,21.7,56.3
06/08/2026,21:06:13,21.6,56.3
06/08/2026,21:11:13,21.6,56.2
06/08/2026,21:16:13,21.6,56.2
06/08/2026,21:21:13,21.6,56.2
06/08/2026,21:26:13,21.6,56.2
06/08/2026,21:31:13,21.6,56.1
06/08/2026,21:36:13,21.5,56.2
06/08/2026,21:41:13,21.5,56.2
06/08/2026,21:46:13,21.5,56.2
06/08/2026,21:51:13,21.5,56.1
06/08/2026,21:56:13,21.5,56.1
06/08/2026,22:01:13,21.5,56.1
06/08/2026,22:06:13,21.4,56.1
06/08/2026,22:11:13,21.4,56.1
06/08/2026,22:16:13,21.4,56.0
06/08/2026,22:21:13,21.4,56.0
06/08/2026,22:26:13,21.4,56.0
06/08/2026,22:31:13,21.4,55.9
06/08/2026,22:36:13,21.3,55.9
06/08/2026,22:41:13,21.3,55.9
06/08/2026,22:46:13,21.3,55.9
06/08/2026,22:51:13,21.3,55.8
06/08/2026,22:56:13,21.3,55.8
06/08/2026,23:01:13,21.2,55.7
06/08/2026,23:06:13,21.2,55.7
06/08/2026,23:11:13,21.2,55.7
06/08/2026,23:16:13,21.2,55.7
06/08/2026,23:21:13,21.1,55.6
06/08/2026,23:26:13,21.1,55.6
06/08/2026,23:31:13,21.1,55.6
06/08/2026,23:36:13,21.1,55.6
06/08/2026,23:41:13,21.1,55.6
06/08/2026,23:46:13,21.0,55.6
06/08/2026,23:51:13,21.0,55.5
06/08/2026,23:56:13,21.0,55.5
06/09/2026,00:01:13,21.0,55.4
06/09/2026,00:06:13,20.9,55.4
06/09/2026,00:11:13,20.9,55.4
06/09/2026,00:16:13,20.9,55.3
06/09/2026,00:21:13,20.9,55.2
06/09/2026,00:26:13,20.9,55.2
06/09/2026,00:31:13,20.8,55.2
06/09/2026,00:36:13,20.8,55.1
06/09/2026,00:41:13,20.8,55.0
06/09/2026,00:46:13,20.7,55.0
06/09/2026,00:51:13,20.7,54.9
06/09/2026,00:56:13,20.7,54.8
06/09/2026,01:01:13,20.6,54.7
06/09/2026,01:06:13,20.7,54.7
06/09/2026,01:11:13,20.6,54.6
06/09/2026,01:16:13,20.6,54.6
06/09/2026,01:21:13,20.6,54.5
06/09/2026,01:26:13,20.5,54.5
06/09/2026,01:31:13,20.5,54.4
06/09/2026,01:36:13,20.5,54.4
06/09/2026,01:41:13,20.5,54.3
06/09/2026,01:46:13,20.4,54.3
06/09/2026,01:51:13,20.4,54.2
06/09/2026,01:56:13,20.4,54.2
06/09/2026,02:01:13,20.4,54.2
06/09/2026,02:06:13,20.3,54.1
06/09/2026,02:11:13,20.3,54.1
06/09/2026,02:16:13,20.3,54.0
06/09/2026,02:21:13,20.3,54.0
06/09/2026,02:26:13,20.3,53.9
06/09/2026,02:31:13,20.2,53.8
06/09/2026,02:36:13,20.2,53.8
06/09/2026,02:41:13,20.2,53.8
06/09/2026,02:46:13,20.2,53.7
06/09/2026,02:51:13,20.1,53.6
06/09/2026,02:56:13,20.1,53.5
06/09/2026,03:01:13,20.1,53.5
06/09/2026,03:06:13,20.1,53.4
06/09/2026,03:11:13,20.1,53.4
06/09/2026,03:16:13,20.0,53.3
06/09/2026,03:21:13,20.0,53.3
06/09/2026,03:26:13,20.0,53.3
06/09/2026,03:31:13,20.0,53.2
06/09/2026,03:36:13,19.9,53.1
06/09/2026,03:41:13,19.9,53.1
06/09/2026,03:46:13,19.9,53.0
06/09/2026,03:51:13,19.8,53.0
06/09/2026,03:56:13,19.8,53.0
06/09/2026,04:01:13,19.8,53.0
06/09/2026,04:06:13,19.8,52.9
06/09/2026,04:11:13,19.7,52.9
06/09/2026,04:16:13,19.7,52.9
06/09/2026,04:21:13,19.7,52.9
06/09/2026,04:26:13,19.7,52.9
06/09/2026,04:31:13,19.6,52.9
06/09/2026,04:36:13,19.6,52.8
06/09/2026,04:41:13,19.6,52.8
06/09/2026,04:46:13,19.5,52.8
06/09/2026,04:51:13,19.6,52.8
06/09/2026,04:56:13,19.5,52.7
06/09/2026,05:01:13,19.5,52.7
06/09/2026,05:06:13,19.5,52.7
06/09/2026,05:11:13,19.5,52.7
06/09/2026,05:16:13,19.4,52.6
06/09/2026,05:21:13,19.4,52.6
06/09/2026,05:26:13,19.4,52.6
06/09/2026,05:31:13,19.3,52.6
06/09/2026,05:36:13,19.3,52.6
06/09/2026,05:41:13,19.3,52.5
06/09/2026,05:46:13,19.3,52.6
06/09/2026,05:51:13,19.3,52.5
06/09/2026,05:56:13,19.3,52.5
06/09/2026,06:01:13,19.3,52.5
06/09/2026,06:06:13,19.2,52.5
06/09/2026,06:11:13,19.2,52.5
06/09/2026,06:16:13,19.2,52.5
06/09/2026,06:21:13,19.2,52.5
06/09/2026,06:26:13,19.2,52.6
06/09/2026,06:31:13,19.2,52.5
06/09/2026,06:36:13,19.2,52.5
06/09/2026,06:41:13,19.2,52.5
06/09/2026,06:46:13,19.2,52.5
06/09/2026,06:51:13,19.2,52.5
06/09/2026,06:56:13,19.2,52.5
06/09/2026,07:01:13,19.2,52.5
06/09/2026,07:06:13,19.2,52.5
06/09/2026,07:11:13,19.2,52.5
06/09/2026,07:16:13,19.2,52.6
06/09/2026,07:21:13,19.2,52.6
06/09/2026,07:26:13,19.2,52.6
06/09/2026,07:31:13,19.2,52.6
06/09/2026,07:36:13,19.2,52.5
06/09/2026,07:41:13,19.2,52.5
06/09/2026,07:46:13,19.2,52.6
06/09/2026,07:51:13,19.3,52.5
06/09/2026,07:56:13,19.3,52.5
06/09/2026,08:01:13,19.3,52.5
06/09/2026,08:06:13,19.3,52.5
06/09/2026,08:11:13,19.3,52.5
06/09/2026,08:16:13,19.3,52.5
06/09/2026,08:21:13,19.3,52.5
06/09/2026,08:26:13,19.3,52.5
06/09/2026,08:31:13,19.3,52.4
06/09/2026,08:36:13,19.4,52.5
06/09/2026,08:41:13,19.4,52.5
06/09/2026,08:46:13,19.4,52.5
06/09/2026,08:51:13,19.4,52.5
06/09/2026,08:56:13,19.4,52.5
06/09/2026,09:01:13,19.4,52.5
06/09/2026,09:06:13,19.4,52.5
06/09/2026,09:11:13,19.4,52.5
06/09/2026,09:16:13,19.4,52.6
06/09/2026,09:21:13,19.5,52.5
06/09/2026,09:26:13,19.5,52.6
06/09/2026,09:31:13,19.5,52.5
06/09/2026,09:36:13,19.5,52.5
06/09/2026,09:41:13,19.5,52.5
06/09/2026,09:46:13,19.5,52.5
06/09/2026,09:51:13,19.5,52.5
06/09/2026,09:56:13,19.6,52.5
06/09/2026,10:01:13,19.6,52.5
06/09/2026,10:06:13,19.6,52.5
06/09/2026,10:11:13,19.6,52.5
06/09/2026,10:16:13,19.6,52.5
06/09/2026,10:21:13,19.6,52.5
06/09/2026,10:26:13,19.6,52.4
06/09/2026,10:31:13,19.6,52.5
06/09/2026,10:36:13,19.6,52.5
06/09/2026,10:41:13,19.6,52.5
06/09/2026,10:46:13,19.6,52.5
06/09/2026,10:51:13,19.6,52.4
06/09/2026,10:56:13,19.6,52.4
06/09/2026,11:01:13,19.6,52.4
06/09/2026,11:06:13,19.6,52.4
06/09/2026,11:11:13,19.6,52.3
06/09/2026,11:16:13,19.6,52.3
06/09/2026,11:21:13,19.6,52.3
06/09/2026,11:26:13,19.6,52.3
06/09/2026,11:31:13,19.7,52.3
06/09/2026,11:36:13,19.7,52.2
06/09/2026,11:41:13,19.7,52.2
06/09/2026,11:46:13,19.6,52.2
06/09/2026,11:51:13,19.6,52.2
06/09/2026,11:56:13,19.7,52.2
06/09/2026,12:01:13,19.7,52.2
06/09/2026,12:06:13,19.7,52.2
06/09/2026,12:11:13,19.7,52.2
06/09/2026,12:16:13,19.7,52.2
06/09/2026,12:21:13,19.7,52.1
06/09/2026,12:26:13,19.7,52.1
06/09/2026,12:31:13,19.7,52.1
06/09/2026,12:36:13,19.7,52.2
06/09/2026,12:41:13,19.7,52.2
06/09/2026,12:46:13,19.7,52.2
06/09/2026,12:51:13,19.7,52.3
06/09/2026,12:56:13,19.7,52.3
06/09/2026,13:01:13,19.8,52.3
06/09/2026,13:06:13,19.8,52.3
06/09/2026,13:11:13,19.8,52.4
06/09/2026,13:16:13,19.8,52.4
06/09/2026,13:21:13,19.8,52.4
06/09/2026,13:26:13,19.9,52.4
06/09/2026,13:31:13,19.8,52.3
06/09/2026,13:36:13,19.8,52.3
06/09/2026,13:41:13,19.9,52.4
06/09/2026,13:46:13,19.8,52.3
06/09/2026,13:51:13,19.9,52.3
06/09/2026,13:56:13,19.9,52.3
06/09/2026,14:01:13,19.9,52.2
06/09/2026,14:06:13,19.9,52.3
06/09/2026,14:11:13,19.9,52.3
06/09/2026,14:16:13,19.9,52.3
06/09/2026,14:21:13,19.9,52.3
06/09/2026,14:26:13,19.9,52.2
06/09/2026,14:31:13,19.9,52.2
06/09/2026,14:36:13,19.9,52.3
06/09/2026,14:41:13,19.9,52.3
06/09/2026,14:46:13,19.9,52.3
06/09/2026,14:51:13,19.9,52.3
06/09/2026,14:56:13,19.9,52.4
06/09/2026,15:01:13,20.0,52.4
06/09/2026,15:06:13,20.0,52.4
06/09/2026,15:11:13,20.0,52.4
06/09/2026,15:16:13,20.0,52.4
06/09/2026,15:21:13,20.0,52.5
06/09/2026,15:26:13,20.0,52.5
06/09/2026,15:31:13,20.0,52.5
06/09/2026,15:36:13,20.0,52.5
06/09/2026,15:41:13,20.1,52.4
06/09/2026,15:46:13,20.0,52.5
06/09/2026,15:51:13,20.1,52.5
06/09/2026,15:56:13,20.1,52.4
06/09/2026,16:01:13,20.1,52.4
06/09/2026,16:06:13,20.1,52.4
06/09/2026,16:11:13,20.1,52.3
06/09/2026,16:16:13,20.1,52.2
06/09/2026,16:21:13,20.1,52.1
06/09/2026,16:26:13,20.1,52.2
06/09/2026,16:31:13,20.1,52.2
06/09/2026,16:36:13,20.1,52.1
06/09/2026,16:41:13,20.1,52.1
06/09/2026,16:46:13,20.2,52.1
06/09/2026,16:51:13,20.2,52.1
06/09/2026,16:56:13,20.2,52.1
06/09/2026,17:01:13,20.2,52.0
06/09/2026,17:06:13,20.2,52.0
06/09/2026,17:11:13,20.2,52.0
06/09/2026,17:16:13,20.2,52.0
06/09/2026,17:21:13,20.2,52.0
06/09/2026,17:26:13,20.2,51.9
06/09/2026,17:31:13,20.2,51.9
06/09/2026,17:36:13,20.2,51.9
06/09/2026,17:41:13,20.2,51.9
06/09/2026,17:46:13,20.2,51.9
06/09/2026,17:51:13,20.2,51.8
06/09/2026,17:56:13,20.2,51.8
06/09/2026,18:01:13,20.2,51.8
06/09/2026,18:06:13,20.2,51.7
06/09/2026,18:11:13,20.2,51.7
06/09/2026,18:16:13,20.2,51.7
06/09/2026,18:21:13,20.2,51.7
06/09/2026,18:26:13,20.2,51.7
06/09/2026,18:31:13,20.2,51.7
06/09/2026,18:36:13,20.2,51.7
06/09/2026,18:41:13,20.2,51.7
06/09/2026,18:46:13,20.2,51.7
06/09/2026,18:51:13,20.2,51.6
06/09/2026,18:56:13,20.2,51.7
06/09/2026,19:01:13,20.2,51.7
06/09/2026,19:06:13,20.3,51.7
06/09/2026,19:11:13,20.2,51.7
06/09/2026,19:16:13,20.3,51.8
06/09/2026,19:21:13,20.3,51.8
06/09/2026,19:26:13,20.3,51.7
06/09/2026,19:31:13,20.3,51.8
06/09/2026,19:36:13,20.3,51.9
06/09/2026,19:41:13,20.3,51.9
06/09/2026,19:46:13,20.3,51.8
06/09/2026,19:51:13,20.3,51.9
06/09/2026,19:56:13,20.4,51.9
06/09/2026,20:01:13,20.4,51.8
06/09/2026,20:06:13,20.4,51.8
06/09/2026,20:11:13,20.4,51.8
06/09/2026,20:16:13,20.4,51.9
06/09/2026,20:21:13,20.4,51.8
06/09/2026,20:26:13,20.4,51.8
06/09/2026,20:31:13,20.4,51.8
06/09/2026,20:36:13,20.4,51.8
06/09/2026,20:41:13,20.4,51.8
06/09/2026,20:46:13,20.4,51.7
06/09/2026,20:51:13,20.4,51.7
06/09/2026,20:56:13,20.4,51.6
06/09/2026,21:01:13,20.4,51.6
06/09/2026,21:06:13,20.4,51.5
06/09/2026,21:11:13,20.4,51.3
06/09/2026,21:16:13,20.4,51.3
06/09/2026,21:21:13,20.4,51.2
06/09/2026,21:26:13,20.3,51.1
06/09/2026,21:31:13,20.3,51.1
06/09/2026,21:36:13,20.3,51.0
06/09/2026,21:41:13,20.3,51.0
06/09/2026,21:46:13,20.3,50.9
06/09/2026,21:51:13,20.3,50.9
06/09/2026,21:56:13,20.3,50.8
06/09/2026,22:01:13,20.2,50.8
06/09/2026,22:06:13,20.2,50.8
06/09/2026,22:11:13,20.2,50.7
06/09/2026,22:16:13,20.2,50.7
06/09/2026,22:21:13,20.2,50.7
06/09/2026,22:26:13,20.2,50.6
06/09/2026,22:31:13,20.1,50.6
06/09/2026,22:36:13,20.1,50.6
06/09/2026,22:41:13,20.1,50.6
06/09/2026,22:46:13,20.1,50.6
06/09/2026,22:51:13,20.1,50.6
06/09/2026,22:56:13,20.1,50.5
06/09/2026,23:01:13,20.0,50.6
06/09/2026,23:06:13,20.0,50.5
06/09/2026,23:11:13,20.0,50.5
06/09/2026,23:16:13,20.0,50.5
06/09/2026,23:21:13,20.0,50.5
06/09/2026,23:26:13,19.9,50.5
06/09/2026,23:31:13,19.9,50.5
06/09/2026,23:36:13,19.9,50.5
06/09/2026,23:41:13,19.9,50.4
06/09/2026,23:46:13,19.9,50.4
06/09/2026,23:51:13,19.9,50.4
06/09/2026,23:56:13,19.9,50.4
06/10/2026,00:01:13,19.9,50.4
06/10/2026,00:06:13,19.8,50.4
06/10/2026,00:11:13,19.8,50.3
06/10/2026,00:16:13,19.8,50.3
06/10/2026,00:21:13,19.8,50.4
06/10/2026,00:26:13,19.8,50.4
06/10/2026,00:31:13,19.8,50.4
06/10/2026,00:36:13,19.7,50.3
06/10/2026,00:41:13,19.7,50.3
06/10/2026,00:46:13,19.7,50.3
06/10/2026,00:51:13,19.7,50.3
06/10/2026,00:56:13,19.7,50.3
06/10/2026,01:01:13,19.6,50.3
06/10/2026,01:06:13,19.6,50.2
06/10/2026,01:11:13,19.6,50.2
06/10/2026,01:16:13,19.6,50.3
06/10/2026,01:21:13,19.6,50.3
06/10/2026,01:26:13,19.5,50.3
06/10/2026,01:31:13,19.5,50.3
06/10/2026,01:36:13,19.5,50.3
06/10/2026,01:41:13,19.5,50.2
06/10/2026,01:46:13,19.5,50.3
06/10/2026,01:51:13,19.4,50.3
06/10/2026,01:56:13,19.4,50.3
06/10/2026,02:01:13,19.4,50.3
06/10/2026,02:06:13,19.4,50.3
06/10/2026,02:11:13,19.4,50.3
06/10/2026,02:16:13,19.4,50.3
06/10/2026,02:21:13,19.3,50.3
06/10/2026,02:26:13,19.3,50.3
06/10/2026,02:31:13,19.3,50.3
06/10/2026,02:36:13,19.3,50.2
06/10/2026,02:41:13,19.3,50.3
06/10/2026,02:46:13,19.2,50.2
06/10/2026,02:51:13,19.2,50.3
06/10/2026,02:56:13,19.2,50.3
06/10/2026,03:01:13,19.2,50.3
06/10/2026,03:06:13,19.2,50.3
06/10/2026,03:11:13,19.2,50.3
06/10/2026,03:16:13,19.1,50.2
06/10/2026,03:21:13,19.1,50.3
06/10/2026,03:26:13,19.1,50.3
06/10/2026,03:31:13,19.1,50.3
06/10/2026,03:36:13,19.1,50.3
06/10/2026,03:41:13,19.1,50.3
06/10/2026,03:46:13,19.0,50.3
06/10/2026,03:51:13,19.0,50.3
06/10/2026,03:56:13,19.0,50.3
06/10/2026,04:01:13,19.0,50.3
06/10/2026,04:06:13,19.0,50.3
06/10/2026,04:11:13,19.0,50.3
06/10/2026,04:16:13,19.0,50.3
06/10/2026,04:21:13,18.9,50.3
06/10/2026,04:26:13,18.9,50.3
06/10/2026,04:31:13,18.9,50.3
06/10/2026,04:36:13,18.9,50.3
06/10/2026,04:41:13,18.9,50.3
06/10/2026,04:46:13,18.9,50.3
06/10/2026,04:51:13,18.9,50.3
06/10/2026,04:56:13,18.8,50.3
06/10/2026,05:01:13,18.8,50.3
06/10/2026,05:06:13,18.8,50.3
06/10/2026,05:11:13,18.8,50.3
06/10/2026,05:16:13,18.8,50.4
06/10/2026,05:21:13,18.8,50.3
06/10/2026,05:26:13,18.8,50.4
06/10/2026,05:31:13,18.7,50.4
06/10/2026,05:36:13,18.7,50.3
06/10/2026,05:41:13,18.7,50.4
06/10/2026,05:46:13,18.7,50.4
06/10/2026,05:51:13,18.7,50.4
06/10/2026,05:56:13,18.7,50.4
06/10/2026,06:01:13,18.7,50.4
06/10/2026,06:06:13,18.7,50.4
06/10/2026,06:11:13,18.6,50.4
06/10/2026,06:16:13,18.6,50.4
06/10/2026,06:21:13,18.6,50.4
06/10/2026,06:26:13,18.6,50.5
06/10/2026,06:31:13,18.6,50.5
06/10/2026,06:36:13,18.6,50.6
06/10/2026,06:41:13,18.6,50.5
06/10/2026,06:46:13,18.6,50.5
06/10/2026,06:51:13,18.6,50.5
06/10/2026,06:56:13,18.6,50.6
06/10/2026,07:01:13,18.6,50.5
06/10/2026,07:06:13,18.6,50.6
06/10/2026,07:11:13,18.6,50.6
06/10/2026,07:16:13,18.6,50.6
06/10/2026,07:21:13,18.6,50.6
06/10/2026,07:26:13,18.6,50.6
06/10/2026,07:31:13,18.6,50.6
06/10/2026,07:36:13,18.6,50.6
06/10/2026,07:41:13,18.6,50.6
06/10/2026,07:46:13,18.6,50.6
06/10/2026,07:51:13,18.6,50.6
06/10/2026,07:56:13,18.6,50.6
06/10/2026,08:01:13,18.7,50.6
06/10/2026,08:06:13,18.7,50.6
06/10/2026,08:11:13,18.7,50.6
06/10/2026,08:16:13,18.7,50.7
06/10/2026,08:21:13,18.7,50.6
06/10/2026,08:26:13,18.7,50.6
06/10/2026,08:31:13,18.7,50.6
06/10/2026,08:36:13,18.7,50.7
06/10/2026,08:41:13,18.7,50.7
06/10/2026,08:46:13,18.7,50.7
06/10/2026,08:51:13,18.7,50.7
06/10/2026,08:56:13,18.7,50.7
06/10/2026,09:01:13,18.7,50.7
06/10/2026,09:06:13,18.8,50.7
06/10/2026,09:11:13,18.8,50.7
06/10/2026,09:16:13,18.8,50.7
06/10/2026,09:21:13,18.8,50.7
06/10/2026,09:26:13,18.8,50.7
06/10/2026,09:31:13,18.8,50.7
06/10/2026,09:36:13,18.8,50.7
06/10/2026,09:41:13,18.8,50.9
06/10/2026,09:46:13,18.8,50.9
06/10/2026,09:51:13,18.9,51.0
06/10/2026,09:56:13,18.9,51.1
06/10/2026,10:01:13,18.9,51.1
06/10/2026,10:06:13,18.9,51.2
06/10/2026,10:11:13,18.9,51.2
06/10/2026,10:16:13,18.9,51.3
06/10/2026,10:21:13,19.0,51.4
06/10/2026,10:26:13,19.0,51.4
06/10/2026,10:31:13,19.0,51.5
06/10/2026,10:36:13,19.0,51.5
06/10/2026,10:41:13,19.0,51.5
06/10/2026,10:46:13,19.1,51.5
06/10/2026,10:51:13,19.1,51.5
06/10/2026,10:56:13,19.1,51.5
06/10/2026,11:01:13,19.1,51.5
06/10/2026,11:06:13,19.1,51.5
06/10/2026,11:11:13,19.1,51.5
06/10/2026,11:16:13,19.2,51.5
06/10/2026,11:21:13,19.2,51.4
06/10/2026,11:26:13,19.2,51.5
06/10/2026,11:31:13,19.2,51.5
06/10/2026,11:36:13,19.2,51.5
06/10/2026,11:41:13,19.2,51.5
06/10/2026,11:46:13,19.2,51.5
06/10/2026,11:51:13,19.2,51.5
06/10/2026,11:56:13,19.2,51.4
06/10/2026,12:01:13,19.2,51.5
06/10/2026,12:06:13,19.2,51.5
06/10/2026,12:11:13,19.2,51.4
06/10/2026,12:16:13,19.2,51.4
06/10/2026,12:21:13,19.2,51.4
06/10/2026,12:26:13,19.2,51.4
06/10/2026,12:31:13,19.2,51.5
06/10/2026,12:36:13,19.2,51.5
06/10/2026,12:41:13,19.2,51.5
06/10/2026,12:46:13,19.2,51.5
06/10/2026,12:51:13,19.2,51.5
06/10/2026,12:56:13,19.2,51.5
06/10/2026,13:01:13,19.2,51.6
06/10/2026,13:06:13,19.2,51.6
06/10/2026,13:11:13,19.2,51.6
06/10/2026,13:16:13,19.2,51.7
06/10/2026,13:21:13,19.2,51.7
06/10/2026,13:26:13,19.2,51.7
06/10/2026,13:31:13,19.2,51.7
06/10/2026,13:36:13,19.2,51.7
06/10/2026,13:41:13,19.2,51.8
06/10/2026,13:46:13,19.2,51.8
06/10/2026,13:51:13,19.2,51.8
06/10/2026,13:56:13,19.2,51.8
06/10/2026,14:01:13,19.3,51.8
06/10/2026,14:06:13,19.3,51.8
06/10/2026,14:11:13,19.3,51.9
06/10/2026,14:16:13,19.3,51.9
06/10/2026,14:21:13,19.3,51.9
06/10/2026,14:26:13,19.3,51.9
06/10/2026,14:31:13,19.3,51.9
06/10/2026,14:36:13,19.3,51.9
06/10/2026,14:41:13,19.4,52.0
06/10/2026,14:46:13,19.4,52.0
06/10/2026,14:51:13,19.4,52.0
06/10/2026,14:56:13,19.4,52.0
06/10/2026,15:01:13,19.4,52.0
06/10/2026,15:06:13,19.4,52.1
06/10/2026,15:11:13,19.4,52.1
06/10/2026,15:16:13,19.4,52.1
06/10/2026,15:21:13,19.4,52.1
06/10/2026,15:26:13,19.4,52.2
06/10/2026,15:31:13,19.4,52.3
06/10/2026,15:36:13,19.4,52.3
06/10/2026,15:41:13,19.4,52.2
06/10/2026,15:46:13,19.4,52.3
06/10/2026,15:51:13,19.4,52.3
06/10/2026,15:56:13,19.4,52.4
06/10/2026,16:01:13,19.4,52.3
06/10/2026,16:06:13,19.4,52.2
06/10/2026,16:11:13,19.4,52.3
06/10/2026,16:16:13,19.4,52.4
06/10/2026,16:21:13,19.4,52.4
06/10/2026,16:26:13,19.4,52.4
06/10/2026,16:31:13,19.4,52.3
06/10/2026,16:36:13,19.4,52.4
06/10/2026,16:41:13,19.4,52.4
06/10/2026,16:46:13,19.4,52.4
06/10/2026,16:51:13,19.3,52.3
06/10/2026,16:56:13,19.4,52.4
06/10/2026,17:01:13,19.3,52.4
06/10/2026,17:06:13,19.4,52.4
06/10/2026,17:11:13,19.4,52.4
06/10/2026,17:16:13,19.4,52.5
06/10/2026,17:21:13,19.4,52.5
06/10/2026,17:26:13,19.4,52.5
06/10/2026,17:31:13,19.4,52.6
06/10/2026,17:36:13,19.3,52.6
06/10/2026,17:41:13,19.3,52.6
06/10/2026,17:46:13,19.4,52.7
06/10/2026,17:51:13,19.3,52.7
06/10/2026,17:56:13,19.3,52.7
06/10/2026,18:01:13,19.4,52.7
06/10/2026,18:06:13,19.4,52.8
06/10/2026,18:11:13,19.3,52.8
06/10/2026,18:16:13,19.4,52.8
06/10/2026,18:21:13,19.4,52.9
06/10/2026,18:26:13,19.4,52.9
06/10/2026,18:31:13,19.4,52.9
06/10/2026,18:36:13,19.4,53.0
06/10/2026,18:41:13,19.4,53.0
06/10/2026,18:46:13,19.4,53.0
06/10/2026,18:51:13,19.4,53.1
06/10/2026,18:56:13,19.4,53.1
06/10/2026,19:01:13,19.4,53.1
06/10/2026,19:06:13,19.4,53.2
06/10/2026,19:11:13,19.5,53.3
06/10/2026,19:16:13,19.4,53.4
06/10/2026,19:21:13,19.5,53.4
06/10/2026,19:26:13,19.5,53.6
06/10/2026,19:31:13,19.5,53.8
06/10/2026,19:36:13,19.5,53.8
06/10/2026,19:41:13,19.5,53.8
06/10/2026,19:46:13,19.5,54.0
06/10/2026,19:51:13,19.6,54.1
06/10/2026,19:56:13,19.6,54.2
06/10/2026,20:01:13,19.6,54.2
06/10/2026,20:06:13,19.6,54.2
06/10/2026,20:11:13,19.6,54.2
06/10/2026,20:16:13,19.6,54.3
06/10/2026,20:21:13,19.6,54.3
06/10/2026,20:26:13,19.6,54.3
06/10/2026,20:31:13,19.6,54.3
06/10/2026,20:36:13,19.7,54.3
06/10/2026,20:41:13,19.7,54.2
06/10/2026,20:46:13,19.6,54.3
06/10/2026,20:51:13,19.6,54.2
06/10/2026,20:56:13,19.6,54.4
06/10/2026,21:01:13,19.6,54.3
06/10/2026,21:06:13,19.6,54.4
06/10/2026,21:11:13,19.6,54.4
06/10/2026,21:16:13,19.6,54.4
06/10/2026,21:21:13,19.6,54.4
06/10/2026,21:26:13,19.6,54.4
06/10/2026,21:31:13,19.6,54.4
06/10/2026,21:36:13,19.6,54.4
06/10/2026,21:41:13,19.5,54.3
06/10/2026,21:46:13,19.5,54.4
06/10/2026,21:51:13,19.5,54.4
06/10/2026,21:56:13,19.5,54.4
06/10/2026,22:01:13,19.5,54.4
06/10/2026,22:06:13,19.5,54.4
06/10/2026,22:11:13,19.5,54.4
06/10/2026,22:16:13,19.4,54.4
06/10/2026,22:21:13,19.4,54.4
06/10/2026,22:26:13,19.4,54.4
06/10/2026,22:31:13,19.4,54.4
06/10/2026,22:36:13,19.4,54.4
06/10/2026,22:41:13,19.3,54.4
06/10/2026,22:46:13,19.3,54.4
06/10/2026,22:51:13,19.3,54.4
06/10/2026,22:56:13,19.3,54.5
06/10/2026,23:01:13,19.3,54.4
06/10/2026,23:06:13,19.2,54.4
06/10/2026,23:11:13,19.2,54.4
06/10/2026,23:16:13,19.2,54.4
06/10/2026,23:21:13,19.2,54.4
06/10/2026,23:26:13,19.2,54.4
06/10/2026,23:31:13,19.2,54.4
06/10/2026,23:36:13,19.1,54.5
06/10/2026,23:41:13,19.1,54.4
06/10/2026,23:46:13,19.1,54.5
06/10/2026,23:51:13,19.1,54.4
06/10/2026,23:56:13,19.1,54.4
06/11/2026,00:01:13,19.1,54.5
06/11/2026,00:06:13,19.1,54.5
06/11/2026,00:11:13,19.0,54.5
06/11/2026,00:16:13,19.0,54.4
06/11/2026,00:21:13,19.0,54.5
06/11/2026,00:26:13,19.0,54.5
06/11/2026,00:31:13,19.0,54.5
06/11/2026,00:36:13,19.0,54.5
06/11/2026,00:41:13,19.0,54.4
06/11/2026,00:46:13,18.9,54.5
06/11/2026,00:51:13,18.9,54.5
06/11/2026,00:56:13,18.9,54.5
06/11/2026,01:01:13,18.9,54.4
06/11/2026,01:06:13,18.9,54.5
06/11/2026,01:11:13,18.9,54.4
06/11/2026,01:16:13,18.9,54.5
06/11/2026,01:21:13,18.9,54.5
06/11/2026,01:26:13,18.8,54.4
06/11/2026,01:31:13,18.8,54.4
06/11/2026,01:36:13,18.8,54.5
06/11/2026,01:41:13,18.8,54.4
06/11/2026,01:46:13,18.7,54.4
06/11/2026,01:51:13,18.8,54.4
06/11/2026,01:56:13,18.7,54.4
06/11/2026,02:01:13,18.7,54.4
06/11/2026,02:06:13,18.7,54.4
06/11/2026,02:11:13,18.7,54.4
06/11/2026,02:16:13,18.7,54.4
06/11/2026,02:21:13,18.7,54.4
06/11/2026,02:26:13,18.7,54.4
06/11/2026,02:31:13,18.6,54.4
06/11/2026,02:36:13,18.6,54.4
06/11/2026,02:41:13,18.6,54.3
06/11/2026,02:46:13,18.6,54.3
06/11/2026,02:51:13,18.6,54.4
06/11/2026,02:56:13,18.6,54.3
06/11/2026,03:01:13,18.6,54.3
06/11/2026,03:06:13,18.5,54.3
06/11/2026,03:11:13,18.5,54.3
06/11/2026,03:16:13,18.5,54.3
06/11/2026,03:21:13,18.5,54.3
06/11/2026,03:26:13,18.5,54.2
06/11/2026,03:31:13,18.4,54.2
06/11/2026,03:36:13,18.4,54.3
06/11/2026,03:41:13,18.4,54.2
06/11/2026,03:46:13,18.4,54.2
06/11/2026,03:51:13,18.4,54.2
06/11/2026,03:56:13,18.4,54.3
06/11/2026,04:01:13,18.4,54.2
06/11/2026,04:06:13,18.3,54.2
06/11/2026,04:11:13,18.3,54.2
06/11/2026,04:16:13,18.3,54.2
06/11/2026,04:21:13,18.3,54.2
06/11/2026,04:26:13,18.3,54.2
06/11/2026,04:31:13,18.3,54.2
06/11/2026,04:36:13,18.3,54.2
06/11/2026,04:41:13,18.2,54.1
06/11/2026,04:46:13,18.2,54.1
06/11/2026,04:51:13,18.2,54.1
06/11/2026,04:56:13,18.2,54.1
06/11/2026,05:01:13,18.2,54.1
06/11/2026,05:06:13,18.2,54.1
06/11/2026,05:11:13,18.1,54.1
06/11/2026,05:16:13,18.2,54.1
06/11/2026,05:21:13,18.1,54.1
06/11/2026,05:26:13,18.1,54.1
06/11/2026,05:31:13,18.1,54.0
06/11/2026,05:36:13,18.1,54.0
06/11/2026,05:41:13,18.1,54.0
06/11/2026,05:46:13,18.1,54.0
06/11/2026,05:51:13,18.0,54.0
06/11/2026,05:56:13,18.0,54.0
06/11/2026,06:01:13,18.0,54.0
06/11/2026,06:06:13,18.0,54.0
06/11/2026,06:11:13,18.0,54.0
06/11/2026,06:16:13,18.0,54.0
06/11/2026,06:21:13,18.0,54.0
06/11/2026,06:26:13,18.0,54.0
06/11/2026,06:31:13,18.0,54.0
06/11/2026,06:36:13,17.9,54.0
06/11/2026,06:41:13,17.9,54.0
06/11/2026,06:46:13,17.9,54.0
06/11/2026,06:51:13,17.9,54.0
06/11/2026,06:56:13,17.9,54.0
06/11/2026,07:01:13,17.9,54.0
06/11/2026,07:06:13,17.9,54.0
06/11/2026,07:11:13,17.9,54.0
06/11/2026,07:16:13,17.9,54.0
06/11/2026,07:21:13,17.9,54.1
06/11/2026,07:26:13,17.9,54.0
06/11/2026,07:31:13,17.9,54.0
06/11/2026,07:36:13,17.9,54.1
06/11/2026,07:41:13,17.9,54.1
06/11/2026,07:46:13,17.9,54.0
06/11/2026,07:51:13,17.9,54.0
06/11/2026,07:56:13,17.9,54.0
06/11/2026,08:01:13,17.9,54.0
06/11/2026,08:06:13,17.9,54.1
06/11/2026,08:11:13,17.9,54.0
06/11/2026,08:16:13,17.9,54.0
06/11/2026,08:21:13,17.9,54.0
06/11/2026,08:26:13,18.0,54.1
06/11/2026,08:31:13,17.9,54.0
06/11/2026,08:36:13,17.9,54.0
06/11/2026,08:41:13,18.0,54.1
06/11/2026,08:46:13,18.0,54.1
06/11/2026,08:51:13,18.0,54.0
06/11/2026,08:56:13,18.0,54.0
06/11/2026,09:01:13,18.0,54.0
06/11/2026,09:06:13,18.0,54.0
06/11/2026,09:11:13,18.0,54.1
06/11/2026,09:16:13,18.0,54.1
06/11/2026,09:21:13,18.0,54.0
06/11/2026,09:26:13,18.0,54.1
06/11/2026,09:31:13,18.0,54.1
06/11/2026,09:36:13,18.0,54.1
06/11/2026,09:41:13,18.0,54.1
06/11/2026,09:46:13,18.0,54.1
06/11/2026,09:51:13,18.0,54.2
06/11/2026,09:56:13,18.0,54.2
06/11/2026,10:01:13,18.0,54.3
06/11/2026,10:06:13,18.0,54.3
06/11/2026,10:11:13,18.1,54.3
06/11/2026,10:16:13,18.1,54.4
06/11/2026,10:21:13,18.1,54.4
06/11/2026,10:26:13,18.1,54.4
06/11/2026,10:31:13,18.1,54.5
06/11/2026,10:36:13,18.1,54.5
06/11/2026,10:41:13,18.1,54.6
06/11/2026,10:46:13,18.1,54.6
06/11/2026,10:51:13,18.1,54.6
06/11/2026,10:56:13,18.2,54.6
06/11/2026,11:01:13,18.1,54.6
06/11/2026,11:06:13,18.1,54.6
06/11/2026,11:11:13,18.2,54.6
06/11/2026,11:16:13,18.2,54.7
06/11/2026,11:21:13,18.2,54.7
06/11/2026,11:26:13,18.2,54.7
06/11/2026,11:31:13,18.2,54.7
06/11/2026,11:36:13,18.2,54.8
06/11/2026,11:41:13,18.2,54.8
06/11/2026,11:46:13,18.2,54.8
06/11/2026,11:51:13,18.2,54.9
06/11/2026,11:56:13,18.2,55.0
06/11/2026,12:01:13,18.2,55.0
06/11/2026,12:06:13,18.1,55.1
06/11/2026,12:11:13,18.1,55.1
06/11/2026,12:16:13,18.2,55.1
06/11/2026,12:21:13,18.1,55.1
06/11/2026,12:26:13,18.1,55.2
06/11/2026,12:31:13,18.1,55.2
06/11/2026,12:36:13,18.1,55.3
06/11/2026,12:41:13,18.1,55.4
06/11/2026,12:46:13,18.1,55.4
06/11/2026,12:51:13,18.1,55.4
06/11/2026,12:56:13,18.1,55.4
06/11/2026,13:01:13,18.1,55.4
06/11/2026,13:06:13,18.1,55.5
06/11/2026,13:11:13,18.1,55.5
06/11/2026,13:16:13,18.1,55.5
06/11/2026,13:21:13,18.1,55.6
06/11/2026,13:26:13,18.0,55.6
06/11/2026,13:31:13,18.0,55.6
06/11/2026,13:36:13,18.1,55.7
06/11/2026,13:41:13,18.1,55.8
06/11/2026,13:46:13,18.0,55.8
06/11/2026,13:51:13,18.0,55.8
06/11/2026,13:56:13,18.0,55.8
06/11/2026,14:01:13,18.0,55.8
06/11/2026,14:06:13,18.0,55.8
06/11/2026,14:11:13,18.0,55.9
06/11/2026,14:16:13,18.0,55.9
06/11/2026,14:21:13,18.0,56.0
06/11/2026,14:26:13,18.0,56.0
06/11/2026,14:31:13,18.0,56.0
06/11/2026,14:36:13,18.0,56.1
06/11/2026,14:41:13,18.0,56.1
06/11/2026,14:46:13,18.0,56.2
06/11/2026,14:51:13,18.0,56.3
06/11/2026,14:56:13,18.0,56.3
06/11/2026,15:01:13,17.9,56.3
06/11/2026,15:06:13,18.0,56.3
06/11/2026,15:11:13,18.0,56.3
06/11/2026,15:16:13,18.0,56.4
06/11/2026,15:21:13,17.9,56.4
06/11/2026,15:26:13,17.9,56.5
06/11/2026,15:31:13,17.9,56.6
06/11/2026,15:36:13,17.9,56.7
06/11/2026,15:41:13,17.9,56.7
06/11/2026,15:46:13,17.9,56.8
06/11/2026,15:51:13,17.9,56.9
06/11/2026,15:56:13,17.9,56.9
06/11/2026,16:01:13,17.9,57.0
06/11/2026,16:06:13,17.9,56.9
06/11/2026,16:11:13,17.9,57.0
06/11/2026,16:16:13,17.9,57.0
06/11/2026,16:21:13,17.9,57.1
06/11/2026,16:26:13,17.9,57.1
06/11/2026,16:31:13,17.9,57.1
06/11/2026,16:36:13,17.9,57.2
06/11/2026,16:41:13,17.9,57.2
06/11/2026,16:46:13,17.9,57.2
06/11/2026,16:51:13,17.9,57.2
06/11/2026,16:56:13,17.9,57.3
06/11/2026,17:01:13,17.9,57.4
06/11/2026,17:06:13,17.9,57.3
06/11/2026,17:11:13,17.9,57.4
06/11/2026,17:16:13,17.9,57.4
06/11/2026,17:21:13,17.9,57.4
06/11/2026,17:26:13,17.9,57.4
06/11/2026,17:31:13,17.8,57.4
06/11/2026,17:36:13,17.9,57.5
06/11/2026,17:41:13,17.9,57.5
06/11/2026,17:46:13,17.9,57.5
06/11/2026,17:51:13,17.9,57.5
06/11/2026,17:56:13,17.9,57.6
06/11/2026,18:01:13,17.9,57.6
06/11/2026,18:06:13,17.9,57.7
06/11/2026,18:11:13,17.9,57.7
06/11/2026,18:16:13,17.9,57.8
06/11/2026,18:21:13,17.9,57.8
06/11/2026,18:26:13,17.9,57.9
06/11/2026,18:31:13,17.9,58.0
06/11/2026,18:36:13,17.9,58.0
06/11/2026,18:41:13,17.9,58.1
06/11/2026,18:46:13,17.9,58.2
06/11/2026,18:51:13,17.9,58.3
06/11/2026,18:56:13,17.9,58.5
06/11/2026,19:01:13,18.0,58.4
06/11/2026,19:06:13,18.0,58.7
06/11/2026,19:11:13,18.0,58.9
06/11/2026,19:16:13,18.0,59.2
06/11/2026,19:21:13,18.0,59.3
06/11/2026,19:26:13,18.0,59.4
06/11/2026,19:31:13,18.1,59.8
06/11/2026,19:36:13,18.1,59.8
06/11/2026,19:41:13,18.1,60.0
06/11/2026,19:46:13,18.1,60.3
06/11/2026,19:51:13,18.2,60.4
06/11/2026,19:56:13,18.2,60.7
06/11/2026,20:01:13,18.2,60.7
06/11/2026,20:06:13,18.3,60.8
06/11/2026,20:11:13,18.3,61.1
06/11/2026,20:16:13,18.3,61.1
06/11/2026,20:21:13,18.3,61.3
06/11/2026,20:26:13,18.4,61.2
06/11/2026,20:31:13,18.4,61.6
06/11/2026,20:36:13,18.4,61.4
06/11/2026,20:41:13,18.4,61.3
06/11/2026,20:46:13,18.4,61.5
06/11/2026,20:51:13,18.5,61.6
06/11/2026,20:56:13,18.5,61.7
06/11/2026,21:01:13,18.5,61.7
06/11/2026,21:06:13,18.5,61.9
06/11/2026,21:11:13,18.5,61.9
06/11/2026,21:16:13,18.5,61.9
06/11/2026,21:21:13,18.5,61.8
06/11/2026,21:26:13,18.6,61.8
06/11/2026,21:31:13,18.6,61.6
06/11/2026,21:36:13,18.6,61.8
06/11/2026,21:41:13,18.6,61.9
06/11/2026,21:46:13,18.6,61.8
06/11/2026,21:51:13,18.6,61.9
06/11/2026,21:56:13,18.6,61.6
06/11/2026,22:01:13,18.6,61.6
06/11/2026,22:06:13,18.6,61.6
06/11/2026,22:11:13,18.6,61.6
06/11/2026,22:16:13,18.6,61.6
06/11/2026,22:21:13,18.6,61.9
06/11/2026,22:26:13,18.6,61.6
06/11/2026,22:31:13,18.6,61.7
06/11/2026,22:36:13,18.6,61.7
06/11/2026,22:41:13,18.5,62.0
06/11/2026,22:46:13,18.6,61.9
06/11/2026,22:51:13,18.5,61.9
06/11/2026,22:56:13,18.5,61.9
06/11/2026,23:01:13,18.5,61.9
06/11/2026,23:06:13,18.5,61.8
06/11/2026,23:11:13,18.5,61.8
06/11/2026,23:16:13,18.5,61.8
06/11/2026,23:21:13,18.5,61.8
06/11/2026,23:26:13,18.5,61.9
06/11/2026,23:31:13,18.4,61.9
06/11/2026,23:36:13,18.4,61.8
06/11/2026,23:41:13,18.4,61.8
06/11/2026,23:46:13,18.4,61.8
06/11/2026,23:51:13,18.4,61.9
06/11/2026,23:56:13,18.4,61.8
06/12/2026,00:01:13,18.4,61.8
06/12/2026,00:06:13,18.4,61.8
06/12/2026,00:11:13,18.4,61.8
06/12/2026,00:16:13,18.4,61.9
06/12/2026,00:21:13,18.4,61.9
06/12/2026,00:26:13,18.4,61.9
06/12/2026,00:31:13,18.3,61.9
06/12/2026,00:36:13,18.3,61.8
06/12/2026,00:41:13,18.3,61.7
06/12/2026,00:46:13,18.3,61.8
06/12/2026,00:51:13,18.3,61.7
06/12/2026,00:56:13,18.3,61.9
06/12/2026,01:01:13,18.3,61.8
06/12/2026,01:06:13,18.3,61.7
06/12/2026,01:11:13,18.3,61.8
06/12/2026,01:16:13,18.3,61.9
06/12/2026,01:21:13,18.3,61.8
06/12/2026,01:26:13,18.3,61.9
06/12/2026,01:31:13,18.3,61.8
06/12/2026,01:36:13,18.3,61.7
06/12/2026,01:41:13,18.3,61.8
06/12/2026,01:46:13,18.2,61.7
06/12/2026,01:51:13,18.2,61.7
06/12/2026,01:56:13,18.2,61.8
06/12/2026,02:01:13,18.2,61.8
06/12/2026,02:06:13,18.2,61.8
06/12/2026,02:11:13,18.2,61.9
06/12/2026,02:16:13,18.2,62.0
06/12/2026,02:21:13,18.2,62.0
06/12/2026,02:26:13,18.2,61.9
06/12/2026,02:31:13,18.2,62.0
06/12/2026,02:36:13,18.2,62.0
06/12/2026,02:41:13,18.2,62.1
06/12/2026,02:46:13,18.2,62.0
06/12/2026,02:51:13,18.2,62.0
06/12/2026,02:56:13,18.1,62.1
06/12/2026,03:01:13,18.2,62.1
06/12/2026,03:06:13,18.2,62.3
06/12/2026,03:11:13,18.1,62.2
06/12/2026,03:16:13,18.2,62.3
06/12/2026,03:21:13,18.1,62.2
06/12/2026,03:26:13,18.1,62.3
06/12/2026,03:31:13,18.1,62.3
06/12/2026,03:36:13,18.1,62.3
06/12/2026,03:41:13,18.1,62.2
06/12/2026,03:46:13,18.1,62.3
06/12/2026,03:51:13,18.1,62.4
06/12/2026,03:56:13,18.1,62.4
06/12/2026,04:01:13,18.1,62.4
06/12/2026,04:06:13,18.1,62.4
06/12/2026,04:11:13,18.1,62.4
06/12/2026,04:16:13,18.1,62.5
06/12/2026,04:21:13,18.1,62.5
06/12/2026,04:26:13,18.1,62.5
06/12/2026,04:31:13,18.1,62.6
06/12/2026,04:36:13,18.1,62.6
06/12/2026,04:41:13,18.1,62.6
06/12/2026,04:46:13,18.1,62.6
06/12/2026,04:51:13,18.0,62.7
06/12/2026,04:56:13,18.0,62.8
06/12/2026,05:01:13,18.0,62.9
06/12/2026,05:06:13,18.1,63.0
06/12/2026,05:11:13,18.0,63.0
06/12/2026,05:16:13,18.0,63.0
06/12/2026,05:21:13,18.0,63.1
06/12/2026,05:26:13,18.0,63.1
06/12/2026,05:31:13,18.0,63.0
06/12/2026,05:36:13,18.0,63.1
06/12/2026,05:41:13,18.0,63.1
06/12/2026,05:46:13,18.0,63.0
06/12/2026,05:51:13,18.0,62.9
06/12/2026,05:56:13,18.0,62.8
06/12/2026,06:01:13,18.0,63.0
06/12/2026,06:06:13,18.0,63.0
06/12/2026,06:11:13,18.0,63.0
06/12/2026,06:16:13,18.0,63.2
06/12/2026,06:21:13,18.0,63.3
06/12/2026,06:26:13,18.0,63.3
06/12/2026,06:31:13,18.0,63.2
06/12/2026,06:36:13,18.0,63.0
06/12/2026,06:41:13,18.0,63.1
06/12/2026,06:46:13,18.0,63.0
06/12/2026,06:51:13,18.0,63.0
06/12/2026,06:56:13,18.0,63.2
06/12/2026,07:01:13,18.0,63.1
06/12/2026,07:06:13,18.0,63.1
06/12/2026,07:11:13,18.0,63.1
06/12/2026,07:16:13,18.0,63.4
06/12/2026,07:21:13,18.0,63.2
06/12/2026,07:26:13,18.0,63.1
06/12/2026,07:31:13,18.0,63.2
06/12/2026,07:36:13,18.1,63.1
06/12/2026,07:41:13,18.1,63.1
06/12/2026,07:46:13,18.1,63.1
06/12/2026,07:51:13,18.1,63.1
06/12/2026,07:56:13,18.1,63.0
06/12/2026,08:01:13,18.1,63.0
06/12/2026,08:06:13,18.1,63.0
06/12/2026,08:11:13,18.1,63.2
06/12/2026,08:16:13,18.1,63.1
06/12/2026,08:21:13,18.1,63.2
06/12/2026,08:26:13,18.1,63.1
06/12/2026,08:31:13,18.1,63.0
06/12/2026,08:36:13,18.1,63.1
06/12/2026,08:41:13,18.1,63.0
06/12/2026,08:46:13,18.1,63.1
06/12/2026,08:51:13,18.1,63.1
06/12/2026,08:56:13,18.2,63.1
06/12/2026,09:01:13,18.1,63.2
06/12/2026,09:06:13,18.2,63.2
06/12/2026,09:11:13,18.2,63.4
06/12/2026,09:16:13,18.1,63.4
06/12/2026,09:21:13,18.2,63.4
06/12/2026,09:26:13,18.2,63.7
06/12/2026,09:31:13,18.2,63.7
06/12/2026,09:36:13,18.2,63.7
06/12/2026,09:41:13,18.2,63.6
06/12/2026,09:46:13,18.2,63.7
06/12/2026,09:51:13,18.3,63.9
06/12/2026,09:56:13,18.3,63.8
06/12/2026,10:01:13,18.3,63.9
06/12/2026,10:06:13,18.3,64.1
06/12/2026,10:11:13,18.3,64.1
06/12/2026,10:16:13,18.3,64.1
06/12/2026,10:21:13,18.3,64.2
06/12/2026,10:26:13,18.3,64.2
06/12/2026,10:31:13,18.3,64.2
06/12/2026,10:36:13,18.3,64.3
06/12/2026,10:41:13,18.3,64.3
06/12/2026,10:46:13,18.4,64.3
06/12/2026,10:51:13,18.4,64.3
06/12/2026,10:56:13,18.4,64.5
06/12/2026,11:01:13,18.4,64.6
06/12/2026,11:06:13,18.4,64.7
06/12/2026,11:11:13,18.5,64.7
06/12/2026,11:16:13,18.5,64.8
06/12/2026,11:21:13,18.5,65.0
06/12/2026,11:26:13,18.5,65.1
06/12/2026,11:31:13,18.5,65.1
06/12/2026,11:36:13,18.6,65.2
06/12/2026,11:41:13,18.6,65.2
06/12/2026,11:46:13,18.6,65.2
06/12/2026,11:51:13,18.6,65.2
06/12/2026,11:56:13,18.7,65.3
06/12/2026,12:01:13,18.7,65.3
06/12/2026,12:06:13,18.7,65.4
06/12/2026,12:11:13,18.7,65.5
06/12/2026,12:16:13,18.7,65.6
06/12/2026,12:21:13,18.7,65.5
06/12/2026,12:26:13,18.8,65.8
06/12/2026,12:31:13,18.8,65.8
06/12/2026,12:36:13,18.8,65.9
06/12/2026,12:41:13,18.9,66.1
06/12/2026,12:46:13,18.9,66.3
06/12/2026,12:51:13,19.0,66.5
06/12/2026,12:56:13,19.0,66.7
06/12/2026,13:01:13,19.1,66.9
06/12/2026,13:06:13,19.1,67.1
06/12/2026,13:11:13,19.2,67.2
06/12/2026,13:16:13,19.2,67.3
06/12/2026,13:21:13,19.3,67.4
06/12/2026,13:26:13,19.4,67.5
06/12/2026,13:31:13,19.4,67.7
06/12/2026,13:36:13,19.5,67.7
06/12/2026,13:41:13,19.5,67.8
06/12/2026,13:46:13,19.6,67.9
06/12/2026,13:51:13,19.6,67.9
06/12/2026,13:56:13,19.6,68.0
06/12/2026,14:01:13,19.7,68.0
06/12/2026,14:06:13,19.7,68.0
06/12/2026,14:11:13,19.7,68.0
06/12/2026,14:16:13,19.8,68.0
06/12/2026,14:21:13,19.8,68.1
06/12/2026,14:26:13,19.8,68.1
06/12/2026,14:31:13,19.8,68.1
06/12/2026,14:36:13,19.9,68.1
06/12/2026,14:41:13,19.9,68.1
06/12/2026,14:46:13,19.9,68.1
06/12/2026,14:51:13,19.9,68.1
06/12/2026,14:56:13,19.9,68.1
06/12/2026,15:01:13,20.0,68.1
06/12/2026,15:06:13,20.0,68.1
06/12/2026,15:11:13,20.0,68.1
06/12/2026,15:16:13,20.0,68.0
06/12/2026,15:21:13,20.0,68.0
06/12/2026,15:26:13,20.1,68.0
06/12/2026,15:31:13,20.1,68.0
06/12/2026,15:36:13,20.1,68.0
06/12/2026,15:41:13,20.1,68.1
06/12/2026,15:46:13,20.2,68.1
06/12/2026,15:51:13,20.2,68.1
06/12/2026,15:56:13,20.2,68.0
06/12/2026,16:01:13,20.2,68.0
06/12/2026,16:06:13,20.2,68.0
06/12/2026,16:11:13,20.2,68.1
06/12/2026,16:16:13,20.2,68.0
06/12/2026,16:21:13,20.3,68.1
06/12/2026,16:26:13,20.3,68.1
06/12/2026,16:31:13,20.3,68.1
06/12/2026,16:36:13,20.4,68.0
06/12/2026,16:41:13,20.4,68.1
06/12/2026,16:46:13,20.4,68.1
06/12/2026,16:51:13,20.4,68.1
06/12/2026,16:56:13,20.4,68.1
06/12/2026,17:01:13,20.4,68.0
06/12/2026,17:06:13,20.5,68.0
06/12/2026,17:11:13,20.5,68.0
06/12/2026,17:16:13,20.5,67.9
06/12/2026,17:21:13,20.5,67.9
06/12/2026,17:26:13,20.5,67.9
06/12/2026,17:31:13,20.5,67.9
06/12/2026,17:36:13,20.5,67.9
06/12/2026,17:41:13,20.6,67.9
06/12/2026,17:46:13,20.6,67.8
06/12/2026,17:51:13,20.6,67.7
06/12/2026,17:56:13,20.6,67.6
06/12/2026,18:01:13,20.6,67.6
06/12/2026,18:06:13,20.6,67.5
06/12/2026,18:11:13,20.7,67.5
06/12/2026,18:16:13,20.7,67.4
06/12/2026,18:21:13,20.7,67.4
06/12/2026,18:26:13,20.7,67.3
06/12/2026,18:31:13,20.7,67.3
06/12/2026,18:36:13,20.7,67.2
06/12/2026,18:41:13,20.7,67.2
06/12/2026,18:46:13,20.7,67.2
06/12/2026,18:51:13,20.7,67.2
06/12/2026,18:56:13,20.8,67.1
06/12/2026,19:01:13,20.8,67.1
06/12/2026,19:06:13,20.8,67.1
06/12/2026,19:11:13,20.8,67.2
06/12/2026,19:16:13,20.9,67.3
06/12/2026,19:21:13,20.9,67.3
06/12/2026,19:26:13,20.9,67.4
06/12/2026,19:31:13,21.0,67.5
06/12/2026,19:36:13,21.0,67.4
06/12/2026,19:41:13,21.0,67.5
06/12/2026,19:46:13,21.1,67.4
06/12/2026,19:51:13,21.1,67.5
06/12/2026,19:56:13,21.1,67.5
06/12/2026,20:01:13,21.1,67.6
06/12/2026,20:06:13,21.2,67.6
06/12/2026,20:11:13,21.2,67.6
06/12/2026,20:16:13,21.2,67.6
06/12/2026,20:21:13,21.2,67.6
06/12/2026,20:26:13,21.2,67.5
06/12/2026,20:31:13,21.3,67.4
06/12/2026,20:36:13,21.3,67.4
06/12/2026,20:41:13,21.3,67.3
06/12/2026,20:46:13,21.3,67.2
06/12/2026,20:51:13,21.3,67.1
06/12/2026,20:56:13,21.3,67.0
06/12/2026,21:01:13,21.3,66.9
06/12/2026,21:06:13,21.3,66.8
06/12/2026,21:11:13,21.3,66.7
06/12/2026,21:16:13,21.3,66.6
06/12/2026,21:21:13,21.3,66.6
06/12/2026,21:26:13,21.3,66.5
06/12/2026,21:31:13,21.3,66.4
06/12/2026,21:36:13,21.3,66.3
06/12/2026,21:41:13,21.3,66.2
06/12/2026,21:46:13,21.3,66.1
06/12/2026,21:51:13,21.3,66.1
06/12/2026,21:56:13,21.3,66.0
06/12/2026,22:01:13,21.3,66.0
06/12/2026,22:06:13,21.3,65.9
06/12/2026,22:11:13,21.3,65.8
06/12/2026,22:16:13,21.3,65.7
06/12/2026,22:21:13,21.3,65.6
06/12/2026,22:26:13,21.3,65.6
06/12/2026,22:31:13,21.2,65.6
06/12/2026,22:36:13,21.2,65.5
06/12/2026,22:41:13,21.2,65.4
06/12/2026,22:46:13,21.2,65.3
06/12/2026,22:51:13,21.2,65.2
06/12/2026,22:56:13,21.2,65.1
06/12/2026,23:01:13,21.2,65.1
06/12/2026,23:06:13,21.1,65.0
06/12/2026,23:11:13,21.1,64.9
06/12/2026,23:16:13,21.1,64.8
06/12/2026,23:21:13,21.1,64.8
06/12/2026,23:26:13,21.1,64.7
06/12/2026,23:31:13,21.0,64.6
06/12/2026,23:36:13,21.0,64.6
06/12/2026,23:41:13,21.0,64.5
06/12/2026,23:46:13,21.0,64.5
06/12/2026,23:51:13,20.9,64.4
06/12/2026,23:56:13,20.9,64.3
06/13/2026,00:01:13,20.9,64.2
06/13/2026,00:06:13,20.9,64.1
06/13/2026,00:11:13,20.9,64.1
06/13/2026,00:16:13,20.8,63.9
06/13/2026,00:21:13,20.8,63.9
06/13/2026,00:26:13,20.8,63.8
06/13/2026,00:31:13,20.7,63.7
06/13/2026,00:36:13,20.7,63.6
06/13/2026,00:41:13,20.7,63.5
06/13/2026,00:46:13,20.7,63.5
06/13/2026,00:51:13,20.7,63.3
06/13/2026,00:56:13,20.6,63.3
06/13/2026,01:01:13,20.6,63.2
06/13/2026,01:06:13,20.6,63.2
06/13/2026,01:11:13,20.6,63.1
06/13/2026,01:16:13,20.5,63.0
06/13/2026,01:21:13,20.5,62.9
06/13/2026,01:26:13,20.5,62.9
06/13/2026,01:31:13,20.5,62.8
06/13/2026,01:36:13,20.5,62.7
06/13/2026,01:41:13,20.4,62.6
06/13/2026,01:46:13,20.4,62.6
06/13/2026,01:51:13,20.4,62.5
06/13/2026,01:56:13,20.4,62.5
06/13/2026,02:01:13,20.4,62.4
06/13/2026,02:06:13,20.3,62.3
06/13/2026,02:11:13,20.3,62.3
06/13/2026,02:16:13,20.3,62.2
06/13/2026,02:21:13,20.3,62.2
06/13/2026,02:26:13,20.2,62.1
06/13/2026,02:31:13,20.2,62.1
06/13/2026,02:36:13,20.2,62.1
06/13/2026,02:41:13,20.2,62.0
06/13/2026,02:46:13,20.1,62.0
06/13/2026,02:51:13,20.1,62.0
06/13/2026,02:56:13,20.1,61.9
06/13/2026,03:01:13,20.1,61.9
06/13/2026,03:06:13,20.1,61.9
06/13/2026,03:11:13,20.0,61.8
06/13/2026,03:16:13,20.0,61.8
06/13/2026,03:21:13,20.0,61.7
06/13/2026,03:26:13,20.0,61.7
06/13/2026,03:31:13,19.9,61.6
06/13/2026,03:36:13,19.9,61.6
06/13/2026,03:41:13,19.9,61.6
06/13/2026,03:46:13,19.9,61.6
06/13/2026,03:51:13,19.9,61.6
06/13/2026,03:56:13,19.9,61.6
06/13/2026,04:01:13,19.8,61.5
06/13/2026,04:06:13,19.8,61.4
06/13/2026,04:11:13,19.8,61.5
06/13/2026,04:16:13,19.8,61.4
06/13/2026,04:21:13,19.8,61.4
06/13/2026,04:26:13,19.7,61.4
06/13/2026,04:31:13,19.7,61.3
06/13/2026,04:36:13,19.7,61.3
06/13/2026,04:41:13,19.7,61.3
06/13/2026,04:46:13,19.7,61.2
06/13/2026,04:51:13,19.7,61.2
06/13/2026,04:56:13,19.7,61.2
06/13/2026,05:01:13,19.6,61.2
06/13/2026,05:06:13,19.6,61.2
06/13/2026,05:11:13,19.6,61.2
06/13/2026,05:16:13,19.6,61.1
06/13/2026,05:21:13,19.6,61.1
06/13/2026,05:26:13,19.5,61.1
06/13/2026,05:31:13,19.5,61.0
06/13/2026,05:36:13,19.5,61.1
06/13/2026,05:41:13,19.5,61.0
06/13/2026,05:46:13,19.5,60.9
06/13/2026,05:51:13,19.5,60.9
06/13/2026,05:56:13,19.5,60.9
06/13/2026,06:01:13,19.5,60.9
06/13/2026,06:06:13,19.5,60.8
06/13/2026,06:11:13,19.4,60.8
06/13/2026,06:16:13,19.4,60.8
06/13/2026,06:21:13,19.4,60.8
06/13/2026,06:26:13,19.4,60.8
06/13/2026,06:31:13,19.4,60.8
06/13/2026,06:36:13,19.4,60.7
06/13/2026,06:41:13,19.4,60.7
06/13/2026,06:46:13,19.4,60.7
06/13/2026,06:51:13,19.4,60.7
06/13/2026,06:56:13,19.4,60.7
06/13/2026,07:01:13,19.4,60.6
06/13/2026,07:06:13,19.4,60.6
06/13/2026,07:11:13,19.4,60.5
06/13/2026,07:16:13,19.4,60.5
06/13/2026,07:21:13,19.4,60.5
06/13/2026,07:26:13,19.4,60.4
06/13/2026,07:31:13,19.4,60.4
06/13/2026,07:36:13,19.4,60.4
06/13/2026,07:41:13,19.4,60.3
06/13/2026,07:46:13,19.4,60.3
06/13/2026,07:51:13,19.4,60.2
06/13/2026,07:56:13,19.4,60.1
06/13/2026,08:01:13,19.4,60.1
06/13/2026,08:06:13,19.4,60.0
06/13/2026,08:11:13,19.4,60.0
06/13/2026,08:16:13,19.5,60.0
06/13/2026,08:21:13,19.4,59.9
06/13/2026,08:26:13,19.4,59.8
06/13/2026,08:31:13,19.4,59.8
06/13/2026,08:36:13,19.4,59.7
06/13/2026,08:41:13,19.5,59.6
06/13/2026,08:46:13,19.4,59.6
06/13/2026,08:51:13,19.5,59.5
06/13/2026,08:56:13,19.5,59.4
06/13/2026,09:01:13,19.5,59.4
06/13/2026,09:06:13,19.5,59.4
06/13/2026,09:11:13,19.5,59.4
06/13/2026,09:16:13,19.5,59.3
06/13/2026,09:21:13,19.5,59.3
06/13/2026,09:26:13,19.5,59.3
06/13/2026,09:31:13,19.5,59.3
06/13/2026,09:36:13,19.5,59.3
06/13/2026,09:41:13,19.5,59.2
06/13/2026,09:46:13,19.5,59.4
06/13/2026,09:51:13,19.5,59.4
06/13/2026,09:56:13,19.6,59.5
06/13/2026,10:01:13,19.6,59.6
06/13/2026,10:06:13,19.6,59.5
06/13/2026,10:11:13,19.7,59.5
06/13/2026,10:16:13,19.7,59.5
06/13/2026,10:21:13,19.7,59.4
06/13/2026,10:26:13,19.7,59.4
06/13/2026,10:31:13,19.8,59.5
06/13/2026,10:36:13,19.9,59.4
06/13/2026,10:41:13,20.0,59.3
06/13/2026,10:46:13,20.1,60.2
06/13/2026,10:51:13,20.3,60.7
06/13/2026,10:56:13,20.5,60.2
06/13/2026,11:01:13,20.6,58.8
06/13/2026,11:06:13,20.7,58.5
06/13/2026,11:11:13,20.9,58.3
06/13/2026,11:16:13,21.1,56.8
06/13/2026,11:21:13,21.2,56.1
06/13/2026,11:26:13,21.4,55.9
06/13/2026,11:31:13,21.5,55.6
06/13/2026,11:36:13,21.6,54.6
06/13/2026,11:41:13,21.7,54.4
06/13/2026,11:46:13,21.7,54.1
06/13/2026,11:51:13,21.7,53.7
06/13/2026,11:56:13,21.7,53.4
06/13/2026,12:01:13,21.7,53.3
06/13/2026,12:06:13,21.7,53.2
06/13/2026,12:11:13,21.7,52.8
06/13/2026,12:16:13,21.7,52.4
06/13/2026,12:21:13,21.6,52.4
06/13/2026,12:26:13,21.6,52.6
06/13/2026,12:31:13,21.6,52.8
06/13/2026,12:36:13,21.5,52.9
06/13/2026,12:41:13,21.5,52.8
06/13/2026,12:46:13,21.5,52.7
06/13/2026,12:51:13,21.4,52.8
06/13/2026,12:56:13,21.4,52.8
06/13/2026,13:01:13,21.4,52.6
06/13/2026,13:06:13,21.4,52.7
06/13/2026,13:11:13,21.3,52.8
06/13/2026,13:16:13,21.3,52.9
06/13/2026,13:21:13,21.3,52.8
06/13/2026,13:26:13,21.3,52.8
06/13/2026,13:31:13,21.3,52.8
06/13/2026,13:36:13,21.3,52.9
06/13/2026,13:41:13,21.2,52.7
06/13/2026,13:46:13,21.2,52.5
06/13/2026,13:51:13,21.2,52.5
06/13/2026,13:56:13,21.2,52.5
06/13/2026,14:01:13,21.1,52.5
06/13/2026,14:06:13,21.1,52.1
06/13/2026,14:11:13,21.1,52.0
06/13/2026,14:16:13,21.1,52.0
06/13/2026,14:21:13,21.1,52.6
06/13/2026,14:26:13,21.2,52.0
06/13/2026,14:31:13,21.2,51.7
06/13/2026,14:36:13,21.2,51.7
06/13/2026,14:41:13,21.2,51.9
06/13/2026,14:46:13,21.1,51.6
06/13/2026,14:51:13,21.1,51.7
06/13/2026,14:56:13,21.2,51.8
06/13/2026,15:01:13,21.1,51.8
06/13/2026,15:06:13,21.2,51.8
06/13/2026,15:11:13,21.1,51.7
06/13/2026,15:16:13,21.2,51.7
06/13/2026,15:21:13,21.2,51.5
06/13/2026,15:26:13,21.2,51.7
06/13/2026,15:31:13,21.2,51.7
06/13/2026,15:36:13,21.1,51.8
06/13/2026,15:41:13,21.1,51.8
06/13/2026,15:46:13,21.1,51.9
06/13/2026,15:51:13,21.1,51.9
06/13/2026,15:56:13,21.2,51.9
06/13/2026,16:01:13,21.2,51.9
06/13/2026,16:06:13,21.2,52.2
06/13/2026,16:11:13,21.2,52.4
06/13/2026,16:16:13,21.2,52.4
06/13/2026,16:21:13,21.2,52.4
06/13/2026,16:26:13,21.2,52.4
06/13/2026,16:31:13,21.2,52.4
06/13/2026,16:36:13,21.3,52.4
06/13/2026,16:41:13,21.2,52.4
06/13/2026,16:46:13,21.3,52.4
06/13/2026,16:51:13,21.3,52.4
06/13/2026,16:56:13,21.3,52.3
06/13/2026,17:01:13,21.3,52.3
06/13/2026,17:06:13,21.3,52.3
06/13/2026,17:11:13,21.3,52.3
06/13/2026,17:16:13,21.4,52.3
06/13/2026,17:21:13,21.4,52.4
06/13/2026,17:26:13,21.4,52.3
06/13/2026,17:31:13,21.4,52.3
06/13/2026,17:36:13,21.4,52.3
06/13/2026,17:41:13,21.4,52.2
06/13/2026,17:46:13,21.4,52.2
06/13/2026,17:51:13,21.4,52.1
06/13/2026,17:56:13,21.4,52.0
06/13/2026,18:01:13,21.5,51.8
06/13/2026,18:06:13,21.5,51.6
06/13/2026,18:11:13,21.5,51.6
06/13/2026,18:16:13,21.6,51.7
06/13/2026,18:21:13,21.6,51.3
06/13/2026,18:26:13,21.7,51.5
06/13/2026,18:31:13,21.7,51.7
06/13/2026,18:36:13,21.8,51.6
06/13/2026,18:41:13,21.9,51.9
06/13/2026,18:46:13,21.9,51.7
06/13/2026,18:51:13,22.0,51.5
06/13/2026,18:56:13,22.1,51.4
06/13/2026,19:01:13,22.1,51.3
06/13/2026,19:06:13,22.1,51.3
06/13/2026,19:11:13,22.1,51.3
06/13/2026,19:16:13,22.1,51.2
06/13/2026,19:21:13,22.1,51.2
06/13/2026,19:26:13,22.1,51.0
06/13/2026,19:31:13,22.1,50.4
06/13/2026,19:36:13,22.1,50.9
06/13/2026,19:41:13,22.1,51.0
06/13/2026,19:46:13,22.1,51.0
06/13/2026,19:51:13,22.1,51.1
06/13/2026,19:56:13,22.1,51.0
06/13/2026,20:01:13,22.1,51.1
06/13/2026,20:06:13,22.1,51.2
06/13/2026,20:11:13,22.1,51.2
06/13/2026,20:16:13,22.1,51.2
06/13/2026,20:21:13,22.1,51.1
06/13/2026,20:26:13,22.1,51.1
06/13/2026,20:31:13,22.1,51.2
06/13/2026,20:36:13,22.1,51.2
06/13/2026,20:41:13,22.1,51.1
06/13/2026,20:46:13,22.1,51.1
06/13/2026,20:51:13,22.1,51.1
06/13/2026,20:56:13,22.1,51.0
06/13/2026,21:01:13,22.1,50.9
06/13/2026,21:06:13,22.1,50.8
06/13/2026,21:11:13,22.1,50.6
06/13/2026,21:16:13,22.1,50.7
06/13/2026,21:21:13,22.0,50.6
06/13/2026,21:26:13,22.0,50.5
06/13/2026,21:31:13,22.0,50.4
06/13/2026,21:36:13,22.0,50.4
06/13/2026,21:41:13,21.9,50.3
06/13/2026,21:46:13,21.9,50.3
06/13/2026,21:51:13,21.9,50.2
06/13/2026,21:56:13,21.9,50.2
06/13/2026,22:01:13,21.9,50.2
06/13/2026,22:06:13,21.8,50.1
06/13/2026,22:11:13,21.8,50.0
06/13/2026,22:16:13,21.8,50.0
06/13/2026,22:21:13,21.7,50.0
06/13/2026,22:26:13,21.7,50.1
06/13/2026,22:31:13,21.7,50.1
06/13/2026,22:36:13,21.7,50.0
06/13/2026,22:41:13,21.7,50.0
06/13/2026,22:46:13,21.6,50.0
06/13/2026,22:51:13,21.6,50.0
06/13/2026,22:56:13,21.6,50.0
06/13/2026,23:01:13,21.6,50.0
06/13/2026,23:06:13,21.6,50.0
06/13/2026,23:11:13,21.5,50.1
06/13/2026,23:16:13,21.5,50.0
06/13/2026,23:21:13,21.5,50.0
06/13/2026,23:26:13,21.5,50.0
06/13/2026,23:31:13,21.5,50.0
06/13/2026,23:36:13,21.4,50.1
06/13/2026,23:41:13,21.4,50.0
06/13/2026,23:46:13,21.4,50.0
06/13/2026,23:51:13,21.3,49.9
06/13/2026,23:56:13,21.3,50.0
06/14/2026,00:01:13,21.3,50.0
06/14/2026,00:06:13,21.3,50.0
06/14/2026,00:11:13,21.3,50.0
06/14/2026,00:16:13,21.2,50.1
06/14/2026,00:21:13,21.2,50.1
06/14/2026,00:26:13,21.2,50.1
06/14/2026,00:31:13,21.2,50.1
06/14/2026,00:36:13,21.2,50.1
06/14/2026,00:41:13,21.1,50.1
06/14/2026,00:46:13,21.1,50.1
06/14/2026,00:51:13,21.1,50.2
06/14/2026,00:56:13,21.1,50.2
06/14/2026,01:01:13,21.1,50.2
06/14/2026,01:06:13,21.1,50.2
06/14/2026,01:11:13,21.0,50.3
06/14/2026,01:16:13,21.0,50.2
06/14/2026,01:21:13,21.0,50.2
06/14/2026,01:26:13,21.0,50.2
06/14/2026,01:31:13,21.0,50.3
06/14/2026,01:36:13,20.9,50.2
06/14/2026,01:41:13,20.9,50.3
06/14/2026,01:46:13,20.9,50.3
06/14/2026,01:51:13,20.9,50.3
06/14/2026,01:56:13,20.9,50.3
06/14/2026,02:01:13,20.8,50.3
06/14/2026,02:06:13,20.8,50.3
06/14/2026,02:11:13,20.8,50.4
06/14/2026,02:16:13,20.8,50.4
06/14/2026,02:21:13,20.8,50.5
06/14/2026,02:26:13,20.7,50.4
06/14/2026,02:31:13,20.7,50.4
06/14/2026,02:36:13,20.7,50.4
06/14/2026,02:41:13,20.7,50.4
06/14/2026,02:46:13,20.7,50.5
06/14/2026,02:51:13,20.7,50.5
06/14/2026,02:56:13,20.7,50.5
06/14/2026,03:01:13,20.6,50.5
06/14/2026,03:06:13,20.6,50.5
06/14/2026,03:11:13,20.6,50.5
06/14/2026,03:16:13,20.6,50.6
06/14/2026,03:21:13,20.6,50.6
06/14/2026,03:26:13,20.5,50.6
06/14/2026,03:31:13,20.5,50.6
06/14/2026,03:36:13,20.5,50.5
06/14/2026,03:41:13,20.5,50.6
06/14/2026,03:46:13,20.5,50.6
06/14/2026,03:51:13,20.5,50.6
06/14/2026,03:56:13,20.5,50.6
06/14/2026,04:01:13,20.5,50.6
06/14/2026,04:06:13,20.4,50.6
06/14/2026,04:11:13,20.4,50.6
06/14/2026,04:16:13,20.4,50.6
06/14/2026,04:21:13,20.4,50.6
06/14/2026,04:26:13,20.4,50.6
06/14/2026,04:31:13,20.4,50.6
06/14/2026,04:36:13,20.4,50.7
06/14/2026,04:41:13,20.3,50.7
06/14/2026,04:46:13,20.3,50.7
06/14/2026,04:51:13,20.3,50.7
06/14/2026,04:56:13,20.3,50.7
06/14/2026,05:01:13,20.2,50.7
06/14/2026,05:06:13,20.2,50.7
06/14/2026,05:11:13,20.2,50.8
06/14/2026,05:16:13,20.2,50.8
06/14/2026,05:21:13,20.2,50.8
06/14/2026,05:26:13,20.2,50.8
06/14/2026,05:31:13,20.1,50.8
06/14/2026,05:36:13,20.1,50.8
06/14/2026,05:41:13,20.1,50.9
06/14/2026,05:46:13,20.1,50.9
06/14/2026,05:51:13,20.0,50.9
06/14/2026,05:56:13,20.0,50.9
06/14/2026,06:01:13,20.0,50.9
06/14/2026,06:06:13,20.0,50.9
06/14/2026,06:11:13,20.0,51.0
06/14/2026,06:16:13,20.0,51.0
06/14/2026,06:21:13,20.0,51.0
06/14/2026,06:26:13,20.0,51.1
06/14/2026,06:31:13,19.9,51.1
06/14/2026,06:36:13,19.9,51.1
06/14/2026,06:41:13,19.9,51.1
06/14/2026,06:46:13,19.9,51.2
06/14/2026,06:51:13,19.9,51.1
06/14/2026,06:56:13,19.9,51.2
06/14/2026,07:01:13,20.0,51.2
06/14/2026,07:06:13,20.0,51.2
06/14/2026,07:11:13,20.0,51.2
06/14/2026,07:16:13,20.0,51.2
06/14/2026,07:21:13,20.0,51.2
06/14/2026,07:26:13,20.0,51.2
06/14/2026,07:31:13,20.0,51.2
06/14/2026,07:36:13,20.0,51.3
06/14/2026,07:41:13,20.0,51.3
06/14/2026,07:46:13,20.1,51.3
06/14/2026,07:51:13,20.1,51.3
06/14/2026,07:56:13,20.1,51.4
06/14/2026,08:01:13,20.1,51.5
06/14/2026,08:06:13,20.1,51.6
06/14/2026,08:11:13,20.2,51.9
06/14/2026,08:16:13,20.2,52.1
06/14/2026,08:21:13,20.3,52.4
06/14/2026,08:26:13,20.3,52.6
06/14/2026,08:31:13,20.3,53.0
06/14/2026,08:36:13,20.4,53.2
06/14/2026,08:41:13,20.4,53.3
06/14/2026,08:46:13,20.5,53.5
06/14/2026,08:51:13,20.5,53.7
06/14/2026,08:56:13,20.6,53.7
06/14/2026,09:01:13,20.6,53.6
06/14/2026,09:06:13,20.6,53.7
06/14/2026,09:11:13,20.6,53.5
06/14/2026,09:16:13,20.7,53.5
06/14/2026,09:21:13,20.7,53.5
06/14/2026,09:26:13,20.7,53.4
06/14/2026,09:31:13,20.8,53.3
06/14/2026,09:36:13,20.8,53.4
06/14/2026,09:41:13,20.9,53.5
06/14/2026,09:46:13,21.0,53.7
06/14/2026,09:51:13,21.0,53.9
06/14/2026,09:56:13,21.1,54.0
06/14/2026,10:01:13,21.1,54.1
06/14/2026,10:06:13,21.2,54.2
06/14/2026,10:11:13,21.2,54.3
06/14/2026,10:16:13,21.3,54.4
06/14/2026,10:21:13,21.3,54.6
06/14/2026,10:26:13,21.4,54.8
06/14/2026,10:31:13,21.5,54.5
06/14/2026,10:36:13,21.6,54.5
06/14/2026,10:41:13,21.6,54.5
06/14/2026,10:46:13,21.7,54.4
06/14/2026,10:51:13,21.7,54.3
06/14/2026,10:56:13,21.7,54.2
06/14/2026,11:01:13,21.7,54.0
06/14/2026,11:06:13,21.7,53.4
06/14/2026,11:11:13,21.7,53.4
06/14/2026,11:16:13,21.7,53.2
06/14/2026,11:21:13,21.8,53.2
06/14/2026,11:26:13,21.8,53.9
06/14/2026,11:31:13,22.0,54.2
06/14/2026,11:36:13,22.1,54.0
06/14/2026,11:41:13,22.2,53.9
06/14/2026,11:46:13,22.4,53.5
06/14/2026,11:51:13,22.6,53.3
06/14/2026,11:56:13,22.7,53.0
06/14/2026,12:01:13,22.9,53.0
06/14/2026,12:06:13,23.1,52.8
06/14/2026,12:11:13,23.3,52.8
06/14/2026,12:16:13,23.4,52.6
06/14/2026,12:21:13,23.5,52.7
06/14/2026,12:26:13,23.6,52.6
06/14/2026,12:31:13,23.7,52.3
06/14/2026,12:36:13,23.6,52.2
06/14/2026,12:41:13,23.6,52.2
06/14/2026,12:46:13,23.6,52.2
06/14/2026,12:51:13,23.6,52.1
06/14/2026,12:56:13,23.6,51.9
06/14/2026,13:01:13,23.6,51.6
06/14/2026,13:06:13,23.5,51.6
06/14/2026,13:11:13,23.5,51.4
06/14/2026,13:16:13,23.5,51.5
06/14/2026,13:21:13,23.4,51.4
06/14/2026,13:26:13,23.4,51.4
06/14/2026,13:31:13,23.3,51.3
06/14/2026,13:36:13,23.3,51.3
06/14/2026,13:41:13,23.3,51.1
06/14/2026,13:46:13,23.2,50.9
06/14/2026,13:51:13,23.2,50.8
06/14/2026,13:56:13,23.1,51.0
06/14/2026,14:01:13,23.1,50.8
06/14/2026,14:06:13,23.1,50.9
06/14/2026,14:11:13,23.1,50.8
06/14/2026,14:16:13,23.0,50.9
06/14/2026,14:21:13,23.0,50.9
06/14/2026,14:26:13,23.0,50.8
06/14/2026,14:31:13,22.9,50.9
06/14/2026,14:36:13,22.9,50.9
06/14/2026,14:41:13,22.9,50.9
06/14/2026,14:46:13,22.9,50.8
06/14/2026,14:51:13,22.8,50.8
06/14/2026,14:56:13,22.8,50.8
06/14/2026,15:01:13,22.8,50.8
06/14/2026,15:06:13,22.7,50.6
06/14/2026,15:11:13,22.7,50.7
06/14/2026,15:16:13,22.7,50.6
06/14/2026,15:21:13,22.7,50.7
06/14/2026,15:26:13,22.7,50.8
06/14/2026,15:31:13,22.6,50.7
06/14/2026,15:36:13,22.7,50.6
06/14/2026,15:41:13,22.6,50.7
06/14/2026,15:46:13,22.6,50.6
06/14/2026,15:51:13,22.6,50.5
06/14/2026,15:56:13,22.6,50.5
06/14/2026,16:01:13,22.6,50.3
06/14/2026,16:06:13,22.6,50.2
06/14/2026,16:11:13,22.6,50.3
06/14/2026,16:16:13,22.5,50.2
06/14/2026,16:21:13,22.5,50.1
06/14/2026,16:26:13,22.5,50.1
06/14/2026,16:31:13,22.5,50.2
06/14/2026,16:36:13,22.5,50.1
06/14/2026,16:41:13,22.5,50.0
06/14/2026,16:46:13,22.5,50.0
06/14/2026,16:51:13,22.5,50.1
06/14/2026,16:56:13,22.5,50.0
06/14/2026,17:01:13,22.5,50.0
06/14/2026,17:06:13,22.5,50.0
06/14/2026,17:11:13,22.4,49.9
06/14/2026,17:16:13,22.4,49.9
06/14/2026,17:21:13,22.4,49.8
06/14/2026,17:26:13,22.4,49.7
06/14/2026,17:31:13,22.4,49.6
06/14/2026,17:36:13,22.4,49.6
06/14/2026,17:41:13,22.4,49.7
06/14/2026,17:46:13,22.4,49.8
06/14/2026,17:51:13,22.4,49.7
06/14/2026,17:56:13,22.4,49.4
06/14/2026,18:01:13,22.4,49.5
06/14/2026,18:06:13,22.4,49.4
06/14/2026,18:11:13,22.3,49.3
06/14/2026,18:16:13,22.4,49.1
06/14/2026,18:21:13,22.3,49.1
06/14/2026,18:26:13,22.4,49.1
06/14/2026,18:31:13,22.4,49.1
06/14/2026,18:36:13,22.3,49.0
06/14/2026,18:41:13,22.3,49.0
06/14/2026,18:46:13,22.3,49.1
06/14/2026,18:51:13,22.3,49.0
06/14/2026,18:56:13,22.3,49.0
06/14/2026,19:01:13,22.3,49.0
06/14/2026,19:06:13,22.3,49.0
06/14/2026,19:11:13,22.3,48.8
06/14/2026,19:16:13,22.3,48.8
06/14/2026,19:21:13,22.3,48.8
06/14/2026,19:26:13,22.3,48.7
06/14/2026,19:31:13,22.3,48.7
06/14/2026,19:36:13,22.3,48.5
06/14/2026,19:41:13,22.3,48.5
06/14/2026,19:46:13,22.3,48.5
06/14/2026,19:51:13,22.2,48.4
06/14/2026,19:56:13,22.3,48.4
06/14/2026,20:01:13,22.3,48.4
06/14/2026,20:06:13,22.2,48.4
06/14/2026,20:11:13,22.2,48.3
06/14/2026,20:16:13,22.2,48.4
06/14/2026,20:21:13,22.2,48.3
06/14/2026,20:26:13,22.2,48.3
06/14/2026,20:31:13,22.2,48.3
06/14/2026,20:36:13,22.2,48.3
06/14/2026,20:41:13,22.2,48.2
06/14/2026,20:46:13,22.2,48.2
06/14/2026,20:51:13,22.1,48.3
06/14/2026,20:56:13,22.1,48.3
06/14/2026,21:01:13,22.2,48.2
06/14/2026,21:06:13,22.1,48.2
06/14/2026,21:11:13,22.1,48.3
06/14/2026,21:16:13,22.1,48.2
06/14/2026,21:21:13,22.1,48.3
06/14/2026,21:26:13,22.1,48.3
06/14/2026,21:31:13,22.1,48.3
06/14/2026,21:36:13,22.1,48.3
06/14/2026,21:41:13,22.1,48.4
06/14/2026,21:46:13,22.1,48.4
06/14/2026,21:51:13,22.0,48.4
06/14/2026,21:56:13,22.0,48.4
06/14/2026,22:01:13,22.0,48.4
06/14/2026,22:06:13,22.0,48.4
06/14/2026,22:11:13,22.0,48.3
06/14/2026,22:16:13,22.0,48.3
06/14/2026,22:21:13,21.9,48.3
06/14/2026,22:26:13,21.9,48.3
06/14/2026,22:31:13,21.9,48.3
06/14/2026,22:36:13,21.9,48.2
06/14/2026,22:41:13,21.9,48.3
06/14/2026,22:46:13,21.9,48.2
06/14/2026,22:51:13,21.8,48.3
06/14/2026,22:56:13,21.8,48.3
06/14/2026,23:01:13,21.8,48.2
06/14/2026,23:06:13,21.8,48.3
06/14/2026,23:11:13,21.7,48.2
06/14/2026,23:16:13,21.7,48.2
06/14/2026,23:21:13,21.7,48.3
06/14/2026,23:26:13,21.7,48.2
06/14/2026,23:31:13,21.7,48.2
06/14/2026,23:36:13,21.6,48.2
06/14/2026,23:41:13,21.6,48.2
06/14/2026,23:46:13,21.6,48.3
06/14/2026,23:51:13,21.6,48.2
06/14/2026,23:56:13,21.5,48.2
06/15/2026,00:01:13,21.5,48.3
06/15/2026,00:06:13,21.5,48.2
06/15/2026,00:11:13,21.5,48.2
06/15/2026,00:16:13,21.5,48.2
06/15/2026,00:21:13,21.5,48.2
06/15/2026,00:26:13,21.4,48.3
06/15/2026,00:31:13,21.4,48.3
06/15/2026,00:36:13,21.4,48.2
06/15/2026,00:41:13,21.4,48.2
06/15/2026,00:46:13,21.3,48.2
06/15/2026,00:51:13,21.3,48.2
06/15/2026,00:56:13,21.3,48.2
06/15/2026,01:01:13,21.3,48.2
06/15/2026,01:06:13,21.3,48.2
06/15/2026,01:11:13,21.3,48.2
06/15/2026,01:16:13,21.3,48.2
06/15/2026,01:21:13,21.2,48.2
06/15/2026,01:26:13,21.2,48.2
06/15/2026,01:31:13,21.2,48.2
06/15/2026,01:36:13,21.2,48.2
06/15/2026,01:41:13,21.1,48.2
06/15/2026,01:46:13,21.1,48.3
06/15/2026,01:51:13,21.1,48.3
06/15/2026,01:56:13,21.1,48.2
06/15/2026,02:01:13,21.1,48.2
06/15/2026,02:06:13,21.0,48.3
06/15/2026,02:11:13,21.0,48.3
06/15/2026,02:16:13,21.0,48.3
06/15/2026,02:21:13,20.9,48.4
06/15/2026,02:26:13,20.9,48.4
06/15/2026,02:31:13,20.9,48.4
06/15/2026,02:36:13,20.9,48.4
06/15/2026,02:41:13,20.9,48.4
06/15/2026,02:46:13,20.8,48.5
06/15/2026,02:51:13,20.8,48.5
06/15/2026,02:56:13,20.8,48.6
06/15/2026,03:01:13,20.8,48.6
06/15/2026,03:06:13,20.8,48.6
06/15/2026,03:11:13,20.7,48.6
06/15/2026,03:16:13,20.7,48.7
06/15/2026,03:21:13,20.7,48.7
06/15/2026,03:26:13,20.7,48.8
06/15/2026,03:31:13,20.7,48.8
06/15/2026,03:36:13,20.6,48.9
06/15/2026,03:41:13,20.6,48.9
06/15/2026,03:46:13,20.6,48.9
06/15/2026,03:51:13,20.6,49.0
06/15/2026,03:56:13,20.6,49.0
06/15/2026,04:01:13,20.6,49.0
06/15/2026,04:06:13,20.5,49.0
06/15/2026,04:11:13,20.5,49.1
06/15/2026,04:16:13,20.5,49.1
06/15/2026,04:21:13,20.5,49.1
06/15/2026,04:26:13,20.5,49.2
06/15/2026,04:31:13,20.5,49.2
06/15/2026,04:36:13,20.4,49.2
06/15/2026,04:41:13,20.4,49.3
06/15/2026,04:46:13,20.4,49.3
06/15/2026,04:51:13,20.4,49.3
06/15/2026,04:56:13,20.4,49.4
06/15/2026,05:01:13,20.3,49.4
06/15/2026,05:06:13,20.3,49.4
06/15/2026,05:11:13,20.3,49.4
06/15/2026,05:16:13,20.3,49.5
06/15/2026,05:21:13,20.2,49.5
06/15/2026,05:26:13,20.2,49.6
06/15/2026,05:31:13,20.2,49.6
06/15/2026,05:36:13,20.1,49.7
06/15/2026,05:41:13,20.1,49.8
06/15/2026,05:46:13,20.1,49.8
06/15/2026,05:51:13,20.1,49.8
06/15/2026,05:56:13,20.1,49.9
06/15/2026,06:01:13,20.1,49.9
06/15/2026,06:06:13,20.1,50.0
06/15/2026,06:11:13,20.0,50.1
06/15/2026,06:16:13,20.0,50.1
06/15/2026,06:21:13,20.0,50.1
06/15/2026,06:26:13,20.0,50.2
06/15/2026,06:31:13,20.0,50.2
06/15/2026,06:36:13,20.0,50.3
06/15/2026,06:41:13,20.0,50.3
06/15/2026,06:46:13,20.0,50.4
06/15/2026,06:51:13,20.0,50.4
06/15/2026,06:56:13,20.0,50.5
06/15/2026,07:01:13,20.0,50.6
06/15/2026,07:06:13,20.0,50.7
06/15/2026,07:11:13,20.0,50.8
06/15/2026,07:16:13,20.0,50.8
06/15/2026,07:21:13,20.0,50.9
06/15/2026,07:26:13,20.0,50.9
06/15/2026,07:31:13,20.0,51.1
06/15/2026,07:36:13,20.0,51.0
06/15/2026,07:41:13,20.0,51.1
06/15/2026,07:46:13,20.0,51.1
06/15/2026,07:51:13,20.0,51.1
06/15/2026,07:56:13,20.0,51.1
06/15/2026,08:01:13,20.0,51.1
06/15/2026,08:06:13,20.0,51.2
06/15/2026,08:11:13,20.0,51.2
06/15/2026,08:16:13,20.0,51.1
06/15/2026,08:21:13,20.1,51.2
06/15/2026,08:26:13,20.1,51.2
06/15/2026,08:31:13,20.1,51.1
06/15/2026,08:36:13,20.1,51.2
06/15/2026,08:41:13,20.1,51.2
06/15/2026,08:46:13,20.1,51.2
06/15/2026,08:51:13,20.1,51.2
06/15/2026,08:56:13,20.1,51.3
06/15/2026,09:01:13,20.1,51.2
06/15/2026,09:06:13,20.1,51.2
06/15/2026,09:11:13,20.1,51.2
06/15/2026,09:16:13,20.1,51.2
06/15/2026,09:21:13,20.1,51.2
06/15/2026,09:26:13,20.1,51.2
06/15/2026,09:31:13,20.2,51.2
06/15/2026,09:36:13,20.2,51.2
06/15/2026,09:41:13,20.2,51.2
06/15/2026,09:46:13,20.2,51.3
06/15/2026,09:51:13,20.2,51.3
06/15/2026,09:56:13,20.2,51.3
06/15/2026,10:01:13,20.2,51.3
06/15/2026,10:06:13,20.2,51.4
06/15/2026,10:11:13,20.2,51.4
06/15/2026,10:16:13,20.3,51.4
06/15/2026,10:21:13,20.3,51.4
06/15/2026,10:26:13,20.3,51.4
06/15/2026,10:31:13,20.3,51.5
06/15/2026,10:36:13,20.3,51.5
06/15/2026,10:41:13,20.3,51.5
06/15/2026,10:46:13,20.4,51.5
06/15/2026,10:51:13,20.4,51.5
06/15/2026,10:56:13,20.4,51.5
06/15/2026,11:01:13,20.4,51.5
06/15/2026,11:06:13,20.4,51.5
06/15/2026,11:11:13,20.4,51.5
06/15/2026,11:16:13,20.4,51.5
06/15/2026,11:21:13,20.4,51.5
06/15/2026,11:26:13,20.4,51.5
06/15/2026,11:31:13,20.4,51.5
06/15/2026,11:36:13,20.4,51.5
06/15/2026,11:41:13,20.4,51.5
06/15/2026,11:46:13,20.4,51.6
06/15/2026,11:51:13,20.4,51.6
06/15/2026,11:56:13,20.4,51.6
06/15/2026,12:01:13,20.4,51.6
06/15/2026,12:06:13,20.4,51.6
06/15/2026,12:11:13,20.5,51.6
06/15/2026,12:16:13,20.5,51.6
06/15/2026,12:21:13,20.5,51.6
06/15/2026,12:26:13,20.5,51.7
06/15/2026,12:31:13,20.5,51.7
06/15/2026,12:36:13,20.4,51.7
06/15/2026,12:41:13,20.5,51.7
06/15/2026,12:46:13,20.5,51.7
06/15/2026,12:51:13,20.5,51.8
06/15/2026,12:56:13,20.5,51.8
06/15/2026,13:01:13,20.5,51.8
06/15/2026,13:06:13,20.7,51.7
06/15/2026,13:11:13,20.7,51.6
06/15/2026,13:16:13,20.6,51.7
06/15/2026,13:21:13,20.6,51.8
06/15/2026,13:26:13,20.6,51.8
06/15/2026,13:31:13,20.6,51.8
06/15/2026,13:36:13,20.6,51.8
06/15/2026,13:41:13,20.6,51.9
06/15/2026,13:46:13,20.6,52.0
06/15/2026,13:51:13,20.6,52.0
06/15/2026,13:56:13,20.6,51.9
06/15/2026,14:01:13,20.6,52.0
06/15/2026,14:06:13,20.6,52.0
06/15/2026,14:11:13,20.6,52.0
06/15/2026,14:16:13,20.6,52.0
06/15/2026,14:21:13,20.6,52.0
06/15/2026,14:26:13,20.6,52.0
06/15/2026,14:31:13,20.6,52.0
06/15/2026,14:36:13,20.6,52.1
06/15/2026,14:41:13,20.6,52.0
06/15/2026,14:46:13,20.7,52.1
06/15/2026,14:51:13,20.7,52.1
06/15/2026,14:56:13,20.7,52.1
06/15/2026,15:01:13,20.7,52.0
06/15/2026,15:06:13,20.7,52.1
06/15/2026,15:11:13,20.7,52.1
06/15/2026,15:16:13,20.7,52.0
06/15/2026,15:21:13,20.7,52.0
06/15/2026,15:26:13,20.8,52.0
06/15/2026,15:31:13,20.8,52.0
06/15/2026,15:36:13,20.8,52.0
06/15/2026,15:41:13,20.8,52.0
06/15/2026,15:46:13,20.8,52.0
06/15/2026,15:51:13,20.8,52.0
06/15/2026,15:56:13,20.8,52.1
06/15/2026,16:01:13,20.8,52.0
06/15/2026,16:06:13,20.8,52.1
06/15/2026,16:11:13,20.8,52.1
06/15/2026,16:16:13,20.9,52.1
06/15/2026,16:21:13,20.9,52.1
06/15/2026,16:26:13,20.9,52.1
06/15/2026,16:31:13,20.9,52.1
06/15/2026,16:36:13,20.9,52.1
06/15/2026,16:41:13,20.9,52.1
06/15/2026,16:46:13,20.9,52.1
06/15/2026,16:51:13,21.0,52.1
06/15/2026,16:56:13,21.0,52.3
06/15/2026,17:01:13,21.0,52.3
06/15/2026,17:06:13,21.0,52.2
06/15/2026,17:11:13,21.0,52.2
06/15/2026,17:16:13,21.0,52.2
06/15/2026,17:21:13,21.0,52.2
06/15/2026,17:26:13,21.0,52.2
06/15/2026,17:31:13,21.0,52.2
06/15/2026,17:36:13,21.0,52.2
06/15/2026,17:41:13,21.0,52.2
06/15/2026,17:46:13,21.0,52.2
06/15/2026,17:51:13,21.1,52.2
06/15/2026,17:56:13,21.1,52.2
06/15/2026,18:01:13,21.1,52.2
06/15/2026,18:06:13,21.1,52.2
06/15/2026,18:11:13,21.1,52.2
06/15/2026,18:16:13,21.1,52.2
06/15/2026,18:21:13,21.1,52.3
06/15/2026,18:26:13,21.1,52.4
06/15/2026,18:31:13,21.1,52.5
06/15/2026,18:36:13,21.1,52.5
06/15/2026,18:41:13,21.2,52.6
06/15/2026,18:46:13,21.2,53.7
06/15/2026,18:51:13,21.2,53.7
06/15/2026,18:56:13,21.3,54.0
06/15/2026,19:01:13,21.3,54.5
06/15/2026,19:06:13,21.3,54.8
06/15/2026,19:11:13,21.3,55.0
06/15/2026,19:16:13,21.4,55.2
06/15/2026,19:21:13,21.4,55.6
06/15/2026,19:26:13,21.5,55.4
06/15/2026,19:31:13,21.5,55.4
06/15/2026,19:36:13,21.5,55.4
06/15/2026,19:41:13,21.6,55.3
06/15/2026,19:46:13,21.6,55.3
06/15/2026,19:51:13,21.6,55.4
06/15/2026,19:56:13,21.6,55.4
06/15/2026,20:01:13,21.6,55.5
06/15/2026,20:06:13,21.7,55.5
06/15/2026,20:11:13,21.7,55.8
06/15/2026,20:16:13,21.8,55.8
06/15/2026,20:21:13,21.8,55.8
06/15/2026,20:26:13,21.9,55.8
06/15/2026,20:31:13,21.9,55.6
06/15/2026,20:36:13,22.0,55.4
06/15/2026,20:41:13,22.0,55.5
06/15/2026,20:46:13,22.0,55.4
06/15/2026,20:51:13,22.0,55.5
06/15/2026,20:56:13,22.0,55.5
06/15/2026,21:01:13,22.0,55.4
06/15/2026,21:06:13,22.1,55.1
06/15/2026,21:11:13,22.1,55.0
06/15/2026,21:16:13,22.1,54.9
06/15/2026,21:21:13,22.1,54.8
06/15/2026,21:26:13,22.1,54.4
06/15/2026,21:31:13,22.0,54.0
06/15/2026,21:36:13,22.0,53.6
06/15/2026,21:41:13,22.0,53.4
06/15/2026,21:46:13,22.0,53.2
06/15/2026,21:51:13,22.0,53.0
06/15/2026,21:56:13,22.0,52.8
06/15/2026,22:01:13,21.9,52.7
06/15/2026,22:06:13,21.9,52.7
06/15/2026,22:11:13,21.9,52.7
06/15/2026,22:16:13,21.9,52.8
06/15/2026,22:21:13,21.9,52.8
06/15/2026,22:26:13,21.9,52.8
06/15/2026,22:31:13,21.8,52.8
06/15/2026,22:36:13,21.8,52.8
06/15/2026,22:41:13,21.8,52.7
06/15/2026,22:46:13,21.8,52.7
06/15/2026,22:51:13,21.8,52.7
06/15/2026,22:56:13,21.8,52.7
06/15/2026,23:01:13,21.7,52.6
06/15/2026,23:06:13,21.7,52.6
06/15/2026,23:11:13,21.7,52.6
06/15/2026,23:16:13,21.7,52.6
06/15/2026,23:21:13,21.6,52.6
06/15/2026,23:26:13,21.6,52.6
06/15/2026,23:31:13,21.6,52.6
06/15/2026,23:36:13,21.6,52.6
06/15/2026,23:41:13,21.5,52.6
06/15/2026,23:46:13,21.5,52.6
06/15/2026,23:51:13,21.5,52.6
06/15/2026,23:56:13,21.5,52.6
06/16/2026,00:01:13,21.4,52.6
06/16/2026,00:06:13,21.4,52.6
06/16/2026,00:11:13,21.4,52.6
06/16/2026,00:16:13,21.4,52.6
06/16/2026,00:21:13,21.4,52.6
06/16/2026,00:26:13,21.3,52.7
06/16/2026,00:31:13,21.3,52.7
06/16/2026,00:36:13,21.3,52.7
06/16/2026,00:41:13,21.3,52.7
06/16/2026,00:46:13,21.3,52.7
06/16/2026,00:51:13,21.3,52.8
06/16/2026,00:56:13,21.2,52.7
06/16/2026,01:01:13,21.2,52.8
06/16/2026,01:06:13,21.2,52.8
06/16/2026,01:11:13,21.2,52.8
06/16/2026,01:16:13,21.1,52.8
06/16/2026,01:21:13,21.1,52.9
06/16/2026,01:26:13,21.1,52.9
06/16/2026,01:31:13,21.1,52.9
06/16/2026,01:36:13,21.1,53.0
06/16/2026,01:41:13,21.0,52.9
06/16/2026,01:46:13,21.0,53.0
06/16/2026,01:51:13,21.0,52.9
06/16/2026,01:56:13,21.0,52.9
06/16/2026,02:01:13,21.0,53.0
06/16/2026,02:06:13,21.0,53.0
06/16/2026,02:11:13,21.0,53.0
06/16/2026,02:16:13,21.0,53.0
06/16/2026,02:21:13,20.9,53.0
06/16/2026,02:26:13,20.9,53.0
06/16/2026,02:31:13,20.9,53.0
06/16/2026,02:36:13,20.9,53.0
06/16/2026,02:41:13,20.9,53.1
06/16/2026,02:46:13,20.8,53.1
06/16/2026,02:51:13,20.8,53.0
06/16/2026,02:56:13,20.8,53.1
06/16/2026,03:01:13,20.8,53.1
06/16/2026,03:06:13,20.8,53.1
06/16/2026,03:11:13,20.7,53.1
06/16/2026,03:16:13,20.7,53.1
06/16/2026,03:21:13,20.7,53.1
06/16/2026,03:26:13,20.7,53.1
06/16/2026,03:31:13,20.7,53.1
06/16/2026,03:36:13,20.7,53.1
06/16/2026,03:41:13,20.7,53.2
06/16/2026,03:46:13,20.7,53.1
06/16/2026,03:51:13,20.6,53.1
06/16/2026,03:56:13,20.6,53.1
06/16/2026,04:01:13,20.6,53.2
06/16/2026,04:06:13,20.6,53.2
06/16/2026,04:11:13,20.6,53.1
06/16/2026,04:16:13,20.6,53.2
06/16/2026,04:21:13,20.6,53.2
06/16/2026,04:26:13,20.6,53.3
06/16/2026,04:31:13,20.5,53.2
06/16/2026,04:36:13,20.5,53.2
06/16/2026,04:41:13,20.5,53.2
06/16/2026,04:46:13,20.5,53.3
06/16/2026,04:51:13,20.5,53.3
06/16/2026,04:56:13,20.5,53.3
06/16/2026,05:01:13,20.5,53.3
06/16/2026,05:06:13,20.5,53.3
06/16/2026,05:11:13,20.4,53.3
06/16/2026,05:16:13,20.4,53.3
06/16/2026,05:21:13,20.4,53.3
06/16/2026,05:26:13,20.4,53.3
06/16/2026,05:31:13,20.4,53.3
06/16/2026,05:36:13,20.4,53.4
06/16/2026,05:41:13,20.4,53.3
06/16/2026,05:46:13,20.4,53.4
06/16/2026,05:51:13,20.4,53.4
06/16/2026,05:56:13,20.3,53.4
06/16/2026,06:01:13,20.4,53.4
06/16/2026,06:06:13,20.3,53.4
06/16/2026,06:11:13,20.3,53.4
06/16/2026,06:16:13,20.3,53.4
06/16/2026,06:21:13,20.3,53.5
06/16/2026,06:26:13,20.3,53.5
06/16/2026,06:31:13,20.3,53.5
06/16/2026,06:36:13,20.3,53.4
06/16/2026,06:41:13,20.3,53.5
06/16/2026,06:46:13,20.3,53.5
06/16/2026,06:51:13,20.3,53.5
06/16/2026,06:56:13,20.3,53.5
06/16/2026,07:01:13,20.3,53.4
06/16/2026,07:06:13,20.3,53.5
06/16/2026,07:11:13,20.3,53.5
06/16/2026,07:16:13,20.3,53.5
06/16/2026,07:21:13,20.3,53.6
06/16/2026,07:26:13,20.3,53.5
06/16/2026,07:31:13,20.3,53.6
06/16/2026,07:36:13,20.3,53.6
06/16/2026,07:41:13,20.2,53.6
06/16/2026,07:46:13,20.2,53.7
06/16/2026,07:51:13,20.2,53.7
06/16/2026,07:56:13,20.2,53.7
06/16/2026,08:01:13,20.2,53.7
06/16/2026,08:06:13,20.2,53.7
06/16/2026,08:11:13,20.2,53.7
06/16/2026,08:16:13,20.2,53.7
06/16/2026,08:21:13,20.2,53.7
06/16/2026,08:26:13,20.2,53.8
06/16/2026,08:31:13,20.2,53.8
06/16/2026,08:36:13,20.2,53.8
06/16/2026,08:41:13,20.2,53.9
06/16/2026,08:46:13,20.2,53.9
06/16/2026,08:51:13,20.2,53.9
06/16/2026,08:56:13,20.2,53.9
06/16/2026,09:01:13,20.2,53.9
06/16/2026,09:06:13,20.2,53.9
06/16/2026,09:11:13,20.2,54.0
06/16/2026,09:16:13,20.2,54.0
06/16/2026,09:21:13,20.2,54.0
06/16/2026,09:26:13,20.2,54.1
06/16/2026,09:31:13,20.2,54.0
06/16/2026,09:36:13,20.2,54.1
06/16/2026,09:41:13,20.2,54.1
06/16/2026,09:46:13,20.2,54.1
06/16/2026,09:51:13,20.2,54.2
06/16/2026,09:56:13,20.2,54.2
06/16/2026,10:01:13,20.2,54.2
06/16/2026,10:06:13,20.2,54.3
06/16/2026,10:11:13,20.2,54.3
06/16/2026,10:16:13,20.2,54.3
06/16/2026,10:21:13,20.2,54.4
06/16/2026,10:26:13,20.3,54.4
06/16/2026,10:31:13,20.3,54.4
06/16/2026,10:36:13,20.3,54.4
06/16/2026,10:41:13,20.3,54.4
06/16/2026,10:46:13,20.3,54.5
06/16/2026,10:51:13,20.3,54.5
06/16/2026,10:56:13,20.3,54.5
06/16/2026,11:01:13,20.3,54.5
06/16/2026,11:06:13,20.3,54.5
06/16/2026,11:11:13,20.3,54.4
06/16/2026,11:16:13,20.3,54.5
06/16/2026,11:21:13,20.3,54.4
06/16/2026,11:26:13,20.3,54.4
06/16/2026,11:31:13,20.4,54.4
06/16/2026,11:36:13,20.4,54.4
06/16/2026,11:41:13,20.4,54.4
06/16/2026,11:46:13,20.4,54.4
06/16/2026,11:51:13,20.4,54.4
06/16/2026,11:56:13,20.5,54.4
06/16/2026,12:01:13,20.5,54.4
06/16/2026,12:06:13,20.5,54.4
06/16/2026,12:11:13,20.5,54.4
06/16/2026,12:16:13,20.5,54.5
06/16/2026,12:21:13,20.6,54.6
06/16/2026,12:26:13,20.6,54.6
06/16/2026,12:31:13,20.6,54.7
06/16/2026,12:36:13,20.6,54.7
06/16/2026,12:41:13,20.7,54.9
06/16/2026,12:46:13,20.7,55.0
06/16/2026,12:51:13,20.7,55.2
06/16/2026,12:56:13,20.7,55.3
06/16/2026,13:01:13,20.8,55.4
06/16/2026,13:06:13,20.8,55.6
06/16/2026,13:11:13,20.8,55.7
06/16/2026,13:16:13,20.9,55.7
06/16/2026,13:21:13,20.9,55.7
06/16/2026,13:26:13,21.0,55.9
06/16/2026,13:31:13,21.0,55.9
06/16/2026,13:36:13,21.0,56.2
06/16/2026,13:41:13,21.1,56.2
06/16/2026,13:46:13,21.1,56.3
06/16/2026,13:51:13,21.1,56.4
06/16/2026,13:56:13,21.2,56.5
06/16/2026,14:01:13,21.2,56.5
06/16/2026,14:06:13,21.2,56.6
06/16/2026,14:11:13,21.3,56.8
06/16/2026,14:16:13,21.3,56.9
06/16/2026,14:21:13,21.3,56.9
06/16/2026,14:26:13,21.4,57.0
06/16/2026,14:31:13,21.4,57.3
06/16/2026,14:36:13,21.4,57.5
06/16/2026,14:41:13,21.5,57.6
06/16/2026,14:46:13,21.5,57.4
06/16/2026,14:51:13,21.6,57.6
06/16/2026,14:56:13,21.6,57.8
06/16/2026,15:01:13,21.7,57.8
06/16/2026,15:06:13,21.7,58.1
06/16/2026,15:11:13,21.7,58.0
06/16/2026,15:16:13,21.7,58.0
06/16/2026,15:21:13,21.8,58.2
06/16/2026,15:26:13,21.8,58.2
06/16/2026,15:31:13,21.8,58.3
06/16/2026,15:36:13,21.9,58.4
06/16/2026,15:41:13,21.9,58.5
06/16/2026,15:46:13,21.9,58.5
06/16/2026,15:51:13,21.9,58.6
06/16/2026,15:56:13,22.0,58.5
06/16/2026,16:01:13,22.0,58.6
06/16/2026,16:06:13,22.0,58.5
06/16/2026,16:11:13,22.0,58.6
06/16/2026,16:16:13,22.1,58.9
06/16/2026,16:21:13,22.1,59.0
06/16/2026,16:26:13,22.1,59.1
06/16/2026,16:31:13,22.1,59.1
06/16/2026,16:36:13,22.2,59.2
06/16/2026,16:41:13,22.2,59.2
06/16/2026,16:46:13,22.2,59.0
06/16/2026,16:51:13,22.2,59.0
06/16/2026,16:56:13,22.2,59.2
06/16/2026,17:01:13,22.3,59.0
06/16/2026,17:06:13,22.3,59.0
06/16/2026,17:11:13,22.3,59.0
06/16/2026,17:16:13,22.3,59.2
06/16/2026,17:21:13,22.4,59.3
06/16/2026,17:26:13,22.4,59.2
06/16/2026,17:31:13,22.4,59.4
06/16/2026,17:36:13,22.4,59.4
06/16/2026,17:41:13,22.4,59.2
06/16/2026,17:46:13,22.5,59.3
06/16/2026,17:51:13,22.5,59.2
06/16/2026,17:56:13,22.5,59.2
06/16/2026,18:01:13,22.5,59.2
06/16/2026,18:06:13,22.5,59.1
06/16/2026,18:11:13,22.5,59.1
06/16/2026,18:16:13,22.5,59.0
06/16/2026,18:21:13,22.6,59.0
06/16/2026,18:26:13,22.6,58.9
06/16/2026,18:31:13,22.6,58.8
06/16/2026,18:36:13,22.6,58.8
06/16/2026,18:41:13,22.6,58.8
06/16/2026,18:46:13,22.6,58.8
06/16/2026,18:51:13,22.6,58.8
06/16/2026,18:56:13,22.7,58.7
06/16/2026,19:01:13,22.6,58.6
06/16/2026,19:06:13,22.7,58.6
06/16/2026,19:11:13,22.6,58.5
06/16/2026,19:16:13,22.7,58.5
06/16/2026,19:21:13,22.7,58.5
06/16/2026,19:26:13,22.7,58.5
06/16/2026,19:31:13,22.7,58.5
06/16/2026,19:36:13,22.7,58.4
06/16/2026,19:41:13,22.8,58.4
06/16/2026,19:46:13,22.8,58.4
06/16/2026,19:51:13,22.8,58.4
06/16/2026,19:56:13,22.8,58.4
06/16/2026,20:01:13,22.8,58.4
06/16/2026,20:06:13,22.8,58.4
06/16/2026,20:11:13,22.8,58.4
06/16/2026,20:16:13,22.9,58.3
06/16/2026,20:21:13,22.9,58.3
06/16/2026,20:26:13,22.9,58.3
06/16/2026,20:31:13,22.9,58.3
06/16/2026,20:36:13,22.9,58.3
06/16/2026,20:41:13,22.9,58.3
06/16/2026,20:46:13,22.9,58.3
06/16/2026,20:51:13,22.9,58.2
06/16/2026,20:56:13,22.9,58.2
06/16/2026,21:01:13,22.9,58.2
06/16/2026,21:06:13,22.9,58.1
06/16/2026,21:11:13,22.9,58.0
06/16/2026,21:16:13,22.9,58.0
06/16/2026,21:21:13,22.9,58.0
06/16/2026,21:26:13,22.9,57.9
06/16/2026,21:31:13,22.9,57.9
06/16/2026,21:36:13,22.9,57.9
06/16/2026,21:41:13,22.9,57.8
06/16/2026,21:46:13,22.9,57.8
06/16/2026,21:51:13,22.9,57.7
06/16/2026,21:56:13,22.9,57.7
06/16/2026,22:01:13,22.9,57.7
06/16/2026,22:06:13,22.9,57.6
06/16/2026,22:11:13,22.9,57.6
06/16/2026,22:16:13,22.9,57.7
06/16/2026,22:21:13,22.9,57.6
06/16/2026,22:26:13,22.9,57.6
06/16/2026,22:31:13,22.9,57.6
06/16/2026,22:36:13,22.9,57.6
06/16/2026,22:41:13,22.9,57.6
06/16/2026,22:46:13,22.9,57.5
06/16/2026,22:51:13,22.9,57.6
06/16/2026,22:56:13,22.9,57.5
06/16/2026,23:01:13,22.9,57.5
06/16/2026,23:06:13,22.9,57.4
06/16/2026,23:11:13,22.9,57.5
06/16/2026,23:16:13,22.8,57.5
06/16/2026,23:21:13,22.8,57.5
06/16/2026,23:26:13,22.9,57.5
06/16/2026,23:31:13,22.8,57.5
06/16/2026,23:36:13,22.8,57.5
06/16/2026,23:41:13,22.9,57.4
06/16/2026,23:46:13,22.8,57.5
06/16/2026,23:51:13,22.8,57.4
06/16/2026,23:56:13,22.8,57.5
06/17/2026,00:01:13,22.8,57.5
06/17/2026,00:06:13,22.8,57.5
06/17/2026,00:11:13,22.8,57.5
06/17/2026,00:16:13,22.8,57.5
06/17/2026,00:21:13,22.8,57.6
06/17/2026,00:26:13,22.8,57.5
06/17/2026,00:31:13,22.8,57.6
06/17/2026,00:36:13,22.8,57.5
06/17/2026,00:41:13,22.7,57.6
06/17/2026,00:46:13,22.7,57.6
06/17/2026,00:51:13,22.7,57.5
06/17/2026,00:56:13,22.7,57.6
06/17/2026,01:01:13,22.7,57.6
06/17/2026,01:06:13,22.7,57.6
06/17/2026,01:11:13,22.7,57.5
06/17/2026,01:16:13,22.7,57.5
06/17/2026,01:21:13,22.7,57.6
06/17/2026,01:26:13,22.7,57.6
06/17/2026,01:31:13,22.7,57.5
06/17/2026,01:36:13,22.7,57.6
06/17/2026,01:41:13,22.7,57.6
06/17/2026,01:46:13,22.7,57.6
06/17/2026,01:51:13,22.7,57.6
06/17/2026,01:56:13,22.6,57.6
06/17/2026,02:01:13,22.6,57.6
06/17/2026,02:06:13,22.6,57.6
06/17/2026,02:11:13,22.6,57.6
06/17/2026,02:16:13,22.6,57.6
06/17/2026,02:21:13,22.6,57.6
06/17/2026,02:26:13,22.6,57.6
06/17/2026,02:31:13,22.6,57.6
06/17/2026,02:36:13,22.6,57.6
06/17/2026,02:41:13,22.6,57.5
06/17/2026,02:46:13,22.6,57.6
06/17/2026,02:51:13,22.5,57.6
06/17/2026,02:56:13,22.5,57.6
06/17/2026,03:01:13,22.5,57.6
06/17/2026,03:06:13,22.5,57.6
06/17/2026,03:11:13,22.5,57.6
06/17/2026,03:16:13,22.5,57.6
06/17/2026,03:21:13,22.5,57.6
06/17/2026,03:26:13,22.5,57.6
06/17/2026,03:31:13,22.5,57.6
06/17/2026,03:36:13,22.4,57.5
06/17/2026,03:41:13,22.5,57.6
06/17/2026,03:46:13,22.4,57.6
06/17/2026,03:51:13,22.4,57.6
06/17/2026,03:56:13,22.4,57.6
06/17/2026,04:01:13,22.4,57.6
06/17/2026,04:06:13,22.4,57.6
06/17/2026,04:11:13,22.4,57.6
06/17/2026,04:16:13,22.4,57.6
06/17/2026,04:21:13,22.4,57.6
06/17/2026,04:26:13,22.4,57.6
06/17/2026,04:31:13,22.4,57.6
06/17/2026,04:36:13,22.4,57.5
06/17/2026,04:41:13,22.3,57.6
06/17/2026,04:46:13,22.3,57.6
06/17/2026,04:51:13,22.3,57.6
06/17/2026,04:56:13,22.3,57.6
06/17/2026,05:01:13,22.3,57.6
06/17/2026,05:06:13,22.3,57.6
06/17/2026,05:11:13,22.3,57.5
06/17/2026,05:16:13,22.3,57.6
06/17/2026,05:21:13,22.3,57.6
06/17/2026,05:26:13,22.3,57.6
06/17/2026,05:31:13,22.3,57.6
06/17/2026,05:36:13,22.3,57.6
06/17/2026,05:41:13,22.2,57.6
06/17/2026,05:46:13,22.3,57.6
06/17/2026,05:51:13,22.2,57.6
06/17/2026,05:56:13,22.2,57.6
06/17/2026,06:01:13,22.2,57.6
06/17/2026,06:06:13,22.2,57.6
06/17/2026,06:11:13,22.2,57.6
06/17/2026,06:16:13,22.2,57.7
06/17/2026,06:21:13,22.2,57.7
06/17/2026,06:26:13,22.2,57.7
06/17/2026,06:31:13,22.2,57.7
06/17/2026,06:36:13,22.2,57.7
06/17/2026,06:41:13,22.2,57.7
06/17/2026,06:46:13,22.2,57.7
06/17/2026,06:51:13,22.1,57.7
06/17/2026,06:56:13,22.1,57.7
06/17/2026,07:01:13,22.1,57.8
06/17/2026,07:06:13,22.1,57.8
06/17/2026,07:11:13,22.1,57.8
06/17/2026,07:16:13,22.1,57.8
06/17/2026,07:21:13,22.1,57.8
06/17/2026,07:26:13,22.1,57.9
06/17/2026,07:31:13,22.1,57.9
06/17/2026,07:36:13,22.1,57.9
06/17/2026,07:41:13,22.1,57.9
06/17/2026,07:46:13,22.1,57.9
06/17/2026,07:51:13,22.1,58.0
06/17/2026,07:56:13,22.0,58.0
06/17/2026,08:01:13,22.0,58.0
06/17/2026,08:06:13,22.0,58.1
06/17/2026,08:11:13,22.0,58.0
06/17/2026,08:16:13,22.0,58.1
06/17/2026,08:21:13,22.0,58.1
06/17/2026,08:26:13,22.0,58.1
06/17/2026,08:31:13,22.0,58.2
06/17/2026,08:36:13,22.0,58.1
06/17/2026,08:41:13,22.0,58.2
06/17/2026,08:46:13,22.0,58.2
06/17/2026,08:51:13,22.0,58.3
06/17/2026,08:56:13,22.0,58.3
06/17/2026,09:01:13,22.0,58.3
06/17/2026,09:06:13,22.0,58.3
06/17/2026,09:11:13,22.0,58.3
06/17/2026,09:16:13,22.0,58.4
06/17/2026,09:21:13,22.0,58.4
06/17/2026,09:26:13,22.0,58.4
06/17/2026,09:31:13,22.0,58.5
06/17/2026,09:36:13,22.0,58.5
06/17/2026,09:41:13,22.0,58.5
06/17/2026,09:46:13,22.0,58.5
06/17/2026,09:51:13,22.0,58.5
06/17/2026,09:56:13,22.1,58.6
06/17/2026,10:01:13,22.1,58.6
06/17/2026,10:06:13,22.1,58.6
06/17/2026,10:11:13,22.1,58.7
06/17/2026,10:16:13,22.1,58.8
06/17/2026,10:21:13,22.1,59.0
06/17/2026,10:26:13,22.2,58.9
06/17/2026,10:31:13,22.2,58.9
06/17/2026,10:36:13,22.2,58.9
06/17/2026,10:41:13,22.2,58.8
06/17/2026,10:46:13,22.2,58.8
06/17/2026,10:51:13,22.2,58.9
06/17/2026,10:56:13,22.2,58.8
06/17/2026,11:01:13,22.2,58.8
06/17/2026,11:06:13,22.3,58.8
06/17/2026,11:11:13,22.3,58.9
06/17/2026,11:16:13,22.3,58.9
06/17/2026,11:21:13,22.3,58.9
06/17/2026,11:26:13,22.4,58.9
06/17/2026,11:31:13,22.3,58.9
06/17/2026,11:36:13,22.4,58.9
06/17/2026,11:41:13,22.4,58.9
06/17/2026,11:46:13,22.4,59.0
06/17/2026,11:51:13,22.4,59.0
06/17/2026,11:56:13,22.4,59.1
06/17/2026,12:01:13,22.5,59.1
06/17/2026,12:06:13,22.5,59.1
06/17/2026,12:11:13,22.5,59.1
06/17/2026,12:16:13,22.5,59.2
06/17/2026,12:21:13,22.5,59.1
06/17/2026,12:26:13,22.5,59.1
06/17/2026,12:31:13,22.6,59.2
06/17/2026,12:36:13,22.6,59.2
06/17/2026,12:41:13,22.6,59.2
06/17/2026,12:46:13,22.6,59.2
06/17/2026,12:51:13,22.6,59.2
06/17/2026,12:56:13,22.6,59.2
06/17/2026,13:01:13,22.7,59.2
06/17/2026,13:06:13,22.7,59.2
06/17/2026,13:11:13,22.7,59.2
06/17/2026,13:16:13,22.7,59.3
06/17/2026,13:21:13,22.7,59.3
06/17/2026,13:26:13,22.7,59.3
06/17/2026,13:31:13,22.7,59.3
06/17/2026,13:36:13,22.7,59.3
06/17/2026,13:41:13,22.8,59.4
06/17/2026,13:46:13,22.8,59.5
06/17/2026,13:51:13,22.8,59.5
06/17/2026,13:56:13,22.8,59.5
06/17/2026,14:01:13,22.9,59.6
06/17/2026,14:06:13,22.9,59.6
06/17/2026,14:11:13,22.9,59.6
06/17/2026,14:16:13,22.9,59.6
06/17/2026,14:21:13,22.9,59.7
06/17/2026,14:26:13,22.9,59.6
06/17/2026,14:31:13,23.0,59.7
06/17/2026,14:36:13,23.0,59.7
06/17/2026,14:41:13,23.0,59.7
06/17/2026,14:46:13,23.0,59.8
06/17/2026,14:51:13,23.0,59.8
06/17/2026,14:56:13,23.0,59.9
06/17/2026,15:01:13,23.1,59.9
06/17/2026,15:06:13,23.1,60.1
06/17/2026,15:11:13,23.1,60.1
06/17/2026,15:16:13,23.1,60.1
06/17/2026,15:21:13,23.1,60.1
06/17/2026,15:26:13,23.1,60.2
06/17/2026,15:31:13,23.1,60.2
06/17/2026,15:36:13,23.2,60.2
06/17/2026,15:41:13,23.2,60.1
06/17/2026,15:46:13,23.2,60.2
06/17/2026,15:51:13,23.2,60.2
06/17/2026,15:56:13,23.2,60.3
06/17/2026,16:01:13,23.3,60.3
06/17/2026,16:06:13,23.3,60.5
06/17/2026,16:11:13,23.3,60.4
06/17/2026,16:16:13,23.3,60.4
06/17/2026,16:21:13,23.3,60.5
06/17/2026,16:26:13,23.3,60.5
06/17/2026,16:31:13,23.3,60.6
06/17/2026,16:36:13,23.4,60.6
06/17/2026,16:41:13,23.4,60.6
06/17/2026,16:46:13,23.4,60.6
06/17/2026,16:51:13,23.4,60.6
06/17/2026,16:56:13,23.4,60.6
06/17/2026,17:01:13,23.5,60.6
06/17/2026,17:06:13,23.5,60.6
06/17/2026,17:11:13,23.5,60.7
06/17/2026,17:16:13,23.5,60.7
06/17/2026,17:21:13,23.5,60.7
06/17/2026,17:26:13,23.5,60.7
06/17/2026,17:31:13,23.5,60.6
06/17/2026,17:36:13,23.5,60.6
06/17/2026,17:41:13,23.6,60.5
06/17/2026,17:46:13,23.6,60.5
06/17/2026,17:51:13,23.6,60.5
06/17/2026,17:56:13,23.6,60.6
06/17/2026,18:01:13,23.6,60.6
06/17/2026,18:06:13,23.6,60.5
06/17/2026,18:11:13,23.6,60.6
06/17/2026,18:16:13,23.6,60.5
06/17/2026,18:21:13,23.6,60.5
06/17/2026,18:26:13,23.6,60.4
06/17/2026,18:31:13,23.6,60.5
06/17/2026,18:36:13,23.7,60.6
06/17/2026,18:41:13,23.7,60.7
06/17/2026,18:46:13,23.7,60.5
06/17/2026,18:51:13,23.7,60.5
06/17/2026,18:56:13,23.7,60.6
06/17/2026,19:01:13,23.7,60.8
06/17/2026,19:06:13,23.7,61.0
06/17/2026,19:11:13,23.7,61.1
06/17/2026,19:16:13,23.7,61.3
06/17/2026,19:21:13,23.8,61.3
06/17/2026,19:26:13,23.8,61.5
06/17/2026,19:31:13,23.8,61.5
06/17/2026,19:36:13,23.8,61.5
06/17/2026,19:41:13,23.8,61.6
06/17/2026,19:46:13,23.9,61.7
06/17/2026,19:51:13,23.9,61.7
06/17/2026,19:56:13,23.9,61.8
06/17/2026,20:01:13,23.9,61.8
06/17/2026,20:06:13,23.9,61.6
06/17/2026,20:11:13,23.9,61.7
06/17/2026,20:16:13,23.9,61.8
06/17/2026,20:21:13,23.9,61.6
06/17/2026,20:26:13,23.9,61.4
06/17/2026,20:31:13,23.9,61.3
06/17/2026,20:36:13,23.9,61.2
06/17/2026,20:41:13,23.9,61.1
06/17/2026,20:46:13,24.0,61.2
06/17/2026,20:51:13,23.9,61.1
06/17/2026,20:56:13,23.9,61.1
06/17/2026,21:01:13,23.9,61.2
06/17/2026,21:06:13,23.9,61.2
06/17/2026,21:11:13,23.9,61.2
06/17/2026,21:16:13,24.0,61.2
06/17/2026,21:21:13,24.0,61.2
06/17/2026,21:26:13,23.9,61.2
06/17/2026,21:31:13,23.9,61.1
06/17/2026,21:36:13,23.9,61.1
06/17/2026,21:41:13,24.0,61.1
06/17/2026,21:46:13,24.0,61.3
06/17/2026,21:51:13,23.9,61.2
06/17/2026,21:56:13,23.9,61.3
06/17/2026,22:01:13,23.9,61.2
06/17/2026,22:06:13,23.9,61.2
06/17/2026,22:11:13,23.9,61.3
06/17/2026,22:16:13,23.9,61.3
06/17/2026,22:21:13,23.9,61.4
06/17/2026,22:26:13,23.9,61.5
06/17/2026,22:31:13,23.9,61.6
06/17/2026,22:36:13,23.9,61.6
06/17/2026,22:41:13,23.9,61.6
06/17/2026,22:46:13,23.8,61.6
06/17/2026,22:51:13,23.8,61.6
06/17/2026,22:56:13,23.8,61.6
06/17/2026,23:01:13,23.8,61.5
06/17/2026,23:06:13,23.8,61.6
06/17/2026,23:11:13,23.8,61.6
06/17/2026,23:16:13,23.8,61.5
06/17/2026,23:21:13,23.8,61.5
06/17/2026,23:26:13,23.7,61.5
06/17/2026,23:31:13,23.7,61.6
06/17/2026,23:36:13,23.7,61.6
06/17/2026,23:41:13,23.7,61.5
06/17/2026,23:46:13,23.7,61.5
06/17/2026,23:51:13,23.7,61.5
06/17/2026,23:56:13,23.7,61.6
06/18/2026,00:01:13,23.7,61.5
06/18/2026,00:06:13,23.6,61.6
06/18/2026,00:11:13,23.6,61.6
06/18/2026,00:16:13,23.6,61.6
06/18/2026,00:21:13,23.6,61.6
06/18/2026,00:26:13,23.6,61.5
06/18/2026,00:31:13,23.6,61.5
06/18/2026,00:36:13,23.6,61.5
06/18/2026,00:41:13,23.5,61.5
06/18/2026,00:46:13,23.5,61.5
06/18/2026,00:51:13,23.5,61.5
06/18/2026,00:56:13,23.5,61.5
06/18/2026,01:01:13,23.5,61.5
06/18/2026,01:06:13,23.5,61.5
06/18/2026,01:11:13,23.5,61.5
06/18/2026,01:16:13,23.5,61.5
06/18/2026,01:21:13,23.5,61.5
06/18/2026,01:26:13,23.4,61.5
06/18/2026,01:31:13,23.4,61.5
06/18/2026,01:36:13,23.4,61.5
06/18/2026,01:41:13,23.4,61.5
06/18/2026,01:46:13,23.4,61.4
06/18/2026,01:51:13,23.4,61.4
06/18/2026,01:56:13,23.4,61.4
06/18/2026,02:01:13,23.3,61.4
06/18/2026,02:06:13,23.3,61.4
06/18/2026,02:11:13,23.3,61.4
06/18/2026,02:16:13,23.3,61.4
06/18/2026,02:21:13,23.3,61.4
06/18/2026,02:26:13,23.3,61.4
06/18/2026,02:31:13,23.2,61.4
06/18/2026,02:36:13,23.3,61.3
06/18/2026,02:41:13,23.2,61.3
06/18/2026,02:46:13,23.2,61.3
06/18/2026,02:51:13,23.2,61.3
06/18/2026,02:56:13,23.2,61.3
06/18/2026,03:01:13,23.2,61.2
06/18/2026,03:06:13,23.2,61.3
06/18/2026,03:11:13,23.1,61.2
06/18/2026,03:16:13,23.1,61.2
06/18/2026,03:21:13,23.1,61.2
06/18/2026,03:26:13,23.1,61.2
06/18/2026,03:31:13,23.1,61.2
06/18/2026,03:36:13,23.1,61.2
06/18/2026,03:41:13,23.1,61.1
06/18/2026,03:46:13,23.1,61.2
06/18/2026,03:51:13,23.1,61.1
06/18/2026,03:56:13,23.0,61.1
06/18/2026,04:01:13,23.0,61.1
06/18/2026,04:06:13,23.0,61.1
06/18/2026,04:11:13,23.0,61.1
06/18/2026,04:16:13,23.0,61.1
06/18/2026,04:21:13,22.9,61.1
06/18/2026,04:26:13,23.0,61.1
06/18/2026,04:31:13,22.9,61.1
06/18/2026,04:36:13,22.9,61.2
06/18/2026,04:41:13,22.9,61.1
06/18/2026,04:46:13,22.9,61.1
06/18/2026,04:51:13,22.9,61.1
06/18/2026,04:56:13,22.9,61.1
06/18/2026,05:01:13,22.9,61.1
06/18/2026,05:06:13,22.9,61.0
06/18/2026,05:11:13,22.9,61.1
06/18/2026,05:16:13,22.9,61.0
06/18/2026,05:21:13,22.9,61.0
06/18/2026,05:26:13,22.8,61.0
06/18/2026,05:31:13,22.8,61.0
06/18/2026,05:36:13,22.8,61.0
06/18/2026,05:41:13,22.8,61.0
06/18/2026,05:46:13,22.8,61.0
06/18/2026,05:51:13,22.8,61.0
06/18/2026,05:56:13,22.7,61.0
06/18/2026,06:01:13,22.7,61.0
06/18/2026,06:06:13,22.7,61.1
06/18/2026,06:11:13,22.7,61.1
06/18/2026,06:16:13,22.7,61.1
06/18/2026,06:21:13,22.7,61.1
06/18/2026,06:26:13,22.7,61.1
06/18/2026,06:31:13,22.7,61.1
06/18/2026,06:36:13,22.7,61.1
06/18/2026,06:41:13,22.7,61.1
06/18/2026,06:46:13,22.7,61.1
06/18/2026,06:51:13,22.7,61.1
06/18/2026,06:56:13,22.6,61.1
06/18/2026,07:01:13,22.7,61.1
06/18/2026,07:06:13,22.7,61.1
06/18/2026,07:11:13,22.7,61.1
06/18/2026,07:16:13,22.7,61.1
06/18/2026,07:21:13,22.7,61.1
06/18/2026,07:26:13,22.7,61.1
06/18/2026,07:31:13,22.7,61.1
06/18/2026,07:36:13,22.7,61.1
06/18/2026,07:41:13,22.7,61.1
06/18/2026,07:46:13,22.7,61.1
06/18/2026,07:51:13,22.7,61.1
06/18/2026,07:56:13,22.7,61.1
06/18/2026,08:01:13,22.7,61.2
06/18/2026,08:06:13,22.7,61.1
06/18/2026,08:11:13,22.7,61.1
06/18/2026,08:16:13,22.7,61.1
06/18/2026,08:21:13,22.7,61.2
06/18/2026,08:26:13,22.7,61.1
06/18/2026,08:31:13,22.7,61.1
06/18/2026,08:36:13,22.7,61.1
06/18/2026,08:41:13,22.7,61.1
06/18/2026,08:46:13,22.7,61.1
06/18/2026,08:51:13,22.7,61.1
06/18/2026,08:56:13,22.7,61.1
06/18/2026,09:01:13,22.7,61.1
06/18/2026,09:06:13,22.8,61.1
06/18/2026,09:11:13,22.8,61.1
06/18/2026,09:16:13,22.8,61.1
06/18/2026,09:21:13,22.8,61.1
06/18/2026,09:26:13,22.8,61.1
06/18/2026,09:31:13,22.8,61.1
06/18/2026,09:36:13,22.8,61.0
06/18/2026,09:41:13,22.8,61.0
06/18/2026,09:46:13,22.8,61.0
06/18/2026,09:51:13,22.8,60.9
06/18/2026,09:56:13,22.9,60.9
06/18/2026,10:01:13,22.9,60.9
06/18/2026,10:06:13,22.9,61.0
06/18/2026,10:11:13,22.9,60.9
06/18/2026,10:16:13,22.9,61.1
06/18/2026,10:21:13,22.9,61.0
06/18/2026,10:26:13,22.9,60.9
06/18/2026,10:31:13,23.0,60.9
06/18/2026,10:36:13,22.9,60.9
06/18/2026,10:41:13,22.9,60.9
06/18/2026,10:46:13,23.0,60.9
06/18/2026,10:51:13,23.0,60.9
06/18/2026,10:56:13,23.0,60.9
06/18/2026,11:01:13,23.0,61.0
06/18/2026,11:06:13,23.0,61.1
06/18/2026,11:11:13,23.0,61.0
06/18/2026,11:16:13,23.0,61.0
06/18/2026,11:21:13,23.1,61.0
06/18/2026,11:26:13,23.1,61.1
06/18/2026,11:31:13,23.1,61.1
06/18/2026,11:36:13,23.1,61.1
06/18/2026,11:41:13,23.1,61.3
06/18/2026,11:46:13,23.2,61.3
06/18/2026,11:51:13,23.2,61.2
06/18/2026,11:56:13,23.2,61.2
06/18/2026,12:01:13,23.2,61.1
06/18/2026,12:06:13,23.2,61.1
06/18/2026,12:11:13,23.2,61.1
06/18/2026,12:16:13,23.2,61.1
06/18/2026,12:21:13,23.3,61.1
06/18/2026,12:26:13,23.3,61.1
06/18/2026,12:31:13,23.3,61.2
06/18/2026,12:36:13,23.3,61.1
06/18/2026,12:41:13,23.3,61.1
06/18/2026,12:46:13,23.3,61.0
06/18/2026,12:51:13,23.4,61.1
06/18/2026,12:56:13,23.4,61.1
06/18/2026,13:01:13,23.4,61.0
06/18/2026,13:06:13,23.4,61.1
06/18/2026,13:11:13,23.4,61.0
06/18/2026,13:16:13,23.4,61.0
06/18/2026,13:21:13,23.4,61.0
06/18/2026,13:26:13,23.4,61.0
06/18/2026,13:31:13,23.4,61.0
06/18/2026,13:36:13,23.5,61.1
06/18/2026,13:41:13,23.5,61.0
06/18/2026,13:46:13,23.5,61.0
06/18/2026,13:51:13,23.5,61.0
06/18/2026,13:56:13,23.5,61.1
06/18/2026,14:01:13,23.6,61.2
06/18/2026,14:06:13,23.6,61.2
06/18/2026,14:11:13,23.6,61.2
06/18/2026,14:16:13,23.6,61.4
06/18/2026,14:21:13,23.6,61.4
06/18/2026,14:26:13,23.6,61.5
06/18/2026,14:31:13,23.6,61.7
06/18/2026,14:36:13,23.7,61.7
06/18/2026,14:41:13,23.7,61.9
06/18/2026,14:46:13,23.7,62.0
06/18/2026,14:51:13,23.7,62.0
06/18/2026,14:56:13,23.8,62.1
06/18/2026,15:01:13,23.8,62.3
06/18/2026,15:06:13,23.8,62.4
06/18/2026,15:11:13,23.9,62.4
06/18/2026,15:16:13,23.9,62.5
06/18/2026,15:21:13,23.9,62.5
06/18/2026,15:26:13,23.9,62.5
06/18/2026,15:31:13,24.0,62.5
06/18/2026,15:36:13,24.0,62.5
06/18/2026,15:41:13,24.0,62.6
06/18/2026,15:46:13,24.0,62.6
06/18/2026,15:51:13,24.0,62.6
06/18/2026,15:56:13,24.0,62.6
06/18/2026,16:01:13,24.1,62.6
06/18/2026,16:06:13,24.1,62.6
06/18/2026,16:11:13,24.1,62.6
06/18/2026,16:16:13,24.2,62.5
06/18/2026,16:21:13,24.2,62.5
06/18/2026,16:26:13,24.2,62.6
06/18/2026,16:31:13,24.2,62.6
06/18/2026,16:36:13,24.2,62.6
06/18/2026,16:41:13,24.2,62.6
06/18/2026,16:46:13,24.3,62.5
06/18/2026,16:51:13,24.3,62.4
06/18/2026,16:56:13,24.3,62.5
06/18/2026,17:01:13,24.3,62.5
06/18/2026,17:06:13,24.3,62.5
06/18/2026,17:11:13,24.3,62.5
06/18/2026,17:16:13,24.3,62.5
06/18/2026,17:21:13,24.4,62.5
06/18/2026,17:26:13,24.4,62.5
06/18/2026,17:31:13,24.4,62.6
06/18/2026,17:36:13,24.4,62.5
06/18/2026,17:41:13,24.5,62.6
06/18/2026,17:46:13,24.5,62.6
06/18/2026,17:51:13,24.5,62.6
06/18/2026,17:56:13,24.5,62.6
06/18/2026,18:01:13,24.5,62.6
06/18/2026,18:06:13,24.5,62.6
06/18/2026,18:11:13,24.5,62.6
06/18/2026,18:16:13,24.6,62.5
06/18/2026,18:21:13,24.6,62.4
06/18/2026,18:26:13,24.6,62.6
06/18/2026,18:31:13,24.6,62.5
06/18/2026,18:36:13,24.6,62.5
06/18/2026,18:41:13,24.6,62.5
06/18/2026,18:46:13,24.6,62.4
06/18/2026,18:51:13,24.6,62.5
06/18/2026,18:56:13,24.7,62.4
06/18/2026,19:01:13,24.7,62.4
06/18/2026,19:06:13,24.7,62.4
06/18/2026,19:11:13,24.7,62.4
06/18/2026,19:16:13,24.7,62.4
06/18/2026,19:21:13,24.7,62.3
06/18/2026,19:26:13,24.7,62.3
06/18/2026,19:31:13,24.7,62.3
06/18/2026,19:36:13,24.7,62.3
06/18/2026,19:41:13,24.7,62.2
06/18/2026,19:46:13,24.8,62.2
06/18/2026,19:51:13,24.8,62.1
06/18/2026,19:56:13,24.8,62.1
06/18/2026,20:01:13,24.8,62.0
06/18/2026,20:06:13,24.8,62.0
06/18/2026,20:11:13,24.8,61.9
06/18/2026,20:16:13,24.8,61.9
06/18/2026,20:21:13,24.8,61.8
06/18/2026,20:26:13,24.8,61.8
06/18/2026,20:31:13,24.8,61.8
06/18/2026,20:36:13,24.8,61.8
06/18/2026,20:41:13,24.8,61.7
06/18/2026,20:46:13,24.9,61.7
06/18/2026,20:51:13,24.8,61.6
06/18/2026,20:56:13,24.9,61.5
06/18/2026,21:01:13,24.9,61.4
06/18/2026,21:06:13,24.9,61.4
06/18/2026,21:11:13,24.9,61.3
06/18/2026,21:16:13,24.9,61.3
06/18/2026,21:21:13,24.8,61.2
06/18/2026,21:26:13,24.8,61.2
06/18/2026,21:31:13,24.9,61.2
06/18/2026,21:36:13,24.9,61.2
06/18/2026,21:41:13,24.9,61.1
06/18/2026,21:46:13,24.8,61.2
06/18/2026,21:51:13,24.9,61.1
06/18/2026,21:56:13,24.9,61.1
06/18/2026,22:01:13,24.8,61.1
06/18/2026,22:06:13,24.8,61.1
06/18/2026,22:11:13,24.9,61.1
06/18/2026,22:16:13,24.8,61.1
06/18/2026,22:21:13,24.8,61.1
06/18/2026,22:26:13,24.8,61.1
06/18/2026,22:31:13,24.8,61.1
06/18/2026,22:36:13,24.8,61.1
06/18/2026,22:41:13,24.8,61.1
06/18/2026,22:46:13,24.8,61.1
06/18/2026,22:51:13,24.8,61.1
06/18/2026,22:56:13,24.8,61.0
06/18/2026,23:01:13,24.8,61.0
06/18/2026,23:06:13,24.8,61.0
06/18/2026,23:11:13,24.8,61.1
06/18/2026,23:16:13,24.7,61.0
06/18/2026,23:21:13,24.7,61.1
06/18/2026,23:26:13,24.7,61.1
06/18/2026,23:31:13,24.7,61.0
06/18/2026,23:36:13,24.7,61.1
06/18/2026,23:41:13,24.6,61.1
06/18/2026,23:46:13,24.7,61.1
06/18/2026,23:51:13,24.6,61.1
06/18/2026,23:56:13,24.6,61.1
06/19/2026,00:01:13,24.6,61.1
06/19/2026,00:06:13,24.6,61.1
06/19/2026,00:11:13,24.6,61.1
06/19/2026,00:16:13,24.6,61.1
06/19/2026,00:21:13,24.5,61.1
06/19/2026,00:26:13,24.6,61.1
06/19/2026,00:31:13,24.5,61.1
06/19/2026,00:36:13,24.5,61.1
06/19/2026,00:41:13,24.5,61.1
06/19/2026,00:46:13,24.5,61.1
06/19/2026,00:51:13,24.5,61.1
06/19/2026,00:56:13,24.5,61.1
06/19/2026,01:01:13,24.5,61.1
06/19/2026,01:06:13,24.5,61.1
06/19/2026,01:11:13,24.5,61.1
06/19/2026,01:16:13,24.4,61.1
06/19/2026,01:21:13,24.4,61.1
06/19/2026,01:26:13,24.4,61.1
06/19/2026,01:31:13,24.4,61.1
06/19/2026,01:36:13,24.4,61.1
06/19/2026,01:41:13,24.4,61.1
06/19/2026,01:46:13,24.3,61.0
06/19/2026,01:51:13,24.3,61.1
06/19/2026,01:56:13,24.3,61.0
06/19/2026,02:01:13,24.3,61.1
06/19/2026,02:06:13,24.3,61.0
06/19/2026,02:11:13,24.3,61.0
06/19/2026,02:16:13,24.3,61.0
06/19/2026,02:21:13,24.2,61.0
06/19/2026,02:26:13,24.2,61.0
06/19/2026,02:31:13,24.3,61.0
06/19/2026,02:36:13,24.2,61.0
06/19/2026,02:41:13,24.2,60.9
06/19/2026,02:46:13,24.2,61.0
06/19/2026,02:51:13,24.2,60.9
06/19/2026,02:56:13,24.2,60.9
06/19/2026,03:01:13,24.2,60.9
06/19/2026,03:06:13,24.2,60.9
06/19/2026,03:11:13,24.1,60.9
06/19/2026,03:16:13,24.2,60.9
06/19/2026,03:21:13,24.1,60.8
06/19/2026,03:26:13,24.1,60.8
06/19/2026,03:31:13,24.1,60.8
06/19/2026,03:36:13,24.1,60.8
06/19/2026,03:41:13,24.1,60.8
06/19/2026,03:46:13,24.1,60.8
06/19/2026,03:51:13,24.1,60.7
06/19/2026,03:56:13,24.1,60.7
06/19/2026,04:01:13,24.0,60.7
06/19/2026,04:06:13,24.0,60.7
06/19/2026,04:11:13,24.0,60.7
06/19/2026,04:16:13,24.0,60.7
06/19/2026,04:21:13,24.0,60.7
06/19/2026,04:26:13,24.0,60.6
06/19/2026,04:31:13,23.9,60.6
06/19/2026,04:36:13,23.9,60.6
06/19/2026,04:41:13,23.9,60.6
06/19/2026,04:46:13,23.9,60.6
06/19/2026,04:51:13,23.9,60.6
06/19/2026,04:56:13,23.9,60.5
06/19/2026,05:01:13,23.9,60.5
06/19/2026,05:06:13,23.8,60.5
06/19/2026,05:11:13,23.8,60.5
06/19/2026,05:16:13,23.8,60.5
06/19/2026,05:21:13,23.8,60.5
06/19/2026,05:26:13,23.8,60.5
06/19/2026,05:31:13,23.8,60.5
06/19/2026,05:36:13,23.8,60.4
06/19/2026,05:41:13,23.8,60.4
06/19/2026,05:46:13,23.7,60.4
06/19/2026,05:51:13,23.7,60.4
06/19/2026,05:56:13,23.7,60.4
06/19/2026,06:01:13,23.7,60.4
06/19/2026,06:06:13,23.7,60.4
06/19/2026,06:11:13,23.7,60.4
06/19/2026,06:16:13,23.7,60.4
06/19/2026,06:21:13,23.7,60.4
06/19/2026,06:26:13,23.7,60.4
06/19/2026,06:31:13,23.7,60.4
06/19/2026,06:36:13,23.7,60.4
06/19/2026,06:41:13,23.7,60.4
06/19/2026,06:46:13,23.7,60.4
06/19/2026,06:51:13,23.7,60.3
06/19/2026,06:56:13,23.7,60.4
06/19/2026,07:01:13,23.7,60.4
06/19/2026,07:06:13,23.7,60.4
06/19/2026,07:11:13,23.7,60.4
06/19/2026,07:16:13,23.7,60.4
06/19/2026,07:21:13,23.7,60.4
06/19/2026,07:26:13,23.7,60.4
06/19/2026,07:31:13,23.7,60.4
06/19/2026,07:36:13,23.7,60.4
06/19/2026,07:41:13,23.8,60.4
06/19/2026,07:46:13,23.8,60.4
06/19/2026,07:51:13,23.8,60.4
06/19/2026,07:56:13,23.8,60.4
06/19/2026,08:01:13,23.8,60.4
06/19/2026,08:06:13,23.8,60.4
06/19/2026,08:11:13,23.8,60.4
06/19/2026,08:16:13,23.8,60.3
06/19/2026,08:21:13,23.8,60.3
06/19/2026,08:26:13,23.9,60.3
06/19/2026,08:31:13,23.9,60.3
06/19/2026,08:36:13,23.9,60.3
06/19/2026,08:41:13,23.9,60.3
06/19/2026,08:46:13,23.9,60.3
06/19/2026,08:51:13,23.9,60.3
06/19/2026,08:56:13,23.9,60.3
06/19/2026,09:01:13,24.0,60.3
06/19/2026,09:06:13,24.0,60.3
06/19/2026,09:11:13,24.0,60.3
06/19/2026,09:16:13,24.0,60.3
06/19/2026,09:21:13,24.1,60.3
06/19/2026,09:26:13,24.1,60.3
06/19/2026,09:31:13,24.0,60.3
06/19/2026,09:36:13,24.1,60.2
06/19/2026,09:41:13,24.1,60.2
06/19/2026,09:46:13,24.1,60.2
06/19/2026,09:51:13,24.2,60.2
06/19/2026,09:56:13,24.2,60.2
06/19/2026,10:01:13,24.2,60.2
06/19/2026,10:06:13,24.2,60.2
06/19/2026,10:11:13,24.2,60.2
06/19/2026,10:16:13,24.2,60.1
06/19/2026,10:21:13,24.3,60.2
06/19/2026,10:26:13,24.3,60.2
06/19/2026,10:31:13,24.3,60.1
06/19/2026,10:36:13,24.3,60.1
06/19/2026,10:41:13,24.4,60.1
06/19/2026,10:46:13,24.4,60.1
06/19/2026,10:51:13,24.4,60.1
06/19/2026,10:56:13,24.4,60.1
06/19/2026,11:01:13,24.5,60.1
06/19/2026,11:06:13,24.5,60.1
06/19/2026,11:11:13,24.5,60.1
06/19/2026,11:16:13,24.5,60.1
06/19/2026,11:21:13,24.5,60.1
06/19/2026,11:26:13,24.5,60.1
06/19/2026,11:31:13,24.6,60.1
06/19/2026,11:36:13,24.6,60.1
06/19/2026,11:41:13,24.6,60.1
06/19/2026,11:46:13,24.6,60.1
06/19/2026,11:51:13,24.6,60.1
06/19/2026,11:56:13,24.7,60.1
06/19/2026,12:01:13,24.7,60.1
06/19/2026,12:06:13,24.7,60.1
06/19/2026,12:11:13,24.7,60.3
06/19/2026,12:16:13,24.8,60.2
06/19/2026,12:21:13,24.8,60.3
06/19/2026,12:26:13,24.8,60.3
06/19/2026,12:31:13,24.8,60.4
06/19/2026,12:36:13,24.9,60.6
06/19/2026,12:41:13,24.9,60.5
06/19/2026,12:46:13,24.9,60.6
06/19/2026,12:51:13,25.0,60.8
06/19/2026,12:56:13,25.0,60.8
06/19/2026,13:01:13,25.1,60.9
06/19/2026,13:06:13,25.1,60.9
06/19/2026,13:11:13,25.1,61.1
06/19/2026,13:16:13,25.2,61.2
06/19/2026,13:21:13,25.2,61.3
06/19/2026,13:26:13,25.3,61.2
06/19/2026,13:31:13,25.3,61.3
06/19/2026,13:36:13,25.3,61.6
06/19/2026,13:41:13,25.4,61.7
06/19/2026,13:46:13,25.4,61.7
06/19/2026,13:51:13,25.5,61.7
06/19/2026,13:56:13,25.5,61.8
06/19/2026,14:01:13,25.5,61.8
06/19/2026,14:06:13,25.6,61.7
06/19/2026,14:11:13,25.6,61.8
06/19/2026,14:16:13,25.7,61.9
06/19/2026,14:21:13,25.7,61.8
06/19/2026,14:26:13,25.7,61.8
06/19/2026,14:31:13,25.8,61.7
06/19/2026,14:36:13,25.8,61.8
06/19/2026,14:41:13,25.8,61.7
06/19/2026,14:46:13,25.9,61.6
06/19/2026,14:51:13,25.9,61.4
06/19/2026,14:56:13,25.9,61.0
06/19/2026,15:01:13,26.0,60.5
06/19/2026,15:06:13,26.1,60.2
06/19/2026,15:11:13,26.1,59.5
06/19/2026,15:16:13,26.2,59.3
06/19/2026,15:21:13,26.3,59.1
06/19/2026,15:26:13,26.3,58.7
06/19/2026,15:31:13,26.4,58.3
06/19/2026,15:36:13,26.5,57.6
06/19/2026,15:41:13,26.5,57.4
06/19/2026,15:46:13,26.6,57.3
06/19/2026,15:51:13,26.6,56.9
06/19/2026,15:56:13,26.7,56.5
06/19/2026,16:01:13,26.7,56.1
06/19/2026,16:06:13,26.8,55.9
06/19/2026,16:11:13,26.8,55.7
06/19/2026,16:16:13,26.9,55.7
06/19/2026,16:21:13,26.9,55.5
06/19/2026,16:26:13,26.9,55.4
06/19/2026,16:31:13,27.0,55.3
06/19/2026,16:36:13,27.0,55.0
06/19/2026,16:41:13,27.1,54.7
06/19/2026,16:46:13,27.1,54.6
06/19/2026,16:51:13,27.1,54.4
06/19/2026,16:56:13,27.2,54.0
06/19/2026,17:01:13,27.2,53.5
06/19/2026,17:06:13,27.2,53.3
06/19/2026,17:11:13,27.2,53.0
06/19/2026,17:16:13,27.3,52.9
06/19/2026,17:21:13,27.3,52.7
06/19/2026,17:26:13,27.3,52.4
06/19/2026,17:31:13,27.3,52.2
06/19/2026,17:36:13,27.4,52.0
06/19/2026,17:41:13,27.4,51.6
06/19/2026,17:46:13,27.4,51.3
06/19/2026,17:51:13,27.4,51.4
06/19/2026,17:56:13,27.4,51.1
06/19/2026,18:01:13,27.4,50.9
06/19/2026,18:06:13,27.5,51.1
06/19/2026,18:11:13,27.5,50.9
06/19/2026,18:16:13,27.5,51.0
06/19/2026,18:21:13,27.5,50.9
06/19/2026,18:26:13,27.5,50.8
06/19/2026,18:31:13,27.5,50.6
06/19/2026,18:36:13,27.5,50.4
06/19/2026,18:41:13,27.5,50.6
06/19/2026,18:46:13,27.6,50.2
06/19/2026,18:51:13,27.6,50.1
06/19/2026,18:56:13,27.6,50.2
06/19/2026,19:01:13,27.6,50.2
06/19/2026,19:06:13,27.7,49.7
06/19/2026,19:11:13,27.6,49.8
06/19/2026,19:16:13,27.6,49.7
06/19/2026,19:21:13,27.6,49.7
06/19/2026,19:26:13,27.7,49.5
06/19/2026,19:31:13,27.7,49.6
06/19/2026,19:36:13,27.6,49.5
06/19/2026,19:41:13,27.6,49.5
06/19/2026,19:46:13,27.7,49.5
06/19/2026,19:51:13,27.7,49.7
06/19/2026,19:56:13,27.7,49.7
06/19/2026,20:01:13,27.7,50.0
06/19/2026,20:06:13,27.7,50.1
06/19/2026,20:11:13,27.7,50.4
06/19/2026,20:16:13,27.7,50.4
06/19/2026,20:21:13,27.7,50.7
06/19/2026,20:26:13,27.7,50.8
06/19/2026,20:31:13,27.7,50.9
06/19/2026,20:36:13,27.7,51.1
06/19/2026,20:41:13,27.7,51.1
06/19/2026,20:46:13,27.7,51.3
06/19/2026,20:51:13,27.7,51.5
06/19/2026,20:56:13,27.8,51.6
06/19/2026,21:01:13,27.8,51.7
06/19/2026,21:06:13,27.7,51.8
06/19/2026,21:11:13,27.7,51.9
06/19/2026,21:16:13,27.8,52.0
06/19/2026,21:21:13,27.8,52.0
06/19/2026,21:26:13,27.8,52.0
06/19/2026,21:31:13,27.7,52.1
06/19/2026,21:36:13,27.8,52.1
06/19/2026,21:41:13,27.8,52.2
06/19/2026,21:46:13,27.8,52.2
06/19/2026,21:51:13,27.7,52.2
06/19/2026,21:56:13,27.7,52.2
06/19/2026,22:01:13,27.7,52.2
06/19/2026,22:06:13,27.7,52.2
06/19/2026,22:11:13,27.7,52.2
06/19/2026,22:16:13,27.7,52.2
06/19/2026,22:21:13,27.6,52.3
06/19/2026,22:26:13,27.7,52.2
06/19/2026,22:31:13,27.6,52.3
06/19/2026,22:36:13,27.6,52.3
06/19/2026,22:41:13,27.6,52.4
06/19/2026,22:46:13,27.6,52.4
06/19/2026,22:51:13,27.6,52.4
06/19/2026,22:56:13,27.5,52.4
06/19/2026,23:01:13,27.5,52.5
06/19/2026,23:06:13,27.5,52.5
06/19/2026,23:11:13,27.5,52.5
06/19/2026,23:16:13,27.5,52.5
06/19/2026,23:21:13,27.5,52.5
06/19/2026,23:26:13,27.5,52.6
06/19/2026,23:31:13,27.4,52.6
06/19/2026,23:36:13,27.4,52.6
06/19/2026,23:41:13,27.4,52.7
06/19/2026,23:46:13,27.4,52.7
06/19/2026,23:51:13,27.4,52.7
06/19/2026,23:56:13,27.3,52.7
06/20/2026,00:01:13,27.3,52.7
06/20/2026,00:06:13,27.3,52.7
06/20/2026,00:11:13,27.3,52.8
06/20/2026,00:16:13,27.2,52.8
06/20/2026,00:21:13,27.2,52.8
06/20/2026,00:26:13,27.2,52.9
06/20/2026,00:31:13,27.1,52.9
06/20/2026,00:36:13,27.2,52.9
06/20/2026,00:41:13,27.1,52.9
06/20/2026,00:46:13,27.1,53.0
06/20/2026,00:51:13,27.1,53.0
06/20/2026,00:56:13,27.1,53.0
06/20/2026,01:01:13,27.0,53.1
06/20/2026,01:06:13,27.0,53.1
06/20/2026,01:11:13,27.0,53.1
06/20/2026,01:16:13,27.0,53.1
06/20/2026,01:21:13,27.0,53.1
06/20/2026,01:26:13,26.9,53.2
06/20/2026,01:31:13,26.9,53.1
06/20/2026,01:36:13,26.9,53.2
06/20/2026,01:41:13,26.9,53.2
06/20/2026,01:46:13,26.8,53.2
06/20/2026,01:51:13,26.8,53.3
06/20/2026,01:56:13,26.8,53.3
06/20/2026,02:01:13,26.8,53.4
06/20/2026,02:06:13,26.7,53.4
06/20/2026,02:11:13,26.7,53.4
06/20/2026,02:16:13,26.7,53.4
06/20/2026,02:21:13,26.7,53.5
06/20/2026,02:26:13,26.7,53.5
06/20/2026,02:31:13,26.6,53.6
06/20/2026,02:36:13,26.6,53.6
06/20/2026,02:41:13,26.6,53.7
06/20/2026,02:46:13,26.6,53.7
06/20/2026,02:51:13,26.6,53.7
06/20/2026,02:56:13,26.6,53.8
06/20/2026,03:01:13,26.5,53.8
06/20/2026,03:06:13,26.5,53.8
06/20/2026,03:11:13,26.5,53.8
06/20/2026,03:16:13,26.4,53.9
06/20/2026,03:21:13,26.4,53.9
06/20/2026,03:26:13,26.4,53.9
06/20/2026,03:31:13,26.4,54.0
06/20/2026,03:36:13,26.4,54.0
06/20/2026,03:41:13,26.3,54.1
06/20/2026,03:46:13,26.3,54.1
06/20/2026,03:51:13,26.3,54.1
06/20/2026,03:56:13,26.3,54.2
06/20/2026,04:01:13,26.2,54.2
06/20/2026,04:06:13,26.2,54.2
06/20/2026,04:11:13,26.2,54.3
06/20/2026,04:16:13,26.2,54.3
06/20/2026,04:21:13,26.1,54.4
06/20/2026,04:26:13,26.1,54.4
06/20/2026,04:31:13,26.1,54.4
06/20/2026,04:36:13,26.1,54.4
06/20/2026,04:41:13,26.1,54.4
06/20/2026,04:46:13,26.1,54.4
06/20/2026,04:51:13,26.0,54.5
06/20/2026,04:56:13,26.0,54.5
06/20/2026,05:01:13,26.0,54.5
06/20/2026,05:06:13,26.0,54.5
06/20/2026,05:11:13,26.0,54.6
06/20/2026,05:16:13,25.9,54.6
06/20/2026,05:21:13,25.9,54.7
06/20/2026,05:26:13,25.9,54.7
06/20/2026,05:31:13,25.9,54.7
06/20/2026,05:36:13,25.9,54.7
06/20/2026,05:41:13,25.8,54.7
06/20/2026,05:46:13,25.8,54.8
06/20/2026,05:51:13,25.8,54.8
06/20/2026,05:56:13,25.8,54.8
06/20/2026,06:01:13,25.7,54.8
06/20/2026,06:06:13,25.7,54.8
06/20/2026,06:11:13,25.7,54.8
06/20/2026,06:16:13,25.7,54.8
06/20/2026,06:21:13,25.7,54.9
06/20/2026,06:26:13,25.7,54.8
06/20/2026,06:31:13,25.7,54.9
06/20/2026,06:36:13,25.6,54.9
06/20/2026,06:41:13,25.6,54.9
06/20/2026,06:46:13,25.6,54.9
06/20/2026,06:51:13,25.6,55.0
06/20/2026,06:56:13,25.6,55.0
06/20/2026,07:01:13,25.6,55.0
06/20/2026,07:06:13,25.5,55.1
06/20/2026,07:11:13,25.5,55.1
06/20/2026,07:16:13,25.5,55.2
06/20/2026,07:21:13,25.5,55.2
06/20/2026,07:26:13,25.5,55.2
06/20/2026,07:31:13,25.5,55.2
06/20/2026,07:36:13,25.5,55.3
06/20/2026,07:41:13,25.5,55.3
06/20/2026,07:46:13,25.5,55.3
06/20/2026,07:51:13,25.4,55.3
06/20/2026,07:56:13,25.4,55.4
06/20/2026,08:01:13,25.4,55.4
06/20/2026,08:06:13,25.4,55.5
06/20/2026,08:11:13,25.4,55.5
06/20/2026,08:16:13,25.4,55.7
06/20/2026,08:21:13,25.4,55.6
06/20/2026,08:26:13,25.4,55.6
06/20/2026,08:31:13,25.4,55.7
06/20/2026,08:36:13,25.4,55.9
06/20/2026,08:41:13,25.4,56.0
06/20/2026,08:46:13,25.4,56.0
06/20/2026,08:51:13,25.4,56.1
06/20/2026,08:56:13,25.4,56.2
06/20/2026,09:01:13,25.4,56.3
06/20/2026,09:06:13,25.4,56.4
06/20/2026,09:11:13,25.5,56.3
06/20/2026,09:16:13,25.4,56.3
06/20/2026,09:21:13,25.5,56.3
06/20/2026,09:26:13,25.5,56.3
06/20/2026,09:31:13,25.5,56.3
06/20/2026,09:36:13,25.5,56.5
06/20/2026,09:41:13,25.5,56.7
06/20/2026,09:46:13,25.5,56.9
06/20/2026,09:51:13,25.5,56.9
06/20/2026,09:56:13,25.6,56.9
06/20/2026,10:01:13,25.6,57.0
06/20/2026,10:06:13,25.6,57.2
06/20/2026,10:11:13,25.6,57.3
06/20/2026,10:16:13,25.6,57.3
06/20/2026,10:21:13,25.6,57.4
06/20/2026,10:26:13,25.7,57.7
06/20/2026,10:31:13,25.7,58.4
06/20/2026,10:36:13,25.7,58.6
06/20/2026,10:41:13,25.8,59.7
06/20/2026,10:46:13,25.9,60.0
06/20/2026,10:51:13,25.9,60.2
06/20/2026,10:56:13,26.0,60.6
06/20/2026,11:01:13,26.0,60.6
06/20/2026,11:06:13,26.1,60.8
06/20/2026,11:11:13,26.1,61.2
06/20/2026,11:16:13,26.2,61.2
06/20/2026,11:21:13,26.2,61.6
06/20/2026,11:26:13,26.3,62.0
06/20/2026,11:31:13,26.4,62.0
06/20/2026,11:36:13,26.5,62.1
06/20/2026,11:41:13,26.5,62.3
06/20/2026,11:46:13,26.6,62.3
06/20/2026,11:51:13,26.7,61.9
06/20/2026,11:56:13,26.7,61.8
06/20/2026,12:01:13,26.8,61.8
06/20/2026,12:06:13,26.8,61.7
06/20/2026,12:11:13,26.9,61.7
06/20/2026,12:16:13,26.9,61.6
06/20/2026,12:21:13,26.9,61.3
06/20/2026,12:26:13,27.0,60.9
06/20/2026,12:31:13,27.0,60.7
06/20/2026,12:36:13,27.0,60.3
06/20/2026,12:41:13,27.0,60.0
06/20/2026,12:46:13,27.0,59.7
06/20/2026,12:51:13,27.0,59.6
06/20/2026,12:56:13,27.0,59.5
06/20/2026,13:01:13,27.1,59.3
06/20/2026,13:06:13,27.1,59.2
06/20/2026,13:11:13,27.0,59.0
06/20/2026,13:16:13,27.1,59.0
06/20/2026,13:21:13,27.0,58.8
06/20/2026,13:26:13,27.0,58.6
06/20/2026,13:31:13,27.0,58.6
06/20/2026,13:36:13,27.0,58.6
06/20/2026,13:41:13,27.0,58.7
06/20/2026,13:46:13,27.0,59.0
06/20/2026,13:51:13,27.0,59.2
06/20/2026,13:56:13,27.0,59.2
06/20/2026,14:01:13,27.1,59.3
06/20/2026,14:06:13,27.1,59.2
06/20/2026,14:11:13,27.1,59.3
06/20/2026,14:16:13,27.1,59.6
06/20/2026,14:21:13,27.1,59.9
06/20/2026,14:26:13,27.2,60.7
06/20/2026,14:31:13,27.3,60.4
06/20/2026,14:36:13,27.3,60.5
06/20/2026,14:41:13,27.4,60.1
06/20/2026,14:46:13,27.4,60.2
06/20/2026,14:51:13,27.5,60.1
06/20/2026,14:56:13,27.5,60.1
06/20/2026,15:01:13,27.6,60.2
06/20/2026,15:06:13,27.7,60.6
06/20/2026,15:11:13,27.8,60.7
06/20/2026,15:16:13,28.0,60.7
06/20/2026,15:21:13,28.0,60.1
06/20/2026,15:26:13,28.1,60.1
06/20/2026,15:31:13,28.1,60.2
06/20/2026,15:36:13,28.2,60.2
06/20/2026,15:41:13,28.2,59.5
06/20/2026,15:46:13,28.2,58.7
06/20/2026,15:51:13,28.1,58.2
06/20/2026,15:56:13,28.1,58.1
06/20/2026,16:01:13,28.1,58.1
06/20/2026,16:06:13,28.0,58.0
06/20/2026,16:11:13,28.0,57.9
06/20/2026,16:16:13,28.0,57.9
06/20/2026,16:21:13,28.0,57.8
06/20/2026,16:26:13,28.0,57.9
06/20/2026,16:31:13,27.9,57.5
06/20/2026,16:36:13,27.9,57.5
06/20/2026,16:41:13,27.9,57.6
06/20/2026,16:46:13,27.9,57.5
06/20/2026,16:51:13,27.9,57.4
06/20/2026,16:56:13,27.8,57.4
06/20/2026,17:01:13,27.8,57.4
06/20/2026,17:06:13,27.8,57.2
06/20/2026,17:11:13,27.8,57.1
06/20/2026,17:16:13,27.7,57.1
06/20/2026,17:21:13,27.8,57.1
06/20/2026,17:26:13,27.7,57.1
06/20/2026,17:31:13,27.7,57.0
06/20/2026,17:36:13,27.7,56.8
06/20/2026,17:41:13,27.6,56.8
06/20/2026,17:46:13,27.6,57.0
06/20/2026,17:51:13,27.6,56.9
06/20/2026,17:56:13,27.6,56.9
06/20/2026,18:01:13,27.6,57.1
06/20/2026,18:06:13,27.6,57.2
06/20/2026,18:11:13,27.6,57.4
06/20/2026,18:16:13,27.6,57.5
06/20/2026,18:21:13,27.6,57.6
06/20/2026,18:26:13,27.6,57.5
06/20/2026,18:31:13,27.6,57.6
06/20/2026,18:36:13,27.6,57.6
06/20/2026,18:41:13,27.6,57.8
06/20/2026,18:46:13,27.6,57.8
06/20/2026,18:51:13,27.6,57.7
06/20/2026,18:56:13,27.6,57.8
06/20/2026,19:01:13,27.6,57.8
06/20/2026,19:06:13,27.6,57.6
06/20/2026,19:11:13,27.6,57.2
06/20/2026,19:16:13,27.6,56.9
06/20/2026,19:21:13,27.6,56.7
06/20/2026,19:26:13,27.5,56.6
06/20/2026,19:31:13,27.5,56.7
06/20/2026,19:36:13,27.5,56.9
06/20/2026,19:41:13,27.5,57.1
06/20/2026,19:46:13,27.5,57.2
06/20/2026,19:51:13,27.5,57.3
06/20/2026,19:56:13,27.5,57.5
06/20/2026,20:01:13,27.5,57.5
06/20/2026,20:06:13,27.5,57.7
06/20/2026,20:11:13,27.5,57.9
06/20/2026,20:16:13,27.5,57.9
06/20/2026,20:21:13,27.5,57.9
06/20/2026,20:26:13,27.5,57.9
06/20/2026,20:31:13,27.5,57.8
06/20/2026,20:36:13,27.5,57.7
06/20/2026,20:41:13,27.5,57.7
06/20/2026,20:46:13,27.5,57.7
06/20/2026,20:51:13,27.5,57.7
06/20/2026,20:56:13,27.5,57.8
06/20/2026,21:01:13,27.5,57.8
06/20/2026,21:06:13,27.5,57.7
06/20/2026,21:11:13,27.4,57.7
06/20/2026,21:16:13,27.4,57.8
06/20/2026,21:21:13,27.4,57.8
06/20/2026,21:26:13,27.4,57.8
06/20/2026,21:31:13,27.4,57.8
06/20/2026,21:36:13,27.4,57.8
06/20/2026,21:41:13,27.4,57.8
06/20/2026,21:46:13,27.3,57.7
06/20/2026,21:51:13,27.3,57.8
06/20/2026,21:56:13,27.3,57.8
06/20/2026,22:01:13,27.3,57.7
06/20/2026,22:06:13,27.3,57.7
06/20/2026,22:11:13,27.2,57.8
06/20/2026,22:16:13,27.2,57.8
06/20/2026,22:21:13,27.2,57.7
06/20/2026,22:26:13,27.2,57.7
06/20/2026,22:31:13,27.2,57.7
06/20/2026,22:36:13,27.2,57.7
06/20/2026,22:41:13,27.2,57.7
06/20/2026,22:46:13,27.1,57.7
06/20/2026,22:51:13,27.1,57.7
06/20/2026,22:56:13,27.1,57.7
06/20/2026,23:01:13,27.1,57.7
06/20/2026,23:06:13,27.1,57.7
06/20/2026,23:11:13,27.1,57.7
06/20/2026,23:16:13,27.0,57.7
06/20/2026,23:21:13,27.0,57.7
06/20/2026,23:26:13,27.0,57.7
06/20/2026,23:31:13,27.0,57.7
06/20/2026,23:36:13,27.0,57.7
06/20/2026,23:41:13,27.0,57.7
06/20/2026,23:46:13,26.9,57.7
06/20/2026,23:51:13,26.9,57.7
06/20/2026,23:56:13,26.9,57.7
06/21/2026,00:01:13,26.9,57.7
06/21/2026,00:06:13,26.9,57.7
06/21/2026,00:11:13,26.9,57.7
06/21/2026,00:16:13,26.9,57.7
06/21/2026,00:21:13,26.9,57.7
06/21/2026,00:26:13,26.8,57.7
06/21/2026,00:31:13,26.8,57.7
06/21/2026,00:36:13,26.8,57.7
06/21/2026,00:41:13,26.8,57.7
06/21/2026,00:46:13,26.8,57.7
06/21/2026,00:51:13,26.7,57.7
06/21/2026,00:56:13,26.7,57.8
06/21/2026,01:01:13,26.7,57.7
06/21/2026,01:06:13,26.7,57.7
06/21/2026,01:11:13,26.7,57.7
06/21/2026,01:16:13,26.7,57.7
06/21/2026,01:21:13,26.7,57.7
06/21/2026,01:26:13,26.7,57.7
06/21/2026,01:31:13,26.6,57.7
06/21/2026,01:36:13,26.6,57.7
06/21/2026,01:41:13,26.6,57.7
06/21/2026,01:46:13,26.6,57.7
06/21/2026,01:51:13,26.5,57.7
06/21/2026,01:56:13,26.6,57.7
06/21/2026,02:01:13,26.5,57.6
06/21/2026,02:06:13,26.5,57.6
06/21/2026,02:11:13,26.5,57.6
06/21/2026,02:16:13,26.5,57.6
06/21/2026,02:21:13,26.5,57.6
06/21/2026,02:26:13,26.5,57.6
06/21/2026,02:31:13,26.4,57.6
06/21/2026,02:36:13,26.4,57.6
06/21/2026,02:41:13,26.4,57.6
06/21/2026,02:46:13,26.4,57.6
06/21/2026,02:51:13,26.3,57.5
06/21/2026,02:56:13,26.4,57.5
06/21/2026,03:01:13,26.3,57.5
06/21/2026,03:06:13,26.3,57.5
06/21/2026,03:11:13,26.3,57.5
06/21/2026,03:16:13,26.3,57.5
06/21/2026,03:21:13,26.2,57.5
06/21/2026,03:26:13,26.2,57.5
06/21/2026,03:31:13,26.2,57.5
06/21/2026,03:36:13,26.2,57.5
06/21/2026,03:41:13,26.2,57.5
06/21/2026,03:46:13,26.1,57.5
06/21/2026,03:51:13,26.1,57.5
06/21/2026,03:56:13,26.1,57.5
06/21/2026,04:01:13,26.0,57.5
06/21/2026,04:06:13,26.0,57.5
06/21/2026,04:11:13,26.0,57.5
06/21/2026,04:16:13,26.0,57.4
06/21/2026,04:21:13,26.0,57.5
06/21/2026,04:26:13,26.0,57.5
06/21/2026,04:31:13,25.9,57.4
06/21/2026,04:36:13,25.9,57.5
06/21/2026,04:41:13,25.9,57.5
06/21/2026,04:46:13,25.9,57.5
06/21/2026,04:51:13,25.9,57.5
06/21/2026,04:56:13,25.9,57.5
06/21/2026,05:01:13,25.8,57.5
06/21/2026,05:06:13,25.8,57.5
06/21/2026,05:11:13,25.8,57.5
06/21/2026,05:16:13,25.8,57.4
06/21/2026,05:21:13,25.8,57.4
06/21/2026,05:26:13,25.7,57.4
06/21/2026,05:31:13,25.7,57.4
06/21/2026,05:36:13,25.7,57.4
06/21/2026,05:41:13,25.7,57.4
06/21/2026,05:46:13,25.7,57.4
06/21/2026,05:51:13,25.7,57.4
06/21/2026,05:56:13,25.7,57.4
06/21/2026,06:01:13,25.6,57.4
06/21/2026,06:06:13,25.6,57.4
06/21/2026,06:11:13,25.6,57.4
06/21/2026,06:16:13,25.6,57.5
06/21/2026,06:21:13,25.6,57.5
06/21/2026,06:26:13,25.6,57.5
06/21/2026,06:31:13,25.6,57.5
06/21/2026,06:36:13,25.6,57.4
06/21/2026,06:41:13,25.5,57.5
06/21/2026,06:46:13,25.6,57.5
06/21/2026,06:51:13,25.6,57.5
06/21/2026,06:56:13,25.5,57.5
06/21/2026,07:01:13,25.5,57.6
06/21/2026,07:06:13,25.5,57.5
06/21/2026,07:11:13,25.5,57.5
06/21/2026,07:16:13,25.5,57.5
06/21/2026,07:21:13,25.5,57.5
06/21/2026,07:26:13,25.5,57.5
06/21/2026,07:31:13,25.5,57.6
06/21/2026,07:36:13,25.5,57.6
06/21/2026,07:41:13,25.5,57.6
06/21/2026,07:46:13,25.5,57.7
06/21/2026,07:51:13,25.5,57.7
06/21/2026,07:56:13,25.5,57.9
06/21/2026,08:01:13,25.5,58.1
06/21/2026,08:06:13,25.6,58.2
06/21/2026,08:11:13,25.6,58.5
06/21/2026,08:16:13,25.6,58.6
06/21/2026,08:21:13,25.6,59.2
06/21/2026,08:26:13,25.6,59.2
06/21/2026,08:31:13,25.7,59.2
06/21/2026,08:36:13,25.7,59.5
06/21/2026,08:41:13,25.7,59.6
06/21/2026,08:46:13,25.8,59.9
06/21/2026,08:51:13,25.8,60.1
06/21/2026,08:56:13,25.8,60.1
06/21/2026,09:01:13,25.9,60.2
06/21/2026,09:06:13,25.9,60.2
06/21/2026,09:11:13,25.9,60.2
06/21/2026,09:16:13,25.9,60.3
06/21/2026,09:21:13,25.9,60.5
06/21/2026,09:26:13,25.9,60.6
06/21/2026,09:31:13,26.0,60.5
06/21/2026,09:36:13,26.0,60.8
06/21/2026,09:41:13,26.0,61.4
06/21/2026,09:46:13,26.1,61.5
06/21/2026,09:51:13,26.2,61.6
06/21/2026,09:56:13,26.2,62.0
06/21/2026,10:01:13,26.3,62.4
06/21/2026,10:06:13,26.4,62.3
06/21/2026,10:11:13,26.5,62.4
06/21/2026,10:16:13,26.6,62.6
06/21/2026,10:21:13,26.7,62.7
06/21/2026,10:26:13,26.8,62.7
06/21/2026,10:31:13,26.9,62.7
06/21/2026,10:36:13,26.9,62.5
06/21/2026,10:41:13,27.0,62.2
06/21/2026,10:46:13,27.0,61.6
06/21/2026,10:51:13,27.1,61.4
06/21/2026,10:56:13,27.1,61.1
06/21/2026,11:01:13,27.1,60.8
06/21/2026,11:06:13,27.1,60.7
06/21/2026,11:11:13,27.1,60.9
06/21/2026,11:16:13,27.1,61.0
06/21/2026,11:21:13,27.1,61.3
06/21/2026,11:26:13,27.1,62.0
06/21/2026,11:31:13,27.2,63.1
06/21/2026,11:36:13,27.2,62.6
06/21/2026,11:41:13,27.3,62.6
06/21/2026,11:46:13,27.4,62.9
06/21/2026,11:51:13,27.5,62.8
06/21/2026,11:56:13,27.6,62.8
06/21/2026,12:01:13,27.7,63.3
06/21/2026,12:06:13,27.8,64.0
06/21/2026,12:11:13,27.9,64.0
06/21/2026,12:16:13,28.0,63.3
06/21/2026,12:21:13,28.1,62.6
06/21/2026,12:26:13,28.2,62.7
06/21/2026,12:31:13,28.2,62.1
06/21/2026,12:36:13,28.2,61.1
06/21/2026,12:41:13,28.2,60.4
06/21/2026,12:46:13,28.2,59.8
06/21/2026,12:51:13,28.2,59.7
06/21/2026,12:56:13,28.2,59.2
06/21/2026,13:01:13,28.2,58.9
06/21/2026,13:06:13,28.1,58.6
06/21/2026,13:11:13,28.1,58.4
06/21/2026,13:16:13,28.0,58.3
06/21/2026,13:21:13,28.0,58.4
06/21/2026,13:26:13,28.0,58.3
06/21/2026,13:31:13,28.0,58.3
06/21/2026,13:36:13,27.9,58.4
06/21/2026,13:41:13,27.9,58.4
06/21/2026,13:46:13,27.8,58.4
06/21/2026,13:51:13,27.8,58.4
06/21/2026,13:56:13,27.8,58.3
06/21/2026,14:01:13,27.8,58.2
06/21/2026,14:06:13,27.7,58.1
06/21/2026,14:11:13,27.7,58.1
06/21/2026,14:16:13,27.7,58.0
06/21/2026,14:21:13,27.7,57.9
06/21/2026,14:26:13,27.6,57.8
06/21/2026,14:31:13,27.6,57.8
06/21/2026,14:36:13,27.6,57.7
06/21/2026,14:41:13,27.6,57.7
06/21/2026,14:46:13,27.6,57.6
06/21/2026,14:51:13,27.5,57.5
06/21/2026,14:56:13,27.5,57.5
06/21/2026,15:01:13,27.5,57.5
06/21/2026,15:06:13,27.5,57.5
06/21/2026,15:11:13,27.5,57.4
06/21/2026,15:16:13,27.5,57.2
06/21/2026,15:21:13,27.5,57.0
06/21/2026,15:26:13,27.4,56.9
06/21/2026,15:31:13,27.4,56.9
06/21/2026,15:36:13,27.4,56.8
06/21/2026,15:41:13,27.4,56.7
06/21/2026,15:46:13,27.4,56.7
06/21/2026,15:51:13,27.4,56.7
06/21/2026,15:56:13,27.4,56.7
06/21/2026,16:01:13,27.4,56.7
06/21/2026,16:06:13,27.4,56.6
06/21/2026,16:11:13,27.4,56.6
06/21/2026,16:16:13,27.4,56.7
06/21/2026,16:21:13,27.4,56.6
06/21/2026,16:26:13,27.4,56.7
06/21/2026,16:31:13,27.4,56.8
06/21/2026,16:36:13,27.4,56.8
06/21/2026,16:41:13,27.3,56.8
06/21/2026,16:46:13,27.3,56.7
06/21/2026,16:51:13,27.3,56.6
06/21/2026,16:56:13,27.3,56.7
06/21/2026,17:01:13,27.3,56.6
06/21/2026,17:06:13,27.3,56.7
06/21/2026,17:11:13,27.3,56.9
06/21/2026,17:16:13,27.3,57.0
06/21/2026,17:21:13,27.3,57.1
06/21/2026,17:26:13,27.3,57.0
06/21/2026,17:31:13,27.3,57.0
06/21/2026,17:36:13,27.3,57.0
06/21/2026,17:41:13,27.3,57.1
06/21/2026,17:46:13,27.3,57.2
06/21/2026,17:51:13,27.3,57.3
06/21/2026,17:56:13,27.3,57.3
06/21/2026,18:01:13,27.3,57.4
06/21/2026,18:06:13,27.2,57.3
06/21/2026,18:11:13,27.2,57.3
06/21/2026,18:16:13,27.2,57.4
06/21/2026,18:21:13,27.2,57.3
06/21/2026,18:26:13,27.2,57.3
06/21/2026,18:31:13,27.2,57.3
06/21/2026,18:36:13,27.2,57.4
06/21/2026,18:41:13,27.2,57.3
06/21/2026,18:46:13,27.1,57.3
06/21/2026,18:51:13,27.2,57.3
06/21/2026,18:56:13,27.1,57.3
06/21/2026,19:01:13,27.1,57.3
06/21/2026,19:06:13,27.1,57.3
06/21/2026,19:11:13,27.1,57.3
06/21/2026,19:16:13,27.1,57.3
06/21/2026,19:21:13,27.1,57.3
06/21/2026,19:26:13,27.1,57.2
06/21/2026,19:31:13,27.1,57.3
06/21/2026,19:36:13,27.0,57.3
06/21/2026,19:41:13,27.0,57.3
06/21/2026,19:46:13,27.1,57.3
06/21/2026,19:51:13,27.0,57.4
06/21/2026,19:56:13,27.0,57.5
06/21/2026,20:01:13,27.0,57.5
06/21/2026,20:06:13,27.0,57.5
06/21/2026,20:11:13,27.0,57.5
06/21/2026,20:16:13,27.0,57.5
06/21/2026,20:21:13,27.0,57.6
06/21/2026,20:26:13,26.9,57.6
06/21/2026,20:31:13,26.9,57.6
06/21/2026,20:36:13,26.9,57.7
06/21/2026,20:41:13,26.9,57.7
06/21/2026,20:46:13,26.9,57.6
06/21/2026,20:51:13,26.9,57.5
06/21/2026,20:56:13,26.8,57.5
06/21/2026,21:01:13,26.8,57.4
06/21/2026,21:06:13,26.8,57.4
06/21/2026,21:11:13,26.8,57.5
06/21/2026,21:16:13,26.8,57.4
06/21/2026,21:21:13,26.8,57.5
06/21/2026,21:26:13,26.7,57.5
06/21/2026,21:31:13,26.7,57.5
06/21/2026,21:36:13,26.7,57.5
06/21/2026,21:41:13,26.7,57.5
06/21/2026,21:46:13,26.7,57.4
06/21/2026,21:51:13,26.7,57.3
06/21/2026,21:56:13,26.7,57.3
06/21/2026,22:01:13,26.6,57.2
06/21/2026,22:06:13,26.6,57.2
06/21/2026,22:11:13,26.5,57.2
06/21/2026,22:16:13,26.5,57.2
06/21/2026,22:21:13,26.5,57.2
06/21/2026,22:26:13,26.5,57.2
06/21/2026,22:31:13,26.5,57.2
06/21/2026,22:36:13,26.4,57.2
06/21/2026,22:41:13,26.4,57.2
06/21/2026,22:46:13,26.3,57.1
06/21/2026,22:51:13,26.4,57.1
06/21/2026,22:56:13,26.3,57.1
06/21/2026,23:01:13,26.3,57.1
06/21/2026,23:06:13,26.3,57.1
06/21/2026,23:11:13,26.2,57.0
06/21/2026,23:16:13,26.2,57.1
06/21/2026,23:21:13,26.2,57.1
06/21/2026,23:26:13,26.2,57.1
06/21/2026,23:31:13,26.1,57.0
06/21/2026,23:36:13,26.1,57.0
06/21/2026,23:41:13,26.1,57.1
06/21/2026,23:46:13,26.1,57.0
06/21/2026,23:51:13,26.1,56.9
06/21/2026,23:56:13,26.1,56.9
06/22/2026,00:01:13,26.0,56.8
06/22/2026,00:06:13,26.0,56.7
06/22/2026,00:11:13,26.0,56.6
06/22/2026,00:16:13,25.9,56.6
06/22/2026,00:21:13,25.9,56.5
06/22/2026,00:26:13,25.9,56.5
06/22/2026,00:31:13,25.9,56.5
06/22/2026,00:36:13,25.8,56.4
06/22/2026,00:41:13,25.8,56.4
06/22/2026,00:46:13,25.8,56.3
06/22/2026,00:51:13,25.8,56.3
06/22/2026,00:56:13,25.8,56.2
06/22/2026,01:01:13,25.7,56.1
06/22/2026,01:06:13,25.7,56.1
06/22/2026,01:11:13,25.7,56.0
06/22/2026,01:16:13,25.6,55.9
06/22/2026,01:21:13,25.6,55.7
06/22/2026,01:26:13,25.6,55.7
06/22/2026,01:31:13,25.6,55.6
06/22/2026,01:36:13,25.5,55.5
06/22/2026,01:41:13,25.5,55.4
06/22/2026,01:46:13,25.5,55.4
06/22/2026,01:51:13,25.5,55.3
06/22/2026,01:56:13,25.4,55.1
06/22/2026,02:01:13,25.4,55.0
06/22/2026,02:06:13,25.4,54.9
06/22/2026,02:11:13,25.4,55.0
06/22/2026,02:16:13,25.3,54.8
06/22/2026,02:21:13,25.3,54.7
06/22/2026,02:26:13,25.3,54.6
06/22/2026,02:31:13,25.3,54.6
06/22/2026,02:36:13,25.2,54.5
06/22/2026,02:41:13,25.2,54.4
06/22/2026,02:46:13,25.2,54.3
06/22/2026,02:51:13,25.1,54.2
06/22/2026,02:56:13,25.1,54.2
06/22/2026,03:01:13,25.1,54.1
06/22/2026,03:06:13,25.1,54.0
06/22/2026,03:11:13,25.0,53.9
06/22/2026,03:16:13,25.0,53.8
06/22/2026,03:21:13,24.9,53.8
06/22/2026,03:26:13,25.0,53.8
06/22/2026,03:31:13,24.9,53.7
06/22/2026,03:36:13,24.9,53.7
06/22/2026,03:41:13,24.9,53.6
06/22/2026,03:46:13,24.8,53.6
06/22/2026,03:51:13,24.8,53.5
06/22/2026,03:56:13,24.8,53.4
06/22/2026,04:01:13,24.7,53.4
06/22/2026,04:06:13,24.7,53.4
06/22/2026,04:11:13,24.7,53.3
06/22/2026,04:16:13,24.7,53.3
06/22/2026,04:21:13,24.6,53.3
06/22/2026,04:26:13,24.6,53.3
06/22/2026,04:31:13,24.6,53.3
06/22/2026,04:36:13,24.6,53.2
06/22/2026,04:41:13,24.5,53.2
06/22/2026,04:46:13,24.5,53.1
06/22/2026,04:51:13,24.5,53.1
06/22/2026,04:56:13,24.5,53.0
06/22/2026,05:01:13,24.4,53.1
06/22/2026,05:06:13,24.4,53.1
06/22/2026,05:11:13,24.4,53.0
06/22/2026,05:16:13,24.4,53.0
06/22/2026,05:21:13,24.3,53.0
06/22/2026,05:26:13,24.3,53.0
06/22/2026,05:31:13,24.3,53.0
06/22/2026,05:36:13,24.3,53.0
06/22/2026,05:41:13,24.2,53.0
06/22/2026,05:46:13,24.2,53.0
06/22/2026,05:51:13,24.2,53.0
06/22/2026,05:56:13,24.2,53.0
06/22/2026,06:01:13,24.2,53.0
06/22/2026,06:06:13,24.2,53.1
06/22/2026,06:11:13,24.1,53.1
06/22/2026,06:16:13,24.1,53.1
06/22/2026,06:21:13,24.1,53.2
06/22/2026,06:26:13,24.1,53.3
06/22/2026,06:31:13,24.1,53.3
06/22/2026,06:36:13,24.0,53.3
06/22/2026,06:41:13,24.0,53.3
06/22/2026,06:46:13,24.0,53.3
06/22/2026,06:51:13,24.0,53.4
06/22/2026,06:56:13,24.0,53.4
06/22/2026,07:01:13,24.0,53.4
06/22/2026,07:06:13,24.0,53.5
06/22/2026,07:11:13,24.0,53.5
06/22/2026,07:16:13,24.1,53.6
06/22/2026,07:21:13,24.1,53.7
06/22/2026,07:26:13,24.1,53.7
06/22/2026,07:31:13,24.1,53.8
06/22/2026,07:36:13,24.2,53.7
06/22/2026,07:41:13,24.2,53.7
06/22/2026,07:46:13,24.2,53.8
06/22/2026,07:51:13,24.2,53.9
06/22/2026,07:56:13,24.2,53.9
06/22/2026,08:01:13,24.2,53.9
06/22/2026,08:06:13,24.2,54.0
06/22/2026,08:11:13,24.2,54.0
06/22/2026,08:16:13,24.2,54.0
06/22/2026,08:21:13,24.2,54.1
06/22/2026,08:26:13,24.2,54.1
06/22/2026,08:31:13,24.3,54.1
06/22/2026,08:36:13,24.3,54.1
06/22/2026,08:41:13,24.3,54.2
06/22/2026,08:46:13,24.3,54.2
06/22/2026,08:51:13,24.3,54.2
06/22/2026,08:56:13,24.3,54.2
06/22/2026,09:01:13,24.4,54.3
06/22/2026,09:06:13,24.4,54.3
06/22/2026,09:11:13,24.4,54.3
06/22/2026,09:16:13,24.4,54.4
06/22/2026,09:21:13,24.5,54.4
06/22/2026,09:26:13,24.5,54.4
06/22/2026,09:31:13,24.5,54.5
06/22/2026,09:36:13,24.5,54.6
06/22/2026,09:41:13,24.5,54.8
06/22/2026,09:46:13,24.6,54.9
06/22/2026,09:51:13,24.6,55.2
06/22/2026,09:56:13,24.6,55.2
06/22/2026,10:01:13,24.7,55.4
06/22/2026,10:06:13,24.7,55.6
06/22/2026,10:11:13,24.7,55.7
06/22/2026,10:16:13,24.8,55.8
06/22/2026,10:21:13,24.8,56.0
06/22/2026,10:26:13,24.8,56.0
06/22/2026,10:31:13,24.9,56.0
06/22/2026,10:36:13,24.9,56.2
06/22/2026,10:41:13,24.9,56.1
06/22/2026,10:46:13,24.9,56.2
06/22/2026,10:51:13,25.0,56.3
06/22/2026,10:56:13,25.0,56.4
06/22/2026,11:01:13,25.0,56.3
06/22/2026,11:06:13,25.1,56.4
06/22/2026,11:11:13,25.1,56.4
06/22/2026,11:16:13,25.1,56.4
06/22/2026,11:21:13,25.1,56.4
06/22/2026,11:26:13,25.2,56.4
06/22/2026,11:31:13,25.2,56.4
06/22/2026,11:36:13,25.2,56.3
06/22/2026,11:41:13,25.2,56.3
06/22/2026,11:46:13,25.2,56.3
06/22/2026,11:51:13,25.3,56.3
06/22/2026,11:56:13,25.3,56.2
06/22/2026,12:01:13,25.3,56.2
06/22/2026,12:06:13,25.4,56.2
06/22/2026,12:11:13,25.4,56.1
06/22/2026,12:16:13,25.4,56.1
06/22/2026,12:21:13,25.4,56.0
06/22/2026,12:26:13,25.5,56.0
06/22/2026,12:31:13,25.6,57.8
06/22/2026,12:36:13,25.9,58.2
06/22/2026,12:41:13,26.0,59.4
06/22/2026,12:46:13,26.3,59.6
06/22/2026,12:51:13,26.5,59.5
06/22/2026,12:56:13,26.6,60.1
06/22/2026,13:01:13,26.7,60.0
06/22/2026,13:06:13,26.8,60.0
06/22/2026,13:11:13,27.0,59.6
06/22/2026,13:16:13,27.1,59.2
06/22/2026,13:21:13,27.2,58.8
06/22/2026,13:26:13,27.4,58.6
06/22/2026,13:31:13,27.5,58.6
06/22/2026,13:36:13,27.7,58.0
06/22/2026,13:41:13,27.8,57.4
06/22/2026,13:46:13,27.9,56.3
06/22/2026,13:51:13,27.9,55.3
06/22/2026,13:56:13,27.9,54.6
06/22/2026,14:01:13,27.9,53.9
06/22/2026,14:06:13,27.9,53.6
06/22/2026,14:11:13,27.8,53.6
06/22/2026,14:16:13,27.8,53.3
06/22/2026,14:21:13,27.8,53.2
06/22/2026,14:26:13,27.7,53.2
06/22/2026,14:31:13,27.7,53.3
06/22/2026,14:36:13,27.8,52.8
06/22/2026,14:41:13,27.8,53.0
06/22/2026,14:46:13,27.7,53.1
06/22/2026,14:51:13,27.6,53.1
06/22/2026,14:56:13,27.6,53.2
06/22/2026,15:01:13,27.5,53.1
06/22/2026,15:06:13,27.5,53.3
06/22/2026,15:11:13,27.5,53.4
06/22/2026,15:16:13,27.5,53.3
06/22/2026,15:21:13,27.4,53.4
06/22/2026,15:26:13,27.4,53.5
06/22/2026,15:31:13,27.4,53.4
06/22/2026,15:36:13,27.4,53.5
06/22/2026,15:41:13,27.4,53.6
06/22/2026,15:46:13,27.3,53.6
06/22/2026,15:51:13,27.3,53.5
06/22/2026,15:56:13,27.3,53.6
06/22/2026,16:01:13,27.3,53.8
06/22/2026,16:06:13,27.3,53.7
06/22/2026,16:11:13,27.3,53.7
06/22/2026,16:16:13,27.3,53.8
06/22/2026,16:21:13,27.3,53.8
06/22/2026,16:26:13,27.3,53.8
06/22/2026,16:31:13,27.3,53.9
06/22/2026,16:36:13,27.3,53.7
06/22/2026,16:41:13,27.2,53.7
06/22/2026,16:46:13,27.3,53.8
06/22/2026,16:51:13,27.3,53.8
06/22/2026,16:56:13,27.2,53.7
06/22/2026,17:01:13,27.2,53.7
06/22/2026,17:06:13,27.2,53.4
06/22/2026,17:11:13,27.3,53.5
06/22/2026,17:16:13,27.2,53.6
06/22/2026,17:21:13,27.2,53.7
06/22/2026,17:26:13,27.2,53.7
06/22/2026,17:31:13,27.3,53.7
06/22/2026,17:36:13,27.2,53.7
06/22/2026,17:41:13,27.3,53.7
06/22/2026,17:46:13,27.3,53.7
06/22/2026,17:51:13,27.3,53.6
06/22/2026,17:56:13,27.3,53.6
06/22/2026,18:01:13,27.3,53.5
06/22/2026,18:06:13,27.3,53.4
06/22/2026,18:11:13,27.3,53.4
06/22/2026,18:16:13,27.3,53.4
06/22/2026,18:21:13,27.3,53.3
06/22/2026,18:26:13,27.3,53.3
06/22/2026,18:31:13,27.3,53.1
06/22/2026,18:36:13,27.2,53.0
06/22/2026,18:41:13,27.3,52.9
06/22/2026,18:46:13,27.3,52.9
06/22/2026,18:51:13,27.3,52.7
06/22/2026,18:56:13,27.3,52.7
06/22/2026,19:01:13,27.2,52.6
06/22/2026,19:06:13,27.2,52.5
06/22/2026,19:11:13,27.2,52.5
06/22/2026,19:16:13,27.2,52.5
06/22/2026,19:21:13,27.2,52.4
06/22/2026,19:26:13,27.2,52.4
06/22/2026,19:31:13,27.2,52.3
06/22/2026,19:36:13,27.2,52.3
06/22/2026,19:41:13,27.2,52.3
06/22/2026,19:46:13,27.2,52.2
06/22/2026,19:51:13,27.2,52.2
06/22/2026,19:56:13,27.2,52.1
06/22/2026,20:01:13,27.2,52.1
06/22/2026,20:06:13,27.2,52.1
06/22/2026,20:11:13,27.2,52.0
06/22/2026,20:16:13,27.2,51.9
06/22/2026,20:21:13,27.2,51.8
06/22/2026,20:26:13,27.1,51.8
06/22/2026,20:31:13,27.1,51.8
06/22/2026,20:36:13,27.1,51.8
06/22/2026,20:41:13,27.1,51.6
06/22/2026,20:46:13,27.1,51.6
06/22/2026,20:51:13,27.0,51.6
06/22/2026,20:56:13,27.1,51.5
06/22/2026,21:01:13,27.0,51.5
06/22/2026,21:06:13,27.0,51.4
06/22/2026,21:11:13,27.0,51.4
06/22/2026,21:16:13,27.0,51.4
06/22/2026,21:21:13,27.0,51.3
06/22/2026,21:26:13,27.0,51.3
06/22/2026,21:31:13,27.0,51.4
06/22/2026,21:36:13,26.9,51.3
06/22/2026,21:41:13,26.9,51.4
06/22/2026,21:46:13,26.9,51.4
06/22/2026,21:51:13,26.9,51.4
06/22/2026,21:56:13,26.9,51.4
06/22/2026,22:01:13,26.9,51.5
06/22/2026,22:06:13,26.8,51.5
06/22/2026,22:11:13,26.8,51.6
06/22/2026,22:16:13,26.8,51.6
06/22/2026,22:21:13,26.8,51.6
06/22/2026,22:26:13,26.8,51.6
06/22/2026,22:31:13,26.7,51.5
06/22/2026,22:36:13,26.7,51.6
06/22/2026,22:41:13,26.7,51.6
06/22/2026,22:46:13,26.7,51.6
06/22/2026,22:51:13,26.6,51.6
06/22/2026,22:56:13,26.6,51.6
06/22/2026,23:01:13,26.6,51.6
06/22/2026,23:06:13,26.6,51.6
06/22/2026,23:11:13,26.5,51.6
06/22/2026,23:16:13,26.5,51.6
06/22/2026,23:21:13,26.5,51.6
06/22/2026,23:26:13,26.4,51.6
06/22/2026,23:31:13,26.4,51.6
06/22/2026,23:36:13,26.4,51.6
06/22/2026,23:41:13,26.4,51.6
06/22/2026,23:46:13,26.4,51.6
06/22/2026,23:51:13,26.3,51.6
06/22/2026,23:56:13,26.3,51.6
06/23/2026,00:01:13,26.3,51.5
06/23/2026,00:06:13,26.3,51.5
06/23/2026,00:11:13,26.3,51.6
06/23/2026,00:16:13,26.2,51.5
06/23/2026,00:21:13,26.2,51.5
06/23/2026,00:26:13,26.2,51.5
06/23/2026,00:31:13,26.1,51.5
06/23/2026,00:36:13,26.2,51.6
06/23/2026,00:41:13,26.2,51.5
06/23/2026,00:46:13,26.1,51.6
06/23/2026,00:51:13,26.1,51.6
06/23/2026,00:56:13,26.1,51.6
06/23/2026,01:01:13,26.1,51.6
06/23/2026,01:06:13,26.1,51.6
06/23/2026,01:11:13,26.0,51.7
06/23/2026,01:16:13,26.0,51.6
06/23/2026,01:21:13,26.0,51.6
06/23/2026,01:26:13,26.0,51.6
06/23/2026,01:31:13,26.0,51.7
06/23/2026,01:36:13,26.0,51.6
06/23/2026,01:41:13,25.9,51.7
06/23/2026,01:46:13,25.9,51.7
06/23/2026,01:51:13,25.9,51.7
06/23/2026,01:56:13,25.9,51.7
06/23/2026,02:01:13,25.9,51.7
06/23/2026,02:06:13,25.9,51.7
06/23/2026,02:11:13,25.8,51.7
06/23/2026,02:16:13,25.8,51.7
06/23/2026,02:21:13,25.8,51.8
06/23/2026,02:26:13,25.8,51.8
06/23/2026,02:31:13,25.8,51.8
06/23/2026,02:36:13,25.8,51.8
06/23/2026,02:41:13,25.8,51.9
06/23/2026,02:46:13,25.8,51.9
06/23/2026,02:51:13,25.7,51.9
06/23/2026,02:56:13,25.7,52.0
06/23/2026,03:01:13,25.7,51.9
06/23/2026,03:06:13,25.7,52.0
06/23/2026,03:11:13,25.7,52.1
06/23/2026,03:16:13,25.6,52.1
06/23/2026,03:21:13,25.6,52.1
06/23/2026,03:26:13,25.6,52.2
06/23/2026,03:31:13,25.6,52.2
06/23/2026,03:36:13,25.6,52.3
06/23/2026,03:41:13,25.6,52.3
06/23/2026,03:46:13,25.6,52.3
06/23/2026,03:51:13,25.6,52.4
06/23/2026,03:56:13,25.5,52.5
06/23/2026,04:01:13,25.5,52.5
06/23/2026,04:06:13,25.5,52.5
06/23/2026,04:11:13,25.5,52.5
06/23/2026,04:16:13,25.5,52.6
06/23/2026,04:21:13,25.5,52.6
06/23/2026,04:26:13,25.4,52.7
06/23/2026,04:31:13,25.4,52.7
06/23/2026,04:36:13,25.4,52.8
06/23/2026,04:41:13,25.4,52.8
06/23/2026,04:46:13,25.4,52.8
06/23/2026,04:51:13,25.4,52.8
06/23/2026,04:56:13,25.3,52.9
06/23/2026,05:01:13,25.3,52.9
06/23/2026,05:06:13,25.3,52.9
06/23/2026,05:11:13,25.3,53.0
06/23/2026,05:16:13,25.2,53.0
06/23/2026,05:21:13,25.2,53.1
06/23/2026,05:26:13,25.2,53.1
06/23/2026,05:31:13,25.2,53.1
06/23/2026,05:36:13,25.2,53.2
06/23/2026,05:41:13,25.2,53.2
06/23/2026,05:46:13,25.2,53.2
06/23/2026,05:51:13,25.2,53.2
06/23/2026,05:56:13,25.2,53.3
06/23/2026,06:01:13,25.2,53.3
06/23/2026,06:06:13,25.1,53.3
06/23/2026,06:11:13,25.2,53.3
06/23/2026,06:16:13,25.1,53.4
06/23/2026,06:21:13,25.1,53.4
06/23/2026,06:26:13,25.1,53.4
06/23/2026,06:31:13,25.1,53.5
06/23/2026,06:36:13,25.1,53.5
06/23/2026,06:41:13,25.1,53.5
06/23/2026,06:46:13,25.1,53.6
06/23/2026,06:51:13,25.1,53.6
06/23/2026,06:56:13,25.1,53.7
06/23/2026,07:01:13,25.1,53.8
06/23/2026,07:06:13,25.1,53.8
06/23/2026,07:11:13,25.1,53.9
06/23/2026,07:16:13,25.1,53.9
06/23/2026,07:21:13,25.1,54.0
06/23/2026,07:26:13,25.1,54.0
06/23/2026,07:31:13,25.1,54.0
06/23/2026,07:36:13,25.1,54.1
06/23/2026,07:41:13,25.1,54.1
06/23/2026,07:46:13,25.1,54.2
06/23/2026,07:51:13,25.1,54.2
06/23/2026,07:56:13,25.1,54.3
06/23/2026,08:01:13,25.1,54.3
06/23/2026,08:06:13,25.1,54.4
06/23/2026,08:11:13,25.1,54.3
06/23/2026,08:16:13,25.2,54.4
06/23/2026,08:21:13,25.2,54.4
06/23/2026,08:26:13,25.2,54.5
06/23/2026,08:31:13,25.2,54.6
06/23/2026,08:36:13,25.2,54.6
06/23/2026,08:41:13,25.2,54.6
06/23/2026,08:46:13,25.2,54.8
06/23/2026,08:51:13,25.2,55.1
06/23/2026,08:56:13,25.2,55.1
06/23/2026,09:01:13,25.2,55.1
06/23/2026,09:06:13,25.2,55.1
06/23/2026,09:11:13,25.3,55.1
06/23/2026,09:16:13,25.2,55.2
06/23/2026,09:21:13,25.3,55.2
06/23/2026,09:26:13,25.3,55.2
06/23/2026,09:31:13,25.3,55.3
06/23/2026,09:36:13,25.3,55.3
06/23/2026,09:41:13,25.3,55.4
06/23/2026,09:46:13,25.3,55.4
06/23/2026,09:51:13,25.4,55.5
06/23/2026,09:56:13,25.4,55.6
06/23/2026,10:01:13,25.4,55.6
06/23/2026,10:06:13,25.4,55.7
06/23/2026,10:11:13,25.4,55.7
06/23/2026,10:16:13,25.4,55.7
06/23/2026,10:21:13,25.4,55.8
06/23/2026,10:26:13,25.5,55.9
06/23/2026,10:31:13,25.5,55.9
06/23/2026,10:36:13,25.5,56.0
06/23/2026,10:41:13,25.5,56.1
06/23/2026,10:46:13,25.5,56.1
06/23/2026,10:51:13,25.6,56.1
06/23/2026,10:56:13,25.6,56.2
06/23/2026,11:01:13,25.6,56.3
06/23/2026,11:06:13,25.6,56.4
06/23/2026,11:11:13,25.7,56.4
06/23/2026,11:16:13,25.7,56.5
06/23/2026,11:21:13,25.7,56.7
06/23/2026,11:26:13,25.7,56.6
06/23/2026,11:31:13,25.8,56.7
06/23/2026,11:36:13,25.8,56.7
06/23/2026,11:41:13,25.8,56.7
06/23/2026,11:46:13,25.8,56.7
06/23/2026,11:51:13,25.9,56.7
06/23/2026,11:56:13,25.9,56.8
06/23/2026,12:01:13,25.9,56.9
06/23/2026,12:06:13,25.9,56.9
06/23/2026,12:11:13,25.9,56.9
06/23/2026,12:16:13,26.0,56.8
06/23/2026,12:21:13,26.0,56.7
06/23/2026,12:26:13,26.0,56.7
06/23/2026,12:31:13,26.1,56.8
06/23/2026,12:36:13,26.1,56.9
06/23/2026,12:41:13,26.1,56.8
06/23/2026,12:46:13,26.1,56.9
06/23/2026,12:51:13,26.2,56.9
06/23/2026,12:56:13,26.2,57.0
06/23/2026,13:01:13,26.2,57.1
06/23/2026,13:06:13,26.3,57.2
06/23/2026,13:11:13,26.3,57.5
06/23/2026,13:16:13,26.3,57.6
06/23/2026,13:21:13,26.4,58.4
06/23/2026,13:26:13,26.4,58.7
06/23/2026,13:31:13,26.4,59.0
06/23/2026,13:36:13,26.5,59.5
06/23/2026,13:41:13,26.5,59.9
06/23/2026,13:46:13,26.6,59.9
06/23/2026,13:51:13,26.6,60.1
06/23/2026,13:56:13,26.6,60.1
06/23/2026,14:01:13,26.7,60.2
06/23/2026,14:06:13,26.7,60.3
06/23/2026,14:11:13,26.7,60.5
06/23/2026,14:16:13,26.8,60.3
06/23/2026,14:21:13,26.8,60.7
06/23/2026,14:26:13,26.9,60.8
06/23/2026,14:31:13,26.9,61.1
06/23/2026,14:36:13,26.9,60.9
06/23/2026,14:41:13,27.0,60.9
06/23/2026,14:46:13,27.0,61.2
06/23/2026,14:51:13,27.1,60.8
06/23/2026,14:56:13,27.1,61.2
06/23/2026,15:01:13,27.1,61.0
06/23/2026,15:06:13,27.1,61.1
06/23/2026,15:11:13,27.2,61.0
06/23/2026,15:16:13,27.2,61.1
06/23/2026,15:21:13,27.3,61.2
06/23/2026,15:26:13,27.3,61.3
06/23/2026,15:31:13,27.4,61.5
06/23/2026,15:36:13,27.4,61.4
06/23/2026,15:41:13,27.4,61.4
06/23/2026,15:46:13,27.4,61.4
06/23/2026,15:51:13,27.5,61.8
06/23/2026,15:56:13,27.5,61.7
06/23/2026,16:01:13,27.5,61.8
06/23/2026,16:06:13,27.6,61.8
06/23/2026,16:11:13,27.6,62.0
06/23/2026,16:16:13,27.6,62.0
06/23/2026,16:21:13,27.7,62.0
06/23/2026,16:26:13,27.7,62.1
06/23/2026,16:31:13,27.8,62.2
06/23/2026,16:36:13,27.8,62.1
06/23/2026,16:41:13,27.8,62.2
06/23/2026,16:46:13,27.9,62.4
06/23/2026,16:51:13,27.9,62.2
06/23/2026,16:56:13,27.9,62.4
06/23/2026,17:01:13,28.0,62.3
06/23/2026,17:06:13,28.0,62.4
06/23/2026,17:11:13,28.0,62.3
06/23/2026,17:16:13,28.1,62.4
06/23/2026,17:21:13,28.1,62.4
06/23/2026,17:26:13,28.1,62.4
06/23/2026,17:31:13,28.2,62.3
06/23/2026,17:36:13,28.2,62.3
06/23/2026,17:41:13,28.2,62.3
06/23/2026,17:46:13,28.3,62.3
06/23/2026,17:51:13,28.3,62.2
06/23/2026,17:56:13,28.3,62.1
06/23/2026,18:01:13,28.3,62.1
06/23/2026,18:06:13,28.4,62.0
06/23/2026,18:11:13,28.4,62.0
06/23/2026,18:16:13,28.4,62.0
06/23/2026,18:21:13,28.4,61.8
06/23/2026,18:26:13,28.5,61.9
06/23/2026,18:31:13,28.4,61.7
06/23/2026,18:36:13,28.5,61.8
06/23/2026,18:41:13,28.5,61.7
06/23/2026,18:46:13,28.5,61.6
06/23/2026,18:51:13,28.5,61.6
06/23/2026,18:56:13,28.5,61.4
06/23/2026,19:01:13,28.6,61.2
06/23/2026,19:06:13,28.6,61.1
06/23/2026,19:11:13,28.6,60.9
06/23/2026,19:16:13,28.6,60.9
06/23/2026,19:21:13,28.6,60.7
06/23/2026,19:26:13,28.7,60.6
06/23/2026,19:31:13,28.7,60.5
06/23/2026,19:36:13,28.7,60.6
06/23/2026,19:41:13,28.7,60.5
06/23/2026,19:46:13,28.7,60.5
06/23/2026,19:51:13,28.8,60.3
06/23/2026,19:56:13,28.8,60.3
06/23/2026,20:01:13,28.8,60.1
06/23/2026,20:06:13,28.8,60.0
06/23/2026,20:11:13,28.8,59.8
06/23/2026,20:16:13,28.8,59.7
06/23/2026,20:21:13,28.8,59.5
06/23/2026,20:26:13,28.8,59.3
06/23/2026,20:31:13,28.8,59.1
06/23/2026,20:36:13,28.8,58.8
06/23/2026,20:41:13,28.8,58.8
06/23/2026,20:46:13,28.8,58.9
06/23/2026,20:51:13,28.8,58.9
06/23/2026,20:56:13,28.8,58.9
06/23/2026,21:01:13,28.8,58.8
06/23/2026,21:06:13,28.8,58.8
06/23/2026,21:11:13,28.8,58.7
06/23/2026,21:16:13,28.8,58.7
06/23/2026,21:21:13,28.8,58.6
06/23/2026,21:26:13,28.8,58.6
06/23/2026,21:31:13,28.8,58.6
06/23/2026,21:36:13,28.8,58.5
06/23/2026,21:41:13,28.8,58.5
06/23/2026,21:46:13,28.8,58.5
06/23/2026,21:51:13,28.8,58.6
06/23/2026,21:56:13,28.8,58.6
06/23/2026,22:01:13,28.8,58.6
06/23/2026,22:06:13,28.8,58.6
06/23/2026,22:11:13,28.8,58.6
06/23/2026,22:16:13,28.8,58.6
06/23/2026,22:21:13,28.7,58.5
06/23/2026,22:26:13,28.7,58.5
06/23/2026,22:31:13,28.8,58.5
06/23/2026,22:36:13,28.7,58.5
06/23/2026,22:41:13,28.7,58.5
06/23/2026,22:46:13,28.7,58.5
06/23/2026,22:51:13,28.7,58.5
06/23/2026,22:56:13,28.7,58.4
06/23/2026,23:01:13,28.7,58.5
06/23/2026,23:06:13,28.7,58.4
06/23/2026,23:11:13,28.7,58.5
06/23/2026,23:16:13,28.6,58.4
06/23/2026,23:21:13,28.6,58.4
06/23/2026,23:26:13,28.6,58.4
06/23/2026,23:31:13,28.6,58.4
06/23/2026,23:36:13,28.6,58.4
06/23/2026,23:41:13,28.6,58.4
06/23/2026,23:46:13,28.6,58.4
06/23/2026,23:51:13,28.6,58.4
06/23/2026,23:56:13,28.5,58.4
06/24/2026,00:01:13,28.5,58.3
06/24/2026,00:06:13,28.5,58.4
06/24/2026,00:11:13,28.5,58.3
06/24/2026,00:16:13,28.5,58.3
06/24/2026,00:21:13,28.5,58.3
06/24/2026,00:26:13,28.5,58.3
06/24/2026,00:31:13,28.5,58.3
06/24/2026,00:36:13,28.5,58.3
06/24/2026,00:41:13,28.5,58.3
06/24/2026,00:46:13,28.4,58.3
06/24/2026,00:51:13,28.4,58.3
06/24/2026,00:56:13,28.4,58.3
06/24/2026,01:01:13,28.4,58.3
06/24/2026,01:06:13,28.4,58.3
06/24/2026,01:11:13,28.4,58.3
06/24/2026,01:16:13,28.4,58.3
06/24/2026,01:21:13,28.4,58.3
06/24/2026,01:26:13,28.4,58.3
06/24/2026,01:31:13,28.4,58.2
06/24/2026,01:36:13,28.3,58.3
06/24/2026,01:41:13,28.3,58.3
06/24/2026,01:46:13,28.3,58.2
06/24/2026,01:51:13,28.3,58.2
06/24/2026,01:56:13,28.3,58.2
06/24/2026,02:01:13,28.2,58.2
06/24/2026,02:06:13,28.2,58.2
06/24/2026,02:11:13,28.2,58.3
06/24/2026,02:16:13,28.2,58.2
06/24/2026,02:21:13,28.2,58.3
06/24/2026,02:26:13,28.2,58.2
06/24/2026,02:31:13,28.1,58.2
06/24/2026,02:36:13,28.1,58.2
06/24/2026,02:41:13,28.1,58.2
06/24/2026,02:46:13,28.1,58.2
06/24/2026,02:51:13,28.1,58.2
06/24/2026,02:56:13,28.1,58.2
06/24/2026,03:01:13,28.1,58.2
06/24/2026,03:06:13,28.1,58.2
06/24/2026,03:11:13,28.1,58.2
06/24/2026,03:16:13,28.0,58.1
06/24/2026,03:21:13,28.0,58.2
06/24/2026,03:26:13,28.0,58.1
06/24/2026,03:31:13,28.0,58.2
06/24/2026,03:36:13,28.0,58.2
06/24/2026,03:41:13,28.0,58.1
06/24/2026,03:46:13,28.0,58.1
06/24/2026,03:51:13,28.0,58.1
06/24/2026,03:56:13,27.9,58.1
06/24/2026,04:01:13,27.9,58.1
06/24/2026,04:06:13,27.9,58.1
06/24/2026,04:11:13,27.9,58.1
06/24/2026,04:16:13,27.9,58.1
06/24/2026,04:21:13,27.9,58.1
06/24/2026,04:26:13,27.9,58.1
06/24/2026,04:31:13,27.8,58.1
06/24/2026,04:36:13,27.8,58.1
06/24/2026,04:41:13,27.8,58.0
06/24/2026,04:46:13,27.8,58.0
06/24/2026,04:51:13,27.8,58.0
06/24/2026,04:56:13,27.8,58.0
06/24/2026,05:01:13,27.8,58.0
06/24/2026,05:06:13,27.7,58.0
06/24/2026,05:11:13,27.7,58.0
06/24/2026,05:16:13,27.8,58.0
06/24/2026,05:21:13,27.7,58.0
06/24/2026,05:26:13,27.7,57.9
06/24/2026,05:31:13,27.7,57.9
06/24/2026,05:36:13,27.7,58.0
06/24/2026,05:41:13,27.6,57.9
06/24/2026,05:46:13,27.6,57.9
06/24/2026,05:51:13,27.7,57.9
06/24/2026,05:56:13,27.6,57.9
06/24/2026,06:01:13,27.6,57.9
06/24/2026,06:06:13,27.6,58.0
06/24/2026,06:11:13,27.5,57.9
06/24/2026,06:16:13,27.6,57.9
06/24/2026,06:21:13,27.6,58.0
06/24/2026,06:26:13,27.6,58.0
06/24/2026,06:31:13,27.5,58.0
06/24/2026,06:36:13,27.5,58.1
06/24/2026,06:41:13,27.5,58.1
06/24/2026,06:46:13,27.5,58.1
06/24/2026,06:51:13,27.5,58.1
06/24/2026,06:56:13,27.5,58.1
06/24/2026,07:01:13,27.5,58.1
06/24/2026,07:06:13,27.5,58.1
06/24/2026,07:11:13,27.5,58.1
06/24/2026,07:16:13,27.5,58.2
06/24/2026,07:21:13,27.5,58.2
06/24/2026,07:26:13,27.5,58.2
06/24/2026,07:31:13,27.5,58.2
06/24/2026,07:36:13,27.5,58.2
06/24/2026,07:41:13,27.5,58.2
06/24/2026,07:46:13,27.5,58.2
06/24/2026,07:51:13,27.5,58.2
06/24/2026,07:56:13,27.5,58.2
06/24/2026,08:01:13,27.5,58.3
06/24/2026,08:06:13,27.5,58.3
06/24/2026,08:11:13,27.5,58.2
06/24/2026,08:16:13,27.5,58.3
06/24/2026,08:21:13,27.5,58.4
06/24/2026,08:26:13,27.6,58.7
06/24/2026,08:31:13,27.6,58.8
06/24/2026,08:36:13,27.6,58.9
06/24/2026,08:41:13,27.6,59.0
06/24/2026,08:46:13,27.6,59.1
06/24/2026,08:51:13,27.6,59.2
06/24/2026,08:56:13,27.7,59.2
06/24/2026,09:01:13,27.7,59.2
06/24/2026,09:06:13,27.7,59.3
06/24/2026,09:11:13,27.7,59.3
06/24/2026,09:16:13,27.7,59.3
06/24/2026,09:21:13,27.8,59.4
06/24/2026,09:26:13,27.8,59.5
06/24/2026,09:31:13,27.8,59.6
06/24/2026,09:36:13,27.8,59.7
06/24/2026,09:41:13,27.9,59.7
06/24/2026,09:46:13,27.9,59.7
06/24/2026,09:51:13,27.9,59.9
06/24/2026,09:56:13,27.9,59.9
06/24/2026,10:01:13,28.0,59.9
06/24/2026,10:06:13,28.0,60.0
06/24/2026,10:11:13,28.0,60.1
06/24/2026,10:16:13,28.1,60.1
06/24/2026,10:21:13,28.1,60.2
06/24/2026,10:26:13,28.1,60.2
06/24/2026,10:31:13,28.1,60.3
06/24/2026,10:36:13,28.2,60.2
06/24/2026,10:41:13,28.2,60.2
06/24/2026,10:46:13,28.2,60.2
06/24/2026,10:51:13,28.2,60.3
06/24/2026,10:56:13,28.3,60.3
06/24/2026,11:01:13,28.3,60.3
06/24/2026,11:06:13,28.3,60.1
06/24/2026,11:11:13,28.3,60.2
06/24/2026,11:16:13,28.4,60.2
06/24/2026,11:21:13,28.4,60.3
06/24/2026,11:26:13,28.4,60.3
06/24/2026,11:31:13,28.5,60.3
06/24/2026,11:36:13,28.5,60.3
06/24/2026,11:41:13,28.5,60.3
06/24/2026,11:46:13,28.5,60.3
06/24/2026,11:51:13,28.5,60.3
06/24/2026,11:56:13,28.5,60.3
06/24/2026,12:01:13,28.6,60.3
06/24/2026,12:06:13,28.6,60.3
06/24/2026,12:11:13,28.6,60.3
06/24/2026,12:16:13,28.6,60.3
06/24/2026,12:21:13,28.6,60.2
06/24/2026,12:26:13,28.7,60.2
06/24/2026,12:31:13,28.7,60.2
06/24/2026,12:36:13,28.7,60.2
06/24/2026,12:41:13,28.7,60.2
06/24/2026,12:46:13,28.8,60.2
06/24/2026,12:51:13,28.8,60.2
06/24/2026,12:56:13,28.8,60.2
06/24/2026,13:01:13,28.8,60.1
06/24/2026,13:06:13,28.8,60.2
06/24/2026,13:11:13,28.8,60.2
06/24/2026,13:16:13,28.9,60.2
06/24/2026,13:21:13,28.9,60.1
06/24/2026,13:26:13,28.9,60.1
06/24/2026,13:31:13,29.0,60.2
06/24/2026,13:36:13,29.0,60.2
06/24/2026,13:41:13,29.0,60.2
06/24/2026,13:46:13,29.0,60.1
06/24/2026,13:51:13,29.0,60.1
06/24/2026,13:56:13,29.0,60.2
06/24/2026,14:01:13,29.1,60.1
06/24/2026,14:06:13,29.1,60.2
06/24/2026,14:11:13,29.1,60.2
06/24/2026,14:16:13,29.1,60.2
06/24/2026,14:21:13,29.2,60.2
06/24/2026,14:26:13,29.2,60.2
06/24/2026,14:31:13,29.2,60.2
06/24/2026,14:36:13,29.2,60.2
06/24/2026,14:41:13,29.2,60.2
06/24/2026,14:46:13,29.3,60.1
06/24/2026,14:51:13,29.3,60.1
06/24/2026,14:56:13,29.3,60.2
06/24/2026,15:01:13,29.3,60.2
06/24/2026,15:06:13,29.4,60.2
06/24/2026,15:11:13,29.4,60.2
06/24/2026,15:16:13,29.4,60.3
06/24/2026,15:21:13,29.4,60.4
06/24/2026,15:26:13,29.4,60.3
06/24/2026,15:31:13,29.5,60.3
06/24/2026,15:36:13,29.5,60.4
06/24/2026,15:41:13,29.5,60.5
06/24/2026,15:46:13,29.6,60.3
06/24/2026,15:51:13,29.6,60.4
06/24/2026,15:56:13,29.6,60.4
06/24/2026,16:01:13,29.6,60.4
06/24/2026,16:06:13,29.7,60.4
06/24/2026,16:11:13,29.7,60.3
06/24/2026,16:16:13,29.7,60.4
06/24/2026,16:21:13,29.7,60.3
06/24/2026,16:26:13,29.7,60.3
06/24/2026,16:31:13,29.8,60.3
06/24/2026,16:36:13,29.8,60.3
06/24/2026,16:41:13,29.8,60.2
06/24/2026,16:46:13,29.8,60.2
06/24/2026,16:51:13,29.8,60.3
06/24/2026,16:56:13,29.9,60.2
06/24/2026,17:01:13,29.9,60.3
06/24/2026,17:06:13,29.9,60.1
06/24/2026,17:11:13,29.9,60.1
06/24/2026,17:16:13,30.0,60.2
06/24/2026,17:21:13,30.0,60.1
06/24/2026,17:26:13,30.0,60.1
06/24/2026,17:31:13,30.0,60.0
06/24/2026,17:36:13,30.0,60.0
06/24/2026,17:41:13,30.0,60.0
06/24/2026,17:46:13,30.1,60.0
06/24/2026,17:51:13,30.1,59.9
06/24/2026,17:56:13,30.1,59.9
06/24/2026,18:01:13,30.1,59.8
06/24/2026,18:06:13,30.1,59.8
06/24/2026,18:11:13,30.1,59.8
06/24/2026,18:16:13,30.1,59.8
06/24/2026,18:21:13,30.2,59.7
06/24/2026,18:26:13,30.2,59.7
06/24/2026,18:31:13,30.2,59.6
06/24/2026,18:36:13,30.2,59.7
06/24/2026,18:41:13,30.2,59.6
06/24/2026,18:46:13,30.2,59.6
06/24/2026,18:51:13,30.2,59.6
06/24/2026,18:56:13,30.3,59.6
06/24/2026,19:01:13,30.3,59.6
06/24/2026,19:06:13,30.3,59.5
06/24/2026,19:11:13,30.3,59.3
06/24/2026,19:16:13,30.3,59.3
06/24/2026,19:21:13,30.3,59.2
06/24/2026,19:26:13,30.3,59.0
06/24/2026,19:31:13,30.3,59.0
06/24/2026,19:36:13,30.3,58.9
06/24/2026,19:41:13,30.3,58.7
06/24/2026,19:46:13,30.3,58.4
06/24/2026,19:51:13,30.3,58.2
06/24/2026,19:56:13,30.3,58.0
06/24/2026,20:01:13,30.3,57.6
06/24/2026,20:06:13,30.3,57.4
06/24/2026,20:11:13,30.3,57.2
06/24/2026,20:16:13,30.3,56.9
06/24/2026,20:21:13,30.3,56.7
06/24/2026,20:26:13,30.3,56.5
06/24/2026,20:31:13,30.3,56.4
06/24/2026,20:36:13,30.2,56.4
06/24/2026,20:41:13,30.2,56.4
06/24/2026,20:46:13,30.2,56.3
06/24/2026,20:51:13,30.2,56.2
06/24/2026,20:56:13,30.2,56.3
06/24/2026,21:01:13,30.2,56.3
06/24/2026,21:06:13,30.2,56.4
06/24/2026,21:11:13,30.2,56.5
06/24/2026,21:16:13,30.2,56.4
06/24/2026,21:21:13,30.2,56.4
06/24/2026,21:26:13,30.2,56.4
06/24/2026,21:31:13,30.2,56.4
06/24/2026,21:36:13,30.2,56.4
06/24/2026,21:41:13,30.2,56.3
06/24/2026,21:46:13,30.2,56.3
06/24/2026,21:51:13,30.2,56.2
06/24/2026,21:56:13,30.2,56.2
06/24/2026,22:01:13,30.1,56.1
06/24/2026,22:06:13,30.1,56.1
06/24/2026,22:11:13,30.1,56.1
06/24/2026,22:16:13,30.1,56.1
06/24/2026,22:21:13,30.1,56.1
06/24/2026,22:26:13,30.1,56.1
06/24/2026,22:31:13,30.1,56.1
06/24/2026,22:36:13,30.1,56.0
06/24/2026,22:41:13,30.0,56.0
06/24/2026,22:46:13,30.0,56.0
06/24/2026,22:51:13,30.0,56.0
06/24/2026,22:56:13,30.0,56.0
06/24/2026,23:01:13,30.0,56.0
06/24/2026,23:06:13,30.0,56.0
06/24/2026,23:11:13,30.0,55.9
06/24/2026,23:16:13,30.0,55.9
06/24/2026,23:21:13,30.0,55.9
06/24/2026,23:26:13,29.9,55.9
06/24/2026,23:31:13,29.9,55.9
06/24/2026,23:36:13,29.9,55.8
06/24/2026,23:41:13,29.9,55.8
06/24/2026,23:46:13,29.8,55.8
06/24/2026,23:51:13,29.8,55.8
06/24/2026,23:56:13,29.8,55.8
06/25/2026,00:01:13,29.8,55.8
06/25/2026,00:06:13,29.7,55.8
06/25/2026,00:11:13,29.7,55.7
06/25/2026,00:16:13,29.7,55.7
06/25/2026,00:21:13,29.7,55.7
06/25/2026,00:26:13,29.7,55.6
06/25/2026,00:31:13,29.6,55.6
06/25/2026,00:36:13,29.6,55.6
06/25/2026,00:41:13,29.6,55.5
06/25/2026,00:46:13,29.6,55.5
06/25/2026,00:51:13,29.5,55.5
06/25/2026,00:56:13,29.5,55.4
06/25/2026,01:01:13,29.5,55.3
06/25/2026,01:06:13,29.5,55.3
06/25/2026,01:11:13,29.5,55.3
06/25/2026,01:16:13,29.4,55.3
06/25/2026,01:21:13,29.4,55.2
06/25/2026,01:26:13,29.4,55.2
06/25/2026,01:31:13,29.4,55.2
06/25/2026,01:36:13,29.4,55.1
06/25/2026,01:41:13,29.3,55.0
06/25/2026,01:46:13,29.3,55.0
06/25/2026,01:51:13,29.3,54.9
06/25/2026,01:56:13,29.3,54.9
06/25/2026,02:01:13,29.2,54.9
06/25/2026,02:06:13,29.2,54.8
06/25/2026,02:11:13,29.2,54.8
06/25/2026,02:16:13,29.2,54.8
06/25/2026,02:21:13,29.2,54.7
06/25/2026,02:26:13,29.2,54.7
06/25/2026,02:31:13,29.1,54.6
06/25/2026,02:36:13,29.1,54.5
06/25/2026,02:41:13,29.1,54.5
06/25/2026,02:46:13,29.1,54.5
06/25/2026,02:51:13,29.1,54.4
06/25/2026,02:56:13,29.1,54.4
06/25/2026,03:01:13,29.1,54.3
06/25/2026,03:06:13,29.0,54.3
06/25/2026,03:11:13,29.0,54.2
06/25/2026,03:16:13,29.0,54.2
06/25/2026,03:21:13,28.9,54.2
06/25/2026,03:26:13,28.9,54.2
06/25/2026,03:31:13,28.9,54.1
06/25/2026,03:36:13,28.9,54.1
06/25/2026,03:41:13,28.9,54.1
06/25/2026,03:46:13,28.9,54.0
06/25/2026,03:51:13,28.8,53.9
06/25/2026,03:56:13,28.8,53.9
06/25/2026,04:01:13,28.8,53.9
06/25/2026,04:06:13,28.7,53.9
06/25/2026,04:11:13,28.7,53.8
06/25/2026,04:16:13,28.7,53.9
06/25/2026,04:21:13,28.7,53.8
06/25/2026,04:26:13,28.6,53.8
06/25/2026,04:31:13,28.6,53.7
06/25/2026,04:36:13,28.6,53.8
06/25/2026,04:41:13,28.6,53.7
06/25/2026,04:46:13,28.6,53.7
06/25/2026,04:51:13,28.5,53.6
06/25/2026,04:56:13,28.5,53.6
06/25/2026,05:01:13,28.5,53.6
06/25/2026,05:06:13,28.5,53.6
06/25/2026,05:11:13,28.4,53.6
06/25/2026,05:16:13,28.4,53.6
06/25/2026,05:21:13,28.4,53.5
06/25/2026,05:26:13,28.4,53.5
06/25/2026,05:31:13,28.4,53.4
06/25/2026,05:36:13,28.3,53.5
06/25/2026,05:41:13,28.3,53.4
06/25/2026,05:46:13,28.3,53.4
06/25/2026,05:51:13,28.3,53.4
06/25/2026,05:56:13,28.3,53.4
06/25/2026,06:01:13,28.3,53.4
06/25/2026,06:06:13,28.2,53.3
06/25/2026,06:11:13,28.2,53.4
06/25/2026,06:16:13,28.2,53.3
06/25/2026,06:21:13,28.2,53.3
06/25/2026,06:26:13,28.2,53.3
06/25/2026,06:31:13,28.1,53.3
06/25/2026,06:36:13,28.1,53.3
06/25/2026,06:41:13,28.1,53.3
06/25/2026,06:46:13,28.1,53.3
06/25/2026,06:51:13,28.1,53.3
06/25/2026,06:56:13,28.1,53.2
06/25/2026,07:01:13,28.1,53.2
06/25/2026,07:06:13,28.1,53.1
06/25/2026,07:11:13,28.1,53.1
06/25/2026,07:16:13,28.1,53.2
06/25/2026,07:21:13,28.0,53.2
06/25/2026,07:26:13,28.0,53.2
06/25/2026,07:31:13,28.1,53.2
06/25/2026,07:36:13,28.0,53.2
06/25/2026,07:41:13,28.1,53.3
06/25/2026,07:46:13,28.0,53.3
06/25/2026,07:51:13,28.1,53.3
06/25/2026,07:56:13,28.0,53.3
06/25/2026,08:01:13,28.1,53.3
06/25/2026,08:06:13,28.0,53.3
06/25/2026,08:11:13,28.0,53.3
06/25/2026,08:16:13,28.0,53.3
06/25/2026,08:21:13,28.1,53.4
06/25/2026,08:26:13,28.1,53.4
06/25/2026,08:31:13,28.1,53.4
06/25/2026,08:36:13,28.1,53.4
06/25/2026,08:41:13,28.1,53.4
06/25/2026,08:46:13,28.1,53.4
06/25/2026,08:51:13,28.1,53.5
06/25/2026,08:56:13,28.1,53.5
06/25/2026,09:01:13,28.1,53.5
06/25/2026,09:06:13,28.1,53.5
06/25/2026,09:11:13,28.2,53.5
06/25/2026,09:16:13,28.2,53.5
06/25/2026,09:21:13,28.2,53.6
06/25/2026,09:26:13,28.2,53.5
06/25/2026,09:31:13,28.2,53.6
06/25/2026,09:36:13,28.3,53.6
06/25/2026,09:41:13,28.2,53.7
06/25/2026,09:46:13,28.3,53.8
06/25/2026,09:51:13,28.3,54.0
06/25/2026,09:56:13,28.3,54.0
06/25/2026,10:01:13,28.3,54.1
06/25/2026,10:06:13,28.4,54.2
06/25/2026,10:11:13,28.4,54.2
06/25/2026,10:16:13,28.4,54.2
06/25/2026,10:21:13,28.4,54.2
06/25/2026,10:26:13,28.5,54.2
06/25/2026,10:31:13,28.5,54.2
06/25/2026,10:36:13,28.5,54.2
06/25/2026,10:41:13,28.5,54.2
06/25/2026,10:46:13,28.5,54.3
06/25/2026,10:51:13,28.6,54.3
06/25/2026,10:56:13,28.6,54.3
06/25/2026,11:01:13,28.6,54.3
06/25/2026,11:06:13,28.6,54.3
06/25/2026,11:11:13,28.6,54.3
06/25/2026,11:16:13,28.7,54.3
06/25/2026,11:21:13,28.7,54.4
06/25/2026,11:26:13,28.7,54.3
06/25/2026,11:31:13,28.7,54.4
06/25/2026,11:36:13,28.7,54.4
06/25/2026,11:41:13,28.8,54.4
06/25/2026,11:46:13,28.8,54.4
06/25/2026,11:51:13,28.8,54.4
06/25/2026,11:56:13,28.8,54.4
06/25/2026,12:01:13,28.9,54.5
06/25/2026,12:06:13,28.9,54.5
06/25/2026,12:11:13,28.9,54.5
06/25/2026,12:16:13,28.9,54.5
06/25/2026,12:21:13,28.9,54.6
06/25/2026,12:26:13,28.9,54.6
06/25/2026,12:31:13,29.0,54.6
06/25/2026,12:36:13,29.0,54.6
06/25/2026,12:41:13,29.0,54.7
06/25/2026,12:46:13,29.0,54.7
06/25/2026,12:51:13,29.0,54.7
06/25/2026,12:56:13,29.0,54.7
06/25/2026,13:01:13,29.1,54.7
06/25/2026,13:06:13,29.1,54.8
06/25/2026,13:11:13,29.1,54.7
06/25/2026,13:16:13,29.1,54.8
06/25/2026,13:21:13,29.1,54.8
06/25/2026,13:26:13,29.1,54.8
06/25/2026,13:31:13,29.2,54.8
06/25/2026,13:36:13,29.2,54.8
06/25/2026,13:41:13,29.2,54.8
06/25/2026,13:46:13,29.2,54.9
06/25/2026,13:51:13,29.2,54.9
06/25/2026,13:56:13,29.2,54.8
06/25/2026,14:01:13,29.3,54.9
06/25/2026,14:06:13,29.3,54.8
06/25/2026,14:11:13,29.3,54.8
06/25/2026,14:16:13,29.3,54.8
06/25/2026,14:21:13,29.3,54.8
06/25/2026,14:26:13,29.3,54.8
06/25/2026,14:31:13,29.4,54.9
06/25/2026,14:36:13,29.4,54.9
06/25/2026,14:41:13,29.4,54.8
06/25/2026,14:46:13,29.4,54.9
06/25/2026,14:51:13,29.4,54.9
06/25/2026,14:56:13,29.4,54.8
06/25/2026,15:01:13,29.5,55.1
06/25/2026,15:06:13,29.5,55.2
06/25/2026,15:11:13,29.6,55.1
06/25/2026,15:16:13,29.6,55.1
06/25/2026,15:21:13,29.6,55.0
06/25/2026,15:26:13,29.6,55.1
06/25/2026,15:31:13,29.6,55.1
06/25/2026,15:36:13,29.6,55.0
06/25/2026,15:41:13,29.7,55.1
06/25/2026,15:46:13,29.7,55.1
06/25/2026,15:51:13,29.7,55.1
06/25/2026,15:56:13,29.7,55.1
06/25/2026,16:01:13,29.8,55.2
06/25/2026,16:06:13,29.8,55.1
06/25/2026,16:11:13,29.8,55.1
06/25/2026,16:16:13,29.8,55.2
06/25/2026,16:21:13,29.9,55.1
06/25/2026,16:26:13,29.9,55.1
06/25/2026,16:31:13,29.9,55.1
06/25/2026,16:36:13,29.9,55.1
06/25/2026,16:41:13,29.9,55.1
06/25/2026,16:46:13,29.9,55.1
06/25/2026,16:51:13,30.0,55.1
06/25/2026,16:56:13,30.0,55.1
06/25/2026,17:01:13,30.0,55.0
06/25/2026,17:06:13,30.0,55.1
06/25/2026,17:11:13,30.0,55.1
06/25/2026,17:16:13,30.0,55.0
06/25/2026,17:21:13,30.1,55.1
06/25/2026,17:26:13,30.1,55.1
06/25/2026,17:31:13,30.1,55.0
06/25/2026,17:36:13,30.1,55.0
06/25/2026,17:41:13,30.1,55.0
06/25/2026,17:46:13,30.1,55.0
06/25/2026,17:51:13,30.1,55.0
06/25/2026,17:56:13,30.2,55.0
06/25/2026,18:01:13,30.2,55.0
06/25/2026,18:06:13,30.2,55.0
06/25/2026,18:11:13,30.2,55.0
06/25/2026,18:16:13,30.2,55.0
06/25/2026,18:21:13,30.2,55.0
06/25/2026,18:26:13,30.2,55.0
06/25/2026,18:31:13,30.3,54.9
06/25/2026,18:36:13,30.3,54.9
06/25/2026,18:41:13,30.3,54.9
06/25/2026,18:46:13,30.3,54.9
06/25/2026,18:51:13,30.3,54.9
06/25/2026,18:56:13,30.3,54.9
06/25/2026,19:01:13,30.3,54.9
06/25/2026,19:06:13,30.3,54.8
06/25/2026,19:11:13,30.3,54.8
06/25/2026,19:16:13,30.3,54.8
06/25/2026,19:21:13,30.3,54.8
06/25/2026,19:26:13,30.4,54.7
06/25/2026,19:31:13,30.4,54.7
06/25/2026,19:36:13,30.4,54.6
06/25/2026,19:41:13,30.4,54.6
06/25/2026,19:46:13,30.4,54.6
06/25/2026,19:51:13,30.4,54.5
06/25/2026,19:56:13,30.4,54.4
06/25/2026,20:01:13,30.4,54.4
06/25/2026,20:06:13,30.4,54.3
06/25/2026,20:11:13,30.4,54.2
06/25/2026,20:16:13,30.4,54.2
06/25/2026,20:21:13,30.4,54.2
06/25/2026,20:26:13,30.4,54.2
06/25/2026,20:31:13,30.3,54.1
06/25/2026,20:36:13,30.4,54.1
06/25/2026,20:41:13,30.3,54.2
06/25/2026,20:46:13,30.3,54.1
06/25/2026,20:51:13,30.3,54.1
06/25/2026,20:56:13,30.3,54.1
06/25/2026,21:01:13,30.3,54.1
06/25/2026,21:06:13,30.3,54.1
06/25/2026,21:11:13,30.3,54.0
06/25/2026,21:16:13,30.3,53.9
06/25/2026,21:21:13,30.3,53.9
06/25/2026,21:26:13,30.3,54.0
06/25/2026,21:31:13,30.3,54.0
06/25/2026,21:36:13,30.3,54.0
06/25/2026,21:41:13,30.3,54.0
06/25/2026,21:46:13,30.3,54.0
06/25/2026,21:51:13,30.3,54.0
06/25/2026,21:56:13,30.2,54.0
06/25/2026,22:01:13,30.2,54.0
06/25/2026,22:06:13,30.2,54.0
06/25/2026,22:11:13,30.2,54.0
06/25/2026,22:16:13,30.2,54.0
06/25/2026,22:21:13,30.2,54.0
06/25/2026,22:26:13,30.2,54.0
06/25/2026,22:31:13,30.2,54.0
06/25/2026,22:36:13,30.2,54.0
06/25/2026,22:41:13,30.1,54.0
06/25/2026,22:46:13,30.1,54.0
06/25/2026,22:51:13,30.1,54.0
06/25/2026,22:56:13,30.1,54.0
06/25/2026,23:01:13,30.1,54.0
06/25/2026,23:06:13,30.1,54.0
06/25/2026,23:11:13,30.1,54.1
06/25/2026,23:16:13,30.1,54.0
06/25/2026,23:21:13,30.0,54.0
06/25/2026,23:26:13,30.0,54.1
06/25/2026,23:31:13,30.0,54.1
06/25/2026,23:36:13,30.0,54.0
06/25/2026,23:41:13,30.0,54.0
06/25/2026,23:46:13,29.9,54.1
06/25/2026,23:51:13,29.9,54.1
06/25/2026,23:56:13,29.9,54.1
06/26/2026,00:01:13,29.9,54.1
06/26/2026,00:06:13,29.9,54.1
06/26/2026,00:11:13,29.9,54.1
06/26/2026,00:16:13,29.8,54.1
06/26/2026,00:21:13,29.8,54.1
06/26/2026,00:26:13,29.8,54.1
06/26/2026,00:31:13,29.8,54.2
06/26/2026,00:36:13,29.8,54.1
06/26/2026,00:41:13,29.8,54.1
06/26/2026,00:46:13,29.8,54.1
06/26/2026,00:51:13,29.8,54.1
06/26/2026,00:56:13,29.7,54.2
06/26/2026,01:01:13,29.7,54.2
06/26/2026,01:06:13,29.7,54.1
06/26/2026,01:11:13,29.7,54.1
06/26/2026,01:16:13,29.7,54.2
06/26/2026,01:21:13,29.7,54.2
06/26/2026,01:26:13,29.6,54.2
06/26/2026,01:31:13,29.6,54.2
06/26/2026,01:36:13,29.6,54.2
06/26/2026,01:41:13,29.6,54.2
06/26/2026,01:46:13,29.6,54.2
06/26/2026,01:51:13,29.6,54.2
06/26/2026,01:56:13,29.6,54.2
06/26/2026,02:01:13,29.6,54.2
06/26/2026,02:06:13,29.6,54.2
06/26/2026,02:11:13,29.6,54.3
06/26/2026,02:16:13,29.5,54.3
06/26/2026,02:21:13,29.5,54.3
06/26/2026,02:26:13,29.5,54.3
06/26/2026,02:31:13,29.5,54.3
06/26/2026,02:36:13,29.5,54.3
06/26/2026,02:41:13,29.5,54.3
06/26/2026,02:46:13,29.4,54.4
06/26/2026,02:51:13,29.4,54.4
06/26/2026,02:56:13,29.4,54.4
06/26/2026,03:01:13,29.4,54.4
06/26/2026,03:06:13,29.4,54.4
06/26/2026,03:11:13,29.4,54.4
06/26/2026,03:16:13,29.3,54.5
06/26/2026,03:21:13,29.3,54.5
06/26/2026,03:26:13,29.3,54.5
06/26/2026,03:31:13,29.3,54.5
06/26/2026,03:36:13,29.3,54.6
06/26/2026,03:41:13,29.3,54.6
06/26/2026,03:46:13,29.3,54.6
06/26/2026,03:51:13,29.3,54.6
06/26/2026,03:56:13,29.2,54.6
06/26/2026,04:01:13,29.3,54.6
06/26/2026,04:06:13,29.3,54.6
06/26/2026,04:11:13,29.2,54.6
06/26/2026,04:16:13,29.2,54.6
06/26/2026,04:21:13,29.2,54.7
06/26/2026,04:26:13,29.2,54.7
06/26/2026,04:31:13,29.2,54.7
06/26/2026,04:36:13,29.2,54.7
06/26/2026,04:41:13,29.2,54.8
06/26/2026,04:46:13,29.2,54.8
06/26/2026,04:51:13,29.2,54.7
06/26/2026,04:56:13,29.2,54.8
06/26/2026,05:01:13,29.1,54.8
06/26/2026,05:06:13,29.1,54.8
06/26/2026,05:11:13,29.1,54.9
06/26/2026,05:16:13,29.1,54.9
06/26/2026,05:21:13,29.1,54.9
06/26/2026,05:26:13,29.1,54.8
06/26/2026,05:31:13,29.1,54.9
06/26/2026,05:36:13,29.1,54.9
06/26/2026,05:41:13,29.1,54.9
06/26/2026,05:46:13,29.1,55.0
06/26/2026,05:51:13,29.0,55.0
06/26/2026,05:56:13,29.0,54.9
06/26/2026,06:01:13,29.1,55.0
06/26/2026,06:06:13,29.0,55.0
06/26/2026,06:11:13,29.0,55.0
06/26/2026,06:16:13,29.0,55.0
06/26/2026,06:21:13,29.0,55.0
06/26/2026,06:26:13,29.0,55.1
06/26/2026,06:31:13,29.0,55.1
06/26/2026,06:36:13,29.0,55.1
06/26/2026,06:41:13,28.9,55.1
06/26/2026,06:46:13,28.9,55.2
06/26/2026,06:51:13,28.9,55.3
06/26/2026,06:56:13,28.9,55.4
06/26/2026,07:01:13,28.9,55.4
06/26/2026,07:06:13,28.9,55.5
06/26/2026,07:11:13,28.9,55.5
06/26/2026,07:16:13,28.9,55.5
06/26/2026,07:21:13,28.9,55.5
06/26/2026,07:26:13,28.9,55.6
06/26/2026,07:31:13,28.9,55.6
06/26/2026,07:36:13,28.9,55.7
06/26/2026,07:41:13,28.9,55.7
06/26/2026,07:46:13,28.9,55.7
06/26/2026,07:51:13,28.9,55.7
06/26/2026,07:56:13,28.9,55.8
06/26/2026,08:01:13,28.9,55.8
06/26/2026,08:06:13,28.9,55.8
06/26/2026,08:11:13,28.9,55.9
06/26/2026,08:16:13,28.9,56.0
06/26/2026,08:21:13,28.9,56.2
06/26/2026,08:26:13,28.9,56.3
06/26/2026,08:31:13,28.9,56.7
06/26/2026,08:36:13,28.9,56.9
06/26/2026,08:41:13,28.9,57.1
06/26/2026,08:46:13,28.9,57.2
06/26/2026,08:51:13,28.9,57.4
06/26/2026,08:56:13,28.9,57.4
06/26/2026,09:01:13,29.0,57.6
06/26/2026,09:06:13,29.0,57.8
06/26/2026,09:11:13,29.0,57.9
06/26/2026,09:16:13,29.0,58.2
06/26/2026,09:21:13,29.1,58.2
06/26/2026,09:26:13,29.1,58.4
06/26/2026,09:31:13,29.1,58.5
06/26/2026,09:36:13,29.1,58.6
06/26/2026,09:41:13,29.2,58.6
06/26/2026,09:46:13,29.2,58.7
06/26/2026,09:51:13,29.2,58.7
06/26/2026,09:56:13,29.2,58.8
06/26/2026,10:01:13,29.2,58.8
06/26/2026,10:06:13,29.3,58.9
06/26/2026,10:11:13,29.3,58.8
06/26/2026,10:16:13,29.3,58.8
06/26/2026,10:21:13,29.4,58.7
06/26/2026,10:26:13,29.4,58.7
06/26/2026,10:31:13,29.4,58.6
06/26/2026,10:36:13,29.4,58.6
06/26/2026,10:41:13,29.4,58.5
06/26/2026,10:46:13,29.5,58.4
06/26/2026,10:51:13,29.5,58.3
06/26/2026,10:56:13,29.5,58.3
06/26/2026,11:01:13,29.6,58.2
06/26/2026,11:06:13,29.6,58.1
06/26/2026,11:11:13,29.6,58.1
06/26/2026,11:16:13,29.7,58.0
06/26/2026,11:21:13,29.7,58.0
06/26/2026,11:26:13,29.7,57.9
06/26/2026,11:31:13,29.7,57.8
06/26/2026,11:36:13,29.8,57.8
06/26/2026,11:41:13,29.8,57.8
06/26/2026,11:46:13,29.8,57.8
06/26/2026,11:51:13,29.9,57.7
06/26/2026,11:56:13,29.9,57.6
06/26/2026,12:01:13,30.0,57.5
06/26/2026,12:06:13,30.0,57.4
06/26/2026,12:11:13,30.0,57.4
06/26/2026,12:16:13,30.0,57.3
06/26/2026,12:21:13,30.0,57.2
06/26/2026,12:26:13,30.1,57.1
06/26/2026,12:31:13,30.1,56.9
06/26/2026,12:36:13,30.1,56.8
06/26/2026,12:41:13,30.2,56.6
06/26/2026,12:46:13,30.2,56.5
06/26/2026,12:51:13,30.2,56.3
06/26/2026,12:56:13,30.2,56.0
06/26/2026,13:01:13,30.3,56.0
06/26/2026,13:06:13,30.3,55.3
06/26/2026,13:11:13,30.3,55.2
06/26/2026,13:16:13,30.3,55.2
06/26/2026,13:21:13,30.4,54.9
06/26/2026,13:26:13,30.4,54.8
06/26/2026,13:31:13,30.4,54.6
06/26/2026,13:36:13,30.4,54.0
06/26/2026,13:41:13,30.5,53.9
06/26/2026,13:46:13,30.5,53.8
06/26/2026,13:51:13,30.5,53.5
06/26/2026,13:56:13,30.6,53.3
06/26/2026,14:01:13,30.6,53.4
06/26/2026,14:06:13,30.6,53.1
06/26/2026,14:11:13,30.7,52.8
06/26/2026,14:16:13,30.7,52.6
06/26/2026,14:21:13,30.7,52.3
06/26/2026,14:26:13,30.8,52.2
06/26/2026,14:31:13,30.8,51.9
06/26/2026,14:36:13,30.8,51.5
06/26/2026,14:41:13,30.9,51.3
06/26/2026,14:46:13,30.9,51.0
06/26/2026,14:51:13,30.9,50.7
06/26/2026,14:56:13,30.9,50.3
06/26/2026,15:01:13,31.0,49.7
06/26/2026,15:06:13,31.0,49.2
06/26/2026,15:11:13,31.0,49.0
06/26/2026,15:16:13,31.0,48.8
06/26/2026,15:21:13,31.0,48.6
06/26/2026,15:26:13,31.0,48.4
06/26/2026,15:31:13,31.1,48.1
06/26/2026,15:36:13,31.1,47.7
06/26/2026,15:41:13,31.1,47.4
06/26/2026,15:46:13,31.1,47.3
06/26/2026,15:51:13,31.1,47.1
06/26/2026,15:56:13,31.2,46.8
06/26/2026,16:01:13,31.2,46.8
06/26/2026,16:06:13,31.2,46.6
06/26/2026,16:11:13,31.2,46.6
06/26/2026,16:16:13,31.2,46.4
06/26/2026,16:21:13,31.3,46.4
06/26/2026,16:26:13,31.3,46.4
06/26/2026,16:31:13,31.3,46.1
06/26/2026,16:36:13,31.3,46.0
06/26/2026,16:41:13,31.4,45.9
06/26/2026,16:46:13,31.4,45.6
06/26/2026,16:51:13,31.4,45.7
06/26/2026,16:56:13,31.4,45.5
06/26/2026,17:01:13,31.4,45.4
06/26/2026,17:06:13,31.4,45.1
06/26/2026,17:11:13,31.5,45.0
06/26/2026,17:16:13,31.5,44.5
06/26/2026,17:21:13,31.5,44.6
06/26/2026,17:26:13,31.6,44.5
06/26/2026,17:31:13,31.6,44.5
06/26/2026,17:36:13,31.6,44.5
06/26/2026,17:41:13,31.6,44.3
06/26/2026,17:46:13,31.6,44.3
06/26/2026,17:51:13,31.6,44.4
06/26/2026,17:56:13,31.7,44.1
06/26/2026,18:01:13,31.7,44.2
06/26/2026,18:06:13,31.7,44.3
06/26/2026,18:11:13,31.7,44.3
06/26/2026,18:16:13,31.8,44.0
06/26/2026,18:21:13,31.7,43.9
06/26/2026,18:26:13,31.8,43.9
06/26/2026,18:31:13,31.8,43.8
06/26/2026,18:36:13,31.8,42.9
06/26/2026,18:41:13,31.8,43.0
06/26/2026,18:46:13,31.8,42.9
06/26/2026,18:51:13,31.9,42.6
06/26/2026,18:56:13,31.9,42.4
06/26/2026,19:01:13,31.9,42.3
06/26/2026,19:06:13,31.9,42.2
06/26/2026,19:11:13,31.9,42.1
06/26/2026,19:16:13,31.9,42.7
06/26/2026,19:21:13,31.9,42.2
06/26/2026,19:26:13,31.9,42.5
06/26/2026,19:31:13,31.9,42.6
06/26/2026,19:36:13,31.9,42.5
06/26/2026,19:41:13,31.9,43.0
06/26/2026,19:46:13,31.9,42.8
06/26/2026,19:51:13,32.0,43.5
06/26/2026,19:56:13,31.9,44.1
06/26/2026,20:01:13,32.0,44.3
06/26/2026,20:06:13,32.0,44.3
06/26/2026,20:11:13,32.0,44.4
06/26/2026,20:16:13,32.0,44.2
06/26/2026,20:21:13,32.0,43.6
06/26/2026,20:26:13,32.0,43.6
06/26/2026,20:31:13,31.9,43.9
06/26/2026,20:36:13,32.0,43.6
06/26/2026,20:41:13,32.0,43.7
06/26/2026,20:46:13,32.0,43.6
06/26/2026,20:51:13,32.0,43.6
06/26/2026,20:56:13,32.0,43.5
06/26/2026,21:01:13,32.0,43.3
06/26/2026,21:06:13,31.9,43.1
06/26/2026,21:11:13,31.9,43.2
06/26/2026,21:16:13,31.9,43.3
06/26/2026,21:21:13,31.9,43.3
06/26/2026,21:26:13,31.9,43.3
06/26/2026,21:31:13,31.9,43.4
06/26/2026,21:36:13,31.9,43.5
06/26/2026,21:41:13,31.9,43.6
06/26/2026,21:46:13,31.9,43.6
06/26/2026,21:51:13,31.9,43.5
06/26/2026,21:56:13,31.9,43.5
06/26/2026,22:01:13,31.9,43.5
06/26/2026,22:06:13,31.8,43.5
06/26/2026,22:11:13,31.8,43.6
06/26/2026,22:16:13,31.8,43.6
06/26/2026,22:21:13,31.8,43.7
06/26/2026,22:26:13,31.8,43.7
06/26/2026,22:31:13,31.8,43.8
06/26/2026,22:36:13,31.8,43.8
06/26/2026,22:41:13,31.8,43.8
06/26/2026,22:46:13,31.8,43.9
06/26/2026,22:51:13,31.8,44.0
06/26/2026,22:56:13,31.7,44.0
06/26/2026,23:01:13,31.7,44.0
06/26/2026,23:06:13,31.7,44.1
06/26/2026,23:11:13,31.7,44.1
06/26/2026,23:16:13,31.7,44.2
06/26/2026,23:21:13,31.7,44.3
06/26/2026,23:26:13,31.7,44.4
06/26/2026,23:31:13,31.7,44.4
06/26/2026,23:36:13,31.6,44.4
06/26/2026,23:41:13,31.6,44.5
06/26/2026,23:46:13,31.6,44.5
06/26/2026,23:51:13,31.6,44.5
06/26/2026,23:56:13,31.6,44.6
06/27/2026,00:01:13,31.6,44.6
06/27/2026,00:06:13,31.6,44.7
06/27/2026,00:11:13,31.6,44.7
06/27/2026,00:16:13,31.6,44.8
06/27/2026,00:21:13,31.5,44.9
06/27/2026,00:26:13,31.5,44.9
06/27/2026,00:31:13,31.5,44.8
06/27/2026,00:36:13,31.5,45.0
06/27/2026,00:41:13,31.5,45.0
06/27/2026,00:46:13,31.5,45.0
06/27/2026,00:51:13,31.4,45.0
06/27/2026,00:56:13,31.4,45.1
06/27/2026,01:01:13,31.4,45.1
06/27/2026,01:06:13,31.4,45.2
06/27/2026,01:11:13,31.4,45.2
06/27/2026,01:16:13,31.4,45.3
06/27/2026,01:21:13,31.3,45.4
06/27/2026,01:26:13,31.3,45.4
06/27/2026,01:31:13,31.3,45.5
06/27/2026,01:36:13,31.3,45.5
06/27/2026,01:41:13,31.3,45.5
06/27/2026,01:46:13,31.3,45.6
06/27/2026,01:51:13,31.2,45.6
06/27/2026,01:56:13,31.2,45.7
06/27/2026,02:01:13,31.2,45.7
06/27/2026,02:06:13,31.2,45.8
06/27/2026,02:11:13,31.2,45.8
06/27/2026,02:16:13,31.2,45.9
06/27/2026,02:21:13,31.2,45.9
06/27/2026,02:26:13,31.1,46.0
06/27/2026,02:31:13,31.1,46.0
06/27/2026,02:36:13,31.1,46.1
06/27/2026,02:41:13,31.1,46.1
06/27/2026,02:46:13,31.1,46.2
06/27/2026,02:51:13,31.0,46.2
06/27/2026,02:56:13,31.0,46.3
06/27/2026,03:01:13,31.0,46.3
06/27/2026,03:06:13,31.0,46.4
06/27/2026,03:11:13,31.0,46.4
06/27/2026,03:16:13,31.0,46.5
06/27/2026,03:21:13,31.0,46.5
06/27/2026,03:26:13,30.9,46.5
06/27/2026,03:31:13,30.9,46.6
06/27/2026,03:36:13,30.9,46.6
06/27/2026,03:41:13,30.9,46.7
06/27/2026,03:46:13,30.9,46.7
06/27/2026,03:51:13,30.8,46.8
06/27/2026,03:56:13,30.8,46.8
06/27/2026,04:01:13,30.8,46.8
06/27/2026,04:06:13,30.8,46.9
06/27/2026,04:11:13,30.8,46.9
06/27/2026,04:16:13,30.8,46.9
06/27/2026,04:21:13,30.8,47.0
06/27/2026,04:26:13,30.7,47.0
06/27/2026,04:31:13,30.7,47.1
06/27/2026,04:36:13,30.7,47.1
06/27/2026,04:41:13,30.7,47.1
06/27/2026,04:46:13,30.7,47.1
06/27/2026,04:51:13,30.7,47.2
06/27/2026,04:56:13,30.7,47.2
06/27/2026,05:01:13,30.6,47.2
06/27/2026,05:06:13,30.6,47.3
06/27/2026,05:11:13,30.6,47.3
06/27/2026,05:16:13,30.6,47.4
06/27/2026,05:21:13,30.6,47.4
06/27/2026,05:26:13,30.5,47.5
06/27/2026,05:31:13,30.6,47.5
06/27/2026,05:36:13,30.5,47.5
06/27/2026,05:41:13,30.5,47.6
06/27/2026,05:46:13,30.5,47.6
06/27/2026,05:51:13,30.5,47.7
06/27/2026,05:56:13,30.4,47.7
06/27/2026,06:01:13,30.4,47.8
06/27/2026,06:06:13,30.4,47.8
06/27/2026,06:11:13,30.4,47.9
06/27/2026,06:16:13,30.4,47.9
06/27/2026,06:21:13,30.4,48.0
06/27/2026,06:26:13,30.4,48.1
06/27/2026,06:31:13,30.3,48.1
06/27/2026,06:36:13,30.3,48.2
06/27/2026,06:41:13,30.3,48.2
06/27/2026,06:46:13,30.3,48.3
06/27/2026,06:51:13,30.3,48.3
06/27/2026,06:56:13,30.3,48.3
06/27/2026,07:01:13,30.3,48.4
06/27/2026,07:06:13,30.2,48.4
06/27/2026,07:11:13,30.2,48.5
06/27/2026,07:16:13,30.2,48.5
06/27/2026,07:21:13,30.2,48.6
06/27/2026,07:26:13,30.2,48.6
06/27/2026,07:31:13,30.2,48.7
06/27/2026,07:36:13,30.1,48.7
06/27/2026,07:41:13,30.1,48.8
06/27/2026,07:46:13,30.1,48.9
06/27/2026,07:51:13,30.1,49.0
06/27/2026,07:56:13,30.1,49.1
06/27/2026,08:01:13,30.1,49.1
06/27/2026,08:06:13,30.1,49.2
06/27/2026,08:11:13,30.1,49.1
06/27/2026,08:16:13,30.0,49.2
06/27/2026,08:21:13,30.0,49.2
06/27/2026,08:26:13,30.0,49.3
06/27/2026,08:31:13,30.0,49.3
06/27/2026,08:36:13,30.0,49.4
06/27/2026,08:41:13,30.0,49.4
06/27/2026,08:46:13,30.0,49.5
06/27/2026,08:51:13,30.0,49.6
06/27/2026,08:56:13,30.0,49.6
06/27/2026,09:01:13,30.0,49.7
06/27/2026,09:06:13,30.0,49.7
06/27/2026,09:11:13,30.0,49.8
06/27/2026,09:16:13,30.0,49.8
06/27/2026,09:21:13,30.0,49.7
06/27/2026,09:26:13,30.0,49.7
06/27/2026,09:31:13,30.0,49.7
06/27/2026,09:36:13,30.0,49.7
06/27/2026,09:41:13,30.0,49.8
06/27/2026,09:46:13,30.0,49.7
06/27/2026,09:51:13,30.0,49.6
06/27/2026,09:56:13,30.0,49.6
06/27/2026,10:01:13,30.0,49.6
06/27/2026,10:06:13,30.0,49.5
06/27/2026,10:11:13,30.0,49.5
06/27/2026,10:16:13,30.0,49.5
06/27/2026,10:21:13,30.0,49.4
06/27/2026,10:26:13,30.1,49.4
06/27/2026,10:31:13,30.1,49.4
06/27/2026,10:36:13,30.1,49.1
06/27/2026,10:41:13,30.1,49.0
06/27/2026,10:46:13,30.1,48.8
06/27/2026,10:51:13,30.1,48.7
06/27/2026,10:56:13,30.1,48.6
06/27/2026,11:01:13,30.2,48.5
06/27/2026,11:06:13,30.2,48.6
06/27/2026,11:11:13,30.2,48.4
06/27/2026,11:16:13,30.2,48.3
06/27/2026,11:21:13,30.2,48.3
06/27/2026,11:26:13,30.2,48.2
06/27/2026,11:31:13,30.2,48.0
06/27/2026,11:36:13,30.3,48.0
06/27/2026,11:41:13,30.2,47.9
06/27/2026,11:46:13,30.3,47.9
06/27/2026,11:51:13,30.3,47.9
06/27/2026,11:56:13,30.3,47.9
06/27/2026,12:01:13,30.3,47.8
06/27/2026,12:06:13,30.3,47.9
06/27/2026,12:11:13,30.3,47.9
06/27/2026,12:16:13,30.4,47.9
06/27/2026,12:21:13,30.4,47.9
06/27/2026,12:26:13,30.4,47.9
06/27/2026,12:31:13,30.4,48.0
06/27/2026,12:36:13,30.5,47.9
06/27/2026,12:41:13,30.5,47.9
06/27/2026,12:46:13,30.5,48.0
06/27/2026,12:51:13,30.5,47.9
06/27/2026,12:56:13,30.5,47.9
06/27/2026,13:01:13,30.6,48.0
06/27/2026,13:06:13,30.6,47.8
06/27/2026,13:11:13,30.6,47.8
06/27/2026,13:16:13,30.6,47.7
06/27/2026,13:21:13,30.6,47.8
06/27/2026,13:26:13,30.7,47.8
06/27/2026,13:31:13,30.7,47.8
06/27/2026,13:36:13,30.7,47.7
06/27/2026,13:41:13,30.7,47.6
06/27/2026,13:46:13,30.7,47.7
06/27/2026,13:51:13,30.8,47.5
06/27/2026,13:56:13,30.8,47.5
06/27/2026,14:01:13,30.8,47.4
06/27/2026,14:06:13,30.8,47.5
06/27/2026,14:11:13,30.8,47.4
06/27/2026,14:16:13,30.9,47.4
06/27/2026,14:21:13,30.9,47.4
06/27/2026,14:26:13,30.9,47.3
06/27/2026,14:31:13,30.9,47.3
06/27/2026,14:36:13,31.0,47.2
06/27/2026,14:41:13,31.0,47.2
06/27/2026,14:46:13,31.0,47.1
06/27/2026,14:51:13,31.0,46.9
06/27/2026,14:56:13,31.0,46.9
06/27/2026,15:01:13,31.0,46.7
06/27/2026,15:06:13,31.0,46.8
06/27/2026,15:11:13,31.1,46.7
06/27/2026,15:16:13,31.1,46.7
06/27/2026,15:21:13,31.1,46.7
06/27/2026,15:26:13,31.1,46.7
06/27/2026,15:31:13,31.2,46.7
06/27/2026,15:36:13,31.1,46.7
06/27/2026,15:41:13,31.2,46.6
06/27/2026,15:46:13,31.2,46.4
06/27/2026,15:51:13,31.2,46.1
06/27/2026,15:56:13,31.2,46.1
06/27/2026,16:01:13,31.2,46.2
06/27/2026,16:06:13,31.2,46.1
06/27/2026,16:11:13,31.3,46.0
06/27/2026,16:16:13,31.3,45.9
06/27/2026,16:21:13,31.3,45.7
06/27/2026,16:26:13,31.3,45.6
06/27/2026,16:31:13,31.3,45.3
06/27/2026,16:36:13,31.3,45.2
06/27/2026,16:41:13,31.3,45.0
06/27/2026,16:46:13,31.3,44.9
06/27/2026,16:51:13,31.3,44.9
06/27/2026,16:56:13,31.3,44.8
06/27/2026,17:01:13,31.3,44.7
06/27/2026,17:06:13,31.3,44.5
06/27/2026,17:11:13,31.3,44.3
06/27/2026,17:16:13,31.3,44.2
06/27/2026,17:21:13,31.3,43.8
06/27/2026,17:26:13,31.3,43.8
06/27/2026,17:31:13,31.4,44.0
06/27/2026,17:36:13,31.4,44.1
06/27/2026,17:41:13,31.4,44.1
06/27/2026,17:46:13,31.4,43.9
06/27/2026,17:51:13,31.4,43.7
06/27/2026,17:56:13,31.4,44.2
06/27/2026,18:01:13,31.4,44.5
06/27/2026,18:06:13,31.4,44.9
06/27/2026,18:11:13,31.4,45.2
06/27/2026,18:16:13,31.4,45.7
06/27/2026,18:21:13,31.4,45.9
06/27/2026,18:26:13,31.5,46.4
06/27/2026,18:31:13,31.5,46.6
06/27/2026,18:36:13,31.5,47.0
06/27/2026,18:41:13,31.5,47.3
06/27/2026,18:46:13,31.6,47.6
06/27/2026,18:51:13,31.6,47.8
06/27/2026,18:56:13,31.6,47.9
06/27/2026,19:01:13,31.6,47.9
06/27/2026,19:06:13,31.6,47.6
06/27/2026,19:11:13,31.7,47.6
06/27/2026,19:16:13,31.7,47.7
06/27/2026,19:21:13,31.6,47.9
06/27/2026,19:26:13,31.6,48.0
06/27/2026,19:31:13,31.6,48.1
06/27/2026,19:36:13,31.6,48.4
06/27/2026,19:41:13,31.6,48.7
06/27/2026,19:46:13,31.6,48.9
06/27/2026,19:51:13,31.6,49.1
06/27/2026,19:56:13,31.6,49.1
06/27/2026,20:01:13,31.6,49.3
06/27/2026,20:06:13,31.7,49.4
06/27/2026,20:11:13,31.7,49.6
06/27/2026,20:16:13,31.7,49.9
06/27/2026,20:21:13,31.7,49.6
06/27/2026,20:26:13,31.7,49.6
06/27/2026,20:31:13,31.7,49.5
06/27/2026,20:36:13,31.7,49.4
06/27/2026,20:41:13,31.7,49.4
06/27/2026,20:46:13,31.7,49.3
06/27/2026,20:51:13,31.6,49.3
06/27/2026,20:56:13,31.6,49.3
06/27/2026,21:01:13,31.6,49.3
06/27/2026,21:06:13,31.6,49.3
06/27/2026,21:11:13,31.6,49.3
06/27/2026,21:16:13,31.6,49.4
06/27/2026,21:21:13,31.6,49.4
06/27/2026,21:26:13,31.5,49.4
06/27/2026,21:31:13,31.5,49.4
06/27/2026,21:36:13,31.5,49.4
06/27/2026,21:41:13,31.5,49.4
06/27/2026,21:46:13,31.5,49.4
06/27/2026,21:51:13,31.5,49.4
06/27/2026,21:56:13,31.4,49.3
06/27/2026,22:01:13,31.4,49.3
06/27/2026,22:06:13,31.4,49.4
06/27/2026,22:11:13,31.4,49.4
06/27/2026,22:16:13,31.4,49.4
06/27/2026,22:21:13,31.3,49.4
06/27/2026,22:26:13,31.3,49.4
06/27/2026,22:31:13,31.4,49.3
06/27/2026,22:36:13,31.3,49.4
06/27/2026,22:41:13,31.3,49.4
06/27/2026,22:46:13,31.3,49.4
06/27/2026,22:51:13,31.3,49.3
06/27/2026,22:56:13,31.2,49.4
06/27/2026,23:01:13,31.2,49.3
06/27/2026,23:06:13,31.2,49.3
06/27/2026,23:11:13,31.2,49.4
06/27/2026,23:16:13,31.2,49.3
06/27/2026,23:21:13,31.2,49.3
06/27/2026,23:26:13,31.2,49.4
06/27/2026,23:31:13,31.1,49.3
06/27/2026,23:36:13,31.1,49.3
06/27/2026,23:41:13,31.1,49.3
06/27/2026,23:46:13,31.1,49.3
06/27/2026,23:51:13,31.0,49.4
06/27/2026,23:56:13,31.0,49.3
06/28/2026,00:01:13,31.0,49.3
06/28/2026,00:06:13,31.0,49.3
06/28/2026,00:11:13,31.0,49.3
06/28/2026,00:16:13,31.0,49.3
06/28/2026,00:21:13,31.0,49.3
06/28/2026,00:26:13,30.9,49.3
06/28/2026,00:31:13,30.9,49.3
06/28/2026,00:36:13,30.9,49.3
06/28/2026,00:41:13,30.9,49.3
06/28/2026,00:46:13,30.9,49.3
06/28/2026,00:51:13,30.9,49.2
06/28/2026,00:56:13,30.8,49.2
06/28/2026,01:01:13,30.8,49.2
06/28/2026,01:06:13,30.8,49.2
06/28/2026,01:11:13,30.8,49.2
06/28/2026,01:16:13,30.7,49.2
06/28/2026,01:21:13,30.8,49.2
06/28/2026,01:26:13,30.7,49.2
06/28/2026,01:31:13,30.7,49.2
06/28/2026,01:36:13,30.7,49.2
06/28/2026,01:41:13,30.7,49.2
06/28/2026,01:46:13,30.7,49.2
06/28/2026,01:51:13,30.6,49.2
06/28/2026,01:56:13,30.6,49.2
06/28/2026,02:01:13,30.6,49.1
06/28/2026,02:06:13,30.6,49.1
06/28/2026,02:11:13,30.5,49.1
06/28/2026,02:16:13,30.5,49.2
06/28/2026,02:21:13,30.5,49.1
06/28/2026,02:26:13,30.5,49.1
06/28/2026,02:31:13,30.4,49.0
06/28/2026,02:36:13,30.4,49.0
06/28/2026,02:41:13,30.4,49.0
06/28/2026,02:46:13,30.4,49.0
06/28/2026,02:51:13,30.4,49.0
06/28/2026,02:56:13,30.3,48.9
06/28/2026,03:01:13,30.3,48.9
06/28/2026,03:06:13,30.3,48.9
06/28/2026,03:11:13,30.3,48.9
06/28/2026,03:16:13,30.2,48.9
06/28/2026,03:21:13,30.2,48.8
06/28/2026,03:26:13,30.2,48.9
06/28/2026,03:31:13,30.2,48.9
06/28/2026,03:36:13,30.2,48.9
06/28/2026,03:41:13,30.1,48.8
06/28/2026,03:46:13,30.1,48.8
06/28/2026,03:51:13,30.1,48.7
06/28/2026,03:56:13,30.1,48.7
06/28/2026,04:01:13,30.0,48.8
06/28/2026,04:06:13,30.0,48.7
06/28/2026,04:11:13,30.0,48.7
06/28/2026,04:16:13,30.0,48.7
06/28/2026,04:21:13,30.0,48.7
06/28/2026,04:26:13,29.9,48.6
06/28/2026,04:31:13,29.9,48.6
06/28/2026,04:36:13,29.9,48.6
06/28/2026,04:41:13,29.9,48.6
06/28/2026,04:46:13,29.9,48.5
06/28/2026,04:51:13,29.8,48.5
06/28/2026,04:56:13,29.8,48.5
06/28/2026,05:01:13,29.8,48.6
06/28/2026,05:06:13,29.8,48.5
06/28/2026,05:11:13,29.7,48.5
06/28/2026,05:16:13,29.7,48.5
06/28/2026,05:21:13,29.7,48.5
06/28/2026,05:26:13,29.6,48.5
06/28/2026,05:31:13,29.6,48.5
06/28/2026,05:36:13,29.6,48.5
06/28/2026,05:41:13,29.6,48.5
06/28/2026,05:46:13,29.5,48.5
06/28/2026,05:51:13,29.5,48.4
06/28/2026,05:56:13,29.5,48.4
06/28/2026,06:01:13,29.5,48.4
06/28/2026,06:06:13,29.5,48.4
06/28/2026,06:11:13,29.4,48.4
06/28/2026,06:16:13,29.4,48.5
06/28/2026,06:21:13,29.4,48.4
06/28/2026,06:26:13,29.4,48.4
06/28/2026,06:31:13,29.4,48.4
06/28/2026,06:36:13,29.4,48.5
06/28/2026,06:41:13,29.3,48.4
06/28/2026,06:46:13,29.3,48.3
06/28/2026,06:51:13,29.3,48.4
06/28/2026,06:56:13,29.3,48.3
06/28/2026,07:01:13,29.3,48.3
06/28/2026,07:06:13,29.3,48.3
06/28/2026,07:11:13,29.3,48.3
06/28/2026,07:16:13,29.3,48.4
06/28/2026,07:21:13,29.3,48.3
06/28/2026,07:26:13,29.2,48.3
06/28/2026,07:31:13,29.2,48.3
06/28/2026,07:36:13,29.2,48.4
06/28/2026,07:41:13,29.2,48.4
06/28/2026,07:46:13,29.2,48.3
06/28/2026,07:51:13,29.2,48.1
06/28/2026,07:56:13,29.2,48.1
06/28/2026,08:01:13,29.2,48.1
06/28/2026,08:06:13,29.1,48.3
06/28/2026,08:11:13,29.1,48.5
06/28/2026,08:16:13,29.1,48.6
06/28/2026,08:21:13,29.1,48.6
06/28/2026,08:26:13,29.1,48.7
06/28/2026,08:31:13,29.1,48.7
06/28/2026,08:36:13,29.1,48.5
06/28/2026,08:41:13,29.1,48.7
06/28/2026,08:46:13,29.1,48.7
06/28/2026,08:51:13,29.0,48.6
06/28/2026,08:56:13,29.0,48.5
06/28/2026,09:01:13,29.0,48.4
06/28/2026,09:06:13,29.0,48.2
06/28/2026,09:11:13,29.0,48.0
06/28/2026,09:16:13,28.9,48.0
06/28/2026,09:21:13,29.0,48.0
06/28/2026,09:26:13,28.9,48.0
06/28/2026,09:31:13,28.9,48.1
06/28/2026,09:36:13,29.0,48.3
06/28/2026,09:41:13,28.9,48.3
06/28/2026,09:46:13,28.9,48.4
06/28/2026,09:51:13,29.0,48.5
06/28/2026,09:56:13,28.9,48.5
06/28/2026,10:01:13,28.9,48.4
06/28/2026,10:06:13,28.9,48.5
06/28/2026,10:11:13,29.0,48.4
06/28/2026,10:16:13,29.0,48.3
06/28/2026,10:21:13,29.0,48.3
06/28/2026,10:26:13,29.0,48.2
06/28/2026,10:31:13,29.1,48.2
06/28/2026,10:36:13,29.1,47.7
06/28/2026,10:41:13,29.1,47.5
06/28/2026,10:46:13,29.1,47.2
06/28/2026,10:51:13,29.1,46.7
06/28/2026,10:56:13,29.1,46.4
06/28/2026,11:01:13,29.1,46.2
06/28/2026,11:06:13,29.1,46.2
06/28/2026,11:11:13,29.1,45.9
06/28/2026,11:16:13,29.1,45.9
06/28/2026,11:21:13,29.1,46.3
06/28/2026,11:26:13,29.1,46.8
06/28/2026,11:31:13,29.1,46.8
06/28/2026,11:36:13,29.1,47.0
06/28/2026,11:41:13,29.2,47.6
06/28/2026,11:46:13,29.2,47.1
06/28/2026,11:51:13,29.3,47.4
06/28/2026,11:56:13,29.4,47.5
06/28/2026,12:01:13,29.4,48.1
06/28/2026,12:06:13,29.6,48.0
06/28/2026,12:11:13,29.7,47.9
06/28/2026,12:16:13,29.7,47.8
06/28/2026,12:21:13,29.7,47.8
06/28/2026,12:26:13,29.8,47.8
06/28/2026,12:31:13,29.8,47.2
06/28/2026,12:36:13,29.8,46.4
06/28/2026,12:41:13,29.8,45.8
06/28/2026,12:46:13,29.8,45.8
06/28/2026,12:51:13,29.7,45.5
06/28/2026,12:56:13,29.7,45.3
06/28/2026,13:01:13,29.7,44.8
06/28/2026,13:06:13,29.6,44.1
06/28/2026,13:11:13,29.6,43.7
06/28/2026,13:16:13,29.6,43.4
06/28/2026,13:21:13,29.5,43.0
06/28/2026,13:26:13,29.5,42.6
06/28/2026,13:31:13,29.4,42.5
06/28/2026,13:36:13,29.4,42.6
06/28/2026,13:41:13,29.4,42.3
06/28/2026,13:46:13,29.4,42.0
06/28/2026,13:51:13,29.4,41.6
06/28/2026,13:56:13,29.3,41.5
06/28/2026,14:01:13,29.3,41.2
06/28/2026,14:06:13,29.3,40.9
06/28/2026,14:11:13,29.2,40.8
06/28/2026,14:16:13,29.2,40.6
06/28/2026,14:21:13,29.2,40.5
06/28/2026,14:26:13,29.1,40.1
06/28/2026,14:31:13,29.1,39.8
06/28/2026,14:36:13,29.0,39.8
06/28/2026,14:41:13,29.0,39.7
06/28/2026,14:46:13,29.0,39.6
06/28/2026,14:51:13,29.0,39.5
06/28/2026,14:56:13,28.9,39.5
06/28/2026,15:01:13,28.9,39.2
06/28/2026,15:06:13,28.9,39.3
06/28/2026,15:11:13,28.9,39.2
06/28/2026,15:16:13,28.9,39.3
06/28/2026,15:21:13,28.9,39.1
06/28/2026,15:26:13,28.9,39.0
06/28/2026,15:31:13,28.8,38.9
06/28/2026,15:36:13,28.8,38.9
06/28/2026,15:41:13,28.8,38.9
06/28/2026,15:46:13,28.8,38.6
06/28/2026,15:51:13,28.8,38.2
06/28/2026,15:56:13,28.8,38.3
06/28/2026,16:01:13,28.7,37.9
06/28/2026,16:06:13,28.7,37.8
06/28/2026,16:11:13,28.7,37.8
06/28/2026,16:16:13,28.7,37.5
06/28/2026,16:21:13,28.7,37.3
06/28/2026,16:26:13,28.7,37.3
06/28/2026,16:31:13,28.7,37.1
06/28/2026,16:36:13,28.7,36.9
06/28/2026,16:41:13,28.6,36.6
06/28/2026,16:46:13,28.6,36.5
06/28/2026,16:51:13,28.6,36.4
06/28/2026,16:56:13,28.6,36.3
06/28/2026,17:01:13,28.6,36.3
06/28/2026,17:06:13,28.5,36.4
06/28/2026,17:11:13,28.6,36.5
06/28/2026,17:16:13,28.6,36.6
06/28/2026,17:21:13,28.6,36.5
06/28/2026,17:26:13,28.6,36.4
06/28/2026,17:31:13,28.6,36.2
06/28/2026,17:36:13,28.6,36.1
06/28/2026,17:41:13,28.5,35.8
06/28/2026,17:46:13,28.6,36.0
06/28/2026,17:51:13,28.6,35.9
06/28/2026,17:56:13,28.6,35.7
06/28/2026,18:01:13,28.6,35.5
06/28/2026,18:06:13,28.5,35.5
06/28/2026,18:11:13,28.5,35.5
06/28/2026,18:16:13,28.5,35.5
06/28/2026,18:21:13,28.5,35.3
06/28/2026,18:26:13,28.5,35.3
06/28/2026,18:31:13,28.5,35.3
06/28/2026,18:36:13,28.4,35.2
06/28/2026,18:41:13,28.4,35.1
06/28/2026,18:46:13,28.4,35.2
06/28/2026,18:51:13,28.4,35.5
06/28/2026,18:56:13,28.5,35.6
06/28/2026,19:01:13,28.5,35.7
06/28/2026,19:06:13,28.5,35.8
06/28/2026,19:11:13,28.5,36.0
06/28/2026,19:16:13,28.5,36.0
06/28/2026,19:21:13,28.6,36.1
06/28/2026,19:26:13,28.6,36.2
06/28/2026,19:31:13,28.6,36.2
06/28/2026,19:36:13,28.6,36.3
06/28/2026,19:41:13,28.6,36.4
06/28/2026,19:46:13,28.6,36.5
06/28/2026,19:51:13,28.6,36.4
06/28/2026,19:56:13,28.6,36.5
06/28/2026,20:01:13,28.6,36.5
06/28/2026,20:06:13,28.6,36.5
06/28/2026,20:11:13,28.6,36.5
06/28/2026,20:16:13,28.6,36.5
06/28/2026,20:21:13,28.6,36.6
06/28/2026,20:26:13,28.6,36.7
06/28/2026,20:31:13,28.6,36.6
06/28/2026,20:36:13,28.6,36.7
06/28/2026,20:41:13,28.6,36.8
06/28/2026,20:46:13,28.6,36.8
06/28/2026,20:51:13,28.6,36.8
06/28/2026,20:56:13,28.6,36.8
06/28/2026,21:01:13,28.6,36.8
06/28/2026,21:06:13,28.6,36.9
06/28/2026,21:11:13,28.6,36.9
06/28/2026,21:16:13,28.6,36.8
06/28/2026,21:21:13,28.5,36.9
06/28/2026,21:26:13,28.5,36.9
06/28/2026,21:31:13,28.5,37.0
06/28/2026,21:36:13,28.5,37.0
06/28/2026,21:41:13,28.5,37.0
06/28/2026,21:46:13,28.4,37.1
06/28/2026,21:51:13,28.4,37.1
06/28/2026,21:56:13,28.4,37.1
06/28/2026,22:01:13,28.4,37.3
06/28/2026,22:06:13,28.4,37.4
06/28/2026,22:11:13,28.4,37.4
06/28/2026,22:16:13,28.4,37.5
06/28/2026,22:21:13,28.4,37.4
06/28/2026,22:26:13,28.4,37.5
06/28/2026,22:31:13,28.4,37.5
06/28/2026,22:36:13,28.4,37.6
06/28/2026,22:41:13,28.4,37.5
06/28/2026,22:46:13,28.4,37.6
06/28/2026,22:51:13,28.3,37.6
06/28/2026,22:56:13,28.3,37.6
06/28/2026,23:01:13,28.3,37.6
06/28/2026,23:06:13,28.3,37.7
06/28/2026,23:11:13,28.3,37.7
06/28/2026,23:16:13,28.3,37.8
06/28/2026,23:21:13,28.3,37.8
06/28/2026,23:26:13,28.2,37.8
06/28/2026,23:31:13,28.2,37.9
06/28/2026,23:36:13,28.2,37.9
06/28/2026,23:41:13,28.2,37.9
06/28/2026,23:46:13,28.2,37.9
06/28/2026,23:51:13,28.1,38.0
06/28/2026,23:56:13,28.1,38.0
06/29/2026,00:01:13,28.1,38.0
06/29/2026,00:06:13,28.1,38.0
06/29/2026,00:11:13,28.1,38.1
06/29/2026,00:16:13,28.0,38.1
06/29/2026,00:21:13,28.0,38.1
06/29/2026,00:26:13,28.0,38.1
06/29/2026,00:31:13,27.9,38.2
06/29/2026,00:36:13,27.9,38.2
06/29/2026,00:41:13,27.9,38.2
06/29/2026,00:46:13,27.8,38.2
06/29/2026,00:51:13,27.8,38.3
06/29/2026,00:56:13,27.8,38.2
06/29/2026,01:01:13,27.7,38.3
06/29/2026,01:06:13,27.7,38.3
06/29/2026,01:11:13,27.7,38.4
06/29/2026,01:16:13,27.6,38.4
06/29/2026,01:21:13,27.6,38.4
06/29/2026,01:26:13,27.6,38.4
06/29/2026,01:31:13,27.6,38.5
06/29/2026,01:36:13,27.5,38.5
06/29/2026,01:41:13,27.5,38.5
06/29/2026,01:46:13,27.5,38.5
06/29/2026,01:51:13,27.5,38.6
06/29/2026,01:56:13,27.4,38.6
06/29/2026,02:01:13,27.4,38.6
06/29/2026,02:06:13,27.4,38.6
06/29/2026,02:11:13,27.4,38.6
06/29/2026,02:16:13,27.4,38.7
06/29/2026,02:21:13,27.3,38.7
06/29/2026,02:26:13,27.3,38.7
06/29/2026,02:31:13,27.3,38.7
06/29/2026,02:36:13,27.3,38.7
06/29/2026,02:41:13,27.2,38.7
06/29/2026,02:46:13,27.2,38.8
06/29/2026,02:51:13,27.2,38.8
06/29/2026,02:56:13,27.2,38.8
06/29/2026,03:01:13,27.1,38.8
06/29/2026,03:06:13,27.1,38.8
06/29/2026,03:11:13,27.1,38.9
06/29/2026,03:16:13,27.1,38.9
06/29/2026,03:21:13,27.0,38.9
06/29/2026,03:26:13,27.0,39.0
06/29/2026,03:31:13,26.9,38.9
06/29/2026,03:36:13,26.9,39.0
06/29/2026,03:41:13,26.9,39.0
06/29/2026,03:46:13,26.9,39.0
06/29/2026,03:51:13,26.8,39.0
06/29/2026,03:56:13,26.8,39.0
06/29/2026,04:01:13,26.8,39.1
06/29/2026,04:06:13,26.8,39.1
06/29/2026,04:11:13,26.7,39.1
06/29/2026,04:16:13,26.7,39.1
06/29/2026,04:21:13,26.7,39.1
06/29/2026,04:26:13,26.7,39.2
06/29/2026,04:31:13,26.7,39.2
06/29/2026,04:36:13,26.7,39.2
06/29/2026,04:41:13,26.6,39.2
06/29/2026,04:46:13,26.6,39.2
06/29/2026,04:51:13,26.6,39.2
06/29/2026,04:56:13,26.6,39.3
06/29/2026,05:01:13,26.5,39.3
06/29/2026,05:06:13,26.5,39.3
06/29/2026,05:11:13,26.5,39.3
06/29/2026,05:16:13,26.5,39.3
06/29/2026,05:21:13,26.5,39.3
06/29/2026,05:26:13,26.4,39.4
06/29/2026,05:31:13,26.4,39.4
06/29/2026,05:36:13,26.4,39.4
06/29/2026,05:41:13,26.4,39.5
06/29/2026,05:46:13,26.3,39.5
06/29/2026,05:51:13,26.3,39.5
06/29/2026,05:56:13,26.3,39.5
06/29/2026,06:01:13,26.3,39.5
06/29/2026,06:06:13,26.3,39.5
06/29/2026,06:11:13,26.2,39.6
06/29/2026,06:16:13,26.2,39.6
06/29/2026,06:21:13,26.2,39.6
06/29/2026,06:26:13,26.1,39.6
06/29/2026,06:31:13,26.1,39.7
06/29/2026,06:36:13,26.1,39.7
06/29/2026,06:41:13,26.1,39.8
06/29/2026,06:46:13,26.1,39.8
06/29/2026,06:51:13,26.1,39.8
06/29/2026,06:56:13,26.1,39.8
06/29/2026,07:01:13,26.1,39.9
06/29/2026,07:06:13,26.0,39.9
06/29/2026,07:11:13,26.1,39.9
06/29/2026,07:16:13,26.0,40.0
06/29/2026,07:21:13,26.0,40.0
06/29/2026,07:26:13,26.0,40.0
06/29/2026,07:31:13,26.0,40.1
06/29/2026,07:36:13,26.1,40.1
06/29/2026,07:41:13,26.0,40.1
06/29/2026,07:46:13,26.1,40.2
06/29/2026,07:51:13,26.0,40.2
06/29/2026,07:56:13,26.1,40.2
06/29/2026,08:01:13,26.0,40.2
06/29/2026,08:06:13,26.1,40.2
06/29/2026,08:11:13,26.1,40.2
06/29/2026,08:16:13,26.1,40.3
06/29/2026,08:21:13,26.1,40.3
06/29/2026,08:26:13,26.1,40.3
06/29/2026,08:31:13,26.1,40.4
06/29/2026,08:36:13,26.1,40.3
06/29/2026,08:41:13,26.1,40.3
06/29/2026,08:46:13,26.1,40.4
06/29/2026,08:51:13,26.1,40.4
06/29/2026,08:56:13,26.1,40.4
06/29/2026,09:01:13,26.1,40.4
06/29/2026,09:06:13,26.1,40.4
06/29/2026,09:11:13,26.1,40.4
06/29/2026,09:16:13,26.2,40.4
06/29/2026,09:21:13,26.2,40.5
06/29/2026,09:26:13,26.2,40.5
06/29/2026,09:31:13,26.2,40.4
06/29/2026,09:36:13,26.2,40.4
06/29/2026,09:41:13,26.2,40.4
06/29/2026,09:46:13,26.2,40.4
06/29/2026,09:51:13,26.2,40.5
06/29/2026,09:56:13,26.2,40.4
06/29/2026,10:01:13,26.2,40.4
06/29/2026,10:06:13,26.2,40.4
06/29/2026,10:11:13,26.2,40.3
06/29/2026,10:16:13,26.3,40.4
06/29/2026,10:21:13,26.3,40.3
06/29/2026,10:26:13,26.3,40.2
06/29/2026,10:31:13,26.3,40.2
06/29/2026,10:36:13,26.3,40.1
06/29/2026,10:41:13,26.3,40.0
06/29/2026,10:46:13,26.3,40.1
06/29/2026,10:51:13,26.3,40.0
06/29/2026,10:56:13,26.4,40.0
06/29/2026,11:01:13,26.4,40.1
06/29/2026,11:06:13,26.4,40.1
06/29/2026,11:11:13,26.4,40.1
06/29/2026,11:16:13,26.4,40.1
06/29/2026,11:21:13,26.4,40.0
06/29/2026,11:26:13,26.4,40.0
06/29/2026,11:31:13,26.4,40.1
06/29/2026,11:36:13,26.4,40.1
06/29/2026,11:41:13,26.4,40.1
06/29/2026,11:46:13,26.5,40.1
06/29/2026,11:51:13,26.5,40.0
06/29/2026,11:56:13,26.5,40.1
06/29/2026,12:01:13,26.5,40.1
06/29/2026,12:06:13,26.5,40.1
06/29/2026,12:11:13,26.5,40.0
06/29/2026,12:16:13,26.5,40.0
06/29/2026,12:21:13,26.5,40.0
06/29/2026,12:26:13,26.6,40.0
06/29/2026,12:31:13,26.6,40.0
06/29/2026,12:36:13,26.5,40.0
06/29/2026,12:41:13,26.6,40.1
06/29/2026,12:46:13,26.6,40.1
06/29/2026,12:51:13,26.6,40.1
06/29/2026,12:56:13,26.6,40.2
06/29/2026,13:01:13,26.6,40.2
06/29/2026,13:06:13,26.6,40.3
06/29/2026,13:11:13,26.7,40.3
06/29/2026,13:16:13,26.7,40.3
06/29/2026,13:21:13,26.7,40.2
06/29/2026,13:26:13,26.7,40.3
06/29/2026,13:31:13,26.7,40.2
06/29/2026,13:36:13,26.7,40.1
06/29/2026,13:41:13,26.7,40.2
06/29/2026,13:46:13,26.7,40.2
06/29/2026,13:51:13,26.7,40.2
06/29/2026,13:56:13,26.7,40.2
06/29/2026,14:01:13,26.7,40.3
06/29/2026,14:06:13,26.7,40.3
06/29/2026,14:11:13,26.7,40.3
06/29/2026,14:16:13,26.7,40.3
06/29/2026,14:21:13,26.7,40.3
06/29/2026,14:26:13,26.7,40.3
06/29/2026,14:31:13,26.7,40.3
06/29/2026,14:36:13,26.8,40.3
06/29/2026,14:41:13,26.8,40.4
06/29/2026,14:46:13,26.8,40.3
06/29/2026,14:51:13,26.8,40.3
06/29/2026,14:56:13,26.8,40.4
06/29/2026,15:01:13,26.8,40.4
06/29/2026,15:06:13,26.8,40.4
06/29/2026,15:11:13,26.8,40.4
06/29/2026,15:16:13,26.8,40.4
06/29/2026,15:21:13,26.8,40.4
06/29/2026,15:26:13,26.8,40.4
06/29/2026,15:31:13,26.9,40.4
06/29/2026,15:36:13,26.8,40.4
06/29/2026,15:41:13,26.8,40.5
06/29/2026,15:46:13,26.9,40.5
06/29/2026,15:51:13,26.8,40.5
06/29/2026,15:56:13,26.8,40.5
06/29/2026,16:01:13,26.9,40.5
06/29/2026,16:06:13,26.9,40.5
06/29/2026,16:11:13,26.9,40.5
06/29/2026,16:16:13,26.9,40.5
06/29/2026,16:21:13,26.9,40.5
06/29/2026,16:26:13,26.9,40.5
06/29/2026,16:31:13,26.9,40.5
06/29/2026,16:36:13,26.9,40.5
06/29/2026,16:41:13,26.9,40.5
06/29/2026,16:46:13,26.9,40.6
06/29/2026,16:51:13,26.9,40.6
06/29/2026,16:56:13,27.0,40.6
06/29/2026,17:01:13,27.0,40.6
06/29/2026,17:06:13,27.0,40.6
06/29/2026,17:11:13,27.0,40.7
06/29/2026,17:16:13,27.0,40.6
06/29/2026,17:21:13,27.0,40.7
06/29/2026,17:26:13,27.0,40.6
06/29/2026,17:31:13,27.0,40.5
06/29/2026,17:36:13,27.0,40.6
06/29/2026,17:41:13,27.0,40.6
06/29/2026,17:46:13,27.0,40.6
06/29/2026,17:51:13,27.1,40.6
06/29/2026,17:56:13,27.0,40.6
06/29/2026,18:01:13,27.0,40.7
06/29/2026,18:06:13,27.1,40.7
06/29/2026,18:11:13,27.0,40.7
06/29/2026,18:16:13,27.1,40.7
06/29/2026,18:21:13,27.0,40.7
06/29/2026,18:26:13,27.1,40.7
06/29/2026,18:31:13,27.1,40.7
06/29/2026,18:36:13,27.1,40.6
06/29/2026,18:41:13,27.1,40.6
06/29/2026,18:46:13,27.1,40.6
06/29/2026,18:51:13,27.1,40.6
06/29/2026,18:56:13,27.1,40.6
06/29/2026,19:01:13,27.1,40.6
06/29/2026,19:06:13,27.1,40.6
06/29/2026,19:11:13,27.1,40.7
06/29/2026,19:16:13,27.1,40.6
06/29/2026,19:21:13,27.1,40.7
06/29/2026,19:26:13,27.1,40.6
06/29/2026,19:31:13,27.1,40.6
06/29/2026,19:36:13,27.1,40.6
06/29/2026,19:41:13,27.1,40.6
06/29/2026,19:46:13,27.1,40.6
06/29/2026,19:51:13,27.1,40.6
06/29/2026,19:56:13,27.1,40.6
06/29/2026,20:01:13,27.1,40.6
06/29/2026,20:06:13,27.1,40.6
06/29/2026,20:11:13,27.1,40.6
06/29/2026,20:16:13,27.1,40.5
06/29/2026,20:21:13,27.1,40.6
06/29/2026,20:26:13,27.1,40.5
06/29/2026,20:31:13,27.1,40.5
06/29/2026,20:36:13,27.1,40.5
06/29/2026,20:41:13,27.1,40.5
06/29/2026,20:46:13,27.1,40.6
06/29/2026,20:51:13,27.1,40.5
06/29/2026,20:56:13,27.1,40.5
06/29/2026,21:01:13,27.1,40.5
06/29/2026,21:06:13,27.1,40.5
06/29/2026,21:11:13,27.0,40.5
06/29/2026,21:16:13,27.0,40.5
06/29/2026,21:21:13,27.0,40.5
06/29/2026,21:26:13,27.0,40.5
06/29/2026,21:31:13,27.0,40.5
06/29/2026,21:36:13,27.0,40.6
06/29/2026,21:41:13,27.0,40.5
06/29/2026,21:46:13,27.0,40.5
06/29/2026,21:51:13,27.0,40.5
06/29/2026,21:56:13,27.0,40.5
06/29/2026,22:01:13,27.0,40.6
06/29/2026,22:06:13,26.9,40.6
06/29/2026,22:11:13,27.0,40.6
06/29/2026,22:16:13,26.9,40.6
06/29/2026,22:21:13,26.9,40.6
06/29/2026,22:26:13,26.9,40.6
06/29/2026,22:31:13,26.9,40.6
06/29/2026,22:36:13,26.9,40.6
06/29/2026,22:41:13,26.9,40.6
06/29/2026,22:46:13,26.9,40.6
06/29/2026,22:51:13,26.9,40.6
06/29/2026,22:56:13,26.9,40.6
06/29/2026,23:01:13,26.8,40.6
06/29/2026,23:06:13,26.8,40.6
06/29/2026,23:11:13,26.8,40.6
06/29/2026,23:16:13,26.8,40.7
06/29/2026,23:21:13,26.8,40.7
06/29/2026,23:26:13,26.8,40.7
06/29/2026,23:31:13,26.8,40.8
06/29/2026,23:36:13,26.8,40.7
06/29/2026,23:41:13,26.8,40.7
06/29/2026,23:46:13,26.8,40.7
06/29/2026,23:51:13,26.8,40.8
06/29/2026,23:56:13,26.7,40.7
06/30/2026,00:01:13,26.7,40.8
06/30/2026,00:06:13,26.7,40.7
06/30/2026,00:11:13,26.7,40.8
06/30/2026,00:16:13,26.7,40.8
06/30/2026,00:21:13,26.7,40.8
06/30/2026,00:26:13,26.7,40.8
06/30/2026,00:31:13,26.7,40.8
06/30/2026,00:36:13,26.7,40.8
06/30/2026,00:41:13,26.7,40.8
06/30/2026,00:46:13,26.7,40.8
06/30/2026,00:51:13,26.7,40.8
06/30/2026,00:56:13,26.6,40.8
06/30/2026,01:01:13,26.6,40.8
06/30/2026,01:06:13,26.6,40.8
06/30/2026,01:11:13,26.6,40.8
06/30/2026,01:16:13,26.6,40.8
06/30/2026,01:21:13,26.6,40.8
06/30/2026,01:26:13,26.6,40.9
06/30/2026,01:31:13,26.6,40.9
06/30/2026,01:36:13,26.5,40.9
06/30/2026,01:41:13,26.5,40.9
06/30/2026,01:46:13,26.5,40.9
06/30/2026,01:51:13,26.5,40.9
06/30/2026,01:56:13,26.5,41.0
06/30/2026,02:01:13,26.5,40.9
06/30/2026,02:06:13,26.5,41.0
06/30/2026,02:11:13,26.5,41.0
06/30/2026,02:16:13,26.5,41.0
06/30/2026,02:21:13,26.4,41.0
06/30/2026,02:26:13,26.4,41.0
06/30/2026,02:31:13,26.4,41.0
06/30/2026,02:36:13,26.4,41.1
06/30/2026,02:41:13,26.4,41.1
06/30/2026,02:46:13,26.4,41.1
06/30/2026,02:51:13,26.4,41.1
06/30/2026,02:56:13,26.4,41.1
06/30/2026,03:01:13,26.3,41.1
06/30/2026,03:06:13,26.3,41.2
06/30/2026,03:11:13,26.3,41.2
06/30/2026,03:16:13,26.3,41.2
06/30/2026,03:21:13,26.3,41.2
06/30/2026,03:26:13,26.3,41.3
06/30/2026,03:31:13,26.3,41.3
06/30/2026,03:36:13,26.3,41.3
06/30/2026,03:41:13,26.2,41.3
06/30/2026,03:46:13,26.2,41.3
06/30/2026,03:51:13,26.2,41.4
06/30/2026,03:56:13,26.2,41.4
06/30/2026,04:01:13,26.2,41.4
06/30/2026,04:06:13,26.2,41.5
06/30/2026,04:11:13,26.2,41.5
06/30/2026,04:16:13,26.1,41.5
06/30/2026,04:21:13,26.1,41.5
06/30/2026,04:26:13,26.1,41.6
06/30/2026,04:31:13,26.1,41.6
06/30/2026,04:36:13,26.1,41.6
06/30/2026,04:41:13,26.1,41.6
06/30/2026,04:46:13,26.1,41.7
06/30/2026,04:51:13,26.1,41.7
06/30/2026,04:56:13,26.0,41.7
06/30/2026,05:01:13,26.0,41.7
06/30/2026,05:06:13,26.0,41.8
06/30/2026,05:11:13,26.0,41.8
06/30/2026,05:16:13,26.0,41.8
06/30/2026,05:21:13,26.0,41.8
06/30/2026,05:26:13,26.0,41.8
06/30/2026,05:31:13,26.0,41.8
06/30/2026,05:36:13,25.9,41.9
06/30/2026,05:41:13,25.9,41.9
06/30/2026,05:46:13,25.9,41.9
06/30/2026,05:51:13,25.9,42.0
06/30/2026,05:56:13,25.9,42.0
06/30/2026,06:01:13,25.9,42.0
06/30/2026,06:06:13,25.8,42.0
06/30/2026,06:11:13,25.8,42.1
06/30/2026,06:16:13,25.8,42.1
06/30/2026,06:21:13,25.8,42.1
06/30/2026,06:26:13,25.8,42.2
06/30/2026,06:31:13,25.8,42.2
06/30/2026,06:36:13,25.8,42.2
06/30/2026,06:41:13,25.8,42.3
06/30/2026,06:46:13,25.7,42.3
06/30/2026,06:51:13,25.7,42.3
06/30/2026,06:56:13,25.7,42.4
06/30/2026,07:01:13,25.7,42.4
06/30/2026,07:06:13,25.7,42.4
06/30/2026,07:11:13,25.7,42.4
06/30/2026,07:16:13,25.7,42.5
06/30/2026,07:21:13,25.7,42.5
06/30/2026,07:26:13,25.7,42.5
06/30/2026,07:31:13,25.7,42.5
06/30/2026,07:36:13,25.7,42.6
06/30/2026,07:41:13,25.7,42.6
06/30/2026,07:46:13,25.7,42.7
06/30/2026,07:51:13,25.7,42.6
06/30/2026,07:56:13,25.7,42.7
06/30/2026,08:01:13,25.7,42.7
06/30/2026,08:06:13,25.7,42.7
06/30/2026,08:11:13,25.7,42.7
06/30/2026,08:16:13,25.7,42.7
06/30/2026,08:21:13,25.7,42.8
06/30/2026,08:26:13,25.7,42.8
06/30/2026,08:31:13,25.7,42.8
06/30/2026,08:36:13,25.7,42.9
06/30/2026,08:41:13,25.7,42.9
06/30/2026,08:46:13,25.7,42.9
06/30/2026,08:51:13,25.7,42.9
06/30/2026,08:56:13,25.7,42.9
06/30/2026,09:01:13,25.7,42.9
06/30/2026,09:06:13,25.7,42.9
06/30/2026,09:11:13,25.7,43.0
06/30/2026,09:16:13,25.7,43.0
06/30/2026,09:21:13,25.7,43.0
06/30/2026,09:26:13,25.7,43.0
06/30/2026,09:31:13,25.7,43.0
06/30/2026,09:36:13,25.7,43.0
06/30/2026,09:41:13,25.7,43.0
06/30/2026,09:46:13,25.7,43.0
06/30/2026,09:51:13,25.7,43.0
06/30/2026,09:56:13,25.7,43.1
06/30/2026,10:01:13,25.7,43.1
06/30/2026,10:06:13,25.7,43.1
06/30/2026,10:11:13,25.7,43.1
06/30/2026,10:16:13,25.7,43.1
06/30/2026,10:21:13,25.8,43.1
06/30/2026,10:26:13,25.8,43.1
06/30/2026,10:31:13,25.8,43.1
06/30/2026,10:36:13,25.8,43.1
06/30/2026,10:41:13,25.8,43.1
06/30/2026,10:46:13,25.8,43.1
06/30/2026,10:51:13,25.8,43.1
06/30/2026,10:56:13,25.8,43.1
06/30/2026,11:01:13,25.8,43.1
06/30/2026,11:06:13,25.9,43.1
06/30/2026,11:11:13,25.8,43.1
06/30/2026,11:16:13,25.9,43.2
06/30/2026,11:21:13,25.9,43.1
06/30/2026,11:26:13,25.9,43.1
06/30/2026,11:31:13,25.9,43.1
06/30/2026,11:36:13,25.9,43.2
06/30/2026,11:41:13,25.9,43.2
06/30/2026,11:46:13,25.9,43.2
06/30/2026,11:51:13,25.9,43.2
06/30/2026,11:56:13,25.9,43.1
06/30/2026,12:01:13,25.9,43.1
06/30/2026,12:06:13,25.9,43.1
06/30/2026,12:11:13,26.0,43.2
06/30/2026,12:16:13,26.0,43.2
06/30/2026,12:21:13,26.0,43.2
06/30/2026,12:26:13,26.0,43.2
06/30/2026,12:31:13,26.0,43.2
06/30/2026,12:36:13,26.0,43.1
06/30/2026,12:41:13,26.0,43.2
06/30/2026,12:46:13,26.1,43.2
06/30/2026,12:51:13,26.1,43.2
06/30/2026,12:56:13,26.1,43.2
06/30/2026,13:01:13,26.1,43.2
06/30/2026,13:06:13,26.1,43.3
06/30/2026,13:11:13,26.1,43.2
06/30/2026,13:16:13,26.2,43.2
06/30/2026,13:21:13,26.2,43.2
06/30/2026,13:26:13,26.2,43.2
06/30/2026,13:31:13,26.2,43.2
06/30/2026,13:36:13,26.2,43.2
06/30/2026,13:41:13,26.2,43.3
06/30/2026,13:46:13,26.2,43.3
06/30/2026,13:51:13,26.3,43.3
06/30/2026,13:56:13,26.3,43.2
06/30/2026,14:01:13,26.3,43.2
06/30/2026,14:06:13,26.3,43.3
06/30/2026,14:11:13,26.3,43.3
06/30/2026,14:16:13,26.3,43.3
06/30/2026,14:21:13,26.3,43.3
06/30/2026,14:26:13,26.4,43.3
06/30/2026,14:31:13,26.4,43.3
06/30/2026,14:36:13,26.4,43.2
06/30/2026,14:41:13,26.4,43.3
06/30/2026,14:46:13,26.4,43.2
06/30/2026,14:51:13,26.4,43.3
06/30/2026,14:56:13,26.4,43.2
06/30/2026,15:01:13,26.5,43.3
06/30/2026,15:06:13,26.5,43.3
06/30/2026,15:11:13,26.5,43.3
06/30/2026,15:16:13,26.5,43.3
06/30/2026,15:21:13,26.5,43.2
06/30/2026,15:26:13,26.5,43.3
06/30/2026,15:31:13,26.6,43.3
06/30/2026,15:36:13,26.6,43.3
06/30/2026,15:41:13,26.6,43.3
06/30/2026,15:46:13,26.6,43.3
06/30/2026,15:51:13,26.6,43.3
06/30/2026,15:56:13,26.6,43.3
06/30/2026,16:01:13,26.6,43.3
06/30/2026,16:06:13,26.7,43.3
06/30/2026,16:11:13,26.7,43.3
06/30/2026,16:16:13,26.7,43.3
06/30/2026,16:21:13,26.7,43.3
06/30/2026,16:26:13,26.7,43.3
06/30/2026,16:31:13,26.7,43.3
06/30/2026,16:36:13,26.8,43.3
06/30/2026,16:41:13,26.8,43.3
06/30/2026,16:46:13,26.8,43.3
06/30/2026,16:51:13,26.8,43.2
06/30/2026,16:56:13,26.8,43.2
06/30/2026,17:01:13,26.8,43.2
06/30/2026,17:06:13,26.9,43.2
06/30/2026,17:11:13,26.8,43.2
06/30/2026,17:16:13,26.9,43.2
06/30/2026,17:21:13,26.9,43.2
06/30/2026,17:26:13,26.9,43.1
06/30/2026,17:31:13,26.9,43.1
06/30/2026,17:36:13,26.9,43.1
06/30/2026,17:41:13,26.9,43.0
06/30/2026,17:46:13,26.9,43.0
06/30/2026,17:51:13,26.9,43.0
06/30/2026,17:56:13,26.9,43.0
06/30/2026,18:01:13,26.9,43.0
06/30/2026,18:06:13,26.9,42.9
06/30/2026,18:11:13,26.9,42.9
06/30/2026,18:16:13,26.9,42.9
06/30/2026,18:21:13,26.9,42.9
06/30/2026,18:26:13,27.0,42.9
06/30/2026,18:31:13,26.9,42.9
06/30/2026,18:36:13,26.9,42.9
06/30/2026,18:41:13,26.9,42.8
06/30/2026,18:46:13,27.0,42.8
06/30/2026,18:51:13,26.9,42.7
06/30/2026,18:56:13,26.9,42.7
06/30/2026,19:01:13,27.0,42.7
06/30/2026,19:06:13,27.0,42.7
06/30/2026,19:11:13,27.0,42.8
06/30/2026,19:16:13,27.0,42.7
06/30/2026,19:21:13,27.0,42.7
06/30/2026,19:26:13,27.0,42.7
06/30/2026,19:31:13,27.0,42.7
06/30/2026,19:36:13,27.0,42.7
06/30/2026,19:41:13,27.0,42.6
06/30/2026,19:46:13,27.0,42.6
06/30/2026,19:51:13,27.0,42.5
06/30/2026,19:56:13,27.0,42.4
06/30/2026,20:01:13,27.1,42.5
06/30/2026,20:06:13,27.0,42.4
06/30/2026,20:11:13,27.1,42.4
06/30/2026,20:16:13,27.1,42.3
06/30/2026,20:21:13,27.0,42.3
06/30/2026,20:26:13,27.1,42.2
06/30/2026,20:31:13,27.1,42.2
06/30/2026,20:36:13,27.1,42.2
06/30/2026,20:41:13,27.1,42.2
06/30/2026,20:46:13,27.0,42.2
06/30/2026,20:51:13,27.1,42.2
06/30/2026,20:56:13,27.1,42.2
06/30/2026,21:01:13,27.0,42.2
06/30/2026,21:06:13,27.0,42.2
06/30/2026,21:11:13,27.0,42.2
06/30/2026,21:16:13,27.1,42.2
06/30/2026,21:21:13,27.0,42.2
06/30/2026,21:26:13,27.0,42.2
06/30/2026,21:31:13,27.0,42.2
06/30/2026,21:36:13,27.0,42.2
06/30/2026,21:41:13,27.0,42.3
06/30/2026,21:46:13,27.0,42.3
06/30/2026,21:51:13,27.0,42.3
06/30/2026,21:56:13,27.0,42.3
06/30/2026,22:01:13,27.0,42.4
06/30/2026,22:06:13,27.0,42.4
06/30/2026,22:11:13,26.9,42.4
06/30/2026,22:16:13,26.9,42.4
06/30/2026,22:21:13,26.9,42.4
06/30/2026,22:26:13,26.9,42.5
06/30/2026,22:31:13,26.9,42.5
06/30/2026,22:36:13,26.9,42.5
06/30/2026,22:41:13,26.9,42.5
06/30/2026,22:46:13,26.9,42.6
06/30/2026,22:51:13,26.9,42.5
06/30/2026,22:56:13,26.8,42.6
06/30/2026,23:01:13,26.8,42.6
06/30/2026,23:06:13,26.8,42.6
06/30/2026,23:11:13,26.8,42.7
06/30/2026,23:16:13,26.8,42.8
06/30/2026,23:21:13,26.8,42.8
06/30/2026,23:26:13,26.8,42.8
06/30/2026,23:31:13,26.7,42.8
06/30/2026,23:36:13,26.7,42.8
06/30/2026,23:41:13,26.7,42.9
06/30/2026,23:46:13,26.7,42.9
06/30/2026,23:51:13,26.7,43.0
06/30/2026,23:56:13,26.7,43.0