Date,Time,Temperature(C),Humidity(%RH)
06/01/2026,00:03:23,22.4,49.5,,,
06/01/2026,00:08:23,22.3,49.7,,,
06/01/2026,00:13:23,22.3,49.8,,,
06/01/2026,00:18:23,22.2,50,,,
06/01/2026,00:23:23,22.2,50,,,
06/01/2026,00:28:23,22.2,50.1,,,
06/01/2026,00:33:23,22.1,50.2,,,
06/01/2026,00:38:23,22.1,50.3,,,
06/01/2026,00:43:23,22.1,50.3,,,
06/01/2026,00:48:23,22.1,50.4,,,
06/01/2026,00:53:23,22,50.5,,,
06/01/2026,00:58:23,22,50.6,,,
06/01/2026,01:03:23,22,50.7,,,
06/01/2026,01:08:23,21.9,50.7,,,
06/01/2026,01:13:23,21.9,50.8,,,
06/01/2026,01:18:23,21.8,50.8,,,
06/01/2026,01:23:23,21.8,50.9,,,
06/01/2026,01:28:23,21.8,51,,,
06/01/2026,01:33:23,21.7,51.1,,,
06/01/2026,01:38:23,21.7,51.2,,,
06/01/2026,01:43:23,21.6,51.2,,,
06/01/2026,01:48:23,21.6,51.3,,,
06/01/2026,01:53:23,21.5,51.4,,,
06/01/2026,01:58:23,21.5,51.5,,,
06/01/2026,02:03:23,21.4,51.6,,,
06/01/2026,02:08:23,21.4,51.7,,,
06/01/2026,02:13:23,21.4,51.8,,,
06/01/2026,02:18:23,21.3,52,,,
06/01/2026,02:23:23,21.3,52,,,
06/01/2026,02:28:23,21.2,52.2,,,
06/01/2026,02:33:23,21.2,52.3,,,
06/01/2026,02:38:23,21.2,52.4,,,
06/01/2026,02:43:23,21.1,52.5,,,
06/01/2026,02:48:23,21.1,52.7,,,
06/01/2026,02:53:23,21,52.8,,,
06/01/2026,02:58:23,21,52.9,,,
06/01/2026,03:03:23,21,53,,,
06/01/2026,03:08:23,20.9,53.1,,,
06/01/2026,03:13:23,20.9,53.1,,,
06/01/2026,03:18:23,20.9,53.2,,,
06/01/2026,03:23:23,20.8,53.3,,,
06/01/2026,03:28:23,20.8,53.4,,,
06/01/2026,03:33:23,20.7,53.5,,,
06/01/2026,03:38:23,20.7,53.5,,,
06/01/2026,03:43:23,20.7,53.6,,,
06/01/2026,03:48:23,20.6,53.7,,,
06/01/2026,03:53:23,20.6,53.8,,,
06/01/2026,03:58:23,20.5,53.9,,,
06/01/2026,04:03:23,20.5,53.9,,,
06/01/2026,04:08:23,20.5,54,,,
06/01/2026,04:13:23,20.4,54.1,,,
06/01/2026,04:18:23,20.4,54.1,,,
06/01/2026,04:23:23,20.4,54.2,,,
06/01/2026,04:28:23,20.3,54.2,,,
06/01/2026,04:33:23,20.3,54.3,,,
06/01/2026,04:38:23,20.3,54.4,,,
06/01/2026,04:43:23,20.2,54.4,,,
06/01/2026,04:48:23,20.2,54.5,,,
06/01/2026,04:53:23,20.2,54.6,,,
06/01/2026,04:58:23,20.1,54.6,,,
06/01/2026,05:03:23,20.1,54.7,,,
06/01/2026,05:08:23,20.1,54.8,,,
06/01/2026,05:13:23,20,54.8,,,
06/01/2026,05:18:23,20,54.9,,,
06/01/2026,05:23:23,20,55,,,
06/01/2026,05:28:23,20,55,,,
06/01/2026,05:33:23,19.9,55.1,,,
06/01/2026,05:38:23,19.9,55.2,,,
06/01/2026,05:43:23,19.9,55.3,,,
06/01/2026,05:48:23,19.9,55.4,,,
06/01/2026,05:53:23,19.9,55.5,,,
06/01/2026,05:58:23,19.8,55.6,,,
06/01/2026,06:03:23,19.8,55.7,,,
06/01/2026,06:08:23,19.8,55.8,,,
06/01/2026,06:13:23,19.8,55.9,,,
06/01/2026,06:18:23,19.8,56,,,
06/01/2026,06:23:23,19.8,56,,,
06/01/2026,06:28:23,19.8,56.3,,,
06/01/2026,06:33:23,19.8,56.3,,,
06/01/2026,06:38:23,19.8,56.4,,,
06/01/2026,06:43:23,19.9,56.4,,,
06/01/2026,06:48:23,19.8,56.5,,,
06/01/2026,06:53:23,19.9,56.5,,,
06/01/2026,06:58:23,19.9,56.5,,,
06/01/2026,07:03:23,19.9,56.4,,,
06/01/2026,07:08:23,20,56.4,,,
06/01/2026,07:13:23,20.1,56.1,,,
06/01/2026,07:18:23,20.2,55.9,,,
06/01/2026,07:23:23,20.3,55.7,,,
06/01/2026,07:28:23,20.4,55.5,,,
06/01/2026,07:33:23,20.4,55.3,,,
06/01/2026,07:38:23,20.5,55.2,,,
06/01/2026,07:43:23,20.6,55.1,,,
06/01/2026,07:48:23,20.7,55,,,
06/01/2026,07:53:23,20.7,54.8,,,
06/01/2026,07:58:23,20.8,54.7,,,
06/01/2026,08:03:23,20.9,54.5,,,
06/01/2026,08:08:23,21,54.4,,,
06/01/2026,08:13:23,21,54.2,,,
06/01/2026,08:18:23,21.1,54.1,,,
06/01/2026,08:23:23,21.2,54,,,
06/01/2026,08:28:23,21.2,53.9,,,
06/01/2026,08:33:23,21.2,53.8,,,
06/01/2026,08:38:23,21.2,53.7,,,
06/01/2026,08:43:23,21.3,53.7,,,
06/01/2026,08:48:23,21.3,53.6,,,
06/01/2026,08:53:23,21.3,53.6,,,
06/01/2026,08:58:23,21.4,53.5,,,
06/01/2026,09:03:23,21.4,53.4,,,
06/01/2026,09:08:23,21.4,53.3,,,
06/01/2026,09:13:23,21.4,53.3,,,
06/01/2026,09:18:23,21.4,53.3,,,
06/01/2026,09:23:23,21.5,53.3,,,
06/01/2026,09:28:23,21.5,53.3,,,
06/01/2026,09:33:23,21.5,53.3,,,
06/01/2026,09:38:23,21.5,53.2,,,
06/01/2026,09:43:23,21.6,53.2,,,
06/01/2026,09:48:23,21.6,53.3,,,
06/01/2026,09:53:23,21.6,53.2,,,
06/01/2026,09:58:23,21.7,53.3,,,
06/01/2026,10:03:23,21.7,53.4,,,
06/01/2026,10:08:23,21.7,53.3,,,
06/01/2026,10:13:23,21.7,53.3,,,
06/01/2026,10:18:23,21.8,53.2,,,
06/01/2026,10:23:23,21.8,53.3,,,
06/01/2026,10:28:23,21.8,53.3,,,
06/01/2026,10:33:23,21.8,53.3,,,
06/01/2026,10:38:23,21.9,53.2,,,
06/01/2026,10:43:23,21.9,53.2,,,
06/01/2026,10:48:23,21.9,53.1,,,
06/01/2026,10:53:23,21.9,53.1,,,
06/01/2026,10:58:23,21.9,53,,,
06/01/2026,11:03:23,21.9,53,,,
06/01/2026,11:08:23,21.9,53,,,
06/01/2026,11:13:23,22,53,,,
06/01/2026,11:18:23,22,52.9,,,
06/01/2026,11:23:23,22,52.9,,,
06/01/2026,11:28:23,22,52.9,,,
06/01/2026,11:33:23,22,52.9,,,
06/01/2026,11:38:23,22,52.9,,,
06/01/2026,11:43:23,22,52.9,,,
06/01/2026,11:48:23,22,52.8,,,
06/01/2026,11:53:23,22.1,52.8,,,
06/01/2026,11:58:23,22.1,52.8,,,
06/01/2026,12:03:23,22.1,52.7,,,
06/01/2026,12:08:23,22.1,52.7,,,
06/01/2026,12:13:23,22.1,52.7,,,
06/01/2026,12:18:23,22.1,52.7,,,
06/01/2026,12:23:23,22.1,52.7,,,
06/01/2026,12:28:23,22.1,52.6,,,
06/01/2026,12:33:23,22.1,52.6,,,
06/01/2026,12:38:23,22.1,52.6,,,
06/01/2026,12:43:23,22.1,52.6,,,
06/01/2026,12:48:23,22.1,52.6,,,
06/01/2026,12:53:23,22.1,52.6,,,
06/01/2026,12:58:23,22.1,52.6,,,
06/01/2026,13:03:23,22.2,52.5,,,
06/01/2026,13:08:23,22.2,52.5,,,
06/01/2026,13:13:23,22.2,52.5,,,
06/01/2026,13:18:23,22.1,52.5,,,
06/01/2026,13:23:23,22.2,52.5,,,
06/01/2026,13:28:23,22.2,52.5,,,
06/01/2026,13:33:23,22.2,52.4,,,
06/01/2026,13:38:23,22.2,52.4,,,
06/01/2026,13:43:23,22.2,52.4,,,
06/01/2026,13:48:23,22.2,52.4,,,
06/01/2026,13:53:23,22.2,52.4,,,
06/01/2026,13:58:23,22.2,52.4,,,
06/01/2026,14:03:23,22.2,52.4,,,
06/01/2026,14:08:23,22.2,52.3,,,
06/01/2026,14:13:23,22.3,52.4,,,
06/01/2026,14:18:23,22.2,52.3,,,
06/01/2026,14:23:23,22.2,52.3,,,
06/01/2026,14:28:23,22.3,52.3,,,
06/01/2026,14:33:23,22.3,52.3,,,
06/01/2026,14:38:23,22.3,52.3,,,
06/01/2026,14:43:23,22.3,52.2,,,
06/01/2026,14:48:23,22.3,52.3,,,
06/01/2026,14:53:23,22.4,52.2,,,
06/01/2026,14:58:23,22.4,52.2,,,
06/01/2026,15:03:23,22.4,52.2,,,
06/01/2026,15:08:23,22.4,52.2,,,
06/01/2026,15:13:23,22.4,52.2,,,
06/01/2026,15:18:23,22.4,52.2,,,
06/01/2026,15:23:23,22.4,52.2,,,
06/01/2026,15:28:23,22.4,52.1,,,
06/01/2026,15:33:23,22.5,52.1,,,
06/01/2026,15:38:23,22.4,52.1,,,
06/01/2026,15:43:23,22.5,52.1,,,
06/01/2026,15:48:23,22.5,52.1,,,
06/01/2026,15:53:23,22.5,52.1,,,
06/01/2026,15:58:23,22.5,52.1,,,
06/01/2026,16:03:23,22.5,52.1,,,
06/01/2026,16:08:23,22.5,52.1,,,
06/01/2026,16:13:23,22.5,52.1,,,
06/01/2026,16:18:23,22.5,52.1,,,
06/01/2026,16:23:23,22.5,52.1,,,
06/01/2026,16:28:23,22.5,52.1,,,
06/01/2026,16:33:23,22.5,52.1,,,
06/01/2026,16:38:23,22.5,52.1,,,
06/01/2026,16:43:23,22.5,52,,,
06/01/2026,16:48:23,22.5,52.1,,,
06/01/2026,16:53:23,22.5,52.1,,,
06/01/2026,16:58:23,22.5,52.1,,,
06/01/2026,17:03:23,22.5,52.1,,,
06/01/2026,17:08:23,22.5,52.2,,,
06/01/2026,17:13:23,22.6,52.2,,,
06/01/2026,17:18:23,22.5,52.1,,,
06/01/2026,17:23:23,22.6,52.1,,,
06/01/2026,17:28:23,22.6,52.2,,,
06/01/2026,17:33:23,22.6,52.2,,,
06/01/2026,17:38:23,22.5,52.2,,,
06/01/2026,17:43:23,22.6,52.2,,,
06/01/2026,17:48:23,22.5,52.1,,,
06/01/2026,17:53:23,22.5,52.2,,,
06/01/2026,17:58:23,22.5,52.2,,,
06/01/2026,18:03:23,22.5,52.1,,,
06/01/2026,18:08:23,22.5,52.1,,,
06/01/2026,18:13:23,22.5,52.2,,,
06/01/2026,18:18:23,22.5,52.2,,,
06/01/2026,18:23:23,22.5,52.3,,,
06/01/2026,18:28:23,22.5,52.2,,,
06/01/2026,18:33:23,22.5,52.2,,,
06/01/2026,18:38:23,22.6,52.2,,,
06/01/2026,18:43:23,22.5,52.3,,,
06/01/2026,18:48:23,22.5,52.3,,,
06/01/2026,18:53:23,22.5,52.3,,,
06/01/2026,18:58:23,22.5,52.3,,,
06/01/2026,19:03:23,22.5,52.3,,,
06/01/2026,19:08:23,22.5,52.3,,,
06/01/2026,19:13:23,22.5,52.4,,,
06/01/2026,19:18:23,22.5,52.3,,,
06/01/2026,19:23:23,22.5,52.5,,,
06/01/2026,19:28:23,22.5,52.5,,,
06/01/2026,19:33:23,22.5,52.5,,,
06/01/2026,19:38:23,22.5,52.6,,,
06/01/2026,19:43:23,22.5,52.6,,,
06/01/2026,19:48:23,22.5,52.7,,,
06/01/2026,19:53:23,22.5,52.7,,,
06/01/2026,19:58:23,22.5,52.8,,,
06/01/2026,20:03:23,22.5,52.8,,,
06/01/2026,20:08:23,22.5,52.9,,,
06/01/2026,20:13:23,22.5,52.9,,,
06/01/2026,20:18:23,22.5,53,,,
06/01/2026,20:23:23,22.5,53,,,
06/01/2026,20:28:23,22.5,53.1,,,
06/01/2026,20:33:23,22.5,53.4,,,
06/01/2026,20:38:23,22.4,53.6,,,
06/01/2026,20:43:23,22.4,53.7,,,
06/01/2026,20:48:23,22.4,53.8,,,
06/01/2026,20:53:23,22.4,53.8,,,
06/01/2026,20:58:23,22.4,53.8,,,
06/01/2026,21:03:23,22.4,53.9,,,
06/01/2026,21:08:23,22.4,54.2,,,
06/01/2026,21:13:23,22.4,54.2,,,
06/01/2026,21:18:23,22.4,54.4,,,
06/01/2026,21:23:23,22.4,54.2,,,
06/01/2026,21:28:23,22.4,54.3,,,
06/01/2026,21:33:23,22.4,54.3,,,
06/01/2026,21:38:23,22.4,54.3,,,
06/01/2026,21:43:23,22.4,54.5,,,
06/01/2026,21:48:23,22.4,54.6,,,
06/01/2026,21:53:23,22.3,54.8,,,
06/01/2026,21:58:23,22.3,54.8,,,
06/01/2026,22:03:23,22.3,54.8,,,
06/01/2026,22:08:23,22.3,55,,,
06/01/2026,22:13:23,22.3,54.9,,,
06/01/2026,22:18:23,22.3,55.1,,,
06/01/2026,22:23:23,22.3,55,,,
06/01/2026,22:28:23,22.3,55.1,,,
06/01/2026,22:33:23,22.3,55.2,,,
06/01/2026,22:38:23,22.3,55.2,,,
06/01/2026,22:43:23,22.3,55.4,,,
06/01/2026,22:48:23,22.3,55.5,,,
06/01/2026,22:53:23,22.3,55.5,,,
06/01/2026,22:58:23,22.3,55.5,,,
06/01/2026,23:03:23,22.2,55.7,,,
06/01/2026,23:08:23,22.2,55.7,,,
06/01/2026,23:13:23,22.2,55.6,,,
06/01/2026,23:18:23,22.2,55.9,,,
06/01/2026,23:23:23,22.2,55.9,,,
06/01/2026,23:28:23,22.2,55.8,,,
06/01/2026,23:33:23,22.2,55.8,,,
06/01/2026,23:38:23,22.2,55.9,,,
06/01/2026,23:43:23,22.2,56,,,
06/01/2026,23:48:23,22.1,56.1,,,
06/01/2026,23:53:23,22.2,56.2,,,
06/01/2026,23:58:23,22.1,56.2,,,
06/02/2026,00:03:23,22.1,56.2,,,
06/02/2026,00:08:23,22.1,56.3,,,
06/02/2026,00:13:23,22.1,56.2,,,
06/02/2026,00:18:23,22.1,56.3,,,
06/02/2026,00:23:23,22.1,56.4,,,
06/02/2026,00:28:23,22.1,56.4,,,
06/02/2026,00:33:23,22.1,56.4,,,
06/02/2026,00:38:23,22.1,56.5,,,
06/02/2026,00:43:23,22.1,56.5,,,
06/02/2026,00:48:23,22.1,56.5,,,
06/02/2026,00:53:23,22.1,56.6,,,
06/02/2026,00:58:23,22.1,56.6,,,
06/02/2026,01:03:23,22.1,56.7,,,
06/02/2026,01:08:23,22,56.7,,,
06/02/2026,01:13:23,22,56.7,,,
06/02/2026,01:18:23,22,56.7,,,
06/02/2026,01:23:23,22,56.8,,,
06/02/2026,01:28:23,22,56.9,,,
06/02/2026,01:33:23,22,56.9,,,
06/02/2026,01:38:23,22,56.9,,,
06/02/2026,01:43:23,22,57,,,
06/02/2026,01:48:23,22,57.1,,,
06/02/2026,01:53:23,21.9,57,,,
06/02/2026,01:58:23,21.9,57,,,
06/02/2026,02:03:23,21.9,57.1,,,
06/02/2026,02:08:23,21.9,57.2,,,
06/02/2026,02:13:23,21.9,57.3,,,
06/02/2026,02:18:23,21.9,57.3,,,
06/02/2026,02:23:23,21.9,57.3,,,
06/02/2026,02:28:23,21.9,57.3,,,
06/02/2026,02:33:23,21.9,57.4,,,
06/02/2026,02:38:23,21.9,57.4,,,
06/02/2026,02:43:23,21.9,57.4,,,
06/02/2026,02:48:23,21.9,57.5,,,
06/02/2026,02:53:23,21.8,57.5,,,
06/02/2026,02:58:23,21.8,57.5,,,
06/02/2026,03:03:23,21.8,57.6,,,
06/02/2026,03:08:23,21.8,57.6,,,
06/02/2026,03:13:23,21.8,57.7,,,
06/02/2026,03:18:23,21.8,57.7,,,
06/02/2026,03:23:23,21.8,57.7,,,
06/02/2026,03:28:23,21.8,57.8,,,
06/02/2026,03:33:23,21.8,57.7,,,
06/02/2026,03:38:23,21.8,57.8,,,
06/02/2026,03:43:23,21.8,57.8,,,
06/02/2026,03:48:23,21.8,57.9,,,
06/02/2026,03:53:23,21.7,57.9,,,
06/02/2026,03:58:23,21.7,57.9,,,
06/02/2026,04:03:23,21.8,58,,,
06/02/2026,04:08:23,21.7,58,,,
06/02/2026,04:13:23,21.7,58,,,
06/02/2026,04:18:23,21.7,58,,,
06/02/2026,04:23:23,21.7,58,,,
06/02/2026,04:28:23,21.7,58,,,
06/02/2026,04:33:23,21.7,58.1,,,
06/02/2026,04:38:23,21.7,58,,,
06/02/2026,04:43:23,21.7,58.1,,,
06/02/2026,04:48:23,21.7,58,,,
06/02/2026,04:53:23,21.7,58,,,
06/02/2026,04:58:23,21.6,58.1,,,
06/02/2026,05:03:23,21.6,58.1,,,
06/02/2026,05:08:23,21.6,58.2,,,
06/02/2026,05:13:23,21.6,58.2,,,
06/02/2026,05:18:23,21.6,58.2,,,
06/02/2026,05:23:23,21.6,58.2,,,
06/02/2026,05:28:23,21.6,58.3,,,
06/02/2026,05:33:23,21.6,58.3,,,
06/02/2026,05:38:23,21.6,58.2,,,
06/02/2026,05:43:23,21.6,58.2,,,
06/02/2026,05:48:23,21.5,58.3,,,
06/02/2026,05:53:23,21.5,58.3,,,
06/02/2026,05:58:23,21.6,58.3,,,
06/02/2026,06:03:23,21.6,58.4,,,
06/02/2026,06:08:23,21.5,58.4,,,
06/02/2026,06:13:23,21.5,58.3,,,
06/02/2026,06:18:23,21.5,58.3,,,
06/02/2026,06:23:23,21.5,58.3,,,
06/02/2026,06:28:23,21.5,58.3,,,
06/02/2026,06:33:23,21.5,58.5,,,
06/02/2026,06:38:23,21.5,58.4,,,
06/02/2026,06:43:23,21.5,58.5,,,
06/02/2026,06:48:23,21.5,58.5,,,
06/02/2026,06:53:23,21.5,58.5,,,
06/02/2026,06:58:23,21.5,58.5,,,
06/02/2026,07:03:23,21.5,58.5,,,
06/02/2026,07:08:23,21.5,58.5,,,
06/02/2026,07:13:23,21.5,58.5,,,
06/02/2026,07:18:23,21.4,58.5,,,
06/02/2026,07:23:23,21.5,58.7,,,
06/02/2026,07:28:23,21.4,58.7,,,
06/02/2026,07:33:23,21.5,58.7,,,
06/02/2026,07:38:23,21.4,58.8,,,
06/02/2026,07:43:23,21.4,58.7,,,
06/02/2026,07:48:23,21.4,58.8,,,
06/02/2026,07:53:23,21.4,58.7,,,
06/02/2026,07:58:23,21.4,58.7,,,
06/02/2026,08:03:23,21.4,58.7,,,
06/02/2026,08:08:23,21.4,58.7,,,
06/02/2026,08:13:23,21.4,58.7,,,
06/02/2026,08:18:23,21.4,58.7,,,
06/02/2026,08:23:23,21.4,58.7,,,
06/02/2026,08:28:23,21.4,58.7,,,
06/02/2026,08:33:23,21.4,58.8,,,
06/02/2026,08:38:23,21.4,58.7,,,
06/02/2026,08:43:23,21.3,58.7,,,
06/02/2026,08:48:23,21.3,58.8,,,
06/02/2026,08:53:23,21.3,58.8,,,
06/02/2026,08:58:23,21.3,58.7,,,
06/02/2026,09:03:23,21.3,58.7,,,
06/02/2026,09:08:23,21.3,58.8,,,
06/02/2026,09:13:23,21.3,58.8,,,
06/02/2026,09:18:23,21.4,58.8,,,
06/02/2026,09:23:23,21.3,58.8,,,
06/02/2026,09:28:23,21.3,58.7,,,
06/02/2026,09:33:23,21.3,58.7,,,
06/02/2026,09:38:23,21.3,58.6,,,
06/02/2026,09:43:23,21.3,58.8,,,
06/02/2026,09:48:23,21.3,58.7,,,
06/02/2026,09:53:23,21.3,58.7,,,
06/02/2026,09:58:23,21.3,58.6,,,
06/02/2026,10:03:23,21.3,58.7,,,
06/02/2026,10:08:23,21.4,58.7,,,
06/02/2026,10:13:23,21.3,58.6,,,
06/02/2026,10:18:23,21.3,58.6,,,
06/02/2026,10:23:23,21.4,58.6,,,
06/02/2026,10:28:23,21.3,58.6,,,
06/02/2026,10:33:23,21.4,58.6,,,
06/02/2026,10:38:23,21.4,58.6,,,
06/02/2026,10:43:23,21.4,58.7,,,
06/02/2026,10:48:23,21.4,58.7,,,
06/02/2026,10:53:23,21.4,58.7,,,
06/02/2026,10:58:23,21.4,58.7,,,
06/02/2026,11:03:23,21.4,58.7,,,
06/02/2026,11:08:23,21.4,58.7,,,
06/02/2026,11:13:23,21.4,58.8,,,
06/02/2026,11:18:23,21.4,58.8,,,
06/02/2026,11:23:23,21.4,58.8,,,
06/02/2026,11:28:23,21.4,58.8,,,
06/02/2026,11:33:23,21.4,58.8,,,
06/02/2026,11:38:23,21.4,58.8,,,
06/02/2026,11:43:23,21.4,58.8,,,
06/02/2026,11:48:23,21.4,58.8,,,
06/02/2026,11:53:23,21.4,58.7,,,
06/02/2026,11:58:23,21.4,58.7,,,
06/02/2026,12:03:23,21.4,58.8,,,
06/02/2026,12:08:23,21.4,58.8,,,
06/02/2026,12:13:23,21.4,58.9,,,
06/02/2026,12:18:23,21.4,58.8,,,
06/02/2026,12:23:23,21.4,59,,,
06/02/2026,12:28:23,21.4,59,,,
06/02/2026,12:33:23,21.4,59.7,,,
06/02/2026,12:38:23,21.4,60.1,,,
06/02/2026,12:43:23,21.4,60.1,,,
06/02/2026,12:48:23,21.4,60.5,,,
06/02/2026,12:53:23,21.4,60.5,,,
06/02/2026,12:58:23,21.4,60.6,,,
06/02/2026,13:03:23,21.4,60.6,,,
06/02/2026,13:08:23,21.4,60.7,,,
06/02/2026,13:13:23,21.4,60.7,,,
06/02/2026,13:18:23,21.5,60.5,,,
06/02/2026,13:23:23,21.5,60.8,,,
06/02/2026,13:28:23,21.5,60.7,,,
06/02/2026,13:33:23,21.5,60.8,,,
06/02/2026,13:38:23,21.5,61.4,,,
06/02/2026,13:43:23,21.5,61.8,,,
06/02/2026,13:48:23,21.5,61.7,,,
06/02/2026,13:53:23,21.5,61.5,,,
06/02/2026,13:58:23,21.5,61.6,,,
06/02/2026,14:03:23,21.5,61.5,,,
06/02/2026,14:08:23,21.5,61.3,,,
06/02/2026,14:13:23,21.5,61.1,,,
06/02/2026,14:18:23,21.5,61,,,
06/02/2026,14:23:23,21.5,61.2,,,
06/02/2026,14:28:23,21.6,61.1,,,
06/02/2026,14:33:23,21.6,60.7,,,
06/02/2026,14:38:23,21.6,60.5,,,
06/02/2026,14:43:23,21.6,60.4,,,
06/02/2026,14:48:23,21.6,60.6,,,
06/02/2026,14:53:23,21.6,60.8,,,
06/02/2026,14:58:23,21.6,61.1,,,
06/02/2026,15:03:23,21.5,61.1,,,
06/02/2026,15:08:23,21.5,61.2,,,
06/02/2026,15:13:23,21.5,61.3,,,
06/02/2026,15:18:23,21.5,61.3,,,
06/02/2026,15:23:23,21.5,61.3,,,
06/02/2026,15:28:23,21.5,61.1,,,
06/02/2026,15:33:23,21.5,60.7,,,
06/02/2026,15:38:23,21.6,60.3,,,
06/02/2026,15:43:23,21.6,60.2,,,
06/02/2026,15:48:23,21.6,60.1,,,
06/02/2026,15:53:23,21.6,59.9,,,
06/02/2026,15:58:23,21.6,59.7,,,
06/02/2026,16:03:23,21.7,59.5,,,
06/02/2026,16:08:23,21.7,59.5,,,
06/02/2026,16:13:23,21.7,59.3,,,
06/02/2026,16:18:23,21.7,59.4,,,
06/02/2026,16:23:23,21.7,59.2,,,
06/02/2026,16:28:23,21.8,59.1,,,
06/02/2026,16:33:23,21.8,59.1,,,
06/02/2026,16:38:23,21.8,58.8,,,
06/02/2026,16:43:23,21.8,58.7,,,
06/02/2026,16:48:23,21.7,58.4,,,
06/02/2026,16:53:23,21.7,58.5,,,
06/02/2026,16:58:23,21.7,58.4,,,
06/02/2026,17:03:23,21.7,58.7,,,
06/02/2026,17:08:23,21.6,58.9,,,
06/02/2026,17:13:23,21.6,59.1,,,
06/02/2026,17:18:23,21.5,59.4,,,
06/02/2026,17:23:23,21.5,59.6,,,
06/02/2026,17:28:23,21.4,59.8,,,
06/02/2026,17:33:23,21.4,59.9,,,
06/02/2026,17:38:23,21.4,60.1,,,
06/02/2026,17:43:23,21.3,60.3,,,
06/02/2026,17:48:23,21.3,60.5,,,
06/02/2026,17:53:23,21.3,60.6,,,
06/02/2026,17:58:23,21.3,60.6,,,
06/02/2026,18:03:23,21.3,60.8,,,
06/02/2026,18:08:23,21.2,61,,,
06/02/2026,18:13:23,21.3,61.1,,,
06/02/2026,18:18:23,21.3,61.2,,,
06/02/2026,18:23:23,21.3,61,,,
06/02/2026,18:28:23,21.3,60.8,,,
06/02/2026,18:33:23,21.3,60.4,,,
06/02/2026,18:38:23,21.3,60.2,,,
06/02/2026,18:43:23,21.3,60.1,,,
06/02/2026,18:48:23,21.3,60,,,
06/02/2026,18:53:23,21.3,60,,,
06/02/2026,18:58:23,21.3,60,,,
06/02/2026,19:03:23,21.3,60,,,
06/02/2026,19:08:23,21.3,60.1,,,
06/02/2026,19:13:23,21.4,60.1,,,
06/02/2026,19:18:23,21.4,60.1,,,
06/02/2026,19:23:23,21.4,60.2,,,
06/02/2026,19:28:23,21.5,59.7,,,
06/02/2026,19:33:23,21.5,59.6,,,
06/02/2026,19:38:23,21.5,59.2,,,
06/02/2026,19:43:23,21.5,58.8,,,
06/02/2026,19:48:23,21.5,58.6,,,
06/02/2026,19:53:23,21.5,58.4,,,
06/02/2026,19:58:23,21.5,58.4,,,
06/02/2026,20:03:23,21.5,58.3,,,
06/02/2026,20:08:23,21.5,58.3,,,
06/02/2026,20:13:23,21.5,58.3,,,
06/02/2026,20:18:23,21.5,58.4,,,
06/02/2026,20:23:23,21.4,58.4,,,
06/02/2026,20:28:23,21.5,58.6,,,
06/02/2026,20:33:23,21.4,58.6,,,
06/02/2026,20:38:23,21.4,58.6,,,
06/02/2026,20:43:23,21.4,58.6,,,
06/02/2026,20:48:23,21.4,58.6,,,
06/02/2026,20:53:23,21.4,58.6,,,
06/02/2026,20:58:23,21.4,58.6,,,
06/02/2026,21:03:23,21.4,58.6,,,
06/02/2026,21:08:23,21.4,58.6,,,
06/02/2026,21:13:23,21.4,58.6,,,
06/02/2026,21:18:23,21.4,58.6,,,
06/02/2026,21:23:23,21.4,58.5,,,
06/02/2026,21:28:23,21.4,58.6,,,
06/02/2026,21:33:23,21.4,58.6,,,
06/02/2026,21:38:23,21.4,58.5,,,
06/02/2026,21:43:23,21.4,58.5,,,
06/02/2026,21:48:23,21.4,58.6,,,
06/02/2026,21:53:23,21.4,58.5,,,
06/02/2026,21:58:23,21.4,58.5,,,
06/02/2026,22:03:23,21.4,58.6,,,
06/02/2026,22:08:23,21.4,58.5,,,
06/02/2026,22:13:23,21.4,58.5,,,
06/02/2026,22:18:23,21.4,58.5,,,
06/02/2026,22:23:23,21.4,58.5,,,
06/02/2026,22:28:23,21.4,58.6,,,
06/02/2026,22:33:23,21.3,58.5,,,
06/02/2026,22:38:23,21.3,58.5,,,
06/02/2026,22:43:23,21.3,58.5,,,
06/02/2026,22:48:23,21.3,58.5,,,
06/02/2026,22:53:23,21.3,58.5,,,
06/02/2026,22:58:23,21.3,58.5,,,
06/02/2026,23:03:23,21.3,58.5,,,
06/02/2026,23:08:23,21.3,58.5,,,
06/02/2026,23:13:23,21.3,58.5,,,
06/02/2026,23:18:23,21.3,58.5,,,
06/02/2026,23:23:23,21.3,58.5,,,
06/02/2026,23:28:23,21.2,58.5,,,
06/02/2026,23:33:23,21.3,58.5,,,
06/02/2026,23:38:23,21.2,58.5,,,
06/02/2026,23:43:23,21.2,58.5,,,
06/02/2026,23:48:23,21.2,58.4,,,
06/02/2026,23:53:23,21.2,58.4,,,
06/02/2026,23:58:23,21.2,58.4,,,
06/03/2026,00:03:23,21.2,58.4,,,
06/03/2026,00:08:23,21.2,58.4,,,
06/03/2026,00:13:23,21.2,58.3,,,
06/03/2026,00:18:23,21.2,58.3,,,
06/03/2026,00:23:23,21.2,58.3,,,
06/03/2026,00:28:23,21.2,58.3,,,
06/03/2026,00:33:23,21.1,58.3,,,
06/03/2026,00:38:23,21.1,58.3,,,
06/03/2026,00:43:23,21.1,58.3,,,
06/03/2026,00:48:23,21.1,58.3,,,
06/03/2026,00:53:23,21.1,58.3,,,
06/03/2026,00:58:23,21.1,58.2,,,
06/03/2026,01:03:23,21.1,58.2,,,
06/03/2026,01:08:23,21.1,58.2,,,
06/03/2026,01:13:23,21,58.2,,,
06/03/2026,01:18:23,21,58.2,,,
06/03/2026,01:23:23,21,58.2,,,
06/03/2026,01:28:23,21,58.2,,,
06/03/2026,01:33:23,21,58.1,,,
06/03/2026,01:38:23,21,58.1,,,
06/03/2026,01:43:23,21,58.1,,,
06/03/2026,01:48:23,21,58.1,,,
06/03/2026,01:53:23,20.9,58,,,
06/03/2026,01:58:23,20.9,58,,,
06/03/2026,02:03:23,20.9,58,,,
06/03/2026,02:08:23,20.9,58,,,
06/03/2026,02:13:23,20.9,58,,,
06/03/2026,02:18:23,20.9,58,,,
06/03/2026,02:23:23,20.9,58,,,
06/03/2026,02:28:23,20.9,57.9,,,
06/03/2026,02:33:23,20.8,58,,,
06/03/2026,02:38:23,20.8,58,,,
06/03/2026,02:43:23,20.8,58,,,
06/03/2026,02:48:23,20.8,57.9,,,
06/03/2026,02:53:23,20.8,57.9,,,
06/03/2026,02:58:23,20.8,57.9,,,
06/03/2026,03:03:23,20.8,57.9,,,
06/03/2026,03:08:23,20.7,57.9,,,
06/03/2026,03:13:23,20.7,57.9,,,
06/03/2026,03:18:23,20.7,57.9,,,
06/03/2026,03:23:23,20.7,57.9,,,
06/03/2026,03:28:23,20.7,57.8,,,
06/03/2026,03:33:23,20.7,57.8,,,
06/03/2026,03:38:23,20.7,57.8,,,
06/03/2026,03:43:23,20.7,57.8,,,
06/03/2026,03:48:23,20.6,57.8,,,
06/03/2026,03:53:23,20.6,57.8,,,
06/03/2026,03:58:23,20.6,57.7,,,
06/03/2026,04:03:23,20.6,57.8,,,
06/03/2026,04:08:23,20.6,57.7,,,
06/03/2026,04:13:23,20.6,57.7,,,
06/03/2026,04:18:23,20.6,57.7,,,
06/03/2026,04:23:23,20.5,57.7,,,
06/03/2026,04:28:23,20.5,57.7,,,
06/03/2026,04:33:23,20.5,57.7,,,
06/03/2026,04:38:23,20.5,57.7,,,
06/03/2026,04:43:23,20.5,57.6,,,
06/03/2026,04:48:23,20.5,57.6,,,
06/03/2026,04:53:23,20.5,57.6,,,
06/03/2026,04:58:23,20.4,57.6,,,
06/03/2026,05:03:23,20.4,57.7,,,
06/03/2026,05:08:23,20.4,57.6,,,
06/03/2026,05:13:23,20.4,57.6,,,
06/03/2026,05:18:23,20.4,57.6,,,
06/03/2026,05:23:23,20.4,57.6,,,
06/03/2026,05:28:23,20.4,57.6,,,
06/03/2026,05:33:23,20.3,57.6,,,
06/03/2026,05:38:23,20.4,57.6,,,
06/03/2026,05:43:23,20.3,57.6,,,
06/03/2026,05:48:23,20.3,57.5,,,
06/03/2026,05:53:23,20.3,57.5,,,
06/03/2026,05:58:23,20.3,57.5,,,
06/03/2026,06:03:23,20.3,57.5,,,
06/03/2026,06:08:23,20.3,57.5,,,
06/03/2026,06:13:23,20.3,57.5,,,
06/03/2026,06:18:23,20.3,57.5,,,
06/03/2026,06:23:23,20.3,57.4,,,
06/03/2026,06:28:23,20.3,57.4,,,
06/03/2026,06:33:23,20.3,57.5,,,
06/03/2026,06:38:23,20.3,57.5,,,
06/03/2026,06:43:23,20.3,57.5,,,
06/03/2026,06:48:23,20.3,57.5,,,
06/03/2026,06:53:23,20.3,57.5,,,
06/03/2026,06:58:23,20.3,57.5,,,
06/03/2026,07:03:23,20.3,57.4,,,
06/03/2026,07:08:23,20.4,57.4,,,
06/03/2026,07:13:23,20.4,57.4,,,
06/03/2026,07:18:23,20.4,57.3,,,
06/03/2026,07:23:23,20.5,57.3,,,
06/03/2026,07:28:23,20.5,57.2,,,
06/03/2026,07:33:23,20.6,57.1,,,
06/03/2026,07:38:23,20.5,57,,,
06/03/2026,07:43:23,20.5,57.1,,,
06/03/2026,07:48:23,20.5,57,,,
06/03/2026,07:53:23,20.5,57,,,
06/03/2026,07:58:23,20.5,57,,,
06/03/2026,08:03:23,20.5,57,,,
06/03/2026,08:08:23,20.5,56.9,,,
06/03/2026,08:13:23,20.5,56.9,,,
06/03/2026,08:18:23,20.5,56.9,,,
06/03/2026,08:23:23,20.5,56.9,,,
06/03/2026,08:28:23,20.5,56.9,,,
06/03/2026,08:33:23,20.5,56.9,,,
06/03/2026,08:38:23,20.5,56.9,,,
06/03/2026,08:43:23,20.5,56.8,,,
06/03/2026,08:48:23,20.5,56.9,,,
06/03/2026,08:53:23,20.5,56.8,,,
06/03/2026,08:58:23,20.5,56.8,,,
06/03/2026,09:03:23,20.5,56.8,,,
06/03/2026,09:08:23,20.5,56.8,,,
06/03/2026,09:13:23,20.4,56.9,,,
06/03/2026,09:18:23,20.5,56.9,,,
06/03/2026,09:23:23,20.5,57,,,
06/03/2026,09:28:23,20.5,56.8,,,
06/03/2026,09:33:23,20.5,56.9,,,
06/03/2026,09:38:23,20.5,56.8,,,
06/03/2026,09:43:23,20.5,56.8,,,
06/03/2026,09:48:23,20.5,56.8,,,
06/03/2026,09:53:23,20.5,56.9,,,
06/03/2026,09:58:23,20.5,56.8,,,
06/03/2026,10:03:23,20.5,56.9,,,
06/03/2026,10:08:23,20.5,56.9,,,
06/03/2026,10:13:23,20.5,56.9,,,
06/03/2026,10:18:23,20.5,56.8,,,
06/03/2026,10:23:23,20.5,56.8,,,
06/03/2026,10:28:23,20.5,56.7,,,
06/03/2026,10:33:23,20.5,56.8,,,
06/03/2026,10:38:23,20.5,56.8,,,
06/03/2026,10:43:23,20.5,56.8,,,
06/03/2026,10:48:23,20.5,56.7,,,
06/03/2026,10:53:23,20.5,56.8,,,
06/03/2026,10:58:23,20.5,56.8,,,
06/03/2026,11:03:23,20.5,56.8,,,
06/03/2026,11:08:23,20.5,56.8,,,
06/03/2026,11:13:23,20.5,56.8,,,
06/03/2026,11:18:23,20.5,56.8,,,
06/03/2026,11:23:23,20.5,56.8,,,
06/03/2026,11:28:23,20.5,56.9,,,
06/03/2026,11:33:23,20.5,56.9,,,
06/03/2026,11:38:23,20.5,56.9,,,
06/03/2026,11:43:23,20.5,56.9,,,
06/03/2026,11:48:23,20.5,57,,,
06/03/2026,11:53:23,20.5,57,,,
06/03/2026,11:58:23,20.5,57.1,,,
06/03/2026,12:03:23,20.5,57.1,,,
06/03/2026,12:08:23,20.5,57.1,,,
06/03/2026,12:13:23,20.5,57.2,,,
06/03/2026,12:18:23,20.5,57.2,,,
06/03/2026,12:23:23,20.5,57.3,,,
06/03/2026,12:28:23,20.5,57.4,,,
06/03/2026,12:33:23,20.4,57.4,,,
06/03/2026,12:38:23,20.5,57.4,,,
06/03/2026,12:43:23,20.5,57.4,,,
06/03/2026,12:48:23,20.4,57.5,,,
06/03/2026,12:53:23,20.4,57.5,,,
06/03/2026,12:58:23,20.5,57.6,,,
06/03/2026,13:03:23,20.4,57.6,,,
06/03/2026,13:08:23,20.4,57.6,,,
06/03/2026,13:13:23,20.4,57.7,,,
06/03/2026,13:18:23,20.4,57.8,,,
06/03/2026,13:23:23,20.4,57.8,,,
06/03/2026,13:28:23,20.4,57.8,,,
06/03/2026,13:33:23,20.4,57.9,,,
06/03/2026,13:38:23,20.4,58,,,
06/03/2026,13:43:23,20.4,57.9,,,
06/03/2026,13:48:23,20.4,58.1,,,
06/03/2026,13:53:23,20.4,58.1,,,
06/03/2026,13:58:23,20.4,58.1,,,
06/03/2026,14:03:23,20.4,58.1,,,
06/03/2026,14:08:23,20.4,58.2,,,
06/03/2026,14:13:23,20.4,58.3,,,
06/03/2026,14:18:23,20.4,58.3,,,
06/03/2026,14:23:23,20.4,58.3,,,
06/03/2026,14:28:23,20.4,58.4,,,
06/03/2026,14:33:23,20.4,58.4,,,
06/03/2026,14:38:23,20.4,58.5,,,
06/03/2026,14:43:23,20.4,58.5,,,
06/03/2026,14:48:23,20.4,58.6,,,
06/03/2026,14:53:23,20.4,58.6,,,
06/03/2026,14:58:23,20.4,58.7,,,
06/03/2026,15:03:23,20.4,58.6,,,
06/03/2026,15:08:23,20.4,58.7,,,
06/03/2026,15:13:23,20.4,58.7,,,
06/03/2026,15:18:23,20.4,58.8,,,
06/03/2026,15:23:23,20.4,58.8,,,
06/03/2026,15:28:23,20.4,58.9,,,
06/03/2026,15:33:23,20.4,58.9,,,
06/03/2026,15:38:23,20.5,59,,,
06/03/2026,15:43:23,20.5,59,,,
06/03/2026,15:48:23,20.5,59.2,,,
06/03/2026,15:53:23,20.5,59.2,,,
06/03/2026,15:58:23,20.5,59.4,,,
06/03/2026,16:03:23,20.5,59.3,,,
06/03/2026,16:08:23,20.5,59.3,,,
06/03/2026,16:13:23,20.5,59.3,,,
06/03/2026,16:18:23,20.5,59.3,,,
06/03/2026,16:23:23,20.5,59.5,,,
06/03/2026,16:28:23,20.5,59.5,,,
06/03/2026,16:33:23,20.5,59.7,,,
06/03/2026,16:38:23,20.5,59.7,,,
06/03/2026,16:43:23,20.5,59.8,,,
06/03/2026,16:48:23,20.5,59.8,,,
06/03/2026,16:53:23,20.5,59.8,,,
06/03/2026,16:58:23,20.5,59.9,,,
06/03/2026,17:03:23,20.6,60.1,,,
06/03/2026,17:08:23,20.5,60,,,
06/03/2026,17:13:23,20.5,59.9,,,
06/03/2026,17:18:23,20.6,59.9,,,
06/03/2026,17:23:23,20.6,59.9,,,
06/03/2026,17:28:23,20.6,59.7,,,
06/03/2026,17:33:23,20.6,59.7,,,
06/03/2026,17:38:23,20.6,59.7,,,
06/03/2026,17:43:23,20.6,59.8,,,
06/03/2026,17:48:23,20.6,59.9,,,
06/03/2026,17:53:23,20.6,59.8,,,
06/03/2026,17:58:23,20.7,59.8,,,
06/03/2026,18:03:23,20.6,59.8,,,
06/03/2026,18:08:23,20.7,59.9,,,
06/03/2026,18:13:23,20.7,59.8,,,
06/03/2026,18:18:23,20.7,59.7,,,
06/03/2026,18:23:23,20.7,59.6,,,
06/03/2026,18:28:23,20.7,59.7,,,
06/03/2026,18:33:23,20.7,59.7,,,
06/03/2026,18:38:23,20.7,59.8,,,
06/03/2026,18:43:23,20.7,59.8,,,
06/03/2026,18:48:23,20.7,59.9,,,
06/03/2026,18:53:23,20.8,59.9,,,
06/03/2026,18:58:23,20.8,59.8,,,
06/03/2026,19:03:23,20.8,59.9,,,
06/03/2026,19:08:23,20.8,60.1,,,
06/03/2026,19:13:23,20.8,60.2,,,
06/03/2026,19:18:23,20.8,60.3,,,
06/03/2026,19:23:23,20.8,60.4,,,
06/03/2026,19:28:23,20.8,60.5,,,
06/03/2026,19:33:23,20.9,60.5,,,
06/03/2026,19:38:23,20.9,60.5,,,
06/03/2026,19:43:23,20.9,60.6,,,
06/03/2026,19:48:23,20.9,60.3,,,
06/03/2026,19:53:23,20.9,60.4,,,
06/03/2026,19:58:23,20.9,60.3,,,
06/03/2026,20:03:23,20.9,60.4,,,
06/03/2026,20:08:23,20.9,60.4,,,
06/03/2026,20:13:23,20.9,60.5,,,
06/03/2026,20:18:23,20.9,60.4,,,
06/03/2026,20:23:23,20.9,60.3,,,
06/03/2026,20:28:23,20.9,60.3,,,
06/03/2026,20:33:23,20.9,60.4,,,
06/03/2026,20:38:23,20.9,60.4,,,
06/03/2026,20:43:23,20.9,60.4,,,
06/03/2026,20:48:23,20.9,60.4,,,
06/03/2026,20:53:23,20.9,60.3,,,
06/03/2026,20:58:23,20.9,60.3,,,
06/03/2026,21:03:23,20.9,60.3,,,
06/03/2026,21:08:23,20.9,60.2,,,
06/03/2026,21:13:23,20.9,60.2,,,
06/03/2026,21:18:23,20.9,60.2,,,
06/03/2026,21:23:23,20.9,60.2,,,
06/03/2026,21:28:23,20.9,60.2,,,
06/03/2026,21:33:23,20.8,60.2,,,
06/03/2026,21:38:23,20.8,60.2,,,
06/03/2026,21:43:23,20.8,60.2,,,
06/03/2026,21:48:23,20.8,60.2,,,
06/03/2026,21:53:23,20.8,60.3,,,
06/03/2026,21:58:23,20.8,60.2,,,
06/03/2026,22:03:23,20.7,60.2,,,
06/03/2026,22:08:23,20.8,60.2,,,
06/03/2026,22:13:23,20.7,60.2,,,
06/03/2026,22:18:23,20.7,60.2,,,
06/03/2026,22:23:23,20.7,60.2,,,
06/03/2026,22:28:23,20.7,60.2,,,
06/03/2026,22:33:23,20.7,60.1,,,
06/03/2026,22:38:23,20.7,60.1,,,
06/03/2026,22:43:23,20.7,60.1,,,
06/03/2026,22:48:23,20.6,60,,,
06/03/2026,22:53:23,20.6,60,,,
06/03/2026,22:58:23,20.6,60,,,
06/03/2026,23:03:23,20.6,59.9,,,
06/03/2026,23:08:23,20.6,59.9,,,
06/03/2026,23:13:23,20.5,59.8,,,
06/03/2026,23:18:23,20.5,59.8,,,
06/03/2026,23:23:23,20.5,59.8,,,
06/03/2026,23:28:23,20.5,59.8,,,
06/03/2026,23:33:23,20.5,59.8,,,
06/03/2026,23:38:23,20.5,59.7,,,
06/03/2026,23:43:23,20.4,59.7,,,
06/03/2026,23:48:23,20.4,59.7,,,
06/03/2026,23:53:23,20.4,59.7,,,
06/03/2026,23:58:23,20.4,59.7,,,
06/04/2026,00:03:23,20.4,59.7,,,
06/04/2026,00:08:23,20.4,59.7,,,
06/04/2026,00:13:23,20.3,59.7,,,
06/04/2026,00:18:23,20.3,59.7,,,
06/04/2026,00:23:23,20.3,59.7,,,
06/04/2026,00:28:23,20.3,59.6,,,
06/04/2026,00:33:23,20.3,59.6,,,
06/04/2026,00:38:23,20.3,59.6,,,
06/04/2026,00:43:23,20.3,59.5,,,
06/04/2026,00:48:23,20.2,59.5,,,
06/04/2026,00:53:23,20.2,59.5,,,
06/04/2026,00:58:23,20.2,59.5,,,
06/04/2026,01:03:23,20.2,59.5,,,
06/04/2026,01:08:23,20.2,59.5,,,
06/04/2026,01:13:23,20.2,59.5,,,
06/04/2026,01:18:23,20.1,59.4,,,
06/04/2026,01:23:23,20.1,59.4,,,
06/04/2026,01:28:23,20.1,59.4,,,
06/04/2026,01:33:23,20.1,59.4,,,
06/04/2026,01:38:23,20.1,59.4,,,
06/04/2026,01:43:23,20.1,59.3,,,
06/04/2026,01:48:23,20.1,59.3,,,
06/04/2026,01:53:23,20,59.3,,,
06/04/2026,01:58:23,20,59.3,,,
06/04/2026,02:03:23,20,59.2,,,
06/04/2026,02:08:23,20,59.2,,,
06/04/2026,02:13:23,20,59.2,,,
06/04/2026,02:18:23,20,59.2,,,
06/04/2026,02:23:23,20,59.1,,,
06/04/2026,02:28:23,20,59.1,,,
06/04/2026,02:33:23,19.9,59.1,,,
06/04/2026,02:38:23,19.9,59.1,,,
06/04/2026,02:43:23,19.9,59.1,,,
06/04/2026,02:48:23,19.9,59.1,,,
06/04/2026,02:53:23,19.9,59.1,,,
06/04/2026,02:58:23,19.9,59.1,,,
06/04/2026,03:03:23,19.9,59,,,
06/04/2026,03:08:23,19.9,59.1,,,
06/04/2026,03:13:23,19.9,59,,,
06/04/2026,03:18:23,19.8,59,,,
06/04/2026,03:23:23,19.8,59,,,
06/04/2026,03:28:23,19.8,58.9,,,
06/04/2026,03:33:23,19.8,59,,,
06/04/2026,03:38:23,19.8,59,,,
06/04/2026,03:43:23,19.8,58.9,,,
06/04/2026,03:48:23,19.8,58.9,,,
06/04/2026,03:53:23,19.8,58.9,,,
06/04/2026,03:58:23,19.7,58.8,,,
06/04/2026,04:03:23,19.7,58.8,,,
06/04/2026,04:08:23,19.7,58.8,,,
06/04/2026,04:13:23,19.7,58.8,,,
06/04/2026,04:18:23,19.7,58.8,,,
06/04/2026,04:23:23,19.7,58.8,,,
06/04/2026,04:28:23,19.7,58.7,,,
06/04/2026,04:33:23,19.7,58.7,,,
06/04/2026,04:38:23,19.7,58.7,,,
06/04/2026,04:43:23,19.7,58.7,,,
06/04/2026,04:48:23,19.7,58.7,,,
06/04/2026,04:53:23,19.6,58.7,,,
06/04/2026,04:58:23,19.6,58.7,,,
06/04/2026,05:03:23,19.6,58.7,,,
06/04/2026,05:08:23,19.6,58.7,,,
06/04/2026,05:13:23,19.6,58.6,,,
06/04/2026,05:18:23,19.6,58.7,,,
06/04/2026,05:23:23,19.6,58.7,,,
06/04/2026,05:28:23,19.6,58.6,,,
06/04/2026,05:33:23,19.6,58.7,,,
06/04/2026,05:38:23,19.6,58.6,,,
06/04/2026,05:43:23,19.6,58.6,,,
06/04/2026,05:48:23,19.5,58.6,,,
06/04/2026,05:53:23,19.6,58.6,,,
06/04/2026,05:58:23,19.5,58.6,,,
06/04/2026,06:03:23,19.5,58.6,,,
06/04/2026,06:08:23,19.5,58.5,,,
06/04/2026,06:13:23,19.5,58.5,,,
06/04/2026,06:18:23,19.5,58.5,,,
06/04/2026,06:23:23,19.5,58.5,,,
06/04/2026,06:28:23,19.5,58.5,,,
06/04/2026,06:33:23,19.5,58.4,,,
06/04/2026,06:38:23,19.5,58.5,,,
06/04/2026,06:43:23,19.5,58.5,,,
06/04/2026,06:48:23,19.5,58.4,,,
06/04/2026,06:53:23,19.5,58.5,,,
06/04/2026,06:58:23,19.5,58.5,,,
06/04/2026,07:03:23,19.5,58.5,,,
06/04/2026,07:08:23,19.6,58.4,,,
06/04/2026,07:13:23,19.6,58.4,,,
06/04/2026,07:18:23,19.6,58.4,,,
06/04/2026,07:23:23,19.7,58.4,,,
06/04/2026,07:28:23,19.8,58.2,,,
06/04/2026,07:33:23,19.9,58,,,
06/04/2026,07:38:23,19.9,57.8,,,
06/04/2026,07:43:23,19.9,57.7,,,
06/04/2026,07:48:23,19.9,57.6,,,
06/04/2026,07:53:23,19.8,57.6,,,
06/04/2026,07:58:23,19.8,57.6,,,
06/04/2026,08:03:23,19.8,57.7,,,
06/04/2026,08:08:23,19.8,57.6,,,
06/04/2026,08:13:23,19.8,57.7,,,
06/04/2026,08:18:23,19.8,57.7,,,
06/04/2026,08:23:23,19.7,57.7,,,
06/04/2026,08:28:23,19.8,57.6,,,
06/04/2026,08:33:23,19.7,57.6,,,
06/04/2026,08:38:23,19.7,57.7,,,
06/04/2026,08:43:23,19.7,57.7,,,
06/04/2026,08:48:23,19.7,57.7,,,
06/04/2026,08:53:23,19.7,57.7,,,
06/04/2026,08:58:23,19.7,57.7,,,
06/04/2026,09:03:23,19.7,57.7,,,
06/04/2026,09:08:23,19.7,57.7,,,
06/04/2026,09:13:23,19.7,57.8,,,
06/04/2026,09:18:23,19.7,57.7,,,
06/04/2026,09:23:23,19.7,57.7,,,
06/04/2026,09:28:23,19.7,57.7,,,
06/04/2026,09:33:23,19.7,57.7,,,
06/04/2026,09:38:23,19.7,57.7,,,
06/04/2026,09:43:23,19.7,57.7,,,
06/04/2026,09:48:23,19.7,57.7,,,
06/04/2026,09:53:23,19.7,57.6,,,
06/04/2026,09:58:23,19.7,57.7,,,
06/04/2026,10:03:23,19.7,57.6,,,
06/04/2026,10:08:23,19.7,57.7,,,
06/04/2026,10:13:23,19.7,57.6,,,
06/04/2026,10:18:23,19.7,57.6,,,
06/04/2026,10:23:23,19.7,57.6,,,
06/04/2026,10:28:23,19.7,57.6,,,
06/04/2026,10:33:23,19.7,57.6,,,
06/04/2026,10:38:23,19.7,57.5,,,
06/04/2026,10:43:23,19.7,57.6,,,
06/04/2026,10:48:23,19.7,57.5,,,
06/04/2026,10:53:23,19.7,57.5,,,
06/04/2026,10:58:23,19.7,57.5,,,
06/04/2026,11:03:23,19.7,57.5,,,
06/04/2026,11:08:23,19.7,57.7,,,
06/04/2026,11:13:23,19.7,57.7,,,
06/04/2026,11:18:23,19.8,57.8,,,
06/04/2026,11:23:23,19.7,57.8,,,
06/04/2026,11:28:23,19.7,57.9,,,
06/04/2026,11:33:23,19.8,57.9,,,
06/04/2026,11:38:23,19.8,57.9,,,
06/04/2026,11:43:23,19.8,58,,,
06/04/2026,11:48:23,19.8,58,,,
06/04/2026,11:53:23,19.8,58,,,
06/04/2026,11:58:23,19.8,58.1,,,
06/04/2026,12:03:23,19.8,58.1,,,
06/04/2026,12:08:23,19.8,58.1,,,
06/04/2026,12:13:23,19.8,58.2,,,
06/04/2026,12:18:23,19.8,58.2,,,
06/04/2026,12:23:23,19.8,58.1,,,
06/04/2026,12:28:23,19.8,58.2,,,
06/04/2026,12:33:23,19.8,58.1,,,
06/04/2026,12:38:23,19.8,58.2,,,
06/04/2026,12:43:23,19.8,58.3,,,
06/04/2026,12:48:23,19.8,58.3,,,
06/04/2026,12:53:23,19.8,58.4,,,
06/04/2026,12:58:23,19.8,58.5,,,
06/04/2026,13:03:23,19.8,58.6,,,
06/04/2026,13:08:23,19.8,58.6,,,
06/04/2026,13:13:23,19.8,58.6,,,
06/04/2026,13:18:23,19.8,58.5,,,
06/04/2026,13:23:23,19.8,58.6,,,
06/04/2026,13:28:23,19.8,58.5,,,
06/04/2026,13:33:23,19.8,58.6,,,
06/04/2026,13:38:23,19.8,58.6,,,
06/04/2026,13:43:23,19.8,58.6,,,
06/04/2026,13:48:23,19.9,58.6,,,
06/04/2026,13:53:23,19.9,58.6,,,
06/04/2026,13:58:23,19.9,58.5,,,
06/04/2026,14:03:23,19.9,58.6,,,
06/04/2026,14:08:23,19.9,58.6,,,
06/04/2026,14:13:23,19.9,58.5,,,
06/04/2026,14:18:23,19.9,58.5,,,
06/04/2026,14:23:23,19.9,58.6,,,
06/04/2026,14:28:23,19.9,58.6,,,
06/04/2026,14:33:23,19.9,58.6,,,
06/04/2026,14:38:23,20,58.7,,,
06/04/2026,14:43:23,19.9,58.7,,,
06/04/2026,14:48:23,20,58.7,,,
06/04/2026,14:53:23,20,58.7,,,
06/04/2026,14:58:23,20,58.7,,,
06/04/2026,15:03:23,20,58.8,,,
06/04/2026,15:08:23,20,58.8,,,
06/04/2026,15:13:23,20,58.6,,,
06/04/2026,15:18:23,20,58.7,,,
06/04/2026,15:23:23,20,58.7,,,
06/04/2026,15:28:23,20,58.8,,,
06/04/2026,15:33:23,20.1,58.7,,,
06/04/2026,15:38:23,20,58.6,,,
06/04/2026,15:43:23,20.1,58.5,,,
06/04/2026,15:48:23,20.1,58.6,,,
06/04/2026,15:53:23,20.1,58.7,,,
06/04/2026,15:58:23,20.1,58.6,,,
06/04/2026,16:03:23,20.1,58.7,,,
06/04/2026,16:08:23,20.2,58.6,,,
06/04/2026,16:13:23,20.2,58.6,,,
06/04/2026,16:18:23,20.2,58.6,,,
06/04/2026,16:23:23,20.2,58.6,,,
06/04/2026,16:28:23,20.2,58.7,,,
06/04/2026,16:33:23,20.2,58.6,,,
06/04/2026,16:38:23,20.2,58.6,,,
06/04/2026,16:43:23,20.3,58.6,,,
06/04/2026,16:48:23,20.3,58.7,,,
06/04/2026,16:53:23,20.3,58.7,,,
06/04/2026,16:58:23,20.3,58.6,,,
06/04/2026,17:03:23,20.3,58.6,,,
06/04/2026,17:08:23,20.3,58.5,,,
06/04/2026,17:13:23,20.4,58.5,,,
06/04/2026,17:18:23,20.4,58.5,,,
06/04/2026,17:23:23,20.4,58.4,,,
06/04/2026,17:28:23,20.4,58.4,,,
06/04/2026,17:33:23,20.4,58.4,,,
06/04/2026,17:38:23,20.4,58.4,,,
06/04/2026,17:43:23,20.4,58.4,,,
06/04/2026,17:48:23,20.4,58.4,,,
06/04/2026,17:53:23,20.4,58.3,,,
06/04/2026,17:58:23,20.4,58.3,,,
06/04/2026,18:03:23,20.5,58.2,,,
06/04/2026,18:08:23,20.5,58.2,,,
06/04/2026,18:13:23,20.5,58.3,,,
06/04/2026,18:18:23,20.5,58.4,,,
06/04/2026,18:23:23,20.5,58.3,,,
06/04/2026,18:28:23,20.5,58.4,,,
06/04/2026,18:33:23,20.5,58.3,,,
06/04/2026,18:38:23,20.6,58.3,,,
06/04/2026,18:43:23,20.5,58.4,,,
06/04/2026,18:48:23,20.6,58.5,,,
06/04/2026,18:53:23,20.6,58.5,,,
06/04/2026,18:58:23,20.6,58.6,,,
06/04/2026,19:03:23,20.6,58.6,,,
06/04/2026,19:08:23,20.6,58.8,,,
06/04/2026,19:13:23,20.7,58.8,,,
06/04/2026,19:18:23,20.7,58.8,,,
06/04/2026,19:23:23,20.7,59,,,
06/04/2026,19:28:23,20.8,59.2,,,
06/04/2026,19:33:23,20.8,59.3,,,
06/04/2026,19:38:23,20.8,59.4,,,
06/04/2026,19:43:23,20.8,59.4,,,
06/04/2026,19:48:23,20.9,59.5,,,
06/04/2026,19:53:23,20.9,59.6,,,
06/04/2026,19:58:23,20.9,59.5,,,
06/04/2026,20:03:23,20.9,59.6,,,
06/04/2026,20:08:23,21,59.7,,,
06/04/2026,20:13:23,21,59.4,,,
06/04/2026,20:18:23,21.1,59.5,,,
06/04/2026,20:23:23,21.1,59.3,,,
06/04/2026,20:28:23,21.1,59.2,,,
06/04/2026,20:33:23,21.1,59.1,,,
06/04/2026,20:38:23,21.1,59,,,
06/04/2026,20:43:23,21.1,58.8,,,
06/04/2026,20:48:23,21,58.8,,,
06/04/2026,20:53:23,21,58.7,,,
06/04/2026,20:58:23,21,58.6,,,
06/04/2026,21:03:23,21,58.6,,,
06/04/2026,21:08:23,21,58.6,,,
06/04/2026,21:13:23,21,58.6,,,
06/04/2026,21:18:23,21,58.5,,,
06/04/2026,21:23:23,20.9,58.5,,,
06/04/2026,21:28:23,20.9,58.5,,,
06/04/2026,21:33:23,20.9,58.5,,,
06/04/2026,21:38:23,20.9,58.4,,,
06/04/2026,21:43:23,20.9,58.4,,,
06/04/2026,21:48:23,20.8,58.4,,,
06/04/2026,21:53:23,20.8,58.4,,,
06/04/2026,21:58:23,20.8,58.4,,,
06/04/2026,22:03:23,20.8,58.4,,,
06/04/2026,22:08:23,20.7,58.4,,,
06/04/2026,22:13:23,20.7,58.4,,,
06/04/2026,22:18:23,20.7,58.4,,,
06/04/2026,22:23:23,20.7,58.4,,,
06/04/2026,22:28:23,20.6,58.4,,,
06/04/2026,22:33:23,20.6,58.4,,,
06/04/2026,22:38:23,20.6,58.4,,,
06/04/2026,22:43:23,20.5,58.4,,,
06/04/2026,22:48:23,20.5,58.4,,,
06/04/2026,22:53:23,20.5,58.4,,,
06/04/2026,22:58:23,20.5,58.4,,,
06/04/2026,23:03:23,20.4,58.4,,,
06/04/2026,23:08:23,20.4,58.5,,,
06/04/2026,23:13:23,20.4,58.4,,,
06/04/2026,23:18:23,20.3,58.4,,,
06/04/2026,23:23:23,20.3,58.5,,,
06/04/2026,23:28:23,20.3,58.5,,,
06/04/2026,23:33:23,20.3,58.5,,,
06/04/2026,23:38:23,20.3,58.5,,,
06/04/2026,23:43:23,20.3,58.5,,,
06/04/2026,23:48:23,20.2,58.5,,,
06/04/2026,23:53:23,20.2,58.5,,,
06/04/2026,23:58:23,20.2,58.5,,,
06/05/2026,00:03:23,20.1,58.5,,,
06/05/2026,00:08:23,20.1,58.5,,,
06/05/2026,00:13:23,20.1,58.5,,,
06/05/2026,00:18:23,20.1,58.5,,,
06/05/2026,00:23:23,20.1,58.5,,,
06/05/2026,00:28:23,20,58.5,,,
06/05/2026,00:33:23,20,58.5,,,
06/05/2026,00:38:23,20,58.5,,,
06/05/2026,00:43:23,20,58.5,,,
06/05/2026,00:48:23,20,58.5,,,
06/05/2026,00:53:23,19.9,58.5,,,
06/05/2026,00:58:23,19.9,58.4,,,
06/05/2026,01:03:23,19.9,58.5,,,
06/05/2026,01:08:23,19.8,58.4,,,
06/05/2026,01:13:23,19.8,58.5,,,
06/05/2026,01:18:23,19.8,58.4,,,
06/05/2026,01:23:23,19.8,58.4,,,
06/05/2026,01:28:23,19.8,58.4,,,
06/05/2026,01:33:23,19.7,58.4,,,
06/05/2026,01:38:23,19.7,58.4,,,
06/05/2026,01:43:23,19.7,58.3,,,
06/05/2026,01:48:23,19.7,58.4,,,
06/05/2026,01:53:23,19.7,58.3,,,
06/05/2026,01:58:23,19.6,58.3,,,
06/05/2026,02:03:23,19.6,58.3,,,
06/05/2026,02:08:23,19.6,58.3,,,
06/05/2026,02:13:23,19.6,58.3,,,
06/05/2026,02:18:23,19.5,58.3,,,
06/05/2026,02:23:23,19.5,58.3,,,
06/05/2026,02:28:23,19.5,58.3,,,
06/05/2026,02:33:23,19.5,58.3,,,
06/05/2026,02:38:23,19.5,58.3,,,
06/05/2026,02:43:23,19.5,58.3,,,
06/05/2026,02:48:23,19.5,58.4,,,
06/05/2026,02:53:23,19.4,58.3,,,
06/05/2026,02:58:23,19.4,58.3,,,
06/05/2026,03:03:23,19.4,58.3,,,
06/05/2026,03:08:23,19.4,58.3,,,
06/05/2026,03:13:23,19.3,58.3,,,
06/05/2026,03:18:23,19.4,58.3,,,
06/05/2026,03:23:23,19.4,58.3,,,
06/05/2026,03:28:23,19.3,58.3,,,
06/05/2026,03:33:23,19.3,58.3,,,
06/05/2026,03:38:23,19.3,58.3,,,
06/05/2026,03:43:23,19.2,58.3,,,
06/05/2026,03:48:23,19.2,58.4,,,
06/05/2026,03:53:23,19.2,58.4,,,
06/05/2026,03:58:23,19.2,58.3,,,
06/05/2026,04:03:23,19.2,58.3,,,
06/05/2026,04:08:23,19.2,58.4,,,
06/05/2026,04:13:23,19.1,58.4,,,
06/05/2026,04:18:23,19.2,58.3,,,
06/05/2026,04:23:23,19.1,58.4,,,
06/05/2026,04:28:23,19.1,58.3,,,
06/05/2026,04:33:23,19.1,58.3,,,
06/05/2026,04:38:23,19.1,58.3,,,
06/05/2026,04:43:23,19,58.3,,,
06/05/2026,04:48:23,19,58.3,,,
06/05/2026,04:53:23,19,58.3,,,
06/05/2026,04:58:23,19,58.3,,,
06/05/2026,05:03:23,19,58.3,,,
06/05/2026,05:08:23,19,58.3,,,
06/05/2026,05:13:23,19,58.3,,,
06/05/2026,05:18:23,19,58.3,,,
06/05/2026,05:23:23,18.9,58.3,,,
06/05/2026,05:28:23,19,58.2,,,
06/05/2026,05:33:23,18.9,58.3,,,
06/05/2026,05:38:23,18.9,58.3,,,
06/05/2026,05:43:23,18.9,58.3,,,
06/05/2026,05:48:23,18.9,58.3,,,
06/05/2026,05:53:23,18.9,58.3,,,
06/05/2026,05:58:23,18.9,58.3,,,
06/05/2026,06:03:23,18.8,58.4,,,
06/05/2026,06:08:23,18.8,58.3,,,
06/05/2026,06:13:23,18.8,58.4,,,
06/05/2026,06:18:23,18.8,58.4,,,
06/05/2026,06:23:23,18.8,58.4,,,
06/05/2026,06:28:23,18.8,58.4,,,
06/05/2026,06:33:23,18.8,58.4,,,
06/05/2026,06:38:23,18.8,58.4,,,
06/05/2026,06:43:23,18.8,58.5,,,
06/05/2026,06:48:23,18.9,58.5,,,
06/05/2026,06:53:23,18.9,58.5,,,
06/05/2026,06:58:23,18.8,58.5,,,
06/05/2026,07:03:23,18.9,58.6,,,
06/05/2026,07:08:23,18.9,58.6,,,
06/05/2026,07:13:23,19,58.5,,,
06/05/2026,07:18:23,19.1,58.4,,,
06/05/2026,07:23:23,19.2,58.3,,,
06/05/2026,07:28:23,19.3,58.1,,,
06/05/2026,07:33:23,19.4,57.8,,,
06/05/2026,07:38:23,19.4,57.7,,,
06/05/2026,07:43:23,19.4,57.7,,,
06/05/2026,07:48:23,19.4,57.5,,,
06/05/2026,07:53:23,19.4,57.5,,,
06/05/2026,07:58:23,19.5,57.5,,,
06/05/2026,08:03:23,19.5,57.4,,,
06/05/2026,08:08:23,19.5,57.3,,,
06/05/2026,08:13:23,19.4,57.3,,,
06/05/2026,08:18:23,19.4,57.2,,,
06/05/2026,08:23:23,19.4,57.2,,,
06/05/2026,08:28:23,19.4,57.1,,,
06/05/2026,08:33:23,19.4,57.1,,,
06/05/2026,08:38:23,19.4,57.1,,,
06/05/2026,08:43:23,19.4,57.1,,,
06/05/2026,08:48:23,19.4,57.1,,,
06/05/2026,08:53:23,19.4,57,,,
06/05/2026,08:58:23,19.4,57,,,
06/05/2026,09:03:23,19.4,57,,,
06/05/2026,09:08:23,19.4,57.1,,,
06/05/2026,09:13:23,19.4,57.1,,,
06/05/2026,09:18:23,19.4,57.1,,,
06/05/2026,09:23:23,19.3,56.9,,,
06/05/2026,09:28:23,19.4,56.9,,,
06/05/2026,09:33:23,19.3,56.7,,,
06/05/2026,09:38:23,19.3,56.7,,,
06/05/2026,09:43:23,19.3,56.7,,,
06/05/2026,09:48:23,19.3,56.6,,,
06/05/2026,09:53:23,19.3,56.6,,,
06/05/2026,09:58:23,19.3,56.5,,,
06/05/2026,10:03:23,19.3,56.4,,,
06/05/2026,10:08:23,19.3,56,,,
06/05/2026,10:13:23,19.3,56,,,
06/05/2026,10:18:23,19.3,56,,,
06/05/2026,10:23:23,19.3,55.9,,,
06/05/2026,10:28:23,19.3,55.8,,,
06/05/2026,10:33:23,19.3,55.7,,,
06/05/2026,10:38:23,19.3,55.6,,,
06/05/2026,10:43:23,19.3,55.5,,,
06/05/2026,10:48:23,19.3,55.4,,,
06/05/2026,10:53:23,19.4,55.3,,,
06/05/2026,10:58:23,19.3,55.3,,,
06/05/2026,11:03:23,19.3,55.1,,,
06/05/2026,11:08:23,19.4,55.1,,,
06/05/2026,11:13:23,19.4,55,,,
06/05/2026,11:18:23,19.4,54.8,,,
06/05/2026,11:23:23,19.4,54.9,,,
06/05/2026,11:28:23,19.4,54.8,,,
06/05/2026,11:33:23,19.4,54.8,,,
06/05/2026,11:38:23,19.4,54.6,,,
06/05/2026,11:43:23,19.4,54.7,,,
06/05/2026,11:48:23,19.4,54.6,,,
06/05/2026,11:53:23,19.4,53.9,,,
06/05/2026,11:58:23,19.4,53.7,,,
06/05/2026,12:03:23,19.4,53.5,,,
06/05/2026,12:08:23,19.4,53.8,,,
06/05/2026,12:13:23,19.5,53.8,,,
06/05/2026,12:18:23,19.6,53.7,,,
06/05/2026,12:23:23,19.7,53.6,,,
06/05/2026,12:28:23,19.8,53.6,,,
06/05/2026,12:33:23,19.9,52.8,,,
06/05/2026,12:38:23,20,52.9,,,
06/05/2026,12:43:23,20,52.2,,,
06/05/2026,12:48:23,20.1,51.8,,,
06/05/2026,12:53:23,20.2,52.1,,,
06/05/2026,12:58:23,20.3,51.8,,,
06/05/2026,13:03:23,20.4,51.9,,,
06/05/2026,13:08:23,20.6,51.4,,,
06/05/2026,13:13:23,20.6,51.4,,,
06/05/2026,13:18:23,20.7,50.5,,,
06/05/2026,13:23:23,20.8,50.2,,,
06/05/2026,13:28:23,20.9,49.6,,,
06/05/2026,13:33:23,20.9,48.9,,,
06/05/2026,13:38:23,21,48.8,,,
06/05/2026,13:43:23,21.1,48.9,,,
06/05/2026,13:48:23,21.1,48.7,,,
06/05/2026,13:53:23,21.2,48.3,,,
06/05/2026,13:58:23,21.2,48.1,,,
06/05/2026,14:03:23,21.3,47.9,,,
06/05/2026,14:08:23,21.3,47.6,,,
06/05/2026,14:13:23,21.4,47.4,,,
06/05/2026,14:18:23,21.4,47.4,,,
06/05/2026,14:23:23,21.4,47.6,,,
06/05/2026,14:28:23,21.4,47.1,,,
06/05/2026,14:33:23,21.4,45.8,,,
06/05/2026,14:38:23,21.4,46.2,,,
06/05/2026,14:43:23,21.4,45.9,,,
06/05/2026,14:48:23,21.3,46.8,,,
06/05/2026,14:53:23,21.3,47.1,,,
06/05/2026,14:58:23,21.3,46.6,,,
06/05/2026,15:03:23,21.3,46.5,,,
06/05/2026,15:08:23,21.3,47,,,
06/05/2026,15:13:23,21.3,47,,,
06/05/2026,15:18:23,21.3,47.1,,,
06/05/2026,15:23:23,21.3,47,,,
06/05/2026,15:28:23,21.2,47.1,,,
06/05/2026,15:33:23,21.2,47,,,
06/05/2026,15:38:23,21.2,46.8,,,
06/05/2026,15:43:23,21.2,47.1,,,
06/05/2026,15:48:23,21.2,46.8,,,
06/05/2026,15:53:23,21.2,46.1,,,
06/05/2026,15:58:23,21.2,45.9,,,
06/05/2026,16:03:23,21.2,45.9,,,
06/05/2026,16:08:23,21.1,45.7,,,
06/05/2026,16:13:23,21.1,45.8,,,
06/05/2026,16:18:23,21.1,45.8,,,
06/05/2026,16:23:23,21.1,46.1,,,
06/05/2026,16:28:23,21.1,46.1,,,
06/05/2026,16:33:23,21.1,45.8,,,
06/05/2026,16:38:23,21.1,46.1,,,
06/05/2026,16:43:23,21.1,45.7,,,
06/05/2026,16:48:23,21,45.8,,,
06/05/2026,16:53:23,21,45.6,,,
06/05/2026,16:58:23,21,45.6,,,
06/05/2026,17:03:23,21,45.6,,,
06/05/2026,17:08:23,21,45.6,,,
06/05/2026,17:13:23,21,45.7,,,
06/05/2026,17:18:23,20.9,45.8,,,
06/05/2026,17:23:23,21,45.9,,,
06/05/2026,17:28:23,20.9,45.8,,,
06/05/2026,17:33:23,20.9,45.9,,,
06/05/2026,17:38:23,20.9,46,,,
06/05/2026,17:43:23,20.9,46.1,,,
06/05/2026,17:48:23,20.9,46.1,,,
06/05/2026,17:53:23,20.9,46.2,,,
06/05/2026,17:58:23,20.9,46.2,,,
06/05/2026,18:03:23,20.9,46.2,,,
06/05/2026,18:08:23,20.9,46.3,,,
06/05/2026,18:13:23,20.9,46.3,,,
06/05/2026,18:18:23,20.8,46.2,,,
06/05/2026,18:23:23,20.8,46.3,,,
06/05/2026,18:28:23,20.8,46.3,,,
06/05/2026,18:33:23,20.8,46.3,,,
06/05/2026,18:38:23,20.8,46.4,,,
06/05/2026,18:43:23,20.8,46.5,,,
06/05/2026,18:48:23,20.7,46.7,,,
06/05/2026,18:53:23,20.7,46.8,,,
06/05/2026,18:58:23,20.8,47,,,
06/05/2026,19:03:23,20.7,47.1,,,
06/05/2026,19:08:23,20.8,47.3,,,
06/05/2026,19:13:23,20.8,47.5,,,
06/05/2026,19:18:23,20.8,47.7,,,
06/05/2026,19:23:23,20.8,47.8,,,
06/05/2026,19:28:23,20.8,47.8,,,
06/05/2026,19:33:23,20.8,47.8,,,
06/05/2026,19:38:23,20.8,47.7,,,
06/05/2026,19:43:23,20.8,48,,,
06/05/2026,19:48:23,20.8,48.1,,,
06/05/2026,19:53:23,20.8,48,,,
06/05/2026,19:58:23,20.8,47.9,,,
06/05/2026,20:03:23,20.8,47.8,,,
06/05/2026,20:08:23,20.8,47.7,,,
06/05/2026,20:13:23,20.8,47.7,,,
06/05/2026,20:18:23,20.8,47.7,,,
06/05/2026,20:23:23,20.8,47.6,,,
06/05/2026,20:28:23,20.7,47.6,,,
06/05/2026,20:33:23,20.7,47.5,,,
06/05/2026,20:38:23,20.7,47.5,,,
06/05/2026,20:43:23,20.7,47.5,,,
06/05/2026,20:48:23,20.6,47.5,,,
06/05/2026,20:53:23,20.6,47.5,,,
06/05/2026,20:58:23,20.6,47.5,,,
06/05/2026,21:03:23,20.6,47.6,,,
06/05/2026,21:08:23,20.5,47.7,,,
06/05/2026,21:13:23,20.5,47.6,,,
06/05/2026,21:18:23,20.5,47.6,,,
06/05/2026,21:23:23,20.5,47.6,,,
06/05/2026,21:28:23,20.5,47.5,,,
06/05/2026,21:33:23,20.5,47.5,,,
06/05/2026,21:38:23,20.5,47.5,,,
06/05/2026,21:43:23,20.5,47.4,,,
06/05/2026,21:48:23,20.5,47.4,,,
06/05/2026,21:53:23,20.5,47.4,,,
06/05/2026,21:58:23,20.5,47.4,,,
06/05/2026,22:03:23,20.5,47.3,,,
06/05/2026,22:08:23,20.5,47.3,,,
06/05/2026,22:13:23,20.5,47.3,,,
06/05/2026,22:18:23,20.5,47.2,,,
06/05/2026,22:23:23,20.5,47.1,,,
06/05/2026,22:28:23,20.5,47,,,
06/05/2026,22:33:23,20.5,46.9,,,
06/05/2026,22:38:23,20.5,46.9,,,
06/05/2026,22:43:23,20.4,46.9,,,
06/05/2026,22:48:23,20.4,47.2,,,
06/05/2026,22:53:23,20.5,47.4,,,
06/05/2026,22:58:23,20.6,47.5,,,
06/05/2026,23:03:23,20.6,47.6,,,
06/05/2026,23:08:23,20.7,47.6,,,
06/05/2026,23:13:23,20.6,47.7,,,
06/05/2026,23:18:23,20.7,47.8,,,
06/05/2026,23:23:23,20.7,47.8,,,
06/05/2026,23:28:23,20.6,47.7,,,
06/05/2026,23:33:23,20.6,47.8,,,
06/05/2026,23:38:23,20.6,47.9,,,
06/05/2026,23:43:23,20.6,48,,,
06/05/2026,23:48:23,20.6,47.9,,,
06/05/2026,23:53:23,20.6,48.1,,,
06/05/2026,23:58:23,20.5,48.2,,,
06/06/2026,00:03:23,20.5,48.3,,,
06/06/2026,00:08:23,20.5,48.4,,,
06/06/2026,00:13:23,20.5,48.4,,,
06/06/2026,00:18:23,20.5,48.5,,,
06/06/2026,00:23:23,20.5,48.5,,,
06/06/2026,00:28:23,20.4,48.6,,,
06/06/2026,00:33:23,20.5,48.7,,,
06/06/2026,00:38:23,20.4,48.7,,,
06/06/2026,00:43:23,20.4,48.8,,,
06/06/2026,00:48:23,20.4,48.8,,,
06/06/2026,00:53:23,20.4,48.9,,,
06/06/2026,00:58:23,20.3,48.9,,,
06/06/2026,01:03:23,20.3,49,,,
06/06/2026,01:08:23,20.3,49,,,
06/06/2026,01:13:23,20.3,49.1,,,
06/06/2026,01:18:23,20.3,49.1,,,
06/06/2026,01:23:23,20.3,49.1,,,
06/06/2026,01:28:23,20.3,49.1,,,
06/06/2026,01:33:23,20.2,49.2,,,
06/06/2026,01:38:23,20.2,49.2,,,
06/06/2026,01:43:23,20.2,49.2,,,
06/06/2026,01:48:23,20.2,49.3,,,
06/06/2026,01:53:23,20.2,49.3,,,
06/06/2026,01:58:23,20.2,49.3,,,
06/06/2026,02:03:23,20.1,49.4,,,
06/06/2026,02:08:23,20.1,49.3,,,
06/06/2026,02:13:23,20.1,49.4,,,
06/06/2026,02:18:23,20.1,49.4,,,
06/06/2026,02:23:23,20.1,49.4,,,
06/06/2026,02:28:23,20.1,49.5,,,
06/06/2026,02:33:23,20.1,49.5,,,
06/06/2026,02:38:23,20.1,49.5,,,
06/06/2026,02:43:23,20,49.5,,,
06/06/2026,02:48:23,20,49.6,,,
06/06/2026,02:53:23,20,49.7,,,
06/06/2026,02:58:23,20,49.7,,,
06/06/2026,03:03:23,20,49.7,,,
06/06/2026,03:08:23,20,49.7,,,
06/06/2026,03:13:23,20,49.7,,,
06/06/2026,03:18:23,20,49.7,,,
06/06/2026,03:23:23,20,49.8,,,
06/06/2026,03:28:23,19.9,49.8,,,
06/06/2026,03:33:23,20,49.8,,,
06/06/2026,03:38:23,20,49.9,,,
06/06/2026,03:43:23,20,49.9,,,
06/06/2026,03:48:23,20,49.9,,,
06/06/2026,03:53:23,19.9,50,,,
06/06/2026,03:58:23,19.9,50,,,
06/06/2026,04:03:23,19.9,50.1,,,
06/06/2026,04:08:23,19.9,50.1,,,
06/06/2026,04:13:23,19.9,50.2,,,
06/06/2026,04:18:23,19.9,50.2,,,
06/06/2026,04:23:23,19.9,50.2,,,
06/06/2026,04:28:23,19.9,50.3,,,
06/06/2026,04:33:23,19.9,50.4,,,
06/06/2026,04:38:23,19.9,50.4,,,
06/06/2026,04:43:23,19.8,50.5,,,
06/06/2026,04:48:23,19.8,50.5,,,
06/06/2026,04:53:23,19.8,50.5,,,
06/06/2026,04:58:23,19.8,50.6,,,
06/06/2026,05:03:23,19.8,50.7,,,
06/06/2026,05:08:23,19.8,50.7,,,
06/06/2026,05:13:23,19.8,50.8,,,
06/06/2026,05:18:23,19.8,50.8,,,
06/06/2026,05:23:23,19.8,50.9,,,
06/06/2026,05:28:23,19.8,51,,,
06/06/2026,05:33:23,19.8,51,,,
06/06/2026,05:38:23,19.8,51.1,,,
06/06/2026,05:43:23,19.7,51.1,,,
06/06/2026,05:48:23,19.8,51.2,,,
06/06/2026,05:53:23,19.8,51.2,,,
06/06/2026,05:58:23,19.7,51.3,,,
06/06/2026,06:03:23,19.7,51.3,,,
06/06/2026,06:08:23,19.7,51.4,,,
06/06/2026,06:13:23,19.7,51.4,,,
06/06/2026,06:18:23,19.7,51.4,,,
06/06/2026,06:23:23,19.7,51.5,,,
06/06/2026,06:28:23,19.7,51.6,,,
06/06/2026,06:33:23,19.7,51.5,,,
06/06/2026,06:38:23,19.7,51.6,,,
06/06/2026,06:43:23,19.7,51.7,,,
06/06/2026,06:48:23,19.7,51.8,,,
06/06/2026,06:53:23,19.7,51.7,,,
06/06/2026,06:58:23,19.7,51.8,,,
06/06/2026,07:03:23,19.7,51.9,,,
06/06/2026,07:08:23,19.6,51.9,,,
06/06/2026,07:13:23,19.6,51.9,,,
06/06/2026,07:18:23,19.6,52,,,
06/06/2026,07:23:23,19.6,52,,,
06/06/2026,07:28:23,19.6,52,,,
06/06/2026,07:33:23,19.6,52.1,,,
06/06/2026,07:38:23,19.6,52.1,,,
06/06/2026,07:43:23,19.6,52.2,,,
06/06/2026,07:48:23,19.6,52.3,,,
06/06/2026,07:53:23,19.6,52.3,,,
06/06/2026,07:58:23,19.6,52.3,,,
06/06/2026,08:03:23,19.6,52.4,,,
06/06/2026,08:08:23,19.6,52.5,,,
06/06/2026,08:13:23,19.6,52.5,,,
06/06/2026,08:18:23,19.6,52.5,,,
06/06/2026,08:23:23,19.6,52.6,,,
06/06/2026,08:28:23,19.6,52.7,,,
06/06/2026,08:33:23,19.6,52.7,,,
06/06/2026,08:38:23,19.6,52.8,,,
06/06/2026,08:43:23,19.6,52.8,,,
06/06/2026,08:48:23,19.6,52.9,,,
06/06/2026,08:53:23,19.6,53.1,,,
06/06/2026,08:58:23,19.6,53.1,,,
06/06/2026,09:03:23,19.7,53.3,,,
06/06/2026,09:08:23,19.7,53.4,,,
06/06/2026,09:13:23,19.7,53.4,,,
06/06/2026,09:18:23,19.8,53.5,,,
06/06/2026,09:23:23,19.8,53.5,,,
06/06/2026,09:28:23,19.8,53.6,,,
06/06/2026,09:33:23,19.9,53.7,,,
06/06/2026,09:38:23,19.9,53.8,,,
06/06/2026,09:43:23,19.9,54.1,,,
06/06/2026,09:48:23,20,54.3,,,
06/06/2026,09:53:23,20,54.2,,,
06/06/2026,09:58:23,20,54.2,,,
06/06/2026,10:03:23,20.1,54.4,,,
06/06/2026,10:08:23,20.1,54.4,,,
06/06/2026,10:13:23,20.1,54.6,,,
06/06/2026,10:18:23,20.1,54.7,,,
06/06/2026,10:23:23,20.1,54.5,,,
06/06/2026,10:28:23,20.1,54.5,,,
06/06/2026,10:33:23,20.1,54.7,,,
06/06/2026,10:38:23,20.1,54.8,,,
06/06/2026,10:43:23,20.1,54.8,,,
06/06/2026,10:48:23,20.1,54.9,,,
06/06/2026,10:53:23,20.1,54.9,,,
06/06/2026,10:58:23,20.1,55.1,,,
06/06/2026,11:03:23,20.1,55.1,,,
06/06/2026,11:08:23,20.2,55.3,,,
06/06/2026,11:13:23,20.3,55.3,,,
06/06/2026,11:18:23,20.3,55.5,,,
06/06/2026,11:23:23,20.4,55.8,,,
06/06/2026,11:28:23,20.6,55.8,,,
06/06/2026,11:33:23,20.7,56,,,
06/06/2026,11:38:23,20.8,56.3,,,
06/06/2026,11:43:23,20.9,56,,,
06/06/2026,11:48:23,21,56.1,,,
06/06/2026,11:53:23,21,56.2,,,
06/06/2026,11:58:23,21.2,56.2,,,
06/06/2026,12:03:23,21.2,56.1,,,
06/06/2026,12:08:23,21.3,56.4,,,
06/06/2026,12:13:23,21.4,56.2,,,
06/06/2026,12:18:23,21.5,56.3,,,
06/06/2026,12:23:23,21.5,56.4,,,
06/06/2026,12:28:23,21.6,56.4,,,
06/06/2026,12:33:23,21.7,56.4,,,
06/06/2026,12:38:23,21.8,56.2,,,
06/06/2026,12:43:23,21.8,56.3,,,
06/06/2026,12:48:23,21.8,56.5,,,
06/06/2026,12:53:23,21.8,56.4,,,
06/06/2026,12:58:23,21.8,56.4,,,
06/06/2026,13:03:23,21.8,56.4,,,
06/06/2026,13:08:23,21.7,56.1,,,
06/06/2026,13:13:23,21.7,56.1,,,
06/06/2026,13:18:23,21.7,56.2,,,
06/06/2026,13:23:23,21.6,56.2,,,
06/06/2026,13:28:23,21.6,56.6,,,
06/06/2026,13:33:23,21.6,56.7,,,
06/06/2026,13:38:23,21.5,57.1,,,
06/06/2026,13:43:23,21.5,57,,,
06/06/2026,13:48:23,21.5,56.8,,,
06/06/2026,13:53:23,21.4,56.8,,,
06/06/2026,13:58:23,21.4,57,,,
06/06/2026,14:03:23,21.4,56.9,,,
06/06/2026,14:08:23,21.3,57.1,,,
06/06/2026,14:13:23,21.3,57.1,,,
06/06/2026,14:18:23,21.3,57,,,
06/06/2026,14:23:23,21.2,57.1,,,
06/06/2026,14:28:23,21.2,57.1,,,
06/06/2026,14:33:23,21.2,57.3,,,
06/06/2026,14:38:23,21.2,57.3,,,
06/06/2026,14:43:23,21.2,57.3,,,
06/06/2026,14:48:23,21.2,57.3,,,
06/06/2026,14:53:23,21.1,57.3,,,
06/06/2026,14:58:23,21.2,57.4,,,
06/06/2026,15:03:23,21.1,57.5,,,
06/06/2026,15:08:23,21.1,57.4,,,
06/06/2026,15:13:23,21.1,57.4,,,
06/06/2026,15:18:23,21,57.5,,,
06/06/2026,15:23:23,21,57.6,,,
06/06/2026,15:28:23,21,57.6,,,
06/06/2026,15:33:23,21,57.6,,,
06/06/2026,15:38:23,21,57.7,,,
06/06/2026,15:43:23,21,57.6,,,
06/06/2026,15:48:23,20.9,57.7,,,
06/06/2026,15:53:23,20.9,57.7,,,
06/06/2026,15:58:23,20.9,57.8,,,
06/06/2026,16:03:23,20.9,57.9,,,
06/06/2026,16:08:23,20.9,58,,,
06/06/2026,16:13:23,20.9,58,,,
06/06/2026,16:18:23,20.9,58,,,
06/06/2026,16:23:23,20.9,58.1,,,
06/06/2026,16:28:23,20.8,58.1,,,
06/06/2026,16:33:23,20.8,58.2,,,
06/06/2026,16:38:23,20.8,58.2,,,
06/06/2026,16:43:23,20.8,58.2,,,
06/06/2026,16:48:23,20.8,58.2,,,
06/06/2026,16:53:23,20.7,58.1,,,
06/06/2026,16:58:23,20.7,58.3,,,
06/06/2026,17:03:23,20.7,58.4,,,
06/06/2026,17:08:23,20.7,58.4,,,
06/06/2026,17:13:23,20.6,58.4,,,
06/06/2026,17:18:23,20.6,58.4,,,
06/06/2026,17:23:23,20.6,58.5,,,
06/06/2026,17:28:23,20.6,58.5,,,
06/06/2026,17:33:23,20.6,58.7,,,
06/06/2026,17:38:23,20.6,59.1,,,
06/06/2026,17:43:23,20.6,59.4,,,
06/06/2026,17:48:23,20.6,60,,,
06/06/2026,17:53:23,20.5,60.2,,,
06/06/2026,17:58:23,20.6,60.6,,,
06/06/2026,18:03:23,20.7,60.5,,,
06/06/2026,18:08:23,20.7,61.3,,,
06/06/2026,18:13:23,20.8,61.3,,,
06/06/2026,18:18:23,20.9,61.4,,,
06/06/2026,18:23:23,20.9,61.6,,,
06/06/2026,18:28:23,21,61.8,,,
06/06/2026,18:33:23,21.1,61.5,,,
06/06/2026,18:38:23,21.2,62,,,
06/06/2026,18:43:23,21.2,62.2,,,
06/06/2026,18:48:23,21.3,62.3,,,
06/06/2026,18:53:23,21.3,62.4,,,
06/06/2026,18:58:23,21.4,62.5,,,
06/06/2026,19:03:23,21.4,62.6,,,
06/06/2026,19:08:23,21.5,62.8,,,
06/06/2026,19:13:23,21.5,62.9,,,
06/06/2026,19:18:23,21.5,62.8,,,
06/06/2026,19:23:23,21.5,62.8,,,
06/06/2026,19:28:23,21.5,63,,,
06/06/2026,19:33:23,21.5,63,,,
06/06/2026,19:38:23,21.5,63.1,,,
06/06/2026,19:43:23,21.6,63,,,
06/06/2026,19:48:23,21.6,63.1,,,
06/06/2026,19:53:23,21.6,63.1,,,
06/06/2026,19:58:23,21.6,63.1,,,
06/06/2026,20:03:23,21.6,63,,,
06/06/2026,20:08:23,21.7,63.1,,,
06/06/2026,20:13:23,21.7,63.1,,,
06/06/2026,20:18:23,21.8,63.1,,,
06/06/2026,20:23:23,21.8,62.8,,,
06/06/2026,20:28:23,21.8,62.8,,,
06/06/2026,20:33:23,21.9,62.8,,,
06/06/2026,20:38:23,21.9,62.6,,,
06/06/2026,20:43:23,21.9,62.6,,,
06/06/2026,20:48:23,21.9,62.4,,,
06/06/2026,20:53:23,21.9,62.3,,,
06/06/2026,20:58:23,21.8,62.4,,,
06/06/2026,21:03:23,21.8,62.5,,,
06/06/2026,21:08:23,21.8,62.5,,,
06/06/2026,21:13:23,21.8,62.2,,,
06/06/2026,21:18:23,21.7,62,,,
06/06/2026,21:23:23,21.7,62.3,,,
06/06/2026,21:28:23,21.6,62.3,,,
06/06/2026,21:33:23,21.5,62.2,,,
06/06/2026,21:38:23,21.5,62.1,,,
06/06/2026,21:43:23,21.4,62.1,,,
06/06/2026,21:48:23,21.4,62.1,,,
06/06/2026,21:53:23,21.3,62.1,,,
06/06/2026,21:58:23,21.3,62.1,,,
06/06/2026,22:03:23,21.2,62.1,,,
06/06/2026,22:08:23,21.2,62.1,,,
06/06/2026,22:13:23,21.2,62.1,,,
06/06/2026,22:18:23,21.1,62.2,,,
06/06/2026,22:23:23,21.1,62.2,,,
06/06/2026,22:28:23,21,62.2,,,
06/06/2026,22:33:23,21,62.2,,,
06/06/2026,22:38:23,21,62.2,,,
06/06/2026,22:43:23,20.9,62.2,,,
06/06/2026,22:48:23,20.9,62.2,,,
06/06/2026,22:53:23,20.9,62.2,,,
06/06/2026,22:58:23,20.8,62.2,,,
06/06/2026,23:03:23,20.8,62.2,,,
06/06/2026,23:08:23,20.8,62.2,,,
06/06/2026,23:13:23,20.7,62.2,,,
06/06/2026,23:18:23,20.7,62.2,,,
06/06/2026,23:23:23,20.7,62.2,,,
06/06/2026,23:28:23,20.6,62.2,,,
06/06/2026,23:33:23,20.6,62.2,,,
06/06/2026,23:38:23,20.6,62.2,,,
06/06/2026,23:43:23,20.5,62.1,,,
06/06/2026,23:48:23,20.5,62.1,,,
06/06/2026,23:53:23,20.5,62.1,,,
06/06/2026,23:58:23,20.5,62.1,,,
06/07/2026,00:03:23,20.4,62.1,,,
06/07/2026,00:08:23,20.4,62,,,
06/07/2026,00:13:23,20.4,62,,,
06/07/2026,00:18:23,20.4,62.1,,,
06/07/2026,00:23:23,20.3,62,,,
06/07/2026,00:28:23,20.3,62,,,
06/07/2026,00:33:23,20.3,62,,,
06/07/2026,00:38:23,20.3,61.9,,,
06/07/2026,00:43:23,20.2,62,,,
06/07/2026,00:48:23,20.2,62,,,
06/07/2026,00:53:23,20.2,61.9,,,
06/07/2026,00:58:23,20.2,61.9,,,
06/07/2026,01:03:23,20.1,61.8,,,
06/07/2026,01:08:23,20.1,61.8,,,
06/07/2026,01:13:23,20.1,61.7,,,
06/07/2026,01:18:23,20.1,61.7,,,
06/07/2026,01:23:23,20,61.7,,,
06/07/2026,01:28:23,20,61.6,,,
06/07/2026,01:33:23,20,61.6,,,
06/07/2026,01:38:23,20,61.5,,,
06/07/2026,01:43:23,20,61.5,,,
06/07/2026,01:48:23,19.9,61.4,,,
06/07/2026,01:53:23,19.9,61.4,,,
06/07/2026,01:58:23,19.9,61.3,,,
06/07/2026,02:03:23,19.9,61.3,,,
06/07/2026,02:08:23,19.9,61.2,,,
06/07/2026,02:13:23,19.8,61.2,,,
06/07/2026,02:18:23,19.8,61.1,,,
06/07/2026,02:23:23,19.8,61.1,,,
06/07/2026,02:28:23,19.8,61.1,,,
06/07/2026,02:33:23,19.8,61.1,,,
06/07/2026,02:38:23,19.7,61,,,
06/07/2026,02:43:23,19.7,61,,,
06/07/2026,02:48:23,19.7,60.9,,,
06/07/2026,02:53:23,19.7,60.9,,,
06/07/2026,02:58:23,19.7,60.9,,,
06/07/2026,03:03:23,19.7,60.8,,,
06/07/2026,03:08:23,19.7,60.8,,,
06/07/2026,03:13:23,19.7,60.8,,,
06/07/2026,03:18:23,19.6,60.7,,,
06/07/2026,03:23:23,19.6,60.8,,,
06/07/2026,03:28:23,19.6,60.7,,,
06/07/2026,03:33:23,19.6,60.7,,,
06/07/2026,03:38:23,19.6,60.6,,,
06/07/2026,03:43:23,19.6,60.6,,,
06/07/2026,03:48:23,19.5,60.6,,,
06/07/2026,03:53:23,19.5,60.6,,,
06/07/2026,03:58:23,19.5,60.5,,,
06/07/2026,04:03:23,19.5,60.5,,,
06/07/2026,04:08:23,19.5,60.5,,,
06/07/2026,04:13:23,19.5,60.5,,,
06/07/2026,04:18:23,19.4,60.4,,,
06/07/2026,04:23:23,19.4,60.4,,,
06/07/2026,04:28:23,19.4,60.4,,,
06/07/2026,04:33:23,19.4,60.3,,,
06/07/2026,04:38:23,19.4,60.3,,,
06/07/2026,04:43:23,19.4,60.2,,,
06/07/2026,04:48:23,19.4,60.2,,,
06/07/2026,04:53:23,19.3,60.1,,,
06/07/2026,04:58:23,19.3,60.1,,,
06/07/2026,05:03:23,19.3,60.1,,,
06/07/2026,05:08:23,19.3,60,,,
06/07/2026,05:13:23,19.3,60,,,
06/07/2026,05:18:23,19.3,60,,,
06/07/2026,05:23:23,19.3,59.9,,,
06/07/2026,05:28:23,19.3,59.9,,,
06/07/2026,05:33:23,19.2,59.9,,,
06/07/2026,05:38:23,19.2,59.9,,,
06/07/2026,05:43:23,19.2,59.8,,,
06/07/2026,05:48:23,19.2,59.8,,,
06/07/2026,05:53:23,19.2,59.7,,,
06/07/2026,05:58:23,19.2,59.7,,,
06/07/2026,06:03:23,19.1,59.7,,,
06/07/2026,06:08:23,19.1,59.6,,,
06/07/2026,06:13:23,19.1,59.6,,,
06/07/2026,06:18:23,19.1,59.6,,,
06/07/2026,06:23:23,19.1,59.6,,,
06/07/2026,06:28:23,19.1,59.6,,,
06/07/2026,06:33:23,19.1,59.6,,,
06/07/2026,06:38:23,19.1,59.6,,,
06/07/2026,06:43:23,19.1,59.5,,,
06/07/2026,06:48:23,19.1,59.5,,,
06/07/2026,06:53:23,19.1,59.5,,,
06/07/2026,06:58:23,19.1,59.4,,,
06/07/2026,07:03:23,19.2,59.3,,,
06/07/2026,07:08:23,19.3,59.2,,,
06/07/2026,07:13:23,19.5,59,,,
06/07/2026,07:18:23,19.6,58.6,,,
06/07/2026,07:23:23,19.7,58.4,,,
06/07/2026,07:28:23,19.9,58.1,,,
06/07/2026,07:33:23,20,57.7,,,
06/07/2026,07:38:23,20.1,57.6,,,
06/07/2026,07:43:23,20.1,57.3,,,
06/07/2026,07:48:23,20.2,57.2,,,
06/07/2026,07:53:23,20.1,57.2,,,
06/07/2026,07:58:23,20.1,57.2,,,
06/07/2026,08:03:23,20.1,57.3,,,
06/07/2026,08:08:23,20.1,57.6,,,
06/07/2026,08:13:23,20.2,57.8,,,
06/07/2026,08:18:23,20.2,58,,,
06/07/2026,08:23:23,20.2,58.1,,,
06/07/2026,08:28:23,20.2,58.4,,,
06/07/2026,08:33:23,20.2,58.6,,,
06/07/2026,08:38:23,20.2,58.8,,,
06/07/2026,08:43:23,20.3,58.9,,,
06/07/2026,08:48:23,20.3,59.2,,,
06/07/2026,08:53:23,20.4,59.3,,,
06/07/2026,08:58:23,20.4,59.4,,,
06/07/2026,09:03:23,20.4,59.2,,,
06/07/2026,09:08:23,20.4,59.2,,,
06/07/2026,09:13:23,20.4,59.2,,,
06/07/2026,09:18:23,20.4,59.1,,,
06/07/2026,09:23:23,20.4,59.2,,,
06/07/2026,09:28:23,20.4,59.5,,,
06/07/2026,09:33:23,20.5,59.6,,,
06/07/2026,09:38:23,20.5,59.9,,,
06/07/2026,09:43:23,20.7,60.1,,,
06/07/2026,09:48:23,20.7,60.2,,,
06/07/2026,09:53:23,20.8,60.4,,,
06/07/2026,09:58:23,20.8,60.6,,,
06/07/2026,10:03:23,20.9,60.4,,,
06/07/2026,10:08:23,20.9,60.8,,,
06/07/2026,10:13:23,21,61.3,,,
06/07/2026,10:18:23,21.1,61.3,,,
06/07/2026,10:23:23,21.3,61.4,,,
06/07/2026,10:28:23,21.4,61.2,,,
06/07/2026,10:33:23,21.5,61.4,,,
06/07/2026,10:38:23,21.7,61.6,,,
06/07/2026,10:43:23,21.8,61.9,,,
06/07/2026,10:48:23,21.9,61.4,,,
06/07/2026,10:53:23,21.9,60.7,,,
06/07/2026,10:58:23,21.9,60.3,,,
06/07/2026,11:03:23,21.9,59.7,,,
06/07/2026,11:08:23,21.9,59.6,,,
06/07/2026,11:13:23,21.9,59.5,,,
06/07/2026,11:18:23,21.9,59.8,,,
06/07/2026,11:23:23,22,59.5,,,
06/07/2026,11:28:23,22.1,60,,,
06/07/2026,11:33:23,22.1,60.1,,,
06/07/2026,11:38:23,22.2,60.3,,,
06/07/2026,11:43:23,22.3,60.3,,,
06/07/2026,11:48:23,22.4,60.3,,,
06/07/2026,11:53:23,22.5,60.3,,,
06/07/2026,11:58:23,22.5,60.7,,,
06/07/2026,12:03:23,22.7,60.6,,,
06/07/2026,12:08:23,22.8,61,,,
06/07/2026,12:13:23,22.9,61.3,,,
06/07/2026,12:18:23,22.9,61.2,,,
06/07/2026,12:23:23,23,61.3,,,
06/07/2026,12:28:23,23.1,61.1,,,
06/07/2026,12:33:23,23,60.4,,,
06/07/2026,12:38:23,23,60.1,,,
06/07/2026,12:43:23,23,59.7,,,
06/07/2026,12:48:23,23,59.5,,,
06/07/2026,12:53:23,22.9,59.5,,,
06/07/2026,12:58:23,22.9,59.4,,,
06/07/2026,13:03:23,22.9,59.8,,,
06/07/2026,13:08:23,22.8,59.5,,,
06/07/2026,13:13:23,22.8,59.6,,,
06/07/2026,13:18:23,22.7,59.7,,,
06/07/2026,13:23:23,22.7,59.7,,,
06/07/2026,13:28:23,22.7,59.7,,,
06/07/2026,13:33:23,22.6,59.5,,,
06/07/2026,13:38:23,22.6,59.5,,,
06/07/2026,13:43:23,22.5,59.3,,,
06/07/2026,13:48:23,22.5,59.4,,,
06/07/2026,13:53:23,22.5,59.3,,,
06/07/2026,13:58:23,22.4,59.3,,,
06/07/2026,14:03:23,22.4,59.2,,,
06/07/2026,14:08:23,22.4,59.1,,,
06/07/2026,14:13:23,22.3,59.3,,,
06/07/2026,14:18:23,22.3,59.4,,,
06/07/2026,14:23:23,22.3,59.4,,,
06/07/2026,14:28:23,22.3,59.4,,,
06/07/2026,14:33:23,22.2,59.4,,,
06/07/2026,14:38:23,22.2,59.3,,,
06/07/2026,14:43:23,22.2,59.3,,,
06/07/2026,14:48:23,22.2,59.3,,,
06/07/2026,14:53:23,22.2,59.3,,,
06/07/2026,14:58:23,22.1,59.3,,,
06/07/2026,15:03:23,22.1,59.3,,,
06/07/2026,15:08:23,22.1,59.2,,,
06/07/2026,15:13:23,22.1,59.1,,,
06/07/2026,15:18:23,22.1,59.2,,,
06/07/2026,15:23:23,22,59.2,,,
06/07/2026,15:28:23,22,59.2,,,
06/07/2026,15:33:23,22,59.2,,,
06/07/2026,15:38:23,22,59,,,
06/07/2026,15:43:23,22,59,,,
06/07/2026,15:48:23,22,59,,,
06/07/2026,15:53:23,21.9,59,,,
06/07/2026,15:58:23,21.9,58.8,,,
06/07/2026,16:03:23,21.9,58.8,,,
06/07/2026,16:08:23,21.9,58.8,,,
06/07/2026,16:13:23,21.9,58.8,,,
06/07/2026,16:18:23,21.9,58.7,,,
06/07/2026,16:23:23,21.8,58.6,,,
06/07/2026,16:28:23,21.8,58.5,,,
06/07/2026,16:33:23,21.8,58.3,,,
06/07/2026,16:38:23,21.8,58.2,,,
06/07/2026,16:43:23,21.7,58.2,,,
06/07/2026,16:48:23,21.7,58.1,,,
06/07/2026,16:53:23,21.7,58.4,,,
06/07/2026,16:58:23,21.7,58.1,,,
06/07/2026,17:03:23,21.7,58.3,,,
06/07/2026,17:08:23,21.7,58,,,
06/07/2026,17:13:23,21.7,58.1,,,
06/07/2026,17:18:23,21.7,57.8,,,
06/07/2026,17:23:23,21.6,58.2,,,
06/07/2026,17:28:23,21.6,58.1,,,
06/07/2026,17:33:23,21.6,58.1,,,
06/07/2026,17:38:23,21.6,58.2,,,
06/07/2026,17:43:23,21.6,57.9,,,
06/07/2026,17:48:23,21.6,58,,,
06/07/2026,17:53:23,21.5,57.6,,,
06/07/2026,17:58:23,21.5,57.8,,,
06/07/2026,18:03:23,21.5,57.7,,,
06/07/2026,18:08:23,21.5,57.8,,,
06/07/2026,18:13:23,21.5,57.6,,,
06/07/2026,18:18:23,21.5,57.5,,,
06/07/2026,18:23:23,21.4,57.4,,,
06/07/2026,18:28:23,21.4,57.3,,,
06/07/2026,18:33:23,21.4,57.3,,,
06/07/2026,18:38:23,21.4,57.4,,,
06/07/2026,18:43:23,21.4,57.3,,,
06/07/2026,18:48:23,21.4,57.3,,,
06/07/2026,18:53:23,21.4,57.4,,,
06/07/2026,18:58:23,21.4,57.4,,,
06/07/2026,19:03:23,21.3,57.2,,,
06/07/2026,19:08:23,21.3,57.2,,,
06/07/2026,19:13:23,21.3,57.3,,,
06/07/2026,19:18:23,21.3,57.2,,,
06/07/2026,19:23:23,21.3,57.2,,,
06/07/2026,19:28:23,21.3,57.2,,,
06/07/2026,19:33:23,21.3,57.1,,,
06/07/2026,19:38:23,21.3,57.1,,,
06/07/2026,19:43:23,21.3,57.1,,,
06/07/2026,19:48:23,21.3,57.1,,,
06/07/2026,19:53:23,21.3,57.1,,,
06/07/2026,19:58:23,21.3,57.1,,,
06/07/2026,20:03:23,21.3,57.1,,,
06/07/2026,20:08:23,21.4,57.1,,,
06/07/2026,20:13:23,21.3,57,,,
06/07/2026,20:18:23,21.4,57.1,,,
06/07/2026,20:23:23,21.4,57,,,
06/07/2026,20:28:23,21.4,57,,,
06/07/2026,20:33:23,21.4,57,,,
06/07/2026,20:38:23,21.4,56.9,,,
06/07/2026,20:43:23,21.4,56.9,,,
06/07/2026,20:48:23,21.4,56.9,,,
06/07/2026,20:53:23,21.5,57,,,
06/07/2026,20:58:23,21.5,56.9,,,
06/07/2026,21:03:23,21.5,56.8,,,
06/07/2026,21:08:23,21.5,56.8,,,
06/07/2026,21:13:23,21.5,56.8,,,
06/07/2026,21:18:23,21.5,56.8,,,
06/07/2026,21:23:23,21.6,56.8,,,
06/07/2026,21:28:23,21.5,56.7,,,
06/07/2026,21:33:23,21.5,56.7,,,
06/07/2026,21:38:23,21.6,56.7,,,
06/07/2026,21:43:23,21.6,56.6,,,
06/07/2026,21:48:23,21.6,56.6,,,
06/07/2026,21:53:23,21.6,56.6,,,
06/07/2026,21:58:23,21.6,56.4,,,
06/07/2026,22:03:23,21.6,56.4,,,
06/07/2026,22:08:23,21.6,56.4,,,
06/07/2026,22:13:23,21.6,56.4,,,
06/07/2026,22:18:23,21.7,56.3,,,
06/07/2026,22:23:23,21.7,56.2,,,
06/07/2026,22:28:23,21.7,56.2,,,
06/07/2026,22:33:23,21.7,56.1,,,
06/07/2026,22:38:23,21.7,56.1,,,
06/07/2026,22:43:23,21.7,56,,,
06/07/2026,22:48:23,21.7,56,,,
06/07/2026,22:53:23,21.8,55.9,,,
06/07/2026,22:58:23,21.8,55.9,,,
06/07/2026,23:03:23,21.8,55.7,,,
06/07/2026,23:08:23,21.8,55.7,,,
06/07/2026,23:13:23,21.8,55.6,,,
06/07/2026,23:18:23,21.8,55.6,,,
06/07/2026,23:23:23,21.8,55.6,,,
06/07/2026,23:28:23,21.8,55.5,,,
06/07/2026,23:33:23,21.8,55.5,,,
06/07/2026,23:38:23,21.8,55.4,,,
06/07/2026,23:43:23,21.8,55.4,,,
06/07/2026,23:48:23,21.8,55.4,,,
06/07/2026,23:53:23,21.8,55.3,,,
06/07/2026,23:58:23,21.8,55.3,,,
06/08/2026,00:03:23,21.8,55.3,,,
06/08/2026,00:08:23,21.8,55.2,,,
06/08/2026,00:13:23,21.8,55.2,,,
06/08/2026,00:18:23,21.8,55.2,,,
06/08/2026,00:23:23,21.8,55.2,,,
06/08/2026,00:28:23,21.8,55.2,,,
06/08/2026,00:33:23,21.8,55.1,,,
06/08/2026,00:38:23,21.8,55.1,,,
06/08/2026,00:43:23,21.8,55.1,,,
06/08/2026,00:48:23,21.8,55.1,,,
06/08/2026,00:53:23,21.8,55.1,,,
06/08/2026,00:58:23,21.8,55,,,
06/08/2026,01:03:23,21.9,54.9,,,
06/08/2026,01:08:23,21.8,55,,,
06/08/2026,01:13:23,21.8,54.9,,,
06/08/2026,01:18:23,21.8,54.9,,,
06/08/2026,01:23:23,21.8,54.9,,,
06/08/2026,01:28:23,21.8,54.9,,,
06/08/2026,01:33:23,21.8,54.8,,,
06/08/2026,01:38:23,21.8,54.7,,,
06/08/2026,01:43:23,21.9,54.8,,,
06/08/2026,01:48:23,21.9,54.7,,,
06/08/2026,01:53:23,21.9,54.7,,,
06/08/2026,01:58:23,21.9,54.6,,,
06/08/2026,02:03:23,21.8,54.6,,,
06/08/2026,02:08:23,21.8,54.5,,,
06/08/2026,02:13:23,21.8,54.5,,,
06/08/2026,02:18:23,21.8,54.5,,,
06/08/2026,02:23:23,21.8,54.4,,,
06/08/2026,02:28:23,21.8,54.4,,,
06/08/2026,02:33:23,21.9,54.4,,,
06/08/2026,02:38:23,21.8,54.3,,,
06/08/2026,02:43:23,21.8,54.4,,,
06/08/2026,02:48:23,21.8,54.3,,,
06/08/2026,02:53:23,21.9,54.3,,,
06/08/2026,02:58:23,21.8,54.3,,,
06/08/2026,03:03:23,21.8,54.3,,,
06/08/2026,03:08:23,21.8,54.2,,,
06/08/2026,03:13:23,21.8,54.2,,,
06/08/2026,03:18:23,21.8,54.2,,,
06/08/2026,03:23:23,21.8,54.2,,,
06/08/2026,03:28:23,21.8,54.2,,,
06/08/2026,03:33:23,21.8,54.1,,,
06/08/2026,03:38:23,21.8,54.1,,,
06/08/2026,03:43:23,21.8,54.1,,,
06/08/2026,03:48:23,21.8,54.2,,,
06/08/2026,03:53:23,21.8,54.3,,,
06/08/2026,03:58:23,21.8,54.3,,,
06/08/2026,04:03:23,21.8,54.2,,,
06/08/2026,04:08:23,21.8,54.2,,,
06/08/2026,04:13:23,21.8,54.3,,,
06/08/2026,04:18:23,21.9,54.3,,,
06/08/2026,04:23:23,21.8,54.3,,,
06/08/2026,04:28:23,21.8,54.3,,,
06/08/2026,04:33:23,21.8,54.2,,,
06/08/2026,04:38:23,21.8,54.2,,,
06/08/2026,04:43:23,21.8,54.3,,,
06/08/2026,04:48:23,21.9,54.3,,,
06/08/2026,04:53:23,21.9,54.2,,,
06/08/2026,04:58:23,21.8,54.3,,,
06/08/2026,05:03:23,21.8,54.3,,,
06/08/2026,05:08:23,21.9,54.3,,,
06/08/2026,05:13:23,21.9,54.3,,,
06/08/2026,05:18:23,21.9,54.3,,,
06/08/2026,05:23:23,21.8,54.3,,,
06/08/2026,05:28:23,21.8,54.3,,,
06/08/2026,05:33:23,21.9,54.3,,,
06/08/2026,05:38:23,21.8,54.3,,,
06/08/2026,05:43:23,21.9,54.4,,,
06/08/2026,05:48:23,21.9,54.4,,,
06/08/2026,05:53:23,21.9,54.4,,,
06/08/2026,05:58:23,21.9,54.5,,,
06/08/2026,06:03:23,21.9,54.5,,,
06/08/2026,06:08:23,21.9,54.5,,,
06/08/2026,06:13:23,21.9,54.5,,,
06/08/2026,06:18:23,21.9,54.6,,,
06/08/2026,06:23:23,21.9,54.6,,,
06/08/2026,06:28:23,21.9,54.5,,,
06/08/2026,06:33:23,21.9,54.6,,,
06/08/2026,06:38:23,21.9,54.6,,,
06/08/2026,06:43:23,21.9,54.6,,,
06/08/2026,06:48:23,21.9,54.7,,,
06/08/2026,06:53:23,21.9,54.7,,,
06/08/2026,06:58:23,21.9,54.7,,,
06/08/2026,07:03:23,21.8,54.8,,,
06/08/2026,07:08:23,21.9,54.8,,,
06/08/2026,07:13:23,21.9,54.9,,,
06/08/2026,07:18:23,21.9,54.8,,,
06/08/2026,07:23:23,21.9,54.9,,,
06/08/2026,07:28:23,21.9,54.8,,,
06/08/2026,07:33:23,21.9,54.9,,,
06/08/2026,07:38:23,21.9,54.9,,,
06/08/2026,07:43:23,21.9,54.9,,,
06/08/2026,07:48:23,21.9,54.9,,,
06/08/2026,07:53:23,21.9,54.8,,,
06/08/2026,07:58:23,21.9,54.8,,,
06/08/2026,08:03:23,21.9,54.8,,,
06/08/2026,08:08:23,21.9,54.8,,,
06/08/2026,08:13:23,21.9,54.8,,,
06/08/2026,08:18:23,21.9,54.8,,,
06/08/2026,08:23:23,21.9,54.8,,,
06/08/2026,08:28:23,21.9,54.9,,,
06/08/2026,08:33:23,21.9,54.8,,,
06/08/2026,08:38:23,21.9,54.8,,,
06/08/2026,08:43:23,21.9,54.9,,,
06/08/2026,08:48:23,21.9,54.9,,,
06/08/2026,08:53:23,21.9,54.9,,,
06/08/2026,08:58:23,21.9,55,,,
06/08/2026,09:03:23,21.9,55,,,
06/08/2026,09:08:23,21.9,55.1,,,
06/08/2026,09:13:23,21.8,55.2,,,
06/08/2026,09:18:23,21.9,55.2,,,
06/08/2026,09:23:23,21.8,55.2,,,
06/08/2026,09:28:23,21.9,55.4,,,
06/08/2026,09:33:23,21.9,55.5,,,
06/08/2026,09:38:23,21.9,55.8,,,
06/08/2026,09:43:23,21.9,55.7,,,
06/08/2026,09:48:23,21.9,56,,,
06/08/2026,09:53:23,21.9,55.9,,,
06/08/2026,09:58:23,22,56,,,
06/08/2026,10:03:23,22,56.3,,,
06/08/2026,10:08:23,22,56.1,,,
06/08/2026,10:13:23,22,56,,,
06/08/2026,10:18:23,22,56.1,,,
06/08/2026,10:23:23,22,56.1,,,
06/08/2026,10:28:23,22,56.3,,,
06/08/2026,10:33:23,22,56.3,,,
06/08/2026,10:38:23,22.1,57.5,,,
06/08/2026,10:43:23,22.6,56.1,,,
06/08/2026,10:52:01,22.1,56.4
06/08/2026,10:57:01,22.4,56.1
06/08/2026,11:02:01,22.6,56.7
06/08/2026,11:07:01,22.1,56.5
06/08/2026,11:12:01,22.7,56.1
06/08/2026,11:17:01,22.6,55.6
06/08/2026,11:22:01,22.4,55.9
06/08/2026,11:27:01,22.3,55.2
06/08/2026,11:32:01,22.2,55.5
06/08/2026,11:37:01,22.2,55.6
06/08/2026,11:42:01,22.1,54.9
06/08/2026,11:47:01,22.1,54.0
06/08/2026,11:52:01,22.1,54.1
06/08/2026,11:57:01,22.0,54.1
06/08/2026,12:02:01,22.0,54.2
06/08/2026,12:07:01,22.0,54.2
06/08/2026,12:12:01,22.0,54.3
06/08/2026,12:17:01,22.0,54.4
06/08/2026,12:22:01,21.9,54.5
06/08/2026,12:27:01,21.9,54.5
06/08/2026,12:32:01,21.9,54.5
06/08/2026,12:37:01,21.9,54.6
06/08/2026,12:42:01,21.9,54.7
06/08/2026,12:47:01,21.9,54.8
06/08/2026,12:52:01,21.8,54.8
06/08/2026,12:57:01,21.8,54.8
06/08/2026,13:02:01,21.8,54.9
06/08/2026,13:07:01,21.8,54.9
06/08/2026,13:12:01,21.8,55.0
06/08/2026,13:17:01,21.8,55.1
06/08/2026,13:22:01,21.7,55.2
06/08/2026,13:27:01,21.7,55.3
06/08/2026,13:32:01,21.7,55.4
06/08/2026,13:37:01,21.7,55.4
06/08/2026,13:42:01,21.7,55.3
06/08/2026,13:47:01,21.7,55.3
06/08/2026,13:52:01,21.6,55.3
06/08/2026,13:57:01,21.6,55.3
06/08/2026,14:02:01,21.6,55.3
06/08/2026,14:07:01,21.6,55.3
06/08/2026,14:12:01,21.6,55.3
06/08/2026,14:17:01,21.6,55.2
06/08/2026,14:22:01,21.6,55.3
06/08/2026,14:27:01,21.6,55.2
06/08/2026,14:32:01,21.6,55.2
06/08/2026,14:37:01,21.6,55.1
06/08/2026,14:42:01,21.6,55.2
06/08/2026,14:47:01,21.5,55.1
06/08/2026,14:52:01,21.5,55.1
06/08/2026,14:57:01,21.5,55.0
06/08/2026,15:02:01,21.5,55.1
06/08/2026,15:07:01,21.5,55.1
06/08/2026,15:12:01,21.5,55.0
06/08/2026,15:17:01,21.4,55.1
06/08/2026,15:22:01,21.4,55.1
06/08/2026,15:27:01,21.4,55.1
06/08/2026,15:32:01,21.4,55.1
06/08/2026,15:37:01,21.4,55.2
06/08/2026,15:42:01,21.3,55.3
06/08/2026,15:47:01,21.3,55.3
06/08/2026,15:52:01,21.3,55.4
06/08/2026,15:57:01,21.3,55.5
06/08/2026,16:02:01,21.3,55.6
06/08/2026,16:07:01,21.3,55.6
06/08/2026,16:12:01,21.3,55.7
06/08/2026,16:17:01,21.3,55.7
06/08/2026,16:22:01,21.3,55.7
06/08/2026,16:27:01,21.3,55.7
06/08/2026,16:32:01,21.3,55.7
06/08/2026,16:37:01,21.3,55.8
06/08/2026,16:42:01,21.3,55.8
06/08/2026,16:47:01,21.3,55.8
06/08/2026,16:52:01,21.3,55.8
06/08/2026,16:57:01,21.3,55.8
06/08/2026,17:02:01,21.3,55.8
06/08/2026,17:07:01,21.3,55.8
06/08/2026,17:12:01,21.3,55.7
06/08/2026,17:17:01,21.3,55.7
06/08/2026,17:22:01,21.3,55.6
06/08/2026,17:27:01,21.3,55.8
06/08/2026,17:32:01,21.3,55.7
06/08/2026,17:37:01,21.3,55.7
06/08/2026,17:42:01,21.3,55.7
06/08/2026,17:47:01,21.3,55.7
06/08/2026,17:52:01,21.3,55.6
06/08/2026,17:57:01,21.3,55.7
06/08/2026,18:02:01,21.3,55.5
06/08/2026,18:07:01,21.3,55.6
06/08/2026,18:12:01,21.3,55.5
06/08/2026,18:17:01,21.3,55.4
06/08/2026,18:22:01,21.3,55.3
06/08/2026,18:27:01,21.3,55.3
06/08/2026,18:32:01,21.3,55.2
06/08/2026,18:37:01,21.3,55.3
06/08/2026,18:42:01,21.3,55.4
06/08/2026,18:47:01,21.3,55.5
06/08/2026,18:52:01,21.3,55.5
06/08/2026,18:57:01,21.3,55.5
06/08/2026,19:02:01,21.3,55.6
06/08/2026,19:07:01,21.3,55.7
06/08/2026,19:12:01,21.2,55.8
06/08/2026,19:17:01,21.3,55.8
06/08/2026,19:22:01,21.2,55.8
06/08/2026,19:27:01,21.3,55.8
06/08/2026,19:32:01,21.2,55.9
06/08/2026,19:37:01,21.3,55.9
06/08/2026,19:42:01,21.2,56.0
06/08/2026,19:47:01,21.2,56.0
06/08/2026,19:52:01,21.2,56.1
06/08/2026,19:57:01,21.2,56.1
06/08/2026,20:02:01,21.2,56.1
06/08/2026,20:07:01,21.2,56.1
06/08/2026,20:12:01,21.2,56.2
06/08/2026,20:17:01,21.2,56.3
06/08/2026,20:22:01,21.2,56.2
06/08/2026,20:27:01,21.1,56.1
06/08/2026,20:32:01,21.1,56.1
06/08/2026,20:37:01,21.1,56.2
06/08/2026,20:42:01,21.1,56.2
06/08/2026,20:47:01,21.1,56.1
06/08/2026,20:52:01,21.1,56.0
06/08/2026,20:57:01,21.1,56.0
06/08/2026,21:02:01,21.1,56.0
06/08/2026,21:07:01,21.1,56.0
06/08/2026,21:12:01,21.0,55.9
06/08/2026,21:17:01,21.0,55.9
06/08/2026,21:22:01,21.0,55.8
06/08/2026,21:27:01,21.0,55.7
06/08/2026,21:32:01,21.0,55.7
06/08/2026,21:37:01,20.9,55.7
06/08/2026,21:42:01,20.9,55.7
06/08/2026,21:47:01,20.9,55.6
06/08/2026,21:52:01,20.9,55.6
06/08/2026,21:57:01,20.9,55.5
06/08/2026,22:02:01,20.9,55.5
06/08/2026,22:07:01,20.8,55.4
06/08/2026,22:12:01,20.8,55.4
06/08/2026,22:17:01,20.8,55.4
06/08/2026,22:22:01,20.8,55.3
06/08/2026,22:27:01,20.7,55.3
06/08/2026,22:32:01,20.7,55.2
06/08/2026,22:37:01,20.7,55.2
06/08/2026,22:42:01,20.7,55.0
06/08/2026,22:47:01,20.7,55.1
06/08/2026,22:52:01,20.7,55.1
06/08/2026,22:57:01,20.6,55.0
06/08/2026,23:02:01,20.6,55.0
06/08/2026,23:07:01,20.6,55.0
06/08/2026,23:12:01,20.6,55.0
06/08/2026,23:17:01,20.5,55.0
06/08/2026,23:22:01,20.5,55.0
06/08/2026,23:27:01,20.5,55.0
06/08/2026,23:32:01,20.5,55.0
06/08/2026,23:37:01,20.5,54.9
06/08/2026,23:42:01,20.4,54.8
06/08/2026,23:47:01,20.4,54.7
06/08/2026,23:52:01,20.4,54.6
06/08/2026,23:57:01,20.4,54.5
06/09/2026,00:02:01,20.4,54.4
06/09/2026,00:07:01,20.3,54.3
06/09/2026,00:12:01,20.3,54.2
06/09/2026,00:17:01,20.3,54.2
06/09/2026,00:22:01,20.3,54.1
06/09/2026,00:27:01,20.3,54.0
06/09/2026,00:32:01,20.2,53.9
06/09/2026,00:37:01,20.2,53.9
06/09/2026,00:42:01,20.2,53.8
06/09/2026,00:47:01,20.2,53.7
06/09/2026,00:52:01,20.1,53.7
06/09/2026,00:57:01,20.1,53.7
06/09/2026,01:02:01,20.1,53.6
06/09/2026,01:07:01,20.1,53.6
06/09/2026,01:12:01,20.1,53.5
06/09/2026,01:17:01,20.0,53.5
06/09/2026,01:22:01,20.0,53.5
06/09/2026,01:27:01,20.0,53.5
06/09/2026,01:32:01,20.0,53.4
06/09/2026,01:37:01,19.9,53.3
06/09/2026,01:42:01,19.9,53.3
06/09/2026,01:47:01,19.9,53.2
06/09/2026,01:52:01,19.9,53.2
06/09/2026,01:57:01,19.8,53.1
06/09/2026,02:02:01,19.8,53.0
06/09/2026,02:07:01,19.8,53.0
06/09/2026,02:12:01,19.8,52.9
06/09/2026,02:17:01,19.7,52.9
06/09/2026,02:22:01,19.7,52.8
06/09/2026,02:27:01,19.7,52.8
06/09/2026,02:32:01,19.7,52.7
06/09/2026,02:37:01,19.7,52.7
06/09/2026,02:42:01,19.6,52.7
06/09/2026,02:47:01,19.6,52.7
06/09/2026,02:52:01,19.6,52.6
06/09/2026,02:57:01,19.6,52.6
06/09/2026,03:02:01,19.6,52.6
06/09/2026,03:07:01,19.5,52.5
06/09/2026,03:12:01,19.5,52.5
06/09/2026,03:17:01,19.5,52.5
06/09/2026,03:22:01,19.5,52.5
06/09/2026,03:27:01,19.5,52.4
06/09/2026,03:32:01,19.4,52.4
06/09/2026,03:37:01,19.4,52.3
06/09/2026,03:42:01,19.4,52.3
06/09/2026,03:47:01,19.4,52.3
06/09/2026,03:52:01,19.3,52.3
06/09/2026,03:57:01,19.3,52.2
06/09/2026,04:02:01,19.3,52.2
06/09/2026,04:07:01,19.3,52.2
06/09/2026,04:12:01,19.3,52.2
06/09/2026,04:17:01,19.3,52.1
06/09/2026,04:22:01,19.2,52.1
06/09/2026,04:27:01,19.2,52.1
06/09/2026,04:32:01,19.2,52.0
06/09/2026,04:37:01,19.2,52.0
06/09/2026,04:42:01,19.2,52.0
06/09/2026,04:47:01,19.1,52.0
06/09/2026,04:52:01,19.1,51.9
06/09/2026,04:57:01,19.1,51.9
06/09/2026,05:02:01,19.0,51.9
06/09/2026,05:07:01,19.0,51.9
06/09/2026,05:12:01,19.0,51.8
06/09/2026,05:17:01,19.0,51.8
06/09/2026,05:22:01,19.0,51.8
06/09/2026,05:27:01,19.0,51.8
06/09/2026,05:32:01,18.9,51.8
06/09/2026,05:37:01,18.9,51.8
06/09/2026,05:42:01,18.9,51.8
06/09/2026,05:47:01,18.9,51.7
06/09/2026,05:52:01,18.9,51.8
06/09/2026,05:57:01,18.9,51.8
06/09/2026,06:02:01,18.8,51.8
06/09/2026,06:07:01,18.9,51.8
06/09/2026,06:12:01,18.8,51.8
06/09/2026,06:17:01,18.8,51.9
06/09/2026,06:22:01,18.8,51.9
06/09/2026,06:27:01,18.8,51.9
06/09/2026,06:32:01,18.8,51.9
06/09/2026,06:37:01,18.8,51.9
06/09/2026,06:42:01,18.8,51.9
06/09/2026,06:47:01,18.8,51.9
06/09/2026,06:52:01,18.8,51.9
06/09/2026,06:57:01,18.8,51.9
06/09/2026,07:02:01,18.8,52.0
06/09/2026,07:07:01,18.9,52.0
06/09/2026,07:12:01,19.0,52.0
06/09/2026,07:17:01,19.1,51.9
06/09/2026,07:22:01,19.2,51.7
06/09/2026,07:27:01,19.4,51.5
06/09/2026,07:32:01,19.5,51.3
06/09/2026,07:37:01,19.5,51.2
06/09/2026,07:42:01,19.6,51.0
06/09/2026,07:47:01,19.6,50.9
06/09/2026,07:52:01,19.5,50.9
06/09/2026,07:57:01,19.5,50.9
06/09/2026,08:02:01,19.5,51.0
06/09/2026,08:07:01,19.5,51.0
06/09/2026,08:12:01,19.5,51.0
06/09/2026,08:17:01,19.5,51.0
06/09/2026,08:22:01,19.5,51.0
06/09/2026,08:27:01,19.5,51.0
06/09/2026,08:32:01,19.5,51.0
06/09/2026,08:37:01,19.5,51.0
06/09/2026,08:42:01,19.5,51.0
06/09/2026,08:47:01,19.5,51.1
06/09/2026,08:52:01,19.5,51.1
06/09/2026,08:57:01,19.5,51.2
06/09/2026,09:02:01,19.5,51.1
06/09/2026,09:07:01,19.4,51.2
06/09/2026,09:12:01,19.5,51.2
06/09/2026,09:17:01,19.4,51.2
06/09/2026,09:22:01,19.4,51.3
06/09/2026,09:27:01,19.4,51.3
06/09/2026,09:32:01,19.4,51.3
06/09/2026,09:37:01,19.4,51.4
06/09/2026,09:42:01,19.4,51.4
06/09/2026,09:47:01,19.4,51.5
06/09/2026,09:52:01,19.4,51.5
06/09/2026,09:57:01,19.4,51.5
06/09/2026,10:02:01,19.4,51.5
06/09/2026,10:07:01,19.4,51.5
06/09/2026,10:12:01,19.4,51.5
06/09/2026,10:17:01,19.4,51.6
06/09/2026,10:22:01,19.4,51.5
06/09/2026,10:27:01,19.4,51.5
06/09/2026,10:32:01,19.4,51.6
06/09/2026,10:37:01,19.4,51.6
06/09/2026,10:42:01,19.4,51.6
06/09/2026,10:47:01,19.4,51.6
06/09/2026,10:52:01,19.3,51.6
06/09/2026,10:57:01,19.3,51.5
06/09/2026,11:02:01,19.3,51.5
06/09/2026,11:07:01,19.3,51.5
06/09/2026,11:12:01,19.3,51.5
06/09/2026,11:17:01,19.3,51.5
06/09/2026,11:22:01,19.3,51.4
06/09/2026,11:27:01,19.3,51.4
06/09/2026,11:32:01,19.3,51.4
06/09/2026,11:37:01,19.3,51.5
06/09/2026,11:42:01,19.3,51.5
06/09/2026,11:47:01,19.3,51.5
06/09/2026,11:52:01,19.3,51.4
06/09/2026,11:57:01,19.3,51.4
06/09/2026,12:02:01,19.3,51.5
06/09/2026,12:07:01,19.3,51.4
06/09/2026,12:12:01,19.3,51.4
06/09/2026,12:17:01,19.3,51.4
06/09/2026,12:22:01,19.3,51.4
06/09/2026,12:27:01,19.3,51.5
06/09/2026,12:32:01,19.3,51.6
06/09/2026,12:37:01,19.3,51.6
06/09/2026,12:42:01,19.4,51.6
06/09/2026,12:47:01,19.4,51.7
06/09/2026,12:52:01,19.4,51.7
06/09/2026,12:57:01,19.4,51.8
06/09/2026,13:02:01,19.4,51.8
06/09/2026,13:07:01,19.5,51.9
06/09/2026,13:12:01,19.5,51.8
06/09/2026,13:17:01,19.5,51.8
06/09/2026,13:22:01,19.5,51.9
06/09/2026,13:27:01,19.5,51.9
06/09/2026,13:32:01,19.5,51.9
06/09/2026,13:37:01,19.5,52.0
06/09/2026,13:42:01,19.5,51.9
06/09/2026,13:47:01,19.6,51.9
06/09/2026,13:52:01,19.6,51.9
06/09/2026,13:57:01,19.6,51.8
06/09/2026,14:02:01,19.6,51.8
06/09/2026,14:07:01,19.6,51.9
06/09/2026,14:12:01,19.6,51.9
06/09/2026,14:17:01,19.6,51.9
06/09/2026,14:22:01,19.6,51.9
06/09/2026,14:27:01,19.6,51.9
06/09/2026,14:32:01,19.6,51.9
06/09/2026,14:37:01,19.6,51.9
06/09/2026,14:42:01,19.6,51.9
06/09/2026,14:47:01,19.6,52.0
06/09/2026,14:52:01,19.6,52.0
06/09/2026,14:57:01,19.7,52.0
06/09/2026,15:02:01,19.7,52.0
06/09/2026,15:07:01,19.7,52.0
06/09/2026,15:12:01,19.7,52.0
06/09/2026,15:17:01,19.7,52.0
06/09/2026,15:22:01,19.7,52.0
06/09/2026,15:27:01,19.7,51.9
06/09/2026,15:32:01,19.8,51.9
06/09/2026,15:37:01,19.8,51.8
06/09/2026,15:42:01,19.8,51.9
06/09/2026,15:47:01,19.8,51.8
06/09/2026,15:52:01,19.8,51.8
06/09/2026,15:57:01,19.8,51.9
06/09/2026,16:02:01,19.8,51.7
06/09/2026,16:07:01,19.9,51.7
06/09/2026,16:12:01,19.8,51.6
06/09/2026,16:17:01,19.9,51.6
06/09/2026,16:22:01,19.9,51.7
06/09/2026,16:27:01,19.9,51.7
06/09/2026,16:32:01,19.9,51.6
06/09/2026,16:37:01,19.9,51.5
06/09/2026,16:42:01,20.0,51.4
06/09/2026,16:47:01,20.0,51.3
06/09/2026,16:52:01,20.0,51.2
06/09/2026,16:57:01,20.0,51.1
06/09/2026,17:02:01,20.0,51.1
06/09/2026,17:07:01,20.0,51.1
06/09/2026,17:12:01,20.0,51.1
06/09/2026,17:17:01,20.0,51.0
06/09/2026,17:22:01,20.0,51.0
06/09/2026,17:27:01,20.0,50.9
06/09/2026,17:32:01,20.0,50.9
06/09/2026,17:37:01,20.0,50.8
06/09/2026,17:42:01,20.0,50.8
06/09/2026,17:47:01,20.0,50.8
06/09/2026,17:52:01,20.0,50.7
06/09/2026,17:57:01,20.0,50.7
06/09/2026,18:02:01,20.0,50.8
06/09/2026,18:07:01,20.0,50.8
06/09/2026,18:12:01,20.0,50.8
06/09/2026,18:17:01,20.0,50.7
06/09/2026,18:22:01,20.0,50.8
06/09/2026,18:27:01,20.0,50.7
06/09/2026,18:32:01,20.0,50.7
06/09/2026,18:37:01,20.0,50.8
06/09/2026,18:42:01,20.0,50.8
06/09/2026,18:47:01,20.0,51.0
06/09/2026,18:52:01,20.0,50.9
06/09/2026,18:57:01,20.0,51.0
06/09/2026,19:02:01,20.1,50.9
06/09/2026,19:07:01,20.1,50.9
06/09/2026,19:12:01,20.1,50.9
06/09/2026,19:17:01,20.1,50.9
06/09/2026,19:22:01,20.1,50.9
06/09/2026,19:27:01,20.1,50.9
06/09/2026,19:32:01,20.2,50.9
06/09/2026,19:37:01,20.2,50.9
06/09/2026,19:42:01,20.2,50.9
06/09/2026,19:47:01,20.3,50.9
06/09/2026,19:52:01,20.2,50.9
06/09/2026,19:57:01,20.3,50.9
06/09/2026,20:02:01,20.3,50.8
06/09/2026,20:07:01,20.3,50.7
06/09/2026,20:12:01,20.3,50.7
06/09/2026,20:17:01,20.3,50.7
06/09/2026,20:22:01,20.3,50.6
06/09/2026,20:27:01,20.3,50.6
06/09/2026,20:32:01,20.3,50.5
06/09/2026,20:37:01,20.2,50.5
06/09/2026,20:42:01,20.2,50.5
06/09/2026,20:47:01,20.2,50.5
06/09/2026,20:52:01,20.2,50.4
06/09/2026,20:57:01,20.2,50.3
06/09/2026,21:02:01,20.2,50.3
06/09/2026,21:07:01,20.2,50.3
06/09/2026,21:12:01,20.2,50.2
06/09/2026,21:17:01,20.2,50.3
06/09/2026,21:22:01,20.1,50.3
06/09/2026,21:27:01,20.1,50.2
06/09/2026,21:32:01,20.1,50.2
06/09/2026,21:37:01,20.1,50.2
06/09/2026,21:42:01,20.1,50.2
06/09/2026,21:47:01,20.1,50.2
06/09/2026,21:52:01,20.0,50.2
06/09/2026,21:57:01,20.0,50.1
06/09/2026,22:02:01,20.0,50.1
06/09/2026,22:07:01,20.0,50.1
06/09/2026,22:12:01,20.0,50.1
06/09/2026,22:17:01,20.0,50.1
06/09/2026,22:22:01,19.9,50.1
06/09/2026,22:27:01,19.9,50.1
06/09/2026,22:32:01,19.9,50.1
06/09/2026,22:37:01,19.9,50.1
06/09/2026,22:42:01,19.8,50.1
06/09/2026,22:47:01,19.8,50.1
06/09/2026,22:52:01,19.8,50.0
06/09/2026,22:57:01,19.8,50.0
06/09/2026,23:02:01,19.8,50.0
06/09/2026,23:07:01,19.8,50.0
06/09/2026,23:12:01,19.7,50.0
06/09/2026,23:17:01,19.7,50.0
06/09/2026,23:22:01,19.7,50.0
06/09/2026,23:27:01,19.7,50.0
06/09/2026,23:32:01,19.6,50.0
06/09/2026,23:37:01,19.6,50.0
06/09/2026,23:42:01,19.6,49.9
06/09/2026,23:47:01,19.6,50.0
06/09/2026,23:52:01,19.6,49.9
06/09/2026,23:57:01,19.6,49.9
06/10/2026,00:02:01,19.5,50.0
06/10/2026,00:07:01,19.5,49.9
06/10/2026,00:12:01,19.5,49.9
06/10/2026,00:17:01,19.5,49.9
06/10/2026,00:22:01,19.5,49.9
06/10/2026,00:27:01,19.4,49.9
06/10/2026,00:32:01,19.4,49.9
06/10/2026,00:37:01,19.4,49.9
06/10/2026,00:42:01,19.4,49.9
06/10/2026,00:47:01,19.4,49.8
06/10/2026,00:52:01,19.4,49.9
06/10/2026,00:57:01,19.3,49.9
06/10/2026,01:02:01,19.3,49.8
06/10/2026,01:07:01,19.3,49.8
06/10/2026,01:12:01,19.3,49.8
06/10/2026,01:17:01,19.3,49.8
06/10/2026,01:22:01,19.3,49.8
06/10/2026,01:27:01,19.2,49.7
06/10/2026,01:32:01,19.2,49.8
06/10/2026,01:37:01,19.2,49.8
06/10/2026,01:42:01,19.2,49.8
06/10/2026,01:47:01,19.2,49.8
06/10/2026,01:52:01,19.2,49.8
06/10/2026,01:57:01,19.1,49.8
06/10/2026,02:02:01,19.2,49.8
06/10/2026,02:07:01,19.1,49.7
06/10/2026,02:12:01,19.1,49.8
06/10/2026,02:17:01,19.1,49.7
06/10/2026,02:22:01,19.1,49.8
06/10/2026,02:27:01,19.1,49.8
06/10/2026,02:32:01,19.1,49.7
06/10/2026,02:37:01,19.0,49.7
06/10/2026,02:42:01,19.0,49.7
06/10/2026,02:47:01,19.0,49.8
06/10/2026,02:52:01,19.0,49.7
06/10/2026,02:57:01,19.0,49.7
06/10/2026,03:02:01,18.9,49.8
06/10/2026,03:07:01,18.9,49.7
06/10/2026,03:12:01,18.9,49.8
06/10/2026,03:17:01,18.9,49.7
06/10/2026,03:22:01,18.9,49.8
06/10/2026,03:27:01,18.9,49.7
06/10/2026,03:32:01,18.9,49.7
06/10/2026,03:37:01,18.9,49.8
06/10/2026,03:42:01,18.9,49.7
06/10/2026,03:47:01,18.8,49.8
06/10/2026,03:52:01,18.8,49.8
06/10/2026,03:57:01,18.8,49.8
06/10/2026,04:02:01,18.8,49.8
06/10/2026,04:07:01,18.8,49.7
06/10/2026,04:12:01,18.8,49.7
06/10/2026,04:17:01,18.7,49.7
06/10/2026,04:22:01,18.7,49.7
06/10/2026,04:27:01,18.7,49.8
06/10/2026,04:32:01,18.7,49.7
06/10/2026,04:37:01,18.7,49.8
06/10/2026,04:42:01,18.7,49.7
06/10/2026,04:47:01,18.7,49.7
06/10/2026,04:52:01,18.6,49.7
06/10/2026,04:57:01,18.7,49.8
06/10/2026,05:02:01,18.6,49.8
06/10/2026,05:07:01,18.6,49.8
06/10/2026,05:12:01,18.6,49.8
06/10/2026,05:17:01,18.6,49.8
06/10/2026,05:22:01,18.6,49.8
06/10/2026,05:27:01,18.6,49.8
06/10/2026,05:32:01,18.5,49.8
06/10/2026,05:37:01,18.5,49.8
06/10/2026,05:42:01,18.5,49.8
06/10/2026,05:47:01,18.5,49.8
06/10/2026,05:52:01,18.5,49.8
06/10/2026,05:57:01,18.5,49.8
06/10/2026,06:02:01,18.4,49.8
06/10/2026,06:07:01,18.4,49.8
06/10/2026,06:12:01,18.4,49.8
06/10/2026,06:17:01,18.4,49.9
06/10/2026,06:22:01,18.4,49.8
06/10/2026,06:27:01,18.4,49.9
06/10/2026,06:32:01,18.4,49.9
06/10/2026,06:37:01,18.4,49.9
06/10/2026,06:42:01,18.4,50.0
06/10/2026,06:47:01,18.4,49.9
06/10/2026,06:52:01,18.4,49.9
06/10/2026,06:57:01,18.4,49.9
06/10/2026,07:02:01,18.4,49.9
06/10/2026,07:07:01,18.4,50.0
06/10/2026,07:12:01,18.4,50.0
06/10/2026,07:17:01,18.4,50.0
06/10/2026,07:22:01,18.4,50.0
06/10/2026,07:27:01,18.4,49.9
06/10/2026,07:32:01,18.4,50.0
06/10/2026,07:37:01,18.5,50.0
06/10/2026,07:42:01,18.5,49.9
06/10/2026,07:47:01,18.6,49.9
06/10/2026,07:52:01,18.6,49.8
06/10/2026,07:57:01,18.7,49.8
06/10/2026,08:02:01,18.6,49.8
06/10/2026,08:07:01,18.6,49.8
06/10/2026,08:12:01,18.6,49.8
06/10/2026,08:17:01,18.6,49.8
06/10/2026,08:22:01,18.6,49.9
06/10/2026,08:27:01,18.6,49.8
06/10/2026,08:32:01,18.6,49.8
06/10/2026,08:37:01,18.6,49.9
06/10/2026,08:42:01,18.6,49.9
06/10/2026,08:47:01,18.6,49.9
06/10/2026,08:52:01,18.6,50.0
06/10/2026,08:57:01,18.6,49.9
06/10/2026,09:02:01,18.6,50.0
06/10/2026,09:07:01,18.6,50.0
06/10/2026,09:12:01,18.6,50.0
06/10/2026,09:17:01,18.6,50.0
06/10/2026,09:22:01,18.7,50.1
06/10/2026,09:27:01,18.6,50.1
06/10/2026,09:32:01,18.7,50.3
06/10/2026,09:37:01,18.7,50.3
06/10/2026,09:42:01,18.7,50.4
06/10/2026,09:47:01,18.7,50.6
06/10/2026,09:52:01,18.7,50.7
06/10/2026,09:57:01,18.7,50.8
06/10/2026,10:02:01,18.8,50.9
06/10/2026,10:07:01,18.8,51.0
06/10/2026,10:12:01,18.8,51.1
06/10/2026,10:17:01,18.8,51.1
06/10/2026,10:22:01,18.8,51.1
06/10/2026,10:27:01,18.9,51.2
06/10/2026,10:32:01,18.9,51.2
06/10/2026,10:37:01,18.9,51.2
06/10/2026,10:42:01,18.9,51.3
06/10/2026,10:47:01,18.9,51.2
06/10/2026,10:52:01,18.9,51.3
06/10/2026,10:57:01,19.0,51.3
06/10/2026,11:02:01,19.0,51.3
06/10/2026,11:07:01,19.0,51.3
06/10/2026,11:12:01,19.0,51.3
06/10/2026,11:17:01,19.0,51.2
06/10/2026,11:22:01,19.0,51.2
06/10/2026,11:27:01,19.1,51.2
06/10/2026,11:32:01,19.0,51.2
06/10/2026,11:37:01,19.1,51.3
06/10/2026,11:42:01,19.1,51.3
06/10/2026,11:47:01,19.0,51.3
06/10/2026,11:52:01,19.0,51.2
06/10/2026,11:57:01,19.0,51.2
06/10/2026,12:02:01,19.0,51.2
06/10/2026,12:07:01,19.0,51.2
06/10/2026,12:12:01,19.0,51.2
06/10/2026,12:17:01,19.0,51.2
06/10/2026,12:22:01,19.0,51.3
06/10/2026,12:27:01,19.0,51.3
06/10/2026,12:32:01,19.0,51.4
06/10/2026,12:37:01,19.0,51.4
06/10/2026,12:42:01,19.0,51.4
06/10/2026,12:47:01,19.0,51.5
06/10/2026,12:52:01,19.0,51.5
06/10/2026,12:57:01,19.0,51.5
06/10/2026,13:02:01,19.0,51.6
06/10/2026,13:07:01,19.0,51.6
06/10/2026,13:12:01,19.0,51.6
06/10/2026,13:17:01,19.0,51.7
06/10/2026,13:22:01,19.0,51.7
06/10/2026,13:27:01,19.0,51.7
06/10/2026,13:32:01,19.0,51.8
06/10/2026,13:37:01,19.0,52.0
06/10/2026,13:42:01,19.0,51.9
06/10/2026,13:47:01,19.0,51.9
06/10/2026,13:52:01,19.0,52.0
06/10/2026,13:57:01,19.1,52.1
06/10/2026,14:02:01,19.1,52.1
06/10/2026,14:07:01,19.1,52.1
06/10/2026,14:12:01,19.1,52.1
06/10/2026,14:17:01,19.1,52.2
06/10/2026,14:22:01,19.1,52.2
06/10/2026,14:27:01,19.1,52.2
06/10/2026,14:32:01,19.1,52.2
06/10/2026,14:37:01,19.2,52.1
06/10/2026,14:42:01,19.1,52.2
06/10/2026,14:47:01,19.2,52.2
06/10/2026,14:52:01,19.2,52.2
06/10/2026,14:57:01,19.2,52.2
06/10/2026,15:02:01,19.2,52.2
06/10/2026,15:07:01,19.2,52.2
06/10/2026,15:12:01,19.2,52.3
06/10/2026,15:17:01,19.2,52.3
06/10/2026,15:22:01,19.2,52.3
06/10/2026,15:27:01,19.2,52.3
06/10/2026,15:32:01,19.2,52.3
06/10/2026,15:37:01,19.2,52.4
06/10/2026,15:42:01,19.2,52.4
06/10/2026,15:47:01,19.2,52.3
06/10/2026,15:52:01,19.2,52.4
06/10/2026,15:57:01,19.2,52.4
06/10/2026,16:02:01,19.2,52.5
06/10/2026,16:07:01,19.2,52.6
06/10/2026,16:12:01,19.2,52.6
06/10/2026,16:17:01,19.1,52.6
06/10/2026,16:22:01,19.2,52.6
06/10/2026,16:27:01,19.1,52.6
06/10/2026,16:32:01,19.2,52.6
06/10/2026,16:37:01,19.2,52.6
06/10/2026,16:42:01,19.2,52.7
06/10/2026,16:47:01,19.2,52.6
06/10/2026,16:52:01,19.2,52.6
06/10/2026,16:57:01,19.2,52.7
06/10/2026,17:02:01,19.2,52.7
06/10/2026,17:07:01,19.2,52.8
06/10/2026,17:12:01,19.2,52.8
06/10/2026,17:17:01,19.2,52.8
06/10/2026,17:22:01,19.2,52.8
06/10/2026,17:27:01,19.2,52.9
06/10/2026,17:32:01,19.2,52.9
06/10/2026,17:37:01,19.2,52.9
06/10/2026,17:42:01,19.2,53.0
06/10/2026,17:47:01,19.2,52.9
06/10/2026,17:52:01,19.2,53.0
06/10/2026,17:57:01,19.2,53.0
06/10/2026,18:02:01,19.2,53.0
06/10/2026,18:07:01,19.3,53.0
06/10/2026,18:12:01,19.3,53.1
06/10/2026,18:17:01,19.3,53.1
06/10/2026,18:22:01,19.3,53.1
06/10/2026,18:27:01,19.3,53.1
06/10/2026,18:32:01,19.3,53.1
06/10/2026,18:37:01,19.3,53.1
06/10/2026,18:42:01,19.3,53.1
06/10/2026,18:47:01,19.3,53.1
06/10/2026,18:52:01,19.3,53.2
06/10/2026,18:57:01,19.4,53.9
06/10/2026,19:02:01,19.4,53.3
06/10/2026,19:07:01,19.4,53.3
06/10/2026,19:12:01,19.4,53.6
06/10/2026,19:17:01,19.5,53.6
06/10/2026,19:22:01,19.5,53.7
06/10/2026,19:27:01,19.6,54.0
06/10/2026,19:32:01,19.6,54.1
06/10/2026,19:37:01,19.6,53.9
06/10/2026,19:42:01,19.6,54.1
06/10/2026,19:47:01,19.7,54.0
06/10/2026,19:52:01,19.7,54.2
06/10/2026,19:57:01,19.7,54.8
06/10/2026,20:02:01,19.8,54.8
06/10/2026,20:07:01,19.9,54.7
06/10/2026,20:12:01,20.0,54.7
06/10/2026,20:17:01,20.0,53.9
06/10/2026,20:22:01,19.9,53.9
06/10/2026,20:27:01,19.9,53.9
06/10/2026,20:32:01,19.9,53.9
06/10/2026,20:37:01,19.9,53.8
06/10/2026,20:42:01,19.8,53.8
06/10/2026,20:47:01,19.8,53.8
06/10/2026,20:52:01,19.8,53.8
06/10/2026,20:57:01,19.7,53.8
06/10/2026,21:02:01,19.7,53.8
06/10/2026,21:07:01,19.7,53.9
06/10/2026,21:12:01,19.7,53.9
06/10/2026,21:17:01,19.7,53.9
06/10/2026,21:22:01,19.6,53.9
06/10/2026,21:27:01,19.6,53.9
06/10/2026,21:32:01,19.6,53.9
06/10/2026,21:37:01,19.6,53.9
06/10/2026,21:42:01,19.6,53.9
06/10/2026,21:47:01,19.5,53.9
06/10/2026,21:52:01,19.5,54.0
06/10/2026,21:57:01,19.5,53.9
06/10/2026,22:02:01,19.5,54.0
06/10/2026,22:07:01,19.5,54.0
06/10/2026,22:12:01,19.4,54.0
06/10/2026,22:17:01,19.4,54.0
06/10/2026,22:22:01,19.4,54.0
06/10/2026,22:27:01,19.4,54.0
06/10/2026,22:32:01,19.3,54.0
06/10/2026,22:37:01,19.3,54.0
06/10/2026,22:42:01,19.3,54.0
06/10/2026,22:47:01,19.3,54.1
06/10/2026,22:52:01,19.2,54.1
06/10/2026,22:57:01,19.2,54.0
06/10/2026,23:02:01,19.2,54.1
06/10/2026,23:07:01,19.2,54.0
06/10/2026,23:12:01,19.2,54.1
06/10/2026,23:17:01,19.1,54.1
06/10/2026,23:22:01,19.1,54.1
06/10/2026,23:27:01,19.1,54.1
06/10/2026,23:32:01,19.1,54.1
06/10/2026,23:37:01,19.1,54.1
06/10/2026,23:42:01,19.0,54.1
06/10/2026,23:47:01,19.0,54.1
06/10/2026,23:52:01,19.0,54.1
06/10/2026,23:57:01,19.0,54.1
06/11/2026,00:02:01,19.0,54.1
06/11/2026,00:07:01,19.0,54.2
06/11/2026,00:12:01,18.9,54.1
06/11/2026,00:17:01,18.9,54.1
06/11/2026,00:22:01,18.9,54.1
06/11/2026,00:27:01,18.9,54.1
06/11/2026,00:32:01,18.9,54.2
06/11/2026,00:37:01,18.9,54.2
06/11/2026,00:42:01,18.9,54.2
06/11/2026,00:47:01,18.8,54.2
06/11/2026,00:52:01,18.8,54.2
06/11/2026,00:57:01,18.8,54.2
06/11/2026,01:02:01,18.8,54.2
06/11/2026,01:07:01,18.7,54.1
06/11/2026,01:12:01,18.7,54.1
06/11/2026,01:17:01,18.7,54.1
06/11/2026,01:22:01,18.7,54.1
06/11/2026,01:27:01,18.7,54.1
06/11/2026,01:32:01,18.7,54.1
06/11/2026,01:37:01,18.7,54.1
06/11/2026,01:42:01,18.7,54.0
06/11/2026,01:47:01,18.6,54.0
06/11/2026,01:52:01,18.6,54.0
06/11/2026,01:57:01,18.6,54.0
06/11/2026,02:02:01,18.6,54.0
06/11/2026,02:07:01,18.6,54.0
06/11/2026,02:12:01,18.6,54.0
06/11/2026,02:17:01,18.5,54.0
06/11/2026,02:22:01,18.6,54.0
06/11/2026,02:27:01,18.5,53.9
06/11/2026,02:32:01,18.5,53.9
06/11/2026,02:37:01,18.5,53.9
06/11/2026,02:42:01,18.5,53.9
06/11/2026,02:47:01,18.4,53.9
06/11/2026,02:52:01,18.4,53.8
06/11/2026,02:57:01,18.4,53.9
06/11/2026,03:02:01,18.4,53.8
06/11/2026,03:07:01,18.4,53.9
06/11/2026,03:12:01,18.4,53.8
06/11/2026,03:17:01,18.4,53.8
06/11/2026,03:22:01,18.4,53.8
06/11/2026,03:27:01,18.3,53.8
06/11/2026,03:32:01,18.3,53.7
06/11/2026,03:37:01,18.3,53.7
06/11/2026,03:42:01,18.3,53.7
06/11/2026,03:47:01,18.3,53.7
06/11/2026,03:52:01,18.3,53.7
06/11/2026,03:57:01,18.2,53.6
06/11/2026,04:02:01,18.3,53.7
06/11/2026,04:07:01,18.2,53.6
06/11/2026,04:12:01,18.2,53.6
06/11/2026,04:17:01,18.2,53.6
06/11/2026,04:22:01,18.2,53.6
06/11/2026,04:27:01,18.2,53.6
06/11/2026,04:32:01,18.2,53.6
06/11/2026,04:37:01,18.1,53.5
06/11/2026,04:42:01,18.1,53.5
06/11/2026,04:47:01,18.1,53.5
06/11/2026,04:52:01,18.1,53.6
06/11/2026,04:57:01,18.1,53.5
06/11/2026,05:02:01,18.1,53.5
06/11/2026,05:07:01,18.1,53.4
06/11/2026,05:12:01,18.1,53.5
06/11/2026,05:17:01,18.0,53.5
06/11/2026,05:22:01,18.0,53.4
06/11/2026,05:27:01,18.0,53.4
06/11/2026,05:32:01,18.0,53.4
06/11/2026,05:37:01,18.0,53.4
06/11/2026,05:42:01,18.0,53.3
06/11/2026,05:47:01,18.0,53.4
06/11/2026,05:52:01,17.9,53.4
06/11/2026,05:57:01,18.0,53.3
06/11/2026,06:02:01,18.0,53.3
06/11/2026,06:07:01,17.9,53.4
06/11/2026,06:12:01,17.9,53.3
06/11/2026,06:17:01,17.9,53.4
06/11/2026,06:22:01,17.9,53.3
06/11/2026,06:27:01,17.9,53.3
06/11/2026,06:32:01,17.9,53.3
06/11/2026,06:37:01,17.9,53.3
06/11/2026,06:42:01,17.9,53.4
06/11/2026,06:47:01,17.9,53.4
06/11/2026,06:52:01,17.9,53.4
06/11/2026,06:57:01,17.9,53.4
06/11/2026,07:02:01,17.9,53.4
06/11/2026,07:07:01,17.9,53.4
06/11/2026,07:12:01,17.9,53.4
06/11/2026,07:17:01,17.9,53.3
06/11/2026,07:22:01,17.9,53.3
06/11/2026,07:27:01,17.9,53.5
06/11/2026,07:32:01,18.0,53.4
06/11/2026,07:37:01,18.0,53.3
06/11/2026,07:42:01,18.0,53.2
06/11/2026,07:47:01,18.0,53.2
06/11/2026,07:52:01,18.0,53.1
06/11/2026,07:57:01,18.0,53.2
06/11/2026,08:02:01,18.0,53.2
06/11/2026,08:07:01,18.0,53.2
06/11/2026,08:12:01,18.0,53.2
06/11/2026,08:17:01,18.0,53.2
06/11/2026,08:22:01,17.9,53.2
06/11/2026,08:27:01,18.0,53.2
06/11/2026,08:32:01,17.9,53.3
06/11/2026,08:37:01,17.9,53.3
06/11/2026,08:42:01,18.0,53.3
06/11/2026,08:47:01,17.9,53.3
06/11/2026,08:52:01,17.9,53.4
06/11/2026,08:57:01,17.9,53.4
06/11/2026,09:02:01,17.9,53.4
06/11/2026,09:07:01,17.9,53.4
06/11/2026,09:12:01,18.0,53.4
06/11/2026,09:17:01,18.0,53.4
06/11/2026,09:22:01,18.0,53.5
06/11/2026,09:27:01,17.9,53.6
06/11/2026,09:32:01,18.0,53.6
06/11/2026,09:37:01,17.9,53.7
06/11/2026,09:42:01,18.0,53.8
06/11/2026,09:47:01,18.0,54.0
06/11/2026,09:52:01,18.0,54.0
06/11/2026,09:57:01,18.0,54.1
06/11/2026,10:02:01,18.0,54.3
06/11/2026,10:07:01,18.0,54.4
06/11/2026,10:12:01,18.0,54.5
06/11/2026,10:17:01,18.1,54.5
06/11/2026,10:22:01,18.0,54.5
06/11/2026,10:27:01,18.1,54.6
06/11/2026,10:32:01,18.1,54.6
06/11/2026,10:37:01,18.1,54.7
06/11/2026,10:42:01,18.1,54.7
06/11/2026,10:47:01,18.1,54.7
06/11/2026,10:52:01,18.1,54.7
06/11/2026,10:57:01,18.1,54.8
06/11/2026,11:02:01,18.1,54.8
06/11/2026,11:07:01,18.1,54.9
06/11/2026,11:12:01,18.1,54.9
06/11/2026,11:17:01,18.1,54.9
06/11/2026,11:22:01,18.1,54.9
06/11/2026,11:27:01,18.1,55.0
06/11/2026,11:32:01,18.1,55.0
06/11/2026,11:37:01,18.1,55.0
06/11/2026,11:42:01,18.1,55.0
06/11/2026,11:47:01,18.1,55.1
06/11/2026,11:52:01,18.1,55.1
06/11/2026,11:57:01,18.1,55.2
06/11/2026,12:02:01,18.1,55.2
06/11/2026,12:07:01,18.1,55.2
06/11/2026,12:12:01,18.1,55.3
06/11/2026,12:17:01,18.1,55.2
06/11/2026,12:22:01,18.1,55.3
06/11/2026,12:27:01,18.1,55.3
06/11/2026,12:32:01,18.1,55.3
06/11/2026,12:37:01,18.0,55.4
06/11/2026,12:42:01,18.1,55.4
06/11/2026,12:47:01,18.1,55.4
06/11/2026,12:52:01,18.0,55.5
06/11/2026,12:57:01,18.1,55.5
06/11/2026,13:02:01,18.0,55.5
06/11/2026,13:07:01,18.1,55.6
06/11/2026,13:12:01,18.0,55.6
06/11/2026,13:17:01,18.1,55.6
06/11/2026,13:22:01,18.0,55.7
06/11/2026,13:27:01,18.1,55.7
06/11/2026,13:32:01,18.1,55.7
06/11/2026,13:37:01,18.1,55.7
06/11/2026,13:42:01,18.0,55.8
06/11/2026,13:47:01,18.0,55.8
06/11/2026,13:52:01,18.0,55.8
06/11/2026,13:57:01,18.0,55.8
06/11/2026,14:02:01,18.0,55.8
06/11/2026,14:07:01,18.0,55.9
06/11/2026,14:12:01,18.0,55.9
06/11/2026,14:17:01,18.0,55.9
06/11/2026,14:22:01,18.0,55.9
06/11/2026,14:27:01,18.0,56.0
06/11/2026,14:32:01,18.0,56.0
06/11/2026,14:37:01,18.0,56.0
06/11/2026,14:42:01,18.0,56.0
06/11/2026,14:47:01,18.0,56.1
06/11/2026,14:52:01,18.0,56.1
06/11/2026,14:57:01,18.0,56.1
06/11/2026,15:02:01,18.0,56.1
06/11/2026,15:07:01,18.0,56.2
06/11/2026,15:12:01,18.0,56.2
06/11/2026,15:17:01,18.0,56.2
06/11/2026,15:22:01,18.0,56.3
06/11/2026,15:27:01,18.0,56.3
06/11/2026,15:32:01,17.9,56.4
06/11/2026,15:37:01,18.0,56.6
06/11/2026,15:42:01,17.9,56.6
06/11/2026,15:47:01,17.9,56.7
06/11/2026,15:52:01,17.9,56.7
06/11/2026,15:57:01,17.9,56.8
06/11/2026,16:02:01,17.9,57.0
06/11/2026,16:07:01,17.9,57.0
06/11/2026,16:12:01,17.9,57.0
06/11/2026,16:17:01,17.9,57.1
06/11/2026,16:22:01,17.9,57.1
06/11/2026,16:27:01,17.9,57.2
06/11/2026,16:32:01,17.9,57.2
06/11/2026,16:37:01,17.9,57.3
06/11/2026,16:42:01,17.9,57.3
06/11/2026,16:47:01,17.9,57.3
06/11/2026,16:52:01,17.9,57.5
06/11/2026,16:57:01,17.9,57.5
06/11/2026,17:02:01,17.9,57.6
06/11/2026,17:07:01,17.9,57.7
06/11/2026,17:12:01,17.9,57.7
06/11/2026,17:17:01,17.9,57.8
06/11/2026,17:22:01,17.9,57.7
06/11/2026,17:27:01,17.9,57.8
06/11/2026,17:32:01,17.9,57.9
06/11/2026,17:37:01,17.9,58.0
06/11/2026,17:42:01,17.9,58.1
06/11/2026,17:47:01,17.9,58.1
06/11/2026,17:52:01,17.9,58.0
06/11/2026,17:57:01,17.9,58.2
06/11/2026,18:02:01,17.9,58.3
06/11/2026,18:07:01,17.9,58.4
06/11/2026,18:12:01,17.9,58.4
06/11/2026,18:17:01,17.9,58.5
06/11/2026,18:22:01,17.9,58.6
06/11/2026,18:27:01,17.9,58.7
06/11/2026,18:32:01,17.9,58.8
06/11/2026,18:37:01,18.0,59.0
06/11/2026,18:42:01,18.0,59.1
06/11/2026,18:47:01,18.0,59.1
06/11/2026,18:52:01,18.1,59.4
06/11/2026,18:57:01,18.1,59.4
06/11/2026,19:02:01,18.2,59.7
06/11/2026,19:07:01,18.2,59.6
06/11/2026,19:12:01,18.3,59.7
06/11/2026,19:17:01,18.4,60.0
06/11/2026,19:22:01,18.4,60.1
06/11/2026,19:27:01,18.5,60.0
06/11/2026,19:32:01,18.5,59.8
06/11/2026,19:37:01,18.6,59.9
06/11/2026,19:42:01,18.6,60.0
06/11/2026,19:47:01,18.7,60.2
06/11/2026,19:52:01,18.7,60.1
06/11/2026,19:57:01,18.8,60.1
06/11/2026,20:02:01,18.9,60.3
06/11/2026,20:07:01,18.9,60.4
06/11/2026,20:12:01,18.9,60.5
06/11/2026,20:17:01,19.0,60.7
06/11/2026,20:22:01,19.0,60.7
06/11/2026,20:27:01,19.1,60.6
06/11/2026,20:32:01,19.1,60.5
06/11/2026,20:37:01,19.1,60.6
06/11/2026,20:42:01,19.1,60.7
06/11/2026,20:47:01,19.1,60.6
06/11/2026,20:52:01,19.1,60.6
06/11/2026,20:57:01,19.1,60.5
06/11/2026,21:02:01,19.1,60.7
06/11/2026,21:07:01,19.1,60.8
06/11/2026,21:12:01,19.1,60.8
06/11/2026,21:17:01,19.1,60.9
06/11/2026,21:22:01,19.1,60.9
06/11/2026,21:27:01,19.1,61.0
06/11/2026,21:32:01,19.1,61.1
06/11/2026,21:37:01,19.0,61.1
06/11/2026,21:42:01,19.0,61.2
06/11/2026,21:47:01,19.0,61.1
06/11/2026,21:52:01,19.0,61.3
06/11/2026,21:57:01,19.0,61.4
06/11/2026,22:02:01,19.0,61.3
06/11/2026,22:07:01,19.0,61.3
06/11/2026,22:12:01,18.9,61.4
06/11/2026,22:17:01,18.9,61.4
06/11/2026,22:22:01,18.9,61.4
06/11/2026,22:27:01,18.9,61.5
06/11/2026,22:32:01,18.9,61.5
06/11/2026,22:37:01,18.9,61.5
06/11/2026,22:42:01,18.9,61.6
06/11/2026,22:47:01,18.8,61.6
06/11/2026,22:52:01,18.8,61.6
06/11/2026,22:57:01,18.8,61.7
06/11/2026,23:02:01,18.8,61.7
06/11/2026,23:07:01,18.8,61.7
06/11/2026,23:12:01,18.8,61.7
06/11/2026,23:17:01,18.7,61.7
06/11/2026,23:22:01,18.7,61.8
06/11/2026,23:27:01,18.7,61.8
06/11/2026,23:32:01,18.7,61.9
06/11/2026,23:37:01,18.7,61.9
06/11/2026,23:42:01,18.7,61.9
06/11/2026,23:47:01,18.7,61.9
06/11/2026,23:52:01,18.6,62.0
06/11/2026,23:57:01,18.6,62.0
06/12/2026,00:02:01,18.6,62.0
06/12/2026,00:07:01,18.6,62.0
06/12/2026,00:12:01,18.6,62.0
06/12/2026,00:17:01,18.6,62.0
06/12/2026,00:22:01,18.6,62.1
06/12/2026,00:27:01,18.5,62.0
06/12/2026,00:32:01,18.5,62.1
06/12/2026,00:37:01,18.5,62.1
06/12/2026,00:42:01,18.5,62.2
06/12/2026,00:47:01,18.5,62.2
06/12/2026,00:52:01,18.5,62.2
06/12/2026,00:57:01,18.5,62.2
06/12/2026,01:02:01,18.5,62.2
06/12/2026,01:07:01,18.5,62.3
06/12/2026,01:12:01,18.5,62.3
06/12/2026,01:17:01,18.4,62.3
06/12/2026,01:22:01,18.4,62.3
06/12/2026,01:27:01,18.4,62.3
06/12/2026,01:32:01,18.4,62.3
06/12/2026,01:37:01,18.4,62.4
06/12/2026,01:42:01,18.4,62.3
06/12/2026,01:47:01,18.4,62.4
06/12/2026,01:52:01,18.3,62.4
06/12/2026,01:57:01,18.3,62.3
06/12/2026,02:02:01,18.3,62.5
06/12/2026,02:07:01,18.3,62.5
06/12/2026,02:12:01,18.3,62.5
06/12/2026,02:17:01,18.3,62.5
06/12/2026,02:22:01,18.3,62.6
06/12/2026,02:27:01,18.3,62.6
06/12/2026,02:32:01,18.3,62.6
06/12/2026,02:37:01,18.3,62.6
06/12/2026,02:42:01,18.3,62.7
06/12/2026,02:47:01,18.3,62.7
06/12/2026,02:52:01,18.3,62.7
06/12/2026,02:57:01,18.3,62.7
06/12/2026,03:02:01,18.3,62.8
06/12/2026,03:07:01,18.3,62.9
06/12/2026,03:12:01,18.2,62.8
06/12/2026,03:17:01,18.2,62.8
06/12/2026,03:22:01,18.2,62.8
06/12/2026,03:27:01,18.2,62.9
06/12/2026,03:32:01,18.2,62.8
06/12/2026,03:37:01,18.2,62.8
06/12/2026,03:42:01,18.2,62.9
06/12/2026,03:47:01,18.2,62.9
06/12/2026,03:52:01,18.2,62.9
06/12/2026,03:57:01,18.2,63.0
06/12/2026,04:02:01,18.2,63.0
06/12/2026,04:07:01,18.2,63.0
06/12/2026,04:12:01,18.2,63.0
06/12/2026,04:17:01,18.2,63.0
06/12/2026,04:22:01,18.2,63.1
06/12/2026,04:27:01,18.2,63.2
06/12/2026,04:32:01,18.2,63.1
06/12/2026,04:37:01,18.2,63.2
06/12/2026,04:42:01,18.2,63.1
06/12/2026,04:47:01,18.2,63.1
06/12/2026,04:52:01,18.2,63.2
06/12/2026,04:57:01,18.1,63.2
06/12/2026,05:02:01,18.1,63.2
06/12/2026,05:07:01,18.2,63.2
06/12/2026,05:12:01,18.1,63.1
06/12/2026,05:17:01,18.2,63.2
06/12/2026,05:22:01,18.1,63.2
06/12/2026,05:27:01,18.1,63.3
06/12/2026,05:32:01,18.1,63.2
06/12/2026,05:37:01,18.1,63.3
06/12/2026,05:42:01,18.1,63.2
06/12/2026,05:47:01,18.1,63.3
06/12/2026,05:52:01,18.1,63.3
06/12/2026,05:57:01,18.1,63.3
06/12/2026,06:02:01,18.1,63.3
06/12/2026,06:07:01,18.1,63.3
06/12/2026,06:12:01,18.1,63.4
06/12/2026,06:17:01,18.1,63.4
06/12/2026,06:22:01,18.2,63.3
06/12/2026,06:27:01,18.2,63.4
06/12/2026,06:32:01,18.1,63.3
06/12/2026,06:37:01,18.2,63.3
06/12/2026,06:42:01,18.2,63.3
06/12/2026,06:47:01,18.2,63.3
06/12/2026,06:52:01,18.2,63.6
06/12/2026,06:57:01,18.2,63.6
06/12/2026,07:02:01,18.2,63.6
06/12/2026,07:07:01,18.2,63.5
06/12/2026,07:12:01,18.3,63.6
06/12/2026,07:17:01,18.3,63.6
06/12/2026,07:22:01,18.3,63.6
06/12/2026,07:27:01,18.3,63.6
06/12/2026,07:32:01,18.3,63.6
06/12/2026,07:37:01,18.3,63.6
06/12/2026,07:42:01,18.3,63.6
06/12/2026,07:47:01,18.3,63.6
06/12/2026,07:52:01,18.3,63.6
06/12/2026,07:57:01,18.3,63.7
06/12/2026,08:02:01,18.3,63.7
06/12/2026,08:07:01,18.3,63.7
06/12/2026,08:12:01,18.3,63.6
06/12/2026,08:17:01,18.3,63.7
06/12/2026,08:22:01,18.4,63.7
06/12/2026,08:27:01,18.4,63.6
06/12/2026,08:32:01,18.4,63.6
06/12/2026,08:37:01,18.3,63.7
06/12/2026,08:42:01,18.4,63.6
06/12/2026,08:47:01,18.4,63.6
06/12/2026,08:52:01,18.4,63.7
06/12/2026,08:57:01,18.4,63.8
06/12/2026,09:02:01,18.4,63.8
06/12/2026,09:07:01,18.4,63.7
06/12/2026,09:12:01,18.4,63.8
06/12/2026,09:17:01,18.4,63.8
06/12/2026,09:22:01,18.4,63.8
06/12/2026,09:27:01,18.4,63.7
06/12/2026,09:32:01,18.4,63.9
06/12/2026,09:37:01,18.5,63.9
06/12/2026,09:42:01,18.5,64.9
06/12/2026,09:47:01,18.6,65.2
06/12/2026,09:52:01,18.6,64.3
06/12/2026,09:57:01,18.6,64.1
06/12/2026,10:02:01,18.7,64.0
06/12/2026,10:07:01,18.6,64.0
06/12/2026,10:12:01,18.7,63.9
06/12/2026,10:17:01,18.7,63.8
06/12/2026,10:22:01,18.7,63.8
06/12/2026,10:27:01,18.7,63.8
06/12/2026,10:32:01,18.7,63.7
06/12/2026,10:37:01,18.7,63.7
06/12/2026,10:42:01,18.7,63.8
06/12/2026,10:47:01,18.7,63.8
06/12/2026,10:52:01,18.7,63.7
06/12/2026,10:57:01,18.7,63.7
06/12/2026,11:02:01,18.7,63.8
06/12/2026,11:07:01,18.8,63.8
06/12/2026,11:12:01,18.8,63.9
06/12/2026,11:17:01,18.8,63.9
06/12/2026,11:22:01,18.8,63.9
06/12/2026,11:27:01,18.8,64.0
06/12/2026,11:32:01,18.8,63.9
06/12/2026,11:37:01,18.8,64.0
06/12/2026,11:42:01,18.8,63.9
06/12/2026,11:47:01,18.9,63.8
06/12/2026,11:52:01,18.9,63.8
06/12/2026,11:57:01,18.9,63.9
06/12/2026,12:02:01,18.9,63.8
06/12/2026,12:07:01,18.9,63.8
06/12/2026,12:12:01,18.9,63.8
06/12/2026,12:17:01,18.9,63.7
06/12/2026,12:22:01,18.9,63.7
06/12/2026,12:27:01,19.0,64.2
06/12/2026,12:32:01,19.0,64.3
06/12/2026,12:37:01,19.1,64.5
06/12/2026,12:42:01,19.2,64.4
06/12/2026,12:47:01,19.2,64.6
06/12/2026,12:52:01,19.2,64.8
06/12/2026,12:57:01,19.3,64.9
06/12/2026,13:02:01,19.4,65.1
06/12/2026,13:07:01,19.5,65.3
06/12/2026,13:12:01,19.6,65.3
06/12/2026,13:17:01,19.7,65.6
06/12/2026,13:22:01,19.8,65.6
06/12/2026,13:27:01,19.8,65.6
06/12/2026,13:32:01,19.9,65.4
06/12/2026,13:37:01,20.0,65.2
06/12/2026,13:42:01,20.0,65.2
06/12/2026,13:47:01,20.0,64.7
06/12/2026,13:52:01,20.0,64.5
06/12/2026,13:57:01,20.1,64.4
06/12/2026,14:02:01,20.1,64.1
06/12/2026,14:07:01,20.1,64.1
06/12/2026,14:12:01,20.1,63.9
06/12/2026,14:17:01,20.1,63.7
06/12/2026,14:22:01,20.1,63.7
06/12/2026,14:27:01,20.1,63.7
06/12/2026,14:32:01,20.1,63.5
06/12/2026,14:37:01,20.1,63.5
06/12/2026,14:42:01,20.1,63.5
06/12/2026,14:47:01,20.1,63.4
06/12/2026,14:52:01,20.1,63.5
06/12/2026,14:57:01,20.2,63.4
06/12/2026,15:02:01,20.2,63.5
06/12/2026,15:07:01,20.2,63.4
06/12/2026,15:12:01,20.2,63.4
06/12/2026,15:17:01,20.2,63.6
06/12/2026,15:22:01,20.2,63.8
06/12/2026,15:27:01,20.2,63.7
06/12/2026,15:32:01,20.2,63.7
06/12/2026,15:37:01,20.2,63.8
06/12/2026,15:42:01,20.2,63.8
06/12/2026,15:47:01,20.3,63.7
06/12/2026,15:52:01,20.3,64.1
06/12/2026,15:57:01,20.3,64.2
06/12/2026,16:02:01,20.3,64.0
06/12/2026,16:07:01,20.3,63.8
06/12/2026,16:12:01,20.3,63.6
06/12/2026,16:17:01,20.3,63.9
06/12/2026,16:22:01,20.3,63.8
06/12/2026,16:27:01,20.3,63.7
06/12/2026,16:32:01,20.3,63.7
06/12/2026,16:37:01,20.4,63.6
06/12/2026,16:42:01,20.4,63.7
06/12/2026,16:47:01,20.4,63.8
06/12/2026,16:52:01,20.4,63.6
06/12/2026,16:57:01,20.4,63.8
06/12/2026,17:02:01,20.4,64.1
06/12/2026,17:07:01,20.4,64.3
06/12/2026,17:12:01,20.4,64.0
06/12/2026,17:17:01,20.4,64.0
06/12/2026,17:22:01,20.4,63.8
06/12/2026,17:27:01,20.5,63.8
06/12/2026,17:32:01,20.5,64.0
06/12/2026,17:37:01,20.5,64.5
06/12/2026,17:42:01,20.5,64.5
06/12/2026,17:47:01,20.5,64.5
06/12/2026,17:52:01,20.5,64.4
06/12/2026,17:57:01,20.5,64.6
06/12/2026,18:02:01,20.6,64.8
06/12/2026,18:07:01,20.6,64.8
06/12/2026,18:12:01,20.6,64.8
06/12/2026,18:17:01,20.6,64.6
06/12/2026,18:22:01,20.6,64.7
06/12/2026,18:27:01,20.7,64.9
06/12/2026,18:32:01,20.7,65.0
06/12/2026,18:37:01,20.7,64.9
06/12/2026,18:42:01,20.7,65.0
06/12/2026,18:47:01,20.7,64.6
06/12/2026,18:52:01,20.8,64.7
06/12/2026,18:57:01,20.8,64.9
06/12/2026,19:02:01,20.8,65.2
06/12/2026,19:07:01,20.8,65.1
06/12/2026,19:12:01,20.9,65.2
06/12/2026,19:17:01,20.9,65.1
06/12/2026,19:22:01,20.9,65.1
06/12/2026,19:27:01,21.0,65.0
06/12/2026,19:32:01,21.0,64.8
06/12/2026,19:37:01,21.0,65.0
06/12/2026,19:42:01,21.1,64.9
06/12/2026,19:47:01,21.1,65.0
06/12/2026,19:52:01,21.2,65.5
06/12/2026,19:57:01,21.2,65.4
06/12/2026,20:02:01,21.2,65.3
06/12/2026,20:07:01,21.3,65.2
06/12/2026,20:12:01,21.3,65.3
06/12/2026,20:17:01,21.3,64.9
06/12/2026,20:22:01,21.3,64.8
06/12/2026,20:27:01,21.3,64.7
06/12/2026,20:32:01,21.3,64.6
06/12/2026,20:37:01,21.3,64.5
06/12/2026,20:42:01,21.3,64.4
06/12/2026,20:47:01,21.3,64.5
06/12/2026,20:52:01,21.3,64.4
06/12/2026,20:57:01,21.3,64.4
06/12/2026,21:02:01,21.3,64.2
06/12/2026,21:07:01,21.3,64.1
06/12/2026,21:12:01,21.3,64.1
06/12/2026,21:17:01,21.2,64.0
06/12/2026,21:22:01,21.2,64.0
06/12/2026,21:27:01,21.2,64.0
06/12/2026,21:32:01,21.2,63.9
06/12/2026,21:37:01,21.2,63.8
06/12/2026,21:42:01,21.2,63.8
06/12/2026,21:47:01,21.1,63.7
06/12/2026,21:52:01,21.1,63.7
06/12/2026,21:57:01,21.1,63.6
06/12/2026,22:02:01,21.1,63.5
06/12/2026,22:07:01,21.1,63.6
06/12/2026,22:12:01,21.0,63.4
06/12/2026,22:17:01,21.0,63.3
06/12/2026,22:22:01,21.0,63.3
06/12/2026,22:27:01,21.0,63.2
06/12/2026,22:32:01,20.9,63.0
06/12/2026,22:37:01,20.9,62.9
06/12/2026,22:42:01,20.9,62.9
06/12/2026,22:47:01,20.9,62.7
06/12/2026,22:52:01,20.8,62.6
06/12/2026,22:57:01,20.8,62.5
06/12/2026,23:02:01,20.8,62.3
06/12/2026,23:07:01,20.7,62.3
06/12/2026,23:12:01,20.7,62.3
06/12/2026,23:17:01,20.7,62.2
06/12/2026,23:22:01,20.6,62.1
06/12/2026,23:27:01,20.6,62.1
06/12/2026,23:32:01,20.6,62.1
06/12/2026,23:37:01,20.5,62.0
06/12/2026,23:42:01,20.5,61.9
06/12/2026,23:47:01,20.4,61.9
06/12/2026,23:52:01,20.4,61.8
06/12/2026,23:57:01,20.4,61.8
06/13/2026,00:02:01,20.4,61.8
06/13/2026,00:07:01,20.3,61.7
06/13/2026,00:12:01,20.3,61.7
06/13/2026,00:17:01,20.2,61.6
06/13/2026,00:22:01,20.2,61.6
06/13/2026,00:27:01,20.2,61.6
06/13/2026,00:32:01,20.1,61.6
06/13/2026,00:37:01,20.1,61.6
06/13/2026,00:42:01,20.1,61.6
06/13/2026,00:47:01,20.0,61.6
06/13/2026,00:52:01,20.0,61.6
06/13/2026,00:57:01,19.9,61.6
06/13/2026,01:02:01,19.9,61.5
06/13/2026,01:07:01,19.9,61.6
06/13/2026,01:12:01,19.9,61.6
06/13/2026,01:17:01,19.8,61.6
06/13/2026,01:22:01,19.8,61.6
06/13/2026,01:27:01,19.8,61.5
06/13/2026,01:32:01,19.7,61.5
06/13/2026,01:37:01,19.7,61.5
06/13/2026,01:42:01,19.7,61.5
06/13/2026,01:47:01,19.6,61.5
06/13/2026,01:52:01,19.6,61.6
06/13/2026,01:57:01,19.6,61.5
06/13/2026,02:02:01,19.6,61.5
06/13/2026,02:07:01,19.6,61.6
06/13/2026,02:12:01,19.5,61.4
06/13/2026,02:17:01,19.5,61.5
06/13/2026,02:22:01,19.5,61.5
06/13/2026,02:27:01,19.4,61.5
06/13/2026,02:32:01,19.4,61.5
06/13/2026,02:37:01,19.4,61.5
06/13/2026,02:42:01,19.4,61.5
06/13/2026,02:47:01,19.3,61.4
06/13/2026,02:52:01,19.3,61.4
06/13/2026,02:57:01,19.3,61.5
06/13/2026,03:02:01,19.3,61.4
06/13/2026,03:07:01,19.2,61.5
06/13/2026,03:12:01,19.2,61.5
06/13/2026,03:17:01,19.2,61.4
06/13/2026,03:22:01,19.2,61.4
06/13/2026,03:27:01,19.2,61.5
06/13/2026,03:32:01,19.2,61.4
06/13/2026,03:37:01,19.1,61.5
06/13/2026,03:42:01,19.1,61.4
06/13/2026,03:47:01,19.1,61.4
06/13/2026,03:52:01,19.0,61.4
06/13/2026,03:57:01,19.0,61.4
06/13/2026,04:02:01,19.0,61.4
06/13/2026,04:07:01,19.0,61.4
06/13/2026,04:12:01,19.0,61.4
06/13/2026,04:17:01,18.9,61.4
06/13/2026,04:22:01,18.9,61.4
06/13/2026,04:27:01,18.9,61.4
06/13/2026,04:32:01,18.9,61.4
06/13/2026,04:37:01,18.9,61.3
06/13/2026,04:42:01,18.8,61.4
06/13/2026,04:47:01,18.8,61.3
06/13/2026,04:52:01,18.8,61.3
06/13/2026,04:57:01,18.7,61.3
06/13/2026,05:02:01,18.7,61.3
06/13/2026,05:07:01,18.7,61.3
06/13/2026,05:12:01,18.7,61.3
06/13/2026,05:17:01,18.7,61.3
06/13/2026,05:22:01,18.6,61.2
06/13/2026,05:27:01,18.6,61.3
06/13/2026,05:32:01,18.6,61.3
06/13/2026,05:37:01,18.6,61.3
06/13/2026,05:42:01,18.5,61.3
06/13/2026,05:47:01,18.5,61.3
06/13/2026,05:52:01,18.5,61.3
06/13/2026,05:57:01,18.5,61.3
06/13/2026,06:02:01,18.5,61.4
06/13/2026,06:07:01,18.5,61.4
06/13/2026,06:12:01,18.5,61.4
06/13/2026,06:17:01,18.5,61.4
06/13/2026,06:22:01,18.5,61.4
06/13/2026,06:27:01,18.5,61.4
06/13/2026,06:32:01,18.5,61.4
06/13/2026,06:37:01,18.5,61.3
06/13/2026,06:42:01,18.5,61.3
06/13/2026,06:47:01,18.5,61.3
06/13/2026,06:52:01,18.6,61.2
06/13/2026,06:57:01,18.6,61.2
06/13/2026,07:02:01,18.7,61.2
06/13/2026,07:07:01,18.7,61.4
06/13/2026,07:12:01,18.8,61.2
06/13/2026,07:17:01,19.0,61.1
06/13/2026,07:22:01,19.1,60.7
06/13/2026,07:27:01,19.1,60.4
06/13/2026,07:32:01,19.1,60.2
06/13/2026,07:37:01,19.2,60.1
06/13/2026,07:42:01,19.3,60.2
06/13/2026,07:47:01,19.4,59.7
06/13/2026,07:52:01,19.4,59.5
06/13/2026,07:57:01,19.5,59.5
06/13/2026,08:02:01,19.5,59.3
06/13/2026,08:07:01,19.5,59.2
06/13/2026,08:12:01,19.5,58.9
06/13/2026,08:17:01,19.5,58.7
06/13/2026,08:22:01,19.5,58.3
06/13/2026,08:27:01,19.4,57.9
06/13/2026,08:32:01,19.4,58.1
06/13/2026,08:37:01,19.4,57.9
06/13/2026,08:42:01,19.3,57.9
06/13/2026,08:47:01,19.4,58.3
06/13/2026,08:52:01,19.3,58.4
06/13/2026,08:57:01,19.3,58.3
06/13/2026,09:02:01,19.3,58.1
06/13/2026,09:07:01,19.3,57.7
06/13/2026,09:12:01,19.3,58.2
06/13/2026,09:17:01,19.3,58.3
06/13/2026,09:22:01,19.3,58.0
06/13/2026,09:27:01,19.3,58.2
06/13/2026,09:32:01,19.3,58.0
06/13/2026,09:37:01,19.4,58.1
06/13/2026,09:42:01,19.4,58.1
06/13/2026,09:47:01,19.4,57.9
06/13/2026,09:52:01,19.5,58.0
06/13/2026,09:57:01,19.5,58.2
06/13/2026,10:02:01,19.5,58.0
06/13/2026,10:07:01,19.6,57.6
06/13/2026,10:12:01,19.6,56.9
06/13/2026,10:17:01,19.6,57.5
06/13/2026,10:22:01,19.6,57.4
06/13/2026,10:27:01,19.7,56.8
06/13/2026,10:32:01,19.8,56.9
06/13/2026,10:37:01,19.9,55.7
06/13/2026,10:42:01,20.0,55.2
06/13/2026,10:47:01,20.2,55.7
06/13/2026,10:52:01,20.3,55.7
06/13/2026,10:57:01,20.3,54.9
06/13/2026,11:02:01,20.4,53.9
06/13/2026,11:07:01,20.5,53.7
06/13/2026,11:12:01,20.7,52.7
06/13/2026,11:17:01,20.8,51.9
06/13/2026,11:22:01,20.9,52.3
06/13/2026,11:27:01,21.0,51.7
06/13/2026,11:32:01,21.0,51.6
06/13/2026,11:37:01,21.1,50.6
06/13/2026,11:42:01,21.2,50.5
06/13/2026,11:47:01,21.3,50.4
06/13/2026,11:52:01,21.3,49.6
06/13/2026,11:57:01,21.3,49.4
06/13/2026,12:02:01,21.3,49.4
06/13/2026,12:07:01,21.3,48.9
06/13/2026,12:12:01,21.3,49.7
06/13/2026,12:17:01,21.3,49.5
06/13/2026,12:22:01,21.3,49.3
06/13/2026,12:27:01,21.3,49.4
06/13/2026,12:32:01,21.3,48.5
06/13/2026,12:37:01,21.3,48.5
06/13/2026,12:42:01,21.2,48.4
06/13/2026,12:47:01,21.2,49.1
06/13/2026,12:52:01,21.2,48.4
06/13/2026,12:57:01,21.1,48.4
06/13/2026,13:02:01,21.1,49.1
06/13/2026,13:07:01,21.1,48.7
06/13/2026,13:12:01,21.1,49.5
06/13/2026,13:17:01,21.0,49.4
06/13/2026,13:22:01,21.0,49.3
06/13/2026,13:27:01,21.0,49.6
06/13/2026,13:32:01,20.9,49.3
06/13/2026,13:37:01,20.9,49.4
06/13/2026,13:42:01,20.9,49.8
06/13/2026,13:47:01,20.9,50.0
06/13/2026,13:52:01,20.9,50.0
06/13/2026,13:57:01,20.9,50.0
06/13/2026,14:02:01,20.8,50.2
06/13/2026,14:07:01,20.8,50.2
06/13/2026,14:12:01,20.8,50.3
06/13/2026,14:17:01,20.8,50.4
06/13/2026,14:22:01,20.8,50.6
06/13/2026,14:27:01,20.8,50.6
06/13/2026,14:32:01,20.8,50.5
06/13/2026,14:37:01,20.8,50.6
06/13/2026,14:42:01,20.8,51.0
06/13/2026,14:47:01,20.8,50.9
06/13/2026,14:52:01,20.8,51.0
06/13/2026,14:57:01,20.8,51.1
06/13/2026,15:02:01,20.8,51.2
06/13/2026,15:07:01,20.8,51.2
06/13/2026,15:12:01,20.8,51.2
06/13/2026,15:17:01,20.8,51.0
06/13/2026,15:22:01,20.8,50.7
06/13/2026,15:27:01,20.8,50.7
06/13/2026,15:32:01,20.8,50.1
06/13/2026,15:37:01,20.8,50.3
06/13/2026,15:42:01,20.8,50.3
06/13/2026,15:47:01,20.8,50.4
06/13/2026,15:52:01,20.8,50.0
06/13/2026,15:57:01,20.8,50.2
06/13/2026,16:02:01,20.8,50.0
06/13/2026,16:07:01,20.8,49.6
06/13/2026,16:12:01,20.8,49.9
06/13/2026,16:17:01,20.8,49.9
06/13/2026,16:22:01,20.8,50.1
06/13/2026,16:27:01,20.8,50.3
06/13/2026,16:32:01,20.8,50.1
06/13/2026,16:37:01,20.8,49.8
06/13/2026,16:42:01,20.8,50.1
06/13/2026,16:47:01,20.8,50.4
06/13/2026,16:52:01,20.8,50.5
06/13/2026,16:57:01,20.8,50.6
06/13/2026,17:02:01,20.8,50.3
06/13/2026,17:07:01,20.9,50.0
06/13/2026,17:12:01,20.9,50.1
06/13/2026,17:17:01,20.9,50.0
06/13/2026,17:22:01,20.9,49.4
06/13/2026,17:27:01,20.9,49.7
06/13/2026,17:32:01,20.9,49.3
06/13/2026,17:37:01,20.9,49.2
06/13/2026,17:42:01,20.9,49.1
06/13/2026,17:47:01,20.9,49.1
06/13/2026,17:52:01,21.0,48.6
06/13/2026,17:57:01,21.0,48.7
06/13/2026,18:02:01,21.1,49.1
06/13/2026,18:07:01,21.2,48.8
06/13/2026,18:12:01,21.2,48.7
06/13/2026,18:17:01,21.3,48.8
06/13/2026,18:22:01,21.3,48.7
06/13/2026,18:27:01,21.4,48.6
06/13/2026,18:32:01,21.4,48.6
06/13/2026,18:37:01,21.5,48.1
06/13/2026,18:42:01,21.6,48.6
06/13/2026,18:47:01,21.6,47.9
06/13/2026,18:52:01,21.7,47.3
06/13/2026,18:57:01,21.7,47.1
06/13/2026,19:02:01,21.7,47.5
06/13/2026,19:07:01,21.7,47.1
06/13/2026,19:12:01,21.7,47.2
06/13/2026,19:17:01,21.8,47.5
06/13/2026,19:22:01,21.8,47.0
06/13/2026,19:27:01,21.8,46.8
06/13/2026,19:32:01,21.8,47.1
06/13/2026,19:37:01,21.8,47.2
06/13/2026,19:42:01,21.8,47.4
06/13/2026,19:47:01,21.8,47.5
06/13/2026,19:52:01,21.8,47.5
06/13/2026,19:57:01,21.8,47.4
06/13/2026,20:02:01,21.9,47.6
06/13/2026,20:07:01,21.9,47.5
06/13/2026,20:12:01,21.9,47.6
06/13/2026,20:17:01,21.9,47.4
06/13/2026,20:22:01,21.9,46.9
06/13/2026,20:27:01,21.9,46.8
06/13/2026,20:32:01,21.8,46.8
06/13/2026,20:37:01,21.8,46.6
06/13/2026,20:42:01,21.8,46.4
06/13/2026,20:47:01,21.8,46.0
06/13/2026,20:52:01,21.7,45.1
06/13/2026,20:57:01,21.6,45.5
06/13/2026,21:02:01,21.6,45.9
06/13/2026,21:07:01,21.5,46.5
06/13/2026,21:12:01,21.5,46.6
06/13/2026,21:17:01,21.5,46.7
06/13/2026,21:22:01,21.5,46.8
06/13/2026,21:27:01,21.4,47.0
06/13/2026,21:32:01,21.4,47.1
06/13/2026,21:37:01,21.4,47.2
06/13/2026,21:42:01,21.3,47.3
06/13/2026,21:47:01,21.3,47.3
06/13/2026,21:52:01,21.3,47.5
06/13/2026,21:57:01,21.3,47.6
06/13/2026,22:02:01,21.3,47.7
06/13/2026,22:07:01,21.2,47.8
06/13/2026,22:12:01,21.2,47.8
06/13/2026,22:17:01,21.2,48.0
06/13/2026,22:22:01,21.2,48.1
06/13/2026,22:27:01,21.1,48.2
06/13/2026,22:32:01,21.1,48.2
06/13/2026,22:37:01,21.1,48.4
06/13/2026,22:42:01,21.0,48.4
06/13/2026,22:47:01,21.0,48.5
06/13/2026,22:52:01,21.0,48.5
06/13/2026,22:57:01,21.0,48.6
06/13/2026,23:02:01,20.9,48.7
06/13/2026,23:07:01,20.9,48.7
06/13/2026,23:12:01,20.9,48.8
06/13/2026,23:17:01,20.8,48.9
06/13/2026,23:22:01,20.8,48.9
06/13/2026,23:27:01,20.8,49.0
06/13/2026,23:32:01,20.8,49.0
06/13/2026,23:37:01,20.7,49.1
06/13/2026,23:42:01,20.7,49.2
06/13/2026,23:47:01,20.7,49.3
06/13/2026,23:52:01,20.6,49.2
06/13/2026,23:57:01,20.7,49.3
06/14/2026,00:02:01,20.6,49.4
06/14/2026,00:07:01,20.6,49.4
06/14/2026,00:12:01,20.6,49.5
06/14/2026,00:17:01,20.6,49.5
06/14/2026,00:22:01,20.6,49.6
06/14/2026,00:27:01,20.5,49.6
06/14/2026,00:32:01,20.5,49.7
06/14/2026,00:37:01,20.5,49.8
06/14/2026,00:42:01,20.5,49.8
06/14/2026,00:47:01,20.4,49.8
06/14/2026,00:52:01,20.4,49.8
06/14/2026,00:57:01,20.4,49.9
06/14/2026,01:02:01,20.4,49.9
06/14/2026,01:07:01,20.4,50.0
06/14/2026,01:12:01,20.4,50.0
06/14/2026,01:17:01,20.3,50.1
06/14/2026,01:22:01,20.3,50.1
06/14/2026,01:27:01,20.3,50.2
06/14/2026,01:32:01,20.3,50.2
06/14/2026,01:37:01,20.3,50.2
06/14/2026,01:42:01,20.2,50.3
06/14/2026,01:47:01,20.2,50.4
06/14/2026,01:52:01,20.2,50.4
06/14/2026,01:57:01,20.2,50.4
06/14/2026,02:02:01,20.2,50.5
06/14/2026,02:07:01,20.2,50.5
06/14/2026,02:12:01,20.1,50.5
06/14/2026,02:17:01,20.1,50.5
06/14/2026,02:22:01,20.1,50.6
06/14/2026,02:27:01,20.1,50.6
06/14/2026,02:32:01,20.0,50.6
06/14/2026,02:37:01,20.0,50.7
06/14/2026,02:42:01,20.0,50.7
06/14/2026,02:47:01,20.0,50.7
06/14/2026,02:52:01,20.0,50.8
06/14/2026,02:57:01,20.0,50.8
06/14/2026,03:02:01,20.0,50.8
06/14/2026,03:07:01,19.9,50.8
06/14/2026,03:12:01,19.9,50.9
06/14/2026,03:17:01,19.9,50.9
06/14/2026,03:22:01,19.9,50.9
06/14/2026,03:27:01,19.9,50.9
06/14/2026,03:32:01,19.9,50.9
06/14/2026,03:37:01,19.8,51.0
06/14/2026,03:42:01,19.8,51.0
06/14/2026,03:47:01,19.8,51.0
06/14/2026,03:52:01,19.8,51.0
06/14/2026,03:57:01,19.8,51.1
06/14/2026,04:02:01,19.8,51.1
06/14/2026,04:07:01,19.8,51.1
06/14/2026,04:12:01,19.7,51.1
06/14/2026,04:17:01,19.7,51.2
06/14/2026,04:22:01,19.7,51.2
06/14/2026,04:27:01,19.7,51.2
06/14/2026,04:32:01,19.7,51.3
06/14/2026,04:37:01,19.7,51.2
06/14/2026,04:42:01,19.7,51.2
06/14/2026,04:47:01,19.6,51.3
06/14/2026,04:52:01,19.6,51.3
06/14/2026,04:57:01,19.6,51.3
06/14/2026,05:02:01,19.6,51.3
06/14/2026,05:07:01,19.6,51.3
06/14/2026,05:12:01,19.6,51.3
06/14/2026,05:17:01,19.6,51.4
06/14/2026,05:22:01,19.5,51.4
06/14/2026,05:27:01,19.5,51.4
06/14/2026,05:32:01,19.5,51.4
06/14/2026,05:37:01,19.5,51.4
06/14/2026,05:42:01,19.5,51.4
06/14/2026,05:47:01,19.5,51.5
06/14/2026,05:52:01,19.5,51.5
06/14/2026,05:57:01,19.4,51.5
06/14/2026,06:02:01,19.4,51.6
06/14/2026,06:07:01,19.4,51.6
06/14/2026,06:12:01,19.4,51.6
06/14/2026,06:17:01,19.4,51.6
06/14/2026,06:22:01,19.4,51.6
06/14/2026,06:27:01,19.4,51.6
06/14/2026,06:32:01,19.4,51.6
06/14/2026,06:37:01,19.4,51.7
06/14/2026,06:42:01,19.4,51.7
06/14/2026,06:47:01,19.4,51.7
06/14/2026,06:52:01,19.4,51.7
06/14/2026,06:57:01,19.4,51.7
06/14/2026,07:02:01,19.5,51.7
06/14/2026,07:07:01,19.5,51.7
06/14/2026,07:12:01,19.7,51.7
06/14/2026,07:17:01,19.9,51.5
06/14/2026,07:22:01,20.1,51.2
06/14/2026,07:27:01,20.3,50.9
06/14/2026,07:32:01,20.5,50.5
06/14/2026,07:37:01,20.7,50.2
06/14/2026,07:42:01,20.9,49.8
06/14/2026,07:47:01,21.0,49.5
06/14/2026,07:52:01,21.0,49.3
06/14/2026,07:57:01,20.9,49.3
06/14/2026,08:02:01,20.8,49.4
06/14/2026,08:07:01,20.8,49.9
06/14/2026,08:12:01,20.8,50.2
06/14/2026,08:17:01,20.8,50.5
06/14/2026,08:22:01,20.9,50.7
06/14/2026,08:27:01,20.9,51.0
06/14/2026,08:32:01,20.9,51.2
06/14/2026,08:37:01,20.9,51.4
06/14/2026,08:42:01,20.9,51.7
06/14/2026,08:47:01,21.0,51.9
06/14/2026,08:52:01,21.0,51.9
06/14/2026,08:57:01,21.0,51.3
06/14/2026,09:02:01,21.0,50.2
06/14/2026,09:07:01,20.9,50.0
06/14/2026,09:12:01,20.9,49.6
06/14/2026,09:17:01,20.8,49.7
06/14/2026,09:22:01,20.8,49.9
06/14/2026,09:27:01,20.8,50.4
06/14/2026,09:32:01,20.8,50.7
06/14/2026,09:37:01,20.8,50.7
06/14/2026,09:42:01,20.8,51.2
06/14/2026,09:47:01,20.9,51.0
06/14/2026,09:52:01,20.9,50.5
06/14/2026,09:57:01,20.9,50.7
06/14/2026,10:02:01,20.9,50.9
06/14/2026,10:07:01,21.0,51.6
06/14/2026,10:12:01,21.0,51.2
06/14/2026,10:17:01,21.0,51.9
06/14/2026,10:22:01,21.1,51.6
06/14/2026,10:27:01,21.1,51.4
06/14/2026,10:32:01,21.2,51.5
06/14/2026,10:37:01,21.3,51.0
06/14/2026,10:42:01,21.3,51.5
06/14/2026,10:47:01,21.3,51.9
06/14/2026,10:52:01,21.3,51.1
06/14/2026,10:57:01,21.3,49.9
06/14/2026,11:02:01,21.3,49.7
06/14/2026,11:07:01,21.3,49.3
06/14/2026,11:12:01,21.3,49.7
06/14/2026,11:17:01,21.4,49.7
06/14/2026,11:22:01,21.5,49.9
06/14/2026,11:27:01,21.6,51.0
06/14/2026,11:32:01,21.6,50.7
06/14/2026,11:37:01,21.7,50.8
06/14/2026,11:42:01,21.8,49.3
06/14/2026,11:47:01,21.8,49.4
06/14/2026,11:52:01,21.9,50.4
06/14/2026,11:57:01,21.9,49.7
06/14/2026,12:02:01,22.0,49.4
06/14/2026,12:07:01,22.0,49.6
06/14/2026,12:12:01,22.1,50.1
06/14/2026,12:17:01,22.2,50.4
06/14/2026,12:22:01,22.2,50.2
06/14/2026,12:27:01,22.3,50.1
06/14/2026,12:32:01,22.3,50.8
06/14/2026,12:37:01,22.4,49.8
06/14/2026,12:42:01,22.3,48.2
06/14/2026,12:47:01,22.3,48.1
06/14/2026,12:52:01,22.3,47.2
06/14/2026,12:57:01,22.3,47.7
06/14/2026,13:02:01,22.3,47.2
06/14/2026,13:07:01,22.2,47.2
06/14/2026,13:12:01,22.2,47.7
06/14/2026,13:17:01,22.2,47.6
06/14/2026,13:22:01,22.1,47.4
06/14/2026,13:27:01,22.1,47.6
06/14/2026,13:32:01,22.1,48.0
06/14/2026,13:37:01,22.1,47.9
06/14/2026,13:42:01,22.1,47.6
06/14/2026,13:47:01,22.1,48.1
06/14/2026,13:52:01,22.1,48.0
06/14/2026,13:57:01,22.1,47.9
06/14/2026,14:02:01,22.1,48.0
06/14/2026,14:07:01,22.0,47.9
06/14/2026,14:12:01,22.0,48.1
06/14/2026,14:17:01,22.0,48.2
06/14/2026,14:22:01,22.0,48.4
06/14/2026,14:27:01,22.0,48.4
06/14/2026,14:32:01,22.0,48.7
06/14/2026,14:37:01,22.0,48.1
06/14/2026,14:42:01,22.0,48.2
06/14/2026,14:47:01,21.9,48.3
06/14/2026,14:52:01,21.9,48.0
06/14/2026,14:57:01,21.9,47.9
06/14/2026,15:02:01,21.9,48.0
06/14/2026,15:07:01,21.9,48.0
06/14/2026,15:12:01,21.9,47.9
06/14/2026,15:17:01,21.9,48.2
06/14/2026,15:22:01,21.8,47.9
06/14/2026,15:27:01,21.8,48.1
06/14/2026,15:32:01,21.8,48.2
06/14/2026,15:37:01,21.8,48.2
06/14/2026,15:42:01,21.8,48.2
06/14/2026,15:47:01,21.8,48.0
06/14/2026,15:52:01,21.8,48.2
06/14/2026,15:57:01,21.8,48.2
06/14/2026,16:02:01,21.8,47.6
06/14/2026,16:07:01,21.8,47.7
06/14/2026,16:12:01,21.7,47.8
06/14/2026,16:17:01,21.7,47.7
06/14/2026,16:22:01,21.7,47.7
06/14/2026,16:27:01,21.7,47.9
06/14/2026,16:32:01,21.7,48.4
06/14/2026,16:37:01,21.7,48.0
06/14/2026,16:42:01,21.7,48.3
06/14/2026,16:47:01,21.7,47.9
06/14/2026,16:52:01,21.7,47.7
06/14/2026,16:57:01,21.7,47.8
06/14/2026,17:02:01,21.7,47.6
06/14/2026,17:07:01,21.6,47.7
06/14/2026,17:12:01,21.6,47.5
06/14/2026,17:17:01,21.6,47.3
06/14/2026,17:22:01,21.6,47.1
06/14/2026,17:27:01,21.6,47.1
06/14/2026,17:32:01,21.6,47.0
06/14/2026,17:37:01,21.5,47.1
06/14/2026,17:42:01,21.5,47.3
06/14/2026,17:47:01,21.5,47.3
06/14/2026,17:52:01,21.5,47.2
06/14/2026,17:57:01,21.5,47.1
06/14/2026,18:02:01,21.5,47.1
06/14/2026,18:07:01,21.5,47.2
06/14/2026,18:12:01,21.4,47.0
06/14/2026,18:17:01,21.4,46.9
06/14/2026,18:22:01,21.4,47.1
06/14/2026,18:27:01,21.4,47.0
06/14/2026,18:32:01,21.4,47.0
06/14/2026,18:37:01,21.4,47.1
06/14/2026,18:42:01,21.4,47.1
06/14/2026,18:47:01,21.3,47.0
06/14/2026,18:52:01,21.3,47.1
06/14/2026,18:57:01,21.3,47.1
06/14/2026,19:02:01,21.3,47.0
06/14/2026,19:07:01,21.3,46.9
06/14/2026,19:12:01,21.3,47.3
06/14/2026,19:17:01,21.3,47.5
06/14/2026,19:22:01,21.3,47.3
06/14/2026,19:27:01,21.3,47.5
06/14/2026,19:32:01,21.3,47.4
06/14/2026,19:37:01,21.2,47.5
06/14/2026,19:42:01,21.2,47.5
06/14/2026,19:47:01,21.2,47.6
06/14/2026,19:52:01,21.2,47.7
06/14/2026,19:57:01,21.1,47.7
06/14/2026,20:02:01,21.1,47.7
06/14/2026,20:07:01,21.1,47.7
06/14/2026,20:12:01,21.1,47.8
06/14/2026,20:17:01,21.0,47.8
06/14/2026,20:22:01,21.0,47.7
06/14/2026,20:27:01,21.0,47.8
06/14/2026,20:32:01,21.0,47.9
06/14/2026,20:37:01,21.0,47.9
06/14/2026,20:42:01,20.9,48.0
06/14/2026,20:47:01,20.9,48.1
06/14/2026,20:52:01,20.9,48.2
06/14/2026,20:57:01,20.8,48.5
06/14/2026,21:02:01,20.8,48.7
06/14/2026,21:07:01,20.8,48.9
06/14/2026,21:12:01,20.7,49.1
06/14/2026,21:17:01,20.7,49.2
06/14/2026,21:22:01,20.6,49.3
06/14/2026,21:27:01,20.6,49.5
06/14/2026,21:32:01,20.6,49.6
06/14/2026,21:37:01,20.5,49.6
06/14/2026,21:42:01,20.5,49.7
06/14/2026,21:47:01,20.4,49.7
06/14/2026,21:52:01,20.4,49.7
06/14/2026,21:57:01,20.4,49.7
06/14/2026,22:02:01,20.3,49.8
06/14/2026,22:07:01,20.2,49.8
06/14/2026,22:12:01,20.2,49.9
06/14/2026,22:17:01,20.1,49.9
06/14/2026,22:22:01,20.1,49.9
06/14/2026,22:27:01,20.0,50.1
06/14/2026,22:32:01,20.0,50.1
06/14/2026,22:37:01,19.9,50.2
06/14/2026,22:42:01,19.9,50.3
06/14/2026,22:47:01,19.8,50.4
06/14/2026,22:52:01,19.8,50.5
06/14/2026,22:57:01,19.8,50.5
06/14/2026,23:02:01,19.7,50.6
06/14/2026,23:07:01,19.7,50.6
06/14/2026,23:12:01,19.6,50.6
06/14/2026,23:17:01,19.6,50.7
06/14/2026,23:22:01,19.5,50.6
06/14/2026,23:27:01,19.5,50.7
06/14/2026,23:32:01,19.5,50.7
06/14/2026,23:37:01,19.4,50.8
06/14/2026,23:42:01,19.4,50.8
06/14/2026,23:47:01,19.3,50.9
06/14/2026,23:52:01,19.3,50.9
06/14/2026,23:57:01,19.3,51.0
06/15/2026,00:02:01,19.3,51.0
06/15/2026,00:07:01,19.2,51.1
06/15/2026,00:12:01,19.2,51.1
06/15/2026,00:17:01,19.2,51.2
06/15/2026,00:22:01,19.1,51.3
06/15/2026,00:27:01,19.1,51.3
06/15/2026,00:32:01,19.1,51.3
06/15/2026,00:37:01,19.0,51.4
06/15/2026,00:42:01,19.0,51.4
06/15/2026,00:47:01,19.0,51.5
06/15/2026,00:52:01,19.0,51.5
06/15/2026,00:57:01,18.9,51.5
06/15/2026,01:02:01,18.9,51.6
06/15/2026,01:07:01,18.9,51.6
06/15/2026,01:12:01,18.9,51.7
06/15/2026,01:17:01,18.8,51.7
06/15/2026,01:22:01,18.8,51.7
06/15/2026,01:27:01,18.7,51.8
06/15/2026,01:32:01,18.7,51.9
06/15/2026,01:37:01,18.7,52.0
06/15/2026,01:42:01,18.7,52.1
06/15/2026,01:47:01,18.6,52.1
06/15/2026,01:52:01,18.6,52.3
06/15/2026,01:57:01,18.5,52.4
06/15/2026,02:02:01,18.5,52.5
06/15/2026,02:07:01,18.5,52.6
06/15/2026,02:12:01,18.4,52.7
06/15/2026,02:17:01,18.4,52.9
06/15/2026,02:22:01,18.4,53.0
06/15/2026,02:27:01,18.4,53.1
06/15/2026,02:32:01,18.3,53.2
06/15/2026,02:37:01,18.3,53.4
06/15/2026,02:42:01,18.2,53.5
06/15/2026,02:47:01,18.2,53.6
06/15/2026,02:52:01,18.2,53.7
06/15/2026,02:57:01,18.2,53.7
06/15/2026,03:02:01,18.2,53.8
06/15/2026,03:07:01,18.2,53.9
06/15/2026,03:12:01,18.1,54.0
06/15/2026,03:17:01,18.1,54.1
06/15/2026,03:22:01,18.1,54.2
06/15/2026,03:27:01,18.0,54.3
06/15/2026,03:32:01,18.0,54.4
06/15/2026,03:37:01,18.0,54.4
06/15/2026,03:42:01,18.0,54.5
06/15/2026,03:47:01,17.9,54.5
06/15/2026,03:52:01,17.9,54.6
06/15/2026,03:57:01,17.9,54.6
06/15/2026,04:02:01,17.9,54.6
06/15/2026,04:07:01,17.9,54.7
06/15/2026,04:12:01,17.8,54.7
06/15/2026,04:17:01,17.8,54.8
06/15/2026,04:22:01,17.8,54.8
06/15/2026,04:27:01,17.8,54.9
06/15/2026,04:32:01,17.7,54.9
06/15/2026,04:37:01,17.7,55.0
06/15/2026,04:42:01,17.7,55.1
06/15/2026,04:47:01,17.7,55.1
06/15/2026,04:52:01,17.7,55.2
06/15/2026,04:57:01,17.6,55.3
06/15/2026,05:02:01,17.6,55.4
06/15/2026,05:07:01,17.6,55.4
06/15/2026,05:12:01,17.6,55.6
06/15/2026,05:17:01,17.6,55.7
06/15/2026,05:22:01,17.5,55.7
06/15/2026,05:27:01,17.5,55.8
06/15/2026,05:32:01,17.5,55.9
06/15/2026,05:37:01,17.5,55.9
06/15/2026,05:42:01,17.5,55.9
06/15/2026,05:47:01,17.5,56.0
06/15/2026,05:52:01,17.5,56.0
06/15/2026,05:57:01,17.5,56.0
06/15/2026,06:02:01,17.5,56.2
06/15/2026,06:07:01,17.5,56.2
06/15/2026,06:12:01,17.5,56.3
06/15/2026,06:17:01,17.5,56.4
06/15/2026,06:22:01,17.5,56.4
06/15/2026,06:27:01,17.5,56.5
06/15/2026,06:32:01,17.5,56.6
06/15/2026,06:37:01,17.5,56.7
06/15/2026,06:42:01,17.5,56.8
06/15/2026,06:47:01,17.6,56.7
06/15/2026,06:52:01,17.6,56.8
06/15/2026,06:57:01,17.6,56.8
06/15/2026,07:02:01,17.6,56.7
06/15/2026,07:07:01,17.6,56.6
06/15/2026,07:12:01,17.7,56.6
06/15/2026,07:17:01,17.8,56.4
06/15/2026,07:22:01,17.9,56.3
06/15/2026,07:27:01,17.9,56.2
06/15/2026,07:32:01,18.0,56.1
06/15/2026,07:37:01,18.0,55.9
06/15/2026,07:42:01,18.1,55.8
06/15/2026,07:47:01,18.2,55.8
06/15/2026,07:52:01,18.2,55.7
06/15/2026,07:57:01,18.2,55.6
06/15/2026,08:02:01,18.3,55.6
06/15/2026,08:07:01,18.3,55.5
06/15/2026,08:12:01,18.4,55.4
06/15/2026,08:17:01,18.4,55.4
06/15/2026,08:22:01,18.4,55.3
06/15/2026,08:27:01,18.5,55.2
06/15/2026,08:32:01,18.5,55.2
06/15/2026,08:37:01,18.5,55.1
06/15/2026,08:42:01,18.6,55.0
06/15/2026,08:47:01,18.6,55.0
06/15/2026,08:52:01,18.6,54.9
06/15/2026,08:57:01,18.7,54.9
06/15/2026,09:02:01,18.7,54.8
06/15/2026,09:07:01,18.7,54.7
06/15/2026,09:12:01,18.7,54.7
06/15/2026,09:17:01,18.8,54.7
06/15/2026,09:22:01,18.8,54.6
06/15/2026,09:27:01,18.8,54.5
06/15/2026,09:32:01,18.8,54.6
06/15/2026,09:37:01,18.9,54.5
06/15/2026,09:42:01,18.9,54.5
06/15/2026,09:47:01,18.9,54.5
06/15/2026,09:52:01,18.9,54.6
06/15/2026,09:57:01,19.0,54.6
06/15/2026,10:02:01,19.0,54.7
06/15/2026,10:07:01,19.0,54.6
06/15/2026,10:12:01,19.1,54.6
06/15/2026,10:17:01,19.1,54.6
06/15/2026,10:22:01,19.1,54.6
06/15/2026,10:27:01,19.1,54.5
06/15/2026,10:32:01,19.1,54.5
06/15/2026,10:37:01,19.2,54.5
06/15/2026,10:42:01,19.2,54.4
06/15/2026,10:47:01,19.2,54.5
06/15/2026,10:52:01,19.2,54.4
06/15/2026,10:57:01,19.2,54.3
06/15/2026,11:02:01,19.3,54.4
06/15/2026,11:07:01,19.3,54.3
06/15/2026,11:12:01,19.3,54.3
06/15/2026,11:17:01,19.3,54.3
06/15/2026,11:22:01,19.3,54.3
06/15/2026,11:27:01,19.3,54.2
06/15/2026,11:32:01,19.3,54.3
06/15/2026,11:37:01,19.3,54.2
06/15/2026,11:42:01,19.4,54.2
06/15/2026,11:47:01,19.4,54.2
06/15/2026,11:52:01,19.4,54.2
06/15/2026,11:57:01,19.4,54.2
06/15/2026,12:02:01,19.4,54.1
06/15/2026,12:07:01,19.4,54.1
06/15/2026,12:12:01,19.4,54.1
06/15/2026,12:17:01,19.5,54.1
06/15/2026,12:22:01,19.5,54.1
06/15/2026,12:27:01,19.5,54.1
06/15/2026,12:32:01,19.5,54.1
06/15/2026,12:37:01,19.5,54.2
06/15/2026,12:42:01,19.5,54.0
06/15/2026,12:47:01,19.5,54.1
06/15/2026,12:52:01,19.5,54.1
06/15/2026,12:57:01,19.5,54.1
06/15/2026,13:02:01,19.5,54.1
06/15/2026,13:07:01,19.5,54.1
06/15/2026,13:12:01,19.6,54.1
06/15/2026,13:17:01,19.6,54.1
06/15/2026,13:22:01,19.6,54.1
06/15/2026,13:27:01,19.6,54.2
06/15/2026,13:32:01,19.6,54.1
06/15/2026,13:37:01,19.6,54.1
06/15/2026,13:42:01,19.6,54.1
06/15/2026,13:47:01,19.6,54.2
06/15/2026,13:52:01,19.6,54.1
06/15/2026,13:57:01,19.6,54.1
06/15/2026,14:02:01,19.6,54.1
06/15/2026,14:07:01,19.7,54.2
06/15/2026,14:12:01,19.7,54.1
06/15/2026,14:17:01,19.7,54.2
06/15/2026,14:22:01,19.7,54.2
06/15/2026,14:27:01,19.7,54.2
06/15/2026,14:32:01,19.7,54.2
06/15/2026,14:37:01,19.7,54.2
06/15/2026,14:42:01,19.7,54.2
06/15/2026,14:47:01,19.7,54.2
06/15/2026,14:52:01,19.7,54.2
06/15/2026,14:57:01,19.7,54.2
06/15/2026,15:02:01,19.8,54.2
06/15/2026,15:07:01,19.8,54.3
06/15/2026,15:12:01,19.8,54.2
06/15/2026,15:17:01,19.8,54.3
06/15/2026,15:22:01,19.8,54.3
06/15/2026,15:27:01,19.8,54.3
06/15/2026,15:32:01,19.8,54.3
06/15/2026,15:37:01,19.8,54.4
06/15/2026,15:42:01,19.9,54.4
06/15/2026,15:47:01,19.9,54.4
06/15/2026,15:52:01,19.9,54.4
06/15/2026,15:57:01,19.9,54.4
06/15/2026,16:02:01,19.9,54.4
06/15/2026,16:07:01,20.0,54.4
06/15/2026,16:12:01,19.9,54.4
06/15/2026,16:17:01,20.0,54.3
06/15/2026,16:22:01,20.0,54.4
06/15/2026,16:27:01,20.0,54.3
06/15/2026,16:32:01,20.0,54.4
06/15/2026,16:37:01,20.0,54.3
06/15/2026,16:42:01,20.0,54.3
06/15/2026,16:47:01,20.1,54.3
06/15/2026,16:52:01,20.1,54.3
06/15/2026,16:57:01,20.1,54.3
06/15/2026,17:02:01,20.1,54.3
06/15/2026,17:07:01,20.1,54.3
06/15/2026,17:12:01,20.1,54.3
06/15/2026,17:17:01,20.1,54.3
06/15/2026,17:22:01,20.1,54.3
06/15/2026,17:27:01,20.1,54.3
06/15/2026,17:32:01,20.2,54.3
06/15/2026,17:37:01,20.2,54.3
06/15/2026,17:42:01,20.2,54.3
06/15/2026,17:47:01,20.2,54.3
06/15/2026,17:52:01,20.2,54.4
06/15/2026,17:57:01,20.2,54.4
06/15/2026,18:02:01,20.2,54.5
06/15/2026,18:07:01,20.3,54.5
06/15/2026,18:12:01,20.3,54.6
06/15/2026,18:17:01,20.3,54.7
06/15/2026,18:22:01,20.3,54.7
06/15/2026,18:27:01,20.4,54.8
06/15/2026,18:32:01,20.4,54.9
06/15/2026,18:37:01,20.4,55.3
06/15/2026,18:42:01,20.5,55.7
06/15/2026,18:47:01,20.6,55.8
06/15/2026,18:52:01,20.8,56.0
06/15/2026,18:57:01,20.8,56.0
06/15/2026,19:02:01,20.9,55.9
06/15/2026,19:07:01,21.0,55.8
06/15/2026,19:12:01,21.1,55.8
06/15/2026,19:17:01,21.2,55.8
06/15/2026,19:22:01,21.2,55.6
06/15/2026,19:27:01,21.2,55.6
06/15/2026,19:32:01,21.3,55.6
06/15/2026,19:37:01,21.3,55.4
06/15/2026,19:42:01,21.3,55.2
06/15/2026,19:47:01,21.4,55.4
06/15/2026,19:52:01,21.4,55.4
06/15/2026,19:57:01,21.4,55.1
06/15/2026,20:02:01,21.5,55.1
06/15/2026,20:07:01,21.5,55.0
06/15/2026,20:12:01,21.5,54.8
06/15/2026,20:17:01,21.6,54.6
06/15/2026,20:22:01,21.6,54.6
06/15/2026,20:27:01,21.7,54.2
06/15/2026,20:32:01,21.7,54.2
06/15/2026,20:37:01,21.7,54.2
06/15/2026,20:42:01,21.7,54.3
06/15/2026,20:47:01,21.8,54.0
06/15/2026,20:52:01,21.8,54.1
06/15/2026,20:57:01,21.8,53.6
06/15/2026,21:02:01,21.8,53.6
06/15/2026,21:07:01,21.8,53.3
06/15/2026,21:12:01,21.8,52.9
06/15/2026,21:17:01,21.7,52.7
06/15/2026,21:22:01,21.6,52.3
06/15/2026,21:27:01,21.6,52.1
06/15/2026,21:32:01,21.5,52.0
06/15/2026,21:37:01,21.4,52.0
06/15/2026,21:42:01,21.4,51.9
06/15/2026,21:47:01,21.3,51.9
06/15/2026,21:52:01,21.2,51.9
06/15/2026,21:57:01,21.1,52.0
06/15/2026,22:02:01,21.1,52.1
06/15/2026,22:07:01,21.0,52.3
06/15/2026,22:12:01,21.0,52.4
06/15/2026,22:17:01,21.0,52.5
06/15/2026,22:22:01,21.0,52.6
06/15/2026,22:27:01,21.0,52.7
06/15/2026,22:32:01,20.9,52.7
06/15/2026,22:37:01,20.9,52.8
06/15/2026,22:42:01,20.9,52.8
06/15/2026,22:47:01,20.9,52.9
06/15/2026,22:52:01,20.9,52.9
06/15/2026,22:57:01,20.8,53.0
06/15/2026,23:02:01,20.8,53.0
06/15/2026,23:07:01,20.8,53.1
06/15/2026,23:12:01,20.8,53.1
06/15/2026,23:17:01,20.8,53.2
06/15/2026,23:22:01,20.8,53.3
06/15/2026,23:27:01,20.7,53.3
06/15/2026,23:32:01,20.7,53.3
06/15/2026,23:37:01,20.7,53.3
06/15/2026,23:42:01,20.7,53.4
06/15/2026,23:47:01,20.7,53.4
06/15/2026,23:52:01,20.7,53.4
06/15/2026,23:57:01,20.6,53.5
06/16/2026,00:02:01,20.6,53.5
06/16/2026,00:07:01,20.6,53.5
06/16/2026,00:12:01,20.6,53.6
06/16/2026,00:17:01,20.6,53.7
06/16/2026,00:22:01,20.5,53.6
06/16/2026,00:27:01,20.5,53.7
06/16/2026,00:32:01,20.5,53.7
06/16/2026,00:37:01,20.5,53.8
06/16/2026,00:42:01,20.5,53.8
06/16/2026,00:47:01,20.5,53.8
06/16/2026,00:52:01,20.4,53.8
06/16/2026,00:57:01,20.4,53.8
06/16/2026,01:02:01,20.4,53.8
06/16/2026,01:07:01,20.4,53.9
06/16/2026,01:12:01,20.4,53.9
06/16/2026,01:17:01,20.4,53.9
06/16/2026,01:22:01,20.3,54.0
06/16/2026,01:27:01,20.3,54.0
06/16/2026,01:32:01,20.3,54.0
06/16/2026,01:37:01,20.3,54.1
06/16/2026,01:42:01,20.3,54.1
06/16/2026,01:47:01,20.3,54.1
06/16/2026,01:52:01,20.3,54.1
06/16/2026,01:57:01,20.3,54.1
06/16/2026,02:02:01,20.2,54.1
06/16/2026,02:07:01,20.2,54.1
06/16/2026,02:12:01,20.2,54.2
06/16/2026,02:17:01,20.2,54.3
06/16/2026,02:22:01,20.2,54.3
06/16/2026,02:27:01,20.2,54.3
06/16/2026,02:32:01,20.2,54.3
06/16/2026,02:37:01,20.2,54.3
06/16/2026,02:42:01,20.1,54.3
06/16/2026,02:47:01,20.1,54.3
06/16/2026,02:52:01,20.1,54.3
06/16/2026,02:57:01,20.1,54.4
06/16/2026,03:02:01,20.1,54.4
06/16/2026,03:07:01,20.1,54.4
06/16/2026,03:12:01,20.1,54.4
06/16/2026,03:17:01,20.0,54.4
06/16/2026,03:22:01,20.0,54.4
06/16/2026,03:27:01,20.0,54.4
06/16/2026,03:32:01,20.0,54.4
06/16/2026,03:37:01,20.0,54.4
06/16/2026,03:42:01,20.0,54.5
06/16/2026,03:47:01,19.9,54.5
06/16/2026,03:52:01,20.0,54.4
06/16/2026,03:57:01,19.9,54.4
06/16/2026,04:02:01,19.9,54.5
06/16/2026,04:07:01,19.9,54.4
06/16/2026,04:12:01,19.9,54.5
06/16/2026,04:17:01,19.9,54.5
06/16/2026,04:22:01,19.9,54.5
06/16/2026,04:27:01,19.9,54.5
06/16/2026,04:32:01,19.9,54.5
06/16/2026,04:37:01,19.8,54.5
06/16/2026,04:42:01,19.8,54.5
06/16/2026,04:47:01,19.8,54.5
06/16/2026,04:52:01,19.8,54.5
06/16/2026,04:57:01,19.8,54.6
06/16/2026,05:02:01,19.8,54.5
06/16/2026,05:07:01,19.8,54.6
06/16/2026,05:12:01,19.8,54.6
06/16/2026,05:17:01,19.8,54.6
06/16/2026,05:22:01,19.7,54.6
06/16/2026,05:27:01,19.7,54.6
06/16/2026,05:32:01,19.7,54.7
06/16/2026,05:37:01,19.7,54.6
06/16/2026,05:42:01,19.7,54.7
06/16/2026,05:47:01,19.7,54.7
06/16/2026,05:52:01,19.7,54.7
06/16/2026,05:57:01,19.7,54.7
06/16/2026,06:02:01,19.7,54.7
06/16/2026,06:07:01,19.7,54.7
06/16/2026,06:12:01,19.6,54.8
06/16/2026,06:17:01,19.6,54.8
06/16/2026,06:22:01,19.6,54.8
06/16/2026,06:27:01,19.6,54.8
06/16/2026,06:32:01,19.6,54.8
06/16/2026,06:37:01,19.6,54.8
06/16/2026,06:42:01,19.6,54.8
06/16/2026,06:47:01,19.6,54.9
06/16/2026,06:52:01,19.6,54.9
06/16/2026,06:57:01,19.6,54.9
06/16/2026,07:02:01,19.6,54.9
06/16/2026,07:07:01,19.6,54.9
06/16/2026,07:12:01,19.6,55.0
06/16/2026,07:17:01,19.6,55.0
06/16/2026,07:22:01,19.6,55.0
06/16/2026,07:27:01,19.6,55.0
06/16/2026,07:32:01,19.6,55.1
06/16/2026,07:37:01,19.6,55.1
06/16/2026,07:42:01,19.5,55.1
06/16/2026,07:47:01,19.6,55.2
06/16/2026,07:52:01,19.6,55.2
06/16/2026,07:57:01,19.5,55.2
06/16/2026,08:02:01,19.6,55.3
06/16/2026,08:07:01,19.5,55.2
06/16/2026,08:12:01,19.5,55.3
06/16/2026,08:17:01,19.5,55.3
06/16/2026,08:22:01,19.5,55.3
06/16/2026,08:27:01,19.5,55.3
06/16/2026,08:32:01,19.5,55.3
06/16/2026,08:37:01,19.5,55.3
06/16/2026,08:42:01,19.5,55.4
06/16/2026,08:47:01,19.5,55.3
06/16/2026,08:52:01,19.5,55.3
06/16/2026,08:57:01,19.5,55.4
06/16/2026,09:02:01,19.5,55.4
06/16/2026,09:07:01,19.5,55.5
06/16/2026,09:12:01,19.5,55.5
06/16/2026,09:17:01,19.5,55.5
06/16/2026,09:22:01,19.5,55.5
06/16/2026,09:27:01,19.5,55.5
06/16/2026,09:32:01,19.5,55.5
06/16/2026,09:37:01,19.5,55.5
06/16/2026,09:42:01,19.5,55.6
06/16/2026,09:47:01,19.5,55.6
06/16/2026,09:52:01,19.5,55.6
06/16/2026,09:57:01,19.5,55.6
06/16/2026,10:02:01,19.5,55.6
06/16/2026,10:07:01,19.5,55.6
06/16/2026,10:12:01,19.6,55.6
06/16/2026,10:17:01,19.5,55.6
06/16/2026,10:22:01,19.5,55.7
06/16/2026,10:27:01,19.5,55.7
06/16/2026,10:32:01,19.6,55.8
06/16/2026,10:37:01,19.6,55.8
06/16/2026,10:42:01,19.6,55.8
06/16/2026,10:47:01,19.6,55.9
06/16/2026,10:52:01,19.6,55.8
06/16/2026,10:57:01,19.6,55.8
06/16/2026,11:02:01,19.6,55.8
06/16/2026,11:07:01,19.6,55.9
06/16/2026,11:12:01,19.7,55.9
06/16/2026,11:17:01,19.7,55.9
06/16/2026,11:22:01,19.7,55.9
06/16/2026,11:27:01,19.7,55.9
06/16/2026,11:32:01,19.7,55.9
06/16/2026,11:37:01,19.7,55.9
06/16/2026,11:42:01,19.7,55.9
06/16/2026,11:47:01,19.7,55.8
06/16/2026,11:52:01,19.7,55.8
06/16/2026,11:57:01,19.8,55.8
06/16/2026,12:02:01,19.8,55.9
06/16/2026,12:07:01,19.8,56.0
06/16/2026,12:12:01,19.8,55.9
06/16/2026,12:17:01,19.8,55.9
06/16/2026,12:22:01,19.9,55.9
06/16/2026,12:27:01,19.9,55.9
06/16/2026,12:32:01,19.9,55.9
06/16/2026,12:37:01,19.9,55.9
06/16/2026,12:42:01,19.9,56.1
06/16/2026,12:47:01,20.0,56.3
06/16/2026,12:52:01,20.0,56.1
06/16/2026,12:57:01,20.0,56.2
06/16/2026,13:02:01,20.0,56.6
06/16/2026,13:07:01,20.1,56.6
06/16/2026,13:12:01,20.1,56.6
06/16/2026,13:17:01,20.1,56.5
06/16/2026,13:22:01,20.2,56.5
06/16/2026,13:27:01,20.2,56.5
06/16/2026,13:32:01,20.2,56.6
06/16/2026,13:37:01,20.2,56.6
06/16/2026,13:42:01,20.3,56.7
06/16/2026,13:47:01,20.3,56.7
06/16/2026,13:52:01,20.3,56.7
06/16/2026,13:57:01,20.3,56.7
06/16/2026,14:02:01,20.4,56.6
06/16/2026,14:07:01,20.4,56.6
06/16/2026,14:12:01,20.4,56.7
06/16/2026,14:17:01,20.4,56.7
06/16/2026,14:22:01,20.5,56.7
06/16/2026,14:27:01,20.5,56.8
06/16/2026,14:32:01,20.5,56.9
06/16/2026,14:37:01,20.6,56.9
06/16/2026,14:42:01,20.6,56.9
06/16/2026,14:47:01,20.6,56.9
06/16/2026,14:52:01,20.6,57.2
06/16/2026,14:57:01,20.7,57.1
06/16/2026,15:02:01,20.7,57.2
06/16/2026,15:07:01,20.8,57.1
06/16/2026,15:12:01,20.8,57.1
06/16/2026,15:17:01,20.8,57.3
06/16/2026,15:22:01,20.8,57.2
06/16/2026,15:27:01,20.9,57.2
06/16/2026,15:32:01,20.9,57.2
06/16/2026,15:37:01,20.9,57.2
06/16/2026,15:42:01,21.0,57.2
06/16/2026,15:47:01,21.0,57.2
06/16/2026,15:52:01,21.0,57.2
06/16/2026,15:57:01,21.0,57.2
06/16/2026,16:02:01,21.1,57.1
06/16/2026,16:07:01,21.1,57.1
06/16/2026,16:12:01,21.1,57.1
06/16/2026,16:17:01,21.1,57.1
06/16/2026,16:22:01,21.1,57.2
06/16/2026,16:27:01,21.2,57.2
06/16/2026,16:32:01,21.2,57.1
06/16/2026,16:37:01,21.2,57.2
06/16/2026,16:42:01,21.2,57.2
06/16/2026,16:47:01,21.3,57.3
06/16/2026,16:52:01,21.3,57.3
06/16/2026,16:57:01,21.3,57.3
06/16/2026,17:02:01,21.3,57.4
06/16/2026,17:07:01,21.3,57.4
06/16/2026,17:12:01,21.3,57.3
06/16/2026,17:17:01,21.3,57.5
06/16/2026,17:22:01,21.4,57.5
06/16/2026,17:27:01,21.4,57.5
06/16/2026,17:32:01,21.4,57.5
06/16/2026,17:37:01,21.4,57.6
06/16/2026,17:42:01,21.4,57.6
06/16/2026,17:47:01,21.4,57.6
06/16/2026,17:52:01,21.5,57.6
06/16/2026,17:57:01,21.4,57.6
06/16/2026,18:02:01,21.4,57.7
06/16/2026,18:07:01,21.5,57.8
06/16/2026,18:12:01,21.5,57.8
06/16/2026,18:17:01,21.5,57.8
06/16/2026,18:22:01,21.5,57.8
06/16/2026,18:27:01,21.5,57.8
06/16/2026,18:32:01,21.5,57.9
06/16/2026,18:37:01,21.5,57.8
06/16/2026,18:42:01,21.5,57.9
06/16/2026,18:47:01,21.6,58.0
06/16/2026,18:52:01,21.6,57.9
06/16/2026,18:57:01,21.6,58.1
06/16/2026,19:02:01,21.6,58.4
06/16/2026,19:07:01,21.6,58.6
06/16/2026,19:12:01,21.6,58.6
06/16/2026,19:17:01,21.6,58.7
06/16/2026,19:22:01,21.6,58.7
06/16/2026,19:27:01,21.6,58.7
06/16/2026,19:32:01,21.6,58.9
06/16/2026,19:37:01,21.6,58.9
06/16/2026,19:42:01,21.7,59.0
06/16/2026,19:47:01,21.7,59.0
06/16/2026,19:52:01,21.7,58.8
06/16/2026,19:57:01,21.7,58.8
06/16/2026,20:02:01,21.7,58.8
06/16/2026,20:07:01,21.7,58.9
06/16/2026,20:12:01,21.7,58.8
06/16/2026,20:17:01,21.7,58.8
06/16/2026,20:22:01,21.7,58.8
06/16/2026,20:27:01,21.7,59.0
06/16/2026,20:32:01,21.8,59.3
06/16/2026,20:37:01,21.8,59.0
06/16/2026,20:42:01,21.8,58.9
06/16/2026,20:47:01,21.7,58.9
06/16/2026,20:52:01,21.8,58.9
06/16/2026,20:57:01,21.8,58.9
06/16/2026,21:02:01,21.8,58.9
06/16/2026,21:07:01,21.8,58.9
06/16/2026,21:12:01,21.8,58.9
06/16/2026,21:17:01,21.8,58.9
06/16/2026,21:22:01,21.8,58.9
06/16/2026,21:27:01,21.8,58.9
06/16/2026,21:32:01,21.7,58.9
06/16/2026,21:37:01,21.7,58.9
06/16/2026,21:42:01,21.7,58.9
06/16/2026,21:47:01,21.7,58.9
06/16/2026,21:52:01,21.7,58.9
06/16/2026,21:57:01,21.7,58.9
06/16/2026,22:02:01,21.7,58.9
06/16/2026,22:07:01,21.7,58.9
06/16/2026,22:12:01,21.7,58.9
06/16/2026,22:17:01,21.7,58.9
06/16/2026,22:22:01,21.7,58.9
06/16/2026,22:27:01,21.7,58.8
06/16/2026,22:32:01,21.7,58.8
06/16/2026,22:37:01,21.6,58.8
06/16/2026,22:42:01,21.6,58.9
06/16/2026,22:47:01,21.6,58.8
06/16/2026,22:52:01,21.6,58.8
06/16/2026,22:57:01,21.6,58.8
06/16/2026,23:02:01,21.6,58.8
06/16/2026,23:07:01,21.6,58.8
06/16/2026,23:12:01,21.6,58.8
06/16/2026,23:17:01,21.6,58.8
06/16/2026,23:22:01,21.6,58.8
06/16/2026,23:27:01,21.6,58.8
06/16/2026,23:32:01,21.6,58.8
06/16/2026,23:37:01,21.6,58.8
06/16/2026,23:42:01,21.5,58.7
06/16/2026,23:47:01,21.5,58.7
06/16/2026,23:52:01,21.5,58.8
06/16/2026,23:57:01,21.5,58.8
06/17/2026,00:02:01,21.5,58.7
06/17/2026,00:07:01,21.5,58.7
06/17/2026,00:12:01,21.5,58.7
06/17/2026,00:17:01,21.5,58.7
06/17/2026,00:22:01,21.5,58.8
06/17/2026,00:27:01,21.5,58.7
06/17/2026,00:32:01,21.5,58.8
06/17/2026,00:37:01,21.5,58.8
06/17/2026,00:42:01,21.4,58.8
06/17/2026,00:47:01,21.4,58.8
06/17/2026,00:52:01,21.4,58.8
06/17/2026,00:57:01,21.4,58.8
06/17/2026,01:02:01,21.4,58.8
06/17/2026,01:07:01,21.4,58.8
06/17/2026,01:12:01,21.4,58.8
06/17/2026,01:17:01,21.4,58.8
06/17/2026,01:22:01,21.4,58.8
06/17/2026,01:27:01,21.4,58.8
06/17/2026,01:32:01,21.4,58.8
06/17/2026,01:37:01,21.3,58.9
06/17/2026,01:42:01,21.3,58.9
06/17/2026,01:47:01,21.3,58.9
06/17/2026,01:52:01,21.3,58.9
06/17/2026,01:57:01,21.3,58.9
06/17/2026,02:02:01,21.3,58.9
06/17/2026,02:07:01,21.3,59.0
06/17/2026,02:12:01,21.3,58.9
06/17/2026,02:17:01,21.3,59.0
06/17/2026,02:22:01,21.3,58.9
06/17/2026,02:27:01,21.3,59.0
06/17/2026,02:32:01,21.3,59.0
06/17/2026,02:37:01,21.3,59.0
06/17/2026,02:42:01,21.3,59.0
06/17/2026,02:47:01,21.3,59.0
06/17/2026,02:52:01,21.3,59.0
06/17/2026,02:57:01,21.2,59.0
06/17/2026,03:02:01,21.3,59.0
06/17/2026,03:07:01,21.3,59.0
06/17/2026,03:12:01,21.2,59.0
06/17/2026,03:17:01,21.2,59.0
06/17/2026,03:22:01,21.2,59.0
06/17/2026,03:27:01,21.2,59.0
06/17/2026,03:32:01,21.2,59.1
06/17/2026,03:37:01,21.2,59.0
06/17/2026,03:42:01,21.2,59.0
06/17/2026,03:47:01,21.2,59.1
06/17/2026,03:52:01,21.2,59.1
06/17/2026,03:57:01,21.2,59.1
06/17/2026,04:02:01,21.2,59.1
06/17/2026,04:07:01,21.1,59.2
06/17/2026,04:12:01,21.1,59.3
06/17/2026,04:17:01,21.1,59.2
06/17/2026,04:22:01,21.1,59.3
06/17/2026,04:27:01,21.1,59.3
06/17/2026,04:32:01,21.1,59.3
06/17/2026,04:37:01,21.1,59.3
06/17/2026,04:42:01,21.1,59.3
06/17/2026,04:47:01,21.1,59.4
06/17/2026,04:52:01,21.1,59.4
06/17/2026,04:57:01,21.1,59.4
06/17/2026,05:02:01,21.1,59.4
06/17/2026,05:07:01,21.1,59.4
06/17/2026,05:12:01,21.1,59.4
06/17/2026,05:17:01,21.1,59.4
06/17/2026,05:22:01,21.1,59.4
06/17/2026,05:27:01,21.0,59.4
06/17/2026,05:32:01,21.0,59.4
06/17/2026,05:37:01,21.0,59.4
06/17/2026,05:42:01,21.0,59.4
06/17/2026,05:47:01,21.0,59.5
06/17/2026,05:52:01,21.0,59.4
06/17/2026,05:57:01,21.0,59.4
06/17/2026,06:02:01,21.0,59.4
06/17/2026,06:07:01,21.0,59.5
06/17/2026,06:12:01,21.0,59.5
06/17/2026,06:17:01,21.0,59.5
06/17/2026,06:22:01,21.0,59.6
06/17/2026,06:27:01,21.0,59.5
06/17/2026,06:32:01,21.0,59.6
06/17/2026,06:37:01,21.0,59.5
06/17/2026,06:42:01,21.0,59.6
06/17/2026,06:47:01,20.9,59.6
06/17/2026,06:52:01,21.0,59.6
06/17/2026,06:57:01,20.9,59.6
06/17/2026,07:02:01,20.9,59.6
06/17/2026,07:07:01,20.9,59.7
06/17/2026,07:12:01,20.9,59.7
06/17/2026,07:17:01,20.9,59.7
06/17/2026,07:22:01,20.9,59.7
06/17/2026,07:27:01,20.9,59.7
06/17/2026,07:32:01,20.9,59.7
06/17/2026,07:37:01,20.9,59.8
06/17/2026,07:42:01,20.9,59.7
06/17/2026,07:47:01,20.9,59.7
06/17/2026,07:52:01,20.9,59.8
06/17/2026,07:57:01,20.9,59.8
06/17/2026,08:02:01,20.9,59.8
06/17/2026,08:07:01,20.9,59.8
06/17/2026,08:12:01,20.9,60.0
06/17/2026,08:17:01,20.9,59.9
06/17/2026,08:22:01,20.9,59.9
06/17/2026,08:27:01,20.8,60.0
06/17/2026,08:32:01,20.9,60.0
06/17/2026,08:37:01,20.8,60.0
06/17/2026,08:42:01,20.9,60.1
06/17/2026,08:47:01,20.8,60.0
06/17/2026,08:52:01,20.9,60.1
06/17/2026,08:57:01,20.8,60.0
06/17/2026,09:02:01,20.8,60.0
06/17/2026,09:07:01,20.8,60.1
06/17/2026,09:12:01,20.8,59.9
06/17/2026,09:17:01,20.9,60.1
06/17/2026,09:22:01,20.9,60.0
06/17/2026,09:27:01,20.9,60.0
06/17/2026,09:32:01,20.9,60.3
06/17/2026,09:37:01,20.9,60.1
06/17/2026,09:42:01,20.9,60.0
06/17/2026,09:47:01,20.9,60.0
06/17/2026,09:52:01,20.9,60.2
06/17/2026,09:57:01,20.9,60.1
06/17/2026,10:02:01,20.9,60.4
06/17/2026,10:07:01,20.9,60.3
06/17/2026,10:12:01,20.9,60.2
06/17/2026,10:17:01,21.0,60.3
06/17/2026,10:22:01,21.0,60.5
06/17/2026,10:27:01,21.0,60.4
06/17/2026,10:32:01,21.0,60.6
06/17/2026,10:37:01,21.0,60.6
06/17/2026,10:42:01,21.0,60.4
06/17/2026,10:47:01,21.0,60.6
06/17/2026,10:52:01,21.0,60.5
06/17/2026,10:57:01,21.1,60.5
06/17/2026,11:02:01,21.1,60.6
06/17/2026,11:07:01,21.1,60.5
06/17/2026,11:12:01,21.1,60.5
06/17/2026,11:17:01,21.1,60.6
06/17/2026,11:22:01,21.1,60.4
06/17/2026,11:27:01,21.2,60.4
06/17/2026,11:32:01,21.2,60.3
06/17/2026,11:37:01,21.2,60.4
06/17/2026,11:42:01,21.2,60.3
06/17/2026,11:47:01,21.2,60.3
06/17/2026,11:52:01,21.2,60.4
06/17/2026,11:57:01,21.2,60.4
06/17/2026,12:02:01,21.2,60.3
06/17/2026,12:07:01,21.3,60.2
06/17/2026,12:12:01,21.2,60.3
06/17/2026,12:17:01,21.3,60.3
06/17/2026,12:22:01,21.3,60.3
06/17/2026,12:27:01,21.3,60.3
06/17/2026,12:32:01,21.3,60.4
06/17/2026,12:37:01,21.3,60.5
06/17/2026,12:42:01,21.3,60.4
06/17/2026,12:47:01,21.3,60.6
06/17/2026,12:52:01,21.3,60.5
06/17/2026,12:57:01,21.4,60.8
06/17/2026,13:02:01,21.4,60.5
06/17/2026,13:07:01,21.4,60.6
06/17/2026,13:12:01,21.4,60.8
06/17/2026,13:17:01,21.4,60.5
06/17/2026,13:22:01,21.4,60.6
06/17/2026,13:27:01,21.4,60.5
06/17/2026,13:32:01,21.4,60.3
06/17/2026,13:37:01,21.4,60.6
06/17/2026,13:42:01,21.5,60.7
06/17/2026,13:47:01,21.5,60.7
06/17/2026,13:52:01,21.5,60.6
06/17/2026,13:57:01,21.5,60.4
06/17/2026,14:02:01,21.5,60.7
06/17/2026,14:07:01,21.5,60.5
06/17/2026,14:12:01,21.5,60.6
06/17/2026,14:17:01,21.5,60.5
06/17/2026,14:22:01,21.5,60.4
06/17/2026,14:27:01,21.6,60.7
06/17/2026,14:32:01,21.6,60.5
06/17/2026,14:37:01,21.6,60.5
06/17/2026,14:42:01,21.6,60.4
06/17/2026,14:47:01,21.6,60.6
06/17/2026,14:52:01,21.6,60.5
06/17/2026,14:57:01,21.6,60.6
06/17/2026,15:02:01,21.7,60.6
06/17/2026,15:07:01,21.7,60.5
06/17/2026,15:12:01,21.7,60.9
06/17/2026,15:17:01,21.7,60.8
06/17/2026,15:22:01,21.7,60.8
06/17/2026,15:27:01,21.7,60.9
06/17/2026,15:32:01,21.7,60.8
06/17/2026,15:37:01,21.7,60.7
06/17/2026,15:42:01,21.8,60.7
06/17/2026,15:47:01,21.8,60.8
06/17/2026,15:52:01,21.8,61.0
06/17/2026,15:57:01,21.8,61.2
06/17/2026,16:02:01,21.8,61.4
06/17/2026,16:07:01,21.8,61.4
06/17/2026,16:12:01,21.8,61.5
06/17/2026,16:17:01,21.9,61.5
06/17/2026,16:22:01,21.9,61.5
06/17/2026,16:27:01,21.9,61.5
06/17/2026,16:32:01,21.9,61.5
06/17/2026,16:37:01,21.9,61.4
06/17/2026,16:42:01,21.9,61.4
06/17/2026,16:47:01,22.0,61.4
06/17/2026,16:52:01,22.0,61.3
06/17/2026,16:57:01,22.0,61.3
06/17/2026,17:02:01,22.0,61.4
06/17/2026,17:07:01,22.0,61.5
06/17/2026,17:12:01,22.0,61.4
06/17/2026,17:17:01,22.0,61.6
06/17/2026,17:22:01,22.0,61.4
06/17/2026,17:27:01,22.1,61.4
06/17/2026,17:32:01,22.1,61.4
06/17/2026,17:37:01,22.1,61.4
06/17/2026,17:42:01,22.1,61.4
06/17/2026,17:47:01,22.1,61.3
06/17/2026,17:52:01,22.1,61.6
06/17/2026,17:57:01,22.1,61.6
06/17/2026,18:02:01,22.1,61.6
06/17/2026,18:07:01,22.1,61.6
06/17/2026,18:12:01,22.1,61.6
06/17/2026,18:17:01,22.1,61.5
06/17/2026,18:22:01,22.1,61.4
06/17/2026,18:27:01,22.1,61.6
06/17/2026,18:32:01,22.1,61.8
06/17/2026,18:37:01,22.2,62.0
06/17/2026,18:42:01,22.2,62.0
06/17/2026,18:47:01,22.2,62.3
06/17/2026,18:52:01,22.2,62.2
06/17/2026,18:57:01,22.2,62.3
06/17/2026,19:02:01,22.2,62.6
06/17/2026,19:07:01,22.2,63.1
06/17/2026,19:12:01,22.3,63.0
06/17/2026,19:17:01,22.3,62.9
06/17/2026,19:22:01,22.3,62.9
06/17/2026,19:27:01,22.3,63.3
06/17/2026,19:32:01,22.3,63.6
06/17/2026,19:37:01,22.4,64.2
06/17/2026,19:42:01,22.4,64.1
06/17/2026,19:47:01,22.4,63.9
06/17/2026,19:52:01,22.4,64.0
06/17/2026,19:57:01,22.5,63.8
06/17/2026,20:02:01,22.5,63.7
06/17/2026,20:07:01,22.5,64.2
06/17/2026,20:12:01,22.5,63.9
06/17/2026,20:17:01,22.5,64.1
06/17/2026,20:22:01,22.5,63.8
06/17/2026,20:27:01,22.5,63.8
06/17/2026,20:32:01,22.5,63.8
06/17/2026,20:37:01,22.5,63.4
06/17/2026,20:42:01,22.5,63.0
06/17/2026,20:47:01,22.5,62.9
06/17/2026,20:52:01,22.5,63.0
06/17/2026,20:57:01,22.5,63.0
06/17/2026,21:02:01,22.5,62.9
06/17/2026,21:07:01,22.5,62.9
06/17/2026,21:12:01,22.5,62.8
06/17/2026,21:17:01,22.5,62.6
06/17/2026,21:22:01,22.5,62.4
06/17/2026,21:27:01,22.5,62.3
06/17/2026,21:32:01,22.5,62.3
06/17/2026,21:37:01,22.5,62.3
06/17/2026,21:42:01,22.5,62.2
06/17/2026,21:47:01,22.4,62.2
06/17/2026,21:52:01,22.4,62.2
06/17/2026,21:57:01,22.4,62.1
06/17/2026,22:02:01,22.4,62.1
06/17/2026,22:07:01,22.4,62.1
06/17/2026,22:12:01,22.4,62.1
06/17/2026,22:17:01,22.4,62.1
06/17/2026,22:22:01,22.4,62.1
06/17/2026,22:27:01,22.4,62.1
06/17/2026,22:32:01,22.4,62.0
06/17/2026,22:37:01,22.3,62.0
06/17/2026,22:42:01,22.3,62.0
06/17/2026,22:47:01,22.3,62.0
06/17/2026,22:52:01,22.3,62.1
06/17/2026,22:57:01,22.3,62.0
06/17/2026,23:02:01,22.3,62.0
06/17/2026,23:07:01,22.3,62.0
06/17/2026,23:12:01,22.2,62.0
06/17/2026,23:17:01,22.2,62.0
06/17/2026,23:22:01,22.2,62.0
06/17/2026,23:27:01,22.2,62.0
06/17/2026,23:32:01,22.2,62.0
06/17/2026,23:37:01,22.2,62.0
06/17/2026,23:42:01,22.2,62.0
06/17/2026,23:47:01,22.2,62.0
06/17/2026,23:52:01,22.2,61.9
06/17/2026,23:57:01,22.1,61.9
06/18/2026,00:02:01,22.2,62.0
06/18/2026,00:07:01,22.1,62.0
06/18/2026,00:12:01,22.1,62.1
06/18/2026,00:17:01,22.1,62.1
06/18/2026,00:22:01,22.1,62.1
06/18/2026,00:27:01,22.1,62.1
06/18/2026,00:32:01,22.1,62.3
06/18/2026,00:37:01,22.1,62.3
06/18/2026,00:42:01,22.1,62.4
06/18/2026,00:47:01,22.0,62.3
06/18/2026,00:52:01,22.0,62.3
06/18/2026,00:57:01,22.0,62.3
06/18/2026,01:02:01,22.0,62.4
06/18/2026,01:07:01,22.0,62.4
06/18/2026,01:12:01,22.0,62.4
06/18/2026,01:17:01,22.0,62.4
06/18/2026,01:22:01,22.0,62.5
06/18/2026,01:27:01,22.0,62.5
06/18/2026,01:32:01,21.9,62.5
06/18/2026,01:37:01,21.9,62.6
06/18/2026,01:42:01,21.9,62.7
06/18/2026,01:47:01,21.9,62.7
06/18/2026,01:52:01,21.9,62.7
06/18/2026,01:57:01,21.9,62.7
06/18/2026,02:02:01,21.9,62.7
06/18/2026,02:07:01,21.8,62.7
06/18/2026,02:12:01,21.9,62.7
06/18/2026,02:17:01,21.9,62.7
06/18/2026,02:22:01,21.8,62.7
06/18/2026,02:27:01,21.8,62.8
06/18/2026,02:32:01,21.8,62.9
06/18/2026,02:37:01,21.8,62.8
06/18/2026,02:42:01,21.8,62.8
06/18/2026,02:47:01,21.8,62.9
06/18/2026,02:52:01,21.8,62.9
06/18/2026,02:57:01,21.8,63.0
06/18/2026,03:02:01,21.8,62.9
06/18/2026,03:07:01,21.7,62.9
06/18/2026,03:12:01,21.7,62.9
06/18/2026,03:17:01,21.7,62.8
06/18/2026,03:22:01,21.7,62.9
06/18/2026,03:27:01,21.7,62.9
06/18/2026,03:32:01,21.7,62.9
06/18/2026,03:37:01,21.7,62.9
06/18/2026,03:42:01,21.7,63.0
06/18/2026,03:47:01,21.7,62.9
06/18/2026,03:52:01,21.6,63.0
06/18/2026,03:57:01,21.6,63.1
06/18/2026,04:02:01,21.7,63.1
06/18/2026,04:07:01,21.6,63.0
06/18/2026,04:12:01,21.6,63.0
06/18/2026,04:17:01,21.6,62.9
06/18/2026,04:22:01,21.6,62.9
06/18/2026,04:27:01,21.6,62.9
06/18/2026,04:32:01,21.6,62.9
06/18/2026,04:37:01,21.6,62.9
06/18/2026,04:42:01,21.6,62.9
06/18/2026,04:47:01,21.6,62.9
06/18/2026,04:52:01,21.5,63.0
06/18/2026,04:57:01,21.5,63.0
06/18/2026,05:02:01,21.5,63.1
06/18/2026,05:07:01,21.5,63.0
06/18/2026,05:12:01,21.5,63.0
06/18/2026,05:17:01,21.5,63.0
06/18/2026,05:22:01,21.5,63.0
06/18/2026,05:27:01,21.5,63.1
06/18/2026,05:32:01,21.5,63.1
06/18/2026,05:37:01,21.5,63.1
06/18/2026,05:42:01,21.4,63.1
06/18/2026,05:47:01,21.5,63.2
06/18/2026,05:52:01,21.4,63.1
06/18/2026,05:57:01,21.5,63.3
06/18/2026,06:02:01,21.4,63.4
06/18/2026,06:07:01,21.4,63.4
06/18/2026,06:12:01,21.4,63.5
06/18/2026,06:17:01,21.4,63.7
06/18/2026,06:22:01,21.4,63.8
06/18/2026,06:27:01,21.4,63.7
06/18/2026,06:32:01,21.4,63.7
06/18/2026,06:37:01,21.4,63.7
06/18/2026,06:42:01,21.4,63.7
06/18/2026,06:47:01,21.4,63.7
06/18/2026,06:52:01,21.4,63.8
06/18/2026,06:57:01,21.4,63.9
06/18/2026,07:02:01,21.5,63.8
06/18/2026,07:07:01,21.5,63.9
06/18/2026,07:12:01,21.5,64.2
06/18/2026,07:17:01,21.7,64.5
06/18/2026,07:22:01,21.9,64.8
06/18/2026,07:27:01,22.1,64.2
06/18/2026,07:32:01,22.3,63.8
06/18/2026,07:37:01,22.4,63.1
06/18/2026,07:42:01,22.5,62.8
06/18/2026,07:47:01,22.5,62.7
06/18/2026,07:52:01,22.5,62.5
06/18/2026,07:57:01,22.5,62.4
06/18/2026,08:02:01,22.4,62.3
06/18/2026,08:07:01,22.4,62.4
06/18/2026,08:12:01,22.4,62.3
06/18/2026,08:17:01,22.4,62.3
06/18/2026,08:22:01,22.4,62.4
06/18/2026,08:27:01,22.3,62.4
06/18/2026,08:32:01,22.3,62.3
06/18/2026,08:37:01,22.3,62.2
06/18/2026,08:42:01,22.2,62.2
06/18/2026,08:47:01,22.2,62.3
06/18/2026,08:52:01,22.2,62.3
06/18/2026,08:57:01,22.2,62.3
06/18/2026,09:02:01,22.1,62.4
06/18/2026,09:07:01,22.1,62.3
06/18/2026,09:12:01,22.1,62.3
06/18/2026,09:17:01,22.1,62.4
06/18/2026,09:22:01,22.0,62.3
06/18/2026,09:27:01,22.1,62.4
06/18/2026,09:32:01,22.0,62.6
06/18/2026,09:37:01,22.0,62.6
06/18/2026,09:42:01,22.0,62.7
06/18/2026,09:47:01,22.0,62.5
06/18/2026,09:52:01,22.0,62.4
06/18/2026,09:57:01,22.0,62.6
06/18/2026,10:02:01,22.0,62.8
06/18/2026,10:07:01,22.0,62.9
06/18/2026,10:12:01,22.0,62.9
06/18/2026,10:17:01,22.0,62.7
06/18/2026,10:22:01,22.0,62.6
06/18/2026,10:27:01,22.0,62.6
06/18/2026,10:32:01,22.0,62.7
06/18/2026,10:37:01,22.0,62.6
06/18/2026,10:42:01,22.0,62.6
06/18/2026,10:47:01,22.0,62.6
06/18/2026,10:52:01,22.0,62.6
06/18/2026,10:57:01,22.0,62.6
06/18/2026,11:02:01,22.0,62.7
06/18/2026,11:07:01,22.0,62.7
06/18/2026,11:12:01,22.0,62.7
06/18/2026,11:17:01,22.0,63.1
06/18/2026,11:22:01,22.0,63.1
06/18/2026,11:27:01,22.0,63.3
06/18/2026,11:32:01,22.0,63.2
06/18/2026,11:37:01,22.0,63.0
06/18/2026,11:42:01,22.0,63.0
06/18/2026,11:47:01,22.0,63.1
06/18/2026,11:52:01,22.0,62.8
06/18/2026,11:57:01,22.1,62.7
06/18/2026,12:02:01,22.0,62.6
06/18/2026,12:07:01,22.0,62.6
06/18/2026,12:12:01,22.0,62.6
06/18/2026,12:17:01,22.0,62.5
06/18/2026,12:22:01,22.1,62.8
06/18/2026,12:27:01,22.1,62.9
06/18/2026,12:32:01,22.1,62.6
06/18/2026,12:37:01,22.1,62.6
06/18/2026,12:42:01,22.1,62.5
06/18/2026,12:47:01,22.1,62.5
06/18/2026,12:52:01,22.1,62.4
06/18/2026,12:57:01,22.1,62.3
06/18/2026,13:02:01,22.1,62.3
06/18/2026,13:07:01,22.1,62.3
06/18/2026,13:12:01,22.1,62.2
06/18/2026,13:17:01,22.1,62.2
06/18/2026,13:22:01,22.1,62.1
06/18/2026,13:27:01,22.1,62.4
06/18/2026,13:32:01,22.1,62.4
06/18/2026,13:37:01,22.1,62.3
06/18/2026,13:42:01,22.1,62.6
06/18/2026,13:47:01,22.1,62.6
06/18/2026,13:52:01,22.1,62.6
06/18/2026,13:57:01,22.1,62.6
06/18/2026,14:02:01,22.1,62.5
06/18/2026,14:07:01,22.1,62.6
06/18/2026,14:12:01,22.1,62.7
06/18/2026,14:17:01,22.2,63.2
06/18/2026,14:22:01,22.2,63.1
06/18/2026,14:27:01,22.2,62.9
06/18/2026,14:32:01,22.2,63.3
06/18/2026,14:37:01,22.2,63.2
06/18/2026,14:42:01,22.2,63.3
06/18/2026,14:47:01,22.2,63.4
06/18/2026,14:52:01,22.2,63.5
06/18/2026,14:57:01,22.3,63.5
06/18/2026,15:02:01,22.3,63.6
06/18/2026,15:07:01,22.3,63.7
06/18/2026,15:12:01,22.3,63.9
06/18/2026,15:17:01,22.4,63.9
06/18/2026,15:22:01,22.4,64.0
06/18/2026,15:27:01,22.4,64.0
06/18/2026,15:32:01,22.4,63.9
06/18/2026,15:37:01,22.4,63.9
06/18/2026,15:42:01,22.4,63.9
06/18/2026,15:47:01,22.5,63.9
06/18/2026,15:52:01,22.5,64.0
06/18/2026,15:57:01,22.5,63.9
06/18/2026,16:02:01,22.5,64.2
06/18/2026,16:07:01,22.5,64.1
06/18/2026,16:12:01,22.5,64.0
06/18/2026,16:17:01,22.6,64.1
06/18/2026,16:22:01,22.6,64.0
06/18/2026,16:27:01,22.6,63.9
06/18/2026,16:32:01,22.6,63.8
06/18/2026,16:37:01,22.6,63.8
06/18/2026,16:42:01,22.7,63.9
06/18/2026,16:47:01,22.7,63.8
06/18/2026,16:52:01,22.7,63.9
06/18/2026,16:57:01,22.7,64.0
06/18/2026,17:02:01,22.7,64.2
06/18/2026,17:07:01,22.7,64.2
06/18/2026,17:12:01,22.7,64.0
06/18/2026,17:17:01,22.7,63.9
06/18/2026,17:22:01,22.8,63.9
06/18/2026,17:27:01,22.8,64.0
06/18/2026,17:32:01,22.8,63.9
06/18/2026,17:37:01,22.8,64.1
06/18/2026,17:42:01,22.8,64.2
06/18/2026,17:47:01,22.8,64.2
06/18/2026,17:52:01,22.8,64.2
06/18/2026,17:57:01,22.9,64.2
06/18/2026,18:02:01,22.9,64.4
06/18/2026,18:07:01,22.9,64.3
06/18/2026,18:12:01,22.9,64.3
06/18/2026,18:17:01,22.9,64.3
06/18/2026,18:22:01,22.9,64.2
06/18/2026,18:27:01,22.9,64.1
06/18/2026,18:32:01,22.9,64.2
06/18/2026,18:37:01,23.0,64.2
06/18/2026,18:42:01,23.0,64.2
06/18/2026,18:47:01,23.0,64.1
06/18/2026,18:52:01,23.0,64.1
06/18/2026,18:57:01,23.0,64.1
06/18/2026,19:02:01,23.0,64.1
06/18/2026,19:07:01,23.0,64.1
06/18/2026,19:12:01,23.0,64.0
06/18/2026,19:17:01,23.0,63.9
06/18/2026,19:22:01,23.0,63.9
06/18/2026,19:27:01,23.1,64.3
06/18/2026,19:32:01,23.1,64.1
06/18/2026,19:37:01,23.1,63.9
06/18/2026,19:42:01,23.1,63.8
06/18/2026,19:47:01,23.1,63.7
06/18/2026,19:52:01,23.1,63.6
06/18/2026,19:57:01,23.1,63.5
06/18/2026,20:02:01,23.1,63.4
06/18/2026,20:07:01,23.1,63.4
06/18/2026,20:12:01,23.1,63.8
06/18/2026,20:17:01,23.1,63.8
06/18/2026,20:22:01,23.1,63.6
06/18/2026,20:27:01,23.1,63.6
06/18/2026,20:32:01,23.1,63.7
06/18/2026,20:37:01,23.1,63.7
06/18/2026,20:42:01,23.1,63.7
06/18/2026,20:47:01,23.1,63.7
06/18/2026,20:52:01,23.1,63.7
06/18/2026,20:57:01,23.0,63.6
06/18/2026,21:02:01,23.0,63.4
06/18/2026,21:07:01,23.0,63.3
06/18/2026,21:12:01,23.0,63.3
06/18/2026,21:17:01,23.0,63.3
06/18/2026,21:22:01,23.0,63.2
06/18/2026,21:27:01,23.0,63.2
06/18/2026,21:32:01,23.0,63.1
06/18/2026,21:37:01,23.0,63.1
06/18/2026,21:42:01,23.0,63.1
06/18/2026,21:47:01,23.0,63.1
06/18/2026,21:52:01,23.0,63.1
06/18/2026,21:57:01,23.0,63.1
06/18/2026,22:02:01,23.0,63.1
06/18/2026,22:07:01,23.0,63.1
06/18/2026,22:12:01,23.0,63.1
06/18/2026,22:17:01,23.0,63.1
06/18/2026,22:22:01,23.0,63.0
06/18/2026,22:27:01,22.9,63.0
06/18/2026,22:32:01,22.9,63.0
06/18/2026,22:37:01,23.0,63.1
06/18/2026,22:42:01,22.9,63.1
06/18/2026,22:47:01,22.9,63.1
06/18/2026,22:52:01,22.9,63.1
06/18/2026,22:57:01,22.9,63.1
06/18/2026,23:02:01,22.9,63.1
06/18/2026,23:07:01,22.9,63.1
06/18/2026,23:12:01,22.9,63.1
06/18/2026,23:17:01,22.9,63.1
06/18/2026,23:22:01,22.9,63.1
06/18/2026,23:27:01,22.9,63.1
06/18/2026,23:32:01,22.9,63.1
06/18/2026,23:37:01,22.9,63.1
06/18/2026,23:42:01,22.9,63.1
06/18/2026,23:47:01,22.8,63.1
06/18/2026,23:52:01,22.8,63.1
06/18/2026,23:57:01,22.8,63.1
06/19/2026,00:02:01,22.8,63.1
06/19/2026,00:07:01,22.8,63.1
06/19/2026,00:12:01,22.8,63.1
06/19/2026,00:17:01,22.8,63.1
06/19/2026,00:22:01,22.8,63.1
06/19/2026,00:27:01,22.8,63.1
06/19/2026,00:32:01,22.7,63.0
06/19/2026,00:37:01,22.8,63.0
06/19/2026,00:42:01,22.7,63.0
06/19/2026,00:47:01,22.7,63.1
06/19/2026,00:52:01,22.7,63.1
06/19/2026,00:57:01,22.7,63.1
06/19/2026,01:02:01,22.7,63.1
06/19/2026,01:07:01,22.7,63.1
06/19/2026,01:12:01,22.7,63.1
06/19/2026,01:17:01,22.7,63.1
06/19/2026,01:22:01,22.7,63.1
06/19/2026,01:27:01,22.6,63.1
06/19/2026,01:32:01,22.6,63.1
06/19/2026,01:37:01,22.7,63.1
06/19/2026,01:42:01,22.6,63.1
06/19/2026,01:47:01,22.6,63.1
06/19/2026,01:52:01,22.6,63.1
06/19/2026,01:57:01,22.6,63.2
06/19/2026,02:02:01,22.6,63.2
06/19/2026,02:07:01,22.6,63.1
06/19/2026,02:12:01,22.6,63.1
06/19/2026,02:17:01,22.6,63.2
06/19/2026,02:22:01,22.6,63.1
06/19/2026,02:27:01,22.6,63.1
06/19/2026,02:32:01,22.5,63.2
06/19/2026,02:37:01,22.5,63.2
06/19/2026,02:42:01,22.5,63.1
06/19/2026,02:47:01,22.5,63.2
06/19/2026,02:52:01,22.5,63.2
06/19/2026,02:57:01,22.5,63.2
06/19/2026,03:02:01,22.5,63.2
06/19/2026,03:07:01,22.5,63.2
06/19/2026,03:12:01,22.5,63.2
06/19/2026,03:17:01,22.5,63.2
06/19/2026,03:22:01,22.4,63.1
06/19/2026,03:27:01,22.4,63.3
06/19/2026,03:32:01,22.4,63.2
06/19/2026,03:37:01,22.4,63.2
06/19/2026,03:42:01,22.4,63.2
06/19/2026,03:47:01,22.4,63.3
06/19/2026,03:52:01,22.4,63.3
06/19/2026,03:57:01,22.4,63.4
06/19/2026,04:02:01,22.4,63.4
06/19/2026,04:07:01,22.4,63.4
06/19/2026,04:12:01,22.4,63.4
06/19/2026,04:17:01,22.4,63.4
06/19/2026,04:22:01,22.3,63.5
06/19/2026,04:27:01,22.3,63.5
06/19/2026,04:32:01,22.3,63.5
06/19/2026,04:37:01,22.3,63.6
06/19/2026,04:42:01,22.3,63.6
06/19/2026,04:47:01,22.3,63.6
06/19/2026,04:52:01,22.3,63.6
06/19/2026,04:57:01,22.3,63.6
06/19/2026,05:02:01,22.3,63.6
06/19/2026,05:07:01,22.3,63.6
06/19/2026,05:12:01,22.3,63.7
06/19/2026,05:17:01,22.2,63.6
06/19/2026,05:22:01,22.3,63.7
06/19/2026,05:27:01,22.2,63.7
06/19/2026,05:32:01,22.2,63.7
06/19/2026,05:37:01,22.2,63.7
06/19/2026,05:42:01,22.2,63.7
06/19/2026,05:47:01,22.2,63.7
06/19/2026,05:52:01,22.2,63.7
06/19/2026,05:57:01,22.2,63.6
06/19/2026,06:02:01,22.2,63.5
06/19/2026,06:07:01,22.2,63.5
06/19/2026,06:12:01,22.2,63.4
06/19/2026,06:17:01,22.2,63.5
06/19/2026,06:22:01,22.1,63.4
06/19/2026,06:27:01,22.1,63.7
06/19/2026,06:32:01,22.1,63.7
06/19/2026,06:37:01,22.2,63.8
06/19/2026,06:42:01,22.1,63.8
06/19/2026,06:47:01,22.2,63.8
06/19/2026,06:52:01,22.2,63.9
06/19/2026,06:57:01,22.2,64.1
06/19/2026,07:02:01,22.2,64.1
06/19/2026,07:07:01,22.3,64.1
06/19/2026,07:12:01,22.3,64.2
06/19/2026,07:17:01,22.4,64.2
06/19/2026,07:22:01,22.5,64.2
06/19/2026,07:27:01,22.7,64.2
06/19/2026,07:32:01,22.9,64.1
06/19/2026,07:37:01,23.0,63.9
06/19/2026,07:42:01,23.1,63.5
06/19/2026,07:47:01,23.1,63.1
06/19/2026,07:52:01,23.1,63.0
06/19/2026,07:57:01,23.1,62.9
06/19/2026,08:02:01,23.1,62.9
06/19/2026,08:07:01,23.1,62.8
06/19/2026,08:12:01,23.2,62.6
06/19/2026,08:17:01,23.1,62.6
06/19/2026,08:22:01,23.2,62.5
06/19/2026,08:27:01,23.2,62.5
06/19/2026,08:32:01,23.1,62.4
06/19/2026,08:37:01,23.1,62.4
06/19/2026,08:42:01,23.1,62.5
06/19/2026,08:47:01,23.1,62.5
06/19/2026,08:52:01,23.1,62.6
06/19/2026,08:57:01,23.1,62.6
06/19/2026,09:02:01,23.1,62.8
06/19/2026,09:07:01,23.1,62.8
06/19/2026,09:12:01,23.0,62.6
06/19/2026,09:17:01,23.0,62.5
06/19/2026,09:22:01,23.0,62.5
06/19/2026,09:27:01,23.0,62.5
06/19/2026,09:32:01,23.0,62.5
06/19/2026,09:37:01,23.0,62.5
06/19/2026,09:42:01,23.0,62.5
06/19/2026,09:47:01,23.0,62.6
06/19/2026,09:52:01,23.0,62.8
06/19/2026,09:57:01,23.0,62.7
06/19/2026,10:02:01,23.0,62.7
06/19/2026,10:07:01,22.9,62.6
06/19/2026,10:12:01,22.9,62.6
06/19/2026,10:17:01,23.0,62.5
06/19/2026,10:22:01,22.9,62.5
06/19/2026,10:27:01,22.9,62.6
06/19/2026,10:32:01,22.9,62.5
06/19/2026,10:37:01,22.9,62.5
06/19/2026,10:42:01,22.9,62.5
06/19/2026,10:47:01,22.9,62.5
06/19/2026,10:52:01,22.9,62.5
06/19/2026,10:57:01,22.9,62.5
06/19/2026,11:02:01,22.9,62.5
06/19/2026,11:07:01,22.9,62.5
06/19/2026,11:12:01,22.9,62.6
06/19/2026,11:17:01,22.9,62.5
06/19/2026,11:22:01,22.9,62.7
06/19/2026,11:27:01,22.9,62.7
06/19/2026,11:32:01,22.9,62.7
06/19/2026,11:37:01,22.9,62.6
06/19/2026,11:42:01,22.9,62.6
06/19/2026,11:47:01,22.9,62.9
06/19/2026,11:52:01,22.9,62.9
06/19/2026,11:57:01,22.9,62.8
06/19/2026,12:02:01,22.9,62.8
06/19/2026,12:07:01,22.9,62.9
06/19/2026,12:12:01,22.9,63.0
06/19/2026,12:17:01,23.0,63.1
06/19/2026,12:22:01,23.0,63.1
06/19/2026,12:27:01,23.0,63.6
06/19/2026,12:32:01,23.0,63.9
06/19/2026,12:37:01,23.0,64.0
06/19/2026,12:42:01,23.1,64.2
06/19/2026,12:47:01,23.1,64.0
06/19/2026,12:52:01,23.2,64.2
06/19/2026,12:57:01,23.2,64.3
06/19/2026,13:02:01,23.2,64.9
06/19/2026,13:07:01,23.3,65.1
06/19/2026,13:12:01,23.3,64.9
06/19/2026,13:17:01,23.3,64.7
06/19/2026,13:22:01,23.3,64.7
06/19/2026,13:27:01,23.3,64.6
06/19/2026,13:32:01,23.3,64.6
06/19/2026,13:37:01,23.4,64.5
06/19/2026,13:42:01,23.4,64.4
06/19/2026,13:47:01,23.4,64.6
06/19/2026,13:52:01,23.4,64.4
06/19/2026,13:57:01,23.4,64.4
06/19/2026,14:02:01,23.4,64.6
06/19/2026,14:07:01,23.5,64.6
06/19/2026,14:12:01,23.5,64.6
06/19/2026,14:17:01,23.5,64.7
06/19/2026,14:22:01,23.5,64.7
06/19/2026,14:27:01,23.5,64.7
06/19/2026,14:32:01,23.6,64.9
06/19/2026,14:37:01,23.6,65.1
06/19/2026,14:42:01,23.6,65.1
06/19/2026,14:47:01,23.6,65.4
06/19/2026,14:52:01,23.7,65.7
06/19/2026,14:57:01,23.7,66.0
06/19/2026,15:02:01,23.7,66.1
06/19/2026,15:07:01,23.8,66.1
06/19/2026,15:12:01,23.8,66.0
06/19/2026,15:17:01,23.9,65.8
06/19/2026,15:22:01,23.9,65.7
06/19/2026,15:27:01,24.0,65.5
06/19/2026,15:32:01,24.0,65.2
06/19/2026,15:37:01,24.1,65.1
06/19/2026,15:42:01,24.1,64.8
06/19/2026,15:47:01,24.2,64.6
06/19/2026,15:52:01,24.2,64.4
06/19/2026,15:57:01,24.3,64.2
06/19/2026,16:02:01,24.3,64.0
06/19/2026,16:07:01,24.3,63.8
06/19/2026,16:12:01,24.4,63.7
06/19/2026,16:17:01,24.4,63.4
06/19/2026,16:22:01,24.5,63.3
06/19/2026,16:27:01,24.5,63.2
06/19/2026,16:32:01,24.5,63.2
06/19/2026,16:37:01,24.6,63.0
06/19/2026,16:42:01,24.6,63.0
06/19/2026,16:47:01,24.7,62.9
06/19/2026,16:52:01,24.7,62.7
06/19/2026,16:57:01,24.7,62.6
06/19/2026,17:02:01,24.8,62.5
06/19/2026,17:07:01,24.8,62.3
06/19/2026,17:12:01,24.8,62.2
06/19/2026,17:17:01,24.9,61.9
06/19/2026,17:22:01,24.9,61.6
06/19/2026,17:27:01,24.9,61.4
06/19/2026,17:32:01,25.0,61.0
06/19/2026,17:37:01,25.0,60.8
06/19/2026,17:42:01,25.0,60.6
06/19/2026,17:47:01,25.1,60.4
06/19/2026,17:52:01,25.1,60.0
06/19/2026,17:57:01,25.1,59.8
06/19/2026,18:02:01,25.1,59.7
06/19/2026,18:07:01,25.2,59.7
06/19/2026,18:12:01,25.2,59.4
06/19/2026,18:17:01,25.2,59.3
06/19/2026,18:22:01,25.2,59.0
06/19/2026,18:27:01,25.3,59.0
06/19/2026,18:32:01,25.3,59.0
06/19/2026,18:37:01,25.3,58.7
06/19/2026,18:42:01,25.3,58.4
06/19/2026,18:47:01,25.4,58.2
06/19/2026,18:52:01,25.4,57.8
06/19/2026,18:57:01,25.4,58.0
06/19/2026,19:02:01,25.4,57.4
06/19/2026,19:07:01,25.5,56.2
06/19/2026,19:12:01,25.5,55.4
06/19/2026,19:17:01,25.5,55.1
06/19/2026,19:22:01,25.6,54.6
06/19/2026,19:27:01,25.6,54.5
06/19/2026,19:32:01,25.6,54.7
06/19/2026,19:37:01,25.7,54.6
06/19/2026,19:42:01,25.7,55.2
06/19/2026,19:47:01,25.7,55.3
06/19/2026,19:52:01,25.7,55.3
06/19/2026,19:57:01,25.7,55.6
06/19/2026,20:02:01,25.7,55.9
06/19/2026,20:07:01,25.7,56.1
06/19/2026,20:12:01,25.7,56.2
06/19/2026,20:17:01,25.7,56.2
06/19/2026,20:22:01,25.6,56.3
06/19/2026,20:27:01,25.6,56.6
06/19/2026,20:32:01,25.6,56.6
06/19/2026,20:37:01,25.6,56.7
06/19/2026,20:42:01,25.6,56.8
06/19/2026,20:47:01,25.6,56.9
06/19/2026,20:52:01,25.5,57.0
06/19/2026,20:57:01,25.5,57.0
06/19/2026,21:02:01,25.5,57.1
06/19/2026,21:07:01,25.5,57.1
06/19/2026,21:12:01,25.5,57.2
06/19/2026,21:17:01,25.5,57.3
06/19/2026,21:22:01,25.4,57.3
06/19/2026,21:27:01,25.4,57.4
06/19/2026,21:32:01,25.4,57.4
06/19/2026,21:37:01,25.4,57.4
06/19/2026,21:42:01,25.3,57.5
06/19/2026,21:47:01,25.3,57.6
06/19/2026,21:52:01,25.3,57.7
06/19/2026,21:57:01,25.3,57.7
06/19/2026,22:02:01,25.2,57.8
06/19/2026,22:07:01,25.2,57.8
06/19/2026,22:12:01,25.2,57.9
06/19/2026,22:17:01,25.1,58.0
06/19/2026,22:22:01,25.1,58.0
06/19/2026,22:27:01,25.1,58.1
06/19/2026,22:32:01,25.1,58.2
06/19/2026,22:37:01,25.0,58.3
06/19/2026,22:42:01,25.0,58.3
06/19/2026,22:47:01,25.0,58.4
06/19/2026,22:52:01,24.9,58.5
06/19/2026,22:57:01,24.9,58.6
06/19/2026,23:02:01,24.9,58.6
06/19/2026,23:07:01,24.8,58.7
06/19/2026,23:12:01,24.8,58.7
06/19/2026,23:17:01,24.8,58.8
06/19/2026,23:22:01,24.8,58.9
06/19/2026,23:27:01,24.7,58.9
06/19/2026,23:32:01,24.7,59.0
06/19/2026,23:37:01,24.7,59.0
06/19/2026,23:42:01,24.6,59.1
06/19/2026,23:47:01,24.6,59.1
06/19/2026,23:52:01,24.6,59.2
06/19/2026,23:57:01,24.5,59.3
06/20/2026,00:02:01,24.5,59.4
06/20/2026,00:07:01,24.5,59.4
06/20/2026,00:12:01,24.5,59.5
06/20/2026,00:17:01,24.5,59.5
06/20/2026,00:22:01,24.4,59.6
06/20/2026,00:27:01,24.4,59.7
06/20/2026,00:32:01,24.4,59.7
06/20/2026,00:37:01,24.3,59.8
06/20/2026,00:42:01,24.3,59.9
06/20/2026,00:47:01,24.3,59.9
06/20/2026,00:52:01,24.2,60.0
06/20/2026,00:57:01,24.2,60.0
06/20/2026,01:02:01,24.2,60.1
06/20/2026,01:07:01,24.1,60.2
06/20/2026,01:12:01,24.1,60.2
06/20/2026,01:17:01,24.1,60.3
06/20/2026,01:22:01,24.1,60.3
06/20/2026,01:27:01,24.0,60.4
06/20/2026,01:32:01,24.0,60.5
06/20/2026,01:37:01,24.0,60.6
06/20/2026,01:42:01,23.9,60.7
06/20/2026,01:47:01,23.9,60.7
06/20/2026,01:52:01,23.9,60.8
06/20/2026,01:57:01,23.8,60.8
06/20/2026,02:02:01,23.8,60.9
06/20/2026,02:07:01,23.8,61.0
06/20/2026,02:12:01,23.8,61.0
06/20/2026,02:17:01,23.7,61.1
06/20/2026,02:22:01,23.7,61.2
06/20/2026,02:27:01,23.7,61.3
06/20/2026,02:32:01,23.6,61.3
06/20/2026,02:37:01,23.6,61.4
06/20/2026,02:42:01,23.6,61.5
06/20/2026,02:47:01,23.5,61.5
06/20/2026,02:52:01,23.5,61.6
06/20/2026,02:57:01,23.5,61.7
06/20/2026,03:02:01,23.4,61.7
06/20/2026,03:07:01,23.4,61.8
06/20/2026,03:12:01,23.4,61.9
06/20/2026,03:17:01,23.3,61.9
06/20/2026,03:22:01,23.3,62.0
06/20/2026,03:27:01,23.3,62.1
06/20/2026,03:32:01,23.3,62.2
06/20/2026,03:37:01,23.2,62.2
06/20/2026,03:42:01,23.2,62.3
06/20/2026,03:47:01,23.2,62.3
06/20/2026,03:52:01,23.1,62.4
06/20/2026,03:57:01,23.1,62.4
06/20/2026,04:02:01,23.1,62.6
06/20/2026,04:07:01,23.0,62.6
06/20/2026,04:12:01,23.0,62.7
06/20/2026,04:17:01,23.0,62.8
06/20/2026,04:22:01,23.0,62.8
06/20/2026,04:27:01,22.9,62.9
06/20/2026,04:32:01,22.9,62.9
06/20/2026,04:37:01,22.9,63.0
06/20/2026,04:42:01,22.9,63.0
06/20/2026,04:47:01,22.9,63.0
06/20/2026,04:52:01,22.9,63.1
06/20/2026,04:57:01,22.8,63.1
06/20/2026,05:02:01,22.8,63.2
06/20/2026,05:07:01,22.8,63.2
06/20/2026,05:12:01,22.8,63.2
06/20/2026,05:17:01,22.7,63.2
06/20/2026,05:22:01,22.7,63.3
06/20/2026,05:27:01,22.7,63.3
06/20/2026,05:32:01,22.7,63.3
06/20/2026,05:37:01,22.7,63.3
06/20/2026,05:42:01,22.7,63.3
06/20/2026,05:47:01,22.6,63.3
06/20/2026,05:52:01,22.6,63.3
06/20/2026,05:57:01,22.6,63.3
06/20/2026,06:02:01,22.6,63.4
06/20/2026,06:07:01,22.6,63.4
06/20/2026,06:12:01,22.6,63.4
06/20/2026,06:17:01,22.6,63.4
06/20/2026,06:22:01,22.6,63.4
06/20/2026,06:27:01,22.6,63.4
06/20/2026,06:32:01,22.6,63.4
06/20/2026,06:37:01,22.6,63.5
06/20/2026,06:42:01,22.6,63.5
06/20/2026,06:47:01,22.6,63.5
06/20/2026,06:52:01,22.6,63.6
06/20/2026,06:57:01,22.6,63.6
06/20/2026,07:02:01,22.6,63.6
06/20/2026,07:07:01,22.6,63.7
06/20/2026,07:12:01,22.7,63.7
06/20/2026,07:17:01,22.8,63.8
06/20/2026,07:22:01,22.9,63.8
06/20/2026,07:27:01,23.0,63.6
06/20/2026,07:32:01,23.1,63.8
06/20/2026,07:37:01,23.4,63.7
06/20/2026,07:42:01,23.6,62.7
06/20/2026,07:47:01,23.7,62.2
06/20/2026,07:52:01,23.7,61.8
06/20/2026,07:57:01,23.7,61.6
06/20/2026,08:02:01,23.7,61.5
06/20/2026,08:07:01,23.7,61.4
06/20/2026,08:12:01,23.7,61.3
06/20/2026,08:17:01,23.7,61.3
06/20/2026,08:22:01,23.7,61.3
06/20/2026,08:27:01,23.7,61.2
06/20/2026,08:32:01,23.7,61.2
06/20/2026,08:37:01,23.6,61.2
06/20/2026,08:42:01,23.6,61.2
06/20/2026,08:47:01,23.6,61.2
06/20/2026,08:52:01,23.6,61.3
06/20/2026,08:57:01,23.6,61.3
06/20/2026,09:02:01,23.6,61.5
06/20/2026,09:07:01,23.6,61.5
06/20/2026,09:12:01,23.6,61.6
06/20/2026,09:17:01,23.6,61.6
06/20/2026,09:22:01,23.6,61.8
06/20/2026,09:27:01,23.6,61.8
06/20/2026,09:32:01,23.6,61.8
06/20/2026,09:37:01,23.6,62.0
06/20/2026,09:42:01,23.6,62.0
06/20/2026,09:47:01,23.6,62.1
06/20/2026,09:52:01,23.6,62.4
06/20/2026,09:57:01,23.7,62.6
06/20/2026,10:02:01,23.7,62.9
06/20/2026,10:07:01,23.7,62.9
06/20/2026,10:12:01,23.7,63.0
06/20/2026,10:17:01,23.7,63.0
06/20/2026,10:22:01,23.8,63.4
06/20/2026,10:27:01,23.8,63.8
06/20/2026,10:32:01,23.9,64.2
06/20/2026,10:37:01,24.0,64.4
06/20/2026,10:42:01,24.1,64.3
06/20/2026,10:47:01,24.2,64.4
06/20/2026,10:52:01,24.2,64.6
06/20/2026,10:57:01,24.3,64.4
06/20/2026,11:02:01,24.4,64.6
06/20/2026,11:07:01,24.5,64.9
06/20/2026,11:12:01,24.5,65.1
06/20/2026,11:17:01,24.6,65.5
06/20/2026,11:22:01,24.8,65.2
06/20/2026,11:27:01,24.9,65.4
06/20/2026,11:32:01,25.0,65.4
06/20/2026,11:37:01,25.1,65.5
06/20/2026,11:42:01,25.2,65.2
06/20/2026,11:47:01,25.2,65.0
06/20/2026,11:52:01,25.3,64.9
06/20/2026,11:57:01,25.3,65.0
06/20/2026,12:02:01,25.4,65.0
06/20/2026,12:07:01,25.4,64.7
06/20/2026,12:12:01,25.5,64.3
06/20/2026,12:17:01,25.5,64.1
06/20/2026,12:22:01,25.5,63.9
06/20/2026,12:27:01,25.5,63.5
06/20/2026,12:32:01,25.5,63.3
06/20/2026,12:37:01,25.5,62.9
06/20/2026,12:42:01,25.5,62.7
06/20/2026,12:47:01,25.5,62.5
06/20/2026,12:52:01,25.5,62.4
06/20/2026,12:57:01,25.5,62.3
06/20/2026,13:02:01,25.4,62.4
06/20/2026,13:07:01,25.4,62.4
06/20/2026,13:12:01,25.4,62.1
06/20/2026,13:17:01,25.4,62.2
06/20/2026,13:22:01,25.3,62.3
06/20/2026,13:27:01,25.3,62.3
06/20/2026,13:32:01,25.3,62.4
06/20/2026,13:37:01,25.3,62.5
06/20/2026,13:42:01,25.3,62.9
06/20/2026,13:47:01,25.3,63.0
06/20/2026,13:52:01,25.3,63.0
06/20/2026,13:57:01,25.3,63.1
06/20/2026,14:02:01,25.3,63.0
06/20/2026,14:07:01,25.3,63.3
06/20/2026,14:12:01,25.3,63.4
06/20/2026,14:17:01,25.3,64.0
06/20/2026,14:22:01,25.3,63.4
06/20/2026,14:27:01,25.3,63.4
06/20/2026,14:32:01,25.4,63.9
06/20/2026,14:37:01,25.4,64.0
06/20/2026,14:42:01,25.4,64.3
06/20/2026,14:47:01,25.5,64.3
06/20/2026,14:52:01,25.5,63.9
06/20/2026,14:57:01,25.6,64.9
06/20/2026,15:02:01,25.6,64.5
06/20/2026,15:07:01,25.6,64.4
06/20/2026,15:12:01,25.7,64.8
06/20/2026,15:17:01,25.7,65.0
06/20/2026,15:22:01,25.8,64.1
06/20/2026,15:27:01,25.8,64.6
06/20/2026,15:32:01,25.8,64.8
06/20/2026,15:37:01,25.9,64.3
06/20/2026,15:42:01,25.9,64.2
06/20/2026,15:47:01,25.8,64.3
06/20/2026,15:52:01,25.8,64.0
06/20/2026,15:57:01,25.8,63.5
06/20/2026,16:02:01,25.8,63.3
06/20/2026,16:07:01,25.8,63.3
06/20/2026,16:12:01,25.8,62.9
06/20/2026,16:17:01,25.7,62.9
06/20/2026,16:22:01,25.7,63.1
06/20/2026,16:27:01,25.7,63.1
06/20/2026,16:32:01,25.7,63.0
06/20/2026,16:37:01,25.7,62.8
06/20/2026,16:42:01,25.6,62.6
06/20/2026,16:47:01,25.6,62.3
06/20/2026,16:52:01,25.6,62.3
06/20/2026,16:57:01,25.6,62.2
06/20/2026,17:02:01,25.5,62.2
06/20/2026,17:07:01,25.5,62.3
06/20/2026,17:12:01,25.5,62.1
06/20/2026,17:17:01,25.5,62.2
06/20/2026,17:22:01,25.5,62.3
06/20/2026,17:27:01,25.4,62.1
06/20/2026,17:32:01,25.4,62.1
06/20/2026,17:37:01,25.4,62.1
06/20/2026,17:42:01,25.4,62.1
06/20/2026,17:47:01,25.4,61.9
06/20/2026,17:52:01,25.4,62.1
06/20/2026,17:57:01,25.4,62.3
06/20/2026,18:02:01,25.4,62.8
06/20/2026,18:07:01,25.4,62.5
06/20/2026,18:12:01,25.4,62.6
06/20/2026,18:17:01,25.4,62.3
06/20/2026,18:22:01,25.4,61.8
06/20/2026,18:27:01,25.4,61.8
06/20/2026,18:32:01,25.4,61.8
06/20/2026,18:37:01,25.5,61.3
06/20/2026,18:42:01,25.5,61.2
06/20/2026,18:47:01,25.5,61.9
06/20/2026,18:52:01,25.5,61.5
06/20/2026,18:57:01,25.6,61.6
06/20/2026,19:02:01,25.5,61.4
06/20/2026,19:07:01,25.5,61.4
06/20/2026,19:12:01,25.6,61.3
06/20/2026,19:17:01,25.6,60.8
06/20/2026,19:22:01,25.6,60.6
06/20/2026,19:27:01,25.6,60.5
06/20/2026,19:32:01,25.6,60.4
06/20/2026,19:37:01,25.6,60.5
06/20/2026,19:42:01,25.5,60.6
06/20/2026,19:47:01,25.5,60.8
06/20/2026,19:52:01,25.5,60.8
06/20/2026,19:57:01,25.5,60.9
06/20/2026,20:02:01,25.4,61.0
06/20/2026,20:07:01,25.4,61.4
06/20/2026,20:12:01,25.4,61.5
06/20/2026,20:17:01,25.4,61.4
06/20/2026,20:22:01,25.3,61.4
06/20/2026,20:27:01,25.2,61.6
06/20/2026,20:32:01,25.2,61.8
06/20/2026,20:37:01,25.1,61.8
06/20/2026,20:42:01,25.1,61.8
06/20/2026,20:47:01,25.1,61.8
06/20/2026,20:52:01,25.1,61.8
06/20/2026,20:57:01,25.1,61.8
06/20/2026,21:02:01,25.1,61.7
06/20/2026,21:07:01,25.1,61.7
06/20/2026,21:12:01,25.0,61.7
06/20/2026,21:17:01,25.0,61.7
06/20/2026,21:22:01,25.0,61.7
06/20/2026,21:27:01,25.0,61.7
06/20/2026,21:32:01,25.0,61.7
06/20/2026,21:37:01,25.0,61.8
06/20/2026,21:42:01,24.9,61.8
06/20/2026,21:47:01,24.9,61.8
06/20/2026,21:52:01,24.9,61.8
06/20/2026,21:57:01,24.9,61.8
06/20/2026,22:02:01,24.9,61.9
06/20/2026,22:07:01,24.9,62.0
06/20/2026,22:12:01,24.8,61.9
06/20/2026,22:17:01,24.8,61.9
06/20/2026,22:22:01,24.8,61.9
06/20/2026,22:27:01,24.8,62.0
06/20/2026,22:32:01,24.8,62.0
06/20/2026,22:37:01,24.8,62.0
06/20/2026,22:42:01,24.7,62.0
06/20/2026,22:47:01,24.7,62.0
06/20/2026,22:52:01,24.7,62.0
06/20/2026,22:57:01,24.7,62.0
06/20/2026,23:02:01,24.7,62.0
06/20/2026,23:07:01,24.7,62.0
06/20/2026,23:12:01,24.6,62.0
06/20/2026,23:17:01,24.6,62.0
06/20/2026,23:22:01,24.6,62.0
06/20/2026,23:27:01,24.6,62.0
06/20/2026,23:32:01,24.6,62.1
06/20/2026,23:37:01,24.6,62.1
06/20/2026,23:42:01,24.5,62.1
06/20/2026,23:47:01,24.5,62.2
06/20/2026,23:52:01,24.5,62.1
06/20/2026,23:57:01,24.5,62.1
06/21/2026,00:02:01,24.5,62.2
06/21/2026,00:07:01,24.5,62.2
06/21/2026,00:12:01,24.5,62.2
06/21/2026,00:17:01,24.5,62.2
06/21/2026,00:22:01,24.5,62.2
06/21/2026,00:27:01,24.4,62.2
06/21/2026,00:32:01,24.4,62.2
06/21/2026,00:37:01,24.4,62.3
06/21/2026,00:42:01,24.4,62.3
06/21/2026,00:47:01,24.4,62.3
06/21/2026,00:52:01,24.4,62.3
06/21/2026,00:57:01,24.3,62.3
06/21/2026,01:02:01,24.3,62.3
06/21/2026,01:07:01,24.3,62.3
06/21/2026,01:12:01,24.3,62.3
06/21/2026,01:17:01,24.3,62.3
06/21/2026,01:22:01,24.3,62.4
06/21/2026,01:27:01,24.3,62.3
06/21/2026,01:32:01,24.2,62.4
06/21/2026,01:37:01,24.2,62.4
06/21/2026,01:42:01,24.2,62.4
06/21/2026,01:47:01,24.2,62.5
06/21/2026,01:52:01,24.2,62.4
06/21/2026,01:57:01,24.2,62.5
06/21/2026,02:02:01,24.2,62.5
06/21/2026,02:07:01,24.2,62.5
06/21/2026,02:12:01,24.2,62.6
06/21/2026,02:17:01,24.1,62.5
06/21/2026,02:22:01,24.1,62.6
06/21/2026,02:27:01,24.1,62.6
06/21/2026,02:32:01,24.1,62.6
06/21/2026,02:37:01,24.1,62.6
06/21/2026,02:42:01,24.1,62.6
06/21/2026,02:47:01,24.1,62.6
06/21/2026,02:52:01,24.0,62.7
06/21/2026,02:57:01,24.0,62.7
06/21/2026,03:02:01,24.0,62.7
06/21/2026,03:07:01,24.0,62.7
06/21/2026,03:12:01,24.0,62.7
06/21/2026,03:17:01,24.0,62.7
06/21/2026,03:22:01,24.0,62.7
06/21/2026,03:27:01,23.9,62.7
06/21/2026,03:32:01,23.9,62.8
06/21/2026,03:37:01,23.9,62.7
06/21/2026,03:42:01,23.9,62.8
06/21/2026,03:47:01,23.9,62.8
06/21/2026,03:52:01,23.9,62.8
06/21/2026,03:57:01,23.9,62.8
06/21/2026,04:02:01,23.9,62.8
06/21/2026,04:07:01,23.8,62.8
06/21/2026,04:12:01,23.8,62.8
06/21/2026,04:17:01,23.8,62.8
06/21/2026,04:22:01,23.8,62.8
06/21/2026,04:27:01,23.8,62.8
06/21/2026,04:32:01,23.8,62.8
06/21/2026,04:37:01,23.8,62.8
06/21/2026,04:42:01,23.7,62.8
06/21/2026,04:47:01,23.7,62.9
06/21/2026,04:52:01,23.7,62.8
06/21/2026,04:57:01,23.7,62.9
06/21/2026,05:02:01,23.7,62.9
06/21/2026,05:07:01,23.7,62.9
06/21/2026,05:12:01,23.7,62.8
06/21/2026,05:17:01,23.7,62.8
06/21/2026,05:22:01,23.7,62.9
06/21/2026,05:27:01,23.7,62.9
06/21/2026,05:32:01,23.6,62.8
06/21/2026,05:37:01,23.6,62.9
06/21/2026,05:42:01,23.6,62.9
06/21/2026,05:47:01,23.6,62.9
06/21/2026,05:52:01,23.6,62.9
06/21/2026,05:57:01,23.6,62.8
06/21/2026,06:02:01,23.6,62.9
06/21/2026,06:07:01,23.6,62.9
06/21/2026,06:12:01,23.6,63.0
06/21/2026,06:17:01,23.5,62.9
06/21/2026,06:22:01,23.5,63.0
06/21/2026,06:27:01,23.5,63.0
06/21/2026,06:32:01,23.5,63.0
06/21/2026,06:37:01,23.6,63.0
06/21/2026,06:42:01,23.5,63.0
06/21/2026,06:47:01,23.6,63.0
06/21/2026,06:52:01,23.6,63.0
06/21/2026,06:57:01,23.6,63.0
06/21/2026,07:02:01,23.6,63.0
06/21/2026,07:07:01,23.6,63.4
06/21/2026,07:12:01,23.7,63.8
06/21/2026,07:17:01,23.9,63.9
06/21/2026,07:22:01,24.2,63.9
06/21/2026,07:27:01,24.5,63.6
06/21/2026,07:32:01,24.8,62.8
06/21/2026,07:37:01,25.0,62.3
06/21/2026,07:42:01,25.2,61.4
06/21/2026,07:47:01,25.2,60.8
06/21/2026,07:52:01,25.2,60.9
06/21/2026,07:57:01,25.1,60.9
06/21/2026,08:02:01,25.1,61.4
06/21/2026,08:07:01,25.0,61.4
06/21/2026,08:12:01,24.9,61.8
06/21/2026,08:17:01,24.9,62.1
06/21/2026,08:22:01,24.9,62.1
06/21/2026,08:27:01,24.9,62.5
06/21/2026,08:32:01,24.9,62.6
06/21/2026,08:37:01,24.9,62.9
06/21/2026,08:42:01,24.9,63.1
06/21/2026,08:47:01,24.9,63.4
06/21/2026,08:52:01,24.9,63.6
06/21/2026,08:57:01,24.9,63.7
06/21/2026,09:02:01,24.9,63.3
06/21/2026,09:07:01,24.8,63.2
06/21/2026,09:12:01,24.8,63.4
06/21/2026,09:17:01,24.8,63.4
06/21/2026,09:22:01,24.8,63.7
06/21/2026,09:27:01,24.8,63.9
06/21/2026,09:32:01,24.8,64.2
06/21/2026,09:37:01,24.9,64.4
06/21/2026,09:42:01,24.9,64.3
06/21/2026,09:47:01,25.0,64.6
06/21/2026,09:52:01,25.0,64.8
06/21/2026,09:57:01,25.1,64.8
06/21/2026,10:02:01,25.2,64.7
06/21/2026,10:07:01,25.2,64.9
06/21/2026,10:12:01,25.2,64.6
06/21/2026,10:17:01,25.3,65.2
06/21/2026,10:22:01,25.4,65.3
06/21/2026,10:27:01,25.4,65.3
06/21/2026,10:32:01,25.5,65.1
06/21/2026,10:37:01,25.5,65.0
06/21/2026,10:42:01,25.6,64.7
06/21/2026,10:47:01,25.5,64.6
06/21/2026,10:52:01,25.5,64.6
06/21/2026,10:57:01,25.5,64.3
06/21/2026,11:02:01,25.5,64.1
06/21/2026,11:07:01,25.5,64.2
06/21/2026,11:12:01,25.5,64.3
06/21/2026,11:17:01,25.5,64.6
06/21/2026,11:22:01,25.5,64.7
06/21/2026,11:27:01,25.6,64.9
06/21/2026,11:32:01,25.6,64.8
06/21/2026,11:37:01,25.6,65.0
06/21/2026,11:42:01,25.7,64.8
06/21/2026,11:47:01,25.7,64.9
06/21/2026,11:52:01,25.8,65.3
06/21/2026,11:57:01,25.9,65.1
06/21/2026,12:02:01,25.9,64.8
06/21/2026,12:07:01,26.0,64.8
06/21/2026,12:12:01,26.1,65.2
06/21/2026,12:17:01,26.1,64.7
06/21/2026,12:22:01,26.2,64.3
06/21/2026,12:27:01,26.2,64.4
06/21/2026,12:32:01,26.2,64.0
06/21/2026,12:37:01,26.2,63.4
06/21/2026,12:42:01,26.1,62.9
06/21/2026,12:47:01,26.1,63.0
06/21/2026,12:52:01,26.0,63.0
06/21/2026,12:57:01,26.0,62.6
06/21/2026,13:02:01,26.0,62.0
06/21/2026,13:07:01,26.0,62.0
06/21/2026,13:12:01,25.9,62.2
06/21/2026,13:17:01,25.9,61.9
06/21/2026,13:22:01,25.9,62.1
06/21/2026,13:27:01,25.9,62.3
06/21/2026,13:32:01,25.8,62.5
06/21/2026,13:37:01,25.8,62.5
06/21/2026,13:42:01,25.8,62.6
06/21/2026,13:47:01,25.8,62.6
06/21/2026,13:52:01,25.8,62.6
06/21/2026,13:57:01,25.7,62.0
06/21/2026,14:02:01,25.7,62.4
06/21/2026,14:07:01,25.7,62.3
06/21/2026,14:12:01,25.7,62.3
06/21/2026,14:17:01,25.7,62.4
06/21/2026,14:22:01,25.7,62.2
06/21/2026,14:27:01,25.6,62.3
06/21/2026,14:32:01,25.6,62.4
06/21/2026,14:37:01,25.6,62.4
06/21/2026,14:42:01,25.6,62.4
06/21/2026,14:47:01,25.6,62.2
06/21/2026,14:52:01,25.6,62.2
06/21/2026,14:57:01,25.6,62.3
06/21/2026,15:02:01,25.5,62.3
06/21/2026,15:07:01,25.5,62.4
06/21/2026,15:12:01,25.5,62.2
06/21/2026,15:17:01,25.5,62.1
06/21/2026,15:22:01,25.5,62.2
06/21/2026,15:27:01,25.5,61.8
06/21/2026,15:32:01,25.5,62.0
06/21/2026,15:37:01,25.5,61.6
06/21/2026,15:42:01,25.4,61.7
06/21/2026,15:47:01,25.4,61.4
06/21/2026,15:52:01,25.4,61.4
06/21/2026,15:57:01,25.4,61.3
06/21/2026,16:02:01,25.4,61.5
06/21/2026,16:07:01,25.4,61.4
06/21/2026,16:12:01,25.4,61.6
06/21/2026,16:17:01,25.4,61.5
06/21/2026,16:22:01,25.4,61.6
06/21/2026,16:27:01,25.4,61.8
06/21/2026,16:32:01,25.4,61.8
06/21/2026,16:37:01,25.4,61.8
06/21/2026,16:42:01,25.4,61.8
06/21/2026,16:47:01,25.4,61.9
06/21/2026,16:52:01,25.4,61.8
06/21/2026,16:57:01,25.4,61.8
06/21/2026,17:02:01,25.3,61.8
06/21/2026,17:07:01,25.3,61.9
06/21/2026,17:12:01,25.3,62.0
06/21/2026,17:17:01,25.3,62.1
06/21/2026,17:22:01,25.3,62.1
06/21/2026,17:27:01,25.3,62.0
06/21/2026,17:32:01,25.3,62.0
06/21/2026,17:37:01,25.3,62.2
06/21/2026,17:42:01,25.3,62.4
06/21/2026,17:47:01,25.3,62.4
06/21/2026,17:52:01,25.3,62.5
06/21/2026,17:57:01,25.3,62.6
06/21/2026,18:02:01,25.3,62.5
06/21/2026,18:07:01,25.3,62.6
06/21/2026,18:12:01,25.3,62.6
06/21/2026,18:17:01,25.3,62.5
06/21/2026,18:22:01,25.3,62.4
06/21/2026,18:27:01,25.2,62.5
06/21/2026,18:32:01,25.2,62.4
06/21/2026,18:37:01,25.2,62.4
06/21/2026,18:42:01,25.2,62.4
06/21/2026,18:47:01,25.2,62.5
06/21/2026,18:52:01,25.2,62.4
06/21/2026,18:57:01,25.2,62.4
06/21/2026,19:02:01,25.2,62.4
06/21/2026,19:07:01,25.2,62.4
06/21/2026,19:12:01,25.2,62.4
06/21/2026,19:17:01,25.2,62.4
06/21/2026,19:22:01,25.2,62.4
06/21/2026,19:27:01,25.1,62.4
06/21/2026,19:32:01,25.1,62.4
06/21/2026,19:37:01,25.1,62.5
06/21/2026,19:42:01,25.1,62.5
06/21/2026,19:47:01,25.1,62.6
06/21/2026,19:52:01,25.1,62.6
06/21/2026,19:57:01,25.0,62.7
06/21/2026,20:02:01,25.0,62.8
06/21/2026,20:07:01,25.0,62.7
06/21/2026,20:12:01,25.0,62.9
06/21/2026,20:17:01,25.0,62.9
06/21/2026,20:22:01,25.0,63.0
06/21/2026,20:27:01,25.0,63.0
06/21/2026,20:32:01,24.9,63.1
06/21/2026,20:37:01,24.9,63.2
06/21/2026,20:42:01,24.9,62.8
06/21/2026,20:47:01,24.8,62.8
06/21/2026,20:52:01,24.8,62.7
06/21/2026,20:57:01,24.8,62.8
06/21/2026,21:02:01,24.8,62.8
06/21/2026,21:07:01,24.7,62.9
06/21/2026,21:12:01,24.7,63.1
06/21/2026,21:17:01,24.7,63.1
06/21/2026,21:22:01,24.6,63.1
06/21/2026,21:27:01,24.6,63.2
06/21/2026,21:32:01,24.5,63.2
06/21/2026,21:37:01,24.5,63.3
06/21/2026,21:42:01,24.5,63.2
06/21/2026,21:47:01,24.4,63.2
06/21/2026,21:52:01,24.4,63.1
06/21/2026,21:57:01,24.3,63.1
06/21/2026,22:02:01,24.3,63.2
06/21/2026,22:07:01,24.2,63.3
06/21/2026,22:12:01,24.1,63.3
06/21/2026,22:17:01,24.1,63.3
06/21/2026,22:22:01,24.0,63.4
06/21/2026,22:27:01,24.0,63.5
06/21/2026,22:32:01,23.9,63.6
06/21/2026,22:37:01,23.9,63.6
06/21/2026,22:42:01,23.8,63.7
06/21/2026,22:47:01,23.8,63.8
06/21/2026,22:52:01,23.7,63.8
06/21/2026,22:57:01,23.7,63.9
06/21/2026,23:02:01,23.6,63.9
06/21/2026,23:07:01,23.6,64.0
06/21/2026,23:12:01,23.5,64.0
06/21/2026,23:17:01,23.4,64.1
06/21/2026,23:22:01,23.4,64.3
06/21/2026,23:27:01,23.4,64.3
06/21/2026,23:32:01,23.3,64.4
06/21/2026,23:37:01,23.2,64.4
06/21/2026,23:42:01,23.2,64.3
06/21/2026,23:47:01,23.1,64.3
06/21/2026,23:52:01,23.0,64.3
06/21/2026,23:57:01,23.0,64.3
06/22/2026,00:02:01,23.0,64.2
06/22/2026,00:07:01,22.9,64.1
06/22/2026,00:12:01,22.8,64.1
06/22/2026,00:17:01,22.8,64.2
06/22/2026,00:22:01,22.7,64.3
06/22/2026,00:27:01,22.7,64.3
06/22/2026,00:32:01,22.6,64.3
06/22/2026,00:37:01,22.6,64.3
06/22/2026,00:42:01,22.5,64.2
06/22/2026,00:47:01,22.5,64.1
06/22/2026,00:52:01,22.5,64.0
06/22/2026,00:57:01,22.4,64.0
06/22/2026,01:02:01,22.3,63.9
06/22/2026,01:07:01,22.3,63.8
06/22/2026,01:12:01,22.2,63.7
06/22/2026,01:17:01,22.2,63.6
06/22/2026,01:22:01,22.1,63.5
06/22/2026,01:27:01,22.1,63.5
06/22/2026,01:32:01,22.1,63.4
06/22/2026,01:37:01,22.0,63.3
06/22/2026,01:42:01,22.0,63.4
06/22/2026,01:47:01,21.9,63.3
06/22/2026,01:52:01,21.9,63.2
06/22/2026,01:57:01,21.8,63.2
06/22/2026,02:02:01,21.8,63.1
06/22/2026,02:07:01,21.8,62.9
06/22/2026,02:12:01,21.7,62.9
06/22/2026,02:17:01,21.7,62.8
06/22/2026,02:22:01,21.6,62.7
06/22/2026,02:27:01,21.6,62.7
06/22/2026,02:32:01,21.5,62.6
06/22/2026,02:37:01,21.5,62.6
06/22/2026,02:42:01,21.5,62.5
06/22/2026,02:47:01,21.4,62.4
06/22/2026,02:52:01,21.4,62.4
06/22/2026,02:57:01,21.4,62.4
06/22/2026,03:02:01,21.3,62.3
06/22/2026,03:07:01,21.3,62.2
06/22/2026,03:12:01,21.3,62.2
06/22/2026,03:17:01,21.2,62.2
06/22/2026,03:22:01,21.2,62.2
06/22/2026,03:27:01,21.2,62.2
06/22/2026,03:32:01,21.1,62.1
06/22/2026,03:37:01,21.1,62.1
06/22/2026,03:42:01,21.1,62.1
06/22/2026,03:47:01,21.0,62.1
06/22/2026,03:52:01,21.0,62.1
06/22/2026,03:57:01,20.9,62.1
06/22/2026,04:02:01,20.9,62.1
06/22/2026,04:07:01,20.8,62.1
06/22/2026,04:12:01,20.8,62.1
06/22/2026,04:17:01,20.8,62.1
06/22/2026,04:22:01,20.8,62.1
06/22/2026,04:27:01,20.7,62.1
06/22/2026,04:32:01,20.7,62.1
06/22/2026,04:37:01,20.7,62.1
06/22/2026,04:42:01,20.6,62.1
06/22/2026,04:47:01,20.6,62.1
06/22/2026,04:52:01,20.6,62.1
06/22/2026,04:57:01,20.6,62.2
06/22/2026,05:02:01,20.6,62.1
06/22/2026,05:07:01,20.5,62.2
06/22/2026,05:12:01,20.5,62.2
06/22/2026,05:17:01,20.5,62.2
06/22/2026,05:22:01,20.4,62.3
06/22/2026,05:27:01,20.4,62.3
06/22/2026,05:32:01,20.4,62.3
06/22/2026,05:37:01,20.4,62.3
06/22/2026,05:42:01,20.4,62.4
06/22/2026,05:47:01,20.4,62.5
06/22/2026,05:52:01,20.4,62.5
06/22/2026,05:57:01,20.4,62.6
06/22/2026,06:02:01,20.3,62.6
06/22/2026,06:07:01,20.3,62.6
06/22/2026,06:12:01,20.3,62.8
06/22/2026,06:17:01,20.3,62.8
06/22/2026,06:22:01,20.3,62.8
06/22/2026,06:27:01,20.4,62.9
06/22/2026,06:32:01,20.4,62.9
06/22/2026,06:37:01,20.4,63.0
06/22/2026,06:42:01,20.5,63.0
06/22/2026,06:47:01,20.6,63.0
06/22/2026,06:52:01,20.6,63.0
06/22/2026,06:57:01,20.7,62.9
06/22/2026,07:02:01,20.8,63.0
06/22/2026,07:07:01,20.9,62.9
06/22/2026,07:12:01,21.0,62.9
06/22/2026,07:17:01,21.2,62.7
06/22/2026,07:22:01,21.4,62.7
06/22/2026,07:27:01,21.6,62.6
06/22/2026,07:32:01,21.8,62.0
06/22/2026,07:37:01,21.9,61.7
06/22/2026,07:42:01,22.0,61.5
06/22/2026,07:47:01,22.1,61.2
06/22/2026,07:52:01,22.2,61.0
06/22/2026,07:57:01,22.3,60.9
06/22/2026,08:02:01,22.3,60.8
06/22/2026,08:07:01,22.4,60.8
06/22/2026,08:12:01,22.4,60.6
06/22/2026,08:17:01,22.4,60.6
06/22/2026,08:22:01,22.5,60.7
06/22/2026,08:27:01,22.5,60.7
06/22/2026,08:32:01,22.5,60.6
06/22/2026,08:37:01,22.6,60.6
06/22/2026,08:42:01,22.6,60.4
06/22/2026,08:47:01,22.6,60.5
06/22/2026,08:52:01,22.6,60.4
06/22/2026,08:57:01,22.6,60.5
06/22/2026,09:02:01,22.7,60.4
06/22/2026,09:07:01,22.7,60.4
06/22/2026,09:12:01,22.7,60.4
06/22/2026,09:17:01,22.7,60.4
06/22/2026,09:22:01,22.7,60.4
06/22/2026,09:27:01,22.7,60.4
06/22/2026,09:32:01,22.7,60.2
06/22/2026,09:37:01,22.8,60.3
06/22/2026,09:42:01,22.8,60.4
06/22/2026,09:47:01,22.8,60.3
06/22/2026,09:52:01,22.8,60.8
06/22/2026,09:57:01,22.8,60.7
06/22/2026,10:02:01,22.9,60.8
06/22/2026,10:07:01,22.9,61.1
06/22/2026,10:12:01,22.9,61.1
06/22/2026,10:17:01,23.0,61.4
06/22/2026,10:22:01,23.0,61.4
06/22/2026,10:27:01,23.0,61.2
06/22/2026,10:32:01,23.0,61.1
06/22/2026,10:37:01,23.1,61.2
06/22/2026,10:42:01,23.1,61.3
06/22/2026,10:47:01,23.1,61.4
06/22/2026,10:52:01,23.1,61.5
06/22/2026,10:57:01,23.1,61.5
06/22/2026,11:02:01,23.1,61.6
06/22/2026,11:07:01,23.2,61.5
06/22/2026,11:12:01,23.2,61.5
06/22/2026,11:17:01,23.2,61.4
06/22/2026,11:22:01,23.2,61.4
06/22/2026,11:27:01,23.2,61.5
06/22/2026,11:32:01,23.2,61.5
06/22/2026,11:37:01,23.2,61.5
06/22/2026,11:42:01,23.3,61.7
06/22/2026,11:47:01,23.3,61.6
06/22/2026,11:52:01,23.3,61.6
06/22/2026,11:57:01,23.3,61.7
06/22/2026,12:02:01,23.3,61.7
06/22/2026,12:07:01,23.4,61.8
06/22/2026,12:12:01,23.4,61.8
06/22/2026,12:17:01,23.4,61.8
06/22/2026,12:22:01,23.4,61.9
06/22/2026,12:27:01,23.5,62.0
06/22/2026,12:32:01,23.5,62.6
06/22/2026,12:37:01,23.7,63.4
06/22/2026,12:42:01,23.8,64.3
06/22/2026,12:47:01,24.0,63.9
06/22/2026,12:52:01,24.1,64.4
06/22/2026,12:57:01,24.2,65.3
06/22/2026,13:02:01,24.4,65.2
06/22/2026,13:07:01,24.5,64.4
06/22/2026,13:12:01,24.6,63.4
06/22/2026,13:17:01,24.7,63.2
06/22/2026,13:22:01,24.8,63.0
06/22/2026,13:27:01,25.0,63.0
06/22/2026,13:32:01,25.1,62.3
06/22/2026,13:37:01,25.2,61.8
06/22/2026,13:42:01,25.3,61.1
06/22/2026,13:47:01,25.3,60.6
06/22/2026,13:52:01,25.4,60.5
06/22/2026,13:57:01,25.4,59.4
06/22/2026,14:02:01,25.4,59.0
06/22/2026,14:07:01,25.4,59.3
06/22/2026,14:12:01,25.4,59.3
06/22/2026,14:17:01,25.4,59.0
06/22/2026,14:22:01,25.4,59.2
06/22/2026,14:27:01,25.4,59.3
06/22/2026,14:32:01,25.4,59.0
06/22/2026,14:37:01,25.4,58.9
06/22/2026,14:42:01,25.4,59.0
06/22/2026,14:47:01,25.4,58.8
06/22/2026,14:52:01,25.4,59.0
06/22/2026,14:57:01,25.4,58.7
06/22/2026,15:02:01,25.4,58.9
06/22/2026,15:07:01,25.3,58.5
06/22/2026,15:12:01,25.3,58.4
06/22/2026,15:17:01,25.3,58.3
06/22/2026,15:22:01,25.3,58.4
06/22/2026,15:27:01,25.3,58.1
06/22/2026,15:32:01,25.3,58.2
06/22/2026,15:37:01,25.3,58.1
06/22/2026,15:42:01,25.3,58.2
06/22/2026,15:47:01,25.3,58.0
06/22/2026,15:52:01,25.3,58.1
06/22/2026,15:57:01,25.3,58.0
06/22/2026,16:02:01,25.3,57.5
06/22/2026,16:07:01,25.3,57.4
06/22/2026,16:12:01,25.3,57.6
06/22/2026,16:17:01,25.3,57.9
06/22/2026,16:22:01,25.3,58.1
06/22/2026,16:27:01,25.3,58.0
06/22/2026,16:32:01,25.3,57.9
06/22/2026,16:37:01,25.3,58.0
06/22/2026,16:42:01,25.3,58.1
06/22/2026,16:47:01,25.3,58.1
06/22/2026,16:52:01,25.3,58.2
06/22/2026,16:57:01,25.3,58.2
06/22/2026,17:02:01,25.3,58.1
06/22/2026,17:07:01,25.3,58.1
06/22/2026,17:12:01,25.3,58.1
06/22/2026,17:17:01,25.3,58.2
06/22/2026,17:22:01,25.3,58.1
06/22/2026,17:27:01,25.3,58.0
06/22/2026,17:32:01,25.3,58.6
06/22/2026,17:37:01,25.3,58.4
06/22/2026,17:42:01,25.4,58.7
06/22/2026,17:47:01,25.4,58.4
06/22/2026,17:52:01,25.4,58.1
06/22/2026,17:57:01,25.4,58.1
06/22/2026,18:02:01,25.4,58.1
06/22/2026,18:07:01,25.4,58.1
06/22/2026,18:12:01,25.4,58.0
06/22/2026,18:17:01,25.3,58.0
06/22/2026,18:22:01,25.4,58.0
06/22/2026,18:27:01,25.4,58.0
06/22/2026,18:32:01,25.3,57.9
06/22/2026,18:37:01,25.3,57.9
06/22/2026,18:42:01,25.3,57.7
06/22/2026,18:47:01,25.3,57.9
06/22/2026,18:52:01,25.3,57.8
06/22/2026,18:57:01,25.3,57.8
06/22/2026,19:02:01,25.3,57.7
06/22/2026,19:07:01,25.3,57.7
06/22/2026,19:12:01,25.3,57.6
06/22/2026,19:17:01,25.3,57.6
06/22/2026,19:22:01,25.2,57.6
06/22/2026,19:27:01,25.2,57.4
06/22/2026,19:32:01,25.2,57.5
06/22/2026,19:37:01,25.2,57.5
06/22/2026,19:42:01,25.1,57.4
06/22/2026,19:47:01,25.1,57.2
06/22/2026,19:52:01,25.1,57.1
06/22/2026,19:57:01,25.1,57.2
06/22/2026,20:02:01,25.1,57.1
06/22/2026,20:07:01,25.0,56.4
06/22/2026,20:12:01,25.0,56.4
06/22/2026,20:17:01,25.0,56.1
06/22/2026,20:22:01,25.0,56.2
06/22/2026,20:27:01,25.0,55.9
06/22/2026,20:32:01,24.9,55.8
06/22/2026,20:37:01,24.9,55.8
06/22/2026,20:42:01,24.9,55.6
06/22/2026,20:47:01,24.9,55.6
06/22/2026,20:52:01,24.8,55.3
06/22/2026,20:57:01,24.9,55.2
06/22/2026,21:02:01,24.8,55.1
06/22/2026,21:07:01,24.8,55.4
06/22/2026,21:12:01,24.8,55.7
06/22/2026,21:17:01,24.7,55.9
06/22/2026,21:22:01,24.7,55.8
06/22/2026,21:27:01,24.7,56.0
06/22/2026,21:32:01,24.7,56.2
06/22/2026,21:37:01,24.6,56.4
06/22/2026,21:42:01,24.6,56.7
06/22/2026,21:47:01,24.6,56.8
06/22/2026,21:52:01,24.6,56.9
06/22/2026,21:57:01,24.6,57.0
06/22/2026,22:02:01,24.5,56.9
06/22/2026,22:07:01,24.5,56.8
06/22/2026,22:12:01,24.5,56.7
06/22/2026,22:17:01,24.4,56.6
06/22/2026,22:22:01,24.4,56.5
06/22/2026,22:27:01,24.3,56.5
06/22/2026,22:32:01,24.3,56.5
06/22/2026,22:37:01,24.3,56.4
06/22/2026,22:42:01,24.3,56.4
06/22/2026,22:47:01,24.2,56.5
06/22/2026,22:52:01,24.2,56.5
06/22/2026,22:57:01,24.2,56.5
06/22/2026,23:02:01,24.1,56.5
06/22/2026,23:07:01,24.1,56.4
06/22/2026,23:12:01,24.1,56.4
06/22/2026,23:17:01,24.1,56.3
06/22/2026,23:22:01,24.0,56.3
06/22/2026,23:27:01,24.0,56.3
06/22/2026,23:32:01,23.9,56.2
06/22/2026,23:37:01,23.9,56.3
06/22/2026,23:42:01,23.9,56.3
06/22/2026,23:47:01,23.9,56.3
06/22/2026,23:52:01,23.9,56.3
06/22/2026,23:57:01,23.9,56.3
06/23/2026,00:02:01,23.8,56.5
06/23/2026,00:07:01,23.8,56.5
06/23/2026,00:12:01,23.8,56.6
06/23/2026,00:17:01,23.8,56.6
06/23/2026,00:22:01,23.7,56.7
06/23/2026,00:27:01,23.7,56.8
06/23/2026,00:32:01,23.7,56.8
06/23/2026,00:37:01,23.7,56.8
06/23/2026,00:42:01,23.7,56.9
06/23/2026,00:47:01,23.6,56.9
06/23/2026,00:52:01,23.6,57.0
06/23/2026,00:57:01,23.6,57.0
06/23/2026,01:02:01,23.6,57.1
06/23/2026,01:07:01,23.6,57.1
06/23/2026,01:12:01,23.6,57.1
06/23/2026,01:17:01,23.5,57.2
06/23/2026,01:22:01,23.5,57.2
06/23/2026,01:27:01,23.5,57.3
06/23/2026,01:32:01,23.5,57.3
06/23/2026,01:37:01,23.4,57.4
06/23/2026,01:42:01,23.5,57.4
06/23/2026,01:47:01,23.4,57.4
06/23/2026,01:52:01,23.4,57.4
06/23/2026,01:57:01,23.4,57.4
06/23/2026,02:02:01,23.4,57.5
06/23/2026,02:07:01,23.4,57.6
06/23/2026,02:12:01,23.4,57.6
06/23/2026,02:17:01,23.3,57.6
06/23/2026,02:22:01,23.3,57.8
06/23/2026,02:27:01,23.3,57.8
06/23/2026,02:32:01,23.3,57.9
06/23/2026,02:37:01,23.3,58.0
06/23/2026,02:42:01,23.3,58.2
06/23/2026,02:47:01,23.3,58.1
06/23/2026,02:52:01,23.3,58.2
06/23/2026,02:57:01,23.3,58.3
06/23/2026,03:02:01,23.2,58.4
06/23/2026,03:07:01,23.2,58.4
06/23/2026,03:12:01,23.2,58.5
06/23/2026,03:17:01,23.2,58.6
06/23/2026,03:22:01,23.2,58.6
06/23/2026,03:27:01,23.2,58.7
06/23/2026,03:32:01,23.1,58.7
06/23/2026,03:37:01,23.1,58.8
06/23/2026,03:42:01,23.1,58.9
06/23/2026,03:47:01,23.1,58.9
06/23/2026,03:52:01,23.1,59.0
06/23/2026,03:57:01,23.1,59.0
06/23/2026,04:02:01,23.1,59.1
06/23/2026,04:07:01,23.1,59.1
06/23/2026,04:12:01,23.0,59.1
06/23/2026,04:17:01,23.0,59.1
06/23/2026,04:22:01,23.0,59.2
06/23/2026,04:27:01,23.0,59.2
06/23/2026,04:32:01,23.0,59.2
06/23/2026,04:37:01,23.0,59.1
06/23/2026,04:42:01,23.0,59.2
06/23/2026,04:47:01,23.0,59.2
06/23/2026,04:52:01,23.0,59.2
06/23/2026,04:57:01,22.9,59.3
06/23/2026,05:02:01,22.9,59.3
06/23/2026,05:07:01,22.9,59.3
06/23/2026,05:12:01,22.9,59.3
06/23/2026,05:17:01,22.9,59.4
06/23/2026,05:22:01,22.9,59.5
06/23/2026,05:27:01,22.9,59.4
06/23/2026,05:32:01,22.9,59.5
06/23/2026,05:37:01,22.9,59.6
06/23/2026,05:42:01,22.8,59.6
06/23/2026,05:47:01,22.8,59.7
06/23/2026,05:52:01,22.8,59.7
06/23/2026,05:57:01,22.8,59.8
06/23/2026,06:02:01,22.8,59.8
06/23/2026,06:07:01,22.8,59.9
06/23/2026,06:12:01,22.8,59.9
06/23/2026,06:17:01,22.8,60.0
06/23/2026,06:22:01,22.8,60.0
06/23/2026,06:27:01,22.8,60.1
06/23/2026,06:32:01,22.8,60.1
06/23/2026,06:37:01,22.8,60.1
06/23/2026,06:42:01,22.8,60.3
06/23/2026,06:47:01,22.8,60.2
06/23/2026,06:52:01,22.8,60.3
06/23/2026,06:57:01,22.8,60.3
06/23/2026,07:02:01,22.9,60.3
06/23/2026,07:07:01,22.9,60.3
06/23/2026,07:12:01,22.9,60.3
06/23/2026,07:17:01,23.0,60.4
06/23/2026,07:22:01,23.1,60.4
06/23/2026,07:27:01,23.2,60.2
06/23/2026,07:32:01,23.4,60.1
06/23/2026,07:37:01,23.4,59.9
06/23/2026,07:42:01,23.5,59.7
06/23/2026,07:47:01,23.6,59.5
06/23/2026,07:52:01,23.6,59.3
06/23/2026,07:57:01,23.6,59.2
06/23/2026,08:02:01,23.6,59.2
06/23/2026,08:07:01,23.6,59.2
06/23/2026,08:12:01,23.6,59.1
06/23/2026,08:17:01,23.5,59.1
06/23/2026,08:22:01,23.6,59.1
06/23/2026,08:27:01,23.5,59.0
06/23/2026,08:32:01,23.5,59.1
06/23/2026,08:37:01,23.5,59.3
06/23/2026,08:42:01,23.5,59.2
06/23/2026,08:47:01,23.5,59.2
06/23/2026,08:52:01,23.5,59.2
06/23/2026,08:57:01,23.5,59.2
06/23/2026,09:02:01,23.5,59.3
06/23/2026,09:07:01,23.5,59.3
06/23/2026,09:12:01,23.5,59.3
06/23/2026,09:17:01,23.5,59.4
06/23/2026,09:22:01,23.5,59.5
06/23/2026,09:27:01,23.5,59.6
06/23/2026,09:32:01,23.5,59.5
06/23/2026,09:37:01,23.5,59.6
06/23/2026,09:42:01,23.5,59.6
06/23/2026,09:47:01,23.5,59.6
06/23/2026,09:52:01,23.5,59.6
06/23/2026,09:57:01,23.5,59.7
06/23/2026,10:02:01,23.6,59.7
06/23/2026,10:07:01,23.6,59.6
06/23/2026,10:12:01,23.6,59.7
06/23/2026,10:17:01,23.6,59.8
06/23/2026,10:22:01,23.6,59.9
06/23/2026,10:27:01,23.6,59.8
06/23/2026,10:32:01,23.6,59.8
06/23/2026,10:37:01,23.6,59.8
06/23/2026,10:42:01,23.6,59.8
06/23/2026,10:47:01,23.6,59.8
06/23/2026,10:52:01,23.6,59.9
06/23/2026,10:57:01,23.6,59.9
06/23/2026,11:02:01,23.6,60.1
06/23/2026,11:07:01,23.6,60.1
06/23/2026,11:12:01,23.6,60.1
06/23/2026,11:17:01,23.6,60.0
06/23/2026,11:22:01,23.6,60.0
06/23/2026,11:27:01,23.6,60.1
06/23/2026,11:32:01,23.7,60.2
06/23/2026,11:37:01,23.7,60.2
06/23/2026,11:42:01,23.7,60.3
06/23/2026,11:47:01,23.7,60.3
06/23/2026,11:52:01,23.7,60.2
06/23/2026,11:57:01,23.7,60.3
06/23/2026,12:02:01,23.7,60.3
06/23/2026,12:07:01,23.7,60.3
06/23/2026,12:12:01,23.7,60.3
06/23/2026,12:17:01,23.8,60.4
06/23/2026,12:22:01,23.8,60.6
06/23/2026,12:27:01,23.8,60.7
06/23/2026,12:32:01,23.8,61.1
06/23/2026,12:37:01,23.8,61.4
06/23/2026,12:42:01,23.9,61.4
06/23/2026,12:47:01,23.9,61.9
06/23/2026,12:52:01,23.9,62.2
06/23/2026,12:57:01,24.0,62.9
06/23/2026,13:02:01,24.0,63.3
06/23/2026,13:07:01,24.0,63.9
06/23/2026,13:12:01,24.1,64.5
06/23/2026,13:17:01,24.1,64.9
06/23/2026,13:22:01,24.2,65.4
06/23/2026,13:27:01,24.2,65.0
06/23/2026,13:32:01,24.2,64.9
06/23/2026,13:37:01,24.3,65.0
06/23/2026,13:42:01,24.3,64.7
06/23/2026,13:47:01,24.4,64.4
06/23/2026,13:52:01,24.4,64.3
06/23/2026,13:57:01,24.4,64.2
06/23/2026,14:02:01,24.4,64.2
06/23/2026,14:07:01,24.5,64.2
06/23/2026,14:12:01,24.5,64.3
06/23/2026,14:17:01,24.5,64.3
06/23/2026,14:22:01,24.5,64.5
06/23/2026,14:27:01,24.6,64.6
06/23/2026,14:32:01,24.6,64.6
06/23/2026,14:37:01,24.6,64.6
06/23/2026,14:42:01,24.7,64.7
06/23/2026,14:47:01,24.7,64.7
06/23/2026,14:52:01,24.7,64.6
06/23/2026,14:57:01,24.8,64.7
06/23/2026,15:02:01,24.8,64.8
06/23/2026,15:07:01,24.8,64.8
06/23/2026,15:12:01,24.9,64.9
06/23/2026,15:17:01,24.9,65.0
06/23/2026,15:22:01,24.9,65.2
06/23/2026,15:27:01,25.0,65.2
06/23/2026,15:32:01,25.0,65.4
06/23/2026,15:37:01,25.0,65.6
06/23/2026,15:42:01,25.1,65.6
06/23/2026,15:47:01,25.1,65.6
06/23/2026,15:52:01,25.2,65.8
06/23/2026,15:57:01,25.2,65.9
06/23/2026,16:02:01,25.2,66.0
06/23/2026,16:07:01,25.3,65.8
06/23/2026,16:12:01,25.3,65.8
06/23/2026,16:17:01,25.3,66.0
06/23/2026,16:22:01,25.4,65.9
06/23/2026,16:27:01,25.4,65.8
06/23/2026,16:32:01,25.4,65.8
06/23/2026,16:37:01,25.5,65.9
06/23/2026,16:42:01,25.5,65.9
06/23/2026,16:47:01,25.6,65.9
06/23/2026,16:52:01,25.6,65.9
06/23/2026,16:57:01,25.7,65.9
06/23/2026,17:02:01,25.7,65.9
06/23/2026,17:07:01,25.7,65.8
06/23/2026,17:12:01,25.7,65.9
06/23/2026,17:17:01,25.7,65.8
06/23/2026,17:22:01,25.8,65.9
06/23/2026,17:27:01,25.8,65.8
06/23/2026,17:32:01,25.8,65.9
06/23/2026,17:37:01,25.9,65.9
06/23/2026,17:42:01,25.9,65.9
06/23/2026,17:47:01,25.9,65.8
06/23/2026,17:52:01,25.9,65.9
06/23/2026,17:57:01,26.0,65.8
06/23/2026,18:02:01,26.0,65.8
06/23/2026,18:07:01,26.0,65.8
06/23/2026,18:12:01,26.0,65.8
06/23/2026,18:17:01,26.1,65.7
06/23/2026,18:22:01,26.1,65.7
06/23/2026,18:27:01,26.1,65.6
06/23/2026,18:32:01,26.1,65.6
06/23/2026,18:37:01,26.1,65.7
06/23/2026,18:42:01,26.1,65.6
06/23/2026,18:47:01,26.2,65.5
06/23/2026,18:52:01,26.2,65.8
06/23/2026,18:57:01,26.2,65.7
06/23/2026,19:02:01,26.2,66.0
06/23/2026,19:07:01,26.3,65.8
06/23/2026,19:12:01,26.3,66.1
06/23/2026,19:17:01,26.4,66.0
06/23/2026,19:22:01,26.4,65.9
06/23/2026,19:27:01,26.5,66.6
06/23/2026,19:32:01,26.5,66.3
06/23/2026,19:37:01,26.6,66.1
06/23/2026,19:42:01,26.6,65.9
06/23/2026,19:47:01,26.6,65.9
06/23/2026,19:52:01,26.6,65.5
06/23/2026,19:57:01,26.6,65.4
06/23/2026,20:02:01,26.6,65.3
06/23/2026,20:07:01,26.5,65.2
06/23/2026,20:12:01,26.5,65.2
06/23/2026,20:17:01,26.5,65.1
06/23/2026,20:22:01,26.5,65.0
06/23/2026,20:27:01,26.5,65.0
06/23/2026,20:32:01,26.5,64.9
06/23/2026,20:37:01,26.5,64.8
06/23/2026,20:42:01,26.5,64.7
06/23/2026,20:47:01,26.5,64.6
06/23/2026,20:52:01,26.4,64.5
06/23/2026,20:57:01,26.4,64.5
06/23/2026,21:02:01,26.4,64.5
06/23/2026,21:07:01,26.4,64.4
06/23/2026,21:12:01,26.4,64.4
06/23/2026,21:17:01,26.4,64.3
06/23/2026,21:22:01,26.4,64.3
06/23/2026,21:27:01,26.3,64.3
06/23/2026,21:32:01,26.3,64.3
06/23/2026,21:37:01,26.3,64.3
06/23/2026,21:42:01,26.3,64.2
06/23/2026,21:47:01,26.2,64.3
06/23/2026,21:52:01,26.2,64.3
06/23/2026,21:57:01,26.2,64.2
06/23/2026,22:02:01,26.2,64.2
06/23/2026,22:07:01,26.2,64.3
06/23/2026,22:12:01,26.2,64.3
06/23/2026,22:17:01,26.1,64.3
06/23/2026,22:22:01,26.1,64.3
06/23/2026,22:27:01,26.1,64.3
06/23/2026,22:32:01,26.1,64.3
06/23/2026,22:37:01,26.1,64.3
06/23/2026,22:42:01,26.1,64.3
06/23/2026,22:47:01,26.1,64.3
06/23/2026,22:52:01,26.1,64.3
06/23/2026,22:57:01,26.0,64.3
06/23/2026,23:02:01,26.0,64.3
06/23/2026,23:07:01,26.0,64.3
06/23/2026,23:12:01,25.9,64.3
06/23/2026,23:17:01,26.0,64.4
06/23/2026,23:22:01,25.9,64.4
06/23/2026,23:27:01,25.9,64.4
06/23/2026,23:32:01,25.9,64.3
06/23/2026,23:37:01,25.9,64.3
06/23/2026,23:42:01,25.9,64.3
06/23/2026,23:47:01,25.9,64.4
06/23/2026,23:52:01,25.9,64.3
06/23/2026,23:57:01,25.8,64.3
06/24/2026,00:02:01,25.8,64.3
06/24/2026,00:07:01,25.8,64.3
06/24/2026,00:12:01,25.8,64.3
06/24/2026,00:17:01,25.8,64.3
06/24/2026,00:22:01,25.8,64.2
06/24/2026,00:27:01,25.8,64.3
06/24/2026,00:32:01,25.8,64.3
06/24/2026,00:37:01,25.7,64.2
06/24/2026,00:42:01,25.7,64.3
06/24/2026,00:47:01,25.7,64.3
06/24/2026,00:52:01,25.7,64.3
06/24/2026,00:57:01,25.7,64.2
06/24/2026,01:02:01,25.7,64.3
06/24/2026,01:07:01,25.6,64.4
06/24/2026,01:12:01,25.6,64.4
06/24/2026,01:17:01,25.6,64.4
06/24/2026,01:22:01,25.6,64.4
06/24/2026,01:27:01,25.6,64.5
06/24/2026,01:32:01,25.6,64.5
06/24/2026,01:37:01,25.6,64.5
06/24/2026,01:42:01,25.6,64.4
06/24/2026,01:47:01,25.6,64.5
06/24/2026,01:52:01,25.5,64.5
06/24/2026,01:57:01,25.6,64.4
06/24/2026,02:02:01,25.5,64.5
06/24/2026,02:07:01,25.5,64.5
06/24/2026,02:12:01,25.5,64.5
06/24/2026,02:17:01,25.5,64.5
06/24/2026,02:22:01,25.5,64.5
06/24/2026,02:27:01,25.5,64.6
06/24/2026,02:32:01,25.5,64.5
06/24/2026,02:37:01,25.5,64.5
06/24/2026,02:42:01,25.5,64.5
06/24/2026,02:47:01,25.4,64.5
06/24/2026,02:52:01,25.4,64.5
06/24/2026,02:57:01,25.4,64.6
06/24/2026,03:02:01,25.4,64.6
06/24/2026,03:07:01,25.4,64.6
06/24/2026,03:12:01,25.4,64.7
06/24/2026,03:17:01,25.4,64.7
06/24/2026,03:22:01,25.3,64.7
06/24/2026,03:27:01,25.4,64.7
06/24/2026,03:32:01,25.3,64.7
06/24/2026,03:37:01,25.3,64.7
06/24/2026,03:42:01,25.3,64.8
06/24/2026,03:47:01,25.3,64.8
06/24/2026,03:52:01,25.3,64.8
06/24/2026,03:57:01,25.3,64.8
06/24/2026,04:02:01,25.3,64.8
06/24/2026,04:07:01,25.3,64.8
06/24/2026,04:12:01,25.3,64.8
06/24/2026,04:17:01,25.3,64.8
06/24/2026,04:22:01,25.3,64.8
06/24/2026,04:27:01,25.2,64.8
06/24/2026,04:32:01,25.2,64.8
06/24/2026,04:37:01,25.2,64.9
06/24/2026,04:42:01,25.2,64.9
06/24/2026,04:47:01,25.2,64.9
06/24/2026,04:52:01,25.2,64.9
06/24/2026,04:57:01,25.2,64.9
06/24/2026,05:02:01,25.1,64.9
06/24/2026,05:07:01,25.1,64.8
06/24/2026,05:12:01,25.1,64.9
06/24/2026,05:17:01,25.1,64.9
06/24/2026,05:22:01,25.1,64.8
06/24/2026,05:27:01,25.1,64.9
06/24/2026,05:32:01,25.1,65.0
06/24/2026,05:37:01,25.1,64.8
06/24/2026,05:42:01,25.1,64.9
06/24/2026,05:47:01,25.0,64.9
06/24/2026,05:52:01,25.1,64.8
06/24/2026,05:57:01,25.0,64.8
06/24/2026,06:02:01,25.0,64.8
06/24/2026,06:07:01,25.0,64.8
06/24/2026,06:12:01,25.0,64.8
06/24/2026,06:17:01,25.0,64.8
06/24/2026,06:22:01,25.0,64.9
06/24/2026,06:27:01,25.0,65.0
06/24/2026,06:32:01,25.0,64.9
06/24/2026,06:37:01,25.0,64.9
06/24/2026,06:42:01,25.0,65.0
06/24/2026,06:47:01,25.0,65.0
06/24/2026,06:52:01,25.0,65.0
06/24/2026,06:57:01,25.0,64.9
06/24/2026,07:02:01,25.0,64.9
06/24/2026,07:07:01,25.0,64.9
06/24/2026,07:12:01,25.1,65.0
06/24/2026,07:17:01,25.2,65.5
06/24/2026,07:22:01,25.3,65.5
06/24/2026,07:27:01,25.4,65.4
06/24/2026,07:32:01,25.5,65.3
06/24/2026,07:37:01,25.6,65.1
06/24/2026,07:42:01,25.7,64.8
06/24/2026,07:47:01,25.7,64.5
06/24/2026,07:52:01,25.7,64.4
06/24/2026,07:57:01,25.7,64.3
06/24/2026,08:02:01,25.8,64.3
06/24/2026,08:07:01,25.7,64.1
06/24/2026,08:12:01,25.7,64.0
06/24/2026,08:17:01,25.8,63.9
06/24/2026,08:22:01,25.8,63.9
06/24/2026,08:27:01,25.8,63.9
06/24/2026,08:32:01,25.8,63.9
06/24/2026,08:37:01,25.8,63.9
06/24/2026,08:42:01,25.8,63.9
06/24/2026,08:47:01,25.7,63.9
06/24/2026,08:52:01,25.8,64.0
06/24/2026,08:57:01,25.7,64.0
06/24/2026,09:02:01,25.7,64.0
06/24/2026,09:07:01,25.7,64.2
06/24/2026,09:12:01,25.7,64.3
06/24/2026,09:17:01,25.7,64.5
06/24/2026,09:22:01,25.7,64.5
06/24/2026,09:27:01,25.8,65.0
06/24/2026,09:32:01,25.8,65.4
06/24/2026,09:37:01,25.8,65.0
06/24/2026,09:42:01,25.8,65.4
06/24/2026,09:47:01,25.8,65.4
06/24/2026,09:52:01,25.8,65.4
06/24/2026,09:57:01,25.9,65.8
06/24/2026,10:02:01,25.9,65.8
06/24/2026,10:07:01,25.9,65.9
06/24/2026,10:12:01,25.9,65.8
06/24/2026,10:17:01,25.9,65.8
06/24/2026,10:22:01,25.9,65.6
06/24/2026,10:27:01,25.9,65.7
06/24/2026,10:32:01,25.9,65.6
06/24/2026,10:37:01,25.9,65.8
06/24/2026,10:42:01,25.9,65.9
06/24/2026,10:47:01,25.9,65.9
06/24/2026,10:52:01,25.9,65.9
06/24/2026,10:57:01,26.0,65.8
06/24/2026,11:02:01,26.0,66.1
06/24/2026,11:07:01,25.9,66.1
06/24/2026,11:12:01,26.0,66.1
06/24/2026,11:17:01,26.0,66.0
06/24/2026,11:22:01,26.0,65.9
06/24/2026,11:27:01,26.0,65.8
06/24/2026,11:32:01,26.0,65.7
06/24/2026,11:37:01,26.0,65.6
06/24/2026,11:42:01,26.0,65.7
06/24/2026,11:47:01,26.0,65.7
06/24/2026,11:52:01,26.0,65.7
06/24/2026,11:57:01,26.0,65.6
06/24/2026,12:02:01,26.0,65.6
06/24/2026,12:07:01,26.0,65.5
06/24/2026,12:12:01,26.0,65.5
06/24/2026,12:17:01,26.0,65.6
06/24/2026,12:22:01,26.0,65.6
06/24/2026,12:27:01,26.0,65.6
06/24/2026,12:32:01,26.0,65.5
06/24/2026,12:37:01,26.0,65.6
06/24/2026,12:42:01,26.0,65.6
06/24/2026,12:47:01,26.0,65.6
06/24/2026,12:52:01,26.0,66.0
06/24/2026,12:57:01,26.0,65.8
06/24/2026,13:02:01,26.0,65.9
06/24/2026,13:07:01,26.0,65.7
06/24/2026,13:12:01,26.0,65.7
06/24/2026,13:17:01,26.0,65.7
06/24/2026,13:22:01,26.0,65.7
06/24/2026,13:27:01,26.0,65.7
06/24/2026,13:32:01,26.0,65.6
06/24/2026,13:37:01,26.0,65.8
06/24/2026,13:42:01,26.1,66.0
06/24/2026,13:47:01,26.0,65.9
06/24/2026,13:52:01,26.1,65.9
06/24/2026,13:57:01,26.1,65.8
06/24/2026,14:02:01,26.1,65.9
06/24/2026,14:07:01,26.1,65.9
06/24/2026,14:12:01,26.1,66.0
06/24/2026,14:17:01,26.1,66.1
06/24/2026,14:22:01,26.1,66.2
06/24/2026,14:27:01,26.2,66.2
06/24/2026,14:32:01,26.2,66.3
06/24/2026,14:37:01,26.2,66.3
06/24/2026,14:42:01,26.2,66.4
06/24/2026,14:47:01,26.2,66.4
06/24/2026,14:52:01,26.2,66.4
06/24/2026,14:57:01,26.3,66.6
06/24/2026,15:02:01,26.3,66.7
06/24/2026,15:07:01,26.3,66.8
06/24/2026,15:12:01,26.3,66.9
06/24/2026,15:17:01,26.4,67.1
06/24/2026,15:22:01,26.4,67.2
06/24/2026,15:27:01,26.4,67.5
06/24/2026,15:32:01,26.4,67.5
06/24/2026,15:37:01,26.5,67.7
06/24/2026,15:42:01,26.5,67.8
06/24/2026,15:47:01,26.6,68.0
06/24/2026,15:52:01,26.6,68.1
06/24/2026,15:57:01,26.6,68.1
06/24/2026,16:02:01,26.6,68.2
06/24/2026,16:07:01,26.7,68.2
06/24/2026,16:12:01,26.7,68.2
06/24/2026,16:17:01,26.7,68.2
06/24/2026,16:22:01,26.8,68.2
06/24/2026,16:27:01,26.8,68.1
06/24/2026,16:32:01,26.8,68.1
06/24/2026,16:37:01,26.8,68.1
06/24/2026,16:42:01,26.8,68.1
06/24/2026,16:47:01,26.9,68.0
06/24/2026,16:52:01,26.9,68.2
06/24/2026,16:57:01,26.9,68.1
06/24/2026,17:02:01,27.0,68.0
06/24/2026,17:07:01,27.0,68.0
06/24/2026,17:12:01,27.0,68.1
06/24/2026,17:17:01,27.0,68.0
06/24/2026,17:22:01,27.0,68.0
06/24/2026,17:27:01,27.0,67.9
06/24/2026,17:32:01,27.1,67.9
06/24/2026,17:37:01,27.1,67.9
06/24/2026,17:42:01,27.1,67.8
06/24/2026,17:47:01,27.1,67.8
06/24/2026,17:52:01,27.1,67.8
06/24/2026,17:57:01,27.1,67.9
06/24/2026,18:02:01,27.2,67.7
06/24/2026,18:07:01,27.2,67.7
06/24/2026,18:12:01,27.2,67.6
06/24/2026,18:17:01,27.2,67.6
06/24/2026,18:22:01,27.2,67.5
06/24/2026,18:27:01,27.2,67.6
06/24/2026,18:32:01,27.2,67.5
06/24/2026,18:37:01,27.2,67.5
06/24/2026,18:42:01,27.2,67.6
06/24/2026,18:47:01,27.3,67.4
06/24/2026,18:52:01,27.3,67.2
06/24/2026,18:57:01,27.3,67.1
06/24/2026,19:02:01,27.3,67.4
06/24/2026,19:07:01,27.3,67.5
06/24/2026,19:12:01,27.3,67.4
06/24/2026,19:17:01,27.3,67.4
06/24/2026,19:22:01,27.4,67.4
06/24/2026,19:27:01,27.4,67.3
06/24/2026,19:32:01,27.4,67.4
06/24/2026,19:37:01,27.4,67.0
06/24/2026,19:42:01,27.5,66.8
06/24/2026,19:47:01,27.5,65.9
06/24/2026,19:52:01,27.5,65.3
06/24/2026,19:57:01,27.5,64.8
06/24/2026,20:02:01,27.5,64.5
06/24/2026,20:07:01,27.5,64.4
06/24/2026,20:12:01,27.5,64.2
06/24/2026,20:17:01,27.5,63.8
06/24/2026,20:22:01,27.5,63.5
06/24/2026,20:27:01,27.4,63.3
06/24/2026,20:32:01,27.4,63.3
06/24/2026,20:37:01,27.4,63.2
06/24/2026,20:42:01,27.4,63.0
06/24/2026,20:47:01,27.4,63.0
06/24/2026,20:52:01,27.3,63.2
06/24/2026,20:57:01,27.3,63.5
06/24/2026,21:02:01,27.3,63.7
06/24/2026,21:07:01,27.3,63.8
06/24/2026,21:12:01,27.3,63.9
06/24/2026,21:17:01,27.2,64.0
06/24/2026,21:22:01,27.2,64.0
06/24/2026,21:27:01,27.2,64.1
06/24/2026,21:32:01,27.2,64.1
06/24/2026,21:37:01,27.2,64.2
06/24/2026,21:42:01,27.2,64.2
06/24/2026,21:47:01,27.1,64.2
06/24/2026,21:52:01,27.1,64.2
06/24/2026,21:57:01,27.1,64.2
06/24/2026,22:02:01,27.1,64.3
06/24/2026,22:07:01,27.0,64.3
06/24/2026,22:12:01,27.0,64.3
06/24/2026,22:17:01,27.0,64.3
06/24/2026,22:22:01,27.0,64.3
06/24/2026,22:27:01,27.0,64.3
06/24/2026,22:32:01,26.9,64.2
06/24/2026,22:37:01,26.9,64.2
06/24/2026,22:42:01,26.9,64.2
06/24/2026,22:47:01,26.9,64.2
06/24/2026,22:52:01,26.9,64.1
06/24/2026,22:57:01,26.9,64.0
06/24/2026,23:02:01,26.9,64.0
06/24/2026,23:07:01,26.8,64.0
06/24/2026,23:12:01,26.8,63.9
06/24/2026,23:17:01,26.8,63.9
06/24/2026,23:22:01,26.8,63.9
06/24/2026,23:27:01,26.7,63.8
06/24/2026,23:32:01,26.7,63.8
06/24/2026,23:37:01,26.7,63.7
06/24/2026,23:42:01,26.7,63.6
06/24/2026,23:47:01,26.7,63.6
06/24/2026,23:52:01,26.7,63.6
06/24/2026,23:57:01,26.6,63.5
06/25/2026,00:02:01,26.6,63.4
06/25/2026,00:07:01,26.6,63.1
06/25/2026,00:12:01,26.6,63.0
06/25/2026,00:17:01,26.6,63.0
06/25/2026,00:22:01,26.5,63.0
06/25/2026,00:27:01,26.5,62.8
06/25/2026,00:32:01,26.5,62.8
06/25/2026,00:37:01,26.5,62.7
06/25/2026,00:42:01,26.5,62.6
06/25/2026,00:47:01,26.4,62.6
06/25/2026,00:52:01,26.4,62.5
06/25/2026,00:57:01,26.4,62.4
06/25/2026,01:02:01,26.4,62.4
06/25/2026,01:07:01,26.4,62.4
06/25/2026,01:12:01,26.4,62.4
06/25/2026,01:17:01,26.3,62.3
06/25/2026,01:22:01,26.3,62.2
06/25/2026,01:27:01,26.3,62.2
06/25/2026,01:32:01,26.3,62.2
06/25/2026,01:37:01,26.3,62.2
06/25/2026,01:42:01,26.2,62.1
06/25/2026,01:47:01,26.2,62.1
06/25/2026,01:52:01,26.2,62.0
06/25/2026,01:57:01,26.2,62.0
06/25/2026,02:02:01,26.2,62.0
06/25/2026,02:07:01,26.2,61.9
06/25/2026,02:12:01,26.1,61.9
06/25/2026,02:17:01,26.1,61.8
06/25/2026,02:22:01,26.1,61.8
06/25/2026,02:27:01,26.1,61.7
06/25/2026,02:32:01,26.1,61.7
06/25/2026,02:37:01,26.0,61.6
06/25/2026,02:42:01,26.0,61.6
06/25/2026,02:47:01,26.0,61.6
06/25/2026,02:52:01,26.0,61.5
06/25/2026,02:57:01,26.0,61.5
06/25/2026,03:02:01,25.9,61.4
06/25/2026,03:07:01,25.9,61.4
06/25/2026,03:12:01,25.9,61.3
06/25/2026,03:17:01,25.9,61.3
06/25/2026,03:22:01,25.9,61.2
06/25/2026,03:27:01,25.9,61.2
06/25/2026,03:32:01,25.9,61.2
06/25/2026,03:37:01,25.8,61.1
06/25/2026,03:42:01,25.8,61.1
06/25/2026,03:47:01,25.8,61.0
06/25/2026,03:52:01,25.8,61.0
06/25/2026,03:57:01,25.8,61.0
06/25/2026,04:02:01,25.7,61.0
06/25/2026,04:07:01,25.7,60.9
06/25/2026,04:12:01,25.7,60.9
06/25/2026,04:17:01,25.7,60.8
06/25/2026,04:22:01,25.7,60.8
06/25/2026,04:27:01,25.7,60.7
06/25/2026,04:32:01,25.6,60.7
06/25/2026,04:37:01,25.6,60.7
06/25/2026,04:42:01,25.6,60.6
06/25/2026,04:47:01,25.6,60.5
06/25/2026,04:52:01,25.6,60.6
06/25/2026,04:57:01,25.5,60.5
06/25/2026,05:02:01,25.5,60.5
06/25/2026,05:07:01,25.5,60.4
06/25/2026,05:12:01,25.5,60.4
06/25/2026,05:17:01,25.5,60.4
06/25/2026,05:22:01,25.5,60.3
06/25/2026,05:27:01,25.4,60.3
06/25/2026,05:32:01,25.4,60.3
06/25/2026,05:37:01,25.4,60.3
06/25/2026,05:42:01,25.4,60.3
06/25/2026,05:47:01,25.4,60.2
06/25/2026,05:52:01,25.4,60.2
06/25/2026,05:57:01,25.4,60.2
06/25/2026,06:02:01,25.3,60.3
06/25/2026,06:07:01,25.3,60.3
06/25/2026,06:12:01,25.3,60.3
06/25/2026,06:17:01,25.3,60.4
06/25/2026,06:22:01,25.3,60.5
06/25/2026,06:27:01,25.3,60.6
06/25/2026,06:32:01,25.3,60.7
06/25/2026,06:37:01,25.3,60.8
06/25/2026,06:42:01,25.3,60.8
06/25/2026,06:47:01,25.3,60.8
06/25/2026,06:52:01,25.3,60.8
06/25/2026,06:57:01,25.3,60.9
06/25/2026,07:02:01,25.3,60.9
06/25/2026,07:07:01,25.4,61.5
06/25/2026,07:12:01,25.5,62.0
06/25/2026,07:17:01,25.6,62.2
06/25/2026,07:22:01,25.9,62.1
06/25/2026,07:27:01,26.1,61.9
06/25/2026,07:32:01,26.3,61.6
06/25/2026,07:37:01,26.5,61.1
06/25/2026,07:42:01,26.7,60.4
06/25/2026,07:47:01,26.8,59.7
06/25/2026,07:52:01,26.8,59.4
06/25/2026,07:57:01,26.8,59.2
06/25/2026,08:02:01,26.7,59.1
06/25/2026,08:07:01,26.7,59.1
06/25/2026,08:12:01,26.6,59.0
06/25/2026,08:17:01,26.6,58.9
06/25/2026,08:22:01,26.6,58.9
06/25/2026,08:27:01,26.5,58.8
06/25/2026,08:32:01,26.5,58.8
06/25/2026,08:37:01,26.5,58.9
06/25/2026,08:42:01,26.5,59.0
06/25/2026,08:47:01,26.4,59.0
06/25/2026,08:52:01,26.4,59.0
06/25/2026,08:57:01,26.3,59.0
06/25/2026,09:02:01,26.3,59.1
06/25/2026,09:07:01,26.3,59.1
06/25/2026,09:12:01,26.3,59.2
06/25/2026,09:17:01,26.2,59.2
06/25/2026,09:22:01,26.2,59.3
06/25/2026,09:27:01,26.2,59.3
06/25/2026,09:32:01,26.2,59.4
06/25/2026,09:37:01,26.2,59.4
06/25/2026,09:42:01,26.2,59.5
06/25/2026,09:47:01,26.2,59.5
06/25/2026,09:52:01,26.2,59.7
06/25/2026,09:57:01,26.2,59.8
06/25/2026,10:02:01,26.2,60.0
06/25/2026,10:07:01,26.2,60.1
06/25/2026,10:12:01,26.2,60.1
06/25/2026,10:17:01,26.1,60.1
06/25/2026,10:22:01,26.1,60.1
06/25/2026,10:27:01,26.1,60.2
06/25/2026,10:32:01,26.1,60.1
06/25/2026,10:37:01,26.1,60.2
06/25/2026,10:42:01,26.1,60.4
06/25/2026,10:47:01,26.1,60.4
06/25/2026,10:52:01,26.1,60.4
06/25/2026,10:57:01,26.1,60.5
06/25/2026,11:02:01,26.1,60.6
06/25/2026,11:07:01,26.1,60.6
06/25/2026,11:12:01,26.1,60.6
06/25/2026,11:17:01,26.1,60.6
06/25/2026,11:22:01,26.0,60.7
06/25/2026,11:27:01,26.0,60.8
06/25/2026,11:32:01,26.1,60.9
06/25/2026,11:37:01,26.1,60.9
06/25/2026,11:42:01,26.1,60.9
06/25/2026,11:47:01,26.0,60.9
06/25/2026,11:52:01,26.0,61.0
06/25/2026,11:57:01,26.0,61.0
06/25/2026,12:02:01,26.0,61.0
06/25/2026,12:07:01,26.1,61.1
06/25/2026,12:12:01,26.0,61.1
06/25/2026,12:17:01,26.0,61.2
06/25/2026,12:22:01,26.0,61.2
06/25/2026,12:27:01,26.1,61.2
06/25/2026,12:32:01,26.0,61.3
06/25/2026,12:37:01,26.0,61.3
06/25/2026,12:42:01,26.0,61.3
06/25/2026,12:47:01,26.1,61.3
06/25/2026,12:52:01,26.1,61.4
06/25/2026,12:57:01,26.1,61.4
06/25/2026,13:02:01,26.1,61.4
06/25/2026,13:07:01,26.1,61.5
06/25/2026,13:12:01,26.1,61.5
06/25/2026,13:17:01,26.1,61.5
06/25/2026,13:22:01,26.1,61.5
06/25/2026,13:27:01,26.1,61.5
06/25/2026,13:32:01,26.1,61.5
06/25/2026,13:37:01,26.1,61.5
06/25/2026,13:42:01,26.1,61.5
06/25/2026,13:47:01,26.1,61.5
06/25/2026,13:52:01,26.1,61.5
06/25/2026,13:57:01,26.2,61.6
06/25/2026,14:02:01,26.1,61.7
06/25/2026,14:07:01,26.2,61.8
06/25/2026,14:12:01,26.2,61.8
06/25/2026,14:17:01,26.2,61.9
06/25/2026,14:22:01,26.2,62.0
06/25/2026,14:27:01,26.2,62.2
06/25/2026,14:32:01,26.3,62.2
06/25/2026,14:37:01,26.3,62.3
06/25/2026,14:42:01,26.3,62.4
06/25/2026,14:47:01,26.3,62.5
06/25/2026,14:52:01,26.3,62.5
06/25/2026,14:57:01,26.3,63.0
06/25/2026,15:02:01,26.4,62.9
06/25/2026,15:07:01,26.5,62.9
06/25/2026,15:12:01,26.5,62.9
06/25/2026,15:17:01,26.5,63.0
06/25/2026,15:22:01,26.5,63.2
06/25/2026,15:27:01,26.5,63.2
06/25/2026,15:32:01,26.6,63.2
06/25/2026,15:37:01,26.6,63.3
06/25/2026,15:42:01,26.6,63.4
06/25/2026,15:47:01,26.7,63.5
06/25/2026,15:52:01,26.7,63.5
06/25/2026,15:57:01,26.7,63.4
06/25/2026,16:02:01,26.7,63.5
06/25/2026,16:07:01,26.8,63.5
06/25/2026,16:12:01,26.8,63.5
06/25/2026,16:17:01,26.8,63.5
06/25/2026,16:22:01,26.8,63.5
06/25/2026,16:27:01,26.9,63.5
06/25/2026,16:32:01,26.9,63.5
06/25/2026,16:37:01,26.9,63.5
06/25/2026,16:42:01,27.0,63.5
06/25/2026,16:47:01,26.9,63.4
06/25/2026,16:52:01,27.0,63.4
06/25/2026,16:57:01,27.0,63.4
06/25/2026,17:02:01,27.0,63.4
06/25/2026,17:07:01,27.0,63.4
06/25/2026,17:12:01,27.0,63.3
06/25/2026,17:17:01,27.1,63.3
06/25/2026,17:22:01,27.1,63.4
06/25/2026,17:27:01,27.1,63.3
06/25/2026,17:32:01,27.1,63.3
06/25/2026,17:37:01,27.1,63.2
06/25/2026,17:42:01,27.1,63.2
06/25/2026,17:47:01,27.1,63.2
06/25/2026,17:52:01,27.2,63.2
06/25/2026,17:57:01,27.2,63.2
06/25/2026,18:02:01,27.2,63.2
06/25/2026,18:07:01,27.2,63.2
06/25/2026,18:12:01,27.2,63.2
06/25/2026,18:17:01,27.2,63.2
06/25/2026,18:22:01,27.2,63.1
06/25/2026,18:27:01,27.2,63.1
06/25/2026,18:32:01,27.2,63.1
06/25/2026,18:37:01,27.2,63.1
06/25/2026,18:42:01,27.3,63.0
06/25/2026,18:47:01,27.3,63.0
06/25/2026,18:52:01,27.3,63.1
06/25/2026,18:57:01,27.3,63.0
06/25/2026,19:02:01,27.3,63.0
06/25/2026,19:07:01,27.3,63.0
06/25/2026,19:12:01,27.3,62.9
06/25/2026,19:17:01,27.3,62.9
06/25/2026,19:22:01,27.3,62.9
06/25/2026,19:27:01,27.3,62.8
06/25/2026,19:32:01,27.3,62.8
06/25/2026,19:37:01,27.3,62.8
06/25/2026,19:42:01,27.3,62.8
06/25/2026,19:47:01,27.3,62.7
06/25/2026,19:52:01,27.3,62.7
06/25/2026,19:57:01,27.3,62.7
06/25/2026,20:02:01,27.3,62.7
06/25/2026,20:07:01,27.3,62.7
06/25/2026,20:12:01,27.3,62.7
06/25/2026,20:17:01,27.2,62.6
06/25/2026,20:22:01,27.3,62.6
06/25/2026,20:27:01,27.2,62.6
06/25/2026,20:32:01,27.2,62.6
06/25/2026,20:37:01,27.2,62.5
06/25/2026,20:42:01,27.2,62.5
06/25/2026,20:47:01,27.2,62.5
06/25/2026,20:52:01,27.2,62.5
06/25/2026,20:57:01,27.2,62.4
06/25/2026,21:02:01,27.2,62.5
06/25/2026,21:07:01,27.1,62.5
06/25/2026,21:12:01,27.1,62.4
06/25/2026,21:17:01,27.1,62.4
06/25/2026,21:22:01,27.1,62.4
06/25/2026,21:27:01,27.1,62.4
06/25/2026,21:32:01,27.1,62.4
06/25/2026,21:37:01,27.1,62.5
06/25/2026,21:42:01,27.1,62.4
06/25/2026,21:47:01,27.1,62.4
06/25/2026,21:52:01,27.0,62.4
06/25/2026,21:57:01,27.1,62.4
06/25/2026,22:02:01,27.0,62.4
06/25/2026,22:07:01,27.0,62.4
06/25/2026,22:12:01,27.0,62.4
06/25/2026,22:17:01,27.0,62.4
06/25/2026,22:22:01,27.0,62.4
06/25/2026,22:27:01,27.0,62.4
06/25/2026,22:32:01,27.0,62.4
06/25/2026,22:37:01,27.0,62.4
06/25/2026,22:42:01,26.9,62.4
06/25/2026,22:47:01,26.9,62.4
06/25/2026,22:52:01,26.9,62.4
06/25/2026,22:57:01,26.9,62.4
06/25/2026,23:02:01,26.9,62.4
06/25/2026,23:07:01,26.9,62.4
06/25/2026,23:12:01,26.9,62.4
06/25/2026,23:17:01,26.9,62.4
06/25/2026,23:22:01,26.8,62.4
06/25/2026,23:27:01,26.8,62.4
06/25/2026,23:32:01,26.8,62.4
06/25/2026,23:37:01,26.8,62.4
06/25/2026,23:42:01,26.8,62.4
06/25/2026,23:47:01,26.7,62.4
06/25/2026,23:52:01,26.7,62.4
06/25/2026,23:57:01,26.8,62.4
06/26/2026,00:02:01,26.7,62.4
06/26/2026,00:07:01,26.7,62.4
06/26/2026,00:12:01,26.7,62.4
06/26/2026,00:17:01,26.7,62.4
06/26/2026,00:22:01,26.7,62.4
06/26/2026,00:27:01,26.7,62.4
06/26/2026,00:32:01,26.6,62.4
06/26/2026,00:37:01,26.7,62.4
06/26/2026,00:42:01,26.6,62.4
06/26/2026,00:47:01,26.6,62.4
06/26/2026,00:52:01,26.6,62.4
06/26/2026,00:57:01,26.6,62.4
06/26/2026,01:02:01,26.6,62.4
06/26/2026,01:07:01,26.6,62.5
06/26/2026,01:12:01,26.6,62.4
06/26/2026,01:17:01,26.5,62.5
06/26/2026,01:22:01,26.5,62.5
06/26/2026,01:27:01,26.5,62.5
06/26/2026,01:32:01,26.5,62.5
06/26/2026,01:37:01,26.5,62.5
06/26/2026,01:42:01,26.5,62.5
06/26/2026,01:47:01,26.5,62.5
06/26/2026,01:52:01,26.5,62.5
06/26/2026,01:57:01,26.4,62.5
06/26/2026,02:02:01,26.4,62.5
06/26/2026,02:07:01,26.4,62.6
06/26/2026,02:12:01,26.4,62.6
06/26/2026,02:17:01,26.4,62.6
06/26/2026,02:22:01,26.4,62.6
06/26/2026,02:27:01,26.4,62.6
06/26/2026,02:32:01,26.4,62.6
06/26/2026,02:37:01,26.3,62.7
06/26/2026,02:42:01,26.3,62.7
06/26/2026,02:47:01,26.3,62.7
06/26/2026,02:52:01,26.4,62.7
06/26/2026,02:57:01,26.3,62.8
06/26/2026,03:02:01,26.3,62.8
06/26/2026,03:07:01,26.3,62.8
06/26/2026,03:12:01,26.3,62.8
06/26/2026,03:17:01,26.3,62.8
06/26/2026,03:22:01,26.3,62.8
06/26/2026,03:27:01,26.3,62.8
06/26/2026,03:32:01,26.3,62.8
06/26/2026,03:37:01,26.3,62.8
06/26/2026,03:42:01,26.2,62.8
06/26/2026,03:47:01,26.2,62.8
06/26/2026,03:52:01,26.2,62.8
06/26/2026,03:57:01,26.2,62.8
06/26/2026,04:02:01,26.2,62.8
06/26/2026,04:07:01,26.2,62.8
06/26/2026,04:12:01,26.2,62.8
06/26/2026,04:17:01,26.2,62.8
06/26/2026,04:22:01,26.2,62.8
06/26/2026,04:27:01,26.2,62.9
06/26/2026,04:32:01,26.2,62.9
06/26/2026,04:37:01,26.1,62.9
06/26/2026,04:42:01,26.2,62.9
06/26/2026,04:47:01,26.1,62.9
06/26/2026,04:52:01,26.1,62.9
06/26/2026,04:57:01,26.1,62.9
06/26/2026,05:02:01,26.1,62.9
06/26/2026,05:07:01,26.1,62.9
06/26/2026,05:12:01,26.1,62.9
06/26/2026,05:17:01,26.1,62.9
06/26/2026,05:22:01,26.1,62.9
06/26/2026,05:27:01,26.1,62.9
06/26/2026,05:32:01,26.1,62.9
06/26/2026,05:37:01,26.1,62.8
06/26/2026,05:42:01,26.1,62.9
06/26/2026,05:47:01,26.0,62.9
06/26/2026,05:52:01,26.0,62.9
06/26/2026,05:57:01,26.0,62.9
06/26/2026,06:02:01,26.0,62.9
06/26/2026,06:07:01,26.0,63.0
06/26/2026,06:12:01,26.0,62.9
06/26/2026,06:17:01,26.0,63.0
06/26/2026,06:22:01,26.0,63.0
06/26/2026,06:27:01,26.0,63.3
06/26/2026,06:32:01,26.0,63.4
06/26/2026,06:37:01,26.0,63.5
06/26/2026,06:42:01,26.0,63.5
06/26/2026,06:47:01,26.0,63.6
06/26/2026,06:52:01,26.0,63.6
06/26/2026,06:57:01,26.1,63.5
06/26/2026,07:02:01,26.1,63.5
06/26/2026,07:07:01,26.1,63.4
06/26/2026,07:12:01,26.1,63.4
06/26/2026,07:17:01,26.1,63.4
06/26/2026,07:22:01,26.1,63.3
06/26/2026,07:27:01,26.1,63.5
06/26/2026,07:32:01,26.1,63.4
06/26/2026,07:37:01,26.1,63.3
06/26/2026,07:42:01,26.1,63.3
06/26/2026,07:47:01,26.1,63.3
06/26/2026,07:52:01,26.1,63.2
06/26/2026,07:57:01,26.2,63.3
06/26/2026,08:02:01,26.1,63.3
06/26/2026,08:07:01,26.1,63.4
06/26/2026,08:12:01,26.2,63.4
06/26/2026,08:17:01,26.2,63.4
06/26/2026,08:22:01,26.2,63.3
06/26/2026,08:27:01,26.3,63.3
06/26/2026,08:32:01,26.3,63.3
06/26/2026,08:37:01,26.3,63.4
06/26/2026,08:42:01,26.3,63.4
06/26/2026,08:47:01,26.3,63.4
06/26/2026,08:52:01,26.3,63.5
06/26/2026,08:57:01,26.3,63.5
06/26/2026,09:02:01,26.3,63.7
06/26/2026,09:07:01,26.3,63.8
06/26/2026,09:12:01,26.3,63.8
06/26/2026,09:17:01,26.3,63.9
06/26/2026,09:22:01,26.3,64.1
06/26/2026,09:27:01,26.3,64.1
06/26/2026,09:32:01,26.3,64.1
06/26/2026,09:37:01,26.3,64.1
06/26/2026,09:42:01,26.3,64.1
06/26/2026,09:47:01,26.4,64.1
06/26/2026,09:52:01,26.4,64.3
06/26/2026,09:57:01,26.4,64.3
06/26/2026,10:02:01,26.4,64.2
06/26/2026,10:07:01,26.4,64.4
06/26/2026,10:12:01,26.4,64.4
06/26/2026,10:17:01,26.4,64.4
06/26/2026,10:22:01,26.4,64.4
06/26/2026,10:27:01,26.4,64.4
06/26/2026,10:32:01,26.5,64.4
06/26/2026,10:37:01,26.5,64.3
06/26/2026,10:42:01,26.5,64.5
06/26/2026,10:47:01,26.5,64.5
06/26/2026,10:52:01,26.5,64.6
06/26/2026,10:57:01,26.5,64.6
06/26/2026,11:02:01,26.5,64.6
06/26/2026,11:07:01,26.5,64.6
06/26/2026,11:12:01,26.5,64.6
06/26/2026,11:17:01,26.5,64.7
06/26/2026,11:22:01,26.6,64.6
06/26/2026,11:27:01,26.6,64.6
06/26/2026,11:32:01,26.6,64.7
06/26/2026,11:37:01,26.6,64.7
06/26/2026,11:42:01,26.6,64.7
06/26/2026,11:47:01,26.6,64.8
06/26/2026,11:52:01,26.6,64.7
06/26/2026,11:57:01,26.7,64.8
06/26/2026,12:02:01,26.7,64.8
06/26/2026,12:07:01,26.7,64.8
06/26/2026,12:12:01,26.7,64.8
06/26/2026,12:17:01,26.7,64.8
06/26/2026,12:22:01,26.7,64.9
06/26/2026,12:27:01,26.7,65.1
06/26/2026,12:32:01,26.8,65.2
06/26/2026,12:37:01,26.8,65.2
06/26/2026,12:42:01,26.8,65.1
06/26/2026,12:47:01,26.8,65.0
06/26/2026,12:52:01,26.9,65.0
06/26/2026,12:57:01,26.9,64.9
06/26/2026,13:02:01,26.9,65.0
06/26/2026,13:07:01,26.9,65.1
06/26/2026,13:12:01,27.0,64.8
06/26/2026,13:17:01,27.0,64.6
06/26/2026,13:22:01,27.0,64.6
06/26/2026,13:27:01,27.0,64.6
06/26/2026,13:32:01,27.0,64.5
06/26/2026,13:37:01,27.0,64.5
06/26/2026,13:42:01,27.1,64.4
06/26/2026,13:47:01,27.1,64.4
06/26/2026,13:52:01,27.1,64.4
06/26/2026,13:57:01,27.1,64.3
06/26/2026,14:02:01,27.1,64.2
06/26/2026,14:07:01,27.2,64.2
06/26/2026,14:12:01,27.2,64.1
06/26/2026,14:17:01,27.2,64.1
06/26/2026,14:22:01,27.2,64.1
06/26/2026,14:27:01,27.2,64.0
06/26/2026,14:32:01,27.3,64.0
06/26/2026,14:37:01,27.3,64.0
06/26/2026,14:42:01,27.3,63.9
06/26/2026,14:47:01,27.3,63.8
06/26/2026,14:52:01,27.3,63.8
06/26/2026,14:57:01,27.4,63.7
06/26/2026,15:02:01,27.4,63.7
06/26/2026,15:07:01,27.4,63.6
06/26/2026,15:12:01,27.4,63.3
06/26/2026,15:17:01,27.5,63.4
06/26/2026,15:22:01,27.5,63.3
06/26/2026,15:27:01,27.5,63.1
06/26/2026,15:32:01,27.5,62.8
06/26/2026,15:37:01,27.6,62.7
06/26/2026,15:42:01,27.5,62.6
06/26/2026,15:47:01,27.6,62.5
06/26/2026,15:52:01,27.6,62.3
06/26/2026,15:57:01,27.6,62.1
06/26/2026,16:02:01,27.6,61.9
06/26/2026,16:07:01,27.7,61.7
06/26/2026,16:12:01,27.7,61.4
06/26/2026,16:17:01,27.7,61.1
06/26/2026,16:22:01,27.7,61.1
06/26/2026,16:27:01,27.7,60.9
06/26/2026,16:32:01,27.8,60.5
06/26/2026,16:37:01,27.7,60.5
06/26/2026,16:42:01,27.8,60.3
06/26/2026,16:47:01,27.8,60.2
06/26/2026,16:52:01,27.8,59.9
06/26/2026,16:57:01,27.8,59.8
06/26/2026,17:02:01,27.8,59.5
06/26/2026,17:07:01,27.9,59.5
06/26/2026,17:12:01,27.9,59.4
06/26/2026,17:17:01,27.9,59.3
06/26/2026,17:22:01,27.9,59.2
06/26/2026,17:27:01,28.0,58.7
06/26/2026,17:32:01,28.0,58.4
06/26/2026,17:37:01,28.0,58.6
06/26/2026,17:42:01,28.0,58.5
06/26/2026,17:47:01,28.0,58.4
06/26/2026,17:52:01,28.0,58.3
06/26/2026,17:57:01,28.0,57.8
06/26/2026,18:02:01,28.1,58.0
06/26/2026,18:07:01,28.1,57.9
06/26/2026,18:12:01,28.1,57.9
06/26/2026,18:17:01,28.1,57.7
06/26/2026,18:22:01,28.1,57.6
06/26/2026,18:27:01,28.1,57.6
06/26/2026,18:32:01,28.2,57.6
06/26/2026,18:37:01,28.2,57.7
06/26/2026,18:42:01,28.2,57.7
06/26/2026,18:47:01,28.2,57.7
06/26/2026,18:52:01,28.2,57.5
06/26/2026,18:57:01,28.2,56.8
06/26/2026,19:02:01,28.2,56.5
06/26/2026,19:07:01,28.2,56.2
06/26/2026,19:12:01,28.3,56.2
06/26/2026,19:17:01,28.3,56.4
06/26/2026,19:22:01,28.3,56.3
06/26/2026,19:27:01,28.3,56.2
06/26/2026,19:32:01,28.3,55.9
06/26/2026,19:37:01,28.4,55.9
06/26/2026,19:42:01,28.4,55.9
06/26/2026,19:47:01,28.4,56.0
06/26/2026,19:52:01,28.4,56.0
06/26/2026,19:57:01,28.4,56.2
06/26/2026,20:02:01,28.4,56.1
06/26/2026,20:07:01,28.4,55.7
06/26/2026,20:12:01,28.4,55.8
06/26/2026,20:17:01,28.5,55.8
06/26/2026,20:22:01,28.5,55.0
06/26/2026,20:27:01,28.4,55.2
06/26/2026,20:32:01,28.4,55.4
06/26/2026,20:37:01,28.5,55.4
06/26/2026,20:42:01,28.4,55.0
06/26/2026,20:47:01,28.5,55.1
06/26/2026,20:52:01,28.4,55.1
06/26/2026,20:57:01,28.4,55.0
06/26/2026,21:02:01,28.4,54.9
06/26/2026,21:07:01,28.4,54.6
06/26/2026,21:12:01,28.4,54.7
06/26/2026,21:17:01,28.4,55.0
06/26/2026,21:22:01,28.4,55.1
06/26/2026,21:27:01,28.4,55.2
06/26/2026,21:32:01,28.3,55.3
06/26/2026,21:37:01,28.4,55.4
06/26/2026,21:42:01,28.3,55.4
06/26/2026,21:47:01,28.3,55.5
06/26/2026,21:52:01,28.3,55.5
06/26/2026,21:57:01,28.3,55.5
06/26/2026,22:02:01,28.3,55.5
06/26/2026,22:07:01,28.3,55.6
06/26/2026,22:12:01,28.2,55.6
06/26/2026,22:17:01,28.2,55.6
06/26/2026,22:22:01,28.2,55.6
06/26/2026,22:27:01,28.2,55.7
06/26/2026,22:32:01,28.2,55.8
06/26/2026,22:37:01,28.2,55.8
06/26/2026,22:42:01,28.2,55.8
06/26/2026,22:47:01,28.1,55.8
06/26/2026,22:52:01,28.1,55.9
06/26/2026,22:57:01,28.1,55.9
06/26/2026,23:02:01,28.1,56.0
06/26/2026,23:07:01,28.1,56.0
06/26/2026,23:12:01,28.1,56.0
06/26/2026,23:17:01,28.1,56.0
06/26/2026,23:22:01,28.0,56.0
06/26/2026,23:27:01,28.0,56.1
06/26/2026,23:32:01,28.0,56.1
06/26/2026,23:37:01,28.0,56.1
06/26/2026,23:42:01,28.0,56.2
06/26/2026,23:47:01,28.0,56.2
06/26/2026,23:52:01,27.9,56.3
06/26/2026,23:57:01,28.0,56.3
06/27/2026,00:02:01,27.9,56.3
06/27/2026,00:07:01,27.9,56.3
06/27/2026,00:12:01,27.9,56.3
06/27/2026,00:17:01,27.9,56.4
06/27/2026,00:22:01,27.9,56.4
06/27/2026,00:27:01,27.9,56.4
06/27/2026,00:32:01,27.9,56.4
06/27/2026,00:37:01,27.8,56.4
06/27/2026,00:42:01,27.8,56.4
06/27/2026,00:47:01,27.8,56.4
06/27/2026,00:52:01,27.8,56.4
06/27/2026,00:57:01,27.8,56.5
06/27/2026,01:02:01,27.8,56.5
06/27/2026,01:07:01,27.7,56.5
06/27/2026,01:12:01,27.8,56.6
06/27/2026,01:17:01,27.8,56.5
06/27/2026,01:22:01,27.7,56.6
06/27/2026,01:27:01,27.7,56.6
06/27/2026,01:32:01,27.7,56.6
06/27/2026,01:37:01,27.7,56.6
06/27/2026,01:42:01,27.7,56.6
06/27/2026,01:47:01,27.7,56.6
06/27/2026,01:52:01,27.7,56.6
06/27/2026,01:57:01,27.7,56.6
06/27/2026,02:02:01,27.7,56.6
06/27/2026,02:07:01,27.6,56.6
06/27/2026,02:12:01,27.6,56.6
06/27/2026,02:17:01,27.6,56.5
06/27/2026,02:22:01,27.6,56.6
06/27/2026,02:27:01,27.6,56.5
06/27/2026,02:32:01,27.6,56.5
06/27/2026,02:37:01,27.6,56.5
06/27/2026,02:42:01,27.6,56.5
06/27/2026,02:47:01,27.5,56.5
06/27/2026,02:52:01,27.5,56.6
06/27/2026,02:57:01,27.5,56.6
06/27/2026,03:02:01,27.5,56.6
06/27/2026,03:07:01,27.5,56.6
06/27/2026,03:12:01,27.5,56.5
06/27/2026,03:17:01,27.5,56.5
06/27/2026,03:22:01,27.5,56.5
06/27/2026,03:27:01,27.5,56.4
06/27/2026,03:32:01,27.4,56.4
06/27/2026,03:37:01,27.4,56.4
06/27/2026,03:42:01,27.4,56.4
06/27/2026,03:47:01,27.4,56.5
06/27/2026,03:52:01,27.4,56.5
06/27/2026,03:57:01,27.4,56.5
06/27/2026,04:02:01,27.4,56.5
06/27/2026,04:07:01,27.4,56.6
06/27/2026,04:12:01,27.3,56.6
06/27/2026,04:17:01,27.3,56.5
06/27/2026,04:22:01,27.3,56.6
06/27/2026,04:27:01,27.3,56.6
06/27/2026,04:32:01,27.3,56.6
06/27/2026,04:37:01,27.3,56.6
06/27/2026,04:42:01,27.3,56.5
06/27/2026,04:47:01,27.3,56.7
06/27/2026,04:52:01,27.2,56.8
06/27/2026,04:57:01,27.2,56.9
06/27/2026,05:02:01,27.2,56.9
06/27/2026,05:07:01,27.2,57.0
06/27/2026,05:12:01,27.2,57.2
06/27/2026,05:17:01,27.2,57.3
06/27/2026,05:22:01,27.2,57.3
06/27/2026,05:27:01,27.2,57.4
06/27/2026,05:32:01,27.2,57.5
06/27/2026,05:37:01,27.1,57.4
06/27/2026,05:42:01,27.1,57.4
06/27/2026,05:47:01,27.1,57.5
06/27/2026,05:52:01,27.1,57.5
06/27/2026,05:57:01,27.1,57.6
06/27/2026,06:02:01,27.1,57.7
06/27/2026,06:07:01,27.1,57.7
06/27/2026,06:12:01,27.1,57.9
06/27/2026,06:17:01,27.1,57.9
06/27/2026,06:22:01,27.0,57.9
06/27/2026,06:27:01,27.0,57.9
06/27/2026,06:32:01,27.0,58.0
06/27/2026,06:37:01,27.0,58.0
06/27/2026,06:42:01,27.0,58.1
06/27/2026,06:47:01,27.0,58.0
06/27/2026,06:52:01,27.0,58.1
06/27/2026,06:57:01,27.0,58.1
06/27/2026,07:02:01,27.0,58.1
06/27/2026,07:07:01,27.0,58.1
06/27/2026,07:12:01,27.0,58.3
06/27/2026,07:17:01,27.0,58.4
06/27/2026,07:22:01,27.0,58.4
06/27/2026,07:27:01,27.0,58.5
06/27/2026,07:32:01,27.1,58.5
06/27/2026,07:37:01,27.1,58.4
06/27/2026,07:42:01,27.1,58.4
06/27/2026,07:47:01,27.1,58.3
06/27/2026,07:52:01,27.2,58.4
06/27/2026,07:57:01,27.2,58.4
06/27/2026,08:02:01,27.2,58.4
06/27/2026,08:07:01,27.2,58.3
06/27/2026,08:12:01,27.2,58.3
06/27/2026,08:17:01,27.1,58.4
06/27/2026,08:22:01,27.1,58.3
06/27/2026,08:27:01,27.1,58.6
06/27/2026,08:32:01,27.1,58.7
06/27/2026,08:37:01,27.0,58.2
06/27/2026,08:42:01,27.0,58.2
06/27/2026,08:47:01,27.0,58.6
06/27/2026,08:52:01,27.0,58.4
06/27/2026,08:57:01,27.0,58.1
06/27/2026,09:02:01,27.0,58.2
06/27/2026,09:07:01,27.0,58.0
06/27/2026,09:12:01,27.0,57.5
06/27/2026,09:17:01,27.0,57.2
06/27/2026,09:22:01,27.0,57.5
06/27/2026,09:27:01,27.0,57.8
06/27/2026,09:32:01,27.0,57.9
06/27/2026,09:37:01,27.0,57.8
06/27/2026,09:42:01,27.0,57.6
06/27/2026,09:47:01,27.0,57.7
06/27/2026,09:52:01,27.0,57.4
06/27/2026,09:57:01,27.0,57.3
06/27/2026,10:02:01,27.0,57.3
06/27/2026,10:07:01,27.0,57.2
06/27/2026,10:12:01,27.1,57.2
06/27/2026,10:17:01,27.1,57.3
06/27/2026,10:22:01,27.1,57.4
06/27/2026,10:27:01,27.1,57.3
06/27/2026,10:32:01,27.1,57.5
06/27/2026,10:37:01,27.1,57.3
06/27/2026,10:42:01,27.1,57.1
06/27/2026,10:47:01,27.1,56.8
06/27/2026,10:52:01,27.1,56.9
06/27/2026,10:57:01,27.1,56.8
06/27/2026,11:02:01,27.1,56.9
06/27/2026,11:07:01,27.2,56.9
06/27/2026,11:12:01,27.1,56.8
06/27/2026,11:17:01,27.2,56.6
06/27/2026,11:22:01,27.2,56.6
06/27/2026,11:27:01,27.2,56.7
06/27/2026,11:32:01,27.2,56.7
06/27/2026,11:37:01,27.2,56.7
06/27/2026,11:42:01,27.2,56.6
06/27/2026,11:47:01,27.2,56.6
06/27/2026,11:52:01,27.2,56.6
06/27/2026,11:57:01,27.2,56.6
06/27/2026,12:02:01,27.2,56.7
06/27/2026,12:07:01,27.2,56.6
06/27/2026,12:12:01,27.3,56.7
06/27/2026,12:17:01,27.2,56.7
06/27/2026,12:22:01,27.3,56.8
06/27/2026,12:27:01,27.3,56.7
06/27/2026,12:32:01,27.3,56.6
06/27/2026,12:37:01,27.3,56.7
06/27/2026,12:42:01,27.4,56.8
06/27/2026,12:47:01,27.4,56.9
06/27/2026,12:52:01,27.4,57.0
06/27/2026,12:57:01,27.4,57.1
06/27/2026,13:02:01,27.4,57.0
06/27/2026,13:07:01,27.4,57.0
06/27/2026,13:12:01,27.4,57.0
06/27/2026,13:17:01,27.4,56.9
06/27/2026,13:22:01,27.5,57.0
06/27/2026,13:27:01,27.5,56.8
06/27/2026,13:32:01,27.5,56.8
06/27/2026,13:37:01,27.5,56.8
06/27/2026,13:42:01,27.5,56.8
06/27/2026,13:47:01,27.5,56.7
06/27/2026,13:52:01,27.5,56.6
06/27/2026,13:57:01,27.6,56.6
06/27/2026,14:02:01,27.6,56.6
06/27/2026,14:07:01,27.6,56.6
06/27/2026,14:12:01,27.6,56.5
06/27/2026,14:17:01,27.6,56.5
06/27/2026,14:22:01,27.6,56.3
06/27/2026,14:27:01,27.6,56.4
06/27/2026,14:32:01,27.7,56.2
06/27/2026,14:37:01,27.7,56.2
06/27/2026,14:42:01,27.7,56.2
06/27/2026,14:47:01,27.7,56.2
06/27/2026,14:52:01,27.7,56.1
06/27/2026,14:57:01,27.8,56.0
06/27/2026,15:02:01,27.8,56.0
06/27/2026,15:07:01,27.8,55.9
06/27/2026,15:12:01,27.8,55.9
06/27/2026,15:17:01,27.8,55.9
06/27/2026,15:22:01,27.8,55.9
06/27/2026,15:27:01,27.8,55.7
06/27/2026,15:32:01,27.9,55.7
06/27/2026,15:37:01,27.9,55.6
06/27/2026,15:42:01,27.9,55.6
06/27/2026,15:47:01,27.9,55.6
06/27/2026,15:52:01,27.9,55.5
06/27/2026,15:57:01,27.9,55.4
06/27/2026,16:02:01,27.9,55.4
06/27/2026,16:07:01,28.0,55.3
06/27/2026,16:12:01,27.9,55.2
06/27/2026,16:17:01,28.0,55.2
06/27/2026,16:22:01,28.0,55.2
06/27/2026,16:27:01,28.0,54.9
06/27/2026,16:32:01,28.0,54.9
06/27/2026,16:37:01,28.0,54.8
06/27/2026,16:42:01,28.0,54.7
06/27/2026,16:47:01,28.0,54.7
06/27/2026,16:52:01,28.0,54.7
06/27/2026,16:57:01,28.0,54.8
06/27/2026,17:02:01,28.1,54.7
06/27/2026,17:07:01,28.1,54.6
06/27/2026,17:12:01,28.0,54.3
06/27/2026,17:17:01,28.1,53.8
06/27/2026,17:22:01,28.1,53.6
06/27/2026,17:27:01,28.1,53.6
06/27/2026,17:32:01,28.1,53.3
06/27/2026,17:37:01,28.1,53.1
06/27/2026,17:42:01,28.1,52.9
06/27/2026,17:47:01,28.1,52.7
06/27/2026,17:52:01,28.2,52.5
06/27/2026,17:57:01,28.2,53.9
06/27/2026,18:02:01,28.3,53.6
06/27/2026,18:07:01,28.3,54.4
06/27/2026,18:12:01,28.4,54.4
06/27/2026,18:17:01,28.5,54.4
06/27/2026,18:22:01,28.6,54.7
06/27/2026,18:27:01,28.6,54.8
06/27/2026,18:32:01,28.7,55.2
06/27/2026,18:37:01,28.8,55.2
06/27/2026,18:42:01,28.8,55.6
06/27/2026,18:47:01,28.9,55.6
06/27/2026,18:52:01,28.9,55.6
06/27/2026,18:57:01,28.9,55.3
06/27/2026,19:02:01,28.9,55.0
06/27/2026,19:07:01,28.9,55.0
06/27/2026,19:12:01,28.9,55.3
06/27/2026,19:17:01,28.9,55.8
06/27/2026,19:22:01,28.9,55.8
06/27/2026,19:27:01,28.9,55.5
06/27/2026,19:32:01,28.9,55.6
06/27/2026,19:37:01,28.9,55.5
06/27/2026,19:42:01,28.9,55.7
06/27/2026,19:47:01,28.9,55.5
06/27/2026,19:52:01,28.8,55.5
06/27/2026,19:57:01,28.8,55.6
06/27/2026,20:02:01,28.8,55.8
06/27/2026,20:07:01,28.8,56.5
06/27/2026,20:12:01,28.8,56.6
06/27/2026,20:17:01,28.8,56.7
06/27/2026,20:22:01,28.8,56.6
06/27/2026,20:27:01,28.7,56.6
06/27/2026,20:32:01,28.7,56.6
06/27/2026,20:37:01,28.6,56.5
06/27/2026,20:42:01,28.6,56.5
06/27/2026,20:47:01,28.6,56.5
06/27/2026,20:52:01,28.6,56.6
06/27/2026,20:57:01,28.5,56.7
06/27/2026,21:02:01,28.5,56.7
06/27/2026,21:07:01,28.5,56.7
06/27/2026,21:12:01,28.5,56.7
06/27/2026,21:17:01,28.5,56.7
06/27/2026,21:22:01,28.4,56.7
06/27/2026,21:27:01,28.4,56.8
06/27/2026,21:32:01,28.4,56.8
06/27/2026,21:37:01,28.3,56.8
06/27/2026,21:42:01,28.3,56.9
06/27/2026,21:47:01,28.3,56.9
06/27/2026,21:52:01,28.3,56.9
06/27/2026,21:57:01,28.3,56.9
06/27/2026,22:02:01,28.2,56.9
06/27/2026,22:07:01,28.2,57.0
06/27/2026,22:12:01,28.2,57.0
06/27/2026,22:17:01,28.2,57.0
06/27/2026,22:22:01,28.2,57.0
06/27/2026,22:27:01,28.1,57.0
06/27/2026,22:32:01,28.1,57.0
06/27/2026,22:37:01,28.1,57.1
06/27/2026,22:42:01,28.1,57.1
06/27/2026,22:47:01,28.1,57.1
06/27/2026,22:52:01,28.0,57.1
06/27/2026,22:57:01,28.0,57.1
06/27/2026,23:02:01,28.0,57.2
06/27/2026,23:07:01,28.0,57.2
06/27/2026,23:12:01,28.0,57.1
06/27/2026,23:17:01,28.0,57.2
06/27/2026,23:22:01,27.9,57.2
06/27/2026,23:27:01,27.9,57.2
06/27/2026,23:32:01,27.9,57.2
06/27/2026,23:37:01,27.9,57.2
06/27/2026,23:42:01,27.9,57.2
06/27/2026,23:47:01,27.8,57.2
06/27/2026,23:52:01,27.8,57.2
06/27/2026,23:57:01,27.8,57.2
06/28/2026,00:02:01,27.8,57.2
06/28/2026,00:07:01,27.8,57.2
06/28/2026,00:12:01,27.8,57.2
06/28/2026,00:17:01,27.7,57.2
06/28/2026,00:22:01,27.7,57.2
06/28/2026,00:27:01,27.7,57.2
06/28/2026,00:32:01,27.7,57.2
06/28/2026,00:37:01,27.7,57.2
06/28/2026,00:42:01,27.6,57.2
06/28/2026,00:47:01,27.6,57.2
06/28/2026,00:52:01,27.6,57.2
06/28/2026,00:57:01,27.6,57.2
06/28/2026,01:02:01,27.6,57.2
06/28/2026,01:07:01,27.6,57.3
06/28/2026,01:12:01,27.6,57.2
06/28/2026,01:17:01,27.5,57.2
06/28/2026,01:22:01,27.5,57.2
06/28/2026,01:27:01,27.5,57.2
06/28/2026,01:32:01,27.5,57.2
06/28/2026,01:37:01,27.5,57.3
06/28/2026,01:42:01,27.5,57.3
06/28/2026,01:47:01,27.4,57.2
06/28/2026,01:52:01,27.4,57.2
06/28/2026,01:57:01,27.4,57.2
06/28/2026,02:02:01,27.4,57.2
06/28/2026,02:07:01,27.4,57.2
06/28/2026,02:12:01,27.3,57.2
06/28/2026,02:17:01,27.3,57.2
06/28/2026,02:22:01,27.3,57.2
06/28/2026,02:27:01,27.3,57.2
06/28/2026,02:32:01,27.3,57.2
06/28/2026,02:37:01,27.3,57.2
06/28/2026,02:42:01,27.3,57.3
06/28/2026,02:47:01,27.2,57.2
06/28/2026,02:52:01,27.2,57.3
06/28/2026,02:57:01,27.2,57.3
06/28/2026,03:02:01,27.2,57.3
06/28/2026,03:07:01,27.2,57.3
06/28/2026,03:12:01,27.1,57.2
06/28/2026,03:17:01,27.1,57.1
06/28/2026,03:22:01,27.1,57.1
06/28/2026,03:27:01,27.1,57.1
06/28/2026,03:32:01,27.1,56.8
06/28/2026,03:37:01,27.1,56.8
06/28/2026,03:42:01,27.0,56.7
06/28/2026,03:47:01,27.1,56.7
06/28/2026,03:52:01,27.0,56.8
06/28/2026,03:57:01,27.0,56.7
06/28/2026,04:02:01,27.0,56.7
06/28/2026,04:07:01,27.0,56.7
06/28/2026,04:12:01,27.0,56.7
06/28/2026,04:17:01,26.9,56.7
06/28/2026,04:22:01,26.9,56.7
06/28/2026,04:27:01,26.9,56.6
06/28/2026,04:32:01,26.9,56.6
06/28/2026,04:37:01,26.9,56.5
06/28/2026,04:42:01,26.8,56.5
06/28/2026,04:47:01,26.8,56.5
06/28/2026,04:52:01,26.8,56.4
06/28/2026,04:57:01,26.8,56.3
06/28/2026,05:02:01,26.8,56.3
06/28/2026,05:07:01,26.8,56.3
06/28/2026,05:12:01,26.8,56.3
06/28/2026,05:17:01,26.7,56.2
06/28/2026,05:22:01,26.7,56.1
06/28/2026,05:27:01,26.7,55.9
06/28/2026,05:32:01,26.7,56.0
06/28/2026,05:37:01,26.7,55.9
06/28/2026,05:42:01,26.6,55.8
06/28/2026,05:47:01,26.6,55.8
06/28/2026,05:52:01,26.6,55.7
06/28/2026,05:57:01,26.6,55.7
06/28/2026,06:02:01,26.6,55.8
06/28/2026,06:07:01,26.6,55.8
06/28/2026,06:12:01,26.6,55.8
06/28/2026,06:17:01,26.5,55.8
06/28/2026,06:22:01,26.5,55.9
06/28/2026,06:27:01,26.5,56.0
06/28/2026,06:32:01,26.5,56.0
06/28/2026,06:37:01,26.5,56.0
06/28/2026,06:42:01,26.5,56.0
06/28/2026,06:47:01,26.5,55.9
06/28/2026,06:52:01,26.5,55.9
06/28/2026,06:57:01,26.5,55.8
06/28/2026,07:02:01,26.6,55.7
06/28/2026,07:07:01,26.6,55.9
06/28/2026,07:12:01,26.7,56.7
06/28/2026,07:17:01,26.9,56.8
06/28/2026,07:22:01,27.2,56.7
06/28/2026,07:27:01,27.5,55.8
06/28/2026,07:32:01,27.7,55.8
06/28/2026,07:37:01,28.0,55.3
06/28/2026,07:42:01,28.2,53.3
06/28/2026,07:47:01,28.2,52.2
06/28/2026,07:52:01,28.0,52.0
06/28/2026,07:57:01,27.9,52.1
06/28/2026,08:02:01,27.8,52.3
06/28/2026,08:07:01,27.7,52.6
06/28/2026,08:12:01,27.7,52.7
06/28/2026,08:17:01,27.6,52.9
06/28/2026,08:22:01,27.6,52.9
06/28/2026,08:27:01,27.5,53.0
06/28/2026,08:32:01,27.5,52.8
06/28/2026,08:37:01,27.4,52.8
06/28/2026,08:42:01,27.4,53.1
06/28/2026,08:47:01,27.3,53.0
06/28/2026,08:52:01,27.3,52.8
06/28/2026,08:57:01,27.2,52.8
06/28/2026,09:02:01,27.2,52.5
06/28/2026,09:07:01,27.0,52.3
06/28/2026,09:12:01,27.0,52.4
06/28/2026,09:17:01,26.9,52.6
06/28/2026,09:22:01,26.8,52.6
06/28/2026,09:27:01,26.8,52.9
06/28/2026,09:32:01,26.7,53.0
06/28/2026,09:37:01,26.7,53.3
06/28/2026,09:42:01,26.7,53.5
06/28/2026,09:47:01,26.7,53.4
06/28/2026,09:52:01,26.7,53.2
06/28/2026,09:57:01,26.7,52.8
06/28/2026,10:02:01,26.7,53.0
06/28/2026,10:07:01,26.7,52.9
06/28/2026,10:12:01,26.7,53.0
06/28/2026,10:17:01,26.7,53.4
06/28/2026,10:22:01,26.8,53.1
06/28/2026,10:27:01,26.8,53.1
06/28/2026,10:32:01,26.9,53.2
06/28/2026,10:37:01,26.9,52.0
06/28/2026,10:42:01,26.9,52.0
06/28/2026,10:47:01,26.9,51.7
06/28/2026,10:52:01,26.9,51.4
06/28/2026,10:57:01,26.9,51.0
06/28/2026,11:02:01,26.9,50.8
06/28/2026,11:07:01,26.9,50.6
06/28/2026,11:12:01,26.9,50.5
06/28/2026,11:17:01,26.9,51.0
06/28/2026,11:22:01,26.9,51.4
06/28/2026,11:27:01,27.0,51.4
06/28/2026,11:32:01,27.0,51.7
06/28/2026,11:37:01,27.0,51.7
06/28/2026,11:42:01,27.1,51.7
06/28/2026,11:47:01,27.1,51.7
06/28/2026,11:52:01,27.2,52.1
06/28/2026,11:57:01,27.2,51.4
06/28/2026,12:02:01,27.2,51.2
06/28/2026,12:07:01,27.3,51.5
06/28/2026,12:12:01,27.3,51.5
06/28/2026,12:17:01,27.3,51.7
06/28/2026,12:22:01,27.3,51.6
06/28/2026,12:27:01,27.4,51.6
06/28/2026,12:32:01,27.4,50.6
06/28/2026,12:37:01,27.4,50.0
06/28/2026,12:42:01,27.3,49.9
06/28/2026,12:47:01,27.3,50.2
06/28/2026,12:52:01,27.3,50.1
06/28/2026,12:57:01,27.3,49.4
06/28/2026,13:02:01,27.2,48.3
06/28/2026,13:07:01,27.2,47.8
06/28/2026,13:12:01,27.2,47.6
06/28/2026,13:17:01,27.1,47.1
06/28/2026,13:22:01,27.1,47.0
06/28/2026,13:27:01,27.1,46.7
06/28/2026,13:32:01,27.1,46.8
06/28/2026,13:37:01,27.0,46.6
06/28/2026,13:42:01,27.0,46.3
06/28/2026,13:47:01,27.0,46.3
06/28/2026,13:52:01,27.0,46.0
06/28/2026,13:57:01,27.0,45.8
06/28/2026,14:02:01,27.0,45.4
06/28/2026,14:07:01,27.0,45.4
06/28/2026,14:12:01,26.9,45.2
06/28/2026,14:17:01,26.9,44.8
06/28/2026,14:22:01,26.9,44.7
06/28/2026,14:27:01,26.9,44.3
06/28/2026,14:32:01,26.8,44.1
06/28/2026,14:37:01,26.8,43.9
06/28/2026,14:42:01,26.8,43.8
06/28/2026,14:47:01,26.8,43.5
06/28/2026,14:52:01,26.8,43.5
06/28/2026,14:57:01,26.7,43.5
06/28/2026,15:02:01,26.7,43.4
06/28/2026,15:07:01,26.7,43.4
06/28/2026,15:12:01,26.6,43.5
06/28/2026,15:17:01,26.6,43.5
06/28/2026,15:22:01,26.7,43.4
06/28/2026,15:27:01,26.6,43.3
06/28/2026,15:32:01,26.7,43.0
06/28/2026,15:37:01,26.7,43.1
06/28/2026,15:42:01,26.7,42.7
06/28/2026,15:47:01,26.7,42.1
06/28/2026,15:52:01,26.7,42.4
06/28/2026,15:57:01,26.7,42.2
06/28/2026,16:02:01,26.7,41.8
06/28/2026,16:07:01,26.7,41.8
06/28/2026,16:12:01,26.7,41.3
06/28/2026,16:17:01,26.7,41.1
06/28/2026,16:22:01,26.7,40.8
06/28/2026,16:27:01,26.7,40.8
06/28/2026,16:32:01,26.6,40.6
06/28/2026,16:37:01,26.6,40.2
06/28/2026,16:42:01,26.6,40.1
06/28/2026,16:47:01,26.6,39.9
06/28/2026,16:52:01,26.6,39.7
06/28/2026,16:57:01,26.6,39.8
06/28/2026,17:02:01,26.6,39.8
06/28/2026,17:07:01,26.6,39.8
06/28/2026,17:12:01,26.6,40.1
06/28/2026,17:17:01,26.6,40.2
06/28/2026,17:22:01,26.6,39.5
06/28/2026,17:27:01,26.6,39.4
06/28/2026,17:32:01,26.6,39.0
06/28/2026,17:37:01,26.6,38.9
06/28/2026,17:42:01,26.6,38.7
06/28/2026,17:47:01,26.6,38.7
06/28/2026,17:52:01,26.6,38.5
06/28/2026,17:57:01,26.6,38.3
06/28/2026,18:02:01,26.6,38.2
06/28/2026,18:07:01,26.6,38.2
06/28/2026,18:12:01,26.7,38.5
06/28/2026,18:17:01,26.7,38.0
06/28/2026,18:22:01,26.6,37.9
06/28/2026,18:27:01,26.6,37.6
06/28/2026,18:32:01,26.5,37.6
06/28/2026,18:37:01,26.5,37.6
06/28/2026,18:42:01,26.5,37.5
06/28/2026,18:47:01,26.5,38.1
06/28/2026,18:52:01,26.4,38.6
06/28/2026,18:57:01,26.4,39.0
06/28/2026,19:02:01,26.4,39.4
06/28/2026,19:07:01,26.4,39.9
06/28/2026,19:12:01,26.4,40.3
06/28/2026,19:17:01,26.4,40.4
06/28/2026,19:22:01,26.4,40.8
06/28/2026,19:27:01,26.4,40.9
06/28/2026,19:32:01,26.4,41.3
06/28/2026,19:37:01,26.3,41.5
06/28/2026,19:42:01,26.3,41.7
06/28/2026,19:47:01,26.3,41.9
06/28/2026,19:52:01,26.3,42.0
06/28/2026,19:57:01,26.3,42.1
06/28/2026,20:02:01,26.3,42.3
06/28/2026,20:07:01,26.3,42.4
06/28/2026,20:12:01,26.3,42.5
06/28/2026,20:17:01,26.3,42.6
06/28/2026,20:22:01,26.3,42.6
06/28/2026,20:27:01,26.2,42.7
06/28/2026,20:32:01,26.3,42.6
06/28/2026,20:37:01,26.2,42.6
06/28/2026,20:42:01,26.2,42.7
06/28/2026,20:47:01,26.2,42.6
06/28/2026,20:52:01,26.2,42.8
06/28/2026,20:57:01,26.2,42.8
06/28/2026,21:02:01,26.2,42.9
06/28/2026,21:07:01,26.2,43.0
06/28/2026,21:12:01,26.2,42.9
06/28/2026,21:17:01,26.2,43.0
06/28/2026,21:22:01,26.2,43.0
06/28/2026,21:27:01,26.2,43.1
06/28/2026,21:32:01,26.1,43.1
06/28/2026,21:37:01,26.1,43.1
06/28/2026,21:42:01,26.1,43.3
06/28/2026,21:47:01,26.1,43.3
06/28/2026,21:52:01,26.1,43.3
06/28/2026,21:57:01,26.1,43.3
06/28/2026,22:02:01,26.1,43.3
06/28/2026,22:07:01,26.1,43.3
06/28/2026,22:12:01,26.1,43.5
06/28/2026,22:17:01,26.1,43.4
06/28/2026,22:22:01,26.0,43.4
06/28/2026,22:27:01,26.0,43.3
06/28/2026,22:32:01,26.0,43.4
06/28/2026,22:37:01,26.0,43.3
06/28/2026,22:42:01,26.0,43.3
06/28/2026,22:47:01,25.9,43.4
06/28/2026,22:52:01,25.9,43.3
06/28/2026,22:57:01,25.9,43.3
06/28/2026,23:02:01,25.9,43.3
06/28/2026,23:07:01,25.9,43.4
06/28/2026,23:12:01,25.9,43.5
06/28/2026,23:17:01,25.9,43.4
06/28/2026,23:22:01,25.8,43.5
06/28/2026,23:27:01,25.8,43.4
06/28/2026,23:32:01,25.8,43.4
06/28/2026,23:37:01,25.8,43.4
06/28/2026,23:42:01,25.8,43.5
06/28/2026,23:47:01,25.8,43.3
06/28/2026,23:52:01,25.8,43.3
06/28/2026,23:57:01,25.7,43.2
06/29/2026,00:02:01,25.7,43.2
06/29/2026,00:07:01,25.7,43.2
06/29/2026,00:12:01,25.7,43.1
06/29/2026,00:17:01,25.7,43.1
06/29/2026,00:22:01,25.6,43.3
06/29/2026,00:27:01,25.6,43.3
06/29/2026,00:32:01,25.6,43.3
06/29/2026,00:37:01,25.6,43.3
06/29/2026,00:42:01,25.6,43.1
06/29/2026,00:47:01,25.5,43.2
06/29/2026,00:52:01,25.5,43.1
06/29/2026,00:57:01,25.5,43.1
06/29/2026,01:02:01,25.5,43.1
06/29/2026,01:07:01,25.5,43.0
06/29/2026,01:12:01,25.4,43.1
06/29/2026,01:17:01,25.4,43.2
06/29/2026,01:22:01,25.4,43.2
06/29/2026,01:27:01,25.4,43.3
06/29/2026,01:32:01,25.4,43.2
06/29/2026,01:37:01,25.3,43.1
06/29/2026,01:42:01,25.3,43.1
06/29/2026,01:47:01,25.3,43.1
06/29/2026,01:52:01,25.3,43.1
06/29/2026,01:57:01,25.3,43.1
06/29/2026,02:02:01,25.3,43.2
06/29/2026,02:07:01,25.2,43.2
06/29/2026,02:12:01,25.2,43.4
06/29/2026,02:17:01,25.2,43.5
06/29/2026,02:22:01,25.2,43.5
06/29/2026,02:27:01,25.2,43.5
06/29/2026,02:32:01,25.1,43.6
06/29/2026,02:37:01,25.1,43.5
06/29/2026,02:42:01,25.1,43.4
06/29/2026,02:47:01,25.1,43.4
06/29/2026,02:52:01,25.1,43.3
06/29/2026,02:57:01,25.0,43.3
06/29/2026,03:02:01,25.0,43.3
06/29/2026,03:07:01,25.0,43.5
06/29/2026,03:12:01,25.0,43.6
06/29/2026,03:17:01,25.0,43.6
06/29/2026,03:22:01,24.9,43.6
06/29/2026,03:27:01,24.9,43.6
06/29/2026,03:32:01,24.9,43.7
06/29/2026,03:37:01,24.9,43.5
06/29/2026,03:42:01,24.9,43.7
06/29/2026,03:47:01,24.9,43.7
06/29/2026,03:52:01,24.8,43.7
06/29/2026,03:57:01,24.8,43.7
06/29/2026,04:02:01,24.8,43.6
06/29/2026,04:07:01,24.8,43.6
06/29/2026,04:12:01,24.8,43.6
06/29/2026,04:17:01,24.8,43.6
06/29/2026,04:22:01,24.7,43.6
06/29/2026,04:27:01,24.7,43.5
06/29/2026,04:32:01,24.7,43.5
06/29/2026,04:37:01,24.7,43.6
06/29/2026,04:42:01,24.7,43.6
06/29/2026,04:47:01,24.6,43.6
06/29/2026,04:52:01,24.6,43.6
06/29/2026,04:57:01,24.6,43.6
06/29/2026,05:02:01,24.6,43.6
06/29/2026,05:07:01,24.6,43.6
06/29/2026,05:12:01,24.5,43.6
06/29/2026,05:17:01,24.5,43.6
06/29/2026,05:22:01,24.5,43.6
06/29/2026,05:27:01,24.5,43.6
06/29/2026,05:32:01,24.5,43.6
06/29/2026,05:37:01,24.5,43.6
06/29/2026,05:42:01,24.4,43.6
06/29/2026,05:47:01,24.4,43.7
06/29/2026,05:52:01,24.4,43.7
06/29/2026,05:57:01,24.4,43.7
06/29/2026,06:02:01,24.4,43.7
06/29/2026,06:07:01,24.4,43.7
06/29/2026,06:12:01,24.3,43.7
06/29/2026,06:17:01,24.3,43.6
06/29/2026,06:22:01,24.3,43.6
06/29/2026,06:27:01,24.3,43.6
06/29/2026,06:32:01,24.3,43.7
06/29/2026,06:37:01,24.3,43.7
06/29/2026,06:42:01,24.3,43.8
06/29/2026,06:47:01,24.3,43.8
06/29/2026,06:52:01,24.3,43.8
06/29/2026,06:57:01,24.3,43.8
06/29/2026,07:02:01,24.3,43.8
06/29/2026,07:07:01,24.4,43.8
06/29/2026,07:12:01,24.5,43.9
06/29/2026,07:17:01,24.6,43.7
06/29/2026,07:22:01,24.8,43.5
06/29/2026,07:27:01,25.0,43.2
06/29/2026,07:32:01,25.3,42.9
06/29/2026,07:37:01,25.4,42.6
06/29/2026,07:42:01,25.6,42.2
06/29/2026,07:47:01,25.7,42.0
06/29/2026,07:52:01,25.7,42.0
06/29/2026,07:57:01,25.7,42.0
06/29/2026,08:02:01,25.7,42.0
06/29/2026,08:07:01,25.7,42.0
06/29/2026,08:12:01,25.6,42.0
06/29/2026,08:17:01,25.6,42.0
06/29/2026,08:22:01,25.6,42.0
06/29/2026,08:27:01,25.6,42.1
06/29/2026,08:32:01,25.5,42.0
06/29/2026,08:37:01,25.5,42.1
06/29/2026,08:42:01,25.5,42.1
06/29/2026,08:47:01,25.4,42.3
06/29/2026,08:52:01,25.4,42.3
06/29/2026,08:57:01,25.3,42.3
06/29/2026,09:02:01,25.3,42.4
06/29/2026,09:07:01,25.3,42.5
06/29/2026,09:12:01,25.3,42.5
06/29/2026,09:17:01,25.3,42.5
06/29/2026,09:22:01,25.2,42.6
06/29/2026,09:27:01,25.2,42.6
06/29/2026,09:32:01,25.2,42.5
06/29/2026,09:37:01,25.1,42.1
06/29/2026,09:42:01,25.1,41.9
06/29/2026,09:47:01,25.1,42.3
06/29/2026,09:52:01,25.0,42.2
06/29/2026,09:57:01,25.0,41.2
06/29/2026,10:02:01,25.0,41.8
06/29/2026,10:07:01,24.9,41.9
06/29/2026,10:12:01,24.9,42.2
06/29/2026,10:17:01,24.9,42.0
06/29/2026,10:22:01,24.9,42.3
06/29/2026,10:27:01,24.9,42.6
06/29/2026,10:32:01,24.8,42.4
06/29/2026,10:37:01,24.8,42.3
06/29/2026,10:42:01,24.8,42.9
06/29/2026,10:47:01,24.8,43.0
06/29/2026,10:52:01,24.8,43.1
06/29/2026,10:57:01,24.8,43.1
06/29/2026,11:02:01,24.8,43.2
06/29/2026,11:07:01,24.8,43.2
06/29/2026,11:12:01,24.8,43.2
06/29/2026,11:17:01,24.8,43.3
06/29/2026,11:22:01,24.8,43.4
06/29/2026,11:27:01,24.8,43.4
06/29/2026,11:32:01,24.7,43.5
06/29/2026,11:37:01,24.7,43.5
06/29/2026,11:42:01,24.7,43.4
06/29/2026,11:47:01,24.7,43.5
06/29/2026,11:52:01,24.7,43.6
06/29/2026,11:57:01,24.7,43.8
06/29/2026,12:02:01,24.7,43.8
06/29/2026,12:07:01,24.7,43.8
06/29/2026,12:12:01,24.7,43.8
06/29/2026,12:17:01,24.7,43.8
06/29/2026,12:22:01,24.7,44.0
06/29/2026,12:27:01,24.7,44.0
06/29/2026,12:32:01,24.7,43.9
06/29/2026,12:37:01,24.7,44.1
06/29/2026,12:42:01,24.7,44.0
06/29/2026,12:47:01,24.7,44.0
06/29/2026,12:52:01,24.7,44.2
06/29/2026,12:57:01,24.7,44.2
06/29/2026,13:02:01,24.7,44.3
06/29/2026,13:07:01,24.7,44.4
06/29/2026,13:12:01,24.7,44.5
06/29/2026,13:17:01,24.8,44.5
06/29/2026,13:22:01,24.8,44.5
06/29/2026,13:27:01,24.8,44.7
06/29/2026,13:32:01,24.8,44.6
06/29/2026,13:37:01,24.8,44.6
06/29/2026,13:42:01,24.8,44.8
06/29/2026,13:47:01,24.8,44.8
06/29/2026,13:52:01,24.8,44.9
06/29/2026,13:57:01,24.8,45.0
06/29/2026,14:02:01,24.8,45.0
06/29/2026,14:07:01,24.8,45.1
06/29/2026,14:12:01,24.8,45.1
06/29/2026,14:17:01,24.8,45.1
06/29/2026,14:22:01,24.8,45.1
06/29/2026,14:27:01,24.9,45.2
06/29/2026,14:32:01,24.9,45.3
06/29/2026,14:37:01,24.9,45.3
06/29/2026,14:42:01,24.9,45.2
06/29/2026,14:47:01,24.9,45.2
06/29/2026,14:52:01,24.9,45.3
06/29/2026,14:57:01,24.9,45.4
06/29/2026,15:02:01,24.9,45.4
06/29/2026,15:07:01,24.9,45.5
06/29/2026,15:12:01,24.9,45.5
06/29/2026,15:17:01,24.9,45.4
06/29/2026,15:22:01,24.9,45.4
06/29/2026,15:27:01,25.0,45.4
06/29/2026,15:32:01,25.0,45.3
06/29/2026,15:37:01,25.0,45.5
06/29/2026,15:42:01,25.0,45.6
06/29/2026,15:47:01,25.0,45.7
06/29/2026,15:52:01,25.0,45.6
06/29/2026,15:57:01,25.0,45.5
06/29/2026,16:02:01,25.0,45.4
06/29/2026,16:07:01,25.0,45.6
06/29/2026,16:12:01,25.0,45.7
06/29/2026,16:17:01,25.0,45.5
06/29/2026,16:22:01,25.0,45.6
06/29/2026,16:27:01,25.1,45.7
06/29/2026,16:32:01,25.1,45.7
06/29/2026,16:37:01,25.1,45.7
06/29/2026,16:42:01,25.1,45.7
06/29/2026,16:47:01,25.1,45.7
06/29/2026,16:52:01,25.1,45.8
06/29/2026,16:57:01,25.1,45.8
06/29/2026,17:02:01,25.1,45.8
06/29/2026,17:07:01,25.1,45.7
06/29/2026,17:12:01,25.2,45.5
06/29/2026,17:17:01,25.2,45.6
06/29/2026,17:22:01,25.2,45.7
06/29/2026,17:27:01,25.2,45.7
06/29/2026,17:32:01,25.2,45.8
06/29/2026,17:37:01,25.2,45.9
06/29/2026,17:42:01,25.2,45.7
06/29/2026,17:47:01,25.2,45.9
06/29/2026,17:52:01,25.2,45.8
06/29/2026,17:57:01,25.2,45.7
06/29/2026,18:02:01,25.2,45.8
06/29/2026,18:07:01,25.2,45.8
06/29/2026,18:12:01,25.2,45.8
06/29/2026,18:17:01,25.3,45.8
06/29/2026,18:22:01,25.2,45.8
06/29/2026,18:27:01,25.3,45.7
06/29/2026,18:32:01,25.2,45.8
06/29/2026,18:37:01,25.3,45.9
06/29/2026,18:42:01,25.2,45.8
06/29/2026,18:47:01,25.3,45.8
06/29/2026,18:52:01,25.3,45.9
06/29/2026,18:57:01,25.3,46.0
06/29/2026,19:02:01,25.3,45.8
06/29/2026,19:07:01,25.3,45.8
06/29/2026,19:12:01,25.3,45.8
06/29/2026,19:17:01,25.3,45.7
06/29/2026,19:22:01,25.3,45.7
06/29/2026,19:27:01,25.3,45.6
06/29/2026,19:32:01,25.3,45.6
06/29/2026,19:37:01,25.3,45.5
06/29/2026,19:42:01,25.3,45.4
06/29/2026,19:47:01,25.2,45.3
06/29/2026,19:52:01,25.3,45.2
06/29/2026,19:57:01,25.2,45.2
06/29/2026,20:02:01,25.2,45.1
06/29/2026,20:07:01,25.2,45.1
06/29/2026,20:12:01,25.2,45.1
06/29/2026,20:17:01,25.2,45.0
06/29/2026,20:22:01,25.2,44.9
06/29/2026,20:27:01,25.2,44.9
06/29/2026,20:32:01,25.2,44.9
06/29/2026,20:37:01,25.2,44.8
06/29/2026,20:42:01,25.2,44.8
06/29/2026,20:47:01,25.1,44.8
06/29/2026,20:52:01,25.1,44.7
06/29/2026,20:57:01,25.1,44.7
06/29/2026,21:02:01,25.1,44.7
06/29/2026,21:07:01,25.1,44.7
06/29/2026,21:12:01,25.1,44.7
06/29/2026,21:17:01,25.1,44.7
06/29/2026,21:22:01,25.1,44.7
06/29/2026,21:27:01,25.1,44.7
06/29/2026,21:32:01,25.1,44.7
06/29/2026,21:37:01,25.0,44.7
06/29/2026,21:42:01,25.0,44.6
06/29/2026,21:47:01,25.0,44.7
06/29/2026,21:52:01,25.0,44.7
06/29/2026,21:57:01,25.0,44.7
06/29/2026,22:02:01,25.0,44.7
06/29/2026,22:07:01,25.0,44.7
06/29/2026,22:12:01,25.0,44.7
06/29/2026,22:17:01,24.9,44.8
06/29/2026,22:22:01,24.9,44.8
06/29/2026,22:27:01,24.9,44.8
06/29/2026,22:32:01,24.9,44.8
06/29/2026,22:37:01,24.9,44.8
06/29/2026,22:42:01,24.9,44.8
06/29/2026,22:47:01,24.9,44.8
06/29/2026,22:52:01,24.9,44.8
06/29/2026,22:57:01,24.9,44.8
06/29/2026,23:02:01,24.8,44.8
06/29/2026,23:07:01,24.8,44.8
06/29/2026,23:12:01,24.8,44.9
06/29/2026,23:17:01,24.8,44.9
06/29/2026,23:22:01,24.8,44.9
06/29/2026,23:27:01,24.8,44.9
06/29/2026,23:32:01,24.8,44.9
06/29/2026,23:37:01,24.8,44.9
06/29/2026,23:42:01,24.8,44.9
06/29/2026,23:47:01,24.8,45.0
06/29/2026,23:52:01,24.7,44.9
06/29/2026,23:57:01,24.7,45.0
06/30/2026,00:02:01,24.7,45.0
06/30/2026,00:07:01,24.7,45.0
06/30/2026,00:12:01,24.7,45.0
06/30/2026,00:17:01,24.7,45.0
06/30/2026,00:22:01,24.7,45.1
06/30/2026,00:27:01,24.7,45.0
06/30/2026,00:32:01,24.6,45.0
06/30/2026,00:37:01,24.6,45.0
06/30/2026,00:42:01,24.6,45.0
06/30/2026,00:47:01,24.6,45.1
06/30/2026,00:52:01,24.6,45.0
06/30/2026,00:57:01,24.6,45.1
06/30/2026,01:02:01,24.6,45.1
06/30/2026,01:07:01,24.6,45.1
06/30/2026,01:12:01,24.5,45.1
06/30/2026,01:17:01,24.5,45.1
06/30/2026,01:22:01,24.5,45.1
06/30/2026,01:27:01,24.5,45.1
06/30/2026,01:32:01,24.5,45.1
06/30/2026,01:37:01,24.5,45.2
06/30/2026,01:42:01,24.5,45.2
06/30/2026,01:47:01,24.5,45.2
06/30/2026,01:52:01,24.5,45.2
06/30/2026,01:57:01,24.5,45.2
06/30/2026,02:02:01,24.5,45.2
06/30/2026,02:07:01,24.5,45.2
06/30/2026,02:12:01,24.4,45.3
06/30/2026,02:17:01,24.4,45.3
06/30/2026,02:22:01,24.4,45.3
06/30/2026,02:27:01,24.4,45.3
06/30/2026,02:32:01,24.4,45.3
06/30/2026,02:37:01,24.4,45.3
06/30/2026,02:42:01,24.4,45.4
06/30/2026,02:47:01,24.4,45.4
06/30/2026,02:52:01,24.4,45.4
06/30/2026,02:57:01,24.4,45.4
06/30/2026,03:02:01,24.4,45.4
06/30/2026,03:07:01,24.3,45.4
06/30/2026,03:12:01,24.3,45.5
06/30/2026,03:17:01,24.3,45.6
06/30/2026,03:22:01,24.3,45.6
06/30/2026,03:27:01,24.3,45.6
06/30/2026,03:32:01,24.3,45.6
06/30/2026,03:37:01,24.3,45.7
06/30/2026,03:42:01,24.3,45.7
06/30/2026,03:47:01,24.2,45.7
06/30/2026,03:52:01,24.3,45.8
06/30/2026,03:57:01,24.2,45.8
06/30/2026,04:02:01,24.3,45.9
06/30/2026,04:07:01,24.2,45.8
06/30/2026,04:12:01,24.2,45.9
06/30/2026,04:17:01,24.2,45.9
06/30/2026,04:22:01,24.2,45.9
06/30/2026,04:27:01,24.2,45.9
06/30/2026,04:32:01,24.2,46.0
06/30/2026,04:37:01,24.2,46.0
06/30/2026,04:42:01,24.2,46.0
06/30/2026,04:47:01,24.2,46.0
06/30/2026,04:52:01,24.1,46.0
06/30/2026,04:57:01,24.1,46.0
06/30/2026,05:02:01,24.1,46.1
06/30/2026,05:07:01,24.1,46.1
06/30/2026,05:12:01,24.1,46.1
06/30/2026,05:17:01,24.1,46.1
06/30/2026,05:22:01,24.1,46.2
06/30/2026,05:27:01,24.0,46.1
06/30/2026,05:32:01,24.0,46.2
06/30/2026,05:37:01,24.0,46.2
06/30/2026,05:42:01,24.0,46.2
06/30/2026,05:47:01,24.0,46.2
06/30/2026,05:52:01,24.0,46.2
06/30/2026,05:57:01,24.0,46.3
06/30/2026,06:02:01,24.0,46.2
06/30/2026,06:07:01,24.0,46.3
06/30/2026,06:12:01,24.0,46.3
06/30/2026,06:17:01,24.0,46.3
06/30/2026,06:22:01,24.0,46.3
06/30/2026,06:27:01,24.0,46.4
06/30/2026,06:32:01,23.9,46.4
06/30/2026,06:37:01,23.9,46.4
06/30/2026,06:42:01,23.9,46.5
06/30/2026,06:47:01,23.9,46.5
06/30/2026,06:52:01,23.9,46.4
06/30/2026,06:57:01,24.0,46.5
06/30/2026,07:02:01,24.0,46.5
06/30/2026,07:07:01,24.0,46.5
06/30/2026,07:12:01,24.0,46.5
06/30/2026,07:17:01,24.1,46.4
06/30/2026,07:22:01,24.3,46.3
06/30/2026,07:27:01,24.4,46.2
06/30/2026,07:32:01,24.4,46.1
06/30/2026,07:37:01,24.5,46.0
06/30/2026,07:42:01,24.5,45.9
06/30/2026,07:47:01,24.5,45.9
06/30/2026,07:52:01,24.5,46.0
06/30/2026,07:57:01,24.5,45.9
06/30/2026,08:02:01,24.5,46.0
06/30/2026,08:07:01,24.4,46.0
06/30/2026,08:12:01,24.4,46.0
06/30/2026,08:17:01,24.4,46.0
06/30/2026,08:22:01,24.4,46.0
06/30/2026,08:27:01,24.4,46.1
06/30/2026,08:32:01,24.4,46.1
06/30/2026,08:37:01,24.4,46.1
06/30/2026,08:42:01,24.4,46.1
06/30/2026,08:47:01,24.4,46.2
06/30/2026,08:52:01,24.3,46.2
06/30/2026,08:57:01,24.3,46.2
06/30/2026,09:02:01,24.3,46.2
06/30/2026,09:07:01,24.3,46.3
06/30/2026,09:12:01,24.3,46.2
06/30/2026,09:17:01,24.3,46.2
06/30/2026,09:22:01,24.3,46.2
06/30/2026,09:27:01,24.3,46.3
06/30/2026,09:32:01,24.3,46.4
06/30/2026,09:37:01,24.3,46.3
06/30/2026,09:42:01,24.3,46.3
06/30/2026,09:47:01,24.3,46.4
06/30/2026,09:52:01,24.3,46.4
06/30/2026,09:57:01,24.3,46.5
06/30/2026,10:02:01,24.3,46.5
06/30/2026,10:07:01,24.3,46.5
06/30/2026,10:12:01,24.3,46.6
06/30/2026,10:17:01,24.3,46.6
06/30/2026,10:22:01,24.3,46.7
06/30/2026,10:27:01,24.3,46.6
06/30/2026,10:32:01,24.3,46.7
06/30/2026,10:37:01,24.3,46.7
06/30/2026,10:42:01,24.3,46.8
06/30/2026,10:47:01,24.3,46.8
06/30/2026,10:52:01,24.3,46.7
06/30/2026,10:57:01,24.2,46.8
06/30/2026,11:02:01,24.3,46.8
06/30/2026,11:07:01,24.3,46.9
06/30/2026,11:12:01,24.3,46.9
06/30/2026,11:17:01,24.3,46.9
06/30/2026,11:22:01,24.3,46.9
06/30/2026,11:27:01,24.3,46.9
06/30/2026,11:32:01,24.3,46.9
06/30/2026,11:37:01,24.3,46.9
06/30/2026,11:42:01,24.3,46.9
06/30/2026,11:47:01,24.3,47.0
06/30/2026,11:52:01,24.3,47.0
06/30/2026,11:57:01,24.3,46.9
06/30/2026,12:02:01,24.3,47.0
06/30/2026,12:07:01,24.4,47.1
06/30/2026,12:12:01,24.4,47.1
06/30/2026,12:17:01,24.4,47.1
06/30/2026,12:22:01,24.4,47.0
06/30/2026,12:27:01,24.4,46.8
06/30/2026,12:32:01,24.4,47.0
06/30/2026,12:37:01,24.4,47.0
06/30/2026,12:42:01,24.4,47.2
06/30/2026,12:47:01,24.5,47.1
06/30/2026,12:52:01,24.5,47.2
06/30/2026,12:57:01,24.5,47.4
06/30/2026,13:02:01,24.5,47.2
06/30/2026,13:07:01,24.5,47.0
06/30/2026,13:12:01,24.6,47.1
06/30/2026,13:17:01,24.6,47.2
06/30/2026,13:22:01,24.6,47.3
06/30/2026,13:27:01,24.6,47.3
06/30/2026,13:32:01,24.6,47.3
06/30/2026,13:37:01,24.6,47.3
06/30/2026,13:42:01,24.6,47.3
06/30/2026,13:47:01,24.6,47.4
06/30/2026,13:52:01,24.6,47.3
06/30/2026,13:57:01,24.6,47.3
06/30/2026,14:02:01,24.6,47.3
06/30/2026,14:07:01,24.7,47.3
06/30/2026,14:12:01,24.6,47.4
06/30/2026,14:17:01,24.7,47.4
06/30/2026,14:22:01,24.7,47.4
06/30/2026,14:27:01,24.7,47.4
06/30/2026,14:32:01,24.7,47.4
06/30/2026,14:37:01,24.7,47.4
06/30/2026,14:42:01,24.7,47.4
06/30/2026,14:47:01,24.7,47.4
06/30/2026,14:52:01,24.7,47.4
06/30/2026,14:57:01,24.7,47.4
06/30/2026,15:02:01,24.8,47.4
06/30/2026,15:07:01,24.8,47.4
06/30/2026,15:12:01,24.8,47.4
06/30/2026,15:17:01,24.8,47.4
06/30/2026,15:22:01,24.8,47.3
06/30/2026,15:27:01,24.8,47.4
06/30/2026,15:32:01,24.8,47.4
06/30/2026,15:37:01,24.8,47.4
06/30/2026,15:42:01,24.9,47.5
06/30/2026,15:47:01,24.9,47.4
06/30/2026,15:52:01,24.9,47.4
06/30/2026,15:57:01,24.9,47.4
06/30/2026,16:02:01,24.9,47.4
06/30/2026,16:07:01,25.0,47.3
06/30/2026,16:12:01,25.0,47.4
06/30/2026,16:17:01,25.0,47.4
06/30/2026,16:22:01,25.0,47.5
06/30/2026,16:27:01,25.0,47.4
06/30/2026,16:32:01,25.0,47.4
06/30/2026,16:37:01,25.1,47.4
06/30/2026,16:42:01,25.1,47.4
06/30/2026,16:47:01,25.1,47.4
06/30/2026,16:52:01,25.1,47.5
06/30/2026,16:57:01,25.1,47.6
06/30/2026,17:02:01,25.2,47.5
06/30/2026,17:07:01,25.1,47.5
06/30/2026,17:12:01,25.1,47.5
06/30/2026,17:17:01,25.2,47.5
06/30/2026,17:22:01,25.2,47.5
06/30/2026,17:27:01,25.2,47.5
06/30/2026,17:32:01,25.2,47.5
06/30/2026,17:37:01,25.2,47.5
06/30/2026,17:42:01,25.2,47.5
06/30/2026,17:47:01,25.2,47.5
06/30/2026,17:52:01,25.2,47.5
06/30/2026,17:57:01,25.2,47.5
06/30/2026,18:02:01,25.2,47.4
06/30/2026,18:07:01,25.2,47.4
06/30/2026,18:12:01,25.3,47.4
06/30/2026,18:17:01,25.2,47.4
06/30/2026,18:22:01,25.2,47.3
06/30/2026,18:27:01,25.2,47.4
06/30/2026,18:32:01,25.2,47.2
06/30/2026,18:37:01,25.3,47.1
06/30/2026,18:42:01,25.2,47.0
06/30/2026,18:47:01,25.3,46.8
06/30/2026,18:52:01,25.3,46.6
06/30/2026,18:57:01,25.2,46.5
06/30/2026,19:02:01,25.2,46.6
06/30/2026,19:07:01,25.3,46.5
06/30/2026,19:12:01,25.2,46.2
06/30/2026,19:17:01,25.3,45.5
06/30/2026,19:22:01,25.3,45.5
06/30/2026,19:27:01,25.3,45.4
06/30/2026,19:32:01,25.3,45.2
06/30/2026,19:37:01,25.3,44.8
06/30/2026,19:42:01,25.3,44.7
06/30/2026,19:47:01,25.3,44.7
06/30/2026,19:52:01,25.3,44.8
06/30/2026,19:57:01,25.3,44.6
06/30/2026,20:02:01,25.3,44.6
06/30/2026,20:07:01,25.3,44.6
06/30/2026,20:12:01,25.3,44.5
06/30/2026,20:17:01,25.3,44.7
06/30/2026,20:22:01,25.3,44.6
06/30/2026,20:27:01,25.3,44.8
06/30/2026,20:32:01,25.3,45.0
06/30/2026,20:37:01,25.3,45.3
06/30/2026,20:42:01,25.2,45.4
06/30/2026,20:47:01,25.3,45.5
06/30/2026,20:52:01,25.2,45.7
06/30/2026,20:57:01,25.2,45.7
06/30/2026,21:02:01,25.2,45.8
06/30/2026,21:07:01,25.2,45.8
06/30/2026,21:12:01,25.2,45.8
06/30/2026,21:17:01,25.2,45.9
06/30/2026,21:22:01,25.2,45.9
06/30/2026,21:27:01,25.2,46.0
06/30/2026,21:32:01,25.2,46.0
06/30/2026,21:37:01,25.2,46.1
06/30/2026,21:42:01,25.2,46.1
06/30/2026,21:47:01,25.2,46.1
06/30/2026,21:52:01,25.1,46.2
06/30/2026,21:57:01,25.1,46.2
06/30/2026,22:02:01,25.1,46.2
06/30/2026,22:07:01,25.1,46.2
06/30/2026,22:12:01,25.1,46.2
06/30/2026,22:17:01,25.1,46.2
06/30/2026,22:22:01,25.1,46.3
06/30/2026,22:27:01,25.1,46.3
06/30/2026,22:32:01,25.0,46.3
06/30/2026,22:37:01,25.0,46.4
06/30/2026,22:42:01,25.0,46.5
06/30/2026,22:47:01,25.0,46.5
06/30/2026,22:52:01,25.0,46.6
06/30/2026,22:57:01,25.0,46.6
06/30/2026,23:02:01,25.0,46.6
06/30/2026,23:07:01,25.0,46.7
06/30/2026,23:12:01,24.9,46.7
06/30/2026,23:17:01,25.0,46.7
06/30/2026,23:22:01,24.9,46.8
06/30/2026,23:27:01,24.9,46.9
06/30/2026,23:32:01,24.9,46.9
06/30/2026,23:37:01,24.9,47.0
06/30/2026,23:42:01,24.9,47.0
06/30/2026,23:47:01,24.9,47.0
06/30/2026,23:52:01,24.9,47.1
06/30/2026,23:57:01,24.9,47.1