Date,Time,Temperature(C),Humidity(%RH)
06/01/2026,00:02:59,18.2,59.3,,,
06/01/2026,00:07:59,18,59.7,,,
06/01/2026,00:12:59,18,59.9,,,
06/01/2026,00:17:59,17.9,60.4,,,
06/01/2026,00:22:59,17.9,60.7,,,
06/01/2026,00:27:59,17.8,60.9,,,
06/01/2026,00:32:59,17.8,60.9,,,
06/01/2026,00:37:59,17.7,60.9,,,
06/01/2026,00:42:59,17.6,61.2,,,
06/01/2026,00:47:59,17.5,61.4,,,
06/01/2026,00:52:59,17.4,61.7,,,
06/01/2026,00:57:59,17.3,62.1,,,
06/01/2026,01:02:59,17.1,62.2,,,
06/01/2026,01:07:59,17.1,62.4,,,
06/01/2026,01:12:59,17,62.7,,,
06/01/2026,01:17:59,16.9,62.9,,,
06/01/2026,01:22:59,16.8,63.2,,,
06/01/2026,01:27:59,16.7,63.4,,,
06/01/2026,01:32:59,16.6,63.7,,,
06/01/2026,01:37:59,16.5,63.9,,,
06/01/2026,01:42:59,16.4,64.2,,,
06/01/2026,01:47:59,16.3,64.4,,,
06/01/2026,01:52:59,16.2,64.7,,,
06/01/2026,01:57:59,16.2,65.1,,,
06/01/2026,02:02:59,16,65.5,,,
06/01/2026,02:07:59,16,65.8,,,
06/01/2026,02:12:59,15.8,66.3,,,
06/01/2026,02:17:59,15.8,66.6,,,
06/01/2026,02:22:59,15.7,66.8,,,
06/01/2026,02:27:59,15.6,67.1,,,
06/01/2026,02:32:59,15.6,67.4,,,
06/01/2026,02:37:59,15.6,67.7,,,
06/01/2026,02:42:59,15.5,67.8,,,
06/01/2026,02:47:59,15.5,68.1,,,
06/01/2026,02:52:59,15.5,68.2,,,
06/01/2026,02:57:59,15.3,68.6,,,
06/01/2026,03:02:59,15.1,69.1,,,
06/01/2026,03:07:59,15,69.4,,,
06/01/2026,03:12:59,14.9,69.8,,,
06/01/2026,03:17:59,14.9,69.9,,,
06/01/2026,03:22:59,14.9,70.1,,,
06/01/2026,03:27:59,14.8,70.2,,,
06/01/2026,03:32:59,14.7,70.4,,,
06/01/2026,03:37:59,14.7,70.6,,,
06/01/2026,03:42:59,14.6,70.8,,,
06/01/2026,03:47:59,14.5,71.1,,,
06/01/2026,03:52:59,14.5,71.3,,,
06/01/2026,03:57:59,14.4,71.6,,,
06/01/2026,04:02:59,14.4,71.9,,,
06/01/2026,04:07:59,14.3,72,,,
06/01/2026,04:12:59,14.3,72.1,,,
06/01/2026,04:17:59,14.3,72.2,,,
06/01/2026,04:22:59,14.2,72.4,,,
06/01/2026,04:27:59,14.2,72.6,,,
06/01/2026,04:32:59,14.1,72.8,,,
06/01/2026,04:37:59,14.1,72.9,,,
06/01/2026,04:42:59,14,73.3,,,
06/01/2026,04:47:59,13.9,73.5,,,
06/01/2026,04:52:59,13.9,73.8,,,
06/01/2026,04:57:59,13.8,73.9,,,
06/01/2026,05:02:59,13.7,74.2,,,
06/01/2026,05:07:59,13.6,74.4,,,
06/01/2026,05:12:59,13.6,74.5,,,
06/01/2026,05:17:59,13.6,74.6,,,
06/01/2026,05:22:59,13.6,74.8,,,
06/01/2026,05:27:59,13.6,75,,,
06/01/2026,05:32:59,13.6,75.1,,,
06/01/2026,05:37:59,13.6,75.2,,,
06/01/2026,05:42:59,13.6,75.4,,,
06/01/2026,05:47:59,13.7,75.6,,,
06/01/2026,05:52:59,13.7,75.6,,,
06/01/2026,05:57:59,13.8,75.7,,,
06/01/2026,06:02:59,13.9,75.7,,,
06/01/2026,06:07:59,14,75.7,,,
06/01/2026,06:12:59,14.1,75.6,,,
06/01/2026,06:17:59,14.2,75.5,,,
06/01/2026,06:22:59,14.2,75.4,,,
06/01/2026,06:27:59,14.3,75.5,,,
06/01/2026,06:32:59,14.4,75.4,,,
06/01/2026,06:37:59,14.5,75.2,,,
06/01/2026,06:42:59,14.6,75.1,,,
06/01/2026,06:47:59,14.6,75,,,
06/01/2026,06:52:59,14.7,74.7,,,
06/01/2026,06:57:59,14.8,74.6,,,
06/01/2026,07:02:59,14.9,74.2,,,
06/01/2026,07:07:59,15,74.2,,,
06/01/2026,07:12:59,15,73.7,,,
06/01/2026,07:17:59,15.2,73.5,,,
06/01/2026,07:22:59,15.2,73.4,,,
06/01/2026,07:27:59,15.3,73.4,,,
06/01/2026,07:32:59,15.4,73.2,,,
06/01/2026,07:37:59,15.4,73.3,,,
06/01/2026,07:42:59,15.5,73.1,,,
06/01/2026,07:47:59,15.8,73,,,
06/01/2026,07:52:59,16,72.2,,,
06/01/2026,07:57:59,16.1,72.1,,,
06/01/2026,08:02:59,16.3,71.7,,,
06/01/2026,08:07:59,16.5,71.2,,,
06/01/2026,08:12:59,16.6,70.9,,,
06/01/2026,08:17:59,16.7,70.3,,,
06/01/2026,08:22:59,17,69.8,,,
06/01/2026,08:27:59,17.2,69.4,,,
06/01/2026,08:32:59,17.4,68.5,,,
06/01/2026,08:37:59,17.5,68.4,,,
06/01/2026,08:42:59,17.6,67.8,,,
06/01/2026,08:47:59,17.7,67.8,,,
06/01/2026,08:52:59,17.9,67,,,
06/01/2026,08:57:59,18,66.3,,,
06/01/2026,09:02:59,18.1,66,,,
06/01/2026,09:07:59,18.2,65.8,,,
06/01/2026,09:12:59,18.4,65.1,,,
06/01/2026,09:17:59,18.4,64.7,,,
06/01/2026,09:22:59,18.5,64.2,,,
06/01/2026,09:27:59,18.6,64.3,,,
06/01/2026,09:32:59,18.7,63.9,,,
06/01/2026,09:37:59,18.8,63.4,,,
06/01/2026,09:42:59,19,63.3,,,
06/01/2026,09:47:59,19,62.8,,,
06/01/2026,09:52:59,19.1,62.7,,,
06/01/2026,09:57:59,19.2,62.6,,,
06/01/2026,10:02:59,19.3,61.7,,,
06/01/2026,10:07:59,19.3,61.4,,,
06/01/2026,10:12:59,19.3,61.3,,,
06/01/2026,10:17:59,19.3,61.5,,,
06/01/2026,10:22:59,19.3,61.5,,,
06/01/2026,10:27:59,19.4,61.7,,,
06/01/2026,10:32:59,19.7,61.4,,,
06/01/2026,10:37:59,19.9,60,,,
06/01/2026,10:42:59,19.9,59.9,,,
06/01/2026,10:47:59,20.1,59.6,,,
06/01/2026,10:52:59,20.2,59.7,,,
06/01/2026,10:57:59,20.2,59,,,
06/01/2026,11:02:59,20.3,58.8,,,
06/01/2026,11:07:59,20.6,58.1,,,
06/01/2026,11:12:59,20.9,56.7,,,
06/01/2026,11:17:59,21.1,56.4,,,
06/01/2026,11:22:59,21.3,55.7,,,
06/01/2026,11:27:59,21.6,55.6,,,
06/01/2026,11:32:59,21.8,54.8,,,
06/01/2026,11:37:59,21.9,54.6,,,
06/01/2026,11:42:59,21.8,54,,,
06/01/2026,11:47:59,21.6,53.6,,,
06/01/2026,11:52:59,21.6,53.6,,,
06/01/2026,11:57:59,21.6,53,,,
06/01/2026,12:02:59,21.5,53,,,
06/01/2026,12:07:59,21.5,53,,,
06/01/2026,12:12:59,21.5,52.9,,,
06/01/2026,12:17:59,21.4,53.2,,,
06/01/2026,12:22:59,21.3,53.3,,,
06/01/2026,12:27:59,21.3,53.2,,,
06/01/2026,12:32:59,21.4,52.2,,,
06/01/2026,12:37:59,21.7,51.4,,,
06/01/2026,12:42:59,22,49.6,,,
06/01/2026,12:47:59,22.2,49.5,,,
06/01/2026,12:52:59,22.4,49.4,,,
06/01/2026,12:57:59,22.5,49.5,,,
06/01/2026,13:02:59,22.9,48.8,,,
06/01/2026,13:07:59,23.1,48.7,,,
06/01/2026,13:12:59,23.2,48.2,,,
06/01/2026,13:17:59,23.4,47.8,,,
06/01/2026,13:22:59,23.5,47.5,,,
06/01/2026,13:27:59,23.8,47.7,,,
06/01/2026,13:32:59,23.8,47.1,,,
06/01/2026,13:37:59,23.7,47.4,,,
06/01/2026,13:42:59,23.5,47.5,,,
06/01/2026,13:47:59,23.5,47.7,,,
06/01/2026,13:52:59,23.6,47,,,
06/01/2026,13:57:59,23.6,46.8,,,
06/01/2026,14:02:59,23.6,46.8,,,
06/01/2026,14:07:59,23.5,47,,,
06/01/2026,14:12:59,23.4,47,,,
06/01/2026,14:17:59,23.4,47.6,,,
06/01/2026,14:22:59,23.6,47.8,,,
06/01/2026,14:27:59,23.6,47.5,,,
06/01/2026,14:32:59,23.7,47.3,,,
06/01/2026,14:37:59,23.8,47.4,,,
06/01/2026,14:42:59,23.9,47.6,,,
06/01/2026,14:47:59,23.9,48,,,
06/01/2026,14:52:59,24,48.2,,,
06/01/2026,14:57:59,24.4,47.8,,,
06/01/2026,15:02:59,24.7,46.8,,,
06/01/2026,15:07:59,24.5,46.9,,,
06/01/2026,15:12:59,24.4,47.5,,,
06/01/2026,15:17:59,24.3,47.5,,,
06/01/2026,15:22:59,24.1,47.8,,,
06/01/2026,15:27:59,24,48.2,,,
06/01/2026,15:32:59,23.9,48.3,,,
06/01/2026,15:37:59,24,48.8,,,
06/01/2026,15:42:59,24.2,48.6,,,
06/01/2026,15:47:59,24.1,48.6,,,
06/01/2026,15:52:59,24,48.7,,,
06/01/2026,15:57:59,23.9,49.9,,,
06/01/2026,16:02:59,23.8,51.7,,,
06/01/2026,16:07:59,23.6,52.2,,,
06/01/2026,16:12:59,23.6,52.9,,,
06/01/2026,16:17:59,23.7,52.4,,,
06/01/2026,16:22:59,23.9,52.1,,,
06/01/2026,16:27:59,24,51.2,,,
06/01/2026,16:32:59,24.1,51.7,,,
06/01/2026,16:37:59,24,51.3,,,
06/01/2026,16:42:59,23.8,51.7,,,
06/01/2026,16:47:59,23.6,52.1,,,
06/01/2026,16:52:59,23.5,52.4,,,
06/01/2026,16:57:59,23.4,52.8,,,
06/01/2026,17:02:59,23.2,53.4,,,
06/01/2026,17:07:59,23.2,53.8,,,
06/01/2026,17:12:59,23.1,54,,,
06/01/2026,17:17:59,23,54.4,,,
06/01/2026,17:22:59,23,54.6,,,
06/01/2026,17:27:59,23,54.7,,,
06/01/2026,17:32:59,22.9,54.9,,,
06/01/2026,17:37:59,22.9,55.1,,,
06/01/2026,17:42:59,22.8,55.3,,,
06/01/2026,17:47:59,22.7,55.5,,,
06/01/2026,17:52:59,22.7,55.5,,,
06/01/2026,17:57:59,22.5,55.8,,,
06/01/2026,18:02:59,22.4,56.1,,,
06/01/2026,18:07:59,22.4,56.1,,,
06/01/2026,18:12:59,22.4,56.2,,,
06/01/2026,18:17:59,22.3,56.3,,,
06/01/2026,18:22:59,22.2,56.7,,,
06/01/2026,18:27:59,22.1,56.8,,,
06/01/2026,18:32:59,22.1,57.1,,,
06/01/2026,18:37:59,22,57.2,,,
06/01/2026,18:42:59,21.9,57.3,,,
06/01/2026,18:47:59,21.7,57.7,,,
06/01/2026,18:52:59,21.5,58.1,,,
06/01/2026,18:57:59,21.5,58.4,,,
06/01/2026,19:02:59,21.5,58.5,,,
06/01/2026,19:07:59,21.4,58.6,,,
06/01/2026,19:12:59,21.4,58.8,,,
06/01/2026,19:17:59,21.3,58.9,,,
06/01/2026,19:22:59,21.2,59.1,,,
06/01/2026,19:27:59,21.1,59.4,,,
06/01/2026,19:32:59,21,59.7,,,
06/01/2026,19:37:59,21,59.8,,,
06/01/2026,19:42:59,21,59.9,,,
06/01/2026,19:47:59,20.9,60.1,,,
06/01/2026,19:52:59,20.8,60.4,,,
06/01/2026,19:57:59,20.7,60.7,,,
06/01/2026,20:02:59,20.6,60.9,,,
06/01/2026,20:07:59,20.5,61.2,,,
06/01/2026,20:12:59,20.5,61.8,,,
06/01/2026,20:17:59,20.3,62.7,,,
06/01/2026,20:22:59,20.2,63.1,,,
06/01/2026,20:27:59,20.1,63.4,,,
06/01/2026,20:32:59,20,64.4,,,
06/01/2026,20:37:59,19.8,65.6,,,
06/01/2026,20:42:59,19.6,66.7,,,
06/01/2026,20:47:59,19.4,67.3,,,
06/01/2026,20:52:59,19.3,67.8,,,
06/01/2026,20:57:59,19.2,68.3,,,
06/01/2026,21:02:59,19.1,68.9,,,
06/01/2026,21:07:59,18.9,70,,,
06/01/2026,21:12:59,18.8,70.9,,,
06/01/2026,21:17:59,18.6,71.8,,,
06/01/2026,21:22:59,18.5,72.5,,,
06/01/2026,21:27:59,18.3,73.1,,,
06/01/2026,21:32:59,18.2,74,,,
06/01/2026,21:37:59,18.1,74.3,,,
06/01/2026,21:42:59,18,74.8,,,
06/01/2026,21:47:59,18,75,,,
06/01/2026,21:52:59,18,75,,,
06/01/2026,21:57:59,18,75.4,,,
06/01/2026,22:02:59,17.9,75.6,,,
06/01/2026,22:07:59,17.9,75.6,,,
06/01/2026,22:12:59,17.9,75.7,,,
06/01/2026,22:17:59,17.9,75.8,,,
06/01/2026,22:22:59,17.8,76.2,,,
06/01/2026,22:27:59,17.8,76.5,,,
06/01/2026,22:32:59,17.8,76.9,,,
06/01/2026,22:37:59,17.7,77.3,,,
06/01/2026,22:42:59,17.7,77.7,,,
06/01/2026,22:47:59,17.7,77.9,,,
06/01/2026,22:52:59,17.7,78.3,,,
06/01/2026,22:57:59,17.6,78.3,,,
06/01/2026,23:02:59,17.6,78.7,,,
06/01/2026,23:07:59,17.6,78.8,,,
06/01/2026,23:12:59,17.5,79.1,,,
06/01/2026,23:17:59,17.5,79.3,,,
06/01/2026,23:22:59,17.4,79.6,,,
06/01/2026,23:27:59,17.4,79.8,,,
06/01/2026,23:32:59,17.4,80,,,
06/01/2026,23:37:59,17.4,80.3,,,
06/01/2026,23:42:59,17.3,80.4,,,
06/01/2026,23:47:59,17.3,80.6,,,
06/01/2026,23:52:59,17.3,80.7,,,
06/01/2026,23:57:59,17.2,80.7,,,
06/02/2026,00:02:59,17.2,81,,,
06/02/2026,00:07:59,17.2,81.2,,,
06/02/2026,00:12:59,17.1,81.2,,,
06/02/2026,00:17:59,17.1,81.4,,,
06/02/2026,00:22:59,17.1,81.6,,,
06/02/2026,00:27:59,17.1,81.7,,,
06/02/2026,00:32:59,17.1,81.6,,,
06/02/2026,00:37:59,17.1,81.5,,,
06/02/2026,00:42:59,17.1,81.6,,,
06/02/2026,00:47:59,17,81.7,,,
06/02/2026,00:52:59,17,81.8,,,
06/02/2026,00:57:59,17,81.8,,,
06/02/2026,01:02:59,17,81.7,,,
06/02/2026,01:07:59,17,81.8,,,
06/02/2026,01:12:59,17,81.8,,,
06/02/2026,01:17:59,17,81.7,,,
06/02/2026,01:22:59,17,81.8,,,
06/02/2026,01:27:59,17,81.8,,,
06/02/2026,01:32:59,16.9,81.9,,,
06/02/2026,01:37:59,16.9,82.2,,,
06/02/2026,01:42:59,16.9,82.4,,,
06/02/2026,01:47:59,16.9,82.6,,,
06/02/2026,01:52:59,16.8,82.7,,,
06/02/2026,01:57:59,16.8,83,,,
06/02/2026,02:02:59,16.8,83.2,,,
06/02/2026,02:07:59,16.7,83.5,,,
06/02/2026,02:12:59,16.7,83.7,,,
06/02/2026,02:17:59,16.7,83.7,,,
06/02/2026,02:22:59,16.7,83.8,,,
06/02/2026,02:27:59,16.6,83.9,,,
06/02/2026,02:32:59,16.6,84,,,
06/02/2026,02:37:59,16.6,84,,,
06/02/2026,02:42:59,16.6,84.2,,,
06/02/2026,02:47:59,16.6,84.2,,,
06/02/2026,02:52:59,16.6,84.3,,,
06/02/2026,02:57:59,16.6,84.3,,,
06/02/2026,03:02:59,16.6,84.4,,,
06/02/2026,03:07:59,16.6,84.6,,,
06/02/2026,03:12:59,16.5,84.6,,,
06/02/2026,03:17:59,16.5,84.8,,,
06/02/2026,03:22:59,16.5,84.9,,,
06/02/2026,03:27:59,16.5,84.9,,,
06/02/2026,03:32:59,16.5,85,,,
06/02/2026,03:37:59,16.5,85,,,
06/02/2026,03:42:59,16.5,85.1,,,
06/02/2026,03:47:59,16.5,85.2,,,
06/02/2026,03:52:59,16.4,85.2,,,
06/02/2026,03:57:59,16.4,85.3,,,
06/02/2026,04:02:59,16.4,85.2,,,
06/02/2026,04:07:59,16.4,85.3,,,
06/02/2026,04:12:59,16.4,85.3,,,
06/02/2026,04:17:59,16.3,85.3,,,
06/02/2026,04:22:59,16.3,85.3,,,
06/02/2026,04:27:59,16.2,85.4,,,
06/02/2026,04:32:59,16.3,85.5,,,
06/02/2026,04:37:59,16.2,85.4,,,
06/02/2026,04:42:59,16.2,85.4,,,
06/02/2026,04:47:59,16.1,85.5,,,
06/02/2026,04:52:59,16.1,85.5,,,
06/02/2026,04:57:59,16.1,85.5,,,
06/02/2026,05:02:59,16,85.7,,,
06/02/2026,05:07:59,16.1,85.9,,,
06/02/2026,05:12:59,16,86,,,
06/02/2026,05:17:59,16.1,86.1,,,
06/02/2026,05:22:59,16.1,86.1,,,
06/02/2026,05:27:59,16.1,86,,,
06/02/2026,05:32:59,16.1,85.9,,,
06/02/2026,05:37:59,16.1,85.8,,,
06/02/2026,05:42:59,16.1,85.8,,,
06/02/2026,05:47:59,16.1,85.9,,,
06/02/2026,05:52:59,16.1,85.8,,,
06/02/2026,05:57:59,16.2,85.9,,,
06/02/2026,06:02:59,16.2,85.9,,,
06/02/2026,06:07:59,16.3,85.9,,,
06/02/2026,06:12:59,16.4,85.8,,,
06/02/2026,06:17:59,16.4,85.6,,,
06/02/2026,06:22:59,16.4,85.7,,,
06/02/2026,06:27:59,16.4,85.6,,,
06/02/2026,06:32:59,16.4,85.6,,,
06/02/2026,06:37:59,16.4,85.4,,,
06/02/2026,06:42:59,16.3,85.5,,,
06/02/2026,06:47:59,16.3,85.6,,,
06/02/2026,06:52:59,16.3,85.7,,,
06/02/2026,06:57:59,16.3,85.6,,,
06/02/2026,07:02:59,16.3,85.6,,,
06/02/2026,07:07:59,16.3,85.8,,,
06/02/2026,07:12:59,16.3,85.8,,,
06/02/2026,07:17:59,16.3,85.9,,,
06/02/2026,07:22:59,16.3,86,,,
06/02/2026,07:27:59,16.3,86,,,
06/02/2026,07:32:59,16.3,86.1,,,
06/02/2026,07:37:59,16.3,86.1,,,
06/02/2026,07:42:59,16.2,86.1,,,
06/02/2026,07:47:59,16.2,86.1,,,
06/02/2026,07:52:59,16.2,86.1,,,
06/02/2026,07:57:59,16.2,86.3,,,
06/02/2026,08:02:59,16.1,86.2,,,
06/02/2026,08:07:59,16,86.3,,,
06/02/2026,08:12:59,16.1,86.6,,,
06/02/2026,08:17:59,16.1,86.2,,,
06/02/2026,08:22:59,16.2,85.9,,,
06/02/2026,08:27:59,16.2,85.8,,,
06/02/2026,08:32:59,16.2,85.7,,,
06/02/2026,08:37:59,16.3,85.4,,,
06/02/2026,08:42:59,16.3,85.5,,,
06/02/2026,08:47:59,16.4,85.5,,,
06/02/2026,08:52:59,16.4,85.3,,,
06/02/2026,08:57:59,16.5,84.9,,,
06/02/2026,09:02:59,16.5,85,,,
06/02/2026,09:07:59,16.6,84.3,,,
06/02/2026,09:12:59,16.6,84.5,,,
06/02/2026,09:17:59,16.7,84,,,
06/02/2026,09:22:59,16.7,84,,,
06/02/2026,09:27:59,16.9,84.2,,,
06/02/2026,09:32:59,17,83,,,
06/02/2026,09:37:59,17.1,82.6,,,
06/02/2026,09:42:59,17.2,82.7,,,
06/02/2026,09:47:59,17.2,82.7,,,
06/02/2026,09:52:59,17.3,82.4,,,
06/02/2026,09:57:59,17.4,81.5,,,
06/02/2026,10:02:59,17.3,80.8,,,
06/02/2026,10:07:59,17.5,81,,,
06/02/2026,10:12:59,17.6,80.4,,,
06/02/2026,10:17:59,17.5,80.4,,,
06/02/2026,10:22:59,17.5,80.2,,,
06/02/2026,10:27:59,17.5,80.4,,,
06/02/2026,10:32:59,17.5,80.7,,,
06/02/2026,10:37:59,17.5,80.3,,,
06/02/2026,10:42:59,17.3,80.5,,,
06/02/2026,10:47:59,17.1,81.2,,,
06/02/2026,10:52:59,17.1,81.4,,,
06/02/2026,10:57:59,17.2,81.7,,,
06/02/2026,11:02:59,17.3,81.5,,,
06/02/2026,11:07:59,17.4,81.5,,,
06/02/2026,11:12:59,17.4,81,,,
06/02/2026,11:17:59,17.4,80.4,,,
06/02/2026,11:22:59,17.4,80.7,,,
06/02/2026,11:27:59,17.5,80.8,,,
06/02/2026,11:32:59,17.6,80.4,,,
06/02/2026,11:37:59,17.7,80.1,,,
06/02/2026,11:42:59,17.8,80.1,,,
06/02/2026,11:47:59,18,79.3,,,
06/02/2026,11:52:59,18.1,78.4,,,
06/02/2026,11:57:59,18.3,77.3,,,
06/02/2026,12:02:59,18.6,77.2,,,
06/02/2026,12:07:59,18.8,75.9,,,
06/02/2026,12:12:59,18.9,75.7,,,
06/02/2026,12:17:59,19,76,,,
06/02/2026,12:22:59,19.2,75.2,,,
06/02/2026,12:27:59,19.3,73.9,,,
06/02/2026,12:32:59,19.4,73.4,,,
06/02/2026,12:37:59,19.4,73.1,,,
06/02/2026,12:42:59,19.4,71.7,,,
06/02/2026,12:47:59,19.5,72,,,
06/02/2026,12:52:59,19.6,71.7,,,
06/02/2026,12:57:59,19.6,71.4,,,
06/02/2026,13:02:59,19.6,71.2,,,
06/02/2026,13:07:59,19.7,70.6,,,
06/02/2026,13:12:59,19.7,70.1,,,
06/02/2026,13:17:59,20,70.5,,,
06/02/2026,13:22:59,20.7,68.7,,,
06/02/2026,13:27:59,20.8,67.8,,,
06/02/2026,13:32:59,20.5,68.9,,,
06/02/2026,13:37:59,20.3,70.2,,,
06/02/2026,13:42:59,20.2,71,,,
06/02/2026,13:47:59,20.4,70.5,,,
06/02/2026,13:52:59,20.6,69.9,,,
06/02/2026,13:57:59,20.6,68.2,,,
06/02/2026,14:02:59,20.5,68.2,,,
06/02/2026,14:07:59,20.3,67.2,,,
06/02/2026,14:12:59,20.2,67.8,,,
06/02/2026,14:17:59,20.3,66.9,,,
06/02/2026,14:22:59,20.3,66.9,,,
06/02/2026,14:27:59,20.5,65.3,,,
06/02/2026,14:32:59,20.5,64.8,,,
06/02/2026,14:37:59,20.6,63.2,,,
06/02/2026,14:42:59,20.4,64,,,
06/02/2026,14:47:59,19.9,65.5,,,
06/02/2026,14:52:59,19.4,67.5,,,
06/02/2026,14:57:59,19.1,68.8,,,
06/02/2026,15:02:59,18.9,69.3,,,
06/02/2026,15:07:59,19.2,70.7,,,
06/02/2026,15:12:59,19.9,69.5,,,
06/02/2026,15:17:59,20.7,66.5,,,
06/02/2026,15:22:59,21.3,64.3,,,
06/02/2026,15:27:59,21.9,62.3,,,
06/02/2026,15:32:59,22.2,59.5,,,
06/02/2026,15:37:59,22.6,58.5,,,
06/02/2026,15:42:59,23,58.2,,,
06/02/2026,15:47:59,23.1,56.3,,,
06/02/2026,15:52:59,23.1,56.1,,,
06/02/2026,15:57:59,23.2,55.2,,,
06/02/2026,16:02:59,22.9,55.7,,,
06/02/2026,16:07:59,22.5,56.5,,,
06/02/2026,16:12:59,22.6,56.5,,,
06/02/2026,16:17:59,23,55.8,,,
06/02/2026,16:22:59,22.8,55.5,,,
06/02/2026,16:27:59,22.3,56.3,,,
06/02/2026,16:32:59,21.8,57,,,
06/02/2026,16:37:59,21,57.5,,,
06/02/2026,16:42:59,20.5,58.9,,,
06/02/2026,16:47:59,19.9,58.9,,,
06/02/2026,16:52:59,19.2,60.5,,,
06/02/2026,16:57:59,18.6,61.8,,,
06/02/2026,17:02:59,18.2,64.3,,,
06/02/2026,17:07:59,17.9,66.2,,,
06/02/2026,17:12:59,17.5,67.2,,,
06/02/2026,17:17:59,17.2,68.7,,,
06/02/2026,17:22:59,17.1,69.5,,,
06/02/2026,17:27:59,17.1,70.1,,,
06/02/2026,17:32:59,17.1,70.7,,,
06/02/2026,17:37:59,17.1,71.1,,,
06/02/2026,17:42:59,17.2,71.7,,,
06/02/2026,17:47:59,17.4,72,,,
06/02/2026,17:52:59,17.5,72.1,,,
06/02/2026,17:57:59,17.6,72.2,,,
06/02/2026,18:02:59,17.8,72.2,,,
06/02/2026,18:07:59,17.8,72.3,,,
06/02/2026,18:12:59,17.9,72.8,,,
06/02/2026,18:17:59,18.1,72.6,,,
06/02/2026,18:22:59,18.3,71.2,,,
06/02/2026,18:27:59,18.6,70.1,,,
06/02/2026,18:32:59,18.9,67.6,,,
06/02/2026,18:37:59,18.9,67,,,
06/02/2026,18:42:59,18.9,66.9,,,
06/02/2026,18:47:59,19,66.8,,,
06/02/2026,18:52:59,19,67,,,
06/02/2026,18:57:59,19.2,66.6,,,
06/02/2026,19:02:59,19.7,66.5,,,
06/02/2026,19:07:59,20.1,65.5,,,
06/02/2026,19:12:59,20.4,65,,,
06/02/2026,19:17:59,20.4,64.8,,,
06/02/2026,19:22:59,20,63,,,
06/02/2026,19:27:59,19.4,63,,,
06/02/2026,19:32:59,18.9,62.8,,,
06/02/2026,19:37:59,18.6,62.4,,,
06/02/2026,19:42:59,18.3,62,,,
06/02/2026,19:47:59,18.3,62.5,,,
06/02/2026,19:52:59,18.1,63.1,,,
06/02/2026,19:57:59,18,63.8,,,
06/02/2026,20:02:59,18,64.4,,,
06/02/2026,20:07:59,17.9,65.2,,,
06/02/2026,20:12:59,17.8,65.8,,,
06/02/2026,20:17:59,17.8,66.4,,,
06/02/2026,20:22:59,17.8,66.9,,,
06/02/2026,20:27:59,17.7,67.7,,,
06/02/2026,20:32:59,17.6,68.3,,,
06/02/2026,20:37:59,17.4,69,,,
06/02/2026,20:42:59,17.4,69.7,,,
06/02/2026,20:47:59,17.3,70.1,,,
06/02/2026,20:52:59,17.3,70.5,,,
06/02/2026,20:57:59,17.2,70.8,,,
06/02/2026,21:02:59,17.1,70.8,,,
06/02/2026,21:07:59,17,71.1,,,
06/02/2026,21:12:59,16.9,71.2,,,
06/02/2026,21:17:59,16.9,71.4,,,
06/02/2026,21:22:59,16.9,71.6,,,
06/02/2026,21:27:59,16.8,71.6,,,
06/02/2026,21:32:59,16.8,71.7,,,
06/02/2026,21:37:59,16.7,71.8,,,
06/02/2026,21:42:59,16.7,72.2,,,
06/02/2026,21:47:59,16.7,72.6,,,
06/02/2026,21:52:59,16.7,73.1,,,
06/02/2026,21:57:59,16.6,73.3,,,
06/02/2026,22:02:59,16.6,73.7,,,
06/02/2026,22:07:59,16.5,73.9,,,
06/02/2026,22:12:59,16.5,74.2,,,
06/02/2026,22:17:59,16.5,74.3,,,
06/02/2026,22:22:59,16.4,74.5,,,
06/02/2026,22:27:59,16.3,74.7,,,
06/02/2026,22:32:59,16.2,75,,,
06/02/2026,22:37:59,16.1,75.3,,,
06/02/2026,22:42:59,16,75.7,,,
06/02/2026,22:47:59,16,75.9,,,
06/02/2026,22:52:59,15.9,76.2,,,
06/02/2026,22:57:59,15.9,76.4,,,
06/02/2026,23:02:59,15.8,76.6,,,
06/02/2026,23:07:59,15.8,76.8,,,
06/02/2026,23:12:59,15.8,76.9,,,
06/02/2026,23:17:59,15.8,77.1,,,
06/02/2026,23:22:59,15.8,77.3,,,
06/02/2026,23:27:59,15.7,77.4,,,
06/02/2026,23:32:59,15.7,77.6,,,
06/02/2026,23:37:59,15.7,77.5,,,
06/02/2026,23:42:59,15.7,77.5,,,
06/02/2026,23:47:59,15.6,77.5,,,
06/02/2026,23:52:59,15.6,77.5,,,
06/02/2026,23:57:59,15.6,77.5,,,
06/03/2026,00:02:59,15.6,77.4,,,
06/03/2026,00:07:59,15.6,77.4,,,
06/03/2026,00:12:59,15.5,77.5,,,
06/03/2026,00:17:59,15.5,77.7,,,
06/03/2026,00:22:59,15.5,77.9,,,
06/03/2026,00:27:59,15.4,78.1,,,
06/03/2026,00:32:59,15.3,78.3,,,
06/03/2026,00:37:59,15.3,78.5,,,
06/03/2026,00:42:59,15.2,78.7,,,
06/03/2026,00:47:59,15.1,78.9,,,
06/03/2026,00:52:59,15,79.1,,,
06/03/2026,00:57:59,15,79.4,,,
06/03/2026,01:02:59,14.9,79.5,,,
06/03/2026,01:07:59,14.8,79.8,,,
06/03/2026,01:12:59,14.7,80,,,
06/03/2026,01:17:59,14.7,80.2,,,
06/03/2026,01:22:59,14.6,80.4,,,
06/03/2026,01:27:59,14.5,80.5,,,
06/03/2026,01:32:59,14.4,80.8,,,
06/03/2026,01:37:59,14.3,80.9,,,
06/03/2026,01:42:59,14.2,81.1,,,
06/03/2026,01:47:59,14.2,81.2,,,
06/03/2026,01:52:59,14.2,81.3,,,
06/03/2026,01:57:59,14.1,81.5,,,
06/03/2026,02:02:59,14.1,81.6,,,
06/03/2026,02:07:59,14,81.8,,,
06/03/2026,02:12:59,14,81.9,,,
06/03/2026,02:17:59,13.9,82.1,,,
06/03/2026,02:22:59,13.9,82.3,,,
06/03/2026,02:27:59,13.9,82.3,,,
06/03/2026,02:32:59,13.8,82.3,,,
06/03/2026,02:37:59,13.8,82.4,,,
06/03/2026,02:42:59,13.8,82.4,,,
06/03/2026,02:47:59,13.7,82.5,,,
06/03/2026,02:52:59,13.7,82.5,,,
06/03/2026,02:57:59,13.7,82.5,,,
06/03/2026,03:02:59,13.6,82.6,,,
06/03/2026,03:07:59,13.6,82.6,,,
06/03/2026,03:12:59,13.6,82.6,,,
06/03/2026,03:17:59,13.5,82.7,,,
06/03/2026,03:22:59,13.5,82.9,,,
06/03/2026,03:27:59,13.4,83,,,
06/03/2026,03:32:59,13.4,83.2,,,
06/03/2026,03:37:59,13.4,83.3,,,
06/03/2026,03:42:59,13.3,83.4,,,
06/03/2026,03:47:59,13.3,83.5,,,
06/03/2026,03:52:59,13.3,83.7,,,
06/03/2026,03:57:59,13.2,83.9,,,
06/03/2026,04:02:59,13.3,84,,,
06/03/2026,04:07:59,13.2,84.1,,,
06/03/2026,04:12:59,13.2,84.1,,,
06/03/2026,04:17:59,13.2,84,,,
06/03/2026,04:22:59,13.2,84.1,,,
06/03/2026,04:27:59,13.1,84.2,,,
06/03/2026,04:32:59,13.1,84.2,,,
06/03/2026,04:37:59,13.1,84.2,,,
06/03/2026,04:42:59,13.1,84,,,
06/03/2026,04:47:59,13,84.3,,,
06/03/2026,04:52:59,13,84.3,,,
06/03/2026,04:57:59,13,84.5,,,
06/03/2026,05:02:59,13,84.5,,,
06/03/2026,05:07:59,13,84.6,,,
06/03/2026,05:12:59,13,84.7,,,
06/03/2026,05:17:59,13,84.6,,,
06/03/2026,05:22:59,13,84.9,,,
06/03/2026,05:27:59,13,84.8,,,
06/03/2026,05:32:59,13,85,,,
06/03/2026,05:37:59,13,85,,,
06/03/2026,05:42:59,13,85.1,,,
06/03/2026,05:47:59,13.1,85.2,,,
06/03/2026,05:52:59,13.1,85.2,,,
06/03/2026,05:57:59,13.1,85.2,,,
06/03/2026,06:02:59,13.1,85.4,,,
06/03/2026,06:07:59,13.2,85.3,,,
06/03/2026,06:12:59,13.3,85.3,,,
06/03/2026,06:17:59,13.3,85.3,,,
06/03/2026,06:22:59,13.4,85.2,,,
06/03/2026,06:27:59,13.5,85,,,
06/03/2026,06:32:59,13.7,84.8,,,
06/03/2026,06:37:59,13.8,84.5,,,
06/03/2026,06:42:59,13.9,84.4,,,
06/03/2026,06:47:59,14.1,83.9,,,
06/03/2026,06:52:59,14.2,83.3,,,
06/03/2026,06:57:59,14.3,82.9,,,
06/03/2026,07:02:59,14.3,82.7,,,
06/03/2026,07:07:59,14.4,82.4,,,
06/03/2026,07:12:59,14.5,82.2,,,
06/03/2026,07:17:59,14.5,82,,,
06/03/2026,07:22:59,14.7,81.9,,,
06/03/2026,07:27:59,14.9,81.6,,,
06/03/2026,07:32:59,15,80.8,,,
06/03/2026,07:37:59,15.1,80.2,,,
06/03/2026,07:42:59,15.2,79.4,,,
06/03/2026,07:47:59,15.2,78.9,,,
06/03/2026,07:52:59,15.4,78.7,,,
06/03/2026,07:57:59,15.6,78.5,,,
06/03/2026,08:02:59,15.7,78.2,,,
06/03/2026,08:07:59,15.8,77.5,,,
06/03/2026,08:12:59,15.8,77,,,
06/03/2026,08:17:59,15.9,76.6,,,
06/03/2026,08:22:59,15.8,76.4,,,
06/03/2026,08:27:59,15.8,76.2,,,
06/03/2026,08:32:59,15.8,75.6,,,
06/03/2026,08:37:59,15.8,75.4,,,
06/03/2026,08:42:59,15.7,75.5,,,
06/03/2026,08:47:59,15.8,75.6,,,
06/03/2026,08:52:59,15.9,75.5,,,
06/03/2026,08:57:59,15.9,74.6,,,
06/03/2026,09:02:59,15.8,73.7,,,
06/03/2026,09:07:59,15.8,73.8,,,
06/03/2026,09:12:59,15.9,73.9,,,
06/03/2026,09:17:59,16,73.6,,,
06/03/2026,09:22:59,16.1,73.2,,,
06/03/2026,09:27:59,16.2,72.5,,,
06/03/2026,09:32:59,16.3,72.1,,,
06/03/2026,09:37:59,16.5,71.1,,,
06/03/2026,09:42:59,16.5,70.8,,,
06/03/2026,09:47:59,16.4,71,,,
06/03/2026,09:52:59,16.4,70.7,,,
06/03/2026,09:57:59,16.4,70.5,,,
06/03/2026,10:02:59,16.4,70.9,,,
06/03/2026,10:07:59,16.6,70.6,,,
06/03/2026,10:12:59,16.8,70,,,
06/03/2026,10:17:59,16.9,69.7,,,
06/03/2026,10:22:59,16.9,69.5,,,
06/03/2026,10:27:59,16.8,69.6,,,
06/03/2026,10:32:59,16.8,69.6,,,
06/03/2026,10:37:59,16.8,69.6,,,
06/03/2026,10:42:59,16.8,69.8,,,
06/03/2026,10:47:59,16.8,70,,,
06/03/2026,10:52:59,16.8,69.7,,,
06/03/2026,10:57:59,16.7,70.5,,,
06/03/2026,11:02:59,16.6,71.1,,,
06/03/2026,11:07:59,16.4,72.2,,,
06/03/2026,11:12:59,16.4,72.3,,,
06/03/2026,11:17:59,16.3,73,,,
06/03/2026,11:22:59,16.2,72.9,,,
06/03/2026,11:27:59,16.1,73.3,,,
06/03/2026,11:32:59,16.1,74.3,,,
06/03/2026,11:37:59,16.1,75,,,
06/03/2026,11:42:59,16.1,75.5,,,
06/03/2026,11:47:59,16,76,,,
06/03/2026,11:52:59,16,76.4,,,
06/03/2026,11:57:59,15.9,77.1,,,
06/03/2026,12:02:59,15.9,77.7,,,
06/03/2026,12:07:59,15.8,78.3,,,
06/03/2026,12:12:59,15.8,78.5,,,
06/03/2026,12:17:59,15.9,78.6,,,
06/03/2026,12:22:59,15.9,79.2,,,
06/03/2026,12:27:59,15.9,79,,,
06/03/2026,12:32:59,15.8,79.6,,,
06/03/2026,12:37:59,15.7,79.9,,,
06/03/2026,12:42:59,15.7,80.3,,,
06/03/2026,12:47:59,15.7,80.5,,,
06/03/2026,12:52:59,15.6,80.8,,,
06/03/2026,12:57:59,15.6,80.8,,,
06/03/2026,13:02:59,15.6,80.9,,,
06/03/2026,13:07:59,15.6,81,,,
06/03/2026,13:12:59,15.5,81.7,,,
06/03/2026,13:17:59,15.6,82.1,,,
06/03/2026,13:22:59,15.7,81.8,,,
06/03/2026,13:27:59,15.8,81.8,,,
06/03/2026,13:32:59,15.9,81.5,,,
06/03/2026,13:37:59,15.9,81.5,,,
06/03/2026,13:42:59,16.1,81.6,,,
06/03/2026,13:47:59,16.3,81.2,,,
06/03/2026,13:52:59,16.6,81,,,
06/03/2026,13:57:59,16.7,80.7,,,
06/03/2026,14:02:59,16.6,80.1,,,
06/03/2026,14:07:59,16.6,80.3,,,
06/03/2026,14:12:59,16.7,80.4,,,
06/03/2026,14:17:59,16.7,80.2,,,
06/03/2026,14:22:59,16.9,80.5,,,
06/03/2026,14:27:59,17,80,,,
06/03/2026,14:32:59,17.1,79.5,,,
06/03/2026,14:37:59,17.3,79.8,,,
06/03/2026,14:42:59,17.6,78.6,,,
06/03/2026,14:47:59,17.6,78.1,,,
06/03/2026,14:52:59,17.7,78.1,,,
06/03/2026,14:57:59,18,77.7,,,
06/03/2026,15:02:59,18.3,77.2,,,
06/03/2026,15:07:59,18.4,76.5,,,
06/03/2026,15:12:59,18.8,76,,,
06/03/2026,15:17:59,18.8,75.8,,,
06/03/2026,15:22:59,18.8,75.5,,,
06/03/2026,15:27:59,18.8,75.5,,,
06/03/2026,15:32:59,18.9,75,,,
06/03/2026,15:37:59,18.9,74.7,,,
06/03/2026,15:42:59,18.7,74.8,,,
06/03/2026,15:47:59,18.7,74.6,,,
06/03/2026,15:52:59,18.8,74.4,,,
06/03/2026,15:57:59,18.8,74.6,,,
06/03/2026,16:02:59,18.8,74.3,,,
06/03/2026,16:07:59,18.8,74.3,,,
06/03/2026,16:12:59,18.8,73.9,,,
06/03/2026,16:17:59,18.8,74.3,,,
06/03/2026,16:22:59,18.3,75.6,,,
06/03/2026,16:27:59,17.8,77.9,,,
06/03/2026,16:32:59,17.6,78.7,,,
06/03/2026,16:37:59,17.4,79.3,,,
06/03/2026,16:42:59,17.2,80,,,
06/03/2026,16:47:59,17.2,80.9,,,
06/03/2026,16:52:59,17.4,81.7,,,
06/03/2026,16:57:59,17.5,81.6,,,
06/03/2026,17:02:59,17.6,81.9,,,
06/03/2026,17:07:59,17.7,82.4,,,
06/03/2026,17:12:59,17.8,81.5,,,
06/03/2026,17:17:59,17.9,81.5,,,
06/03/2026,17:22:59,18.1,81.3,,,
06/03/2026,17:27:59,18.2,80.8,,,
06/03/2026,17:32:59,18.3,78.9,,,
06/03/2026,17:37:59,18.5,76.2,,,
06/03/2026,17:42:59,18.6,76.4,,,
06/03/2026,17:47:59,18.7,74.7,,,
06/03/2026,17:52:59,18.6,74.3,,,
06/03/2026,17:57:59,18.6,73.2,,,
06/03/2026,18:02:59,18.6,73,,,
06/03/2026,18:07:59,18.7,72.3,,,
06/03/2026,18:12:59,18.9,71.9,,,
06/03/2026,18:17:59,19,70.2,,,
06/03/2026,18:22:59,18.9,69.5,,,
06/03/2026,18:27:59,18.9,69.2,,,
06/03/2026,18:32:59,18.8,69.9,,,
06/03/2026,18:37:59,18.7,69.8,,,
06/03/2026,18:42:59,18.6,70.1,,,
06/03/2026,18:47:59,18.5,70.2,,,
06/03/2026,18:52:59,18.4,70.1,,,
06/03/2026,18:57:59,18.1,70.6,,,
06/03/2026,19:02:59,17.8,71.7,,,
06/03/2026,19:07:59,17.5,72.4,,,
06/03/2026,19:12:59,17.2,73.4,,,
06/03/2026,19:17:59,16.9,74,,,
06/03/2026,19:22:59,16.7,74.3,,,
06/03/2026,19:27:59,16.5,74.7,,,
06/03/2026,19:32:59,16.2,75.2,,,
06/03/2026,19:37:59,16,75.6,,,
06/03/2026,19:42:59,15.9,76,,,
06/03/2026,19:47:59,15.9,76.2,,,
06/03/2026,19:52:59,16,76.5,,,
06/03/2026,19:57:59,16,76.7,,,
06/03/2026,20:02:59,16,76.8,,,
06/03/2026,20:07:59,16,76.9,,,
06/03/2026,20:12:59,16,76.9,,,
06/03/2026,20:17:59,16,77.1,,,
06/03/2026,20:22:59,15.9,77.5,,,
06/03/2026,20:27:59,16,77.8,,,
06/03/2026,20:32:59,15.9,78.3,,,
06/03/2026,20:37:59,15.8,78.4,,,
06/03/2026,20:42:59,15.8,78.4,,,
06/03/2026,20:47:59,15.7,78.4,,,
06/03/2026,20:52:59,15.6,78.6,,,
06/03/2026,20:57:59,15.6,78.8,,,
06/03/2026,21:02:59,15.6,79,,,
06/03/2026,21:07:59,15.6,78.9,,,
06/03/2026,21:12:59,15.6,79.5,,,
06/03/2026,21:17:59,15.6,79.7,,,
06/03/2026,21:22:59,15.6,80.1,,,
06/03/2026,21:27:59,15.5,80.4,,,
06/03/2026,21:32:59,15.4,80.6,,,
06/03/2026,21:37:59,15.4,80.9,,,
06/03/2026,21:42:59,15.4,81.3,,,
06/03/2026,21:47:59,15.4,81.4,,,
06/03/2026,21:52:59,15.3,81.3,,,
06/03/2026,21:57:59,15.3,81.3,,,
06/03/2026,22:02:59,15.4,81.1,,,
06/03/2026,22:07:59,15.4,81.1,,,
06/03/2026,22:12:59,15.4,80.5,,,
06/03/2026,22:17:59,15.4,80.1,,,
06/03/2026,22:22:59,15.3,79.8,,,
06/03/2026,22:27:59,15.3,79.6,,,
06/03/2026,22:32:59,15.2,79.6,,,
06/03/2026,22:37:59,15.1,79.4,,,
06/03/2026,22:42:59,15,79.4,,,
06/03/2026,22:47:59,14.9,79.4,,,
06/03/2026,22:52:59,14.9,79.4,,,
06/03/2026,22:57:59,14.8,79.4,,,
06/03/2026,23:02:59,14.7,79.4,,,
06/03/2026,23:07:59,14.7,79.5,,,
06/03/2026,23:12:59,14.7,79.5,,,
06/03/2026,23:17:59,14.6,79.5,,,
06/03/2026,23:22:59,14.6,79.4,,,
06/03/2026,23:27:59,14.6,79.4,,,
06/03/2026,23:32:59,14.6,79.4,,,
06/03/2026,23:37:59,14.6,79.6,,,
06/03/2026,23:42:59,14.6,79.6,,,
06/03/2026,23:47:59,14.6,79.7,,,
06/03/2026,23:52:59,14.5,79.6,,,
06/03/2026,23:57:59,14.5,79.8,,,
06/04/2026,00:02:59,14.5,79.8,,,
06/04/2026,00:07:59,14.5,79.8,,,
06/04/2026,00:12:59,14.5,79.8,,,
06/04/2026,00:17:59,14.4,79.6,,,
06/04/2026,00:22:59,14.4,79.4,,,
06/04/2026,00:27:59,14.3,79.3,,,
06/04/2026,00:32:59,14.3,79.2,,,
06/04/2026,00:37:59,14.2,79.1,,,
06/04/2026,00:42:59,14.2,79.1,,,
06/04/2026,00:47:59,14.2,79,,,
06/04/2026,00:52:59,14.2,79,,,
06/04/2026,00:57:59,14.1,79.1,,,
06/04/2026,01:02:59,14.1,79.2,,,
06/04/2026,01:07:59,14.1,79.2,,,
06/04/2026,01:12:59,14.1,79.4,,,
06/04/2026,01:17:59,14.1,79.3,,,
06/04/2026,01:22:59,14.1,79.2,,,
06/04/2026,01:27:59,14.1,79.1,,,
06/04/2026,01:32:59,14.2,79,,,
06/04/2026,01:37:59,14.1,78.7,,,
06/04/2026,01:42:59,14.2,78.7,,,
06/04/2026,01:47:59,14.2,78.5,,,
06/04/2026,01:52:59,14.2,78.3,,,
06/04/2026,01:57:59,14.2,78.4,,,
06/04/2026,02:02:59,14.2,78.3,,,
06/04/2026,02:07:59,14.2,78.3,,,
06/04/2026,02:12:59,14.2,78.3,,,
06/04/2026,02:17:59,14.2,78.2,,,
06/04/2026,02:22:59,14.2,78.3,,,
06/04/2026,02:27:59,14.2,78.4,,,
06/04/2026,02:32:59,14.1,78.5,,,
06/04/2026,02:37:59,14.1,78.7,,,
06/04/2026,02:42:59,14.1,78.9,,,
06/04/2026,02:47:59,14,79,,,
06/04/2026,02:52:59,14,79,,,
06/04/2026,02:57:59,14,79,,,
06/04/2026,03:02:59,14,79,,,
06/04/2026,03:07:59,14,79,,,
06/04/2026,03:12:59,14,79,,,
06/04/2026,03:17:59,14,79,,,
06/04/2026,03:22:59,14.1,78.6,,,
06/04/2026,03:27:59,14.1,78.4,,,
06/04/2026,03:32:59,14.1,78.4,,,
06/04/2026,03:37:59,14.1,78.1,,,
06/04/2026,03:42:59,14.1,78,,,
06/04/2026,03:47:59,14.1,77.5,,,
06/04/2026,03:52:59,14.1,77.2,,,
06/04/2026,03:57:59,14.1,77.3,,,
06/04/2026,04:02:59,14.1,77.3,,,
06/04/2026,04:07:59,14.1,77.5,,,
06/04/2026,04:12:59,14.1,77.7,,,
06/04/2026,04:17:59,14.1,77.8,,,
06/04/2026,04:22:59,14,77.9,,,
06/04/2026,04:27:59,14,78,,,
06/04/2026,04:32:59,14,78,,,
06/04/2026,04:37:59,14,78.3,,,
06/04/2026,04:42:59,14,78.3,,,
06/04/2026,04:47:59,13.9,78.3,,,
06/04/2026,04:52:59,13.9,78.5,,,
06/04/2026,04:57:59,13.9,78.7,,,
06/04/2026,05:02:59,13.9,78.8,,,
06/04/2026,05:07:59,13.9,79,,,
06/04/2026,05:12:59,13.9,79.1,,,
06/04/2026,05:17:59,13.9,79.2,,,
06/04/2026,05:22:59,13.9,79.3,,,
06/04/2026,05:27:59,13.9,79.4,,,
06/04/2026,05:32:59,14,79.2,,,
06/04/2026,05:37:59,14,79.2,,,
06/04/2026,05:42:59,13.9,78.9,,,
06/04/2026,05:47:59,14,78.8,,,
06/04/2026,05:52:59,14,78.7,,,
06/04/2026,05:57:59,14,78.5,,,
06/04/2026,06:02:59,14,78.4,,,
06/04/2026,06:07:59,14,78.3,,,
06/04/2026,06:12:59,14,78.4,,,
06/04/2026,06:17:59,14,78.1,,,
06/04/2026,06:22:59,14.1,78.1,,,
06/04/2026,06:27:59,14.1,78,,,
06/04/2026,06:32:59,14.2,78,,,
06/04/2026,06:37:59,14.2,78,,,
06/04/2026,06:42:59,14.2,77.9,,,
06/04/2026,06:47:59,14.3,77.9,,,
06/04/2026,06:52:59,14.4,77.6,,,
06/04/2026,06:57:59,14.5,77.4,,,
06/04/2026,07:02:59,14.6,77.4,,,
06/04/2026,07:07:59,14.7,77.2,,,
06/04/2026,07:12:59,14.7,77.3,,,
06/04/2026,07:17:59,14.8,76.8,,,
06/04/2026,07:22:59,14.8,76.7,,,
06/04/2026,07:27:59,14.9,76.4,,,
06/04/2026,07:32:59,15,76.1,,,
06/04/2026,07:37:59,15.1,75.8,,,
06/04/2026,07:42:59,15.2,75.4,,,
06/04/2026,07:47:59,15.2,74.9,,,
06/04/2026,07:52:59,15.3,74.6,,,
06/04/2026,07:57:59,15.2,74.6,,,
06/04/2026,08:02:59,15.3,74.7,,,
06/04/2026,08:07:59,15.2,74.6,,,
06/04/2026,08:12:59,15.2,74.7,,,
06/04/2026,08:17:59,15.4,74.7,,,
06/04/2026,08:22:59,15.6,74.2,,,
06/04/2026,08:27:59,15.6,74.1,,,
06/04/2026,08:32:59,15.5,73.9,,,
06/04/2026,08:37:59,15.5,74.2,,,
06/04/2026,08:42:59,15.6,74,,,
06/04/2026,08:47:59,15.9,73.6,,,
06/04/2026,08:52:59,15.8,73.3,,,
06/04/2026,08:57:59,15.7,73.7,,,
06/04/2026,09:02:59,15.8,73.9,,,
06/04/2026,09:07:59,15.9,74,,,
06/04/2026,09:12:59,16.1,73.8,,,
06/04/2026,09:17:59,16.1,72.7,,,
06/04/2026,09:22:59,16,73.1,,,
06/04/2026,09:27:59,16.1,72.4,,,
06/04/2026,09:32:59,16.1,72.3,,,
06/04/2026,09:37:59,16.1,71.8,,,
06/04/2026,09:42:59,16.1,71.6,,,
06/04/2026,09:47:59,16.1,71.7,,,
06/04/2026,09:52:59,16,71.1,,,
06/04/2026,09:57:59,16.1,71.2,,,
06/04/2026,10:02:59,16.6,71.1,,,
06/04/2026,10:07:59,16.9,69.5,,,
06/04/2026,10:12:59,16.9,69.1,,,
06/04/2026,10:17:59,17.1,69,,,
06/04/2026,10:22:59,17.3,68.4,,,
06/04/2026,10:27:59,17.7,67.9,,,
06/04/2026,10:32:59,17.9,66.5,,,
06/04/2026,10:37:59,17.6,66.2,,,
06/04/2026,10:42:59,17.4,66,,,
06/04/2026,10:47:59,17.4,66,,,
06/04/2026,10:52:59,17.7,65.4,,,
06/04/2026,10:57:59,18.1,64.8,,,
06/04/2026,11:02:59,17.8,67.3,,,
06/04/2026,11:07:59,17.2,69.6,,,
06/04/2026,11:12:59,16.7,71.4,,,
06/04/2026,11:17:59,16.6,72.9,,,
06/04/2026,11:22:59,17,73.3,,,
06/04/2026,11:27:59,17.5,70.2,,,
06/04/2026,11:32:59,17.8,68.6,,,
06/04/2026,11:37:59,17.7,68.7,,,
06/04/2026,11:42:59,17.6,68.6,,,
06/04/2026,11:47:59,17.3,68.9,,,
06/04/2026,11:52:59,16.8,70.4,,,
06/04/2026,11:57:59,16.6,70.8,,,
06/04/2026,12:02:59,16.6,71.7,,,
06/04/2026,12:07:59,16.6,71.2,,,
06/04/2026,12:12:59,16.8,71.4,,,
06/04/2026,12:17:59,17,70.6,,,
06/04/2026,12:22:59,17.2,69.1,,,
06/04/2026,12:27:59,17.4,68.2,,,
06/04/2026,12:32:59,17.4,68.8,,,
06/04/2026,12:37:59,17.1,70.1,,,
06/04/2026,12:42:59,16.6,71.6,,,
06/04/2026,12:47:59,16.1,73.1,,,
06/04/2026,12:52:59,16.1,75,,,
06/04/2026,12:57:59,16.5,74.4,,,
06/04/2026,13:02:59,16.8,73.6,,,
06/04/2026,13:07:59,17.3,73.3,,,
06/04/2026,13:12:59,17.7,70.9,,,
06/04/2026,13:17:59,17.9,70.4,,,
06/04/2026,13:22:59,18.4,69,,,
06/04/2026,13:27:59,18.7,66.9,,,
06/04/2026,13:32:59,19,66.5,,,
06/04/2026,13:37:59,19.3,64.1,,,
06/04/2026,13:42:59,19.4,64.2,,,
06/04/2026,13:47:59,19.4,62.8,,,
06/04/2026,13:52:59,19.3,62,,,
06/04/2026,13:57:59,19.4,62.6,,,
06/04/2026,14:02:59,19.7,62.1,,,
06/04/2026,14:07:59,20.1,60.7,,,
06/04/2026,14:12:59,20.1,61.1,,,
06/04/2026,14:17:59,20.2,60.7,,,
06/04/2026,14:22:59,19.9,59.9,,,
06/04/2026,14:27:59,19.2,63,,,
06/04/2026,14:32:59,18.4,66.3,,,
06/04/2026,14:37:59,18.5,66.9,,,
06/04/2026,14:42:59,18.9,66.6,,,
06/04/2026,14:47:59,19.2,66.6,,,
06/04/2026,14:52:59,19.5,63.7,,,
06/04/2026,14:57:59,19.2,63.9,,,
06/04/2026,15:02:59,19.1,65.7,,,
06/04/2026,15:07:59,19.2,65.3,,,
06/04/2026,15:12:59,19.5,64.6,,,
06/04/2026,15:17:59,19.5,63,,,
06/04/2026,15:22:59,19.2,62.6,,,
06/04/2026,15:27:59,19.4,63,,,
06/04/2026,15:32:59,19.7,63.7,,,
06/04/2026,15:37:59,20.2,62.6,,,
06/04/2026,15:42:59,20.7,61.4,,,
06/04/2026,15:47:59,20.9,60.5,,,
06/04/2026,15:52:59,21.1,59.8,,,
06/04/2026,15:57:59,21.1,59.9,,,
06/04/2026,16:02:59,20.8,59.5,,,
06/04/2026,16:07:59,20.4,60.1,,,
06/04/2026,16:12:59,20.2,60.6,,,
06/04/2026,16:17:59,20.5,61.4,,,
06/04/2026,16:22:59,21,60.7,,,
06/04/2026,16:27:59,21.5,60.2,,,
06/04/2026,16:32:59,21.5,57.8,,,
06/04/2026,16:37:59,21.6,55.6,,,
06/04/2026,16:42:59,21.5,54.2,,,
06/04/2026,16:47:59,21.1,53.8,,,
06/04/2026,16:52:59,20.8,54.4,,,
06/04/2026,16:57:59,20.7,55.6,,,
06/04/2026,17:02:59,20.7,55.3,,,
06/04/2026,17:07:59,20.5,56,,,
06/04/2026,17:12:59,20.4,56.5,,,
06/04/2026,17:17:59,20.3,56.8,,,
06/04/2026,17:22:59,20.2,56.9,,,
06/04/2026,17:27:59,20,57.6,,,
06/04/2026,17:32:59,19.6,59.8,,,
06/04/2026,17:37:59,19.3,60.7,,,
06/04/2026,17:42:59,19.2,61.3,,,
06/04/2026,17:47:59,19.2,62.3,,,
06/04/2026,17:52:59,19.2,61.7,,,
06/04/2026,17:57:59,19.2,61.4,,,
06/04/2026,18:02:59,19.3,61.1,,,
06/04/2026,18:07:59,19.3,60.6,,,
06/04/2026,18:12:59,19.3,60.8,,,
06/04/2026,18:17:59,19.4,61.2,,,
06/04/2026,18:22:59,19.2,62,,,
06/04/2026,18:27:59,19,63,,,
06/04/2026,18:32:59,18.9,63.9,,,
06/04/2026,18:37:59,18.8,64,,,
06/04/2026,18:42:59,18.6,64.6,,,
06/04/2026,18:47:59,18.7,64.5,,,
06/04/2026,18:52:59,18.8,63.4,,,
06/04/2026,18:57:59,18.9,63.5,,,
06/04/2026,19:02:59,18.8,63.7,,,
06/04/2026,19:07:59,18.7,64.1,,,
06/04/2026,19:12:59,18.5,64.7,,,
06/04/2026,19:17:59,18.5,65.4,,,
06/04/2026,19:22:59,18.6,65.1,,,
06/04/2026,19:27:59,19,65.1,,,
06/04/2026,19:32:59,19.5,64.5,,,
06/04/2026,19:37:59,19.6,63.7,,,
06/04/2026,19:42:59,19.5,63.5,,,
06/04/2026,19:47:59,19.2,63.4,,,
06/04/2026,19:52:59,18.9,63.6,,,
06/04/2026,19:57:59,18.6,64.1,,,
06/04/2026,20:02:59,18.4,64.6,,,
06/04/2026,20:07:59,18.3,64.9,,,
06/04/2026,20:12:59,18.1,65.2,,,
06/04/2026,20:17:59,18,65.9,,,
06/04/2026,20:22:59,17.9,65.8,,,
06/04/2026,20:27:59,17.8,65.9,,,
06/04/2026,20:32:59,17.7,66,,,
06/04/2026,20:37:59,17.7,66.3,,,
06/04/2026,20:42:59,17.5,66.6,,,
06/04/2026,20:47:59,17.5,66.9,,,
06/04/2026,20:52:59,17.4,67.2,,,
06/04/2026,20:57:59,17.3,67.6,,,
06/04/2026,21:02:59,17.2,67.9,,,
06/04/2026,21:07:59,17.1,68.2,,,
06/04/2026,21:12:59,17,68.3,,,
06/04/2026,21:17:59,16.9,68.5,,,
06/04/2026,21:22:59,16.8,68.8,,,
06/04/2026,21:27:59,16.7,69.1,,,
06/04/2026,21:32:59,16.6,69.5,,,
06/04/2026,21:37:59,16.5,70,,,
06/04/2026,21:42:59,16.3,70.4,,,
06/04/2026,21:47:59,16.2,70.9,,,
06/04/2026,21:52:59,16,71.3,,,
06/04/2026,21:57:59,15.9,71.5,,,
06/04/2026,22:02:59,15.9,71.7,,,
06/04/2026,22:07:59,15.8,71.9,,,
06/04/2026,22:12:59,15.7,72,,,
06/04/2026,22:17:59,15.7,72.2,,,
06/04/2026,22:22:59,15.6,72.3,,,
06/04/2026,22:27:59,15.5,72.5,,,
06/04/2026,22:32:59,15.5,72.7,,,
06/04/2026,22:37:59,15.4,73.1,,,
06/04/2026,22:42:59,15.3,73.3,,,
06/04/2026,22:47:59,15.3,73.4,,,
06/04/2026,22:52:59,15.2,73.6,,,
06/04/2026,22:57:59,15.1,73.8,,,
06/04/2026,23:02:59,15.1,74,,,
06/04/2026,23:07:59,15,74.2,,,
06/04/2026,23:12:59,15,74.3,,,
06/04/2026,23:17:59,14.9,74.5,,,
06/04/2026,23:22:59,14.9,74.8,,,
06/04/2026,23:27:59,14.8,74.9,,,
06/04/2026,23:32:59,14.8,75,,,
06/04/2026,23:37:59,14.7,75.2,,,
06/04/2026,23:42:59,14.7,75.3,,,
06/04/2026,23:47:59,14.5,75.5,,,
06/04/2026,23:52:59,14.5,75.8,,,
06/04/2026,23:57:59,14.4,75.9,,,
06/05/2026,00:02:59,14.4,76.1,,,
06/05/2026,00:07:59,14.4,76.2,,,
06/05/2026,00:12:59,14.3,76.2,,,
06/05/2026,00:17:59,14.3,76.3,,,
06/05/2026,00:22:59,14.2,76.3,,,
06/05/2026,00:27:59,14.2,76.3,,,
06/05/2026,00:32:59,14.2,76.3,,,
06/05/2026,00:37:59,14.1,76.4,,,
06/05/2026,00:42:59,14.1,76.4,,,
06/05/2026,00:47:59,14,76.5,,,
06/05/2026,00:52:59,13.9,76.7,,,
06/05/2026,00:57:59,13.9,76.8,,,
06/05/2026,01:02:59,13.8,76.8,,,
06/05/2026,01:07:59,13.7,76.8,,,
06/05/2026,01:12:59,13.7,77,,,
06/05/2026,01:17:59,13.6,77,,,
06/05/2026,01:22:59,13.6,77,,,
06/05/2026,01:27:59,13.6,77.1,,,
06/05/2026,01:32:59,13.5,77.3,,,
06/05/2026,01:37:59,13.4,77.4,,,
06/05/2026,01:42:59,13.4,77.6,,,
06/05/2026,01:47:59,13.3,77.7,,,
06/05/2026,01:52:59,13.3,77.7,,,
06/05/2026,01:57:59,13.2,77.9,,,
06/05/2026,02:02:59,13.2,78.1,,,
06/05/2026,02:07:59,13.1,78.3,,,
06/05/2026,02:12:59,13,78.5,,,
06/05/2026,02:17:59,13,78.6,,,
06/05/2026,02:22:59,13,78.8,,,
06/05/2026,02:27:59,12.9,79,,,
06/05/2026,02:32:59,12.9,79.2,,,
06/05/2026,02:37:59,12.8,79.3,,,
06/05/2026,02:42:59,12.7,79.5,,,
06/05/2026,02:47:59,12.6,79.8,,,
06/05/2026,02:52:59,12.6,80,,,
06/05/2026,02:57:59,12.5,80.2,,,
06/05/2026,03:02:59,12.5,80.4,,,
06/05/2026,03:07:59,12.5,80.5,,,
06/05/2026,03:12:59,12.4,80.7,,,
06/05/2026,03:17:59,12.4,80.8,,,
06/05/2026,03:22:59,12.3,81.1,,,
06/05/2026,03:27:59,12.3,81.2,,,
06/05/2026,03:32:59,12.2,81.3,,,
06/05/2026,03:37:59,12.2,81.5,,,
06/05/2026,03:42:59,12.2,81.5,,,
06/05/2026,03:47:59,12.1,81.7,,,
06/05/2026,03:52:59,12.1,81.8,,,
06/05/2026,03:57:59,12.1,81.9,,,
06/05/2026,04:02:59,12.1,81.9,,,
06/05/2026,04:07:59,12,82.1,,,
06/05/2026,04:12:59,12,82.2,,,
06/05/2026,04:17:59,11.9,82.3,,,
06/05/2026,04:22:59,11.9,82.4,,,
06/05/2026,04:27:59,11.9,82.3,,,
06/05/2026,04:32:59,11.8,82.4,,,
06/05/2026,04:37:59,11.8,82.5,,,
06/05/2026,04:42:59,11.8,82.6,,,
06/05/2026,04:47:59,11.7,82.7,,,
06/05/2026,04:52:59,11.7,82.8,,,
06/05/2026,04:57:59,11.7,83,,,
06/05/2026,05:02:59,11.7,83.1,,,
06/05/2026,05:07:59,11.7,83,,,
06/05/2026,05:12:59,11.7,83,,,
06/05/2026,05:17:59,11.7,83.1,,,
06/05/2026,05:22:59,11.7,83.1,,,
06/05/2026,05:27:59,11.7,83.1,,,
06/05/2026,05:32:59,11.7,83.3,,,
06/05/2026,05:37:59,11.7,83.2,,,
06/05/2026,05:42:59,11.8,83.3,,,
06/05/2026,05:47:59,11.9,83.3,,,
06/05/2026,05:52:59,11.9,83.3,,,
06/05/2026,05:57:59,12,83.2,,,
06/05/2026,06:02:59,12.2,83.2,,,
06/05/2026,06:07:59,12.2,83.1,,,
06/05/2026,06:12:59,12.3,82.8,,,
06/05/2026,06:17:59,12.4,82.9,,,
06/05/2026,06:22:59,12.5,82.8,,,
06/05/2026,06:27:59,12.6,82.7,,,
06/05/2026,06:32:59,12.6,82.7,,,
06/05/2026,06:37:59,12.7,82.6,,,
06/05/2026,06:42:59,12.8,82.5,,,
06/05/2026,06:47:59,12.8,82.4,,,
06/05/2026,06:52:59,12.8,82.3,,,
06/05/2026,06:57:59,12.9,82.3,,,
06/05/2026,07:02:59,12.9,82.3,,,
06/05/2026,07:07:59,13,82.2,,,
06/05/2026,07:12:59,13,82.1,,,
06/05/2026,07:17:59,13.1,81.9,,,
06/05/2026,07:22:59,13.3,81.4,,,
06/05/2026,07:27:59,13.5,80.8,,,
06/05/2026,07:32:59,13.7,80.1,,,
06/05/2026,07:37:59,13.9,78.7,,,
06/05/2026,07:42:59,14.1,78.1,,,
06/05/2026,07:47:59,14.1,77.1,,,
06/05/2026,07:52:59,14.2,76.6,,,
06/05/2026,07:57:59,14.4,76.9,,,
06/05/2026,08:02:59,14.6,75.6,,,
06/05/2026,08:07:59,14.6,74.6,,,
06/05/2026,08:12:59,14.8,74.9,,,
06/05/2026,08:17:59,14.9,73.9,,,
06/05/2026,08:22:59,15,74,,,
06/05/2026,08:27:59,15.1,73.6,,,
06/05/2026,08:32:59,15.2,73.1,,,
06/05/2026,08:37:59,15.3,72.3,,,
06/05/2026,08:42:59,15.3,72,,,
06/05/2026,08:47:59,15.3,72.3,,,
06/05/2026,08:52:59,15.5,71.9,,,
06/05/2026,08:57:59,15.7,70.9,,,
06/05/2026,09:02:59,16,71,,,
06/05/2026,09:07:59,16.3,70.8,,,
06/05/2026,09:12:59,16.4,69.4,,,
06/05/2026,09:17:59,16.3,67.9,,,
06/05/2026,09:22:59,16.2,68.2,,,
06/05/2026,09:27:59,16.2,67.3,,,
06/05/2026,09:32:59,16.2,67.6,,,
06/05/2026,09:37:59,16.5,67.4,,,
06/05/2026,09:42:59,16.6,65.6,,,
06/05/2026,09:47:59,16.3,65.7,,,
06/05/2026,09:52:59,16.3,65.2,,,
06/05/2026,09:57:59,16.6,64.8,,,
06/05/2026,10:02:59,16.7,62.2,,,
06/05/2026,10:07:59,17,62.7,,,
06/05/2026,10:12:59,17.4,61.7,,,
06/05/2026,10:17:59,17.4,59.7,,,
06/05/2026,10:22:59,17.6,59.7,,,
06/05/2026,10:27:59,17.6,57.8,,,
06/05/2026,10:32:59,17.4,58.9,,,
06/05/2026,10:37:59,17.4,58.5,,,
06/05/2026,10:42:59,17.3,58.4,,,
06/05/2026,10:47:59,17.4,58.6,,,
06/05/2026,10:52:59,17.5,58.6,,,
06/05/2026,10:57:59,17.7,57.8,,,
06/05/2026,11:02:59,17.7,57,,,
06/05/2026,11:07:59,18,56.4,,,
06/05/2026,11:12:59,17.9,54.9,,,
06/05/2026,11:17:59,18,55.1,,,
06/05/2026,11:22:59,18.2,55.8,,,
06/05/2026,11:27:59,18.7,55.3,,,
06/05/2026,11:32:59,18.7,54.3,,,
06/05/2026,11:37:59,18.5,54.5,,,
06/05/2026,11:42:59,18.5,54.1,,,
06/05/2026,11:47:59,18.6,53.9,,,
06/05/2026,11:52:59,18.3,53.9,,,
06/05/2026,11:57:59,18.3,55.2,,,
06/05/2026,12:02:59,18.4,54.6,,,
06/05/2026,12:07:59,18.8,54.3,,,
06/05/2026,12:12:59,19,53.1,,,
06/05/2026,12:17:59,19,53.2,,,
06/05/2026,12:22:59,19.2,53.4,,,
06/05/2026,12:27:59,19.5,52.9,,,
06/05/2026,12:32:59,19.7,52.5,,,
06/05/2026,12:37:59,19.9,49.9,,,
06/05/2026,12:42:59,19.5,49.5,,,
06/05/2026,12:47:59,19.3,50.5,,,
06/05/2026,12:52:59,19.5,50.6,,,
06/05/2026,12:57:59,19.7,49.2,,,
06/05/2026,13:02:59,19.6,48.7,,,
06/05/2026,13:07:59,19.4,48.8,,,
06/05/2026,13:12:59,19.5,49.8,,,
06/05/2026,13:17:59,19.9,48.5,,,
06/05/2026,13:22:59,20.1,47.4,,,
06/05/2026,13:27:59,20.1,47.4,,,
06/05/2026,13:32:59,20,46.7,,,
06/05/2026,13:37:59,19.9,47,,,
06/05/2026,13:42:59,20,47.3,,,
06/05/2026,13:47:59,20.1,47.1,,,
06/05/2026,13:52:59,20.2,46.3,,,
06/05/2026,13:57:59,20.1,46,,,
06/05/2026,14:02:59,20.3,45.7,,,
06/05/2026,14:07:59,20.7,44.4,,,
06/05/2026,14:12:59,20.8,43.5,,,
06/05/2026,14:17:59,20.6,44.1,,,
06/05/2026,14:22:59,20.7,44,,,
06/05/2026,14:27:59,20.7,43.7,,,
06/05/2026,14:32:59,20.7,44.4,,,
06/05/2026,14:37:59,20.7,44.7,,,
06/05/2026,14:42:59,20.7,43.8,,,
06/05/2026,14:47:59,20.7,43.1,,,
06/05/2026,14:52:59,20.5,43.3,,,
06/05/2026,14:57:59,20.5,43.5,,,
06/05/2026,15:02:59,20.8,44.2,,,
06/05/2026,15:07:59,21.3,43.5,,,
06/05/2026,15:12:59,21.4,43.1,,,
06/05/2026,15:17:59,21.3,42.6,,,
06/05/2026,15:22:59,21.3,43,,,
06/05/2026,15:27:59,21.2,42.4,,,
06/05/2026,15:32:59,21.4,41.9,,,
06/05/2026,15:37:59,21.6,42,,,
06/05/2026,15:42:59,21.3,42.6,,,
06/05/2026,15:47:59,21.3,42.6,,,
06/05/2026,15:52:59,21.2,42.6,,,
06/05/2026,15:57:59,21.1,43.6,,,
06/05/2026,16:02:59,20.8,42.9,,,
06/05/2026,16:07:59,20.5,43.4,,,
06/05/2026,16:12:59,20.3,43.9,,,
06/05/2026,16:17:59,20.4,44,,,
06/05/2026,16:22:59,20.7,44.1,,,
06/05/2026,16:27:59,20.9,43.1,,,
06/05/2026,16:32:59,20.9,42.7,,,
06/05/2026,16:37:59,20.8,43.2,,,
06/05/2026,16:42:59,20.7,43.1,,,
06/05/2026,16:47:59,20.2,43.3,,,
06/05/2026,16:52:59,19.9,44.1,,,
06/05/2026,16:57:59,19.7,45,,,
06/05/2026,17:02:59,19.7,44.8,,,
06/05/2026,17:07:59,19.7,44.7,,,
06/05/2026,17:12:59,19.7,45.1,,,
06/05/2026,17:17:59,19.8,45.2,,,
06/05/2026,17:22:59,19.9,45.1,,,
06/05/2026,17:27:59,19.8,45,,,
06/05/2026,17:32:59,19.7,45.4,,,
06/05/2026,17:37:59,19.7,45.5,,,
06/05/2026,17:42:59,19.6,46,,,
06/05/2026,17:47:59,19.6,46.3,,,
06/05/2026,17:52:59,19.5,46,,,
06/05/2026,17:57:59,19.3,46.8,,,
06/05/2026,18:02:59,19.3,46.9,,,
06/05/2026,18:07:59,19.3,47.1,,,
06/05/2026,18:12:59,19.2,46.6,,,
06/05/2026,18:17:59,19,46.6,,,
06/05/2026,18:22:59,18.9,47.3,,,
06/05/2026,18:27:59,18.8,47.5,,,
06/05/2026,18:32:59,18.7,48.2,,,
06/05/2026,18:37:59,18.6,48.1,,,
06/05/2026,18:42:59,18.6,48.4,,,
06/05/2026,18:47:59,18.6,48.7,,,
06/05/2026,18:52:59,18.6,48.8,,,
06/05/2026,18:57:59,18.6,49.2,,,
06/05/2026,19:02:59,18.6,49.4,,,
06/05/2026,19:07:59,18.7,49.5,,,
06/05/2026,19:12:59,18.7,49.8,,,
06/05/2026,19:17:59,18.7,50,,,
06/05/2026,19:22:59,18.7,49.8,,,
06/05/2026,19:27:59,18.6,49.6,,,
06/05/2026,19:32:59,18.5,49.8,,,
06/05/2026,19:37:59,18.4,49.1,,,
06/05/2026,19:42:59,18.4,49.4,,,
06/05/2026,19:47:59,18.3,49.5,,,
06/05/2026,19:52:59,18.1,49.8,,,
06/05/2026,19:57:59,17.9,50.4,,,
06/05/2026,20:02:59,17.9,50.6,,,
06/05/2026,20:07:59,17.8,50.9,,,
06/05/2026,20:12:59,17.7,50.8,,,
06/05/2026,20:17:59,17.7,50.8,,,
06/05/2026,20:22:59,17.7,51,,,
06/05/2026,20:27:59,17.6,51.4,,,
06/05/2026,20:32:59,17.6,51.2,,,
06/05/2026,20:37:59,17.5,51.4,,,
06/05/2026,20:42:59,17.4,51.6,,,
06/05/2026,20:47:59,17.3,51.9,,,
06/05/2026,20:52:59,17.2,52.1,,,
06/05/2026,20:57:59,17.1,52.4,,,
06/05/2026,21:02:59,17,52.8,,,
06/05/2026,21:07:59,16.8,53.1,,,
06/05/2026,21:12:59,16.7,53.7,,,
06/05/2026,21:17:59,16.6,54.2,,,
06/05/2026,21:22:59,16.4,54.2,,,
06/05/2026,21:27:59,16.3,54.6,,,
06/05/2026,21:32:59,16.2,54.7,,,
06/05/2026,21:37:59,16.1,55,,,
06/05/2026,21:42:59,16,55.2,,,
06/05/2026,21:47:59,15.9,55.6,,,
06/05/2026,21:52:59,15.9,56,,,
06/05/2026,21:57:59,15.8,56.1,,,
06/05/2026,22:02:59,15.7,56.3,,,
06/05/2026,22:07:59,15.6,56.6,,,
06/05/2026,22:12:59,15.5,56.4,,,
06/05/2026,22:17:59,15.4,56.5,,,
06/05/2026,22:22:59,15.3,56.8,,,
06/05/2026,22:27:59,15.2,57.1,,,
06/05/2026,22:32:59,15.1,57.2,,,
06/05/2026,22:37:59,15,57.2,,,
06/05/2026,22:42:59,15,57.2,,,
06/05/2026,22:47:59,14.9,57.2,,,
06/05/2026,22:52:59,14.8,57.5,,,
06/05/2026,22:57:59,14.7,57.7,,,
06/05/2026,23:02:59,14.6,57.8,,,
06/05/2026,23:07:59,14.5,58.1,,,
06/05/2026,23:12:59,14.4,58.6,,,
06/05/2026,23:17:59,14.4,58.5,,,
06/05/2026,23:22:59,14.3,58.6,,,
06/05/2026,23:27:59,14.2,59.1,,,
06/05/2026,23:32:59,14.2,59.4,,,
06/05/2026,23:37:59,14.1,59.9,,,
06/05/2026,23:42:59,14,60.3,,,
06/05/2026,23:47:59,14,60.7,,,
06/05/2026,23:52:59,13.9,61,,,
06/05/2026,23:57:59,13.8,61.3,,,
06/06/2026,00:02:59,13.7,61.6,,,
06/06/2026,00:07:59,13.7,61.8,,,
06/06/2026,00:12:59,13.6,62,,,
06/06/2026,00:17:59,13.6,62.3,,,
06/06/2026,00:22:59,13.5,62.6,,,
06/06/2026,00:27:59,13.4,62.7,,,
06/06/2026,00:32:59,13.4,62.9,,,
06/06/2026,00:37:59,13.3,63.1,,,
06/06/2026,00:42:59,13.2,63.2,,,
06/06/2026,00:47:59,13.1,63.4,,,
06/06/2026,00:52:59,13.1,64,,,
06/06/2026,00:57:59,13,63.9,,,
06/06/2026,01:02:59,13,64.1,,,
06/06/2026,01:07:59,12.9,64.1,,,
06/06/2026,01:12:59,12.9,64.2,,,
06/06/2026,01:17:59,12.9,64.2,,,
06/06/2026,01:22:59,12.8,64.3,,,
06/06/2026,01:27:59,12.8,64.2,,,
06/06/2026,01:32:59,12.7,64.5,,,
06/06/2026,01:37:59,12.7,65,,,
06/06/2026,01:42:59,12.6,65.3,,,
06/06/2026,01:47:59,12.6,65.6,,,
06/06/2026,01:52:59,12.6,65.9,,,
06/06/2026,01:57:59,12.6,66.2,,,
06/06/2026,02:02:59,12.6,66.5,,,
06/06/2026,02:07:59,12.6,66.7,,,
06/06/2026,02:12:59,12.6,66.9,,,
06/06/2026,02:17:59,12.6,67,,,
06/06/2026,02:22:59,12.6,67.2,,,
06/06/2026,02:27:59,12.6,67.4,,,
06/06/2026,02:32:59,12.7,67.8,,,
06/06/2026,02:37:59,12.7,68.3,,,
06/06/2026,02:42:59,12.6,68.6,,,
06/06/2026,02:47:59,12.6,68.7,,,
06/06/2026,02:52:59,12.6,69,,,
06/06/2026,02:57:59,12.7,69.1,,,
06/06/2026,03:02:59,12.7,69.5,,,
06/06/2026,03:07:59,12.7,69.7,,,
06/06/2026,03:12:59,12.7,70,,,
06/06/2026,03:17:59,12.7,70,,,
06/06/2026,03:22:59,12.7,70.3,,,
06/06/2026,03:27:59,12.7,70.7,,,
06/06/2026,03:32:59,12.7,71.2,,,
06/06/2026,03:37:59,12.6,71.5,,,
06/06/2026,03:42:59,12.6,72,,,
06/06/2026,03:47:59,12.6,72.4,,,
06/06/2026,03:52:59,12.5,73,,,
06/06/2026,03:57:59,12.5,73.4,,,
06/06/2026,04:02:59,12.5,73.9,,,
06/06/2026,04:07:59,12.4,74.3,,,
06/06/2026,04:12:59,12.4,74.7,,,
06/06/2026,04:17:59,12.4,75.3,,,
06/06/2026,04:22:59,12.4,75.9,,,
06/06/2026,04:27:59,12.4,76.4,,,
06/06/2026,04:32:59,12.4,76.8,,,
06/06/2026,04:37:59,12.3,77.3,,,
06/06/2026,04:42:59,12.4,77.8,,,
06/06/2026,04:47:59,12.4,78,,,
06/06/2026,04:52:59,12.4,78.5,,,
06/06/2026,04:57:59,12.4,78.6,,,
06/06/2026,05:02:59,12.5,78.7,,,
06/06/2026,05:07:59,12.5,79,,,
06/06/2026,05:12:59,12.5,79.1,,,
06/06/2026,05:17:59,12.5,79.1,,,
06/06/2026,05:22:59,12.6,79.3,,,
06/06/2026,05:27:59,12.6,79.2,,,
06/06/2026,05:32:59,12.6,79.5,,,
06/06/2026,05:37:59,12.6,79.8,,,
06/06/2026,05:42:59,12.6,79.9,,,
06/06/2026,05:47:59,12.6,80.2,,,
06/06/2026,05:52:59,12.6,80.5,,,
06/06/2026,05:57:59,12.6,80.8,,,
06/06/2026,06:02:59,12.6,81.2,,,
06/06/2026,06:07:59,12.7,81.2,,,
06/06/2026,06:12:59,12.7,81.5,,,
06/06/2026,06:17:59,12.7,81.7,,,
06/06/2026,06:22:59,12.8,82,,,
06/06/2026,06:27:59,12.7,82,,,
06/06/2026,06:32:59,12.8,82.1,,,
06/06/2026,06:37:59,12.8,82.2,,,
06/06/2026,06:42:59,12.8,82.4,,,
06/06/2026,06:47:59,12.8,82.7,,,
06/06/2026,06:52:59,12.9,82.7,,,
06/06/2026,06:57:59,12.9,82.9,,,
06/06/2026,07:02:59,13,82.9,,,
06/06/2026,07:07:59,13,83.1,,,
06/06/2026,07:12:59,13.1,83.1,,,
06/06/2026,07:17:59,13.2,83,,,
06/06/2026,07:22:59,13.2,83.1,,,
06/06/2026,07:27:59,13.3,83,,,
06/06/2026,07:32:59,13.3,82.9,,,
06/06/2026,07:37:59,13.3,82.8,,,
06/06/2026,07:42:59,13.4,82.7,,,
06/06/2026,07:47:59,13.5,82.8,,,
06/06/2026,07:52:59,13.6,82.7,,,
06/06/2026,07:57:59,13.7,82.6,,,
06/06/2026,08:02:59,13.8,82.3,,,
06/06/2026,08:07:59,13.8,82.1,,,
06/06/2026,08:12:59,13.8,81.8,,,
06/06/2026,08:17:59,13.8,82,,,
06/06/2026,08:22:59,13.9,81.9,,,
06/06/2026,08:27:59,14,82,,,
06/06/2026,08:32:59,14,82.4,,,
06/06/2026,08:37:59,14,81.7,,,
06/06/2026,08:42:59,14.1,81.3,,,
06/06/2026,08:47:59,14.1,80.7,,,
06/06/2026,08:52:59,14.1,80.3,,,
06/06/2026,08:57:59,14.1,80,,,
06/06/2026,09:02:59,14.2,79.6,,,
06/06/2026,09:07:59,14.2,79.4,,,
06/06/2026,09:12:59,14.1,79.2,,,
06/06/2026,09:17:59,14.1,79.1,,,
06/06/2026,09:22:59,14.1,79,,,
06/06/2026,09:27:59,14.1,78.9,,,
06/06/2026,09:32:59,14.1,78.8,,,
06/06/2026,09:37:59,14.1,78.6,,,
06/06/2026,09:42:59,14.1,78.4,,,
06/06/2026,09:47:59,14.1,78.6,,,
06/06/2026,09:52:59,14.1,78.8,,,
06/06/2026,09:57:59,14.1,79.1,,,
06/06/2026,10:02:59,14.1,79.3,,,
06/06/2026,10:07:59,14,79.8,,,
06/06/2026,10:12:59,13.9,80,,,
06/06/2026,10:17:59,13.9,80.4,,,
06/06/2026,10:22:59,13.9,79.8,,,
06/06/2026,10:27:59,13.9,79.9,,,
06/06/2026,10:32:59,13.8,79.5,,,
06/06/2026,10:37:59,13.9,79.1,,,
06/06/2026,10:42:59,13.9,79.3,,,
06/06/2026,10:47:59,13.9,79.3,,,
06/06/2026,10:52:59,14,79.7,,,
06/06/2026,10:57:59,14,79.6,,,
06/06/2026,11:02:59,14.1,80,,,
06/06/2026,11:07:59,14.5,80.2,,,
06/06/2026,11:12:59,14.7,79.3,,,
06/06/2026,11:17:59,14.8,78.5,,,
06/06/2026,11:22:59,14.9,78.8,,,
06/06/2026,11:27:59,15,78,,,
06/06/2026,11:32:59,14.9,77.9,,,
06/06/2026,11:37:59,14.9,78,,,
06/06/2026,11:42:59,15,78.2,,,
06/06/2026,11:47:59,15.2,78.4,,,
06/06/2026,11:52:59,15.4,77.9,,,
06/06/2026,11:57:59,15.7,77.8,,,
06/06/2026,12:02:59,15.9,76.9,,,
06/06/2026,12:07:59,16.3,77,,,
06/06/2026,12:12:59,16.6,75.6,,,
06/06/2026,12:17:59,16.9,75.1,,,
06/06/2026,12:22:59,17,74.6,,,
06/06/2026,12:27:59,17.3,74.2,,,
06/06/2026,12:32:59,17.6,74.2,,,
06/06/2026,12:37:59,17.7,72.6,,,
06/06/2026,12:42:59,17.5,73.2,,,
06/06/2026,12:47:59,17.2,75.1,,,
06/06/2026,12:52:59,16.9,75.9,,,
06/06/2026,12:57:59,16.4,75.2,,,
06/06/2026,13:02:59,16.6,78.7,,,
06/06/2026,13:07:59,17.1,80,,,
06/06/2026,13:12:59,17.5,77.7,,,
06/06/2026,13:17:59,17.8,75,,,
06/06/2026,13:22:59,17.8,73.4,,,
06/06/2026,13:27:59,17.9,72.2,,,
06/06/2026,13:32:59,17.9,71.8,,,
06/06/2026,13:37:59,18,70.9,,,
06/06/2026,13:42:59,18.1,70.6,,,
06/06/2026,13:47:59,18,69.7,,,
06/06/2026,13:52:59,18.2,70.3,,,
06/06/2026,13:57:59,18.7,68.9,,,
06/06/2026,14:02:59,18.7,66.4,,,
06/06/2026,14:07:59,18.4,66.1,,,
06/06/2026,14:12:59,18.4,66.4,,,
06/06/2026,14:17:59,18.5,65.6,,,
06/06/2026,14:22:59,18.4,66.5,,,
06/06/2026,14:27:59,18.5,66,,,
06/06/2026,14:32:59,18.3,65.4,,,
06/06/2026,14:37:59,18.1,66.3,,,
06/06/2026,14:42:59,18.1,66.5,,,
06/06/2026,14:47:59,18.2,66.4,,,
06/06/2026,14:52:59,18.1,66.3,,,
06/06/2026,14:57:59,17.8,66.1,,,
06/06/2026,15:02:59,17.6,67.2,,,
06/06/2026,15:07:59,17.6,67.1,,,
06/06/2026,15:12:59,17.8,67.1,,,
06/06/2026,15:17:59,17.9,66.6,,,
06/06/2026,15:22:59,17.9,66.4,,,
06/06/2026,15:27:59,17.8,67.2,,,
06/06/2026,15:32:59,18,67.5,,,
06/06/2026,15:37:59,18.1,67.4,,,
06/06/2026,15:42:59,18.1,68.1,,,
06/06/2026,15:47:59,17.9,68.5,,,
06/06/2026,15:52:59,17.5,69.9,,,
06/06/2026,15:57:59,17.2,71.5,,,
06/06/2026,16:02:59,17.1,72.8,,,
06/06/2026,16:07:59,16.9,73.7,,,
06/06/2026,16:12:59,16.7,74.5,,,
06/06/2026,16:17:59,16.6,75.6,,,
06/06/2026,16:22:59,16.6,76.9,,,
06/06/2026,16:27:59,16.6,76.8,,,
06/06/2026,16:32:59,16.4,78,,,
06/06/2026,16:37:59,16.3,78.5,,,
06/06/2026,16:42:59,16.2,79,,,
06/06/2026,16:47:59,16.1,78.8,,,
06/06/2026,16:52:59,15.9,79.3,,,
06/06/2026,16:57:59,15.8,79.8,,,
06/06/2026,17:02:59,15.9,80.5,,,
06/06/2026,17:07:59,15.9,80.5,,,
06/06/2026,17:12:59,15.9,80.9,,,
06/06/2026,17:17:59,15.9,81.4,,,
06/06/2026,17:22:59,16,81.9,,,
06/06/2026,17:27:59,16,82.2,,,
06/06/2026,17:32:59,16,82,,,
06/06/2026,17:37:59,16,82.4,,,
06/06/2026,17:42:59,16,82.7,,,
06/06/2026,17:47:59,16,83,,,
06/06/2026,17:52:59,16,83.3,,,
06/06/2026,17:57:59,16.1,83.3,,,
06/06/2026,18:02:59,16,83.6,,,
06/06/2026,18:07:59,16,83.9,,,
06/06/2026,18:12:59,16,84,,,
06/06/2026,18:17:59,16,84.1,,,
06/06/2026,18:22:59,16,84.3,,,
06/06/2026,18:27:59,15.9,84.4,,,
06/06/2026,18:32:59,15.9,84.3,,,
06/06/2026,18:37:59,15.9,84.4,,,
06/06/2026,18:42:59,15.9,83.8,,,
06/06/2026,18:47:59,15.9,83.7,,,
06/06/2026,18:52:59,15.9,83.9,,,
06/06/2026,18:57:59,15.9,83.7,,,
06/06/2026,19:02:59,16,83.6,,,
06/06/2026,19:07:59,15.9,83.4,,,
06/06/2026,19:12:59,15.9,83.4,,,
06/06/2026,19:17:59,15.8,83.6,,,
06/06/2026,19:22:59,15.8,83.9,,,
06/06/2026,19:27:59,15.7,84.3,,,
06/06/2026,19:32:59,15.7,84.2,,,
06/06/2026,19:37:59,15.7,84,,,
06/06/2026,19:42:59,15.7,84,,,
06/06/2026,19:47:59,15.6,83.9,,,
06/06/2026,19:52:59,15.6,83.9,,,
06/06/2026,19:57:59,15.6,84,,,
06/06/2026,20:02:59,15.6,84,,,
06/06/2026,20:07:59,15.5,84.2,,,
06/06/2026,20:12:59,15.5,84.3,,,
06/06/2026,20:17:59,15.5,84.3,,,
06/06/2026,20:22:59,15.5,84.4,,,
06/06/2026,20:27:59,15.4,84.4,,,
06/06/2026,20:32:59,15.4,84.7,,,
06/06/2026,20:37:59,15.4,84.7,,,
06/06/2026,20:42:59,15.4,84.9,,,
06/06/2026,20:47:59,15.4,84.9,,,
06/06/2026,20:52:59,15.4,84.9,,,
06/06/2026,20:57:59,15.4,84.9,,,
06/06/2026,21:02:59,15.4,85,,,
06/06/2026,21:07:59,15.4,84.9,,,
06/06/2026,21:12:59,15.4,84.7,,,
06/06/2026,21:17:59,15.3,84.4,,,
06/06/2026,21:22:59,15.3,84.3,,,
06/06/2026,21:27:59,15.3,84.3,,,
06/06/2026,21:32:59,15.3,83.9,,,
06/06/2026,21:37:59,15.3,83.8,,,
06/06/2026,21:42:59,15.3,83.4,,,
06/06/2026,21:47:59,15.3,83.4,,,
06/06/2026,21:52:59,15.3,83.4,,,
06/06/2026,21:57:59,15.2,83.4,,,
06/06/2026,22:02:59,15.2,83.6,,,
06/06/2026,22:07:59,15.2,83.8,,,
06/06/2026,22:12:59,15.2,84.3,,,
06/06/2026,22:17:59,15.2,84.5,,,
06/06/2026,22:22:59,15.2,84.6,,,
06/06/2026,22:27:59,15.1,84.9,,,
06/06/2026,22:32:59,15,85.1,,,
06/06/2026,22:37:59,15,85.3,,,
06/06/2026,22:42:59,14.9,85.4,,,
06/06/2026,22:47:59,14.8,85.6,,,
06/06/2026,22:52:59,14.8,85.7,,,
06/06/2026,22:57:59,14.7,85.9,,,
06/06/2026,23:02:59,14.7,86.1,,,
06/06/2026,23:07:59,14.6,86.2,,,
06/06/2026,23:12:59,14.6,86.2,,,
06/06/2026,23:17:59,14.6,86.2,,,
06/06/2026,23:22:59,14.5,86.3,,,
06/06/2026,23:27:59,14.5,86.2,,,
06/06/2026,23:32:59,14.4,86.1,,,
06/06/2026,23:37:59,14.4,86,,,
06/06/2026,23:42:59,14.4,85.9,,,
06/06/2026,23:47:59,14.3,85.7,,,
06/06/2026,23:52:59,14.3,85.6,,,
06/06/2026,23:57:59,14.3,85.5,,,
06/07/2026,00:02:59,14.2,85.3,,,
06/07/2026,00:07:59,14.2,85.2,,,
06/07/2026,00:12:59,14.2,85.1,,,
06/07/2026,00:17:59,14.3,84.9,,,
06/07/2026,00:22:59,14.2,84.9,,,
06/07/2026,00:27:59,14.2,84.6,,,
06/07/2026,00:32:59,14.2,84.2,,,
06/07/2026,00:37:59,14.3,84,,,
06/07/2026,00:42:59,14.2,83.5,,,
06/07/2026,00:47:59,14.3,83.2,,,
06/07/2026,00:52:59,14.2,82.5,,,
06/07/2026,00:57:59,14.2,82,,,
06/07/2026,01:02:59,14.2,82,,,
06/07/2026,01:07:59,14.1,81.6,,,
06/07/2026,01:12:59,14.1,81.3,,,
06/07/2026,01:17:59,14,81.2,,,
06/07/2026,01:22:59,14,81.3,,,
06/07/2026,01:27:59,14,81.1,,,
06/07/2026,01:32:59,14,80.8,,,
06/07/2026,01:37:59,14,80.4,,,
06/07/2026,01:42:59,14,79.9,,,
06/07/2026,01:47:59,14,79.6,,,
06/07/2026,01:52:59,14,79.4,,,
06/07/2026,01:57:59,14,79.2,,,
06/07/2026,02:02:59,13.9,78.8,,,
06/07/2026,02:07:59,13.9,78.3,,,
06/07/2026,02:12:59,13.9,78.3,,,
06/07/2026,02:17:59,13.8,78.1,,,
06/07/2026,02:22:59,13.8,78,,,
06/07/2026,02:27:59,13.8,77.9,,,
06/07/2026,02:32:59,13.7,77.9,,,
06/07/2026,02:37:59,13.7,78.2,,,
06/07/2026,02:42:59,13.7,78.4,,,
06/07/2026,02:47:59,13.7,78.7,,,
06/07/2026,02:52:59,13.6,78.7,,,
06/07/2026,02:57:59,13.6,79.1,,,
06/07/2026,03:02:59,13.6,78.9,,,
06/07/2026,03:07:59,13.5,79.1,,,
06/07/2026,03:12:59,13.5,79.4,,,
06/07/2026,03:17:59,13.4,79.7,,,
06/07/2026,03:22:59,13.3,79.6,,,
06/07/2026,03:27:59,13.2,79.9,,,
06/07/2026,03:32:59,13.2,80.3,,,
06/07/2026,03:37:59,13,80.6,,,
06/07/2026,03:42:59,12.9,80.9,,,
06/07/2026,03:47:59,12.8,80.9,,,
06/07/2026,03:52:59,12.7,81,,,
06/07/2026,03:57:59,12.6,81.2,,,
06/07/2026,04:02:59,12.5,81.3,,,
06/07/2026,04:07:59,12.4,81.4,,,
06/07/2026,04:12:59,12.3,81.4,,,
06/07/2026,04:17:59,12.2,81.5,,,
06/07/2026,04:22:59,12.1,81.5,,,
06/07/2026,04:27:59,12,81.5,,,
06/07/2026,04:32:59,11.9,81.6,,,
06/07/2026,04:37:59,11.8,81.6,,,
06/07/2026,04:42:59,11.8,81.7,,,
06/07/2026,04:47:59,11.7,81.7,,,
06/07/2026,04:52:59,11.7,81.9,,,
06/07/2026,04:57:59,11.6,81.8,,,
06/07/2026,05:02:59,11.6,81.9,,,
06/07/2026,05:07:59,11.6,82,,,
06/07/2026,05:12:59,11.5,82,,,
06/07/2026,05:17:59,11.5,82,,,
06/07/2026,05:22:59,11.5,82.2,,,
06/07/2026,05:27:59,11.4,82.2,,,
06/07/2026,05:32:59,11.4,82.2,,,
06/07/2026,05:37:59,11.4,82.3,,,
06/07/2026,05:42:59,11.4,82.3,,,
06/07/2026,05:47:59,11.3,82.4,,,
06/07/2026,05:52:59,11.4,82.4,,,
06/07/2026,05:57:59,11.4,82.5,,,
06/07/2026,06:02:59,11.4,82.6,,,
06/07/2026,06:07:59,11.4,82.7,,,
06/07/2026,06:12:59,11.5,82.6,,,
06/07/2026,06:17:59,11.5,82.7,,,
06/07/2026,06:22:59,11.6,82.7,,,
06/07/2026,06:27:59,11.7,82.6,,,
06/07/2026,06:32:59,11.8,82.5,,,
06/07/2026,06:37:59,11.8,82.5,,,
06/07/2026,06:42:59,12,82.7,,,
06/07/2026,06:47:59,12.1,82.4,,,
06/07/2026,06:52:59,12.2,82.4,,,
06/07/2026,06:57:59,12.3,82.2,,,
06/07/2026,07:02:59,12.5,82,,,
06/07/2026,07:07:59,12.6,82,,,
06/07/2026,07:12:59,12.7,81.7,,,
06/07/2026,07:17:59,12.8,81.6,,,
06/07/2026,07:22:59,13,81.3,,,
06/07/2026,07:27:59,13.1,81,,,
06/07/2026,07:32:59,13.2,81,,,
06/07/2026,07:37:59,13.4,80.9,,,
06/07/2026,07:42:59,13.6,80.4,,,
06/07/2026,07:47:59,13.7,80.3,,,
06/07/2026,07:52:59,13.9,80.1,,,
06/07/2026,07:57:59,14,80,,,
06/07/2026,08:02:59,14.2,79.9,,,
06/07/2026,08:07:59,14.3,79.5,,,
06/07/2026,08:12:59,14.5,79.3,,,
06/07/2026,08:17:59,14.7,78.8,,,
06/07/2026,08:22:59,14.8,78.4,,,
06/07/2026,08:27:59,15,78,,,
06/07/2026,08:32:59,15.1,78,,,
06/07/2026,08:37:59,15.3,77.6,,,
06/07/2026,08:42:59,15.5,77,,,
06/07/2026,08:47:59,15.7,76.6,,,
06/07/2026,08:52:59,15.8,75.8,,,
06/07/2026,08:57:59,15.9,75.7,,,
06/07/2026,09:02:59,16,75.3,,,
06/07/2026,09:07:59,16.1,75.1,,,
06/07/2026,09:12:59,16.2,74.7,,,
06/07/2026,09:17:59,16.2,74.6,,,
06/07/2026,09:22:59,16.2,74.5,,,
06/07/2026,09:27:59,16.2,74.3,,,
06/07/2026,09:32:59,16.3,73.8,,,
06/07/2026,09:37:59,16.4,73.7,,,
06/07/2026,09:42:59,16.6,73.7,,,
06/07/2026,09:47:59,16.7,73.5,,,
06/07/2026,09:52:59,16.9,72.9,,,
06/07/2026,09:57:59,17,72.9,,,
06/07/2026,10:02:59,17.2,72.5,,,
06/07/2026,10:07:59,17.4,71.5,,,
06/07/2026,10:12:59,17.5,70.8,,,
06/07/2026,10:17:59,17.6,70.8,,,
06/07/2026,10:22:59,17.6,70.9,,,
06/07/2026,10:27:59,17.7,70.4,,,
06/07/2026,10:32:59,17.9,70.1,,,
06/07/2026,10:37:59,18.1,69.6,,,
06/07/2026,10:42:59,18.3,69.1,,,
06/07/2026,10:47:59,18.4,68.6,,,
06/07/2026,10:52:59,18.5,67.8,,,
06/07/2026,10:57:59,18.4,67.5,,,
06/07/2026,11:02:59,18.4,67.4,,,
06/07/2026,11:07:59,18.5,66.9,,,
06/07/2026,11:12:59,18.5,66.9,,,
06/07/2026,11:17:59,18.5,66.8,,,
06/07/2026,11:22:59,18.8,66.9,,,
06/07/2026,11:27:59,18.9,66.3,,,
06/07/2026,11:32:59,19,65.8,,,
06/07/2026,11:37:59,18.9,65.4,,,
06/07/2026,11:42:59,18.8,65.3,,,
06/07/2026,11:47:59,18.7,63.8,,,
06/07/2026,11:52:59,18.9,64.4,,,
06/07/2026,11:57:59,19.3,64.1,,,
06/07/2026,12:02:59,19.3,63.5,,,
06/07/2026,12:07:59,19.4,63.4,,,
06/07/2026,12:12:59,19.5,62.8,,,
06/07/2026,12:17:59,19.6,62.7,,,
06/07/2026,12:22:59,19.7,62.5,,,
06/07/2026,12:27:59,20,62.6,,,
06/07/2026,12:32:59,20.2,61.8,,,
06/07/2026,12:37:59,20.3,60.7,,,
06/07/2026,12:42:59,20.2,60.6,,,
06/07/2026,12:47:59,20.4,60.5,,,
06/07/2026,12:52:59,20.6,60.4,,,
06/07/2026,12:57:59,20.9,59.5,,,
06/07/2026,13:02:59,21,59.1,,,
06/07/2026,13:07:59,21.2,58.4,,,
06/07/2026,13:12:59,21.4,58.4,,,
06/07/2026,13:17:59,21.4,58,,,
06/07/2026,13:22:59,21.5,57.9,,,
06/07/2026,13:27:59,21.5,57.5,,,
06/07/2026,13:32:59,21.5,57.2,,,
06/07/2026,13:37:59,21.3,57.1,,,
06/07/2026,13:42:59,21.3,57.6,,,
06/07/2026,13:47:59,21.4,57.7,,,
06/07/2026,13:52:59,21.5,56.8,,,
06/07/2026,13:57:59,21.5,56.5,,,
06/07/2026,14:02:59,21.3,56,,,
06/07/2026,14:07:59,21.4,56.8,,,
06/07/2026,14:12:59,21.2,56.6,,,
06/07/2026,14:17:59,21.1,56.6,,,
06/07/2026,14:22:59,21.4,57.4,,,
06/07/2026,14:27:59,21.5,56.2,,,
06/07/2026,14:32:59,21.4,56.5,,,
06/07/2026,14:37:59,21.4,56.3,,,
06/07/2026,14:42:59,21.3,56.3,,,
06/07/2026,14:47:59,21.5,56.5,,,
06/07/2026,14:52:59,21.4,55.7,,,
06/07/2026,14:57:59,21.5,57,,,
06/07/2026,15:02:59,21.6,56.2,,,
06/07/2026,15:07:59,21.4,55.9,,,
06/07/2026,15:12:59,21.2,56.1,,,
06/07/2026,15:17:59,21.3,56.5,,,
06/07/2026,15:22:59,21.2,56.2,,,
06/07/2026,15:27:59,21.1,56,,,
06/07/2026,15:32:59,20.9,56.6,,,
06/07/2026,15:37:59,21.2,56.4,,,
06/07/2026,15:42:59,21.2,56.5,,,
06/07/2026,15:47:59,21.2,56.5,,,
06/07/2026,15:52:59,21.1,56,,,
06/07/2026,15:57:59,21,56.4,,,
06/07/2026,16:02:59,20.8,56.4,,,
06/07/2026,16:07:59,20.7,57.1,,,
06/07/2026,16:12:59,20.7,57.1,,,
06/07/2026,16:17:59,20.6,57.2,,,
06/07/2026,16:22:59,20.6,57.4,,,
06/07/2026,16:27:59,20.6,57.6,,,
06/07/2026,16:32:59,20.5,57.6,,,
06/07/2026,16:37:59,20.4,57.6,,,
06/07/2026,16:42:59,20.3,57.7,,,
06/07/2026,16:47:59,20.3,58,,,
06/07/2026,16:52:59,20.3,58.5,,,
06/07/2026,16:57:59,20.3,58.1,,,
06/07/2026,17:02:59,20.2,57.8,,,
06/07/2026,17:07:59,20.1,58.4,,,
06/07/2026,17:12:59,20.2,58.3,,,
06/07/2026,17:17:59,20.1,58.3,,,
06/07/2026,17:22:59,20.1,58.7,,,
06/07/2026,17:27:59,20,58.6,,,
06/07/2026,17:32:59,20,58.3,,,
06/07/2026,17:37:59,20,58.2,,,
06/07/2026,17:42:59,19.9,58.3,,,
06/07/2026,17:47:59,19.9,58.9,,,
06/07/2026,17:52:59,19.9,58.9,,,
06/07/2026,17:57:59,20,59,,,
06/07/2026,18:02:59,19.9,58.9,,,
06/07/2026,18:07:59,19.8,58.6,,,
06/07/2026,18:12:59,19.7,58.9,,,
06/07/2026,18:17:59,19.7,59.1,,,
06/07/2026,18:22:59,19.7,59.3,,,
06/07/2026,18:27:59,19.6,59.8,,,
06/07/2026,18:32:59,19.6,60.2,,,
06/07/2026,18:37:59,19.6,60.4,,,
06/07/2026,18:42:59,19.4,60.5,,,
06/07/2026,18:47:59,19.4,60.5,,,
06/07/2026,18:52:59,19.3,60.5,,,
06/07/2026,18:57:59,19.2,60.3,,,
06/07/2026,19:02:59,19.1,60.3,,,
06/07/2026,19:07:59,19,60.3,,,
06/07/2026,19:12:59,19,60.5,,,
06/07/2026,19:17:59,18.9,60.8,,,
06/07/2026,19:22:59,18.9,61.1,,,
06/07/2026,19:27:59,18.8,61.4,,,
06/07/2026,19:32:59,18.6,61.6,,,
06/07/2026,19:37:59,18.5,62,,,
06/07/2026,19:42:59,18.5,62.1,,,
06/07/2026,19:47:59,18.4,62.2,,,
06/07/2026,19:52:59,18.4,62.6,,,
06/07/2026,19:57:59,18.3,62.6,,,
06/07/2026,20:02:59,18.3,62.8,,,
06/07/2026,20:07:59,18.2,62.9,,,
06/07/2026,20:12:59,18.1,63.1,,,
06/07/2026,20:17:59,18.1,63.3,,,
06/07/2026,20:22:59,18,63.3,,,
06/07/2026,20:27:59,17.9,63.6,,,
06/07/2026,20:32:59,17.9,63.9,,,
06/07/2026,20:37:59,17.8,63.9,,,
06/07/2026,20:42:59,17.8,64.2,,,
06/07/2026,20:47:59,17.7,64.6,,,
06/07/2026,20:52:59,17.7,64.8,,,
06/07/2026,20:57:59,17.6,64.8,,,
06/07/2026,21:02:59,17.5,65,,,
06/07/2026,21:07:59,17.4,65.1,,,
06/07/2026,21:12:59,17.4,65.4,,,
06/07/2026,21:17:59,17.4,65.7,,,
06/07/2026,21:22:59,17.3,66,,,
06/07/2026,21:27:59,17.3,66.3,,,
06/07/2026,21:32:59,17.2,66.2,,,
06/07/2026,21:37:59,17.2,66.3,,,
06/07/2026,21:42:59,17.1,66.4,,,
06/07/2026,21:47:59,17.1,66.7,,,
06/07/2026,21:52:59,17,66.6,,,
06/07/2026,21:57:59,16.9,66.7,,,
06/07/2026,22:02:59,16.8,67,,,
06/07/2026,22:07:59,16.8,67.3,,,
06/07/2026,22:12:59,16.7,67.3,,,
06/07/2026,22:17:59,16.7,67.2,,,
06/07/2026,22:22:59,16.6,67.3,,,
06/07/2026,22:27:59,16.5,67.4,,,
06/07/2026,22:32:59,16.4,67.6,,,
06/07/2026,22:37:59,16.3,67.8,,,
06/07/2026,22:42:59,16.3,67.8,,,
06/07/2026,22:47:59,16.3,67.7,,,
06/07/2026,22:52:59,16.2,67.8,,,
06/07/2026,22:57:59,16.1,67.9,,,
06/07/2026,23:02:59,16.1,67.8,,,
06/07/2026,23:07:59,16.1,68,,,
06/07/2026,23:12:59,16,68,,,
06/07/2026,23:17:59,16,68.2,,,
06/07/2026,23:22:59,16,68.5,,,
06/07/2026,23:27:59,15.9,68.6,,,
06/07/2026,23:32:59,15.9,68.7,,,
06/07/2026,23:37:59,15.9,68.7,,,
06/07/2026,23:42:59,15.9,69,,,
06/07/2026,23:47:59,15.9,69,,,
06/07/2026,23:52:59,15.8,69.1,,,
06/07/2026,23:57:59,15.8,69.2,,,
06/08/2026,00:02:59,15.8,69.3,,,
06/08/2026,00:07:59,15.8,69.5,,,
06/08/2026,00:12:59,15.7,69.8,,,
06/08/2026,00:17:59,15.7,69.9,,,
06/08/2026,00:22:59,15.6,70.2,,,
06/08/2026,00:27:59,15.6,70.4,,,
06/08/2026,00:32:59,15.6,70.6,,,
06/08/2026,00:37:59,15.5,70.7,,,
06/08/2026,00:42:59,15.5,70.9,,,
06/08/2026,00:47:59,15.4,71,,,
06/08/2026,00:52:59,15.4,71.1,,,
06/08/2026,00:57:59,15.4,71.3,,,
06/08/2026,01:02:59,15.4,71.2,,,
06/08/2026,01:07:59,15.4,71.2,,,
06/08/2026,01:12:59,15.3,71.1,,,
06/08/2026,01:17:59,15.4,71.3,,,
06/08/2026,01:22:59,15.3,71.3,,,
06/08/2026,01:27:59,15.3,71.2,,,
06/08/2026,01:32:59,15.3,71.2,,,
06/08/2026,01:37:59,15.3,71.2,,,
06/08/2026,01:42:59,15.3,71.2,,,
06/08/2026,01:47:59,15.3,71.1,,,
06/08/2026,01:52:59,15.3,71.1,,,
06/08/2026,01:57:59,15.2,71.2,,,
06/08/2026,02:02:59,15.2,71.2,,,
06/08/2026,02:07:59,15.2,71.2,,,
06/08/2026,02:12:59,15.2,71.1,,,
06/08/2026,02:17:59,15.2,71.2,,,
06/08/2026,02:22:59,15.2,71.2,,,
06/08/2026,02:27:59,15.2,71.3,,,
06/08/2026,02:32:59,15.1,71.4,,,
06/08/2026,02:37:59,15.1,71.4,,,
06/08/2026,02:42:59,15.1,71.5,,,
06/08/2026,02:47:59,15.1,71.5,,,
06/08/2026,02:52:59,15.1,71.5,,,
06/08/2026,02:57:59,15.1,71.6,,,
06/08/2026,03:02:59,15.1,71.6,,,
06/08/2026,03:07:59,15.1,71.7,,,
06/08/2026,03:12:59,15,71.7,,,
06/08/2026,03:17:59,15,71.9,,,
06/08/2026,03:22:59,15,71.9,,,
06/08/2026,03:27:59,15,72.1,,,
06/08/2026,03:32:59,15,72.3,,,
06/08/2026,03:37:59,15,72.4,,,
06/08/2026,03:42:59,14.9,72.9,,,
06/08/2026,03:47:59,14.9,73.5,,,
06/08/2026,03:52:59,14.8,73.9,,,
06/08/2026,03:57:59,14.8,74,,,
06/08/2026,04:02:59,14.7,74.2,,,
06/08/2026,04:07:59,14.6,74.6,,,
06/08/2026,04:12:59,14.6,74.7,,,
06/08/2026,04:17:59,14.6,74.8,,,
06/08/2026,04:22:59,14.6,75,,,
06/08/2026,04:27:59,14.6,75,,,
06/08/2026,04:32:59,14.6,75.1,,,
06/08/2026,04:37:59,14.5,75.2,,,
06/08/2026,04:42:59,14.5,75.3,,,
06/08/2026,04:47:59,14.5,75.5,,,
06/08/2026,04:52:59,14.5,75.6,,,
06/08/2026,04:57:59,14.5,75.8,,,
06/08/2026,05:02:59,14.5,76.1,,,
06/08/2026,05:07:59,14.5,76.3,,,
06/08/2026,05:12:59,14.4,76.5,,,
06/08/2026,05:17:59,14.4,76.7,,,
06/08/2026,05:22:59,14.4,76.8,,,
06/08/2026,05:27:59,14.4,76.9,,,
06/08/2026,05:32:59,14.4,77,,,
06/08/2026,05:37:59,14.4,77.2,,,
06/08/2026,05:42:59,14.4,77.3,,,
06/08/2026,05:47:59,14.4,77.5,,,
06/08/2026,05:52:59,14.4,77.8,,,
06/08/2026,05:57:59,14.4,78,,,
06/08/2026,06:02:59,14.4,78.3,,,
06/08/2026,06:07:59,14.4,78.6,,,
06/08/2026,06:12:59,14.4,78.6,,,
06/08/2026,06:17:59,14.4,78.7,,,
06/08/2026,06:22:59,14.4,78.6,,,
06/08/2026,06:27:59,14.5,78.7,,,
06/08/2026,06:32:59,14.5,78.7,,,
06/08/2026,06:37:59,14.5,78.7,,,
06/08/2026,06:42:59,14.5,78.7,,,
06/08/2026,06:47:59,14.6,78.6,,,
06/08/2026,06:52:59,14.6,78.5,,,
06/08/2026,06:57:59,14.7,78.4,,,
06/08/2026,07:02:59,14.7,78.2,,,
06/08/2026,07:07:59,14.8,78.1,,,
06/08/2026,07:12:59,14.9,77.7,,,
06/08/2026,07:17:59,15,77.5,,,
06/08/2026,07:22:59,15,77.3,,,
06/08/2026,07:27:59,15.2,76.9,,,
06/08/2026,07:32:59,15.2,76.8,,,
06/08/2026,07:37:59,15.3,76.4,,,
06/08/2026,07:42:59,15.4,76.2,,,
06/08/2026,07:47:59,15.5,75.9,,,
06/08/2026,07:52:59,15.6,75.7,,,
06/08/2026,07:57:59,15.7,75.3,,,
06/08/2026,08:02:59,15.7,75.2,,,
06/08/2026,08:07:59,15.7,75.2,,,
06/08/2026,08:12:59,15.7,75.1,,,
06/08/2026,08:17:59,15.7,75.2,,,
06/08/2026,08:22:59,15.7,75.3,,,
06/08/2026,08:27:59,15.7,75.4,,,
06/08/2026,08:32:59,15.7,75.3,,,
06/08/2026,08:37:59,15.7,75.2,,,
06/08/2026,08:42:59,15.7,75.4,,,
06/08/2026,08:47:59,15.6,75.7,,,
06/08/2026,08:52:59,15.4,77,,,
06/08/2026,08:57:59,15.2,78.4,,,
06/08/2026,09:02:59,15,79.4,,,
06/08/2026,09:07:59,14.9,79.8,,,
06/08/2026,09:12:59,14.8,80,,,
06/08/2026,09:17:59,14.8,80.2,,,
06/08/2026,09:22:59,14.7,80.4,,,
06/08/2026,09:27:59,14.6,80.7,,,
06/08/2026,09:32:59,14.6,81.1,,,
06/08/2026,09:37:59,14.6,81.3,,,
06/08/2026,09:42:59,14.6,81.2,,,
06/08/2026,09:47:59,14.6,81.7,,,
06/08/2026,09:52:59,14.6,81.9,,,
06/08/2026,09:57:59,14.6,82.2,,,
06/08/2026,10:02:59,14.6,82.5,,,
06/08/2026,10:07:59,14.6,82.9,,,
06/08/2026,10:12:59,14.6,83.5,,,
06/08/2026,10:17:59,14.8,83.3,,,
06/08/2026,10:22:59,14.8,83.3,,,
06/08/2026,10:27:59,14.9,83.4,,,
06/08/2026,10:32:59,17.5,78.8,,,
06/08/2026,10:37:59,19.1,75.3,,,
06/08/2026,10:51:53,19.1,75.3
06/08/2026,10:56:53,19.2,75.1
06/08/2026,11:01:53,19.3,75.3
06/08/2026,11:06:53,19.4,75.0
06/08/2026,11:11:53,17.4,74.8
06/08/2026,11:16:53,16.6,74.6
06/08/2026,11:21:53,16.3,74.5
06/08/2026,11:26:53,16.0,74.2
06/08/2026,11:31:53,16.0,74.2
06/08/2026,11:36:53,16.0,74.1
06/08/2026,11:41:53,16.1,74.4
06/08/2026,11:46:53,16.1,74.5
06/08/2026,11:51:53,16.0,74.4
06/08/2026,11:56:53,16.0,75.0
06/08/2026,12:01:53,16.0,75.3
06/08/2026,12:06:53,15.9,75.0
06/08/2026,12:11:53,15.9,75.3
06/08/2026,12:16:53,16.0,75.5
06/08/2026,12:21:53,16.1,75.3
06/08/2026,12:26:53,16.1,75.2
06/08/2026,12:31:53,16.1,75.6
06/08/2026,12:36:53,16.1,76.0
06/08/2026,12:41:53,16.2,75.7
06/08/2026,12:46:53,16.4,75.4
06/08/2026,12:51:53,16.4,74.9
06/08/2026,12:56:53,16.4,75.2
06/08/2026,13:01:53,16.5,75.0
06/08/2026,13:06:53,16.4,74.9
06/08/2026,13:11:53,16.3,74.7
06/08/2026,13:16:53,16.3,75.0
06/08/2026,13:21:53,16.4,74.6
06/08/2026,13:26:53,16.4,74.8
06/08/2026,13:31:53,16.3,74.2
06/08/2026,13:36:53,16.1,74.5
06/08/2026,13:41:53,16.0,74.6
06/08/2026,13:46:53,15.9,74.8
06/08/2026,13:51:53,16.0,73.8
06/08/2026,13:56:53,15.9,73.5
06/08/2026,14:01:53,16.0,73.5
06/08/2026,14:06:53,16.1,72.9
06/08/2026,14:11:53,16.1,72.6
06/08/2026,14:16:53,16.2,72.8
06/08/2026,14:21:53,16.1,71.4
06/08/2026,14:26:53,15.7,70.2
06/08/2026,14:31:53,14.9,70.7
06/08/2026,14:36:53,14.3,73.5
06/08/2026,14:41:53,13.7,75.5
06/08/2026,14:46:53,13.4,76.9
06/08/2026,14:51:53,13.3,77.4
06/08/2026,14:56:53,13.2,77.5
06/08/2026,15:01:53,13.2,77.9
06/08/2026,15:06:53,13.3,78.2
06/08/2026,15:11:53,13.3,78.4
06/08/2026,15:16:53,13.4,79.0
06/08/2026,15:21:53,13.6,79.5
06/08/2026,15:26:53,13.8,79.4
06/08/2026,15:31:53,14.1,79.7
06/08/2026,15:36:53,14.4,80.1
06/08/2026,15:41:53,14.7,77.9
06/08/2026,15:46:53,14.8,78.6
06/08/2026,15:51:53,15.1,78.1
06/08/2026,15:56:53,15.3,78.1
06/08/2026,16:01:53,15.6,78.4
06/08/2026,16:06:53,15.8,77.7
06/08/2026,16:11:53,16.0,77.2
06/08/2026,16:16:53,16.3,77.0
06/08/2026,16:21:53,16.5,76.3
06/08/2026,16:26:53,16.4,75.1
06/08/2026,16:31:53,16.3,75.1
06/08/2026,16:36:53,16.6,74.5
06/08/2026,16:41:53,16.7,74.8
06/08/2026,16:46:53,16.8,74.2
06/08/2026,16:51:53,16.9,73.8
06/08/2026,16:56:53,16.7,72.0
06/08/2026,17:01:53,16.7,70.6
06/08/2026,17:06:53,16.6,68.6
06/08/2026,17:11:53,16.6,69.3
06/08/2026,17:16:53,16.7,70.1
06/08/2026,17:21:53,16.7,69.2
06/08/2026,17:26:53,16.9,68.3
06/08/2026,17:31:53,17.0,67.7
06/08/2026,17:36:53,17.1,67.6
06/08/2026,17:41:53,17.0,67.8
06/08/2026,17:46:53,16.9,67.0
06/08/2026,17:51:53,16.7,67.5
06/08/2026,17:56:53,16.7,68.1
06/08/2026,18:01:53,16.6,67.8
06/08/2026,18:06:53,16.6,68.9
06/08/2026,18:11:53,16.6,68.2
06/08/2026,18:16:53,16.5,68.0
06/08/2026,18:21:53,16.5,68.6
06/08/2026,18:26:53,16.2,67.4
06/08/2026,18:31:53,15.1,70.9
06/08/2026,18:36:53,14.7,73.3
06/08/2026,18:41:53,14.6,74.5
06/08/2026,18:46:53,14.8,76.0
06/08/2026,18:51:53,14.8,73.9
06/08/2026,18:56:53,14.9,76.6
06/08/2026,19:01:53,15.3,76.5
06/08/2026,19:06:53,15.9,77.4
06/08/2026,19:11:53,16.5,77.2
06/08/2026,19:16:53,17.0,75.4
06/08/2026,19:21:53,17.4,75.5
06/08/2026,19:26:53,17.5,74.3
06/08/2026,19:31:53,17.4,74.9
06/08/2026,19:36:53,17.2,76.8
06/08/2026,19:41:53,17.1,77.0
06/08/2026,19:46:53,16.8,77.4
06/08/2026,19:51:53,16.6,78.2
06/08/2026,19:56:53,16.5,77.9
06/08/2026,20:01:53,16.3,79.2
06/08/2026,20:06:53,16.2,79.1
06/08/2026,20:11:53,16.1,79.4
06/08/2026,20:16:53,16.0,79.8
06/08/2026,20:21:53,15.9,79.5
06/08/2026,20:26:53,15.8,79.7
06/08/2026,20:31:53,15.7,80.0
06/08/2026,20:36:53,15.5,80.2
06/08/2026,20:41:53,15.3,80.0
06/08/2026,20:46:53,15.2,80.4
06/08/2026,20:51:53,15.0,80.6
06/08/2026,20:56:53,14.8,80.8
06/08/2026,21:01:53,14.7,81.0
06/08/2026,21:06:53,14.6,80.1
06/08/2026,21:11:53,14.4,77.4
06/08/2026,21:16:53,14.3,76.2
06/08/2026,21:21:53,14.2,75.4
06/08/2026,21:26:53,14.1,78.3
06/08/2026,21:31:53,14.1,79.4
06/08/2026,21:36:53,13.9,79.7
06/08/2026,21:41:53,13.8,79.8
06/08/2026,21:46:53,13.7,80.3
06/08/2026,21:51:53,13.6,80.2
06/08/2026,21:56:53,13.5,80.9
06/08/2026,22:01:53,13.4,81.2
06/08/2026,22:06:53,13.3,80.8
06/08/2026,22:11:53,13.2,81.3
06/08/2026,22:16:53,13.2,81.3
06/08/2026,22:21:53,13.1,79.7
06/08/2026,22:26:53,13.1,79.4
06/08/2026,22:31:53,13.1,78.7
06/08/2026,22:36:53,13.1,77.9
06/08/2026,22:41:53,13.0,76.4
06/08/2026,22:46:53,12.9,76.7
06/08/2026,22:51:53,12.7,76.5
06/08/2026,22:56:53,12.7,76.2
06/08/2026,23:01:53,12.6,76.3
06/08/2026,23:06:53,12.6,76.9
06/08/2026,23:11:53,12.6,77.5
06/08/2026,23:16:53,12.6,79.2
06/08/2026,23:21:53,12.6,80.3
06/08/2026,23:26:53,12.6,79.9
06/08/2026,23:31:53,12.5,79.3
06/08/2026,23:36:53,12.4,78.1
06/08/2026,23:41:53,12.4,77.4
06/08/2026,23:46:53,12.3,76.4
06/08/2026,23:51:53,12.2,75.8
06/08/2026,23:56:53,12.1,74.9
06/09/2026,00:01:53,12.0,73.7
06/09/2026,00:06:53,11.9,73.0
06/09/2026,00:11:53,11.8,72.8
06/09/2026,00:16:53,11.7,72.9
06/09/2026,00:21:53,11.6,72.8
06/09/2026,00:26:53,11.4,72.9
06/09/2026,00:31:53,11.3,72.7
06/09/2026,00:36:53,11.3,73.2
06/09/2026,00:41:53,11.2,73.9
06/09/2026,00:46:53,11.2,74.2
06/09/2026,00:51:53,11.0,74.4
06/09/2026,00:56:53,10.8,75.0
06/09/2026,01:01:53,10.7,74.6
06/09/2026,01:06:53,10.5,75.1
06/09/2026,01:11:53,10.4,76.5
06/09/2026,01:16:53,10.4,77.2
06/09/2026,01:21:53,10.3,77.7
06/09/2026,01:26:53,10.2,77.9
06/09/2026,01:31:53,10.1,77.4
06/09/2026,01:36:53,10.0,77.2
06/09/2026,01:41:53,10.0,77.0
06/09/2026,01:46:53,9.9,77.5
06/09/2026,01:51:53,9.8,77.7
06/09/2026,01:56:53,9.8,76.9
06/09/2026,02:01:53,9.8,77.7
06/09/2026,02:06:53,9.7,77.3
06/09/2026,02:11:53,9.6,77.7
06/09/2026,02:16:53,9.6,77.5
06/09/2026,02:21:53,9.5,77.7
06/09/2026,02:26:53,9.4,78.1
06/09/2026,02:31:53,9.3,78.2
06/09/2026,02:36:53,9.3,79.3
06/09/2026,02:41:53,9.2,78.4
06/09/2026,02:46:53,9.2,78.8
06/09/2026,02:51:53,9.2,78.7
06/09/2026,02:56:53,9.1,79.0
06/09/2026,03:01:53,9.0,78.9
06/09/2026,03:06:53,9.0,79.6
06/09/2026,03:11:53,8.9,79.5
06/09/2026,03:16:53,8.9,79.8
06/09/2026,03:21:53,8.8,80.1
06/09/2026,03:26:53,8.8,80.2
06/09/2026,03:31:53,8.7,80.5
06/09/2026,03:36:53,8.7,80.6
06/09/2026,03:41:53,8.7,80.7
06/09/2026,03:46:53,8.7,80.7
06/09/2026,03:51:53,8.6,80.9
06/09/2026,03:56:53,8.6,81.0
06/09/2026,04:01:53,8.6,81.0
06/09/2026,04:06:53,8.6,81.1
06/09/2026,04:11:53,8.5,81.2
06/09/2026,04:16:53,8.5,81.2
06/09/2026,04:21:53,8.5,81.2
06/09/2026,04:26:53,8.4,81.4
06/09/2026,04:31:53,8.5,81.3
06/09/2026,04:36:53,8.4,81.4
06/09/2026,04:41:53,8.4,81.5
06/09/2026,04:46:53,8.4,81.7
06/09/2026,04:51:53,8.4,81.9
06/09/2026,04:56:53,8.4,81.8
06/09/2026,05:01:53,8.4,82.0
06/09/2026,05:06:53,8.4,82.1
06/09/2026,05:11:53,8.3,82.1
06/09/2026,05:16:53,8.4,82.2
06/09/2026,05:21:53,8.4,82.4
06/09/2026,05:26:53,8.4,82.5
06/09/2026,05:31:53,8.4,82.7
06/09/2026,05:36:53,8.5,82.8
06/09/2026,05:41:53,8.5,83.0
06/09/2026,05:46:53,8.5,83.2
06/09/2026,05:51:53,8.7,83.2
06/09/2026,05:56:53,8.8,83.3
06/09/2026,06:01:53,8.9,83.3
06/09/2026,06:06:53,9.0,83.2
06/09/2026,06:11:53,9.0,83.2
06/09/2026,06:16:53,9.2,83.3
06/09/2026,06:21:53,9.4,83.1
06/09/2026,06:26:53,9.5,82.9
06/09/2026,06:31:53,9.6,82.7
06/09/2026,06:36:53,9.6,82.8
06/09/2026,06:41:53,9.7,82.9
06/09/2026,06:46:53,9.7,82.9
06/09/2026,06:51:53,9.7,82.8
06/09/2026,06:56:53,9.8,83.1
06/09/2026,07:01:53,10.0,83.1
06/09/2026,07:06:53,10.1,83.1
06/09/2026,07:11:53,10.3,83.0
06/09/2026,07:16:53,10.5,82.9
06/09/2026,07:21:53,10.7,82.4
06/09/2026,07:26:53,10.9,82.0
06/09/2026,07:31:53,11.2,81.5
06/09/2026,07:36:53,11.2,81.1
06/09/2026,07:41:53,11.5,80.9
06/09/2026,07:46:53,11.7,80.7
06/09/2026,07:51:53,11.8,80.0
06/09/2026,07:56:53,11.9,79.7
06/09/2026,08:01:53,12.0,79.5
06/09/2026,08:06:53,12.1,79.5
06/09/2026,08:11:53,12.2,79.3
06/09/2026,08:16:53,12.2,79.0
06/09/2026,08:21:53,12.3,78.6
06/09/2026,08:26:53,12.5,78.5
06/09/2026,08:31:53,12.6,77.8
06/09/2026,08:36:53,12.7,77.7
06/09/2026,08:41:53,12.8,77.5
06/09/2026,08:46:53,13.0,77.9
06/09/2026,08:51:53,13.0,76.5
06/09/2026,08:56:53,13.2,76.4
06/09/2026,09:01:53,13.3,75.7
06/09/2026,09:06:53,13.4,75.0
06/09/2026,09:11:53,13.4,75.2
06/09/2026,09:16:53,13.5,75.0
06/09/2026,09:21:53,13.7,74.9
06/09/2026,09:26:53,14.1,74.7
06/09/2026,09:31:53,14.1,73.6
06/09/2026,09:36:53,14.2,73.7
06/09/2026,09:41:53,14.2,72.8
06/09/2026,09:46:53,14.5,72.4
06/09/2026,09:51:53,14.5,71.4
06/09/2026,09:56:53,14.6,71.2
06/09/2026,10:01:53,14.6,71.4
06/09/2026,10:06:53,14.5,70.8
06/09/2026,10:11:53,14.7,71.2
06/09/2026,10:16:53,14.8,69.7
06/09/2026,10:21:53,14.6,70.4
06/09/2026,10:26:53,14.5,69.8
06/09/2026,10:31:53,14.6,70.7
06/09/2026,10:36:53,14.7,69.2
06/09/2026,10:41:53,14.7,69.0
06/09/2026,10:46:53,14.7,68.7
06/09/2026,10:51:53,14.9,68.8
06/09/2026,10:56:53,15.3,67.3
06/09/2026,11:01:53,15.5,65.4
06/09/2026,11:06:53,15.6,66.2
06/09/2026,11:11:53,16.0,64.6
06/09/2026,11:16:53,16.0,63.9
06/09/2026,11:21:53,16.0,63.2
06/09/2026,11:26:53,16.1,63.3
06/09/2026,11:31:53,16.0,63.7
06/09/2026,11:36:53,16.1,64.7
06/09/2026,11:41:53,16.4,64.0
06/09/2026,11:46:53,16.4,63.5
06/09/2026,11:51:53,16.2,63.0
06/09/2026,11:56:53,16.4,62.6
06/09/2026,12:01:53,16.9,62.5
06/09/2026,12:06:53,16.9,61.8
06/09/2026,12:11:53,16.9,61.1
06/09/2026,12:16:53,16.8,61.4
06/09/2026,12:21:53,16.9,61.3
06/09/2026,12:26:53,17.2,61.8
06/09/2026,12:31:53,17.5,60.5
06/09/2026,12:36:53,17.7,58.3
06/09/2026,12:41:53,17.5,56.5
06/09/2026,12:46:53,17.1,57.3
06/09/2026,12:51:53,17.0,57.9
06/09/2026,12:56:53,17.3,58.4
06/09/2026,13:01:53,17.4,57.5
06/09/2026,13:06:53,17.1,57.9
06/09/2026,13:11:53,16.6,58.3
06/09/2026,13:16:53,16.3,58.2
06/09/2026,13:21:53,16.1,58.8
06/09/2026,13:26:53,16.0,58.8
06/09/2026,13:31:53,16.3,59.4
06/09/2026,13:36:53,16.8,58.8
06/09/2026,13:41:53,17.2,57.9
06/09/2026,13:46:53,17.5,56.9
06/09/2026,13:51:53,17.1,57.1
06/09/2026,13:56:53,16.5,59.4
06/09/2026,14:01:53,16.0,61.3
06/09/2026,14:06:53,15.8,61.3
06/09/2026,14:11:53,16.0,61.8
06/09/2026,14:16:53,16.0,62.1
06/09/2026,14:21:53,16.0,61.7
06/09/2026,14:26:53,16.3,63.0
06/09/2026,14:31:53,17.3,61.8
06/09/2026,14:36:53,17.6,59.7
06/09/2026,14:41:53,17.7,59.6
06/09/2026,14:46:53,18.0,57.3
06/09/2026,14:51:53,18.3,56.7
06/09/2026,14:56:53,18.6,54.8
06/09/2026,15:01:53,18.7,53.9
06/09/2026,15:06:53,18.6,52.9
06/09/2026,15:11:53,18.9,51.3
06/09/2026,15:16:53,19.1,50.6
06/09/2026,15:21:53,19.4,50.0
06/09/2026,15:26:53,19.0,48.2
06/09/2026,15:31:53,18.5,49.6
06/09/2026,15:36:53,19.0,50.2
06/09/2026,15:41:53,19.7,49.2
06/09/2026,15:46:53,19.8,48.4
06/09/2026,15:51:53,19.7,48.9
06/09/2026,15:56:53,20.1,47.1
06/09/2026,16:01:53,19.8,45.7
06/09/2026,16:06:53,19.6,46.0
06/09/2026,16:11:53,19.7,46.8
06/09/2026,16:16:53,20.1,48.9
06/09/2026,16:21:53,20.2,49.1
06/09/2026,16:26:53,19.9,48.5
06/09/2026,16:31:53,19.6,49.0
06/09/2026,16:36:53,19.4,49.1
06/09/2026,16:41:53,19.2,49.3
06/09/2026,16:46:53,18.9,49.7
06/09/2026,16:51:53,18.4,51.0
06/09/2026,16:56:53,18.2,51.9
06/09/2026,17:01:53,17.9,52.7
06/09/2026,17:06:53,17.9,53.5
06/09/2026,17:11:53,17.7,54.4
06/09/2026,17:16:53,17.8,53.7
06/09/2026,17:21:53,17.4,52.9
06/09/2026,17:26:53,16.9,53.5
06/09/2026,17:31:53,16.6,54.8
06/09/2026,17:36:53,16.5,55.0
06/09/2026,17:41:53,16.2,55.4
06/09/2026,17:46:53,15.8,56.2
06/09/2026,17:51:53,15.5,57.3
06/09/2026,17:56:53,15.5,57.8
06/09/2026,18:01:53,15.9,56.8
06/09/2026,18:06:53,16.3,55.7
06/09/2026,18:11:53,16.4,54.8
06/09/2026,18:16:53,16.4,55.3
06/09/2026,18:21:53,16.5,55.8
06/09/2026,18:26:53,16.6,56.4
06/09/2026,18:31:53,16.8,56.6
06/09/2026,18:36:53,17.0,56.2
06/09/2026,18:41:53,17.0,55.8
06/09/2026,18:46:53,17.0,55.8
06/09/2026,18:51:53,17.1,55.0
06/09/2026,18:56:53,17.2,54.6
06/09/2026,19:01:53,17.1,53.6
06/09/2026,19:06:53,16.9,53.5
06/09/2026,19:11:53,17.3,53.3
06/09/2026,19:16:53,17.4,52.8
06/09/2026,19:21:53,17.6,52.7
06/09/2026,19:26:53,17.8,51.5
06/09/2026,19:31:53,17.8,51.3
06/09/2026,19:36:53,17.7,51.4
06/09/2026,19:41:53,17.6,52.3
06/09/2026,19:46:53,17.4,52.5
06/09/2026,19:51:53,17.3,52.7
06/09/2026,19:56:53,17.0,52.9
06/09/2026,20:01:53,16.8,53.6
06/09/2026,20:06:53,16.6,54.5
06/09/2026,20:11:53,16.4,54.5
06/09/2026,20:16:53,16.2,55.0
06/09/2026,20:21:53,16.1,54.4
06/09/2026,20:26:53,15.9,53.7
06/09/2026,20:31:53,15.8,53.9
06/09/2026,20:36:53,15.6,54.0
06/09/2026,20:41:53,15.4,54.3
06/09/2026,20:46:53,15.4,54.6
06/09/2026,20:51:53,15.3,54.9
06/09/2026,20:56:53,15.2,55.2
06/09/2026,21:01:53,15.1,55.7
06/09/2026,21:06:53,14.9,56.5
06/09/2026,21:11:53,14.9,57.3
06/09/2026,21:16:53,14.7,57.9
06/09/2026,21:21:53,14.7,58.7
06/09/2026,21:26:53,14.5,58.6
06/09/2026,21:31:53,14.4,58.8
06/09/2026,21:36:53,14.2,59.5
06/09/2026,21:41:53,14.0,59.4
06/09/2026,21:46:53,13.9,59.3
06/09/2026,21:51:53,13.8,59.4
06/09/2026,21:56:53,13.6,59.7
06/09/2026,22:01:53,13.5,60.1
06/09/2026,22:06:53,13.3,60.7
06/09/2026,22:11:53,13.2,61.2
06/09/2026,22:16:53,13.1,61.5
06/09/2026,22:21:53,12.9,62.2
06/09/2026,22:26:53,12.8,62.6
06/09/2026,22:31:53,12.7,63.1
06/09/2026,22:36:53,12.4,63.7
06/09/2026,22:41:53,12.4,64.3
06/09/2026,22:46:53,12.3,64.8
06/09/2026,22:51:53,12.2,65.3
06/09/2026,22:56:53,12.1,65.7
06/09/2026,23:01:53,12.0,65.8
06/09/2026,23:06:53,11.9,66.3
06/09/2026,23:11:53,11.9,66.6
06/09/2026,23:16:53,11.8,66.9
06/09/2026,23:21:53,11.7,67.2
06/09/2026,23:26:53,11.6,67.5
06/09/2026,23:31:53,11.5,67.8
06/09/2026,23:36:53,11.5,68.0
06/09/2026,23:41:53,11.5,68.0
06/09/2026,23:46:53,11.4,68.3
06/09/2026,23:51:53,11.3,68.5
06/09/2026,23:56:53,11.2,68.7
06/10/2026,00:01:53,11.2,68.9
06/10/2026,00:06:53,11.1,69.3
06/10/2026,00:11:53,11.1,69.3
06/10/2026,00:16:53,11.1,69.7
06/10/2026,00:21:53,11.1,69.8
06/10/2026,00:26:53,11.0,69.9
06/10/2026,00:31:53,11.0,70.1
06/10/2026,00:36:53,11.0,70.3
06/10/2026,00:41:53,10.9,70.6
06/10/2026,00:46:53,10.9,70.8
06/10/2026,00:51:53,10.9,71.2
06/10/2026,00:56:53,10.9,71.3
06/10/2026,01:01:53,10.8,71.8
06/10/2026,01:06:53,10.8,71.8
06/10/2026,01:11:53,10.7,72.1
06/10/2026,01:16:53,10.7,72.3
06/10/2026,01:21:53,10.7,72.6
06/10/2026,01:26:53,10.7,72.9
06/10/2026,01:31:53,10.7,72.8
06/10/2026,01:36:53,10.7,73.0
06/10/2026,01:41:53,10.6,73.0
06/10/2026,01:46:53,10.6,73.2
06/10/2026,01:51:53,10.6,73.5
06/10/2026,01:56:53,10.5,73.5
06/10/2026,02:01:53,10.5,73.7
06/10/2026,02:06:53,10.5,73.9
06/10/2026,02:11:53,10.4,74.2
06/10/2026,02:16:53,10.4,74.3
06/10/2026,02:21:53,10.4,74.6
06/10/2026,02:26:53,10.3,74.7
06/10/2026,02:31:53,10.3,75.0
06/10/2026,02:36:53,10.3,75.2
06/10/2026,02:41:53,10.2,75.4
06/10/2026,02:46:53,10.1,75.7
06/10/2026,02:51:53,10.1,75.9
06/10/2026,02:56:53,10.0,76.1
06/10/2026,03:01:53,10.0,76.4
06/10/2026,03:06:53,10.0,76.4
06/10/2026,03:11:53,10.0,76.9
06/10/2026,03:16:53,10.0,76.8
06/10/2026,03:21:53,10.0,76.9
06/10/2026,03:26:53,9.9,77.1
06/10/2026,03:31:53,9.8,77.2
06/10/2026,03:36:53,9.8,77.5
06/10/2026,03:41:53,9.8,77.6
06/10/2026,03:46:53,9.7,77.7
06/10/2026,03:51:53,9.7,77.8
06/10/2026,03:56:53,9.7,78.0
06/10/2026,04:01:53,9.6,78.2
06/10/2026,04:06:53,9.6,78.3
06/10/2026,04:11:53,9.5,78.7
06/10/2026,04:16:53,9.5,78.9
06/10/2026,04:21:53,9.5,78.9
06/10/2026,04:26:53,9.5,79.0
06/10/2026,04:31:53,9.4,79.2
06/10/2026,04:36:53,9.4,79.4
06/10/2026,04:41:53,9.3,79.6
06/10/2026,04:46:53,9.3,79.7
06/10/2026,04:51:53,9.2,80.0
06/10/2026,04:56:53,9.2,80.2
06/10/2026,05:01:53,9.2,80.3
06/10/2026,05:06:53,9.2,80.4
06/10/2026,05:11:53,9.2,80.6
06/10/2026,05:16:53,9.2,80.6
06/10/2026,05:21:53,9.2,80.8
06/10/2026,05:26:53,9.3,80.7
06/10/2026,05:31:53,9.3,80.8
06/10/2026,05:36:53,9.3,80.8
06/10/2026,05:41:53,9.3,80.9
06/10/2026,05:46:53,9.3,80.9
06/10/2026,05:51:53,9.4,80.9
06/10/2026,05:56:53,9.3,80.9
06/10/2026,06:01:53,9.3,80.9
06/10/2026,06:06:53,9.3,81.0
06/10/2026,06:11:53,9.3,81.0
06/10/2026,06:16:53,9.3,81.2
06/10/2026,06:21:53,9.4,81.1
06/10/2026,06:26:53,9.5,81.1
06/10/2026,06:31:53,9.6,81.1
06/10/2026,06:36:53,9.8,80.9
06/10/2026,06:41:53,9.9,80.8
06/10/2026,06:46:53,10.1,80.5
06/10/2026,06:51:53,10.2,80.4
06/10/2026,06:56:53,10.4,80.2
06/10/2026,07:01:53,10.5,80.1
06/10/2026,07:06:53,10.6,80.1
06/10/2026,07:11:53,10.7,80.0
06/10/2026,07:16:53,10.8,80.1
06/10/2026,07:21:53,11.0,80.1
06/10/2026,07:26:53,11.1,79.5
06/10/2026,07:31:53,11.2,79.1
06/10/2026,07:36:53,11.3,79.0
06/10/2026,07:41:53,11.5,78.6
06/10/2026,07:46:53,11.7,78.1
06/10/2026,07:51:53,11.9,77.8
06/10/2026,07:56:53,12.1,77.3
06/10/2026,08:01:53,12.3,76.9
06/10/2026,08:06:53,12.5,76.4
06/10/2026,08:11:53,12.6,75.8
06/10/2026,08:16:53,12.7,75.4
06/10/2026,08:21:53,12.7,74.0
06/10/2026,08:26:53,12.7,74.0
06/10/2026,08:31:53,12.7,74.4
06/10/2026,08:36:53,12.9,73.9
06/10/2026,08:41:53,13.0,73.7
06/10/2026,08:46:53,13.2,73.0
06/10/2026,08:51:53,13.4,72.7
06/10/2026,08:56:53,13.4,71.8
06/10/2026,09:01:53,13.5,71.6
06/10/2026,09:06:53,13.6,71.2
06/10/2026,09:11:53,13.9,70.6
06/10/2026,09:16:53,13.8,69.8
06/10/2026,09:21:53,13.7,70.1
06/10/2026,09:26:53,13.9,70.1
06/10/2026,09:31:53,14.1,69.6
06/10/2026,09:36:53,14.2,69.1
06/10/2026,09:41:53,14.3,68.5
06/10/2026,09:46:53,14.1,68.6
06/10/2026,09:51:53,14.2,68.9
06/10/2026,09:56:53,14.4,68.5
06/10/2026,10:01:53,14.7,68.1
06/10/2026,10:06:53,15.0,67.3
06/10/2026,10:11:53,15.1,67.2
06/10/2026,10:16:53,15.4,66.3
06/10/2026,10:21:53,15.5,65.7
06/10/2026,10:26:53,15.6,65.2
06/10/2026,10:31:53,15.6,65.4
06/10/2026,10:36:53,15.6,65.7
06/10/2026,10:41:53,15.3,65.3
06/10/2026,10:46:53,15.4,65.8
06/10/2026,10:51:53,15.6,64.9
06/10/2026,10:56:53,15.9,63.9
06/10/2026,11:01:53,16.2,62.2
06/10/2026,11:06:53,16.3,61.1
06/10/2026,11:11:53,16.7,60.9
06/10/2026,11:16:53,16.9,59.6
06/10/2026,11:21:53,16.4,59.5
06/10/2026,11:26:53,16.0,60.6
06/10/2026,11:31:53,15.6,63.5
06/10/2026,11:36:53,15.2,67.1
06/10/2026,11:41:53,14.5,67.1
06/10/2026,11:46:53,13.1,67.2
06/10/2026,11:51:53,11.9,69.5
06/10/2026,11:56:53,11.3,71.8
06/10/2026,12:01:53,11.0,73.4
06/10/2026,12:06:53,10.9,74.9
06/10/2026,12:11:53,11.0,75.9
06/10/2026,12:16:53,11.3,76.9
06/10/2026,12:21:53,11.7,77.6
06/10/2026,12:26:53,12.2,77.8
06/10/2026,12:31:53,12.8,77.6
06/10/2026,12:36:53,13.3,76.0
06/10/2026,12:41:53,13.7,76.6
06/10/2026,12:46:53,14.0,74.5
06/10/2026,12:51:53,14.3,74.7
06/10/2026,12:56:53,14.6,73.1
06/10/2026,13:01:53,14.6,72.7
06/10/2026,13:06:53,14.8,73.7
06/10/2026,13:11:53,15.0,73.0
06/10/2026,13:16:53,15.4,73.0
06/10/2026,13:21:53,15.6,73.1
06/10/2026,13:26:53,15.9,71.2
06/10/2026,13:31:53,16.0,70.1
06/10/2026,13:36:53,16.2,68.7
06/10/2026,13:41:53,16.2,68.6
06/10/2026,13:46:53,16.4,66.9
06/10/2026,13:51:53,16.5,66.9
06/10/2026,13:56:53,16.6,65.6
06/10/2026,14:01:53,16.6,64.9
06/10/2026,14:06:53,16.4,65.0
06/10/2026,14:11:53,16.2,65.3
06/10/2026,14:16:53,16.1,65.3
06/10/2026,14:21:53,15.9,65.7
06/10/2026,14:26:53,15.9,64.6
06/10/2026,14:31:53,15.7,65.5
06/10/2026,14:36:53,15.6,67.1
06/10/2026,14:41:53,15.6,67.1
06/10/2026,14:46:53,15.4,67.9
06/10/2026,14:51:53,15.3,67.8
06/10/2026,14:56:53,15.1,69.2
06/10/2026,15:01:53,14.6,70.9
06/10/2026,15:06:53,14.2,71.2
06/10/2026,15:11:53,13.6,73.0
06/10/2026,15:16:53,13.3,72.4
06/10/2026,15:21:53,12.8,73.5
06/10/2026,15:26:53,12.7,74.9
06/10/2026,15:31:53,12.5,75.6
06/10/2026,15:36:53,12.3,76.2
06/10/2026,15:41:53,12.2,77.7
06/10/2026,15:46:53,12.3,78.1
06/10/2026,15:51:53,12.4,78.7
06/10/2026,15:56:53,12.7,80.6
06/10/2026,16:01:53,12.9,79.8
06/10/2026,16:06:53,13.6,80.2
06/10/2026,16:11:53,14.1,78.5
06/10/2026,16:16:53,14.4,77.0
06/10/2026,16:21:53,14.3,76.4
06/10/2026,16:26:53,14.2,76.7
06/10/2026,16:31:53,14.0,76.1
06/10/2026,16:36:53,14.0,77.3
06/10/2026,16:41:53,14.0,76.5
06/10/2026,16:46:53,14.1,76.7
06/10/2026,16:51:53,14.1,75.8
06/10/2026,16:56:53,14.0,76.2
06/10/2026,17:01:53,13.8,77.0
06/10/2026,17:06:53,13.8,78.0
06/10/2026,17:11:53,14.0,78.9
06/10/2026,17:16:53,14.1,78.0
06/10/2026,17:21:53,14.0,76.9
06/10/2026,17:26:53,14.1,76.5
06/10/2026,17:31:53,14.1,77.1
06/10/2026,17:36:53,14.1,76.8
06/10/2026,17:41:53,14.1,76.5
06/10/2026,17:46:53,14.2,76.2
06/10/2026,17:51:53,14.3,75.9
06/10/2026,17:56:53,14.3,74.8
06/10/2026,18:01:53,14.3,75.1
06/10/2026,18:06:53,14.3,75.4
06/10/2026,18:11:53,14.3,75.1
06/10/2026,18:16:53,14.2,74.9
06/10/2026,18:21:53,14.3,75.3
06/10/2026,18:26:53,14.3,74.9
06/10/2026,18:31:53,14.2,74.4
06/10/2026,18:36:53,14.1,75.1
06/10/2026,18:41:53,14.1,75.5
06/10/2026,18:46:53,14.2,75.5
06/10/2026,18:51:53,14.3,75.5
06/10/2026,18:56:53,14.5,75.4
06/10/2026,19:01:53,14.4,75.0
06/10/2026,19:06:53,14.3,75.1
06/10/2026,19:11:53,14.1,75.1
06/10/2026,19:16:53,14.1,75.4
06/10/2026,19:21:53,14.0,75.6
06/10/2026,19:26:53,13.9,76.1
06/10/2026,19:31:53,13.9,76.4
06/10/2026,19:36:53,13.8,76.4
06/10/2026,19:41:53,13.8,76.3
06/10/2026,19:46:53,13.8,75.9
06/10/2026,19:51:53,13.7,75.9
06/10/2026,19:56:53,13.7,76.4
06/10/2026,20:01:53,13.6,76.6
06/10/2026,20:06:53,13.6,76.8
06/10/2026,20:11:53,13.6,76.8
06/10/2026,20:16:53,13.6,76.3
06/10/2026,20:21:53,13.5,76.3
06/10/2026,20:26:53,13.5,76.3
06/10/2026,20:31:53,13.4,76.3
06/10/2026,20:36:53,13.3,76.4
06/10/2026,20:41:53,13.3,76.6
06/10/2026,20:46:53,13.2,77.0
06/10/2026,20:51:53,13.1,77.6
06/10/2026,20:56:53,13.0,77.9
06/10/2026,21:01:53,12.9,78.0
06/10/2026,21:06:53,12.8,78.7
06/10/2026,21:11:53,12.7,78.8
06/10/2026,21:16:53,12.6,79.0
06/10/2026,21:21:53,12.5,79.2
06/10/2026,21:26:53,12.4,79.4
06/10/2026,21:31:53,12.3,79.5
06/10/2026,21:36:53,12.2,80.2
06/10/2026,21:41:53,12.2,80.0
06/10/2026,21:46:53,12.1,80.1
06/10/2026,21:51:53,11.9,80.2
06/10/2026,21:56:53,11.8,80.5
06/10/2026,22:01:53,11.7,80.8
06/10/2026,22:06:53,11.6,81.0
06/10/2026,22:11:53,11.5,81.2
06/10/2026,22:16:53,11.4,81.4
06/10/2026,22:21:53,11.4,81.6
06/10/2026,22:26:53,11.3,81.7
06/10/2026,22:31:53,11.2,81.9
06/10/2026,22:36:53,11.2,82.0
06/10/2026,22:41:53,11.2,82.3
06/10/2026,22:46:53,11.2,82.3
06/10/2026,22:51:53,11.2,82.6
06/10/2026,22:56:53,11.2,83.0
06/10/2026,23:01:53,11.2,82.7
06/10/2026,23:06:53,11.2,82.9
06/10/2026,23:11:53,11.1,83.0
06/10/2026,23:16:53,11.1,83.2
06/10/2026,23:21:53,11.1,83.3
06/10/2026,23:26:53,11.0,83.3
06/10/2026,23:31:53,11.0,83.6
06/10/2026,23:36:53,11.0,83.7
06/10/2026,23:41:53,11.0,83.7
06/10/2026,23:46:53,11.0,84.0
06/10/2026,23:51:53,11.0,84.1
06/10/2026,23:56:53,11.0,84.0
06/11/2026,00:01:53,11.0,84.1
06/11/2026,00:06:53,11.0,84.1
06/11/2026,00:11:53,10.9,84.1
06/11/2026,00:16:53,10.8,83.9
06/11/2026,00:21:53,10.8,84.2
06/11/2026,00:26:53,10.8,84.3
06/11/2026,00:31:53,10.7,84.1
06/11/2026,00:36:53,10.7,84.3
06/11/2026,00:41:53,10.7,84.3
06/11/2026,00:46:53,10.7,84.5
06/11/2026,00:51:53,10.7,84.4
06/11/2026,00:56:53,10.7,84.6
06/11/2026,01:01:53,10.7,84.4
06/11/2026,01:06:53,10.6,84.4
06/11/2026,01:11:53,10.6,84.7
06/11/2026,01:16:53,10.6,84.8
06/11/2026,01:21:53,10.6,85.1
06/11/2026,01:26:53,10.6,85.2
06/11/2026,01:31:53,10.6,85.1
06/11/2026,01:36:53,10.5,84.5
06/11/2026,01:41:53,10.5,85.0
06/11/2026,01:46:53,10.5,84.9
06/11/2026,01:51:53,10.5,85.0
06/11/2026,01:56:53,10.5,84.9
06/11/2026,02:01:53,10.5,84.9
06/11/2026,02:06:53,10.5,84.8
06/11/2026,02:11:53,10.5,85.2
06/11/2026,02:16:53,10.4,85.1
06/11/2026,02:21:53,10.4,85.2
06/11/2026,02:26:53,10.3,85.0
06/11/2026,02:31:53,10.3,84.9
06/11/2026,02:36:53,10.2,84.9
06/11/2026,02:41:53,10.2,84.9
06/11/2026,02:46:53,10.1,85.0
06/11/2026,02:51:53,10.0,84.9
06/11/2026,02:56:53,10.0,85.4
06/11/2026,03:01:53,9.9,85.4
06/11/2026,03:06:53,9.9,85.3
06/11/2026,03:11:53,9.8,85.6
06/11/2026,03:16:53,9.8,85.6
06/11/2026,03:21:53,9.7,85.5
06/11/2026,03:26:53,9.7,85.5
06/11/2026,03:31:53,9.6,85.7
06/11/2026,03:36:53,9.6,85.8
06/11/2026,03:41:53,9.6,85.7
06/11/2026,03:46:53,9.6,85.6
06/11/2026,03:51:53,9.6,85.6
06/11/2026,03:56:53,9.6,85.7
06/11/2026,04:01:53,9.5,85.7
06/11/2026,04:06:53,9.5,85.7
06/11/2026,04:11:53,9.4,85.5
06/11/2026,04:16:53,9.4,85.8
06/11/2026,04:21:53,9.4,85.7
06/11/2026,04:26:53,9.3,85.8
06/11/2026,04:31:53,9.3,85.9
06/11/2026,04:36:53,9.2,85.8
06/11/2026,04:41:53,9.2,85.8
06/11/2026,04:46:53,9.1,85.8
06/11/2026,04:51:53,9.1,85.9
06/11/2026,04:56:53,9.1,86.0
06/11/2026,05:01:53,9.1,85.8
06/11/2026,05:06:53,9.0,85.8
06/11/2026,05:11:53,9.1,85.8
06/11/2026,05:16:53,9.0,85.8
06/11/2026,05:21:53,9.1,85.7
06/11/2026,05:26:53,9.1,85.8
06/11/2026,05:31:53,9.1,85.7
06/11/2026,05:36:53,9.1,85.7
06/11/2026,05:41:53,9.2,85.6
06/11/2026,05:46:53,9.2,85.6
06/11/2026,05:51:53,9.3,85.6
06/11/2026,05:56:53,9.3,85.6
06/11/2026,06:01:53,9.3,85.6
06/11/2026,06:06:53,9.4,85.6
06/11/2026,06:11:53,9.4,85.6
06/11/2026,06:16:53,9.5,85.8
06/11/2026,06:21:53,9.6,85.8
06/11/2026,06:26:53,9.6,85.7
06/11/2026,06:31:53,9.7,85.7
06/11/2026,06:36:53,9.8,85.7
06/11/2026,06:41:53,9.9,85.6
06/11/2026,06:46:53,10.0,85.6
06/11/2026,06:51:53,10.1,85.5
06/11/2026,06:56:53,10.3,85.5
06/11/2026,07:01:53,10.4,85.2
06/11/2026,07:06:53,10.5,85.0
06/11/2026,07:11:53,10.6,85.0
06/11/2026,07:16:53,10.6,84.9
06/11/2026,07:21:53,10.7,84.9
06/11/2026,07:26:53,10.9,84.8
06/11/2026,07:31:53,11.1,84.5
06/11/2026,07:36:53,11.2,84.3
06/11/2026,07:41:53,11.3,83.9
06/11/2026,07:46:53,11.4,84.2
06/11/2026,07:51:53,11.5,83.7
06/11/2026,07:56:53,11.6,83.8
06/11/2026,08:01:53,11.7,83.7
06/11/2026,08:06:53,11.8,83.7
06/11/2026,08:11:53,11.9,83.6
06/11/2026,08:16:53,12.1,83.2
06/11/2026,08:21:53,12.1,82.8
06/11/2026,08:26:53,12.2,82.6
06/11/2026,08:31:53,12.3,82.3
06/11/2026,08:36:53,12.5,82.3
06/11/2026,08:41:53,12.7,81.9
06/11/2026,08:46:53,12.8,81.7
06/11/2026,08:51:53,12.9,81.7
06/11/2026,08:56:53,13.1,81.4
06/11/2026,09:01:53,13.2,81.3
06/11/2026,09:06:53,13.3,81.1
06/11/2026,09:11:53,13.4,80.5
06/11/2026,09:16:53,13.5,80.5
06/11/2026,09:21:53,13.5,80.3
06/11/2026,09:26:53,13.5,80.3
06/11/2026,09:31:53,13.6,80.4
06/11/2026,09:36:53,13.6,80.8
06/11/2026,09:41:53,13.7,80.8
06/11/2026,09:46:53,13.7,81.0
06/11/2026,09:51:53,13.7,81.5
06/11/2026,09:56:53,13.7,81.2
06/11/2026,10:01:53,13.6,81.6
06/11/2026,10:06:53,13.5,81.4
06/11/2026,10:11:53,13.4,81.8
06/11/2026,10:16:53,13.3,81.9
06/11/2026,10:21:53,13.3,82.4
06/11/2026,10:26:53,13.3,82.7
06/11/2026,10:31:53,13.3,82.9
06/11/2026,10:36:53,13.3,82.9
06/11/2026,10:41:53,13.3,83.0
06/11/2026,10:46:53,13.2,83.1
06/11/2026,10:51:53,13.3,83.2
06/11/2026,10:56:53,13.2,83.4
06/11/2026,11:01:53,13.2,84.0
06/11/2026,11:06:53,13.2,83.3
06/11/2026,11:11:53,13.2,83.3
06/11/2026,11:16:53,13.1,83.2
06/11/2026,11:21:53,12.9,83.1
06/11/2026,11:26:53,12.7,83.1
06/11/2026,11:31:53,12.5,83.2
06/11/2026,11:36:53,12.3,83.3
06/11/2026,11:41:53,12.2,83.7
06/11/2026,11:46:53,12.2,84.3
06/11/2026,11:51:53,12.2,84.9
06/11/2026,11:56:53,12.3,85.3
06/11/2026,12:01:53,12.4,85.6
06/11/2026,12:06:53,12.4,85.6
06/11/2026,12:11:53,12.5,85.4
06/11/2026,12:16:53,12.4,85.3
06/11/2026,12:21:53,12.4,85.5
06/11/2026,12:26:53,12.4,85.7
06/11/2026,12:31:53,12.3,85.6
06/11/2026,12:36:53,12.3,85.4
06/11/2026,12:41:53,12.4,85.9
06/11/2026,12:46:53,12.5,85.9
06/11/2026,12:51:53,12.5,85.7
06/11/2026,12:56:53,12.6,85.5
06/11/2026,13:01:53,12.7,85.3
06/11/2026,13:06:53,12.7,85.4
06/11/2026,13:11:53,12.8,85.6
06/11/2026,13:16:53,12.8,85.4
06/11/2026,13:21:53,12.7,85.1
06/11/2026,13:26:53,12.7,85.3
06/11/2026,13:31:53,12.6,84.7
06/11/2026,13:36:53,12.6,85.1
06/11/2026,13:41:53,12.6,85.8
06/11/2026,13:46:53,12.5,85.5
06/11/2026,13:51:53,12.4,85.6
06/11/2026,13:56:53,12.3,85.8
06/11/2026,14:01:53,12.3,86.3
06/11/2026,14:06:53,12.3,86.4
06/11/2026,14:11:53,12.3,86.3
06/11/2026,14:16:53,12.2,86.4
06/11/2026,14:21:53,12.3,86.4
06/11/2026,14:26:53,12.3,86.4
06/11/2026,14:31:53,12.3,86.3
06/11/2026,14:36:53,12.3,86.4
06/11/2026,14:41:53,12.3,86.5
06/11/2026,14:46:53,12.3,86.5
06/11/2026,14:51:53,12.2,86.6
06/11/2026,14:56:53,12.2,86.8
06/11/2026,15:01:53,12.3,86.9
06/11/2026,15:06:53,12.3,87.1
06/11/2026,15:11:53,12.4,87.3
06/11/2026,15:16:53,12.5,87.5
06/11/2026,15:21:53,12.5,87.7
06/11/2026,15:26:53,12.6,88.0
06/11/2026,15:31:53,12.7,88.1
06/11/2026,15:36:53,12.8,88.2
06/11/2026,15:41:53,12.9,88.4
06/11/2026,15:46:53,13.0,88.4
06/11/2026,15:51:53,13.1,88.6
06/11/2026,15:56:53,13.2,88.6
06/11/2026,16:01:53,13.3,88.7
06/11/2026,16:06:53,13.4,88.8
06/11/2026,16:11:53,13.5,88.8
06/11/2026,16:16:53,13.5,88.7
06/11/2026,16:21:53,13.6,88.8
06/11/2026,16:26:53,13.8,88.8
06/11/2026,16:31:53,13.8,88.8
06/11/2026,16:36:53,13.9,88.8
06/11/2026,16:41:53,14.0,88.7
06/11/2026,16:46:53,14.0,88.7
06/11/2026,16:51:53,14.1,88.8
06/11/2026,16:56:53,14.2,88.8
06/11/2026,17:01:53,14.3,88.8
06/11/2026,17:06:53,14.4,88.8
06/11/2026,17:11:53,14.5,88.8
06/11/2026,17:16:53,14.6,88.7
06/11/2026,17:21:53,14.7,88.8
06/11/2026,17:26:53,14.8,88.9
06/11/2026,17:31:53,14.9,89.0
06/11/2026,17:36:53,15.1,88.7
06/11/2026,17:41:53,15.3,88.6
06/11/2026,17:46:53,15.4,88.5
06/11/2026,17:51:53,15.6,88.3
06/11/2026,17:56:53,15.6,88.0
06/11/2026,18:01:53,15.7,87.8
06/11/2026,18:06:53,15.7,87.6
06/11/2026,18:11:53,15.7,87.7
06/11/2026,18:16:53,15.7,87.7
06/11/2026,18:21:53,15.8,87.8
06/11/2026,18:26:53,15.8,87.7
06/11/2026,18:31:53,15.8,87.8
06/11/2026,18:36:53,15.8,87.7
06/11/2026,18:41:53,15.8,87.8
06/11/2026,18:46:53,15.8,87.9
06/11/2026,18:51:53,15.8,88.0
06/11/2026,18:56:53,15.8,88.1
06/11/2026,19:01:53,15.8,88.2
06/11/2026,19:06:53,15.8,88.3
06/11/2026,19:11:53,15.9,88.3
06/11/2026,19:16:53,15.9,88.3
06/11/2026,19:21:53,15.9,88.4
06/11/2026,19:26:53,15.9,88.5
06/11/2026,19:31:53,15.9,88.6
06/11/2026,19:36:53,15.9,88.6
06/11/2026,19:41:53,15.9,88.7
06/11/2026,19:46:53,15.9,88.7
06/11/2026,19:51:53,15.8,88.7
06/11/2026,19:56:53,15.8,88.7
06/11/2026,20:01:53,15.9,88.7
06/11/2026,20:06:53,15.9,88.6
06/11/2026,20:11:53,15.9,88.5
06/11/2026,20:16:53,15.9,88.5
06/11/2026,20:21:53,15.9,88.5
06/11/2026,20:26:53,15.9,88.4
06/11/2026,20:31:53,15.9,88.4
06/11/2026,20:36:53,15.9,88.5
06/11/2026,20:41:53,15.8,88.6
06/11/2026,20:46:53,15.8,88.7
06/11/2026,20:51:53,15.8,88.7
06/11/2026,20:56:53,15.8,88.8
06/11/2026,21:01:53,15.8,88.8
06/11/2026,21:06:53,15.8,88.8
06/11/2026,21:11:53,15.8,88.8
06/11/2026,21:16:53,15.8,88.7
06/11/2026,21:21:53,15.8,88.6
06/11/2026,21:26:53,15.8,88.4
06/11/2026,21:31:53,15.8,88.3
06/11/2026,21:36:53,15.8,88.2
06/11/2026,21:41:53,15.8,88.1
06/11/2026,21:46:53,15.8,88.1
06/11/2026,21:51:53,15.8,88.1
06/11/2026,21:56:53,15.8,88.1
06/11/2026,22:01:53,15.8,88.1
06/11/2026,22:06:53,15.7,88.0
06/11/2026,22:11:53,15.7,88.0
06/11/2026,22:16:53,15.7,88.0
06/11/2026,22:21:53,15.7,88.0
06/11/2026,22:26:53,15.7,88.0
06/11/2026,22:31:53,15.7,87.9
06/11/2026,22:36:53,15.7,87.9
06/11/2026,22:41:53,15.7,87.8
06/11/2026,22:46:53,15.7,87.7
06/11/2026,22:51:53,15.7,87.7
06/11/2026,22:56:53,15.7,87.7
06/11/2026,23:01:53,15.7,87.6
06/11/2026,23:06:53,15.8,87.6
06/11/2026,23:11:53,15.7,87.5
06/11/2026,23:16:53,15.7,87.5
06/11/2026,23:21:53,15.7,87.5
06/11/2026,23:26:53,15.7,87.4
06/11/2026,23:31:53,15.7,87.4
06/11/2026,23:36:53,15.7,87.4
06/11/2026,23:41:53,15.6,87.4
06/11/2026,23:46:53,15.6,87.4
06/11/2026,23:51:53,15.6,87.4
06/11/2026,23:56:53,15.6,87.3
06/12/2026,00:01:53,15.6,87.3
06/12/2026,00:06:53,15.6,87.2
06/12/2026,00:11:53,15.5,87.2
06/12/2026,00:16:53,15.5,87.2
06/12/2026,00:21:53,15.5,87.2
06/12/2026,00:26:53,15.5,87.2
06/12/2026,00:31:53,15.5,87.2
06/12/2026,00:36:53,15.5,87.2
06/12/2026,00:41:53,15.4,87.2
06/12/2026,00:46:53,15.4,87.2
06/12/2026,00:51:53,15.4,87.2
06/12/2026,00:56:53,15.4,87.2
06/12/2026,01:01:53,15.4,87.2
06/12/2026,01:06:53,15.4,87.2
06/12/2026,01:11:53,15.4,87.2
06/12/2026,01:16:53,15.4,87.2
06/12/2026,01:21:53,15.4,87.2
06/12/2026,01:26:53,15.4,87.2
06/12/2026,01:31:53,15.4,87.1
06/12/2026,01:36:53,15.4,87.1
06/12/2026,01:41:53,15.4,87.1
06/12/2026,01:46:53,15.5,87.0
06/12/2026,01:51:53,15.4,86.9
06/12/2026,01:56:53,15.5,86.9
06/12/2026,02:01:53,15.4,86.9
06/12/2026,02:06:53,15.5,86.8
06/12/2026,02:11:53,15.5,86.8
06/12/2026,02:16:53,15.4,86.8
06/12/2026,02:21:53,15.4,86.8
06/12/2026,02:26:53,15.4,86.8
06/12/2026,02:31:53,15.4,86.8
06/12/2026,02:36:53,15.4,86.7
06/12/2026,02:41:53,15.5,86.7
06/12/2026,02:46:53,15.4,86.8
06/12/2026,02:51:53,15.4,86.8
06/12/2026,02:56:53,15.4,86.9
06/12/2026,03:01:53,15.3,87.0
06/12/2026,03:06:53,15.3,87.0
06/12/2026,03:11:53,15.3,87.0
06/12/2026,03:16:53,15.3,87.0
06/12/2026,03:21:53,15.3,87.1
06/12/2026,03:26:53,15.3,87.1
06/12/2026,03:31:53,15.3,87.2
06/12/2026,03:36:53,15.3,87.2
06/12/2026,03:41:53,15.3,87.1
06/12/2026,03:46:53,15.3,87.2
06/12/2026,03:51:53,15.3,87.2
06/12/2026,03:56:53,15.3,87.1
06/12/2026,04:01:53,15.2,87.2
06/12/2026,04:06:53,15.2,87.3
06/12/2026,04:11:53,15.2,87.3
06/12/2026,04:16:53,15.2,87.2
06/12/2026,04:21:53,15.2,87.3
06/12/2026,04:26:53,15.3,87.2
06/12/2026,04:31:53,15.2,87.3
06/12/2026,04:36:53,15.3,87.2
06/12/2026,04:41:53,15.2,87.2
06/12/2026,04:46:53,15.3,87.2
06/12/2026,04:51:53,15.3,87.2
06/12/2026,04:56:53,15.3,87.2
06/12/2026,05:01:53,15.3,87.1
06/12/2026,05:06:53,15.3,87.1
06/12/2026,05:11:53,15.3,87.1
06/12/2026,05:16:53,15.3,87.0
06/12/2026,05:21:53,15.3,86.9
06/12/2026,05:26:53,15.3,86.9
06/12/2026,05:31:53,15.4,86.8
06/12/2026,05:36:53,15.5,86.7
06/12/2026,05:41:53,15.5,86.6
06/12/2026,05:46:53,15.5,86.3
06/12/2026,05:51:53,15.6,86.2
06/12/2026,05:56:53,15.7,86.1
06/12/2026,06:01:53,15.7,86.0
06/12/2026,06:06:53,15.7,85.9
06/12/2026,06:11:53,15.8,85.7
06/12/2026,06:16:53,15.8,85.6
06/12/2026,06:21:53,15.8,85.6
06/12/2026,06:26:53,15.8,85.5
06/12/2026,06:31:53,15.8,85.4
06/12/2026,06:36:53,15.8,85.4
06/12/2026,06:41:53,15.9,85.4
06/12/2026,06:46:53,15.9,85.3
06/12/2026,06:51:53,16.0,85.2
06/12/2026,06:56:53,16.2,84.9
06/12/2026,07:01:53,16.3,84.5
06/12/2026,07:06:53,16.4,84.3
06/12/2026,07:11:53,16.5,84.0
06/12/2026,07:16:53,16.6,84.1
06/12/2026,07:21:53,16.6,83.4
06/12/2026,07:26:53,16.6,83.4
06/12/2026,07:31:53,16.6,83.3
06/12/2026,07:36:53,16.6,83.0
06/12/2026,07:41:53,16.6,83.0
06/12/2026,07:46:53,16.6,83.1
06/12/2026,07:51:53,16.7,82.9
06/12/2026,07:56:53,16.7,82.8
06/12/2026,08:01:53,16.8,82.9
06/12/2026,08:06:53,16.8,82.5
06/12/2026,08:11:53,16.8,82.3
06/12/2026,08:16:53,16.9,82.4
06/12/2026,08:21:53,16.9,82.2
06/12/2026,08:26:53,16.9,82.1
06/12/2026,08:31:53,16.9,82.1
06/12/2026,08:36:53,16.9,82.2
06/12/2026,08:41:53,16.9,82.0
06/12/2026,08:46:53,17.1,81.9
06/12/2026,08:51:53,17.1,81.6
06/12/2026,08:56:53,17.2,81.4
06/12/2026,09:01:53,17.4,81.2
06/12/2026,09:06:53,17.6,80.8
06/12/2026,09:11:53,17.7,80.5
06/12/2026,09:16:53,17.9,79.8
06/12/2026,09:21:53,17.9,79.3
06/12/2026,09:26:53,18.0,79.2
06/12/2026,09:31:53,18.2,78.8
06/12/2026,09:36:53,18.3,78.7
06/12/2026,09:41:53,18.4,77.8
06/12/2026,09:46:53,18.5,78.1
06/12/2026,09:51:53,18.5,77.1
06/12/2026,09:56:53,18.4,77.8
06/12/2026,10:01:53,18.3,77.3
06/12/2026,10:06:53,18.4,77.0
06/12/2026,10:11:53,18.4,77.5
06/12/2026,10:16:53,18.6,77.0
06/12/2026,10:21:53,18.9,76.6
06/12/2026,10:26:53,19.0,76.6
06/12/2026,10:31:53,19.4,76.6
06/12/2026,10:36:53,19.6,75.7
06/12/2026,10:41:53,19.7,75.3
06/12/2026,10:46:53,19.8,74.9
06/12/2026,10:51:53,20.1,74.7
06/12/2026,10:56:53,20.3,74.4
06/12/2026,11:01:53,20.3,73.1
06/12/2026,11:06:53,20.2,73.6
06/12/2026,11:11:53,20.2,73.7
06/12/2026,11:16:53,20.2,73.8
06/12/2026,11:21:53,20.2,73.7
06/12/2026,11:26:53,20.3,73.3
06/12/2026,11:31:53,20.1,73.7
06/12/2026,11:36:53,20.0,74.2
06/12/2026,11:41:53,19.9,74.3
06/12/2026,11:46:53,19.9,73.9
06/12/2026,11:51:53,20.2,73.7
06/12/2026,11:56:53,20.4,73.1
06/12/2026,12:01:53,20.5,72.7
06/12/2026,12:06:53,20.4,72.5
06/12/2026,12:11:53,20.6,72.4
06/12/2026,12:16:53,20.9,71.7
06/12/2026,12:21:53,21.1,71.3
06/12/2026,12:26:53,21.0,70.8
06/12/2026,12:31:53,21.2,71.3
06/12/2026,12:36:53,21.5,70.7
06/12/2026,12:41:53,21.8,70.0
06/12/2026,12:46:53,22.1,69.2
06/12/2026,12:51:53,22.1,68.6
06/12/2026,12:56:53,21.9,68.3
06/12/2026,13:01:53,21.9,68.9
06/12/2026,13:06:53,22.2,68.2
06/12/2026,13:11:53,22.1,68.4
06/12/2026,13:16:53,22.5,68.0
06/12/2026,13:21:53,22.6,67.2
06/12/2026,13:26:53,22.7,66.0
06/12/2026,13:31:53,22.6,66.5
06/12/2026,13:36:53,22.5,67.3
06/12/2026,13:41:53,22.6,67.5
06/12/2026,13:46:53,22.8,66.9
06/12/2026,13:51:53,22.9,66.1
06/12/2026,13:56:53,22.8,66.2
06/12/2026,14:01:53,22.9,66.5
06/12/2026,14:06:53,23.1,65.7
06/12/2026,14:11:53,23.1,65.4
06/12/2026,14:16:53,22.7,65.9
06/12/2026,14:21:53,22.5,65.9
06/12/2026,14:26:53,22.5,66.4
06/12/2026,14:31:53,22.8,66.6
06/12/2026,14:36:53,23.0,65.5
06/12/2026,14:41:53,22.7,65.7
06/12/2026,14:46:53,23.1,66.4
06/12/2026,14:51:53,23.5,65.1
06/12/2026,14:56:53,23.7,65.0
06/12/2026,15:01:53,23.8,63.9
06/12/2026,15:06:53,23.6,63.1
06/12/2026,15:11:53,23.8,63.4
06/12/2026,15:16:53,23.8,63.6
06/12/2026,15:21:53,23.5,63.5
06/12/2026,15:26:53,23.7,62.8
06/12/2026,15:31:53,23.4,63.0
06/12/2026,15:36:53,23.5,63.4
06/12/2026,15:41:53,23.2,63.0
06/12/2026,15:46:53,23.5,62.7
06/12/2026,15:51:53,23.8,62.8
06/12/2026,15:56:53,23.8,61.3
06/12/2026,16:01:53,24.0,62.0
06/12/2026,16:06:53,24.3,61.6
06/12/2026,16:11:53,24.2,61.2
06/12/2026,16:16:53,24.5,60.8
06/12/2026,16:21:53,24.1,60.5
06/12/2026,16:26:53,24.2,60.9
06/12/2026,16:31:53,24.2,60.5
06/12/2026,16:36:53,23.8,61.1
06/12/2026,16:41:53,23.9,61.6
06/12/2026,16:46:53,23.7,61.2
06/12/2026,16:51:53,23.2,61.6
06/12/2026,16:56:53,23.1,62.1
06/12/2026,17:01:53,22.9,62.2
06/12/2026,17:06:53,22.9,62.5
06/12/2026,17:11:53,23.0,62.1
06/12/2026,17:16:53,23.0,61.6
06/12/2026,17:21:53,22.9,61.7
06/12/2026,17:26:53,23.1,61.7
06/12/2026,17:31:53,23.0,61.3
06/12/2026,17:36:53,23.0,60.7
06/12/2026,17:41:53,22.9,59.4
06/12/2026,17:46:53,22.7,59.6
06/12/2026,17:51:53,22.6,59.0
06/12/2026,17:56:53,22.6,59.7
06/12/2026,18:01:53,22.6,60.0
06/12/2026,18:06:53,22.5,59.5
06/12/2026,18:11:53,22.4,60.2
06/12/2026,18:16:53,22.2,61.7
06/12/2026,18:21:53,22.2,61.4
06/12/2026,18:26:53,22.2,60.9
06/12/2026,18:31:53,22.2,61.8
06/12/2026,18:36:53,22.0,62.1
06/12/2026,18:41:53,21.9,62.5
06/12/2026,18:46:53,21.9,62.7
06/12/2026,18:51:53,21.9,62.1
06/12/2026,18:56:53,22.0,62.4
06/12/2026,19:01:53,21.8,62.4
06/12/2026,19:06:53,21.5,62.9
06/12/2026,19:11:53,21.7,63.4
06/12/2026,19:16:53,21.8,62.8
06/12/2026,19:21:53,22.1,62.6
06/12/2026,19:26:53,22.1,62.2
06/12/2026,19:31:53,21.6,62.4
06/12/2026,19:36:53,21.2,63.2
06/12/2026,19:41:53,20.9,63.8
06/12/2026,19:46:53,20.9,64.2
06/12/2026,19:51:53,21.0,64.4
06/12/2026,19:56:53,21.0,64.5
06/12/2026,20:01:53,20.9,64.6
06/12/2026,20:06:53,20.7,64.4
06/12/2026,20:11:53,20.5,64.9
06/12/2026,20:16:53,20.4,65.1
06/12/2026,20:21:53,20.3,65.2
06/12/2026,20:26:53,20.2,65.2
06/12/2026,20:31:53,20.1,65.6
06/12/2026,20:36:53,19.9,65.8
06/12/2026,20:41:53,19.7,66.3
06/12/2026,20:46:53,19.5,66.6
06/12/2026,20:51:53,19.3,67.0
06/12/2026,20:56:53,19.3,67.2
06/12/2026,21:01:53,19.2,67.2
06/12/2026,21:06:53,19.0,67.5
06/12/2026,21:11:53,18.9,67.8
06/12/2026,21:16:53,18.8,68.2
06/12/2026,21:21:53,18.7,68.6
06/12/2026,21:26:53,18.5,68.6
06/12/2026,21:31:53,18.3,69.0
06/12/2026,21:36:53,18.1,69.1
06/12/2026,21:41:53,17.9,69.5
06/12/2026,21:46:53,17.8,69.6
06/12/2026,21:51:53,17.6,69.9
06/12/2026,21:56:53,17.5,70.1
06/12/2026,22:01:53,17.4,70.2
06/12/2026,22:06:53,17.3,70.5
06/12/2026,22:11:53,17.3,70.6
06/12/2026,22:16:53,17.1,70.8
06/12/2026,22:21:53,17.0,71.1
06/12/2026,22:26:53,16.9,71.3
06/12/2026,22:31:53,16.7,71.6
06/12/2026,22:36:53,16.6,71.8
06/12/2026,22:41:53,16.5,72.1
06/12/2026,22:46:53,16.4,72.1
06/12/2026,22:51:53,16.3,72.5
06/12/2026,22:56:53,16.2,72.7
06/12/2026,23:01:53,16.2,72.8
06/12/2026,23:06:53,16.1,73.0
06/12/2026,23:11:53,15.9,73.3
06/12/2026,23:16:53,15.8,73.5
06/12/2026,23:21:53,15.7,73.8
06/12/2026,23:26:53,15.6,74.0
06/12/2026,23:31:53,15.5,74.3
06/12/2026,23:36:53,15.4,74.8
06/12/2026,23:41:53,15.3,75.0
06/12/2026,23:46:53,15.2,75.2
06/12/2026,23:51:53,15.1,75.4
06/12/2026,23:56:53,15.0,75.7
06/13/2026,00:01:53,14.8,76.2
06/13/2026,00:06:53,14.8,76.1
06/13/2026,00:11:53,14.7,76.4
06/13/2026,00:16:53,14.7,76.7
06/13/2026,00:21:53,14.6,76.8
06/13/2026,00:26:53,14.5,77.0
06/13/2026,00:31:53,14.4,77.2
06/13/2026,00:36:53,14.3,77.4
06/13/2026,00:41:53,14.3,77.6
06/13/2026,00:46:53,14.2,77.7
06/13/2026,00:51:53,14.1,78.0
06/13/2026,00:56:53,14.1,78.1
06/13/2026,01:01:53,14.0,78.3
06/13/2026,01:06:53,13.9,78.5
06/13/2026,01:11:53,13.9,78.6
06/13/2026,01:16:53,13.8,78.9
06/13/2026,01:21:53,13.8,78.9
06/13/2026,01:26:53,13.7,79.1
06/13/2026,01:31:53,13.7,79.2
06/13/2026,01:36:53,13.6,79.4
06/13/2026,01:41:53,13.6,79.6
06/13/2026,01:46:53,13.5,79.8
06/13/2026,01:51:53,13.5,79.9
06/13/2026,01:56:53,13.4,79.9
06/13/2026,02:01:53,13.4,80.1
06/13/2026,02:06:53,13.4,80.2
06/13/2026,02:11:53,13.3,80.3
06/13/2026,02:16:53,13.3,80.5
06/13/2026,02:21:53,13.3,80.6
06/13/2026,02:26:53,13.2,80.7
06/13/2026,02:31:53,13.2,80.9
06/13/2026,02:36:53,13.2,81.0
06/13/2026,02:41:53,13.1,81.1
06/13/2026,02:46:53,13.1,81.1
06/13/2026,02:51:53,13.1,81.2
06/13/2026,02:56:53,13.0,81.4
06/13/2026,03:01:53,13.0,81.5
06/13/2026,03:06:53,13.0,81.6
06/13/2026,03:11:53,13.0,81.7
06/13/2026,03:16:53,13.0,81.8
06/13/2026,03:21:53,13.0,81.8
06/13/2026,03:26:53,12.9,81.9
06/13/2026,03:31:53,12.9,82.0
06/13/2026,03:36:53,12.9,82.0
06/13/2026,03:41:53,12.9,82.1
06/13/2026,03:46:53,12.8,82.3
06/13/2026,03:51:53,12.8,82.4
06/13/2026,03:56:53,12.8,82.4
06/13/2026,04:01:53,12.7,82.5
06/13/2026,04:06:53,12.7,82.7
06/13/2026,04:11:53,12.7,82.8
06/13/2026,04:16:53,12.6,82.9
06/13/2026,04:21:53,12.6,82.9
06/13/2026,04:26:53,12.6,83.0
06/13/2026,04:31:53,12.6,83.1
06/13/2026,04:36:53,12.5,83.1
06/13/2026,04:41:53,12.5,83.1
06/13/2026,04:46:53,12.4,83.1
06/13/2026,04:51:53,12.4,83.2
06/13/2026,04:56:53,12.4,83.3
06/13/2026,05:01:53,12.4,83.2
06/13/2026,05:06:53,12.4,83.1
06/13/2026,05:11:53,12.4,83.2
06/13/2026,05:16:53,12.3,83.2
06/13/2026,05:21:53,12.3,83.2
06/13/2026,05:26:53,12.3,83.3
06/13/2026,05:31:53,12.3,83.3
06/13/2026,05:36:53,12.3,83.4
06/13/2026,05:41:53,12.4,83.3
06/13/2026,05:46:53,12.4,83.3
06/13/2026,05:51:53,12.4,83.3
06/13/2026,05:56:53,12.4,83.4
06/13/2026,06:01:53,12.4,83.3
06/13/2026,06:06:53,12.5,83.3
06/13/2026,06:11:53,12.5,83.2
06/13/2026,06:16:53,12.5,83.2
06/13/2026,06:21:53,12.6,83.1
06/13/2026,06:26:53,12.7,83.0
06/13/2026,06:31:53,12.8,82.5
06/13/2026,06:36:53,12.9,82.0
06/13/2026,06:41:53,12.9,81.6
06/13/2026,06:46:53,13.0,81.2
06/13/2026,06:51:53,13.1,81.0
06/13/2026,06:56:53,13.1,80.7
06/13/2026,07:01:53,13.3,80.6
06/13/2026,07:06:53,13.5,80.0
06/13/2026,07:11:53,13.6,79.7
06/13/2026,07:16:53,13.7,79.5
06/13/2026,07:21:53,13.8,78.8
06/13/2026,07:26:53,13.8,78.2
06/13/2026,07:31:53,13.8,77.7
06/13/2026,07:36:53,13.8,77.4
06/13/2026,07:41:53,13.9,76.6
06/13/2026,07:46:53,14.0,76.1
06/13/2026,07:51:53,14.1,74.9
06/13/2026,07:56:53,14.3,74.1
06/13/2026,08:01:53,14.4,72.3
06/13/2026,08:06:53,14.4,70.6
06/13/2026,08:11:53,14.5,70.8
06/13/2026,08:16:53,14.4,70.0
06/13/2026,08:21:53,14.4,70.2
06/13/2026,08:26:53,14.4,70.2
06/13/2026,08:31:53,14.4,69.6
06/13/2026,08:36:53,14.5,69.6
06/13/2026,08:41:53,14.4,69.1
06/13/2026,08:46:53,14.7,69.4
06/13/2026,08:51:53,15.0,68.5
06/13/2026,08:56:53,14.8,67.7
06/13/2026,09:01:53,14.8,68.1
06/13/2026,09:06:53,14.9,67.4
06/13/2026,09:11:53,15.1,67.2
06/13/2026,09:16:53,15.0,67.9
06/13/2026,09:21:53,15.0,68.1
06/13/2026,09:26:53,15.1,67.8
06/13/2026,09:31:53,15.4,66.4
06/13/2026,09:36:53,15.4,65.3
06/13/2026,09:41:53,15.6,64.3
06/13/2026,09:46:53,15.4,63.6
06/13/2026,09:51:53,15.3,63.5
06/13/2026,09:56:53,15.4,63.1
06/13/2026,10:01:53,15.6,61.4
06/13/2026,10:06:53,15.6,60.8
06/13/2026,10:11:53,15.6,60.4
06/13/2026,10:16:53,15.7,60.3
06/13/2026,10:21:53,15.7,59.8
06/13/2026,10:26:53,16.0,59.9
06/13/2026,10:31:53,16.1,58.1
06/13/2026,10:36:53,16.4,58.4
06/13/2026,10:41:53,16.5,57.6
06/13/2026,10:46:53,16.6,57.3
06/13/2026,10:51:53,16.5,57.2
06/13/2026,10:56:53,16.5,57.3
06/13/2026,11:01:53,16.8,57.0
06/13/2026,11:06:53,17.0,55.7
06/13/2026,11:11:53,16.9,55.9
06/13/2026,11:16:53,17.1,55.6
06/13/2026,11:21:53,17.3,54.9
06/13/2026,11:26:53,17.5,55.1
06/13/2026,11:31:53,17.4,54.9
06/13/2026,11:36:53,17.5,53.8
06/13/2026,11:41:53,17.6,54.2
06/13/2026,11:46:53,17.8,54.6
06/13/2026,11:51:53,18.0,54.1
06/13/2026,11:56:53,18.2,54.1
06/13/2026,12:01:53,18.5,53.2
06/13/2026,12:06:53,18.7,52.9
06/13/2026,12:11:53,18.9,52.7
06/13/2026,12:16:53,18.9,52.2
06/13/2026,12:21:53,18.8,52.5
06/13/2026,12:26:53,18.7,53.0
06/13/2026,12:31:53,18.5,53.2
06/13/2026,12:36:53,18.4,53.3
06/13/2026,12:41:53,18.4,53.9
06/13/2026,12:46:53,18.4,53.5
06/13/2026,12:51:53,18.3,53.4
06/13/2026,12:56:53,18.3,53.1
06/13/2026,13:01:53,18.4,53.8
06/13/2026,13:06:53,18.7,53.5
06/13/2026,13:11:53,18.9,52.7
06/13/2026,13:16:53,18.9,52.1
06/13/2026,13:21:53,18.8,52.3
06/13/2026,13:26:53,18.8,52.1
06/13/2026,13:31:53,18.8,51.2
06/13/2026,13:36:53,18.9,51.2
06/13/2026,13:41:53,19.1,51.2
06/13/2026,13:46:53,19.3,50.9
06/13/2026,13:51:53,19.5,50.8
06/13/2026,13:56:53,19.7,50.2
06/13/2026,14:01:53,19.8,50.1
06/13/2026,14:06:53,20.1,49.9
06/13/2026,14:11:53,20.3,49.7
06/13/2026,14:16:53,20.5,48.8
06/13/2026,14:21:53,20.6,48.7
06/13/2026,14:26:53,20.5,48.6
06/13/2026,14:31:53,20.8,49.2
06/13/2026,14:36:53,20.9,48.3
06/13/2026,14:41:53,20.8,47.7
06/13/2026,14:46:53,20.6,47.5
06/13/2026,14:51:53,20.7,48.8
06/13/2026,14:56:53,20.7,48.0
06/13/2026,15:01:53,21.0,48.3
06/13/2026,15:06:53,21.0,47.0
06/13/2026,15:11:53,20.5,47.7
06/13/2026,15:16:53,20.2,48.1
06/13/2026,15:21:53,20.2,48.3
06/13/2026,15:26:53,20.5,49.1
06/13/2026,15:31:53,20.6,48.5
06/13/2026,15:36:53,20.3,48.4
06/13/2026,15:41:53,20.1,49.0
06/13/2026,15:46:53,20.0,49.2
06/13/2026,15:51:53,20.3,48.8
06/13/2026,15:56:53,20.1,48.5
06/13/2026,16:01:53,20.2,48.9
06/13/2026,16:06:53,20.3,49.4
06/13/2026,16:11:53,20.3,48.6
06/13/2026,16:16:53,20.7,48.7
06/13/2026,16:21:53,20.8,48.3
06/13/2026,16:26:53,20.9,48.1
06/13/2026,16:31:53,20.7,47.9
06/13/2026,16:36:53,20.8,48.3
06/13/2026,16:41:53,20.9,47.5
06/13/2026,16:46:53,20.8,47.6
06/13/2026,16:51:53,20.8,47.7
06/13/2026,16:56:53,20.7,47.4
06/13/2026,17:01:53,20.4,47.8
06/13/2026,17:06:53,20.2,48.1
06/13/2026,17:11:53,20.3,48.5
06/13/2026,17:16:53,20.2,48.1
06/13/2026,17:21:53,19.9,48.1
06/13/2026,17:26:53,19.9,48.9
06/13/2026,17:31:53,20.0,48.6
06/13/2026,17:36:53,19.9,48.8
06/13/2026,17:41:53,20.1,48.9
06/13/2026,17:46:53,20.1,48.7
06/13/2026,17:51:53,20.1,48.4
06/13/2026,17:56:53,19.9,49.1
06/13/2026,18:01:53,19.8,49.2
06/13/2026,18:06:53,19.7,49.6
06/13/2026,18:11:53,19.6,49.7
06/13/2026,18:16:53,19.6,50.2
06/13/2026,18:21:53,19.6,50.3
06/13/2026,18:26:53,19.5,50.2
06/13/2026,18:31:53,19.6,50.4
06/13/2026,18:36:53,19.7,50.1
06/13/2026,18:41:53,19.5,49.6
06/13/2026,18:46:53,19.1,50.0
06/13/2026,18:51:53,19.0,50.3
06/13/2026,18:56:53,18.8,50.9
06/13/2026,19:01:53,18.8,50.9
06/13/2026,19:06:53,18.7,50.9
06/13/2026,19:11:53,18.9,50.9
06/13/2026,19:16:53,19.3,50.5
06/13/2026,19:21:53,19.5,49.9
06/13/2026,19:26:53,19.4,50.3
06/13/2026,19:31:53,19.3,50.4
06/13/2026,19:36:53,19.2,50.5
06/13/2026,19:41:53,19.0,50.7
06/13/2026,19:46:53,18.8,51.3
06/13/2026,19:51:53,18.6,51.3
06/13/2026,19:56:53,18.2,51.4
06/13/2026,20:01:53,18.0,51.7
06/13/2026,20:06:53,17.8,52.2
06/13/2026,20:11:53,17.6,52.3
06/13/2026,20:16:53,17.5,52.4
06/13/2026,20:21:53,17.3,52.5
06/13/2026,20:26:53,17.3,52.6
06/13/2026,20:31:53,17.2,52.4
06/13/2026,20:36:53,17.1,52.6
06/13/2026,20:41:53,17.0,52.7
06/13/2026,20:46:53,16.9,52.9
06/13/2026,20:51:53,16.7,53.2
06/13/2026,20:56:53,16.6,53.6
06/13/2026,21:01:53,16.5,53.9
06/13/2026,21:06:53,16.3,54.1
06/13/2026,21:11:53,16.2,54.6
06/13/2026,21:16:53,16.2,55.0
06/13/2026,21:21:53,16.1,55.2
06/13/2026,21:26:53,16.0,55.3
06/13/2026,21:31:53,15.9,55.4
06/13/2026,21:36:53,15.8,55.5
06/13/2026,21:41:53,15.8,55.9
06/13/2026,21:46:53,15.7,56.1
06/13/2026,21:51:53,15.6,56.3
06/13/2026,21:56:53,15.5,56.4
06/13/2026,22:01:53,15.5,56.7
06/13/2026,22:06:53,15.4,56.7
06/13/2026,22:11:53,15.3,56.8
06/13/2026,22:16:53,15.2,57.1
06/13/2026,22:21:53,15.1,57.4
06/13/2026,22:26:53,15.0,57.5
06/13/2026,22:31:53,15.0,57.7
06/13/2026,22:36:53,14.9,58.1
06/13/2026,22:41:53,14.8,58.4
06/13/2026,22:46:53,14.8,58.7
06/13/2026,22:51:53,14.7,59.0
06/13/2026,22:56:53,14.7,59.2
06/13/2026,23:01:53,14.7,59.5
06/13/2026,23:06:53,14.6,59.9
06/13/2026,23:11:53,14.4,60.2
06/13/2026,23:16:53,14.3,60.7
06/13/2026,23:21:53,14.2,61.0
06/13/2026,23:26:53,14.3,61.3
06/13/2026,23:31:53,14.3,61.5
06/13/2026,23:36:53,14.2,61.9
06/13/2026,23:41:53,14.1,62.2
06/13/2026,23:46:53,14.0,62.5
06/13/2026,23:51:53,14.0,62.7
06/13/2026,23:56:53,14.0,63.0
06/14/2026,00:01:53,13.9,63.3
06/14/2026,00:06:53,13.9,63.5
06/14/2026,00:11:53,13.9,63.6
06/14/2026,00:16:53,13.9,63.8
06/14/2026,00:21:53,13.9,63.9
06/14/2026,00:26:53,13.9,64.0
06/14/2026,00:31:53,13.9,64.3
06/14/2026,00:36:53,13.8,64.5
06/14/2026,00:41:53,13.7,64.8
06/14/2026,00:46:53,13.6,65.0
06/14/2026,00:51:53,13.6,65.3
06/14/2026,00:56:53,13.5,65.5
06/14/2026,01:01:53,13.5,65.6
06/14/2026,01:06:53,13.4,65.8
06/14/2026,01:11:53,13.4,66.0
06/14/2026,01:16:53,13.4,66.2
06/14/2026,01:21:53,13.4,66.3
06/14/2026,01:26:53,13.3,66.6
06/14/2026,01:31:53,13.3,66.8
06/14/2026,01:36:53,13.2,67.1
06/14/2026,01:41:53,13.1,67.4
06/14/2026,01:46:53,13.0,67.7
06/14/2026,01:51:53,13.0,67.9
06/14/2026,01:56:53,12.9,68.2
06/14/2026,02:01:53,12.9,68.5
06/14/2026,02:06:53,12.8,68.7
06/14/2026,02:11:53,12.7,68.9
06/14/2026,02:16:53,12.7,69.3
06/14/2026,02:21:53,12.6,69.6
06/14/2026,02:26:53,12.6,69.8
06/14/2026,02:31:53,12.5,70.1
06/14/2026,02:36:53,12.5,70.2
06/14/2026,02:41:53,12.5,70.4
06/14/2026,02:46:53,12.4,70.7
06/14/2026,02:51:53,12.4,70.9
06/14/2026,02:56:53,12.3,71.1
06/14/2026,03:01:53,12.3,71.3
06/14/2026,03:06:53,12.2,71.6
06/14/2026,03:11:53,12.2,71.9
06/14/2026,03:16:53,12.1,72.1
06/14/2026,03:21:53,12.1,72.3
06/14/2026,03:26:53,12.1,72.5
06/14/2026,03:31:53,12.0,72.7
06/14/2026,03:36:53,12.0,72.9
06/14/2026,03:41:53,12.0,73.1
06/14/2026,03:46:53,12.0,73.3
06/14/2026,03:51:53,12.0,73.4
06/14/2026,03:56:53,11.9,73.6
06/14/2026,04:01:53,11.9,73.8
06/14/2026,04:06:53,11.9,73.9
06/14/2026,04:11:53,11.8,74.0
06/14/2026,04:16:53,11.8,74.2
06/14/2026,04:21:53,11.7,74.3
06/14/2026,04:26:53,11.7,74.5
06/14/2026,04:31:53,11.6,74.6
06/14/2026,04:36:53,11.6,74.7
06/14/2026,04:41:53,11.5,74.9
06/14/2026,04:46:53,11.5,75.1
06/14/2026,04:51:53,11.4,75.2
06/14/2026,04:56:53,11.4,75.4
06/14/2026,05:01:53,11.3,75.6
06/14/2026,05:06:53,11.3,75.7
06/14/2026,05:11:53,11.3,75.9
06/14/2026,05:16:53,11.3,76.0
06/14/2026,05:21:53,11.3,76.1
06/14/2026,05:26:53,11.2,76.3
06/14/2026,05:31:53,11.2,76.3
06/14/2026,05:36:53,11.3,76.4
06/14/2026,05:41:53,11.3,76.5
06/14/2026,05:46:53,11.3,76.5
06/14/2026,05:51:53,11.3,76.6
06/14/2026,05:56:53,11.4,76.5
06/14/2026,06:01:53,11.4,76.6
06/14/2026,06:06:53,11.5,76.6
06/14/2026,06:11:53,11.5,76.6
06/14/2026,06:16:53,11.6,76.5
06/14/2026,06:21:53,11.7,76.3
06/14/2026,06:26:53,11.8,76.2
06/14/2026,06:31:53,11.9,76.0
06/14/2026,06:36:53,11.9,75.9
06/14/2026,06:41:53,12.0,75.7
06/14/2026,06:46:53,12.1,75.6
06/14/2026,06:51:53,12.2,75.6
06/14/2026,06:56:53,12.3,75.5
06/14/2026,07:01:53,12.4,75.3
06/14/2026,07:06:53,12.5,75.0
06/14/2026,07:11:53,12.6,74.9
06/14/2026,07:16:53,12.7,74.6
06/14/2026,07:21:53,12.8,74.4
06/14/2026,07:26:53,12.9,74.2
06/14/2026,07:31:53,13.0,74.0
06/14/2026,07:36:53,13.1,73.5
06/14/2026,07:41:53,13.3,73.4
06/14/2026,07:46:53,13.4,72.8
06/14/2026,07:51:53,13.5,72.5
06/14/2026,07:56:53,13.6,72.0
06/14/2026,08:01:53,13.7,71.5
06/14/2026,08:06:53,13.8,71.3
06/14/2026,08:11:53,13.9,70.5
06/14/2026,08:16:53,14.0,70.3
06/14/2026,08:21:53,14.1,69.7
06/14/2026,08:26:53,14.2,69.5
06/14/2026,08:31:53,14.3,69.8
06/14/2026,08:36:53,14.4,69.3
06/14/2026,08:41:53,14.6,69.5
06/14/2026,08:46:53,14.8,68.9
06/14/2026,08:51:53,15.0,68.3
06/14/2026,08:56:53,15.1,68.2
06/14/2026,09:01:53,15.3,68.3
06/14/2026,09:06:53,15.5,67.3
06/14/2026,09:11:53,15.6,67.2
06/14/2026,09:16:53,15.9,67.5
06/14/2026,09:21:53,16.1,65.7
06/14/2026,09:26:53,16.0,65.3
06/14/2026,09:31:53,16.0,65.4
06/14/2026,09:36:53,15.8,65.1
06/14/2026,09:41:53,16.0,65.0
06/14/2026,09:46:53,16.1,64.0
06/14/2026,09:51:53,16.2,64.1
06/14/2026,09:56:53,16.1,64.2
06/14/2026,10:01:53,16.2,63.6
06/14/2026,10:06:53,16.2,63.0
06/14/2026,10:11:53,16.3,63.7
06/14/2026,10:16:53,16.3,63.1
06/14/2026,10:21:53,16.2,62.6
06/14/2026,10:26:53,16.2,62.9
06/14/2026,10:31:53,16.5,62.9
06/14/2026,10:36:53,16.7,63.1
06/14/2026,10:41:53,16.9,62.5
06/14/2026,10:46:53,16.8,61.1
06/14/2026,10:51:53,16.9,62.3
06/14/2026,10:56:53,17.4,61.9
06/14/2026,11:01:53,17.7,60.3
06/14/2026,11:06:53,18.0,60.8
06/14/2026,11:11:53,18.4,58.9
06/14/2026,11:16:53,18.1,58.2
06/14/2026,11:21:53,17.8,58.8
06/14/2026,11:26:53,17.6,58.7
06/14/2026,11:31:53,17.6,59.2
06/14/2026,11:36:53,18.1,59.9
06/14/2026,11:41:53,18.3,57.6
06/14/2026,11:46:53,18.3,57.7
06/14/2026,11:51:53,18.3,56.5
06/14/2026,11:56:53,18.2,56.2
06/14/2026,12:01:53,18.2,56.3
06/14/2026,12:06:53,18.4,56.7
06/14/2026,12:11:53,18.4,57.4
06/14/2026,12:16:53,19.0,56.7
06/14/2026,12:21:53,19.7,55.6
06/14/2026,12:26:53,19.9,55.2
06/14/2026,12:31:53,19.9,53.7
06/14/2026,12:36:53,19.3,54.0
06/14/2026,12:41:53,19.4,53.4
06/14/2026,12:46:53,19.8,52.3
06/14/2026,12:51:53,20.0,52.9
06/14/2026,12:56:53,20.1,51.9
06/14/2026,13:01:53,19.6,52.3
06/14/2026,13:06:53,19.4,52.6
06/14/2026,13:11:53,19.2,53.4
06/14/2026,13:16:53,19.3,54.4
06/14/2026,13:21:53,19.8,53.7
06/14/2026,13:26:53,20.3,52.6
06/14/2026,13:31:53,20.1,51.0
06/14/2026,13:36:53,19.9,52.8
06/14/2026,13:41:53,20.4,52.1
06/14/2026,13:46:53,20.1,51.3
06/14/2026,13:51:53,20.0,52.6
06/14/2026,13:56:53,20.1,51.5
06/14/2026,14:01:53,20.1,51.8
06/14/2026,14:06:53,20.2,51.9
06/14/2026,14:11:53,20.2,51.9
06/14/2026,14:16:53,20.0,52.0
06/14/2026,14:21:53,19.9,52.3
06/14/2026,14:26:53,19.7,51.5
06/14/2026,14:31:53,19.5,51.9
06/14/2026,14:36:53,19.6,52.3
06/14/2026,14:41:53,19.9,51.5
06/14/2026,14:46:53,20.1,50.8
06/14/2026,14:51:53,20.2,51.7
06/14/2026,14:56:53,20.5,51.1
06/14/2026,15:01:53,20.6,50.1
06/14/2026,15:06:53,20.5,49.9
06/14/2026,15:11:53,20.5,49.2
06/14/2026,15:16:53,20.5,49.3
06/14/2026,15:21:53,20.6,50.2
06/14/2026,15:26:53,20.7,49.8
06/14/2026,15:31:53,20.7,49.1
06/14/2026,15:36:53,20.7,49.5
06/14/2026,15:41:53,20.8,49.6
06/14/2026,15:46:53,21.0,49.7
06/14/2026,15:51:53,20.9,49.2
06/14/2026,15:56:53,20.8,49.1
06/14/2026,16:01:53,20.9,49.4
06/14/2026,16:06:53,21.0,49.1
06/14/2026,16:11:53,21.0,48.4
06/14/2026,16:16:53,20.9,48.8
06/14/2026,16:21:53,20.7,49.3
06/14/2026,16:26:53,20.6,49.3
06/14/2026,16:31:53,20.4,49.2
06/14/2026,16:36:53,20.3,49.6
06/14/2026,16:41:53,20.3,49.6
06/14/2026,16:46:53,20.3,51.1
06/14/2026,16:51:53,20.5,50.4
06/14/2026,16:56:53,20.6,50.8
06/14/2026,17:01:53,20.8,50.3
06/14/2026,17:06:53,20.7,51.1
06/14/2026,17:11:53,20.8,50.5
06/14/2026,17:16:53,20.9,50.7
06/14/2026,17:21:53,20.9,50.2
06/14/2026,17:26:53,21.0,50.4
06/14/2026,17:31:53,21.0,50.4
06/14/2026,17:36:53,21.0,50.1
06/14/2026,17:41:53,21.0,49.7
06/14/2026,17:46:53,21.0,50.0
06/14/2026,17:51:53,21.0,49.9
06/14/2026,17:56:53,21.0,50.2
06/14/2026,18:01:53,21.1,50.3
06/14/2026,18:06:53,21.1,50.7
06/14/2026,18:11:53,21.1,50.2
06/14/2026,18:16:53,21.1,49.4
06/14/2026,18:21:53,21.0,50.2
06/14/2026,18:26:53,20.9,49.8
06/14/2026,18:31:53,20.9,50.0
06/14/2026,18:36:53,20.8,49.2
06/14/2026,18:41:53,20.7,50.1
06/14/2026,18:46:53,20.7,49.2
06/14/2026,18:51:53,20.5,49.4
06/14/2026,18:56:53,20.5,49.7
06/14/2026,19:01:53,20.4,49.8
06/14/2026,19:06:53,20.4,50.4
06/14/2026,19:11:53,20.6,51.2
06/14/2026,19:16:53,20.7,51.0
06/14/2026,19:21:53,20.7,51.3
06/14/2026,19:26:53,20.8,51.4
06/14/2026,19:31:53,20.7,51.6
06/14/2026,19:36:53,20.6,51.8
06/14/2026,19:41:53,20.6,52.3
06/14/2026,19:46:53,20.5,52.1
06/14/2026,19:51:53,20.4,52.4
06/14/2026,19:56:53,20.2,52.2
06/14/2026,20:01:53,20.0,52.8
06/14/2026,20:06:53,19.7,52.9
06/14/2026,20:11:53,19.5,53.4
06/14/2026,20:16:53,19.4,53.2
06/14/2026,20:21:53,19.2,53.5
06/14/2026,20:26:53,19.1,54.5
06/14/2026,20:31:53,19.1,55.6
06/14/2026,20:36:53,18.9,55.1
06/14/2026,20:41:53,18.7,55.6
06/14/2026,20:46:53,18.5,56.2
06/14/2026,20:51:53,18.3,56.3
06/14/2026,20:56:53,18.2,57.2
06/14/2026,21:01:53,18.0,57.9
06/14/2026,21:06:53,17.8,58.6
06/14/2026,21:11:53,17.7,59.0
06/14/2026,21:16:53,17.5,59.3
06/14/2026,21:21:53,17.3,59.9
06/14/2026,21:26:53,17.1,60.4
06/14/2026,21:31:53,16.9,60.8
06/14/2026,21:36:53,16.7,61.3
06/14/2026,21:41:53,16.5,61.5
06/14/2026,21:46:53,16.3,61.9
06/14/2026,21:51:53,16.2,61.8
06/14/2026,21:56:53,16.0,61.7
06/14/2026,22:01:53,15.9,62.1
06/14/2026,22:06:53,15.8,62.3
06/14/2026,22:11:53,15.6,62.6
06/14/2026,22:16:53,15.5,63.0
06/14/2026,22:21:53,15.5,63.2
06/14/2026,22:26:53,15.5,63.4
06/14/2026,22:31:53,15.4,63.6
06/14/2026,22:36:53,15.3,63.9
06/14/2026,22:41:53,15.2,64.3
06/14/2026,22:46:53,15.1,64.4
06/14/2026,22:51:53,15.0,64.7
06/14/2026,22:56:53,14.9,64.8
06/14/2026,23:01:53,14.8,65.2
06/14/2026,23:06:53,14.7,65.5
06/14/2026,23:11:53,14.7,65.6
06/14/2026,23:16:53,14.6,65.6
06/14/2026,23:21:53,14.5,65.5
06/14/2026,23:26:53,14.5,65.8
06/14/2026,23:31:53,14.4,65.9
06/14/2026,23:36:53,14.4,66.2
06/14/2026,23:41:53,14.3,66.5
06/14/2026,23:46:53,14.2,66.5
06/14/2026,23:51:53,14.1,67.0
06/14/2026,23:56:53,14.0,67.2
06/15/2026,00:01:53,14.0,67.5
06/15/2026,00:06:53,13.9,67.9
06/15/2026,00:11:53,13.8,68.3
06/15/2026,00:16:53,13.7,68.5
06/15/2026,00:21:53,13.6,68.6
06/15/2026,00:26:53,13.6,68.8
06/15/2026,00:31:53,13.5,68.7
06/15/2026,00:36:53,13.4,68.9
06/15/2026,00:41:53,13.3,69.5
06/15/2026,00:46:53,13.3,69.9
06/15/2026,00:51:53,13.2,69.5
06/15/2026,00:56:53,13.1,70.0
06/15/2026,01:01:53,13.0,70.3
06/15/2026,01:06:53,12.9,70.5
06/15/2026,01:11:53,12.8,70.7
06/15/2026,01:16:53,12.8,70.8
06/15/2026,01:21:53,12.7,70.9
06/15/2026,01:26:53,12.7,71.1
06/15/2026,01:31:53,12.7,71.3
06/15/2026,01:36:53,12.6,71.7
06/15/2026,01:41:53,12.6,71.9
06/15/2026,01:46:53,12.6,72.3
06/15/2026,01:51:53,12.6,72.8
06/15/2026,01:56:53,12.6,73.0
06/15/2026,02:01:53,12.5,72.9
06/15/2026,02:06:53,12.5,73.2
06/15/2026,02:11:53,12.4,73.4
06/15/2026,02:16:53,12.4,73.8
06/15/2026,02:21:53,12.3,73.9
06/15/2026,02:26:53,12.3,74.2
06/15/2026,02:31:53,12.3,74.4
06/15/2026,02:36:53,12.2,74.6
06/15/2026,02:41:53,12.2,74.7
06/15/2026,02:46:53,12.1,74.9
06/15/2026,02:51:53,12.1,75.1
06/15/2026,02:56:53,12.1,75.5
06/15/2026,03:01:53,12.0,75.7
06/15/2026,03:06:53,11.9,75.9
06/15/2026,03:11:53,11.9,76.0
06/15/2026,03:16:53,11.8,75.6
06/15/2026,03:21:53,11.7,76.1
06/15/2026,03:26:53,11.7,76.6
06/15/2026,03:31:53,11.7,76.9
06/15/2026,03:36:53,11.6,76.7
06/15/2026,03:41:53,11.6,77.0
06/15/2026,03:46:53,11.6,77.0
06/15/2026,03:51:53,11.5,77.2
06/15/2026,03:56:53,11.4,77.1
06/15/2026,04:01:53,11.4,77.5
06/15/2026,04:06:53,11.4,77.3
06/15/2026,04:11:53,11.3,77.5
06/15/2026,04:16:53,11.2,77.7
06/15/2026,04:21:53,11.2,77.9
06/15/2026,04:26:53,11.2,78.3
06/15/2026,04:31:53,11.1,77.8
06/15/2026,04:36:53,11.1,77.9
06/15/2026,04:41:53,11.0,77.7
06/15/2026,04:46:53,11.0,77.9
06/15/2026,04:51:53,11.0,77.8
06/15/2026,04:56:53,11.0,78.0
06/15/2026,05:01:53,11.0,78.0
06/15/2026,05:06:53,11.0,77.7
06/15/2026,05:11:53,11.0,76.8
06/15/2026,05:16:53,11.0,76.7
06/15/2026,05:21:53,10.9,76.6
06/15/2026,05:26:53,11.0,75.9
06/15/2026,05:31:53,11.0,77.3
06/15/2026,05:36:53,11.1,76.7
06/15/2026,05:41:53,11.0,76.7
06/15/2026,05:46:53,11.1,77.0
06/15/2026,05:51:53,11.1,77.6
06/15/2026,05:56:53,11.1,78.2
06/15/2026,06:01:53,11.1,76.9
06/15/2026,06:06:53,11.2,77.3
06/15/2026,06:11:53,11.2,78.1
06/15/2026,06:16:53,11.3,77.5
06/15/2026,06:21:53,11.3,75.1
06/15/2026,06:26:53,11.4,74.8
06/15/2026,06:31:53,11.5,77.5
06/15/2026,06:36:53,11.6,77.6
06/15/2026,06:41:53,11.8,76.7
06/15/2026,06:46:53,11.9,77.4
06/15/2026,06:51:53,12.0,77.8
06/15/2026,06:56:53,12.1,78.0
06/15/2026,07:01:53,12.2,77.0
06/15/2026,07:06:53,12.3,76.3
06/15/2026,07:11:53,12.4,76.5
06/15/2026,07:16:53,12.5,77.1
06/15/2026,07:21:53,12.6,77.5
06/15/2026,07:26:53,12.7,77.3
06/15/2026,07:31:53,12.8,77.1
06/15/2026,07:36:53,13.0,76.7
06/15/2026,07:41:53,13.0,76.6
06/15/2026,07:46:53,13.1,76.5
06/15/2026,07:51:53,13.2,76.2
06/15/2026,07:56:53,13.3,75.8
06/15/2026,08:01:53,13.5,75.0
06/15/2026,08:06:53,13.6,74.7
06/15/2026,08:11:53,13.8,74.4
06/15/2026,08:16:53,14.0,73.9
06/15/2026,08:21:53,14.2,73.7
06/15/2026,08:26:53,14.3,73.2
06/15/2026,08:31:53,14.4,71.9
06/15/2026,08:36:53,14.5,71.5
06/15/2026,08:41:53,14.6,71.0
06/15/2026,08:46:53,14.7,71.1
06/15/2026,08:51:53,14.8,70.7
06/15/2026,08:56:53,14.8,70.2
06/15/2026,09:01:53,14.9,70.3
06/15/2026,09:06:53,15.0,69.8
06/15/2026,09:11:53,15.1,69.9
06/15/2026,09:16:53,15.2,69.7
06/15/2026,09:21:53,15.3,69.2
06/15/2026,09:26:53,15.3,69.1
06/15/2026,09:31:53,15.3,69.3
06/15/2026,09:36:53,15.3,68.8
06/15/2026,09:41:53,15.3,68.9
06/15/2026,09:46:53,15.3,69.1
06/15/2026,09:51:53,15.3,69.4
06/15/2026,09:56:53,15.4,69.1
06/15/2026,10:01:53,15.5,68.6
06/15/2026,10:06:53,15.6,68.3
06/15/2026,10:11:53,15.6,68.2
06/15/2026,10:16:53,15.5,68.2
06/15/2026,10:21:53,15.6,68.1
06/15/2026,10:26:53,15.7,68.0
06/15/2026,10:31:53,15.7,67.7
06/15/2026,10:36:53,15.8,68.1
06/15/2026,10:41:53,15.9,67.9
06/15/2026,10:46:53,15.9,67.9
06/15/2026,10:51:53,15.9,68.1
06/15/2026,10:56:53,16.0,68.3
06/15/2026,11:01:53,16.1,68.5
06/15/2026,11:06:53,16.2,68.4
06/15/2026,11:11:53,16.4,68.3
06/15/2026,11:16:53,16.4,68.0
06/15/2026,11:21:53,16.3,68.3
06/15/2026,11:26:53,16.4,68.1
06/15/2026,11:31:53,16.4,68.1
06/15/2026,11:36:53,16.6,68.3
06/15/2026,11:41:53,16.9,68.6
06/15/2026,11:46:53,17.3,68.1
06/15/2026,11:51:53,17.6,67.3
06/15/2026,11:56:53,17.5,67.1
06/15/2026,12:01:53,17.5,67.1
06/15/2026,12:06:53,17.5,67.0
06/15/2026,12:11:53,17.6,66.9
06/15/2026,12:16:53,17.6,66.3
06/15/2026,12:21:53,17.4,66.6
06/15/2026,12:26:53,17.4,66.8
06/15/2026,12:31:53,17.4,67.1
06/15/2026,12:36:53,17.4,67.0
06/15/2026,12:41:53,17.6,67.2
06/15/2026,12:46:53,17.7,67.2
06/15/2026,12:51:53,17.9,67.4
06/15/2026,12:56:53,18.3,67.0
06/15/2026,13:01:53,18.7,66.4
06/15/2026,13:06:53,19.1,65.9
06/15/2026,13:11:53,19.4,65.6
06/15/2026,13:16:53,19.7,64.6
06/15/2026,13:21:53,19.7,64.1
06/15/2026,13:26:53,19.9,63.5
06/15/2026,13:31:53,20.2,63.2
06/15/2026,13:36:53,20.7,62.4
06/15/2026,13:41:53,20.9,62.0
06/15/2026,13:46:53,21.1,60.9
06/15/2026,13:51:53,21.2,60.6
06/15/2026,13:56:53,21.2,59.8
06/15/2026,14:01:53,21.2,60.1
06/15/2026,14:06:53,21.0,59.5
06/15/2026,14:11:53,20.6,59.1
06/15/2026,14:16:53,20.5,60.1
06/15/2026,14:21:53,20.7,59.2
06/15/2026,14:26:53,20.3,59.9
06/15/2026,14:31:53,20.0,60.1
06/15/2026,14:36:53,19.8,61.0
06/15/2026,14:41:53,20.1,60.7
06/15/2026,14:46:53,20.3,60.1
06/15/2026,14:51:53,20.7,59.7
06/15/2026,14:56:53,20.9,59.3
06/15/2026,15:01:53,21.2,57.9
06/15/2026,15:06:53,21.5,58.0
06/15/2026,15:11:53,21.6,56.7
06/15/2026,15:16:53,21.4,57.3
06/15/2026,15:21:53,21.6,57.1
06/15/2026,15:26:53,21.7,57.0
06/15/2026,15:31:53,21.6,56.9
06/15/2026,15:36:53,21.6,57.2
06/15/2026,15:41:53,21.6,56.8
06/15/2026,15:46:53,21.7,56.8
06/15/2026,15:51:53,21.4,56.9
06/15/2026,15:56:53,21.1,57.2
06/15/2026,16:01:53,21.0,58.1
06/15/2026,16:06:53,20.9,57.9
06/15/2026,16:11:53,21.0,58.1
06/15/2026,16:16:53,21.0,58.0
06/15/2026,16:21:53,21.3,57.8
06/15/2026,16:26:53,21.3,57.1
06/15/2026,16:31:53,21.3,57.6
06/15/2026,16:36:53,21.1,57.1
06/15/2026,16:41:53,20.9,57.3
06/15/2026,16:46:53,20.8,57.1
06/15/2026,16:51:53,20.7,57.1
06/15/2026,16:56:53,20.7,57.2
06/15/2026,17:01:53,20.6,56.8
06/15/2026,17:06:53,20.5,56.9
06/15/2026,17:11:53,20.5,57.4
06/15/2026,17:16:53,20.5,57.0
06/15/2026,17:21:53,20.5,57.2
06/15/2026,17:26:53,20.5,56.6
06/15/2026,17:31:53,20.5,56.6
06/15/2026,17:36:53,20.3,57.2
06/15/2026,17:41:53,20.2,57.1
06/15/2026,17:46:53,20.2,57.1
06/15/2026,17:51:53,20.0,57.3
06/15/2026,17:56:53,19.9,57.6
06/15/2026,18:01:53,19.8,57.9
06/15/2026,18:06:53,19.8,58.1
06/15/2026,18:11:53,19.8,58.3
06/15/2026,18:16:53,19.9,58.3
06/15/2026,18:21:53,19.9,58.3
06/15/2026,18:26:53,19.9,58.9
06/15/2026,18:31:53,19.9,59.0
06/15/2026,18:36:53,20.0,58.9
06/15/2026,18:41:53,20.0,59.0
06/15/2026,18:46:53,19.9,59.6
06/15/2026,18:51:53,20.0,59.4
06/15/2026,18:56:53,20.0,59.1
06/15/2026,19:01:53,19.9,59.5
06/15/2026,19:06:53,20.0,59.7
06/15/2026,19:11:53,20.0,59.6
06/15/2026,19:16:53,20.2,59.8
06/15/2026,19:21:53,20.3,59.1
06/15/2026,19:26:53,20.3,59.5
06/15/2026,19:31:53,20.1,59.7
06/15/2026,19:36:53,19.9,59.8
06/15/2026,19:41:53,19.8,60.1
06/15/2026,19:46:53,19.5,60.3
06/15/2026,19:51:53,19.4,60.5
06/15/2026,19:56:53,19.3,60.8
06/15/2026,20:01:53,19.1,60.9
06/15/2026,20:06:53,19.0,60.9
06/15/2026,20:11:53,18.9,61.2
06/15/2026,20:16:53,18.7,61.1
06/15/2026,20:21:53,18.6,61.4
06/15/2026,20:26:53,18.5,61.3
06/15/2026,20:31:53,18.4,61.3
06/15/2026,20:36:53,18.2,61.0
06/15/2026,20:41:53,18.0,61.2
06/15/2026,20:46:53,18.0,61.5
06/15/2026,20:51:53,17.9,61.6
06/15/2026,20:56:53,17.8,61.9
06/15/2026,21:01:53,17.7,62.2
06/15/2026,21:06:53,17.7,62.3
06/15/2026,21:11:53,17.6,62.8
06/15/2026,21:16:53,17.6,63.0
06/15/2026,21:21:53,17.6,63.0
06/15/2026,21:26:53,17.5,63.1
06/15/2026,21:31:53,17.5,62.7
06/15/2026,21:36:53,17.4,63.5
06/15/2026,21:41:53,17.3,63.2
06/15/2026,21:46:53,17.3,63.5
06/15/2026,21:51:53,17.2,63.6
06/15/2026,21:56:53,17.1,64.2
06/15/2026,22:01:53,17.1,64.2
06/15/2026,22:06:53,16.9,64.2
06/15/2026,22:11:53,16.9,64.9
06/15/2026,22:16:53,16.8,64.8
06/15/2026,22:21:53,16.7,65.2
06/15/2026,22:26:53,16.6,65.6
06/15/2026,22:31:53,16.5,65.9
06/15/2026,22:36:53,16.5,66.1
06/15/2026,22:41:53,16.3,66.5
06/15/2026,22:46:53,16.2,66.7
06/15/2026,22:51:53,16.1,67.2
06/15/2026,22:56:53,16.1,67.7
06/15/2026,23:01:53,16.0,67.9
06/15/2026,23:06:53,15.9,68.3
06/15/2026,23:11:53,15.8,68.7
06/15/2026,23:16:53,15.7,69.2
06/15/2026,23:21:53,15.7,69.4
06/15/2026,23:26:53,15.6,69.8
06/15/2026,23:31:53,15.6,70.2
06/15/2026,23:36:53,15.6,70.3
06/15/2026,23:41:53,15.6,70.3
06/15/2026,23:46:53,15.5,70.7
06/15/2026,23:51:53,15.5,71.2
06/15/2026,23:56:53,15.5,71.1
06/16/2026,00:01:53,15.4,71.5
06/16/2026,00:06:53,15.3,71.7
06/16/2026,00:11:53,15.3,72.0
06/16/2026,00:16:53,15.3,72.2
06/16/2026,00:21:53,15.2,72.2
06/16/2026,00:26:53,15.1,72.6
06/16/2026,00:31:53,15.1,72.9
06/16/2026,00:36:53,15.1,73.1
06/16/2026,00:41:53,15.0,73.2
06/16/2026,00:46:53,15.0,73.4
06/16/2026,00:51:53,14.9,73.6
06/16/2026,00:56:53,14.9,73.8
06/16/2026,01:01:53,14.8,73.9
06/16/2026,01:06:53,14.8,74.0
06/16/2026,01:11:53,14.7,74.3
06/16/2026,01:16:53,14.7,74.7
06/16/2026,01:21:53,14.6,74.9
06/16/2026,01:26:53,14.6,74.9
06/16/2026,01:31:53,14.5,75.2
06/16/2026,01:36:53,14.5,75.3
06/16/2026,01:41:53,14.5,75.5
06/16/2026,01:46:53,14.4,75.4
06/16/2026,01:51:53,14.4,75.8
06/16/2026,01:56:53,14.4,76.0
06/16/2026,02:01:53,14.3,76.0
06/16/2026,02:06:53,14.3,76.0
06/16/2026,02:11:53,14.3,76.3
06/16/2026,02:16:53,14.2,76.4
06/16/2026,02:21:53,14.2,76.5
06/16/2026,02:26:53,14.1,76.6
06/16/2026,02:31:53,14.1,77.0
06/16/2026,02:36:53,14.1,77.1
06/16/2026,02:41:53,14.1,77.2
06/16/2026,02:46:53,14.1,77.4
06/16/2026,02:51:53,14.0,77.5
06/16/2026,02:56:53,13.9,77.7
06/16/2026,03:01:53,13.9,77.7
06/16/2026,03:06:53,13.8,78.0
06/16/2026,03:11:53,13.8,77.9
06/16/2026,03:16:53,13.8,78.4
06/16/2026,03:21:53,13.8,78.5
06/16/2026,03:26:53,13.8,78.3
06/16/2026,03:31:53,13.7,78.7
06/16/2026,03:36:53,13.7,79.1
06/16/2026,03:41:53,13.7,79.3
06/16/2026,03:46:53,13.7,79.2
06/16/2026,03:51:53,13.8,79.3
06/16/2026,03:56:53,13.8,79.2
06/16/2026,04:01:53,13.7,79.2
06/16/2026,04:06:53,13.7,79.3
06/16/2026,04:11:53,13.7,79.5
06/16/2026,04:16:53,13.7,79.5
06/16/2026,04:21:53,13.7,79.7
06/16/2026,04:26:53,13.7,79.7
06/16/2026,04:31:53,13.6,79.8
06/16/2026,04:36:53,13.7,79.9
06/16/2026,04:41:53,13.6,79.8
06/16/2026,04:46:53,13.6,79.9
06/16/2026,04:51:53,13.6,80.1
06/16/2026,04:56:53,13.6,80.1
06/16/2026,05:01:53,13.6,80.2
06/16/2026,05:06:53,13.6,80.3
06/16/2026,05:11:53,13.6,80.4
06/16/2026,05:16:53,13.6,80.5
06/16/2026,05:21:53,13.7,80.6
06/16/2026,05:26:53,13.7,80.5
06/16/2026,05:31:53,13.8,80.5
06/16/2026,05:36:53,13.8,80.5
06/16/2026,05:41:53,13.9,80.4
06/16/2026,05:46:53,13.9,80.2
06/16/2026,05:51:53,14.0,80.2
06/16/2026,05:56:53,14.0,80.3
06/16/2026,06:01:53,14.0,80.2
06/16/2026,06:06:53,14.0,80.3
06/16/2026,06:11:53,14.1,80.2
06/16/2026,06:16:53,14.2,80.2
06/16/2026,06:21:53,14.3,80.2
06/16/2026,06:26:53,14.3,79.9
06/16/2026,06:31:53,14.4,79.9
06/16/2026,06:36:53,14.4,80.0
06/16/2026,06:41:53,14.5,80.0
06/16/2026,06:46:53,14.5,79.9
06/16/2026,06:51:53,14.6,79.9
06/16/2026,06:56:53,14.7,79.7
06/16/2026,07:01:53,14.7,79.9
06/16/2026,07:06:53,14.9,80.0
06/16/2026,07:11:53,14.9,79.9
06/16/2026,07:16:53,15.0,80.0
06/16/2026,07:21:53,15.0,79.8
06/16/2026,07:26:53,15.1,80.1
06/16/2026,07:31:53,15.2,80.0
06/16/2026,07:36:53,15.2,80.0
06/16/2026,07:41:53,15.3,80.3
06/16/2026,07:46:53,15.4,80.2
06/16/2026,07:51:53,15.4,80.3
06/16/2026,07:56:53,15.5,80.3
06/16/2026,08:01:53,15.6,80.3
06/16/2026,08:06:53,15.7,80.4
06/16/2026,08:11:53,15.8,80.6
06/16/2026,08:16:53,15.9,80.6
06/16/2026,08:21:53,16.0,80.6
06/16/2026,08:26:53,16.1,80.4
06/16/2026,08:31:53,16.1,80.4
06/16/2026,08:36:53,16.1,80.4
06/16/2026,08:41:53,16.1,80.5
06/16/2026,08:46:53,16.2,80.5
06/16/2026,08:51:53,16.2,80.6
06/16/2026,08:56:53,16.2,80.6
06/16/2026,09:01:53,16.3,80.5
06/16/2026,09:06:53,16.3,80.6
06/16/2026,09:11:53,16.3,80.4
06/16/2026,09:16:53,16.3,80.5
06/16/2026,09:21:53,16.3,80.6
06/16/2026,09:26:53,16.4,80.4
06/16/2026,09:31:53,16.4,80.4
06/16/2026,09:36:53,16.5,80.4
06/16/2026,09:41:53,16.6,80.5
06/16/2026,09:46:53,16.8,80.1
06/16/2026,09:51:53,16.9,80.1
06/16/2026,09:56:53,17.0,79.6
06/16/2026,10:01:53,17.2,79.7
06/16/2026,10:06:53,17.3,79.1
06/16/2026,10:11:53,17.3,78.7
06/16/2026,10:16:53,17.5,79.1
06/16/2026,10:21:53,17.8,78.4
06/16/2026,10:26:53,18.1,78.3
06/16/2026,10:31:53,18.5,77.3
06/16/2026,10:36:53,18.9,76.7
06/16/2026,10:41:53,19.3,75.9
06/16/2026,10:46:53,19.4,75.6
06/16/2026,10:51:53,19.7,75.2
06/16/2026,10:56:53,20.1,74.0
06/16/2026,11:01:53,20.3,72.6
06/16/2026,11:06:53,20.3,71.8
06/16/2026,11:11:53,20.7,72.2
06/16/2026,11:16:53,21.1,70.2
06/16/2026,11:21:53,21.2,69.4
06/16/2026,11:26:53,21.6,68.6
06/16/2026,11:31:53,21.7,67.0
06/16/2026,11:36:53,21.8,67.9
06/16/2026,11:41:53,22.0,67.5
06/16/2026,11:46:53,22.0,67.1
06/16/2026,11:51:53,22.1,66.3
06/16/2026,11:56:53,21.9,65.3
06/16/2026,12:01:53,21.7,65.5
06/16/2026,12:06:53,21.7,65.4
06/16/2026,12:11:53,22.2,65.1
06/16/2026,12:16:53,22.7,64.3
06/16/2026,12:21:53,22.8,63.2
06/16/2026,12:26:53,23.0,63.3
06/16/2026,12:31:53,23.4,61.5
06/16/2026,12:36:53,23.4,61.9
06/16/2026,12:41:53,23.6,61.2
06/16/2026,12:46:53,23.7,60.5
06/16/2026,12:51:53,23.8,61.0
06/16/2026,12:56:53,23.8,59.8
06/16/2026,13:01:53,23.9,60.1
06/16/2026,13:06:53,23.9,59.0
06/16/2026,13:11:53,23.9,58.5
06/16/2026,13:16:53,23.9,59.2
06/16/2026,13:21:53,24.0,57.9
06/16/2026,13:26:53,24.2,58.3
06/16/2026,13:31:53,24.5,57.9
06/16/2026,13:36:53,24.9,56.9
06/16/2026,13:41:53,25.3,55.8
06/16/2026,13:46:53,25.4,55.4
06/16/2026,13:51:53,25.1,54.7
06/16/2026,13:56:53,25.3,54.1
06/16/2026,14:01:53,25.4,55.3
06/16/2026,14:06:53,25.8,54.2
06/16/2026,14:11:53,25.9,53.7
06/16/2026,14:16:53,26.1,52.4
06/16/2026,14:21:53,26.0,52.7
06/16/2026,14:26:53,25.8,51.9
06/16/2026,14:31:53,26.0,52.9
06/16/2026,14:36:53,26.1,51.3
06/16/2026,14:41:53,26.0,51.9
06/16/2026,14:46:53,26.0,51.0
06/16/2026,14:51:53,25.8,51.1
06/16/2026,14:56:53,25.7,51.8
06/16/2026,15:01:53,26.0,51.0
06/16/2026,15:06:53,26.3,50.8
06/16/2026,15:11:53,26.5,50.3
06/16/2026,15:16:53,26.4,50.2
06/16/2026,15:21:53,26.2,49.2
06/16/2026,15:26:53,26.1,49.6
06/16/2026,15:31:53,26.2,49.5
06/16/2026,15:36:53,26.2,50.0
06/16/2026,15:41:53,26.0,49.6
06/16/2026,15:46:53,26.0,49.8
06/16/2026,15:51:53,25.9,49.8
06/16/2026,15:56:53,25.8,50.1
06/16/2026,16:01:53,25.7,50.3
06/16/2026,16:06:53,25.9,50.5
06/16/2026,16:11:53,26.3,50.4
06/16/2026,16:16:53,26.5,49.8
06/16/2026,16:21:53,26.3,50.2
06/16/2026,16:26:53,26.2,49.5
06/16/2026,16:31:53,26.1,49.7
06/16/2026,16:36:53,25.9,50.0
06/16/2026,16:41:53,25.7,49.6
06/16/2026,16:46:53,25.7,50.2
06/16/2026,16:51:53,25.6,50.4
06/16/2026,16:56:53,25.7,50.6
06/16/2026,17:01:53,25.7,50.0
06/16/2026,17:06:53,25.7,48.9
06/16/2026,17:11:53,25.6,48.8
06/16/2026,17:16:53,25.5,48.3
06/16/2026,17:21:53,25.4,48.8
06/16/2026,17:26:53,25.5,48.9
06/16/2026,17:31:53,25.4,49.0
06/16/2026,17:36:53,25.4,48.7
06/16/2026,17:41:53,25.4,48.4
06/16/2026,17:46:53,25.5,48.2
06/16/2026,17:51:53,25.6,48.3
06/16/2026,17:56:53,25.4,48.1
06/16/2026,18:01:53,25.4,47.6
06/16/2026,18:06:53,25.4,47.0
06/16/2026,18:11:53,25.4,46.9
06/16/2026,18:16:53,25.3,47.0
06/16/2026,18:21:53,25.2,47.0
06/16/2026,18:26:53,25.1,47.0
06/16/2026,18:31:53,25.0,47.1
06/16/2026,18:36:53,25.0,47.7
06/16/2026,18:41:53,24.8,48.5
06/16/2026,18:46:53,24.8,48.9
06/16/2026,18:51:53,24.8,49.9
06/16/2026,18:56:53,24.8,50.8
06/16/2026,19:01:53,24.7,51.2
06/16/2026,19:06:53,24.5,51.7
06/16/2026,19:11:53,24.3,52.1
06/16/2026,19:16:53,24.2,52.3
06/16/2026,19:21:53,24.1,52.6
06/16/2026,19:26:53,24.0,53.3
06/16/2026,19:31:53,24.0,53.2
06/16/2026,19:36:53,23.9,53.5
06/16/2026,19:41:53,23.7,53.8
06/16/2026,19:46:53,23.6,54.1
06/16/2026,19:51:53,23.6,54.5
06/16/2026,19:56:53,23.6,55.2
06/16/2026,20:01:53,23.6,55.4
06/16/2026,20:06:53,23.5,55.8
06/16/2026,20:11:53,23.4,56.1
06/16/2026,20:16:53,23.3,56.6
06/16/2026,20:21:53,23.2,56.6
06/16/2026,20:26:53,23.1,56.7
06/16/2026,20:31:53,22.9,56.9
06/16/2026,20:36:53,22.8,57.0
06/16/2026,20:41:53,22.7,57.1
06/16/2026,20:46:53,22.6,57.3
06/16/2026,20:51:53,22.5,57.5
06/16/2026,20:56:53,22.3,57.8
06/16/2026,21:01:53,22.2,58.2
06/16/2026,21:06:53,22.2,58.5
06/16/2026,21:11:53,22.1,59.0
06/16/2026,21:16:53,22.0,59.2
06/16/2026,21:21:53,21.9,59.7
06/16/2026,21:26:53,21.9,59.9
06/16/2026,21:31:53,21.8,60.2
06/16/2026,21:36:53,21.8,60.5
06/16/2026,21:41:53,21.7,60.8
06/16/2026,21:46:53,21.7,61.2
06/16/2026,21:51:53,21.6,61.5
06/16/2026,21:56:53,21.5,61.8
06/16/2026,22:01:53,21.4,62.1
06/16/2026,22:06:53,21.3,62.5
06/16/2026,22:11:53,21.2,63.0
06/16/2026,22:16:53,21.1,63.7
06/16/2026,22:21:53,21.0,64.1
06/16/2026,22:26:53,20.9,64.7
06/16/2026,22:31:53,20.8,65.3
06/16/2026,22:36:53,20.7,65.7
06/16/2026,22:41:53,20.7,66.1
06/16/2026,22:46:53,20.7,66.5
06/16/2026,22:51:53,20.6,66.9
06/16/2026,22:56:53,20.5,67.2
06/16/2026,23:01:53,20.5,67.6
06/16/2026,23:06:53,20.5,67.9
06/16/2026,23:11:53,20.4,68.2
06/16/2026,23:16:53,20.4,68.5
06/16/2026,23:21:53,20.3,68.7
06/16/2026,23:26:53,20.3,68.9
06/16/2026,23:31:53,20.3,69.1
06/16/2026,23:36:53,20.2,69.2
06/16/2026,23:41:53,20.1,69.4
06/16/2026,23:46:53,20.1,69.4
06/16/2026,23:51:53,20.1,69.3
06/16/2026,23:56:53,20.0,69.4
06/17/2026,00:01:53,19.9,69.4
06/17/2026,00:06:53,19.9,69.7
06/17/2026,00:11:53,19.8,69.8
06/17/2026,00:16:53,19.7,69.9
06/17/2026,00:21:53,19.6,70.1
06/17/2026,00:26:53,19.6,70.3
06/17/2026,00:31:53,19.6,70.4
06/17/2026,00:36:53,19.5,70.7
06/17/2026,00:41:53,19.4,70.8
06/17/2026,00:46:53,19.3,70.9
06/17/2026,00:51:53,19.3,71.0
06/17/2026,00:56:53,19.2,71.3
06/17/2026,01:01:53,19.2,71.5
06/17/2026,01:06:53,19.1,71.6
06/17/2026,01:11:53,19.0,71.9
06/17/2026,01:16:53,19.0,72.1
06/17/2026,01:21:53,18.8,72.4
06/17/2026,01:26:53,18.8,72.6
06/17/2026,01:31:53,18.7,72.8
06/17/2026,01:36:53,18.7,73.0
06/17/2026,01:41:53,18.6,73.1
06/17/2026,01:46:53,18.6,73.2
06/17/2026,01:51:53,18.6,73.4
06/17/2026,01:56:53,18.6,73.5
06/17/2026,02:01:53,18.5,73.5
06/17/2026,02:06:53,18.4,73.7
06/17/2026,02:11:53,18.3,73.9
06/17/2026,02:16:53,18.3,74.1
06/17/2026,02:21:53,18.2,74.4
06/17/2026,02:26:53,18.2,74.5
06/17/2026,02:31:53,18.1,74.8
06/17/2026,02:36:53,18.1,75.0
06/17/2026,02:41:53,18.0,75.1
06/17/2026,02:46:53,17.9,75.3
06/17/2026,02:51:53,17.9,75.5
06/17/2026,02:56:53,17.8,75.7
06/17/2026,03:01:53,17.7,75.8
06/17/2026,03:06:53,17.7,75.9
06/17/2026,03:11:53,17.7,76.1
06/17/2026,03:16:53,17.7,76.2
06/17/2026,03:21:53,17.7,76.3
06/17/2026,03:26:53,17.6,76.4
06/17/2026,03:31:53,17.6,76.4
06/17/2026,03:36:53,17.6,76.5
06/17/2026,03:41:53,17.7,76.5
06/17/2026,03:46:53,17.7,76.5
06/17/2026,03:51:53,17.7,76.5
06/17/2026,03:56:53,17.7,76.7
06/17/2026,04:01:53,17.6,76.7
06/17/2026,04:06:53,17.6,76.8
06/17/2026,04:11:53,17.5,76.9
06/17/2026,04:16:53,17.5,76.9
06/17/2026,04:21:53,17.5,77.0
06/17/2026,04:26:53,17.5,77.1
06/17/2026,04:31:53,17.5,77.1
06/17/2026,04:36:53,17.5,77.1
06/17/2026,04:41:53,17.4,77.2
06/17/2026,04:46:53,17.4,77.3
06/17/2026,04:51:53,17.4,77.4
06/17/2026,04:56:53,17.4,77.6
06/17/2026,05:01:53,17.4,77.7
06/17/2026,05:06:53,17.4,77.7
06/17/2026,05:11:53,17.4,77.7
06/17/2026,05:16:53,17.5,77.7
06/17/2026,05:21:53,17.5,77.7
06/17/2026,05:26:53,17.5,77.7
06/17/2026,05:31:53,17.5,78.2
06/17/2026,05:36:53,17.5,78.6
06/17/2026,05:41:53,17.4,78.8
06/17/2026,05:46:53,17.4,79.2
06/17/2026,05:51:53,17.4,79.7
06/17/2026,05:56:53,17.3,80.3
06/17/2026,06:01:53,17.3,80.9
06/17/2026,06:06:53,17.2,81.3
06/17/2026,06:11:53,17.2,81.9
06/17/2026,06:16:53,17.2,82.3
06/17/2026,06:21:53,17.2,82.8
06/17/2026,06:26:53,17.2,83.1
06/17/2026,06:31:53,17.2,83.5
06/17/2026,06:36:53,17.2,83.5
06/17/2026,06:41:53,17.2,83.8
06/17/2026,06:46:53,17.3,84.1
06/17/2026,06:51:53,17.3,84.1
06/17/2026,06:56:53,17.3,84.2
06/17/2026,07:01:53,17.4,84.3
06/17/2026,07:06:53,17.4,84.4
06/17/2026,07:11:53,17.3,84.7
06/17/2026,07:16:53,17.4,84.8
06/17/2026,07:21:53,17.3,84.9
06/17/2026,07:26:53,17.4,85.1
06/17/2026,07:31:53,17.4,84.9
06/17/2026,07:36:53,17.3,85.1
06/17/2026,07:41:53,17.3,85.3
06/17/2026,07:46:53,17.3,85.4
06/17/2026,07:51:53,17.3,85.0
06/17/2026,07:56:53,17.4,84.6
06/17/2026,08:01:53,17.5,84.8
06/17/2026,08:06:53,17.6,84.9
06/17/2026,08:11:53,17.6,84.6
06/17/2026,08:16:53,17.8,84.8
06/17/2026,08:21:53,17.9,85.0
06/17/2026,08:26:53,17.9,84.9
06/17/2026,08:31:53,18.0,85.2
06/17/2026,08:36:53,18.0,85.1
06/17/2026,08:41:53,18.1,85.4
06/17/2026,08:46:53,18.2,85.5
06/17/2026,08:51:53,18.3,85.8
06/17/2026,08:56:53,18.5,85.9
06/17/2026,09:01:53,18.7,85.7
06/17/2026,09:06:53,18.9,85.7
06/17/2026,09:11:53,19.1,85.4
06/17/2026,09:16:53,19.2,84.8
06/17/2026,09:21:53,19.4,84.9
06/17/2026,09:26:53,19.6,83.9
06/17/2026,09:31:53,19.7,83.7
06/17/2026,09:36:53,19.7,83.0
06/17/2026,09:41:53,19.7,82.7
06/17/2026,09:46:53,19.9,82.1
06/17/2026,09:51:53,20.1,81.2
06/17/2026,09:56:53,20.3,80.4
06/17/2026,10:01:53,20.4,79.9
06/17/2026,10:06:53,20.6,78.5
06/17/2026,10:11:53,20.9,77.7
06/17/2026,10:16:53,21.2,76.9
06/17/2026,10:21:53,21.5,75.6
06/17/2026,10:26:53,21.6,75.4
06/17/2026,10:31:53,21.8,74.8
06/17/2026,10:36:53,21.9,74.1
06/17/2026,10:41:53,22.2,73.2
06/17/2026,10:46:53,22.3,72.8
06/17/2026,10:51:53,22.6,71.8
06/17/2026,10:56:53,22.6,71.7
06/17/2026,11:01:53,22.6,71.1
06/17/2026,11:06:53,22.7,70.9
06/17/2026,11:11:53,22.7,70.4
06/17/2026,11:16:53,22.7,70.2
06/17/2026,11:21:53,22.7,70.2
06/17/2026,11:26:53,22.9,70.0
06/17/2026,11:31:53,23.1,69.6
06/17/2026,11:36:53,23.1,70.1
06/17/2026,11:41:53,23.3,69.2
06/17/2026,11:46:53,23.5,69.1
06/17/2026,11:51:53,23.5,68.4
06/17/2026,11:56:53,23.5,68.1
06/17/2026,12:01:53,23.4,68.7
06/17/2026,12:06:53,23.4,68.6
06/17/2026,12:11:53,23.5,68.0
06/17/2026,12:16:53,23.6,68.1
06/17/2026,12:21:53,23.6,67.8
06/17/2026,12:26:53,23.4,67.9
06/17/2026,12:31:53,23.4,68.3
06/17/2026,12:36:53,23.5,68.2
06/17/2026,12:41:53,23.6,68.0
06/17/2026,12:46:53,23.6,67.5
06/17/2026,12:51:53,23.6,67.6
06/17/2026,12:56:53,23.5,67.7
06/17/2026,13:01:53,23.4,67.7
06/17/2026,13:06:53,23.4,67.9
06/17/2026,13:11:53,23.4,68.1
06/17/2026,13:16:53,23.4,68.1
06/17/2026,13:21:53,23.4,68.2
06/17/2026,13:26:53,23.5,68.3
06/17/2026,13:31:53,23.7,68.1
06/17/2026,13:36:53,23.8,68.0
06/17/2026,13:41:53,23.8,68.0
06/17/2026,13:46:53,23.8,67.8
06/17/2026,13:51:53,23.7,67.7
06/17/2026,13:56:53,23.9,67.8
06/17/2026,14:01:53,24.0,67.8
06/17/2026,14:06:53,24.3,67.2
06/17/2026,14:11:53,24.2,67.4
06/17/2026,14:16:53,24.3,67.2
06/17/2026,14:21:53,24.3,66.9
06/17/2026,14:26:53,24.3,66.5
06/17/2026,14:31:53,24.2,66.8
06/17/2026,14:36:53,24.2,66.8
06/17/2026,14:41:53,24.2,66.8
06/17/2026,14:46:53,24.3,66.2
06/17/2026,14:51:53,24.4,66.4
06/17/2026,14:56:53,24.7,66.1
06/17/2026,15:01:53,24.7,66.0
06/17/2026,15:06:53,24.8,65.6
06/17/2026,15:11:53,24.9,64.4
06/17/2026,15:16:53,24.8,64.8
06/17/2026,15:21:53,24.7,64.7
06/17/2026,15:26:53,24.7,65.2
06/17/2026,15:31:53,24.8,65.0
06/17/2026,15:36:53,24.9,65.1
06/17/2026,15:41:53,25.1,64.8
06/17/2026,15:46:53,25.2,64.5
06/17/2026,15:51:53,25.4,63.9
06/17/2026,15:56:53,25.6,63.8
06/17/2026,16:01:53,25.8,63.4
06/17/2026,16:06:53,25.8,62.9
06/17/2026,16:11:53,25.9,63.1
06/17/2026,16:16:53,25.9,61.9
06/17/2026,16:21:53,25.6,62.5
06/17/2026,16:26:53,25.4,62.6
06/17/2026,16:31:53,25.3,62.7
06/17/2026,16:36:53,25.1,63.3
06/17/2026,16:41:53,25.1,63.0
06/17/2026,16:46:53,25.0,63.3
06/17/2026,16:51:53,24.9,63.5
06/17/2026,16:56:53,25.0,63.7
06/17/2026,17:01:53,25.2,63.5
06/17/2026,17:06:53,25.0,63.4
06/17/2026,17:11:53,24.9,63.9
06/17/2026,17:16:53,24.7,63.9
06/17/2026,17:21:53,24.6,64.0
06/17/2026,17:26:53,24.5,64.3
06/17/2026,17:31:53,24.5,64.0
06/17/2026,17:36:53,24.5,64.0
06/17/2026,17:41:53,24.4,64.1
06/17/2026,17:46:53,24.3,64.5
06/17/2026,17:51:53,24.3,64.8
06/17/2026,17:56:53,24.3,64.6
06/17/2026,18:01:53,24.2,65.4
06/17/2026,18:06:53,24.0,64.9
06/17/2026,18:11:53,23.9,65.3
06/17/2026,18:16:53,24.1,65.6
06/17/2026,18:21:53,24.1,65.1
06/17/2026,18:26:53,24.0,65.1
06/17/2026,18:31:53,24.0,65.4
06/17/2026,18:36:53,23.9,65.5
06/17/2026,18:41:53,23.8,65.7
06/17/2026,18:46:53,23.8,65.7
06/17/2026,18:51:53,23.6,66.2
06/17/2026,18:56:53,23.6,66.6
06/17/2026,19:01:53,23.5,66.8
06/17/2026,19:06:53,23.5,66.9
06/17/2026,19:11:53,23.4,66.8
06/17/2026,19:16:53,23.3,67.2
06/17/2026,19:21:53,23.2,67.2
06/17/2026,19:26:53,23.2,67.4
06/17/2026,19:31:53,23.1,67.8
06/17/2026,19:36:53,23.1,67.8
06/17/2026,19:41:53,23.0,67.9
06/17/2026,19:46:53,22.9,68.0
06/17/2026,19:51:53,22.9,68.0
06/17/2026,19:56:53,22.9,68.2
06/17/2026,20:01:53,22.8,68.4
06/17/2026,20:06:53,22.8,68.7
06/17/2026,20:11:53,22.8,68.6
06/17/2026,20:16:53,22.7,68.6
06/17/2026,20:21:53,22.7,68.7
06/17/2026,20:26:53,22.5,69.0
06/17/2026,20:31:53,22.5,69.1
06/17/2026,20:36:53,22.5,69.3
06/17/2026,20:41:53,22.5,69.5
06/17/2026,20:46:53,22.5,69.4
06/17/2026,20:51:53,22.4,69.5
06/17/2026,20:56:53,22.4,69.6
06/17/2026,21:01:53,22.3,69.9
06/17/2026,21:06:53,22.1,69.9
06/17/2026,21:11:53,22.1,70.1
06/17/2026,21:16:53,22.0,70.2
06/17/2026,21:21:53,21.9,70.4
06/17/2026,21:26:53,21.8,70.7
06/17/2026,21:31:53,21.6,70.9
06/17/2026,21:36:53,21.6,71.2
06/17/2026,21:41:53,21.5,71.5
06/17/2026,21:46:53,21.4,71.6
06/17/2026,21:51:53,21.2,72.0
06/17/2026,21:56:53,21.1,72.1
06/17/2026,22:01:53,21.0,72.5
06/17/2026,22:06:53,20.9,73.0
06/17/2026,22:11:53,20.9,73.0
06/17/2026,22:16:53,20.9,73.4
06/17/2026,22:21:53,20.8,73.4
06/17/2026,22:26:53,20.7,73.8
06/17/2026,22:31:53,20.6,73.9
06/17/2026,22:36:53,20.5,74.2
06/17/2026,22:41:53,20.5,74.4
06/17/2026,22:46:53,20.4,74.6
06/17/2026,22:51:53,20.3,74.9
06/17/2026,22:56:53,20.2,75.1
06/17/2026,23:01:53,20.1,75.3
06/17/2026,23:06:53,20.1,75.6
06/17/2026,23:11:53,20.0,75.9
06/17/2026,23:16:53,19.9,76.1
06/17/2026,23:21:53,19.8,76.3
06/17/2026,23:26:53,19.7,76.6
06/17/2026,23:31:53,19.7,76.7
06/17/2026,23:36:53,19.7,76.9
06/17/2026,23:41:53,19.5,77.2
06/17/2026,23:46:53,19.5,77.4
06/17/2026,23:51:53,19.4,77.6
06/17/2026,23:56:53,19.4,77.7
06/18/2026,00:01:53,19.3,78.0
06/18/2026,00:06:53,19.2,78.2
06/18/2026,00:11:53,19.2,78.4
06/18/2026,00:16:53,19.1,78.6
06/18/2026,00:21:53,19.1,78.7
06/18/2026,00:26:53,19.0,78.8
06/18/2026,00:31:53,19.0,79.0
06/18/2026,00:36:53,18.9,79.1
06/18/2026,00:41:53,18.8,79.3
06/18/2026,00:46:53,18.8,79.6
06/18/2026,00:51:53,18.8,79.7
06/18/2026,00:56:53,18.7,79.9
06/18/2026,01:01:53,18.6,80.1
06/18/2026,01:06:53,18.6,80.2
06/18/2026,01:11:53,18.5,80.3
06/18/2026,01:16:53,18.5,80.5
06/18/2026,01:21:53,18.5,80.7
06/18/2026,01:26:53,18.4,80.8
06/18/2026,01:31:53,18.4,80.9
06/18/2026,01:36:53,18.3,81.0
06/18/2026,01:41:53,18.3,81.1
06/18/2026,01:46:53,18.3,81.2
06/18/2026,01:51:53,18.2,81.3
06/18/2026,01:56:53,18.2,81.3
06/18/2026,02:01:53,18.1,81.5
06/18/2026,02:06:53,18.0,81.7
06/18/2026,02:11:53,18.0,81.8
06/18/2026,02:16:53,17.9,81.9
06/18/2026,02:21:53,17.9,82.0
06/18/2026,02:26:53,17.8,82.2
06/18/2026,02:31:53,17.8,82.3
06/18/2026,02:36:53,17.8,82.4
06/18/2026,02:41:53,17.8,82.4
06/18/2026,02:46:53,17.7,82.6
06/18/2026,02:51:53,17.7,82.7
06/18/2026,02:56:53,17.6,82.8
06/18/2026,03:01:53,17.6,82.9
06/18/2026,03:06:53,17.5,83.0
06/18/2026,03:11:53,17.5,83.1
06/18/2026,03:16:53,17.5,83.2
06/18/2026,03:21:53,17.4,83.3
06/18/2026,03:26:53,17.4,83.4
06/18/2026,03:31:53,17.4,83.5
06/18/2026,03:36:53,17.4,83.5
06/18/2026,03:41:53,17.3,83.7
06/18/2026,03:46:53,17.3,83.7
06/18/2026,03:51:53,17.4,83.9
06/18/2026,03:56:53,17.3,84.0
06/18/2026,04:01:53,17.3,84.1
06/18/2026,04:06:53,17.3,84.2
06/18/2026,04:11:53,17.4,84.2
06/18/2026,04:16:53,17.4,84.2
06/18/2026,04:21:53,17.4,84.2
06/18/2026,04:26:53,17.4,84.1
06/18/2026,04:31:53,17.4,84.1
06/18/2026,04:36:53,17.3,84.1
06/18/2026,04:41:53,17.3,84.2
06/18/2026,04:46:53,17.3,84.3
06/18/2026,04:51:53,17.2,84.3
06/18/2026,04:56:53,17.2,84.4
06/18/2026,05:01:53,17.2,84.3
06/18/2026,05:06:53,17.2,84.5
06/18/2026,05:11:53,17.2,84.6
06/18/2026,05:16:53,17.2,84.7
06/18/2026,05:21:53,17.2,84.8
06/18/2026,05:26:53,17.1,84.8
06/18/2026,05:31:53,17.2,84.9
06/18/2026,05:36:53,17.2,85.0
06/18/2026,05:41:53,17.2,85.0
06/18/2026,05:46:53,17.2,84.9
06/18/2026,05:51:53,17.2,85.0
06/18/2026,05:56:53,17.2,85.0
06/18/2026,06:01:53,17.2,85.1
06/18/2026,06:06:53,17.2,85.2
06/18/2026,06:11:53,17.2,85.2
06/18/2026,06:16:53,17.3,85.2
06/18/2026,06:21:53,17.4,85.0
06/18/2026,06:26:53,17.5,84.8
06/18/2026,06:31:53,17.6,84.7
06/18/2026,06:36:53,17.6,84.6
06/18/2026,06:41:53,17.6,84.5
06/18/2026,06:46:53,17.7,84.6
06/18/2026,06:51:53,17.7,84.4
06/18/2026,06:56:53,17.8,84.3
06/18/2026,07:01:53,17.9,84.2
06/18/2026,07:06:53,18.0,84.0
06/18/2026,07:11:53,18.1,83.6
06/18/2026,07:16:53,18.2,83.4
06/18/2026,07:21:53,18.3,83.2
06/18/2026,07:26:53,18.4,83.0
06/18/2026,07:31:53,18.5,82.6
06/18/2026,07:36:53,18.5,82.1
06/18/2026,07:41:53,18.5,82.0
06/18/2026,07:46:53,18.5,81.7
06/18/2026,07:51:53,18.6,81.3
06/18/2026,07:56:53,18.8,81.3
06/18/2026,08:01:53,18.9,80.7
06/18/2026,08:06:53,18.9,80.7
06/18/2026,08:11:53,19.1,80.2
06/18/2026,08:16:53,19.3,80.1
06/18/2026,08:21:53,19.4,80.0
06/18/2026,08:26:53,19.7,79.3
06/18/2026,08:31:53,19.8,79.0
06/18/2026,08:36:53,19.8,78.5
06/18/2026,08:41:53,19.9,78.6
06/18/2026,08:46:53,20.0,78.1
06/18/2026,08:51:53,20.1,77.5
06/18/2026,08:56:53,20.2,77.2
06/18/2026,09:01:53,20.3,76.5
06/18/2026,09:06:53,20.3,76.2
06/18/2026,09:11:53,20.4,76.0
06/18/2026,09:16:53,20.5,75.9
06/18/2026,09:21:53,20.6,76.0
06/18/2026,09:26:53,20.7,75.5
06/18/2026,09:31:53,20.8,75.1
06/18/2026,09:36:53,20.8,74.9
06/18/2026,09:41:53,20.9,75.0
06/18/2026,09:46:53,21.0,74.9
06/18/2026,09:51:53,21.1,74.5
06/18/2026,09:56:53,21.3,73.8
06/18/2026,10:01:53,21.4,73.3
06/18/2026,10:06:53,21.5,73.0
06/18/2026,10:11:53,21.6,73.0
06/18/2026,10:16:53,21.9,72.7
06/18/2026,10:21:53,22.0,72.4
06/18/2026,10:26:53,22.2,71.9
06/18/2026,10:31:53,22.3,71.4
06/18/2026,10:36:53,22.3,71.5
06/18/2026,10:41:53,22.3,71.5
06/18/2026,10:46:53,22.3,71.6
06/18/2026,10:51:53,22.6,70.9
06/18/2026,10:56:53,22.8,70.9
06/18/2026,11:01:53,22.9,70.1
06/18/2026,11:06:53,22.9,69.7
06/18/2026,11:11:53,22.7,70.2
06/18/2026,11:16:53,22.8,70.2
06/18/2026,11:21:53,22.9,69.7
06/18/2026,11:26:53,22.8,69.7
06/18/2026,11:31:53,22.8,70.1
06/18/2026,11:36:53,22.9,70.0
06/18/2026,11:41:53,23.2,70.2
06/18/2026,11:46:53,23.4,68.8
06/18/2026,11:51:53,23.4,68.4
06/18/2026,11:56:53,23.5,68.3
06/18/2026,12:01:53,23.6,67.8
06/18/2026,12:06:53,23.4,67.7
06/18/2026,12:11:53,23.6,67.9
06/18/2026,12:16:53,23.7,67.9
06/18/2026,12:21:53,23.9,67.3
06/18/2026,12:26:53,24.1,67.1
06/18/2026,12:31:53,23.9,67.1
06/18/2026,12:36:53,23.8,67.2
06/18/2026,12:41:53,23.7,67.2
06/18/2026,12:46:53,23.6,67.1
06/18/2026,12:51:53,23.6,67.6
06/18/2026,12:56:53,23.6,67.8
06/18/2026,13:01:53,23.8,67.8
06/18/2026,13:06:53,24.2,66.9
06/18/2026,13:11:53,24.1,67.2
06/18/2026,13:16:53,24.3,67.0
06/18/2026,13:21:53,24.6,66.6
06/18/2026,13:26:53,24.9,66.0
06/18/2026,13:31:53,25.3,65.0
06/18/2026,13:36:53,25.7,64.3
06/18/2026,13:41:53,25.6,64.4
06/18/2026,13:46:53,26.0,63.5
06/18/2026,13:51:53,26.1,62.8
06/18/2026,13:56:53,25.7,62.3
06/18/2026,14:01:53,25.7,62.1
06/18/2026,14:06:53,26.3,61.6
06/18/2026,14:11:53,26.4,59.9
06/18/2026,14:16:53,26.7,59.3
06/18/2026,14:21:53,26.6,58.8
06/18/2026,14:26:53,26.6,58.9
06/18/2026,14:31:53,26.8,58.2
06/18/2026,14:36:53,26.8,58.2
06/18/2026,14:41:53,27.0,58.2
06/18/2026,14:46:53,27.2,56.9
06/18/2026,14:51:53,27.2,56.8
06/18/2026,14:56:53,27.3,57.4
06/18/2026,15:01:53,27.3,56.9
06/18/2026,15:06:53,27.5,57.2
06/18/2026,15:11:53,27.9,56.9
06/18/2026,15:16:53,28.1,56.2
06/18/2026,15:21:53,27.8,56.0
06/18/2026,15:26:53,27.7,56.2
06/18/2026,15:31:53,27.4,56.2
06/18/2026,15:36:53,27.2,56.3
06/18/2026,15:41:53,26.9,56.7
06/18/2026,15:46:53,26.9,57.2
06/18/2026,15:51:53,27.1,56.9
06/18/2026,15:56:53,27.1,57.0
06/18/2026,16:01:53,27.1,56.5
06/18/2026,16:06:53,27.1,55.8
06/18/2026,16:11:53,27.0,55.4
06/18/2026,16:16:53,27.0,55.7
06/18/2026,16:21:53,27.0,55.8
06/18/2026,16:26:53,27.0,55.5
06/18/2026,16:31:53,27.0,55.5
06/18/2026,16:36:53,27.0,55.9
06/18/2026,16:41:53,26.9,56.3
06/18/2026,16:46:53,26.9,56.4
06/18/2026,16:51:53,26.9,57.0
06/18/2026,16:56:53,27.1,55.5
06/18/2026,17:01:53,27.0,55.2
06/18/2026,17:06:53,26.9,55.2
06/18/2026,17:11:53,26.9,55.2
06/18/2026,17:16:53,26.9,55.0
06/18/2026,17:21:53,26.9,55.7
06/18/2026,17:26:53,26.8,55.4
06/18/2026,17:31:53,26.8,55.7
06/18/2026,17:36:53,26.7,55.7
06/18/2026,17:41:53,26.7,55.5
06/18/2026,17:46:53,26.6,55.6
06/18/2026,17:51:53,26.6,55.8
06/18/2026,17:56:53,26.6,56.0
06/18/2026,18:01:53,26.6,56.4
06/18/2026,18:06:53,26.6,56.2
06/18/2026,18:11:53,26.3,56.4
06/18/2026,18:16:53,26.2,56.5
06/18/2026,18:21:53,26.1,56.8
06/18/2026,18:26:53,26.1,56.5
06/18/2026,18:31:53,26.1,56.6
06/18/2026,18:36:53,26.3,56.2
06/18/2026,18:41:53,26.3,55.7
06/18/2026,18:46:53,26.3,55.8
06/18/2026,18:51:53,26.4,56.1
06/18/2026,18:56:53,26.4,56.1
06/18/2026,19:01:53,26.4,55.6
06/18/2026,19:06:53,26.6,55.4
06/18/2026,19:11:53,26.9,55.1
06/18/2026,19:16:53,27.0,54.5
06/18/2026,19:21:53,27.0,54.2
06/18/2026,19:26:53,26.9,54.0
06/18/2026,19:31:53,26.8,53.7
06/18/2026,19:36:53,26.7,54.1
06/18/2026,19:41:53,26.5,54.3
06/18/2026,19:46:53,26.3,54.5
06/18/2026,19:51:53,26.2,55.0
06/18/2026,19:56:53,26.0,55.6
06/18/2026,20:01:53,25.9,56.4
06/18/2026,20:06:53,25.7,57.2
06/18/2026,20:11:53,25.5,57.6
06/18/2026,20:16:53,25.3,57.7
06/18/2026,20:21:53,25.1,57.9
06/18/2026,20:26:53,25.0,58.2
06/18/2026,20:31:53,24.9,58.5
06/18/2026,20:36:53,24.7,58.9
06/18/2026,20:41:53,24.6,59.5
06/18/2026,20:46:53,24.5,60.0
06/18/2026,20:51:53,24.4,60.4
06/18/2026,20:56:53,24.3,60.8
06/18/2026,21:01:53,24.2,61.0
06/18/2026,21:06:53,24.0,61.3
06/18/2026,21:11:53,23.9,61.5
06/18/2026,21:16:53,23.8,62.0
06/18/2026,21:21:53,23.6,62.1
06/18/2026,21:26:53,23.5,62.3
06/18/2026,21:31:53,23.4,62.7
06/18/2026,21:36:53,23.3,62.9
06/18/2026,21:41:53,23.2,63.3
06/18/2026,21:46:53,23.1,63.5
06/18/2026,21:51:53,23.0,64.2
06/18/2026,21:56:53,22.9,64.4
06/18/2026,22:01:53,22.7,65.0
06/18/2026,22:06:53,22.6,65.6
06/18/2026,22:11:53,22.4,66.0
06/18/2026,22:16:53,22.2,66.7
06/18/2026,22:21:53,22.1,67.2
06/18/2026,22:26:53,22.0,67.9
06/18/2026,22:31:53,21.9,68.3
06/18/2026,22:36:53,21.7,68.9
06/18/2026,22:41:53,21.6,69.4
06/18/2026,22:46:53,21.6,69.9
06/18/2026,22:51:53,21.4,70.5
06/18/2026,22:56:53,21.4,70.8
06/18/2026,23:01:53,21.3,71.2
06/18/2026,23:06:53,21.2,71.5
06/18/2026,23:11:53,21.1,71.9
06/18/2026,23:16:53,21.1,72.3
06/18/2026,23:21:53,21.0,72.6
06/18/2026,23:26:53,20.9,72.8
06/18/2026,23:31:53,20.9,73.1
06/18/2026,23:36:53,20.9,73.3
06/18/2026,23:41:53,20.8,73.5
06/18/2026,23:46:53,20.8,73.8
06/18/2026,23:51:53,20.7,73.9
06/18/2026,23:56:53,20.7,74.1
06/19/2026,00:01:53,20.7,74.2
06/19/2026,00:06:53,20.5,74.6
06/19/2026,00:11:53,20.5,74.8
06/19/2026,00:16:53,20.5,75.0
06/19/2026,00:21:53,20.4,75.2
06/19/2026,00:26:53,20.3,75.4
06/19/2026,00:31:53,20.3,75.7
06/19/2026,00:36:53,20.3,75.7
06/19/2026,00:41:53,20.2,75.9
06/19/2026,00:46:53,20.1,76.1
06/19/2026,00:51:53,20.1,76.3
06/19/2026,00:56:53,20.0,76.5
06/19/2026,01:01:53,20.0,76.6
06/19/2026,01:06:53,19.9,76.8
06/19/2026,01:11:53,19.9,76.9
06/19/2026,01:16:53,19.8,77.2
06/19/2026,01:21:53,19.7,77.3
06/19/2026,01:26:53,19.6,77.5
06/19/2026,01:31:53,19.6,77.7
06/19/2026,01:36:53,19.6,77.8
06/19/2026,01:41:53,19.6,77.9
06/19/2026,01:46:53,19.6,78.1
06/19/2026,01:51:53,19.5,78.1
06/19/2026,01:56:53,19.5,78.3
06/19/2026,02:01:53,19.5,78.5
06/19/2026,02:06:53,19.5,78.5
06/19/2026,02:11:53,19.4,78.6
06/19/2026,02:16:53,19.4,78.7
06/19/2026,02:21:53,19.3,78.8
06/19/2026,02:26:53,19.3,79.0
06/19/2026,02:31:53,19.2,79.2
06/19/2026,02:36:53,19.1,79.5
06/19/2026,02:41:53,19.1,79.6
06/19/2026,02:46:53,19.1,79.6
06/19/2026,02:51:53,19.0,79.7
06/19/2026,02:56:53,19.0,79.7
06/19/2026,03:01:53,19.0,79.7
06/19/2026,03:06:53,18.9,79.8
06/19/2026,03:11:53,18.9,79.8
06/19/2026,03:16:53,18.8,79.9
06/19/2026,03:21:53,18.8,79.9
06/19/2026,03:26:53,18.7,79.9
06/19/2026,03:31:53,18.7,80.0
06/19/2026,03:36:53,18.6,80.1
06/19/2026,03:41:53,18.6,80.1
06/19/2026,03:46:53,18.5,80.2
06/19/2026,03:51:53,18.4,80.2
06/19/2026,03:56:53,18.3,80.3
06/19/2026,04:01:53,18.3,80.1
06/19/2026,04:06:53,18.2,80.2
06/19/2026,04:11:53,18.2,80.4
06/19/2026,04:16:53,18.1,80.4
06/19/2026,04:21:53,18.1,80.3
06/19/2026,04:26:53,18.0,80.8
06/19/2026,04:31:53,18.0,81.0
06/19/2026,04:36:53,18.0,81.0
06/19/2026,04:41:53,17.9,81.0
06/19/2026,04:46:53,17.9,81.1
06/19/2026,04:51:53,17.8,81.3
06/19/2026,04:56:53,17.8,81.2
06/19/2026,05:01:53,17.7,81.4
06/19/2026,05:06:53,17.7,81.1
06/19/2026,05:11:53,17.7,81.4
06/19/2026,05:16:53,17.7,81.1
06/19/2026,05:21:53,17.6,80.8
06/19/2026,05:26:53,17.6,81.1
06/19/2026,05:31:53,17.6,81.4
06/19/2026,05:36:53,17.6,78.8
06/19/2026,05:41:53,17.5,78.4
06/19/2026,05:46:53,17.5,77.1
06/19/2026,05:51:53,17.5,77.1
06/19/2026,05:56:53,17.5,74.9
06/19/2026,06:01:53,17.4,72.4
06/19/2026,06:06:53,17.4,76.8
06/19/2026,06:11:53,17.4,71.1
06/19/2026,06:16:53,17.4,74.4
06/19/2026,06:21:53,17.4,72.9
06/19/2026,06:26:53,17.6,78.1
06/19/2026,06:31:53,17.7,77.7
06/19/2026,06:36:53,17.6,75.8
06/19/2026,06:41:53,17.8,78.3
06/19/2026,06:46:53,17.9,78.6
06/19/2026,06:51:53,17.9,75.8
06/19/2026,06:56:53,18.0,77.4
06/19/2026,07:01:53,18.1,78.0
06/19/2026,07:06:53,18.1,75.5
06/19/2026,07:11:53,18.2,77.4
06/19/2026,07:16:53,18.3,76.8
06/19/2026,07:21:53,18.4,76.6
06/19/2026,07:26:53,18.5,76.4
06/19/2026,07:31:53,18.7,76.1
06/19/2026,07:36:53,18.8,75.7
06/19/2026,07:41:53,18.9,76.3
06/19/2026,07:46:53,19.0,75.3
06/19/2026,07:51:53,19.2,76.2
06/19/2026,07:56:53,19.3,75.9
06/19/2026,08:01:53,19.4,73.3
06/19/2026,08:06:53,19.4,74.8
06/19/2026,08:11:53,19.5,75.0
06/19/2026,08:16:53,19.7,74.3
06/19/2026,08:21:53,19.9,74.4
06/19/2026,08:26:53,20.0,74.0
06/19/2026,08:31:53,20.2,73.8
06/19/2026,08:36:53,20.4,73.2
06/19/2026,08:41:53,20.7,73.1
06/19/2026,08:46:53,20.9,72.6
06/19/2026,08:51:53,21.1,71.8
06/19/2026,08:56:53,21.3,71.4
06/19/2026,09:01:53,21.5,71.7
06/19/2026,09:06:53,21.8,70.6
06/19/2026,09:11:53,22.0,70.1
06/19/2026,09:16:53,22.2,69.8
06/19/2026,09:21:53,22.4,69.5
06/19/2026,09:26:53,22.7,69.6
06/19/2026,09:31:53,22.9,69.2
06/19/2026,09:36:53,23.1,68.0
06/19/2026,09:41:53,23.4,67.5
06/19/2026,09:46:53,23.6,66.5
06/19/2026,09:51:53,23.7,66.5
06/19/2026,09:56:53,24.0,66.1
06/19/2026,10:01:53,24.2,66.1
06/19/2026,10:06:53,24.4,66.0
06/19/2026,10:11:53,24.6,65.4
06/19/2026,10:16:53,24.8,64.1
06/19/2026,10:21:53,24.9,64.1
06/19/2026,10:26:53,25.1,64.2
06/19/2026,10:31:53,25.2,63.3
06/19/2026,10:36:53,25.4,63.1
06/19/2026,10:41:53,25.6,62.6
06/19/2026,10:46:53,25.9,62.7
06/19/2026,10:51:53,26.0,61.6
06/19/2026,10:56:53,26.1,61.4
06/19/2026,11:01:53,26.3,60.7
06/19/2026,11:06:53,26.4,59.7
06/19/2026,11:11:53,26.4,59.8
06/19/2026,11:16:53,26.5,59.8
06/19/2026,11:21:53,26.8,59.6
06/19/2026,11:26:53,27.0,59.6
06/19/2026,11:31:53,27.3,59.1
06/19/2026,11:36:53,27.4,58.2
06/19/2026,11:41:53,27.5,57.9
06/19/2026,11:46:53,27.6,58.8
06/19/2026,11:51:53,27.8,58.5
06/19/2026,11:56:53,27.9,58.0
06/19/2026,12:01:53,28.1,57.9
06/19/2026,12:06:53,28.4,57.5
06/19/2026,12:11:53,28.4,56.6
06/19/2026,12:16:53,28.5,56.7
06/19/2026,12:21:53,28.5,56.9
06/19/2026,12:26:53,28.7,56.4
06/19/2026,12:31:53,28.9,56.1
06/19/2026,12:36:53,29.0,55.9
06/19/2026,12:41:53,29.0,55.9
06/19/2026,12:46:53,29.1,56.0
06/19/2026,12:51:53,29.3,55.0
06/19/2026,12:56:53,29.6,55.6
06/19/2026,13:01:53,29.8,54.7
06/19/2026,13:06:53,29.9,54.5
06/19/2026,13:11:53,30.1,54.1
06/19/2026,13:16:53,30.2,53.9
06/19/2026,13:21:53,30.2,53.8
06/19/2026,13:26:53,30.1,53.6
06/19/2026,13:31:53,30.1,53.4
06/19/2026,13:36:53,30.2,53.1
06/19/2026,13:41:53,30.4,52.6
06/19/2026,13:46:53,30.6,51.4
06/19/2026,13:51:53,30.4,51.8
06/19/2026,13:56:53,30.2,51.8
06/19/2026,14:01:53,30.3,51.6
06/19/2026,14:06:53,30.5,51.1
06/19/2026,14:11:53,30.6,50.9
06/19/2026,14:16:53,30.7,50.7
06/19/2026,14:21:53,30.8,50.3
06/19/2026,14:26:53,31.0,49.7
06/19/2026,14:31:53,31.1,49.6
06/19/2026,14:36:53,31.2,49.1
06/19/2026,14:41:53,31.4,48.7
06/19/2026,14:46:53,31.3,48.9
06/19/2026,14:51:53,31.4,49.0
06/19/2026,14:56:53,31.4,49.0
06/19/2026,15:01:53,31.5,48.0
06/19/2026,15:06:53,31.6,47.4
06/19/2026,15:11:53,31.6,47.4
06/19/2026,15:16:53,31.6,46.9
06/19/2026,15:21:53,31.9,46.6
06/19/2026,15:26:53,32.0,46.2
06/19/2026,15:31:53,31.9,45.1
06/19/2026,15:36:53,31.8,45.5
06/19/2026,15:41:53,31.8,45.0
06/19/2026,15:46:53,32.0,45.4
06/19/2026,15:51:53,31.9,44.8
06/19/2026,15:56:53,31.7,45.3
06/19/2026,16:01:53,31.6,44.8
06/19/2026,16:06:53,31.5,45.2
06/19/2026,16:11:53,31.8,44.8
06/19/2026,16:16:53,32.0,44.4
06/19/2026,16:21:53,31.9,44.5
06/19/2026,16:26:53,32.0,44.1
06/19/2026,16:31:53,32.0,43.7
06/19/2026,16:36:53,32.0,43.7
06/19/2026,16:41:53,32.0,43.1
06/19/2026,16:46:53,32.0,42.9
06/19/2026,16:51:53,31.8,42.9
06/19/2026,16:56:53,31.5,41.8
06/19/2026,17:01:53,31.1,41.6
06/19/2026,17:06:53,30.8,42.2
06/19/2026,17:11:53,30.6,42.9
06/19/2026,17:16:53,30.4,42.2
06/19/2026,17:21:53,30.3,42.8
06/19/2026,17:26:53,30.1,42.7
06/19/2026,17:31:53,29.9,42.0
06/19/2026,17:36:53,29.9,42.7
06/19/2026,17:41:53,29.9,43.0
06/19/2026,17:46:53,29.8,43.5
06/19/2026,17:51:53,29.7,43.1
06/19/2026,17:56:53,29.6,43.5
06/19/2026,18:01:53,29.5,43.9
06/19/2026,18:06:53,29.5,44.1
06/19/2026,18:11:53,29.4,44.1
06/19/2026,18:16:53,29.4,44.3
06/19/2026,18:21:53,29.3,43.4
06/19/2026,18:26:53,29.2,44.0
06/19/2026,18:31:53,29.1,43.8
06/19/2026,18:36:53,29.0,43.6
06/19/2026,18:41:53,29.0,44.2
06/19/2026,18:46:53,29.0,44.0
06/19/2026,18:51:53,29.0,43.9
06/19/2026,18:56:53,29.1,44.1
06/19/2026,19:01:53,29.2,43.3
06/19/2026,19:06:53,29.3,42.3
06/19/2026,19:11:53,29.7,41.9
06/19/2026,19:16:53,30.0,41.7
06/19/2026,19:21:53,30.1,41.7
06/19/2026,19:26:53,30.0,42.2
06/19/2026,19:31:53,29.9,42.4
06/19/2026,19:36:53,29.7,43.1
06/19/2026,19:41:53,29.5,43.8
06/19/2026,19:46:53,29.3,44.6
06/19/2026,19:51:53,29.1,45.5
06/19/2026,19:56:53,28.9,46.2
06/19/2026,20:01:53,28.7,47.1
06/19/2026,20:06:53,28.5,47.8
06/19/2026,20:11:53,28.2,48.6
06/19/2026,20:16:53,28.0,48.9
06/19/2026,20:21:53,27.9,49.6
06/19/2026,20:26:53,27.7,50.0
06/19/2026,20:31:53,27.5,50.4
06/19/2026,20:36:53,27.2,50.9
06/19/2026,20:41:53,27.0,51.7
06/19/2026,20:46:53,26.8,52.4
06/19/2026,20:51:53,26.6,52.7
06/19/2026,20:56:53,26.4,53.3
06/19/2026,21:01:53,26.3,53.7
06/19/2026,21:06:53,26.1,54.2
06/19/2026,21:11:53,25.9,54.8
06/19/2026,21:16:53,25.7,55.1
06/19/2026,21:21:53,25.6,55.8
06/19/2026,21:26:53,25.4,56.0
06/19/2026,21:31:53,25.3,56.6
06/19/2026,21:36:53,25.1,57.2
06/19/2026,21:41:53,24.9,57.4
06/19/2026,21:46:53,24.7,57.8
06/19/2026,21:51:53,24.6,58.4
06/19/2026,21:56:53,24.5,58.8
06/19/2026,22:01:53,24.3,59.2
06/19/2026,22:06:53,24.3,59.6
06/19/2026,22:11:53,24.2,60.2
06/19/2026,22:16:53,24.1,60.3
06/19/2026,22:21:53,23.9,60.9
06/19/2026,22:26:53,23.8,61.1
06/19/2026,22:31:53,23.7,61.4
06/19/2026,22:36:53,23.7,61.7
06/19/2026,22:41:53,23.6,61.9
06/19/2026,22:46:53,23.5,62.0
06/19/2026,22:51:53,23.4,62.4
06/19/2026,22:56:53,23.2,62.6
06/19/2026,23:01:53,23.1,62.9
06/19/2026,23:06:53,23.0,63.3
06/19/2026,23:11:53,22.9,63.7
06/19/2026,23:16:53,22.8,63.9
06/19/2026,23:21:53,22.6,64.2
06/19/2026,23:26:53,22.5,64.5
06/19/2026,23:31:53,22.4,64.9
06/19/2026,23:36:53,22.3,65.2
06/19/2026,23:41:53,22.2,65.5
06/19/2026,23:46:53,22.1,65.7
06/19/2026,23:51:53,22.0,66.0
06/19/2026,23:56:53,22.0,66.4
06/20/2026,00:01:53,21.8,66.7
06/20/2026,00:06:53,21.8,66.9
06/20/2026,00:11:53,21.7,67.2
06/20/2026,00:16:53,21.6,67.5
06/20/2026,00:21:53,21.5,67.8
06/20/2026,00:26:53,21.4,68.1
06/20/2026,00:31:53,21.4,68.3
06/20/2026,00:36:53,21.3,68.5
06/20/2026,00:41:53,21.2,68.8
06/20/2026,00:46:53,21.1,69.0
06/20/2026,00:51:53,21.1,69.2
06/20/2026,00:56:53,20.9,69.5
06/20/2026,01:01:53,20.8,69.8
06/20/2026,01:06:53,20.7,70.2
06/20/2026,01:11:53,20.7,70.3
06/20/2026,01:16:53,20.7,70.5
06/20/2026,01:21:53,20.6,70.8
06/20/2026,01:26:53,20.5,71.0
06/20/2026,01:31:53,20.5,71.1
06/20/2026,01:36:53,20.5,71.5
06/20/2026,01:41:53,20.3,71.8
06/20/2026,01:46:53,20.2,72.0
06/20/2026,01:51:53,20.2,72.3
06/20/2026,01:56:53,20.1,72.4
06/20/2026,02:01:53,20.1,72.6
06/20/2026,02:06:53,20.1,72.8
06/20/2026,02:11:53,20.0,72.8
06/20/2026,02:16:53,19.9,73.2
06/20/2026,02:21:53,19.9,73.4
06/20/2026,02:26:53,19.8,73.5
06/20/2026,02:31:53,19.8,73.7
06/20/2026,02:36:53,19.8,73.8
06/20/2026,02:41:53,19.7,74.0
06/20/2026,02:46:53,19.7,74.2
06/20/2026,02:51:53,19.6,74.3
06/20/2026,02:56:53,19.6,74.5
06/20/2026,03:01:53,19.5,74.7
06/20/2026,03:06:53,19.4,74.9
06/20/2026,03:11:53,19.4,75.2
06/20/2026,03:16:53,19.3,75.4
06/20/2026,03:21:53,19.3,75.5
06/20/2026,03:26:53,19.3,75.6
06/20/2026,03:31:53,19.3,75.7
06/20/2026,03:36:53,19.2,75.7
06/20/2026,03:41:53,19.2,75.9
06/20/2026,03:46:53,19.1,76.0
06/20/2026,03:51:53,19.1,76.1
06/20/2026,03:56:53,19.1,76.1
06/20/2026,04:01:53,19.2,76.2
06/20/2026,04:06:53,19.2,76.2
06/20/2026,04:11:53,19.2,76.2
06/20/2026,04:16:53,19.1,76.3
06/20/2026,04:21:53,19.1,76.5
06/20/2026,04:26:53,19.0,76.6
06/20/2026,04:31:53,19.0,76.7
06/20/2026,04:36:53,19.0,76.8
06/20/2026,04:41:53,18.9,77.1
06/20/2026,04:46:53,18.9,77.1
06/20/2026,04:51:53,18.8,77.2
06/20/2026,04:56:53,18.8,77.4
06/20/2026,05:01:53,18.7,77.4
06/20/2026,05:06:53,18.7,77.6
06/20/2026,05:11:53,18.6,77.8
06/20/2026,05:16:53,18.5,78.0
06/20/2026,05:21:53,18.5,78.0
06/20/2026,05:26:53,18.4,78.1
06/20/2026,05:31:53,18.3,78.3
06/20/2026,05:36:53,18.3,78.3
06/20/2026,05:41:53,18.3,78.3
06/20/2026,05:46:53,18.3,78.3
06/20/2026,05:51:53,18.3,78.4
06/20/2026,05:56:53,18.3,78.3
06/20/2026,06:01:53,18.4,78.4
06/20/2026,06:06:53,18.5,78.3
06/20/2026,06:11:53,18.6,78.3
06/20/2026,06:16:53,18.6,78.1
06/20/2026,06:21:53,18.6,78.0
06/20/2026,06:26:53,18.6,78.0
06/20/2026,06:31:53,18.7,78.1
06/20/2026,06:36:53,18.7,78.2
06/20/2026,06:41:53,18.8,78.1
06/20/2026,06:46:53,18.8,78.1
06/20/2026,06:51:53,18.8,78.0
06/20/2026,06:56:53,18.8,78.0
06/20/2026,07:01:53,18.8,78.1
06/20/2026,07:06:53,18.8,78.1
06/20/2026,07:11:53,18.9,78.0
06/20/2026,07:16:53,18.8,78.0
06/20/2026,07:21:53,18.9,78.1
06/20/2026,07:26:53,18.9,77.8
06/20/2026,07:31:53,19.0,77.7
06/20/2026,07:36:53,19.0,77.7
06/20/2026,07:41:53,19.1,77.7
06/20/2026,07:46:53,19.3,77.5
06/20/2026,07:51:53,19.4,77.4
06/20/2026,07:56:53,19.5,76.9
06/20/2026,08:01:53,19.5,76.8
06/20/2026,08:06:53,19.6,76.7
06/20/2026,08:11:53,19.7,76.4
06/20/2026,08:16:53,19.8,76.2
06/20/2026,08:21:53,20.0,76.3
06/20/2026,08:26:53,20.2,75.8
06/20/2026,08:31:53,20.3,75.5
06/20/2026,08:36:53,20.4,75.2
06/20/2026,08:41:53,20.6,75.0
06/20/2026,08:46:53,20.8,74.5
06/20/2026,08:51:53,20.9,74.4
06/20/2026,08:56:53,21.2,73.9
06/20/2026,09:01:53,21.5,73.7
06/20/2026,09:06:53,21.7,73.1
06/20/2026,09:11:53,21.7,72.8
06/20/2026,09:16:53,21.8,72.5
06/20/2026,09:21:53,21.9,72.1
06/20/2026,09:26:53,21.8,72.0
06/20/2026,09:31:53,21.8,72.2
06/20/2026,09:36:53,22.0,72.4
06/20/2026,09:41:53,22.2,71.8
06/20/2026,09:46:53,22.5,71.7
06/20/2026,09:51:53,22.7,70.9
06/20/2026,09:56:53,22.7,71.0
06/20/2026,10:01:53,22.6,70.7
06/20/2026,10:06:53,22.5,70.5
06/20/2026,10:11:53,22.5,70.7
06/20/2026,10:16:53,22.5,70.6
06/20/2026,10:21:53,22.5,70.7
06/20/2026,10:26:53,22.6,70.3
06/20/2026,10:31:53,22.6,70.1
06/20/2026,10:36:53,22.6,70.4
06/20/2026,10:41:53,22.6,70.3
06/20/2026,10:46:53,22.7,70.5
06/20/2026,10:51:53,22.9,70.2
06/20/2026,10:56:53,23.0,69.9
06/20/2026,11:01:53,23.1,69.4
06/20/2026,11:06:53,23.1,69.4
06/20/2026,11:11:53,23.3,69.3
06/20/2026,11:16:53,23.6,68.9
06/20/2026,11:21:53,23.9,68.4
06/20/2026,11:26:53,23.8,68.0
06/20/2026,11:31:53,23.8,67.7
06/20/2026,11:36:53,23.9,67.8
06/20/2026,11:41:53,23.9,67.8
06/20/2026,11:46:53,23.9,67.5
06/20/2026,11:51:53,23.7,67.7
06/20/2026,11:56:53,23.6,68.0
06/20/2026,12:01:53,23.6,68.1
06/20/2026,12:06:53,24.0,68.9
06/20/2026,12:11:53,24.5,68.0
06/20/2026,12:16:53,24.8,66.6
06/20/2026,12:21:53,24.9,66.6
06/20/2026,12:26:53,25.0,65.9
06/20/2026,12:31:53,25.0,65.3
06/20/2026,12:36:53,25.0,65.4
06/20/2026,12:41:53,24.9,65.3
06/20/2026,12:46:53,24.8,65.4
06/20/2026,12:51:53,24.7,65.5
06/20/2026,12:56:53,24.8,65.5
06/20/2026,13:01:53,25.0,65.4
06/20/2026,13:06:53,24.8,64.6
06/20/2026,13:11:53,24.6,65.2
06/20/2026,13:16:53,24.6,65.5
06/20/2026,13:21:53,24.5,65.8
06/20/2026,13:26:53,24.5,65.7
06/20/2026,13:31:53,24.5,66.8
06/20/2026,13:36:53,24.5,66.7
06/20/2026,13:41:53,24.3,67.3
06/20/2026,13:46:53,24.2,67.7
06/20/2026,13:51:53,24.4,68.0
06/20/2026,13:56:53,24.5,67.9
06/20/2026,14:01:53,24.7,67.1
06/20/2026,14:06:53,25.0,66.3
06/20/2026,14:11:53,25.0,66.0
06/20/2026,14:16:53,25.0,65.7
06/20/2026,14:21:53,25.3,66.0
06/20/2026,14:26:53,25.7,66.3
06/20/2026,14:31:53,26.2,65.1
06/20/2026,14:36:53,26.5,63.5
06/20/2026,14:41:53,26.7,63.2
06/20/2026,14:46:53,26.9,62.9
06/20/2026,14:51:53,27.2,62.1
06/20/2026,14:56:53,27.2,61.5
06/20/2026,15:01:53,27.5,61.7
06/20/2026,15:06:53,27.7,60.5
06/20/2026,15:11:53,27.7,60.1
06/20/2026,15:16:53,27.6,59.6
06/20/2026,15:21:53,27.4,59.4
06/20/2026,15:26:53,27.4,59.4
06/20/2026,15:31:53,27.3,59.3
06/20/2026,15:36:53,27.1,59.2
06/20/2026,15:41:53,27.0,60.3
06/20/2026,15:46:53,26.8,59.8
06/20/2026,15:51:53,26.3,60.2
06/20/2026,15:56:53,25.8,61.5
06/20/2026,16:01:53,25.4,62.1
06/20/2026,16:06:53,25.1,62.2
06/20/2026,16:11:53,24.9,62.5
06/20/2026,16:16:53,25.0,62.9
06/20/2026,16:21:53,25.0,62.9
06/20/2026,16:26:53,25.0,62.7
06/20/2026,16:31:53,24.9,63.0
06/20/2026,16:36:53,24.8,62.9
06/20/2026,16:41:53,24.7,63.1
06/20/2026,16:46:53,24.8,63.8
06/20/2026,16:51:53,24.9,63.5
06/20/2026,16:56:53,25.0,63.3
06/20/2026,17:01:53,25.1,63.2
06/20/2026,17:06:53,25.1,63.0
06/20/2026,17:11:53,25.2,63.9
06/20/2026,17:16:53,25.3,63.0
06/20/2026,17:21:53,25.2,62.7
06/20/2026,17:26:53,25.2,63.5
06/20/2026,17:31:53,25.2,62.8
06/20/2026,17:36:53,25.0,62.6
06/20/2026,17:41:53,25.0,62.8
06/20/2026,17:46:53,25.0,62.4
06/20/2026,17:51:53,25.0,62.6
06/20/2026,17:56:53,25.0,62.8
06/20/2026,18:01:53,24.9,62.9
06/20/2026,18:06:53,24.8,63.0
06/20/2026,18:11:53,24.7,62.8
06/20/2026,18:16:53,24.6,62.6
06/20/2026,18:21:53,24.5,62.5
06/20/2026,18:26:53,24.5,62.5
06/20/2026,18:31:53,24.5,62.7
06/20/2026,18:36:53,24.4,62.5
06/20/2026,18:41:53,24.4,62.3
06/20/2026,18:46:53,24.4,62.5
06/20/2026,18:51:53,24.3,62.5
06/20/2026,18:56:53,24.3,62.5
06/20/2026,19:01:53,24.3,62.6
06/20/2026,19:06:53,24.3,62.8
06/20/2026,19:11:53,24.3,62.4
06/20/2026,19:16:53,24.2,63.0
06/20/2026,19:21:53,24.2,63.0
06/20/2026,19:26:53,24.2,63.3
06/20/2026,19:31:53,24.1,63.5
06/20/2026,19:36:53,24.1,63.6
06/20/2026,19:41:53,24.1,63.7
06/20/2026,19:46:53,24.1,64.2
06/20/2026,19:51:53,24.1,63.6
06/20/2026,19:56:53,24.1,63.4
06/20/2026,20:01:53,24.1,64.4
06/20/2026,20:06:53,24.0,64.9
06/20/2026,20:11:53,24.0,65.3
06/20/2026,20:16:53,23.9,65.5
06/20/2026,20:21:53,23.8,65.8
06/20/2026,20:26:53,23.8,65.9
06/20/2026,20:31:53,23.7,66.7
06/20/2026,20:36:53,23.5,67.1
06/20/2026,20:41:53,23.5,67.5
06/20/2026,20:46:53,23.3,67.9
06/20/2026,20:51:53,23.2,68.4
06/20/2026,20:56:53,23.1,68.6
06/20/2026,21:01:53,23.1,69.0
06/20/2026,21:06:53,23.0,69.4
06/20/2026,21:11:53,23.0,69.7
06/20/2026,21:16:53,22.9,70.0
06/20/2026,21:21:53,22.9,70.3
06/20/2026,21:26:53,22.9,70.9
06/20/2026,21:31:53,22.8,70.2
06/20/2026,21:36:53,22.8,70.2
06/20/2026,21:41:53,22.7,71.0
06/20/2026,21:46:53,22.7,71.3
06/20/2026,21:51:53,22.7,71.0
06/20/2026,21:56:53,22.6,71.2
06/20/2026,22:01:53,22.6,71.3
06/20/2026,22:06:53,22.5,71.3
06/20/2026,22:11:53,22.5,71.6
06/20/2026,22:16:53,22.5,71.7
06/20/2026,22:21:53,22.5,71.7
06/20/2026,22:26:53,22.4,72.2
06/20/2026,22:31:53,22.4,72.5
06/20/2026,22:36:53,22.4,72.5
06/20/2026,22:41:53,22.4,72.7
06/20/2026,22:46:53,22.4,72.8
06/20/2026,22:51:53,22.3,73.3
06/20/2026,22:56:53,22.3,73.5
06/20/2026,23:01:53,22.3,73.3
06/20/2026,23:06:53,22.3,73.7
06/20/2026,23:11:53,22.3,73.9
06/20/2026,23:16:53,22.2,74.1
06/20/2026,23:21:53,22.2,74.5
06/20/2026,23:26:53,22.1,74.3
06/20/2026,23:31:53,22.1,74.4
06/20/2026,23:36:53,22.1,74.4
06/20/2026,23:41:53,21.9,74.5
06/20/2026,23:46:53,21.9,74.8
06/20/2026,23:51:53,21.8,75.1
06/20/2026,23:56:53,21.8,75.3
06/21/2026,00:01:53,21.8,75.5
06/21/2026,00:06:53,21.8,75.5
06/21/2026,00:11:53,21.8,75.6
06/21/2026,00:16:53,21.8,75.7
06/21/2026,00:21:53,21.7,75.5
06/21/2026,00:26:53,21.7,75.6
06/21/2026,00:31:53,21.6,75.5
06/21/2026,00:36:53,21.6,75.7
06/21/2026,00:41:53,21.5,75.8
06/21/2026,00:46:53,21.5,75.7
06/21/2026,00:51:53,21.3,75.7
06/21/2026,00:56:53,21.3,75.8
06/21/2026,01:01:53,21.1,75.7
06/21/2026,01:06:53,21.0,75.8
06/21/2026,01:11:53,21.0,76.0
06/21/2026,01:16:53,20.9,76.1
06/21/2026,01:21:53,20.8,76.3
06/21/2026,01:26:53,20.7,76.5
06/21/2026,01:31:53,20.6,76.6
06/21/2026,01:36:53,20.5,76.8
06/21/2026,01:41:53,20.4,76.9
06/21/2026,01:46:53,20.3,77.3
06/21/2026,01:51:53,20.3,77.4
06/21/2026,01:56:53,20.2,77.6
06/21/2026,02:01:53,20.1,77.5
06/21/2026,02:06:53,20.0,77.8
06/21/2026,02:11:53,19.9,78.0
06/21/2026,02:16:53,19.8,78.2
06/21/2026,02:21:53,19.8,78.3
06/21/2026,02:26:53,19.7,78.5
06/21/2026,02:31:53,19.7,78.4
06/21/2026,02:36:53,19.6,78.7
06/21/2026,02:41:53,19.6,78.8
06/21/2026,02:46:53,19.5,78.9
06/21/2026,02:51:53,19.5,79.1
06/21/2026,02:56:53,19.4,79.4
06/21/2026,03:01:53,19.4,79.5
06/21/2026,03:06:53,19.3,79.4
06/21/2026,03:11:53,19.3,79.6
06/21/2026,03:16:53,19.2,79.7
06/21/2026,03:21:53,19.1,79.7
06/21/2026,03:26:53,19.1,79.9
06/21/2026,03:31:53,19.1,80.0
06/21/2026,03:36:53,19.0,80.3
06/21/2026,03:41:53,19.0,80.2
06/21/2026,03:46:53,19.0,80.5
06/21/2026,03:51:53,19.0,80.4
06/21/2026,03:56:53,18.9,80.5
06/21/2026,04:01:53,18.9,80.4
06/21/2026,04:06:53,18.9,80.3
06/21/2026,04:11:53,18.9,80.7
06/21/2026,04:16:53,18.9,80.5
06/21/2026,04:21:53,18.8,80.6
06/21/2026,04:26:53,18.8,80.2
06/21/2026,04:31:53,18.8,80.2
06/21/2026,04:36:53,18.7,80.7
06/21/2026,04:41:53,18.7,80.9
06/21/2026,04:46:53,18.6,81.1
06/21/2026,04:51:53,18.6,81.0
06/21/2026,04:56:53,18.5,80.7
06/21/2026,05:01:53,18.5,81.3
06/21/2026,05:06:53,18.4,81.1
06/21/2026,05:11:53,18.4,81.4
06/21/2026,05:16:53,18.4,81.1
06/21/2026,05:21:53,18.3,80.5
06/21/2026,05:26:53,18.3,81.0
06/21/2026,05:31:53,18.3,80.5
06/21/2026,05:36:53,18.2,76.1
06/21/2026,05:41:53,18.2,78.7
06/21/2026,05:46:53,18.2,76.3
06/21/2026,05:51:53,18.2,79.7
06/21/2026,05:56:53,18.3,81.0
06/21/2026,06:01:53,18.3,81.4
06/21/2026,06:06:53,18.3,79.9
06/21/2026,06:11:53,18.2,77.7
06/21/2026,06:16:53,18.2,74.8
06/21/2026,06:21:53,18.2,78.5
06/21/2026,06:26:53,18.1,73.9
06/21/2026,06:31:53,18.2,77.2
06/21/2026,06:36:53,18.2,74.5
06/21/2026,06:41:53,18.3,76.8
06/21/2026,06:46:53,18.3,77.7
06/21/2026,06:51:53,18.4,78.0
06/21/2026,06:56:53,18.5,79.4
06/21/2026,07:01:53,18.6,77.9
06/21/2026,07:06:53,18.7,79.6
06/21/2026,07:11:53,18.8,80.2
06/21/2026,07:16:53,18.8,79.8
06/21/2026,07:21:53,19.0,79.2
06/21/2026,07:26:53,19.0,78.5
06/21/2026,07:31:53,19.1,79.3
06/21/2026,07:36:53,19.2,78.1
06/21/2026,07:41:53,19.3,79.7
06/21/2026,07:46:53,19.4,77.0
06/21/2026,07:51:53,19.4,76.5
06/21/2026,07:56:53,19.6,77.5
06/21/2026,08:01:53,19.7,76.7
06/21/2026,08:06:53,19.8,78.3
06/21/2026,08:11:53,19.9,77.2
06/21/2026,08:16:53,20.0,75.4
06/21/2026,08:21:53,20.2,76.6
06/21/2026,08:26:53,20.3,75.8
06/21/2026,08:31:53,20.5,76.2
06/21/2026,08:36:53,20.7,76.8
06/21/2026,08:41:53,20.8,76.5
06/21/2026,08:46:53,21.0,76.6
06/21/2026,08:51:53,21.2,76.4
06/21/2026,08:56:53,21.5,76.2
06/21/2026,09:01:53,21.7,75.8
06/21/2026,09:06:53,21.9,75.8
06/21/2026,09:11:53,22.2,75.2
06/21/2026,09:16:53,22.4,74.9
06/21/2026,09:21:53,22.7,74.6
06/21/2026,09:26:53,22.9,74.2
06/21/2026,09:31:53,23.1,74.0
06/21/2026,09:36:53,23.3,73.3
06/21/2026,09:41:53,23.3,72.2
06/21/2026,09:46:53,23.5,72.8
06/21/2026,09:51:53,23.6,72.4
06/21/2026,09:56:53,23.8,72.1
06/21/2026,10:01:53,24.0,71.4
06/21/2026,10:06:53,24.1,70.7
06/21/2026,10:11:53,24.1,71.1
06/21/2026,10:16:53,24.3,71.1
06/21/2026,10:21:53,24.5,71.4
06/21/2026,10:26:53,24.7,71.3
06/21/2026,10:31:53,24.9,70.4
06/21/2026,10:36:53,25.1,69.5
06/21/2026,10:41:53,25.3,69.1
06/21/2026,10:46:53,25.1,68.6
06/21/2026,10:51:53,25.0,69.2
06/21/2026,10:56:53,25.1,68.9
06/21/2026,11:01:53,25.0,68.8
06/21/2026,11:06:53,25.0,68.7
06/21/2026,11:11:53,25.0,68.5
06/21/2026,11:16:53,25.0,68.0
06/21/2026,11:21:53,24.9,69.4
06/21/2026,11:26:53,25.0,68.4
06/21/2026,11:31:53,25.4,68.1
06/21/2026,11:36:53,25.5,67.2
06/21/2026,11:41:53,25.5,67.2
06/21/2026,11:46:53,25.7,67.7
06/21/2026,11:51:53,26.0,67.2
06/21/2026,11:56:53,26.2,67.1
06/21/2026,12:01:53,26.4,66.2
06/21/2026,12:06:53,26.6,65.4
06/21/2026,12:11:53,26.5,65.9
06/21/2026,12:16:53,26.5,65.2
06/21/2026,12:21:53,26.4,64.9
06/21/2026,12:26:53,26.6,64.9
06/21/2026,12:31:53,26.4,64.5
06/21/2026,12:36:53,26.6,64.8
06/21/2026,12:41:53,26.9,64.4
06/21/2026,12:46:53,27.2,64.5
06/21/2026,12:51:53,27.3,64.0
06/21/2026,12:56:53,27.5,62.3
06/21/2026,13:01:53,27.6,62.0
06/21/2026,13:06:53,27.8,61.4
06/21/2026,13:11:53,27.9,60.6
06/21/2026,13:16:53,28.0,60.6
06/21/2026,13:21:53,28.3,60.9
06/21/2026,13:26:53,28.6,60.0
06/21/2026,13:31:53,28.7,60.8
06/21/2026,13:36:53,28.7,59.5
06/21/2026,13:41:53,28.4,59.5
06/21/2026,13:46:53,28.0,59.4
06/21/2026,13:51:53,27.5,60.2
06/21/2026,13:56:53,27.4,59.9
06/21/2026,14:01:53,27.6,60.2
06/21/2026,14:06:53,27.8,60.0
06/21/2026,14:11:53,28.0,60.1
06/21/2026,14:16:53,28.2,60.0
06/21/2026,14:21:53,28.6,59.2
06/21/2026,14:26:53,29.0,58.4
06/21/2026,14:31:53,29.0,57.9
06/21/2026,14:36:53,28.6,58.1
06/21/2026,14:41:53,28.5,57.9
06/21/2026,14:46:53,28.3,58.3
06/21/2026,14:51:53,28.1,58.4
06/21/2026,14:56:53,27.9,58.0
06/21/2026,15:01:53,27.8,59.1
06/21/2026,15:06:53,27.8,58.4
06/21/2026,15:11:53,27.8,58.1
06/21/2026,15:16:53,27.8,57.9
06/21/2026,15:21:53,27.9,57.7
06/21/2026,15:26:53,28.1,57.8
06/21/2026,15:31:53,28.3,57.3
06/21/2026,15:36:53,28.6,55.9
06/21/2026,15:41:53,29.2,55.9
06/21/2026,15:46:53,29.6,55.1
06/21/2026,15:51:53,30.0,54.3
06/21/2026,15:56:53,30.1,53.9
06/21/2026,16:01:53,29.6,53.8
06/21/2026,16:06:53,28.9,54.5
06/21/2026,16:11:53,28.6,55.5
06/21/2026,16:16:53,28.5,55.9
06/21/2026,16:21:53,28.4,56.0
06/21/2026,16:26:53,28.2,56.6
06/21/2026,16:31:53,28.1,57.1
06/21/2026,16:36:53,28.0,57.4
06/21/2026,16:41:53,28.0,57.1
06/21/2026,16:46:53,27.9,57.1
06/21/2026,16:51:53,27.9,57.4
06/21/2026,16:56:53,28.0,57.1
06/21/2026,17:01:53,28.1,57.0
06/21/2026,17:06:53,28.1,57.2
06/21/2026,17:11:53,27.9,57.6
06/21/2026,17:16:53,27.9,58.1
06/21/2026,17:21:53,27.8,57.9
06/21/2026,17:26:53,27.7,57.9
06/21/2026,17:31:53,27.7,58.1
06/21/2026,17:36:53,27.6,59.4
06/21/2026,17:41:53,27.4,58.9
06/21/2026,17:46:53,27.1,59.5
06/21/2026,17:51:53,26.9,60.0
06/21/2026,17:56:53,26.8,60.3
06/21/2026,18:01:53,26.6,60.7
06/21/2026,18:06:53,26.5,60.8
06/21/2026,18:11:53,26.5,61.0
06/21/2026,18:16:53,26.4,61.0
06/21/2026,18:21:53,26.3,61.4
06/21/2026,18:26:53,26.3,61.4
06/21/2026,18:31:53,26.4,61.3
06/21/2026,18:36:53,26.5,61.0
06/21/2026,18:41:53,26.4,61.2
06/21/2026,18:46:53,26.4,61.2
06/21/2026,18:51:53,26.3,61.1
06/21/2026,18:56:53,26.2,61.4
06/21/2026,19:01:53,26.1,61.3
06/21/2026,19:06:53,26.1,61.8
06/21/2026,19:11:53,26.1,61.6
06/21/2026,19:16:53,26.2,61.6
06/21/2026,19:21:53,26.1,61.5
06/21/2026,19:26:53,26.1,61.6
06/21/2026,19:31:53,26.0,61.7
06/21/2026,19:36:53,26.0,61.9
06/21/2026,19:41:53,25.9,62.1
06/21/2026,19:46:53,25.8,62.2
06/21/2026,19:51:53,25.8,62.5
06/21/2026,19:56:53,25.8,62.6
06/21/2026,20:01:53,25.8,62.6
06/21/2026,20:06:53,25.7,62.7
06/21/2026,20:11:53,25.6,63.0
06/21/2026,20:16:53,25.6,63.2
06/21/2026,20:21:53,25.4,63.3
06/21/2026,20:26:53,25.3,63.8
06/21/2026,20:31:53,25.1,64.0
06/21/2026,20:36:53,25.0,64.1
06/21/2026,20:41:53,24.8,63.9
06/21/2026,20:46:53,24.6,64.0
06/21/2026,20:51:53,24.5,64.2
06/21/2026,20:56:53,24.3,64.6
06/21/2026,21:01:53,24.2,65.1
06/21/2026,21:06:53,24.2,65.4
06/21/2026,21:11:53,24.1,65.7
06/21/2026,21:16:53,23.9,65.8
06/21/2026,21:21:53,23.8,66.1
06/21/2026,21:26:53,23.7,66.3
06/21/2026,21:31:53,23.6,66.7
06/21/2026,21:36:53,23.5,67.0
06/21/2026,21:41:53,23.4,67.0
06/21/2026,21:46:53,23.2,67.0
06/21/2026,21:51:53,23.1,67.4
06/21/2026,21:56:53,22.9,67.6
06/21/2026,22:01:53,22.8,67.8
06/21/2026,22:06:53,22.6,68.1
06/21/2026,22:11:53,22.5,68.5
06/21/2026,22:16:53,22.4,68.8
06/21/2026,22:21:53,22.2,69.2
06/21/2026,22:26:53,22.1,69.6
06/21/2026,22:31:53,22.0,69.8
06/21/2026,22:36:53,21.9,70.0
06/21/2026,22:41:53,21.8,70.1
06/21/2026,22:46:53,21.6,70.4
06/21/2026,22:51:53,21.5,70.7
06/21/2026,22:56:53,21.5,70.9
06/21/2026,23:01:53,21.4,71.0
06/21/2026,23:06:53,21.4,71.1
06/21/2026,23:11:53,21.3,71.4
06/21/2026,23:16:53,21.2,71.6
06/21/2026,23:21:53,21.1,71.8
06/21/2026,23:26:53,21.0,72.1
06/21/2026,23:31:53,20.9,72.2
06/21/2026,23:36:53,20.8,72.4
06/21/2026,23:41:53,20.7,72.4
06/21/2026,23:46:53,20.6,72.5
06/21/2026,23:51:53,20.5,72.6
06/21/2026,23:56:53,20.4,72.7
06/22/2026,00:01:53,20.3,72.7
06/22/2026,00:06:53,20.2,72.8
06/22/2026,00:11:53,20.1,72.9
06/22/2026,00:16:53,20.0,73.2
06/22/2026,00:21:53,20.0,73.4
06/22/2026,00:26:53,19.9,73.7
06/22/2026,00:31:53,19.8,73.7
06/22/2026,00:36:53,19.7,73.8
06/22/2026,00:41:53,19.7,73.8
06/22/2026,00:46:53,19.5,73.7
06/22/2026,00:51:53,19.4,73.7
06/22/2026,00:56:53,19.2,73.8
06/22/2026,01:01:53,19.2,74.1
06/22/2026,01:06:53,19.2,74.0
06/22/2026,01:11:53,19.1,74.0
06/22/2026,01:16:53,19.0,73.9
06/22/2026,01:21:53,18.9,73.9
06/22/2026,01:26:53,18.8,74.1
06/22/2026,01:31:53,18.7,74.1
06/22/2026,01:36:53,18.7,74.2
06/22/2026,01:41:53,18.6,74.3
06/22/2026,01:46:53,18.5,74.3
06/22/2026,01:51:53,18.4,74.5
06/22/2026,01:56:53,18.3,74.4
06/22/2026,02:01:53,18.3,74.4
06/22/2026,02:06:53,18.2,74.3
06/22/2026,02:11:53,18.1,74.5
06/22/2026,02:16:53,18.1,74.4
06/22/2026,02:21:53,18.0,74.4
06/22/2026,02:26:53,17.9,74.5
06/22/2026,02:31:53,17.9,74.6
06/22/2026,02:36:53,17.8,74.6
06/22/2026,02:41:53,17.8,74.5
06/22/2026,02:46:53,17.7,74.7
06/22/2026,02:51:53,17.7,74.7
06/22/2026,02:56:53,17.6,74.8
06/22/2026,03:01:53,17.5,74.9
06/22/2026,03:06:53,17.5,74.8
06/22/2026,03:11:53,17.5,75.0
06/22/2026,03:16:53,17.4,75.0
06/22/2026,03:21:53,17.3,75.0
06/22/2026,03:26:53,17.2,75.1
06/22/2026,03:31:53,17.2,75.2
06/22/2026,03:36:53,17.1,75.2
06/22/2026,03:41:53,17.1,75.3
06/22/2026,03:46:53,17.0,75.4
06/22/2026,03:51:53,17.0,75.6
06/22/2026,03:56:53,17.0,75.6
06/22/2026,04:01:53,16.9,75.7
06/22/2026,04:06:53,16.9,75.6
06/22/2026,04:11:53,16.8,75.7
06/22/2026,04:16:53,16.8,76.0
06/22/2026,04:21:53,16.7,76.0
06/22/2026,04:26:53,16.6,76.1
06/22/2026,04:31:53,16.6,76.2
06/22/2026,04:36:53,16.5,76.3
06/22/2026,04:41:53,16.5,76.3
06/22/2026,04:46:53,16.5,76.5
06/22/2026,04:51:53,16.4,76.6
06/22/2026,04:56:53,16.4,76.7
06/22/2026,05:01:53,16.3,76.7
06/22/2026,05:06:53,16.3,76.9
06/22/2026,05:11:53,16.2,77.0
06/22/2026,05:16:53,16.2,77.0
06/22/2026,05:21:53,16.3,77.0
06/22/2026,05:26:53,16.2,77.1
06/22/2026,05:31:53,16.2,77.3
06/22/2026,05:36:53,16.3,77.4
06/22/2026,05:41:53,16.2,77.3
06/22/2026,05:46:53,16.3,77.6
06/22/2026,05:51:53,16.3,77.2
06/22/2026,05:56:53,16.3,77.3
06/22/2026,06:01:53,16.4,77.4
06/22/2026,06:06:53,16.4,77.1
06/22/2026,06:11:53,16.5,76.3
06/22/2026,06:16:53,16.5,76.3
06/22/2026,06:21:53,16.5,76.6
06/22/2026,06:26:53,16.6,76.1
06/22/2026,06:31:53,16.6,76.2
06/22/2026,06:36:53,16.7,75.4
06/22/2026,06:41:53,16.7,76.2
06/22/2026,06:46:53,16.8,75.9
06/22/2026,06:51:53,16.8,74.6
06/22/2026,06:56:53,16.9,75.1
06/22/2026,07:01:53,17.0,75.4
06/22/2026,07:06:53,17.0,73.0
06/22/2026,07:11:53,17.1,74.9
06/22/2026,07:16:53,17.2,75.1
06/22/2026,07:21:53,17.3,74.2
06/22/2026,07:26:53,17.4,73.4
06/22/2026,07:31:53,17.5,73.1
06/22/2026,07:36:53,17.6,73.6
06/22/2026,07:41:53,17.7,73.0
06/22/2026,07:46:53,17.9,72.8
06/22/2026,07:51:53,18.0,73.2
06/22/2026,07:56:53,18.2,72.2
06/22/2026,08:01:53,18.3,72.8
06/22/2026,08:06:53,18.4,72.6
06/22/2026,08:11:53,18.6,71.9
06/22/2026,08:16:53,18.7,72.2
06/22/2026,08:21:53,18.8,72.2
06/22/2026,08:26:53,19.0,72.6
06/22/2026,08:31:53,19.2,72.6
06/22/2026,08:36:53,19.4,72.4
06/22/2026,08:41:53,19.6,72.1
06/22/2026,08:46:53,19.8,71.9
06/22/2026,08:51:53,20.1,71.7
06/22/2026,08:56:53,20.4,71.6
06/22/2026,09:01:53,20.6,71.4
06/22/2026,09:06:53,20.8,71.4
06/22/2026,09:11:53,21.1,71.0
06/22/2026,09:16:53,21.4,70.7
06/22/2026,09:21:53,21.6,70.3
06/22/2026,09:26:53,21.9,70.2
06/22/2026,09:31:53,22.1,70.1
06/22/2026,09:36:53,22.4,69.4
06/22/2026,09:41:53,22.7,69.0
06/22/2026,09:46:53,23.0,68.6
06/22/2026,09:51:53,23.2,68.5
06/22/2026,09:56:53,23.4,68.1
06/22/2026,10:01:53,23.7,67.1
06/22/2026,10:06:53,23.9,67.4
06/22/2026,10:11:53,24.1,66.9
06/22/2026,10:16:53,24.4,66.8
06/22/2026,10:21:53,24.5,65.7
06/22/2026,10:26:53,24.6,65.2
06/22/2026,10:31:53,24.7,64.7
06/22/2026,10:36:53,24.8,64.6
06/22/2026,10:41:53,25.0,64.0
06/22/2026,10:46:53,25.2,63.3
06/22/2026,10:51:53,25.4,63.2
06/22/2026,10:56:53,25.6,62.6
06/22/2026,11:01:53,25.8,62.1
06/22/2026,11:06:53,26.0,61.2
06/22/2026,11:11:53,26.3,61.2
06/22/2026,11:16:53,26.5,60.7
06/22/2026,11:21:53,26.8,60.0
06/22/2026,11:26:53,26.8,59.0
06/22/2026,11:31:53,26.8,58.7
06/22/2026,11:36:53,26.9,58.5
06/22/2026,11:41:53,27.0,57.8
06/22/2026,11:46:53,27.0,57.5
06/22/2026,11:51:53,27.1,58.1
06/22/2026,11:56:53,27.2,57.5
06/22/2026,12:01:53,27.3,56.8
06/22/2026,12:06:53,27.4,56.3
06/22/2026,12:11:53,27.6,55.8
06/22/2026,12:16:53,27.8,55.8
06/22/2026,12:21:53,28.1,55.1
06/22/2026,12:26:53,28.2,55.4
06/22/2026,12:31:53,28.4,54.1
06/22/2026,12:36:53,28.4,53.8
06/22/2026,12:41:53,28.5,53.7
06/22/2026,12:46:53,28.8,54.0
06/22/2026,12:51:53,29.2,53.0
06/22/2026,12:56:53,29.2,52.4
06/22/2026,13:01:53,29.2,52.5
06/22/2026,13:06:53,29.4,52.1
06/22/2026,13:11:53,29.6,51.3
06/22/2026,13:16:53,29.5,51.9
06/22/2026,13:21:53,29.7,50.4
06/22/2026,13:26:53,29.7,50.5
06/22/2026,13:31:53,29.8,50.3
06/22/2026,13:36:53,29.9,49.2
06/22/2026,13:41:53,29.9,50.0
06/22/2026,13:46:53,29.9,49.6
06/22/2026,13:51:53,30.1,49.3
06/22/2026,13:56:53,30.1,48.6
06/22/2026,14:01:53,30.1,48.9
06/22/2026,14:06:53,30.5,48.8
06/22/2026,14:11:53,30.6,49.0
06/22/2026,14:16:53,30.8,48.3
06/22/2026,14:21:53,30.8,48.1
06/22/2026,14:26:53,31.1,48.5
06/22/2026,14:31:53,31.1,47.3
06/22/2026,14:36:53,31.2,47.2
06/22/2026,14:41:53,30.8,47.2
06/22/2026,14:46:53,30.9,47.4
06/22/2026,14:51:53,31.1,46.8
06/22/2026,14:56:53,31.2,46.4
06/22/2026,15:01:53,31.3,46.5
06/22/2026,15:06:53,31.2,46.1
06/22/2026,15:11:53,31.3,46.6
06/22/2026,15:16:53,31.3,46.3
06/22/2026,15:21:53,31.4,46.0
06/22/2026,15:26:53,31.5,46.3
06/22/2026,15:31:53,31.5,45.7
06/22/2026,15:36:53,31.5,46.3
06/22/2026,15:41:53,31.5,45.8
06/22/2026,15:46:53,31.4,46.0
06/22/2026,15:51:53,31.5,45.9
06/22/2026,15:56:53,31.7,45.9
06/22/2026,16:01:53,31.6,45.1
06/22/2026,16:06:53,31.4,45.0
06/22/2026,16:11:53,31.3,45.7
06/22/2026,16:16:53,31.2,45.3
06/22/2026,16:21:53,31.1,45.4
06/22/2026,16:26:53,30.9,45.5
06/22/2026,16:31:53,30.8,45.7
06/22/2026,16:36:53,30.9,45.4
06/22/2026,16:41:53,30.9,45.4
06/22/2026,16:46:53,30.6,45.4
06/22/2026,16:51:53,30.2,45.6
06/22/2026,16:56:53,29.8,46.2
06/22/2026,17:01:53,29.5,46.5
06/22/2026,17:06:53,29.3,47.0
06/22/2026,17:11:53,29.0,47.1
06/22/2026,17:16:53,28.8,47.3
06/22/2026,17:21:53,28.6,48.0
06/22/2026,17:26:53,28.4,48.3
06/22/2026,17:31:53,28.4,48.3
06/22/2026,17:36:53,28.2,48.3
06/22/2026,17:41:53,28.1,48.7
06/22/2026,17:46:53,28.0,48.8
06/22/2026,17:51:53,27.9,48.8
06/22/2026,17:56:53,27.7,48.9
06/22/2026,18:01:53,27.5,49.2
06/22/2026,18:06:53,27.4,49.5
06/22/2026,18:11:53,27.3,50.0
06/22/2026,18:16:53,27.3,49.9
06/22/2026,18:21:53,27.4,50.2
06/22/2026,18:26:53,27.3,49.5
06/22/2026,18:31:53,27.1,49.8
06/22/2026,18:36:53,27.1,50.1
06/22/2026,18:41:53,27.0,49.8
06/22/2026,18:46:53,26.9,50.0
06/22/2026,18:51:53,26.8,49.8
06/22/2026,18:56:53,26.5,50.0
06/22/2026,19:01:53,26.3,50.4
06/22/2026,19:06:53,26.2,50.5
06/22/2026,19:11:53,25.9,50.6
06/22/2026,19:16:53,25.8,51.0
06/22/2026,19:21:53,25.7,51.5
06/22/2026,19:26:53,25.6,51.3
06/22/2026,19:31:53,25.5,51.4
06/22/2026,19:36:53,25.3,51.9
06/22/2026,19:41:53,25.3,51.8
06/22/2026,19:46:53,25.2,52.4
06/22/2026,19:51:53,25.1,51.8
06/22/2026,19:56:53,24.9,51.8
06/22/2026,20:01:53,24.8,52.0
06/22/2026,20:06:53,24.7,52.0
06/22/2026,20:11:53,24.5,52.4
06/22/2026,20:16:53,24.4,52.8
06/22/2026,20:21:53,24.2,52.7
06/22/2026,20:26:53,24.1,53.1
06/22/2026,20:31:53,23.9,53.0
06/22/2026,20:36:53,23.8,53.2
06/22/2026,20:41:53,23.8,53.9
06/22/2026,20:46:53,23.7,53.2
06/22/2026,20:51:53,23.6,53.6
06/22/2026,20:56:53,23.4,53.6
06/22/2026,21:01:53,23.4,54.3
06/22/2026,21:06:53,23.3,56.3
06/22/2026,21:11:53,23.1,56.9
06/22/2026,21:16:53,22.9,57.6
06/22/2026,21:21:53,22.8,59.0
06/22/2026,21:26:53,22.5,60.5
06/22/2026,21:31:53,22.3,61.7
06/22/2026,21:36:53,22.1,64.0
06/22/2026,21:41:53,21.8,64.7
06/22/2026,21:46:53,21.6,65.8
06/22/2026,21:51:53,21.3,66.2
06/22/2026,21:56:53,21.0,66.1
06/22/2026,22:01:53,20.7,66.1
06/22/2026,22:06:53,20.4,66.7
06/22/2026,22:11:53,20.2,67.1
06/22/2026,22:16:53,20.0,67.0
06/22/2026,22:21:53,19.8,67.4
06/22/2026,22:26:53,19.6,67.3
06/22/2026,22:31:53,19.5,67.1
06/22/2026,22:36:53,19.4,67.1
06/22/2026,22:41:53,19.3,67.5
06/22/2026,22:46:53,19.2,67.6
06/22/2026,22:51:53,19.1,68.1
06/22/2026,22:56:53,19.1,68.3
06/22/2026,23:01:53,19.0,68.1
06/22/2026,23:06:53,19.0,68.3
06/22/2026,23:11:53,18.9,68.2
06/22/2026,23:16:53,18.8,68.3
06/22/2026,23:21:53,18.8,68.5
06/22/2026,23:26:53,18.7,68.9
06/22/2026,23:31:53,18.7,68.7
06/22/2026,23:36:53,18.7,69.1
06/22/2026,23:41:53,18.6,69.2
06/22/2026,23:46:53,18.6,69.4
06/22/2026,23:51:53,18.6,69.4
06/22/2026,23:56:53,18.5,69.8
06/23/2026,00:01:53,18.5,70.2
06/23/2026,00:06:53,18.5,70.3
06/23/2026,00:11:53,18.6,70.8
06/23/2026,00:16:53,18.6,70.8
06/23/2026,00:21:53,18.6,71.2
06/23/2026,00:26:53,18.5,71.0
06/23/2026,00:31:53,18.4,71.0
06/23/2026,00:36:53,18.4,71.4
06/23/2026,00:41:53,18.4,71.3
06/23/2026,00:46:53,18.4,71.6
06/23/2026,00:51:53,18.4,71.7
06/23/2026,00:56:53,18.5,71.6
06/23/2026,01:01:53,18.5,72.2
06/23/2026,01:06:53,18.5,72.1
06/23/2026,01:11:53,18.6,71.8
06/23/2026,01:16:53,18.6,72.1
06/23/2026,01:21:53,18.6,72.2
06/23/2026,01:26:53,18.6,72.2
06/23/2026,01:31:53,18.6,72.1
06/23/2026,01:36:53,18.6,72.3
06/23/2026,01:41:53,18.6,72.4
06/23/2026,01:46:53,18.5,72.5
06/23/2026,01:51:53,18.5,72.7
06/23/2026,01:56:53,18.4,73.0
06/23/2026,02:01:53,18.4,73.0
06/23/2026,02:06:53,18.3,73.3
06/23/2026,02:11:53,18.3,73.7
06/23/2026,02:16:53,18.3,74.1
06/23/2026,02:21:53,18.3,74.3
06/23/2026,02:26:53,18.3,74.5
06/23/2026,02:31:53,18.3,74.5
06/23/2026,02:36:53,18.3,74.9
06/23/2026,02:41:53,18.2,74.8
06/23/2026,02:46:53,18.2,75.5
06/23/2026,02:51:53,18.1,75.7
06/23/2026,02:56:53,18.2,75.6
06/23/2026,03:01:53,18.1,75.8
06/23/2026,03:06:53,18.1,76.0
06/23/2026,03:11:53,18.0,76.3
06/23/2026,03:16:53,18.0,76.3
06/23/2026,03:21:53,18.0,76.4
06/23/2026,03:26:53,18.0,76.4
06/23/2026,03:31:53,18.0,76.7
06/23/2026,03:36:53,18.0,76.8
06/23/2026,03:41:53,18.0,76.9
06/23/2026,03:46:53,17.8,76.9
06/23/2026,03:51:53,17.9,77.5
06/23/2026,03:56:53,17.8,77.5
06/23/2026,04:01:53,17.9,77.5
06/23/2026,04:06:53,17.9,77.4
06/23/2026,04:11:53,17.8,77.1
06/23/2026,04:16:53,17.8,77.4
06/23/2026,04:21:53,17.8,77.3
06/23/2026,04:26:53,17.8,77.4
06/23/2026,04:31:53,17.7,77.5
06/23/2026,04:36:53,17.8,77.6
06/23/2026,04:41:53,17.6,77.8
06/23/2026,04:46:53,17.6,78.0
06/23/2026,04:51:53,17.6,78.2
06/23/2026,04:56:53,17.5,78.3
06/23/2026,05:01:53,17.5,78.4
06/23/2026,05:06:53,17.5,78.5
06/23/2026,05:11:53,17.5,78.6
06/23/2026,05:16:53,17.4,78.8
06/23/2026,05:21:53,17.4,78.8
06/23/2026,05:26:53,17.4,78.9
06/23/2026,05:31:53,17.4,79.0
06/23/2026,05:36:53,17.4,79.0
06/23/2026,05:41:53,17.4,79.1
06/23/2026,05:46:53,17.4,79.3
06/23/2026,05:51:53,17.4,79.5
06/23/2026,05:56:53,17.4,79.5
06/23/2026,06:01:53,17.4,79.7
06/23/2026,06:06:53,17.5,79.8
06/23/2026,06:11:53,17.5,79.9
06/23/2026,06:16:53,17.6,80.0
06/23/2026,06:21:53,17.7,79.5
06/23/2026,06:26:53,17.8,79.7
06/23/2026,06:31:53,17.9,79.9
06/23/2026,06:36:53,18.0,79.6
06/23/2026,06:41:53,18.1,79.6
06/23/2026,06:46:53,18.3,79.1
06/23/2026,06:51:53,18.5,79.2
06/23/2026,06:56:53,18.6,78.6
06/23/2026,07:01:53,18.8,78.3
06/23/2026,07:06:53,18.9,78.4
06/23/2026,07:11:53,19.1,78.1
06/23/2026,07:16:53,19.3,76.5
06/23/2026,07:21:53,19.5,77.3
06/23/2026,07:26:53,19.6,77.0
06/23/2026,07:31:53,19.7,76.9
06/23/2026,07:36:53,20.0,77.1
06/23/2026,07:41:53,20.1,76.6
06/23/2026,07:46:53,20.3,75.7
06/23/2026,07:51:53,20.5,76.2
06/23/2026,07:56:53,20.6,76.0
06/23/2026,08:01:53,20.7,76.2
06/23/2026,08:06:53,20.8,76.1
06/23/2026,08:11:53,20.9,75.9
06/23/2026,08:16:53,20.9,77.0
06/23/2026,08:21:53,20.8,77.1
06/23/2026,08:26:53,20.8,77.8
06/23/2026,08:31:53,20.7,78.3
06/23/2026,08:36:53,20.7,78.3
06/23/2026,08:41:53,20.7,78.5
06/23/2026,08:46:53,20.7,78.6
06/23/2026,08:51:53,20.9,78.6
06/23/2026,08:56:53,21.0,78.7
06/23/2026,09:01:53,21.1,77.8
06/23/2026,09:06:53,21.2,78.0
06/23/2026,09:11:53,21.2,77.4
06/23/2026,09:16:53,21.3,77.3
06/23/2026,09:21:53,21.5,76.8
06/23/2026,09:26:53,21.7,76.8
06/23/2026,09:31:53,21.9,76.7
06/23/2026,09:36:53,22.0,76.7
06/23/2026,09:41:53,22.2,76.1
06/23/2026,09:46:53,22.5,76.4
06/23/2026,09:51:53,22.7,75.7
06/23/2026,09:56:53,23.0,75.3
06/23/2026,10:01:53,23.2,75.1
06/23/2026,10:06:53,23.4,74.9
06/23/2026,10:11:53,23.6,74.5
06/23/2026,10:16:53,23.9,74.4
06/23/2026,10:21:53,24.1,73.9
06/23/2026,10:26:53,24.4,73.6
06/23/2026,10:31:53,24.5,73.4
06/23/2026,10:36:53,24.8,73.1
06/23/2026,10:41:53,24.9,72.9
06/23/2026,10:46:53,25.1,72.0
06/23/2026,10:51:53,25.3,71.7
06/23/2026,10:56:53,25.6,71.6
06/23/2026,11:01:53,25.7,71.2
06/23/2026,11:06:53,26.1,70.8
06/23/2026,11:11:53,26.4,69.4
06/23/2026,11:16:53,26.6,69.5
06/23/2026,11:21:53,26.8,68.7
06/23/2026,11:26:53,27.0,68.3
06/23/2026,11:31:53,27.1,68.0
06/23/2026,11:36:53,27.2,68.0
06/23/2026,11:41:53,27.5,67.5
06/23/2026,11:46:53,27.7,67.4
06/23/2026,11:51:53,27.9,67.1
06/23/2026,11:56:53,28.1,66.2
06/23/2026,12:01:53,28.3,65.2
06/23/2026,12:06:53,28.4,65.1
06/23/2026,12:11:53,28.6,64.7
06/23/2026,12:16:53,28.8,64.5
06/23/2026,12:21:53,29.0,63.0
06/23/2026,12:26:53,29.1,62.8
06/23/2026,12:31:53,29.2,62.5
06/23/2026,12:36:53,29.3,62.9
06/23/2026,12:41:53,29.4,62.0
06/23/2026,12:46:53,29.7,63.1
06/23/2026,12:51:53,30.0,60.8
06/23/2026,12:56:53,30.1,60.6
06/23/2026,13:01:53,30.3,60.7
06/23/2026,13:06:53,30.4,60.1
06/23/2026,13:11:53,30.7,59.4
06/23/2026,13:16:53,30.8,58.6
06/23/2026,13:21:53,31.0,58.1
06/23/2026,13:26:53,31.1,57.5
06/23/2026,13:31:53,31.2,57.8
06/23/2026,13:36:53,31.4,56.3
06/23/2026,13:41:53,31.5,56.2
06/23/2026,13:46:53,31.6,55.6
06/23/2026,13:51:53,31.8,55.3
06/23/2026,13:56:53,32.0,55.1
06/23/2026,14:01:53,32.2,54.1
06/23/2026,14:06:53,32.4,54.0
06/23/2026,14:11:53,32.4,54.1
06/23/2026,14:16:53,32.5,53.1
06/23/2026,14:21:53,32.8,52.4
06/23/2026,14:26:53,33.0,53.3
06/23/2026,14:31:53,33.2,51.3
06/23/2026,14:36:53,33.2,50.1
06/23/2026,14:41:53,33.2,50.9
06/23/2026,14:46:53,33.6,50.4
06/23/2026,14:51:53,33.8,50.1
06/23/2026,14:56:53,34.1,49.4
06/23/2026,15:01:53,34.4,48.9
06/23/2026,15:06:53,34.5,48.8
06/23/2026,15:11:53,34.6,48.4
06/23/2026,15:16:53,34.6,48.4
06/23/2026,15:21:53,34.7,48.7
06/23/2026,15:26:53,34.8,48.0
06/23/2026,15:31:53,34.6,48.6
06/23/2026,15:36:53,34.8,49.7
06/23/2026,15:41:53,35.0,47.9
06/23/2026,15:46:53,34.8,48.8
06/23/2026,15:51:53,35.1,48.7
06/23/2026,15:56:53,35.3,48.6
06/23/2026,16:01:53,35.5,47.3
06/23/2026,16:06:53,35.5,47.0
06/23/2026,16:11:53,35.2,47.0
06/23/2026,16:16:53,35.2,47.5
06/23/2026,16:21:53,35.2,46.9
06/23/2026,16:26:53,35.1,47.5
06/23/2026,16:31:53,35.1,47.1
06/23/2026,16:36:53,35.2,47.6
06/23/2026,16:41:53,35.1,47.2
06/23/2026,16:46:53,34.9,47.3
06/23/2026,16:51:53,34.7,47.6
06/23/2026,16:56:53,34.6,47.5
06/23/2026,17:01:53,34.2,47.8
06/23/2026,17:06:53,34.1,47.4
06/23/2026,17:11:53,34.0,46.6
06/23/2026,17:16:53,33.8,46.1
06/23/2026,17:21:53,33.6,46.1
06/23/2026,17:26:53,33.4,46.7
06/23/2026,17:31:53,33.3,47.4
06/23/2026,17:36:53,33.1,46.3
06/23/2026,17:41:53,33.0,45.9
06/23/2026,17:46:53,32.9,45.6
06/23/2026,17:51:53,32.9,45.2
06/23/2026,17:56:53,32.7,45.5
06/23/2026,18:01:53,32.6,45.7
06/23/2026,18:06:53,32.6,47.1
06/23/2026,18:11:53,32.5,49.5
06/23/2026,18:16:53,32.4,50.2
06/23/2026,18:21:53,32.3,51.1
06/23/2026,18:26:53,32.2,51.1
06/23/2026,18:31:53,32.1,51.7
06/23/2026,18:36:53,32.0,51.5
06/23/2026,18:41:53,32.1,51.8
06/23/2026,18:46:53,31.9,51.9
06/23/2026,18:51:53,31.9,51.7
06/23/2026,18:56:53,31.8,51.7
06/23/2026,19:01:53,31.7,51.7
06/23/2026,19:06:53,31.7,51.9
06/23/2026,19:11:53,31.7,51.7
06/23/2026,19:16:53,31.9,51.5
06/23/2026,19:21:53,32.0,51.3
06/23/2026,19:26:53,32.0,51.4
06/23/2026,19:31:53,31.9,51.7
06/23/2026,19:36:53,31.7,51.9
06/23/2026,19:41:53,31.6,52.4
06/23/2026,19:46:53,31.4,52.3
06/23/2026,19:51:53,31.0,52.8
06/23/2026,19:56:53,30.8,52.9
06/23/2026,20:01:53,30.5,53.3
06/23/2026,20:06:53,30.2,53.5
06/23/2026,20:11:53,30.0,53.6
06/23/2026,20:16:53,29.8,53.7
06/23/2026,20:21:53,29.7,53.9
06/23/2026,20:26:53,29.6,53.1
06/23/2026,20:31:53,29.4,53.5
06/23/2026,20:36:53,29.3,53.9
06/23/2026,20:41:53,29.1,53.9
06/23/2026,20:46:53,28.9,53.9
06/23/2026,20:51:53,28.7,54.0
06/23/2026,20:56:53,28.6,54.2
06/23/2026,21:01:53,28.4,54.5
06/23/2026,21:06:53,28.2,54.7
06/23/2026,21:11:53,28.1,55.1
06/23/2026,21:16:53,28.0,55.7
06/23/2026,21:21:53,27.9,56.4
06/23/2026,21:26:53,27.7,57.0
06/23/2026,21:31:53,27.6,58.0
06/23/2026,21:36:53,27.4,58.6
06/23/2026,21:41:53,27.2,59.3
06/23/2026,21:46:53,27.1,60.2
06/23/2026,21:51:53,26.9,60.8
06/23/2026,21:56:53,26.8,61.5
06/23/2026,22:01:53,26.7,62.1
06/23/2026,22:06:53,26.6,62.4
06/23/2026,22:11:53,26.6,62.8
06/23/2026,22:16:53,26.5,63.2
06/23/2026,22:21:53,26.4,63.5
06/23/2026,22:26:53,26.4,63.8
06/23/2026,22:31:53,26.2,64.1
06/23/2026,22:36:53,26.2,64.5
06/23/2026,22:41:53,26.1,64.9
06/23/2026,22:46:53,26.0,65.1
06/23/2026,22:51:53,25.9,65.4
06/23/2026,22:56:53,25.8,65.7
06/23/2026,23:01:53,25.8,66.0
06/23/2026,23:06:53,25.7,66.2
06/23/2026,23:11:53,25.6,66.6
06/23/2026,23:16:53,25.5,66.8
06/23/2026,23:21:53,25.4,67.1
06/23/2026,23:26:53,25.4,67.2
06/23/2026,23:31:53,25.3,67.6
06/23/2026,23:36:53,25.2,67.8
06/23/2026,23:41:53,25.1,68.1
06/23/2026,23:46:53,25.0,68.3
06/23/2026,23:51:53,24.9,68.5
06/23/2026,23:56:53,24.8,68.8
06/24/2026,00:01:53,24.8,68.9
06/24/2026,00:06:53,24.8,69.1
06/24/2026,00:11:53,24.7,69.2
06/24/2026,00:16:53,24.6,69.3
06/24/2026,00:21:53,24.6,69.5
06/24/2026,00:26:53,24.5,69.7
06/24/2026,00:31:53,24.4,69.8
06/24/2026,00:36:53,24.3,69.9
06/24/2026,00:41:53,24.2,70.3
06/24/2026,00:46:53,24.2,70.3
06/24/2026,00:51:53,24.2,70.5
06/24/2026,00:56:53,24.1,70.6
06/24/2026,01:01:53,24.1,70.8
06/24/2026,01:06:53,24.1,71.0
06/24/2026,01:11:53,24.1,71.1
06/24/2026,01:16:53,24.0,71.3
06/24/2026,01:21:53,23.9,71.4
06/24/2026,01:26:53,23.8,71.8
06/24/2026,01:31:53,23.8,72.0
06/24/2026,01:36:53,23.7,72.2
06/24/2026,01:41:53,23.7,72.4
06/24/2026,01:46:53,23.6,72.6
06/24/2026,01:51:53,23.5,72.8
06/24/2026,01:56:53,23.5,73.0
06/24/2026,02:01:53,23.5,73.3
06/24/2026,02:06:53,23.4,73.3
06/24/2026,02:11:53,23.4,73.4
06/24/2026,02:16:53,23.4,73.4
06/24/2026,02:21:53,23.3,73.6
06/24/2026,02:26:53,23.2,73.8
06/24/2026,02:31:53,23.2,74.0
06/24/2026,02:36:53,23.2,74.1
06/24/2026,02:41:53,23.1,74.0
06/24/2026,02:46:53,23.1,74.2
06/24/2026,02:51:53,23.1,74.3
06/24/2026,02:56:53,23.1,74.4
06/24/2026,03:01:53,23.0,74.5
06/24/2026,03:06:53,22.9,74.7
06/24/2026,03:11:53,22.9,74.4
06/24/2026,03:16:53,22.9,74.5
06/24/2026,03:21:53,22.9,74.6
06/24/2026,03:26:53,22.8,74.9
06/24/2026,03:31:53,22.7,75.1
06/24/2026,03:36:53,22.5,74.8
06/24/2026,03:41:53,22.4,75.5
06/24/2026,03:46:53,22.4,75.7
06/24/2026,03:51:53,22.3,76.0
06/24/2026,03:56:53,22.3,76.2
06/24/2026,04:01:53,22.3,76.1
06/24/2026,04:06:53,22.2,76.3
06/24/2026,04:11:53,22.2,76.6
06/24/2026,04:16:53,22.1,76.3
06/24/2026,04:21:53,22.1,76.7
06/24/2026,04:26:53,22.0,76.8
06/24/2026,04:31:53,22.0,76.8
06/24/2026,04:36:53,22.0,77.0
06/24/2026,04:41:53,21.9,77.1
06/24/2026,04:46:53,21.9,77.1
06/24/2026,04:51:53,21.9,77.3
06/24/2026,04:56:53,21.8,77.4
06/24/2026,05:01:53,21.8,77.4
06/24/2026,05:06:53,21.7,77.7
06/24/2026,05:11:53,21.7,77.5
06/24/2026,05:16:53,21.7,77.7
06/24/2026,05:21:53,21.7,77.5
06/24/2026,05:26:53,21.7,76.9
06/24/2026,05:31:53,21.7,75.4
06/24/2026,05:36:53,21.6,76.4
06/24/2026,05:41:53,21.7,74.3
06/24/2026,05:46:53,21.6,74.0
06/24/2026,05:51:53,21.7,76.6
06/24/2026,05:56:53,21.7,76.8
06/24/2026,06:01:53,21.7,74.8
06/24/2026,06:06:53,21.8,76.3
06/24/2026,06:11:53,21.8,76.6
06/24/2026,06:16:53,21.8,78.3
06/24/2026,06:21:53,21.9,77.9
06/24/2026,06:26:53,21.9,78.6
06/24/2026,06:31:53,21.9,78.0
06/24/2026,06:36:53,22.0,79.0
06/24/2026,06:41:53,22.1,79.4
06/24/2026,06:46:53,22.2,79.1
06/24/2026,06:51:53,22.2,79.0
06/24/2026,06:56:53,22.3,79.3
06/24/2026,07:01:53,22.4,78.8
06/24/2026,07:06:53,22.5,78.4
06/24/2026,07:11:53,22.5,78.0
06/24/2026,07:16:53,22.6,78.0
06/24/2026,07:21:53,22.7,78.6
06/24/2026,07:26:53,22.8,77.9
06/24/2026,07:31:53,22.9,76.9
06/24/2026,07:36:53,23.0,77.0
06/24/2026,07:41:53,23.1,76.9
06/24/2026,07:46:53,23.2,76.0
06/24/2026,07:51:53,23.3,74.9
06/24/2026,07:56:53,23.4,74.4
06/24/2026,08:01:53,23.5,75.3
06/24/2026,08:06:53,23.7,75.6
06/24/2026,08:11:53,23.8,75.7
06/24/2026,08:16:53,24.0,75.5
06/24/2026,08:21:53,24.1,74.7
06/24/2026,08:26:53,24.3,75.0
06/24/2026,08:31:53,24.4,74.2
06/24/2026,08:36:53,24.6,74.8
06/24/2026,08:41:53,24.8,74.4
06/24/2026,08:46:53,25.0,74.5
06/24/2026,08:51:53,25.3,74.1
06/24/2026,08:56:53,25.5,73.7
06/24/2026,09:01:53,25.8,73.3
06/24/2026,09:06:53,26.0,72.7
06/24/2026,09:11:53,26.2,72.7
06/24/2026,09:16:53,26.5,72.4
06/24/2026,09:21:53,26.7,71.7
06/24/2026,09:26:53,27.0,71.4
06/24/2026,09:31:53,27.2,70.4
06/24/2026,09:36:53,27.5,70.1
06/24/2026,09:41:53,27.7,69.8
06/24/2026,09:46:53,27.9,69.1
06/24/2026,09:51:53,28.1,69.2
06/24/2026,09:56:53,28.2,68.3
06/24/2026,10:01:53,28.4,67.8
06/24/2026,10:06:53,28.6,67.6
06/24/2026,10:11:53,28.8,67.0
06/24/2026,10:16:53,28.9,66.4
06/24/2026,10:21:53,29.2,66.6
06/24/2026,10:26:53,29.4,65.4
06/24/2026,10:31:53,29.5,64.8
06/24/2026,10:36:53,29.6,64.6
06/24/2026,10:41:53,29.6,63.9
06/24/2026,10:46:53,29.7,63.4
06/24/2026,10:51:53,30.1,63.3
06/24/2026,10:56:53,30.3,62.5
06/24/2026,11:01:53,30.4,62.3
06/24/2026,11:06:53,30.5,61.8
06/24/2026,11:11:53,30.4,61.1
06/24/2026,11:16:53,30.5,61.3
06/24/2026,11:21:53,30.7,61.5
06/24/2026,11:26:53,31.1,61.0
06/24/2026,11:31:53,31.3,60.0
06/24/2026,11:36:53,31.4,59.7
06/24/2026,11:41:53,31.5,59.8
06/24/2026,11:46:53,31.6,59.7
06/24/2026,11:51:53,31.6,59.2
06/24/2026,11:56:53,31.6,58.9
06/24/2026,12:01:53,31.7,59.4
06/24/2026,12:06:53,31.9,58.7
06/24/2026,12:11:53,32.0,58.4
06/24/2026,12:16:53,32.1,58.0
06/24/2026,12:21:53,32.2,57.6
06/24/2026,12:26:53,32.3,57.3
06/24/2026,12:31:53,32.4,57.7
06/24/2026,12:36:53,32.6,56.5
06/24/2026,12:41:53,32.6,55.9
06/24/2026,12:46:53,32.6,55.6
06/24/2026,12:51:53,32.5,55.7
06/24/2026,12:56:53,32.7,55.9
06/24/2026,13:01:53,32.9,56.0
06/24/2026,13:06:53,32.9,55.8
06/24/2026,13:11:53,32.9,55.3
06/24/2026,13:16:53,33.1,54.3
06/24/2026,13:21:53,33.2,54.1
06/24/2026,13:26:53,33.4,54.2
06/24/2026,13:31:53,33.4,54.0
06/24/2026,13:36:53,33.5,53.7
06/24/2026,13:41:53,33.6,54.1
06/24/2026,13:46:53,33.7,54.3
06/24/2026,13:51:53,33.8,53.2
06/24/2026,13:56:53,34.0,53.1
06/24/2026,14:01:53,34.0,53.1
06/24/2026,14:06:53,33.8,52.7
06/24/2026,14:11:53,33.7,52.9
06/24/2026,14:16:53,33.7,53.2
06/24/2026,14:21:53,33.8,53.1
06/24/2026,14:26:53,34.1,53.1
06/24/2026,14:31:53,34.0,52.2
06/24/2026,14:36:53,34.2,52.2
06/24/2026,14:41:53,34.3,51.8
06/24/2026,14:46:53,34.6,51.7
06/24/2026,14:51:53,34.8,52.0
06/24/2026,14:56:53,34.9,51.0
06/24/2026,15:01:53,34.9,51.0
06/24/2026,15:06:53,34.8,50.5
06/24/2026,15:11:53,34.8,50.1
06/24/2026,15:16:53,34.6,50.4
06/24/2026,15:21:53,34.7,50.2
06/24/2026,15:26:53,34.7,50.1
06/24/2026,15:31:53,34.9,49.8
06/24/2026,15:36:53,34.8,50.4
06/24/2026,15:41:53,34.9,50.0
06/24/2026,15:46:53,35.1,49.8
06/24/2026,15:51:53,35.1,49.3
06/24/2026,15:56:53,35.1,49.5
06/24/2026,16:01:53,35.0,49.2
06/24/2026,16:06:53,35.0,49.6
06/24/2026,16:11:53,35.0,50.4
06/24/2026,16:16:53,34.9,49.2
06/24/2026,16:21:53,34.8,49.3
06/24/2026,16:26:53,34.7,49.9
06/24/2026,16:31:53,34.7,49.5
06/24/2026,16:36:53,34.8,49.8
06/24/2026,16:41:53,34.8,49.5
06/24/2026,16:46:53,34.5,49.8
06/24/2026,16:51:53,34.1,50.2
06/24/2026,16:56:53,33.9,50.8
06/24/2026,17:01:53,33.6,51.2
06/24/2026,17:06:53,33.3,52.0
06/24/2026,17:11:53,33.1,52.5
06/24/2026,17:16:53,32.9,52.3
06/24/2026,17:21:53,32.7,53.1
06/24/2026,17:26:53,32.5,53.4
06/24/2026,17:31:53,32.3,53.6
06/24/2026,17:36:53,32.3,53.9
06/24/2026,17:41:53,32.1,54.1
06/24/2026,17:46:53,32.0,54.4
06/24/2026,17:51:53,31.9,54.6
06/24/2026,17:56:53,31.8,54.7
06/24/2026,18:01:53,31.8,54.9
06/24/2026,18:06:53,31.7,54.9
06/24/2026,18:11:53,31.7,55.1
06/24/2026,18:16:53,31.6,54.9
06/24/2026,18:21:53,31.4,55.0
06/24/2026,18:26:53,31.2,55.2
06/24/2026,18:31:53,31.2,55.9
06/24/2026,18:36:53,31.2,55.8
06/24/2026,18:41:53,31.1,55.6
06/24/2026,18:46:53,31.0,55.7
06/24/2026,18:51:53,30.9,55.6
06/24/2026,18:56:53,30.9,56.2
06/24/2026,19:01:53,30.9,55.9
06/24/2026,19:06:53,30.8,56.0
06/24/2026,19:11:53,31.0,55.8
06/24/2026,19:16:53,31.2,55.6
06/24/2026,19:21:53,31.5,55.3
06/24/2026,19:26:53,31.5,55.1
06/24/2026,19:31:53,31.5,54.8
06/24/2026,19:36:53,31.4,54.6
06/24/2026,19:41:53,31.2,54.7
06/24/2026,19:46:53,31.0,54.4
06/24/2026,19:51:53,30.8,54.8
06/24/2026,19:56:53,30.6,55.0
06/24/2026,20:01:53,30.3,55.1
06/24/2026,20:06:53,30.0,55.2
06/24/2026,20:11:53,29.7,55.6
06/24/2026,20:16:53,29.4,56.0
06/24/2026,20:21:53,29.2,56.6
06/24/2026,20:26:53,29.0,56.9
06/24/2026,20:31:53,28.9,57.1
06/24/2026,20:36:53,28.7,57.5
06/24/2026,20:41:53,28.4,57.9
06/24/2026,20:46:53,28.2,58.2
06/24/2026,20:51:53,28.1,58.3
06/24/2026,20:56:53,27.9,58.6
06/24/2026,21:01:53,27.7,58.8
06/24/2026,21:06:53,27.6,59.4
06/24/2026,21:11:53,27.6,59.2
06/24/2026,21:16:53,27.4,59.3
06/24/2026,21:21:53,27.3,59.5
06/24/2026,21:26:53,27.2,59.3
06/24/2026,21:31:53,27.0,59.5
06/24/2026,21:36:53,26.9,59.8
06/24/2026,21:41:53,26.8,59.8
06/24/2026,21:46:53,26.6,60.1
06/24/2026,21:51:53,26.4,60.3
06/24/2026,21:56:53,26.3,60.4
06/24/2026,22:01:53,26.1,60.8
06/24/2026,22:06:53,26.0,60.7
06/24/2026,22:11:53,25.8,61.0
06/24/2026,22:16:53,25.6,61.2
06/24/2026,22:21:53,25.6,61.4
06/24/2026,22:26:53,25.5,61.5
06/24/2026,22:31:53,25.4,61.7
06/24/2026,22:36:53,25.2,61.7
06/24/2026,22:41:53,25.1,62.0
06/24/2026,22:46:53,25.0,62.1
06/24/2026,22:51:53,24.8,62.1
06/24/2026,22:56:53,24.7,62.5
06/24/2026,23:01:53,24.5,62.6
06/24/2026,23:06:53,24.4,63.2
06/24/2026,23:11:53,24.3,63.6
06/24/2026,23:16:53,24.3,63.6
06/24/2026,23:21:53,24.2,63.5
06/24/2026,23:26:53,24.0,63.5
06/24/2026,23:31:53,23.9,63.7
06/24/2026,23:36:53,23.8,63.9
06/24/2026,23:41:53,23.7,63.8
06/24/2026,23:46:53,23.7,63.9
06/24/2026,23:51:53,23.6,63.4
06/24/2026,23:56:53,23.4,62.7
06/25/2026,00:01:53,23.3,62.6
06/25/2026,00:06:53,23.2,61.9
06/25/2026,00:11:53,23.1,62.0
06/25/2026,00:16:53,23.0,62.0
06/25/2026,00:21:53,23.0,62.0
06/25/2026,00:26:53,22.9,61.8
06/25/2026,00:31:53,22.8,62.4
06/25/2026,00:36:53,22.7,62.5
06/25/2026,00:41:53,22.6,62.3
06/25/2026,00:46:53,22.5,62.8
06/25/2026,00:51:53,22.4,62.7
06/25/2026,00:56:53,22.3,62.5
06/25/2026,01:01:53,22.3,63.1
06/25/2026,01:06:53,22.2,63.2
06/25/2026,01:11:53,22.1,63.4
06/25/2026,01:16:53,22.1,63.5
06/25/2026,01:21:53,22.0,63.2
06/25/2026,01:26:53,22.0,64.0
06/25/2026,01:31:53,21.9,63.8
06/25/2026,01:36:53,21.8,63.9
06/25/2026,01:41:53,21.7,63.9
06/25/2026,01:46:53,21.6,64.6
06/25/2026,01:51:53,21.6,64.7
06/25/2026,01:56:53,21.6,64.4
06/25/2026,02:01:53,21.5,65.0
06/25/2026,02:06:53,21.4,64.6
06/25/2026,02:11:53,21.3,64.8
06/25/2026,02:16:53,21.3,64.8
06/25/2026,02:21:53,21.2,65.1
06/25/2026,02:26:53,21.2,65.0
06/25/2026,02:31:53,21.1,65.2
06/25/2026,02:36:53,21.1,65.8
06/25/2026,02:41:53,21.0,65.6
06/25/2026,02:46:53,21.0,66.2
06/25/2026,02:51:53,20.9,65.8
06/25/2026,02:56:53,20.8,66.1
06/25/2026,03:01:53,20.7,66.4
06/25/2026,03:06:53,20.7,66.6
06/25/2026,03:11:53,20.6,66.9
06/25/2026,03:16:53,20.5,66.9
06/25/2026,03:21:53,20.5,67.1
06/25/2026,03:26:53,20.4,67.6
06/25/2026,03:31:53,20.4,67.5
06/25/2026,03:36:53,20.3,67.7
06/25/2026,03:41:53,20.2,67.9
06/25/2026,03:46:53,20.1,68.1
06/25/2026,03:51:53,20.0,68.5
06/25/2026,03:56:53,19.9,68.5
06/25/2026,04:01:53,19.8,68.6
06/25/2026,04:06:53,19.8,68.9
06/25/2026,04:11:53,19.7,69.1
06/25/2026,04:16:53,19.6,69.6
06/25/2026,04:21:53,19.6,69.6
06/25/2026,04:26:53,19.5,69.6
06/25/2026,04:31:53,19.4,70.0
06/25/2026,04:36:53,19.4,70.0
06/25/2026,04:41:53,19.3,70.2
06/25/2026,04:46:53,19.2,70.3
06/25/2026,04:51:53,19.1,70.6
06/25/2026,04:56:53,19.1,70.8
06/25/2026,05:01:53,19.1,70.8
06/25/2026,05:06:53,19.0,71.0
06/25/2026,05:11:53,18.9,71.1
06/25/2026,05:16:53,18.9,71.4
06/25/2026,05:21:53,18.9,71.4
06/25/2026,05:26:53,19.0,71.8
06/25/2026,05:31:53,19.0,71.7
06/25/2026,05:36:53,19.0,71.8
06/25/2026,05:41:53,19.0,71.7
06/25/2026,05:46:53,19.0,71.7
06/25/2026,05:51:53,19.1,71.6
06/25/2026,05:56:53,19.1,70.9
06/25/2026,06:01:53,19.2,71.4
06/25/2026,06:06:53,19.2,71.6
06/25/2026,06:11:53,19.2,71.1
06/25/2026,06:16:53,19.3,71.4
06/25/2026,06:21:53,19.3,70.2
06/25/2026,06:26:53,19.3,68.5
06/25/2026,06:31:53,19.4,68.3
06/25/2026,06:36:53,19.4,69.6
06/25/2026,06:41:53,19.5,67.0
06/25/2026,06:46:53,19.5,66.5
06/25/2026,06:51:53,19.6,68.3
06/25/2026,06:56:53,19.6,67.1
06/25/2026,07:01:53,19.7,65.5
06/25/2026,07:06:53,19.8,66.6
06/25/2026,07:11:53,19.9,66.3
06/25/2026,07:16:53,19.9,67.4
06/25/2026,07:21:53,20.1,67.6
06/25/2026,07:26:53,20.2,68.8
06/25/2026,07:31:53,20.3,67.2
06/25/2026,07:36:53,20.4,66.5
06/25/2026,07:41:53,20.5,65.4
06/25/2026,07:46:53,20.6,66.0
06/25/2026,07:51:53,20.7,66.5
06/25/2026,07:56:53,20.8,66.8
06/25/2026,08:01:53,21.0,67.0
06/25/2026,08:06:53,21.1,67.0
06/25/2026,08:11:53,21.2,66.3
06/25/2026,08:16:53,21.4,66.9
06/25/2026,08:21:53,21.6,67.4
06/25/2026,08:26:53,21.8,66.6
06/25/2026,08:31:53,22.0,67.4
06/25/2026,08:36:53,22.2,67.1
06/25/2026,08:41:53,22.5,67.1
06/25/2026,08:46:53,22.8,67.3
06/25/2026,08:51:53,23.1,67.3
06/25/2026,08:56:53,23.4,66.7
06/25/2026,09:01:53,23.7,66.8
06/25/2026,09:06:53,24.0,66.4
06/25/2026,09:11:53,24.3,65.7
06/25/2026,09:16:53,24.6,64.8
06/25/2026,09:21:53,24.9,64.8
06/25/2026,09:26:53,25.2,64.4
06/25/2026,09:31:53,25.4,64.3
06/25/2026,09:36:53,25.7,63.7
06/25/2026,09:41:53,26.0,63.2
06/25/2026,09:46:53,26.3,63.0
06/25/2026,09:51:53,26.5,62.6
06/25/2026,09:56:53,26.8,62.0
06/25/2026,10:01:53,27.1,62.2
06/25/2026,10:06:53,27.3,61.6
06/25/2026,10:11:53,27.6,60.8
06/25/2026,10:16:53,27.8,60.4
06/25/2026,10:21:53,28.0,60.0
06/25/2026,10:26:53,28.1,59.8
06/25/2026,10:31:53,28.3,59.6
06/25/2026,10:36:53,28.6,59.3
06/25/2026,10:41:53,28.8,58.9
06/25/2026,10:46:53,29.1,58.8
06/25/2026,10:51:53,29.3,58.4
06/25/2026,10:56:53,29.5,57.6
06/25/2026,11:01:53,29.7,57.7
06/25/2026,11:06:53,29.9,56.9
06/25/2026,11:11:53,29.9,57.1
06/25/2026,11:16:53,30.0,57.2
06/25/2026,11:21:53,30.3,56.8
06/25/2026,11:26:53,30.5,56.2
06/25/2026,11:31:53,30.7,55.8
06/25/2026,11:36:53,30.8,55.9
06/25/2026,11:41:53,31.1,55.5
06/25/2026,11:46:53,31.3,54.8
06/25/2026,11:51:53,31.3,54.8
06/25/2026,11:56:53,31.4,54.2
06/25/2026,12:01:53,31.5,54.3
06/25/2026,12:06:53,31.5,54.3
06/25/2026,12:11:53,31.7,54.5
06/25/2026,12:16:53,31.9,54.0
06/25/2026,12:21:53,32.1,53.2
06/25/2026,12:26:53,32.2,52.6
06/25/2026,12:31:53,32.3,52.9
06/25/2026,12:36:53,32.5,52.1
06/25/2026,12:41:53,32.7,51.9
06/25/2026,12:46:53,32.9,51.4
06/25/2026,12:51:53,33.1,50.7
06/25/2026,12:56:53,33.1,50.4
06/25/2026,13:01:53,33.2,50.4
06/25/2026,13:06:53,33.2,50.4
06/25/2026,13:11:53,33.3,50.3
06/25/2026,13:16:53,33.5,50.0
06/25/2026,13:21:53,33.7,49.6
06/25/2026,13:26:53,33.8,48.7
06/25/2026,13:31:53,34.0,49.3
06/25/2026,13:36:53,34.1,48.8
06/25/2026,13:41:53,34.1,48.7
06/25/2026,13:46:53,34.1,48.4
06/25/2026,13:51:53,34.2,48.3
06/25/2026,13:56:53,34.3,47.9
06/25/2026,14:01:53,34.4,48.0
06/25/2026,14:06:53,34.5,47.7
06/25/2026,14:11:53,34.5,47.4
06/25/2026,14:16:53,34.6,47.9
06/25/2026,14:21:53,34.8,46.8
06/25/2026,14:26:53,34.8,46.9
06/25/2026,14:31:53,34.9,46.4
06/25/2026,14:36:53,34.9,46.8
06/25/2026,14:41:53,35.0,46.6
06/25/2026,14:46:53,35.1,46.4
06/25/2026,14:51:53,35.2,46.8
06/25/2026,14:56:53,35.3,47.0
06/25/2026,15:01:53,35.3,46.2
06/25/2026,15:06:53,35.4,45.8
06/25/2026,15:11:53,35.6,45.5
06/25/2026,15:16:53,35.7,45.1
06/25/2026,15:21:53,35.7,45.8
06/25/2026,15:26:53,35.8,44.8
06/25/2026,15:31:53,35.9,44.8
06/25/2026,15:36:53,35.9,44.6
06/25/2026,15:41:53,35.8,44.2
06/25/2026,15:46:53,35.8,44.4
06/25/2026,15:51:53,35.8,44.5
06/25/2026,15:56:53,35.9,44.4
06/25/2026,16:01:53,36.0,44.4
06/25/2026,16:06:53,36.1,44.2
06/25/2026,16:11:53,36.2,44.4
06/25/2026,16:16:53,36.1,43.7
06/25/2026,16:21:53,36.0,43.9
06/25/2026,16:26:53,36.0,43.6
06/25/2026,16:31:53,35.9,44.2
06/25/2026,16:36:53,35.9,43.9
06/25/2026,16:41:53,35.6,43.8
06/25/2026,16:46:53,35.4,44.2
06/25/2026,16:51:53,35.1,44.5
06/25/2026,16:56:53,34.8,45.0
06/25/2026,17:01:53,34.5,46.2
06/25/2026,17:06:53,34.3,45.9
06/25/2026,17:11:53,33.9,46.3
06/25/2026,17:16:53,33.7,46.8
06/25/2026,17:21:53,33.5,46.9
06/25/2026,17:26:53,33.3,47.5
06/25/2026,17:31:53,33.2,47.4
06/25/2026,17:36:53,33.0,47.7
06/25/2026,17:41:53,32.8,48.0
06/25/2026,17:46:53,32.6,48.1
06/25/2026,17:51:53,32.5,48.4
06/25/2026,17:56:53,32.4,48.7
06/25/2026,18:01:53,32.3,49.0
06/25/2026,18:06:53,32.2,49.0
06/25/2026,18:11:53,32.1,49.4
06/25/2026,18:16:53,32.0,49.2
06/25/2026,18:21:53,31.8,49.3
06/25/2026,18:26:53,31.7,49.9
06/25/2026,18:31:53,31.6,49.9
06/25/2026,18:36:53,31.6,50.1
06/25/2026,18:41:53,31.5,50.4
06/25/2026,18:46:53,31.4,50.7
06/25/2026,18:51:53,31.4,50.7
06/25/2026,18:56:53,31.3,50.7
06/25/2026,19:01:53,31.2,51.1
06/25/2026,19:06:53,31.3,50.6
06/25/2026,19:11:53,31.5,50.8
06/25/2026,19:16:53,31.8,50.5
06/25/2026,19:21:53,31.9,50.1
06/25/2026,19:26:53,32.1,50.0
06/25/2026,19:31:53,32.1,49.6
06/25/2026,19:36:53,31.9,49.9
06/25/2026,19:41:53,31.7,50.0
06/25/2026,19:46:53,31.5,50.0
06/25/2026,19:51:53,31.1,50.5
06/25/2026,19:56:53,30.8,51.0
06/25/2026,20:01:53,30.6,51.3
06/25/2026,20:06:53,30.4,51.6
06/25/2026,20:11:53,30.0,52.2
06/25/2026,20:16:53,29.8,52.7
06/25/2026,20:21:53,29.5,53.3
06/25/2026,20:26:53,29.3,53.8
06/25/2026,20:31:53,29.2,54.2
06/25/2026,20:36:53,28.9,54.6
06/25/2026,20:41:53,28.8,55.1
06/25/2026,20:46:53,28.6,55.4
06/25/2026,20:51:53,28.4,55.8
06/25/2026,20:56:53,28.2,56.4
06/25/2026,21:01:53,28.1,56.9
06/25/2026,21:06:53,27.9,57.5
06/25/2026,21:11:53,27.6,58.1
06/25/2026,21:16:53,27.5,58.4
06/25/2026,21:21:53,27.3,59.0
06/25/2026,21:26:53,27.3,59.4
06/25/2026,21:31:53,27.2,59.8
06/25/2026,21:36:53,27.1,60.1
06/25/2026,21:41:53,26.9,60.5
06/25/2026,21:46:53,26.8,61.0
06/25/2026,21:51:53,26.7,61.1
06/25/2026,21:56:53,26.6,61.4
06/25/2026,22:01:53,26.4,61.8
06/25/2026,22:06:53,26.3,62.2
06/25/2026,22:11:53,26.2,62.5
06/25/2026,22:16:53,26.0,62.7
06/25/2026,22:21:53,25.9,63.1
06/25/2026,22:26:53,25.8,63.5
06/25/2026,22:31:53,25.7,63.6
06/25/2026,22:36:53,25.7,63.9
06/25/2026,22:41:53,25.6,64.2
06/25/2026,22:46:53,25.4,64.3
06/25/2026,22:51:53,25.3,64.6
06/25/2026,22:56:53,25.2,65.0
06/25/2026,23:01:53,25.1,65.4
06/25/2026,23:06:53,25.0,65.7
06/25/2026,23:11:53,24.9,65.9
06/25/2026,23:16:53,24.8,66.1
06/25/2026,23:21:53,24.8,66.3
06/25/2026,23:26:53,24.7,66.7
06/25/2026,23:31:53,24.7,66.9
06/25/2026,23:36:53,24.5,67.1
06/25/2026,23:41:53,24.5,67.5
06/25/2026,23:46:53,24.5,67.8
06/25/2026,23:51:53,24.4,67.8
06/25/2026,23:56:53,24.4,68.2
06/26/2026,00:01:53,24.3,68.4
06/26/2026,00:06:53,24.3,68.5
06/26/2026,00:11:53,24.3,68.8
06/26/2026,00:16:53,24.2,68.9
06/26/2026,00:21:53,24.1,69.1
06/26/2026,00:26:53,24.1,69.4
06/26/2026,00:31:53,24.1,69.6
06/26/2026,00:36:53,24.0,69.9
06/26/2026,00:41:53,24.1,69.8
06/26/2026,00:46:53,24.0,69.9
06/26/2026,00:51:53,24.0,70.1
06/26/2026,00:56:53,24.1,70.4
06/26/2026,01:01:53,24.0,70.6
06/26/2026,01:06:53,24.0,70.8
06/26/2026,01:11:53,23.9,70.9
06/26/2026,01:16:53,24.0,71.0
06/26/2026,01:21:53,23.9,71.3
06/26/2026,01:26:53,23.8,71.2
06/26/2026,01:31:53,23.8,71.4
06/26/2026,01:36:53,23.8,71.9
06/26/2026,01:41:53,23.7,71.9
06/26/2026,01:46:53,23.7,72.1
06/26/2026,01:51:53,23.7,72.5
06/26/2026,01:56:53,23.7,72.6
06/26/2026,02:01:53,23.6,72.4
06/26/2026,02:06:53,23.7,71.6
06/26/2026,02:11:53,23.6,72.7
06/26/2026,02:16:53,23.7,72.7
06/26/2026,02:21:53,23.7,72.8
06/26/2026,02:26:53,23.6,73.3
06/26/2026,02:31:53,23.6,73.2
06/26/2026,02:36:53,23.7,72.7
06/26/2026,02:41:53,23.7,73.0
06/26/2026,02:46:53,23.7,73.5
06/26/2026,02:51:53,23.7,72.7
06/26/2026,02:56:53,23.8,72.7
06/26/2026,03:01:53,23.8,73.3
06/26/2026,03:06:53,23.8,73.2
06/26/2026,03:11:53,23.8,73.2
06/26/2026,03:16:53,23.8,73.3
06/26/2026,03:21:53,23.8,73.1
06/26/2026,03:26:53,23.8,73.3
06/26/2026,03:31:53,23.8,72.4
06/26/2026,03:36:53,23.8,72.8
06/26/2026,03:41:53,23.8,73.1
06/26/2026,03:46:53,23.8,73.9
06/26/2026,03:51:53,23.9,73.6
06/26/2026,03:56:53,24.0,73.9
06/26/2026,04:01:53,23.9,73.5
06/26/2026,04:06:53,23.9,74.0
06/26/2026,04:11:53,23.9,74.0
06/26/2026,04:16:53,23.8,73.7
06/26/2026,04:21:53,23.8,73.1
06/26/2026,04:26:53,23.7,73.8
06/26/2026,04:31:53,23.7,73.2
06/26/2026,04:36:53,23.7,71.8
06/26/2026,04:41:53,23.6,73.3
06/26/2026,04:46:53,23.6,74.2
06/26/2026,04:51:53,23.6,74.6
06/26/2026,04:56:53,23.5,74.6
06/26/2026,05:01:53,23.5,74.9
06/26/2026,05:06:53,23.5,75.4
06/26/2026,05:11:53,23.5,75.7
06/26/2026,05:16:53,23.5,74.2
06/26/2026,05:21:53,23.5,74.6
06/26/2026,05:26:53,23.5,75.7
06/26/2026,05:31:53,23.5,75.5
06/26/2026,05:36:53,23.5,75.6
06/26/2026,05:41:53,23.5,72.6
06/26/2026,05:46:53,23.6,75.7
06/26/2026,05:51:53,23.5,75.5
06/26/2026,05:56:53,23.6,74.7
06/26/2026,06:01:53,23.6,75.2
06/26/2026,06:06:53,23.6,73.3
06/26/2026,06:11:53,23.6,74.1
06/26/2026,06:16:53,23.6,69.5
06/26/2026,06:21:53,23.6,70.8
06/26/2026,06:26:53,23.7,72.4
06/26/2026,06:31:53,23.8,70.7
06/26/2026,06:36:53,23.9,74.2
06/26/2026,06:41:53,24.1,74.5
06/26/2026,06:46:53,24.2,74.6
06/26/2026,06:51:53,24.3,71.6
06/26/2026,06:56:53,24.5,74.3
06/26/2026,07:01:53,24.6,74.1
06/26/2026,07:06:53,24.7,74.4
06/26/2026,07:11:53,24.8,74.5
06/26/2026,07:16:53,24.9,74.6
06/26/2026,07:21:53,25.0,74.5
06/26/2026,07:26:53,25.0,75.8
06/26/2026,07:31:53,25.0,75.8
06/26/2026,07:36:53,25.0,75.9
06/26/2026,07:41:53,25.0,76.1
06/26/2026,07:46:53,25.0,76.0
06/26/2026,07:51:53,25.0,75.2
06/26/2026,07:56:53,24.9,76.3
06/26/2026,08:01:53,25.0,76.4
06/26/2026,08:06:53,25.0,76.5
06/26/2026,08:11:53,25.1,76.4
06/26/2026,08:16:53,25.2,76.1
06/26/2026,08:21:53,25.3,75.7
06/26/2026,08:26:53,25.5,75.0
06/26/2026,08:31:53,25.6,74.3
06/26/2026,08:36:53,25.8,74.2
06/26/2026,08:41:53,26.0,74.1
06/26/2026,08:46:53,26.1,72.9
06/26/2026,08:51:53,26.3,72.1
06/26/2026,08:56:53,26.6,72.6
06/26/2026,09:01:53,26.8,72.6
06/26/2026,09:06:53,27.1,72.0
06/26/2026,09:11:53,27.4,71.5
06/26/2026,09:16:53,27.7,70.6
06/26/2026,09:21:53,28.0,70.2
06/26/2026,09:26:53,28.2,69.7
06/26/2026,09:31:53,28.5,68.9
06/26/2026,09:36:53,28.8,68.2
06/26/2026,09:41:53,29.1,68.2
06/26/2026,09:46:53,29.3,66.7
06/26/2026,09:51:53,29.6,65.2
06/26/2026,09:56:53,29.8,64.9
06/26/2026,10:01:53,30.0,64.1
06/26/2026,10:06:53,30.3,62.7
06/26/2026,10:11:53,30.6,61.9
06/26/2026,10:16:53,31.0,60.7
06/26/2026,10:21:53,31.0,58.4
06/26/2026,10:26:53,31.0,57.2
06/26/2026,10:31:53,31.1,56.9
06/26/2026,10:36:53,31.3,57.3
06/26/2026,10:41:53,31.6,56.6
06/26/2026,10:46:53,31.8,56.4
06/26/2026,10:51:53,32.1,56.3
06/26/2026,10:56:53,32.3,55.3
06/26/2026,11:01:53,32.6,53.7
06/26/2026,11:06:53,32.8,53.6
06/26/2026,11:11:53,33.0,53.0
06/26/2026,11:16:53,33.2,52.6
06/26/2026,11:21:53,33.4,51.9
06/26/2026,11:26:53,33.6,51.5
06/26/2026,11:31:53,33.8,50.7
06/26/2026,11:36:53,34.0,50.9
06/26/2026,11:41:53,34.3,49.1
06/26/2026,11:46:53,34.4,49.0
06/26/2026,11:51:53,34.4,48.6
06/26/2026,11:56:53,34.5,47.7
06/26/2026,12:01:53,34.6,47.0
06/26/2026,12:06:53,34.7,47.0
06/26/2026,12:11:53,35.0,45.2
06/26/2026,12:16:53,35.1,44.1
06/26/2026,12:21:53,35.3,44.1
06/26/2026,12:26:53,35.4,43.8
06/26/2026,12:31:53,35.6,43.1
06/26/2026,12:36:53,35.7,42.7
06/26/2026,12:41:53,35.8,41.6
06/26/2026,12:46:53,36.0,39.8
06/26/2026,12:51:53,35.9,38.8
06/26/2026,12:56:53,35.9,39.5
06/26/2026,13:01:53,36.1,39.3
06/26/2026,13:06:53,36.2,39.4
06/26/2026,13:11:53,36.3,40.0
06/26/2026,13:16:53,36.4,39.8
06/26/2026,13:21:53,36.5,39.3
06/26/2026,13:26:53,36.6,39.9
06/26/2026,13:31:53,36.4,39.3
06/26/2026,13:36:53,36.4,39.5
06/26/2026,13:41:53,36.4,39.1
06/26/2026,13:46:53,36.5,39.4
06/26/2026,13:51:53,36.7,39.2
06/26/2026,13:56:53,36.9,38.9
06/26/2026,14:01:53,37.0,37.9
06/26/2026,14:06:53,37.2,37.9
06/26/2026,14:11:53,36.9,37.4
06/26/2026,14:16:53,36.7,37.1
06/26/2026,14:21:53,36.5,37.6
06/26/2026,14:26:53,36.3,37.0
06/26/2026,14:31:53,36.2,36.2
06/26/2026,14:36:53,36.3,36.2
06/26/2026,14:41:53,36.5,36.9
06/26/2026,14:46:53,36.6,35.6
06/26/2026,14:51:53,36.6,33.8
06/26/2026,14:56:53,36.6,32.8
06/26/2026,15:01:53,36.5,33.0
06/26/2026,15:06:53,36.2,33.3
06/26/2026,15:11:53,36.2,34.0
06/26/2026,15:16:53,36.2,33.5
06/26/2026,15:21:53,36.1,34.3
06/26/2026,15:26:53,36.4,33.6
06/26/2026,15:31:53,36.6,32.8
06/26/2026,15:36:53,36.5,33.2
06/26/2026,15:41:53,36.8,32.8
06/26/2026,15:46:53,36.7,32.5
06/26/2026,15:51:53,37.1,33.1
06/26/2026,15:56:53,37.4,32.8
06/26/2026,16:01:53,37.4,32.9
06/26/2026,16:06:53,37.5,33.0
06/26/2026,16:11:53,37.7,31.9
06/26/2026,16:16:53,37.6,32.1
06/26/2026,16:21:53,37.6,31.9
06/26/2026,16:26:53,37.6,32.0
06/26/2026,16:31:53,37.7,31.4
06/26/2026,16:36:53,37.6,31.0
06/26/2026,16:41:53,37.4,30.9
06/26/2026,16:46:53,37.5,31.3
06/26/2026,16:51:53,37.3,30.9
06/26/2026,16:56:53,37.1,31.0
06/26/2026,17:01:53,36.8,31.3
06/26/2026,17:06:53,36.5,30.6
06/26/2026,17:11:53,36.3,31.3
06/26/2026,17:16:53,36.0,31.2
06/26/2026,17:21:53,35.9,31.7
06/26/2026,17:26:53,35.8,32.0
06/26/2026,17:31:53,35.7,32.3
06/26/2026,17:36:53,35.5,32.8
06/26/2026,17:41:53,35.5,32.6
06/26/2026,17:46:53,35.4,33.2
06/26/2026,17:51:53,35.3,33.4
06/26/2026,17:56:53,35.2,33.4
06/26/2026,18:01:53,35.1,33.3
06/26/2026,18:06:53,35.0,33.6
06/26/2026,18:11:53,34.9,33.6
06/26/2026,18:16:53,34.9,32.8
06/26/2026,18:21:53,34.8,32.6
06/26/2026,18:26:53,34.6,32.6
06/26/2026,18:31:53,34.5,32.5
06/26/2026,18:36:53,34.4,32.6
06/26/2026,18:41:53,34.3,32.4
06/26/2026,18:46:53,34.3,32.6
06/26/2026,18:51:53,34.3,32.9
06/26/2026,18:56:53,34.3,32.8
06/26/2026,19:01:53,34.3,33.0
06/26/2026,19:06:53,34.4,32.9
06/26/2026,19:11:53,34.6,32.5
06/26/2026,19:16:53,34.9,32.4
06/26/2026,19:21:53,35.1,32.3
06/26/2026,19:26:53,35.1,31.9
06/26/2026,19:31:53,35.1,32.1
06/26/2026,19:36:53,35.0,31.9
06/26/2026,19:41:53,34.7,32.3
06/26/2026,19:46:53,34.5,32.5
06/26/2026,19:51:53,34.3,32.8
06/26/2026,19:56:53,34.1,33.2
06/26/2026,20:01:53,33.8,33.7
06/26/2026,20:06:53,33.6,34.1
06/26/2026,20:11:53,33.3,34.5
06/26/2026,20:16:53,33.0,34.6
06/26/2026,20:21:53,32.7,35.0
06/26/2026,20:26:53,32.5,35.5
06/26/2026,20:31:53,32.3,35.8
06/26/2026,20:36:53,32.2,36.8
06/26/2026,20:41:53,32.0,37.2
06/26/2026,20:46:53,31.9,37.3
06/26/2026,20:51:53,31.7,38.2
06/26/2026,20:56:53,31.6,38.1
06/26/2026,21:01:53,31.4,39.2
06/26/2026,21:06:53,31.3,39.3
06/26/2026,21:11:53,31.1,40.0
06/26/2026,21:16:53,30.9,40.4
06/26/2026,21:21:53,30.7,40.7
06/26/2026,21:26:53,30.6,41.3
06/26/2026,21:31:53,30.5,42.2
06/26/2026,21:36:53,30.3,42.8
06/26/2026,21:41:53,30.2,44.0
06/26/2026,21:46:53,30.1,45.4
06/26/2026,21:51:53,30.0,45.8
06/26/2026,21:56:53,29.8,46.7
06/26/2026,22:01:53,29.7,47.2
06/26/2026,22:06:53,29.5,47.6
06/26/2026,22:11:53,29.4,48.0
06/26/2026,22:16:53,29.2,48.5
06/26/2026,22:21:53,29.2,48.7
06/26/2026,22:26:53,29.0,49.1
06/26/2026,22:31:53,28.9,49.4
06/26/2026,22:36:53,28.8,49.7
06/26/2026,22:41:53,28.7,50.1
06/26/2026,22:46:53,28.6,50.3
06/26/2026,22:51:53,28.5,51.2
06/26/2026,22:56:53,28.4,51.8
06/26/2026,23:01:53,28.3,51.9
06/26/2026,23:06:53,28.2,52.7
06/26/2026,23:11:53,28.1,52.4
06/26/2026,23:16:53,27.9,52.6
06/26/2026,23:21:53,27.8,52.7
06/26/2026,23:26:53,27.6,52.9
06/26/2026,23:31:53,27.5,53.1
06/26/2026,23:36:53,27.3,53.2
06/26/2026,23:41:53,27.2,53.4
06/26/2026,23:46:53,27.2,53.3
06/26/2026,23:51:53,27.0,53.5
06/26/2026,23:56:53,27.0,53.6
06/27/2026,00:01:53,26.9,53.9
06/27/2026,00:06:53,26.8,54.1
06/27/2026,00:11:53,26.7,54.3
06/27/2026,00:16:53,26.7,54.4
06/27/2026,00:21:53,26.7,54.6
06/27/2026,00:26:53,26.7,54.8
06/27/2026,00:31:53,26.6,54.9
06/27/2026,00:36:53,26.5,54.7
06/27/2026,00:41:53,26.5,54.8
06/27/2026,00:46:53,26.5,55.3
06/27/2026,00:51:53,26.3,55.8
06/27/2026,00:56:53,26.2,57.4
06/27/2026,01:01:53,26.1,57.8
06/27/2026,01:06:53,26.1,58.2
06/27/2026,01:11:53,26.1,58.6
06/27/2026,01:16:53,25.9,58.5
06/27/2026,01:21:53,25.9,58.9
06/27/2026,01:26:53,25.8,59.0
06/27/2026,01:31:53,25.7,59.3
06/27/2026,01:36:53,25.6,59.9
06/27/2026,01:41:53,25.5,60.4
06/27/2026,01:46:53,25.4,61.1
06/27/2026,01:51:53,25.2,61.2
06/27/2026,01:56:53,25.0,61.6
06/27/2026,02:01:53,25.0,61.8
06/27/2026,02:06:53,25.0,61.8
06/27/2026,02:11:53,25.0,61.8
06/27/2026,02:16:53,24.9,61.7
06/27/2026,02:21:53,24.8,61.9
06/27/2026,02:26:53,24.8,62.2
06/27/2026,02:31:53,24.7,62.7
06/27/2026,02:36:53,24.6,63.0
06/27/2026,02:41:53,24.5,63.3
06/27/2026,02:46:53,24.4,63.6
06/27/2026,02:51:53,24.3,63.9
06/27/2026,02:56:53,24.2,64.0
06/27/2026,03:01:53,24.1,64.1
06/27/2026,03:06:53,24.1,64.0
06/27/2026,03:11:53,24.0,64.2
06/27/2026,03:16:53,24.0,64.3
06/27/2026,03:21:53,24.0,64.3
06/27/2026,03:26:53,24.0,64.3
06/27/2026,03:31:53,24.0,64.5
06/27/2026,03:36:53,24.0,64.7
06/27/2026,03:41:53,24.0,64.7
06/27/2026,03:46:53,23.9,64.9
06/27/2026,03:51:53,23.9,65.0
06/27/2026,03:56:53,23.7,65.4
06/27/2026,04:01:53,23.7,65.6
06/27/2026,04:06:53,23.7,65.8
06/27/2026,04:11:53,23.7,65.7
06/27/2026,04:16:53,23.7,65.9
06/27/2026,04:21:53,23.6,66.1
06/27/2026,04:26:53,23.6,66.2
06/27/2026,04:31:53,23.5,66.5
06/27/2026,04:36:53,23.4,66.6
06/27/2026,04:41:53,23.4,66.6
06/27/2026,04:46:53,23.4,67.7
06/27/2026,04:51:53,23.3,68.4
06/27/2026,04:56:53,23.2,69.1
06/27/2026,05:01:53,23.1,70.1
06/27/2026,05:06:53,23.0,70.7
06/27/2026,05:11:53,23.0,71.2
06/27/2026,05:16:53,22.9,71.6
06/27/2026,05:21:53,22.8,71.8
06/27/2026,05:26:53,22.7,71.9
06/27/2026,05:31:53,22.7,72.4
06/27/2026,05:36:53,22.6,72.5
06/27/2026,05:41:53,22.6,73.1
06/27/2026,05:46:53,22.6,73.3
06/27/2026,05:51:53,22.4,73.4
06/27/2026,05:56:53,22.3,74.3
06/27/2026,06:01:53,22.4,74.9
06/27/2026,06:06:53,22.4,74.7
06/27/2026,06:11:53,22.5,75.2
06/27/2026,06:16:53,22.6,75.3
06/27/2026,06:21:53,22.6,74.7
06/27/2026,06:26:53,22.7,74.1
06/27/2026,06:31:53,22.7,73.6
06/27/2026,06:36:53,22.7,73.3
06/27/2026,06:41:53,22.6,73.1
06/27/2026,06:46:53,22.7,73.3
06/27/2026,06:51:53,22.7,73.0
06/27/2026,06:56:53,22.6,73.1
06/27/2026,07:01:53,22.6,73.1
06/27/2026,07:06:53,22.4,73.3
06/27/2026,07:11:53,22.4,73.7
06/27/2026,07:16:53,22.3,73.9
06/27/2026,07:21:53,22.4,74.1
06/27/2026,07:26:53,22.4,73.9
06/27/2026,07:31:53,22.5,74.0
06/27/2026,07:36:53,22.5,73.7
06/27/2026,07:41:53,22.5,73.6
06/27/2026,07:46:53,22.6,73.3
06/27/2026,07:51:53,22.7,72.8
06/27/2026,07:56:53,22.9,72.3
06/27/2026,08:01:53,23.1,71.7
06/27/2026,08:06:53,23.2,71.0
06/27/2026,08:11:53,23.3,70.4
06/27/2026,08:16:53,23.5,69.9
06/27/2026,08:21:53,23.6,69.0
06/27/2026,08:26:53,23.6,69.0
06/27/2026,08:31:53,23.8,67.8
06/27/2026,08:36:53,23.9,67.1
06/27/2026,08:41:53,24.1,67.4
06/27/2026,08:46:53,24.3,67.1
06/27/2026,08:51:53,24.5,66.0
06/27/2026,08:56:53,24.6,65.6
06/27/2026,09:01:53,24.6,65.0
06/27/2026,09:06:53,24.7,64.2
06/27/2026,09:11:53,24.9,63.6
06/27/2026,09:16:53,24.9,63.5
06/27/2026,09:21:53,25.2,62.9
06/27/2026,09:26:53,25.4,62.7
06/27/2026,09:31:53,25.6,62.4
06/27/2026,09:36:53,25.9,61.4
06/27/2026,09:41:53,26.0,61.3
06/27/2026,09:46:53,26.2,60.4
06/27/2026,09:51:53,26.1,59.5
06/27/2026,09:56:53,26.2,60.2
06/27/2026,10:01:53,26.5,59.6
06/27/2026,10:06:53,26.6,59.2
06/27/2026,10:11:53,26.7,58.9
06/27/2026,10:16:53,26.9,58.2
06/27/2026,10:21:53,27.1,58.8
06/27/2026,10:26:53,27.3,57.0
06/27/2026,10:31:53,27.5,56.7
06/27/2026,10:36:53,27.7,55.6
06/27/2026,10:41:53,27.8,55.0
06/27/2026,10:46:53,27.8,55.0
06/27/2026,10:51:53,28.1,54.4
06/27/2026,10:56:53,28.5,54.4
06/27/2026,11:01:53,28.5,54.3
06/27/2026,11:06:53,28.6,53.2
06/27/2026,11:11:53,28.6,52.9
06/27/2026,11:16:53,28.8,52.4
06/27/2026,11:21:53,28.9,52.3
06/27/2026,11:26:53,29.1,52.1
06/27/2026,11:31:53,29.2,51.2
06/27/2026,11:36:53,29.3,50.7
06/27/2026,11:41:53,29.3,51.2
06/27/2026,11:46:53,29.5,51.1
06/27/2026,11:51:53,29.7,51.3
06/27/2026,11:56:53,29.8,50.8
06/27/2026,12:01:53,30.0,50.9
06/27/2026,12:06:53,30.2,50.5
06/27/2026,12:11:53,30.3,49.9
06/27/2026,12:16:53,30.3,49.6
06/27/2026,12:21:53,30.4,49.4
06/27/2026,12:26:53,30.6,49.2
06/27/2026,12:31:53,30.8,48.8
06/27/2026,12:36:53,31.2,47.9
06/27/2026,12:41:53,31.2,47.5
06/27/2026,12:46:53,31.3,47.5
06/27/2026,12:51:53,31.5,47.1
06/27/2026,12:56:53,31.4,48.1
06/27/2026,13:01:53,31.4,46.4
06/27/2026,13:06:53,31.5,46.1
06/27/2026,13:11:53,31.5,46.5
06/27/2026,13:16:53,31.6,46.1
06/27/2026,13:21:53,31.7,46.1
06/27/2026,13:26:53,31.9,45.4
06/27/2026,13:31:53,31.8,45.4
06/27/2026,13:36:53,32.0,44.6
06/27/2026,13:41:53,32.2,44.3
06/27/2026,13:46:53,32.4,44.4
06/27/2026,13:51:53,32.4,44.2
06/27/2026,13:56:53,32.5,43.7
06/27/2026,14:01:53,32.2,43.6
06/27/2026,14:06:53,32.3,43.4
06/27/2026,14:11:53,32.3,43.3
06/27/2026,14:16:53,32.2,42.9
06/27/2026,14:21:53,32.3,43.4
06/27/2026,14:26:53,32.2,42.7
06/27/2026,14:31:53,32.1,43.5
06/27/2026,14:36:53,32.1,42.8
06/27/2026,14:41:53,32.0,43.2
06/27/2026,14:46:53,32.2,42.6
06/27/2026,14:51:53,32.5,42.2
06/27/2026,14:56:53,32.6,42.5
06/27/2026,15:01:53,32.7,42.4
06/27/2026,15:06:53,32.7,42.2
06/27/2026,15:11:53,32.6,42.8
06/27/2026,15:16:53,32.6,41.8
06/27/2026,15:21:53,32.8,41.8
06/27/2026,15:26:53,32.8,42.0
06/27/2026,15:31:53,32.7,41.6
06/27/2026,15:36:53,32.2,42.0
06/27/2026,15:41:53,32.1,42.2
06/27/2026,15:46:53,32.2,43.6
06/27/2026,15:51:53,32.3,42.3
06/27/2026,15:56:53,32.2,42.7
06/27/2026,16:01:53,32.2,42.1
06/27/2026,16:06:53,32.0,41.8
06/27/2026,16:11:53,31.8,41.7
06/27/2026,16:16:53,31.7,41.9
06/27/2026,16:21:53,31.7,41.9
06/27/2026,16:26:53,31.7,42.5
06/27/2026,16:31:53,31.8,42.3
06/27/2026,16:36:53,31.7,41.9
06/27/2026,16:41:53,31.6,41.9
06/27/2026,16:46:53,31.7,42.4
06/27/2026,16:51:53,31.8,42.3
06/27/2026,16:56:53,31.7,42.1
06/27/2026,17:01:53,31.7,42.1
06/27/2026,17:06:53,31.8,42.0
06/27/2026,17:11:53,31.7,41.9
06/27/2026,17:16:53,31.7,41.9
06/27/2026,17:21:53,31.7,42.1
06/27/2026,17:26:53,31.7,41.6
06/27/2026,17:31:53,31.7,42.0
06/27/2026,17:36:53,31.6,41.6
06/27/2026,17:41:53,31.5,41.5
06/27/2026,17:46:53,31.4,42.0
06/27/2026,17:51:53,31.3,44.3
06/27/2026,17:56:53,31.3,45.4
06/27/2026,18:01:53,31.2,46.0
06/27/2026,18:06:53,31.1,46.2
06/27/2026,18:11:53,31.0,46.8
06/27/2026,18:16:53,30.9,46.9
06/27/2026,18:21:53,30.7,47.4
06/27/2026,18:26:53,30.6,47.8
06/27/2026,18:31:53,30.5,48.3
06/27/2026,18:36:53,30.4,48.6
06/27/2026,18:41:53,30.2,49.2
06/27/2026,18:46:53,30.0,49.5
06/27/2026,18:51:53,29.7,50.4
06/27/2026,18:56:53,29.6,50.8
06/27/2026,19:01:53,29.4,51.2
06/27/2026,19:06:53,29.3,51.9
06/27/2026,19:11:53,29.2,52.7
06/27/2026,19:16:53,29.2,53.3
06/27/2026,19:21:53,29.2,53.6
06/27/2026,19:26:53,29.1,53.7
06/27/2026,19:31:53,29.0,53.7
06/27/2026,19:36:53,28.9,53.7
06/27/2026,19:41:53,28.8,53.9
06/27/2026,19:46:53,28.6,53.8
06/27/2026,19:51:53,28.6,54.2
06/27/2026,19:56:53,28.5,54.6
06/27/2026,20:01:53,28.4,55.2
06/27/2026,20:06:53,28.4,55.6
06/27/2026,20:11:53,28.4,56.1
06/27/2026,20:16:53,28.3,56.1
06/27/2026,20:21:53,28.1,56.4
06/27/2026,20:26:53,28.0,56.6
06/27/2026,20:31:53,27.9,56.8
06/27/2026,20:36:53,27.8,57.0
06/27/2026,20:41:53,27.8,57.1
06/27/2026,20:46:53,27.7,57.1
06/27/2026,20:51:53,27.6,57.3
06/27/2026,20:56:53,27.6,57.3
06/27/2026,21:01:53,27.5,57.4
06/27/2026,21:06:53,27.4,57.5
06/27/2026,21:11:53,27.3,57.6
06/27/2026,21:16:53,27.2,57.7
06/27/2026,21:21:53,27.2,57.8
06/27/2026,21:26:53,27.1,57.9
06/27/2026,21:31:53,27.0,58.1
06/27/2026,21:36:53,27.0,58.1
06/27/2026,21:41:53,26.9,57.8
06/27/2026,21:46:53,26.8,57.6
06/27/2026,21:51:53,26.7,57.4
06/27/2026,21:56:53,26.7,57.5
06/27/2026,22:01:53,26.5,57.7
06/27/2026,22:06:53,26.3,57.9
06/27/2026,22:11:53,26.2,58.0
06/27/2026,22:16:53,26.1,58.2
06/27/2026,22:21:53,26.0,58.4
06/27/2026,22:26:53,25.9,58.5
06/27/2026,22:31:53,25.7,58.8
06/27/2026,22:36:53,25.6,59.0
06/27/2026,22:41:53,25.5,59.3
06/27/2026,22:46:53,25.4,59.5
06/27/2026,22:51:53,25.3,59.5
06/27/2026,22:56:53,25.3,59.8
06/27/2026,23:01:53,25.2,60.1
06/27/2026,23:06:53,25.1,60.5
06/27/2026,23:11:53,24.9,60.8
06/27/2026,23:16:53,24.9,61.1
06/27/2026,23:21:53,24.8,61.3
06/27/2026,23:26:53,24.7,61.5
06/27/2026,23:31:53,24.6,61.6
06/27/2026,23:36:53,24.5,61.5
06/27/2026,23:41:53,24.4,61.4
06/27/2026,23:46:53,24.3,61.4
06/27/2026,23:51:53,24.3,61.5
06/27/2026,23:56:53,24.2,61.7
06/28/2026,00:01:53,24.1,62.2
06/28/2026,00:06:53,24.0,62.6
06/28/2026,00:11:53,23.9,63.0
06/28/2026,00:16:53,23.8,63.2
06/28/2026,00:21:53,23.7,63.4
06/28/2026,00:26:53,23.6,63.6
06/28/2026,00:31:53,23.5,64.1
06/28/2026,00:36:53,23.4,64.4
06/28/2026,00:41:53,23.3,64.7
06/28/2026,00:46:53,23.2,64.9
06/28/2026,00:51:53,23.2,65.1
06/28/2026,00:56:53,23.1,65.2
06/28/2026,01:01:53,23.0,65.4
06/28/2026,01:06:53,22.9,65.6
06/28/2026,01:11:53,22.9,65.8
06/28/2026,01:16:53,22.7,65.9
06/28/2026,01:21:53,22.7,66.1
06/28/2026,01:26:53,22.6,66.0
06/28/2026,01:31:53,22.5,66.2
06/28/2026,01:36:53,22.4,66.3
06/28/2026,01:41:53,22.4,66.5
06/28/2026,01:46:53,22.3,66.5
06/28/2026,01:51:53,22.2,66.5
06/28/2026,01:56:53,22.1,66.6
06/28/2026,02:01:53,22.1,66.5
06/28/2026,02:06:53,22.0,66.4
06/28/2026,02:11:53,21.9,66.4
06/28/2026,02:16:53,21.8,66.5
06/28/2026,02:21:53,21.8,66.5
06/28/2026,02:26:53,21.7,66.4
06/28/2026,02:31:53,21.7,66.2
06/28/2026,02:36:53,21.6,66.0
06/28/2026,02:41:53,21.5,65.9
06/28/2026,02:46:53,21.4,65.8
06/28/2026,02:51:53,21.3,65.8
06/28/2026,02:56:53,21.3,65.8
06/28/2026,03:01:53,21.2,65.8
06/28/2026,03:06:53,21.2,65.9
06/28/2026,03:11:53,21.1,65.9
06/28/2026,03:16:53,21.0,66.0
06/28/2026,03:21:53,21.0,66.1
06/28/2026,03:26:53,20.8,66.3
06/28/2026,03:31:53,20.8,66.3
06/28/2026,03:36:53,20.8,66.4
06/28/2026,03:41:53,20.8,66.5
06/28/2026,03:46:53,20.7,66.6
06/28/2026,03:51:53,20.6,66.7
06/28/2026,03:56:53,20.5,67.0
06/28/2026,04:01:53,20.4,67.1
06/28/2026,04:06:53,20.4,67.3
06/28/2026,04:11:53,20.3,67.4
06/28/2026,04:16:53,20.3,67.5
06/28/2026,04:21:53,20.2,67.6
06/28/2026,04:26:53,20.1,67.9
06/28/2026,04:31:53,20.1,67.8
06/28/2026,04:36:53,20.1,67.9
06/28/2026,04:41:53,20.1,67.9
06/28/2026,04:46:53,20.0,67.8
06/28/2026,04:51:53,20.0,67.8
06/28/2026,04:56:53,19.9,67.7
06/28/2026,05:01:53,19.9,67.8
06/28/2026,05:06:53,19.9,67.8
06/28/2026,05:11:53,19.8,68.0
06/28/2026,05:16:53,19.8,68.0
06/28/2026,05:21:53,19.7,68.0
06/28/2026,05:26:53,19.8,68.0
06/28/2026,05:31:53,19.8,67.9
06/28/2026,05:36:53,19.7,67.9
06/28/2026,05:41:53,19.7,68.1
06/28/2026,05:46:53,19.7,67.9
06/28/2026,05:51:53,19.7,68.1
06/28/2026,05:56:53,19.7,68.2
06/28/2026,06:01:53,19.7,68.3
06/28/2026,06:06:53,19.7,68.4
06/28/2026,06:11:53,19.7,68.5
06/28/2026,06:16:53,19.7,68.5
06/28/2026,06:21:53,19.7,68.6
06/28/2026,06:26:53,19.7,68.9
06/28/2026,06:31:53,19.7,69.1
06/28/2026,06:36:53,19.8,69.3
06/28/2026,06:41:53,19.8,69.3
06/28/2026,06:46:53,19.9,69.2
06/28/2026,06:51:53,20.0,69.3
06/28/2026,06:56:53,20.1,69.3
06/28/2026,07:01:53,20.2,69.4
06/28/2026,07:06:53,20.3,69.5
06/28/2026,07:11:53,20.4,69.5
06/28/2026,07:16:53,20.5,69.7
06/28/2026,07:21:53,20.7,69.3
06/28/2026,07:26:53,20.8,69.5
06/28/2026,07:31:53,20.9,69.6
06/28/2026,07:36:53,21.1,69.2
06/28/2026,07:41:53,21.3,68.9
06/28/2026,07:46:53,21.3,68.8
06/28/2026,07:51:53,21.5,68.8
06/28/2026,07:56:53,21.5,68.6
06/28/2026,08:01:53,21.5,68.7
06/28/2026,08:06:53,21.7,68.7
06/28/2026,08:11:53,21.9,68.2
06/28/2026,08:16:53,22.1,67.9
06/28/2026,08:21:53,22.2,67.7
06/28/2026,08:26:53,22.4,67.4
06/28/2026,08:31:53,22.5,66.6
06/28/2026,08:36:53,22.5,66.2
06/28/2026,08:41:53,22.5,66.0
06/28/2026,08:46:53,22.5,65.6
06/28/2026,08:51:53,22.5,65.5
06/28/2026,08:56:53,22.5,65.7
06/28/2026,09:01:53,22.4,65.5
06/28/2026,09:06:53,22.5,65.3
06/28/2026,09:11:53,22.5,65.3
06/28/2026,09:16:53,22.7,65.1
06/28/2026,09:21:53,22.7,65.0
06/28/2026,09:26:53,22.9,64.9
06/28/2026,09:31:53,23.1,64.4
06/28/2026,09:36:53,23.4,63.8
06/28/2026,09:41:53,23.4,63.2
06/28/2026,09:46:53,23.3,63.3
06/28/2026,09:51:53,23.3,62.3
06/28/2026,09:56:53,23.3,61.7
06/28/2026,10:01:53,23.3,61.7
06/28/2026,10:06:53,23.4,61.1
06/28/2026,10:11:53,23.7,60.7
06/28/2026,10:16:53,23.9,60.6
06/28/2026,10:21:53,24.3,59.6
06/28/2026,10:26:53,24.5,57.6
06/28/2026,10:31:53,24.8,57.1
06/28/2026,10:36:53,25.0,56.3
06/28/2026,10:41:53,24.9,55.1
06/28/2026,10:46:53,25.1,55.4
06/28/2026,10:51:53,25.3,54.6
06/28/2026,10:56:53,25.4,54.3
06/28/2026,11:01:53,25.5,53.3
06/28/2026,11:06:53,25.4,53.4
06/28/2026,11:11:53,25.4,53.9
06/28/2026,11:16:53,25.3,54.2
06/28/2026,11:21:53,25.3,54.0
06/28/2026,11:26:53,25.4,54.6
06/28/2026,11:31:53,25.4,54.4
06/28/2026,11:36:53,25.2,54.8
06/28/2026,11:41:53,25.3,55.1
06/28/2026,11:46:53,25.7,54.0
06/28/2026,11:51:53,25.4,54.2
06/28/2026,11:56:53,24.9,54.0
06/28/2026,12:01:53,24.9,54.6
06/28/2026,12:06:53,25.2,54.0
06/28/2026,12:11:53,25.3,54.3
06/28/2026,12:16:53,25.4,54.3
06/28/2026,12:21:53,25.7,54.6
06/28/2026,12:26:53,25.7,53.8
06/28/2026,12:31:53,25.7,52.7
06/28/2026,12:36:53,25.6,52.2
06/28/2026,12:41:53,25.5,53.4
06/28/2026,12:46:53,25.8,53.6
06/28/2026,12:51:53,25.6,53.1
06/28/2026,12:56:53,25.7,51.3
06/28/2026,13:01:53,25.8,50.0
06/28/2026,13:06:53,26.2,49.5
06/28/2026,13:11:53,26.4,48.6
06/28/2026,13:16:53,26.4,48.3
06/28/2026,13:21:53,26.5,48.1
06/28/2026,13:26:53,26.4,47.8
06/28/2026,13:31:53,26.8,48.2
06/28/2026,13:36:53,26.9,47.0
06/28/2026,13:41:53,26.6,47.4
06/28/2026,13:46:53,26.9,46.6
06/28/2026,13:51:53,27.1,46.0
06/28/2026,13:56:53,26.9,46.0
06/28/2026,14:01:53,26.6,46.2
06/28/2026,14:06:53,26.6,46.1
06/28/2026,14:11:53,26.5,46.0
06/28/2026,14:16:53,26.4,45.9
06/28/2026,14:21:53,26.4,45.1
06/28/2026,14:26:53,25.9,44.9
06/28/2026,14:31:53,25.9,45.0
06/28/2026,14:36:53,26.0,44.9
06/28/2026,14:41:53,25.9,45.1
06/28/2026,14:46:53,26.0,44.9
06/28/2026,14:51:53,26.3,44.8
06/28/2026,14:56:53,26.3,44.3
06/28/2026,15:01:53,26.4,44.9
06/28/2026,15:06:53,26.4,43.9
06/28/2026,15:11:53,26.8,44.0
06/28/2026,15:16:53,26.9,42.7
06/28/2026,15:21:53,27.0,42.6
06/28/2026,15:26:53,27.0,42.1
06/28/2026,15:31:53,27.3,41.9
06/28/2026,15:36:53,27.7,42.1
06/28/2026,15:41:53,27.8,40.2
06/28/2026,15:46:53,27.1,40.7
06/28/2026,15:51:53,27.5,41.0
06/28/2026,15:56:53,27.4,40.3
06/28/2026,16:01:53,27.5,40.9
06/28/2026,16:06:53,27.9,39.8
06/28/2026,16:11:53,27.6,39.7
06/28/2026,16:16:53,27.8,39.0
06/28/2026,16:21:53,27.6,39.1
06/28/2026,16:26:53,27.4,39.1
06/28/2026,16:31:53,27.4,38.7
06/28/2026,16:36:53,27.4,38.5
06/28/2026,16:41:53,27.1,38.6
06/28/2026,16:46:53,26.8,38.0
06/28/2026,16:51:53,26.3,38.4
06/28/2026,16:56:53,25.8,39.0
06/28/2026,17:01:53,25.5,39.9
06/28/2026,17:06:53,25.8,39.9
06/28/2026,17:11:53,25.9,39.7
06/28/2026,17:16:53,25.6,39.6
06/28/2026,17:21:53,25.6,39.1
06/28/2026,17:26:53,25.4,39.4
06/28/2026,17:31:53,25.3,39.0
06/28/2026,17:36:53,25.3,39.3
06/28/2026,17:41:53,25.0,39.2
06/28/2026,17:46:53,25.1,39.2
06/28/2026,17:51:53,25.3,38.7
06/28/2026,17:56:53,25.4,38.5
06/28/2026,18:01:53,25.3,38.8
06/28/2026,18:06:53,25.2,38.9
06/28/2026,18:11:53,25.2,38.8
06/28/2026,18:16:53,24.8,38.8
06/28/2026,18:21:53,24.5,39.1
06/28/2026,18:26:53,24.4,39.4
06/28/2026,18:31:53,24.1,39.8
06/28/2026,18:36:53,24.0,40.0
06/28/2026,18:41:53,23.9,40.4
06/28/2026,18:46:53,24.1,40.5
06/28/2026,18:51:53,23.9,40.6
06/28/2026,18:56:53,23.9,41.0
06/28/2026,19:01:53,24.0,41.1
06/28/2026,19:06:53,23.9,41.2
06/28/2026,19:11:53,24.2,41.5
06/28/2026,19:16:53,24.2,41.3
06/28/2026,19:21:53,23.9,41.6
06/28/2026,19:26:53,23.9,41.4
06/28/2026,19:31:53,23.7,41.4
06/28/2026,19:36:53,23.6,41.6
06/28/2026,19:41:53,23.6,41.6
06/28/2026,19:46:53,23.6,41.5
06/28/2026,19:51:53,23.4,41.5
06/28/2026,19:56:53,23.4,41.6
06/28/2026,20:01:53,23.4,41.6
06/28/2026,20:06:53,23.5,41.6
06/28/2026,20:11:53,23.6,42.0
06/28/2026,20:16:53,23.5,42.3
06/28/2026,20:21:53,23.5,42.7
06/28/2026,20:26:53,23.4,43.3
06/28/2026,20:31:53,23.2,42.2
06/28/2026,20:36:53,23.0,42.5
06/28/2026,20:41:53,22.9,42.8
06/28/2026,20:46:53,22.5,42.9
06/28/2026,20:51:53,22.3,43.4
06/28/2026,20:56:53,22.2,43.7
06/28/2026,21:01:53,22.0,43.7
06/28/2026,21:06:53,21.9,44.1
06/28/2026,21:11:53,21.8,44.0
06/28/2026,21:16:53,21.6,44.4
06/28/2026,21:21:53,21.5,44.7
06/28/2026,21:26:53,21.4,45.1
06/28/2026,21:31:53,21.3,45.1
06/28/2026,21:36:53,21.1,45.5
06/28/2026,21:41:53,21.0,45.4
06/28/2026,21:46:53,20.9,45.6
06/28/2026,21:51:53,20.8,46.0
06/28/2026,21:56:53,20.7,46.3
06/28/2026,22:01:53,20.5,46.6
06/28/2026,22:06:53,20.4,46.9
06/28/2026,22:11:53,20.2,47.4
06/28/2026,22:16:53,20.1,47.4
06/28/2026,22:21:53,19.9,47.6
06/28/2026,22:26:53,19.7,47.9
06/28/2026,22:31:53,19.6,48.2
06/28/2026,22:36:53,19.4,48.6
06/28/2026,22:41:53,19.3,48.7
06/28/2026,22:46:53,19.2,49.0
06/28/2026,22:51:53,19.1,49.0
06/28/2026,22:56:53,19.0,49.5
06/28/2026,23:01:53,19.0,49.4
06/28/2026,23:06:53,18.9,49.6
06/28/2026,23:11:53,18.8,49.8
06/28/2026,23:16:53,18.6,50.1
06/28/2026,23:21:53,18.5,50.5
06/28/2026,23:26:53,18.4,50.9
06/28/2026,23:31:53,18.3,50.9
06/28/2026,23:36:53,18.2,51.3
06/28/2026,23:41:53,18.1,51.6
06/28/2026,23:46:53,18.0,51.9
06/28/2026,23:51:53,18.0,52.1
06/28/2026,23:56:53,17.8,52.4
06/29/2026,00:01:53,17.7,52.8
06/29/2026,00:06:53,17.6,53.2
06/29/2026,00:11:53,17.5,53.3
06/29/2026,00:16:53,17.4,53.7
06/29/2026,00:21:53,17.4,54.1
06/29/2026,00:26:53,17.3,54.2
06/29/2026,00:31:53,17.2,54.4
06/29/2026,00:36:53,17.1,54.7
06/29/2026,00:41:53,17.1,55.1
06/29/2026,00:46:53,17.0,55.7
06/29/2026,00:51:53,16.9,55.7
06/29/2026,00:56:53,16.9,56.0
06/29/2026,01:01:53,16.8,56.1
06/29/2026,01:06:53,16.7,56.3
06/29/2026,01:11:53,16.7,56.4
06/29/2026,01:16:53,16.6,56.8
06/29/2026,01:21:53,16.5,57.0
06/29/2026,01:26:53,16.4,57.1
06/29/2026,01:31:53,16.3,57.7
06/29/2026,01:36:53,16.2,57.9
06/29/2026,01:41:53,16.1,58.3
06/29/2026,01:46:53,16.1,58.4
06/29/2026,01:51:53,15.9,58.7
06/29/2026,01:56:53,15.8,59.2
06/29/2026,02:01:53,15.8,59.4
06/29/2026,02:06:53,15.7,59.6
06/29/2026,02:11:53,15.6,59.9
06/29/2026,02:16:53,15.6,60.2
06/29/2026,02:21:53,15.4,60.5
06/29/2026,02:26:53,15.4,60.8
06/29/2026,02:31:53,15.3,61.1
06/29/2026,02:36:53,15.3,61.6
06/29/2026,02:41:53,15.2,61.6
06/29/2026,02:46:53,15.2,61.8
06/29/2026,02:51:53,15.2,62.1
06/29/2026,02:56:53,15.2,62.3
06/29/2026,03:01:53,15.1,62.5
06/29/2026,03:06:53,15.1,62.6
06/29/2026,03:11:53,15.0,62.9
06/29/2026,03:16:53,14.9,63.1
06/29/2026,03:21:53,14.8,63.2
06/29/2026,03:26:53,14.7,63.4
06/29/2026,03:31:53,14.6,63.9
06/29/2026,03:36:53,14.6,64.0
06/29/2026,03:41:53,14.5,64.3
06/29/2026,03:46:53,14.5,64.5
06/29/2026,03:51:53,14.4,64.7
06/29/2026,03:56:53,14.3,65.0
06/29/2026,04:01:53,14.3,65.4
06/29/2026,04:06:53,14.2,65.6
06/29/2026,04:11:53,14.2,65.9
06/29/2026,04:16:53,14.1,66.1
06/29/2026,04:21:53,14.0,66.3
06/29/2026,04:26:53,14.0,66.6
06/29/2026,04:31:53,13.9,66.8
06/29/2026,04:36:53,13.9,67.1
06/29/2026,04:41:53,13.8,67.1
06/29/2026,04:46:53,13.7,67.5
06/29/2026,04:51:53,13.6,67.8
06/29/2026,04:56:53,13.6,68.0
06/29/2026,05:01:53,13.5,68.3
06/29/2026,05:06:53,13.5,68.7
06/29/2026,05:11:53,13.5,68.7
06/29/2026,05:16:53,13.4,68.9
06/29/2026,05:21:53,13.5,68.9
06/29/2026,05:26:53,13.5,69.1
06/29/2026,05:31:53,13.5,69.2
06/29/2026,05:36:53,13.5,69.4
06/29/2026,05:41:53,13.5,69.6
06/29/2026,05:46:53,13.5,69.7
06/29/2026,05:51:53,13.5,70.0
06/29/2026,05:56:53,13.6,70.1
06/29/2026,06:01:53,13.6,70.1
06/29/2026,06:06:53,13.6,70.3
06/29/2026,06:11:53,13.6,70.4
06/29/2026,06:16:53,13.7,70.5
06/29/2026,06:21:53,13.8,70.6
06/29/2026,06:26:53,13.8,70.7
06/29/2026,06:31:53,13.8,70.8
06/29/2026,06:36:53,13.9,70.7
06/29/2026,06:41:53,14.0,70.9
06/29/2026,06:46:53,14.1,70.9
06/29/2026,06:51:53,14.2,71.1
06/29/2026,06:56:53,14.3,70.9
06/29/2026,07:01:53,14.5,70.7
06/29/2026,07:06:53,14.7,70.5
06/29/2026,07:11:53,14.9,69.7
06/29/2026,07:16:53,15.0,69.5
06/29/2026,07:21:53,15.1,69.2
06/29/2026,07:26:53,15.3,69.0
06/29/2026,07:31:53,15.4,68.6
06/29/2026,07:36:53,15.6,68.1
06/29/2026,07:41:53,15.8,67.6
06/29/2026,07:46:53,15.9,66.6
06/29/2026,07:51:53,16.1,66.3
06/29/2026,07:56:53,16.2,65.7
06/29/2026,08:01:53,16.3,65.7
06/29/2026,08:06:53,16.4,64.9
06/29/2026,08:11:53,16.5,64.9
06/29/2026,08:16:53,16.6,64.6
06/29/2026,08:21:53,16.8,64.3
06/29/2026,08:26:53,16.9,63.5
06/29/2026,08:31:53,17.1,63.4
06/29/2026,08:36:53,17.2,62.7
06/29/2026,08:41:53,17.3,62.0
06/29/2026,08:46:53,17.3,61.2
06/29/2026,08:51:53,17.5,61.1
06/29/2026,08:56:53,17.7,60.8
06/29/2026,09:01:53,17.9,60.5
06/29/2026,09:06:53,18.1,60.4
06/29/2026,09:11:53,18.3,59.3
06/29/2026,09:16:53,18.3,58.4
06/29/2026,09:21:53,18.3,57.5
06/29/2026,09:26:53,18.5,57.7
06/29/2026,09:31:53,18.7,57.9
06/29/2026,09:36:53,18.9,56.9
06/29/2026,09:41:53,18.9,57.1
06/29/2026,09:46:53,19.2,56.0
06/29/2026,09:51:53,19.3,55.4
06/29/2026,09:56:53,19.4,54.2
06/29/2026,10:01:53,19.5,55.1
06/29/2026,10:06:53,19.6,54.6
06/29/2026,10:11:53,19.7,54.2
06/29/2026,10:16:53,19.7,54.1
06/29/2026,10:21:53,20.0,54.2
06/29/2026,10:26:53,20.1,53.7
06/29/2026,10:31:53,20.2,53.2
06/29/2026,10:36:53,20.6,52.8
06/29/2026,10:41:53,20.7,52.4
06/29/2026,10:46:53,20.7,52.9
06/29/2026,10:51:53,20.9,51.5
06/29/2026,10:56:53,21.2,51.3
06/29/2026,11:01:53,21.2,51.7
06/29/2026,11:06:53,21.5,51.3
06/29/2026,11:11:53,21.6,50.2
06/29/2026,11:16:53,21.7,50.0
06/29/2026,11:21:53,21.7,49.3
06/29/2026,11:26:53,21.7,49.5
06/29/2026,11:31:53,21.8,50.5
06/29/2026,11:36:53,22.2,49.5
06/29/2026,11:41:53,22.4,49.0
06/29/2026,11:46:53,22.6,47.9
06/29/2026,11:51:53,22.6,47.9
06/29/2026,11:56:53,22.7,47.3
06/29/2026,12:01:53,22.9,47.6
06/29/2026,12:06:53,23.2,46.4
06/29/2026,12:11:53,23.4,46.2
06/29/2026,12:16:53,23.4,46.1
06/29/2026,12:21:53,23.5,45.7
06/29/2026,12:26:53,23.9,45.2
06/29/2026,12:31:53,23.8,45.4
06/29/2026,12:36:53,23.9,46.0
06/29/2026,12:41:53,24.1,45.2
06/29/2026,12:46:53,24.0,43.8
06/29/2026,12:51:53,23.7,44.0
06/29/2026,12:56:53,23.9,44.4
06/29/2026,13:01:53,24.1,44.4
06/29/2026,13:06:53,24.5,44.1
06/29/2026,13:11:53,24.6,43.4
06/29/2026,13:16:53,24.5,42.7
06/29/2026,13:21:53,24.3,43.2
06/29/2026,13:26:53,24.2,43.6
06/29/2026,13:31:53,24.5,42.6
06/29/2026,13:36:53,24.5,42.7
06/29/2026,13:41:53,24.6,42.9
06/29/2026,13:46:53,24.3,42.2
06/29/2026,13:51:53,24.1,43.6
06/29/2026,13:56:53,24.5,43.0
06/29/2026,14:01:53,24.8,42.8
06/29/2026,14:06:53,24.6,42.9
06/29/2026,14:11:53,24.5,42.8
06/29/2026,14:16:53,24.1,42.9
06/29/2026,14:21:53,24.3,42.8
06/29/2026,14:26:53,24.6,43.0
06/29/2026,14:31:53,24.7,42.4
06/29/2026,14:36:53,24.5,42.4
06/29/2026,14:41:53,24.2,42.7
06/29/2026,14:46:53,24.1,42.5
06/29/2026,14:51:53,24.1,42.9
06/29/2026,14:56:53,24.3,42.4
06/29/2026,15:01:53,24.3,43.2
06/29/2026,15:06:53,24.4,43.0
06/29/2026,15:11:53,24.3,42.9
06/29/2026,15:16:53,24.3,42.7
06/29/2026,15:21:53,24.3,42.5
06/29/2026,15:26:53,24.3,43.0
06/29/2026,15:31:53,24.4,43.3
06/29/2026,15:36:53,24.2,42.6
06/29/2026,15:41:53,24.2,42.5
06/29/2026,15:46:53,24.2,42.0
06/29/2026,15:51:53,23.9,42.1
06/29/2026,15:56:53,23.7,42.4
06/29/2026,16:01:53,23.9,42.3
06/29/2026,16:06:53,24.2,42.5
06/29/2026,16:11:53,24.2,41.5
06/29/2026,16:16:53,24.2,41.9
06/29/2026,16:21:53,24.5,41.9
06/29/2026,16:26:53,24.7,40.6
06/29/2026,16:31:53,24.7,40.6
06/29/2026,16:36:53,25.0,40.8
06/29/2026,16:41:53,25.4,40.2
06/29/2026,16:46:53,25.4,40.2
06/29/2026,16:51:53,25.3,40.2
06/29/2026,16:56:53,25.0,40.3
06/29/2026,17:01:53,25.0,40.3
06/29/2026,17:06:53,24.9,40.1
06/29/2026,17:11:53,24.8,40.1
06/29/2026,17:16:53,24.6,40.2
06/29/2026,17:21:53,24.5,40.8
06/29/2026,17:26:53,24.3,41.0
06/29/2026,17:31:53,24.3,41.0
06/29/2026,17:36:53,24.2,41.0
06/29/2026,17:41:53,23.9,40.6
06/29/2026,17:46:53,23.8,41.1
06/29/2026,17:51:53,24.0,41.9
06/29/2026,17:56:53,24.1,42.0
06/29/2026,18:01:53,24.1,41.4
06/29/2026,18:06:53,24.2,42.1
06/29/2026,18:11:53,24.1,42.1
06/29/2026,18:16:53,24.2,41.7
06/29/2026,18:21:53,24.0,42.1
06/29/2026,18:26:53,23.9,41.8
06/29/2026,18:31:53,23.8,41.8
06/29/2026,18:36:53,23.7,41.8
06/29/2026,18:41:53,23.7,42.2
06/29/2026,18:46:53,23.7,42.1
06/29/2026,18:51:53,23.9,42.6
06/29/2026,18:56:53,24.2,42.0
06/29/2026,19:01:53,24.2,41.7
06/29/2026,19:06:53,24.0,42.1
06/29/2026,19:11:53,23.8,42.6
06/29/2026,19:16:53,23.5,42.4
06/29/2026,19:21:53,23.3,42.4
06/29/2026,19:26:53,23.1,42.7
06/29/2026,19:31:53,23.1,43.2
06/29/2026,19:36:53,23.2,43.4
06/29/2026,19:41:53,23.1,43.1
06/29/2026,19:46:53,22.9,43.4
06/29/2026,19:51:53,22.8,43.5
06/29/2026,19:56:53,22.7,43.7
06/29/2026,20:01:53,22.6,44.0
06/29/2026,20:06:53,22.5,44.6
06/29/2026,20:11:53,22.5,44.7
06/29/2026,20:16:53,22.5,45.3
06/29/2026,20:21:53,22.5,45.1
06/29/2026,20:26:53,22.4,45.3
06/29/2026,20:31:53,22.4,45.5
06/29/2026,20:36:53,22.4,45.5
06/29/2026,20:41:53,22.4,45.7
06/29/2026,20:46:53,22.3,45.9
06/29/2026,20:51:53,22.3,46.0
06/29/2026,20:56:53,22.2,46.2
06/29/2026,21:01:53,22.1,46.5
06/29/2026,21:06:53,22.0,47.2
06/29/2026,21:11:53,22.0,47.2
06/29/2026,21:16:53,21.9,47.3
06/29/2026,21:21:53,21.8,47.7
06/29/2026,21:26:53,21.8,47.7
06/29/2026,21:31:53,21.7,48.2
06/29/2026,21:36:53,21.7,48.4
06/29/2026,21:41:53,21.6,49.4
06/29/2026,21:46:53,21.6,49.3
06/29/2026,21:51:53,21.6,49.3
06/29/2026,21:56:53,21.5,50.5
06/29/2026,22:01:53,21.5,50.4
06/29/2026,22:06:53,21.4,49.9
06/29/2026,22:11:53,21.3,50.4
06/29/2026,22:16:53,21.2,50.5
06/29/2026,22:21:53,21.1,50.8
06/29/2026,22:26:53,21.1,50.9
06/29/2026,22:31:53,21.0,51.5
06/29/2026,22:36:53,21.0,51.3
06/29/2026,22:41:53,20.9,52.1
06/29/2026,22:46:53,20.9,52.0
06/29/2026,22:51:53,20.8,52.4
06/29/2026,22:56:53,20.7,51.7
06/29/2026,23:01:53,20.7,53.4
06/29/2026,23:06:53,20.6,53.5
06/29/2026,23:11:53,20.6,53.7
06/29/2026,23:16:53,20.6,53.7
06/29/2026,23:21:53,20.5,53.6
06/29/2026,23:26:53,20.5,53.3
06/29/2026,23:31:53,20.5,53.5
06/29/2026,23:36:53,20.5,53.6
06/29/2026,23:41:53,20.4,54.0
06/29/2026,23:46:53,20.4,53.4
06/29/2026,23:51:53,20.3,53.9
06/29/2026,23:56:53,20.3,54.7
06/30/2026,00:01:53,20.2,54.0
06/30/2026,00:06:53,20.2,54.1
06/30/2026,00:11:53,20.1,54.1
06/30/2026,00:16:53,20.0,54.6
06/30/2026,00:21:53,20.0,53.9
06/30/2026,00:26:53,20.0,54.2
06/30/2026,00:31:53,20.0,54.4
06/30/2026,00:36:53,19.9,53.9
06/30/2026,00:41:53,19.9,53.9
06/30/2026,00:46:53,19.9,53.6
06/30/2026,00:51:53,19.8,54.4
06/30/2026,00:56:53,19.8,54.4
06/30/2026,01:01:53,19.8,54.6
06/30/2026,01:06:53,19.8,54.8
06/30/2026,01:11:53,19.7,54.8
06/30/2026,01:16:53,19.7,55.4
06/30/2026,01:21:53,19.7,55.1
06/30/2026,01:26:53,19.6,55.2
06/30/2026,01:31:53,19.6,55.2
06/30/2026,01:36:53,19.5,55.8
06/30/2026,01:41:53,19.5,56.2
06/30/2026,01:46:53,19.5,55.8
06/30/2026,01:51:53,19.4,56.2
06/30/2026,01:56:53,19.4,56.3
06/30/2026,02:01:53,19.3,56.4
06/30/2026,02:06:53,19.3,56.8
06/30/2026,02:11:53,19.2,57.1
06/30/2026,02:16:53,19.2,57.2
06/30/2026,02:21:53,19.1,57.5
06/30/2026,02:26:53,19.1,57.3
06/30/2026,02:31:53,19.1,57.2
06/30/2026,02:36:53,19.0,57.4
06/30/2026,02:41:53,19.0,57.5
06/30/2026,02:46:53,19.0,57.8
06/30/2026,02:51:53,18.9,57.9
06/30/2026,02:56:53,18.9,58.4
06/30/2026,03:01:53,18.8,58.7
06/30/2026,03:06:53,18.8,59.4
06/30/2026,03:11:53,18.8,59.7
06/30/2026,03:16:53,18.7,59.9
06/30/2026,03:21:53,18.6,60.0
06/30/2026,03:26:53,18.5,60.3
06/30/2026,03:31:53,18.4,60.9
06/30/2026,03:36:53,18.3,61.1
06/30/2026,03:41:53,18.3,61.6
06/30/2026,03:46:53,18.3,62.3
06/30/2026,03:51:53,18.2,62.3
06/30/2026,03:56:53,18.1,62.7
06/30/2026,04:01:53,18.0,63.0
06/30/2026,04:06:53,17.9,63.3
06/30/2026,04:11:53,17.8,63.5
06/30/2026,04:16:53,17.8,63.9
06/30/2026,04:21:53,17.8,63.8
06/30/2026,04:26:53,17.8,63.6
06/30/2026,04:31:53,17.8,63.5
06/30/2026,04:36:53,17.8,63.8
06/30/2026,04:41:53,17.7,63.6
06/30/2026,04:46:53,17.8,63.9
06/30/2026,04:51:53,17.7,64.0
06/30/2026,04:56:53,17.7,64.6
06/30/2026,05:01:53,17.8,64.3
06/30/2026,05:06:53,17.7,65.1
06/30/2026,05:11:53,17.7,64.8
06/30/2026,05:16:53,17.7,65.4
06/30/2026,05:21:53,17.7,65.1
06/30/2026,05:26:53,17.7,65.0
06/30/2026,05:31:53,17.7,64.5
06/30/2026,05:36:53,17.7,64.8
06/30/2026,05:41:53,17.7,64.6
06/30/2026,05:46:53,17.7,64.8
06/30/2026,05:51:53,17.7,64.7
06/30/2026,05:56:53,17.6,65.0
06/30/2026,06:01:53,17.6,65.1
06/30/2026,06:06:53,17.5,65.6
06/30/2026,06:11:53,17.5,65.3
06/30/2026,06:16:53,17.5,65.4
06/30/2026,06:21:53,17.4,65.6
06/30/2026,06:26:53,17.4,65.0
06/30/2026,06:31:53,17.4,65.1
06/30/2026,06:36:53,17.4,65.1
06/30/2026,06:41:53,17.5,64.9
06/30/2026,06:46:53,17.6,64.8
06/30/2026,06:51:53,17.7,64.8
06/30/2026,06:56:53,17.7,65.0
06/30/2026,07:01:53,17.8,64.9
06/30/2026,07:06:53,17.9,65.1
06/30/2026,07:11:53,18.1,65.1
06/30/2026,07:16:53,18.2,64.8
06/30/2026,07:21:53,18.4,63.7
06/30/2026,07:26:53,18.6,63.6
06/30/2026,07:31:53,18.8,63.6
06/30/2026,07:36:53,18.9,62.4
06/30/2026,07:41:53,19.1,61.9
06/30/2026,07:46:53,19.3,62.5
06/30/2026,07:51:53,19.4,61.8
06/30/2026,07:56:53,19.5,61.4
06/30/2026,08:01:53,19.7,61.3
06/30/2026,08:06:53,19.7,61.1
06/30/2026,08:11:53,19.8,60.8
06/30/2026,08:16:53,20.0,60.7
06/30/2026,08:21:53,20.1,60.7
06/30/2026,08:26:53,20.2,61.2
06/30/2026,08:31:53,20.3,60.1
06/30/2026,08:36:53,20.4,59.5
06/30/2026,08:41:53,20.4,59.2
06/30/2026,08:46:53,20.4,59.6
06/30/2026,08:51:53,20.5,59.2
06/30/2026,08:56:53,20.5,57.8
06/30/2026,09:01:53,20.5,57.9
06/30/2026,09:06:53,20.5,57.9
06/30/2026,09:11:53,20.6,57.8
06/30/2026,09:16:53,20.6,57.7
06/30/2026,09:21:53,20.8,57.3
06/30/2026,09:26:53,21.0,57.3
06/30/2026,09:31:53,21.1,55.6
06/30/2026,09:36:53,21.1,55.7
06/30/2026,09:41:53,21.2,56.2
06/30/2026,09:46:53,21.4,55.8
06/30/2026,09:51:53,21.7,55.5
06/30/2026,09:56:53,21.9,54.7
06/30/2026,10:01:53,22.0,54.1
06/30/2026,10:06:53,22.2,54.2
06/30/2026,10:11:53,22.3,53.9
06/30/2026,10:16:53,22.3,54.1
06/30/2026,10:21:53,22.5,53.4
06/30/2026,10:26:53,22.5,53.1
06/30/2026,10:31:53,22.5,52.8
06/30/2026,10:36:53,22.5,53.1
06/30/2026,10:41:53,22.6,52.7
06/30/2026,10:46:53,22.4,52.6
06/30/2026,10:51:53,22.6,52.9
06/30/2026,10:56:53,22.6,52.5
06/30/2026,11:01:53,22.8,52.7
06/30/2026,11:06:53,22.9,52.4
06/30/2026,11:11:53,23.1,52.1
06/30/2026,11:16:53,23.2,51.7
06/30/2026,11:21:53,23.4,51.9
06/30/2026,11:26:53,23.7,51.7
06/30/2026,11:31:53,23.8,51.0
06/30/2026,11:36:53,24.1,50.3
06/30/2026,11:41:53,24.0,50.1
06/30/2026,11:46:53,23.8,50.3
06/30/2026,11:51:53,23.6,50.4
06/30/2026,11:56:53,23.8,50.7
06/30/2026,12:01:53,23.9,49.9
06/30/2026,12:06:53,23.9,49.7
06/30/2026,12:11:53,23.9,49.0
06/30/2026,12:16:53,23.9,48.6
06/30/2026,12:21:53,23.9,49.0
06/30/2026,12:26:53,23.9,49.6
06/30/2026,12:31:53,24.1,48.8
06/30/2026,12:36:53,24.2,48.7
06/30/2026,12:41:53,24.3,48.1
06/30/2026,12:46:53,24.2,48.8
06/30/2026,12:51:53,24.4,47.4
06/30/2026,12:56:53,24.3,47.2
06/30/2026,13:01:53,24.4,47.0
06/30/2026,13:06:53,24.5,46.9
06/30/2026,13:11:53,24.6,46.5
06/30/2026,13:16:53,24.8,45.7
06/30/2026,13:21:53,24.8,46.6
06/30/2026,13:26:53,24.8,46.1
06/30/2026,13:31:53,24.9,46.0
06/30/2026,13:36:53,25.1,45.8
06/30/2026,13:41:53,25.3,45.9
06/30/2026,13:46:53,25.4,45.1
06/30/2026,13:51:53,25.4,44.9
06/30/2026,13:56:53,25.5,44.8
06/30/2026,14:01:53,25.6,44.7
06/30/2026,14:06:53,25.6,44.9
06/30/2026,14:11:53,25.8,44.5
06/30/2026,14:16:53,25.6,44.5
06/30/2026,14:21:53,25.4,44.2
06/30/2026,14:26:53,25.7,44.2
06/30/2026,14:31:53,25.7,44.1
06/30/2026,14:36:53,25.7,43.3
06/30/2026,14:41:53,25.7,43.6
06/30/2026,14:46:53,25.9,43.4
06/30/2026,14:51:53,25.7,42.4
06/30/2026,14:56:53,25.8,43.1
06/30/2026,15:01:53,26.1,42.8
06/30/2026,15:06:53,26.8,42.9
06/30/2026,15:11:53,27.4,42.0
06/30/2026,15:16:53,27.6,41.1
06/30/2026,15:21:53,27.2,40.6
06/30/2026,15:26:53,27.6,40.7
06/30/2026,15:31:53,27.6,40.0
06/30/2026,15:36:53,27.0,40.7
06/30/2026,15:41:53,27.2,40.2
06/30/2026,15:46:53,27.4,39.8
06/30/2026,15:51:53,27.6,40.0
06/30/2026,15:56:53,27.9,39.3
06/30/2026,16:01:53,27.8,38.9
06/30/2026,16:06:53,27.3,38.6
06/30/2026,16:11:53,26.9,38.8
06/30/2026,16:16:53,26.2,39.2
06/30/2026,16:21:53,26.5,39.5
06/30/2026,16:26:53,27.2,38.9
06/30/2026,16:31:53,26.9,39.3
06/30/2026,16:36:53,27.4,38.5
06/30/2026,16:41:53,27.2,37.6
06/30/2026,16:46:53,27.1,37.6
06/30/2026,16:51:53,26.7,38.0
06/30/2026,16:56:53,26.4,38.3
06/30/2026,17:01:53,26.2,38.9
06/30/2026,17:06:53,26.2,38.3
06/30/2026,17:11:53,26.1,38.5
06/30/2026,17:16:53,25.9,38.7
06/30/2026,17:21:53,25.9,39.0
06/30/2026,17:26:53,25.8,38.8
06/30/2026,17:31:53,25.8,39.3
06/30/2026,17:36:53,25.9,39.1
06/30/2026,17:41:53,25.9,39.4
06/30/2026,17:46:53,25.8,39.5
06/30/2026,17:51:53,25.7,40.0
06/30/2026,17:56:53,25.5,40.2
06/30/2026,18:01:53,25.4,40.2
06/30/2026,18:06:53,25.2,40.5
06/30/2026,18:11:53,25.1,40.3
06/30/2026,18:16:53,25.2,40.7
06/30/2026,18:21:53,25.2,40.8
06/30/2026,18:26:53,25.2,40.9
06/30/2026,18:31:53,25.2,41.2
06/30/2026,18:36:53,25.1,41.3
06/30/2026,18:41:53,25.0,41.3
06/30/2026,18:46:53,24.8,41.3
06/30/2026,18:51:53,24.8,41.6
06/30/2026,18:56:53,24.7,41.9
06/30/2026,19:01:53,24.9,42.0
06/30/2026,19:06:53,25.0,41.7
06/30/2026,19:11:53,24.8,41.9
06/30/2026,19:16:53,24.7,42.5
06/30/2026,19:21:53,24.6,43.0
06/30/2026,19:26:53,25.0,43.0
06/30/2026,19:31:53,24.9,43.2
06/30/2026,19:36:53,24.8,43.4
06/30/2026,19:41:53,24.6,43.6
06/30/2026,19:46:53,24.5,44.0
06/30/2026,19:51:53,24.4,44.4
06/30/2026,19:56:53,24.3,44.5
06/30/2026,20:01:53,24.2,44.8
06/30/2026,20:06:53,24.0,45.3
06/30/2026,20:11:53,23.9,45.6
06/30/2026,20:16:53,23.9,46.0
06/30/2026,20:21:53,23.8,46.4
06/30/2026,20:26:53,23.7,47.1
06/30/2026,20:31:53,23.7,46.9
06/30/2026,20:36:53,23.6,47.1
06/30/2026,20:41:53,23.5,47.3
06/30/2026,20:46:53,23.4,47.6
06/30/2026,20:51:53,23.3,47.9
06/30/2026,20:56:53,23.2,48.2
06/30/2026,21:01:53,23.1,48.3
06/30/2026,21:06:53,23.1,48.6
06/30/2026,21:11:53,23.0,48.5
06/30/2026,21:16:53,23.0,48.5
06/30/2026,21:21:53,22.8,48.6
06/30/2026,21:26:53,22.4,50.7
06/30/2026,21:31:53,22.1,52.4
06/30/2026,21:36:53,21.8,53.7
06/30/2026,21:41:53,21.6,54.4
06/30/2026,21:46:53,21.5,55.0
06/30/2026,21:51:53,21.4,55.6
06/30/2026,21:56:53,21.2,55.8
06/30/2026,22:01:53,21.2,56.0
06/30/2026,22:06:53,21.1,56.3
06/30/2026,22:11:53,20.9,56.8
06/30/2026,22:16:53,20.8,57.4
06/30/2026,22:21:53,20.7,57.9
06/30/2026,22:26:53,20.5,58.5
06/30/2026,22:31:53,20.4,59.0
06/30/2026,22:36:53,20.2,59.6
06/30/2026,22:41:53,20.1,60.4
06/30/2026,22:46:53,20.0,60.9
06/30/2026,22:51:53,19.9,61.3
06/30/2026,22:56:53,19.9,61.6
06/30/2026,23:01:53,19.8,61.9
06/30/2026,23:06:53,19.8,62.4
06/30/2026,23:11:53,19.7,62.9
06/30/2026,23:16:53,19.6,63.5
06/30/2026,23:21:53,19.6,63.9
06/30/2026,23:26:53,19.5,64.5
06/30/2026,23:31:53,19.4,64.8
06/30/2026,23:36:53,19.4,65.1
06/30/2026,23:41:53,19.3,65.5
06/30/2026,23:46:53,19.3,66.0
06/30/2026,23:51:53,19.1,66.6
06/30/2026,23:56:53,19.1,67.0