Date,Time,Temperature(C),Humidity(%RH)
06/01/2026,00:03:08,22.3,49.8,,,
06/01/2026,00:08:08,22.3,49.8,,,
06/01/2026,00:13:08,22.3,49.9,,,
06/01/2026,00:18:08,22.3,50,,,
06/01/2026,00:23:08,22.3,50.1,,,
06/01/2026,00:28:08,22.3,50.1,,,
06/01/2026,00:33:08,22.3,50.2,,,
06/01/2026,00:38:08,22.2,50.3,,,
06/01/2026,00:43:08,22.2,50.3,,,
06/01/2026,00:48:08,22.2,50.4,,,
06/01/2026,00:53:08,22.2,50.4,,,
06/01/2026,00:58:08,22.1,50.5,,,
06/01/2026,01:03:08,22.1,50.5,,,
06/01/2026,01:08:08,22.1,50.6,,,
06/01/2026,01:13:08,22.1,50.6,,,
06/01/2026,01:18:08,22.1,50.6,,,
06/01/2026,01:23:08,22,50.7,,,
06/01/2026,01:28:08,22,50.7,,,
06/01/2026,01:33:08,22,50.8,,,
06/01/2026,01:38:08,22,50.8,,,
06/01/2026,01:43:08,21.9,50.8,,,
06/01/2026,01:48:08,21.9,50.8,,,
06/01/2026,01:53:08,21.9,50.9,,,
06/01/2026,01:58:08,21.9,50.9,,,
06/01/2026,02:03:08,21.9,51,,,
06/01/2026,02:08:08,21.8,51.1,,,
06/01/2026,02:13:08,21.8,51.1,,,
06/01/2026,02:18:08,21.8,51.2,,,
06/01/2026,02:23:08,21.8,51.2,,,
06/01/2026,02:28:08,21.8,51.3,,,
06/01/2026,02:33:08,21.7,51.4,,,
06/01/2026,02:38:08,21.7,51.4,,,
06/01/2026,02:43:08,21.7,51.5,,,
06/01/2026,02:48:08,21.6,51.6,,,
06/01/2026,02:53:08,21.6,51.7,,,
06/01/2026,02:58:08,21.6,51.8,,,
06/01/2026,03:03:08,21.6,51.7,,,
06/01/2026,03:08:08,21.6,51.8,,,
06/01/2026,03:13:08,21.5,51.9,,,
06/01/2026,03:18:08,21.5,51.9,,,
06/01/2026,03:23:08,21.5,52,,,
06/01/2026,03:28:08,21.5,52,,,
06/01/2026,03:33:08,21.4,52,,,
06/01/2026,03:38:08,21.4,52.1,,,
06/01/2026,03:43:08,21.4,52.1,,,
06/01/2026,03:48:08,21.4,52.1,,,
06/01/2026,03:53:08,21.4,52.2,,,
06/01/2026,03:58:08,21.3,52.2,,,
06/01/2026,04:03:08,21.3,52.2,,,
06/01/2026,04:08:08,21.3,52.3,,,
06/01/2026,04:13:08,21.3,52.2,,,
06/01/2026,04:18:08,21.3,52.3,,,
06/01/2026,04:23:08,21.2,52.3,,,
06/01/2026,04:28:08,21.2,52.3,,,
06/01/2026,04:33:08,21.2,52.4,,,
06/01/2026,04:38:08,21.2,52.4,,,
06/01/2026,04:43:08,21.2,52.4,,,
06/01/2026,04:48:08,21.1,52.5,,,
06/01/2026,04:53:08,21.1,52.5,,,
06/01/2026,04:58:08,21.1,52.5,,,
06/01/2026,05:03:08,21,52.6,,,
06/01/2026,05:08:08,21,52.6,,,
06/01/2026,05:13:08,21,52.6,,,
06/01/2026,05:18:08,21,52.6,,,
06/01/2026,05:23:08,20.9,52.7,,,
06/01/2026,05:28:08,20.9,52.7,,,
06/01/2026,05:33:08,20.9,52.8,,,
06/01/2026,05:38:08,20.9,52.8,,,
06/01/2026,05:43:08,20.9,52.9,,,
06/01/2026,05:48:08,20.9,53,,,
06/01/2026,05:53:08,20.8,53,,,
06/01/2026,05:58:08,20.8,53.1,,,
06/01/2026,06:03:08,20.8,53.2,,,
06/01/2026,06:08:08,20.8,53.2,,,
06/01/2026,06:13:08,20.8,53.3,,,
06/01/2026,06:18:08,20.8,53.4,,,
06/01/2026,06:23:08,20.8,53.5,,,
06/01/2026,06:28:08,20.8,53.5,,,
06/01/2026,06:33:08,20.8,53.6,,,
06/01/2026,06:38:08,20.8,53.7,,,
06/01/2026,06:43:08,20.8,53.7,,,
06/01/2026,06:48:08,20.8,53.8,,,
06/01/2026,06:53:08,20.9,53.9,,,
06/01/2026,06:58:08,20.9,53.8,,,
06/01/2026,07:03:08,20.9,53.9,,,
06/01/2026,07:08:08,20.9,53.8,,,
06/01/2026,07:13:08,20.9,53.8,,,
06/01/2026,07:18:08,20.9,53.7,,,
06/01/2026,07:23:08,20.9,53.7,,,
06/01/2026,07:28:08,21,53.6,,,
06/01/2026,07:33:08,21,53.6,,,
06/01/2026,07:38:08,21,53.6,,,
06/01/2026,07:43:08,21,53.5,,,
06/01/2026,07:48:08,21,53.5,,,
06/01/2026,07:53:08,21.1,53.5,,,
06/01/2026,07:58:08,21.1,53.5,,,
06/01/2026,08:03:08,21.1,53.5,,,
06/01/2026,08:08:08,21.1,53.5,,,
06/01/2026,08:13:08,21.1,53.5,,,
06/01/2026,08:18:08,21.1,53.6,,,
06/01/2026,08:23:08,21.1,53.5,,,
06/01/2026,08:28:08,21.1,53.4,,,
06/01/2026,08:33:08,21.2,53.5,,,
06/01/2026,08:38:08,21.2,53.4,,,
06/01/2026,08:43:08,21.2,53.4,,,
06/01/2026,08:48:08,21.2,53.5,,,
06/01/2026,08:53:08,21.2,53.4,,,
06/01/2026,08:58:08,21.2,53.4,,,
06/01/2026,09:03:08,21.2,53.4,,,
06/01/2026,09:08:08,21.2,53.4,,,
06/01/2026,09:13:08,21.3,53.4,,,
06/01/2026,09:18:08,21.3,53.5,,,
06/01/2026,09:23:08,21.3,53.5,,,
06/01/2026,09:28:08,21.3,53.5,,,
06/01/2026,09:33:08,21.3,53.5,,,
06/01/2026,09:38:08,21.3,53.6,,,
06/01/2026,09:43:08,21.3,53.6,,,
06/01/2026,09:48:08,21.3,53.6,,,
06/01/2026,09:53:08,21.4,53.6,,,
06/01/2026,09:58:08,21.4,53.7,,,
06/01/2026,10:03:08,21.4,53.9,,,
06/01/2026,10:08:08,21.4,53.9,,,
06/01/2026,10:13:08,21.4,53.8,,,
06/01/2026,10:18:08,21.4,53.8,,,
06/01/2026,10:23:08,21.4,53.8,,,
06/01/2026,10:28:08,21.5,53.8,,,
06/01/2026,10:33:08,21.4,53.8,,,
06/01/2026,10:38:08,21.5,53.9,,,
06/01/2026,10:43:08,21.5,53.9,,,
06/01/2026,10:48:08,21.5,53.9,,,
06/01/2026,10:53:08,21.5,54,,,
06/01/2026,10:58:08,21.5,53.9,,,
06/01/2026,11:03:08,21.5,54,,,
06/01/2026,11:08:08,21.5,53.9,,,
06/01/2026,11:13:08,21.5,53.9,,,
06/01/2026,11:18:08,21.5,54,,,
06/01/2026,11:23:08,21.5,53.9,,,
06/01/2026,11:28:08,21.5,53.9,,,
06/01/2026,11:33:08,21.5,53.9,,,
06/01/2026,11:38:08,21.5,53.9,,,
06/01/2026,11:43:08,21.5,53.9,,,
06/01/2026,11:48:08,21.5,53.9,,,
06/01/2026,11:53:08,21.5,53.9,,,
06/01/2026,11:58:08,21.5,53.8,,,
06/01/2026,12:03:08,21.5,53.9,,,
06/01/2026,12:08:08,21.5,53.8,,,
06/01/2026,12:13:08,21.5,53.8,,,
06/01/2026,12:18:08,21.5,53.8,,,
06/01/2026,12:23:08,21.5,53.8,,,
06/01/2026,12:28:08,21.5,53.8,,,
06/01/2026,12:33:08,21.5,53.8,,,
06/01/2026,12:38:08,21.5,53.8,,,
06/01/2026,12:43:08,21.5,53.7,,,
06/01/2026,12:48:08,21.5,53.7,,,
06/01/2026,12:53:08,21.5,53.7,,,
06/01/2026,12:58:08,21.5,53.7,,,
06/01/2026,13:03:08,21.5,53.7,,,
06/01/2026,13:08:08,21.5,53.6,,,
06/01/2026,13:13:08,21.5,53.6,,,
06/01/2026,13:18:08,21.5,53.7,,,
06/01/2026,13:23:08,21.5,53.6,,,
06/01/2026,13:28:08,21.5,53.6,,,
06/01/2026,13:33:08,21.5,53.6,,,
06/01/2026,13:38:08,21.5,53.6,,,
06/01/2026,13:43:08,21.5,53.6,,,
06/01/2026,13:48:08,21.5,53.5,,,
06/01/2026,13:53:08,21.5,53.5,,,
06/01/2026,13:58:08,21.6,53.5,,,
06/01/2026,14:03:08,21.6,53.5,,,
06/01/2026,14:08:08,21.6,53.5,,,
06/01/2026,14:13:08,21.5,53.5,,,
06/01/2026,14:18:08,21.6,53.5,,,
06/01/2026,14:23:08,21.6,53.4,,,
06/01/2026,14:28:08,21.5,53.5,,,
06/01/2026,14:33:08,21.6,53.5,,,
06/01/2026,14:38:08,21.6,53.5,,,
06/01/2026,14:43:08,21.5,53.5,,,
06/01/2026,14:48:08,21.6,53.5,,,
06/01/2026,14:53:08,21.6,53.5,,,
06/01/2026,14:58:08,21.6,53.5,,,
06/01/2026,15:03:08,21.6,53.5,,,
06/01/2026,15:08:08,21.6,53.5,,,
06/01/2026,15:13:08,21.6,53.5,,,
06/01/2026,15:18:08,21.6,53.5,,,
06/01/2026,15:23:08,21.6,53.6,,,
06/01/2026,15:28:08,21.6,53.6,,,
06/01/2026,15:33:08,21.6,53.7,,,
06/01/2026,15:38:08,21.6,53.7,,,
06/01/2026,15:43:08,21.7,53.7,,,
06/01/2026,15:48:08,21.6,53.7,,,
06/01/2026,15:53:08,21.6,53.7,,,
06/01/2026,15:58:08,21.6,53.7,,,
06/01/2026,16:03:08,21.6,53.7,,,
06/01/2026,16:08:08,21.6,53.8,,,
06/01/2026,16:13:08,21.6,53.8,,,
06/01/2026,16:18:08,21.7,53.8,,,
06/01/2026,16:23:08,21.7,53.8,,,
06/01/2026,16:28:08,21.7,53.9,,,
06/01/2026,16:33:08,21.7,53.9,,,
06/01/2026,16:38:08,21.7,53.9,,,
06/01/2026,16:43:08,21.7,54,,,
06/01/2026,16:48:08,21.7,54,,,
06/01/2026,16:53:08,21.7,54.1,,,
06/01/2026,16:58:08,21.7,54.1,,,
06/01/2026,17:03:08,21.7,54.1,,,
06/01/2026,17:08:08,21.7,54.1,,,
06/01/2026,17:13:08,21.7,54.2,,,
06/01/2026,17:18:08,21.7,54.3,,,
06/01/2026,17:23:08,21.7,54.3,,,
06/01/2026,17:28:08,21.7,54.3,,,
06/01/2026,17:33:08,21.7,54.3,,,
06/01/2026,17:38:08,21.7,54.4,,,
06/01/2026,17:43:08,21.7,54.4,,,
06/01/2026,17:48:08,21.7,54.5,,,
06/01/2026,17:53:08,21.7,54.5,,,
06/01/2026,17:58:08,21.7,54.6,,,
06/01/2026,18:03:08,21.7,54.6,,,
06/01/2026,18:08:08,21.7,54.7,,,
06/01/2026,18:13:08,21.7,54.7,,,
06/01/2026,18:18:08,21.7,54.7,,,
06/01/2026,18:23:08,21.7,54.7,,,
06/01/2026,18:28:08,21.7,54.7,,,
06/01/2026,18:33:08,21.7,54.8,,,
06/01/2026,18:38:08,21.7,54.8,,,
06/01/2026,18:43:08,21.7,54.9,,,
06/01/2026,18:48:08,21.7,54.9,,,
06/01/2026,18:53:08,21.7,54.9,,,
06/01/2026,18:58:08,21.7,55,,,
06/01/2026,19:03:08,21.7,55,,,
06/01/2026,19:08:08,21.7,55,,,
06/01/2026,19:13:08,21.7,55.1,,,
06/01/2026,19:18:08,21.7,55,,,
06/01/2026,19:23:08,21.7,55.1,,,
06/01/2026,19:28:08,21.7,55.1,,,
06/01/2026,19:33:08,21.6,55.1,,,
06/01/2026,19:38:08,21.7,55.1,,,
06/01/2026,19:43:08,21.7,55.1,,,
06/01/2026,19:48:08,21.7,55.2,,,
06/01/2026,19:53:08,21.7,55.2,,,
06/01/2026,19:58:08,21.7,55.3,,,
06/01/2026,20:03:08,21.7,55.2,,,
06/01/2026,20:08:08,21.7,55.3,,,
06/01/2026,20:13:08,21.6,55.3,,,
06/01/2026,20:18:08,21.7,55.3,,,
06/01/2026,20:23:08,21.6,55.3,,,
06/01/2026,20:28:08,21.6,55.4,,,
06/01/2026,20:33:08,21.6,55.4,,,
06/01/2026,20:38:08,21.6,55.4,,,
06/01/2026,20:43:08,21.6,55.4,,,
06/01/2026,20:48:08,21.6,55.5,,,
06/01/2026,20:53:08,21.6,55.4,,,
06/01/2026,20:58:08,21.6,55.5,,,
06/01/2026,21:03:08,21.6,55.5,,,
06/01/2026,21:08:08,21.6,55.6,,,
06/01/2026,21:13:08,21.6,55.5,,,
06/01/2026,21:18:08,21.6,55.6,,,
06/01/2026,21:23:08,21.6,55.7,,,
06/01/2026,21:28:08,21.6,55.8,,,
06/01/2026,21:33:08,21.6,55.8,,,
06/01/2026,21:38:08,21.6,56,,,
06/01/2026,21:43:08,21.6,56,,,
06/01/2026,21:48:08,21.6,56.2,,,
06/01/2026,21:53:08,21.6,56.1,,,
06/01/2026,21:58:08,21.6,56.2,,,
06/01/2026,22:03:08,21.6,56.2,,,
06/01/2026,22:08:08,21.6,56.2,,,
06/01/2026,22:13:08,21.6,56.2,,,
06/01/2026,22:18:08,21.6,56.2,,,
06/01/2026,22:23:08,21.6,56.3,,,
06/01/2026,22:28:08,21.6,56.3,,,
06/01/2026,22:33:08,21.6,56.3,,,
06/01/2026,22:38:08,21.6,56.4,,,
06/01/2026,22:43:08,21.6,56.5,,,
06/01/2026,22:48:08,21.6,56.5,,,
06/01/2026,22:53:08,21.6,56.5,,,
06/01/2026,22:58:08,21.6,56.5,,,
06/01/2026,23:03:08,21.6,56.5,,,
06/01/2026,23:08:08,21.6,56.6,,,
06/01/2026,23:13:08,21.6,56.7,,,
06/01/2026,23:18:08,21.5,56.6,,,
06/01/2026,23:23:08,21.5,56.7,,,
06/01/2026,23:28:08,21.5,56.7,,,
06/01/2026,23:33:08,21.6,56.8,,,
06/01/2026,23:38:08,21.5,56.8,,,
06/01/2026,23:43:08,21.5,56.9,,,
06/01/2026,23:48:08,21.5,56.9,,,
06/01/2026,23:53:08,21.5,57,,,
06/01/2026,23:58:08,21.5,57,,,
06/02/2026,00:03:08,21.5,57,,,
06/02/2026,00:08:08,21.5,57,,,
06/02/2026,00:13:08,21.5,57.1,,,
06/02/2026,00:18:08,21.5,57.1,,,
06/02/2026,00:23:08,21.5,57.1,,,
06/02/2026,00:28:08,21.5,57.2,,,
06/02/2026,00:33:08,21.5,57.2,,,
06/02/2026,00:38:08,21.5,57.2,,,
06/02/2026,00:43:08,21.5,57.3,,,
06/02/2026,00:48:08,21.5,57.3,,,
06/02/2026,00:53:08,21.5,57.4,,,
06/02/2026,00:58:08,21.5,57.4,,,
06/02/2026,01:03:08,21.5,57.4,,,
06/02/2026,01:08:08,21.5,57.4,,,
06/02/2026,01:13:08,21.4,57.5,,,
06/02/2026,01:18:08,21.4,57.5,,,
06/02/2026,01:23:08,21.4,57.5,,,
06/02/2026,01:28:08,21.4,57.6,,,
06/02/2026,01:33:08,21.4,57.6,,,
06/02/2026,01:38:08,21.4,57.7,,,
06/02/2026,01:43:08,21.4,57.6,,,
06/02/2026,01:48:08,21.4,57.7,,,
06/02/2026,01:53:08,21.4,57.7,,,
06/02/2026,01:58:08,21.4,57.8,,,
06/02/2026,02:03:08,21.4,57.8,,,
06/02/2026,02:08:08,21.4,57.8,,,
06/02/2026,02:13:08,21.4,57.8,,,
06/02/2026,02:18:08,21.4,57.9,,,
06/02/2026,02:23:08,21.4,58,,,
06/02/2026,02:28:08,21.4,58,,,
06/02/2026,02:33:08,21.4,58,,,
06/02/2026,02:38:08,21.3,58,,,
06/02/2026,02:43:08,21.4,58.1,,,
06/02/2026,02:48:08,21.4,58.1,,,
06/02/2026,02:53:08,21.4,58.1,,,
06/02/2026,02:58:08,21.3,58.1,,,
06/02/2026,03:03:08,21.3,58.2,,,
06/02/2026,03:08:08,21.3,58.2,,,
06/02/2026,03:13:08,21.4,58.2,,,
06/02/2026,03:18:08,21.3,58.3,,,
06/02/2026,03:23:08,21.3,58.3,,,
06/02/2026,03:28:08,21.3,58.3,,,
06/02/2026,03:33:08,21.3,58.4,,,
06/02/2026,03:38:08,21.3,58.4,,,
06/02/2026,03:43:08,21.3,58.4,,,
06/02/2026,03:48:08,21.3,58.4,,,
06/02/2026,03:53:08,21.3,58.5,,,
06/02/2026,03:58:08,21.3,58.5,,,
06/02/2026,04:03:08,21.2,58.5,,,
06/02/2026,04:08:08,21.3,58.6,,,
06/02/2026,04:13:08,21.3,58.6,,,
06/02/2026,04:18:08,21.2,58.6,,,
06/02/2026,04:23:08,21.2,58.6,,,
06/02/2026,04:28:08,21.2,58.6,,,
06/02/2026,04:33:08,21.2,58.7,,,
06/02/2026,04:38:08,21.2,58.7,,,
06/02/2026,04:43:08,21.2,58.7,,,
06/02/2026,04:48:08,21.2,58.7,,,
06/02/2026,04:53:08,21.2,58.8,,,
06/02/2026,04:58:08,21.2,58.8,,,
06/02/2026,05:03:08,21.2,58.9,,,
06/02/2026,05:08:08,21.2,58.8,,,
06/02/2026,05:13:08,21.2,58.9,,,
06/02/2026,05:18:08,21.2,58.9,,,
06/02/2026,05:23:08,21.2,58.9,,,
06/02/2026,05:28:08,21.2,58.9,,,
06/02/2026,05:33:08,21.2,59,,,
06/02/2026,05:38:08,21.1,59,,,
06/02/2026,05:43:08,21.1,59,,,
06/02/2026,05:48:08,21.1,59,,,
06/02/2026,05:53:08,21.1,59.1,,,
06/02/2026,05:58:08,21.1,59.1,,,
06/02/2026,06:03:08,21.1,59.1,,,
06/02/2026,06:08:08,21.1,59.1,,,
06/02/2026,06:13:08,21.1,59.2,,,
06/02/2026,06:18:08,21.1,59.2,,,
06/02/2026,06:23:08,21.1,59.2,,,
06/02/2026,06:28:08,21.1,59.1,,,
06/02/2026,06:33:08,21.1,59.2,,,
06/02/2026,06:38:08,21.1,59.2,,,
06/02/2026,06:43:08,21.1,59.2,,,
06/02/2026,06:48:08,21.1,59.3,,,
06/02/2026,06:53:08,21,59.2,,,
06/02/2026,06:58:08,21.1,59.2,,,
06/02/2026,07:03:08,21,59.3,,,
06/02/2026,07:08:08,21,59.3,,,
06/02/2026,07:13:08,21,59.3,,,
06/02/2026,07:18:08,21,59.3,,,
06/02/2026,07:23:08,21,59.3,,,
06/02/2026,07:28:08,21,59.3,,,
06/02/2026,07:33:08,21,59.4,,,
06/02/2026,07:38:08,21,59.4,,,
06/02/2026,07:43:08,21,59.4,,,
06/02/2026,07:48:08,21,59.4,,,
06/02/2026,07:53:08,20.9,59.4,,,
06/02/2026,07:58:08,21,59.5,,,
06/02/2026,08:03:08,21,59.5,,,
06/02/2026,08:08:08,21,59.6,,,
06/02/2026,08:13:08,21,59.6,,,
06/02/2026,08:18:08,21,59.6,,,
06/02/2026,08:23:08,21,59.6,,,
06/02/2026,08:28:08,20.9,59.6,,,
06/02/2026,08:33:08,20.9,59.6,,,
06/02/2026,08:38:08,20.9,59.6,,,
06/02/2026,08:43:08,20.9,59.6,,,
06/02/2026,08:48:08,20.9,59.7,,,
06/02/2026,08:53:08,20.9,59.7,,,
06/02/2026,08:58:08,20.9,59.7,,,
06/02/2026,09:03:08,20.9,59.7,,,
06/02/2026,09:08:08,20.9,59.7,,,
06/02/2026,09:13:08,20.9,59.7,,,
06/02/2026,09:18:08,20.9,59.7,,,
06/02/2026,09:23:08,20.9,59.8,,,
06/02/2026,09:28:08,20.9,59.7,,,
06/02/2026,09:33:08,20.9,59.8,,,
06/02/2026,09:38:08,20.9,59.8,,,
06/02/2026,09:43:08,20.9,59.8,,,
06/02/2026,09:48:08,20.9,59.9,,,
06/02/2026,09:53:08,20.9,59.9,,,
06/02/2026,09:58:08,20.9,59.9,,,
06/02/2026,10:03:08,20.9,59.9,,,
06/02/2026,10:08:08,20.9,59.9,,,
06/02/2026,10:13:08,20.9,60,,,
06/02/2026,10:18:08,20.9,60,,,
06/02/2026,10:23:08,20.9,59.9,,,
06/02/2026,10:28:08,20.9,60,,,
06/02/2026,10:33:08,20.9,60,,,
06/02/2026,10:38:08,20.9,59.9,,,
06/02/2026,10:43:08,20.9,59.9,,,
06/02/2026,10:48:08,20.9,59.9,,,
06/02/2026,10:53:08,20.9,59.9,,,
06/02/2026,10:58:08,20.9,59.9,,,
06/02/2026,11:03:08,20.9,60,,,
06/02/2026,11:08:08,20.9,60,,,
06/02/2026,11:13:08,20.9,60.1,,,
06/02/2026,11:18:08,20.8,60.1,,,
06/02/2026,11:23:08,20.9,60.1,,,
06/02/2026,11:28:08,20.8,60.1,,,
06/02/2026,11:33:08,20.8,60.1,,,
06/02/2026,11:38:08,20.8,60.1,,,
06/02/2026,11:43:08,20.8,60.1,,,
06/02/2026,11:48:08,20.8,60.2,,,
06/02/2026,11:53:08,20.8,60.1,,,
06/02/2026,11:58:08,20.9,60.1,,,
06/02/2026,12:03:08,20.8,60.1,,,
06/02/2026,12:08:08,20.9,60.1,,,
06/02/2026,12:13:08,20.8,60.1,,,
06/02/2026,12:18:08,20.9,60.1,,,
06/02/2026,12:23:08,20.8,60.1,,,
06/02/2026,12:28:08,20.9,60.2,,,
06/02/2026,12:33:08,20.8,60.2,,,
06/02/2026,12:38:08,20.9,60.6,,,
06/02/2026,12:43:08,20.9,60.6,,,
06/02/2026,12:48:08,20.9,60.5,,,
06/02/2026,12:53:08,20.9,60.5,,,
06/02/2026,12:58:08,20.9,60.6,,,
06/02/2026,13:03:08,20.9,60.8,,,
06/02/2026,13:08:08,21,60.8,,,
06/02/2026,13:13:08,20.9,60.9,,,
06/02/2026,13:18:08,20.9,60.9,,,
06/02/2026,13:23:08,20.9,60.9,,,
06/02/2026,13:28:08,21,60.9,,,
06/02/2026,13:33:08,21,60.9,,,
06/02/2026,13:38:08,21,60.9,,,
06/02/2026,13:43:08,20.9,61,,,
06/02/2026,13:48:08,21,61.1,,,
06/02/2026,13:53:08,21,61.4,,,
06/02/2026,13:58:08,21,61.4,,,
06/02/2026,14:03:08,21,61.3,,,
06/02/2026,14:08:08,20.9,61.3,,,
06/02/2026,14:13:08,20.9,61.2,,,
06/02/2026,14:18:08,20.9,61.2,,,
06/02/2026,14:23:08,20.9,61.2,,,
06/02/2026,14:28:08,20.9,61.3,,,
06/02/2026,14:33:08,20.9,61.3,,,
06/02/2026,14:38:08,20.9,61.3,,,
06/02/2026,14:43:08,20.9,61.4,,,
06/02/2026,14:48:08,20.9,61.3,,,
06/02/2026,14:53:08,20.9,61.3,,,
06/02/2026,14:58:08,20.9,61.4,,,
06/02/2026,15:03:08,20.9,61.4,,,
06/02/2026,15:08:08,20.9,61.4,,,
06/02/2026,15:13:08,20.9,61.4,,,
06/02/2026,15:18:08,20.9,61.4,,,
06/02/2026,15:23:08,20.9,61.5,,,
06/02/2026,15:28:08,20.9,61.7,,,
06/02/2026,15:33:08,20.9,61.8,,,
06/02/2026,15:38:08,20.9,61.8,,,
06/02/2026,15:43:08,21,61.8,,,
06/02/2026,15:48:08,21,61.7,,,
06/02/2026,15:53:08,21,61.7,,,
06/02/2026,15:58:08,21,61.7,,,
06/02/2026,16:03:08,21,61.6,,,
06/02/2026,16:08:08,21,61.5,,,
06/02/2026,16:13:08,21,61.5,,,
06/02/2026,16:18:08,21.1,61.4,,,
06/02/2026,16:23:08,21.1,61.4,,,
06/02/2026,16:28:08,21.1,61.3,,,
06/02/2026,16:33:08,21,61.3,,,
06/02/2026,16:38:08,21,61.2,,,
06/02/2026,16:43:08,21,61.1,,,
06/02/2026,16:48:08,21,61.1,,,
06/02/2026,16:53:08,21,60.8,,,
06/02/2026,16:58:08,21,60.8,,,
06/02/2026,17:03:08,21,60.7,,,
06/02/2026,17:08:08,21,60.8,,,
06/02/2026,17:13:08,20.9,60.8,,,
06/02/2026,17:18:08,20.9,60.8,,,
06/02/2026,17:23:08,20.9,60.9,,,
06/02/2026,17:28:08,20.9,60.9,,,
06/02/2026,17:33:08,20.9,60.9,,,
06/02/2026,17:38:08,20.8,61,,,
06/02/2026,17:43:08,20.8,61,,,
06/02/2026,17:48:08,20.8,61.1,,,
06/02/2026,17:53:08,20.8,61,,,
06/02/2026,17:58:08,20.8,61,,,
06/02/2026,18:03:08,20.8,61,,,
06/02/2026,18:08:08,20.8,61,,,
06/02/2026,18:13:08,20.8,61,,,
06/02/2026,18:18:08,20.8,61,,,
06/02/2026,18:23:08,20.8,61.1,,,
06/02/2026,18:28:08,20.8,61.1,,,
06/02/2026,18:33:08,20.8,61.2,,,
06/02/2026,18:38:08,20.8,61.2,,,
06/02/2026,18:43:08,20.8,61.2,,,
06/02/2026,18:48:08,20.8,61.1,,,
06/02/2026,18:53:08,20.8,61.1,,,
06/02/2026,18:58:08,20.8,61.2,,,
06/02/2026,19:03:08,20.8,61.3,,,
06/02/2026,19:08:08,20.8,61.4,,,
06/02/2026,19:13:08,20.9,61.5,,,
06/02/2026,19:18:08,20.9,61.6,,,
06/02/2026,19:23:08,20.9,61.5,,,
06/02/2026,19:28:08,20.9,61.6,,,
06/02/2026,19:33:08,20.9,61.9,,,
06/02/2026,19:38:08,20.9,61.6,,,
06/02/2026,19:43:08,20.9,61.4,,,
06/02/2026,19:48:08,20.9,61.3,,,
06/02/2026,19:53:08,20.9,61.3,,,
06/02/2026,19:58:08,20.9,61.1,,,
06/02/2026,20:03:08,20.9,61,,,
06/02/2026,20:08:08,20.9,61,,,
06/02/2026,20:13:08,20.9,60.9,,,
06/02/2026,20:18:08,20.9,60.8,,,
06/02/2026,20:23:08,20.8,60.8,,,
06/02/2026,20:28:08,20.8,60.8,,,
06/02/2026,20:33:08,20.8,60.8,,,
06/02/2026,20:38:08,20.8,60.8,,,
06/02/2026,20:43:08,20.8,60.8,,,
06/02/2026,20:48:08,20.8,60.7,,,
06/02/2026,20:53:08,20.8,60.7,,,
06/02/2026,20:58:08,20.8,60.7,,,
06/02/2026,21:03:08,20.8,60.7,,,
06/02/2026,21:08:08,20.8,60.7,,,
06/02/2026,21:13:08,20.8,60.7,,,
06/02/2026,21:18:08,20.7,60.7,,,
06/02/2026,21:23:08,20.8,60.7,,,
06/02/2026,21:28:08,20.7,60.7,,,
06/02/2026,21:33:08,20.7,60.6,,,
06/02/2026,21:38:08,20.7,60.6,,,
06/02/2026,21:43:08,20.7,60.6,,,
06/02/2026,21:48:08,20.7,60.6,,,
06/02/2026,21:53:08,20.7,60.6,,,
06/02/2026,21:58:08,20.7,60.6,,,
06/02/2026,22:03:08,20.7,60.6,,,
06/02/2026,22:08:08,20.7,60.6,,,
06/02/2026,22:13:08,20.7,60.5,,,
06/02/2026,22:18:08,20.7,60.5,,,
06/02/2026,22:23:08,20.7,60.5,,,
06/02/2026,22:28:08,20.7,60.5,,,
06/02/2026,22:33:08,20.6,60.5,,,
06/02/2026,22:38:08,20.6,60.5,,,
06/02/2026,22:43:08,20.6,60.5,,,
06/02/2026,22:48:08,20.6,60.5,,,
06/02/2026,22:53:08,20.6,60.5,,,
06/02/2026,22:58:08,20.6,60.4,,,
06/02/2026,23:03:08,20.6,60.5,,,
06/02/2026,23:08:08,20.6,60.5,,,
06/02/2026,23:13:08,20.6,60.5,,,
06/02/2026,23:18:08,20.6,60.4,,,
06/02/2026,23:23:08,20.5,60.4,,,
06/02/2026,23:28:08,20.5,60.4,,,
06/02/2026,23:33:08,20.5,60.4,,,
06/02/2026,23:38:08,20.5,60.4,,,
06/02/2026,23:43:08,20.5,60.4,,,
06/02/2026,23:48:08,20.5,60.4,,,
06/02/2026,23:53:08,20.5,60.4,,,
06/02/2026,23:58:08,20.5,60.4,,,
06/03/2026,00:03:08,20.5,60.4,,,
06/03/2026,00:08:08,20.5,60.4,,,
06/03/2026,00:13:08,20.5,60.4,,,
06/03/2026,00:18:08,20.4,60.4,,,
06/03/2026,00:23:08,20.4,60.4,,,
06/03/2026,00:28:08,20.4,60.4,,,
06/03/2026,00:33:08,20.4,60.4,,,
06/03/2026,00:38:08,20.4,60.4,,,
06/03/2026,00:43:08,20.4,60.4,,,
06/03/2026,00:48:08,20.4,60.4,,,
06/03/2026,00:53:08,20.4,60.4,,,
06/03/2026,00:58:08,20.4,60.3,,,
06/03/2026,01:03:08,20.4,60.3,,,
06/03/2026,01:08:08,20.4,60.3,,,
06/03/2026,01:13:08,20.3,60.3,,,
06/03/2026,01:18:08,20.3,60.3,,,
06/03/2026,01:23:08,20.3,60.3,,,
06/03/2026,01:28:08,20.3,60.3,,,
06/03/2026,01:33:08,20.3,60.3,,,
06/03/2026,01:38:08,20.3,60.3,,,
06/03/2026,01:43:08,20.3,60.3,,,
06/03/2026,01:48:08,20.3,60.3,,,
06/03/2026,01:53:08,20.2,60.3,,,
06/03/2026,01:58:08,20.2,60.3,,,
06/03/2026,02:03:08,20.2,60.3,,,
06/03/2026,02:08:08,20.2,60.3,,,
06/03/2026,02:13:08,20.2,60.2,,,
06/03/2026,02:18:08,20.2,60.2,,,
06/03/2026,02:23:08,20.2,60.3,,,
06/03/2026,02:28:08,20.2,60.2,,,
06/03/2026,02:33:08,20.1,60.2,,,
06/03/2026,02:38:08,20.2,60.2,,,
06/03/2026,02:43:08,20.1,60.2,,,
06/03/2026,02:48:08,20.1,60.2,,,
06/03/2026,02:53:08,20.1,60.2,,,
06/03/2026,02:58:08,20.1,60.2,,,
06/03/2026,03:03:08,20.1,60.1,,,
06/03/2026,03:08:08,20.1,60.1,,,
06/03/2026,03:13:08,20.1,60.1,,,
06/03/2026,03:18:08,20,60.1,,,
06/03/2026,03:23:08,20,60.1,,,
06/03/2026,03:28:08,20,60.1,,,
06/03/2026,03:33:08,20,60.1,,,
06/03/2026,03:38:08,20,60.1,,,
06/03/2026,03:43:08,20,60,,,
06/03/2026,03:48:08,20,60,,,
06/03/2026,03:53:08,20,60.1,,,
06/03/2026,03:58:08,20,60,,,
06/03/2026,04:03:08,19.9,60,,,
06/03/2026,04:08:08,19.9,60,,,
06/03/2026,04:13:08,19.9,59.9,,,
06/03/2026,04:18:08,19.9,60,,,
06/03/2026,04:23:08,19.9,59.9,,,
06/03/2026,04:28:08,19.9,59.9,,,
06/03/2026,04:33:08,19.9,59.9,,,
06/03/2026,04:38:08,19.9,59.9,,,
06/03/2026,04:43:08,19.9,59.9,,,
06/03/2026,04:48:08,19.8,59.9,,,
06/03/2026,04:53:08,19.8,59.9,,,
06/03/2026,04:58:08,19.8,59.9,,,
06/03/2026,05:03:08,19.8,59.9,,,
06/03/2026,05:08:08,19.8,59.8,,,
06/03/2026,05:13:08,19.8,59.8,,,
06/03/2026,05:18:08,19.8,59.8,,,
06/03/2026,05:23:08,19.8,59.8,,,
06/03/2026,05:28:08,19.8,59.8,,,
06/03/2026,05:33:08,19.8,59.8,,,
06/03/2026,05:38:08,19.8,59.8,,,
06/03/2026,05:43:08,19.7,59.8,,,
06/03/2026,05:48:08,19.7,59.7,,,
06/03/2026,05:53:08,19.7,59.7,,,
06/03/2026,05:58:08,19.7,59.7,,,
06/03/2026,06:03:08,19.7,59.7,,,
06/03/2026,06:08:08,19.7,59.7,,,
06/03/2026,06:13:08,19.7,59.7,,,
06/03/2026,06:18:08,19.6,59.6,,,
06/03/2026,06:23:08,19.7,59.7,,,
06/03/2026,06:28:08,19.6,59.7,,,
06/03/2026,06:33:08,19.6,59.6,,,
06/03/2026,06:38:08,19.6,59.7,,,
06/03/2026,06:43:08,19.6,59.6,,,
06/03/2026,06:48:08,19.6,59.7,,,
06/03/2026,06:53:08,19.6,59.7,,,
06/03/2026,06:58:08,19.6,59.6,,,
06/03/2026,07:03:08,19.6,59.6,,,
06/03/2026,07:08:08,19.6,59.7,,,
06/03/2026,07:13:08,19.6,59.7,,,
06/03/2026,07:18:08,19.6,59.7,,,
06/03/2026,07:23:08,19.6,59.7,,,
06/03/2026,07:28:08,19.6,59.6,,,
06/03/2026,07:33:08,19.6,59.6,,,
06/03/2026,07:38:08,19.6,59.7,,,
06/03/2026,07:43:08,19.6,59.6,,,
06/03/2026,07:48:08,19.6,59.6,,,
06/03/2026,07:53:08,19.6,59.6,,,
06/03/2026,07:58:08,19.6,59.6,,,
06/03/2026,08:03:08,19.6,59.6,,,
06/03/2026,08:08:08,19.6,59.6,,,
06/03/2026,08:13:08,19.6,59.6,,,
06/03/2026,08:18:08,19.6,59.6,,,
06/03/2026,08:23:08,19.6,59.6,,,
06/03/2026,08:28:08,19.6,59.6,,,
06/03/2026,08:33:08,19.6,59.6,,,
06/03/2026,08:38:08,19.6,59.5,,,
06/03/2026,08:43:08,19.6,59.5,,,
06/03/2026,08:48:08,19.6,59.5,,,
06/03/2026,08:53:08,19.6,59.5,,,
06/03/2026,08:58:08,19.6,59.5,,,
06/03/2026,09:03:08,19.6,59.5,,,
06/03/2026,09:08:08,19.6,59.5,,,
06/03/2026,09:13:08,19.6,59.4,,,
06/03/2026,09:18:08,19.6,59.5,,,
06/03/2026,09:23:08,19.6,59.6,,,
06/03/2026,09:28:08,19.6,59.5,,,
06/03/2026,09:33:08,19.6,59.5,,,
06/03/2026,09:38:08,19.6,59.6,,,
06/03/2026,09:43:08,19.6,59.5,,,
06/03/2026,09:48:08,19.6,59.6,,,
06/03/2026,09:53:08,19.6,59.5,,,
06/03/2026,09:58:08,19.6,59.5,,,
06/03/2026,10:03:08,19.7,59.6,,,
06/03/2026,10:08:08,19.7,59.6,,,
06/03/2026,10:13:08,19.7,59.6,,,
06/03/2026,10:18:08,19.7,59.6,,,
06/03/2026,10:23:08,19.7,59.6,,,
06/03/2026,10:28:08,19.7,59.5,,,
06/03/2026,10:33:08,19.7,59.5,,,
06/03/2026,10:38:08,19.7,59.5,,,
06/03/2026,10:43:08,19.6,59.5,,,
06/03/2026,10:48:08,19.6,59.5,,,
06/03/2026,10:53:08,19.6,59.6,,,
06/03/2026,10:58:08,19.7,59.5,,,
06/03/2026,11:03:08,19.6,59.5,,,
06/03/2026,11:08:08,19.6,59.5,,,
06/03/2026,11:13:08,19.6,59.5,,,
06/03/2026,11:18:08,19.6,59.5,,,
06/03/2026,11:23:08,19.6,59.6,,,
06/03/2026,11:28:08,19.6,59.5,,,
06/03/2026,11:33:08,19.6,59.6,,,
06/03/2026,11:38:08,19.6,59.5,,,
06/03/2026,11:43:08,19.6,59.6,,,
06/03/2026,11:48:08,19.5,59.6,,,
06/03/2026,11:53:08,19.6,59.6,,,
06/03/2026,11:58:08,19.6,59.6,,,
06/03/2026,12:03:08,19.6,59.7,,,
06/03/2026,12:08:08,19.5,59.7,,,
06/03/2026,12:13:08,19.5,59.6,,,
06/03/2026,12:18:08,19.5,59.7,,,
06/03/2026,12:23:08,19.6,59.7,,,
06/03/2026,12:28:08,19.5,59.7,,,
06/03/2026,12:33:08,19.5,59.8,,,
06/03/2026,12:38:08,19.5,59.8,,,
06/03/2026,12:43:08,19.5,59.8,,,
06/03/2026,12:48:08,19.5,59.9,,,
06/03/2026,12:53:08,19.5,59.9,,,
06/03/2026,12:58:08,19.5,59.9,,,
06/03/2026,13:03:08,19.5,59.9,,,
06/03/2026,13:08:08,19.5,60,,,
06/03/2026,13:13:08,19.5,60,,,
06/03/2026,13:18:08,19.5,60,,,
06/03/2026,13:23:08,19.5,60.1,,,
06/03/2026,13:28:08,19.5,60.1,,,
06/03/2026,13:33:08,19.5,60.1,,,
06/03/2026,13:38:08,19.5,60.1,,,
06/03/2026,13:43:08,19.5,60.2,,,
06/03/2026,13:48:08,19.5,60.2,,,
06/03/2026,13:53:08,19.5,60.3,,,
06/03/2026,13:58:08,19.5,60.2,,,
06/03/2026,14:03:08,19.5,60.3,,,
06/03/2026,14:08:08,19.5,60.4,,,
06/03/2026,14:13:08,19.5,60.4,,,
06/03/2026,14:18:08,19.5,60.4,,,
06/03/2026,14:23:08,19.5,60.4,,,
06/03/2026,14:28:08,19.4,60.5,,,
06/03/2026,14:33:08,19.5,60.5,,,
06/03/2026,14:38:08,19.5,60.6,,,
06/03/2026,14:43:08,19.5,60.6,,,
06/03/2026,14:48:08,19.5,60.6,,,
06/03/2026,14:53:08,19.5,60.7,,,
06/03/2026,14:58:08,19.5,60.7,,,
06/03/2026,15:03:08,19.5,60.8,,,
06/03/2026,15:08:08,19.5,60.8,,,
06/03/2026,15:13:08,19.5,60.8,,,
06/03/2026,15:18:08,19.5,60.9,,,
06/03/2026,15:23:08,19.5,61,,,
06/03/2026,15:28:08,19.5,61,,,
06/03/2026,15:33:08,19.5,61,,,
06/03/2026,15:38:08,19.5,61,,,
06/03/2026,15:43:08,19.5,61.1,,,
06/03/2026,15:48:08,19.5,61.2,,,
06/03/2026,15:53:08,19.5,61.2,,,
06/03/2026,15:58:08,19.5,61.3,,,
06/03/2026,16:03:08,19.5,61.3,,,
06/03/2026,16:08:08,19.5,61.3,,,
06/03/2026,16:13:08,19.5,61.4,,,
06/03/2026,16:18:08,19.5,61.4,,,
06/03/2026,16:23:08,19.5,61.5,,,
06/03/2026,16:28:08,19.5,61.6,,,
06/03/2026,16:33:08,19.5,61.7,,,
06/03/2026,16:38:08,19.5,61.7,,,
06/03/2026,16:43:08,19.5,61.7,,,
06/03/2026,16:48:08,19.5,61.8,,,
06/03/2026,16:53:08,19.6,61.8,,,
06/03/2026,16:58:08,19.5,61.9,,,
06/03/2026,17:03:08,19.5,61.9,,,
06/03/2026,17:08:08,19.6,62.1,,,
06/03/2026,17:13:08,19.6,62.2,,,
06/03/2026,17:18:08,19.6,62.4,,,
06/03/2026,17:23:08,19.6,62.6,,,
06/03/2026,17:28:08,19.6,62.7,,,
06/03/2026,17:33:08,19.6,62.8,,,
06/03/2026,17:38:08,19.6,62.9,,,
06/03/2026,17:43:08,19.6,62.9,,,
06/03/2026,17:48:08,19.7,63,,,
06/03/2026,17:53:08,19.7,63,,,
06/03/2026,17:58:08,19.7,62.9,,,
06/03/2026,18:03:08,19.7,62.9,,,
06/03/2026,18:08:08,19.7,63,,,
06/03/2026,18:13:08,19.7,63,,,
06/03/2026,18:18:08,19.7,63,,,
06/03/2026,18:23:08,19.7,63.1,,,
06/03/2026,18:28:08,19.7,63,,,
06/03/2026,18:33:08,19.7,63,,,
06/03/2026,18:38:08,19.7,63,,,
06/03/2026,18:43:08,19.7,63,,,
06/03/2026,18:48:08,19.7,62.9,,,
06/03/2026,18:53:08,19.7,63,,,
06/03/2026,18:58:08,19.7,63,,,
06/03/2026,19:03:08,19.7,63.1,,,
06/03/2026,19:08:08,19.7,63.3,,,
06/03/2026,19:13:08,19.7,63.6,,,
06/03/2026,19:18:08,19.7,63.5,,,
06/03/2026,19:23:08,19.7,63.6,,,
06/03/2026,19:28:08,19.8,63.6,,,
06/03/2026,19:33:08,19.8,63.7,,,
06/03/2026,19:38:08,19.8,63.8,,,
06/03/2026,19:43:08,19.8,63.8,,,
06/03/2026,19:48:08,19.8,63.9,,,
06/03/2026,19:53:08,19.8,63.8,,,
06/03/2026,19:58:08,19.8,63.9,,,
06/03/2026,20:03:08,19.8,63.9,,,
06/03/2026,20:08:08,19.8,63.9,,,
06/03/2026,20:13:08,19.8,63.9,,,
06/03/2026,20:18:08,19.8,63.9,,,
06/03/2026,20:23:08,19.8,63.9,,,
06/03/2026,20:28:08,19.8,63.9,,,
06/03/2026,20:33:08,19.8,63.9,,,
06/03/2026,20:38:08,19.8,63.9,,,
06/03/2026,20:43:08,19.8,63.9,,,
06/03/2026,20:48:08,19.8,63.9,,,
06/03/2026,20:53:08,19.7,63.8,,,
06/03/2026,20:58:08,19.7,63.8,,,
06/03/2026,21:03:08,19.7,63.8,,,
06/03/2026,21:08:08,19.7,63.8,,,
06/03/2026,21:13:08,19.7,63.8,,,
06/03/2026,21:18:08,19.7,63.8,,,
06/03/2026,21:23:08,19.7,63.8,,,
06/03/2026,21:28:08,19.7,63.8,,,
06/03/2026,21:33:08,19.6,63.8,,,
06/03/2026,21:38:08,19.6,63.8,,,
06/03/2026,21:43:08,19.6,63.7,,,
06/03/2026,21:48:08,19.6,63.7,,,
06/03/2026,21:53:08,19.6,63.7,,,
06/03/2026,21:58:08,19.6,63.7,,,
06/03/2026,22:03:08,19.6,63.7,,,
06/03/2026,22:08:08,19.6,63.7,,,
06/03/2026,22:13:08,19.5,63.7,,,
06/03/2026,22:18:08,19.5,63.7,,,
06/03/2026,22:23:08,19.6,63.6,,,
06/03/2026,22:28:08,19.5,63.6,,,
06/03/2026,22:33:08,19.5,63.6,,,
06/03/2026,22:38:08,19.5,63.6,,,
06/03/2026,22:43:08,19.5,63.6,,,
06/03/2026,22:48:08,19.5,63.6,,,
06/03/2026,22:53:08,19.5,63.5,,,
06/03/2026,22:58:08,19.5,63.5,,,
06/03/2026,23:03:08,19.4,63.5,,,
06/03/2026,23:08:08,19.4,63.5,,,
06/03/2026,23:13:08,19.4,63.5,,,
06/03/2026,23:18:08,19.4,63.4,,,
06/03/2026,23:23:08,19.4,63.4,,,
06/03/2026,23:28:08,19.4,63.4,,,
06/03/2026,23:33:08,19.4,63.4,,,
06/03/2026,23:38:08,19.4,63.3,,,
06/03/2026,23:43:08,19.4,63.3,,,
06/03/2026,23:48:08,19.3,63.3,,,
06/03/2026,23:53:08,19.4,63.3,,,
06/03/2026,23:58:08,19.3,63.3,,,
06/04/2026,00:03:08,19.3,63.3,,,
06/04/2026,00:08:08,19.3,63.3,,,
06/04/2026,00:13:08,19.3,63.2,,,
06/04/2026,00:18:08,19.3,63.2,,,
06/04/2026,00:23:08,19.3,63.2,,,
06/04/2026,00:28:08,19.3,63.2,,,
06/04/2026,00:33:08,19.3,63.2,,,
06/04/2026,00:38:08,19.3,63.1,,,
06/04/2026,00:43:08,19.3,63.1,,,
06/04/2026,00:48:08,19.3,63.1,,,
06/04/2026,00:53:08,19.2,63,,,
06/04/2026,00:58:08,19.2,63,,,
06/04/2026,01:03:08,19.2,63,,,
06/04/2026,01:08:08,19.2,62.9,,,
06/04/2026,01:13:08,19.2,63,,,
06/04/2026,01:18:08,19.2,62.9,,,
06/04/2026,01:23:08,19.2,62.9,,,
06/04/2026,01:28:08,19.1,62.8,,,
06/04/2026,01:33:08,19.1,62.8,,,
06/04/2026,01:38:08,19.1,62.8,,,
06/04/2026,01:43:08,19.2,62.7,,,
06/04/2026,01:48:08,19.1,62.7,,,
06/04/2026,01:53:08,19.1,62.7,,,
06/04/2026,01:58:08,19.1,62.6,,,
06/04/2026,02:03:08,19.1,62.6,,,
06/04/2026,02:08:08,19.1,62.5,,,
06/04/2026,02:13:08,19.1,62.5,,,
06/04/2026,02:18:08,19.1,62.5,,,
06/04/2026,02:23:08,19,62.5,,,
06/04/2026,02:28:08,19.1,62.4,,,
06/04/2026,02:33:08,19,62.4,,,
06/04/2026,02:38:08,19,62.4,,,
06/04/2026,02:43:08,19,62.4,,,
06/04/2026,02:48:08,19,62.3,,,
06/04/2026,02:53:08,19,62.3,,,
06/04/2026,02:58:08,19,62.3,,,
06/04/2026,03:03:08,19,62.2,,,
06/04/2026,03:08:08,19,62.3,,,
06/04/2026,03:13:08,19,62.2,,,
06/04/2026,03:18:08,19,62.2,,,
06/04/2026,03:23:08,19,62.1,,,
06/04/2026,03:28:08,19,62.2,,,
06/04/2026,03:33:08,19,62.1,,,
06/04/2026,03:38:08,18.9,62.1,,,
06/04/2026,03:43:08,18.9,62.1,,,
06/04/2026,03:48:08,18.9,62,,,
06/04/2026,03:53:08,18.9,62,,,
06/04/2026,03:58:08,18.9,62,,,
06/04/2026,04:03:08,18.9,61.9,,,
06/04/2026,04:08:08,18.9,61.9,,,
06/04/2026,04:13:08,18.9,61.9,,,
06/04/2026,04:18:08,18.8,61.8,,,
06/04/2026,04:23:08,18.8,61.8,,,
06/04/2026,04:28:08,18.9,61.8,,,
06/04/2026,04:33:08,18.9,61.8,,,
06/04/2026,04:38:08,18.9,61.8,,,
06/04/2026,04:43:08,18.8,61.8,,,
06/04/2026,04:48:08,18.8,61.7,,,
06/04/2026,04:53:08,18.8,61.7,,,
06/04/2026,04:58:08,18.8,61.7,,,
06/04/2026,05:03:08,18.8,61.7,,,
06/04/2026,05:08:08,18.8,61.6,,,
06/04/2026,05:13:08,18.8,61.6,,,
06/04/2026,05:18:08,18.8,61.6,,,
06/04/2026,05:23:08,18.8,61.6,,,
06/04/2026,05:28:08,18.8,61.6,,,
06/04/2026,05:33:08,18.8,61.6,,,
06/04/2026,05:38:08,18.7,61.5,,,
06/04/2026,05:43:08,18.7,61.5,,,
06/04/2026,05:48:08,18.7,61.5,,,
06/04/2026,05:53:08,18.7,61.5,,,
06/04/2026,05:58:08,18.7,61.5,,,
06/04/2026,06:03:08,18.7,61.4,,,
06/04/2026,06:08:08,18.7,61.5,,,
06/04/2026,06:13:08,18.7,61.4,,,
06/04/2026,06:18:08,18.7,61.4,,,
06/04/2026,06:23:08,18.7,61.4,,,
06/04/2026,06:28:08,18.7,61.4,,,
06/04/2026,06:33:08,18.7,61.3,,,
06/04/2026,06:38:08,18.7,61.3,,,
06/04/2026,06:43:08,18.7,61.3,,,
06/04/2026,06:48:08,18.7,61.3,,,
06/04/2026,06:53:08,18.7,61.3,,,
06/04/2026,06:58:08,18.7,61.3,,,
06/04/2026,07:03:08,18.7,61.3,,,
06/04/2026,07:08:08,18.7,61.3,,,
06/04/2026,07:13:08,18.7,61.2,,,
06/04/2026,07:18:08,18.7,61.3,,,
06/04/2026,07:23:08,18.6,61.2,,,
06/04/2026,07:28:08,18.7,61.2,,,
06/04/2026,07:33:08,18.6,61.2,,,
06/04/2026,07:38:08,18.6,61.2,,,
06/04/2026,07:43:08,18.7,61.2,,,
06/04/2026,07:48:08,18.6,61.2,,,
06/04/2026,07:53:08,18.6,61.1,,,
06/04/2026,07:58:08,18.6,61.1,,,
06/04/2026,08:03:08,18.6,61.1,,,
06/04/2026,08:08:08,18.6,61.1,,,
06/04/2026,08:13:08,18.6,61.1,,,
06/04/2026,08:18:08,18.6,61.1,,,
06/04/2026,08:23:08,18.6,61.1,,,
06/04/2026,08:28:08,18.6,61.1,,,
06/04/2026,08:33:08,18.6,61,,,
06/04/2026,08:38:08,18.6,61,,,
06/04/2026,08:43:08,18.6,61,,,
06/04/2026,08:48:08,18.6,61,,,
06/04/2026,08:53:08,18.6,61,,,
06/04/2026,08:58:08,18.6,61,,,
06/04/2026,09:03:08,18.6,61,,,
06/04/2026,09:08:08,18.6,61,,,
06/04/2026,09:13:08,18.6,61,,,
06/04/2026,09:18:08,18.6,61,,,
06/04/2026,09:23:08,18.6,61,,,
06/04/2026,09:28:08,18.6,61,,,
06/04/2026,09:33:08,18.6,60.9,,,
06/04/2026,09:38:08,18.6,61,,,
06/04/2026,09:43:08,18.6,60.9,,,
06/04/2026,09:48:08,18.6,60.9,,,
06/04/2026,09:53:08,18.6,60.9,,,
06/04/2026,09:58:08,18.6,60.9,,,
06/04/2026,10:03:08,18.6,60.9,,,
06/04/2026,10:08:08,18.6,60.9,,,
06/04/2026,10:13:08,18.6,60.9,,,
06/04/2026,10:18:08,18.6,60.9,,,
06/04/2026,10:23:08,18.6,60.9,,,
06/04/2026,10:28:08,18.6,60.9,,,
06/04/2026,10:33:08,18.6,61,,,
06/04/2026,10:38:08,18.6,61,,,
06/04/2026,10:43:08,18.6,60.9,,,
06/04/2026,10:48:08,18.6,61,,,
06/04/2026,10:53:08,18.6,60.9,,,
06/04/2026,10:58:08,18.6,60.9,,,
06/04/2026,11:03:08,18.7,60.9,,,
06/04/2026,11:08:08,18.7,61,,,
06/04/2026,11:13:08,18.7,60.9,,,
06/04/2026,11:18:08,18.7,61,,,
06/04/2026,11:23:08,18.7,61,,,
06/04/2026,11:28:08,18.7,61,,,
06/04/2026,11:33:08,18.7,61,,,
06/04/2026,11:38:08,18.7,61.1,,,
06/04/2026,11:43:08,18.7,61.1,,,
06/04/2026,11:48:08,18.7,61.1,,,
06/04/2026,11:53:08,18.7,61.1,,,
06/04/2026,11:58:08,18.7,61.1,,,
06/04/2026,12:03:08,18.7,61.2,,,
06/04/2026,12:08:08,18.7,61.2,,,
06/04/2026,12:13:08,18.7,61.2,,,
06/04/2026,12:18:08,18.7,61.2,,,
06/04/2026,12:23:08,18.7,61.2,,,
06/04/2026,12:28:08,18.7,61.2,,,
06/04/2026,12:33:08,18.7,61.3,,,
06/04/2026,12:38:08,18.7,61.3,,,
06/04/2026,12:43:08,18.7,61.3,,,
06/04/2026,12:48:08,18.7,61.3,,,
06/04/2026,12:53:08,18.7,61.4,,,
06/04/2026,12:58:08,18.7,61.4,,,
06/04/2026,13:03:08,18.7,61.4,,,
06/04/2026,13:08:08,18.7,61.4,,,
06/04/2026,13:13:08,18.6,61.5,,,
06/04/2026,13:18:08,18.7,61.5,,,
06/04/2026,13:23:08,18.7,61.5,,,
06/04/2026,13:28:08,18.7,61.6,,,
06/04/2026,13:33:08,18.7,61.6,,,
06/04/2026,13:38:08,18.7,61.7,,,
06/04/2026,13:43:08,18.7,61.7,,,
06/04/2026,13:48:08,18.7,61.8,,,
06/04/2026,13:53:08,18.7,61.7,,,
06/04/2026,13:58:08,18.7,61.7,,,
06/04/2026,14:03:08,18.7,61.8,,,
06/04/2026,14:08:08,18.7,61.8,,,
06/04/2026,14:13:08,18.8,61.8,,,
06/04/2026,14:18:08,18.8,61.8,,,
06/04/2026,14:23:08,18.8,61.8,,,
06/04/2026,14:28:08,18.8,61.8,,,
06/04/2026,14:33:08,18.8,61.8,,,
06/04/2026,14:38:08,18.8,61.8,,,
06/04/2026,14:43:08,18.8,61.8,,,
06/04/2026,14:48:08,18.8,61.9,,,
06/04/2026,14:53:08,18.8,62,,,
06/04/2026,14:58:08,18.8,62,,,
06/04/2026,15:03:08,18.8,62.1,,,
06/04/2026,15:08:08,18.8,62.1,,,
06/04/2026,15:13:08,18.8,62.1,,,
06/04/2026,15:18:08,18.8,62.2,,,
06/04/2026,15:23:08,18.8,62.2,,,
06/04/2026,15:28:08,18.9,62.2,,,
06/04/2026,15:33:08,18.9,62.2,,,
06/04/2026,15:38:08,18.9,62.3,,,
06/04/2026,15:43:08,18.9,62.4,,,
06/04/2026,15:48:08,18.9,62.4,,,
06/04/2026,15:53:08,18.9,62.5,,,
06/04/2026,15:58:08,19,62.5,,,
06/04/2026,16:03:08,19,62.5,,,
06/04/2026,16:08:08,19,62.5,,,
06/04/2026,16:13:08,19,62.5,,,
06/04/2026,16:18:08,19,62.5,,,
06/04/2026,16:23:08,19.1,62.5,,,
06/04/2026,16:28:08,19,62.5,,,
06/04/2026,16:33:08,19.1,62.6,,,
06/04/2026,16:38:08,19.1,62.5,,,
06/04/2026,16:43:08,19.1,62.6,,,
06/04/2026,16:48:08,19.1,62.5,,,
06/04/2026,16:53:08,19.1,62.4,,,
06/04/2026,16:58:08,19.1,62.4,,,
06/04/2026,17:03:08,19.1,62.4,,,
06/04/2026,17:08:08,19.1,62.3,,,
06/04/2026,17:13:08,19.1,62.3,,,
06/04/2026,17:18:08,19.2,62.2,,,
06/04/2026,17:23:08,19.1,62.2,,,
06/04/2026,17:28:08,19.1,62.2,,,
06/04/2026,17:33:08,19.1,62.2,,,
06/04/2026,17:38:08,19.1,62.2,,,
06/04/2026,17:43:08,19.1,62.2,,,
06/04/2026,17:48:08,19.2,62.2,,,
06/04/2026,17:53:08,19.1,62.2,,,
06/04/2026,17:58:08,19.2,62.2,,,
06/04/2026,18:03:08,19.2,62.3,,,
06/04/2026,18:08:08,19.2,62.3,,,
06/04/2026,18:13:08,19.2,62.3,,,
06/04/2026,18:18:08,19.2,62.2,,,
06/04/2026,18:23:08,19.2,62.2,,,
06/04/2026,18:28:08,19.2,62.2,,,
06/04/2026,18:33:08,19.2,62.3,,,
06/04/2026,18:38:08,19.2,62.4,,,
06/04/2026,18:43:08,19.2,62.5,,,
06/04/2026,18:48:08,19.2,62.5,,,
06/04/2026,18:53:08,19.2,62.6,,,
06/04/2026,18:58:08,19.2,62.6,,,
06/04/2026,19:03:08,19.3,62.7,,,
06/04/2026,19:08:08,19.3,62.9,,,
06/04/2026,19:13:08,19.3,63.2,,,
06/04/2026,19:18:08,19.4,63.6,,,
06/04/2026,19:23:08,19.4,63.7,,,
06/04/2026,19:28:08,19.4,63.7,,,
06/04/2026,19:33:08,19.5,63.9,,,
06/04/2026,19:38:08,19.5,64,,,
06/04/2026,19:43:08,19.5,64,,,
06/04/2026,19:48:08,19.6,64,,,
06/04/2026,19:53:08,19.6,64.1,,,
06/04/2026,19:58:08,19.6,64,,,
06/04/2026,20:03:08,19.6,64.1,,,
06/04/2026,20:08:08,19.6,63.9,,,
06/04/2026,20:13:08,19.7,64.2,,,
06/04/2026,20:18:08,19.7,63.5,,,
06/04/2026,20:23:08,19.6,63.5,,,
06/04/2026,20:28:08,19.6,63.9,,,
06/04/2026,20:33:08,19.6,64,,,
06/04/2026,20:38:08,19.6,64,,,
06/04/2026,20:43:08,19.6,64,,,
06/04/2026,20:48:08,19.5,64,,,
06/04/2026,20:53:08,19.5,64,,,
06/04/2026,20:58:08,19.5,63.9,,,
06/04/2026,21:03:08,19.5,63.9,,,
06/04/2026,21:08:08,19.5,63.9,,,
06/04/2026,21:13:08,19.4,63.8,,,
06/04/2026,21:18:08,19.4,63.7,,,
06/04/2026,21:23:08,19.4,63.7,,,
06/04/2026,21:28:08,19.4,63.7,,,
06/04/2026,21:33:08,19.4,63.7,,,
06/04/2026,21:38:08,19.4,63.6,,,
06/04/2026,21:43:08,19.4,63.5,,,
06/04/2026,21:48:08,19.3,63.5,,,
06/04/2026,21:53:08,19.3,63.5,,,
06/04/2026,21:58:08,19.3,63.4,,,
06/04/2026,22:03:08,19.3,63.4,,,
06/04/2026,22:08:08,19.3,63.3,,,
06/04/2026,22:13:08,19.3,63.3,,,
06/04/2026,22:18:08,19.3,63.3,,,
06/04/2026,22:23:08,19.2,63.2,,,
06/04/2026,22:28:08,19.3,63.3,,,
06/04/2026,22:33:08,19.2,63.2,,,
06/04/2026,22:38:08,19.2,63.1,,,
06/04/2026,22:43:08,19.2,63.1,,,
06/04/2026,22:48:08,19.2,63.1,,,
06/04/2026,22:53:08,19.2,63.1,,,
06/04/2026,22:58:08,19.2,63,,,
06/04/2026,23:03:08,19.1,63,,,
06/04/2026,23:08:08,19.1,63,,,
06/04/2026,23:13:08,19.1,62.9,,,
06/04/2026,23:18:08,19.1,62.9,,,
06/04/2026,23:23:08,19.1,62.9,,,
06/04/2026,23:28:08,19.1,62.8,,,
06/04/2026,23:33:08,19.1,62.8,,,
06/04/2026,23:38:08,19.1,62.8,,,
06/04/2026,23:43:08,19.1,62.8,,,
06/04/2026,23:48:08,19.1,62.7,,,
06/04/2026,23:53:08,19,62.7,,,
06/04/2026,23:58:08,19,62.7,,,
06/05/2026,00:03:08,19,62.6,,,
06/05/2026,00:08:08,19,62.6,,,
06/05/2026,00:13:08,19,62.6,,,
06/05/2026,00:18:08,19,62.6,,,
06/05/2026,00:23:08,19,62.6,,,
06/05/2026,00:28:08,18.9,62.5,,,
06/05/2026,00:33:08,18.9,62.5,,,
06/05/2026,00:38:08,18.9,62.5,,,
06/05/2026,00:43:08,18.9,62.4,,,
06/05/2026,00:48:08,18.9,62.4,,,
06/05/2026,00:53:08,18.9,62.4,,,
06/05/2026,00:58:08,18.9,62.3,,,
06/05/2026,01:03:08,18.9,62.3,,,
06/05/2026,01:08:08,18.9,62.2,,,
06/05/2026,01:13:08,18.9,62.2,,,
06/05/2026,01:18:08,18.8,62.2,,,
06/05/2026,01:23:08,18.8,62.2,,,
06/05/2026,01:28:08,18.8,62.1,,,
06/05/2026,01:33:08,18.8,62.1,,,
06/05/2026,01:38:08,18.8,62,,,
06/05/2026,01:43:08,18.8,62.1,,,
06/05/2026,01:48:08,18.8,62,,,
06/05/2026,01:53:08,18.8,61.9,,,
06/05/2026,01:58:08,18.8,61.9,,,
06/05/2026,02:03:08,18.7,61.9,,,
06/05/2026,02:08:08,18.8,61.8,,,
06/05/2026,02:13:08,18.7,61.8,,,
06/05/2026,02:18:08,18.7,61.8,,,
06/05/2026,02:23:08,18.7,61.8,,,
06/05/2026,02:28:08,18.7,61.7,,,
06/05/2026,02:33:08,18.7,61.7,,,
06/05/2026,02:38:08,18.7,61.7,,,
06/05/2026,02:43:08,18.7,61.6,,,
06/05/2026,02:48:08,18.7,61.6,,,
06/05/2026,02:53:08,18.6,61.6,,,
06/05/2026,02:58:08,18.7,61.6,,,
06/05/2026,03:03:08,18.6,61.5,,,
06/05/2026,03:08:08,18.6,61.5,,,
06/05/2026,03:13:08,18.6,61.5,,,
06/05/2026,03:18:08,18.6,61.4,,,
06/05/2026,03:23:08,18.6,61.4,,,
06/05/2026,03:28:08,18.6,61.4,,,
06/05/2026,03:33:08,18.6,61.3,,,
06/05/2026,03:38:08,18.6,61.4,,,
06/05/2026,03:43:08,18.5,61.4,,,
06/05/2026,03:48:08,18.5,61.3,,,
06/05/2026,03:53:08,18.5,61.2,,,
06/05/2026,03:58:08,18.5,61.2,,,
06/05/2026,04:03:08,18.5,61.2,,,
06/05/2026,04:08:08,18.5,61.2,,,
06/05/2026,04:13:08,18.5,61.3,,,
06/05/2026,04:18:08,18.4,61.2,,,
06/05/2026,04:23:08,18.4,61.2,,,
06/05/2026,04:28:08,18.4,61.1,,,
06/05/2026,04:33:08,18.4,61.2,,,
06/05/2026,04:38:08,18.4,61.1,,,
06/05/2026,04:43:08,18.4,61.1,,,
06/05/2026,04:48:08,18.4,61.1,,,
06/05/2026,04:53:08,18.4,61,,,
06/05/2026,04:58:08,18.4,61,,,
06/05/2026,05:03:08,18.3,61,,,
06/05/2026,05:08:08,18.3,61,,,
06/05/2026,05:13:08,18.3,61,,,
06/05/2026,05:18:08,18.3,60.9,,,
06/05/2026,05:23:08,18.3,60.9,,,
06/05/2026,05:28:08,18.3,60.9,,,
06/05/2026,05:33:08,18.3,60.9,,,
06/05/2026,05:38:08,18.3,60.8,,,
06/05/2026,05:43:08,18.3,60.9,,,
06/05/2026,05:48:08,18.2,60.8,,,
06/05/2026,05:53:08,18.3,60.8,,,
06/05/2026,05:58:08,18.3,60.8,,,
06/05/2026,06:03:08,18.3,60.8,,,
06/05/2026,06:08:08,18.3,60.8,,,
06/05/2026,06:13:08,18.2,60.8,,,
06/05/2026,06:18:08,18.2,60.8,,,
06/05/2026,06:23:08,18.2,60.8,,,
06/05/2026,06:28:08,18.2,60.8,,,
06/05/2026,06:33:08,18.2,60.8,,,
06/05/2026,06:38:08,18.2,60.8,,,
06/05/2026,06:43:08,18.2,60.8,,,
06/05/2026,06:48:08,18.2,60.8,,,
06/05/2026,06:53:08,18.3,60.8,,,
06/05/2026,06:58:08,18.2,60.8,,,
06/05/2026,07:03:08,18.2,60.8,,,
06/05/2026,07:08:08,18.2,60.8,,,
06/05/2026,07:13:08,18.2,60.8,,,
06/05/2026,07:18:08,18.2,60.8,,,
06/05/2026,07:23:08,18.2,60.8,,,
06/05/2026,07:28:08,18.3,60.9,,,
06/05/2026,07:33:08,18.2,60.8,,,
06/05/2026,07:38:08,18.2,60.9,,,
06/05/2026,07:43:08,18.3,60.9,,,
06/05/2026,07:48:08,18.2,60.8,,,
06/05/2026,07:53:08,18.2,60.9,,,
06/05/2026,07:58:08,18.3,60.8,,,
06/05/2026,08:03:08,18.2,60.8,,,
06/05/2026,08:08:08,18.3,60.8,,,
06/05/2026,08:13:08,18.2,60.8,,,
06/05/2026,08:18:08,18.3,60.8,,,
06/05/2026,08:23:08,18.3,60.8,,,
06/05/2026,08:28:08,18.3,60.7,,,
06/05/2026,08:33:08,18.3,60.7,,,
06/05/2026,08:38:08,18.3,60.7,,,
06/05/2026,08:43:08,18.3,60.7,,,
06/05/2026,08:48:08,18.3,60.7,,,
06/05/2026,08:53:08,18.2,60.6,,,
06/05/2026,08:58:08,18.3,60.6,,,
06/05/2026,09:03:08,18.3,60.6,,,
06/05/2026,09:08:08,18.3,60.6,,,
06/05/2026,09:13:08,18.3,60.6,,,
06/05/2026,09:18:08,18.3,60.6,,,
06/05/2026,09:23:08,18.3,60.6,,,
06/05/2026,09:28:08,18.3,60.6,,,
06/05/2026,09:33:08,18.3,60.5,,,
06/05/2026,09:38:08,18.3,60.5,,,
06/05/2026,09:43:08,18.3,60.4,,,
06/05/2026,09:48:08,18.3,60.4,,,
06/05/2026,09:53:08,18.3,60.3,,,
06/05/2026,09:58:08,18.3,60.3,,,
06/05/2026,10:03:08,18.3,60.4,,,
06/05/2026,10:08:08,18.3,60.2,,,
06/05/2026,10:13:08,18.3,60.1,,,
06/05/2026,10:18:08,18.3,60.2,,,
06/05/2026,10:23:08,18.3,60.1,,,
06/05/2026,10:28:08,18.3,60.1,,,
06/05/2026,10:33:08,18.3,59.9,,,
06/05/2026,10:38:08,18.3,59.9,,,
06/05/2026,10:43:08,18.3,59.9,,,
06/05/2026,10:48:08,18.3,59.8,,,
06/05/2026,10:53:08,18.3,59.7,,,
06/05/2026,10:58:08,18.3,59.7,,,
06/05/2026,11:03:08,18.3,59.6,,,
06/05/2026,11:08:08,18.3,59.6,,,
06/05/2026,11:13:08,18.3,59.5,,,
06/05/2026,11:18:08,18.3,59.5,,,
06/05/2026,11:23:08,18.3,59.4,,,
06/05/2026,11:28:08,18.3,59.4,,,
06/05/2026,11:33:08,18.3,59.4,,,
06/05/2026,11:38:08,18.3,59.4,,,
06/05/2026,11:43:08,18.3,59.3,,,
06/05/2026,11:48:08,18.3,58.8,,,
06/05/2026,11:53:08,18.4,57.7,,,
06/05/2026,11:58:08,18.3,57.1,,,
06/05/2026,12:03:08,18.3,57,,,
06/05/2026,12:08:08,18.3,57.7,,,
06/05/2026,12:13:08,18.3,57.5,,,
06/05/2026,12:18:08,18.4,57.5,,,
06/05/2026,12:23:08,18.3,57.6,,,
06/05/2026,12:28:08,18.4,57.7,,,
06/05/2026,12:33:08,18.4,57.8,,,
06/05/2026,12:38:08,18.5,57.7,,,
06/05/2026,12:43:08,18.5,57.1,,,
06/05/2026,12:48:08,18.5,55.6,,,
06/05/2026,12:53:08,18.5,56.8,,,
06/05/2026,12:58:08,18.6,57.2,,,
06/05/2026,13:03:08,18.7,58.4,,,
06/05/2026,13:08:08,18.8,58.7,,,
06/05/2026,13:13:08,18.8,58.7,,,
06/05/2026,13:18:08,18.9,56.6,,,
06/05/2026,13:23:08,19,57,,,
06/05/2026,13:28:08,19,55.4,,,
06/05/2026,13:33:08,19,54.2,,,
06/05/2026,13:38:08,19,55.1,,,
06/05/2026,13:43:08,19.1,55.2,,,
06/05/2026,13:48:08,19.1,54.7,,,
06/05/2026,13:53:08,19.1,54.2,,,
06/05/2026,13:58:08,19.1,52.6,,,
06/05/2026,14:03:08,19.1,54.3,,,
06/05/2026,14:08:08,19.2,52.9,,,
06/05/2026,14:13:08,19.2,53,,,
06/05/2026,14:18:08,19.2,53.4,,,
06/05/2026,14:23:08,19.2,53.9,,,
06/05/2026,14:28:08,19.3,54.1,,,
06/05/2026,14:33:08,19.3,54.2,,,
06/05/2026,14:38:08,19.3,54.1,,,
06/05/2026,14:43:08,19.3,54.1,,,
06/05/2026,14:48:08,19.3,54.1,,,
06/05/2026,14:53:08,19.4,54.2,,,
06/05/2026,14:58:08,19.3,54.2,,,
06/05/2026,15:03:08,19.3,54.2,,,
06/05/2026,15:08:08,19.4,54.3,,,
06/05/2026,15:13:08,19.3,54.2,,,
06/05/2026,15:18:08,19.4,54,,,
06/05/2026,15:23:08,19.4,53.9,,,
06/05/2026,15:28:08,19.4,53.8,,,
06/05/2026,15:33:08,19.4,53.7,,,
06/05/2026,15:38:08,19.4,53.5,,,
06/05/2026,15:43:08,19.4,53.4,,,
06/05/2026,15:48:08,19.4,53.3,,,
06/05/2026,15:53:08,19.4,53.1,,,
06/05/2026,15:58:08,19.4,53.1,,,
06/05/2026,16:03:08,19.4,53.1,,,
06/05/2026,16:08:08,19.4,53,,,
06/05/2026,16:13:08,19.3,52.9,,,
06/05/2026,16:18:08,19.4,52.9,,,
06/05/2026,16:23:08,19.4,52.9,,,
06/05/2026,16:28:08,19.4,52.9,,,
06/05/2026,16:33:08,19.4,52.9,,,
06/05/2026,16:38:08,19.4,52.9,,,
06/05/2026,16:43:08,19.4,52.8,,,
06/05/2026,16:48:08,19.4,52.7,,,
06/05/2026,16:53:08,19.3,52.6,,,
06/05/2026,16:58:08,19.3,52.6,,,
06/05/2026,17:03:08,19.3,52.6,,,
06/05/2026,17:08:08,19.3,52.6,,,
06/05/2026,17:13:08,19.3,52.5,,,
06/05/2026,17:18:08,19.3,52.4,,,
06/05/2026,17:23:08,19.3,52.4,,,
06/05/2026,17:28:08,19.4,52.4,,,
06/05/2026,17:33:08,19.3,52.4,,,
06/05/2026,17:38:08,19.3,52.6,,,
06/05/2026,17:43:08,19.3,52.5,,,
06/05/2026,17:48:08,19.3,52.5,,,
06/05/2026,17:53:08,19.3,52.4,,,
06/05/2026,17:58:08,19.3,52.4,,,
06/05/2026,18:03:08,19.3,52.4,,,
06/05/2026,18:08:08,19.3,52.4,,,
06/05/2026,18:13:08,19.3,52.4,,,
06/05/2026,18:18:08,19.3,52.3,,,
06/05/2026,18:23:08,19.3,52.3,,,
06/05/2026,18:28:08,19.3,52.2,,,
06/05/2026,18:33:08,19.3,52.5,,,
06/05/2026,18:38:08,19.3,52.4,,,
06/05/2026,18:43:08,19.3,52.4,,,
06/05/2026,18:48:08,19.3,52.5,,,
06/05/2026,18:53:08,19.3,52.6,,,
06/05/2026,18:58:08,19.3,52.8,,,
06/05/2026,19:03:08,19.3,52.8,,,
06/05/2026,19:08:08,19.3,53,,,
06/05/2026,19:13:08,19.3,53.1,,,
06/05/2026,19:18:08,19.3,53.3,,,
06/05/2026,19:23:08,19.4,53.3,,,
06/05/2026,19:28:08,19.4,53.3,,,
06/05/2026,19:33:08,19.4,53.4,,,
06/05/2026,19:38:08,19.4,53.6,,,
06/05/2026,19:43:08,19.4,53.7,,,
06/05/2026,19:48:08,19.4,53.7,,,
06/05/2026,19:53:08,19.4,53.6,,,
06/05/2026,19:58:08,19.4,53.6,,,
06/05/2026,20:03:08,19.4,53.7,,,
06/05/2026,20:08:08,19.4,53.7,,,
06/05/2026,20:13:08,19.4,53.7,,,
06/05/2026,20:18:08,19.4,53.7,,,
06/05/2026,20:23:08,19.4,53.7,,,
06/05/2026,20:28:08,19.4,53.7,,,
06/05/2026,20:33:08,19.4,53.7,,,
06/05/2026,20:38:08,19.3,53.7,,,
06/05/2026,20:43:08,19.3,53.7,,,
06/05/2026,20:48:08,19.3,53.7,,,
06/05/2026,20:53:08,19.3,53.6,,,
06/05/2026,20:58:08,19.3,53.6,,,
06/05/2026,21:03:08,19.3,53.6,,,
06/05/2026,21:08:08,19.3,53.6,,,
06/05/2026,21:13:08,19.3,53.5,,,
06/05/2026,21:18:08,19.3,53.5,,,
06/05/2026,21:23:08,19.3,53.4,,,
06/05/2026,21:28:08,19.2,53.4,,,
06/05/2026,21:33:08,19.2,53.4,,,
06/05/2026,21:38:08,19.2,53.3,,,
06/05/2026,21:43:08,19.2,53.3,,,
06/05/2026,21:48:08,19.2,53.2,,,
06/05/2026,21:53:08,19.2,53.2,,,
06/05/2026,21:58:08,19.2,53.2,,,
06/05/2026,22:03:08,19.1,53.2,,,
06/05/2026,22:08:08,19.1,53.2,,,
06/05/2026,22:13:08,19.1,53.2,,,
06/05/2026,22:18:08,19.1,53,,,
06/05/2026,22:23:08,19.1,53.1,,,
06/05/2026,22:28:08,19.1,53,,,
06/05/2026,22:33:08,19.1,52.9,,,
06/05/2026,22:38:08,19,52.8,,,
06/05/2026,22:43:08,19.1,52.8,,,
06/05/2026,22:48:08,19,52.9,,,
06/05/2026,22:53:08,19,52.8,,,
06/05/2026,22:58:08,19,52.9,,,
06/05/2026,23:03:08,19,52.9,,,
06/05/2026,23:08:08,19,52.9,,,
06/05/2026,23:13:08,19,52.9,,,
06/05/2026,23:18:08,19,53,,,
06/05/2026,23:23:08,19,53,,,
06/05/2026,23:28:08,19,53,,,
06/05/2026,23:33:08,19,53,,,
06/05/2026,23:38:08,19,53,,,
06/05/2026,23:43:08,19,53,,,
06/05/2026,23:48:08,19,53,,,
06/05/2026,23:53:08,19,53,,,
06/05/2026,23:58:08,19,53.1,,,
06/06/2026,00:03:08,19,53,,,
06/06/2026,00:08:08,19,53.1,,,
06/06/2026,00:13:08,19,53.1,,,
06/06/2026,00:18:08,19,53.1,,,
06/06/2026,00:23:08,19,53.1,,,
06/06/2026,00:28:08,19,53.1,,,
06/06/2026,00:33:08,19,53.1,,,
06/06/2026,00:38:08,19,53.1,,,
06/06/2026,00:43:08,19,53.1,,,
06/06/2026,00:48:08,18.9,53.1,,,
06/06/2026,00:53:08,19,53.1,,,
06/06/2026,00:58:08,18.9,53.1,,,
06/06/2026,01:03:08,19,53.2,,,
06/06/2026,01:08:08,18.9,53.2,,,
06/06/2026,01:13:08,18.9,53.2,,,
06/06/2026,01:18:08,18.9,53.2,,,
06/06/2026,01:23:08,18.9,53.2,,,
06/06/2026,01:28:08,18.9,53.2,,,
06/06/2026,01:33:08,18.9,53.2,,,
06/06/2026,01:38:08,18.9,53.2,,,
06/06/2026,01:43:08,18.9,53.2,,,
06/06/2026,01:48:08,18.9,53.2,,,
06/06/2026,01:53:08,18.9,53.2,,,
06/06/2026,01:58:08,18.9,53.2,,,
06/06/2026,02:03:08,18.9,53.2,,,
06/06/2026,02:08:08,18.9,53.3,,,
06/06/2026,02:13:08,18.9,53.3,,,
06/06/2026,02:18:08,18.9,53.3,,,
06/06/2026,02:23:08,18.9,53.3,,,
06/06/2026,02:28:08,18.8,53.3,,,
06/06/2026,02:33:08,18.8,53.3,,,
06/06/2026,02:38:08,18.8,53.3,,,
06/06/2026,02:43:08,18.8,53.3,,,
06/06/2026,02:48:08,18.8,53.3,,,
06/06/2026,02:53:08,18.8,53.3,,,
06/06/2026,02:58:08,18.8,53.3,,,
06/06/2026,03:03:08,18.8,53.3,,,
06/06/2026,03:08:08,18.8,53.3,,,
06/06/2026,03:13:08,18.8,53.4,,,
06/06/2026,03:18:08,18.8,53.4,,,
06/06/2026,03:23:08,18.8,53.4,,,
06/06/2026,03:28:08,18.8,53.4,,,
06/06/2026,03:33:08,18.8,53.4,,,
06/06/2026,03:38:08,18.8,53.5,,,
06/06/2026,03:43:08,18.8,53.5,,,
06/06/2026,03:48:08,18.8,53.5,,,
06/06/2026,03:53:08,18.8,53.5,,,
06/06/2026,03:58:08,18.8,53.5,,,
06/06/2026,04:03:08,18.8,53.5,,,
06/06/2026,04:08:08,18.8,53.6,,,
06/06/2026,04:13:08,18.8,53.6,,,
06/06/2026,04:18:08,18.8,53.6,,,
06/06/2026,04:23:08,18.7,53.7,,,
06/06/2026,04:28:08,18.7,53.7,,,
06/06/2026,04:33:08,18.8,53.7,,,
06/06/2026,04:38:08,18.7,53.7,,,
06/06/2026,04:43:08,18.7,53.8,,,
06/06/2026,04:48:08,18.7,53.8,,,
06/06/2026,04:53:08,18.7,53.9,,,
06/06/2026,04:58:08,18.7,53.9,,,
06/06/2026,05:03:08,18.7,54,,,
06/06/2026,05:08:08,18.7,54,,,
06/06/2026,05:13:08,18.7,54,,,
06/06/2026,05:18:08,18.7,54.1,,,
06/06/2026,05:23:08,18.7,54.1,,,
06/06/2026,05:28:08,18.7,54.1,,,
06/06/2026,05:33:08,18.7,54.2,,,
06/06/2026,05:38:08,18.7,54.2,,,
06/06/2026,05:43:08,18.7,54.2,,,
06/06/2026,05:48:08,18.7,54.2,,,
06/06/2026,05:53:08,18.7,54.3,,,
06/06/2026,05:58:08,18.7,54.4,,,
06/06/2026,06:03:08,18.7,54.4,,,
06/06/2026,06:08:08,18.6,54.4,,,
06/06/2026,06:13:08,18.6,54.4,,,
06/06/2026,06:18:08,18.6,54.5,,,
06/06/2026,06:23:08,18.6,54.5,,,
06/06/2026,06:28:08,18.6,54.5,,,
06/06/2026,06:33:08,18.7,54.6,,,
06/06/2026,06:38:08,18.6,54.6,,,
06/06/2026,06:43:08,18.6,54.6,,,
06/06/2026,06:48:08,18.6,54.7,,,
06/06/2026,06:53:08,18.6,54.7,,,
06/06/2026,06:58:08,18.6,54.8,,,
06/06/2026,07:03:08,18.6,54.8,,,
06/06/2026,07:08:08,18.6,54.8,,,
06/06/2026,07:13:08,18.6,54.9,,,
06/06/2026,07:18:08,18.6,54.9,,,
06/06/2026,07:23:08,18.6,54.9,,,
06/06/2026,07:28:08,18.6,55,,,
06/06/2026,07:33:08,18.6,55,,,
06/06/2026,07:38:08,18.6,55.1,,,
06/06/2026,07:43:08,18.6,55.1,,,
06/06/2026,07:48:08,18.6,55.1,,,
06/06/2026,07:53:08,18.6,55.1,,,
06/06/2026,07:58:08,18.6,55.2,,,
06/06/2026,08:03:08,18.6,55.3,,,
06/06/2026,08:08:08,18.6,55.3,,,
06/06/2026,08:13:08,18.6,55.3,,,
06/06/2026,08:18:08,18.6,55.4,,,
06/06/2026,08:23:08,18.6,55.4,,,
06/06/2026,08:28:08,18.6,55.5,,,
06/06/2026,08:33:08,18.6,55.6,,,
06/06/2026,08:38:08,18.6,55.6,,,
06/06/2026,08:43:08,18.6,55.7,,,
06/06/2026,08:48:08,18.6,55.9,,,
06/06/2026,08:53:08,18.6,55.9,,,
06/06/2026,08:58:08,18.6,56,,,
06/06/2026,09:03:08,18.6,56.1,,,
06/06/2026,09:08:08,18.6,56.3,,,
06/06/2026,09:13:08,18.6,56.4,,,
06/06/2026,09:18:08,18.6,56.4,,,
06/06/2026,09:23:08,18.7,56.6,,,
06/06/2026,09:28:08,18.7,56.8,,,
06/06/2026,09:33:08,18.7,56.9,,,
06/06/2026,09:38:08,18.7,57.1,,,
06/06/2026,09:43:08,18.7,57.2,,,
06/06/2026,09:48:08,18.7,57.3,,,
06/06/2026,09:53:08,18.8,57.4,,,
06/06/2026,09:58:08,18.8,57.6,,,
06/06/2026,10:03:08,18.8,57.7,,,
06/06/2026,10:08:08,18.8,57.8,,,
06/06/2026,10:13:08,18.9,57.9,,,
06/06/2026,10:18:08,18.9,58,,,
06/06/2026,10:23:08,18.9,58.1,,,
06/06/2026,10:28:08,18.9,58.2,,,
06/06/2026,10:33:08,18.9,58.3,,,
06/06/2026,10:38:08,18.9,58.3,,,
06/06/2026,10:43:08,18.9,58.3,,,
06/06/2026,10:48:08,18.8,58.4,,,
06/06/2026,10:53:08,18.8,58.4,,,
06/06/2026,10:58:08,18.8,58.5,,,
06/06/2026,11:03:08,18.8,58.6,,,
06/06/2026,11:08:08,18.8,58.9,,,
06/06/2026,11:13:08,18.9,59.2,,,
06/06/2026,11:18:08,18.9,59.5,,,
06/06/2026,11:23:08,18.9,59.7,,,
06/06/2026,11:28:08,18.9,59.9,,,
06/06/2026,11:33:08,19,60.1,,,
06/06/2026,11:38:08,19,60.4,,,
06/06/2026,11:43:08,19.1,60.6,,,
06/06/2026,11:48:08,19.1,60.7,,,
06/06/2026,11:53:08,19.1,60.9,,,
06/06/2026,11:58:08,19.2,61.1,,,
06/06/2026,12:03:08,19.2,61.1,,,
06/06/2026,12:08:08,19.2,61.3,,,
06/06/2026,12:13:08,19.3,61.4,,,
06/06/2026,12:18:08,19.3,61.6,,,
06/06/2026,12:23:08,19.4,61.7,,,
06/06/2026,12:28:08,19.4,61.8,,,
06/06/2026,12:33:08,19.4,61.9,,,
06/06/2026,12:38:08,19.4,62,,,
06/06/2026,12:43:08,19.4,62.2,,,
06/06/2026,12:48:08,19.4,62.2,,,
06/06/2026,12:53:08,19.4,62.4,,,
06/06/2026,12:58:08,19.5,62.5,,,
06/06/2026,13:03:08,19.5,62.7,,,
06/06/2026,13:08:08,19.4,62.8,,,
06/06/2026,13:13:08,19.4,63,,,
06/06/2026,13:18:08,19.4,63.1,,,
06/06/2026,13:23:08,19.4,63.2,,,
06/06/2026,13:28:08,19.4,63.2,,,
06/06/2026,13:33:08,19.4,63.3,,,
06/06/2026,13:38:08,19.4,63.3,,,
06/06/2026,13:43:08,19.4,63.3,,,
06/06/2026,13:48:08,19.4,63.4,,,
06/06/2026,13:53:08,19.4,63.4,,,
06/06/2026,13:58:08,19.4,63.4,,,
06/06/2026,14:03:08,19.4,63.4,,,
06/06/2026,14:08:08,19.4,63.4,,,
06/06/2026,14:13:08,19.4,63.4,,,
06/06/2026,14:18:08,19.4,63.5,,,
06/06/2026,14:23:08,19.4,63.4,,,
06/06/2026,14:28:08,19.4,63.4,,,
06/06/2026,14:33:08,19.4,63.4,,,
06/06/2026,14:38:08,19.4,63.4,,,
06/06/2026,14:43:08,19.4,63.3,,,
06/06/2026,14:48:08,19.4,63.3,,,
06/06/2026,14:53:08,19.4,63.3,,,
06/06/2026,14:58:08,19.4,63.2,,,
06/06/2026,15:03:08,19.3,63.2,,,
06/06/2026,15:08:08,19.3,63.2,,,
06/06/2026,15:13:08,19.3,63.2,,,
06/06/2026,15:18:08,19.3,63.2,,,
06/06/2026,15:23:08,19.3,63.2,,,
06/06/2026,15:28:08,19.3,63.2,,,
06/06/2026,15:33:08,19.3,63.1,,,
06/06/2026,15:38:08,19.3,63.1,,,
06/06/2026,15:43:08,19.3,63.1,,,
06/06/2026,15:48:08,19.3,63,,,
06/06/2026,15:53:08,19.3,63,,,
06/06/2026,15:58:08,19.3,62.9,,,
06/06/2026,16:03:08,19.3,62.9,,,
06/06/2026,16:08:08,19.3,62.9,,,
06/06/2026,16:13:08,19.3,62.9,,,
06/06/2026,16:18:08,19.2,62.9,,,
06/06/2026,16:23:08,19.2,62.9,,,
06/06/2026,16:28:08,19.2,62.8,,,
06/06/2026,16:33:08,19.2,62.8,,,
06/06/2026,16:38:08,19.2,62.8,,,
06/06/2026,16:43:08,19.2,62.8,,,
06/06/2026,16:48:08,19.2,62.9,,,
06/06/2026,16:53:08,19.2,63,,,
06/06/2026,16:58:08,19.2,63,,,
06/06/2026,17:03:08,19.2,63,,,
06/06/2026,17:08:08,19.2,63,,,
06/06/2026,17:13:08,19.1,63,,,
06/06/2026,17:18:08,19.1,63,,,
06/06/2026,17:23:08,19.1,62.9,,,
06/06/2026,17:28:08,19.1,62.9,,,
06/06/2026,17:33:08,19.1,63,,,
06/06/2026,17:38:08,19.1,63,,,
06/06/2026,17:43:08,19.1,63.1,,,
06/06/2026,17:48:08,19.1,63.1,,,
06/06/2026,17:53:08,19.1,63.4,,,
06/06/2026,17:58:08,19.1,63.7,,,
06/06/2026,18:03:08,19.1,64,,,
06/06/2026,18:08:08,19.1,64.5,,,
06/06/2026,18:13:08,19.2,64.8,,,
06/06/2026,18:18:08,19.2,65.2,,,
06/06/2026,18:23:08,19.3,65.6,,,
06/06/2026,18:28:08,19.3,66.1,,,
06/06/2026,18:33:08,19.4,66.4,,,
06/06/2026,18:38:08,19.4,66.6,,,
06/06/2026,18:43:08,19.5,66.8,,,
06/06/2026,18:48:08,19.5,66.8,,,
06/06/2026,18:53:08,19.5,66.9,,,
06/06/2026,18:58:08,19.4,67.1,,,
06/06/2026,19:03:08,19.4,67.8,,,
06/06/2026,19:08:08,19.4,68.1,,,
06/06/2026,19:13:08,19.5,68.2,,,
06/06/2026,19:18:08,19.5,68.3,,,
06/06/2026,19:23:08,19.5,68.4,,,
06/06/2026,19:28:08,19.5,68.3,,,
06/06/2026,19:33:08,19.6,68.3,,,
06/06/2026,19:38:08,19.6,68.5,,,
06/06/2026,19:43:08,19.6,68.7,,,
06/06/2026,19:48:08,19.6,69,,,
06/06/2026,19:53:08,19.6,69.1,,,
06/06/2026,19:58:08,19.6,69.3,,,
06/06/2026,20:03:08,19.7,69.2,,,
06/06/2026,20:08:08,19.6,69.3,,,
06/06/2026,20:13:08,19.7,69.2,,,
06/06/2026,20:18:08,19.7,69.5,,,
06/06/2026,20:23:08,19.7,69.5,,,
06/06/2026,20:28:08,19.7,69.3,,,
06/06/2026,20:33:08,19.7,69.3,,,
06/06/2026,20:38:08,19.7,69.2,,,
06/06/2026,20:43:08,19.7,69.3,,,
06/06/2026,20:48:08,19.7,69.2,,,
06/06/2026,20:53:08,19.6,69.2,,,
06/06/2026,20:58:08,19.7,69.2,,,
06/06/2026,21:03:08,19.6,69.2,,,
06/06/2026,21:08:08,19.6,69.1,,,
06/06/2026,21:13:08,19.6,68.9,,,
06/06/2026,21:18:08,19.6,68.9,,,
06/06/2026,21:23:08,19.5,68.9,,,
06/06/2026,21:28:08,19.5,68.8,,,
06/06/2026,21:33:08,19.5,68.7,,,
06/06/2026,21:38:08,19.4,68.6,,,
06/06/2026,21:43:08,19.4,68.7,,,
06/06/2026,21:48:08,19.4,68.6,,,
06/06/2026,21:53:08,19.4,68.5,,,
06/06/2026,21:58:08,19.3,68.5,,,
06/06/2026,22:03:08,19.3,68.4,,,
06/06/2026,22:08:08,19.3,68.4,,,
06/06/2026,22:13:08,19.3,68.3,,,
06/06/2026,22:18:08,19.3,68.3,,,
06/06/2026,22:23:08,19.2,68.3,,,
06/06/2026,22:28:08,19.2,68.3,,,
06/06/2026,22:33:08,19.2,68.2,,,
06/06/2026,22:38:08,19.2,68.2,,,
06/06/2026,22:43:08,19.2,68.1,,,
06/06/2026,22:48:08,19.2,68.1,,,
06/06/2026,22:53:08,19.2,68,,,
06/06/2026,22:58:08,19.1,68,,,
06/06/2026,23:03:08,19.1,67.9,,,
06/06/2026,23:08:08,19.1,67.9,,,
06/06/2026,23:13:08,19.1,67.9,,,
06/06/2026,23:18:08,19.1,67.9,,,
06/06/2026,23:23:08,19,67.8,,,
06/06/2026,23:28:08,19,67.8,,,
06/06/2026,23:33:08,19,67.7,,,
06/06/2026,23:38:08,19,67.7,,,
06/06/2026,23:43:08,19,67.6,,,
06/06/2026,23:48:08,19,67.6,,,
06/06/2026,23:53:08,19,67.5,,,
06/06/2026,23:58:08,18.9,67.5,,,
06/07/2026,00:03:08,18.9,67.5,,,
06/07/2026,00:08:08,18.9,67.4,,,
06/07/2026,00:13:08,18.9,67.4,,,
06/07/2026,00:18:08,18.9,67.3,,,
06/07/2026,00:23:08,18.9,67.2,,,
06/07/2026,00:28:08,18.9,67.2,,,
06/07/2026,00:33:08,18.9,67.2,,,
06/07/2026,00:38:08,18.8,67.1,,,
06/07/2026,00:43:08,18.8,67,,,
06/07/2026,00:48:08,18.8,67,,,
06/07/2026,00:53:08,18.8,66.9,,,
06/07/2026,00:58:08,18.8,66.9,,,
06/07/2026,01:03:08,18.7,66.8,,,
06/07/2026,01:08:08,18.7,66.8,,,
06/07/2026,01:13:08,18.7,66.7,,,
06/07/2026,01:18:08,18.7,66.7,,,
06/07/2026,01:23:08,18.7,66.6,,,
06/07/2026,01:28:08,18.7,66.5,,,
06/07/2026,01:33:08,18.7,66.5,,,
06/07/2026,01:38:08,18.7,66.4,,,
06/07/2026,01:43:08,18.6,66.3,,,
06/07/2026,01:48:08,18.6,66.2,,,
06/07/2026,01:53:08,18.6,66.2,,,
06/07/2026,01:58:08,18.6,66.1,,,
06/07/2026,02:03:08,18.6,66,,,
06/07/2026,02:08:08,18.6,66,,,
06/07/2026,02:13:08,18.5,65.9,,,
06/07/2026,02:18:08,18.5,65.8,,,
06/07/2026,02:23:08,18.5,65.8,,,
06/07/2026,02:28:08,18.5,65.7,,,
06/07/2026,02:33:08,18.5,65.7,,,
06/07/2026,02:38:08,18.5,65.6,,,
06/07/2026,02:43:08,18.5,65.6,,,
06/07/2026,02:48:08,18.5,65.5,,,
06/07/2026,02:53:08,18.4,65.5,,,
06/07/2026,02:58:08,18.4,65.4,,,
06/07/2026,03:03:08,18.4,65.3,,,
06/07/2026,03:08:08,18.4,65.3,,,
06/07/2026,03:13:08,18.4,65.3,,,
06/07/2026,03:18:08,18.4,65.2,,,
06/07/2026,03:23:08,18.4,65.2,,,
06/07/2026,03:28:08,18.4,65.1,,,
06/07/2026,03:33:08,18.4,65.1,,,
06/07/2026,03:38:08,18.4,65,,,
06/07/2026,03:43:08,18.3,65,,,
06/07/2026,03:48:08,18.3,64.9,,,
06/07/2026,03:53:08,18.3,64.9,,,
06/07/2026,03:58:08,18.3,64.8,,,
06/07/2026,04:03:08,18.3,64.8,,,
06/07/2026,04:08:08,18.3,64.8,,,
06/07/2026,04:13:08,18.3,64.7,,,
06/07/2026,04:18:08,18.3,64.7,,,
06/07/2026,04:23:08,18.3,64.6,,,
06/07/2026,04:28:08,18.3,64.6,,,
06/07/2026,04:33:08,18.2,64.5,,,
06/07/2026,04:38:08,18.2,64.5,,,
06/07/2026,04:43:08,18.2,64.4,,,
06/07/2026,04:48:08,18.2,64.4,,,
06/07/2026,04:53:08,18.2,64.3,,,
06/07/2026,04:58:08,18.2,64.2,,,
06/07/2026,05:03:08,18.2,64.2,,,
06/07/2026,05:08:08,18.1,64.2,,,
06/07/2026,05:13:08,18.1,64.1,,,
06/07/2026,05:18:08,18.1,64,,,
06/07/2026,05:23:08,18.1,64.1,,,
06/07/2026,05:28:08,18.1,64,,,
06/07/2026,05:33:08,18.1,63.9,,,
06/07/2026,05:38:08,18.1,63.9,,,
06/07/2026,05:43:08,18.1,63.8,,,
06/07/2026,05:48:08,18.1,63.8,,,
06/07/2026,05:53:08,18,63.8,,,
06/07/2026,05:58:08,18,63.7,,,
06/07/2026,06:03:08,18,63.7,,,
06/07/2026,06:08:08,18,63.6,,,
06/07/2026,06:13:08,18,63.6,,,
06/07/2026,06:18:08,18,63.6,,,
06/07/2026,06:23:08,18,63.5,,,
06/07/2026,06:28:08,18,63.5,,,
06/07/2026,06:33:08,18,63.4,,,
06/07/2026,06:38:08,18,63.4,,,
06/07/2026,06:43:08,18,63.4,,,
06/07/2026,06:48:08,18,63.3,,,
06/07/2026,06:53:08,18,63.3,,,
06/07/2026,06:58:08,18,63.3,,,
06/07/2026,07:03:08,18,63.2,,,
06/07/2026,07:08:08,18,63.2,,,
06/07/2026,07:13:08,18,63.2,,,
06/07/2026,07:18:08,18,63.2,,,
06/07/2026,07:23:08,18,63.1,,,
06/07/2026,07:28:08,18,63.1,,,
06/07/2026,07:33:08,18,63.1,,,
06/07/2026,07:38:08,18,63.1,,,
06/07/2026,07:43:08,18,63.1,,,
06/07/2026,07:48:08,18,63.1,,,
06/07/2026,07:53:08,18,63.1,,,
06/07/2026,07:58:08,18,63.1,,,
06/07/2026,08:03:08,18,63.2,,,
06/07/2026,08:08:08,18,63.4,,,
06/07/2026,08:13:08,18.1,63.7,,,
06/07/2026,08:18:08,18.1,63.8,,,
06/07/2026,08:23:08,18.1,63.9,,,
06/07/2026,08:28:08,18.2,64.2,,,
06/07/2026,08:33:08,18.2,64.3,,,
06/07/2026,08:38:08,18.3,64.3,,,
06/07/2026,08:43:08,18.3,64.5,,,
06/07/2026,08:48:08,18.4,64.6,,,
06/07/2026,08:53:08,18.5,64.8,,,
06/07/2026,08:58:08,18.5,64.8,,,
06/07/2026,09:03:08,18.6,64.9,,,
06/07/2026,09:08:08,18.6,64.9,,,
06/07/2026,09:13:08,18.6,64.8,,,
06/07/2026,09:18:08,18.6,64.8,,,
06/07/2026,09:23:08,18.6,64.8,,,
06/07/2026,09:28:08,18.6,64.8,,,
06/07/2026,09:33:08,18.6,64.9,,,
06/07/2026,09:38:08,18.6,65.2,,,
06/07/2026,09:43:08,18.7,65.4,,,
06/07/2026,09:48:08,18.7,65.7,,,
06/07/2026,09:53:08,18.8,66,,,
06/07/2026,09:58:08,18.8,66.2,,,
06/07/2026,10:03:08,18.9,66.5,,,
06/07/2026,10:08:08,18.9,66.6,,,
06/07/2026,10:13:08,19,66.9,,,
06/07/2026,10:18:08,19.1,67,,,
06/07/2026,10:23:08,19.1,67.2,,,
06/07/2026,10:28:08,19.2,67.3,,,
06/07/2026,10:33:08,19.3,67.5,,,
06/07/2026,10:38:08,19.3,67.7,,,
06/07/2026,10:43:08,19.4,67.8,,,
06/07/2026,10:48:08,19.5,68,,,
06/07/2026,10:53:08,19.5,68,,,
06/07/2026,10:58:08,19.5,67.7,,,
06/07/2026,11:03:08,19.5,67.7,,,
06/07/2026,11:08:08,19.5,67.5,,,
06/07/2026,11:13:08,19.5,67.2,,,
06/07/2026,11:18:08,19.4,67.1,,,
06/07/2026,11:23:08,19.4,67.2,,,
06/07/2026,11:28:08,19.5,67.4,,,
06/07/2026,11:33:08,19.5,67.6,,,
06/07/2026,11:38:08,19.5,67.8,,,
06/07/2026,11:43:08,19.6,67.9,,,
06/07/2026,11:48:08,19.7,68.2,,,
06/07/2026,11:53:08,19.7,68.4,,,
06/07/2026,11:58:08,19.8,68.5,,,
06/07/2026,12:03:08,19.8,68.7,,,
06/07/2026,12:08:08,20,68.9,,,
06/07/2026,12:13:08,20,69.2,,,
06/07/2026,12:18:08,20.1,69.4,,,
06/07/2026,12:23:08,20.2,69.5,,,
06/07/2026,12:28:08,20.2,69.6,,,
06/07/2026,12:33:08,20.2,69.6,,,
06/07/2026,12:38:08,20.2,69.5,,,
06/07/2026,12:43:08,20.2,69.2,,,
06/07/2026,12:48:08,20.2,69.1,,,
06/07/2026,12:53:08,20.2,68.9,,,
06/07/2026,12:58:08,20.1,68.7,,,
06/07/2026,13:03:08,20.1,68.6,,,
06/07/2026,13:08:08,20.1,68.5,,,
06/07/2026,13:13:08,20,68.4,,,
06/07/2026,13:18:08,20,68.3,,,
06/07/2026,13:23:08,20,68.2,,,
06/07/2026,13:28:08,20,68.1,,,
06/07/2026,13:33:08,20,68,,,
06/07/2026,13:38:08,19.9,67.9,,,
06/07/2026,13:43:08,19.9,67.8,,,
06/07/2026,13:48:08,19.9,67.7,,,
06/07/2026,13:53:08,19.9,67.6,,,
06/07/2026,13:58:08,19.9,67.6,,,
06/07/2026,14:03:08,19.9,67.5,,,
06/07/2026,14:08:08,19.9,67.3,,,
06/07/2026,14:13:08,19.9,67.2,,,
06/07/2026,14:18:08,19.9,67,,,
06/07/2026,14:23:08,19.8,67,,,
06/07/2026,14:28:08,19.9,66.9,,,
06/07/2026,14:33:08,19.8,66.8,,,
06/07/2026,14:38:08,19.8,66.7,,,
06/07/2026,14:43:08,19.8,66.6,,,
06/07/2026,14:48:08,19.8,66.6,,,
06/07/2026,14:53:08,19.8,66.4,,,
06/07/2026,14:58:08,19.8,66.3,,,
06/07/2026,15:03:08,19.8,66.3,,,
06/07/2026,15:08:08,19.8,66.2,,,
06/07/2026,15:13:08,19.8,66.1,,,
06/07/2026,15:18:08,19.8,66.1,,,
06/07/2026,15:23:08,19.8,66,,,
06/07/2026,15:28:08,19.8,65.9,,,
06/07/2026,15:33:08,19.8,65.9,,,
06/07/2026,15:38:08,19.8,65.8,,,
06/07/2026,15:43:08,19.8,65.8,,,
06/07/2026,15:48:08,19.8,65.7,,,
06/07/2026,15:53:08,19.8,65.6,,,
06/07/2026,15:58:08,19.8,65.6,,,
06/07/2026,16:03:08,19.7,65.5,,,
06/07/2026,16:08:08,19.8,65.4,,,
06/07/2026,16:13:08,19.7,65.4,,,
06/07/2026,16:18:08,19.7,65.3,,,
06/07/2026,16:23:08,19.7,65.2,,,
06/07/2026,16:28:08,19.7,65.2,,,
06/07/2026,16:33:08,19.7,65.1,,,
06/07/2026,16:38:08,19.7,65.1,,,
06/07/2026,16:43:08,19.7,65.1,,,
06/07/2026,16:48:08,19.7,65,,,
06/07/2026,16:53:08,19.7,65,,,
06/07/2026,16:58:08,19.7,64.9,,,
06/07/2026,17:03:08,19.7,64.9,,,
06/07/2026,17:08:08,19.7,64.9,,,
06/07/2026,17:13:08,19.6,64.8,,,
06/07/2026,17:18:08,19.6,64.7,,,
06/07/2026,17:23:08,19.6,64.8,,,
06/07/2026,17:28:08,19.6,64.7,,,
06/07/2026,17:33:08,19.6,64.7,,,
06/07/2026,17:38:08,19.6,64.7,,,
06/07/2026,17:43:08,19.6,64.6,,,
06/07/2026,17:48:08,19.6,64.6,,,
06/07/2026,17:53:08,19.6,64.6,,,
06/07/2026,17:58:08,19.6,64.5,,,
06/07/2026,18:03:08,19.5,64.5,,,
06/07/2026,18:08:08,19.6,64.5,,,
06/07/2026,18:13:08,19.5,64.5,,,
06/07/2026,18:18:08,19.5,64.4,,,
06/07/2026,18:23:08,19.5,64.4,,,
06/07/2026,18:28:08,19.5,64.4,,,
06/07/2026,18:33:08,19.5,64.4,,,
06/07/2026,18:38:08,19.5,64.3,,,
06/07/2026,18:43:08,19.5,64.3,,,
06/07/2026,18:48:08,19.5,64.2,,,
06/07/2026,18:53:08,19.5,64.2,,,
06/07/2026,18:58:08,19.5,64.2,,,
06/07/2026,19:03:08,19.5,64.1,,,
06/07/2026,19:08:08,19.5,64.1,,,
06/07/2026,19:13:08,19.5,64.1,,,
06/07/2026,19:18:08,19.5,64,,,
06/07/2026,19:23:08,19.5,64,,,
06/07/2026,19:28:08,19.5,64,,,
06/07/2026,19:33:08,19.5,63.9,,,
06/07/2026,19:38:08,19.5,63.9,,,
06/07/2026,19:43:08,19.5,63.9,,,
06/07/2026,19:48:08,19.5,63.8,,,
06/07/2026,19:53:08,19.5,63.8,,,
06/07/2026,19:58:08,19.5,63.8,,,
06/07/2026,20:03:08,19.5,63.8,,,
06/07/2026,20:08:08,19.5,63.7,,,
06/07/2026,20:13:08,19.5,63.7,,,
06/07/2026,20:18:08,19.5,63.6,,,
06/07/2026,20:23:08,19.5,63.5,,,
06/07/2026,20:28:08,19.6,63.5,,,
06/07/2026,20:33:08,19.5,63.5,,,
06/07/2026,20:38:08,19.5,63.5,,,
06/07/2026,20:43:08,19.6,63.4,,,
06/07/2026,20:48:08,19.6,63.4,,,
06/07/2026,20:53:08,19.6,63.4,,,
06/07/2026,20:58:08,19.6,63.3,,,
06/07/2026,21:03:08,19.6,63.3,,,
06/07/2026,21:08:08,19.6,63.3,,,
06/07/2026,21:13:08,19.6,63.2,,,
06/07/2026,21:18:08,19.6,63.2,,,
06/07/2026,21:23:08,19.7,63.2,,,
06/07/2026,21:28:08,19.7,63.2,,,
06/07/2026,21:33:08,19.7,63.1,,,
06/07/2026,21:38:08,19.7,63.1,,,
06/07/2026,21:43:08,19.7,63.1,,,
06/07/2026,21:48:08,19.7,63,,,
06/07/2026,21:53:08,19.7,63,,,
06/07/2026,21:58:08,19.7,63,,,
06/07/2026,22:03:08,19.7,62.9,,,
06/07/2026,22:08:08,19.7,62.9,,,
06/07/2026,22:13:08,19.7,62.8,,,
06/07/2026,22:18:08,19.7,62.8,,,
06/07/2026,22:23:08,19.7,62.8,,,
06/07/2026,22:28:08,19.8,62.7,,,
06/07/2026,22:33:08,19.8,62.7,,,
06/07/2026,22:38:08,19.7,62.7,,,
06/07/2026,22:43:08,19.8,62.6,,,
06/07/2026,22:48:08,19.8,62.6,,,
06/07/2026,22:53:08,19.8,62.5,,,
06/07/2026,22:58:08,19.8,62.5,,,
06/07/2026,23:03:08,19.8,62.4,,,
06/07/2026,23:08:08,19.8,62.3,,,
06/07/2026,23:13:08,19.8,62.3,,,
06/07/2026,23:18:08,19.8,62.3,,,
06/07/2026,23:23:08,19.8,62.2,,,
06/07/2026,23:28:08,19.8,62.2,,,
06/07/2026,23:33:08,19.8,62.1,,,
06/07/2026,23:38:08,19.8,62.1,,,
06/07/2026,23:43:08,19.8,62,,,
06/07/2026,23:48:08,19.8,62,,,
06/07/2026,23:53:08,19.8,62,,,
06/07/2026,23:58:08,19.8,61.9,,,
06/08/2026,00:03:08,19.8,61.8,,,
06/08/2026,00:08:08,19.8,61.8,,,
06/08/2026,00:13:08,19.8,61.8,,,
06/08/2026,00:18:08,19.9,61.8,,,
06/08/2026,00:23:08,19.8,61.8,,,
06/08/2026,00:28:08,19.8,61.7,,,
06/08/2026,00:33:08,19.9,61.7,,,
06/08/2026,00:38:08,19.9,61.6,,,
06/08/2026,00:43:08,19.8,61.6,,,
06/08/2026,00:48:08,19.8,61.6,,,
06/08/2026,00:53:08,19.9,61.6,,,
06/08/2026,00:58:08,19.8,61.5,,,
06/08/2026,01:03:08,19.9,61.5,,,
06/08/2026,01:08:08,19.9,61.4,,,
06/08/2026,01:13:08,19.9,61.4,,,
06/08/2026,01:18:08,19.9,61.4,,,
06/08/2026,01:23:08,19.9,61.4,,,
06/08/2026,01:28:08,19.9,61.3,,,
06/08/2026,01:33:08,19.9,61.3,,,
06/08/2026,01:38:08,19.9,61.3,,,
06/08/2026,01:43:08,19.9,61.2,,,
06/08/2026,01:48:08,19.9,61.2,,,
06/08/2026,01:53:08,19.9,61.2,,,
06/08/2026,01:58:08,19.9,61.1,,,
06/08/2026,02:03:08,19.9,61.1,,,
06/08/2026,02:08:08,19.9,61.1,,,
06/08/2026,02:13:08,19.9,61,,,
06/08/2026,02:18:08,19.9,61,,,
06/08/2026,02:23:08,19.9,60.9,,,
06/08/2026,02:28:08,19.9,60.9,,,
06/08/2026,02:33:08,19.9,60.8,,,
06/08/2026,02:38:08,19.9,60.8,,,
06/08/2026,02:43:08,19.9,60.8,,,
06/08/2026,02:48:08,19.9,60.8,,,
06/08/2026,02:53:08,19.9,60.7,,,
06/08/2026,02:58:08,19.9,60.7,,,
06/08/2026,03:03:08,19.9,60.7,,,
06/08/2026,03:08:08,19.9,60.6,,,
06/08/2026,03:13:08,19.9,60.6,,,
06/08/2026,03:18:08,19.9,60.5,,,
06/08/2026,03:23:08,19.9,60.5,,,
06/08/2026,03:28:08,19.9,60.5,,,
06/08/2026,03:33:08,19.9,60.5,,,
06/08/2026,03:38:08,19.9,60.5,,,
06/08/2026,03:43:08,19.9,60.4,,,
06/08/2026,03:48:08,19.9,60.4,,,
06/08/2026,03:53:08,19.9,60.4,,,
06/08/2026,03:58:08,19.9,60.4,,,
06/08/2026,04:03:08,19.9,60.4,,,
06/08/2026,04:08:08,19.9,60.4,,,
06/08/2026,04:13:08,20,60.4,,,
06/08/2026,04:18:08,19.9,60.4,,,
06/08/2026,04:23:08,20,60.4,,,
06/08/2026,04:28:08,19.9,60.4,,,
06/08/2026,04:33:08,19.9,60.4,,,
06/08/2026,04:38:08,19.9,60.4,,,
06/08/2026,04:43:08,19.9,60.4,,,
06/08/2026,04:48:08,20,60.3,,,
06/08/2026,04:53:08,19.9,60.3,,,
06/08/2026,04:58:08,20,60.3,,,
06/08/2026,05:03:08,20,60.3,,,
06/08/2026,05:08:08,20,60.3,,,
06/08/2026,05:13:08,19.9,60.3,,,
06/08/2026,05:18:08,20,60.3,,,
06/08/2026,05:23:08,20,60.3,,,
06/08/2026,05:28:08,20,60.3,,,
06/08/2026,05:33:08,20,60.3,,,
06/08/2026,05:38:08,20,60.3,,,
06/08/2026,05:43:08,20,60.3,,,
06/08/2026,05:48:08,20,60.3,,,
06/08/2026,05:53:08,20,60.3,,,
06/08/2026,05:58:08,20,60.3,,,
06/08/2026,06:03:08,20,60.3,,,
06/08/2026,06:08:08,20,60.4,,,
06/08/2026,06:13:08,20,60.3,,,
06/08/2026,06:18:08,20,60.4,,,
06/08/2026,06:23:08,20,60.4,,,
06/08/2026,06:28:08,20,60.4,,,
06/08/2026,06:33:08,20,60.4,,,
06/08/2026,06:38:08,20,60.4,,,
06/08/2026,06:43:08,20,60.4,,,
06/08/2026,06:48:08,20,60.4,,,
06/08/2026,06:53:08,20,60.5,,,
06/08/2026,06:58:08,20,60.5,,,
06/08/2026,07:03:08,20.1,60.5,,,
06/08/2026,07:08:08,20,60.4,,,
06/08/2026,07:13:08,20.1,60.4,,,
06/08/2026,07:18:08,20.1,60.4,,,
06/08/2026,07:23:08,20.1,60.4,,,
06/08/2026,07:28:08,20.1,60.5,,,
06/08/2026,07:33:08,20.1,60.5,,,
06/08/2026,07:38:08,20.1,60.5,,,
06/08/2026,07:43:08,20.1,60.5,,,
06/08/2026,07:48:08,20.1,60.5,,,
06/08/2026,07:53:08,20.1,60.5,,,
06/08/2026,07:58:08,20.1,60.5,,,
06/08/2026,08:03:08,20.1,60.5,,,
06/08/2026,08:08:08,20.1,60.5,,,
06/08/2026,08:13:08,20.1,60.5,,,
06/08/2026,08:18:08,20.1,60.5,,,
06/08/2026,08:23:08,20.2,60.5,,,
06/08/2026,08:28:08,20.2,60.5,,,
06/08/2026,08:33:08,20.1,60.5,,,
06/08/2026,08:38:08,20.2,60.5,,,
06/08/2026,08:43:08,20.2,60.5,,,
06/08/2026,08:48:08,20.2,60.5,,,
06/08/2026,08:53:08,20.2,60.4,,,
06/08/2026,08:58:08,20.2,60.4,,,
06/08/2026,09:03:08,20.1,60.5,,,
06/08/2026,09:08:08,20.1,60.5,,,
06/08/2026,09:13:08,20.2,60.5,,,
06/08/2026,09:18:08,20.1,60.5,,,
06/08/2026,09:23:08,20.1,60.6,,,
06/08/2026,09:28:08,20.2,60.6,,,
06/08/2026,09:33:08,20.1,60.7,,,
06/08/2026,09:38:08,20.2,60.9,,,
06/08/2026,09:43:08,20.2,61.2,,,
06/08/2026,09:48:08,20.2,61.1,,,
06/08/2026,09:53:08,20.2,61.1,,,
06/08/2026,09:58:08,20.3,61.2,,,
06/08/2026,10:03:08,20.3,61.5,,,
06/08/2026,10:08:08,20.3,61.4,,,
06/08/2026,10:13:08,20.3,61.4,,,
06/08/2026,10:18:08,20.4,61.4,,,
06/08/2026,10:23:08,20.3,61.4,,,
06/08/2026,10:28:08,20.4,61.4,,,
06/08/2026,10:33:08,20.5,61.4,,,
06/08/2026,10:38:08,21.1,61.5,,,
06/08/2026,10:52:05,21.0,59.6
06/08/2026,10:57:05,20.9,59.6
06/08/2026,11:02:05,21.4,60.4
06/08/2026,11:07:05,21.4,60.8
06/08/2026,11:12:05,21.8,59.8
06/08/2026,11:17:05,21.4,58.7
06/08/2026,11:22:05,21.2,58.3
06/08/2026,11:27:05,21.0,58.2
06/08/2026,11:32:05,20.9,57.1
06/08/2026,11:37:05,20.8,57.4
06/08/2026,11:42:05,20.7,57.6
06/08/2026,11:47:05,20.7,57.8
06/08/2026,11:52:05,20.6,58.0
06/08/2026,11:57:05,20.6,58.2
06/08/2026,12:02:05,20.5,58.3
06/08/2026,12:07:05,20.5,58.5
06/08/2026,12:12:05,20.5,58.5
06/08/2026,12:17:05,20.5,58.7
06/08/2026,12:22:05,20.4,58.7
06/08/2026,12:27:05,20.4,58.8
06/08/2026,12:32:05,20.4,58.9
06/08/2026,12:37:05,20.4,59.0
06/08/2026,12:42:05,20.4,59.0
06/08/2026,12:47:05,20.4,59.1
06/08/2026,12:52:05,20.4,59.2
06/08/2026,12:57:05,20.3,59.2
06/08/2026,13:02:05,20.3,59.3
06/08/2026,13:07:05,20.3,59.4
06/08/2026,13:12:05,20.3,59.4
06/08/2026,13:17:05,20.3,59.5
06/08/2026,13:22:05,20.3,59.6
06/08/2026,13:27:05,20.3,59.7
06/08/2026,13:32:05,20.3,59.7
06/08/2026,13:37:05,20.3,59.8
06/08/2026,13:42:05,20.2,59.9
06/08/2026,13:47:05,20.2,60.0
06/08/2026,13:52:05,20.2,60.0
06/08/2026,13:57:05,20.2,60.0
06/08/2026,14:02:05,20.2,60.1
06/08/2026,14:07:05,20.2,60.1
06/08/2026,14:12:05,20.2,60.1
06/08/2026,14:17:05,20.2,60.1
06/08/2026,14:22:05,20.2,60.2
06/08/2026,14:27:05,20.2,60.1
06/08/2026,14:32:05,20.2,60.1
06/08/2026,14:37:05,20.2,60.1
06/08/2026,14:42:05,20.1,60.2
06/08/2026,14:47:05,20.1,60.1
06/08/2026,14:52:05,20.1,60.2
06/08/2026,14:57:05,20.1,60.1
06/08/2026,15:02:05,20.1,60.2
06/08/2026,15:07:05,20.1,60.2
06/08/2026,15:12:05,20.1,60.2
06/08/2026,15:17:05,20.1,60.2
06/08/2026,15:22:05,20.0,60.2
06/08/2026,15:27:05,20.0,60.2
06/08/2026,15:32:05,20.0,60.2
06/08/2026,15:37:05,20.0,60.2
06/08/2026,15:42:05,20.0,60.3
06/08/2026,15:47:05,20.0,60.2
06/08/2026,15:52:05,20.0,60.3
06/08/2026,15:57:05,20.0,60.2
06/08/2026,16:02:05,20.0,60.2
06/08/2026,16:07:05,20.0,60.2
06/08/2026,16:12:05,20.0,60.2
06/08/2026,16:17:05,20.0,60.2
06/08/2026,16:22:05,20.0,60.2
06/08/2026,16:27:05,20.0,60.2
06/08/2026,16:32:05,20.0,60.2
06/08/2026,16:37:05,20.0,60.2
06/08/2026,16:42:05,20.0,60.2
06/08/2026,16:47:05,20.0,60.2
06/08/2026,16:52:05,20.0,60.2
06/08/2026,16:57:05,20.1,60.2
06/08/2026,17:02:05,20.1,60.3
06/08/2026,17:07:05,20.1,60.2
06/08/2026,17:12:05,20.1,60.2
06/08/2026,17:17:05,20.1,60.2
06/08/2026,17:22:05,20.1,60.3
06/08/2026,17:27:05,20.1,60.2
06/08/2026,17:32:05,20.1,60.2
06/08/2026,17:37:05,20.1,60.2
06/08/2026,17:42:05,20.1,60.2
06/08/2026,17:47:05,20.1,60.2
06/08/2026,17:52:05,20.1,60.2
06/08/2026,17:57:05,20.1,60.2
06/08/2026,18:02:05,20.1,60.2
06/08/2026,18:07:05,20.1,60.2
06/08/2026,18:12:05,20.1,60.2
06/08/2026,18:17:05,20.1,60.2
06/08/2026,18:22:05,20.0,60.2
06/08/2026,18:27:05,20.0,60.1
06/08/2026,18:32:05,20.0,60.1
06/08/2026,18:37:05,20.0,60.2
06/08/2026,18:42:05,20.0,60.2
06/08/2026,18:47:05,20.0,60.2
06/08/2026,18:52:05,20.0,60.2
06/08/2026,18:57:05,20.0,60.2
06/08/2026,19:02:05,20.0,60.2
06/08/2026,19:07:05,20.0,60.3
06/08/2026,19:12:05,20.0,60.3
06/08/2026,19:17:05,20.0,60.3
06/08/2026,19:22:05,20.0,60.3
06/08/2026,19:27:05,19.9,60.3
06/08/2026,19:32:05,20.0,60.4
06/08/2026,19:37:05,20.0,60.4
06/08/2026,19:42:05,19.9,60.4
06/08/2026,19:47:05,19.9,60.4
06/08/2026,19:52:05,19.9,60.4
06/08/2026,19:57:05,19.9,60.4
06/08/2026,20:02:05,19.9,60.5
06/08/2026,20:07:05,19.9,60.5
06/08/2026,20:12:05,19.9,60.5
06/08/2026,20:17:05,19.9,60.5
06/08/2026,20:22:05,19.9,60.6
06/08/2026,20:27:05,19.9,60.6
06/08/2026,20:32:05,19.9,60.6
06/08/2026,20:37:05,19.9,60.6
06/08/2026,20:42:05,19.8,60.6
06/08/2026,20:47:05,19.8,60.7
06/08/2026,20:52:05,19.8,60.6
06/08/2026,20:57:05,19.8,60.7
06/08/2026,21:02:05,19.8,60.7
06/08/2026,21:07:05,19.8,60.7
06/08/2026,21:12:05,19.8,60.7
06/08/2026,21:17:05,19.8,60.7
06/08/2026,21:22:05,19.7,60.6
06/08/2026,21:27:05,19.7,60.7
06/08/2026,21:32:05,19.7,60.6
06/08/2026,21:37:05,19.7,60.6
06/08/2026,21:42:05,19.7,60.6
06/08/2026,21:47:05,19.7,60.6
06/08/2026,21:52:05,19.7,60.6
06/08/2026,21:57:05,19.7,60.5
06/08/2026,22:02:05,19.6,60.5
06/08/2026,22:07:05,19.6,60.5
06/08/2026,22:12:05,19.6,60.5
06/08/2026,22:17:05,19.6,60.5
06/08/2026,22:22:05,19.6,60.4
06/08/2026,22:27:05,19.6,60.4
06/08/2026,22:32:05,19.6,60.4
06/08/2026,22:37:05,19.5,60.3
06/08/2026,22:42:05,19.5,60.2
06/08/2026,22:47:05,19.5,60.1
06/08/2026,22:52:05,19.4,60.1
06/08/2026,22:57:05,19.5,60.2
06/08/2026,23:02:05,19.4,60.1
06/08/2026,23:07:05,19.4,60.1
06/08/2026,23:12:05,19.4,60.1
06/08/2026,23:17:05,19.4,60.0
06/08/2026,23:22:05,19.4,60.0
06/08/2026,23:27:05,19.4,60.0
06/08/2026,23:32:05,19.4,60.0
06/08/2026,23:37:05,19.3,59.9
06/08/2026,23:42:05,19.3,59.8
06/08/2026,23:47:05,19.3,59.8
06/08/2026,23:52:05,19.3,59.7
06/08/2026,23:57:05,19.2,59.7
06/09/2026,00:02:05,19.3,59.6
06/09/2026,00:07:05,19.2,59.6
06/09/2026,00:12:05,19.2,59.5
06/09/2026,00:17:05,19.2,59.4
06/09/2026,00:22:05,19.2,59.4
06/09/2026,00:27:05,19.2,59.3
06/09/2026,00:32:05,19.1,59.2
06/09/2026,00:37:05,19.1,59.1
06/09/2026,00:42:05,19.1,59.1
06/09/2026,00:47:05,19.1,59.0
06/09/2026,00:52:05,19.1,59.0
06/09/2026,00:57:05,19.1,58.9
06/09/2026,01:02:05,19.0,58.8
06/09/2026,01:07:05,19.0,58.7
06/09/2026,01:12:05,19.0,58.7
06/09/2026,01:17:05,19.0,58.6
06/09/2026,01:22:05,18.9,58.6
06/09/2026,01:27:05,18.9,58.5
06/09/2026,01:32:05,18.9,58.5
06/09/2026,01:37:05,18.9,58.4
06/09/2026,01:42:05,18.9,58.3
06/09/2026,01:47:05,18.8,58.2
06/09/2026,01:52:05,18.8,58.2
06/09/2026,01:57:05,18.8,58.0
06/09/2026,02:02:05,18.8,58.0
06/09/2026,02:07:05,18.7,57.9
06/09/2026,02:12:05,18.7,57.8
06/09/2026,02:17:05,18.7,57.8
06/09/2026,02:22:05,18.7,57.7
06/09/2026,02:27:05,18.6,57.6
06/09/2026,02:32:05,18.6,57.6
06/09/2026,02:37:05,18.6,57.5
06/09/2026,02:42:05,18.6,57.4
06/09/2026,02:47:05,18.6,57.4
06/09/2026,02:52:05,18.6,57.4
06/09/2026,02:57:05,18.5,57.3
06/09/2026,03:02:05,18.5,57.3
06/09/2026,03:07:05,18.5,57.2
06/09/2026,03:12:05,18.5,57.2
06/09/2026,03:17:05,18.5,57.1
06/09/2026,03:22:05,18.4,57.0
06/09/2026,03:27:05,18.4,57.0
06/09/2026,03:32:05,18.4,56.9
06/09/2026,03:37:05,18.4,56.9
06/09/2026,03:42:05,18.4,56.9
06/09/2026,03:47:05,18.3,56.8
06/09/2026,03:52:05,18.3,56.8
06/09/2026,03:57:05,18.3,56.7
06/09/2026,04:02:05,18.3,56.7
06/09/2026,04:07:05,18.3,56.6
06/09/2026,04:12:05,18.2,56.6
06/09/2026,04:17:05,18.2,56.5
06/09/2026,04:22:05,18.2,56.5
06/09/2026,04:27:05,18.2,56.5
06/09/2026,04:32:05,18.2,56.5
06/09/2026,04:37:05,18.1,56.4
06/09/2026,04:42:05,18.1,56.4
06/09/2026,04:47:05,18.1,56.3
06/09/2026,04:52:05,18.1,56.3
06/09/2026,04:57:05,18.1,56.2
06/09/2026,05:02:05,18.1,56.2
06/09/2026,05:07:05,18.0,56.2
06/09/2026,05:12:05,18.0,56.2
06/09/2026,05:17:05,18.0,56.1
06/09/2026,05:22:05,18.0,56.1
06/09/2026,05:27:05,18.0,56.0
06/09/2026,05:32:05,18.0,56.0
06/09/2026,05:37:05,17.9,56.0
06/09/2026,05:42:05,17.9,56.0
06/09/2026,05:47:05,17.9,55.9
06/09/2026,05:52:05,17.9,55.9
06/09/2026,05:57:05,17.9,55.9
06/09/2026,06:02:05,17.9,55.9
06/09/2026,06:07:05,17.9,55.9
06/09/2026,06:12:05,17.9,55.9
06/09/2026,06:17:05,17.9,55.9
06/09/2026,06:22:05,17.9,55.9
06/09/2026,06:27:05,17.9,55.8
06/09/2026,06:32:05,17.9,55.8
06/09/2026,06:37:05,17.9,55.8
06/09/2026,06:42:05,17.8,55.8
06/09/2026,06:47:05,17.8,55.8
06/09/2026,06:52:05,17.8,55.8
06/09/2026,06:57:05,17.9,55.8
06/09/2026,07:02:05,17.9,55.9
06/09/2026,07:07:05,17.8,55.8
06/09/2026,07:12:05,17.8,55.9
06/09/2026,07:17:05,17.8,55.9
06/09/2026,07:22:05,17.9,55.9
06/09/2026,07:27:05,17.8,55.9
06/09/2026,07:32:05,17.8,56.0
06/09/2026,07:37:05,17.9,55.9
06/09/2026,07:42:05,17.9,56.0
06/09/2026,07:47:05,17.9,56.1
06/09/2026,07:52:05,17.9,56.0
06/09/2026,07:57:05,17.9,56.0
06/09/2026,08:02:05,17.9,56.1
06/09/2026,08:07:05,17.9,56.0
06/09/2026,08:12:05,17.9,56.0
06/09/2026,08:17:05,17.9,56.1
06/09/2026,08:22:05,17.9,56.0
06/09/2026,08:27:05,17.9,56.0
06/09/2026,08:32:05,17.9,56.1
06/09/2026,08:37:05,17.9,56.1
06/09/2026,08:42:05,17.9,56.1
06/09/2026,08:47:05,17.9,56.1
06/09/2026,08:52:05,17.9,56.1
06/09/2026,08:57:05,17.9,56.1
06/09/2026,09:02:05,17.9,56.1
06/09/2026,09:07:05,17.9,56.1
06/09/2026,09:12:05,17.9,56.1
06/09/2026,09:17:05,17.9,56.1
06/09/2026,09:22:05,17.9,56.2
06/09/2026,09:27:05,17.9,56.2
06/09/2026,09:32:05,18.0,56.2
06/09/2026,09:37:05,17.9,56.2
06/09/2026,09:42:05,17.9,56.2
06/09/2026,09:47:05,17.9,56.2
06/09/2026,09:52:05,18.0,56.3
06/09/2026,09:57:05,17.9,56.3
06/09/2026,10:02:05,18.0,56.3
06/09/2026,10:07:05,18.0,56.3
06/09/2026,10:12:05,18.0,56.4
06/09/2026,10:17:05,17.9,56.4
06/09/2026,10:22:05,18.0,56.4
06/09/2026,10:27:05,18.0,56.4
06/09/2026,10:32:05,18.0,56.4
06/09/2026,10:37:05,17.9,56.4
06/09/2026,10:42:05,18.0,56.3
06/09/2026,10:47:05,18.0,56.4
06/09/2026,10:52:05,17.9,56.4
06/09/2026,10:57:05,17.9,56.4
06/09/2026,11:02:05,17.9,56.3
06/09/2026,11:07:05,17.9,56.4
06/09/2026,11:12:05,17.9,56.4
06/09/2026,11:17:05,17.9,56.3
06/09/2026,11:22:05,17.9,56.3
06/09/2026,11:27:05,17.9,56.3
06/09/2026,11:32:05,17.9,56.4
06/09/2026,11:37:05,17.9,56.3
06/09/2026,11:42:05,17.9,56.3
06/09/2026,11:47:05,17.9,56.3
06/09/2026,11:52:05,17.9,56.3
06/09/2026,11:57:05,17.9,56.3
06/09/2026,12:02:05,17.9,56.3
06/09/2026,12:07:05,17.9,56.4
06/09/2026,12:12:05,17.9,56.3
06/09/2026,12:17:05,17.9,56.4
06/09/2026,12:22:05,17.9,56.4
06/09/2026,12:27:05,18.0,56.4
06/09/2026,12:32:05,18.0,56.5
06/09/2026,12:37:05,18.0,56.6
06/09/2026,12:42:05,18.0,56.8
06/09/2026,12:47:05,18.1,56.8
06/09/2026,12:52:05,18.1,56.8
06/09/2026,12:57:05,18.1,56.8
06/09/2026,13:02:05,18.1,56.8
06/09/2026,13:07:05,18.1,56.8
06/09/2026,13:12:05,18.2,56.8
06/09/2026,13:17:05,18.2,56.7
06/09/2026,13:22:05,18.2,56.7
06/09/2026,13:27:05,18.2,56.8
06/09/2026,13:32:05,18.2,56.8
06/09/2026,13:37:05,18.2,56.8
06/09/2026,13:42:05,18.1,56.8
06/09/2026,13:47:05,18.2,56.8
06/09/2026,13:52:05,18.2,56.8
06/09/2026,13:57:05,18.2,56.7
06/09/2026,14:02:05,18.2,56.7
06/09/2026,14:07:05,18.1,56.7
06/09/2026,14:12:05,18.1,56.7
06/09/2026,14:17:05,18.1,56.7
06/09/2026,14:22:05,18.1,56.7
06/09/2026,14:27:05,18.1,56.8
06/09/2026,14:32:05,18.1,56.8
06/09/2026,14:37:05,18.1,56.8
06/09/2026,14:42:05,18.2,56.8
06/09/2026,14:47:05,18.2,56.9
06/09/2026,14:52:05,18.2,56.9
06/09/2026,14:57:05,18.2,56.9
06/09/2026,15:02:05,18.2,56.9
06/09/2026,15:07:05,18.2,56.9
06/09/2026,15:12:05,18.2,56.9
06/09/2026,15:17:05,18.2,56.8
06/09/2026,15:22:05,18.2,56.6
06/09/2026,15:27:05,18.3,56.6
06/09/2026,15:32:05,18.3,56.6
06/09/2026,15:37:05,18.3,56.6
06/09/2026,15:42:05,18.3,56.5
06/09/2026,15:47:05,18.3,56.4
06/09/2026,15:52:05,18.3,56.5
06/09/2026,15:57:05,18.3,56.4
06/09/2026,16:02:05,18.3,56.2
06/09/2026,16:07:05,18.4,56.3
06/09/2026,16:12:05,18.4,56.2
06/09/2026,16:17:05,18.4,56.0
06/09/2026,16:22:05,18.4,56.0
06/09/2026,16:27:05,18.4,55.9
06/09/2026,16:32:05,18.4,55.9
06/09/2026,16:37:05,18.4,55.8
06/09/2026,16:42:05,18.4,55.9
06/09/2026,16:47:05,18.4,55.9
06/09/2026,16:52:05,18.4,55.9
06/09/2026,16:57:05,18.4,55.9
06/09/2026,17:02:05,18.4,56.0
06/09/2026,17:07:05,18.4,55.9
06/09/2026,17:12:05,18.4,55.9
06/09/2026,17:17:05,18.4,55.9
06/09/2026,17:22:05,18.4,56.0
06/09/2026,17:27:05,18.4,56.0
06/09/2026,17:32:05,18.4,56.0
06/09/2026,17:37:05,18.4,56.0
06/09/2026,17:42:05,18.4,56.0
06/09/2026,17:47:05,18.4,56.0
06/09/2026,17:52:05,18.3,56.1
06/09/2026,17:57:05,18.3,56.1
06/09/2026,18:02:05,18.3,56.1
06/09/2026,18:07:05,18.3,56.1
06/09/2026,18:12:05,18.3,56.0
06/09/2026,18:17:05,18.3,56.0
06/09/2026,18:22:05,18.3,56.0
06/09/2026,18:27:05,18.3,55.9
06/09/2026,18:32:05,18.4,55.9
06/09/2026,18:37:05,18.3,55.9
06/09/2026,18:42:05,18.4,55.8
06/09/2026,18:47:05,18.4,55.8
06/09/2026,18:52:05,18.4,55.8
06/09/2026,18:57:05,18.4,55.8
06/09/2026,19:02:05,18.4,55.9
06/09/2026,19:07:05,18.4,56.2
06/09/2026,19:12:05,18.4,56.3
06/09/2026,19:17:05,18.4,56.2
06/09/2026,19:22:05,18.5,56.2
06/09/2026,19:27:05,18.5,56.2
06/09/2026,19:32:05,18.5,56.2
06/09/2026,19:37:05,18.6,56.2
06/09/2026,19:42:05,18.6,56.1
06/09/2026,19:47:05,18.6,56.1
06/09/2026,19:52:05,18.6,56.1
06/09/2026,19:57:05,18.6,56.2
06/09/2026,20:02:05,18.6,56.1
06/09/2026,20:07:05,18.6,56.2
06/09/2026,20:12:05,18.6,56.1
06/09/2026,20:17:05,18.5,56.1
06/09/2026,20:22:05,18.6,56.1
06/09/2026,20:27:05,18.6,56.1
06/09/2026,20:32:05,18.5,56.1
06/09/2026,20:37:05,18.5,56.1
06/09/2026,20:42:05,18.5,56.1
06/09/2026,20:47:05,18.5,56.0
06/09/2026,20:52:05,18.5,56.1
06/09/2026,20:57:05,18.5,56.0
06/09/2026,21:02:05,18.5,56.0
06/09/2026,21:07:05,18.5,56.0
06/09/2026,21:12:05,18.4,55.9
06/09/2026,21:17:05,18.4,55.9
06/09/2026,21:22:05,18.4,55.9
06/09/2026,21:27:05,18.4,55.8
06/09/2026,21:32:05,18.4,55.9
06/09/2026,21:37:05,18.4,55.8
06/09/2026,21:42:05,18.3,55.8
06/09/2026,21:47:05,18.3,55.7
06/09/2026,21:52:05,18.3,55.7
06/09/2026,21:57:05,18.3,55.7
06/09/2026,22:02:05,18.3,55.7
06/09/2026,22:07:05,18.3,55.7
06/09/2026,22:12:05,18.3,55.6
06/09/2026,22:17:05,18.2,55.6
06/09/2026,22:22:05,18.2,55.6
06/09/2026,22:27:05,18.2,55.5
06/09/2026,22:32:05,18.2,55.6
06/09/2026,22:37:05,18.2,55.5
06/09/2026,22:42:05,18.2,55.4
06/09/2026,22:47:05,18.2,55.4
06/09/2026,22:52:05,18.2,55.4
06/09/2026,22:57:05,18.2,55.4
06/09/2026,23:02:05,18.2,55.3
06/09/2026,23:07:05,18.2,55.3
06/09/2026,23:12:05,18.1,55.3
06/09/2026,23:17:05,18.1,55.3
06/09/2026,23:22:05,18.1,55.2
06/09/2026,23:27:05,18.1,55.2
06/09/2026,23:32:05,18.1,55.2
06/09/2026,23:37:05,18.1,55.2
06/09/2026,23:42:05,18.1,55.2
06/09/2026,23:47:05,18.0,55.1
06/09/2026,23:52:05,18.0,55.1
06/09/2026,23:57:05,18.1,55.1
06/10/2026,00:02:05,18.0,55.0
06/10/2026,00:07:05,18.0,55.0
06/10/2026,00:12:05,18.0,55.0
06/10/2026,00:17:05,18.0,55.0
06/10/2026,00:22:05,18.0,54.9
06/10/2026,00:27:05,17.9,54.9
06/10/2026,00:32:05,17.9,54.9
06/10/2026,00:37:05,17.9,55.0
06/10/2026,00:42:05,17.9,55.0
06/10/2026,00:47:05,17.9,54.9
06/10/2026,00:52:05,17.9,54.8
06/10/2026,00:57:05,17.9,54.8
06/10/2026,01:02:05,17.9,54.8
06/10/2026,01:07:05,17.9,54.8
06/10/2026,01:12:05,17.9,54.8
06/10/2026,01:17:05,17.9,54.8
06/10/2026,01:22:05,17.8,54.7
06/10/2026,01:27:05,17.8,54.8
06/10/2026,01:32:05,17.8,54.7
06/10/2026,01:37:05,17.8,54.7
06/10/2026,01:42:05,17.8,54.7
06/10/2026,01:47:05,17.8,54.7
06/10/2026,01:52:05,17.8,54.6
06/10/2026,01:57:05,17.8,54.6
06/10/2026,02:02:05,17.8,54.6
06/10/2026,02:07:05,17.8,54.6
06/10/2026,02:12:05,17.8,54.6
06/10/2026,02:17:05,17.8,54.6
06/10/2026,02:22:05,17.8,54.6
06/10/2026,02:27:05,17.8,54.5
06/10/2026,02:32:05,17.7,54.6
06/10/2026,02:37:05,17.7,54.6
06/10/2026,02:42:05,17.7,54.5
06/10/2026,02:47:05,17.7,54.5
06/10/2026,02:52:05,17.7,54.5
06/10/2026,02:57:05,17.7,54.5
06/10/2026,03:02:05,17.7,54.5
06/10/2026,03:07:05,17.7,54.5
06/10/2026,03:12:05,17.7,54.5
06/10/2026,03:17:05,17.7,54.5
06/10/2026,03:22:05,17.6,54.5
06/10/2026,03:27:05,17.6,54.4
06/10/2026,03:32:05,17.6,54.4
06/10/2026,03:37:05,17.6,54.5
06/10/2026,03:42:05,17.6,54.4
06/10/2026,03:47:05,17.6,54.4
06/10/2026,03:52:05,17.6,54.4
06/10/2026,03:57:05,17.6,54.4
06/10/2026,04:02:05,17.6,54.3
06/10/2026,04:07:05,17.6,54.4
06/10/2026,04:12:05,17.6,54.3
06/10/2026,04:17:05,17.5,54.3
06/10/2026,04:22:05,17.5,54.3
06/10/2026,04:27:05,17.5,54.3
06/10/2026,04:32:05,17.5,54.3
06/10/2026,04:37:05,17.5,54.3
06/10/2026,04:42:05,17.5,54.3
06/10/2026,04:47:05,17.5,54.3
06/10/2026,04:52:05,17.4,54.3
06/10/2026,04:57:05,17.5,54.3
06/10/2026,05:02:05,17.4,54.3
06/10/2026,05:07:05,17.4,54.2
06/10/2026,05:12:05,17.4,54.3
06/10/2026,05:17:05,17.4,54.2
06/10/2026,05:22:05,17.4,54.3
06/10/2026,05:27:05,17.4,54.3
06/10/2026,05:32:05,17.4,54.2
06/10/2026,05:37:05,17.4,54.3
06/10/2026,05:42:05,17.4,54.2
06/10/2026,05:47:05,17.3,54.2
06/10/2026,05:52:05,17.3,54.2
06/10/2026,05:57:05,17.4,54.3
06/10/2026,06:02:05,17.3,54.2
06/10/2026,06:07:05,17.3,54.2
06/10/2026,06:12:05,17.3,54.3
06/10/2026,06:17:05,17.3,54.2
06/10/2026,06:22:05,17.3,54.3
06/10/2026,06:27:05,17.3,54.3
06/10/2026,06:32:05,17.3,54.3
06/10/2026,06:37:05,17.3,54.2
06/10/2026,06:42:05,17.3,54.3
06/10/2026,06:47:05,17.3,54.3
06/10/2026,06:52:05,17.3,54.2
06/10/2026,06:57:05,17.3,54.3
06/10/2026,07:02:05,17.3,54.3
06/10/2026,07:07:05,17.3,54.3
06/10/2026,07:12:05,17.3,54.3
06/10/2026,07:17:05,17.3,54.3
06/10/2026,07:22:05,17.3,54.3
06/10/2026,07:27:05,17.3,54.3
06/10/2026,07:32:05,17.3,54.3
06/10/2026,07:37:05,17.3,54.4
06/10/2026,07:42:05,17.3,54.3
06/10/2026,07:47:05,17.3,54.4
06/10/2026,07:52:05,17.2,54.4
06/10/2026,07:57:05,17.3,54.3
06/10/2026,08:02:05,17.3,54.4
06/10/2026,08:07:05,17.3,54.4
06/10/2026,08:12:05,17.3,54.4
06/10/2026,08:17:05,17.3,54.4
06/10/2026,08:22:05,17.3,54.4
06/10/2026,08:27:05,17.3,54.4
06/10/2026,08:32:05,17.3,54.5
06/10/2026,08:37:05,17.3,54.4
06/10/2026,08:42:05,17.3,54.6
06/10/2026,08:47:05,17.3,54.5
06/10/2026,08:52:05,17.3,54.5
06/10/2026,08:57:05,17.3,54.5
06/10/2026,09:02:05,17.3,54.5
06/10/2026,09:07:05,17.3,54.6
06/10/2026,09:12:05,17.3,54.5
06/10/2026,09:17:05,17.3,54.7
06/10/2026,09:22:05,17.3,54.9
06/10/2026,09:27:05,17.3,54.8
06/10/2026,09:32:05,17.3,54.8
06/10/2026,09:37:05,17.4,55.1
06/10/2026,09:42:05,17.4,55.3
06/10/2026,09:47:05,17.4,55.3
06/10/2026,09:52:05,17.5,55.4
06/10/2026,09:57:05,17.5,55.5
06/10/2026,10:02:05,17.5,55.5
06/10/2026,10:07:05,17.5,55.6
06/10/2026,10:12:05,17.6,55.7
06/10/2026,10:17:05,17.6,55.7
06/10/2026,10:22:05,17.6,55.8
06/10/2026,10:27:05,17.6,55.9
06/10/2026,10:32:05,17.6,55.8
06/10/2026,10:37:05,17.6,55.9
06/10/2026,10:42:05,17.6,56.0
06/10/2026,10:47:05,17.6,56.0
06/10/2026,10:52:05,17.6,56.0
06/10/2026,10:57:05,17.7,56.1
06/10/2026,11:02:05,17.6,56.0
06/10/2026,11:07:05,17.6,56.0
06/10/2026,11:12:05,17.6,56.1
06/10/2026,11:17:05,17.6,56.0
06/10/2026,11:22:05,17.6,56.1
06/10/2026,11:27:05,17.6,56.1
06/10/2026,11:32:05,17.6,56.0
06/10/2026,11:37:05,17.6,56.0
06/10/2026,11:42:05,17.6,56.0
06/10/2026,11:47:05,17.6,56.0
06/10/2026,11:52:05,17.6,56.0
06/10/2026,11:57:05,17.5,56.0
06/10/2026,12:02:05,17.5,56.0
06/10/2026,12:07:05,17.5,56.1
06/10/2026,12:12:05,17.5,56.1
06/10/2026,12:17:05,17.5,56.1
06/10/2026,12:22:05,17.5,56.1
06/10/2026,12:27:05,17.5,56.1
06/10/2026,12:32:05,17.5,56.1
06/10/2026,12:37:05,17.5,56.2
06/10/2026,12:42:05,17.5,56.2
06/10/2026,12:47:05,17.5,56.2
06/10/2026,12:52:05,17.5,56.3
06/10/2026,12:57:05,17.5,56.3
06/10/2026,13:02:05,17.5,56.4
06/10/2026,13:07:05,17.5,56.4
06/10/2026,13:12:05,17.5,56.4
06/10/2026,13:17:05,17.5,56.5
06/10/2026,13:22:05,17.5,56.5
06/10/2026,13:27:05,17.5,56.5
06/10/2026,13:32:05,17.5,56.6
06/10/2026,13:37:05,17.5,56.6
06/10/2026,13:42:05,17.5,56.6
06/10/2026,13:47:05,17.5,56.7
06/10/2026,13:52:05,17.5,56.8
06/10/2026,13:57:05,17.6,56.8
06/10/2026,14:02:05,17.6,56.8
06/10/2026,14:07:05,17.6,56.9
06/10/2026,14:12:05,17.6,56.9
06/10/2026,14:17:05,17.6,57.0
06/10/2026,14:22:05,17.6,57.0
06/10/2026,14:27:05,17.6,57.0
06/10/2026,14:32:05,17.6,57.0
06/10/2026,14:37:05,17.6,57.0
06/10/2026,14:42:05,17.6,57.1
06/10/2026,14:47:05,17.6,57.1
06/10/2026,14:52:05,17.6,57.1
06/10/2026,14:57:05,17.6,57.1
06/10/2026,15:02:05,17.6,57.1
06/10/2026,15:07:05,17.6,57.1
06/10/2026,15:12:05,17.6,57.2
06/10/2026,15:17:05,17.6,57.2
06/10/2026,15:22:05,17.6,57.3
06/10/2026,15:27:05,17.6,57.3
06/10/2026,15:32:05,17.6,57.3
06/10/2026,15:37:05,17.6,57.4
06/10/2026,15:42:05,17.6,57.3
06/10/2026,15:47:05,17.6,57.4
06/10/2026,15:52:05,17.6,57.5
06/10/2026,15:57:05,17.6,57.5
06/10/2026,16:02:05,17.6,57.5
06/10/2026,16:07:05,17.6,57.5
06/10/2026,16:12:05,17.6,57.5
06/10/2026,16:17:05,17.6,57.6
06/10/2026,16:22:05,17.6,57.6
06/10/2026,16:27:05,17.6,57.6
06/10/2026,16:32:05,17.6,57.6
06/10/2026,16:37:05,17.6,57.6
06/10/2026,16:42:05,17.6,57.7
06/10/2026,16:47:05,17.6,57.7
06/10/2026,16:52:05,17.6,57.7
06/10/2026,16:57:05,17.6,57.8
06/10/2026,17:02:05,17.6,57.8
06/10/2026,17:07:05,17.6,57.8
06/10/2026,17:12:05,17.6,57.8
06/10/2026,17:17:05,17.6,57.8
06/10/2026,17:22:05,17.6,57.9
06/10/2026,17:27:05,17.6,57.9
06/10/2026,17:32:05,17.6,57.9
06/10/2026,17:37:05,17.6,58.0
06/10/2026,17:42:05,17.6,58.0
06/10/2026,17:47:05,17.6,58.1
06/10/2026,17:52:05,17.7,58.1
06/10/2026,17:57:05,17.7,58.2
06/10/2026,18:02:05,17.7,58.2
06/10/2026,18:07:05,17.7,58.3
06/10/2026,18:12:05,17.7,58.3
06/10/2026,18:17:05,17.7,58.3
06/10/2026,18:22:05,17.7,58.3
06/10/2026,18:27:05,17.7,58.3
06/10/2026,18:32:05,17.7,58.4
06/10/2026,18:37:05,17.7,58.5
06/10/2026,18:42:05,17.7,58.6
06/10/2026,18:47:05,17.7,58.5
06/10/2026,18:52:05,17.7,58.7
06/10/2026,18:57:05,17.7,58.8
06/10/2026,19:02:05,17.7,58.9
06/10/2026,19:07:05,17.8,59.1
06/10/2026,19:12:05,17.8,59.6
06/10/2026,19:17:05,17.8,59.4
06/10/2026,19:22:05,17.9,59.5
06/10/2026,19:27:05,17.9,59.4
06/10/2026,19:32:05,17.9,59.5
06/10/2026,19:37:05,17.9,59.6
06/10/2026,19:42:05,17.9,59.7
06/10/2026,19:47:05,17.9,59.8
06/10/2026,19:52:05,17.9,59.8
06/10/2026,19:57:05,17.9,59.8
06/10/2026,20:02:05,17.9,59.9
06/10/2026,20:07:05,17.9,59.9
06/10/2026,20:12:05,17.9,59.9
06/10/2026,20:17:05,17.9,60.0
06/10/2026,20:22:05,17.9,60.0
06/10/2026,20:27:05,17.9,60.0
06/10/2026,20:32:05,17.9,60.0
06/10/2026,20:37:05,17.9,60.1
06/10/2026,20:42:05,17.8,60.0
06/10/2026,20:47:05,17.8,60.1
06/10/2026,20:52:05,17.8,60.1
06/10/2026,20:57:05,17.8,60.1
06/10/2026,21:02:05,17.8,60.1
06/10/2026,21:07:05,17.7,60.1
06/10/2026,21:12:05,17.8,60.1
06/10/2026,21:17:05,17.7,60.1
06/10/2026,21:22:05,17.7,60.1
06/10/2026,21:27:05,17.7,60.1
06/10/2026,21:32:05,17.7,60.1
06/10/2026,21:37:05,17.7,60.1
06/10/2026,21:42:05,17.7,60.2
06/10/2026,21:47:05,17.6,60.2
06/10/2026,21:52:05,17.6,60.1
06/10/2026,21:57:05,17.6,60.2
06/10/2026,22:02:05,17.6,60.1
06/10/2026,22:07:05,17.6,60.1
06/10/2026,22:12:05,17.6,60.1
06/10/2026,22:17:05,17.6,60.1
06/10/2026,22:22:05,17.6,60.1
06/10/2026,22:27:05,17.5,60.1
06/10/2026,22:32:05,17.5,60.1
06/10/2026,22:37:05,17.5,60.1
06/10/2026,22:42:05,17.5,60.1
06/10/2026,22:47:05,17.5,60.1
06/10/2026,22:52:05,17.4,60.1
06/10/2026,22:57:05,17.5,60.1
06/10/2026,23:02:05,17.5,60.1
06/10/2026,23:07:05,17.4,60.1
06/10/2026,23:12:05,17.4,60.1
06/10/2026,23:17:05,17.4,60.1
06/10/2026,23:22:05,17.4,60.1
06/10/2026,23:27:05,17.4,60.0
06/10/2026,23:32:05,17.4,60.0
06/10/2026,23:37:05,17.3,60.0
06/10/2026,23:42:05,17.3,60.0
06/10/2026,23:47:05,17.3,60.0
06/10/2026,23:52:05,17.3,60.0
06/10/2026,23:57:05,17.3,60.0
06/11/2026,00:02:05,17.3,60.0
06/11/2026,00:07:05,17.3,60.0
06/11/2026,00:12:05,17.3,60.0
06/11/2026,00:17:05,17.3,60.0
06/11/2026,00:22:05,17.3,60.0
06/11/2026,00:27:05,17.2,60.0
06/11/2026,00:32:05,17.3,59.9
06/11/2026,00:37:05,17.2,59.9
06/11/2026,00:42:05,17.2,59.9
06/11/2026,00:47:05,17.2,59.9
06/11/2026,00:52:05,17.2,59.9
06/11/2026,00:57:05,17.2,59.9
06/11/2026,01:02:05,17.2,59.8
06/11/2026,01:07:05,17.2,59.8
06/11/2026,01:12:05,17.2,59.8
06/11/2026,01:17:05,17.1,59.8
06/11/2026,01:22:05,17.1,59.8
06/11/2026,01:27:05,17.1,59.8
06/11/2026,01:32:05,17.1,59.8
06/11/2026,01:37:05,17.1,59.8
06/11/2026,01:42:05,17.1,59.7
06/11/2026,01:47:05,17.1,59.7
06/11/2026,01:52:05,17.1,59.7
06/11/2026,01:57:05,17.1,59.7
06/11/2026,02:02:05,17.1,59.7
06/11/2026,02:07:05,17.0,59.6
06/11/2026,02:12:05,17.1,59.6
06/11/2026,02:17:05,17.0,59.6
06/11/2026,02:22:05,17.0,59.6
06/11/2026,02:27:05,17.0,59.6
06/11/2026,02:32:05,17.0,59.6
06/11/2026,02:37:05,17.0,59.6
06/11/2026,02:42:05,17.0,59.5
06/11/2026,02:47:05,17.0,59.5
06/11/2026,02:52:05,17.0,59.5
06/11/2026,02:57:05,17.0,59.5
06/11/2026,03:02:05,17.0,59.5
06/11/2026,03:07:05,17.0,59.5
06/11/2026,03:12:05,17.0,59.4
06/11/2026,03:17:05,16.9,59.4
06/11/2026,03:22:05,16.9,59.4
06/11/2026,03:27:05,16.9,59.4
06/11/2026,03:32:05,16.9,59.4
06/11/2026,03:37:05,16.9,59.3
06/11/2026,03:42:05,16.9,59.3
06/11/2026,03:47:05,16.9,59.3
06/11/2026,03:52:05,16.9,59.3
06/11/2026,03:57:05,16.8,59.2
06/11/2026,04:02:05,16.8,59.2
06/11/2026,04:07:05,16.8,59.2
06/11/2026,04:12:05,16.8,59.2
06/11/2026,04:17:05,16.8,59.2
06/11/2026,04:22:05,16.8,59.2
06/11/2026,04:27:05,16.8,59.1
06/11/2026,04:32:05,16.8,59.1
06/11/2026,04:37:05,16.8,59.1
06/11/2026,04:42:05,16.7,59.1
06/11/2026,04:47:05,16.7,59.1
06/11/2026,04:52:05,16.7,59.0
06/11/2026,04:57:05,16.7,59.0
06/11/2026,05:02:05,16.7,59.0
06/11/2026,05:07:05,16.7,59.0
06/11/2026,05:12:05,16.7,59.0
06/11/2026,05:17:05,16.7,58.9
06/11/2026,05:22:05,16.7,58.9
06/11/2026,05:27:05,16.7,58.9
06/11/2026,05:32:05,16.6,58.9
06/11/2026,05:37:05,16.7,58.9
06/11/2026,05:42:05,16.6,58.8
06/11/2026,05:47:05,16.6,58.8
06/11/2026,05:52:05,16.6,58.8
06/11/2026,05:57:05,16.6,58.7
06/11/2026,06:02:05,16.6,58.8
06/11/2026,06:07:05,16.6,58.8
06/11/2026,06:12:05,16.6,58.7
06/11/2026,06:17:05,16.6,58.7
06/11/2026,06:22:05,16.5,58.7
06/11/2026,06:27:05,16.6,58.7
06/11/2026,06:32:05,16.5,58.7
06/11/2026,06:37:05,16.5,58.7
06/11/2026,06:42:05,16.5,58.6
06/11/2026,06:47:05,16.5,58.6
06/11/2026,06:52:05,16.5,58.6
06/11/2026,06:57:05,16.5,58.6
06/11/2026,07:02:05,16.5,58.6
06/11/2026,07:07:05,16.5,58.6
06/11/2026,07:12:05,16.5,58.6
06/11/2026,07:17:05,16.5,58.6
06/11/2026,07:22:05,16.5,58.6
06/11/2026,07:27:05,16.5,58.5
06/11/2026,07:32:05,16.5,58.5
06/11/2026,07:37:05,16.5,58.6
06/11/2026,07:42:05,16.5,58.5
06/11/2026,07:47:05,16.5,58.5
06/11/2026,07:52:05,16.5,58.6
06/11/2026,07:57:05,16.5,58.6
06/11/2026,08:02:05,16.5,58.6
06/11/2026,08:07:05,16.5,58.6
06/11/2026,08:12:05,16.5,58.6
06/11/2026,08:17:05,16.5,58.6
06/11/2026,08:22:05,16.5,58.6
06/11/2026,08:27:05,16.5,58.6
06/11/2026,08:32:05,16.5,58.6
06/11/2026,08:37:05,16.5,58.7
06/11/2026,08:42:05,16.5,58.7
06/11/2026,08:47:05,16.5,58.7
06/11/2026,08:52:05,16.5,58.7
06/11/2026,08:57:05,16.5,58.7
06/11/2026,09:02:05,16.5,58.8
06/11/2026,09:07:05,16.5,58.8
06/11/2026,09:12:05,16.5,58.7
06/11/2026,09:17:05,16.5,58.8
06/11/2026,09:22:05,16.5,58.9
06/11/2026,09:27:05,16.5,59.0
06/11/2026,09:32:05,16.5,59.1
06/11/2026,09:37:05,16.5,59.5
06/11/2026,09:42:05,16.5,59.5
06/11/2026,09:47:05,16.6,59.5
06/11/2026,09:52:05,16.6,59.5
06/11/2026,09:57:05,16.6,59.6
06/11/2026,10:02:05,16.6,59.7
06/11/2026,10:07:05,16.7,59.6
06/11/2026,10:12:05,16.7,59.7
06/11/2026,10:17:05,16.7,59.8
06/11/2026,10:22:05,16.7,59.9
06/11/2026,10:27:05,16.7,59.9
06/11/2026,10:32:05,16.7,59.9
06/11/2026,10:37:05,16.7,60.0
06/11/2026,10:42:05,16.7,60.0
06/11/2026,10:47:05,16.7,60.0
06/11/2026,10:52:05,16.6,60.0
06/11/2026,10:57:05,16.7,60.1
06/11/2026,11:02:05,16.7,60.1
06/11/2026,11:07:05,16.7,60.1
06/11/2026,11:12:05,16.6,60.2
06/11/2026,11:17:05,16.6,60.2
06/11/2026,11:22:05,16.6,60.3
06/11/2026,11:27:05,16.6,60.3
06/11/2026,11:32:05,16.6,60.3
06/11/2026,11:37:05,16.6,60.4
06/11/2026,11:42:05,16.6,60.4
06/11/2026,11:47:05,16.6,60.4
06/11/2026,11:52:05,16.6,60.5
06/11/2026,11:57:05,16.6,60.5
06/11/2026,12:02:05,16.6,60.5
06/11/2026,12:07:05,16.6,60.6
06/11/2026,12:12:05,16.6,60.6
06/11/2026,12:17:05,16.6,60.6
06/11/2026,12:22:05,16.6,60.6
06/11/2026,12:27:05,16.5,60.7
06/11/2026,12:32:05,16.6,60.7
06/11/2026,12:37:05,16.6,60.7
06/11/2026,12:42:05,16.5,60.7
06/11/2026,12:47:05,16.5,60.8
06/11/2026,12:52:05,16.6,60.8
06/11/2026,12:57:05,16.5,60.9
06/11/2026,13:02:05,16.5,60.9
06/11/2026,13:07:05,16.5,60.9
06/11/2026,13:12:05,16.5,60.9
06/11/2026,13:17:05,16.5,61.0
06/11/2026,13:22:05,16.5,61.0
06/11/2026,13:27:05,16.5,61.0
06/11/2026,13:32:05,16.5,61.1
06/11/2026,13:37:05,16.5,61.1
06/11/2026,13:42:05,16.5,61.1
06/11/2026,13:47:05,16.5,61.1
06/11/2026,13:52:05,16.5,61.2
06/11/2026,13:57:05,16.5,61.2
06/11/2026,14:02:05,16.5,61.2
06/11/2026,14:07:05,16.5,61.2
06/11/2026,14:12:05,16.5,61.3
06/11/2026,14:17:05,16.5,61.3
06/11/2026,14:22:05,16.5,61.4
06/11/2026,14:27:05,16.5,61.3
06/11/2026,14:32:05,16.5,61.3
06/11/2026,14:37:05,16.5,61.4
06/11/2026,14:42:05,16.5,61.4
06/11/2026,14:47:05,16.5,61.4
06/11/2026,14:52:05,16.4,61.4
06/11/2026,14:57:05,16.5,61.5
06/11/2026,15:02:05,16.4,61.5
06/11/2026,15:07:05,16.5,61.6
06/11/2026,15:12:05,16.4,61.6
06/11/2026,15:17:05,16.4,61.6
06/11/2026,15:22:05,16.5,61.6
06/11/2026,15:27:05,16.4,61.6
06/11/2026,15:32:05,16.4,61.7
06/11/2026,15:37:05,16.4,61.8
06/11/2026,15:42:05,16.4,61.8
06/11/2026,15:47:05,16.4,61.9
06/11/2026,15:52:05,16.5,61.9
06/11/2026,15:57:05,16.4,62.0
06/11/2026,16:02:05,16.5,62.0
06/11/2026,16:07:05,16.4,62.1
06/11/2026,16:12:05,16.4,62.2
06/11/2026,16:17:05,16.4,62.2
06/11/2026,16:22:05,16.4,62.3
06/11/2026,16:27:05,16.4,62.3
06/11/2026,16:32:05,16.4,62.3
06/11/2026,16:37:05,16.4,62.4
06/11/2026,16:42:05,16.4,62.4
06/11/2026,16:47:05,16.5,62.4
06/11/2026,16:52:05,16.4,62.5
06/11/2026,16:57:05,16.4,62.5
06/11/2026,17:02:05,16.4,62.6
06/11/2026,17:07:05,16.4,62.6
06/11/2026,17:12:05,16.5,62.6
06/11/2026,17:17:05,16.4,62.7
06/11/2026,17:22:05,16.4,62.7
06/11/2026,17:27:05,16.4,62.7
06/11/2026,17:32:05,16.5,62.8
06/11/2026,17:37:05,16.4,62.9
06/11/2026,17:42:05,16.4,62.9
06/11/2026,17:47:05,16.4,62.9
06/11/2026,17:52:05,16.4,63.0
06/11/2026,17:57:05,16.5,63.1
06/11/2026,18:02:05,16.5,63.1
06/11/2026,18:07:05,16.4,63.2
06/11/2026,18:12:05,16.5,63.2
06/11/2026,18:17:05,16.4,63.3
06/11/2026,18:22:05,16.5,63.5
06/11/2026,18:27:05,16.5,63.7
06/11/2026,18:32:05,16.5,63.7
06/11/2026,18:37:05,16.5,63.9
06/11/2026,18:42:05,16.5,64.1
06/11/2026,18:47:05,16.5,64.4
06/11/2026,18:52:05,16.6,64.6
06/11/2026,18:57:05,16.6,64.7
06/11/2026,19:02:05,16.6,65.0
06/11/2026,19:07:05,16.6,65.1
06/11/2026,19:12:05,16.7,65.3
06/11/2026,19:17:05,16.7,65.6
06/11/2026,19:22:05,16.7,65.8
06/11/2026,19:27:05,16.8,66.0
06/11/2026,19:32:05,16.8,66.1
06/11/2026,19:37:05,16.8,66.2
06/11/2026,19:42:05,16.9,66.4
06/11/2026,19:47:05,16.9,66.5
06/11/2026,19:52:05,16.9,66.7
06/11/2026,19:57:05,16.9,66.7
06/11/2026,20:02:05,17.0,66.9
06/11/2026,20:07:05,17.0,67.0
06/11/2026,20:12:05,17.0,67.1
06/11/2026,20:17:05,17.0,67.3
06/11/2026,20:22:05,17.0,67.2
06/11/2026,20:27:05,17.1,67.3
06/11/2026,20:32:05,17.0,67.3
06/11/2026,20:37:05,17.0,67.4
06/11/2026,20:42:05,17.0,67.5
06/11/2026,20:47:05,17.1,67.6
06/11/2026,20:52:05,17.1,67.8
06/11/2026,20:57:05,17.0,67.8
06/11/2026,21:02:05,17.1,67.8
06/11/2026,21:07:05,17.0,67.8
06/11/2026,21:12:05,17.0,67.8
06/11/2026,21:17:05,17.0,67.8
06/11/2026,21:22:05,17.0,67.9
06/11/2026,21:27:05,17.0,67.9
06/11/2026,21:32:05,17.0,67.9
06/11/2026,21:37:05,17.0,67.9
06/11/2026,21:42:05,17.0,68.0
06/11/2026,21:47:05,17.0,67.9
06/11/2026,21:52:05,17.0,68.0
06/11/2026,21:57:05,17.0,67.9
06/11/2026,22:02:05,17.0,68.1
06/11/2026,22:07:05,17.0,68.1
06/11/2026,22:12:05,17.0,68.1
06/11/2026,22:17:05,17.0,68.1
06/11/2026,22:22:05,17.0,68.0
06/11/2026,22:27:05,17.0,68.0
06/11/2026,22:32:05,17.0,68.0
06/11/2026,22:37:05,16.9,68.0
06/11/2026,22:42:05,17.0,68.0
06/11/2026,22:47:05,16.9,68.0
06/11/2026,22:52:05,16.9,68.0
06/11/2026,22:57:05,16.9,68.0
06/11/2026,23:02:05,16.9,68.0
06/11/2026,23:07:05,16.9,68.0
06/11/2026,23:12:05,16.9,68.1
06/11/2026,23:17:05,16.9,68.0
06/11/2026,23:22:05,16.9,68.0
06/11/2026,23:27:05,16.9,68.1
06/11/2026,23:32:05,16.9,68.1
06/11/2026,23:37:05,16.9,68.1
06/11/2026,23:42:05,16.9,68.1
06/11/2026,23:47:05,16.9,68.1
06/11/2026,23:52:05,16.9,68.1
06/11/2026,23:57:05,16.9,68.1
06/12/2026,00:02:05,16.9,68.1
06/12/2026,00:07:05,16.9,68.0
06/12/2026,00:12:05,16.9,68.1
06/12/2026,00:17:05,16.9,68.0
06/12/2026,00:22:05,16.8,68.1
06/12/2026,00:27:05,16.8,68.1
06/12/2026,00:32:05,16.8,68.1
06/12/2026,00:37:05,16.9,68.0
06/12/2026,00:42:05,16.9,68.1
06/12/2026,00:47:05,16.8,68.1
06/12/2026,00:52:05,16.8,68.1
06/12/2026,00:57:05,16.8,68.1
06/12/2026,01:02:05,16.8,68.1
06/12/2026,01:07:05,16.8,68.0
06/12/2026,01:12:05,16.8,68.1
06/12/2026,01:17:05,16.8,68.1
06/12/2026,01:22:05,16.8,68.0
06/12/2026,01:27:05,16.8,68.1
06/12/2026,01:32:05,16.8,68.0
06/12/2026,01:37:05,16.8,68.0
06/12/2026,01:42:05,16.8,68.0
06/12/2026,01:47:05,16.8,68.0
06/12/2026,01:52:05,16.8,68.0
06/12/2026,01:57:05,16.8,68.1
06/12/2026,02:02:05,16.8,68.0
06/12/2026,02:07:05,16.8,68.1
06/12/2026,02:12:05,16.8,68.1
06/12/2026,02:17:05,16.8,68.0
06/12/2026,02:22:05,16.8,68.1
06/12/2026,02:27:05,16.8,68.2
06/12/2026,02:32:05,16.8,68.1
06/12/2026,02:37:05,16.8,68.2
06/12/2026,02:42:05,16.8,68.1
06/12/2026,02:47:05,16.8,68.1
06/12/2026,02:52:05,16.8,68.2
06/12/2026,02:57:05,16.8,68.1
06/12/2026,03:02:05,16.8,68.2
06/12/2026,03:07:05,16.8,68.2
06/12/2026,03:12:05,16.8,68.1
06/12/2026,03:17:05,16.8,68.1
06/12/2026,03:22:05,16.7,68.2
06/12/2026,03:27:05,16.8,68.2
06/12/2026,03:32:05,16.8,68.2
06/12/2026,03:37:05,16.8,68.2
06/12/2026,03:42:05,16.8,68.2
06/12/2026,03:47:05,16.8,68.2
06/12/2026,03:52:05,16.8,68.2
06/12/2026,03:57:05,16.8,68.1
06/12/2026,04:02:05,16.8,68.2
06/12/2026,04:07:05,16.8,68.1
06/12/2026,04:12:05,16.8,68.2
06/12/2026,04:17:05,16.8,68.2
06/12/2026,04:22:05,16.8,68.2
06/12/2026,04:27:05,16.8,68.2
06/12/2026,04:32:05,16.8,68.2
06/12/2026,04:37:05,16.8,68.2
06/12/2026,04:42:05,16.8,68.2
06/12/2026,04:47:05,16.8,68.2
06/12/2026,04:52:05,16.8,68.2
06/12/2026,04:57:05,16.8,68.3
06/12/2026,05:02:05,16.8,68.2
06/12/2026,05:07:05,16.8,68.3
06/12/2026,05:12:05,16.8,68.2
06/12/2026,05:17:05,16.8,68.3
06/12/2026,05:22:05,16.8,68.3
06/12/2026,05:27:05,16.8,68.3
06/12/2026,05:32:05,16.8,68.3
06/12/2026,05:37:05,16.8,68.3
06/12/2026,05:42:05,16.8,68.3
06/12/2026,05:47:05,16.8,68.3
06/12/2026,05:52:05,16.8,68.3
06/12/2026,05:57:05,16.8,68.2
06/12/2026,06:02:05,16.8,68.3
06/12/2026,06:07:05,16.8,68.3
06/12/2026,06:12:05,16.8,68.3
06/12/2026,06:17:05,16.8,68.3
06/12/2026,06:22:05,16.8,68.3
06/12/2026,06:27:05,16.8,68.3
06/12/2026,06:32:05,16.8,68.3
06/12/2026,06:37:05,16.8,68.3
06/12/2026,06:42:05,16.8,68.4
06/12/2026,06:47:05,16.8,68.4
06/12/2026,06:52:05,16.8,68.4
06/12/2026,06:57:05,16.9,68.4
06/12/2026,07:02:05,16.9,68.4
06/12/2026,07:07:05,16.9,68.5
06/12/2026,07:12:05,16.9,68.4
06/12/2026,07:17:05,16.9,68.4
06/12/2026,07:22:05,16.9,68.5
06/12/2026,07:27:05,16.9,68.5
06/12/2026,07:32:05,16.9,68.5
06/12/2026,07:37:05,16.9,68.5
06/12/2026,07:42:05,16.9,68.5
06/12/2026,07:47:05,16.9,68.6
06/12/2026,07:52:05,16.9,68.5
06/12/2026,07:57:05,16.9,68.6
06/12/2026,08:02:05,16.9,68.6
06/12/2026,08:07:05,16.9,68.6
06/12/2026,08:12:05,16.9,68.6
06/12/2026,08:17:05,17.0,68.6
06/12/2026,08:22:05,17.0,68.7
06/12/2026,08:27:05,17.0,68.6
06/12/2026,08:32:05,17.0,68.6
06/12/2026,08:37:05,17.0,68.6
06/12/2026,08:42:05,17.0,68.7
06/12/2026,08:47:05,17.0,68.7
06/12/2026,08:52:05,17.0,68.6
06/12/2026,08:57:05,17.0,68.6
06/12/2026,09:02:05,17.0,68.6
06/12/2026,09:07:05,17.0,68.7
06/12/2026,09:12:05,17.0,68.6
06/12/2026,09:17:05,17.0,68.7
06/12/2026,09:22:05,17.1,68.6
06/12/2026,09:27:05,17.0,68.8
06/12/2026,09:32:05,17.1,68.8
06/12/2026,09:37:05,17.1,68.8
06/12/2026,09:42:05,17.1,68.8
06/12/2026,09:47:05,17.1,68.8
06/12/2026,09:52:05,17.1,68.8
06/12/2026,09:57:05,17.1,68.9
06/12/2026,10:02:05,17.2,68.9
06/12/2026,10:07:05,17.1,68.9
06/12/2026,10:12:05,17.2,69.0
06/12/2026,10:17:05,17.2,69.0
06/12/2026,10:22:05,17.2,69.0
06/12/2026,10:27:05,17.2,69.0
06/12/2026,10:32:05,17.2,69.1
06/12/2026,10:37:05,17.2,69.1
06/12/2026,10:42:05,17.2,69.3
06/12/2026,10:47:05,17.2,69.2
06/12/2026,10:52:05,17.3,69.2
06/12/2026,10:57:05,17.3,69.3
06/12/2026,11:02:05,17.3,69.3
06/12/2026,11:07:05,17.3,69.4
06/12/2026,11:12:05,17.3,69.5
06/12/2026,11:17:05,17.3,69.5
06/12/2026,11:22:05,17.3,69.5
06/12/2026,11:27:05,17.4,69.5
06/12/2026,11:32:05,17.4,69.6
06/12/2026,11:37:05,17.4,69.6
06/12/2026,11:42:05,17.4,69.7
06/12/2026,11:47:05,17.4,69.6
06/12/2026,11:52:05,17.4,69.7
06/12/2026,11:57:05,17.4,69.9
06/12/2026,12:02:05,17.4,69.9
06/12/2026,12:07:05,17.5,70.0
06/12/2026,12:12:05,17.5,70.0
06/12/2026,12:17:05,17.5,70.1
06/12/2026,12:22:05,17.5,70.3
06/12/2026,12:27:05,17.6,70.3
06/12/2026,12:32:05,17.6,70.5
06/12/2026,12:37:05,17.6,70.6
06/12/2026,12:42:05,17.7,71.3
06/12/2026,12:47:05,17.8,71.2
06/12/2026,12:52:05,17.8,71.4
06/12/2026,12:57:05,17.9,71.4
06/12/2026,13:02:05,17.9,71.4
06/12/2026,13:07:05,18.0,71.4
06/12/2026,13:12:05,18.0,71.5
06/12/2026,13:17:05,18.1,71.5
06/12/2026,13:22:05,18.2,71.6
06/12/2026,13:27:05,18.2,71.9
06/12/2026,13:32:05,18.3,71.8
06/12/2026,13:37:05,18.3,72.0
06/12/2026,13:42:05,18.4,72.0
06/12/2026,13:47:05,18.4,72.0
06/12/2026,13:52:05,18.4,72.1
06/12/2026,13:57:05,18.4,72.1
06/12/2026,14:02:05,18.4,72.3
06/12/2026,14:07:05,18.4,72.3
06/12/2026,14:12:05,18.4,72.5
06/12/2026,14:17:05,18.4,72.5
06/12/2026,14:22:05,18.4,72.6
06/12/2026,14:27:05,18.4,72.6
06/12/2026,14:32:05,18.4,72.8
06/12/2026,14:37:05,18.5,72.9
06/12/2026,14:42:05,18.5,72.9
06/12/2026,14:47:05,18.5,73.0
06/12/2026,14:52:05,18.5,72.9
06/12/2026,14:57:05,18.5,73.1
06/12/2026,15:02:05,18.5,73.1
06/12/2026,15:07:05,18.5,73.0
06/12/2026,15:12:05,18.5,73.1
06/12/2026,15:17:05,18.5,73.2
06/12/2026,15:22:05,18.5,73.2
06/12/2026,15:27:05,18.6,73.2
06/12/2026,15:32:05,18.6,73.3
06/12/2026,15:37:05,18.6,73.3
06/12/2026,15:42:05,18.6,73.3
06/12/2026,15:47:05,18.6,73.4
06/12/2026,15:52:05,18.6,73.4
06/12/2026,15:57:05,18.6,73.4
06/12/2026,16:02:05,18.7,73.4
06/12/2026,16:07:05,18.7,73.4
06/12/2026,16:12:05,18.7,73.4
06/12/2026,16:17:05,18.7,73.4
06/12/2026,16:22:05,18.7,73.4
06/12/2026,16:27:05,18.8,73.4
06/12/2026,16:32:05,18.8,73.4
06/12/2026,16:37:05,18.8,73.3
06/12/2026,16:42:05,18.9,73.3
06/12/2026,16:47:05,18.9,73.2
06/12/2026,16:52:05,18.9,73.2
06/12/2026,16:57:05,18.9,73.2
06/12/2026,17:02:05,18.9,73.2
06/12/2026,17:07:05,18.9,73.2
06/12/2026,17:12:05,18.9,73.2
06/12/2026,17:17:05,18.9,73.1
06/12/2026,17:22:05,19.0,73.1
06/12/2026,17:27:05,19.0,73.1
06/12/2026,17:32:05,19.0,73.1
06/12/2026,17:37:05,19.0,73.1
06/12/2026,17:42:05,19.0,73.0
06/12/2026,17:47:05,19.0,73.0
06/12/2026,17:52:05,19.0,72.9
06/12/2026,17:57:05,19.0,72.9
06/12/2026,18:02:05,19.1,72.9
06/12/2026,18:07:05,19.1,72.8
06/12/2026,18:12:05,19.1,72.8
06/12/2026,18:17:05,19.1,72.8
06/12/2026,18:22:05,19.1,72.7
06/12/2026,18:27:05,19.1,72.8
06/12/2026,18:32:05,19.1,72.7
06/12/2026,18:37:05,19.2,72.7
06/12/2026,18:42:05,19.2,72.7
06/12/2026,18:47:05,19.2,72.6
06/12/2026,18:52:05,19.2,72.6
06/12/2026,18:57:05,19.2,72.6
06/12/2026,19:02:05,19.2,72.6
06/12/2026,19:07:05,19.3,72.8
06/12/2026,19:12:05,19.3,73.0
06/12/2026,19:17:05,19.4,73.7
06/12/2026,19:22:05,19.4,73.2
06/12/2026,19:27:05,19.5,73.1
06/12/2026,19:32:05,19.5,72.7
06/12/2026,19:37:05,19.5,72.8
06/12/2026,19:42:05,19.6,72.9
06/12/2026,19:47:05,19.6,73.0
06/12/2026,19:52:05,19.6,73.1
06/12/2026,19:57:05,19.7,73.4
06/12/2026,20:02:05,19.7,73.1
06/12/2026,20:07:05,19.8,73.1
06/12/2026,20:12:05,19.8,73.0
06/12/2026,20:17:05,19.8,73.0
06/12/2026,20:22:05,19.8,72.9
06/12/2026,20:27:05,19.8,72.8
06/12/2026,20:32:05,19.8,72.8
06/12/2026,20:37:05,19.7,72.7
06/12/2026,20:42:05,19.8,72.6
06/12/2026,20:47:05,19.7,72.5
06/12/2026,20:52:05,19.7,72.5
06/12/2026,20:57:05,19.7,72.4
06/12/2026,21:02:05,19.7,72.4
06/12/2026,21:07:05,19.7,72.4
06/12/2026,21:12:05,19.7,72.4
06/12/2026,21:17:05,19.7,72.3
06/12/2026,21:22:05,19.7,72.3
06/12/2026,21:27:05,19.7,72.2
06/12/2026,21:32:05,19.7,72.2
06/12/2026,21:37:05,19.6,72.1
06/12/2026,21:42:05,19.6,72.1
06/12/2026,21:47:05,19.6,72.1
06/12/2026,21:52:05,19.6,72.0
06/12/2026,21:57:05,19.6,71.9
06/12/2026,22:02:05,19.6,71.9
06/12/2026,22:07:05,19.6,71.8
06/12/2026,22:12:05,19.6,71.8
06/12/2026,22:17:05,19.6,71.7
06/12/2026,22:22:05,19.6,71.6
06/12/2026,22:27:05,19.5,71.5
06/12/2026,22:32:05,19.5,71.2
06/12/2026,22:37:05,19.5,71.2
06/12/2026,22:42:05,19.5,71.1
06/12/2026,22:47:05,19.5,71.0
06/12/2026,22:52:05,19.4,70.9
06/12/2026,22:57:05,19.4,70.8
06/12/2026,23:02:05,19.4,70.7
06/12/2026,23:07:05,19.4,70.6
06/12/2026,23:12:05,19.4,70.6
06/12/2026,23:17:05,19.4,70.5
06/12/2026,23:22:05,19.3,70.4
06/12/2026,23:27:05,19.3,70.3
06/12/2026,23:32:05,19.3,70.3
06/12/2026,23:37:05,19.3,70.2
06/12/2026,23:42:05,19.3,70.1
06/12/2026,23:47:05,19.3,70.0
06/12/2026,23:52:05,19.2,70.0
06/12/2026,23:57:05,19.2,69.9
06/13/2026,00:02:05,19.2,69.8
06/13/2026,00:07:05,19.2,69.7
06/13/2026,00:12:05,19.2,69.6
06/13/2026,00:17:05,19.2,69.5
06/13/2026,00:22:05,19.2,69.5
06/13/2026,00:27:05,19.1,69.3
06/13/2026,00:32:05,19.1,69.2
06/13/2026,00:37:05,19.1,69.1
06/13/2026,00:42:05,19.1,69.1
06/13/2026,00:47:05,19.1,69.0
06/13/2026,00:52:05,19.1,68.9
06/13/2026,00:57:05,19.1,68.8
06/13/2026,01:02:05,19.1,68.7
06/13/2026,01:07:05,19.0,68.6
06/13/2026,01:12:05,19.0,68.5
06/13/2026,01:17:05,19.0,68.4
06/13/2026,01:22:05,19.0,68.3
06/13/2026,01:27:05,19.0,68.2
06/13/2026,01:32:05,18.9,68.1
06/13/2026,01:37:05,18.9,68.1
06/13/2026,01:42:05,18.9,68.0
06/13/2026,01:47:05,18.9,67.9
06/13/2026,01:52:05,18.9,67.8
06/13/2026,01:57:05,18.9,67.7
06/13/2026,02:02:05,18.9,67.6
06/13/2026,02:07:05,18.8,67.6
06/13/2026,02:12:05,18.8,67.5
06/13/2026,02:17:05,18.8,67.4
06/13/2026,02:22:05,18.8,67.3
06/13/2026,02:27:05,18.8,67.2
06/13/2026,02:32:05,18.8,67.1
06/13/2026,02:37:05,18.8,67.1
06/13/2026,02:42:05,18.7,67.0
06/13/2026,02:47:05,18.7,67.0
06/13/2026,02:52:05,18.7,66.9
06/13/2026,02:57:05,18.7,66.8
06/13/2026,03:02:05,18.7,66.7
06/13/2026,03:07:05,18.7,66.7
06/13/2026,03:12:05,18.7,66.6
06/13/2026,03:17:05,18.6,66.5
06/13/2026,03:22:05,18.6,66.5
06/13/2026,03:27:05,18.6,66.4
06/13/2026,03:32:05,18.6,66.3
06/13/2026,03:37:05,18.6,66.3
06/13/2026,03:42:05,18.6,66.2
06/13/2026,03:47:05,18.6,66.1
06/13/2026,03:52:05,18.5,66.1
06/13/2026,03:57:05,18.6,66.1
06/13/2026,04:02:05,18.5,66.0
06/13/2026,04:07:05,18.5,66.0
06/13/2026,04:12:05,18.5,65.9
06/13/2026,04:17:05,18.5,65.9
06/13/2026,04:22:05,18.5,65.8
06/13/2026,04:27:05,18.5,65.7
06/13/2026,04:32:05,18.5,65.7
06/13/2026,04:37:05,18.5,65.7
06/13/2026,04:42:05,18.5,65.6
06/13/2026,04:47:05,18.4,65.6
06/13/2026,04:52:05,18.5,65.5
06/13/2026,04:57:05,18.4,65.5
06/13/2026,05:02:05,18.4,65.4
06/13/2026,05:07:05,18.4,65.3
06/13/2026,05:12:05,18.4,65.3
06/13/2026,05:17:05,18.4,65.2
06/13/2026,05:22:05,18.4,65.2
06/13/2026,05:27:05,18.4,65.1
06/13/2026,05:32:05,18.4,65.1
06/13/2026,05:37:05,18.4,65.1
06/13/2026,05:42:05,18.3,65.0
06/13/2026,05:47:05,18.3,65.0
06/13/2026,05:52:05,18.3,64.9
06/13/2026,05:57:05,18.3,64.9
06/13/2026,06:02:05,18.3,64.8
06/13/2026,06:07:05,18.3,64.9
06/13/2026,06:12:05,18.3,64.8
06/13/2026,06:17:05,18.3,64.7
06/13/2026,06:22:05,18.3,64.7
06/13/2026,06:27:05,18.3,64.7
06/13/2026,06:32:05,18.3,64.6
06/13/2026,06:37:05,18.3,64.6
06/13/2026,06:42:05,18.3,64.6
06/13/2026,06:47:05,18.3,64.6
06/13/2026,06:52:05,18.3,64.5
06/13/2026,06:57:05,18.3,64.5
06/13/2026,07:02:05,18.3,64.5
06/13/2026,07:07:05,18.3,64.4
06/13/2026,07:12:05,18.3,64.4
06/13/2026,07:17:05,18.3,64.4
06/13/2026,07:22:05,18.3,64.3
06/13/2026,07:27:05,18.3,64.3
06/13/2026,07:32:05,18.3,64.2
06/13/2026,07:37:05,18.3,64.1
06/13/2026,07:42:05,18.3,64.1
06/13/2026,07:47:05,18.3,64.1
06/13/2026,07:52:05,18.3,64.1
06/13/2026,07:57:05,18.3,64.0
06/13/2026,08:02:05,18.3,63.9
06/13/2026,08:07:05,18.3,63.9
06/13/2026,08:12:05,18.3,63.8
06/13/2026,08:17:05,18.3,63.8
06/13/2026,08:22:05,18.3,63.7
06/13/2026,08:27:05,18.3,63.6
06/13/2026,08:32:05,18.2,63.5
06/13/2026,08:37:05,18.3,63.5
06/13/2026,08:42:05,18.3,63.3
06/13/2026,08:47:05,18.3,63.4
06/13/2026,08:52:05,18.3,63.2
06/13/2026,08:57:05,18.3,63.2
06/13/2026,09:02:05,18.3,63.3
06/13/2026,09:07:05,18.3,63.3
06/13/2026,09:12:05,18.3,63.3
06/13/2026,09:17:05,18.3,63.2
06/13/2026,09:22:05,18.3,63.2
06/13/2026,09:27:05,18.3,63.3
06/13/2026,09:32:05,18.3,63.3
06/13/2026,09:37:05,18.3,63.3
06/13/2026,09:42:05,18.4,63.4
06/13/2026,09:47:05,18.3,63.3
06/13/2026,09:52:05,18.4,63.3
06/13/2026,09:57:05,18.4,63.4
06/13/2026,10:02:05,18.5,63.3
06/13/2026,10:07:05,18.5,63.3
06/13/2026,10:12:05,18.5,63.3
06/13/2026,10:17:05,18.5,63.1
06/13/2026,10:22:05,18.5,63.2
06/13/2026,10:27:05,18.6,63.2
06/13/2026,10:32:05,18.7,63.4
06/13/2026,10:37:05,18.7,63.4
06/13/2026,10:42:05,18.8,63.6
06/13/2026,10:47:05,18.9,63.3
06/13/2026,10:52:05,19.0,60.7
06/13/2026,10:57:05,18.9,61.5
06/13/2026,11:02:05,19.0,61.8
06/13/2026,11:07:05,19.0,61.9
06/13/2026,11:12:05,19.1,61.8
06/13/2026,11:17:05,19.1,61.7
06/13/2026,11:22:05,19.2,61.3
06/13/2026,11:27:05,19.2,61.1
06/13/2026,11:32:05,19.2,60.9
06/13/2026,11:37:05,19.3,60.7
06/13/2026,11:42:05,19.3,60.5
06/13/2026,11:47:05,19.3,60.3
06/13/2026,11:52:05,19.3,60.0
06/13/2026,11:57:05,19.3,59.7
06/13/2026,12:02:05,19.3,59.4
06/13/2026,12:07:05,19.2,58.9
06/13/2026,12:12:05,19.2,58.8
06/13/2026,12:17:05,19.2,58.6
06/13/2026,12:22:05,19.2,58.3
06/13/2026,12:27:05,19.2,58.1
06/13/2026,12:32:05,19.1,57.9
06/13/2026,12:37:05,19.1,57.8
06/13/2026,12:42:05,19.1,57.7
06/13/2026,12:47:05,19.1,57.6
06/13/2026,12:52:05,19.1,57.6
06/13/2026,12:57:05,19.1,57.7
06/13/2026,13:02:05,19.1,57.5
06/13/2026,13:07:05,19.1,57.6
06/13/2026,13:12:05,19.1,57.7
06/13/2026,13:17:05,19.1,57.7
06/13/2026,13:22:05,19.0,57.7
06/13/2026,13:27:05,19.1,57.7
06/13/2026,13:32:05,19.0,57.6
06/13/2026,13:37:05,19.0,57.6
06/13/2026,13:42:05,19.0,57.9
06/13/2026,13:47:05,19.0,58.0
06/13/2026,13:52:05,19.0,58.2
06/13/2026,13:57:05,19.0,58.1
06/13/2026,14:02:05,19.1,58.0
06/13/2026,14:07:05,19.1,57.9
06/13/2026,14:12:05,19.1,57.9
06/13/2026,14:17:05,19.1,57.9
06/13/2026,14:22:05,19.1,57.8
06/13/2026,14:27:05,19.1,57.9
06/13/2026,14:32:05,19.1,57.8
06/13/2026,14:37:05,19.2,57.8
06/13/2026,14:42:05,19.1,57.6
06/13/2026,14:47:05,19.2,57.4
06/13/2026,14:52:05,19.2,57.3
06/13/2026,14:57:05,19.2,57.3
06/13/2026,15:02:05,19.2,57.3
06/13/2026,15:07:05,19.2,57.3
06/13/2026,15:12:05,19.2,57.3
06/13/2026,15:17:05,19.2,57.3
06/13/2026,15:22:05,19.2,57.3
06/13/2026,15:27:05,19.3,57.3
06/13/2026,15:32:05,19.3,57.4
06/13/2026,15:37:05,19.3,57.3
06/13/2026,15:42:05,19.3,57.4
06/13/2026,15:47:05,19.3,57.5
06/13/2026,15:52:05,19.3,57.4
06/13/2026,15:57:05,19.3,57.4
06/13/2026,16:02:05,19.3,57.5
06/13/2026,16:07:05,19.3,57.5
06/13/2026,16:12:05,19.3,57.4
06/13/2026,16:17:05,19.3,57.3
06/13/2026,16:22:05,19.3,57.2
06/13/2026,16:27:05,19.3,57.2
06/13/2026,16:32:05,19.3,57.1
06/13/2026,16:37:05,19.4,57.1
06/13/2026,16:42:05,19.4,57.0
06/13/2026,16:47:05,19.4,57.0
06/13/2026,16:52:05,19.4,57.0
06/13/2026,16:57:05,19.5,56.9
06/13/2026,17:02:05,19.4,57.0
06/13/2026,17:07:05,19.5,56.9
06/13/2026,17:12:05,19.5,57.0
06/13/2026,17:17:05,19.5,57.1
06/13/2026,17:22:05,19.5,57.0
06/13/2026,17:27:05,19.5,56.9
06/13/2026,17:32:05,19.5,56.9
06/13/2026,17:37:05,19.5,56.8
06/13/2026,17:42:05,19.5,56.7
06/13/2026,17:47:05,19.5,56.6
06/13/2026,17:52:05,19.6,56.4
06/13/2026,17:57:05,19.5,56.2
06/13/2026,18:02:05,19.6,56.0
06/13/2026,18:07:05,19.6,55.6
06/13/2026,18:12:05,19.6,56.0
06/13/2026,18:17:05,19.6,56.4
06/13/2026,18:22:05,19.6,56.2
06/13/2026,18:27:05,19.7,56.2
06/13/2026,18:32:05,19.7,56.3
06/13/2026,18:37:05,19.8,56.2
06/13/2026,18:42:05,19.9,56.2
06/13/2026,18:47:05,19.8,56.1
06/13/2026,18:52:05,19.9,55.9
06/13/2026,18:57:05,19.9,55.8
06/13/2026,19:02:05,19.9,55.7
06/13/2026,19:07:05,19.9,55.6
06/13/2026,19:12:05,19.9,55.6
06/13/2026,19:17:05,19.9,55.7
06/13/2026,19:22:05,19.8,55.5
06/13/2026,19:27:05,19.9,55.5
06/13/2026,19:32:05,19.9,55.7
06/13/2026,19:37:05,19.8,55.8
06/13/2026,19:42:05,19.9,57.2
06/13/2026,19:47:05,19.9,57.0
06/13/2026,19:52:05,19.9,56.6
06/13/2026,19:57:05,19.9,56.5
06/13/2026,20:02:05,20.0,56.4
06/13/2026,20:07:05,20.0,56.6
06/13/2026,20:12:05,20.0,56.8
06/13/2026,20:17:05,20.0,56.7
06/13/2026,20:22:05,20.0,56.5
06/13/2026,20:27:05,20.0,56.5
06/13/2026,20:32:05,19.9,56.5
06/13/2026,20:37:05,19.9,56.3
06/13/2026,20:42:05,19.9,56.3
06/13/2026,20:47:05,19.9,56.3
06/13/2026,20:52:05,19.9,55.6
06/13/2026,20:57:05,19.8,55.7
06/13/2026,21:02:05,19.8,55.9
06/13/2026,21:07:05,19.8,56.0
06/13/2026,21:12:05,19.7,55.7
06/13/2026,21:17:05,19.7,55.7
06/13/2026,21:22:05,19.7,55.7
06/13/2026,21:27:05,19.7,55.7
06/13/2026,21:32:05,19.7,55.7
06/13/2026,21:37:05,19.7,55.7
06/13/2026,21:42:05,19.7,55.7
06/13/2026,21:47:05,19.6,55.8
06/13/2026,21:52:05,19.6,55.8
06/13/2026,21:57:05,19.6,55.8
06/13/2026,22:02:05,19.6,55.8
06/13/2026,22:07:05,19.6,55.8
06/13/2026,22:12:05,19.6,55.8
06/13/2026,22:17:05,19.6,55.8
06/13/2026,22:22:05,19.6,55.8
06/13/2026,22:27:05,19.5,55.8
06/13/2026,22:32:05,19.5,55.8
06/13/2026,22:37:05,19.5,55.7
06/13/2026,22:42:05,19.5,55.7
06/13/2026,22:47:05,19.5,55.8
06/13/2026,22:52:05,19.5,55.7
06/13/2026,22:57:05,19.5,55.7
06/13/2026,23:02:05,19.4,55.6
06/13/2026,23:07:05,19.4,55.7
06/13/2026,23:12:05,19.4,55.7
06/13/2026,23:17:05,19.4,55.6
06/13/2026,23:22:05,19.4,55.6
06/13/2026,23:27:05,19.4,55.6
06/13/2026,23:32:05,19.4,55.6
06/13/2026,23:37:05,19.3,55.6
06/13/2026,23:42:05,19.3,55.6
06/13/2026,23:47:05,19.3,55.6
06/13/2026,23:52:05,19.3,55.6
06/13/2026,23:57:05,19.3,55.6
06/14/2026,00:02:05,19.3,55.6
06/14/2026,00:07:05,19.3,55.6
06/14/2026,00:12:05,19.3,55.6
06/14/2026,00:17:05,19.3,55.6
06/14/2026,00:22:05,19.3,55.6
06/14/2026,00:27:05,19.3,55.6
06/14/2026,00:32:05,19.2,55.5
06/14/2026,00:37:05,19.2,55.5
06/14/2026,00:42:05,19.2,55.5
06/14/2026,00:47:05,19.2,55.5
06/14/2026,00:52:05,19.2,55.5
06/14/2026,00:57:05,19.2,55.5
06/14/2026,01:02:05,19.2,55.5
06/14/2026,01:07:05,19.2,55.5
06/14/2026,01:12:05,19.2,55.5
06/14/2026,01:17:05,19.2,55.5
06/14/2026,01:22:05,19.2,55.5
06/14/2026,01:27:05,19.2,55.5
06/14/2026,01:32:05,19.1,55.5
06/14/2026,01:37:05,19.1,55.5
06/14/2026,01:42:05,19.1,55.5
06/14/2026,01:47:05,19.1,55.5
06/14/2026,01:52:05,19.1,55.5
06/14/2026,01:57:05,19.1,55.5
06/14/2026,02:02:05,19.1,55.5
06/14/2026,02:07:05,19.1,55.4
06/14/2026,02:12:05,19.0,55.4
06/14/2026,02:17:05,19.0,55.4
06/14/2026,02:22:05,19.0,55.4
06/14/2026,02:27:05,19.0,55.4
06/14/2026,02:32:05,19.0,55.4
06/14/2026,02:37:05,19.0,55.4
06/14/2026,02:42:05,19.0,55.5
06/14/2026,02:47:05,19.0,55.4
06/14/2026,02:52:05,18.9,55.5
06/14/2026,02:57:05,18.9,55.5
06/14/2026,03:02:05,18.9,55.4
06/14/2026,03:07:05,18.9,55.4
06/14/2026,03:12:05,18.9,55.4
06/14/2026,03:17:05,18.9,55.5
06/14/2026,03:22:05,18.9,55.4
06/14/2026,03:27:05,18.9,55.4
06/14/2026,03:32:05,18.9,55.5
06/14/2026,03:37:05,18.8,55.5
06/14/2026,03:42:05,18.8,55.5
06/14/2026,03:47:05,18.8,55.5
06/14/2026,03:52:05,18.8,55.5
06/14/2026,03:57:05,18.8,55.5
06/14/2026,04:02:05,18.8,55.5
06/14/2026,04:07:05,18.8,55.5
06/14/2026,04:12:05,18.8,55.5
06/14/2026,04:17:05,18.7,55.5
06/14/2026,04:22:05,18.7,55.5
06/14/2026,04:27:05,18.7,55.4
06/14/2026,04:32:05,18.7,55.5
06/14/2026,04:37:05,18.7,55.5
06/14/2026,04:42:05,18.7,55.4
06/14/2026,04:47:05,18.7,55.5
06/14/2026,04:52:05,18.7,55.5
06/14/2026,04:57:05,18.6,55.5
06/14/2026,05:02:05,18.6,55.5
06/14/2026,05:07:05,18.6,55.5
06/14/2026,05:12:05,18.6,55.5
06/14/2026,05:17:05,18.6,55.5
06/14/2026,05:22:05,18.6,55.5
06/14/2026,05:27:05,18.6,55.5
06/14/2026,05:32:05,18.6,55.5
06/14/2026,05:37:05,18.6,55.5
06/14/2026,05:42:05,18.5,55.5
06/14/2026,05:47:05,18.5,55.5
06/14/2026,05:52:05,18.5,55.5
06/14/2026,05:57:05,18.5,55.5
06/14/2026,06:02:05,18.5,55.5
06/14/2026,06:07:05,18.5,55.6
06/14/2026,06:12:05,18.5,55.5
06/14/2026,06:17:05,18.5,55.6
06/14/2026,06:22:05,18.5,55.6
06/14/2026,06:27:05,18.5,55.6
06/14/2026,06:32:05,18.5,55.6
06/14/2026,06:37:05,18.5,55.6
06/14/2026,06:42:05,18.5,55.6
06/14/2026,06:47:05,18.5,55.6
06/14/2026,06:52:05,18.5,55.7
06/14/2026,06:57:05,18.5,55.6
06/14/2026,07:02:05,18.5,55.6
06/14/2026,07:07:05,18.5,55.7
06/14/2026,07:12:05,18.5,55.7
06/14/2026,07:17:05,18.5,55.7
06/14/2026,07:22:05,18.5,55.7
06/14/2026,07:27:05,18.5,55.8
06/14/2026,07:32:05,18.5,55.7
06/14/2026,07:37:05,18.5,55.8
06/14/2026,07:42:05,18.5,55.9
06/14/2026,07:47:05,18.5,56.0
06/14/2026,07:52:05,18.5,56.0
06/14/2026,07:57:05,18.5,56.0
06/14/2026,08:02:05,18.5,56.1
06/14/2026,08:07:05,18.6,56.4
06/14/2026,08:12:05,18.6,56.6
06/14/2026,08:17:05,18.7,56.8
06/14/2026,08:22:05,18.8,57.0
06/14/2026,08:27:05,18.8,57.2
06/14/2026,08:32:05,18.9,57.4
06/14/2026,08:37:05,19.0,57.6
06/14/2026,08:42:05,19.0,57.8
06/14/2026,08:47:05,19.1,58.0
06/14/2026,08:52:05,19.1,58.1
06/14/2026,08:57:05,19.2,58.1
06/14/2026,09:02:05,19.2,58.2
06/14/2026,09:07:05,19.2,58.1
06/14/2026,09:12:05,19.2,57.3
06/14/2026,09:17:05,19.2,57.6
06/14/2026,09:22:05,19.1,57.7
06/14/2026,09:27:05,19.2,57.8
06/14/2026,09:32:05,19.2,57.8
06/14/2026,09:37:05,19.2,57.8
06/14/2026,09:42:05,19.2,58.0
06/14/2026,09:47:05,19.2,58.7
06/14/2026,09:52:05,19.3,58.7
06/14/2026,09:57:05,19.4,58.8
06/14/2026,10:02:05,19.4,58.8
06/14/2026,10:07:05,19.5,59.2
06/14/2026,10:12:05,19.5,59.1
06/14/2026,10:17:05,19.5,59.1
06/14/2026,10:22:05,19.6,59.2
06/14/2026,10:27:05,19.6,59.4
06/14/2026,10:32:05,19.7,59.4
06/14/2026,10:37:05,19.7,59.2
06/14/2026,10:42:05,19.7,59.3
06/14/2026,10:47:05,19.7,58.1
06/14/2026,10:52:05,19.7,59.1
06/14/2026,10:57:05,19.7,59.0
06/14/2026,11:02:05,19.7,59.1
06/14/2026,11:07:05,19.7,59.2
06/14/2026,11:12:05,19.7,59.0
06/14/2026,11:17:05,19.7,58.8
06/14/2026,11:22:05,19.7,58.7
06/14/2026,11:27:05,19.8,58.9
06/14/2026,11:32:05,19.8,59.2
06/14/2026,11:37:05,19.9,59.3
06/14/2026,11:42:05,19.9,59.4
06/14/2026,11:47:05,20.0,59.5
06/14/2026,11:52:05,20.0,59.7
06/14/2026,11:57:05,20.1,59.6
06/14/2026,12:02:05,20.2,59.7
06/14/2026,12:07:05,20.2,59.6
06/14/2026,12:12:05,20.2,59.6
06/14/2026,12:17:05,20.3,59.8
06/14/2026,12:22:05,20.4,59.9
06/14/2026,12:27:05,20.4,59.8
06/14/2026,12:32:05,20.5,59.8
06/14/2026,12:37:05,20.5,59.8
06/14/2026,12:42:05,20.5,59.7
06/14/2026,12:47:05,20.5,59.6
06/14/2026,12:52:05,20.4,59.5
06/14/2026,12:57:05,20.4,58.9
06/14/2026,13:02:05,20.3,59.1
06/14/2026,13:07:05,20.3,58.5
06/14/2026,13:12:05,20.2,58.5
06/14/2026,13:17:05,20.2,58.4
06/14/2026,13:22:05,20.2,58.4
06/14/2026,13:27:05,20.2,58.7
06/14/2026,13:32:05,20.2,59.0
06/14/2026,13:37:05,20.2,58.5
06/14/2026,13:42:05,20.2,58.4
06/14/2026,13:47:05,20.2,58.2
06/14/2026,13:52:05,20.2,58.2
06/14/2026,13:57:05,20.1,58.1
06/14/2026,14:02:05,20.1,58.0
06/14/2026,14:07:05,20.1,58.0
06/14/2026,14:12:05,20.1,57.9
06/14/2026,14:17:05,20.1,58.0
06/14/2026,14:22:05,20.1,57.9
06/14/2026,14:27:05,20.1,57.9
06/14/2026,14:32:05,20.1,58.0
06/14/2026,14:37:05,20.1,57.9
06/14/2026,14:42:05,20.1,57.8
06/14/2026,14:47:05,20.1,57.9
06/14/2026,14:52:05,20.1,57.8
06/14/2026,14:57:05,20.1,57.8
06/14/2026,15:02:05,20.0,57.7
06/14/2026,15:07:05,20.0,57.7
06/14/2026,15:12:05,20.0,57.6
06/14/2026,15:17:05,20.0,57.5
06/14/2026,15:22:05,20.0,57.4
06/14/2026,15:27:05,20.0,57.5
06/14/2026,15:32:05,20.0,57.4
06/14/2026,15:37:05,20.0,57.3
06/14/2026,15:42:05,20.0,57.3
06/14/2026,15:47:05,20.0,57.2
06/14/2026,15:52:05,20.0,57.2
06/14/2026,15:57:05,20.0,57.1
06/14/2026,16:02:05,20.0,57.1
06/14/2026,16:07:05,20.0,57.0
06/14/2026,16:12:05,20.0,57.0
06/14/2026,16:17:05,20.0,56.9
06/14/2026,16:22:05,20.0,56.9
06/14/2026,16:27:05,19.9,56.9
06/14/2026,16:32:05,19.9,56.8
06/14/2026,16:37:05,19.9,56.9
06/14/2026,16:42:05,19.9,56.9
06/14/2026,16:47:05,19.9,56.8
06/14/2026,16:52:05,19.9,56.8
06/14/2026,16:57:05,19.9,56.8
06/14/2026,17:02:05,19.9,56.7
06/14/2026,17:07:05,19.9,56.6
06/14/2026,17:12:05,19.9,56.6
06/14/2026,17:17:05,19.9,56.5
06/14/2026,17:22:05,19.9,56.4
06/14/2026,17:27:05,19.8,56.4
06/14/2026,17:32:05,19.8,56.4
06/14/2026,17:37:05,19.9,56.4
06/14/2026,17:42:05,19.8,56.3
06/14/2026,17:47:05,19.8,56.3
06/14/2026,17:52:05,19.8,56.2
06/14/2026,17:57:05,19.8,56.0
06/14/2026,18:02:05,19.8,56.1
06/14/2026,18:07:05,19.8,55.9
06/14/2026,18:12:05,19.8,56.0
06/14/2026,18:17:05,19.8,55.9
06/14/2026,18:22:05,19.8,56.0
06/14/2026,18:27:05,19.8,55.9
06/14/2026,18:32:05,19.8,55.9
06/14/2026,18:37:05,19.8,55.9
06/14/2026,18:42:05,19.8,55.8
06/14/2026,18:47:05,19.8,55.8
06/14/2026,18:52:05,19.8,55.8
06/14/2026,18:57:05,19.8,55.8
06/14/2026,19:02:05,19.8,55.7
06/14/2026,19:07:05,19.7,55.7
06/14/2026,19:12:05,19.8,55.6
06/14/2026,19:17:05,19.8,55.4
06/14/2026,19:22:05,19.7,55.3
06/14/2026,19:27:05,19.7,55.3
06/14/2026,19:32:05,19.7,55.3
06/14/2026,19:37:05,19.7,55.2
06/14/2026,19:42:05,19.7,55.1
06/14/2026,19:47:05,19.7,55.2
06/14/2026,19:52:05,19.7,55.1
06/14/2026,19:57:05,19.6,55.1
06/14/2026,20:02:05,19.7,55.1
06/14/2026,20:07:05,19.7,55.2
06/14/2026,20:12:05,19.6,55.2
06/14/2026,20:17:05,19.6,55.1
06/14/2026,20:22:05,19.6,55.1
06/14/2026,20:27:05,19.6,55.1
06/14/2026,20:32:05,19.6,55.0
06/14/2026,20:37:05,19.6,55.0
06/14/2026,20:42:05,19.6,55.0
06/14/2026,20:47:05,19.6,54.9
06/14/2026,20:52:05,19.6,55.0
06/14/2026,20:57:05,19.6,55.0
06/14/2026,21:02:05,19.6,54.9
06/14/2026,21:07:05,19.6,55.0
06/14/2026,21:12:05,19.5,55.0
06/14/2026,21:17:05,19.5,55.0
06/14/2026,21:22:05,19.5,55.0
06/14/2026,21:27:05,19.5,55.0
06/14/2026,21:32:05,19.5,55.0
06/14/2026,21:37:05,19.5,55.1
06/14/2026,21:42:05,19.5,55.1
06/14/2026,21:47:05,19.5,55.1
06/14/2026,21:52:05,19.5,55.0
06/14/2026,21:57:05,19.4,55.0
06/14/2026,22:02:05,19.4,54.9
06/14/2026,22:07:05,19.4,54.8
06/14/2026,22:12:05,19.4,54.8
06/14/2026,22:17:05,19.4,54.8
06/14/2026,22:22:05,19.4,54.7
06/14/2026,22:27:05,19.4,54.6
06/14/2026,22:32:05,19.3,54.5
06/14/2026,22:37:05,19.3,54.6
06/14/2026,22:42:05,19.3,54.5
06/14/2026,22:47:05,19.3,54.4
06/14/2026,22:52:05,19.3,54.4
06/14/2026,22:57:05,19.3,54.5
06/14/2026,23:02:05,19.3,54.3
06/14/2026,23:07:05,19.2,54.4
06/14/2026,23:12:05,19.3,54.3
06/14/2026,23:17:05,19.2,54.3
06/14/2026,23:22:05,19.2,54.2
06/14/2026,23:27:05,19.2,54.2
06/14/2026,23:32:05,19.2,54.1
06/14/2026,23:37:05,19.2,54.1
06/14/2026,23:42:05,19.2,54.0
06/14/2026,23:47:05,19.2,54.1
06/14/2026,23:52:05,19.2,54.0
06/14/2026,23:57:05,19.1,54.1
06/15/2026,00:02:05,19.1,54.0
06/15/2026,00:07:05,19.1,54.0
06/15/2026,00:12:05,19.1,54.0
06/15/2026,00:17:05,19.1,54.0
06/15/2026,00:22:05,19.1,54.0
06/15/2026,00:27:05,19.0,53.9
06/15/2026,00:32:05,19.0,53.9
06/15/2026,00:37:05,19.1,53.9
06/15/2026,00:42:05,19.0,53.9
06/15/2026,00:47:05,19.0,53.9
06/15/2026,00:52:05,19.0,53.9
06/15/2026,00:57:05,19.0,53.9
06/15/2026,01:02:05,18.9,53.9
06/15/2026,01:07:05,18.9,53.9
06/15/2026,01:12:05,18.9,53.8
06/15/2026,01:17:05,18.9,53.8
06/15/2026,01:22:05,18.9,53.8
06/15/2026,01:27:05,18.9,53.8
06/15/2026,01:32:05,18.9,53.8
06/15/2026,01:37:05,18.8,53.8
06/15/2026,01:42:05,18.8,53.8
06/15/2026,01:47:05,18.8,53.9
06/15/2026,01:52:05,18.8,53.9
06/15/2026,01:57:05,18.8,53.9
06/15/2026,02:02:05,18.8,54.0
06/15/2026,02:07:05,18.8,54.0
06/15/2026,02:12:05,18.7,54.0
06/15/2026,02:17:05,18.7,54.0
06/15/2026,02:22:05,18.7,54.1
06/15/2026,02:27:05,18.7,54.1
06/15/2026,02:32:05,18.7,54.2
06/15/2026,02:37:05,18.7,54.2
06/15/2026,02:42:05,18.7,54.3
06/15/2026,02:47:05,18.7,54.3
06/15/2026,02:52:05,18.6,54.4
06/15/2026,02:57:05,18.6,54.4
06/15/2026,03:02:05,18.6,54.5
06/15/2026,03:07:05,18.6,54.5
06/15/2026,03:12:05,18.6,54.6
06/15/2026,03:17:05,18.6,54.6
06/15/2026,03:22:05,18.6,54.6
06/15/2026,03:27:05,18.5,54.7
06/15/2026,03:32:05,18.5,54.7
06/15/2026,03:37:05,18.5,54.8
06/15/2026,03:42:05,18.5,54.8
06/15/2026,03:47:05,18.5,54.8
06/15/2026,03:52:05,18.5,54.8
06/15/2026,03:57:05,18.5,54.8
06/15/2026,04:02:05,18.4,54.8
06/15/2026,04:07:05,18.5,54.9
06/15/2026,04:12:05,18.4,54.9
06/15/2026,04:17:05,18.4,54.9
06/15/2026,04:22:05,18.4,54.9
06/15/2026,04:27:05,18.4,54.9
06/15/2026,04:32:05,18.4,55.0
06/15/2026,04:37:05,18.3,54.9
06/15/2026,04:42:05,18.3,55.0
06/15/2026,04:47:05,18.3,55.0
06/15/2026,04:52:05,18.3,55.1
06/15/2026,04:57:05,18.3,55.1
06/15/2026,05:02:05,18.3,55.1
06/15/2026,05:07:05,18.3,55.2
06/15/2026,05:12:05,18.3,55.2
06/15/2026,05:17:05,18.2,55.2
06/15/2026,05:22:05,18.3,55.3
06/15/2026,05:27:05,18.2,55.3
06/15/2026,05:32:05,18.2,55.4
06/15/2026,05:37:05,18.2,55.4
06/15/2026,05:42:05,18.2,55.5
06/15/2026,05:47:05,18.2,55.5
06/15/2026,05:52:05,18.2,55.5
06/15/2026,05:57:05,18.2,55.6
06/15/2026,06:02:05,18.2,55.6
06/15/2026,06:07:05,18.2,55.6
06/15/2026,06:12:05,18.2,55.7
06/15/2026,06:17:05,18.2,55.7
06/15/2026,06:22:05,18.2,55.8
06/15/2026,06:27:05,18.2,55.8
06/15/2026,06:32:05,18.2,55.9
06/15/2026,06:37:05,18.2,55.9
06/15/2026,06:42:05,18.2,55.9
06/15/2026,06:47:05,18.2,55.9
06/15/2026,06:52:05,18.2,56.1
06/15/2026,06:57:05,18.2,56.0
06/15/2026,07:02:05,18.2,56.1
06/15/2026,07:07:05,18.3,56.1
06/15/2026,07:12:05,18.3,56.1
06/15/2026,07:17:05,18.3,56.1
06/15/2026,07:22:05,18.3,56.1
06/15/2026,07:27:05,18.3,56.2
06/15/2026,07:32:05,18.3,56.2
06/15/2026,07:37:05,18.3,56.2
06/15/2026,07:42:05,18.3,56.1
06/15/2026,07:47:05,18.3,56.2
06/15/2026,07:52:05,18.3,56.1
06/15/2026,07:57:05,18.3,56.2
06/15/2026,08:02:05,18.4,56.1
06/15/2026,08:07:05,18.4,56.2
06/15/2026,08:12:05,18.4,56.2
06/15/2026,08:17:05,18.4,56.3
06/15/2026,08:22:05,18.4,56.3
06/15/2026,08:27:05,18.4,56.3
06/15/2026,08:32:05,18.4,56.3
06/15/2026,08:37:05,18.4,56.3
06/15/2026,08:42:05,18.4,56.3
06/15/2026,08:47:05,18.4,56.3
06/15/2026,08:52:05,18.4,56.3
06/15/2026,08:57:05,18.4,56.3
06/15/2026,09:02:05,18.4,56.3
06/15/2026,09:07:05,18.4,56.3
06/15/2026,09:12:05,18.4,56.4
06/15/2026,09:17:05,18.4,56.4
06/15/2026,09:22:05,18.4,56.4
06/15/2026,09:27:05,18.4,56.4
06/15/2026,09:32:05,18.4,56.4
06/15/2026,09:37:05,18.4,56.4
06/15/2026,09:42:05,18.5,56.7
06/15/2026,09:47:05,18.5,56.7
06/15/2026,09:52:05,18.5,56.7
06/15/2026,09:57:05,18.5,56.7
06/15/2026,10:02:05,18.5,56.8
06/15/2026,10:07:05,18.6,56.9
06/15/2026,10:12:05,18.6,57.0
06/15/2026,10:17:05,18.6,57.0
06/15/2026,10:22:05,18.6,57.0
06/15/2026,10:27:05,18.6,57.0
06/15/2026,10:32:05,18.6,57.0
06/15/2026,10:37:05,18.6,57.0
06/15/2026,10:42:05,18.6,56.9
06/15/2026,10:47:05,18.6,57.0
06/15/2026,10:52:05,18.6,57.0
06/15/2026,10:57:05,18.6,57.0
06/15/2026,11:02:05,18.6,57.0
06/15/2026,11:07:05,18.6,57.0
06/15/2026,11:12:05,18.6,57.1
06/15/2026,11:17:05,18.6,57.1
06/15/2026,11:22:05,18.6,57.1
06/15/2026,11:27:05,18.6,57.1
06/15/2026,11:32:05,18.6,57.1
06/15/2026,11:37:05,18.6,57.1
06/15/2026,11:42:05,18.6,57.1
06/15/2026,11:47:05,18.6,57.1
06/15/2026,11:52:05,18.6,57.1
06/15/2026,11:57:05,18.6,57.1
06/15/2026,12:02:05,18.6,57.1
06/15/2026,12:07:05,18.6,57.1
06/15/2026,12:12:05,18.6,57.1
06/15/2026,12:17:05,18.6,57.1
06/15/2026,12:22:05,18.6,57.1
06/15/2026,12:27:05,18.6,57.1
06/15/2026,12:32:05,18.6,57.2
06/15/2026,12:37:05,18.6,57.2
06/15/2026,12:42:05,18.6,57.2
06/15/2026,12:47:05,18.6,57.2
06/15/2026,12:52:05,18.6,57.2
06/15/2026,12:57:05,18.6,57.2
06/15/2026,13:02:05,18.6,57.2
06/15/2026,13:07:05,18.6,57.3
06/15/2026,13:12:05,18.6,57.3
06/15/2026,13:17:05,18.6,57.3
06/15/2026,13:22:05,18.7,57.3
06/15/2026,13:27:05,18.6,57.3
06/15/2026,13:32:05,18.7,57.3
06/15/2026,13:37:05,18.7,57.4
06/15/2026,13:42:05,18.7,57.4
06/15/2026,13:47:05,18.7,57.4
06/15/2026,13:52:05,18.7,57.5
06/15/2026,13:57:05,18.7,57.5
06/15/2026,14:02:05,18.7,57.5
06/15/2026,14:07:05,18.7,57.6
06/15/2026,14:12:05,18.7,57.6
06/15/2026,14:17:05,18.7,57.6
06/15/2026,14:22:05,18.7,57.6
06/15/2026,14:27:05,18.7,57.7
06/15/2026,14:32:05,18.7,57.7
06/15/2026,14:37:05,18.8,57.7
06/15/2026,14:42:05,18.7,57.8
06/15/2026,14:47:05,18.7,57.8
06/15/2026,14:52:05,18.7,57.8
06/15/2026,14:57:05,18.8,57.8
06/15/2026,15:02:05,18.8,57.9
06/15/2026,15:07:05,18.8,57.9
06/15/2026,15:12:05,18.8,58.0
06/15/2026,15:17:05,18.8,58.0
06/15/2026,15:22:05,18.8,58.0
06/15/2026,15:27:05,18.9,58.0
06/15/2026,15:32:05,18.9,58.0
06/15/2026,15:37:05,18.9,58.1
06/15/2026,15:42:05,18.9,58.0
06/15/2026,15:47:05,18.9,58.1
06/15/2026,15:52:05,18.9,58.0
06/15/2026,15:57:05,18.9,58.1
06/15/2026,16:02:05,19.0,58.1
06/15/2026,16:07:05,19.0,58.1
06/15/2026,16:12:05,19.0,58.1
06/15/2026,16:17:05,19.0,58.1
06/15/2026,16:22:05,19.0,58.1
06/15/2026,16:27:05,19.0,58.2
06/15/2026,16:32:05,19.0,58.2
06/15/2026,16:37:05,19.0,58.2
06/15/2026,16:42:05,19.0,58.2
06/15/2026,16:47:05,19.1,58.2
06/15/2026,16:52:05,19.0,58.2
06/15/2026,16:57:05,19.1,58.2
06/15/2026,17:02:05,19.1,58.2
06/15/2026,17:07:05,19.1,58.3
06/15/2026,17:12:05,19.1,58.3
06/15/2026,17:17:05,19.1,58.3
06/15/2026,17:22:05,19.1,58.3
06/15/2026,17:27:05,19.1,58.3
06/15/2026,17:32:05,19.1,58.3
06/15/2026,17:37:05,19.1,58.3
06/15/2026,17:42:05,19.2,58.6
06/15/2026,17:47:05,19.2,58.5
06/15/2026,17:52:05,19.2,58.4
06/15/2026,17:57:05,19.3,58.3
06/15/2026,18:02:05,19.3,58.3
06/15/2026,18:07:05,19.3,58.5
06/15/2026,18:12:05,19.3,58.6
06/15/2026,18:17:05,19.3,58.6
06/15/2026,18:22:05,19.3,58.7
06/15/2026,18:27:05,19.4,59.0
06/15/2026,18:32:05,19.4,59.1
06/15/2026,18:37:05,19.4,59.2
06/15/2026,18:42:05,19.4,59.3
06/15/2026,18:47:05,19.4,59.6
06/15/2026,18:52:05,19.5,59.8
06/15/2026,18:57:05,19.5,59.9
06/15/2026,19:02:05,19.5,60.1
06/15/2026,19:07:05,19.6,60.5
06/15/2026,19:12:05,19.7,61.0
06/15/2026,19:17:05,19.7,60.8
06/15/2026,19:22:05,19.8,60.8
06/15/2026,19:27:05,19.9,60.8
06/15/2026,19:32:05,19.9,60.8
06/15/2026,19:37:05,19.9,60.4
06/15/2026,19:42:05,19.9,60.3
06/15/2026,19:47:05,20.0,60.8
06/15/2026,19:52:05,20.0,61.3
06/15/2026,19:57:05,20.1,61.4
06/15/2026,20:02:05,20.1,61.5
06/15/2026,20:07:05,20.2,61.5
06/15/2026,20:12:05,20.3,61.3
06/15/2026,20:17:05,20.4,61.0
06/15/2026,20:22:05,20.4,60.9
06/15/2026,20:27:05,20.4,60.4
06/15/2026,20:32:05,20.4,60.7
06/15/2026,20:37:05,20.4,60.6
06/15/2026,20:42:05,20.5,60.5
06/15/2026,20:47:05,20.5,61.0
06/15/2026,20:52:05,20.5,60.4
06/15/2026,20:57:05,20.5,59.7
06/15/2026,21:02:05,20.4,59.8
06/15/2026,21:07:05,20.4,60.0
06/15/2026,21:12:05,20.4,59.3
06/15/2026,21:17:05,20.3,59.4
06/15/2026,21:22:05,20.2,58.7
06/15/2026,21:27:05,20.1,58.4
06/15/2026,21:32:05,20.0,58.2
06/15/2026,21:37:05,20.0,58.2
06/15/2026,21:42:05,19.9,58.1
06/15/2026,21:47:05,19.9,57.9
06/15/2026,21:52:05,19.8,58.0
06/15/2026,21:57:05,19.8,58.1
06/15/2026,22:02:05,19.7,58.1
06/15/2026,22:07:05,19.6,58.3
06/15/2026,22:12:05,19.6,58.7
06/15/2026,22:17:05,19.6,58.8
06/15/2026,22:22:05,19.6,58.8
06/15/2026,22:27:05,19.6,58.7
06/15/2026,22:32:05,19.6,58.6
06/15/2026,22:37:05,19.6,58.6
06/15/2026,22:42:05,19.6,58.6
06/15/2026,22:47:05,19.6,58.6
06/15/2026,22:52:05,19.6,58.5
06/15/2026,22:57:05,19.6,58.5
06/15/2026,23:02:05,19.5,58.5
06/15/2026,23:07:05,19.5,58.5
06/15/2026,23:12:05,19.5,58.5
06/15/2026,23:17:05,19.5,58.5
06/15/2026,23:22:05,19.5,58.5
06/15/2026,23:27:05,19.5,58.5
06/15/2026,23:32:05,19.5,58.5
06/15/2026,23:37:05,19.5,58.5
06/15/2026,23:42:05,19.5,58.5
06/15/2026,23:47:05,19.5,58.6
06/15/2026,23:52:05,19.5,58.6
06/15/2026,23:57:05,19.5,58.6
06/16/2026,00:02:05,19.4,58.6
06/16/2026,00:07:05,19.4,58.6
06/16/2026,00:12:05,19.4,58.6
06/16/2026,00:17:05,19.4,58.6
06/16/2026,00:22:05,19.4,58.6
06/16/2026,00:27:05,19.4,58.6
06/16/2026,00:32:05,19.4,58.6
06/16/2026,00:37:05,19.4,58.6
06/16/2026,00:42:05,19.3,58.7
06/16/2026,00:47:05,19.3,58.7
06/16/2026,00:52:05,19.3,58.7
06/16/2026,00:57:05,19.3,58.6
06/16/2026,01:02:05,19.3,58.7
06/16/2026,01:07:05,19.3,58.7
06/16/2026,01:12:05,19.3,58.7
06/16/2026,01:17:05,19.3,58.7
06/16/2026,01:22:05,19.2,58.7
06/16/2026,01:27:05,19.2,58.7
06/16/2026,01:32:05,19.2,58.7
06/16/2026,01:37:05,19.2,58.7
06/16/2026,01:42:05,19.2,58.8
06/16/2026,01:47:05,19.2,58.8
06/16/2026,01:52:05,19.2,58.8
06/16/2026,01:57:05,19.2,58.8
06/16/2026,02:02:05,19.2,58.8
06/16/2026,02:07:05,19.2,58.8
06/16/2026,02:12:05,19.2,58.8
06/16/2026,02:17:05,19.2,58.8
06/16/2026,02:22:05,19.2,58.8
06/16/2026,02:27:05,19.2,58.8
06/16/2026,02:32:05,19.1,58.8
06/16/2026,02:37:05,19.1,58.9
06/16/2026,02:42:05,19.1,58.8
06/16/2026,02:47:05,19.1,58.8
06/16/2026,02:52:05,19.1,58.8
06/16/2026,02:57:05,19.1,58.8
06/16/2026,03:02:05,19.1,58.8
06/16/2026,03:07:05,19.1,58.8
06/16/2026,03:12:05,19.0,58.8
06/16/2026,03:17:05,19.1,58.8
06/16/2026,03:22:05,19.0,58.8
06/16/2026,03:27:05,19.0,58.8
06/16/2026,03:32:05,19.0,58.8
06/16/2026,03:37:05,19.0,58.8
06/16/2026,03:42:05,19.0,58.8
06/16/2026,03:47:05,19.0,58.8
06/16/2026,03:52:05,19.0,58.8
06/16/2026,03:57:05,19.0,58.8
06/16/2026,04:02:05,19.0,58.8
06/16/2026,04:07:05,19.0,58.8
06/16/2026,04:12:05,19.0,58.8
06/16/2026,04:17:05,19.0,58.9
06/16/2026,04:22:05,18.9,58.8
06/16/2026,04:27:05,18.9,58.9
06/16/2026,04:32:05,18.9,58.8
06/16/2026,04:37:05,18.9,58.9
06/16/2026,04:42:05,18.9,58.8
06/16/2026,04:47:05,18.9,58.9
06/16/2026,04:52:05,18.9,58.9
06/16/2026,04:57:05,18.9,58.9
06/16/2026,05:02:05,18.9,58.9
06/16/2026,05:07:05,18.9,58.9
06/16/2026,05:12:05,18.8,58.8
06/16/2026,05:17:05,18.9,58.9
06/16/2026,05:22:05,18.8,58.9
06/16/2026,05:27:05,18.8,58.9
06/16/2026,05:32:05,18.9,58.9
06/16/2026,05:37:05,18.8,58.9
06/16/2026,05:42:05,18.8,58.9
06/16/2026,05:47:05,18.8,58.9
06/16/2026,05:52:05,18.8,58.9
06/16/2026,05:57:05,18.8,58.9
06/16/2026,06:02:05,18.8,58.9
06/16/2026,06:07:05,18.8,58.8
06/16/2026,06:12:05,18.8,58.9
06/16/2026,06:17:05,18.8,58.9
06/16/2026,06:22:05,18.8,58.9
06/16/2026,06:27:05,18.8,58.9
06/16/2026,06:32:05,18.8,58.9
06/16/2026,06:37:05,18.8,58.9
06/16/2026,06:42:05,18.8,58.9
06/16/2026,06:47:05,18.8,58.9
06/16/2026,06:52:05,18.8,58.9
06/16/2026,06:57:05,18.8,58.9
06/16/2026,07:02:05,18.7,58.9
06/16/2026,07:07:05,18.8,58.9
06/16/2026,07:12:05,18.7,58.9
06/16/2026,07:17:05,18.8,59.0
06/16/2026,07:22:05,18.7,58.9
06/16/2026,07:27:05,18.7,58.9
06/16/2026,07:32:05,18.7,58.9
06/16/2026,07:37:05,18.7,58.9
06/16/2026,07:42:05,18.7,58.9
06/16/2026,07:47:05,18.8,59.0
06/16/2026,07:52:05,18.7,58.9
06/16/2026,07:57:05,18.7,59.0
06/16/2026,08:02:05,18.7,58.9
06/16/2026,08:07:05,18.7,59.0
06/16/2026,08:12:05,18.7,59.0
06/16/2026,08:17:05,18.7,59.0
06/16/2026,08:22:05,18.7,58.9
06/16/2026,08:27:05,18.7,58.9
06/16/2026,08:32:05,18.7,58.9
06/16/2026,08:37:05,18.7,58.9
06/16/2026,08:42:05,18.7,58.9
06/16/2026,08:47:05,18.7,58.9
06/16/2026,08:52:05,18.7,59.0
06/16/2026,08:57:05,18.7,59.0
06/16/2026,09:02:05,18.7,59.0
06/16/2026,09:07:05,18.7,59.0
06/16/2026,09:12:05,18.7,59.0
06/16/2026,09:17:05,18.7,59.0
06/16/2026,09:22:05,18.7,59.0
06/16/2026,09:27:05,18.8,59.1
06/16/2026,09:32:05,18.7,59.1
06/16/2026,09:37:05,18.8,59.1
06/16/2026,09:42:05,18.8,59.1
06/16/2026,09:47:05,18.8,59.1
06/16/2026,09:52:05,18.8,59.1
06/16/2026,09:57:05,18.8,59.1
06/16/2026,10:02:05,18.8,59.1
06/16/2026,10:07:05,18.8,59.1
06/16/2026,10:12:05,18.8,59.2
06/16/2026,10:17:05,18.8,59.2
06/16/2026,10:22:05,18.8,59.2
06/16/2026,10:27:05,18.8,59.2
06/16/2026,10:32:05,18.8,59.2
06/16/2026,10:37:05,18.8,59.2
06/16/2026,10:42:05,18.8,59.2
06/16/2026,10:47:05,18.9,59.2
06/16/2026,10:52:05,18.9,59.1
06/16/2026,10:57:05,18.9,59.2
06/16/2026,11:02:05,18.9,59.2
06/16/2026,11:07:05,18.9,59.2
06/16/2026,11:12:05,18.9,59.2
06/16/2026,11:17:05,19.0,59.2
06/16/2026,11:22:05,19.0,59.2
06/16/2026,11:27:05,19.0,59.3
06/16/2026,11:32:05,19.0,59.3
06/16/2026,11:37:05,19.0,59.3
06/16/2026,11:42:05,19.0,59.3
06/16/2026,11:47:05,19.0,59.4
06/16/2026,11:52:05,19.0,59.5
06/16/2026,11:57:05,19.0,59.6
06/16/2026,12:02:05,19.1,59.7
06/16/2026,12:07:05,19.1,59.6
06/16/2026,12:12:05,19.1,59.7
06/16/2026,12:17:05,19.1,59.9
06/16/2026,12:22:05,19.1,60.0
06/16/2026,12:27:05,19.1,60.1
06/16/2026,12:32:05,19.2,60.2
06/16/2026,12:37:05,19.2,60.5
06/16/2026,12:42:05,19.2,60.9
06/16/2026,12:47:05,19.3,61.0
06/16/2026,12:52:05,19.4,61.1
06/16/2026,12:57:05,19.4,61.2
06/16/2026,13:02:05,19.5,61.3
06/16/2026,13:07:05,19.5,61.4
06/16/2026,13:12:05,19.5,61.6
06/16/2026,13:17:05,19.5,61.4
06/16/2026,13:22:05,19.5,61.5
06/16/2026,13:27:05,19.5,61.6
06/16/2026,13:32:05,19.5,61.7
06/16/2026,13:37:05,19.5,62.0
06/16/2026,13:42:05,19.5,62.1
06/16/2026,13:47:05,19.5,62.5
06/16/2026,13:52:05,19.5,62.7
06/16/2026,13:57:05,19.5,62.9
06/16/2026,14:02:05,19.6,63.0
06/16/2026,14:07:05,19.6,63.3
06/16/2026,14:12:05,19.6,63.4
06/16/2026,14:17:05,19.6,63.6
06/16/2026,14:22:05,19.6,63.8
06/16/2026,14:27:05,19.7,64.1
06/16/2026,14:32:05,19.7,64.2
06/16/2026,14:37:05,19.7,64.3
06/16/2026,14:42:05,19.7,64.4
06/16/2026,14:47:05,19.7,64.6
06/16/2026,14:52:05,19.8,64.7
06/16/2026,14:57:05,19.8,64.7
06/16/2026,15:02:05,19.8,65.2
06/16/2026,15:07:05,19.8,65.0
06/16/2026,15:12:05,19.9,65.3
06/16/2026,15:17:05,19.9,65.3
06/16/2026,15:22:05,19.9,65.3
06/16/2026,15:27:05,19.9,65.8
06/16/2026,15:32:05,19.9,65.9
06/16/2026,15:37:05,19.9,66.3
06/16/2026,15:42:05,19.9,66.3
06/16/2026,15:47:05,20.0,66.6
06/16/2026,15:52:05,20.0,66.6
06/16/2026,15:57:05,20.0,66.8
06/16/2026,16:02:05,20.0,66.8
06/16/2026,16:07:05,20.0,66.8
06/16/2026,16:12:05,20.0,66.8
06/16/2026,16:17:05,20.1,66.6
06/16/2026,16:22:05,20.1,66.4
06/16/2026,16:27:05,20.1,66.6
06/16/2026,16:32:05,20.1,66.9
06/16/2026,16:37:05,20.1,67.1
06/16/2026,16:42:05,20.1,67.2
06/16/2026,16:47:05,20.1,67.1
06/16/2026,16:52:05,20.1,67.1
06/16/2026,16:57:05,20.2,67.2
06/16/2026,17:02:05,20.1,67.1
06/16/2026,17:07:05,20.2,67.4
06/16/2026,17:12:05,20.2,67.1
06/16/2026,17:17:05,20.2,66.9
06/16/2026,17:22:05,20.2,66.9
06/16/2026,17:27:05,20.2,67.1
06/16/2026,17:32:05,20.2,67.1
06/16/2026,17:37:05,20.2,67.1
06/16/2026,17:42:05,20.2,67.0
06/16/2026,17:47:05,20.2,67.0
06/16/2026,17:52:05,20.2,66.9
06/16/2026,17:57:05,20.2,66.8
06/16/2026,18:02:05,20.3,66.8
06/16/2026,18:07:05,20.3,66.8
06/16/2026,18:12:05,20.3,66.6
06/16/2026,18:17:05,20.3,66.6
06/16/2026,18:22:05,20.3,66.5
06/16/2026,18:27:05,20.3,66.4
06/16/2026,18:32:05,20.3,66.2
06/16/2026,18:37:05,20.3,66.3
06/16/2026,18:42:05,20.3,66.3
06/16/2026,18:47:05,20.3,66.2
06/16/2026,18:52:05,20.3,66.2
06/16/2026,18:57:05,20.3,66.1
06/16/2026,19:02:05,20.3,66.0
06/16/2026,19:07:05,20.4,66.2
06/16/2026,19:12:05,20.4,66.4
06/16/2026,19:17:05,20.4,66.2
06/16/2026,19:22:05,20.5,66.0
06/16/2026,19:27:05,20.5,65.9
06/16/2026,19:32:05,20.5,65.9
06/16/2026,19:37:05,20.6,66.0
06/16/2026,19:42:05,20.6,65.8
06/16/2026,19:47:05,20.6,65.8
06/16/2026,19:52:05,20.6,65.8
06/16/2026,19:57:05,20.6,65.8
06/16/2026,20:02:05,20.6,65.8
06/16/2026,20:07:05,20.6,65.9
06/16/2026,20:12:05,20.6,65.8
06/16/2026,20:17:05,20.6,65.8
06/16/2026,20:22:05,20.6,65.8
06/16/2026,20:27:05,20.6,65.9
06/16/2026,20:32:05,20.7,65.9
06/16/2026,20:37:05,20.7,65.9
06/16/2026,20:42:05,20.7,65.8
06/16/2026,20:47:05,20.6,65.9
06/16/2026,20:52:05,20.6,65.9
06/16/2026,20:57:05,20.6,65.8
06/16/2026,21:02:05,20.6,65.8
06/16/2026,21:07:05,20.6,65.8
06/16/2026,21:12:05,20.6,65.7
06/16/2026,21:17:05,20.6,65.7
06/16/2026,21:22:05,20.6,65.7
06/16/2026,21:27:05,20.6,65.6
06/16/2026,21:32:05,20.6,65.7
06/16/2026,21:37:05,20.6,65.6
06/16/2026,21:42:05,20.6,65.5
06/16/2026,21:47:05,20.6,65.5
06/16/2026,21:52:05,20.6,65.5
06/16/2026,21:57:05,20.6,65.5
06/16/2026,22:02:05,20.6,65.4
06/16/2026,22:07:05,20.6,65.4
06/16/2026,22:12:05,20.6,65.4
06/16/2026,22:17:05,20.6,65.4
06/16/2026,22:22:05,20.6,65.4
06/16/2026,22:27:05,20.5,65.4
06/16/2026,22:32:05,20.5,65.4
06/16/2026,22:37:05,20.5,65.3
06/16/2026,22:42:05,20.5,65.3
06/16/2026,22:47:05,20.5,65.3
06/16/2026,22:52:05,20.5,65.3
06/16/2026,22:57:05,20.5,65.3
06/16/2026,23:02:05,20.5,65.3
06/16/2026,23:07:05,20.5,65.3
06/16/2026,23:12:05,20.5,65.3
06/16/2026,23:17:05,20.5,65.3
06/16/2026,23:22:05,20.5,65.3
06/16/2026,23:27:05,20.5,65.3
06/16/2026,23:32:05,20.6,65.3
06/16/2026,23:37:05,20.5,65.2
06/16/2026,23:42:05,20.5,65.2
06/16/2026,23:47:05,20.5,65.2
06/16/2026,23:52:05,20.5,65.2
06/16/2026,23:57:05,20.5,65.2
06/17/2026,00:02:05,20.5,65.2
06/17/2026,00:07:05,20.5,65.2
06/17/2026,00:12:05,20.5,65.1
06/17/2026,00:17:05,20.5,65.2
06/17/2026,00:22:05,20.5,65.2
06/17/2026,00:27:05,20.5,65.1
06/17/2026,00:32:05,20.5,65.1
06/17/2026,00:37:05,20.5,65.1
06/17/2026,00:42:05,20.5,65.1
06/17/2026,00:47:05,20.5,65.1
06/17/2026,00:52:05,20.5,65.0
06/17/2026,00:57:05,20.5,65.0
06/17/2026,01:02:05,20.5,65.0
06/17/2026,01:07:05,20.5,65.0
06/17/2026,01:12:05,20.5,65.0
06/17/2026,01:17:05,20.5,64.9
06/17/2026,01:22:05,20.5,65.0
06/17/2026,01:27:05,20.5,64.9
06/17/2026,01:32:05,20.5,64.9
06/17/2026,01:37:05,20.5,64.9
06/17/2026,01:42:05,20.5,64.9
06/17/2026,01:47:05,20.5,64.9
06/17/2026,01:52:05,20.5,64.8
06/17/2026,01:57:05,20.5,64.8
06/17/2026,02:02:05,20.5,64.8
06/17/2026,02:07:05,20.5,64.8
06/17/2026,02:12:05,20.5,64.8
06/17/2026,02:17:05,20.5,64.7
06/17/2026,02:22:05,20.5,64.7
06/17/2026,02:27:05,20.5,64.7
06/17/2026,02:32:05,20.5,64.7
06/17/2026,02:37:05,20.5,64.7
06/17/2026,02:42:05,20.5,64.6
06/17/2026,02:47:05,20.5,64.6
06/17/2026,02:52:05,20.5,64.6
06/17/2026,02:57:05,20.5,64.6
06/17/2026,03:02:05,20.5,64.6
06/17/2026,03:07:05,20.4,64.6
06/17/2026,03:12:05,20.5,64.6
06/17/2026,03:17:05,20.5,64.5
06/17/2026,03:22:05,20.5,64.5
06/17/2026,03:27:05,20.5,64.5
06/17/2026,03:32:05,20.4,64.5
06/17/2026,03:37:05,20.4,64.5
06/17/2026,03:42:05,20.4,64.5
06/17/2026,03:47:05,20.4,64.5
06/17/2026,03:52:05,20.5,64.4
06/17/2026,03:57:05,20.4,64.4
06/17/2026,04:02:05,20.4,64.4
06/17/2026,04:07:05,20.5,64.4
06/17/2026,04:12:05,20.4,64.4
06/17/2026,04:17:05,20.4,64.4
06/17/2026,04:22:05,20.4,64.3
06/17/2026,04:27:05,20.4,64.3
06/17/2026,04:32:05,20.4,64.3
06/17/2026,04:37:05,20.4,64.3
06/17/2026,04:42:05,20.4,64.3
06/17/2026,04:47:05,20.4,64.3
06/17/2026,04:52:05,20.4,64.2
06/17/2026,04:57:05,20.4,64.2
06/17/2026,05:02:05,20.4,64.2
06/17/2026,05:07:05,20.4,64.2
06/17/2026,05:12:05,20.4,64.2
06/17/2026,05:17:05,20.4,64.2
06/17/2026,05:22:05,20.4,64.2
06/17/2026,05:27:05,20.4,64.2
06/17/2026,05:32:05,20.4,64.2
06/17/2026,05:37:05,20.4,64.1
06/17/2026,05:42:05,20.4,64.1
06/17/2026,05:47:05,20.4,64.1
06/17/2026,05:52:05,20.4,64.2
06/17/2026,05:57:05,20.4,64.2
06/17/2026,06:02:05,20.4,64.2
06/17/2026,06:07:05,20.4,64.1
06/17/2026,06:12:05,20.4,64.2
06/17/2026,06:17:05,20.4,64.2
06/17/2026,06:22:05,20.3,64.2
06/17/2026,06:27:05,20.4,64.2
06/17/2026,06:32:05,20.4,64.2
06/17/2026,06:37:05,20.3,64.2
06/17/2026,06:42:05,20.4,64.2
06/17/2026,06:47:05,20.4,64.2
06/17/2026,06:52:05,20.3,64.2
06/17/2026,06:57:05,20.3,64.2
06/17/2026,07:02:05,20.3,64.2
06/17/2026,07:07:05,20.3,64.2
06/17/2026,07:12:05,20.3,64.3
06/17/2026,07:17:05,20.3,64.2
06/17/2026,07:22:05,20.3,64.2
06/17/2026,07:27:05,20.3,64.3
06/17/2026,07:32:05,20.3,64.3
06/17/2026,07:37:05,20.3,64.2
06/17/2026,07:42:05,20.3,64.3
06/17/2026,07:47:05,20.3,64.3
06/17/2026,07:52:05,20.3,64.4
06/17/2026,07:57:05,20.3,64.4
06/17/2026,08:02:05,20.3,64.4
06/17/2026,08:07:05,20.3,64.4
06/17/2026,08:12:05,20.3,64.4
06/17/2026,08:17:05,20.3,64.3
06/17/2026,08:22:05,20.3,64.3
06/17/2026,08:27:05,20.3,64.4
06/17/2026,08:32:05,20.3,64.4
06/17/2026,08:37:05,20.3,64.4
06/17/2026,08:42:05,20.3,64.4
06/17/2026,08:47:05,20.3,64.3
06/17/2026,08:52:05,20.3,64.4
06/17/2026,08:57:05,20.3,64.4
06/17/2026,09:02:05,20.3,64.4
06/17/2026,09:07:05,20.3,64.4
06/17/2026,09:12:05,20.3,64.4
06/17/2026,09:17:05,20.3,64.4
06/17/2026,09:22:05,20.3,64.4
06/17/2026,09:27:05,20.4,64.5
06/17/2026,09:32:05,20.4,64.6
06/17/2026,09:37:05,20.4,64.8
06/17/2026,09:42:05,20.4,64.8
06/17/2026,09:47:05,20.4,64.8
06/17/2026,09:52:05,20.5,64.7
06/17/2026,09:57:05,20.5,64.7
06/17/2026,10:02:05,20.5,64.8
06/17/2026,10:07:05,20.5,64.7
06/17/2026,10:12:05,20.5,64.8
06/17/2026,10:17:05,20.5,64.8
06/17/2026,10:22:05,20.5,64.9
06/17/2026,10:27:05,20.5,64.9
06/17/2026,10:32:05,20.5,64.9
06/17/2026,10:37:05,20.5,65.0
06/17/2026,10:42:05,20.5,65.1
06/17/2026,10:47:05,20.5,65.1
06/17/2026,10:52:05,20.6,65.1
06/17/2026,10:57:05,20.6,65.2
06/17/2026,11:02:05,20.6,65.2
06/17/2026,11:07:05,20.6,65.2
06/17/2026,11:12:05,20.6,65.2
06/17/2026,11:17:05,20.6,65.2
06/17/2026,11:22:05,20.6,65.2
06/17/2026,11:27:05,20.6,65.2
06/17/2026,11:32:05,20.6,65.2
06/17/2026,11:37:05,20.6,65.3
06/17/2026,11:42:05,20.7,65.4
06/17/2026,11:47:05,20.7,65.5
06/17/2026,11:52:05,20.7,65.5
06/17/2026,11:57:05,20.7,65.7
06/17/2026,12:02:05,20.7,65.7
06/17/2026,12:07:05,20.7,65.6
06/17/2026,12:12:05,20.7,65.7
06/17/2026,12:17:05,20.7,65.7
06/17/2026,12:22:05,20.7,65.8
06/17/2026,12:27:05,20.7,65.9
06/17/2026,12:32:05,20.7,66.1
06/17/2026,12:37:05,20.7,66.1
06/17/2026,12:42:05,20.7,66.1
06/17/2026,12:47:05,20.8,66.3
06/17/2026,12:52:05,20.8,66.3
06/17/2026,12:57:05,20.8,66.4
06/17/2026,13:02:05,20.8,66.4
06/17/2026,13:07:05,20.8,66.5
06/17/2026,13:12:05,20.8,66.5
06/17/2026,13:17:05,20.8,66.7
06/17/2026,13:22:05,20.8,66.7
06/17/2026,13:27:05,20.8,66.7
06/17/2026,13:32:05,20.8,66.7
06/17/2026,13:37:05,20.8,66.7
06/17/2026,13:42:05,20.9,66.8
06/17/2026,13:47:05,20.9,67.0
06/17/2026,13:52:05,20.9,67.1
06/17/2026,13:57:05,20.9,67.2
06/17/2026,14:02:05,20.9,67.2
06/17/2026,14:07:05,20.9,67.3
06/17/2026,14:12:05,20.9,67.3
06/17/2026,14:17:05,20.9,67.3
06/17/2026,14:22:05,21.0,67.3
06/17/2026,14:27:05,21.0,67.2
06/17/2026,14:32:05,21.0,67.4
06/17/2026,14:37:05,21.0,67.4
06/17/2026,14:42:05,21.0,67.4
06/17/2026,14:47:05,21.0,67.5
06/17/2026,14:52:05,21.0,67.5
06/17/2026,14:57:05,21.0,67.5
06/17/2026,15:02:05,21.0,67.6
06/17/2026,15:07:05,21.1,67.6
06/17/2026,15:12:05,21.1,67.5
06/17/2026,15:17:05,21.1,67.5
06/17/2026,15:22:05,21.1,67.8
06/17/2026,15:27:05,21.1,67.9
06/17/2026,15:32:05,21.1,68.0
06/17/2026,15:37:05,21.1,68.0
06/17/2026,15:42:05,21.1,68.0
06/17/2026,15:47:05,21.2,68.0
06/17/2026,15:52:05,21.2,68.1
06/17/2026,15:57:05,21.2,68.2
06/17/2026,16:02:05,21.2,68.4
06/17/2026,16:07:05,21.2,68.6
06/17/2026,16:12:05,21.3,68.7
06/17/2026,16:17:05,21.3,68.7
06/17/2026,16:22:05,21.3,68.8
06/17/2026,16:27:05,21.3,68.8
06/17/2026,16:32:05,21.3,69.0
06/17/2026,16:37:05,21.3,69.0
06/17/2026,16:42:05,21.3,69.0
06/17/2026,16:47:05,21.3,69.0
06/17/2026,16:52:05,21.3,69.1
06/17/2026,16:57:05,21.4,69.1
06/17/2026,17:02:05,21.4,68.9
06/17/2026,17:07:05,21.4,69.0
06/17/2026,17:12:05,21.4,69.1
06/17/2026,17:17:05,21.4,69.3
06/17/2026,17:22:05,21.4,69.3
06/17/2026,17:27:05,21.4,69.3
06/17/2026,17:32:05,21.4,69.4
06/17/2026,17:37:05,21.4,69.4
06/17/2026,17:42:05,21.4,69.4
06/17/2026,17:47:05,21.4,69.5
06/17/2026,17:52:05,21.4,69.4
06/17/2026,17:57:05,21.4,69.5
06/17/2026,18:02:05,21.4,69.5
06/17/2026,18:07:05,21.4,69.5
06/17/2026,18:12:05,21.4,69.5
06/17/2026,18:17:05,21.4,69.5
06/17/2026,18:22:05,21.4,69.5
06/17/2026,18:27:05,21.5,69.6
06/17/2026,18:32:05,21.5,69.6
06/17/2026,18:37:05,21.5,69.6
06/17/2026,18:42:05,21.5,69.7
06/17/2026,18:47:05,21.5,69.5
06/17/2026,18:52:05,21.5,69.6
06/17/2026,18:57:05,21.5,69.5
06/17/2026,19:02:05,21.5,69.5
06/17/2026,19:07:05,21.5,69.6
06/17/2026,19:12:05,21.5,69.9
06/17/2026,19:17:05,21.5,69.7
06/17/2026,19:22:05,21.6,69.7
06/17/2026,19:27:05,21.6,69.7
06/17/2026,19:32:05,21.7,69.7
06/17/2026,19:37:05,21.7,69.8
06/17/2026,19:42:05,21.7,69.9
06/17/2026,19:47:05,21.8,69.9
06/17/2026,19:52:05,21.8,69.9
06/17/2026,19:57:05,21.8,70.0
06/17/2026,20:02:05,21.8,70.0
06/17/2026,20:07:05,21.8,69.9
06/17/2026,20:12:05,21.8,70.0
06/17/2026,20:17:05,21.8,70.0
06/17/2026,20:22:05,21.8,70.0
06/17/2026,20:27:05,21.8,69.9
06/17/2026,20:32:05,21.8,70.0
06/17/2026,20:37:05,21.8,70.0
06/17/2026,20:42:05,21.8,70.0
06/17/2026,20:47:05,21.8,70.0
06/17/2026,20:52:05,21.8,70.0
06/17/2026,20:57:05,21.8,70.0
06/17/2026,21:02:05,21.8,70.0
06/17/2026,21:07:05,21.8,70.0
06/17/2026,21:12:05,21.7,70.0
06/17/2026,21:17:05,21.7,70.0
06/17/2026,21:22:05,21.7,70.0
06/17/2026,21:27:05,21.7,70.0
06/17/2026,21:32:05,21.7,69.9
06/17/2026,21:37:05,21.7,69.9
06/17/2026,21:42:05,21.7,69.9
06/17/2026,21:47:05,21.7,69.8
06/17/2026,21:52:05,21.7,69.8
06/17/2026,21:57:05,21.7,69.8
06/17/2026,22:02:05,21.7,69.8
06/17/2026,22:07:05,21.7,69.8
06/17/2026,22:12:05,21.7,69.7
06/17/2026,22:17:05,21.7,69.8
06/17/2026,22:22:05,21.6,69.7
06/17/2026,22:27:05,21.6,69.7
06/17/2026,22:32:05,21.6,69.7
06/17/2026,22:37:05,21.6,69.7
06/17/2026,22:42:05,21.6,69.6
06/17/2026,22:47:05,21.6,69.6
06/17/2026,22:52:05,21.6,69.6
06/17/2026,22:57:05,21.6,69.6
06/17/2026,23:02:05,21.6,69.5
06/17/2026,23:07:05,21.6,69.5
06/17/2026,23:12:05,21.6,69.5
06/17/2026,23:17:05,21.6,69.5
06/17/2026,23:22:05,21.6,69.4
06/17/2026,23:27:05,21.5,69.4
06/17/2026,23:32:05,21.6,69.4
06/17/2026,23:37:05,21.6,69.4
06/17/2026,23:42:05,21.5,69.4
06/17/2026,23:47:05,21.5,69.3
06/17/2026,23:52:05,21.5,69.3
06/17/2026,23:57:05,21.5,69.3
06/18/2026,00:02:05,21.5,69.3
06/18/2026,00:07:05,21.5,69.2
06/18/2026,00:12:05,21.5,69.2
06/18/2026,00:17:05,21.5,69.2
06/18/2026,00:22:05,21.5,69.1
06/18/2026,00:27:05,21.5,69.1
06/18/2026,00:32:05,21.5,69.1
06/18/2026,00:37:05,21.5,69.1
06/18/2026,00:42:05,21.5,69.0
06/18/2026,00:47:05,21.5,69.0
06/18/2026,00:52:05,21.5,69.0
06/18/2026,00:57:05,21.5,69.0
06/18/2026,01:02:05,21.5,68.9
06/18/2026,01:07:05,21.5,68.9
06/18/2026,01:12:05,21.5,68.9
06/18/2026,01:17:05,21.5,68.9
06/18/2026,01:22:05,21.5,68.9
06/18/2026,01:27:05,21.5,68.8
06/18/2026,01:32:05,21.5,68.8
06/18/2026,01:37:05,21.4,68.8
06/18/2026,01:42:05,21.4,68.7
06/18/2026,01:47:05,21.4,68.7
06/18/2026,01:52:05,21.4,68.7
06/18/2026,01:57:05,21.4,68.7
06/18/2026,02:02:05,21.4,68.7
06/18/2026,02:07:05,21.4,68.6
06/18/2026,02:12:05,21.4,68.6
06/18/2026,02:17:05,21.4,68.6
06/18/2026,02:22:05,21.4,68.5
06/18/2026,02:27:05,21.4,68.5
06/18/2026,02:32:05,21.4,68.5
06/18/2026,02:37:05,21.4,68.4
06/18/2026,02:42:05,21.4,68.4
06/18/2026,02:47:05,21.4,68.4
06/18/2026,02:52:05,21.4,68.4
06/18/2026,02:57:05,21.4,68.3
06/18/2026,03:02:05,21.3,68.3
06/18/2026,03:07:05,21.3,68.3
06/18/2026,03:12:05,21.3,68.2
06/18/2026,03:17:05,21.3,68.2
06/18/2026,03:22:05,21.3,68.2
06/18/2026,03:27:05,21.3,68.2
06/18/2026,03:32:05,21.3,68.1
06/18/2026,03:37:05,21.3,68.1
06/18/2026,03:42:05,21.3,68.1
06/18/2026,03:47:05,21.3,68.1
06/18/2026,03:52:05,21.3,68.0
06/18/2026,03:57:05,21.2,68.0
06/18/2026,04:02:05,21.3,68.0
06/18/2026,04:07:05,21.3,68.0
06/18/2026,04:12:05,21.2,67.9
06/18/2026,04:17:05,21.3,67.9
06/18/2026,04:22:05,21.2,67.9
06/18/2026,04:27:05,21.2,67.9
06/18/2026,04:32:05,21.2,67.9
06/18/2026,04:37:05,21.2,67.8
06/18/2026,04:42:05,21.2,67.8
06/18/2026,04:47:05,21.2,67.8
06/18/2026,04:52:05,21.2,67.8
06/18/2026,04:57:05,21.2,67.7
06/18/2026,05:02:05,21.2,67.8
06/18/2026,05:07:05,21.2,67.7
06/18/2026,05:12:05,21.2,67.7
06/18/2026,05:17:05,21.1,67.7
06/18/2026,05:22:05,21.2,67.7
06/18/2026,05:27:05,21.2,67.6
06/18/2026,05:32:05,21.1,67.6
06/18/2026,05:37:05,21.1,67.6
06/18/2026,05:42:05,21.1,67.6
06/18/2026,05:47:05,21.1,67.6
06/18/2026,05:52:05,21.1,67.5
06/18/2026,05:57:05,21.1,67.5
06/18/2026,06:02:05,21.1,67.5
06/18/2026,06:07:05,21.1,67.5
06/18/2026,06:12:05,21.1,67.4
06/18/2026,06:17:05,21.1,67.5
06/18/2026,06:22:05,21.1,67.4
06/18/2026,06:27:05,21.1,67.4
06/18/2026,06:32:05,21.1,67.4
06/18/2026,06:37:05,21.1,67.4
06/18/2026,06:42:05,21.1,67.4
06/18/2026,06:47:05,21.1,67.3
06/18/2026,06:52:05,21.1,67.3
06/18/2026,06:57:05,21.1,67.3
06/18/2026,07:02:05,21.1,67.3
06/18/2026,07:07:05,21.1,67.3
06/18/2026,07:12:05,21.1,67.3
06/18/2026,07:17:05,21.1,67.2
06/18/2026,07:22:05,21.1,67.3
06/18/2026,07:27:05,21.1,67.3
06/18/2026,07:32:05,21.1,67.2
06/18/2026,07:37:05,21.1,67.2
06/18/2026,07:42:05,21.1,67.2
06/18/2026,07:47:05,21.1,67.2
06/18/2026,07:52:05,21.1,67.2
06/18/2026,07:57:05,21.1,67.2
06/18/2026,08:02:05,21.1,67.2
06/18/2026,08:07:05,21.1,67.1
06/18/2026,08:12:05,21.1,67.1
06/18/2026,08:17:05,21.1,67.1
06/18/2026,08:22:05,21.1,67.1
06/18/2026,08:27:05,21.1,67.1
06/18/2026,08:32:05,21.1,67.1
06/18/2026,08:37:05,21.1,67.1
06/18/2026,08:42:05,21.1,67.1
06/18/2026,08:47:05,21.1,67.1
06/18/2026,08:52:05,21.1,67.1
06/18/2026,08:57:05,21.2,67.1
06/18/2026,09:02:05,21.1,67.0
06/18/2026,09:07:05,21.2,67.0
06/18/2026,09:12:05,21.2,67.0
06/18/2026,09:17:05,21.2,67.1
06/18/2026,09:22:05,21.2,67.0
06/18/2026,09:27:05,21.2,67.1
06/18/2026,09:32:05,21.2,67.1
06/18/2026,09:37:05,21.2,67.2
06/18/2026,09:42:05,21.2,67.3
06/18/2026,09:47:05,21.2,67.2
06/18/2026,09:52:05,21.2,67.2
06/18/2026,09:57:05,21.3,67.2
06/18/2026,10:02:05,21.3,67.3
06/18/2026,10:07:05,21.3,67.3
06/18/2026,10:12:05,21.3,67.3
06/18/2026,10:17:05,21.3,67.3
06/18/2026,10:22:05,21.3,67.3
06/18/2026,10:27:05,21.4,67.3
06/18/2026,10:32:05,21.3,67.4
06/18/2026,10:37:05,21.3,67.3
06/18/2026,10:42:05,21.4,67.4
06/18/2026,10:47:05,21.4,67.4
06/18/2026,10:52:05,21.4,67.4
06/18/2026,10:57:05,21.4,67.4
06/18/2026,11:02:05,21.4,67.5
06/18/2026,11:07:05,21.4,67.5
06/18/2026,11:12:05,21.4,67.6
06/18/2026,11:17:05,21.4,67.7
06/18/2026,11:22:05,21.4,67.6
06/18/2026,11:27:05,21.4,67.6
06/18/2026,11:32:05,21.4,67.6
06/18/2026,11:37:05,21.4,67.7
06/18/2026,11:42:05,21.4,67.7
06/18/2026,11:47:05,21.4,67.7
06/18/2026,11:52:05,21.4,67.7
06/18/2026,11:57:05,21.5,67.8
06/18/2026,12:02:05,21.5,67.8
06/18/2026,12:07:05,21.5,67.8
06/18/2026,12:12:05,21.5,67.8
06/18/2026,12:17:05,21.5,67.8
06/18/2026,12:22:05,21.5,67.8
06/18/2026,12:27:05,21.5,67.9
06/18/2026,12:32:05,21.5,67.9
06/18/2026,12:37:05,21.5,68.0
06/18/2026,12:42:05,21.5,68.0
06/18/2026,12:47:05,21.5,68.0
06/18/2026,12:52:05,21.5,68.1
06/18/2026,12:57:05,21.5,68.0
06/18/2026,13:02:05,21.5,68.0
06/18/2026,13:07:05,21.5,68.1
06/18/2026,13:12:05,21.5,68.1
06/18/2026,13:17:05,21.5,68.0
06/18/2026,13:22:05,21.5,68.1
06/18/2026,13:27:05,21.6,68.1
06/18/2026,13:32:05,21.5,68.2
06/18/2026,13:37:05,21.6,68.2
06/18/2026,13:42:05,21.6,68.3
06/18/2026,13:47:05,21.6,68.4
06/18/2026,13:52:05,21.6,68.6
06/18/2026,13:57:05,21.6,68.7
06/18/2026,14:02:05,21.6,68.7
06/18/2026,14:07:05,21.6,68.8
06/18/2026,14:12:05,21.6,68.9
06/18/2026,14:17:05,21.7,68.8
06/18/2026,14:22:05,21.7,68.9
06/18/2026,14:27:05,21.7,68.9
06/18/2026,14:32:05,21.7,69.0
06/18/2026,14:37:05,21.7,69.0
06/18/2026,14:42:05,21.8,69.1
06/18/2026,14:47:05,21.8,69.2
06/18/2026,14:52:05,21.8,69.2
06/18/2026,14:57:05,21.8,69.3
06/18/2026,15:02:05,21.8,69.4
06/18/2026,15:07:05,21.9,69.4
06/18/2026,15:12:05,21.9,69.4
06/18/2026,15:17:05,21.9,69.4
06/18/2026,15:22:05,21.9,69.5
06/18/2026,15:27:05,21.9,69.5
06/18/2026,15:32:05,22.0,69.6
06/18/2026,15:37:05,22.0,69.5
06/18/2026,15:42:05,22.0,69.6
06/18/2026,15:47:05,22.0,69.6
06/18/2026,15:52:05,22.0,69.7
06/18/2026,15:57:05,22.0,69.7
06/18/2026,16:02:05,22.0,69.8
06/18/2026,16:07:05,22.0,69.8
06/18/2026,16:12:05,22.0,69.8
06/18/2026,16:17:05,22.1,69.8
06/18/2026,16:22:05,22.1,69.8
06/18/2026,16:27:05,22.1,69.7
06/18/2026,16:32:05,22.1,69.8
06/18/2026,16:37:05,22.1,69.8
06/18/2026,16:42:05,22.1,69.8
06/18/2026,16:47:05,22.1,69.8
06/18/2026,16:52:05,22.2,69.8
06/18/2026,16:57:05,22.2,69.8
06/18/2026,17:02:05,22.1,69.9
06/18/2026,17:07:05,22.2,70.0
06/18/2026,17:12:05,22.2,69.9
06/18/2026,17:17:05,22.2,70.0
06/18/2026,17:22:05,22.2,69.9
06/18/2026,17:27:05,22.2,70.0
06/18/2026,17:32:05,22.2,70.0
06/18/2026,17:37:05,22.2,69.9
06/18/2026,17:42:05,22.3,69.9
06/18/2026,17:47:05,22.3,69.9
06/18/2026,17:52:05,22.3,69.9
06/18/2026,17:57:05,22.3,69.9
06/18/2026,18:02:05,22.3,69.9
06/18/2026,18:07:05,22.3,69.9
06/18/2026,18:12:05,22.3,69.9
06/18/2026,18:17:05,22.3,69.9
06/18/2026,18:22:05,22.3,69.9
06/18/2026,18:27:05,22.3,69.8
06/18/2026,18:32:05,22.3,69.8
06/18/2026,18:37:05,22.3,69.9
06/18/2026,18:42:05,22.4,69.9
06/18/2026,18:47:05,22.4,69.9
06/18/2026,18:52:05,22.4,69.9
06/18/2026,18:57:05,22.4,69.9
06/18/2026,19:02:05,22.4,69.8
06/18/2026,19:07:05,22.4,69.8
06/18/2026,19:12:05,22.4,69.8
06/18/2026,19:17:05,22.4,69.8
06/18/2026,19:22:05,22.4,69.8
06/18/2026,19:27:05,22.4,69.7
06/18/2026,19:32:05,22.4,69.7
06/18/2026,19:37:05,22.4,69.7
06/18/2026,19:42:05,22.4,69.7
06/18/2026,19:47:05,22.4,69.7
06/18/2026,19:52:05,22.4,69.7
06/18/2026,19:57:05,22.4,69.8
06/18/2026,20:02:05,22.4,69.8
06/18/2026,20:07:05,22.4,69.7
06/18/2026,20:12:05,22.5,69.7
06/18/2026,20:17:05,22.4,69.7
06/18/2026,20:22:05,22.4,69.7
06/18/2026,20:27:05,22.4,69.7
06/18/2026,20:32:05,22.4,69.7
06/18/2026,20:37:05,22.4,69.7
06/18/2026,20:42:05,22.4,69.7
06/18/2026,20:47:05,22.4,69.7
06/18/2026,20:52:05,22.4,69.7
06/18/2026,20:57:05,22.4,69.6
06/18/2026,21:02:05,22.4,69.7
06/18/2026,21:07:05,22.4,69.7
06/18/2026,21:12:05,22.4,69.7
06/18/2026,21:17:05,22.4,69.7
06/18/2026,21:22:05,22.4,69.7
06/18/2026,21:27:05,22.4,69.7
06/18/2026,21:32:05,22.4,69.6
06/18/2026,21:37:05,22.4,69.6
06/18/2026,21:42:05,22.4,69.6
06/18/2026,21:47:05,22.4,69.5
06/18/2026,21:52:05,22.4,69.5
06/18/2026,21:57:05,22.4,69.5
06/18/2026,22:02:05,22.4,69.5
06/18/2026,22:07:05,22.4,69.4
06/18/2026,22:12:05,22.4,69.4
06/18/2026,22:17:05,22.4,69.4
06/18/2026,22:22:05,22.4,69.4
06/18/2026,22:27:05,22.4,69.3
06/18/2026,22:32:05,22.4,69.3
06/18/2026,22:37:05,22.4,69.3
06/18/2026,22:42:05,22.4,69.3
06/18/2026,22:47:05,22.4,69.3
06/18/2026,22:52:05,22.4,69.2
06/18/2026,22:57:05,22.4,69.2
06/18/2026,23:02:05,22.4,69.2
06/18/2026,23:07:05,22.4,69.2
06/18/2026,23:12:05,22.4,69.2
06/18/2026,23:17:05,22.4,69.1
06/18/2026,23:22:05,22.4,69.1
06/18/2026,23:27:05,22.4,69.1
06/18/2026,23:32:05,22.4,69.1
06/18/2026,23:37:05,22.3,69.0
06/18/2026,23:42:05,22.4,69.0
06/18/2026,23:47:05,22.4,69.0
06/18/2026,23:52:05,22.3,69.0
06/18/2026,23:57:05,22.3,69.0
06/19/2026,00:02:05,22.3,68.9
06/19/2026,00:07:05,22.3,68.9
06/19/2026,00:12:05,22.3,68.9
06/19/2026,00:17:05,22.3,68.8
06/19/2026,00:22:05,22.3,68.8
06/19/2026,00:27:05,22.3,68.8
06/19/2026,00:32:05,22.3,68.8
06/19/2026,00:37:05,22.3,68.8
06/19/2026,00:42:05,22.3,68.7
06/19/2026,00:47:05,22.3,68.7
06/19/2026,00:52:05,22.3,68.7
06/19/2026,00:57:05,22.3,68.7
06/19/2026,01:02:05,22.3,68.6
06/19/2026,01:07:05,22.3,68.6
06/19/2026,01:12:05,22.3,68.6
06/19/2026,01:17:05,22.3,68.5
06/19/2026,01:22:05,22.3,68.5
06/19/2026,01:27:05,22.3,68.5
06/19/2026,01:32:05,22.3,68.5
06/19/2026,01:37:05,22.3,68.4
06/19/2026,01:42:05,22.3,68.4
06/19/2026,01:47:05,22.3,68.4
06/19/2026,01:52:05,22.3,68.4
06/19/2026,01:57:05,22.3,68.4
06/19/2026,02:02:05,22.3,68.3
06/19/2026,02:07:05,22.3,68.3
06/19/2026,02:12:05,22.3,68.3
06/19/2026,02:17:05,22.3,68.3
06/19/2026,02:22:05,22.2,68.3
06/19/2026,02:27:05,22.2,68.2
06/19/2026,02:32:05,22.2,68.2
06/19/2026,02:37:05,22.3,68.2
06/19/2026,02:42:05,22.3,68.1
06/19/2026,02:47:05,22.2,68.1
06/19/2026,02:52:05,22.2,68.1
06/19/2026,02:57:05,22.2,68.0
06/19/2026,03:02:05,22.2,68.0
06/19/2026,03:07:05,22.2,68.0
06/19/2026,03:12:05,22.2,67.9
06/19/2026,03:17:05,22.2,67.9
06/19/2026,03:22:05,22.2,67.9
06/19/2026,03:27:05,22.2,67.9
06/19/2026,03:32:05,22.2,67.8
06/19/2026,03:37:05,22.2,67.8
06/19/2026,03:42:05,22.2,67.8
06/19/2026,03:47:05,22.2,67.8
06/19/2026,03:52:05,22.2,67.7
06/19/2026,03:57:05,22.2,67.7
06/19/2026,04:02:05,22.2,67.7
06/19/2026,04:07:05,22.1,67.6
06/19/2026,04:12:05,22.1,67.6
06/19/2026,04:17:05,22.1,67.6
06/19/2026,04:22:05,22.1,67.5
06/19/2026,04:27:05,22.1,67.5
06/19/2026,04:32:05,22.1,67.5
06/19/2026,04:37:05,22.1,67.5
06/19/2026,04:42:05,22.1,67.4
06/19/2026,04:47:05,22.1,67.4
06/19/2026,04:52:05,22.1,67.4
06/19/2026,04:57:05,22.1,67.3
06/19/2026,05:02:05,22.1,67.3
06/19/2026,05:07:05,22.1,67.2
06/19/2026,05:12:05,22.1,67.2
06/19/2026,05:17:05,22.0,67.2
06/19/2026,05:22:05,22.0,67.1
06/19/2026,05:27:05,22.0,67.1
06/19/2026,05:32:05,22.0,67.1
06/19/2026,05:37:05,22.0,67.1
06/19/2026,05:42:05,22.0,67.0
06/19/2026,05:47:05,22.0,67.0
06/19/2026,05:52:05,22.0,67.0
06/19/2026,05:57:05,22.0,67.0
06/19/2026,06:02:05,22.0,66.9
06/19/2026,06:07:05,22.0,66.9
06/19/2026,06:12:05,22.0,66.9
06/19/2026,06:17:05,22.0,66.9
06/19/2026,06:22:05,22.0,66.9
06/19/2026,06:27:05,22.0,66.9
06/19/2026,06:32:05,22.0,66.9
06/19/2026,06:37:05,22.0,66.8
06/19/2026,06:42:05,22.0,66.8
06/19/2026,06:47:05,22.0,66.8
06/19/2026,06:52:05,22.0,66.8
06/19/2026,06:57:05,22.0,66.8
06/19/2026,07:02:05,22.0,66.8
06/19/2026,07:07:05,22.0,66.8
06/19/2026,07:12:05,22.0,66.8
06/19/2026,07:17:05,22.0,66.7
06/19/2026,07:22:05,22.0,66.7
06/19/2026,07:27:05,22.0,66.7
06/19/2026,07:32:05,22.0,66.7
06/19/2026,07:37:05,22.0,66.7
06/19/2026,07:42:05,22.0,66.7
06/19/2026,07:47:05,22.0,66.7
06/19/2026,07:52:05,22.0,66.7
06/19/2026,07:57:05,22.0,66.7
06/19/2026,08:02:05,22.0,66.6
06/19/2026,08:07:05,22.1,66.7
06/19/2026,08:12:05,22.1,66.6
06/19/2026,08:17:05,22.1,66.7
06/19/2026,08:22:05,22.1,66.6
06/19/2026,08:27:05,22.1,66.6
06/19/2026,08:32:05,22.1,66.6
06/19/2026,08:37:05,22.1,66.6
06/19/2026,08:42:05,22.1,66.6
06/19/2026,08:47:05,22.1,66.7
06/19/2026,08:52:05,22.1,66.6
06/19/2026,08:57:05,22.1,66.7
06/19/2026,09:02:05,22.1,66.7
06/19/2026,09:07:05,22.2,66.7
06/19/2026,09:12:05,22.2,66.7
06/19/2026,09:17:05,22.2,66.7
06/19/2026,09:22:05,22.2,66.7
06/19/2026,09:27:05,22.2,66.7
06/19/2026,09:32:05,22.2,66.7
06/19/2026,09:37:05,22.2,66.7
06/19/2026,09:42:05,22.2,66.8
06/19/2026,09:47:05,22.2,66.8
06/19/2026,09:52:05,22.2,66.9
06/19/2026,09:57:05,22.2,66.9
06/19/2026,10:02:05,22.3,66.9
06/19/2026,10:07:05,22.2,66.9
06/19/2026,10:12:05,22.3,67.0
06/19/2026,10:17:05,22.3,67.0
06/19/2026,10:22:05,22.3,67.0
06/19/2026,10:27:05,22.3,67.0
06/19/2026,10:32:05,22.3,67.1
06/19/2026,10:37:05,22.3,67.1
06/19/2026,10:42:05,22.3,67.1
06/19/2026,10:47:05,22.3,67.2
06/19/2026,10:52:05,22.3,67.3
06/19/2026,10:57:05,22.3,67.3
06/19/2026,11:02:05,22.3,67.4
06/19/2026,11:07:05,22.3,67.4
06/19/2026,11:12:05,22.3,67.4
06/19/2026,11:17:05,22.3,67.5
06/19/2026,11:22:05,22.4,67.5
06/19/2026,11:27:05,22.4,67.6
06/19/2026,11:32:05,22.4,67.7
06/19/2026,11:37:05,22.4,67.8
06/19/2026,11:42:05,22.4,67.8
06/19/2026,11:47:05,22.4,67.9
06/19/2026,11:52:05,22.4,68.1
06/19/2026,11:57:05,22.4,68.2
06/19/2026,12:02:05,22.4,68.2
06/19/2026,12:07:05,22.5,68.3
06/19/2026,12:12:05,22.5,68.5
06/19/2026,12:17:05,22.5,68.5
06/19/2026,12:22:05,22.5,68.7
06/19/2026,12:27:05,22.5,69.0
06/19/2026,12:32:05,22.5,69.1
06/19/2026,12:37:05,22.5,69.5
06/19/2026,12:42:05,22.6,69.8
06/19/2026,12:47:05,22.6,70.0
06/19/2026,12:52:05,22.7,70.0
06/19/2026,12:57:05,22.7,70.2
06/19/2026,13:02:05,22.8,70.2
06/19/2026,13:07:05,22.8,70.4
06/19/2026,13:12:05,22.8,70.4
06/19/2026,13:17:05,22.9,70.4
06/19/2026,13:22:05,22.9,70.5
06/19/2026,13:27:05,22.9,70.7
06/19/2026,13:32:05,22.9,70.8
06/19/2026,13:37:05,22.9,70.9
06/19/2026,13:42:05,22.9,70.9
06/19/2026,13:47:05,23.0,70.9
06/19/2026,13:52:05,22.9,70.9
06/19/2026,13:57:05,22.9,70.9
06/19/2026,14:02:05,23.0,71.1
06/19/2026,14:07:05,23.0,71.2
06/19/2026,14:12:05,23.0,71.0
06/19/2026,14:17:05,23.0,70.9
06/19/2026,14:22:05,23.1,70.7
06/19/2026,14:27:05,23.1,70.7
06/19/2026,14:32:05,23.1,70.7
06/19/2026,14:37:05,23.1,70.7
06/19/2026,14:42:05,23.1,70.8
06/19/2026,14:47:05,23.1,70.8
06/19/2026,14:52:05,23.2,70.7
06/19/2026,14:57:05,23.2,70.4
06/19/2026,15:02:05,23.3,70.1
06/19/2026,15:07:05,23.4,69.5
06/19/2026,15:12:05,23.5,69.0
06/19/2026,15:17:05,23.6,68.5
06/19/2026,15:22:05,23.6,68.2
06/19/2026,15:27:05,23.7,68.1
06/19/2026,15:32:05,23.8,67.5
06/19/2026,15:37:05,23.8,66.9
06/19/2026,15:42:05,23.9,66.7
06/19/2026,15:47:05,23.9,66.4
06/19/2026,15:52:05,24.0,66.0
06/19/2026,15:57:05,24.0,65.8
06/19/2026,16:02:05,24.1,65.4
06/19/2026,16:07:05,24.1,65.2
06/19/2026,16:12:05,24.2,64.9
06/19/2026,16:17:05,24.2,64.8
06/19/2026,16:22:05,24.3,64.7
06/19/2026,16:27:05,24.3,64.4
06/19/2026,16:32:05,24.3,64.2
06/19/2026,16:37:05,24.4,64.2
06/19/2026,16:42:05,24.4,64.0
06/19/2026,16:47:05,24.4,64.0
06/19/2026,16:52:05,24.5,63.8
06/19/2026,16:57:05,24.5,63.6
06/19/2026,17:02:05,24.5,63.3
06/19/2026,17:07:05,24.5,62.8
06/19/2026,17:12:05,24.6,62.5
06/19/2026,17:17:05,24.6,62.2
06/19/2026,17:22:05,24.6,61.9
06/19/2026,17:27:05,24.6,61.6
06/19/2026,17:32:05,24.6,61.2
06/19/2026,17:37:05,24.6,61.0
06/19/2026,17:42:05,24.6,60.7
06/19/2026,17:47:05,24.6,60.5
06/19/2026,17:52:05,24.6,60.3
06/19/2026,17:57:05,24.6,60.2
06/19/2026,18:02:05,24.6,59.8
06/19/2026,18:07:05,24.7,59.7
06/19/2026,18:12:05,24.7,59.5
06/19/2026,18:17:05,24.7,59.4
06/19/2026,18:22:05,24.7,59.4
06/19/2026,18:27:05,24.7,59.2
06/19/2026,18:32:05,24.8,59.0
06/19/2026,18:37:05,24.7,59.9
06/19/2026,18:42:05,24.7,59.7
06/19/2026,18:47:05,24.6,59.8
06/19/2026,18:52:05,24.6,59.7
06/19/2026,18:57:05,24.6,59.7
06/19/2026,19:02:05,24.5,59.2
06/19/2026,19:07:05,24.5,58.7
06/19/2026,19:12:05,24.5,58.3
06/19/2026,19:17:05,24.5,58.0
06/19/2026,19:22:05,24.4,57.9
06/19/2026,19:27:05,24.4,57.7
06/19/2026,19:32:05,24.4,57.9
06/19/2026,19:37:05,24.4,58.0
06/19/2026,19:42:05,24.4,58.0
06/19/2026,19:47:05,24.4,58.0
06/19/2026,19:52:05,24.5,58.2
06/19/2026,19:57:05,24.5,58.4
06/19/2026,20:02:05,24.5,58.6
06/19/2026,20:07:05,24.5,58.7
06/19/2026,20:12:05,24.5,58.8
06/19/2026,20:17:05,24.6,59.0
06/19/2026,20:22:05,24.5,59.2
06/19/2026,20:27:05,24.6,59.3
06/19/2026,20:32:05,24.6,59.5
06/19/2026,20:37:05,24.6,59.7
06/19/2026,20:42:05,24.6,59.8
06/19/2026,20:47:05,24.6,59.9
06/19/2026,20:52:05,24.6,60.0
06/19/2026,20:57:05,24.6,60.1
06/19/2026,21:02:05,24.6,60.3
06/19/2026,21:07:05,24.6,60.3
06/19/2026,21:12:05,24.6,60.4
06/19/2026,21:17:05,24.6,60.4
06/19/2026,21:22:05,24.6,60.5
06/19/2026,21:27:05,24.5,60.6
06/19/2026,21:32:05,24.5,60.7
06/19/2026,21:37:05,24.5,60.7
06/19/2026,21:42:05,24.5,60.8
06/19/2026,21:47:05,24.5,60.8
06/19/2026,21:52:05,24.5,60.9
06/19/2026,21:57:05,24.5,61.0
06/19/2026,22:02:05,24.4,61.0
06/19/2026,22:07:05,24.4,61.1
06/19/2026,22:12:05,24.5,61.1
06/19/2026,22:17:05,24.4,61.1
06/19/2026,22:22:05,24.4,61.2
06/19/2026,22:27:05,24.4,61.3
06/19/2026,22:32:05,24.4,61.3
06/19/2026,22:37:05,24.4,61.4
06/19/2026,22:42:05,24.3,61.4
06/19/2026,22:47:05,24.3,61.4
06/19/2026,22:52:05,24.3,61.5
06/19/2026,22:57:05,24.3,61.5
06/19/2026,23:02:05,24.3,61.5
06/19/2026,23:07:05,24.3,61.6
06/19/2026,23:12:05,24.3,61.6
06/19/2026,23:17:05,24.3,61.6
06/19/2026,23:22:05,24.3,61.6
06/19/2026,23:27:05,24.2,61.7
06/19/2026,23:32:05,24.2,61.7
06/19/2026,23:37:05,24.2,61.7
06/19/2026,23:42:05,24.2,61.7
06/19/2026,23:47:05,24.2,61.8
06/19/2026,23:52:05,24.1,61.8
06/19/2026,23:57:05,24.1,61.8
06/20/2026,00:02:05,24.1,61.8
06/20/2026,00:07:05,24.1,61.8
06/20/2026,00:12:05,24.1,61.9
06/20/2026,00:17:05,24.1,61.9
06/20/2026,00:22:05,24.1,61.9
06/20/2026,00:27:05,24.1,61.9
06/20/2026,00:32:05,24.0,61.9
06/20/2026,00:37:05,24.0,62.0
06/20/2026,00:42:05,24.0,62.0
06/20/2026,00:47:05,24.0,62.0
06/20/2026,00:52:05,24.0,62.0
06/20/2026,00:57:05,23.9,62.0
06/20/2026,01:02:05,23.9,62.1
06/20/2026,01:07:05,23.9,62.1
06/20/2026,01:12:05,23.9,62.1
06/20/2026,01:17:05,23.9,62.1
06/20/2026,01:22:05,23.9,62.1
06/20/2026,01:27:05,23.9,62.2
06/20/2026,01:32:05,23.9,62.2
06/20/2026,01:37:05,23.8,62.2
06/20/2026,01:42:05,23.8,62.3
06/20/2026,01:47:05,23.8,62.3
06/20/2026,01:52:05,23.8,62.3
06/20/2026,01:57:05,23.8,62.3
06/20/2026,02:02:05,23.8,62.4
06/20/2026,02:07:05,23.7,62.4
06/20/2026,02:12:05,23.8,62.4
06/20/2026,02:17:05,23.7,62.4
06/20/2026,02:22:05,23.7,62.4
06/20/2026,02:27:05,23.7,62.5
06/20/2026,02:32:05,23.7,62.5
06/20/2026,02:37:05,23.6,62.5
06/20/2026,02:42:05,23.7,62.6
06/20/2026,02:47:05,23.6,62.6
06/20/2026,02:52:05,23.6,62.6
06/20/2026,02:57:05,23.6,62.6
06/20/2026,03:02:05,23.6,62.7
06/20/2026,03:07:05,23.5,62.7
06/20/2026,03:12:05,23.5,62.7
06/20/2026,03:17:05,23.5,62.7
06/20/2026,03:22:05,23.5,62.8
06/20/2026,03:27:05,23.5,62.8
06/20/2026,03:32:05,23.5,62.9
06/20/2026,03:37:05,23.5,62.9
06/20/2026,03:42:05,23.4,62.9
06/20/2026,03:47:05,23.4,62.9
06/20/2026,03:52:05,23.4,62.9
06/20/2026,03:57:05,23.4,63.0
06/20/2026,04:02:05,23.4,63.0
06/20/2026,04:07:05,23.4,63.0
06/20/2026,04:12:05,23.3,63.0
06/20/2026,04:17:05,23.3,63.0
06/20/2026,04:22:05,23.3,63.1
06/20/2026,04:27:05,23.3,63.1
06/20/2026,04:32:05,23.3,63.1
06/20/2026,04:37:05,23.3,63.1
06/20/2026,04:42:05,23.3,63.1
06/20/2026,04:47:05,23.3,63.2
06/20/2026,04:52:05,23.2,63.2
06/20/2026,04:57:05,23.2,63.2
06/20/2026,05:02:05,23.2,63.2
06/20/2026,05:07:05,23.2,63.2
06/20/2026,05:12:05,23.2,63.3
06/20/2026,05:17:05,23.2,63.3
06/20/2026,05:22:05,23.1,63.3
06/20/2026,05:27:05,23.1,63.3
06/20/2026,05:32:05,23.1,63.2
06/20/2026,05:37:05,23.1,63.3
06/20/2026,05:42:05,23.1,63.2
06/20/2026,05:47:05,23.1,63.3
06/20/2026,05:52:05,23.1,63.3
06/20/2026,05:57:05,23.1,63.3
06/20/2026,06:02:05,23.0,63.3
06/20/2026,06:07:05,23.0,63.3
06/20/2026,06:12:05,23.1,63.3
06/20/2026,06:17:05,23.1,63.3
06/20/2026,06:22:05,23.0,63.3
06/20/2026,06:27:05,23.0,63.2
06/20/2026,06:32:05,23.0,63.3
06/20/2026,06:37:05,23.0,63.3
06/20/2026,06:42:05,23.0,63.3
06/20/2026,06:47:05,23.0,63.3
06/20/2026,06:52:05,23.0,63.3
06/20/2026,06:57:05,23.0,63.3
06/20/2026,07:02:05,23.0,63.4
06/20/2026,07:07:05,23.0,63.4
06/20/2026,07:12:05,23.0,63.4
06/20/2026,07:17:05,23.0,63.4
06/20/2026,07:22:05,23.0,63.4
06/20/2026,07:27:05,23.0,63.4
06/20/2026,07:32:05,23.0,63.4
06/20/2026,07:37:05,23.0,63.4
06/20/2026,07:42:05,23.0,63.4
06/20/2026,07:47:05,23.0,63.4
06/20/2026,07:52:05,23.0,63.4
06/20/2026,07:57:05,23.0,63.5
06/20/2026,08:02:05,23.0,63.5
06/20/2026,08:07:05,23.0,63.4
06/20/2026,08:12:05,23.1,63.4
06/20/2026,08:17:05,23.0,63.4
06/20/2026,08:22:05,23.0,63.4
06/20/2026,08:27:05,23.0,63.4
06/20/2026,08:32:05,23.0,63.4
06/20/2026,08:37:05,23.1,63.5
06/20/2026,08:42:05,23.1,63.4
06/20/2026,08:47:05,23.1,63.4
06/20/2026,08:52:05,23.1,63.5
06/20/2026,08:57:05,23.1,63.5
06/20/2026,09:02:05,23.1,63.5
06/20/2026,09:07:05,23.1,63.5
06/20/2026,09:12:05,23.1,63.6
06/20/2026,09:17:05,23.2,63.6
06/20/2026,09:22:05,23.2,63.6
06/20/2026,09:27:05,23.2,63.7
06/20/2026,09:32:05,23.2,63.7
06/20/2026,09:37:05,23.2,63.8
06/20/2026,09:42:05,23.2,64.0
06/20/2026,09:47:05,23.3,64.0
06/20/2026,09:52:05,23.3,64.1
06/20/2026,09:57:05,23.3,64.2
06/20/2026,10:02:05,23.4,64.3
06/20/2026,10:07:05,23.4,64.4
06/20/2026,10:12:05,23.4,64.5
06/20/2026,10:17:05,23.4,64.5
06/20/2026,10:22:05,23.5,64.6
06/20/2026,10:27:05,23.5,64.6
06/20/2026,10:32:05,23.5,64.8
06/20/2026,10:37:05,23.5,65.3
06/20/2026,10:42:05,23.5,65.2
06/20/2026,10:47:05,23.5,65.6
06/20/2026,10:52:05,23.6,65.8
06/20/2026,10:57:05,23.6,65.8
06/20/2026,11:02:05,23.6,65.8
06/20/2026,11:07:05,23.6,66.0
06/20/2026,11:12:05,23.7,66.3
06/20/2026,11:17:05,23.7,66.8
06/20/2026,11:22:05,23.7,66.9
06/20/2026,11:27:05,23.8,66.8
06/20/2026,11:32:05,23.8,67.1
06/20/2026,11:37:05,23.8,66.6
06/20/2026,11:42:05,23.8,66.8
06/20/2026,11:47:05,23.9,67.3
06/20/2026,11:52:05,23.9,67.1
06/20/2026,11:57:05,23.9,66.8
06/20/2026,12:02:05,23.9,68.8
06/20/2026,12:07:05,24.0,69.3
06/20/2026,12:12:05,24.1,69.6
06/20/2026,12:17:05,24.2,69.5
06/20/2026,12:22:05,24.2,69.2
06/20/2026,12:27:05,24.2,68.8
06/20/2026,12:32:05,24.2,68.5
06/20/2026,12:37:05,24.2,68.2
06/20/2026,12:42:05,24.2,67.9
06/20/2026,12:47:05,24.2,67.8
06/20/2026,12:52:05,24.2,67.6
06/20/2026,12:57:05,24.2,67.5
06/20/2026,13:02:05,24.2,67.4
06/20/2026,13:07:05,24.1,67.3
06/20/2026,13:12:05,24.1,67.3
06/20/2026,13:17:05,24.1,67.2
06/20/2026,13:22:05,24.1,67.1
06/20/2026,13:27:05,24.1,67.0
06/20/2026,13:32:05,24.1,67.1
06/20/2026,13:37:05,24.1,67.3
06/20/2026,13:42:05,24.1,67.4
06/20/2026,13:47:05,24.1,67.4
06/20/2026,13:52:05,24.1,67.5
06/20/2026,13:57:05,24.1,67.6
06/20/2026,14:02:05,24.1,67.6
06/20/2026,14:07:05,24.1,67.5
06/20/2026,14:12:05,24.1,67.5
06/20/2026,14:17:05,24.1,67.6
06/20/2026,14:22:05,24.2,68.1
06/20/2026,14:27:05,24.2,68.5
06/20/2026,14:32:05,24.3,68.8
06/20/2026,14:37:05,24.3,69.8
06/20/2026,14:42:05,24.3,70.8
06/20/2026,14:47:05,24.4,70.3
06/20/2026,14:52:05,24.5,70.0
06/20/2026,14:57:05,24.5,69.9
06/20/2026,15:02:05,24.6,70.2
06/20/2026,15:07:05,24.7,69.8
06/20/2026,15:12:05,24.7,69.7
06/20/2026,15:17:05,24.7,69.7
06/20/2026,15:22:05,24.8,70.0
06/20/2026,15:27:05,24.9,70.3
06/20/2026,15:32:05,24.9,69.4
06/20/2026,15:37:05,24.9,69.7
06/20/2026,15:42:05,24.8,69.5
06/20/2026,15:47:05,24.8,69.4
06/20/2026,15:52:05,24.8,68.9
06/20/2026,15:57:05,24.7,68.6
06/20/2026,16:02:05,24.7,68.8
06/20/2026,16:07:05,24.6,68.8
06/20/2026,16:12:05,24.7,68.6
06/20/2026,16:17:05,24.6,68.2
06/20/2026,16:22:05,24.6,68.2
06/20/2026,16:27:05,24.6,67.9
06/20/2026,16:32:05,24.6,67.8
06/20/2026,16:37:05,24.5,67.5
06/20/2026,16:42:05,24.5,67.6
06/20/2026,16:47:05,24.5,67.4
06/20/2026,16:52:05,24.5,67.3
06/20/2026,16:57:05,24.5,67.3
06/20/2026,17:02:05,24.4,67.1
06/20/2026,17:07:05,24.4,67.0
06/20/2026,17:12:05,24.4,67.2
06/20/2026,17:17:05,24.4,67.1
06/20/2026,17:22:05,24.4,67.1
06/20/2026,17:27:05,24.4,66.9
06/20/2026,17:32:05,24.4,67.0
06/20/2026,17:37:05,24.4,66.9
06/20/2026,17:42:05,24.4,66.9
06/20/2026,17:47:05,24.4,66.9
06/20/2026,17:52:05,24.4,66.9
06/20/2026,17:57:05,24.4,67.0
06/20/2026,18:02:05,24.3,67.0
06/20/2026,18:07:05,24.4,67.2
06/20/2026,18:12:05,24.4,66.6
06/20/2026,18:17:05,24.4,66.4
06/20/2026,18:22:05,24.4,66.2
06/20/2026,18:27:05,24.3,66.2
06/20/2026,18:32:05,24.3,66.1
06/20/2026,18:37:05,24.3,65.7
06/20/2026,18:42:05,24.3,65.8
06/20/2026,18:47:05,24.3,65.5
06/20/2026,18:52:05,24.3,66.0
06/20/2026,18:57:05,24.3,65.8
06/20/2026,19:02:05,24.3,65.8
06/20/2026,19:07:05,24.3,66.1
06/20/2026,19:12:05,24.3,66.0
06/20/2026,19:17:05,24.3,65.9
06/20/2026,19:22:05,24.2,65.8
06/20/2026,19:27:05,24.2,65.8
06/20/2026,19:32:05,24.2,65.8
06/20/2026,19:37:05,24.2,66.0
06/20/2026,19:42:05,24.2,65.7
06/20/2026,19:47:05,24.2,66.0
06/20/2026,19:52:05,24.2,65.6
06/20/2026,19:57:05,24.2,66.0
06/20/2026,20:02:05,24.3,66.4
06/20/2026,20:07:05,24.3,67.1
06/20/2026,20:12:05,24.3,66.6
06/20/2026,20:17:05,24.3,66.8
06/20/2026,20:22:05,24.3,67.1
06/20/2026,20:27:05,24.3,67.3
06/20/2026,20:32:05,24.3,67.5
06/20/2026,20:37:05,24.4,67.5
06/20/2026,20:42:05,24.4,67.5
06/20/2026,20:47:05,24.4,67.6
06/20/2026,20:52:05,24.4,67.6
06/20/2026,20:57:05,24.4,67.6
06/20/2026,21:02:05,24.4,67.6
06/20/2026,21:07:05,24.4,67.6
06/20/2026,21:12:05,24.4,67.6
06/20/2026,21:17:05,24.4,67.5
06/20/2026,21:22:05,24.3,67.5
06/20/2026,21:27:05,24.3,67.4
06/20/2026,21:32:05,24.3,67.4
06/20/2026,21:37:05,24.3,67.4
06/20/2026,21:42:05,24.3,67.3
06/20/2026,21:47:05,24.3,67.3
06/20/2026,21:52:05,24.3,67.3
06/20/2026,21:57:05,24.3,67.3
06/20/2026,22:02:05,24.3,67.2
06/20/2026,22:07:05,24.3,67.2
06/20/2026,22:12:05,24.3,67.2
06/20/2026,22:17:05,24.3,67.2
06/20/2026,22:22:05,24.3,67.1
06/20/2026,22:27:05,24.2,67.1
06/20/2026,22:32:05,24.2,67.1
06/20/2026,22:37:05,24.2,67.1
06/20/2026,22:42:05,24.2,67.0
06/20/2026,22:47:05,24.2,67.1
06/20/2026,22:52:05,24.2,67.0
06/20/2026,22:57:05,24.2,67.0
06/20/2026,23:02:05,24.2,67.0
06/20/2026,23:07:05,24.2,67.0
06/20/2026,23:12:05,24.2,67.0
06/20/2026,23:17:05,24.2,67.0
06/20/2026,23:22:05,24.2,66.9
06/20/2026,23:27:05,24.2,67.0
06/20/2026,23:32:05,24.1,67.0
06/20/2026,23:37:05,24.2,66.9
06/20/2026,23:42:05,24.1,66.9
06/20/2026,23:47:05,24.1,66.9
06/20/2026,23:52:05,24.1,66.9
06/20/2026,23:57:05,24.1,66.9
06/21/2026,00:02:05,24.1,66.9
06/21/2026,00:07:05,24.1,66.9
06/21/2026,00:12:05,24.1,66.9
06/21/2026,00:17:05,24.1,66.8
06/21/2026,00:22:05,24.1,66.8
06/21/2026,00:27:05,24.1,66.8
06/21/2026,00:32:05,24.1,66.8
06/21/2026,00:37:05,24.0,66.7
06/21/2026,00:42:05,24.0,66.7
06/21/2026,00:47:05,24.0,66.7
06/21/2026,00:52:05,24.0,66.7
06/21/2026,00:57:05,24.0,66.7
06/21/2026,01:02:05,24.0,66.6
06/21/2026,01:07:05,24.0,66.6
06/21/2026,01:12:05,24.0,66.6
06/21/2026,01:17:05,24.0,66.6
06/21/2026,01:22:05,24.0,66.6
06/21/2026,01:27:05,24.0,66.6
06/21/2026,01:32:05,24.0,66.5
06/21/2026,01:37:05,23.9,66.5
06/21/2026,01:42:05,23.9,66.5
06/21/2026,01:47:05,23.9,66.4
06/21/2026,01:52:05,23.9,66.4
06/21/2026,01:57:05,23.9,66.4
06/21/2026,02:02:05,23.9,66.4
06/21/2026,02:07:05,23.9,66.4
06/21/2026,02:12:05,23.9,66.4
06/21/2026,02:17:05,23.9,66.3
06/21/2026,02:22:05,23.9,66.3
06/21/2026,02:27:05,23.9,66.3
06/21/2026,02:32:05,23.8,66.2
06/21/2026,02:37:05,23.9,66.2
06/21/2026,02:42:05,23.8,66.2
06/21/2026,02:47:05,23.8,66.1
06/21/2026,02:52:05,23.8,66.1
06/21/2026,02:57:05,23.8,66.1
06/21/2026,03:02:05,23.8,66.1
06/21/2026,03:07:05,23.8,66.0
06/21/2026,03:12:05,23.8,66.0
06/21/2026,03:17:05,23.8,66.0
06/21/2026,03:22:05,23.8,65.9
06/21/2026,03:27:05,23.8,65.9
06/21/2026,03:32:05,23.7,65.9
06/21/2026,03:37:05,23.7,65.8
06/21/2026,03:42:05,23.7,65.8
06/21/2026,03:47:05,23.7,65.8
06/21/2026,03:52:05,23.7,65.8
06/21/2026,03:57:05,23.7,65.8
06/21/2026,04:02:05,23.7,65.7
06/21/2026,04:07:05,23.7,65.7
06/21/2026,04:12:05,23.7,65.7
06/21/2026,04:17:05,23.6,65.7
06/21/2026,04:22:05,23.7,65.6
06/21/2026,04:27:05,23.6,65.6
06/21/2026,04:32:05,23.6,65.5
06/21/2026,04:37:05,23.6,65.5
06/21/2026,04:42:05,23.6,65.5
06/21/2026,04:47:05,23.6,65.5
06/21/2026,04:52:05,23.6,65.4
06/21/2026,04:57:05,23.6,65.4
06/21/2026,05:02:05,23.6,65.4
06/21/2026,05:07:05,23.5,65.4
06/21/2026,05:12:05,23.5,65.4
06/21/2026,05:17:05,23.5,65.3
06/21/2026,05:22:05,23.5,65.3
06/21/2026,05:27:05,23.5,65.3
06/21/2026,05:32:05,23.5,65.3
06/21/2026,05:37:05,23.5,65.3
06/21/2026,05:42:05,23.5,65.3
06/21/2026,05:47:05,23.5,65.2
06/21/2026,05:52:05,23.5,65.2
06/21/2026,05:57:05,23.4,65.2
06/21/2026,06:02:05,23.5,65.2
06/21/2026,06:07:05,23.4,65.1
06/21/2026,06:12:05,23.4,65.1
06/21/2026,06:17:05,23.4,65.1
06/21/2026,06:22:05,23.4,65.1
06/21/2026,06:27:05,23.4,65.0
06/21/2026,06:32:05,23.4,65.0
06/21/2026,06:37:05,23.4,65.0
06/21/2026,06:42:05,23.4,65.0
06/21/2026,06:47:05,23.4,65.0
06/21/2026,06:52:05,23.4,64.9
06/21/2026,06:57:05,23.4,64.9
06/21/2026,07:02:05,23.4,65.0
06/21/2026,07:07:05,23.4,64.9
06/21/2026,07:12:05,23.4,64.9
06/21/2026,07:17:05,23.4,64.9
06/21/2026,07:22:05,23.4,64.9
06/21/2026,07:27:05,23.4,64.9
06/21/2026,07:32:05,23.4,64.9
06/21/2026,07:37:05,23.4,64.9
06/21/2026,07:42:05,23.4,65.0
06/21/2026,07:47:05,23.4,65.2
06/21/2026,07:52:05,23.4,65.2
06/21/2026,07:57:05,23.4,65.3
06/21/2026,08:02:05,23.4,65.4
06/21/2026,08:07:05,23.4,65.8
06/21/2026,08:12:05,23.5,66.0
06/21/2026,08:17:05,23.5,66.3
06/21/2026,08:22:05,23.5,66.5
06/21/2026,08:27:05,23.6,66.7
06/21/2026,08:32:05,23.7,67.0
06/21/2026,08:37:05,23.7,67.2
06/21/2026,08:42:05,23.7,67.5
06/21/2026,08:47:05,23.8,67.7
06/21/2026,08:52:05,23.9,67.9
06/21/2026,08:57:05,23.9,67.7
06/21/2026,09:02:05,23.9,67.7
06/21/2026,09:07:05,23.9,67.4
06/21/2026,09:12:05,23.9,67.4
06/21/2026,09:17:05,23.9,67.4
06/21/2026,09:22:05,23.8,67.5
06/21/2026,09:27:05,23.9,67.7
06/21/2026,09:32:05,23.9,68.0
06/21/2026,09:37:05,23.9,68.2
06/21/2026,09:42:05,24.0,68.5
06/21/2026,09:47:05,24.0,69.0
06/21/2026,09:52:05,24.0,69.1
06/21/2026,09:57:05,24.0,69.4
06/21/2026,10:02:05,24.1,69.6
06/21/2026,10:07:05,24.2,69.8
06/21/2026,10:12:05,24.3,69.8
06/21/2026,10:17:05,24.3,70.0
06/21/2026,10:22:05,24.3,70.1
06/21/2026,10:27:05,24.4,70.3
06/21/2026,10:32:05,24.5,70.3
06/21/2026,10:37:05,24.5,70.4
06/21/2026,10:42:05,24.5,70.2
06/21/2026,10:47:05,24.5,69.9
06/21/2026,10:52:05,24.5,69.6
06/21/2026,10:57:05,24.4,69.4
06/21/2026,11:02:05,24.4,69.3
06/21/2026,11:07:05,24.4,69.3
06/21/2026,11:12:05,24.4,69.3
06/21/2026,11:17:05,24.4,69.4
06/21/2026,11:22:05,24.4,69.6
06/21/2026,11:27:05,24.4,69.9
06/21/2026,11:32:05,24.4,70.7
06/21/2026,11:37:05,24.5,70.5
06/21/2026,11:42:05,24.5,70.7
06/21/2026,11:47:05,24.5,70.7
06/21/2026,11:52:05,24.6,71.1
06/21/2026,11:57:05,24.7,71.0
06/21/2026,12:02:05,24.7,71.1
06/21/2026,12:07:05,24.7,71.2
06/21/2026,12:12:05,24.8,71.5
06/21/2026,12:17:05,24.8,71.1
06/21/2026,12:22:05,24.9,71.4
06/21/2026,12:27:05,24.9,71.2
06/21/2026,12:32:05,24.9,71.1
06/21/2026,12:37:05,24.9,70.4
06/21/2026,12:42:05,24.8,70.1
06/21/2026,12:47:05,24.8,69.7
06/21/2026,12:52:05,24.8,69.6
06/21/2026,12:57:05,24.7,69.6
06/21/2026,13:02:05,24.7,69.3
06/21/2026,13:07:05,24.6,69.2
06/21/2026,13:12:05,24.6,68.9
06/21/2026,13:17:05,24.6,68.8
06/21/2026,13:22:05,24.6,68.8
06/21/2026,13:27:05,24.5,68.8
06/21/2026,13:32:05,24.5,68.6
06/21/2026,13:37:05,24.5,68.6
06/21/2026,13:42:05,24.5,68.6
06/21/2026,13:47:05,24.5,68.6
06/21/2026,13:52:05,24.5,68.5
06/21/2026,13:57:05,24.5,68.5
06/21/2026,14:02:05,24.5,68.4
06/21/2026,14:07:05,24.5,68.4
06/21/2026,14:12:05,24.4,68.5
06/21/2026,14:17:05,24.5,68.4
06/21/2026,14:22:05,24.5,68.4
06/21/2026,14:27:05,24.5,68.5
06/21/2026,14:32:05,24.5,68.6
06/21/2026,14:37:05,24.5,68.4
06/21/2026,14:42:05,24.5,68.3
06/21/2026,14:47:05,24.5,68.3
06/21/2026,14:52:05,24.5,68.1
06/21/2026,14:57:05,24.5,68.2
06/21/2026,15:02:05,24.5,68.0
06/21/2026,15:07:05,24.5,68.0
06/21/2026,15:12:05,24.4,68.0
06/21/2026,15:17:05,24.4,67.8
06/21/2026,15:22:05,24.4,67.8
06/21/2026,15:27:05,24.4,67.7
06/21/2026,15:32:05,24.4,67.8
06/21/2026,15:37:05,24.4,67.9
06/21/2026,15:42:05,24.4,67.9
06/21/2026,15:47:05,24.4,67.9
06/21/2026,15:52:05,24.5,67.8
06/21/2026,15:57:05,24.5,67.8
06/21/2026,16:02:05,24.5,67.7
06/21/2026,16:07:05,24.5,67.5
06/21/2026,16:12:05,24.5,67.4
06/21/2026,16:17:05,24.5,67.4
06/21/2026,16:22:05,24.5,67.2
06/21/2026,16:27:05,24.5,67.1
06/21/2026,16:32:05,24.5,67.1
06/21/2026,16:37:05,24.5,67.1
06/21/2026,16:42:05,24.4,67.0
06/21/2026,16:47:05,24.4,67.0
06/21/2026,16:52:05,24.5,67.0
06/21/2026,16:57:05,24.4,67.0
06/21/2026,17:02:05,24.5,66.9
06/21/2026,17:07:05,24.4,66.9
06/21/2026,17:12:05,24.5,66.9
06/21/2026,17:17:05,24.5,66.9
06/21/2026,17:22:05,24.4,66.9
06/21/2026,17:27:05,24.5,66.8
06/21/2026,17:32:05,24.4,66.7
06/21/2026,17:37:05,24.4,66.8
06/21/2026,17:42:05,24.4,66.8
06/21/2026,17:47:05,24.4,66.8
06/21/2026,17:52:05,24.4,66.8
06/21/2026,17:57:05,24.4,66.9
06/21/2026,18:02:05,24.4,66.8
06/21/2026,18:07:05,24.4,66.9
06/21/2026,18:12:05,24.4,66.9
06/21/2026,18:17:05,24.4,66.9
06/21/2026,18:22:05,24.4,66.9
06/21/2026,18:27:05,24.4,66.8
06/21/2026,18:32:05,24.4,66.8
06/21/2026,18:37:05,24.4,66.8
06/21/2026,18:42:05,24.3,66.8
06/21/2026,18:47:05,24.3,66.7
06/21/2026,18:52:05,24.3,66.7
06/21/2026,18:57:05,24.3,66.7
06/21/2026,19:02:05,24.3,66.7
06/21/2026,19:07:05,24.3,66.7
06/21/2026,19:12:05,24.3,66.6
06/21/2026,19:17:05,24.3,66.6
06/21/2026,19:22:05,24.3,66.6
06/21/2026,19:27:05,24.3,66.6
06/21/2026,19:32:05,24.3,66.6
06/21/2026,19:37:05,24.3,66.6
06/21/2026,19:42:05,24.3,66.6
06/21/2026,19:47:05,24.3,66.7
06/21/2026,19:52:05,24.3,66.7
06/21/2026,19:57:05,24.3,66.7
06/21/2026,20:02:05,24.2,66.7
06/21/2026,20:07:05,24.2,66.7
06/21/2026,20:12:05,24.2,66.7
06/21/2026,20:17:05,24.2,66.7
06/21/2026,20:22:05,24.2,66.7
06/21/2026,20:27:05,24.2,66.7
06/21/2026,20:32:05,24.2,66.7
06/21/2026,20:37:05,24.2,66.8
06/21/2026,20:42:05,24.2,66.8
06/21/2026,20:47:05,24.2,66.7
06/21/2026,20:52:05,24.1,66.6
06/21/2026,20:57:05,24.1,66.5
06/21/2026,21:02:05,24.1,66.5
06/21/2026,21:07:05,24.1,66.5
06/21/2026,21:12:05,24.1,66.5
06/21/2026,21:17:05,24.1,66.5
06/21/2026,21:22:05,24.0,66.5
06/21/2026,21:27:05,24.0,66.5
06/21/2026,21:32:05,24.0,66.5
06/21/2026,21:37:05,24.0,66.5
06/21/2026,21:42:05,23.9,66.4
06/21/2026,21:47:05,23.9,66.3
06/21/2026,21:52:05,23.9,66.2
06/21/2026,21:57:05,23.9,66.2
06/21/2026,22:02:05,23.9,66.2
06/21/2026,22:07:05,23.8,66.1
06/21/2026,22:12:05,23.8,66.1
06/21/2026,22:17:05,23.8,66.1
06/21/2026,22:22:05,23.8,66.1
06/21/2026,22:27:05,23.7,66.1
06/21/2026,22:32:05,23.7,66.1
06/21/2026,22:37:05,23.7,66.1
06/21/2026,22:42:05,23.7,66.0
06/21/2026,22:47:05,23.6,66.0
06/21/2026,22:52:05,23.6,66.0
06/21/2026,22:57:05,23.6,66.0
06/21/2026,23:02:05,23.5,66.0
06/21/2026,23:07:05,23.5,65.9
06/21/2026,23:12:05,23.5,65.9
06/21/2026,23:17:05,23.4,65.9
06/21/2026,23:22:05,23.4,65.9
06/21/2026,23:27:05,23.4,65.9
06/21/2026,23:32:05,23.4,65.9
06/21/2026,23:37:05,23.4,65.9
06/21/2026,23:42:05,23.3,65.8
06/21/2026,23:47:05,23.3,65.7
06/21/2026,23:52:05,23.2,65.7
06/21/2026,23:57:05,23.2,65.6
06/22/2026,00:02:05,23.2,65.5
06/22/2026,00:07:05,23.2,65.4
06/22/2026,00:12:05,23.1,65.3
06/22/2026,00:17:05,23.1,65.3
06/22/2026,00:22:05,23.1,65.2
06/22/2026,00:27:05,23.0,65.2
06/22/2026,00:32:05,23.0,65.2
06/22/2026,00:37:05,23.0,65.1
06/22/2026,00:42:05,22.9,65.0
06/22/2026,00:47:05,22.9,64.9
06/22/2026,00:52:05,22.9,64.8
06/22/2026,00:57:05,22.9,64.7
06/22/2026,01:02:05,22.8,64.6
06/22/2026,01:07:05,22.8,64.4
06/22/2026,01:12:05,22.8,64.3
06/22/2026,01:17:05,22.7,64.2
06/22/2026,01:22:05,22.7,64.0
06/22/2026,01:27:05,22.7,63.9
06/22/2026,01:32:05,22.6,63.8
06/22/2026,01:37:05,22.6,63.7
06/22/2026,01:42:05,22.6,63.6
06/22/2026,01:47:05,22.5,63.5
06/22/2026,01:52:05,22.5,63.4
06/22/2026,01:57:05,22.5,63.3
06/22/2026,02:02:05,22.4,63.2
06/22/2026,02:07:05,22.4,63.1
06/22/2026,02:12:05,22.4,62.9
06/22/2026,02:17:05,22.4,62.8
06/22/2026,02:22:05,22.3,62.7
06/22/2026,02:27:05,22.3,62.7
06/22/2026,02:32:05,22.3,62.5
06/22/2026,02:37:05,22.3,62.4
06/22/2026,02:42:05,22.3,62.3
06/22/2026,02:47:05,22.2,62.2
06/22/2026,02:52:05,22.2,62.1
06/22/2026,02:57:05,22.2,62.0
06/22/2026,03:02:05,22.1,61.9
06/22/2026,03:07:05,22.1,61.8
06/22/2026,03:12:05,22.1,61.8
06/22/2026,03:17:05,22.1,61.7
06/22/2026,03:22:05,22.0,61.7
06/22/2026,03:27:05,22.0,61.6
06/22/2026,03:32:05,22.0,61.6
06/22/2026,03:37:05,22.0,61.5
06/22/2026,03:42:05,21.9,61.4
06/22/2026,03:47:05,21.9,61.3
06/22/2026,03:52:05,21.9,61.3
06/22/2026,03:57:05,21.9,61.2
06/22/2026,04:02:05,21.8,61.3
06/22/2026,04:07:05,21.8,61.1
06/22/2026,04:12:05,21.8,61.2
06/22/2026,04:17:05,21.8,61.1
06/22/2026,04:22:05,21.8,61.1
06/22/2026,04:27:05,21.7,61.1
06/22/2026,04:32:05,21.7,61.0
06/22/2026,04:37:05,21.7,61.0
06/22/2026,04:42:05,21.7,60.9
06/22/2026,04:47:05,21.7,60.9
06/22/2026,04:52:05,21.6,60.9
06/22/2026,04:57:05,21.6,60.9
06/22/2026,05:02:05,21.6,60.8
06/22/2026,05:07:05,21.6,60.8
06/22/2026,05:12:05,21.5,60.8
06/22/2026,05:17:05,21.5,60.8
06/22/2026,05:22:05,21.5,60.8
06/22/2026,05:27:05,21.5,60.8
06/22/2026,05:32:05,21.5,60.8
06/22/2026,05:37:05,21.5,60.8
06/22/2026,05:42:05,21.5,60.8
06/22/2026,05:47:05,21.4,60.8
06/22/2026,05:52:05,21.5,60.8
06/22/2026,05:57:05,21.4,60.8
06/22/2026,06:02:05,21.4,60.8
06/22/2026,06:07:05,21.4,60.9
06/22/2026,06:12:05,21.4,60.9
06/22/2026,06:17:05,21.4,61.0
06/22/2026,06:22:05,21.4,60.9
06/22/2026,06:27:05,21.4,61.0
06/22/2026,06:32:05,21.4,61.1
06/22/2026,06:37:05,21.5,61.1
06/22/2026,06:42:05,21.5,61.2
06/22/2026,06:47:05,21.7,61.1
06/22/2026,06:52:05,21.7,61.1
06/22/2026,06:57:05,21.8,61.1
06/22/2026,07:02:05,21.8,61.1
06/22/2026,07:07:05,21.8,61.0
06/22/2026,07:12:05,21.9,61.0
06/22/2026,07:17:05,21.9,61.0
06/22/2026,07:22:05,21.9,61.0
06/22/2026,07:27:05,21.9,61.0
06/22/2026,07:32:05,22.0,61.0
06/22/2026,07:37:05,22.0,61.1
06/22/2026,07:42:05,22.0,61.1
06/22/2026,07:47:05,22.1,61.0
06/22/2026,07:52:05,22.1,61.0
06/22/2026,07:57:05,22.1,61.0
06/22/2026,08:02:05,22.1,61.0
06/22/2026,08:07:05,22.2,61.1
06/22/2026,08:12:05,22.2,61.1
06/22/2026,08:17:05,22.2,61.1
06/22/2026,08:22:05,22.2,61.1
06/22/2026,08:27:05,22.2,61.1
06/22/2026,08:32:05,22.3,61.1
06/22/2026,08:37:05,22.3,61.1
06/22/2026,08:42:05,22.3,61.1
06/22/2026,08:47:05,22.3,61.1
06/22/2026,08:52:05,22.3,61.1
06/22/2026,08:57:05,22.3,61.1
06/22/2026,09:02:05,22.3,61.2
06/22/2026,09:07:05,22.4,61.4
06/22/2026,09:12:05,22.4,61.6
06/22/2026,09:17:05,22.4,61.5
06/22/2026,09:22:05,22.4,61.6
06/22/2026,09:27:05,22.4,61.6
06/22/2026,09:32:05,22.5,61.6
06/22/2026,09:37:05,22.5,61.6
06/22/2026,09:42:05,22.5,62.0
06/22/2026,09:47:05,22.5,61.8
06/22/2026,09:52:05,22.6,61.8
06/22/2026,09:57:05,22.6,62.0
06/22/2026,10:02:05,22.6,62.0
06/22/2026,10:07:05,22.7,62.2
06/22/2026,10:12:05,22.7,62.4
06/22/2026,10:17:05,22.7,62.6
06/22/2026,10:22:05,22.7,62.7
06/22/2026,10:27:05,22.8,62.8
06/22/2026,10:32:05,22.8,63.0
06/22/2026,10:37:05,22.8,63.1
06/22/2026,10:42:05,22.8,63.2
06/22/2026,10:47:05,22.8,63.3
06/22/2026,10:52:05,22.8,63.4
06/22/2026,10:57:05,22.8,63.5
06/22/2026,11:02:05,22.9,63.6
06/22/2026,11:07:05,22.9,63.6
06/22/2026,11:12:05,22.9,63.7
06/22/2026,11:17:05,22.9,63.7
06/22/2026,11:22:05,22.9,63.8
06/22/2026,11:27:05,22.9,63.8
06/22/2026,11:32:05,22.9,63.8
06/22/2026,11:37:05,22.9,63.9
06/22/2026,11:42:05,22.9,63.9
06/22/2026,11:47:05,22.9,63.9
06/22/2026,11:52:05,22.9,63.9
06/22/2026,11:57:05,23.0,63.9
06/22/2026,12:02:05,23.0,63.9
06/22/2026,12:07:05,23.0,63.9
06/22/2026,12:12:05,23.0,63.9
06/22/2026,12:17:05,23.1,63.9
06/22/2026,12:22:05,23.1,63.9
06/22/2026,12:27:05,23.1,63.8
06/22/2026,12:32:05,23.1,64.3
06/22/2026,12:37:05,23.2,65.2
06/22/2026,12:42:05,23.3,66.0
06/22/2026,12:47:05,23.4,67.1
06/22/2026,12:52:05,23.6,67.9
06/22/2026,12:57:05,23.7,68.2
06/22/2026,13:02:05,23.8,68.9
06/22/2026,13:07:05,23.9,68.4
06/22/2026,13:12:05,23.9,68.3
06/22/2026,13:17:05,24.0,68.5
06/22/2026,13:22:05,24.0,68.3
06/22/2026,13:27:05,24.1,68.2
06/22/2026,13:32:05,24.1,68.1
06/22/2026,13:37:05,24.2,67.3
06/22/2026,13:42:05,24.2,67.5
06/22/2026,13:47:05,24.2,67.2
06/22/2026,13:52:05,24.2,67.1
06/22/2026,13:57:05,24.2,66.7
06/22/2026,14:02:05,24.2,66.6
06/22/2026,14:07:05,24.2,66.4
06/22/2026,14:12:05,24.2,66.1
06/22/2026,14:17:05,24.2,65.6
06/22/2026,14:22:05,24.2,65.2
06/22/2026,14:27:05,24.1,64.9
06/22/2026,14:32:05,24.1,64.6
06/22/2026,14:37:05,24.1,64.1
06/22/2026,14:42:05,24.1,64.0
06/22/2026,14:47:05,24.1,63.7
06/22/2026,14:52:05,24.0,63.6
06/22/2026,14:57:05,24.1,63.4
06/22/2026,15:02:05,24.0,63.3
06/22/2026,15:07:05,24.0,63.3
06/22/2026,15:12:05,24.1,63.1
06/22/2026,15:17:05,24.1,63.1
06/22/2026,15:22:05,24.1,63.0
06/22/2026,15:27:05,24.1,62.8
06/22/2026,15:32:05,24.1,62.7
06/22/2026,15:37:05,24.1,62.6
06/22/2026,15:42:05,24.1,62.5
06/22/2026,15:47:05,24.1,62.4
06/22/2026,15:52:05,24.2,62.3
06/22/2026,15:57:05,24.2,62.2
06/22/2026,16:02:05,24.2,62.2
06/22/2026,16:07:05,24.2,62.0
06/22/2026,16:12:05,24.2,61.9
06/22/2026,16:17:05,24.2,61.8
06/22/2026,16:22:05,24.2,61.7
06/22/2026,16:27:05,24.2,61.7
06/22/2026,16:32:05,24.3,61.7
06/22/2026,16:37:05,24.3,61.7
06/22/2026,16:42:05,24.3,61.7
06/22/2026,16:47:05,24.3,61.6
06/22/2026,16:52:05,24.3,61.6
06/22/2026,16:57:05,24.3,61.5
06/22/2026,17:02:05,24.3,61.5
06/22/2026,17:07:05,24.3,61.4
06/22/2026,17:12:05,24.3,61.4
06/22/2026,17:17:05,24.3,61.4
06/22/2026,17:22:05,24.3,61.4
06/22/2026,17:27:05,24.3,61.3
06/22/2026,17:32:05,24.3,61.3
06/22/2026,17:37:05,24.3,61.3
06/22/2026,17:42:05,24.3,61.3
06/22/2026,17:47:05,24.3,61.3
06/22/2026,17:52:05,24.3,61.3
06/22/2026,17:57:05,24.3,61.3
06/22/2026,18:02:05,24.3,61.2
06/22/2026,18:07:05,24.3,61.2
06/22/2026,18:12:05,24.3,61.2
06/22/2026,18:17:05,24.3,61.1
06/22/2026,18:22:05,24.3,61.1
06/22/2026,18:27:05,24.3,61.1
06/22/2026,18:32:05,24.3,61.1
06/22/2026,18:37:05,24.3,61.1
06/22/2026,18:42:05,24.3,61.1
06/22/2026,18:47:05,24.3,61.0
06/22/2026,18:52:05,24.3,61.0
06/22/2026,18:57:05,24.3,61.0
06/22/2026,19:02:05,24.3,61.0
06/22/2026,19:07:05,24.2,61.0
06/22/2026,19:12:05,24.2,61.0
06/22/2026,19:17:05,24.2,61.0
06/22/2026,19:22:05,24.2,61.0
06/22/2026,19:27:05,24.2,61.0
06/22/2026,19:32:05,24.2,60.9
06/22/2026,19:37:05,24.2,60.9
06/22/2026,19:42:05,24.2,60.9
06/22/2026,19:47:05,24.1,60.9
06/22/2026,19:52:05,24.1,60.8
06/22/2026,19:57:05,24.1,60.7
06/22/2026,20:02:05,24.1,60.8
06/22/2026,20:07:05,24.1,60.7
06/22/2026,20:12:05,24.1,60.6
06/22/2026,20:17:05,24.0,60.5
06/22/2026,20:22:05,24.0,60.5
06/22/2026,20:27:05,24.0,60.4
06/22/2026,20:32:05,24.0,60.4
06/22/2026,20:37:05,24.0,60.2
06/22/2026,20:42:05,24.0,60.1
06/22/2026,20:47:05,24.0,60.0
06/22/2026,20:52:05,24.0,59.9
06/22/2026,20:57:05,24.0,59.9
06/22/2026,21:02:05,23.9,59.7
06/22/2026,21:07:05,24.0,59.7
06/22/2026,21:12:05,23.9,59.8
06/22/2026,21:17:05,23.9,59.7
06/22/2026,21:22:05,23.9,59.8
06/22/2026,21:27:05,23.9,59.8
06/22/2026,21:32:05,23.9,59.9
06/22/2026,21:37:05,23.9,60.0
06/22/2026,21:42:05,23.8,60.1
06/22/2026,21:47:05,23.8,60.2
06/22/2026,21:52:05,23.8,60.3
06/22/2026,21:57:05,23.8,60.4
06/22/2026,22:02:05,23.8,60.4
06/22/2026,22:07:05,23.8,60.4
06/22/2026,22:12:05,23.8,60.3
06/22/2026,22:17:05,23.8,60.3
06/22/2026,22:22:05,23.8,60.2
06/22/2026,22:27:05,23.8,60.1
06/22/2026,22:32:05,23.7,60.1
06/22/2026,22:37:05,23.7,60.0
06/22/2026,22:42:05,23.7,59.9
06/22/2026,22:47:05,23.7,59.9
06/22/2026,22:52:05,23.6,59.8
06/22/2026,22:57:05,23.6,59.7
06/22/2026,23:02:05,23.6,59.7
06/22/2026,23:07:05,23.6,59.7
06/22/2026,23:12:05,23.6,59.6
06/22/2026,23:17:05,23.5,59.6
06/22/2026,23:22:05,23.6,59.5
06/22/2026,23:27:05,23.5,59.4
06/22/2026,23:32:05,23.5,59.4
06/22/2026,23:37:05,23.5,59.4
06/22/2026,23:42:05,23.5,59.3
06/22/2026,23:47:05,23.5,59.3
06/22/2026,23:52:05,23.5,59.2
06/22/2026,23:57:05,23.4,59.2
06/23/2026,00:02:05,23.4,59.2
06/23/2026,00:07:05,23.4,59.2
06/23/2026,00:12:05,23.4,59.2
06/23/2026,00:17:05,23.4,59.1
06/23/2026,00:22:05,23.4,59.2
06/23/2026,00:27:05,23.3,59.2
06/23/2026,00:32:05,23.4,59.2
06/23/2026,00:37:05,23.3,59.2
06/23/2026,00:42:05,23.3,59.3
06/23/2026,00:47:05,23.3,59.3
06/23/2026,00:52:05,23.3,59.3
06/23/2026,00:57:05,23.3,59.3
06/23/2026,01:02:05,23.3,59.4
06/23/2026,01:07:05,23.3,59.4
06/23/2026,01:12:05,23.3,59.4
06/23/2026,01:17:05,23.2,59.4
06/23/2026,01:22:05,23.2,59.4
06/23/2026,01:27:05,23.2,59.4
06/23/2026,01:32:05,23.2,59.5
06/23/2026,01:37:05,23.2,59.5
06/23/2026,01:42:05,23.2,59.5
06/23/2026,01:47:05,23.2,59.5
06/23/2026,01:52:05,23.2,59.6
06/23/2026,01:57:05,23.2,59.6
06/23/2026,02:02:05,23.2,59.5
06/23/2026,02:07:05,23.2,59.6
06/23/2026,02:12:05,23.2,59.6
06/23/2026,02:17:05,23.1,59.6
06/23/2026,02:22:05,23.1,59.7
06/23/2026,02:27:05,23.1,59.7
06/23/2026,02:32:05,23.1,59.8
06/23/2026,02:37:05,23.1,59.9
06/23/2026,02:42:05,23.1,60.0
06/23/2026,02:47:05,23.1,60.0
06/23/2026,02:52:05,23.1,60.1
06/23/2026,02:57:05,23.1,60.1
06/23/2026,03:02:05,23.1,60.2
06/23/2026,03:07:05,23.1,60.2
06/23/2026,03:12:05,23.1,60.2
06/23/2026,03:17:05,23.0,60.3
06/23/2026,03:22:05,23.1,60.3
06/23/2026,03:27:05,23.0,60.4
06/23/2026,03:32:05,23.0,60.4
06/23/2026,03:37:05,23.0,60.5
06/23/2026,03:42:05,23.0,60.5
06/23/2026,03:47:05,23.0,60.6
06/23/2026,03:52:05,23.0,60.6
06/23/2026,03:57:05,23.0,60.7
06/23/2026,04:02:05,23.0,60.7
06/23/2026,04:07:05,22.9,60.6
06/23/2026,04:12:05,23.0,60.7
06/23/2026,04:17:05,22.9,60.7
06/23/2026,04:22:05,22.9,60.8
06/23/2026,04:27:05,22.9,60.7
06/23/2026,04:32:05,22.9,60.8
06/23/2026,04:37:05,22.9,60.8
06/23/2026,04:42:05,22.9,60.8
06/23/2026,04:47:05,22.9,60.8
06/23/2026,04:52:05,22.9,60.9
06/23/2026,04:57:05,22.9,60.9
06/23/2026,05:02:05,22.8,60.9
06/23/2026,05:07:05,22.8,60.9
06/23/2026,05:12:05,22.9,60.9
06/23/2026,05:17:05,22.8,61.0
06/23/2026,05:22:05,22.8,61.0
06/23/2026,05:27:05,22.8,60.9
06/23/2026,05:32:05,22.8,61.0
06/23/2026,05:37:05,22.8,61.0
06/23/2026,05:42:05,22.8,61.0
06/23/2026,05:47:05,22.8,61.1
06/23/2026,05:52:05,22.7,61.1
06/23/2026,05:57:05,22.7,61.1
06/23/2026,06:02:05,22.8,61.1
06/23/2026,06:07:05,22.7,61.1
06/23/2026,06:12:05,22.7,61.2
06/23/2026,06:17:05,22.7,61.2
06/23/2026,06:22:05,22.8,61.3
06/23/2026,06:27:05,22.7,61.3
06/23/2026,06:32:05,22.8,61.3
06/23/2026,06:37:05,22.7,61.3
06/23/2026,06:42:05,22.8,61.4
06/23/2026,06:47:05,22.8,61.4
06/23/2026,06:52:05,22.8,61.4
06/23/2026,06:57:05,22.8,61.4
06/23/2026,07:02:05,22.8,61.4
06/23/2026,07:07:05,22.8,61.3
06/23/2026,07:12:05,22.8,61.3
06/23/2026,07:17:05,22.8,61.3
06/23/2026,07:22:05,22.8,61.3
06/23/2026,07:27:05,22.8,61.3
06/23/2026,07:32:05,22.9,61.2
06/23/2026,07:37:05,22.9,61.2
06/23/2026,07:42:05,22.9,61.2
06/23/2026,07:47:05,22.9,61.2
06/23/2026,07:52:05,22.9,61.3
06/23/2026,07:57:05,22.9,61.2
06/23/2026,08:02:05,22.9,61.3
06/23/2026,08:07:05,23.0,61.3
06/23/2026,08:12:05,23.0,61.4
06/23/2026,08:17:05,23.0,61.4
06/23/2026,08:22:05,23.0,61.4
06/23/2026,08:27:05,23.0,61.4
06/23/2026,08:32:05,23.0,61.5
06/23/2026,08:37:05,23.0,61.5
06/23/2026,08:42:05,23.0,61.5
06/23/2026,08:47:05,23.0,61.5
06/23/2026,08:52:05,23.0,61.6
06/23/2026,08:57:05,23.0,61.6
06/23/2026,09:02:05,23.0,61.7
06/23/2026,09:07:05,23.0,61.7
06/23/2026,09:12:05,23.0,61.7
06/23/2026,09:17:05,23.0,61.8
06/23/2026,09:22:05,23.0,61.8
06/23/2026,09:27:05,23.0,61.9
06/23/2026,09:32:05,23.0,61.9
06/23/2026,09:37:05,23.1,62.0
06/23/2026,09:42:05,23.1,62.0
06/23/2026,09:47:05,23.1,62.1
06/23/2026,09:52:05,23.1,62.2
06/23/2026,09:57:05,23.1,62.3
06/23/2026,10:02:05,23.1,62.4
06/23/2026,10:07:05,23.1,62.4
06/23/2026,10:12:05,23.1,62.6
06/23/2026,10:17:05,23.1,62.6
06/23/2026,10:22:05,23.1,62.7
06/23/2026,10:27:05,23.1,62.7
06/23/2026,10:32:05,23.1,62.8
06/23/2026,10:37:05,23.2,62.8
06/23/2026,10:42:05,23.2,62.9
06/23/2026,10:47:05,23.2,63.0
06/23/2026,10:52:05,23.2,63.1
06/23/2026,10:57:05,23.2,63.3
06/23/2026,11:02:05,23.2,63.3
06/23/2026,11:07:05,23.2,63.4
06/23/2026,11:12:05,23.2,63.5
06/23/2026,11:17:05,23.2,63.7
06/23/2026,11:22:05,23.2,63.8
06/23/2026,11:27:05,23.2,64.0
06/23/2026,11:32:05,23.2,64.0
06/23/2026,11:37:05,23.3,64.2
06/23/2026,11:42:05,23.3,64.3
06/23/2026,11:47:05,23.3,64.5
06/23/2026,11:52:05,23.3,64.7
06/23/2026,11:57:05,23.3,64.8
06/23/2026,12:02:05,23.3,65.0
06/23/2026,12:07:05,23.4,65.1
06/23/2026,12:12:05,23.4,65.2
06/23/2026,12:17:05,23.4,65.3
06/23/2026,12:22:05,23.4,65.2
06/23/2026,12:27:05,23.4,65.2
06/23/2026,12:32:05,23.5,65.2
06/23/2026,12:37:05,23.5,65.4
06/23/2026,12:42:05,23.5,66.1
06/23/2026,12:47:05,23.6,66.1
06/23/2026,12:52:05,23.7,66.6
06/23/2026,12:57:05,23.7,66.9
06/23/2026,13:02:05,23.8,67.1
06/23/2026,13:07:05,23.8,67.5
06/23/2026,13:12:05,23.9,68.1
06/23/2026,13:17:05,24.0,68.3
06/23/2026,13:22:05,24.0,68.6
06/23/2026,13:27:05,24.0,69.0
06/23/2026,13:32:05,24.1,69.1
06/23/2026,13:37:05,24.1,69.4
06/23/2026,13:42:05,24.1,69.5
06/23/2026,13:47:05,24.2,69.7
06/23/2026,13:52:05,24.2,69.8
06/23/2026,13:57:05,24.2,69.9
06/23/2026,14:02:05,24.2,70.0
06/23/2026,14:07:05,24.2,70.1
06/23/2026,14:12:05,24.2,70.2
06/23/2026,14:17:05,24.2,70.3
06/23/2026,14:22:05,24.2,70.4
06/23/2026,14:27:05,24.2,70.5
06/23/2026,14:32:05,24.2,70.6
06/23/2026,14:37:05,24.2,70.6
06/23/2026,14:42:05,24.3,70.6
06/23/2026,14:47:05,24.3,70.6
06/23/2026,14:52:05,24.3,70.7
06/23/2026,14:57:05,24.3,70.7
06/23/2026,15:02:05,24.3,70.8
06/23/2026,15:07:05,24.3,70.8
06/23/2026,15:12:05,24.4,70.8
06/23/2026,15:17:05,24.4,70.9
06/23/2026,15:22:05,24.5,70.9
06/23/2026,15:27:05,24.4,70.9
06/23/2026,15:32:05,24.5,70.9
06/23/2026,15:37:05,24.5,71.0
06/23/2026,15:42:05,24.5,71.0
06/23/2026,15:47:05,24.6,71.1
06/23/2026,15:52:05,24.6,71.2
06/23/2026,15:57:05,24.6,71.2
06/23/2026,16:02:05,24.7,71.3
06/23/2026,16:07:05,24.7,71.3
06/23/2026,16:12:05,24.7,71.3
06/23/2026,16:17:05,24.8,71.3
06/23/2026,16:22:05,24.8,71.4
06/23/2026,16:27:05,24.8,71.4
06/23/2026,16:32:05,24.8,71.4
06/23/2026,16:37:05,24.9,71.4
06/23/2026,16:42:05,24.9,71.5
06/23/2026,16:47:05,24.9,71.5
06/23/2026,16:52:05,24.9,71.5
06/23/2026,16:57:05,25.0,71.5
06/23/2026,17:02:05,25.0,71.5
06/23/2026,17:07:05,25.0,71.5
06/23/2026,17:12:05,25.1,71.6
06/23/2026,17:17:05,25.0,71.6
06/23/2026,17:22:05,25.1,71.5
06/23/2026,17:27:05,25.1,71.5
06/23/2026,17:32:05,25.1,71.5
06/23/2026,17:37:05,25.1,71.5
06/23/2026,17:42:05,25.1,71.5
06/23/2026,17:47:05,25.1,71.5
06/23/2026,17:52:05,25.1,71.4
06/23/2026,17:57:05,25.1,71.4
06/23/2026,18:02:05,25.2,71.3
06/23/2026,18:07:05,25.2,71.4
06/23/2026,18:12:05,25.2,71.3
06/23/2026,18:17:05,25.2,71.3
06/23/2026,18:22:05,25.2,71.3
06/23/2026,18:27:05,25.2,71.3
06/23/2026,18:32:05,25.2,71.3
06/23/2026,18:37:05,25.2,71.3
06/23/2026,18:42:05,25.2,71.3
06/23/2026,18:47:05,25.2,71.3
06/23/2026,18:52:05,25.3,71.4
06/23/2026,18:57:05,25.3,71.4
06/23/2026,19:02:05,25.3,71.3
06/23/2026,19:07:05,25.3,71.3
06/23/2026,19:12:05,25.3,72.6
06/23/2026,19:17:05,25.4,72.1
06/23/2026,19:22:05,25.4,71.8
06/23/2026,19:27:05,25.4,71.4
06/23/2026,19:32:05,25.5,71.4
06/23/2026,19:37:05,25.5,71.9
06/23/2026,19:42:05,25.5,71.4
06/23/2026,19:47:05,25.5,71.2
06/23/2026,19:52:05,25.5,71.1
06/23/2026,19:57:05,25.5,71.1
06/23/2026,20:02:05,25.5,71.0
06/23/2026,20:07:05,25.5,71.0
06/23/2026,20:12:05,25.5,71.0
06/23/2026,20:17:05,25.5,71.0
06/23/2026,20:22:05,25.5,70.9
06/23/2026,20:27:05,25.4,70.9
06/23/2026,20:32:05,25.5,70.8
06/23/2026,20:37:05,25.5,70.7
06/23/2026,20:42:05,25.4,70.6
06/23/2026,20:47:05,25.4,70.5
06/23/2026,20:52:05,25.4,70.5
06/23/2026,20:57:05,25.4,70.3
06/23/2026,21:02:05,25.4,70.3
06/23/2026,21:07:05,25.4,70.3
06/23/2026,21:12:05,25.4,70.3
06/23/2026,21:17:05,25.3,70.2
06/23/2026,21:22:05,25.4,70.2
06/23/2026,21:27:05,25.4,70.2
06/23/2026,21:32:05,25.3,70.1
06/23/2026,21:37:05,25.3,70.1
06/23/2026,21:42:05,25.3,70.0
06/23/2026,21:47:05,25.3,69.9
06/23/2026,21:52:05,25.3,69.9
06/23/2026,21:57:05,25.3,69.9
06/23/2026,22:02:05,25.3,69.8
06/23/2026,22:07:05,25.3,69.8
06/23/2026,22:12:05,25.3,69.8
06/23/2026,22:17:05,25.3,69.8
06/23/2026,22:22:05,25.3,69.7
06/23/2026,22:27:05,25.3,69.7
06/23/2026,22:32:05,25.3,69.7
06/23/2026,22:37:05,25.3,69.6
06/23/2026,22:42:05,25.3,69.6
06/23/2026,22:47:05,25.3,69.6
06/23/2026,22:52:05,25.3,69.6
06/23/2026,22:57:05,25.3,69.6
06/23/2026,23:02:05,25.3,69.6
06/23/2026,23:07:05,25.3,69.5
06/23/2026,23:12:05,25.3,69.5
06/23/2026,23:17:05,25.3,69.5
06/23/2026,23:22:05,25.3,69.5
06/23/2026,23:27:05,25.3,69.4
06/23/2026,23:32:05,25.3,69.5
06/23/2026,23:37:05,25.3,69.4
06/23/2026,23:42:05,25.2,69.4
06/23/2026,23:47:05,25.3,69.4
06/23/2026,23:52:05,25.2,69.3
06/23/2026,23:57:05,25.2,69.3
06/24/2026,00:02:05,25.2,69.3
06/24/2026,00:07:05,25.2,69.3
06/24/2026,00:12:05,25.2,69.2
06/24/2026,00:17:05,25.3,69.2
06/24/2026,00:22:05,25.2,69.2
06/24/2026,00:27:05,25.2,69.2
06/24/2026,00:32:05,25.2,69.1
06/24/2026,00:37:05,25.2,69.1
06/24/2026,00:42:05,25.2,69.1
06/24/2026,00:47:05,25.2,69.1
06/24/2026,00:52:05,25.2,69.0
06/24/2026,00:57:05,25.2,69.0
06/24/2026,01:02:05,25.2,68.9
06/24/2026,01:07:05,25.2,68.9
06/24/2026,01:12:05,25.2,68.9
06/24/2026,01:17:05,25.2,68.9
06/24/2026,01:22:05,25.2,68.8
06/24/2026,01:27:05,25.2,68.8
06/24/2026,01:32:05,25.2,68.8
06/24/2026,01:37:05,25.2,68.8
06/24/2026,01:42:05,25.2,68.7
06/24/2026,01:47:05,25.2,68.7
06/24/2026,01:52:05,25.2,68.7
06/24/2026,01:57:05,25.2,68.6
06/24/2026,02:02:05,25.1,68.6
06/24/2026,02:07:05,25.2,68.6
06/24/2026,02:12:05,25.1,68.6
06/24/2026,02:17:05,25.2,68.5
06/24/2026,02:22:05,25.2,68.5
06/24/2026,02:27:05,25.1,68.4
06/24/2026,02:32:05,25.1,68.4
06/24/2026,02:37:05,25.1,68.4
06/24/2026,02:42:05,25.1,68.4
06/24/2026,02:47:05,25.1,68.4
06/24/2026,02:52:05,25.1,68.3
06/24/2026,02:57:05,25.1,68.3
06/24/2026,03:02:05,25.1,68.3
06/24/2026,03:07:05,25.1,68.2
06/24/2026,03:12:05,25.1,68.2
06/24/2026,03:17:05,25.1,68.2
06/24/2026,03:22:05,25.1,68.2
06/24/2026,03:27:05,25.1,68.1
06/24/2026,03:32:05,25.1,68.1
06/24/2026,03:37:05,25.1,68.1
06/24/2026,03:42:05,25.1,68.1
06/24/2026,03:47:05,25.1,68.0
06/24/2026,03:52:05,25.1,68.0
06/24/2026,03:57:05,25.1,68.0
06/24/2026,04:02:05,25.0,67.9
06/24/2026,04:07:05,25.0,67.9
06/24/2026,04:12:05,25.0,67.9
06/24/2026,04:17:05,25.0,67.9
06/24/2026,04:22:05,25.0,67.8
06/24/2026,04:27:05,25.0,67.8
06/24/2026,04:32:05,25.0,67.8
06/24/2026,04:37:05,25.0,67.7
06/24/2026,04:42:05,25.0,67.7
06/24/2026,04:47:05,25.0,67.7
06/24/2026,04:52:05,25.0,67.7
06/24/2026,04:57:05,25.0,67.6
06/24/2026,05:02:05,24.9,67.6
06/24/2026,05:07:05,24.9,67.6
06/24/2026,05:12:05,25.0,67.6
06/24/2026,05:17:05,24.9,67.5
06/24/2026,05:22:05,24.9,67.5
06/24/2026,05:27:05,24.9,67.5
06/24/2026,05:32:05,24.9,67.4
06/24/2026,05:37:05,24.9,67.4
06/24/2026,05:42:05,24.9,67.4
06/24/2026,05:47:05,24.9,67.4
06/24/2026,05:52:05,24.9,67.4
06/24/2026,05:57:05,24.9,67.4
06/24/2026,06:02:05,24.9,67.3
06/24/2026,06:07:05,24.9,67.3
06/24/2026,06:12:05,24.9,67.3
06/24/2026,06:17:05,24.9,67.3
06/24/2026,06:22:05,24.9,67.3
06/24/2026,06:27:05,24.9,67.3
06/24/2026,06:32:05,24.9,67.3
06/24/2026,06:37:05,24.9,67.3
06/24/2026,06:42:05,24.9,67.2
06/24/2026,06:47:05,24.9,67.2
06/24/2026,06:52:05,24.9,67.2
06/24/2026,06:57:05,24.9,67.2
06/24/2026,07:02:05,24.9,67.2
06/24/2026,07:07:05,24.9,67.1
06/24/2026,07:12:05,24.9,67.1
06/24/2026,07:17:05,24.9,67.1
06/24/2026,07:22:05,24.9,67.1
06/24/2026,07:27:05,24.9,67.1
06/24/2026,07:32:05,24.9,67.0
06/24/2026,07:37:05,24.9,67.0
06/24/2026,07:42:05,24.9,67.0
06/24/2026,07:47:05,24.9,67.0
06/24/2026,07:52:05,25.0,67.0
06/24/2026,07:57:05,25.0,67.0
06/24/2026,08:02:05,25.0,67.0
06/24/2026,08:07:05,25.0,67.0
06/24/2026,08:12:05,25.0,67.0
06/24/2026,08:17:05,25.0,67.0
06/24/2026,08:22:05,25.0,67.0
06/24/2026,08:27:05,25.0,67.0
06/24/2026,08:32:05,25.0,67.0
06/24/2026,08:37:05,25.0,67.1
06/24/2026,08:42:05,25.1,67.1
06/24/2026,08:47:05,25.1,67.2
06/24/2026,08:52:05,25.1,67.2
06/24/2026,08:57:05,25.1,67.3
06/24/2026,09:02:05,25.1,67.5
06/24/2026,09:07:05,25.2,67.5
06/24/2026,09:12:05,25.2,67.7
06/24/2026,09:17:05,25.2,67.7
06/24/2026,09:22:05,25.2,67.8
06/24/2026,09:27:05,25.2,68.0
06/24/2026,09:32:05,25.2,68.1
06/24/2026,09:37:05,25.2,68.2
06/24/2026,09:42:05,25.3,68.7
06/24/2026,09:47:05,25.3,68.6
06/24/2026,09:52:05,25.4,68.6
06/24/2026,09:57:05,25.4,68.7
06/24/2026,10:02:05,25.4,68.8
06/24/2026,10:07:05,25.4,69.0
06/24/2026,10:12:05,25.5,69.0
06/24/2026,10:17:05,25.5,69.0
06/24/2026,10:22:05,25.5,69.2
06/24/2026,10:27:05,25.5,69.3
06/24/2026,10:32:05,25.5,69.4
06/24/2026,10:37:05,25.6,69.5
06/24/2026,10:42:05,25.6,69.5
06/24/2026,10:47:05,25.6,69.6
06/24/2026,10:52:05,25.6,69.6
06/24/2026,10:57:05,25.6,69.6
06/24/2026,11:02:05,25.7,69.7
06/24/2026,11:07:05,25.7,69.7
06/24/2026,11:12:05,25.7,69.7
06/24/2026,11:17:05,25.7,69.7
06/24/2026,11:22:05,25.7,69.8
06/24/2026,11:27:05,25.7,69.8
06/24/2026,11:32:05,25.7,69.8
06/24/2026,11:37:05,25.7,69.8
06/24/2026,11:42:05,25.7,69.9
06/24/2026,11:47:05,25.7,69.9
06/24/2026,11:52:05,25.7,70.0
06/24/2026,11:57:05,25.7,70.0
06/24/2026,12:02:05,25.7,70.0
06/24/2026,12:07:05,25.7,70.2
06/24/2026,12:12:05,25.7,70.2
06/24/2026,12:17:05,25.7,70.2
06/24/2026,12:22:05,25.7,70.3
06/24/2026,12:27:05,25.7,70.3
06/24/2026,12:32:05,25.7,70.4
06/24/2026,12:37:05,25.7,70.4
06/24/2026,12:42:05,25.7,70.4
06/24/2026,12:47:05,25.7,70.5
06/24/2026,12:52:05,25.7,70.5
06/24/2026,12:57:05,25.7,70.7
06/24/2026,13:02:05,25.7,70.8
06/24/2026,13:07:05,25.7,70.8
06/24/2026,13:12:05,25.7,70.8
06/24/2026,13:17:05,25.7,70.9
06/24/2026,13:22:05,25.8,70.9
06/24/2026,13:27:05,25.8,71.1
06/24/2026,13:32:05,25.8,71.2
06/24/2026,13:37:05,25.8,71.2
06/24/2026,13:42:05,25.8,71.2
06/24/2026,13:47:05,25.9,71.3
06/24/2026,13:52:05,25.9,71.3
06/24/2026,13:57:05,25.9,71.4
06/24/2026,14:02:05,25.9,71.4
06/24/2026,14:07:05,25.9,71.4
06/24/2026,14:12:05,25.9,71.5
06/24/2026,14:17:05,25.9,71.5
06/24/2026,14:22:05,26.0,71.5
06/24/2026,14:27:05,25.9,71.6
06/24/2026,14:32:05,26.0,71.6
06/24/2026,14:37:05,26.0,71.6
06/24/2026,14:42:05,26.0,71.7
06/24/2026,14:47:05,26.1,71.7
06/24/2026,14:52:05,26.1,71.7
06/24/2026,14:57:05,26.1,71.7
06/24/2026,15:02:05,26.1,71.8
06/24/2026,15:07:05,26.1,71.9
06/24/2026,15:12:05,26.2,71.9
06/24/2026,15:17:05,26.2,71.9
06/24/2026,15:22:05,26.2,71.9
06/24/2026,15:27:05,26.3,72.0
06/24/2026,15:32:05,26.3,72.0
06/24/2026,15:37:05,26.3,72.0
06/24/2026,15:42:05,26.3,72.0
06/24/2026,15:47:05,26.4,72.0
06/24/2026,15:52:05,26.4,71.9
06/24/2026,15:57:05,26.4,71.9
06/24/2026,16:02:05,26.5,71.9
06/24/2026,16:07:05,26.5,71.8
06/24/2026,16:12:05,26.5,71.8
06/24/2026,16:17:05,26.5,71.8
06/24/2026,16:22:05,26.6,71.7
06/24/2026,16:27:05,26.6,71.7
06/24/2026,16:32:05,26.6,71.6
06/24/2026,16:37:05,26.6,71.6
06/24/2026,16:42:05,26.7,71.6
06/24/2026,16:47:05,26.7,71.5
06/24/2026,16:52:05,26.7,71.6
06/24/2026,16:57:05,26.7,71.6
06/24/2026,17:02:05,26.7,71.5
06/24/2026,17:07:05,26.8,71.5
06/24/2026,17:12:05,26.8,71.5
06/24/2026,17:17:05,26.8,71.4
06/24/2026,17:22:05,26.8,71.4
06/24/2026,17:27:05,26.8,71.4
06/24/2026,17:32:05,26.8,71.4
06/24/2026,17:37:05,26.8,71.4
06/24/2026,17:42:05,26.8,71.3
06/24/2026,17:47:05,26.9,71.4
06/24/2026,17:52:05,26.8,71.4
06/24/2026,17:57:05,26.8,71.3
06/24/2026,18:02:05,26.9,71.3
06/24/2026,18:07:05,26.9,71.3
06/24/2026,18:12:05,26.9,71.3
06/24/2026,18:17:05,26.9,71.3
06/24/2026,18:22:05,26.9,71.2
06/24/2026,18:27:05,26.9,71.2
06/24/2026,18:32:05,26.9,71.2
06/24/2026,18:37:05,26.9,71.2
06/24/2026,18:42:05,26.9,71.2
06/24/2026,18:47:05,26.9,71.1
06/24/2026,18:52:05,26.9,71.0
06/24/2026,18:57:05,26.9,71.0
06/24/2026,19:02:05,26.9,70.8
06/24/2026,19:07:05,26.9,70.8
06/24/2026,19:12:05,26.9,70.9
06/24/2026,19:17:05,27.0,70.9
06/24/2026,19:22:05,27.0,70.9
06/24/2026,19:27:05,27.0,70.5
06/24/2026,19:32:05,27.0,70.3
06/24/2026,19:37:05,27.1,70.5
06/24/2026,19:42:05,27.1,70.0
06/24/2026,19:47:05,27.1,69.4
06/24/2026,19:52:05,27.0,68.9
06/24/2026,19:57:05,27.0,68.4
06/24/2026,20:02:05,27.0,68.2
06/24/2026,20:07:05,26.9,68.0
06/24/2026,20:12:05,26.9,67.8
06/24/2026,20:17:05,26.9,67.7
06/24/2026,20:22:05,26.8,67.5
06/24/2026,20:27:05,26.8,67.5
06/24/2026,20:32:05,26.8,67.2
06/24/2026,20:37:05,26.7,67.1
06/24/2026,20:42:05,26.7,66.9
06/24/2026,20:47:05,26.7,66.8
06/24/2026,20:52:05,26.7,66.9
06/24/2026,20:57:05,26.7,67.0
06/24/2026,21:02:05,26.6,67.1
06/24/2026,21:07:05,26.6,67.0
06/24/2026,21:12:05,26.6,67.2
06/24/2026,21:17:05,26.6,67.4
06/24/2026,21:22:05,26.6,67.5
06/24/2026,21:27:05,26.6,67.5
06/24/2026,21:32:05,26.6,67.5
06/24/2026,21:37:05,26.6,67.5
06/24/2026,21:42:05,26.6,67.5
06/24/2026,21:47:05,26.6,67.4
06/24/2026,21:52:05,26.6,67.4
06/24/2026,21:57:05,26.6,67.4
06/24/2026,22:02:05,26.6,67.4
06/24/2026,22:07:05,26.6,67.3
06/24/2026,22:12:05,26.6,67.2
06/24/2026,22:17:05,26.6,67.2
06/24/2026,22:22:05,26.6,67.2
06/24/2026,22:27:05,26.6,67.1
06/24/2026,22:32:05,26.6,67.1
06/24/2026,22:37:05,26.6,67.0
06/24/2026,22:42:05,26.6,67.0
06/24/2026,22:47:05,26.6,67.0
06/24/2026,22:52:05,26.6,66.9
06/24/2026,22:57:05,26.6,66.8
06/24/2026,23:02:05,26.6,66.8
06/24/2026,23:07:05,26.5,66.8
06/24/2026,23:12:05,26.6,66.8
06/24/2026,23:17:05,26.5,66.7
06/24/2026,23:22:05,26.5,66.6
06/24/2026,23:27:05,26.5,66.6
06/24/2026,23:32:05,26.5,66.6
06/24/2026,23:37:05,26.5,66.5
06/24/2026,23:42:05,26.5,66.5
06/24/2026,23:47:05,26.5,66.4
06/24/2026,23:52:05,26.5,66.4
06/24/2026,23:57:05,26.5,66.3
06/25/2026,00:02:05,26.5,66.3
06/25/2026,00:07:05,26.5,66.2
06/25/2026,00:12:05,26.4,66.0
06/25/2026,00:17:05,26.4,66.0
06/25/2026,00:22:05,26.4,65.9
06/25/2026,00:27:05,26.4,65.8
06/25/2026,00:32:05,26.4,65.7
06/25/2026,00:37:05,26.4,65.7
06/25/2026,00:42:05,26.4,65.6
06/25/2026,00:47:05,26.4,65.6
06/25/2026,00:52:05,26.4,65.5
06/25/2026,00:57:05,26.3,65.3
06/25/2026,01:02:05,26.4,65.3
06/25/2026,01:07:05,26.3,65.2
06/25/2026,01:12:05,26.3,65.1
06/25/2026,01:17:05,26.3,65.1
06/25/2026,01:22:05,26.3,65.0
06/25/2026,01:27:05,26.3,65.0
06/25/2026,01:32:05,26.3,64.9
06/25/2026,01:37:05,26.3,64.8
06/25/2026,01:42:05,26.2,64.8
06/25/2026,01:47:05,26.2,64.6
06/25/2026,01:52:05,26.2,64.6
06/25/2026,01:57:05,26.2,64.5
06/25/2026,02:02:05,26.2,64.4
06/25/2026,02:07:05,26.2,64.4
06/25/2026,02:12:05,26.2,64.3
06/25/2026,02:17:05,26.2,64.2
06/25/2026,02:22:05,26.2,64.2
06/25/2026,02:27:05,26.1,64.1
06/25/2026,02:32:05,26.2,64.1
06/25/2026,02:37:05,26.1,64.0
06/25/2026,02:42:05,26.1,63.9
06/25/2026,02:47:05,26.1,63.8
06/25/2026,02:52:05,26.1,63.7
06/25/2026,02:57:05,26.1,63.7
06/25/2026,03:02:05,26.1,63.6
06/25/2026,03:07:05,26.1,63.5
06/25/2026,03:12:05,26.1,63.5
06/25/2026,03:17:05,26.1,63.4
06/25/2026,03:22:05,26.0,63.4
06/25/2026,03:27:05,26.1,63.4
06/25/2026,03:32:05,26.0,63.3
06/25/2026,03:37:05,26.0,63.2
06/25/2026,03:42:05,26.0,63.1
06/25/2026,03:47:05,26.0,63.0
06/25/2026,03:52:05,26.0,62.9
06/25/2026,03:57:05,26.0,62.9
06/25/2026,04:02:05,25.9,62.9
06/25/2026,04:07:05,25.9,62.8
06/25/2026,04:12:05,25.9,62.7
06/25/2026,04:17:05,25.9,62.7
06/25/2026,04:22:05,25.9,62.5
06/25/2026,04:27:05,25.9,62.6
06/25/2026,04:32:05,25.9,62.4
06/25/2026,04:37:05,25.9,62.5
06/25/2026,04:42:05,25.8,62.5
06/25/2026,04:47:05,25.8,62.4
06/25/2026,04:52:05,25.8,62.3
06/25/2026,04:57:05,25.8,62.2
06/25/2026,05:02:05,25.8,62.2
06/25/2026,05:07:05,25.8,62.1
06/25/2026,05:12:05,25.8,62.1
06/25/2026,05:17:05,25.8,62.0
06/25/2026,05:22:05,25.7,62.0
06/25/2026,05:27:05,25.7,61.9
06/25/2026,05:32:05,25.7,61.9
06/25/2026,05:37:05,25.7,61.8
06/25/2026,05:42:05,25.7,61.8
06/25/2026,05:47:05,25.7,61.7
06/25/2026,05:52:05,25.7,61.7
06/25/2026,05:57:05,25.7,61.7
06/25/2026,06:02:05,25.6,61.6
06/25/2026,06:07:05,25.6,61.6
06/25/2026,06:12:05,25.6,61.6
06/25/2026,06:17:05,25.6,61.6
06/25/2026,06:22:05,25.6,61.5
06/25/2026,06:27:05,25.6,61.5
06/25/2026,06:32:05,25.6,61.5
06/25/2026,06:37:05,25.6,61.4
06/25/2026,06:42:05,25.6,61.4
06/25/2026,06:47:05,25.6,61.4
06/25/2026,06:52:05,25.6,61.3
06/25/2026,06:57:05,25.6,61.3
06/25/2026,07:02:05,25.6,61.3
06/25/2026,07:07:05,25.6,61.3
06/25/2026,07:12:05,25.6,61.3
06/25/2026,07:17:05,25.6,61.2
06/25/2026,07:22:05,25.6,61.2
06/25/2026,07:27:05,25.6,61.2
06/25/2026,07:32:05,25.6,61.2
06/25/2026,07:37:05,25.6,61.1
06/25/2026,07:42:05,25.5,61.2
06/25/2026,07:47:05,25.6,61.3
06/25/2026,07:52:05,25.6,61.2
06/25/2026,07:57:05,25.6,61.2
06/25/2026,08:02:05,25.6,61.2
06/25/2026,08:07:05,25.6,61.3
06/25/2026,08:12:05,25.6,61.3
06/25/2026,08:17:05,25.6,61.3
06/25/2026,08:22:05,25.6,61.3
06/25/2026,08:27:05,25.6,61.4
06/25/2026,08:32:05,25.6,61.4
06/25/2026,08:37:05,25.6,61.4
06/25/2026,08:42:05,25.6,61.4
06/25/2026,08:47:05,25.6,61.5
06/25/2026,08:52:05,25.7,61.5
06/25/2026,08:57:05,25.6,61.4
06/25/2026,09:02:05,25.6,61.4
06/25/2026,09:07:05,25.7,61.5
06/25/2026,09:12:05,25.7,61.5
06/25/2026,09:17:05,25.7,61.6
06/25/2026,09:22:05,25.7,61.6
06/25/2026,09:27:05,25.7,61.6
06/25/2026,09:32:05,25.7,61.7
06/25/2026,09:37:05,25.7,61.9
06/25/2026,09:42:05,25.7,62.2
06/25/2026,09:47:05,25.7,62.1
06/25/2026,09:52:05,25.7,62.0
06/25/2026,09:57:05,25.7,62.1
06/25/2026,10:02:05,25.8,62.3
06/25/2026,10:07:05,25.8,62.4
06/25/2026,10:12:05,25.8,62.3
06/25/2026,10:17:05,25.8,62.3
06/25/2026,10:22:05,25.8,62.4
06/25/2026,10:27:05,25.8,62.4
06/25/2026,10:32:05,25.8,62.4
06/25/2026,10:37:05,25.8,62.5
06/25/2026,10:42:05,25.8,62.5
06/25/2026,10:47:05,25.8,62.6
06/25/2026,10:52:05,25.8,62.6
06/25/2026,10:57:05,25.8,62.6
06/25/2026,11:02:05,25.8,62.7
06/25/2026,11:07:05,25.8,62.8
06/25/2026,11:12:05,25.8,62.8
06/25/2026,11:17:05,25.9,62.8
06/25/2026,11:22:05,25.8,62.9
06/25/2026,11:27:05,25.9,62.9
06/25/2026,11:32:05,25.9,63.0
06/25/2026,11:37:05,25.9,63.1
06/25/2026,11:42:05,25.9,63.2
06/25/2026,11:47:05,25.9,63.2
06/25/2026,11:52:05,25.9,63.2
06/25/2026,11:57:05,25.9,63.3
06/25/2026,12:02:05,25.9,63.3
06/25/2026,12:07:05,25.9,63.4
06/25/2026,12:12:05,25.9,63.4
06/25/2026,12:17:05,25.9,63.5
06/25/2026,12:22:05,25.9,63.6
06/25/2026,12:27:05,26.0,63.6
06/25/2026,12:32:05,25.9,63.7
06/25/2026,12:37:05,25.9,63.7
06/25/2026,12:42:05,26.0,63.8
06/25/2026,12:47:05,26.0,63.8
06/25/2026,12:52:05,26.0,63.9
06/25/2026,12:57:05,26.0,63.9
06/25/2026,13:02:05,26.0,63.9
06/25/2026,13:07:05,26.0,64.0
06/25/2026,13:12:05,26.0,64.0
06/25/2026,13:17:05,26.0,64.1
06/25/2026,13:22:05,26.0,64.1
06/25/2026,13:27:05,26.0,64.2
06/25/2026,13:32:05,26.1,64.2
06/25/2026,13:37:05,26.0,64.2
06/25/2026,13:42:05,26.1,64.3
06/25/2026,13:47:05,26.1,64.3
06/25/2026,13:52:05,26.0,64.3
06/25/2026,13:57:05,26.1,64.4
06/25/2026,14:02:05,26.1,64.4
06/25/2026,14:07:05,26.1,64.5
06/25/2026,14:12:05,26.1,64.5
06/25/2026,14:17:05,26.1,64.6
06/25/2026,14:22:05,26.1,64.7
06/25/2026,14:27:05,26.1,64.7
06/25/2026,14:32:05,26.2,64.7
06/25/2026,14:37:05,26.2,64.7
06/25/2026,14:42:05,26.2,64.8
06/25/2026,14:47:05,26.2,65.0
06/25/2026,14:52:05,26.3,65.1
06/25/2026,14:57:05,26.3,65.0
06/25/2026,15:02:05,26.3,65.0
06/25/2026,15:07:05,26.3,65.0
06/25/2026,15:12:05,26.4,65.0
06/25/2026,15:17:05,26.4,65.1
06/25/2026,15:22:05,26.5,64.9
06/25/2026,15:27:05,26.5,64.9
06/25/2026,15:32:05,26.5,64.9
06/25/2026,15:37:05,26.6,65.0
06/25/2026,15:42:05,26.6,65.0
06/25/2026,15:47:05,26.6,65.0
06/25/2026,15:52:05,26.7,64.9
06/25/2026,15:57:05,26.7,64.9
06/25/2026,16:02:05,26.7,64.9
06/25/2026,16:07:05,26.7,64.9
06/25/2026,16:12:05,26.7,64.8
06/25/2026,16:17:05,26.8,64.9
06/25/2026,16:22:05,26.8,64.9
06/25/2026,16:27:05,26.8,64.8
06/25/2026,16:32:05,26.8,64.8
06/25/2026,16:37:05,26.9,64.8
06/25/2026,16:42:05,26.9,64.8
06/25/2026,16:47:05,26.9,64.8
06/25/2026,16:52:05,26.9,64.8
06/25/2026,16:57:05,26.9,64.8
06/25/2026,17:02:05,26.9,64.8
06/25/2026,17:07:05,26.9,64.8
06/25/2026,17:12:05,26.9,64.8
06/25/2026,17:17:05,26.9,64.8
06/25/2026,17:22:05,27.0,64.7
06/25/2026,17:27:05,27.0,64.7
06/25/2026,17:32:05,26.9,64.7
06/25/2026,17:37:05,27.0,64.7
06/25/2026,17:42:05,27.0,64.7
06/25/2026,17:47:05,27.0,64.7
06/25/2026,17:52:05,27.0,64.7
06/25/2026,17:57:05,27.0,64.7
06/25/2026,18:02:05,27.0,64.7
06/25/2026,18:07:05,27.0,64.7
06/25/2026,18:12:05,27.0,64.7
06/25/2026,18:17:05,27.0,64.7
06/25/2026,18:22:05,27.0,64.6
06/25/2026,18:27:05,27.0,64.6
06/25/2026,18:32:05,27.0,64.6
06/25/2026,18:37:05,27.0,64.6
06/25/2026,18:42:05,27.0,64.6
06/25/2026,18:47:05,27.0,64.6
06/25/2026,18:52:05,27.0,64.6
06/25/2026,18:57:05,27.0,64.6
06/25/2026,19:02:05,27.1,64.6
06/25/2026,19:07:05,27.0,64.5
06/25/2026,19:12:05,27.0,64.5
06/25/2026,19:17:05,27.0,64.5
06/25/2026,19:22:05,27.0,64.5
06/25/2026,19:27:05,27.0,64.5
06/25/2026,19:32:05,27.0,64.5
06/25/2026,19:37:05,27.0,64.5
06/25/2026,19:42:05,27.0,64.5
06/25/2026,19:47:05,27.0,64.5
06/25/2026,19:52:05,27.0,64.5
06/25/2026,19:57:05,27.0,64.5
06/25/2026,20:02:05,27.0,64.5
06/25/2026,20:07:05,27.0,64.5
06/25/2026,20:12:05,27.0,64.5
06/25/2026,20:17:05,27.0,64.4
06/25/2026,20:22:05,27.0,64.5
06/25/2026,20:27:05,27.0,64.4
06/25/2026,20:32:05,27.0,64.4
06/25/2026,20:37:05,27.0,64.4
06/25/2026,20:42:05,27.0,64.4
06/25/2026,20:47:05,26.9,64.3
06/25/2026,20:52:05,27.0,64.3
06/25/2026,20:57:05,26.9,64.3
06/25/2026,21:02:05,26.9,64.3
06/25/2026,21:07:05,26.9,64.3
06/25/2026,21:12:05,26.9,64.3
06/25/2026,21:17:05,26.9,64.2
06/25/2026,21:22:05,26.9,64.2
06/25/2026,21:27:05,26.9,64.3
06/25/2026,21:32:05,26.9,64.3
06/25/2026,21:37:05,26.9,64.3
06/25/2026,21:42:05,26.9,64.2
06/25/2026,21:47:05,26.9,64.3
06/25/2026,21:52:05,26.9,64.2
06/25/2026,21:57:05,26.9,64.3
06/25/2026,22:02:05,26.9,64.2
06/25/2026,22:07:05,26.9,64.2
06/25/2026,22:12:05,26.9,64.2
06/25/2026,22:17:05,26.9,64.2
06/25/2026,22:22:05,26.8,64.2
06/25/2026,22:27:05,26.9,64.2
06/25/2026,22:32:05,26.8,64.2
06/25/2026,22:37:05,26.8,64.1
06/25/2026,22:42:05,26.8,64.2
06/25/2026,22:47:05,26.8,64.1
06/25/2026,22:52:05,26.8,64.1
06/25/2026,22:57:05,26.8,64.1
06/25/2026,23:02:05,26.8,64.1
06/25/2026,23:07:05,26.8,64.1
06/25/2026,23:12:05,26.8,64.0
06/25/2026,23:17:05,26.8,64.0
06/25/2026,23:22:05,26.8,64.0
06/25/2026,23:27:05,26.8,64.0
06/25/2026,23:32:05,26.8,64.0
06/25/2026,23:37:05,26.8,64.0
06/25/2026,23:42:05,26.8,64.0
06/25/2026,23:47:05,26.7,64.0
06/25/2026,23:52:05,26.7,63.9
06/25/2026,23:57:05,26.7,63.9
06/26/2026,00:02:05,26.7,63.9
06/26/2026,00:07:05,26.7,63.9
06/26/2026,00:12:05,26.7,63.9
06/26/2026,00:17:05,26.7,63.9
06/26/2026,00:22:05,26.7,63.9
06/26/2026,00:27:05,26.7,63.9
06/26/2026,00:32:05,26.7,63.8
06/26/2026,00:37:05,26.7,63.8
06/26/2026,00:42:05,26.7,63.8
06/26/2026,00:47:05,26.7,63.8
06/26/2026,00:52:05,26.7,63.8
06/26/2026,00:57:05,26.7,63.8
06/26/2026,01:02:05,26.6,63.8
06/26/2026,01:07:05,26.6,63.8
06/26/2026,01:12:05,26.6,63.8
06/26/2026,01:17:05,26.6,63.8
06/26/2026,01:22:05,26.6,63.8
06/26/2026,01:27:05,26.6,63.8
06/26/2026,01:32:05,26.6,63.7
06/26/2026,01:37:05,26.6,63.7
06/26/2026,01:42:05,26.6,63.8
06/26/2026,01:47:05,26.6,63.7
06/26/2026,01:52:05,26.6,63.7
06/26/2026,01:57:05,26.6,63.7
06/26/2026,02:02:05,26.6,63.7
06/26/2026,02:07:05,26.6,63.7
06/26/2026,02:12:05,26.6,63.7
06/26/2026,02:17:05,26.6,63.7
06/26/2026,02:22:05,26.5,63.7
06/26/2026,02:27:05,26.5,63.7
06/26/2026,02:32:05,26.5,63.7
06/26/2026,02:37:05,26.5,63.7
06/26/2026,02:42:05,26.5,63.7
06/26/2026,02:47:05,26.5,63.8
06/26/2026,02:52:05,26.5,63.7
06/26/2026,02:57:05,26.5,63.7
06/26/2026,03:02:05,26.5,63.8
06/26/2026,03:07:05,26.5,63.8
06/26/2026,03:12:05,26.5,63.8
06/26/2026,03:17:05,26.5,63.8
06/26/2026,03:22:05,26.5,63.8
06/26/2026,03:27:05,26.5,63.8
06/26/2026,03:32:05,26.5,63.8
06/26/2026,03:37:05,26.5,63.8
06/26/2026,03:42:05,26.4,63.8
06/26/2026,03:47:05,26.5,63.8
06/26/2026,03:52:05,26.5,63.8
06/26/2026,03:57:05,26.4,63.8
06/26/2026,04:02:05,26.5,63.8
06/26/2026,04:07:05,26.4,63.8
06/26/2026,04:12:05,26.4,63.8
06/26/2026,04:17:05,26.4,63.8
06/26/2026,04:22:05,26.4,63.8
06/26/2026,04:27:05,26.4,63.8
06/26/2026,04:32:05,26.4,63.8
06/26/2026,04:37:05,26.4,63.9
06/26/2026,04:42:05,26.4,63.9
06/26/2026,04:47:05,26.4,63.8
06/26/2026,04:52:05,26.4,63.9
06/26/2026,04:57:05,26.4,63.9
06/26/2026,05:02:05,26.4,63.9
06/26/2026,05:07:05,26.4,63.9
06/26/2026,05:12:05,26.4,63.8
06/26/2026,05:17:05,26.3,63.9
06/26/2026,05:22:05,26.3,63.9
06/26/2026,05:27:05,26.3,63.9
06/26/2026,05:32:05,26.3,63.9
06/26/2026,05:37:05,26.3,63.9
06/26/2026,05:42:05,26.3,63.9
06/26/2026,05:47:05,26.3,63.9
06/26/2026,05:52:05,26.3,63.9
06/26/2026,05:57:05,26.3,63.9
06/26/2026,06:02:05,26.3,63.9
06/26/2026,06:07:05,26.3,63.9
06/26/2026,06:12:05,26.3,64.0
06/26/2026,06:17:05,26.3,64.0
06/26/2026,06:22:05,26.3,64.0
06/26/2026,06:27:05,26.3,63.9
06/26/2026,06:32:05,26.3,63.9
06/26/2026,06:37:05,26.3,63.9
06/26/2026,06:42:05,26.3,63.9
06/26/2026,06:47:05,26.3,64.0
06/26/2026,06:52:05,26.3,63.9
06/26/2026,06:57:05,26.3,63.9
06/26/2026,07:02:05,26.3,63.9
06/26/2026,07:07:05,26.3,63.9
06/26/2026,07:12:05,26.3,63.9
06/26/2026,07:17:05,26.3,63.9
06/26/2026,07:22:05,26.3,64.0
06/26/2026,07:27:05,26.3,64.0
06/26/2026,07:32:05,26.3,64.0
06/26/2026,07:37:05,26.3,64.0
06/26/2026,07:42:05,26.3,64.0
06/26/2026,07:47:05,26.3,63.9
06/26/2026,07:52:05,26.3,64.0
06/26/2026,07:57:05,26.3,64.0
06/26/2026,08:02:05,26.3,64.0
06/26/2026,08:07:05,26.3,64.1
06/26/2026,08:12:05,26.3,64.0
06/26/2026,08:17:05,26.3,64.0
06/26/2026,08:22:05,26.3,64.0
06/26/2026,08:27:05,26.3,64.0
06/26/2026,08:32:05,26.3,64.0
06/26/2026,08:37:05,26.3,64.1
06/26/2026,08:42:05,26.3,64.2
06/26/2026,08:47:05,26.3,64.3
06/26/2026,08:52:05,26.3,64.5
06/26/2026,08:57:05,26.4,64.7
06/26/2026,09:02:05,26.4,65.0
06/26/2026,09:07:05,26.4,65.2
06/26/2026,09:12:05,26.4,65.4
06/26/2026,09:17:05,26.4,65.6
06/26/2026,09:22:05,26.5,65.7
06/26/2026,09:27:05,26.5,66.0
06/26/2026,09:32:05,26.5,66.1
06/26/2026,09:37:05,26.5,66.3
06/26/2026,09:42:05,26.5,66.4
06/26/2026,09:47:05,26.5,66.5
06/26/2026,09:52:05,26.6,66.6
06/26/2026,09:57:05,26.6,66.7
06/26/2026,10:02:05,26.6,66.8
06/26/2026,10:07:05,26.6,66.9
06/26/2026,10:12:05,26.6,67.0
06/26/2026,10:17:05,26.6,67.1
06/26/2026,10:22:05,26.6,67.2
06/26/2026,10:27:05,26.6,67.3
06/26/2026,10:32:05,26.6,67.3
06/26/2026,10:37:05,26.6,67.3
06/26/2026,10:42:05,26.7,67.6
06/26/2026,10:47:05,26.7,67.5
06/26/2026,10:52:05,26.7,67.4
06/26/2026,10:57:05,26.7,67.4
06/26/2026,11:02:05,26.7,67.4
06/26/2026,11:07:05,26.7,67.4
06/26/2026,11:12:05,26.7,67.5
06/26/2026,11:17:05,26.7,67.5
06/26/2026,11:22:05,26.7,67.4
06/26/2026,11:27:05,26.7,67.4
06/26/2026,11:32:05,26.8,67.5
06/26/2026,11:37:05,26.8,67.5
06/26/2026,11:42:05,26.8,67.4
06/26/2026,11:47:05,26.8,67.5
06/26/2026,11:52:05,26.8,67.4
06/26/2026,11:57:05,26.8,67.3
06/26/2026,12:02:05,26.8,67.3
06/26/2026,12:07:05,26.8,67.1
06/26/2026,12:12:05,26.8,67.1
06/26/2026,12:17:05,26.8,67.1
06/26/2026,12:22:05,26.8,67.0
06/26/2026,12:27:05,26.9,66.9
06/26/2026,12:32:05,26.8,66.9
06/26/2026,12:37:05,26.9,66.7
06/26/2026,12:42:05,26.9,67.2
06/26/2026,12:47:05,26.9,66.6
06/26/2026,12:52:05,26.9,66.3
06/26/2026,12:57:05,26.9,65.9
06/26/2026,13:02:05,26.9,65.9
06/26/2026,13:07:05,26.9,65.7
06/26/2026,13:12:05,26.9,65.3
06/26/2026,13:17:05,26.9,65.0
06/26/2026,13:22:05,26.9,64.8
06/26/2026,13:27:05,26.9,64.6
06/26/2026,13:32:05,26.9,64.5
06/26/2026,13:37:05,27.0,64.3
06/26/2026,13:42:05,27.0,64.3
06/26/2026,13:47:05,27.0,64.1
06/26/2026,13:52:05,27.0,64.0
06/26/2026,13:57:05,27.0,63.9
06/26/2026,14:02:05,27.0,63.7
06/26/2026,14:07:05,27.1,63.6
06/26/2026,14:12:05,27.1,63.4
06/26/2026,14:17:05,27.1,63.1
06/26/2026,14:22:05,27.1,62.9
06/26/2026,14:27:05,27.1,62.6
06/26/2026,14:32:05,27.2,62.5
06/26/2026,14:37:05,27.2,62.3
06/26/2026,14:42:05,27.2,62.2
06/26/2026,14:47:05,27.2,61.5
06/26/2026,14:52:05,27.2,61.2
06/26/2026,14:57:05,27.3,60.5
06/26/2026,15:02:05,27.3,60.2
06/26/2026,15:07:05,27.3,59.7
06/26/2026,15:12:05,27.3,59.0
06/26/2026,15:17:05,27.3,58.5
06/26/2026,15:22:05,27.3,58.1
06/26/2026,15:27:05,27.3,57.7
06/26/2026,15:32:05,27.4,57.5
06/26/2026,15:37:05,27.3,57.3
06/26/2026,15:42:05,27.3,57.0
06/26/2026,15:47:05,27.4,56.5
06/26/2026,15:52:05,27.4,56.2
06/26/2026,15:57:05,27.4,56.2
06/26/2026,16:02:05,27.4,56.0
06/26/2026,16:07:05,27.5,55.9
06/26/2026,16:12:05,27.5,55.7
06/26/2026,16:17:05,27.5,55.8
06/26/2026,16:22:05,27.6,55.7
06/26/2026,16:27:05,27.6,55.6
06/26/2026,16:32:05,27.6,55.4
06/26/2026,16:37:05,27.6,55.5
06/26/2026,16:42:05,27.7,55.3
06/26/2026,16:47:05,27.7,55.2
06/26/2026,16:52:05,27.8,55.0
06/26/2026,16:57:05,27.8,54.9
06/26/2026,17:02:05,27.8,54.7
06/26/2026,17:07:05,27.8,54.9
06/26/2026,17:12:05,27.9,54.7
06/26/2026,17:17:05,27.9,54.8
06/26/2026,17:22:05,27.9,54.8
06/26/2026,17:27:05,27.9,54.7
06/26/2026,17:32:05,27.9,54.7
06/26/2026,17:37:05,27.9,54.6
06/26/2026,17:42:05,28.0,54.6
06/26/2026,17:47:05,28.0,54.5
06/26/2026,17:52:05,28.0,54.5
06/26/2026,17:57:05,28.0,54.4
06/26/2026,18:02:05,28.0,54.3
06/26/2026,18:07:05,28.0,54.6
06/26/2026,18:12:05,28.0,54.4
06/26/2026,18:17:05,28.0,54.2
06/26/2026,18:22:05,28.0,54.0
06/26/2026,18:27:05,28.0,53.6
06/26/2026,18:32:05,28.0,53.2
06/26/2026,18:37:05,28.1,52.8
06/26/2026,18:42:05,28.1,52.4
06/26/2026,18:47:05,28.1,52.2
06/26/2026,18:52:05,28.1,52.3
06/26/2026,18:57:05,28.1,51.9
06/26/2026,19:02:05,28.1,52.0
06/26/2026,19:07:05,28.1,52.0
06/26/2026,19:12:05,28.1,53.7
06/26/2026,19:17:05,28.1,52.0
06/26/2026,19:22:05,28.2,51.7
06/26/2026,19:27:05,28.2,51.1
06/26/2026,19:32:05,28.2,50.8
06/26/2026,19:37:05,28.2,51.2
06/26/2026,19:42:05,28.2,50.9
06/26/2026,19:47:05,28.2,50.8
06/26/2026,19:52:05,28.2,50.6
06/26/2026,19:57:05,28.2,50.9
06/26/2026,20:02:05,28.2,51.0
06/26/2026,20:07:05,28.2,51.0
06/26/2026,20:12:05,28.3,50.9
06/26/2026,20:17:05,28.3,51.1
06/26/2026,20:22:05,28.3,51.1
06/26/2026,20:27:05,28.3,51.1
06/26/2026,20:32:05,28.3,51.2
06/26/2026,20:37:05,28.3,51.2
06/26/2026,20:42:05,28.2,51.3
06/26/2026,20:47:05,28.3,51.3
06/26/2026,20:52:05,28.2,51.5
06/26/2026,20:57:05,28.3,51.8
06/26/2026,21:02:05,28.3,51.8
06/26/2026,21:07:05,28.3,51.9
06/26/2026,21:12:05,28.3,52.6
06/26/2026,21:17:05,28.2,52.6
06/26/2026,21:22:05,28.2,52.7
06/26/2026,21:27:05,28.2,52.7
06/26/2026,21:32:05,28.3,52.9
06/26/2026,21:37:05,28.2,52.7
06/26/2026,21:42:05,28.2,52.6
06/26/2026,21:47:05,28.2,52.4
06/26/2026,21:52:05,28.2,52.5
06/26/2026,21:57:05,28.2,52.4
06/26/2026,22:02:05,28.2,52.5
06/26/2026,22:07:05,28.2,52.6
06/26/2026,22:12:05,28.2,52.7
06/26/2026,22:17:05,28.2,52.7
06/26/2026,22:22:05,28.2,52.9
06/26/2026,22:27:05,28.2,52.9
06/26/2026,22:32:05,28.2,53.0
06/26/2026,22:37:05,28.2,53.1
06/26/2026,22:42:05,28.2,53.1
06/26/2026,22:47:05,28.2,53.2
06/26/2026,22:52:05,28.2,53.2
06/26/2026,22:57:05,28.2,53.3
06/26/2026,23:02:05,28.2,53.4
06/26/2026,23:07:05,28.2,53.4
06/26/2026,23:12:05,28.2,53.5
06/26/2026,23:17:05,28.2,53.5
06/26/2026,23:22:05,28.2,53.5
06/26/2026,23:27:05,28.2,53.6
06/26/2026,23:32:05,28.2,53.6
06/26/2026,23:37:05,28.1,53.7
06/26/2026,23:42:05,28.1,53.7
06/26/2026,23:47:05,28.2,53.7
06/26/2026,23:52:05,28.1,53.7
06/26/2026,23:57:05,28.1,53.8
06/27/2026,00:02:05,28.1,53.8
06/27/2026,00:07:05,28.1,53.8
06/27/2026,00:12:05,28.1,53.9
06/27/2026,00:17:05,28.1,53.9
06/27/2026,00:22:05,28.1,54.0
06/27/2026,00:27:05,28.1,54.0
06/27/2026,00:32:05,28.1,54.0
06/27/2026,00:37:05,28.1,54.1
06/27/2026,00:42:05,28.1,54.1
06/27/2026,00:47:05,28.1,54.2
06/27/2026,00:52:05,28.1,54.2
06/27/2026,00:57:05,28.1,54.3
06/27/2026,01:02:05,28.1,54.3
06/27/2026,01:07:05,28.1,54.4
06/27/2026,01:12:05,28.1,54.4
06/27/2026,01:17:05,28.1,54.5
06/27/2026,01:22:05,28.1,54.5
06/27/2026,01:27:05,28.1,54.6
06/27/2026,01:32:05,28.1,54.7
06/27/2026,01:37:05,28.0,54.7
06/27/2026,01:42:05,28.0,54.7
06/27/2026,01:47:05,28.0,54.7
06/27/2026,01:52:05,28.0,54.8
06/27/2026,01:57:05,28.0,54.8
06/27/2026,02:02:05,28.0,54.9
06/27/2026,02:07:05,28.0,54.9
06/27/2026,02:12:05,28.0,54.9
06/27/2026,02:17:05,28.0,54.9
06/27/2026,02:22:05,28.0,54.9
06/27/2026,02:27:05,28.0,54.9
06/27/2026,02:32:05,28.0,55.0
06/27/2026,02:37:05,28.0,55.0
06/27/2026,02:42:05,28.0,55.0
06/27/2026,02:47:05,28.0,55.0
06/27/2026,02:52:05,28.0,55.0
06/27/2026,02:57:05,27.9,55.0
06/27/2026,03:02:05,27.9,55.1
06/27/2026,03:07:05,27.9,55.1
06/27/2026,03:12:05,27.9,55.1
06/27/2026,03:17:05,27.9,55.2
06/27/2026,03:22:05,27.9,55.2
06/27/2026,03:27:05,27.9,55.3
06/27/2026,03:32:05,27.9,55.3
06/27/2026,03:37:05,27.9,55.4
06/27/2026,03:42:05,27.9,55.4
06/27/2026,03:47:05,27.8,55.4
06/27/2026,03:52:05,27.8,55.4
06/27/2026,03:57:05,27.8,55.5
06/27/2026,04:02:05,27.8,55.5
06/27/2026,04:07:05,27.8,55.6
06/27/2026,04:12:05,27.8,55.6
06/27/2026,04:17:05,27.8,55.6
06/27/2026,04:22:05,27.8,55.6
06/27/2026,04:27:05,27.8,55.7
06/27/2026,04:32:05,27.8,55.7
06/27/2026,04:37:05,27.8,55.7
06/27/2026,04:42:05,27.8,55.7
06/27/2026,04:47:05,27.7,55.8
06/27/2026,04:52:05,27.7,55.8
06/27/2026,04:57:05,27.7,55.9
06/27/2026,05:02:05,27.7,55.9
06/27/2026,05:07:05,27.7,55.9
06/27/2026,05:12:05,27.7,56.0
06/27/2026,05:17:05,27.7,56.0
06/27/2026,05:22:05,27.7,56.1
06/27/2026,05:27:05,27.7,56.1
06/27/2026,05:32:05,27.7,56.1
06/27/2026,05:37:05,27.6,56.2
06/27/2026,05:42:05,27.6,56.2
06/27/2026,05:47:05,27.6,56.3
06/27/2026,05:52:05,27.6,56.3
06/27/2026,05:57:05,27.6,56.3
06/27/2026,06:02:05,27.6,56.5
06/27/2026,06:07:05,27.6,56.5
06/27/2026,06:12:05,27.6,56.5
06/27/2026,06:17:05,27.6,56.6
06/27/2026,06:22:05,27.6,56.6
06/27/2026,06:27:05,27.5,56.6
06/27/2026,06:32:05,27.6,56.6
06/27/2026,06:37:05,27.6,56.6
06/27/2026,06:42:05,27.6,56.7
06/27/2026,06:47:05,27.5,56.7
06/27/2026,06:52:05,27.5,56.7
06/27/2026,06:57:05,27.5,56.7
06/27/2026,07:02:05,27.5,56.7
06/27/2026,07:07:05,27.5,56.7
06/27/2026,07:12:05,27.5,56.7
06/27/2026,07:17:05,27.5,56.7
06/27/2026,07:22:05,27.5,56.7
06/27/2026,07:27:05,27.5,56.7
06/27/2026,07:32:05,27.5,56.7
06/27/2026,07:37:05,27.5,56.7
06/27/2026,07:42:05,27.5,56.7
06/27/2026,07:47:05,27.5,56.7
06/27/2026,07:52:05,27.5,56.7
06/27/2026,07:57:05,27.5,56.7
06/27/2026,08:02:05,27.5,56.7
06/27/2026,08:07:05,27.5,57.2
06/27/2026,08:12:05,27.5,57.6
06/27/2026,08:17:05,27.4,57.8
06/27/2026,08:22:05,27.3,58.0
06/27/2026,08:27:05,27.3,58.3
06/27/2026,08:32:05,27.3,58.3
06/27/2026,08:37:05,27.3,58.2
06/27/2026,08:42:05,27.3,58.2
06/27/2026,08:47:05,27.2,58.3
06/27/2026,08:52:05,27.2,58.3
06/27/2026,08:57:05,27.2,58.3
06/27/2026,09:02:05,27.2,58.3
06/27/2026,09:07:05,27.2,58.2
06/27/2026,09:12:05,27.2,58.0
06/27/2026,09:17:05,27.2,57.6
06/27/2026,09:22:05,27.2,57.7
06/27/2026,09:27:05,27.2,57.7
06/27/2026,09:32:05,27.2,57.8
06/27/2026,09:37:05,27.2,57.9
06/27/2026,09:42:05,27.2,57.7
06/27/2026,09:47:05,27.2,57.7
06/27/2026,09:52:05,27.2,57.5
06/27/2026,09:57:05,27.2,57.4
06/27/2026,10:02:05,27.3,57.4
06/27/2026,10:07:05,27.3,57.6
06/27/2026,10:12:05,27.3,57.6
06/27/2026,10:17:05,27.3,57.5
06/27/2026,10:22:05,27.3,57.4
06/27/2026,10:27:05,27.3,57.4
06/27/2026,10:32:05,27.3,57.4
06/27/2026,10:37:05,27.3,57.3
06/27/2026,10:42:05,27.3,57.3
06/27/2026,10:47:05,27.3,57.1
06/27/2026,10:52:05,27.3,57.0
06/27/2026,10:57:05,27.3,57.0
06/27/2026,11:02:05,27.3,57.0
06/27/2026,11:07:05,27.4,57.0
06/27/2026,11:12:05,27.4,56.9
06/27/2026,11:17:05,27.4,56.7
06/27/2026,11:22:05,27.3,56.7
06/27/2026,11:27:05,27.4,56.8
06/27/2026,11:32:05,27.4,57.1
06/27/2026,11:37:05,27.4,57.1
06/27/2026,11:42:05,27.4,57.1
06/27/2026,11:47:05,27.4,57.2
06/27/2026,11:52:05,27.4,57.3
06/27/2026,11:57:05,27.5,57.3
06/27/2026,12:02:05,27.4,57.1
06/27/2026,12:07:05,27.4,56.9
06/27/2026,12:12:05,27.5,56.9
06/27/2026,12:17:05,27.5,57.0
06/27/2026,12:22:05,27.5,56.9
06/27/2026,12:27:05,27.5,56.8
06/27/2026,12:32:05,27.5,56.8
06/27/2026,12:37:05,27.5,56.5
06/27/2026,12:42:05,27.5,56.3
06/27/2026,12:47:05,27.6,56.2
06/27/2026,12:52:05,27.6,56.1
06/27/2026,12:57:05,27.6,56.0
06/27/2026,13:02:05,27.6,55.9
06/27/2026,13:07:05,27.6,55.7
06/27/2026,13:12:05,27.6,55.6
06/27/2026,13:17:05,27.6,55.5
06/27/2026,13:22:05,27.6,55.3
06/27/2026,13:27:05,27.6,55.1
06/27/2026,13:32:05,27.7,55.0
06/27/2026,13:37:05,27.7,54.9
06/27/2026,13:42:05,27.7,54.7
06/27/2026,13:47:05,27.7,54.7
06/27/2026,13:52:05,27.7,54.5
06/27/2026,13:57:05,27.8,54.4
06/27/2026,14:02:05,27.8,54.3
06/27/2026,14:07:05,27.8,54.2
06/27/2026,14:12:05,27.8,54.2
06/27/2026,14:17:05,27.8,54.1
06/27/2026,14:22:05,27.8,54.0
06/27/2026,14:27:05,27.9,53.9
06/27/2026,14:32:05,27.9,53.8
06/27/2026,14:37:05,27.9,53.6
06/27/2026,14:42:05,27.9,53.5
06/27/2026,14:47:05,27.9,53.3
06/27/2026,14:52:05,27.9,53.2
06/27/2026,14:57:05,27.9,53.1
06/27/2026,15:02:05,28.0,53.1
06/27/2026,15:07:05,28.0,53.0
06/27/2026,15:12:05,28.0,52.9
06/27/2026,15:17:05,28.0,52.8
06/27/2026,15:22:05,28.0,52.7
06/27/2026,15:27:05,28.1,52.7
06/27/2026,15:32:05,28.1,52.6
06/27/2026,15:37:05,28.1,52.5
06/27/2026,15:42:05,28.1,52.4
06/27/2026,15:47:05,28.1,52.3
06/27/2026,15:52:05,28.1,52.3
06/27/2026,15:57:05,28.1,52.4
06/27/2026,16:02:05,28.1,52.3
06/27/2026,16:07:05,28.1,52.3
06/27/2026,16:12:05,28.1,52.2
06/27/2026,16:17:05,28.1,52.1
06/27/2026,16:22:05,28.1,52.1
06/27/2026,16:27:05,28.1,51.9
06/27/2026,16:32:05,28.1,51.8
06/27/2026,16:37:05,28.1,51.7
06/27/2026,16:42:05,28.1,51.8
06/27/2026,16:47:05,28.1,51.7
06/27/2026,16:52:05,28.1,51.8
06/27/2026,16:57:05,28.1,51.7
06/27/2026,17:02:05,28.1,51.7
06/27/2026,17:07:05,28.1,51.7
06/27/2026,17:12:05,28.1,51.7
06/27/2026,17:17:05,28.1,51.5
06/27/2026,17:22:05,28.1,51.3
06/27/2026,17:27:05,28.2,51.4
06/27/2026,17:32:05,28.2,51.3
06/27/2026,17:37:05,28.2,51.3
06/27/2026,17:42:05,28.2,51.4
06/27/2026,17:47:05,28.2,51.1
06/27/2026,17:52:05,28.3,51.1
06/27/2026,17:57:05,28.3,51.1
06/27/2026,18:02:05,28.3,51.8
06/27/2026,18:07:05,28.3,52.6
06/27/2026,18:12:05,28.3,53.2
06/27/2026,18:17:05,28.4,53.4
06/27/2026,18:22:05,28.4,53.8
06/27/2026,18:27:05,28.4,54.0
06/27/2026,18:32:05,28.4,54.3
06/27/2026,18:37:05,28.5,54.5
06/27/2026,18:42:05,28.5,54.8
06/27/2026,18:47:05,28.5,54.9
06/27/2026,18:52:05,28.5,55.3
06/27/2026,18:57:05,28.5,55.5
06/27/2026,19:02:05,28.5,55.5
06/27/2026,19:07:05,28.5,55.5
06/27/2026,19:12:05,28.5,55.7
06/27/2026,19:17:05,28.4,55.8
06/27/2026,19:22:05,28.5,56.1
06/27/2026,19:27:05,28.5,56.4
06/27/2026,19:32:05,28.4,56.4
06/27/2026,19:37:05,28.4,56.5
06/27/2026,19:42:05,28.4,56.5
06/27/2026,19:47:05,28.4,56.6
06/27/2026,19:52:05,28.4,56.6
06/27/2026,19:57:05,28.4,56.6
06/27/2026,20:02:05,28.3,56.9
06/27/2026,20:07:05,28.4,57.2
06/27/2026,20:12:05,28.3,57.7
06/27/2026,20:17:05,28.3,57.6
06/27/2026,20:22:05,28.3,57.7
06/27/2026,20:27:05,28.3,57.7
06/27/2026,20:32:05,28.3,57.8
06/27/2026,20:37:05,28.3,57.8
06/27/2026,20:42:05,28.3,57.9
06/27/2026,20:47:05,28.3,57.9
06/27/2026,20:52:05,28.2,58.0
06/27/2026,20:57:05,28.2,58.1
06/27/2026,21:02:05,28.2,58.1
06/27/2026,21:07:05,28.2,58.2
06/27/2026,21:12:05,28.2,58.2
06/27/2026,21:17:05,28.2,58.2
06/27/2026,21:22:05,28.2,58.2
06/27/2026,21:27:05,28.2,58.2
06/27/2026,21:32:05,28.2,58.2
06/27/2026,21:37:05,28.2,58.2
06/27/2026,21:42:05,28.2,58.3
06/27/2026,21:47:05,28.2,58.3
06/27/2026,21:52:05,28.1,58.3
06/27/2026,21:57:05,28.1,58.3
06/27/2026,22:02:05,28.1,58.2
06/27/2026,22:07:05,28.1,58.2
06/27/2026,22:12:05,28.1,58.2
06/27/2026,22:17:05,28.1,58.1
06/27/2026,22:22:05,28.1,58.1
06/27/2026,22:27:05,28.1,58.1
06/27/2026,22:32:05,28.1,58.1
06/27/2026,22:37:05,28.0,58.0
06/27/2026,22:42:05,28.0,58.0
06/27/2026,22:47:05,28.0,57.9
06/27/2026,22:52:05,28.0,57.9
06/27/2026,22:57:05,28.0,57.9
06/27/2026,23:02:05,28.0,57.9
06/27/2026,23:07:05,28.0,57.9
06/27/2026,23:12:05,28.0,57.9
06/27/2026,23:17:05,28.0,57.9
06/27/2026,23:22:05,27.9,57.9
06/27/2026,23:27:05,28.0,57.9
06/27/2026,23:32:05,27.9,57.9
06/27/2026,23:37:05,27.9,57.8
06/27/2026,23:42:05,27.9,57.8
06/27/2026,23:47:05,27.9,57.8
06/27/2026,23:52:05,27.9,57.8
06/27/2026,23:57:05,27.9,57.8
06/28/2026,00:02:05,27.9,57.7
06/28/2026,00:07:05,27.8,57.7
06/28/2026,00:12:05,27.8,57.6
06/28/2026,00:17:05,27.8,57.6
06/28/2026,00:22:05,27.8,57.6
06/28/2026,00:27:05,27.8,57.6
06/28/2026,00:32:05,27.8,57.5
06/28/2026,00:37:05,27.8,57.5
06/28/2026,00:42:05,27.8,57.5
06/28/2026,00:47:05,27.8,57.5
06/28/2026,00:52:05,27.8,57.5
06/28/2026,00:57:05,27.8,57.5
06/28/2026,01:02:05,27.8,57.5
06/28/2026,01:07:05,27.7,57.4
06/28/2026,01:12:05,27.7,57.4
06/28/2026,01:17:05,27.7,57.3
06/28/2026,01:22:05,27.7,57.3
06/28/2026,01:27:05,27.7,57.3
06/28/2026,01:32:05,27.7,57.2
06/28/2026,01:37:05,27.7,57.2
06/28/2026,01:42:05,27.7,57.2
06/28/2026,01:47:05,27.6,57.2
06/28/2026,01:52:05,27.6,57.1
06/28/2026,01:57:05,27.6,57.1
06/28/2026,02:02:05,27.6,57.1
06/28/2026,02:07:05,27.6,57.0
06/28/2026,02:12:05,27.6,56.9
06/28/2026,02:17:05,27.6,56.9
06/28/2026,02:22:05,27.6,56.9
06/28/2026,02:27:05,27.5,56.8
06/28/2026,02:32:05,27.5,56.8
06/28/2026,02:37:05,27.5,56.7
06/28/2026,02:42:05,27.5,56.7
06/28/2026,02:47:05,27.5,56.6
06/28/2026,02:52:05,27.5,56.6
06/28/2026,02:57:05,27.4,56.5
06/28/2026,03:02:05,27.4,56.5
06/28/2026,03:07:05,27.4,56.4
06/28/2026,03:12:05,27.4,56.4
06/28/2026,03:17:05,27.4,56.4
06/28/2026,03:22:05,27.4,56.3
06/28/2026,03:27:05,27.3,56.3
06/28/2026,03:32:05,27.3,56.3
06/28/2026,03:37:05,27.3,56.3
06/28/2026,03:42:05,27.3,56.3
06/28/2026,03:47:05,27.3,56.2
06/28/2026,03:52:05,27.3,56.2
06/28/2026,03:57:05,27.3,56.1
06/28/2026,04:02:05,27.3,56.2
06/28/2026,04:07:05,27.2,56.1
06/28/2026,04:12:05,27.2,56.0
06/28/2026,04:17:05,27.2,56.0
06/28/2026,04:22:05,27.2,56.0
06/28/2026,04:27:05,27.2,56.0
06/28/2026,04:32:05,27.2,55.9
06/28/2026,04:37:05,27.1,55.9
06/28/2026,04:42:05,27.1,55.8
06/28/2026,04:47:05,27.1,55.9
06/28/2026,04:52:05,27.1,55.8
06/28/2026,04:57:05,27.1,55.8
06/28/2026,05:02:05,27.1,55.7
06/28/2026,05:07:05,27.1,55.7
06/28/2026,05:12:05,27.0,55.7
06/28/2026,05:17:05,27.0,55.6
06/28/2026,05:22:05,27.0,55.6
06/28/2026,05:27:05,27.0,55.6
06/28/2026,05:32:05,27.0,55.5
06/28/2026,05:37:05,27.0,55.6
06/28/2026,05:42:05,27.0,55.6
06/28/2026,05:47:05,27.0,55.5
06/28/2026,05:52:05,26.9,55.4
06/28/2026,05:57:05,26.9,55.4
06/28/2026,06:02:05,26.9,55.4
06/28/2026,06:07:05,26.9,55.4
06/28/2026,06:12:05,26.9,55.4
06/28/2026,06:17:05,26.9,55.3
06/28/2026,06:22:05,26.9,55.2
06/28/2026,06:27:05,26.9,55.2
06/28/2026,06:32:05,26.9,55.2
06/28/2026,06:37:05,26.8,55.2
06/28/2026,06:42:05,26.8,55.1
06/28/2026,06:47:05,26.8,55.2
06/28/2026,06:52:05,26.8,55.2
06/28/2026,06:57:05,26.8,55.1
06/28/2026,07:02:05,26.8,55.1
06/28/2026,07:07:05,26.8,55.1
06/28/2026,07:12:05,26.8,55.1
06/28/2026,07:17:05,26.8,55.1
06/28/2026,07:22:05,26.8,55.1
06/28/2026,07:27:05,26.8,55.0
06/28/2026,07:32:05,26.8,55.1
06/28/2026,07:37:05,26.8,55.1
06/28/2026,07:42:05,26.8,55.0
06/28/2026,07:47:05,26.7,54.8
06/28/2026,07:52:05,26.7,54.9
06/28/2026,07:57:05,26.6,54.9
06/28/2026,08:02:05,26.6,54.9
06/28/2026,08:07:05,26.5,55.0
06/28/2026,08:12:05,26.5,55.1
06/28/2026,08:17:05,26.5,55.2
06/28/2026,08:22:05,26.5,55.2
06/28/2026,08:27:05,26.5,55.3
06/28/2026,08:32:05,26.5,55.1
06/28/2026,08:37:05,26.5,55.0
06/28/2026,08:42:05,26.5,55.0
06/28/2026,08:47:05,26.5,55.0
06/28/2026,08:52:05,26.5,55.1
06/28/2026,08:57:05,26.4,55.0
06/28/2026,09:02:05,26.4,54.8
06/28/2026,09:07:05,26.4,54.8
06/28/2026,09:12:05,26.3,54.7
06/28/2026,09:17:05,26.3,54.7
06/28/2026,09:22:05,26.3,54.8
06/28/2026,09:27:05,26.3,54.7
06/28/2026,09:32:05,26.3,54.8
06/28/2026,09:37:05,26.3,54.9
06/28/2026,09:42:05,26.3,54.9
06/28/2026,09:47:05,26.4,55.0
06/28/2026,09:52:05,26.4,54.9
06/28/2026,09:57:05,26.4,54.6
06/28/2026,10:02:05,26.4,54.6
06/28/2026,10:07:05,26.4,54.8
06/28/2026,10:12:05,26.4,54.6
06/28/2026,10:17:05,26.5,54.6
06/28/2026,10:22:05,26.5,54.5
06/28/2026,10:27:05,26.5,54.7
06/28/2026,10:32:05,26.5,54.7
06/28/2026,10:37:05,26.6,54.5
06/28/2026,10:42:05,26.6,54.1
06/28/2026,10:47:05,26.6,53.9
06/28/2026,10:52:05,26.6,53.6
06/28/2026,10:57:05,26.5,53.1
06/28/2026,11:02:05,26.5,52.9
06/28/2026,11:07:05,26.5,52.8
06/28/2026,11:12:05,26.5,52.6
06/28/2026,11:17:05,26.5,52.4
06/28/2026,11:22:05,26.5,52.4
06/28/2026,11:27:05,26.4,51.9
06/28/2026,11:32:05,26.3,51.9
06/28/2026,11:37:05,26.3,52.1
06/28/2026,11:42:05,26.3,52.8
06/28/2026,11:47:05,26.4,53.1
06/28/2026,11:52:05,26.4,53.3
06/28/2026,11:57:05,26.4,52.0
06/28/2026,12:02:05,26.3,51.6
06/28/2026,12:07:05,26.2,52.0
06/28/2026,12:12:05,26.2,51.6
06/28/2026,12:17:05,26.1,52.0
06/28/2026,12:22:05,26.2,52.5
06/28/2026,12:27:05,26.2,52.3
06/28/2026,12:32:05,26.2,51.7
06/28/2026,12:37:05,26.2,51.9
06/28/2026,12:42:05,26.2,52.3
06/28/2026,12:47:05,26.2,52.6
06/28/2026,12:52:05,26.3,52.6
06/28/2026,12:57:05,26.3,52.5
06/28/2026,13:02:05,26.3,52.3
06/28/2026,13:07:05,26.3,51.6
06/28/2026,13:12:05,26.3,51.5
06/28/2026,13:17:05,26.3,50.6
06/28/2026,13:22:05,26.3,50.4
06/28/2026,13:27:05,26.3,50.1
06/28/2026,13:32:05,26.3,50.0
06/28/2026,13:37:05,26.3,49.7
06/28/2026,13:42:05,26.3,49.6
06/28/2026,13:47:05,26.3,49.4
06/28/2026,13:52:05,26.3,49.1
06/28/2026,13:57:05,26.3,48.7
06/28/2026,14:02:05,26.2,48.4
06/28/2026,14:07:05,26.2,48.4
06/28/2026,14:12:05,26.2,48.3
06/28/2026,14:17:05,26.3,48.4
06/28/2026,14:22:05,26.2,48.4
06/28/2026,14:27:05,26.2,48.1
06/28/2026,14:32:05,26.2,47.8
06/28/2026,14:37:05,26.2,47.6
06/28/2026,14:42:05,26.2,47.2
06/28/2026,14:47:05,26.1,46.7
06/28/2026,14:52:05,26.1,46.0
06/28/2026,14:57:05,26.0,45.9
06/28/2026,15:02:05,26.0,45.9
06/28/2026,15:07:05,25.9,45.5
06/28/2026,15:12:05,25.9,45.7
06/28/2026,15:17:05,26.0,45.7
06/28/2026,15:22:05,26.0,45.3
06/28/2026,15:27:05,26.0,45.2
06/28/2026,15:32:05,26.0,45.0
06/28/2026,15:37:05,26.0,45.1
06/28/2026,15:42:05,26.0,44.5
06/28/2026,15:47:05,26.0,44.1
06/28/2026,15:52:05,25.9,44.1
06/28/2026,15:57:05,26.0,43.7
06/28/2026,16:02:05,25.9,43.9
06/28/2026,16:07:05,26.0,43.7
06/28/2026,16:12:05,26.0,43.3
06/28/2026,16:17:05,26.0,42.9
06/28/2026,16:22:05,25.9,42.9
06/28/2026,16:27:05,25.9,42.9
06/28/2026,16:32:05,25.9,42.6
06/28/2026,16:37:05,25.9,42.3
06/28/2026,16:42:05,25.9,41.9
06/28/2026,16:47:05,25.9,41.7
06/28/2026,16:52:05,25.9,41.5
06/28/2026,16:57:05,25.9,41.5
06/28/2026,17:02:05,25.9,41.5
06/28/2026,17:07:05,25.9,41.5
06/28/2026,17:12:05,25.9,41.5
06/28/2026,17:17:05,25.9,41.7
06/28/2026,17:22:05,25.9,40.8
06/28/2026,17:27:05,25.9,40.6
06/28/2026,17:32:05,25.8,40.2
06/28/2026,17:37:05,25.8,40.1
06/28/2026,17:42:05,25.7,39.7
06/28/2026,17:47:05,25.8,39.9
06/28/2026,17:52:05,25.7,39.7
06/28/2026,17:57:05,25.7,39.5
06/28/2026,18:02:05,25.7,39.3
06/28/2026,18:07:05,25.7,39.5
06/28/2026,18:12:05,25.7,39.5
06/28/2026,18:17:05,25.7,39.3
06/28/2026,18:22:05,25.6,39.1
06/28/2026,18:27:05,25.6,39.6
06/28/2026,18:32:05,25.6,39.8
06/28/2026,18:37:05,25.6,39.7
06/28/2026,18:42:05,25.5,39.8
06/28/2026,18:47:05,25.5,40.3
06/28/2026,18:52:05,25.6,40.5
06/28/2026,18:57:05,25.6,40.7
06/28/2026,19:02:05,25.6,40.8
06/28/2026,19:07:05,25.6,41.0
06/28/2026,19:12:05,25.7,41.1
06/28/2026,19:17:05,25.7,41.1
06/28/2026,19:22:05,25.7,41.3
06/28/2026,19:27:05,25.7,41.4
06/28/2026,19:32:05,25.7,41.4
06/28/2026,19:37:05,25.8,41.5
06/28/2026,19:42:05,25.8,41.5
06/28/2026,19:47:05,25.8,41.6
06/28/2026,19:52:05,25.8,41.5
06/28/2026,19:57:05,25.8,41.6
06/28/2026,20:02:05,25.8,41.6
06/28/2026,20:07:05,25.8,41.7
06/28/2026,20:12:05,25.8,41.7
06/28/2026,20:17:05,25.9,41.8
06/28/2026,20:22:05,25.8,41.9
06/28/2026,20:27:05,25.8,41.9
06/28/2026,20:32:05,25.8,41.9
06/28/2026,20:37:05,25.9,41.9
06/28/2026,20:42:05,25.8,42.0
06/28/2026,20:47:05,25.8,42.1
06/28/2026,20:52:05,25.8,42.2
06/28/2026,20:57:05,25.8,42.2
06/28/2026,21:02:05,25.8,42.2
06/28/2026,21:07:05,25.8,42.3
06/28/2026,21:12:05,25.8,42.2
06/28/2026,21:17:05,25.8,42.3
06/28/2026,21:22:05,25.8,42.3
06/28/2026,21:27:05,25.8,42.4
06/28/2026,21:32:05,25.8,42.4
06/28/2026,21:37:05,25.8,42.4
06/28/2026,21:42:05,25.7,42.4
06/28/2026,21:47:05,25.8,42.5
06/28/2026,21:52:05,25.7,42.5
06/28/2026,21:57:05,25.7,42.6
06/28/2026,22:02:05,25.7,42.6
06/28/2026,22:07:05,25.7,42.6
06/28/2026,22:12:05,25.7,42.6
06/28/2026,22:17:05,25.7,42.7
06/28/2026,22:22:05,25.7,42.7
06/28/2026,22:27:05,25.7,42.8
06/28/2026,22:32:05,25.7,42.7
06/28/2026,22:37:05,25.7,42.8
06/28/2026,22:42:05,25.6,42.8
06/28/2026,22:47:05,25.6,42.8
06/28/2026,22:52:05,25.6,42.8
06/28/2026,22:57:05,25.6,42.8
06/28/2026,23:02:05,25.6,42.8
06/28/2026,23:07:05,25.6,42.8
06/28/2026,23:12:05,25.5,42.9
06/28/2026,23:17:05,25.6,42.9
06/28/2026,23:22:05,25.5,43.0
06/28/2026,23:27:05,25.5,43.0
06/28/2026,23:32:05,25.5,43.0
06/28/2026,23:37:05,25.5,43.0
06/28/2026,23:42:05,25.5,43.0
06/28/2026,23:47:05,25.4,43.1
06/28/2026,23:52:05,25.4,43.1
06/28/2026,23:57:05,25.4,43.1
06/29/2026,00:02:05,25.4,43.1
06/29/2026,00:07:05,25.4,43.2
06/29/2026,00:12:05,25.4,43.2
06/29/2026,00:17:05,25.4,43.3
06/29/2026,00:22:05,25.3,43.2
06/29/2026,00:27:05,25.3,43.3
06/29/2026,00:32:05,25.3,43.3
06/29/2026,00:37:05,25.3,43.3
06/29/2026,00:42:05,25.3,43.3
06/29/2026,00:47:05,25.3,43.3
06/29/2026,00:52:05,25.2,43.4
06/29/2026,00:57:05,25.2,43.4
06/29/2026,01:02:05,25.2,43.4
06/29/2026,01:07:05,25.2,43.4
06/29/2026,01:12:05,25.2,43.4
06/29/2026,01:17:05,25.2,43.4
06/29/2026,01:22:05,25.1,43.5
06/29/2026,01:27:05,25.1,43.5
06/29/2026,01:32:05,25.1,43.5
06/29/2026,01:37:05,25.1,43.5
06/29/2026,01:42:05,25.1,43.5
06/29/2026,01:47:05,25.0,43.5
06/29/2026,01:52:05,25.0,43.6
06/29/2026,01:57:05,25.0,43.5
06/29/2026,02:02:05,25.0,43.6
06/29/2026,02:07:05,25.0,43.6
06/29/2026,02:12:05,25.0,43.6
06/29/2026,02:17:05,24.9,43.6
06/29/2026,02:22:05,24.9,43.6
06/29/2026,02:27:05,24.9,43.7
06/29/2026,02:32:05,24.9,43.6
06/29/2026,02:37:05,24.8,43.6
06/29/2026,02:42:05,24.8,43.7
06/29/2026,02:47:05,24.8,43.7
06/29/2026,02:52:05,24.8,43.7
06/29/2026,02:57:05,24.8,43.8
06/29/2026,03:02:05,24.8,43.8
06/29/2026,03:07:05,24.7,43.8
06/29/2026,03:12:05,24.7,43.8
06/29/2026,03:17:05,24.7,43.8
06/29/2026,03:22:05,24.7,43.8
06/29/2026,03:27:05,24.7,43.8
06/29/2026,03:32:05,24.7,43.8
06/29/2026,03:37:05,24.6,43.8
06/29/2026,03:42:05,24.6,43.8
06/29/2026,03:47:05,24.6,43.9
06/29/2026,03:52:05,24.6,43.9
06/29/2026,03:57:05,24.6,43.9
06/29/2026,04:02:05,24.6,43.9
06/29/2026,04:07:05,24.5,43.9
06/29/2026,04:12:05,24.5,43.9
06/29/2026,04:17:05,24.5,43.9
06/29/2026,04:22:05,24.5,43.9
06/29/2026,04:27:05,24.5,44.0
06/29/2026,04:32:05,24.5,44.0
06/29/2026,04:37:05,24.4,44.0
06/29/2026,04:42:05,24.4,44.0
06/29/2026,04:47:05,24.4,44.0
06/29/2026,04:52:05,24.4,44.0
06/29/2026,04:57:05,24.3,44.1
06/29/2026,05:02:05,24.3,44.0
06/29/2026,05:07:05,24.3,44.0
06/29/2026,05:12:05,24.3,44.1
06/29/2026,05:17:05,24.3,44.1
06/29/2026,05:22:05,24.2,44.1
06/29/2026,05:27:05,24.2,44.1
06/29/2026,05:32:05,24.2,44.1
06/29/2026,05:37:05,24.2,44.1
06/29/2026,05:42:05,24.2,44.2
06/29/2026,05:47:05,24.2,44.2
06/29/2026,05:52:05,24.2,44.2
06/29/2026,05:57:05,24.2,44.2
06/29/2026,06:02:05,24.1,44.3
06/29/2026,06:07:05,24.1,44.3
06/29/2026,06:12:05,24.1,44.3
06/29/2026,06:17:05,24.1,44.3
06/29/2026,06:22:05,24.1,44.3
06/29/2026,06:27:05,24.0,44.4
06/29/2026,06:32:05,24.0,44.4
06/29/2026,06:37:05,24.0,44.4
06/29/2026,06:42:05,24.0,44.4
06/29/2026,06:47:05,24.0,44.5
06/29/2026,06:52:05,24.0,44.5
06/29/2026,06:57:05,24.0,44.6
06/29/2026,07:02:05,24.0,44.6
06/29/2026,07:07:05,24.0,44.7
06/29/2026,07:12:05,24.0,44.7
06/29/2026,07:17:05,24.0,44.8
06/29/2026,07:22:05,24.0,44.9
06/29/2026,07:27:05,24.0,44.8
06/29/2026,07:32:05,24.0,44.9
06/29/2026,07:37:05,24.0,44.9
06/29/2026,07:42:05,24.0,45.0
06/29/2026,07:47:05,24.0,45.0
06/29/2026,07:52:05,24.0,45.0
06/29/2026,07:57:05,24.0,45.1
06/29/2026,08:02:05,23.9,45.0
06/29/2026,08:07:05,24.0,45.1
06/29/2026,08:12:05,24.0,45.1
06/29/2026,08:17:05,23.9,45.1
06/29/2026,08:22:05,24.0,45.2
06/29/2026,08:27:05,23.9,45.2
06/29/2026,08:32:05,24.0,45.4
06/29/2026,08:37:05,23.9,45.2
06/29/2026,08:42:05,23.9,45.2
06/29/2026,08:47:05,24.0,45.3
06/29/2026,08:52:05,24.0,45.2
06/29/2026,08:57:05,23.9,45.3
06/29/2026,09:02:05,24.0,45.2
06/29/2026,09:07:05,24.0,45.3
06/29/2026,09:12:05,23.9,45.3
06/29/2026,09:17:05,24.0,45.3
06/29/2026,09:22:05,24.0,45.3
06/29/2026,09:27:05,24.0,45.3
06/29/2026,09:32:05,24.1,45.3
06/29/2026,09:37:05,24.0,45.3
06/29/2026,09:42:05,24.1,45.3
06/29/2026,09:47:05,24.1,45.3
06/29/2026,09:52:05,24.1,45.3
06/29/2026,09:57:05,24.1,45.3
06/29/2026,10:02:05,24.1,45.2
06/29/2026,10:07:05,24.1,45.2
06/29/2026,10:12:05,24.1,45.2
06/29/2026,10:17:05,24.1,45.3
06/29/2026,10:22:05,24.1,45.2
06/29/2026,10:27:05,24.1,45.1
06/29/2026,10:32:05,24.1,45.2
06/29/2026,10:37:05,24.0,45.2
06/29/2026,10:42:05,24.0,45.2
06/29/2026,10:47:05,24.0,45.2
06/29/2026,10:52:05,24.0,45.2
06/29/2026,10:57:05,24.0,45.2
06/29/2026,11:02:05,24.0,45.2
06/29/2026,11:07:05,24.0,45.3
06/29/2026,11:12:05,24.0,45.3
06/29/2026,11:17:05,24.0,45.3
06/29/2026,11:22:05,24.0,45.3
06/29/2026,11:27:05,24.0,45.3
06/29/2026,11:32:05,24.0,45.3
06/29/2026,11:37:05,24.0,45.4
06/29/2026,11:42:05,24.0,45.5
06/29/2026,11:47:05,24.0,45.5
06/29/2026,11:52:05,24.0,45.6
06/29/2026,11:57:05,24.0,45.5
06/29/2026,12:02:05,23.9,45.6
06/29/2026,12:07:05,24.0,45.6
06/29/2026,12:12:05,24.0,45.6
06/29/2026,12:17:05,24.0,45.6
06/29/2026,12:22:05,24.0,45.6
06/29/2026,12:27:05,24.0,45.6
06/29/2026,12:32:05,24.0,45.7
06/29/2026,12:37:05,24.0,45.7
06/29/2026,12:42:05,24.0,45.7
06/29/2026,12:47:05,24.0,45.8
06/29/2026,12:52:05,24.0,45.8
06/29/2026,12:57:05,24.0,45.8
06/29/2026,13:02:05,24.0,45.8
06/29/2026,13:07:05,24.0,45.8
06/29/2026,13:12:05,24.0,45.9
06/29/2026,13:17:05,24.0,45.9
06/29/2026,13:22:05,24.0,46.0
06/29/2026,13:27:05,24.0,45.9
06/29/2026,13:32:05,24.0,46.0
06/29/2026,13:37:05,24.1,46.0
06/29/2026,13:42:05,24.1,46.0
06/29/2026,13:47:05,24.1,46.0
06/29/2026,13:52:05,24.1,46.1
06/29/2026,13:57:05,24.0,46.0
06/29/2026,14:02:05,24.1,46.0
06/29/2026,14:07:05,24.0,46.0
06/29/2026,14:12:05,24.1,46.0
06/29/2026,14:17:05,24.1,46.0
06/29/2026,14:22:05,24.1,46.1
06/29/2026,14:27:05,24.1,46.0
06/29/2026,14:32:05,24.1,46.0
06/29/2026,14:37:05,24.1,46.1
06/29/2026,14:42:05,24.1,46.1
06/29/2026,14:47:05,24.1,46.1
06/29/2026,14:52:05,24.1,46.1
06/29/2026,14:57:05,24.1,46.1
06/29/2026,15:02:05,24.1,46.1
06/29/2026,15:07:05,24.1,46.1
06/29/2026,15:12:05,24.1,46.1
06/29/2026,15:17:05,24.1,46.1
06/29/2026,15:22:05,24.1,46.2
06/29/2026,15:27:05,24.1,46.2
06/29/2026,15:32:05,24.2,46.2
06/29/2026,15:37:05,24.2,46.1
06/29/2026,15:42:05,24.2,46.2
06/29/2026,15:47:05,24.2,46.2
06/29/2026,15:52:05,24.2,46.2
06/29/2026,15:57:05,24.2,46.2
06/29/2026,16:02:05,24.2,46.2
06/29/2026,16:07:05,24.2,46.2
06/29/2026,16:12:05,24.2,46.2
06/29/2026,16:17:05,24.2,46.2
06/29/2026,16:22:05,24.2,46.2
06/29/2026,16:27:05,24.2,46.1
06/29/2026,16:32:05,24.3,46.1
06/29/2026,16:37:05,24.3,46.1
06/29/2026,16:42:05,24.3,46.2
06/29/2026,16:47:05,24.3,46.1
06/29/2026,16:52:05,24.3,46.2
06/29/2026,16:57:05,24.4,46.1
06/29/2026,17:02:05,24.3,46.0
06/29/2026,17:07:05,24.3,46.1
06/29/2026,17:12:05,24.4,46.1
06/29/2026,17:17:05,24.3,46.2
06/29/2026,17:22:05,24.3,46.2
06/29/2026,17:27:05,24.3,46.2
06/29/2026,17:32:05,24.4,46.2
06/29/2026,17:37:05,24.4,46.3
06/29/2026,17:42:05,24.4,46.3
06/29/2026,17:47:05,24.3,46.3
06/29/2026,17:52:05,24.3,46.4
06/29/2026,17:57:05,24.3,46.3
06/29/2026,18:02:05,24.3,46.3
06/29/2026,18:07:05,24.3,46.3
06/29/2026,18:12:05,24.3,46.4
06/29/2026,18:17:05,24.3,46.4
06/29/2026,18:22:05,24.3,46.4
06/29/2026,18:27:05,24.3,46.4
06/29/2026,18:32:05,24.3,46.4
06/29/2026,18:37:05,24.3,46.4
06/29/2026,18:42:05,24.3,46.4
06/29/2026,18:47:05,24.3,46.4
06/29/2026,18:52:05,24.3,46.4
06/29/2026,18:57:05,24.4,46.5
06/29/2026,19:02:05,24.3,46.4
06/29/2026,19:07:05,24.3,46.4
06/29/2026,19:12:05,24.3,46.5
06/29/2026,19:17:05,24.3,46.5
06/29/2026,19:22:05,24.3,46.5
06/29/2026,19:27:05,24.3,46.6
06/29/2026,19:32:05,24.3,46.5
06/29/2026,19:37:05,24.3,46.5
06/29/2026,19:42:05,24.3,46.6
06/29/2026,19:47:05,24.3,46.6
06/29/2026,19:52:05,24.3,46.6
06/29/2026,19:57:05,24.2,46.6
06/29/2026,20:02:05,24.3,46.6
06/29/2026,20:07:05,24.2,46.7
06/29/2026,20:12:05,24.2,46.7
06/29/2026,20:17:05,24.2,46.7
06/29/2026,20:22:05,24.2,46.6
06/29/2026,20:27:05,24.2,46.7
06/29/2026,20:32:05,24.2,46.7
06/29/2026,20:37:05,24.2,46.7
06/29/2026,20:42:05,24.2,46.7
06/29/2026,20:47:05,24.2,46.7
06/29/2026,20:52:05,24.1,46.8
06/29/2026,20:57:05,24.1,46.7
06/29/2026,21:02:05,24.1,46.8
06/29/2026,21:07:05,24.1,46.8
06/29/2026,21:12:05,24.1,46.8
06/29/2026,21:17:05,24.1,46.7
06/29/2026,21:22:05,24.1,46.8
06/29/2026,21:27:05,24.1,46.8
06/29/2026,21:32:05,24.1,46.8
06/29/2026,21:37:05,24.1,46.8
06/29/2026,21:42:05,24.1,46.8
06/29/2026,21:47:05,24.1,46.8
06/29/2026,21:52:05,24.1,46.9
06/29/2026,21:57:05,24.1,46.9
06/29/2026,22:02:05,24.1,46.9
06/29/2026,22:07:05,24.0,46.9
06/29/2026,22:12:05,24.0,46.9
06/29/2026,22:17:05,24.0,46.9
06/29/2026,22:22:05,24.0,46.9
06/29/2026,22:27:05,24.0,46.9
06/29/2026,22:32:05,24.0,46.9
06/29/2026,22:37:05,24.0,46.9
06/29/2026,22:42:05,24.0,47.0
06/29/2026,22:47:05,24.0,47.0
06/29/2026,22:52:05,24.0,46.9
06/29/2026,22:57:05,24.0,47.0
06/29/2026,23:02:05,24.0,47.0
06/29/2026,23:07:05,24.0,47.0
06/29/2026,23:12:05,23.9,47.0
06/29/2026,23:17:05,24.0,47.0
06/29/2026,23:22:05,23.9,47.0
06/29/2026,23:27:05,23.9,47.0
06/29/2026,23:32:05,23.9,47.0
06/29/2026,23:37:05,23.9,47.1
06/29/2026,23:42:05,23.9,47.1
06/29/2026,23:47:05,23.9,47.1
06/29/2026,23:52:05,23.9,47.0
06/29/2026,23:57:05,23.9,47.1
06/30/2026,00:02:05,23.9,47.1
06/30/2026,00:07:05,23.9,47.1
06/30/2026,00:12:05,23.9,47.1
06/30/2026,00:17:05,23.9,47.1
06/30/2026,00:22:05,23.9,47.1
06/30/2026,00:27:05,23.9,47.1
06/30/2026,00:32:05,23.8,47.1
06/30/2026,00:37:05,23.8,47.1
06/30/2026,00:42:05,23.8,47.1
06/30/2026,00:47:05,23.8,47.2
06/30/2026,00:52:05,23.8,47.1
06/30/2026,00:57:05,23.8,47.1
06/30/2026,01:02:05,23.8,47.1
06/30/2026,01:07:05,23.8,47.2
06/30/2026,01:12:05,23.8,47.2
06/30/2026,01:17:05,23.8,47.1
06/30/2026,01:22:05,23.8,47.1
06/30/2026,01:27:05,23.8,47.1
06/30/2026,01:32:05,23.8,47.1
06/30/2026,01:37:05,23.8,47.1
06/30/2026,01:42:05,23.8,47.0
06/30/2026,01:47:05,23.8,47.1
06/30/2026,01:52:05,23.8,47.1
06/30/2026,01:57:05,23.8,47.1
06/30/2026,02:02:05,23.7,47.1
06/30/2026,02:07:05,23.7,47.1
06/30/2026,02:12:05,23.7,47.1
06/30/2026,02:17:05,23.7,47.1
06/30/2026,02:22:05,23.7,47.1
06/30/2026,02:27:05,23.7,47.1
06/30/2026,02:32:05,23.7,47.1
06/30/2026,02:37:05,23.7,47.1
06/30/2026,02:42:05,23.7,47.1
06/30/2026,02:47:05,23.7,47.1
06/30/2026,02:52:05,23.7,47.1
06/30/2026,02:57:05,23.6,47.1
06/30/2026,03:02:05,23.6,47.1
06/30/2026,03:07:05,23.6,47.2
06/30/2026,03:12:05,23.6,47.2
06/30/2026,03:17:05,23.6,47.2
06/30/2026,03:22:05,23.6,47.2
06/30/2026,03:27:05,23.6,47.2
06/30/2026,03:32:05,23.6,47.2
06/30/2026,03:37:05,23.6,47.2
06/30/2026,03:42:05,23.6,47.3
06/30/2026,03:47:05,23.6,47.3
06/30/2026,03:52:05,23.6,47.3
06/30/2026,03:57:05,23.6,47.3
06/30/2026,04:02:05,23.6,47.4
06/30/2026,04:07:05,23.5,47.4
06/30/2026,04:12:05,23.5,47.5
06/30/2026,04:17:05,23.5,47.5
06/30/2026,04:22:05,23.5,47.5
06/30/2026,04:27:05,23.5,47.5
06/30/2026,04:32:05,23.5,47.5
06/30/2026,04:37:05,23.5,47.5
06/30/2026,04:42:05,23.5,47.6
06/30/2026,04:47:05,23.5,47.6
06/30/2026,04:52:05,23.5,47.6
06/30/2026,04:57:05,23.5,47.7
06/30/2026,05:02:05,23.5,47.6
06/30/2026,05:07:05,23.5,47.6
06/30/2026,05:12:05,23.5,47.7
06/30/2026,05:17:05,23.5,47.7
06/30/2026,05:22:05,23.4,47.7
06/30/2026,05:27:05,23.4,47.7
06/30/2026,05:32:05,23.4,47.7
06/30/2026,05:37:05,23.4,47.7
06/30/2026,05:42:05,23.4,47.7
06/30/2026,05:47:05,23.4,47.8
06/30/2026,05:52:05,23.4,47.8
06/30/2026,05:57:05,23.4,47.8
06/30/2026,06:02:05,23.4,47.8
06/30/2026,06:07:05,23.4,47.8
06/30/2026,06:12:05,23.4,47.8
06/30/2026,06:17:05,23.4,47.8
06/30/2026,06:22:05,23.4,47.9
06/30/2026,06:27:05,23.4,47.9
06/30/2026,06:32:05,23.3,47.9
06/30/2026,06:37:05,23.3,47.9
06/30/2026,06:42:05,23.4,48.0
06/30/2026,06:47:05,23.3,48.0
06/30/2026,06:52:05,23.3,48.0
06/30/2026,06:57:05,23.3,48.0
06/30/2026,07:02:05,23.3,48.0
06/30/2026,07:07:05,23.3,48.0
06/30/2026,07:12:05,23.3,48.0
06/30/2026,07:17:05,23.3,48.0
06/30/2026,07:22:05,23.3,48.1
06/30/2026,07:27:05,23.3,48.1
06/30/2026,07:32:05,23.3,48.1
06/30/2026,07:37:05,23.3,48.1
06/30/2026,07:42:05,23.3,48.1
06/30/2026,07:47:05,23.3,48.2
06/30/2026,07:52:05,23.3,48.2
06/30/2026,07:57:05,23.4,48.1
06/30/2026,08:02:05,23.3,48.1
06/30/2026,08:07:05,23.3,48.2
06/30/2026,08:12:05,23.4,48.2
06/30/2026,08:17:05,23.3,48.2
06/30/2026,08:22:05,23.3,48.3
06/30/2026,08:27:05,23.3,48.3
06/30/2026,08:32:05,23.3,48.3
06/30/2026,08:37:05,23.3,48.3
06/30/2026,08:42:05,23.3,48.3
06/30/2026,08:47:05,23.4,48.3
06/30/2026,08:52:05,23.3,48.3
06/30/2026,08:57:05,23.4,48.3
06/30/2026,09:02:05,23.3,48.3
06/30/2026,09:07:05,23.3,48.3
06/30/2026,09:12:05,23.4,48.4
06/30/2026,09:17:05,23.4,48.4
06/30/2026,09:22:05,23.4,48.4
06/30/2026,09:27:05,23.4,48.4
06/30/2026,09:32:05,23.4,48.4
06/30/2026,09:37:05,23.4,48.5
06/30/2026,09:42:05,23.4,48.5
06/30/2026,09:47:05,23.4,48.5
06/30/2026,09:52:05,23.4,48.4
06/30/2026,09:57:05,23.4,48.4
06/30/2026,10:02:05,23.4,48.5
06/30/2026,10:07:05,23.4,48.5
06/30/2026,10:12:05,23.4,48.5
06/30/2026,10:17:05,23.4,48.5
06/30/2026,10:22:05,23.4,48.5
06/30/2026,10:27:05,23.4,48.5
06/30/2026,10:32:05,23.4,48.5
06/30/2026,10:37:05,23.4,48.5
06/30/2026,10:42:05,23.4,48.6
06/30/2026,10:47:05,23.4,48.6
06/30/2026,10:52:05,23.4,48.6
06/30/2026,10:57:05,23.5,48.6
06/30/2026,11:02:05,23.5,48.6
06/30/2026,11:07:05,23.5,48.6
06/30/2026,11:12:05,23.5,48.6
06/30/2026,11:17:05,23.5,48.6
06/30/2026,11:22:05,23.5,48.6
06/30/2026,11:27:05,23.5,48.6
06/30/2026,11:32:05,23.5,48.6
06/30/2026,11:37:05,23.5,48.6
06/30/2026,11:42:05,23.5,48.7
06/30/2026,11:47:05,23.5,48.7
06/30/2026,11:52:05,23.5,48.6
06/30/2026,11:57:05,23.5,48.7
06/30/2026,12:02:05,23.5,48.7
06/30/2026,12:07:05,23.6,48.7
06/30/2026,12:12:05,23.6,48.7
06/30/2026,12:17:05,23.6,48.7
06/30/2026,12:22:05,23.6,48.8
06/30/2026,12:27:05,23.6,48.8
06/30/2026,12:32:05,23.7,48.8
06/30/2026,12:37:05,23.7,48.9
06/30/2026,12:42:05,23.7,48.9
06/30/2026,12:47:05,23.7,48.9
06/30/2026,12:52:05,23.8,48.9
06/30/2026,12:57:05,23.8,49.0
06/30/2026,13:02:05,23.8,49.1
06/30/2026,13:07:05,23.8,49.1
06/30/2026,13:12:05,23.9,49.0
06/30/2026,13:17:05,23.9,49.0
06/30/2026,13:22:05,23.8,49.0
06/30/2026,13:27:05,23.8,49.0
06/30/2026,13:32:05,23.8,49.0
06/30/2026,13:37:05,23.8,49.0
06/30/2026,13:42:05,23.8,49.1
06/30/2026,13:47:05,23.8,49.0
06/30/2026,13:52:05,23.8,49.0
06/30/2026,13:57:05,23.8,49.1
06/30/2026,14:02:05,23.8,49.1
06/30/2026,14:07:05,23.8,49.1
06/30/2026,14:12:05,23.8,49.1
06/30/2026,14:17:05,23.8,49.2
06/30/2026,14:22:05,23.8,49.1
06/30/2026,14:27:05,23.8,49.1
06/30/2026,14:32:05,23.8,49.2
06/30/2026,14:37:05,23.9,49.2
06/30/2026,14:42:05,23.8,49.2
06/30/2026,14:47:05,23.9,49.2
06/30/2026,14:52:05,23.9,49.2
06/30/2026,14:57:05,23.9,49.2
06/30/2026,15:02:05,23.9,49.1
06/30/2026,15:07:05,23.9,49.2
06/30/2026,15:12:05,24.0,49.1
06/30/2026,15:17:05,24.0,49.1
06/30/2026,15:22:05,24.0,49.1
06/30/2026,15:27:05,24.0,49.1
06/30/2026,15:32:05,24.0,49.1
06/30/2026,15:37:05,24.0,49.0
06/30/2026,15:42:05,24.1,49.0
06/30/2026,15:47:05,24.1,49.1
06/30/2026,15:52:05,24.1,49.0
06/30/2026,15:57:05,24.1,49.0
06/30/2026,16:02:05,24.1,49.0
06/30/2026,16:07:05,24.2,49.0
06/30/2026,16:12:05,24.2,49.0
06/30/2026,16:17:05,24.2,48.9
06/30/2026,16:22:05,24.2,48.9
06/30/2026,16:27:05,24.2,48.9
06/30/2026,16:32:05,24.3,48.9
06/30/2026,16:37:05,24.3,48.9
06/30/2026,16:42:05,24.3,48.8
06/30/2026,16:47:05,24.3,48.8
06/30/2026,16:52:05,24.3,48.8
06/30/2026,16:57:05,24.3,48.8
06/30/2026,17:02:05,24.3,48.9
06/30/2026,17:07:05,24.3,48.9
06/30/2026,17:12:05,24.3,48.9
06/30/2026,17:17:05,24.3,48.9
06/30/2026,17:22:05,24.3,48.9
06/30/2026,17:27:05,24.3,48.9
06/30/2026,17:32:05,24.3,48.9
06/30/2026,17:37:05,24.3,48.9
06/30/2026,17:42:05,24.3,48.8
06/30/2026,17:47:05,24.3,48.9
06/30/2026,17:52:05,24.3,48.8
06/30/2026,17:57:05,24.3,48.8
06/30/2026,18:02:05,24.3,48.8
06/30/2026,18:07:05,24.3,48.9
06/30/2026,18:12:05,24.3,48.8
06/30/2026,18:17:05,24.3,48.8
06/30/2026,18:22:05,24.3,48.8
06/30/2026,18:27:05,24.2,48.9
06/30/2026,18:32:05,24.3,48.8
06/30/2026,18:37:05,24.3,48.9
06/30/2026,18:42:05,24.3,48.9
06/30/2026,18:47:05,24.3,48.9
06/30/2026,18:52:05,24.3,48.7
06/30/2026,18:57:05,24.3,48.7
06/30/2026,19:02:05,24.3,48.7
06/30/2026,19:07:05,24.3,49.0
06/30/2026,19:12:05,24.3,47.4
06/30/2026,19:17:05,24.3,47.6
06/30/2026,19:22:05,24.3,47.2
06/30/2026,19:27:05,24.3,47.7
06/30/2026,19:32:05,24.3,48.2
06/30/2026,19:37:05,24.3,47.5
06/30/2026,19:42:05,24.3,48.0
06/30/2026,19:47:05,24.3,48.0
06/30/2026,19:52:05,24.3,48.0
06/30/2026,19:57:05,24.3,48.1
06/30/2026,20:02:05,24.3,48.0
06/30/2026,20:07:05,24.3,48.0
06/30/2026,20:12:05,24.3,48.0
06/30/2026,20:17:05,24.3,48.0
06/30/2026,20:22:05,24.3,48.1
06/30/2026,20:27:05,24.3,48.1
06/30/2026,20:32:05,24.3,48.1
06/30/2026,20:37:05,24.3,48.2
06/30/2026,20:42:05,24.3,48.3
06/30/2026,20:47:05,24.3,48.3
06/30/2026,20:52:05,24.3,48.4
06/30/2026,20:57:05,24.3,48.4
06/30/2026,21:02:05,24.3,48.4
06/30/2026,21:07:05,24.3,48.4
06/30/2026,21:12:05,24.2,48.4
06/30/2026,21:17:05,24.2,48.4
06/30/2026,21:22:05,24.2,48.4
06/30/2026,21:27:05,24.2,48.5
06/30/2026,21:32:05,24.2,48.5
06/30/2026,21:37:05,24.2,48.5
06/30/2026,21:42:05,24.2,48.5
06/30/2026,21:47:05,24.2,48.5
06/30/2026,21:52:05,24.2,48.5
06/30/2026,21:57:05,24.2,48.6
06/30/2026,22:02:05,24.2,48.5
06/30/2026,22:07:05,24.2,48.6
06/30/2026,22:12:05,24.1,48.6
06/30/2026,22:17:05,24.1,48.6
06/30/2026,22:22:05,24.1,48.6
06/30/2026,22:27:05,24.1,48.6
06/30/2026,22:32:05,24.1,48.7
06/30/2026,22:37:05,24.1,48.8
06/30/2026,22:42:05,24.1,48.7
06/30/2026,22:47:05,24.1,48.8
06/30/2026,22:52:05,24.1,48.8
06/30/2026,22:57:05,24.1,48.8
06/30/2026,23:02:05,24.1,48.9
06/30/2026,23:07:05,24.1,48.9
06/30/2026,23:12:05,24.0,49.0
06/30/2026,23:17:05,24.0,49.0
06/30/2026,23:22:05,24.1,49.0
06/30/2026,23:27:05,24.0,49.0
06/30/2026,23:32:05,24.0,49.1
06/30/2026,23:37:05,24.0,49.1
06/30/2026,23:42:05,24.0,49.1
06/30/2026,23:47:05,24.0,49.2
06/30/2026,23:52:05,24.0,49.2
06/30/2026,23:57:05,24.0,49.2