Date,Time,Temperature(C),Humidity(%RH)
07/01/2026,00:01:13,26.6,43.0
07/01/2026,00:06:13,26.6,43.1
07/01/2026,00:11:13,26.6,43.2
07/01/2026,00:16:13,26.6,43.2
07/01/2026,00:21:13,26.6,43.2
07/01/2026,00:26:13,26.6,43.3
07/01/2026,00:31:13,26.5,43.3
07/01/2026,00:36:13,26.5,43.3
07/01/2026,00:41:13,26.5,43.4
07/01/2026,00:46:13,26.5,43.4
07/01/2026,00:51:13,26.5,43.4
07/01/2026,00:56:13,26.5,43.5
07/01/2026,01:01:13,26.5,43.5
07/01/2026,01:06:13,26.5,43.5
07/01/2026,01:11:13,26.5,43.6
07/01/2026,01:16:13,26.4,43.6
07/01/2026,01:21:13,26.4,43.6
07/01/2026,01:26:13,26.4,43.7
07/01/2026,01:31:13,26.4,43.7
07/01/2026,01:36:13,26.4,43.7
07/01/2026,01:41:13,26.3,43.7
07/01/2026,01:46:13,26.3,43.8
07/01/2026,01:51:13,26.3,43.8
07/01/2026,01:56:13,26.3,43.8
07/01/2026,02:01:13,26.3,43.9
07/01/2026,02:06:13,26.3,43.9
07/01/2026,02:11:13,26.3,43.9
07/01/2026,02:16:13,26.3,44.0
07/01/2026,02:21:13,26.3,44.0
07/01/2026,02:26:13,26.2,44.0
07/01/2026,02:31:13,26.2,44.0
07/01/2026,02:36:13,26.2,44.0
07/01/2026,02:41:13,26.2,44.1
07/01/2026,02:46:13,26.2,44.1
07/01/2026,02:51:13,26.2,44.1
07/01/2026,02:56:13,26.1,44.2
07/01/2026,03:01:13,26.1,44.2
07/01/2026,03:06:13,26.1,44.2
07/01/2026,03:11:13,26.1,44.2
07/01/2026,03:16:13,26.1,44.3
07/01/2026,03:21:13,26.0,44.3
07/01/2026,03:26:13,26.0,44.4
07/01/2026,03:31:13,26.0,44.4
07/01/2026,03:36:13,26.0,44.4
07/01/2026,03:41:13,26.0,44.4
07/01/2026,03:46:13,26.0,44.5
07/01/2026,03:51:13,26.0,44.5
07/01/2026,03:56:13,25.9,44.6
07/01/2026,04:01:13,25.9,44.6
07/01/2026,04:06:13,25.9,44.6
07/01/2026,04:11:13,25.9,44.7
07/01/2026,04:16:13,25.9,44.7
07/01/2026,04:21:13,25.8,44.7
07/01/2026,04:26:13,25.8,44.8
07/01/2026,04:31:13,25.8,44.8
07/01/2026,04:36:13,25.8,44.8
07/01/2026,04:41:13,25.8,44.8
07/01/2026,04:46:13,25.7,44.9
07/01/2026,04:51:13,25.7,44.9
07/01/2026,04:56:13,25.7,44.9
07/01/2026,05:01:13,25.7,44.9
07/01/2026,05:06:13,25.7,45.0
07/01/2026,05:11:13,25.6,45.0
07/01/2026,05:16:13,25.7,45.0
07/01/2026,05:21:13,25.6,45.0
07/01/2026,05:26:13,25.6,45.1
07/01/2026,05:31:13,25.6,45.1
07/01/2026,05:36:13,25.6,45.1
07/01/2026,05:41:13,25.6,45.2
07/01/2026,05:46:13,25.6,45.2
07/01/2026,05:51:13,25.6,45.2
07/01/2026,05:56:13,25.6,45.2
07/01/2026,06:01:13,25.6,45.2
07/01/2026,06:06:13,25.6,45.2
07/01/2026,06:11:13,25.6,45.3
07/01/2026,06:16:13,25.5,45.3
07/01/2026,06:21:13,25.6,45.3
07/01/2026,06:26:13,25.5,45.4
07/01/2026,06:31:13,25.5,45.3
07/01/2026,06:36:13,25.5,45.4
07/01/2026,06:41:13,25.5,45.4
07/01/2026,06:46:13,25.5,45.4
07/01/2026,06:51:13,25.5,45.5
07/01/2026,06:56:13,25.5,45.5
07/01/2026,07:01:13,25.5,45.5
07/01/2026,07:06:13,25.5,45.6
07/01/2026,07:11:13,25.5,45.6
07/01/2026,07:16:13,25.4,45.7
07/01/2026,07:21:13,25.4,45.7
07/01/2026,07:26:13,25.4,45.7
07/01/2026,07:31:13,25.5,45.7
07/01/2026,07:36:13,25.5,45.8
07/01/2026,07:41:13,25.5,45.8
07/01/2026,07:46:13,25.4,45.8
07/01/2026,07:51:13,25.5,45.8
07/01/2026,07:56:13,25.4,45.8
07/01/2026,08:01:13,25.5,45.8
07/01/2026,08:06:13,25.5,45.8
07/01/2026,08:11:13,25.5,45.8
07/01/2026,08:16:13,25.5,46.0
07/01/2026,08:21:13,25.5,46.0
07/01/2026,08:26:13,25.5,46.2
07/01/2026,08:31:13,25.5,46.3
07/01/2026,08:36:13,25.5,46.5
07/01/2026,08:41:13,25.5,46.6
07/01/2026,08:46:13,25.5,46.6
07/01/2026,08:51:13,25.5,46.7
07/01/2026,08:56:13,25.5,46.8
07/01/2026,09:01:13,25.5,46.8
07/01/2026,09:06:13,25.5,46.8
07/01/2026,09:11:13,25.5,46.9
07/01/2026,09:16:13,25.5,47.0
07/01/2026,09:21:13,25.5,47.1
07/01/2026,09:26:13,25.5,47.1
07/01/2026,09:31:13,25.6,47.1
07/01/2026,09:36:13,25.6,47.1
07/01/2026,09:41:13,25.6,47.1
07/01/2026,09:46:13,25.6,47.1
07/01/2026,09:51:13,25.6,47.1
07/01/2026,09:56:13,25.6,47.0
07/01/2026,10:01:13,25.6,47.0
07/01/2026,10:06:13,25.6,47.0
07/01/2026,10:11:13,25.6,47.0
07/01/2026,10:16:13,25.6,46.7
07/01/2026,10:21:13,25.6,46.7
07/01/2026,10:26:13,25.6,46.7
07/01/2026,10:31:13,25.7,46.7
07/01/2026,10:36:13,25.7,46.6
07/01/2026,10:41:13,25.7,46.6
07/01/2026,10:46:13,25.7,46.5
07/01/2026,10:51:13,25.6,46.5
07/01/2026,10:56:13,25.7,46.4
07/01/2026,11:01:13,25.7,46.4
07/01/2026,11:06:13,25.7,46.3
07/01/2026,11:11:13,25.7,46.3
07/01/2026,11:16:13,25.7,46.3
07/01/2026,11:21:13,25.7,46.3
07/01/2026,11:26:13,25.7,46.2
07/01/2026,11:31:13,25.7,46.3
07/01/2026,11:36:13,25.7,46.2
07/01/2026,11:41:13,25.7,46.1
07/01/2026,11:46:13,25.7,46.1
07/01/2026,11:51:13,25.7,46.1
07/01/2026,11:56:13,25.7,46.0
07/01/2026,12:01:13,25.7,46.0
07/01/2026,12:06:13,25.7,46.0
07/01/2026,12:11:13,25.7,46.0
07/01/2026,12:16:13,25.7,46.0
07/01/2026,12:21:13,25.6,46.0
07/01/2026,12:26:13,25.7,46.0
07/01/2026,12:31:13,25.7,45.9
07/01/2026,12:36:13,25.6,46.0
07/01/2026,12:41:13,25.7,45.9
07/01/2026,12:46:13,25.7,46.0
07/01/2026,12:51:13,25.7,46.0
07/01/2026,12:56:13,25.7,45.9
07/01/2026,13:01:13,25.7,45.9
07/01/2026,13:06:13,25.7,45.9
07/01/2026,13:11:13,25.7,45.9
07/01/2026,13:16:13,25.7,45.9
07/01/2026,13:21:13,25.7,46.0
07/01/2026,13:26:13,25.7,46.0
07/01/2026,13:31:13,25.7,46.0
07/01/2026,13:36:13,25.7,46.0
07/01/2026,13:41:13,25.7,46.0
07/01/2026,13:46:13,25.7,46.0
07/01/2026,13:51:13,25.7,46.0
07/01/2026,13:56:13,25.7,46.0
07/01/2026,14:01:13,25.7,46.0
07/01/2026,14:06:13,25.7,45.9
07/01/2026,14:11:13,25.7,45.9
07/01/2026,14:16:13,25.8,46.0
07/01/2026,14:21:13,25.8,46.0
07/01/2026,14:26:13,25.8,46.0
07/01/2026,14:31:13,25.8,46.0
07/01/2026,14:36:13,25.8,46.0
07/01/2026,14:41:13,25.8,46.0
07/01/2026,14:46:13,25.8,46.0
07/01/2026,14:51:13,25.8,46.0
07/01/2026,14:56:13,25.9,46.0
07/01/2026,15:01:13,25.8,45.9
07/01/2026,15:06:13,25.9,46.0
07/01/2026,15:11:13,25.8,45.9
07/01/2026,15:16:13,25.9,45.9
07/01/2026,15:21:13,25.9,45.9
07/01/2026,15:26:13,25.9,45.8
07/01/2026,15:31:13,25.9,45.9
07/01/2026,15:36:13,25.9,45.9
07/01/2026,15:41:13,25.9,45.9
07/01/2026,15:46:13,25.9,45.9
07/01/2026,15:51:13,25.9,45.9
07/01/2026,15:56:13,25.9,45.8
07/01/2026,16:01:13,26.0,45.9
07/01/2026,16:06:13,26.0,45.8
07/01/2026,16:11:13,26.0,45.8
07/01/2026,16:16:13,26.0,45.8
07/01/2026,16:21:13,26.0,45.8
07/01/2026,16:26:13,26.0,45.7
07/01/2026,16:31:13,26.0,45.7
07/01/2026,16:36:13,26.1,45.7
07/01/2026,16:41:13,26.1,45.6
07/01/2026,16:46:13,26.1,45.6
07/01/2026,16:51:13,26.1,45.6
07/01/2026,16:56:13,26.1,45.5
07/01/2026,17:01:13,26.1,45.4
07/01/2026,17:06:13,26.2,45.4
07/01/2026,17:11:13,26.2,45.3
07/01/2026,17:16:13,26.2,45.3
07/01/2026,17:21:13,26.2,45.3
07/01/2026,17:26:13,26.2,45.2
07/01/2026,17:31:13,26.2,45.2
07/01/2026,17:36:13,26.2,45.2
07/01/2026,17:41:13,26.2,45.2
07/01/2026,17:46:13,26.2,45.2
07/01/2026,17:51:13,26.3,45.2
07/01/2026,17:56:13,26.3,45.2
07/01/2026,18:01:13,26.3,45.1
07/01/2026,18:06:13,26.3,45.1
07/01/2026,18:11:13,26.3,45.1
07/01/2026,18:16:13,26.3,45.0
07/01/2026,18:21:13,26.3,45.0
07/01/2026,18:26:13,26.3,45.0
07/01/2026,18:31:13,26.3,45.0
07/01/2026,18:36:13,26.3,45.0
07/01/2026,18:41:13,26.3,45.0
07/01/2026,18:46:13,26.4,44.9
07/01/2026,18:51:13,26.4,44.9
07/01/2026,18:56:13,26.4,44.8
07/01/2026,19:01:13,26.4,44.8
07/01/2026,19:06:13,26.4,44.8
07/01/2026,19:11:13,26.4,44.8
07/01/2026,19:16:13,26.4,44.8
07/01/2026,19:21:13,26.4,44.8
07/01/2026,19:26:13,26.4,44.8
07/01/2026,19:31:13,26.4,44.9
07/01/2026,19:36:13,26.5,44.8
07/01/2026,19:41:13,26.4,44.7
07/01/2026,19:46:13,26.4,44.7
07/01/2026,19:51:13,26.5,44.7
07/01/2026,19:56:13,26.5,44.7
07/01/2026,20:01:13,26.5,44.7
07/01/2026,20:06:13,26.5,44.7
07/01/2026,20:11:13,26.5,44.7
07/01/2026,20:16:13,26.5,44.6
07/01/2026,20:21:13,26.5,44.5
07/01/2026,20:26:13,26.5,44.4
07/01/2026,20:31:13,26.5,44.4
07/01/2026,20:36:13,26.5,44.4
07/01/2026,20:41:13,26.5,44.4
07/01/2026,20:46:13,26.5,44.3
07/01/2026,20:51:13,26.5,44.3
07/01/2026,20:56:13,26.5,44.3
07/01/2026,21:01:13,26.6,44.3
07/01/2026,21:06:13,26.5,44.3
07/01/2026,21:11:13,26.5,44.3
07/01/2026,21:16:13,26.5,44.3
07/01/2026,21:21:13,26.5,44.4
07/01/2026,21:26:13,26.5,44.3
07/01/2026,21:31:13,26.5,44.3
07/01/2026,21:36:13,26.5,44.3
07/01/2026,21:41:13,26.5,44.3
07/01/2026,21:46:13,26.5,44.3
07/01/2026,21:51:13,26.5,44.3
07/01/2026,21:56:13,26.5,44.3
07/01/2026,22:01:13,26.5,44.3
07/01/2026,22:06:13,26.5,44.3
07/01/2026,22:11:13,26.5,44.3
07/01/2026,22:16:13,26.5,44.3
07/01/2026,22:21:13,26.5,44.3
07/01/2026,22:26:13,26.4,44.4
07/01/2026,22:31:13,26.4,44.4
07/01/2026,22:36:13,26.5,44.4
07/01/2026,22:41:13,26.4,44.3
07/01/2026,22:46:13,26.4,44.4
07/01/2026,22:51:13,26.4,44.4
07/01/2026,22:56:13,26.4,44.4
07/01/2026,23:01:13,26.4,44.5
07/01/2026,23:06:13,26.4,44.5
07/01/2026,23:11:13,26.4,44.5
07/01/2026,23:16:13,26.4,44.5
07/01/2026,23:21:13,26.3,44.5
07/01/2026,23:26:13,26.3,44.5
07/01/2026,23:31:13,26.3,44.5
07/01/2026,23:36:13,26.3,44.6
07/01/2026,23:41:13,26.3,44.6
07/01/2026,23:46:13,26.3,44.6
07/01/2026,23:51:13,26.2,44.6
07/01/2026,23:56:13,26.2,44.6
07/02/2026,00:01:13,26.2,44.6
07/02/2026,00:06:13,26.2,44.7
07/02/2026,00:11:13,26.2,44.6
07/02/2026,00:16:13,26.2,44.6
07/02/2026,00:21:13,26.2,44.6
07/02/2026,00:26:13,26.2,44.6
07/02/2026,00:31:13,26.1,44.6
07/02/2026,00:36:13,26.1,44.6
07/02/2026,00:41:13,26.1,44.6
07/02/2026,00:46:13,26.1,44.6
07/02/2026,00:51:13,26.0,44.6
07/02/2026,00:56:13,26.0,44.5
07/02/2026,01:01:13,26.0,44.5
07/02/2026,01:06:13,26.0,44.5
07/02/2026,01:11:13,26.0,44.5
07/02/2026,01:16:13,26.0,44.4
07/02/2026,01:21:13,26.0,44.5
07/02/2026,01:26:13,25.9,44.5
07/02/2026,01:31:13,25.9,44.4
07/02/2026,01:36:13,25.9,44.5
07/02/2026,01:41:13,25.9,44.6
07/02/2026,01:46:13,25.9,44.5
07/02/2026,01:51:13,25.9,44.5
07/02/2026,01:56:13,25.8,44.6
07/02/2026,02:01:13,25.8,44.5
07/02/2026,02:06:13,25.8,44.6
07/02/2026,02:11:13,25.8,44.6
07/02/2026,02:16:13,25.8,44.6
07/02/2026,02:21:13,25.7,44.6
07/02/2026,02:26:13,25.7,44.7
07/02/2026,02:31:13,25.7,44.7
07/02/2026,02:36:13,25.7,44.7
07/02/2026,02:41:13,25.6,44.7
07/02/2026,02:46:13,25.6,44.8
07/02/2026,02:51:13,25.6,44.8
07/02/2026,02:56:13,25.6,44.8
07/02/2026,03:01:13,25.6,44.8
07/02/2026,03:06:13,25.6,44.8
07/02/2026,03:11:13,25.5,44.8
07/02/2026,03:16:13,25.5,44.9
07/02/2026,03:21:13,25.5,44.9
07/02/2026,03:26:13,25.5,44.9
07/02/2026,03:31:13,25.4,45.0
07/02/2026,03:36:13,25.5,45.0
07/02/2026,03:41:13,25.4,45.0
07/02/2026,03:46:13,25.4,45.0
07/02/2026,03:51:13,25.4,45.1
07/02/2026,03:56:13,25.4,45.1
07/02/2026,04:01:13,25.4,45.1
07/02/2026,04:06:13,25.4,45.2
07/02/2026,04:11:13,25.4,45.1
07/02/2026,04:16:13,25.3,45.3
07/02/2026,04:21:13,25.3,45.2
07/02/2026,04:26:13,25.3,45.3
07/02/2026,04:31:13,25.3,45.3
07/02/2026,04:36:13,25.3,45.3
07/02/2026,04:41:13,25.3,45.4
07/02/2026,04:46:13,25.3,45.4
07/02/2026,04:51:13,25.3,45.4
07/02/2026,04:56:13,25.2,45.5
07/02/2026,05:01:13,25.2,45.5
07/02/2026,05:06:13,25.2,45.5
07/02/2026,05:11:13,25.2,45.6
07/02/2026,05:16:13,25.2,45.6
07/02/2026,05:21:13,25.2,45.6
07/02/2026,05:26:13,25.2,45.7
07/02/2026,05:31:13,25.2,45.7
07/02/2026,05:36:13,25.1,45.7
07/02/2026,05:41:13,25.1,45.8
07/02/2026,05:46:13,25.1,45.8
07/02/2026,05:51:13,25.1,45.9
07/02/2026,05:56:13,25.1,45.9
07/02/2026,06:01:13,25.1,46.0
07/02/2026,06:06:13,25.1,46.0
07/02/2026,06:11:13,25.1,46.1
07/02/2026,06:16:13,25.1,46.1
07/02/2026,06:21:13,25.1,46.2
07/02/2026,06:26:13,25.0,46.3
07/02/2026,06:31:13,25.0,46.3
07/02/2026,06:36:13,25.0,46.3
07/02/2026,06:41:13,25.0,46.4
07/02/2026,06:46:13,25.0,46.5
07/02/2026,06:51:13,25.0,46.6
07/02/2026,06:56:13,25.0,46.6
07/02/2026,07:01:13,25.0,46.6
07/02/2026,07:06:13,25.0,46.7
07/02/2026,07:11:13,25.0,46.8
07/02/2026,07:16:13,25.0,46.8
07/02/2026,07:21:13,25.0,46.8
07/02/2026,07:26:13,25.0,47.0
07/02/2026,07:31:13,25.0,47.0
07/02/2026,07:36:13,25.0,47.0
07/02/2026,07:41:13,25.0,47.1
07/02/2026,07:46:13,25.0,47.2
07/02/2026,07:51:13,25.0,47.2
07/02/2026,07:56:13,25.0,47.4
07/02/2026,08:01:13,25.0,47.5
07/02/2026,08:06:13,25.0,47.5
07/02/2026,08:11:13,25.0,47.6
07/02/2026,08:16:13,25.0,47.7
07/02/2026,08:21:13,25.0,47.7
07/02/2026,08:26:13,25.0,47.7
07/02/2026,08:31:13,25.0,47.8
07/02/2026,08:36:13,25.0,47.8
07/02/2026,08:41:13,25.0,47.8
07/02/2026,08:46:13,25.1,47.8
07/02/2026,08:51:13,25.1,47.8
07/02/2026,08:56:13,25.1,47.9
07/02/2026,09:01:13,25.1,47.8
07/02/2026,09:06:13,25.1,47.9
07/02/2026,09:11:13,25.1,47.9
07/02/2026,09:16:13,25.1,47.9
07/02/2026,09:21:13,25.1,47.9
07/02/2026,09:26:13,25.1,48.0
07/02/2026,09:31:13,25.1,48.0
07/02/2026,09:36:13,25.1,48.1
07/02/2026,09:41:13,25.1,48.2
07/02/2026,09:46:13,25.2,48.2
07/02/2026,09:51:13,25.2,48.2
07/02/2026,09:56:13,25.2,48.3
07/02/2026,10:01:13,25.2,48.3
07/02/2026,10:06:13,25.2,48.4
07/02/2026,10:11:13,25.2,48.3
07/02/2026,10:16:13,25.2,48.3
07/02/2026,10:21:13,25.3,48.2
07/02/2026,10:26:13,25.3,48.2
07/02/2026,10:31:13,25.3,48.2
07/02/2026,10:36:13,25.3,48.2
07/02/2026,10:41:13,25.3,48.1
07/02/2026,10:46:13,25.3,48.1
07/02/2026,10:51:13,25.3,48.0
07/02/2026,10:56:13,25.3,48.0
07/02/2026,11:01:13,25.4,47.9
07/02/2026,11:06:13,25.4,47.9
07/02/2026,11:11:13,25.4,47.8
07/02/2026,11:16:13,25.4,47.7
07/02/2026,11:21:13,25.4,47.7
07/02/2026,11:26:13,25.4,47.6
07/02/2026,11:31:13,25.4,47.5
07/02/2026,11:36:13,25.4,47.5
07/02/2026,11:41:13,25.4,47.5
07/02/2026,11:46:13,25.4,47.4
07/02/2026,11:51:13,25.4,47.3
07/02/2026,11:56:13,25.4,47.3
07/02/2026,12:01:13,25.4,47.3
07/02/2026,12:06:13,25.4,47.2
07/02/2026,12:11:13,25.5,47.2
07/02/2026,12:16:13,25.5,47.1
07/02/2026,12:21:13,25.5,47.1
07/02/2026,12:26:13,25.5,47.0
07/02/2026,12:31:13,25.5,47.0
07/02/2026,12:36:13,25.5,47.0
07/02/2026,12:41:13,25.5,46.9
07/02/2026,12:46:13,25.5,46.9
07/02/2026,12:51:13,25.5,46.8
07/02/2026,12:56:13,25.5,46.8
07/02/2026,13:01:13,25.5,46.8
07/02/2026,13:06:13,25.5,46.8
07/02/2026,13:11:13,25.5,46.7
07/02/2026,13:16:13,25.5,46.7
07/02/2026,13:21:13,25.5,46.7
07/02/2026,13:26:13,25.5,46.6
07/02/2026,13:31:13,25.5,46.6
07/02/2026,13:36:13,25.5,46.6
07/02/2026,13:41:13,25.6,46.6
07/02/2026,13:46:13,25.6,46.6
07/02/2026,13:51:13,25.6,46.6
07/02/2026,13:56:13,25.6,46.6
07/02/2026,14:01:13,25.6,46.6
07/02/2026,14:06:13,25.6,46.5
07/02/2026,14:11:13,25.6,46.6
07/02/2026,14:16:13,25.6,46.6
07/02/2026,14:21:13,25.7,46.5
07/02/2026,14:26:13,25.6,46.5
07/02/2026,14:31:13,25.7,46.5
07/02/2026,14:36:13,25.7,46.4
07/02/2026,14:41:13,25.7,46.5
07/02/2026,14:46:13,25.7,46.5
07/02/2026,14:51:13,25.7,46.4
07/02/2026,14:56:13,25.7,46.4
07/02/2026,15:01:13,25.8,46.4
07/02/2026,15:06:13,25.8,46.4
07/02/2026,15:11:13,25.8,46.4
07/02/2026,15:16:13,25.8,46.4
07/02/2026,15:21:13,25.8,46.4
07/02/2026,15:26:13,25.8,46.4
07/02/2026,15:31:13,25.8,46.4
07/02/2026,15:36:13,25.9,46.4
07/02/2026,15:41:13,25.9,46.4
07/02/2026,15:46:13,25.9,46.4
07/02/2026,15:51:13,25.9,46.4
07/02/2026,15:56:13,25.9,46.4
07/02/2026,16:01:13,25.9,46.3
07/02/2026,16:06:13,26.0,46.4
07/02/2026,16:11:13,26.0,46.3
07/02/2026,16:16:13,26.0,46.3
07/02/2026,16:21:13,26.0,46.3
07/02/2026,16:26:13,26.0,46.3
07/02/2026,16:31:13,26.1,46.3
07/02/2026,16:36:13,26.1,46.3
07/02/2026,16:41:13,26.1,46.2
07/02/2026,16:46:13,26.1,46.2
07/02/2026,16:51:13,26.1,46.3
07/02/2026,16:56:13,26.1,46.2
07/02/2026,17:01:13,26.2,46.2
07/02/2026,17:06:13,26.2,46.1
07/02/2026,17:11:13,26.2,46.1
07/02/2026,17:16:13,26.2,46.2
07/02/2026,17:21:13,26.2,46.1
07/02/2026,17:26:13,26.2,46.1
07/02/2026,17:31:13,26.3,46.0
07/02/2026,17:36:13,26.3,46.0
07/02/2026,17:41:13,26.3,46.0
07/02/2026,17:46:13,26.3,46.0
07/02/2026,17:51:13,26.3,45.9
07/02/2026,17:56:13,26.3,45.9
07/02/2026,18:01:13,26.3,45.9
07/02/2026,18:06:13,26.3,45.9
07/02/2026,18:11:13,26.4,45.9
07/02/2026,18:16:13,26.4,45.9
07/02/2026,18:21:13,26.4,45.8
07/02/2026,18:26:13,26.4,45.9
07/02/2026,18:31:13,26.4,45.8
07/02/2026,18:36:13,26.4,45.8
07/02/2026,18:41:13,26.5,45.7
07/02/2026,18:46:13,26.5,45.7
07/02/2026,18:51:13,26.5,45.6
07/02/2026,18:56:13,26.5,45.6
07/02/2026,19:01:13,26.5,45.6
07/02/2026,19:06:13,26.5,45.3
07/02/2026,19:11:13,26.5,45.2
07/02/2026,19:16:13,26.5,44.8
07/02/2026,19:21:13,26.5,44.5
07/02/2026,19:26:13,26.5,44.3
07/02/2026,19:31:13,26.5,44.0
07/02/2026,19:36:13,26.5,43.8
07/02/2026,19:41:13,26.4,43.7
07/02/2026,19:46:13,26.5,43.8
07/02/2026,19:51:13,26.5,43.8
07/02/2026,19:56:13,26.5,43.6
07/02/2026,20:01:13,26.5,43.7
07/02/2026,20:06:13,26.5,43.5
07/02/2026,20:11:13,26.5,43.3
07/02/2026,20:16:13,26.5,43.2
07/02/2026,20:21:13,26.5,43.1
07/02/2026,20:26:13,26.5,42.9
07/02/2026,20:31:13,26.5,42.7
07/02/2026,20:36:13,26.4,42.5
07/02/2026,20:41:13,26.5,42.4
07/02/2026,20:46:13,26.5,42.3
07/02/2026,20:51:13,26.5,42.3
07/02/2026,20:56:13,26.4,42.1
07/02/2026,21:01:13,26.4,42.1
07/02/2026,21:06:13,26.4,42.0
07/02/2026,21:11:13,26.4,41.9
07/02/2026,21:16:13,26.4,41.8
07/02/2026,21:21:13,26.4,41.7
07/02/2026,21:26:13,26.4,41.5
07/02/2026,21:31:13,26.4,41.3
07/02/2026,21:36:13,26.3,41.3
07/02/2026,21:41:13,26.3,41.3
07/02/2026,21:46:13,26.3,41.3
07/02/2026,21:51:13,26.3,41.3
07/02/2026,21:56:13,26.3,41.3
07/02/2026,22:01:13,26.3,41.3
07/02/2026,22:06:13,26.2,41.2
07/02/2026,22:11:13,26.2,41.2
07/02/2026,22:16:13,26.2,41.1
07/02/2026,22:21:13,26.2,41.3
07/02/2026,22:26:13,26.2,41.3
07/02/2026,22:31:13,26.2,41.2
07/02/2026,22:36:13,26.1,41.2
07/02/2026,22:41:13,26.1,41.2
07/02/2026,22:46:13,26.1,41.2
07/02/2026,22:51:13,26.1,41.2
07/02/2026,22:56:13,26.0,41.3
07/02/2026,23:01:13,26.0,41.3
07/02/2026,23:06:13,26.0,41.2
07/02/2026,23:11:13,26.0,41.2
07/02/2026,23:16:13,26.0,41.3
07/02/2026,23:21:13,26.0,41.2
07/02/2026,23:26:13,25.9,41.2
07/02/2026,23:31:13,25.9,41.2
07/02/2026,23:36:13,25.9,41.1
07/02/2026,23:41:13,25.9,41.2
07/02/2026,23:46:13,25.9,41.2
07/02/2026,23:51:13,25.9,41.2
07/02/2026,23:56:13,25.9,41.2
07/03/2026,00:01:13,25.9,41.2
07/03/2026,00:06:13,25.8,41.2
07/03/2026,00:11:13,25.8,41.2
07/03/2026,00:16:13,25.8,41.2
07/03/2026,00:21:13,25.8,41.1
07/03/2026,00:26:13,25.8,41.2
07/03/2026,00:31:13,25.8,41.1
07/03/2026,00:36:13,25.8,41.1
07/03/2026,00:41:13,25.7,41.1
07/03/2026,00:46:13,25.7,41.1
07/03/2026,00:51:13,25.7,41.1
07/03/2026,00:56:13,25.7,41.1
07/03/2026,01:01:13,25.7,41.1
07/03/2026,01:06:13,25.7,41.0
07/03/2026,01:11:13,25.6,41.0
07/03/2026,01:16:13,25.6,41.0
07/03/2026,01:21:13,25.6,41.0
07/03/2026,01:26:13,25.6,41.0
07/03/2026,01:31:13,25.6,41.0
07/03/2026,01:36:13,25.5,41.0
07/03/2026,01:41:13,25.5,41.0
07/03/2026,01:46:13,25.5,40.9
07/03/2026,01:51:13,25.5,40.9
07/03/2026,01:56:13,25.4,40.9
07/03/2026,02:01:13,25.4,40.9
07/03/2026,02:06:13,25.4,40.9
07/03/2026,02:11:13,25.4,40.9
07/03/2026,02:16:13,25.3,40.9
07/03/2026,02:21:13,25.4,40.9
07/03/2026,02:26:13,25.4,40.9
07/03/2026,02:31:13,25.3,40.9
07/03/2026,02:36:13,25.3,40.9
07/03/2026,02:41:13,25.3,40.8
07/03/2026,02:46:13,25.3,40.8
07/03/2026,02:51:13,25.2,40.8
07/03/2026,02:56:13,25.2,40.8
07/03/2026,03:01:13,25.2,40.7
07/03/2026,03:06:13,25.2,40.8
07/03/2026,03:11:13,25.2,40.8
07/03/2026,03:16:13,25.1,40.7
07/03/2026,03:21:13,25.1,40.8
07/03/2026,03:26:13,25.1,40.7
07/03/2026,03:31:13,25.1,40.7
07/03/2026,03:36:13,25.0,40.7
07/03/2026,03:41:13,25.0,40.7
07/03/2026,03:46:13,25.0,40.7
07/03/2026,03:51:13,25.0,40.6
07/03/2026,03:56:13,24.9,40.7
07/03/2026,04:01:13,25.0,40.7
07/03/2026,04:06:13,24.9,40.7
07/03/2026,04:11:13,24.9,40.6
07/03/2026,04:16:13,24.9,40.6
07/03/2026,04:21:13,24.9,40.6
07/03/2026,04:26:13,24.9,40.6
07/03/2026,04:31:13,24.8,40.6
07/03/2026,04:36:13,24.8,40.6
07/03/2026,04:41:13,24.8,40.6
07/03/2026,04:46:13,24.7,40.6
07/03/2026,04:51:13,24.7,40.6
07/03/2026,04:56:13,24.7,40.6
07/03/2026,05:01:13,24.7,40.6
07/03/2026,05:06:13,24.7,40.6
07/03/2026,05:11:13,24.6,40.6
07/03/2026,05:16:13,24.6,40.6
07/03/2026,05:21:13,24.6,40.6
07/03/2026,05:26:13,24.6,40.6
07/03/2026,05:31:13,24.6,40.6
07/03/2026,05:36:13,24.6,40.6
07/03/2026,05:41:13,24.5,40.5
07/03/2026,05:46:13,24.5,40.5
07/03/2026,05:51:13,24.5,40.6
07/03/2026,05:56:13,24.4,40.6
07/03/2026,06:01:13,24.4,40.6
07/03/2026,06:06:13,24.4,40.7
07/03/2026,06:11:13,24.3,40.7
07/03/2026,06:16:13,24.3,40.8
07/03/2026,06:21:13,24.3,40.8
07/03/2026,06:26:13,24.3,40.8
07/03/2026,06:31:13,24.2,40.8
07/03/2026,06:36:13,24.2,40.9
07/03/2026,06:41:13,24.2,40.9
07/03/2026,06:46:13,24.2,41.0
07/03/2026,06:51:13,24.2,41.1
07/03/2026,06:56:13,24.2,41.1
07/03/2026,07:01:13,24.2,41.2
07/03/2026,07:06:13,24.2,41.2
07/03/2026,07:11:13,24.2,41.3
07/03/2026,07:16:13,24.2,41.4
07/03/2026,07:21:13,24.2,41.4
07/03/2026,07:26:13,24.2,41.5
07/03/2026,07:31:13,24.2,41.5
07/03/2026,07:36:13,24.2,41.5
07/03/2026,07:41:13,24.2,41.6
07/03/2026,07:46:13,24.2,41.6
07/03/2026,07:51:13,24.3,41.6
07/03/2026,07:56:13,24.2,41.7
07/03/2026,08:01:13,24.2,41.7
07/03/2026,08:06:13,24.3,41.7
07/03/2026,08:11:13,24.3,41.7
07/03/2026,08:16:13,24.3,41.8
07/03/2026,08:21:13,24.3,41.8
07/03/2026,08:26:13,24.3,41.8
07/03/2026,08:31:13,24.3,41.9
07/03/2026,08:36:13,24.3,41.8
07/03/2026,08:41:13,24.3,41.8
07/03/2026,08:46:13,24.4,41.9
07/03/2026,08:51:13,24.4,41.8
07/03/2026,08:56:13,24.4,41.8
07/03/2026,09:01:13,24.4,41.9
07/03/2026,09:06:13,24.4,41.9
07/03/2026,09:11:13,24.4,41.9
07/03/2026,09:16:13,24.5,41.9
07/03/2026,09:21:13,24.5,41.9
07/03/2026,09:26:13,24.5,42.0
07/03/2026,09:31:13,24.5,42.0
07/03/2026,09:36:13,24.5,42.0
07/03/2026,09:41:13,24.5,42.0
07/03/2026,09:46:13,24.5,42.0
07/03/2026,09:51:13,24.6,42.0
07/03/2026,09:56:13,24.6,42.0
07/03/2026,10:01:13,24.6,42.0
07/03/2026,10:06:13,24.7,42.0
07/03/2026,10:11:13,24.6,42.0
07/03/2026,10:16:13,24.7,42.0
07/03/2026,10:21:13,24.7,42.0
07/03/2026,10:26:13,24.7,42.0
07/03/2026,10:31:13,24.7,42.0
07/03/2026,10:36:13,24.7,42.0
07/03/2026,10:41:13,24.7,42.0
07/03/2026,10:46:13,24.7,42.0
07/03/2026,10:51:13,24.8,42.0
07/03/2026,10:56:13,24.8,42.0
07/03/2026,11:01:13,24.8,42.0
07/03/2026,11:06:13,24.8,42.0
07/03/2026,11:11:13,24.8,42.1
07/03/2026,11:16:13,24.8,42.0
07/03/2026,11:21:13,24.8,42.1
07/03/2026,11:26:13,24.8,42.1
07/03/2026,11:31:13,24.9,42.1
07/03/2026,11:36:13,24.9,42.1
07/03/2026,11:41:13,24.9,42.1
07/03/2026,11:46:13,24.9,42.1
07/03/2026,11:51:13,24.9,42.1
07/03/2026,11:56:13,24.9,42.1
07/03/2026,12:01:13,24.9,42.1
07/03/2026,12:06:13,24.9,42.1
07/03/2026,12:11:13,24.9,42.2
07/03/2026,12:16:13,24.9,42.2
07/03/2026,12:21:13,25.0,42.2
07/03/2026,12:26:13,25.0,42.3
07/03/2026,12:31:13,25.0,42.3
07/03/2026,12:36:13,25.0,42.5
07/03/2026,12:41:13,25.0,42.6
07/03/2026,12:46:13,25.0,42.8
07/03/2026,12:51:13,25.1,43.0
07/03/2026,12:56:13,25.1,43.2
07/03/2026,13:01:13,25.1,43.3
07/03/2026,13:06:13,25.2,43.5
07/03/2026,13:11:13,25.2,43.6
07/03/2026,13:16:13,25.2,43.6
07/03/2026,13:21:13,25.2,43.8
07/03/2026,13:26:13,25.3,43.9
07/03/2026,13:31:13,25.3,43.9
07/03/2026,13:36:13,25.4,44.0
07/03/2026,13:41:13,25.4,44.0
07/03/2026,13:46:13,25.4,44.0
07/03/2026,13:51:13,25.4,43.9
07/03/2026,13:56:13,25.5,43.9
07/03/2026,14:01:13,25.5,43.8
07/03/2026,14:06:13,25.5,43.8
07/03/2026,14:11:13,25.5,43.8
07/03/2026,14:16:13,25.5,43.7
07/03/2026,14:21:13,25.6,43.8
07/03/2026,14:26:13,25.6,43.8
07/03/2026,14:31:13,25.6,43.8
07/03/2026,14:36:13,25.6,43.8
07/03/2026,14:41:13,25.6,43.8
07/03/2026,14:46:13,25.7,43.8
07/03/2026,14:51:13,25.7,43.8
07/03/2026,14:56:13,25.7,43.8
07/03/2026,15:01:13,25.7,43.7
07/03/2026,15:06:13,25.8,43.7
07/03/2026,15:11:13,25.8,43.7
07/03/2026,15:16:13,25.8,43.7
07/03/2026,15:21:13,25.8,43.7
07/03/2026,15:26:13,25.8,43.7
07/03/2026,15:31:13,25.9,43.6
07/03/2026,15:36:13,25.9,43.6
07/03/2026,15:41:13,25.9,43.6
07/03/2026,15:46:13,25.9,43.5
07/03/2026,15:51:13,25.9,43.6
07/03/2026,15:56:13,26.0,43.6
07/03/2026,16:01:13,26.0,43.6
07/03/2026,16:06:13,26.0,43.6
07/03/2026,16:11:13,26.0,43.5
07/03/2026,16:16:13,26.1,43.5
07/03/2026,16:21:13,26.1,43.5
07/03/2026,16:26:13,26.1,43.5
07/03/2026,16:31:13,26.1,43.4
07/03/2026,16:36:13,26.2,43.4
07/03/2026,16:41:13,26.2,43.3
07/03/2026,16:46:13,26.2,43.3
07/03/2026,16:51:13,26.2,43.2
07/03/2026,16:56:13,26.2,43.1
07/03/2026,17:01:13,26.3,43.0
07/03/2026,17:06:13,26.3,43.0
07/03/2026,17:11:13,26.3,43.0
07/03/2026,17:16:13,26.3,42.9
07/03/2026,17:21:13,26.3,42.8
07/03/2026,17:26:13,26.3,42.8
07/03/2026,17:31:13,26.4,42.8
07/03/2026,17:36:13,26.4,42.7
07/03/2026,17:41:13,26.4,42.7
07/03/2026,17:46:13,26.4,42.6
07/03/2026,17:51:13,26.4,42.6
07/03/2026,17:56:13,26.4,42.4
07/03/2026,18:01:13,26.5,42.4
07/03/2026,18:06:13,26.5,42.2
07/03/2026,18:11:13,26.5,42.3
07/03/2026,18:16:13,26.5,42.1
07/03/2026,18:21:13,26.5,42.1
07/03/2026,18:26:13,26.5,42.1
07/03/2026,18:31:13,26.6,42.0
07/03/2026,18:36:13,26.6,42.0
07/03/2026,18:41:13,26.6,41.8
07/03/2026,18:46:13,26.6,41.8
07/03/2026,18:51:13,26.6,41.7
07/03/2026,18:56:13,26.6,41.6
07/03/2026,19:01:13,26.6,41.4
07/03/2026,19:06:13,26.6,41.1
07/03/2026,19:11:13,26.6,41.0
07/03/2026,19:16:13,26.6,41.2
07/03/2026,19:21:13,26.7,41.1
07/03/2026,19:26:13,26.7,41.3
07/03/2026,19:31:13,26.7,41.3
07/03/2026,19:36:13,26.7,41.3
07/03/2026,19:41:13,26.7,41.2
07/03/2026,19:46:13,26.7,41.2
07/03/2026,19:51:13,26.7,41.1
07/03/2026,19:56:13,26.7,40.8
07/03/2026,20:01:13,26.8,40.6
07/03/2026,20:06:13,26.8,40.6
07/03/2026,20:11:13,26.8,40.4
07/03/2026,20:16:13,26.8,40.1
07/03/2026,20:21:13,26.8,40.0
07/03/2026,20:26:13,26.8,39.8
07/03/2026,20:31:13,26.8,39.7
07/03/2026,20:36:13,26.8,39.4
07/03/2026,20:41:13,26.8,39.3
07/03/2026,20:46:13,26.8,39.2
07/03/2026,20:51:13,26.8,39.2
07/03/2026,20:56:13,26.8,39.2
07/03/2026,21:01:13,26.8,39.1
07/03/2026,21:06:13,26.8,39.1
07/03/2026,21:11:13,26.8,38.9
07/03/2026,21:16:13,26.8,38.8
07/03/2026,21:21:13,26.8,38.7
07/03/2026,21:26:13,26.8,38.6
07/03/2026,21:31:13,26.7,38.6
07/03/2026,21:36:13,26.7,38.5
07/03/2026,21:41:13,26.7,38.3
07/03/2026,21:46:13,26.7,38.2
07/03/2026,21:51:13,26.7,38.0
07/03/2026,21:56:13,26.7,37.9
07/03/2026,22:01:13,26.7,37.9
07/03/2026,22:06:13,26.7,37.7
07/03/2026,22:11:13,26.7,37.5
07/03/2026,22:16:13,26.7,37.4
07/03/2026,22:21:13,26.6,37.2
07/03/2026,22:26:13,26.6,37.2
07/03/2026,22:31:13,26.6,37.1
07/03/2026,22:36:13,26.6,37.0
07/03/2026,22:41:13,26.6,37.1
07/03/2026,22:46:13,26.6,37.1
07/03/2026,22:51:13,26.5,37.1
07/03/2026,22:56:13,26.5,37.0
07/03/2026,23:01:13,26.5,36.9
07/03/2026,23:06:13,26.5,36.9
07/03/2026,23:11:13,26.5,36.9
07/03/2026,23:16:13,26.4,36.8
07/03/2026,23:21:13,26.4,36.7
07/03/2026,23:26:13,26.4,36.8
07/03/2026,23:31:13,26.4,36.7
07/03/2026,23:36:13,26.4,36.6
07/03/2026,23:41:13,26.4,36.5
07/03/2026,23:46:13,26.3,36.5
07/03/2026,23:51:13,26.3,36.4
07/03/2026,23:56:13,26.3,36.3
07/04/2026,00:01:13,26.3,36.3
07/04/2026,00:06:13,26.3,36.2
07/04/2026,00:11:13,26.2,36.2
07/04/2026,00:16:13,26.2,36.1
07/04/2026,00:21:13,26.2,36.1
07/04/2026,00:26:13,26.2,36.2
07/04/2026,00:31:13,26.2,36.1
07/04/2026,00:36:13,26.1,36.2
07/04/2026,00:41:13,26.1,36.1
07/04/2026,00:46:13,26.1,36.2
07/04/2026,00:51:13,26.0,36.3
07/04/2026,00:56:13,26.0,36.2
07/04/2026,01:01:13,26.0,36.3
07/04/2026,01:06:13,26.0,36.4
07/04/2026,01:11:13,26.0,36.4
07/04/2026,01:16:13,26.0,36.4
07/04/2026,01:21:13,25.9,36.5
07/04/2026,01:26:13,25.9,36.5
07/04/2026,01:31:13,25.9,36.6
07/04/2026,01:36:13,25.9,36.6
07/04/2026,01:41:13,25.9,36.7
07/04/2026,01:46:13,25.9,36.8
07/04/2026,01:51:13,25.8,36.8
07/04/2026,01:56:13,25.8,36.9
07/04/2026,02:01:13,25.8,37.1
07/04/2026,02:06:13,25.7,37.2
07/04/2026,02:11:13,25.7,37.3
07/04/2026,02:16:13,25.7,37.4
07/04/2026,02:21:13,25.7,37.6
07/04/2026,02:26:13,25.6,37.7
07/04/2026,02:31:13,25.6,37.7
07/04/2026,02:36:13,25.6,37.9
07/04/2026,02:41:13,25.6,38.0
07/04/2026,02:46:13,25.5,38.3
07/04/2026,02:51:13,25.5,38.6
07/04/2026,02:56:13,25.5,38.8
07/04/2026,03:01:13,25.5,38.9
07/04/2026,03:06:13,25.4,39.0
07/04/2026,03:11:13,25.4,39.0
07/04/2026,03:16:13,25.4,39.2
07/04/2026,03:21:13,25.4,39.3
07/04/2026,03:26:13,25.3,39.4
07/04/2026,03:31:13,25.3,39.4
07/04/2026,03:36:13,25.3,39.7
07/04/2026,03:41:13,25.3,39.7
07/04/2026,03:46:13,25.2,39.9
07/04/2026,03:51:13,25.2,40.1
07/04/2026,03:56:13,25.2,40.2
07/04/2026,04:01:13,25.2,40.3
07/04/2026,04:06:13,25.2,40.4
07/04/2026,04:11:13,25.2,40.5
07/04/2026,04:16:13,25.1,40.6
07/04/2026,04:21:13,25.1,40.7
07/04/2026,04:26:13,25.1,40.9
07/04/2026,04:31:13,25.1,41.0
07/04/2026,04:36:13,25.1,41.1
07/04/2026,04:41:13,25.0,41.4
07/04/2026,04:46:13,25.0,41.4
07/04/2026,04:51:13,25.0,41.6
07/04/2026,04:56:13,24.9,41.7
07/04/2026,05:01:13,25.0,41.8
07/04/2026,05:06:13,24.9,42.0
07/04/2026,05:11:13,24.9,42.1
07/04/2026,05:16:13,24.9,42.3
07/04/2026,05:21:13,24.9,42.4
07/04/2026,05:26:13,24.9,42.6
07/04/2026,05:31:13,24.8,42.9
07/04/2026,05:36:13,24.8,43.0
07/04/2026,05:41:13,24.8,43.1
07/04/2026,05:46:13,24.8,43.2
07/04/2026,05:51:13,24.7,43.3
07/04/2026,05:56:13,24.7,43.5
07/04/2026,06:01:13,24.7,43.6
07/04/2026,06:06:13,24.7,43.7
07/04/2026,06:11:13,24.6,43.8
07/04/2026,06:16:13,24.6,43.9
07/04/2026,06:21:13,24.6,43.9
07/04/2026,06:26:13,24.6,44.0
07/04/2026,06:31:13,24.6,44.1
07/04/2026,06:36:13,24.6,44.2
07/04/2026,06:41:13,24.6,44.2
07/04/2026,06:46:13,24.6,44.4
07/04/2026,06:51:13,24.6,44.6
07/04/2026,06:56:13,24.6,44.7
07/04/2026,07:01:13,24.6,44.8
07/04/2026,07:06:13,24.6,45.0
07/04/2026,07:11:13,24.5,45.1
07/04/2026,07:16:13,24.5,45.2
07/04/2026,07:21:13,24.5,45.3
07/04/2026,07:26:13,24.5,45.3
07/04/2026,07:31:13,24.5,45.6
07/04/2026,07:36:13,24.5,45.7
07/04/2026,07:41:13,24.5,45.8
07/04/2026,07:46:13,24.5,46.0
07/04/2026,07:51:13,24.5,46.1
07/04/2026,07:56:13,24.5,46.2
07/04/2026,08:01:13,24.5,46.5
07/04/2026,08:06:13,24.5,46.5
07/04/2026,08:11:13,24.5,46.7
07/04/2026,08:16:13,24.5,46.8
07/04/2026,08:21:13,24.5,47.0
07/04/2026,08:26:13,24.5,47.1
07/04/2026,08:31:13,24.5,47.2
07/04/2026,08:36:13,24.5,47.3
07/04/2026,08:41:13,24.5,47.4
07/04/2026,08:46:13,24.5,47.6
07/04/2026,08:51:13,24.6,47.6
07/04/2026,08:56:13,24.6,47.8
07/04/2026,09:01:13,24.6,48.0
07/04/2026,09:06:13,24.6,48.3
07/04/2026,09:11:13,24.7,48.4
07/04/2026,09:16:13,24.7,48.2
07/04/2026,09:21:13,24.8,48.3
07/04/2026,09:26:13,24.8,48.7
07/04/2026,09:31:13,24.8,48.7
07/04/2026,09:36:13,24.8,48.7
07/04/2026,09:41:13,24.8,48.6
07/04/2026,09:46:13,24.9,48.7
07/04/2026,09:51:13,24.9,48.7
07/04/2026,09:56:13,24.9,48.9
07/04/2026,10:01:13,25.0,48.9
07/04/2026,10:06:13,25.0,48.9
07/04/2026,10:11:13,25.0,49.2
07/04/2026,10:16:13,25.1,48.9
07/04/2026,10:21:13,25.1,48.9
07/04/2026,10:26:13,25.1,48.8
07/04/2026,10:31:13,25.2,48.7
07/04/2026,10:36:13,25.2,48.6
07/04/2026,10:41:13,25.2,48.6
07/04/2026,10:46:13,25.2,48.6
07/04/2026,10:51:13,25.3,48.5
07/04/2026,10:56:13,25.3,48.4
07/04/2026,11:01:13,25.3,48.4
07/04/2026,11:06:13,25.3,48.3
07/04/2026,11:11:13,25.3,48.3
07/04/2026,11:16:13,25.3,48.3
07/04/2026,11:21:13,25.4,48.3
07/04/2026,11:26:13,25.4,48.2
07/04/2026,11:31:13,25.4,48.3
07/04/2026,11:36:13,25.4,48.3
07/04/2026,11:41:13,25.5,48.2
07/04/2026,11:46:13,25.5,48.2
07/04/2026,11:51:13,25.5,48.2
07/04/2026,11:56:13,25.5,48.1
07/04/2026,12:01:13,25.5,48.1
07/04/2026,12:06:13,25.5,48.0
07/04/2026,12:11:13,25.5,47.9
07/04/2026,12:16:13,25.5,48.0
07/04/2026,12:21:13,25.6,47.9
07/04/2026,12:26:13,25.6,47.8
07/04/2026,12:31:13,25.6,47.8
07/04/2026,12:36:13,25.6,47.7
07/04/2026,12:41:13,25.6,47.8
07/04/2026,12:46:13,25.6,47.8
07/04/2026,12:51:13,25.7,47.7
07/04/2026,12:56:13,25.7,47.7
07/04/2026,13:01:13,25.7,47.7
07/04/2026,13:06:13,25.7,47.6
07/04/2026,13:11:13,25.8,47.7
07/04/2026,13:16:13,25.8,47.7
07/04/2026,13:21:13,25.8,47.6
07/04/2026,13:26:13,25.8,47.6
07/04/2026,13:31:13,25.8,47.5
07/04/2026,13:36:13,25.8,47.5
07/04/2026,13:41:13,25.9,47.5
07/04/2026,13:46:13,25.9,47.6
07/04/2026,13:51:13,25.9,47.7
07/04/2026,13:56:13,26.0,47.6
07/04/2026,14:01:13,26.0,47.7
07/04/2026,14:06:13,26.0,47.8
07/04/2026,14:11:13,26.0,47.7
07/04/2026,14:16:13,26.1,47.8
07/04/2026,14:21:13,26.1,47.8
07/04/2026,14:26:13,26.1,47.8
07/04/2026,14:31:13,26.2,47.8
07/04/2026,14:36:13,26.2,47.8
07/04/2026,14:41:13,26.3,47.7
07/04/2026,14:46:13,26.3,47.6
07/04/2026,14:51:13,26.3,47.6
07/04/2026,14:56:13,26.3,47.6
07/04/2026,15:01:13,26.4,47.6
07/04/2026,15:06:13,26.4,47.6
07/04/2026,15:11:13,26.4,47.5
07/04/2026,15:16:13,26.5,47.5
07/04/2026,15:21:13,26.5,47.5
07/04/2026,15:26:13,26.5,47.5
07/04/2026,15:31:13,26.5,47.4
07/04/2026,15:36:13,26.6,47.4
07/04/2026,15:41:13,26.6,47.3
07/04/2026,15:46:13,26.6,47.3
07/04/2026,15:51:13,26.6,47.3
07/04/2026,15:56:13,26.6,47.2
07/04/2026,16:01:13,26.6,47.2
07/04/2026,16:06:13,26.7,47.1
07/04/2026,16:11:13,26.7,47.1
07/04/2026,16:16:13,26.7,47.1
07/04/2026,16:21:13,26.7,47.1
07/04/2026,16:26:13,26.7,47.1
07/04/2026,16:31:13,26.7,47.0
07/04/2026,16:36:13,26.7,47.0
07/04/2026,16:41:13,26.8,46.9
07/04/2026,16:46:13,26.8,46.9
07/04/2026,16:51:13,26.8,46.9
07/04/2026,16:56:13,26.8,46.8
07/04/2026,17:01:13,26.8,46.7
07/04/2026,17:06:13,26.8,46.7
07/04/2026,17:11:13,26.8,46.7
07/04/2026,17:16:13,26.8,46.7
07/04/2026,17:21:13,26.8,46.6
07/04/2026,17:26:13,26.8,46.6
07/04/2026,17:31:13,26.8,46.6
07/04/2026,17:36:13,26.9,46.6
07/04/2026,17:41:13,26.9,46.7
07/04/2026,17:46:13,26.9,46.7
07/04/2026,17:51:13,26.9,46.6
07/04/2026,17:56:13,26.9,46.7
07/04/2026,18:01:13,26.9,46.7
07/04/2026,18:06:13,26.9,46.9
07/04/2026,18:11:13,27.0,47.2
07/04/2026,18:16:13,27.0,47.3
07/04/2026,18:21:13,27.0,47.4
07/04/2026,18:26:13,27.1,47.5
07/04/2026,18:31:13,27.1,47.6
07/04/2026,18:36:13,27.1,47.6
07/04/2026,18:41:13,27.2,47.6
07/04/2026,18:46:13,27.2,47.7
07/04/2026,18:51:13,27.2,47.7
07/04/2026,18:56:13,27.2,47.6
07/04/2026,19:01:13,27.3,47.7
07/04/2026,19:06:13,27.3,47.4
07/04/2026,19:11:13,27.3,47.1
07/04/2026,19:16:13,27.2,46.9
07/04/2026,19:21:13,27.3,46.8
07/04/2026,19:26:13,27.2,46.8
07/04/2026,19:31:13,27.2,46.8
07/04/2026,19:36:13,27.2,47.0
07/04/2026,19:41:13,27.3,47.1
07/04/2026,19:46:13,27.3,47.1
07/04/2026,19:51:13,27.3,47.1
07/04/2026,19:56:13,27.4,47.1
07/04/2026,20:01:13,27.4,47.1
07/04/2026,20:06:13,27.4,47.1
07/04/2026,20:11:13,27.5,47.1
07/04/2026,20:16:13,27.5,46.9
07/04/2026,20:21:13,27.5,46.9
07/04/2026,20:26:13,27.5,46.7
07/04/2026,20:31:13,27.5,46.6
07/04/2026,20:36:13,27.5,46.5
07/04/2026,20:41:13,27.5,46.4
07/04/2026,20:46:13,27.5,46.5
07/04/2026,20:51:13,27.5,46.5
07/04/2026,20:56:13,27.5,46.4
07/04/2026,21:01:13,27.4,46.3
07/04/2026,21:06:13,27.4,46.3
07/04/2026,21:11:13,27.4,46.2
07/04/2026,21:16:13,27.3,46.1
07/04/2026,21:21:13,27.3,46.1
07/04/2026,21:26:13,27.3,46.2
07/04/2026,21:31:13,27.3,46.2
07/04/2026,21:36:13,27.3,46.2
07/04/2026,21:41:13,27.3,46.2
07/04/2026,21:46:13,27.2,46.2
07/04/2026,21:51:13,27.2,46.2
07/04/2026,21:56:13,27.2,46.3
07/04/2026,22:01:13,27.2,46.3
07/04/2026,22:06:13,27.2,46.3
07/04/2026,22:11:13,27.2,46.3
07/04/2026,22:16:13,27.1,46.3
07/04/2026,22:21:13,27.1,46.4
07/04/2026,22:26:13,27.1,46.3
07/04/2026,22:31:13,27.1,46.4
07/04/2026,22:36:13,27.1,46.4
07/04/2026,22:41:13,27.1,46.3
07/04/2026,22:46:13,27.0,46.3
07/04/2026,22:51:13,27.0,46.4
07/04/2026,22:56:13,27.0,46.3
07/04/2026,23:01:13,27.0,46.4
07/04/2026,23:06:13,27.0,46.3
07/04/2026,23:11:13,27.0,46.4
07/04/2026,23:16:13,27.0,46.4
07/04/2026,23:21:13,26.9,46.4
07/04/2026,23:26:13,26.9,46.3
07/04/2026,23:31:13,26.9,46.4
07/04/2026,23:36:13,26.9,46.3
07/04/2026,23:41:13,26.9,46.4
07/04/2026,23:46:13,26.9,46.4
07/04/2026,23:51:13,26.9,46.4
07/04/2026,23:56:13,26.8,46.4
07/05/2026,00:01:13,26.8,46.4
07/05/2026,00:06:13,26.8,46.4
07/05/2026,00:11:13,26.8,46.4
07/05/2026,00:16:13,26.8,46.4
07/05/2026,00:21:13,26.7,46.4
07/05/2026,00:26:13,26.7,46.4
07/05/2026,00:31:13,26.7,46.4
07/05/2026,00:36:13,26.7,46.4
07/05/2026,00:41:13,26.7,46.4
07/05/2026,00:46:13,26.6,46.4
07/05/2026,00:51:13,26.6,46.4
07/05/2026,00:56:13,26.6,46.5
07/05/2026,01:01:13,26.6,46.5
07/05/2026,01:06:13,26.6,46.5
07/05/2026,01:11:13,26.6,46.5
07/05/2026,01:16:13,26.6,46.5
07/05/2026,01:21:13,26.5,46.5
07/05/2026,01:26:13,26.5,46.5
07/05/2026,01:31:13,26.5,46.5
07/05/2026,01:36:13,26.5,46.5
07/05/2026,01:41:13,26.5,46.5
07/05/2026,01:46:13,26.5,46.5
07/05/2026,01:51:13,26.4,46.5
07/05/2026,01:56:13,26.4,46.5
07/05/2026,02:01:13,26.4,46.5
07/05/2026,02:06:13,26.4,46.5
07/05/2026,02:11:13,26.4,46.5
07/05/2026,02:16:13,26.4,46.5
07/05/2026,02:21:13,26.4,46.5
07/05/2026,02:26:13,26.3,46.5
07/05/2026,02:31:13,26.3,46.5
07/05/2026,02:36:13,26.3,46.5
07/05/2026,02:41:13,26.3,46.5
07/05/2026,02:46:13,26.3,46.5
07/05/2026,02:51:13,26.3,46.5
07/05/2026,02:56:13,26.2,46.6
07/05/2026,03:01:13,26.2,46.6
07/05/2026,03:06:13,26.2,46.6
07/05/2026,03:11:13,26.2,46.6
07/05/2026,03:16:13,26.2,46.6
07/05/2026,03:21:13,26.1,46.7
07/05/2026,03:26:13,26.1,46.7
07/05/2026,03:31:13,26.1,46.7
07/05/2026,03:36:13,26.1,46.7
07/05/2026,03:41:13,26.1,46.7
07/05/2026,03:46:13,26.1,46.8
07/05/2026,03:51:13,26.0,46.8
07/05/2026,03:56:13,26.0,46.7
07/05/2026,04:01:13,26.0,46.8
07/05/2026,04:06:13,26.0,46.8
07/05/2026,04:11:13,26.0,46.8
07/05/2026,04:16:13,26.0,46.8
07/05/2026,04:21:13,25.9,46.8
07/05/2026,04:26:13,25.9,46.9
07/05/2026,04:31:13,25.9,46.9
07/05/2026,04:36:13,25.9,46.9
07/05/2026,04:41:13,25.9,46.9
07/05/2026,04:46:13,25.9,46.9
07/05/2026,04:51:13,25.9,46.9
07/05/2026,04:56:13,25.9,47.0
07/05/2026,05:01:13,25.9,47.0
07/05/2026,05:06:13,25.8,47.0
07/05/2026,05:11:13,25.8,47.0
07/05/2026,05:16:13,25.8,47.0
07/05/2026,05:21:13,25.8,47.1
07/05/2026,05:26:13,25.8,47.1
07/05/2026,05:31:13,25.8,47.1
07/05/2026,05:36:13,25.7,47.1
07/05/2026,05:41:13,25.7,47.2
07/05/2026,05:46:13,25.7,47.2
07/05/2026,05:51:13,25.7,47.2
07/05/2026,05:56:13,25.7,47.2
07/05/2026,06:01:13,25.7,47.3
07/05/2026,06:06:13,25.7,47.3
07/05/2026,06:11:13,25.6,47.3
07/05/2026,06:16:13,25.6,47.4
07/05/2026,06:21:13,25.6,47.3
07/05/2026,06:26:13,25.6,47.4
07/05/2026,06:31:13,25.6,47.4
07/05/2026,06:36:13,25.6,47.4
07/05/2026,06:41:13,25.6,47.4
07/05/2026,06:46:13,25.6,47.5
07/05/2026,06:51:13,25.6,47.5
07/05/2026,06:56:13,25.6,47.5
07/05/2026,07:01:13,25.5,47.5
07/05/2026,07:06:13,25.5,47.5
07/05/2026,07:11:13,25.5,47.6
07/05/2026,07:16:13,25.5,47.5
07/05/2026,07:21:13,25.5,47.6
07/05/2026,07:26:13,25.5,47.7
07/05/2026,07:31:13,25.5,47.6
07/05/2026,07:36:13,25.5,47.7
07/05/2026,07:41:13,25.5,47.7
07/05/2026,07:46:13,25.5,47.7
07/05/2026,07:51:13,25.5,47.7
07/05/2026,07:56:13,25.5,47.8
07/05/2026,08:01:13,25.5,48.2
07/05/2026,08:06:13,25.5,48.4
07/05/2026,08:11:13,25.5,48.8
07/05/2026,08:16:13,25.5,49.1
07/05/2026,08:21:13,25.5,49.5
07/05/2026,08:26:13,25.5,49.7
07/05/2026,08:31:13,25.5,49.9
07/05/2026,08:36:13,25.5,50.0
07/05/2026,08:41:13,25.5,50.2
07/05/2026,08:46:13,25.5,50.3
07/05/2026,08:51:13,25.5,50.3
07/05/2026,08:56:13,25.5,50.3
07/05/2026,09:01:13,25.5,50.3
07/05/2026,09:06:13,25.5,50.3
07/05/2026,09:11:13,25.5,50.2
07/05/2026,09:16:13,25.5,50.2
07/05/2026,09:21:13,25.5,50.1
07/05/2026,09:26:13,25.5,50.2
07/05/2026,09:31:13,25.6,50.2
07/05/2026,09:36:13,25.6,50.4
07/05/2026,09:41:13,25.6,51.1
07/05/2026,09:46:13,25.6,51.1
07/05/2026,09:51:13,25.6,51.5
07/05/2026,09:56:13,25.7,51.6
07/05/2026,10:01:13,25.7,51.6
07/05/2026,10:06:13,25.7,51.8
07/05/2026,10:11:13,25.8,51.8
07/05/2026,10:16:13,25.8,52.1
07/05/2026,10:21:13,25.9,52.0
07/05/2026,10:26:13,25.9,52.2
07/05/2026,10:31:13,25.9,52.1
07/05/2026,10:36:13,26.0,52.3
07/05/2026,10:41:13,26.0,51.9
07/05/2026,10:46:13,26.0,51.5
07/05/2026,10:51:13,26.0,51.0
07/05/2026,10:56:13,26.0,50.6
07/05/2026,11:01:13,26.0,50.4
07/05/2026,11:06:13,26.0,50.3
07/05/2026,11:11:13,26.0,50.2
07/05/2026,11:16:13,26.0,50.4
07/05/2026,11:21:13,26.0,50.5
07/05/2026,11:26:13,26.0,50.9
07/05/2026,11:31:13,26.0,50.9
07/05/2026,11:36:13,26.0,51.0
07/05/2026,11:41:13,26.1,51.1
07/05/2026,11:46:13,26.1,51.2
07/05/2026,11:51:13,26.1,51.2
07/05/2026,11:56:13,26.2,51.4
07/05/2026,12:01:13,26.2,51.6
07/05/2026,12:06:13,26.2,51.5
07/05/2026,12:11:13,26.3,51.6
07/05/2026,12:16:13,26.3,51.6
07/05/2026,12:21:13,26.4,51.6
07/05/2026,12:26:13,26.4,51.5
07/05/2026,12:31:13,26.4,51.7
07/05/2026,12:36:13,26.5,51.3
07/05/2026,12:41:13,26.5,50.8
07/05/2026,12:46:13,26.4,50.7
07/05/2026,12:51:13,26.4,50.5
07/05/2026,12:56:13,26.5,50.2
07/05/2026,13:01:13,26.4,50.1
07/05/2026,13:06:13,26.4,49.9
07/05/2026,13:11:13,26.4,49.8
07/05/2026,13:16:13,26.4,49.6
07/05/2026,13:21:13,26.4,49.5
07/05/2026,13:26:13,26.4,49.5
07/05/2026,13:31:13,26.4,49.4
07/05/2026,13:36:13,26.4,49.3
07/05/2026,13:41:13,26.4,49.3
07/05/2026,13:46:13,26.4,49.2
07/05/2026,13:51:13,26.4,49.3
07/05/2026,13:56:13,26.4,49.2
07/05/2026,14:01:13,26.4,49.2
07/05/2026,14:06:13,26.4,49.1
07/05/2026,14:11:13,26.4,49.0
07/05/2026,14:16:13,26.4,49.0
07/05/2026,14:21:13,26.4,49.0
07/05/2026,14:26:13,26.4,49.0
07/05/2026,14:31:13,26.4,49.0
07/05/2026,14:36:13,26.4,49.0
07/05/2026,14:41:13,26.3,49.0
07/05/2026,14:46:13,26.4,49.0
07/05/2026,14:51:13,26.4,49.0
07/05/2026,14:56:13,26.4,49.0
07/05/2026,15:01:13,26.3,48.9
07/05/2026,15:06:13,26.4,49.0
07/05/2026,15:11:13,26.4,48.9
07/05/2026,15:16:13,26.4,48.9
07/05/2026,15:21:13,26.4,48.9
07/05/2026,15:26:13,26.4,48.9
07/05/2026,15:31:13,26.4,48.9
07/05/2026,15:36:13,26.4,48.8
07/05/2026,15:41:13,26.4,48.9
07/05/2026,15:46:13,26.4,48.8
07/05/2026,15:51:13,26.4,48.8
07/05/2026,15:56:13,26.4,48.8
07/05/2026,16:01:13,26.4,48.8
07/05/2026,16:06:13,26.4,48.8
07/05/2026,16:11:13,26.4,48.8
07/05/2026,16:16:13,26.4,48.8
07/05/2026,16:21:13,26.5,48.8
07/05/2026,16:26:13,26.5,48.7
07/05/2026,16:31:13,26.5,48.7
07/05/2026,16:36:13,26.5,48.7
07/05/2026,16:41:13,26.5,48.7
07/05/2026,16:46:13,26.5,48.7
07/05/2026,16:51:13,26.6,48.8
07/05/2026,16:56:13,26.6,48.7
07/05/2026,17:01:13,26.6,48.7
07/05/2026,17:06:13,26.6,48.6
07/05/2026,17:11:13,26.6,48.6
07/05/2026,17:16:13,26.7,48.6
07/05/2026,17:21:13,26.6,48.6
07/05/2026,17:26:13,26.7,48.5
07/05/2026,17:31:13,26.7,48.5
07/05/2026,17:36:13,26.7,48.5
07/05/2026,17:41:13,26.7,48.4
07/05/2026,17:46:13,26.7,48.4
07/05/2026,17:51:13,26.7,48.4
07/05/2026,17:56:13,26.7,48.3
07/05/2026,18:01:13,26.7,48.4
07/05/2026,18:06:13,26.8,48.3
07/05/2026,18:11:13,26.8,48.3
07/05/2026,18:16:13,26.8,48.3
07/05/2026,18:21:13,26.8,48.3
07/05/2026,18:26:13,26.8,48.2
07/05/2026,18:31:13,26.8,48.2
07/05/2026,18:36:13,26.8,48.2
07/05/2026,18:41:13,26.8,48.1
07/05/2026,18:46:13,26.8,48.1
07/05/2026,18:51:13,26.9,48.1
07/05/2026,18:56:13,26.9,48.1
07/05/2026,19:01:13,26.9,48.2
07/05/2026,19:06:13,26.9,48.2
07/05/2026,19:11:13,26.9,48.3
07/05/2026,19:16:13,26.9,48.2
07/05/2026,19:21:13,26.9,48.3
07/05/2026,19:26:13,26.9,48.2
07/05/2026,19:31:13,26.9,48.3
07/05/2026,19:36:13,27.0,48.3
07/05/2026,19:41:13,27.0,48.3
07/05/2026,19:46:13,27.0,48.2
07/05/2026,19:51:13,27.0,48.2
07/05/2026,19:56:13,27.0,48.2
07/05/2026,20:01:13,27.0,48.1
07/05/2026,20:06:13,27.0,48.1
07/05/2026,20:11:13,27.0,48.1
07/05/2026,20:16:13,27.0,48.1
07/05/2026,20:21:13,27.0,48.1
07/05/2026,20:26:13,27.0,48.3
07/05/2026,20:31:13,27.0,48.3
07/05/2026,20:36:13,27.1,48.4
07/05/2026,20:41:13,27.0,48.4
07/05/2026,20:46:13,27.0,48.4
07/05/2026,20:51:13,27.1,48.4
07/05/2026,20:56:13,27.0,48.5
07/05/2026,21:01:13,27.1,48.5
07/05/2026,21:06:13,27.0,48.5
07/05/2026,21:11:13,27.0,48.5
07/05/2026,21:16:13,27.0,48.5
07/05/2026,21:21:13,27.0,48.5
07/05/2026,21:26:13,27.0,48.5
07/05/2026,21:31:13,27.0,48.5
07/05/2026,21:36:13,27.0,48.5
07/05/2026,21:41:13,27.0,48.6
07/05/2026,21:46:13,27.0,48.5
07/05/2026,21:51:13,27.0,48.5
07/05/2026,21:56:13,27.0,48.5
07/05/2026,22:01:13,27.0,48.5
07/05/2026,22:06:13,27.0,48.5
07/05/2026,22:11:13,27.0,48.5
07/05/2026,22:16:13,26.9,48.5
07/05/2026,22:21:13,26.9,48.5
07/05/2026,22:26:13,26.9,48.5
07/05/2026,22:31:13,26.9,48.5
07/05/2026,22:36:13,26.9,48.5
07/05/2026,22:41:13,26.9,48.5
07/05/2026,22:46:13,26.9,48.5
07/05/2026,22:51:13,26.9,48.5
07/05/2026,22:56:13,26.8,48.5
07/05/2026,23:01:13,26.8,48.5
07/05/2026,23:06:13,26.8,48.5
07/05/2026,23:11:13,26.8,48.5
07/05/2026,23:16:13,26.8,48.5
07/05/2026,23:21:13,26.8,48.5
07/05/2026,23:26:13,26.8,48.5
07/05/2026,23:31:13,26.7,48.5
07/05/2026,23:36:13,26.7,48.5
07/05/2026,23:41:13,26.7,48.5
07/05/2026,23:46:13,26.7,48.5
07/05/2026,23:51:13,26.7,48.5
07/05/2026,23:56:13,26.7,48.5
07/06/2026,00:01:13,26.7,48.5
07/06/2026,00:06:13,26.6,48.5
07/06/2026,00:11:13,26.6,48.5
07/06/2026,00:16:13,26.6,48.6
07/06/2026,00:21:13,26.6,48.5
07/06/2026,00:26:13,26.6,48.5
07/06/2026,00:31:13,26.6,48.5
07/06/2026,00:36:13,26.5,48.6
07/06/2026,00:41:13,26.5,48.6
07/06/2026,00:46:13,26.5,48.6
07/06/2026,00:51:13,26.5,48.6
07/06/2026,00:56:13,26.5,48.6
07/06/2026,01:01:13,26.5,48.5
07/06/2026,01:06:13,26.4,48.5
07/06/2026,01:11:13,26.5,48.6
07/06/2026,01:16:13,26.4,48.5
07/06/2026,01:21:13,26.4,48.6
07/06/2026,01:26:13,26.4,48.6
07/06/2026,01:31:13,26.4,48.6
07/06/2026,01:36:13,26.4,48.6
07/06/2026,01:41:13,26.4,48.6
07/06/2026,01:46:13,26.3,48.6
07/06/2026,01:51:13,26.3,48.6
07/06/2026,01:56:13,26.3,48.5
07/06/2026,02:01:13,26.3,48.6
07/06/2026,02:06:13,26.3,48.6
07/06/2026,02:11:13,26.2,48.6
07/06/2026,02:16:13,26.2,48.6
07/06/2026,02:21:13,26.2,48.6
07/06/2026,02:26:13,26.2,48.6
07/06/2026,02:31:13,26.2,48.6
07/06/2026,02:36:13,26.1,48.6
07/06/2026,02:41:13,26.1,48.6
07/06/2026,02:46:13,26.1,48.6
07/06/2026,02:51:13,26.1,48.6
07/06/2026,02:56:13,26.1,48.6
07/06/2026,03:01:13,26.1,48.6
07/06/2026,03:06:13,26.1,48.6
07/06/2026,03:11:13,26.0,48.6
07/06/2026,03:16:13,26.0,48.6
07/06/2026,03:21:13,26.0,48.5
07/06/2026,03:26:13,26.0,48.6
07/06/2026,03:31:13,26.0,48.5
07/06/2026,03:36:13,26.0,48.5
07/06/2026,03:41:13,26.0,48.6
07/06/2026,03:46:13,25.9,48.6
07/06/2026,03:51:13,25.9,48.6
07/06/2026,03:56:13,25.9,48.6
07/06/2026,04:01:13,25.9,48.6
07/06/2026,04:06:13,25.9,48.6
07/06/2026,04:11:13,25.9,48.6
07/06/2026,04:16:13,25.8,48.6
07/06/2026,04:21:13,25.8,48.6
07/06/2026,04:26:13,25.8,48.7
07/06/2026,04:31:13,25.8,48.7
07/06/2026,04:36:13,25.8,48.7
07/06/2026,04:41:13,25.8,48.7
07/06/2026,04:46:13,25.7,48.7
07/06/2026,04:51:13,25.7,48.8
07/06/2026,04:56:13,25.7,48.8
07/06/2026,05:01:13,25.7,48.8
07/06/2026,05:06:13,25.7,48.9
07/06/2026,05:11:13,25.7,48.9
07/06/2026,05:16:13,25.7,48.9
07/06/2026,05:21:13,25.6,49.0
07/06/2026,05:26:13,25.6,49.0
07/06/2026,05:31:13,25.6,49.0
07/06/2026,05:36:13,25.6,49.1
07/06/2026,05:41:13,25.6,49.1
07/06/2026,05:46:13,25.6,49.1
07/06/2026,05:51:13,25.6,49.1
07/06/2026,05:56:13,25.5,49.2
07/06/2026,06:01:13,25.5,49.2
07/06/2026,06:06:13,25.5,49.2
07/06/2026,06:11:13,25.5,49.3
07/06/2026,06:16:13,25.5,49.3
07/06/2026,06:21:13,25.5,49.4
07/06/2026,06:26:13,25.4,49.4
07/06/2026,06:31:13,25.5,49.5
07/06/2026,06:36:13,25.4,49.5
07/06/2026,06:41:13,25.4,49.5
07/06/2026,06:46:13,25.4,49.5
07/06/2026,06:51:13,25.4,49.5
07/06/2026,06:56:13,25.4,49.7
07/06/2026,07:01:13,25.4,49.8
07/06/2026,07:06:13,25.4,49.8
07/06/2026,07:11:13,25.4,49.9
07/06/2026,07:16:13,25.4,49.9
07/06/2026,07:21:13,25.4,50.0
07/06/2026,07:26:13,25.4,50.0
07/06/2026,07:31:13,25.4,50.0
07/06/2026,07:36:13,25.4,50.1
07/06/2026,07:41:13,25.4,50.1
07/06/2026,07:46:13,25.4,50.2
07/06/2026,07:51:13,25.4,50.2
07/06/2026,07:56:13,25.5,50.2
07/06/2026,08:01:13,25.4,50.2
07/06/2026,08:06:13,25.4,50.2
07/06/2026,08:11:13,25.4,50.2
07/06/2026,08:16:13,25.4,50.3
07/06/2026,08:21:13,25.5,50.4
07/06/2026,08:26:13,25.5,50.4
07/06/2026,08:31:13,25.5,50.4
07/06/2026,08:36:13,25.5,50.5
07/06/2026,08:41:13,25.5,50.6
07/06/2026,08:46:13,25.5,50.7
07/06/2026,08:51:13,25.6,50.7
07/06/2026,08:56:13,25.6,50.7
07/06/2026,09:01:13,25.6,50.7
07/06/2026,09:06:13,25.6,50.7
07/06/2026,09:11:13,25.6,50.7
07/06/2026,09:16:13,25.7,50.7
07/06/2026,09:21:13,25.7,50.7
07/06/2026,09:26:13,25.7,50.8
07/06/2026,09:31:13,25.7,50.7
07/06/2026,09:36:13,25.7,50.6
07/06/2026,09:41:13,25.8,50.6
07/06/2026,09:46:13,25.8,50.6
07/06/2026,09:51:13,25.8,50.5
07/06/2026,09:56:13,25.8,50.6
07/06/2026,10:01:13,25.9,50.5
07/06/2026,10:06:13,25.9,50.5
07/06/2026,10:11:13,25.9,50.3
07/06/2026,10:16:13,26.0,50.2
07/06/2026,10:21:13,26.0,50.0
07/06/2026,10:26:13,26.0,50.0
07/06/2026,10:31:13,26.0,49.9
07/06/2026,10:36:13,26.1,49.7
07/06/2026,10:41:13,26.1,49.6
07/06/2026,10:46:13,26.1,49.5
07/06/2026,10:51:13,26.2,49.5
07/06/2026,10:56:13,26.2,49.3
07/06/2026,11:01:13,26.2,49.2
07/06/2026,11:06:13,26.3,49.2
07/06/2026,11:11:13,26.3,49.1
07/06/2026,11:16:13,26.4,49.0
07/06/2026,11:21:13,26.4,49.0
07/06/2026,11:26:13,26.4,48.8
07/06/2026,11:31:13,26.4,48.8
07/06/2026,11:36:13,26.4,48.8
07/06/2026,11:41:13,26.5,48.7
07/06/2026,11:46:13,26.5,48.6
07/06/2026,11:51:13,26.5,48.5
07/06/2026,11:56:13,26.5,48.5
07/06/2026,12:01:13,26.6,48.4
07/06/2026,12:06:13,26.6,48.3
07/06/2026,12:11:13,26.6,48.3
07/06/2026,12:16:13,26.6,48.2
07/06/2026,12:21:13,26.7,48.0
07/06/2026,12:26:13,26.7,48.0
07/06/2026,12:31:13,26.7,47.9
07/06/2026,12:36:13,26.7,47.7
07/06/2026,12:41:13,26.7,47.5
07/06/2026,12:46:13,26.8,47.3
07/06/2026,12:51:13,26.8,47.2
07/06/2026,12:56:13,26.8,47.1
07/06/2026,13:01:13,26.8,47.0
07/06/2026,13:06:13,26.8,46.8
07/06/2026,13:11:13,26.9,46.7
07/06/2026,13:16:13,26.9,46.5
07/06/2026,13:21:13,26.9,46.4
07/06/2026,13:26:13,26.9,46.5
07/06/2026,13:31:13,26.9,46.0
07/06/2026,13:36:13,27.0,45.9
07/06/2026,13:41:13,27.0,45.9
07/06/2026,13:46:13,27.1,45.9
07/06/2026,13:51:13,27.1,45.6
07/06/2026,13:56:13,27.1,45.6
07/06/2026,14:01:13,27.1,45.3
07/06/2026,14:06:13,27.2,45.2
07/06/2026,14:11:13,27.2,45.0
07/06/2026,14:16:13,27.2,44.9
07/06/2026,14:21:13,27.2,44.8
07/06/2026,14:26:13,27.3,44.6
07/06/2026,14:31:13,27.3,44.6
07/06/2026,14:36:13,27.3,44.7
07/06/2026,14:41:13,27.3,44.5
07/06/2026,14:46:13,27.3,44.4
07/06/2026,14:51:13,27.3,44.4
07/06/2026,14:56:13,27.4,44.4
07/06/2026,15:01:13,27.4,44.2
07/06/2026,15:06:13,27.4,44.1
07/06/2026,15:11:13,27.4,43.8
07/06/2026,15:16:13,27.5,43.8
07/06/2026,15:21:13,27.5,43.7
07/06/2026,15:26:13,27.5,43.5
07/06/2026,15:31:13,27.5,43.4
07/06/2026,15:36:13,27.6,43.3
07/06/2026,15:41:13,27.6,43.2
07/06/2026,15:46:13,27.7,43.2
07/06/2026,15:51:13,27.7,43.1
07/06/2026,15:56:13,27.7,43.0
07/06/2026,16:01:13,27.8,42.8
07/06/2026,16:06:13,27.8,42.7
07/06/2026,16:11:13,27.8,42.7
07/06/2026,16:16:13,27.9,42.6
07/06/2026,16:21:13,27.9,42.4
07/06/2026,16:26:13,28.0,42.2
07/06/2026,16:31:13,28.0,42.0
07/06/2026,16:36:13,28.0,41.8
07/06/2026,16:41:13,28.0,41.7
07/06/2026,16:46:13,28.1,41.4
07/06/2026,16:51:13,28.1,41.1
07/06/2026,16:56:13,28.2,40.8
07/06/2026,17:01:13,28.2,40.7
07/06/2026,17:06:13,28.2,40.6
07/06/2026,17:11:13,28.3,40.2
07/06/2026,17:16:13,28.3,40.3
07/06/2026,17:21:13,28.3,40.1
07/06/2026,17:26:13,28.3,40.2
07/06/2026,17:31:13,28.3,40.0
07/06/2026,17:36:13,28.3,39.8
07/06/2026,17:41:13,28.4,39.8
07/06/2026,17:46:13,28.4,39.5
07/06/2026,17:51:13,28.4,39.5
07/06/2026,17:56:13,28.4,39.7
07/06/2026,18:01:13,28.4,39.4
07/06/2026,18:06:13,28.5,39.5
07/06/2026,18:11:13,28.5,39.5
07/06/2026,18:16:13,28.5,39.5
07/06/2026,18:21:13,28.5,39.4
07/06/2026,18:26:13,28.5,39.2
07/06/2026,18:31:13,28.5,39.2
07/06/2026,18:36:13,28.5,39.1
07/06/2026,18:41:13,28.5,39.0
07/06/2026,18:46:13,28.5,39.1
07/06/2026,18:51:13,28.5,39.1
07/06/2026,18:56:13,28.5,39.0
07/06/2026,19:01:13,28.5,39.0
07/06/2026,19:06:13,28.5,39.0
07/06/2026,19:11:13,28.5,39.1
07/06/2026,19:16:13,28.6,39.1
07/06/2026,19:21:13,28.6,39.0
07/06/2026,19:26:13,28.6,39.0
07/06/2026,19:31:13,28.5,38.9
07/06/2026,19:36:13,28.5,38.9
07/06/2026,19:41:13,28.6,39.0
07/06/2026,19:46:13,28.5,39.0
07/06/2026,19:51:13,28.5,39.1
07/06/2026,19:56:13,28.5,38.9
07/06/2026,20:01:13,28.5,39.1
07/06/2026,20:06:13,28.5,39.0
07/06/2026,20:11:13,28.6,39.2
07/06/2026,20:16:13,28.5,39.3
07/06/2026,20:21:13,28.5,39.5
07/06/2026,20:26:13,28.5,39.6
07/06/2026,20:31:13,28.5,39.6
07/06/2026,20:36:13,28.5,39.7
07/06/2026,20:41:13,28.5,39.8
07/06/2026,20:46:13,28.5,39.8
07/06/2026,20:51:13,28.5,39.8
07/06/2026,20:56:13,28.5,39.8
07/06/2026,21:01:13,28.5,39.8
07/06/2026,21:06:13,28.5,39.8
07/06/2026,21:11:13,28.5,39.7
07/06/2026,21:16:13,28.5,39.7
07/06/2026,21:21:13,28.4,39.6
07/06/2026,21:26:13,28.4,39.5
07/06/2026,21:31:13,28.4,39.4
07/06/2026,21:36:13,28.4,39.2
07/06/2026,21:41:13,28.4,39.2
07/06/2026,21:46:13,28.4,39.1
07/06/2026,21:51:13,28.3,39.0
07/06/2026,21:56:13,28.3,38.9
07/06/2026,22:01:13,28.3,39.0
07/06/2026,22:06:13,28.3,39.2
07/06/2026,22:11:13,28.3,39.2
07/06/2026,22:16:13,28.3,39.2
07/06/2026,22:21:13,28.3,39.2
07/06/2026,22:26:13,28.3,39.2
07/06/2026,22:31:13,28.3,39.2
07/06/2026,22:36:13,28.2,39.2
07/06/2026,22:41:13,28.2,39.1
07/06/2026,22:46:13,28.2,39.2
07/06/2026,22:51:13,28.2,39.1
07/06/2026,22:56:13,28.2,39.1
07/06/2026,23:01:13,28.2,39.1
07/06/2026,23:06:13,28.2,39.1
07/06/2026,23:11:13,28.1,39.1
07/06/2026,23:16:13,28.1,39.0
07/06/2026,23:21:13,28.1,39.1
07/06/2026,23:26:13,28.1,39.0
07/06/2026,23:31:13,28.1,39.1
07/06/2026,23:36:13,28.1,39.1
07/06/2026,23:41:13,28.0,39.1
07/06/2026,23:46:13,28.0,39.1
07/06/2026,23:51:13,28.0,39.1
07/06/2026,23:56:13,28.0,39.1
07/07/2026,00:01:13,28.0,39.1
07/07/2026,00:06:13,28.0,39.1
07/07/2026,00:11:13,27.9,39.0
07/07/2026,00:16:13,28.0,39.0
07/07/2026,00:21:13,27.9,39.1
07/07/2026,00:26:13,27.9,39.1
07/07/2026,00:31:13,27.9,39.0
07/07/2026,00:36:13,27.9,39.0
07/07/2026,00:41:13,27.8,39.0
07/07/2026,00:46:13,27.8,39.1
07/07/2026,00:51:13,27.8,39.0
07/07/2026,00:56:13,27.8,39.0
07/07/2026,01:01:13,27.8,39.0
07/07/2026,01:06:13,27.8,39.0
07/07/2026,01:11:13,27.8,38.9
07/07/2026,01:16:13,27.8,38.9
07/07/2026,01:21:13,27.7,38.9
07/07/2026,01:26:13,27.7,38.9
07/07/2026,01:31:13,27.7,38.9
07/07/2026,01:36:13,27.7,38.9
07/07/2026,01:41:13,27.7,38.8
07/07/2026,01:46:13,27.7,38.8
07/07/2026,01:51:13,27.6,38.9
07/07/2026,01:56:13,27.6,38.9
07/07/2026,02:01:13,27.6,38.8
07/07/2026,02:06:13,27.6,38.8
07/07/2026,02:11:13,27.6,38.8
07/07/2026,02:16:13,27.6,38.8
07/07/2026,02:21:13,27.6,38.8
07/07/2026,02:26:13,27.5,38.8
07/07/2026,02:31:13,27.5,38.8
07/07/2026,02:36:13,27.5,38.8
07/07/2026,02:41:13,27.5,38.8
07/07/2026,02:46:13,27.5,38.8
07/07/2026,02:51:13,27.5,38.8
07/07/2026,02:56:13,27.5,38.8
07/07/2026,03:01:13,27.4,38.7
07/07/2026,03:06:13,27.4,38.8
07/07/2026,03:11:13,27.4,38.8
07/07/2026,03:16:13,27.4,38.8
07/07/2026,03:21:13,27.4,38.7
07/07/2026,03:26:13,27.3,38.7
07/07/2026,03:31:13,27.4,38.8
07/07/2026,03:36:13,27.3,38.7
07/07/2026,03:41:13,27.3,38.7
07/07/2026,03:46:13,27.3,38.7
07/07/2026,03:51:13,27.3,38.8
07/07/2026,03:56:13,27.2,38.8
07/07/2026,04:01:13,27.2,38.7
07/07/2026,04:06:13,27.2,38.7
07/07/2026,04:11:13,27.2,38.7
07/07/2026,04:16:13,27.2,38.7
07/07/2026,04:21:13,27.1,38.8
07/07/2026,04:26:13,27.1,38.7
07/07/2026,04:31:13,27.1,38.7
07/07/2026,04:36:13,27.1,38.7
07/07/2026,04:41:13,27.0,38.7
07/07/2026,04:46:13,27.0,38.7
07/07/2026,04:51:13,27.0,38.8
07/07/2026,04:56:13,27.0,38.8
07/07/2026,05:01:13,27.0,38.8
07/07/2026,05:06:13,26.9,38.8
07/07/2026,05:11:13,26.9,38.8
07/07/2026,05:16:13,26.9,38.8
07/07/2026,05:21:13,26.9,38.8
07/07/2026,05:26:13,26.8,38.9
07/07/2026,05:31:13,26.8,38.8
07/07/2026,05:36:13,26.8,38.8
07/07/2026,05:41:13,26.8,38.8
07/07/2026,05:46:13,26.8,38.8
07/07/2026,05:51:13,26.8,38.8
07/07/2026,05:56:13,26.8,38.8
07/07/2026,06:01:13,26.8,38.9
07/07/2026,06:06:13,26.7,38.9
07/07/2026,06:11:13,26.7,38.9
07/07/2026,06:16:13,26.7,38.8
07/07/2026,06:21:13,26.7,38.9
07/07/2026,06:26:13,26.7,38.8
07/07/2026,06:31:13,26.7,38.9
07/07/2026,06:36:13,26.7,38.9
07/07/2026,06:41:13,26.6,38.9
07/07/2026,06:46:13,26.7,38.9
07/07/2026,06:51:13,26.6,38.9
07/07/2026,06:56:13,26.6,39.0
07/07/2026,07:01:13,26.6,38.9
07/07/2026,07:06:13,26.6,38.9
07/07/2026,07:11:13,26.6,39.0
07/07/2026,07:16:13,26.6,39.0
07/07/2026,07:21:13,26.6,39.0
07/07/2026,07:26:13,26.6,39.1
07/07/2026,07:31:13,26.6,39.1
07/07/2026,07:36:13,26.6,39.1
07/07/2026,07:41:13,26.5,39.2
07/07/2026,07:46:13,26.5,39.2
07/07/2026,07:51:13,26.5,39.3
07/07/2026,07:56:13,26.5,39.3
07/07/2026,08:01:13,26.5,39.4
07/07/2026,08:06:13,26.5,39.4
07/07/2026,08:11:13,26.5,39.5
07/07/2026,08:16:13,26.5,39.6
07/07/2026,08:21:13,26.5,39.7
07/07/2026,08:26:13,26.5,39.7
07/07/2026,08:31:13,26.5,39.7
07/07/2026,08:36:13,26.5,39.9
07/07/2026,08:41:13,26.5,40.0
07/07/2026,08:46:13,26.5,40.0
07/07/2026,08:51:13,26.5,40.1
07/07/2026,08:56:13,26.5,40.1
07/07/2026,09:01:13,26.5,40.2
07/07/2026,09:06:13,26.6,40.1
07/07/2026,09:11:13,26.6,40.2
07/07/2026,09:16:13,26.6,40.3
07/07/2026,09:21:13,26.6,40.3
07/07/2026,09:26:13,26.6,40.4
07/07/2026,09:31:13,26.6,40.4
07/07/2026,09:36:13,26.6,40.5
07/07/2026,09:41:13,26.6,40.6
07/07/2026,09:46:13,26.7,40.6
07/07/2026,09:51:13,26.7,40.7
07/07/2026,09:56:13,26.7,40.7
07/07/2026,10:01:13,26.7,40.8
07/07/2026,10:06:13,26.7,40.9
07/07/2026,10:11:13,26.7,40.9
07/07/2026,10:16:13,26.7,40.9
07/07/2026,10:21:13,26.8,40.9
07/07/2026,10:26:13,26.8,41.0
07/07/2026,10:31:13,26.8,41.1
07/07/2026,10:36:13,26.8,41.1
07/07/2026,10:41:13,26.8,41.2
07/07/2026,10:46:13,26.8,41.2
07/07/2026,10:51:13,26.9,41.2
07/07/2026,10:56:13,26.9,41.3
07/07/2026,11:01:13,26.9,41.3
07/07/2026,11:06:13,26.9,41.4
07/07/2026,11:11:13,27.0,41.4
07/07/2026,11:16:13,27.0,41.4
07/07/2026,11:21:13,27.0,41.4
07/07/2026,11:26:13,27.0,41.6
07/07/2026,11:31:13,27.0,41.6
07/07/2026,11:36:13,27.1,41.6
07/07/2026,11:41:13,27.1,41.7
07/07/2026,11:46:13,27.1,41.8
07/07/2026,11:51:13,27.1,41.7
07/07/2026,11:56:13,27.1,41.8
07/07/2026,12:01:13,27.2,41.7
07/07/2026,12:06:13,27.2,41.7
07/07/2026,12:11:13,27.2,41.8
07/07/2026,12:16:13,27.3,41.8
07/07/2026,12:21:13,27.3,41.7
07/07/2026,12:26:13,27.3,41.8
07/07/2026,12:31:13,27.3,41.7
07/07/2026,12:36:13,27.4,41.7
07/07/2026,12:41:13,27.4,41.8
07/07/2026,12:46:13,27.4,41.8
07/07/2026,12:51:13,27.5,41.8
07/07/2026,12:56:13,27.5,41.7
07/07/2026,13:01:13,27.5,41.8
07/07/2026,13:06:13,27.5,41.7
07/07/2026,13:11:13,27.5,41.7
07/07/2026,13:16:13,27.6,41.7
07/07/2026,13:21:13,27.6,41.7
07/07/2026,13:26:13,27.6,41.5
07/07/2026,13:31:13,27.6,41.3
07/07/2026,13:36:13,27.7,41.3
07/07/2026,13:41:13,27.7,41.2
07/07/2026,13:46:13,27.7,41.1
07/07/2026,13:51:13,27.7,41.1
07/07/2026,13:56:13,27.8,41.0
07/07/2026,14:01:13,27.8,40.8
07/07/2026,14:06:13,27.8,40.7
07/07/2026,14:11:13,27.9,40.5
07/07/2026,14:16:13,27.9,40.4
07/07/2026,14:21:13,27.9,40.3
07/07/2026,14:26:13,28.0,40.1
07/07/2026,14:31:13,28.0,39.9
07/07/2026,14:36:13,28.0,40.0
07/07/2026,14:41:13,28.0,39.9
07/07/2026,14:46:13,28.1,39.9
07/07/2026,14:51:13,28.1,40.0
07/07/2026,14:56:13,28.2,40.1
07/07/2026,15:01:13,28.2,40.2
07/07/2026,15:06:13,28.2,40.3
07/07/2026,15:11:13,28.3,40.5
07/07/2026,15:16:13,28.3,40.6
07/07/2026,15:21:13,28.3,40.7
07/07/2026,15:26:13,28.4,41.0
07/07/2026,15:31:13,28.4,41.1
07/07/2026,15:36:13,28.5,41.3
07/07/2026,15:41:13,28.5,41.4
07/07/2026,15:46:13,28.5,41.5
07/07/2026,15:51:13,28.6,41.7
07/07/2026,15:56:13,28.6,41.8
07/07/2026,16:01:13,28.7,42.0
07/07/2026,16:06:13,28.7,42.1
07/07/2026,16:11:13,28.7,42.3
07/07/2026,16:16:13,28.8,42.4
07/07/2026,16:21:13,28.8,42.5
07/07/2026,16:26:13,28.9,42.6
07/07/2026,16:31:13,28.9,42.7
07/07/2026,16:36:13,28.9,42.8
07/07/2026,16:41:13,29.0,43.0
07/07/2026,16:46:13,29.0,43.1
07/07/2026,16:51:13,29.0,43.2
07/07/2026,16:56:13,29.1,43.2
07/07/2026,17:01:13,29.1,43.2
07/07/2026,17:06:13,29.1,43.4
07/07/2026,17:11:13,29.2,43.4
07/07/2026,17:16:13,29.2,43.4
07/07/2026,17:21:13,29.2,43.4
07/07/2026,17:26:13,29.2,43.5
07/07/2026,17:31:13,29.2,43.5
07/07/2026,17:36:13,29.3,43.4
07/07/2026,17:41:13,29.2,43.4
07/07/2026,17:46:13,29.3,43.4
07/07/2026,17:51:13,29.3,43.4
07/07/2026,17:56:13,29.3,43.5
07/07/2026,18:01:13,29.3,43.5
07/07/2026,18:06:13,29.3,43.5
07/07/2026,18:11:13,29.4,43.6
07/07/2026,18:16:13,29.4,43.6
07/07/2026,18:21:13,29.4,43.6
07/07/2026,18:26:13,29.4,43.6
07/07/2026,18:31:13,29.4,43.6
07/07/2026,18:36:13,29.4,43.6
07/07/2026,18:41:13,29.4,43.5
07/07/2026,18:46:13,29.4,43.6
07/07/2026,18:51:13,29.4,43.6
07/07/2026,18:56:13,29.4,43.6
07/07/2026,19:01:13,29.4,43.6
07/07/2026,19:06:13,29.4,43.6
07/07/2026,19:11:13,29.5,43.6
07/07/2026,19:16:13,29.5,43.7
07/07/2026,19:21:13,29.5,43.7
07/07/2026,19:26:13,29.5,43.7
07/07/2026,19:31:13,29.5,43.8
07/07/2026,19:36:13,29.5,43.8
07/07/2026,19:41:13,29.5,43.8
07/07/2026,19:46:13,29.5,43.9
07/07/2026,19:51:13,29.5,43.9
07/07/2026,19:56:13,29.5,43.9
07/07/2026,20:01:13,29.5,44.1
07/07/2026,20:06:13,29.5,44.0
07/07/2026,20:11:13,29.5,44.1
07/07/2026,20:16:13,29.5,44.1
07/07/2026,20:21:13,29.5,44.1
07/07/2026,20:26:13,29.5,43.8
07/07/2026,20:31:13,29.5,43.8
07/07/2026,20:36:13,29.5,43.8
07/07/2026,20:41:13,29.5,43.8
07/07/2026,20:46:13,29.5,43.9
07/07/2026,20:51:13,29.5,43.9
07/07/2026,20:56:13,29.5,43.9
07/07/2026,21:01:13,29.5,44.0
07/07/2026,21:06:13,29.5,44.0
07/07/2026,21:11:13,29.5,44.0
07/07/2026,21:16:13,29.5,44.0
07/07/2026,21:21:13,29.5,44.0
07/07/2026,21:26:13,29.5,44.0
07/07/2026,21:31:13,29.5,44.0
07/07/2026,21:36:13,29.5,44.0
07/07/2026,21:41:13,29.5,44.0
07/07/2026,21:46:13,29.5,44.0
07/07/2026,21:51:13,29.4,44.0
07/07/2026,21:56:13,29.5,44.0
07/07/2026,22:01:13,29.4,44.0
07/07/2026,22:06:13,29.4,43.9
07/07/2026,22:11:13,29.4,43.9
07/07/2026,22:16:13,29.4,44.0
07/07/2026,22:21:13,29.4,43.9
07/07/2026,22:26:13,29.4,43.9
07/07/2026,22:31:13,29.4,43.9
07/07/2026,22:36:13,29.3,43.9
07/07/2026,22:41:13,29.3,43.9
07/07/2026,22:46:13,29.3,43.9
07/07/2026,22:51:13,29.3,43.9
07/07/2026,22:56:13,29.3,43.9
07/07/2026,23:01:13,29.3,43.9
07/07/2026,23:06:13,29.3,43.9
07/07/2026,23:11:13,29.3,43.9
07/07/2026,23:16:13,29.3,43.9
07/07/2026,23:21:13,29.2,43.9
07/07/2026,23:26:13,29.2,43.9
07/07/2026,23:31:13,29.2,43.9
07/07/2026,23:36:13,29.2,43.9
07/07/2026,23:41:13,29.2,43.9
07/07/2026,23:46:13,29.2,43.9
07/07/2026,23:51:13,29.1,44.0
07/07/2026,23:56:13,29.1,44.0
07/08/2026,00:01:13,29.1,44.0
07/08/2026,00:06:13,29.1,44.0
07/08/2026,00:11:13,29.1,44.0
07/08/2026,00:16:13,29.1,44.0
07/08/2026,00:21:13,29.0,44.0
07/08/2026,00:26:13,29.0,44.0
07/08/2026,00:31:13,29.0,44.0
07/08/2026,00:36:13,29.0,44.0
07/08/2026,00:41:13,29.0,44.0
07/08/2026,00:46:13,29.0,44.0
07/08/2026,00:51:13,29.0,44.0
07/08/2026,00:56:13,29.0,44.0
07/08/2026,01:01:13,29.0,44.0
07/08/2026,01:06:13,29.0,44.1
07/08/2026,01:11:13,29.0,44.1
07/08/2026,01:16:13,28.9,44.0
07/08/2026,01:21:13,28.9,44.1
07/08/2026,01:26:13,28.9,44.0
07/08/2026,01:31:13,28.8,44.1
07/08/2026,01:36:13,28.9,44.1
07/08/2026,01:41:13,28.8,44.1
07/08/2026,01:46:13,28.8,44.1
07/08/2026,01:51:13,28.8,44.1
07/08/2026,01:56:13,28.8,44.1
07/08/2026,02:01:13,28.7,44.1
07/08/2026,02:06:13,28.8,44.1
07/08/2026,02:11:13,28.7,44.1
07/08/2026,02:16:13,28.7,44.2
07/08/2026,02:21:13,28.7,44.2
07/08/2026,02:26:13,28.7,44.2
07/08/2026,02:31:13,28.6,44.2
07/08/2026,02:36:13,28.6,44.1
07/08/2026,02:41:13,28.6,44.2
07/08/2026,02:46:13,28.6,44.2
07/08/2026,02:51:13,28.6,44.2
07/08/2026,02:56:13,28.5,44.2
07/08/2026,03:01:13,28.5,44.2
07/08/2026,03:06:13,28.5,44.2
07/08/2026,03:11:13,28.5,44.2
07/08/2026,03:16:13,28.4,44.3
07/08/2026,03:21:13,28.4,44.2
07/08/2026,03:26:13,28.4,44.2
07/08/2026,03:31:13,28.4,44.2
07/08/2026,03:36:13,28.4,44.2
07/08/2026,03:41:13,28.4,44.2
07/08/2026,03:46:13,28.4,44.2
07/08/2026,03:51:13,28.4,44.2
07/08/2026,03:56:13,28.3,44.2
07/08/2026,04:01:13,28.3,44.3
07/08/2026,04:06:13,28.3,44.3
07/08/2026,04:11:13,28.3,44.3
07/08/2026,04:16:13,28.2,44.3
07/08/2026,04:21:13,28.2,44.3
07/08/2026,04:26:13,28.2,44.3
07/08/2026,04:31:13,28.2,44.3
07/08/2026,04:36:13,28.1,44.3
07/08/2026,04:41:13,28.1,44.3
07/08/2026,04:46:13,28.1,44.4
07/08/2026,04:51:13,28.1,44.4
07/08/2026,04:56:13,28.0,44.4
07/08/2026,05:01:13,28.0,44.4
07/08/2026,05:06:13,28.0,44.3
07/08/2026,05:11:13,28.0,44.4
07/08/2026,05:16:13,28.0,44.4
07/08/2026,05:21:13,27.9,44.4
07/08/2026,05:26:13,27.9,44.4
07/08/2026,05:31:13,27.9,44.4
07/08/2026,05:36:13,27.9,44.4
07/08/2026,05:41:13,27.9,44.5
07/08/2026,05:46:13,27.9,44.4
07/08/2026,05:51:13,27.8,44.4
07/08/2026,05:56:13,27.8,44.4
07/08/2026,06:01:13,27.8,44.4
07/08/2026,06:06:13,27.8,44.4
07/08/2026,06:11:13,27.8,44.5
07/08/2026,06:16:13,27.8,44.5
07/08/2026,06:21:13,27.7,44.5
07/08/2026,06:26:13,27.7,44.5
07/08/2026,06:31:13,27.7,44.6
07/08/2026,06:36:13,27.7,44.5
07/08/2026,06:41:13,27.7,44.5
07/08/2026,06:46:13,27.7,44.6
07/08/2026,06:51:13,27.7,44.5
07/08/2026,06:56:13,27.7,44.5
07/08/2026,07:01:13,27.7,44.6
07/08/2026,07:06:13,27.7,44.6
07/08/2026,07:11:13,27.7,44.6
07/08/2026,07:16:13,27.6,44.6
07/08/2026,07:21:13,27.6,44.6
07/08/2026,07:26:13,27.6,44.6
07/08/2026,07:31:13,27.6,44.7
07/08/2026,07:36:13,27.6,44.7
07/08/2026,07:41:13,27.6,44.7
07/08/2026,07:46:13,27.6,44.7
07/08/2026,07:51:13,27.6,44.7
07/08/2026,07:56:13,27.7,44.7
07/08/2026,08:01:13,27.7,44.7
07/08/2026,08:06:13,27.7,44.7
07/08/2026,08:11:13,27.7,44.8
07/08/2026,08:16:13,27.7,44.7
07/08/2026,08:21:13,27.7,44.8
07/08/2026,08:26:13,27.7,44.8
07/08/2026,08:31:13,27.7,44.8
07/08/2026,08:36:13,27.7,44.8
07/08/2026,08:41:13,27.7,44.8
07/08/2026,08:46:13,27.7,44.8
07/08/2026,08:51:13,27.8,44.8
07/08/2026,08:56:13,27.8,44.8
07/08/2026,09:01:13,27.8,44.8
07/08/2026,09:06:13,27.8,44.8
07/08/2026,09:11:13,27.8,44.9
07/08/2026,09:16:13,27.8,44.8
07/08/2026,09:21:13,27.8,44.9
07/08/2026,09:26:13,27.9,44.9
07/08/2026,09:31:13,27.9,44.9
07/08/2026,09:36:13,27.9,44.9
07/08/2026,09:41:13,27.9,45.0
07/08/2026,09:46:13,27.9,45.0
07/08/2026,09:51:13,27.9,45.1
07/08/2026,09:56:13,28.0,45.1
07/08/2026,10:01:13,28.0,45.3
07/08/2026,10:06:13,28.0,45.3
07/08/2026,10:11:13,28.0,45.4
07/08/2026,10:16:13,28.0,45.4
07/08/2026,10:21:13,28.1,45.3
07/08/2026,10:26:13,28.1,45.3
07/08/2026,10:31:13,28.1,45.5
07/08/2026,10:36:13,28.1,45.5
07/08/2026,10:41:13,28.2,45.6
07/08/2026,10:46:13,28.2,45.6
07/08/2026,10:51:13,28.2,45.6
07/08/2026,10:56:13,28.2,45.6
07/08/2026,11:01:13,28.2,45.7
07/08/2026,11:06:13,28.3,45.8
07/08/2026,11:11:13,28.3,45.8
07/08/2026,11:16:13,28.3,45.9
07/08/2026,11:21:13,28.4,45.9
07/08/2026,11:26:13,28.4,46.0
07/08/2026,11:31:13,28.4,46.0
07/08/2026,11:36:13,28.5,46.2
07/08/2026,11:41:13,28.5,46.3
07/08/2026,11:46:13,28.5,46.3
07/08/2026,11:51:13,28.5,46.4
07/08/2026,11:56:13,28.6,46.4
07/08/2026,12:01:13,28.6,46.5
07/08/2026,12:06:13,28.6,46.6
07/08/2026,12:11:13,28.6,46.6
07/08/2026,12:16:13,28.7,46.7
07/08/2026,12:21:13,28.7,46.9
07/08/2026,12:26:13,28.8,46.7
07/08/2026,12:31:13,28.8,46.9
07/08/2026,12:36:13,28.8,46.9
07/08/2026,12:41:13,28.9,47.0
07/08/2026,12:46:13,28.9,46.9
07/08/2026,12:51:13,28.9,46.9
07/08/2026,12:56:13,28.9,46.9
07/08/2026,13:01:13,29.0,46.9
07/08/2026,13:06:13,29.0,46.9
07/08/2026,13:11:13,29.0,46.9
07/08/2026,13:16:13,29.1,46.8
07/08/2026,13:21:13,29.1,46.8
07/08/2026,13:26:13,29.1,46.8
07/08/2026,13:31:13,29.1,46.7
07/08/2026,13:36:13,29.1,46.7
07/08/2026,13:41:13,29.1,46.8
07/08/2026,13:46:13,29.2,46.8
07/08/2026,13:51:13,29.2,46.8
07/08/2026,13:56:13,29.2,46.8
07/08/2026,14:01:13,29.2,46.8
07/08/2026,14:06:13,29.3,46.8
07/08/2026,14:11:13,29.3,46.8
07/08/2026,14:16:13,29.3,46.8
07/08/2026,14:21:13,29.3,46.8
07/08/2026,14:26:13,29.4,46.7
07/08/2026,14:31:13,29.4,46.7
07/08/2026,14:36:13,29.4,46.8
07/08/2026,14:41:13,29.4,46.8
07/08/2026,14:46:13,29.4,46.8
07/08/2026,14:51:13,29.5,46.8
07/08/2026,14:56:13,29.5,46.8
07/08/2026,15:01:13,29.5,46.8
07/08/2026,15:06:13,29.6,46.7
07/08/2026,15:11:13,29.6,46.7
07/08/2026,15:16:13,29.6,46.7
07/08/2026,15:21:13,29.6,46.7
07/08/2026,15:26:13,29.6,46.7
07/08/2026,15:31:13,29.7,46.7
07/08/2026,15:36:13,29.7,46.6
07/08/2026,15:41:13,29.7,46.6
07/08/2026,15:46:13,29.7,46.5
07/08/2026,15:51:13,29.7,46.5
07/08/2026,15:56:13,29.8,46.5
07/08/2026,16:01:13,29.8,46.5
07/08/2026,16:06:13,29.8,46.5
07/08/2026,16:11:13,29.8,46.4
07/08/2026,16:16:13,29.8,46.4
07/08/2026,16:21:13,29.8,46.4
07/08/2026,16:26:13,29.9,46.3
07/08/2026,16:31:13,29.9,46.3
07/08/2026,16:36:13,29.9,46.3
07/08/2026,16:41:13,29.9,46.3
07/08/2026,16:46:13,29.9,46.2
07/08/2026,16:51:13,29.9,46.2
07/08/2026,16:56:13,29.9,46.3
07/08/2026,17:01:13,30.0,46.2
07/08/2026,17:06:13,30.0,46.2
07/08/2026,17:11:13,30.0,46.2
07/08/2026,17:16:13,30.0,46.1
07/08/2026,17:21:13,30.0,46.1
07/08/2026,17:26:13,30.0,46.1
07/08/2026,17:31:13,30.0,46.1
07/08/2026,17:36:13,30.0,46.1
07/08/2026,17:41:13,30.0,46.1
07/08/2026,17:46:13,30.0,46.0
07/08/2026,17:51:13,30.0,46.0
07/08/2026,17:56:13,30.1,46.0
07/08/2026,18:01:13,30.1,46.1
07/08/2026,18:06:13,30.1,46.0
07/08/2026,18:11:13,30.1,46.0
07/08/2026,18:16:13,30.1,46.0
07/08/2026,18:21:13,30.2,46.0
07/08/2026,18:26:13,30.2,45.9
07/08/2026,18:31:13,30.2,45.9
07/08/2026,18:36:13,30.2,45.9
07/08/2026,18:41:13,30.2,45.9
07/08/2026,18:46:13,30.2,45.9
07/08/2026,18:51:13,30.2,45.8
07/08/2026,18:56:13,30.2,45.8
07/08/2026,19:01:13,30.2,45.8
07/08/2026,19:06:13,30.3,45.8
07/08/2026,19:11:13,30.3,45.7
07/08/2026,19:16:13,30.3,45.7
07/08/2026,19:21:13,30.3,45.8
07/08/2026,19:26:13,30.3,45.8
07/08/2026,19:31:13,30.3,45.8
07/08/2026,19:36:13,30.3,45.8
07/08/2026,19:41:13,30.4,45.8
07/08/2026,19:46:13,30.4,45.8
07/08/2026,19:51:13,30.4,45.8
07/08/2026,19:56:13,30.4,45.9
07/08/2026,20:01:13,30.4,45.8
07/08/2026,20:06:13,30.4,45.9
07/08/2026,20:11:13,30.4,45.9
07/08/2026,20:16:13,30.4,45.8
07/08/2026,20:21:13,30.4,45.9
07/08/2026,20:26:13,30.5,45.7
07/08/2026,20:31:13,30.4,45.7
07/08/2026,20:36:13,30.4,45.7
07/08/2026,20:41:13,30.4,45.6
07/08/2026,20:46:13,30.4,45.7
07/08/2026,20:51:13,30.4,45.7
07/08/2026,20:56:13,30.5,45.7
07/08/2026,21:01:13,30.5,45.7
07/08/2026,21:06:13,30.5,45.7
07/08/2026,21:11:13,30.5,45.8
07/08/2026,21:16:13,30.5,45.7
07/08/2026,21:21:13,30.5,45.8
07/08/2026,21:26:13,30.4,45.8
07/08/2026,21:31:13,30.4,45.8
07/08/2026,21:36:13,30.4,45.8
07/08/2026,21:41:13,30.4,45.8
07/08/2026,21:46:13,30.5,45.8
07/08/2026,21:51:13,30.4,45.8
07/08/2026,21:56:13,30.4,45.8
07/08/2026,22:01:13,30.4,45.8
07/08/2026,22:06:13,30.4,45.8
07/08/2026,22:11:13,30.4,45.9
07/08/2026,22:16:13,30.3,45.9
07/08/2026,22:21:13,30.4,45.9
07/08/2026,22:26:13,30.3,45.9
07/08/2026,22:31:13,30.3,45.9
07/08/2026,22:36:13,30.3,45.9
07/08/2026,22:41:13,30.3,45.9
07/08/2026,22:46:13,30.3,45.9
07/08/2026,22:51:13,30.3,45.9
07/08/2026,22:56:13,30.2,45.9
07/08/2026,23:01:13,30.2,45.9
07/08/2026,23:06:13,30.2,45.9
07/08/2026,23:11:13,30.2,45.9
07/08/2026,23:16:13,30.2,45.9
07/08/2026,23:21:13,30.2,45.9
07/08/2026,23:26:13,30.2,45.9
07/08/2026,23:31:13,30.1,46.0
07/08/2026,23:36:13,30.1,46.0
07/08/2026,23:41:13,30.1,46.0
07/08/2026,23:46:13,30.1,45.9
07/08/2026,23:51:13,30.1,45.9
07/08/2026,23:56:13,30.0,46.0
07/09/2026,00:01:13,30.0,46.0
07/09/2026,00:06:13,30.0,45.9
07/09/2026,00:11:13,30.0,45.9
07/09/2026,00:16:13,30.0,45.9
07/09/2026,00:21:13,30.0,45.9
07/09/2026,00:26:13,29.9,46.0
07/09/2026,00:31:13,29.9,45.9
07/09/2026,00:36:13,29.9,45.9
07/09/2026,00:41:13,29.9,45.9
07/09/2026,00:46:13,29.9,45.9
07/09/2026,00:51:13,29.9,45.9
07/09/2026,00:56:13,29.8,45.9
07/09/2026,01:01:13,29.8,45.9
07/09/2026,01:06:13,29.8,45.9
07/09/2026,01:11:13,29.8,45.9
07/09/2026,01:16:13,29.8,45.8
07/09/2026,01:21:13,29.8,45.9
07/09/2026,01:26:13,29.8,45.9
07/09/2026,01:31:13,29.7,45.9
07/09/2026,01:36:13,29.7,45.8
07/09/2026,01:41:13,29.7,45.8
07/09/2026,01:46:13,29.7,45.9
07/09/2026,01:51:13,29.7,45.9
07/09/2026,01:56:13,29.6,45.9
07/09/2026,02:01:13,29.7,45.8
07/09/2026,02:06:13,29.6,45.9
07/09/2026,02:11:13,29.6,45.9
07/09/2026,02:16:13,29.6,45.9
07/09/2026,02:21:13,29.5,45.8
07/09/2026,02:26:13,29.5,45.8
07/09/2026,02:31:13,29.5,45.8
07/09/2026,02:36:13,29.5,45.8
07/09/2026,02:41:13,29.5,45.9
07/09/2026,02:46:13,29.5,45.9
07/09/2026,02:51:13,29.4,45.9
07/09/2026,02:56:13,29.4,45.9
07/09/2026,03:01:13,29.4,45.9
07/09/2026,03:06:13,29.4,45.9
07/09/2026,03:11:13,29.4,46.0
07/09/2026,03:16:13,29.4,45.9
07/09/2026,03:21:13,29.4,46.0
07/09/2026,03:26:13,29.3,46.0
07/09/2026,03:31:13,29.3,46.0
07/09/2026,03:36:13,29.3,46.0
07/09/2026,03:41:13,29.3,46.0
07/09/2026,03:46:13,29.3,46.0
07/09/2026,03:51:13,29.2,46.0
07/09/2026,03:56:13,29.2,46.0
07/09/2026,04:01:13,29.2,46.1
07/09/2026,04:06:13,29.2,46.1
07/09/2026,04:11:13,29.2,46.1
07/09/2026,04:16:13,29.2,46.1
07/09/2026,04:21:13,29.1,46.1
07/09/2026,04:26:13,29.2,46.1
07/09/2026,04:31:13,29.1,46.1
07/09/2026,04:36:13,29.1,46.2
07/09/2026,04:41:13,29.1,46.2
07/09/2026,04:46:13,29.0,46.2
07/09/2026,04:51:13,29.0,46.2
07/09/2026,04:56:13,29.0,46.2
07/09/2026,05:01:13,29.0,46.3
07/09/2026,05:06:13,28.9,46.2
07/09/2026,05:11:13,28.9,46.2
07/09/2026,05:16:13,28.9,46.3
07/09/2026,05:21:13,28.9,46.3
07/09/2026,05:26:13,28.9,46.3
07/09/2026,05:31:13,28.9,46.3
07/09/2026,05:36:13,28.8,46.3
07/09/2026,05:41:13,28.8,46.3
07/09/2026,05:46:13,28.8,46.3
07/09/2026,05:51:13,28.8,46.3
07/09/2026,05:56:13,28.8,46.4
07/09/2026,06:01:13,28.8,46.3
07/09/2026,06:06:13,28.8,46.4
07/09/2026,06:11:13,28.7,46.4
07/09/2026,06:16:13,28.7,46.4
07/09/2026,06:21:13,28.7,46.4
07/09/2026,06:26:13,28.7,46.4
07/09/2026,06:31:13,28.7,46.4
07/09/2026,06:36:13,28.7,46.5
07/09/2026,06:41:13,28.7,46.5
07/09/2026,06:46:13,28.7,46.5
07/09/2026,06:51:13,28.6,46.6
07/09/2026,06:56:13,28.6,46.5
07/09/2026,07:01:13,28.6,46.5
07/09/2026,07:06:13,28.6,46.6
07/09/2026,07:11:13,28.6,46.6
07/09/2026,07:16:13,28.6,46.6
07/09/2026,07:21:13,28.6,46.6
07/09/2026,07:26:13,28.6,46.7
07/09/2026,07:31:13,28.6,46.7
07/09/2026,07:36:13,28.6,46.6
07/09/2026,07:41:13,28.6,46.7
07/09/2026,07:46:13,28.6,46.7
07/09/2026,07:51:13,28.6,46.7
07/09/2026,07:56:13,28.6,46.7
07/09/2026,08:01:13,28.6,46.7
07/09/2026,08:06:13,28.6,46.7
07/09/2026,08:11:13,28.6,46.7
07/09/2026,08:16:13,28.6,46.8
07/09/2026,08:21:13,28.6,46.7
07/09/2026,08:26:13,28.6,46.8
07/09/2026,08:31:13,28.6,46.7
07/09/2026,08:36:13,28.6,46.8
07/09/2026,08:41:13,28.7,46.8
07/09/2026,08:46:13,28.7,46.8
07/09/2026,08:51:13,28.7,46.8
07/09/2026,08:56:13,28.7,46.9
07/09/2026,09:01:13,28.7,46.8
07/09/2026,09:06:13,28.7,46.9
07/09/2026,09:11:13,28.7,47.0
07/09/2026,09:16:13,28.7,47.0
07/09/2026,09:21:13,28.7,47.1
07/09/2026,09:26:13,28.7,47.2
07/09/2026,09:31:13,28.8,47.3
07/09/2026,09:36:13,28.8,47.3
07/09/2026,09:41:13,28.8,47.5
07/09/2026,09:46:13,28.8,47.7
07/09/2026,09:51:13,28.9,47.8
07/09/2026,09:56:13,28.9,47.8
07/09/2026,10:01:13,28.9,47.8
07/09/2026,10:06:13,29.0,47.7
07/09/2026,10:11:13,29.0,47.8
07/09/2026,10:16:13,29.0,47.8
07/09/2026,10:21:13,29.0,47.7
07/09/2026,10:26:13,29.1,47.7
07/09/2026,10:31:13,29.1,47.5
07/09/2026,10:36:13,29.1,47.5
07/09/2026,10:41:13,29.1,47.4
07/09/2026,10:46:13,29.2,47.3
07/09/2026,10:51:13,29.2,47.3
07/09/2026,10:56:13,29.2,47.2
07/09/2026,11:01:13,29.2,47.1
07/09/2026,11:06:13,29.2,47.0
07/09/2026,11:11:13,29.3,46.8
07/09/2026,11:16:13,29.3,46.7
07/09/2026,11:21:13,29.3,46.6
07/09/2026,11:26:13,29.3,46.5
07/09/2026,11:31:13,29.4,46.4
07/09/2026,11:36:13,29.4,46.3
07/09/2026,11:41:13,29.4,46.2
07/09/2026,11:46:13,29.5,46.1
07/09/2026,11:51:13,29.5,45.9
07/09/2026,11:56:13,29.5,45.8
07/09/2026,12:01:13,29.5,45.7
07/09/2026,12:06:13,29.6,45.5
07/09/2026,12:11:13,29.6,45.4
07/09/2026,12:16:13,29.6,45.2
07/09/2026,12:21:13,29.6,45.0
07/09/2026,12:26:13,29.7,44.9
07/09/2026,12:31:13,29.7,44.8
07/09/2026,12:36:13,29.7,44.6
07/09/2026,12:41:13,29.7,44.4
07/09/2026,12:46:13,29.8,44.3
07/09/2026,12:51:13,29.8,44.3
07/09/2026,12:56:13,29.8,44.2
07/09/2026,13:01:13,29.8,43.9
07/09/2026,13:06:13,29.8,43.6
07/09/2026,13:11:13,29.9,43.7
07/09/2026,13:16:13,29.9,43.4
07/09/2026,13:21:13,29.9,43.3
07/09/2026,13:26:13,30.0,43.4
07/09/2026,13:31:13,30.0,43.0
07/09/2026,13:36:13,30.0,42.5
07/09/2026,13:41:13,30.0,42.5
07/09/2026,13:46:13,30.0,41.7
07/09/2026,13:51:13,30.1,41.2
07/09/2026,13:56:13,30.1,41.2
07/09/2026,14:01:13,30.1,40.6
07/09/2026,14:06:13,30.2,40.7
07/09/2026,14:11:13,30.2,40.5
07/09/2026,14:16:13,30.2,40.4
07/09/2026,14:21:13,30.2,40.4
07/09/2026,14:26:13,30.3,39.9
07/09/2026,14:31:13,30.3,39.8
07/09/2026,14:36:13,30.3,39.7
07/09/2026,14:41:13,30.4,39.5
07/09/2026,14:46:13,30.4,39.1
07/09/2026,14:51:13,30.4,39.4
07/09/2026,14:56:13,30.4,38.7
07/09/2026,15:01:13,30.5,38.8
07/09/2026,15:06:13,30.5,38.6
07/09/2026,15:11:13,30.5,38.6
07/09/2026,15:16:13,30.6,38.4
07/09/2026,15:21:13,30.6,38.2
07/09/2026,15:26:13,30.6,37.8
07/09/2026,15:31:13,30.7,38.1
07/09/2026,15:36:13,30.7,37.6
07/09/2026,15:41:13,30.7,37.4
07/09/2026,15:46:13,30.7,37.7
07/09/2026,15:51:13,30.7,37.5
07/09/2026,15:56:13,30.8,37.6
07/09/2026,16:01:13,30.8,37.4
07/09/2026,16:06:13,30.8,37.5
07/09/2026,16:11:13,30.9,37.4
07/09/2026,16:16:13,30.9,37.4
07/09/2026,16:21:13,30.9,37.4
07/09/2026,16:26:13,31.0,37.0
07/09/2026,16:31:13,31.0,36.9
07/09/2026,16:36:13,31.0,37.0
07/09/2026,16:41:13,31.1,36.7
07/09/2026,16:46:13,31.1,36.7
07/09/2026,16:51:13,31.1,36.3
07/09/2026,16:56:13,31.1,36.6
07/09/2026,17:01:13,31.1,36.4
07/09/2026,17:06:13,31.2,36.2
07/09/2026,17:11:13,31.2,36.0
07/09/2026,17:16:13,31.2,36.0
07/09/2026,17:21:13,31.3,36.2
07/09/2026,17:26:13,31.3,36.1
07/09/2026,17:31:13,31.3,36.7
07/09/2026,17:36:13,31.3,37.5
07/09/2026,17:41:13,31.4,38.1
07/09/2026,17:46:13,31.4,38.4
07/09/2026,17:51:13,31.4,38.9
07/09/2026,17:56:13,31.4,39.2
07/09/2026,18:01:13,31.4,39.4
07/09/2026,18:06:13,31.5,39.6
07/09/2026,18:11:13,31.5,39.8
07/09/2026,18:16:13,31.5,40.0
07/09/2026,18:21:13,31.6,40.1
07/09/2026,18:26:13,31.6,40.0
07/09/2026,18:31:13,31.6,40.1
07/09/2026,18:36:13,31.6,40.1
07/09/2026,18:41:13,31.6,40.1
07/09/2026,18:46:13,31.6,40.0
07/09/2026,18:51:13,31.6,40.1
07/09/2026,18:56:13,31.6,40.2
07/09/2026,19:01:13,31.6,40.3
07/09/2026,19:06:13,31.6,40.4
07/09/2026,19:11:13,31.6,40.4
07/09/2026,19:16:13,31.6,40.5
07/09/2026,19:21:13,31.6,40.5
07/09/2026,19:26:13,31.5,40.7
07/09/2026,19:31:13,31.5,40.8
07/09/2026,19:36:13,31.5,40.9
07/09/2026,19:41:13,31.5,40.9
07/09/2026,19:46:13,31.5,41.0
07/09/2026,19:51:13,31.4,41.1
07/09/2026,19:56:13,31.4,41.2
07/09/2026,20:01:13,31.4,41.2
07/09/2026,20:06:13,31.4,41.3
07/09/2026,20:11:13,31.4,41.3
07/09/2026,20:16:13,31.3,41.4
07/09/2026,20:21:13,31.3,41.4
07/09/2026,20:26:13,31.3,41.4
07/09/2026,20:31:13,31.3,41.5
07/09/2026,20:36:13,31.3,41.5
07/09/2026,20:41:13,31.3,41.5
07/09/2026,20:46:13,31.3,41.6
07/09/2026,20:51:13,31.3,41.5
07/09/2026,20:56:13,31.3,41.5
07/09/2026,21:01:13,31.3,41.6
07/09/2026,21:06:13,31.3,41.6
07/09/2026,21:11:13,31.3,41.6
07/09/2026,21:16:13,31.3,41.6
07/09/2026,21:21:13,31.3,41.6
07/09/2026,21:26:13,31.3,41.6
07/09/2026,21:31:13,31.3,41.6
07/09/2026,21:36:13,31.3,41.6
07/09/2026,21:41:13,31.3,41.6
07/09/2026,21:46:13,31.3,41.7
07/09/2026,21:51:13,31.3,41.7
07/09/2026,21:56:13,31.3,41.7
07/09/2026,22:01:13,31.2,41.7
07/09/2026,22:06:13,31.3,41.7
07/09/2026,22:11:13,31.2,41.7
07/09/2026,22:16:13,31.2,41.7
07/09/2026,22:21:13,31.2,41.8
07/09/2026,22:26:13,31.2,41.8
07/09/2026,22:31:13,31.2,41.8
07/09/2026,22:36:13,31.2,41.8
07/09/2026,22:41:13,31.1,41.8
07/09/2026,22:46:13,31.1,41.8
07/09/2026,22:51:13,31.1,41.8
07/09/2026,22:56:13,31.1,41.8
07/09/2026,23:01:13,31.1,41.9
07/09/2026,23:06:13,31.1,41.9
07/09/2026,23:11:13,31.0,41.9
07/09/2026,23:16:13,31.0,41.9
07/09/2026,23:21:13,31.0,41.9
07/09/2026,23:26:13,31.0,41.9
07/09/2026,23:31:13,31.0,42.0
07/09/2026,23:36:13,30.9,42.0
07/09/2026,23:41:13,30.9,42.0
07/09/2026,23:46:13,30.9,42.0
07/09/2026,23:51:13,30.9,41.9
07/09/2026,23:56:13,30.9,42.0
07/10/2026,00:01:13,30.9,42.0
07/10/2026,00:06:13,30.8,42.0
07/10/2026,00:11:13,30.8,42.1
07/10/2026,00:16:13,30.8,42.0
07/10/2026,00:21:13,30.8,42.0
07/10/2026,00:26:13,30.8,42.0
07/10/2026,00:31:13,30.8,42.0
07/10/2026,00:36:13,30.7,42.0
07/10/2026,00:41:13,30.7,42.1
07/10/2026,00:46:13,30.7,42.1
07/10/2026,00:51:13,30.7,42.1
07/10/2026,00:56:13,30.7,42.0
07/10/2026,01:01:13,30.7,42.1
07/10/2026,01:06:13,30.7,42.1
07/10/2026,01:11:13,30.6,42.1
07/10/2026,01:16:13,30.6,42.1
07/10/2026,01:21:13,30.6,42.1
07/10/2026,01:26:13,30.6,42.1
07/10/2026,01:31:13,30.6,42.1
07/10/2026,01:36:13,30.6,42.1
07/10/2026,01:41:13,30.5,42.1
07/10/2026,01:46:13,30.5,42.1
07/10/2026,01:51:13,30.5,42.0
07/10/2026,01:56:13,30.5,42.1
07/10/2026,02:01:13,30.5,42.1
07/10/2026,02:06:13,30.5,42.0
07/10/2026,02:11:13,30.4,42.1
07/10/2026,02:16:13,30.4,42.1
07/10/2026,02:21:13,30.4,42.1
07/10/2026,02:26:13,30.4,42.1
07/10/2026,02:31:13,30.4,42.1
07/10/2026,02:36:13,30.3,42.1
07/10/2026,02:41:13,30.3,42.1
07/10/2026,02:46:13,30.3,42.1
07/10/2026,02:51:13,30.3,42.1
07/10/2026,02:56:13,30.3,42.1
07/10/2026,03:01:13,30.2,42.1
07/10/2026,03:06:13,30.2,42.2
07/10/2026,03:11:13,30.2,42.2
07/10/2026,03:16:13,30.2,42.2
07/10/2026,03:21:13,30.2,42.2
07/10/2026,03:26:13,30.1,42.3
07/10/2026,03:31:13,30.1,42.2
07/10/2026,03:36:13,30.1,42.2
07/10/2026,03:41:13,30.1,42.2
07/10/2026,03:46:13,30.1,42.2
07/10/2026,03:51:13,30.0,42.3
07/10/2026,03:56:13,30.0,42.3
07/10/2026,04:01:13,30.0,42.3
07/10/2026,04:06:13,30.0,42.3
07/10/2026,04:11:13,30.0,42.4
07/10/2026,04:16:13,29.9,42.4
07/10/2026,04:21:13,29.9,42.4
07/10/2026,04:26:13,29.9,42.4
07/10/2026,04:31:13,29.9,42.4
07/10/2026,04:36:13,29.9,42.4
07/10/2026,04:41:13,29.8,42.4
07/10/2026,04:46:13,29.8,42.4
07/10/2026,04:51:13,29.8,42.5
07/10/2026,04:56:13,29.8,42.5
07/10/2026,05:01:13,29.8,42.5
07/10/2026,05:06:13,29.7,42.5
07/10/2026,05:11:13,29.7,42.5
07/10/2026,05:16:13,29.7,42.5
07/10/2026,05:21:13,29.7,42.5
07/10/2026,05:26:13,29.7,42.6
07/10/2026,05:31:13,29.6,42.6
07/10/2026,05:36:13,29.6,42.6
07/10/2026,05:41:13,29.6,42.6
07/10/2026,05:46:13,29.6,42.6
07/10/2026,05:51:13,29.6,42.6
07/10/2026,05:56:13,29.6,42.7
07/10/2026,06:01:13,29.5,42.7
07/10/2026,06:06:13,29.5,42.7
07/10/2026,06:11:13,29.5,42.7
07/10/2026,06:16:13,29.5,42.7
07/10/2026,06:21:13,29.5,42.7
07/10/2026,06:26:13,29.5,42.8
07/10/2026,06:31:13,29.4,42.8
07/10/2026,06:36:13,29.4,42.8
07/10/2026,06:41:13,29.4,42.9
07/10/2026,06:46:13,29.4,42.9
07/10/2026,06:51:13,29.4,43.0
07/10/2026,06:56:13,29.4,43.0
07/10/2026,07:01:13,29.4,43.0
07/10/2026,07:06:13,29.4,43.2
07/10/2026,07:11:13,29.4,43.2
07/10/2026,07:16:13,29.4,43.3
07/10/2026,07:21:13,29.4,43.4
07/10/2026,07:26:13,29.4,43.5
07/10/2026,07:31:13,29.4,43.5
07/10/2026,07:36:13,29.4,43.5
07/10/2026,07:41:13,29.4,43.7
07/10/2026,07:46:13,29.4,43.7
07/10/2026,07:51:13,29.4,43.8
07/10/2026,07:56:13,29.4,43.8
07/10/2026,08:01:13,29.4,43.8
07/10/2026,08:06:13,29.4,43.9
07/10/2026,08:11:13,29.4,43.9
07/10/2026,08:16:13,29.4,44.0
07/10/2026,08:21:13,29.4,44.0
07/10/2026,08:26:13,29.4,44.1
07/10/2026,08:31:13,29.5,44.1
07/10/2026,08:36:13,29.4,44.1
07/10/2026,08:41:13,29.4,44.2
07/10/2026,08:46:13,29.5,44.2
07/10/2026,08:51:13,29.5,44.2
07/10/2026,08:56:13,29.5,44.2
07/10/2026,09:01:13,29.5,44.3
07/10/2026,09:06:13,29.5,44.3
07/10/2026,09:11:13,29.5,44.3
07/10/2026,09:16:13,29.5,44.4
07/10/2026,09:21:13,29.5,44.4
07/10/2026,09:26:13,29.5,44.5
07/10/2026,09:31:13,29.6,44.5
07/10/2026,09:36:13,29.6,44.5
07/10/2026,09:41:13,29.6,44.6
07/10/2026,09:46:13,29.6,44.5
07/10/2026,09:51:13,29.6,44.5
07/10/2026,09:56:13,29.6,44.6
07/10/2026,10:01:13,29.7,44.6
07/10/2026,10:06:13,29.7,44.6
07/10/2026,10:11:13,29.7,44.6
07/10/2026,10:16:13,29.7,44.6
07/10/2026,10:21:13,29.7,44.6
07/10/2026,10:26:13,29.7,44.6
07/10/2026,10:31:13,29.7,44.6
07/10/2026,10:36:13,29.7,44.6
07/10/2026,10:41:13,29.8,44.5
07/10/2026,10:46:13,29.8,44.5
07/10/2026,10:51:13,29.8,44.5
07/10/2026,10:56:13,29.8,44.5
07/10/2026,11:01:13,29.8,44.5
07/10/2026,11:06:13,29.9,44.5
07/10/2026,11:11:13,29.9,44.5
07/10/2026,11:16:13,29.9,44.4
07/10/2026,11:21:13,29.9,44.5
07/10/2026,11:26:13,29.9,44.4
07/10/2026,11:31:13,29.9,44.4
07/10/2026,11:36:13,30.0,44.4
07/10/2026,11:41:13,30.0,44.7
07/10/2026,11:46:13,30.0,44.6
07/10/2026,11:51:13,30.0,44.5
07/10/2026,11:56:13,30.0,44.5
07/10/2026,12:01:13,30.1,44.2
07/10/2026,12:06:13,30.1,44.0
07/10/2026,12:11:13,30.1,43.9
07/10/2026,12:16:13,30.1,43.5
07/10/2026,12:21:13,30.1,43.1
07/10/2026,12:26:13,30.1,43.1
07/10/2026,12:31:13,30.1,42.9
07/10/2026,12:36:13,30.1,42.8
07/10/2026,12:41:13,30.1,42.7
07/10/2026,12:46:13,30.1,42.7
07/10/2026,12:51:13,30.2,42.4
07/10/2026,12:56:13,30.2,42.3
07/10/2026,13:01:13,30.2,41.9
07/10/2026,13:06:13,30.2,41.9
07/10/2026,13:11:13,30.2,41.9
07/10/2026,13:16:13,30.2,41.9
07/10/2026,13:21:13,30.2,41.4
07/10/2026,13:26:13,30.3,41.3
07/10/2026,13:31:13,30.3,41.5
07/10/2026,13:36:13,30.3,41.4
07/10/2026,13:41:13,30.3,41.4
07/10/2026,13:46:13,30.3,41.2
07/10/2026,13:51:13,30.4,41.2
07/10/2026,13:56:13,30.3,41.2
07/10/2026,14:01:13,30.4,41.1
07/10/2026,14:06:13,30.4,41.1
07/10/2026,14:11:13,30.4,41.0
07/10/2026,14:16:13,30.5,41.1
07/10/2026,14:21:13,30.5,40.7
07/10/2026,14:26:13,30.5,40.5
07/10/2026,14:31:13,30.5,40.5
07/10/2026,14:36:13,30.5,40.4
07/10/2026,14:41:13,30.5,40.3
07/10/2026,14:46:13,30.5,40.0
07/10/2026,14:51:13,30.5,40.2
07/10/2026,14:56:13,30.6,40.1
07/10/2026,15:01:13,30.6,40.1
07/10/2026,15:06:13,30.6,40.1
07/10/2026,15:11:13,30.6,40.1
07/10/2026,15:16:13,30.6,39.7
07/10/2026,15:21:13,30.6,39.9
07/10/2026,15:26:13,30.6,40.0
07/10/2026,15:31:13,30.6,40.0
07/10/2026,15:36:13,30.6,40.0
07/10/2026,15:41:13,30.7,39.8
07/10/2026,15:46:13,30.7,39.8
07/10/2026,15:51:13,30.7,39.8
07/10/2026,15:56:13,30.7,39.7
07/10/2026,16:01:13,30.7,39.8
07/10/2026,16:06:13,30.7,39.6
07/10/2026,16:11:13,30.7,39.6
07/10/2026,16:16:13,30.7,39.3
07/10/2026,16:21:13,30.8,39.3
07/10/2026,16:26:13,30.8,39.4
07/10/2026,16:31:13,30.8,39.4
07/10/2026,16:36:13,30.8,39.1
07/10/2026,16:41:13,30.8,39.0
07/10/2026,16:46:13,30.8,39.1
07/10/2026,16:51:13,30.8,38.4
07/10/2026,16:56:13,30.8,38.3
07/10/2026,17:01:13,30.8,38.0
07/10/2026,17:06:13,30.9,38.1
07/10/2026,17:11:13,30.8,38.0
07/10/2026,17:16:13,30.9,37.7
07/10/2026,17:21:13,30.8,37.6
07/10/2026,17:26:13,30.9,37.4
07/10/2026,17:31:13,30.9,37.4
07/10/2026,17:36:13,30.9,37.4
07/10/2026,17:41:13,30.9,37.4
07/10/2026,17:46:13,30.9,37.1
07/10/2026,17:51:13,30.9,37.4
07/10/2026,17:56:13,30.9,37.1
07/10/2026,18:01:13,30.9,37.1
07/10/2026,18:06:13,30.9,37.2
07/10/2026,18:11:13,30.9,37.3
07/10/2026,18:16:13,30.9,37.2
07/10/2026,18:21:13,30.9,37.3
07/10/2026,18:26:13,30.9,37.3
07/10/2026,18:31:13,30.9,37.2
07/10/2026,18:36:13,30.9,37.2
07/10/2026,18:41:13,30.9,37.1
07/10/2026,18:46:13,30.9,37.1
07/10/2026,18:51:13,30.9,36.9
07/10/2026,18:56:13,30.9,36.9
07/10/2026,19:01:13,30.9,36.9
07/10/2026,19:06:13,30.9,36.9
07/10/2026,19:11:13,30.9,37.0
07/10/2026,19:16:13,30.9,37.1
07/10/2026,19:21:13,30.9,37.1
07/10/2026,19:26:13,30.9,37.2
07/10/2026,19:31:13,30.9,37.3
07/10/2026,19:36:13,30.9,37.4
07/10/2026,19:41:13,30.9,37.5
07/10/2026,19:46:13,30.9,37.6
07/10/2026,19:51:13,30.8,37.4
07/10/2026,19:56:13,30.9,37.2
07/10/2026,20:01:13,30.8,37.1
07/10/2026,20:06:13,30.8,37.0
07/10/2026,20:11:13,30.8,36.9
07/10/2026,20:16:13,30.8,36.8
07/10/2026,20:21:13,30.8,36.6
07/10/2026,20:26:13,30.7,36.5
07/10/2026,20:31:13,30.7,36.4
07/10/2026,20:36:13,30.7,36.3
07/10/2026,20:41:13,30.7,36.3
07/10/2026,20:46:13,30.7,36.4
07/10/2026,20:51:13,30.7,36.5
07/10/2026,20:56:13,30.7,36.6
07/10/2026,21:01:13,30.7,36.7
07/10/2026,21:06:13,30.7,36.8
07/10/2026,21:11:13,30.7,36.9
07/10/2026,21:16:13,30.7,36.8
07/10/2026,21:21:13,30.7,36.8
07/10/2026,21:26:13,30.7,36.8
07/10/2026,21:31:13,30.7,36.8
07/10/2026,21:36:13,30.7,36.8
07/10/2026,21:41:13,30.7,36.9
07/10/2026,21:46:13,30.7,36.9
07/10/2026,21:51:13,30.7,36.8
07/10/2026,21:56:13,30.7,36.9
07/10/2026,22:01:13,30.7,36.9
07/10/2026,22:06:13,30.7,36.9
07/10/2026,22:11:13,30.7,36.9
07/10/2026,22:16:13,30.7,36.9
07/10/2026,22:21:13,30.7,36.9
07/10/2026,22:26:13,30.7,36.9
07/10/2026,22:31:13,30.6,37.0
07/10/2026,22:36:13,30.6,37.0
07/10/2026,22:41:13,30.6,37.0
07/10/2026,22:46:13,30.6,37.1
07/10/2026,22:51:13,30.5,37.1
07/10/2026,22:56:13,30.6,37.2
07/10/2026,23:01:13,30.6,37.1
07/10/2026,23:06:13,30.5,37.2
07/10/2026,23:11:13,30.5,37.3
07/10/2026,23:16:13,30.5,37.3
07/10/2026,23:21:13,30.5,37.3
07/10/2026,23:26:13,30.5,37.4
07/10/2026,23:31:13,30.4,37.5
07/10/2026,23:36:13,30.4,37.5
07/10/2026,23:41:13,30.4,37.5
07/10/2026,23:46:13,30.4,37.5
07/10/2026,23:51:13,30.4,37.5
07/10/2026,23:56:13,30.4,37.7
07/11/2026,00:01:13,30.3,37.7
07/11/2026,00:06:13,30.3,37.7
07/11/2026,00:11:13,30.3,37.9
07/11/2026,00:16:13,30.3,37.9
07/11/2026,00:21:13,30.3,37.9
07/11/2026,00:26:13,30.3,37.9
07/11/2026,00:31:13,30.3,37.9
07/11/2026,00:36:13,30.3,37.9
07/11/2026,00:41:13,30.3,37.9
07/11/2026,00:46:13,30.2,38.0
07/11/2026,00:51:13,30.2,38.0
07/11/2026,00:56:13,30.2,38.1
07/11/2026,01:01:13,30.2,38.1
07/11/2026,01:06:13,30.1,38.2
07/11/2026,01:11:13,30.1,38.2
07/11/2026,01:16:13,30.1,38.3
07/11/2026,01:21:13,30.1,38.3
07/11/2026,01:26:13,30.1,38.3
07/11/2026,01:31:13,30.1,38.4
07/11/2026,01:36:13,30.0,38.4
07/11/2026,01:41:13,30.0,38.5
07/11/2026,01:46:13,30.0,38.5
07/11/2026,01:51:13,30.0,38.5
07/11/2026,01:56:13,30.0,38.6
07/11/2026,02:01:13,29.9,38.6
07/11/2026,02:06:13,29.9,38.7
07/11/2026,02:11:13,29.9,38.8
07/11/2026,02:16:13,29.9,38.8
07/11/2026,02:21:13,29.8,38.8
07/11/2026,02:26:13,29.8,38.9
07/11/2026,02:31:13,29.8,38.9
07/11/2026,02:36:13,29.8,38.9
07/11/2026,02:41:13,29.8,39.0
07/11/2026,02:46:13,29.7,39.0
07/11/2026,02:51:13,29.7,39.1
07/11/2026,02:56:13,29.7,39.1
07/11/2026,03:01:13,29.7,39.1
07/11/2026,03:06:13,29.7,39.2
07/11/2026,03:11:13,29.6,39.3
07/11/2026,03:16:13,29.6,39.3
07/11/2026,03:21:13,29.6,39.3
07/11/2026,03:26:13,29.6,39.4
07/11/2026,03:31:13,29.5,39.5
07/11/2026,03:36:13,29.5,39.4
07/11/2026,03:41:13,29.5,39.5
07/11/2026,03:46:13,29.5,39.6
07/11/2026,03:51:13,29.5,39.6
07/11/2026,03:56:13,29.4,39.6
07/11/2026,04:01:13,29.4,39.7
07/11/2026,04:06:13,29.4,39.7
07/11/2026,04:11:13,29.4,39.8
07/11/2026,04:16:13,29.3,39.8
07/11/2026,04:21:13,29.3,39.8
07/11/2026,04:26:13,29.3,39.9
07/11/2026,04:31:13,29.3,40.0
07/11/2026,04:36:13,29.3,39.9
07/11/2026,04:41:13,29.2,40.0
07/11/2026,04:46:13,29.2,40.0
07/11/2026,04:51:13,29.2,40.0
07/11/2026,04:56:13,29.2,40.1
07/11/2026,05:01:13,29.2,40.2
07/11/2026,05:06:13,29.1,40.2
07/11/2026,05:11:13,29.1,40.2
07/11/2026,05:16:13,29.1,40.3
07/11/2026,05:21:13,29.1,40.3
07/11/2026,05:26:13,29.1,40.3
07/11/2026,05:31:13,29.1,40.4
07/11/2026,05:36:13,29.1,40.4
07/11/2026,05:41:13,29.0,40.4
07/11/2026,05:46:13,29.0,40.5
07/11/2026,05:51:13,29.0,40.5
07/11/2026,05:56:13,29.0,40.6
07/11/2026,06:01:13,28.9,40.6
07/11/2026,06:06:13,28.9,40.7
07/11/2026,06:11:13,28.9,40.6
07/11/2026,06:16:13,28.9,40.7
07/11/2026,06:21:13,28.9,40.7
07/11/2026,06:26:13,28.9,40.8
07/11/2026,06:31:13,28.9,40.8
07/11/2026,06:36:13,28.9,40.8
07/11/2026,06:41:13,28.9,40.9
07/11/2026,06:46:13,28.9,40.9
07/11/2026,06:51:13,28.8,40.9
07/11/2026,06:56:13,28.9,41.0
07/11/2026,07:01:13,28.9,41.0
07/11/2026,07:06:13,28.8,41.0
07/11/2026,07:11:13,28.8,41.1
07/11/2026,07:16:13,28.8,41.0
07/11/2026,07:21:13,28.8,41.1
07/11/2026,07:26:13,28.8,41.1
07/11/2026,07:31:13,28.8,41.2
07/11/2026,07:36:13,28.8,41.2
07/11/2026,07:41:13,28.7,41.3
07/11/2026,07:46:13,28.8,41.4
07/11/2026,07:51:13,28.7,41.3
07/11/2026,07:56:13,28.7,41.4
07/11/2026,08:01:13,28.7,41.5
07/11/2026,08:06:13,28.6,41.6
07/11/2026,08:11:13,28.6,41.6
07/11/2026,08:16:13,28.6,41.7
07/11/2026,08:21:13,28.6,41.8
07/11/2026,08:26:13,28.6,41.9
07/11/2026,08:31:13,28.6,42.0
07/11/2026,08:36:13,28.6,42.1
07/11/2026,08:41:13,28.6,42.3
07/11/2026,08:46:13,28.6,42.4
07/11/2026,08:51:13,28.6,42.6
07/11/2026,08:56:13,28.6,42.8
07/11/2026,09:01:13,28.6,42.9
07/11/2026,09:06:13,28.6,43.3
07/11/2026,09:11:13,28.5,43.8
07/11/2026,09:16:13,28.5,44.2
07/11/2026,09:21:13,28.5,44.6
07/11/2026,09:26:13,28.5,44.8
07/11/2026,09:31:13,28.5,45.0
07/11/2026,09:36:13,28.5,44.9
07/11/2026,09:41:13,28.5,45.1
07/11/2026,09:46:13,28.5,45.0
07/11/2026,09:51:13,28.5,45.4
07/11/2026,09:56:13,28.5,45.6
07/11/2026,10:01:13,28.5,45.8
07/11/2026,10:06:13,28.5,46.0
07/11/2026,10:11:13,28.5,46.5
07/11/2026,10:16:13,28.5,46.4
07/11/2026,10:21:13,28.5,46.4
07/11/2026,10:26:13,28.5,46.6
07/11/2026,10:31:13,28.5,46.7
07/11/2026,10:36:13,28.5,46.8
07/11/2026,10:41:13,28.4,46.9
07/11/2026,10:46:13,28.4,47.0
07/11/2026,10:51:13,28.4,47.0
07/11/2026,10:56:13,28.4,47.0
07/11/2026,11:01:13,28.4,47.1
07/11/2026,11:06:13,28.4,47.1
07/11/2026,11:11:13,28.4,47.1
07/11/2026,11:16:13,28.4,47.1
07/11/2026,11:21:13,28.4,47.2
07/11/2026,11:26:13,28.4,47.1
07/11/2026,11:31:13,28.4,47.1
07/11/2026,11:36:13,28.4,47.2
07/11/2026,11:41:13,28.4,47.1
07/11/2026,11:46:13,28.4,47.0
07/11/2026,11:51:13,28.4,46.9
07/11/2026,11:56:13,28.4,46.9
07/11/2026,12:01:13,28.4,46.8
07/11/2026,12:06:13,28.4,46.8
07/11/2026,12:11:13,28.4,46.7
07/11/2026,12:16:13,28.4,46.5
07/11/2026,12:21:13,28.4,46.3
07/11/2026,12:26:13,28.4,46.2
07/11/2026,12:31:13,28.4,46.2
07/11/2026,12:36:13,28.4,46.2
07/11/2026,12:41:13,28.4,46.1
07/11/2026,12:46:13,28.4,46.3
07/11/2026,12:51:13,28.4,46.5
07/11/2026,12:56:13,28.4,46.4
07/11/2026,13:01:13,28.4,46.4
07/11/2026,13:06:13,28.4,46.4
07/11/2026,13:11:13,28.4,46.4
07/11/2026,13:16:13,28.4,46.4
07/11/2026,13:21:13,28.4,46.5
07/11/2026,13:26:13,28.4,46.4
07/11/2026,13:31:13,28.4,46.5
07/11/2026,13:36:13,28.4,46.3
07/11/2026,13:41:13,28.4,46.1
07/11/2026,13:46:13,28.4,46.0
07/11/2026,13:51:13,28.4,46.1
07/11/2026,13:56:13,28.4,46.0
07/11/2026,14:01:13,28.4,46.0
07/11/2026,14:06:13,28.4,45.9
07/11/2026,14:11:13,28.4,46.1
07/11/2026,14:16:13,28.4,46.0
07/11/2026,14:21:13,28.4,46.0
07/11/2026,14:26:13,28.4,45.9
07/11/2026,14:31:13,28.4,46.0
07/11/2026,14:36:13,28.4,45.9
07/11/2026,14:41:13,28.4,45.9
07/11/2026,14:46:13,28.4,46.0
07/11/2026,14:51:13,28.4,46.1
07/11/2026,14:56:13,28.5,46.1
07/11/2026,15:01:13,28.5,46.1
07/11/2026,15:06:13,28.5,46.2
07/11/2026,15:11:13,28.5,46.3
07/11/2026,15:16:13,28.5,46.3
07/11/2026,15:21:13,28.6,46.5
07/11/2026,15:26:13,28.6,46.6
07/11/2026,15:31:13,28.6,46.6
07/11/2026,15:36:13,28.6,46.6
07/11/2026,15:41:13,28.6,46.7
07/11/2026,15:46:13,28.6,46.7
07/11/2026,15:51:13,28.6,46.6
07/11/2026,15:56:13,28.6,46.7
07/11/2026,16:01:13,28.7,46.7
07/11/2026,16:06:13,28.7,46.7
07/11/2026,16:11:13,28.7,46.8
07/11/2026,16:16:13,28.7,46.7
07/11/2026,16:21:13,28.8,46.7
07/11/2026,16:26:13,28.7,46.7
07/11/2026,16:31:13,28.8,46.6
07/11/2026,16:36:13,28.8,46.6
07/11/2026,16:41:13,28.8,46.6
07/11/2026,16:46:13,28.8,46.6
07/11/2026,16:51:13,28.8,46.6
07/11/2026,16:56:13,28.8,46.5
07/11/2026,17:01:13,28.8,46.5
07/11/2026,17:06:13,28.8,46.5
07/11/2026,17:11:13,28.8,46.5
07/11/2026,17:16:13,28.8,46.4
07/11/2026,17:21:13,28.8,46.3
07/11/2026,17:26:13,28.8,46.3
07/11/2026,17:31:13,28.8,46.4
07/11/2026,17:36:13,28.9,46.3
07/11/2026,17:41:13,28.9,46.2
07/11/2026,17:46:13,28.8,46.2
07/11/2026,17:51:13,28.8,46.2
07/11/2026,17:56:13,28.9,46.4
07/11/2026,18:01:13,28.9,46.2
07/11/2026,18:06:13,28.9,46.4
07/11/2026,18:11:13,28.9,46.4
07/11/2026,18:16:13,28.9,46.4
07/11/2026,18:21:13,29.0,47.0
07/11/2026,18:26:13,29.0,47.0
07/11/2026,18:31:13,29.0,47.1
07/11/2026,18:36:13,29.1,47.7
07/11/2026,18:41:13,29.1,47.6
07/11/2026,18:46:13,29.1,47.5
07/11/2026,18:51:13,29.1,47.6
07/11/2026,18:56:13,29.2,47.3
07/11/2026,19:01:13,29.2,47.0
07/11/2026,19:06:13,29.2,46.8
07/11/2026,19:11:13,29.1,46.4
07/11/2026,19:16:13,29.1,46.2
07/11/2026,19:21:13,29.1,46.1
07/11/2026,19:26:13,29.0,46.1
07/11/2026,19:31:13,29.1,46.0
07/11/2026,19:36:13,29.0,46.2
07/11/2026,19:41:13,29.0,46.5
07/11/2026,19:46:13,29.0,46.2
07/11/2026,19:51:13,29.0,46.1
07/11/2026,19:56:13,29.0,46.2
07/11/2026,20:01:13,29.0,46.2
07/11/2026,20:06:13,29.0,46.4
07/11/2026,20:11:13,29.0,46.5
07/11/2026,20:16:13,29.0,46.2
07/11/2026,20:21:13,28.9,46.2
07/11/2026,20:26:13,28.9,46.1
07/11/2026,20:31:13,28.9,46.1
07/11/2026,20:36:13,28.9,46.2
07/11/2026,20:41:13,28.9,46.1
07/11/2026,20:46:13,28.9,46.1
07/11/2026,20:51:13,29.0,46.1
07/11/2026,20:56:13,28.9,46.0
07/11/2026,21:01:13,28.9,46.0
07/11/2026,21:06:13,28.9,46.0
07/11/2026,21:11:13,28.9,46.0
07/11/2026,21:16:13,28.9,46.0
07/11/2026,21:21:13,28.9,45.9
07/11/2026,21:26:13,28.9,45.8
07/11/2026,21:31:13,28.9,45.9
07/11/2026,21:36:13,28.9,45.8
07/11/2026,21:41:13,28.9,45.8
07/11/2026,21:46:13,28.9,45.7
07/11/2026,21:51:13,28.9,45.7
07/11/2026,21:56:13,28.8,45.6
07/11/2026,22:01:13,28.8,45.6
07/11/2026,22:06:13,28.8,45.6
07/11/2026,22:11:13,28.8,45.6
07/11/2026,22:16:13,28.8,45.6
07/11/2026,22:21:13,28.8,45.6
07/11/2026,22:26:13,28.7,45.6
07/11/2026,22:31:13,28.7,45.5
07/11/2026,22:36:13,28.7,45.5
07/11/2026,22:41:13,28.7,45.5
07/11/2026,22:46:13,28.7,45.5
07/11/2026,22:51:13,28.7,45.5
07/11/2026,22:56:13,28.6,45.5
07/11/2026,23:01:13,28.6,45.4
07/11/2026,23:06:13,28.6,45.4
07/11/2026,23:11:13,28.6,45.4
07/11/2026,23:16:13,28.5,45.4
07/11/2026,23:21:13,28.5,45.4
07/11/2026,23:26:13,28.5,45.4
07/11/2026,23:31:13,28.5,45.4
07/11/2026,23:36:13,28.4,45.4
07/11/2026,23:41:13,28.4,45.3
07/11/2026,23:46:13,28.4,45.4
07/11/2026,23:51:13,28.4,45.4
07/11/2026,23:56:13,28.4,45.4
07/12/2026,00:01:13,28.4,45.4
07/12/2026,00:06:13,28.3,45.3
07/12/2026,00:11:13,28.3,45.3
07/12/2026,00:16:13,28.3,45.3
07/12/2026,00:21:13,28.3,45.4
07/12/2026,00:26:13,28.2,45.3
07/12/2026,00:31:13,28.2,45.3
07/12/2026,00:36:13,28.2,45.4
07/12/2026,00:41:13,28.2,45.3
07/12/2026,00:46:13,28.2,45.3
07/12/2026,00:51:13,28.1,45.3
07/12/2026,00:56:13,28.1,45.3
07/12/2026,01:01:13,28.1,45.3
07/12/2026,01:06:13,28.1,45.3
07/12/2026,01:11:13,28.0,45.3
07/12/2026,01:16:13,28.0,45.4
07/12/2026,01:21:13,28.0,45.4
07/12/2026,01:26:13,28.0,45.3
07/12/2026,01:31:13,27.9,45.4
07/12/2026,01:36:13,27.9,45.4
07/12/2026,01:41:13,27.9,45.4
07/12/2026,01:46:13,27.9,45.4
07/12/2026,01:51:13,27.9,45.4
07/12/2026,01:56:13,27.8,45.4
07/12/2026,02:01:13,27.8,45.4
07/12/2026,02:06:13,27.8,45.4
07/12/2026,02:11:13,27.8,45.4
07/12/2026,02:16:13,27.8,45.4
07/12/2026,02:21:13,27.8,45.3
07/12/2026,02:26:13,27.7,45.4
07/12/2026,02:31:13,27.7,45.4
07/12/2026,02:36:13,27.7,45.4
07/12/2026,02:41:13,27.7,45.4
07/12/2026,02:46:13,27.7,45.4
07/12/2026,02:51:13,27.6,45.4
07/12/2026,02:56:13,27.6,45.4
07/12/2026,03:01:13,27.6,45.4
07/12/2026,03:06:13,27.6,45.4
07/12/2026,03:11:13,27.5,45.4
07/12/2026,03:16:13,27.5,45.4
07/12/2026,03:21:13,27.5,45.4
07/12/2026,03:26:13,27.5,45.4
07/12/2026,03:31:13,27.5,45.4
07/12/2026,03:36:13,27.4,45.4
07/12/2026,03:41:13,27.4,45.4
07/12/2026,03:46:13,27.4,45.4
07/12/2026,03:51:13,27.4,45.4
07/12/2026,03:56:13,27.4,45.4
07/12/2026,04:01:13,27.4,45.4
07/12/2026,04:06:13,27.4,45.5
07/12/2026,04:11:13,27.3,45.5
07/12/2026,04:16:13,27.3,45.4
07/12/2026,04:21:13,27.3,45.5
07/12/2026,04:26:13,27.3,45.4
07/12/2026,04:31:13,27.3,45.4
07/12/2026,04:36:13,27.3,45.5
07/12/2026,04:41:13,27.2,45.5
07/12/2026,04:46:13,27.2,45.5
07/12/2026,04:51:13,27.2,45.5
07/12/2026,04:56:13,27.2,45.5
07/12/2026,05:01:13,27.2,45.5
07/12/2026,05:06:13,27.1,45.5
07/12/2026,05:11:13,27.1,45.5
07/12/2026,05:16:13,27.1,45.5
07/12/2026,05:21:13,27.1,45.5
07/12/2026,05:26:13,27.1,45.5
07/12/2026,05:31:13,27.1,45.6
07/12/2026,05:36:13,27.1,45.6
07/12/2026,05:41:13,27.0,45.6
07/12/2026,05:46:13,27.1,45.7
07/12/2026,05:51:13,27.0,45.6
07/12/2026,05:56:13,27.0,45.6
07/12/2026,06:01:13,27.0,45.7
07/12/2026,06:06:13,27.0,45.6
07/12/2026,06:11:13,27.0,45.7
07/12/2026,06:16:13,26.9,45.6
07/12/2026,06:21:13,26.9,45.6
07/12/2026,06:26:13,26.9,45.7
07/12/2026,06:31:13,26.9,45.7
07/12/2026,06:36:13,26.9,45.7
07/12/2026,06:41:13,26.9,45.8
07/12/2026,06:46:13,26.9,45.8
07/12/2026,06:51:13,26.9,45.8
07/12/2026,06:56:13,26.8,45.8
07/12/2026,07:01:13,26.9,45.8
07/12/2026,07:06:13,26.8,45.8
07/12/2026,07:11:13,26.8,45.9
07/12/2026,07:16:13,26.8,45.8
07/12/2026,07:21:13,26.8,45.9
07/12/2026,07:26:13,26.8,45.9
07/12/2026,07:31:13,26.8,45.9
07/12/2026,07:36:13,26.8,45.9
07/12/2026,07:41:13,26.8,46.0
07/12/2026,07:46:13,26.8,46.0
07/12/2026,07:51:13,26.7,46.1
07/12/2026,07:56:13,26.8,46.3
07/12/2026,08:01:13,26.8,46.6
07/12/2026,08:06:13,26.7,47.0
07/12/2026,08:11:13,26.7,47.4
07/12/2026,08:16:13,26.7,47.7
07/12/2026,08:21:13,26.7,48.1
07/12/2026,08:26:13,26.7,48.5
07/12/2026,08:31:13,26.8,48.8
07/12/2026,08:36:13,26.8,49.0
07/12/2026,08:41:13,26.8,49.1
07/12/2026,08:46:13,26.8,49.2
07/12/2026,08:51:13,26.8,49.4
07/12/2026,08:56:13,26.8,49.4
07/12/2026,09:01:13,26.8,49.4
07/12/2026,09:06:13,26.8,49.3
07/12/2026,09:11:13,26.8,49.3
07/12/2026,09:16:13,26.8,49.3
07/12/2026,09:21:13,26.8,49.4
07/12/2026,09:26:13,26.8,49.6
07/12/2026,09:31:13,26.8,49.6
07/12/2026,09:36:13,26.8,49.7
07/12/2026,09:41:13,26.8,49.8
07/12/2026,09:46:13,26.8,49.9
07/12/2026,09:51:13,26.9,50.0
07/12/2026,09:56:13,26.9,50.0
07/12/2026,10:01:13,26.9,50.0
07/12/2026,10:06:13,26.9,50.1
07/12/2026,10:11:13,26.9,50.1
07/12/2026,10:16:13,27.0,50.2
07/12/2026,10:21:13,27.0,50.1
07/12/2026,10:26:13,27.0,50.2
07/12/2026,10:31:13,27.1,50.0
07/12/2026,10:36:13,27.1,49.8
07/12/2026,10:41:13,27.1,49.6
07/12/2026,10:46:13,27.1,49.6
07/12/2026,10:51:13,27.2,49.2
07/12/2026,10:56:13,27.1,49.1
07/12/2026,11:01:13,27.2,48.8
07/12/2026,11:06:13,27.2,48.7
07/12/2026,11:11:13,27.2,48.5
07/12/2026,11:16:13,27.2,48.3
07/12/2026,11:21:13,27.2,48.4
07/12/2026,11:26:13,27.3,48.5
07/12/2026,11:31:13,27.3,49.4
07/12/2026,11:36:13,27.4,50.5
07/12/2026,11:41:13,27.5,50.6
07/12/2026,11:46:13,27.6,50.5
07/12/2026,11:51:13,27.7,49.9
07/12/2026,11:56:13,27.8,49.7
07/12/2026,12:01:13,27.9,50.4
07/12/2026,12:06:13,28.0,50.1
07/12/2026,12:11:13,28.2,49.5
07/12/2026,12:16:13,28.2,49.8
07/12/2026,12:21:13,28.3,48.3
07/12/2026,12:26:13,28.3,47.9
07/12/2026,12:31:13,28.4,46.9
07/12/2026,12:36:13,28.4,46.2
07/12/2026,12:41:13,28.4,45.6
07/12/2026,12:46:13,28.4,45.1
07/12/2026,12:51:13,28.4,44.9
07/12/2026,12:56:13,28.4,44.9
07/12/2026,13:01:13,28.4,44.1
07/12/2026,13:06:13,28.4,44.0
07/12/2026,13:11:13,28.4,44.1
07/12/2026,13:16:13,28.3,43.8
07/12/2026,13:21:13,28.4,44.0
07/12/2026,13:26:13,28.3,44.0
07/12/2026,13:31:13,28.3,43.9
07/12/2026,13:36:13,28.3,43.7
07/12/2026,13:41:13,28.3,43.7
07/12/2026,13:46:13,28.3,43.2
07/12/2026,13:51:13,28.3,43.1
07/12/2026,13:56:13,28.3,42.9
07/12/2026,14:01:13,28.2,42.6
07/12/2026,14:06:13,28.2,42.0
07/12/2026,14:11:13,28.2,41.8
07/12/2026,14:16:13,28.2,41.7
07/12/2026,14:21:13,28.2,41.6
07/12/2026,14:26:13,28.1,41.5
07/12/2026,14:31:13,28.1,41.6
07/12/2026,14:36:13,28.1,41.4
07/12/2026,14:41:13,28.1,41.5
07/12/2026,14:46:13,28.1,41.5
07/12/2026,14:51:13,28.1,40.9
07/12/2026,14:56:13,28.1,40.9
07/12/2026,15:01:13,28.1,41.0
07/12/2026,15:06:13,28.1,40.9
07/12/2026,15:11:13,28.1,41.0
07/12/2026,15:16:13,28.1,40.9
07/12/2026,15:21:13,28.1,40.9
07/12/2026,15:26:13,28.1,40.6
07/12/2026,15:31:13,28.1,40.5
07/12/2026,15:36:13,28.1,40.6
07/12/2026,15:41:13,28.1,40.6
07/12/2026,15:46:13,28.1,40.7
07/12/2026,15:51:13,28.1,40.8
07/12/2026,15:56:13,28.1,40.7
07/12/2026,16:01:13,28.1,40.6
07/12/2026,16:06:13,28.1,40.5
07/12/2026,16:11:13,28.1,40.4
07/12/2026,16:16:13,28.1,40.3
07/12/2026,16:21:13,28.1,40.0
07/12/2026,16:26:13,28.1,40.1
07/12/2026,16:31:13,28.1,39.7
07/12/2026,16:36:13,28.1,39.7
07/12/2026,16:41:13,28.1,39.2
07/12/2026,16:46:13,28.1,39.0
07/12/2026,16:51:13,28.1,38.6
07/12/2026,16:56:13,28.1,38.3
07/12/2026,17:01:13,28.1,38.1
07/12/2026,17:06:13,28.1,37.7
07/12/2026,17:11:13,28.0,37.2
07/12/2026,17:16:13,28.0,36.9
07/12/2026,17:21:13,28.0,36.8
07/12/2026,17:26:13,28.0,36.6
07/12/2026,17:31:13,28.0,36.4
07/12/2026,17:36:13,28.0,36.0
07/12/2026,17:41:13,28.0,36.0
07/12/2026,17:46:13,28.0,35.9
07/12/2026,17:51:13,28.0,35.6
07/12/2026,17:56:13,28.0,35.3
07/12/2026,18:01:13,28.0,35.5
07/12/2026,18:06:13,28.0,35.6
07/12/2026,18:11:13,28.0,35.4
07/12/2026,18:16:13,27.9,35.5
07/12/2026,18:21:13,27.9,35.5
07/12/2026,18:26:13,27.9,35.5
07/12/2026,18:31:13,27.9,35.4
07/12/2026,18:36:13,27.9,35.3
07/12/2026,18:41:13,27.9,35.4
07/12/2026,18:46:13,27.9,35.3
07/12/2026,18:51:13,27.9,35.5
07/12/2026,18:56:13,27.8,35.6
07/12/2026,19:01:13,27.8,35.5
07/12/2026,19:06:13,27.8,35.7
07/12/2026,19:11:13,27.8,35.6
07/12/2026,19:16:13,27.8,35.7
07/12/2026,19:21:13,27.7,35.6
07/12/2026,19:26:13,27.7,35.6
07/12/2026,19:31:13,27.7,35.7
07/12/2026,19:36:13,27.7,35.7
07/12/2026,19:41:13,27.6,35.7
07/12/2026,19:46:13,27.6,35.8
07/12/2026,19:51:13,27.6,35.9
07/12/2026,19:56:13,27.6,35.9
07/12/2026,20:01:13,27.6,36.0
07/12/2026,20:06:13,27.6,36.2
07/12/2026,20:11:13,27.6,36.4
07/12/2026,20:16:13,27.5,36.5
07/12/2026,20:21:13,27.5,36.6
07/12/2026,20:26:13,27.5,36.8
07/12/2026,20:31:13,27.5,37.0
07/12/2026,20:36:13,27.4,37.1
07/12/2026,20:41:13,27.4,37.3
07/12/2026,20:46:13,27.4,37.4
07/12/2026,20:51:13,27.4,37.6
07/12/2026,20:56:13,27.4,37.6
07/12/2026,21:01:13,27.4,37.7
07/12/2026,21:06:13,27.3,37.9
07/12/2026,21:11:13,27.3,38.0
07/12/2026,21:16:13,27.3,38.1
07/12/2026,21:21:13,27.3,38.2
07/12/2026,21:26:13,27.3,38.3
07/12/2026,21:31:13,27.3,38.4
07/12/2026,21:36:13,27.2,38.4
07/12/2026,21:41:13,27.2,38.5
07/12/2026,21:46:13,27.2,38.5
07/12/2026,21:51:13,27.1,38.6
07/12/2026,21:56:13,27.1,38.6
07/12/2026,22:01:13,27.1,38.7
07/12/2026,22:06:13,27.1,38.7
07/12/2026,22:11:13,27.1,38.7
07/12/2026,22:16:13,27.1,38.8
07/12/2026,22:21:13,27.0,38.9
07/12/2026,22:26:13,27.0,38.9
07/12/2026,22:31:13,27.0,38.9
07/12/2026,22:36:13,27.0,39.0
07/12/2026,22:41:13,26.9,39.0
07/12/2026,22:46:13,26.9,39.0
07/12/2026,22:51:13,26.9,39.2
07/12/2026,22:56:13,26.8,39.3
07/12/2026,23:01:13,26.8,39.3
07/12/2026,23:06:13,26.8,39.5
07/12/2026,23:11:13,26.8,39.5
07/12/2026,23:16:13,26.7,39.7
07/12/2026,23:21:13,26.7,39.8
07/12/2026,23:26:13,26.7,40.0
07/12/2026,23:31:13,26.6,40.2
07/12/2026,23:36:13,26.6,40.4
07/12/2026,23:41:13,26.5,40.5
07/12/2026,23:46:13,26.5,40.7
07/12/2026,23:51:13,26.5,40.8
07/12/2026,23:56:13,26.5,40.9
07/13/2026,00:01:13,26.5,41.1
07/13/2026,00:06:13,26.4,41.2
07/13/2026,00:11:13,26.4,41.5
07/13/2026,00:16:13,26.4,41.6
07/13/2026,00:21:13,26.4,41.8
07/13/2026,00:26:13,26.3,41.8
07/13/2026,00:31:13,26.3,42.0
07/13/2026,00:36:13,26.3,42.2
07/13/2026,00:41:13,26.2,42.4
07/13/2026,00:46:13,26.2,42.5
07/13/2026,00:51:13,26.2,42.7
07/13/2026,00:56:13,26.1,42.8
07/13/2026,01:01:13,26.1,42.9
07/13/2026,01:06:13,26.1,43.0
07/13/2026,01:11:13,26.1,43.1
07/13/2026,01:16:13,26.0,43.3
07/13/2026,01:21:13,26.0,43.4
07/13/2026,01:26:13,26.0,43.4
07/13/2026,01:31:13,25.9,43.5
07/13/2026,01:36:13,25.9,43.6
07/13/2026,01:41:13,25.9,43.6
07/13/2026,01:46:13,25.8,43.7
07/13/2026,01:51:13,25.8,43.8
07/13/2026,01:56:13,25.8,43.8
07/13/2026,02:01:13,25.8,43.8
07/13/2026,02:06:13,25.7,43.9
07/13/2026,02:11:13,25.7,44.0
07/13/2026,02:16:13,25.7,44.0
07/13/2026,02:21:13,25.7,44.0
07/13/2026,02:26:13,25.6,44.0
07/13/2026,02:31:13,25.6,44.1
07/13/2026,02:36:13,25.6,44.1
07/13/2026,02:41:13,25.6,44.1
07/13/2026,02:46:13,25.5,44.1
07/13/2026,02:51:13,25.5,44.1
07/13/2026,02:56:13,25.5,44.1
07/13/2026,03:01:13,25.5,44.1
07/13/2026,03:06:13,25.4,44.1
07/13/2026,03:11:13,25.4,44.1
07/13/2026,03:16:13,25.3,44.1
07/13/2026,03:21:13,25.3,44.1
07/13/2026,03:26:13,25.3,44.1
07/13/2026,03:31:13,25.2,44.2
07/13/2026,03:36:13,25.2,44.2
07/13/2026,03:41:13,25.2,44.3
07/13/2026,03:46:13,25.1,44.3
07/13/2026,03:51:13,25.1,44.3
07/13/2026,03:56:13,25.1,44.4
07/13/2026,04:01:13,25.1,44.5
07/13/2026,04:06:13,25.0,44.6
07/13/2026,04:11:13,25.0,44.6
07/13/2026,04:16:13,25.0,44.8
07/13/2026,04:21:13,25.0,45.0
07/13/2026,04:26:13,25.0,45.1
07/13/2026,04:31:13,24.9,45.2
07/13/2026,04:36:13,24.9,45.3
07/13/2026,04:41:13,24.9,45.6
07/13/2026,04:46:13,24.9,45.7
07/13/2026,04:51:13,24.9,46.0
07/13/2026,04:56:13,24.9,46.2
07/13/2026,05:01:13,24.9,46.4
07/13/2026,05:06:13,24.9,46.4
07/13/2026,05:11:13,24.8,46.6
07/13/2026,05:16:13,24.8,46.7
07/13/2026,05:21:13,24.8,46.9
07/13/2026,05:26:13,24.8,47.1
07/13/2026,05:31:13,24.8,47.2
07/13/2026,05:36:13,24.8,47.3
07/13/2026,05:41:13,24.8,47.6
07/13/2026,05:46:13,24.8,47.8
07/13/2026,05:51:13,24.7,47.9
07/13/2026,05:56:13,24.7,47.9
07/13/2026,06:01:13,24.7,48.1
07/13/2026,06:06:13,24.7,48.2
07/13/2026,06:11:13,24.7,48.3
07/13/2026,06:16:13,24.7,48.4
07/13/2026,06:21:13,24.7,48.4
07/13/2026,06:26:13,24.6,48.5
07/13/2026,06:31:13,24.6,48.6
07/13/2026,06:36:13,24.6,48.7
07/13/2026,06:41:13,24.6,48.8
07/13/2026,06:46:13,24.6,48.9
07/13/2026,06:51:13,24.6,49.0
07/13/2026,06:56:13,24.6,49.0
07/13/2026,07:01:13,24.6,49.1
07/13/2026,07:06:13,24.6,49.2
07/13/2026,07:11:13,24.5,49.3
07/13/2026,07:16:13,24.5,49.4
07/13/2026,07:21:13,24.5,49.5
07/13/2026,07:26:13,24.5,49.6
07/13/2026,07:31:13,24.5,49.6
07/13/2026,07:36:13,24.5,49.7
07/13/2026,07:41:13,24.5,49.8
07/13/2026,07:46:13,24.5,49.9
07/13/2026,07:51:13,24.5,50.0
07/13/2026,07:56:13,24.5,50.1
07/13/2026,08:01:13,24.5,50.0
07/13/2026,08:06:13,24.5,50.1
07/13/2026,08:11:13,24.5,50.2
07/13/2026,08:16:13,24.5,50.2
07/13/2026,08:21:13,24.5,50.2
07/13/2026,08:26:13,24.5,50.2
07/13/2026,08:31:13,24.5,50.2
07/13/2026,08:36:13,24.6,50.1
07/13/2026,08:41:13,24.6,50.1
07/13/2026,08:46:13,24.6,50.1
07/13/2026,08:51:13,24.6,50.0
07/13/2026,08:56:13,24.6,49.9
07/13/2026,09:01:13,24.6,49.9
07/13/2026,09:06:13,24.6,49.9
07/13/2026,09:11:13,24.6,49.9
07/13/2026,09:16:13,24.6,49.8
07/13/2026,09:21:13,24.7,49.8
07/13/2026,09:26:13,24.6,49.8
07/13/2026,09:31:13,24.6,49.8
07/13/2026,09:36:13,24.7,49.8
07/13/2026,09:41:13,24.7,49.8
07/13/2026,09:46:13,24.7,49.8
07/13/2026,09:51:13,24.7,49.9
07/13/2026,09:56:13,24.7,49.9
07/13/2026,10:01:13,24.7,50.0
07/13/2026,10:06:13,24.7,50.0
07/13/2026,10:11:13,24.7,50.0
07/13/2026,10:16:13,24.7,50.0
07/13/2026,10:21:13,24.7,50.0
07/13/2026,10:26:13,24.7,50.0
07/13/2026,10:31:13,24.7,50.1
07/13/2026,10:36:13,24.7,50.1
07/13/2026,10:41:13,24.7,50.1
07/13/2026,10:46:13,24.7,50.0
07/13/2026,10:51:13,24.7,50.0
07/13/2026,10:56:13,24.7,50.0
07/13/2026,11:01:13,24.7,50.0
07/13/2026,11:06:13,24.7,50.0
07/13/2026,11:11:13,24.7,50.1
07/13/2026,11:16:13,24.7,50.0
07/13/2026,11:21:13,24.7,50.0
07/13/2026,11:26:13,24.7,50.1
07/13/2026,11:31:13,24.7,50.1
07/13/2026,11:36:13,24.7,50.1
07/13/2026,11:41:13,24.7,50.1
07/13/2026,11:46:13,24.7,50.1
07/13/2026,11:51:13,24.7,50.2
07/13/2026,11:56:13,24.7,50.2
07/13/2026,12:01:13,24.7,50.2
07/13/2026,12:06:13,24.7,50.3
07/13/2026,12:11:13,24.7,50.3
07/13/2026,12:16:13,24.7,50.3
07/13/2026,12:21:13,24.7,50.3
07/13/2026,12:26:13,24.8,50.3
07/13/2026,12:31:13,24.8,50.3
07/13/2026,12:36:13,24.7,50.3
07/13/2026,12:41:13,24.8,50.4
07/13/2026,12:46:13,24.8,50.4
07/13/2026,12:51:13,24.8,50.4
07/13/2026,12:56:13,24.8,50.4
07/13/2026,13:01:13,24.8,50.4
07/13/2026,13:06:13,24.8,50.5
07/13/2026,13:11:13,24.9,50.6
07/13/2026,13:16:13,24.9,50.5
07/13/2026,13:21:13,24.9,50.5
07/13/2026,13:26:13,24.9,50.5
07/13/2026,13:31:13,24.9,50.5
07/13/2026,13:36:13,24.9,50.4
07/13/2026,13:41:13,24.9,50.4
07/13/2026,13:46:13,24.9,50.3
07/13/2026,13:51:13,24.9,50.3
07/13/2026,13:56:13,24.9,50.3
07/13/2026,14:01:13,25.0,50.3
07/13/2026,14:06:13,25.0,50.3
07/13/2026,14:11:13,25.0,50.2
07/13/2026,14:16:13,25.0,50.1
07/13/2026,14:21:13,25.0,50.2
07/13/2026,14:26:13,25.1,50.1
07/13/2026,14:31:13,25.1,50.1
07/13/2026,14:36:13,25.1,50.0
07/13/2026,14:41:13,25.1,50.0
07/13/2026,14:46:13,25.1,50.1
07/13/2026,14:51:13,25.2,50.0
07/13/2026,14:56:13,25.2,49.9
07/13/2026,15:01:13,25.2,49.9
07/13/2026,15:06:13,25.2,49.9
07/13/2026,15:11:13,25.2,49.9
07/13/2026,15:16:13,25.2,49.9
07/13/2026,15:21:13,25.2,49.8
07/13/2026,15:26:13,25.3,49.9
07/13/2026,15:31:13,25.3,49.9
07/13/2026,15:36:13,25.4,49.9
07/13/2026,15:41:13,25.4,49.9
07/13/2026,15:46:13,25.4,50.0
07/13/2026,15:51:13,25.4,50.0
07/13/2026,15:56:13,25.5,50.0
07/13/2026,16:01:13,25.5,50.0
07/13/2026,16:06:13,25.5,50.0
07/13/2026,16:11:13,25.5,50.0
07/13/2026,16:16:13,25.5,50.1
07/13/2026,16:21:13,25.6,50.1
07/13/2026,16:26:13,25.6,50.2
07/13/2026,16:31:13,25.6,50.5
07/13/2026,16:36:13,25.6,50.3
07/13/2026,16:41:13,25.6,50.3
07/13/2026,16:46:13,25.6,50.4
07/13/2026,16:51:13,25.7,50.4
07/13/2026,16:56:13,25.7,50.5
07/13/2026,17:01:13,25.7,50.6
07/13/2026,17:06:13,25.7,50.7
07/13/2026,17:11:13,25.8,50.5
07/13/2026,17:16:13,25.7,50.5
07/13/2026,17:21:13,25.8,50.7
07/13/2026,17:26:13,25.8,50.8
07/13/2026,17:31:13,25.8,50.8
07/13/2026,17:36:13,25.8,50.9
07/13/2026,17:41:13,25.8,50.9
07/13/2026,17:46:13,25.8,50.8
07/13/2026,17:51:13,25.8,51.0
07/13/2026,17:56:13,25.9,51.0
07/13/2026,18:01:13,25.9,51.0
07/13/2026,18:06:13,25.9,51.0
07/13/2026,18:11:13,25.9,51.1
07/13/2026,18:16:13,25.9,51.2
07/13/2026,18:21:13,25.9,51.3
07/13/2026,18:26:13,25.9,51.3
07/13/2026,18:31:13,25.9,51.3
07/13/2026,18:36:13,25.9,51.4
07/13/2026,18:41:13,25.9,51.5
07/13/2026,18:46:13,25.9,51.5
07/13/2026,18:51:13,25.9,51.5
07/13/2026,18:56:13,25.9,51.5
07/13/2026,19:01:13,25.9,51.6
07/13/2026,19:06:13,25.9,51.6
07/13/2026,19:11:13,25.9,51.5
07/13/2026,19:16:13,25.9,51.5
07/13/2026,19:21:13,25.9,51.6
07/13/2026,19:26:13,25.9,51.5
07/13/2026,19:31:13,25.9,51.6
07/13/2026,19:36:13,25.9,51.5
07/13/2026,19:41:13,25.9,51.5
07/13/2026,19:46:13,25.9,51.4
07/13/2026,19:51:13,25.9,51.5
07/13/2026,19:56:13,25.9,51.5
07/13/2026,20:01:13,25.9,51.5
07/13/2026,20:06:13,25.9,51.5
07/13/2026,20:11:13,25.9,51.4
07/13/2026,20:16:13,25.9,51.5
07/13/2026,20:21:13,25.9,51.4
07/13/2026,20:26:13,25.9,51.3
07/13/2026,20:31:13,25.9,51.3
07/13/2026,20:36:13,25.9,51.3
07/13/2026,20:41:13,25.9,51.3
07/13/2026,20:46:13,25.9,51.3
07/13/2026,20:51:13,25.9,51.3
07/13/2026,20:56:13,25.9,51.3
07/13/2026,21:01:13,25.8,51.3
07/13/2026,21:06:13,25.9,51.3
07/13/2026,21:11:13,25.8,51.2
07/13/2026,21:16:13,25.8,51.2
07/13/2026,21:21:13,25.8,51.2
07/13/2026,21:26:13,25.8,51.2
07/13/2026,21:31:13,25.8,51.1
07/13/2026,21:36:13,25.8,51.1
07/13/2026,21:41:13,25.8,51.1
07/13/2026,21:46:13,25.7,51.2
07/13/2026,21:51:13,25.7,51.1
07/13/2026,21:56:13,25.7,51.1
07/13/2026,22:01:13,25.7,51.1
07/13/2026,22:06:13,25.7,51.1
07/13/2026,22:11:13,25.7,51.1
07/13/2026,22:16:13,25.7,51.1
07/13/2026,22:21:13,25.6,51.1
07/13/2026,22:26:13,25.6,51.2
07/13/2026,22:31:13,25.6,51.2
07/13/2026,22:36:13,25.6,51.2
07/13/2026,22:41:13,25.6,51.1
07/13/2026,22:46:13,25.5,51.2
07/13/2026,22:51:13,25.5,51.2
07/13/2026,22:56:13,25.5,51.2
07/13/2026,23:01:13,25.5,51.2
07/13/2026,23:06:13,25.5,51.2
07/13/2026,23:11:13,25.5,51.2
07/13/2026,23:16:13,25.4,51.2
07/13/2026,23:21:13,25.4,51.1
07/13/2026,23:26:13,25.4,51.2
07/13/2026,23:31:13,25.4,51.2
07/13/2026,23:36:13,25.3,51.2
07/13/2026,23:41:13,25.3,51.3
07/13/2026,23:46:13,25.3,51.3
07/13/2026,23:51:13,25.3,51.2
07/13/2026,23:56:13,25.3,51.2
07/14/2026,00:01:13,25.3,51.2
07/14/2026,00:06:13,25.2,51.2
07/14/2026,00:11:13,25.2,51.2
07/14/2026,00:16:13,25.2,51.2
07/14/2026,00:21:13,25.2,51.2
07/14/2026,00:26:13,25.1,51.2
07/14/2026,00:31:13,25.1,51.3
07/14/2026,00:36:13,25.1,51.3
07/14/2026,00:41:13,25.1,51.3
07/14/2026,00:46:13,25.0,51.3
07/14/2026,00:51:13,25.0,51.4
07/14/2026,00:56:13,25.0,51.3
07/14/2026,01:01:13,25.0,51.4
07/14/2026,01:06:13,25.0,51.4
07/14/2026,01:11:13,24.9,51.4
07/14/2026,01:16:13,24.9,51.5
07/14/2026,01:21:13,24.9,51.5
07/14/2026,01:26:13,24.9,51.5
07/14/2026,01:31:13,24.8,51.6
07/14/2026,01:36:13,24.8,51.6
07/14/2026,01:41:13,24.8,51.6
07/14/2026,01:46:13,24.8,51.6
07/14/2026,01:51:13,24.8,51.7
07/14/2026,01:56:13,24.7,51.7
07/14/2026,02:01:13,24.7,51.6
07/14/2026,02:06:13,24.7,51.7
07/14/2026,02:11:13,24.7,51.7
07/14/2026,02:16:13,24.7,51.7
07/14/2026,02:21:13,24.7,51.7
07/14/2026,02:26:13,24.6,51.7
07/14/2026,02:31:13,24.7,51.7
07/14/2026,02:36:13,24.7,51.7
07/14/2026,02:41:13,24.7,51.7
07/14/2026,02:46:13,24.6,51.7
07/14/2026,02:51:13,24.6,51.7
07/14/2026,02:56:13,24.6,51.7
07/14/2026,03:01:13,24.6,51.7
07/14/2026,03:06:13,24.5,51.8
07/14/2026,03:11:13,24.5,51.8
07/14/2026,03:16:13,24.5,51.8
07/14/2026,03:21:13,24.5,51.8
07/14/2026,03:26:13,24.5,51.8
07/14/2026,03:31:13,24.5,51.8
07/14/2026,03:36:13,24.5,51.8
07/14/2026,03:41:13,24.5,51.8
07/14/2026,03:46:13,24.5,51.8
07/14/2026,03:51:13,24.5,51.9
07/14/2026,03:56:13,24.4,51.9
07/14/2026,04:01:13,24.4,51.9
07/14/2026,04:06:13,24.4,51.9
07/14/2026,04:11:13,24.4,51.9
07/14/2026,04:16:13,24.4,52.0
07/14/2026,04:21:13,24.4,52.0
07/14/2026,04:26:13,24.4,52.0
07/14/2026,04:31:13,24.4,52.1
07/14/2026,04:36:13,24.4,52.1
07/14/2026,04:41:13,24.3,52.1
07/14/2026,04:46:13,24.3,52.2
07/14/2026,04:51:13,24.3,52.2
07/14/2026,04:56:13,24.3,52.2
07/14/2026,05:01:13,24.3,52.3
07/14/2026,05:06:13,24.3,52.3
07/14/2026,05:11:13,24.3,52.4
07/14/2026,05:16:13,24.3,52.4
07/14/2026,05:21:13,24.3,52.4
07/14/2026,05:26:13,24.3,52.5
07/14/2026,05:31:13,24.3,52.5
07/14/2026,05:36:13,24.2,52.5
07/14/2026,05:41:13,24.2,52.5
07/14/2026,05:46:13,24.2,52.6
07/14/2026,05:51:13,24.2,52.6
07/14/2026,05:56:13,24.2,52.6
07/14/2026,06:01:13,24.2,52.6
07/14/2026,06:06:13,24.2,52.7
07/14/2026,06:11:13,24.2,52.7
07/14/2026,06:16:13,24.2,52.7
07/14/2026,06:21:13,24.2,52.8
07/14/2026,06:26:13,24.2,52.8
07/14/2026,06:31:13,24.1,52.8
07/14/2026,06:36:13,24.1,52.9
07/14/2026,06:41:13,24.1,52.9
07/14/2026,06:46:13,24.1,52.9
07/14/2026,06:51:13,24.1,53.0
07/14/2026,06:56:13,24.1,53.0
07/14/2026,07:01:13,24.1,53.0
07/14/2026,07:06:13,24.1,53.1
07/14/2026,07:11:13,24.1,53.1
07/14/2026,07:16:13,24.1,53.1
07/14/2026,07:21:13,24.1,53.2
07/14/2026,07:26:13,24.0,53.2
07/14/2026,07:31:13,24.0,53.3
07/14/2026,07:36:13,24.0,53.3
07/14/2026,07:41:13,24.0,53.3
07/14/2026,07:46:13,24.0,53.4
07/14/2026,07:51:13,24.0,53.4
07/14/2026,07:56:13,24.0,53.5
07/14/2026,08:01:13,24.0,53.5
07/14/2026,08:06:13,24.0,53.6
07/14/2026,08:11:13,24.0,53.7
07/14/2026,08:16:13,24.0,53.7
07/14/2026,08:21:13,24.0,53.7
07/14/2026,08:26:13,24.0,53.7
07/14/2026,08:31:13,24.0,53.7
07/14/2026,08:36:13,24.0,53.9
07/14/2026,08:41:13,24.0,53.9
07/14/2026,08:46:13,24.0,53.9
07/14/2026,08:51:13,24.0,53.9
07/14/2026,08:56:13,24.0,54.0
07/14/2026,09:01:13,24.0,54.1
07/14/2026,09:06:13,24.0,54.2
07/14/2026,09:11:13,24.0,54.3
07/14/2026,09:16:13,23.9,54.3
07/14/2026,09:21:13,23.9,54.4
07/14/2026,09:26:13,23.9,54.5
07/14/2026,09:31:13,23.9,54.5
07/14/2026,09:36:13,23.9,54.6
07/14/2026,09:41:13,23.9,54.6
07/14/2026,09:46:13,23.9,54.6
07/14/2026,09:51:13,23.9,54.7
07/14/2026,09:56:13,23.9,54.7
07/14/2026,10:01:13,23.9,54.8
07/14/2026,10:06:13,23.9,54.8
07/14/2026,10:11:13,23.9,54.9
07/14/2026,10:16:13,23.9,55.0
07/14/2026,10:21:13,23.9,55.0
07/14/2026,10:26:13,23.9,55.1
07/14/2026,10:31:13,23.9,55.2
07/14/2026,10:36:13,23.9,55.1
07/14/2026,10:41:13,23.9,55.1
07/14/2026,10:46:13,23.8,55.2
07/14/2026,10:51:13,23.9,55.2
07/14/2026,10:56:13,23.9,55.3
07/14/2026,11:01:13,23.8,55.4
07/14/2026,11:06:13,23.8,55.4
07/14/2026,11:11:13,23.8,55.4
07/14/2026,11:16:13,23.8,55.4
07/14/2026,11:21:13,23.8,55.6
07/14/2026,11:26:13,23.8,55.6
07/14/2026,11:31:13,23.8,55.6
07/14/2026,11:36:13,23.9,55.7
07/14/2026,11:41:13,23.8,55.7
07/14/2026,11:46:13,23.8,55.7
07/14/2026,11:51:13,23.8,55.8
07/14/2026,11:56:13,23.8,55.8
07/14/2026,12:01:13,23.8,55.8
07/14/2026,12:06:13,23.8,55.9
07/14/2026,12:11:13,23.8,55.8
07/14/2026,12:16:13,23.8,56.0
07/14/2026,12:21:13,23.8,56.1
07/14/2026,12:26:13,23.8,56.1
07/14/2026,12:31:13,23.8,56.2
07/14/2026,12:36:13,23.9,56.3
07/14/2026,12:41:13,23.8,56.3
07/14/2026,12:46:13,23.8,56.3
07/14/2026,12:51:13,23.9,56.5
07/14/2026,12:56:13,23.9,56.7
07/14/2026,13:01:13,23.9,56.8
07/14/2026,13:06:13,23.9,57.0
07/14/2026,13:11:13,23.9,57.1
07/14/2026,13:16:13,24.0,57.1
07/14/2026,13:21:13,24.0,57.1
07/14/2026,13:26:13,24.0,57.1
07/14/2026,13:31:13,24.0,57.0
07/14/2026,13:36:13,24.0,57.2
07/14/2026,13:41:13,24.0,57.2
07/14/2026,13:46:13,24.1,57.0
07/14/2026,13:51:13,24.1,57.1
07/14/2026,13:56:13,24.1,57.0
07/14/2026,14:01:13,24.1,57.0
07/14/2026,14:06:13,24.1,57.1
07/14/2026,14:11:13,24.1,57.0
07/14/2026,14:16:13,24.2,57.1
07/14/2026,14:21:13,24.2,57.0
07/14/2026,14:26:13,24.2,57.0
07/14/2026,14:31:13,24.2,56.9
07/14/2026,14:36:13,24.3,57.0
07/14/2026,14:41:13,24.3,56.9
07/14/2026,14:46:13,24.3,56.9
07/14/2026,14:51:13,24.3,57.0
07/14/2026,14:56:13,24.3,57.0
07/14/2026,15:01:13,24.3,56.8
07/14/2026,15:06:13,24.4,56.9
07/14/2026,15:11:13,24.4,57.2
07/14/2026,15:16:13,24.4,57.2
07/14/2026,15:21:13,24.5,57.0
07/14/2026,15:26:13,24.5,57.3
07/14/2026,15:31:13,24.5,57.2
07/14/2026,15:36:13,24.5,57.1
07/14/2026,15:41:13,24.6,57.3
07/14/2026,15:46:13,24.6,57.3
07/14/2026,15:51:13,24.6,57.3
07/14/2026,15:56:13,24.6,57.1
07/14/2026,16:01:13,24.6,57.3
07/14/2026,16:06:13,24.7,57.2
07/14/2026,16:11:13,24.7,57.2
07/14/2026,16:16:13,24.7,57.2
07/14/2026,16:21:13,24.7,57.2
07/14/2026,16:26:13,24.8,57.2
07/14/2026,16:31:13,24.8,57.2
07/14/2026,16:36:13,24.8,57.0
07/14/2026,16:41:13,24.9,57.2
07/14/2026,16:46:13,24.9,57.1
07/14/2026,16:51:13,24.9,57.1
07/14/2026,16:56:13,24.9,56.9
07/14/2026,17:01:13,24.9,57.0
07/14/2026,17:06:13,25.0,56.9
07/14/2026,17:11:13,25.0,56.9
07/14/2026,17:16:13,25.0,56.9
07/14/2026,17:21:13,25.0,56.9
07/14/2026,17:26:13,25.0,56.8
07/14/2026,17:31:13,25.0,56.8
07/14/2026,17:36:13,25.0,56.7
07/14/2026,17:41:13,25.1,56.6
07/14/2026,17:46:13,25.1,56.5
07/14/2026,17:51:13,25.1,56.4
07/14/2026,17:56:13,25.1,56.2
07/14/2026,18:01:13,25.1,56.2
07/14/2026,18:06:13,25.1,56.2
07/14/2026,18:11:13,25.2,56.1
07/14/2026,18:16:13,25.1,56.0
07/14/2026,18:21:13,25.2,56.1
07/14/2026,18:26:13,25.2,55.9
07/14/2026,18:31:13,25.2,55.9
07/14/2026,18:36:13,25.2,55.8
07/14/2026,18:41:13,25.2,55.8
07/14/2026,18:46:13,25.2,55.7
07/14/2026,18:51:13,25.2,55.8
07/14/2026,18:56:13,25.2,55.7
07/14/2026,19:01:13,25.2,55.7
07/14/2026,19:06:13,25.2,55.6
07/14/2026,19:11:13,25.2,55.6
07/14/2026,19:16:13,25.2,55.5
07/14/2026,19:21:13,25.2,55.6
07/14/2026,19:26:13,25.2,55.6
07/14/2026,19:31:13,25.2,55.7
07/14/2026,19:36:13,25.2,55.6
07/14/2026,19:41:13,25.3,55.7
07/14/2026,19:46:13,25.2,55.7
07/14/2026,19:51:13,25.3,55.7
07/14/2026,19:56:13,25.2,55.7
07/14/2026,20:01:13,25.2,55.7
07/14/2026,20:06:13,25.2,55.7
07/14/2026,20:11:13,25.2,55.8
07/14/2026,20:16:13,25.2,55.7
07/14/2026,20:21:13,25.2,55.7
07/14/2026,20:26:13,25.2,55.7
07/14/2026,20:31:13,25.2,55.7
07/14/2026,20:36:13,25.2,55.6
07/14/2026,20:41:13,25.3,55.5
07/14/2026,20:46:13,25.3,55.4
07/14/2026,20:51:13,25.3,55.4
07/14/2026,20:56:13,25.2,55.4
07/14/2026,21:01:13,25.2,55.4
07/14/2026,21:06:13,25.2,55.3
07/14/2026,21:11:13,25.2,55.3
07/14/2026,21:16:13,25.2,55.3
07/14/2026,21:21:13,25.2,55.3
07/14/2026,21:26:13,25.2,55.3
07/14/2026,21:31:13,25.2,55.3
07/14/2026,21:36:13,25.2,55.3
07/14/2026,21:41:13,25.2,55.3
07/14/2026,21:46:13,25.2,55.3
07/14/2026,21:51:13,25.2,55.3
07/14/2026,21:56:13,25.2,55.2
07/14/2026,22:01:13,25.2,55.2
07/14/2026,22:06:13,25.2,55.3
07/14/2026,22:11:13,25.2,55.2
07/14/2026,22:16:13,25.2,55.2
07/14/2026,22:21:13,25.2,55.2
07/14/2026,22:26:13,25.2,55.2
07/14/2026,22:31:13,25.2,55.2
07/14/2026,22:36:13,25.2,55.3
07/14/2026,22:41:13,25.1,55.3
07/14/2026,22:46:13,25.1,55.2
07/14/2026,22:51:13,25.1,55.2
07/14/2026,22:56:13,25.1,55.2
07/14/2026,23:01:13,25.1,55.3
07/14/2026,23:06:13,25.1,55.3
07/14/2026,23:11:13,25.0,55.3
07/14/2026,23:16:13,25.0,55.3
07/14/2026,23:21:13,25.0,55.3
07/14/2026,23:26:13,25.0,55.3
07/14/2026,23:31:13,25.0,55.3
07/14/2026,23:36:13,25.0,55.3
07/14/2026,23:41:13,25.0,55.2
07/14/2026,23:46:13,24.9,55.2
07/14/2026,23:51:13,24.9,55.2
07/14/2026,23:56:13,24.9,55.2
07/15/2026,00:01:13,24.9,55.3
07/15/2026,00:06:13,24.9,55.2
07/15/2026,00:11:13,24.9,55.2
07/15/2026,00:16:13,24.9,55.2
07/15/2026,00:21:13,24.9,55.2
07/15/2026,00:26:13,24.8,55.2
07/15/2026,00:31:13,24.8,55.2
07/15/2026,00:36:13,24.8,55.2
07/15/2026,00:41:13,24.8,55.2
07/15/2026,00:46:13,24.7,55.1
07/15/2026,00:51:13,24.7,55.1
07/15/2026,00:56:13,24.7,55.1
07/15/2026,01:01:13,24.7,55.1
07/15/2026,01:06:13,24.7,55.1
07/15/2026,01:11:13,24.7,55.1
07/15/2026,01:16:13,24.7,55.1
07/15/2026,01:21:13,24.7,55.1
07/15/2026,01:26:13,24.6,55.0
07/15/2026,01:31:13,24.6,55.0
07/15/2026,01:36:13,24.6,55.0
07/15/2026,01:41:13,24.6,55.0
07/15/2026,01:46:13,24.6,55.0
07/15/2026,01:51:13,24.5,55.0
07/15/2026,01:56:13,24.5,55.0
07/15/2026,02:01:13,24.5,55.0
07/15/2026,02:06:13,24.5,55.0
07/15/2026,02:11:13,24.5,54.9
07/15/2026,02:16:13,24.5,55.0
07/15/2026,02:21:13,24.4,54.9
07/15/2026,02:26:13,24.4,54.9
07/15/2026,02:31:13,24.4,54.9
07/15/2026,02:36:13,24.4,54.9
07/15/2026,02:41:13,24.4,54.9
07/15/2026,02:46:13,24.4,54.9
07/15/2026,02:51:13,24.3,54.9
07/15/2026,02:56:13,24.3,54.9
07/15/2026,03:01:13,24.3,54.9
07/15/2026,03:06:13,24.3,54.9
07/15/2026,03:11:13,24.3,54.9
07/15/2026,03:16:13,24.3,54.9
07/15/2026,03:21:13,24.2,54.9
07/15/2026,03:26:13,24.2,54.9
07/15/2026,03:31:13,24.2,54.9
07/15/2026,03:36:13,24.2,54.9
07/15/2026,03:41:13,24.2,55.0
07/15/2026,03:46:13,24.2,54.9
07/15/2026,03:51:13,24.2,55.0
07/15/2026,03:56:13,24.2,54.9
07/15/2026,04:01:13,24.2,54.9
07/15/2026,04:06:13,24.2,54.9
07/15/2026,04:11:13,24.1,54.9
07/15/2026,04:16:13,24.1,54.9
07/15/2026,04:21:13,24.1,54.9
07/15/2026,04:26:13,24.1,54.9
07/15/2026,04:31:13,24.1,54.9
07/15/2026,04:36:13,24.1,55.0
07/15/2026,04:41:13,24.1,54.9
07/15/2026,04:46:13,24.1,54.9
07/15/2026,04:51:13,24.1,55.0
07/15/2026,04:56:13,24.0,54.9
07/15/2026,05:01:13,24.0,54.9
07/15/2026,05:06:13,24.0,55.0
07/15/2026,05:11:13,24.0,54.9
07/15/2026,05:16:13,24.0,54.9
07/15/2026,05:21:13,24.0,54.9
07/15/2026,05:26:13,24.0,54.9
07/15/2026,05:31:13,24.0,54.9
07/15/2026,05:36:13,24.0,55.0
07/15/2026,05:41:13,24.0,54.9
07/15/2026,05:46:13,24.0,54.9
07/15/2026,05:51:13,24.0,55.0
07/15/2026,05:56:13,23.9,54.9
07/15/2026,06:01:13,24.0,54.9
07/15/2026,06:06:13,23.9,55.0
07/15/2026,06:11:13,23.9,55.0
07/15/2026,06:16:13,23.9,55.0
07/15/2026,06:21:13,23.9,55.0
07/15/2026,06:26:13,23.9,55.0
07/15/2026,06:31:13,23.9,55.0
07/15/2026,06:36:13,23.9,55.0
07/15/2026,06:41:13,23.9,55.0
07/15/2026,06:46:13,23.9,55.0
07/15/2026,06:51:13,23.9,55.0
07/15/2026,06:56:13,23.9,55.0
07/15/2026,07:01:13,23.9,55.0
07/15/2026,07:06:13,23.9,55.1
07/15/2026,07:11:13,23.9,55.1
07/15/2026,07:16:13,23.9,55.1
07/15/2026,07:21:13,23.8,55.1
07/15/2026,07:26:13,23.8,55.1
07/15/2026,07:31:13,23.8,55.1
07/15/2026,07:36:13,23.8,55.1
07/15/2026,07:41:13,23.8,55.2
07/15/2026,07:46:13,23.8,55.2
07/15/2026,07:51:13,23.8,55.1
07/15/2026,07:56:13,23.8,55.1
07/15/2026,08:01:13,23.8,55.2
07/15/2026,08:06:13,23.8,55.2
07/15/2026,08:11:13,23.8,55.2
07/15/2026,08:16:13,23.8,55.2
07/15/2026,08:21:13,23.8,55.2
07/15/2026,08:26:13,23.8,55.3
07/15/2026,08:31:13,23.8,55.3
07/15/2026,08:36:13,23.8,55.3
07/15/2026,08:41:13,23.8,55.2
07/15/2026,08:46:13,23.7,55.2
07/15/2026,08:51:13,23.7,55.3
07/15/2026,08:56:13,23.7,55.3
07/15/2026,09:01:13,23.7,55.3
07/15/2026,09:06:13,23.7,55.3
07/15/2026,09:11:13,23.7,55.3
07/15/2026,09:16:13,23.8,55.3
07/15/2026,09:21:13,23.8,55.4
07/15/2026,09:26:13,23.7,55.4
07/15/2026,09:31:13,23.7,55.4
07/15/2026,09:36:13,23.7,55.4
07/15/2026,09:41:13,23.7,55.3
07/15/2026,09:46:13,23.7,55.4
07/15/2026,09:51:13,23.8,55.5
07/15/2026,09:56:13,23.8,55.5
07/15/2026,10:01:13,23.8,55.5
07/15/2026,10:06:13,23.8,55.5
07/15/2026,10:11:13,23.8,55.5
07/15/2026,10:16:13,23.8,55.7
07/15/2026,10:21:13,23.8,55.7
07/15/2026,10:26:13,23.8,55.7
07/15/2026,10:31:13,23.8,55.7
07/15/2026,10:36:13,23.8,55.8
07/15/2026,10:41:13,23.8,55.8
07/15/2026,10:46:13,23.8,55.8
07/15/2026,10:51:13,23.8,55.8
07/15/2026,10:56:13,23.8,55.8
07/15/2026,11:01:13,23.8,55.7
07/15/2026,11:06:13,23.8,55.7
07/15/2026,11:11:13,23.8,55.7
07/15/2026,11:16:13,23.8,55.7
07/15/2026,11:21:13,23.8,55.7
07/15/2026,11:26:13,23.8,55.7
07/15/2026,11:31:13,23.9,55.7
07/15/2026,11:36:13,23.9,55.7
07/15/2026,11:41:13,23.9,55.7
07/15/2026,11:46:13,23.9,55.6
07/15/2026,11:51:13,23.9,55.6
07/15/2026,11:56:13,23.9,55.6
07/15/2026,12:01:13,24.0,55.5
07/15/2026,12:06:13,24.0,55.5
07/15/2026,12:11:13,24.0,55.4
07/15/2026,12:16:13,24.0,55.4
07/15/2026,12:21:13,24.0,55.5
07/15/2026,12:26:13,24.0,55.5
07/15/2026,12:31:13,24.0,55.5
07/15/2026,12:36:13,24.1,55.4
07/15/2026,12:41:13,24.1,55.4
07/15/2026,12:46:13,24.1,55.4
07/15/2026,12:51:13,24.1,55.4
07/15/2026,12:56:13,24.1,55.3
07/15/2026,13:01:13,24.2,55.3
07/15/2026,13:06:13,24.1,55.3
07/15/2026,13:11:13,24.2,55.2
07/15/2026,13:16:13,24.2,55.2
07/15/2026,13:21:13,24.2,55.1
07/15/2026,13:26:13,24.2,55.1
07/15/2026,13:31:13,24.2,55.1
07/15/2026,13:36:13,24.2,55.0
07/15/2026,13:41:13,24.3,55.0
07/15/2026,13:46:13,24.3,54.9
07/15/2026,13:51:13,24.3,54.9
07/15/2026,13:56:13,24.3,54.8
07/15/2026,14:01:13,24.3,54.9
07/15/2026,14:06:13,24.3,54.8
07/15/2026,14:11:13,24.3,54.8
07/15/2026,14:16:13,24.4,54.8
07/15/2026,14:21:13,24.4,54.8
07/15/2026,14:26:13,24.4,54.8
07/15/2026,14:31:13,24.4,54.8
07/15/2026,14:36:13,24.4,54.9
07/15/2026,14:41:13,24.5,54.9
07/15/2026,14:46:13,24.5,54.9
07/15/2026,14:51:13,24.5,54.9
07/15/2026,14:56:13,24.5,54.9
07/15/2026,15:01:13,24.5,54.8
07/15/2026,15:06:13,24.6,54.8
07/15/2026,15:11:13,24.6,54.8
07/15/2026,15:16:13,24.6,54.8
07/15/2026,15:21:13,24.7,54.8
07/15/2026,15:26:13,24.7,54.7
07/15/2026,15:31:13,24.7,54.8
07/15/2026,15:36:13,24.7,54.7
07/15/2026,15:41:13,24.8,54.6
07/15/2026,15:46:13,24.8,54.6
07/15/2026,15:51:13,24.8,54.6
07/15/2026,15:56:13,24.8,54.5
07/15/2026,16:01:13,24.9,54.4
07/15/2026,16:06:13,24.9,54.4
07/15/2026,16:11:13,24.9,54.4
07/15/2026,16:16:13,24.9,54.3
07/15/2026,16:21:13,24.9,54.3
07/15/2026,16:26:13,25.0,54.2
07/15/2026,16:31:13,25.0,54.2
07/15/2026,16:36:13,25.0,54.1
07/15/2026,16:41:13,25.0,54.1
07/15/2026,16:46:13,25.0,54.0
07/15/2026,16:51:13,25.0,54.0
07/15/2026,16:56:13,25.1,54.0
07/15/2026,17:01:13,25.1,53.9
07/15/2026,17:06:13,25.1,53.9
07/15/2026,17:11:13,25.1,53.8
07/15/2026,17:16:13,25.2,53.7
07/15/2026,17:21:13,25.2,53.7
07/15/2026,17:26:13,25.2,53.7
07/15/2026,17:31:13,25.2,53.6
07/15/2026,17:36:13,25.2,53.6
07/15/2026,17:41:13,25.2,53.5
07/15/2026,17:46:13,25.2,53.5
07/15/2026,17:51:13,25.2,53.5
07/15/2026,17:56:13,25.2,53.5
07/15/2026,18:01:13,25.3,53.4
07/15/2026,18:06:13,25.3,53.4
07/15/2026,18:11:13,25.3,53.3
07/15/2026,18:16:13,25.3,53.3
07/15/2026,18:21:13,25.3,53.2
07/15/2026,18:26:13,25.3,53.2
07/15/2026,18:31:13,25.3,53.1
07/15/2026,18:36:13,25.4,53.1
07/15/2026,18:41:13,25.3,53.1
07/15/2026,18:46:13,25.4,53.1
07/15/2026,18:51:13,25.4,53.0
07/15/2026,18:56:13,25.4,53.0
07/15/2026,19:01:13,25.4,53.0
07/15/2026,19:06:13,25.4,52.9
07/15/2026,19:11:13,25.4,52.9
07/15/2026,19:16:13,25.4,52.9
07/15/2026,19:21:13,25.4,52.9
07/15/2026,19:26:13,25.4,52.9
07/15/2026,19:31:13,25.4,52.9
07/15/2026,19:36:13,25.4,52.9
07/15/2026,19:41:13,25.4,52.9
07/15/2026,19:46:13,25.5,53.0
07/15/2026,19:51:13,25.5,53.0
07/15/2026,19:56:13,25.5,52.9
07/15/2026,20:01:13,25.5,52.9
07/15/2026,20:06:13,25.5,52.9
07/15/2026,20:11:13,25.5,53.0
07/15/2026,20:16:13,25.5,52.9
07/15/2026,20:21:13,25.5,52.9
07/15/2026,20:26:13,25.5,52.9
07/15/2026,20:31:13,25.5,52.8
07/15/2026,20:36:13,25.5,52.8
07/15/2026,20:41:13,25.5,52.7
07/15/2026,20:46:13,25.5,52.6
07/15/2026,20:51:13,25.5,52.6
07/15/2026,20:56:13,25.5,52.7
07/15/2026,21:01:13,25.5,52.6
07/15/2026,21:06:13,25.5,52.6
07/15/2026,21:11:13,25.5,52.6
07/15/2026,21:16:13,25.6,52.6
07/15/2026,21:21:13,25.5,52.5
07/15/2026,21:26:13,25.5,52.5
07/15/2026,21:31:13,25.5,52.5
07/15/2026,21:36:13,25.5,52.5
07/15/2026,21:41:13,25.6,52.5
07/15/2026,21:46:13,25.5,52.5
07/15/2026,21:51:13,25.5,52.4
07/15/2026,21:56:13,25.5,52.4
07/15/2026,22:01:13,25.5,52.4
07/15/2026,22:06:13,25.5,52.3
07/15/2026,22:11:13,25.5,52.3
07/15/2026,22:16:13,25.5,52.3
07/15/2026,22:21:13,25.5,52.4
07/15/2026,22:26:13,25.5,52.3
07/15/2026,22:31:13,25.5,52.3
07/15/2026,22:36:13,25.4,52.3
07/15/2026,22:41:13,25.5,52.2
07/15/2026,22:46:13,25.4,52.2
07/15/2026,22:51:13,25.4,52.2
07/15/2026,22:56:13,25.4,52.2
07/15/2026,23:01:13,25.4,52.2
07/15/2026,23:06:13,25.4,52.2
07/15/2026,23:11:13,25.4,52.2
07/15/2026,23:16:13,25.4,52.2
07/15/2026,23:21:13,25.3,52.2
07/15/2026,23:26:13,25.3,52.2
07/15/2026,23:31:13,25.3,52.2
07/15/2026,23:36:13,25.3,52.2
07/15/2026,23:41:13,25.3,52.2
07/15/2026,23:46:13,25.2,52.2
07/15/2026,23:51:13,25.2,52.2
07/15/2026,23:56:13,25.2,52.2
07/16/2026,00:01:13,25.2,52.2
07/16/2026,00:06:13,25.2,52.2
07/16/2026,00:11:13,25.2,52.2
07/16/2026,00:16:13,25.2,52.2
07/16/2026,00:21:13,25.2,52.2
07/16/2026,00:26:13,25.1,52.2
07/16/2026,00:31:13,25.1,52.1
07/16/2026,00:36:13,25.1,52.2
07/16/2026,00:41:13,25.0,52.2
07/16/2026,00:46:13,25.1,52.2
07/16/2026,00:51:13,25.0,52.2
07/16/2026,00:56:13,25.0,52.2
07/16/2026,01:01:13,25.0,52.2
07/16/2026,01:06:13,25.0,52.2
07/16/2026,01:11:13,24.9,52.2
07/16/2026,01:16:13,24.9,52.2
07/16/2026,01:21:13,24.9,52.2
07/16/2026,01:26:13,24.9,52.2
07/16/2026,01:31:13,24.9,52.2
07/16/2026,01:36:13,24.8,52.2
07/16/2026,01:41:13,24.8,52.2
07/16/2026,01:46:13,24.8,52.2
07/16/2026,01:51:13,24.8,52.2
07/16/2026,01:56:13,24.8,52.2
07/16/2026,02:01:13,24.8,52.2
07/16/2026,02:06:13,24.7,52.2
07/16/2026,02:11:13,24.7,52.2
07/16/2026,02:16:13,24.7,52.2
07/16/2026,02:21:13,24.7,52.2
07/16/2026,02:26:13,24.7,52.2
07/16/2026,02:31:13,24.6,52.2
07/16/2026,02:36:13,24.6,52.2
07/16/2026,02:41:13,24.6,52.2
07/16/2026,02:46:13,24.6,52.2
07/16/2026,02:51:13,24.6,52.2
07/16/2026,02:56:13,24.5,52.2
07/16/2026,03:01:13,24.5,52.2
07/16/2026,03:06:13,24.5,52.2
07/16/2026,03:11:13,24.5,52.2
07/16/2026,03:16:13,24.5,52.2
07/16/2026,03:21:13,24.5,52.2
07/16/2026,03:26:13,24.5,52.2
07/16/2026,03:31:13,24.5,52.1
07/16/2026,03:36:13,24.4,52.1
07/16/2026,03:41:13,24.4,52.2
07/16/2026,03:46:13,24.4,52.2
07/16/2026,03:51:13,24.4,52.2
07/16/2026,03:56:13,24.4,52.2
07/16/2026,04:01:13,24.3,52.2
07/16/2026,04:06:13,24.4,52.2
07/16/2026,04:11:13,24.3,52.2
07/16/2026,04:16:13,24.3,52.2
07/16/2026,04:21:13,24.3,52.2
07/16/2026,04:26:13,24.3,52.2
07/16/2026,04:31:13,24.3,52.3
07/16/2026,04:36:13,24.3,52.2
07/16/2026,04:41:13,24.3,52.2
07/16/2026,04:46:13,24.2,52.3
07/16/2026,04:51:13,24.3,52.3
07/16/2026,04:56:13,24.2,52.3
07/16/2026,05:01:13,24.2,52.3
07/16/2026,05:06:13,24.2,52.3
07/16/2026,05:11:13,24.2,52.4
07/16/2026,05:16:13,24.2,52.4
07/16/2026,05:21:13,24.2,52.4
07/16/2026,05:26:13,24.1,52.3
07/16/2026,05:31:13,24.2,52.4
07/16/2026,05:36:13,24.1,52.4
07/16/2026,05:41:13,24.1,52.4
07/16/2026,05:46:13,24.1,52.4
07/16/2026,05:51:13,24.1,52.4
07/16/2026,05:56:13,24.1,52.4
07/16/2026,06:01:13,24.1,52.5
07/16/2026,06:06:13,24.1,52.5
07/16/2026,06:11:13,24.1,52.5
07/16/2026,06:16:13,24.1,52.5
07/16/2026,06:21:13,24.1,52.5
07/16/2026,06:26:13,24.1,52.5
07/16/2026,06:31:13,24.1,52.5
07/16/2026,06:36:13,24.0,52.6
07/16/2026,06:41:13,24.1,52.5
07/16/2026,06:46:13,24.0,52.6
07/16/2026,06:51:13,24.0,52.5
07/16/2026,06:56:13,24.0,52.6
07/16/2026,07:01:13,24.0,52.6
07/16/2026,07:06:13,24.0,52.5
07/16/2026,07:11:13,24.0,52.6
07/16/2026,07:16:13,24.0,52.6
07/16/2026,07:21:13,24.0,52.5
07/16/2026,07:26:13,24.0,52.6
07/16/2026,07:31:13,24.0,52.6
07/16/2026,07:36:13,24.0,52.6
07/16/2026,07:41:13,24.0,52.7
07/16/2026,07:46:13,24.0,52.6
07/16/2026,07:51:13,24.0,52.6
07/16/2026,07:56:13,24.0,52.7
07/16/2026,08:01:13,23.9,52.7
07/16/2026,08:06:13,23.9,52.7
07/16/2026,08:11:13,23.9,52.7
07/16/2026,08:16:13,24.0,52.7
07/16/2026,08:21:13,23.9,52.7
07/16/2026,08:26:13,23.9,52.8
07/16/2026,08:31:13,24.0,52.8
07/16/2026,08:36:13,24.0,52.8
07/16/2026,08:41:13,24.0,52.8
07/16/2026,08:46:13,23.9,52.8
07/16/2026,08:51:13,24.0,52.8
07/16/2026,08:56:13,24.0,52.9
07/16/2026,09:01:13,24.0,52.9
07/16/2026,09:06:13,24.0,52.9
07/16/2026,09:11:13,24.0,53.0
07/16/2026,09:16:13,24.0,53.1
07/16/2026,09:21:13,24.0,53.2
07/16/2026,09:26:13,24.0,53.2
07/16/2026,09:31:13,24.0,53.2
07/16/2026,09:36:13,24.1,53.3
07/16/2026,09:41:13,24.1,53.4
07/16/2026,09:46:13,24.1,53.6
07/16/2026,09:51:13,24.2,53.6
07/16/2026,09:56:13,24.2,53.8
07/16/2026,10:01:13,24.2,53.8
07/16/2026,10:06:13,24.2,53.9
07/16/2026,10:11:13,24.2,54.0
07/16/2026,10:16:13,24.3,53.9
07/16/2026,10:21:13,24.3,53.9
07/16/2026,10:26:13,24.3,53.8
07/16/2026,10:31:13,24.3,53.7
07/16/2026,10:36:13,24.4,53.8
07/16/2026,10:41:13,24.4,53.6
07/16/2026,10:46:13,24.4,53.6
07/16/2026,10:51:13,24.4,53.6
07/16/2026,10:56:13,24.5,53.6
07/16/2026,11:01:13,24.5,53.6
07/16/2026,11:06:13,24.5,53.5
07/16/2026,11:11:13,24.5,53.4
07/16/2026,11:16:13,24.5,53.4
07/16/2026,11:21:13,24.5,53.4
07/16/2026,11:26:13,24.6,53.4
07/16/2026,11:31:13,24.6,53.3
07/16/2026,11:36:13,24.6,53.3
07/16/2026,11:41:13,24.6,53.2
07/16/2026,11:46:13,24.6,53.2
07/16/2026,11:51:13,24.7,53.2
07/16/2026,11:56:13,24.7,53.1
07/16/2026,12:01:13,24.7,53.0
07/16/2026,12:06:13,24.7,53.0
07/16/2026,12:11:13,24.7,53.0
07/16/2026,12:16:13,24.7,52.9
07/16/2026,12:21:13,24.8,52.8
07/16/2026,12:26:13,24.8,52.8
07/16/2026,12:31:13,24.8,52.7
07/16/2026,12:36:13,24.8,52.6
07/16/2026,12:41:13,24.8,52.6
07/16/2026,12:46:13,24.8,52.5
07/16/2026,12:51:13,24.8,52.6
07/16/2026,12:56:13,24.9,52.4
07/16/2026,13:01:13,24.9,52.3
07/16/2026,13:06:13,24.9,52.1
07/16/2026,13:11:13,24.9,52.1
07/16/2026,13:16:13,25.0,52.1
07/16/2026,13:21:13,25.0,52.0
07/16/2026,13:26:13,25.0,52.0
07/16/2026,13:31:13,25.0,51.8
07/16/2026,13:36:13,25.1,51.9
07/16/2026,13:41:13,25.1,51.9
07/16/2026,13:46:13,25.1,51.8
07/16/2026,13:51:13,25.1,51.7
07/16/2026,13:56:13,25.1,51.6
07/16/2026,14:01:13,25.2,51.6
07/16/2026,14:06:13,25.2,51.5
07/16/2026,14:11:13,25.2,51.4
07/16/2026,14:16:13,25.2,51.1
07/16/2026,14:21:13,25.3,51.2
07/16/2026,14:26:13,25.3,51.0
07/16/2026,14:31:13,25.3,50.8
07/16/2026,14:36:13,25.3,50.8
07/16/2026,14:41:13,25.3,50.5
07/16/2026,14:46:13,25.4,50.4
07/16/2026,14:51:13,25.4,50.4
07/16/2026,14:56:13,25.4,50.2
07/16/2026,15:01:13,25.4,50.0
07/16/2026,15:06:13,25.5,49.9
07/16/2026,15:11:13,25.5,49.7
07/16/2026,15:16:13,25.5,49.6
07/16/2026,15:21:13,25.5,49.5
07/16/2026,15:26:13,25.5,49.6
07/16/2026,15:31:13,25.5,49.4
07/16/2026,15:36:13,25.6,49.4
07/16/2026,15:41:13,25.6,49.3
07/16/2026,15:46:13,25.6,49.2
07/16/2026,15:51:13,25.6,49.1
07/16/2026,15:56:13,25.7,49.1
07/16/2026,16:01:13,25.7,49.1
07/16/2026,16:06:13,25.7,48.7
07/16/2026,16:11:13,25.7,48.6
07/16/2026,16:16:13,25.7,48.5
07/16/2026,16:21:13,25.8,48.4
07/16/2026,16:26:13,25.8,48.6
07/16/2026,16:31:13,25.8,48.6
07/16/2026,16:36:13,25.8,48.5
07/16/2026,16:41:13,25.8,48.4
07/16/2026,16:46:13,25.8,48.1
07/16/2026,16:51:13,25.9,48.2
07/16/2026,16:56:13,25.9,48.1
07/16/2026,17:01:13,25.9,48.0
07/16/2026,17:06:13,25.9,47.9
07/16/2026,17:11:13,25.9,47.8
07/16/2026,17:16:13,25.9,47.7
07/16/2026,17:21:13,25.9,47.6
07/16/2026,17:26:13,25.9,47.6
07/16/2026,17:31:13,25.9,47.4
07/16/2026,17:36:13,25.9,47.3
07/16/2026,17:41:13,25.9,47.4
07/16/2026,17:46:13,25.9,47.1
07/16/2026,17:51:13,26.0,47.1
07/16/2026,17:56:13,26.0,47.1
07/16/2026,18:01:13,26.0,46.9
07/16/2026,18:06:13,26.0,46.9
07/16/2026,18:11:13,26.0,47.0
07/16/2026,18:16:13,26.0,47.1
07/16/2026,18:21:13,26.0,46.9
07/16/2026,18:26:13,26.0,47.0
07/16/2026,18:31:13,26.0,47.1
07/16/2026,18:36:13,26.0,46.8
07/16/2026,18:41:13,26.0,46.8
07/16/2026,18:46:13,26.0,47.0
07/16/2026,18:51:13,26.0,47.0
07/16/2026,18:56:13,26.0,47.1
07/16/2026,19:01:13,26.0,47.0
07/16/2026,19:06:13,26.0,47.0
07/16/2026,19:11:13,26.0,47.0
07/16/2026,19:16:13,26.0,47.1
07/16/2026,19:21:13,26.0,47.0
07/16/2026,19:26:13,26.0,47.0
07/16/2026,19:31:13,26.1,46.9
07/16/2026,19:36:13,26.0,46.9
07/16/2026,19:41:13,26.1,46.9
07/16/2026,19:46:13,26.0,46.8
07/16/2026,19:51:13,26.0,46.9
07/16/2026,19:56:13,26.1,46.9
07/16/2026,20:01:13,26.0,46.9
07/16/2026,20:06:13,26.1,47.0
07/16/2026,20:11:13,26.0,47.0
07/16/2026,20:16:13,26.0,47.1
07/16/2026,20:21:13,26.0,47.1
07/16/2026,20:26:13,26.1,47.1
07/16/2026,20:31:13,26.0,47.2
07/16/2026,20:36:13,26.0,47.2
07/16/2026,20:41:13,26.0,47.3
07/16/2026,20:46:13,26.0,47.3
07/16/2026,20:51:13,26.0,47.4
07/16/2026,20:56:13,26.0,47.4
07/16/2026,21:01:13,26.0,47.5
07/16/2026,21:06:13,26.0,47.5
07/16/2026,21:11:13,26.0,47.5
07/16/2026,21:16:13,26.0,47.6
07/16/2026,21:21:13,26.0,47.6
07/16/2026,21:26:13,25.9,47.6
07/16/2026,21:31:13,25.9,47.7
07/16/2026,21:36:13,26.0,47.7
07/16/2026,21:41:13,25.9,47.7
07/16/2026,21:46:13,25.9,47.8
07/16/2026,21:51:13,25.9,47.8
07/16/2026,21:56:13,25.9,47.8
07/16/2026,22:01:13,25.9,47.8
07/16/2026,22:06:13,25.9,47.8
07/16/2026,22:11:13,25.9,47.9
07/16/2026,22:16:13,25.9,47.9
07/16/2026,22:21:13,25.8,47.9
07/16/2026,22:26:13,25.9,47.9
07/16/2026,22:31:13,25.8,47.9
07/16/2026,22:36:13,25.8,48.0
07/16/2026,22:41:13,25.8,47.9
07/16/2026,22:46:13,25.8,48.0
07/16/2026,22:51:13,25.7,48.0
07/16/2026,22:56:13,25.7,48.1
07/16/2026,23:01:13,25.7,48.0
07/16/2026,23:06:13,25.7,48.1
07/16/2026,23:11:13,25.6,48.2
07/16/2026,23:16:13,25.6,48.2
07/16/2026,23:21:13,25.6,48.2
07/16/2026,23:26:13,25.6,48.2
07/16/2026,23:31:13,25.6,48.3
07/16/2026,23:36:13,25.6,48.3
07/16/2026,23:41:13,25.5,48.3
07/16/2026,23:46:13,25.5,48.4
07/16/2026,23:51:13,25.5,48.3
07/16/2026,23:56:13,25.5,48.4
07/17/2026,00:01:13,25.4,48.4
07/17/2026,00:06:13,25.4,48.4
07/17/2026,00:11:13,25.4,48.5
07/17/2026,00:16:13,25.4,48.5
07/17/2026,00:21:13,25.3,48.5
07/17/2026,00:26:13,25.3,48.5
07/17/2026,00:31:13,25.3,48.6
07/17/2026,00:36:13,25.3,48.6
07/17/2026,00:41:13,25.2,48.6
07/17/2026,00:46:13,25.2,48.7
07/17/2026,00:51:13,25.2,48.7
07/17/2026,00:56:13,25.2,48.7
07/17/2026,01:01:13,25.1,48.7
07/17/2026,01:06:13,25.1,48.8
07/17/2026,01:11:13,25.1,48.8
07/17/2026,01:16:13,25.1,48.8
07/17/2026,01:21:13,25.0,48.8
07/17/2026,01:26:13,25.0,48.8
07/17/2026,01:31:13,25.0,48.8
07/17/2026,01:36:13,25.0,48.9
07/17/2026,01:41:13,24.9,48.9
07/17/2026,01:46:13,24.9,48.9
07/17/2026,01:51:13,24.9,48.9
07/17/2026,01:56:13,24.8,48.9
07/17/2026,02:01:13,24.8,48.9
07/17/2026,02:06:13,24.8,48.9
07/17/2026,02:11:13,24.8,48.9
07/17/2026,02:16:13,24.7,48.9
07/17/2026,02:21:13,24.7,49.0
07/17/2026,02:26:13,24.7,49.0
07/17/2026,02:31:13,24.6,49.0
07/17/2026,02:36:13,24.6,49.1
07/17/2026,02:41:13,24.6,49.2
07/17/2026,02:46:13,24.6,49.2
07/17/2026,02:51:13,24.5,49.3
07/17/2026,02:56:13,24.5,49.4
07/17/2026,03:01:13,24.5,49.5
07/17/2026,03:06:13,24.4,49.6
07/17/2026,03:11:13,24.4,49.6
07/17/2026,03:16:13,24.4,49.7
07/17/2026,03:21:13,24.3,49.8
07/17/2026,03:26:13,24.3,49.9
07/17/2026,03:31:13,24.3,50.0
07/17/2026,03:36:13,24.3,50.1
07/17/2026,03:41:13,24.2,50.2
07/17/2026,03:46:13,24.2,50.3
07/17/2026,03:51:13,24.2,50.3
07/17/2026,03:56:13,24.2,50.4
07/17/2026,04:01:13,24.2,50.5
07/17/2026,04:06:13,24.1,50.6
07/17/2026,04:11:13,24.1,50.7
07/17/2026,04:16:13,24.1,50.8
07/17/2026,04:21:13,24.1,50.9
07/17/2026,04:26:13,24.1,51.0
07/17/2026,04:31:13,24.1,51.1
07/17/2026,04:36:13,24.0,51.1
07/17/2026,04:41:13,24.0,51.2
07/17/2026,04:46:13,24.0,51.3
07/17/2026,04:51:13,24.0,51.4
07/17/2026,04:56:13,24.0,51.4
07/17/2026,05:01:13,23.9,51.5
07/17/2026,05:06:13,23.9,51.6
07/17/2026,05:11:13,23.9,51.6
07/17/2026,05:16:13,23.9,51.7
07/17/2026,05:21:13,23.9,51.7
07/17/2026,05:26:13,23.8,51.8
07/17/2026,05:31:13,23.8,51.8
07/17/2026,05:36:13,23.8,51.8
07/17/2026,05:41:13,23.8,51.9
07/17/2026,05:46:13,23.8,51.9
07/17/2026,05:51:13,23.8,52.0
07/17/2026,05:56:13,23.7,52.0
07/17/2026,06:01:13,23.7,52.0
07/17/2026,06:06:13,23.7,52.1
07/17/2026,06:11:13,23.7,52.1
07/17/2026,06:16:13,23.7,52.1
07/17/2026,06:21:13,23.7,52.2
07/17/2026,06:26:13,23.7,52.2
07/17/2026,06:31:13,23.7,52.3
07/17/2026,06:36:13,23.7,52.3
07/17/2026,06:41:13,23.6,52.3
07/17/2026,06:46:13,23.6,52.3
07/17/2026,06:51:13,23.6,52.3
07/17/2026,06:56:13,23.6,52.3
07/17/2026,07:01:13,23.6,52.3
07/17/2026,07:06:13,23.7,52.3
07/17/2026,07:11:13,23.6,52.3
07/17/2026,07:16:13,23.6,52.3
07/17/2026,07:21:13,23.6,52.3
07/17/2026,07:26:13,23.6,52.4
07/17/2026,07:31:13,23.6,52.4
07/17/2026,07:36:13,23.6,52.4
07/17/2026,07:41:13,23.6,52.5
07/17/2026,07:46:13,23.6,52.4
07/17/2026,07:51:13,23.6,52.5
07/17/2026,07:56:13,23.6,52.4
07/17/2026,08:01:13,23.6,52.4
07/17/2026,08:06:13,23.6,52.4
07/17/2026,08:11:13,23.6,52.4
07/17/2026,08:16:13,23.6,52.4
07/17/2026,08:21:13,23.6,52.4
07/17/2026,08:26:13,23.6,52.4
07/17/2026,08:31:13,23.6,52.4
07/17/2026,08:36:13,23.6,52.3
07/17/2026,08:41:13,23.6,52.3
07/17/2026,08:46:13,23.6,52.4
07/17/2026,08:51:13,23.6,52.3
07/17/2026,08:56:13,23.6,52.3
07/17/2026,09:01:13,23.6,52.3
07/17/2026,09:06:13,23.7,52.3
07/17/2026,09:11:13,23.7,52.3
07/17/2026,09:16:13,23.7,52.3
07/17/2026,09:21:13,23.7,52.3
07/17/2026,09:26:13,23.7,52.3
07/17/2026,09:31:13,23.7,52.3
07/17/2026,09:36:13,23.7,52.3
07/17/2026,09:41:13,23.8,52.3
07/17/2026,09:46:13,23.8,52.3
07/17/2026,09:51:13,23.8,52.2
07/17/2026,09:56:13,23.8,52.3
07/17/2026,10:01:13,23.8,52.2
07/17/2026,10:06:13,23.8,52.2
07/17/2026,10:11:13,23.8,52.2
07/17/2026,10:16:13,23.9,52.1
07/17/2026,10:21:13,23.9,52.1
07/17/2026,10:26:13,23.9,52.1
07/17/2026,10:31:13,23.9,52.0
07/17/2026,10:36:13,23.9,52.1
07/17/2026,10:41:13,24.0,52.0
07/17/2026,10:46:13,24.0,52.0
07/17/2026,10:51:13,24.0,52.0
07/17/2026,10:56:13,24.0,51.9
07/17/2026,11:01:13,24.0,51.9
07/17/2026,11:06:13,24.0,51.9
07/17/2026,11:11:13,24.1,51.9
07/17/2026,11:16:13,24.1,51.8
07/17/2026,11:21:13,24.1,51.8
07/17/2026,11:26:13,24.1,51.8
07/17/2026,11:31:13,24.2,51.8
07/17/2026,11:36:13,24.2,51.7
07/17/2026,11:41:13,24.2,51.7
07/17/2026,11:46:13,24.2,51.7
07/17/2026,11:51:13,24.2,51.7
07/17/2026,11:56:13,24.3,51.7
07/17/2026,12:01:13,24.3,51.6
07/17/2026,12:06:13,24.3,51.6
07/17/2026,12:11:13,24.3,51.5
07/17/2026,12:16:13,24.4,51.4
07/17/2026,12:21:13,24.4,51.3
07/17/2026,12:26:13,24.4,51.3
07/17/2026,12:31:13,24.4,51.2
07/17/2026,12:36:13,24.5,51.2
07/17/2026,12:41:13,24.5,51.2
07/17/2026,12:46:13,24.5,51.1
07/17/2026,12:51:13,24.5,51.0
07/17/2026,12:56:13,24.5,51.0
07/17/2026,13:01:13,24.6,50.9
07/17/2026,13:06:13,24.6,51.0
07/17/2026,13:11:13,24.6,51.0
07/17/2026,13:16:13,24.6,51.0
07/17/2026,13:21:13,24.7,50.9
07/17/2026,13:26:13,24.7,50.9
07/17/2026,13:31:13,24.7,50.9
07/17/2026,13:36:13,24.8,50.9
07/17/2026,13:41:13,24.8,50.8
07/17/2026,13:46:13,24.8,50.8
07/17/2026,13:51:13,24.8,50.8
07/17/2026,13:56:13,24.8,50.8
07/17/2026,14:01:13,24.9,50.6
07/17/2026,14:06:13,24.9,50.6
07/17/2026,14:11:13,24.9,50.5
07/17/2026,14:16:13,25.0,50.5
07/17/2026,14:21:13,25.0,50.4
07/17/2026,14:26:13,25.0,50.4
07/17/2026,14:31:13,25.0,50.3
07/17/2026,14:36:13,25.1,50.3
07/17/2026,14:41:13,25.1,50.1
07/17/2026,14:46:13,25.1,49.8
07/17/2026,14:51:13,25.2,49.7
07/17/2026,14:56:13,25.2,49.5
07/17/2026,15:01:13,25.2,49.5
07/17/2026,15:06:13,25.2,49.6
07/17/2026,15:11:13,25.3,49.5
07/17/2026,15:16:13,25.3,49.3
07/17/2026,15:21:13,25.3,49.2
07/17/2026,15:26:13,25.4,49.2
07/17/2026,15:31:13,25.4,49.2
07/17/2026,15:36:13,25.4,49.1
07/17/2026,15:41:13,25.5,49.1
07/17/2026,15:46:13,25.5,48.9
07/17/2026,15:51:13,25.5,48.8
07/17/2026,15:56:13,25.5,48.8
07/17/2026,16:01:13,25.5,48.8
07/17/2026,16:06:13,25.6,48.6
07/17/2026,16:11:13,25.6,48.6
07/17/2026,16:16:13,25.6,48.6
07/17/2026,16:21:13,25.7,48.6
07/17/2026,16:26:13,25.7,48.6
07/17/2026,16:31:13,25.7,48.5
07/17/2026,16:36:13,25.7,48.4
07/17/2026,16:41:13,25.7,48.4
07/17/2026,16:46:13,25.8,48.4
07/17/2026,16:51:13,25.8,48.4
07/17/2026,16:56:13,25.8,48.4
07/17/2026,17:01:13,25.8,48.4
07/17/2026,17:06:13,25.8,48.5
07/17/2026,17:11:13,25.8,48.5
07/17/2026,17:16:13,25.9,48.5
07/17/2026,17:21:13,25.9,48.6
07/17/2026,17:26:13,25.9,48.5
07/17/2026,17:31:13,25.9,48.6
07/17/2026,17:36:13,25.9,48.6
07/17/2026,17:41:13,25.9,48.6
07/17/2026,17:46:13,25.9,48.6
07/17/2026,17:51:13,25.9,48.6
07/17/2026,17:56:13,26.0,48.6
07/17/2026,18:01:13,26.0,48.6
07/17/2026,18:06:13,26.0,48.6
07/17/2026,18:11:13,26.0,48.6
07/17/2026,18:16:13,26.0,48.6
07/17/2026,18:21:13,26.0,48.6
07/17/2026,18:26:13,26.0,48.5
07/17/2026,18:31:13,26.0,48.5
07/17/2026,18:36:13,26.0,48.5
07/17/2026,18:41:13,26.0,48.5
07/17/2026,18:46:13,26.1,48.2
07/17/2026,18:51:13,26.1,47.9
07/17/2026,18:56:13,26.1,47.7
07/17/2026,19:01:13,26.1,47.6
07/17/2026,19:06:13,26.1,47.5
07/17/2026,19:11:13,26.1,47.4
07/17/2026,19:16:13,26.1,47.5
07/17/2026,19:21:13,26.1,47.5
07/17/2026,19:26:13,26.1,47.5
07/17/2026,19:31:13,26.1,47.6
07/17/2026,19:36:13,26.1,47.5
07/17/2026,19:41:13,26.1,47.4
07/17/2026,19:46:13,26.1,47.5
07/17/2026,19:51:13,26.1,47.5
07/17/2026,19:56:13,26.1,47.4
07/17/2026,20:01:13,26.1,47.2
07/17/2026,20:06:13,26.1,47.2
07/17/2026,20:11:13,26.1,47.1
07/17/2026,20:16:13,26.1,47.0
07/17/2026,20:21:13,26.1,46.9
07/17/2026,20:26:13,26.1,46.9
07/17/2026,20:31:13,26.1,46.7
07/17/2026,20:36:13,26.1,46.7
07/17/2026,20:41:13,26.1,46.7
07/17/2026,20:46:13,26.1,46.8
07/17/2026,20:51:13,26.1,46.8
07/17/2026,20:56:13,26.1,46.8
07/17/2026,21:01:13,26.1,46.8
07/17/2026,21:06:13,26.1,46.8
07/17/2026,21:11:13,26.1,46.8
07/17/2026,21:16:13,26.1,46.9
07/17/2026,21:21:13,26.1,46.8
07/17/2026,21:26:13,26.1,46.6
07/17/2026,21:31:13,26.1,46.6
07/17/2026,21:36:13,26.1,46.6
07/17/2026,21:41:13,26.1,46.6
07/17/2026,21:46:13,26.1,46.6
07/17/2026,21:51:13,26.1,46.6
07/17/2026,21:56:13,26.1,46.5
07/17/2026,22:01:13,26.0,46.5
07/17/2026,22:06:13,26.0,46.6
07/17/2026,22:11:13,26.0,46.5
07/17/2026,22:16:13,26.0,46.6
07/17/2026,22:21:13,26.0,46.6
07/17/2026,22:26:13,26.0,46.6
07/17/2026,22:31:13,26.0,46.6
07/17/2026,22:36:13,26.0,46.6
07/17/2026,22:41:13,25.9,46.6
07/17/2026,22:46:13,25.9,46.6
07/17/2026,22:51:13,25.9,46.6
07/17/2026,22:56:13,25.9,46.6
07/17/2026,23:01:13,25.9,46.7
07/17/2026,23:06:13,25.8,46.7
07/17/2026,23:11:13,25.8,46.7
07/17/2026,23:16:13,25.8,46.7
07/17/2026,23:21:13,25.8,46.8
07/17/2026,23:26:13,25.8,46.8
07/17/2026,23:31:13,25.7,46.8
07/17/2026,23:36:13,25.7,46.8
07/17/2026,23:41:13,25.7,46.8
07/17/2026,23:46:13,25.7,46.8
07/17/2026,23:51:13,25.7,46.8
07/17/2026,23:56:13,25.7,46.9
07/18/2026,00:01:13,25.6,46.9
07/18/2026,00:06:13,25.6,46.9
07/18/2026,00:11:13,25.6,46.9
07/18/2026,00:16:13,25.6,47.0
07/18/2026,00:21:13,25.6,47.0
07/18/2026,00:26:13,25.5,47.0
07/18/2026,00:31:13,25.5,47.0
07/18/2026,00:36:13,25.5,47.0
07/18/2026,00:41:13,25.5,47.1
07/18/2026,00:46:13,25.4,47.1
07/18/2026,00:51:13,25.4,47.1
07/18/2026,00:56:13,25.4,47.0
07/18/2026,01:01:13,25.4,47.1
07/18/2026,01:06:13,25.4,47.1
07/18/2026,01:11:13,25.4,47.1
07/18/2026,01:16:13,25.3,47.1
07/18/2026,01:21:13,25.3,47.1
07/18/2026,01:26:13,25.3,47.1
07/18/2026,01:31:13,25.3,47.1
07/18/2026,01:36:13,25.3,47.1
07/18/2026,01:41:13,25.3,47.1
07/18/2026,01:46:13,25.2,47.1
07/18/2026,01:51:13,25.2,47.1
07/18/2026,01:56:13,25.2,47.2
07/18/2026,02:01:13,25.2,47.1
07/18/2026,02:06:13,25.2,47.1
07/18/2026,02:11:13,25.2,47.1
07/18/2026,02:16:13,25.2,47.1
07/18/2026,02:21:13,25.1,47.1
07/18/2026,02:26:13,25.1,47.1
07/18/2026,02:31:13,25.1,47.1
07/18/2026,02:36:13,25.1,47.1
07/18/2026,02:41:13,25.1,47.1
07/18/2026,02:46:13,25.1,47.1
07/18/2026,02:51:13,25.0,47.1
07/18/2026,02:56:13,25.0,47.1
07/18/2026,03:01:13,25.0,47.1
07/18/2026,03:06:13,25.0,47.1
07/18/2026,03:11:13,25.0,47.1
07/18/2026,03:16:13,25.0,47.1
07/18/2026,03:21:13,25.0,47.1
07/18/2026,03:26:13,24.9,47.1
07/18/2026,03:31:13,24.9,47.1
07/18/2026,03:36:13,24.9,47.1
07/18/2026,03:41:13,24.9,47.1
07/18/2026,03:46:13,24.9,47.1
07/18/2026,03:51:13,24.9,47.1
07/18/2026,03:56:13,24.9,47.1
07/18/2026,04:01:13,24.8,47.1
07/18/2026,04:06:13,24.8,47.2
07/18/2026,04:11:13,24.8,47.2
07/18/2026,04:16:13,24.8,47.2
07/18/2026,04:21:13,24.8,47.2
07/18/2026,04:26:13,24.7,47.2
07/18/2026,04:31:13,24.8,47.2
07/18/2026,04:36:13,24.7,47.2
07/18/2026,04:41:13,24.7,47.2
07/18/2026,04:46:13,24.7,47.3
07/18/2026,04:51:13,24.7,47.3
07/18/2026,04:56:13,24.7,47.3
07/18/2026,05:01:13,24.7,47.3
07/18/2026,05:06:13,24.7,47.3
07/18/2026,05:11:13,24.6,47.2
07/18/2026,05:16:13,24.6,47.3
07/18/2026,05:21:13,24.6,47.3
07/18/2026,05:26:13,24.6,47.3
07/18/2026,05:31:13,24.6,47.3
07/18/2026,05:36:13,24.6,47.3
07/18/2026,05:41:13,24.6,47.3
07/18/2026,05:46:13,24.5,47.3
07/18/2026,05:51:13,24.5,47.3
07/18/2026,05:56:13,24.5,47.2
07/18/2026,06:01:13,24.5,47.2
07/18/2026,06:06:13,24.5,47.3
07/18/2026,06:11:13,24.5,47.2
07/18/2026,06:16:13,24.5,47.2
07/18/2026,06:21:13,24.5,47.2
07/18/2026,06:26:13,24.5,47.2
07/18/2026,06:31:13,24.5,47.1
07/18/2026,06:36:13,24.4,47.2
07/18/2026,06:41:13,24.4,47.2
07/18/2026,06:46:13,24.4,47.2
07/18/2026,06:51:13,24.4,47.1
07/18/2026,06:56:13,24.4,47.2
07/18/2026,07:01:13,24.4,47.1
07/18/2026,07:06:13,24.3,47.1
07/18/2026,07:11:13,24.4,47.1
07/18/2026,07:16:13,24.4,47.1
07/18/2026,07:21:13,24.3,47.1
07/18/2026,07:26:13,24.3,47.1
07/18/2026,07:31:13,24.3,47.1
07/18/2026,07:36:13,24.3,47.1
07/18/2026,07:41:13,24.3,47.1
07/18/2026,07:46:13,24.3,47.0
07/18/2026,07:51:13,24.3,47.0
07/18/2026,07:56:13,24.3,47.0
07/18/2026,08:01:13,24.3,47.0
07/18/2026,08:06:13,24.3,47.0
07/18/2026,08:11:13,24.3,47.0
07/18/2026,08:16:13,24.3,47.0
07/18/2026,08:21:13,24.3,47.0
07/18/2026,08:26:13,24.3,47.0
07/18/2026,08:31:13,24.3,47.0
07/18/2026,08:36:13,24.2,47.0
07/18/2026,08:41:13,24.3,47.0
07/18/2026,08:46:13,24.2,47.0
07/18/2026,08:51:13,24.3,47.0
07/18/2026,08:56:13,24.2,47.0
07/18/2026,09:01:13,24.2,47.0
07/18/2026,09:06:13,24.2,47.1
07/18/2026,09:11:13,24.2,47.1
07/18/2026,09:16:13,24.2,47.0
07/18/2026,09:21:13,24.2,47.0
07/18/2026,09:26:13,24.2,47.0
07/18/2026,09:31:13,24.2,46.9
07/18/2026,09:36:13,24.3,46.8
07/18/2026,09:41:13,24.2,46.8
07/18/2026,09:46:13,24.2,46.7
07/18/2026,09:51:13,24.2,46.6
07/18/2026,09:56:13,24.2,46.7
07/18/2026,10:01:13,24.2,46.6
07/18/2026,10:06:13,24.2,46.5
07/18/2026,10:11:13,24.2,46.6
07/18/2026,10:16:13,24.2,46.5
07/18/2026,10:21:13,24.2,46.4
07/18/2026,10:26:13,24.2,46.4
07/18/2026,10:31:13,24.2,46.4
07/18/2026,10:36:13,24.2,46.3
07/18/2026,10:41:13,24.2,46.3
07/18/2026,10:46:13,24.2,46.3
07/18/2026,10:51:13,24.2,46.2
07/18/2026,10:56:13,24.2,46.1
07/18/2026,11:01:13,24.2,46.1
07/18/2026,11:06:13,24.2,46.0
07/18/2026,11:11:13,24.2,46.0
07/18/2026,11:16:13,24.2,46.0
07/18/2026,11:21:13,24.2,46.0
07/18/2026,11:26:13,24.2,45.9
07/18/2026,11:31:13,24.2,45.9
07/18/2026,11:36:13,24.1,45.9
07/18/2026,11:41:13,24.1,45.9
07/18/2026,11:46:13,24.2,45.9
07/18/2026,11:51:13,24.1,45.9
07/18/2026,11:56:13,24.1,45.9
07/18/2026,12:01:13,24.1,45.9
07/18/2026,12:06:13,24.1,45.9
07/18/2026,12:11:13,24.1,45.8
07/18/2026,12:16:13,24.1,45.9
07/18/2026,12:21:13,24.1,45.9
07/18/2026,12:26:13,24.1,45.8
07/18/2026,12:31:13,24.1,45.8
07/18/2026,12:36:13,24.1,45.7
07/18/2026,12:41:13,24.1,45.7
07/18/2026,12:46:13,24.1,45.7
07/18/2026,12:51:13,24.1,45.7
07/18/2026,12:56:13,24.1,45.7
07/18/2026,13:01:13,24.1,45.8
07/18/2026,13:06:13,24.1,45.8
07/18/2026,13:11:13,24.1,45.8
07/18/2026,13:16:13,24.1,45.9
07/18/2026,13:21:13,24.1,46.0
07/18/2026,13:26:13,24.1,46.1
07/18/2026,13:31:13,24.1,46.1
07/18/2026,13:36:13,24.1,46.2
07/18/2026,13:41:13,24.2,46.3
07/18/2026,13:46:13,24.2,46.3
07/18/2026,13:51:13,24.2,46.4
07/18/2026,13:56:13,24.2,46.5
07/18/2026,14:01:13,24.2,46.5
07/18/2026,14:06:13,24.2,46.6
07/18/2026,14:11:13,24.2,46.6
07/18/2026,14:16:13,24.2,46.6
07/18/2026,14:21:13,24.3,46.7
07/18/2026,14:26:13,24.3,46.8
07/18/2026,14:31:13,24.3,46.8
07/18/2026,14:36:13,24.3,46.7
07/18/2026,14:41:13,24.3,46.7
07/18/2026,14:46:13,24.3,46.7
07/18/2026,14:51:13,24.3,46.7
07/18/2026,14:56:13,24.3,46.6
07/18/2026,15:01:13,24.3,46.6
07/18/2026,15:06:13,24.3,46.6
07/18/2026,15:11:13,24.3,46.6
07/18/2026,15:16:13,24.3,46.6
07/18/2026,15:21:13,24.3,46.5
07/18/2026,15:26:13,24.3,46.5
07/18/2026,15:31:13,24.3,46.5
07/18/2026,15:36:13,24.3,46.5
07/18/2026,15:41:13,24.4,46.5
07/18/2026,15:46:13,24.4,46.6
07/18/2026,15:51:13,24.4,46.6
07/18/2026,15:56:13,24.4,46.8
07/18/2026,16:01:13,24.4,46.7
07/18/2026,16:06:13,24.4,46.9
07/18/2026,16:11:13,24.4,46.8
07/18/2026,16:16:13,24.4,46.9
07/18/2026,16:21:13,24.4,46.9
07/18/2026,16:26:13,24.4,47.0
07/18/2026,16:31:13,24.4,47.0
07/18/2026,16:36:13,24.5,47.1
07/18/2026,16:41:13,24.5,47.1
07/18/2026,16:46:13,24.5,47.2
07/18/2026,16:51:13,24.5,47.2
07/18/2026,16:56:13,24.5,47.3
07/18/2026,17:01:13,24.5,47.3
07/18/2026,17:06:13,24.5,47.3
07/18/2026,17:11:13,24.5,47.4
07/18/2026,17:16:13,24.5,47.5
07/18/2026,17:21:13,24.5,47.5
07/18/2026,17:26:13,24.5,47.5
07/18/2026,17:31:13,24.6,47.5
07/18/2026,17:36:13,24.6,47.5
07/18/2026,17:41:13,24.6,47.6
07/18/2026,17:46:13,24.6,47.5
07/18/2026,17:51:13,24.6,47.3
07/18/2026,17:56:13,24.6,47.1
07/18/2026,18:01:13,24.6,46.8
07/18/2026,18:06:13,24.5,46.9
07/18/2026,18:11:13,24.6,47.0
07/18/2026,18:16:13,24.6,46.9
07/18/2026,18:21:13,24.5,46.9
07/18/2026,18:26:13,24.6,46.8
07/18/2026,18:31:13,24.6,46.9
07/18/2026,18:36:13,24.6,46.9
07/18/2026,18:41:13,24.6,46.9
07/18/2026,18:46:13,24.6,46.8
07/18/2026,18:51:13,24.6,46.7
07/18/2026,18:56:13,24.6,46.7
07/18/2026,19:01:13,24.7,46.8
07/18/2026,19:06:13,24.7,46.4
07/18/2026,19:11:13,24.6,46.1
07/18/2026,19:16:13,24.6,45.9
07/18/2026,19:21:13,24.6,45.8
07/18/2026,19:26:13,24.6,45.7
07/18/2026,19:31:13,24.6,45.7
07/18/2026,19:36:13,24.6,45.9
07/18/2026,19:41:13,24.6,46.0
07/18/2026,19:46:13,24.6,46.1
07/18/2026,19:51:13,24.6,46.1
07/18/2026,19:56:13,24.5,46.1
07/18/2026,20:01:13,24.5,46.1
07/18/2026,20:06:13,24.5,46.1
07/18/2026,20:11:13,24.5,46.1
07/18/2026,20:16:13,24.5,46.2
07/18/2026,20:21:13,24.5,46.1
07/18/2026,20:26:13,24.5,46.2
07/18/2026,20:31:13,24.5,46.1
07/18/2026,20:36:13,24.5,46.0
07/18/2026,20:41:13,24.5,46.1
07/18/2026,20:46:13,24.5,46.0
07/18/2026,20:51:13,24.5,46.0
07/18/2026,20:56:13,24.5,46.1
07/18/2026,21:01:13,24.5,46.0
07/18/2026,21:06:13,24.5,46.0
07/18/2026,21:11:13,24.4,46.0
07/18/2026,21:16:13,24.4,46.0
07/18/2026,21:21:13,24.4,46.0
07/18/2026,21:26:13,24.4,46.0
07/18/2026,21:31:13,24.3,46.0
07/18/2026,21:36:13,24.3,46.0
07/18/2026,21:41:13,24.3,46.0
07/18/2026,21:46:13,24.3,46.0
07/18/2026,21:51:13,24.3,46.0
07/18/2026,21:56:13,24.2,46.0
07/18/2026,22:01:13,24.2,46.1
07/18/2026,22:06:13,24.2,46.1
07/18/2026,22:11:13,24.2,46.0
07/18/2026,22:16:13,24.1,46.0
07/18/2026,22:21:13,24.1,46.1
07/18/2026,22:26:13,24.1,46.1
07/18/2026,22:31:13,24.1,46.1
07/18/2026,22:36:13,24.1,46.1
07/18/2026,22:41:13,24.1,46.1
07/18/2026,22:46:13,24.0,46.2
07/18/2026,22:51:13,24.0,46.1
07/18/2026,22:56:13,24.0,46.2
07/18/2026,23:01:13,24.0,46.2
07/18/2026,23:06:13,24.0,46.2
07/18/2026,23:11:13,23.9,46.2
07/18/2026,23:16:13,23.9,46.2
07/18/2026,23:21:13,23.9,46.2
07/18/2026,23:26:13,23.9,46.3
07/18/2026,23:31:13,23.8,46.3
07/18/2026,23:36:13,23.8,46.2
07/18/2026,23:41:13,23.8,46.2
07/18/2026,23:46:13,23.8,46.3
07/18/2026,23:51:13,23.8,46.3
07/18/2026,23:56:13,23.7,46.3
07/19/2026,00:01:13,23.7,46.3
07/19/2026,00:06:13,23.7,46.3
07/19/2026,00:11:13,23.7,46.3
07/19/2026,00:16:13,23.6,46.4
07/19/2026,00:21:13,23.6,46.3
07/19/2026,00:26:13,23.6,46.3
07/19/2026,00:31:13,23.6,46.4
07/19/2026,00:36:13,23.6,46.4
07/19/2026,00:41:13,23.6,46.4
07/19/2026,00:46:13,23.6,46.3
07/19/2026,00:51:13,23.5,46.4
07/19/2026,00:56:13,23.5,46.4
07/19/2026,01:01:13,23.5,46.3
07/19/2026,01:06:13,23.5,46.3
07/19/2026,01:11:13,23.5,46.4
07/19/2026,01:16:13,23.4,46.3
07/19/2026,01:21:13,23.4,46.4
07/19/2026,01:26:13,23.4,46.4
07/19/2026,01:31:13,23.4,46.3
07/19/2026,01:36:13,23.4,46.3
07/19/2026,01:41:13,23.4,46.3
07/19/2026,01:46:13,23.4,46.4
07/19/2026,01:51:13,23.3,46.3
07/19/2026,01:56:13,23.3,46.3
07/19/2026,02:01:13,23.3,46.4
07/19/2026,02:06:13,23.3,46.4
07/19/2026,02:11:13,23.2,46.4
07/19/2026,02:16:13,23.2,46.4
07/19/2026,02:21:13,23.2,46.3
07/19/2026,02:26:13,23.2,46.4
07/19/2026,02:31:13,23.1,46.4
07/19/2026,02:36:13,23.1,46.4
07/19/2026,02:41:13,23.1,46.4
07/19/2026,02:46:13,23.1,46.4
07/19/2026,02:51:13,23.1,46.3
07/19/2026,02:56:13,23.1,46.3
07/19/2026,03:01:13,23.0,46.3
07/19/2026,03:06:13,23.0,46.3
07/19/2026,03:11:13,23.0,46.3
07/19/2026,03:16:13,23.0,46.3
07/19/2026,03:21:13,23.0,46.3
07/19/2026,03:26:13,22.9,46.3
07/19/2026,03:31:13,22.9,46.3
07/19/2026,03:36:13,22.9,46.3
07/19/2026,03:41:13,22.9,46.2
07/19/2026,03:46:13,22.9,46.2
07/19/2026,03:51:13,22.9,46.3
07/19/2026,03:56:13,22.9,46.2
07/19/2026,04:01:13,22.8,46.2
07/19/2026,04:06:13,22.8,46.2
07/19/2026,04:11:13,22.8,46.2
07/19/2026,04:16:13,22.8,46.2
07/19/2026,04:21:13,22.8,46.2
07/19/2026,04:26:13,22.7,46.1
07/19/2026,04:31:13,22.7,46.2
07/19/2026,04:36:13,22.7,46.1
07/19/2026,04:41:13,22.7,46.1
07/19/2026,04:46:13,22.7,46.2
07/19/2026,04:51:13,22.7,46.1
07/19/2026,04:56:13,22.6,46.1
07/19/2026,05:01:13,22.6,46.0
07/19/2026,05:06:13,22.5,46.1
07/19/2026,05:11:13,22.5,46.1
07/19/2026,05:16:13,22.5,46.1
07/19/2026,05:21:13,22.5,46.1
07/19/2026,05:26:13,22.5,46.1
07/19/2026,05:31:13,22.5,46.1
07/19/2026,05:36:13,22.4,46.0
07/19/2026,05:41:13,22.4,46.1
07/19/2026,05:46:13,22.4,46.1
07/19/2026,05:51:13,22.3,46.1
07/19/2026,05:56:13,22.3,46.0
07/19/2026,06:01:13,22.3,46.0
07/19/2026,06:06:13,22.3,46.0
07/19/2026,06:11:13,22.3,46.0
07/19/2026,06:16:13,22.2,46.0
07/19/2026,06:21:13,22.2,46.0
07/19/2026,06:26:13,22.2,46.0
07/19/2026,06:31:13,22.2,46.0
07/19/2026,06:36:13,22.2,46.0
07/19/2026,06:41:13,22.2,46.0
07/19/2026,06:46:13,22.2,46.0
07/19/2026,06:51:13,22.2,46.0
07/19/2026,06:56:13,22.1,46.0
07/19/2026,07:01:13,22.1,46.0
07/19/2026,07:06:13,22.1,46.0
07/19/2026,07:11:13,22.1,46.0
07/19/2026,07:16:13,22.1,46.1
07/19/2026,07:21:13,22.1,46.1
07/19/2026,07:26:13,22.1,46.1
07/19/2026,07:31:13,22.1,46.1
07/19/2026,07:36:13,22.1,46.1
07/19/2026,07:41:13,22.1,46.1
07/19/2026,07:46:13,22.1,46.1
07/19/2026,07:51:13,22.1,46.0
07/19/2026,07:56:13,22.1,46.1
07/19/2026,08:01:13,22.1,46.1
07/19/2026,08:06:13,22.1,46.1
07/19/2026,08:11:13,22.1,46.2
07/19/2026,08:16:13,22.1,46.3
07/19/2026,08:21:13,22.2,46.4
07/19/2026,08:26:13,22.2,46.4
07/19/2026,08:31:13,22.2,46.4
07/19/2026,08:36:13,22.2,46.5
07/19/2026,08:41:13,22.2,46.6
07/19/2026,08:46:13,22.3,46.7
07/19/2026,08:51:13,22.3,46.8
07/19/2026,08:56:13,22.4,46.8
07/19/2026,09:01:13,22.4,46.7
07/19/2026,09:06:13,22.4,46.2
07/19/2026,09:11:13,22.4,45.9
07/19/2026,09:16:13,22.4,45.6
07/19/2026,09:21:13,22.4,45.6
07/19/2026,09:26:13,22.4,45.4
07/19/2026,09:31:13,22.4,45.3
07/19/2026,09:36:13,22.4,45.3
07/19/2026,09:41:13,22.5,45.5
07/19/2026,09:46:13,22.5,45.7
07/19/2026,09:51:13,22.6,45.7
07/19/2026,09:56:13,22.7,45.5
07/19/2026,10:01:13,22.8,45.4
07/19/2026,10:06:13,22.9,45.2
07/19/2026,10:11:13,23.0,45.4
07/19/2026,10:16:13,23.4,44.8
07/19/2026,10:21:13,23.7,44.5
07/19/2026,10:26:13,23.8,44.0
07/19/2026,10:31:13,23.9,43.8
07/19/2026,10:36:13,24.0,43.5
07/19/2026,10:41:13,24.0,43.3
07/19/2026,10:46:13,24.1,42.8
07/19/2026,10:51:13,24.1,42.6
07/19/2026,10:56:13,24.1,42.1
07/19/2026,11:01:13,24.0,41.8
07/19/2026,11:06:13,24.0,41.6
07/19/2026,11:11:13,24.0,41.6
07/19/2026,11:16:13,23.9,41.8
07/19/2026,11:21:13,23.9,41.7
07/19/2026,11:26:13,23.9,41.7
07/19/2026,11:31:13,23.9,41.8
07/19/2026,11:36:13,23.9,42.0
07/19/2026,11:41:13,23.9,42.2
07/19/2026,11:46:13,23.9,42.2
07/19/2026,11:51:13,23.9,43.1
07/19/2026,11:56:13,24.0,42.8
07/19/2026,12:01:13,24.1,43.0
07/19/2026,12:06:13,24.2,43.1
07/19/2026,12:11:13,24.3,43.1
07/19/2026,12:16:13,24.3,42.8
07/19/2026,12:21:13,24.4,42.7
07/19/2026,12:26:13,24.5,42.7
07/19/2026,12:31:13,24.5,42.6
07/19/2026,12:36:13,24.5,42.1
07/19/2026,12:41:13,24.5,41.7
07/19/2026,12:46:13,24.5,41.3
07/19/2026,12:51:13,24.5,41.0
07/19/2026,12:56:13,24.5,40.8
07/19/2026,13:01:13,24.5,40.6
07/19/2026,13:06:13,24.4,40.7
07/19/2026,13:11:13,24.4,40.6
07/19/2026,13:16:13,24.3,40.5
07/19/2026,13:21:13,24.3,40.5
07/19/2026,13:26:13,24.3,40.6
07/19/2026,13:31:13,24.2,40.5
07/19/2026,13:36:13,24.1,40.6
07/19/2026,13:41:13,24.1,40.6
07/19/2026,13:46:13,24.1,40.5
07/19/2026,13:51:13,24.0,40.5
07/19/2026,13:56:13,24.0,40.4
07/19/2026,14:01:13,24.0,40.4
07/19/2026,14:06:13,23.9,40.4
07/19/2026,14:11:13,23.9,40.4
07/19/2026,14:16:13,23.8,40.3
07/19/2026,14:21:13,23.8,40.3
07/19/2026,14:26:13,23.8,40.4
07/19/2026,14:31:13,23.8,40.4
07/19/2026,14:36:13,23.7,40.4
07/19/2026,14:41:13,23.7,40.4
07/19/2026,14:46:13,23.7,40.4
07/19/2026,14:51:13,23.7,40.3
07/19/2026,14:56:13,23.6,40.3
07/19/2026,15:01:13,23.6,40.4
07/19/2026,15:06:13,23.6,40.3
07/19/2026,15:11:13,23.6,40.4
07/19/2026,15:16:13,23.6,40.3
07/19/2026,15:21:13,23.6,40.4
07/19/2026,15:26:13,23.6,40.3
07/19/2026,15:31:13,23.5,40.5
07/19/2026,15:36:13,23.6,40.4
07/19/2026,15:41:13,23.5,40.4
07/19/2026,15:46:13,23.5,40.3
07/19/2026,15:51:13,23.5,40.2
07/19/2026,15:56:13,23.5,40.3
07/19/2026,16:01:13,23.5,40.1
07/19/2026,16:06:13,23.5,40.0
07/19/2026,16:11:13,23.5,39.9
07/19/2026,16:16:13,23.5,40.1
07/19/2026,16:21:13,23.4,40.0
07/19/2026,16:26:13,23.5,40.0
07/19/2026,16:31:13,23.5,40.1
07/19/2026,16:36:13,23.4,40.1
07/19/2026,16:41:13,23.4,40.1
07/19/2026,16:46:13,23.4,40.1
07/19/2026,16:51:13,23.4,40.2
07/19/2026,16:56:13,23.4,40.1
07/19/2026,17:01:13,23.4,40.0
07/19/2026,17:06:13,23.4,40.0
07/19/2026,17:11:13,23.4,40.0
07/19/2026,17:16:13,23.4,40.0
07/19/2026,17:21:13,23.4,40.1
07/19/2026,17:26:13,23.4,40.1
07/19/2026,17:31:13,23.4,40.2
07/19/2026,17:36:13,23.4,40.3
07/19/2026,17:41:13,23.4,40.3
07/19/2026,17:46:13,23.4,40.4
07/19/2026,17:51:13,23.4,40.4
07/19/2026,17:56:13,23.4,40.4
07/19/2026,18:01:13,23.4,40.4
07/19/2026,18:06:13,23.4,40.5
07/19/2026,18:11:13,23.4,40.5
07/19/2026,18:16:13,23.4,40.5
07/19/2026,18:21:13,23.4,40.5
07/19/2026,18:26:13,23.3,40.6
07/19/2026,18:31:13,23.4,40.7
07/19/2026,18:36:13,23.4,40.7
07/19/2026,18:41:13,23.4,40.7
07/19/2026,18:46:13,23.4,40.7
07/19/2026,18:51:13,23.3,40.6
07/19/2026,18:56:13,23.3,40.6
07/19/2026,19:01:13,23.3,40.6
07/19/2026,19:06:13,23.3,40.6
07/19/2026,19:11:13,23.4,40.6
07/19/2026,19:16:13,23.3,40.5
07/19/2026,19:21:13,23.3,40.5
07/19/2026,19:26:13,23.3,40.6
07/19/2026,19:31:13,23.3,40.6
07/19/2026,19:36:13,23.3,40.5
07/19/2026,19:41:13,23.3,40.5
07/19/2026,19:46:13,23.3,40.5
07/19/2026,19:51:13,23.3,40.5
07/19/2026,19:56:13,23.3,40.5
07/19/2026,20:01:13,23.3,40.5
07/19/2026,20:06:13,23.3,40.5
07/19/2026,20:11:13,23.3,40.5
07/19/2026,20:16:13,23.3,40.5
07/19/2026,20:21:13,23.3,40.5
07/19/2026,20:26:13,23.2,40.6
07/19/2026,20:31:13,23.2,40.6
07/19/2026,20:36:13,23.2,40.7
07/19/2026,20:41:13,23.2,40.7
07/19/2026,20:46:13,23.2,40.7
07/19/2026,20:51:13,23.2,40.7
07/19/2026,20:56:13,23.2,40.7
07/19/2026,21:01:13,23.1,40.7
07/19/2026,21:06:13,23.1,40.7
07/19/2026,21:11:13,23.1,40.7
07/19/2026,21:16:13,23.1,40.7
07/19/2026,21:21:13,23.1,40.7
07/19/2026,21:26:13,23.1,40.7
07/19/2026,21:31:13,23.1,40.7
07/19/2026,21:36:13,23.1,40.7
07/19/2026,21:41:13,23.1,40.8
07/19/2026,21:46:13,23.0,40.8
07/19/2026,21:51:13,23.0,40.8
07/19/2026,21:56:13,23.0,40.9
07/19/2026,22:01:13,23.0,40.9
07/19/2026,22:06:13,23.0,41.0
07/19/2026,22:11:13,23.0,41.0
07/19/2026,22:16:13,22.9,41.0
07/19/2026,22:21:13,22.9,41.1
07/19/2026,22:26:13,22.9,41.1
07/19/2026,22:31:13,22.9,41.1
07/19/2026,22:36:13,22.9,41.2
07/19/2026,22:41:13,22.9,41.2
07/19/2026,22:46:13,22.9,41.2
07/19/2026,22:51:13,22.9,41.2
07/19/2026,22:56:13,22.9,41.3
07/19/2026,23:01:13,22.9,41.3
07/19/2026,23:06:13,22.9,41.3
07/19/2026,23:11:13,22.8,41.4
07/19/2026,23:16:13,22.8,41.3
07/19/2026,23:21:13,22.8,41.4
07/19/2026,23:26:13,22.8,41.4
07/19/2026,23:31:13,22.8,41.4
07/19/2026,23:36:13,22.7,41.4
07/19/2026,23:41:13,22.7,41.4
07/19/2026,23:46:13,22.7,41.4
07/19/2026,23:51:13,22.7,41.5
07/19/2026,23:56:13,22.7,41.5
07/20/2026,00:01:13,22.7,41.5
07/20/2026,00:06:13,22.6,41.5
07/20/2026,00:11:13,22.6,41.6
07/20/2026,00:16:13,22.6,41.6
07/20/2026,00:21:13,22.6,41.6
07/20/2026,00:26:13,22.5,41.6
07/20/2026,00:31:13,22.5,41.7
07/20/2026,00:36:13,22.5,41.7
07/20/2026,00:41:13,22.5,41.7
07/20/2026,00:46:13,22.5,41.7
07/20/2026,00:51:13,22.5,41.8
07/20/2026,00:56:13,22.4,41.9
07/20/2026,01:01:13,22.4,41.9
07/20/2026,01:06:13,22.4,41.9
07/20/2026,01:11:13,22.3,42.0
07/20/2026,01:16:13,22.3,42.0
07/20/2026,01:21:13,22.3,42.0
07/20/2026,01:26:13,22.3,42.1
07/20/2026,01:31:13,22.3,42.1
07/20/2026,01:36:13,22.3,42.1
07/20/2026,01:41:13,22.2,42.1
07/20/2026,01:46:13,22.2,42.2
07/20/2026,01:51:13,22.1,42.2
07/20/2026,01:56:13,22.2,42.2
07/20/2026,02:01:13,22.1,42.3
07/20/2026,02:06:13,22.1,42.3
07/20/2026,02:11:13,22.1,42.4
07/20/2026,02:16:13,22.1,42.4
07/20/2026,02:21:13,22.1,42.4
07/20/2026,02:26:13,22.0,42.5
07/20/2026,02:31:13,22.0,42.5
07/20/2026,02:36:13,22.0,42.6
07/20/2026,02:41:13,21.9,42.7
07/20/2026,02:46:13,21.9,42.7
07/20/2026,02:51:13,21.9,42.7
07/20/2026,02:56:13,21.9,42.8
07/20/2026,03:01:13,21.9,42.9
07/20/2026,03:06:13,21.8,42.9
07/20/2026,03:11:13,21.8,43.0
07/20/2026,03:16:13,21.8,43.0
07/20/2026,03:21:13,21.8,43.0
07/20/2026,03:26:13,21.8,43.1
07/20/2026,03:31:13,21.7,43.2
07/20/2026,03:36:13,21.7,43.2
07/20/2026,03:41:13,21.7,43.2
07/20/2026,03:46:13,21.7,43.3
07/20/2026,03:51:13,21.7,43.4
07/20/2026,03:56:13,21.6,43.4
07/20/2026,04:01:13,21.6,43.5
07/20/2026,04:06:13,21.6,43.5
07/20/2026,04:11:13,21.6,43.5
07/20/2026,04:16:13,21.6,43.6
07/20/2026,04:21:13,21.6,43.6
07/20/2026,04:26:13,21.5,43.7
07/20/2026,04:31:13,21.5,43.7
07/20/2026,04:36:13,21.4,43.8
07/20/2026,04:41:13,21.4,43.8
07/20/2026,04:46:13,21.4,43.8
07/20/2026,04:51:13,21.4,43.9
07/20/2026,04:56:13,21.4,43.9
07/20/2026,05:01:13,21.4,43.9
07/20/2026,05:06:13,21.3,44.0
07/20/2026,05:11:13,21.3,44.0
07/20/2026,05:16:13,21.3,44.1
07/20/2026,05:21:13,21.2,44.2
07/20/2026,05:26:13,21.2,44.2
07/20/2026,05:31:13,21.2,44.2
07/20/2026,05:36:13,21.2,44.3
07/20/2026,05:41:13,21.2,44.3
07/20/2026,05:46:13,21.1,44.3
07/20/2026,05:51:13,21.1,44.3
07/20/2026,05:56:13,21.1,44.3
07/20/2026,06:01:13,21.1,44.4
07/20/2026,06:06:13,21.1,44.4
07/20/2026,06:11:13,21.1,44.5
07/20/2026,06:16:13,21.1,44.4
07/20/2026,06:21:13,21.0,44.5
07/20/2026,06:26:13,21.0,44.6
07/20/2026,06:31:13,21.0,44.6
07/20/2026,06:36:13,21.0,44.6
07/20/2026,06:41:13,21.0,44.6
07/20/2026,06:46:13,21.0,44.8
07/20/2026,06:51:13,21.0,44.8
07/20/2026,06:56:13,20.9,44.8
07/20/2026,07:01:13,20.9,44.9
07/20/2026,07:06:13,20.9,45.0
07/20/2026,07:11:13,20.9,45.0
07/20/2026,07:16:13,20.9,45.1
07/20/2026,07:21:13,20.9,45.1
07/20/2026,07:26:13,20.9,45.1
07/20/2026,07:31:13,20.9,45.1
07/20/2026,07:36:13,20.9,45.1
07/20/2026,07:41:13,21.0,45.1
07/20/2026,07:46:13,21.0,45.2
07/20/2026,07:51:13,21.0,45.2
07/20/2026,07:56:13,21.0,45.2
07/20/2026,08:01:13,21.0,45.2
07/20/2026,08:06:13,21.0,45.2
07/20/2026,08:11:13,21.0,45.3
07/20/2026,08:16:13,21.0,45.3
07/20/2026,08:21:13,21.0,45.3
07/20/2026,08:26:13,21.1,45.3
07/20/2026,08:31:13,21.0,45.4
07/20/2026,08:36:13,21.1,45.4
07/20/2026,08:41:13,21.1,45.5
07/20/2026,08:46:13,21.1,45.5
07/20/2026,08:51:13,21.1,45.5
07/20/2026,08:56:13,21.1,45.5
07/20/2026,09:01:13,21.1,45.6
07/20/2026,09:06:13,21.2,45.5
07/20/2026,09:11:13,21.2,45.5
07/20/2026,09:16:13,21.3,45.5
07/20/2026,09:21:13,21.3,45.5
07/20/2026,09:26:13,21.3,45.5
07/20/2026,09:31:13,21.4,45.4
07/20/2026,09:36:13,21.4,45.4
07/20/2026,09:41:13,21.4,45.5
07/20/2026,09:46:13,21.5,45.4
07/20/2026,09:51:13,21.5,45.5
07/20/2026,09:56:13,21.5,45.5
07/20/2026,10:01:13,21.6,45.5
07/20/2026,10:06:13,21.6,45.6
07/20/2026,10:11:13,21.6,45.6
07/20/2026,10:16:13,21.7,45.6
07/20/2026,10:21:13,21.7,45.6
07/20/2026,10:26:13,21.7,45.5
07/20/2026,10:31:13,21.7,45.4
07/20/2026,10:36:13,21.7,45.4
07/20/2026,10:41:13,21.8,45.8
07/20/2026,10:46:13,21.9,45.4
07/20/2026,10:51:13,21.9,45.4
07/20/2026,10:56:13,21.9,45.4
07/20/2026,11:01:13,22.0,45.7
07/20/2026,11:06:13,22.0,45.9
07/20/2026,11:11:13,22.1,46.2
07/20/2026,11:16:13,22.2,46.6
07/20/2026,11:21:13,22.2,46.9
07/20/2026,11:26:13,22.3,47.3
07/20/2026,11:31:13,22.4,47.6
07/20/2026,11:36:13,22.5,47.8
07/20/2026,11:41:13,22.6,48.0
07/20/2026,11:46:13,22.7,48.3
07/20/2026,11:51:13,22.7,48.3
07/20/2026,11:56:13,22.8,48.3
07/20/2026,12:01:13,22.9,48.5
07/20/2026,12:06:13,23.0,48.5
07/20/2026,12:11:13,23.0,48.6
07/20/2026,12:16:13,23.1,48.6
07/20/2026,12:21:13,23.2,48.5
07/20/2026,12:26:13,23.2,48.2
07/20/2026,12:31:13,23.2,47.9
07/20/2026,12:36:13,23.2,47.6
07/20/2026,12:41:13,23.2,47.3
07/20/2026,12:46:13,23.2,47.1
07/20/2026,12:51:13,23.2,46.9
07/20/2026,12:56:13,23.2,46.8
07/20/2026,13:01:13,23.2,46.6
07/20/2026,13:06:13,23.3,46.5
07/20/2026,13:11:13,23.3,46.4
07/20/2026,13:16:13,23.3,46.2
07/20/2026,13:21:13,23.3,46.1
07/20/2026,13:26:13,23.3,45.9
07/20/2026,13:31:13,23.3,45.8
07/20/2026,13:36:13,23.3,45.6
07/20/2026,13:41:13,23.4,45.4
07/20/2026,13:46:13,23.4,45.3
07/20/2026,13:51:13,23.4,45.3
07/20/2026,13:56:13,23.4,45.0
07/20/2026,14:01:13,23.4,45.0
07/20/2026,14:06:13,23.4,44.8
07/20/2026,14:11:13,23.4,44.6
07/20/2026,14:16:13,23.4,44.4
07/20/2026,14:21:13,23.4,44.1
07/20/2026,14:26:13,23.4,44.0
07/20/2026,14:31:13,23.4,43.5
07/20/2026,14:36:13,23.4,43.0
07/20/2026,14:41:13,23.4,42.9
07/20/2026,14:46:13,23.4,42.8
07/20/2026,14:51:13,23.4,42.6
07/20/2026,14:56:13,23.5,42.3
07/20/2026,15:01:13,23.5,42.2
07/20/2026,15:06:13,23.5,42.3
07/20/2026,15:11:13,23.5,42.3
07/20/2026,15:16:13,23.5,42.2
07/20/2026,15:21:13,23.5,42.3
07/20/2026,15:26:13,23.5,42.1
07/20/2026,15:31:13,23.5,42.2
07/20/2026,15:36:13,23.6,42.2
07/20/2026,15:41:13,23.6,42.3
07/20/2026,15:46:13,23.6,42.3
07/20/2026,15:51:13,23.6,42.3
07/20/2026,15:56:13,23.6,42.4
07/20/2026,16:01:13,23.7,42.4
07/20/2026,16:06:13,23.7,42.4
07/20/2026,16:11:13,23.7,42.5
07/20/2026,16:16:13,23.7,42.5
07/20/2026,16:21:13,23.8,42.6
07/20/2026,16:26:13,23.8,42.7
07/20/2026,16:31:13,23.8,42.7
07/20/2026,16:36:13,23.8,42.7
07/20/2026,16:41:13,23.8,42.7
07/20/2026,16:46:13,23.8,42.7
07/20/2026,16:51:13,23.8,42.8
07/20/2026,16:56:13,23.9,42.8
07/20/2026,17:01:13,23.9,42.9
07/20/2026,17:06:13,23.9,42.9
07/20/2026,17:11:13,23.9,42.9
07/20/2026,17:16:13,23.9,43.0
07/20/2026,17:21:13,23.9,42.9
07/20/2026,17:26:13,23.9,42.9
07/20/2026,17:31:13,24.0,42.9
07/20/2026,17:36:13,24.0,43.0
07/20/2026,17:41:13,24.0,43.0
07/20/2026,17:46:13,24.0,42.9
07/20/2026,17:51:13,24.0,43.0
07/20/2026,17:56:13,24.1,43.0
07/20/2026,18:01:13,24.1,43.0
07/20/2026,18:06:13,24.1,43.0
07/20/2026,18:11:13,24.1,43.0
07/20/2026,18:16:13,24.1,43.0
07/20/2026,18:21:13,24.1,43.0
07/20/2026,18:26:13,24.1,43.0
07/20/2026,18:31:13,24.1,42.9
07/20/2026,18:36:13,24.2,43.0
07/20/2026,18:41:13,24.2,43.1
07/20/2026,18:46:13,24.2,42.9
07/20/2026,18:51:13,24.2,42.8
07/20/2026,18:56:13,24.2,42.9
07/20/2026,19:01:13,24.2,42.8
07/20/2026,19:06:13,24.2,42.8
07/20/2026,19:11:13,24.2,42.9
07/20/2026,19:16:13,24.3,42.8
07/20/2026,19:21:13,24.3,42.9
07/20/2026,19:26:13,24.3,42.8
07/20/2026,19:31:13,24.3,42.9
07/20/2026,19:36:13,24.3,42.9
07/20/2026,19:41:13,24.3,42.9
07/20/2026,19:46:13,24.3,42.9
07/20/2026,19:51:13,24.3,43.0
07/20/2026,19:56:13,24.3,43.0
07/20/2026,20:01:13,24.3,43.0
07/20/2026,20:06:13,24.3,43.0
07/20/2026,20:11:13,24.3,43.0
07/20/2026,20:16:13,24.3,43.0
07/20/2026,20:21:13,24.3,42.9
07/20/2026,20:26:13,24.3,42.8
07/20/2026,20:31:13,24.3,42.9
07/20/2026,20:36:13,24.3,42.8
07/20/2026,20:41:13,24.3,42.7
07/20/2026,20:46:13,24.3,42.7
07/20/2026,20:51:13,24.3,42.7
07/20/2026,20:56:13,24.3,42.7
07/20/2026,21:01:13,24.3,42.6
07/20/2026,21:06:13,24.3,42.6
07/20/2026,21:11:13,24.3,42.6
07/20/2026,21:16:13,24.3,42.5
07/20/2026,21:21:13,24.3,42.5
07/20/2026,21:26:13,24.3,42.5
07/20/2026,21:31:13,24.3,42.6
07/20/2026,21:36:13,24.3,42.5
07/20/2026,21:41:13,24.3,42.5
07/20/2026,21:46:13,24.3,42.4
07/20/2026,21:51:13,24.3,42.5
07/20/2026,21:56:13,24.3,42.5
07/20/2026,22:01:13,24.3,42.4
07/20/2026,22:06:13,24.3,42.4
07/20/2026,22:11:13,24.3,42.4
07/20/2026,22:16:13,24.3,42.4
07/20/2026,22:21:13,24.3,42.4
07/20/2026,22:26:13,24.3,42.3
07/20/2026,22:31:13,24.3,42.3
07/20/2026,22:36:13,24.3,42.3
07/20/2026,22:41:13,24.2,42.3
07/20/2026,22:46:13,24.2,42.2
07/20/2026,22:51:13,24.3,42.2
07/20/2026,22:56:13,24.2,42.2
07/20/2026,23:01:13,24.2,42.3
07/20/2026,23:06:13,24.2,42.2
07/20/2026,23:11:13,24.2,42.3
07/20/2026,23:16:13,24.2,42.2
07/20/2026,23:21:13,24.2,42.3
07/20/2026,23:26:13,24.2,42.3
07/20/2026,23:31:13,24.2,42.3
07/20/2026,23:36:13,24.2,42.3
07/20/2026,23:41:13,24.1,42.4
07/20/2026,23:46:13,24.1,42.4
07/20/2026,23:51:13,24.1,42.4
07/20/2026,23:56:13,24.1,42.5
07/21/2026,00:01:13,24.1,42.4
07/21/2026,00:06:13,24.1,42.5
07/21/2026,00:11:13,24.1,42.5
07/21/2026,00:16:13,24.0,42.5
07/21/2026,00:21:13,24.0,42.5
07/21/2026,00:26:13,24.0,42.6
07/21/2026,00:31:13,24.0,42.6
07/21/2026,00:36:13,24.0,42.6
07/21/2026,00:41:13,24.0,42.7
07/21/2026,00:46:13,24.0,42.7
07/21/2026,00:51:13,24.0,42.8
07/21/2026,00:56:13,23.9,42.8
07/21/2026,01:01:13,23.9,42.9
07/21/2026,01:06:13,23.9,42.9
07/21/2026,01:11:13,23.9,42.9
07/21/2026,01:16:13,23.9,42.9
07/21/2026,01:21:13,23.8,43.0
07/21/2026,01:26:13,23.8,43.0
07/21/2026,01:31:13,23.8,43.1
07/21/2026,01:36:13,23.8,43.1
07/21/2026,01:41:13,23.8,43.2
07/21/2026,01:46:13,23.8,43.2
07/21/2026,01:51:13,23.8,43.2
07/21/2026,01:56:13,23.8,43.2
07/21/2026,02:01:13,23.7,43.3
07/21/2026,02:06:13,23.7,43.4
07/21/2026,02:11:13,23.7,43.4
07/21/2026,02:16:13,23.7,43.4
07/21/2026,02:21:13,23.7,43.5
07/21/2026,02:26:13,23.7,43.6
07/21/2026,02:31:13,23.7,43.5
07/21/2026,02:36:13,23.7,43.6
07/21/2026,02:41:13,23.6,43.6
07/21/2026,02:46:13,23.6,43.6
07/21/2026,02:51:13,23.6,43.7
07/21/2026,02:56:13,23.6,43.7
07/21/2026,03:01:13,23.6,43.7
07/21/2026,03:06:13,23.6,43.8
07/21/2026,03:11:13,23.6,43.8
07/21/2026,03:16:13,23.6,43.8
07/21/2026,03:21:13,23.5,43.8
07/21/2026,03:26:13,23.5,43.9
07/21/2026,03:31:13,23.5,43.9
07/21/2026,03:36:13,23.5,43.9
07/21/2026,03:41:13,23.5,43.9
07/21/2026,03:46:13,23.5,43.9
07/21/2026,03:51:13,23.4,44.0
07/21/2026,03:56:13,23.4,44.0
07/21/2026,04:01:13,23.4,44.1
07/21/2026,04:06:13,23.4,44.0
07/21/2026,04:11:13,23.4,44.1
07/21/2026,04:16:13,23.4,44.1
07/21/2026,04:21:13,23.4,44.2
07/21/2026,04:26:13,23.3,44.2
07/21/2026,04:31:13,23.3,44.2
07/21/2026,04:36:13,23.3,44.3
07/21/2026,04:41:13,23.3,44.3
07/21/2026,04:46:13,23.3,44.3
07/21/2026,04:51:13,23.3,44.4
07/21/2026,04:56:13,23.3,44.4
07/21/2026,05:01:13,23.3,44.4
07/21/2026,05:06:13,23.2,44.5
07/21/2026,05:11:13,23.2,44.5
07/21/2026,05:16:13,23.2,44.5
07/21/2026,05:21:13,23.2,44.6
07/21/2026,05:26:13,23.2,44.6
07/21/2026,05:31:13,23.2,44.7
07/21/2026,05:36:13,23.2,44.7
07/21/2026,05:41:13,23.2,44.7
07/21/2026,05:46:13,23.1,44.8
07/21/2026,05:51:13,23.1,44.8
07/21/2026,05:56:13,23.1,44.9
07/21/2026,06:01:13,23.1,44.9
07/21/2026,06:06:13,23.1,44.9
07/21/2026,06:11:13,23.1,45.0
07/21/2026,06:16:13,23.1,45.0
07/21/2026,06:21:13,23.1,45.0
07/21/2026,06:26:13,23.1,45.1
07/21/2026,06:31:13,23.1,45.1
07/21/2026,06:36:13,23.0,45.2
07/21/2026,06:41:13,23.0,45.1
07/21/2026,06:46:13,23.0,45.2
07/21/2026,06:51:13,23.0,45.2
07/21/2026,06:56:13,23.0,45.3
07/21/2026,07:01:13,23.0,45.3
07/21/2026,07:06:13,23.0,45.4
07/21/2026,07:11:13,23.0,45.3
07/21/2026,07:16:13,23.0,45.4
07/21/2026,07:21:13,23.0,45.4
07/21/2026,07:26:13,23.0,45.4
07/21/2026,07:31:13,23.0,45.5
07/21/2026,07:36:13,23.0,45.6
07/21/2026,07:41:13,23.0,45.6
07/21/2026,07:46:13,23.0,45.7
07/21/2026,07:51:13,23.0,45.7
07/21/2026,07:56:13,23.0,45.7
07/21/2026,08:01:13,23.0,45.7
07/21/2026,08:06:13,23.0,45.7
07/21/2026,08:11:13,23.0,45.8
07/21/2026,08:16:13,23.1,45.8
07/21/2026,08:21:13,23.0,45.8
07/21/2026,08:26:13,23.1,45.8
07/21/2026,08:31:13,23.1,45.8
07/21/2026,08:36:13,23.1,45.8
07/21/2026,08:41:13,23.1,45.8
07/21/2026,08:46:13,23.1,45.8
07/21/2026,08:51:13,23.1,45.9
07/21/2026,08:56:13,23.1,45.8
07/21/2026,09:01:13,23.1,45.9
07/21/2026,09:06:13,23.1,45.9
07/21/2026,09:11:13,23.1,45.9
07/21/2026,09:16:13,23.1,45.9
07/21/2026,09:21:13,23.1,45.9
07/21/2026,09:26:13,23.1,46.0
07/21/2026,09:31:13,23.1,45.9
07/21/2026,09:36:13,23.1,46.0
07/21/2026,09:41:13,23.1,46.0
07/21/2026,09:46:13,23.1,46.0
07/21/2026,09:51:13,23.1,46.0
07/21/2026,09:56:13,23.1,46.0
07/21/2026,10:01:13,23.1,46.0
07/21/2026,10:06:13,23.2,46.1
07/21/2026,10:11:13,23.1,46.1
07/21/2026,10:16:13,23.2,46.1
07/21/2026,10:21:13,23.2,46.1
07/21/2026,10:26:13,23.1,46.1
07/21/2026,10:31:13,23.2,46.1
07/21/2026,10:36:13,23.2,46.1
07/21/2026,10:41:13,23.2,46.1
07/21/2026,10:46:13,23.2,46.1
07/21/2026,10:51:13,23.2,46.1
07/21/2026,10:56:13,23.2,46.2
07/21/2026,11:01:13,23.2,46.2
07/21/2026,11:06:13,23.2,46.3
07/21/2026,11:11:13,23.2,46.2
07/21/2026,11:16:13,23.2,46.3
07/21/2026,11:21:13,23.2,46.3
07/21/2026,11:26:13,23.2,46.3
07/21/2026,11:31:13,23.2,46.3
07/21/2026,11:36:13,23.2,46.3
07/21/2026,11:41:13,23.2,46.4
07/21/2026,11:46:13,23.2,46.3
07/21/2026,11:51:13,23.2,46.4
07/21/2026,11:56:13,23.2,46.4
07/21/2026,12:01:13,23.2,46.5
07/21/2026,12:06:13,23.2,46.6
07/21/2026,12:11:13,23.2,46.6
07/21/2026,12:16:13,23.2,46.8
07/21/2026,12:21:13,23.2,46.8
07/21/2026,12:26:13,23.2,46.9
07/21/2026,12:31:13,23.2,46.9
07/21/2026,12:36:13,23.2,46.9
07/21/2026,12:41:13,23.2,46.9
07/21/2026,12:46:13,23.2,47.0
07/21/2026,12:51:13,23.3,47.1
07/21/2026,12:56:13,23.2,47.1
07/21/2026,13:01:13,23.2,47.2
07/21/2026,13:06:13,23.3,47.2
07/21/2026,13:11:13,23.3,47.2
07/21/2026,13:16:13,23.3,47.6
07/21/2026,13:21:13,23.3,47.7
07/21/2026,13:26:13,23.3,47.8
07/21/2026,13:31:13,23.3,47.9
07/21/2026,13:36:13,23.4,48.1
07/21/2026,13:41:13,23.3,48.1
07/21/2026,13:46:13,23.3,48.2
07/21/2026,13:51:13,23.3,48.2
07/21/2026,13:56:13,23.4,48.3
07/21/2026,14:01:13,23.4,48.4
07/21/2026,14:06:13,23.4,48.3
07/21/2026,14:11:13,23.4,48.4
07/21/2026,14:16:13,23.4,48.4
07/21/2026,14:21:13,23.4,48.4
07/21/2026,14:26:13,23.4,48.4
07/21/2026,14:31:13,23.4,48.5
07/21/2026,14:36:13,23.4,48.5
07/21/2026,14:41:13,23.4,48.6
07/21/2026,14:46:13,23.4,48.7
07/21/2026,14:51:13,23.4,48.8
07/21/2026,14:56:13,23.4,48.8
07/21/2026,15:01:13,23.4,48.9
07/21/2026,15:06:13,23.4,49.0
07/21/2026,15:11:13,23.5,49.0
07/21/2026,15:16:13,23.5,49.1
07/21/2026,15:21:13,23.5,49.0
07/21/2026,15:26:13,23.5,49.1
07/21/2026,15:31:13,23.5,49.1
07/21/2026,15:36:13,23.5,49.1
07/21/2026,15:41:13,23.5,49.2
07/21/2026,15:46:13,23.5,49.3
07/21/2026,15:51:13,23.5,49.3
07/21/2026,15:56:13,23.5,49.2
07/21/2026,16:01:13,23.5,49.3
07/21/2026,16:06:13,23.5,49.3
07/21/2026,16:11:13,23.5,49.4
07/21/2026,16:16:13,23.5,49.4
07/21/2026,16:21:13,23.5,49.5
07/21/2026,16:26:13,23.5,49.5
07/21/2026,16:31:13,23.5,49.6
07/21/2026,16:36:13,23.5,49.6
07/21/2026,16:41:13,23.5,49.7
07/21/2026,16:46:13,23.5,49.6
07/21/2026,16:51:13,23.5,49.7
07/21/2026,16:56:13,23.5,49.8
07/21/2026,17:01:13,23.5,49.7
07/21/2026,17:06:13,23.5,49.7
07/21/2026,17:11:13,23.5,49.7
07/21/2026,17:16:13,23.5,49.7
07/21/2026,17:21:13,23.5,49.7
07/21/2026,17:26:13,23.6,49.5
07/21/2026,17:31:13,23.6,49.5
07/21/2026,17:36:13,23.6,49.6
07/21/2026,17:41:13,23.6,49.5
07/21/2026,17:46:13,23.6,49.6
07/21/2026,17:51:13,23.6,49.5
07/21/2026,17:56:13,23.6,49.5
07/21/2026,18:01:13,23.6,49.5
07/21/2026,18:06:13,23.6,49.4
07/21/2026,18:11:13,23.6,49.5
07/21/2026,18:16:13,23.6,49.5
07/21/2026,18:21:13,23.6,49.4
07/21/2026,18:26:13,23.6,49.4
07/21/2026,18:31:13,23.6,49.4
07/21/2026,18:36:13,23.7,49.4
07/21/2026,18:41:13,23.7,49.4
07/21/2026,18:46:13,23.7,49.5
07/21/2026,18:51:13,23.7,49.4
07/21/2026,18:56:13,23.7,49.4
07/21/2026,19:01:13,23.7,49.3
07/21/2026,19:06:13,23.7,49.5
07/21/2026,19:11:13,23.7,49.4
07/21/2026,19:16:13,23.8,49.4
07/21/2026,19:21:13,23.8,49.3
07/21/2026,19:26:13,23.8,49.3
07/21/2026,19:31:13,23.8,49.3
07/21/2026,19:36:13,23.8,49.5
07/21/2026,19:41:13,23.8,49.5
07/21/2026,19:46:13,23.8,49.6
07/21/2026,19:51:13,23.8,49.5
07/21/2026,19:56:13,23.8,49.5
07/21/2026,20:01:13,23.8,49.6
07/21/2026,20:06:13,23.9,49.7
07/21/2026,20:11:13,23.9,49.7
07/21/2026,20:16:13,23.9,49.7
07/21/2026,20:21:13,23.9,49.9
07/21/2026,20:26:13,23.9,49.9
07/21/2026,20:31:13,23.9,50.0
07/21/2026,20:36:13,23.9,49.9
07/21/2026,20:41:13,23.9,49.9
07/21/2026,20:46:13,23.9,50.0
07/21/2026,20:51:13,23.9,50.1
07/21/2026,20:56:13,23.9,50.0
07/21/2026,21:01:13,23.9,50.1
07/21/2026,21:06:13,23.9,50.1
07/21/2026,21:11:13,23.9,50.0
07/21/2026,21:16:13,23.9,50.1
07/21/2026,21:21:13,23.9,50.1
07/21/2026,21:26:13,23.9,50.1
07/21/2026,21:31:13,23.9,50.1
07/21/2026,21:36:13,23.8,50.0
07/21/2026,21:41:13,23.8,50.0
07/21/2026,21:46:13,23.8,50.1
07/21/2026,21:51:13,23.8,50.1
07/21/2026,21:56:13,23.8,50.0
07/21/2026,22:01:13,23.8,50.1
07/21/2026,22:06:13,23.8,50.1
07/21/2026,22:11:13,23.8,50.1
07/21/2026,22:16:13,23.8,50.1
07/21/2026,22:21:13,23.7,50.1
07/21/2026,22:26:13,23.7,50.1
07/21/2026,22:31:13,23.7,50.1
07/21/2026,22:36:13,23.7,50.1
07/21/2026,22:41:13,23.7,50.1
07/21/2026,22:46:13,23.7,50.1
07/21/2026,22:51:13,23.7,50.1
07/21/2026,22:56:13,23.7,50.1
07/21/2026,23:01:13,23.6,50.1
07/21/2026,23:06:13,23.6,50.1
07/21/2026,23:11:13,23.6,50.1
07/21/2026,23:16:13,23.6,50.0
07/21/2026,23:21:13,23.6,50.0
07/21/2026,23:26:13,23.6,50.0
07/21/2026,23:31:13,23.5,50.0
07/21/2026,23:36:13,23.5,50.0
07/21/2026,23:41:13,23.5,50.0
07/21/2026,23:46:13,23.5,50.0
07/21/2026,23:51:13,23.5,49.9
07/21/2026,23:56:13,23.5,49.9
07/22/2026,00:01:13,23.5,49.9
07/22/2026,00:06:13,23.4,49.9
07/22/2026,00:11:13,23.4,49.9
07/22/2026,00:16:13,23.4,49.8
07/22/2026,00:21:13,23.4,49.8
07/22/2026,00:26:13,23.4,49.8
07/22/2026,00:31:13,23.4,49.8
07/22/2026,00:36:13,23.3,49.8
07/22/2026,00:41:13,23.3,49.7
07/22/2026,00:46:13,23.3,49.7
07/22/2026,00:51:13,23.3,49.7
07/22/2026,00:56:13,23.3,49.7
07/22/2026,01:01:13,23.3,49.7
07/22/2026,01:06:13,23.2,49.6
07/22/2026,01:11:13,23.2,49.6
07/22/2026,01:16:13,23.2,49.6
07/22/2026,01:21:13,23.2,49.6
07/22/2026,01:26:13,23.2,49.5
07/22/2026,01:31:13,23.2,49.5
07/22/2026,01:36:13,23.1,49.5
07/22/2026,01:41:13,23.1,49.5
07/22/2026,01:46:13,23.1,49.5
07/22/2026,01:51:13,23.1,49.4
07/22/2026,01:56:13,23.1,49.4
07/22/2026,02:01:13,23.1,49.4
07/22/2026,02:06:13,23.0,49.4
07/22/2026,02:11:13,23.0,49.4
07/22/2026,02:16:13,23.0,49.3
07/22/2026,02:21:13,23.0,49.4
07/22/2026,02:26:13,23.0,49.3
07/22/2026,02:31:13,23.0,49.3
07/22/2026,02:36:13,22.9,49.3
07/22/2026,02:41:13,22.9,49.3
07/22/2026,02:46:13,22.9,49.3
07/22/2026,02:51:13,22.9,49.3
07/22/2026,02:56:13,22.9,49.3
07/22/2026,03:01:13,22.9,49.3
07/22/2026,03:06:13,22.9,49.2
07/22/2026,03:11:13,22.8,49.2
07/22/2026,03:16:13,22.8,49.2
07/22/2026,03:21:13,22.8,49.2
07/22/2026,03:26:13,22.8,49.2
07/22/2026,03:31:13,22.7,49.2
07/22/2026,03:36:13,22.7,49.1
07/22/2026,03:41:13,22.7,49.2
07/22/2026,03:46:13,22.7,49.2
07/22/2026,03:51:13,22.7,49.1
07/22/2026,03:56:13,22.7,49.2
07/22/2026,04:01:13,22.7,49.2
07/22/2026,04:06:13,22.7,49.2
07/22/2026,04:11:13,22.6,49.1
07/22/2026,04:16:13,22.6,49.1
07/22/2026,04:21:13,22.6,49.1
07/22/2026,04:26:13,22.6,49.1
07/22/2026,04:31:13,22.6,49.1
07/22/2026,04:36:13,22.6,49.1
07/22/2026,04:41:13,22.6,49.1
07/22/2026,04:46:13,22.6,49.1
07/22/2026,04:51:13,22.5,49.1
07/22/2026,04:56:13,22.5,49.1
07/22/2026,05:01:13,22.5,49.1
07/22/2026,05:06:13,22.5,49.1
07/22/2026,05:11:13,22.5,49.1
07/22/2026,05:16:13,22.5,49.1
07/22/2026,05:21:13,22.5,49.0
07/22/2026,05:26:13,22.5,49.1
07/22/2026,05:31:13,22.4,49.0
07/22/2026,05:36:13,22.5,49.0
07/22/2026,05:41:13,22.5,49.0
07/22/2026,05:46:13,22.4,49.0
07/22/2026,05:51:13,22.4,49.1
07/22/2026,05:56:13,22.4,49.0
07/22/2026,06:01:13,22.4,49.0
07/22/2026,06:06:13,22.4,49.0
07/22/2026,06:11:13,22.4,49.0
07/22/2026,06:16:13,22.3,49.0
07/22/2026,06:21:13,22.3,49.0
07/22/2026,06:26:13,22.3,49.1
07/22/2026,06:31:13,22.3,49.0
07/22/2026,06:36:13,22.3,49.0
07/22/2026,06:41:13,22.3,49.1
07/22/2026,06:46:13,22.3,49.1
07/22/2026,06:51:13,22.3,49.1
07/22/2026,06:56:13,22.3,49.1
07/22/2026,07:01:13,22.3,49.0
07/22/2026,07:06:13,22.3,49.1
07/22/2026,07:11:13,22.3,49.1
07/22/2026,07:16:13,22.2,49.1
07/22/2026,07:21:13,22.2,49.1
07/22/2026,07:26:13,22.2,49.1
07/22/2026,07:31:13,22.2,49.1
07/22/2026,07:36:13,22.2,49.1
07/22/2026,07:41:13,22.2,49.1
07/22/2026,07:46:13,22.2,49.1
07/22/2026,07:51:13,22.2,49.1
07/22/2026,07:56:13,22.2,49.1
07/22/2026,08:01:13,22.2,49.1
07/22/2026,08:06:13,22.2,49.1
07/22/2026,08:11:13,22.2,49.1
07/22/2026,08:16:13,22.2,49.1
07/22/2026,08:21:13,22.2,49.1
07/22/2026,08:26:13,22.2,49.1
07/22/2026,08:31:13,22.2,49.2
07/22/2026,08:36:13,22.2,49.2
07/22/2026,08:41:13,22.2,49.2
07/22/2026,08:46:13,22.2,49.2
07/22/2026,08:51:13,22.2,49.1
07/22/2026,08:56:13,22.2,49.1
07/22/2026,09:01:13,22.2,49.1
07/22/2026,09:06:13,22.2,49.2
07/22/2026,09:11:13,22.2,49.1
07/22/2026,09:16:13,22.3,49.2
07/22/2026,09:21:13,22.3,49.2
07/22/2026,09:26:13,22.3,49.2
07/22/2026,09:31:13,22.3,49.2
07/22/2026,09:36:13,22.3,49.2
07/22/2026,09:41:13,22.3,49.2
07/22/2026,09:46:13,22.3,49.2
07/22/2026,09:51:13,22.3,49.3
07/22/2026,09:56:13,22.3,49.3
07/22/2026,10:01:13,22.3,49.3
07/22/2026,10:06:13,22.3,49.4
07/22/2026,10:11:13,22.3,49.6
07/22/2026,10:16:13,22.3,49.5
07/22/2026,10:21:13,22.4,49.6
07/22/2026,10:26:13,22.4,49.6
07/22/2026,10:31:13,22.4,49.6
07/22/2026,10:36:13,22.4,49.6
07/22/2026,10:41:13,22.4,49.6
07/22/2026,10:46:13,22.4,49.7
07/22/2026,10:51:13,22.5,49.6
07/22/2026,10:56:13,22.5,49.6
07/22/2026,11:01:13,22.5,49.6
07/22/2026,11:06:13,22.5,49.6
07/22/2026,11:11:13,22.5,49.6
07/22/2026,11:16:13,22.5,49.6
07/22/2026,11:21:13,22.5,49.6
07/22/2026,11:26:13,22.5,49.6
07/22/2026,11:31:13,22.5,49.6
07/22/2026,11:36:13,22.5,49.5
07/22/2026,11:41:13,22.5,49.5
07/22/2026,11:46:13,22.6,49.5
07/22/2026,11:51:13,22.6,49.5
07/22/2026,11:56:13,22.6,49.5
07/22/2026,12:01:13,22.6,49.6
07/22/2026,12:06:13,22.6,49.5
07/22/2026,12:11:13,22.6,49.6
07/22/2026,12:16:13,22.6,49.5
07/22/2026,12:21:13,22.6,49.5
07/22/2026,12:26:13,22.7,49.6
07/22/2026,12:31:13,22.7,49.5
07/22/2026,12:36:13,22.7,49.5
07/22/2026,12:41:13,22.7,49.5
07/22/2026,12:46:13,22.7,49.5
07/22/2026,12:51:13,22.7,49.6
07/22/2026,12:56:13,22.7,49.5
07/22/2026,13:01:13,22.7,49.5
07/22/2026,13:06:13,22.7,49.7
07/22/2026,13:11:13,22.7,49.6
07/22/2026,13:16:13,22.8,49.6
07/22/2026,13:21:13,22.8,49.6
07/22/2026,13:26:13,22.8,49.6
07/22/2026,13:31:13,22.8,49.6
07/22/2026,13:36:13,22.8,49.6
07/22/2026,13:41:13,22.8,49.6
07/22/2026,13:46:13,22.9,49.6
07/22/2026,13:51:13,22.9,49.6
07/22/2026,13:56:13,22.9,49.7
07/22/2026,14:01:13,22.9,49.6
07/22/2026,14:06:13,22.9,49.6
07/22/2026,14:11:13,22.9,49.6
07/22/2026,14:16:13,22.9,49.6
07/22/2026,14:21:13,23.0,49.7
07/22/2026,14:26:13,23.0,49.6
07/22/2026,14:31:13,23.0,49.6
07/22/2026,14:36:13,23.0,49.6
07/22/2026,14:41:13,23.0,49.6
07/22/2026,14:46:13,23.0,49.7
07/22/2026,14:51:13,23.0,49.7
07/22/2026,14:56:13,23.1,49.8
07/22/2026,15:01:13,23.1,49.8
07/22/2026,15:06:13,23.1,49.9
07/22/2026,15:11:13,23.1,49.8
07/22/2026,15:16:13,23.1,50.0
07/22/2026,15:21:13,23.1,49.9
07/22/2026,15:26:13,23.2,49.8
07/22/2026,15:31:13,23.2,49.9
07/22/2026,15:36:13,23.2,50.1
07/22/2026,15:41:13,23.2,50.0
07/22/2026,15:46:13,23.2,50.0
07/22/2026,15:51:13,23.2,50.0
07/22/2026,15:56:13,23.3,50.1
07/22/2026,16:01:13,23.3,50.1
07/22/2026,16:06:13,23.3,50.1
07/22/2026,16:11:13,23.3,50.1
07/22/2026,16:16:13,23.3,50.1
07/22/2026,16:21:13,23.4,50.2
07/22/2026,16:26:13,23.3,50.2
07/22/2026,16:31:13,23.4,50.1
07/22/2026,16:36:13,23.4,50.2
07/22/2026,16:41:13,23.4,50.1
07/22/2026,16:46:13,23.4,50.2
07/22/2026,16:51:13,23.4,50.2
07/22/2026,16:56:13,23.5,50.3
07/22/2026,17:01:13,23.5,50.3
07/22/2026,17:06:13,23.5,50.3
07/22/2026,17:11:13,23.5,50.4
07/22/2026,17:16:13,23.5,50.4
07/22/2026,17:21:13,23.5,50.4
07/22/2026,17:26:13,23.5,50.4
07/22/2026,17:31:13,23.6,50.3
07/22/2026,17:36:13,23.6,50.4
07/22/2026,17:41:13,23.6,50.4
07/22/2026,17:46:13,23.6,50.3
07/22/2026,17:51:13,23.6,50.3
07/22/2026,17:56:13,23.6,50.3
07/22/2026,18:01:13,23.6,50.2
07/22/2026,18:06:13,23.7,50.2
07/22/2026,18:11:13,23.7,50.1
07/22/2026,18:16:13,23.7,50.1
07/22/2026,18:21:13,23.7,50.1
07/22/2026,18:26:13,23.7,50.2
07/22/2026,18:31:13,23.7,50.0
07/22/2026,18:36:13,23.7,50.1
07/22/2026,18:41:13,23.7,50.0
07/22/2026,18:46:13,23.7,49.9
07/22/2026,18:51:13,23.7,50.0
07/22/2026,18:56:13,23.7,50.0
07/22/2026,19:01:13,23.7,50.0
07/22/2026,19:06:13,23.8,50.0
07/22/2026,19:11:13,23.8,50.0
07/22/2026,19:16:13,23.8,50.0
07/22/2026,19:21:13,23.8,50.0
07/22/2026,19:26:13,23.8,50.2
07/22/2026,19:31:13,23.8,50.2
07/22/2026,19:36:13,23.8,50.2
07/22/2026,19:41:13,23.9,50.3
07/22/2026,19:46:13,23.9,50.4
07/22/2026,19:51:13,23.9,50.3
07/22/2026,19:56:13,23.9,50.3
07/22/2026,20:01:13,23.9,50.4
07/22/2026,20:06:13,23.9,50.3
07/22/2026,20:11:13,23.9,50.3
07/22/2026,20:16:13,23.9,50.2
07/22/2026,20:21:13,24.0,50.2
07/22/2026,20:26:13,24.0,50.2
07/22/2026,20:31:13,24.0,50.2
07/22/2026,20:36:13,24.0,50.1
07/22/2026,20:41:13,24.0,50.1
07/22/2026,20:46:13,24.0,50.0
07/22/2026,20:51:13,24.0,50.0
07/22/2026,20:56:13,24.0,49.9
07/22/2026,21:01:13,24.0,49.9
07/22/2026,21:06:13,24.0,49.8
07/22/2026,21:11:13,24.0,49.7
07/22/2026,21:16:13,24.0,49.7
07/22/2026,21:21:13,24.0,49.7
07/22/2026,21:26:13,24.0,49.6
07/22/2026,21:31:13,24.0,49.6
07/22/2026,21:36:13,24.0,49.6
07/22/2026,21:41:13,24.0,49.5
07/22/2026,21:46:13,23.9,49.5
07/22/2026,21:51:13,23.9,49.5
07/22/2026,21:56:13,23.9,49.4
07/22/2026,22:01:13,23.9,49.4
07/22/2026,22:06:13,23.9,49.4
07/22/2026,22:11:13,23.9,49.3
07/22/2026,22:16:13,23.9,49.2
07/22/2026,22:21:13,23.8,49.1
07/22/2026,22:26:13,23.9,49.2
07/22/2026,22:31:13,23.8,49.1
07/22/2026,22:36:13,23.8,49.1
07/22/2026,22:41:13,23.8,49.0
07/22/2026,22:46:13,23.8,49.0
07/22/2026,22:51:13,23.7,49.0
07/22/2026,22:56:13,23.7,48.9
07/22/2026,23:01:13,23.7,48.9
07/22/2026,23:06:13,23.7,48.9
07/22/2026,23:11:13,23.7,48.8
07/22/2026,23:16:13,23.7,48.8
07/22/2026,23:21:13,23.6,48.8
07/22/2026,23:26:13,23.6,48.7
07/22/2026,23:31:13,23.6,48.7
07/22/2026,23:36:13,23.6,48.7
07/22/2026,23:41:13,23.6,48.6
07/22/2026,23:46:13,23.5,48.6
07/22/2026,23:51:13,23.5,48.6
07/22/2026,23:56:13,23.5,48.5
07/23/2026,00:01:13,23.5,48.5
07/23/2026,00:06:13,23.5,48.5
07/23/2026,00:11:13,23.5,48.6
07/23/2026,00:16:13,23.4,48.5
07/23/2026,00:21:13,23.4,48.5
07/23/2026,00:26:13,23.4,48.5
07/23/2026,00:31:13,23.4,48.5
07/23/2026,00:36:13,23.4,48.5
07/23/2026,00:41:13,23.3,48.4
07/23/2026,00:46:13,23.3,48.4
07/23/2026,00:51:13,23.3,48.5
07/23/2026,00:56:13,23.3,48.5
07/23/2026,01:01:13,23.2,48.5
07/23/2026,01:06:13,23.2,48.5
07/23/2026,01:11:13,23.2,48.5
07/23/2026,01:16:13,23.2,48.5
07/23/2026,01:21:13,23.2,48.5
07/23/2026,01:26:13,23.2,48.5
07/23/2026,01:31:13,23.1,48.6
07/23/2026,01:36:13,23.1,48.6
07/23/2026,01:41:13,23.1,48.7
07/23/2026,01:46:13,23.1,48.7
07/23/2026,01:51:13,23.1,48.8
07/23/2026,01:56:13,23.1,48.8
07/23/2026,02:01:13,23.1,48.9
07/23/2026,02:06:13,23.1,48.9
07/23/2026,02:11:13,23.0,49.0
07/23/2026,02:16:13,23.0,49.1
07/23/2026,02:21:13,23.0,49.1
07/23/2026,02:26:13,23.0,49.2
07/23/2026,02:31:13,23.0,49.2
07/23/2026,02:36:13,23.0,49.3
07/23/2026,02:41:13,23.0,49.4
07/23/2026,02:46:13,23.0,49.4
07/23/2026,02:51:13,22.9,49.6
07/23/2026,02:56:13,22.9,49.6
07/23/2026,03:01:13,22.9,49.7
07/23/2026,03:06:13,22.9,49.8
07/23/2026,03:11:13,22.9,49.8
07/23/2026,03:16:13,22.9,49.9
07/23/2026,03:21:13,22.9,50.0
07/23/2026,03:26:13,22.8,50.0
07/23/2026,03:31:13,22.8,50.1
07/23/2026,03:36:13,22.8,50.2
07/23/2026,03:41:13,22.8,50.2
07/23/2026,03:46:13,22.8,50.3
07/23/2026,03:51:13,22.8,50.3
07/23/2026,03:56:13,22.8,50.3
07/23/2026,04:01:13,22.8,50.4
07/23/2026,04:06:13,22.8,50.4
07/23/2026,04:11:13,22.7,50.5
07/23/2026,04:16:13,22.7,50.5
07/23/2026,04:21:13,22.7,50.6
07/23/2026,04:26:13,22.7,50.7
07/23/2026,04:31:13,22.7,50.8
07/23/2026,04:36:13,22.7,50.8
07/23/2026,04:41:13,22.6,50.8
07/23/2026,04:46:13,22.6,50.8
07/23/2026,04:51:13,22.6,50.9
07/23/2026,04:56:13,22.6,50.9
07/23/2026,05:01:13,22.6,51.0
07/23/2026,05:06:13,22.6,51.0
07/23/2026,05:11:13,22.6,51.0
07/23/2026,05:16:13,22.6,51.0
07/23/2026,05:21:13,22.5,51.1
07/23/2026,05:26:13,22.5,51.1
07/23/2026,05:31:13,22.5,51.1
07/23/2026,05:36:13,22.5,51.2
07/23/2026,05:41:13,22.5,51.2
07/23/2026,05:46:13,22.5,51.2
07/23/2026,05:51:13,22.5,51.2
07/23/2026,05:56:13,22.5,51.2
07/23/2026,06:01:13,22.5,51.2
07/23/2026,06:06:13,22.5,51.2
07/23/2026,06:11:13,22.5,51.3
07/23/2026,06:16:13,22.5,51.3
07/23/2026,06:21:13,22.5,51.2
07/23/2026,06:26:13,22.4,51.3
07/23/2026,06:31:13,22.5,51.3
07/23/2026,06:36:13,22.5,51.4
07/23/2026,06:41:13,22.5,51.4
07/23/2026,06:46:13,22.4,51.4
07/23/2026,06:51:13,22.4,51.4
07/23/2026,06:56:13,22.4,51.4
07/23/2026,07:01:13,22.4,51.4
07/23/2026,07:06:13,22.4,51.5
07/23/2026,07:11:13,22.4,51.5
07/23/2026,07:16:13,22.4,51.5
07/23/2026,07:21:13,22.4,51.6
07/23/2026,07:26:13,22.4,51.6
07/23/2026,07:31:13,22.4,51.7
07/23/2026,07:36:13,22.4,51.7
07/23/2026,07:41:13,22.3,51.8
07/23/2026,07:46:13,22.4,51.8
07/23/2026,07:51:13,22.3,51.9
07/23/2026,07:56:13,22.3,51.9
07/23/2026,08:01:13,22.3,51.9
07/23/2026,08:06:13,22.3,51.9
07/23/2026,08:11:13,22.3,52.0
07/23/2026,08:16:13,22.3,52.0
07/23/2026,08:21:13,22.3,52.1
07/23/2026,08:26:13,22.3,52.1
07/23/2026,08:31:13,22.3,52.1
07/23/2026,08:36:13,22.3,52.1
07/23/2026,08:41:13,22.3,52.2
07/23/2026,08:46:13,22.3,52.2
07/23/2026,08:51:13,22.3,52.3
07/23/2026,08:56:13,22.3,52.3
07/23/2026,09:01:13,22.3,52.4
07/23/2026,09:06:13,22.4,52.3
07/23/2026,09:11:13,22.4,52.4
07/23/2026,09:16:13,22.4,52.5
07/23/2026,09:21:13,22.4,52.5
07/23/2026,09:26:13,22.4,52.5
07/23/2026,09:31:13,22.4,52.4
07/23/2026,09:36:13,22.4,52.4
07/23/2026,09:41:13,22.5,52.4
07/23/2026,09:46:13,22.5,52.4
07/23/2026,09:51:13,22.5,52.4
07/23/2026,09:56:13,22.5,52.4
07/23/2026,10:01:13,22.5,52.4
07/23/2026,10:06:13,22.5,52.2
07/23/2026,10:11:13,22.5,52.2
07/23/2026,10:16:13,22.6,52.3
07/23/2026,10:21:13,22.6,52.2
07/23/2026,10:26:13,22.6,52.4
07/23/2026,10:31:13,22.6,52.3
07/23/2026,10:36:13,22.6,52.4
07/23/2026,10:41:13,22.6,52.3
07/23/2026,10:46:13,22.6,52.3
07/23/2026,10:51:13,22.7,52.3
07/23/2026,10:56:13,22.7,52.3
07/23/2026,11:01:13,22.7,52.3
07/23/2026,11:06:13,22.7,52.3
07/23/2026,11:11:13,22.7,52.3
07/23/2026,11:16:13,22.8,52.2
07/23/2026,11:21:13,22.8,52.2
07/23/2026,11:26:13,22.8,52.1
07/23/2026,11:31:13,22.8,52.2
07/23/2026,11:36:13,22.8,52.1
07/23/2026,11:41:13,22.9,52.1
07/23/2026,11:46:13,22.9,52.1
07/23/2026,11:51:13,22.9,52.1
07/23/2026,11:56:13,22.9,52.2
07/23/2026,12:01:13,23.0,52.1
07/23/2026,12:06:13,23.0,52.1
07/23/2026,12:11:13,23.0,52.1
07/23/2026,12:16:13,23.0,52.3
07/23/2026,12:21:13,23.1,52.2
07/23/2026,12:26:13,23.1,52.3
07/23/2026,12:31:13,23.1,52.4
07/23/2026,12:36:13,23.1,52.3
07/23/2026,12:41:13,23.1,52.4
07/23/2026,12:46:13,23.2,52.4
07/23/2026,12:51:13,23.2,52.4
07/23/2026,12:56:13,23.2,52.3
07/23/2026,13:01:13,23.3,52.3
07/23/2026,13:06:13,23.3,52.3
07/23/2026,13:11:13,23.3,52.3
07/23/2026,13:16:13,23.3,52.3
07/23/2026,13:21:13,23.3,52.3
07/23/2026,13:26:13,23.4,52.2
07/23/2026,13:31:13,23.4,52.3
07/23/2026,13:36:13,23.4,52.3
07/23/2026,13:41:13,23.4,52.2
07/23/2026,13:46:13,23.4,52.2
07/23/2026,13:51:13,23.5,52.2
07/23/2026,13:56:13,23.5,52.2
07/23/2026,14:01:13,23.5,52.1
07/23/2026,14:06:13,23.5,52.1
07/23/2026,14:11:13,23.6,52.1
07/23/2026,14:16:13,23.6,52.1
07/23/2026,14:21:13,23.6,52.0
07/23/2026,14:26:13,23.6,52.1
07/23/2026,14:31:13,23.7,52.0
07/23/2026,14:36:13,23.7,51.9
07/23/2026,14:41:13,23.7,51.9
07/23/2026,14:46:13,23.7,51.9
07/23/2026,14:51:13,23.7,51.8
07/23/2026,14:56:13,23.7,51.8
07/23/2026,15:01:13,23.7,51.8
07/23/2026,15:06:13,23.8,51.7
07/23/2026,15:11:13,23.8,51.7
07/23/2026,15:16:13,23.8,51.6
07/23/2026,15:21:13,23.8,51.7
07/23/2026,15:26:13,23.8,51.7
07/23/2026,15:31:13,23.8,51.7
07/23/2026,15:36:13,23.9,51.8
07/23/2026,15:41:13,23.9,51.7
07/23/2026,15:46:13,23.9,51.7
07/23/2026,15:51:13,23.9,51.7
07/23/2026,15:56:13,23.9,51.7
07/23/2026,16:01:13,24.0,51.6
07/23/2026,16:06:13,24.0,51.5
07/23/2026,16:11:13,24.0,51.5
07/23/2026,16:16:13,24.0,51.3
07/23/2026,16:21:13,24.1,51.3
07/23/2026,16:26:13,24.1,51.1
07/23/2026,16:31:13,24.1,51.0
07/23/2026,16:36:13,24.1,50.9
07/23/2026,16:41:13,24.1,50.7
07/23/2026,16:46:13,24.1,50.7
07/23/2026,16:51:13,24.1,50.7
07/23/2026,16:56:13,24.2,50.5
07/23/2026,17:01:13,24.2,50.6
07/23/2026,17:06:13,24.2,50.5
07/23/2026,17:11:13,24.2,50.5
07/23/2026,17:16:13,24.2,50.5
07/23/2026,17:21:13,24.2,50.4
07/23/2026,17:26:13,24.2,50.5
07/23/2026,17:31:13,24.2,50.5
07/23/2026,17:36:13,24.2,50.5
07/23/2026,17:41:13,24.3,50.5
07/23/2026,17:46:13,24.3,50.5
07/23/2026,17:51:13,24.3,50.5
07/23/2026,17:56:13,24.3,50.4
07/23/2026,18:01:13,24.3,50.4
07/23/2026,18:06:13,24.3,50.3
07/23/2026,18:11:13,24.3,50.4
07/23/2026,18:16:13,24.4,50.4
07/23/2026,18:21:13,24.4,50.4
07/23/2026,18:26:13,24.4,50.4
07/23/2026,18:31:13,24.4,50.4
07/23/2026,18:36:13,24.4,50.5
07/23/2026,18:41:13,24.4,50.4
07/23/2026,18:46:13,24.5,50.4
07/23/2026,18:51:13,24.5,50.4
07/23/2026,18:56:13,24.5,50.4
07/23/2026,19:01:13,24.5,50.3
07/23/2026,19:06:13,24.5,50.2
07/23/2026,19:11:13,24.5,50.3
07/23/2026,19:16:13,24.5,50.3
07/23/2026,19:21:13,24.5,50.3
07/23/2026,19:26:13,24.5,50.3
07/23/2026,19:31:13,24.5,50.2
07/23/2026,19:36:13,24.5,50.2
07/23/2026,19:41:13,24.5,50.2
07/23/2026,19:46:13,24.5,50.2
07/23/2026,19:51:13,24.5,50.2
07/23/2026,19:56:13,24.6,50.2
07/23/2026,20:01:13,24.6,50.2
07/23/2026,20:06:13,24.6,50.2
07/23/2026,20:11:13,24.6,50.1
07/23/2026,20:16:13,24.6,50.1
07/23/2026,20:21:13,24.6,50.2
07/23/2026,20:26:13,24.6,50.1
07/23/2026,20:31:13,24.6,50.1
07/23/2026,20:36:13,24.6,50.0
07/23/2026,20:41:13,24.6,50.1
07/23/2026,20:46:13,24.6,50.0
07/23/2026,20:51:13,24.6,50.0
07/23/2026,20:56:13,24.6,50.1
07/23/2026,21:01:13,24.6,50.0
07/23/2026,21:06:13,24.6,50.0
07/23/2026,21:11:13,24.6,50.0
07/23/2026,21:16:13,24.6,49.9
07/23/2026,21:21:13,24.6,49.9
07/23/2026,21:26:13,24.5,49.9
07/23/2026,21:31:13,24.6,50.0
07/23/2026,21:36:13,24.5,50.1
07/23/2026,21:41:13,24.5,50.2
07/23/2026,21:46:13,24.5,50.3
07/23/2026,21:51:13,24.5,50.4
07/23/2026,21:56:13,24.5,50.4
07/23/2026,22:01:13,24.5,50.5
07/23/2026,22:06:13,24.5,50.6
07/23/2026,22:11:13,24.5,50.6
07/23/2026,22:16:13,24.5,50.6
07/23/2026,22:21:13,24.5,50.7
07/23/2026,22:26:13,24.5,50.7
07/23/2026,22:31:13,24.5,50.8
07/23/2026,22:36:13,24.5,50.8
07/23/2026,22:41:13,24.5,50.9
07/23/2026,22:46:13,24.5,50.9
07/23/2026,22:51:13,24.4,50.9
07/23/2026,22:56:13,24.4,51.0
07/23/2026,23:01:13,24.4,51.0
07/23/2026,23:06:13,24.4,51.2
07/23/2026,23:11:13,24.4,51.2
07/23/2026,23:16:13,24.4,51.3
07/23/2026,23:21:13,24.4,51.3
07/23/2026,23:26:13,24.4,51.4
07/23/2026,23:31:13,24.3,51.4
07/23/2026,23:36:13,24.3,51.5
07/23/2026,23:41:13,24.3,51.5
07/23/2026,23:46:13,24.3,51.6
07/23/2026,23:51:13,24.3,51.6
07/23/2026,23:56:13,24.3,51.7
07/24/2026,00:01:13,24.3,51.7
07/24/2026,00:06:13,24.3,51.8
07/24/2026,00:11:13,24.3,51.8
07/24/2026,00:16:13,24.3,51.9
07/24/2026,00:21:13,24.2,52.0
07/24/2026,00:26:13,24.2,52.0
07/24/2026,00:31:13,24.2,52.1
07/24/2026,00:36:13,24.2,52.2
07/24/2026,00:41:13,24.2,52.3
07/24/2026,00:46:13,24.2,52.4
07/24/2026,00:51:13,24.1,52.4
07/24/2026,00:56:13,24.1,52.5
07/24/2026,01:01:13,24.1,52.6
07/24/2026,01:06:13,24.1,52.6
07/24/2026,01:11:13,24.1,52.7
07/24/2026,01:16:13,24.0,52.8
07/24/2026,01:21:13,24.1,52.8
07/24/2026,01:26:13,24.0,52.9
07/24/2026,01:31:13,24.0,53.0
07/24/2026,01:36:13,24.0,53.0
07/24/2026,01:41:13,24.0,53.1
07/24/2026,01:46:13,24.0,53.1
07/24/2026,01:51:13,24.0,53.1
07/24/2026,01:56:13,23.9,53.2
07/24/2026,02:01:13,23.9,53.2
07/24/2026,02:06:13,23.9,53.3
07/24/2026,02:11:13,23.9,53.2
07/24/2026,02:16:13,23.9,53.3
07/24/2026,02:21:13,23.9,53.4
07/24/2026,02:26:13,23.9,53.5
07/24/2026,02:31:13,23.9,53.5
07/24/2026,02:36:13,23.8,53.5
07/24/2026,02:41:13,23.8,53.6
07/24/2026,02:46:13,23.8,53.7
07/24/2026,02:51:13,23.8,53.7
07/24/2026,02:56:13,23.8,53.7
07/24/2026,03:01:13,23.8,53.8
07/24/2026,03:06:13,23.7,53.7
07/24/2026,03:11:13,23.7,53.7
07/24/2026,03:16:13,23.7,53.7
07/24/2026,03:21:13,23.7,53.7
07/24/2026,03:26:13,23.7,53.7
07/24/2026,03:31:13,23.7,53.7
07/24/2026,03:36:13,23.7,53.7
07/24/2026,03:41:13,23.7,53.7
07/24/2026,03:46:13,23.7,53.8
07/24/2026,03:51:13,23.7,53.7
07/24/2026,03:56:13,23.6,53.7
07/24/2026,04:01:13,23.6,53.7
07/24/2026,04:06:13,23.6,53.8
07/24/2026,04:11:13,23.6,53.7
07/24/2026,04:16:13,23.6,53.7
07/24/2026,04:21:13,23.6,53.8
07/24/2026,04:26:13,23.6,53.7
07/24/2026,04:31:13,23.6,53.7
07/24/2026,04:36:13,23.5,53.6
07/24/2026,04:41:13,23.5,53.7
07/24/2026,04:46:13,23.5,53.6
07/24/2026,04:51:13,23.5,53.6
07/24/2026,04:56:13,23.5,53.6
07/24/2026,05:01:13,23.4,53.5
07/24/2026,05:06:13,23.4,53.4
07/24/2026,05:11:13,23.5,53.4
07/24/2026,05:16:13,23.4,53.3
07/24/2026,05:21:13,23.4,53.3
07/24/2026,05:26:13,23.4,53.3
07/24/2026,05:31:13,23.4,53.2
07/24/2026,05:36:13,23.3,53.1
07/24/2026,05:41:13,23.3,53.0
07/24/2026,05:46:13,23.3,53.0
07/24/2026,05:51:13,23.3,52.9
07/24/2026,05:56:13,23.3,52.9
07/24/2026,06:01:13,23.3,52.8
07/24/2026,06:06:13,23.3,52.8
07/24/2026,06:11:13,23.3,52.7
07/24/2026,06:16:13,23.2,52.6
07/24/2026,06:21:13,23.2,52.6
07/24/2026,06:26:13,23.2,52.5
07/24/2026,06:31:13,23.2,52.5
07/24/2026,06:36:13,23.2,52.5
07/24/2026,06:41:13,23.2,52.5
07/24/2026,06:46:13,23.1,52.4
07/24/2026,06:51:13,23.1,52.4
07/24/2026,06:56:13,23.1,52.4
07/24/2026,07:01:13,23.1,52.4
07/24/2026,07:06:13,23.1,52.3
07/24/2026,07:11:13,23.1,52.3
07/24/2026,07:16:13,23.1,52.3
07/24/2026,07:21:13,23.1,52.2
07/24/2026,07:26:13,23.1,52.2
07/24/2026,07:31:13,23.1,52.2
07/24/2026,07:36:13,23.1,52.2
07/24/2026,07:41:13,23.1,52.2
07/24/2026,07:46:13,23.1,52.2
07/24/2026,07:51:13,23.1,52.1
07/24/2026,07:56:13,23.1,52.1
07/24/2026,08:01:13,23.2,52.2
07/24/2026,08:06:13,23.1,52.1
07/24/2026,08:11:13,23.2,52.2
07/24/2026,08:16:13,23.1,52.1
07/24/2026,08:21:13,23.1,52.1
07/24/2026,08:26:13,23.2,52.1
07/24/2026,08:31:13,23.2,52.2
07/24/2026,08:36:13,23.2,52.1
07/24/2026,08:41:13,23.2,52.1
07/24/2026,08:46:13,23.2,52.2
07/24/2026,08:51:13,23.2,52.1
07/24/2026,08:56:13,23.2,52.1
07/24/2026,09:01:13,23.2,52.1
07/24/2026,09:06:13,23.2,52.1
07/24/2026,09:11:13,23.2,52.1
07/24/2026,09:16:13,23.3,52.1
07/24/2026,09:21:13,23.3,52.1
07/24/2026,09:26:13,23.3,52.1
07/24/2026,09:31:13,23.3,52.1
07/24/2026,09:36:13,23.3,52.1
07/24/2026,09:41:13,23.3,52.0
07/24/2026,09:46:13,23.4,52.0
07/24/2026,09:51:13,23.4,52.0
07/24/2026,09:56:13,23.4,52.0
07/24/2026,10:01:13,23.4,52.0
07/24/2026,10:06:13,23.5,52.0
07/24/2026,10:11:13,23.5,52.0
07/24/2026,10:16:13,23.5,51.9
07/24/2026,10:21:13,23.5,51.9
07/24/2026,10:26:13,23.5,51.9
07/24/2026,10:31:13,23.5,51.9
07/24/2026,10:36:13,23.6,51.8
07/24/2026,10:41:13,23.6,51.8
07/24/2026,10:46:13,23.6,51.8
07/24/2026,10:51:13,23.6,51.8
07/24/2026,10:56:13,23.6,51.7
07/24/2026,11:01:13,23.6,51.7
07/24/2026,11:06:13,23.6,51.7
07/24/2026,11:11:13,23.7,51.7
07/24/2026,11:16:13,23.7,51.6
07/24/2026,11:21:13,23.7,51.6
07/24/2026,11:26:13,23.7,51.7
07/24/2026,11:31:13,23.7,51.6
07/24/2026,11:36:13,23.8,51.6
07/24/2026,11:41:13,23.8,51.6
07/24/2026,11:46:13,23.8,51.6
07/24/2026,11:51:13,23.8,51.5
07/24/2026,11:56:13,23.9,51.5
07/24/2026,12:01:13,23.9,51.5
07/24/2026,12:06:13,24.0,51.5
07/24/2026,12:11:13,23.9,51.5
07/24/2026,12:16:13,24.0,51.4
07/24/2026,12:21:13,24.0,51.3
07/24/2026,12:26:13,24.1,51.3
07/24/2026,12:31:13,24.1,51.2
07/24/2026,12:36:13,24.1,51.2
07/24/2026,12:41:13,24.1,51.1
07/24/2026,12:46:13,24.2,51.1
07/24/2026,12:51:13,24.2,51.0
07/24/2026,12:56:13,24.2,51.0
07/24/2026,13:01:13,24.3,51.1
07/24/2026,13:06:13,24.3,51.1
07/24/2026,13:11:13,24.3,51.1
07/24/2026,13:16:13,24.4,51.1
07/24/2026,13:21:13,24.4,51.0
07/24/2026,13:26:13,24.5,51.0
07/24/2026,13:31:13,24.5,50.9
07/24/2026,13:36:13,24.5,50.7
07/24/2026,13:41:13,24.6,50.6
07/24/2026,13:46:13,24.6,50.6
07/24/2026,13:51:13,24.7,50.6
07/24/2026,13:56:13,24.7,50.6
07/24/2026,14:01:13,24.7,50.6
07/24/2026,14:06:13,24.8,50.6
07/24/2026,14:11:13,24.8,50.5
07/24/2026,14:16:13,24.9,50.4
07/24/2026,14:21:13,24.9,50.3
07/24/2026,14:26:13,25.0,50.2
07/24/2026,14:31:13,25.0,50.2
07/24/2026,14:36:13,25.0,50.1
07/24/2026,14:41:13,25.1,50.0
07/24/2026,14:46:13,25.1,49.9
07/24/2026,14:51:13,25.1,49.9
07/24/2026,14:56:13,25.1,49.9
07/24/2026,15:01:13,25.2,49.8
07/24/2026,15:06:13,25.2,49.7
07/24/2026,15:11:13,25.2,49.5
07/24/2026,15:16:13,25.3,49.6
07/24/2026,15:21:13,25.3,49.5
07/24/2026,15:26:13,25.3,49.6
07/24/2026,15:31:13,25.4,49.5
07/24/2026,15:36:13,25.4,49.3
07/24/2026,15:41:13,25.5,49.3
07/24/2026,15:46:13,25.5,49.1
07/24/2026,15:51:13,25.5,49.1
07/24/2026,15:56:13,25.6,49.1
07/24/2026,16:01:13,25.6,48.9
07/24/2026,16:06:13,25.6,48.9
07/24/2026,16:11:13,25.7,48.8
07/24/2026,16:16:13,25.7,48.7
07/24/2026,16:21:13,25.7,48.6
07/24/2026,16:26:13,25.7,48.5
07/24/2026,16:31:13,25.8,48.5
07/24/2026,16:36:13,25.8,48.3
07/24/2026,16:41:13,25.8,48.2
07/24/2026,16:46:13,25.8,48.1
07/24/2026,16:51:13,25.9,48.0
07/24/2026,16:56:13,25.9,48.0
07/24/2026,17:01:13,25.9,47.8
07/24/2026,17:06:13,25.9,47.7
07/24/2026,17:11:13,25.9,47.6
07/24/2026,17:16:13,26.0,47.6
07/24/2026,17:21:13,26.0,47.5
07/24/2026,17:26:13,26.0,47.4
07/24/2026,17:31:13,26.0,47.4
07/24/2026,17:36:13,26.0,47.4
07/24/2026,17:41:13,26.0,47.3
07/24/2026,17:46:13,26.0,47.1
07/24/2026,17:51:13,26.0,47.2
07/24/2026,17:56:13,26.1,47.1
07/24/2026,18:01:13,26.0,47.0
07/24/2026,18:06:13,26.1,46.7
07/24/2026,18:11:13,26.1,46.7
07/24/2026,18:16:13,26.1,46.7
07/24/2026,18:21:13,26.1,46.7
07/24/2026,18:26:13,26.1,46.3
07/24/2026,18:31:13,26.1,46.2
07/24/2026,18:36:13,26.1,46.1
07/24/2026,18:41:13,26.1,45.8
07/24/2026,18:46:13,26.1,45.8
07/24/2026,18:51:13,26.1,45.7
07/24/2026,18:56:13,26.1,45.8
07/24/2026,19:01:13,26.2,45.6
07/24/2026,19:06:13,26.1,45.6
07/24/2026,19:11:13,26.2,45.5
07/24/2026,19:16:13,26.2,45.4
07/24/2026,19:21:13,26.2,45.3
07/24/2026,19:26:13,26.2,45.3
07/24/2026,19:31:13,26.2,45.5
07/24/2026,19:36:13,26.2,45.7
07/24/2026,19:41:13,26.2,45.6
07/24/2026,19:46:13,26.2,45.6
07/24/2026,19:51:13,26.3,45.7
07/24/2026,19:56:13,26.2,45.6
07/24/2026,20:01:13,26.3,45.6
07/24/2026,20:06:13,26.3,45.4
07/24/2026,20:11:13,26.2,45.4
07/24/2026,20:16:13,26.3,45.3
07/24/2026,20:21:13,26.2,45.1
07/24/2026,20:26:13,26.2,45.0
07/24/2026,20:31:13,26.2,45.0
07/24/2026,20:36:13,26.2,44.8
07/24/2026,20:41:13,26.2,44.7
07/24/2026,20:46:13,26.2,44.6
07/24/2026,20:51:13,26.2,44.5
07/24/2026,20:56:13,26.2,44.5
07/24/2026,21:01:13,26.2,44.3
07/24/2026,21:06:13,26.2,44.3
07/24/2026,21:11:13,26.2,44.2
07/24/2026,21:16:13,26.1,44.1
07/24/2026,21:21:13,26.1,44.0
07/24/2026,21:26:13,26.1,43.9
07/24/2026,21:31:13,26.1,43.9
07/24/2026,21:36:13,26.1,43.8
07/24/2026,21:41:13,26.1,43.8
07/24/2026,21:46:13,26.1,43.7
07/24/2026,21:51:13,26.0,43.7
07/24/2026,21:56:13,26.0,43.6
07/24/2026,22:01:13,26.0,43.6
07/24/2026,22:06:13,26.0,43.5
07/24/2026,22:11:13,26.0,43.5
07/24/2026,22:16:13,26.0,43.4
07/24/2026,22:21:13,26.0,43.4
07/24/2026,22:26:13,26.0,43.3
07/24/2026,22:31:13,25.9,43.3
07/24/2026,22:36:13,25.9,43.3
07/24/2026,22:41:13,25.9,43.3
07/24/2026,22:46:13,25.9,43.3
07/24/2026,22:51:13,25.9,43.1
07/24/2026,22:56:13,25.9,43.1
07/24/2026,23:01:13,25.8,43.0
07/24/2026,23:06:13,25.8,43.0
07/24/2026,23:11:13,25.8,42.9
07/24/2026,23:16:13,25.8,42.9
07/24/2026,23:21:13,25.7,42.9
07/24/2026,23:26:13,25.7,42.9
07/24/2026,23:31:13,25.7,42.9
07/24/2026,23:36:13,25.7,42.8
07/24/2026,23:41:13,25.7,42.8
07/24/2026,23:46:13,25.6,42.8
07/24/2026,23:51:13,25.6,42.8
07/24/2026,23:56:13,25.6,42.8
07/25/2026,00:01:13,25.6,42.8
07/25/2026,00:06:13,25.6,42.9
07/25/2026,00:11:13,25.5,42.9
07/25/2026,00:16:13,25.5,42.9
07/25/2026,00:21:13,25.5,43.0
07/25/2026,00:26:13,25.5,43.1
07/25/2026,00:31:13,25.4,43.2
07/25/2026,00:36:13,25.4,43.2
07/25/2026,00:41:13,25.4,43.2
07/25/2026,00:46:13,25.4,43.3
07/25/2026,00:51:13,25.3,43.4
07/25/2026,00:56:13,25.3,43.5
07/25/2026,01:01:13,25.3,43.7
07/25/2026,01:06:13,25.3,43.7
07/25/2026,01:11:13,25.2,43.8
07/25/2026,01:16:13,25.2,43.8
07/25/2026,01:21:13,25.2,43.9
07/25/2026,01:26:13,25.2,44.0
07/25/2026,01:31:13,25.2,44.0
07/25/2026,01:36:13,25.1,44.1
07/25/2026,01:41:13,25.1,44.1
07/25/2026,01:46:13,25.1,44.2
07/25/2026,01:51:13,25.1,44.2
07/25/2026,01:56:13,25.0,44.2
07/25/2026,02:01:13,25.0,44.3
07/25/2026,02:06:13,25.0,44.4
07/25/2026,02:11:13,25.0,44.4
07/25/2026,02:16:13,25.0,44.4
07/25/2026,02:21:13,24.9,44.4
07/25/2026,02:26:13,24.9,44.5
07/25/2026,02:31:13,24.9,44.5
07/25/2026,02:36:13,24.8,44.5
07/25/2026,02:41:13,24.8,44.5
07/25/2026,02:46:13,24.8,44.5
07/25/2026,02:51:13,24.8,44.5
07/25/2026,02:56:13,24.8,44.5
07/25/2026,03:01:13,24.8,44.6
07/25/2026,03:06:13,24.7,44.6
07/25/2026,03:11:13,24.7,44.5
07/25/2026,03:16:13,24.7,44.6
07/25/2026,03:21:13,24.7,44.6
07/25/2026,03:26:13,24.6,44.6
07/25/2026,03:31:13,24.6,44.7
07/25/2026,03:36:13,24.6,44.7
07/25/2026,03:41:13,24.5,44.7
07/25/2026,03:46:13,24.5,44.7
07/25/2026,03:51:13,24.5,44.7
07/25/2026,03:56:13,24.5,44.8
07/25/2026,04:01:13,24.5,44.8
07/25/2026,04:06:13,24.4,44.8
07/25/2026,04:11:13,24.4,44.9
07/25/2026,04:16:13,24.4,44.8
07/25/2026,04:21:13,24.3,44.8
07/25/2026,04:26:13,24.3,44.9
07/25/2026,04:31:13,24.3,44.8
07/25/2026,04:36:13,24.3,44.9
07/25/2026,04:41:13,24.2,44.9
07/25/2026,04:46:13,24.2,44.9
07/25/2026,04:51:13,24.2,44.9
07/25/2026,04:56:13,24.2,44.9
07/25/2026,05:01:13,24.2,44.9
07/25/2026,05:06:13,24.1,45.0
07/25/2026,05:11:13,24.1,44.9
07/25/2026,05:16:13,24.1,44.9
07/25/2026,05:21:13,24.0,44.9
07/25/2026,05:26:13,24.0,44.9
07/25/2026,05:31:13,24.0,45.0
07/25/2026,05:36:13,24.0,45.0
07/25/2026,05:41:13,24.0,45.0
07/25/2026,05:46:13,23.9,45.1
07/25/2026,05:51:13,23.9,45.1
07/25/2026,05:56:13,23.9,45.1
07/25/2026,06:01:13,23.8,45.1
07/25/2026,06:06:13,23.8,45.2
07/25/2026,06:11:13,23.8,45.2
07/25/2026,06:16:13,23.8,45.2
07/25/2026,06:21:13,23.7,45.3
07/25/2026,06:26:13,23.8,45.3
07/25/2026,06:31:13,23.7,45.3
07/25/2026,06:36:13,23.7,45.3
07/25/2026,06:41:13,23.7,45.4
07/25/2026,06:46:13,23.6,45.4
07/25/2026,06:51:13,23.6,45.4
07/25/2026,06:56:13,23.6,45.4
07/25/2026,07:01:13,23.6,45.5
07/25/2026,07:06:13,23.6,45.5
07/25/2026,07:11:13,23.5,45.6
07/25/2026,07:16:13,23.5,45.7
07/25/2026,07:21:13,23.5,45.7
07/25/2026,07:26:13,23.5,45.8
07/25/2026,07:31:13,23.5,45.9
07/25/2026,07:36:13,23.5,46.0
07/25/2026,07:41:13,23.5,46.0
07/25/2026,07:46:13,23.5,46.1
07/25/2026,07:51:13,23.5,46.2
07/25/2026,07:56:13,23.5,46.3
07/25/2026,08:01:13,23.5,46.3
07/25/2026,08:06:13,23.5,46.3
07/25/2026,08:11:13,23.5,46.4
07/25/2026,08:16:13,23.5,46.5
07/25/2026,08:21:13,23.5,46.5
07/25/2026,08:26:13,23.5,46.5
07/25/2026,08:31:13,23.5,46.6
07/25/2026,08:36:13,23.5,46.7
07/25/2026,08:41:13,23.5,46.7
07/25/2026,08:46:13,23.5,46.8
07/25/2026,08:51:13,23.5,46.8
07/25/2026,08:56:13,23.6,46.8
07/25/2026,09:01:13,23.6,46.9
07/25/2026,09:06:13,23.6,47.0
07/25/2026,09:11:13,23.6,47.1
07/25/2026,09:16:13,23.6,47.1
07/25/2026,09:21:13,23.6,47.1
07/25/2026,09:26:13,23.7,47.2
07/25/2026,09:31:13,23.7,47.2
07/25/2026,09:36:13,23.7,47.3
07/25/2026,09:41:13,23.8,47.3
07/25/2026,09:46:13,23.8,47.3
07/25/2026,09:51:13,23.8,47.5
07/25/2026,09:56:13,23.9,47.4
07/25/2026,10:01:13,23.9,47.7
07/25/2026,10:06:13,23.9,47.7
07/25/2026,10:11:13,24.0,47.8
07/25/2026,10:16:13,24.0,47.7
07/25/2026,10:21:13,24.0,47.7
07/25/2026,10:26:13,24.0,47.7
07/25/2026,10:31:13,24.1,47.7
07/25/2026,10:36:13,24.1,47.6
07/25/2026,10:41:13,24.2,47.6
07/25/2026,10:46:13,24.2,47.5
07/25/2026,10:51:13,24.2,47.5
07/25/2026,10:56:13,24.3,47.4
07/25/2026,11:01:13,24.3,47.4
07/25/2026,11:06:13,24.3,47.2
07/25/2026,11:11:13,24.3,47.2
07/25/2026,11:16:13,24.4,47.1
07/25/2026,11:21:13,24.4,47.0
07/25/2026,11:26:13,24.4,46.9
07/25/2026,11:31:13,24.5,46.6
07/25/2026,11:36:13,24.5,46.5
07/25/2026,11:41:13,24.5,46.5
07/25/2026,11:46:13,24.5,46.3
07/25/2026,11:51:13,24.5,46.3
07/25/2026,11:56:13,24.6,46.2
07/25/2026,12:01:13,24.6,46.2
07/25/2026,12:06:13,24.6,46.1
07/25/2026,12:11:13,24.6,46.1
07/25/2026,12:16:13,24.7,46.0
07/25/2026,12:21:13,24.7,45.9
07/25/2026,12:26:13,24.7,45.9
07/25/2026,12:31:13,24.8,45.8
07/25/2026,12:36:13,24.8,45.8
07/25/2026,12:41:13,24.8,45.8
07/25/2026,12:46:13,24.9,45.8
07/25/2026,12:51:13,24.9,45.7
07/25/2026,12:56:13,24.9,45.8
07/25/2026,13:01:13,25.0,45.7
07/25/2026,13:06:13,25.0,45.5
07/25/2026,13:11:13,25.0,45.5
07/25/2026,13:16:13,25.1,45.2
07/25/2026,13:21:13,25.1,45.2
07/25/2026,13:26:13,25.1,45.0
07/25/2026,13:31:13,25.2,44.9
07/25/2026,13:36:13,25.2,44.7
07/25/2026,13:41:13,25.3,44.7
07/25/2026,13:46:13,25.3,44.5
07/25/2026,13:51:13,25.3,44.6
07/25/2026,13:56:13,25.4,44.4
07/25/2026,14:01:13,25.4,44.4
07/25/2026,14:06:13,25.4,44.5
07/25/2026,14:11:13,25.4,44.3
07/25/2026,14:16:13,25.5,44.2
07/25/2026,14:21:13,25.5,44.2
07/25/2026,14:26:13,25.5,44.0
07/25/2026,14:31:13,25.6,44.0
07/25/2026,14:36:13,25.6,43.8
07/25/2026,14:41:13,25.7,43.8
07/25/2026,14:46:13,25.7,43.7
07/25/2026,14:51:13,25.7,43.5
07/25/2026,14:56:13,25.8,43.6
07/25/2026,15:01:13,25.8,43.6
07/25/2026,15:06:13,25.8,43.4
07/25/2026,15:11:13,25.8,43.5
07/25/2026,15:16:13,25.9,43.5
07/25/2026,15:21:13,25.9,43.3
07/25/2026,15:26:13,25.9,43.3
07/25/2026,15:31:13,25.9,43.1
07/25/2026,15:36:13,26.0,43.1
07/25/2026,15:41:13,26.0,43.2
07/25/2026,15:46:13,26.0,43.0
07/25/2026,15:51:13,26.0,42.9
07/25/2026,15:56:13,26.1,42.9
07/25/2026,16:01:13,26.1,42.8
07/25/2026,16:06:13,26.1,42.7
07/25/2026,16:11:13,26.1,42.8
07/25/2026,16:16:13,26.2,42.7
07/25/2026,16:21:13,26.2,42.7
07/25/2026,16:26:13,26.2,42.6
07/25/2026,16:31:13,26.2,42.6
07/25/2026,16:36:13,26.3,42.4
07/25/2026,16:41:13,26.3,42.2
07/25/2026,16:46:13,26.3,42.0
07/25/2026,16:51:13,26.3,41.9
07/25/2026,16:56:13,26.4,41.8
07/25/2026,17:01:13,26.4,41.7
07/25/2026,17:06:13,26.4,41.6
07/25/2026,17:11:13,26.4,41.7
07/25/2026,17:16:13,26.4,41.7
07/25/2026,17:21:13,26.4,41.7
07/25/2026,17:26:13,26.4,41.8
07/25/2026,17:31:13,26.5,41.7
07/25/2026,17:36:13,26.5,41.6
07/25/2026,17:41:13,26.5,41.5
07/25/2026,17:46:13,26.6,41.5
07/25/2026,17:51:13,26.6,41.3
07/25/2026,17:56:13,26.6,41.3
07/25/2026,18:01:13,26.6,41.2
07/25/2026,18:06:13,26.7,40.8
07/25/2026,18:11:13,26.6,40.8
07/25/2026,18:16:13,26.7,40.7
07/25/2026,18:21:13,26.7,40.8
07/25/2026,18:26:13,26.7,40.9
07/25/2026,18:31:13,26.7,40.8
07/25/2026,18:36:13,26.8,40.7
07/25/2026,18:41:13,26.8,40.7
07/25/2026,18:46:13,26.8,40.7
07/25/2026,18:51:13,26.8,40.7
07/25/2026,18:56:13,26.9,41.0
07/25/2026,19:01:13,26.8,40.8
07/25/2026,19:06:13,26.9,41.0
07/25/2026,19:11:13,26.9,41.1
07/25/2026,19:16:13,26.9,40.7
07/25/2026,19:21:13,26.9,40.6
07/25/2026,19:26:13,26.9,40.9
07/25/2026,19:31:13,26.9,40.8
07/25/2026,19:36:13,26.9,40.8
07/25/2026,19:41:13,26.9,41.0
07/25/2026,19:46:13,26.9,41.1
07/25/2026,19:51:13,26.9,41.0
07/25/2026,19:56:13,26.9,41.1
07/25/2026,20:01:13,27.0,41.2
07/25/2026,20:06:13,27.0,41.2
07/25/2026,20:11:13,27.0,41.0
07/25/2026,20:16:13,26.9,41.1
07/25/2026,20:21:13,27.0,41.4
07/25/2026,20:26:13,27.0,41.5
07/25/2026,20:31:13,27.0,41.6
07/25/2026,20:36:13,27.0,41.5
07/25/2026,20:41:13,27.0,41.6
07/25/2026,20:46:13,27.0,41.6
07/25/2026,20:51:13,27.0,41.6
07/25/2026,20:56:13,27.0,41.6
07/25/2026,21:01:13,27.0,41.6
07/25/2026,21:06:13,27.0,41.6
07/25/2026,21:11:13,27.0,41.5
07/25/2026,21:16:13,27.0,41.5
07/25/2026,21:21:13,27.0,41.6
07/25/2026,21:26:13,27.0,41.6
07/25/2026,21:31:13,27.0,41.5
07/25/2026,21:36:13,26.9,41.6
07/25/2026,21:41:13,26.9,41.7
07/25/2026,21:46:13,26.9,41.6
07/25/2026,21:51:13,26.9,41.7
07/25/2026,21:56:13,26.9,41.7
07/25/2026,22:01:13,26.9,41.7
07/25/2026,22:06:13,26.9,41.8
07/25/2026,22:11:13,26.9,41.8
07/25/2026,22:16:13,26.9,41.9
07/25/2026,22:21:13,26.9,41.9
07/25/2026,22:26:13,26.9,42.0
07/25/2026,22:31:13,26.9,42.0
07/25/2026,22:36:13,26.8,42.0
07/25/2026,22:41:13,26.8,42.0
07/25/2026,22:46:13,26.8,42.1
07/25/2026,22:51:13,26.8,42.1
07/25/2026,22:56:13,26.8,42.1
07/25/2026,23:01:13,26.8,42.2
07/25/2026,23:06:13,26.8,42.2
07/25/2026,23:11:13,26.8,42.3
07/25/2026,23:16:13,26.8,42.3
07/25/2026,23:21:13,26.8,42.3
07/25/2026,23:26:13,26.8,42.4
07/25/2026,23:31:13,26.7,42.5
07/25/2026,23:36:13,26.7,42.4
07/25/2026,23:41:13,26.7,42.5
07/25/2026,23:46:13,26.7,42.6
07/25/2026,23:51:13,26.7,42.5
07/25/2026,23:56:13,26.7,42.6
07/26/2026,00:01:13,26.7,42.6
07/26/2026,00:06:13,26.7,42.6
07/26/2026,00:11:13,26.6,42.7
07/26/2026,00:16:13,26.6,42.7
07/26/2026,00:21:13,26.6,42.8
07/26/2026,00:26:13,26.6,42.8
07/26/2026,00:31:13,26.6,42.8
07/26/2026,00:36:13,26.6,42.9
07/26/2026,00:41:13,26.6,42.9
07/26/2026,00:46:13,26.6,42.9
07/26/2026,00:51:13,26.5,42.9
07/26/2026,00:56:13,26.5,43.0
07/26/2026,01:01:13,26.5,43.0
07/26/2026,01:06:13,26.5,43.1
07/26/2026,01:11:13,26.5,43.1
07/26/2026,01:16:13,26.4,43.1
07/26/2026,01:21:13,26.4,43.2
07/26/2026,01:26:13,26.4,43.2
07/26/2026,01:31:13,26.4,43.2
07/26/2026,01:36:13,26.4,43.3
07/26/2026,01:41:13,26.4,43.3
07/26/2026,01:46:13,26.4,43.3
07/26/2026,01:51:13,26.4,43.4
07/26/2026,01:56:13,26.4,43.4
07/26/2026,02:01:13,26.3,43.4
07/26/2026,02:06:13,26.3,43.4
07/26/2026,02:11:13,26.3,43.5
07/26/2026,02:16:13,26.3,43.5
07/26/2026,02:21:13,26.3,43.5
07/26/2026,02:26:13,26.2,43.6
07/26/2026,02:31:13,26.2,43.6
07/26/2026,02:36:13,26.2,43.6
07/26/2026,02:41:13,26.2,43.7
07/26/2026,02:46:13,26.2,43.7
07/26/2026,02:51:13,26.2,43.7
07/26/2026,02:56:13,26.2,43.8
07/26/2026,03:01:13,26.1,43.8
07/26/2026,03:06:13,26.1,43.8
07/26/2026,03:11:13,26.1,43.8
07/26/2026,03:16:13,26.1,43.9
07/26/2026,03:21:13,26.1,43.9
07/26/2026,03:26:13,26.1,43.9
07/26/2026,03:31:13,26.1,44.0
07/26/2026,03:36:13,26.0,44.0
07/26/2026,03:41:13,26.1,44.1
07/26/2026,03:46:13,26.0,44.1
07/26/2026,03:51:13,26.0,44.1
07/26/2026,03:56:13,26.0,44.2
07/26/2026,04:01:13,26.0,44.2
07/26/2026,04:06:13,26.0,44.2
07/26/2026,04:11:13,26.0,44.3
07/26/2026,04:16:13,25.9,44.3
07/26/2026,04:21:13,26.0,44.3
07/26/2026,04:26:13,25.9,44.4
07/26/2026,04:31:13,25.9,44.4
07/26/2026,04:36:13,25.9,44.4
07/26/2026,04:41:13,25.9,44.4
07/26/2026,04:46:13,25.9,44.5
07/26/2026,04:51:13,25.9,44.5
07/26/2026,04:56:13,25.9,44.6
07/26/2026,05:01:13,25.9,44.7
07/26/2026,05:06:13,25.8,44.7
07/26/2026,05:11:13,25.8,44.7
07/26/2026,05:16:13,25.8,44.7
07/26/2026,05:21:13,25.8,44.8
07/26/2026,05:26:13,25.8,44.9
07/26/2026,05:31:13,25.7,45.0
07/26/2026,05:36:13,25.8,45.1
07/26/2026,05:41:13,25.8,45.1
07/26/2026,05:46:13,25.8,45.2
07/26/2026,05:51:13,25.7,45.2
07/26/2026,05:56:13,25.7,45.3
07/26/2026,06:01:13,25.7,45.4
07/26/2026,06:06:13,25.7,45.4
07/26/2026,06:11:13,25.7,45.5
07/26/2026,06:16:13,25.7,45.5
07/26/2026,06:21:13,25.7,45.6
07/26/2026,06:26:13,25.7,45.6
07/26/2026,06:31:13,25.6,45.7
07/26/2026,06:36:13,25.6,45.7
07/26/2026,06:41:13,25.6,45.8
07/26/2026,06:46:13,25.6,45.9
07/26/2026,06:51:13,25.6,45.9
07/26/2026,06:56:13,25.5,46.0
07/26/2026,07:01:13,25.5,46.1
07/26/2026,07:06:13,25.6,46.1
07/26/2026,07:11:13,25.5,46.2
07/26/2026,07:16:13,25.6,46.2
07/26/2026,07:21:13,25.5,46.3
07/26/2026,07:26:13,25.6,46.3
07/26/2026,07:31:13,25.5,46.4
07/26/2026,07:36:13,25.5,46.5
07/26/2026,07:41:13,25.5,46.5
07/26/2026,07:46:13,25.5,46.7
07/26/2026,07:51:13,25.5,46.7
07/26/2026,07:56:13,25.5,47.4
07/26/2026,08:01:13,25.5,48.6
07/26/2026,08:06:13,25.5,49.5
07/26/2026,08:11:13,25.5,50.4
07/26/2026,08:16:13,25.5,51.1
07/26/2026,08:21:13,25.5,51.8
07/26/2026,08:26:13,25.5,52.3
07/26/2026,08:31:13,25.5,52.7
07/26/2026,08:36:13,25.5,53.2
07/26/2026,08:41:13,25.5,53.6
07/26/2026,08:46:13,25.5,53.7
07/26/2026,08:51:13,25.6,54.3
07/26/2026,08:56:13,25.5,53.9
07/26/2026,09:01:13,25.5,54.1
07/26/2026,09:06:13,25.5,54.1
07/26/2026,09:11:13,25.5,54.4
07/26/2026,09:16:13,25.5,54.6
07/26/2026,09:21:13,25.5,54.9
07/26/2026,09:26:13,25.5,54.7
07/26/2026,09:31:13,25.5,54.5
07/26/2026,09:36:13,25.5,54.5
07/26/2026,09:41:13,25.5,54.7
07/26/2026,09:46:13,25.6,54.7
07/26/2026,09:51:13,25.6,54.6
07/26/2026,09:56:13,25.7,54.5
07/26/2026,10:01:13,25.8,54.2
07/26/2026,10:06:13,25.8,54.1
07/26/2026,10:11:13,25.9,54.0
07/26/2026,10:16:13,26.0,53.8
07/26/2026,10:21:13,26.2,53.4
07/26/2026,10:26:13,26.4,53.5
07/26/2026,10:31:13,26.5,52.9
07/26/2026,10:36:13,26.6,52.5
07/26/2026,10:41:13,26.7,52.2
07/26/2026,10:46:13,26.8,51.7
07/26/2026,10:51:13,26.9,51.0
07/26/2026,10:56:13,26.9,50.3
07/26/2026,11:01:13,26.9,50.0
07/26/2026,11:06:13,27.0,49.6
07/26/2026,11:11:13,27.0,49.4
07/26/2026,11:16:13,27.0,49.3
07/26/2026,11:21:13,27.0,49.4
07/26/2026,11:26:13,27.0,49.5
07/26/2026,11:31:13,27.0,49.6
07/26/2026,11:36:13,27.0,49.5
07/26/2026,11:41:13,27.1,49.7
07/26/2026,11:46:13,27.1,49.3
07/26/2026,11:51:13,27.2,49.0
07/26/2026,11:56:13,27.2,49.1
07/26/2026,12:01:13,27.3,48.7
07/26/2026,12:06:13,27.4,48.5
07/26/2026,12:11:13,27.5,48.4
07/26/2026,12:16:13,27.6,47.9
07/26/2026,12:21:13,27.7,47.8
07/26/2026,12:26:13,27.8,47.4
07/26/2026,12:31:13,27.9,47.5
07/26/2026,12:36:13,28.0,46.9
07/26/2026,12:41:13,28.0,46.3
07/26/2026,12:46:13,28.0,45.8
07/26/2026,12:51:13,28.0,45.3
07/26/2026,12:56:13,28.0,45.1
07/26/2026,13:01:13,28.0,44.8
07/26/2026,13:06:13,27.9,44.9
07/26/2026,13:11:13,27.8,44.9
07/26/2026,13:16:13,27.8,44.8
07/26/2026,13:21:13,27.8,44.7
07/26/2026,13:26:13,27.7,44.6
07/26/2026,13:31:13,27.7,44.6
07/26/2026,13:36:13,27.6,44.4
07/26/2026,13:41:13,27.6,44.5
07/26/2026,13:46:13,27.5,44.5
07/26/2026,13:51:13,27.5,44.4
07/26/2026,13:56:13,27.4,44.3
07/26/2026,14:01:13,27.4,44.2
07/26/2026,14:06:13,27.4,44.2
07/26/2026,14:11:13,27.3,44.1
07/26/2026,14:16:13,27.3,44.0
07/26/2026,14:21:13,27.3,44.0
07/26/2026,14:26:13,27.2,43.8
07/26/2026,14:31:13,27.2,43.7
07/26/2026,14:36:13,27.1,43.8
07/26/2026,14:41:13,27.1,43.5
07/26/2026,14:46:13,27.1,43.4
07/26/2026,14:51:13,27.1,43.5
07/26/2026,14:56:13,27.0,43.6
07/26/2026,15:01:13,27.0,43.5
07/26/2026,15:06:13,27.0,43.6
07/26/2026,15:11:13,27.0,43.5
07/26/2026,15:16:13,27.0,43.3
07/26/2026,15:21:13,27.0,43.2
07/26/2026,15:26:13,27.0,43.3
07/26/2026,15:31:13,26.9,43.0
07/26/2026,15:36:13,26.9,42.8
07/26/2026,15:41:13,26.9,42.5
07/26/2026,15:46:13,26.9,42.3
07/26/2026,15:51:13,26.8,42.0
07/26/2026,15:56:13,26.8,41.9
07/26/2026,16:01:13,26.8,41.6
07/26/2026,16:06:13,26.8,41.6
07/26/2026,16:11:13,26.8,41.8
07/26/2026,16:16:13,26.8,41.7
07/26/2026,16:21:13,26.8,41.6
07/26/2026,16:26:13,26.7,41.5
07/26/2026,16:31:13,26.7,41.5
07/26/2026,16:36:13,26.7,41.6
07/26/2026,16:41:13,26.7,41.6
07/26/2026,16:46:13,26.7,41.7
07/26/2026,16:51:13,26.7,41.8
07/26/2026,16:56:13,26.7,41.8
07/26/2026,17:01:13,26.7,41.7
07/26/2026,17:06:13,26.6,41.4
07/26/2026,17:11:13,26.6,41.4
07/26/2026,17:16:13,26.6,41.6
07/26/2026,17:21:13,26.6,41.4
07/26/2026,17:26:13,26.6,41.4
07/26/2026,17:31:13,26.6,41.4
07/26/2026,17:36:13,26.6,41.2
07/26/2026,17:41:13,26.6,41.3
07/26/2026,17:46:13,26.6,41.5
07/26/2026,17:51:13,26.6,41.4
07/26/2026,17:56:13,26.6,41.6
07/26/2026,18:01:13,26.6,41.7
07/26/2026,18:06:13,26.6,41.6
07/26/2026,18:11:13,26.6,41.7
07/26/2026,18:16:13,26.6,41.3
07/26/2026,18:21:13,26.6,41.2
07/26/2026,18:26:13,26.6,41.3
07/26/2026,18:31:13,26.6,41.3
07/26/2026,18:36:13,26.6,41.4
07/26/2026,18:41:13,26.6,41.4
07/26/2026,18:46:13,26.6,41.5
07/26/2026,18:51:13,26.6,41.5
07/26/2026,18:56:13,26.6,41.6
07/26/2026,19:01:13,26.6,41.6
07/26/2026,19:06:13,26.6,41.6
07/26/2026,19:11:13,26.6,41.7
07/26/2026,19:16:13,26.6,41.7
07/26/2026,19:21:13,26.6,41.6
07/26/2026,19:26:13,26.6,41.6
07/26/2026,19:31:13,26.6,41.7
07/26/2026,19:36:13,26.6,41.7
07/26/2026,19:41:13,26.6,41.7
07/26/2026,19:46:13,26.6,41.8
07/26/2026,19:51:13,26.6,41.8
07/26/2026,19:56:13,26.6,41.7
07/26/2026,20:01:13,26.6,41.8
07/26/2026,20:06:13,26.6,41.8
07/26/2026,20:11:13,26.6,41.8
07/26/2026,20:16:13,26.6,41.8
07/26/2026,20:21:13,26.5,41.8
07/26/2026,20:26:13,26.6,41.9
07/26/2026,20:31:13,26.5,41.9
07/26/2026,20:36:13,26.5,41.9
07/26/2026,20:41:13,26.5,41.9
07/26/2026,20:46:13,26.5,41.9
07/26/2026,20:51:13,26.5,41.9
07/26/2026,20:56:13,26.5,41.9
07/26/2026,21:01:13,26.5,41.9
07/26/2026,21:06:13,26.5,42.0
07/26/2026,21:11:13,26.5,41.9
07/26/2026,21:16:13,26.4,42.0
07/26/2026,21:21:13,26.4,42.0
07/26/2026,21:26:13,26.4,42.1
07/26/2026,21:31:13,26.4,42.1
07/26/2026,21:36:13,26.4,42.1
07/26/2026,21:41:13,26.4,42.1
07/26/2026,21:46:13,26.4,42.1
07/26/2026,21:51:13,26.4,42.2
07/26/2026,21:56:13,26.4,42.2
07/26/2026,22:01:13,26.4,42.2
07/26/2026,22:06:13,26.3,42.2
07/26/2026,22:11:13,26.3,42.2
07/26/2026,22:16:13,26.3,42.2
07/26/2026,22:21:13,26.3,42.3
07/26/2026,22:26:13,26.3,42.2
07/26/2026,22:31:13,26.3,42.3
07/26/2026,22:36:13,26.2,42.3
07/26/2026,22:41:13,26.2,42.3
07/26/2026,22:46:13,26.2,42.4
07/26/2026,22:51:13,26.2,42.4
07/26/2026,22:56:13,26.2,42.4
07/26/2026,23:01:13,26.2,42.4
07/26/2026,23:06:13,26.2,42.4
07/26/2026,23:11:13,26.1,42.5
07/26/2026,23:16:13,26.1,42.5
07/26/2026,23:21:13,26.1,42.5
07/26/2026,23:26:13,26.1,42.6
07/26/2026,23:31:13,26.1,42.5
07/26/2026,23:36:13,26.1,42.6
07/26/2026,23:41:13,26.1,42.6
07/26/2026,23:46:13,26.0,42.6
07/26/2026,23:51:13,26.0,42.6
07/26/2026,23:56:13,26.0,42.7
07/27/2026,00:01:13,26.0,42.7
07/27/2026,00:06:13,26.0,42.7
07/27/2026,00:11:13,26.0,42.7
07/27/2026,00:16:13,26.0,42.7
07/27/2026,00:21:13,26.0,42.8
07/27/2026,00:26:13,25.9,42.7
07/27/2026,00:31:13,25.9,42.8
07/27/2026,00:36:13,25.9,42.8
07/27/2026,00:41:13,25.9,42.8
07/27/2026,00:46:13,25.9,42.9
07/27/2026,00:51:13,25.9,42.9
07/27/2026,00:56:13,25.8,42.9
07/27/2026,01:01:13,25.8,42.9
07/27/2026,01:06:13,25.8,42.9
07/27/2026,01:11:13,25.8,42.9
07/27/2026,01:16:13,25.8,43.0
07/27/2026,01:21:13,25.8,43.0
07/27/2026,01:26:13,25.8,43.0
07/27/2026,01:31:13,25.7,43.0
07/27/2026,01:36:13,25.8,43.0
07/27/2026,01:41:13,25.7,43.0
07/27/2026,01:46:13,25.7,43.1
07/27/2026,01:51:13,25.7,43.0
07/27/2026,01:56:13,25.7,43.1
07/27/2026,02:01:13,25.7,43.1
07/27/2026,02:06:13,25.7,43.1
07/27/2026,02:11:13,25.7,43.1
07/27/2026,02:16:13,25.6,43.1
07/27/2026,02:21:13,25.6,43.2
07/27/2026,02:26:13,25.6,43.2
07/27/2026,02:31:13,25.6,43.2
07/27/2026,02:36:13,25.6,43.2
07/27/2026,02:41:13,25.6,43.2
07/27/2026,02:46:13,25.5,43.3
07/27/2026,02:51:13,25.5,43.2
07/27/2026,02:56:13,25.5,43.3
07/27/2026,03:01:13,25.5,43.4
07/27/2026,03:06:13,25.5,43.3
07/27/2026,03:11:13,25.5,43.3
07/27/2026,03:16:13,25.5,43.4
07/27/2026,03:21:13,25.4,43.4
07/27/2026,03:26:13,25.5,43.4
07/27/2026,03:31:13,25.5,43.4
07/27/2026,03:36:13,25.4,43.4
07/27/2026,03:41:13,25.4,43.4
07/27/2026,03:46:13,25.4,43.5
07/27/2026,03:51:13,25.4,43.5
07/27/2026,03:56:13,25.3,43.5
07/27/2026,04:01:13,25.4,43.5
07/27/2026,04:06:13,25.3,43.5
07/27/2026,04:11:13,25.3,43.5
07/27/2026,04:16:13,25.3,43.5
07/27/2026,04:21:13,25.3,43.5
07/27/2026,04:26:13,25.3,43.6
07/27/2026,04:31:13,25.3,43.6
07/27/2026,04:36:13,25.2,43.6
07/27/2026,04:41:13,25.2,43.6
07/27/2026,04:46:13,25.2,43.6
07/27/2026,04:51:13,25.2,43.6
07/27/2026,04:56:13,25.2,43.6
07/27/2026,05:01:13,25.2,43.7
07/27/2026,05:06:13,25.2,43.7
07/27/2026,05:11:13,25.1,43.7
07/27/2026,05:16:13,25.1,43.7
07/27/2026,05:21:13,25.1,43.8
07/27/2026,05:26:13,25.1,43.8
07/27/2026,05:31:13,25.1,43.8
07/27/2026,05:36:13,25.1,43.8
07/27/2026,05:41:13,25.0,43.8
07/27/2026,05:46:13,25.0,43.8
07/27/2026,05:51:13,25.0,43.8
07/27/2026,05:56:13,25.0,43.9
07/27/2026,06:01:13,25.0,43.9
07/27/2026,06:06:13,24.9,43.9
07/27/2026,06:11:13,24.9,43.9
07/27/2026,06:16:13,24.9,44.0
07/27/2026,06:21:13,24.9,44.0
07/27/2026,06:26:13,24.9,44.0
07/27/2026,06:31:13,24.9,44.0
07/27/2026,06:36:13,24.8,44.1
07/27/2026,06:41:13,24.8,44.1
07/27/2026,06:46:13,24.8,44.1
07/27/2026,06:51:13,24.8,44.1
07/27/2026,06:56:13,24.8,44.2
07/27/2026,07:01:13,24.8,44.2
07/27/2026,07:06:13,24.7,44.2
07/27/2026,07:11:13,24.7,44.4
07/27/2026,07:16:13,24.7,44.4
07/27/2026,07:21:13,24.7,44.5
07/27/2026,07:26:13,24.7,44.5
07/27/2026,07:31:13,24.7,44.5
07/27/2026,07:36:13,24.7,44.6
07/27/2026,07:41:13,24.7,44.7
07/27/2026,07:46:13,24.7,44.7
07/27/2026,07:51:13,24.7,44.8
07/27/2026,07:56:13,24.7,44.8
07/27/2026,08:01:13,24.7,44.9
07/27/2026,08:06:13,24.7,44.9
07/27/2026,08:11:13,24.7,44.9
07/27/2026,08:16:13,24.7,44.9
07/27/2026,08:21:13,24.7,45.0
07/27/2026,08:26:13,24.7,45.0
07/27/2026,08:31:13,24.7,45.0
07/27/2026,08:36:13,24.8,45.0
07/27/2026,08:41:13,24.7,45.0
07/27/2026,08:46:13,24.7,45.0
07/27/2026,08:51:13,24.8,45.0
07/27/2026,08:56:13,24.8,45.0
07/27/2026,09:01:13,24.8,45.0
07/27/2026,09:06:13,24.8,45.0
07/27/2026,09:11:13,24.8,45.0
07/27/2026,09:16:13,24.8,45.0
07/27/2026,09:21:13,24.8,45.0
07/27/2026,09:26:13,24.8,45.0
07/27/2026,09:31:13,24.9,45.0
07/27/2026,09:36:13,24.9,45.0
07/27/2026,09:41:13,24.9,45.1
07/27/2026,09:46:13,24.9,45.1
07/27/2026,09:51:13,24.9,45.1
07/27/2026,09:56:13,24.9,45.1
07/27/2026,10:01:13,24.9,45.2
07/27/2026,10:06:13,24.9,45.0
07/27/2026,10:11:13,24.9,44.9
07/27/2026,10:16:13,24.9,44.8
07/27/2026,10:21:13,24.9,44.8
07/27/2026,10:26:13,24.9,44.7
07/27/2026,10:31:13,24.9,44.7
07/27/2026,10:36:13,24.9,44.7
07/27/2026,10:41:13,24.8,44.6
07/27/2026,10:46:13,24.9,44.5
07/27/2026,10:51:13,24.8,44.4
07/27/2026,10:56:13,24.8,44.4
07/27/2026,11:01:13,24.8,44.3
07/27/2026,11:06:13,24.8,44.3
07/27/2026,11:11:13,24.8,44.3
07/27/2026,11:16:13,24.8,44.2
07/27/2026,11:21:13,24.8,44.2
07/27/2026,11:26:13,24.8,44.1
07/27/2026,11:31:13,24.8,44.0
07/27/2026,11:36:13,24.8,43.9
07/27/2026,11:41:13,24.8,43.9
07/27/2026,11:46:13,24.8,43.8
07/27/2026,11:51:13,24.8,43.9
07/27/2026,11:56:13,24.8,43.8
07/27/2026,12:01:13,24.8,43.7
07/27/2026,12:06:13,24.8,43.7
07/27/2026,12:11:13,24.8,43.6
07/27/2026,12:16:13,24.8,43.5
07/27/2026,12:21:13,24.8,43.5
07/27/2026,12:26:13,24.8,43.5
07/27/2026,12:31:13,24.8,43.4
07/27/2026,12:36:13,24.8,43.4
07/27/2026,12:41:13,24.8,43.3
07/27/2026,12:46:13,24.7,43.2
07/27/2026,12:51:13,24.8,43.2
07/27/2026,12:56:13,24.8,43.1
07/27/2026,13:01:13,24.7,43.1
07/27/2026,13:06:13,24.7,43.0
07/27/2026,13:11:13,24.8,43.1
07/27/2026,13:16:13,24.8,43.1
07/27/2026,13:21:13,24.8,43.1
07/27/2026,13:26:13,24.8,43.1
07/27/2026,13:31:13,24.8,43.1
07/27/2026,13:36:13,24.8,43.0
07/27/2026,13:41:13,24.8,43.0
07/27/2026,13:46:13,24.8,42.9
07/27/2026,13:51:13,24.9,43.0
07/27/2026,13:56:13,24.9,42.9
07/27/2026,14:01:13,24.9,42.9
07/27/2026,14:06:13,24.9,43.0
07/27/2026,14:11:13,24.9,43.1
07/27/2026,14:16:13,25.0,43.2
07/27/2026,14:21:13,25.0,43.2
07/27/2026,14:26:13,25.0,43.2
07/27/2026,14:31:13,25.0,43.2
07/27/2026,14:36:13,25.0,43.2
07/27/2026,14:41:13,25.0,43.3
07/27/2026,14:46:13,25.1,43.3
07/27/2026,14:51:13,25.1,43.3
07/27/2026,14:56:13,25.1,43.3
07/27/2026,15:01:13,25.1,43.3
07/27/2026,15:06:13,25.2,43.3
07/27/2026,15:11:13,25.2,43.4
07/27/2026,15:16:13,25.2,43.3
07/27/2026,15:21:13,25.2,43.3
07/27/2026,15:26:13,25.2,43.3
07/27/2026,15:31:13,25.2,43.2
07/27/2026,15:36:13,25.3,43.2
07/27/2026,15:41:13,25.3,43.2
07/27/2026,15:46:13,25.4,43.2
07/27/2026,15:51:13,25.4,43.2
07/27/2026,15:56:13,25.4,43.1
07/27/2026,16:01:13,25.4,43.1
07/27/2026,16:06:13,25.5,43.1
07/27/2026,16:11:13,25.5,43.1
07/27/2026,16:16:13,25.5,43.0
07/27/2026,16:21:13,25.5,43.0
07/27/2026,16:26:13,25.6,42.9
07/27/2026,16:31:13,25.5,43.0
07/27/2026,16:36:13,25.6,43.0
07/27/2026,16:41:13,25.6,42.9
07/27/2026,16:46:13,25.6,43.0
07/27/2026,16:51:13,25.6,42.9
07/27/2026,16:56:13,25.6,42.8
07/27/2026,17:01:13,25.7,42.8
07/27/2026,17:06:13,25.7,42.8
07/27/2026,17:11:13,25.7,42.8
07/27/2026,17:16:13,25.7,42.9
07/27/2026,17:21:13,25.7,42.8
07/27/2026,17:26:13,25.7,42.8
07/27/2026,17:31:13,25.8,42.7
07/27/2026,17:36:13,25.8,42.8
07/27/2026,17:41:13,25.8,42.8
07/27/2026,17:46:13,25.8,42.8
07/27/2026,17:51:13,25.9,42.8
07/27/2026,17:56:13,25.9,42.8
07/27/2026,18:01:13,25.9,42.7
07/27/2026,18:06:13,25.9,42.7
07/27/2026,18:11:13,25.9,42.7
07/27/2026,18:16:13,25.9,42.7
07/27/2026,18:21:13,25.9,42.7
07/27/2026,18:26:13,25.9,42.8
07/27/2026,18:31:13,26.0,42.7
07/27/2026,18:36:13,26.0,42.7
07/27/2026,18:41:13,26.0,42.7
07/27/2026,18:46:13,26.0,42.7
07/27/2026,18:51:13,26.0,42.7
07/27/2026,18:56:13,26.0,42.7
07/27/2026,19:01:13,26.0,42.7
07/27/2026,19:06:13,26.0,42.7
07/27/2026,19:11:13,26.0,42.7
07/27/2026,19:16:13,26.1,42.7
07/27/2026,19:21:13,26.1,42.7
07/27/2026,19:26:13,26.1,42.7
07/27/2026,19:31:13,26.1,42.6
07/27/2026,19:36:13,26.1,42.6
07/27/2026,19:41:13,26.1,42.6
07/27/2026,19:46:13,26.1,42.6
07/27/2026,19:51:13,26.1,42.6
07/27/2026,19:56:13,26.1,42.6
07/27/2026,20:01:13,26.1,42.6
07/27/2026,20:06:13,26.2,42.6
07/27/2026,20:11:13,26.1,42.6
07/27/2026,20:16:13,26.1,42.6
07/27/2026,20:21:13,26.1,42.7
07/27/2026,20:26:13,26.2,42.6
07/27/2026,20:31:13,26.2,42.7
07/27/2026,20:36:13,26.2,42.7
07/27/2026,20:41:13,26.2,42.7
07/27/2026,20:46:13,26.2,42.6
07/27/2026,20:51:13,26.2,42.7
07/27/2026,20:56:13,26.1,42.7
07/27/2026,21:01:13,26.2,42.7
07/27/2026,21:06:13,26.2,42.7
07/27/2026,21:11:13,26.1,42.7
07/27/2026,21:16:13,26.2,42.7
07/27/2026,21:21:13,26.1,42.8
07/27/2026,21:26:13,26.1,42.8
07/27/2026,21:31:13,26.2,42.8
07/27/2026,21:36:13,26.1,42.8
07/27/2026,21:41:13,26.1,42.8
07/27/2026,21:46:13,26.1,42.8
07/27/2026,21:51:13,26.1,42.9
07/27/2026,21:56:13,26.1,42.9
07/27/2026,22:01:13,26.1,42.9
07/27/2026,22:06:13,26.1,42.9
07/27/2026,22:11:13,26.1,42.9
07/27/2026,22:16:13,26.1,43.0
07/27/2026,22:21:13,26.1,43.0
07/27/2026,22:26:13,26.1,43.0
07/27/2026,22:31:13,26.1,43.1
07/27/2026,22:36:13,26.1,43.0
07/27/2026,22:41:13,26.0,43.1
07/27/2026,22:46:13,26.1,43.1
07/27/2026,22:51:13,26.0,43.2
07/27/2026,22:56:13,26.0,43.1
07/27/2026,23:01:13,26.0,43.2
07/27/2026,23:06:13,26.0,43.2
07/27/2026,23:11:13,26.0,43.3
07/27/2026,23:16:13,26.0,43.3
07/27/2026,23:21:13,26.0,43.4
07/27/2026,23:26:13,26.0,43.4
07/27/2026,23:31:13,25.9,43.5
07/27/2026,23:36:13,25.9,43.5
07/27/2026,23:41:13,25.9,43.5
07/27/2026,23:46:13,25.9,43.6
07/27/2026,23:51:13,25.9,43.6
07/27/2026,23:56:13,25.9,43.7
07/28/2026,00:01:13,25.9,43.8
07/28/2026,00:06:13,25.9,43.8
07/28/2026,00:11:13,25.9,43.9
07/28/2026,00:16:13,25.8,43.8
07/28/2026,00:21:13,25.8,43.9
07/28/2026,00:26:13,25.8,44.0
07/28/2026,00:31:13,25.8,44.0
07/28/2026,00:36:13,25.8,44.1
07/28/2026,00:41:13,25.8,44.2
07/28/2026,00:46:13,25.7,44.2
07/28/2026,00:51:13,25.8,44.2
07/28/2026,00:56:13,25.7,44.3
07/28/2026,01:01:13,25.7,44.4
07/28/2026,01:06:13,25.7,44.5
07/28/2026,01:11:13,25.7,44.6
07/28/2026,01:16:13,25.7,44.7
07/28/2026,01:21:13,25.7,44.8
07/28/2026,01:26:13,25.6,44.9
07/28/2026,01:31:13,25.6,45.0
07/28/2026,01:36:13,25.6,45.0
07/28/2026,01:41:13,25.6,45.2
07/28/2026,01:46:13,25.6,45.3
07/28/2026,01:51:13,25.6,45.4
07/28/2026,01:56:13,25.6,45.5
07/28/2026,02:01:13,25.6,45.6
07/28/2026,02:06:13,25.5,45.8
07/28/2026,02:11:13,25.5,45.9
07/28/2026,02:16:13,25.5,46.0
07/28/2026,02:21:13,25.5,46.2
07/28/2026,02:26:13,25.5,46.3
07/28/2026,02:31:13,25.5,46.4
07/28/2026,02:36:13,25.5,46.5
07/28/2026,02:41:13,25.4,46.7
07/28/2026,02:46:13,25.4,46.8
07/28/2026,02:51:13,25.4,46.9
07/28/2026,02:56:13,25.4,47.0
07/28/2026,03:01:13,25.4,47.1
07/28/2026,03:06:13,25.4,47.2
07/28/2026,03:11:13,25.3,47.2
07/28/2026,03:16:13,25.4,47.3
07/28/2026,03:21:13,25.4,47.4
07/28/2026,03:26:13,25.3,47.6
07/28/2026,03:31:13,25.3,47.7
07/28/2026,03:36:13,25.3,47.7
07/28/2026,03:41:13,25.3,47.8
07/28/2026,03:46:13,25.3,47.8
07/28/2026,03:51:13,25.3,48.0
07/28/2026,03:56:13,25.2,48.0
07/28/2026,04:01:13,25.2,48.1
07/28/2026,04:06:13,25.2,48.2
07/28/2026,04:11:13,25.2,48.2
07/28/2026,04:16:13,25.2,48.4
07/28/2026,04:21:13,25.2,48.5
07/28/2026,04:26:13,25.2,48.6
07/28/2026,04:31:13,25.2,48.7
07/28/2026,04:36:13,25.2,48.7
07/28/2026,04:41:13,25.1,48.8
07/28/2026,04:46:13,25.1,48.9
07/28/2026,04:51:13,25.1,48.9
07/28/2026,04:56:13,25.1,49.1
07/28/2026,05:01:13,25.1,49.2
07/28/2026,05:06:13,25.1,49.3
07/28/2026,05:11:13,25.1,49.4
07/28/2026,05:16:13,25.1,49.5
07/28/2026,05:21:13,25.0,49.6
07/28/2026,05:26:13,25.0,49.6
07/28/2026,05:31:13,25.0,49.8
07/28/2026,05:36:13,25.0,50.0
07/28/2026,05:41:13,25.0,50.0
07/28/2026,05:46:13,25.0,50.2
07/28/2026,05:51:13,25.0,50.3
07/28/2026,05:56:13,24.9,50.4
07/28/2026,06:01:13,24.9,50.4
07/28/2026,06:06:13,24.9,50.6
07/28/2026,06:11:13,24.9,50.7
07/28/2026,06:16:13,24.9,50.8
07/28/2026,06:21:13,24.9,50.9
07/28/2026,06:26:13,24.9,51.1
07/28/2026,06:31:13,24.9,51.2
07/28/2026,06:36:13,24.9,51.3
07/28/2026,06:41:13,24.9,51.4
07/28/2026,06:46:13,24.8,51.5
07/28/2026,06:51:13,24.8,51.6
07/28/2026,06:56:13,24.8,51.7
07/28/2026,07:01:13,24.8,51.7
07/28/2026,07:06:13,24.8,51.8
07/28/2026,07:11:13,24.8,51.9
07/28/2026,07:16:13,24.8,51.9
07/28/2026,07:21:13,24.8,51.9
07/28/2026,07:26:13,24.8,51.9
07/28/2026,07:31:13,24.8,51.8
07/28/2026,07:36:13,24.8,51.8
07/28/2026,07:41:13,24.8,51.8
07/28/2026,07:46:13,24.8,51.8
07/28/2026,07:51:13,24.8,51.9
07/28/2026,07:56:13,24.8,51.8
07/28/2026,08:01:13,24.8,51.9
07/28/2026,08:06:13,24.8,51.8
07/28/2026,08:11:13,24.8,51.9
07/28/2026,08:16:13,24.8,51.9
07/28/2026,08:21:13,24.8,51.9
07/28/2026,08:26:13,24.8,52.0
07/28/2026,08:31:13,24.8,52.0
07/28/2026,08:36:13,24.8,52.0
07/28/2026,08:41:13,24.8,52.0
07/28/2026,08:46:13,24.8,52.0
07/28/2026,08:51:13,24.8,52.0
07/28/2026,08:56:13,24.8,52.0
07/28/2026,09:01:13,24.8,52.0
07/28/2026,09:06:13,24.8,52.0
07/28/2026,09:11:13,24.8,51.9
07/28/2026,09:16:13,24.8,51.9
07/28/2026,09:21:13,24.9,51.9
07/28/2026,09:26:13,24.9,51.9
07/28/2026,09:31:13,24.9,51.9
07/28/2026,09:36:13,24.9,51.9
07/28/2026,09:41:13,24.9,51.8
07/28/2026,09:46:13,24.9,51.8
07/28/2026,09:51:13,24.9,51.8
07/28/2026,09:56:13,24.9,51.8
07/28/2026,10:01:13,25.0,51.8
07/28/2026,10:06:13,24.9,51.8
07/28/2026,10:11:13,25.0,51.8
07/28/2026,10:16:13,25.0,51.8
07/28/2026,10:21:13,25.0,51.7
07/28/2026,10:26:13,25.0,51.7
07/28/2026,10:31:13,25.0,51.7
07/28/2026,10:36:13,25.0,51.7
07/28/2026,10:41:13,25.0,51.7
07/28/2026,10:46:13,25.0,51.7
07/28/2026,10:51:13,25.0,51.7
07/28/2026,10:56:13,25.1,51.7
07/28/2026,11:01:13,25.1,51.7
07/28/2026,11:06:13,25.1,51.7
07/28/2026,11:11:13,25.1,51.6
07/28/2026,11:16:13,25.1,51.6
07/28/2026,11:21:13,25.2,51.6
07/28/2026,11:26:13,25.2,51.6
07/28/2026,11:31:13,25.2,51.6
07/28/2026,11:36:13,25.2,51.6
07/28/2026,11:41:13,25.2,51.6
07/28/2026,11:46:13,25.2,51.6
07/28/2026,11:51:13,25.2,51.6
07/28/2026,11:56:13,25.3,51.5
07/28/2026,12:01:13,25.2,51.5
07/28/2026,12:06:13,25.3,51.5
07/28/2026,12:11:13,25.3,51.5
07/28/2026,12:16:13,25.3,51.4
07/28/2026,12:21:13,25.3,51.4
07/28/2026,12:26:13,25.4,51.3
07/28/2026,12:31:13,25.4,51.3
07/28/2026,12:36:13,25.4,51.3
07/28/2026,12:41:13,25.4,51.2
07/28/2026,12:46:13,25.4,51.3
07/28/2026,12:51:13,25.4,51.3
07/28/2026,12:56:13,25.5,51.3
07/28/2026,13:01:13,25.5,51.4
07/28/2026,13:06:13,25.5,51.4
07/28/2026,13:11:13,25.5,51.4
07/28/2026,13:16:13,25.5,51.4
07/28/2026,13:21:13,25.6,51.4
07/28/2026,13:26:13,25.6,51.5
07/28/2026,13:31:13,25.6,51.5
07/28/2026,13:36:13,25.6,51.4
07/28/2026,13:41:13,25.6,51.4
07/28/2026,13:46:13,25.7,51.4
07/28/2026,13:51:13,25.7,51.4
07/28/2026,13:56:13,25.7,51.4
07/28/2026,14:01:13,25.8,51.4
07/28/2026,14:06:13,25.8,51.5
07/28/2026,14:11:13,25.8,51.5
07/28/2026,14:16:13,25.8,51.5
07/28/2026,14:21:13,25.9,51.5
07/28/2026,14:26:13,25.9,51.6
07/28/2026,14:31:13,25.9,51.6
07/28/2026,14:36:13,25.9,51.6
07/28/2026,14:41:13,25.9,51.6
07/28/2026,14:46:13,26.0,51.7
07/28/2026,14:51:13,26.0,51.9
07/28/2026,14:56:13,26.0,51.9
07/28/2026,15:01:13,26.1,52.0
07/28/2026,15:06:13,26.1,52.0
07/28/2026,15:11:13,26.1,52.1
07/28/2026,15:16:13,26.1,52.0
07/28/2026,15:21:13,26.1,52.1
07/28/2026,15:26:13,26.2,52.2
07/28/2026,15:31:13,26.2,52.2
07/28/2026,15:36:13,26.2,52.3
07/28/2026,15:41:13,26.3,52.3
07/28/2026,15:46:13,26.3,52.4
07/28/2026,15:51:13,26.3,52.5
07/28/2026,15:56:13,26.3,52.7
07/28/2026,16:01:13,26.4,52.8
07/28/2026,16:06:13,26.4,52.9
07/28/2026,16:11:13,26.5,53.0
07/28/2026,16:16:13,26.5,53.0
07/28/2026,16:21:13,26.5,52.9
07/28/2026,16:26:13,26.5,53.0
07/28/2026,16:31:13,26.6,52.9
07/28/2026,16:36:13,26.6,52.9
07/28/2026,16:41:13,26.7,53.0
07/28/2026,16:46:13,26.7,53.1
07/28/2026,16:51:13,26.7,53.0
07/28/2026,16:56:13,26.7,53.0
07/28/2026,17:01:13,26.7,53.1
07/28/2026,17:06:13,26.8,53.0
07/28/2026,17:11:13,26.8,53.1
07/28/2026,17:16:13,26.8,53.0
07/28/2026,17:21:13,26.8,53.0
07/28/2026,17:26:13,26.8,52.9
07/28/2026,17:31:13,26.9,52.9
07/28/2026,17:36:13,26.9,52.9
07/28/2026,17:41:13,26.9,52.9
07/28/2026,17:46:13,26.9,52.8
07/28/2026,17:51:13,27.0,52.8
07/28/2026,17:56:13,27.0,52.7
07/28/2026,18:01:13,27.0,52.8
07/28/2026,18:06:13,27.0,52.7
07/28/2026,18:11:13,27.0,52.7
07/28/2026,18:16:13,27.0,52.7
07/28/2026,18:21:13,27.0,52.5
07/28/2026,18:26:13,27.1,52.6
07/28/2026,18:31:13,27.1,52.4
07/28/2026,18:36:13,27.1,52.3
07/28/2026,18:41:13,27.1,52.4
07/28/2026,18:46:13,27.1,52.4
07/28/2026,18:51:13,27.1,52.3
07/28/2026,18:56:13,27.2,52.3
07/28/2026,19:01:13,27.2,52.3
07/28/2026,19:06:13,27.2,52.2
07/28/2026,19:11:13,27.2,52.2
07/28/2026,19:16:13,27.2,52.0
07/28/2026,19:21:13,27.2,52.0
07/28/2026,19:26:13,27.3,51.9
07/28/2026,19:31:13,27.3,51.8
07/28/2026,19:36:13,27.3,51.8
07/28/2026,19:41:13,27.3,51.8
07/28/2026,19:46:13,27.3,51.8
07/28/2026,19:51:13,27.3,51.8
07/28/2026,19:56:13,27.4,51.7
07/28/2026,20:01:13,27.4,51.7
07/28/2026,20:06:13,27.4,51.6
07/28/2026,20:11:13,27.4,51.6
07/28/2026,20:16:13,27.4,51.6
07/28/2026,20:21:13,27.4,51.5
07/28/2026,20:26:13,27.4,51.4
07/28/2026,20:31:13,27.4,51.3
07/28/2026,20:36:13,27.4,51.4
07/28/2026,20:41:13,27.4,51.3
07/28/2026,20:46:13,27.4,51.2
07/28/2026,20:51:13,27.4,51.2
07/28/2026,20:56:13,27.5,51.1
07/28/2026,21:01:13,27.4,51.1
07/28/2026,21:06:13,27.4,51.0
07/28/2026,21:11:13,27.4,51.0
07/28/2026,21:16:13,27.5,50.9
07/28/2026,21:21:13,27.5,51.0
07/28/2026,21:26:13,27.4,50.9
07/28/2026,21:31:13,27.5,50.9
07/28/2026,21:36:13,27.5,50.9
07/28/2026,21:41:13,27.5,50.9
07/28/2026,21:46:13,27.5,50.9
07/28/2026,21:51:13,27.5,50.9
07/28/2026,21:56:13,27.4,50.8
07/28/2026,22:01:13,27.4,50.9
07/28/2026,22:06:13,27.4,50.8
07/28/2026,22:11:13,27.4,50.8
07/28/2026,22:16:13,27.4,50.8
07/28/2026,22:21:13,27.4,50.8
07/28/2026,22:26:13,27.4,50.7
07/28/2026,22:31:13,27.4,50.8
07/28/2026,22:36:13,27.4,50.6
07/28/2026,22:41:13,27.4,50.6
07/28/2026,22:46:13,27.4,50.7
07/28/2026,22:51:13,27.4,50.7
07/28/2026,22:56:13,27.3,50.7
07/28/2026,23:01:13,27.3,50.6
07/28/2026,23:06:13,27.3,50.6
07/28/2026,23:11:13,27.3,50.5
07/28/2026,23:16:13,27.3,50.5
07/28/2026,23:21:13,27.3,50.5
07/28/2026,23:26:13,27.3,50.4
07/28/2026,23:31:13,27.3,50.5
07/28/2026,23:36:13,27.2,50.4
07/28/2026,23:41:13,27.2,50.4
07/28/2026,23:46:13,27.2,50.4
07/28/2026,23:51:13,27.2,50.4
07/28/2026,23:56:13,27.2,50.4
07/29/2026,00:01:13,27.2,50.4
07/29/2026,00:06:13,27.2,50.4
07/29/2026,00:11:13,27.2,50.4
07/29/2026,00:16:13,27.1,50.4
07/29/2026,00:21:13,27.2,50.4
07/29/2026,00:26:13,27.1,50.4
07/29/2026,00:31:13,27.1,50.4
07/29/2026,00:36:13,27.1,50.3
07/29/2026,00:41:13,27.1,50.4
07/29/2026,00:46:13,27.1,50.4
07/29/2026,00:51:13,27.0,50.3
07/29/2026,00:56:13,27.1,50.3
07/29/2026,01:01:13,27.0,50.3
07/29/2026,01:06:13,27.0,50.4
07/29/2026,01:11:13,27.0,50.3
07/29/2026,01:16:13,27.0,50.3
07/29/2026,01:21:13,27.0,50.3
07/29/2026,01:26:13,27.0,50.3
07/29/2026,01:31:13,27.0,50.3
07/29/2026,01:36:13,27.0,50.2
07/29/2026,01:41:13,27.0,50.2
07/29/2026,01:46:13,27.0,50.2
07/29/2026,01:51:13,26.9,50.2
07/29/2026,01:56:13,26.9,50.2
07/29/2026,02:01:13,26.9,50.2
07/29/2026,02:06:13,26.9,50.2
07/29/2026,02:11:13,26.9,50.2
07/29/2026,02:16:13,26.9,50.2
07/29/2026,02:21:13,26.9,50.2
07/29/2026,02:26:13,26.9,50.2
07/29/2026,02:31:13,26.9,50.1
07/29/2026,02:36:13,26.8,50.1
07/29/2026,02:41:13,26.8,50.1
07/29/2026,02:46:13,26.8,50.1
07/29/2026,02:51:13,26.8,50.1
07/29/2026,02:56:13,26.8,50.1
07/29/2026,03:01:13,26.8,50.1
07/29/2026,03:06:13,26.8,50.1
07/29/2026,03:11:13,26.8,50.1
07/29/2026,03:16:13,26.8,50.1
07/29/2026,03:21:13,26.8,50.0
07/29/2026,03:26:13,26.8,50.0
07/29/2026,03:31:13,26.7,50.0
07/29/2026,03:36:13,26.7,50.0
07/29/2026,03:41:13,26.7,50.0
07/29/2026,03:46:13,26.7,50.0
07/29/2026,03:51:13,26.7,50.1
07/29/2026,03:56:13,26.7,50.0
07/29/2026,04:01:13,26.7,50.1
07/29/2026,04:06:13,26.6,50.0
07/29/2026,04:11:13,26.6,50.1
07/29/2026,04:16:13,26.6,50.0
07/29/2026,04:21:13,26.6,50.0
07/29/2026,04:26:13,26.6,50.0
07/29/2026,04:31:13,26.6,50.0
07/29/2026,04:36:13,26.6,50.0
07/29/2026,04:41:13,26.5,50.1
07/29/2026,04:46:13,26.5,50.0
07/29/2026,04:51:13,26.5,50.1
07/29/2026,04:56:13,26.5,50.0
07/29/2026,05:01:13,26.5,50.1
07/29/2026,05:06:13,26.5,50.0
07/29/2026,05:11:13,26.5,50.0
07/29/2026,05:16:13,26.5,50.0
07/29/2026,05:21:13,26.5,50.0
07/29/2026,05:26:13,26.5,50.0
07/29/2026,05:31:13,26.4,50.0
07/29/2026,05:36:13,26.4,50.0
07/29/2026,05:41:13,26.4,50.0
07/29/2026,05:46:13,26.4,50.0
07/29/2026,05:51:13,26.4,50.0
07/29/2026,05:56:13,26.4,50.0
07/29/2026,06:01:13,26.3,50.0
07/29/2026,06:06:13,26.3,50.0
07/29/2026,06:11:13,26.3,50.0
07/29/2026,06:16:13,26.3,50.0
07/29/2026,06:21:13,26.3,50.0
07/29/2026,06:26:13,26.3,50.0
07/29/2026,06:31:13,26.3,50.0
07/29/2026,06:36:13,26.2,50.0
07/29/2026,06:41:13,26.2,50.1
07/29/2026,06:46:13,26.2,50.1
07/29/2026,06:51:13,26.2,50.1
07/29/2026,06:56:13,26.2,50.1
07/29/2026,07:01:13,26.2,50.1
07/29/2026,07:06:13,26.2,50.1
07/29/2026,07:11:13,26.2,50.1
07/29/2026,07:16:13,26.2,50.1
07/29/2026,07:21:13,26.2,50.2
07/29/2026,07:26:13,26.2,50.2
07/29/2026,07:31:13,26.2,50.2
07/29/2026,07:36:13,26.1,50.2
07/29/2026,07:41:13,26.2,50.2
07/29/2026,07:46:13,26.2,50.3
07/29/2026,07:51:13,26.2,50.2
07/29/2026,07:56:13,26.2,50.2
07/29/2026,08:01:13,26.2,50.3
07/29/2026,08:06:13,26.1,50.2
07/29/2026,08:11:13,26.2,50.2
07/29/2026,08:16:13,26.2,50.2
07/29/2026,08:21:13,26.2,50.3
07/29/2026,08:26:13,26.2,50.2
07/29/2026,08:31:13,26.2,50.2
07/29/2026,08:36:13,26.2,50.3
07/29/2026,08:41:13,26.2,50.2
07/29/2026,08:46:13,26.2,50.2
07/29/2026,08:51:13,26.3,50.3
07/29/2026,08:56:13,26.3,50.3
07/29/2026,09:01:13,26.3,50.2
07/29/2026,09:06:13,26.3,50.3
07/29/2026,09:11:13,26.3,50.2
07/29/2026,09:16:13,26.3,50.3
07/29/2026,09:21:13,26.4,50.2
07/29/2026,09:26:13,26.4,50.2
07/29/2026,09:31:13,26.4,50.3
07/29/2026,09:36:13,26.4,50.3
07/29/2026,09:41:13,26.5,50.4
07/29/2026,09:46:13,26.5,50.4
07/29/2026,09:51:13,26.5,50.5
07/29/2026,09:56:13,26.5,50.5
07/29/2026,10:01:13,26.5,50.4
07/29/2026,10:06:13,26.6,50.4
07/29/2026,10:11:13,26.6,50.3
07/29/2026,10:16:13,26.6,50.3
07/29/2026,10:21:13,26.6,50.2
07/29/2026,10:26:13,26.6,50.1
07/29/2026,10:31:13,26.7,50.0
07/29/2026,10:36:13,26.7,50.0
07/29/2026,10:41:13,26.7,50.0
07/29/2026,10:46:13,26.8,49.9
07/29/2026,10:51:13,26.8,49.9
07/29/2026,10:56:13,26.8,49.7
07/29/2026,11:01:13,26.8,49.7
07/29/2026,11:06:13,26.8,49.7
07/29/2026,11:11:13,26.8,49.6
07/29/2026,11:16:13,26.9,49.5
07/29/2026,11:21:13,26.9,49.5
07/29/2026,11:26:13,26.9,49.4
07/29/2026,11:31:13,26.9,49.4
07/29/2026,11:36:13,26.9,49.3
07/29/2026,11:41:13,27.0,49.3
07/29/2026,11:46:13,27.0,49.2
07/29/2026,11:51:13,27.0,49.2
07/29/2026,11:56:13,27.0,49.1
07/29/2026,12:01:13,27.0,49.1
07/29/2026,12:06:13,27.1,49.1
07/29/2026,12:11:13,27.1,49.1
07/29/2026,12:16:13,27.1,49.0
07/29/2026,12:21:13,27.1,49.0
07/29/2026,12:26:13,27.1,49.0
07/29/2026,12:31:13,27.2,49.0
07/29/2026,12:36:13,27.2,48.9
07/29/2026,12:41:13,27.2,49.0
07/29/2026,12:46:13,27.3,48.9
07/29/2026,12:51:13,27.3,48.9
07/29/2026,12:56:13,27.3,48.9
07/29/2026,13:01:13,27.4,48.8
07/29/2026,13:06:13,27.4,48.9
07/29/2026,13:11:13,27.4,48.8
07/29/2026,13:16:13,27.4,48.8
07/29/2026,13:21:13,27.5,48.7
07/29/2026,13:26:13,27.5,48.7
07/29/2026,13:31:13,27.5,48.6
07/29/2026,13:36:13,27.5,48.6
07/29/2026,13:41:13,27.6,48.6
07/29/2026,13:46:13,27.6,48.6
07/29/2026,13:51:13,27.6,48.5
07/29/2026,13:56:13,27.6,48.3
07/29/2026,14:01:13,27.7,48.4
07/29/2026,14:06:13,27.7,48.3
07/29/2026,14:11:13,27.7,48.3
07/29/2026,14:16:13,27.8,48.2
07/29/2026,14:21:13,27.8,48.1
07/29/2026,14:26:13,27.8,48.1
07/29/2026,14:31:13,27.9,48.1
07/29/2026,14:36:13,27.9,48.0
07/29/2026,14:41:13,27.9,47.9
07/29/2026,14:46:13,28.0,47.9
07/29/2026,14:51:13,28.0,47.7
07/29/2026,14:56:13,28.0,47.6
07/29/2026,15:01:13,28.1,47.5
07/29/2026,15:06:13,28.1,47.5
07/29/2026,15:11:13,28.1,47.4
07/29/2026,15:16:13,28.2,47.3
07/29/2026,15:21:13,28.2,47.2
07/29/2026,15:26:13,28.2,47.1
07/29/2026,15:31:13,28.3,47.0
07/29/2026,15:36:13,28.3,46.9
07/29/2026,15:41:13,28.3,46.8
07/29/2026,15:46:13,28.4,46.8
07/29/2026,15:51:13,28.4,46.7
07/29/2026,15:56:13,28.5,46.6
07/29/2026,16:01:13,28.5,46.6
07/29/2026,16:06:13,28.5,46.6
07/29/2026,16:11:13,28.5,46.5
07/29/2026,16:16:13,28.6,46.4
07/29/2026,16:21:13,28.6,46.4
07/29/2026,16:26:13,28.6,46.3
07/29/2026,16:31:13,28.7,46.1
07/29/2026,16:36:13,28.7,46.2
07/29/2026,16:41:13,28.7,46.1
07/29/2026,16:46:13,28.7,46.1
07/29/2026,16:51:13,28.8,45.9
07/29/2026,16:56:13,28.8,45.8
07/29/2026,17:01:13,28.9,45.8
07/29/2026,17:06:13,28.9,45.8
07/29/2026,17:11:13,28.9,45.7
07/29/2026,17:16:13,28.9,45.6
07/29/2026,17:21:13,29.0,45.4
07/29/2026,17:26:13,29.0,45.4
07/29/2026,17:31:13,29.0,45.3
07/29/2026,17:36:13,29.0,45.3
07/29/2026,17:41:13,29.1,45.2
07/29/2026,17:46:13,29.1,45.2
07/29/2026,17:51:13,29.1,45.1
07/29/2026,17:56:13,29.1,45.1
07/29/2026,18:01:13,29.2,45.0
07/29/2026,18:06:13,29.2,44.9
07/29/2026,18:11:13,29.2,44.9
07/29/2026,18:16:13,29.2,44.9
07/29/2026,18:21:13,29.3,44.8
07/29/2026,18:26:13,29.3,44.7
07/29/2026,18:31:13,29.3,44.6
07/29/2026,18:36:13,29.3,44.6
07/29/2026,18:41:13,29.3,44.6
07/29/2026,18:46:13,29.4,44.6
07/29/2026,18:51:13,29.4,44.2
07/29/2026,18:56:13,29.4,43.5
07/29/2026,19:01:13,29.5,43.2
07/29/2026,19:06:13,29.5,43.0
07/29/2026,19:11:13,29.5,42.6
07/29/2026,19:16:13,29.5,42.6
07/29/2026,19:21:13,29.5,42.2
07/29/2026,19:26:13,29.6,42.3
07/29/2026,19:31:13,29.6,42.3
07/29/2026,19:36:13,29.6,42.1
07/29/2026,19:41:13,29.6,42.0
07/29/2026,19:46:13,29.6,42.0
07/29/2026,19:51:13,29.7,42.0
07/29/2026,19:56:13,29.7,42.1
07/29/2026,20:01:13,29.7,42.2
07/29/2026,20:06:13,29.7,42.2
07/29/2026,20:11:13,29.7,42.5
07/29/2026,20:16:13,29.7,42.0
07/29/2026,20:21:13,29.7,42.2
07/29/2026,20:26:13,29.7,42.1
07/29/2026,20:31:13,29.7,42.3
07/29/2026,20:36:13,29.7,42.2
07/29/2026,20:41:13,29.7,42.2
07/29/2026,20:46:13,29.7,42.3
07/29/2026,20:51:13,29.7,42.3
07/29/2026,20:56:13,29.7,42.3
07/29/2026,21:01:13,29.7,42.2
07/29/2026,21:06:13,29.7,42.2
07/29/2026,21:11:13,29.7,42.2
07/29/2026,21:16:13,29.7,42.1
07/29/2026,21:21:13,29.7,42.1
07/29/2026,21:26:13,29.7,42.1
07/29/2026,21:31:13,29.7,42.1
07/29/2026,21:36:13,29.7,42.1
07/29/2026,21:41:13,29.7,42.1
07/29/2026,21:46:13,29.6,42.1
07/29/2026,21:51:13,29.6,42.2
07/29/2026,21:56:13,29.6,42.1
07/29/2026,22:01:13,29.6,42.2
07/29/2026,22:06:13,29.6,42.2
07/29/2026,22:11:13,29.6,42.2
07/29/2026,22:16:13,29.6,42.1
07/29/2026,22:21:13,29.6,42.3
07/29/2026,22:26:13,29.6,42.3
07/29/2026,22:31:13,29.5,42.3
07/29/2026,22:36:13,29.5,42.4
07/29/2026,22:41:13,29.5,42.4
07/29/2026,22:46:13,29.5,42.5
07/29/2026,22:51:13,29.5,42.7
07/29/2026,22:56:13,29.4,42.7
07/29/2026,23:01:13,29.4,42.7
07/29/2026,23:06:13,29.4,42.8
07/29/2026,23:11:13,29.4,42.8
07/29/2026,23:16:13,29.4,42.9
07/29/2026,23:21:13,29.4,43.0
07/29/2026,23:26:13,29.3,43.1
07/29/2026,23:31:13,29.3,43.1
07/29/2026,23:36:13,29.3,43.2
07/29/2026,23:41:13,29.3,43.2
07/29/2026,23:46:13,29.3,43.2
07/29/2026,23:51:13,29.3,43.3
07/29/2026,23:56:13,29.2,43.3
07/30/2026,00:01:13,29.2,43.4
07/30/2026,00:06:13,29.2,43.4
07/30/2026,00:11:13,29.2,43.4
07/30/2026,00:16:13,29.2,43.5
07/30/2026,00:21:13,29.2,43.5
07/30/2026,00:26:13,29.1,43.6
07/30/2026,00:31:13,29.1,43.7
07/30/2026,00:36:13,29.1,43.7
07/30/2026,00:41:13,29.1,43.7
07/30/2026,00:46:13,29.1,43.8
07/30/2026,00:51:13,29.1,43.8
07/30/2026,00:56:13,29.0,43.8
07/30/2026,01:01:13,29.0,43.8
07/30/2026,01:06:13,29.0,43.9
07/30/2026,01:11:13,29.0,44.0
07/30/2026,01:16:13,28.9,44.0
07/30/2026,01:21:13,28.9,44.0
07/30/2026,01:26:13,28.9,43.9
07/30/2026,01:31:13,28.9,43.9
07/30/2026,01:36:13,28.8,43.9
07/30/2026,01:41:13,28.8,43.9
07/30/2026,01:46:13,28.8,43.9
07/30/2026,01:51:13,28.7,43.9
07/30/2026,01:56:13,28.8,43.9
07/30/2026,02:01:13,28.7,43.9
07/30/2026,02:06:13,28.7,43.9
07/30/2026,02:11:13,28.7,43.9
07/30/2026,02:16:13,28.7,43.9
07/30/2026,02:21:13,28.6,43.9
07/30/2026,02:26:13,28.6,43.9
07/30/2026,02:31:13,28.6,43.9
07/30/2026,02:36:13,28.6,43.8
07/30/2026,02:41:13,28.5,43.8
07/30/2026,02:46:13,28.5,43.8
07/30/2026,02:51:13,28.5,43.8
07/30/2026,02:56:13,28.5,43.8
07/30/2026,03:01:13,28.5,43.8
07/30/2026,03:06:13,28.4,43.8
07/30/2026,03:11:13,28.4,43.8
07/30/2026,03:16:13,28.4,43.8
07/30/2026,03:21:13,28.4,43.7
07/30/2026,03:26:13,28.4,43.8
07/30/2026,03:31:13,28.3,43.8
07/30/2026,03:36:13,28.3,43.7
07/30/2026,03:41:13,28.3,43.8
07/30/2026,03:46:13,28.3,43.8
07/30/2026,03:51:13,28.2,43.8
07/30/2026,03:56:13,28.2,43.8
07/30/2026,04:01:13,28.2,43.7
07/30/2026,04:06:13,28.2,43.7
07/30/2026,04:11:13,28.2,43.7
07/30/2026,04:16:13,28.1,43.7
07/30/2026,04:21:13,28.1,43.7
07/30/2026,04:26:13,28.1,43.7
07/30/2026,04:31:13,28.0,43.7
07/30/2026,04:36:13,28.0,43.7
07/30/2026,04:41:13,28.0,43.7
07/30/2026,04:46:13,28.0,43.7
07/30/2026,04:51:13,27.9,43.7
07/30/2026,04:56:13,27.9,43.7
07/30/2026,05:01:13,27.9,43.7
07/30/2026,05:06:13,27.9,43.7
07/30/2026,05:11:13,27.8,43.7
07/30/2026,05:16:13,27.8,43.7
07/30/2026,05:21:13,27.8,43.8
07/30/2026,05:26:13,27.8,43.8
07/30/2026,05:31:13,27.7,43.7
07/30/2026,05:36:13,27.7,43.8
07/30/2026,05:41:13,27.7,43.9
07/30/2026,05:46:13,27.6,43.9
07/30/2026,05:51:13,27.6,43.9
07/30/2026,05:56:13,27.6,43.9
07/30/2026,06:01:13,27.6,44.0
07/30/2026,06:06:13,27.5,44.0
07/30/2026,06:11:13,27.5,44.1
07/30/2026,06:16:13,27.5,44.1
07/30/2026,06:21:13,27.5,44.2
07/30/2026,06:26:13,27.5,44.3
07/30/2026,06:31:13,27.4,44.3
07/30/2026,06:36:13,27.4,44.4
07/30/2026,06:41:13,27.4,44.4
07/30/2026,06:46:13,27.4,44.5
07/30/2026,06:51:13,27.4,44.5
07/30/2026,06:56:13,27.3,44.6
07/30/2026,07:01:13,27.3,44.7
07/30/2026,07:06:13,27.3,44.8
07/30/2026,07:11:13,27.3,44.9
07/30/2026,07:16:13,27.2,44.9
07/30/2026,07:21:13,27.3,45.0
07/30/2026,07:26:13,27.2,45.0
07/30/2026,07:31:13,27.2,45.1
07/30/2026,07:36:13,27.2,45.1
07/30/2026,07:41:13,27.2,45.2
07/30/2026,07:46:13,27.2,45.1
07/30/2026,07:51:13,27.2,45.3
07/30/2026,07:56:13,27.2,45.3
07/30/2026,08:01:13,27.2,45.4
07/30/2026,08:06:13,27.2,45.4
07/30/2026,08:11:13,27.2,45.6
07/30/2026,08:16:13,27.2,45.6
07/30/2026,08:21:13,27.2,45.6
07/30/2026,08:26:13,27.2,45.8
07/30/2026,08:31:13,27.2,45.8
07/30/2026,08:36:13,27.2,45.9
07/30/2026,08:41:13,27.2,45.9
07/30/2026,08:46:13,27.2,46.0
07/30/2026,08:51:13,27.2,46.1
07/30/2026,08:56:13,27.2,46.1
07/30/2026,09:01:13,27.2,46.2
07/30/2026,09:06:13,27.3,46.2
07/30/2026,09:11:13,27.3,46.2
07/30/2026,09:16:13,27.3,46.3
07/30/2026,09:21:13,27.3,46.3
07/30/2026,09:26:13,27.3,46.4
07/30/2026,09:31:13,27.3,46.5
07/30/2026,09:36:13,27.3,46.6
07/30/2026,09:41:13,27.3,46.7
07/30/2026,09:46:13,27.4,46.8
07/30/2026,09:51:13,27.4,46.9
07/30/2026,09:56:13,27.4,47.1
07/30/2026,10:01:13,27.4,47.1
07/30/2026,10:06:13,27.5,47.2
07/30/2026,10:11:13,27.5,47.1
07/30/2026,10:16:13,27.5,47.2
07/30/2026,10:21:13,27.5,47.1
07/30/2026,10:26:13,27.5,47.1
07/30/2026,10:31:13,27.5,47.0
07/30/2026,10:36:13,27.5,47.1
07/30/2026,10:41:13,27.5,47.1
07/30/2026,10:46:13,27.6,47.1
07/30/2026,10:51:13,27.6,47.0
07/30/2026,10:56:13,27.6,47.1
07/30/2026,11:01:13,27.6,47.0
07/30/2026,11:06:13,27.6,46.9
07/30/2026,11:11:13,27.6,46.9
07/30/2026,11:16:13,27.7,46.9
07/30/2026,11:21:13,27.7,46.8
07/30/2026,11:26:13,27.7,46.6
07/30/2026,11:31:13,27.7,46.5
07/30/2026,11:36:13,27.7,46.6
07/30/2026,11:41:13,27.7,46.4
07/30/2026,11:46:13,27.7,46.4
07/30/2026,11:51:13,27.7,46.2
07/30/2026,11:56:13,27.7,46.1
07/30/2026,12:01:13,27.7,46.0
07/30/2026,12:06:13,27.7,45.9
07/30/2026,12:11:13,27.8,45.7
07/30/2026,12:16:13,27.8,45.5
07/30/2026,12:21:13,27.8,45.5
07/30/2026,12:26:13,27.8,45.3
07/30/2026,12:31:13,27.8,45.3
07/30/2026,12:36:13,27.8,45.1
07/30/2026,12:41:13,27.8,45.0
07/30/2026,12:46:13,27.8,44.9
07/30/2026,12:51:13,27.8,44.8
07/30/2026,12:56:13,27.9,44.7
07/30/2026,13:01:13,27.9,44.5
07/30/2026,13:06:13,27.9,44.6
07/30/2026,13:11:13,27.9,44.4
07/30/2026,13:16:13,27.9,44.3
07/30/2026,13:21:13,27.9,44.2
07/30/2026,13:26:13,27.9,44.2
07/30/2026,13:31:13,27.9,44.2
07/30/2026,13:36:13,27.9,44.2
07/30/2026,13:41:13,27.9,43.9
07/30/2026,13:46:13,28.0,43.9
07/30/2026,13:51:13,28.0,43.9
07/30/2026,13:56:13,28.0,43.8
07/30/2026,14:01:13,28.0,43.7
07/30/2026,14:06:13,28.0,43.8
07/30/2026,14:11:13,28.0,43.7
07/30/2026,14:16:13,28.0,43.6
07/30/2026,14:21:13,28.0,43.5
07/30/2026,14:26:13,28.1,43.5
07/30/2026,14:31:13,28.1,43.5
07/30/2026,14:36:13,28.1,43.5
07/30/2026,14:41:13,28.1,43.4
07/30/2026,14:46:13,28.1,43.4
07/30/2026,14:51:13,28.1,43.2
07/30/2026,14:56:13,28.1,43.3
07/30/2026,15:01:13,28.1,43.2
07/30/2026,15:06:13,28.1,43.3
07/30/2026,15:11:13,28.1,43.2
07/30/2026,15:16:13,28.1,43.2
07/30/2026,15:21:13,28.2,43.2
07/30/2026,15:26:13,28.2,43.2
07/30/2026,15:31:13,28.2,43.1
07/30/2026,15:36:13,28.2,43.1
07/30/2026,15:41:13,28.2,43.1
07/30/2026,15:46:13,28.2,43.1
07/30/2026,15:51:13,28.2,43.1
07/30/2026,15:56:13,28.2,42.9
07/30/2026,16:01:13,28.2,43.0
07/30/2026,16:06:13,28.2,42.9
07/30/2026,16:11:13,28.2,42.9
07/30/2026,16:16:13,28.3,42.9
07/30/2026,16:21:13,28.2,43.0
07/30/2026,16:26:13,28.2,42.9
07/30/2026,16:31:13,28.2,42.9
07/30/2026,16:36:13,28.3,42.9
07/30/2026,16:41:13,28.3,43.0
07/30/2026,16:46:13,28.2,42.9
07/30/2026,16:51:13,28.3,43.0
07/30/2026,16:56:13,28.3,43.0
07/30/2026,17:01:13,28.3,43.0
07/30/2026,17:06:13,28.3,43.1
07/30/2026,17:11:13,28.3,43.0
07/30/2026,17:16:13,28.3,43.1
07/30/2026,17:21:13,28.3,43.2
07/30/2026,17:26:13,28.3,43.3
07/30/2026,17:31:13,28.3,43.3
07/30/2026,17:36:13,28.3,43.4
07/30/2026,17:41:13,28.3,43.5
07/30/2026,17:46:13,28.3,43.5
07/30/2026,17:51:13,28.3,43.6
07/30/2026,17:56:13,28.3,43.6
07/30/2026,18:01:13,28.3,43.6
07/30/2026,18:06:13,28.3,43.7
07/30/2026,18:11:13,28.3,43.7
07/30/2026,18:16:13,28.3,43.8
07/30/2026,18:21:13,28.3,43.9
07/30/2026,18:26:13,28.3,43.9
07/30/2026,18:31:13,28.3,43.9
07/30/2026,18:36:13,28.3,43.9
07/30/2026,18:41:13,28.3,44.0
07/30/2026,18:46:13,28.3,44.2
07/30/2026,18:51:13,28.3,44.3
07/30/2026,18:56:13,28.2,44.4
07/30/2026,19:01:13,28.2,44.5
07/30/2026,19:06:13,28.2,44.5
07/30/2026,19:11:13,28.2,44.5
07/30/2026,19:16:13,28.2,44.5
07/30/2026,19:21:13,28.2,44.6
07/30/2026,19:26:13,28.2,44.6
07/30/2026,19:31:13,28.2,44.6
07/30/2026,19:36:13,28.2,44.6
07/30/2026,19:41:13,28.2,44.7
07/30/2026,19:46:13,28.1,44.9
07/30/2026,19:51:13,28.1,45.0
07/30/2026,19:56:13,28.1,45.1
07/30/2026,20:01:13,28.1,45.2
07/30/2026,20:06:13,28.1,45.3
07/30/2026,20:11:13,28.1,45.4
07/30/2026,20:16:13,28.1,45.5
07/30/2026,20:21:13,28.1,45.6
07/30/2026,20:26:13,28.1,45.7
07/30/2026,20:31:13,28.0,45.7
07/30/2026,20:36:13,28.0,45.9
07/30/2026,20:41:13,28.0,45.9
07/30/2026,20:46:13,28.0,46.1
07/30/2026,20:51:13,28.0,46.3
07/30/2026,20:56:13,28.0,46.4
07/30/2026,21:01:13,27.9,46.7
07/30/2026,21:06:13,27.9,46.8
07/30/2026,21:11:13,27.9,47.0
07/30/2026,21:16:13,27.9,47.2
07/30/2026,21:21:13,27.9,47.3
07/30/2026,21:26:13,27.9,47.6
07/30/2026,21:31:13,27.9,47.7
07/30/2026,21:36:13,27.8,47.9
07/30/2026,21:41:13,27.8,48.0
07/30/2026,21:46:13,27.8,48.1
07/30/2026,21:51:13,27.8,48.2
07/30/2026,21:56:13,27.8,48.4
07/30/2026,22:01:13,27.7,48.5
07/30/2026,22:06:13,27.7,48.7
07/30/2026,22:11:13,27.7,48.8
07/30/2026,22:16:13,27.7,48.9
07/30/2026,22:21:13,27.7,49.1
07/30/2026,22:26:13,27.7,49.2
07/30/2026,22:31:13,27.6,49.3
07/30/2026,22:36:13,27.6,49.4
07/30/2026,22:41:13,27.6,49.5
07/30/2026,22:46:13,27.6,49.6
07/30/2026,22:51:13,27.6,49.6
07/30/2026,22:56:13,27.6,49.7
07/30/2026,23:01:13,27.5,49.8
07/30/2026,23:06:13,27.5,49.9
07/30/2026,23:11:13,27.5,50.0
07/30/2026,23:16:13,27.5,50.1
07/30/2026,23:21:13,27.5,50.2
07/30/2026,23:26:13,27.5,50.2
07/30/2026,23:31:13,27.5,50.3
07/30/2026,23:36:13,27.4,50.4
07/30/2026,23:41:13,27.4,50.5
07/30/2026,23:46:13,27.4,50.6
07/30/2026,23:51:13,27.4,50.7
07/30/2026,23:56:13,27.4,50.8
07/31/2026,00:01:13,27.3,50.8
07/31/2026,00:06:13,27.3,50.9
07/31/2026,00:11:13,27.3,51.0
07/31/2026,00:16:13,27.3,51.0
07/31/2026,00:21:13,27.3,51.2
07/31/2026,00:26:13,27.3,51.2
07/31/2026,00:31:13,27.3,51.3
07/31/2026,00:36:13,27.2,51.3
07/31/2026,00:41:13,27.2,51.4
07/31/2026,00:46:13,27.2,51.5
07/31/2026,00:51:13,27.2,51.5
07/31/2026,00:56:13,27.2,51.6
07/31/2026,01:01:13,27.1,51.7
07/31/2026,01:06:13,27.1,51.7
07/31/2026,01:11:13,27.1,51.7
07/31/2026,01:16:13,27.1,51.8
07/31/2026,01:21:13,27.0,51.9
07/31/2026,01:26:13,27.0,51.9
07/31/2026,01:31:13,27.0,52.0
07/31/2026,01:36:13,27.0,52.0
07/31/2026,01:41:13,27.0,52.0
07/31/2026,01:46:13,27.0,52.0
07/31/2026,01:51:13,27.0,52.0
07/31/2026,01:56:13,26.9,52.0
07/31/2026,02:01:13,26.9,51.9
07/31/2026,02:06:13,26.9,51.9
07/31/2026,02:11:13,26.8,51.7
07/31/2026,02:16:13,26.8,51.7
07/31/2026,02:21:13,26.8,51.5
07/31/2026,02:26:13,26.8,51.3
07/31/2026,02:31:13,26.8,51.2
07/31/2026,02:36:13,26.7,51.0
07/31/2026,02:41:13,26.7,50.7
07/31/2026,02:46:13,26.7,50.3
07/31/2026,02:51:13,26.7,49.8
07/31/2026,02:56:13,26.6,49.5
07/31/2026,03:01:13,26.6,49.1
07/31/2026,03:06:13,26.6,48.7
07/31/2026,03:11:13,26.5,48.4
07/31/2026,03:16:13,26.5,48.0
07/31/2026,03:21:13,26.4,47.6
07/31/2026,03:26:13,26.4,47.3
07/31/2026,03:31:13,26.3,46.9
07/31/2026,03:36:13,26.3,46.6
07/31/2026,03:41:13,26.3,46.3
07/31/2026,03:46:13,26.2,46.0
07/31/2026,03:51:13,26.2,45.8
07/31/2026,03:56:13,26.2,45.5
07/31/2026,04:01:13,26.1,45.2
07/31/2026,04:06:13,26.1,45.0
07/31/2026,04:11:13,26.0,44.8
07/31/2026,04:16:13,26.0,44.7
07/31/2026,04:21:13,26.0,44.5
07/31/2026,04:26:13,25.9,44.4
07/31/2026,04:31:13,25.9,44.3
07/31/2026,04:36:13,25.9,44.2
07/31/2026,04:41:13,25.9,44.1
07/31/2026,04:46:13,25.8,44.0
07/31/2026,04:51:13,25.8,43.9
07/31/2026,04:56:13,25.8,43.8
07/31/2026,05:01:13,25.8,43.8
07/31/2026,05:06:13,25.7,43.7
07/31/2026,05:11:13,25.7,43.7
07/31/2026,05:16:13,25.6,43.6
07/31/2026,05:21:13,25.6,43.5
07/31/2026,05:26:13,25.6,43.4
07/31/2026,05:31:13,25.5,43.4
07/31/2026,05:36:13,25.5,43.3
07/31/2026,05:41:13,25.5,43.2
07/31/2026,05:46:13,25.5,43.2
07/31/2026,05:51:13,25.4,43.1
07/31/2026,05:56:13,25.4,43.0
07/31/2026,06:01:13,25.4,43.0
07/31/2026,06:06:13,25.3,43.0
07/31/2026,06:11:13,25.3,42.9
07/31/2026,06:16:13,25.2,42.9
07/31/2026,06:21:13,25.2,42.9
07/31/2026,06:26:13,25.2,42.9
07/31/2026,06:31:13,25.2,43.0
07/31/2026,06:36:13,25.2,42.9
07/31/2026,06:41:13,25.1,43.0
07/31/2026,06:46:13,25.1,43.0
07/31/2026,06:51:13,25.1,43.0
07/31/2026,06:56:13,25.1,43.0
07/31/2026,07:01:13,25.1,43.1
07/31/2026,07:06:13,25.1,43.0
07/31/2026,07:11:13,25.1,43.1
07/31/2026,07:16:13,25.1,43.1
07/31/2026,07:21:13,25.1,43.1
07/31/2026,07:26:13,25.0,43.2
07/31/2026,07:31:13,25.0,43.1
07/31/2026,07:36:13,25.0,43.2
07/31/2026,07:41:13,25.0,43.2
07/31/2026,07:46:13,25.0,43.3
07/31/2026,07:51:13,25.0,43.4
07/31/2026,07:56:13,25.0,43.4
07/31/2026,08:01:13,25.0,43.5
07/31/2026,08:06:13,25.0,43.5
07/31/2026,08:11:13,25.0,43.5
07/31/2026,08:16:13,25.0,43.6
07/31/2026,08:21:13,25.0,43.6
07/31/2026,08:26:13,25.0,43.6
07/31/2026,08:31:13,25.1,43.7
07/31/2026,08:36:13,25.1,43.7
07/31/2026,08:41:13,25.1,43.7
07/31/2026,08:46:13,25.1,43.8
07/31/2026,08:51:13,25.1,43.8
07/31/2026,08:56:13,25.1,43.9
07/31/2026,09:01:13,25.1,43.8
07/31/2026,09:06:13,25.1,43.8
07/31/2026,09:11:13,25.1,43.9
07/31/2026,09:16:13,25.1,43.9
07/31/2026,09:21:13,25.1,43.9
07/31/2026,09:26:13,25.1,44.0
07/31/2026,09:31:13,25.2,43.9
07/31/2026,09:36:13,25.1,44.0
07/31/2026,09:41:13,25.1,44.0
07/31/2026,09:46:13,25.2,44.0
07/31/2026,09:51:13,25.2,44.1
07/31/2026,09:56:13,25.2,44.1
07/31/2026,10:01:13,25.2,44.1
07/31/2026,10:06:13,25.2,44.1
07/31/2026,10:11:13,25.2,44.1
07/31/2026,10:16:13,25.2,44.1
07/31/2026,10:21:13,25.2,44.2
07/31/2026,10:26:13,25.2,44.2
07/31/2026,10:31:13,25.2,44.3
07/31/2026,10:36:13,25.3,44.2
07/31/2026,10:41:13,25.3,44.3
07/31/2026,10:46:13,25.3,44.2
07/31/2026,10:51:13,25.3,44.2
07/31/2026,10:56:13,25.4,44.3
07/31/2026,11:01:13,25.4,44.2
07/31/2026,11:06:13,25.4,44.2
07/31/2026,11:11:13,25.4,44.2
07/31/2026,11:16:13,25.4,44.2
07/31/2026,11:21:13,25.4,44.2
07/31/2026,11:26:13,25.5,44.2
07/31/2026,11:31:13,25.5,44.2
07/31/2026,11:36:13,25.5,44.2
07/31/2026,11:41:13,25.5,44.2
07/31/2026,11:46:13,25.5,44.2
07/31/2026,11:51:13,25.5,44.1
07/31/2026,11:56:13,25.6,44.2
07/31/2026,12:01:13,25.6,44.1
07/31/2026,12:06:13,25.6,44.1
07/31/2026,12:11:13,25.6,44.1
07/31/2026,12:16:13,25.6,44.1
07/31/2026,12:21:13,25.6,44.0
07/31/2026,12:26:13,25.7,44.0
07/31/2026,12:31:13,25.7,44.0
07/31/2026,12:36:13,25.7,43.9
07/31/2026,12:41:13,25.7,43.8
07/31/2026,12:46:13,25.7,43.8
07/31/2026,12:51:13,25.7,43.8
07/31/2026,12:56:13,25.8,43.7
07/31/2026,13:01:13,25.8,43.7
07/31/2026,13:06:13,25.8,43.7
07/31/2026,13:11:13,25.9,43.7
07/31/2026,13:16:13,25.9,43.7
07/31/2026,13:21:13,25.9,43.6
07/31/2026,13:26:13,25.9,43.5
07/31/2026,13:31:13,26.0,43.5
07/31/2026,13:36:13,26.0,43.5
07/31/2026,13:41:13,26.0,43.4
07/31/2026,13:46:13,26.0,43.4
07/31/2026,13:51:13,26.0,43.4
07/31/2026,13:56:13,26.1,43.3
07/31/2026,14:01:13,26.1,43.3
07/31/2026,14:06:13,26.1,43.3
07/31/2026,14:11:13,26.1,43.3
07/31/2026,14:16:13,26.1,43.3
07/31/2026,14:21:13,26.2,43.2
07/31/2026,14:26:13,26.2,43.2
07/31/2026,14:31:13,26.2,43.2
07/31/2026,14:36:13,26.2,43.2
07/31/2026,14:41:13,26.2,43.1
07/31/2026,14:46:13,26.3,43.1
07/31/2026,14:51:13,26.3,42.9
07/31/2026,14:56:13,26.3,42.9
07/31/2026,15:01:13,26.3,42.9
07/31/2026,15:06:13,26.3,42.8
07/31/2026,15:11:13,26.3,42.7
07/31/2026,15:16:13,26.4,42.6
07/31/2026,15:21:13,26.4,42.5
07/31/2026,15:26:13,26.4,42.5
07/31/2026,15:31:13,26.4,42.5
07/31/2026,15:36:13,26.4,42.5
07/31/2026,15:41:13,26.4,42.5
07/31/2026,15:46:13,26.4,42.4
07/31/2026,15:51:13,26.4,42.4
07/31/2026,15:56:13,26.5,42.3
07/31/2026,16:01:13,26.5,42.3
07/31/2026,16:06:13,26.5,42.3
07/31/2026,16:11:13,26.5,42.3
07/31/2026,16:16:13,26.6,42.2
07/31/2026,16:21:13,26.6,42.1
07/31/2026,16:26:13,26.6,42.1
07/31/2026,16:31:13,26.6,42.1
07/31/2026,16:36:13,26.6,41.9
07/31/2026,16:41:13,26.6,41.9
07/31/2026,16:46:13,26.6,41.8
07/31/2026,16:51:13,26.6,41.7
07/31/2026,16:56:13,26.6,41.7
07/31/2026,17:01:13,26.7,41.7
07/31/2026,17:06:13,26.7,41.6
07/31/2026,17:11:13,26.7,41.6
07/31/2026,17:16:13,26.7,41.5
07/31/2026,17:21:13,26.7,41.5
07/31/2026,17:26:13,26.7,41.5
07/31/2026,17:31:13,26.7,41.4
07/31/2026,17:36:13,26.7,41.3
07/31/2026,17:41:13,26.8,41.4
07/31/2026,17:46:13,26.8,41.3
07/31/2026,17:51:13,26.8,41.3
07/31/2026,17:56:13,26.8,41.2
07/31/2026,18:01:13,26.8,41.2
07/31/2026,18:06:13,26.8,41.2
07/31/2026,18:11:13,26.8,40.9
07/31/2026,18:16:13,26.8,40.8
07/31/2026,18:21:13,26.8,40.8
07/31/2026,18:26:13,26.8,40.6
07/31/2026,18:31:13,26.8,40.6
07/31/2026,18:36:13,26.9,40.5
07/31/2026,18:41:13,26.9,40.5
07/31/2026,18:46:13,26.9,40.3
07/31/2026,18:51:13,26.9,40.3
07/31/2026,18:56:13,26.9,40.3
07/31/2026,19:01:13,26.9,40.2
07/31/2026,19:06:13,26.9,40.2
07/31/2026,19:11:13,26.9,40.3
07/31/2026,19:16:13,26.9,40.4
07/31/2026,19:21:13,26.9,40.4
07/31/2026,19:26:13,26.9,40.5
07/31/2026,19:31:13,26.9,40.6
07/31/2026,19:36:13,26.9,40.6
07/31/2026,19:41:13,26.9,40.7
07/31/2026,19:46:13,26.9,40.8
07/31/2026,19:51:13,27.0,40.7
07/31/2026,19:56:13,27.0,40.8
07/31/2026,20:01:13,27.0,40.6
07/31/2026,20:06:13,27.0,40.6
07/31/2026,20:11:13,27.0,40.6
07/31/2026,20:16:13,27.0,40.6
07/31/2026,20:21:13,27.0,40.5
07/31/2026,20:26:13,27.0,40.4
07/31/2026,20:31:13,27.0,40.3
07/31/2026,20:36:13,27.0,40.2
07/31/2026,20:41:13,27.0,40.1
07/31/2026,20:46:13,27.0,40.0
07/31/2026,20:51:13,27.0,39.9
07/31/2026,20:56:13,27.0,39.8
07/31/2026,21:01:13,27.0,39.6
07/31/2026,21:06:13,27.0,39.4
07/31/2026,21:11:13,27.0,39.3
07/31/2026,21:16:13,26.9,39.1
07/31/2026,21:21:13,26.9,38.9
07/31/2026,21:26:13,26.9,38.8
07/31/2026,21:31:13,26.9,38.7
07/31/2026,21:36:13,26.9,38.5
07/31/2026,21:41:13,26.9,38.5
07/31/2026,21:46:13,26.8,38.4
07/31/2026,21:51:13,26.8,38.3
07/31/2026,21:56:13,26.8,38.2
07/31/2026,22:01:13,26.8,38.1
07/31/2026,22:06:13,26.8,38.0
07/31/2026,22:11:13,26.8,38.0
07/31/2026,22:16:13,26.7,37.9
07/31/2026,22:21:13,26.7,37.9
07/31/2026,22:26:13,26.7,37.9
07/31/2026,22:31:13,26.7,38.0
07/31/2026,22:36:13,26.7,38.1
07/31/2026,22:41:13,26.7,38.1
07/31/2026,22:46:13,26.7,38.2
07/31/2026,22:51:13,26.7,38.2
07/31/2026,22:56:13,26.6,38.2
07/31/2026,23:01:13,26.6,38.1
07/31/2026,23:06:13,26.6,38.2
07/31/2026,23:11:13,26.6,38.1
07/31/2026,23:16:13,26.6,38.0
07/31/2026,23:21:13,26.6,37.9
07/31/2026,23:26:13,26.6,37.9
07/31/2026,23:31:13,26.5,37.8
07/31/2026,23:36:13,26.5,37.7
07/31/2026,23:41:13,26.5,37.6
07/31/2026,23:46:13,26.5,37.6
07/31/2026,23:51:13,26.5,37.5
07/31/2026,23:56:13,26.5,37.5