Date,Time,Temperature(C),Humidity(%RH)
07/01/2026,00:01:53,19.0,67.5
07/01/2026,00:06:53,18.9,67.9
07/01/2026,00:11:53,18.9,68.2
07/01/2026,00:16:53,18.8,68.4
07/01/2026,00:21:53,18.8,68.7
07/01/2026,00:26:53,18.9,68.8
07/01/2026,00:31:53,18.9,68.8
07/01/2026,00:36:53,19.0,68.9
07/01/2026,00:41:53,19.0,69.1
07/01/2026,00:46:53,18.9,69.2
07/01/2026,00:51:53,18.9,69.4
07/01/2026,00:56:53,18.9,69.5
07/01/2026,01:01:53,18.8,69.7
07/01/2026,01:06:53,18.8,69.9
07/01/2026,01:11:53,18.7,70.0
07/01/2026,01:16:53,18.7,70.2
07/01/2026,01:21:53,18.7,70.3
07/01/2026,01:26:53,18.6,70.4
07/01/2026,01:31:53,18.6,70.8
07/01/2026,01:36:53,18.6,70.7
07/01/2026,01:41:53,18.6,70.6
07/01/2026,01:46:53,18.6,70.7
07/01/2026,01:51:53,18.6,70.7
07/01/2026,01:56:53,18.5,70.8
07/01/2026,02:01:53,18.4,71.0
07/01/2026,02:06:53,18.3,71.1
07/01/2026,02:11:53,18.3,71.1
07/01/2026,02:16:53,18.3,71.3
07/01/2026,02:21:53,18.2,71.4
07/01/2026,02:26:53,18.1,71.6
07/01/2026,02:31:53,18.0,71.8
07/01/2026,02:36:53,18.0,72.0
07/01/2026,02:41:53,17.9,72.3
07/01/2026,02:46:53,17.9,72.6
07/01/2026,02:51:53,17.8,72.8
07/01/2026,02:56:53,17.7,72.9
07/01/2026,03:01:53,17.7,73.3
07/01/2026,03:06:53,17.6,73.6
07/01/2026,03:11:53,17.5,73.9
07/01/2026,03:16:53,17.3,74.3
07/01/2026,03:21:53,17.3,74.5
07/01/2026,03:26:53,17.2,74.6
07/01/2026,03:31:53,17.2,74.7
07/01/2026,03:36:53,17.2,74.9
07/01/2026,03:41:53,17.2,75.0
07/01/2026,03:46:53,17.2,75.1
07/01/2026,03:51:53,17.1,75.2
07/01/2026,03:56:53,17.1,75.3
07/01/2026,04:01:53,17.1,75.4
07/01/2026,04:06:53,17.1,75.5
07/01/2026,04:11:53,17.1,75.6
07/01/2026,04:16:53,17.1,75.7
07/01/2026,04:21:53,17.0,76.0
07/01/2026,04:26:53,16.9,76.4
07/01/2026,04:31:53,16.8,76.9
07/01/2026,04:36:53,16.8,77.1
07/01/2026,04:41:53,16.8,77.3
07/01/2026,04:46:53,16.9,77.2
07/01/2026,04:51:53,17.0,77.2
07/01/2026,04:56:53,17.0,77.1
07/01/2026,05:01:53,17.1,77.1
07/01/2026,05:06:53,17.1,77.3
07/01/2026,05:11:53,17.1,77.4
07/01/2026,05:16:53,17.1,77.5
07/01/2026,05:21:53,17.2,77.5
07/01/2026,05:26:53,17.2,77.3
07/01/2026,05:31:53,17.2,77.1
07/01/2026,05:36:53,17.3,76.9
07/01/2026,05:41:53,17.3,76.6
07/01/2026,05:46:53,17.3,76.5
07/01/2026,05:51:53,17.3,76.2
07/01/2026,05:56:53,17.3,76.1
07/01/2026,06:01:53,17.4,75.8
07/01/2026,06:06:53,17.4,75.6
07/01/2026,06:11:53,17.3,75.5
07/01/2026,06:16:53,17.3,75.4
07/01/2026,06:21:53,17.4,75.3
07/01/2026,06:26:53,17.3,75.2
07/01/2026,06:31:53,17.4,75.2
07/01/2026,06:36:53,17.4,75.1
07/01/2026,06:41:53,17.4,75.1
07/01/2026,06:46:53,17.5,74.9
07/01/2026,06:51:53,17.5,74.7
07/01/2026,06:56:53,17.5,74.6
07/01/2026,07:01:53,17.6,74.3
07/01/2026,07:06:53,17.7,74.0
07/01/2026,07:11:53,17.8,73.7
07/01/2026,07:16:53,17.8,73.7
07/01/2026,07:21:53,17.8,73.4
07/01/2026,07:26:53,17.8,73.5
07/01/2026,07:31:53,17.9,73.5
07/01/2026,07:36:53,17.8,73.2
07/01/2026,07:41:53,17.9,73.1
07/01/2026,07:46:53,18.0,72.9
07/01/2026,07:51:53,18.1,72.9
07/01/2026,07:56:53,18.3,72.4
07/01/2026,08:01:53,18.4,72.1
07/01/2026,08:06:53,18.5,71.6
07/01/2026,08:11:53,18.7,71.3
07/01/2026,08:16:53,18.8,71.2
07/01/2026,08:21:53,18.9,71.0
07/01/2026,08:26:53,19.0,70.6
07/01/2026,08:31:53,19.1,70.3
07/01/2026,08:36:53,19.2,69.9
07/01/2026,08:41:53,19.4,68.8
07/01/2026,08:46:53,19.4,68.8
07/01/2026,08:51:53,19.5,68.5
07/01/2026,08:56:53,19.8,68.6
07/01/2026,09:01:53,20.1,67.4
07/01/2026,09:06:53,20.1,66.8
07/01/2026,09:11:53,20.3,66.8
07/01/2026,09:16:53,20.7,66.4
07/01/2026,09:21:53,21.1,65.3
07/01/2026,09:26:53,21.2,64.7
07/01/2026,09:31:53,21.2,63.5
07/01/2026,09:36:53,20.8,63.2
07/01/2026,09:41:53,20.7,63.8
07/01/2026,09:46:53,21.1,63.3
07/01/2026,09:51:53,21.6,63.0
07/01/2026,09:56:53,21.8,61.6
07/01/2026,10:01:53,21.5,61.1
07/01/2026,10:06:53,21.3,60.8
07/01/2026,10:11:53,21.6,60.0
07/01/2026,10:16:53,21.7,59.8
07/01/2026,10:21:53,21.8,59.6
07/01/2026,10:26:53,21.6,59.6
07/01/2026,10:31:53,21.6,59.3
07/01/2026,10:36:53,21.6,57.7
07/01/2026,10:41:53,21.7,57.3
07/01/2026,10:46:53,21.7,57.9
07/01/2026,10:51:53,21.9,57.9
07/01/2026,10:56:53,21.9,57.8
07/01/2026,11:01:53,21.9,58.0
07/01/2026,11:06:53,21.9,57.7
07/01/2026,11:11:53,21.9,57.0
07/01/2026,11:16:53,21.9,57.1
07/01/2026,11:21:53,22.0,57.3
07/01/2026,11:26:53,22.0,56.5
07/01/2026,11:31:53,22.4,56.3
07/01/2026,11:36:53,22.5,55.5
07/01/2026,11:41:53,22.3,55.9
07/01/2026,11:46:53,22.0,56.5
07/01/2026,11:51:53,21.9,56.8
07/01/2026,11:56:53,21.9,57.0
07/01/2026,12:01:53,22.0,57.2
07/01/2026,12:06:53,22.1,57.0
07/01/2026,12:11:53,22.4,56.9
07/01/2026,12:16:53,22.6,56.5
07/01/2026,12:21:53,22.7,55.1
07/01/2026,12:26:53,22.8,55.8
07/01/2026,12:31:53,22.7,55.7
07/01/2026,12:36:53,22.8,56.3
07/01/2026,12:41:53,23.0,54.9
07/01/2026,12:46:53,23.0,54.8
07/01/2026,12:51:53,22.9,54.6
07/01/2026,12:56:53,22.9,55.1
07/01/2026,13:01:53,22.8,55.3
07/01/2026,13:06:53,22.9,55.6
07/01/2026,13:11:53,22.9,55.7
07/01/2026,13:16:53,23.3,55.3
07/01/2026,13:21:53,23.5,55.1
07/01/2026,13:26:53,24.1,54.6
07/01/2026,13:31:53,24.3,53.4
07/01/2026,13:36:53,24.3,54.0
07/01/2026,13:41:53,24.8,52.3
07/01/2026,13:46:53,24.7,52.3
07/01/2026,13:51:53,24.7,51.2
07/01/2026,13:56:53,24.5,51.2
07/01/2026,14:01:53,24.2,51.8
07/01/2026,14:06:53,24.2,52.3
07/01/2026,14:11:53,24.2,52.1
07/01/2026,14:16:53,24.1,52.3
07/01/2026,14:21:53,24.1,52.7
07/01/2026,14:26:53,24.0,53.1
07/01/2026,14:31:53,24.0,52.3
07/01/2026,14:36:53,24.0,52.5
07/01/2026,14:41:53,24.0,51.8
07/01/2026,14:46:53,24.1,52.1
07/01/2026,14:51:53,24.4,51.3
07/01/2026,14:56:53,24.6,50.7
07/01/2026,15:01:53,24.6,50.8
07/01/2026,15:06:53,24.8,51.4
07/01/2026,15:11:53,24.9,50.8
07/01/2026,15:16:53,25.0,50.8
07/01/2026,15:21:53,24.9,50.7
07/01/2026,15:26:53,25.3,51.4
07/01/2026,15:31:53,25.6,50.4
07/01/2026,15:36:53,25.9,49.9
07/01/2026,15:41:53,26.2,50.1
07/01/2026,15:46:53,26.5,47.5
07/01/2026,15:51:53,26.7,46.9
07/01/2026,15:56:53,26.6,47.1
07/01/2026,16:01:53,26.6,46.8
07/01/2026,16:06:53,26.5,45.9
07/01/2026,16:11:53,26.6,45.8
07/01/2026,16:16:53,26.7,45.7
07/01/2026,16:21:53,27.0,45.1
07/01/2026,16:26:53,27.2,44.9
07/01/2026,16:31:53,27.0,44.6
07/01/2026,16:36:53,26.8,45.0
07/01/2026,16:41:53,26.5,45.1
07/01/2026,16:46:53,26.2,45.3
07/01/2026,16:51:53,26.3,45.5
07/01/2026,16:56:53,26.4,45.6
07/01/2026,17:01:53,26.3,45.6
07/01/2026,17:06:53,26.2,45.3
07/01/2026,17:11:53,25.8,45.4
07/01/2026,17:16:53,25.8,45.9
07/01/2026,17:21:53,25.6,45.9
07/01/2026,17:26:53,25.3,46.4
07/01/2026,17:31:53,25.3,46.8
07/01/2026,17:36:53,25.3,46.9
07/01/2026,17:41:53,25.4,46.9
07/01/2026,17:46:53,25.5,47.3
07/01/2026,17:51:53,25.6,46.5
07/01/2026,17:56:53,25.6,46.5
07/01/2026,18:01:53,25.4,46.7
07/01/2026,18:06:53,25.3,46.9
07/01/2026,18:11:53,25.3,47.3
07/01/2026,18:16:53,25.3,47.0
07/01/2026,18:21:53,25.2,46.8
07/01/2026,18:26:53,25.2,47.1
07/01/2026,18:31:53,25.3,47.4
07/01/2026,18:36:53,25.4,46.9
07/01/2026,18:41:53,25.4,47.2
07/01/2026,18:46:53,25.5,46.5
07/01/2026,18:51:53,25.6,46.7
07/01/2026,18:56:53,25.6,46.4
07/01/2026,19:01:53,25.6,46.6
07/01/2026,19:06:53,25.8,46.4
07/01/2026,19:11:53,25.8,46.2
07/01/2026,19:16:53,25.8,46.1
07/01/2026,19:21:53,25.9,45.8
07/01/2026,19:26:53,25.6,45.6
07/01/2026,19:31:53,25.4,46.3
07/01/2026,19:36:53,25.4,46.0
07/01/2026,19:41:53,25.4,46.1
07/01/2026,19:46:53,25.6,46.1
07/01/2026,19:51:53,25.6,46.1
07/01/2026,19:56:53,25.6,46.1
07/01/2026,20:01:53,25.6,46.3
07/01/2026,20:06:53,25.6,46.0
07/01/2026,20:11:53,25.4,46.2
07/01/2026,20:16:53,25.2,46.7
07/01/2026,20:21:53,25.0,46.9
07/01/2026,20:26:53,24.9,47.1
07/01/2026,20:31:53,24.8,47.1
07/01/2026,20:36:53,24.7,47.2
07/01/2026,20:41:53,24.6,47.6
07/01/2026,20:46:53,24.4,47.6
07/01/2026,20:51:53,24.3,47.9
07/01/2026,20:56:53,24.1,48.0
07/01/2026,21:01:53,24.0,48.4
07/01/2026,21:06:53,23.9,48.6
07/01/2026,21:11:53,23.7,49.0
07/01/2026,21:16:53,23.6,49.2
07/01/2026,21:21:53,23.5,49.7
07/01/2026,21:26:53,23.4,49.8
07/01/2026,21:31:53,23.3,50.2
07/01/2026,21:36:53,23.2,50.4
07/01/2026,21:41:53,23.1,50.6
07/01/2026,21:46:53,23.0,51.1
07/01/2026,21:51:53,23.0,51.3
07/01/2026,21:56:53,22.8,51.7
07/01/2026,22:01:53,22.6,52.0
07/01/2026,22:06:53,22.5,52.3
07/01/2026,22:11:53,22.4,52.9
07/01/2026,22:16:53,22.2,53.5
07/01/2026,22:21:53,22.1,54.2
07/01/2026,22:26:53,21.9,54.8
07/01/2026,22:31:53,21.8,55.4
07/01/2026,22:36:53,21.6,55.9
07/01/2026,22:41:53,21.5,56.4
07/01/2026,22:46:53,21.4,57.0
07/01/2026,22:51:53,21.3,57.3
07/01/2026,22:56:53,21.2,57.6
07/01/2026,23:01:53,21.0,57.9
07/01/2026,23:06:53,21.0,58.0
07/01/2026,23:11:53,20.9,57.9
07/01/2026,23:16:53,20.7,57.9
07/01/2026,23:21:53,20.6,57.6
07/01/2026,23:26:53,20.5,57.5
07/01/2026,23:31:53,20.6,57.9
07/01/2026,23:36:53,20.4,57.5
07/01/2026,23:41:53,20.3,57.8
07/01/2026,23:46:53,20.2,57.5
07/01/2026,23:51:53,20.0,57.1
07/01/2026,23:56:53,19.9,57.1
07/02/2026,00:01:53,19.8,56.9
07/02/2026,00:06:53,19.7,56.4
07/02/2026,00:11:53,19.6,55.6
07/02/2026,00:16:53,19.4,55.4
07/02/2026,00:21:53,19.4,55.4
07/02/2026,00:26:53,19.4,55.5
07/02/2026,00:31:53,19.2,56.1
07/02/2026,00:36:53,19.1,56.8
07/02/2026,00:41:53,19.0,57.1
07/02/2026,00:46:53,19.0,57.3
07/02/2026,00:51:53,18.8,57.9
07/02/2026,00:56:53,18.7,58.5
07/02/2026,01:01:53,18.4,59.2
07/02/2026,01:06:53,18.3,59.9
07/02/2026,01:11:53,18.2,60.7
07/02/2026,01:16:53,18.0,61.6
07/02/2026,01:21:53,18.0,62.1
07/02/2026,01:26:53,17.9,62.4
07/02/2026,01:31:53,17.8,62.7
07/02/2026,01:36:53,17.7,63.1
07/02/2026,01:41:53,17.6,63.6
07/02/2026,01:46:53,17.5,64.1
07/02/2026,01:51:53,17.4,64.6
07/02/2026,01:56:53,17.3,65.3
07/02/2026,02:01:53,17.3,65.7
07/02/2026,02:06:53,17.2,66.2
07/02/2026,02:11:53,17.1,66.6
07/02/2026,02:16:53,17.1,66.9
07/02/2026,02:21:53,17.0,67.1
07/02/2026,02:26:53,17.0,67.3
07/02/2026,02:31:53,16.9,67.5
07/02/2026,02:36:53,16.9,67.8
07/02/2026,02:41:53,16.9,68.1
07/02/2026,02:46:53,16.9,68.3
07/02/2026,02:51:53,16.8,68.8
07/02/2026,02:56:53,16.8,69.1
07/02/2026,03:01:53,16.8,69.4
07/02/2026,03:06:53,16.8,69.7
07/02/2026,03:11:53,16.9,69.9
07/02/2026,03:16:53,16.9,70.3
07/02/2026,03:21:53,17.0,70.3
07/02/2026,03:26:53,17.0,70.5
07/02/2026,03:31:53,17.0,70.7
07/02/2026,03:36:53,17.1,70.9
07/02/2026,03:41:53,17.1,70.9
07/02/2026,03:46:53,17.1,71.0
07/02/2026,03:51:53,17.1,71.1
07/02/2026,03:56:53,17.1,71.3
07/02/2026,04:01:53,17.2,71.3
07/02/2026,04:06:53,17.2,71.3
07/02/2026,04:11:53,17.3,71.5
07/02/2026,04:16:53,17.3,71.7
07/02/2026,04:21:53,17.3,71.8
07/02/2026,04:26:53,17.3,71.8
07/02/2026,04:31:53,17.4,71.9
07/02/2026,04:36:53,17.4,72.0
07/02/2026,04:41:53,17.4,72.1
07/02/2026,04:46:53,17.4,72.4
07/02/2026,04:51:53,17.4,72.5
07/02/2026,04:56:53,17.5,72.6
07/02/2026,05:01:53,17.5,72.6
07/02/2026,05:06:53,17.5,72.7
07/02/2026,05:11:53,17.5,73.0
07/02/2026,05:16:53,17.6,73.1
07/02/2026,05:21:53,17.7,73.2
07/02/2026,05:26:53,17.7,73.5
07/02/2026,05:31:53,17.8,73.7
07/02/2026,05:36:53,17.9,73.9
07/02/2026,05:41:53,18.0,73.9
07/02/2026,05:46:53,18.0,74.1
07/02/2026,05:51:53,18.0,74.1
07/02/2026,05:56:53,18.0,74.3
07/02/2026,06:01:53,18.1,74.5
07/02/2026,06:06:53,18.1,74.5
07/02/2026,06:11:53,18.2,74.6
07/02/2026,06:16:53,18.2,74.7
07/02/2026,06:21:53,18.3,74.7
07/02/2026,06:26:53,18.3,74.8
07/02/2026,06:31:53,18.4,74.9
07/02/2026,06:36:53,18.5,74.9
07/02/2026,06:41:53,18.7,74.8
07/02/2026,06:46:53,18.8,74.9
07/02/2026,06:51:53,18.9,74.8
07/02/2026,06:56:53,19.0,74.7
07/02/2026,07:01:53,19.1,74.5
07/02/2026,07:06:53,19.2,74.4
07/02/2026,07:11:53,19.2,74.3
07/02/2026,07:16:53,19.3,74.1
07/02/2026,07:21:53,19.4,74.2
07/02/2026,07:26:53,19.5,73.9
07/02/2026,07:31:53,19.8,72.9
07/02/2026,07:36:53,19.7,73.2
07/02/2026,07:41:53,19.5,74.7
07/02/2026,07:46:53,19.5,75.0
07/02/2026,07:51:53,19.4,74.8
07/02/2026,07:56:53,19.5,75.2
07/02/2026,08:01:53,19.6,74.9
07/02/2026,08:06:53,19.7,74.3
07/02/2026,08:11:53,19.8,73.2
07/02/2026,08:16:53,20.0,72.2
07/02/2026,08:21:53,20.1,71.7
07/02/2026,08:26:53,20.2,70.2
07/02/2026,08:31:53,20.4,69.6
07/02/2026,08:36:53,20.6,68.9
07/02/2026,08:41:53,20.8,68.0
07/02/2026,08:46:53,20.9,66.6
07/02/2026,08:51:53,20.8,67.0
07/02/2026,08:56:53,20.9,66.9
07/02/2026,09:01:53,20.8,65.3
07/02/2026,09:06:53,20.7,65.0
07/02/2026,09:11:53,20.8,64.8
07/02/2026,09:16:53,20.8,65.3
07/02/2026,09:21:53,20.7,64.6
07/02/2026,09:26:53,20.6,64.0
07/02/2026,09:31:53,20.7,63.8
07/02/2026,09:36:53,20.9,62.6
07/02/2026,09:41:53,20.7,62.4
07/02/2026,09:46:53,20.7,61.9
07/02/2026,09:51:53,20.9,60.8
07/02/2026,09:56:53,21.0,60.6
07/02/2026,10:01:53,21.1,60.0
07/02/2026,10:06:53,21.1,58.9
07/02/2026,10:11:53,21.1,58.3
07/02/2026,10:16:53,21.2,57.6
07/02/2026,10:21:53,21.2,57.3
07/02/2026,10:26:53,21.3,57.5
07/02/2026,10:31:53,21.4,56.5
07/02/2026,10:36:53,21.3,56.2
07/02/2026,10:41:53,21.6,55.2
07/02/2026,10:46:53,21.5,54.3
07/02/2026,10:51:53,21.3,54.0
07/02/2026,10:56:53,21.3,53.1
07/02/2026,11:01:53,21.3,52.3
07/02/2026,11:06:53,21.3,52.1
07/02/2026,11:11:53,21.6,52.4
07/02/2026,11:16:53,21.7,51.9
07/02/2026,11:21:53,21.9,51.2
07/02/2026,11:26:53,22.0,51.0
07/02/2026,11:31:53,22.1,50.6
07/02/2026,11:36:53,22.0,50.4
07/02/2026,11:41:53,22.1,50.1
07/02/2026,11:46:53,22.3,49.4
07/02/2026,11:51:53,22.3,49.6
07/02/2026,11:56:53,22.4,49.2
07/02/2026,12:01:53,22.5,49.1
07/02/2026,12:06:53,22.6,48.9
07/02/2026,12:11:53,22.9,48.6
07/02/2026,12:16:53,22.7,48.1
07/02/2026,12:21:53,22.8,48.0
07/02/2026,12:26:53,22.8,47.9
07/02/2026,12:31:53,22.8,48.0
07/02/2026,12:36:53,22.8,47.6
07/02/2026,12:41:53,22.9,47.3
07/02/2026,12:46:53,23.1,47.5
07/02/2026,12:51:53,23.3,46.8
07/02/2026,12:56:53,23.4,46.5
07/02/2026,13:01:53,23.5,46.5
07/02/2026,13:06:53,23.8,45.8
07/02/2026,13:11:53,24.1,45.8
07/02/2026,13:16:53,24.3,44.8
07/02/2026,13:21:53,24.2,44.5
07/02/2026,13:26:53,23.9,45.0
07/02/2026,13:31:53,24.2,43.7
07/02/2026,13:36:53,24.4,43.4
07/02/2026,13:41:53,24.9,43.3
07/02/2026,13:46:53,24.6,43.7
07/02/2026,13:51:53,24.6,43.8
07/02/2026,13:56:53,24.7,44.0
07/02/2026,14:01:53,24.6,42.6
07/02/2026,14:06:53,24.4,42.5
07/02/2026,14:11:53,24.7,42.8
07/02/2026,14:16:53,24.6,42.2
07/02/2026,14:21:53,24.9,42.2
07/02/2026,14:26:53,25.1,41.5
07/02/2026,14:31:53,25.1,41.3
07/02/2026,14:36:53,25.6,41.5
07/02/2026,14:41:53,25.7,40.7
07/02/2026,14:46:53,25.4,41.0
07/02/2026,14:51:53,25.1,40.9
07/02/2026,14:56:53,25.1,40.1
07/02/2026,15:01:53,25.3,40.0
07/02/2026,15:06:53,25.1,40.8
07/02/2026,15:11:53,25.1,40.4
07/02/2026,15:16:53,25.0,40.4
07/02/2026,15:21:53,25.1,39.3
07/02/2026,15:26:53,25.2,39.6
07/02/2026,15:31:53,25.2,40.1
07/02/2026,15:36:53,25.3,40.0
07/02/2026,15:41:53,25.4,39.7
07/02/2026,15:46:53,25.5,39.1
07/02/2026,15:51:53,25.3,39.0
07/02/2026,15:56:53,25.3,38.8
07/02/2026,16:01:53,25.4,39.2
07/02/2026,16:06:53,25.7,38.4
07/02/2026,16:11:53,25.5,38.5
07/02/2026,16:16:53,25.3,38.0
07/02/2026,16:21:53,25.4,38.3
07/02/2026,16:26:53,25.2,38.5
07/02/2026,16:31:53,25.3,37.9
07/02/2026,16:36:53,25.4,37.6
07/02/2026,16:41:53,25.3,37.8
07/02/2026,16:46:53,24.9,38.3
07/02/2026,16:51:53,24.7,38.8
07/02/2026,16:56:53,24.8,38.7
07/02/2026,17:01:53,24.3,38.9
07/02/2026,17:06:53,24.0,38.5
07/02/2026,17:11:53,23.9,38.9
07/02/2026,17:16:53,23.8,39.1
07/02/2026,17:21:53,23.7,40.1
07/02/2026,17:26:53,23.7,39.8
07/02/2026,17:31:53,23.5,39.6
07/02/2026,17:36:53,23.5,40.1
07/02/2026,17:41:53,23.4,40.4
07/02/2026,17:46:53,23.3,40.7
07/02/2026,17:51:53,23.3,40.2
07/02/2026,17:56:53,23.0,40.4
07/02/2026,18:01:53,22.9,40.2
07/02/2026,18:06:53,22.7,41.1
07/02/2026,18:11:53,22.7,41.5
07/02/2026,18:16:53,22.6,41.7
07/02/2026,18:21:53,22.5,42.3
07/02/2026,18:26:53,22.4,42.6
07/02/2026,18:31:53,22.2,42.7
07/02/2026,18:36:53,22.2,42.7
07/02/2026,18:41:53,22.3,42.7
07/02/2026,18:46:53,22.4,42.4
07/02/2026,18:51:53,22.3,42.3
07/02/2026,18:56:53,22.0,43.2
07/02/2026,19:01:53,22.0,43.2
07/02/2026,19:06:53,22.0,42.9
07/02/2026,19:11:53,22.4,43.0
07/02/2026,19:16:53,22.6,42.9
07/02/2026,19:21:53,22.9,42.4
07/02/2026,19:26:53,23.1,42.5
07/02/2026,19:31:53,22.8,41.7
07/02/2026,19:36:53,22.4,42.0
07/02/2026,19:41:53,22.1,42.8
07/02/2026,19:46:53,22.0,42.9
07/02/2026,19:51:53,22.0,43.4
07/02/2026,19:56:53,21.6,43.8
07/02/2026,20:01:53,21.4,43.5
07/02/2026,20:06:53,21.1,43.8
07/02/2026,20:11:53,20.9,44.1
07/02/2026,20:16:53,20.7,44.3
07/02/2026,20:21:53,20.7,44.6
07/02/2026,20:26:53,20.5,44.7
07/02/2026,20:31:53,20.3,45.3
07/02/2026,20:36:53,20.1,46.0
07/02/2026,20:41:53,19.9,46.4
07/02/2026,20:46:53,19.8,46.7
07/02/2026,20:51:53,19.8,47.1
07/02/2026,20:56:53,19.7,47.5
07/02/2026,21:01:53,19.6,47.8
07/02/2026,21:06:53,19.5,47.9
07/02/2026,21:11:53,19.3,48.0
07/02/2026,21:16:53,19.2,48.3
07/02/2026,21:21:53,19.1,48.6
07/02/2026,21:26:53,19.0,48.8
07/02/2026,21:31:53,18.9,48.9
07/02/2026,21:36:53,18.7,49.0
07/02/2026,21:41:53,18.6,49.1
07/02/2026,21:46:53,18.5,49.2
07/02/2026,21:51:53,18.4,49.5
07/02/2026,21:56:53,18.3,49.6
07/02/2026,22:01:53,18.2,49.9
07/02/2026,22:06:53,18.0,50.1
07/02/2026,22:11:53,17.9,50.3
07/02/2026,22:16:53,17.8,50.6
07/02/2026,22:21:53,17.7,50.8
07/02/2026,22:26:53,17.6,51.0
07/02/2026,22:31:53,17.5,51.2
07/02/2026,22:36:53,17.4,51.5
07/02/2026,22:41:53,17.3,51.7
07/02/2026,22:46:53,17.2,52.0
07/02/2026,22:51:53,17.1,52.3
07/02/2026,22:56:53,17.1,52.5
07/02/2026,23:01:53,17.0,52.7
07/02/2026,23:06:53,16.9,53.0
07/02/2026,23:11:53,16.8,53.4
07/02/2026,23:16:53,16.7,53.5
07/02/2026,23:21:53,16.7,53.7
07/02/2026,23:26:53,16.6,53.8
07/02/2026,23:31:53,16.6,54.0
07/02/2026,23:36:53,16.5,54.3
07/02/2026,23:41:53,16.4,54.6
07/02/2026,23:46:53,16.3,54.8
07/02/2026,23:51:53,16.3,54.9
07/02/2026,23:56:53,16.3,55.1
07/03/2026,00:01:53,16.3,55.2
07/03/2026,00:06:53,16.2,55.5
07/03/2026,00:11:53,16.0,55.7
07/03/2026,00:16:53,15.9,55.9
07/03/2026,00:21:53,15.8,56.2
07/03/2026,00:26:53,15.7,56.5
07/03/2026,00:31:53,15.7,56.8
07/03/2026,00:36:53,15.6,57.1
07/03/2026,00:41:53,15.6,57.1
07/03/2026,00:46:53,15.5,57.4
07/03/2026,00:51:53,15.4,57.8
07/03/2026,00:56:53,15.2,58.2
07/03/2026,01:01:53,15.1,58.5
07/03/2026,01:06:53,15.0,58.7
07/03/2026,01:11:53,15.0,58.7
07/03/2026,01:16:53,15.0,58.9
07/03/2026,01:21:53,15.0,59.1
07/03/2026,01:26:53,14.9,59.2
07/03/2026,01:31:53,14.7,59.5
07/03/2026,01:36:53,14.6,60.0
07/03/2026,01:41:53,14.5,60.1
07/03/2026,01:46:53,14.4,60.4
07/03/2026,01:51:53,14.4,60.6
07/03/2026,01:56:53,14.4,60.8
07/03/2026,02:01:53,14.3,61.0
07/03/2026,02:06:53,14.3,61.1
07/03/2026,02:11:53,14.3,61.3
07/03/2026,02:16:53,14.3,61.5
07/03/2026,02:21:53,14.3,61.2
07/03/2026,02:26:53,14.2,61.5
07/03/2026,02:31:53,14.2,61.8
07/03/2026,02:36:53,14.1,61.8
07/03/2026,02:41:53,14.1,62.0
07/03/2026,02:46:53,14.0,62.3
07/03/2026,02:51:53,13.9,62.3
07/03/2026,02:56:53,13.8,62.6
07/03/2026,03:01:53,13.8,63.0
07/03/2026,03:06:53,13.8,63.0
07/03/2026,03:11:53,13.8,63.3
07/03/2026,03:16:53,13.7,63.3
07/03/2026,03:21:53,13.6,63.5
07/03/2026,03:26:53,13.6,63.6
07/03/2026,03:31:53,13.5,63.8
07/03/2026,03:36:53,13.4,64.3
07/03/2026,03:41:53,13.3,64.2
07/03/2026,03:46:53,13.2,64.3
07/03/2026,03:51:53,13.0,64.7
07/03/2026,03:56:53,12.9,65.0
07/03/2026,04:01:53,13.0,65.2
07/03/2026,04:06:53,13.0,65.3
07/03/2026,04:11:53,13.0,65.1
07/03/2026,04:16:53,13.0,65.2
07/03/2026,04:21:53,13.0,65.3
07/03/2026,04:26:53,12.9,65.5
07/03/2026,04:31:53,12.7,65.8
07/03/2026,04:36:53,12.7,65.9
07/03/2026,04:41:53,12.7,66.0
07/03/2026,04:46:53,12.7,66.3
07/03/2026,04:51:53,12.6,66.5
07/03/2026,04:56:53,12.6,65.9
07/03/2026,05:01:53,12.6,65.8
07/03/2026,05:06:53,12.6,66.8
07/03/2026,05:11:53,12.6,67.2
07/03/2026,05:16:53,12.6,66.6
07/03/2026,05:21:53,12.5,67.3
07/03/2026,05:26:53,12.5,68.0
07/03/2026,05:31:53,12.6,68.8
07/03/2026,05:36:53,12.6,69.1
07/03/2026,05:41:53,12.7,69.4
07/03/2026,05:46:53,12.8,69.6
07/03/2026,05:51:53,12.8,69.3
07/03/2026,05:56:53,12.9,69.7
07/03/2026,06:01:53,12.9,69.9
07/03/2026,06:06:53,13.0,70.0
07/03/2026,06:11:53,13.0,70.2
07/03/2026,06:16:53,13.1,70.3
07/03/2026,06:21:53,13.2,70.4
07/03/2026,06:26:53,13.2,70.2
07/03/2026,06:31:53,13.4,70.4
07/03/2026,06:36:53,13.4,70.3
07/03/2026,06:41:53,13.5,70.4
07/03/2026,06:46:53,13.6,70.3
07/03/2026,06:51:53,13.8,70.5
07/03/2026,06:56:53,13.9,70.5
07/03/2026,07:01:53,14.1,70.0
07/03/2026,07:06:53,14.2,70.2
07/03/2026,07:11:53,14.4,69.9
07/03/2026,07:16:53,14.6,69.8
07/03/2026,07:21:53,14.7,69.4
07/03/2026,07:26:53,14.8,69.2
07/03/2026,07:31:53,15.0,68.6
07/03/2026,07:36:53,15.2,68.2
07/03/2026,07:41:53,15.4,67.9
07/03/2026,07:46:53,15.6,67.4
07/03/2026,07:51:53,15.7,67.0
07/03/2026,07:56:53,15.8,66.3
07/03/2026,08:01:53,15.9,66.2
07/03/2026,08:06:53,16.0,65.7
07/03/2026,08:11:53,16.1,65.3
07/03/2026,08:16:53,16.2,65.2
07/03/2026,08:21:53,16.3,65.0
07/03/2026,08:26:53,16.4,64.8
07/03/2026,08:31:53,16.5,64.8
07/03/2026,08:36:53,16.6,63.9
07/03/2026,08:41:53,16.7,64.0
07/03/2026,08:46:53,16.9,63.9
07/03/2026,08:51:53,17.0,63.0
07/03/2026,08:56:53,17.1,63.2
07/03/2026,09:01:53,17.2,63.0
07/03/2026,09:06:53,17.4,62.4
07/03/2026,09:11:53,17.6,62.5
07/03/2026,09:16:53,17.8,61.3
07/03/2026,09:21:53,17.8,60.6
07/03/2026,09:26:53,18.0,60.1
07/03/2026,09:31:53,18.2,60.2
07/03/2026,09:36:53,18.4,60.5
07/03/2026,09:41:53,18.7,59.9
07/03/2026,09:46:53,19.0,58.7
07/03/2026,09:51:53,19.2,58.4
07/03/2026,09:56:53,19.2,57.6
07/03/2026,10:01:53,19.2,57.3
07/03/2026,10:06:53,19.5,57.0
07/03/2026,10:11:53,19.7,57.0
07/03/2026,10:16:53,20.0,56.8
07/03/2026,10:21:53,20.0,55.5
07/03/2026,10:26:53,19.9,55.9
07/03/2026,10:31:53,20.0,55.8
07/03/2026,10:36:53,20.1,55.0
07/03/2026,10:41:53,20.4,55.1
07/03/2026,10:46:53,20.3,54.0
07/03/2026,10:51:53,20.2,54.3
07/03/2026,10:56:53,20.3,54.8
07/03/2026,11:01:53,20.5,53.5
07/03/2026,11:06:53,20.5,53.4
07/03/2026,11:11:53,20.7,53.7
07/03/2026,11:16:53,21.0,53.4
07/03/2026,11:21:53,21.1,52.8
07/03/2026,11:26:53,21.3,52.7
07/03/2026,11:31:53,21.4,52.3
07/03/2026,11:36:53,21.3,51.8
07/03/2026,11:41:53,21.3,52.6
07/03/2026,11:46:53,21.5,52.3
07/03/2026,11:51:53,21.7,51.7
07/03/2026,11:56:53,21.8,51.4
07/03/2026,12:01:53,21.7,51.0
07/03/2026,12:06:53,21.6,51.0
07/03/2026,12:11:53,21.9,51.8
07/03/2026,12:16:53,22.1,50.6
07/03/2026,12:21:53,22.1,50.2
07/03/2026,12:26:53,22.3,50.4
07/03/2026,12:31:53,22.3,50.2
07/03/2026,12:36:53,22.3,50.2
07/03/2026,12:41:53,22.5,49.8
07/03/2026,12:46:53,22.7,50.0
07/03/2026,12:51:53,23.0,49.3
07/03/2026,12:56:53,23.2,50.1
07/03/2026,13:01:53,23.6,48.6
07/03/2026,13:06:53,23.8,48.1
07/03/2026,13:11:53,23.6,48.4
07/03/2026,13:16:53,23.8,47.9
07/03/2026,13:21:53,23.9,47.4
07/03/2026,13:26:53,24.0,47.3
07/03/2026,13:31:53,24.2,47.1
07/03/2026,13:36:53,24.2,46.6
07/03/2026,13:41:53,24.5,47.1
07/03/2026,13:46:53,24.8,45.9
07/03/2026,13:51:53,25.0,45.9
07/03/2026,13:56:53,25.2,45.4
07/03/2026,14:01:53,25.2,45.7
07/03/2026,14:06:53,25.5,44.7
07/03/2026,14:11:53,25.6,44.9
07/03/2026,14:16:53,25.9,44.5
07/03/2026,14:21:53,26.1,44.0
07/03/2026,14:26:53,26.2,43.7
07/03/2026,14:31:53,26.3,43.0
07/03/2026,14:36:53,26.4,42.7
07/03/2026,14:41:53,26.3,42.4
07/03/2026,14:46:53,26.6,42.9
07/03/2026,14:51:53,26.9,41.8
07/03/2026,14:56:53,26.9,41.6
07/03/2026,15:01:53,27.1,42.1
07/03/2026,15:06:53,27.4,40.2
07/03/2026,15:11:53,27.3,39.9
07/03/2026,15:16:53,27.0,40.3
07/03/2026,15:21:53,27.2,40.5
07/03/2026,15:26:53,27.1,39.9
07/03/2026,15:31:53,27.1,39.7
07/03/2026,15:36:53,27.2,40.4
07/03/2026,15:41:53,27.6,40.3
07/03/2026,15:46:53,27.9,38.1
07/03/2026,15:51:53,27.6,38.7
07/03/2026,15:56:53,27.9,38.3
07/03/2026,16:01:53,28.1,36.9
07/03/2026,16:06:53,28.1,37.1
07/03/2026,16:11:53,28.2,36.8
07/03/2026,16:16:53,28.2,36.9
07/03/2026,16:21:53,28.5,36.9
07/03/2026,16:26:53,28.4,36.9
07/03/2026,16:31:53,28.6,35.8
07/03/2026,16:36:53,28.3,35.8
07/03/2026,16:41:53,28.4,36.1
07/03/2026,16:46:53,28.2,35.2
07/03/2026,16:51:53,27.8,35.4
07/03/2026,16:56:53,27.8,36.3
07/03/2026,17:01:53,27.5,36.5
07/03/2026,17:06:53,27.5,36.5
07/03/2026,17:11:53,27.5,36.7
07/03/2026,17:16:53,27.3,36.5
07/03/2026,17:21:53,27.3,37.0
07/03/2026,17:26:53,27.2,36.7
07/03/2026,17:31:53,26.9,37.0
07/03/2026,17:36:53,26.7,37.3
07/03/2026,17:41:53,26.7,36.8
07/03/2026,17:46:53,26.7,36.4
07/03/2026,17:51:53,26.6,35.7
07/03/2026,17:56:53,26.5,35.6
07/03/2026,18:01:53,26.6,35.5
07/03/2026,18:06:53,26.6,35.8
07/03/2026,18:11:53,26.6,35.6
07/03/2026,18:16:53,26.7,35.7
07/03/2026,18:21:53,26.6,35.6
07/03/2026,18:26:53,26.7,35.8
07/03/2026,18:31:53,26.8,35.7
07/03/2026,18:36:53,26.7,36.1
07/03/2026,18:41:53,26.7,36.7
07/03/2026,18:46:53,26.6,36.2
07/03/2026,18:51:53,26.6,36.3
07/03/2026,18:56:53,26.7,36.5
07/03/2026,19:01:53,27.0,36.7
07/03/2026,19:06:53,27.1,36.8
07/03/2026,19:11:53,27.0,37.1
07/03/2026,19:16:53,26.7,37.6
07/03/2026,19:21:53,26.5,37.9
07/03/2026,19:26:53,26.5,38.0
07/03/2026,19:31:53,26.5,37.9
07/03/2026,19:36:53,26.6,37.4
07/03/2026,19:41:53,26.5,36.9
07/03/2026,19:46:53,26.4,36.7
07/03/2026,19:51:53,26.3,36.4
07/03/2026,19:56:53,26.1,36.0
07/03/2026,20:01:53,26.0,35.9
07/03/2026,20:06:53,25.9,36.2
07/03/2026,20:11:53,25.9,36.2
07/03/2026,20:16:53,25.8,36.4
07/03/2026,20:21:53,25.8,36.5
07/03/2026,20:26:53,25.6,36.7
07/03/2026,20:31:53,25.4,37.0
07/03/2026,20:36:53,25.3,37.5
07/03/2026,20:41:53,25.1,37.8
07/03/2026,20:46:53,25.1,38.1
07/03/2026,20:51:53,25.0,38.6
07/03/2026,20:56:53,25.0,39.3
07/03/2026,21:01:53,24.9,39.4
07/03/2026,21:06:53,24.8,39.6
07/03/2026,21:11:53,24.6,39.7
07/03/2026,21:16:53,24.5,39.8
07/03/2026,21:21:53,24.3,40.0
07/03/2026,21:26:53,24.2,40.1
07/03/2026,21:31:53,24.1,40.0
07/03/2026,21:36:53,23.9,40.0
07/03/2026,21:41:53,23.8,40.1
07/03/2026,21:46:53,23.7,40.0
07/03/2026,21:51:53,23.6,39.9
07/03/2026,21:56:53,23.5,40.0
07/03/2026,22:01:53,23.4,39.9
07/03/2026,22:06:53,23.3,39.9
07/03/2026,22:11:53,23.2,39.8
07/03/2026,22:16:53,23.1,40.2
07/03/2026,22:21:53,23.0,40.0
07/03/2026,22:26:53,22.9,40.4
07/03/2026,22:31:53,22.7,40.8
07/03/2026,22:36:53,22.6,41.2
07/03/2026,22:41:53,22.5,41.3
07/03/2026,22:46:53,22.3,41.6
07/03/2026,22:51:53,22.1,41.9
07/03/2026,22:56:53,22.0,42.1
07/03/2026,23:01:53,21.8,42.1
07/03/2026,23:06:53,21.7,42.4
07/03/2026,23:11:53,21.6,42.4
07/03/2026,23:16:53,21.5,42.2
07/03/2026,23:21:53,21.4,42.1
07/03/2026,23:26:53,21.3,41.8
07/03/2026,23:31:53,21.2,41.9
07/03/2026,23:36:53,21.1,41.9
07/03/2026,23:41:53,21.0,41.7
07/03/2026,23:46:53,20.9,41.8
07/03/2026,23:51:53,20.8,42.2
07/03/2026,23:56:53,20.7,42.5
07/04/2026,00:01:53,20.6,42.6
07/04/2026,00:06:53,20.5,43.1
07/04/2026,00:11:53,20.4,43.4
07/04/2026,00:16:53,20.4,43.8
07/04/2026,00:21:53,20.3,44.1
07/04/2026,00:26:53,20.2,44.4
07/04/2026,00:31:53,20.1,44.9
07/04/2026,00:36:53,20.0,45.4
07/04/2026,00:41:53,19.9,45.9
07/04/2026,00:46:53,19.8,46.2
07/04/2026,00:51:53,19.8,46.5
07/04/2026,00:56:53,19.7,47.0
07/04/2026,01:01:53,19.6,47.4
07/04/2026,01:06:53,19.4,47.7
07/04/2026,01:11:53,19.3,48.3
07/04/2026,01:16:53,19.2,48.5
07/04/2026,01:21:53,19.1,49.1
07/04/2026,01:26:53,19.0,49.8
07/04/2026,01:31:53,18.9,50.2
07/04/2026,01:36:53,18.8,50.6
07/04/2026,01:41:53,18.8,51.2
07/04/2026,01:46:53,18.7,51.9
07/04/2026,01:51:53,18.5,52.4
07/04/2026,01:56:53,18.4,53.0
07/04/2026,02:01:53,18.3,53.6
07/04/2026,02:06:53,18.3,53.8
07/04/2026,02:11:53,18.2,54.4
07/04/2026,02:16:53,18.2,54.8
07/04/2026,02:21:53,18.1,55.2
07/04/2026,02:26:53,18.1,55.4
07/04/2026,02:31:53,18.0,56.2
07/04/2026,02:36:53,17.9,56.7
07/04/2026,02:41:53,17.8,57.7
07/04/2026,02:46:53,17.7,58.3
07/04/2026,02:51:53,17.7,58.7
07/04/2026,02:56:53,17.6,58.8
07/04/2026,03:01:53,17.6,59.4
07/04/2026,03:06:53,17.6,59.4
07/04/2026,03:11:53,17.5,59.8
07/04/2026,03:16:53,17.4,60.1
07/04/2026,03:21:53,17.5,60.4
07/04/2026,03:26:53,17.4,60.6
07/04/2026,03:31:53,17.4,60.9
07/04/2026,03:36:53,17.3,61.3
07/04/2026,03:41:53,17.2,61.8
07/04/2026,03:46:53,17.1,62.1
07/04/2026,03:51:53,17.1,62.6
07/04/2026,03:56:53,17.0,62.9
07/04/2026,04:01:53,17.0,63.2
07/04/2026,04:06:53,16.9,63.3
07/04/2026,04:11:53,16.9,63.6
07/04/2026,04:16:53,16.9,63.8
07/04/2026,04:21:53,16.9,63.9
07/04/2026,04:26:53,16.8,64.3
07/04/2026,04:31:53,16.8,64.7
07/04/2026,04:36:53,16.7,65.0
07/04/2026,04:41:53,16.6,65.0
07/04/2026,04:46:53,16.6,65.5
07/04/2026,04:51:53,16.6,65.9
07/04/2026,04:56:53,16.5,66.3
07/04/2026,05:01:53,16.4,66.4
07/04/2026,05:06:53,16.3,66.8
07/04/2026,05:11:53,16.3,66.9
07/04/2026,05:16:53,16.3,67.3
07/04/2026,05:21:53,16.2,67.8
07/04/2026,05:26:53,16.2,68.1
07/04/2026,05:31:53,16.2,68.4
07/04/2026,05:36:53,16.2,68.3
07/04/2026,05:41:53,16.2,68.6
07/04/2026,05:46:53,16.2,68.9
07/04/2026,05:51:53,16.2,69.1
07/04/2026,05:56:53,16.3,69.0
07/04/2026,06:01:53,16.3,68.5
07/04/2026,06:06:53,16.3,68.8
07/04/2026,06:11:53,16.3,68.8
07/04/2026,06:16:53,16.3,69.4
07/04/2026,06:21:53,16.4,68.9
07/04/2026,06:26:53,16.4,69.4
07/04/2026,06:31:53,16.4,69.3
07/04/2026,06:36:53,16.4,70.0
07/04/2026,06:41:53,16.5,69.2
07/04/2026,06:46:53,16.5,70.4
07/04/2026,06:51:53,16.6,70.7
07/04/2026,06:56:53,16.7,70.8
07/04/2026,07:01:53,16.8,70.9
07/04/2026,07:06:53,16.9,71.0
07/04/2026,07:11:53,17.1,71.0
07/04/2026,07:16:53,17.1,71.0
07/04/2026,07:21:53,17.1,71.1
07/04/2026,07:26:53,17.2,71.3
07/04/2026,07:31:53,17.2,71.3
07/04/2026,07:36:53,17.3,71.2
07/04/2026,07:41:53,17.5,71.2
07/04/2026,07:46:53,17.6,71.1
07/04/2026,07:51:53,17.7,71.2
07/04/2026,07:56:53,17.9,71.0
07/04/2026,08:01:53,18.2,70.6
07/04/2026,08:06:53,18.4,69.7
07/04/2026,08:11:53,18.5,69.6
07/04/2026,08:16:53,18.6,69.0
07/04/2026,08:21:53,18.7,69.5
07/04/2026,08:26:53,18.9,69.1
07/04/2026,08:31:53,19.1,69.0
07/04/2026,08:36:53,19.3,68.6
07/04/2026,08:41:53,19.5,68.4
07/04/2026,08:46:53,19.7,67.7
07/04/2026,08:51:53,20.0,67.4
07/04/2026,08:56:53,20.2,66.9
07/04/2026,09:01:53,20.4,66.5
07/04/2026,09:06:53,20.5,65.9
07/04/2026,09:11:53,20.7,65.6
07/04/2026,09:16:53,21.0,65.0
07/04/2026,09:21:53,21.2,64.6
07/04/2026,09:26:53,21.3,63.7
07/04/2026,09:31:53,21.3,63.9
07/04/2026,09:36:53,21.6,63.5
07/04/2026,09:41:53,21.9,63.3
07/04/2026,09:46:53,22.3,62.3
07/04/2026,09:51:53,22.6,61.7
07/04/2026,09:56:53,22.8,60.9
07/04/2026,10:01:53,22.9,60.5
07/04/2026,10:06:53,23.1,59.9
07/04/2026,10:11:53,23.1,58.3
07/04/2026,10:16:53,23.2,58.2
07/04/2026,10:21:53,23.4,57.8
07/04/2026,10:26:53,23.6,57.4
07/04/2026,10:31:53,23.3,57.4
07/04/2026,10:36:53,23.4,57.5
07/04/2026,10:41:53,23.6,57.0
07/04/2026,10:46:53,23.8,57.3
07/04/2026,10:51:53,24.0,56.5
07/04/2026,10:56:53,24.0,56.4
07/04/2026,11:01:53,23.9,56.2
07/04/2026,11:06:53,23.6,56.2
07/04/2026,11:11:53,23.7,56.5
07/04/2026,11:16:53,23.8,56.3
07/04/2026,11:21:53,23.8,56.6
07/04/2026,11:26:53,23.9,56.5
07/04/2026,11:31:53,23.8,56.4
07/04/2026,11:36:53,23.8,56.6
07/04/2026,11:41:53,23.9,55.8
07/04/2026,11:46:53,23.6,55.7
07/04/2026,11:51:53,23.7,56.0
07/04/2026,11:56:53,24.0,55.5
07/04/2026,12:01:53,24.2,55.7
07/04/2026,12:06:53,24.5,54.8
07/04/2026,12:11:53,24.6,54.2
07/04/2026,12:16:53,24.6,53.8
07/04/2026,12:21:53,24.7,54.1
07/04/2026,12:26:53,25.2,53.4
07/04/2026,12:31:53,25.4,53.2
07/04/2026,12:36:53,25.3,52.7
07/04/2026,12:41:53,25.1,52.9
07/04/2026,12:46:53,25.6,53.3
07/04/2026,12:51:53,26.2,52.2
07/04/2026,12:56:53,26.7,50.6
07/04/2026,13:01:53,26.5,50.6
07/04/2026,13:06:53,26.8,50.8
07/04/2026,13:11:53,26.6,49.5
07/04/2026,13:16:53,26.5,50.6
07/04/2026,13:21:53,26.6,49.6
07/04/2026,13:26:53,26.3,49.8
07/04/2026,13:31:53,26.4,50.0
07/04/2026,13:36:53,27.0,48.8
07/04/2026,13:41:53,27.2,49.2
07/04/2026,13:46:53,27.4,48.0
07/04/2026,13:51:53,27.2,47.9
07/04/2026,13:56:53,27.5,48.7
07/04/2026,14:01:53,27.9,48.0
07/04/2026,14:06:53,28.0,47.1
07/04/2026,14:11:53,27.7,47.1
07/04/2026,14:16:53,27.5,47.1
07/04/2026,14:21:53,27.5,48.0
07/04/2026,14:26:53,27.5,47.0
07/04/2026,14:31:53,27.8,47.1
07/04/2026,14:36:53,28.0,46.4
07/04/2026,14:41:53,27.5,46.4
07/04/2026,14:46:53,27.3,47.1
07/04/2026,14:51:53,27.5,46.7
07/04/2026,14:56:53,27.5,46.7
07/04/2026,15:01:53,27.4,46.9
07/04/2026,15:06:53,27.3,46.9
07/04/2026,15:11:53,27.4,46.9
07/04/2026,15:16:53,27.9,46.7
07/04/2026,15:21:53,27.7,46.6
07/04/2026,15:26:53,27.3,46.9
07/04/2026,15:31:53,27.0,47.6
07/04/2026,15:36:53,26.8,47.4
07/04/2026,15:41:53,26.7,47.9
07/04/2026,15:46:53,27.1,47.6
07/04/2026,15:51:53,27.2,47.4
07/04/2026,15:56:53,26.9,47.4
07/04/2026,16:01:53,26.8,47.8
07/04/2026,16:06:53,26.8,47.7
07/04/2026,16:11:53,26.7,47.8
07/04/2026,16:16:53,26.9,47.8
07/04/2026,16:21:53,27.0,47.6
07/04/2026,16:26:53,27.0,47.5
07/04/2026,16:31:53,26.9,47.7
07/04/2026,16:36:53,26.8,47.8
07/04/2026,16:41:53,26.8,47.9
07/04/2026,16:46:53,26.7,47.7
07/04/2026,16:51:53,26.6,47.9
07/04/2026,16:56:53,26.7,47.8
07/04/2026,17:01:53,26.6,47.7
07/04/2026,17:06:53,26.5,47.8
07/04/2026,17:11:53,26.6,48.1
07/04/2026,17:16:53,26.6,48.1
07/04/2026,17:21:53,26.8,47.9
07/04/2026,17:26:53,26.8,47.9
07/04/2026,17:31:53,26.9,47.8
07/04/2026,17:36:53,27.0,47.6
07/04/2026,17:41:53,27.0,47.5
07/04/2026,17:46:53,26.9,47.4
07/04/2026,17:51:53,26.7,47.7
07/04/2026,17:56:53,26.5,47.8
07/04/2026,18:01:53,26.5,47.8
07/04/2026,18:06:53,26.4,47.9
07/04/2026,18:11:53,26.3,48.0
07/04/2026,18:16:53,26.3,48.2
07/04/2026,18:21:53,26.1,48.5
07/04/2026,18:26:53,26.3,48.4
07/04/2026,18:31:53,26.4,48.3
07/04/2026,18:36:53,26.4,48.3
07/04/2026,18:41:53,26.5,48.1
07/04/2026,18:46:53,26.4,48.4
07/04/2026,18:51:53,26.3,48.4
07/04/2026,18:56:53,26.3,48.5
07/04/2026,19:01:53,26.0,48.7
07/04/2026,19:06:53,25.8,49.1
07/04/2026,19:11:53,25.6,49.5
07/04/2026,19:16:53,25.7,49.6
07/04/2026,19:21:53,25.7,49.6
07/04/2026,19:26:53,25.5,50.0
07/04/2026,19:31:53,25.3,50.3
07/04/2026,19:36:53,25.3,50.5
07/04/2026,19:41:53,25.4,50.3
07/04/2026,19:46:53,25.4,50.2
07/04/2026,19:51:53,25.4,50.3
07/04/2026,19:56:53,25.4,50.5
07/04/2026,20:01:53,25.1,50.7
07/04/2026,20:06:53,24.8,51.4
07/04/2026,20:11:53,24.6,51.8
07/04/2026,20:16:53,24.5,52.3
07/04/2026,20:21:53,24.3,52.5
07/04/2026,20:26:53,24.2,52.9
07/04/2026,20:31:53,24.0,53.3
07/04/2026,20:36:53,23.9,53.7
07/04/2026,20:41:53,23.8,54.1
07/04/2026,20:46:53,23.7,54.4
07/04/2026,20:51:53,23.6,54.4
07/04/2026,20:56:53,23.5,54.3
07/04/2026,21:01:53,23.5,54.2
07/04/2026,21:06:53,23.4,54.4
07/04/2026,21:11:53,23.3,54.2
07/04/2026,21:16:53,23.2,54.5
07/04/2026,21:21:53,23.1,54.6
07/04/2026,21:26:53,23.0,54.8
07/04/2026,21:31:53,22.9,55.0
07/04/2026,21:36:53,22.8,55.2
07/04/2026,21:41:53,22.8,55.3
07/04/2026,21:46:53,22.6,55.3
07/04/2026,21:51:53,22.5,55.4
07/04/2026,21:56:53,22.4,55.7
07/04/2026,22:01:53,22.4,55.9
07/04/2026,22:06:53,22.3,56.2
07/04/2026,22:11:53,22.2,56.4
07/04/2026,22:16:53,22.1,56.7
07/04/2026,22:21:53,22.0,56.9
07/04/2026,22:26:53,21.9,57.2
07/04/2026,22:31:53,21.8,57.5
07/04/2026,22:36:53,21.8,57.9
07/04/2026,22:41:53,21.6,58.4
07/04/2026,22:46:53,21.5,59.0
07/04/2026,22:51:53,21.3,59.6
07/04/2026,22:56:53,21.2,60.0
07/04/2026,23:01:53,21.1,60.5
07/04/2026,23:06:53,21.1,60.7
07/04/2026,23:11:53,21.0,60.9
07/04/2026,23:16:53,21.0,61.0
07/04/2026,23:21:53,21.0,61.3
07/04/2026,23:26:53,20.9,61.5
07/04/2026,23:31:53,20.8,61.7
07/04/2026,23:36:53,20.7,62.0
07/04/2026,23:41:53,20.7,62.2
07/04/2026,23:46:53,20.7,62.4
07/04/2026,23:51:53,20.6,62.6
07/04/2026,23:56:53,20.5,62.9
07/05/2026,00:01:53,20.5,62.9
07/05/2026,00:06:53,20.4,63.2
07/05/2026,00:11:53,20.3,63.4
07/05/2026,00:16:53,20.2,63.8
07/05/2026,00:21:53,20.1,64.2
07/05/2026,00:26:53,20.0,64.4
07/05/2026,00:31:53,20.0,64.1
07/05/2026,00:36:53,20.0,64.8
07/05/2026,00:41:53,20.0,65.0
07/05/2026,00:46:53,20.0,65.2
07/05/2026,00:51:53,20.0,65.3
07/05/2026,00:56:53,20.0,65.4
07/05/2026,01:01:53,19.9,65.5
07/05/2026,01:06:53,19.9,65.7
07/05/2026,01:11:53,19.9,65.8
07/05/2026,01:16:53,19.9,65.8
07/05/2026,01:21:53,19.9,65.8
07/05/2026,01:26:53,19.8,65.9
07/05/2026,01:31:53,19.8,66.2
07/05/2026,01:36:53,19.8,66.0
07/05/2026,01:41:53,19.7,66.4
07/05/2026,01:46:53,19.5,66.7
07/05/2026,01:51:53,19.4,67.1
07/05/2026,01:56:53,19.3,67.4
07/05/2026,02:01:53,19.2,67.5
07/05/2026,02:06:53,19.2,67.4
07/05/2026,02:11:53,19.2,67.6
07/05/2026,02:16:53,19.2,67.6
07/05/2026,02:21:53,19.2,67.7
07/05/2026,02:26:53,19.1,67.9
07/05/2026,02:31:53,19.1,68.1
07/05/2026,02:36:53,19.0,68.5
07/05/2026,02:41:53,18.9,68.7
07/05/2026,02:46:53,18.9,69.0
07/05/2026,02:51:53,18.8,69.2
07/05/2026,02:56:53,18.9,69.3
07/05/2026,03:01:53,18.9,69.1
07/05/2026,03:06:53,18.9,69.2
07/05/2026,03:11:53,18.9,69.3
07/05/2026,03:16:53,18.9,69.3
07/05/2026,03:21:53,18.9,69.1
07/05/2026,03:26:53,19.0,69.1
07/05/2026,03:31:53,19.0,69.2
07/05/2026,03:36:53,19.0,68.8
07/05/2026,03:41:53,19.0,69.2
07/05/2026,03:46:53,19.0,69.3
07/05/2026,03:51:53,19.0,69.4
07/05/2026,03:56:53,18.9,69.4
07/05/2026,04:01:53,18.9,69.6
07/05/2026,04:06:53,18.8,69.9
07/05/2026,04:11:53,18.8,70.2
07/05/2026,04:16:53,18.7,70.5
07/05/2026,04:21:53,18.7,70.9
07/05/2026,04:26:53,18.7,70.5
07/05/2026,04:31:53,18.6,71.1
07/05/2026,04:36:53,18.6,71.3
07/05/2026,04:41:53,18.5,71.7
07/05/2026,04:46:53,18.5,72.1
07/05/2026,04:51:53,18.5,72.3
07/05/2026,04:56:53,18.4,72.7
07/05/2026,05:01:53,18.4,73.0
07/05/2026,05:06:53,18.4,73.2
07/05/2026,05:11:53,18.4,73.2
07/05/2026,05:16:53,18.4,73.2
07/05/2026,05:21:53,18.5,73.2
07/05/2026,05:26:53,18.5,73.1
07/05/2026,05:31:53,18.5,73.2
07/05/2026,05:36:53,18.5,73.2
07/05/2026,05:41:53,18.5,73.3
07/05/2026,05:46:53,18.6,73.3
07/05/2026,05:51:53,18.6,73.3
07/05/2026,05:56:53,18.6,73.3
07/05/2026,06:01:53,18.6,73.4
07/05/2026,06:06:53,18.6,73.4
07/05/2026,06:11:53,18.6,73.4
07/05/2026,06:16:53,18.7,73.4
07/05/2026,06:21:53,18.7,73.3
07/05/2026,06:26:53,18.7,73.4
07/05/2026,06:31:53,18.7,73.4
07/05/2026,06:36:53,18.7,73.4
07/05/2026,06:41:53,18.7,73.4
07/05/2026,06:46:53,18.7,73.6
07/05/2026,06:51:53,18.8,73.5
07/05/2026,06:56:53,19.0,73.2
07/05/2026,07:01:53,19.0,73.0
07/05/2026,07:06:53,19.1,73.0
07/05/2026,07:11:53,19.2,72.7
07/05/2026,07:16:53,19.2,72.5
07/05/2026,07:21:53,19.3,72.3
07/05/2026,07:26:53,19.4,72.1
07/05/2026,07:31:53,19.5,71.9
07/05/2026,07:36:53,19.6,71.6
07/05/2026,07:41:53,19.6,71.5
07/05/2026,07:46:53,19.6,71.4
07/05/2026,07:51:53,19.5,71.4
07/05/2026,07:56:53,19.5,71.5
07/05/2026,08:01:53,19.6,71.2
07/05/2026,08:06:53,19.7,70.9
07/05/2026,08:11:53,19.7,70.7
07/05/2026,08:16:53,19.8,70.5
07/05/2026,08:21:53,19.9,70.4
07/05/2026,08:26:53,20.1,70.2
07/05/2026,08:31:53,20.3,69.6
07/05/2026,08:36:53,20.3,69.5
07/05/2026,08:41:53,20.4,69.0
07/05/2026,08:46:53,20.4,69.0
07/05/2026,08:51:53,20.4,68.3
07/05/2026,08:56:53,20.4,68.0
07/05/2026,09:01:53,20.6,67.7
07/05/2026,09:06:53,20.6,67.3
07/05/2026,09:11:53,20.6,66.9
07/05/2026,09:16:53,20.5,66.8
07/05/2026,09:21:53,20.6,66.6
07/05/2026,09:26:53,20.8,66.1
07/05/2026,09:31:53,20.9,65.9
07/05/2026,09:36:53,21.3,65.7
07/05/2026,09:41:53,21.2,64.6
07/05/2026,09:46:53,21.2,64.5
07/05/2026,09:51:53,21.3,64.5
07/05/2026,09:56:53,21.4,64.2
07/05/2026,10:01:53,21.3,64.1
07/05/2026,10:06:53,21.3,64.2
07/05/2026,10:11:53,21.3,64.0
07/05/2026,10:16:53,21.4,63.8
07/05/2026,10:21:53,21.3,64.0
07/05/2026,10:26:53,21.4,63.6
07/05/2026,10:31:53,21.4,62.9
07/05/2026,10:36:53,21.4,62.7
07/05/2026,10:41:53,21.4,63.1
07/05/2026,10:46:53,21.3,62.5
07/05/2026,10:51:53,21.3,63.0
07/05/2026,10:56:53,21.3,63.0
07/05/2026,11:01:53,21.3,62.8
07/05/2026,11:06:53,21.4,62.5
07/05/2026,11:11:53,21.3,63.0
07/05/2026,11:16:53,21.4,62.5
07/05/2026,11:21:53,21.4,62.3
07/05/2026,11:26:53,21.4,62.5
07/05/2026,11:31:53,21.4,62.1
07/05/2026,11:36:53,21.5,62.2
07/05/2026,11:41:53,21.8,61.7
07/05/2026,11:46:53,21.8,61.3
07/05/2026,11:51:53,21.9,61.4
07/05/2026,11:56:53,22.1,60.8
07/05/2026,12:01:53,22.3,60.6
07/05/2026,12:06:53,22.2,60.7
07/05/2026,12:11:53,22.3,60.4
07/05/2026,12:16:53,22.4,60.0
07/05/2026,12:21:53,22.4,60.2
07/05/2026,12:26:53,22.5,60.1
07/05/2026,12:31:53,22.5,60.0
07/05/2026,12:36:53,22.6,60.2
07/05/2026,12:41:53,22.8,60.2
07/05/2026,12:46:53,22.7,59.7
07/05/2026,12:51:53,22.6,59.5
07/05/2026,12:56:53,22.6,59.7
07/05/2026,13:01:53,22.7,59.6
07/05/2026,13:06:53,22.8,59.2
07/05/2026,13:11:53,22.9,59.1
07/05/2026,13:16:53,23.1,58.5
07/05/2026,13:21:53,23.2,58.3
07/05/2026,13:26:53,23.2,58.3
07/05/2026,13:31:53,23.1,58.3
07/05/2026,13:36:53,23.2,58.3
07/05/2026,13:41:53,23.2,58.3
07/05/2026,13:46:53,23.4,58.5
07/05/2026,13:51:53,23.5,58.0
07/05/2026,13:56:53,23.6,57.9
07/05/2026,14:01:53,23.7,57.9
07/05/2026,14:06:53,23.9,57.3
07/05/2026,14:11:53,23.6,57.6
07/05/2026,14:16:53,23.5,57.6
07/05/2026,14:21:53,23.4,57.8
07/05/2026,14:26:53,23.5,57.9
07/05/2026,14:31:53,23.7,57.7
07/05/2026,14:36:53,24.1,57.1
07/05/2026,14:41:53,24.2,56.4
07/05/2026,14:46:53,24.0,56.4
07/05/2026,14:51:53,24.1,57.0
07/05/2026,14:56:53,24.6,56.1
07/05/2026,15:01:53,24.5,56.0
07/05/2026,15:06:53,24.5,55.8
07/05/2026,15:11:53,24.4,55.5
07/05/2026,15:16:53,24.5,55.6
07/05/2026,15:21:53,24.9,55.0
07/05/2026,15:26:53,25.4,54.1
07/05/2026,15:31:53,25.3,53.7
07/05/2026,15:36:53,24.9,53.8
07/05/2026,15:41:53,24.9,54.4
07/05/2026,15:46:53,25.0,54.3
07/05/2026,15:51:53,25.1,54.0
07/05/2026,15:56:53,25.4,54.5
07/05/2026,16:01:53,26.0,53.0
07/05/2026,16:06:53,26.2,52.5
07/05/2026,16:11:53,26.6,51.7
07/05/2026,16:16:53,26.8,50.8
07/05/2026,16:21:53,26.8,51.3
07/05/2026,16:26:53,27.1,50.4
07/05/2026,16:31:53,27.3,50.2
07/05/2026,16:36:53,27.5,49.2
07/05/2026,16:41:53,27.2,49.3
07/05/2026,16:46:53,27.1,49.6
07/05/2026,16:51:53,27.3,49.7
07/05/2026,16:56:53,27.3,48.9
07/05/2026,17:01:53,27.1,49.2
07/05/2026,17:06:53,26.9,49.4
07/05/2026,17:11:53,26.9,49.8
07/05/2026,17:16:53,26.7,49.6
07/05/2026,17:21:53,26.5,49.5
07/05/2026,17:26:53,26.5,50.0
07/05/2026,17:31:53,26.7,50.2
07/05/2026,17:36:53,26.6,50.0
07/05/2026,17:41:53,26.5,49.8
07/05/2026,17:46:53,26.6,50.4
07/05/2026,17:51:53,26.7,49.9
07/05/2026,17:56:53,26.7,49.5
07/05/2026,18:01:53,26.7,49.5
07/05/2026,18:06:53,26.6,49.5
07/05/2026,18:11:53,26.6,49.4
07/05/2026,18:16:53,26.7,49.3
07/05/2026,18:21:53,26.7,49.2
07/05/2026,18:26:53,26.7,49.4
07/05/2026,18:31:53,26.8,49.3
07/05/2026,18:36:53,26.9,49.0
07/05/2026,18:41:53,27.0,49.0
07/05/2026,18:46:53,27.1,48.7
07/05/2026,18:51:53,27.1,49.1
07/05/2026,18:56:53,27.1,49.3
07/05/2026,19:01:53,27.2,48.9
07/05/2026,19:06:53,27.3,48.9
07/05/2026,19:11:53,27.3,48.8
07/05/2026,19:16:53,27.5,48.2
07/05/2026,19:21:53,27.5,47.8
07/05/2026,19:26:53,27.5,47.8
07/05/2026,19:31:53,27.5,47.8
07/05/2026,19:36:53,27.4,47.8
07/05/2026,19:41:53,27.4,47.7
07/05/2026,19:46:53,27.3,47.9
07/05/2026,19:51:53,27.2,48.1
07/05/2026,19:56:53,27.1,48.1
07/05/2026,20:01:53,27.1,48.5
07/05/2026,20:06:53,27.0,48.9
07/05/2026,20:11:53,26.9,48.9
07/05/2026,20:16:53,26.7,49.0
07/05/2026,20:21:53,26.6,49.6
07/05/2026,20:26:53,26.5,49.6
07/05/2026,20:31:53,26.3,49.8
07/05/2026,20:36:53,26.3,50.6
07/05/2026,20:41:53,26.2,50.6
07/05/2026,20:46:53,26.0,51.1
07/05/2026,20:51:53,25.9,51.0
07/05/2026,20:56:53,25.8,51.8
07/05/2026,21:01:53,25.7,51.9
07/05/2026,21:06:53,25.6,52.3
07/05/2026,21:11:53,25.5,52.9
07/05/2026,21:16:53,25.3,53.1
07/05/2026,21:21:53,25.2,53.2
07/05/2026,21:26:53,25.0,53.3
07/05/2026,21:31:53,24.9,53.7
07/05/2026,21:36:53,24.7,54.1
07/05/2026,21:41:53,24.6,54.3
07/05/2026,21:46:53,24.5,54.8
07/05/2026,21:51:53,24.4,54.9
07/05/2026,21:56:53,24.3,55.1
07/05/2026,22:01:53,24.1,55.3
07/05/2026,22:06:53,24.0,55.5
07/05/2026,22:11:53,23.9,55.5
07/05/2026,22:16:53,23.8,55.6
07/05/2026,22:21:53,23.7,55.9
07/05/2026,22:26:53,23.7,55.8
07/05/2026,22:31:53,23.6,55.6
07/05/2026,22:36:53,23.5,55.6
07/05/2026,22:41:53,23.4,55.7
07/05/2026,22:46:53,23.3,55.7
07/05/2026,22:51:53,23.3,56.0
07/05/2026,22:56:53,23.2,56.2
07/05/2026,23:01:53,23.2,56.4
07/05/2026,23:06:53,23.1,56.7
07/05/2026,23:11:53,23.0,57.0
07/05/2026,23:16:53,22.9,57.1
07/05/2026,23:21:53,22.9,57.6
07/05/2026,23:26:53,22.7,57.8
07/05/2026,23:31:53,22.6,58.0
07/05/2026,23:36:53,22.5,58.2
07/05/2026,23:41:53,22.4,58.4
07/05/2026,23:46:53,22.4,58.6
07/05/2026,23:51:53,22.3,58.8
07/05/2026,23:56:53,22.3,58.9
07/06/2026,00:01:53,22.2,59.1
07/06/2026,00:06:53,22.1,59.3
07/06/2026,00:11:53,22.1,59.4
07/06/2026,00:16:53,22.0,59.6
07/06/2026,00:21:53,22.0,59.8
07/06/2026,00:26:53,21.9,59.8
07/06/2026,00:31:53,21.8,60.0
07/06/2026,00:36:53,21.7,60.2
07/06/2026,00:41:53,21.6,60.4
07/06/2026,00:46:53,21.5,60.6
07/06/2026,00:51:53,21.5,60.8
07/06/2026,00:56:53,21.5,61.0
07/06/2026,01:01:53,21.4,61.1
07/06/2026,01:06:53,21.3,61.3
07/06/2026,01:11:53,21.2,61.4
07/06/2026,01:16:53,21.2,61.5
07/06/2026,01:21:53,21.2,61.6
07/06/2026,01:26:53,21.1,61.9
07/06/2026,01:31:53,21.0,62.1
07/06/2026,01:36:53,20.9,62.3
07/06/2026,01:41:53,20.9,62.6
07/06/2026,01:46:53,20.8,62.5
07/06/2026,01:51:53,20.7,62.6
07/06/2026,01:56:53,20.6,62.8
07/06/2026,02:01:53,20.5,63.0
07/06/2026,02:06:53,20.5,63.1
07/06/2026,02:11:53,20.3,63.3
07/06/2026,02:16:53,20.3,63.5
07/06/2026,02:21:53,20.2,63.5
07/06/2026,02:26:53,20.2,63.2
07/06/2026,02:31:53,20.1,63.7
07/06/2026,02:36:53,20.0,63.3
07/06/2026,02:41:53,19.9,63.3
07/06/2026,02:46:53,19.9,64.1
07/06/2026,02:51:53,19.8,63.6
07/06/2026,02:56:53,19.8,63.8
07/06/2026,03:01:53,19.8,62.9
07/06/2026,03:06:53,19.7,63.7
07/06/2026,03:11:53,19.7,64.4
07/06/2026,03:16:53,19.6,64.5
07/06/2026,03:21:53,19.4,64.0
07/06/2026,03:26:53,19.4,65.1
07/06/2026,03:31:53,19.4,65.4
07/06/2026,03:36:53,19.3,66.1
07/06/2026,03:41:53,19.2,65.7
07/06/2026,03:46:53,19.1,66.8
07/06/2026,03:51:53,19.0,68.6
07/06/2026,03:56:53,18.9,69.4
07/06/2026,04:01:53,18.9,70.3
07/06/2026,04:06:53,18.7,71.4
07/06/2026,04:11:53,18.6,72.6
07/06/2026,04:16:53,18.5,73.4
07/06/2026,04:21:53,18.5,73.9
07/06/2026,04:26:53,18.5,74.3
07/06/2026,04:31:53,18.5,74.7
07/06/2026,04:36:53,18.5,74.9
07/06/2026,04:41:53,18.4,75.3
07/06/2026,04:46:53,18.4,75.5
07/06/2026,04:51:53,18.5,75.2
07/06/2026,04:56:53,18.4,75.7
07/06/2026,05:01:53,18.4,75.9
07/06/2026,05:06:53,18.4,76.0
07/06/2026,05:11:53,18.4,76.0
07/06/2026,05:16:53,18.4,76.2
07/06/2026,05:21:53,18.4,76.2
07/06/2026,05:26:53,18.5,76.2
07/06/2026,05:31:53,18.6,76.0
07/06/2026,05:36:53,18.6,76.0
07/06/2026,05:41:53,18.6,76.3
07/06/2026,05:46:53,18.6,76.4
07/06/2026,05:51:53,18.6,76.3
07/06/2026,05:56:53,18.6,76.3
07/06/2026,06:01:53,18.7,75.8
07/06/2026,06:06:53,18.7,76.0
07/06/2026,06:11:53,18.7,76.0
07/06/2026,06:16:53,18.7,75.9
07/06/2026,06:21:53,18.7,75.9
07/06/2026,06:26:53,18.7,75.8
07/06/2026,06:31:53,18.8,75.6
07/06/2026,06:36:53,18.8,75.5
07/06/2026,06:41:53,18.8,75.3
07/06/2026,06:46:53,18.7,75.0
07/06/2026,06:51:53,18.8,75.1
07/06/2026,06:56:53,18.8,74.9
07/06/2026,07:01:53,18.9,74.5
07/06/2026,07:06:53,19.0,74.2
07/06/2026,07:11:53,19.1,73.5
07/06/2026,07:16:53,19.2,73.4
07/06/2026,07:21:53,19.3,72.9
07/06/2026,07:26:53,19.4,72.4
07/06/2026,07:31:53,19.5,71.8
07/06/2026,07:36:53,19.7,70.1
07/06/2026,07:41:53,19.9,70.3
07/06/2026,07:46:53,20.2,69.3
07/06/2026,07:51:53,20.3,68.5
07/06/2026,07:56:53,20.4,68.1
07/06/2026,08:01:53,20.5,67.8
07/06/2026,08:06:53,20.7,67.5
07/06/2026,08:11:53,20.9,67.3
07/06/2026,08:16:53,21.1,66.8
07/06/2026,08:21:53,21.4,66.5
07/06/2026,08:26:53,21.6,66.2
07/06/2026,08:31:53,21.7,65.9
07/06/2026,08:36:53,21.8,65.7
07/06/2026,08:41:53,22.0,65.4
07/06/2026,08:46:53,22.2,64.9
07/06/2026,08:51:53,22.4,64.5
07/06/2026,08:56:53,22.7,63.6
07/06/2026,09:01:53,22.9,63.3
07/06/2026,09:06:53,23.1,62.8
07/06/2026,09:11:53,23.3,62.1
07/06/2026,09:16:53,23.5,61.1
07/06/2026,09:21:53,23.6,60.5
07/06/2026,09:26:53,23.8,60.5
07/06/2026,09:31:53,24.0,59.4
07/06/2026,09:36:53,24.1,59.2
07/06/2026,09:41:53,24.3,58.3
07/06/2026,09:46:53,24.4,56.8
07/06/2026,09:51:53,24.5,56.8
07/06/2026,09:56:53,24.7,56.5
07/06/2026,10:01:53,25.0,55.7
07/06/2026,10:06:53,25.1,56.0
07/06/2026,10:11:53,25.4,54.9
07/06/2026,10:16:53,25.6,53.8
07/06/2026,10:21:53,25.7,53.7
07/06/2026,10:26:53,25.9,52.9
07/06/2026,10:31:53,26.2,53.0
07/06/2026,10:36:53,26.4,51.9
07/06/2026,10:41:53,26.7,51.1
07/06/2026,10:46:53,26.8,51.0
07/06/2026,10:51:53,26.9,50.8
07/06/2026,10:56:53,27.2,50.5
07/06/2026,11:01:53,27.3,50.1
07/06/2026,11:06:53,27.6,49.2
07/06/2026,11:11:53,27.7,48.8
07/06/2026,11:16:53,27.9,47.3
07/06/2026,11:21:53,27.9,47.4
07/06/2026,11:26:53,28.1,47.3
07/06/2026,11:31:53,28.4,46.5
07/06/2026,11:36:53,28.6,45.0
07/06/2026,11:41:53,28.6,44.8
07/06/2026,11:46:53,28.6,44.6
07/06/2026,11:51:53,28.8,44.1
07/06/2026,11:56:53,29.0,43.7
07/06/2026,12:01:53,29.3,44.2
07/06/2026,12:06:53,29.7,43.3
07/06/2026,12:11:53,30.0,43.5
07/06/2026,12:16:53,30.3,42.7
07/06/2026,12:21:53,30.5,40.8
07/06/2026,12:26:53,30.4,40.0
07/06/2026,12:31:53,30.5,39.0
07/06/2026,12:36:53,30.3,38.1
07/06/2026,12:41:53,30.2,38.4
07/06/2026,12:46:53,30.3,38.7
07/06/2026,12:51:53,30.4,38.6
07/06/2026,12:56:53,30.6,38.2
07/06/2026,13:01:53,30.7,37.9
07/06/2026,13:06:53,30.7,37.5
07/06/2026,13:11:53,30.8,38.1
07/06/2026,13:16:53,31.1,37.2
07/06/2026,13:21:53,31.0,36.4
07/06/2026,13:26:53,30.9,36.4
07/06/2026,13:31:53,30.9,37.3
07/06/2026,13:36:53,31.2,36.8
07/06/2026,13:41:53,31.3,36.1
07/06/2026,13:46:53,31.2,36.4
07/06/2026,13:51:53,31.4,36.0
07/06/2026,13:56:53,31.5,35.3
07/06/2026,14:01:53,31.4,36.0
07/06/2026,14:06:53,31.6,36.1
07/06/2026,14:11:53,31.7,35.5
07/06/2026,14:16:53,31.8,34.9
07/06/2026,14:21:53,31.5,34.5
07/06/2026,14:26:53,31.4,35.4
07/06/2026,14:31:53,31.6,35.6
07/06/2026,14:36:53,32.1,35.0
07/06/2026,14:41:53,32.0,34.8
07/06/2026,14:46:53,31.9,34.5
07/06/2026,14:51:53,31.9,34.5
07/06/2026,14:56:53,31.9,34.1
07/06/2026,15:01:53,32.0,34.7
07/06/2026,15:06:53,32.1,34.3
07/06/2026,15:11:53,32.3,34.0
07/06/2026,15:16:53,32.3,33.7
07/06/2026,15:21:53,32.4,34.4
07/06/2026,15:26:53,32.5,33.6
07/06/2026,15:31:53,32.6,33.6
07/06/2026,15:36:53,32.9,33.5
07/06/2026,15:41:53,33.2,33.1
07/06/2026,15:46:53,33.2,33.6
07/06/2026,15:51:53,33.6,33.3
07/06/2026,15:56:53,33.9,32.5
07/06/2026,16:01:53,33.8,31.9
07/06/2026,16:06:53,33.5,32.4
07/06/2026,16:11:53,33.4,31.8
07/06/2026,16:16:53,33.1,32.1
07/06/2026,16:21:53,33.0,31.8
07/06/2026,16:26:53,32.9,30.7
07/06/2026,16:31:53,32.9,30.9
07/06/2026,16:36:53,33.1,30.8
07/06/2026,16:41:53,33.0,30.4
07/06/2026,16:46:53,32.8,30.4
07/06/2026,16:51:53,32.5,30.1
07/06/2026,16:56:53,32.1,30.8
07/06/2026,17:01:53,31.9,30.8
07/06/2026,17:06:53,31.6,30.9
07/06/2026,17:11:53,31.4,31.3
07/06/2026,17:16:53,31.2,31.6
07/06/2026,17:21:53,31.2,31.9
07/06/2026,17:26:53,31.2,31.8
07/06/2026,17:31:53,31.2,31.5
07/06/2026,17:36:53,31.1,31.2
07/06/2026,17:41:53,31.1,31.8
07/06/2026,17:46:53,30.9,31.8
07/06/2026,17:51:53,30.8,32.3
07/06/2026,17:56:53,30.6,32.3
07/06/2026,18:01:53,30.5,32.5
07/06/2026,18:06:53,30.4,32.7
07/06/2026,18:11:53,30.3,33.0
07/06/2026,18:16:53,30.3,32.7
07/06/2026,18:21:53,30.2,33.0
07/06/2026,18:26:53,30.1,32.6
07/06/2026,18:31:53,29.9,32.6
07/06/2026,18:36:53,29.7,32.8
07/06/2026,18:41:53,29.6,33.2
07/06/2026,18:46:53,29.5,33.6
07/06/2026,18:51:53,29.5,33.8
07/06/2026,18:56:53,29.4,34.2
07/06/2026,19:01:53,29.3,34.2
07/06/2026,19:06:53,29.4,34.6
07/06/2026,19:11:53,29.5,34.6
07/06/2026,19:16:53,29.7,34.5
07/06/2026,19:21:53,29.7,34.3
07/06/2026,19:26:53,29.5,34.0
07/06/2026,19:31:53,29.2,34.4
07/06/2026,19:36:53,29.0,34.8
07/06/2026,19:41:53,28.9,35.1
07/06/2026,19:46:53,28.8,35.4
07/06/2026,19:51:53,28.7,35.6
07/06/2026,19:56:53,28.7,36.1
07/06/2026,20:01:53,28.6,36.4
07/06/2026,20:06:53,28.5,36.7
07/06/2026,20:11:53,28.4,37.0
07/06/2026,20:16:53,28.4,37.2
07/06/2026,20:21:53,28.2,37.2
07/06/2026,20:26:53,28.2,37.3
07/06/2026,20:31:53,28.1,37.6
07/06/2026,20:36:53,28.0,37.5
07/06/2026,20:41:53,27.9,37.7
07/06/2026,20:46:53,27.8,38.3
07/06/2026,20:51:53,27.7,38.8
07/06/2026,20:56:53,27.6,39.0
07/06/2026,21:01:53,27.5,38.3
07/06/2026,21:06:53,27.3,38.1
07/06/2026,21:11:53,27.0,37.9
07/06/2026,21:16:53,26.9,37.8
07/06/2026,21:21:53,26.7,37.9
07/06/2026,21:26:53,26.5,38.1
07/06/2026,21:31:53,26.4,38.2
07/06/2026,21:36:53,26.2,38.2
07/06/2026,21:41:53,26.1,38.3
07/06/2026,21:46:53,25.9,38.7
07/06/2026,21:51:53,25.8,39.0
07/06/2026,21:56:53,25.7,39.1
07/06/2026,22:01:53,25.6,39.7
07/06/2026,22:06:53,25.5,39.8
07/06/2026,22:11:53,25.4,39.4
07/06/2026,22:16:53,25.2,39.6
07/06/2026,22:21:53,25.1,39.7
07/06/2026,22:26:53,24.9,39.9
07/06/2026,22:31:53,24.8,39.8
07/06/2026,22:36:53,24.7,40.1
07/06/2026,22:41:53,24.6,40.3
07/06/2026,22:46:53,24.5,40.4
07/06/2026,22:51:53,24.4,40.7
07/06/2026,22:56:53,24.2,40.6
07/06/2026,23:01:53,24.1,40.8
07/06/2026,23:06:53,24.1,40.8
07/06/2026,23:11:53,23.9,40.8
07/06/2026,23:16:53,23.8,40.7
07/06/2026,23:21:53,23.8,40.7
07/06/2026,23:26:53,23.7,40.8
07/06/2026,23:31:53,23.6,40.7
07/06/2026,23:36:53,23.6,40.9
07/06/2026,23:41:53,23.4,40.9
07/06/2026,23:46:53,23.3,41.0
07/06/2026,23:51:53,23.3,40.9
07/06/2026,23:56:53,23.2,40.9
07/07/2026,00:01:53,23.1,41.1
07/07/2026,00:06:53,23.0,41.3
07/07/2026,00:11:53,22.9,41.4
07/07/2026,00:16:53,22.9,41.4
07/07/2026,00:21:53,22.8,41.7
07/07/2026,00:26:53,22.8,41.8
07/07/2026,00:31:53,22.7,42.2
07/07/2026,00:36:53,22.7,42.2
07/07/2026,00:41:53,22.7,42.3
07/07/2026,00:46:53,22.7,42.7
07/07/2026,00:51:53,22.7,42.9
07/07/2026,00:56:53,22.7,42.8
07/07/2026,01:01:53,22.6,43.2
07/07/2026,01:06:53,22.5,43.0
07/07/2026,01:11:53,22.4,43.3
07/07/2026,01:16:53,22.3,43.7
07/07/2026,01:21:53,22.2,43.7
07/07/2026,01:26:53,22.2,43.8
07/07/2026,01:31:53,22.1,44.1
07/07/2026,01:36:53,22.1,44.2
07/07/2026,01:41:53,22.0,44.3
07/07/2026,01:46:53,21.9,44.6
07/07/2026,01:51:53,21.8,44.6
07/07/2026,01:56:53,21.8,44.9
07/07/2026,02:01:53,21.7,45.1
07/07/2026,02:06:53,21.7,45.3
07/07/2026,02:11:53,21.6,45.5
07/07/2026,02:16:53,21.6,45.8
07/07/2026,02:21:53,21.5,46.0
07/07/2026,02:26:53,21.5,45.8
07/07/2026,02:31:53,21.4,46.1
07/07/2026,02:36:53,21.4,46.5
07/07/2026,02:41:53,21.3,46.5
07/07/2026,02:46:53,21.2,46.5
07/07/2026,02:51:53,21.2,47.0
07/07/2026,02:56:53,21.1,47.1
07/07/2026,03:01:53,21.0,47.3
07/07/2026,03:06:53,20.9,47.2
07/07/2026,03:11:53,20.8,47.3
07/07/2026,03:16:53,20.8,47.7
07/07/2026,03:21:53,20.7,48.0
07/07/2026,03:26:53,20.6,48.2
07/07/2026,03:31:53,20.5,48.3
07/07/2026,03:36:53,20.5,48.5
07/07/2026,03:41:53,20.3,48.8
07/07/2026,03:46:53,20.3,49.0
07/07/2026,03:51:53,20.2,49.1
07/07/2026,03:56:53,20.1,49.4
07/07/2026,04:01:53,20.1,49.7
07/07/2026,04:06:53,19.9,49.9
07/07/2026,04:11:53,19.9,50.2
07/07/2026,04:16:53,19.8,50.1
07/07/2026,04:21:53,19.6,50.2
07/07/2026,04:26:53,19.6,50.4
07/07/2026,04:31:53,19.5,50.7
07/07/2026,04:36:53,19.4,50.9
07/07/2026,04:41:53,19.4,51.1
07/07/2026,04:46:53,19.3,51.3
07/07/2026,04:51:53,19.3,51.4
07/07/2026,04:56:53,19.2,51.5
07/07/2026,05:01:53,19.1,51.8
07/07/2026,05:06:53,19.1,52.0
07/07/2026,05:11:53,19.0,52.0
07/07/2026,05:16:53,19.0,52.3
07/07/2026,05:21:53,18.9,52.3
07/07/2026,05:26:53,18.9,52.4
07/07/2026,05:31:53,18.8,52.6
07/07/2026,05:36:53,18.8,52.5
07/07/2026,05:41:53,18.8,52.7
07/07/2026,05:46:53,18.8,52.9
07/07/2026,05:51:53,18.8,52.9
07/07/2026,05:56:53,18.9,52.8
07/07/2026,06:01:53,18.9,53.0
07/07/2026,06:06:53,18.9,53.0
07/07/2026,06:11:53,18.8,53.1
07/07/2026,06:16:53,18.8,53.2
07/07/2026,06:21:53,18.8,53.2
07/07/2026,06:26:53,18.9,53.6
07/07/2026,06:31:53,18.9,53.3
07/07/2026,06:36:53,19.0,53.6
07/07/2026,06:41:53,19.0,53.8
07/07/2026,06:46:53,19.0,53.8
07/07/2026,06:51:53,19.0,54.1
07/07/2026,06:56:53,19.1,54.1
07/07/2026,07:01:53,19.2,54.4
07/07/2026,07:06:53,19.2,54.4
07/07/2026,07:11:53,19.3,54.4
07/07/2026,07:16:53,19.4,54.4
07/07/2026,07:21:53,19.4,54.8
07/07/2026,07:26:53,19.5,54.7
07/07/2026,07:31:53,19.6,54.7
07/07/2026,07:36:53,19.7,55.0
07/07/2026,07:41:53,19.8,55.1
07/07/2026,07:46:53,20.0,55.2
07/07/2026,07:51:53,20.1,55.0
07/07/2026,07:56:53,20.3,55.1
07/07/2026,08:01:53,20.4,55.2
07/07/2026,08:06:53,20.4,55.3
07/07/2026,08:11:53,20.6,55.2
07/07/2026,08:16:53,20.7,55.3
07/07/2026,08:21:53,20.9,55.4
07/07/2026,08:26:53,21.0,55.4
07/07/2026,08:31:53,21.2,55.2
07/07/2026,08:36:53,21.4,55.1
07/07/2026,08:41:53,21.5,55.1
07/07/2026,08:46:53,21.8,54.8
07/07/2026,08:51:53,21.9,54.5
07/07/2026,08:56:53,21.9,54.2
07/07/2026,09:01:53,21.9,54.0
07/07/2026,09:06:53,22.1,54.2
07/07/2026,09:11:53,22.3,53.8
07/07/2026,09:16:53,22.5,53.4
07/07/2026,09:21:53,22.7,53.1
07/07/2026,09:26:53,22.8,53.1
07/07/2026,09:31:53,23.0,52.7
07/07/2026,09:36:53,23.1,52.7
07/07/2026,09:41:53,23.2,52.0
07/07/2026,09:46:53,23.4,51.9
07/07/2026,09:51:53,23.5,51.1
07/07/2026,09:56:53,23.7,51.0
07/07/2026,10:01:53,23.9,50.6
07/07/2026,10:06:53,24.0,50.5
07/07/2026,10:11:53,24.2,50.7
07/07/2026,10:16:53,24.4,50.5
07/07/2026,10:21:53,24.6,50.4
07/07/2026,10:26:53,24.8,50.0
07/07/2026,10:31:53,25.1,49.1
07/07/2026,10:36:53,25.2,48.4
07/07/2026,10:41:53,25.3,48.0
07/07/2026,10:46:53,25.6,48.0
07/07/2026,10:51:53,25.8,47.5
07/07/2026,10:56:53,25.9,46.7
07/07/2026,11:01:53,25.9,46.3
07/07/2026,11:06:53,26.1,46.5
07/07/2026,11:11:53,26.3,46.1
07/07/2026,11:16:53,26.7,46.0
07/07/2026,11:21:53,26.9,45.3
07/07/2026,11:26:53,26.9,45.2
07/07/2026,11:31:53,27.0,45.3
07/07/2026,11:36:53,26.9,44.6
07/07/2026,11:41:53,27.0,44.6
07/07/2026,11:46:53,27.3,44.5
07/07/2026,11:51:53,27.7,43.9
07/07/2026,11:56:53,28.1,43.5
07/07/2026,12:01:53,28.1,42.7
07/07/2026,12:06:53,28.1,41.9
07/07/2026,12:11:53,28.0,41.9
07/07/2026,12:16:53,27.9,42.7
07/07/2026,12:21:53,28.0,42.1
07/07/2026,12:26:53,28.4,42.2
07/07/2026,12:31:53,28.4,41.3
07/07/2026,12:36:53,28.1,41.5
07/07/2026,12:41:53,28.3,40.7
07/07/2026,12:46:53,28.5,40.9
07/07/2026,12:51:53,28.6,39.9
07/07/2026,12:56:53,28.5,40.2
07/07/2026,13:01:53,28.2,40.2
07/07/2026,13:06:53,28.4,40.1
07/07/2026,13:11:53,28.5,39.6
07/07/2026,13:16:53,28.4,39.9
07/07/2026,13:21:53,28.4,40.0
07/07/2026,13:26:53,28.9,39.6
07/07/2026,13:31:53,29.2,39.3
07/07/2026,13:36:53,29.5,38.9
07/07/2026,13:41:53,29.6,38.7
07/07/2026,13:46:53,29.4,38.8
07/07/2026,13:51:53,29.7,37.6
07/07/2026,13:56:53,29.9,37.9
07/07/2026,14:01:53,30.1,36.6
07/07/2026,14:06:53,30.1,37.0
07/07/2026,14:11:53,30.3,36.1
07/07/2026,14:16:53,30.1,35.9
07/07/2026,14:21:53,30.1,35.5
07/07/2026,14:26:53,30.1,36.5
07/07/2026,14:31:53,30.4,36.2
07/07/2026,14:36:53,30.6,36.2
07/07/2026,14:41:53,30.7,36.2
07/07/2026,14:46:53,30.4,36.9
07/07/2026,14:51:53,30.1,37.1
07/07/2026,14:56:53,30.6,36.9
07/07/2026,15:01:53,31.1,37.0
07/07/2026,15:06:53,31.2,37.0
07/07/2026,15:11:53,31.0,37.4
07/07/2026,15:16:53,31.1,37.6
07/07/2026,15:21:53,31.3,37.7
07/07/2026,15:26:53,31.3,37.5
07/07/2026,15:31:53,31.0,38.0
07/07/2026,15:36:53,31.2,38.3
07/07/2026,15:41:53,31.5,38.2
07/07/2026,15:46:53,31.5,38.2
07/07/2026,15:51:53,31.6,38.2
07/07/2026,15:56:53,31.4,38.6
07/07/2026,16:01:53,31.6,39.0
07/07/2026,16:06:53,32.1,38.8
07/07/2026,16:11:53,32.1,38.6
07/07/2026,16:16:53,32.2,38.8
07/07/2026,16:21:53,31.8,39.0
07/07/2026,16:26:53,31.8,39.5
07/07/2026,16:31:53,32.1,39.6
07/07/2026,16:36:53,31.6,39.4
07/07/2026,16:41:53,31.3,40.0
07/07/2026,16:46:53,31.1,40.4
07/07/2026,16:51:53,30.8,40.9
07/07/2026,16:56:53,30.7,41.3
07/07/2026,17:01:53,30.5,41.4
07/07/2026,17:06:53,30.3,41.7
07/07/2026,17:11:53,30.0,42.1
07/07/2026,17:16:53,30.0,42.2
07/07/2026,17:21:53,29.9,42.5
07/07/2026,17:26:53,29.9,42.8
07/07/2026,17:31:53,29.9,42.6
07/07/2026,17:36:53,29.8,42.8
07/07/2026,17:41:53,29.5,43.6
07/07/2026,17:46:53,29.6,43.4
07/07/2026,17:51:53,29.5,43.7
07/07/2026,17:56:53,29.4,44.0
07/07/2026,18:01:53,29.5,44.2
07/07/2026,18:06:53,29.4,44.3
07/07/2026,18:11:53,29.3,44.2
07/07/2026,18:16:53,29.2,44.6
07/07/2026,18:21:53,29.2,44.7
07/07/2026,18:26:53,29.1,44.6
07/07/2026,18:31:53,29.1,44.6
07/07/2026,18:36:53,29.1,44.9
07/07/2026,18:41:53,29.0,44.8
07/07/2026,18:46:53,29.1,44.8
07/07/2026,18:51:53,29.1,44.7
07/07/2026,18:56:53,29.1,44.9
07/07/2026,19:01:53,29.1,44.9
07/07/2026,19:06:53,29.2,44.8
07/07/2026,19:11:53,29.4,44.7
07/07/2026,19:16:53,29.6,44.4
07/07/2026,19:21:53,29.8,44.3
07/07/2026,19:26:53,30.1,43.9
07/07/2026,19:31:53,30.1,43.7
07/07/2026,19:36:53,29.9,43.9
07/07/2026,19:41:53,29.8,44.0
07/07/2026,19:46:53,29.8,44.3
07/07/2026,19:51:53,29.7,44.4
07/07/2026,19:56:53,29.4,44.6
07/07/2026,20:01:53,29.0,45.1
07/07/2026,20:06:53,28.8,45.6
07/07/2026,20:11:53,28.7,45.4
07/07/2026,20:16:53,28.4,45.2
07/07/2026,20:21:53,28.3,45.2
07/07/2026,20:26:53,28.1,45.0
07/07/2026,20:31:53,27.9,44.8
07/07/2026,20:36:53,27.7,44.7
07/07/2026,20:41:53,27.6,44.5
07/07/2026,20:46:53,27.4,44.5
07/07/2026,20:51:53,27.2,44.5
07/07/2026,20:56:53,27.0,44.7
07/07/2026,21:01:53,26.9,45.0
07/07/2026,21:06:53,26.8,45.2
07/07/2026,21:11:53,26.7,45.4
07/07/2026,21:16:53,26.6,45.5
07/07/2026,21:21:53,26.4,45.8
07/07/2026,21:26:53,26.3,45.9
07/07/2026,21:31:53,26.3,46.2
07/07/2026,21:36:53,26.2,46.5
07/07/2026,21:41:53,26.2,46.6
07/07/2026,21:46:53,26.1,47.2
07/07/2026,21:51:53,25.9,47.2
07/07/2026,21:56:53,25.8,47.6
07/07/2026,22:01:53,25.7,47.8
07/07/2026,22:06:53,25.6,48.2
07/07/2026,22:11:53,25.4,48.8
07/07/2026,22:16:53,25.3,49.4
07/07/2026,22:21:53,25.1,50.0
07/07/2026,22:26:53,25.0,50.6
07/07/2026,22:31:53,24.9,51.3
07/07/2026,22:36:53,24.9,51.9
07/07/2026,22:41:53,24.8,52.3
07/07/2026,22:46:53,24.7,52.5
07/07/2026,22:51:53,24.5,52.9
07/07/2026,22:56:53,24.5,53.4
07/07/2026,23:01:53,24.3,53.7
07/07/2026,23:06:53,24.3,54.1
07/07/2026,23:11:53,24.2,54.4
07/07/2026,23:16:53,24.1,54.8
07/07/2026,23:21:53,24.0,55.2
07/07/2026,23:26:53,23.9,55.6
07/07/2026,23:31:53,23.8,55.8
07/07/2026,23:36:53,23.8,56.0
07/07/2026,23:41:53,23.7,56.5
07/07/2026,23:46:53,23.6,56.7
07/07/2026,23:51:53,23.5,57.0
07/07/2026,23:56:53,23.4,57.3
07/08/2026,00:01:53,23.2,57.9
07/08/2026,00:06:53,23.1,58.3
07/08/2026,00:11:53,23.0,58.6
07/08/2026,00:16:53,22.9,58.9
07/08/2026,00:21:53,22.9,59.1
07/08/2026,00:26:53,22.8,59.4
07/08/2026,00:31:53,22.7,59.7
07/08/2026,00:36:53,22.6,60.1
07/08/2026,00:41:53,22.4,60.2
07/08/2026,00:46:53,22.4,60.5
07/08/2026,00:51:53,22.3,60.6
07/08/2026,00:56:53,22.2,60.8
07/08/2026,01:01:53,22.1,61.0
07/08/2026,01:06:53,22.0,61.2
07/08/2026,01:11:53,21.9,61.4
07/08/2026,01:16:53,21.8,61.6
07/08/2026,01:21:53,21.7,61.8
07/08/2026,01:26:53,21.6,61.9
07/08/2026,01:31:53,21.6,62.1
07/08/2026,01:36:53,21.5,62.4
07/08/2026,01:41:53,21.4,62.6
07/08/2026,01:46:53,21.4,62.9
07/08/2026,01:51:53,21.3,63.0
07/08/2026,01:56:53,21.3,63.2
07/08/2026,02:01:53,21.2,63.4
07/08/2026,02:06:53,21.1,63.6
07/08/2026,02:11:53,21.0,63.8
07/08/2026,02:16:53,20.9,64.0
07/08/2026,02:21:53,20.9,64.3
07/08/2026,02:26:53,20.8,64.3
07/08/2026,02:31:53,20.8,64.4
07/08/2026,02:36:53,20.7,64.4
07/08/2026,02:41:53,20.7,64.7
07/08/2026,02:46:53,20.6,64.8
07/08/2026,02:51:53,20.5,64.9
07/08/2026,02:56:53,20.5,64.9
07/08/2026,03:01:53,20.4,64.8
07/08/2026,03:06:53,20.4,64.9
07/08/2026,03:11:53,20.3,65.1
07/08/2026,03:16:53,20.3,65.4
07/08/2026,03:21:53,20.2,65.4
07/08/2026,03:26:53,20.2,65.8
07/08/2026,03:31:53,20.1,65.8
07/08/2026,03:36:53,20.1,65.7
07/08/2026,03:41:53,20.0,66.1
07/08/2026,03:46:53,19.9,66.4
07/08/2026,03:51:53,19.8,66.6
07/08/2026,03:56:53,19.8,66.5
07/08/2026,04:01:53,19.8,66.9
07/08/2026,04:06:53,19.7,66.9
07/08/2026,04:11:53,19.7,66.7
07/08/2026,04:16:53,19.6,66.8
07/08/2026,04:21:53,19.6,67.1
07/08/2026,04:26:53,19.6,67.1
07/08/2026,04:31:53,19.6,67.1
07/08/2026,04:36:53,19.5,66.9
07/08/2026,04:41:53,19.5,67.2
07/08/2026,04:46:53,19.5,67.1
07/08/2026,04:51:53,19.5,67.2
07/08/2026,04:56:53,19.4,67.4
07/08/2026,05:01:53,19.4,67.0
07/08/2026,05:06:53,19.4,67.4
07/08/2026,05:11:53,19.4,66.9
07/08/2026,05:16:53,19.4,66.6
07/08/2026,05:21:53,19.4,65.8
07/08/2026,05:26:53,19.3,67.1
07/08/2026,05:31:53,19.3,66.9
07/08/2026,05:36:53,19.3,64.3
07/08/2026,05:41:53,19.3,65.4
07/08/2026,05:46:53,19.3,66.3
07/08/2026,05:51:53,19.3,65.3
07/08/2026,05:56:53,19.3,66.8
07/08/2026,06:01:53,19.3,66.2
07/08/2026,06:06:53,19.3,66.5
07/08/2026,06:11:53,19.3,66.5
07/08/2026,06:16:53,19.4,66.4
07/08/2026,06:21:53,19.4,65.2
07/08/2026,06:26:53,19.5,66.4
07/08/2026,06:31:53,19.6,66.7
07/08/2026,06:36:53,19.7,66.1
07/08/2026,06:41:53,19.7,66.2
07/08/2026,06:46:53,19.8,66.2
07/08/2026,06:51:53,19.9,66.1
07/08/2026,06:56:53,20.0,66.0
07/08/2026,07:01:53,20.1,65.7
07/08/2026,07:06:53,20.1,65.7
07/08/2026,07:11:53,20.2,66.2
07/08/2026,07:16:53,20.2,66.4
07/08/2026,07:21:53,20.3,64.8
07/08/2026,07:26:53,20.3,64.4
07/08/2026,07:31:53,20.4,64.6
07/08/2026,07:36:53,20.6,64.9
07/08/2026,07:41:53,20.8,64.6
07/08/2026,07:46:53,21.0,64.2
07/08/2026,07:51:53,21.1,64.0
07/08/2026,07:56:53,21.3,63.5
07/08/2026,08:01:53,21.4,63.0
07/08/2026,08:06:53,21.5,62.8
07/08/2026,08:11:53,21.6,62.0
07/08/2026,08:16:53,21.8,62.0
07/08/2026,08:21:53,21.9,61.8
07/08/2026,08:26:53,22.1,61.5
07/08/2026,08:31:53,22.2,61.4
07/08/2026,08:36:53,22.3,60.6
07/08/2026,08:41:53,22.5,60.3
07/08/2026,08:46:53,22.7,59.6
07/08/2026,08:51:53,22.8,59.7
07/08/2026,08:56:53,23.0,59.2
07/08/2026,09:01:53,23.2,59.3
07/08/2026,09:06:53,23.4,58.5
07/08/2026,09:11:53,23.6,58.2
07/08/2026,09:16:53,23.9,58.4
07/08/2026,09:21:53,24.1,58.3
07/08/2026,09:26:53,24.3,57.7
07/08/2026,09:31:53,24.5,57.4
07/08/2026,09:36:53,24.7,57.2
07/08/2026,09:41:53,24.9,56.8
07/08/2026,09:46:53,25.2,56.6
07/08/2026,09:51:53,25.5,56.2
07/08/2026,09:56:53,25.8,55.9
07/08/2026,10:01:53,26.2,55.6
07/08/2026,10:06:53,26.4,54.4
07/08/2026,10:11:53,26.5,54.6
07/08/2026,10:16:53,26.7,54.1
07/08/2026,10:21:53,26.9,53.4
07/08/2026,10:26:53,27.1,55.6
07/08/2026,10:31:53,27.5,52.7
07/08/2026,10:36:53,27.4,52.7
07/08/2026,10:41:53,27.6,53.3
07/08/2026,10:46:53,27.9,52.0
07/08/2026,10:51:53,27.8,52.2
07/08/2026,10:56:53,27.9,52.3
07/08/2026,11:01:53,28.1,51.4
07/08/2026,11:06:53,28.4,51.7
07/08/2026,11:11:53,28.1,50.9
07/08/2026,11:16:53,28.1,52.3
07/08/2026,11:21:53,28.7,51.3
07/08/2026,11:26:53,29.1,50.7
07/08/2026,11:31:53,29.4,49.6
07/08/2026,11:36:53,29.0,49.3
07/08/2026,11:41:53,28.7,49.8
07/08/2026,11:46:53,28.6,50.0
07/08/2026,11:51:53,29.0,50.1
07/08/2026,11:56:53,29.4,49.9
07/08/2026,12:01:53,29.8,49.4
07/08/2026,12:06:53,30.1,48.3
07/08/2026,12:11:53,30.2,48.5
07/08/2026,12:16:53,30.1,48.5
07/08/2026,12:21:53,30.1,47.9
07/08/2026,12:26:53,30.3,47.7
07/08/2026,12:31:53,30.6,47.1
07/08/2026,12:36:53,30.9,47.1
07/08/2026,12:41:53,30.9,46.7
07/08/2026,12:46:53,30.9,46.6
07/08/2026,12:51:53,30.9,46.5
07/08/2026,12:56:53,31.0,46.4
07/08/2026,13:01:53,31.2,46.2
07/08/2026,13:06:53,31.3,45.8
07/08/2026,13:11:53,31.4,45.1
07/08/2026,13:16:53,31.4,45.3
07/08/2026,13:21:53,31.2,45.0
07/08/2026,13:26:53,31.3,44.8
07/08/2026,13:31:53,31.4,44.8
07/08/2026,13:36:53,31.7,45.0
07/08/2026,13:41:53,31.9,44.5
07/08/2026,13:46:53,32.1,44.0
07/08/2026,13:51:53,32.6,43.8
07/08/2026,13:56:53,32.3,43.1
07/08/2026,14:01:53,32.0,43.4
07/08/2026,14:06:53,31.7,43.1
07/08/2026,14:11:53,31.3,43.9
07/08/2026,14:16:53,31.1,44.3
07/08/2026,14:21:53,31.0,44.6
07/08/2026,14:26:53,31.4,44.7
07/08/2026,14:31:53,31.9,43.9
07/08/2026,14:36:53,31.7,43.7
07/08/2026,14:41:53,31.6,43.3
07/08/2026,14:46:53,31.7,43.7
07/08/2026,14:51:53,31.9,43.5
07/08/2026,14:56:53,32.3,43.6
07/08/2026,15:01:53,32.6,42.9
07/08/2026,15:06:53,32.5,42.7
07/08/2026,15:11:53,32.4,42.0
07/08/2026,15:16:53,32.4,42.6
07/08/2026,15:21:53,32.6,42.5
07/08/2026,15:26:53,32.7,42.2
07/08/2026,15:31:53,32.5,42.3
07/08/2026,15:36:53,32.4,42.6
07/08/2026,15:41:53,32.3,42.9
07/08/2026,15:46:53,32.6,42.8
07/08/2026,15:51:53,33.2,41.7
07/08/2026,15:56:53,32.9,41.5
07/08/2026,16:01:53,32.6,42.1
07/08/2026,16:06:53,32.5,42.1
07/08/2026,16:11:53,32.6,42.1
07/08/2026,16:16:53,32.6,42.0
07/08/2026,16:21:53,32.5,42.4
07/08/2026,16:26:53,32.4,42.2
07/08/2026,16:31:53,32.3,42.4
07/08/2026,16:36:53,32.3,41.9
07/08/2026,16:41:53,32.0,42.3
07/08/2026,16:46:53,32.3,42.5
07/08/2026,16:51:53,32.6,42.3
07/08/2026,16:56:53,32.7,41.7
07/08/2026,17:01:53,32.7,41.7
07/08/2026,17:06:53,32.8,41.3
07/08/2026,17:11:53,32.7,41.7
07/08/2026,17:16:53,32.5,42.0
07/08/2026,17:21:53,32.3,41.5
07/08/2026,17:26:53,32.1,41.8
07/08/2026,17:31:53,32.1,42.2
07/08/2026,17:36:53,32.0,41.9
07/08/2026,17:41:53,32.0,42.2
07/08/2026,17:46:53,31.9,42.3
07/08/2026,17:51:53,31.8,41.8
07/08/2026,17:56:53,31.8,42.4
07/08/2026,18:01:53,31.9,42.4
07/08/2026,18:06:53,31.8,42.9
07/08/2026,18:11:53,31.9,42.9
07/08/2026,18:16:53,31.9,43.0
07/08/2026,18:21:53,31.8,43.1
07/08/2026,18:26:53,31.7,43.2
07/08/2026,18:31:53,31.6,43.5
07/08/2026,18:36:53,31.5,43.5
07/08/2026,18:41:53,31.4,43.7
07/08/2026,18:46:53,31.3,43.4
07/08/2026,18:51:53,31.2,44.0
07/08/2026,18:56:53,31.2,44.3
07/08/2026,19:01:53,31.3,44.3
07/08/2026,19:06:53,31.3,44.4
07/08/2026,19:11:53,31.5,44.8
07/08/2026,19:16:53,31.6,44.4
07/08/2026,19:21:53,31.8,43.6
07/08/2026,19:26:53,31.7,43.7
07/08/2026,19:31:53,31.5,44.1
07/08/2026,19:36:53,31.4,44.7
07/08/2026,19:41:53,31.2,44.7
07/08/2026,19:46:53,31.0,45.0
07/08/2026,19:51:53,30.9,45.2
07/08/2026,19:56:53,30.9,45.3
07/08/2026,20:01:53,30.8,45.4
07/08/2026,20:06:53,30.7,45.7
07/08/2026,20:11:53,30.6,45.6
07/08/2026,20:16:53,30.6,46.0
07/08/2026,20:21:53,30.5,46.0
07/08/2026,20:26:53,30.3,46.5
07/08/2026,20:31:53,30.2,46.6
07/08/2026,20:36:53,30.1,47.0
07/08/2026,20:41:53,30.0,47.2
07/08/2026,20:46:53,29.6,48.3
07/08/2026,20:51:53,29.3,49.0
07/08/2026,20:56:53,29.0,49.7
07/08/2026,21:01:53,28.6,50.5
07/08/2026,21:06:53,28.3,51.2
07/08/2026,21:11:53,28.1,51.8
07/08/2026,21:16:53,27.8,52.4
07/08/2026,21:21:53,27.6,52.9
07/08/2026,21:26:53,27.4,53.3
07/08/2026,21:31:53,27.2,53.8
07/08/2026,21:36:53,27.1,53.9
07/08/2026,21:41:53,26.9,54.2
07/08/2026,21:46:53,26.7,54.6
07/08/2026,21:51:53,26.6,54.8
07/08/2026,21:56:53,26.5,54.9
07/08/2026,22:01:53,26.3,55.1
07/08/2026,22:06:53,26.0,55.3
07/08/2026,22:11:53,25.8,55.7
07/08/2026,22:16:53,25.6,56.0
07/08/2026,22:21:53,25.5,56.3
07/08/2026,22:26:53,25.4,56.6
07/08/2026,22:31:53,25.2,56.9
07/08/2026,22:36:53,25.1,57.1
07/08/2026,22:41:53,24.9,57.2
07/08/2026,22:46:53,24.7,57.4
07/08/2026,22:51:53,24.6,57.6
07/08/2026,22:56:53,24.4,57.7
07/08/2026,23:01:53,24.3,57.8
07/08/2026,23:06:53,24.2,57.9
07/08/2026,23:11:53,24.1,58.0
07/08/2026,23:16:53,24.1,58.1
07/08/2026,23:21:53,24.0,58.2
07/08/2026,23:26:53,24.0,58.2
07/08/2026,23:31:53,23.9,58.2
07/08/2026,23:36:53,23.7,58.5
07/08/2026,23:41:53,23.7,58.6
07/08/2026,23:46:53,23.5,59.0
07/08/2026,23:51:53,23.4,59.2
07/08/2026,23:56:53,23.3,59.5
07/09/2026,00:01:53,23.2,59.8
07/09/2026,00:06:53,23.2,60.0
07/09/2026,00:11:53,23.1,60.2
07/09/2026,00:16:53,23.1,60.6
07/09/2026,00:21:53,23.0,60.8
07/09/2026,00:26:53,22.9,61.1
07/09/2026,00:31:53,22.9,61.4
07/09/2026,00:36:53,22.8,61.4
07/09/2026,00:41:53,22.8,61.8
07/09/2026,00:46:53,22.7,62.0
07/09/2026,00:51:53,22.7,62.3
07/09/2026,00:56:53,22.7,62.4
07/09/2026,01:01:53,22.7,62.7
07/09/2026,01:06:53,22.7,62.8
07/09/2026,01:11:53,22.6,62.8
07/09/2026,01:16:53,22.6,63.2
07/09/2026,01:21:53,22.5,63.5
07/09/2026,01:26:53,22.5,63.8
07/09/2026,01:31:53,22.3,64.2
07/09/2026,01:36:53,22.2,64.5
07/09/2026,01:41:53,22.2,64.8
07/09/2026,01:46:53,22.2,64.9
07/09/2026,01:51:53,22.2,64.9
07/09/2026,01:56:53,22.2,65.2
07/09/2026,02:01:53,22.1,65.4
07/09/2026,02:06:53,22.1,65.4
07/09/2026,02:11:53,22.1,65.6
07/09/2026,02:16:53,22.0,65.7
07/09/2026,02:21:53,21.9,66.0
07/09/2026,02:26:53,21.8,66.4
07/09/2026,02:31:53,21.7,66.6
07/09/2026,02:36:53,21.7,67.0
07/09/2026,02:41:53,21.6,67.0
07/09/2026,02:46:53,21.5,67.5
07/09/2026,02:51:53,21.5,67.6
07/09/2026,02:56:53,21.5,67.7
07/09/2026,03:01:53,21.5,67.8
07/09/2026,03:06:53,21.4,67.7
07/09/2026,03:11:53,21.4,67.9
07/09/2026,03:16:53,21.3,68.2
07/09/2026,03:21:53,21.2,68.4
07/09/2026,03:26:53,21.2,68.5
07/09/2026,03:31:53,21.2,68.5
07/09/2026,03:36:53,21.2,68.7
07/09/2026,03:41:53,21.2,68.9
07/09/2026,03:46:53,21.1,68.9
07/09/2026,03:51:53,21.1,69.1
07/09/2026,03:56:53,21.0,69.3
07/09/2026,04:01:53,21.0,69.3
07/09/2026,04:06:53,21.0,68.9
07/09/2026,04:11:53,20.9,69.4
07/09/2026,04:16:53,20.9,69.4
07/09/2026,04:21:53,20.9,69.4
07/09/2026,04:26:53,20.9,69.6
07/09/2026,04:31:53,20.8,69.8
07/09/2026,04:36:53,20.7,70.0
07/09/2026,04:41:53,20.7,70.3
07/09/2026,04:46:53,20.7,69.6
07/09/2026,04:51:53,20.6,69.7
07/09/2026,04:56:53,20.6,70.0
07/09/2026,05:01:53,20.7,69.0
07/09/2026,05:06:53,20.6,67.7
07/09/2026,05:11:53,20.6,68.3
07/09/2026,05:16:53,20.5,69.1
07/09/2026,05:21:53,20.5,69.2
07/09/2026,05:26:53,20.5,69.9
07/09/2026,05:31:53,20.5,67.8
07/09/2026,05:36:53,20.5,68.7
07/09/2026,05:41:53,20.5,67.9
07/09/2026,05:46:53,20.5,67.4
07/09/2026,05:51:53,20.5,68.5
07/09/2026,05:56:53,20.5,69.3
07/09/2026,06:01:53,20.5,66.3
07/09/2026,06:06:53,20.5,67.8
07/09/2026,06:11:53,20.5,67.6
07/09/2026,06:16:53,20.5,69.5
07/09/2026,06:21:53,20.5,70.1
07/09/2026,06:26:53,20.5,69.8
07/09/2026,06:31:53,20.6,69.9
07/09/2026,06:36:53,20.6,68.4
07/09/2026,06:41:53,20.6,68.3
07/09/2026,06:46:53,20.7,66.2
07/09/2026,06:51:53,20.6,68.9
07/09/2026,06:56:53,20.7,68.5
07/09/2026,07:01:53,20.7,64.6
07/09/2026,07:06:53,20.7,67.1
07/09/2026,07:11:53,20.9,66.6
07/09/2026,07:16:53,21.0,66.7
07/09/2026,07:21:53,21.0,65.5
07/09/2026,07:26:53,21.1,67.5
07/09/2026,07:31:53,21.3,67.5
07/09/2026,07:36:53,21.4,67.9
07/09/2026,07:41:53,21.5,66.1
07/09/2026,07:46:53,21.6,66.5
07/09/2026,07:51:53,21.7,65.1
07/09/2026,07:56:53,21.8,65.0
07/09/2026,08:01:53,21.9,64.7
07/09/2026,08:06:53,22.0,64.7
07/09/2026,08:11:53,22.1,63.7
07/09/2026,08:16:53,22.2,63.4
07/09/2026,08:21:53,22.3,64.2
07/09/2026,08:26:53,22.4,63.7
07/09/2026,08:31:53,22.5,63.3
07/09/2026,08:36:53,22.6,63.2
07/09/2026,08:41:53,22.8,62.9
07/09/2026,08:46:53,23.0,63.1
07/09/2026,08:51:53,23.2,63.0
07/09/2026,08:56:53,23.5,62.3
07/09/2026,09:01:53,23.7,61.7
07/09/2026,09:06:53,24.1,61.5
07/09/2026,09:11:53,24.3,62.2
07/09/2026,09:16:53,24.7,62.1
07/09/2026,09:21:53,25.0,61.4
07/09/2026,09:26:53,25.3,61.1
07/09/2026,09:31:53,25.6,60.3
07/09/2026,09:36:53,25.8,60.2
07/09/2026,09:41:53,26.2,60.1
07/09/2026,09:46:53,26.5,58.4
07/09/2026,09:51:53,26.7,58.1
07/09/2026,09:56:53,27.0,57.7
07/09/2026,10:01:53,27.3,57.6
07/09/2026,10:06:53,27.6,56.2
07/09/2026,10:11:53,27.9,55.2
07/09/2026,10:16:53,28.1,54.1
07/09/2026,10:21:53,28.3,55.2
07/09/2026,10:26:53,28.6,54.9
07/09/2026,10:31:53,28.9,52.7
07/09/2026,10:36:53,29.2,52.1
07/09/2026,10:41:53,29.3,51.1
07/09/2026,10:46:53,29.4,50.0
07/09/2026,10:51:53,29.6,49.8
07/09/2026,10:56:53,29.8,49.5
07/09/2026,11:01:53,30.1,47.4
07/09/2026,11:06:53,30.2,47.5
07/09/2026,11:11:53,30.5,47.2
07/09/2026,11:16:53,30.7,46.1
07/09/2026,11:21:53,30.8,44.2
07/09/2026,11:26:53,31.0,44.3
07/09/2026,11:31:53,31.3,43.9
07/09/2026,11:36:53,31.6,43.5
07/09/2026,11:41:53,31.8,43.2
07/09/2026,11:46:53,32.0,41.2
07/09/2026,11:51:53,32.2,41.2
07/09/2026,11:56:53,32.3,39.5
07/09/2026,12:01:53,32.5,39.6
07/09/2026,12:06:53,32.6,39.3
07/09/2026,12:11:53,32.8,38.5
07/09/2026,12:16:53,32.9,38.3
07/09/2026,12:21:53,33.2,38.8
07/09/2026,12:26:53,33.5,37.8
07/09/2026,12:31:53,33.5,36.8
07/09/2026,12:36:53,33.6,36.7
07/09/2026,12:41:53,33.8,36.1
07/09/2026,12:46:53,34.0,35.6
07/09/2026,12:51:53,34.1,34.9
07/09/2026,12:56:53,34.1,34.4
07/09/2026,13:01:53,34.3,34.2
07/09/2026,13:06:53,34.4,34.3
07/09/2026,13:11:53,34.5,33.1
07/09/2026,13:16:53,34.5,33.5
07/09/2026,13:21:53,34.6,32.5
07/09/2026,13:26:53,34.7,32.3
07/09/2026,13:31:53,34.9,31.8
07/09/2026,13:36:53,35.2,31.4
07/09/2026,13:41:53,35.4,30.9
07/09/2026,13:46:53,35.3,30.3
07/09/2026,13:51:53,35.4,30.4
07/09/2026,13:56:53,35.4,29.9
07/09/2026,14:01:53,35.5,30.1
07/09/2026,14:06:53,35.8,29.8
07/09/2026,14:11:53,36.0,29.3
07/09/2026,14:16:53,36.3,29.1
07/09/2026,14:21:53,36.3,28.4
07/09/2026,14:26:53,36.3,29.2
07/09/2026,14:31:53,36.5,28.2
07/09/2026,14:36:53,36.4,28.7
07/09/2026,14:41:53,36.2,28.5
07/09/2026,14:46:53,36.3,28.0
07/09/2026,14:51:53,36.5,28.9
07/09/2026,14:56:53,36.9,28.3
07/09/2026,15:01:53,37.0,27.8
07/09/2026,15:06:53,37.2,27.7
07/09/2026,15:11:53,37.4,27.5
07/09/2026,15:16:53,37.5,27.5
07/09/2026,15:21:53,37.6,27.8
07/09/2026,15:26:53,37.7,27.0
07/09/2026,15:31:53,38.1,26.6
07/09/2026,15:36:53,38.2,27.1
07/09/2026,15:41:53,38.3,26.2
07/09/2026,15:46:53,38.2,25.8
07/09/2026,15:51:53,37.6,26.0
07/09/2026,15:56:53,37.4,26.4
07/09/2026,16:01:53,37.2,26.9
07/09/2026,16:06:53,37.2,26.8
07/09/2026,16:11:53,37.4,27.1
07/09/2026,16:16:53,37.7,26.3
07/09/2026,16:21:53,37.6,26.4
07/09/2026,16:26:53,37.5,26.6
07/09/2026,16:31:53,37.6,26.6
07/09/2026,16:36:53,37.8,26.3
07/09/2026,16:41:53,37.6,25.6
07/09/2026,16:46:53,37.2,25.8
07/09/2026,16:51:53,36.9,26.3
07/09/2026,16:56:53,36.7,26.0
07/09/2026,17:01:53,36.5,25.8
07/09/2026,17:06:53,36.2,26.1
07/09/2026,17:11:53,35.8,26.5
07/09/2026,17:16:53,35.6,26.8
07/09/2026,17:21:53,35.5,27.1
07/09/2026,17:26:53,35.4,30.1
07/09/2026,17:31:53,35.1,32.7
07/09/2026,17:36:53,34.8,34.0
07/09/2026,17:41:53,34.5,34.5
07/09/2026,17:46:53,34.2,35.3
07/09/2026,17:51:53,34.0,35.6
07/09/2026,17:56:53,34.0,35.9
07/09/2026,18:01:53,33.8,36.1
07/09/2026,18:06:53,33.6,36.7
07/09/2026,18:11:53,33.6,37.1
07/09/2026,18:16:53,33.5,36.9
07/09/2026,18:21:53,33.3,37.1
07/09/2026,18:26:53,33.0,37.3
07/09/2026,18:31:53,32.8,37.6
07/09/2026,18:36:53,32.8,37.2
07/09/2026,18:41:53,32.4,37.5
07/09/2026,18:46:53,32.4,37.7
07/09/2026,18:51:53,32.3,38.6
07/09/2026,18:56:53,32.2,39.0
07/09/2026,19:01:53,32.1,39.2
07/09/2026,19:06:53,32.0,39.3
07/09/2026,19:11:53,32.1,39.4
07/09/2026,19:16:53,32.1,39.5
07/09/2026,19:21:53,32.0,39.8
07/09/2026,19:26:53,32.0,40.0
07/09/2026,19:31:53,31.8,40.2
07/09/2026,19:36:53,31.8,40.6
07/09/2026,19:41:53,31.6,40.8
07/09/2026,19:46:53,31.1,41.2
07/09/2026,19:51:53,30.8,41.9
07/09/2026,19:56:53,30.6,42.2
07/09/2026,20:01:53,30.5,42.5
07/09/2026,20:06:53,30.5,42.9
07/09/2026,20:11:53,30.3,43.0
07/09/2026,20:16:53,30.2,43.1
07/09/2026,20:21:53,30.0,43.5
07/09/2026,20:26:53,29.8,43.8
07/09/2026,20:31:53,29.7,44.0
07/09/2026,20:36:53,29.5,44.5
07/09/2026,20:41:53,29.2,44.7
07/09/2026,20:46:53,29.1,45.0
07/09/2026,20:51:53,28.9,45.1
07/09/2026,20:56:53,28.6,45.5
07/09/2026,21:01:53,28.5,45.8
07/09/2026,21:06:53,28.3,46.1
07/09/2026,21:11:53,28.1,46.5
07/09/2026,21:16:53,27.9,46.8
07/09/2026,21:21:53,27.8,47.3
07/09/2026,21:26:53,27.7,47.5
07/09/2026,21:31:53,27.6,47.8
07/09/2026,21:36:53,27.4,48.2
07/09/2026,21:41:53,27.3,48.4
07/09/2026,21:46:53,27.2,48.6
07/09/2026,21:51:53,27.2,48.9
07/09/2026,21:56:53,27.0,49.1
07/09/2026,22:01:53,26.8,49.3
07/09/2026,22:06:53,26.8,49.5
07/09/2026,22:11:53,26.6,49.7
07/09/2026,22:16:53,26.5,49.7
07/09/2026,22:21:53,26.3,50.1
07/09/2026,22:26:53,26.1,50.4
07/09/2026,22:31:53,26.1,50.7
07/09/2026,22:36:53,25.9,51.1
07/09/2026,22:41:53,25.8,51.4
07/09/2026,22:46:53,25.5,51.8
07/09/2026,22:51:53,25.4,51.9
07/09/2026,22:56:53,25.3,52.3
07/09/2026,23:01:53,25.2,52.6
07/09/2026,23:06:53,25.2,52.6
07/09/2026,23:11:53,25.1,52.9
07/09/2026,23:16:53,25.0,53.0
07/09/2026,23:21:53,24.9,53.0
07/09/2026,23:26:53,24.8,53.1
07/09/2026,23:31:53,24.6,53.1
07/09/2026,23:36:53,24.6,53.1
07/09/2026,23:41:53,24.5,53.0
07/09/2026,23:46:53,24.4,53.2
07/09/2026,23:51:53,24.4,53.4
07/09/2026,23:56:53,24.3,53.5
07/10/2026,00:01:53,24.3,53.6
07/10/2026,00:06:53,24.2,53.6
07/10/2026,00:11:53,24.2,53.7
07/10/2026,00:16:53,24.1,53.6
07/10/2026,00:21:53,24.1,53.8
07/10/2026,00:26:53,24.0,53.7
07/10/2026,00:31:53,24.0,53.6
07/10/2026,00:36:53,24.0,53.8
07/10/2026,00:41:53,24.0,53.9
07/10/2026,00:46:53,24.0,53.8
07/10/2026,00:51:53,23.9,53.4
07/10/2026,00:56:53,23.9,53.5
07/10/2026,01:01:53,23.8,54.1
07/10/2026,01:06:53,23.6,54.2
07/10/2026,01:11:53,23.6,54.2
07/10/2026,01:16:53,23.5,54.4
07/10/2026,01:21:53,23.4,54.8
07/10/2026,01:26:53,23.4,54.8
07/10/2026,01:31:53,23.4,55.0
07/10/2026,01:36:53,23.3,54.8
07/10/2026,01:41:53,23.3,54.3
07/10/2026,01:46:53,23.2,55.3
07/10/2026,01:51:53,23.2,55.5
07/10/2026,01:56:53,23.0,55.0
07/10/2026,02:01:53,23.0,55.0
07/10/2026,02:06:53,22.9,55.9
07/10/2026,02:11:53,22.8,56.6
07/10/2026,02:16:53,22.7,56.8
07/10/2026,02:21:53,22.6,55.8
07/10/2026,02:26:53,22.5,57.5
07/10/2026,02:31:53,22.4,57.5
07/10/2026,02:36:53,22.4,56.4
07/10/2026,02:41:53,22.4,56.8
07/10/2026,02:46:53,22.4,55.6
07/10/2026,02:51:53,22.3,57.2
07/10/2026,02:56:53,22.3,57.2
07/10/2026,03:01:53,22.3,56.6
07/10/2026,03:06:53,22.2,56.8
07/10/2026,03:11:53,22.2,58.2
07/10/2026,03:16:53,22.2,55.3
07/10/2026,03:21:53,22.1,56.7
07/10/2026,03:26:53,22.1,57.9
07/10/2026,03:31:53,22.0,57.9
07/10/2026,03:36:53,21.9,56.7
07/10/2026,03:41:53,21.9,58.6
07/10/2026,03:46:53,21.9,56.4
07/10/2026,03:51:53,21.9,57.9
07/10/2026,03:56:53,21.9,58.3
07/10/2026,04:01:53,21.8,57.5
07/10/2026,04:06:53,21.8,59.2
07/10/2026,04:11:53,21.8,58.7
07/10/2026,04:16:53,21.7,59.6
07/10/2026,04:21:53,21.6,57.4
07/10/2026,04:26:53,21.6,59.7
07/10/2026,04:31:53,21.5,59.5
07/10/2026,04:36:53,21.5,58.6
07/10/2026,04:41:53,21.4,60.1
07/10/2026,04:46:53,21.3,59.9
07/10/2026,04:51:53,21.3,59.3
07/10/2026,04:56:53,21.2,58.2
07/10/2026,05:01:53,21.2,56.0
07/10/2026,05:06:53,21.1,55.5
07/10/2026,05:11:53,21.0,57.9
07/10/2026,05:16:53,21.0,53.6
07/10/2026,05:21:53,21.0,52.8
07/10/2026,05:26:53,20.9,53.8
07/10/2026,05:31:53,20.8,54.9
07/10/2026,05:36:53,20.8,54.3
07/10/2026,05:41:53,20.7,56.4
07/10/2026,05:46:53,20.7,55.8
07/10/2026,05:51:53,20.7,54.7
07/10/2026,05:56:53,20.6,52.8
07/10/2026,06:01:53,20.6,53.0
07/10/2026,06:06:53,20.6,54.2
07/10/2026,06:11:53,20.5,53.0
07/10/2026,06:16:53,20.5,56.7
07/10/2026,06:21:53,20.5,56.8
07/10/2026,06:26:53,20.5,58.1
07/10/2026,06:31:53,20.5,60.1
07/10/2026,06:36:53,20.5,57.8
07/10/2026,06:41:53,20.5,59.4
07/10/2026,06:46:53,20.6,56.8
07/10/2026,06:51:53,20.6,57.8
07/10/2026,06:56:53,20.7,60.9
07/10/2026,07:01:53,20.7,56.5
07/10/2026,07:06:53,20.8,57.7
07/10/2026,07:11:53,20.9,61.3
07/10/2026,07:16:53,21.0,60.8
07/10/2026,07:21:53,21.0,61.1
07/10/2026,07:26:53,21.2,59.0
07/10/2026,07:31:53,21.2,60.5
07/10/2026,07:36:53,21.3,61.9
07/10/2026,07:41:53,21.5,62.3
07/10/2026,07:46:53,21.6,61.8
07/10/2026,07:51:53,21.8,62.3
07/10/2026,07:56:53,21.9,61.9
07/10/2026,08:01:53,22.1,62.6
07/10/2026,08:06:53,22.3,63.1
07/10/2026,08:11:53,22.5,62.6
07/10/2026,08:16:53,22.6,62.0
07/10/2026,08:21:53,22.8,62.2
07/10/2026,08:26:53,22.9,61.3
07/10/2026,08:31:53,23.2,62.0
07/10/2026,08:36:53,23.4,61.7
07/10/2026,08:41:53,23.6,61.5
07/10/2026,08:46:53,23.8,60.6
07/10/2026,08:51:53,24.1,61.2
07/10/2026,08:56:53,24.3,60.5
07/10/2026,09:01:53,24.5,60.4
07/10/2026,09:06:53,24.8,59.9
07/10/2026,09:11:53,25.1,59.9
07/10/2026,09:16:53,25.4,59.1
07/10/2026,09:21:53,25.7,58.5
07/10/2026,09:26:53,26.0,58.0
07/10/2026,09:31:53,26.3,57.5
07/10/2026,09:36:53,26.5,56.9
07/10/2026,09:41:53,26.7,56.2
07/10/2026,09:46:53,27.0,55.6
07/10/2026,09:51:53,27.3,54.9
07/10/2026,09:56:53,27.5,54.5
07/10/2026,10:01:53,27.8,53.9
07/10/2026,10:06:53,28.0,53.0
07/10/2026,10:11:53,28.2,52.4
07/10/2026,10:16:53,28.4,51.9
07/10/2026,10:21:53,28.7,51.1
07/10/2026,10:26:53,28.8,50.6
07/10/2026,10:31:53,29.1,49.6
07/10/2026,10:36:53,29.3,48.9
07/10/2026,10:41:53,29.5,49.2
07/10/2026,10:46:53,29.7,48.7
07/10/2026,10:51:53,29.9,47.4
07/10/2026,10:56:53,30.0,47.9
07/10/2026,11:01:53,30.3,47.5
07/10/2026,11:06:53,30.6,46.4
07/10/2026,11:11:53,30.7,45.8
07/10/2026,11:16:53,31.0,45.7
07/10/2026,11:21:53,31.1,45.5
07/10/2026,11:26:53,31.3,44.8
07/10/2026,11:31:53,31.4,43.9
07/10/2026,11:36:53,31.5,43.4
07/10/2026,11:41:53,31.5,43.3
07/10/2026,11:46:53,31.6,42.9
07/10/2026,11:51:53,32.0,42.3
07/10/2026,11:56:53,32.1,42.2
07/10/2026,12:01:53,32.2,42.4
07/10/2026,12:06:53,32.5,41.6
07/10/2026,12:11:53,32.5,41.1
07/10/2026,12:16:53,32.5,39.7
07/10/2026,12:21:53,32.7,40.0
07/10/2026,12:26:53,32.8,39.6
07/10/2026,12:31:53,33.1,39.0
07/10/2026,12:36:53,33.3,39.2
07/10/2026,12:41:53,33.4,38.0
07/10/2026,12:46:53,33.6,37.7
07/10/2026,12:51:53,33.6,37.7
07/10/2026,12:56:53,33.6,36.8
07/10/2026,13:01:53,33.6,36.8
07/10/2026,13:06:53,33.6,37.4
07/10/2026,13:11:53,33.8,37.0
07/10/2026,13:16:53,34.0,35.3
07/10/2026,13:21:53,33.9,36.0
07/10/2026,13:26:53,34.1,35.7
07/10/2026,13:31:53,34.3,34.9
07/10/2026,13:36:53,34.4,35.1
07/10/2026,13:41:53,34.5,35.0
07/10/2026,13:46:53,34.5,34.8
07/10/2026,13:51:53,34.7,34.5
07/10/2026,13:56:53,34.8,33.8
07/10/2026,14:01:53,35.2,33.4
07/10/2026,14:06:53,35.3,33.5
07/10/2026,14:11:53,35.4,32.8
07/10/2026,14:16:53,35.5,32.4
07/10/2026,14:21:53,35.5,33.3
07/10/2026,14:26:53,35.7,32.2
07/10/2026,14:31:53,35.7,32.4
07/10/2026,14:36:53,35.8,32.5
07/10/2026,14:41:53,35.8,32.1
07/10/2026,14:46:53,35.2,32.2
07/10/2026,14:51:53,35.0,32.3
07/10/2026,14:56:53,34.7,33.0
07/10/2026,15:01:53,34.6,32.6
07/10/2026,15:06:53,34.7,32.8
07/10/2026,15:11:53,34.9,32.9
07/10/2026,15:16:53,35.1,32.5
07/10/2026,15:21:53,35.4,32.7
07/10/2026,15:26:53,35.8,32.1
07/10/2026,15:31:53,36.0,31.8
07/10/2026,15:36:53,36.5,31.5
07/10/2026,15:41:53,36.7,31.1
07/10/2026,15:46:53,36.9,30.9
07/10/2026,15:51:53,37.1,30.7
07/10/2026,15:56:53,36.9,30.1
07/10/2026,16:01:53,36.6,30.2
07/10/2026,16:06:53,36.4,30.1
07/10/2026,16:11:53,36.1,30.2
07/10/2026,16:16:53,36.0,30.4
07/10/2026,16:21:53,35.7,31.0
07/10/2026,16:26:53,35.6,30.7
07/10/2026,16:31:53,35.5,30.4
07/10/2026,16:36:53,35.6,30.0
07/10/2026,16:41:53,35.6,30.1
07/10/2026,16:46:53,35.6,29.5
07/10/2026,16:51:53,35.4,29.4
07/10/2026,16:56:53,35.1,29.5
07/10/2026,17:01:53,34.9,29.5
07/10/2026,17:06:53,34.6,29.9
07/10/2026,17:11:53,34.5,30.1
07/10/2026,17:16:53,34.2,30.2
07/10/2026,17:21:53,34.0,30.9
07/10/2026,17:26:53,33.6,31.6
07/10/2026,17:31:53,33.4,31.8
07/10/2026,17:36:53,33.2,31.9
07/10/2026,17:41:53,32.9,32.0
07/10/2026,17:46:53,32.7,32.2
07/10/2026,17:51:53,32.5,32.3
07/10/2026,17:56:53,32.3,33.2
07/10/2026,18:01:53,32.2,34.3
07/10/2026,18:06:53,32.1,34.1
07/10/2026,18:11:53,31.9,34.8
07/10/2026,18:16:53,31.9,35.0
07/10/2026,18:21:53,31.8,35.0
07/10/2026,18:26:53,31.6,35.1
07/10/2026,18:31:53,31.4,35.3
07/10/2026,18:36:53,31.3,35.3
07/10/2026,18:41:53,31.2,35.1
07/10/2026,18:46:53,31.1,35.4
07/10/2026,18:51:53,31.0,35.4
07/10/2026,18:56:53,31.0,35.5
07/10/2026,19:01:53,30.9,35.4
07/10/2026,19:06:53,30.9,35.3
07/10/2026,19:11:53,31.2,35.4
07/10/2026,19:16:53,31.5,35.1
07/10/2026,19:21:53,31.8,35.1
07/10/2026,19:26:53,31.8,35.0
07/10/2026,19:31:53,31.7,34.9
07/10/2026,19:36:53,31.6,35.3
07/10/2026,19:41:53,31.5,35.5
07/10/2026,19:46:53,31.4,35.5
07/10/2026,19:51:53,31.1,35.7
07/10/2026,19:56:53,30.6,35.7
07/10/2026,20:01:53,30.2,36.0
07/10/2026,20:06:53,29.9,36.2
07/10/2026,20:11:53,29.7,36.3
07/10/2026,20:16:53,29.5,36.5
07/10/2026,20:21:53,29.3,36.8
07/10/2026,20:26:53,29.1,36.6
07/10/2026,20:31:53,28.8,37.0
07/10/2026,20:36:53,28.6,37.1
07/10/2026,20:41:53,28.4,37.3
07/10/2026,20:46:53,28.2,37.6
07/10/2026,20:51:53,28.0,37.9
07/10/2026,20:56:53,27.9,38.2
07/10/2026,21:01:53,27.8,38.5
07/10/2026,21:06:53,27.7,38.8
07/10/2026,21:11:53,27.5,39.2
07/10/2026,21:16:53,27.3,40.0
07/10/2026,21:21:53,27.0,40.4
07/10/2026,21:26:53,26.9,40.6
07/10/2026,21:31:53,26.6,40.8
07/10/2026,21:36:53,26.5,41.6
07/10/2026,21:41:53,26.3,41.7
07/10/2026,21:46:53,26.2,42.0
07/10/2026,21:51:53,26.0,42.6
07/10/2026,21:56:53,25.8,42.9
07/10/2026,22:01:53,25.7,43.2
07/10/2026,22:06:53,25.6,43.8
07/10/2026,22:11:53,25.4,44.3
07/10/2026,22:16:53,25.3,44.5
07/10/2026,22:21:53,25.2,45.0
07/10/2026,22:26:53,25.1,45.5
07/10/2026,22:31:53,24.9,46.1
07/10/2026,22:36:53,24.7,46.6
07/10/2026,22:41:53,24.6,47.0
07/10/2026,22:46:53,24.5,47.5
07/10/2026,22:51:53,24.4,47.8
07/10/2026,22:56:53,24.3,48.1
07/10/2026,23:01:53,24.2,48.7
07/10/2026,23:06:53,24.0,49.2
07/10/2026,23:11:53,23.9,49.6
07/10/2026,23:16:53,23.8,50.1
07/10/2026,23:21:53,23.7,50.1
07/10/2026,23:26:53,23.6,50.5
07/10/2026,23:31:53,23.5,51.0
07/10/2026,23:36:53,23.3,51.6
07/10/2026,23:41:53,23.2,52.0
07/10/2026,23:46:53,23.2,52.2
07/10/2026,23:51:53,23.1,52.6
07/10/2026,23:56:53,22.9,53.0
07/11/2026,00:01:53,22.8,53.2
07/11/2026,00:06:53,22.7,53.4
07/11/2026,00:11:53,22.6,53.8
07/11/2026,00:16:53,22.6,54.2
07/11/2026,00:21:53,22.4,54.6
07/11/2026,00:26:53,22.4,54.9
07/11/2026,00:31:53,22.3,55.1
07/11/2026,00:36:53,22.1,55.5
07/11/2026,00:41:53,22.0,55.9
07/11/2026,00:46:53,21.9,56.4
07/11/2026,00:51:53,21.8,56.8
07/11/2026,00:56:53,21.6,57.2
07/11/2026,01:01:53,21.6,57.6
07/11/2026,01:06:53,21.4,58.1
07/11/2026,01:11:53,21.3,58.6
07/11/2026,01:16:53,21.1,59.2
07/11/2026,01:21:53,21.0,59.7
07/11/2026,01:26:53,20.9,60.1
07/11/2026,01:31:53,20.8,60.5
07/11/2026,01:36:53,20.7,60.9
07/11/2026,01:41:53,20.6,61.2
07/11/2026,01:46:53,20.5,61.6
07/11/2026,01:51:53,20.4,61.8
07/11/2026,01:56:53,20.4,62.3
07/11/2026,02:01:53,20.3,62.8
07/11/2026,02:06:53,20.2,63.2
07/11/2026,02:11:53,20.1,63.7
07/11/2026,02:16:53,20.0,64.2
07/11/2026,02:21:53,20.0,64.6
07/11/2026,02:26:53,19.9,65.0
07/11/2026,02:31:53,19.9,65.3
07/11/2026,02:36:53,19.8,65.5
07/11/2026,02:41:53,19.8,65.6
07/11/2026,02:46:53,19.7,66.0
07/11/2026,02:51:53,19.6,66.6
07/11/2026,02:56:53,19.5,67.1
07/11/2026,03:01:53,19.4,67.4
07/11/2026,03:06:53,19.3,67.9
07/11/2026,03:11:53,19.2,68.0
07/11/2026,03:16:53,19.2,68.3
07/11/2026,03:21:53,19.2,68.5
07/11/2026,03:26:53,19.1,68.8
07/11/2026,03:31:53,19.1,68.9
07/11/2026,03:36:53,19.1,69.1
07/11/2026,03:41:53,19.1,69.6
07/11/2026,03:46:53,19.1,69.7
07/11/2026,03:51:53,19.0,70.1
07/11/2026,03:56:53,19.0,69.8
07/11/2026,04:01:53,19.0,70.3
07/11/2026,04:06:53,18.9,70.6
07/11/2026,04:11:53,18.7,70.5
07/11/2026,04:16:53,18.7,70.9
07/11/2026,04:21:53,18.6,71.4
07/11/2026,04:26:53,18.5,71.3
07/11/2026,04:31:53,18.5,71.5
07/11/2026,04:36:53,18.4,71.8
07/11/2026,04:41:53,18.3,72.1
07/11/2026,04:46:53,18.2,72.2
07/11/2026,04:51:53,18.1,73.1
07/11/2026,04:56:53,18.0,73.2
07/11/2026,05:01:53,18.0,73.3
07/11/2026,05:06:53,17.9,73.9
07/11/2026,05:11:53,17.9,74.4
07/11/2026,05:16:53,17.7,74.6
07/11/2026,05:21:53,17.7,75.2
07/11/2026,05:26:53,17.7,75.2
07/11/2026,05:31:53,17.7,75.4
07/11/2026,05:36:53,17.8,75.4
07/11/2026,05:41:53,17.8,75.7
07/11/2026,05:46:53,17.8,75.5
07/11/2026,05:51:53,17.9,74.8
07/11/2026,05:56:53,17.9,75.7
07/11/2026,06:01:53,17.9,75.8
07/11/2026,06:06:53,18.0,74.9
07/11/2026,06:11:53,18.1,75.8
07/11/2026,06:16:53,18.2,75.8
07/11/2026,06:21:53,18.2,75.8
07/11/2026,06:26:53,18.3,76.0
07/11/2026,06:31:53,18.3,76.0
07/11/2026,06:36:53,18.3,76.0
07/11/2026,06:41:53,18.4,76.1
07/11/2026,06:46:53,18.4,76.2
07/11/2026,06:51:53,18.4,76.0
07/11/2026,06:56:53,18.4,76.1
07/11/2026,07:01:53,18.5,76.2
07/11/2026,07:06:53,18.6,75.9
07/11/2026,07:11:53,18.7,75.6
07/11/2026,07:16:53,18.7,75.5
07/11/2026,07:21:53,18.9,75.1
07/11/2026,07:26:53,18.9,75.1
07/11/2026,07:31:53,19.0,75.4
07/11/2026,07:36:53,19.0,75.0
07/11/2026,07:41:53,19.0,74.7
07/11/2026,07:46:53,19.2,74.6
07/11/2026,07:51:53,19.2,74.5
07/11/2026,07:56:53,19.3,74.4
07/11/2026,08:01:53,19.4,74.2
07/11/2026,08:06:53,19.6,73.9
07/11/2026,08:11:53,19.8,73.4
07/11/2026,08:16:53,20.0,73.3
07/11/2026,08:21:53,20.2,72.7
07/11/2026,08:26:53,20.3,72.6
07/11/2026,08:31:53,20.4,72.3
07/11/2026,08:36:53,20.5,72.1
07/11/2026,08:41:53,20.6,71.9
07/11/2026,08:46:53,20.9,71.3
07/11/2026,08:51:53,21.2,70.7
07/11/2026,08:56:53,21.4,70.4
07/11/2026,09:01:53,21.7,69.6
07/11/2026,09:06:53,21.9,69.2
07/11/2026,09:11:53,22.0,68.7
07/11/2026,09:16:53,22.0,68.6
07/11/2026,09:21:53,22.0,68.7
07/11/2026,09:26:53,22.1,68.6
07/11/2026,09:31:53,22.3,68.2
07/11/2026,09:36:53,22.4,68.0
07/11/2026,09:41:53,22.5,67.9
07/11/2026,09:46:53,22.6,67.5
07/11/2026,09:51:53,22.8,67.5
07/11/2026,09:56:53,22.7,67.4
07/11/2026,10:01:53,22.8,67.0
07/11/2026,10:06:53,23.0,66.8
07/11/2026,10:11:53,23.2,66.5
07/11/2026,10:16:53,23.2,66.2
07/11/2026,10:21:53,23.2,66.5
07/11/2026,10:26:53,23.3,66.0
07/11/2026,10:31:53,23.1,66.4
07/11/2026,10:36:53,23.2,66.4
07/11/2026,10:41:53,23.4,65.9
07/11/2026,10:46:53,23.4,65.1
07/11/2026,10:51:53,23.6,65.3
07/11/2026,10:56:53,23.9,64.9
07/11/2026,11:01:53,24.3,64.2
07/11/2026,11:06:53,24.4,63.3
07/11/2026,11:11:53,24.4,62.7
07/11/2026,11:16:53,24.6,62.6
07/11/2026,11:21:53,24.7,62.2
07/11/2026,11:26:53,24.9,61.9
07/11/2026,11:31:53,25.3,61.0
07/11/2026,11:36:53,25.6,60.5
07/11/2026,11:41:53,25.8,58.9
07/11/2026,11:46:53,25.8,58.8
07/11/2026,11:51:53,26.0,58.3
07/11/2026,11:56:53,26.5,58.1
07/11/2026,12:01:53,26.7,57.0
07/11/2026,12:06:53,26.8,55.8
07/11/2026,12:11:53,27.0,55.2
07/11/2026,12:16:53,27.1,54.4
07/11/2026,12:21:53,27.1,53.5
07/11/2026,12:26:53,27.2,54.0
07/11/2026,12:31:53,27.5,53.1
07/11/2026,12:36:53,27.8,53.2
07/11/2026,12:41:53,28.1,52.2
07/11/2026,12:46:53,28.6,52.4
07/11/2026,12:51:53,29.1,51.2
07/11/2026,12:56:53,29.3,49.6
07/11/2026,13:01:53,29.2,50.1
07/11/2026,13:06:53,29.1,49.7
07/11/2026,13:11:53,29.5,49.6
07/11/2026,13:16:53,29.6,49.3
07/11/2026,13:21:53,29.6,48.7
07/11/2026,13:26:53,29.1,49.0
07/11/2026,13:31:53,29.2,48.6
07/11/2026,13:36:53,29.7,49.7
07/11/2026,13:41:53,30.1,47.2
07/11/2026,13:46:53,30.0,46.5
07/11/2026,13:51:53,30.1,46.8
07/11/2026,13:56:53,30.2,46.3
07/11/2026,14:01:53,30.3,46.2
07/11/2026,14:06:53,30.0,46.2
07/11/2026,14:11:53,30.2,46.3
07/11/2026,14:16:53,30.2,46.5
07/11/2026,14:21:53,30.3,45.5
07/11/2026,14:26:53,30.3,46.1
07/11/2026,14:31:53,30.4,45.6
07/11/2026,14:36:53,30.6,44.9
07/11/2026,14:41:53,30.6,45.7
07/11/2026,14:46:53,30.7,45.5
07/11/2026,14:51:53,30.8,45.4
07/11/2026,14:56:53,30.9,45.0
07/11/2026,15:01:53,30.8,44.8
07/11/2026,15:06:53,30.9,45.0
07/11/2026,15:11:53,31.0,45.6
07/11/2026,15:16:53,31.2,45.4
07/11/2026,15:21:53,31.2,45.4
07/11/2026,15:26:53,31.3,45.2
07/11/2026,15:31:53,31.2,45.3
07/11/2026,15:36:53,31.1,45.3
07/11/2026,15:41:53,31.3,45.1
07/11/2026,15:46:53,31.5,44.6
07/11/2026,15:51:53,31.3,45.1
07/11/2026,15:56:53,31.2,45.3
07/11/2026,16:01:53,31.4,44.7
07/11/2026,16:06:53,31.1,45.2
07/11/2026,16:11:53,31.2,45.0
07/11/2026,16:16:53,31.1,44.7
07/11/2026,16:21:53,31.3,44.8
07/11/2026,16:26:53,31.4,44.5
07/11/2026,16:31:53,31.3,44.4
07/11/2026,16:36:53,31.4,44.7
07/11/2026,16:41:53,31.4,44.3
07/11/2026,16:46:53,31.3,44.2
07/11/2026,16:51:53,31.0,44.4
07/11/2026,16:56:53,30.7,44.4
07/11/2026,17:01:53,30.2,45.4
07/11/2026,17:06:53,29.8,45.8
07/11/2026,17:11:53,29.4,46.1
07/11/2026,17:16:53,29.0,46.6
07/11/2026,17:21:53,28.8,47.1
07/11/2026,17:26:53,28.5,47.4
07/11/2026,17:31:53,28.2,48.2
07/11/2026,17:36:53,28.2,48.1
07/11/2026,17:41:53,28.1,48.2
07/11/2026,17:46:53,28.0,48.8
07/11/2026,17:51:53,27.9,49.0
07/11/2026,17:56:53,27.9,49.0
07/11/2026,18:01:53,27.8,49.4
07/11/2026,18:06:53,27.7,49.4
07/11/2026,18:11:53,27.6,49.5
07/11/2026,18:16:53,27.5,49.8
07/11/2026,18:21:53,27.4,49.8
07/11/2026,18:26:53,27.2,49.9
07/11/2026,18:31:53,27.2,49.8
07/11/2026,18:36:53,27.1,49.8
07/11/2026,18:41:53,27.0,50.1
07/11/2026,18:46:53,26.9,50.4
07/11/2026,18:51:53,27.0,50.4
07/11/2026,18:56:53,26.9,50.3
07/11/2026,19:01:53,26.9,50.2
07/11/2026,19:06:53,27.1,50.1
07/11/2026,19:11:53,27.5,49.7
07/11/2026,19:16:53,27.9,49.1
07/11/2026,19:21:53,28.1,49.0
07/11/2026,19:26:53,28.0,49.0
07/11/2026,19:31:53,27.9,49.0
07/11/2026,19:36:53,27.8,49.3
07/11/2026,19:41:53,27.6,49.3
07/11/2026,19:46:53,27.4,49.4
07/11/2026,19:51:53,27.0,49.7
07/11/2026,19:56:53,26.6,50.3
07/11/2026,20:01:53,26.2,51.1
07/11/2026,20:06:53,26.0,51.2
07/11/2026,20:11:53,25.8,51.4
07/11/2026,20:16:53,25.5,51.9
07/11/2026,20:21:53,25.3,52.4
07/11/2026,20:26:53,25.1,52.6
07/11/2026,20:31:53,24.9,53.0
07/11/2026,20:36:53,24.8,53.3
07/11/2026,20:41:53,24.5,53.7
07/11/2026,20:46:53,24.2,54.3
07/11/2026,20:51:53,24.0,54.8
07/11/2026,20:56:53,23.7,55.2
07/11/2026,21:01:53,23.4,55.8
07/11/2026,21:06:53,23.0,56.4
07/11/2026,21:11:53,22.8,57.0
07/11/2026,21:16:53,22.5,57.5
07/11/2026,21:21:53,22.2,58.2
07/11/2026,21:26:53,22.0,58.7
07/11/2026,21:31:53,21.8,59.1
07/11/2026,21:36:53,21.6,59.6
07/11/2026,21:41:53,21.4,60.2
07/11/2026,21:46:53,21.3,60.7
07/11/2026,21:51:53,21.0,61.4
07/11/2026,21:56:53,20.8,62.1
07/11/2026,22:01:53,20.7,62.4
07/11/2026,22:06:53,20.6,62.7
07/11/2026,22:11:53,20.5,62.8
07/11/2026,22:16:53,20.2,63.4
07/11/2026,22:21:53,20.2,63.7
07/11/2026,22:26:53,20.2,63.9
07/11/2026,22:31:53,20.1,64.2
07/11/2026,22:36:53,20.0,64.3
07/11/2026,22:41:53,20.0,64.7
07/11/2026,22:46:53,19.9,65.0
07/11/2026,22:51:53,19.9,65.1
07/11/2026,22:56:53,19.8,65.2
07/11/2026,23:01:53,19.8,65.3
07/11/2026,23:06:53,19.8,65.5
07/11/2026,23:11:53,19.8,65.6
07/11/2026,23:16:53,19.8,65.7
07/11/2026,23:21:53,19.8,65.8
07/11/2026,23:26:53,19.7,66.0
07/11/2026,23:31:53,19.6,66.2
07/11/2026,23:36:53,19.5,66.3
07/11/2026,23:41:53,19.4,66.5
07/11/2026,23:46:53,19.4,66.7
07/11/2026,23:51:53,19.5,66.7
07/11/2026,23:56:53,19.6,66.5
07/12/2026,00:01:53,19.5,66.4
07/12/2026,00:06:53,19.5,66.7
07/12/2026,00:11:53,19.5,67.0
07/12/2026,00:16:53,19.5,67.1
07/12/2026,00:21:53,19.4,67.3
07/12/2026,00:26:53,19.4,67.4
07/12/2026,00:31:53,19.4,67.5
07/12/2026,00:36:53,19.4,67.5
07/12/2026,00:41:53,19.4,67.7
07/12/2026,00:46:53,19.3,67.7
07/12/2026,00:51:53,19.3,67.8
07/12/2026,00:56:53,19.3,68.0
07/12/2026,01:01:53,19.3,68.0
07/12/2026,01:06:53,19.4,67.8
07/12/2026,01:11:53,19.3,68.1
07/12/2026,01:16:53,19.2,68.3
07/12/2026,01:21:53,19.2,68.2
07/12/2026,01:26:53,19.2,68.3
07/12/2026,01:31:53,19.2,68.4
07/12/2026,01:36:53,19.2,68.5
07/12/2026,01:41:53,19.3,68.4
07/12/2026,01:46:53,19.3,68.4
07/12/2026,01:51:53,19.3,68.2
07/12/2026,01:56:53,19.2,67.9
07/12/2026,02:01:53,19.2,67.8
07/12/2026,02:06:53,19.2,67.8
07/12/2026,02:11:53,19.1,67.9
07/12/2026,02:16:53,19.0,68.0
07/12/2026,02:21:53,19.0,68.0
07/12/2026,02:26:53,19.0,68.2
07/12/2026,02:31:53,18.9,68.3
07/12/2026,02:36:53,18.8,68.6
07/12/2026,02:41:53,18.8,68.7
07/12/2026,02:46:53,18.7,68.8
07/12/2026,02:51:53,18.7,68.9
07/12/2026,02:56:53,18.7,68.8
07/12/2026,03:01:53,18.6,69.0
07/12/2026,03:06:53,18.6,69.1
07/12/2026,03:11:53,18.6,69.1
07/12/2026,03:16:53,18.5,69.3
07/12/2026,03:21:53,18.6,69.4
07/12/2026,03:26:53,18.5,69.6
07/12/2026,03:31:53,18.5,69.8
07/12/2026,03:36:53,18.5,69.9
07/12/2026,03:41:53,18.5,69.8
07/12/2026,03:46:53,18.5,69.3
07/12/2026,03:51:53,18.5,70.0
07/12/2026,03:56:53,18.5,70.0
07/12/2026,04:01:53,18.5,70.0
07/12/2026,04:06:53,18.5,70.1
07/12/2026,04:11:53,18.5,70.0
07/12/2026,04:16:53,18.5,70.3
07/12/2026,04:21:53,18.5,70.2
07/12/2026,04:26:53,18.5,70.5
07/12/2026,04:31:53,18.5,70.3
07/12/2026,04:36:53,18.6,70.5
07/12/2026,04:41:53,18.6,70.5
07/12/2026,04:46:53,18.6,70.1
07/12/2026,04:51:53,18.6,70.3
07/12/2026,04:56:53,18.6,70.4
07/12/2026,05:01:53,18.6,70.4
07/12/2026,05:06:53,18.6,70.7
07/12/2026,05:11:53,18.6,70.9
07/12/2026,05:16:53,18.6,70.8
07/12/2026,05:21:53,18.6,70.8
07/12/2026,05:26:53,18.6,70.7
07/12/2026,05:31:53,18.7,70.1
07/12/2026,05:36:53,18.7,70.7
07/12/2026,05:41:53,18.7,70.9
07/12/2026,05:46:53,18.7,71.0
07/12/2026,05:51:53,18.7,71.1
07/12/2026,05:56:53,18.7,71.1
07/12/2026,06:01:53,18.7,71.4
07/12/2026,06:06:53,18.7,71.5
07/12/2026,06:11:53,18.8,71.6
07/12/2026,06:16:53,18.7,71.7
07/12/2026,06:21:53,18.8,71.5
07/12/2026,06:26:53,18.9,71.7
07/12/2026,06:31:53,18.9,71.7
07/12/2026,06:36:53,18.9,71.8
07/12/2026,06:41:53,18.9,71.9
07/12/2026,06:46:53,19.0,71.9
07/12/2026,06:51:53,19.1,71.9
07/12/2026,06:56:53,19.2,71.9
07/12/2026,07:01:53,19.2,71.9
07/12/2026,07:06:53,19.2,71.9
07/12/2026,07:11:53,19.3,72.0
07/12/2026,07:16:53,19.4,71.8
07/12/2026,07:21:53,19.4,71.8
07/12/2026,07:26:53,19.5,71.7
07/12/2026,07:31:53,19.6,71.4
07/12/2026,07:36:53,19.7,71.1
07/12/2026,07:41:53,19.9,70.9
07/12/2026,07:46:53,19.9,70.8
07/12/2026,07:51:53,20.0,70.7
07/12/2026,07:56:53,20.1,70.7
07/12/2026,08:01:53,20.2,70.4
07/12/2026,08:06:53,20.4,70.0
07/12/2026,08:11:53,20.5,70.0
07/12/2026,08:16:53,20.6,69.8
07/12/2026,08:21:53,20.7,69.5
07/12/2026,08:26:53,20.7,69.2
07/12/2026,08:31:53,20.8,69.0
07/12/2026,08:36:53,20.9,68.8
07/12/2026,08:41:53,21.1,68.7
07/12/2026,08:46:53,21.3,68.4
07/12/2026,08:51:53,21.5,68.1
07/12/2026,08:56:53,21.8,67.5
07/12/2026,09:01:53,22.0,66.8
07/12/2026,09:06:53,22.2,66.6
07/12/2026,09:11:53,22.4,66.1
07/12/2026,09:16:53,22.6,65.9
07/12/2026,09:21:53,22.9,65.0
07/12/2026,09:26:53,23.2,64.6
07/12/2026,09:31:53,23.3,64.1
07/12/2026,09:36:53,23.5,63.7
07/12/2026,09:41:53,23.8,63.2
07/12/2026,09:46:53,24.1,62.7
07/12/2026,09:51:53,24.3,61.9
07/12/2026,09:56:53,24.5,61.5
07/12/2026,10:01:53,24.5,60.8
07/12/2026,10:06:53,24.7,61.0
07/12/2026,10:11:53,24.9,60.1
07/12/2026,10:16:53,25.3,60.2
07/12/2026,10:21:53,25.4,58.5
07/12/2026,10:26:53,25.5,58.4
07/12/2026,10:31:53,25.8,57.4
07/12/2026,10:36:53,26.0,56.6
07/12/2026,10:41:53,26.2,55.8
07/12/2026,10:46:53,26.4,57.3
07/12/2026,10:51:53,26.7,55.4
07/12/2026,10:56:53,26.8,54.4
07/12/2026,11:01:53,27.0,53.7
07/12/2026,11:06:53,27.2,53.6
07/12/2026,11:11:53,27.4,50.8
07/12/2026,11:16:53,27.6,50.5
07/12/2026,11:21:53,27.7,50.3
07/12/2026,11:26:53,27.9,50.2
07/12/2026,11:31:53,27.9,49.6
07/12/2026,11:36:53,27.9,49.2
07/12/2026,11:41:53,28.0,48.7
07/12/2026,11:46:53,28.1,48.9
07/12/2026,11:51:53,28.6,48.0
07/12/2026,11:56:53,28.7,47.4
07/12/2026,12:01:53,29.0,47.1
07/12/2026,12:06:53,29.3,46.6
07/12/2026,12:11:53,29.5,45.5
07/12/2026,12:16:53,29.4,45.4
07/12/2026,12:21:53,29.7,44.9
07/12/2026,12:26:53,29.8,44.7
07/12/2026,12:31:53,30.1,43.9
07/12/2026,12:36:53,30.2,42.8
07/12/2026,12:41:53,30.0,43.0
07/12/2026,12:46:53,30.2,42.7
07/12/2026,12:51:53,30.2,42.8
07/12/2026,12:56:53,30.4,42.2
07/12/2026,13:01:53,30.3,41.8
07/12/2026,13:06:53,30.5,41.9
07/12/2026,13:11:53,30.5,42.4
07/12/2026,13:16:53,30.6,42.1
07/12/2026,13:21:53,30.8,42.4
07/12/2026,13:26:53,30.7,41.5
07/12/2026,13:31:53,30.6,41.4
07/12/2026,13:36:53,30.6,41.1
07/12/2026,13:41:53,31.0,40.1
07/12/2026,13:46:53,31.1,39.6
07/12/2026,13:51:53,31.2,38.8
07/12/2026,13:56:53,31.2,39.1
07/12/2026,14:01:53,31.2,38.1
07/12/2026,14:06:53,31.1,37.4
07/12/2026,14:11:53,31.2,37.9
07/12/2026,14:16:53,31.5,37.5
07/12/2026,14:21:53,31.6,37.1
07/12/2026,14:26:53,31.5,37.0
07/12/2026,14:31:53,31.6,37.3
07/12/2026,14:36:53,31.9,37.2
07/12/2026,14:41:53,32.1,36.3
07/12/2026,14:46:53,32.0,36.3
07/12/2026,14:51:53,32.2,35.2
07/12/2026,14:56:53,32.2,34.9
07/12/2026,15:01:53,32.3,35.0
07/12/2026,15:06:53,32.4,34.7
07/12/2026,15:11:53,32.4,35.0
07/12/2026,15:16:53,32.6,34.7
07/12/2026,15:21:53,32.6,35.1
07/12/2026,15:26:53,32.9,34.4
07/12/2026,15:31:53,33.0,34.3
07/12/2026,15:36:53,32.8,34.2
07/12/2026,15:41:53,32.8,34.2
07/12/2026,15:46:53,33.2,33.9
07/12/2026,15:51:53,33.2,33.9
07/12/2026,15:56:53,33.3,33.8
07/12/2026,16:01:53,33.0,33.4
07/12/2026,16:06:53,32.8,33.6
07/12/2026,16:11:53,32.7,34.3
07/12/2026,16:16:53,32.2,33.7
07/12/2026,16:21:53,32.1,33.8
07/12/2026,16:26:53,31.8,33.8
07/12/2026,16:31:53,31.6,33.9
07/12/2026,16:36:53,31.3,33.8
07/12/2026,16:41:53,31.2,33.8
07/12/2026,16:46:53,31.0,33.6
07/12/2026,16:51:53,30.8,33.2
07/12/2026,16:56:53,30.5,32.9
07/12/2026,17:01:53,30.2,32.8
07/12/2026,17:06:53,29.9,32.2
07/12/2026,17:11:53,29.7,32.1
07/12/2026,17:16:53,29.4,31.9
07/12/2026,17:21:53,29.2,31.3
07/12/2026,17:26:53,28.9,31.4
07/12/2026,17:31:53,28.8,31.3
07/12/2026,17:36:53,28.6,31.6
07/12/2026,17:41:53,28.4,31.9
07/12/2026,17:46:53,28.2,32.1
07/12/2026,17:51:53,28.0,32.4
07/12/2026,17:56:53,27.8,33.0
07/12/2026,18:01:53,27.7,33.3
07/12/2026,18:06:53,27.6,33.8
07/12/2026,18:11:53,27.5,34.2
07/12/2026,18:16:53,27.4,34.6
07/12/2026,18:21:53,27.3,34.8
07/12/2026,18:26:53,27.1,34.9
07/12/2026,18:31:53,27.0,35.1
07/12/2026,18:36:53,27.0,35.5
07/12/2026,18:41:53,27.0,35.7
07/12/2026,18:46:53,27.0,35.9
07/12/2026,18:51:53,26.9,36.4
07/12/2026,18:56:53,26.8,36.6
07/12/2026,19:01:53,26.7,36.8
07/12/2026,19:06:53,26.7,36.8
07/12/2026,19:11:53,26.8,36.8
07/12/2026,19:16:53,27.2,36.8
07/12/2026,19:21:53,27.3,36.0
07/12/2026,19:26:53,27.3,36.2
07/12/2026,19:31:53,27.3,36.2
07/12/2026,19:36:53,27.3,36.4
07/12/2026,19:41:53,27.0,36.6
07/12/2026,19:46:53,26.6,37.1
07/12/2026,19:51:53,26.2,37.6
07/12/2026,19:56:53,26.1,38.1
07/12/2026,20:01:53,25.8,38.7
07/12/2026,20:06:53,25.5,39.5
07/12/2026,20:11:53,25.2,40.4
07/12/2026,20:16:53,24.9,41.0
07/12/2026,20:21:53,24.6,41.6
07/12/2026,20:26:53,24.4,42.2
07/12/2026,20:31:53,24.4,42.5
07/12/2026,20:36:53,24.2,43.1
07/12/2026,20:41:53,23.9,43.5
07/12/2026,20:46:53,23.7,44.3
07/12/2026,20:51:53,23.4,44.8
07/12/2026,20:56:53,23.3,45.2
07/12/2026,21:01:53,23.1,45.7
07/12/2026,21:06:53,22.7,46.4
07/12/2026,21:11:53,22.6,46.8
07/12/2026,21:16:53,22.5,47.2
07/12/2026,21:21:53,22.4,47.5
07/12/2026,21:26:53,22.2,47.9
07/12/2026,21:31:53,22.0,48.2
07/12/2026,21:36:53,21.8,48.3
07/12/2026,21:41:53,21.7,48.7
07/12/2026,21:46:53,21.4,49.3
07/12/2026,21:51:53,21.2,49.9
07/12/2026,21:56:53,21.1,50.3
07/12/2026,22:01:53,21.0,50.6
07/12/2026,22:06:53,20.9,51.0
07/12/2026,22:11:53,20.8,51.5
07/12/2026,22:16:53,20.7,51.8
07/12/2026,22:21:53,20.5,52.1
07/12/2026,22:26:53,20.3,52.5
07/12/2026,22:31:53,20.1,52.8
07/12/2026,22:36:53,20.0,53.2
07/12/2026,22:41:53,19.9,53.7
07/12/2026,22:46:53,19.7,54.2
07/12/2026,22:51:53,19.6,54.7
07/12/2026,22:56:53,19.4,55.3
07/12/2026,23:01:53,19.2,55.8
07/12/2026,23:06:53,19.1,56.5
07/12/2026,23:11:53,19.0,57.0
07/12/2026,23:16:53,19.0,57.4
07/12/2026,23:21:53,18.9,58.1
07/12/2026,23:26:53,18.7,58.9
07/12/2026,23:31:53,18.6,59.4
07/12/2026,23:36:53,18.5,59.9
07/12/2026,23:41:53,18.5,60.3
07/12/2026,23:46:53,18.3,60.9
07/12/2026,23:51:53,18.2,61.4
07/12/2026,23:56:53,18.1,62.0
07/13/2026,00:01:53,18.0,62.7
07/13/2026,00:06:53,18.0,63.0
07/13/2026,00:11:53,18.0,63.3
07/13/2026,00:16:53,17.9,63.7
07/13/2026,00:21:53,17.8,64.1
07/13/2026,00:26:53,17.7,64.6
07/13/2026,00:31:53,17.6,65.0
07/13/2026,00:36:53,17.5,65.4
07/13/2026,00:41:53,17.5,65.6
07/13/2026,00:46:53,17.3,66.3
07/13/2026,00:51:53,17.3,66.5
07/13/2026,00:56:53,17.3,66.6
07/13/2026,01:01:53,17.3,66.9
07/13/2026,01:06:53,17.2,67.2
07/13/2026,01:11:53,17.1,67.4
07/13/2026,01:16:53,17.1,67.4
07/13/2026,01:21:53,17.1,67.7
07/13/2026,01:26:53,17.0,67.9
07/13/2026,01:31:53,17.0,68.0
07/13/2026,01:36:53,17.0,68.1
07/13/2026,01:41:53,16.9,67.9
07/13/2026,01:46:53,16.9,68.1
07/13/2026,01:51:53,16.8,68.4
07/13/2026,01:56:53,16.8,68.6
07/13/2026,02:01:53,16.6,68.9
07/13/2026,02:06:53,16.6,68.5
07/13/2026,02:11:53,16.6,68.9
07/13/2026,02:16:53,16.6,69.0
07/13/2026,02:21:53,16.5,69.2
07/13/2026,02:26:53,16.5,69.2
07/13/2026,02:31:53,16.3,69.3
07/13/2026,02:36:53,16.3,69.2
07/13/2026,02:41:53,16.2,69.8
07/13/2026,02:46:53,16.0,69.9
07/13/2026,02:51:53,16.0,70.0
07/13/2026,02:56:53,16.0,70.2
07/13/2026,03:01:53,16.0,70.2
07/13/2026,03:06:53,16.0,69.9
07/13/2026,03:11:53,16.0,70.0
07/13/2026,03:16:53,16.0,69.8
07/13/2026,03:21:53,16.1,69.6
07/13/2026,03:26:53,16.1,69.7
07/13/2026,03:31:53,16.1,70.0
07/13/2026,03:36:53,16.1,69.8
07/13/2026,03:41:53,16.2,69.4
07/13/2026,03:46:53,16.2,69.8
07/13/2026,03:51:53,16.3,70.3
07/13/2026,03:56:53,16.3,70.7
07/13/2026,04:01:53,16.3,70.8
07/13/2026,04:06:53,16.2,71.0
07/13/2026,04:11:53,16.3,71.4
07/13/2026,04:16:53,16.3,71.5
07/13/2026,04:21:53,16.3,71.9
07/13/2026,04:26:53,16.3,72.5
07/13/2026,04:31:53,16.3,73.3
07/13/2026,04:36:53,16.3,73.8
07/13/2026,04:41:53,16.4,73.8
07/13/2026,04:46:53,16.4,74.4
07/13/2026,04:51:53,16.4,74.7
07/13/2026,04:56:53,16.5,74.9
07/13/2026,05:01:53,16.5,75.2
07/13/2026,05:06:53,16.5,74.9
07/13/2026,05:11:53,16.6,75.4
07/13/2026,05:16:53,16.6,75.1
07/13/2026,05:21:53,16.6,75.7
07/13/2026,05:26:53,16.7,75.4
07/13/2026,05:31:53,16.7,75.2
07/13/2026,05:36:53,16.7,75.8
07/13/2026,05:41:53,16.7,75.9
07/13/2026,05:46:53,16.6,76.0
07/13/2026,05:51:53,16.7,76.1
07/13/2026,05:56:53,16.7,76.1
07/13/2026,06:01:53,16.7,75.9
07/13/2026,06:06:53,16.8,75.8
07/13/2026,06:11:53,16.8,75.8
07/13/2026,06:16:53,16.9,75.5
07/13/2026,06:21:53,16.9,75.6
07/13/2026,06:26:53,16.9,75.7
07/13/2026,06:31:53,16.9,75.8
07/13/2026,06:36:53,17.0,75.8
07/13/2026,06:41:53,17.0,75.8
07/13/2026,06:46:53,17.1,75.7
07/13/2026,06:51:53,17.2,75.5
07/13/2026,06:56:53,17.2,75.6
07/13/2026,07:01:53,17.3,75.4
07/13/2026,07:06:53,17.4,75.0
07/13/2026,07:11:53,17.5,75.1
07/13/2026,07:16:53,17.6,74.7
07/13/2026,07:21:53,17.8,74.5
07/13/2026,07:26:53,17.9,73.8
07/13/2026,07:31:53,18.0,73.8
07/13/2026,07:36:53,18.2,73.5
07/13/2026,07:41:53,18.3,73.4
07/13/2026,07:46:53,18.5,73.0
07/13/2026,07:51:53,18.7,72.6
07/13/2026,07:56:53,18.6,72.7
07/13/2026,08:01:53,18.7,72.3
07/13/2026,08:06:53,18.7,72.7
07/13/2026,08:11:53,18.7,72.8
07/13/2026,08:16:53,18.8,72.7
07/13/2026,08:21:53,18.9,72.5
07/13/2026,08:26:53,19.0,72.2
07/13/2026,08:31:53,19.1,72.0
07/13/2026,08:36:53,19.1,71.9
07/13/2026,08:41:53,19.2,71.5
07/13/2026,08:46:53,19.2,71.4
07/13/2026,08:51:53,19.2,71.3
07/13/2026,08:56:53,19.2,71.0
07/13/2026,09:01:53,19.2,71.1
07/13/2026,09:06:53,19.2,71.2
07/13/2026,09:11:53,19.3,70.9
07/13/2026,09:16:53,19.3,70.9
07/13/2026,09:21:53,19.3,70.7
07/13/2026,09:26:53,19.3,70.7
07/13/2026,09:31:53,19.3,70.6
07/13/2026,09:36:53,19.3,70.2
07/13/2026,09:41:53,19.3,70.2
07/13/2026,09:46:53,19.3,70.1
07/13/2026,09:51:53,19.4,69.9
07/13/2026,09:56:53,19.5,69.8
07/13/2026,10:01:53,19.5,69.6
07/13/2026,10:06:53,19.5,69.6
07/13/2026,10:11:53,19.6,69.3
07/13/2026,10:16:53,19.7,69.1
07/13/2026,10:21:53,19.7,69.0
07/13/2026,10:26:53,19.7,69.0
07/13/2026,10:31:53,19.7,68.9
07/13/2026,10:36:53,19.7,68.9
07/13/2026,10:41:53,19.7,68.9
07/13/2026,10:46:53,19.8,68.6
07/13/2026,10:51:53,19.8,68.6
07/13/2026,10:56:53,19.8,68.7
07/13/2026,11:01:53,19.9,68.6
07/13/2026,11:06:53,20.0,68.3
07/13/2026,11:11:53,20.2,68.0
07/13/2026,11:16:53,20.4,67.7
07/13/2026,11:21:53,20.5,67.3
07/13/2026,11:26:53,20.8,66.8
07/13/2026,11:31:53,20.9,66.3
07/13/2026,11:36:53,21.3,65.8
07/13/2026,11:41:53,21.4,65.0
07/13/2026,11:46:53,21.6,64.8
07/13/2026,11:51:53,21.7,64.8
07/13/2026,11:56:53,22.1,64.1
07/13/2026,12:01:53,22.5,63.4
07/13/2026,12:06:53,22.8,62.8
07/13/2026,12:11:53,23.4,62.2
07/13/2026,12:16:53,23.5,61.4
07/13/2026,12:21:53,23.7,60.6
07/13/2026,12:26:53,23.8,60.6
07/13/2026,12:31:53,24.3,59.8
07/13/2026,12:36:53,24.8,58.7
07/13/2026,12:41:53,25.4,57.8
07/13/2026,12:46:53,25.8,56.6
07/13/2026,12:51:53,25.8,55.6
07/13/2026,12:56:53,25.7,55.3
07/13/2026,13:01:53,25.8,55.6
07/13/2026,13:06:53,25.8,54.8
07/13/2026,13:11:53,25.6,55.1
07/13/2026,13:16:53,25.5,55.1
07/13/2026,13:21:53,25.8,54.7
07/13/2026,13:26:53,26.1,54.1
07/13/2026,13:31:53,26.5,53.5
07/13/2026,13:36:53,27.0,52.7
07/13/2026,13:41:53,27.2,52.6
07/13/2026,13:46:53,27.6,51.0
07/13/2026,13:51:53,27.7,50.8
07/13/2026,13:56:53,28.0,50.1
07/13/2026,14:01:53,28.4,50.0
07/13/2026,14:06:53,28.7,49.0
07/13/2026,14:11:53,28.9,48.7
07/13/2026,14:16:53,29.1,48.1
07/13/2026,14:21:53,28.8,47.6
07/13/2026,14:26:53,28.8,47.2
07/13/2026,14:31:53,28.7,47.5
07/13/2026,14:36:53,29.0,47.2
07/13/2026,14:41:53,29.2,46.6
07/13/2026,14:46:53,29.4,46.5
07/13/2026,14:51:53,29.3,46.9
07/13/2026,14:56:53,29.6,46.1
07/13/2026,15:01:53,29.7,45.9
07/13/2026,15:06:53,29.5,46.3
07/13/2026,15:11:53,29.8,46.0
07/13/2026,15:16:53,30.1,45.5
07/13/2026,15:21:53,30.1,45.7
07/13/2026,15:26:53,30.2,45.3
07/13/2026,15:31:53,30.1,45.6
07/13/2026,15:36:53,30.4,45.1
07/13/2026,15:41:53,30.5,45.1
07/13/2026,15:46:53,30.4,45.0
07/13/2026,15:51:53,30.4,45.5
07/13/2026,15:56:53,30.8,45.1
07/13/2026,16:01:53,30.9,44.7
07/13/2026,16:06:53,30.8,45.1
07/13/2026,16:11:53,30.6,45.1
07/13/2026,16:16:53,30.1,45.5
07/13/2026,16:21:53,29.8,46.4
07/13/2026,16:26:53,30.4,45.9
07/13/2026,16:31:53,30.2,45.8
07/13/2026,16:36:53,30.1,46.1
07/13/2026,16:41:53,29.8,46.4
07/13/2026,16:46:53,29.5,46.8
07/13/2026,16:51:53,29.1,47.5
07/13/2026,16:56:53,28.8,47.7
07/13/2026,17:01:53,28.2,48.6
07/13/2026,17:06:53,28.0,49.0
07/13/2026,17:11:53,27.7,49.8
07/13/2026,17:16:53,27.5,50.2
07/13/2026,17:21:53,27.3,50.5
07/13/2026,17:26:53,27.0,50.9
07/13/2026,17:31:53,26.7,51.4
07/13/2026,17:36:53,26.5,51.9
07/13/2026,17:41:53,26.3,52.4
07/13/2026,17:46:53,26.2,52.7
07/13/2026,17:51:53,26.0,53.2
07/13/2026,17:56:53,25.9,53.5
07/13/2026,18:01:53,25.6,54.2
07/13/2026,18:06:53,25.5,54.5
07/13/2026,18:11:53,25.3,55.0
07/13/2026,18:16:53,25.1,55.3
07/13/2026,18:21:53,25.1,55.8
07/13/2026,18:26:53,25.0,55.9
07/13/2026,18:31:53,25.0,56.0
07/13/2026,18:36:53,25.1,56.1
07/13/2026,18:41:53,25.0,56.1
07/13/2026,18:46:53,25.0,56.2
07/13/2026,18:51:53,24.8,56.6
07/13/2026,18:56:53,24.6,56.8
07/13/2026,19:01:53,24.5,57.1
07/13/2026,19:06:53,24.3,57.5
07/13/2026,19:11:53,24.2,57.7
07/13/2026,19:16:53,24.0,58.0
07/13/2026,19:21:53,24.0,58.1
07/13/2026,19:26:53,24.0,58.3
07/13/2026,19:31:53,23.9,58.4
07/13/2026,19:36:53,23.8,58.5
07/13/2026,19:41:53,23.7,58.8
07/13/2026,19:46:53,23.6,59.1
07/13/2026,19:51:53,23.3,59.5
07/13/2026,19:56:53,23.2,59.8
07/13/2026,20:01:53,23.1,60.2
07/13/2026,20:06:53,23.0,60.5
07/13/2026,20:11:53,22.8,60.7
07/13/2026,20:16:53,22.7,61.1
07/13/2026,20:21:53,22.5,61.4
07/13/2026,20:26:53,22.2,61.8
07/13/2026,20:31:53,22.1,62.3
07/13/2026,20:36:53,21.9,62.5
07/13/2026,20:41:53,21.7,63.0
07/13/2026,20:46:53,21.7,63.2
07/13/2026,20:51:53,21.5,63.5
07/13/2026,20:56:53,21.4,63.7
07/13/2026,21:01:53,21.1,64.2
07/13/2026,21:06:53,20.8,64.8
07/13/2026,21:11:53,20.7,65.2
07/13/2026,21:16:53,20.6,65.6
07/13/2026,21:21:53,20.6,65.7
07/13/2026,21:26:53,20.4,66.3
07/13/2026,21:31:53,20.3,66.6
07/13/2026,21:36:53,20.1,67.0
07/13/2026,21:41:53,20.0,67.3
07/13/2026,21:46:53,19.9,67.6
07/13/2026,21:51:53,19.8,67.9
07/13/2026,21:56:53,19.7,68.3
07/13/2026,22:01:53,19.6,68.5
07/13/2026,22:06:53,19.4,69.0
07/13/2026,22:11:53,19.4,69.3
07/13/2026,22:16:53,19.3,69.5
07/13/2026,22:21:53,19.2,69.8
07/13/2026,22:26:53,19.1,70.1
07/13/2026,22:31:53,18.9,70.4
07/13/2026,22:36:53,18.8,70.7
07/13/2026,22:41:53,18.8,71.0
07/13/2026,22:46:53,18.7,71.2
07/13/2026,22:51:53,18.5,71.4
07/13/2026,22:56:53,18.5,71.7
07/13/2026,23:01:53,18.4,71.9
07/13/2026,23:06:53,18.3,72.1
07/13/2026,23:11:53,18.3,72.3
07/13/2026,23:16:53,18.2,72.4
07/13/2026,23:21:53,18.1,72.5
07/13/2026,23:26:53,18.1,72.7
07/13/2026,23:31:53,18.0,72.8
07/13/2026,23:36:53,17.9,73.0
07/13/2026,23:41:53,17.9,73.2
07/13/2026,23:46:53,17.8,73.4
07/13/2026,23:51:53,17.7,73.6
07/13/2026,23:56:53,17.6,73.8
07/14/2026,00:01:53,17.5,74.0
07/14/2026,00:06:53,17.4,74.4
07/14/2026,00:11:53,17.4,74.6
07/14/2026,00:16:53,17.3,74.8
07/14/2026,00:21:53,17.2,74.9
07/14/2026,00:26:53,17.2,75.1
07/14/2026,00:31:53,17.2,75.3
07/14/2026,00:36:53,17.1,75.4
07/14/2026,00:41:53,17.1,75.6
07/14/2026,00:46:53,17.1,75.9
07/14/2026,00:51:53,17.0,76.1
07/14/2026,00:56:53,17.0,76.5
07/14/2026,01:01:53,17.0,76.7
07/14/2026,01:06:53,17.0,77.0
07/14/2026,01:11:53,16.9,77.1
07/14/2026,01:16:53,16.9,77.1
07/14/2026,01:21:53,16.9,77.2
07/14/2026,01:26:53,16.9,77.3
07/14/2026,01:31:53,16.9,77.4
07/14/2026,01:36:53,16.8,77.5
07/14/2026,01:41:53,16.8,77.6
07/14/2026,01:46:53,16.8,77.6
07/14/2026,01:51:53,16.8,77.7
07/14/2026,01:56:53,16.7,77.8
07/14/2026,02:01:53,16.7,77.9
07/14/2026,02:06:53,16.8,78.0
07/14/2026,02:11:53,16.7,78.0
07/14/2026,02:16:53,16.7,78.1
07/14/2026,02:21:53,16.7,78.2
07/14/2026,02:26:53,16.7,78.3
07/14/2026,02:31:53,16.6,78.3
07/14/2026,02:36:53,16.6,78.3
07/14/2026,02:41:53,16.6,78.3
07/14/2026,02:46:53,16.6,78.4
07/14/2026,02:51:53,16.5,78.4
07/14/2026,02:56:53,16.5,78.6
07/14/2026,03:01:53,16.5,78.6
07/14/2026,03:06:53,16.5,78.8
07/14/2026,03:11:53,16.5,78.9
07/14/2026,03:16:53,16.5,79.0
07/14/2026,03:21:53,16.5,79.1
07/14/2026,03:26:53,16.5,79.5
07/14/2026,03:31:53,16.5,79.7
07/14/2026,03:36:53,16.5,80.0
07/14/2026,03:41:53,16.6,80.1
07/14/2026,03:46:53,16.7,80.1
07/14/2026,03:51:53,16.7,80.1
07/14/2026,03:56:53,16.8,80.0
07/14/2026,04:01:53,16.8,80.0
07/14/2026,04:06:53,16.9,80.0
07/14/2026,04:11:53,16.9,79.8
07/14/2026,04:16:53,16.9,79.9
07/14/2026,04:21:53,16.9,79.9
07/14/2026,04:26:53,17.0,79.7
07/14/2026,04:31:53,17.0,79.7
07/14/2026,04:36:53,17.0,79.9
07/14/2026,04:41:53,17.0,79.7
07/14/2026,04:46:53,17.0,79.7
07/14/2026,04:51:53,17.1,79.6
07/14/2026,04:56:53,17.1,79.7
07/14/2026,05:01:53,17.1,79.6
07/14/2026,05:06:53,17.1,79.6
07/14/2026,05:11:53,17.1,79.3
07/14/2026,05:16:53,17.2,79.1
07/14/2026,05:21:53,17.2,78.7
07/14/2026,05:26:53,17.2,78.9
07/14/2026,05:31:53,17.2,79.0
07/14/2026,05:36:53,17.3,78.7
07/14/2026,05:41:53,17.3,78.8
07/14/2026,05:46:53,17.3,78.9
07/14/2026,05:51:53,17.3,79.0
07/14/2026,05:56:53,17.3,78.9
07/14/2026,06:01:53,17.4,79.0
07/14/2026,06:06:53,17.4,78.9
07/14/2026,06:11:53,17.4,79.0
07/14/2026,06:16:53,17.4,79.0
07/14/2026,06:21:53,17.5,79.0
07/14/2026,06:26:53,17.5,78.9
07/14/2026,06:31:53,17.6,78.8
07/14/2026,06:36:53,17.6,78.8
07/14/2026,06:41:53,17.6,78.7
07/14/2026,06:46:53,17.6,78.9
07/14/2026,06:51:53,17.7,78.9
07/14/2026,06:56:53,17.7,78.8
07/14/2026,07:01:53,17.7,78.9
07/14/2026,07:06:53,17.7,78.8
07/14/2026,07:11:53,17.8,78.8
07/14/2026,07:16:53,17.8,79.0
07/14/2026,07:21:53,17.8,79.0
07/14/2026,07:26:53,17.8,78.9
07/14/2026,07:31:53,17.9,78.9
07/14/2026,07:36:53,17.9,79.1
07/14/2026,07:41:53,17.9,79.2
07/14/2026,07:46:53,18.0,79.3
07/14/2026,07:51:53,18.0,79.1
07/14/2026,07:56:53,18.0,79.0
07/14/2026,08:01:53,18.0,78.9
07/14/2026,08:06:53,18.1,78.9
07/14/2026,08:11:53,18.1,79.0
07/14/2026,08:16:53,18.1,78.9
07/14/2026,08:21:53,18.2,78.6
07/14/2026,08:26:53,18.3,78.5
07/14/2026,08:31:53,18.4,78.3
07/14/2026,08:36:53,18.5,78.1
07/14/2026,08:41:53,18.6,77.9
07/14/2026,08:46:53,18.7,77.8
07/14/2026,08:51:53,18.8,77.6
07/14/2026,08:56:53,18.9,77.4
07/14/2026,09:01:53,19.0,77.1
07/14/2026,09:06:53,19.1,76.6
07/14/2026,09:11:53,19.2,76.4
07/14/2026,09:16:53,19.4,76.2
07/14/2026,09:21:53,19.4,76.2
07/14/2026,09:26:53,19.5,76.1
07/14/2026,09:31:53,19.7,75.9
07/14/2026,09:36:53,19.7,75.9
07/14/2026,09:41:53,19.6,75.8
07/14/2026,09:46:53,19.6,76.0
07/14/2026,09:51:53,19.5,76.2
07/14/2026,09:56:53,19.5,76.1
07/14/2026,10:01:53,19.4,76.3
07/14/2026,10:06:53,19.4,76.3
07/14/2026,10:11:53,19.4,76.4
07/14/2026,10:16:53,19.3,76.8
07/14/2026,10:21:53,19.3,76.7
07/14/2026,10:26:53,19.4,76.8
07/14/2026,10:31:53,19.4,76.7
07/14/2026,10:36:53,19.5,76.4
07/14/2026,10:41:53,19.5,76.3
07/14/2026,10:46:53,19.5,76.3
07/14/2026,10:51:53,19.6,76.2
07/14/2026,10:56:53,19.6,76.1
07/14/2026,11:01:53,19.5,76.0
07/14/2026,11:06:53,19.6,76.0
07/14/2026,11:11:53,19.7,75.9
07/14/2026,11:16:53,19.7,76.0
07/14/2026,11:21:53,19.8,75.6
07/14/2026,11:26:53,19.9,75.4
07/14/2026,11:31:53,19.9,75.5
07/14/2026,11:36:53,20.0,75.3
07/14/2026,11:41:53,20.1,75.0
07/14/2026,11:46:53,20.1,74.9
07/14/2026,11:51:53,20.2,74.9
07/14/2026,11:56:53,20.3,74.7
07/14/2026,12:01:53,20.4,74.5
07/14/2026,12:06:53,20.5,74.1
07/14/2026,12:11:53,20.7,73.9
07/14/2026,12:16:53,20.8,73.6
07/14/2026,12:21:53,21.1,73.2
07/14/2026,12:26:53,21.5,72.7
07/14/2026,12:31:53,21.7,71.9
07/14/2026,12:36:53,21.9,71.6
07/14/2026,12:41:53,22.1,71.0
07/14/2026,12:46:53,22.3,70.8
07/14/2026,12:51:53,22.8,69.9
07/14/2026,12:56:53,23.3,69.1
07/14/2026,13:01:53,23.8,68.3
07/14/2026,13:06:53,24.0,67.0
07/14/2026,13:11:53,24.3,66.4
07/14/2026,13:16:53,24.6,65.7
07/14/2026,13:21:53,24.8,64.8
07/14/2026,13:26:53,25.2,64.6
07/14/2026,13:31:53,25.7,64.1
07/14/2026,13:36:53,26.3,62.4
07/14/2026,13:41:53,26.3,61.7
07/14/2026,13:46:53,26.8,61.1
07/14/2026,13:51:53,27.0,59.8
07/14/2026,13:56:53,27.3,59.3
07/14/2026,14:01:53,27.6,58.3
07/14/2026,14:06:53,27.8,57.6
07/14/2026,14:11:53,28.0,57.8
07/14/2026,14:16:53,28.3,56.4
07/14/2026,14:21:53,28.6,55.8
07/14/2026,14:26:53,28.9,54.9
07/14/2026,14:31:53,29.0,54.3
07/14/2026,14:36:53,29.1,53.8
07/14/2026,14:41:53,29.2,53.6
07/14/2026,14:46:53,29.4,52.9
07/14/2026,14:51:53,29.5,52.8
07/14/2026,14:56:53,29.5,52.5
07/14/2026,15:01:53,29.8,52.3
07/14/2026,15:06:53,30.0,51.4
07/14/2026,15:11:53,29.9,51.6
07/14/2026,15:16:53,29.9,51.1
07/14/2026,15:21:53,30.0,51.1
07/14/2026,15:26:53,30.1,50.8
07/14/2026,15:31:53,30.3,50.4
07/14/2026,15:36:53,30.4,50.0
07/14/2026,15:41:53,30.4,49.8
07/14/2026,15:46:53,30.3,49.9
07/14/2026,15:51:53,30.4,49.5
07/14/2026,15:56:53,30.6,49.1
07/14/2026,16:01:53,30.6,49.4
07/14/2026,16:06:53,30.7,48.6
07/14/2026,16:11:53,30.5,48.5
07/14/2026,16:16:53,30.2,48.6
07/14/2026,16:21:53,30.2,48.8
07/14/2026,16:26:53,30.5,48.6
07/14/2026,16:31:53,30.5,48.4
07/14/2026,16:36:53,30.3,48.3
07/14/2026,16:41:53,30.0,48.5
07/14/2026,16:46:53,29.8,48.9
07/14/2026,16:51:53,29.6,49.0
07/14/2026,16:56:53,29.3,49.5
07/14/2026,17:01:53,28.7,50.3
07/14/2026,17:06:53,28.5,50.8
07/14/2026,17:11:53,28.3,51.2
07/14/2026,17:16:53,28.1,51.3
07/14/2026,17:21:53,27.8,51.7
07/14/2026,17:26:53,27.6,52.0
07/14/2026,17:31:53,27.6,52.0
07/14/2026,17:36:53,27.3,52.2
07/14/2026,17:41:53,27.2,52.2
07/14/2026,17:46:53,27.1,52.4
07/14/2026,17:51:53,26.8,53.0
07/14/2026,17:56:53,26.6,53.1
07/14/2026,18:01:53,26.4,53.6
07/14/2026,18:06:53,26.3,54.0
07/14/2026,18:11:53,26.3,54.2
07/14/2026,18:16:53,26.2,54.1
07/14/2026,18:21:53,26.1,54.4
07/14/2026,18:26:53,26.0,54.8
07/14/2026,18:31:53,25.8,55.4
07/14/2026,18:36:53,25.7,55.7
07/14/2026,18:41:53,25.4,56.4
07/14/2026,18:46:53,25.4,56.8
07/14/2026,18:51:53,25.4,57.0
07/14/2026,18:56:53,25.4,57.1
07/14/2026,19:01:53,25.3,57.1
07/14/2026,19:06:53,25.4,57.0
07/14/2026,19:11:53,25.7,56.6
07/14/2026,19:16:53,25.9,56.2
07/14/2026,19:21:53,26.0,56.2
07/14/2026,19:26:53,26.1,56.1
07/14/2026,19:31:53,25.8,56.2
07/14/2026,19:36:53,25.6,56.9
07/14/2026,19:41:53,25.4,57.3
07/14/2026,19:46:53,25.2,57.5
07/14/2026,19:51:53,24.8,58.1
07/14/2026,19:56:53,24.6,58.6
07/14/2026,20:01:53,24.4,59.1
07/14/2026,20:06:53,24.1,59.8
07/14/2026,20:11:53,23.9,60.3
07/14/2026,20:16:53,23.7,60.7
07/14/2026,20:21:53,23.5,61.2
07/14/2026,20:26:53,23.3,61.8
07/14/2026,20:31:53,23.0,62.4
07/14/2026,20:36:53,22.9,62.8
07/14/2026,20:41:53,22.8,63.2
07/14/2026,20:46:53,22.7,63.6
07/14/2026,20:51:53,22.5,64.0
07/14/2026,20:56:53,22.4,64.4
07/14/2026,21:01:53,22.3,64.7
07/14/2026,21:06:53,22.1,65.0
07/14/2026,21:11:53,22.0,65.4
07/14/2026,21:16:53,21.8,65.7
07/14/2026,21:21:53,21.6,66.2
07/14/2026,21:26:53,21.5,66.6
07/14/2026,21:31:53,21.4,66.9
07/14/2026,21:36:53,21.2,67.2
07/14/2026,21:41:53,21.2,67.4
07/14/2026,21:46:53,21.1,67.8
07/14/2026,21:51:53,20.9,68.0
07/14/2026,21:56:53,20.8,68.3
07/14/2026,22:01:53,20.7,68.5
07/14/2026,22:06:53,20.5,69.1
07/14/2026,22:11:53,20.4,69.4
07/14/2026,22:16:53,20.3,69.7
07/14/2026,22:21:53,20.3,69.9
07/14/2026,22:26:53,20.2,70.1
07/14/2026,22:31:53,20.1,70.4
07/14/2026,22:36:53,20.0,70.7
07/14/2026,22:41:53,19.9,71.1
07/14/2026,22:46:53,19.8,71.3
07/14/2026,22:51:53,19.7,71.5
07/14/2026,22:56:53,19.6,71.7
07/14/2026,23:01:53,19.4,72.0
07/14/2026,23:06:53,19.4,72.3
07/14/2026,23:11:53,19.3,72.5
07/14/2026,23:16:53,19.2,72.8
07/14/2026,23:21:53,19.2,72.8
07/14/2026,23:26:53,19.1,73.0
07/14/2026,23:31:53,19.0,73.1
07/14/2026,23:36:53,19.0,73.3
07/14/2026,23:41:53,18.9,73.5
07/14/2026,23:46:53,18.8,73.7
07/14/2026,23:51:53,18.7,73.9
07/14/2026,23:56:53,18.7,74.2
07/15/2026,00:01:53,18.6,74.4
07/15/2026,00:06:53,18.5,74.6
07/15/2026,00:11:53,18.5,74.8
07/15/2026,00:16:53,18.4,74.8
07/15/2026,00:21:53,18.4,75.0
07/15/2026,00:26:53,18.4,75.1
07/15/2026,00:31:53,18.3,75.2
07/15/2026,00:36:53,18.3,75.4
07/15/2026,00:41:53,18.3,75.5
07/15/2026,00:46:53,18.1,75.6
07/15/2026,00:51:53,18.1,75.8
07/15/2026,00:56:53,18.1,75.9
07/15/2026,01:01:53,18.0,76.1
07/15/2026,01:06:53,18.0,76.1
07/15/2026,01:11:53,18.0,76.1
07/15/2026,01:16:53,18.0,76.3
07/15/2026,01:21:53,17.9,76.4
07/15/2026,01:26:53,17.9,76.4
07/15/2026,01:31:53,17.9,76.4
07/15/2026,01:36:53,17.8,76.5
07/15/2026,01:41:53,17.8,76.5
07/15/2026,01:46:53,17.7,76.7
07/15/2026,01:51:53,17.6,76.8
07/15/2026,01:56:53,17.5,77.2
07/15/2026,02:01:53,17.5,77.3
07/15/2026,02:06:53,17.5,77.3
07/15/2026,02:11:53,17.4,77.5
07/15/2026,02:16:53,17.3,78.0
07/15/2026,02:21:53,17.3,78.1
07/15/2026,02:26:53,17.2,78.1
07/15/2026,02:31:53,17.2,78.2
07/15/2026,02:36:53,17.2,78.5
07/15/2026,02:41:53,17.2,78.3
07/15/2026,02:46:53,17.3,78.4
07/15/2026,02:51:53,17.3,78.6
07/15/2026,02:56:53,17.4,78.6
07/15/2026,03:01:53,17.4,78.5
07/15/2026,03:06:53,17.5,78.5
07/15/2026,03:11:53,17.5,78.7
07/15/2026,03:16:53,17.5,78.7
07/15/2026,03:21:53,17.6,78.8
07/15/2026,03:26:53,17.6,78.8
07/15/2026,03:31:53,17.6,78.8
07/15/2026,03:36:53,17.6,78.6
07/15/2026,03:41:53,17.6,78.8
07/15/2026,03:46:53,17.7,78.5
07/15/2026,03:51:53,17.7,78.9
07/15/2026,03:56:53,17.7,78.9
07/15/2026,04:01:53,17.7,78.6
07/15/2026,04:06:53,17.8,78.8
07/15/2026,04:11:53,17.8,78.7
07/15/2026,04:16:53,17.8,78.1
07/15/2026,04:21:53,17.9,78.7
07/15/2026,04:26:53,17.9,78.8
07/15/2026,04:31:53,18.0,79.0
07/15/2026,04:36:53,18.0,78.7
07/15/2026,04:41:53,18.0,78.5
07/15/2026,04:46:53,18.0,78.9
07/15/2026,04:51:53,18.0,78.8
07/15/2026,04:56:53,18.0,78.4
07/15/2026,05:01:53,18.1,78.8
07/15/2026,05:06:53,18.1,78.8
07/15/2026,05:11:53,18.2,78.6
07/15/2026,05:16:53,18.1,78.4
07/15/2026,05:21:53,18.2,79.1
07/15/2026,05:26:53,18.2,78.9
07/15/2026,05:31:53,18.2,78.0
07/15/2026,05:36:53,18.2,78.9
07/15/2026,05:41:53,18.3,78.6
07/15/2026,05:46:53,18.3,78.8
07/15/2026,05:51:53,18.3,78.7
07/15/2026,05:56:53,18.3,78.8
07/15/2026,06:01:53,18.3,78.7
07/15/2026,06:06:53,18.3,78.4
07/15/2026,06:11:53,18.3,78.6
07/15/2026,06:16:53,18.3,78.4
07/15/2026,06:21:53,18.4,78.5
07/15/2026,06:26:53,18.4,78.6
07/15/2026,06:31:53,18.4,78.5
07/15/2026,06:36:53,18.4,78.4
07/15/2026,06:41:53,18.4,78.2
07/15/2026,06:46:53,18.4,78.1
07/15/2026,06:51:53,18.4,78.0
07/15/2026,06:56:53,18.5,78.1
07/15/2026,07:01:53,18.5,78.2
07/15/2026,07:06:53,18.5,77.8
07/15/2026,07:11:53,18.6,77.9
07/15/2026,07:16:53,18.6,77.8
07/15/2026,07:21:53,18.6,77.9
07/15/2026,07:26:53,18.6,78.0
07/15/2026,07:31:53,18.6,78.0
07/15/2026,07:36:53,18.7,77.8
07/15/2026,07:41:53,18.8,77.6
07/15/2026,07:46:53,18.8,77.6
07/15/2026,07:51:53,18.8,77.2
07/15/2026,07:56:53,18.9,77.1
07/15/2026,08:01:53,18.9,77.1
07/15/2026,08:06:53,18.9,77.0
07/15/2026,08:11:53,19.0,76.8
07/15/2026,08:16:53,19.0,76.8
07/15/2026,08:21:53,19.0,76.7
07/15/2026,08:26:53,19.0,76.7
07/15/2026,08:31:53,19.1,76.4
07/15/2026,08:36:53,19.2,76.2
07/15/2026,08:41:53,19.2,76.2
07/15/2026,08:46:53,19.3,75.9
07/15/2026,08:51:53,19.3,75.8
07/15/2026,08:56:53,19.3,75.8
07/15/2026,09:01:53,19.3,75.6
07/15/2026,09:06:53,19.4,75.6
07/15/2026,09:11:53,19.5,75.4
07/15/2026,09:16:53,19.6,75.2
07/15/2026,09:21:53,19.7,74.8
07/15/2026,09:26:53,19.6,74.6
07/15/2026,09:31:53,19.6,74.6
07/15/2026,09:36:53,19.6,74.5
07/15/2026,09:41:53,19.6,74.5
07/15/2026,09:46:53,19.8,74.2
07/15/2026,09:51:53,19.9,73.9
07/15/2026,09:56:53,20.1,73.5
07/15/2026,10:01:53,20.2,73.3
07/15/2026,10:06:53,20.4,72.9
07/15/2026,10:11:53,20.6,72.0
07/15/2026,10:16:53,20.7,71.7
07/15/2026,10:21:53,20.8,71.1
07/15/2026,10:26:53,20.9,70.8
07/15/2026,10:31:53,21.0,70.4
07/15/2026,10:36:53,21.1,70.1
07/15/2026,10:41:53,21.4,69.7
07/15/2026,10:46:53,21.6,69.3
07/15/2026,10:51:53,21.8,68.5
07/15/2026,10:56:53,22.0,67.7
07/15/2026,11:01:53,22.3,67.5
07/15/2026,11:06:53,22.7,66.7
07/15/2026,11:11:53,23.1,66.7
07/15/2026,11:16:53,23.4,65.4
07/15/2026,11:21:53,23.8,64.6
07/15/2026,11:26:53,24.1,63.5
07/15/2026,11:31:53,24.3,63.0
07/15/2026,11:36:53,24.7,62.6
07/15/2026,11:41:53,24.8,61.3
07/15/2026,11:46:53,25.0,60.8
07/15/2026,11:51:53,25.2,61.1
07/15/2026,11:56:53,25.6,59.3
07/15/2026,12:01:53,25.8,58.7
07/15/2026,12:06:53,26.0,57.7
07/15/2026,12:11:53,26.0,57.8
07/15/2026,12:16:53,26.2,57.0
07/15/2026,12:21:53,26.4,56.7
07/15/2026,12:26:53,26.5,56.8
07/15/2026,12:31:53,26.9,55.7
07/15/2026,12:36:53,27.0,54.3
07/15/2026,12:41:53,27.1,54.5
07/15/2026,12:46:53,27.2,53.7
07/15/2026,12:51:53,27.3,54.0
07/15/2026,12:56:53,27.5,53.0
07/15/2026,13:01:53,27.6,52.5
07/15/2026,13:06:53,27.9,52.4
07/15/2026,13:11:53,28.1,51.6
07/15/2026,13:16:53,28.2,51.0
07/15/2026,13:21:53,28.5,50.8
07/15/2026,13:26:53,28.8,50.3
07/15/2026,13:31:53,28.9,49.6
07/15/2026,13:36:53,29.0,49.2
07/15/2026,13:41:53,29.2,48.8
07/15/2026,13:46:53,29.3,48.6
07/15/2026,13:51:53,29.4,48.2
07/15/2026,13:56:53,29.5,47.3
07/15/2026,14:01:53,29.5,46.9
07/15/2026,14:06:53,29.6,47.3
07/15/2026,14:11:53,29.7,46.7
07/15/2026,14:16:53,29.6,46.7
07/15/2026,14:21:53,29.7,46.3
07/15/2026,14:26:53,29.8,46.6
07/15/2026,14:31:53,30.0,45.7
07/15/2026,14:36:53,30.0,46.1
07/15/2026,14:41:53,30.2,45.9
07/15/2026,14:46:53,30.5,45.5
07/15/2026,14:51:53,30.3,45.0
07/15/2026,14:56:53,30.3,45.1
07/15/2026,15:01:53,30.4,44.9
07/15/2026,15:06:53,30.6,44.8
07/15/2026,15:11:53,30.7,44.3
07/15/2026,15:16:53,30.9,44.4
07/15/2026,15:21:53,30.9,44.0
07/15/2026,15:26:53,30.6,44.1
07/15/2026,15:31:53,30.5,44.3
07/15/2026,15:36:53,30.7,43.8
07/15/2026,15:41:53,30.7,43.8
07/15/2026,15:46:53,30.3,43.9
07/15/2026,15:51:53,30.3,44.0
07/15/2026,15:56:53,30.5,43.8
07/15/2026,16:01:53,31.0,43.7
07/15/2026,16:06:53,30.8,43.0
07/15/2026,16:11:53,31.1,42.8
07/15/2026,16:16:53,31.3,42.2
07/15/2026,16:21:53,31.4,42.2
07/15/2026,16:26:53,31.1,41.9
07/15/2026,16:31:53,30.8,42.3
07/15/2026,16:36:53,30.6,42.4
07/15/2026,16:41:53,30.6,42.6
07/15/2026,16:46:53,30.8,42.1
07/15/2026,16:51:53,30.5,42.7
07/15/2026,16:56:53,30.3,42.9
07/15/2026,17:01:53,29.9,42.7
07/15/2026,17:06:53,29.6,43.2
07/15/2026,17:11:53,29.1,43.4
07/15/2026,17:16:53,28.8,44.1
07/15/2026,17:21:53,28.4,44.6
07/15/2026,17:26:53,28.2,45.0
07/15/2026,17:31:53,28.0,45.6
07/15/2026,17:36:53,27.8,45.8
07/15/2026,17:41:53,27.6,46.3
07/15/2026,17:46:53,27.3,46.9
07/15/2026,17:51:53,27.3,46.9
07/15/2026,17:56:53,27.1,47.2
07/15/2026,18:01:53,27.0,47.5
07/15/2026,18:06:53,26.9,47.9
07/15/2026,18:11:53,26.8,48.0
07/15/2026,18:16:53,26.7,48.4
07/15/2026,18:21:53,26.5,48.9
07/15/2026,18:26:53,26.4,48.7
07/15/2026,18:31:53,26.3,49.0
07/15/2026,18:36:53,26.3,49.5
07/15/2026,18:41:53,26.3,49.5
07/15/2026,18:46:53,26.2,49.6
07/15/2026,18:51:53,26.1,50.0
07/15/2026,18:56:53,26.0,50.1
07/15/2026,19:01:53,25.8,50.5
07/15/2026,19:06:53,25.8,50.6
07/15/2026,19:11:53,26.1,50.4
07/15/2026,19:16:53,26.3,50.2
07/15/2026,19:21:53,26.3,50.1
07/15/2026,19:26:53,26.5,49.8
07/15/2026,19:31:53,26.6,49.7
07/15/2026,19:36:53,26.4,50.1
07/15/2026,19:41:53,26.2,50.2
07/15/2026,19:46:53,26.0,50.6
07/15/2026,19:51:53,25.7,51.1
07/15/2026,19:56:53,25.4,51.5
07/15/2026,20:01:53,25.1,51.8
07/15/2026,20:06:53,24.9,52.2
07/15/2026,20:11:53,24.6,52.7
07/15/2026,20:16:53,24.4,53.0
07/15/2026,20:21:53,24.2,53.5
07/15/2026,20:26:53,24.1,53.9
07/15/2026,20:31:53,23.9,54.2
07/15/2026,20:36:53,23.7,54.4
07/15/2026,20:41:53,23.5,54.9
07/15/2026,20:46:53,23.4,55.3
07/15/2026,20:51:53,23.2,55.3
07/15/2026,20:56:53,23.1,55.4
07/15/2026,21:01:53,22.9,55.7
07/15/2026,21:06:53,22.8,56.2
07/15/2026,21:11:53,22.6,56.8
07/15/2026,21:16:53,22.4,57.5
07/15/2026,21:21:53,22.2,58.1
07/15/2026,21:26:53,22.0,58.8
07/15/2026,21:31:53,21.8,59.3
07/15/2026,21:36:53,21.6,59.9
07/15/2026,21:41:53,21.5,60.4
07/15/2026,21:46:53,21.3,60.8
07/15/2026,21:51:53,21.1,61.4
07/15/2026,21:56:53,20.9,61.9
07/15/2026,22:01:53,20.7,62.4
07/15/2026,22:06:53,20.6,62.7
07/15/2026,22:11:53,20.5,63.1
07/15/2026,22:16:53,20.3,63.3
07/15/2026,22:21:53,20.2,63.7
07/15/2026,22:26:53,20.1,64.1
07/15/2026,22:31:53,20.0,64.6
07/15/2026,22:36:53,19.8,65.1
07/15/2026,22:41:53,19.7,65.5
07/15/2026,22:46:53,19.6,65.9
07/15/2026,22:51:53,19.5,66.2
07/15/2026,22:56:53,19.4,66.4
07/15/2026,23:01:53,19.4,66.8
07/15/2026,23:06:53,19.3,67.1
07/15/2026,23:11:53,19.2,67.5
07/15/2026,23:16:53,19.1,67.8
07/15/2026,23:21:53,18.9,68.2
07/15/2026,23:26:53,18.8,68.5
07/15/2026,23:31:53,18.7,68.8
07/15/2026,23:36:53,18.5,69.1
07/15/2026,23:41:53,18.4,69.4
07/15/2026,23:46:53,18.3,69.6
07/15/2026,23:51:53,18.2,70.0
07/15/2026,23:56:53,18.0,70.3
07/16/2026,00:01:53,18.0,70.6
07/16/2026,00:06:53,17.9,71.0
07/16/2026,00:11:53,17.7,71.4
07/16/2026,00:16:53,17.7,71.7
07/16/2026,00:21:53,17.6,72.0
07/16/2026,00:26:53,17.5,72.3
07/16/2026,00:31:53,17.4,72.6
07/16/2026,00:36:53,17.3,73.0
07/16/2026,00:41:53,17.2,73.3
07/16/2026,00:46:53,17.1,73.6
07/16/2026,00:51:53,17.1,73.8
07/16/2026,00:56:53,17.0,74.2
07/16/2026,01:01:53,17.0,74.3
07/16/2026,01:06:53,17.0,74.4
07/16/2026,01:11:53,16.9,74.6
07/16/2026,01:16:53,16.8,74.7
07/16/2026,01:21:53,16.7,75.1
07/16/2026,01:26:53,16.7,75.2
07/16/2026,01:31:53,16.7,75.4
07/16/2026,01:36:53,16.6,75.6
07/16/2026,01:41:53,16.5,75.8
07/16/2026,01:46:53,16.5,75.9
07/16/2026,01:51:53,16.5,76.1
07/16/2026,01:56:53,16.4,76.3
07/16/2026,02:01:53,16.4,76.5
07/16/2026,02:06:53,16.4,76.8
07/16/2026,02:11:53,16.3,76.9
07/16/2026,02:16:53,16.3,77.1
07/16/2026,02:21:53,16.2,77.2
07/16/2026,02:26:53,16.2,77.6
07/16/2026,02:31:53,16.2,77.7
07/16/2026,02:36:53,16.1,77.9
07/16/2026,02:41:53,16.1,78.1
07/16/2026,02:46:53,16.0,78.4
07/16/2026,02:51:53,16.0,78.5
07/16/2026,02:56:53,16.0,78.7
07/16/2026,03:01:53,16.0,78.8
07/16/2026,03:06:53,16.0,78.9
07/16/2026,03:11:53,16.0,78.9
07/16/2026,03:16:53,16.0,79.1
07/16/2026,03:21:53,15.9,79.3
07/16/2026,03:26:53,15.9,79.7
07/16/2026,03:31:53,15.9,80.0
07/16/2026,03:36:53,15.9,80.1
07/16/2026,03:41:53,16.0,80.3
07/16/2026,03:46:53,16.1,80.6
07/16/2026,03:51:53,16.1,80.5
07/16/2026,03:56:53,16.2,80.8
07/16/2026,04:01:53,16.2,80.8
07/16/2026,04:06:53,16.2,81.0
07/16/2026,04:11:53,16.3,81.0
07/16/2026,04:16:53,16.3,81.1
07/16/2026,04:21:53,16.4,81.2
07/16/2026,04:26:53,16.4,81.3
07/16/2026,04:31:53,16.4,81.3
07/16/2026,04:36:53,16.4,81.5
07/16/2026,04:41:53,16.4,81.4
07/16/2026,04:46:53,16.5,81.5
07/16/2026,04:51:53,16.5,81.5
07/16/2026,04:56:53,16.6,81.4
07/16/2026,05:01:53,16.6,81.4
07/16/2026,05:06:53,16.7,81.2
07/16/2026,05:11:53,16.7,81.1
07/16/2026,05:16:53,16.7,81.1
07/16/2026,05:21:53,16.7,81.2
07/16/2026,05:26:53,16.7,81.2
07/16/2026,05:31:53,16.7,81.1
07/16/2026,05:36:53,16.7,81.1
07/16/2026,05:41:53,16.8,80.6
07/16/2026,05:46:53,16.8,80.9
07/16/2026,05:51:53,16.8,80.6
07/16/2026,05:56:53,16.8,80.5
07/16/2026,06:01:53,16.8,80.6
07/16/2026,06:06:53,16.9,80.7
07/16/2026,06:11:53,16.9,80.3
07/16/2026,06:16:53,16.9,80.4
07/16/2026,06:21:53,16.9,80.6
07/16/2026,06:26:53,16.9,80.4
07/16/2026,06:31:53,16.9,80.3
07/16/2026,06:36:53,16.9,80.4
07/16/2026,06:41:53,17.0,80.4
07/16/2026,06:46:53,17.0,80.3
07/16/2026,06:51:53,17.0,80.4
07/16/2026,06:56:53,17.1,80.4
07/16/2026,07:01:53,17.1,80.3
07/16/2026,07:06:53,17.2,80.0
07/16/2026,07:11:53,17.3,79.9
07/16/2026,07:16:53,17.3,79.9
07/16/2026,07:21:53,17.3,79.8
07/16/2026,07:26:53,17.3,79.7
07/16/2026,07:31:53,17.4,79.6
07/16/2026,07:36:53,17.4,79.4
07/16/2026,07:41:53,17.6,78.9
07/16/2026,07:46:53,17.7,78.7
07/16/2026,07:51:53,17.8,78.3
07/16/2026,07:56:53,18.0,78.1
07/16/2026,08:01:53,18.0,77.9
07/16/2026,08:06:53,18.2,77.6
07/16/2026,08:11:53,18.3,77.3
07/16/2026,08:16:53,18.4,76.9
07/16/2026,08:21:53,18.5,76.7
07/16/2026,08:26:53,18.6,76.3
07/16/2026,08:31:53,18.9,76.2
07/16/2026,08:36:53,19.0,75.5
07/16/2026,08:41:53,19.0,75.3
07/16/2026,08:46:53,19.1,74.8
07/16/2026,08:51:53,19.1,74.8
07/16/2026,08:56:53,19.2,74.7
07/16/2026,09:01:53,19.3,74.4
07/16/2026,09:06:53,19.6,74.2
07/16/2026,09:11:53,19.8,73.5
07/16/2026,09:16:53,20.1,72.7
07/16/2026,09:21:53,20.4,72.1
07/16/2026,09:26:53,20.6,71.6
07/16/2026,09:31:53,20.8,71.2
07/16/2026,09:36:53,21.1,70.6
07/16/2026,09:41:53,21.4,69.9
07/16/2026,09:46:53,21.7,69.0
07/16/2026,09:51:53,21.9,68.5
07/16/2026,09:56:53,22.1,67.9
07/16/2026,10:01:53,22.3,66.7
07/16/2026,10:06:53,22.7,66.8
07/16/2026,10:11:53,22.9,65.2
07/16/2026,10:16:53,23.1,64.9
07/16/2026,10:21:53,23.3,63.9
07/16/2026,10:26:53,23.4,63.5
07/16/2026,10:31:53,23.6,63.0
07/16/2026,10:36:53,23.8,62.3
07/16/2026,10:41:53,24.0,62.1
07/16/2026,10:46:53,24.2,61.5
07/16/2026,10:51:53,24.6,60.9
07/16/2026,10:56:53,24.8,59.9
07/16/2026,11:01:53,25.0,59.6
07/16/2026,11:06:53,25.4,60.2
07/16/2026,11:11:53,25.7,58.8
07/16/2026,11:16:53,25.9,57.3
07/16/2026,11:21:53,26.0,57.1
07/16/2026,11:26:53,26.2,57.2
07/16/2026,11:31:53,26.4,55.7
07/16/2026,11:36:53,26.5,55.1
07/16/2026,11:41:53,26.8,54.9
07/16/2026,11:46:53,26.8,54.0
07/16/2026,11:51:53,27.0,54.4
07/16/2026,11:56:53,27.3,53.5
07/16/2026,12:01:53,27.6,53.5
07/16/2026,12:06:53,28.0,51.6
07/16/2026,12:11:53,28.0,50.7
07/16/2026,12:16:53,27.8,50.5
07/16/2026,12:21:53,28.0,50.9
07/16/2026,12:26:53,28.1,50.5
07/16/2026,12:31:53,28.3,49.9
07/16/2026,12:36:53,28.5,51.2
07/16/2026,12:41:53,28.8,48.7
07/16/2026,12:46:53,29.1,48.0
07/16/2026,12:51:53,29.0,47.9
07/16/2026,12:56:53,29.1,47.3
07/16/2026,13:01:53,29.3,47.0
07/16/2026,13:06:53,29.4,46.8
07/16/2026,13:11:53,29.6,45.8
07/16/2026,13:16:53,30.0,45.6
07/16/2026,13:21:53,30.0,45.5
07/16/2026,13:26:53,30.0,45.0
07/16/2026,13:31:53,29.8,44.9
07/16/2026,13:36:53,29.7,45.1
07/16/2026,13:41:53,29.9,45.0
07/16/2026,13:46:53,30.0,44.6
07/16/2026,13:51:53,30.3,44.7
07/16/2026,13:56:53,30.8,44.2
07/16/2026,14:01:53,30.8,43.2
07/16/2026,14:06:53,30.9,44.6
07/16/2026,14:11:53,31.1,42.5
07/16/2026,14:16:53,30.7,42.2
07/16/2026,14:21:53,30.6,42.7
07/16/2026,14:26:53,30.6,42.8
07/16/2026,14:31:53,30.8,42.2
07/16/2026,14:36:53,30.9,41.6
07/16/2026,14:41:53,31.0,41.8
07/16/2026,14:46:53,31.1,41.6
07/16/2026,14:51:53,31.2,41.6
07/16/2026,14:56:53,31.3,41.0
07/16/2026,15:01:53,31.5,40.3
07/16/2026,15:06:53,31.6,39.8
07/16/2026,15:11:53,31.8,39.2
07/16/2026,15:16:53,31.6,39.1
07/16/2026,15:21:53,31.5,39.2
07/16/2026,15:26:53,31.6,39.8
07/16/2026,15:31:53,32.0,38.7
07/16/2026,15:36:53,32.0,38.5
07/16/2026,15:41:53,32.2,38.2
07/16/2026,15:46:53,32.2,38.0
07/16/2026,15:51:53,32.2,38.1
07/16/2026,15:56:53,32.3,38.0
07/16/2026,16:01:53,32.6,37.4
07/16/2026,16:06:53,32.3,37.1
07/16/2026,16:11:53,32.2,37.2
07/16/2026,16:16:53,32.1,37.4
07/16/2026,16:21:53,31.9,37.4
07/16/2026,16:26:53,31.9,37.5
07/16/2026,16:31:53,32.1,37.0
07/16/2026,16:36:53,31.8,37.0
07/16/2026,16:41:53,31.9,37.0
07/16/2026,16:46:53,31.6,36.8
07/16/2026,16:51:53,31.1,37.5
07/16/2026,16:56:53,30.8,37.9
07/16/2026,17:01:53,30.7,37.6
07/16/2026,17:06:53,30.5,37.6
07/16/2026,17:11:53,30.1,38.1
07/16/2026,17:16:53,29.5,38.6
07/16/2026,17:21:53,29.3,38.8
07/16/2026,17:26:53,29.0,39.0
07/16/2026,17:31:53,28.9,39.4
07/16/2026,17:36:53,28.6,39.7
07/16/2026,17:41:53,28.3,40.8
07/16/2026,17:46:53,28.3,40.8
07/16/2026,17:51:53,28.0,40.5
07/16/2026,17:56:53,27.8,40.9
07/16/2026,18:01:53,27.6,41.4
07/16/2026,18:06:53,27.4,42.0
07/16/2026,18:11:53,27.3,41.8
07/16/2026,18:16:53,27.3,42.1
07/16/2026,18:21:53,27.3,42.2
07/16/2026,18:26:53,27.2,42.3
07/16/2026,18:31:53,27.1,42.3
07/16/2026,18:36:53,26.9,42.5
07/16/2026,18:41:53,26.9,42.9
07/16/2026,18:46:53,26.9,43.1
07/16/2026,18:51:53,26.9,43.2
07/16/2026,18:56:53,26.7,43.8
07/16/2026,19:01:53,26.7,44.4
07/16/2026,19:06:53,26.8,44.4
07/16/2026,19:11:53,27.0,44.0
07/16/2026,19:16:53,27.3,43.8
07/16/2026,19:21:53,27.4,43.9
07/16/2026,19:26:53,27.5,43.6
07/16/2026,19:31:53,27.5,43.6
07/16/2026,19:36:53,27.3,43.6
07/16/2026,19:41:53,27.3,43.9
07/16/2026,19:46:53,26.9,44.3
07/16/2026,19:51:53,26.6,45.3
07/16/2026,19:56:53,26.3,45.8
07/16/2026,20:01:53,25.9,46.5
07/16/2026,20:06:53,25.6,47.2
07/16/2026,20:11:53,25.2,48.3
07/16/2026,20:16:53,25.1,48.9
07/16/2026,20:21:53,24.9,49.4
07/16/2026,20:26:53,24.7,49.7
07/16/2026,20:31:53,24.6,50.1
07/16/2026,20:36:53,24.4,50.7
07/16/2026,20:41:53,24.2,51.3
07/16/2026,20:46:53,23.9,51.7
07/16/2026,20:51:53,23.6,52.2
07/16/2026,20:56:53,23.5,52.9
07/16/2026,21:01:53,23.3,53.2
07/16/2026,21:06:53,23.1,53.7
07/16/2026,21:11:53,23.0,54.1
07/16/2026,21:16:53,22.8,54.5
07/16/2026,21:21:53,22.6,55.0
07/16/2026,21:26:53,22.3,55.5
07/16/2026,21:31:53,22.2,55.7
07/16/2026,21:36:53,22.0,56.4
07/16/2026,21:41:53,21.9,56.7
07/16/2026,21:46:53,21.8,57.1
07/16/2026,21:51:53,21.5,57.4
07/16/2026,21:56:53,21.4,57.9
07/16/2026,22:01:53,21.3,58.2
07/16/2026,22:06:53,21.1,58.7
07/16/2026,22:11:53,21.0,59.0
07/16/2026,22:16:53,20.9,59.3
07/16/2026,22:21:53,20.8,59.7
07/16/2026,22:26:53,20.6,60.0
07/16/2026,22:31:53,20.5,60.3
07/16/2026,22:36:53,20.3,60.8
07/16/2026,22:41:53,20.1,61.3
07/16/2026,22:46:53,20.0,61.8
07/16/2026,22:51:53,19.8,62.2
07/16/2026,22:56:53,19.7,62.6
07/16/2026,23:01:53,19.6,63.0
07/16/2026,23:06:53,19.4,63.4
07/16/2026,23:11:53,19.2,63.8
07/16/2026,23:16:53,19.1,64.3
07/16/2026,23:21:53,19.0,64.7
07/16/2026,23:26:53,18.9,65.1
07/16/2026,23:31:53,18.7,65.4
07/16/2026,23:36:53,18.6,65.8
07/16/2026,23:41:53,18.5,66.1
07/16/2026,23:46:53,18.4,66.4
07/16/2026,23:51:53,18.3,66.8
07/16/2026,23:56:53,18.2,67.1
07/17/2026,00:01:53,18.1,67.3
07/17/2026,00:06:53,18.0,67.6
07/17/2026,00:11:53,17.9,67.8
07/17/2026,00:16:53,17.8,68.1
07/17/2026,00:21:53,17.7,68.4
07/17/2026,00:26:53,17.7,68.6
07/17/2026,00:31:53,17.6,68.9
07/17/2026,00:36:53,17.4,69.3
07/17/2026,00:41:53,17.3,69.6
07/17/2026,00:46:53,17.3,70.0
07/17/2026,00:51:53,17.2,70.0
07/17/2026,00:56:53,17.1,70.3
07/17/2026,01:01:53,17.1,70.5
07/17/2026,01:06:53,17.0,70.6
07/17/2026,01:11:53,16.9,70.9
07/17/2026,01:16:53,16.8,71.1
07/17/2026,01:21:53,16.8,71.4
07/17/2026,01:26:53,16.7,71.6
07/17/2026,01:31:53,16.6,71.7
07/17/2026,01:36:53,16.5,71.9
07/17/2026,01:41:53,16.4,72.2
07/17/2026,01:46:53,16.3,72.5
07/17/2026,01:51:53,16.2,72.7
07/17/2026,01:56:53,16.2,73.0
07/17/2026,02:01:53,16.1,73.2
07/17/2026,02:06:53,16.0,73.5
07/17/2026,02:11:53,16.0,73.7
07/17/2026,02:16:53,15.9,74.1
07/17/2026,02:21:53,15.9,74.4
07/17/2026,02:26:53,15.8,74.8
07/17/2026,02:31:53,15.8,75.2
07/17/2026,02:36:53,15.8,75.4
07/17/2026,02:41:53,15.7,75.7
07/17/2026,02:46:53,15.7,75.9
07/17/2026,02:51:53,15.6,76.4
07/17/2026,02:56:53,15.6,76.8
07/17/2026,03:01:53,15.7,76.9
07/17/2026,03:06:53,15.7,77.0
07/17/2026,03:11:53,15.8,77.1
07/17/2026,03:16:53,15.8,77.2
07/17/2026,03:21:53,15.8,77.2
07/17/2026,03:26:53,15.8,77.3
07/17/2026,03:31:53,15.9,77.4
07/17/2026,03:36:53,15.9,77.6
07/17/2026,03:41:53,15.9,77.7
07/17/2026,03:46:53,16.0,77.6
07/17/2026,03:51:53,16.0,77.7
07/17/2026,03:56:53,16.1,77.8
07/17/2026,04:01:53,16.1,77.8
07/17/2026,04:06:53,16.2,77.5
07/17/2026,04:11:53,16.2,77.6
07/17/2026,04:16:53,16.3,77.6
07/17/2026,04:21:53,16.3,77.5
07/17/2026,04:26:53,16.3,77.5
07/17/2026,04:31:53,16.3,77.4
07/17/2026,04:36:53,16.4,77.4
07/17/2026,04:41:53,16.4,77.2
07/17/2026,04:46:53,16.4,77.1
07/17/2026,04:51:53,16.5,77.1
07/17/2026,04:56:53,16.5,77.1
07/17/2026,05:01:53,16.5,77.0
07/17/2026,05:06:53,16.5,77.0
07/17/2026,05:11:53,16.5,77.0
07/17/2026,05:16:53,16.5,76.7
07/17/2026,05:21:53,16.6,76.5
07/17/2026,05:26:53,16.7,76.3
07/17/2026,05:31:53,16.7,76.4
07/17/2026,05:36:53,16.7,76.6
07/17/2026,05:41:53,16.7,76.4
07/17/2026,05:46:53,16.8,76.2
07/17/2026,05:51:53,16.8,76.1
07/17/2026,05:56:53,16.8,76.1
07/17/2026,06:01:53,16.8,76.0
07/17/2026,06:06:53,16.8,75.9
07/17/2026,06:11:53,16.9,75.9
07/17/2026,06:16:53,16.9,75.9
07/17/2026,06:21:53,16.9,76.0
07/17/2026,06:26:53,16.9,75.6
07/17/2026,06:31:53,17.0,75.7
07/17/2026,06:36:53,17.1,75.6
07/17/2026,06:41:53,17.1,75.7
07/17/2026,06:46:53,17.1,75.6
07/17/2026,06:51:53,17.1,75.4
07/17/2026,06:56:53,17.1,75.4
07/17/2026,07:01:53,17.1,75.3
07/17/2026,07:06:53,17.2,75.1
07/17/2026,07:11:53,17.2,75.1
07/17/2026,07:16:53,17.1,75.1
07/17/2026,07:21:53,17.1,75.0
07/17/2026,07:26:53,17.1,75.1
07/17/2026,07:31:53,17.2,74.8
07/17/2026,07:36:53,17.3,74.7
07/17/2026,07:41:53,17.3,74.1
07/17/2026,07:46:53,17.2,74.1
07/17/2026,07:51:53,17.3,74.1
07/17/2026,07:56:53,17.3,73.8
07/17/2026,08:01:53,17.3,73.6
07/17/2026,08:06:53,17.2,73.6
07/17/2026,08:11:53,17.2,73.6
07/17/2026,08:16:53,17.2,73.5
07/17/2026,08:21:53,17.1,73.9
07/17/2026,08:26:53,17.2,73.6
07/17/2026,08:31:53,17.2,73.3
07/17/2026,08:36:53,17.2,73.7
07/17/2026,08:41:53,17.3,73.2
07/17/2026,08:46:53,17.4,73.5
07/17/2026,08:51:53,17.6,72.7
07/17/2026,08:56:53,17.5,72.7
07/17/2026,09:01:53,17.5,72.6
07/17/2026,09:06:53,17.6,72.5
07/17/2026,09:11:53,17.6,72.3
07/17/2026,09:16:53,17.9,72.0
07/17/2026,09:21:53,18.3,71.4
07/17/2026,09:26:53,18.7,70.5
07/17/2026,09:31:53,18.8,69.9
07/17/2026,09:36:53,18.9,69.7
07/17/2026,09:41:53,19.1,69.2
07/17/2026,09:46:53,19.4,68.2
07/17/2026,09:51:53,19.6,67.5
07/17/2026,09:56:53,19.9,66.5
07/17/2026,10:01:53,20.1,65.8
07/17/2026,10:06:53,20.4,66.0
07/17/2026,10:11:53,20.8,64.6
07/17/2026,10:16:53,20.9,64.2
07/17/2026,10:21:53,21.1,63.7
07/17/2026,10:26:53,21.2,62.4
07/17/2026,10:31:53,21.2,62.1
07/17/2026,10:36:53,21.4,62.1
07/17/2026,10:41:53,21.7,61.7
07/17/2026,10:46:53,22.0,61.2
07/17/2026,10:51:53,22.0,60.3
07/17/2026,10:56:53,22.1,59.6
07/17/2026,11:01:53,22.4,59.5
07/17/2026,11:06:53,22.5,58.3
07/17/2026,11:11:53,22.5,58.1
07/17/2026,11:16:53,22.6,58.2
07/17/2026,11:21:53,23.0,58.0
07/17/2026,11:26:53,23.2,56.5
07/17/2026,11:31:53,23.3,55.8
07/17/2026,11:36:53,23.3,55.8
07/17/2026,11:41:53,23.5,55.2
07/17/2026,11:46:53,23.7,54.1
07/17/2026,11:51:53,23.6,54.7
07/17/2026,11:56:53,23.6,54.0
07/17/2026,12:01:53,23.8,53.5
07/17/2026,12:06:53,24.1,54.8
07/17/2026,12:11:53,24.5,52.9
07/17/2026,12:16:53,24.9,53.1
07/17/2026,12:21:53,25.4,52.1
07/17/2026,12:26:53,25.6,52.1
07/17/2026,12:31:53,25.7,51.6
07/17/2026,12:36:53,25.9,51.2
07/17/2026,12:41:53,26.0,50.1
07/17/2026,12:46:53,26.1,50.2
07/17/2026,12:51:53,26.3,49.8
07/17/2026,12:56:53,26.7,49.3
07/17/2026,13:01:53,26.8,48.1
07/17/2026,13:06:53,26.3,48.7
07/17/2026,13:11:53,26.7,48.9
07/17/2026,13:16:53,27.1,48.5
07/17/2026,13:21:53,27.4,47.4
07/17/2026,13:26:53,27.7,46.6
07/17/2026,13:31:53,27.9,46.4
07/17/2026,13:36:53,28.0,46.4
07/17/2026,13:41:53,28.0,45.3
07/17/2026,13:46:53,27.7,44.6
07/17/2026,13:51:53,27.5,44.8
07/17/2026,13:56:53,27.8,44.6
07/17/2026,14:01:53,27.8,45.0
07/17/2026,14:06:53,28.0,44.4
07/17/2026,14:11:53,28.1,43.3
07/17/2026,14:16:53,28.4,43.2
07/17/2026,14:21:53,28.5,41.7
07/17/2026,14:26:53,28.3,41.5
07/17/2026,14:31:53,28.4,42.4
07/17/2026,14:36:53,28.5,41.7
07/17/2026,14:41:53,28.9,41.4
07/17/2026,14:46:53,29.0,40.9
07/17/2026,14:51:53,29.2,40.9
07/17/2026,14:56:53,29.4,40.6
07/17/2026,15:01:53,29.7,40.3
07/17/2026,15:06:53,29.7,39.4
07/17/2026,15:11:53,29.4,38.6
07/17/2026,15:16:53,29.6,40.0
07/17/2026,15:21:53,29.9,39.6
07/17/2026,15:26:53,30.0,39.2
07/17/2026,15:31:53,29.9,39.6
07/17/2026,15:36:53,30.2,38.9
07/17/2026,15:41:53,30.4,38.6
07/17/2026,15:46:53,30.4,38.3
07/17/2026,15:51:53,30.1,38.5
07/17/2026,15:56:53,29.6,37.7
07/17/2026,16:01:53,29.6,38.6
07/17/2026,16:06:53,29.8,38.6
07/17/2026,16:11:53,30.3,38.2
07/17/2026,16:16:53,30.2,37.8
07/17/2026,16:21:53,30.3,37.9
07/17/2026,16:26:53,30.4,37.7
07/17/2026,16:31:53,29.8,37.5
07/17/2026,16:36:53,29.5,37.9
07/17/2026,16:41:53,29.5,37.7
07/17/2026,16:46:53,29.3,38.5
07/17/2026,16:51:53,29.0,39.7
07/17/2026,16:56:53,29.0,40.1
07/17/2026,17:01:53,28.8,40.2
07/17/2026,17:06:53,28.3,40.4
07/17/2026,17:11:53,28.0,40.9
07/17/2026,17:16:53,27.9,41.1
07/17/2026,17:21:53,27.7,41.2
07/17/2026,17:26:53,27.5,41.4
07/17/2026,17:31:53,27.2,41.5
07/17/2026,17:36:53,27.0,41.7
07/17/2026,17:41:53,26.8,42.0
07/17/2026,17:46:53,26.6,42.0
07/17/2026,17:51:53,26.5,42.6
07/17/2026,17:56:53,26.4,42.7
07/17/2026,18:01:53,26.3,42.9
07/17/2026,18:06:53,26.2,42.9
07/17/2026,18:11:53,26.1,43.0
07/17/2026,18:16:53,25.9,43.0
07/17/2026,18:21:53,25.8,43.2
07/17/2026,18:26:53,25.8,43.5
07/17/2026,18:31:53,25.6,43.6
07/17/2026,18:36:53,25.6,44.1
07/17/2026,18:41:53,25.6,44.3
07/17/2026,18:46:53,25.6,44.8
07/17/2026,18:51:53,25.4,44.9
07/17/2026,18:56:53,25.3,45.3
07/17/2026,19:01:53,25.2,45.8
07/17/2026,19:06:53,25.4,45.7
07/17/2026,19:11:53,25.6,45.5
07/17/2026,19:16:53,25.7,45.2
07/17/2026,19:21:53,26.0,45.0
07/17/2026,19:26:53,25.9,44.9
07/17/2026,19:31:53,25.8,45.0
07/17/2026,19:36:53,25.7,45.0
07/17/2026,19:41:53,25.5,45.1
07/17/2026,19:46:53,25.2,45.6
07/17/2026,19:51:53,25.0,46.2
07/17/2026,19:56:53,24.8,46.4
07/17/2026,20:01:53,24.7,47.0
07/17/2026,20:06:53,24.6,47.4
07/17/2026,20:11:53,24.4,47.4
07/17/2026,20:16:53,24.2,47.6
07/17/2026,20:21:53,24.0,48.0
07/17/2026,20:26:53,23.8,48.6
07/17/2026,20:31:53,23.7,49.0
07/17/2026,20:36:53,23.6,49.5
07/17/2026,20:41:53,23.4,50.0
07/17/2026,20:46:53,23.2,50.2
07/17/2026,20:51:53,23.0,51.0
07/17/2026,20:56:53,22.8,51.5
07/17/2026,21:01:53,22.7,51.8
07/17/2026,21:06:53,22.4,52.1
07/17/2026,21:11:53,22.2,52.7
07/17/2026,21:16:53,22.0,53.0
07/17/2026,21:21:53,21.8,53.4
07/17/2026,21:26:53,21.6,54.0
07/17/2026,21:31:53,21.5,54.5
07/17/2026,21:36:53,21.4,54.8
07/17/2026,21:41:53,21.1,55.3
07/17/2026,21:46:53,20.9,56.0
07/17/2026,21:51:53,20.8,56.3
07/17/2026,21:56:53,20.7,56.9
07/17/2026,22:01:53,20.7,57.2
07/17/2026,22:06:53,20.5,57.6
07/17/2026,22:11:53,20.3,58.0
07/17/2026,22:16:53,20.2,58.5
07/17/2026,22:21:53,19.9,59.0
07/17/2026,22:26:53,19.8,59.3
07/17/2026,22:31:53,19.7,59.7
07/17/2026,22:36:53,19.6,59.8
07/17/2026,22:41:53,19.5,60.1
07/17/2026,22:46:53,19.4,60.4
07/17/2026,22:51:53,19.2,60.7
07/17/2026,22:56:53,19.1,61.1
07/17/2026,23:01:53,19.0,61.5
07/17/2026,23:06:53,19.0,61.7
07/17/2026,23:11:53,18.9,61.9
07/17/2026,23:16:53,18.8,62.2
07/17/2026,23:21:53,18.8,62.4
07/17/2026,23:26:53,18.7,62.6
07/17/2026,23:31:53,18.7,62.8
07/17/2026,23:36:53,18.6,63.1
07/17/2026,23:41:53,18.6,63.4
07/17/2026,23:46:53,18.5,63.5
07/17/2026,23:51:53,18.4,63.7
07/17/2026,23:56:53,18.3,64.0
07/18/2026,00:01:53,18.3,64.3
07/18/2026,00:06:53,18.2,64.6
07/18/2026,00:11:53,18.2,64.8
07/18/2026,00:16:53,18.1,64.9
07/18/2026,00:21:53,18.1,65.0
07/18/2026,00:26:53,18.0,65.2
07/18/2026,00:31:53,18.0,65.3
07/18/2026,00:36:53,17.9,65.4
07/18/2026,00:41:53,17.8,65.6
07/18/2026,00:46:53,17.7,65.8
07/18/2026,00:51:53,17.7,66.0
07/18/2026,00:56:53,17.6,66.2
07/18/2026,01:01:53,17.5,66.3
07/18/2026,01:06:53,17.4,66.2
07/18/2026,01:11:53,17.4,66.5
07/18/2026,01:16:53,17.3,66.5
07/18/2026,01:21:53,17.3,66.8
07/18/2026,01:26:53,17.2,67.3
07/18/2026,01:31:53,17.1,67.1
07/18/2026,01:36:53,17.1,67.4
07/18/2026,01:41:53,17.0,67.4
07/18/2026,01:46:53,16.9,67.7
07/18/2026,01:51:53,16.9,67.8
07/18/2026,01:56:53,16.8,68.2
07/18/2026,02:01:53,16.8,68.4
07/18/2026,02:06:53,16.7,68.7
07/18/2026,02:11:53,16.7,68.3
07/18/2026,02:16:53,16.6,68.7
07/18/2026,02:21:53,16.6,69.1
07/18/2026,02:26:53,16.5,69.2
07/18/2026,02:31:53,16.4,69.5
07/18/2026,02:36:53,16.3,69.7
07/18/2026,02:41:53,16.3,69.9
07/18/2026,02:46:53,16.3,70.1
07/18/2026,02:51:53,16.2,70.5
07/18/2026,02:56:53,16.2,70.7
07/18/2026,03:01:53,16.1,71.0
07/18/2026,03:06:53,16.1,71.4
07/18/2026,03:11:53,16.1,71.5
07/18/2026,03:16:53,16.1,71.8
07/18/2026,03:21:53,16.2,71.7
07/18/2026,03:26:53,16.3,71.9
07/18/2026,03:31:53,16.3,71.7
07/18/2026,03:36:53,16.3,71.9
07/18/2026,03:41:53,16.3,72.0
07/18/2026,03:46:53,16.3,72.4
07/18/2026,03:51:53,16.4,72.0
07/18/2026,03:56:53,16.4,72.5
07/18/2026,04:01:53,16.4,72.4
07/18/2026,04:06:53,16.4,72.4
07/18/2026,04:11:53,16.4,72.5
07/18/2026,04:16:53,16.5,72.6
07/18/2026,04:21:53,16.5,72.2
07/18/2026,04:26:53,16.5,72.0
07/18/2026,04:31:53,16.5,71.7
07/18/2026,04:36:53,16.5,71.0
07/18/2026,04:41:53,16.4,70.4
07/18/2026,04:46:53,16.3,70.1
07/18/2026,04:51:53,16.2,70.0
07/18/2026,04:56:53,16.1,69.7
07/18/2026,05:01:53,16.1,69.4
07/18/2026,05:06:53,16.0,69.5
07/18/2026,05:11:53,15.9,69.3
07/18/2026,05:16:53,15.9,69.2
07/18/2026,05:21:53,15.8,69.0
07/18/2026,05:26:53,15.7,69.1
07/18/2026,05:31:53,15.5,69.1
07/18/2026,05:36:53,15.3,69.2
07/18/2026,05:41:53,15.2,69.4
07/18/2026,05:46:53,15.1,69.4
07/18/2026,05:51:53,15.0,69.5
07/18/2026,05:56:53,15.0,69.7
07/18/2026,06:01:53,14.9,69.9
07/18/2026,06:06:53,14.8,70.0
07/18/2026,06:11:53,14.8,70.1
07/18/2026,06:16:53,14.7,70.1
07/18/2026,06:21:53,14.7,70.2
07/18/2026,06:26:53,14.7,70.2
07/18/2026,06:31:53,14.7,70.2
07/18/2026,06:36:53,14.7,70.0
07/18/2026,06:41:53,14.8,70.0
07/18/2026,06:46:53,14.8,69.8
07/18/2026,06:51:53,14.9,69.5
07/18/2026,06:56:53,14.9,69.3
07/18/2026,07:01:53,15.0,69.1
07/18/2026,07:06:53,15.0,68.9
07/18/2026,07:11:53,15.2,68.8
07/18/2026,07:16:53,15.3,68.7
07/18/2026,07:21:53,15.4,68.6
07/18/2026,07:26:53,15.5,68.1
07/18/2026,07:31:53,15.7,68.0
07/18/2026,07:36:53,15.7,68.1
07/18/2026,07:41:53,15.9,68.0
07/18/2026,07:46:53,16.0,67.9
07/18/2026,07:51:53,16.1,67.6
07/18/2026,07:56:53,16.2,67.7
07/18/2026,08:01:53,16.3,67.5
07/18/2026,08:06:53,16.5,67.3
07/18/2026,08:11:53,16.6,66.8
07/18/2026,08:16:53,16.7,66.7
07/18/2026,08:21:53,16.9,66.2
07/18/2026,08:26:53,17.0,65.6
07/18/2026,08:31:53,17.0,65.5
07/18/2026,08:36:53,17.1,64.9
07/18/2026,08:41:53,17.2,64.9
07/18/2026,08:46:53,17.3,64.7
07/18/2026,08:51:53,17.4,64.2
07/18/2026,08:56:53,17.5,63.9
07/18/2026,09:01:53,17.5,63.3
07/18/2026,09:06:53,17.5,63.1
07/18/2026,09:11:53,17.6,63.1
07/18/2026,09:16:53,17.8,62.9
07/18/2026,09:21:53,18.0,62.6
07/18/2026,09:26:53,18.2,61.6
07/18/2026,09:31:53,18.2,61.5
07/18/2026,09:36:53,18.2,60.8
07/18/2026,09:41:53,18.3,61.0
07/18/2026,09:46:53,18.5,60.4
07/18/2026,09:51:53,18.6,60.3
07/18/2026,09:56:53,18.7,60.3
07/18/2026,10:01:53,18.8,60.3
07/18/2026,10:06:53,18.8,60.0
07/18/2026,10:11:53,18.7,60.2
07/18/2026,10:16:53,18.6,59.7
07/18/2026,10:21:53,18.5,60.0
07/18/2026,10:26:53,18.3,60.0
07/18/2026,10:31:53,18.2,60.4
07/18/2026,10:36:53,18.3,60.9
07/18/2026,10:41:53,18.6,61.0
07/18/2026,10:46:53,18.7,60.6
07/18/2026,10:51:53,18.6,61.0
07/18/2026,10:56:53,18.7,60.9
07/18/2026,11:01:53,18.8,60.6
07/18/2026,11:06:53,18.8,60.6
07/18/2026,11:11:53,18.8,60.5
07/18/2026,11:16:53,18.8,60.6
07/18/2026,11:21:53,18.9,60.3
07/18/2026,11:26:53,18.9,60.3
07/18/2026,11:31:53,18.9,60.3
07/18/2026,11:36:53,19.1,60.0
07/18/2026,11:41:53,19.3,59.7
07/18/2026,11:46:53,19.4,59.3
07/18/2026,11:51:53,19.6,58.9
07/18/2026,11:56:53,19.8,58.6
07/18/2026,12:01:53,20.1,57.9
07/18/2026,12:06:53,20.4,57.7
07/18/2026,12:11:53,20.6,56.6
07/18/2026,12:16:53,20.7,56.2
07/18/2026,12:21:53,20.6,56.4
07/18/2026,12:26:53,20.7,55.8
07/18/2026,12:31:53,20.7,55.6
07/18/2026,12:36:53,20.7,55.4
07/18/2026,12:41:53,20.7,55.7
07/18/2026,12:46:53,20.9,55.5
07/18/2026,12:51:53,20.9,55.3
07/18/2026,12:56:53,21.0,54.8
07/18/2026,13:01:53,21.1,55.1
07/18/2026,13:06:53,21.2,54.6
07/18/2026,13:11:53,21.5,54.3
07/18/2026,13:16:53,21.6,54.1
07/18/2026,13:21:53,21.4,53.3
07/18/2026,13:26:53,21.3,54.3
07/18/2026,13:31:53,21.6,53.9
07/18/2026,13:36:53,21.8,53.4
07/18/2026,13:41:53,22.5,53.2
07/18/2026,13:46:53,22.5,52.5
07/18/2026,13:51:53,22.6,52.3
07/18/2026,13:56:53,22.6,51.9
07/18/2026,14:01:53,22.4,51.4
07/18/2026,14:06:53,22.0,51.8
07/18/2026,14:11:53,21.9,52.2
07/18/2026,14:16:53,21.7,52.4
07/18/2026,14:21:53,21.4,52.6
07/18/2026,14:26:53,21.4,53.0
07/18/2026,14:31:53,21.4,52.8
07/18/2026,14:36:53,21.2,53.0
07/18/2026,14:41:53,21.0,53.6
07/18/2026,14:46:53,21.1,53.6
07/18/2026,14:51:53,21.3,53.5
07/18/2026,14:56:53,21.3,53.8
07/18/2026,15:01:53,21.3,53.3
07/18/2026,15:06:53,21.4,53.7
07/18/2026,15:11:53,21.6,53.2
07/18/2026,15:16:53,21.4,52.9
07/18/2026,15:21:53,21.3,53.0
07/18/2026,15:26:53,21.3,53.3
07/18/2026,15:31:53,21.3,53.1
07/18/2026,15:36:53,21.4,52.9
07/18/2026,15:41:53,21.3,53.1
07/18/2026,15:46:53,21.3,53.4
07/18/2026,15:51:53,21.4,53.4
07/18/2026,15:56:53,21.4,53.6
07/18/2026,16:01:53,21.5,53.7
07/18/2026,16:06:53,21.4,54.0
07/18/2026,16:11:53,21.6,53.5
07/18/2026,16:16:53,21.8,53.6
07/18/2026,16:21:53,22.0,53.3
07/18/2026,16:26:53,21.9,53.1
07/18/2026,16:31:53,22.2,52.9
07/18/2026,16:36:53,22.4,52.7
07/18/2026,16:41:53,22.3,52.0
07/18/2026,16:46:53,22.0,52.5
07/18/2026,16:51:53,21.9,52.7
07/18/2026,16:56:53,21.8,52.7
07/18/2026,17:01:53,21.6,53.0
07/18/2026,17:06:53,21.6,52.6
07/18/2026,17:11:53,21.6,52.5
07/18/2026,17:16:53,21.6,52.4
07/18/2026,17:21:53,21.6,52.1
07/18/2026,17:26:53,21.5,52.0
07/18/2026,17:31:53,21.4,52.7
07/18/2026,17:36:53,21.5,52.7
07/18/2026,17:41:53,21.4,53.0
07/18/2026,17:46:53,21.5,53.0
07/18/2026,17:51:53,21.4,52.6
07/18/2026,17:56:53,21.2,52.9
07/18/2026,18:01:53,21.0,53.1
07/18/2026,18:06:53,21.0,53.4
07/18/2026,18:11:53,21.0,53.2
07/18/2026,18:16:53,21.0,53.4
07/18/2026,18:21:53,20.8,53.7
07/18/2026,18:26:53,20.7,54.0
07/18/2026,18:31:53,20.7,54.0
07/18/2026,18:36:53,20.8,54.1
07/18/2026,18:41:53,20.9,53.9
07/18/2026,18:46:53,20.7,54.1
07/18/2026,18:51:53,20.7,54.2
07/18/2026,18:56:53,20.7,54.2
07/18/2026,19:01:53,20.6,54.3
07/18/2026,19:06:53,20.6,54.4
07/18/2026,19:11:53,20.3,54.5
07/18/2026,19:16:53,20.2,54.7
07/18/2026,19:21:53,20.1,54.9
07/18/2026,19:26:53,19.9,55.4
07/18/2026,19:31:53,19.9,55.7
07/18/2026,19:36:53,20.0,55.5
07/18/2026,19:41:53,20.0,55.6
07/18/2026,19:46:53,20.1,55.1
07/18/2026,19:51:53,20.1,55.1
07/18/2026,19:56:53,19.9,55.0
07/18/2026,20:01:53,19.8,55.2
07/18/2026,20:06:53,19.6,55.7
07/18/2026,20:11:53,19.5,55.8
07/18/2026,20:16:53,19.4,56.0
07/18/2026,20:21:53,19.2,56.2
07/18/2026,20:26:53,19.1,56.4
07/18/2026,20:31:53,18.8,56.6
07/18/2026,20:36:53,18.7,56.9
07/18/2026,20:41:53,18.6,57.1
07/18/2026,20:46:53,18.4,57.4
07/18/2026,20:51:53,18.2,57.7
07/18/2026,20:56:53,18.1,57.9
07/18/2026,21:01:53,18.0,58.2
07/18/2026,21:06:53,17.9,58.4
07/18/2026,21:11:53,17.8,58.7
07/18/2026,21:16:53,17.7,59.0
07/18/2026,21:21:53,17.5,59.4
07/18/2026,21:26:53,17.4,60.0
07/18/2026,21:31:53,17.3,60.3
07/18/2026,21:36:53,17.2,60.6
07/18/2026,21:41:53,17.2,60.9
07/18/2026,21:46:53,17.1,61.3
07/18/2026,21:51:53,17.1,61.6
07/18/2026,21:56:53,17.2,61.7
07/18/2026,22:01:53,17.1,61.8
07/18/2026,22:06:53,17.1,62.0
07/18/2026,22:11:53,17.0,62.4
07/18/2026,22:16:53,16.8,62.8
07/18/2026,22:21:53,16.8,63.1
07/18/2026,22:26:53,16.6,63.3
07/18/2026,22:31:53,16.5,63.7
07/18/2026,22:36:53,16.4,63.8
07/18/2026,22:41:53,16.3,64.2
07/18/2026,22:46:53,16.2,64.5
07/18/2026,22:51:53,16.2,64.8
07/18/2026,22:56:53,16.1,65.1
07/18/2026,23:01:53,16.0,65.4
07/18/2026,23:06:53,15.9,65.6
07/18/2026,23:11:53,15.8,65.8
07/18/2026,23:16:53,15.7,66.1
07/18/2026,23:21:53,15.6,66.4
07/18/2026,23:26:53,15.5,66.6
07/18/2026,23:31:53,15.4,66.9
07/18/2026,23:36:53,15.3,67.2
07/18/2026,23:41:53,15.2,67.4
07/18/2026,23:46:53,15.1,67.6
07/18/2026,23:51:53,15.1,67.8
07/18/2026,23:56:53,15.0,67.9
07/19/2026,00:01:53,14.9,68.1
07/19/2026,00:06:53,14.9,68.2
07/19/2026,00:11:53,14.8,68.3
07/19/2026,00:16:53,14.7,68.4
07/19/2026,00:21:53,14.7,68.5
07/19/2026,00:26:53,14.6,68.6
07/19/2026,00:31:53,14.5,68.7
07/19/2026,00:36:53,14.5,68.9
07/19/2026,00:41:53,14.4,69.0
07/19/2026,00:46:53,14.3,69.3
07/19/2026,00:51:53,14.2,69.5
07/19/2026,00:56:53,14.1,69.8
07/19/2026,01:01:53,14.0,70.1
07/19/2026,01:06:53,14.0,70.3
07/19/2026,01:11:53,13.9,70.4
07/19/2026,01:16:53,13.8,70.6
07/19/2026,01:21:53,13.8,70.6
07/19/2026,01:26:53,13.8,71.0
07/19/2026,01:31:53,13.7,71.1
07/19/2026,01:36:53,13.7,71.2
07/19/2026,01:41:53,13.7,71.2
07/19/2026,01:46:53,13.6,71.3
07/19/2026,01:51:53,13.6,71.3
07/19/2026,01:56:53,13.5,71.3
07/19/2026,02:01:53,13.5,71.5
07/19/2026,02:06:53,13.4,71.6
07/19/2026,02:11:53,13.3,71.7
07/19/2026,02:16:53,13.2,71.8
07/19/2026,02:21:53,13.2,71.9
07/19/2026,02:26:53,13.1,71.7
07/19/2026,02:31:53,13.1,71.9
07/19/2026,02:36:53,13.1,71.8
07/19/2026,02:41:53,13.0,72.0
07/19/2026,02:46:53,12.9,72.1
07/19/2026,02:51:53,12.9,72.1
07/19/2026,02:56:53,12.9,72.2
07/19/2026,03:01:53,12.8,72.3
07/19/2026,03:06:53,12.7,72.4
07/19/2026,03:11:53,12.6,72.4
07/19/2026,03:16:53,12.6,72.6
07/19/2026,03:21:53,12.5,72.5
07/19/2026,03:26:53,12.5,72.7
07/19/2026,03:31:53,12.4,72.8
07/19/2026,03:36:53,12.4,72.9
07/19/2026,03:41:53,12.4,72.9
07/19/2026,03:46:53,12.4,72.9
07/19/2026,03:51:53,12.4,72.9
07/19/2026,03:56:53,12.4,72.9
07/19/2026,04:01:53,12.4,73.0
07/19/2026,04:06:53,12.4,72.9
07/19/2026,04:11:53,12.3,72.9
07/19/2026,04:16:53,12.3,73.0
07/19/2026,04:21:53,12.3,72.9
07/19/2026,04:26:53,12.2,73.0
07/19/2026,04:31:53,12.2,73.1
07/19/2026,04:36:53,12.1,73.0
07/19/2026,04:41:53,12.1,73.1
07/19/2026,04:46:53,12.0,73.0
07/19/2026,04:51:53,12.0,73.4
07/19/2026,04:56:53,11.9,73.5
07/19/2026,05:01:53,11.9,73.4
07/19/2026,05:06:53,11.9,73.4
07/19/2026,05:11:53,11.9,73.2
07/19/2026,05:16:53,11.9,73.3
07/19/2026,05:21:53,11.8,73.5
07/19/2026,05:26:53,11.7,73.6
07/19/2026,05:31:53,11.7,73.7
07/19/2026,05:36:53,11.7,73.8
07/19/2026,05:41:53,11.6,73.8
07/19/2026,05:46:53,11.6,73.9
07/19/2026,05:51:53,11.6,74.0
07/19/2026,05:56:53,11.6,74.2
07/19/2026,06:01:53,11.6,74.2
07/19/2026,06:06:53,11.6,74.2
07/19/2026,06:11:53,11.6,74.4
07/19/2026,06:16:53,11.6,74.5
07/19/2026,06:21:53,11.7,74.5
07/19/2026,06:26:53,11.7,74.6
07/19/2026,06:31:53,11.8,74.6
07/19/2026,06:36:53,11.8,74.6
07/19/2026,06:41:53,11.9,74.7
07/19/2026,06:46:53,12.0,74.7
07/19/2026,06:51:53,12.2,74.5
07/19/2026,06:56:53,12.3,74.4
07/19/2026,07:01:53,12.4,74.3
07/19/2026,07:06:53,12.4,74.2
07/19/2026,07:11:53,12.6,74.0
07/19/2026,07:16:53,12.9,73.6
07/19/2026,07:21:53,13.1,73.2
07/19/2026,07:26:53,13.2,72.7
07/19/2026,07:31:53,13.3,72.3
07/19/2026,07:36:53,13.4,71.9
07/19/2026,07:41:53,13.4,71.8
07/19/2026,07:46:53,13.6,71.2
07/19/2026,07:51:53,13.8,70.5
07/19/2026,07:56:53,13.9,70.4
07/19/2026,08:01:53,14.1,69.9
07/19/2026,08:06:53,14.3,69.6
07/19/2026,08:11:53,14.4,69.1
07/19/2026,08:16:53,14.6,68.6
07/19/2026,08:21:53,14.7,67.6
07/19/2026,08:26:53,14.8,67.3
07/19/2026,08:31:53,15.0,67.0
07/19/2026,08:36:53,15.1,67.1
07/19/2026,08:41:53,15.3,66.9
07/19/2026,08:46:53,15.5,66.3
07/19/2026,08:51:53,15.7,65.3
07/19/2026,08:56:53,15.9,64.9
07/19/2026,09:01:53,16.2,64.7
07/19/2026,09:06:53,16.5,62.4
07/19/2026,09:11:53,16.7,62.0
07/19/2026,09:16:53,16.8,61.2
07/19/2026,09:21:53,17.1,62.3
07/19/2026,09:26:53,17.3,61.6
07/19/2026,09:31:53,17.7,60.5
07/19/2026,09:36:53,17.8,59.5
07/19/2026,09:41:53,17.9,59.6
07/19/2026,09:46:53,18.0,58.6
07/19/2026,09:51:53,18.1,56.3
07/19/2026,09:56:53,18.3,56.8
07/19/2026,10:01:53,18.6,56.1
07/19/2026,10:06:53,19.1,55.8
07/19/2026,10:11:53,19.0,54.8
07/19/2026,10:16:53,19.2,54.0
07/19/2026,10:21:53,18.8,53.1
07/19/2026,10:26:53,19.0,53.6
07/19/2026,10:31:53,19.3,52.4
07/19/2026,10:36:53,19.2,52.3
07/19/2026,10:41:53,19.3,51.8
07/19/2026,10:46:53,19.3,51.8
07/19/2026,10:51:53,19.3,51.6
07/19/2026,10:56:53,19.8,51.5
07/19/2026,11:01:53,20.5,52.0
07/19/2026,11:06:53,20.9,50.1
07/19/2026,11:11:53,20.4,48.6
07/19/2026,11:16:53,20.4,49.2
07/19/2026,11:21:53,20.7,48.5
07/19/2026,11:26:53,20.7,48.0
07/19/2026,11:31:53,21.0,48.1
07/19/2026,11:36:53,21.0,48.1
07/19/2026,11:41:53,21.2,47.1
07/19/2026,11:46:53,21.1,47.7
07/19/2026,11:51:53,21.1,47.8
07/19/2026,11:56:53,21.5,47.3
07/19/2026,12:01:53,21.6,47.2
07/19/2026,12:06:53,22.1,46.8
07/19/2026,12:11:53,22.2,46.2
07/19/2026,12:16:53,22.0,46.0
07/19/2026,12:21:53,22.1,45.6
07/19/2026,12:26:53,22.0,45.8
07/19/2026,12:31:53,21.9,45.3
07/19/2026,12:36:53,22.0,45.4
07/19/2026,12:41:53,21.9,44.6
07/19/2026,12:46:53,21.8,45.4
07/19/2026,12:51:53,22.1,45.1
07/19/2026,12:56:53,22.2,45.1
07/19/2026,13:01:53,22.1,44.1
07/19/2026,13:06:53,22.1,44.6
07/19/2026,13:11:53,22.0,44.6
07/19/2026,13:16:53,22.0,45.4
07/19/2026,13:21:53,21.8,45.7
07/19/2026,13:26:53,21.8,45.8
07/19/2026,13:31:53,21.8,45.7
07/19/2026,13:36:53,21.6,45.7
07/19/2026,13:41:53,21.7,45.7
07/19/2026,13:46:53,21.8,45.0
07/19/2026,13:51:53,21.8,45.4
07/19/2026,13:56:53,22.1,44.3
07/19/2026,14:01:53,22.4,44.0
07/19/2026,14:06:53,22.5,44.3
07/19/2026,14:11:53,22.4,44.1
07/19/2026,14:16:53,22.3,43.7
07/19/2026,14:21:53,22.1,44.7
07/19/2026,14:26:53,22.3,43.9
07/19/2026,14:31:53,23.0,43.1
07/19/2026,14:36:53,23.1,43.4
07/19/2026,14:41:53,22.6,43.7
07/19/2026,14:46:53,22.7,44.2
07/19/2026,14:51:53,23.5,43.6
07/19/2026,14:56:53,23.7,42.9
07/19/2026,15:01:53,23.7,42.0
07/19/2026,15:06:53,24.0,41.2
07/19/2026,15:11:53,23.7,40.8
07/19/2026,15:16:53,23.4,40.2
07/19/2026,15:21:53,22.9,40.5
07/19/2026,15:26:53,23.2,40.5
07/19/2026,15:31:53,24.0,39.9
07/19/2026,15:36:53,24.4,40.4
07/19/2026,15:41:53,24.6,40.3
07/19/2026,15:46:53,24.6,40.1
07/19/2026,15:51:53,24.8,39.6
07/19/2026,15:56:53,24.6,39.4
07/19/2026,16:01:53,24.0,39.5
07/19/2026,16:06:53,24.1,39.1
07/19/2026,16:11:53,23.8,40.3
07/19/2026,16:16:53,23.5,41.9
07/19/2026,16:21:53,23.7,42.1
07/19/2026,16:26:53,24.3,41.0
07/19/2026,16:31:53,24.5,40.5
07/19/2026,16:36:53,24.6,40.5
07/19/2026,16:41:53,24.9,39.9
07/19/2026,16:46:53,24.6,40.1
07/19/2026,16:51:53,24.3,39.8
07/19/2026,16:56:53,24.1,39.4
07/19/2026,17:01:53,23.7,39.8
07/19/2026,17:06:53,23.4,40.5
07/19/2026,17:11:53,23.3,41.6
07/19/2026,17:16:53,23.0,42.1
07/19/2026,17:21:53,22.6,42.8
07/19/2026,17:26:53,22.3,43.1
07/19/2026,17:31:53,22.0,43.2
07/19/2026,17:36:53,21.8,43.8
07/19/2026,17:41:53,21.7,43.8
07/19/2026,17:46:53,21.3,44.4
07/19/2026,17:51:53,21.1,44.9
07/19/2026,17:56:53,21.0,45.1
07/19/2026,18:01:53,21.0,45.4
07/19/2026,18:06:53,20.9,45.4
07/19/2026,18:11:53,20.8,46.3
07/19/2026,18:16:53,21.0,46.2
07/19/2026,18:21:53,21.0,45.7
07/19/2026,18:26:53,20.9,45.7
07/19/2026,18:31:53,20.7,45.9
07/19/2026,18:36:53,20.6,45.9
07/19/2026,18:41:53,20.5,46.5
07/19/2026,18:46:53,20.5,46.1
07/19/2026,18:51:53,20.6,46.1
07/19/2026,18:56:53,20.6,46.0
07/19/2026,19:01:53,20.5,46.5
07/19/2026,19:06:53,20.6,46.5
07/19/2026,19:11:53,20.8,46.2
07/19/2026,19:16:53,21.0,46.1
07/19/2026,19:21:53,21.3,45.9
07/19/2026,19:26:53,21.6,45.2
07/19/2026,19:31:53,21.8,44.7
07/19/2026,19:36:53,21.6,45.1
07/19/2026,19:41:53,21.2,45.0
07/19/2026,19:46:53,21.0,45.3
07/19/2026,19:51:53,20.8,45.6
07/19/2026,19:56:53,20.5,46.1
07/19/2026,20:01:53,20.4,46.4
07/19/2026,20:06:53,20.2,46.8
07/19/2026,20:11:53,20.0,47.3
07/19/2026,20:16:53,19.8,48.1
07/19/2026,20:21:53,19.6,48.7
07/19/2026,20:26:53,19.4,48.9
07/19/2026,20:31:53,19.3,49.2
07/19/2026,20:36:53,19.1,49.3
07/19/2026,20:41:53,18.9,49.4
07/19/2026,20:46:53,18.8,49.6
07/19/2026,20:51:53,18.7,49.7
07/19/2026,20:56:53,18.5,49.9
07/19/2026,21:01:53,18.3,50.2
07/19/2026,21:06:53,18.2,50.5
07/19/2026,21:11:53,18.0,50.6
07/19/2026,21:16:53,18.0,51.1
07/19/2026,21:21:53,17.8,51.4
07/19/2026,21:26:53,17.6,52.1
07/19/2026,21:31:53,17.5,52.5
07/19/2026,21:36:53,17.4,53.0
07/19/2026,21:41:53,17.3,53.4
07/19/2026,21:46:53,17.1,53.9
07/19/2026,21:51:53,16.9,54.4
07/19/2026,21:56:53,16.8,54.7
07/19/2026,22:01:53,16.6,55.1
07/19/2026,22:06:53,16.5,55.5
07/19/2026,22:11:53,16.4,55.8
07/19/2026,22:16:53,16.3,56.2
07/19/2026,22:21:53,16.2,56.5
07/19/2026,22:26:53,16.1,56.8
07/19/2026,22:31:53,16.0,57.0
07/19/2026,22:36:53,15.9,57.1
07/19/2026,22:41:53,15.8,57.4
07/19/2026,22:46:53,15.6,57.9
07/19/2026,22:51:53,15.5,58.4
07/19/2026,22:56:53,15.4,58.4
07/19/2026,23:01:53,15.2,58.6
07/19/2026,23:06:53,15.1,58.8
07/19/2026,23:11:53,15.1,59.1
07/19/2026,23:16:53,15.0,59.4
07/19/2026,23:21:53,14.9,59.8
07/19/2026,23:26:53,14.8,60.0
07/19/2026,23:31:53,14.7,60.0
07/19/2026,23:36:53,14.6,60.2
07/19/2026,23:41:53,14.6,60.4
07/19/2026,23:46:53,14.5,60.5
07/19/2026,23:51:53,14.4,60.6
07/19/2026,23:56:53,14.4,61.2
07/20/2026,00:01:53,14.3,61.3
07/20/2026,00:06:53,14.3,61.3
07/20/2026,00:11:53,14.1,61.9
07/20/2026,00:16:53,14.1,62.1
07/20/2026,00:21:53,14.1,62.1
07/20/2026,00:26:53,14.0,62.0
07/20/2026,00:31:53,14.0,62.3
07/20/2026,00:36:53,13.9,62.3
07/20/2026,00:41:53,13.8,63.1
07/20/2026,00:46:53,13.8,63.4
07/20/2026,00:51:53,13.7,63.7
07/20/2026,00:56:53,13.6,63.8
07/20/2026,01:01:53,13.4,64.1
07/20/2026,01:06:53,13.4,64.3
07/20/2026,01:11:53,13.4,64.5
07/20/2026,01:16:53,13.4,64.8
07/20/2026,01:21:53,13.3,64.9
07/20/2026,01:26:53,13.3,65.2
07/20/2026,01:31:53,13.2,65.4
07/20/2026,01:36:53,13.2,65.5
07/20/2026,01:41:53,13.1,65.6
07/20/2026,01:46:53,13.1,65.9
07/20/2026,01:51:53,13.0,66.1
07/20/2026,01:56:53,13.0,66.4
07/20/2026,02:01:53,12.9,66.6
07/20/2026,02:06:53,12.9,66.7
07/20/2026,02:11:53,12.8,67.0
07/20/2026,02:16:53,12.8,67.3
07/20/2026,02:21:53,12.7,67.5
07/20/2026,02:26:53,12.6,68.0
07/20/2026,02:31:53,12.5,68.2
07/20/2026,02:36:53,12.5,68.3
07/20/2026,02:41:53,12.5,68.6
07/20/2026,02:46:53,12.4,68.5
07/20/2026,02:51:53,12.4,68.8
07/20/2026,02:56:53,12.4,69.1
07/20/2026,03:01:53,12.4,69.2
07/20/2026,03:06:53,12.3,69.5
07/20/2026,03:11:53,12.3,69.4
07/20/2026,03:16:53,12.3,69.4
07/20/2026,03:21:53,12.3,69.4
07/20/2026,03:26:53,12.3,69.7
07/20/2026,03:31:53,12.3,70.0
07/20/2026,03:36:53,12.2,69.9
07/20/2026,03:41:53,12.2,69.9
07/20/2026,03:46:53,12.2,70.2
07/20/2026,03:51:53,12.1,70.4
07/20/2026,03:56:53,12.1,70.6
07/20/2026,04:01:53,12.0,70.3
07/20/2026,04:06:53,12.0,70.5
07/20/2026,04:11:53,12.0,70.7
07/20/2026,04:16:53,12.0,70.9
07/20/2026,04:21:53,11.9,71.0
07/20/2026,04:26:53,11.9,71.1
07/20/2026,04:31:53,11.8,71.0
07/20/2026,04:36:53,11.8,71.4
07/20/2026,04:41:53,11.7,71.5
07/20/2026,04:46:53,11.7,71.4
07/20/2026,04:51:53,11.7,71.7
07/20/2026,04:56:53,11.7,71.6
07/20/2026,05:01:53,11.6,71.8
07/20/2026,05:06:53,11.6,72.0
07/20/2026,05:11:53,11.5,72.2
07/20/2026,05:16:53,11.4,71.8
07/20/2026,05:21:53,11.4,72.2
07/20/2026,05:26:53,11.3,72.4
07/20/2026,05:31:53,11.3,72.3
07/20/2026,05:36:53,11.2,72.6
07/20/2026,05:41:53,11.2,73.0
07/20/2026,05:46:53,11.1,72.1
07/20/2026,05:51:53,11.1,73.0
07/20/2026,05:56:53,11.1,71.4
07/20/2026,06:01:53,11.1,73.3
07/20/2026,06:06:53,11.1,73.0
07/20/2026,06:11:53,11.1,73.0
07/20/2026,06:16:53,11.1,72.4
07/20/2026,06:21:53,11.1,72.9
07/20/2026,06:26:53,11.2,73.0
07/20/2026,06:31:53,11.3,73.5
07/20/2026,06:36:53,11.3,73.3
07/20/2026,06:41:53,11.4,73.3
07/20/2026,06:46:53,11.5,73.1
07/20/2026,06:51:53,11.5,73.4
07/20/2026,06:56:53,11.7,73.5
07/20/2026,07:01:53,11.7,73.1
07/20/2026,07:06:53,11.9,73.5
07/20/2026,07:11:53,12.1,73.3
07/20/2026,07:16:53,12.3,72.8
07/20/2026,07:21:53,12.4,72.5
07/20/2026,07:26:53,12.6,72.5
07/20/2026,07:31:53,12.8,71.4
07/20/2026,07:36:53,13.0,71.4
07/20/2026,07:41:53,13.1,71.6
07/20/2026,07:46:53,13.3,70.7
07/20/2026,07:51:53,13.5,70.8
07/20/2026,07:56:53,13.6,70.2
07/20/2026,08:01:53,13.8,70.3
07/20/2026,08:06:53,14.0,69.9
07/20/2026,08:11:53,14.1,69.8
07/20/2026,08:16:53,14.3,69.7
07/20/2026,08:21:53,14.5,69.2
07/20/2026,08:26:53,14.6,68.7
07/20/2026,08:31:53,14.8,68.2
07/20/2026,08:36:53,14.9,67.6
07/20/2026,08:41:53,15.0,67.2
07/20/2026,08:46:53,15.2,66.7
07/20/2026,08:51:53,15.3,66.0
07/20/2026,08:56:53,15.5,65.2
07/20/2026,09:01:53,15.7,64.5
07/20/2026,09:06:53,15.9,64.3
07/20/2026,09:11:53,16.1,64.3
07/20/2026,09:16:53,16.4,62.6
07/20/2026,09:21:53,16.6,62.7
07/20/2026,09:26:53,16.9,61.4
07/20/2026,09:31:53,17.1,60.3
07/20/2026,09:36:53,17.3,60.9
07/20/2026,09:41:53,17.7,62.0
07/20/2026,09:46:53,18.1,60.7
07/20/2026,09:51:53,18.3,56.9
07/20/2026,09:56:53,18.6,56.4
07/20/2026,10:01:53,18.7,58.0
07/20/2026,10:06:53,18.9,55.6
07/20/2026,10:11:53,19.1,54.7
07/20/2026,10:16:53,19.4,53.3
07/20/2026,10:21:53,19.3,53.2
07/20/2026,10:26:53,19.5,51.1
07/20/2026,10:31:53,19.7,51.2
07/20/2026,10:36:53,19.9,49.6
07/20/2026,10:41:53,20.1,50.0
07/20/2026,10:46:53,20.4,49.1
07/20/2026,10:51:53,20.6,49.2
07/20/2026,10:56:53,21.0,47.5
07/20/2026,11:01:53,21.2,46.7
07/20/2026,11:06:53,21.4,48.5
07/20/2026,11:11:53,22.0,48.6
07/20/2026,11:16:53,22.4,46.7
07/20/2026,11:21:53,22.6,45.1
07/20/2026,11:26:53,22.9,44.8
07/20/2026,11:31:53,22.8,43.7
07/20/2026,11:36:53,23.1,44.2
07/20/2026,11:41:53,23.4,43.4
07/20/2026,11:46:53,23.9,43.2
07/20/2026,11:51:53,24.2,43.6
07/20/2026,11:56:53,24.4,41.1
07/20/2026,12:01:53,24.1,41.0
07/20/2026,12:06:53,24.2,40.7
07/20/2026,12:11:53,24.3,40.6
07/20/2026,12:16:53,24.4,39.6
07/20/2026,12:21:53,24.4,39.0
07/20/2026,12:26:53,24.5,38.8
07/20/2026,12:31:53,24.9,39.4
07/20/2026,12:36:53,25.1,37.6
07/20/2026,12:41:53,25.2,37.8
07/20/2026,12:46:53,25.4,38.2
07/20/2026,12:51:53,25.9,37.9
07/20/2026,12:56:53,26.1,37.0
07/20/2026,13:01:53,26.3,36.4
07/20/2026,13:06:53,26.4,36.6
07/20/2026,13:11:53,26.4,36.5
07/20/2026,13:16:53,26.6,36.3
07/20/2026,13:21:53,27.0,36.1
07/20/2026,13:26:53,26.9,35.3
07/20/2026,13:31:53,27.1,35.7
07/20/2026,13:36:53,27.3,34.6
07/20/2026,13:41:53,27.1,34.8
07/20/2026,13:46:53,26.9,34.9
07/20/2026,13:51:53,27.1,34.2
07/20/2026,13:56:53,26.8,33.9
07/20/2026,14:01:53,26.9,34.7
07/20/2026,14:06:53,27.3,34.5
07/20/2026,14:11:53,27.6,34.0
07/20/2026,14:16:53,27.6,33.2
07/20/2026,14:21:53,27.8,33.0
07/20/2026,14:26:53,27.8,33.7
07/20/2026,14:31:53,28.2,33.2
07/20/2026,14:36:53,28.4,32.6
07/20/2026,14:41:53,28.3,33.3
07/20/2026,14:46:53,28.5,32.6
07/20/2026,14:51:53,28.7,32.6
07/20/2026,14:56:53,29.1,32.5
07/20/2026,15:01:53,29.1,32.1
07/20/2026,15:06:53,29.0,32.2
07/20/2026,15:11:53,29.0,32.1
07/20/2026,15:16:53,29.1,31.3
07/20/2026,15:21:53,28.8,31.9
07/20/2026,15:26:53,28.7,31.7
07/20/2026,15:31:53,28.9,31.8
07/20/2026,15:36:53,29.3,31.4
07/20/2026,15:41:53,29.4,31.4
07/20/2026,15:46:53,29.0,31.1
07/20/2026,15:51:53,28.8,31.8
07/20/2026,15:56:53,28.9,31.5
07/20/2026,16:01:53,29.4,31.5
07/20/2026,16:06:53,29.6,31.2
07/20/2026,16:11:53,29.7,31.0
07/20/2026,16:16:53,29.9,30.9
07/20/2026,16:21:53,29.9,30.6
07/20/2026,16:26:53,29.7,30.5
07/20/2026,16:31:53,29.5,31.0
07/20/2026,16:36:53,29.3,30.3
07/20/2026,16:41:53,29.2,30.6
07/20/2026,16:46:53,28.9,31.1
07/20/2026,16:51:53,28.9,30.9
07/20/2026,16:56:53,28.8,31.0
07/20/2026,17:01:53,28.4,31.0
07/20/2026,17:06:53,28.2,31.5
07/20/2026,17:11:53,27.8,31.4
07/20/2026,17:16:53,27.6,31.6
07/20/2026,17:21:53,27.4,32.0
07/20/2026,17:26:53,27.0,31.9
07/20/2026,17:31:53,26.8,32.3
07/20/2026,17:36:53,26.5,32.4
07/20/2026,17:41:53,26.4,32.7
07/20/2026,17:46:53,26.4,33.0
07/20/2026,17:51:53,26.3,33.0
07/20/2026,17:56:53,26.2,33.3
07/20/2026,18:01:53,26.0,33.2
07/20/2026,18:06:53,26.0,33.4
07/20/2026,18:11:53,25.9,33.6
07/20/2026,18:16:53,25.8,34.0
07/20/2026,18:21:53,25.8,34.0
07/20/2026,18:26:53,25.8,34.2
07/20/2026,18:31:53,25.6,34.4
07/20/2026,18:36:53,25.6,34.8
07/20/2026,18:41:53,25.6,34.9
07/20/2026,18:46:53,25.4,35.0
07/20/2026,18:51:53,25.3,35.2
07/20/2026,18:56:53,25.1,35.5
07/20/2026,19:01:53,25.0,36.2
07/20/2026,19:06:53,25.0,35.9
07/20/2026,19:11:53,25.1,36.1
07/20/2026,19:16:53,25.3,36.2
07/20/2026,19:21:53,25.5,36.4
07/20/2026,19:26:53,25.7,36.2
07/20/2026,19:31:53,25.7,36.5
07/20/2026,19:36:53,25.5,36.6
07/20/2026,19:41:53,25.3,37.0
07/20/2026,19:46:53,25.1,37.3
07/20/2026,19:51:53,24.8,37.6
07/20/2026,19:56:53,24.6,37.9
07/20/2026,20:01:53,24.4,38.3
07/20/2026,20:06:53,24.3,38.5
07/20/2026,20:11:53,24.0,38.7
07/20/2026,20:16:53,23.7,39.0
07/20/2026,20:21:53,23.6,39.2
07/20/2026,20:26:53,23.3,39.6
07/20/2026,20:31:53,23.2,39.8
07/20/2026,20:36:53,23.0,40.2
07/20/2026,20:41:53,22.7,40.7
07/20/2026,20:46:53,22.5,40.9
07/20/2026,20:51:53,22.4,41.2
07/20/2026,20:56:53,22.1,41.5
07/20/2026,21:01:53,22.0,41.7
07/20/2026,21:06:53,21.8,42.0
07/20/2026,21:11:53,21.7,42.3
07/20/2026,21:16:53,21.5,42.7
07/20/2026,21:21:53,21.4,43.0
07/20/2026,21:26:53,21.3,43.1
07/20/2026,21:31:53,21.1,43.9
07/20/2026,21:36:53,21.0,44.6
07/20/2026,21:41:53,20.9,44.5
07/20/2026,21:46:53,20.8,44.8
07/20/2026,21:51:53,20.7,45.2
07/20/2026,21:56:53,20.5,45.6
07/20/2026,22:01:53,20.5,46.0
07/20/2026,22:06:53,20.4,46.4
07/20/2026,22:11:53,20.4,47.0
07/20/2026,22:16:53,20.2,47.5
07/20/2026,22:21:53,20.1,48.0
07/20/2026,22:26:53,20.0,48.8
07/20/2026,22:31:53,19.8,49.4
07/20/2026,22:36:53,19.8,50.0
07/20/2026,22:41:53,19.7,50.7
07/20/2026,22:46:53,19.6,51.3
07/20/2026,22:51:53,19.5,51.9
07/20/2026,22:56:53,19.4,52.5
07/20/2026,23:01:53,19.3,53.0
07/20/2026,23:06:53,19.3,53.4
07/20/2026,23:11:53,19.1,54.0
07/20/2026,23:16:53,19.0,54.6
07/20/2026,23:21:53,18.9,55.1
07/20/2026,23:26:53,18.8,55.4
07/20/2026,23:31:53,18.8,55.6
07/20/2026,23:36:53,18.7,56.0
07/20/2026,23:41:53,18.6,56.3
07/20/2026,23:46:53,18.6,56.5
07/20/2026,23:51:53,18.6,56.7
07/20/2026,23:56:53,18.5,57.1
07/21/2026,00:01:53,18.3,57.5
07/21/2026,00:06:53,18.1,57.7
07/21/2026,00:11:53,18.0,58.2
07/21/2026,00:16:53,17.9,58.7
07/21/2026,00:21:53,17.7,59.1
07/21/2026,00:26:53,17.6,59.5
07/21/2026,00:31:53,17.5,59.8
07/21/2026,00:36:53,17.4,60.1
07/21/2026,00:41:53,17.3,60.5
07/21/2026,00:46:53,17.2,60.9
07/21/2026,00:51:53,17.1,61.2
07/21/2026,00:56:53,17.0,61.4
07/21/2026,01:01:53,16.9,61.8
07/21/2026,01:06:53,16.8,62.2
07/21/2026,01:11:53,16.7,62.6
07/21/2026,01:16:53,16.6,62.9
07/21/2026,01:21:53,16.5,63.4
07/21/2026,01:26:53,16.5,63.8
07/21/2026,01:31:53,16.4,64.1
07/21/2026,01:36:53,16.3,64.4
07/21/2026,01:41:53,16.3,64.7
07/21/2026,01:46:53,16.2,64.8
07/21/2026,01:51:53,16.1,64.9
07/21/2026,01:56:53,16.0,65.0
07/21/2026,02:01:53,16.0,65.3
07/21/2026,02:06:53,15.9,65.8
07/21/2026,02:11:53,15.8,65.9
07/21/2026,02:16:53,15.8,66.2
07/21/2026,02:21:53,15.7,66.3
07/21/2026,02:26:53,15.6,66.7
07/21/2026,02:31:53,15.5,67.0
07/21/2026,02:36:53,15.4,67.0
07/21/2026,02:41:53,15.3,67.0
07/21/2026,02:46:53,15.1,67.4
07/21/2026,02:51:53,15.0,67.6
07/21/2026,02:56:53,14.9,68.1
07/21/2026,03:01:53,14.8,68.5
07/21/2026,03:06:53,14.8,68.7
07/21/2026,03:11:53,14.8,68.7
07/21/2026,03:16:53,14.8,68.8
07/21/2026,03:21:53,14.8,68.8
07/21/2026,03:26:53,14.7,69.3
07/21/2026,03:31:53,14.5,69.9
07/21/2026,03:36:53,14.4,70.3
07/21/2026,03:41:53,14.4,70.6
07/21/2026,03:46:53,14.4,70.9
07/21/2026,03:51:53,14.4,71.2
07/21/2026,03:56:53,14.4,71.5
07/21/2026,04:01:53,14.3,71.9
07/21/2026,04:06:53,14.4,72.1
07/21/2026,04:11:53,14.3,72.5
07/21/2026,04:16:53,14.4,72.9
07/21/2026,04:21:53,14.4,73.3
07/21/2026,04:26:53,14.5,73.6
07/21/2026,04:31:53,14.5,73.9
07/21/2026,04:36:53,14.5,74.1
07/21/2026,04:41:53,14.5,74.3
07/21/2026,04:46:53,14.5,74.5
07/21/2026,04:51:53,14.4,74.6
07/21/2026,04:56:53,14.3,74.6
07/21/2026,05:01:53,14.3,75.0
07/21/2026,05:06:53,14.3,75.1
07/21/2026,05:11:53,14.2,75.2
07/21/2026,05:16:53,14.3,75.4
07/21/2026,05:21:53,14.3,75.6
07/21/2026,05:26:53,14.3,75.6
07/21/2026,05:31:53,14.3,75.6
07/21/2026,05:36:53,14.3,75.4
07/21/2026,05:41:53,14.3,75.5
07/21/2026,05:46:53,14.3,75.6
07/21/2026,05:51:53,14.3,75.6
07/21/2026,05:56:53,14.3,75.6
07/21/2026,06:01:53,14.3,75.7
07/21/2026,06:06:53,14.2,75.7
07/21/2026,06:11:53,14.3,75.9
07/21/2026,06:16:53,14.3,75.8
07/21/2026,06:21:53,14.4,75.6
07/21/2026,06:26:53,14.4,75.5
07/21/2026,06:31:53,14.5,75.4
07/21/2026,06:36:53,14.5,75.4
07/21/2026,06:41:53,14.7,75.4
07/21/2026,06:46:53,14.8,75.1
07/21/2026,06:51:53,14.9,75.0
07/21/2026,06:56:53,15.0,74.8
07/21/2026,07:01:53,15.0,74.8
07/21/2026,07:06:53,15.1,74.9
07/21/2026,07:11:53,15.2,74.7
07/21/2026,07:16:53,15.4,74.4
07/21/2026,07:21:53,15.5,73.8
07/21/2026,07:26:53,15.6,72.7
07/21/2026,07:31:53,15.8,73.2
07/21/2026,07:36:53,15.8,72.1
07/21/2026,07:41:53,16.0,71.1
07/21/2026,07:46:53,16.1,71.1
07/21/2026,07:51:53,16.2,70.5
07/21/2026,07:56:53,16.4,69.5
07/21/2026,08:01:53,16.5,70.5
07/21/2026,08:06:53,16.7,69.0
07/21/2026,08:11:53,16.8,68.7
07/21/2026,08:16:53,17.0,68.7
07/21/2026,08:21:53,17.1,69.0
07/21/2026,08:26:53,17.2,68.3
07/21/2026,08:31:53,17.4,68.2
07/21/2026,08:36:53,17.5,67.4
07/21/2026,08:41:53,17.6,67.1
07/21/2026,08:46:53,17.8,67.8
07/21/2026,08:51:53,17.9,67.5
07/21/2026,08:56:53,18.1,67.5
07/21/2026,09:01:53,18.2,67.0
07/21/2026,09:06:53,18.4,66.8
07/21/2026,09:11:53,18.4,66.8
07/21/2026,09:16:53,18.6,66.4
07/21/2026,09:21:53,18.7,66.1
07/21/2026,09:26:53,18.8,65.8
07/21/2026,09:31:53,18.8,65.6
07/21/2026,09:36:53,18.7,65.6
07/21/2026,09:41:53,18.6,65.9
07/21/2026,09:46:53,18.6,66.0
07/21/2026,09:51:53,18.8,65.8
07/21/2026,09:56:53,19.0,65.8
07/21/2026,10:01:53,19.2,65.3
07/21/2026,10:06:53,19.5,64.6
07/21/2026,10:11:53,19.7,64.4
07/21/2026,10:16:53,19.8,64.1
07/21/2026,10:21:53,19.9,63.8
07/21/2026,10:26:53,19.9,63.6
07/21/2026,10:31:53,19.8,63.5
07/21/2026,10:36:53,19.9,63.4
07/21/2026,10:41:53,19.8,63.5
07/21/2026,10:46:53,19.8,63.7
07/21/2026,10:51:53,19.9,63.7
07/21/2026,10:56:53,19.8,63.8
07/21/2026,11:01:53,19.7,64.1
07/21/2026,11:06:53,19.8,64.2
07/21/2026,11:11:53,19.9,64.1
07/21/2026,11:16:53,20.1,63.8
07/21/2026,11:21:53,20.2,63.7
07/21/2026,11:26:53,20.2,63.4
07/21/2026,11:31:53,20.2,63.5
07/21/2026,11:36:53,20.2,63.4
07/21/2026,11:41:53,20.3,63.5
07/21/2026,11:46:53,20.2,63.5
07/21/2026,11:51:53,20.2,63.5
07/21/2026,11:56:53,20.1,63.5
07/21/2026,12:01:53,20.1,63.6
07/21/2026,12:06:53,20.2,63.8
07/21/2026,12:11:53,20.2,63.4
07/21/2026,12:16:53,20.1,63.5
07/21/2026,12:21:53,20.1,63.6
07/21/2026,12:26:53,20.0,63.8
07/21/2026,12:31:53,19.9,63.9
07/21/2026,12:36:53,19.9,63.9
07/21/2026,12:41:53,20.1,63.9
07/21/2026,12:46:53,20.4,63.8
07/21/2026,12:51:53,20.7,63.4
07/21/2026,12:56:53,20.8,62.7
07/21/2026,13:01:53,20.8,62.5
07/21/2026,13:06:53,20.7,62.3
07/21/2026,13:11:53,20.6,62.5
07/21/2026,13:16:53,20.6,62.8
07/21/2026,13:21:53,20.6,63.2
07/21/2026,13:26:53,20.7,63.0
07/21/2026,13:31:53,20.8,62.9
07/21/2026,13:36:53,20.8,63.0
07/21/2026,13:41:53,20.7,63.0
07/21/2026,13:46:53,20.7,62.9
07/21/2026,13:51:53,20.7,62.8
07/21/2026,13:56:53,20.7,62.5
07/21/2026,14:01:53,20.6,62.3
07/21/2026,14:06:53,20.6,62.5
07/21/2026,14:11:53,20.7,62.1
07/21/2026,14:16:53,20.7,62.5
07/21/2026,14:21:53,20.7,62.4
07/21/2026,14:26:53,20.7,62.2
07/21/2026,14:31:53,20.8,62.2
07/21/2026,14:36:53,20.9,62.2
07/21/2026,14:41:53,21.1,62.3
07/21/2026,14:46:53,21.2,61.8
07/21/2026,14:51:53,21.4,61.5
07/21/2026,14:56:53,21.6,61.2
07/21/2026,15:01:53,21.7,60.7
07/21/2026,15:06:53,21.8,60.6
07/21/2026,15:11:53,21.9,60.5
07/21/2026,15:16:53,22.0,60.2
07/21/2026,15:21:53,22.0,60.4
07/21/2026,15:26:53,22.1,59.8
07/21/2026,15:31:53,22.1,59.6
07/21/2026,15:36:53,22.2,59.7
07/21/2026,15:41:53,22.4,59.3
07/21/2026,15:46:53,22.5,58.6
07/21/2026,15:51:53,22.5,58.6
07/21/2026,15:56:53,22.4,59.0
07/21/2026,16:01:53,22.4,58.8
07/21/2026,16:06:53,22.5,58.7
07/21/2026,16:11:53,22.6,58.5
07/21/2026,16:16:53,22.6,58.2
07/21/2026,16:21:53,22.6,58.3
07/21/2026,16:26:53,22.6,58.3
07/21/2026,16:31:53,22.7,58.1
07/21/2026,16:36:53,22.8,58.0
07/21/2026,16:41:53,22.8,57.9
07/21/2026,16:46:53,22.8,57.8
07/21/2026,16:51:53,22.9,57.7
07/21/2026,16:56:53,23.1,57.4
07/21/2026,17:01:53,23.2,57.1
07/21/2026,17:06:53,23.2,56.9
07/21/2026,17:11:53,23.2,56.7
07/21/2026,17:16:53,23.2,57.0
07/21/2026,17:21:53,23.2,56.5
07/21/2026,17:26:53,23.1,56.7
07/21/2026,17:31:53,23.1,56.7
07/21/2026,17:36:53,23.1,56.6
07/21/2026,17:41:53,23.1,56.5
07/21/2026,17:46:53,22.8,56.7
07/21/2026,17:51:53,22.8,56.9
07/21/2026,17:56:53,22.8,57.0
07/21/2026,18:01:53,22.9,56.6
07/21/2026,18:06:53,22.8,56.8
07/21/2026,18:11:53,22.8,56.8
07/21/2026,18:16:53,22.8,56.9
07/21/2026,18:21:53,22.9,56.8
07/21/2026,18:26:53,22.9,57.0
07/21/2026,18:31:53,22.8,57.1
07/21/2026,18:36:53,22.8,57.0
07/21/2026,18:41:53,22.8,57.0
07/21/2026,18:46:53,22.7,57.0
07/21/2026,18:51:53,22.7,57.0
07/21/2026,18:56:53,22.7,56.8
07/21/2026,19:01:53,22.6,57.0
07/21/2026,19:06:53,22.6,57.0
07/21/2026,19:11:53,22.6,57.2
07/21/2026,19:16:53,22.7,57.0
07/21/2026,19:21:53,22.9,56.8
07/21/2026,19:26:53,23.1,56.4
07/21/2026,19:31:53,23.2,56.0
07/21/2026,19:36:53,23.2,55.9
07/21/2026,19:41:53,23.0,56.0
07/21/2026,19:46:53,22.8,56.2
07/21/2026,19:51:53,22.5,56.5
07/21/2026,19:56:53,22.4,56.7
07/21/2026,20:01:53,22.2,57.1
07/21/2026,20:06:53,22.0,57.3
07/21/2026,20:11:53,21.9,57.5
07/21/2026,20:16:53,21.6,57.9
07/21/2026,20:21:53,21.5,58.1
07/21/2026,20:26:53,21.3,58.4
07/21/2026,20:31:53,21.2,58.9
07/21/2026,20:36:53,21.1,59.1
07/21/2026,20:41:53,21.0,59.3
07/21/2026,20:46:53,20.9,59.4
07/21/2026,20:51:53,20.8,59.7
07/21/2026,20:56:53,20.7,60.1
07/21/2026,21:01:53,20.5,60.3
07/21/2026,21:06:53,20.4,60.6
07/21/2026,21:11:53,20.2,60.8
07/21/2026,21:16:53,20.1,61.1
07/21/2026,21:21:53,20.0,61.4
07/21/2026,21:26:53,19.8,61.6
07/21/2026,21:31:53,19.7,61.9
07/21/2026,21:36:53,19.5,62.2
07/21/2026,21:41:53,19.4,62.4
07/21/2026,21:46:53,19.3,62.6
07/21/2026,21:51:53,19.2,62.9
07/21/2026,21:56:53,19.1,63.1
07/21/2026,22:01:53,19.0,63.3
07/21/2026,22:06:53,18.9,63.6
07/21/2026,22:11:53,18.8,63.8
07/21/2026,22:16:53,18.7,64.0
07/21/2026,22:21:53,18.6,64.3
07/21/2026,22:26:53,18.5,64.5
07/21/2026,22:31:53,18.4,64.7
07/21/2026,22:36:53,18.3,64.8
07/21/2026,22:41:53,18.2,65.1
07/21/2026,22:46:53,18.1,65.3
07/21/2026,22:51:53,18.0,65.4
07/21/2026,22:56:53,17.9,65.7
07/21/2026,23:01:53,17.8,65.9
07/21/2026,23:06:53,17.7,66.1
07/21/2026,23:11:53,17.6,66.3
07/21/2026,23:16:53,17.5,66.4
07/21/2026,23:21:53,17.4,66.6
07/21/2026,23:26:53,17.4,66.9
07/21/2026,23:31:53,17.3,66.9
07/21/2026,23:36:53,17.2,67.1
07/21/2026,23:41:53,17.1,67.3
07/21/2026,23:46:53,17.0,67.4
07/21/2026,23:51:53,16.9,67.7
07/21/2026,23:56:53,16.8,68.0
07/22/2026,00:01:53,16.8,68.0
07/22/2026,00:06:53,16.7,68.3
07/22/2026,00:11:53,16.6,68.5
07/22/2026,00:16:53,16.6,68.3
07/22/2026,00:21:53,16.4,68.3
07/22/2026,00:26:53,16.4,68.6
07/22/2026,00:31:53,16.3,68.9
07/22/2026,00:36:53,16.3,68.6
07/22/2026,00:41:53,16.2,68.7
07/22/2026,00:46:53,16.1,68.8
07/22/2026,00:51:53,16.1,69.0
07/22/2026,00:56:53,16.0,69.1
07/22/2026,01:01:53,16.0,69.0
07/22/2026,01:06:53,15.9,69.1
07/22/2026,01:11:53,15.9,69.4
07/22/2026,01:16:53,15.8,69.2
07/22/2026,01:21:53,15.8,69.2
07/22/2026,01:26:53,15.7,69.4
07/22/2026,01:31:53,15.6,69.9
07/22/2026,01:36:53,15.6,69.8
07/22/2026,01:41:53,15.5,69.8
07/22/2026,01:46:53,15.5,70.0
07/22/2026,01:51:53,15.4,70.1
07/22/2026,01:56:53,15.4,70.2
07/22/2026,02:01:53,15.3,70.6
07/22/2026,02:06:53,15.3,70.5
07/22/2026,02:11:53,15.2,70.5
07/22/2026,02:16:53,15.2,70.6
07/22/2026,02:21:53,15.1,71.1
07/22/2026,02:26:53,15.1,71.1
07/22/2026,02:31:53,15.0,71.1
07/22/2026,02:36:53,15.0,71.2
07/22/2026,02:41:53,15.0,71.2
07/22/2026,02:46:53,14.9,71.4
07/22/2026,02:51:53,14.9,71.8
07/22/2026,02:56:53,14.9,71.6
07/22/2026,03:01:53,14.9,71.5
07/22/2026,03:06:53,14.9,71.5
07/22/2026,03:11:53,14.9,71.6
07/22/2026,03:16:53,14.8,71.7
07/22/2026,03:21:53,14.8,71.5
07/22/2026,03:26:53,14.8,72.2
07/22/2026,03:31:53,14.8,72.3
07/22/2026,03:36:53,14.8,70.3
07/22/2026,03:41:53,14.8,68.8
07/22/2026,03:46:53,14.8,68.6
07/22/2026,03:51:53,14.8,68.0
07/22/2026,03:56:53,14.8,70.6
07/22/2026,04:01:53,14.8,69.3
07/22/2026,04:06:53,14.9,68.8
07/22/2026,04:11:53,14.9,68.3
07/22/2026,04:16:53,14.9,69.3
07/22/2026,04:21:53,15.0,68.8
07/22/2026,04:26:53,15.0,69.9
07/22/2026,04:31:53,15.0,68.9
07/22/2026,04:36:53,15.0,69.3
07/22/2026,04:41:53,15.0,66.6
07/22/2026,04:46:53,15.1,68.6
07/22/2026,04:51:53,15.1,67.0
07/22/2026,04:56:53,15.1,68.8
07/22/2026,05:01:53,15.1,68.6
07/22/2026,05:06:53,15.2,70.2
07/22/2026,05:11:53,15.2,70.1
07/22/2026,05:16:53,15.2,70.2
07/22/2026,05:21:53,15.2,69.1
07/22/2026,05:26:53,15.3,70.5
07/22/2026,05:31:53,15.3,69.6
07/22/2026,05:36:53,15.3,69.7
07/22/2026,05:41:53,15.3,70.1
07/22/2026,05:46:53,15.3,70.3
07/22/2026,05:51:53,15.4,70.7
07/22/2026,05:56:53,15.4,69.2
07/22/2026,06:01:53,15.4,70.5
07/22/2026,06:06:53,15.4,70.6
07/22/2026,06:11:53,15.5,70.4
07/22/2026,06:16:53,15.5,70.8
07/22/2026,06:21:53,15.5,71.1
07/22/2026,06:26:53,15.6,71.2
07/22/2026,06:31:53,15.6,70.1
07/22/2026,06:36:53,15.7,71.0
07/22/2026,06:41:53,15.7,71.5
07/22/2026,06:46:53,15.7,70.3
07/22/2026,06:51:53,15.7,71.2
07/22/2026,06:56:53,15.8,70.2
07/22/2026,07:01:53,15.8,71.3
07/22/2026,07:06:53,16.0,71.1
07/22/2026,07:11:53,16.1,70.7
07/22/2026,07:16:53,16.1,70.1
07/22/2026,07:21:53,16.2,70.2
07/22/2026,07:26:53,16.3,69.8
07/22/2026,07:31:53,16.4,69.9
07/22/2026,07:36:53,16.4,69.9
07/22/2026,07:41:53,16.5,70.0
07/22/2026,07:46:53,16.6,70.0
07/22/2026,07:51:53,16.8,69.6
07/22/2026,07:56:53,16.9,69.3
07/22/2026,08:01:53,17.0,69.4
07/22/2026,08:06:53,17.1,69.2
07/22/2026,08:11:53,17.2,68.9
07/22/2026,08:16:53,17.3,68.6
07/22/2026,08:21:53,17.4,67.9
07/22/2026,08:26:53,17.6,67.6
07/22/2026,08:31:53,17.8,67.2
07/22/2026,08:36:53,17.9,66.9
07/22/2026,08:41:53,18.0,66.6
07/22/2026,08:46:53,18.1,66.1
07/22/2026,08:51:53,18.3,66.0
07/22/2026,08:56:53,18.4,65.7
07/22/2026,09:01:53,18.5,65.3
07/22/2026,09:06:53,18.6,64.8
07/22/2026,09:11:53,18.9,64.3
07/22/2026,09:16:53,19.0,64.0
07/22/2026,09:21:53,19.2,63.6
07/22/2026,09:26:53,19.3,63.1
07/22/2026,09:31:53,19.5,62.8
07/22/2026,09:36:53,19.7,62.1
07/22/2026,09:41:53,19.9,62.0
07/22/2026,09:46:53,20.0,61.2
07/22/2026,09:51:53,20.2,60.9
07/22/2026,09:56:53,20.3,60.7
07/22/2026,10:01:53,20.5,60.1
07/22/2026,10:06:53,20.7,59.7
07/22/2026,10:11:53,20.9,59.5
07/22/2026,10:16:53,21.1,59.5
07/22/2026,10:21:53,21.5,58.6
07/22/2026,10:26:53,21.7,58.1
07/22/2026,10:31:53,21.8,57.9
07/22/2026,10:36:53,22.1,57.2
07/22/2026,10:41:53,22.0,57.5
07/22/2026,10:46:53,22.1,57.5
07/22/2026,10:51:53,22.2,57.4
07/22/2026,10:56:53,22.6,56.7
07/22/2026,11:01:53,22.6,55.7
07/22/2026,11:06:53,22.5,56.0
07/22/2026,11:11:53,22.6,56.2
07/22/2026,11:16:53,22.7,56.2
07/22/2026,11:21:53,22.7,55.6
07/22/2026,11:26:53,22.7,55.5
07/22/2026,11:31:53,22.7,55.5
07/22/2026,11:36:53,22.8,55.6
07/22/2026,11:41:53,23.1,55.2
07/22/2026,11:46:53,23.1,55.2
07/22/2026,11:51:53,23.1,55.0
07/22/2026,11:56:53,23.0,54.8
07/22/2026,12:01:53,23.2,54.7
07/22/2026,12:06:53,23.3,54.7
07/22/2026,12:11:53,23.5,54.5
07/22/2026,12:16:53,23.8,54.0
07/22/2026,12:21:53,23.8,53.5
07/22/2026,12:26:53,23.7,53.6
07/22/2026,12:31:53,23.5,53.4
07/22/2026,12:36:53,23.7,53.6
07/22/2026,12:41:53,23.8,53.1
07/22/2026,12:46:53,23.7,53.0
07/22/2026,12:51:53,23.9,53.2
07/22/2026,12:56:53,24.1,52.8
07/22/2026,13:01:53,24.3,52.6
07/22/2026,13:06:53,24.6,52.5
07/22/2026,13:11:53,24.9,51.9
07/22/2026,13:16:53,24.8,51.5
07/22/2026,13:21:53,25.0,51.4
07/22/2026,13:26:53,24.9,50.9
07/22/2026,13:31:53,24.9,51.1
07/22/2026,13:36:53,25.2,50.8
07/22/2026,13:41:53,25.3,50.2
07/22/2026,13:46:53,25.4,50.4
07/22/2026,13:51:53,25.7,50.0
07/22/2026,13:56:53,25.7,49.8
07/22/2026,14:01:53,25.9,49.2
07/22/2026,14:06:53,25.8,48.7
07/22/2026,14:11:53,25.4,49.3
07/22/2026,14:16:53,25.6,49.6
07/22/2026,14:21:53,25.7,49.5
07/22/2026,14:26:53,25.8,48.9
07/22/2026,14:31:53,25.9,48.8
07/22/2026,14:36:53,25.8,49.0
07/22/2026,14:41:53,25.9,48.9
07/22/2026,14:46:53,26.1,49.0
07/22/2026,14:51:53,26.2,47.8
07/22/2026,14:56:53,26.1,48.6
07/22/2026,15:01:53,26.2,47.8
07/22/2026,15:06:53,25.8,48.6
07/22/2026,15:11:53,25.8,48.3
07/22/2026,15:16:53,26.0,48.6
07/22/2026,15:21:53,26.1,48.1
07/22/2026,15:26:53,26.1,48.2
07/22/2026,15:31:53,26.4,48.1
07/22/2026,15:36:53,26.3,47.3
07/22/2026,15:41:53,26.0,47.7
07/22/2026,15:46:53,26.1,47.7
07/22/2026,15:51:53,26.1,47.7
07/22/2026,15:56:53,26.4,47.9
07/22/2026,16:01:53,26.6,47.1
07/22/2026,16:06:53,26.8,47.0
07/22/2026,16:11:53,27.2,46.2
07/22/2026,16:16:53,27.0,46.4
07/22/2026,16:21:53,26.5,46.2
07/22/2026,16:26:53,26.6,47.1
07/22/2026,16:31:53,26.8,46.6
07/22/2026,16:36:53,26.8,46.5
07/22/2026,16:41:53,26.8,46.3
07/22/2026,16:46:53,26.9,45.6
07/22/2026,16:51:53,26.5,46.1
07/22/2026,16:56:53,26.6,46.1
07/22/2026,17:01:53,26.3,45.8
07/22/2026,17:06:53,26.2,46.4
07/22/2026,17:11:53,26.2,46.4
07/22/2026,17:16:53,26.2,46.9
07/22/2026,17:21:53,26.3,47.5
07/22/2026,17:26:53,26.1,47.4
07/22/2026,17:31:53,25.7,48.2
07/22/2026,17:36:53,25.5,48.5
07/22/2026,17:41:53,25.2,48.8
07/22/2026,17:46:53,25.0,49.2
07/22/2026,17:51:53,25.0,49.4
07/22/2026,17:56:53,24.7,49.6
07/22/2026,18:01:53,24.6,49.8
07/22/2026,18:06:53,24.6,49.8
07/22/2026,18:11:53,24.3,50.0
07/22/2026,18:16:53,24.1,50.2
07/22/2026,18:21:53,24.1,50.4
07/22/2026,18:26:53,24.0,50.4
07/22/2026,18:31:53,24.0,50.4
07/22/2026,18:36:53,24.0,50.5
07/22/2026,18:41:53,24.0,50.5
07/22/2026,18:46:53,23.8,50.6
07/22/2026,18:51:53,23.7,51.0
07/22/2026,18:56:53,23.6,50.9
07/22/2026,19:01:53,23.6,51.1
07/22/2026,19:06:53,23.5,51.3
07/22/2026,19:11:53,23.5,51.3
07/22/2026,19:16:53,23.6,51.3
07/22/2026,19:21:53,23.8,51.2
07/22/2026,19:26:53,23.8,51.0
07/22/2026,19:31:53,23.9,50.6
07/22/2026,19:36:53,23.8,50.5
07/22/2026,19:41:53,23.7,50.5
07/22/2026,19:46:53,23.5,50.8
07/22/2026,19:51:53,23.3,50.7
07/22/2026,19:56:53,23.1,50.9
07/22/2026,20:01:53,22.9,51.1
07/22/2026,20:06:53,22.7,51.3
07/22/2026,20:11:53,22.6,51.5
07/22/2026,20:16:53,22.4,51.8
07/22/2026,20:21:53,22.3,52.1
07/22/2026,20:26:53,22.1,52.3
07/22/2026,20:31:53,21.9,52.6
07/22/2026,20:36:53,21.8,52.8
07/22/2026,20:41:53,21.7,53.1
07/22/2026,20:46:53,21.6,53.3
07/22/2026,20:51:53,21.5,53.5
07/22/2026,20:56:53,21.4,53.8
07/22/2026,21:01:53,21.3,54.0
07/22/2026,21:06:53,21.1,54.3
07/22/2026,21:11:53,21.0,54.5
07/22/2026,21:16:53,20.8,54.9
07/22/2026,21:21:53,20.7,54.8
07/22/2026,21:26:53,20.6,55.5
07/22/2026,21:31:53,20.4,55.7
07/22/2026,21:36:53,20.2,56.2
07/22/2026,21:41:53,20.1,56.6
07/22/2026,21:46:53,20.0,56.8
07/22/2026,21:51:53,19.8,57.0
07/22/2026,21:56:53,19.7,57.1
07/22/2026,22:01:53,19.5,57.5
07/22/2026,22:06:53,19.4,57.5
07/22/2026,22:11:53,19.3,57.9
07/22/2026,22:16:53,19.2,58.3
07/22/2026,22:21:53,19.1,58.7
07/22/2026,22:26:53,19.0,58.9
07/22/2026,22:31:53,18.9,59.1
07/22/2026,22:36:53,18.8,59.3
07/22/2026,22:41:53,18.7,59.3
07/22/2026,22:46:53,18.6,60.0
07/22/2026,22:51:53,18.5,60.1
07/22/2026,22:56:53,18.4,60.5
07/22/2026,23:01:53,18.3,60.5
07/22/2026,23:06:53,18.2,60.6
07/22/2026,23:11:53,18.2,61.0
07/22/2026,23:16:53,18.1,61.2
07/22/2026,23:21:53,18.1,61.6
07/22/2026,23:26:53,18.0,61.7
07/22/2026,23:31:53,17.9,61.9
07/22/2026,23:36:53,17.8,62.0
07/22/2026,23:41:53,17.8,62.0
07/22/2026,23:46:53,17.7,62.3
07/22/2026,23:51:53,17.6,62.4
07/22/2026,23:56:53,17.5,62.4
07/23/2026,00:01:53,17.4,62.4
07/23/2026,00:06:53,17.3,62.7
07/23/2026,00:11:53,17.3,62.9
07/23/2026,00:16:53,17.2,63.0
07/23/2026,00:21:53,17.1,63.3
07/23/2026,00:26:53,17.1,63.5
07/23/2026,00:31:53,17.1,63.7
07/23/2026,00:36:53,17.1,64.1
07/23/2026,00:41:53,17.0,64.4
07/23/2026,00:46:53,16.9,64.9
07/23/2026,00:51:53,16.8,64.9
07/23/2026,00:56:53,16.7,64.9
07/23/2026,01:01:53,16.7,65.2
07/23/2026,01:06:53,16.7,65.4
07/23/2026,01:11:53,16.7,65.4
07/23/2026,01:16:53,16.7,66.0
07/23/2026,01:21:53,16.7,65.1
07/23/2026,01:26:53,16.6,65.5
07/23/2026,01:31:53,16.7,67.0
07/23/2026,01:36:53,16.6,66.9
07/23/2026,01:41:53,16.6,66.7
07/23/2026,01:46:53,16.5,66.1
07/23/2026,01:51:53,16.5,67.2
07/23/2026,01:56:53,16.4,67.3
07/23/2026,02:01:53,16.4,66.1
07/23/2026,02:06:53,16.3,64.1
07/23/2026,02:11:53,16.3,64.1
07/23/2026,02:16:53,16.2,63.5
07/23/2026,02:21:53,16.2,65.9
07/23/2026,02:26:53,16.1,64.7
07/23/2026,02:31:53,16.1,65.4
07/23/2026,02:36:53,16.1,61.6
07/23/2026,02:41:53,16.0,61.5
07/23/2026,02:46:53,15.9,61.4
07/23/2026,02:51:53,15.9,62.6
07/23/2026,02:56:53,15.9,63.1
07/23/2026,03:01:53,15.8,62.3
07/23/2026,03:06:53,15.8,62.8
07/23/2026,03:11:53,15.7,62.9
07/23/2026,03:16:53,15.7,65.4
07/23/2026,03:21:53,15.6,65.7
07/23/2026,03:26:53,15.6,66.7
07/23/2026,03:31:53,15.5,66.0
07/23/2026,03:36:53,15.5,66.3
07/23/2026,03:41:53,15.4,64.9
07/23/2026,03:46:53,15.4,64.9
07/23/2026,03:51:53,15.4,66.6
07/23/2026,03:56:53,15.3,65.7
07/23/2026,04:01:53,15.3,68.5
07/23/2026,04:06:53,15.3,69.2
07/23/2026,04:11:53,15.3,69.7
07/23/2026,04:16:53,15.2,70.2
07/23/2026,04:21:53,15.2,70.4
07/23/2026,04:26:53,15.1,70.5
07/23/2026,04:31:53,15.1,68.6
07/23/2026,04:36:53,15.1,66.6
07/23/2026,04:41:53,15.0,64.5
07/23/2026,04:46:53,15.0,63.5
07/23/2026,04:51:53,14.9,62.5
07/23/2026,04:56:53,14.8,61.5
07/23/2026,05:01:53,14.8,61.7
07/23/2026,05:06:53,14.7,62.0
07/23/2026,05:11:53,14.7,60.1
07/23/2026,05:16:53,14.7,59.1
07/23/2026,05:21:53,14.7,59.8
07/23/2026,05:26:53,14.6,60.3
07/23/2026,05:31:53,14.6,58.7
07/23/2026,05:36:53,14.6,60.1
07/23/2026,05:41:53,14.6,60.9
07/23/2026,05:46:53,14.6,58.9
07/23/2026,05:51:53,14.6,62.7
07/23/2026,05:56:53,14.6,62.3
07/23/2026,06:01:53,14.7,62.0
07/23/2026,06:06:53,14.7,63.3
07/23/2026,06:11:53,14.7,63.9
07/23/2026,06:16:53,14.8,65.8
07/23/2026,06:21:53,14.9,68.7
07/23/2026,06:26:53,15.0,69.4
07/23/2026,06:31:53,15.0,68.9
07/23/2026,06:36:53,15.1,70.5
07/23/2026,06:41:53,15.2,71.6
07/23/2026,06:46:53,15.2,72.2
07/23/2026,06:51:53,15.3,72.6
07/23/2026,06:56:53,15.3,73.0
07/23/2026,07:01:53,15.4,73.1
07/23/2026,07:06:53,15.5,73.3
07/23/2026,07:11:53,15.6,73.5
07/23/2026,07:16:53,15.7,73.4
07/23/2026,07:21:53,15.9,73.3
07/23/2026,07:26:53,16.0,73.3
07/23/2026,07:31:53,16.1,73.0
07/23/2026,07:36:53,16.2,73.3
07/23/2026,07:41:53,16.4,73.2
07/23/2026,07:46:53,16.6,73.1
07/23/2026,07:51:53,16.8,72.3
07/23/2026,07:56:53,16.9,72.1
07/23/2026,08:01:53,17.1,71.9
07/23/2026,08:06:53,17.3,71.5
07/23/2026,08:11:53,17.4,71.3
07/23/2026,08:16:53,17.6,71.0
07/23/2026,08:21:53,17.7,70.6
07/23/2026,08:26:53,17.9,70.4
07/23/2026,08:31:53,18.1,70.0
07/23/2026,08:36:53,18.3,69.4
07/23/2026,08:41:53,18.4,69.4
07/23/2026,08:46:53,18.6,69.0
07/23/2026,08:51:53,18.8,68.3
07/23/2026,08:56:53,19.1,68.1
07/23/2026,09:01:53,19.2,67.6
07/23/2026,09:06:53,19.4,67.1
07/23/2026,09:11:53,19.6,66.8
07/23/2026,09:16:53,19.8,66.0
07/23/2026,09:21:53,20.0,65.3
07/23/2026,09:26:53,20.1,64.7
07/23/2026,09:31:53,20.3,64.6
07/23/2026,09:36:53,20.4,64.3
07/23/2026,09:41:53,20.6,64.0
07/23/2026,09:46:53,20.8,63.3
07/23/2026,09:51:53,21.0,63.2
07/23/2026,09:56:53,21.1,62.4
07/23/2026,10:01:53,21.1,62.5
07/23/2026,10:06:53,21.2,61.9
07/23/2026,10:11:53,21.3,61.7
07/23/2026,10:16:53,21.3,61.1
07/23/2026,10:21:53,21.4,61.0
07/23/2026,10:26:53,21.5,60.7
07/23/2026,10:31:53,21.6,59.8
07/23/2026,10:36:53,21.6,59.6
07/23/2026,10:41:53,21.8,59.5
07/23/2026,10:46:53,22.1,59.1
07/23/2026,10:51:53,22.2,58.7
07/23/2026,10:56:53,22.5,58.0
07/23/2026,11:01:53,22.8,57.8
07/23/2026,11:06:53,23.1,56.2
07/23/2026,11:11:53,23.1,56.0
07/23/2026,11:16:53,23.5,56.1
07/23/2026,11:21:53,23.9,54.9
07/23/2026,11:26:53,24.0,54.3
07/23/2026,11:31:53,24.1,54.4
07/23/2026,11:36:53,24.3,53.7
07/23/2026,11:41:53,24.4,53.5
07/23/2026,11:46:53,24.6,53.6
07/23/2026,11:51:53,25.1,52.4
07/23/2026,11:56:53,25.3,51.8
07/23/2026,12:01:53,25.2,51.8
07/23/2026,12:06:53,25.2,51.0
07/23/2026,12:11:53,25.3,51.4
07/23/2026,12:16:53,25.7,51.0
07/23/2026,12:21:53,25.6,50.4
07/23/2026,12:26:53,25.8,50.5
07/23/2026,12:31:53,26.0,49.5
07/23/2026,12:36:53,26.1,49.2
07/23/2026,12:41:53,26.0,49.1
07/23/2026,12:46:53,25.9,49.0
07/23/2026,12:51:53,25.7,48.8
07/23/2026,12:56:53,25.6,49.2
07/23/2026,13:01:53,25.8,48.9
07/23/2026,13:06:53,26.0,48.2
07/23/2026,13:11:53,25.9,48.2
07/23/2026,13:16:53,25.8,47.8
07/23/2026,13:21:53,25.6,48.0
07/23/2026,13:26:53,25.6,48.0
07/23/2026,13:31:53,25.8,48.0
07/23/2026,13:36:53,25.9,48.1
07/23/2026,13:41:53,26.2,47.7
07/23/2026,13:46:53,26.4,47.2
07/23/2026,13:51:53,26.5,46.6
07/23/2026,13:56:53,26.6,46.4
07/23/2026,14:01:53,26.3,46.6
07/23/2026,14:06:53,26.2,46.3
07/23/2026,14:11:53,26.1,46.6
07/23/2026,14:16:53,26.0,46.7
07/23/2026,14:21:53,26.2,46.8
07/23/2026,14:26:53,26.4,46.5
07/23/2026,14:31:53,26.5,46.5
07/23/2026,14:36:53,26.7,45.8
07/23/2026,14:41:53,26.7,45.6
07/23/2026,14:46:53,26.8,44.8
07/23/2026,14:51:53,26.7,44.8
07/23/2026,14:56:53,26.7,44.9
07/23/2026,15:01:53,26.7,45.4
07/23/2026,15:06:53,26.5,44.8
07/23/2026,15:11:53,26.2,45.1
07/23/2026,15:16:53,26.7,44.7
07/23/2026,15:21:53,27.7,44.7
07/23/2026,15:26:53,28.1,43.2
07/23/2026,15:31:53,28.2,43.5
07/23/2026,15:36:53,28.2,43.0
07/23/2026,15:41:53,28.4,42.4
07/23/2026,15:46:53,28.2,42.0
07/23/2026,15:51:53,28.1,41.7
07/23/2026,15:56:53,27.9,42.1
07/23/2026,16:01:53,27.7,41.3
07/23/2026,16:06:53,27.3,41.9
07/23/2026,16:11:53,27.3,42.3
07/23/2026,16:16:53,27.4,41.9
07/23/2026,16:21:53,27.2,41.9
07/23/2026,16:26:53,27.0,42.4
07/23/2026,16:31:53,27.0,42.3
07/23/2026,16:36:53,26.9,42.8
07/23/2026,16:41:53,26.9,43.2
07/23/2026,16:46:53,26.8,43.3
07/23/2026,16:51:53,26.8,43.4
07/23/2026,16:56:53,26.9,43.5
07/23/2026,17:01:53,26.9,43.2
07/23/2026,17:06:53,26.9,43.8
07/23/2026,17:11:53,27.0,43.7
07/23/2026,17:16:53,27.2,43.8
07/23/2026,17:21:53,27.4,43.5
07/23/2026,17:26:53,27.4,43.5
07/23/2026,17:31:53,27.3,43.8
07/23/2026,17:36:53,27.1,42.9
07/23/2026,17:41:53,27.0,43.2
07/23/2026,17:46:53,27.0,43.4
07/23/2026,17:51:53,27.0,43.7
07/23/2026,17:56:53,27.0,43.7
07/23/2026,18:01:53,27.0,43.6
07/23/2026,18:06:53,26.8,44.1
07/23/2026,18:11:53,26.7,44.1
07/23/2026,18:16:53,26.6,44.3
07/23/2026,18:21:53,26.6,44.2
07/23/2026,18:26:53,26.5,44.3
07/23/2026,18:31:53,26.5,44.3
07/23/2026,18:36:53,26.4,44.4
07/23/2026,18:41:53,26.4,44.5
07/23/2026,18:46:53,26.3,44.6
07/23/2026,18:51:53,26.3,44.9
07/23/2026,18:56:53,26.3,45.2
07/23/2026,19:01:53,26.3,45.6
07/23/2026,19:06:53,26.3,45.4
07/23/2026,19:11:53,26.1,45.6
07/23/2026,19:16:53,26.1,45.8
07/23/2026,19:21:53,26.0,46.0
07/23/2026,19:26:53,25.9,46.6
07/23/2026,19:31:53,25.8,46.5
07/23/2026,19:36:53,25.6,46.3
07/23/2026,19:41:53,25.6,46.6
07/23/2026,19:46:53,25.5,47.4
07/23/2026,19:51:53,25.4,47.3
07/23/2026,19:56:53,25.3,47.8
07/23/2026,20:01:53,25.2,47.6
07/23/2026,20:06:53,25.1,47.8
07/23/2026,20:11:53,25.0,47.7
07/23/2026,20:16:53,24.9,48.0
07/23/2026,20:21:53,24.7,48.2
07/23/2026,20:26:53,24.6,48.6
07/23/2026,20:31:53,24.5,49.1
07/23/2026,20:36:53,24.4,49.4
07/23/2026,20:41:53,24.3,50.8
07/23/2026,20:46:53,24.2,51.0
07/23/2026,20:51:53,24.0,51.5
07/23/2026,20:56:53,23.9,52.2
07/23/2026,21:01:53,23.8,52.2
07/23/2026,21:06:53,23.7,52.9
07/23/2026,21:11:53,23.5,53.7
07/23/2026,21:16:53,23.4,54.3
07/23/2026,21:21:53,23.2,55.0
07/23/2026,21:26:53,23.0,55.8
07/23/2026,21:31:53,22.9,56.6
07/23/2026,21:36:53,22.7,57.1
07/23/2026,21:41:53,22.5,57.7
07/23/2026,21:46:53,22.4,58.0
07/23/2026,21:51:53,22.2,58.5
07/23/2026,21:56:53,22.0,58.8
07/23/2026,22:01:53,21.9,59.0
07/23/2026,22:06:53,21.8,59.5
07/23/2026,22:11:53,21.7,59.7
07/23/2026,22:16:53,21.6,60.2
07/23/2026,22:21:53,21.4,60.6
07/23/2026,22:26:53,21.2,60.9
07/23/2026,22:31:53,21.1,61.2
07/23/2026,22:36:53,21.0,61.6
07/23/2026,22:41:53,20.9,61.8
07/23/2026,22:46:53,20.7,62.5
07/23/2026,22:51:53,20.6,62.9
07/23/2026,22:56:53,20.5,63.2
07/23/2026,23:01:53,20.4,63.7
07/23/2026,23:06:53,20.3,64.2
07/23/2026,23:11:53,20.2,64.7
07/23/2026,23:16:53,20.1,65.1
07/23/2026,23:21:53,20.0,65.5
07/23/2026,23:26:53,19.9,65.8
07/23/2026,23:31:53,19.8,66.0
07/23/2026,23:36:53,19.7,66.5
07/23/2026,23:41:53,19.7,66.7
07/23/2026,23:46:53,19.5,67.1
07/23/2026,23:51:53,19.5,67.4
07/23/2026,23:56:53,19.4,67.8
07/24/2026,00:01:53,19.3,67.9
07/24/2026,00:06:53,19.3,68.3
07/24/2026,00:11:53,19.2,68.5
07/24/2026,00:16:53,19.2,68.6
07/24/2026,00:21:53,19.2,68.8
07/24/2026,00:26:53,19.2,69.1
07/24/2026,00:31:53,19.1,69.3
07/24/2026,00:36:53,19.0,69.6
07/24/2026,00:41:53,19.0,69.7
07/24/2026,00:46:53,19.0,69.8
07/24/2026,00:51:53,18.9,69.8
07/24/2026,00:56:53,18.9,70.2
07/24/2026,01:01:53,18.8,70.5
07/24/2026,01:06:53,18.8,70.4
07/24/2026,01:11:53,18.8,70.4
07/24/2026,01:16:53,18.8,70.5
07/24/2026,01:21:53,18.7,70.8
07/24/2026,01:26:53,18.7,71.0
07/24/2026,01:31:53,18.6,70.9
07/24/2026,01:36:53,18.6,71.0
07/24/2026,01:41:53,18.5,71.2
07/24/2026,01:46:53,18.5,71.4
07/24/2026,01:51:53,18.4,71.6
07/24/2026,01:56:53,18.4,71.8
07/24/2026,02:01:53,18.3,71.9
07/24/2026,02:06:53,18.2,72.1
07/24/2026,02:11:53,18.1,71.7
07/24/2026,02:16:53,18.1,71.7
07/24/2026,02:21:53,18.0,71.8
07/24/2026,02:26:53,18.0,71.6
07/24/2026,02:31:53,18.0,71.6
07/24/2026,02:36:53,17.9,71.6
07/24/2026,02:41:53,17.9,71.9
07/24/2026,02:46:53,17.8,72.1
07/24/2026,02:51:53,17.7,72.0
07/24/2026,02:56:53,17.7,72.3
07/24/2026,03:01:53,17.7,72.5
07/24/2026,03:06:53,17.6,72.7
07/24/2026,03:11:53,17.6,73.0
07/24/2026,03:16:53,17.5,73.1
07/24/2026,03:21:53,17.4,73.1
07/24/2026,03:26:53,17.4,72.6
07/24/2026,03:31:53,17.4,72.7
07/24/2026,03:36:53,17.3,72.6
07/24/2026,03:41:53,17.2,72.7
07/24/2026,03:46:53,17.2,72.7
07/24/2026,03:51:53,17.2,72.5
07/24/2026,03:56:53,17.1,72.2
07/24/2026,04:01:53,17.1,71.9
07/24/2026,04:06:53,17.1,71.7
07/24/2026,04:11:53,17.0,71.6
07/24/2026,04:16:53,16.9,71.8
07/24/2026,04:21:53,16.9,71.9
07/24/2026,04:26:53,16.8,71.8
07/24/2026,04:31:53,16.8,71.7
07/24/2026,04:36:53,16.7,71.9
07/24/2026,04:41:53,16.6,71.7
07/24/2026,04:46:53,16.6,71.8
07/24/2026,04:51:53,16.4,71.6
07/24/2026,04:56:53,16.4,71.8
07/24/2026,05:01:53,16.4,71.7
07/24/2026,05:06:53,16.4,71.7
07/24/2026,05:11:53,16.4,71.6
07/24/2026,05:16:53,16.4,71.7
07/24/2026,05:21:53,16.4,71.6
07/24/2026,05:26:53,16.3,71.6
07/24/2026,05:31:53,16.3,71.8
07/24/2026,05:36:53,16.3,71.8
07/24/2026,05:41:53,16.2,71.6
07/24/2026,05:46:53,16.2,71.6
07/24/2026,05:51:53,16.2,71.6
07/24/2026,05:56:53,16.1,71.7
07/24/2026,06:01:53,16.1,71.7
07/24/2026,06:06:53,16.1,71.5
07/24/2026,06:11:53,16.1,71.4
07/24/2026,06:16:53,16.2,71.5
07/24/2026,06:21:53,16.2,71.4
07/24/2026,06:26:53,16.3,71.3
07/24/2026,06:31:53,16.3,71.2
07/24/2026,06:36:53,16.3,71.0
07/24/2026,06:41:53,16.4,70.8
07/24/2026,06:46:53,16.4,70.8
07/24/2026,06:51:53,16.5,70.6
07/24/2026,06:56:53,16.6,70.5
07/24/2026,07:01:53,16.6,70.2
07/24/2026,07:06:53,16.6,70.1
07/24/2026,07:11:53,16.7,69.9
07/24/2026,07:16:53,16.8,69.8
07/24/2026,07:21:53,16.8,69.5
07/24/2026,07:26:53,16.9,69.6
07/24/2026,07:31:53,17.0,69.4
07/24/2026,07:36:53,17.1,69.2
07/24/2026,07:41:53,17.2,68.7
07/24/2026,07:46:53,17.3,68.6
07/24/2026,07:51:53,17.4,68.0
07/24/2026,07:56:53,17.5,67.5
07/24/2026,08:01:53,17.6,67.2
07/24/2026,08:06:53,17.7,67.5
07/24/2026,08:11:53,17.8,66.8
07/24/2026,08:16:53,17.9,66.3
07/24/2026,08:21:53,18.0,65.7
07/24/2026,08:26:53,18.1,66.1
07/24/2026,08:31:53,18.2,65.5
07/24/2026,08:36:53,18.3,65.4
07/24/2026,08:41:53,18.5,65.4
07/24/2026,08:46:53,18.6,65.1
07/24/2026,08:51:53,18.8,65.0
07/24/2026,08:56:53,19.0,64.7
07/24/2026,09:01:53,19.2,64.6
07/24/2026,09:06:53,19.3,64.2
07/24/2026,09:11:53,19.6,64.2
07/24/2026,09:16:53,19.8,63.8
07/24/2026,09:21:53,20.1,62.9
07/24/2026,09:26:53,20.3,62.6
07/24/2026,09:31:53,20.4,61.8
07/24/2026,09:36:53,20.6,62.5
07/24/2026,09:41:53,20.7,61.2
07/24/2026,09:46:53,20.9,60.6
07/24/2026,09:51:53,21.2,60.7
07/24/2026,09:56:53,21.5,59.8
07/24/2026,10:01:53,21.8,59.1
07/24/2026,10:06:53,21.9,58.5
07/24/2026,10:11:53,22.1,58.1
07/24/2026,10:16:53,22.3,57.5
07/24/2026,10:21:53,22.3,56.8
07/24/2026,10:26:53,22.4,56.3
07/24/2026,10:31:53,22.4,56.2
07/24/2026,10:36:53,22.6,56.4
07/24/2026,10:41:53,23.0,55.9
07/24/2026,10:46:53,23.2,54.8
07/24/2026,10:51:53,23.4,54.7
07/24/2026,10:56:53,23.6,54.5
07/24/2026,11:01:53,23.9,53.6
07/24/2026,11:06:53,24.0,53.4
07/24/2026,11:11:53,24.1,53.9
07/24/2026,11:16:53,24.4,53.4
07/24/2026,11:21:53,24.7,52.5
07/24/2026,11:26:53,24.8,52.4
07/24/2026,11:31:53,25.1,51.5
07/24/2026,11:36:53,25.3,51.6
07/24/2026,11:41:53,25.5,50.7
07/24/2026,11:46:53,25.6,50.2
07/24/2026,11:51:53,25.8,49.6
07/24/2026,11:56:53,25.9,49.2
07/24/2026,12:01:53,26.0,49.2
07/24/2026,12:06:53,26.1,48.4
07/24/2026,12:11:53,26.1,48.4
07/24/2026,12:16:53,26.1,48.1
07/24/2026,12:21:53,26.1,47.7
07/24/2026,12:26:53,26.1,47.8
07/24/2026,12:31:53,26.2,47.6
07/24/2026,12:36:53,26.2,47.8
07/24/2026,12:41:53,26.4,47.3
07/24/2026,12:46:53,26.5,47.4
07/24/2026,12:51:53,26.7,46.8
07/24/2026,12:56:53,26.9,46.9
07/24/2026,13:01:53,27.2,46.1
07/24/2026,13:06:53,27.5,45.8
07/24/2026,13:11:53,27.8,45.4
07/24/2026,13:16:53,27.9,45.0
07/24/2026,13:21:53,28.1,44.4
07/24/2026,13:26:53,28.1,44.2
07/24/2026,13:31:53,28.1,44.0
07/24/2026,13:36:53,28.0,43.9
07/24/2026,13:41:53,27.9,44.3
07/24/2026,13:46:53,27.8,44.0
07/24/2026,13:51:53,28.1,43.8
07/24/2026,13:56:53,27.8,43.6
07/24/2026,14:01:53,27.7,43.9
07/24/2026,14:06:53,28.0,44.3
07/24/2026,14:11:53,28.2,43.4
07/24/2026,14:16:53,28.2,43.5
07/24/2026,14:21:53,28.4,43.4
07/24/2026,14:26:53,28.5,42.8
07/24/2026,14:31:53,28.2,43.4
07/24/2026,14:36:53,28.3,43.3
07/24/2026,14:41:53,28.1,42.9
07/24/2026,14:46:53,28.2,43.2
07/24/2026,14:51:53,28.6,42.4
07/24/2026,14:56:53,28.7,42.3
07/24/2026,15:01:53,28.9,42.2
07/24/2026,15:06:53,28.8,42.3
07/24/2026,15:11:53,29.2,42.1
07/24/2026,15:16:53,29.4,41.7
07/24/2026,15:21:53,29.4,41.4
07/24/2026,15:26:53,29.3,40.9
07/24/2026,15:31:53,29.3,40.7
07/24/2026,15:36:53,29.3,40.5
07/24/2026,15:41:53,29.5,41.2
07/24/2026,15:46:53,29.9,40.2
07/24/2026,15:51:53,29.7,39.8
07/24/2026,15:56:53,29.7,40.1
07/24/2026,16:01:53,29.9,39.6
07/24/2026,16:06:53,29.9,39.5
07/24/2026,16:11:53,29.9,39.6
07/24/2026,16:16:53,29.8,39.6
07/24/2026,16:21:53,29.6,39.9
07/24/2026,16:26:53,29.6,39.1
07/24/2026,16:31:53,29.7,39.6
07/24/2026,16:36:53,29.9,39.0
07/24/2026,16:41:53,29.4,39.4
07/24/2026,16:46:53,29.2,39.7
07/24/2026,16:51:53,29.4,39.4
07/24/2026,16:56:53,29.5,39.0
07/24/2026,17:01:53,29.2,39.0
07/24/2026,17:06:53,29.0,39.5
07/24/2026,17:11:53,28.7,39.7
07/24/2026,17:16:53,28.6,39.8
07/24/2026,17:21:53,28.3,40.0
07/24/2026,17:26:53,28.0,40.1
07/24/2026,17:31:53,28.0,40.4
07/24/2026,17:36:53,27.8,40.6
07/24/2026,17:41:53,27.7,40.2
07/24/2026,17:46:53,27.5,40.4
07/24/2026,17:51:53,27.4,40.4
07/24/2026,17:56:53,27.3,40.7
07/24/2026,18:01:53,27.4,40.7
07/24/2026,18:06:53,27.5,40.4
07/24/2026,18:11:53,27.5,40.3
07/24/2026,18:16:53,27.5,39.6
07/24/2026,18:21:53,27.6,39.3
07/24/2026,18:26:53,27.6,39.2
07/24/2026,18:31:53,27.6,38.8
07/24/2026,18:36:53,27.5,39.0
07/24/2026,18:41:53,27.4,39.0
07/24/2026,18:46:53,27.3,39.2
07/24/2026,18:51:53,27.4,39.2
07/24/2026,18:56:53,27.3,39.2
07/24/2026,19:01:53,27.3,39.2
07/24/2026,19:06:53,27.4,39.4
07/24/2026,19:11:53,27.5,39.8
07/24/2026,19:16:53,27.4,40.2
07/24/2026,19:21:53,27.4,40.1
07/24/2026,19:26:53,27.5,40.5
07/24/2026,19:31:53,27.4,40.2
07/24/2026,19:36:53,27.2,40.1
07/24/2026,19:41:53,27.1,40.2
07/24/2026,19:46:53,26.8,40.5
07/24/2026,19:51:53,26.7,40.8
07/24/2026,19:56:53,26.6,40.9
07/24/2026,20:01:53,26.4,40.9
07/24/2026,20:06:53,26.2,41.2
07/24/2026,20:11:53,26.0,41.5
07/24/2026,20:16:53,25.8,41.6
07/24/2026,20:21:53,25.7,41.8
07/24/2026,20:26:53,25.6,41.7
07/24/2026,20:31:53,25.5,41.7
07/24/2026,20:36:53,25.4,41.7
07/24/2026,20:41:53,25.2,41.7
07/24/2026,20:46:53,25.1,42.0
07/24/2026,20:51:53,25.0,42.1
07/24/2026,20:56:53,24.9,42.8
07/24/2026,21:01:53,24.8,42.9
07/24/2026,21:06:53,24.6,43.8
07/24/2026,21:11:53,24.5,44.1
07/24/2026,21:16:53,24.3,44.7
07/24/2026,21:21:53,24.2,45.0
07/24/2026,21:26:53,24.1,45.4
07/24/2026,21:31:53,23.9,45.1
07/24/2026,21:36:53,23.8,45.1
07/24/2026,21:41:53,23.6,45.4
07/24/2026,21:46:53,23.5,45.7
07/24/2026,21:51:53,23.3,45.9
07/24/2026,21:56:53,23.2,46.2
07/24/2026,22:01:53,23.0,47.0
07/24/2026,22:06:53,22.9,47.1
07/24/2026,22:11:53,22.8,47.3
07/24/2026,22:16:53,22.6,47.6
07/24/2026,22:21:53,22.4,47.6
07/24/2026,22:26:53,22.3,48.0
07/24/2026,22:31:53,22.2,48.2
07/24/2026,22:36:53,22.1,48.6
07/24/2026,22:41:53,21.9,48.8
07/24/2026,22:46:53,21.8,49.1
07/24/2026,22:51:53,21.7,49.0
07/24/2026,22:56:53,21.6,49.5
07/24/2026,23:01:53,21.5,49.5
07/24/2026,23:06:53,21.4,49.7
07/24/2026,23:11:53,21.3,50.2
07/24/2026,23:16:53,21.2,50.0
07/24/2026,23:21:53,21.1,50.4
07/24/2026,23:26:53,21.0,50.2
07/24/2026,23:31:53,20.9,50.5
07/24/2026,23:36:53,20.7,50.8
07/24/2026,23:41:53,20.6,51.0
07/24/2026,23:46:53,20.6,51.5
07/24/2026,23:51:53,20.5,51.8
07/24/2026,23:56:53,20.4,51.9
07/25/2026,00:01:53,20.3,52.3
07/25/2026,00:06:53,20.3,52.6
07/25/2026,00:11:53,20.2,52.8
07/25/2026,00:16:53,20.1,53.4
07/25/2026,00:21:53,20.0,53.6
07/25/2026,00:26:53,19.9,54.1
07/25/2026,00:31:53,19.8,54.4
07/25/2026,00:36:53,19.7,54.8
07/25/2026,00:41:53,19.6,55.0
07/25/2026,00:46:53,19.6,55.2
07/25/2026,00:51:53,19.4,55.5
07/25/2026,00:56:53,19.4,56.2
07/25/2026,01:01:53,19.3,56.7
07/25/2026,01:06:53,19.2,56.7
07/25/2026,01:11:53,19.1,57.2
07/25/2026,01:16:53,19.0,57.6
07/25/2026,01:21:53,19.0,57.8
07/25/2026,01:26:53,18.9,57.3
07/25/2026,01:31:53,18.9,57.8
07/25/2026,01:36:53,18.8,57.7
07/25/2026,01:41:53,18.8,58.1
07/25/2026,01:46:53,18.7,57.3
07/25/2026,01:51:53,18.6,58.6
07/25/2026,01:56:53,18.5,58.8
07/25/2026,02:01:53,18.4,58.7
07/25/2026,02:06:53,18.3,58.7
07/25/2026,02:11:53,18.2,58.8
07/25/2026,02:16:53,18.1,59.4
07/25/2026,02:21:53,18.0,59.8
07/25/2026,02:26:53,18.0,59.9
07/25/2026,02:31:53,18.0,59.8
07/25/2026,02:36:53,18.0,59.8
07/25/2026,02:41:53,17.9,60.2
07/25/2026,02:46:53,17.8,60.4
07/25/2026,02:51:53,17.8,60.1
07/25/2026,02:56:53,17.8,60.2
07/25/2026,03:01:53,17.6,60.0
07/25/2026,03:06:53,17.6,58.3
07/25/2026,03:11:53,17.6,60.2
07/25/2026,03:16:53,17.5,60.5
07/25/2026,03:21:53,17.4,60.8
07/25/2026,03:26:53,17.2,61.4
07/25/2026,03:31:53,17.1,61.8
07/25/2026,03:36:53,17.0,62.2
07/25/2026,03:41:53,16.9,62.6
07/25/2026,03:46:53,16.8,63.0
07/25/2026,03:51:53,16.8,63.3
07/25/2026,03:56:53,16.6,63.7
07/25/2026,04:01:53,16.4,64.1
07/25/2026,04:06:53,16.3,64.2
07/25/2026,04:11:53,16.1,64.2
07/25/2026,04:16:53,16.1,64.5
07/25/2026,04:21:53,16.0,64.5
07/25/2026,04:26:53,15.9,64.9
07/25/2026,04:31:53,15.9,65.2
07/25/2026,04:36:53,15.9,65.0
07/25/2026,04:41:53,15.9,64.9
07/25/2026,04:46:53,15.9,65.1
07/25/2026,04:51:53,15.9,65.2
07/25/2026,04:56:53,15.9,65.3
07/25/2026,05:01:53,15.9,65.3
07/25/2026,05:06:53,15.8,65.5
07/25/2026,05:11:53,15.6,65.9
07/25/2026,05:16:53,15.5,65.9
07/25/2026,05:21:53,15.5,66.3
07/25/2026,05:26:53,15.4,66.5
07/25/2026,05:31:53,15.4,66.8
07/25/2026,05:36:53,15.4,66.5
07/25/2026,05:41:53,15.5,66.0
07/25/2026,05:46:53,15.5,64.6
07/25/2026,05:51:53,15.5,65.7
07/25/2026,05:56:53,15.5,66.3
07/25/2026,06:01:53,15.6,65.4
07/25/2026,06:06:53,15.6,65.0
07/25/2026,06:11:53,15.6,63.9
07/25/2026,06:16:53,15.6,65.5
07/25/2026,06:21:53,15.5,63.5
07/25/2026,06:26:53,15.5,65.9
07/25/2026,06:31:53,15.4,65.4
07/25/2026,06:36:53,15.4,66.5
07/25/2026,06:41:53,15.4,67.0
07/25/2026,06:46:53,15.4,67.0
07/25/2026,06:51:53,15.4,65.9
07/25/2026,06:56:53,15.5,65.4
07/25/2026,07:01:53,15.5,65.4
07/25/2026,07:06:53,15.6,65.2
07/25/2026,07:11:53,15.7,65.5
07/25/2026,07:16:53,15.8,62.7
07/25/2026,07:21:53,15.8,64.8
07/25/2026,07:26:53,15.9,64.3
07/25/2026,07:31:53,16.0,64.6
07/25/2026,07:36:53,16.0,64.8
07/25/2026,07:41:53,16.2,64.2
07/25/2026,07:46:53,16.3,63.0
07/25/2026,07:51:53,16.4,62.5
07/25/2026,07:56:53,16.4,60.6
07/25/2026,08:01:53,16.5,63.1
07/25/2026,08:06:53,16.6,61.4
07/25/2026,08:11:53,16.9,63.8
07/25/2026,08:16:53,17.3,63.9
07/25/2026,08:21:53,17.5,62.5
07/25/2026,08:26:53,17.5,62.3
07/25/2026,08:31:53,17.8,63.0
07/25/2026,08:36:53,18.0,62.5
07/25/2026,08:41:53,18.3,62.2
07/25/2026,08:46:53,18.6,61.8
07/25/2026,08:51:53,18.7,61.7
07/25/2026,08:56:53,18.8,61.6
07/25/2026,09:01:53,19.1,60.9
07/25/2026,09:06:53,19.3,60.7
07/25/2026,09:11:53,19.5,60.1
07/25/2026,09:16:53,19.8,59.7
07/25/2026,09:21:53,20.1,59.4
07/25/2026,09:26:53,20.4,58.0
07/25/2026,09:31:53,20.7,58.1
07/25/2026,09:36:53,21.0,57.7
07/25/2026,09:41:53,21.2,56.8
07/25/2026,09:46:53,21.2,56.6
07/25/2026,09:51:53,21.2,56.5
07/25/2026,09:56:53,21.3,56.6
07/25/2026,10:01:53,21.2,56.8
07/25/2026,10:06:53,21.3,56.7
07/25/2026,10:11:53,21.5,56.9
07/25/2026,10:16:53,21.8,56.1
07/25/2026,10:21:53,21.9,55.4
07/25/2026,10:26:53,22.1,55.3
07/25/2026,10:31:53,22.3,54.7
07/25/2026,10:36:53,22.6,54.5
07/25/2026,10:41:53,22.9,53.4
07/25/2026,10:46:53,23.1,53.2
07/25/2026,10:51:53,23.2,52.6
07/25/2026,10:56:53,23.5,52.0
07/25/2026,11:01:53,23.9,52.0
07/25/2026,11:06:53,24.1,51.2
07/25/2026,11:11:53,24.3,49.8
07/25/2026,11:16:53,24.5,49.6
07/25/2026,11:21:53,24.7,48.2
07/25/2026,11:26:53,24.7,48.2
07/25/2026,11:31:53,25.0,47.9
07/25/2026,11:36:53,24.9,47.3
07/25/2026,11:41:53,25.2,47.2
07/25/2026,11:46:53,25.4,46.5
07/25/2026,11:51:53,25.4,46.6
07/25/2026,11:56:53,25.6,46.0
07/25/2026,12:01:53,25.8,45.4
07/25/2026,12:06:53,26.1,45.5
07/25/2026,12:11:53,26.4,44.6
07/25/2026,12:16:53,26.8,44.4
07/25/2026,12:21:53,26.8,44.4
07/25/2026,12:26:53,26.9,43.4
07/25/2026,12:31:53,26.7,43.5
07/25/2026,12:36:53,26.6,43.6
07/25/2026,12:41:53,26.9,44.0
07/25/2026,12:46:53,27.1,43.4
07/25/2026,12:51:53,26.9,43.0
07/25/2026,12:56:53,27.0,42.9
07/25/2026,13:01:53,27.0,42.2
07/25/2026,13:06:53,27.0,42.1
07/25/2026,13:11:53,27.4,42.3
07/25/2026,13:16:53,27.7,42.0
07/25/2026,13:21:53,27.6,41.1
07/25/2026,13:26:53,27.9,40.6
07/25/2026,13:31:53,28.3,40.5
07/25/2026,13:36:53,28.8,39.7
07/25/2026,13:41:53,28.7,39.0
07/25/2026,13:46:53,28.4,39.8
07/25/2026,13:51:53,28.3,39.0
07/25/2026,13:56:53,28.2,39.3
07/25/2026,14:01:53,28.2,39.3
07/25/2026,14:06:53,28.2,39.6
07/25/2026,14:11:53,28.8,38.9
07/25/2026,14:16:53,29.4,38.5
07/25/2026,14:21:53,29.9,38.0
07/25/2026,14:26:53,30.3,37.1
07/25/2026,14:31:53,30.1,36.9
07/25/2026,14:36:53,29.9,37.0
07/25/2026,14:41:53,29.8,36.9
07/25/2026,14:46:53,29.5,37.0
07/25/2026,14:51:53,29.2,37.4
07/25/2026,14:56:53,28.8,37.9
07/25/2026,15:01:53,28.8,37.7
07/25/2026,15:06:53,28.7,38.0
07/25/2026,15:11:53,28.5,37.5
07/25/2026,15:16:53,28.4,37.9
07/25/2026,15:21:53,28.2,38.1
07/25/2026,15:26:53,28.6,38.0
07/25/2026,15:31:53,28.4,38.1
07/25/2026,15:36:53,28.9,38.5
07/25/2026,15:41:53,29.7,37.3
07/25/2026,15:46:53,30.0,36.5
07/25/2026,15:51:53,29.8,36.6
07/25/2026,15:56:53,29.7,36.6
07/25/2026,16:01:53,29.7,36.3
07/25/2026,16:06:53,29.9,36.6
07/25/2026,16:11:53,30.3,36.2
07/25/2026,16:16:53,29.8,36.2
07/25/2026,16:21:53,29.2,36.8
07/25/2026,16:26:53,28.9,37.1
07/25/2026,16:31:53,28.7,36.4
07/25/2026,16:36:53,28.7,36.2
07/25/2026,16:41:53,28.9,36.1
07/25/2026,16:46:53,29.1,35.9
07/25/2026,16:51:53,28.8,36.0
07/25/2026,16:56:53,28.6,36.2
07/25/2026,17:01:53,28.5,36.5
07/25/2026,17:06:53,28.1,36.9
07/25/2026,17:11:53,28.0,37.4
07/25/2026,17:16:53,28.0,37.5
07/25/2026,17:21:53,27.9,37.7
07/25/2026,17:26:53,28.0,37.7
07/25/2026,17:31:53,28.1,37.7
07/25/2026,17:36:53,28.1,37.7
07/25/2026,17:41:53,28.0,37.4
07/25/2026,17:46:53,27.7,37.5
07/25/2026,17:51:53,27.6,37.2
07/25/2026,17:56:53,27.6,36.9
07/25/2026,18:01:53,27.5,36.6
07/25/2026,18:06:53,27.4,36.7
07/25/2026,18:11:53,27.3,36.5
07/25/2026,18:16:53,27.1,36.8
07/25/2026,18:21:53,27.2,36.7
07/25/2026,18:26:53,27.1,36.8
07/25/2026,18:31:53,27.1,37.1
07/25/2026,18:36:53,27.0,37.1
07/25/2026,18:41:53,26.7,37.6
07/25/2026,18:46:53,26.6,37.8
07/25/2026,18:51:53,26.6,37.9
07/25/2026,18:56:53,26.5,38.2
07/25/2026,19:01:53,26.4,38.1
07/25/2026,19:06:53,26.3,38.3
07/25/2026,19:11:53,26.2,38.3
07/25/2026,19:16:53,26.2,38.4
07/25/2026,19:21:53,26.3,38.4
07/25/2026,19:26:53,26.3,38.3
07/25/2026,19:31:53,26.2,38.3
07/25/2026,19:36:53,26.1,38.1
07/25/2026,19:41:53,25.9,38.2
07/25/2026,19:46:53,25.8,38.3
07/25/2026,19:51:53,25.7,38.4
07/25/2026,19:56:53,25.6,38.4
07/25/2026,20:01:53,25.6,38.5
07/25/2026,20:06:53,25.5,38.7
07/25/2026,20:11:53,25.5,40.0
07/25/2026,20:16:53,25.3,41.9
07/25/2026,20:21:53,25.0,42.8
07/25/2026,20:26:53,24.8,43.6
07/25/2026,20:31:53,24.4,45.4
07/25/2026,20:36:53,24.0,46.8
07/25/2026,20:41:53,23.7,47.3
07/25/2026,20:46:53,23.4,47.7
07/25/2026,20:51:53,23.3,47.9
07/25/2026,20:56:53,23.2,48.4
07/25/2026,21:01:53,23.1,48.7
07/25/2026,21:06:53,23.0,49.1
07/25/2026,21:11:53,22.8,49.6
07/25/2026,21:16:53,22.7,50.1
07/25/2026,21:21:53,22.6,50.7
07/25/2026,21:26:53,22.5,51.2
07/25/2026,21:31:53,22.4,51.8
07/25/2026,21:36:53,22.3,52.2
07/25/2026,21:41:53,22.2,52.5
07/25/2026,21:46:53,22.1,53.1
07/25/2026,21:51:53,21.9,53.6
07/25/2026,21:56:53,21.8,54.1
07/25/2026,22:01:53,21.7,54.5
07/25/2026,22:06:53,21.7,54.9
07/25/2026,22:11:53,21.6,55.3
07/25/2026,22:16:53,21.6,55.4
07/25/2026,22:21:53,21.6,55.6
07/25/2026,22:26:53,21.6,55.8
07/25/2026,22:31:53,21.5,56.1
07/25/2026,22:36:53,21.4,56.3
07/25/2026,22:41:53,21.4,56.5
07/25/2026,22:46:53,21.3,56.8
07/25/2026,22:51:53,21.2,57.0
07/25/2026,22:56:53,21.3,57.1
07/25/2026,23:01:53,21.2,57.4
07/25/2026,23:06:53,21.0,57.8
07/25/2026,23:11:53,21.0,58.1
07/25/2026,23:16:53,21.0,58.2
07/25/2026,23:21:53,20.9,58.5
07/25/2026,23:26:53,20.9,58.6
07/25/2026,23:31:53,20.9,58.8
07/25/2026,23:36:53,20.9,58.9
07/25/2026,23:41:53,20.9,59.1
07/25/2026,23:46:53,20.8,59.2
07/25/2026,23:51:53,20.8,59.2
07/25/2026,23:56:53,20.9,59.2
07/26/2026,00:01:53,20.9,59.2
07/26/2026,00:06:53,20.8,59.3
07/26/2026,00:11:53,20.7,59.5
07/26/2026,00:16:53,20.6,59.8
07/26/2026,00:21:53,20.5,59.9
07/26/2026,00:26:53,20.5,60.0
07/26/2026,00:31:53,20.4,60.2
07/26/2026,00:36:53,20.2,60.6
07/26/2026,00:41:53,20.1,61.0
07/26/2026,00:46:53,20.0,61.1
07/26/2026,00:51:53,20.0,61.2
07/26/2026,00:56:53,20.0,61.3
07/26/2026,01:01:53,19.9,61.5
07/26/2026,01:06:53,19.9,61.7
07/26/2026,01:11:53,19.9,61.8
07/26/2026,01:16:53,19.9,61.9
07/26/2026,01:21:53,19.9,62.1
07/26/2026,01:26:53,19.8,62.3
07/26/2026,01:31:53,19.8,62.3
07/26/2026,01:36:53,19.8,62.6
07/26/2026,01:41:53,19.8,62.8
07/26/2026,01:46:53,19.7,63.0
07/26/2026,01:51:53,19.6,63.1
07/26/2026,01:56:53,19.6,63.3
07/26/2026,02:01:53,19.5,63.3
07/26/2026,02:06:53,19.4,63.4
07/26/2026,02:11:53,19.4,63.9
07/26/2026,02:16:53,19.3,64.0
07/26/2026,02:21:53,19.3,64.2
07/26/2026,02:26:53,19.2,64.4
07/26/2026,02:31:53,19.2,64.5
07/26/2026,02:36:53,19.2,64.7
07/26/2026,02:41:53,19.1,64.9
07/26/2026,02:46:53,19.1,65.0
07/26/2026,02:51:53,19.1,65.5
07/26/2026,02:56:53,19.1,65.6
07/26/2026,03:01:53,19.1,65.8
07/26/2026,03:06:53,19.1,65.9
07/26/2026,03:11:53,19.1,65.9
07/26/2026,03:16:53,19.1,66.1
07/26/2026,03:21:53,19.1,66.0
07/26/2026,03:26:53,19.1,66.1
07/26/2026,03:31:53,19.1,66.2
07/26/2026,03:36:53,19.1,66.3
07/26/2026,03:41:53,19.1,66.5
07/26/2026,03:46:53,19.0,66.6
07/26/2026,03:51:53,19.0,66.7
07/26/2026,03:56:53,19.1,66.7
07/26/2026,04:01:53,19.1,66.9
07/26/2026,04:06:53,19.0,66.9
07/26/2026,04:11:53,19.0,67.2
07/26/2026,04:16:53,19.0,67.4
07/26/2026,04:21:53,18.9,67.9
07/26/2026,04:26:53,18.8,68.1
07/26/2026,04:31:53,18.8,68.2
07/26/2026,04:36:53,18.9,68.4
07/26/2026,04:41:53,18.9,68.8
07/26/2026,04:46:53,18.8,69.8
07/26/2026,04:51:53,18.6,71.6
07/26/2026,04:56:53,18.4,73.1
07/26/2026,05:01:53,18.3,74.0
07/26/2026,05:06:53,18.1,75.1
07/26/2026,05:11:53,18.1,75.6
07/26/2026,05:16:53,18.0,76.2
07/26/2026,05:21:53,18.0,76.5
07/26/2026,05:26:53,18.0,77.0
07/26/2026,05:31:53,18.0,77.3
07/26/2026,05:36:53,18.0,77.6
07/26/2026,05:41:53,18.0,77.8
07/26/2026,05:46:53,18.1,78.0
07/26/2026,05:51:53,18.1,78.0
07/26/2026,05:56:53,18.1,78.1
07/26/2026,06:01:53,18.2,78.2
07/26/2026,06:06:53,18.2,78.2
07/26/2026,06:11:53,18.2,78.2
07/26/2026,06:16:53,18.3,78.2
07/26/2026,06:21:53,18.4,78.2
07/26/2026,06:26:53,18.5,78.2
07/26/2026,06:31:53,18.6,78.0
07/26/2026,06:36:53,18.7,78.0
07/26/2026,06:41:53,18.8,77.8
07/26/2026,06:46:53,18.8,77.8
07/26/2026,06:51:53,18.9,77.7
07/26/2026,06:56:53,19.0,77.7
07/26/2026,07:01:53,19.1,77.6
07/26/2026,07:06:53,19.2,77.7
07/26/2026,07:11:53,19.2,77.6
07/26/2026,07:16:53,19.3,77.5
07/26/2026,07:21:53,19.4,77.4
07/26/2026,07:26:53,19.4,77.3
07/26/2026,07:31:53,19.6,77.2
07/26/2026,07:36:53,19.7,76.9
07/26/2026,07:41:53,19.8,76.7
07/26/2026,07:46:53,19.9,76.6
07/26/2026,07:51:53,20.0,76.4
07/26/2026,07:56:53,20.2,76.3
07/26/2026,08:01:53,20.3,76.1
07/26/2026,08:06:53,20.5,75.7
07/26/2026,08:11:53,20.5,75.4
07/26/2026,08:16:53,20.6,75.1
07/26/2026,08:21:53,20.7,75.0
07/26/2026,08:26:53,20.9,74.7
07/26/2026,08:31:53,21.1,74.2
07/26/2026,08:36:53,21.2,73.8
07/26/2026,08:41:53,21.2,73.6
07/26/2026,08:46:53,21.1,73.8
07/26/2026,08:51:53,20.9,73.7
07/26/2026,08:56:53,20.7,74.1
07/26/2026,09:01:53,20.6,74.6
07/26/2026,09:06:53,20.7,74.9
07/26/2026,09:11:53,20.7,74.2
07/26/2026,09:16:53,20.9,74.2
07/26/2026,09:21:53,21.3,72.5
07/26/2026,09:26:53,21.4,70.9
07/26/2026,09:31:53,21.4,70.0
07/26/2026,09:36:53,21.4,69.4
07/26/2026,09:41:53,21.4,68.7
07/26/2026,09:46:53,21.4,68.3
07/26/2026,09:51:53,21.5,67.9
07/26/2026,09:56:53,21.8,67.6
07/26/2026,10:01:53,22.0,65.8
07/26/2026,10:06:53,22.2,65.7
07/26/2026,10:11:53,22.7,65.3
07/26/2026,10:16:53,22.9,63.2
07/26/2026,10:21:53,23.1,62.9
07/26/2026,10:26:53,23.3,62.7
07/26/2026,10:31:53,23.0,61.1
07/26/2026,10:36:53,22.5,61.1
07/26/2026,10:41:53,22.2,60.9
07/26/2026,10:46:53,21.9,60.6
07/26/2026,10:51:53,21.7,60.9
07/26/2026,10:56:53,21.6,61.3
07/26/2026,11:01:53,21.8,61.2
07/26/2026,11:06:53,22.1,60.9
07/26/2026,11:11:53,22.1,60.7
07/26/2026,11:16:53,22.3,60.2
07/26/2026,11:21:53,22.7,59.3
07/26/2026,11:26:53,22.8,58.7
07/26/2026,11:31:53,23.0,58.3
07/26/2026,11:36:53,23.2,57.4
07/26/2026,11:41:53,23.5,56.7
07/26/2026,11:46:53,23.5,56.3
07/26/2026,11:51:53,23.5,55.6
07/26/2026,11:56:53,23.6,55.6
07/26/2026,12:01:53,24.0,54.4
07/26/2026,12:06:53,24.3,54.1
07/26/2026,12:11:53,24.4,53.2
07/26/2026,12:16:53,24.6,53.5
07/26/2026,12:21:53,25.1,52.0
07/26/2026,12:26:53,25.3,51.4
07/26/2026,12:31:53,25.3,50.3
07/26/2026,12:36:53,24.8,50.6
07/26/2026,12:41:53,24.7,50.7
07/26/2026,12:46:53,24.6,50.6
07/26/2026,12:51:53,24.4,50.7
07/26/2026,12:56:53,24.3,50.7
07/26/2026,13:01:53,24.4,51.1
07/26/2026,13:06:53,24.9,50.7
07/26/2026,13:11:53,25.2,49.3
07/26/2026,13:16:53,25.3,48.8
07/26/2026,13:21:53,25.1,49.1
07/26/2026,13:26:53,25.1,49.3
07/26/2026,13:31:53,25.2,49.5
07/26/2026,13:36:53,25.3,49.2
07/26/2026,13:41:53,25.3,48.8
07/26/2026,13:46:53,25.3,48.4
07/26/2026,13:51:53,25.4,47.6
07/26/2026,13:56:53,25.4,47.6
07/26/2026,14:01:53,25.3,47.4
07/26/2026,14:06:53,25.3,47.4
07/26/2026,14:11:53,25.3,47.7
07/26/2026,14:16:53,25.3,47.7
07/26/2026,14:21:53,25.6,46.4
07/26/2026,14:26:53,25.4,46.7
07/26/2026,14:31:53,25.4,46.3
07/26/2026,14:36:53,25.5,46.5
07/26/2026,14:41:53,25.7,46.0
07/26/2026,14:46:53,25.6,45.9
07/26/2026,14:51:53,25.8,46.2
07/26/2026,14:56:53,25.8,45.7
07/26/2026,15:01:53,25.7,45.6
07/26/2026,15:06:53,25.7,45.4
07/26/2026,15:11:53,26.0,44.8
07/26/2026,15:16:53,25.7,44.7
07/26/2026,15:21:53,25.9,44.3
07/26/2026,15:26:53,25.9,44.1
07/26/2026,15:31:53,25.9,43.6
07/26/2026,15:36:53,25.5,43.7
07/26/2026,15:41:53,25.1,43.0
07/26/2026,15:46:53,24.8,43.0
07/26/2026,15:51:53,24.7,43.1
07/26/2026,15:56:53,24.6,43.3
07/26/2026,16:01:53,24.5,44.1
07/26/2026,16:06:53,24.5,44.4
07/26/2026,16:11:53,24.5,44.0
07/26/2026,16:16:53,24.5,43.7
07/26/2026,16:21:53,24.7,42.4
07/26/2026,16:26:53,25.0,42.5
07/26/2026,16:31:53,24.9,44.2
07/26/2026,16:36:53,24.7,44.2
07/26/2026,16:41:53,24.4,44.6
07/26/2026,16:46:53,24.2,44.6
07/26/2026,16:51:53,23.9,44.3
07/26/2026,16:56:53,23.8,44.5
07/26/2026,17:01:53,23.8,44.3
07/26/2026,17:06:53,23.7,44.5
07/26/2026,17:11:53,23.7,44.6
07/26/2026,17:16:53,23.5,44.3
07/26/2026,17:21:53,23.4,44.4
07/26/2026,17:26:53,23.5,44.3
07/26/2026,17:31:53,23.4,44.4
07/26/2026,17:36:53,23.4,44.7
07/26/2026,17:41:53,23.3,45.0
07/26/2026,17:46:53,23.5,44.8
07/26/2026,17:51:53,23.6,44.8
07/26/2026,17:56:53,23.5,44.9
07/26/2026,18:01:53,23.5,44.9
07/26/2026,18:06:53,23.4,45.1
07/26/2026,18:11:53,23.3,45.2
07/26/2026,18:16:53,23.3,44.9
07/26/2026,18:21:53,23.2,45.2
07/26/2026,18:26:53,23.2,45.0
07/26/2026,18:31:53,23.2,45.0
07/26/2026,18:36:53,23.2,45.4
07/26/2026,18:41:53,23.1,45.7
07/26/2026,18:46:53,23.0,46.0
07/26/2026,18:51:53,23.1,45.9
07/26/2026,18:56:53,23.1,45.2
07/26/2026,19:01:53,23.0,45.2
07/26/2026,19:06:53,22.7,46.0
07/26/2026,19:11:53,22.4,46.5
07/26/2026,19:16:53,22.3,47.0
07/26/2026,19:21:53,22.7,46.9
07/26/2026,19:26:53,22.9,46.7
07/26/2026,19:31:53,23.0,46.7
07/26/2026,19:36:53,22.9,46.8
07/26/2026,19:41:53,22.7,46.9
07/26/2026,19:46:53,22.5,47.4
07/26/2026,19:51:53,22.1,47.7
07/26/2026,19:56:53,22.0,47.9
07/26/2026,20:01:53,21.8,48.0
07/26/2026,20:06:53,21.7,47.9
07/26/2026,20:11:53,21.6,48.3
07/26/2026,20:16:53,21.5,48.7
07/26/2026,20:21:53,21.3,48.7
07/26/2026,20:26:53,21.1,48.9
07/26/2026,20:31:53,20.9,49.1
07/26/2026,20:36:53,20.8,49.4
07/26/2026,20:41:53,20.8,49.6
07/26/2026,20:46:53,20.7,49.9
07/26/2026,20:51:53,20.7,50.2
07/26/2026,20:56:53,20.5,50.6
07/26/2026,21:01:53,20.4,51.0
07/26/2026,21:06:53,20.4,51.3
07/26/2026,21:11:53,20.2,51.6
07/26/2026,21:16:53,20.1,51.9
07/26/2026,21:21:53,20.0,52.2
07/26/2026,21:26:53,20.0,52.5
07/26/2026,21:31:53,19.9,52.8
07/26/2026,21:36:53,19.8,53.0
07/26/2026,21:41:53,19.8,53.2
07/26/2026,21:46:53,19.7,53.8
07/26/2026,21:51:53,19.6,54.2
07/26/2026,21:56:53,19.5,54.7
07/26/2026,22:01:53,19.4,54.9
07/26/2026,22:06:53,19.4,55.2
07/26/2026,22:11:53,19.3,55.5
07/26/2026,22:16:53,19.3,55.8
07/26/2026,22:21:53,19.2,56.0
07/26/2026,22:26:53,19.2,56.2
07/26/2026,22:31:53,19.2,56.4
07/26/2026,22:36:53,19.2,56.5
07/26/2026,22:41:53,19.2,56.5
07/26/2026,22:46:53,19.2,56.7
07/26/2026,22:51:53,19.2,56.8
07/26/2026,22:56:53,19.2,57.0
07/26/2026,23:01:53,19.2,57.3
07/26/2026,23:06:53,19.2,57.7
07/26/2026,23:11:53,19.1,57.8
07/26/2026,23:16:53,19.1,58.0
07/26/2026,23:21:53,19.0,58.0
07/26/2026,23:26:53,18.9,57.9
07/26/2026,23:31:53,18.8,58.2
07/26/2026,23:36:53,18.8,58.4
07/26/2026,23:41:53,18.7,58.6
07/26/2026,23:46:53,18.6,58.7
07/26/2026,23:51:53,18.6,58.6
07/26/2026,23:56:53,18.6,58.7
07/27/2026,00:01:53,18.6,58.6
07/27/2026,00:06:53,18.5,58.7
07/27/2026,00:11:53,18.5,58.7
07/27/2026,00:16:53,18.5,58.9
07/27/2026,00:21:53,18.4,59.0
07/27/2026,00:26:53,18.4,59.2
07/27/2026,00:31:53,18.4,59.2
07/27/2026,00:36:53,18.4,59.3
07/27/2026,00:41:53,18.3,59.5
07/27/2026,00:46:53,18.2,59.6
07/27/2026,00:51:53,18.2,59.7
07/27/2026,00:56:53,18.2,59.9
07/27/2026,01:01:53,18.1,60.1
07/27/2026,01:06:53,18.0,60.2
07/27/2026,01:11:53,18.1,60.4
07/27/2026,01:16:53,18.0,60.6
07/27/2026,01:21:53,18.0,60.7
07/27/2026,01:26:53,17.9,60.9
07/27/2026,01:31:53,17.9,61.1
07/27/2026,01:36:53,17.8,61.3
07/27/2026,01:41:53,17.8,61.5
07/27/2026,01:46:53,17.8,61.6
07/27/2026,01:51:53,17.7,61.9
07/27/2026,01:56:53,17.7,62.1
07/27/2026,02:01:53,17.7,62.4
07/27/2026,02:06:53,17.7,62.6
07/27/2026,02:11:53,17.7,62.9
07/27/2026,02:16:53,17.7,63.2
07/27/2026,02:21:53,17.6,63.3
07/27/2026,02:26:53,17.6,63.5
07/27/2026,02:31:53,17.6,63.7
07/27/2026,02:36:53,17.6,64.0
07/27/2026,02:41:53,17.5,64.2
07/27/2026,02:46:53,17.5,64.4
07/27/2026,02:51:53,17.4,64.6
07/27/2026,02:56:53,17.4,64.9
07/27/2026,03:01:53,17.3,65.2
07/27/2026,03:06:53,17.2,65.4
07/27/2026,03:11:53,17.1,65.7
07/27/2026,03:16:53,17.1,66.0
07/27/2026,03:21:53,17.0,66.1
07/27/2026,03:26:53,17.0,66.1
07/27/2026,03:31:53,16.9,66.1
07/27/2026,03:36:53,16.8,66.3
07/27/2026,03:41:53,16.8,66.4
07/27/2026,03:46:53,16.7,66.6
07/27/2026,03:51:53,16.6,66.7
07/27/2026,03:56:53,16.6,66.9
07/27/2026,04:01:53,16.6,67.1
07/27/2026,04:06:53,16.5,67.2
07/27/2026,04:11:53,16.4,67.3
07/27/2026,04:16:53,16.4,67.5
07/27/2026,04:21:53,16.3,67.7
07/27/2026,04:26:53,16.2,67.9
07/27/2026,04:31:53,16.2,68.0
07/27/2026,04:36:53,16.1,68.2
07/27/2026,04:41:53,16.0,68.5
07/27/2026,04:46:53,16.0,68.8
07/27/2026,04:51:53,15.9,69.0
07/27/2026,04:56:53,15.9,69.2
07/27/2026,05:01:53,15.9,69.3
07/27/2026,05:06:53,15.9,69.5
07/27/2026,05:11:53,15.9,69.5
07/27/2026,05:16:53,15.9,69.6
07/27/2026,05:21:53,15.9,69.7
07/27/2026,05:26:53,15.9,69.8
07/27/2026,05:31:53,15.9,69.8
07/27/2026,05:36:53,16.0,69.9
07/27/2026,05:41:53,16.0,69.9
07/27/2026,05:46:53,16.0,69.9
07/27/2026,05:51:53,16.0,69.9
07/27/2026,05:56:53,16.1,69.9
07/27/2026,06:01:53,16.1,69.9
07/27/2026,06:06:53,16.1,69.9
07/27/2026,06:11:53,16.2,70.0
07/27/2026,06:16:53,16.2,70.0
07/27/2026,06:21:53,16.2,70.0
07/27/2026,06:26:53,16.2,70.0
07/27/2026,06:31:53,16.3,70.0
07/27/2026,06:36:53,16.3,69.9
07/27/2026,06:41:53,16.3,69.9
07/27/2026,06:46:53,16.4,69.7
07/27/2026,06:51:53,16.4,69.6
07/27/2026,06:56:53,16.4,69.6
07/27/2026,07:01:53,16.4,69.6
07/27/2026,07:06:53,16.4,69.5
07/27/2026,07:11:53,16.5,69.5
07/27/2026,07:16:53,16.5,69.4
07/27/2026,07:21:53,16.5,69.2
07/27/2026,07:26:53,16.6,69.0
07/27/2026,07:31:53,16.7,68.8
07/27/2026,07:36:53,16.9,68.4
07/27/2026,07:41:53,17.0,68.1
07/27/2026,07:46:53,17.2,67.9
07/27/2026,07:51:53,17.4,67.5
07/27/2026,07:56:53,17.4,67.3
07/27/2026,08:01:53,17.5,66.9
07/27/2026,08:06:53,17.6,66.6
07/27/2026,08:11:53,17.7,66.3
07/27/2026,08:16:53,17.8,66.1
07/27/2026,08:21:53,17.9,66.1
07/27/2026,08:26:53,18.2,65.3
07/27/2026,08:31:53,18.3,64.6
07/27/2026,08:36:53,18.4,64.4
07/27/2026,08:41:53,18.4,64.3
07/27/2026,08:46:53,18.5,64.0
07/27/2026,08:51:53,18.6,63.5
07/27/2026,08:56:53,18.7,63.5
07/27/2026,09:01:53,18.9,62.6
07/27/2026,09:06:53,18.9,62.4
07/27/2026,09:11:53,19.0,62.4
07/27/2026,09:16:53,19.1,61.7
07/27/2026,09:21:53,19.4,61.5
07/27/2026,09:26:53,19.4,60.8
07/27/2026,09:31:53,19.5,60.5
07/27/2026,09:36:53,19.6,60.2
07/27/2026,09:41:53,19.5,59.7
07/27/2026,09:46:53,19.4,59.8
07/27/2026,09:51:53,19.4,60.0
07/27/2026,09:56:53,19.4,59.8
07/27/2026,10:01:53,19.4,58.9
07/27/2026,10:06:53,19.4,58.9
07/27/2026,10:11:53,19.4,58.8
07/27/2026,10:16:53,19.7,58.4
07/27/2026,10:21:53,19.8,58.1
07/27/2026,10:26:53,19.8,57.4
07/27/2026,10:31:53,20.0,57.4
07/27/2026,10:36:53,20.3,56.8
07/27/2026,10:41:53,20.4,55.8
07/27/2026,10:46:53,20.3,56.3
07/27/2026,10:51:53,20.2,56.3
07/27/2026,10:56:53,20.1,56.3
07/27/2026,11:01:53,20.3,55.9
07/27/2026,11:06:53,20.8,54.9
07/27/2026,11:11:53,21.0,54.2
07/27/2026,11:16:53,20.9,54.1
07/27/2026,11:21:53,20.8,53.9
07/27/2026,11:26:53,21.0,54.0
07/27/2026,11:31:53,21.4,52.7
07/27/2026,11:36:53,21.5,51.8
07/27/2026,11:41:53,21.5,51.9
07/27/2026,11:46:53,21.5,51.9
07/27/2026,11:51:53,21.6,51.8
07/27/2026,11:56:53,21.6,51.3
07/27/2026,12:01:53,21.6,51.0
07/27/2026,12:06:53,21.7,51.1
07/27/2026,12:11:53,21.6,50.7
07/27/2026,12:16:53,21.7,50.9
07/27/2026,12:21:53,21.8,50.6
07/27/2026,12:26:53,21.8,50.0
07/27/2026,12:31:53,21.8,49.7
07/27/2026,12:36:53,22.2,49.9
07/27/2026,12:41:53,22.5,48.7
07/27/2026,12:46:53,22.9,48.5
07/27/2026,12:51:53,23.1,48.1
07/27/2026,12:56:53,23.1,47.7
07/27/2026,13:01:53,23.3,48.1
07/27/2026,13:06:53,23.9,47.7
07/27/2026,13:11:53,24.1,46.5
07/27/2026,13:16:53,24.5,46.5
07/27/2026,13:21:53,24.6,45.2
07/27/2026,13:26:53,24.2,45.5
07/27/2026,13:31:53,24.2,45.0
07/27/2026,13:36:53,24.4,45.0
07/27/2026,13:41:53,24.6,44.4
07/27/2026,13:46:53,24.7,44.5
07/27/2026,13:51:53,24.8,43.7
07/27/2026,13:56:53,24.5,44.2
07/27/2026,14:01:53,24.7,43.7
07/27/2026,14:06:53,25.0,43.8
07/27/2026,14:11:53,25.3,43.1
07/27/2026,14:16:53,25.4,42.6
07/27/2026,14:21:53,25.7,42.3
07/27/2026,14:26:53,26.1,42.4
07/27/2026,14:31:53,26.5,41.7
07/27/2026,14:36:53,26.4,41.5
07/27/2026,14:41:53,26.4,40.8
07/27/2026,14:46:53,26.7,40.9
07/27/2026,14:51:53,26.7,40.3
07/27/2026,14:56:53,26.5,40.5
07/27/2026,15:01:53,26.4,40.0
07/27/2026,15:06:53,26.2,40.7
07/27/2026,15:11:53,26.5,40.3
07/27/2026,15:16:53,26.5,39.7
07/27/2026,15:21:53,26.5,40.3
07/27/2026,15:26:53,26.8,40.2
07/27/2026,15:31:53,26.7,39.8
07/27/2026,15:36:53,26.8,39.9
07/27/2026,15:41:53,26.8,39.7
07/27/2026,15:46:53,27.3,39.2
07/27/2026,15:51:53,27.5,38.8
07/27/2026,15:56:53,27.3,38.6
07/27/2026,16:01:53,27.3,38.7
07/27/2026,16:06:53,27.6,37.9
07/27/2026,16:11:53,27.6,37.6
07/27/2026,16:16:53,27.5,37.6
07/27/2026,16:21:53,27.6,37.3
07/27/2026,16:26:53,27.3,37.8
07/27/2026,16:31:53,27.6,37.5
07/27/2026,16:36:53,27.7,37.4
07/27/2026,16:41:53,27.3,37.5
07/27/2026,16:46:53,27.0,37.9
07/27/2026,16:51:53,26.6,38.2
07/27/2026,16:56:53,26.6,38.7
07/27/2026,17:01:53,26.7,38.5
07/27/2026,17:06:53,26.3,38.9
07/27/2026,17:11:53,26.2,39.3
07/27/2026,17:16:53,26.1,39.4
07/27/2026,17:21:53,26.1,39.7
07/27/2026,17:26:53,26.1,40.0
07/27/2026,17:31:53,26.1,39.9
07/27/2026,17:36:53,26.0,40.2
07/27/2026,17:41:53,26.0,40.4
07/27/2026,17:46:53,25.9,40.5
07/27/2026,17:51:53,25.7,41.0
07/27/2026,17:56:53,25.8,40.9
07/27/2026,18:01:53,25.7,40.9
07/27/2026,18:06:53,25.7,41.2
07/27/2026,18:11:53,25.7,41.3
07/27/2026,18:16:53,25.6,41.5
07/27/2026,18:21:53,25.6,41.7
07/27/2026,18:26:53,25.6,41.7
07/27/2026,18:31:53,25.4,41.8
07/27/2026,18:36:53,25.4,42.0
07/27/2026,18:41:53,25.4,42.2
07/27/2026,18:46:53,25.4,42.3
07/27/2026,18:51:53,25.4,42.3
07/27/2026,18:56:53,25.4,42.4
07/27/2026,19:01:53,25.4,42.6
07/27/2026,19:06:53,25.3,42.6
07/27/2026,19:11:53,25.2,43.0
07/27/2026,19:16:53,25.2,43.2
07/27/2026,19:21:53,25.6,43.1
07/27/2026,19:26:53,25.8,42.9
07/27/2026,19:31:53,25.6,43.0
07/27/2026,19:36:53,25.3,43.4
07/27/2026,19:41:53,25.2,43.7
07/27/2026,19:46:53,25.2,43.9
07/27/2026,19:51:53,25.0,43.9
07/27/2026,19:56:53,25.0,44.4
07/27/2026,20:01:53,25.0,44.3
07/27/2026,20:06:53,24.9,44.4
07/27/2026,20:11:53,24.9,44.8
07/27/2026,20:16:53,24.8,44.9
07/27/2026,20:21:53,24.7,45.1
07/27/2026,20:26:53,24.7,45.2
07/27/2026,20:31:53,24.6,45.4
07/27/2026,20:36:53,24.6,45.5
07/27/2026,20:41:53,24.5,45.7
07/27/2026,20:46:53,24.5,45.9
07/27/2026,20:51:53,24.4,46.1
07/27/2026,20:56:53,24.4,46.3
07/27/2026,21:01:53,24.3,46.4
07/27/2026,21:06:53,24.3,46.7
07/27/2026,21:11:53,24.2,47.0
07/27/2026,21:16:53,24.1,47.1
07/27/2026,21:21:53,24.0,47.4
07/27/2026,21:26:53,23.9,47.6
07/27/2026,21:31:53,23.8,47.9
07/27/2026,21:36:53,23.7,48.3
07/27/2026,21:41:53,23.7,48.8
07/27/2026,21:46:53,23.6,49.3
07/27/2026,21:51:53,23.5,49.5
07/27/2026,21:56:53,23.4,49.9
07/27/2026,22:01:53,23.3,49.9
07/27/2026,22:06:53,23.2,50.0
07/27/2026,22:11:53,23.1,50.1
07/27/2026,22:16:53,23.0,50.3
07/27/2026,22:21:53,23.0,50.7
07/27/2026,22:26:53,22.8,51.2
07/27/2026,22:31:53,22.7,51.3
07/27/2026,22:36:53,22.5,51.8
07/27/2026,22:41:53,22.4,52.3
07/27/2026,22:46:53,22.3,52.5
07/27/2026,22:51:53,22.2,52.6
07/27/2026,22:56:53,22.1,53.4
07/27/2026,23:01:53,22.0,53.7
07/27/2026,23:06:53,21.9,53.9
07/27/2026,23:11:53,21.8,53.7
07/27/2026,23:16:53,21.7,53.9
07/27/2026,23:21:53,21.6,54.0
07/27/2026,23:26:53,21.6,54.4
07/27/2026,23:31:53,21.5,55.0
07/27/2026,23:36:53,21.4,55.0
07/27/2026,23:41:53,21.4,55.0
07/27/2026,23:46:53,21.4,54.9
07/27/2026,23:51:53,21.3,55.4
07/27/2026,23:56:53,21.2,55.1
07/28/2026,00:01:53,21.1,55.3
07/28/2026,00:06:53,21.1,54.9
07/28/2026,00:11:53,21.0,55.7
07/28/2026,00:16:53,21.0,56.2
07/28/2026,00:21:53,20.9,55.5
07/28/2026,00:26:53,20.9,55.6
07/28/2026,00:31:53,20.8,55.7
07/28/2026,00:36:53,20.7,53.7
07/28/2026,00:41:53,20.7,54.4
07/28/2026,00:46:53,20.6,54.3
07/28/2026,00:51:53,20.5,53.1
07/28/2026,00:56:53,20.5,57.5
07/28/2026,01:01:53,20.4,57.7
07/28/2026,01:06:53,20.3,58.8
07/28/2026,01:11:53,20.3,58.5
07/28/2026,01:16:53,20.3,57.7
07/28/2026,01:21:53,20.2,59.5
07/28/2026,01:26:53,20.2,58.7
07/28/2026,01:31:53,20.2,57.2
07/28/2026,01:36:53,20.1,58.2
07/28/2026,01:41:53,20.1,57.0
07/28/2026,01:46:53,20.1,59.2
07/28/2026,01:51:53,20.0,56.8
07/28/2026,01:56:53,20.0,54.1
07/28/2026,02:01:53,19.9,59.6
07/28/2026,02:06:53,19.9,59.0
07/28/2026,02:11:53,19.9,59.4
07/28/2026,02:16:53,19.8,61.2
07/28/2026,02:21:53,19.8,61.2
07/28/2026,02:26:53,19.8,60.8
07/28/2026,02:31:53,19.8,60.5
07/28/2026,02:36:53,19.7,61.8
07/28/2026,02:41:53,19.6,62.5
07/28/2026,02:46:53,19.6,63.1
07/28/2026,02:51:53,19.5,63.8
07/28/2026,02:56:53,19.5,64.3
07/28/2026,03:01:53,19.4,64.9
07/28/2026,03:06:53,19.4,62.3
07/28/2026,03:11:53,19.3,64.8
07/28/2026,03:16:53,19.2,65.5
07/28/2026,03:21:53,19.1,65.3
07/28/2026,03:26:53,19.1,66.4
07/28/2026,03:31:53,19.0,65.5
07/28/2026,03:36:53,19.0,65.7
07/28/2026,03:41:53,18.9,66.1
07/28/2026,03:46:53,18.9,67.3
07/28/2026,03:51:53,18.9,67.2
07/28/2026,03:56:53,18.8,66.0
07/28/2026,04:01:53,18.8,63.4
07/28/2026,04:06:53,18.8,65.0
07/28/2026,04:11:53,18.7,63.5
07/28/2026,04:16:53,18.7,64.6
07/28/2026,04:21:53,18.7,65.2
07/28/2026,04:26:53,18.6,62.4
07/28/2026,04:31:53,18.6,66.2
07/28/2026,04:36:53,18.6,66.3
07/28/2026,04:41:53,18.5,67.5
07/28/2026,04:46:53,18.4,67.4
07/28/2026,04:51:53,18.4,64.9
07/28/2026,04:56:53,18.4,68.1
07/28/2026,05:01:53,18.4,68.4
07/28/2026,05:06:53,18.3,69.7
07/28/2026,05:11:53,18.3,70.6
07/28/2026,05:16:53,18.3,70.7
07/28/2026,05:21:53,18.3,70.2
07/28/2026,05:26:53,18.2,71.4
07/28/2026,05:31:53,18.2,71.3
07/28/2026,05:36:53,18.2,71.5
07/28/2026,05:41:53,18.2,71.0
07/28/2026,05:46:53,18.2,72.5
07/28/2026,05:51:53,18.2,70.9
07/28/2026,05:56:53,18.2,72.9
07/28/2026,06:01:53,18.2,72.7
07/28/2026,06:06:53,18.2,73.4
07/28/2026,06:11:53,18.2,73.3
07/28/2026,06:16:53,18.3,73.9
07/28/2026,06:21:53,18.3,74.5
07/28/2026,06:26:53,18.4,74.7
07/28/2026,06:31:53,18.4,75.0
07/28/2026,06:36:53,18.4,75.1
07/28/2026,06:41:53,18.5,74.9
07/28/2026,06:46:53,18.6,75.0
07/28/2026,06:51:53,18.6,74.9
07/28/2026,06:56:53,18.6,74.8
07/28/2026,07:01:53,18.7,75.2
07/28/2026,07:06:53,18.8,75.4
07/28/2026,07:11:53,18.8,75.4
07/28/2026,07:16:53,19.0,75.2
07/28/2026,07:21:53,19.0,75.2
07/28/2026,07:26:53,19.2,75.4
07/28/2026,07:31:53,19.2,75.4
07/28/2026,07:36:53,19.3,75.2
07/28/2026,07:41:53,19.4,75.3
07/28/2026,07:46:53,19.4,75.2
07/28/2026,07:51:53,19.5,75.0
07/28/2026,07:56:53,19.6,74.9
07/28/2026,08:01:53,19.7,74.9
07/28/2026,08:06:53,19.7,74.9
07/28/2026,08:11:53,19.8,74.8
07/28/2026,08:16:53,19.8,74.8
07/28/2026,08:21:53,19.9,74.7
07/28/2026,08:26:53,20.1,74.3
07/28/2026,08:31:53,20.3,74.2
07/28/2026,08:36:53,20.6,73.8
07/28/2026,08:41:53,20.9,73.3
07/28/2026,08:46:53,21.1,72.9
07/28/2026,08:51:53,21.3,72.5
07/28/2026,08:56:53,21.4,72.0
07/28/2026,09:01:53,21.5,71.8
07/28/2026,09:06:53,21.8,71.4
07/28/2026,09:11:53,22.0,71.0
07/28/2026,09:16:53,22.3,70.5
07/28/2026,09:21:53,22.4,70.0
07/28/2026,09:26:53,22.6,69.2
07/28/2026,09:31:53,22.8,69.0
07/28/2026,09:36:53,23.0,68.3
07/28/2026,09:41:53,23.2,67.5
07/28/2026,09:46:53,23.3,67.3
07/28/2026,09:51:53,23.3,67.0
07/28/2026,09:56:53,23.3,66.7
07/28/2026,10:01:53,23.6,66.3
07/28/2026,10:06:53,23.8,66.0
07/28/2026,10:11:53,24.0,65.4
07/28/2026,10:16:53,24.0,65.2
07/28/2026,10:21:53,24.0,65.0
07/28/2026,10:26:53,24.2,64.8
07/28/2026,10:31:53,24.4,64.5
07/28/2026,10:36:53,24.4,64.2
07/28/2026,10:41:53,24.4,64.3
07/28/2026,10:46:53,24.6,63.7
07/28/2026,10:51:53,24.6,63.8
07/28/2026,10:56:53,24.7,63.3
07/28/2026,11:01:53,24.4,63.2
07/28/2026,11:06:53,24.4,63.7
07/28/2026,11:11:53,24.8,63.2
07/28/2026,11:16:53,25.0,62.4
07/28/2026,11:21:53,25.0,62.3
07/28/2026,11:26:53,24.9,62.2
07/28/2026,11:31:53,25.0,62.4
07/28/2026,11:36:53,24.9,62.1
07/28/2026,11:41:53,25.1,62.5
07/28/2026,11:46:53,25.5,61.5
07/28/2026,11:51:53,25.8,61.2
07/28/2026,11:56:53,26.3,60.2
07/28/2026,12:01:53,26.4,59.8
07/28/2026,12:06:53,26.7,59.0
07/28/2026,12:11:53,26.8,58.4
07/28/2026,12:16:53,27.0,57.9
07/28/2026,12:21:53,27.1,57.3
07/28/2026,12:26:53,27.3,56.7
07/28/2026,12:31:53,27.3,56.7
07/28/2026,12:36:53,27.4,56.3
07/28/2026,12:41:53,27.4,55.4
07/28/2026,12:46:53,27.5,55.7
07/28/2026,12:51:53,27.7,54.7
07/28/2026,12:56:53,27.9,54.3
07/28/2026,13:01:53,27.8,54.5
07/28/2026,13:06:53,27.9,54.1
07/28/2026,13:11:53,28.2,53.4
07/28/2026,13:16:53,28.6,52.7
07/28/2026,13:21:53,28.9,52.2
07/28/2026,13:26:53,28.9,51.5
07/28/2026,13:31:53,29.2,51.1
07/28/2026,13:36:53,29.5,50.6
07/28/2026,13:41:53,29.6,49.8
07/28/2026,13:46:53,29.7,49.3
07/28/2026,13:51:53,30.1,48.3
07/28/2026,13:56:53,30.4,47.4
07/28/2026,14:01:53,30.5,47.3
07/28/2026,14:06:53,30.4,47.2
07/28/2026,14:11:53,30.3,47.0
07/28/2026,14:16:53,30.0,46.8
07/28/2026,14:21:53,29.6,46.4
07/28/2026,14:26:53,29.6,47.2
07/28/2026,14:31:53,29.7,46.7
07/28/2026,14:36:53,29.8,46.7
07/28/2026,14:41:53,30.0,46.4
07/28/2026,14:46:53,30.1,46.3
07/28/2026,14:51:53,30.1,46.3
07/28/2026,14:56:53,30.1,45.9
07/28/2026,15:01:53,30.3,45.4
07/28/2026,15:06:53,30.1,46.0
07/28/2026,15:11:53,30.1,45.8
07/28/2026,15:16:53,30.4,45.5
07/28/2026,15:21:53,30.8,44.8
07/28/2026,15:26:53,31.3,44.2
07/28/2026,15:31:53,31.7,43.4
07/28/2026,15:36:53,31.7,43.2
07/28/2026,15:41:53,32.2,42.8
07/28/2026,15:46:53,32.5,41.9
07/28/2026,15:51:53,32.3,42.0
07/28/2026,15:56:53,32.2,41.8
07/28/2026,16:01:53,32.3,41.4
07/28/2026,16:06:53,32.3,41.4
07/28/2026,16:11:53,31.9,41.6
07/28/2026,16:16:53,31.6,41.8
07/28/2026,16:21:53,31.5,42.2
07/28/2026,16:26:53,31.9,42.0
07/28/2026,16:31:53,32.2,41.2
07/28/2026,16:36:53,31.8,41.3
07/28/2026,16:41:53,31.7,41.0
07/28/2026,16:46:53,31.7,41.2
07/28/2026,16:51:53,31.6,40.9
07/28/2026,16:56:53,31.5,41.1
07/28/2026,17:01:53,31.2,41.4
07/28/2026,17:06:53,31.2,41.4
07/28/2026,17:11:53,31.1,41.6
07/28/2026,17:16:53,30.9,41.9
07/28/2026,17:21:53,30.5,42.6
07/28/2026,17:26:53,30.3,42.7
07/28/2026,17:31:53,30.3,42.9
07/28/2026,17:36:53,30.3,43.1
07/28/2026,17:41:53,30.2,43.3
07/28/2026,17:46:53,30.2,43.3
07/28/2026,17:51:53,30.1,43.3
07/28/2026,17:56:53,30.0,43.3
07/28/2026,18:01:53,30.0,43.1
07/28/2026,18:06:53,30.0,43.3
07/28/2026,18:11:53,30.0,43.1
07/28/2026,18:16:53,29.9,43.4
07/28/2026,18:21:53,29.8,43.5
07/28/2026,18:26:53,29.8,43.7
07/28/2026,18:31:53,29.7,43.7
07/28/2026,18:36:53,29.6,43.4
07/28/2026,18:41:53,29.4,43.8
07/28/2026,18:46:53,29.3,44.0
07/28/2026,18:51:53,29.3,44.2
07/28/2026,18:56:53,29.1,44.3
07/28/2026,19:01:53,29.0,44.5
07/28/2026,19:06:53,29.0,44.8
07/28/2026,19:11:53,29.0,45.0
07/28/2026,19:16:53,29.0,45.0
07/28/2026,19:21:53,29.1,44.5
07/28/2026,19:26:53,29.0,44.4
07/28/2026,19:31:53,28.8,44.7
07/28/2026,19:36:53,28.7,44.9
07/28/2026,19:41:53,28.5,45.3
07/28/2026,19:46:53,28.2,45.7
07/28/2026,19:51:53,28.1,46.0
07/28/2026,19:56:53,28.0,46.1
07/28/2026,20:01:53,27.9,46.3
07/28/2026,20:06:53,27.8,46.5
07/28/2026,20:11:53,27.7,46.7
07/28/2026,20:16:53,27.6,47.0
07/28/2026,20:21:53,27.6,47.3
07/28/2026,20:26:53,27.5,47.4
07/28/2026,20:31:53,27.4,47.6
07/28/2026,20:36:53,27.3,47.7
07/28/2026,20:41:53,27.2,47.9
07/28/2026,20:46:53,27.1,48.1
07/28/2026,20:51:53,27.0,48.3
07/28/2026,20:56:53,26.9,48.9
07/28/2026,21:01:53,26.8,49.7
07/28/2026,21:06:53,26.7,50.4
07/28/2026,21:11:53,26.5,50.6
07/28/2026,21:16:53,26.4,50.8
07/28/2026,21:21:53,26.2,51.2
07/28/2026,21:26:53,26.1,51.6
07/28/2026,21:31:53,25.9,51.9
07/28/2026,21:36:53,25.8,52.3
07/28/2026,21:41:53,25.6,52.7
07/28/2026,21:46:53,25.5,52.8
07/28/2026,21:51:53,25.4,53.1
07/28/2026,21:56:53,25.2,53.3
07/28/2026,22:01:53,25.1,53.7
07/28/2026,22:06:53,25.0,54.2
07/28/2026,22:11:53,24.8,54.3
07/28/2026,22:16:53,24.7,54.8
07/28/2026,22:21:53,24.6,55.1
07/28/2026,22:26:53,24.5,55.8
07/28/2026,22:31:53,24.5,55.8
07/28/2026,22:36:53,24.4,56.2
07/28/2026,22:41:53,24.3,56.7
07/28/2026,22:46:53,24.2,56.4
07/28/2026,22:51:53,24.1,56.3
07/28/2026,22:56:53,24.1,56.5
07/28/2026,23:01:53,24.0,56.9
07/28/2026,23:06:53,23.9,57.4
07/28/2026,23:11:53,23.8,57.8
07/28/2026,23:16:53,23.7,57.4
07/28/2026,23:21:53,23.7,57.6
07/28/2026,23:26:53,23.6,58.0
07/28/2026,23:31:53,23.5,58.2
07/28/2026,23:36:53,23.5,58.3
07/28/2026,23:41:53,23.4,58.5
07/28/2026,23:46:53,23.4,58.4
07/28/2026,23:51:53,23.4,58.3
07/28/2026,23:56:53,23.3,58.4
07/29/2026,00:01:53,23.3,58.6
07/29/2026,00:06:53,23.3,58.0
07/29/2026,00:11:53,23.2,58.3
07/29/2026,00:16:53,23.2,58.5
07/29/2026,00:21:53,23.2,57.6
07/29/2026,00:26:53,23.2,56.8
07/29/2026,00:31:53,23.2,57.3
07/29/2026,00:36:53,23.1,56.8
07/29/2026,00:41:53,23.1,57.5
07/29/2026,00:46:53,23.1,58.4
07/29/2026,00:51:53,23.1,58.7
07/29/2026,00:56:53,23.0,59.4
07/29/2026,01:01:53,23.0,59.8
07/29/2026,01:06:53,22.9,59.8
07/29/2026,01:11:53,22.9,60.5
07/29/2026,01:16:53,22.8,60.7
07/29/2026,01:21:53,22.8,60.9
07/29/2026,01:26:53,22.7,61.2
07/29/2026,01:31:53,22.6,59.9
07/29/2026,01:36:53,22.6,61.4
07/29/2026,01:41:53,22.6,61.3
07/29/2026,01:46:53,22.5,61.4
07/29/2026,01:51:53,22.5,62.0
07/29/2026,01:56:53,22.4,61.2
07/29/2026,02:01:53,22.4,61.8
07/29/2026,02:06:53,22.3,62.3
07/29/2026,02:11:53,22.3,62.0
07/29/2026,02:16:53,22.3,61.7
07/29/2026,02:21:53,22.2,61.0
07/29/2026,02:26:53,22.1,61.2
07/29/2026,02:31:53,22.1,60.1
07/29/2026,02:36:53,22.0,57.0
07/29/2026,02:41:53,22.0,58.1
07/29/2026,02:46:53,21.9,59.0
07/29/2026,02:51:53,21.8,57.7
07/29/2026,02:56:53,21.8,58.8
07/29/2026,03:01:53,21.8,56.5
07/29/2026,03:06:53,21.7,55.8
07/29/2026,03:11:53,21.6,59.8
07/29/2026,03:16:53,21.6,58.1
07/29/2026,03:21:53,21.5,56.0
07/29/2026,03:26:53,21.4,54.7
07/29/2026,03:31:53,21.4,54.1
07/29/2026,03:36:53,21.2,55.4
07/29/2026,03:41:53,21.2,56.9
07/29/2026,03:46:53,21.1,56.9
07/29/2026,03:51:53,21.1,59.0
07/29/2026,03:56:53,21.0,60.8
07/29/2026,04:01:53,21.0,61.1
07/29/2026,04:06:53,20.9,62.4
07/29/2026,04:11:53,20.9,62.4
07/29/2026,04:16:53,20.8,63.3
07/29/2026,04:21:53,20.8,63.6
07/29/2026,04:26:53,20.7,61.3
07/29/2026,04:31:53,20.6,60.1
07/29/2026,04:36:53,20.6,63.1
07/29/2026,04:41:53,20.5,62.5
07/29/2026,04:46:53,20.5,61.1
07/29/2026,04:51:53,20.4,58.6
07/29/2026,04:56:53,20.3,58.8
07/29/2026,05:01:53,20.2,55.5
07/29/2026,05:06:53,20.2,59.4
07/29/2026,05:11:53,20.1,57.4
07/29/2026,05:16:53,20.0,55.8
07/29/2026,05:21:53,19.9,57.8
07/29/2026,05:26:53,19.9,57.0
07/29/2026,05:31:53,19.8,57.9
07/29/2026,05:36:53,19.8,61.2
07/29/2026,05:41:53,19.7,59.6
07/29/2026,05:46:53,19.7,59.9
07/29/2026,05:51:53,19.6,59.6
07/29/2026,05:56:53,19.6,61.3
07/29/2026,06:01:53,19.6,62.8
07/29/2026,06:06:53,19.6,63.4
07/29/2026,06:11:53,19.6,65.2
07/29/2026,06:16:53,19.6,64.3
07/29/2026,06:21:53,19.6,65.5
07/29/2026,06:26:53,19.6,64.5
07/29/2026,06:31:53,19.6,63.8
07/29/2026,06:36:53,19.6,63.3
07/29/2026,06:41:53,19.6,61.5
07/29/2026,06:46:53,19.6,65.7
07/29/2026,06:51:53,19.7,66.9
07/29/2026,06:56:53,19.6,65.7
07/29/2026,07:01:53,19.7,62.7
07/29/2026,07:06:53,19.7,61.3
07/29/2026,07:11:53,19.7,62.4
07/29/2026,07:16:53,19.7,59.6
07/29/2026,07:21:53,19.8,64.8
07/29/2026,07:26:53,19.8,63.4
07/29/2026,07:31:53,19.9,63.0
07/29/2026,07:36:53,19.9,63.0
07/29/2026,07:41:53,20.1,63.0
07/29/2026,07:46:53,20.3,63.7
07/29/2026,07:51:53,20.4,66.1
07/29/2026,07:56:53,20.5,65.1
07/29/2026,08:01:53,20.7,65.5
07/29/2026,08:06:53,20.8,63.5
07/29/2026,08:11:53,20.9,63.2
07/29/2026,08:16:53,21.0,63.3
07/29/2026,08:21:53,21.1,63.9
07/29/2026,08:26:53,21.2,63.0
07/29/2026,08:31:53,21.3,63.8
07/29/2026,08:36:53,21.4,62.5
07/29/2026,08:41:53,21.6,63.1
07/29/2026,08:46:53,21.8,62.5
07/29/2026,08:51:53,21.9,62.3
07/29/2026,08:56:53,22.1,61.9
07/29/2026,09:01:53,22.3,61.9
07/29/2026,09:06:53,22.6,61.5
07/29/2026,09:11:53,23.1,61.0
07/29/2026,09:16:53,23.3,60.3
07/29/2026,09:21:53,23.7,59.8
07/29/2026,09:26:53,24.0,59.2
07/29/2026,09:31:53,24.4,58.1
07/29/2026,09:36:53,24.7,57.6
07/29/2026,09:41:53,25.0,56.6
07/29/2026,09:46:53,25.3,55.8
07/29/2026,09:51:53,25.5,54.6
07/29/2026,09:56:53,25.8,53.8
07/29/2026,10:01:53,26.0,52.9
07/29/2026,10:06:53,26.2,52.9
07/29/2026,10:11:53,26.5,52.1
07/29/2026,10:16:53,26.7,51.3
07/29/2026,10:21:53,27.0,51.2
07/29/2026,10:26:53,27.2,50.7
07/29/2026,10:31:53,27.4,50.5
07/29/2026,10:36:53,27.7,49.3
07/29/2026,10:41:53,27.9,49.0
07/29/2026,10:46:53,28.1,48.8
07/29/2026,10:51:53,28.3,47.5
07/29/2026,10:56:53,28.4,46.9
07/29/2026,11:01:53,28.7,45.8
07/29/2026,11:06:53,28.9,45.2
07/29/2026,11:11:53,29.1,45.5
07/29/2026,11:16:53,29.4,44.4
07/29/2026,11:21:53,29.6,44.3
07/29/2026,11:26:53,29.8,43.7
07/29/2026,11:31:53,29.9,43.3
07/29/2026,11:36:53,30.0,42.9
07/29/2026,11:41:53,30.3,42.6
07/29/2026,11:46:53,30.4,41.9
07/29/2026,11:51:53,30.5,41.9
07/29/2026,11:56:53,30.7,41.6
07/29/2026,12:01:53,31.0,41.3
07/29/2026,12:06:53,31.3,41.1
07/29/2026,12:11:53,31.4,40.3
07/29/2026,12:16:53,31.3,40.2
07/29/2026,12:21:53,31.5,40.0
07/29/2026,12:26:53,31.6,39.9
07/29/2026,12:31:53,31.9,39.4
07/29/2026,12:36:53,32.0,39.4
07/29/2026,12:41:53,32.3,39.4
07/29/2026,12:46:53,32.4,38.5
07/29/2026,12:51:53,32.4,38.3
07/29/2026,12:56:53,32.7,38.0
07/29/2026,13:01:53,32.8,37.5
07/29/2026,13:06:53,32.8,37.8
07/29/2026,13:11:53,33.0,37.1
07/29/2026,13:16:53,33.1,36.9
07/29/2026,13:21:53,33.3,36.6
07/29/2026,13:26:53,33.4,36.7
07/29/2026,13:31:53,33.5,36.1
07/29/2026,13:36:53,33.9,36.4
07/29/2026,13:41:53,34.3,35.3
07/29/2026,13:46:53,34.4,35.0
07/29/2026,13:51:53,34.4,34.8
07/29/2026,13:56:53,34.2,34.6
07/29/2026,14:01:53,34.1,35.1
07/29/2026,14:06:53,34.5,34.5
07/29/2026,14:11:53,34.6,34.1
07/29/2026,14:16:53,34.8,33.9
07/29/2026,14:21:53,35.0,33.6
07/29/2026,14:26:53,35.1,32.9
07/29/2026,14:31:53,35.2,32.6
07/29/2026,14:36:53,35.2,32.2
07/29/2026,14:41:53,35.2,32.1
07/29/2026,14:46:53,35.4,32.3
07/29/2026,14:51:53,35.5,32.2
07/29/2026,14:56:53,35.5,32.0
07/29/2026,15:01:53,35.6,32.3
07/29/2026,15:06:53,35.8,31.0
07/29/2026,15:11:53,35.8,30.8
07/29/2026,15:16:53,35.9,30.7
07/29/2026,15:21:53,35.8,30.6
07/29/2026,15:26:53,35.9,30.6
07/29/2026,15:31:53,36.1,30.4
07/29/2026,15:36:53,36.1,30.3
07/29/2026,15:41:53,36.3,30.1
07/29/2026,15:46:53,36.3,29.9
07/29/2026,15:51:53,36.3,30.3
07/29/2026,15:56:53,36.5,30.0
07/29/2026,16:01:53,36.6,29.8
07/29/2026,16:06:53,36.6,29.9
07/29/2026,16:11:53,36.8,29.5
07/29/2026,16:16:53,36.5,29.6
07/29/2026,16:21:53,36.4,29.8
07/29/2026,16:26:53,36.8,29.7
07/29/2026,16:31:53,36.7,29.8
07/29/2026,16:36:53,36.9,29.1
07/29/2026,16:41:53,36.7,29.2
07/29/2026,16:46:53,36.4,29.4
07/29/2026,16:51:53,36.1,29.3
07/29/2026,16:56:53,35.8,29.8
07/29/2026,17:01:53,35.4,30.0
07/29/2026,17:06:53,35.2,30.3
07/29/2026,17:11:53,34.9,30.7
07/29/2026,17:16:53,34.8,31.0
07/29/2026,17:21:53,34.7,31.1
07/29/2026,17:26:53,34.6,31.0
07/29/2026,17:31:53,34.5,30.9
07/29/2026,17:36:53,34.6,31.0
07/29/2026,17:41:53,34.6,31.4
07/29/2026,17:46:53,34.4,31.1
07/29/2026,17:51:53,34.3,31.4
07/29/2026,17:56:53,34.4,31.5
07/29/2026,18:01:53,34.3,31.3
07/29/2026,18:06:53,34.2,31.5
07/29/2026,18:11:53,34.1,31.7
07/29/2026,18:16:53,33.9,31.8
07/29/2026,18:21:53,33.8,32.0
07/29/2026,18:26:53,33.8,32.1
07/29/2026,18:31:53,33.7,32.0
07/29/2026,18:36:53,33.5,32.1
07/29/2026,18:41:53,33.3,32.1
07/29/2026,18:46:53,33.1,32.2
07/29/2026,18:51:53,32.9,32.6
07/29/2026,18:56:53,32.9,32.7
07/29/2026,19:01:53,32.9,32.6
07/29/2026,19:06:53,32.8,32.8
07/29/2026,19:11:53,32.9,33.0
07/29/2026,19:16:53,32.9,33.0
07/29/2026,19:21:53,32.9,33.4
07/29/2026,19:26:53,32.8,33.6
07/29/2026,19:31:53,32.8,33.7
07/29/2026,19:36:53,32.8,34.0
07/29/2026,19:41:53,32.7,34.0
07/29/2026,19:46:53,32.4,34.4
07/29/2026,19:51:53,31.9,35.0
07/29/2026,19:56:53,31.4,35.7
07/29/2026,20:01:53,31.0,36.2
07/29/2026,20:06:53,30.7,36.7
07/29/2026,20:11:53,30.4,37.2
07/29/2026,20:16:53,30.1,37.6
07/29/2026,20:21:53,29.9,38.0
07/29/2026,20:26:53,29.7,38.0
07/29/2026,20:31:53,29.5,38.1
07/29/2026,20:36:53,29.4,38.2
07/29/2026,20:41:53,29.2,38.5
07/29/2026,20:46:53,29.2,38.8
07/29/2026,20:51:53,29.1,38.9
07/29/2026,20:56:53,28.9,39.3
07/29/2026,21:01:53,28.7,39.6
07/29/2026,21:06:53,28.6,40.1
07/29/2026,21:11:53,28.4,40.5
07/29/2026,21:16:53,28.3,40.9
07/29/2026,21:21:53,28.2,41.3
07/29/2026,21:26:53,28.1,41.5
07/29/2026,21:31:53,28.0,41.7
07/29/2026,21:36:53,27.8,42.0
07/29/2026,21:41:53,27.8,42.2
07/29/2026,21:46:53,27.8,42.4
07/29/2026,21:51:53,27.7,42.5
07/29/2026,21:56:53,27.6,42.9
07/29/2026,22:01:53,27.4,43.4
07/29/2026,22:06:53,27.2,43.9
07/29/2026,22:11:53,27.0,44.4
07/29/2026,22:16:53,26.8,45.1
07/29/2026,22:21:53,26.6,45.7
07/29/2026,22:26:53,26.5,46.2
07/29/2026,22:31:53,26.4,46.6
07/29/2026,22:36:53,26.3,47.0
07/29/2026,22:41:53,26.1,47.6
07/29/2026,22:46:53,25.9,48.0
07/29/2026,22:51:53,25.8,48.3
07/29/2026,22:56:53,25.7,48.7
07/29/2026,23:01:53,25.5,49.1
07/29/2026,23:06:53,25.4,49.5
07/29/2026,23:11:53,25.2,50.0
07/29/2026,23:16:53,25.0,50.5
07/29/2026,23:21:53,24.9,50.8
07/29/2026,23:26:53,24.8,51.3
07/29/2026,23:31:53,24.7,51.6
07/29/2026,23:36:53,24.6,51.9
07/29/2026,23:41:53,24.5,52.2
07/29/2026,23:46:53,24.4,52.5
07/29/2026,23:51:53,24.3,52.7
07/29/2026,23:56:53,24.2,53.1
07/30/2026,00:01:53,24.1,53.3
07/30/2026,00:06:53,24.0,53.5
07/30/2026,00:11:53,24.0,53.8
07/30/2026,00:16:53,23.9,54.0
07/30/2026,00:21:53,23.8,54.3
07/30/2026,00:26:53,23.7,54.6
07/30/2026,00:31:53,23.6,54.8
07/30/2026,00:36:53,23.6,55.1
07/30/2026,00:41:53,23.6,55.2
07/30/2026,00:46:53,23.5,55.2
07/30/2026,00:51:53,23.5,55.3
07/30/2026,00:56:53,23.4,55.4
07/30/2026,01:01:53,23.3,55.4
07/30/2026,01:06:53,23.1,55.5
07/30/2026,01:11:53,22.9,55.6
07/30/2026,01:16:53,22.9,55.8
07/30/2026,01:21:53,22.8,56.1
07/30/2026,01:26:53,22.7,56.3
07/30/2026,01:31:53,22.6,56.6
07/30/2026,01:36:53,22.4,56.7
07/30/2026,01:41:53,22.4,56.9
07/30/2026,01:46:53,22.3,57.0
07/30/2026,01:51:53,22.3,57.1
07/30/2026,01:56:53,22.2,57.3
07/30/2026,02:01:53,22.1,57.4
07/30/2026,02:06:53,22.0,57.4
07/30/2026,02:11:53,21.9,57.4
07/30/2026,02:16:53,21.8,57.6
07/30/2026,02:21:53,21.8,57.8
07/30/2026,02:26:53,21.7,58.0
07/30/2026,02:31:53,21.6,58.3
07/30/2026,02:36:53,21.5,58.4
07/30/2026,02:41:53,21.3,58.7
07/30/2026,02:46:53,21.3,58.9
07/30/2026,02:51:53,21.2,59.0
07/30/2026,02:56:53,21.1,59.2
07/30/2026,03:01:53,21.1,59.4
07/30/2026,03:06:53,21.0,59.6
07/30/2026,03:11:53,21.0,59.7
07/30/2026,03:16:53,20.9,59.9
07/30/2026,03:21:53,20.9,60.0
07/30/2026,03:26:53,20.8,60.2
07/30/2026,03:31:53,20.7,60.4
07/30/2026,03:36:53,20.6,60.6
07/30/2026,03:41:53,20.6,60.6
07/30/2026,03:46:53,20.5,60.8
07/30/2026,03:51:53,20.4,61.0
07/30/2026,03:56:53,20.3,61.1
07/30/2026,04:01:53,20.2,61.3
07/30/2026,04:06:53,20.1,61.4
07/30/2026,04:11:53,20.1,61.6
07/30/2026,04:16:53,20.0,61.7
07/30/2026,04:21:53,19.8,62.0
07/30/2026,04:26:53,19.8,62.1
07/30/2026,04:31:53,19.7,62.3
07/30/2026,04:36:53,19.7,62.5
07/30/2026,04:41:53,19.7,62.7
07/30/2026,04:46:53,19.6,62.9
07/30/2026,04:51:53,19.6,63.0
07/30/2026,04:56:53,19.4,63.3
07/30/2026,05:01:53,19.4,63.6
07/30/2026,05:06:53,19.3,63.8
07/30/2026,05:11:53,19.2,64.0
07/30/2026,05:16:53,19.2,64.0
07/30/2026,05:21:53,19.3,63.9
07/30/2026,05:26:53,19.3,63.9
07/30/2026,05:31:53,19.4,63.9
07/30/2026,05:36:53,19.4,64.0
07/30/2026,05:41:53,19.4,63.9
07/30/2026,05:46:53,19.4,63.9
07/30/2026,05:51:53,19.3,63.9
07/30/2026,05:56:53,19.3,63.5
07/30/2026,06:01:53,19.4,63.8
07/30/2026,06:06:53,19.3,62.6
07/30/2026,06:11:53,19.3,64.3
07/30/2026,06:16:53,19.3,63.8
07/30/2026,06:21:53,19.3,64.5
07/30/2026,06:26:53,19.3,65.1
07/30/2026,06:31:53,19.3,64.3
07/30/2026,06:36:53,19.3,63.8
07/30/2026,06:41:53,19.2,65.1
07/30/2026,06:46:53,19.2,65.5
07/30/2026,06:51:53,19.2,65.8
07/30/2026,06:56:53,19.2,65.3
07/30/2026,07:01:53,19.2,65.2
07/30/2026,07:06:53,19.3,64.1
07/30/2026,07:11:53,19.3,64.5
07/30/2026,07:16:53,19.3,65.8
07/30/2026,07:21:53,19.4,65.5
07/30/2026,07:26:53,19.4,65.6
07/30/2026,07:31:53,19.5,66.1
07/30/2026,07:36:53,19.6,65.4
07/30/2026,07:41:53,19.7,63.1
07/30/2026,07:46:53,19.7,64.1
07/30/2026,07:51:53,19.8,63.4
07/30/2026,07:56:53,19.9,63.1
07/30/2026,08:01:53,20.0,65.1
07/30/2026,08:06:53,20.2,65.0
07/30/2026,08:11:53,20.3,64.1
07/30/2026,08:16:53,20.3,62.4
07/30/2026,08:21:53,20.5,64.0
07/30/2026,08:26:53,20.6,63.8
07/30/2026,08:31:53,20.7,63.9
07/30/2026,08:36:53,20.8,63.4
07/30/2026,08:41:53,21.0,63.3
07/30/2026,08:46:53,21.3,63.0
07/30/2026,08:51:53,21.5,62.9
07/30/2026,08:56:53,21.7,62.8
07/30/2026,09:01:53,21.8,62.6
07/30/2026,09:06:53,22.0,62.6
07/30/2026,09:11:53,22.1,62.3
07/30/2026,09:16:53,22.3,62.0
07/30/2026,09:21:53,22.5,61.7
07/30/2026,09:26:53,22.7,61.6
07/30/2026,09:31:53,22.8,61.1
07/30/2026,09:36:53,23.1,60.9
07/30/2026,09:41:53,23.4,60.4
07/30/2026,09:46:53,23.6,59.9
07/30/2026,09:51:53,23.7,59.9
07/30/2026,09:56:53,24.0,59.5
07/30/2026,10:01:53,24.3,58.9
07/30/2026,10:06:53,24.5,58.1
07/30/2026,10:11:53,24.2,58.2
07/30/2026,10:16:53,24.4,58.2
07/30/2026,10:21:53,24.4,57.7
07/30/2026,10:26:53,24.2,57.6
07/30/2026,10:31:53,24.1,57.9
07/30/2026,10:36:53,24.3,57.7
07/30/2026,10:41:53,24.8,56.9
07/30/2026,10:46:53,25.1,55.9
07/30/2026,10:51:53,24.9,55.4
07/30/2026,10:56:53,24.6,55.9
07/30/2026,11:01:53,24.6,55.6
07/30/2026,11:06:53,24.7,55.7
07/30/2026,11:11:53,25.0,54.9
07/30/2026,11:16:53,25.5,53.9
07/30/2026,11:21:53,25.8,52.3
07/30/2026,11:26:53,25.5,52.6
07/30/2026,11:31:53,25.3,52.3
07/30/2026,11:36:53,25.3,51.8
07/30/2026,11:41:53,25.4,51.4
07/30/2026,11:46:53,25.8,51.0
07/30/2026,11:51:53,25.8,50.9
07/30/2026,11:56:53,25.9,49.8
07/30/2026,12:01:53,25.9,48.6
07/30/2026,12:06:53,26.3,48.5
07/30/2026,12:11:53,26.6,46.8
07/30/2026,12:16:53,27.1,46.8
07/30/2026,12:21:53,27.4,45.8
07/30/2026,12:26:53,27.4,46.1
07/30/2026,12:31:53,27.8,45.5
07/30/2026,12:36:53,27.6,45.1
07/30/2026,12:41:53,27.4,44.9
07/30/2026,12:46:53,27.6,44.8
07/30/2026,12:51:53,27.8,44.6
07/30/2026,12:56:53,27.6,44.1
07/30/2026,13:01:53,27.5,44.5
07/30/2026,13:06:53,27.4,44.6
07/30/2026,13:11:53,27.7,44.3
07/30/2026,13:16:53,27.7,43.9
07/30/2026,13:21:53,27.5,44.2
07/30/2026,13:26:53,28.0,44.2
07/30/2026,13:31:53,28.5,43.1
07/30/2026,13:36:53,28.3,42.4
07/30/2026,13:41:53,27.8,43.1
07/30/2026,13:46:53,28.0,43.2
07/30/2026,13:51:53,28.0,43.0
07/30/2026,13:56:53,27.6,43.3
07/30/2026,14:01:53,27.4,43.7
07/30/2026,14:06:53,27.2,43.9
07/30/2026,14:11:53,27.2,43.9
07/30/2026,14:16:53,27.2,44.2
07/30/2026,14:21:53,27.4,43.9
07/30/2026,14:26:53,27.4,43.5
07/30/2026,14:31:53,27.3,43.6
07/30/2026,14:36:53,27.4,43.5
07/30/2026,14:41:53,27.4,43.6
07/30/2026,14:46:53,27.7,43.0
07/30/2026,14:51:53,27.7,42.9
07/30/2026,14:56:53,27.7,42.7
07/30/2026,15:01:53,27.7,42.7
07/30/2026,15:06:53,27.7,42.7
07/30/2026,15:11:53,28.1,42.4
07/30/2026,15:16:53,28.1,42.4
07/30/2026,15:21:53,27.8,42.7
07/30/2026,15:26:53,27.7,42.9
07/30/2026,15:31:53,27.9,42.7
07/30/2026,15:36:53,27.8,42.5
07/30/2026,15:41:53,27.8,43.0
07/30/2026,15:46:53,27.7,42.6
07/30/2026,15:51:53,27.5,42.7
07/30/2026,15:56:53,27.3,42.9
07/30/2026,16:01:53,27.3,43.1
07/30/2026,16:06:53,26.8,43.4
07/30/2026,16:11:53,26.7,43.9
07/30/2026,16:16:53,26.6,44.2
07/30/2026,16:21:53,26.6,44.3
07/30/2026,16:26:53,26.7,44.3
07/30/2026,16:31:53,26.8,44.3
07/30/2026,16:36:53,27.0,44.1
07/30/2026,16:41:53,27.1,44.0
07/30/2026,16:46:53,27.0,44.7
07/30/2026,16:51:53,26.9,45.1
07/30/2026,16:56:53,26.8,45.4
07/30/2026,17:01:53,26.7,45.5
07/30/2026,17:06:53,26.6,45.5
07/30/2026,17:11:53,26.7,45.8
07/30/2026,17:16:53,26.7,46.0
07/30/2026,17:21:53,26.9,46.1
07/30/2026,17:26:53,26.9,46.6
07/30/2026,17:31:53,26.7,47.0
07/30/2026,17:36:53,26.5,47.2
07/30/2026,17:41:53,26.5,47.5
07/30/2026,17:46:53,26.5,47.8
07/30/2026,17:51:53,26.6,48.0
07/30/2026,17:56:53,26.8,47.7
07/30/2026,18:01:53,26.6,48.0
07/30/2026,18:06:53,26.5,48.1
07/30/2026,18:11:53,26.3,48.5
07/30/2026,18:16:53,26.2,48.8
07/30/2026,18:21:53,26.0,49.1
07/30/2026,18:26:53,25.8,49.4
07/30/2026,18:31:53,25.7,49.8
07/30/2026,18:36:53,25.4,50.8
07/30/2026,18:41:53,25.3,51.9
07/30/2026,18:46:53,25.1,52.3
07/30/2026,18:51:53,25.0,52.9
07/30/2026,18:56:53,24.7,52.9
07/30/2026,19:01:53,24.6,53.0
07/30/2026,19:06:53,24.5,53.2
07/30/2026,19:11:53,24.4,53.5
07/30/2026,19:16:53,24.2,53.8
07/30/2026,19:21:53,24.2,54.1
07/30/2026,19:26:53,24.1,54.3
07/30/2026,19:31:53,23.9,54.9
07/30/2026,19:36:53,23.7,56.6
07/30/2026,19:41:53,23.6,57.8
07/30/2026,19:46:53,23.3,58.2
07/30/2026,19:51:53,23.1,58.2
07/30/2026,19:56:53,22.9,58.9
07/30/2026,20:01:53,22.7,59.0
07/30/2026,20:06:53,22.5,59.5
07/30/2026,20:11:53,22.2,60.3
07/30/2026,20:16:53,22.1,60.8
07/30/2026,20:21:53,21.9,61.8
07/30/2026,20:26:53,21.8,62.4
07/30/2026,20:31:53,21.7,63.0
07/30/2026,20:36:53,21.5,63.7
07/30/2026,20:41:53,21.4,64.4
07/30/2026,20:46:53,21.2,66.0
07/30/2026,20:51:53,21.1,67.0
07/30/2026,20:56:53,20.9,68.6
07/30/2026,21:01:53,20.7,69.7
07/30/2026,21:06:53,20.7,70.3
07/30/2026,21:11:53,20.7,70.9
07/30/2026,21:16:53,20.6,71.5
07/30/2026,21:21:53,20.5,71.4
07/30/2026,21:26:53,20.4,71.8
07/30/2026,21:31:53,20.4,72.2
07/30/2026,21:36:53,20.4,72.5
07/30/2026,21:41:53,20.4,72.7
07/30/2026,21:46:53,20.3,72.8
07/30/2026,21:51:53,20.2,73.2
07/30/2026,21:56:53,20.2,73.4
07/30/2026,22:01:53,20.1,73.7
07/30/2026,22:06:53,20.1,74.0
07/30/2026,22:11:53,20.1,74.3
07/30/2026,22:16:53,20.1,74.4
07/30/2026,22:21:53,20.0,74.7
07/30/2026,22:26:53,19.9,74.8
07/30/2026,22:31:53,19.9,75.0
07/30/2026,22:36:53,19.9,75.3
07/30/2026,22:41:53,19.8,75.5
07/30/2026,22:46:53,19.8,75.6
07/30/2026,22:51:53,19.8,75.5
07/30/2026,22:56:53,19.8,75.8
07/30/2026,23:01:53,19.7,75.8
07/30/2026,23:06:53,19.7,75.8
07/30/2026,23:11:53,19.7,75.8
07/30/2026,23:16:53,19.6,76.1
07/30/2026,23:21:53,19.6,76.2
07/30/2026,23:26:53,19.6,76.4
07/30/2026,23:31:53,19.5,76.7
07/30/2026,23:36:53,19.5,76.6
07/30/2026,23:41:53,19.4,76.8
07/30/2026,23:46:53,19.4,77.1
07/30/2026,23:51:53,19.3,77.5
07/30/2026,23:56:53,19.3,77.8
07/31/2026,00:01:53,19.3,77.5
07/31/2026,00:06:53,19.3,77.8
07/31/2026,00:11:53,19.2,77.7
07/31/2026,00:16:53,19.1,77.9
07/31/2026,00:21:53,19.1,78.0
07/31/2026,00:26:53,18.9,78.1
07/31/2026,00:31:53,18.9,78.3
07/31/2026,00:36:53,18.7,78.5
07/31/2026,00:41:53,18.7,79.0
07/31/2026,00:46:53,18.6,79.1
07/31/2026,00:51:53,18.5,79.5
07/31/2026,00:56:53,18.5,79.7
07/31/2026,01:01:53,18.6,79.7
07/31/2026,01:06:53,18.6,79.6
07/31/2026,01:11:53,18.5,79.7
07/31/2026,01:16:53,18.5,79.9
07/31/2026,01:21:53,18.5,79.9
07/31/2026,01:26:53,18.5,80.0
07/31/2026,01:31:53,18.4,80.2
07/31/2026,01:36:53,18.3,79.6
07/31/2026,01:41:53,18.3,79.8
07/31/2026,01:46:53,18.2,79.8
07/31/2026,01:51:53,18.2,79.6
07/31/2026,01:56:53,18.2,79.2
07/31/2026,02:01:53,18.1,78.5
07/31/2026,02:06:53,18.0,78.0
07/31/2026,02:11:53,17.8,78.0
07/31/2026,02:16:53,17.7,78.1
07/31/2026,02:21:53,17.6,77.9
07/31/2026,02:26:53,17.5,77.3
07/31/2026,02:31:53,17.5,77.2
07/31/2026,02:36:53,17.4,75.5
07/31/2026,02:41:53,17.2,73.2
07/31/2026,02:46:53,17.0,72.6
07/31/2026,02:51:53,16.9,73.0
07/31/2026,02:56:53,16.8,72.1
07/31/2026,03:01:53,16.6,71.1
07/31/2026,03:06:53,16.4,70.9
07/31/2026,03:11:53,16.3,70.9
07/31/2026,03:16:53,16.2,70.3
07/31/2026,03:21:53,16.1,70.3
07/31/2026,03:26:53,16.0,70.3
07/31/2026,03:31:53,15.9,69.5
07/31/2026,03:36:53,15.8,68.8
07/31/2026,03:41:53,15.7,68.8
07/31/2026,03:46:53,15.7,69.3
07/31/2026,03:51:53,15.6,69.5
07/31/2026,03:56:53,15.6,68.3
07/31/2026,04:01:53,15.5,68.2
07/31/2026,04:06:53,15.4,68.3
07/31/2026,04:11:53,15.4,68.2
07/31/2026,04:16:53,15.3,68.6
07/31/2026,04:21:53,15.3,68.9
07/31/2026,04:26:53,15.3,68.0
07/31/2026,04:31:53,15.3,68.1
07/31/2026,04:36:53,15.3,68.3
07/31/2026,04:41:53,15.2,68.4
07/31/2026,04:46:53,15.2,68.3
07/31/2026,04:51:53,15.2,69.4
07/31/2026,04:56:53,15.2,69.1
07/31/2026,05:01:53,15.2,69.7
07/31/2026,05:06:53,15.0,68.7
07/31/2026,05:11:53,14.9,69.6
07/31/2026,05:16:53,14.9,69.3
07/31/2026,05:21:53,14.8,69.2
07/31/2026,05:26:53,14.7,69.5
07/31/2026,05:31:53,14.6,69.0
07/31/2026,05:36:53,14.6,69.2
07/31/2026,05:41:53,14.5,69.3
07/31/2026,05:46:53,14.5,69.3
07/31/2026,05:51:53,14.5,69.4
07/31/2026,05:56:53,14.5,69.0
07/31/2026,06:01:53,14.4,68.9
07/31/2026,06:06:53,14.5,68.8
07/31/2026,06:11:53,14.5,69.2
07/31/2026,06:16:53,14.5,69.4
07/31/2026,06:21:53,14.5,69.2
07/31/2026,06:26:53,14.5,69.0
07/31/2026,06:31:53,14.5,69.1
07/31/2026,06:36:53,14.5,69.0
07/31/2026,06:41:53,14.5,69.1
07/31/2026,06:46:53,14.5,69.1
07/31/2026,06:51:53,14.6,69.2
07/31/2026,06:56:53,14.6,69.2
07/31/2026,07:01:53,14.7,69.1
07/31/2026,07:06:53,14.8,68.6
07/31/2026,07:11:53,14.8,68.1
07/31/2026,07:16:53,15.0,68.2
07/31/2026,07:21:53,15.0,67.9
07/31/2026,07:26:53,15.1,67.6
07/31/2026,07:31:53,15.2,67.2
07/31/2026,07:36:53,15.2,67.2
07/31/2026,07:41:53,15.3,67.0
07/31/2026,07:46:53,15.4,66.5
07/31/2026,07:51:53,15.5,66.5
07/31/2026,07:56:53,15.6,66.4
07/31/2026,08:01:53,15.7,66.3
07/31/2026,08:06:53,15.8,66.0
07/31/2026,08:11:53,15.9,65.9
07/31/2026,08:16:53,16.0,65.6
07/31/2026,08:21:53,16.0,65.7
07/31/2026,08:26:53,16.1,66.1
07/31/2026,08:31:53,16.1,66.3
07/31/2026,08:36:53,16.2,66.4
07/31/2026,08:41:53,16.4,66.5
07/31/2026,08:46:53,16.6,66.3
07/31/2026,08:51:53,16.8,66.3
07/31/2026,08:56:53,17.0,66.5
07/31/2026,09:01:53,17.1,65.7
07/31/2026,09:06:53,17.2,65.9
07/31/2026,09:11:53,17.3,65.8
07/31/2026,09:16:53,17.4,64.4
07/31/2026,09:21:53,17.6,65.5
07/31/2026,09:26:53,17.8,64.6
07/31/2026,09:31:53,18.0,64.6
07/31/2026,09:36:53,18.1,65.0
07/31/2026,09:41:53,18.4,64.5
07/31/2026,09:46:53,18.7,64.2
07/31/2026,09:51:53,18.9,64.4
07/31/2026,09:56:53,19.1,64.0
07/31/2026,10:01:53,19.3,63.5
07/31/2026,10:06:53,19.3,62.9
07/31/2026,10:11:53,19.4,63.2
07/31/2026,10:16:53,19.4,62.1
07/31/2026,10:21:53,19.6,62.9
07/31/2026,10:26:53,19.8,61.7
07/31/2026,10:31:53,19.9,61.0
07/31/2026,10:36:53,20.1,60.5
07/31/2026,10:41:53,20.4,58.5
07/31/2026,10:46:53,20.5,58.1
07/31/2026,10:51:53,20.8,58.7
07/31/2026,10:56:53,21.1,59.4
07/31/2026,11:01:53,21.4,56.1
07/31/2026,11:06:53,21.7,56.1
07/31/2026,11:11:53,22.0,55.3
07/31/2026,11:16:53,22.3,53.4
07/31/2026,11:21:53,22.3,51.4
07/31/2026,11:26:53,22.5,51.9
07/31/2026,11:31:53,22.8,49.0
07/31/2026,11:36:53,22.8,48.8
07/31/2026,11:41:53,22.7,48.7
07/31/2026,11:46:53,22.8,46.5
07/31/2026,11:51:53,22.8,46.3
07/31/2026,11:56:53,23.1,46.7
07/31/2026,12:01:53,23.4,45.6
07/31/2026,12:06:53,23.5,44.6
07/31/2026,12:11:53,23.5,43.3
07/31/2026,12:16:53,23.3,43.9
07/31/2026,12:21:53,23.6,43.1
07/31/2026,12:26:53,23.6,42.4
07/31/2026,12:31:53,23.9,44.8
07/31/2026,12:36:53,24.3,41.8
07/31/2026,12:41:53,24.0,41.1
07/31/2026,12:46:53,24.1,40.8
07/31/2026,12:51:53,24.2,40.3
07/31/2026,12:56:53,24.2,41.0
07/31/2026,13:01:53,24.2,39.0
07/31/2026,13:06:53,24.0,38.3
07/31/2026,13:11:53,24.0,38.6
07/31/2026,13:16:53,24.2,38.7
07/31/2026,13:21:53,24.5,38.6
07/31/2026,13:26:53,24.6,37.7
07/31/2026,13:31:53,24.6,38.2
07/31/2026,13:36:53,24.9,37.1
07/31/2026,13:41:53,25.0,36.9
07/31/2026,13:46:53,25.1,37.4
07/31/2026,13:51:53,25.0,36.7
07/31/2026,13:56:53,25.2,36.1
07/31/2026,14:01:53,25.3,36.1
07/31/2026,14:06:53,25.6,36.1
07/31/2026,14:11:53,25.9,35.6
07/31/2026,14:16:53,26.0,35.2
07/31/2026,14:21:53,26.0,35.1
07/31/2026,14:26:53,26.0,34.6
07/31/2026,14:31:53,26.0,34.5
07/31/2026,14:36:53,25.7,34.2
07/31/2026,14:41:53,25.6,33.9
07/31/2026,14:46:53,26.1,34.1
07/31/2026,14:51:53,26.6,33.8
07/31/2026,14:56:53,26.8,33.5
07/31/2026,15:01:53,27.1,33.1
07/31/2026,15:06:53,26.7,33.2
07/31/2026,15:11:53,26.8,33.5
07/31/2026,15:16:53,27.3,32.2
07/31/2026,15:21:53,27.7,32.3
07/31/2026,15:26:53,27.4,31.0
07/31/2026,15:31:53,27.2,31.0
07/31/2026,15:36:53,26.8,31.6
07/31/2026,15:41:53,26.6,31.0
07/31/2026,15:46:53,26.8,31.9
07/31/2026,15:51:53,27.2,31.5
07/31/2026,15:56:53,27.5,30.9
07/31/2026,16:01:53,27.6,30.8
07/31/2026,16:06:53,27.3,30.4
07/31/2026,16:11:53,27.0,30.5
07/31/2026,16:16:53,27.2,30.6
07/31/2026,16:21:53,27.6,30.7
07/31/2026,16:26:53,27.3,30.7
07/31/2026,16:31:53,26.5,30.9
07/31/2026,16:36:53,26.5,31.2
07/31/2026,16:41:53,27.1,30.6
07/31/2026,16:46:53,27.5,30.4
07/31/2026,16:51:53,27.3,30.2
07/31/2026,16:56:53,26.6,30.3
07/31/2026,17:01:53,26.1,30.8
07/31/2026,17:06:53,25.8,31.1
07/31/2026,17:11:53,25.6,31.3
07/31/2026,17:16:53,25.4,31.5
07/31/2026,17:21:53,25.2,31.5
07/31/2026,17:26:53,25.1,31.6
07/31/2026,17:31:53,25.0,31.7
07/31/2026,17:36:53,25.0,32.1
07/31/2026,17:41:53,25.1,32.2
07/31/2026,17:46:53,25.2,32.1
07/31/2026,17:51:53,25.1,32.4
07/31/2026,17:56:53,24.9,32.0
07/31/2026,18:01:53,24.7,32.2
07/31/2026,18:06:53,24.5,32.4
07/31/2026,18:11:53,24.3,32.6
07/31/2026,18:16:53,24.2,32.7
07/31/2026,18:21:53,24.3,32.8
07/31/2026,18:26:53,24.3,33.2
07/31/2026,18:31:53,24.3,33.3
07/31/2026,18:36:53,24.5,33.5
07/31/2026,18:41:53,24.6,33.1
07/31/2026,18:46:53,24.5,33.0
07/31/2026,18:51:53,24.4,33.2
07/31/2026,18:56:53,24.2,33.2
07/31/2026,19:01:53,24.2,33.5
07/31/2026,19:06:53,24.3,33.5
07/31/2026,19:11:53,24.5,33.1
07/31/2026,19:16:53,24.8,33.5
07/31/2026,19:21:53,24.9,33.2
07/31/2026,19:26:53,24.6,33.3
07/31/2026,19:31:53,24.5,33.7
07/31/2026,19:36:53,24.6,33.6
07/31/2026,19:41:53,24.7,33.3
07/31/2026,19:46:53,24.4,33.4
07/31/2026,19:51:53,24.2,33.7
07/31/2026,19:56:53,24.0,33.8
07/31/2026,20:01:53,23.8,34.0
07/31/2026,20:06:53,23.8,34.4
07/31/2026,20:11:53,23.7,34.6
07/31/2026,20:16:53,23.7,35.0
07/31/2026,20:21:53,23.5,35.3
07/31/2026,20:26:53,23.4,35.4
07/31/2026,20:31:53,23.3,35.7
07/31/2026,20:36:53,23.2,36.0
07/31/2026,20:41:53,23.1,36.8
07/31/2026,20:46:53,23.0,37.0
07/31/2026,20:51:53,22.8,36.9
07/31/2026,20:56:53,22.7,37.6
07/31/2026,21:01:53,22.6,38.1
07/31/2026,21:06:53,22.5,38.9
07/31/2026,21:11:53,22.4,39.2
07/31/2026,21:16:53,22.2,40.5
07/31/2026,21:21:53,22.1,41.3
07/31/2026,21:26:53,21.9,41.5
07/31/2026,21:31:53,21.8,42.5
07/31/2026,21:36:53,21.6,42.5
07/31/2026,21:41:53,21.5,42.0
07/31/2026,21:46:53,21.4,41.9
07/31/2026,21:51:53,21.3,42.5
07/31/2026,21:56:53,21.1,42.8
07/31/2026,22:01:53,21.0,42.8
07/31/2026,22:06:53,20.9,42.9
07/31/2026,22:11:53,20.8,44.6
07/31/2026,22:16:53,20.7,46.2
07/31/2026,22:21:53,20.7,47.7
07/31/2026,22:26:53,20.7,48.5
07/31/2026,22:31:53,20.7,47.1
07/31/2026,22:36:53,20.8,47.0
07/31/2026,22:41:53,20.7,44.8
07/31/2026,22:46:53,20.7,44.2
07/31/2026,22:51:53,20.7,43.1
07/31/2026,22:56:53,20.6,43.4
07/31/2026,23:01:53,20.6,43.2
07/31/2026,23:06:53,20.5,42.9
07/31/2026,23:11:53,20.5,43.1
07/31/2026,23:16:53,20.4,43.2
07/31/2026,23:21:53,20.2,43.1
07/31/2026,23:26:53,20.1,43.3
07/31/2026,23:31:53,19.9,43.8
07/31/2026,23:36:53,19.8,44.3
07/31/2026,23:41:53,19.7,44.8
07/31/2026,23:46:53,19.6,44.9
07/31/2026,23:51:53,19.5,45.1
07/31/2026,23:56:53,19.5,45.4