Date,Time,Temperature(C),Humidity(%RH)
07/01/2026,00:02:11,25.4,47.1
07/01/2026,00:07:11,25.4,47.1
07/01/2026,00:12:11,25.3,47.2
07/01/2026,00:17:11,25.3,47.2
07/01/2026,00:22:11,25.3,47.2
07/01/2026,00:27:11,25.3,47.2
07/01/2026,00:32:11,25.3,47.3
07/01/2026,00:37:11,25.3,47.2
07/01/2026,00:42:11,25.2,47.4
07/01/2026,00:47:11,25.2,47.3
07/01/2026,00:52:11,25.2,47.4
07/01/2026,00:57:11,25.2,47.4
07/01/2026,01:02:11,25.2,47.5
07/01/2026,01:07:11,25.2,47.5
07/01/2026,01:12:11,25.1,47.5
07/01/2026,01:17:11,25.1,47.6
07/01/2026,01:22:11,25.1,47.6
07/01/2026,01:27:11,25.1,47.6
07/01/2026,01:32:11,25.1,47.6
07/01/2026,01:37:11,25.1,47.6
07/01/2026,01:42:11,25.1,47.7
07/01/2026,01:47:11,25.0,47.7
07/01/2026,01:52:11,25.0,47.7
07/01/2026,01:57:11,25.0,47.8
07/01/2026,02:02:11,25.0,47.8
07/01/2026,02:07:11,25.0,47.8
07/01/2026,02:12:11,25.0,47.8
07/01/2026,02:17:11,25.0,47.8
07/01/2026,02:22:11,25.0,47.9
07/01/2026,02:27:11,24.9,47.8
07/01/2026,02:32:11,24.9,47.9
07/01/2026,02:37:11,24.9,48.0
07/01/2026,02:42:11,24.9,48.0
07/01/2026,02:47:11,24.8,48.0
07/01/2026,02:52:11,24.9,48.0
07/01/2026,02:57:11,24.8,48.0
07/01/2026,03:02:11,24.8,48.0
07/01/2026,03:07:11,24.8,48.0
07/01/2026,03:12:11,24.8,48.1
07/01/2026,03:17:11,24.8,48.1
07/01/2026,03:22:11,24.7,48.1
07/01/2026,03:27:11,24.7,48.2
07/01/2026,03:32:11,24.7,48.2
07/01/2026,03:37:11,24.7,48.3
07/01/2026,03:42:11,24.7,48.3
07/01/2026,03:47:11,24.7,48.3
07/01/2026,03:52:11,24.7,48.3
07/01/2026,03:57:11,24.6,48.4
07/01/2026,04:02:11,24.6,48.4
07/01/2026,04:07:11,24.6,48.4
07/01/2026,04:12:11,24.6,48.4
07/01/2026,04:17:11,24.6,48.5
07/01/2026,04:22:11,24.5,48.5
07/01/2026,04:27:11,24.5,48.6
07/01/2026,04:32:11,24.5,48.6
07/01/2026,04:37:11,24.5,48.6
07/01/2026,04:42:11,24.5,48.6
07/01/2026,04:47:11,24.4,48.8
07/01/2026,04:52:11,24.4,48.8
07/01/2026,04:57:11,24.4,48.8
07/01/2026,05:02:11,24.4,48.9
07/01/2026,05:07:11,24.4,48.8
07/01/2026,05:12:11,24.4,48.9
07/01/2026,05:17:11,24.3,48.9
07/01/2026,05:22:11,24.3,49.0
07/01/2026,05:27:11,24.3,49.0
07/01/2026,05:32:11,24.3,49.1
07/01/2026,05:37:11,24.3,49.1
07/01/2026,05:42:11,24.3,49.2
07/01/2026,05:47:11,24.3,49.1
07/01/2026,05:52:11,24.2,49.2
07/01/2026,05:57:11,24.3,49.2
07/01/2026,06:02:11,24.2,49.3
07/01/2026,06:07:11,24.2,49.3
07/01/2026,06:12:11,24.2,49.3
07/01/2026,06:17:11,24.2,49.4
07/01/2026,06:22:11,24.2,49.4
07/01/2026,06:27:11,24.2,49.4
07/01/2026,06:32:11,24.2,49.4
07/01/2026,06:37:11,24.2,49.4
07/01/2026,06:42:11,24.1,49.5
07/01/2026,06:47:11,24.1,49.5
07/01/2026,06:52:11,24.1,49.6
07/01/2026,06:57:11,24.1,49.5
07/01/2026,07:02:11,24.1,49.6
07/01/2026,07:07:11,24.1,49.6
07/01/2026,07:12:11,24.1,49.6
07/01/2026,07:17:11,24.1,49.6
07/01/2026,07:22:11,24.2,49.6
07/01/2026,07:27:11,24.2,49.6
07/01/2026,07:32:11,24.2,49.7
07/01/2026,07:37:11,24.2,49.7
07/01/2026,07:42:11,24.2,49.7
07/01/2026,07:47:11,24.2,49.7
07/01/2026,07:52:11,24.2,49.7
07/01/2026,07:57:11,24.2,49.8
07/01/2026,08:02:11,24.2,49.7
07/01/2026,08:07:11,24.2,49.8
07/01/2026,08:12:11,24.2,50.0
07/01/2026,08:17:11,24.2,50.2
07/01/2026,08:22:11,24.2,50.3
07/01/2026,08:27:11,24.1,50.4
07/01/2026,08:32:11,24.1,50.7
07/01/2026,08:37:11,24.1,50.9
07/01/2026,08:42:11,24.1,50.8
07/01/2026,08:47:11,24.1,51.0
07/01/2026,08:52:11,24.1,51.1
07/01/2026,08:57:11,24.0,51.4
07/01/2026,09:02:11,24.0,51.4
07/01/2026,09:07:11,24.1,51.4
07/01/2026,09:12:11,24.1,51.5
07/01/2026,09:17:11,24.0,51.7
07/01/2026,09:22:11,24.0,51.7
07/01/2026,09:27:11,24.1,51.7
07/01/2026,09:32:11,24.1,51.6
07/01/2026,09:37:11,24.1,51.4
07/01/2026,09:42:11,24.0,51.6
07/01/2026,09:47:11,24.0,51.4
07/01/2026,09:52:11,24.0,51.6
07/01/2026,09:57:11,24.1,51.7
07/01/2026,10:02:11,24.1,51.4
07/01/2026,10:07:11,24.1,51.1
07/01/2026,10:12:11,24.0,51.1
07/01/2026,10:17:11,24.0,51.1
07/01/2026,10:22:11,24.0,51.0
07/01/2026,10:27:11,24.0,51.1
07/01/2026,10:32:11,24.0,51.1
07/01/2026,10:37:11,24.1,50.8
07/01/2026,10:42:11,24.1,50.9
07/01/2026,10:47:11,24.1,50.8
07/01/2026,10:52:11,24.1,50.8
07/01/2026,10:57:11,24.1,50.7
07/01/2026,11:02:11,24.1,50.8
07/01/2026,11:07:11,24.1,50.7
07/01/2026,11:12:11,24.1,50.7
07/01/2026,11:17:11,24.1,50.4
07/01/2026,11:22:11,24.1,50.5
07/01/2026,11:27:11,24.1,50.5
07/01/2026,11:32:11,24.1,50.2
07/01/2026,11:37:11,24.1,50.3
07/01/2026,11:42:11,24.1,50.3
07/01/2026,11:47:11,24.1,50.3
07/01/2026,11:52:11,24.1,50.3
07/01/2026,11:57:11,24.1,50.3
07/01/2026,12:02:11,24.1,50.4
07/01/2026,12:07:11,24.1,50.4
07/01/2026,12:12:11,24.1,50.4
07/01/2026,12:17:11,24.1,50.4
07/01/2026,12:22:11,24.1,50.2
07/01/2026,12:27:11,24.1,50.3
07/01/2026,12:32:11,24.1,50.4
07/01/2026,12:37:11,24.1,50.5
07/01/2026,12:42:11,24.1,50.3
07/01/2026,12:47:11,24.1,50.3
07/01/2026,12:52:11,24.1,50.2
07/01/2026,12:57:11,24.1,50.3
07/01/2026,13:02:11,24.1,50.3
07/01/2026,13:07:11,24.1,50.4
07/01/2026,13:12:11,24.1,50.4
07/01/2026,13:17:11,24.2,50.5
07/01/2026,13:22:11,24.2,50.5
07/01/2026,13:27:11,24.2,50.5
07/01/2026,13:32:11,24.2,50.4
07/01/2026,13:37:11,24.3,50.3
07/01/2026,13:42:11,24.3,50.4
07/01/2026,13:47:11,24.4,50.3
07/01/2026,13:52:11,24.4,50.2
07/01/2026,13:57:11,24.4,50.1
07/01/2026,14:02:11,24.4,50.1
07/01/2026,14:07:11,24.4,50.1
07/01/2026,14:12:11,24.5,50.1
07/01/2026,14:17:11,24.5,50.2
07/01/2026,14:22:11,24.5,50.3
07/01/2026,14:27:11,24.5,50.3
07/01/2026,14:32:11,24.5,50.2
07/01/2026,14:37:11,24.5,50.1
07/01/2026,14:42:11,24.5,50.0
07/01/2026,14:47:11,24.5,49.9
07/01/2026,14:52:11,24.6,50.0
07/01/2026,14:57:11,24.6,49.9
07/01/2026,15:02:11,24.6,49.8
07/01/2026,15:07:11,24.6,49.9
07/01/2026,15:12:11,24.6,49.8
07/01/2026,15:17:11,24.7,49.7
07/01/2026,15:22:11,24.7,49.8
07/01/2026,15:27:11,24.7,49.9
07/01/2026,15:32:11,24.7,49.9
07/01/2026,15:37:11,24.8,49.9
07/01/2026,15:42:11,24.8,49.8
07/01/2026,15:47:11,24.9,49.7
07/01/2026,15:52:11,24.9,49.7
07/01/2026,15:57:11,25.0,49.5
07/01/2026,16:02:11,25.0,49.4
07/01/2026,16:07:11,25.0,49.2
07/01/2026,16:12:11,25.1,49.2
07/01/2026,16:17:11,25.1,49.3
07/01/2026,16:22:11,25.2,49.0
07/01/2026,16:27:11,25.2,49.2
07/01/2026,16:32:11,25.3,49.2
07/01/2026,16:37:11,25.3,48.6
07/01/2026,16:42:11,25.3,48.3
07/01/2026,16:47:11,25.3,48.4
07/01/2026,16:52:11,25.3,48.5
07/01/2026,16:57:11,25.3,48.2
07/01/2026,17:02:11,25.3,48.2
07/01/2026,17:07:11,25.3,48.3
07/01/2026,17:12:11,25.4,48.2
07/01/2026,17:17:11,25.4,48.3
07/01/2026,17:22:11,25.4,48.0
07/01/2026,17:27:11,25.4,48.0
07/01/2026,17:32:11,25.4,48.0
07/01/2026,17:37:11,25.4,48.0
07/01/2026,17:42:11,25.4,47.9
07/01/2026,17:47:11,25.5,48.0
07/01/2026,17:52:11,25.6,48.0
07/01/2026,17:57:11,25.6,47.7
07/01/2026,18:02:11,25.6,47.8
07/01/2026,18:07:11,25.6,47.7
07/01/2026,18:12:11,25.6,47.6
07/01/2026,18:17:11,25.6,47.5
07/01/2026,18:22:11,25.5,47.6
07/01/2026,18:27:11,25.6,47.5
07/01/2026,18:32:11,25.6,47.5
07/01/2026,18:37:11,25.7,47.6
07/01/2026,18:42:11,25.9,47.6
07/01/2026,18:47:11,26.0,47.5
07/01/2026,18:52:11,26.0,47.1
07/01/2026,18:57:11,26.1,46.8
07/01/2026,19:02:11,26.2,46.6
07/01/2026,19:07:11,26.2,46.5
07/01/2026,19:12:11,26.1,46.3
07/01/2026,19:17:11,26.0,46.4
07/01/2026,19:22:11,25.9,46.4
07/01/2026,19:27:11,25.9,46.6
07/01/2026,19:32:11,25.8,46.5
07/01/2026,19:37:11,25.7,46.4
07/01/2026,19:42:11,25.7,46.4
07/01/2026,19:47:11,25.7,46.5
07/01/2026,19:52:11,25.6,46.5
07/01/2026,19:57:11,25.6,46.6
07/01/2026,20:02:11,25.6,46.7
07/01/2026,20:07:11,25.6,46.6
07/01/2026,20:12:11,25.5,46.7
07/01/2026,20:17:11,25.5,46.8
07/01/2026,20:22:11,25.5,46.8
07/01/2026,20:27:11,25.5,47.1
07/01/2026,20:32:11,25.5,47.2
07/01/2026,20:37:11,25.4,47.2
07/01/2026,20:42:11,25.5,47.2
07/01/2026,20:47:11,25.4,47.2
07/01/2026,20:52:11,25.4,47.4
07/01/2026,20:57:11,25.4,47.4
07/01/2026,21:02:11,25.4,47.5
07/01/2026,21:07:11,25.4,47.5
07/01/2026,21:12:11,25.4,47.6
07/01/2026,21:17:11,25.4,47.6
07/01/2026,21:22:11,25.4,47.7
07/01/2026,21:27:11,25.4,47.7
07/01/2026,21:32:11,25.4,47.8
07/01/2026,21:37:11,25.4,47.7
07/01/2026,21:42:11,25.4,47.8
07/01/2026,21:47:11,25.4,47.9
07/01/2026,21:52:11,25.4,47.8
07/01/2026,21:57:11,25.4,47.9
07/01/2026,22:02:11,25.3,47.9
07/01/2026,22:07:11,25.3,47.9
07/01/2026,22:12:11,25.3,47.9
07/01/2026,22:17:11,25.3,48.0
07/01/2026,22:22:11,25.3,48.0
07/01/2026,22:27:11,25.3,48.0
07/01/2026,22:32:11,25.3,48.1
07/01/2026,22:37:11,25.2,48.1
07/01/2026,22:42:11,25.2,48.1
07/01/2026,22:47:11,25.2,48.1
07/01/2026,22:52:11,25.2,48.2
07/01/2026,22:57:11,25.2,48.2
07/01/2026,23:02:11,25.2,48.2
07/01/2026,23:07:11,25.2,48.2
07/01/2026,23:12:11,25.2,48.3
07/01/2026,23:17:11,25.1,48.3
07/01/2026,23:22:11,25.1,48.3
07/01/2026,23:27:11,25.1,48.3
07/01/2026,23:32:11,25.1,48.3
07/01/2026,23:37:11,25.1,48.3
07/01/2026,23:42:11,25.1,48.2
07/01/2026,23:47:11,25.0,48.3
07/01/2026,23:52:11,25.0,48.2
07/01/2026,23:57:11,25.0,48.2
07/02/2026,00:02:11,25.0,48.1
07/02/2026,00:07:11,25.0,48.1
07/02/2026,00:12:11,25.0,48.0
07/02/2026,00:17:11,25.0,48.0
07/02/2026,00:22:11,24.9,48.0
07/02/2026,00:27:11,24.9,47.9
07/02/2026,00:32:11,24.9,47.9
07/02/2026,00:37:11,24.9,47.9
07/02/2026,00:42:11,24.9,47.8
07/02/2026,00:47:11,24.9,47.8
07/02/2026,00:52:11,24.8,47.8
07/02/2026,00:57:11,24.8,47.8
07/02/2026,01:02:11,24.8,47.8
07/02/2026,01:07:11,24.7,47.8
07/02/2026,01:12:11,24.7,47.8
07/02/2026,01:17:11,24.7,47.8
07/02/2026,01:22:11,24.7,47.9
07/02/2026,01:27:11,24.6,48.0
07/02/2026,01:32:11,24.6,48.0
07/02/2026,01:37:11,24.6,47.9
07/02/2026,01:42:11,24.6,48.0
07/02/2026,01:47:11,24.6,48.0
07/02/2026,01:52:11,24.6,48.0
07/02/2026,01:57:11,24.5,48.1
07/02/2026,02:02:11,24.5,48.1
07/02/2026,02:07:11,24.5,48.1
07/02/2026,02:12:11,24.5,48.1
07/02/2026,02:17:11,24.5,48.1
07/02/2026,02:22:11,24.4,48.2
07/02/2026,02:27:11,24.4,48.2
07/02/2026,02:32:11,24.4,48.2
07/02/2026,02:37:11,24.4,48.2
07/02/2026,02:42:11,24.4,48.3
07/02/2026,02:47:11,24.3,48.3
07/02/2026,02:52:11,24.3,48.3
07/02/2026,02:57:11,24.3,48.4
07/02/2026,03:02:11,24.3,48.4
07/02/2026,03:07:11,24.3,48.4
07/02/2026,03:12:11,24.3,48.5
07/02/2026,03:17:11,24.2,48.5
07/02/2026,03:22:11,24.2,48.5
07/02/2026,03:27:11,24.2,48.6
07/02/2026,03:32:11,24.2,48.6
07/02/2026,03:37:11,24.2,48.6
07/02/2026,03:42:11,24.2,48.7
07/02/2026,03:47:11,24.1,48.7
07/02/2026,03:52:11,24.1,48.8
07/02/2026,03:57:11,24.1,48.8
07/02/2026,04:02:11,24.1,48.9
07/02/2026,04:07:11,24.1,48.9
07/02/2026,04:12:11,24.1,48.9
07/02/2026,04:17:11,24.1,49.0
07/02/2026,04:22:11,24.1,49.0
07/02/2026,04:27:11,24.0,49.1
07/02/2026,04:32:11,24.0,49.1
07/02/2026,04:37:11,24.0,49.2
07/02/2026,04:42:11,24.0,49.2
07/02/2026,04:47:11,24.0,49.3
07/02/2026,04:52:11,24.0,49.3
07/02/2026,04:57:11,23.9,49.4
07/02/2026,05:02:11,23.9,49.4
07/02/2026,05:07:11,23.9,49.5
07/02/2026,05:12:11,23.9,49.5
07/02/2026,05:17:11,23.9,49.6
07/02/2026,05:22:11,23.9,49.7
07/02/2026,05:27:11,23.9,49.7
07/02/2026,05:32:11,23.8,49.8
07/02/2026,05:37:11,23.8,49.9
07/02/2026,05:42:11,23.8,50.0
07/02/2026,05:47:11,23.8,50.0
07/02/2026,05:52:11,23.8,50.1
07/02/2026,05:57:11,23.8,50.3
07/02/2026,06:02:11,23.8,50.3
07/02/2026,06:07:11,23.8,50.4
07/02/2026,06:12:11,23.8,50.4
07/02/2026,06:17:11,23.8,50.5
07/02/2026,06:22:11,23.8,50.6
07/02/2026,06:27:11,23.8,50.6
07/02/2026,06:32:11,23.8,50.7
07/02/2026,06:37:11,23.8,50.8
07/02/2026,06:42:11,23.8,50.8
07/02/2026,06:47:11,23.8,51.0
07/02/2026,06:52:11,23.8,51.0
07/02/2026,06:57:11,23.8,51.2
07/02/2026,07:02:11,23.8,51.3
07/02/2026,07:07:11,23.8,51.3
07/02/2026,07:12:11,23.8,51.3
07/02/2026,07:17:11,23.8,51.4
07/02/2026,07:22:11,23.8,51.4
07/02/2026,07:27:11,23.8,51.5
07/02/2026,07:32:11,23.8,51.5
07/02/2026,07:37:11,23.8,51.6
07/02/2026,07:42:11,23.8,51.8
07/02/2026,07:47:11,23.8,51.9
07/02/2026,07:52:11,23.8,51.9
07/02/2026,07:57:11,23.8,52.1
07/02/2026,08:02:11,23.8,52.0
07/02/2026,08:07:11,23.8,52.0
07/02/2026,08:12:11,23.8,52.1
07/02/2026,08:17:11,23.8,52.2
07/02/2026,08:22:11,23.8,52.2
07/02/2026,08:27:11,23.8,52.2
07/02/2026,08:32:11,23.8,52.2
07/02/2026,08:37:11,23.8,52.2
07/02/2026,08:42:11,23.9,52.2
07/02/2026,08:47:11,23.9,52.2
07/02/2026,08:52:11,23.9,52.2
07/02/2026,08:57:11,23.9,52.2
07/02/2026,09:02:11,23.9,52.2
07/02/2026,09:07:11,23.9,52.1
07/02/2026,09:12:11,23.9,52.2
07/02/2026,09:17:11,23.9,52.2
07/02/2026,09:22:11,23.9,52.1
07/02/2026,09:27:11,23.9,52.1
07/02/2026,09:32:11,23.9,52.1
07/02/2026,09:37:11,23.9,52.1
07/02/2026,09:42:11,23.9,52.2
07/02/2026,09:47:11,24.0,52.2
07/02/2026,09:52:11,24.0,52.2
07/02/2026,09:57:11,24.0,52.2
07/02/2026,10:02:11,24.0,52.2
07/02/2026,10:07:11,24.1,52.3
07/02/2026,10:12:11,24.0,52.2
07/02/2026,10:17:11,24.1,52.2
07/02/2026,10:22:11,24.1,52.3
07/02/2026,10:27:11,24.1,52.1
07/02/2026,10:32:11,24.1,52.1
07/02/2026,10:37:11,24.1,52.1
07/02/2026,10:42:11,24.1,52.0
07/02/2026,10:47:11,24.1,51.9
07/02/2026,10:52:11,24.1,51.7
07/02/2026,10:57:11,24.1,51.7
07/02/2026,11:02:11,24.1,51.8
07/02/2026,11:07:11,24.1,51.6
07/02/2026,11:12:11,24.1,51.4
07/02/2026,11:17:11,24.1,51.3
07/02/2026,11:22:11,24.1,51.4
07/02/2026,11:27:11,24.1,51.3
07/02/2026,11:32:11,24.1,51.2
07/02/2026,11:37:11,24.1,51.1
07/02/2026,11:42:11,24.1,51.3
07/02/2026,11:47:11,24.1,51.2
07/02/2026,11:52:11,24.1,51.0
07/02/2026,11:57:11,24.1,51.1
07/02/2026,12:02:11,24.1,50.8
07/02/2026,12:07:11,24.1,50.9
07/02/2026,12:12:11,24.1,50.8
07/02/2026,12:17:11,24.1,50.7
07/02/2026,12:22:11,24.1,50.8
07/02/2026,12:27:11,24.1,50.6
07/02/2026,12:32:11,24.1,50.6
07/02/2026,12:37:11,24.1,50.4
07/02/2026,12:42:11,24.1,50.7
07/02/2026,12:47:11,24.1,50.6
07/02/2026,12:52:11,24.1,50.6
07/02/2026,12:57:11,24.1,50.6
07/02/2026,13:02:11,24.1,50.5
07/02/2026,13:07:11,24.1,50.5
07/02/2026,13:12:11,24.2,50.6
07/02/2026,13:17:11,24.2,50.6
07/02/2026,13:22:11,24.2,50.5
07/02/2026,13:27:11,24.2,50.4
07/02/2026,13:32:11,24.2,50.3
07/02/2026,13:37:11,24.2,50.5
07/02/2026,13:42:11,24.3,50.4
07/02/2026,13:47:11,24.3,50.2
07/02/2026,13:52:11,24.3,50.3
07/02/2026,13:57:11,24.3,50.3
07/02/2026,14:02:11,24.3,50.3
07/02/2026,14:07:11,24.4,50.2
07/02/2026,14:12:11,24.4,50.2
07/02/2026,14:17:11,24.4,50.1
07/02/2026,14:22:11,24.4,50.0
07/02/2026,14:27:11,24.5,50.0
07/02/2026,14:32:11,24.5,50.0
07/02/2026,14:37:11,24.5,50.1
07/02/2026,14:42:11,24.6,50.0
07/02/2026,14:47:11,24.6,50.0
07/02/2026,14:52:11,24.6,49.7
07/02/2026,14:57:11,24.7,49.7
07/02/2026,15:02:11,24.7,49.9
07/02/2026,15:07:11,24.7,49.7
07/02/2026,15:12:11,24.8,49.7
07/02/2026,15:17:11,24.9,49.3
07/02/2026,15:22:11,24.9,49.5
07/02/2026,15:27:11,24.9,49.4
07/02/2026,15:32:11,25.0,49.1
07/02/2026,15:37:11,25.0,49.1
07/02/2026,15:42:11,25.1,49.1
07/02/2026,15:47:11,25.1,49.0
07/02/2026,15:52:11,25.2,48.8
07/02/2026,15:57:11,25.2,48.9
07/02/2026,16:02:11,25.3,48.9
07/02/2026,16:07:11,25.3,48.9
07/02/2026,16:12:11,25.4,48.8
07/02/2026,16:17:11,25.4,48.6
07/02/2026,16:22:11,25.4,48.6
07/02/2026,16:27:11,25.5,48.4
07/02/2026,16:32:11,25.6,48.3
07/02/2026,16:37:11,25.6,48.4
07/02/2026,16:42:11,25.6,48.3
07/02/2026,16:47:11,25.7,48.2
07/02/2026,16:52:11,25.7,48.2
07/02/2026,16:57:11,25.7,48.2
07/02/2026,17:02:11,25.8,47.9
07/02/2026,17:07:11,25.8,47.9
07/02/2026,17:12:11,25.8,48.0
07/02/2026,17:17:11,25.9,48.0
07/02/2026,17:22:11,25.9,47.9
07/02/2026,17:27:11,25.9,47.9
07/02/2026,17:32:11,25.9,47.9
07/02/2026,17:37:11,26.0,47.7
07/02/2026,17:42:11,26.1,47.8
07/02/2026,17:47:11,26.2,47.6
07/02/2026,17:52:11,26.3,47.6
07/02/2026,17:57:11,26.5,47.4
07/02/2026,18:02:11,26.6,47.3
07/02/2026,18:07:11,26.7,47.0
07/02/2026,18:12:11,26.8,46.7
07/02/2026,18:17:11,27.0,46.6
07/02/2026,18:22:11,27.1,46.4
07/02/2026,18:27:11,27.3,46.0
07/02/2026,18:32:11,27.4,45.8
07/02/2026,18:37:11,27.6,45.5
07/02/2026,18:42:11,27.7,45.2
07/02/2026,18:47:11,27.9,44.4
07/02/2026,18:52:11,27.9,44.0
07/02/2026,18:57:11,28.0,44.0
07/02/2026,19:02:11,28.0,42.2
07/02/2026,19:07:11,27.9,41.3
07/02/2026,19:12:11,27.6,41.4
07/02/2026,19:17:11,27.2,41.1
07/02/2026,19:22:11,26.9,41.1
07/02/2026,19:27:11,26.7,41.3
07/02/2026,19:32:11,26.5,40.9
07/02/2026,19:37:11,26.3,41.0
07/02/2026,19:42:11,26.1,40.8
07/02/2026,19:47:11,26.0,40.9
07/02/2026,19:52:11,25.9,41.2
07/02/2026,19:57:11,25.8,41.1
07/02/2026,20:02:11,25.7,41.1
07/02/2026,20:07:11,25.6,40.9
07/02/2026,20:12:11,25.5,40.9
07/02/2026,20:17:11,25.4,41.3
07/02/2026,20:22:11,25.4,41.5
07/02/2026,20:27:11,25.4,41.8
07/02/2026,20:32:11,25.4,42.0
07/02/2026,20:37:11,25.4,42.3
07/02/2026,20:42:11,25.4,42.4
07/02/2026,20:47:11,25.3,42.5
07/02/2026,20:52:11,25.4,42.5
07/02/2026,20:57:11,25.4,42.7
07/02/2026,21:02:11,25.4,42.7
07/02/2026,21:07:11,25.3,42.8
07/02/2026,21:12:11,25.3,42.9
07/02/2026,21:17:11,25.3,43.0
07/02/2026,21:22:11,25.3,43.1
07/02/2026,21:27:11,25.3,43.2
07/02/2026,21:32:11,25.3,43.2
07/02/2026,21:37:11,25.3,43.2
07/02/2026,21:42:11,25.3,43.3
07/02/2026,21:47:11,25.3,43.3
07/02/2026,21:52:11,25.2,43.4
07/02/2026,21:57:11,25.2,43.5
07/02/2026,22:02:11,25.2,43.6
07/02/2026,22:07:11,25.2,43.5
07/02/2026,22:12:11,25.1,43.6
07/02/2026,22:17:11,25.1,43.7
07/02/2026,22:22:11,25.1,43.7
07/02/2026,22:27:11,25.1,43.7
07/02/2026,22:32:11,25.1,43.8
07/02/2026,22:37:11,25.1,43.8
07/02/2026,22:42:11,25.0,43.8
07/02/2026,22:47:11,25.0,43.7
07/02/2026,22:52:11,25.0,43.7
07/02/2026,22:57:11,25.0,43.7
07/02/2026,23:02:11,24.9,43.7
07/02/2026,23:07:11,24.9,43.8
07/02/2026,23:12:11,24.9,43.8
07/02/2026,23:17:11,24.9,43.8
07/02/2026,23:22:11,24.8,43.9
07/02/2026,23:27:11,24.8,43.8
07/02/2026,23:32:11,24.8,43.9
07/02/2026,23:37:11,24.8,44.0
07/02/2026,23:42:11,24.8,44.0
07/02/2026,23:47:11,24.7,44.0
07/02/2026,23:52:11,24.7,44.0
07/02/2026,23:57:11,24.7,44.0
07/03/2026,00:02:11,24.7,44.0
07/03/2026,00:07:11,24.6,44.0
07/03/2026,00:12:11,24.6,44.0
07/03/2026,00:17:11,24.6,44.0
07/03/2026,00:22:11,24.6,44.1
07/03/2026,00:27:11,24.6,44.1
07/03/2026,00:32:11,24.5,44.1
07/03/2026,00:37:11,24.5,44.1
07/03/2026,00:42:11,24.5,44.1
07/03/2026,00:47:11,24.5,44.1
07/03/2026,00:52:11,24.4,44.1
07/03/2026,00:57:11,24.4,44.1
07/03/2026,01:02:11,24.4,44.0
07/03/2026,01:07:11,24.4,44.0
07/03/2026,01:12:11,24.4,44.0
07/03/2026,01:17:11,24.3,43.9
07/03/2026,01:22:11,24.3,43.9
07/03/2026,01:27:11,24.3,43.9
07/03/2026,01:32:11,24.3,43.9
07/03/2026,01:37:11,24.2,43.9
07/03/2026,01:42:11,24.2,43.9
07/03/2026,01:47:11,24.2,43.9
07/03/2026,01:52:11,24.2,43.9
07/03/2026,01:57:11,24.1,43.9
07/03/2026,02:02:11,24.1,43.9
07/03/2026,02:07:11,24.1,43.9
07/03/2026,02:12:11,24.1,44.0
07/03/2026,02:17:11,24.1,43.9
07/03/2026,02:22:11,24.0,43.9
07/03/2026,02:27:11,24.0,43.9
07/03/2026,02:32:11,24.0,43.9
07/03/2026,02:37:11,24.0,43.9
07/03/2026,02:42:11,23.9,43.9
07/03/2026,02:47:11,23.9,43.9
07/03/2026,02:52:11,23.9,43.9
07/03/2026,02:57:11,23.8,43.9
07/03/2026,03:02:11,23.8,43.9
07/03/2026,03:07:11,23.8,43.9
07/03/2026,03:12:11,23.8,43.9
07/03/2026,03:17:11,23.8,43.9
07/03/2026,03:22:11,23.7,43.9
07/03/2026,03:27:11,23.7,43.9
07/03/2026,03:32:11,23.7,43.9
07/03/2026,03:37:11,23.7,43.9
07/03/2026,03:42:11,23.6,43.9
07/03/2026,03:47:11,23.6,43.8
07/03/2026,03:52:11,23.6,43.8
07/03/2026,03:57:11,23.6,43.9
07/03/2026,04:02:11,23.5,43.8
07/03/2026,04:07:11,23.5,43.8
07/03/2026,04:12:11,23.5,43.8
07/03/2026,04:17:11,23.5,43.8
07/03/2026,04:22:11,23.4,43.9
07/03/2026,04:27:11,23.4,43.8
07/03/2026,04:32:11,23.4,43.8
07/03/2026,04:37:11,23.4,43.8
07/03/2026,04:42:11,23.3,43.8
07/03/2026,04:47:11,23.3,43.8
07/03/2026,04:52:11,23.3,43.9
07/03/2026,04:57:11,23.3,43.9
07/03/2026,05:02:11,23.2,43.8
07/03/2026,05:07:11,23.2,43.9
07/03/2026,05:12:11,23.2,43.9
07/03/2026,05:17:11,23.2,43.9
07/03/2026,05:22:11,23.1,43.9
07/03/2026,05:27:11,23.1,43.9
07/03/2026,05:32:11,23.1,43.9
07/03/2026,05:37:11,23.1,43.9
07/03/2026,05:42:11,23.0,43.9
07/03/2026,05:47:11,23.0,44.0
07/03/2026,05:52:11,23.0,44.0
07/03/2026,05:57:11,23.0,44.0
07/03/2026,06:02:11,23.0,44.0
07/03/2026,06:07:11,22.9,44.1
07/03/2026,06:12:11,22.9,44.1
07/03/2026,06:17:11,22.9,44.1
07/03/2026,06:22:11,22.9,44.0
07/03/2026,06:27:11,22.9,44.2
07/03/2026,06:32:11,22.9,44.3
07/03/2026,06:37:11,22.9,44.3
07/03/2026,06:42:11,22.9,44.3
07/03/2026,06:47:11,22.9,44.4
07/03/2026,06:52:11,22.9,44.3
07/03/2026,06:57:11,22.9,44.5
07/03/2026,07:02:11,22.9,44.6
07/03/2026,07:07:11,22.9,44.6
07/03/2026,07:12:11,22.9,44.6
07/03/2026,07:17:11,22.9,44.6
07/03/2026,07:22:11,22.9,44.6
07/03/2026,07:27:11,22.9,44.7
07/03/2026,07:32:11,22.9,44.7
07/03/2026,07:37:11,22.9,44.7
07/03/2026,07:42:11,22.9,44.8
07/03/2026,07:47:11,22.9,44.8
07/03/2026,07:52:11,22.9,44.9
07/03/2026,07:57:11,22.9,44.9
07/03/2026,08:02:11,22.9,45.0
07/03/2026,08:07:11,22.9,45.0
07/03/2026,08:12:11,22.9,45.0
07/03/2026,08:17:11,23.0,45.0
07/03/2026,08:22:11,23.0,45.1
07/03/2026,08:27:11,22.9,45.1
07/03/2026,08:32:11,23.0,45.2
07/03/2026,08:37:11,23.0,45.1
07/03/2026,08:42:11,23.0,45.2
07/03/2026,08:47:11,23.0,45.3
07/03/2026,08:52:11,23.0,45.3
07/03/2026,08:57:11,23.0,45.3
07/03/2026,09:02:11,23.0,45.3
07/03/2026,09:07:11,23.0,45.4
07/03/2026,09:12:11,23.0,45.4
07/03/2026,09:17:11,23.0,45.5
07/03/2026,09:22:11,23.1,45.4
07/03/2026,09:27:11,23.1,45.5
07/03/2026,09:32:11,23.1,45.5
07/03/2026,09:37:11,23.1,45.5
07/03/2026,09:42:11,23.1,45.5
07/03/2026,09:47:11,23.2,45.5
07/03/2026,09:52:11,23.2,45.4
07/03/2026,09:57:11,23.2,45.5
07/03/2026,10:02:11,23.2,45.6
07/03/2026,10:07:11,23.2,45.5
07/03/2026,10:12:11,23.2,45.5
07/03/2026,10:17:11,23.3,45.5
07/03/2026,10:22:11,23.3,45.6
07/03/2026,10:27:11,23.3,45.5
07/03/2026,10:32:11,23.3,45.5
07/03/2026,10:37:11,23.3,45.6
07/03/2026,10:42:11,23.3,45.6
07/03/2026,10:47:11,23.3,45.5
07/03/2026,10:52:11,23.4,45.5
07/03/2026,10:57:11,23.4,45.6
07/03/2026,11:02:11,23.4,45.6
07/03/2026,11:07:11,23.4,45.6
07/03/2026,11:12:11,23.4,45.5
07/03/2026,11:17:11,23.4,45.6
07/03/2026,11:22:11,23.4,45.6
07/03/2026,11:27:11,23.5,45.6
07/03/2026,11:32:11,23.5,45.6
07/03/2026,11:37:11,23.5,45.6
07/03/2026,11:42:11,23.5,45.6
07/03/2026,11:47:11,23.5,45.7
07/03/2026,11:52:11,23.5,45.7
07/03/2026,11:57:11,23.6,45.8
07/03/2026,12:02:11,23.6,45.8
07/03/2026,12:07:11,23.6,45.7
07/03/2026,12:12:11,23.6,45.7
07/03/2026,12:17:11,23.6,45.7
07/03/2026,12:22:11,23.6,45.8
07/03/2026,12:27:11,23.6,45.9
07/03/2026,12:32:11,23.6,46.1
07/03/2026,12:37:11,23.7,46.0
07/03/2026,12:42:11,23.7,46.4
07/03/2026,12:47:11,23.8,46.7
07/03/2026,12:52:11,23.8,46.8
07/03/2026,12:57:11,23.9,47.0
07/03/2026,13:02:11,24.0,47.3
07/03/2026,13:07:11,24.0,47.4
07/03/2026,13:12:11,24.1,47.7
07/03/2026,13:17:11,24.2,47.6
07/03/2026,13:22:11,24.2,47.4
07/03/2026,13:27:11,24.3,47.6
07/03/2026,13:32:11,24.3,47.3
07/03/2026,13:37:11,24.3,47.0
07/03/2026,13:42:11,24.3,47.0
07/03/2026,13:47:11,24.3,47.4
07/03/2026,13:52:11,24.3,47.4
07/03/2026,13:57:11,24.4,47.4
07/03/2026,14:02:11,24.4,47.4
07/03/2026,14:07:11,24.4,47.3
07/03/2026,14:12:11,24.5,47.2
07/03/2026,14:17:11,24.5,47.1
07/03/2026,14:22:11,24.5,47.2
07/03/2026,14:27:11,24.6,47.0
07/03/2026,14:32:11,24.6,47.1
07/03/2026,14:37:11,24.7,47.0
07/03/2026,14:42:11,24.7,46.9
07/03/2026,14:47:11,24.7,46.8
07/03/2026,14:52:11,24.8,46.6
07/03/2026,14:57:11,24.8,46.6
07/03/2026,15:02:11,24.9,46.7
07/03/2026,15:07:11,25.0,46.5
07/03/2026,15:12:11,25.0,46.5
07/03/2026,15:17:11,25.0,46.4
07/03/2026,15:22:11,25.1,46.2
07/03/2026,15:27:11,25.1,46.2
07/03/2026,15:32:11,25.1,46.1
07/03/2026,15:37:11,25.2,46.1
07/03/2026,15:42:11,25.2,46.1
07/03/2026,15:47:11,25.3,46.1
07/03/2026,15:52:11,25.3,46.0
07/03/2026,15:57:11,25.4,45.9
07/03/2026,16:02:11,25.4,45.8
07/03/2026,16:07:11,25.5,45.7
07/03/2026,16:12:11,25.5,45.5
07/03/2026,16:17:11,25.6,45.4
07/03/2026,16:22:11,25.6,45.1
07/03/2026,16:27:11,25.6,44.8
07/03/2026,16:32:11,25.7,44.9
07/03/2026,16:37:11,25.7,44.9
07/03/2026,16:42:11,25.7,44.4
07/03/2026,16:47:11,25.8,44.4
07/03/2026,16:52:11,25.8,44.4
07/03/2026,16:57:11,25.8,44.2
07/03/2026,17:02:11,25.9,44.2
07/03/2026,17:07:11,25.8,44.0
07/03/2026,17:12:11,25.9,44.0
07/03/2026,17:17:11,25.9,44.0
07/03/2026,17:22:11,25.9,44.0
07/03/2026,17:27:11,26.0,43.8
07/03/2026,17:32:11,26.0,44.0
07/03/2026,17:37:11,26.0,44.0
07/03/2026,17:42:11,26.1,43.8
07/03/2026,17:47:11,26.1,43.7
07/03/2026,17:52:11,26.3,43.6
07/03/2026,17:57:11,26.4,43.3
07/03/2026,18:02:11,26.5,43.0
07/03/2026,18:07:11,26.6,42.9
07/03/2026,18:12:11,26.7,42.7
07/03/2026,18:17:11,26.8,42.6
07/03/2026,18:22:11,26.9,42.6
07/03/2026,18:27:11,27.1,42.1
07/03/2026,18:32:11,27.2,42.0
07/03/2026,18:37:11,27.2,42.0
07/03/2026,18:42:11,27.1,41.8
07/03/2026,18:47:11,26.9,41.9
07/03/2026,18:52:11,26.9,41.8
07/03/2026,18:57:11,27.0,41.6
07/03/2026,19:02:11,27.2,41.4
07/03/2026,19:07:11,27.3,41.3
07/03/2026,19:12:11,27.2,41.2
07/03/2026,19:17:11,27.1,41.1
07/03/2026,19:22:11,26.9,41.0
07/03/2026,19:27:11,26.9,41.2
07/03/2026,19:32:11,26.8,41.3
07/03/2026,19:37:11,26.7,41.2
07/03/2026,19:42:11,26.7,41.4
07/03/2026,19:47:11,26.6,41.1
07/03/2026,19:52:11,26.6,40.7
07/03/2026,19:57:11,26.5,40.4
07/03/2026,20:02:11,26.5,40.1
07/03/2026,20:07:11,26.4,39.8
07/03/2026,20:12:11,26.4,39.7
07/03/2026,20:17:11,26.3,39.6
07/03/2026,20:22:11,26.3,39.6
07/03/2026,20:27:11,26.2,39.5
07/03/2026,20:32:11,26.2,39.4
07/03/2026,20:37:11,26.2,39.5
07/03/2026,20:42:11,26.1,39.4
07/03/2026,20:47:11,26.1,39.5
07/03/2026,20:52:11,26.1,39.6
07/03/2026,20:57:11,26.1,39.7
07/03/2026,21:02:11,26.0,39.8
07/03/2026,21:07:11,26.0,39.9
07/03/2026,21:12:11,26.0,39.9
07/03/2026,21:17:11,26.0,40.0
07/03/2026,21:22:11,25.9,39.8
07/03/2026,21:27:11,25.9,39.9
07/03/2026,21:32:11,25.9,39.8
07/03/2026,21:37:11,25.8,39.7
07/03/2026,21:42:11,25.8,39.8
07/03/2026,21:47:11,25.8,39.8
07/03/2026,21:52:11,25.7,39.7
07/03/2026,21:57:11,25.7,39.5
07/03/2026,22:02:11,25.7,39.6
07/03/2026,22:07:11,25.6,39.4
07/03/2026,22:12:11,25.6,39.2
07/03/2026,22:17:11,25.6,39.3
07/03/2026,22:22:11,25.5,39.3
07/03/2026,22:27:11,25.5,39.2
07/03/2026,22:32:11,25.4,39.0
07/03/2026,22:37:11,25.4,39.1
07/03/2026,22:42:11,25.3,39.1
07/03/2026,22:47:11,25.3,39.1
07/03/2026,22:52:11,25.3,39.1
07/03/2026,22:57:11,25.2,39.2
07/03/2026,23:02:11,25.2,39.1
07/03/2026,23:07:11,25.2,39.0
07/03/2026,23:12:11,25.1,39.0
07/03/2026,23:17:11,25.0,39.0
07/03/2026,23:22:11,25.0,39.0
07/03/2026,23:27:11,25.0,38.9
07/03/2026,23:32:11,24.9,38.7
07/03/2026,23:37:11,24.9,38.7
07/03/2026,23:42:11,24.9,38.5
07/03/2026,23:47:11,24.8,38.4
07/03/2026,23:52:11,24.8,38.5
07/03/2026,23:57:11,24.8,38.4
07/04/2026,00:02:11,24.7,38.4
07/04/2026,00:07:11,24.7,38.4
07/04/2026,00:12:11,24.6,38.4
07/04/2026,00:17:11,24.6,38.4
07/04/2026,00:22:11,24.6,38.4
07/04/2026,00:27:11,24.5,38.5
07/04/2026,00:32:11,24.5,38.5
07/04/2026,00:37:11,24.5,38.6
07/04/2026,00:42:11,24.4,38.7
07/04/2026,00:47:11,24.4,38.8
07/04/2026,00:52:11,24.4,39.0
07/04/2026,00:57:11,24.4,39.0
07/04/2026,01:02:11,24.3,39.1
07/04/2026,01:07:11,24.3,39.3
07/04/2026,01:12:11,24.3,39.4
07/04/2026,01:17:11,24.2,39.5
07/04/2026,01:22:11,24.2,39.6
07/04/2026,01:27:11,24.2,39.8
07/04/2026,01:32:11,24.1,39.9
07/04/2026,01:37:11,24.1,40.1
07/04/2026,01:42:11,24.1,40.2
07/04/2026,01:47:11,24.1,40.5
07/04/2026,01:52:11,24.0,40.7
07/04/2026,01:57:11,24.0,40.9
07/04/2026,02:02:11,23.9,41.1
07/04/2026,02:07:11,23.9,41.4
07/04/2026,02:12:11,23.9,41.6
07/04/2026,02:17:11,23.8,41.8
07/04/2026,02:22:11,23.8,42.1
07/04/2026,02:27:11,23.8,42.3
07/04/2026,02:32:11,23.8,42.5
07/04/2026,02:37:11,23.7,42.7
07/04/2026,02:42:11,23.7,42.9
07/04/2026,02:47:11,23.7,43.3
07/04/2026,02:52:11,23.6,43.5
07/04/2026,02:57:11,23.6,43.8
07/04/2026,03:02:11,23.6,44.0
07/04/2026,03:07:11,23.5,44.3
07/04/2026,03:12:11,23.5,44.4
07/04/2026,03:17:11,23.5,44.5
07/04/2026,03:22:11,23.4,44.7
07/04/2026,03:27:11,23.4,44.9
07/04/2026,03:32:11,23.4,45.0
07/04/2026,03:37:11,23.4,45.2
07/04/2026,03:42:11,23.3,45.3
07/04/2026,03:47:11,23.3,45.6
07/04/2026,03:52:11,23.3,45.7
07/04/2026,03:57:11,23.3,45.9
07/04/2026,04:02:11,23.2,46.0
07/04/2026,04:07:11,23.2,46.1
07/04/2026,04:12:11,23.2,46.2
07/04/2026,04:17:11,23.2,46.4
07/04/2026,04:22:11,23.1,46.5
07/04/2026,04:27:11,23.1,46.6
07/04/2026,04:32:11,23.1,46.7
07/04/2026,04:37:11,23.1,46.9
07/04/2026,04:42:11,23.1,47.0
07/04/2026,04:47:11,23.1,47.2
07/04/2026,04:52:11,23.1,47.3
07/04/2026,04:57:11,23.0,47.4
07/04/2026,05:02:11,23.0,47.5
07/04/2026,05:07:11,23.0,47.7
07/04/2026,05:12:11,23.0,47.8
07/04/2026,05:17:11,23.0,47.9
07/04/2026,05:22:11,22.9,48.1
07/04/2026,05:27:11,22.9,48.3
07/04/2026,05:32:11,22.8,48.4
07/04/2026,05:37:11,22.8,48.5
07/04/2026,05:42:11,22.7,48.8
07/04/2026,05:47:11,22.7,48.8
07/04/2026,05:52:11,22.7,49.1
07/04/2026,05:57:11,22.6,49.3
07/04/2026,06:02:11,22.6,49.5
07/04/2026,06:07:11,22.6,49.6
07/04/2026,06:12:11,22.6,49.7
07/04/2026,06:17:11,22.6,49.8
07/04/2026,06:22:11,22.6,49.9
07/04/2026,06:27:11,22.5,50.1
07/04/2026,06:32:11,22.5,50.1
07/04/2026,06:37:11,22.6,50.2
07/04/2026,06:42:11,22.6,50.4
07/04/2026,06:47:11,22.6,50.5
07/04/2026,06:52:11,22.6,50.6
07/04/2026,06:57:11,22.6,50.8
07/04/2026,07:02:11,22.6,50.8
07/04/2026,07:07:11,22.7,51.0
07/04/2026,07:12:11,22.7,51.1
07/04/2026,07:17:11,22.6,51.2
07/04/2026,07:22:11,22.7,51.2
07/04/2026,07:27:11,22.7,51.3
07/04/2026,07:32:11,22.7,51.4
07/04/2026,07:37:11,22.7,51.6
07/04/2026,07:42:11,22.7,51.7
07/04/2026,07:47:11,22.7,51.8
07/04/2026,07:52:11,22.7,51.8
07/04/2026,07:57:11,22.7,52.0
07/04/2026,08:02:11,22.7,52.0
07/04/2026,08:07:11,22.8,52.1
07/04/2026,08:12:11,22.8,52.1
07/04/2026,08:17:11,22.8,52.1
07/04/2026,08:22:11,22.8,52.3
07/04/2026,08:27:11,22.8,52.3
07/04/2026,08:32:11,22.9,52.2
07/04/2026,08:37:11,22.9,52.2
07/04/2026,08:42:11,23.0,52.1
07/04/2026,08:47:11,23.0,52.2
07/04/2026,08:52:11,23.1,52.3
07/04/2026,08:57:11,23.1,52.3
07/04/2026,09:02:11,23.2,52.2
07/04/2026,09:07:11,23.3,52.2
07/04/2026,09:12:11,23.3,52.6
07/04/2026,09:17:11,23.4,52.6
07/04/2026,09:22:11,23.4,52.6
07/04/2026,09:27:11,23.5,52.7
07/04/2026,09:32:11,23.6,52.7
07/04/2026,09:37:11,23.6,52.8
07/04/2026,09:42:11,23.7,52.8
07/04/2026,09:47:11,23.7,53.0
07/04/2026,09:52:11,23.8,53.0
07/04/2026,09:57:11,23.9,53.1
07/04/2026,10:02:11,23.9,53.0
07/04/2026,10:07:11,24.0,52.9
07/04/2026,10:12:11,24.1,53.0
07/04/2026,10:17:11,24.1,53.0
07/04/2026,10:22:11,24.1,53.0
07/04/2026,10:27:11,24.2,52.6
07/04/2026,10:32:11,24.2,52.6
07/04/2026,10:37:11,24.3,52.4
07/04/2026,10:42:11,24.3,52.4
07/04/2026,10:47:11,24.3,52.3
07/04/2026,10:52:11,24.3,52.3
07/04/2026,10:57:11,24.3,52.1
07/04/2026,11:02:11,24.3,51.9
07/04/2026,11:07:11,24.3,52.0
07/04/2026,11:12:11,24.3,52.0
07/04/2026,11:17:11,24.3,52.0
07/04/2026,11:22:11,24.3,52.0
07/04/2026,11:27:11,24.3,52.0
07/04/2026,11:32:11,24.3,52.0
07/04/2026,11:37:11,24.3,52.1
07/04/2026,11:42:11,24.3,52.0
07/04/2026,11:47:11,24.3,51.9
07/04/2026,11:52:11,24.3,52.0
07/04/2026,11:57:11,24.3,52.0
07/04/2026,12:02:11,24.3,52.0
07/04/2026,12:07:11,24.3,52.0
07/04/2026,12:12:11,24.4,52.0
07/04/2026,12:17:11,24.4,52.0
07/04/2026,12:22:11,24.4,51.9
07/04/2026,12:27:11,24.4,51.9
07/04/2026,12:32:11,24.5,52.0
07/04/2026,12:37:11,24.5,51.9
07/04/2026,12:42:11,24.6,51.9
07/04/2026,12:47:11,24.6,51.9
07/04/2026,12:52:11,24.7,51.9
07/04/2026,12:57:11,24.7,51.9
07/04/2026,13:02:11,24.8,51.8
07/04/2026,13:07:11,24.8,51.7
07/04/2026,13:12:11,24.8,51.6
07/04/2026,13:17:11,24.9,51.6
07/04/2026,13:22:11,24.9,51.6
07/04/2026,13:27:11,24.9,51.4
07/04/2026,13:32:11,25.0,51.3
07/04/2026,13:37:11,25.0,51.4
07/04/2026,13:42:11,25.1,51.3
07/04/2026,13:47:11,25.1,51.3
07/04/2026,13:52:11,25.2,51.2
07/04/2026,13:57:11,25.2,51.2
07/04/2026,14:02:11,25.3,51.2
07/04/2026,14:07:11,25.4,51.2
07/04/2026,14:12:11,25.4,51.1
07/04/2026,14:17:11,25.5,51.1
07/04/2026,14:22:11,25.5,51.0
07/04/2026,14:27:11,25.6,50.9
07/04/2026,14:32:11,25.6,50.9
07/04/2026,14:37:11,25.7,50.8
07/04/2026,14:42:11,25.7,50.6
07/04/2026,14:47:11,25.8,50.5
07/04/2026,14:52:11,25.8,50.5
07/04/2026,14:57:11,25.8,50.5
07/04/2026,15:02:11,25.8,50.5
07/04/2026,15:07:11,25.9,50.4
07/04/2026,15:12:11,25.9,50.3
07/04/2026,15:17:11,25.9,50.4
07/04/2026,15:22:11,26.0,50.3
07/04/2026,15:27:11,26.0,50.2
07/04/2026,15:32:11,26.0,50.2
07/04/2026,15:37:11,26.0,50.1
07/04/2026,15:42:11,26.0,50.1
07/04/2026,15:47:11,26.0,50.1
07/04/2026,15:52:11,26.1,50.1
07/04/2026,15:57:11,26.1,50.1
07/04/2026,16:02:11,26.1,50.0
07/04/2026,16:07:11,26.1,50.0
07/04/2026,16:12:11,26.1,50.0
07/04/2026,16:17:11,26.1,50.0
07/04/2026,16:22:11,26.1,49.9
07/04/2026,16:27:11,26.1,50.1
07/04/2026,16:32:11,26.2,50.0
07/04/2026,16:37:11,26.1,49.9
07/04/2026,16:42:11,26.2,49.9
07/04/2026,16:47:11,26.2,49.8
07/04/2026,16:52:11,26.1,49.8
07/04/2026,16:57:11,26.2,49.8
07/04/2026,17:02:11,26.2,49.7
07/04/2026,17:07:11,26.2,49.7
07/04/2026,17:12:11,26.2,49.7
07/04/2026,17:17:11,26.2,49.7
07/04/2026,17:22:11,26.2,49.8
07/04/2026,17:27:11,26.2,49.7
07/04/2026,17:32:11,26.3,49.7
07/04/2026,17:37:11,26.3,49.7
07/04/2026,17:42:11,26.4,49.6
07/04/2026,17:47:11,26.5,49.4
07/04/2026,17:52:11,26.5,49.2
07/04/2026,17:57:11,26.5,49.2
07/04/2026,18:02:11,26.6,49.3
07/04/2026,18:07:11,26.6,49.2
07/04/2026,18:12:11,26.6,49.1
07/04/2026,18:17:11,26.6,49.0
07/04/2026,18:22:11,26.6,49.1
07/04/2026,18:27:11,26.8,48.9
07/04/2026,18:32:11,27.1,48.8
07/04/2026,18:37:11,27.2,48.6
07/04/2026,18:42:11,27.4,48.2
07/04/2026,18:47:11,27.6,47.9
07/04/2026,18:52:11,27.8,47.9
07/04/2026,18:57:11,27.9,47.6
07/04/2026,19:02:11,27.7,47.4
07/04/2026,19:07:11,27.6,47.5
07/04/2026,19:12:11,27.3,47.7
07/04/2026,19:17:11,27.2,48.0
07/04/2026,19:22:11,27.0,48.1
07/04/2026,19:27:11,26.9,48.2
07/04/2026,19:32:11,26.8,48.6
07/04/2026,19:37:11,26.7,48.6
07/04/2026,19:42:11,26.6,48.7
07/04/2026,19:47:11,26.5,48.7
07/04/2026,19:52:11,26.5,48.9
07/04/2026,19:57:11,26.4,49.0
07/04/2026,20:02:11,26.3,49.1
07/04/2026,20:07:11,26.3,49.2
07/04/2026,20:12:11,26.2,49.5
07/04/2026,20:17:11,26.2,49.6
07/04/2026,20:22:11,26.1,49.6
07/04/2026,20:27:11,26.0,49.6
07/04/2026,20:32:11,26.0,49.7
07/04/2026,20:37:11,25.9,49.9
07/04/2026,20:42:11,25.9,50.0
07/04/2026,20:47:11,25.8,50.1
07/04/2026,20:52:11,25.8,50.2
07/04/2026,20:57:11,25.7,50.1
07/04/2026,21:02:11,25.7,50.2
07/04/2026,21:07:11,25.6,50.0
07/04/2026,21:12:11,25.6,50.2
07/04/2026,21:17:11,25.6,50.3
07/04/2026,21:22:11,25.6,50.3
07/04/2026,21:27:11,25.6,50.3
07/04/2026,21:32:11,25.6,50.3
07/04/2026,21:37:11,25.7,50.3
07/04/2026,21:42:11,25.7,50.3
07/04/2026,21:47:11,25.7,50.3
07/04/2026,21:52:11,25.7,50.3
07/04/2026,21:57:11,25.7,50.3
07/04/2026,22:02:11,25.7,50.3
07/04/2026,22:07:11,25.7,50.3
07/04/2026,22:12:11,25.7,50.3
07/04/2026,22:17:11,25.7,50.4
07/04/2026,22:22:11,25.7,50.4
07/04/2026,22:27:11,25.7,50.4
07/04/2026,22:32:11,25.7,50.4
07/04/2026,22:37:11,25.7,50.4
07/04/2026,22:42:11,25.7,50.4
07/04/2026,22:47:11,25.7,50.4
07/04/2026,22:52:11,25.7,50.4
07/04/2026,22:57:11,25.7,50.4
07/04/2026,23:02:11,25.7,50.4
07/04/2026,23:07:11,25.7,50.4
07/04/2026,23:12:11,25.7,50.4
07/04/2026,23:17:11,25.7,50.3
07/04/2026,23:22:11,25.7,50.4
07/04/2026,23:27:11,25.6,50.4
07/04/2026,23:32:11,25.6,50.4
07/04/2026,23:37:11,25.6,50.4
07/04/2026,23:42:11,25.6,50.4
07/04/2026,23:47:11,25.6,50.4
07/04/2026,23:52:11,25.6,50.4
07/04/2026,23:57:11,25.6,50.4
07/05/2026,00:02:11,25.5,50.4
07/05/2026,00:07:11,25.6,50.4
07/05/2026,00:12:11,25.6,50.4
07/05/2026,00:17:11,25.5,50.4
07/05/2026,00:22:11,25.5,50.4
07/05/2026,00:27:11,25.5,50.4
07/05/2026,00:32:11,25.5,50.4
07/05/2026,00:37:11,25.5,50.4
07/05/2026,00:42:11,25.4,50.4
07/05/2026,00:47:11,25.4,50.4
07/05/2026,00:52:11,25.4,50.4
07/05/2026,00:57:11,25.4,50.4
07/05/2026,01:02:11,25.4,50.4
07/05/2026,01:07:11,25.4,50.4
07/05/2026,01:12:11,25.3,50.4
07/05/2026,01:17:11,25.3,50.4
07/05/2026,01:22:11,25.3,50.4
07/05/2026,01:27:11,25.3,50.4
07/05/2026,01:32:11,25.3,50.4
07/05/2026,01:37:11,25.3,50.4
07/05/2026,01:42:11,25.3,50.4
07/05/2026,01:47:11,25.2,50.4
07/05/2026,01:52:11,25.2,50.4
07/05/2026,01:57:11,25.2,50.5
07/05/2026,02:02:11,25.2,50.4
07/05/2026,02:07:11,25.2,50.4
07/05/2026,02:12:11,25.2,50.4
07/05/2026,02:17:11,25.1,50.4
07/05/2026,02:22:11,25.1,50.5
07/05/2026,02:27:11,25.1,50.5
07/05/2026,02:32:11,25.1,50.4
07/05/2026,02:37:11,25.1,50.5
07/05/2026,02:42:11,25.1,50.5
07/05/2026,02:47:11,25.1,50.5
07/05/2026,02:52:11,25.0,50.5
07/05/2026,02:57:11,25.0,50.5
07/05/2026,03:02:11,25.0,50.5
07/05/2026,03:07:11,25.0,50.5
07/05/2026,03:12:11,25.0,50.6
07/05/2026,03:17:11,24.9,50.5
07/05/2026,03:22:11,24.9,50.6
07/05/2026,03:27:11,24.9,50.5
07/05/2026,03:32:11,24.9,50.5
07/05/2026,03:37:11,24.9,50.6
07/05/2026,03:42:11,24.9,50.5
07/05/2026,03:47:11,24.8,50.6
07/05/2026,03:52:11,24.9,50.6
07/05/2026,03:57:11,24.8,50.5
07/05/2026,04:02:11,24.8,50.6
07/05/2026,04:07:11,24.8,50.6
07/05/2026,04:12:11,24.8,50.6
07/05/2026,04:17:11,24.8,50.6
07/05/2026,04:22:11,24.8,50.6
07/05/2026,04:27:11,24.8,50.7
07/05/2026,04:32:11,24.7,50.6
07/05/2026,04:37:11,24.7,50.7
07/05/2026,04:42:11,24.7,50.7
07/05/2026,04:47:11,24.7,50.7
07/05/2026,04:52:11,24.7,50.8
07/05/2026,04:57:11,24.7,50.8
07/05/2026,05:02:11,24.7,50.9
07/05/2026,05:07:11,24.6,50.9
07/05/2026,05:12:11,24.6,50.9
07/05/2026,05:17:11,24.6,50.9
07/05/2026,05:22:11,24.6,50.9
07/05/2026,05:27:11,24.6,51.0
07/05/2026,05:32:11,24.6,51.0
07/05/2026,05:37:11,24.5,51.0
07/05/2026,05:42:11,24.5,51.1
07/05/2026,05:47:11,24.5,51.1
07/05/2026,05:52:11,24.5,51.1
07/05/2026,05:57:11,24.5,51.1
07/05/2026,06:02:11,24.5,51.1
07/05/2026,06:07:11,24.5,51.2
07/05/2026,06:12:11,24.5,51.2
07/05/2026,06:17:11,24.4,51.2
07/05/2026,06:22:11,24.4,51.2
07/05/2026,06:27:11,24.4,51.2
07/05/2026,06:32:11,24.4,51.3
07/05/2026,06:37:11,24.4,51.4
07/05/2026,06:42:11,24.4,51.3
07/05/2026,06:47:11,24.4,51.4
07/05/2026,06:52:11,24.4,51.4
07/05/2026,06:57:11,24.4,51.5
07/05/2026,07:02:11,24.4,51.5
07/05/2026,07:07:11,24.4,51.5
07/05/2026,07:12:11,24.4,51.6
07/05/2026,07:17:11,24.3,51.6
07/05/2026,07:22:11,24.3,51.7
07/05/2026,07:27:11,24.3,51.7
07/05/2026,07:32:11,24.3,51.6
07/05/2026,07:37:11,24.3,51.7
07/05/2026,07:42:11,24.3,51.7
07/05/2026,07:47:11,24.3,51.8
07/05/2026,07:52:11,24.3,52.1
07/05/2026,07:57:11,24.3,52.4
07/05/2026,08:02:11,24.3,52.7
07/05/2026,08:07:11,24.2,53.0
07/05/2026,08:12:11,24.2,53.4
07/05/2026,08:17:11,24.1,53.7
07/05/2026,08:22:11,24.1,53.9
07/05/2026,08:27:11,24.1,54.1
07/05/2026,08:32:11,24.0,54.3
07/05/2026,08:37:11,24.0,54.5
07/05/2026,08:42:11,24.0,54.3
07/05/2026,08:47:11,24.0,54.4
07/05/2026,08:52:11,24.1,54.6
07/05/2026,08:57:11,24.1,54.6
07/05/2026,09:02:11,24.1,54.5
07/05/2026,09:07:11,24.1,54.5
07/05/2026,09:12:11,24.2,54.5
07/05/2026,09:17:11,24.2,54.5
07/05/2026,09:22:11,24.2,54.4
07/05/2026,09:27:11,24.2,54.5
07/05/2026,09:32:11,24.2,54.4
07/05/2026,09:37:11,24.3,54.5
07/05/2026,09:42:11,24.3,54.5
07/05/2026,09:47:11,24.4,54.6
07/05/2026,09:52:11,24.4,54.4
07/05/2026,09:57:11,24.5,54.3
07/05/2026,10:02:11,24.5,54.4
07/05/2026,10:07:11,24.6,54.4
07/05/2026,10:12:11,24.6,54.6
07/05/2026,10:17:11,24.7,54.5
07/05/2026,10:22:11,24.7,54.5
07/05/2026,10:27:11,24.7,54.6
07/05/2026,10:32:11,24.8,54.2
07/05/2026,10:37:11,24.8,54.4
07/05/2026,10:42:11,24.8,54.5
07/05/2026,10:47:11,24.8,53.7
07/05/2026,10:52:11,24.8,53.6
07/05/2026,10:57:11,24.8,53.5
07/05/2026,11:02:11,24.7,53.4
07/05/2026,11:07:11,24.7,53.5
07/05/2026,11:12:11,24.7,53.5
07/05/2026,11:17:11,24.7,53.7
07/05/2026,11:22:11,24.7,53.5
07/05/2026,11:27:11,24.7,53.5
07/05/2026,11:32:11,24.7,53.5
07/05/2026,11:37:11,24.7,53.4
07/05/2026,11:42:11,24.7,53.5
07/05/2026,11:47:11,24.7,53.3
07/05/2026,11:52:11,24.8,53.7
07/05/2026,11:57:11,24.8,53.7
07/05/2026,12:02:11,24.9,53.8
07/05/2026,12:07:11,24.9,53.7
07/05/2026,12:12:11,24.9,53.7
07/05/2026,12:17:11,25.0,53.7
07/05/2026,12:22:11,25.0,53.9
07/05/2026,12:27:11,25.0,54.0
07/05/2026,12:32:11,25.1,53.9
07/05/2026,12:37:11,25.1,53.6
07/05/2026,12:42:11,25.1,53.6
07/05/2026,12:47:11,25.1,53.4
07/05/2026,12:52:11,25.1,53.2
07/05/2026,12:57:11,25.1,53.3
07/05/2026,13:02:11,25.1,53.2
07/05/2026,13:07:11,25.1,53.1
07/05/2026,13:12:11,25.1,53.1
07/05/2026,13:17:11,25.1,53.0
07/05/2026,13:22:11,25.0,52.9
07/05/2026,13:27:11,25.0,52.9
07/05/2026,13:32:11,25.0,52.8
07/05/2026,13:37:11,25.0,52.9
07/05/2026,13:42:11,25.0,52.8
07/05/2026,13:47:11,25.1,52.8
07/05/2026,13:52:11,25.0,52.8
07/05/2026,13:57:11,25.0,52.8
07/05/2026,14:02:11,25.1,52.8
07/05/2026,14:07:11,25.0,52.7
07/05/2026,14:12:11,25.1,52.7
07/05/2026,14:17:11,25.0,52.8
07/05/2026,14:22:11,25.0,52.7
07/05/2026,14:27:11,25.0,52.7
07/05/2026,14:32:11,25.0,52.7
07/05/2026,14:37:11,25.1,52.9
07/05/2026,14:42:11,25.1,52.9
07/05/2026,14:47:11,25.1,52.8
07/05/2026,14:52:11,25.1,52.8
07/05/2026,14:57:11,25.1,52.7
07/05/2026,15:02:11,25.1,52.7
07/05/2026,15:07:11,25.1,52.7
07/05/2026,15:12:11,25.1,52.7
07/05/2026,15:17:11,25.2,52.7
07/05/2026,15:22:11,25.2,52.7
07/05/2026,15:27:11,25.2,52.8
07/05/2026,15:32:11,25.3,52.6
07/05/2026,15:37:11,25.3,52.6
07/05/2026,15:42:11,25.3,52.5
07/05/2026,15:47:11,25.3,52.5
07/05/2026,15:52:11,25.4,52.4
07/05/2026,15:57:11,25.4,52.5
07/05/2026,16:02:11,25.4,52.5
07/05/2026,16:07:11,25.5,52.5
07/05/2026,16:12:11,25.5,52.4
07/05/2026,16:17:11,25.6,52.4
07/05/2026,16:22:11,25.6,52.3
07/05/2026,16:27:11,25.7,52.3
07/05/2026,16:32:11,25.8,52.1
07/05/2026,16:37:11,25.8,52.0
07/05/2026,16:42:11,25.8,51.9
07/05/2026,16:47:11,25.9,51.9
07/05/2026,16:52:11,25.9,51.8
07/05/2026,16:57:11,26.0,51.8
07/05/2026,17:02:11,26.0,51.6
07/05/2026,17:07:11,26.0,51.4
07/05/2026,17:12:11,26.0,51.4
07/05/2026,17:17:11,26.1,51.3
07/05/2026,17:22:11,26.1,51.2
07/05/2026,17:27:11,26.1,51.2
07/05/2026,17:32:11,26.1,51.1
07/05/2026,17:37:11,26.1,51.2
07/05/2026,17:42:11,26.1,51.2
07/05/2026,17:47:11,26.1,51.0
07/05/2026,17:52:11,26.1,51.1
07/05/2026,17:57:11,26.1,51.1
07/05/2026,18:02:11,26.2,51.1
07/05/2026,18:07:11,26.2,51.1
07/05/2026,18:12:11,26.2,51.1
07/05/2026,18:17:11,26.3,51.3
07/05/2026,18:22:11,26.4,51.4
07/05/2026,18:27:11,26.5,51.5
07/05/2026,18:32:11,26.6,51.0
07/05/2026,18:37:11,26.7,51.0
07/05/2026,18:42:11,26.8,50.9
07/05/2026,18:47:11,26.8,50.8
07/05/2026,18:52:11,26.8,50.8
07/05/2026,18:57:11,26.8,50.7
07/05/2026,19:02:11,26.9,50.7
07/05/2026,19:07:11,26.9,50.7
07/05/2026,19:12:11,26.8,50.7
07/05/2026,19:17:11,26.8,50.9
07/05/2026,19:22:11,26.7,50.9
07/05/2026,19:27:11,26.7,50.9
07/05/2026,19:32:11,26.7,50.9
07/05/2026,19:37:11,26.6,50.9
07/05/2026,19:42:11,26.6,50.9
07/05/2026,19:47:11,26.6,50.8
07/05/2026,19:52:11,26.6,50.8
07/05/2026,19:57:11,26.6,50.8
07/05/2026,20:02:11,26.6,50.8
07/05/2026,20:07:11,26.5,50.8
07/05/2026,20:12:11,26.6,51.1
07/05/2026,20:17:11,26.5,51.4
07/05/2026,20:22:11,26.5,51.5
07/05/2026,20:27:11,26.5,51.4
07/05/2026,20:32:11,26.5,51.4
07/05/2026,20:37:11,26.5,51.1
07/05/2026,20:42:11,26.4,51.2
07/05/2026,20:47:11,26.4,51.2
07/05/2026,20:52:11,26.4,51.2
07/05/2026,20:57:11,26.4,51.1
07/05/2026,21:02:11,26.3,51.2
07/05/2026,21:07:11,26.3,51.2
07/05/2026,21:12:11,26.3,51.3
07/05/2026,21:17:11,26.3,51.3
07/05/2026,21:22:11,26.3,51.3
07/05/2026,21:27:11,26.2,51.3
07/05/2026,21:32:11,26.2,51.3
07/05/2026,21:37:11,26.2,51.3
07/05/2026,21:42:11,26.2,51.4
07/05/2026,21:47:11,26.1,51.4
07/05/2026,21:52:11,26.2,51.5
07/05/2026,21:57:11,26.1,51.6
07/05/2026,22:02:11,26.1,51.5
07/05/2026,22:07:11,26.1,51.6
07/05/2026,22:12:11,26.1,51.5
07/05/2026,22:17:11,26.0,51.5
07/05/2026,22:22:11,26.0,51.6
07/05/2026,22:27:11,26.0,51.5
07/05/2026,22:32:11,26.0,51.5
07/05/2026,22:37:11,26.0,51.5
07/05/2026,22:42:11,25.9,51.6
07/05/2026,22:47:11,25.9,51.6
07/05/2026,22:52:11,25.9,51.5
07/05/2026,22:57:11,25.9,51.6
07/05/2026,23:02:11,25.9,51.6
07/05/2026,23:07:11,25.9,51.6
07/05/2026,23:12:11,25.8,51.6
07/05/2026,23:17:11,25.8,51.6
07/05/2026,23:22:11,25.8,51.7
07/05/2026,23:27:11,25.7,51.7
07/05/2026,23:32:11,25.7,51.7
07/05/2026,23:37:11,25.7,51.8
07/05/2026,23:42:11,25.7,51.8
07/05/2026,23:47:11,25.7,51.8
07/05/2026,23:52:11,25.6,51.8
07/05/2026,23:57:11,25.6,51.8
07/06/2026,00:02:11,25.6,51.8
07/06/2026,00:07:11,25.6,51.8
07/06/2026,00:12:11,25.5,51.8
07/06/2026,00:17:11,25.5,51.8
07/06/2026,00:22:11,25.5,51.9
07/06/2026,00:27:11,25.5,51.9
07/06/2026,00:32:11,25.5,51.9
07/06/2026,00:37:11,25.4,51.9
07/06/2026,00:42:11,25.4,51.9
07/06/2026,00:47:11,25.4,52.0
07/06/2026,00:52:11,25.4,52.0
07/06/2026,00:57:11,25.3,52.0
07/06/2026,01:02:11,25.3,52.0
07/06/2026,01:07:11,25.3,52.0
07/06/2026,01:12:11,25.3,52.1
07/06/2026,01:17:11,25.3,52.0
07/06/2026,01:22:11,25.2,52.1
07/06/2026,01:27:11,25.2,52.1
07/06/2026,01:32:11,25.2,52.1
07/06/2026,01:37:11,25.2,52.1
07/06/2026,01:42:11,25.1,52.1
07/06/2026,01:47:11,25.1,52.2
07/06/2026,01:52:11,25.1,52.1
07/06/2026,01:57:11,25.0,52.2
07/06/2026,02:02:11,25.0,52.2
07/06/2026,02:07:11,25.0,52.2
07/06/2026,02:12:11,25.0,52.2
07/06/2026,02:17:11,25.0,52.2
07/06/2026,02:22:11,24.9,52.2
07/06/2026,02:27:11,24.9,52.2
07/06/2026,02:32:11,24.9,52.3
07/06/2026,02:37:11,24.9,52.2
07/06/2026,02:42:11,24.8,52.2
07/06/2026,02:47:11,24.9,52.2
07/06/2026,02:52:11,24.8,52.2
07/06/2026,02:57:11,24.8,52.3
07/06/2026,03:02:11,24.8,52.2
07/06/2026,03:07:11,24.7,52.3
07/06/2026,03:12:11,24.7,52.3
07/06/2026,03:17:11,24.7,52.4
07/06/2026,03:22:11,24.7,52.5
07/06/2026,03:27:11,24.7,52.5
07/06/2026,03:32:11,24.6,52.6
07/06/2026,03:37:11,24.6,52.7
07/06/2026,03:42:11,24.6,52.9
07/06/2026,03:47:11,24.5,52.9
07/06/2026,03:52:11,24.5,53.2
07/06/2026,03:57:11,24.5,53.3
07/06/2026,04:02:11,24.5,53.5
07/06/2026,04:07:11,24.5,53.7
07/06/2026,04:12:11,24.5,53.8
07/06/2026,04:17:11,24.5,54.3
07/06/2026,04:22:11,24.4,54.3
07/06/2026,04:27:11,24.4,54.3
07/06/2026,04:32:11,24.4,54.4
07/06/2026,04:37:11,24.4,54.6
07/06/2026,04:42:11,24.3,54.5
07/06/2026,04:47:11,24.3,54.5
07/06/2026,04:52:11,24.3,54.7
07/06/2026,04:57:11,24.3,54.9
07/06/2026,05:02:11,24.3,55.0
07/06/2026,05:07:11,24.2,55.1
07/06/2026,05:12:11,24.2,54.9
07/06/2026,05:17:11,24.2,55.1
07/06/2026,05:22:11,24.2,55.3
07/06/2026,05:27:11,24.2,55.0
07/06/2026,05:32:11,24.1,55.2
07/06/2026,05:37:11,24.1,55.4
07/06/2026,05:42:11,24.1,55.2
07/06/2026,05:47:11,24.1,55.2
07/06/2026,05:52:11,24.1,55.5
07/06/2026,05:57:11,24.1,55.4
07/06/2026,06:02:11,24.1,55.5
07/06/2026,06:07:11,24.1,55.3
07/06/2026,06:12:11,24.1,55.5
07/06/2026,06:17:11,24.1,55.5
07/06/2026,06:22:11,24.1,55.3
07/06/2026,06:27:11,24.1,55.4
07/06/2026,06:32:11,24.0,55.4
07/06/2026,06:37:11,24.0,55.2
07/06/2026,06:42:11,24.1,55.4
07/06/2026,06:47:11,24.0,55.4
07/06/2026,06:52:11,24.0,55.4
07/06/2026,06:57:11,24.1,55.2
07/06/2026,07:02:11,24.1,55.2
07/06/2026,07:07:11,24.1,55.2
07/06/2026,07:12:11,24.1,54.9
07/06/2026,07:17:11,24.1,54.8
07/06/2026,07:22:11,24.1,54.9
07/06/2026,07:27:11,24.2,54.8
07/06/2026,07:32:11,24.3,54.7
07/06/2026,07:37:11,24.3,54.6
07/06/2026,07:42:11,24.3,54.5
07/06/2026,07:47:11,24.3,54.4
07/06/2026,07:52:11,24.3,54.3
07/06/2026,07:57:11,24.4,54.3
07/06/2026,08:02:11,24.4,54.3
07/06/2026,08:07:11,24.4,54.2
07/06/2026,08:12:11,24.4,54.2
07/06/2026,08:17:11,24.5,54.1
07/06/2026,08:22:11,24.5,54.1
07/06/2026,08:27:11,24.5,54.1
07/06/2026,08:32:11,24.5,54.2
07/06/2026,08:37:11,24.5,54.2
07/06/2026,08:42:11,24.5,54.3
07/06/2026,08:47:11,24.6,54.3
07/06/2026,08:52:11,24.6,54.4
07/06/2026,08:57:11,24.6,54.5
07/06/2026,09:02:11,24.7,54.5
07/06/2026,09:07:11,24.7,54.5
07/06/2026,09:12:11,24.7,54.5
07/06/2026,09:17:11,24.7,54.5
07/06/2026,09:22:11,24.8,54.5
07/06/2026,09:27:11,24.8,54.5
07/06/2026,09:32:11,24.8,54.4
07/06/2026,09:37:11,24.9,54.2
07/06/2026,09:42:11,24.9,54.3
07/06/2026,09:47:11,25.0,54.2
07/06/2026,09:52:11,25.0,54.0
07/06/2026,09:57:11,25.0,53.9
07/06/2026,10:02:11,25.1,53.7
07/06/2026,10:07:11,25.1,53.6
07/06/2026,10:12:11,25.2,53.3
07/06/2026,10:17:11,25.2,53.2
07/06/2026,10:22:11,25.2,53.0
07/06/2026,10:27:11,25.2,52.8
07/06/2026,10:32:11,25.2,52.7
07/06/2026,10:37:11,25.3,52.5
07/06/2026,10:42:11,25.3,52.4
07/06/2026,10:47:11,25.4,52.2
07/06/2026,10:52:11,25.5,52.1
07/06/2026,10:57:11,25.5,52.0
07/06/2026,11:02:11,25.5,51.8
07/06/2026,11:07:11,25.6,51.8
07/06/2026,11:12:11,25.6,51.6
07/06/2026,11:17:11,25.6,51.5
07/06/2026,11:22:11,25.7,51.5
07/06/2026,11:27:11,25.7,51.4
07/06/2026,11:32:11,25.7,51.3
07/06/2026,11:37:11,25.7,51.4
07/06/2026,11:42:11,25.7,51.3
07/06/2026,11:47:11,25.7,51.2
07/06/2026,11:52:11,25.7,51.1
07/06/2026,11:57:11,25.7,51.1
07/06/2026,12:02:11,25.7,51.0
07/06/2026,12:07:11,25.8,51.0
07/06/2026,12:12:11,25.8,50.8
07/06/2026,12:17:11,25.8,50.8
07/06/2026,12:22:11,25.8,50.6
07/06/2026,12:27:11,25.8,50.5
07/06/2026,12:32:11,25.8,50.3
07/06/2026,12:37:11,25.8,50.0
07/06/2026,12:42:11,25.9,49.8
07/06/2026,12:47:11,25.9,49.6
07/06/2026,12:52:11,25.9,49.6
07/06/2026,12:57:11,25.9,49.5
07/06/2026,13:02:11,25.9,49.2
07/06/2026,13:07:11,26.0,49.2
07/06/2026,13:12:11,26.0,49.1
07/06/2026,13:17:11,26.0,48.8
07/06/2026,13:22:11,26.0,48.7
07/06/2026,13:27:11,26.1,48.4
07/06/2026,13:32:11,26.1,48.4
07/06/2026,13:37:11,26.1,48.4
07/06/2026,13:42:11,26.2,48.3
07/06/2026,13:47:11,26.3,48.1
07/06/2026,13:52:11,26.3,47.9
07/06/2026,13:57:11,26.3,47.9
07/06/2026,14:02:11,26.4,47.7
07/06/2026,14:07:11,26.4,47.8
07/06/2026,14:12:11,26.5,47.6
07/06/2026,14:17:11,26.5,47.5
07/06/2026,14:22:11,26.5,47.4
07/06/2026,14:27:11,26.6,47.4
07/06/2026,14:32:11,26.6,47.3
07/06/2026,14:37:11,26.7,46.4
07/06/2026,14:42:11,26.7,46.4
07/06/2026,14:47:11,26.8,45.9
07/06/2026,14:52:11,26.8,45.6
07/06/2026,14:57:11,26.9,45.4
07/06/2026,15:02:11,27.0,45.5
07/06/2026,15:07:11,27.1,45.3
07/06/2026,15:12:11,27.2,44.9
07/06/2026,15:17:11,27.3,44.6
07/06/2026,15:22:11,27.3,45.2
07/06/2026,15:27:11,27.3,45.3
07/06/2026,15:32:11,27.3,45.4
07/06/2026,15:37:11,27.4,45.3
07/06/2026,15:42:11,27.4,45.4
07/06/2026,15:47:11,27.5,45.4
07/06/2026,15:52:11,27.5,45.5
07/06/2026,15:57:11,27.5,45.4
07/06/2026,16:02:11,27.6,45.3
07/06/2026,16:07:11,27.7,45.3
07/06/2026,16:12:11,27.7,45.3
07/06/2026,16:17:11,27.8,45.2
07/06/2026,16:22:11,27.8,45.0
07/06/2026,16:27:11,27.8,44.6
07/06/2026,16:32:11,27.9,44.4
07/06/2026,16:37:11,27.9,44.3
07/06/2026,16:42:11,27.9,44.2
07/06/2026,16:47:11,28.0,44.0
07/06/2026,16:52:11,28.0,43.8
07/06/2026,16:57:11,28.1,43.6
07/06/2026,17:02:11,28.1,43.7
07/06/2026,17:07:11,28.1,43.4
07/06/2026,17:12:11,28.2,43.3
07/06/2026,17:17:11,28.2,43.3
07/06/2026,17:22:11,28.2,43.5
07/06/2026,17:27:11,28.3,43.5
07/06/2026,17:32:11,28.3,43.1
07/06/2026,17:37:11,28.3,42.7
07/06/2026,17:42:11,28.4,42.8
07/06/2026,17:47:11,28.4,42.3
07/06/2026,17:52:11,28.5,42.3
07/06/2026,17:57:11,28.5,42.1
07/06/2026,18:02:11,28.6,42.3
07/06/2026,18:07:11,28.6,42.1
07/06/2026,18:12:11,28.7,41.9
07/06/2026,18:17:11,28.8,41.7
07/06/2026,18:22:11,28.8,41.5
07/06/2026,18:27:11,28.8,41.1
07/06/2026,18:32:11,28.7,41.3
07/06/2026,18:37:11,28.7,41.1
07/06/2026,18:42:11,28.7,41.1
07/06/2026,18:47:11,28.7,41.2
07/06/2026,18:52:11,28.6,41.1
07/06/2026,18:57:11,28.6,41.1
07/06/2026,19:02:11,28.6,41.2
07/06/2026,19:07:11,28.6,41.2
07/06/2026,19:12:11,28.6,41.1
07/06/2026,19:17:11,28.5,40.8
07/06/2026,19:22:11,28.5,41.0
07/06/2026,19:27:11,28.5,41.0
07/06/2026,19:32:11,28.4,40.9
07/06/2026,19:37:11,28.4,41.1
07/06/2026,19:42:11,28.4,41.1
07/06/2026,19:47:11,28.3,41.2
07/06/2026,19:52:11,28.3,41.3
07/06/2026,19:57:11,28.2,41.3
07/06/2026,20:02:11,28.3,41.4
07/06/2026,20:07:11,28.2,41.5
07/06/2026,20:12:11,28.2,41.4
07/06/2026,20:17:11,28.1,41.6
07/06/2026,20:22:11,28.1,41.7
07/06/2026,20:27:11,28.1,41.9
07/06/2026,20:32:11,28.1,41.9
07/06/2026,20:37:11,28.0,42.0
07/06/2026,20:42:11,28.0,42.0
07/06/2026,20:47:11,28.0,42.1
07/06/2026,20:52:11,28.0,42.1
07/06/2026,20:57:11,27.9,42.0
07/06/2026,21:02:11,27.9,42.2
07/06/2026,21:07:11,27.9,42.0
07/06/2026,21:12:11,27.8,41.9
07/06/2026,21:17:11,27.8,41.7
07/06/2026,21:22:11,27.7,41.6
07/06/2026,21:27:11,27.7,41.4
07/06/2026,21:32:11,27.7,41.4
07/06/2026,21:37:11,27.6,41.2
07/06/2026,21:42:11,27.6,41.0
07/06/2026,21:47:11,27.5,41.0
07/06/2026,21:52:11,27.5,40.9
07/06/2026,21:57:11,27.4,40.9
07/06/2026,22:02:11,27.4,41.1
07/06/2026,22:07:11,27.4,41.2
07/06/2026,22:12:11,27.3,41.3
07/06/2026,22:17:11,27.3,41.4
07/06/2026,22:22:11,27.3,41.5
07/06/2026,22:27:11,27.3,41.5
07/06/2026,22:32:11,27.3,41.6
07/06/2026,22:37:11,27.3,41.7
07/06/2026,22:42:11,27.2,41.7
07/06/2026,22:47:11,27.2,41.7
07/06/2026,22:52:11,27.2,41.7
07/06/2026,22:57:11,27.2,41.8
07/06/2026,23:02:11,27.1,41.8
07/06/2026,23:07:11,27.2,41.8
07/06/2026,23:12:11,27.1,41.8
07/06/2026,23:17:11,27.1,41.9
07/06/2026,23:22:11,27.1,41.8
07/06/2026,23:27:11,27.1,41.8
07/06/2026,23:32:11,27.0,41.8
07/06/2026,23:37:11,27.0,41.7
07/06/2026,23:42:11,27.0,41.7
07/06/2026,23:47:11,27.0,41.6
07/06/2026,23:52:11,27.0,41.6
07/06/2026,23:57:11,26.9,41.7
07/07/2026,00:02:11,26.9,41.6
07/07/2026,00:07:11,26.9,41.5
07/07/2026,00:12:11,26.8,41.5
07/07/2026,00:17:11,26.8,41.5
07/07/2026,00:22:11,26.8,41.5
07/07/2026,00:27:11,26.8,41.5
07/07/2026,00:32:11,26.7,41.5
07/07/2026,00:37:11,26.7,41.4
07/07/2026,00:42:11,26.7,41.4
07/07/2026,00:47:11,26.7,41.2
07/07/2026,00:52:11,26.7,41.3
07/07/2026,00:57:11,26.7,41.4
07/07/2026,01:02:11,26.6,41.4
07/07/2026,01:07:11,26.6,41.3
07/07/2026,01:12:11,26.6,41.4
07/07/2026,01:17:11,26.6,41.3
07/07/2026,01:22:11,26.5,41.4
07/07/2026,01:27:11,26.5,41.4
07/07/2026,01:32:11,26.5,41.4
07/07/2026,01:37:11,26.5,41.3
07/07/2026,01:42:11,26.5,41.4
07/07/2026,01:47:11,26.4,41.3
07/07/2026,01:52:11,26.4,41.3
07/07/2026,01:57:11,26.4,41.3
07/07/2026,02:02:11,26.4,41.4
07/07/2026,02:07:11,26.4,41.3
07/07/2026,02:12:11,26.3,41.3
07/07/2026,02:17:11,26.3,41.3
07/07/2026,02:22:11,26.3,41.4
07/07/2026,02:27:11,26.3,41.4
07/07/2026,02:32:11,26.3,41.4
07/07/2026,02:37:11,26.2,41.4
07/07/2026,02:42:11,26.2,41.4
07/07/2026,02:47:11,26.2,41.3
07/07/2026,02:52:11,26.2,41.3
07/07/2026,02:57:11,26.1,41.4
07/07/2026,03:02:11,26.1,41.4
07/07/2026,03:07:11,26.1,41.4
07/07/2026,03:12:11,26.1,41.4
07/07/2026,03:17:11,26.1,41.4
07/07/2026,03:22:11,26.0,41.4
07/07/2026,03:27:11,26.0,41.4
07/07/2026,03:32:11,26.0,41.5
07/07/2026,03:37:11,26.0,41.4
07/07/2026,03:42:11,25.9,41.5
07/07/2026,03:47:11,25.9,41.5
07/07/2026,03:52:11,25.9,41.6
07/07/2026,03:57:11,25.9,41.6
07/07/2026,04:02:11,25.9,41.6
07/07/2026,04:07:11,25.8,41.6
07/07/2026,04:12:11,25.8,41.6
07/07/2026,04:17:11,25.8,41.6
07/07/2026,04:22:11,25.8,41.6
07/07/2026,04:27:11,25.7,41.7
07/07/2026,04:32:11,25.7,41.7
07/07/2026,04:37:11,25.7,41.7
07/07/2026,04:42:11,25.7,41.7
07/07/2026,04:47:11,25.6,41.7
07/07/2026,04:52:11,25.6,41.7
07/07/2026,04:57:11,25.6,41.7
07/07/2026,05:02:11,25.6,41.8
07/07/2026,05:07:11,25.5,41.8
07/07/2026,05:12:11,25.5,41.8
07/07/2026,05:17:11,25.5,41.8
07/07/2026,05:22:11,25.5,41.8
07/07/2026,05:27:11,25.4,41.8
07/07/2026,05:32:11,25.4,41.8
07/07/2026,05:37:11,25.4,41.8
07/07/2026,05:42:11,25.4,41.8
07/07/2026,05:47:11,25.4,41.9
07/07/2026,05:52:11,25.3,41.8
07/07/2026,05:57:11,25.3,41.9
07/07/2026,06:02:11,25.3,41.9
07/07/2026,06:07:11,25.3,41.9
07/07/2026,06:12:11,25.3,41.9
07/07/2026,06:17:11,25.2,42.0
07/07/2026,06:22:11,25.2,42.0
07/07/2026,06:27:11,25.2,42.0
07/07/2026,06:32:11,25.2,42.1
07/07/2026,06:37:11,25.2,42.1
07/07/2026,06:42:11,25.2,42.1
07/07/2026,06:47:11,25.2,42.2
07/07/2026,06:52:11,25.2,42.2
07/07/2026,06:57:11,25.1,42.2
07/07/2026,07:02:11,25.1,42.3
07/07/2026,07:07:11,25.2,42.4
07/07/2026,07:12:11,25.1,42.5
07/07/2026,07:17:11,25.1,42.5
07/07/2026,07:22:11,25.1,42.5
07/07/2026,07:27:11,25.1,42.6
07/07/2026,07:32:11,25.1,42.7
07/07/2026,07:37:11,25.1,42.7
07/07/2026,07:42:11,25.1,42.7
07/07/2026,07:47:11,25.2,42.9
07/07/2026,07:52:11,25.2,43.0
07/07/2026,07:57:11,25.2,42.9
07/07/2026,08:02:11,25.2,43.0
07/07/2026,08:07:11,25.2,43.0
07/07/2026,08:12:11,25.2,43.1
07/07/2026,08:17:11,25.2,43.2
07/07/2026,08:22:11,25.2,43.1
07/07/2026,08:27:11,25.2,43.2
07/07/2026,08:32:11,25.2,43.3
07/07/2026,08:37:11,25.2,43.3
07/07/2026,08:42:11,25.3,43.3
07/07/2026,08:47:11,25.3,43.4
07/07/2026,08:52:11,25.3,43.4
07/07/2026,08:57:11,25.3,43.4
07/07/2026,09:02:11,25.3,43.5
07/07/2026,09:07:11,25.3,43.5
07/07/2026,09:12:11,25.4,43.6
07/07/2026,09:17:11,25.4,43.6
07/07/2026,09:22:11,25.4,43.7
07/07/2026,09:27:11,25.4,43.8
07/07/2026,09:32:11,25.4,43.8
07/07/2026,09:37:11,25.5,43.9
07/07/2026,09:42:11,25.5,43.9
07/07/2026,09:47:11,25.5,43.9
07/07/2026,09:52:11,25.5,44.0
07/07/2026,09:57:11,25.5,44.1
07/07/2026,10:02:11,25.5,44.0
07/07/2026,10:07:11,25.6,44.1
07/07/2026,10:12:11,25.6,44.2
07/07/2026,10:17:11,25.6,44.2
07/07/2026,10:22:11,25.6,44.3
07/07/2026,10:27:11,25.6,44.4
07/07/2026,10:32:11,25.6,44.4
07/07/2026,10:37:11,25.7,44.5
07/07/2026,10:42:11,25.7,44.5
07/07/2026,10:47:11,25.7,44.5
07/07/2026,10:52:11,25.8,44.5
07/07/2026,10:57:11,25.8,44.6
07/07/2026,11:02:11,25.8,44.6
07/07/2026,11:07:11,25.8,44.6
07/07/2026,11:12:11,25.8,44.6
07/07/2026,11:17:11,25.8,44.8
07/07/2026,11:22:11,25.9,44.8
07/07/2026,11:27:11,25.9,44.8
07/07/2026,11:32:11,25.9,45.0
07/07/2026,11:37:11,25.9,45.0
07/07/2026,11:42:11,26.0,45.0
07/07/2026,11:47:11,26.0,45.1
07/07/2026,11:52:11,26.0,45.1
07/07/2026,11:57:11,26.1,45.0
07/07/2026,12:02:11,26.1,45.0
07/07/2026,12:07:11,26.2,45.0
07/07/2026,12:12:11,26.3,44.8
07/07/2026,12:17:11,26.3,44.8
07/07/2026,12:22:11,26.4,44.8
07/07/2026,12:27:11,26.4,44.7
07/07/2026,12:32:11,26.4,44.8
07/07/2026,12:37:11,26.4,44.8
07/07/2026,12:42:11,26.4,44.8
07/07/2026,12:47:11,26.5,44.7
07/07/2026,12:52:11,26.6,44.7
07/07/2026,12:57:11,26.7,44.6
07/07/2026,13:02:11,26.7,44.4
07/07/2026,13:07:11,26.7,44.5
07/07/2026,13:12:11,26.7,44.4
07/07/2026,13:17:11,26.8,44.2
07/07/2026,13:22:11,26.8,44.1
07/07/2026,13:27:11,26.8,43.9
07/07/2026,13:32:11,26.9,43.9
07/07/2026,13:37:11,26.9,43.8
07/07/2026,13:42:11,27.0,43.7
07/07/2026,13:47:11,27.0,43.6
07/07/2026,13:52:11,27.1,43.5
07/07/2026,13:57:11,27.1,43.3
07/07/2026,14:02:11,27.2,43.2
07/07/2026,14:07:11,27.2,43.0
07/07/2026,14:12:11,27.3,42.8
07/07/2026,14:17:11,27.4,42.6
07/07/2026,14:22:11,27.4,42.3
07/07/2026,14:27:11,27.4,42.3
07/07/2026,14:32:11,27.5,42.0
07/07/2026,14:37:11,27.6,42.0
07/07/2026,14:42:11,27.6,42.0
07/07/2026,14:47:11,27.7,42.0
07/07/2026,14:52:11,27.7,42.1
07/07/2026,14:57:11,27.8,42.3
07/07/2026,15:02:11,27.8,42.3
07/07/2026,15:07:11,27.8,42.5
07/07/2026,15:12:11,27.9,42.6
07/07/2026,15:17:11,28.0,42.8
07/07/2026,15:22:11,28.0,42.8
07/07/2026,15:27:11,28.1,43.0
07/07/2026,15:32:11,28.2,43.0
07/07/2026,15:37:11,28.2,43.3
07/07/2026,15:42:11,28.3,43.3
07/07/2026,15:47:11,28.4,43.5
07/07/2026,15:52:11,28.4,43.6
07/07/2026,15:57:11,28.5,43.8
07/07/2026,16:02:11,28.6,43.8
07/07/2026,16:07:11,28.6,43.9
07/07/2026,16:12:11,28.6,44.0
07/07/2026,16:17:11,28.7,44.3
07/07/2026,16:22:11,28.7,44.3
07/07/2026,16:27:11,28.8,44.3
07/07/2026,16:32:11,28.9,44.4
07/07/2026,16:37:11,28.9,44.7
07/07/2026,16:42:11,28.9,44.7
07/07/2026,16:47:11,29.0,45.0
07/07/2026,16:52:11,29.0,44.9
07/07/2026,16:57:11,29.0,44.9
07/07/2026,17:02:11,29.0,45.1
07/07/2026,17:07:11,29.1,45.0
07/07/2026,17:12:11,29.1,45.1
07/07/2026,17:17:11,29.1,45.0
07/07/2026,17:22:11,29.2,45.1
07/07/2026,17:27:11,29.2,45.1
07/07/2026,17:32:11,29.2,45.0
07/07/2026,17:37:11,29.2,45.1
07/07/2026,17:42:11,29.3,45.1
07/07/2026,17:47:11,29.3,45.0
07/07/2026,17:52:11,29.4,44.9
07/07/2026,17:57:11,29.5,44.8
07/07/2026,18:02:11,29.6,44.8
07/07/2026,18:07:11,29.6,44.8
07/07/2026,18:12:11,29.7,44.8
07/07/2026,18:17:11,29.7,44.8
07/07/2026,18:22:11,29.7,44.8
07/07/2026,18:27:11,29.8,44.7
07/07/2026,18:32:11,30.0,44.5
07/07/2026,18:37:11,29.9,44.5
07/07/2026,18:42:11,30.0,44.6
07/07/2026,18:47:11,30.1,44.4
07/07/2026,18:52:11,30.1,44.3
07/07/2026,18:57:11,30.2,44.4
07/07/2026,19:02:11,30.2,44.4
07/07/2026,19:07:11,30.2,44.4
07/07/2026,19:12:11,30.1,44.5
07/07/2026,19:17:11,29.9,44.8
07/07/2026,19:22:11,29.8,44.9
07/07/2026,19:27:11,29.7,45.1
07/07/2026,19:32:11,29.6,45.2
07/07/2026,19:37:11,29.6,45.7
07/07/2026,19:42:11,29.5,45.7
07/07/2026,19:47:11,29.4,46.0
07/07/2026,19:52:11,29.4,46.0
07/07/2026,19:57:11,29.3,46.0
07/07/2026,20:02:11,29.3,46.0
07/07/2026,20:07:11,29.2,46.1
07/07/2026,20:12:11,29.2,46.0
07/07/2026,20:17:11,29.1,46.0
07/07/2026,20:22:11,29.1,45.8
07/07/2026,20:27:11,29.0,45.8
07/07/2026,20:32:11,29.0,45.9
07/07/2026,20:37:11,29.0,45.8
07/07/2026,20:42:11,28.9,45.8
07/07/2026,20:47:11,28.8,45.8
07/07/2026,20:52:11,28.9,45.9
07/07/2026,20:57:11,28.8,45.9
07/07/2026,21:02:11,28.8,45.9
07/07/2026,21:07:11,28.7,46.0
07/07/2026,21:12:11,28.7,46.0
07/07/2026,21:17:11,28.7,46.0
07/07/2026,21:22:11,28.6,46.1
07/07/2026,21:27:11,28.6,46.1
07/07/2026,21:32:11,28.6,46.1
07/07/2026,21:37:11,28.5,46.1
07/07/2026,21:42:11,28.5,46.2
07/07/2026,21:47:11,28.5,46.1
07/07/2026,21:52:11,28.5,46.2
07/07/2026,21:57:11,28.5,46.2
07/07/2026,22:02:11,28.4,46.2
07/07/2026,22:07:11,28.4,46.2
07/07/2026,22:12:11,28.4,46.2
07/07/2026,22:17:11,28.4,46.3
07/07/2026,22:22:11,28.4,46.3
07/07/2026,22:27:11,28.3,46.3
07/07/2026,22:32:11,28.3,46.3
07/07/2026,22:37:11,28.3,46.3
07/07/2026,22:42:11,28.3,46.4
07/07/2026,22:47:11,28.2,46.4
07/07/2026,22:52:11,28.2,46.4
07/07/2026,22:57:11,28.2,46.4
07/07/2026,23:02:11,28.2,46.5
07/07/2026,23:07:11,28.2,46.5
07/07/2026,23:12:11,28.1,46.5
07/07/2026,23:17:11,28.1,46.5
07/07/2026,23:22:11,28.1,46.6
07/07/2026,23:27:11,28.1,46.6
07/07/2026,23:32:11,28.1,46.6
07/07/2026,23:37:11,28.0,46.6
07/07/2026,23:42:11,28.0,46.7
07/07/2026,23:47:11,28.0,46.7
07/07/2026,23:52:11,28.0,46.7
07/07/2026,23:57:11,28.0,46.8
07/08/2026,00:02:11,28.0,46.8
07/08/2026,00:07:11,27.9,46.8
07/08/2026,00:12:11,27.9,46.9
07/08/2026,00:17:11,27.9,46.9
07/08/2026,00:22:11,27.9,46.9
07/08/2026,00:27:11,27.9,47.0
07/08/2026,00:32:11,27.8,47.0
07/08/2026,00:37:11,27.8,47.0
07/08/2026,00:42:11,27.8,47.1
07/08/2026,00:47:11,27.8,47.1
07/08/2026,00:52:11,27.7,47.1
07/08/2026,00:57:11,27.8,47.2
07/08/2026,01:02:11,27.7,47.2
07/08/2026,01:07:11,27.7,47.2
07/08/2026,01:12:11,27.7,47.3
07/08/2026,01:17:11,27.7,47.3
07/08/2026,01:22:11,27.6,47.3
07/08/2026,01:27:11,27.6,47.4
07/08/2026,01:32:11,27.6,47.4
07/08/2026,01:37:11,27.6,47.5
07/08/2026,01:42:11,27.6,47.5
07/08/2026,01:47:11,27.5,47.5
07/08/2026,01:52:11,27.5,47.6
07/08/2026,01:57:11,27.5,47.6
07/08/2026,02:02:11,27.5,47.6
07/08/2026,02:07:11,27.4,47.6
07/08/2026,02:12:11,27.4,47.7
07/08/2026,02:17:11,27.4,47.7
07/08/2026,02:22:11,27.4,47.7
07/08/2026,02:27:11,27.4,47.8
07/08/2026,02:32:11,27.3,47.8
07/08/2026,02:37:11,27.3,47.8
07/08/2026,02:42:11,27.3,47.8
07/08/2026,02:47:11,27.3,47.8
07/08/2026,02:52:11,27.3,47.8
07/08/2026,02:57:11,27.2,47.8
07/08/2026,03:02:11,27.2,47.9
07/08/2026,03:07:11,27.2,47.9
07/08/2026,03:12:11,27.2,47.9
07/08/2026,03:17:11,27.2,47.9
07/08/2026,03:22:11,27.1,47.9
07/08/2026,03:27:11,27.1,47.9
07/08/2026,03:32:11,27.1,47.9
07/08/2026,03:37:11,27.1,47.9
07/08/2026,03:42:11,27.0,47.9
07/08/2026,03:47:11,27.0,48.0
07/08/2026,03:52:11,27.0,47.9
07/08/2026,03:57:11,27.0,47.9
07/08/2026,04:02:11,27.0,48.0
07/08/2026,04:07:11,26.9,48.0
07/08/2026,04:12:11,26.9,48.0
07/08/2026,04:17:11,26.9,48.0
07/08/2026,04:22:11,26.9,48.0
07/08/2026,04:27:11,26.9,48.0
07/08/2026,04:32:11,26.8,48.0
07/08/2026,04:37:11,26.8,48.0
07/08/2026,04:42:11,26.8,48.0
07/08/2026,04:47:11,26.8,48.0
07/08/2026,04:52:11,26.7,48.1
07/08/2026,04:57:11,26.7,48.0
07/08/2026,05:02:11,26.7,48.0
07/08/2026,05:07:11,26.7,48.0
07/08/2026,05:12:11,26.7,48.0
07/08/2026,05:17:11,26.7,48.1
07/08/2026,05:22:11,26.6,48.0
07/08/2026,05:27:11,26.6,48.1
07/08/2026,05:32:11,26.6,48.1
07/08/2026,05:37:11,26.6,48.1
07/08/2026,05:42:11,26.5,48.0
07/08/2026,05:47:11,26.5,48.1
07/08/2026,05:52:11,26.5,48.1
07/08/2026,05:57:11,26.5,48.0
07/08/2026,06:02:11,26.5,48.1
07/08/2026,06:07:11,26.5,48.1
07/08/2026,06:12:11,26.5,48.1
07/08/2026,06:17:11,26.5,48.2
07/08/2026,06:22:11,26.4,48.1
07/08/2026,06:27:11,26.4,48.1
07/08/2026,06:32:11,26.4,48.0
07/08/2026,06:37:11,26.4,48.0
07/08/2026,06:42:11,26.4,48.0
07/08/2026,06:47:11,26.4,48.1
07/08/2026,06:52:11,26.4,48.0
07/08/2026,06:57:11,26.4,48.0
07/08/2026,07:02:11,26.4,48.0
07/08/2026,07:07:11,26.4,48.0
07/08/2026,07:12:11,26.4,48.1
07/08/2026,07:17:11,26.4,48.1
07/08/2026,07:22:11,26.4,48.0
07/08/2026,07:27:11,26.4,48.0
07/08/2026,07:32:11,26.4,48.0
07/08/2026,07:37:11,26.5,48.1
07/08/2026,07:42:11,26.5,48.0
07/08/2026,07:47:11,26.5,48.1
07/08/2026,07:52:11,26.5,48.0
07/08/2026,07:57:11,26.5,48.1
07/08/2026,08:02:11,26.5,48.1
07/08/2026,08:07:11,26.5,48.1
07/08/2026,08:12:11,26.5,48.1
07/08/2026,08:17:11,26.5,48.1
07/08/2026,08:22:11,26.5,48.2
07/08/2026,08:27:11,26.5,48.2
07/08/2026,08:32:11,26.6,48.2
07/08/2026,08:37:11,26.6,48.2
07/08/2026,08:42:11,26.6,48.2
07/08/2026,08:47:11,26.6,48.3
07/08/2026,08:52:11,26.6,48.2
07/08/2026,08:57:11,26.6,48.2
07/08/2026,09:02:11,26.6,48.3
07/08/2026,09:07:11,26.7,48.2
07/08/2026,09:12:11,26.7,48.3
07/08/2026,09:17:11,26.7,48.2
07/08/2026,09:22:11,26.7,48.2
07/08/2026,09:27:11,26.7,48.3
07/08/2026,09:32:11,26.7,48.3
07/08/2026,09:37:11,26.8,48.3
07/08/2026,09:42:11,26.8,48.3
07/08/2026,09:47:11,26.8,48.4
07/08/2026,09:52:11,26.8,48.4
07/08/2026,09:57:11,26.8,48.5
07/08/2026,10:02:11,26.9,48.6
07/08/2026,10:07:11,26.9,48.6
07/08/2026,10:12:11,26.9,48.8
07/08/2026,10:17:11,26.9,48.8
07/08/2026,10:22:11,26.9,48.8
07/08/2026,10:27:11,27.0,49.0
07/08/2026,10:32:11,27.0,48.9
07/08/2026,10:37:11,27.0,49.0
07/08/2026,10:42:11,27.0,49.1
07/08/2026,10:47:11,27.0,49.2
07/08/2026,10:52:11,27.1,49.3
07/08/2026,10:57:11,27.1,49.3
07/08/2026,11:02:11,27.1,49.5
07/08/2026,11:07:11,27.2,49.7
07/08/2026,11:12:11,27.2,49.7
07/08/2026,11:17:11,27.2,49.9
07/08/2026,11:22:11,27.2,50.1
07/08/2026,11:27:11,27.3,50.5
07/08/2026,11:32:11,27.3,50.5
07/08/2026,11:37:11,27.4,50.6
07/08/2026,11:42:11,27.4,50.5
07/08/2026,11:47:11,27.4,50.7
07/08/2026,11:52:11,27.5,50.9
07/08/2026,11:57:11,27.6,51.3
07/08/2026,12:02:11,27.6,51.3
07/08/2026,12:07:11,27.7,51.4
07/08/2026,12:12:11,27.8,51.5
07/08/2026,12:17:11,27.8,51.3
07/08/2026,12:22:11,27.8,51.3
07/08/2026,12:27:11,27.8,51.4
07/08/2026,12:32:11,27.8,51.3
07/08/2026,12:37:11,27.9,51.2
07/08/2026,12:42:11,27.9,51.0
07/08/2026,12:47:11,27.9,51.0
07/08/2026,12:52:11,27.9,51.0
07/08/2026,12:57:11,27.9,51.0
07/08/2026,13:02:11,27.9,51.0
07/08/2026,13:07:11,28.0,50.9
07/08/2026,13:12:11,28.0,51.0
07/08/2026,13:17:11,28.0,50.9
07/08/2026,13:22:11,28.0,50.9
07/08/2026,13:27:11,28.1,50.9
07/08/2026,13:32:11,28.1,51.0
07/08/2026,13:37:11,28.1,51.0
07/08/2026,13:42:11,28.1,51.0
07/08/2026,13:47:11,28.2,51.0
07/08/2026,13:52:11,28.2,51.1
07/08/2026,13:57:11,28.3,51.0
07/08/2026,14:02:11,28.3,50.9
07/08/2026,14:07:11,28.3,51.0
07/08/2026,14:12:11,28.4,50.8
07/08/2026,14:17:11,28.4,50.8
07/08/2026,14:22:11,28.4,50.8
07/08/2026,14:27:11,28.4,50.7
07/08/2026,14:32:11,28.5,50.7
07/08/2026,14:37:11,28.5,50.7
07/08/2026,14:42:11,28.5,50.6
07/08/2026,14:47:11,28.6,50.6
07/08/2026,14:52:11,28.6,50.6
07/08/2026,14:57:11,28.6,50.6
07/08/2026,15:02:11,28.7,50.6
07/08/2026,15:07:11,28.7,50.4
07/08/2026,15:12:11,28.8,50.5
07/08/2026,15:17:11,28.8,50.4
07/08/2026,15:22:11,28.8,50.2
07/08/2026,15:27:11,28.8,50.2
07/08/2026,15:32:11,28.8,50.2
07/08/2026,15:37:11,28.9,50.1
07/08/2026,15:42:11,28.8,50.1
07/08/2026,15:47:11,28.9,50.1
07/08/2026,15:52:11,28.9,50.2
07/08/2026,15:57:11,28.9,50.3
07/08/2026,16:02:11,28.9,50.1
07/08/2026,16:07:11,28.9,50.1
07/08/2026,16:12:11,29.0,50.0
07/08/2026,16:17:11,29.0,49.9
07/08/2026,16:22:11,29.0,49.9
07/08/2026,16:27:11,29.0,49.8
07/08/2026,16:32:11,29.0,50.0
07/08/2026,16:37:11,29.0,50.0
07/08/2026,16:42:11,29.0,50.1
07/08/2026,16:47:11,29.0,50.1
07/08/2026,16:52:11,29.1,49.8
07/08/2026,16:57:11,29.1,49.8
07/08/2026,17:02:11,29.1,49.7
07/08/2026,17:07:11,29.2,49.6
07/08/2026,17:12:11,29.2,49.6
07/08/2026,17:17:11,29.2,49.4
07/08/2026,17:22:11,29.3,49.4
07/08/2026,17:27:11,29.3,49.5
07/08/2026,17:32:11,29.3,49.2
07/08/2026,17:37:11,29.3,49.2
07/08/2026,17:42:11,29.4,49.2
07/08/2026,17:47:11,29.5,49.2
07/08/2026,17:52:11,29.6,49.3
07/08/2026,17:57:11,29.7,49.0
07/08/2026,18:02:11,29.8,48.7
07/08/2026,18:07:11,29.9,48.5
07/08/2026,18:12:11,30.1,48.3
07/08/2026,18:17:11,30.1,48.1
07/08/2026,18:22:11,30.2,48.0
07/08/2026,18:27:11,30.3,47.9
07/08/2026,18:32:11,30.4,47.7
07/08/2026,18:37:11,30.4,47.6
07/08/2026,18:42:11,30.4,47.6
07/08/2026,18:47:11,30.3,47.7
07/08/2026,18:52:11,30.3,47.7
07/08/2026,18:57:11,30.4,47.4
07/08/2026,19:02:11,30.4,47.3
07/08/2026,19:07:11,30.3,47.6
07/08/2026,19:12:11,30.2,47.9
07/08/2026,19:17:11,30.1,48.0
07/08/2026,19:22:11,30.1,48.2
07/08/2026,19:27:11,30.0,48.3
07/08/2026,19:32:11,30.0,48.4
07/08/2026,19:37:11,30.0,48.4
07/08/2026,19:42:11,29.9,48.5
07/08/2026,19:47:11,29.9,48.6
07/08/2026,19:52:11,29.9,48.6
07/08/2026,19:57:11,29.8,48.4
07/08/2026,20:02:11,29.8,48.5
07/08/2026,20:07:11,29.8,48.6
07/08/2026,20:12:11,29.8,48.5
07/08/2026,20:17:11,29.8,48.4
07/08/2026,20:22:11,29.8,48.3
07/08/2026,20:27:11,29.8,48.5
07/08/2026,20:32:11,29.7,48.4
07/08/2026,20:37:11,29.7,48.5
07/08/2026,20:42:11,29.7,48.5
07/08/2026,20:47:11,29.7,48.5
07/08/2026,20:52:11,29.6,48.5
07/08/2026,20:57:11,29.6,48.5
07/08/2026,21:02:11,29.5,48.6
07/08/2026,21:07:11,29.5,48.6
07/08/2026,21:12:11,29.5,48.6
07/08/2026,21:17:11,29.5,48.6
07/08/2026,21:22:11,29.4,48.6
07/08/2026,21:27:11,29.4,48.7
07/08/2026,21:32:11,29.4,48.8
07/08/2026,21:37:11,29.3,48.8
07/08/2026,21:42:11,29.3,48.8
07/08/2026,21:47:11,29.3,48.9
07/08/2026,21:52:11,29.2,49.0
07/08/2026,21:57:11,29.2,49.0
07/08/2026,22:02:11,29.2,49.0
07/08/2026,22:07:11,29.2,49.1
07/08/2026,22:12:11,29.2,49.1
07/08/2026,22:17:11,29.1,49.2
07/08/2026,22:22:11,29.1,49.2
07/08/2026,22:27:11,29.1,49.2
07/08/2026,22:32:11,29.0,49.2
07/08/2026,22:37:11,29.0,49.2
07/08/2026,22:42:11,29.0,49.3
07/08/2026,22:47:11,29.0,49.2
07/08/2026,22:52:11,29.0,49.3
07/08/2026,22:57:11,28.9,49.3
07/08/2026,23:02:11,28.9,49.4
07/08/2026,23:07:11,28.9,49.4
07/08/2026,23:12:11,28.9,49.3
07/08/2026,23:17:11,28.9,49.4
07/08/2026,23:22:11,28.8,49.4
07/08/2026,23:27:11,28.8,49.4
07/08/2026,23:32:11,28.8,49.4
07/08/2026,23:37:11,28.8,49.4
07/08/2026,23:42:11,28.7,49.4
07/08/2026,23:47:11,28.7,49.4
07/08/2026,23:52:11,28.7,49.4
07/08/2026,23:57:11,28.6,49.4
07/09/2026,00:02:11,28.6,49.4
07/09/2026,00:07:11,28.6,49.4
07/09/2026,00:12:11,28.6,49.4
07/09/2026,00:17:11,28.5,49.4
07/09/2026,00:22:11,28.5,49.4
07/09/2026,00:27:11,28.5,49.4
07/09/2026,00:32:11,28.5,49.5
07/09/2026,00:37:11,28.5,49.5
07/09/2026,00:42:11,28.4,49.5
07/09/2026,00:47:11,28.4,49.5
07/09/2026,00:52:11,28.4,49.5
07/09/2026,00:57:11,28.4,49.6
07/09/2026,01:02:11,28.4,49.6
07/09/2026,01:07:11,28.4,49.7
07/09/2026,01:12:11,28.3,49.6
07/09/2026,01:17:11,28.3,49.7
07/09/2026,01:22:11,28.3,49.7
07/09/2026,01:27:11,28.3,49.8
07/09/2026,01:32:11,28.2,49.8
07/09/2026,01:37:11,28.2,49.8
07/09/2026,01:42:11,28.2,49.9
07/09/2026,01:47:11,28.2,49.9
07/09/2026,01:52:11,28.2,49.9
07/09/2026,01:57:11,28.1,49.9
07/09/2026,02:02:11,28.1,50.0
07/09/2026,02:07:11,28.1,50.0
07/09/2026,02:12:11,28.1,50.0
07/09/2026,02:17:11,28.1,50.0
07/09/2026,02:22:11,28.0,50.1
07/09/2026,02:27:11,28.0,50.1
07/09/2026,02:32:11,28.0,50.0
07/09/2026,02:37:11,28.0,50.1
07/09/2026,02:42:11,28.0,50.1
07/09/2026,02:47:11,28.0,50.1
07/09/2026,02:52:11,28.0,50.2
07/09/2026,02:57:11,27.9,50.2
07/09/2026,03:02:11,27.9,50.2
07/09/2026,03:07:11,27.9,50.2
07/09/2026,03:12:11,27.9,50.2
07/09/2026,03:17:11,27.9,50.3
07/09/2026,03:22:11,27.8,50.3
07/09/2026,03:27:11,27.8,50.3
07/09/2026,03:32:11,27.8,50.2
07/09/2026,03:37:11,27.8,50.3
07/09/2026,03:42:11,27.7,50.2
07/09/2026,03:47:11,27.7,50.3
07/09/2026,03:52:11,27.7,50.3
07/09/2026,03:57:11,27.7,50.3
07/09/2026,04:02:11,27.7,50.3
07/09/2026,04:07:11,27.7,50.4
07/09/2026,04:12:11,27.7,50.3
07/09/2026,04:17:11,27.6,50.4
07/09/2026,04:22:11,27.6,50.4
07/09/2026,04:27:11,27.6,50.4
07/09/2026,04:32:11,27.6,50.4
07/09/2026,04:37:11,27.6,50.4
07/09/2026,04:42:11,27.5,50.4
07/09/2026,04:47:11,27.5,50.5
07/09/2026,04:52:11,27.5,50.4
07/09/2026,04:57:11,27.5,50.4
07/09/2026,05:02:11,27.4,50.4
07/09/2026,05:07:11,27.4,50.4
07/09/2026,05:12:11,27.4,50.4
07/09/2026,05:17:11,27.4,50.5
07/09/2026,05:22:11,27.4,50.5
07/09/2026,05:27:11,27.4,50.5
07/09/2026,05:32:11,27.3,50.5
07/09/2026,05:37:11,27.3,50.5
07/09/2026,05:42:11,27.3,50.6
07/09/2026,05:47:11,27.3,50.5
07/09/2026,05:52:11,27.3,50.6
07/09/2026,05:57:11,27.3,50.6
07/09/2026,06:02:11,27.2,50.6
07/09/2026,06:07:11,27.2,50.6
07/09/2026,06:12:11,27.2,50.6
07/09/2026,06:17:11,27.2,50.6
07/09/2026,06:22:11,27.2,50.5
07/09/2026,06:27:11,27.2,50.6
07/09/2026,06:32:11,27.2,50.6
07/09/2026,06:37:11,27.2,50.6
07/09/2026,06:42:11,27.1,50.6
07/09/2026,06:47:11,27.2,50.6
07/09/2026,06:52:11,27.1,50.6
07/09/2026,06:57:11,27.2,50.7
07/09/2026,07:02:11,27.2,50.7
07/09/2026,07:07:11,27.2,50.6
07/09/2026,07:12:11,27.2,50.6
07/09/2026,07:17:11,27.2,50.6
07/09/2026,07:22:11,27.2,50.7
07/09/2026,07:27:11,27.2,50.6
07/09/2026,07:32:11,27.2,50.6
07/09/2026,07:37:11,27.2,50.6
07/09/2026,07:42:11,27.2,50.6
07/09/2026,07:47:11,27.2,50.6
07/09/2026,07:52:11,27.2,50.6
07/09/2026,07:57:11,27.2,50.6
07/09/2026,08:02:11,27.2,50.7
07/09/2026,08:07:11,27.2,50.7
07/09/2026,08:12:11,27.2,50.6
07/09/2026,08:17:11,27.3,50.6
07/09/2026,08:22:11,27.3,50.6
07/09/2026,08:27:11,27.3,50.7
07/09/2026,08:32:11,27.3,50.7
07/09/2026,08:37:11,27.3,50.6
07/09/2026,08:42:11,27.3,50.6
07/09/2026,08:47:11,27.4,50.7
07/09/2026,08:52:11,27.4,50.8
07/09/2026,08:57:11,27.4,50.8
07/09/2026,09:02:11,27.4,50.7
07/09/2026,09:07:11,27.4,50.8
07/09/2026,09:12:11,27.4,50.9
07/09/2026,09:17:11,27.4,51.0
07/09/2026,09:22:11,27.4,51.1
07/09/2026,09:27:11,27.4,51.3
07/09/2026,09:32:11,27.5,51.2
07/09/2026,09:37:11,27.5,51.6
07/09/2026,09:42:11,27.5,51.7
07/09/2026,09:47:11,27.5,51.6
07/09/2026,09:52:11,27.6,51.8
07/09/2026,09:57:11,27.6,51.8
07/09/2026,10:02:11,27.6,51.8
07/09/2026,10:07:11,27.7,52.0
07/09/2026,10:12:11,27.7,52.1
07/09/2026,10:17:11,27.7,51.9
07/09/2026,10:22:11,27.8,51.7
07/09/2026,10:27:11,27.8,51.6
07/09/2026,10:32:11,27.8,51.5
07/09/2026,10:37:11,27.9,51.4
07/09/2026,10:42:11,27.9,51.1
07/09/2026,10:47:11,27.9,51.1
07/09/2026,10:52:11,27.9,51.1
07/09/2026,10:57:11,28.0,50.9
07/09/2026,11:02:11,28.0,50.6
07/09/2026,11:07:11,28.1,50.5
07/09/2026,11:12:11,28.1,50.3
07/09/2026,11:17:11,28.1,50.0
07/09/2026,11:22:11,28.1,49.8
07/09/2026,11:27:11,28.2,49.7
07/09/2026,11:32:11,28.2,49.3
07/09/2026,11:37:11,28.2,49.0
07/09/2026,11:42:11,28.3,48.8
07/09/2026,11:47:11,28.3,48.4
07/09/2026,11:52:11,28.4,48.1
07/09/2026,11:57:11,28.4,47.8
07/09/2026,12:02:11,28.4,47.3
07/09/2026,12:07:11,28.5,46.9
07/09/2026,12:12:11,28.5,46.7
07/09/2026,12:17:11,28.5,46.6
07/09/2026,12:22:11,28.6,46.4
07/09/2026,12:27:11,28.6,46.2
07/09/2026,12:32:11,28.7,45.8
07/09/2026,12:37:11,28.7,45.9
07/09/2026,12:42:11,28.7,45.7
07/09/2026,12:47:11,28.8,45.2
07/09/2026,12:52:11,28.8,45.0
07/09/2026,12:57:11,28.8,44.6
07/09/2026,13:02:11,28.8,44.7
07/09/2026,13:07:11,28.9,44.5
07/09/2026,13:12:11,28.9,44.4
07/09/2026,13:17:11,28.9,44.2
07/09/2026,13:22:11,29.0,44.0
07/09/2026,13:27:11,29.0,43.9
07/09/2026,13:32:11,29.0,43.1
07/09/2026,13:37:11,29.0,42.6
07/09/2026,13:42:11,29.1,43.1
07/09/2026,13:47:11,29.1,42.5
07/09/2026,13:52:11,29.1,42.4
07/09/2026,13:57:11,29.2,42.2
07/09/2026,14:02:11,29.2,41.7
07/09/2026,14:07:11,29.3,41.7
07/09/2026,14:12:11,29.3,41.2
07/09/2026,14:17:11,29.4,41.1
07/09/2026,14:22:11,29.4,41.2
07/09/2026,14:27:11,29.5,40.9
07/09/2026,14:32:11,29.5,41.4
07/09/2026,14:37:11,29.6,40.7
07/09/2026,14:42:11,29.6,40.5
07/09/2026,14:47:11,29.7,40.6
07/09/2026,14:52:11,29.7,40.4
07/09/2026,14:57:11,29.8,40.6
07/09/2026,15:02:11,29.8,40.8
07/09/2026,15:07:11,29.9,40.2
07/09/2026,15:12:11,29.9,40.3
07/09/2026,15:17:11,30.0,39.8
07/09/2026,15:22:11,30.0,39.5
07/09/2026,15:27:11,30.0,39.3
07/09/2026,15:32:11,30.1,38.8
07/09/2026,15:37:11,30.1,38.7
07/09/2026,15:42:11,30.1,38.7
07/09/2026,15:47:11,30.2,39.0
07/09/2026,15:52:11,30.2,39.0
07/09/2026,15:57:11,30.3,39.4
07/09/2026,16:02:11,30.3,39.2
07/09/2026,16:07:11,30.4,38.8
07/09/2026,16:12:11,30.4,39.0
07/09/2026,16:17:11,30.5,38.8
07/09/2026,16:22:11,30.5,39.0
07/09/2026,16:27:11,30.6,38.5
07/09/2026,16:32:11,30.7,38.3
07/09/2026,16:37:11,30.7,37.9
07/09/2026,16:42:11,30.7,38.7
07/09/2026,16:47:11,30.8,38.3
07/09/2026,16:52:11,30.8,37.9
07/09/2026,16:57:11,30.8,37.5
07/09/2026,17:02:11,30.9,37.5
07/09/2026,17:07:11,30.9,37.3
07/09/2026,17:12:11,30.9,37.5
07/09/2026,17:17:11,31.0,37.1
07/09/2026,17:22:11,31.0,37.3
07/09/2026,17:27:11,31.0,37.1
07/09/2026,17:32:11,31.0,37.3
07/09/2026,17:37:11,31.1,37.9
07/09/2026,17:42:11,31.1,38.7
07/09/2026,17:47:11,31.2,39.1
07/09/2026,17:52:11,31.3,39.6
07/09/2026,17:57:11,31.4,39.9
07/09/2026,18:02:11,31.5,40.3
07/09/2026,18:07:11,31.6,40.4
07/09/2026,18:12:11,31.7,40.5
07/09/2026,18:17:11,31.8,40.7
07/09/2026,18:22:11,31.9,40.7
07/09/2026,18:27:11,32.0,40.7
07/09/2026,18:32:11,32.1,40.7
07/09/2026,18:37:11,32.2,40.6
07/09/2026,18:42:11,32.3,40.5
07/09/2026,18:47:11,32.3,40.3
07/09/2026,18:52:11,32.3,40.3
07/09/2026,18:57:11,32.3,40.4
07/09/2026,19:02:11,32.2,40.6
07/09/2026,19:07:11,32.1,40.7
07/09/2026,19:12:11,31.9,40.9
07/09/2026,19:17:11,31.8,41.0
07/09/2026,19:22:11,31.6,41.2
07/09/2026,19:27:11,31.5,41.5
07/09/2026,19:32:11,31.4,41.7
07/09/2026,19:37:11,31.3,42.0
07/09/2026,19:42:11,31.2,42.2
07/09/2026,19:47:11,31.1,42.3
07/09/2026,19:52:11,31.0,42.5
07/09/2026,19:57:11,30.9,42.7
07/09/2026,20:02:11,30.8,42.9
07/09/2026,20:07:11,30.7,43.0
07/09/2026,20:12:11,30.6,43.1
07/09/2026,20:17:11,30.6,43.3
07/09/2026,20:22:11,30.5,43.4
07/09/2026,20:27:11,30.5,43.5
07/09/2026,20:32:11,30.4,43.7
07/09/2026,20:37:11,30.4,43.8
07/09/2026,20:42:11,30.4,43.8
07/09/2026,20:47:11,30.3,43.9
07/09/2026,20:52:11,30.3,43.9
07/09/2026,20:57:11,30.3,44.0
07/09/2026,21:02:11,30.3,44.0
07/09/2026,21:07:11,30.3,44.1
07/09/2026,21:12:11,30.2,44.1
07/09/2026,21:17:11,30.2,44.2
07/09/2026,21:22:11,30.2,44.2
07/09/2026,21:27:11,30.2,44.2
07/09/2026,21:32:11,30.2,44.3
07/09/2026,21:37:11,30.2,44.4
07/09/2026,21:42:11,30.1,44.4
07/09/2026,21:47:11,30.1,44.4
07/09/2026,21:52:11,30.1,44.5
07/09/2026,21:57:11,30.1,44.5
07/09/2026,22:02:11,30.1,44.5
07/09/2026,22:07:11,30.0,44.6
07/09/2026,22:12:11,30.0,44.6
07/09/2026,22:17:11,30.0,44.7
07/09/2026,22:22:11,30.0,44.6
07/09/2026,22:27:11,30.0,44.7
07/09/2026,22:32:11,29.9,44.7
07/09/2026,22:37:11,29.9,44.8
07/09/2026,22:42:11,29.9,44.8
07/09/2026,22:47:11,29.9,44.8
07/09/2026,22:52:11,29.9,44.9
07/09/2026,22:57:11,29.8,44.9
07/09/2026,23:02:11,29.8,44.9
07/09/2026,23:07:11,29.8,45.0
07/09/2026,23:12:11,29.7,45.0
07/09/2026,23:17:11,29.8,45.0
07/09/2026,23:22:11,29.7,45.0
07/09/2026,23:27:11,29.7,45.1
07/09/2026,23:32:11,29.7,45.1
07/09/2026,23:37:11,29.6,45.1
07/09/2026,23:42:11,29.6,45.1
07/09/2026,23:47:11,29.6,45.2
07/09/2026,23:52:11,29.6,45.2
07/09/2026,23:57:11,29.5,45.2
07/10/2026,00:02:11,29.5,45.2
07/10/2026,00:07:11,29.5,45.2
07/10/2026,00:12:11,29.5,45.3
07/10/2026,00:17:11,29.5,45.3
07/10/2026,00:22:11,29.5,45.3
07/10/2026,00:27:11,29.4,45.4
07/10/2026,00:32:11,29.4,45.4
07/10/2026,00:37:11,29.4,45.3
07/10/2026,00:42:11,29.4,45.3
07/10/2026,00:47:11,29.3,45.4
07/10/2026,00:52:11,29.3,45.4
07/10/2026,00:57:11,29.3,45.4
07/10/2026,01:02:11,29.3,45.4
07/10/2026,01:07:11,29.2,45.5
07/10/2026,01:12:11,29.2,45.4
07/10/2026,01:17:11,29.2,45.4
07/10/2026,01:22:11,29.2,45.4
07/10/2026,01:27:11,29.2,45.5
07/10/2026,01:32:11,29.1,45.5
07/10/2026,01:37:11,29.1,45.5
07/10/2026,01:42:11,29.1,45.5
07/10/2026,01:47:11,29.1,45.6
07/10/2026,01:52:11,29.1,45.6
07/10/2026,01:57:11,29.0,45.6
07/10/2026,02:02:11,29.0,45.6
07/10/2026,02:07:11,29.0,45.6
07/10/2026,02:12:11,29.0,45.6
07/10/2026,02:17:11,29.0,45.7
07/10/2026,02:22:11,29.0,45.7
07/10/2026,02:27:11,28.9,45.7
07/10/2026,02:32:11,28.9,45.7
07/10/2026,02:37:11,28.9,45.7
07/10/2026,02:42:11,28.9,45.8
07/10/2026,02:47:11,28.8,45.8
07/10/2026,02:52:11,28.8,45.8
07/10/2026,02:57:11,28.8,45.9
07/10/2026,03:02:11,28.8,45.8
07/10/2026,03:07:11,28.8,45.9
07/10/2026,03:12:11,28.7,45.9
07/10/2026,03:17:11,28.7,45.9
07/10/2026,03:22:11,28.7,45.9
07/10/2026,03:27:11,28.7,46.0
07/10/2026,03:32:11,28.7,46.0
07/10/2026,03:37:11,28.6,46.0
07/10/2026,03:42:11,28.6,46.1
07/10/2026,03:47:11,28.6,46.1
07/10/2026,03:52:11,28.6,46.1
07/10/2026,03:57:11,28.6,46.1
07/10/2026,04:02:11,28.5,46.1
07/10/2026,04:07:11,28.5,46.1
07/10/2026,04:12:11,28.5,46.1
07/10/2026,04:17:11,28.5,46.1
07/10/2026,04:22:11,28.5,46.1
07/10/2026,04:27:11,28.4,46.2
07/10/2026,04:32:11,28.4,46.2
07/10/2026,04:37:11,28.4,46.2
07/10/2026,04:42:11,28.4,46.2
07/10/2026,04:47:11,28.3,46.2
07/10/2026,04:52:11,28.3,46.3
07/10/2026,04:57:11,28.3,46.3
07/10/2026,05:02:11,28.3,46.3
07/10/2026,05:07:11,28.2,46.3
07/10/2026,05:12:11,28.2,46.3
07/10/2026,05:17:11,28.2,46.3
07/10/2026,05:22:11,28.2,46.3
07/10/2026,05:27:11,28.2,46.3
07/10/2026,05:32:11,28.1,46.3
07/10/2026,05:37:11,28.1,46.4
07/10/2026,05:42:11,28.1,46.3
07/10/2026,05:47:11,28.1,46.4
07/10/2026,05:52:11,28.1,46.4
07/10/2026,05:57:11,28.0,46.4
07/10/2026,06:02:11,28.0,46.4
07/10/2026,06:07:11,28.0,46.4
07/10/2026,06:12:11,28.0,46.5
07/10/2026,06:17:11,28.0,46.4
07/10/2026,06:22:11,28.0,46.5
07/10/2026,06:27:11,28.0,46.6
07/10/2026,06:32:11,28.0,46.7
07/10/2026,06:37:11,28.0,46.9
07/10/2026,06:42:11,27.9,47.0
07/10/2026,06:47:11,27.9,47.1
07/10/2026,06:52:11,27.9,47.3
07/10/2026,06:57:11,27.9,47.3
07/10/2026,07:02:11,27.9,47.3
07/10/2026,07:07:11,27.9,47.3
07/10/2026,07:12:11,27.9,47.3
07/10/2026,07:17:11,27.9,47.3
07/10/2026,07:22:11,27.9,47.4
07/10/2026,07:27:11,27.9,47.3
07/10/2026,07:32:11,28.0,47.4
07/10/2026,07:37:11,27.9,47.3
07/10/2026,07:42:11,28.0,47.4
07/10/2026,07:47:11,28.0,47.4
07/10/2026,07:52:11,28.0,47.5
07/10/2026,07:57:11,28.0,47.6
07/10/2026,08:02:11,28.0,47.6
07/10/2026,08:07:11,28.0,47.6
07/10/2026,08:12:11,28.0,47.6
07/10/2026,08:17:11,28.0,47.7
07/10/2026,08:22:11,28.0,47.7
07/10/2026,08:27:11,28.0,47.7
07/10/2026,08:32:11,28.0,47.7
07/10/2026,08:37:11,28.1,47.7
07/10/2026,08:42:11,28.1,47.8
07/10/2026,08:47:11,28.1,47.8
07/10/2026,08:52:11,28.1,47.8
07/10/2026,08:57:11,28.1,47.9
07/10/2026,09:02:11,28.1,47.9
07/10/2026,09:07:11,28.2,47.9
07/10/2026,09:12:11,28.2,47.9
07/10/2026,09:17:11,28.2,47.9
07/10/2026,09:22:11,28.2,48.0
07/10/2026,09:27:11,28.2,48.0
07/10/2026,09:32:11,28.2,48.0
07/10/2026,09:37:11,28.2,48.1
07/10/2026,09:42:11,28.3,48.0
07/10/2026,09:47:11,28.3,48.1
07/10/2026,09:52:11,28.3,48.1
07/10/2026,09:57:11,28.3,48.1
07/10/2026,10:02:11,28.3,48.1
07/10/2026,10:07:11,28.3,48.2
07/10/2026,10:12:11,28.4,48.1
07/10/2026,10:17:11,28.3,48.2
07/10/2026,10:22:11,28.4,48.2
07/10/2026,10:27:11,28.4,48.2
07/10/2026,10:32:11,28.4,48.2
07/10/2026,10:37:11,28.4,48.3
07/10/2026,10:42:11,28.4,48.2
07/10/2026,10:47:11,28.4,48.3
07/10/2026,10:52:11,28.4,48.5
07/10/2026,10:57:11,28.4,48.3
07/10/2026,11:02:11,28.4,48.3
07/10/2026,11:07:11,28.4,48.3
07/10/2026,11:12:11,28.5,48.4
07/10/2026,11:17:11,28.5,48.3
07/10/2026,11:22:11,28.5,48.4
07/10/2026,11:27:11,28.5,48.3
07/10/2026,11:32:11,28.5,48.4
07/10/2026,11:37:11,28.5,48.5
07/10/2026,11:42:11,28.5,48.5
07/10/2026,11:47:11,28.5,48.5
07/10/2026,11:52:11,28.6,48.4
07/10/2026,11:57:11,28.6,48.2
07/10/2026,12:02:11,28.6,48.1
07/10/2026,12:07:11,28.6,48.0
07/10/2026,12:12:11,28.7,47.8
07/10/2026,12:17:11,28.7,47.5
07/10/2026,12:22:11,28.7,47.2
07/10/2026,12:27:11,28.7,46.6
07/10/2026,12:32:11,28.8,46.4
07/10/2026,12:37:11,28.8,46.2
07/10/2026,12:42:11,28.8,46.1
07/10/2026,12:47:11,28.9,45.9
07/10/2026,12:52:11,28.9,45.7
07/10/2026,12:57:11,28.9,45.5
07/10/2026,13:02:11,29.0,45.3
07/10/2026,13:07:11,29.0,45.3
07/10/2026,13:12:11,29.0,45.0
07/10/2026,13:17:11,29.0,44.9
07/10/2026,13:22:11,29.1,44.9
07/10/2026,13:27:11,29.1,44.8
07/10/2026,13:32:11,29.1,44.7
07/10/2026,13:37:11,29.1,44.2
07/10/2026,13:42:11,29.2,43.9
07/10/2026,13:47:11,29.2,43.8
07/10/2026,13:52:11,29.2,43.8
07/10/2026,13:57:11,29.2,43.8
07/10/2026,14:02:11,29.3,43.8
07/10/2026,14:07:11,29.3,43.6
07/10/2026,14:12:11,29.3,43.5
07/10/2026,14:17:11,29.3,43.4
07/10/2026,14:22:11,29.4,43.4
07/10/2026,14:27:11,29.4,43.4
07/10/2026,14:32:11,29.4,43.2
07/10/2026,14:37:11,29.5,43.1
07/10/2026,14:42:11,29.5,43.0
07/10/2026,14:47:11,29.5,42.8
07/10/2026,14:52:11,29.5,42.6
07/10/2026,14:57:11,29.6,42.6
07/10/2026,15:02:11,29.6,42.4
07/10/2026,15:07:11,29.6,42.5
07/10/2026,15:12:11,29.6,42.4
07/10/2026,15:17:11,29.7,42.2
07/10/2026,15:22:11,29.7,42.1
07/10/2026,15:27:11,29.7,42.1
07/10/2026,15:32:11,29.8,42.0
07/10/2026,15:37:11,29.8,41.7
07/10/2026,15:42:11,29.8,41.7
07/10/2026,15:47:11,29.8,41.8
07/10/2026,15:52:11,29.9,41.6
07/10/2026,15:57:11,29.9,41.6
07/10/2026,16:02:11,30.0,41.5
07/10/2026,16:07:11,30.0,41.2
07/10/2026,16:12:11,30.0,41.3
07/10/2026,16:17:11,30.0,41.0
07/10/2026,16:22:11,30.1,41.1
07/10/2026,16:27:11,30.1,40.9
07/10/2026,16:32:11,30.1,40.8
07/10/2026,16:37:11,30.1,40.7
07/10/2026,16:42:11,30.1,40.5
07/10/2026,16:47:11,30.2,40.3
07/10/2026,16:52:11,30.2,39.9
07/10/2026,16:57:11,30.2,40.2
07/10/2026,17:02:11,30.2,39.6
07/10/2026,17:07:11,30.2,39.2
07/10/2026,17:12:11,30.3,39.2
07/10/2026,17:17:11,30.3,39.1
07/10/2026,17:22:11,30.3,39.0
07/10/2026,17:27:11,30.3,38.9
07/10/2026,17:32:11,30.3,39.0
07/10/2026,17:37:11,30.3,38.9
07/10/2026,17:42:11,30.4,38.9
07/10/2026,17:47:11,30.4,38.8
07/10/2026,17:52:11,30.5,38.8
07/10/2026,17:57:11,30.6,38.7
07/10/2026,18:02:11,30.7,38.7
07/10/2026,18:07:11,30.8,38.7
07/10/2026,18:12:11,30.9,38.7
07/10/2026,18:17:11,31.0,38.5
07/10/2026,18:22:11,31.1,38.6
07/10/2026,18:27:11,31.2,38.4
07/10/2026,18:32:11,31.3,38.3
07/10/2026,18:37:11,31.4,38.2
07/10/2026,18:42:11,31.5,37.9
07/10/2026,18:47:11,31.6,37.7
07/10/2026,18:52:11,31.7,37.5
07/10/2026,18:57:11,31.7,37.4
07/10/2026,19:02:11,31.6,37.3
07/10/2026,19:07:11,31.4,37.5
07/10/2026,19:12:11,31.2,37.5
07/10/2026,19:17:11,31.0,37.7
07/10/2026,19:22:11,30.9,37.9
07/10/2026,19:27:11,30.8,38.3
07/10/2026,19:32:11,30.6,38.5
07/10/2026,19:37:11,30.5,38.8
07/10/2026,19:42:11,30.4,38.8
07/10/2026,19:47:11,30.3,39.1
07/10/2026,19:52:11,30.2,38.9
07/10/2026,19:57:11,30.2,38.8
07/10/2026,20:02:11,30.1,38.7
07/10/2026,20:07:11,30.0,38.8
07/10/2026,20:12:11,29.9,38.8
07/10/2026,20:17:11,29.8,38.6
07/10/2026,20:22:11,29.8,38.5
07/10/2026,20:27:11,29.7,38.5
07/10/2026,20:32:11,29.6,38.4
07/10/2026,20:37:11,29.5,38.5
07/10/2026,20:42:11,29.5,38.7
07/10/2026,20:47:11,29.5,38.8
07/10/2026,20:52:11,29.5,38.9
07/10/2026,20:57:11,29.5,39.1
07/10/2026,21:02:11,29.5,39.2
07/10/2026,21:07:11,29.5,39.2
07/10/2026,21:12:11,29.4,39.4
07/10/2026,21:17:11,29.4,39.4
07/10/2026,21:22:11,29.4,39.5
07/10/2026,21:27:11,29.4,39.6
07/10/2026,21:32:11,29.4,39.6
07/10/2026,21:37:11,29.4,39.7
07/10/2026,21:42:11,29.4,39.7
07/10/2026,21:47:11,29.4,39.7
07/10/2026,21:52:11,29.4,39.7
07/10/2026,21:57:11,29.4,39.9
07/10/2026,22:02:11,29.4,40.0
07/10/2026,22:07:11,29.4,39.9
07/10/2026,22:12:11,29.3,40.0
07/10/2026,22:17:11,29.3,40.0
07/10/2026,22:22:11,29.3,40.0
07/10/2026,22:27:11,29.3,40.2
07/10/2026,22:32:11,29.3,40.1
07/10/2026,22:37:11,29.3,40.2
07/10/2026,22:42:11,29.2,40.3
07/10/2026,22:47:11,29.3,40.3
07/10/2026,22:52:11,29.2,40.4
07/10/2026,22:57:11,29.2,40.4
07/10/2026,23:02:11,29.2,40.5
07/10/2026,23:07:11,29.2,40.6
07/10/2026,23:12:11,29.2,40.6
07/10/2026,23:17:11,29.2,40.7
07/10/2026,23:22:11,29.2,40.7
07/10/2026,23:27:11,29.1,40.7
07/10/2026,23:32:11,29.1,40.8
07/10/2026,23:37:11,29.1,40.9
07/10/2026,23:42:11,29.1,40.9
07/10/2026,23:47:11,29.0,41.0
07/10/2026,23:52:11,29.0,41.0
07/10/2026,23:57:11,29.0,41.1
07/11/2026,00:02:11,29.0,41.1
07/11/2026,00:07:11,29.0,41.2
07/11/2026,00:12:11,29.0,41.2
07/11/2026,00:17:11,29.0,41.3
07/11/2026,00:22:11,28.9,41.3
07/11/2026,00:27:11,28.9,41.4
07/11/2026,00:32:11,28.9,41.4
07/11/2026,00:37:11,28.9,41.5
07/11/2026,00:42:11,28.9,41.6
07/11/2026,00:47:11,28.8,41.6
07/11/2026,00:52:11,28.8,41.7
07/11/2026,00:57:11,28.8,41.8
07/11/2026,01:02:11,28.8,41.8
07/11/2026,01:07:11,28.8,41.9
07/11/2026,01:12:11,28.8,41.9
07/11/2026,01:17:11,28.7,41.9
07/11/2026,01:22:11,28.7,42.0
07/11/2026,01:27:11,28.7,42.0
07/11/2026,01:32:11,28.7,42.0
07/11/2026,01:37:11,28.7,42.1
07/11/2026,01:42:11,28.6,42.2
07/11/2026,01:47:11,28.6,42.2
07/11/2026,01:52:11,28.6,42.3
07/11/2026,01:57:11,28.5,42.4
07/11/2026,02:02:11,28.5,42.4
07/11/2026,02:07:11,28.5,42.5
07/11/2026,02:12:11,28.5,42.5
07/11/2026,02:17:11,28.5,42.5
07/11/2026,02:22:11,28.4,42.6
07/11/2026,02:27:11,28.4,42.6
07/11/2026,02:32:11,28.4,42.7
07/11/2026,02:37:11,28.3,42.8
07/11/2026,02:42:11,28.3,42.8
07/11/2026,02:47:11,28.3,42.9
07/11/2026,02:52:11,28.3,42.9
07/11/2026,02:57:11,28.3,42.9
07/11/2026,03:02:11,28.3,43.0
07/11/2026,03:07:11,28.2,43.1
07/11/2026,03:12:11,28.2,43.1
07/11/2026,03:17:11,28.2,43.2
07/11/2026,03:22:11,28.2,43.2
07/11/2026,03:27:11,28.1,43.2
07/11/2026,03:32:11,28.1,43.2
07/11/2026,03:37:11,28.1,43.3
07/11/2026,03:42:11,28.0,43.4
07/11/2026,03:47:11,28.0,43.3
07/11/2026,03:52:11,28.0,43.4
07/11/2026,03:57:11,28.0,43.5
07/11/2026,04:02:11,28.0,43.5
07/11/2026,04:07:11,28.0,43.6
07/11/2026,04:12:11,27.9,43.5
07/11/2026,04:17:11,27.9,43.6
07/11/2026,04:22:11,27.9,43.7
07/11/2026,04:27:11,27.8,43.7
07/11/2026,04:32:11,27.8,43.8
07/11/2026,04:37:11,27.8,43.8
07/11/2026,04:42:11,27.8,43.9
07/11/2026,04:47:11,27.8,43.9
07/11/2026,04:52:11,27.7,43.9
07/11/2026,04:57:11,27.7,44.0
07/11/2026,05:02:11,27.7,44.0
07/11/2026,05:07:11,27.7,44.1
07/11/2026,05:12:11,27.7,44.1
07/11/2026,05:17:11,27.6,44.2
07/11/2026,05:22:11,27.6,44.2
07/11/2026,05:27:11,27.6,44.2
07/11/2026,05:32:11,27.6,44.3
07/11/2026,05:37:11,27.5,44.3
07/11/2026,05:42:11,27.5,44.4
07/11/2026,05:47:11,27.5,44.4
07/11/2026,05:52:11,27.5,44.5
07/11/2026,05:57:11,27.5,44.5
07/11/2026,06:02:11,27.4,44.5
07/11/2026,06:07:11,27.4,44.6
07/11/2026,06:12:11,27.4,44.6
07/11/2026,06:17:11,27.4,44.7
07/11/2026,06:22:11,27.4,44.7
07/11/2026,06:27:11,27.3,44.8
07/11/2026,06:32:11,27.3,44.8
07/11/2026,06:37:11,27.3,44.9
07/11/2026,06:42:11,27.3,44.8
07/11/2026,06:47:11,27.3,44.9
07/11/2026,06:52:11,27.3,44.9
07/11/2026,06:57:11,27.3,45.0
07/11/2026,07:02:11,27.2,45.0
07/11/2026,07:07:11,27.2,45.0
07/11/2026,07:12:11,27.2,45.2
07/11/2026,07:17:11,27.2,45.1
07/11/2026,07:22:11,27.2,45.2
07/11/2026,07:27:11,27.2,45.2
07/11/2026,07:32:11,27.2,45.3
07/11/2026,07:37:11,27.1,45.3
07/11/2026,07:42:11,27.1,45.3
07/11/2026,07:47:11,27.1,45.4
07/11/2026,07:52:11,27.1,45.4
07/11/2026,07:57:11,27.1,45.4
07/11/2026,08:02:11,27.1,45.5
07/11/2026,08:07:11,27.1,45.5
07/11/2026,08:12:11,27.1,45.6
07/11/2026,08:17:11,27.1,45.9
07/11/2026,08:22:11,27.1,46.1
07/11/2026,08:27:11,27.1,46.3
07/11/2026,08:32:11,27.1,46.6
07/11/2026,08:37:11,27.1,46.9
07/11/2026,08:42:11,27.1,47.2
07/11/2026,08:47:11,27.0,47.4
07/11/2026,08:52:11,27.1,47.6
07/11/2026,08:57:11,27.1,47.8
07/11/2026,09:02:11,27.1,48.0
07/11/2026,09:07:11,27.0,48.4
07/11/2026,09:12:11,27.0,48.9
07/11/2026,09:17:11,26.9,49.3
07/11/2026,09:22:11,26.8,49.7
07/11/2026,09:27:11,26.8,50.1
07/11/2026,09:32:11,26.7,50.4
07/11/2026,09:37:11,26.7,50.6
07/11/2026,09:42:11,26.6,51.1
07/11/2026,09:47:11,26.6,51.3
07/11/2026,09:52:11,26.6,51.4
07/11/2026,09:57:11,26.6,51.5
07/11/2026,10:02:11,26.7,51.7
07/11/2026,10:07:11,26.7,51.9
07/11/2026,10:12:11,26.7,52.0
07/11/2026,10:17:11,26.7,52.1
07/11/2026,10:22:11,26.7,52.2
07/11/2026,10:27:11,26.7,52.2
07/11/2026,10:32:11,26.6,52.3
07/11/2026,10:37:11,26.6,52.4
07/11/2026,10:42:11,26.6,52.5
07/11/2026,10:47:11,26.6,52.5
07/11/2026,10:52:11,26.5,52.5
07/11/2026,10:57:11,26.5,52.6
07/11/2026,11:02:11,26.5,52.6
07/11/2026,11:07:11,26.5,52.6
07/11/2026,11:12:11,26.5,52.7
07/11/2026,11:17:11,26.5,52.6
07/11/2026,11:22:11,26.5,52.5
07/11/2026,11:27:11,26.5,52.6
07/11/2026,11:32:11,26.5,52.6
07/11/2026,11:37:11,26.5,52.6
07/11/2026,11:42:11,26.5,52.4
07/11/2026,11:47:11,26.5,52.3
07/11/2026,11:52:11,26.5,52.3
07/11/2026,11:57:11,26.5,52.2
07/11/2026,12:02:11,26.5,52.2
07/11/2026,12:07:11,26.5,52.2
07/11/2026,12:12:11,26.5,52.0
07/11/2026,12:17:11,26.5,51.7
07/11/2026,12:22:11,26.5,51.6
07/11/2026,12:27:11,26.5,51.5
07/11/2026,12:32:11,26.5,51.4
07/11/2026,12:37:11,26.5,51.6
07/11/2026,12:42:11,26.5,51.9
07/11/2026,12:47:11,26.5,51.8
07/11/2026,12:52:11,26.5,52.0
07/11/2026,12:57:11,26.5,51.9
07/11/2026,13:02:11,26.5,51.7
07/11/2026,13:07:11,26.6,51.8
07/11/2026,13:12:11,26.6,51.7
07/11/2026,13:17:11,26.6,51.7
07/11/2026,13:22:11,26.6,51.8
07/11/2026,13:27:11,26.7,51.8
07/11/2026,13:32:11,26.7,52.0
07/11/2026,13:37:11,26.7,51.8
07/11/2026,13:42:11,26.7,51.2
07/11/2026,13:47:11,26.7,51.1
07/11/2026,13:52:11,26.8,50.9
07/11/2026,13:57:11,26.7,50.8
07/11/2026,14:02:11,26.8,50.8
07/11/2026,14:07:11,26.8,50.7
07/11/2026,14:12:11,26.9,50.7
07/11/2026,14:17:11,26.9,50.7
07/11/2026,14:22:11,26.9,50.6
07/11/2026,14:27:11,27.0,50.5
07/11/2026,14:32:11,27.0,50.4
07/11/2026,14:37:11,27.0,50.4
07/11/2026,14:42:11,27.1,50.3
07/11/2026,14:47:11,27.1,50.3
07/11/2026,14:52:11,27.2,50.4
07/11/2026,14:57:11,27.2,50.4
07/11/2026,15:02:11,27.3,50.3
07/11/2026,15:07:11,27.3,50.3
07/11/2026,15:12:11,27.4,50.3
07/11/2026,15:17:11,27.4,50.4
07/11/2026,15:22:11,27.5,50.4
07/11/2026,15:27:11,27.5,50.5
07/11/2026,15:32:11,27.6,50.5
07/11/2026,15:37:11,27.6,50.5
07/11/2026,15:42:11,27.7,50.4
07/11/2026,15:47:11,27.7,50.4
07/11/2026,15:52:11,27.7,50.4
07/11/2026,15:57:11,27.8,50.3
07/11/2026,16:02:11,27.8,50.3
07/11/2026,16:07:11,27.9,50.3
07/11/2026,16:12:11,27.9,50.2
07/11/2026,16:17:11,27.9,50.2
07/11/2026,16:22:11,28.0,50.1
07/11/2026,16:27:11,28.0,50.1
07/11/2026,16:32:11,28.0,50.0
07/11/2026,16:37:11,28.1,49.9
07/11/2026,16:42:11,28.1,49.9
07/11/2026,16:47:11,28.1,49.8
07/11/2026,16:52:11,28.2,49.7
07/11/2026,16:57:11,28.2,49.6
07/11/2026,17:02:11,28.1,49.5
07/11/2026,17:07:11,28.2,49.5
07/11/2026,17:12:11,28.2,49.5
07/11/2026,17:17:11,28.2,49.4
07/11/2026,17:22:11,28.2,49.3
07/11/2026,17:27:11,28.2,49.3
07/11/2026,17:32:11,28.2,49.2
07/11/2026,17:37:11,28.2,49.2
07/11/2026,17:42:11,28.3,49.1
07/11/2026,17:47:11,28.3,49.1
07/11/2026,17:52:11,28.4,49.0
07/11/2026,17:57:11,28.5,49.0
07/11/2026,18:02:11,28.6,49.1
07/11/2026,18:07:11,28.7,49.0
07/11/2026,18:12:11,28.7,49.0
07/11/2026,18:17:11,28.8,49.0
07/11/2026,18:22:11,28.9,48.8
07/11/2026,18:27:11,29.0,48.6
07/11/2026,18:32:11,29.1,48.4
07/11/2026,18:37:11,29.3,48.0
07/11/2026,18:42:11,29.4,47.9
07/11/2026,18:47:11,29.5,47.9
07/11/2026,18:52:11,29.6,47.7
07/11/2026,18:57:11,29.7,47.3
07/11/2026,19:02:11,29.6,47.0
07/11/2026,19:07:11,29.4,47.1
07/11/2026,19:12:11,29.1,47.2
07/11/2026,19:17:11,28.8,47.4
07/11/2026,19:22:11,28.6,47.6
07/11/2026,19:27:11,28.4,48.0
07/11/2026,19:32:11,28.2,48.3
07/11/2026,19:37:11,28.1,48.8
07/11/2026,19:42:11,28.1,48.9
07/11/2026,19:47:11,27.9,48.9
07/11/2026,19:52:11,27.8,49.0
07/11/2026,19:57:11,27.7,49.1
07/11/2026,20:02:11,27.6,49.3
07/11/2026,20:07:11,27.5,49.5
07/11/2026,20:12:11,27.5,49.6
07/11/2026,20:17:11,27.4,49.5
07/11/2026,20:22:11,27.4,49.5
07/11/2026,20:27:11,27.3,49.7
07/11/2026,20:32:11,27.3,49.7
07/11/2026,20:37:11,27.3,49.7
07/11/2026,20:42:11,27.3,49.7
07/11/2026,20:47:11,27.4,49.7
07/11/2026,20:52:11,27.4,49.7
07/11/2026,20:57:11,27.4,49.6
07/11/2026,21:02:11,27.4,49.6
07/11/2026,21:07:11,27.5,49.6
07/11/2026,21:12:11,27.4,49.5
07/11/2026,21:17:11,27.4,49.5
07/11/2026,21:22:11,27.5,49.6
07/11/2026,21:27:11,27.5,49.5
07/11/2026,21:32:11,27.5,49.5
07/11/2026,21:37:11,27.5,49.5
07/11/2026,21:42:11,27.4,49.4
07/11/2026,21:47:11,27.5,49.4
07/11/2026,21:52:11,27.5,49.4
07/11/2026,21:57:11,27.4,49.4
07/11/2026,22:02:11,27.4,49.3
07/11/2026,22:07:11,27.4,49.3
07/11/2026,22:12:11,27.4,49.3
07/11/2026,22:17:11,27.4,49.2
07/11/2026,22:22:11,27.4,49.2
07/11/2026,22:27:11,27.4,49.2
07/11/2026,22:32:11,27.4,49.2
07/11/2026,22:37:11,27.4,49.1
07/11/2026,22:42:11,27.3,49.2
07/11/2026,22:47:11,27.3,49.1
07/11/2026,22:52:11,27.3,49.1
07/11/2026,22:57:11,27.2,49.1
07/11/2026,23:02:11,27.2,49.1
07/11/2026,23:07:11,27.2,49.1
07/11/2026,23:12:11,27.2,49.1
07/11/2026,23:17:11,27.2,49.1
07/11/2026,23:22:11,27.2,49.1
07/11/2026,23:27:11,27.2,49.0
07/11/2026,23:32:11,27.1,49.1
07/11/2026,23:37:11,27.1,49.0
07/11/2026,23:42:11,27.1,49.0
07/11/2026,23:47:11,27.1,49.0
07/11/2026,23:52:11,27.1,49.0
07/11/2026,23:57:11,27.0,49.0
07/12/2026,00:02:11,27.0,49.0
07/12/2026,00:07:11,27.0,49.0
07/12/2026,00:12:11,27.0,49.0
07/12/2026,00:17:11,27.0,49.0
07/12/2026,00:22:11,27.0,49.0
07/12/2026,00:27:11,26.9,49.0
07/12/2026,00:32:11,26.9,49.0
07/12/2026,00:37:11,26.9,49.0
07/12/2026,00:42:11,26.9,49.0
07/12/2026,00:47:11,26.9,49.0
07/12/2026,00:52:11,26.8,48.9
07/12/2026,00:57:11,26.8,49.0
07/12/2026,01:02:11,26.8,49.0
07/12/2026,01:07:11,26.8,49.0
07/12/2026,01:12:11,26.8,49.0
07/12/2026,01:17:11,26.8,49.0
07/12/2026,01:22:11,26.7,49.0
07/12/2026,01:27:11,26.7,49.0
07/12/2026,01:32:11,26.7,49.1
07/12/2026,01:37:11,26.7,49.0
07/12/2026,01:42:11,26.7,49.0
07/12/2026,01:47:11,26.6,49.1
07/12/2026,01:52:11,26.6,49.0
07/12/2026,01:57:11,26.6,49.0
07/12/2026,02:02:11,26.6,49.0
07/12/2026,02:07:11,26.6,49.0
07/12/2026,02:12:11,26.6,49.0
07/12/2026,02:17:11,26.5,49.0
07/12/2026,02:22:11,26.5,49.0
07/12/2026,02:27:11,26.5,49.0
07/12/2026,02:32:11,26.5,49.0
07/12/2026,02:37:11,26.5,49.0
07/12/2026,02:42:11,26.5,49.0
07/12/2026,02:47:11,26.5,49.0
07/12/2026,02:52:11,26.4,49.0
07/12/2026,02:57:11,26.4,49.0
07/12/2026,03:02:11,26.4,49.0
07/12/2026,03:07:11,26.3,49.0
07/12/2026,03:12:11,26.3,49.0
07/12/2026,03:17:11,26.3,49.0
07/12/2026,03:22:11,26.3,49.0
07/12/2026,03:27:11,26.3,49.0
07/12/2026,03:32:11,26.2,49.0
07/12/2026,03:37:11,26.2,49.1
07/12/2026,03:42:11,26.2,49.0
07/12/2026,03:47:11,26.2,49.0
07/12/2026,03:52:11,26.2,49.0
07/12/2026,03:57:11,26.2,49.1
07/12/2026,04:02:11,26.1,49.1
07/12/2026,04:07:11,26.1,49.1
07/12/2026,04:12:11,26.1,49.1
07/12/2026,04:17:11,26.1,49.1
07/12/2026,04:22:11,26.1,49.2
07/12/2026,04:27:11,26.1,49.1
07/12/2026,04:32:11,26.0,49.1
07/12/2026,04:37:11,26.0,49.1
07/12/2026,04:42:11,26.0,49.2
07/12/2026,04:47:11,26.0,49.2
07/12/2026,04:52:11,26.0,49.2
07/12/2026,04:57:11,26.0,49.2
07/12/2026,05:02:11,25.9,49.2
07/12/2026,05:07:11,25.9,49.2
07/12/2026,05:12:11,25.9,49.2
07/12/2026,05:17:11,25.9,49.2
07/12/2026,05:22:11,25.9,49.2
07/12/2026,05:27:11,25.9,49.3
07/12/2026,05:32:11,25.9,49.3
07/12/2026,05:37:11,25.8,49.3
07/12/2026,05:42:11,25.8,49.3
07/12/2026,05:47:11,25.8,49.3
07/12/2026,05:52:11,25.8,49.3
07/12/2026,05:57:11,25.8,49.3
07/12/2026,06:02:11,25.7,49.4
07/12/2026,06:07:11,25.7,49.4
07/12/2026,06:12:11,25.7,49.3
07/12/2026,06:17:11,25.7,49.4
07/12/2026,06:22:11,25.7,49.4
07/12/2026,06:27:11,25.7,49.4
07/12/2026,06:32:11,25.7,49.4
07/12/2026,06:37:11,25.7,49.5
07/12/2026,06:42:11,25.6,49.5
07/12/2026,06:47:11,25.6,49.5
07/12/2026,06:52:11,25.6,49.5
07/12/2026,06:57:11,25.6,49.6
07/12/2026,07:02:11,25.6,49.5
07/12/2026,07:07:11,25.6,49.6
07/12/2026,07:12:11,25.6,49.6
07/12/2026,07:17:11,25.6,49.6
07/12/2026,07:22:11,25.6,49.7
07/12/2026,07:27:11,25.6,49.6
07/12/2026,07:32:11,25.5,49.7
07/12/2026,07:37:11,25.5,49.8
07/12/2026,07:42:11,25.5,50.5
07/12/2026,07:47:11,25.4,50.9
07/12/2026,07:52:11,25.4,51.3
07/12/2026,07:57:11,25.4,51.7
07/12/2026,08:02:11,25.3,52.0
07/12/2026,08:07:11,25.2,52.3
07/12/2026,08:12:11,25.2,52.5
07/12/2026,08:17:11,25.2,52.7
07/12/2026,08:22:11,25.2,52.9
07/12/2026,08:27:11,25.2,53.0
07/12/2026,08:32:11,25.2,53.2
07/12/2026,08:37:11,25.2,53.3
07/12/2026,08:42:11,25.2,53.4
07/12/2026,08:47:11,25.2,53.7
07/12/2026,08:52:11,25.3,53.8
07/12/2026,08:57:11,25.3,53.8
07/12/2026,09:02:11,25.4,53.8
07/12/2026,09:07:11,25.3,53.8
07/12/2026,09:12:11,25.3,53.8
07/12/2026,09:17:11,25.3,53.8
07/12/2026,09:22:11,25.3,54.0
07/12/2026,09:27:11,25.3,54.0
07/12/2026,09:32:11,25.3,54.2
07/12/2026,09:37:11,25.4,54.3
07/12/2026,09:42:11,25.4,54.3
07/12/2026,09:47:11,25.5,54.4
07/12/2026,09:52:11,25.5,54.4
07/12/2026,09:57:11,25.6,54.4
07/12/2026,10:02:11,25.6,54.3
07/12/2026,10:07:11,25.6,54.4
07/12/2026,10:12:11,25.7,54.5
07/12/2026,10:17:11,25.7,54.4
07/12/2026,10:22:11,25.8,54.4
07/12/2026,10:27:11,25.9,54.5
07/12/2026,10:32:11,25.9,54.5
07/12/2026,10:37:11,26.0,54.3
07/12/2026,10:42:11,26.0,54.2
07/12/2026,10:47:11,26.1,54.0
07/12/2026,10:52:11,26.1,53.4
07/12/2026,10:57:11,26.1,53.2
07/12/2026,11:02:11,26.1,52.9
07/12/2026,11:07:11,26.2,53.0
07/12/2026,11:12:11,26.2,52.5
07/12/2026,11:17:11,26.2,52.0
07/12/2026,11:22:11,26.3,52.3
07/12/2026,11:27:11,26.4,52.4
07/12/2026,11:32:11,26.4,52.2
07/12/2026,11:37:11,26.5,52.7
07/12/2026,11:42:11,26.6,52.7
07/12/2026,11:47:11,26.7,52.1
07/12/2026,11:52:11,26.7,51.1
07/12/2026,11:57:11,26.7,51.3
07/12/2026,12:02:11,26.8,51.5
07/12/2026,12:07:11,26.9,51.0
07/12/2026,12:12:11,26.9,51.2
07/12/2026,12:17:11,27.0,50.9
07/12/2026,12:22:11,27.1,49.9
07/12/2026,12:27:11,27.1,50.0
07/12/2026,12:32:11,27.1,49.5
07/12/2026,12:37:11,27.1,49.0
07/12/2026,12:42:11,27.2,48.4
07/12/2026,12:47:11,27.1,47.9
07/12/2026,12:52:11,27.1,47.7
07/12/2026,12:57:11,27.1,47.5
07/12/2026,13:02:11,27.1,47.1
07/12/2026,13:07:11,27.1,47.1
07/12/2026,13:12:11,27.1,47.1
07/12/2026,13:17:11,27.1,47.0
07/12/2026,13:22:11,27.1,47.1
07/12/2026,13:27:11,27.2,47.2
07/12/2026,13:32:11,27.2,47.1
07/12/2026,13:37:11,27.2,46.8
07/12/2026,13:42:11,27.2,46.6
07/12/2026,13:47:11,27.2,46.2
07/12/2026,13:52:11,27.2,45.8
07/12/2026,13:57:11,27.2,45.6
07/12/2026,14:02:11,27.2,45.5
07/12/2026,14:07:11,27.2,45.1
07/12/2026,14:12:11,27.2,44.8
07/12/2026,14:17:11,27.2,44.8
07/12/2026,14:22:11,27.2,44.5
07/12/2026,14:27:11,27.2,44.5
07/12/2026,14:32:11,27.3,44.5
07/12/2026,14:37:11,27.3,44.3
07/12/2026,14:42:11,27.3,44.3
07/12/2026,14:47:11,27.3,44.1
07/12/2026,14:52:11,27.3,43.9
07/12/2026,14:57:11,27.3,43.8
07/12/2026,15:02:11,27.3,43.8
07/12/2026,15:07:11,27.4,43.7
07/12/2026,15:12:11,27.4,43.4
07/12/2026,15:17:11,27.4,43.4
07/12/2026,15:22:11,27.4,43.2
07/12/2026,15:27:11,27.5,43.2
07/12/2026,15:32:11,27.5,43.1
07/12/2026,15:37:11,27.5,43.1
07/12/2026,15:42:11,27.5,42.9
07/12/2026,15:47:11,27.5,42.9
07/12/2026,15:52:11,27.6,42.8
07/12/2026,15:57:11,27.6,42.8
07/12/2026,16:02:11,27.6,42.7
07/12/2026,16:07:11,27.6,42.6
07/12/2026,16:12:11,27.7,42.5
07/12/2026,16:17:11,27.7,42.2
07/12/2026,16:22:11,27.7,42.0
07/12/2026,16:27:11,27.8,41.8
07/12/2026,16:32:11,27.8,41.6
07/12/2026,16:37:11,27.8,41.5
07/12/2026,16:42:11,27.8,41.2
07/12/2026,16:47:11,27.8,40.7
07/12/2026,16:52:11,27.9,40.1
07/12/2026,16:57:11,27.9,40.1
07/12/2026,17:02:11,27.8,39.6
07/12/2026,17:07:11,27.8,39.4
07/12/2026,17:12:11,27.8,38.9
07/12/2026,17:17:11,27.9,38.5
07/12/2026,17:22:11,27.9,38.0
07/12/2026,17:27:11,27.9,37.7
07/12/2026,17:32:11,27.9,37.2
07/12/2026,17:37:11,27.8,37.1
07/12/2026,17:42:11,27.9,36.9
07/12/2026,17:47:11,28.0,36.9
07/12/2026,17:52:11,28.0,36.9
07/12/2026,17:57:11,28.1,36.6
07/12/2026,18:02:11,28.1,36.3
07/12/2026,18:07:11,28.2,36.3
07/12/2026,18:12:11,28.3,36.4
07/12/2026,18:17:11,28.3,36.2
07/12/2026,18:22:11,28.3,36.2
07/12/2026,18:27:11,28.4,36.2
07/12/2026,18:32:11,28.4,36.1
07/12/2026,18:37:11,28.6,36.1
07/12/2026,18:42:11,28.8,36.0
07/12/2026,18:47:11,28.9,35.9
07/12/2026,18:52:11,28.9,35.8
07/12/2026,18:57:11,29.0,35.9
07/12/2026,19:02:11,28.9,35.8
07/12/2026,19:07:11,28.7,35.9
07/12/2026,19:12:11,28.4,36.0
07/12/2026,19:17:11,28.2,36.3
07/12/2026,19:22:11,28.0,36.4
07/12/2026,19:27:11,27.9,36.5
07/12/2026,19:32:11,27.7,36.5
07/12/2026,19:37:11,27.6,36.7
07/12/2026,19:42:11,27.5,36.8
07/12/2026,19:47:11,27.4,37.0
07/12/2026,19:52:11,27.3,37.1
07/12/2026,19:57:11,27.2,37.3
07/12/2026,20:02:11,27.1,37.5
07/12/2026,20:07:11,27.0,37.7
07/12/2026,20:12:11,26.9,37.9
07/12/2026,20:17:11,26.9,38.2
07/12/2026,20:22:11,26.8,38.4
07/12/2026,20:27:11,26.7,38.7
07/12/2026,20:32:11,26.7,38.8
07/12/2026,20:37:11,26.6,39.1
07/12/2026,20:42:11,26.5,39.3
07/12/2026,20:47:11,26.5,39.5
07/12/2026,20:52:11,26.4,39.7
07/12/2026,20:57:11,26.4,39.9
07/12/2026,21:02:11,26.3,40.1
07/12/2026,21:07:11,26.3,40.3
07/12/2026,21:12:11,26.2,40.4
07/12/2026,21:17:11,26.2,40.6
07/12/2026,21:22:11,26.1,40.8
07/12/2026,21:27:11,26.1,40.9
07/12/2026,21:32:11,26.0,41.0
07/12/2026,21:37:11,26.0,41.1
07/12/2026,21:42:11,25.9,41.2
07/12/2026,21:47:11,25.9,41.3
07/12/2026,21:52:11,25.8,41.4
07/12/2026,21:57:11,25.8,41.5
07/12/2026,22:02:11,25.7,41.6
07/12/2026,22:07:11,25.7,41.7
07/12/2026,22:12:11,25.6,41.8
07/12/2026,22:17:11,25.6,41.9
07/12/2026,22:22:11,25.5,42.0
07/12/2026,22:27:11,25.5,42.1
07/12/2026,22:32:11,25.5,42.2
07/12/2026,22:37:11,25.4,42.3
07/12/2026,22:42:11,25.3,42.4
07/12/2026,22:47:11,25.3,42.5
07/12/2026,22:52:11,25.2,42.6
07/12/2026,22:57:11,25.2,42.8
07/12/2026,23:02:11,25.1,42.9
07/12/2026,23:07:11,25.1,43.0
07/12/2026,23:12:11,25.0,43.2
07/12/2026,23:17:11,25.0,43.4
07/12/2026,23:22:11,24.9,43.7
07/12/2026,23:27:11,24.9,43.8
07/12/2026,23:32:11,24.9,44.0
07/12/2026,23:37:11,24.8,44.2
07/12/2026,23:42:11,24.7,44.4
07/12/2026,23:47:11,24.7,44.6
07/12/2026,23:52:11,24.6,44.9
07/12/2026,23:57:11,24.6,45.1
07/13/2026,00:02:11,24.6,45.4
07/13/2026,00:07:11,24.5,45.6
07/13/2026,00:12:11,24.5,45.8
07/13/2026,00:17:11,24.5,46.0
07/13/2026,00:22:11,24.4,46.2
07/13/2026,00:27:11,24.4,46.4
07/13/2026,00:32:11,24.3,46.5
07/13/2026,00:37:11,24.3,46.7
07/13/2026,00:42:11,24.3,46.9
07/13/2026,00:47:11,24.2,47.1
07/13/2026,00:52:11,24.2,47.2
07/13/2026,00:57:11,24.2,47.3
07/13/2026,01:02:11,24.1,47.5
07/13/2026,01:07:11,24.1,47.7
07/13/2026,01:12:11,24.0,47.8
07/13/2026,01:17:11,24.0,48.0
07/13/2026,01:22:11,24.0,48.0
07/13/2026,01:27:11,23.9,48.3
07/13/2026,01:32:11,23.9,48.3
07/13/2026,01:37:11,23.8,48.5
07/13/2026,01:42:11,23.8,48.5
07/13/2026,01:47:11,23.7,48.6
07/13/2026,01:52:11,23.7,48.7
07/13/2026,01:57:11,23.7,48.8
07/13/2026,02:02:11,23.7,48.9
07/13/2026,02:07:11,23.6,48.9
07/13/2026,02:12:11,23.6,49.0
07/13/2026,02:17:11,23.6,49.0
07/13/2026,02:22:11,23.5,49.2
07/13/2026,02:27:11,23.5,49.2
07/13/2026,02:32:11,23.4,49.2
07/13/2026,02:37:11,23.4,49.2
07/13/2026,02:42:11,23.4,49.3
07/13/2026,02:47:11,23.3,49.4
07/13/2026,02:52:11,23.3,49.3
07/13/2026,02:57:11,23.2,49.4
07/13/2026,03:02:11,23.2,49.4
07/13/2026,03:07:11,23.2,49.3
07/13/2026,03:12:11,23.1,49.4
07/13/2026,03:17:11,23.1,49.4
07/13/2026,03:22:11,23.0,49.5
07/13/2026,03:27:11,23.0,49.5
07/13/2026,03:32:11,23.0,49.4
07/13/2026,03:37:11,22.9,49.5
07/13/2026,03:42:11,22.9,49.6
07/13/2026,03:47:11,22.9,49.7
07/13/2026,03:52:11,22.9,49.8
07/13/2026,03:57:11,22.9,49.9
07/13/2026,04:02:11,22.9,50.1
07/13/2026,04:07:11,22.8,50.2
07/13/2026,04:12:11,22.8,50.4
07/13/2026,04:17:11,22.8,50.5
07/13/2026,04:22:11,22.8,50.7
07/13/2026,04:27:11,22.8,51.0
07/13/2026,04:32:11,22.7,51.2
07/13/2026,04:37:11,22.7,51.6
07/13/2026,04:42:11,22.7,51.8
07/13/2026,04:47:11,22.8,52.1
07/13/2026,04:52:11,22.7,52.4
07/13/2026,04:57:11,22.7,52.6
07/13/2026,05:02:11,22.7,52.8
07/13/2026,05:07:11,22.7,52.9
07/13/2026,05:12:11,22.7,53.1
07/13/2026,05:17:11,22.7,53.3
07/13/2026,05:22:11,22.7,53.5
07/13/2026,05:27:11,22.7,53.6
07/13/2026,05:32:11,22.7,53.7
07/13/2026,05:37:11,22.7,53.9
07/13/2026,05:42:11,22.7,54.1
07/13/2026,05:47:11,22.7,54.1
07/13/2026,05:52:11,22.7,54.2
07/13/2026,05:57:11,22.7,54.3
07/13/2026,06:02:11,22.7,54.3
07/13/2026,06:07:11,22.7,54.4
07/13/2026,06:12:11,22.7,54.4
07/13/2026,06:17:11,22.6,54.5
07/13/2026,06:22:11,22.6,54.7
07/13/2026,06:27:11,22.6,54.7
07/13/2026,06:32:11,22.6,54.8
07/13/2026,06:37:11,22.6,54.8
07/13/2026,06:42:11,22.6,55.0
07/13/2026,06:47:11,22.6,55.0
07/13/2026,06:52:11,22.6,55.1
07/13/2026,06:57:11,22.6,55.2
07/13/2026,07:02:11,22.6,55.2
07/13/2026,07:07:11,22.6,55.2
07/13/2026,07:12:11,22.6,55.3
07/13/2026,07:17:11,22.6,55.5
07/13/2026,07:22:11,22.6,55.4
07/13/2026,07:27:11,22.6,55.5
07/13/2026,07:32:11,22.6,55.5
07/13/2026,07:37:11,22.6,55.6
07/13/2026,07:42:11,22.7,55.5
07/13/2026,07:47:11,22.7,55.5
07/13/2026,07:52:11,22.7,55.5
07/13/2026,07:57:11,22.8,55.6
07/13/2026,08:02:11,22.8,55.5
07/13/2026,08:07:11,22.8,55.4
07/13/2026,08:12:11,22.9,55.4
07/13/2026,08:17:11,22.9,55.4
07/13/2026,08:22:11,23.0,55.3
07/13/2026,08:27:11,23.0,55.0
07/13/2026,08:32:11,23.0,55.0
07/13/2026,08:37:11,23.1,54.8
07/13/2026,08:42:11,23.1,54.8
07/13/2026,08:47:11,23.1,54.7
07/13/2026,08:52:11,23.1,54.7
07/13/2026,08:57:11,23.2,54.6
07/13/2026,09:02:11,23.2,54.5
07/13/2026,09:07:11,23.2,54.4
07/13/2026,09:12:11,23.2,54.4
07/13/2026,09:17:11,23.2,54.4
07/13/2026,09:22:11,23.3,54.4
07/13/2026,09:27:11,23.2,54.3
07/13/2026,09:32:11,23.2,54.3
07/13/2026,09:37:11,23.3,54.3
07/13/2026,09:42:11,23.3,54.4
07/13/2026,09:47:11,23.3,54.4
07/13/2026,09:52:11,23.3,54.4
07/13/2026,09:57:11,23.3,54.4
07/13/2026,10:02:11,23.3,54.5
07/13/2026,10:07:11,23.3,54.5
07/13/2026,10:12:11,23.4,54.5
07/13/2026,10:17:11,23.4,54.5
07/13/2026,10:22:11,23.4,54.5
07/13/2026,10:27:11,23.4,54.5
07/13/2026,10:32:11,23.4,54.5
07/13/2026,10:37:11,23.4,54.5
07/13/2026,10:42:11,23.4,54.5
07/13/2026,10:47:11,23.4,54.5
07/13/2026,10:52:11,23.4,54.5
07/13/2026,10:57:11,23.4,54.4
07/13/2026,11:02:11,23.4,54.5
07/13/2026,11:07:11,23.4,54.5
07/13/2026,11:12:11,23.4,54.4
07/13/2026,11:17:11,23.4,54.5
07/13/2026,11:22:11,23.4,54.5
07/13/2026,11:27:11,23.4,54.5
07/13/2026,11:32:11,23.4,54.5
07/13/2026,11:37:11,23.4,54.5
07/13/2026,11:42:11,23.5,54.5
07/13/2026,11:47:11,23.5,54.4
07/13/2026,11:52:11,23.5,54.4
07/13/2026,11:57:11,23.5,54.5
07/13/2026,12:02:11,23.5,54.5
07/13/2026,12:07:11,23.5,54.5
07/13/2026,12:12:11,23.5,54.4
07/13/2026,12:17:11,23.5,54.4
07/13/2026,12:22:11,23.5,54.4
07/13/2026,12:27:11,23.6,54.4
07/13/2026,12:32:11,23.6,54.4
07/13/2026,12:37:11,23.6,54.5
07/13/2026,12:42:11,23.6,54.5
07/13/2026,12:47:11,23.6,54.5
07/13/2026,12:52:11,23.7,54.6
07/13/2026,12:57:11,23.7,54.5
07/13/2026,13:02:11,23.7,54.5
07/13/2026,13:07:11,23.7,54.5
07/13/2026,13:12:11,23.7,54.5
07/13/2026,13:17:11,23.7,54.5
07/13/2026,13:22:11,23.8,54.4
07/13/2026,13:27:11,23.8,54.5
07/13/2026,13:32:11,23.8,54.4
07/13/2026,13:37:11,23.8,54.4
07/13/2026,13:42:11,23.8,54.4
07/13/2026,13:47:11,23.9,54.4
07/13/2026,13:52:11,23.9,54.3
07/13/2026,13:57:11,24.0,54.3
07/13/2026,14:02:11,24.0,54.3
07/13/2026,14:07:11,24.0,54.3
07/13/2026,14:12:11,24.1,54.1
07/13/2026,14:17:11,24.1,54.1
07/13/2026,14:22:11,24.1,54.1
07/13/2026,14:27:11,24.2,54.0
07/13/2026,14:32:11,24.2,53.9
07/13/2026,14:37:11,24.2,53.9
07/13/2026,14:42:11,24.3,53.9
07/13/2026,14:47:11,24.3,53.9
07/13/2026,14:52:11,24.3,53.8
07/13/2026,14:57:11,24.4,53.7
07/13/2026,15:02:11,24.4,53.8
07/13/2026,15:07:11,24.5,53.7
07/13/2026,15:12:11,24.5,53.7
07/13/2026,15:17:11,24.5,53.7
07/13/2026,15:22:11,24.6,53.6
07/13/2026,15:27:11,24.6,53.6
07/13/2026,15:32:11,24.7,53.6
07/13/2026,15:37:11,24.7,53.6
07/13/2026,15:42:11,24.8,53.6
07/13/2026,15:47:11,24.8,53.6
07/13/2026,15:52:11,24.9,53.6
07/13/2026,15:57:11,24.9,53.6
07/13/2026,16:02:11,25.0,53.6
07/13/2026,16:07:11,25.1,53.7
07/13/2026,16:12:11,25.1,53.6
07/13/2026,16:17:11,25.1,53.6
07/13/2026,16:22:11,25.1,53.8
07/13/2026,16:27:11,25.2,53.8
07/13/2026,16:32:11,25.2,53.8
07/13/2026,16:37:11,25.3,53.8
07/13/2026,16:42:11,25.3,53.8
07/13/2026,16:47:11,25.4,53.9
07/13/2026,16:52:11,25.4,53.9
07/13/2026,16:57:11,25.4,54.0
07/13/2026,17:02:11,25.4,53.8
07/13/2026,17:07:11,25.4,53.9
07/13/2026,17:12:11,25.4,54.0
07/13/2026,17:17:11,25.5,53.9
07/13/2026,17:22:11,25.5,54.0
07/13/2026,17:27:11,25.6,53.9
07/13/2026,17:32:11,25.6,53.8
07/13/2026,17:37:11,25.6,53.9
07/13/2026,17:42:11,25.7,53.8
07/13/2026,17:47:11,25.7,53.7
07/13/2026,17:52:11,25.8,53.7
07/13/2026,17:57:11,25.9,53.5
07/13/2026,18:02:11,25.9,53.4
07/13/2026,18:07:11,26.1,53.4
07/13/2026,18:12:11,26.1,53.3
07/13/2026,18:17:11,26.1,53.2
07/13/2026,18:22:11,26.2,53.2
07/13/2026,18:27:11,26.2,53.0
07/13/2026,18:32:11,26.3,53.0
07/13/2026,18:37:11,26.3,53.0
07/13/2026,18:42:11,26.2,53.0
07/13/2026,18:47:11,26.2,53.0
07/13/2026,18:52:11,26.1,53.0
07/13/2026,18:57:11,26.1,53.1
07/13/2026,19:02:11,26.0,53.2
07/13/2026,19:07:11,25.9,53.3
07/13/2026,19:12:11,25.9,53.3
07/13/2026,19:17:11,25.8,53.4
07/13/2026,19:22:11,25.7,53.5
07/13/2026,19:27:11,25.7,53.6
07/13/2026,19:32:11,25.7,53.6
07/13/2026,19:37:11,25.6,53.7
07/13/2026,19:42:11,25.6,53.7
07/13/2026,19:47:11,25.6,53.7
07/13/2026,19:52:11,25.5,53.8
07/13/2026,19:57:11,25.5,53.9
07/13/2026,20:02:11,25.4,53.9
07/13/2026,20:07:11,25.4,54.0
07/13/2026,20:12:11,25.3,54.1
07/13/2026,20:17:11,25.3,54.1
07/13/2026,20:22:11,25.3,54.1
07/13/2026,20:27:11,25.3,54.2
07/13/2026,20:32:11,25.2,54.2
07/13/2026,20:37:11,25.2,54.2
07/13/2026,20:42:11,25.2,54.3
07/13/2026,20:47:11,25.1,54.2
07/13/2026,20:52:11,25.1,54.3
07/13/2026,20:57:11,25.1,54.3
07/13/2026,21:02:11,25.1,54.3
07/13/2026,21:07:11,25.0,54.3
07/13/2026,21:12:11,25.0,54.3
07/13/2026,21:17:11,25.0,54.3
07/13/2026,21:22:11,24.9,54.3
07/13/2026,21:27:11,24.9,54.4
07/13/2026,21:32:11,24.9,54.4
07/13/2026,21:37:11,24.9,54.5
07/13/2026,21:42:11,24.8,54.5
07/13/2026,21:47:11,24.8,54.5
07/13/2026,21:52:11,24.8,54.5
07/13/2026,21:57:11,24.8,54.5
07/13/2026,22:02:11,24.7,54.6
07/13/2026,22:07:11,24.7,54.6
07/13/2026,22:12:11,24.7,54.6
07/13/2026,22:17:11,24.7,54.6
07/13/2026,22:22:11,24.6,54.6
07/13/2026,22:27:11,24.6,54.7
07/13/2026,22:32:11,24.6,54.6
07/13/2026,22:37:11,24.6,54.7
07/13/2026,22:42:11,24.5,54.7
07/13/2026,22:47:11,24.5,54.8
07/13/2026,22:52:11,24.5,54.7
07/13/2026,22:57:11,24.5,54.7
07/13/2026,23:02:11,24.4,54.8
07/13/2026,23:07:11,24.4,54.8
07/13/2026,23:12:11,24.4,54.8
07/13/2026,23:17:11,24.4,54.8
07/13/2026,23:22:11,24.3,54.8
07/13/2026,23:27:11,24.3,54.8
07/13/2026,23:32:11,24.3,54.8
07/13/2026,23:37:11,24.2,54.8
07/13/2026,23:42:11,24.2,54.9
07/13/2026,23:47:11,24.2,54.8
07/13/2026,23:52:11,24.2,54.9
07/13/2026,23:57:11,24.1,54.9
07/14/2026,00:02:11,24.1,54.9
07/14/2026,00:07:11,24.1,54.9
07/14/2026,00:12:11,24.1,54.9
07/14/2026,00:17:11,24.0,54.9
07/14/2026,00:22:11,24.0,55.0
07/14/2026,00:27:11,24.0,55.0
07/14/2026,00:32:11,24.0,55.0
07/14/2026,00:37:11,24.0,55.0
07/14/2026,00:42:11,23.9,55.0
07/14/2026,00:47:11,23.9,55.0
07/14/2026,00:52:11,23.9,55.1
07/14/2026,00:57:11,23.8,55.1
07/14/2026,01:02:11,23.8,55.1
07/14/2026,01:07:11,23.8,55.2
07/14/2026,01:12:11,23.8,55.2
07/14/2026,01:17:11,23.8,55.3
07/14/2026,01:22:11,23.7,55.3
07/14/2026,01:27:11,23.7,55.4
07/14/2026,01:32:11,23.7,55.4
07/14/2026,01:37:11,23.7,55.4
07/14/2026,01:42:11,23.7,55.4
07/14/2026,01:47:11,23.7,55.5
07/14/2026,01:52:11,23.6,55.5
07/14/2026,01:57:11,23.6,55.5
07/14/2026,02:02:11,23.6,55.5
07/14/2026,02:07:11,23.6,55.5
07/14/2026,02:12:11,23.6,55.6
07/14/2026,02:17:11,23.6,55.6
07/14/2026,02:22:11,23.5,55.6
07/14/2026,02:27:11,23.5,55.6
07/14/2026,02:32:11,23.5,55.7
07/14/2026,02:37:11,23.5,55.6
07/14/2026,02:42:11,23.5,55.7
07/14/2026,02:47:11,23.4,55.7
07/14/2026,02:52:11,23.4,55.7
07/14/2026,02:57:11,23.4,55.7
07/14/2026,03:02:11,23.4,55.7
07/14/2026,03:07:11,23.4,55.8
07/14/2026,03:12:11,23.4,55.8
07/14/2026,03:17:11,23.3,55.8
07/14/2026,03:22:11,23.3,55.9
07/14/2026,03:27:11,23.3,55.9
07/14/2026,03:32:11,23.3,56.0
07/14/2026,03:37:11,23.2,56.0
07/14/2026,03:42:11,23.3,56.1
07/14/2026,03:47:11,23.2,56.1
07/14/2026,03:52:11,23.2,56.2
07/14/2026,03:57:11,23.2,56.3
07/14/2026,04:02:11,23.2,56.3
07/14/2026,04:07:11,23.2,56.4
07/14/2026,04:12:11,23.2,56.4
07/14/2026,04:17:11,23.2,56.4
07/14/2026,04:22:11,23.2,56.5
07/14/2026,04:27:11,23.2,56.5
07/14/2026,04:32:11,23.1,56.5
07/14/2026,04:37:11,23.2,56.6
07/14/2026,04:42:11,23.2,56.6
07/14/2026,04:47:11,23.1,56.7
07/14/2026,04:52:11,23.1,56.8
07/14/2026,04:57:11,23.1,56.8
07/14/2026,05:02:11,23.1,56.8
07/14/2026,05:07:11,23.1,56.9
07/14/2026,05:12:11,23.1,56.9
07/14/2026,05:17:11,23.1,56.9
07/14/2026,05:22:11,23.1,56.9
07/14/2026,05:27:11,23.1,57.0
07/14/2026,05:32:11,23.1,57.0
07/14/2026,05:37:11,23.0,57.0
07/14/2026,05:42:11,23.0,57.1
07/14/2026,05:47:11,23.0,57.1
07/14/2026,05:52:11,23.0,57.1
07/14/2026,05:57:11,23.0,57.1
07/14/2026,06:02:11,23.0,57.2
07/14/2026,06:07:11,23.0,57.2
07/14/2026,06:12:11,23.0,57.2
07/14/2026,06:17:11,23.0,57.2
07/14/2026,06:22:11,23.0,57.3
07/14/2026,06:27:11,23.0,57.3
07/14/2026,06:32:11,23.0,57.4
07/14/2026,06:37:11,23.0,57.4
07/14/2026,06:42:11,22.9,57.5
07/14/2026,06:47:11,23.0,57.5
07/14/2026,06:52:11,23.0,57.5
07/14/2026,06:57:11,23.0,57.5
07/14/2026,07:02:11,23.0,57.6
07/14/2026,07:07:11,22.9,57.6
07/14/2026,07:12:11,22.9,57.7
07/14/2026,07:17:11,22.9,57.7
07/14/2026,07:22:11,22.9,57.7
07/14/2026,07:27:11,22.9,57.8
07/14/2026,07:32:11,22.9,57.9
07/14/2026,07:37:11,22.9,57.9
07/14/2026,07:42:11,22.9,57.9
07/14/2026,07:47:11,22.9,58.0
07/14/2026,07:52:11,22.9,58.0
07/14/2026,07:57:11,22.9,58.1
07/14/2026,08:02:11,22.9,58.1
07/14/2026,08:07:11,22.9,58.3
07/14/2026,08:12:11,22.9,58.2
07/14/2026,08:17:11,22.9,58.3
07/14/2026,08:22:11,22.9,58.3
07/14/2026,08:27:11,22.9,58.3
07/14/2026,08:32:11,22.9,58.4
07/14/2026,08:37:11,22.9,58.4
07/14/2026,08:42:11,22.9,58.5
07/14/2026,08:47:11,22.9,58.5
07/14/2026,08:52:11,22.9,58.5
07/14/2026,08:57:11,22.9,58.4
07/14/2026,09:02:11,22.9,58.5
07/14/2026,09:07:11,22.9,58.6
07/14/2026,09:12:11,22.9,58.6
07/14/2026,09:17:11,22.9,58.6
07/14/2026,09:22:11,22.9,58.6
07/14/2026,09:27:11,22.9,58.6
07/14/2026,09:32:11,22.9,58.7
07/14/2026,09:37:11,23.0,58.7
07/14/2026,09:42:11,22.9,58.7
07/14/2026,09:47:11,23.0,58.8
07/14/2026,09:52:11,23.0,58.8
07/14/2026,09:57:11,23.0,58.9
07/14/2026,10:02:11,23.0,58.9
07/14/2026,10:07:11,23.0,59.0
07/14/2026,10:12:11,22.9,59.0
07/14/2026,10:17:11,23.0,59.1
07/14/2026,10:22:11,22.9,59.2
07/14/2026,10:27:11,22.9,59.2
07/14/2026,10:32:11,23.0,59.3
07/14/2026,10:37:11,23.0,59.3
07/14/2026,10:42:11,22.9,59.2
07/14/2026,10:47:11,22.9,59.4
07/14/2026,10:52:11,22.9,59.4
07/14/2026,10:57:11,22.9,59.4
07/14/2026,11:02:11,23.0,59.5
07/14/2026,11:07:11,22.9,59.4
07/14/2026,11:12:11,23.0,59.4
07/14/2026,11:17:11,22.9,59.5
07/14/2026,11:22:11,23.0,59.5
07/14/2026,11:27:11,22.9,59.5
07/14/2026,11:32:11,22.9,59.5
07/14/2026,11:37:11,22.9,59.6
07/14/2026,11:42:11,23.0,59.6
07/14/2026,11:47:11,22.9,59.7
07/14/2026,11:52:11,22.9,59.7
07/14/2026,11:57:11,22.9,59.7
07/14/2026,12:02:11,22.9,59.7
07/14/2026,12:07:11,23.0,59.8
07/14/2026,12:12:11,23.0,59.7
07/14/2026,12:17:11,23.0,59.7
07/14/2026,12:22:11,23.0,59.8
07/14/2026,12:27:11,23.0,59.9
07/14/2026,12:32:11,23.0,59.9
07/14/2026,12:37:11,23.0,59.9
07/14/2026,12:42:11,23.0,60.0
07/14/2026,12:47:11,23.0,60.2
07/14/2026,12:52:11,23.1,60.3
07/14/2026,12:57:11,23.1,60.5
07/14/2026,13:02:11,23.1,60.6
07/14/2026,13:07:11,23.2,60.7
07/14/2026,13:12:11,23.2,61.0
07/14/2026,13:17:11,23.3,60.9
07/14/2026,13:22:11,23.3,60.8
07/14/2026,13:27:11,23.3,60.9
07/14/2026,13:32:11,23.3,60.8
07/14/2026,13:37:11,23.4,60.8
07/14/2026,13:42:11,23.4,60.9
07/14/2026,13:47:11,23.4,60.8
07/14/2026,13:52:11,23.5,60.8
07/14/2026,13:57:11,23.5,60.8
07/14/2026,14:02:11,23.5,60.8
07/14/2026,14:07:11,23.6,60.7
07/14/2026,14:12:11,23.6,60.7
07/14/2026,14:17:11,23.6,60.7
07/14/2026,14:22:11,23.7,60.7
07/14/2026,14:27:11,23.7,60.6
07/14/2026,14:32:11,23.8,60.6
07/14/2026,14:37:11,23.8,60.6
07/14/2026,14:42:11,23.8,60.6
07/14/2026,14:47:11,23.9,60.5
07/14/2026,14:52:11,23.9,60.5
07/14/2026,14:57:11,24.0,60.5
07/14/2026,15:02:11,24.0,60.5
07/14/2026,15:07:11,24.1,60.4
07/14/2026,15:12:11,24.1,60.4
07/14/2026,15:17:11,24.2,60.3
07/14/2026,15:22:11,24.2,60.3
07/14/2026,15:27:11,24.2,60.3
07/14/2026,15:32:11,24.3,60.2
07/14/2026,15:37:11,24.4,60.1
07/14/2026,15:42:11,24.4,60.1
07/14/2026,15:47:11,24.5,60.1
07/14/2026,15:52:11,24.5,60.0
07/14/2026,15:57:11,24.5,59.9
07/14/2026,16:02:11,24.6,59.8
07/14/2026,16:07:11,24.6,59.7
07/14/2026,16:12:11,24.7,59.7
07/14/2026,16:17:11,24.7,59.6
07/14/2026,16:22:11,24.8,59.5
07/14/2026,16:27:11,24.8,59.4
07/14/2026,16:32:11,24.9,59.3
07/14/2026,16:37:11,24.9,59.3
07/14/2026,16:42:11,24.9,59.2
07/14/2026,16:47:11,25.0,59.1
07/14/2026,16:52:11,25.0,59.0
07/14/2026,16:57:11,25.0,58.9
07/14/2026,17:02:11,25.1,58.8
07/14/2026,17:07:11,25.1,58.7
07/14/2026,17:12:11,25.1,58.6
07/14/2026,17:17:11,25.1,58.6
07/14/2026,17:22:11,25.2,58.5
07/14/2026,17:27:11,25.2,58.4
07/14/2026,17:32:11,25.2,58.3
07/14/2026,17:37:11,25.3,58.2
07/14/2026,17:42:11,25.3,58.1
07/14/2026,17:47:11,25.3,58.0
07/14/2026,17:52:11,25.4,57.9
07/14/2026,17:57:11,25.5,57.7
07/14/2026,18:02:11,25.6,57.4
07/14/2026,18:07:11,25.7,57.2
07/14/2026,18:12:11,25.9,57.0
07/14/2026,18:17:11,26.0,56.7
07/14/2026,18:22:11,26.1,56.6
07/14/2026,18:27:11,26.2,56.4
07/14/2026,18:32:11,26.3,56.0
07/14/2026,18:37:11,26.5,55.8
07/14/2026,18:42:11,26.6,55.5
07/14/2026,18:47:11,26.7,55.4
07/14/2026,18:52:11,26.8,55.1
07/14/2026,18:57:11,26.8,54.9
07/14/2026,19:02:11,26.7,55.0
07/14/2026,19:07:11,26.5,55.1
07/14/2026,19:12:11,26.3,55.3
07/14/2026,19:17:11,26.2,55.6
07/14/2026,19:22:11,26.0,55.7
07/14/2026,19:27:11,25.9,55.9
07/14/2026,19:32:11,25.8,56.1
07/14/2026,19:37:11,25.8,56.2
07/14/2026,19:42:11,25.7,56.4
07/14/2026,19:47:11,25.6,56.6
07/14/2026,19:52:11,25.5,56.6
07/14/2026,19:57:11,25.5,56.8
07/14/2026,20:02:11,25.4,56.9
07/14/2026,20:07:11,25.3,56.9
07/14/2026,20:12:11,25.3,57.1
07/14/2026,20:17:11,25.2,57.2
07/14/2026,20:22:11,25.2,57.4
07/14/2026,20:27:11,25.1,57.5
07/14/2026,20:32:11,25.1,57.5
07/14/2026,20:37:11,25.1,57.5
07/14/2026,20:42:11,25.1,57.5
07/14/2026,20:47:11,25.0,57.5
07/14/2026,20:52:11,25.0,57.5
07/14/2026,20:57:11,25.0,57.4
07/14/2026,21:02:11,25.0,57.4
07/14/2026,21:07:11,25.0,57.4
07/14/2026,21:12:11,25.0,57.4
07/14/2026,21:17:11,25.0,57.5
07/14/2026,21:22:11,24.9,57.4
07/14/2026,21:27:11,25.0,57.5
07/14/2026,21:32:11,24.9,57.5
07/14/2026,21:37:11,24.9,57.4
07/14/2026,21:42:11,24.9,57.5
07/14/2026,21:47:11,24.9,57.4
07/14/2026,21:52:11,24.9,57.5
07/14/2026,21:57:11,24.9,57.4
07/14/2026,22:02:11,24.8,57.5
07/14/2026,22:07:11,24.8,57.5
07/14/2026,22:12:11,24.8,57.5
07/14/2026,22:17:11,24.8,57.5
07/14/2026,22:22:11,24.8,57.4
07/14/2026,22:27:11,24.8,57.5
07/14/2026,22:32:11,24.8,57.5
07/14/2026,22:37:11,24.8,57.5
07/14/2026,22:42:11,24.7,57.5
07/14/2026,22:47:11,24.7,57.5
07/14/2026,22:52:11,24.7,57.5
07/14/2026,22:57:11,24.7,57.5
07/14/2026,23:02:11,24.7,57.5
07/14/2026,23:07:11,24.6,57.5
07/14/2026,23:12:11,24.6,57.5
07/14/2026,23:17:11,24.6,57.5
07/14/2026,23:22:11,24.6,57.5
07/14/2026,23:27:11,24.6,57.5
07/14/2026,23:32:11,24.5,57.5
07/14/2026,23:37:11,24.6,57.5
07/14/2026,23:42:11,24.6,57.5
07/14/2026,23:47:11,24.5,57.5
07/14/2026,23:52:11,24.5,57.5
07/14/2026,23:57:11,24.5,57.5
07/15/2026,00:02:11,24.5,57.5
07/15/2026,00:07:11,24.5,57.5
07/15/2026,00:12:11,24.4,57.5
07/15/2026,00:17:11,24.5,57.5
07/15/2026,00:22:11,24.4,57.5
07/15/2026,00:27:11,24.4,57.5
07/15/2026,00:32:11,24.4,57.5
07/15/2026,00:37:11,24.4,57.5
07/15/2026,00:42:11,24.4,57.4
07/15/2026,00:47:11,24.3,57.5
07/15/2026,00:52:11,24.3,57.4
07/15/2026,00:57:11,24.3,57.5
07/15/2026,01:02:11,24.3,57.5
07/15/2026,01:07:11,24.3,57.4
07/15/2026,01:12:11,24.2,57.5
07/15/2026,01:17:11,24.2,57.4
07/15/2026,01:22:11,24.2,57.5
07/15/2026,01:27:11,24.2,57.5
07/15/2026,01:32:11,24.2,57.5
07/15/2026,01:37:11,24.1,57.4
07/15/2026,01:42:11,24.2,57.5
07/15/2026,01:47:11,24.1,57.4
07/15/2026,01:52:11,24.1,57.4
07/15/2026,01:57:11,24.1,57.4
07/15/2026,02:02:11,24.1,57.4
07/15/2026,02:07:11,24.0,57.4
07/15/2026,02:12:11,24.0,57.4
07/15/2026,02:17:11,24.0,57.4
07/15/2026,02:22:11,24.0,57.4
07/15/2026,02:27:11,24.0,57.4
07/15/2026,02:32:11,24.0,57.4
07/15/2026,02:37:11,24.0,57.4
07/15/2026,02:42:11,23.9,57.3
07/15/2026,02:47:11,23.9,57.4
07/15/2026,02:52:11,23.9,57.3
07/15/2026,02:57:11,23.9,57.4
07/15/2026,03:02:11,23.9,57.4
07/15/2026,03:07:11,23.8,57.4
07/15/2026,03:12:11,23.8,57.4
07/15/2026,03:17:11,23.8,57.4
07/15/2026,03:22:11,23.8,57.4
07/15/2026,03:27:11,23.8,57.3
07/15/2026,03:32:11,23.8,57.3
07/15/2026,03:37:11,23.8,57.4
07/15/2026,03:42:11,23.8,57.3
07/15/2026,03:47:11,23.7,57.4
07/15/2026,03:52:11,23.8,57.4
07/15/2026,03:57:11,23.7,57.4
07/15/2026,04:02:11,23.7,57.4
07/15/2026,04:07:11,23.7,57.4
07/15/2026,04:12:11,23.7,57.4
07/15/2026,04:17:11,23.6,57.5
07/15/2026,04:22:11,23.7,57.5
07/15/2026,04:27:11,23.7,57.4
07/15/2026,04:32:11,23.6,57.5
07/15/2026,04:37:11,23.6,57.4
07/15/2026,04:42:11,23.6,57.5
07/15/2026,04:47:11,23.6,57.5
07/15/2026,04:52:11,23.6,57.5
07/15/2026,04:57:11,23.6,57.5
07/15/2026,05:02:11,23.6,57.5
07/15/2026,05:07:11,23.6,57.5
07/15/2026,05:12:11,23.6,57.6
07/15/2026,05:17:11,23.5,57.5
07/15/2026,05:22:11,23.5,57.6
07/15/2026,05:27:11,23.5,57.6
07/15/2026,05:32:11,23.5,57.6
07/15/2026,05:37:11,23.5,57.6
07/15/2026,05:42:11,23.5,57.6
07/15/2026,05:47:11,23.5,57.6
07/15/2026,05:52:11,23.5,57.6
07/15/2026,05:57:11,23.5,57.6
07/15/2026,06:02:11,23.4,57.6
07/15/2026,06:07:11,23.4,57.7
07/15/2026,06:12:11,23.4,57.7
07/15/2026,06:17:11,23.4,57.7
07/15/2026,06:22:11,23.4,57.7
07/15/2026,06:27:11,23.4,57.7
07/15/2026,06:32:11,23.4,57.7
07/15/2026,06:37:11,23.4,57.7
07/15/2026,06:42:11,23.4,57.8
07/15/2026,06:47:11,23.4,57.8
07/15/2026,06:52:11,23.4,57.7
07/15/2026,06:57:11,23.4,57.8
07/15/2026,07:02:11,23.3,57.8
07/15/2026,07:07:11,23.4,57.8
07/15/2026,07:12:11,23.3,57.8
07/15/2026,07:17:11,23.3,57.8
07/15/2026,07:22:11,23.3,57.8
07/15/2026,07:27:11,23.3,57.8
07/15/2026,07:32:11,23.3,57.8
07/15/2026,07:37:11,23.3,57.8
07/15/2026,07:42:11,23.3,57.8
07/15/2026,07:47:11,23.3,57.8
07/15/2026,07:52:11,23.3,57.8
07/15/2026,07:57:11,23.3,57.8
07/15/2026,08:02:11,23.3,57.9
07/15/2026,08:07:11,23.3,57.9
07/15/2026,08:12:11,23.2,57.8
07/15/2026,08:17:11,23.2,57.9
07/15/2026,08:22:11,23.2,57.8
07/15/2026,08:27:11,23.2,57.8
07/15/2026,08:32:11,23.3,57.8
07/15/2026,08:37:11,23.2,57.8
07/15/2026,08:42:11,23.2,57.9
07/15/2026,08:47:11,23.2,57.9
07/15/2026,08:52:11,23.2,58.0
07/15/2026,08:57:11,23.2,58.1
07/15/2026,09:02:11,23.2,58.1
07/15/2026,09:07:11,23.2,58.3
07/15/2026,09:12:11,23.2,58.4
07/15/2026,09:17:11,23.2,58.3
07/15/2026,09:22:11,23.2,58.3
07/15/2026,09:27:11,23.2,58.4
07/15/2026,09:32:11,23.2,58.4
07/15/2026,09:37:11,23.2,58.5
07/15/2026,09:42:11,23.2,58.6
07/15/2026,09:47:11,23.2,58.6
07/15/2026,09:52:11,23.2,58.7
07/15/2026,09:57:11,23.2,58.7
07/15/2026,10:02:11,23.2,58.7
07/15/2026,10:07:11,23.3,58.7
07/15/2026,10:12:11,23.3,58.8
07/15/2026,10:17:11,23.3,58.7
07/15/2026,10:22:11,23.3,58.8
07/15/2026,10:27:11,23.3,58.8
07/15/2026,10:32:11,23.3,58.7
07/15/2026,10:37:11,23.3,58.6
07/15/2026,10:42:11,23.3,58.6
07/15/2026,10:47:11,23.3,58.6
07/15/2026,10:52:11,23.3,58.7
07/15/2026,10:57:11,23.3,58.6
07/15/2026,11:02:11,23.3,58.7
07/15/2026,11:07:11,23.3,58.7
07/15/2026,11:12:11,23.3,58.6
07/15/2026,11:17:11,23.3,58.6
07/15/2026,11:22:11,23.4,58.5
07/15/2026,11:27:11,23.4,58.6
07/15/2026,11:32:11,23.4,58.6
07/15/2026,11:37:11,23.4,58.5
07/15/2026,11:42:11,23.4,58.4
07/15/2026,11:47:11,23.4,58.5
07/15/2026,11:52:11,23.4,58.5
07/15/2026,11:57:11,23.4,58.5
07/15/2026,12:02:11,23.4,58.5
07/15/2026,12:07:11,23.4,58.5
07/15/2026,12:12:11,23.5,58.5
07/15/2026,12:17:11,23.5,58.5
07/15/2026,12:22:11,23.5,58.5
07/15/2026,12:27:11,23.5,58.4
07/15/2026,12:32:11,23.5,58.5
07/15/2026,12:37:11,23.6,58.5
07/15/2026,12:42:11,23.6,58.5
07/15/2026,12:47:11,23.6,58.5
07/15/2026,12:52:11,23.6,58.4
07/15/2026,12:57:11,23.7,58.5
07/15/2026,13:02:11,23.7,58.4
07/15/2026,13:07:11,23.7,58.3
07/15/2026,13:12:11,23.7,58.3
07/15/2026,13:17:11,23.7,58.1
07/15/2026,13:22:11,23.7,58.2
07/15/2026,13:27:11,23.8,58.2
07/15/2026,13:32:11,23.8,58.2
07/15/2026,13:37:11,23.8,58.1
07/15/2026,13:42:11,23.8,58.0
07/15/2026,13:47:11,23.9,58.0
07/15/2026,13:52:11,23.9,57.9
07/15/2026,13:57:11,23.9,57.9
07/15/2026,14:02:11,24.0,57.8
07/15/2026,14:07:11,24.0,57.7
07/15/2026,14:12:11,24.0,57.7
07/15/2026,14:17:11,24.1,57.6
07/15/2026,14:22:11,24.1,57.5
07/15/2026,14:27:11,24.1,57.4
07/15/2026,14:32:11,24.2,57.3
07/15/2026,14:37:11,24.2,57.2
07/15/2026,14:42:11,24.3,57.2
07/15/2026,14:47:11,24.3,57.1
07/15/2026,14:52:11,24.3,57.0
07/15/2026,14:57:11,24.4,56.8
07/15/2026,15:02:11,24.4,56.8
07/15/2026,15:07:11,24.5,56.7
07/15/2026,15:12:11,24.5,56.6
07/15/2026,15:17:11,24.6,56.5
07/15/2026,15:22:11,24.6,56.5
07/15/2026,15:27:11,24.7,56.4
07/15/2026,15:32:11,24.7,56.4
07/15/2026,15:37:11,24.8,56.4
07/15/2026,15:42:11,24.8,56.2
07/15/2026,15:47:11,24.9,56.2
07/15/2026,15:52:11,24.9,56.1
07/15/2026,15:57:11,24.9,56.0
07/15/2026,16:02:11,25.0,55.9
07/15/2026,16:07:11,25.0,55.8
07/15/2026,16:12:11,25.1,55.6
07/15/2026,16:17:11,25.1,55.5
07/15/2026,16:22:11,25.1,55.4
07/15/2026,16:27:11,25.1,55.2
07/15/2026,16:32:11,25.2,55.1
07/15/2026,16:37:11,25.2,55.1
07/15/2026,16:42:11,25.2,55.1
07/15/2026,16:47:11,25.2,55.0
07/15/2026,16:52:11,25.3,54.9
07/15/2026,16:57:11,25.3,54.9
07/15/2026,17:02:11,25.3,54.7
07/15/2026,17:07:11,25.4,54.6
07/15/2026,17:12:11,25.4,54.6
07/15/2026,17:17:11,25.4,54.4
07/15/2026,17:22:11,25.5,54.3
07/15/2026,17:27:11,25.5,54.3
07/15/2026,17:32:11,25.5,54.2
07/15/2026,17:37:11,25.6,54.3
07/15/2026,17:42:11,25.6,54.1
07/15/2026,17:47:11,25.6,54.1
07/15/2026,17:52:11,25.7,54.0
07/15/2026,17:57:11,25.7,53.9
07/15/2026,18:02:11,25.9,53.7
07/15/2026,18:07:11,26.0,53.6
07/15/2026,18:12:11,26.1,53.4
07/15/2026,18:17:11,26.2,53.1
07/15/2026,18:22:11,26.3,53.0
07/15/2026,18:27:11,26.4,52.7
07/15/2026,18:32:11,26.5,52.6
07/15/2026,18:37:11,26.6,52.3
07/15/2026,18:42:11,26.8,51.9
07/15/2026,18:47:11,26.9,51.9
07/15/2026,18:52:11,26.9,51.6
07/15/2026,18:57:11,26.9,51.4
07/15/2026,19:02:11,26.7,51.5
07/15/2026,19:07:11,26.5,51.8
07/15/2026,19:12:11,26.3,52.0
07/15/2026,19:17:11,26.2,52.2
07/15/2026,19:22:11,26.1,52.4
07/15/2026,19:27:11,26.0,52.6
07/15/2026,19:32:11,26.0,52.9
07/15/2026,19:37:11,25.9,52.9
07/15/2026,19:42:11,25.9,53.0
07/15/2026,19:47:11,25.8,53.1
07/15/2026,19:52:11,25.7,53.2
07/15/2026,19:57:11,25.7,53.2
07/15/2026,20:02:11,25.7,53.2
07/15/2026,20:07:11,25.6,53.3
07/15/2026,20:12:11,25.6,53.3
07/15/2026,20:17:11,25.6,53.3
07/15/2026,20:22:11,25.5,53.3
07/15/2026,20:27:11,25.4,53.3
07/15/2026,20:32:11,25.4,53.4
07/15/2026,20:37:11,25.4,53.4
07/15/2026,20:42:11,25.4,53.4
07/15/2026,20:47:11,25.3,53.5
07/15/2026,20:52:11,25.3,53.5
07/15/2026,20:57:11,25.3,53.6
07/15/2026,21:02:11,25.3,53.6
07/15/2026,21:07:11,25.3,53.7
07/15/2026,21:12:11,25.3,53.7
07/15/2026,21:17:11,25.3,53.6
07/15/2026,21:22:11,25.3,53.7
07/15/2026,21:27:11,25.3,53.7
07/15/2026,21:32:11,25.3,53.7
07/15/2026,21:37:11,25.2,53.7
07/15/2026,21:42:11,25.2,53.8
07/15/2026,21:47:11,25.2,53.7
07/15/2026,21:52:11,25.2,53.8
07/15/2026,21:57:11,25.2,53.7
07/15/2026,22:02:11,25.2,53.8
07/15/2026,22:07:11,25.1,53.8
07/15/2026,22:12:11,25.1,53.8
07/15/2026,22:17:11,25.1,53.8
07/15/2026,22:22:11,25.1,53.8
07/15/2026,22:27:11,25.1,53.9
07/15/2026,22:32:11,25.1,53.8
07/15/2026,22:37:11,25.0,53.9
07/15/2026,22:42:11,25.0,53.9
07/15/2026,22:47:11,25.0,53.9
07/15/2026,22:52:11,25.0,53.9
07/15/2026,22:57:11,25.0,53.9
07/15/2026,23:02:11,25.0,53.9
07/15/2026,23:07:11,24.9,54.0
07/15/2026,23:12:11,24.9,54.0
07/15/2026,23:17:11,24.9,54.0
07/15/2026,23:22:11,24.9,54.0
07/15/2026,23:27:11,24.9,54.1
07/15/2026,23:32:11,24.9,54.0
07/15/2026,23:37:11,24.8,54.0
07/15/2026,23:42:11,24.8,54.1
07/15/2026,23:47:11,24.8,54.1
07/15/2026,23:52:11,24.8,54.1
07/15/2026,23:57:11,24.8,54.1
07/16/2026,00:02:11,24.7,54.1
07/16/2026,00:07:11,24.7,54.1
07/16/2026,00:12:11,24.7,54.1
07/16/2026,00:17:11,24.7,54.1
07/16/2026,00:22:11,24.7,54.2
07/16/2026,00:27:11,24.7,54.2
07/16/2026,00:32:11,24.6,54.2
07/16/2026,00:37:11,24.6,54.2
07/16/2026,00:42:11,24.6,54.2
07/16/2026,00:47:11,24.5,54.2
07/16/2026,00:52:11,24.5,54.2
07/16/2026,00:57:11,24.5,54.2
07/16/2026,01:02:11,24.5,54.2
07/16/2026,01:07:11,24.5,54.2
07/16/2026,01:12:11,24.4,54.2
07/16/2026,01:17:11,24.4,54.3
07/16/2026,01:22:11,24.4,54.3
07/16/2026,01:27:11,24.4,54.3
07/16/2026,01:32:11,24.4,54.3
07/16/2026,01:37:11,24.4,54.3
07/16/2026,01:42:11,24.3,54.3
07/16/2026,01:47:11,24.3,54.3
07/16/2026,01:52:11,24.3,54.3
07/16/2026,01:57:11,24.3,54.3
07/16/2026,02:02:11,24.3,54.3
07/16/2026,02:07:11,24.2,54.3
07/16/2026,02:12:11,24.2,54.3
07/16/2026,02:17:11,24.2,54.3
07/16/2026,02:22:11,24.2,54.3
07/16/2026,02:27:11,24.2,54.4
07/16/2026,02:32:11,24.1,54.3
07/16/2026,02:37:11,24.1,54.3
07/16/2026,02:42:11,24.1,54.3
07/16/2026,02:47:11,24.1,54.3
07/16/2026,02:52:11,24.1,54.3
07/16/2026,02:57:11,24.0,54.3
07/16/2026,03:02:11,24.0,54.4
07/16/2026,03:07:11,24.0,54.3
07/16/2026,03:12:11,24.0,54.3
07/16/2026,03:17:11,24.0,54.4
07/16/2026,03:22:11,24.0,54.4
07/16/2026,03:27:11,24.0,54.4
07/16/2026,03:32:11,23.9,54.4
07/16/2026,03:37:11,23.9,54.4
07/16/2026,03:42:11,23.9,54.4
07/16/2026,03:47:11,23.9,54.4
07/16/2026,03:52:11,23.9,54.4
07/16/2026,03:57:11,23.8,54.4
07/16/2026,04:02:11,23.8,54.5
07/16/2026,04:07:11,23.8,54.5
07/16/2026,04:12:11,23.8,54.5
07/16/2026,04:17:11,23.8,54.6
07/16/2026,04:22:11,23.7,54.6
07/16/2026,04:27:11,23.7,54.6
07/16/2026,04:32:11,23.7,54.6
07/16/2026,04:37:11,23.8,54.6
07/16/2026,04:42:11,23.7,54.7
07/16/2026,04:47:11,23.7,54.7
07/16/2026,04:52:11,23.7,54.7
07/16/2026,04:57:11,23.7,54.7
07/16/2026,05:02:11,23.6,54.7
07/16/2026,05:07:11,23.7,54.7
07/16/2026,05:12:11,23.6,54.7
07/16/2026,05:17:11,23.6,54.8
07/16/2026,05:22:11,23.6,54.8
07/16/2026,05:27:11,23.6,54.8
07/16/2026,05:32:11,23.6,54.8
07/16/2026,05:37:11,23.6,54.9
07/16/2026,05:42:11,23.6,54.9
07/16/2026,05:47:11,23.6,54.9
07/16/2026,05:52:11,23.5,54.9
07/16/2026,05:57:11,23.5,54.9
07/16/2026,06:02:11,23.5,54.9
07/16/2026,06:07:11,23.5,54.9
07/16/2026,06:12:11,23.5,54.9
07/16/2026,06:17:11,23.5,54.9
07/16/2026,06:22:11,23.5,54.9
07/16/2026,06:27:11,23.5,55.0
07/16/2026,06:32:11,23.4,54.9
07/16/2026,06:37:11,23.4,55.0
07/16/2026,06:42:11,23.4,55.0
07/16/2026,06:47:11,23.4,55.0
07/16/2026,06:52:11,23.4,55.0
07/16/2026,06:57:11,23.4,55.0
07/16/2026,07:02:11,23.4,55.0
07/16/2026,07:07:11,23.4,55.0
07/16/2026,07:12:11,23.4,55.0
07/16/2026,07:17:11,23.4,55.0
07/16/2026,07:22:11,23.4,55.0
07/16/2026,07:27:11,23.4,55.1
07/16/2026,07:32:11,23.4,55.1
07/16/2026,07:37:11,23.3,55.1
07/16/2026,07:42:11,23.3,55.2
07/16/2026,07:47:11,23.3,55.2
07/16/2026,07:52:11,23.4,55.3
07/16/2026,07:57:11,23.3,55.2
07/16/2026,08:02:11,23.3,55.2
07/16/2026,08:07:11,23.3,55.2
07/16/2026,08:12:11,23.3,55.2
07/16/2026,08:17:11,23.3,55.1
07/16/2026,08:22:11,23.3,55.1
07/16/2026,08:27:11,23.3,55.1
07/16/2026,08:32:11,23.3,55.1
07/16/2026,08:37:11,23.3,55.1
07/16/2026,08:42:11,23.3,55.1
07/16/2026,08:47:11,23.3,55.1
07/16/2026,08:52:11,23.3,55.1
07/16/2026,08:57:11,23.3,55.1
07/16/2026,09:02:11,23.3,55.2
07/16/2026,09:07:11,23.4,55.3
07/16/2026,09:12:11,23.4,55.4
07/16/2026,09:17:11,23.4,55.3
07/16/2026,09:22:11,23.4,55.3
07/16/2026,09:27:11,23.4,55.3
07/16/2026,09:32:11,23.4,55.5
07/16/2026,09:37:11,23.5,55.6
07/16/2026,09:42:11,23.5,55.8
07/16/2026,09:47:11,23.5,55.9
07/16/2026,09:52:11,23.5,56.0
07/16/2026,09:57:11,23.6,56.2
07/16/2026,10:02:11,23.6,56.3
07/16/2026,10:07:11,23.6,56.3
07/16/2026,10:12:11,23.6,56.4
07/16/2026,10:17:11,23.7,56.5
07/16/2026,10:22:11,23.7,56.5
07/16/2026,10:27:11,23.8,56.6
07/16/2026,10:32:11,23.7,56.6
07/16/2026,10:37:11,23.8,56.6
07/16/2026,10:42:11,23.8,56.6
07/16/2026,10:47:11,23.8,56.5
07/16/2026,10:52:11,23.8,56.5
07/16/2026,10:57:11,23.9,56.5
07/16/2026,11:02:11,23.9,56.5
07/16/2026,11:07:11,23.9,56.5
07/16/2026,11:12:11,23.9,56.4
07/16/2026,11:17:11,23.9,56.4
07/16/2026,11:22:11,23.9,56.3
07/16/2026,11:27:11,23.9,56.2
07/16/2026,11:32:11,24.0,56.3
07/16/2026,11:37:11,24.0,56.2
07/16/2026,11:42:11,24.0,56.2
07/16/2026,11:47:11,24.0,56.1
07/16/2026,11:52:11,24.0,56.1
07/16/2026,11:57:11,24.0,56.1
07/16/2026,12:02:11,24.0,56.1
07/16/2026,12:07:11,24.1,56.1
07/16/2026,12:12:11,24.1,56.1
07/16/2026,12:17:11,24.1,56.1
07/16/2026,12:22:11,24.1,56.0
07/16/2026,12:27:11,24.1,56.0
07/16/2026,12:32:11,24.1,56.0
07/16/2026,12:37:11,24.1,56.0
07/16/2026,12:42:11,24.2,55.8
07/16/2026,12:47:11,24.2,55.6
07/16/2026,12:52:11,24.3,55.5
07/16/2026,12:57:11,24.3,55.3
07/16/2026,13:02:11,24.3,55.1
07/16/2026,13:07:11,24.3,55.0
07/16/2026,13:12:11,24.4,54.8
07/16/2026,13:17:11,24.4,54.7
07/16/2026,13:22:11,24.5,54.7
07/16/2026,13:27:11,24.5,54.5
07/16/2026,13:32:11,24.6,54.4
07/16/2026,13:37:11,24.6,54.3
07/16/2026,13:42:11,24.6,54.2
07/16/2026,13:47:11,24.7,54.1
07/16/2026,13:52:11,24.7,54.0
07/16/2026,13:57:11,24.7,54.0
07/16/2026,14:02:11,24.8,54.0
07/16/2026,14:07:11,24.8,53.9
07/16/2026,14:12:11,24.8,53.8
07/16/2026,14:17:11,24.9,53.7
07/16/2026,14:22:11,24.9,53.7
07/16/2026,14:27:11,24.9,53.7
07/16/2026,14:32:11,25.0,53.6
07/16/2026,14:37:11,25.0,53.5
07/16/2026,14:42:11,25.0,53.4
07/16/2026,14:47:11,25.1,53.3
07/16/2026,14:52:11,25.1,53.3
07/16/2026,14:57:11,25.1,53.2
07/16/2026,15:02:11,25.2,53.1
07/16/2026,15:07:11,25.2,52.9
07/16/2026,15:12:11,25.3,52.6
07/16/2026,15:17:11,25.3,52.7
07/16/2026,15:22:11,25.4,52.5
07/16/2026,15:27:11,25.4,52.4
07/16/2026,15:32:11,25.4,52.3
07/16/2026,15:37:11,25.5,52.1
07/16/2026,15:42:11,25.5,51.8
07/16/2026,15:47:11,25.6,51.9
07/16/2026,15:52:11,25.6,51.9
07/16/2026,15:57:11,25.6,51.8
07/16/2026,16:02:11,25.6,51.6
07/16/2026,16:07:11,25.7,51.3
07/16/2026,16:12:11,25.7,51.4
07/16/2026,16:17:11,25.8,51.3
07/16/2026,16:22:11,25.8,51.1
07/16/2026,16:27:11,25.8,50.9
07/16/2026,16:32:11,25.9,50.6
07/16/2026,16:37:11,25.9,50.2
07/16/2026,16:42:11,25.9,50.1
07/16/2026,16:47:11,25.9,50.1
07/16/2026,16:52:11,26.0,49.8
07/16/2026,16:57:11,26.0,49.8
07/16/2026,17:02:11,26.0,49.5
07/16/2026,17:07:11,26.0,49.2
07/16/2026,17:12:11,26.0,49.1
07/16/2026,17:17:11,26.0,49.3
07/16/2026,17:22:11,26.1,49.3
07/16/2026,17:27:11,26.1,49.2
07/16/2026,17:32:11,26.1,49.0
07/16/2026,17:37:11,26.1,49.0
07/16/2026,17:42:11,26.1,48.9
07/16/2026,17:47:11,26.2,48.9
07/16/2026,17:52:11,26.2,48.8
07/16/2026,17:57:11,26.3,48.7
07/16/2026,18:02:11,26.4,48.4
07/16/2026,18:07:11,26.5,48.4
07/16/2026,18:12:11,26.6,48.1
07/16/2026,18:17:11,26.7,47.7
07/16/2026,18:22:11,26.8,47.6
07/16/2026,18:27:11,26.9,47.3
07/16/2026,18:32:11,27.0,47.0
07/16/2026,18:37:11,27.1,46.8
07/16/2026,18:42:11,27.3,46.6
07/16/2026,18:47:11,27.4,46.3
07/16/2026,18:52:11,27.4,46.1
07/16/2026,18:57:11,27.3,45.9
07/16/2026,19:02:11,27.1,46.0
07/16/2026,19:07:11,27.0,46.1
07/16/2026,19:12:11,26.8,46.3
07/16/2026,19:17:11,26.7,46.4
07/16/2026,19:22:11,26.6,46.5
07/16/2026,19:27:11,26.5,46.7
07/16/2026,19:32:11,26.4,46.8
07/16/2026,19:37:11,26.4,46.9
07/16/2026,19:42:11,26.3,46.9
07/16/2026,19:47:11,26.2,47.1
07/16/2026,19:52:11,26.2,47.2
07/16/2026,19:57:11,26.1,47.4
07/16/2026,20:02:11,26.0,47.5
07/16/2026,20:07:11,26.0,47.7
07/16/2026,20:12:11,26.0,47.8
07/16/2026,20:17:11,25.9,48.0
07/16/2026,20:22:11,25.8,48.2
07/16/2026,20:27:11,25.8,48.3
07/16/2026,20:32:11,25.8,48.4
07/16/2026,20:37:11,25.7,48.5
07/16/2026,20:42:11,25.7,48.7
07/16/2026,20:47:11,25.7,48.8
07/16/2026,20:52:11,25.6,48.9
07/16/2026,20:57:11,25.6,49.0
07/16/2026,21:02:11,25.5,49.2
07/16/2026,21:07:11,25.5,49.3
07/16/2026,21:12:11,25.4,49.5
07/16/2026,21:17:11,25.4,49.5
07/16/2026,21:22:11,25.3,49.6
07/16/2026,21:27:11,25.3,49.8
07/16/2026,21:32:11,25.3,49.8
07/16/2026,21:37:11,25.2,50.0
07/16/2026,21:42:11,25.2,50.0
07/16/2026,21:47:11,25.1,50.1
07/16/2026,21:52:11,25.1,50.2
07/16/2026,21:57:11,25.1,50.3
07/16/2026,22:02:11,25.0,50.4
07/16/2026,22:07:11,25.0,50.4
07/16/2026,22:12:11,25.0,50.5
07/16/2026,22:17:11,24.9,50.5
07/16/2026,22:22:11,24.9,50.6
07/16/2026,22:27:11,24.8,50.6
07/16/2026,22:32:11,24.8,50.7
07/16/2026,22:37:11,24.7,50.8
07/16/2026,22:42:11,24.7,50.9
07/16/2026,22:47:11,24.7,51.0
07/16/2026,22:52:11,24.6,51.1
07/16/2026,22:57:11,24.6,51.2
07/16/2026,23:02:11,24.5,51.3
07/16/2026,23:07:11,24.5,51.3
07/16/2026,23:12:11,24.4,51.4
07/16/2026,23:17:11,24.4,51.5
07/16/2026,23:22:11,24.3,51.6
07/16/2026,23:27:11,24.3,51.7
07/16/2026,23:32:11,24.2,51.7
07/16/2026,23:37:11,24.2,51.9
07/16/2026,23:42:11,24.2,51.9
07/16/2026,23:47:11,24.1,52.0
07/16/2026,23:52:11,24.1,52.0
07/16/2026,23:57:11,24.0,52.1
07/17/2026,00:02:11,24.0,52.2
07/17/2026,00:07:11,24.0,52.3
07/17/2026,00:12:11,23.9,52.4
07/17/2026,00:17:11,23.8,52.4
07/17/2026,00:22:11,23.8,52.4
07/17/2026,00:27:11,23.8,52.5
07/17/2026,00:32:11,23.7,52.6
07/17/2026,00:37:11,23.7,52.7
07/17/2026,00:42:11,23.6,52.8
07/17/2026,00:47:11,23.6,52.8
07/17/2026,00:52:11,23.6,52.9
07/17/2026,00:57:11,23.5,53.0
07/17/2026,01:02:11,23.4,53.0
07/17/2026,01:07:11,23.4,53.0
07/17/2026,01:12:11,23.4,53.1
07/17/2026,01:17:11,23.3,53.1
07/17/2026,01:22:11,23.3,53.2
07/17/2026,01:27:11,23.2,53.2
07/17/2026,01:32:11,23.2,53.3
07/17/2026,01:37:11,23.1,53.3
07/17/2026,01:42:11,23.1,53.4
07/17/2026,01:47:11,23.1,53.5
07/17/2026,01:52:11,23.0,53.5
07/17/2026,01:57:11,23.0,53.5
07/17/2026,02:02:11,23.0,53.6
07/17/2026,02:07:11,22.9,53.6
07/17/2026,02:12:11,22.8,53.8
07/17/2026,02:17:11,22.8,53.8
07/17/2026,02:22:11,22.8,53.9
07/17/2026,02:27:11,22.7,54.0
07/17/2026,02:32:11,22.7,54.1
07/17/2026,02:37:11,22.6,54.2
07/17/2026,02:42:11,22.6,54.3
07/17/2026,02:47:11,22.5,54.4
07/17/2026,02:52:11,22.5,54.5
07/17/2026,02:57:11,22.5,54.7
07/17/2026,03:02:11,22.5,54.8
07/17/2026,03:07:11,22.4,55.0
07/17/2026,03:12:11,22.4,55.1
07/17/2026,03:17:11,22.4,55.3
07/17/2026,03:22:11,22.3,55.4
07/17/2026,03:27:11,22.3,55.5
07/17/2026,03:32:11,22.3,55.6
07/17/2026,03:37:11,22.3,55.8
07/17/2026,03:42:11,22.2,55.8
07/17/2026,03:47:11,22.2,55.9
07/17/2026,03:52:11,22.2,56.1
07/17/2026,03:57:11,22.2,56.2
07/17/2026,04:02:11,22.2,56.3
07/17/2026,04:07:11,22.2,56.4
07/17/2026,04:12:11,22.2,56.5
07/17/2026,04:17:11,22.2,56.5
07/17/2026,04:22:11,22.2,56.6
07/17/2026,04:27:11,22.2,56.7
07/17/2026,04:32:11,22.2,56.8
07/17/2026,04:37:11,22.2,56.9
07/17/2026,04:42:11,22.1,56.9
07/17/2026,04:47:11,22.1,56.9
07/17/2026,04:52:11,22.1,57.1
07/17/2026,04:57:11,22.1,57.1
07/17/2026,05:02:11,22.1,57.1
07/17/2026,05:07:11,22.1,57.2
07/17/2026,05:12:11,22.1,57.2
07/17/2026,05:17:11,22.1,57.3
07/17/2026,05:22:11,22.0,57.3
07/17/2026,05:27:11,22.0,57.4
07/17/2026,05:32:11,22.1,57.4
07/17/2026,05:37:11,22.0,57.5
07/17/2026,05:42:11,22.0,57.4
07/17/2026,05:47:11,22.0,57.6
07/17/2026,05:52:11,22.0,57.6
07/17/2026,05:57:11,22.0,57.6
07/17/2026,06:02:11,22.0,57.5
07/17/2026,06:07:11,22.0,57.6
07/17/2026,06:12:11,22.0,57.6
07/17/2026,06:17:11,22.0,57.7
07/17/2026,06:22:11,22.0,57.7
07/17/2026,06:27:11,22.0,57.7
07/17/2026,06:32:11,22.0,57.9
07/17/2026,06:37:11,22.0,57.8
07/17/2026,06:42:11,22.0,57.9
07/17/2026,06:47:11,22.0,57.8
07/17/2026,06:52:11,22.0,57.8
07/17/2026,06:57:11,22.1,57.7
07/17/2026,07:02:11,22.1,57.7
07/17/2026,07:07:11,22.1,57.6
07/17/2026,07:12:11,22.1,57.5
07/17/2026,07:17:11,22.2,57.5
07/17/2026,07:22:11,22.2,57.4
07/17/2026,07:27:11,22.2,57.3
07/17/2026,07:32:11,22.2,57.2
07/17/2026,07:37:11,22.3,57.1
07/17/2026,07:42:11,22.3,57.1
07/17/2026,07:47:11,22.3,57.0
07/17/2026,07:52:11,22.3,56.9
07/17/2026,07:57:11,22.3,56.9
07/17/2026,08:02:11,22.3,56.8
07/17/2026,08:07:11,22.4,56.7
07/17/2026,08:12:11,22.4,56.7
07/17/2026,08:17:11,22.4,56.6
07/17/2026,08:22:11,22.4,56.6
07/17/2026,08:27:11,22.4,56.5
07/17/2026,08:32:11,22.4,56.3
07/17/2026,08:37:11,22.5,56.3
07/17/2026,08:42:11,22.5,56.2
07/17/2026,08:47:11,22.5,56.2
07/17/2026,08:52:11,22.5,56.0
07/17/2026,08:57:11,22.5,55.9
07/17/2026,09:02:11,22.5,56.0
07/17/2026,09:07:11,22.5,55.9
07/17/2026,09:12:11,22.6,55.9
07/17/2026,09:17:11,22.6,55.8
07/17/2026,09:22:11,22.6,55.9
07/17/2026,09:27:11,22.6,55.8
07/17/2026,09:32:11,22.6,55.6
07/17/2026,09:37:11,22.7,55.8
07/17/2026,09:42:11,22.7,55.8
07/17/2026,09:47:11,22.7,55.7
07/17/2026,09:52:11,22.7,55.8
07/17/2026,09:57:11,22.7,55.7
07/17/2026,10:02:11,22.7,55.6
07/17/2026,10:07:11,22.8,55.7
07/17/2026,10:12:11,22.8,55.7
07/17/2026,10:17:11,22.8,55.7
07/17/2026,10:22:11,22.9,55.7
07/17/2026,10:27:11,22.9,55.7
07/17/2026,10:32:11,22.9,55.6
07/17/2026,10:37:11,22.9,55.6
07/17/2026,10:42:11,22.9,55.6
07/17/2026,10:47:11,23.0,55.6
07/17/2026,10:52:11,23.0,55.5
07/17/2026,10:57:11,23.0,55.5
07/17/2026,11:02:11,23.0,55.5
07/17/2026,11:07:11,23.0,55.4
07/17/2026,11:12:11,23.0,55.4
07/17/2026,11:17:11,23.1,55.4
07/17/2026,11:22:11,23.1,55.4
07/17/2026,11:27:11,23.1,55.4
07/17/2026,11:32:11,23.1,55.4
07/17/2026,11:37:11,23.1,55.3
07/17/2026,11:42:11,23.1,55.3
07/17/2026,11:47:11,23.2,55.2
07/17/2026,11:52:11,23.2,55.3
07/17/2026,11:57:11,23.2,55.3
07/17/2026,12:02:11,23.2,55.2
07/17/2026,12:07:11,23.3,55.3
07/17/2026,12:12:11,23.3,55.2
07/17/2026,12:17:11,23.4,55.1
07/17/2026,12:22:11,23.4,55.0
07/17/2026,12:27:11,23.4,54.9
07/17/2026,12:32:11,23.4,54.8
07/17/2026,12:37:11,23.5,54.8
07/17/2026,12:42:11,23.5,54.8
07/17/2026,12:47:11,23.6,54.7
07/17/2026,12:52:11,23.6,54.7
07/17/2026,12:57:11,23.7,54.5
07/17/2026,13:02:11,23.7,54.6
07/17/2026,13:07:11,23.7,54.6
07/17/2026,13:12:11,23.8,54.4
07/17/2026,13:17:11,23.8,54.4
07/17/2026,13:22:11,23.9,54.3
07/17/2026,13:27:11,23.9,54.3
07/17/2026,13:32:11,24.0,54.1
07/17/2026,13:37:11,24.0,54.1
07/17/2026,13:42:11,24.0,54.0
07/17/2026,13:47:11,24.1,54.0
07/17/2026,13:52:11,24.1,53.9
07/17/2026,13:57:11,24.1,53.9
07/17/2026,14:02:11,24.2,53.7
07/17/2026,14:07:11,24.2,53.6
07/17/2026,14:12:11,24.2,53.5
07/17/2026,14:17:11,24.3,53.5
07/17/2026,14:22:11,24.4,53.4
07/17/2026,14:27:11,24.4,53.4
07/17/2026,14:32:11,24.5,53.2
07/17/2026,14:37:11,24.5,53.1
07/17/2026,14:42:11,24.5,53.0
07/17/2026,14:47:11,24.6,52.9
07/17/2026,14:52:11,24.6,52.7
07/17/2026,14:57:11,24.7,52.7
07/17/2026,15:02:11,24.8,52.6
07/17/2026,15:07:11,24.8,52.6
07/17/2026,15:12:11,24.8,52.3
07/17/2026,15:17:11,24.9,52.0
07/17/2026,15:22:11,24.9,52.0
07/17/2026,15:27:11,25.0,51.8
07/17/2026,15:32:11,25.0,51.4
07/17/2026,15:37:11,25.0,51.4
07/17/2026,15:42:11,25.1,51.3
07/17/2026,15:47:11,25.1,51.1
07/17/2026,15:52:11,25.2,50.9
07/17/2026,15:57:11,25.2,51.0
07/17/2026,16:02:11,25.2,50.9
07/17/2026,16:07:11,25.3,50.8
07/17/2026,16:12:11,25.3,50.8
07/17/2026,16:17:11,25.4,50.7
07/17/2026,16:22:11,25.4,50.7
07/17/2026,16:27:11,25.4,50.5
07/17/2026,16:32:11,25.5,50.6
07/17/2026,16:37:11,25.5,50.5
07/17/2026,16:42:11,25.6,50.4
07/17/2026,16:47:11,25.6,50.2
07/17/2026,16:52:11,25.6,50.1
07/17/2026,16:57:11,25.6,50.0
07/17/2026,17:02:11,25.6,49.9
07/17/2026,17:07:11,25.7,49.9
07/17/2026,17:12:11,25.7,49.7
07/17/2026,17:17:11,25.7,49.7
07/17/2026,17:22:11,25.7,49.8
07/17/2026,17:27:11,25.8,49.7
07/17/2026,17:32:11,25.8,49.7
07/17/2026,17:37:11,25.8,49.7
07/17/2026,17:42:11,25.8,49.7
07/17/2026,17:47:11,25.9,49.6
07/17/2026,17:52:11,25.9,49.5
07/17/2026,17:57:11,26.0,49.5
07/17/2026,18:02:11,26.0,49.5
07/17/2026,18:07:11,26.1,49.3
07/17/2026,18:12:11,26.2,49.2
07/17/2026,18:17:11,26.3,49.1
07/17/2026,18:22:11,26.4,48.9
07/17/2026,18:27:11,26.5,48.7
07/17/2026,18:32:11,26.6,48.6
07/17/2026,18:37:11,26.7,48.4
07/17/2026,18:42:11,26.8,48.2
07/17/2026,18:47:11,26.9,47.8
07/17/2026,18:52:11,26.9,47.5
07/17/2026,18:57:11,26.8,47.4
07/17/2026,19:02:11,26.6,47.4
07/17/2026,19:07:11,26.5,47.4
07/17/2026,19:12:11,26.3,47.5
07/17/2026,19:17:11,26.2,47.8
07/17/2026,19:22:11,26.2,47.9
07/17/2026,19:27:11,26.1,48.0
07/17/2026,19:32:11,26.1,48.1
07/17/2026,19:37:11,26.0,48.3
07/17/2026,19:42:11,26.0,48.3
07/17/2026,19:47:11,26.0,48.3
07/17/2026,19:52:11,25.9,48.3
07/17/2026,19:57:11,25.9,48.2
07/17/2026,20:02:11,25.9,48.0
07/17/2026,20:07:11,25.8,47.8
07/17/2026,20:12:11,25.8,47.8
07/17/2026,20:17:11,25.7,47.8
07/17/2026,20:22:11,25.6,47.7
07/17/2026,20:27:11,25.6,47.7
07/17/2026,20:32:11,25.6,47.8
07/17/2026,20:37:11,25.5,47.8
07/17/2026,20:42:11,25.5,47.9
07/17/2026,20:47:11,25.5,48.1
07/17/2026,20:52:11,25.4,48.3
07/17/2026,20:57:11,25.4,48.4
07/17/2026,21:02:11,25.4,48.5
07/17/2026,21:07:11,25.4,48.6
07/17/2026,21:12:11,25.4,48.7
07/17/2026,21:17:11,25.4,48.7
07/17/2026,21:22:11,25.4,48.8
07/17/2026,21:27:11,25.4,48.8
07/17/2026,21:32:11,25.4,48.9
07/17/2026,21:37:11,25.3,48.9
07/17/2026,21:42:11,25.3,49.0
07/17/2026,21:47:11,25.3,49.0
07/17/2026,21:52:11,25.3,49.1
07/17/2026,21:57:11,25.3,49.1
07/17/2026,22:02:11,25.3,49.2
07/17/2026,22:07:11,25.2,49.1
07/17/2026,22:12:11,25.2,49.2
07/17/2026,22:17:11,25.2,49.2
07/17/2026,22:22:11,25.2,49.4
07/17/2026,22:27:11,25.2,49.3
07/17/2026,22:32:11,25.1,49.4
07/17/2026,22:37:11,25.1,49.4
07/17/2026,22:42:11,25.1,49.4
07/17/2026,22:47:11,25.1,49.5
07/17/2026,22:52:11,25.1,49.5
07/17/2026,22:57:11,25.1,49.5
07/17/2026,23:02:11,25.0,49.5
07/17/2026,23:07:11,25.0,49.6
07/17/2026,23:12:11,25.0,49.6
07/17/2026,23:17:11,25.0,49.6
07/17/2026,23:22:11,25.0,49.6
07/17/2026,23:27:11,25.0,49.7
07/17/2026,23:32:11,24.9,49.7
07/17/2026,23:37:11,24.9,49.6
07/17/2026,23:42:11,24.9,49.7
07/17/2026,23:47:11,24.9,49.7
07/17/2026,23:52:11,24.9,49.8
07/17/2026,23:57:11,24.9,49.8
07/18/2026,00:02:11,24.8,49.8
07/18/2026,00:07:11,24.8,49.8
07/18/2026,00:12:11,24.8,49.8
07/18/2026,00:17:11,24.8,49.9
07/18/2026,00:22:11,24.8,49.9
07/18/2026,00:27:11,24.8,49.9
07/18/2026,00:32:11,24.7,50.0
07/18/2026,00:37:11,24.7,50.0
07/18/2026,00:42:11,24.7,50.0
07/18/2026,00:47:11,24.7,50.0
07/18/2026,00:52:11,24.6,50.1
07/18/2026,00:57:11,24.6,50.0
07/18/2026,01:02:11,24.6,50.1
07/18/2026,01:07:11,24.6,50.1
07/18/2026,01:12:11,24.6,50.1
07/18/2026,01:17:11,24.6,50.1
07/18/2026,01:22:11,24.5,50.1
07/18/2026,01:27:11,24.5,50.1
07/18/2026,01:32:11,24.5,50.2
07/18/2026,01:37:11,24.5,50.2
07/18/2026,01:42:11,24.5,50.1
07/18/2026,01:47:11,24.5,50.2
07/18/2026,01:52:11,24.4,50.2
07/18/2026,01:57:11,24.4,50.1
07/18/2026,02:02:11,24.4,50.1
07/18/2026,02:07:11,24.4,50.1
07/18/2026,02:12:11,24.3,50.2
07/18/2026,02:17:11,24.3,50.2
07/18/2026,02:22:11,24.3,50.2
07/18/2026,02:27:11,24.3,50.2
07/18/2026,02:32:11,24.3,50.2
07/18/2026,02:37:11,24.3,50.2
07/18/2026,02:42:11,24.2,50.2
07/18/2026,02:47:11,24.2,50.2
07/18/2026,02:52:11,24.2,50.1
07/18/2026,02:57:11,24.2,50.1
07/18/2026,03:02:11,24.2,50.2
07/18/2026,03:07:11,24.1,50.2
07/18/2026,03:12:11,24.1,50.2
07/18/2026,03:17:11,24.1,50.1
07/18/2026,03:22:11,24.1,50.2
07/18/2026,03:27:11,24.1,50.2
07/18/2026,03:32:11,24.1,50.2
07/18/2026,03:37:11,24.0,50.2
07/18/2026,03:42:11,24.0,50.2
07/18/2026,03:47:11,24.0,50.2
07/18/2026,03:52:11,24.0,50.2
07/18/2026,03:57:11,24.0,50.3
07/18/2026,04:02:11,24.0,50.2
07/18/2026,04:07:11,24.0,50.2
07/18/2026,04:12:11,23.9,50.3
07/18/2026,04:17:11,23.9,50.3
07/18/2026,04:22:11,23.9,50.3
07/18/2026,04:27:11,23.8,50.3
07/18/2026,04:32:11,23.9,50.3
07/18/2026,04:37:11,23.8,50.4
07/18/2026,04:42:11,23.8,50.3
07/18/2026,04:47:11,23.8,50.4
07/18/2026,04:52:11,23.8,50.3
07/18/2026,04:57:11,23.8,50.4
07/18/2026,05:02:11,23.8,50.3
07/18/2026,05:07:11,23.8,50.4
07/18/2026,05:12:11,23.8,50.3
07/18/2026,05:17:11,23.7,50.3
07/18/2026,05:22:11,23.7,50.3
07/18/2026,05:27:11,23.7,50.3
07/18/2026,05:32:11,23.7,50.2
07/18/2026,05:37:11,23.6,50.3
07/18/2026,05:42:11,23.7,50.2
07/18/2026,05:47:11,23.6,50.2
07/18/2026,05:52:11,23.6,50.2
07/18/2026,05:57:11,23.6,50.1
07/18/2026,06:02:11,23.6,50.1
07/18/2026,06:07:11,23.5,50.1
07/18/2026,06:12:11,23.5,50.1
07/18/2026,06:17:11,23.5,50.2
07/18/2026,06:22:11,23.5,50.1
07/18/2026,06:27:11,23.5,50.1
07/18/2026,06:32:11,23.5,50.1
07/18/2026,06:37:11,23.5,50.0
07/18/2026,06:42:11,23.5,50.1
07/18/2026,06:47:11,23.5,50.0
07/18/2026,06:52:11,23.4,50.1
07/18/2026,06:57:11,23.4,50.2
07/18/2026,07:02:11,23.4,50.1
07/18/2026,07:07:11,23.4,50.2
07/18/2026,07:12:11,23.4,50.1
07/18/2026,07:17:11,23.4,50.0
07/18/2026,07:22:11,23.4,50.1
07/18/2026,07:27:11,23.4,50.1
07/18/2026,07:32:11,23.4,50.1
07/18/2026,07:37:11,23.4,50.1
07/18/2026,07:42:11,23.4,50.1
07/18/2026,07:47:11,23.4,50.1
07/18/2026,07:52:11,23.3,50.1
07/18/2026,07:57:11,23.3,50.1
07/18/2026,08:02:11,23.3,50.0
07/18/2026,08:07:11,23.3,50.1
07/18/2026,08:12:11,23.3,50.1
07/18/2026,08:17:11,23.3,50.1
07/18/2026,08:22:11,23.3,50.1
07/18/2026,08:27:11,23.3,50.1
07/18/2026,08:32:11,23.3,50.1
07/18/2026,08:37:11,23.3,50.1
07/18/2026,08:42:11,23.3,50.1
07/18/2026,08:47:11,23.3,50.1
07/18/2026,08:52:11,23.3,50.1
07/18/2026,08:57:11,23.3,50.2
07/18/2026,09:02:11,23.3,50.1
07/18/2026,09:07:11,23.3,50.1
07/18/2026,09:12:11,23.2,50.0
07/18/2026,09:17:11,23.2,49.8
07/18/2026,09:22:11,23.2,49.7
07/18/2026,09:27:11,23.2,49.7
07/18/2026,09:32:11,23.2,49.7
07/18/2026,09:37:11,23.2,49.6
07/18/2026,09:42:11,23.2,49.6
07/18/2026,09:47:11,23.1,49.6
07/18/2026,09:52:11,23.1,49.5
07/18/2026,09:57:11,23.1,49.5
07/18/2026,10:02:11,23.1,49.4
07/18/2026,10:07:11,23.2,49.5
07/18/2026,10:12:11,23.1,49.5
07/18/2026,10:17:11,23.1,49.5
07/18/2026,10:22:11,23.1,49.4
07/18/2026,10:27:11,23.1,49.3
07/18/2026,10:32:11,23.1,49.2
07/18/2026,10:37:11,23.1,49.2
07/18/2026,10:42:11,23.1,49.2
07/18/2026,10:47:11,23.1,49.2
07/18/2026,10:52:11,23.0,49.2
07/18/2026,10:57:11,23.0,49.2
07/18/2026,11:02:11,23.0,49.2
07/18/2026,11:07:11,23.0,49.2
07/18/2026,11:12:11,23.0,49.3
07/18/2026,11:17:11,22.9,49.3
07/18/2026,11:22:11,22.9,49.3
07/18/2026,11:27:11,22.9,49.3
07/18/2026,11:32:11,22.9,49.4
07/18/2026,11:37:11,22.9,49.4
07/18/2026,11:42:11,22.8,49.3
07/18/2026,11:47:11,22.8,49.4
07/18/2026,11:52:11,22.8,49.3
07/18/2026,11:57:11,22.8,49.4
07/18/2026,12:02:11,22.8,49.4
07/18/2026,12:07:11,22.8,49.3
07/18/2026,12:12:11,22.8,49.3
07/18/2026,12:17:11,22.9,49.3
07/18/2026,12:22:11,22.9,49.2
07/18/2026,12:27:11,22.9,49.2
07/18/2026,12:32:11,22.9,49.1
07/18/2026,12:37:11,22.9,49.1
07/18/2026,12:42:11,22.9,49.1
07/18/2026,12:47:11,22.9,49.1
07/18/2026,12:52:11,22.9,49.1
07/18/2026,12:57:11,22.9,49.1
07/18/2026,13:02:11,22.9,49.1
07/18/2026,13:07:11,23.0,49.2
07/18/2026,13:12:11,23.0,49.4
07/18/2026,13:17:11,23.0,49.6
07/18/2026,13:22:11,23.0,49.6
07/18/2026,13:27:11,23.1,49.7
07/18/2026,13:32:11,23.1,49.9
07/18/2026,13:37:11,23.2,50.1
07/18/2026,13:42:11,23.3,50.2
07/18/2026,13:47:11,23.3,50.4
07/18/2026,13:52:11,23.4,50.5
07/18/2026,13:57:11,23.5,50.5
07/18/2026,14:02:11,23.5,50.5
07/18/2026,14:07:11,23.5,50.0
07/18/2026,14:12:11,23.6,49.8
07/18/2026,14:17:11,23.5,49.8
07/18/2026,14:22:11,23.5,49.6
07/18/2026,14:27:11,23.5,49.6
07/18/2026,14:32:11,23.5,49.4
07/18/2026,14:37:11,23.5,49.3
07/18/2026,14:42:11,23.5,49.3
07/18/2026,14:47:11,23.5,49.3
07/18/2026,14:52:11,23.5,49.3
07/18/2026,14:57:11,23.5,49.3
07/18/2026,15:02:11,23.5,49.3
07/18/2026,15:07:11,23.5,49.4
07/18/2026,15:12:11,23.5,49.4
07/18/2026,15:17:11,23.5,49.7
07/18/2026,15:22:11,23.5,49.9
07/18/2026,15:27:11,23.5,50.0
07/18/2026,15:32:11,23.6,50.1
07/18/2026,15:37:11,23.6,50.0
07/18/2026,15:42:11,23.6,50.2
07/18/2026,15:47:11,23.7,50.2
07/18/2026,15:52:11,23.7,50.3
07/18/2026,15:57:11,23.7,50.3
07/18/2026,16:02:11,23.7,50.3
07/18/2026,16:07:11,23.7,50.4
07/18/2026,16:12:11,23.8,50.6
07/18/2026,16:17:11,23.8,50.8
07/18/2026,16:22:11,23.9,50.8
07/18/2026,16:27:11,23.9,50.7
07/18/2026,16:32:11,23.9,50.8
07/18/2026,16:37:11,24.0,50.7
07/18/2026,16:42:11,24.0,50.8
07/18/2026,16:47:11,24.0,50.8
07/18/2026,16:52:11,24.0,50.8
07/18/2026,16:57:11,24.0,50.9
07/18/2026,17:02:11,24.1,50.9
07/18/2026,17:07:11,24.0,50.9
07/18/2026,17:12:11,24.1,50.9
07/18/2026,17:17:11,24.1,50.9
07/18/2026,17:22:11,24.1,50.9
07/18/2026,17:27:11,24.1,50.7
07/18/2026,17:32:11,24.1,50.8
07/18/2026,17:37:11,24.1,50.8
07/18/2026,17:42:11,24.2,50.7
07/18/2026,17:47:11,24.2,50.1
07/18/2026,17:52:11,24.3,49.5
07/18/2026,17:57:11,24.2,49.1
07/18/2026,18:02:11,24.3,49.0
07/18/2026,18:07:11,24.3,48.8
07/18/2026,18:12:11,24.4,48.6
07/18/2026,18:17:11,24.3,48.4
07/18/2026,18:22:11,24.3,48.4
07/18/2026,18:27:11,24.3,48.1
07/18/2026,18:32:11,24.4,48.0
07/18/2026,18:37:11,24.6,48.0
07/18/2026,18:42:11,24.8,47.8
07/18/2026,18:47:11,24.9,47.6
07/18/2026,18:52:11,24.8,47.5
07/18/2026,18:57:11,24.7,47.6
07/18/2026,19:02:11,24.6,47.5
07/18/2026,19:07:11,24.5,47.4
07/18/2026,19:12:11,24.3,47.3
07/18/2026,19:17:11,24.2,47.3
07/18/2026,19:22:11,24.1,47.3
07/18/2026,19:27:11,24.0,47.3
07/18/2026,19:32:11,23.9,47.5
07/18/2026,19:37:11,23.9,47.6
07/18/2026,19:42:11,23.8,47.7
07/18/2026,19:47:11,23.8,47.8
07/18/2026,19:52:11,23.7,47.7
07/18/2026,19:57:11,23.7,47.8
07/18/2026,20:02:11,23.7,47.8
07/18/2026,20:07:11,23.6,47.9
07/18/2026,20:12:11,23.6,48.0
07/18/2026,20:17:11,23.6,48.1
07/18/2026,20:22:11,23.6,48.3
07/18/2026,20:27:11,23.5,48.1
07/18/2026,20:32:11,23.5,48.1
07/18/2026,20:37:11,23.5,48.1
07/18/2026,20:42:11,23.5,48.1
07/18/2026,20:47:11,23.4,48.2
07/18/2026,20:52:11,23.4,48.2
07/18/2026,20:57:11,23.4,48.1
07/18/2026,21:02:11,23.4,48.1
07/18/2026,21:07:11,23.4,48.2
07/18/2026,21:12:11,23.3,48.1
07/18/2026,21:17:11,23.3,48.2
07/18/2026,21:22:11,23.3,48.2
07/18/2026,21:27:11,23.3,48.2
07/18/2026,21:32:11,23.2,48.4
07/18/2026,21:37:11,23.2,48.5
07/18/2026,21:42:11,23.2,48.4
07/18/2026,21:47:11,23.1,48.4
07/18/2026,21:52:11,23.1,48.5
07/18/2026,21:57:11,23.1,48.6
07/18/2026,22:02:11,23.1,48.6
07/18/2026,22:07:11,23.1,48.6
07/18/2026,22:12:11,23.1,48.7
07/18/2026,22:17:11,23.0,48.8
07/18/2026,22:22:11,23.0,48.8
07/18/2026,22:27:11,23.0,48.9
07/18/2026,22:32:11,23.0,48.9
07/18/2026,22:37:11,22.9,48.9
07/18/2026,22:42:11,22.9,48.9
07/18/2026,22:47:11,22.9,49.0
07/18/2026,22:52:11,22.9,49.0
07/18/2026,22:57:11,22.9,49.0
07/18/2026,23:02:11,22.9,49.1
07/18/2026,23:07:11,22.8,49.1
07/18/2026,23:12:11,22.8,49.1
07/18/2026,23:17:11,22.8,49.2
07/18/2026,23:22:11,22.8,49.2
07/18/2026,23:27:11,22.7,49.2
07/18/2026,23:32:11,22.7,49.2
07/18/2026,23:37:11,22.7,49.3
07/18/2026,23:42:11,22.7,49.3
07/18/2026,23:47:11,22.7,49.3
07/18/2026,23:52:11,22.7,49.3
07/18/2026,23:57:11,22.6,49.3
07/19/2026,00:02:11,22.6,49.3
07/19/2026,00:07:11,22.6,49.3
07/19/2026,00:12:11,22.6,49.3
07/19/2026,00:17:11,22.5,49.2
07/19/2026,00:22:11,22.5,49.2
07/19/2026,00:27:11,22.5,49.3
07/19/2026,00:32:11,22.5,49.2
07/19/2026,00:37:11,22.5,49.3
07/19/2026,00:42:11,22.5,49.2
07/19/2026,00:47:11,22.4,49.3
07/19/2026,00:52:11,22.4,49.2
07/19/2026,00:57:11,22.4,49.2
07/19/2026,01:02:11,22.4,49.3
07/19/2026,01:07:11,22.3,49.3
07/19/2026,01:12:11,22.3,49.3
07/19/2026,01:17:11,22.3,49.3
07/19/2026,01:22:11,22.2,49.4
07/19/2026,01:27:11,22.2,49.4
07/19/2026,01:32:11,22.2,49.4
07/19/2026,01:37:11,22.2,49.4
07/19/2026,01:42:11,22.2,49.4
07/19/2026,01:47:11,22.1,49.4
07/19/2026,01:52:11,22.1,49.4
07/19/2026,01:57:11,22.1,49.4
07/19/2026,02:02:11,22.1,49.5
07/19/2026,02:07:11,22.1,49.4
07/19/2026,02:12:11,22.0,49.3
07/19/2026,02:17:11,22.1,49.4
07/19/2026,02:22:11,22.0,49.4
07/19/2026,02:27:11,22.0,49.4
07/19/2026,02:32:11,22.0,49.4
07/19/2026,02:37:11,22.0,49.4
07/19/2026,02:42:11,21.9,49.3
07/19/2026,02:47:11,21.9,49.3
07/19/2026,02:52:11,21.9,49.4
07/19/2026,02:57:11,21.9,49.3
07/19/2026,03:02:11,21.9,49.3
07/19/2026,03:07:11,21.9,49.3
07/19/2026,03:12:11,21.8,49.2
07/19/2026,03:17:11,21.8,49.4
07/19/2026,03:22:11,21.8,49.3
07/19/2026,03:27:11,21.8,49.4
07/19/2026,03:32:11,21.8,49.4
07/19/2026,03:37:11,21.8,49.2
07/19/2026,03:42:11,21.7,49.2
07/19/2026,03:47:11,21.7,49.3
07/19/2026,03:52:11,21.7,49.5
07/19/2026,03:57:11,21.7,49.3
07/19/2026,04:02:11,21.7,49.5
07/19/2026,04:07:11,21.7,49.5
07/19/2026,04:12:11,21.6,49.4
07/19/2026,04:17:11,21.6,49.5
07/19/2026,04:22:11,21.6,49.5
07/19/2026,04:27:11,21.6,49.5
07/19/2026,04:32:11,21.6,49.5
07/19/2026,04:37:11,21.6,49.5
07/19/2026,04:42:11,21.6,49.4
07/19/2026,04:47:11,21.6,49.4
07/19/2026,04:52:11,21.6,49.4
07/19/2026,04:57:11,21.6,49.4
07/19/2026,05:02:11,21.5,49.4
07/19/2026,05:07:11,21.5,49.3
07/19/2026,05:12:11,21.5,49.3
07/19/2026,05:17:11,21.5,49.3
07/19/2026,05:22:11,21.5,49.3
07/19/2026,05:27:11,21.4,49.3
07/19/2026,05:32:11,21.4,49.3
07/19/2026,05:37:11,21.4,49.3
07/19/2026,05:42:11,21.4,49.3
07/19/2026,05:47:11,21.4,49.2
07/19/2026,05:52:11,21.4,49.2
07/19/2026,05:57:11,21.4,49.3
07/19/2026,06:02:11,21.4,49.2
07/19/2026,06:07:11,21.3,49.2
07/19/2026,06:12:11,21.3,49.2
07/19/2026,06:17:11,21.3,49.2
07/19/2026,06:22:11,21.3,49.2
07/19/2026,06:27:11,21.3,49.2
07/19/2026,06:32:11,21.3,49.2
07/19/2026,06:37:11,21.2,49.2
07/19/2026,06:42:11,21.2,49.2
07/19/2026,06:47:11,21.2,49.2
07/19/2026,06:52:11,21.2,49.2
07/19/2026,06:57:11,21.2,49.2
07/19/2026,07:02:11,21.2,49.2
07/19/2026,07:07:11,21.2,49.2
07/19/2026,07:12:11,21.2,49.3
07/19/2026,07:17:11,21.2,49.3
07/19/2026,07:22:11,21.2,49.3
07/19/2026,07:27:11,21.2,49.3
07/19/2026,07:32:11,21.2,49.3
07/19/2026,07:37:11,21.2,49.3
07/19/2026,07:42:11,21.2,49.3
07/19/2026,07:47:11,21.2,49.2
07/19/2026,07:52:11,21.2,49.2
07/19/2026,07:57:11,21.1,49.2
07/19/2026,08:02:11,21.1,49.2
07/19/2026,08:07:11,21.1,49.2
07/19/2026,08:12:11,21.1,49.3
07/19/2026,08:17:11,21.1,49.6
07/19/2026,08:22:11,21.1,49.8
07/19/2026,08:27:11,21.2,49.8
07/19/2026,08:32:11,21.2,49.9
07/19/2026,08:37:11,21.2,49.9
07/19/2026,08:42:11,21.3,50.0
07/19/2026,08:47:11,21.4,50.1
07/19/2026,08:52:11,21.4,50.1
07/19/2026,08:57:11,21.5,50.1
07/19/2026,09:02:11,21.5,49.8
07/19/2026,09:07:11,21.5,49.4
07/19/2026,09:12:11,21.5,48.7
07/19/2026,09:17:11,21.5,48.4
07/19/2026,09:22:11,21.5,48.1
07/19/2026,09:27:11,21.5,47.9
07/19/2026,09:32:11,21.4,47.9
07/19/2026,09:37:11,21.4,48.0
07/19/2026,09:42:11,21.5,48.1
07/19/2026,09:47:11,21.6,48.3
07/19/2026,09:52:11,21.6,48.4
07/19/2026,09:57:11,21.7,48.4
07/19/2026,10:02:11,21.7,48.4
07/19/2026,10:07:11,21.8,48.1
07/19/2026,10:12:11,21.9,48.1
07/19/2026,10:17:11,21.9,47.9
07/19/2026,10:22:11,22.0,47.8
07/19/2026,10:27:11,22.1,47.7
07/19/2026,10:32:11,22.1,47.5
07/19/2026,10:37:11,22.2,47.4
07/19/2026,10:42:11,22.2,46.9
07/19/2026,10:47:11,22.2,46.5
07/19/2026,10:52:11,22.1,46.0
07/19/2026,10:57:11,22.1,45.8
07/19/2026,11:02:11,22.0,45.7
07/19/2026,11:07:11,22.0,45.5
07/19/2026,11:12:11,22.0,45.7
07/19/2026,11:17:11,22.0,46.0
07/19/2026,11:22:11,22.1,45.9
07/19/2026,11:27:11,22.1,45.6
07/19/2026,11:32:11,22.2,45.7
07/19/2026,11:37:11,22.2,45.9
07/19/2026,11:42:11,22.3,45.9
07/19/2026,11:47:11,22.3,46.0
07/19/2026,11:52:11,22.4,46.2
07/19/2026,11:57:11,22.5,46.1
07/19/2026,12:02:11,22.6,46.2
07/19/2026,12:07:11,22.6,46.3
07/19/2026,12:12:11,22.7,46.3
07/19/2026,12:17:11,22.8,46.3
07/19/2026,12:22:11,22.8,46.3
07/19/2026,12:27:11,22.9,46.3
07/19/2026,12:32:11,22.9,45.9
07/19/2026,12:37:11,22.9,45.3
07/19/2026,12:42:11,22.9,45.0
07/19/2026,12:47:11,22.8,44.6
07/19/2026,12:52:11,22.8,44.5
07/19/2026,12:57:11,22.8,44.1
07/19/2026,13:02:11,22.8,43.8
07/19/2026,13:07:11,22.7,43.9
07/19/2026,13:12:11,22.7,43.9
07/19/2026,13:17:11,22.7,43.6
07/19/2026,13:22:11,22.7,43.7
07/19/2026,13:27:11,22.6,43.7
07/19/2026,13:32:11,22.6,43.8
07/19/2026,13:37:11,22.6,43.8
07/19/2026,13:42:11,22.6,43.8
07/19/2026,13:47:11,22.6,43.7
07/19/2026,13:52:11,22.6,43.7
07/19/2026,13:57:11,22.6,43.5
07/19/2026,14:02:11,22.6,43.4
07/19/2026,14:07:11,22.5,43.4
07/19/2026,14:12:11,22.5,43.3
07/19/2026,14:17:11,22.5,43.3
07/19/2026,14:22:11,22.5,43.4
07/19/2026,14:27:11,22.5,43.2
07/19/2026,14:32:11,22.5,43.2
07/19/2026,14:37:11,22.5,43.1
07/19/2026,14:42:11,22.5,43.2
07/19/2026,14:47:11,22.5,43.2
07/19/2026,14:52:11,22.6,43.2
07/19/2026,14:57:11,22.5,43.2
07/19/2026,15:02:11,22.6,43.1
07/19/2026,15:07:11,22.6,43.0
07/19/2026,15:12:11,22.6,42.9
07/19/2026,15:17:11,22.6,42.9
07/19/2026,15:22:11,22.6,42.7
07/19/2026,15:27:11,22.6,42.5
07/19/2026,15:32:11,22.7,42.4
07/19/2026,15:37:11,22.7,42.3
07/19/2026,15:42:11,22.7,42.4
07/19/2026,15:47:11,22.7,42.4
07/19/2026,15:52:11,22.8,42.4
07/19/2026,15:57:11,22.8,42.2
07/19/2026,16:02:11,22.7,42.2
07/19/2026,16:07:11,22.8,42.1
07/19/2026,16:12:11,22.8,42.0
07/19/2026,16:17:11,22.8,42.1
07/19/2026,16:22:11,22.8,42.3
07/19/2026,16:27:11,22.8,42.4
07/19/2026,16:32:11,22.8,42.4
07/19/2026,16:37:11,22.8,42.4
07/19/2026,16:42:11,22.8,42.4
07/19/2026,16:47:11,22.9,42.3
07/19/2026,16:52:11,22.9,42.2
07/19/2026,16:57:11,22.9,42.1
07/19/2026,17:02:11,22.8,42.0
07/19/2026,17:07:11,22.8,42.0
07/19/2026,17:12:11,22.9,42.0
07/19/2026,17:17:11,22.8,42.2
07/19/2026,17:22:11,22.8,42.3
07/19/2026,17:27:11,22.9,42.4
07/19/2026,17:32:11,22.9,42.4
07/19/2026,17:37:11,22.9,42.4
07/19/2026,17:42:11,22.9,42.4
07/19/2026,17:47:11,22.9,42.3
07/19/2026,17:52:11,23.0,42.4
07/19/2026,17:57:11,23.0,42.3
07/19/2026,18:02:11,23.1,42.3
07/19/2026,18:07:11,23.1,42.4
07/19/2026,18:12:11,23.3,42.1
07/19/2026,18:17:11,23.4,42.1
07/19/2026,18:22:11,23.4,42.0
07/19/2026,18:27:11,23.5,41.9
07/19/2026,18:32:11,23.6,41.8
07/19/2026,18:37:11,23.8,41.7
07/19/2026,18:42:11,23.9,41.6
07/19/2026,18:47:11,24.0,41.3
07/19/2026,18:52:11,23.8,41.2
07/19/2026,18:57:11,23.7,41.3
07/19/2026,19:02:11,23.5,41.4
07/19/2026,19:07:11,23.4,41.4
07/19/2026,19:12:11,23.3,41.5
07/19/2026,19:17:11,23.2,41.6
07/19/2026,19:22:11,23.1,41.8
07/19/2026,19:27:11,23.0,41.8
07/19/2026,19:32:11,23.0,41.8
07/19/2026,19:37:11,22.9,41.9
07/19/2026,19:42:11,22.8,42.0
07/19/2026,19:47:11,22.8,42.0
07/19/2026,19:52:11,22.7,42.0
07/19/2026,19:57:11,22.7,42.1
07/19/2026,20:02:11,22.6,42.1
07/19/2026,20:07:11,22.6,42.3
07/19/2026,20:12:11,22.6,42.4
07/19/2026,20:17:11,22.5,42.5
07/19/2026,20:22:11,22.5,42.6
07/19/2026,20:27:11,22.4,42.8
07/19/2026,20:32:11,22.4,42.9
07/19/2026,20:37:11,22.3,43.0
07/19/2026,20:42:11,22.3,42.9
07/19/2026,20:47:11,22.3,43.0
07/19/2026,20:52:11,22.2,43.0
07/19/2026,20:57:11,22.2,43.1
07/19/2026,21:02:11,22.1,43.1
07/19/2026,21:07:11,22.1,43.1
07/19/2026,21:12:11,22.1,43.1
07/19/2026,21:17:11,22.0,43.1
07/19/2026,21:22:11,22.0,43.1
07/19/2026,21:27:11,22.0,43.2
07/19/2026,21:32:11,22.0,43.3
07/19/2026,21:37:11,21.9,43.4
07/19/2026,21:42:11,21.9,43.5
07/19/2026,21:47:11,21.9,43.6
07/19/2026,21:52:11,21.9,43.6
07/19/2026,21:57:11,21.8,43.7
07/19/2026,22:02:11,21.8,43.8
07/19/2026,22:07:11,21.8,43.8
07/19/2026,22:12:11,21.8,44.0
07/19/2026,22:17:11,21.7,44.0
07/19/2026,22:22:11,21.7,44.0
07/19/2026,22:27:11,21.7,44.1
07/19/2026,22:32:11,21.7,44.2
07/19/2026,22:37:11,21.7,44.2
07/19/2026,22:42:11,21.6,44.2
07/19/2026,22:47:11,21.6,44.3
07/19/2026,22:52:11,21.6,44.3
07/19/2026,22:57:11,21.5,44.4
07/19/2026,23:02:11,21.5,44.4
07/19/2026,23:07:11,21.5,44.4
07/19/2026,23:12:11,21.5,44.5
07/19/2026,23:17:11,21.4,44.5
07/19/2026,23:22:11,21.4,44.5
07/19/2026,23:27:11,21.4,44.6
07/19/2026,23:32:11,21.3,44.6
07/19/2026,23:37:11,21.3,44.6
07/19/2026,23:42:11,21.3,44.6
07/19/2026,23:47:11,21.2,44.7
07/19/2026,23:52:11,21.2,44.8
07/19/2026,23:57:11,21.2,44.8
07/20/2026,00:02:11,21.2,44.8
07/20/2026,00:07:11,21.2,44.9
07/20/2026,00:12:11,21.1,45.0
07/20/2026,00:17:11,21.1,45.0
07/20/2026,00:22:11,21.1,45.1
07/20/2026,00:27:11,21.0,45.1
07/20/2026,00:32:11,21.0,45.2
07/20/2026,00:37:11,21.0,45.3
07/20/2026,00:42:11,21.0,45.3
07/20/2026,00:47:11,20.9,45.4
07/20/2026,00:52:11,20.9,45.5
07/20/2026,00:57:11,20.8,45.5
07/20/2026,01:02:11,20.8,45.6
07/20/2026,01:07:11,20.8,45.6
07/20/2026,01:12:11,20.8,45.7
07/20/2026,01:17:11,20.8,45.7
07/20/2026,01:22:11,20.7,45.7
07/20/2026,01:27:11,20.7,45.8
07/20/2026,01:32:11,20.7,45.9
07/20/2026,01:37:11,20.6,45.9
07/20/2026,01:42:11,20.6,46.0
07/20/2026,01:47:11,20.6,46.0
07/20/2026,01:52:11,20.5,46.1
07/20/2026,01:57:11,20.5,46.2
07/20/2026,02:02:11,20.5,46.2
07/20/2026,02:07:11,20.4,46.3
07/20/2026,02:12:11,20.4,46.4
07/20/2026,02:17:11,20.4,46.4
07/20/2026,02:22:11,20.3,46.5
07/20/2026,02:27:11,20.3,46.6
07/20/2026,02:32:11,20.3,46.7
07/20/2026,02:37:11,20.2,46.8
07/20/2026,02:42:11,20.2,46.9
07/20/2026,02:47:11,20.2,46.9
07/20/2026,02:52:11,20.2,47.0
07/20/2026,02:57:11,20.1,47.2
07/20/2026,03:02:11,20.1,47.2
07/20/2026,03:07:11,20.1,47.3
07/20/2026,03:12:11,20.1,47.4
07/20/2026,03:17:11,20.0,47.5
07/20/2026,03:22:11,20.0,47.6
07/20/2026,03:27:11,20.0,47.6
07/20/2026,03:32:11,20.0,47.7
07/20/2026,03:37:11,19.9,47.7
07/20/2026,03:42:11,19.9,47.9
07/20/2026,03:47:11,19.9,47.9
07/20/2026,03:52:11,19.9,47.9
07/20/2026,03:57:11,19.9,48.0
07/20/2026,04:02:11,19.8,48.1
07/20/2026,04:07:11,19.8,48.2
07/20/2026,04:12:11,19.8,48.2
07/20/2026,04:17:11,19.7,48.3
07/20/2026,04:22:11,19.7,48.3
07/20/2026,04:27:11,19.7,48.4
07/20/2026,04:32:11,19.7,48.4
07/20/2026,04:37:11,19.7,48.5
07/20/2026,04:42:11,19.6,48.5
07/20/2026,04:47:11,19.6,48.5
07/20/2026,04:52:11,19.6,48.6
07/20/2026,04:57:11,19.5,48.6
07/20/2026,05:02:11,19.6,48.7
07/20/2026,05:07:11,19.5,48.7
07/20/2026,05:12:11,19.5,48.8
07/20/2026,05:17:11,19.5,48.8
07/20/2026,05:22:11,19.4,48.8
07/20/2026,05:27:11,19.4,48.9
07/20/2026,05:32:11,19.4,48.9
07/20/2026,05:37:11,19.3,48.9
07/20/2026,05:42:11,19.3,49.0
07/20/2026,05:47:11,19.3,49.0
07/20/2026,05:52:11,19.3,49.0
07/20/2026,05:57:11,19.3,49.1
07/20/2026,06:02:11,19.2,49.2
07/20/2026,06:07:11,19.2,49.2
07/20/2026,06:12:11,19.2,49.3
07/20/2026,06:17:11,19.2,49.3
07/20/2026,06:22:11,19.2,49.4
07/20/2026,06:27:11,19.2,49.4
07/20/2026,06:32:11,19.1,49.5
07/20/2026,06:37:11,19.2,49.5
07/20/2026,06:42:11,19.2,49.7
07/20/2026,06:47:11,19.2,49.8
07/20/2026,06:52:11,19.1,49.7
07/20/2026,06:57:11,19.2,49.7
07/20/2026,07:02:11,19.2,49.7
07/20/2026,07:07:11,19.3,49.7
07/20/2026,07:12:11,19.3,49.7
07/20/2026,07:17:11,19.4,49.6
07/20/2026,07:22:11,19.4,49.5
07/20/2026,07:27:11,19.4,49.5
07/20/2026,07:32:11,19.5,49.6
07/20/2026,07:37:11,19.5,49.4
07/20/2026,07:42:11,19.6,49.4
07/20/2026,07:47:11,19.6,49.4
07/20/2026,07:52:11,19.6,49.4
07/20/2026,07:57:11,19.6,49.4
07/20/2026,08:02:11,19.7,49.4
07/20/2026,08:07:11,19.7,49.3
07/20/2026,08:12:11,19.8,49.3
07/20/2026,08:17:11,19.8,49.3
07/20/2026,08:22:11,19.8,49.3
07/20/2026,08:27:11,19.8,49.3
07/20/2026,08:32:11,19.8,49.3
07/20/2026,08:37:11,19.9,49.4
07/20/2026,08:42:11,19.9,49.4
07/20/2026,08:47:11,20.0,49.4
07/20/2026,08:52:11,20.0,49.4
07/20/2026,08:57:11,20.0,49.4
07/20/2026,09:02:11,20.0,49.3
07/20/2026,09:07:11,20.0,49.3
07/20/2026,09:12:11,20.1,49.4
07/20/2026,09:17:11,20.1,49.3
07/20/2026,09:22:11,20.1,49.3
07/20/2026,09:27:11,20.1,49.3
07/20/2026,09:32:11,20.2,49.4
07/20/2026,09:37:11,20.2,49.3
07/20/2026,09:42:11,20.2,49.4
07/20/2026,09:47:11,20.3,49.4
07/20/2026,09:52:11,20.3,49.4
07/20/2026,09:57:11,20.4,49.4
07/20/2026,10:02:11,20.4,49.5
07/20/2026,10:07:11,20.5,49.5
07/20/2026,10:12:11,20.5,49.6
07/20/2026,10:17:11,20.6,49.5
07/20/2026,10:22:11,20.6,49.4
07/20/2026,10:27:11,20.6,49.3
07/20/2026,10:32:11,20.7,49.2
07/20/2026,10:37:11,20.7,49.2
07/20/2026,10:42:11,20.7,49.2
07/20/2026,10:47:11,20.8,49.1
07/20/2026,10:52:11,20.8,49.1
07/20/2026,10:57:11,20.8,49.2
07/20/2026,11:02:11,20.9,49.5
07/20/2026,11:07:11,21.1,49.7
07/20/2026,11:12:11,21.2,50.0
07/20/2026,11:17:11,21.4,50.3
07/20/2026,11:22:11,21.5,50.4
07/20/2026,11:27:11,21.7,50.6
07/20/2026,11:32:11,21.9,51.0
07/20/2026,11:37:11,22.0,51.1
07/20/2026,11:42:11,22.1,51.3
07/20/2026,11:47:11,22.2,51.3
07/20/2026,11:52:11,22.4,51.3
07/20/2026,11:57:11,22.5,51.2
07/20/2026,12:02:11,22.6,51.2
07/20/2026,12:07:11,22.6,51.2
07/20/2026,12:12:11,22.7,51.1
07/20/2026,12:17:11,22.8,51.0
07/20/2026,12:22:11,22.8,51.0
07/20/2026,12:27:11,22.8,50.9
07/20/2026,12:32:11,22.8,50.5
07/20/2026,12:37:11,22.7,50.0
07/20/2026,12:42:11,22.7,49.6
07/20/2026,12:47:11,22.7,49.1
07/20/2026,12:52:11,22.6,48.9
07/20/2026,12:57:11,22.6,48.9
07/20/2026,13:02:11,22.6,48.4
07/20/2026,13:07:11,22.5,48.4
07/20/2026,13:12:11,22.5,48.2
07/20/2026,13:17:11,22.5,48.2
07/20/2026,13:22:11,22.5,48.3
07/20/2026,13:27:11,22.5,47.9
07/20/2026,13:32:11,22.5,47.3
07/20/2026,13:37:11,22.5,47.0
07/20/2026,13:42:11,22.5,46.7
07/20/2026,13:47:11,22.5,46.7
07/20/2026,13:52:11,22.6,46.7
07/20/2026,13:57:11,22.6,46.6
07/20/2026,14:02:11,22.6,46.4
07/20/2026,14:07:11,22.6,46.3
07/20/2026,14:12:11,22.7,46.3
07/20/2026,14:17:11,22.7,46.0
07/20/2026,14:22:11,22.7,46.0
07/20/2026,14:27:11,22.7,45.8
07/20/2026,14:32:11,22.8,45.4
07/20/2026,14:37:11,22.8,45.2
07/20/2026,14:42:11,22.9,44.9
07/20/2026,14:47:11,22.9,44.8
07/20/2026,14:52:11,22.9,44.5
07/20/2026,14:57:11,23.0,44.1
07/20/2026,15:02:11,23.0,44.1
07/20/2026,15:07:11,23.0,43.9
07/20/2026,15:12:11,23.1,43.9
07/20/2026,15:17:11,23.1,44.1
07/20/2026,15:22:11,23.1,44.2
07/20/2026,15:27:11,23.1,44.4
07/20/2026,15:32:11,23.2,44.1
07/20/2026,15:37:11,23.2,44.2
07/20/2026,15:42:11,23.2,44.0
07/20/2026,15:47:11,23.3,44.2
07/20/2026,15:52:11,23.3,44.3
07/20/2026,15:57:11,23.4,44.4
07/20/2026,16:02:11,23.4,44.2
07/20/2026,16:07:11,23.4,44.1
07/20/2026,16:12:11,23.5,44.3
07/20/2026,16:17:11,23.5,44.1
07/20/2026,16:22:11,23.5,44.1
07/20/2026,16:27:11,23.6,44.2
07/20/2026,16:32:11,23.6,44.1
07/20/2026,16:37:11,23.7,44.1
07/20/2026,16:42:11,23.7,44.0
07/20/2026,16:47:11,23.7,44.2
07/20/2026,16:52:11,23.7,44.0
07/20/2026,16:57:11,23.8,44.0
07/20/2026,17:02:11,23.8,43.9
07/20/2026,17:07:11,23.8,43.9
07/20/2026,17:12:11,23.9,43.9
07/20/2026,17:17:11,23.9,43.9
07/20/2026,17:22:11,23.9,43.9
07/20/2026,17:27:11,23.9,43.8
07/20/2026,17:32:11,24.0,43.8
07/20/2026,17:37:11,24.0,43.8
07/20/2026,17:42:11,24.0,43.8
07/20/2026,17:47:11,24.1,43.7
07/20/2026,17:52:11,24.1,43.7
07/20/2026,17:57:11,24.2,43.6
07/20/2026,18:02:11,24.3,43.6
07/20/2026,18:07:11,24.4,43.5
07/20/2026,18:12:11,24.5,43.4
07/20/2026,18:17:11,24.6,43.3
07/20/2026,18:22:11,24.7,43.1
07/20/2026,18:27:11,24.7,43.1
07/20/2026,18:32:11,24.8,43.0
07/20/2026,18:37:11,24.9,42.9
07/20/2026,18:42:11,24.9,42.8
07/20/2026,18:47:11,24.8,42.8
07/20/2026,18:52:11,24.7,42.9
07/20/2026,18:57:11,24.6,43.0
07/20/2026,19:02:11,24.6,43.1
07/20/2026,19:07:11,24.5,43.1
07/20/2026,19:12:11,24.5,43.2
07/20/2026,19:17:11,24.4,43.3
07/20/2026,19:22:11,24.4,43.3
07/20/2026,19:27:11,24.4,43.4
07/20/2026,19:32:11,24.4,43.4
07/20/2026,19:37:11,24.3,43.5
07/20/2026,19:42:11,24.3,43.5
07/20/2026,19:47:11,24.3,43.5
07/20/2026,19:52:11,24.2,43.5
07/20/2026,19:57:11,24.2,43.5
07/20/2026,20:02:11,24.2,43.6
07/20/2026,20:07:11,24.2,43.6
07/20/2026,20:12:11,24.1,43.6
07/20/2026,20:17:11,24.1,43.7
07/20/2026,20:22:11,24.1,43.7
07/20/2026,20:27:11,24.1,43.7
07/20/2026,20:32:11,24.1,43.8
07/20/2026,20:37:11,24.0,43.8
07/20/2026,20:42:11,24.0,43.8
07/20/2026,20:47:11,24.0,43.9
07/20/2026,20:52:11,24.0,43.8
07/20/2026,20:57:11,24.0,43.9
07/20/2026,21:02:11,23.9,43.9
07/20/2026,21:07:11,23.9,43.9
07/20/2026,21:12:11,23.9,43.9
07/20/2026,21:17:11,23.9,43.9
07/20/2026,21:22:11,23.9,44.0
07/20/2026,21:27:11,23.8,44.0
07/20/2026,21:32:11,23.8,44.1
07/20/2026,21:37:11,23.8,44.0
07/20/2026,21:42:11,23.8,44.0
07/20/2026,21:47:11,23.8,44.0
07/20/2026,21:52:11,23.8,44.0
07/20/2026,21:57:11,23.7,44.1
07/20/2026,22:02:11,23.7,44.1
07/20/2026,22:07:11,23.7,44.1
07/20/2026,22:12:11,23.7,44.2
07/20/2026,22:17:11,23.7,44.2
07/20/2026,22:22:11,23.7,44.2
07/20/2026,22:27:11,23.6,44.2
07/20/2026,22:32:11,23.7,44.3
07/20/2026,22:37:11,23.6,44.3
07/20/2026,22:42:11,23.6,44.2
07/20/2026,22:47:11,23.6,44.3
07/20/2026,22:52:11,23.6,44.3
07/20/2026,22:57:11,23.6,44.4
07/20/2026,23:02:11,23.6,44.4
07/20/2026,23:07:11,23.6,44.5
07/20/2026,23:12:11,23.5,44.5
07/20/2026,23:17:11,23.6,44.5
07/20/2026,23:22:11,23.5,44.5
07/20/2026,23:27:11,23.5,44.5
07/20/2026,23:32:11,23.5,44.6
07/20/2026,23:37:11,23.5,44.6
07/20/2026,23:42:11,23.4,44.7
07/20/2026,23:47:11,23.4,44.7
07/20/2026,23:52:11,23.4,44.8
07/20/2026,23:57:11,23.4,44.8
07/21/2026,00:02:11,23.4,44.8
07/21/2026,00:07:11,23.4,44.9
07/21/2026,00:12:11,23.3,44.9
07/21/2026,00:17:11,23.3,44.9
07/21/2026,00:22:11,23.3,45.0
07/21/2026,00:27:11,23.3,45.0
07/21/2026,00:32:11,23.3,45.1
07/21/2026,00:37:11,23.3,45.2
07/21/2026,00:42:11,23.3,45.2
07/21/2026,00:47:11,23.3,45.2
07/21/2026,00:52:11,23.2,45.3
07/21/2026,00:57:11,23.2,45.4
07/21/2026,01:02:11,23.2,45.4
07/21/2026,01:07:11,23.2,45.4
07/21/2026,01:12:11,23.2,45.5
07/21/2026,01:17:11,23.2,45.6
07/21/2026,01:22:11,23.1,45.6
07/21/2026,01:27:11,23.1,45.7
07/21/2026,01:32:11,23.1,45.7
07/21/2026,01:37:11,23.1,45.8
07/21/2026,01:42:11,23.1,45.8
07/21/2026,01:47:11,23.1,45.9
07/21/2026,01:52:11,23.1,45.9
07/21/2026,01:57:11,23.0,46.0
07/21/2026,02:02:11,23.0,46.0
07/21/2026,02:07:11,23.0,46.1
07/21/2026,02:12:11,23.0,46.1
07/21/2026,02:17:11,23.0,46.1
07/21/2026,02:22:11,23.0,46.2
07/21/2026,02:27:11,23.0,46.2
07/21/2026,02:32:11,22.9,46.3
07/21/2026,02:37:11,22.9,46.3
07/21/2026,02:42:11,22.9,46.3
07/21/2026,02:47:11,22.9,46.4
07/21/2026,02:52:11,22.9,46.3
07/21/2026,02:57:11,22.9,46.4
07/21/2026,03:02:11,22.8,46.4
07/21/2026,03:07:11,22.8,46.5
07/21/2026,03:12:11,22.8,46.5
07/21/2026,03:17:11,22.8,46.5
07/21/2026,03:22:11,22.8,46.5
07/21/2026,03:27:11,22.7,46.6
07/21/2026,03:32:11,22.7,46.5
07/21/2026,03:37:11,22.7,46.6
07/21/2026,03:42:11,22.7,46.7
07/21/2026,03:47:11,22.7,46.6
07/21/2026,03:52:11,22.7,46.7
07/21/2026,03:57:11,22.6,46.7
07/21/2026,04:02:11,22.6,46.7
07/21/2026,04:07:11,22.6,46.7
07/21/2026,04:12:11,22.6,46.8
07/21/2026,04:17:11,22.6,46.8
07/21/2026,04:22:11,22.6,46.8
07/21/2026,04:27:11,22.6,46.9
07/21/2026,04:32:11,22.5,46.9
07/21/2026,04:37:11,22.5,47.1
07/21/2026,04:42:11,22.5,47.0
07/21/2026,04:47:11,22.5,47.1
07/21/2026,04:52:11,22.5,47.1
07/21/2026,04:57:11,22.4,47.1
07/21/2026,05:02:11,22.4,47.2
07/21/2026,05:07:11,22.4,47.2
07/21/2026,05:12:11,22.4,47.3
07/21/2026,05:17:11,22.4,47.4
07/21/2026,05:22:11,22.4,47.4
07/21/2026,05:27:11,22.3,47.4
07/21/2026,05:32:11,22.3,47.5
07/21/2026,05:37:11,22.3,47.5
07/21/2026,05:42:11,22.3,47.6
07/21/2026,05:47:11,22.3,47.5
07/21/2026,05:52:11,22.3,47.6
07/21/2026,05:57:11,22.3,47.7
07/21/2026,06:02:11,22.3,47.7
07/21/2026,06:07:11,22.3,47.7
07/21/2026,06:12:11,22.3,47.7
07/21/2026,06:17:11,22.2,47.8
07/21/2026,06:22:11,22.2,47.8
07/21/2026,06:27:11,22.2,47.8
07/21/2026,06:32:11,22.2,47.8
07/21/2026,06:37:11,22.2,47.8
07/21/2026,06:42:11,22.2,47.9
07/21/2026,06:47:11,22.2,47.9
07/21/2026,06:52:11,22.2,48.0
07/21/2026,06:57:11,22.2,47.9
07/21/2026,07:02:11,22.2,48.0
07/21/2026,07:07:11,22.2,48.0
07/21/2026,07:12:11,22.2,48.1
07/21/2026,07:17:11,22.2,48.1
07/21/2026,07:22:11,22.2,48.1
07/21/2026,07:27:11,22.2,48.0
07/21/2026,07:32:11,22.2,48.0
07/21/2026,07:37:11,22.2,48.0
07/21/2026,07:42:11,22.2,48.0
07/21/2026,07:47:11,22.2,48.0
07/21/2026,07:52:11,22.2,48.1
07/21/2026,07:57:11,22.2,48.1
07/21/2026,08:02:11,22.2,48.1
07/21/2026,08:07:11,22.2,48.2
07/21/2026,08:12:11,22.2,48.2
07/21/2026,08:17:11,22.2,48.3
07/21/2026,08:22:11,22.2,48.2
07/21/2026,08:27:11,22.2,48.3
07/21/2026,08:32:11,22.3,48.3
07/21/2026,08:37:11,22.2,48.3
07/21/2026,08:42:11,22.3,48.4
07/21/2026,08:47:11,22.3,48.4
07/21/2026,08:52:11,22.3,48.3
07/21/2026,08:57:11,22.3,48.4
07/21/2026,09:02:11,22.3,48.4
07/21/2026,09:07:11,22.3,48.4
07/21/2026,09:12:11,22.3,48.4
07/21/2026,09:17:11,22.3,48.4
07/21/2026,09:22:11,22.3,48.4
07/21/2026,09:27:11,22.3,48.4
07/21/2026,09:32:11,22.3,48.5
07/21/2026,09:37:11,22.3,48.4
07/21/2026,09:42:11,22.3,48.4
07/21/2026,09:47:11,22.3,48.4
07/21/2026,09:52:11,22.3,48.5
07/21/2026,09:57:11,22.3,48.4
07/21/2026,10:02:11,22.3,48.5
07/21/2026,10:07:11,22.3,48.5
07/21/2026,10:12:11,22.3,48.5
07/21/2026,10:17:11,22.3,48.5
07/21/2026,10:22:11,22.3,48.6
07/21/2026,10:27:11,22.3,48.6
07/21/2026,10:32:11,22.3,48.6
07/21/2026,10:37:11,22.3,48.6
07/21/2026,10:42:11,22.3,48.6
07/21/2026,10:47:11,22.3,48.6
07/21/2026,10:52:11,22.3,48.7
07/21/2026,10:57:11,22.3,48.7
07/21/2026,11:02:11,22.3,48.7
07/21/2026,11:07:11,22.3,48.7
07/21/2026,11:12:11,22.3,48.8
07/21/2026,11:17:11,22.3,48.8
07/21/2026,11:22:11,22.3,48.8
07/21/2026,11:27:11,22.3,48.8
07/21/2026,11:32:11,22.3,48.9
07/21/2026,11:37:11,22.3,48.9
07/21/2026,11:42:11,22.3,48.9
07/21/2026,11:47:11,22.3,48.9
07/21/2026,11:52:11,22.3,49.0
07/21/2026,11:57:11,22.3,49.0
07/21/2026,12:02:11,22.3,49.0
07/21/2026,12:07:11,22.3,49.0
07/21/2026,12:12:11,22.3,49.0
07/21/2026,12:17:11,22.3,49.1
07/21/2026,12:22:11,22.3,49.2
07/21/2026,12:27:11,22.3,49.4
07/21/2026,12:32:11,22.3,49.4
07/21/2026,12:37:11,22.3,49.6
07/21/2026,12:42:11,22.4,49.8
07/21/2026,12:47:11,22.4,50.0
07/21/2026,12:52:11,22.4,50.3
07/21/2026,12:57:11,22.4,50.4
07/21/2026,13:02:11,22.4,50.7
07/21/2026,13:07:11,22.5,50.9
07/21/2026,13:12:11,22.5,51.0
07/21/2026,13:17:11,22.5,51.1
07/21/2026,13:22:11,22.5,51.2
07/21/2026,13:27:11,22.5,51.2
07/21/2026,13:32:11,22.5,51.2
07/21/2026,13:37:11,22.5,51.3
07/21/2026,13:42:11,22.5,51.4
07/21/2026,13:47:11,22.5,51.5
07/21/2026,13:52:11,22.5,51.6
07/21/2026,13:57:11,22.5,51.5
07/21/2026,14:02:11,22.5,51.7
07/21/2026,14:07:11,22.5,51.7
07/21/2026,14:12:11,22.6,51.7
07/21/2026,14:17:11,22.6,51.7
07/21/2026,14:22:11,22.6,51.8
07/21/2026,14:27:11,22.6,51.8
07/21/2026,14:32:11,22.6,51.9
07/21/2026,14:37:11,22.6,51.9
07/21/2026,14:42:11,22.6,51.9
07/21/2026,14:47:11,22.6,51.9
07/21/2026,14:52:11,22.6,51.9
07/21/2026,14:57:11,22.6,52.0
07/21/2026,15:02:11,22.6,52.0
07/21/2026,15:07:11,22.6,52.1
07/21/2026,15:12:11,22.7,52.2
07/21/2026,15:17:11,22.7,52.1
07/21/2026,15:22:11,22.7,52.2
07/21/2026,15:27:11,22.7,52.2
07/21/2026,15:32:11,22.7,52.2
07/21/2026,15:37:11,22.7,52.3
07/21/2026,15:42:11,22.7,52.3
07/21/2026,15:47:11,22.7,52.3
07/21/2026,15:52:11,22.7,52.3
07/21/2026,15:57:11,22.7,52.3
07/21/2026,16:02:11,22.7,52.4
07/21/2026,16:07:11,22.7,52.4
07/21/2026,16:12:11,22.7,52.4
07/21/2026,16:17:11,22.7,52.4
07/21/2026,16:22:11,22.7,52.5
07/21/2026,16:27:11,22.7,52.5
07/21/2026,16:32:11,22.7,52.5
07/21/2026,16:37:11,22.8,52.6
07/21/2026,16:42:11,22.7,52.6
07/21/2026,16:47:11,22.8,52.6
07/21/2026,16:52:11,22.8,52.6
07/21/2026,16:57:11,22.8,52.6
07/21/2026,17:02:11,22.8,52.7
07/21/2026,17:07:11,22.9,52.7
07/21/2026,17:12:11,22.9,52.7
07/21/2026,17:17:11,22.9,52.7
07/21/2026,17:22:11,23.0,52.6
07/21/2026,17:27:11,23.0,52.6
07/21/2026,17:32:11,23.0,52.6
07/21/2026,17:37:11,23.0,52.5
07/21/2026,17:42:11,23.1,52.5
07/21/2026,17:47:11,23.1,52.5
07/21/2026,17:52:11,23.1,52.4
07/21/2026,17:57:11,23.2,52.4
07/21/2026,18:02:11,23.2,52.3
07/21/2026,18:07:11,23.3,52.2
07/21/2026,18:12:11,23.5,52.1
07/21/2026,18:17:11,23.5,52.0
07/21/2026,18:22:11,23.6,51.9
07/21/2026,18:27:11,23.7,51.7
07/21/2026,18:32:11,23.8,51.6
07/21/2026,18:37:11,23.9,51.5
07/21/2026,18:42:11,24.0,51.4
07/21/2026,18:47:11,24.0,51.4
07/21/2026,18:52:11,24.0,51.4
07/21/2026,18:57:11,23.8,51.6
07/21/2026,19:02:11,23.8,51.8
07/21/2026,19:07:11,23.7,51.9
07/21/2026,19:12:11,23.7,52.1
07/21/2026,19:17:11,23.7,52.3
07/21/2026,19:22:11,23.7,52.4
07/21/2026,19:27:11,23.6,52.6
07/21/2026,19:32:11,23.6,52.8
07/21/2026,19:37:11,23.6,52.9
07/21/2026,19:42:11,23.6,52.9
07/21/2026,19:47:11,23.6,52.8
07/21/2026,19:52:11,23.6,52.8
07/21/2026,19:57:11,23.6,52.8
07/21/2026,20:02:11,23.6,52.8
07/21/2026,20:07:11,23.5,52.7
07/21/2026,20:12:11,23.5,52.7
07/21/2026,20:17:11,23.5,52.8
07/21/2026,20:22:11,23.5,52.8
07/21/2026,20:27:11,23.5,52.8
07/21/2026,20:32:11,23.5,52.9
07/21/2026,20:37:11,23.4,52.8
07/21/2026,20:42:11,23.4,52.9
07/21/2026,20:47:11,23.4,52.9
07/21/2026,20:52:11,23.4,52.8
07/21/2026,20:57:11,23.4,52.8
07/21/2026,21:02:11,23.4,52.8
07/21/2026,21:07:11,23.3,52.8
07/21/2026,21:12:11,23.3,52.8
07/21/2026,21:17:11,23.3,52.8
07/21/2026,21:22:11,23.3,52.8
07/21/2026,21:27:11,23.3,52.8
07/21/2026,21:32:11,23.3,52.8
07/21/2026,21:37:11,23.2,52.8
07/21/2026,21:42:11,23.2,52.8
07/21/2026,21:47:11,23.2,52.8
07/21/2026,21:52:11,23.2,52.8
07/21/2026,21:57:11,23.2,52.8
07/21/2026,22:02:11,23.2,52.8
07/21/2026,22:07:11,23.2,52.8
07/21/2026,22:12:11,23.1,52.8
07/21/2026,22:17:11,23.1,52.8
07/21/2026,22:22:11,23.1,52.8
07/21/2026,22:27:11,23.1,52.8
07/21/2026,22:32:11,23.1,52.8
07/21/2026,22:37:11,23.0,52.8
07/21/2026,22:42:11,23.0,52.8
07/21/2026,22:47:11,23.0,52.8
07/21/2026,22:52:11,23.0,52.8
07/21/2026,22:57:11,23.0,52.8
07/21/2026,23:02:11,23.0,52.8
07/21/2026,23:07:11,23.0,52.8
07/21/2026,23:12:11,22.9,52.8
07/21/2026,23:17:11,22.9,52.7
07/21/2026,23:22:11,22.9,52.7
07/21/2026,23:27:11,22.9,52.7
07/21/2026,23:32:11,22.9,52.7
07/21/2026,23:37:11,22.9,52.6
07/21/2026,23:42:11,22.8,52.6
07/21/2026,23:47:11,22.8,52.6
07/21/2026,23:52:11,22.8,52.6
07/21/2026,23:57:11,22.8,52.6
07/22/2026,00:02:11,22.8,52.6
07/22/2026,00:07:11,22.7,52.6
07/22/2026,00:12:11,22.7,52.6
07/22/2026,00:17:11,22.7,52.6
07/22/2026,00:22:11,22.7,52.5
07/22/2026,00:27:11,22.6,52.5
07/22/2026,00:32:11,22.6,52.5
07/22/2026,00:37:11,22.6,52.5
07/22/2026,00:42:11,22.6,52.5
07/22/2026,00:47:11,22.6,52.4
07/22/2026,00:52:11,22.6,52.4
07/22/2026,00:57:11,22.6,52.4
07/22/2026,01:02:11,22.5,52.4
07/22/2026,01:07:11,22.5,52.3
07/22/2026,01:12:11,22.5,52.3
07/22/2026,01:17:11,22.5,52.3
07/22/2026,01:22:11,22.5,52.2
07/22/2026,01:27:11,22.5,52.2
07/22/2026,01:32:11,22.4,52.2
07/22/2026,01:37:11,22.4,52.2
07/22/2026,01:42:11,22.4,52.2
07/22/2026,01:47:11,22.4,52.2
07/22/2026,01:52:11,22.4,52.2
07/22/2026,01:57:11,22.3,52.1
07/22/2026,02:02:11,22.3,52.2
07/22/2026,02:07:11,22.3,52.1
07/22/2026,02:12:11,22.3,52.1
07/22/2026,02:17:11,22.3,52.1
07/22/2026,02:22:11,22.3,52.1
07/22/2026,02:27:11,22.2,52.1
07/22/2026,02:32:11,22.2,52.0
07/22/2026,02:37:11,22.2,52.0
07/22/2026,02:42:11,22.2,52.0
07/22/2026,02:47:11,22.2,51.9
07/22/2026,02:52:11,22.2,52.0
07/22/2026,02:57:11,22.2,52.0
07/22/2026,03:02:11,22.1,51.9
07/22/2026,03:07:11,22.1,51.9
07/22/2026,03:12:11,22.1,51.9
07/22/2026,03:17:11,22.1,51.9
07/22/2026,03:22:11,22.1,51.8
07/22/2026,03:27:11,22.1,51.8
07/22/2026,03:32:11,22.1,51.9
07/22/2026,03:37:11,22.0,51.9
07/22/2026,03:42:11,22.0,51.8
07/22/2026,03:47:11,22.0,51.8
07/22/2026,03:52:11,22.0,51.9
07/22/2026,03:57:11,22.0,51.8
07/22/2026,04:02:11,22.0,51.8
07/22/2026,04:07:11,21.9,51.8
07/22/2026,04:12:11,22.0,51.8
07/22/2026,04:17:11,21.9,51.8
07/22/2026,04:22:11,21.9,51.8
07/22/2026,04:27:11,21.9,51.8
07/22/2026,04:32:11,21.9,51.8
07/22/2026,04:37:11,21.9,51.8
07/22/2026,04:42:11,21.9,51.8
07/22/2026,04:47:11,21.9,51.8
07/22/2026,04:52:11,21.8,51.7
07/22/2026,04:57:11,21.8,51.8
07/22/2026,05:02:11,21.8,51.7
07/22/2026,05:07:11,21.8,51.7
07/22/2026,05:12:11,21.8,51.7
07/22/2026,05:17:11,21.8,51.7
07/22/2026,05:22:11,21.8,51.6
07/22/2026,05:27:11,21.8,51.6
07/22/2026,05:32:11,21.8,51.6
07/22/2026,05:37:11,21.8,51.7
07/22/2026,05:42:11,21.7,51.6
07/22/2026,05:47:11,21.7,51.6
07/22/2026,05:52:11,21.7,51.6
07/22/2026,05:57:11,21.7,51.5
07/22/2026,06:02:11,21.7,51.5
07/22/2026,06:07:11,21.7,51.6
07/22/2026,06:12:11,21.7,51.5
07/22/2026,06:17:11,21.7,51.5
07/22/2026,06:22:11,21.6,51.5
07/22/2026,06:27:11,21.6,51.5
07/22/2026,06:32:11,21.6,51.6
07/22/2026,06:37:11,21.6,51.6
07/22/2026,06:42:11,21.6,51.6
07/22/2026,06:47:11,21.6,51.6
07/22/2026,06:52:11,21.6,51.6
07/22/2026,06:57:11,21.6,51.7
07/22/2026,07:02:11,21.6,51.7
07/22/2026,07:07:11,21.5,51.7
07/22/2026,07:12:11,21.6,51.6
07/22/2026,07:17:11,21.6,51.7
07/22/2026,07:22:11,21.6,51.7
07/22/2026,07:27:11,21.5,51.8
07/22/2026,07:32:11,21.6,51.8
07/22/2026,07:37:11,21.5,51.9
07/22/2026,07:42:11,21.5,51.8
07/22/2026,07:47:11,21.5,51.9
07/22/2026,07:52:11,21.5,51.8
07/22/2026,07:57:11,21.5,51.9
07/22/2026,08:02:11,21.6,51.9
07/22/2026,08:07:11,21.6,51.9
07/22/2026,08:12:11,21.5,51.9
07/22/2026,08:17:11,21.5,51.9
07/22/2026,08:22:11,21.5,51.9
07/22/2026,08:27:11,21.5,51.9
07/22/2026,08:32:11,21.5,51.9
07/22/2026,08:37:11,21.5,51.9
07/22/2026,08:42:11,21.6,51.9
07/22/2026,08:47:11,21.6,51.9
07/22/2026,08:52:11,21.5,51.9
07/22/2026,08:57:11,21.5,51.9
07/22/2026,09:02:11,21.6,51.8
07/22/2026,09:07:11,21.6,51.9
07/22/2026,09:12:11,21.6,51.9
07/22/2026,09:17:11,21.6,51.9
07/22/2026,09:22:11,21.6,51.9
07/22/2026,09:27:11,21.6,52.0
07/22/2026,09:32:11,21.6,51.9
07/22/2026,09:37:11,21.6,52.0
07/22/2026,09:42:11,21.6,51.9
07/22/2026,09:47:11,21.6,51.9
07/22/2026,09:52:11,21.7,52.0
07/22/2026,09:57:11,21.7,52.1
07/22/2026,10:02:11,21.7,52.1
07/22/2026,10:07:11,21.7,52.2
07/22/2026,10:12:11,21.7,52.2
07/22/2026,10:17:11,21.7,52.2
07/22/2026,10:22:11,21.8,52.2
07/22/2026,10:27:11,21.8,52.3
07/22/2026,10:32:11,21.8,52.2
07/22/2026,10:37:11,21.8,52.2
07/22/2026,10:42:11,21.9,52.2
07/22/2026,10:47:11,21.9,52.3
07/22/2026,10:52:11,21.9,52.3
07/22/2026,10:57:11,21.9,52.2
07/22/2026,11:02:11,21.9,52.2
07/22/2026,11:07:11,21.9,52.2
07/22/2026,11:12:11,21.9,52.3
07/22/2026,11:17:11,21.9,52.2
07/22/2026,11:22:11,21.9,52.3
07/22/2026,11:27:11,21.9,52.3
07/22/2026,11:32:11,22.0,52.3
07/22/2026,11:37:11,22.0,52.3
07/22/2026,11:42:11,22.0,52.3
07/22/2026,11:47:11,22.0,52.3
07/22/2026,11:52:11,22.0,52.3
07/22/2026,11:57:11,22.0,52.3
07/22/2026,12:02:11,22.0,52.3
07/22/2026,12:07:11,22.1,52.3
07/22/2026,12:12:11,22.0,52.3
07/22/2026,12:17:11,22.1,52.4
07/22/2026,12:22:11,22.1,52.5
07/22/2026,12:27:11,22.1,52.4
07/22/2026,12:32:11,22.1,52.4
07/22/2026,12:37:11,22.1,52.4
07/22/2026,12:42:11,22.1,52.4
07/22/2026,12:47:11,22.1,52.5
07/22/2026,12:52:11,22.2,52.5
07/22/2026,12:57:11,22.2,52.5
07/22/2026,13:02:11,22.2,52.5
07/22/2026,13:07:11,22.2,52.5
07/22/2026,13:12:11,22.2,52.5
07/22/2026,13:17:11,22.3,52.5
07/22/2026,13:22:11,22.3,52.5
07/22/2026,13:27:11,22.3,52.5
07/22/2026,13:32:11,22.3,52.5
07/22/2026,13:37:11,22.4,52.5
07/22/2026,13:42:11,22.4,52.5
07/22/2026,13:47:11,22.4,52.4
07/22/2026,13:52:11,22.4,52.5
07/22/2026,13:57:11,22.5,52.5
07/22/2026,14:02:11,22.5,52.5
07/22/2026,14:07:11,22.5,52.5
07/22/2026,14:12:11,22.5,52.5
07/22/2026,14:17:11,22.5,52.5
07/22/2026,14:22:11,22.5,52.5
07/22/2026,14:27:11,22.6,52.5
07/22/2026,14:32:11,22.6,52.6
07/22/2026,14:37:11,22.6,52.5
07/22/2026,14:42:11,22.7,52.5
07/22/2026,14:47:11,22.7,52.5
07/22/2026,14:52:11,22.7,52.5
07/22/2026,14:57:11,22.8,52.5
07/22/2026,15:02:11,22.8,52.5
07/22/2026,15:07:11,22.8,52.4
07/22/2026,15:12:11,22.8,52.5
07/22/2026,15:17:11,22.9,52.5
07/22/2026,15:22:11,22.9,52.4
07/22/2026,15:27:11,22.9,52.4
07/22/2026,15:32:11,22.9,52.4
07/22/2026,15:37:11,22.9,52.5
07/22/2026,15:42:11,23.0,52.4
07/22/2026,15:47:11,23.0,52.4
07/22/2026,15:52:11,23.0,52.3
07/22/2026,15:57:11,23.0,52.4
07/22/2026,16:02:11,23.1,52.3
07/22/2026,16:07:11,23.1,52.3
07/22/2026,16:12:11,23.1,52.3
07/22/2026,16:17:11,23.1,52.3
07/22/2026,16:22:11,23.2,52.3
07/22/2026,16:27:11,23.2,52.3
07/22/2026,16:32:11,23.2,52.2
07/22/2026,16:37:11,23.2,52.2
07/22/2026,16:42:11,23.3,52.2
07/22/2026,16:47:11,23.3,52.2
07/22/2026,16:52:11,23.3,52.1
07/22/2026,16:57:11,23.4,52.1
07/22/2026,17:02:11,23.4,52.1
07/22/2026,17:07:11,23.4,52.1
07/22/2026,17:12:11,23.5,52.0
07/22/2026,17:17:11,23.5,51.9
07/22/2026,17:22:11,23.5,51.9
07/22/2026,17:27:11,23.5,51.9
07/22/2026,17:32:11,23.5,51.9
07/22/2026,17:37:11,23.5,51.9
07/22/2026,17:42:11,23.6,51.9
07/22/2026,17:47:11,23.6,51.9
07/22/2026,17:52:11,23.6,51.9
07/22/2026,17:57:11,23.7,51.9
07/22/2026,18:02:11,23.7,51.8
07/22/2026,18:07:11,23.8,51.7
07/22/2026,18:12:11,24.0,51.6
07/22/2026,18:17:11,24.1,51.4
07/22/2026,18:22:11,24.1,51.4
07/22/2026,18:27:11,24.2,51.1
07/22/2026,18:32:11,24.3,51.0
07/22/2026,18:37:11,24.4,50.9
07/22/2026,18:42:11,24.4,50.7
07/22/2026,18:47:11,24.4,50.6
07/22/2026,18:52:11,24.3,50.6
07/22/2026,18:57:11,24.3,50.7
07/22/2026,19:02:11,24.2,50.7
07/22/2026,19:07:11,24.1,50.8
07/22/2026,19:12:11,24.1,51.0
07/22/2026,19:17:11,24.1,51.3
07/22/2026,19:22:11,24.1,51.4
07/22/2026,19:27:11,24.0,51.4
07/22/2026,19:32:11,24.0,51.5
07/22/2026,19:37:11,24.0,51.7
07/22/2026,19:42:11,24.0,51.9
07/22/2026,19:47:11,24.0,51.8
07/22/2026,19:52:11,24.0,51.7
07/22/2026,19:57:11,24.0,51.5
07/22/2026,20:02:11,24.0,51.5
07/22/2026,20:07:11,23.9,51.4
07/22/2026,20:12:11,24.0,51.3
07/22/2026,20:17:11,23.9,51.4
07/22/2026,20:22:11,23.9,51.3
07/22/2026,20:27:11,23.9,51.2
07/22/2026,20:32:11,23.8,51.1
07/22/2026,20:37:11,23.8,51.1
07/22/2026,20:42:11,23.8,51.1
07/22/2026,20:47:11,23.8,51.0
07/22/2026,20:52:11,23.8,50.9
07/22/2026,20:57:11,23.7,50.9
07/22/2026,21:02:11,23.7,50.8
07/22/2026,21:07:11,23.7,50.8
07/22/2026,21:12:11,23.6,50.7
07/22/2026,21:17:11,23.6,50.7
07/22/2026,21:22:11,23.6,50.7
07/22/2026,21:27:11,23.5,50.6
07/22/2026,21:32:11,23.5,50.6
07/22/2026,21:37:11,23.5,50.6
07/22/2026,21:42:11,23.5,50.6
07/22/2026,21:47:11,23.4,50.5
07/22/2026,21:52:11,23.4,50.5
07/22/2026,21:57:11,23.4,50.4
07/22/2026,22:02:11,23.4,50.4
07/22/2026,22:07:11,23.3,50.3
07/22/2026,22:12:11,23.3,50.4
07/22/2026,22:17:11,23.3,50.3
07/22/2026,22:22:11,23.3,50.2
07/22/2026,22:27:11,23.2,50.3
07/22/2026,22:32:11,23.2,50.2
07/22/2026,22:37:11,23.2,50.3
07/22/2026,22:42:11,23.1,50.2
07/22/2026,22:47:11,23.1,50.2
07/22/2026,22:52:11,23.1,50.2
07/22/2026,22:57:11,23.1,50.2
07/22/2026,23:02:11,23.1,50.2
07/22/2026,23:07:11,23.0,50.3
07/22/2026,23:12:11,23.0,50.3
07/22/2026,23:17:11,23.0,50.3
07/22/2026,23:22:11,23.0,50.3
07/22/2026,23:27:11,22.9,50.3
07/22/2026,23:32:11,22.9,50.3
07/22/2026,23:37:11,22.9,50.3
07/22/2026,23:42:11,22.9,50.3
07/22/2026,23:47:11,22.8,50.3
07/22/2026,23:52:11,22.8,50.3
07/22/2026,23:57:11,22.8,50.3
07/23/2026,00:02:11,22.8,50.3
07/23/2026,00:07:11,22.8,50.4
07/23/2026,00:12:11,22.7,50.4
07/23/2026,00:17:11,22.7,50.4
07/23/2026,00:22:11,22.7,50.4
07/23/2026,00:27:11,22.7,50.5
07/23/2026,00:32:11,22.7,50.6
07/23/2026,00:37:11,22.6,50.6
07/23/2026,00:42:11,22.6,50.6
07/23/2026,00:47:11,22.6,50.6
07/23/2026,00:52:11,22.6,50.7
07/23/2026,00:57:11,22.6,50.8
07/23/2026,01:02:11,22.5,50.8
07/23/2026,01:07:11,22.5,50.9
07/23/2026,01:12:11,22.5,50.9
07/23/2026,01:17:11,22.5,51.0
07/23/2026,01:22:11,22.5,51.1
07/23/2026,01:27:11,22.4,51.2
07/23/2026,01:32:11,22.4,51.4
07/23/2026,01:37:11,22.4,51.5
07/23/2026,01:42:11,22.4,51.6
07/23/2026,01:47:11,22.4,51.8
07/23/2026,01:52:11,22.4,51.8
07/23/2026,01:57:11,22.4,51.9
07/23/2026,02:02:11,22.3,52.1
07/23/2026,02:07:11,22.3,52.1
07/23/2026,02:12:11,22.3,52.2
07/23/2026,02:17:11,22.3,52.3
07/23/2026,02:22:11,22.3,52.4
07/23/2026,02:27:11,22.3,52.5
07/23/2026,02:32:11,22.3,52.6
07/23/2026,02:37:11,22.3,52.6
07/23/2026,02:42:11,22.2,52.7
07/23/2026,02:47:11,22.2,52.8
07/23/2026,02:52:11,22.2,52.9
07/23/2026,02:57:11,22.2,52.9
07/23/2026,03:02:11,22.2,53.0
07/23/2026,03:07:11,22.2,53.1
07/23/2026,03:12:11,22.1,53.1
07/23/2026,03:17:11,22.1,53.2
07/23/2026,03:22:11,22.1,53.2
07/23/2026,03:27:11,22.1,53.3
07/23/2026,03:32:11,22.1,53.4
07/23/2026,03:37:11,22.1,53.4
07/23/2026,03:42:11,22.0,53.5
07/23/2026,03:47:11,22.1,53.5
07/23/2026,03:52:11,22.0,53.6
07/23/2026,03:57:11,22.0,53.6
07/23/2026,04:02:11,22.0,53.6
07/23/2026,04:07:11,22.0,53.7
07/23/2026,04:12:11,22.0,53.7
07/23/2026,04:17:11,22.0,53.7
07/23/2026,04:22:11,21.9,53.7
07/23/2026,04:27:11,21.9,53.7
07/23/2026,04:32:11,21.9,53.8
07/23/2026,04:37:11,21.9,53.8
07/23/2026,04:42:11,21.9,53.8
07/23/2026,04:47:11,21.8,53.9
07/23/2026,04:52:11,21.8,53.9
07/23/2026,04:57:11,21.8,53.9
07/23/2026,05:02:11,21.8,54.0
07/23/2026,05:07:11,21.8,54.0
07/23/2026,05:12:11,21.8,54.1
07/23/2026,05:17:11,21.7,54.1
07/23/2026,05:22:11,21.7,54.1
07/23/2026,05:27:11,21.7,54.2
07/23/2026,05:32:11,21.7,54.2
07/23/2026,05:37:11,21.7,54.2
07/23/2026,05:42:11,21.7,54.3
07/23/2026,05:47:11,21.7,54.3
07/23/2026,05:52:11,21.6,54.4
07/23/2026,05:57:11,21.6,54.4
07/23/2026,06:02:11,21.6,54.5
07/23/2026,06:07:11,21.6,54.5
07/23/2026,06:12:11,21.6,54.6
07/23/2026,06:17:11,21.6,54.6
07/23/2026,06:22:11,21.6,54.7
07/23/2026,06:27:11,21.6,54.7
07/23/2026,06:32:11,21.6,54.8
07/23/2026,06:37:11,21.6,54.7
07/23/2026,06:42:11,21.5,54.8
07/23/2026,06:47:11,21.5,54.8
07/23/2026,06:52:11,21.5,54.8
07/23/2026,06:57:11,21.5,54.8
07/23/2026,07:02:11,21.5,54.9
07/23/2026,07:07:11,21.5,54.9
07/23/2026,07:12:11,21.5,55.0
07/23/2026,07:17:11,21.5,55.0
07/23/2026,07:22:11,21.5,55.0
07/23/2026,07:27:11,21.5,55.0
07/23/2026,07:32:11,21.5,55.1
07/23/2026,07:37:11,21.5,55.2
07/23/2026,07:42:11,21.5,55.2
07/23/2026,07:47:11,21.5,55.2
07/23/2026,07:52:11,21.5,55.2
07/23/2026,07:57:11,21.5,55.2
07/23/2026,08:02:11,21.5,55.3
07/23/2026,08:07:11,21.5,55.3
07/23/2026,08:12:11,21.5,55.4
07/23/2026,08:17:11,21.5,55.3
07/23/2026,08:22:11,21.6,55.3
07/23/2026,08:27:11,21.5,55.3
07/23/2026,08:32:11,21.6,55.4
07/23/2026,08:37:11,21.6,55.4
07/23/2026,08:42:11,21.6,55.3
07/23/2026,08:47:11,21.6,55.4
07/23/2026,08:52:11,21.6,55.3
07/23/2026,08:57:11,21.6,55.4
07/23/2026,09:02:11,21.6,55.3
07/23/2026,09:07:11,21.6,55.2
07/23/2026,09:12:11,21.7,55.2
07/23/2026,09:17:11,21.7,55.3
07/23/2026,09:22:11,21.7,55.3
07/23/2026,09:27:11,21.7,55.4
07/23/2026,09:32:11,21.7,55.3
07/23/2026,09:37:11,21.8,55.3
07/23/2026,09:42:11,21.8,55.4
07/23/2026,09:47:11,21.8,55.4
07/23/2026,09:52:11,21.8,55.5
07/23/2026,09:57:11,21.8,55.6
07/23/2026,10:02:11,21.9,55.6
07/23/2026,10:07:11,21.9,55.7
07/23/2026,10:12:11,22.0,55.6
07/23/2026,10:17:11,22.0,55.6
07/23/2026,10:22:11,22.0,55.5
07/23/2026,10:27:11,22.0,55.3
07/23/2026,10:32:11,22.1,55.5
07/23/2026,10:37:11,22.1,55.5
07/23/2026,10:42:11,22.1,55.4
07/23/2026,10:47:11,22.1,55.2
07/23/2026,10:52:11,22.1,55.3
07/23/2026,10:57:11,22.1,55.4
07/23/2026,11:02:11,22.2,55.4
07/23/2026,11:07:11,22.2,55.3
07/23/2026,11:12:11,22.2,55.4
07/23/2026,11:17:11,22.2,55.4
07/23/2026,11:22:11,22.3,55.4
07/23/2026,11:27:11,22.3,55.3
07/23/2026,11:32:11,22.3,55.3
07/23/2026,11:37:11,22.3,55.4
07/23/2026,11:42:11,22.4,55.3
07/23/2026,11:47:11,22.4,55.4
07/23/2026,11:52:11,22.4,55.4
07/23/2026,11:57:11,22.5,55.4
07/23/2026,12:02:11,22.5,55.3
07/23/2026,12:07:11,22.5,55.3
07/23/2026,12:12:11,22.6,55.2
07/23/2026,12:17:11,22.6,55.2
07/23/2026,12:22:11,22.6,55.3
07/23/2026,12:27:11,22.7,55.3
07/23/2026,12:32:11,22.7,55.2
07/23/2026,12:37:11,22.7,55.2
07/23/2026,12:42:11,22.8,55.3
07/23/2026,12:47:11,22.8,55.3
07/23/2026,12:52:11,22.8,55.2
07/23/2026,12:57:11,22.8,55.2
07/23/2026,13:02:11,22.9,55.2
07/23/2026,13:07:11,22.9,55.2
07/23/2026,13:12:11,22.9,55.2
07/23/2026,13:17:11,22.9,55.1
07/23/2026,13:22:11,22.9,55.0
07/23/2026,13:27:11,22.9,55.0
07/23/2026,13:32:11,23.0,54.9
07/23/2026,13:37:11,23.0,55.0
07/23/2026,13:42:11,23.0,55.0
07/23/2026,13:47:11,23.0,55.0
07/23/2026,13:52:11,23.0,55.0
07/23/2026,13:57:11,23.0,54.9
07/23/2026,14:02:11,23.1,54.8
07/23/2026,14:07:11,23.1,54.8
07/23/2026,14:12:11,23.1,54.7
07/23/2026,14:17:11,23.1,54.7
07/23/2026,14:22:11,23.2,54.7
07/23/2026,14:27:11,23.2,54.6
07/23/2026,14:32:11,23.2,54.6
07/23/2026,14:37:11,23.2,54.5
07/23/2026,14:42:11,23.3,54.5
07/23/2026,14:47:11,23.3,54.5
07/23/2026,14:52:11,23.3,54.4
07/23/2026,14:57:11,23.3,54.4
07/23/2026,15:02:11,23.3,54.3
07/23/2026,15:07:11,23.3,54.3
07/23/2026,15:12:11,23.4,54.2
07/23/2026,15:17:11,23.4,54.3
07/23/2026,15:22:11,23.5,54.3
07/23/2026,15:27:11,23.5,54.2
07/23/2026,15:32:11,23.5,54.2
07/23/2026,15:37:11,23.6,54.1
07/23/2026,15:42:11,23.6,54.0
07/23/2026,15:47:11,23.6,53.9
07/23/2026,15:52:11,23.6,53.9
07/23/2026,15:57:11,23.7,53.9
07/23/2026,16:02:11,23.7,53.8
07/23/2026,16:07:11,23.7,53.7
07/23/2026,16:12:11,23.7,53.7
07/23/2026,16:17:11,23.7,53.6
07/23/2026,16:22:11,23.7,53.6
07/23/2026,16:27:11,23.8,53.5
07/23/2026,16:32:11,23.8,53.4
07/23/2026,16:37:11,23.8,53.4
07/23/2026,16:42:11,23.8,53.3
07/23/2026,16:47:11,23.8,53.2
07/23/2026,16:52:11,23.8,53.1
07/23/2026,16:57:11,23.8,53.1
07/23/2026,17:02:11,23.8,53.0
07/23/2026,17:07:11,23.8,53.0
07/23/2026,17:12:11,23.9,53.0
07/23/2026,17:17:11,23.9,52.9
07/23/2026,17:22:11,23.9,52.8
07/23/2026,17:27:11,23.9,52.8
07/23/2026,17:32:11,23.9,52.7
07/23/2026,17:37:11,24.0,52.8
07/23/2026,17:42:11,24.0,52.7
07/23/2026,17:47:11,24.0,52.6
07/23/2026,17:52:11,24.1,52.5
07/23/2026,17:57:11,24.1,52.4
07/23/2026,18:02:11,24.2,52.4
07/23/2026,18:07:11,24.2,52.4
07/23/2026,18:12:11,24.2,52.5
07/23/2026,18:17:11,24.2,52.5
07/23/2026,18:22:11,24.2,52.5
07/23/2026,18:27:11,24.2,52.5
07/23/2026,18:32:11,24.2,52.7
07/23/2026,18:37:11,24.2,52.5
07/23/2026,18:42:11,24.3,52.5
07/23/2026,18:47:11,24.3,52.4
07/23/2026,18:52:11,24.3,52.4
07/23/2026,18:57:11,24.3,52.3
07/23/2026,19:02:11,24.3,52.3
07/23/2026,19:07:11,24.3,52.3
07/23/2026,19:12:11,24.3,52.3
07/23/2026,19:17:11,24.3,52.2
07/23/2026,19:22:11,24.3,52.2
07/23/2026,19:27:11,24.3,52.2
07/23/2026,19:32:11,24.3,52.2
07/23/2026,19:37:11,24.3,52.2
07/23/2026,19:42:11,24.3,52.1
07/23/2026,19:47:11,24.3,52.1
07/23/2026,19:52:11,24.3,52.1
07/23/2026,19:57:11,24.3,52.1
07/23/2026,20:02:11,24.2,52.1
07/23/2026,20:07:11,24.2,52.2
07/23/2026,20:12:11,24.2,52.2
07/23/2026,20:17:11,24.2,52.2
07/23/2026,20:22:11,24.2,52.2
07/23/2026,20:27:11,24.2,52.2
07/23/2026,20:32:11,24.2,52.1
07/23/2026,20:37:11,24.2,52.2
07/23/2026,20:42:11,24.2,52.2
07/23/2026,20:47:11,24.1,52.1
07/23/2026,20:52:11,24.1,52.1
07/23/2026,20:57:11,24.1,52.1
07/23/2026,21:02:11,24.1,52.2
07/23/2026,21:07:11,24.1,52.2
07/23/2026,21:12:11,24.1,52.2
07/23/2026,21:17:11,24.1,52.3
07/23/2026,21:22:11,24.0,52.5
07/23/2026,21:27:11,24.0,52.7
07/23/2026,21:32:11,24.0,52.8
07/23/2026,21:37:11,24.0,53.0
07/23/2026,21:42:11,24.0,53.1
07/23/2026,21:47:11,23.9,53.2
07/23/2026,21:52:11,23.9,53.5
07/23/2026,21:57:11,23.9,53.6
07/23/2026,22:02:11,23.8,53.6
07/23/2026,22:07:11,23.8,53.8
07/23/2026,22:12:11,23.8,53.8
07/23/2026,22:17:11,23.8,53.9
07/23/2026,22:22:11,23.8,54.0
07/23/2026,22:27:11,23.7,54.1
07/23/2026,22:32:11,23.8,54.2
07/23/2026,22:37:11,23.7,54.3
07/23/2026,22:42:11,23.7,54.3
07/23/2026,22:47:11,23.7,54.4
07/23/2026,22:52:11,23.7,54.5
07/23/2026,22:57:11,23.6,54.6
07/23/2026,23:02:11,23.6,54.7
07/23/2026,23:07:11,23.6,54.8
07/23/2026,23:12:11,23.5,54.9
07/23/2026,23:17:11,23.5,55.1
07/23/2026,23:22:11,23.5,55.1
07/23/2026,23:27:11,23.5,55.2
07/23/2026,23:32:11,23.5,55.3
07/23/2026,23:37:11,23.5,55.4
07/23/2026,23:42:11,23.4,55.5
07/23/2026,23:47:11,23.4,55.5
07/23/2026,23:52:11,23.4,55.6
07/23/2026,23:57:11,23.4,55.7
07/24/2026,00:02:11,23.4,55.8
07/24/2026,00:07:11,23.3,55.9
07/24/2026,00:12:11,23.4,56.0
07/24/2026,00:17:11,23.3,55.9
07/24/2026,00:22:11,23.3,56.0
07/24/2026,00:27:11,23.3,56.1
07/24/2026,00:32:11,23.3,56.2
07/24/2026,00:37:11,23.3,56.3
07/24/2026,00:42:11,23.2,56.3
07/24/2026,00:47:11,23.2,56.4
07/24/2026,00:52:11,23.2,56.5
07/24/2026,00:57:11,23.2,56.5
07/24/2026,01:02:11,23.2,56.6
07/24/2026,01:07:11,23.2,56.6
07/24/2026,01:12:11,23.1,56.7
07/24/2026,01:17:11,23.1,56.8
07/24/2026,01:22:11,23.1,56.8
07/24/2026,01:27:11,23.1,56.9
07/24/2026,01:32:11,23.1,56.9
07/24/2026,01:37:11,23.1,57.0
07/24/2026,01:42:11,23.0,57.0
07/24/2026,01:47:11,23.0,57.0
07/24/2026,01:52:11,23.0,57.1
07/24/2026,01:57:11,23.0,57.2
07/24/2026,02:02:11,23.0,57.3
07/24/2026,02:07:11,23.0,57.2
07/24/2026,02:12:11,23.0,57.2
07/24/2026,02:17:11,23.0,57.3
07/24/2026,02:22:11,22.9,57.3
07/24/2026,02:27:11,22.9,57.3
07/24/2026,02:32:11,22.9,57.4
07/24/2026,02:37:11,22.9,57.4
07/24/2026,02:42:11,22.9,57.4
07/24/2026,02:47:11,22.9,57.4
07/24/2026,02:52:11,22.9,57.4
07/24/2026,02:57:11,22.8,57.5
07/24/2026,03:02:11,22.8,57.5
07/24/2026,03:07:11,22.8,57.5
07/24/2026,03:12:11,22.8,57.5
07/24/2026,03:17:11,22.8,57.5
07/24/2026,03:22:11,22.8,57.5
07/24/2026,03:27:11,22.7,57.5
07/24/2026,03:32:11,22.7,57.5
07/24/2026,03:37:11,22.7,57.5
07/24/2026,03:42:11,22.7,57.4
07/24/2026,03:47:11,22.7,57.4
07/24/2026,03:52:11,22.6,57.4
07/24/2026,03:57:11,22.6,57.3
07/24/2026,04:02:11,22.6,57.3
07/24/2026,04:07:11,22.6,57.2
07/24/2026,04:12:11,22.5,57.2
07/24/2026,04:17:11,22.5,57.1
07/24/2026,04:22:11,22.5,57.1
07/24/2026,04:27:11,22.5,57.0
07/24/2026,04:32:11,22.4,56.9
07/24/2026,04:37:11,22.4,56.9
07/24/2026,04:42:11,22.4,56.8
07/24/2026,04:47:11,22.4,56.7
07/24/2026,04:52:11,22.3,56.7
07/24/2026,04:57:11,22.3,56.6
07/24/2026,05:02:11,22.3,56.5
07/24/2026,05:07:11,22.3,56.4
07/24/2026,05:12:11,22.2,56.4
07/24/2026,05:17:11,22.2,56.3
07/24/2026,05:22:11,22.2,56.3
07/24/2026,05:27:11,22.2,56.2
07/24/2026,05:32:11,22.2,56.1
07/24/2026,05:37:11,22.1,56.1
07/24/2026,05:42:11,22.1,56.1
07/24/2026,05:47:11,22.1,56.0
07/24/2026,05:52:11,22.1,55.9
07/24/2026,05:57:11,22.1,55.9
07/24/2026,06:02:11,22.1,55.9
07/24/2026,06:07:11,22.1,55.8
07/24/2026,06:12:11,22.0,55.8
07/24/2026,06:17:11,22.0,55.8
07/24/2026,06:22:11,22.0,55.7
07/24/2026,06:27:11,22.0,55.7
07/24/2026,06:32:11,22.0,55.6
07/24/2026,06:37:11,22.0,55.7
07/24/2026,06:42:11,22.0,55.7
07/24/2026,06:47:11,22.0,55.7
07/24/2026,06:52:11,22.0,55.7
07/24/2026,06:57:11,22.0,55.7
07/24/2026,07:02:11,22.0,55.7
07/24/2026,07:07:11,22.0,55.6
07/24/2026,07:12:11,22.1,55.4
07/24/2026,07:17:11,22.1,55.5
07/24/2026,07:22:11,22.1,55.5
07/24/2026,07:27:11,22.1,55.4
07/24/2026,07:32:11,22.1,55.5
07/24/2026,07:37:11,22.1,55.4
07/24/2026,07:42:11,22.2,55.5
07/24/2026,07:47:11,22.2,55.4
07/24/2026,07:52:11,22.2,55.3
07/24/2026,07:57:11,22.2,55.3
07/24/2026,08:02:11,22.2,55.4
07/24/2026,08:07:11,22.3,55.3
07/24/2026,08:12:11,22.3,55.4
07/24/2026,08:17:11,22.3,55.3
07/24/2026,08:22:11,22.3,55.3
07/24/2026,08:27:11,22.3,55.2
07/24/2026,08:32:11,22.3,55.2
07/24/2026,08:37:11,22.3,55.2
07/24/2026,08:42:11,22.4,55.2
07/24/2026,08:47:11,22.4,55.2
07/24/2026,08:52:11,22.4,55.2
07/24/2026,08:57:11,22.4,55.2
07/24/2026,09:02:11,22.5,55.2
07/24/2026,09:07:11,22.5,55.2
07/24/2026,09:12:11,22.5,55.2
07/24/2026,09:17:11,22.5,55.2
07/24/2026,09:22:11,22.5,55.2
07/24/2026,09:27:11,22.5,55.1
07/24/2026,09:32:11,22.6,55.0
07/24/2026,09:37:11,22.6,55.1
07/24/2026,09:42:11,22.6,55.0
07/24/2026,09:47:11,22.6,55.1
07/24/2026,09:52:11,22.6,54.9
07/24/2026,09:57:11,22.7,55.0
07/24/2026,10:02:11,22.7,55.0
07/24/2026,10:07:11,22.7,55.0
07/24/2026,10:12:11,22.7,55.0
07/24/2026,10:17:11,22.7,54.9
07/24/2026,10:22:11,22.7,54.8
07/24/2026,10:27:11,22.8,54.9
07/24/2026,10:32:11,22.8,54.9
07/24/2026,10:37:11,22.8,54.9
07/24/2026,10:42:11,22.8,54.8
07/24/2026,10:47:11,22.8,54.9
07/24/2026,10:52:11,22.8,54.8
07/24/2026,10:57:11,22.9,55.0
07/24/2026,11:02:11,22.9,55.0
07/24/2026,11:07:11,22.9,54.9
07/24/2026,11:12:11,22.9,54.9
07/24/2026,11:17:11,22.9,54.9
07/24/2026,11:22:11,23.0,54.9
07/24/2026,11:27:11,23.0,54.9
07/24/2026,11:32:11,23.0,54.8
07/24/2026,11:37:11,23.0,54.8
07/24/2026,11:42:11,23.0,54.7
07/24/2026,11:47:11,23.1,54.8
07/24/2026,11:52:11,23.1,54.8
07/24/2026,11:57:11,23.2,54.7
07/24/2026,12:02:11,23.2,54.6
07/24/2026,12:07:11,23.2,54.4
07/24/2026,12:12:11,23.2,54.3
07/24/2026,12:17:11,23.3,54.3
07/24/2026,12:22:11,23.3,54.2
07/24/2026,12:27:11,23.3,54.3
07/24/2026,12:32:11,23.3,54.2
07/24/2026,12:37:11,23.4,54.1
07/24/2026,12:42:11,23.4,54.2
07/24/2026,12:47:11,23.4,54.3
07/24/2026,12:52:11,23.5,54.1
07/24/2026,12:57:11,23.6,54.2
07/24/2026,13:02:11,23.6,54.2
07/24/2026,13:07:11,23.7,54.0
07/24/2026,13:12:11,23.8,54.1
07/24/2026,13:17:11,23.8,53.9
07/24/2026,13:22:11,23.9,53.6
07/24/2026,13:27:11,24.0,53.7
07/24/2026,13:32:11,24.0,53.8
07/24/2026,13:37:11,24.1,53.7
07/24/2026,13:42:11,24.1,53.6
07/24/2026,13:47:11,24.2,53.6
07/24/2026,13:52:11,24.2,53.5
07/24/2026,13:57:11,24.3,53.4
07/24/2026,14:02:11,24.4,53.3
07/24/2026,14:07:11,24.4,53.2
07/24/2026,14:12:11,24.5,53.1
07/24/2026,14:17:11,24.5,52.9
07/24/2026,14:22:11,24.6,52.8
07/24/2026,14:27:11,24.7,52.7
07/24/2026,14:32:11,24.7,52.5
07/24/2026,14:37:11,24.8,52.4
07/24/2026,14:42:11,24.8,52.4
07/24/2026,14:47:11,24.8,52.4
07/24/2026,14:52:11,24.9,52.3
07/24/2026,14:57:11,24.9,52.2
07/24/2026,15:02:11,24.9,52.1
07/24/2026,15:07:11,25.0,52.2
07/24/2026,15:12:11,25.0,52.2
07/24/2026,15:17:11,25.1,52.2
07/24/2026,15:22:11,25.1,52.0
07/24/2026,15:27:11,25.2,51.9
07/24/2026,15:32:11,25.2,51.7
07/24/2026,15:37:11,25.2,51.6
07/24/2026,15:42:11,25.3,51.6
07/24/2026,15:47:11,25.3,51.7
07/24/2026,15:52:11,25.4,51.6
07/24/2026,15:57:11,25.5,51.5
07/24/2026,16:02:11,25.5,51.4
07/24/2026,16:07:11,25.5,51.5
07/24/2026,16:12:11,25.5,51.3
07/24/2026,16:17:11,25.6,51.2
07/24/2026,16:22:11,25.6,51.2
07/24/2026,16:27:11,25.7,50.9
07/24/2026,16:32:11,25.7,50.8
07/24/2026,16:37:11,25.7,50.7
07/24/2026,16:42:11,25.8,50.6
07/24/2026,16:47:11,25.8,50.5
07/24/2026,16:52:11,25.8,50.6
07/24/2026,16:57:11,25.8,50.3
07/24/2026,17:02:11,25.8,50.3
07/24/2026,17:07:11,25.9,50.2
07/24/2026,17:12:11,25.9,50.3
07/24/2026,17:17:11,25.9,50.3
07/24/2026,17:22:11,25.9,50.2
07/24/2026,17:27:11,25.9,50.1
07/24/2026,17:32:11,25.9,49.8
07/24/2026,17:37:11,25.9,50.2
07/24/2026,17:42:11,25.9,49.9
07/24/2026,17:47:11,25.9,49.7
07/24/2026,17:52:11,25.9,49.5
07/24/2026,17:57:11,25.9,49.6
07/24/2026,18:02:11,25.9,49.4
07/24/2026,18:07:11,26.0,49.2
07/24/2026,18:12:11,26.2,49.1
07/24/2026,18:17:11,26.2,48.9
07/24/2026,18:22:11,26.3,48.5
07/24/2026,18:27:11,26.4,48.5
07/24/2026,18:32:11,26.4,48.2
07/24/2026,18:37:11,26.4,48.0
07/24/2026,18:42:11,26.4,48.0
07/24/2026,18:47:11,26.3,48.0
07/24/2026,18:52:11,26.3,48.0
07/24/2026,18:57:11,26.2,47.9
07/24/2026,19:02:11,26.2,47.3
07/24/2026,19:07:11,26.2,47.2
07/24/2026,19:12:11,26.2,46.7
07/24/2026,19:17:11,26.2,46.6
07/24/2026,19:22:11,26.1,46.7
07/24/2026,19:27:11,26.1,46.5
07/24/2026,19:32:11,26.1,46.6
07/24/2026,19:37:11,26.1,46.7
07/24/2026,19:42:11,26.1,46.8
07/24/2026,19:47:11,26.1,46.7
07/24/2026,19:52:11,26.0,46.8
07/24/2026,19:57:11,26.0,46.2
07/24/2026,20:02:11,26.0,46.2
07/24/2026,20:07:11,26.0,46.1
07/24/2026,20:12:11,25.9,45.9
07/24/2026,20:17:11,25.9,46.0
07/24/2026,20:22:11,25.9,45.9
07/24/2026,20:27:11,25.9,45.9
07/24/2026,20:32:11,25.8,45.6
07/24/2026,20:37:11,25.8,45.5
07/24/2026,20:42:11,25.8,45.7
07/24/2026,20:47:11,25.7,45.7
07/24/2026,20:52:11,25.7,45.3
07/24/2026,20:57:11,25.7,45.4
07/24/2026,21:02:11,25.6,45.4
07/24/2026,21:07:11,25.6,45.4
07/24/2026,21:12:11,25.5,45.5
07/24/2026,21:17:11,25.5,45.3
07/24/2026,21:22:11,25.4,45.4
07/24/2026,21:27:11,25.4,45.4
07/24/2026,21:32:11,25.3,45.4
07/24/2026,21:37:11,25.3,45.4
07/24/2026,21:42:11,25.2,45.3
07/24/2026,21:47:11,25.2,45.4
07/24/2026,21:52:11,25.1,45.4
07/24/2026,21:57:11,25.1,45.3
07/24/2026,22:02:11,25.0,45.4
07/24/2026,22:07:11,25.0,45.3
07/24/2026,22:12:11,25.0,45.3
07/24/2026,22:17:11,24.9,45.3
07/24/2026,22:22:11,24.9,45.3
07/24/2026,22:27:11,24.8,45.3
07/24/2026,22:32:11,24.8,45.2
07/24/2026,22:37:11,24.8,45.3
07/24/2026,22:42:11,24.7,45.3
07/24/2026,22:47:11,24.7,45.2
07/24/2026,22:52:11,24.6,45.3
07/24/2026,22:57:11,24.6,45.2
07/24/2026,23:02:11,24.5,45.3
07/24/2026,23:07:11,24.5,45.3
07/24/2026,23:12:11,24.5,45.3
07/24/2026,23:17:11,24.4,45.4
07/24/2026,23:22:11,24.4,45.4
07/24/2026,23:27:11,24.3,45.4
07/24/2026,23:32:11,24.3,45.4
07/24/2026,23:37:11,24.3,45.4
07/24/2026,23:42:11,24.2,45.5
07/24/2026,23:47:11,24.1,45.6
07/24/2026,23:52:11,24.1,45.7
07/24/2026,23:57:11,24.0,45.8
07/25/2026,00:02:11,24.0,46.0
07/25/2026,00:07:11,24.0,46.1
07/25/2026,00:12:11,23.9,46.2
07/25/2026,00:17:11,23.9,46.3
07/25/2026,00:22:11,23.8,46.4
07/25/2026,00:27:11,23.8,46.5
07/25/2026,00:32:11,23.8,46.6
07/25/2026,00:37:11,23.8,46.8
07/25/2026,00:42:11,23.7,46.9
07/25/2026,00:47:11,23.7,47.0
07/25/2026,00:52:11,23.6,47.2
07/25/2026,00:57:11,23.6,47.4
07/25/2026,01:02:11,23.5,47.6
07/25/2026,01:07:11,23.5,47.8
07/25/2026,01:12:11,23.4,47.9
07/25/2026,01:17:11,23.4,48.1
07/25/2026,01:22:11,23.3,48.2
07/25/2026,01:27:11,23.3,48.3
07/25/2026,01:32:11,23.3,48.4
07/25/2026,01:37:11,23.2,48.6
07/25/2026,01:42:11,23.2,48.6
07/25/2026,01:47:11,23.2,48.7
07/25/2026,01:52:11,23.1,48.8
07/25/2026,01:57:11,23.1,48.8
07/25/2026,02:02:11,23.0,48.9
07/25/2026,02:07:11,23.0,49.0
07/25/2026,02:12:11,23.0,49.1
07/25/2026,02:17:11,22.9,49.1
07/25/2026,02:22:11,22.9,49.1
07/25/2026,02:27:11,22.9,49.2
07/25/2026,02:32:11,22.8,49.2
07/25/2026,02:37:11,22.8,49.3
07/25/2026,02:42:11,22.7,49.3
07/25/2026,02:47:11,22.7,49.4
07/25/2026,02:52:11,22.7,49.4
07/25/2026,02:57:11,22.7,49.4
07/25/2026,03:02:11,22.7,49.4
07/25/2026,03:07:11,22.7,49.4
07/25/2026,03:12:11,22.6,49.5
07/25/2026,03:17:11,22.6,49.5
07/25/2026,03:22:11,22.5,49.6
07/25/2026,03:27:11,22.4,49.7
07/25/2026,03:32:11,22.3,49.7
07/25/2026,03:37:11,22.3,49.8
07/25/2026,03:42:11,22.2,49.9
07/25/2026,03:47:11,22.2,50.0
07/25/2026,03:52:11,22.1,50.2
07/25/2026,03:57:11,22.1,50.3
07/25/2026,04:02:11,22.1,50.3
07/25/2026,04:07:11,22.1,50.3
07/25/2026,04:12:11,22.0,50.3
07/25/2026,04:17:11,22.0,50.4
07/25/2026,04:22:11,21.9,50.4
07/25/2026,04:27:11,21.9,50.5
07/25/2026,04:32:11,21.8,50.4
07/25/2026,04:37:11,21.8,50.5
07/25/2026,04:42:11,21.8,50.5
07/25/2026,04:47:11,21.7,50.5
07/25/2026,04:52:11,21.7,50.6
07/25/2026,04:57:11,21.7,50.6
07/25/2026,05:02:11,21.6,50.7
07/25/2026,05:07:11,21.7,50.6
07/25/2026,05:12:11,21.6,50.7
07/25/2026,05:17:11,21.6,50.7
07/25/2026,05:22:11,21.5,50.7
07/25/2026,05:27:11,21.5,50.8
07/25/2026,05:32:11,21.4,50.8
07/25/2026,05:37:11,21.4,50.9
07/25/2026,05:42:11,21.4,51.0
07/25/2026,05:47:11,21.3,51.1
07/25/2026,05:52:11,21.3,51.2
07/25/2026,05:57:11,21.2,51.3
07/25/2026,06:02:11,21.1,51.5
07/25/2026,06:07:11,21.0,51.6
07/25/2026,06:12:11,21.0,51.8
07/25/2026,06:17:11,20.9,51.9
07/25/2026,06:22:11,20.9,51.9
07/25/2026,06:27:11,20.9,51.9
07/25/2026,06:32:11,20.9,52.0
07/25/2026,06:37:11,20.8,52.1
07/25/2026,06:42:11,20.8,52.2
07/25/2026,06:47:11,20.7,52.2
07/25/2026,06:52:11,20.6,52.4
07/25/2026,06:57:11,20.6,52.6
07/25/2026,07:02:11,20.5,52.7
07/25/2026,07:07:11,20.5,52.9
07/25/2026,07:12:11,20.5,53.0
07/25/2026,07:17:11,20.5,53.1
07/25/2026,07:22:11,20.5,53.2
07/25/2026,07:27:11,20.5,53.3
07/25/2026,07:32:11,20.6,53.4
07/25/2026,07:37:11,20.6,53.4
07/25/2026,07:42:11,20.6,53.5
07/25/2026,07:47:11,20.7,53.5
07/25/2026,07:52:11,20.7,53.6
07/25/2026,07:57:11,20.7,53.6
07/25/2026,08:02:11,20.8,53.6
07/25/2026,08:07:11,20.9,53.6
07/25/2026,08:12:11,20.9,53.5
07/25/2026,08:17:11,20.9,53.4
07/25/2026,08:22:11,21.0,53.3
07/25/2026,08:27:11,21.0,53.3
07/25/2026,08:32:11,21.1,53.3
07/25/2026,08:37:11,21.1,53.2
07/25/2026,08:42:11,21.2,53.2
07/25/2026,08:47:11,21.2,53.2
07/25/2026,08:52:11,21.3,53.1
07/25/2026,08:57:11,21.3,53.1
07/25/2026,09:02:11,21.4,53.1
07/25/2026,09:07:11,21.4,53.0
07/25/2026,09:12:11,21.5,53.1
07/25/2026,09:17:11,21.6,53.0
07/25/2026,09:22:11,21.6,52.9
07/25/2026,09:27:11,21.7,52.8
07/25/2026,09:32:11,21.8,52.8
07/25/2026,09:37:11,21.9,52.6
07/25/2026,09:42:11,22.0,52.7
07/25/2026,09:47:11,22.0,52.6
07/25/2026,09:52:11,22.1,52.6
07/25/2026,09:57:11,22.2,52.6
07/25/2026,10:02:11,22.2,52.7
07/25/2026,10:07:11,22.3,52.7
07/25/2026,10:12:11,22.3,52.7
07/25/2026,10:17:11,22.4,52.8
07/25/2026,10:22:11,22.4,52.7
07/25/2026,10:27:11,22.5,52.6
07/25/2026,10:32:11,22.6,52.5
07/25/2026,10:37:11,22.6,52.4
07/25/2026,10:42:11,22.6,52.3
07/25/2026,10:47:11,22.7,52.4
07/25/2026,10:52:11,22.7,52.2
07/25/2026,10:57:11,22.8,52.2
07/25/2026,11:02:11,22.8,52.0
07/25/2026,11:07:11,22.9,51.9
07/25/2026,11:12:11,22.9,51.8
07/25/2026,11:17:11,23.0,51.5
07/25/2026,11:22:11,23.0,51.4
07/25/2026,11:27:11,23.1,51.4
07/25/2026,11:32:11,23.1,51.2
07/25/2026,11:37:11,23.2,50.9
07/25/2026,11:42:11,23.2,50.8
07/25/2026,11:47:11,23.2,50.6
07/25/2026,11:52:11,23.3,50.5
07/25/2026,11:57:11,23.3,50.4
07/25/2026,12:02:11,23.4,50.3
07/25/2026,12:07:11,23.4,50.0
07/25/2026,12:12:11,23.5,49.9
07/25/2026,12:17:11,23.5,49.7
07/25/2026,12:22:11,23.6,49.6
07/25/2026,12:27:11,23.7,49.5
07/25/2026,12:32:11,23.8,49.3
07/25/2026,12:37:11,23.8,49.2
07/25/2026,12:42:11,23.9,49.3
07/25/2026,12:47:11,24.0,49.1
07/25/2026,12:52:11,24.1,49.0
07/25/2026,12:57:11,24.1,48.8
07/25/2026,13:02:11,24.2,48.7
07/25/2026,13:07:11,24.3,48.6
07/25/2026,13:12:11,24.3,48.5
07/25/2026,13:17:11,24.4,48.2
07/25/2026,13:22:11,24.5,48.0
07/25/2026,13:27:11,24.6,47.9
07/25/2026,13:32:11,24.7,47.6
07/25/2026,13:37:11,24.8,47.3
07/25/2026,13:42:11,24.8,47.2
07/25/2026,13:47:11,24.8,47.0
07/25/2026,13:52:11,24.9,46.9
07/25/2026,13:57:11,24.9,46.8
07/25/2026,14:02:11,24.9,46.7
07/25/2026,14:07:11,25.0,46.6
07/25/2026,14:12:11,25.0,46.6
07/25/2026,14:17:11,25.0,46.6
07/25/2026,14:22:11,25.1,46.4
07/25/2026,14:27:11,25.2,46.3
07/25/2026,14:32:11,25.3,46.0
07/25/2026,14:37:11,25.4,45.8
07/25/2026,14:42:11,25.4,45.6
07/25/2026,14:47:11,25.5,45.6
07/25/2026,14:52:11,25.5,45.6
07/25/2026,14:57:11,25.5,45.5
07/25/2026,15:02:11,25.6,45.4
07/25/2026,15:07:11,25.6,45.3
07/25/2026,15:12:11,25.6,45.3
07/25/2026,15:17:11,25.6,45.2
07/25/2026,15:22:11,25.6,45.1
07/25/2026,15:27:11,25.7,45.2
07/25/2026,15:32:11,25.7,45.0
07/25/2026,15:37:11,25.7,45.0
07/25/2026,15:42:11,25.7,45.0
07/25/2026,15:47:11,25.8,44.8
07/25/2026,15:52:11,25.9,44.8
07/25/2026,15:57:11,25.9,44.7
07/25/2026,16:02:11,26.0,44.5
07/25/2026,16:07:11,26.0,44.3
07/25/2026,16:12:11,26.1,44.2
07/25/2026,16:17:11,26.2,44.1
07/25/2026,16:22:11,26.2,44.0
07/25/2026,16:27:11,26.2,44.0
07/25/2026,16:32:11,26.2,43.9
07/25/2026,16:37:11,26.3,43.8
07/25/2026,16:42:11,26.3,43.6
07/25/2026,16:47:11,26.3,43.3
07/25/2026,16:52:11,26.3,43.0
07/25/2026,16:57:11,26.4,42.9
07/25/2026,17:02:11,26.4,42.8
07/25/2026,17:07:11,26.4,42.7
07/25/2026,17:12:11,26.4,42.5
07/25/2026,17:17:11,26.4,42.5
07/25/2026,17:22:11,26.5,42.5
07/25/2026,17:27:11,26.5,42.6
07/25/2026,17:32:11,26.5,42.6
07/25/2026,17:37:11,26.6,42.6
07/25/2026,17:42:11,26.6,42.4
07/25/2026,17:47:11,26.7,42.4
07/25/2026,17:52:11,26.7,42.3
07/25/2026,17:57:11,26.7,42.1
07/25/2026,18:02:11,26.7,41.8
07/25/2026,18:07:11,26.7,41.5
07/25/2026,18:12:11,26.7,41.5
07/25/2026,18:17:11,26.7,41.4
07/25/2026,18:22:11,26.9,41.0
07/25/2026,18:27:11,27.0,41.1
07/25/2026,18:32:11,27.1,41.1
07/25/2026,18:37:11,27.1,40.8
07/25/2026,18:42:11,27.1,40.9
07/25/2026,18:47:11,27.0,41.1
07/25/2026,18:52:11,26.9,41.1
07/25/2026,18:57:11,26.9,41.2
07/25/2026,19:02:11,26.8,41.5
07/25/2026,19:07:11,26.8,41.3
07/25/2026,19:12:11,26.7,41.4
07/25/2026,19:17:11,26.7,41.7
07/25/2026,19:22:11,26.7,41.5
07/25/2026,19:27:11,26.6,41.4
07/25/2026,19:32:11,26.6,41.6
07/25/2026,19:37:11,26.6,41.8
07/25/2026,19:42:11,26.5,41.7
07/25/2026,19:47:11,26.5,41.8
07/25/2026,19:52:11,26.5,41.7
07/25/2026,19:57:11,26.5,41.9
07/25/2026,20:02:11,26.4,42.0
07/25/2026,20:07:11,26.4,42.0
07/25/2026,20:12:11,26.4,42.1
07/25/2026,20:17:11,26.4,42.4
07/25/2026,20:22:11,26.4,42.7
07/25/2026,20:27:11,26.3,42.9
07/25/2026,20:32:11,26.3,43.1
07/25/2026,20:37:11,26.3,43.2
07/25/2026,20:42:11,26.3,43.3
07/25/2026,20:47:11,26.3,43.3
07/25/2026,20:52:11,26.3,43.4
07/25/2026,20:57:11,26.2,43.5
07/25/2026,21:02:11,26.2,43.5
07/25/2026,21:07:11,26.2,43.6
07/25/2026,21:12:11,26.1,43.7
07/25/2026,21:17:11,26.1,43.8
07/25/2026,21:22:11,26.1,43.8
07/25/2026,21:27:11,26.1,44.0
07/25/2026,21:32:11,26.0,44.1
07/25/2026,21:37:11,26.0,44.2
07/25/2026,21:42:11,26.0,44.3
07/25/2026,21:47:11,26.0,44.4
07/25/2026,21:52:11,26.0,44.5
07/25/2026,21:57:11,26.0,44.6
07/25/2026,22:02:11,25.9,44.7
07/25/2026,22:07:11,25.9,44.8
07/25/2026,22:12:11,25.9,44.8
07/25/2026,22:17:11,25.9,44.8
07/25/2026,22:22:11,25.8,45.0
07/25/2026,22:27:11,25.8,45.0
07/25/2026,22:32:11,25.8,45.1
07/25/2026,22:37:11,25.8,45.2
07/25/2026,22:42:11,25.8,45.3
07/25/2026,22:47:11,25.8,45.4
07/25/2026,22:52:11,25.7,45.4
07/25/2026,22:57:11,25.7,45.4
07/25/2026,23:02:11,25.7,45.5
07/25/2026,23:07:11,25.7,45.5
07/25/2026,23:12:11,25.7,45.5
07/25/2026,23:17:11,25.6,45.6
07/25/2026,23:22:11,25.6,45.7
07/25/2026,23:27:11,25.6,45.7
07/25/2026,23:32:11,25.6,45.8
07/25/2026,23:37:11,25.6,45.8
07/25/2026,23:42:11,25.5,45.8
07/25/2026,23:47:11,25.5,46.0
07/25/2026,23:52:11,25.5,46.0
07/25/2026,23:57:11,25.5,46.0
07/26/2026,00:02:11,25.5,46.1
07/26/2026,00:07:11,25.4,46.1
07/26/2026,00:12:11,25.4,46.2
07/26/2026,00:17:11,25.4,46.2
07/26/2026,00:22:11,25.4,46.3
07/26/2026,00:27:11,25.4,46.3
07/26/2026,00:32:11,25.4,46.3
07/26/2026,00:37:11,25.3,46.4
07/26/2026,00:42:11,25.3,46.4
07/26/2026,00:47:11,25.3,46.4
07/26/2026,00:52:11,25.3,46.5
07/26/2026,00:57:11,25.3,46.5
07/26/2026,01:02:11,25.2,46.5
07/26/2026,01:07:11,25.3,46.6
07/26/2026,01:12:11,25.2,46.6
07/26/2026,01:17:11,25.2,46.7
07/26/2026,01:22:11,25.2,46.7
07/26/2026,01:27:11,25.2,46.7
07/26/2026,01:32:11,25.1,46.8
07/26/2026,01:37:11,25.1,46.8
07/26/2026,01:42:11,25.1,46.9
07/26/2026,01:47:11,25.1,47.0
07/26/2026,01:52:11,25.1,46.9
07/26/2026,01:57:11,25.1,47.0
07/26/2026,02:02:11,25.1,47.0
07/26/2026,02:07:11,25.1,47.1
07/26/2026,02:12:11,25.0,47.1
07/26/2026,02:17:11,25.0,47.2
07/26/2026,02:22:11,25.0,47.2
07/26/2026,02:27:11,25.0,47.2
07/26/2026,02:32:11,25.0,47.3
07/26/2026,02:37:11,25.0,47.3
07/26/2026,02:42:11,25.0,47.3
07/26/2026,02:47:11,24.9,47.4
07/26/2026,02:52:11,24.9,47.4
07/26/2026,02:57:11,24.9,47.4
07/26/2026,03:02:11,24.9,47.6
07/26/2026,03:07:11,24.9,47.5
07/26/2026,03:12:11,24.9,47.6
07/26/2026,03:17:11,24.8,47.6
07/26/2026,03:22:11,24.8,47.7
07/26/2026,03:27:11,24.8,47.7
07/26/2026,03:32:11,24.8,47.8
07/26/2026,03:37:11,24.8,47.8
07/26/2026,03:42:11,24.7,47.8
07/26/2026,03:47:11,24.7,47.9
07/26/2026,03:52:11,24.7,47.9
07/26/2026,03:57:11,24.7,47.9
07/26/2026,04:02:11,24.7,48.0
07/26/2026,04:07:11,24.7,48.0
07/26/2026,04:12:11,24.7,48.1
07/26/2026,04:17:11,24.7,48.1
07/26/2026,04:22:11,24.7,48.2
07/26/2026,04:27:11,24.6,48.2
07/26/2026,04:32:11,24.6,48.3
07/26/2026,04:37:11,24.6,48.3
07/26/2026,04:42:11,24.6,48.3
07/26/2026,04:47:11,24.6,48.4
07/26/2026,04:52:11,24.6,48.6
07/26/2026,04:57:11,24.6,48.7
07/26/2026,05:02:11,24.6,48.8
07/26/2026,05:07:11,24.5,48.9
07/26/2026,05:12:11,24.5,48.9
07/26/2026,05:17:11,24.5,49.0
07/26/2026,05:22:11,24.5,49.1
07/26/2026,05:27:11,24.5,49.2
07/26/2026,05:32:11,24.5,49.3
07/26/2026,05:37:11,24.4,49.3
07/26/2026,05:42:11,24.4,49.4
07/26/2026,05:47:11,24.4,49.4
07/26/2026,05:52:11,24.4,49.6
07/26/2026,05:57:11,24.4,49.6
07/26/2026,06:02:11,24.4,49.7
07/26/2026,06:07:11,24.4,49.7
07/26/2026,06:12:11,24.4,49.8
07/26/2026,06:17:11,24.4,49.9
07/26/2026,06:22:11,24.3,49.9
07/26/2026,06:27:11,24.4,50.1
07/26/2026,06:32:11,24.3,50.1
07/26/2026,06:37:11,24.3,50.2
07/26/2026,06:42:11,24.3,50.3
07/26/2026,06:47:11,24.3,50.3
07/26/2026,06:52:11,24.3,50.5
07/26/2026,06:57:11,24.3,50.5
07/26/2026,07:02:11,24.3,50.6
07/26/2026,07:07:11,24.3,50.7
07/26/2026,07:12:11,24.3,50.7
07/26/2026,07:17:11,24.3,50.8
07/26/2026,07:22:11,24.3,50.9
07/26/2026,07:27:11,24.3,51.0
07/26/2026,07:32:11,24.3,51.1
07/26/2026,07:37:11,24.3,51.1
07/26/2026,07:42:11,24.3,51.2
07/26/2026,07:47:11,24.3,51.4
07/26/2026,07:52:11,24.3,52.0
07/26/2026,07:57:11,24.3,53.3
07/26/2026,08:02:11,24.2,54.2
07/26/2026,08:07:11,24.2,54.8
07/26/2026,08:12:11,24.1,55.6
07/26/2026,08:17:11,24.1,56.2
07/26/2026,08:22:11,24.1,56.7
07/26/2026,08:27:11,24.1,56.9
07/26/2026,08:32:11,24.1,57.4
07/26/2026,08:37:11,24.1,57.7
07/26/2026,08:42:11,24.1,58.0
07/26/2026,08:47:11,24.1,58.4
07/26/2026,08:52:11,24.1,58.8
07/26/2026,08:57:11,24.0,58.9
07/26/2026,09:02:11,24.0,59.1
07/26/2026,09:07:11,23.9,59.4
07/26/2026,09:12:11,23.9,59.5
07/26/2026,09:17:11,23.9,59.6
07/26/2026,09:22:11,23.9,59.9
07/26/2026,09:27:11,23.9,59.4
07/26/2026,09:32:11,23.9,59.2
07/26/2026,09:37:11,23.9,58.9
07/26/2026,09:42:11,23.9,58.9
07/26/2026,09:47:11,24.0,58.7
07/26/2026,09:52:11,24.0,58.5
07/26/2026,09:57:11,24.1,58.4
07/26/2026,10:02:11,24.1,58.1
07/26/2026,10:07:11,24.1,57.8
07/26/2026,10:12:11,24.2,58.1
07/26/2026,10:17:11,24.3,57.8
07/26/2026,10:22:11,24.4,57.5
07/26/2026,10:27:11,24.5,57.6
07/26/2026,10:32:11,24.6,57.5
07/26/2026,10:37:11,24.6,57.2
07/26/2026,10:42:11,24.7,57.3
07/26/2026,10:47:11,24.7,56.5
07/26/2026,10:52:11,24.8,55.9
07/26/2026,10:57:11,24.8,55.5
07/26/2026,11:02:11,24.7,55.2
07/26/2026,11:07:11,24.7,55.1
07/26/2026,11:12:11,24.7,55.0
07/26/2026,11:17:11,24.6,55.2
07/26/2026,11:22:11,24.7,55.2
07/26/2026,11:27:11,24.7,55.3
07/26/2026,11:32:11,24.8,54.8
07/26/2026,11:37:11,24.8,54.7
07/26/2026,11:42:11,24.9,54.5
07/26/2026,11:47:11,25.0,54.3
07/26/2026,11:52:11,25.0,53.8
07/26/2026,11:57:11,25.0,53.9
07/26/2026,12:02:11,25.1,53.6
07/26/2026,12:07:11,25.1,53.7
07/26/2026,12:12:11,25.2,53.4
07/26/2026,12:17:11,25.2,52.6
07/26/2026,12:22:11,25.2,52.6
07/26/2026,12:27:11,25.2,52.8
07/26/2026,12:32:11,25.3,52.4
07/26/2026,12:37:11,25.3,52.0
07/26/2026,12:42:11,25.3,51.3
07/26/2026,12:47:11,25.3,51.0
07/26/2026,12:52:11,25.2,50.6
07/26/2026,12:57:11,25.2,50.6
07/26/2026,13:02:11,25.2,50.5
07/26/2026,13:07:11,25.2,50.4
07/26/2026,13:12:11,25.3,50.3
07/26/2026,13:17:11,25.3,50.3
07/26/2026,13:22:11,25.3,50.0
07/26/2026,13:27:11,25.4,49.9
07/26/2026,13:32:11,25.4,49.7
07/26/2026,13:37:11,25.4,49.8
07/26/2026,13:42:11,25.5,49.6
07/26/2026,13:47:11,25.5,49.4
07/26/2026,13:52:11,25.5,49.2
07/26/2026,13:57:11,25.6,48.8
07/26/2026,14:02:11,25.6,48.8
07/26/2026,14:07:11,25.6,48.6
07/26/2026,14:12:11,25.7,48.5
07/26/2026,14:17:11,25.6,48.3
07/26/2026,14:22:11,25.7,48.1
07/26/2026,14:27:11,25.7,47.9
07/26/2026,14:32:11,25.7,47.7
07/26/2026,14:37:11,25.7,47.7
07/26/2026,14:42:11,25.8,47.4
07/26/2026,14:47:11,25.8,47.2
07/26/2026,14:52:11,25.8,47.1
07/26/2026,14:57:11,25.8,47.1
07/26/2026,15:02:11,25.9,46.9
07/26/2026,15:07:11,25.9,46.8
07/26/2026,15:12:11,26.0,46.8
07/26/2026,15:17:11,26.0,46.6
07/26/2026,15:22:11,26.0,46.4
07/26/2026,15:27:11,26.0,46.2
07/26/2026,15:32:11,26.1,45.8
07/26/2026,15:37:11,26.0,45.6
07/26/2026,15:42:11,26.0,45.4
07/26/2026,15:47:11,26.0,45.1
07/26/2026,15:52:11,25.9,44.8
07/26/2026,15:57:11,25.9,44.8
07/26/2026,16:02:11,25.8,44.6
07/26/2026,16:07:11,25.8,44.6
07/26/2026,16:12:11,25.8,44.6
07/26/2026,16:17:11,25.8,44.5
07/26/2026,16:22:11,25.7,44.5
07/26/2026,16:27:11,25.7,43.9
07/26/2026,16:32:11,25.7,44.3
07/26/2026,16:37:11,25.7,44.4
07/26/2026,16:42:11,25.7,44.6
07/26/2026,16:47:11,25.7,44.4
07/26/2026,16:52:11,25.6,44.4
07/26/2026,16:57:11,25.6,44.3
07/26/2026,17:02:11,25.5,44.1
07/26/2026,17:07:11,25.5,44.0
07/26/2026,17:12:11,25.5,44.0
07/26/2026,17:17:11,25.4,44.0
07/26/2026,17:22:11,25.4,44.1
07/26/2026,17:27:11,25.4,43.8
07/26/2026,17:32:11,25.4,43.7
07/26/2026,17:37:11,25.4,43.6
07/26/2026,17:42:11,25.4,43.8
07/26/2026,17:47:11,25.4,43.9
07/26/2026,17:52:11,25.5,44.0
07/26/2026,17:57:11,25.5,43.9
07/26/2026,18:02:11,25.6,44.1
07/26/2026,18:07:11,25.7,43.8
07/26/2026,18:12:11,25.8,44.0
07/26/2026,18:17:11,25.9,43.8
07/26/2026,18:22:11,26.0,43.7
07/26/2026,18:27:11,26.2,43.4
07/26/2026,18:32:11,26.3,43.3
07/26/2026,18:37:11,26.4,43.2
07/26/2026,18:42:11,26.5,43.1
07/26/2026,18:47:11,26.4,43.2
07/26/2026,18:52:11,26.3,43.4
07/26/2026,18:57:11,26.2,43.4
07/26/2026,19:02:11,26.2,43.4
07/26/2026,19:07:11,26.1,43.4
07/26/2026,19:12:11,26.0,43.5
07/26/2026,19:17:11,26.0,43.6
07/26/2026,19:22:11,25.9,43.7
07/26/2026,19:27:11,25.9,43.8
07/26/2026,19:32:11,25.9,43.8
07/26/2026,19:37:11,25.9,43.8
07/26/2026,19:42:11,25.8,43.9
07/26/2026,19:47:11,25.8,44.0
07/26/2026,19:52:11,25.8,44.0
07/26/2026,19:57:11,25.7,44.0
07/26/2026,20:02:11,25.7,44.1
07/26/2026,20:07:11,25.7,44.2
07/26/2026,20:12:11,25.7,44.3
07/26/2026,20:17:11,25.6,44.3
07/26/2026,20:22:11,25.6,44.3
07/26/2026,20:27:11,25.6,44.2
07/26/2026,20:32:11,25.5,44.3
07/26/2026,20:37:11,25.5,44.3
07/26/2026,20:42:11,25.5,44.3
07/26/2026,20:47:11,25.5,44.3
07/26/2026,20:52:11,25.4,44.4
07/26/2026,20:57:11,25.4,44.4
07/26/2026,21:02:11,25.4,44.5
07/26/2026,21:07:11,25.3,44.5
07/26/2026,21:12:11,25.3,44.6
07/26/2026,21:17:11,25.3,44.6
07/26/2026,21:22:11,25.2,44.6
07/26/2026,21:27:11,25.2,44.7
07/26/2026,21:32:11,25.2,44.7
07/26/2026,21:37:11,25.2,44.7
07/26/2026,21:42:11,25.2,44.8
07/26/2026,21:47:11,25.1,44.7
07/26/2026,21:52:11,25.1,44.8
07/26/2026,21:57:11,25.1,44.9
07/26/2026,22:02:11,25.1,44.9
07/26/2026,22:07:11,25.1,45.0
07/26/2026,22:12:11,25.1,45.0
07/26/2026,22:17:11,25.0,45.0
07/26/2026,22:22:11,25.0,45.1
07/26/2026,22:27:11,25.0,45.1
07/26/2026,22:32:11,25.0,45.2
07/26/2026,22:37:11,24.9,45.3
07/26/2026,22:42:11,24.9,45.3
07/26/2026,22:47:11,24.9,45.3
07/26/2026,22:52:11,24.9,45.4
07/26/2026,22:57:11,24.9,45.4
07/26/2026,23:02:11,24.9,45.5
07/26/2026,23:07:11,24.9,45.5
07/26/2026,23:12:11,24.8,45.6
07/26/2026,23:17:11,24.8,45.7
07/26/2026,23:22:11,24.8,45.7
07/26/2026,23:27:11,24.8,45.7
07/26/2026,23:32:11,24.8,45.7
07/26/2026,23:37:11,24.8,45.7
07/26/2026,23:42:11,24.7,45.7
07/26/2026,23:47:11,24.7,45.8
07/26/2026,23:52:11,24.7,45.8
07/26/2026,23:57:11,24.7,45.8
07/27/2026,00:02:11,24.7,45.8
07/27/2026,00:07:11,24.7,45.8
07/27/2026,00:12:11,24.6,45.8
07/27/2026,00:17:11,24.6,45.9
07/27/2026,00:22:11,24.6,46.0
07/27/2026,00:27:11,24.6,45.9
07/27/2026,00:32:11,24.6,46.0
07/27/2026,00:37:11,24.6,46.0
07/27/2026,00:42:11,24.5,46.0
07/27/2026,00:47:11,24.5,46.0
07/27/2026,00:52:11,24.5,46.1
07/27/2026,00:57:11,24.5,46.0
07/27/2026,01:02:11,24.5,46.0
07/27/2026,01:07:11,24.5,46.0
07/27/2026,01:12:11,24.5,46.1
07/27/2026,01:17:11,24.4,46.1
07/27/2026,01:22:11,24.4,46.1
07/27/2026,01:27:11,24.4,46.2
07/27/2026,01:32:11,24.3,46.2
07/27/2026,01:37:11,24.3,46.3
07/27/2026,01:42:11,24.3,46.3
07/27/2026,01:47:11,24.3,46.3
07/27/2026,01:52:11,24.3,46.3
07/27/2026,01:57:11,24.2,46.4
07/27/2026,02:02:11,24.2,46.4
07/27/2026,02:07:11,24.2,46.5
07/27/2026,02:12:11,24.2,46.6
07/27/2026,02:17:11,24.2,46.6
07/27/2026,02:22:11,24.2,46.6
07/27/2026,02:27:11,24.1,46.7
07/27/2026,02:32:11,24.1,46.7
07/27/2026,02:37:11,24.1,46.8
07/27/2026,02:42:11,24.1,46.9
07/27/2026,02:47:11,24.1,46.9
07/27/2026,02:52:11,24.1,47.0
07/27/2026,02:57:11,24.0,47.0
07/27/2026,03:02:11,24.0,47.0
07/27/2026,03:07:11,24.0,47.0
07/27/2026,03:12:11,24.0,47.1
07/27/2026,03:17:11,24.0,47.1
07/27/2026,03:22:11,23.9,47.1
07/27/2026,03:27:11,23.9,47.2
07/27/2026,03:32:11,23.9,47.2
07/27/2026,03:37:11,23.9,47.2
07/27/2026,03:42:11,23.8,47.3
07/27/2026,03:47:11,23.9,47.3
07/27/2026,03:52:11,23.8,47.3
07/27/2026,03:57:11,23.8,47.3
07/27/2026,04:02:11,23.8,47.4
07/27/2026,04:07:11,23.8,47.4
07/27/2026,04:12:11,23.8,47.4
07/27/2026,04:17:11,23.7,47.4
07/27/2026,04:22:11,23.7,47.5
07/27/2026,04:27:11,23.7,47.5
07/27/2026,04:32:11,23.7,47.5
07/27/2026,04:37:11,23.7,47.5
07/27/2026,04:42:11,23.6,47.6
07/27/2026,04:47:11,23.6,47.6
07/27/2026,04:52:11,23.6,47.7
07/27/2026,04:57:11,23.6,47.7
07/27/2026,05:02:11,23.6,47.6
07/27/2026,05:07:11,23.6,47.7
07/27/2026,05:12:11,23.6,47.7
07/27/2026,05:17:11,23.5,47.7
07/27/2026,05:22:11,23.5,47.7
07/27/2026,05:27:11,23.5,47.7
07/27/2026,05:32:11,23.5,47.8
07/27/2026,05:37:11,23.5,47.7
07/27/2026,05:42:11,23.5,47.8
07/27/2026,05:47:11,23.5,47.8
07/27/2026,05:52:11,23.5,47.9
07/27/2026,05:57:11,23.4,47.8
07/27/2026,06:02:11,23.4,47.9
07/27/2026,06:07:11,23.4,47.9
07/27/2026,06:12:11,23.4,48.0
07/27/2026,06:17:11,23.4,47.9
07/27/2026,06:22:11,23.4,48.0
07/27/2026,06:27:11,23.4,48.0
07/27/2026,06:32:11,23.4,48.0
07/27/2026,06:37:11,23.3,48.1
07/27/2026,06:42:11,23.3,48.1
07/27/2026,06:47:11,23.3,48.2
07/27/2026,06:52:11,23.3,48.2
07/27/2026,06:57:11,23.3,48.3
07/27/2026,07:02:11,23.3,48.3
07/27/2026,07:07:11,23.3,48.4
07/27/2026,07:12:11,23.3,48.4
07/27/2026,07:17:11,23.3,48.5
07/27/2026,07:22:11,23.3,48.5
07/27/2026,07:27:11,23.3,48.6
07/27/2026,07:32:11,23.3,48.7
07/27/2026,07:37:11,23.3,48.6
07/27/2026,07:42:11,23.3,48.6
07/27/2026,07:47:11,23.4,48.6
07/27/2026,07:52:11,23.4,48.7
07/27/2026,07:57:11,23.4,48.6
07/27/2026,08:02:11,23.4,48.6
07/27/2026,08:07:11,23.4,48.6
07/27/2026,08:12:11,23.4,48.6
07/27/2026,08:17:11,23.4,48.7
07/27/2026,08:22:11,23.4,48.7
07/27/2026,08:27:11,23.4,48.7
07/27/2026,08:32:11,23.4,48.7
07/27/2026,08:37:11,23.4,48.7
07/27/2026,08:42:11,23.5,48.7
07/27/2026,08:47:11,23.5,48.6
07/27/2026,08:52:11,23.5,48.6
07/27/2026,08:57:11,23.5,48.6
07/27/2026,09:02:11,23.5,48.6
07/27/2026,09:07:11,23.5,48.7
07/27/2026,09:12:11,23.5,48.8
07/27/2026,09:17:11,23.5,48.8
07/27/2026,09:22:11,23.5,48.8
07/27/2026,09:27:11,23.5,48.8
07/27/2026,09:32:11,23.5,48.8
07/27/2026,09:37:11,23.5,48.7
07/27/2026,09:42:11,23.6,48.7
07/27/2026,09:47:11,23.6,48.8
07/27/2026,09:52:11,23.6,48.8
07/27/2026,09:57:11,23.6,48.7
07/27/2026,10:02:11,23.5,48.7
07/27/2026,10:07:11,23.5,48.6
07/27/2026,10:12:11,23.5,48.6
07/27/2026,10:17:11,23.5,48.5
07/27/2026,10:22:11,23.5,48.5
07/27/2026,10:27:11,23.5,48.4
07/27/2026,10:32:11,23.5,48.5
07/27/2026,10:37:11,23.5,48.3
07/27/2026,10:42:11,23.5,48.2
07/27/2026,10:47:11,23.4,48.1
07/27/2026,10:52:11,23.4,48.1
07/27/2026,10:57:11,23.4,48.2
07/27/2026,11:02:11,23.4,48.2
07/27/2026,11:07:11,23.4,48.1
07/27/2026,11:12:11,23.4,48.0
07/27/2026,11:17:11,23.4,48.0
07/27/2026,11:22:11,23.4,47.9
07/27/2026,11:27:11,23.4,47.8
07/27/2026,11:32:11,23.4,47.8
07/27/2026,11:37:11,23.3,47.6
07/27/2026,11:42:11,23.3,47.7
07/27/2026,11:47:11,23.3,47.5
07/27/2026,11:52:11,23.4,47.5
07/27/2026,11:57:11,23.4,47.5
07/27/2026,12:02:11,23.3,47.3
07/27/2026,12:07:11,23.4,47.3
07/27/2026,12:12:11,23.4,47.2
07/27/2026,12:17:11,23.4,47.2
07/27/2026,12:22:11,23.3,47.1
07/27/2026,12:27:11,23.4,47.0
07/27/2026,12:32:11,23.3,47.0
07/27/2026,12:37:11,23.4,46.8
07/27/2026,12:42:11,23.3,46.8
07/27/2026,12:47:11,23.3,46.8
07/27/2026,12:52:11,23.4,46.7
07/27/2026,12:57:11,23.4,46.8
07/27/2026,13:02:11,23.4,46.8
07/27/2026,13:07:11,23.4,46.8
07/27/2026,13:12:11,23.4,46.9
07/27/2026,13:17:11,23.5,46.8
07/27/2026,13:22:11,23.5,46.7
07/27/2026,13:27:11,23.5,46.7
07/27/2026,13:32:11,23.5,46.8
07/27/2026,13:37:11,23.6,46.7
07/27/2026,13:42:11,23.6,46.8
07/27/2026,13:47:11,23.6,46.6
07/27/2026,13:52:11,23.7,46.7
07/27/2026,13:57:11,23.7,46.6
07/27/2026,14:02:11,23.7,46.6
07/27/2026,14:07:11,23.8,46.4
07/27/2026,14:12:11,23.8,46.3
07/27/2026,14:17:11,23.9,46.2
07/27/2026,14:22:11,23.9,46.2
07/27/2026,14:27:11,24.0,46.1
07/27/2026,14:32:11,24.1,46.0
07/27/2026,14:37:11,24.1,45.9
07/27/2026,14:42:11,24.1,45.7
07/27/2026,14:47:11,24.2,45.7
07/27/2026,14:52:11,24.2,45.6
07/27/2026,14:57:11,24.3,45.5
07/27/2026,15:02:11,24.4,45.3
07/27/2026,15:07:11,24.5,45.4
07/27/2026,15:12:11,24.5,45.3
07/27/2026,15:17:11,24.6,45.2
07/27/2026,15:22:11,24.6,45.2
07/27/2026,15:27:11,24.7,45.1
07/27/2026,15:32:11,24.7,45.0
07/27/2026,15:37:11,24.8,45.0
07/27/2026,15:42:11,24.8,45.0
07/27/2026,15:47:11,24.9,44.9
07/27/2026,15:52:11,24.9,44.8
07/27/2026,15:57:11,25.0,44.9
07/27/2026,16:02:11,24.9,44.9
07/27/2026,16:07:11,25.0,44.7
07/27/2026,16:12:11,25.0,44.7
07/27/2026,16:17:11,25.1,44.9
07/27/2026,16:22:11,25.1,44.7
07/27/2026,16:27:11,25.1,44.7
07/27/2026,16:32:11,25.1,44.6
07/27/2026,16:37:11,25.2,44.5
07/27/2026,16:42:11,25.2,44.4
07/27/2026,16:47:11,25.2,44.5
07/27/2026,16:52:11,25.2,44.1
07/27/2026,16:57:11,25.3,44.3
07/27/2026,17:02:11,25.3,44.3
07/27/2026,17:07:11,25.3,44.3
07/27/2026,17:12:11,25.4,44.1
07/27/2026,17:17:11,25.4,44.2
07/27/2026,17:22:11,25.4,44.1
07/27/2026,17:27:11,25.5,44.1
07/27/2026,17:32:11,25.5,44.1
07/27/2026,17:37:11,25.5,44.1
07/27/2026,17:42:11,25.6,44.1
07/27/2026,17:47:11,25.6,43.9
07/27/2026,17:52:11,25.6,44.0
07/27/2026,17:57:11,25.7,43.9
07/27/2026,18:02:11,25.7,43.7
07/27/2026,18:07:11,25.8,43.6
07/27/2026,18:12:11,25.9,43.5
07/27/2026,18:17:11,26.0,43.4
07/27/2026,18:22:11,26.2,43.2
07/27/2026,18:27:11,26.3,43.3
07/27/2026,18:32:11,26.4,43.1
07/27/2026,18:37:11,26.5,42.9
07/27/2026,18:42:11,26.6,42.8
07/27/2026,18:47:11,26.5,42.8
07/27/2026,18:52:11,26.4,42.8
07/27/2026,18:57:11,26.4,42.9
07/27/2026,19:02:11,26.3,43.0
07/27/2026,19:07:11,26.2,43.1
07/27/2026,19:12:11,26.1,43.2
07/27/2026,19:17:11,26.1,43.3
07/27/2026,19:22:11,26.0,43.3
07/27/2026,19:27:11,26.0,43.5
07/27/2026,19:32:11,26.0,43.5
07/27/2026,19:37:11,25.9,43.6
07/27/2026,19:42:11,25.9,43.6
07/27/2026,19:47:11,25.9,43.7
07/27/2026,19:52:11,25.9,43.7
07/27/2026,19:57:11,25.8,43.8
07/27/2026,20:02:11,25.8,43.9
07/27/2026,20:07:11,25.8,43.9
07/27/2026,20:12:11,25.8,44.0
07/27/2026,20:17:11,25.7,44.1
07/27/2026,20:22:11,25.7,44.2
07/27/2026,20:27:11,25.7,44.4
07/27/2026,20:32:11,25.6,44.4
07/27/2026,20:37:11,25.6,44.4
07/27/2026,20:42:11,25.6,44.4
07/27/2026,20:47:11,25.6,44.4
07/27/2026,20:52:11,25.6,44.5
07/27/2026,20:57:11,25.5,44.5
07/27/2026,21:02:11,25.5,44.6
07/27/2026,21:07:11,25.5,44.6
07/27/2026,21:12:11,25.5,44.6
07/27/2026,21:17:11,25.4,44.7
07/27/2026,21:22:11,25.4,44.8
07/27/2026,21:27:11,25.4,44.8
07/27/2026,21:32:11,25.4,44.9
07/27/2026,21:37:11,25.4,45.0
07/27/2026,21:42:11,25.3,45.1
07/27/2026,21:47:11,25.3,45.2
07/27/2026,21:52:11,25.3,45.2
07/27/2026,21:57:11,25.3,45.3
07/27/2026,22:02:11,25.3,45.3
07/27/2026,22:07:11,25.2,45.4
07/27/2026,22:12:11,25.2,45.6
07/27/2026,22:17:11,25.2,45.6
07/27/2026,22:22:11,25.2,45.6
07/27/2026,22:27:11,25.2,45.7
07/27/2026,22:32:11,25.1,45.8
07/27/2026,22:37:11,25.1,45.9
07/27/2026,22:42:11,25.1,45.9
07/27/2026,22:47:11,25.1,46.0
07/27/2026,22:52:11,25.1,46.1
07/27/2026,22:57:11,25.0,46.2
07/27/2026,23:02:11,25.0,46.2
07/27/2026,23:07:11,25.0,46.3
07/27/2026,23:12:11,25.0,46.4
07/27/2026,23:17:11,25.0,46.5
07/27/2026,23:22:11,24.9,46.6
07/27/2026,23:27:11,24.9,46.6
07/27/2026,23:32:11,24.9,46.7
07/27/2026,23:37:11,24.9,46.8
07/27/2026,23:42:11,24.8,46.9
07/27/2026,23:47:11,24.9,46.9
07/27/2026,23:52:11,24.8,47.1
07/27/2026,23:57:11,24.8,47.2
07/28/2026,00:02:11,24.8,47.2
07/28/2026,00:07:11,24.7,47.3
07/28/2026,00:12:11,24.8,47.4
07/28/2026,00:17:11,24.7,47.4
07/28/2026,00:22:11,24.7,47.5
07/28/2026,00:27:11,24.7,47.6
07/28/2026,00:32:11,24.6,47.7
07/28/2026,00:37:11,24.6,47.9
07/28/2026,00:42:11,24.6,48.0
07/28/2026,00:47:11,24.6,48.1
07/28/2026,00:52:11,24.5,48.3
07/28/2026,00:57:11,24.5,48.4
07/28/2026,01:02:11,24.5,48.6
07/28/2026,01:07:11,24.5,48.7
07/28/2026,01:12:11,24.5,48.8
07/28/2026,01:17:11,24.4,49.0
07/28/2026,01:22:11,24.4,49.1
07/28/2026,01:27:11,24.4,49.2
07/28/2026,01:32:11,24.4,49.5
07/28/2026,01:37:11,24.3,49.6
07/28/2026,01:42:11,24.3,49.7
07/28/2026,01:47:11,24.3,49.9
07/28/2026,01:52:11,24.3,50.2
07/28/2026,01:57:11,24.3,50.5
07/28/2026,02:02:11,24.3,50.5
07/28/2026,02:07:11,24.3,50.7
07/28/2026,02:12:11,24.3,50.9
07/28/2026,02:17:11,24.2,51.0
07/28/2026,02:22:11,24.2,51.1
07/28/2026,02:27:11,24.2,51.2
07/28/2026,02:32:11,24.2,51.3
07/28/2026,02:37:11,24.2,51.4
07/28/2026,02:42:11,24.2,51.7
07/28/2026,02:47:11,24.2,51.7
07/28/2026,02:52:11,24.1,51.8
07/28/2026,02:57:11,24.1,51.9
07/28/2026,03:02:11,24.1,52.0
07/28/2026,03:07:11,24.1,52.0
07/28/2026,03:12:11,24.1,52.1
07/28/2026,03:17:11,24.0,52.2
07/28/2026,03:22:11,24.0,52.3
07/28/2026,03:27:11,24.0,52.5
07/28/2026,03:32:11,24.0,52.6
07/28/2026,03:37:11,24.0,52.6
07/28/2026,03:42:11,24.0,52.7
07/28/2026,03:47:11,23.9,52.8
07/28/2026,03:52:11,23.9,52.9
07/28/2026,03:57:11,23.9,53.0
07/28/2026,04:02:11,23.9,53.1
07/28/2026,04:07:11,23.9,53.2
07/28/2026,04:12:11,23.9,53.3
07/28/2026,04:17:11,23.9,53.4
07/28/2026,04:22:11,23.8,53.5
07/28/2026,04:27:11,23.8,53.6
07/28/2026,04:32:11,23.8,53.7
07/28/2026,04:37:11,23.8,53.8
07/28/2026,04:42:11,23.8,53.9
07/28/2026,04:47:11,23.8,54.0
07/28/2026,04:52:11,23.7,54.1
07/28/2026,04:57:11,23.7,54.3
07/28/2026,05:02:11,23.7,54.4
07/28/2026,05:07:11,23.7,54.5
07/28/2026,05:12:11,23.7,54.6
07/28/2026,05:17:11,23.7,54.8
07/28/2026,05:22:11,23.6,54.9
07/28/2026,05:27:11,23.6,54.9
07/28/2026,05:32:11,23.6,55.1
07/28/2026,05:37:11,23.6,55.3
07/28/2026,05:42:11,23.6,55.4
07/28/2026,05:47:11,23.6,55.5
07/28/2026,05:52:11,23.5,55.7
07/28/2026,05:57:11,23.5,55.9
07/28/2026,06:02:11,23.5,55.9
07/28/2026,06:07:11,23.5,56.1
07/28/2026,06:12:11,23.5,56.2
07/28/2026,06:17:11,23.5,56.4
07/28/2026,06:22:11,23.4,56.3
07/28/2026,06:27:11,23.4,56.4
07/28/2026,06:32:11,23.4,56.5
07/28/2026,06:37:11,23.4,56.7
07/28/2026,06:42:11,23.4,56.8
07/28/2026,06:47:11,23.4,56.8
07/28/2026,06:52:11,23.4,57.0
07/28/2026,06:57:11,23.4,57.1
07/28/2026,07:02:11,23.4,57.2
07/28/2026,07:07:11,23.4,57.1
07/28/2026,07:12:11,23.4,56.8
07/28/2026,07:17:11,23.4,56.9
07/28/2026,07:22:11,23.4,56.8
07/28/2026,07:27:11,23.5,56.7
07/28/2026,07:32:11,23.5,56.6
07/28/2026,07:37:11,23.5,56.5
07/28/2026,07:42:11,23.5,56.5
07/28/2026,07:47:11,23.5,56.5
07/28/2026,07:52:11,23.5,56.5
07/28/2026,07:57:11,23.5,56.5
07/28/2026,08:02:11,23.6,56.4
07/28/2026,08:07:11,23.6,56.4
07/28/2026,08:12:11,23.6,56.4
07/28/2026,08:17:11,23.6,56.4
07/28/2026,08:22:11,23.6,56.4
07/28/2026,08:27:11,23.6,56.3
07/28/2026,08:32:11,23.6,56.1
07/28/2026,08:37:11,23.7,56.1
07/28/2026,08:42:11,23.7,56.0
07/28/2026,08:47:11,23.7,56.1
07/28/2026,08:52:11,23.7,56.0
07/28/2026,08:57:11,23.7,55.8
07/28/2026,09:02:11,23.8,55.8
07/28/2026,09:07:11,23.8,55.8
07/28/2026,09:12:11,23.8,55.6
07/28/2026,09:17:11,23.8,55.7
07/28/2026,09:22:11,23.8,55.6
07/28/2026,09:27:11,23.8,55.5
07/28/2026,09:32:11,23.9,55.5
07/28/2026,09:37:11,23.9,55.6
07/28/2026,09:42:11,23.9,55.5
07/28/2026,09:47:11,24.0,55.5
07/28/2026,09:52:11,24.0,55.5
07/28/2026,09:57:11,24.0,55.3
07/28/2026,10:02:11,24.0,55.4
07/28/2026,10:07:11,24.0,55.4
07/28/2026,10:12:11,24.1,55.4
07/28/2026,10:17:11,24.1,55.4
07/28/2026,10:22:11,24.1,55.4
07/28/2026,10:27:11,24.1,55.4
07/28/2026,10:32:11,24.1,55.6
07/28/2026,10:37:11,24.1,55.6
07/28/2026,10:42:11,24.1,55.6
07/28/2026,10:47:11,24.2,55.6
07/28/2026,10:52:11,24.2,55.6
07/28/2026,10:57:11,24.2,55.8
07/28/2026,11:02:11,24.2,55.6
07/28/2026,11:07:11,24.2,55.7
07/28/2026,11:12:11,24.2,55.7
07/28/2026,11:17:11,24.2,55.8
07/28/2026,11:22:11,24.2,55.9
07/28/2026,11:27:11,24.3,55.9
07/28/2026,11:32:11,24.3,55.8
07/28/2026,11:37:11,24.3,55.9
07/28/2026,11:42:11,24.3,56.0
07/28/2026,11:47:11,24.3,55.9
07/28/2026,11:52:11,24.3,55.7
07/28/2026,11:57:11,24.4,55.7
07/28/2026,12:02:11,24.4,55.8
07/28/2026,12:07:11,24.4,55.7
07/28/2026,12:12:11,24.5,55.7
07/28/2026,12:17:11,24.4,55.6
07/28/2026,12:22:11,24.5,55.6
07/28/2026,12:27:11,24.5,55.7
07/28/2026,12:32:11,24.5,55.7
07/28/2026,12:37:11,24.6,55.8
07/28/2026,12:42:11,24.6,55.9
07/28/2026,12:47:11,24.6,55.9
07/28/2026,12:52:11,24.6,55.8
07/28/2026,12:57:11,24.6,55.9
07/28/2026,13:02:11,24.7,55.9
07/28/2026,13:07:11,24.7,55.9
07/28/2026,13:12:11,24.8,55.9
07/28/2026,13:17:11,24.8,55.8
07/28/2026,13:22:11,24.8,55.8
07/28/2026,13:27:11,24.9,55.8
07/28/2026,13:32:11,24.9,55.9
07/28/2026,13:37:11,24.9,55.9
07/28/2026,13:42:11,25.0,55.9
07/28/2026,13:47:11,25.0,55.9
07/28/2026,13:52:11,25.1,55.7
07/28/2026,13:57:11,25.1,55.7
07/28/2026,14:02:11,25.1,55.7
07/28/2026,14:07:11,25.1,55.7
07/28/2026,14:12:11,25.2,55.6
07/28/2026,14:17:11,25.2,55.7
07/28/2026,14:22:11,25.2,55.6
07/28/2026,14:27:11,25.3,55.6
07/28/2026,14:32:11,25.3,55.6
07/28/2026,14:37:11,25.3,55.6
07/28/2026,14:42:11,25.4,55.5
07/28/2026,14:47:11,25.4,55.6
07/28/2026,14:52:11,25.5,55.5
07/28/2026,14:57:11,25.5,55.5
07/28/2026,15:02:11,25.5,55.4
07/28/2026,15:07:11,25.6,55.4
07/28/2026,15:12:11,25.6,55.4
07/28/2026,15:17:11,25.6,55.3
07/28/2026,15:22:11,25.7,55.4
07/28/2026,15:27:11,25.7,55.3
07/28/2026,15:32:11,25.8,55.3
07/28/2026,15:37:11,25.8,55.3
07/28/2026,15:42:11,25.9,55.3
07/28/2026,15:47:11,25.9,55.2
07/28/2026,15:52:11,26.0,55.2
07/28/2026,15:57:11,26.0,55.2
07/28/2026,16:02:11,26.1,55.2
07/28/2026,16:07:11,26.1,55.3
07/28/2026,16:12:11,26.1,55.3
07/28/2026,16:17:11,26.2,55.3
07/28/2026,16:22:11,26.2,55.2
07/28/2026,16:27:11,26.3,55.2
07/28/2026,16:32:11,26.3,55.1
07/28/2026,16:37:11,26.4,55.1
07/28/2026,16:42:11,26.4,55.1
07/28/2026,16:47:11,26.4,55.1
07/28/2026,16:52:11,26.5,55.1
07/28/2026,16:57:11,26.5,55.0
07/28/2026,17:02:11,26.5,55.0
07/28/2026,17:07:11,26.6,55.0
07/28/2026,17:12:11,26.6,54.9
07/28/2026,17:17:11,26.7,54.9
07/28/2026,17:22:11,26.6,54.8
07/28/2026,17:27:11,26.7,54.7
07/28/2026,17:32:11,26.7,54.6
07/28/2026,17:37:11,26.8,54.5
07/28/2026,17:42:11,26.8,54.5
07/28/2026,17:47:11,26.8,54.4
07/28/2026,17:52:11,26.8,54.3
07/28/2026,17:57:11,26.8,54.3
07/28/2026,18:02:11,26.9,54.2
07/28/2026,18:07:11,26.9,54.2
07/28/2026,18:12:11,26.9,54.1
07/28/2026,18:17:11,26.9,54.1
07/28/2026,18:22:11,26.9,54.0
07/28/2026,18:27:11,26.9,54.0
07/28/2026,18:32:11,26.9,54.0
07/28/2026,18:37:11,27.0,53.9
07/28/2026,18:42:11,27.0,53.8
07/28/2026,18:47:11,27.0,53.8
07/28/2026,18:52:11,27.0,53.8
07/28/2026,18:57:11,26.9,53.9
07/28/2026,19:02:11,26.9,54.0
07/28/2026,19:07:11,26.9,54.1
07/28/2026,19:12:11,26.9,54.1
07/28/2026,19:17:11,27.0,54.1
07/28/2026,19:22:11,27.0,54.3
07/28/2026,19:27:11,27.0,54.2
07/28/2026,19:32:11,27.0,54.1
07/28/2026,19:37:11,27.0,54.2
07/28/2026,19:42:11,27.0,54.2
07/28/2026,19:47:11,27.1,54.0
07/28/2026,19:52:11,27.0,53.9
07/28/2026,19:57:11,27.0,53.9
07/28/2026,20:02:11,27.1,53.8
07/28/2026,20:07:11,27.1,53.8
07/28/2026,20:12:11,27.0,53.5
07/28/2026,20:17:11,27.1,53.5
07/28/2026,20:22:11,27.1,53.4
07/28/2026,20:27:11,27.1,53.5
07/28/2026,20:32:11,27.1,53.8
07/28/2026,20:37:11,27.1,53.6
07/28/2026,20:42:11,27.0,53.7
07/28/2026,20:47:11,27.0,53.5
07/28/2026,20:52:11,27.0,53.4
07/28/2026,20:57:11,27.0,53.4
07/28/2026,21:02:11,27.0,53.3
07/28/2026,21:07:11,27.0,53.3
07/28/2026,21:12:11,26.9,53.2
07/28/2026,21:17:11,26.9,53.1
07/28/2026,21:22:11,26.9,53.1
07/28/2026,21:27:11,26.9,53.1
07/28/2026,21:32:11,26.9,53.2
07/28/2026,21:37:11,26.8,53.2
07/28/2026,21:42:11,26.8,53.2
07/28/2026,21:47:11,26.8,53.3
07/28/2026,21:52:11,26.8,53.2
07/28/2026,21:57:11,26.8,53.3
07/28/2026,22:02:11,26.8,53.3
07/28/2026,22:07:11,26.7,53.3
07/28/2026,22:12:11,26.7,53.3
07/28/2026,22:17:11,26.7,53.3
07/28/2026,22:22:11,26.7,53.4
07/28/2026,22:27:11,26.7,53.4
07/28/2026,22:32:11,26.6,53.4
07/28/2026,22:37:11,26.6,53.4
07/28/2026,22:42:11,26.6,53.4
07/28/2026,22:47:11,26.6,53.4
07/28/2026,22:52:11,26.5,53.4
07/28/2026,22:57:11,26.6,53.5
07/28/2026,23:02:11,26.5,53.5
07/28/2026,23:07:11,26.5,53.5
07/28/2026,23:12:11,26.5,53.5
07/28/2026,23:17:11,26.5,53.5
07/28/2026,23:22:11,26.5,53.5
07/28/2026,23:27:11,26.5,53.5
07/28/2026,23:32:11,26.4,53.5
07/28/2026,23:37:11,26.4,53.6
07/28/2026,23:42:11,26.4,53.6
07/28/2026,23:47:11,26.4,53.6
07/28/2026,23:52:11,26.4,53.5
07/28/2026,23:57:11,26.3,53.6
07/29/2026,00:02:11,26.3,53.5
07/29/2026,00:07:11,26.3,53.6
07/29/2026,00:12:11,26.3,53.6
07/29/2026,00:17:11,26.3,53.6
07/29/2026,00:22:11,26.3,53.6
07/29/2026,00:27:11,26.2,53.6
07/29/2026,00:32:11,26.2,53.5
07/29/2026,00:37:11,26.2,53.6
07/29/2026,00:42:11,26.2,53.6
07/29/2026,00:47:11,26.2,53.6
07/29/2026,00:52:11,26.2,53.6
07/29/2026,00:57:11,26.2,53.6
07/29/2026,01:02:11,26.1,53.6
07/29/2026,01:07:11,26.1,53.6
07/29/2026,01:12:11,26.1,53.6
07/29/2026,01:17:11,26.1,53.6
07/29/2026,01:22:11,26.1,53.6
07/29/2026,01:27:11,26.1,53.6
07/29/2026,01:32:11,26.1,53.6
07/29/2026,01:37:11,26.0,53.6
07/29/2026,01:42:11,26.0,53.7
07/29/2026,01:47:11,26.0,53.6
07/29/2026,01:52:11,26.0,53.6
07/29/2026,01:57:11,26.0,53.6
07/29/2026,02:02:11,26.0,53.7
07/29/2026,02:07:11,26.0,53.7
07/29/2026,02:12:11,25.9,53.7
07/29/2026,02:17:11,25.9,53.6
07/29/2026,02:22:11,25.9,53.7
07/29/2026,02:27:11,25.9,53.7
07/29/2026,02:32:11,25.9,53.7
07/29/2026,02:37:11,25.9,53.6
07/29/2026,02:42:11,25.9,53.6
07/29/2026,02:47:11,25.8,53.7
07/29/2026,02:52:11,25.8,53.7
07/29/2026,02:57:11,25.8,53.7
07/29/2026,03:02:11,25.8,53.7
07/29/2026,03:07:11,25.8,53.7
07/29/2026,03:12:11,25.8,53.7
07/29/2026,03:17:11,25.8,53.7
07/29/2026,03:22:11,25.7,53.7
07/29/2026,03:27:11,25.8,53.7
07/29/2026,03:32:11,25.7,53.7
07/29/2026,03:37:11,25.7,53.7
07/29/2026,03:42:11,25.7,53.7
07/29/2026,03:47:11,25.7,53.7
07/29/2026,03:52:11,25.7,53.7
07/29/2026,03:57:11,25.7,53.7
07/29/2026,04:02:11,25.7,53.7
07/29/2026,04:07:11,25.6,53.7
07/29/2026,04:12:11,25.6,53.7
07/29/2026,04:17:11,25.6,53.7
07/29/2026,04:22:11,25.6,53.7
07/29/2026,04:27:11,25.5,53.7
07/29/2026,04:32:11,25.6,53.7
07/29/2026,04:37:11,25.5,53.7
07/29/2026,04:42:11,25.5,53.7
07/29/2026,04:47:11,25.5,53.7
07/29/2026,04:52:11,25.5,53.7
07/29/2026,04:57:11,25.5,53.7
07/29/2026,05:02:11,25.4,53.7
07/29/2026,05:07:11,25.5,53.8
07/29/2026,05:12:11,25.4,53.7
07/29/2026,05:17:11,25.4,53.7
07/29/2026,05:22:11,25.4,53.7
07/29/2026,05:27:11,25.4,53.7
07/29/2026,05:32:11,25.3,53.7
07/29/2026,05:37:11,25.4,53.7
07/29/2026,05:42:11,25.3,53.7
07/29/2026,05:47:11,25.3,53.7
07/29/2026,05:52:11,25.3,53.7
07/29/2026,05:57:11,25.3,53.7
07/29/2026,06:02:11,25.2,53.7
07/29/2026,06:07:11,25.2,53.8
07/29/2026,06:12:11,25.2,53.8
07/29/2026,06:17:11,25.2,53.7
07/29/2026,06:22:11,25.2,53.7
07/29/2026,06:27:11,25.2,53.7
07/29/2026,06:32:11,25.2,53.7
07/29/2026,06:37:11,25.2,53.7
07/29/2026,06:42:11,25.2,53.7
07/29/2026,06:47:11,25.2,53.7
07/29/2026,06:52:11,25.2,53.6
07/29/2026,06:57:11,25.1,53.6
07/29/2026,07:02:11,25.1,53.7
07/29/2026,07:07:11,25.1,53.7
07/29/2026,07:12:11,25.1,53.7
07/29/2026,07:17:11,25.1,53.6
07/29/2026,07:22:11,25.1,53.6
07/29/2026,07:27:11,25.2,53.6
07/29/2026,07:32:11,25.2,53.6
07/29/2026,07:37:11,25.2,53.5
07/29/2026,07:42:11,25.2,53.5
07/29/2026,07:47:11,25.2,53.5
07/29/2026,07:52:11,25.2,53.5
07/29/2026,07:57:11,25.2,53.5
07/29/2026,08:02:11,25.3,53.5
07/29/2026,08:07:11,25.2,53.5
07/29/2026,08:12:11,25.3,53.4
07/29/2026,08:17:11,25.3,53.5
07/29/2026,08:22:11,25.3,53.5
07/29/2026,08:27:11,25.3,53.5
07/29/2026,08:32:11,25.3,53.5
07/29/2026,08:37:11,25.3,53.5
07/29/2026,08:42:11,25.3,53.5
07/29/2026,08:47:11,25.4,53.5
07/29/2026,08:52:11,25.4,53.5
07/29/2026,08:57:11,25.4,53.5
07/29/2026,09:02:11,25.4,53.5
07/29/2026,09:07:11,25.5,53.4
07/29/2026,09:12:11,25.5,53.5
07/29/2026,09:17:11,25.5,53.5
07/29/2026,09:22:11,25.5,53.4
07/29/2026,09:27:11,25.5,53.4
07/29/2026,09:32:11,25.6,53.4
07/29/2026,09:37:11,25.6,53.4
07/29/2026,09:42:11,25.6,53.5
07/29/2026,09:47:11,25.6,53.4
07/29/2026,09:52:11,25.7,53.4
07/29/2026,09:57:11,25.7,53.5
07/29/2026,10:02:11,25.7,53.4
07/29/2026,10:07:11,25.8,53.5
07/29/2026,10:12:11,25.8,53.4
07/29/2026,10:17:11,25.8,53.2
07/29/2026,10:22:11,25.8,53.2
07/29/2026,10:27:11,25.8,53.2
07/29/2026,10:32:11,25.9,53.1
07/29/2026,10:37:11,25.9,53.0
07/29/2026,10:42:11,25.9,53.0
07/29/2026,10:47:11,25.9,53.1
07/29/2026,10:52:11,25.9,52.8
07/29/2026,10:57:11,25.9,52.6
07/29/2026,11:02:11,25.9,52.5
07/29/2026,11:07:11,25.9,52.7
07/29/2026,11:12:11,25.9,52.8
07/29/2026,11:17:11,26.0,52.7
07/29/2026,11:22:11,26.0,52.6
07/29/2026,11:27:11,26.0,52.5
07/29/2026,11:32:11,26.0,52.5
07/29/2026,11:37:11,26.0,52.6
07/29/2026,11:42:11,26.0,52.6
07/29/2026,11:47:11,26.1,52.3
07/29/2026,11:52:11,26.1,52.4
07/29/2026,11:57:11,26.1,52.4
07/29/2026,12:02:11,26.1,52.4
07/29/2026,12:07:11,26.1,52.4
07/29/2026,12:12:11,26.2,52.3
07/29/2026,12:17:11,26.2,52.2
07/29/2026,12:22:11,26.2,52.3
07/29/2026,12:27:11,26.2,52.2
07/29/2026,12:32:11,26.2,52.2
07/29/2026,12:37:11,26.3,52.2
07/29/2026,12:42:11,26.3,52.3
07/29/2026,12:47:11,26.3,52.2
07/29/2026,12:52:11,26.3,52.2
07/29/2026,12:57:11,26.4,52.2
07/29/2026,13:02:11,26.4,52.2
07/29/2026,13:07:11,26.4,52.2
07/29/2026,13:12:11,26.5,52.2
07/29/2026,13:17:11,26.5,52.2
07/29/2026,13:22:11,26.5,52.2
07/29/2026,13:27:11,26.6,52.2
07/29/2026,13:32:11,26.7,52.1
07/29/2026,13:37:11,26.7,52.1
07/29/2026,13:42:11,26.7,52.0
07/29/2026,13:47:11,26.8,52.0
07/29/2026,13:52:11,26.8,51.8
07/29/2026,13:57:11,26.9,51.8
07/29/2026,14:02:11,26.9,51.8
07/29/2026,14:07:11,26.9,51.7
07/29/2026,14:12:11,27.0,51.7
07/29/2026,14:17:11,27.0,51.7
07/29/2026,14:22:11,27.0,51.7
07/29/2026,14:27:11,27.1,51.6
07/29/2026,14:32:11,27.1,51.6
07/29/2026,14:37:11,27.2,51.4
07/29/2026,14:42:11,27.2,51.3
07/29/2026,14:47:11,27.3,51.2
07/29/2026,14:52:11,27.4,51.1
07/29/2026,14:57:11,27.4,51.1
07/29/2026,15:02:11,27.4,51.0
07/29/2026,15:07:11,27.5,51.0
07/29/2026,15:12:11,27.6,50.7
07/29/2026,15:17:11,27.6,50.6
07/29/2026,15:22:11,27.7,50.5
07/29/2026,15:27:11,27.7,50.3
07/29/2026,15:32:11,27.8,50.4
07/29/2026,15:37:11,27.9,50.3
07/29/2026,15:42:11,27.9,50.3
07/29/2026,15:47:11,28.0,50.2
07/29/2026,15:52:11,28.0,50.1
07/29/2026,15:57:11,28.1,50.0
07/29/2026,16:02:11,28.1,49.9
07/29/2026,16:07:11,28.1,49.8
07/29/2026,16:12:11,28.2,49.9
07/29/2026,16:17:11,28.2,49.8
07/29/2026,16:22:11,28.3,49.7
07/29/2026,16:27:11,28.3,49.8
07/29/2026,16:32:11,28.3,49.7
07/29/2026,16:37:11,28.4,49.6
07/29/2026,16:42:11,28.4,49.3
07/29/2026,16:47:11,28.4,49.2
07/29/2026,16:52:11,28.5,49.2
07/29/2026,16:57:11,28.5,49.2
07/29/2026,17:02:11,28.5,49.0
07/29/2026,17:07:11,28.6,49.0
07/29/2026,17:12:11,28.6,49.0
07/29/2026,17:17:11,28.6,48.9
07/29/2026,17:22:11,28.7,48.8
07/29/2026,17:27:11,28.7,48.8
07/29/2026,17:32:11,28.7,48.7
07/29/2026,17:37:11,28.8,48.7
07/29/2026,17:42:11,28.8,48.6
07/29/2026,17:47:11,28.8,48.5
07/29/2026,17:52:11,28.9,48.4
07/29/2026,17:57:11,28.9,48.3
07/29/2026,18:02:11,28.9,48.3
07/29/2026,18:07:11,29.0,48.2
07/29/2026,18:12:11,29.0,48.2
07/29/2026,18:17:11,29.1,48.0
07/29/2026,18:22:11,29.2,47.9
07/29/2026,18:27:11,29.4,47.7
07/29/2026,18:32:11,29.4,47.6
07/29/2026,18:37:11,29.5,47.3
07/29/2026,18:42:11,29.6,47.3
07/29/2026,18:47:11,29.5,47.0
07/29/2026,18:52:11,29.5,46.6
07/29/2026,18:57:11,29.4,46.2
07/29/2026,19:02:11,29.4,45.7
07/29/2026,19:07:11,29.4,44.7
07/29/2026,19:12:11,29.3,44.5
07/29/2026,19:17:11,29.3,44.2
07/29/2026,19:22:11,29.3,44.1
07/29/2026,19:27:11,29.3,44.1
07/29/2026,19:32:11,29.3,44.0
07/29/2026,19:37:11,29.3,43.9
07/29/2026,19:42:11,29.3,44.1
07/29/2026,19:47:11,29.3,44.2
07/29/2026,19:52:11,29.3,44.0
07/29/2026,19:57:11,29.3,44.0
07/29/2026,20:02:11,29.3,44.1
07/29/2026,20:07:11,29.3,44.1
07/29/2026,20:12:11,29.3,44.3
07/29/2026,20:17:11,29.2,44.1
07/29/2026,20:22:11,29.2,44.1
07/29/2026,20:27:11,29.2,44.2
07/29/2026,20:32:11,29.2,44.0
07/29/2026,20:37:11,29.2,44.0
07/29/2026,20:42:11,29.1,44.0
07/29/2026,20:47:11,29.1,44.1
07/29/2026,20:52:11,29.1,44.1
07/29/2026,20:57:11,29.0,44.0
07/29/2026,21:02:11,29.0,44.1
07/29/2026,21:07:11,29.0,44.0
07/29/2026,21:12:11,28.9,44.2
07/29/2026,21:17:11,28.9,44.2
07/29/2026,21:22:11,28.8,44.2
07/29/2026,21:27:11,28.8,44.2
07/29/2026,21:32:11,28.8,44.3
07/29/2026,21:37:11,28.8,44.3
07/29/2026,21:42:11,28.7,44.4
07/29/2026,21:47:11,28.7,44.4
07/29/2026,21:52:11,28.6,44.4
07/29/2026,21:57:11,28.6,44.5
07/29/2026,22:02:11,28.6,44.5
07/29/2026,22:07:11,28.5,44.6
07/29/2026,22:12:11,28.5,44.6
07/29/2026,22:17:11,28.5,44.8
07/29/2026,22:22:11,28.4,44.9
07/29/2026,22:27:11,28.4,45.0
07/29/2026,22:32:11,28.4,45.1
07/29/2026,22:37:11,28.3,45.3
07/29/2026,22:42:11,28.3,45.4
07/29/2026,22:47:11,28.3,45.5
07/29/2026,22:52:11,28.2,45.6
07/29/2026,22:57:11,28.2,45.8
07/29/2026,23:02:11,28.2,45.8
07/29/2026,23:07:11,28.1,45.9
07/29/2026,23:12:11,28.1,46.1
07/29/2026,23:17:11,28.0,46.2
07/29/2026,23:22:11,28.0,46.3
07/29/2026,23:27:11,28.0,46.4
07/29/2026,23:32:11,28.0,46.5
07/29/2026,23:37:11,27.9,46.6
07/29/2026,23:42:11,27.9,46.7
07/29/2026,23:47:11,27.8,46.8
07/29/2026,23:52:11,27.8,46.9
07/29/2026,23:57:11,27.8,46.9
07/30/2026,00:02:11,27.7,47.1
07/30/2026,00:07:11,27.7,47.1
07/30/2026,00:12:11,27.7,47.2
07/30/2026,00:17:11,27.6,47.4
07/30/2026,00:22:11,27.6,47.4
07/30/2026,00:27:11,27.5,47.5
07/30/2026,00:32:11,27.5,47.6
07/30/2026,00:37:11,27.5,47.7
07/30/2026,00:42:11,27.4,47.8
07/30/2026,00:47:11,27.4,47.8
07/30/2026,00:52:11,27.4,47.9
07/30/2026,00:57:11,27.3,48.0
07/30/2026,01:02:11,27.3,48.0
07/30/2026,01:07:11,27.3,48.0
07/30/2026,01:12:11,27.2,48.0
07/30/2026,01:17:11,27.2,48.0
07/30/2026,01:22:11,27.2,48.0
07/30/2026,01:27:11,27.1,48.0
07/30/2026,01:32:11,27.1,48.0
07/30/2026,01:37:11,27.0,48.0
07/30/2026,01:42:11,27.0,48.0
07/30/2026,01:47:11,27.0,48.0
07/30/2026,01:52:11,26.9,48.0
07/30/2026,01:57:11,26.9,48.1
07/30/2026,02:02:11,26.9,48.1
07/30/2026,02:07:11,26.9,48.1
07/30/2026,02:12:11,26.8,48.0
07/30/2026,02:17:11,26.8,48.0
07/30/2026,02:22:11,26.8,48.0
07/30/2026,02:27:11,26.7,48.1
07/30/2026,02:32:11,26.7,48.1
07/30/2026,02:37:11,26.6,48.1
07/30/2026,02:42:11,26.6,48.0
07/30/2026,02:47:11,26.6,48.1
07/30/2026,02:52:11,26.5,48.1
07/30/2026,02:57:11,26.5,48.1
07/30/2026,03:02:11,26.5,48.2
07/30/2026,03:07:11,26.4,48.2
07/30/2026,03:12:11,26.4,48.1
07/30/2026,03:17:11,26.4,48.2
07/30/2026,03:22:11,26.3,48.2
07/30/2026,03:27:11,26.3,48.2
07/30/2026,03:32:11,26.3,48.3
07/30/2026,03:37:11,26.2,48.3
07/30/2026,03:42:11,26.2,48.3
07/30/2026,03:47:11,26.2,48.4
07/30/2026,03:52:11,26.1,48.4
07/30/2026,03:57:11,26.1,48.4
07/30/2026,04:02:11,26.1,48.4
07/30/2026,04:07:11,26.0,48.5
07/30/2026,04:12:11,26.0,48.4
07/30/2026,04:17:11,25.9,48.5
07/30/2026,04:22:11,25.9,48.5
07/30/2026,04:27:11,25.9,48.5
07/30/2026,04:32:11,25.9,48.5
07/30/2026,04:37:11,25.8,48.5
07/30/2026,04:42:11,25.8,48.6
07/30/2026,04:47:11,25.7,48.6
07/30/2026,04:52:11,25.7,48.7
07/30/2026,04:57:11,25.7,48.6
07/30/2026,05:02:11,25.6,48.7
07/30/2026,05:07:11,25.6,48.8
07/30/2026,05:12:11,25.5,48.8
07/30/2026,05:17:11,25.5,48.8
07/30/2026,05:22:11,25.5,48.9
07/30/2026,05:27:11,25.4,49.0
07/30/2026,05:32:11,25.4,49.0
07/30/2026,05:37:11,25.4,49.1
07/30/2026,05:42:11,25.3,49.1
07/30/2026,05:47:11,25.3,49.2
07/30/2026,05:52:11,25.3,49.3
07/30/2026,05:57:11,25.2,49.3
07/30/2026,06:02:11,25.2,49.5
07/30/2026,06:07:11,25.2,49.5
07/30/2026,06:12:11,25.2,49.7
07/30/2026,06:17:11,25.1,49.8
07/30/2026,06:22:11,25.1,49.9
07/30/2026,06:27:11,25.1,50.1
07/30/2026,06:32:11,25.1,50.1
07/30/2026,06:37:11,25.0,50.2
07/30/2026,06:42:11,25.0,50.3
07/30/2026,06:47:11,25.0,50.4
07/30/2026,06:52:11,25.0,50.5
07/30/2026,06:57:11,25.0,50.6
07/30/2026,07:02:11,25.0,50.6
07/30/2026,07:07:11,25.0,50.7
07/30/2026,07:12:11,25.0,50.8
07/30/2026,07:17:11,25.0,50.9
07/30/2026,07:22:11,25.0,51.0
07/30/2026,07:27:11,25.0,51.1
07/30/2026,07:32:11,25.0,51.2
07/30/2026,07:37:11,25.0,51.3
07/30/2026,07:42:11,25.0,51.4
07/30/2026,07:47:11,25.0,51.4
07/30/2026,07:52:11,25.0,51.4
07/30/2026,07:57:11,25.0,51.4
07/30/2026,08:02:11,25.1,51.5
07/30/2026,08:07:11,25.1,51.5
07/30/2026,08:12:11,25.1,51.6
07/30/2026,08:17:11,25.1,51.6
07/30/2026,08:22:11,25.1,51.7
07/30/2026,08:27:11,25.1,51.6
07/30/2026,08:32:11,25.2,51.6
07/30/2026,08:37:11,25.2,51.7
07/30/2026,08:42:11,25.2,51.7
07/30/2026,08:47:11,25.3,51.6
07/30/2026,08:52:11,25.3,51.6
07/30/2026,08:57:11,25.3,51.6
07/30/2026,09:02:11,25.3,51.6
07/30/2026,09:07:11,25.3,51.5
07/30/2026,09:12:11,25.4,51.7
07/30/2026,09:17:11,25.4,51.9
07/30/2026,09:22:11,25.4,52.0
07/30/2026,09:27:11,25.4,52.1
07/30/2026,09:32:11,25.5,52.0
07/30/2026,09:37:11,25.5,52.0
07/30/2026,09:42:11,25.5,52.0
07/30/2026,09:47:11,25.5,52.1
07/30/2026,09:52:11,25.6,52.0
07/30/2026,09:57:11,25.6,52.2
07/30/2026,10:02:11,25.6,52.2
07/30/2026,10:07:11,25.6,52.1
07/30/2026,10:12:11,25.7,52.0
07/30/2026,10:17:11,25.7,51.7
07/30/2026,10:22:11,25.7,51.8
07/30/2026,10:27:11,25.8,51.7
07/30/2026,10:32:11,25.8,51.8
07/30/2026,10:37:11,25.8,51.8
07/30/2026,10:42:11,25.8,51.6
07/30/2026,10:47:11,25.9,51.5
07/30/2026,10:52:11,25.9,51.5
07/30/2026,10:57:11,25.9,51.5
07/30/2026,11:02:11,25.9,51.4
07/30/2026,11:07:11,25.9,51.4
07/30/2026,11:12:11,25.9,51.3
07/30/2026,11:17:11,26.0,51.2
07/30/2026,11:22:11,26.0,51.1
07/30/2026,11:27:11,26.0,51.0
07/30/2026,11:32:11,26.0,50.9
07/30/2026,11:37:11,26.0,50.8
07/30/2026,11:42:11,26.0,50.8
07/30/2026,11:47:11,26.1,50.5
07/30/2026,11:52:11,26.1,50.5
07/30/2026,11:57:11,26.1,50.3
07/30/2026,12:02:11,26.1,50.1
07/30/2026,12:07:11,26.1,50.0
07/30/2026,12:12:11,26.1,49.8
07/30/2026,12:17:11,26.1,50.0
07/30/2026,12:22:11,26.1,49.7
07/30/2026,12:27:11,26.1,49.5
07/30/2026,12:32:11,26.2,49.7
07/30/2026,12:37:11,26.2,49.3
07/30/2026,12:42:11,26.2,49.4
07/30/2026,12:47:11,26.3,49.4
07/30/2026,12:52:11,26.3,49.2
07/30/2026,12:57:11,26.3,49.2
07/30/2026,13:02:11,26.3,49.1
07/30/2026,13:07:11,26.3,48.7
07/30/2026,13:12:11,26.4,48.7
07/30/2026,13:17:11,26.4,48.7
07/30/2026,13:22:11,26.4,48.6
07/30/2026,13:27:11,26.4,48.4
07/30/2026,13:32:11,26.4,48.6
07/30/2026,13:37:11,26.5,48.5
07/30/2026,13:42:11,26.5,48.3
07/30/2026,13:47:11,26.5,48.4
07/30/2026,13:52:11,26.5,48.2
07/30/2026,13:57:11,26.6,48.1
07/30/2026,14:02:11,26.6,48.0
07/30/2026,14:07:11,26.6,48.0
07/30/2026,14:12:11,26.6,48.0
07/30/2026,14:17:11,26.6,47.9
07/30/2026,14:22:11,26.6,48.0
07/30/2026,14:27:11,26.6,47.8
07/30/2026,14:32:11,26.6,47.7
07/30/2026,14:37:11,26.7,47.7
07/30/2026,14:42:11,26.7,47.7
07/30/2026,14:47:11,26.7,47.5
07/30/2026,14:52:11,26.7,47.5
07/30/2026,14:57:11,26.7,47.4
07/30/2026,15:02:11,26.7,47.4
07/30/2026,15:07:11,26.7,47.4
07/30/2026,15:12:11,26.8,47.6
07/30/2026,15:17:11,26.8,47.6
07/30/2026,15:22:11,26.8,47.4
07/30/2026,15:27:11,26.8,47.4
07/30/2026,15:32:11,26.8,47.4
07/30/2026,15:37:11,26.8,47.3
07/30/2026,15:42:11,26.8,47.3
07/30/2026,15:47:11,26.9,47.3
07/30/2026,15:52:11,26.9,47.3
07/30/2026,15:57:11,26.8,47.1
07/30/2026,16:02:11,26.9,47.1
07/30/2026,16:07:11,26.8,47.1
07/30/2026,16:12:11,26.8,47.3
07/30/2026,16:17:11,26.8,47.2
07/30/2026,16:22:11,26.8,47.1
07/30/2026,16:27:11,26.8,47.1
07/30/2026,16:32:11,26.8,47.1
07/30/2026,16:37:11,26.9,47.1
07/30/2026,16:42:11,26.8,47.1
07/30/2026,16:47:11,26.9,47.1
07/30/2026,16:52:11,26.9,47.1
07/30/2026,16:57:11,26.8,47.3
07/30/2026,17:02:11,26.9,47.4
07/30/2026,17:07:11,26.9,47.4
07/30/2026,17:12:11,26.9,47.4
07/30/2026,17:17:11,26.9,47.5
07/30/2026,17:22:11,26.9,47.5
07/30/2026,17:27:11,26.9,47.5
07/30/2026,17:32:11,26.9,47.6
07/30/2026,17:37:11,26.9,47.6
07/30/2026,17:42:11,26.9,47.7
07/30/2026,17:47:11,27.0,47.7
07/30/2026,17:52:11,27.0,47.8
07/30/2026,17:57:11,27.0,47.8
07/30/2026,18:02:11,27.0,47.8
07/30/2026,18:07:11,27.0,47.8
07/30/2026,18:12:11,27.0,47.9
07/30/2026,18:17:11,27.0,47.9
07/30/2026,18:22:11,27.0,48.0
07/30/2026,18:27:11,26.9,48.0
07/30/2026,18:32:11,26.9,48.1
07/30/2026,18:37:11,26.9,48.2
07/30/2026,18:42:11,26.9,48.3
07/30/2026,18:47:11,26.9,48.5
07/30/2026,18:52:11,26.8,48.6
07/30/2026,18:57:11,26.8,48.8
07/30/2026,19:02:11,26.7,48.8
07/30/2026,19:07:11,26.7,48.8
07/30/2026,19:12:11,26.7,48.9
07/30/2026,19:17:11,26.6,49.0
07/30/2026,19:22:11,26.6,49.0
07/30/2026,19:27:11,26.6,49.1
07/30/2026,19:32:11,26.6,49.1
07/30/2026,19:37:11,26.5,49.3
07/30/2026,19:42:11,26.5,49.7
07/30/2026,19:47:11,26.5,50.1
07/30/2026,19:52:11,26.5,50.1
07/30/2026,19:57:11,26.4,50.2
07/30/2026,20:02:11,26.4,50.4
07/30/2026,20:07:11,26.4,50.4
07/30/2026,20:12:11,26.4,50.6
07/30/2026,20:17:11,26.3,50.7
07/30/2026,20:22:11,26.3,50.8
07/30/2026,20:27:11,26.3,51.0
07/30/2026,20:32:11,26.2,51.1
07/30/2026,20:37:11,26.2,51.3
07/30/2026,20:42:11,26.1,51.5
07/30/2026,20:47:11,26.1,51.7
07/30/2026,20:52:11,26.1,52.1
07/30/2026,20:57:11,26.0,52.5
07/30/2026,21:02:11,26.0,52.9
07/30/2026,21:07:11,26.0,53.2
07/30/2026,21:12:11,26.0,53.5
07/30/2026,21:17:11,25.9,53.8
07/30/2026,21:22:11,25.9,54.1
07/30/2026,21:27:11,25.9,54.2
07/30/2026,21:32:11,25.8,54.4
07/30/2026,21:37:11,25.8,54.7
07/30/2026,21:42:11,25.7,54.9
07/30/2026,21:47:11,25.7,55.0
07/30/2026,21:52:11,25.7,55.2
07/30/2026,21:57:11,25.7,55.4
07/30/2026,22:02:11,25.6,55.4
07/30/2026,22:07:11,25.6,55.6
07/30/2026,22:12:11,25.5,55.7
07/30/2026,22:17:11,25.5,55.9
07/30/2026,22:22:11,25.5,56.0
07/30/2026,22:27:11,25.4,56.1
07/30/2026,22:32:11,25.4,56.3
07/30/2026,22:37:11,25.4,56.5
07/30/2026,22:42:11,25.3,56.5
07/30/2026,22:47:11,25.3,56.7
07/30/2026,22:52:11,25.3,56.8
07/30/2026,22:57:11,25.3,56.9
07/30/2026,23:02:11,25.2,56.9
07/30/2026,23:07:11,25.2,57.1
07/30/2026,23:12:11,25.2,57.2
07/30/2026,23:17:11,25.2,57.2
07/30/2026,23:22:11,25.2,57.3
07/30/2026,23:27:11,25.1,57.4
07/30/2026,23:32:11,25.1,57.5
07/30/2026,23:37:11,25.2,57.6
07/30/2026,23:42:11,25.1,57.8
07/30/2026,23:47:11,25.1,57.9
07/30/2026,23:52:11,25.1,58.0
07/30/2026,23:57:11,25.1,58.1
07/31/2026,00:02:11,25.0,58.3
07/31/2026,00:07:11,25.0,58.3
07/31/2026,00:12:11,25.0,58.4
07/31/2026,00:17:11,25.0,58.5
07/31/2026,00:22:11,25.0,58.5
07/31/2026,00:27:11,24.9,58.5
07/31/2026,00:32:11,24.9,58.6
07/31/2026,00:37:11,24.9,58.6
07/31/2026,00:42:11,24.9,58.7
07/31/2026,00:47:11,24.8,58.8
07/31/2026,00:52:11,24.8,58.8
07/31/2026,00:57:11,24.8,58.9
07/31/2026,01:02:11,24.8,58.9
07/31/2026,01:07:11,24.8,59.0
07/31/2026,01:12:11,24.7,59.0
07/31/2026,01:17:11,24.7,59.1
07/31/2026,01:22:11,24.7,59.2
07/31/2026,01:27:11,24.7,59.1
07/31/2026,01:32:11,24.7,59.2
07/31/2026,01:37:11,24.6,59.2
07/31/2026,01:42:11,24.6,59.2
07/31/2026,01:47:11,24.6,59.2
07/31/2026,01:52:11,24.5,59.1
07/31/2026,01:57:11,24.5,59.0
07/31/2026,02:02:11,24.5,58.8
07/31/2026,02:07:11,24.5,58.6
07/31/2026,02:12:11,24.4,58.5
07/31/2026,02:17:11,24.4,58.3
07/31/2026,02:22:11,24.4,58.1
07/31/2026,02:27:11,24.3,58.0
07/31/2026,02:32:11,24.3,57.8
07/31/2026,02:37:11,24.2,57.4
07/31/2026,02:42:11,24.2,56.8
07/31/2026,02:47:11,24.1,56.2
07/31/2026,02:52:11,24.1,55.8
07/31/2026,02:57:11,24.0,55.3
07/31/2026,03:02:11,23.9,54.9
07/31/2026,03:07:11,23.9,54.5
07/31/2026,03:12:11,23.8,54.1
07/31/2026,03:17:11,23.8,53.8
07/31/2026,03:22:11,23.7,53.4
07/31/2026,03:27:11,23.6,53.2
07/31/2026,03:32:11,23.6,52.8
07/31/2026,03:37:11,23.5,52.6
07/31/2026,03:42:11,23.4,52.2
07/31/2026,03:47:11,23.4,52.0
07/31/2026,03:52:11,23.3,51.7
07/31/2026,03:57:11,23.3,51.5
07/31/2026,04:02:11,23.3,51.2
07/31/2026,04:07:11,23.2,51.0
07/31/2026,04:12:11,23.2,50.8
07/31/2026,04:17:11,23.1,50.7
07/31/2026,04:22:11,23.0,50.5
07/31/2026,04:27:11,23.0,50.4
07/31/2026,04:32:11,23.0,50.3
07/31/2026,04:37:11,22.9,50.2
07/31/2026,04:42:11,22.9,50.3
07/31/2026,04:47:11,22.9,50.2
07/31/2026,04:52:11,22.8,50.1
07/31/2026,04:57:11,22.8,50.0
07/31/2026,05:02:11,22.7,50.0
07/31/2026,05:07:11,22.7,50.0
07/31/2026,05:12:11,22.7,49.9
07/31/2026,05:17:11,22.7,49.8
07/31/2026,05:22:11,22.6,49.7
07/31/2026,05:27:11,22.6,49.7
07/31/2026,05:32:11,22.6,49.7
07/31/2026,05:37:11,22.5,49.6
07/31/2026,05:42:11,22.5,49.5
07/31/2026,05:47:11,22.4,49.5
07/31/2026,05:52:11,22.4,49.4
07/31/2026,05:57:11,22.4,49.4
07/31/2026,06:02:11,22.4,49.4
07/31/2026,06:07:11,22.3,49.3
07/31/2026,06:12:11,22.3,49.3
07/31/2026,06:17:11,22.3,49.3
07/31/2026,06:22:11,22.3,49.3
07/31/2026,06:27:11,22.3,49.4
07/31/2026,06:32:11,22.3,49.4
07/31/2026,06:37:11,22.2,49.4
07/31/2026,06:42:11,22.3,49.5
07/31/2026,06:47:11,22.3,49.5
07/31/2026,06:52:11,22.4,49.6
07/31/2026,06:57:11,22.4,49.6
07/31/2026,07:02:11,22.4,49.6
07/31/2026,07:07:11,22.5,49.6
07/31/2026,07:12:11,22.5,49.5
07/31/2026,07:17:11,22.5,49.5
07/31/2026,07:22:11,22.5,49.4
07/31/2026,07:27:11,22.6,49.3
07/31/2026,07:32:11,22.6,49.4
07/31/2026,07:37:11,22.6,49.4
07/31/2026,07:42:11,22.7,49.5
07/31/2026,07:47:11,22.7,49.5
07/31/2026,07:52:11,22.8,49.4
07/31/2026,07:57:11,22.8,49.4
07/31/2026,08:02:11,22.8,49.4
07/31/2026,08:07:11,22.9,49.4
07/31/2026,08:12:11,22.9,49.4
07/31/2026,08:17:11,23.0,49.4
07/31/2026,08:22:11,23.0,49.4
07/31/2026,08:27:11,23.0,49.3
07/31/2026,08:32:11,23.0,49.4
07/31/2026,08:37:11,23.0,49.3
07/31/2026,08:42:11,23.1,49.4
07/31/2026,08:47:11,23.1,49.3
07/31/2026,08:52:11,23.1,49.3
07/31/2026,08:57:11,23.2,49.3
07/31/2026,09:02:11,23.2,49.3
07/31/2026,09:07:11,23.2,49.3
07/31/2026,09:12:11,23.2,49.3
07/31/2026,09:17:11,23.3,49.3
07/31/2026,09:22:11,23.3,49.3
07/31/2026,09:27:11,23.3,49.3
07/31/2026,09:32:11,23.3,49.3
07/31/2026,09:37:11,23.3,49.3
07/31/2026,09:42:11,23.3,49.3
07/31/2026,09:47:11,23.3,49.3
07/31/2026,09:52:11,23.4,49.3
07/31/2026,09:57:11,23.4,49.3
07/31/2026,10:02:11,23.4,49.4
07/31/2026,10:07:11,23.4,49.3
07/31/2026,10:12:11,23.4,49.4
07/31/2026,10:17:11,23.4,49.4
07/31/2026,10:22:11,23.4,49.4
07/31/2026,10:27:11,23.4,49.4
07/31/2026,10:32:11,23.5,49.4
07/31/2026,10:37:11,23.5,49.4
07/31/2026,10:42:11,23.5,49.4
07/31/2026,10:47:11,23.5,49.5
07/31/2026,10:52:11,23.5,49.5
07/31/2026,10:57:11,23.5,49.5
07/31/2026,11:02:11,23.5,49.4
07/31/2026,11:07:11,23.5,49.5
07/31/2026,11:12:11,23.5,49.6
07/31/2026,11:17:11,23.6,49.5
07/31/2026,11:22:11,23.5,49.5
07/31/2026,11:27:11,23.6,49.5
07/31/2026,11:32:11,23.6,49.5
07/31/2026,11:37:11,23.6,49.5
07/31/2026,11:42:11,23.6,49.4
07/31/2026,11:47:11,23.6,49.4
07/31/2026,11:52:11,23.7,49.4
07/31/2026,11:57:11,23.7,49.5
07/31/2026,12:02:11,23.7,49.4
07/31/2026,12:07:11,23.7,49.5
07/31/2026,12:12:11,23.7,49.4
07/31/2026,12:17:11,23.7,49.3
07/31/2026,12:22:11,23.7,49.3
07/31/2026,12:27:11,23.8,49.2
07/31/2026,12:32:11,23.8,49.2
07/31/2026,12:37:11,23.8,49.0
07/31/2026,12:42:11,23.9,48.8
07/31/2026,12:47:11,23.9,48.8
07/31/2026,12:52:11,24.0,48.7
07/31/2026,12:57:11,24.0,48.6
07/31/2026,13:02:11,24.1,48.5
07/31/2026,13:07:11,24.1,48.4
07/31/2026,13:12:11,24.1,48.2
07/31/2026,13:17:11,24.2,47.5
07/31/2026,13:22:11,24.2,47.5
07/31/2026,13:27:11,24.3,47.3
07/31/2026,13:32:11,24.3,47.4
07/31/2026,13:37:11,24.3,47.5
07/31/2026,13:42:11,24.3,47.3
07/31/2026,13:47:11,24.3,47.4
07/31/2026,13:52:11,24.4,47.3
07/31/2026,13:57:11,24.4,47.3
07/31/2026,14:02:11,24.4,47.2
07/31/2026,14:07:11,24.5,47.1
07/31/2026,14:12:11,24.5,47.1
07/31/2026,14:17:11,24.5,47.0
07/31/2026,14:22:11,24.5,46.9
07/31/2026,14:27:11,24.6,46.8
07/31/2026,14:32:11,24.6,46.7
07/31/2026,14:37:11,24.6,46.7
07/31/2026,14:42:11,24.7,46.7
07/31/2026,14:47:11,24.7,46.5
07/31/2026,14:52:11,24.7,46.3
07/31/2026,14:57:11,24.8,46.2
07/31/2026,15:02:11,24.8,46.2
07/31/2026,15:07:11,24.8,46.1
07/31/2026,15:12:11,24.9,45.9
07/31/2026,15:17:11,24.9,45.7
07/31/2026,15:22:11,24.9,45.7
07/31/2026,15:27:11,25.0,45.7
07/31/2026,15:32:11,25.0,45.8
07/31/2026,15:37:11,25.1,45.7
07/31/2026,15:42:11,25.1,45.6
07/31/2026,15:47:11,25.1,45.6
07/31/2026,15:52:11,25.2,45.4
07/31/2026,15:57:11,25.2,45.4
07/31/2026,16:02:11,25.2,45.5
07/31/2026,16:07:11,25.2,45.3
07/31/2026,16:12:11,25.3,45.2
07/31/2026,16:17:11,25.3,45.3
07/31/2026,16:22:11,25.3,45.5
07/31/2026,16:27:11,25.3,45.0
07/31/2026,16:32:11,25.4,44.9
07/31/2026,16:37:11,25.4,44.9
07/31/2026,16:42:11,25.4,45.1
07/31/2026,16:47:11,25.4,44.9
07/31/2026,16:52:11,25.4,44.5
07/31/2026,16:57:11,25.5,44.3
07/31/2026,17:02:11,25.5,44.3
07/31/2026,17:07:11,25.5,44.4
07/31/2026,17:12:11,25.5,44.2
07/31/2026,17:17:11,25.5,44.0
07/31/2026,17:22:11,25.6,43.7
07/31/2026,17:27:11,25.6,43.9
07/31/2026,17:32:11,25.6,43.9
07/31/2026,17:37:11,25.6,43.8
07/31/2026,17:42:11,25.7,43.8
07/31/2026,17:47:11,25.7,43.4
07/31/2026,17:52:11,25.7,42.7
07/31/2026,17:57:11,25.7,42.5
07/31/2026,18:02:11,25.7,42.4
07/31/2026,18:07:11,25.7,42.2
07/31/2026,18:12:11,25.7,41.8
07/31/2026,18:17:11,25.7,41.6
07/31/2026,18:22:11,25.7,42.2
07/31/2026,18:27:11,25.7,42.1
07/31/2026,18:32:11,25.8,42.2
07/31/2026,18:37:11,25.9,42.3
07/31/2026,18:42:11,26.0,42.5
07/31/2026,18:47:11,26.0,42.4
07/31/2026,18:52:11,25.9,42.5
07/31/2026,18:57:11,25.9,42.4
07/31/2026,19:02:11,25.9,41.8
07/31/2026,19:07:11,25.8,41.6
07/31/2026,19:12:11,25.8,41.7
07/31/2026,19:17:11,25.8,41.7
07/31/2026,19:22:11,25.8,41.8
07/31/2026,19:27:11,25.8,41.9
07/31/2026,19:32:11,25.8,42.1
07/31/2026,19:37:11,25.8,42.5
07/31/2026,19:42:11,25.8,42.3
07/31/2026,19:47:11,25.8,42.8
07/31/2026,19:52:11,25.8,42.5
07/31/2026,19:57:11,25.8,42.4
07/31/2026,20:02:11,25.8,42.0
07/31/2026,20:07:11,25.8,42.3
07/31/2026,20:12:11,25.8,42.3
07/31/2026,20:17:11,25.8,42.3
07/31/2026,20:22:11,25.8,41.9
07/31/2026,20:27:11,25.7,42.0
07/31/2026,20:32:11,25.7,41.8
07/31/2026,20:37:11,25.7,41.5
07/31/2026,20:42:11,25.6,41.2
07/31/2026,20:47:11,25.6,41.0
07/31/2026,20:52:11,25.6,40.9
07/31/2026,20:57:11,25.5,40.8
07/31/2026,21:02:11,25.5,40.7
07/31/2026,21:07:11,25.5,40.6
07/31/2026,21:12:11,25.4,40.4
07/31/2026,21:17:11,25.4,40.3
07/31/2026,21:22:11,25.3,40.3
07/31/2026,21:27:11,25.3,40.2
07/31/2026,21:32:11,25.3,40.2
07/31/2026,21:37:11,25.2,40.1
07/31/2026,21:42:11,25.2,40.1
07/31/2026,21:47:11,25.2,40.0
07/31/2026,21:52:11,25.1,40.0
07/31/2026,21:57:11,25.2,39.9
07/31/2026,22:02:11,25.1,39.9
07/31/2026,22:07:11,25.1,39.9
07/31/2026,22:12:11,25.0,39.9
07/31/2026,22:17:11,25.0,40.2
07/31/2026,22:22:11,25.0,40.4
07/31/2026,22:27:11,25.0,40.7
07/31/2026,22:32:11,25.0,41.1
07/31/2026,22:37:11,24.9,41.2
07/31/2026,22:42:11,24.9,41.2
07/31/2026,22:47:11,24.9,41.2
07/31/2026,22:52:11,24.9,41.2
07/31/2026,22:57:11,24.9,40.9
07/31/2026,23:02:11,24.8,40.8
07/31/2026,23:07:11,24.8,40.7
07/31/2026,23:12:11,24.8,40.6
07/31/2026,23:17:11,24.8,40.4
07/31/2026,23:22:11,24.7,40.4
07/31/2026,23:27:11,24.7,40.3
07/31/2026,23:32:11,24.7,40.3
07/31/2026,23:37:11,24.7,40.2
07/31/2026,23:42:11,24.6,40.1
07/31/2026,23:47:11,24.6,40.1
07/31/2026,23:52:11,24.6,40.1
07/31/2026,23:57:11,24.5,40.0