Date,Time,Temperature(C),Humidity(%RH)
05/01/2026,00:04:55,18.4,35.1
05/01/2026,00:09:55,18.4,35.1
05/01/2026,00:14:55,18.4,35.2
05/01/2026,00:19:55,18.3,35.3
05/01/2026,00:24:55,18.3,35.3
05/01/2026,00:29:55,18.3,35.4
05/01/2026,00:34:55,18.3,35.4
05/01/2026,00:39:55,18.3,35.5
05/01/2026,00:44:55,18.3,35.6
05/01/2026,00:49:55,18.3,35.6
05/01/2026,00:54:55,18.2,35.7
05/01/2026,00:59:55,18.2,35.8
05/01/2026,01:04:55,18.2,35.8
05/01/2026,01:09:55,18.2,35.8
05/01/2026,01:14:55,18.2,35.9
05/01/2026,01:19:55,18.1,35.9
05/01/2026,01:24:55,18.1,36.1
05/01/2026,01:29:55,18.1,36.1
05/01/2026,01:34:55,18.1,36.1
05/01/2026,01:39:55,18.1,36.2
05/01/2026,01:44:55,18.1,36.3
05/01/2026,01:49:55,18,36.3
05/01/2026,01:54:55,18,36.3
05/01/2026,01:59:55,18,36.4
05/01/2026,02:04:55,18,36.5
05/01/2026,02:09:55,18,36.6
05/01/2026,02:14:55,17.9,36.6
05/01/2026,02:19:55,17.9,36.7
05/01/2026,02:24:55,17.9,36.9
05/01/2026,02:29:55,17.9,36.9
05/01/2026,02:34:55,17.9,36.9
05/01/2026,02:39:55,17.9,37
05/01/2026,02:44:55,17.9,37.1
05/01/2026,02:49:55,17.8,37.1
05/01/2026,02:54:55,17.8,37.2
05/01/2026,02:59:55,17.8,37.2
05/01/2026,03:04:55,17.8,37.3
05/01/2026,03:09:55,17.8,37.4
05/01/2026,03:14:55,17.8,37.4
05/01/2026,03:19:55,17.8,37.5
05/01/2026,03:24:55,17.8,37.5
05/01/2026,03:29:55,17.8,37.7
05/01/2026,03:34:55,17.8,37.7
05/01/2026,03:39:55,17.8,37.8
05/01/2026,03:44:55,17.8,37.8
05/01/2026,03:49:55,17.8,37.9
05/01/2026,03:54:55,17.7,38
05/01/2026,03:59:55,17.7,38
05/01/2026,04:04:55,17.7,38
05/01/2026,04:09:55,17.7,38.1
05/01/2026,04:14:55,17.7,38.1
05/01/2026,04:19:55,17.7,38.2
05/01/2026,04:24:55,17.7,38.3
05/01/2026,04:29:55,17.6,38.3
05/01/2026,04:34:55,17.6,38.3
05/01/2026,04:39:55,17.6,38.4
05/01/2026,04:44:55,17.6,38.5
05/01/2026,04:49:55,17.6,38.5
05/01/2026,04:54:55,17.6,38.6
05/01/2026,04:59:55,17.6,38.7
05/01/2026,05:04:55,17.5,38.7
05/01/2026,05:09:55,17.5,38.8
05/01/2026,05:14:55,17.5,38.9
05/01/2026,05:19:55,17.5,38.9
05/01/2026,05:24:55,17.4,38.9
05/01/2026,05:29:55,17.4,38.9
05/01/2026,05:34:55,17.4,39
05/01/2026,05:39:55,17.4,38.9
05/01/2026,05:44:55,17.4,39
05/01/2026,05:49:55,17.4,38.9
05/01/2026,05:54:55,17.3,38.9
05/01/2026,05:59:55,17.3,38.8
05/01/2026,06:04:55,17.3,38.8
05/01/2026,06:09:55,17.3,38.8
05/01/2026,06:14:55,17.3,38.9
05/01/2026,06:19:55,17.2,38.9
05/01/2026,06:24:55,17.2,38.9
05/01/2026,06:29:55,17.2,39
05/01/2026,06:34:55,17.2,39
05/01/2026,06:39:55,17.2,38.9
05/01/2026,06:44:55,17.2,39
05/01/2026,06:49:55,17.2,39
05/01/2026,06:54:55,17.2,39
05/01/2026,06:59:55,17.2,39
05/01/2026,07:04:55,17.2,39.1
05/01/2026,07:09:55,17.2,39.1
05/01/2026,07:14:55,17.2,39.2
05/01/2026,07:19:55,17.2,39.3
05/01/2026,07:24:55,17.2,39.3
05/01/2026,07:29:55,17.2,39.3
05/01/2026,07:34:55,17.2,39.4
05/01/2026,07:39:55,17.2,39.5
05/01/2026,07:44:55,17.2,39.5
05/01/2026,07:49:55,17.2,39.6
05/01/2026,07:54:55,17.2,39.8
05/01/2026,07:59:55,17.2,39.8
05/01/2026,08:04:55,17.2,40
05/01/2026,08:09:55,17.2,40
05/01/2026,08:14:55,17.2,40.2
05/01/2026,08:19:55,17.3,40.4
05/01/2026,08:24:55,17.3,40.5
05/01/2026,08:29:55,17.3,40.6
05/01/2026,08:34:55,17.3,40.7
05/01/2026,08:39:55,17.4,40.8
05/01/2026,08:44:55,17.4,41
05/01/2026,08:49:55,17.4,41
05/01/2026,08:54:55,17.4,41
05/01/2026,08:59:55,17.4,41
05/01/2026,09:04:55,17.4,41.1
05/01/2026,09:09:55,17.5,41.2
05/01/2026,09:14:55,17.5,41.1
05/01/2026,09:19:55,17.5,41.2
05/01/2026,09:24:55,17.6,41.2
05/01/2026,09:29:55,17.6,41.2
05/01/2026,09:34:55,17.6,41.2
05/01/2026,09:39:55,17.6,41.2
05/01/2026,09:44:55,17.7,41.2
05/01/2026,09:49:55,17.7,41.2
05/01/2026,09:54:55,17.8,41.2
05/01/2026,09:59:55,17.8,41.1
05/01/2026,10:04:55,17.8,41.1
05/01/2026,10:09:55,17.8,41.1
05/01/2026,10:14:55,17.9,41.2
05/01/2026,10:19:55,17.9,41.1
05/01/2026,10:24:55,18,41.1
05/01/2026,10:29:55,18,41.1
05/01/2026,10:34:55,18,41.1
05/01/2026,10:39:55,18,41
05/01/2026,10:44:55,18.1,41
05/01/2026,10:49:55,18.1,41.1
05/01/2026,10:54:55,18.1,41.1
05/01/2026,10:59:55,18.2,41.1
05/01/2026,11:04:55,18.2,41.1
05/01/2026,11:09:55,18.2,41.1
05/01/2026,11:14:55,18.3,41.1
05/01/2026,11:19:55,18.3,41.1
05/01/2026,11:24:55,18.3,41.1
05/01/2026,11:29:55,18.4,41.1
05/01/2026,11:34:55,18.4,41.1
05/01/2026,11:39:55,18.5,41.1
05/01/2026,11:44:55,18.5,41
05/01/2026,11:49:55,18.5,40.7
05/01/2026,11:54:55,18.6,40.7
05/01/2026,11:59:55,18.6,40.6
05/01/2026,12:04:55,18.6,40.5
05/01/2026,12:09:55,18.7,40.3
05/01/2026,12:14:55,18.7,40.3
05/01/2026,12:19:55,18.7,40.1
05/01/2026,12:24:55,18.8,39.9
05/01/2026,12:29:55,18.9,39.9
05/01/2026,12:34:55,18.9,39.8
05/01/2026,12:39:55,18.9,39.9
05/01/2026,12:44:55,19,39.9
05/01/2026,12:49:55,19,39.9
05/01/2026,12:54:55,19.1,40
05/01/2026,12:59:55,19.1,39.9
05/01/2026,13:04:55,19.2,40
05/01/2026,13:09:55,19.2,39.9
05/01/2026,13:14:55,19.2,40
05/01/2026,13:19:55,19.3,40.2
05/01/2026,13:24:55,19.3,40.2
05/01/2026,13:29:55,19.4,40.1
05/01/2026,13:34:55,19.4,40
05/01/2026,13:39:55,19.5,40
05/01/2026,13:44:55,19.5,39.9
05/01/2026,13:49:55,19.6,40
05/01/2026,13:54:55,19.6,39.9
05/01/2026,13:59:55,19.6,39.8
05/01/2026,14:04:55,19.7,39.8
05/01/2026,14:09:55,19.7,39.8
05/01/2026,14:14:55,19.8,39.8
05/01/2026,14:19:55,19.8,39.9
05/01/2026,14:24:55,19.9,39.9
05/01/2026,14:29:55,19.9,40
05/01/2026,14:34:55,19.9,40.1
05/01/2026,14:39:55,20,40.1
05/01/2026,14:44:55,20,40.1
05/01/2026,14:49:55,20.4,42.9
05/01/2026,14:54:55,20.9,40.3
05/01/2026,14:58:31,23,42.1
05/01/2026,15:03:31,22.9,38.8
05/01/2026,15:08:31,22.2,38.7
05/01/2026,15:13:31,21.7,39
05/01/2026,15:18:31,21.4,39.4
05/01/2026,15:23:31,21.2,39.5
05/01/2026,15:28:31,21.1,39.7
05/01/2026,15:33:31,21.1,39.8
05/01/2026,15:38:31,21,40
05/01/2026,15:43:31,21,40
05/01/2026,15:48:31,21,40.2
05/01/2026,15:53:31,21,40.3
05/01/2026,15:58:31,21,40.4
05/01/2026,16:03:31,21,40.4
05/01/2026,16:08:31,21,40.6
05/01/2026,16:13:31,21,40.7
05/01/2026,16:18:31,21,40.7
05/01/2026,16:23:31,21,40.8
05/01/2026,16:28:31,21,40.8
05/01/2026,16:33:31,21,40.9
05/01/2026,16:38:31,21,41
05/01/2026,16:43:31,21,41.2
05/01/2026,16:48:31,21,41.3
05/01/2026,16:53:31,21.1,41.3
05/01/2026,16:58:31,21.1,41.4
05/01/2026,17:03:31,21.1,41.5
05/01/2026,17:08:31,21.1,41.6
05/01/2026,17:13:31,21.1,41.7
05/01/2026,17:18:31,21.1,41.8
05/01/2026,17:23:31,21.1,41.8
05/01/2026,17:28:31,21.2,41.9
05/01/2026,17:33:31,21.2,41.9
05/01/2026,17:38:31,21.2,42
05/01/2026,17:43:31,21.2,42
05/01/2026,17:48:31,21.2,42
05/01/2026,17:53:31,21.2,42
05/01/2026,17:58:31,21.3,42.1
05/01/2026,18:03:31,21.3,42.1
05/01/2026,18:08:31,21.3,42.1
05/01/2026,18:13:31,21.3,42.1
05/01/2026,18:18:31,21.3,42.2
05/01/2026,18:23:31,21.3,42.2
05/01/2026,18:28:31,21.3,42.4
05/01/2026,18:33:31,21.3,42.3
05/01/2026,18:38:31,21.3,42.4
05/01/2026,18:43:31,21.3,42.6
05/01/2026,18:48:31,21.3,42.7
05/01/2026,18:53:31,21.3,42.8
05/01/2026,18:58:31,21.4,42.8
05/01/2026,19:03:31,21.4,42.9
05/01/2026,19:08:31,21.4,43.1
05/01/2026,19:13:31,21.4,43.4
05/01/2026,19:18:31,21.4,43.6
05/01/2026,19:23:31,21.5,43.9
05/01/2026,19:28:31,21.5,44
05/01/2026,19:33:31,21.5,44.3
05/01/2026,19:38:31,21.5,44.6
05/01/2026,19:43:31,21.5,44.8
05/01/2026,19:48:31,21.6,44.9
05/01/2026,19:53:31,21.6,45.3
05/01/2026,19:58:31,21.6,45.4
05/01/2026,20:03:31,21.6,45.6
05/01/2026,20:08:31,21.6,45.6
05/01/2026,20:13:31,21.7,45.8
05/01/2026,20:18:31,21.7,45.7
05/01/2026,20:23:31,21.7,45.8
05/01/2026,20:28:31,21.7,45.8
05/01/2026,20:33:31,21.7,45.9
05/01/2026,20:38:31,21.8,45.9
05/01/2026,20:43:31,21.8,46.1
05/01/2026,20:48:31,21.8,46
05/01/2026,20:53:31,21.8,46.1
05/01/2026,20:58:31,21.8,46
05/01/2026,21:03:31,21.8,46
05/01/2026,21:08:31,21.8,45.9
05/01/2026,21:13:31,21.8,45.8
05/01/2026,21:18:31,21.8,45.6
05/01/2026,21:23:31,21.8,45.6
05/01/2026,21:28:31,21.8,45.3
05/01/2026,21:33:31,21.8,45.3
05/01/2026,21:38:31,21.8,44.8
05/01/2026,21:43:31,21.8,44.8
05/01/2026,21:48:31,21.8,44.8
05/01/2026,21:53:31,21.8,44.7
05/01/2026,21:58:31,21.8,45.3
05/01/2026,22:03:31,21.8,45.5
05/01/2026,22:08:31,21.8,46.1
05/01/2026,22:13:31,21.8,46.1
05/01/2026,22:18:31,21.9,45.9
05/01/2026,22:23:31,21.8,46.1
05/01/2026,22:28:31,21.9,46.3
05/01/2026,22:33:31,21.9,46.4
05/01/2026,22:38:31,21.9,46.5
05/01/2026,22:43:31,21.9,46.6
05/01/2026,22:48:31,21.9,46.7
05/01/2026,22:53:31,21.9,46.8
05/01/2026,22:58:31,21.9,47.1
05/01/2026,23:03:31,21.9,47.1
05/01/2026,23:08:31,21.9,47.4
05/01/2026,23:13:31,21.9,47.4
05/01/2026,23:18:31,21.9,47.5
05/01/2026,23:23:31,21.9,47.5
05/01/2026,23:28:31,21.9,47.6
05/01/2026,23:33:31,21.9,47.6
05/01/2026,23:38:31,21.8,47.7
05/01/2026,23:43:31,21.9,47.7
05/01/2026,23:48:31,21.9,47.6
05/01/2026,23:53:31,21.9,47.6
05/01/2026,23:58:31,21.9,47.7
05/02/2026,00:03:31,21.9,47.7
05/02/2026,00:08:31,21.9,47.7
05/02/2026,00:13:31,21.9,47.9
05/02/2026,00:18:31,21.8,47.8
05/02/2026,00:23:31,21.8,47.9
05/02/2026,00:28:31,21.8,47.9
05/02/2026,00:33:31,21.8,48
05/02/2026,00:38:31,21.8,48.1
05/02/2026,00:43:31,21.8,48.1
05/02/2026,00:48:31,21.8,48.2
05/02/2026,00:53:31,21.8,48.2
05/02/2026,00:58:31,21.8,48.3
05/02/2026,01:03:31,21.7,48.3
05/02/2026,01:08:31,21.7,48.4
05/02/2026,01:13:31,21.7,48.4
05/02/2026,01:18:31,21.7,48.4
05/02/2026,01:23:31,21.7,48.5
05/02/2026,01:28:31,21.7,48.6
05/02/2026,01:33:31,21.7,48.6
05/02/2026,01:38:31,21.7,48.6
05/02/2026,01:43:31,21.7,48.6
05/02/2026,01:48:31,21.7,48.6
05/02/2026,01:53:31,21.7,48.7
05/02/2026,01:58:31,21.7,48.8
05/02/2026,02:03:31,21.7,48.8
05/02/2026,02:08:31,21.6,48.8
05/02/2026,02:13:31,21.6,48.8
05/02/2026,02:18:31,21.6,48.9
05/02/2026,02:23:31,21.6,49
05/02/2026,02:28:31,21.6,49
05/02/2026,02:33:31,21.6,49
05/02/2026,02:38:31,21.6,49.1
05/02/2026,02:43:31,21.6,49.1
05/02/2026,02:48:31,21.5,49.1
05/02/2026,02:53:31,21.5,49.1
05/02/2026,02:58:31,21.5,49.1
05/02/2026,03:03:31,21.5,49.2
05/02/2026,03:08:31,21.5,49.2
05/02/2026,03:13:31,21.5,49.3
05/02/2026,03:18:31,21.5,49.2
05/02/2026,03:23:31,21.5,49.3
05/02/2026,03:28:31,21.5,49.3
05/02/2026,03:33:31,21.4,49.4
05/02/2026,03:38:31,21.4,49.4
05/02/2026,03:43:31,21.4,49.4
05/02/2026,03:48:31,21.4,49.5
05/02/2026,03:53:31,21.4,49.5
05/02/2026,03:58:31,21.4,49.6
05/02/2026,04:03:31,21.3,49.5
05/02/2026,04:08:31,21.3,49.6
05/02/2026,04:13:31,21.3,49.6
05/02/2026,04:18:31,21.3,49.6
05/02/2026,04:23:31,21.3,49.6
05/02/2026,04:28:31,21.3,49.7
05/02/2026,04:33:31,21.3,49.7
05/02/2026,04:38:31,21.3,49.7
05/02/2026,04:43:31,21.2,49.7
05/02/2026,04:48:31,21.2,49.7
05/02/2026,04:53:31,21.2,49.8
05/02/2026,04:58:31,21.2,49.7
05/02/2026,05:03:31,21.2,49.8
05/02/2026,05:08:31,21.1,49.8
05/02/2026,05:13:31,21.1,49.8
05/02/2026,05:18:31,21.1,49.8
05/02/2026,05:23:31,21.1,49.8
05/02/2026,05:28:31,21.1,49.8
05/02/2026,05:33:31,21,49.9
05/02/2026,05:38:31,21,49.8
05/02/2026,05:43:31,21,49.9
05/02/2026,05:48:31,21,50
05/02/2026,05:53:31,21,49.9
05/02/2026,05:58:31,21,50
05/02/2026,06:03:31,20.9,50
05/02/2026,06:08:31,20.9,49.9
05/02/2026,06:13:31,20.9,50
05/02/2026,06:18:31,20.9,50
05/02/2026,06:23:31,20.9,50
05/02/2026,06:28:31,20.8,49.9
05/02/2026,06:33:31,20.8,50
05/02/2026,06:38:31,20.8,50
05/02/2026,06:43:31,20.8,50.1
05/02/2026,06:48:31,20.8,50.1
05/02/2026,06:53:31,20.7,50.1
05/02/2026,06:58:31,20.7,50.1
05/02/2026,07:03:31,20.7,50.1
05/02/2026,07:08:31,20.6,50.2
05/02/2026,07:13:31,20.7,50.2
05/02/2026,07:18:31,20.6,50.2
05/02/2026,07:23:31,20.6,50.2
05/02/2026,07:28:31,20.6,50.2
05/02/2026,07:33:31,20.6,50.3
05/02/2026,07:38:31,20.6,50.2
05/02/2026,07:43:31,20.6,50.2
05/02/2026,07:48:31,20.6,50.2
05/02/2026,07:53:31,20.6,50.2
05/02/2026,07:58:31,20.6,50.2
05/02/2026,08:03:31,20.6,50.2
05/02/2026,08:08:31,20.6,50.2
05/02/2026,08:13:31,20.6,50.2
05/02/2026,08:18:31,20.6,50.3
05/02/2026,08:23:31,20.6,50.3
05/02/2026,08:28:31,20.6,50.3
05/02/2026,08:33:31,20.6,50.3
05/02/2026,08:38:31,20.6,50.3
05/02/2026,08:43:31,20.6,50.3
05/02/2026,08:48:31,20.6,50.3
05/02/2026,08:53:31,20.6,50.4
05/02/2026,08:58:31,20.6,50.4
05/02/2026,09:03:31,20.6,50.4
05/02/2026,09:08:31,20.7,50.5
05/02/2026,09:13:31,20.7,50.5
05/02/2026,09:18:31,20.7,50.6
05/02/2026,09:23:31,20.8,50.6
05/02/2026,09:28:31,20.8,50.6
05/02/2026,09:33:31,20.8,50.6
05/02/2026,09:38:31,20.8,50.7
05/02/2026,09:43:31,20.8,50.6
05/02/2026,09:48:31,20.9,50.7
05/02/2026,09:53:31,20.9,50.6
05/02/2026,09:58:31,20.9,50.6
05/02/2026,10:03:31,21,50.6
05/02/2026,10:08:31,21,50.6
05/02/2026,10:13:31,21,50.5
05/02/2026,10:18:31,21,50.6
05/02/2026,10:23:31,21.1,50.7
05/02/2026,10:28:31,21.1,50.7
05/02/2026,10:33:31,21.1,50.6
05/02/2026,10:38:31,21.1,50.6
05/02/2026,10:43:31,21.1,50.4
05/02/2026,10:48:31,21.2,50.5
05/02/2026,10:53:31,21.2,50.5
05/02/2026,10:58:31,21.2,50.3
05/02/2026,11:03:31,21.2,50.3
05/02/2026,11:08:31,21.2,50.3
05/02/2026,11:13:31,21.3,50.2
05/02/2026,11:18:31,21.3,50.1
05/02/2026,11:23:31,21.3,50.1
05/02/2026,11:28:31,21.3,49.8
05/02/2026,11:33:31,21.3,50
05/02/2026,11:38:31,21.3,50
05/02/2026,11:43:31,21.3,49.9
05/02/2026,11:48:31,21.3,49.9
05/02/2026,11:53:31,21.3,49.6
05/02/2026,11:58:31,21.4,49.8
05/02/2026,12:03:31,21.4,49.8
05/02/2026,12:08:31,21.4,49.7
05/02/2026,12:13:31,21.4,49.6
05/02/2026,12:18:31,21.4,49.4
05/02/2026,12:23:31,21.4,49.5
05/02/2026,12:28:31,21.4,49.4
05/02/2026,12:33:31,21.4,49.1
05/02/2026,12:38:31,21.4,49.2
05/02/2026,12:43:31,21.4,49
05/02/2026,12:48:31,21.5,48.8
05/02/2026,12:53:31,21.4,48.9
05/02/2026,12:58:31,21.5,48.9
05/02/2026,13:03:31,21.5,48.8
05/02/2026,13:08:31,21.5,48.7
05/02/2026,13:13:31,21.5,48.6
05/02/2026,13:18:31,21.5,48.5
05/02/2026,13:23:31,21.5,48.5
05/02/2026,13:28:31,21.5,48.5
05/02/2026,13:33:31,21.6,48.5
05/02/2026,13:38:31,21.6,48.4
05/02/2026,13:43:31,21.6,48.5
05/02/2026,13:48:31,21.6,48.4
05/02/2026,13:53:31,21.6,48.3
05/02/2026,13:58:31,21.6,48.1
05/02/2026,14:03:31,21.6,47.9
05/02/2026,14:08:31,21.6,47.9
05/02/2026,14:13:31,21.6,47.8
05/02/2026,14:18:31,21.7,47.7
05/02/2026,14:23:31,21.7,47.8
05/02/2026,14:28:31,21.7,47.8
05/02/2026,14:33:31,21.7,47.8
05/02/2026,14:38:31,21.7,47.8
05/02/2026,14:43:31,21.8,47.7
05/02/2026,14:48:31,21.8,47.6
05/02/2026,14:53:31,21.8,47.5
05/02/2026,14:58:31,21.8,47.5
05/02/2026,15:03:31,21.8,47.4
05/02/2026,15:08:31,21.9,47.5
05/02/2026,15:13:31,21.9,47.6
05/02/2026,15:18:31,21.9,47.6
05/02/2026,15:23:31,21.9,47.6
05/02/2026,15:28:31,21.9,47.6
05/02/2026,15:33:31,22,47.6
05/02/2026,15:38:31,22,47.5
05/02/2026,15:43:31,22,47.4
05/02/2026,15:48:31,22,47.5
05/02/2026,15:53:31,22,47.4
05/02/2026,15:58:31,22.1,47.5
05/02/2026,16:03:31,22.1,47.5
05/02/2026,16:08:31,22.1,47.1
05/02/2026,16:13:31,22.1,47.2
05/02/2026,16:18:31,22.1,47.1
05/02/2026,16:23:31,22.1,47.1
05/02/2026,16:28:31,22.2,47.2
05/02/2026,16:33:31,22.2,47.1
05/02/2026,16:38:31,22.2,47.1
05/02/2026,16:43:31,22.2,47.2
05/02/2026,16:48:31,22.2,47.1
05/02/2026,16:53:31,22.2,47
05/02/2026,16:58:31,22.3,46.9
05/02/2026,17:03:31,22.3,46.9
05/02/2026,17:08:31,22.3,46.9
05/02/2026,17:13:31,22.3,46.8
05/02/2026,17:18:31,22.3,46.7
05/02/2026,17:23:31,22.3,46.7
05/02/2026,17:28:31,22.3,46.4
05/02/2026,17:33:31,22.4,46.3
05/02/2026,17:38:31,22.4,46.2
05/02/2026,17:43:31,22.4,46.2
05/02/2026,17:48:31,22.4,46.2
05/02/2026,17:53:31,22.4,46.2
05/02/2026,17:58:31,22.4,46.2
05/02/2026,18:03:31,22.5,46.4
05/02/2026,18:08:31,22.5,46.3
05/02/2026,18:13:31,22.6,46.4
05/02/2026,18:18:31,22.6,46.6
05/02/2026,18:23:31,22.7,46.9
05/02/2026,18:28:31,22.7,47.2
05/02/2026,18:33:31,22.8,47.4
05/02/2026,18:38:31,22.9,48
05/02/2026,18:43:31,23,47.7
05/02/2026,18:48:31,23,47.6
05/02/2026,18:53:31,23.1,47.5
05/02/2026,18:58:31,23.1,47.7
05/02/2026,19:03:31,23.1,47.4
05/02/2026,19:08:31,23.1,47.3
05/02/2026,19:13:31,23.1,47.3
05/02/2026,19:18:31,23.1,47.3
05/02/2026,19:23:31,23.1,47.5
05/02/2026,19:28:31,23.1,47.7
05/02/2026,19:33:31,23.1,47.8
05/02/2026,19:38:31,23.2,48
05/02/2026,19:43:31,23.2,48.3
05/02/2026,19:48:31,23.2,48.6
05/02/2026,19:53:31,23.2,49
05/02/2026,19:58:31,23.3,49.2
05/02/2026,20:03:31,23.3,49.5
05/02/2026,20:08:31,23.3,50
05/02/2026,20:13:31,23.3,50.2
05/02/2026,20:18:31,23.4,50.3
05/02/2026,20:23:31,23.3,50.2
05/02/2026,20:28:31,23.4,50.2
05/02/2026,20:33:31,23.4,50.7
05/02/2026,20:38:31,23.4,50.9
05/02/2026,20:43:31,23.4,51.1
05/02/2026,20:48:31,23.4,51.5
05/02/2026,20:53:31,23.4,51.5
05/02/2026,20:58:31,23.4,51.6
05/02/2026,21:03:31,23.4,51.6
05/02/2026,21:08:31,23.4,51.7
05/02/2026,21:13:31,23.4,51.7
05/02/2026,21:18:31,23.4,51.7
05/02/2026,21:23:31,23.4,51.7
05/02/2026,21:28:31,23.4,51.8
05/02/2026,21:33:31,23.3,51.8
05/02/2026,21:38:31,23.3,51.8
05/02/2026,21:43:31,23.3,51.8
05/02/2026,21:48:31,23.3,51.8
05/02/2026,21:53:31,23.2,51.7
05/02/2026,21:58:31,23.2,51.7
05/02/2026,22:03:31,23.2,51.6
05/02/2026,22:08:31,23.2,51.6
05/02/2026,22:13:31,23.2,51.5
05/02/2026,22:18:31,23.2,51.5
05/02/2026,22:23:31,23.1,51.5
05/02/2026,22:28:31,23.1,51.4
05/02/2026,22:33:31,23.1,51.4
05/02/2026,22:38:31,23.1,51.4
05/02/2026,22:43:31,23,51.4
05/02/2026,22:48:31,23.1,51.3
05/02/2026,22:53:31,23,51.2
05/02/2026,22:58:31,23,51.2
05/02/2026,23:03:31,23,51.2
05/02/2026,23:08:31,23,51.1
05/02/2026,23:13:31,23,51.1
05/02/2026,23:18:31,22.9,51.1
05/02/2026,23:23:31,22.9,51
05/02/2026,23:28:31,22.9,51
05/02/2026,23:33:31,22.9,51
05/02/2026,23:38:31,22.8,50.9
05/02/2026,23:43:31,22.8,51
05/02/2026,23:48:31,22.8,50.9
05/02/2026,23:53:31,22.7,50.9
05/02/2026,23:58:31,22.7,50.9
05/03/2026,00:03:31,22.7,50.8
05/03/2026,00:08:31,22.7,50.8
05/03/2026,00:13:31,22.7,50.7
05/03/2026,00:18:31,22.7,50.6
05/03/2026,00:23:31,22.7,50.6
05/03/2026,00:28:31,22.6,50.6
05/03/2026,00:33:31,22.6,50.6
05/03/2026,00:38:31,22.6,50.6
05/03/2026,00:43:31,22.6,50.5
05/03/2026,00:48:31,22.5,50.5
05/03/2026,00:53:31,22.5,50.4
05/03/2026,00:58:31,22.5,50.4
05/03/2026,01:03:31,22.5,50.4
05/03/2026,01:08:31,22.5,50.3
05/03/2026,01:13:31,22.4,50.3
05/03/2026,01:18:31,22.4,50.2
05/03/2026,01:23:31,22.4,50.2
05/03/2026,01:28:31,22.4,50.2
05/03/2026,01:33:31,22.4,50.2
05/03/2026,01:38:31,22.3,50.1
05/03/2026,01:43:31,22.3,50.1
05/03/2026,01:48:31,22.3,50.1
05/03/2026,01:53:31,22.3,50.1
05/03/2026,01:58:31,22.3,50.1
05/03/2026,02:03:31,22.2,50
05/03/2026,02:08:31,22.2,50
05/03/2026,02:13:31,22.2,50
05/03/2026,02:18:31,22.2,49.9
05/03/2026,02:23:31,22.2,49.9
05/03/2026,02:28:31,22.1,49.9
05/03/2026,02:33:31,22.1,49.9
05/03/2026,02:38:31,22.1,49.8
05/03/2026,02:43:31,22.1,49.8
05/03/2026,02:48:31,22.1,49.8
05/03/2026,02:53:31,22.1,49.7
05/03/2026,02:58:31,22,49.7
05/03/2026,03:03:31,22,49.7
05/03/2026,03:08:31,22,49.6
05/03/2026,03:13:31,22,49.6
05/03/2026,03:18:31,21.9,49.6
05/03/2026,03:23:31,21.9,49.6
05/03/2026,03:28:31,21.9,49.6
05/03/2026,03:33:31,21.8,49.6
05/03/2026,03:38:31,21.8,49.6
05/03/2026,03:43:31,21.8,49.6
05/03/2026,03:48:31,21.8,49.5
05/03/2026,03:53:31,21.7,49.6
05/03/2026,03:58:31,21.7,49.5
05/03/2026,04:03:31,21.7,49.5
05/03/2026,04:08:31,21.7,49.5
05/03/2026,04:13:31,21.7,49.4
05/03/2026,04:18:31,21.7,49.3
05/03/2026,04:23:31,21.7,49.3
05/03/2026,04:28:31,21.7,49.3
05/03/2026,04:33:31,21.7,49.3
05/03/2026,04:38:31,21.6,49.3
05/03/2026,04:43:31,21.6,49.3
05/03/2026,04:48:31,21.6,49.3
05/03/2026,04:53:31,21.6,49.3
05/03/2026,04:58:31,21.5,49.3
05/03/2026,05:03:31,21.5,49.3
05/03/2026,05:08:31,21.5,49.3
05/03/2026,05:13:31,21.5,49.3
05/03/2026,05:18:31,21.5,49.2
05/03/2026,05:23:31,21.5,49.2
05/03/2026,05:28:31,21.5,49.2
05/03/2026,05:33:31,21.5,49.2
05/03/2026,05:38:31,21.4,49.1
05/03/2026,05:43:31,21.4,49.1
05/03/2026,05:48:31,21.4,49.2
05/03/2026,05:53:31,21.4,49.1
05/03/2026,05:58:31,21.3,49.1
05/03/2026,06:03:31,21.3,49.1
05/03/2026,06:08:31,21.3,49.2
05/03/2026,06:13:31,21.3,49.1
05/03/2026,06:18:31,21.3,49.2
05/03/2026,06:23:31,21.2,49.2
05/03/2026,06:28:31,21.2,49.2
05/03/2026,06:33:31,21.2,49.2
05/03/2026,06:38:31,21.2,49.2
05/03/2026,06:43:31,21.2,49.2
05/03/2026,06:48:31,21.1,49.2
05/03/2026,06:53:31,21.1,49.2
05/03/2026,06:58:31,21.1,49.2
05/03/2026,07:03:31,21.1,49.2
05/03/2026,07:08:31,21.1,49.2
05/03/2026,07:13:31,21.1,49.2
05/03/2026,07:18:31,21.1,49.2
05/03/2026,07:23:31,21.1,49.1
05/03/2026,07:28:31,21.1,49.2
05/03/2026,07:33:31,21.1,49.2
05/03/2026,07:38:31,21.1,49.2
05/03/2026,07:43:31,21,49.2
05/03/2026,07:48:31,21,49.3
05/03/2026,07:53:31,21,49.3
05/03/2026,07:58:31,21,49.4
05/03/2026,08:03:31,21,49.7
05/03/2026,08:08:31,21,50.1
05/03/2026,08:13:31,21.1,50.3
05/03/2026,08:18:31,21.1,50.3
05/03/2026,08:23:31,21.2,50.6
05/03/2026,08:28:31,21.2,50.8
05/03/2026,08:33:31,21.2,51.1
05/03/2026,08:38:31,21.3,51.3
05/03/2026,08:43:31,21.3,51.6
05/03/2026,08:48:31,21.4,51.8
05/03/2026,08:53:31,21.4,51.9
05/03/2026,08:58:31,21.5,51.9
05/03/2026,09:03:31,21.5,51.9
05/03/2026,09:08:31,21.5,51.8
05/03/2026,09:13:31,21.5,51.9
05/03/2026,09:18:31,21.5,52.2
05/03/2026,09:23:31,21.5,52.1
05/03/2026,09:28:31,21.5,52.1
05/03/2026,09:33:31,21.5,52.2
05/03/2026,09:38:31,21.6,52.6
05/03/2026,09:43:31,21.6,52.8
05/03/2026,09:48:31,21.6,52.8
05/03/2026,09:53:31,21.7,52.9
05/03/2026,09:58:31,21.7,52.9
05/03/2026,10:03:31,21.8,52.9
05/03/2026,10:08:31,21.8,53.4
05/03/2026,10:13:31,21.9,53.6
05/03/2026,10:18:31,22,53.8
05/03/2026,10:23:31,22.1,54.3
05/03/2026,10:28:31,22.2,54.1
05/03/2026,10:33:31,22.2,53.9
05/03/2026,10:38:31,22.3,54.4
05/03/2026,10:43:31,22.4,54.2
05/03/2026,10:48:31,22.4,54.3
05/03/2026,10:53:31,22.5,54.4
05/03/2026,10:58:31,22.5,54
05/03/2026,11:03:31,22.5,53.8
05/03/2026,11:08:31,22.5,53.7
05/03/2026,11:13:31,22.5,53.9
05/03/2026,11:18:31,22.6,53.9
05/03/2026,11:23:31,22.6,54.2
05/03/2026,11:28:31,22.6,54.3
05/03/2026,11:33:31,22.7,54.7
05/03/2026,11:38:31,22.7,55.2
05/03/2026,11:43:31,22.9,55
05/03/2026,11:48:31,23,55
05/03/2026,11:53:31,23.1,55.3
05/03/2026,11:58:31,23.3,55.3
05/03/2026,12:03:31,23.5,57.7
05/03/2026,12:08:31,23.9,56.5
05/03/2026,12:13:31,24.1,55
05/03/2026,12:18:31,24.2,54.1
05/03/2026,12:23:31,24.4,54.7
05/03/2026,12:28:31,24.5,55.1
05/03/2026,12:33:31,24.7,54
05/03/2026,12:38:31,24.7,53.5
05/03/2026,12:43:31,24.7,53.1
05/03/2026,12:48:31,24.8,52.8
05/03/2026,12:53:31,24.8,52.1
05/03/2026,12:58:31,24.7,51.5
05/03/2026,13:03:31,24.7,51.2
05/03/2026,13:08:31,24.6,50.9
05/03/2026,13:13:31,24.5,50.6
05/03/2026,13:18:31,24.5,50.4
05/03/2026,13:23:31,24.4,50.4
05/03/2026,13:28:31,24.3,50.3
05/03/2026,13:33:31,24.2,50.2
05/03/2026,13:38:31,24.2,50.3
05/03/2026,13:43:31,24.1,50.2
05/03/2026,13:48:31,24,50.2
05/03/2026,13:53:31,24,50.2
05/03/2026,13:58:31,23.9,50.1
05/03/2026,14:03:31,23.8,50
05/03/2026,14:08:31,23.8,49.9
05/03/2026,14:13:31,23.7,49.9
05/03/2026,14:18:31,23.7,49.8
05/03/2026,14:23:31,23.6,49.7
05/03/2026,14:28:31,23.6,49.7
05/03/2026,14:33:31,23.5,49.6
05/03/2026,14:38:31,23.5,49.6
05/03/2026,14:43:31,23.4,49.5
05/03/2026,14:48:31,23.4,49.4
05/03/2026,14:53:31,23.3,49.4
05/03/2026,14:58:31,23.3,49.4
05/03/2026,15:03:31,23.2,49.2
05/03/2026,15:08:31,23.2,49.3
05/03/2026,15:13:31,23.1,49.2
05/03/2026,15:18:31,23.1,49.2
05/03/2026,15:23:31,23.1,49.1
05/03/2026,15:28:31,23,49.1
05/03/2026,15:33:31,23,49.1
05/03/2026,15:38:31,22.9,49.1
05/03/2026,15:43:31,22.9,49.1
05/03/2026,15:48:31,22.9,49
05/03/2026,15:53:31,22.9,49.1
05/03/2026,15:58:31,22.8,48.9
05/03/2026,16:03:31,22.8,48.9
05/03/2026,16:08:31,22.8,48.8
05/03/2026,16:13:31,22.7,48.8
05/03/2026,16:18:31,22.7,48.9
05/03/2026,16:23:31,22.7,48.8
05/03/2026,16:28:31,22.6,48.8
05/03/2026,16:33:31,22.6,48.9
05/03/2026,16:38:31,22.6,48.8
05/03/2026,16:43:31,22.6,48.7
05/03/2026,16:48:31,22.5,48.7
05/03/2026,16:53:31,22.5,48.7
05/03/2026,16:58:31,22.5,48.7
05/03/2026,17:03:31,22.5,48.7
05/03/2026,17:08:31,22.4,48.7
05/03/2026,17:13:31,22.4,48.6
05/03/2026,17:18:31,22.4,48.7
05/03/2026,17:23:31,22.4,48.6
05/03/2026,17:28:31,22.3,48.7
05/03/2026,17:33:31,22.3,48.7
05/03/2026,17:38:31,22.3,48.8
05/03/2026,17:43:31,22.3,48.7
05/03/2026,17:48:31,22.3,48.7
05/03/2026,17:53:31,22.3,48.8
05/03/2026,17:58:31,22.2,48.8
05/03/2026,18:03:31,22.2,48.7
05/03/2026,18:08:31,22.2,48.7
05/03/2026,18:13:31,22.2,48.7
05/03/2026,18:18:31,22.2,48.7
05/03/2026,18:23:31,22.2,48.7
05/03/2026,18:28:31,22.1,48.8
05/03/2026,18:33:31,22.1,48.7
05/03/2026,18:38:31,22.1,48.7
05/03/2026,18:43:31,22.1,48.7
05/03/2026,18:48:31,22.1,48.7
05/03/2026,18:53:31,22.1,48.7
05/03/2026,18:58:31,22.1,48.7
05/03/2026,19:03:31,22.1,48.7
05/03/2026,19:08:31,22,48.7
05/03/2026,19:13:31,22,48.7
05/03/2026,19:18:31,22,48.7
05/03/2026,19:23:31,22,48.6
05/03/2026,19:28:31,22,48.6
05/03/2026,19:33:31,22,48.6
05/03/2026,19:38:31,21.9,48.6
05/03/2026,19:43:31,21.9,48.6
05/03/2026,19:48:31,21.9,48.6
05/03/2026,19:53:31,21.9,48.6
05/03/2026,19:58:31,21.9,48.6
05/03/2026,20:03:31,21.9,48.6
05/03/2026,20:08:31,21.9,48.7
05/03/2026,20:13:31,21.8,48.7
05/03/2026,20:18:31,21.9,48.6
05/03/2026,20:23:31,21.8,48.6
05/03/2026,20:28:31,21.8,48.7
05/03/2026,20:33:31,21.8,48.7
05/03/2026,20:38:31,21.8,48.6
05/03/2026,20:43:31,21.8,48.7
05/03/2026,20:48:31,21.8,48.7
05/03/2026,20:53:31,21.7,48.7
05/03/2026,20:58:31,21.7,48.7
05/03/2026,21:03:31,21.7,48.7
05/03/2026,21:08:31,21.7,48.7
05/03/2026,21:13:31,21.7,48.7
05/03/2026,21:18:31,21.6,48.7
05/03/2026,21:23:31,21.6,48.8
05/03/2026,21:28:31,21.6,48.8
05/03/2026,21:33:31,21.6,48.8
05/03/2026,21:38:31,21.6,48.8
05/03/2026,21:43:31,21.5,48.8
05/03/2026,21:48:31,21.5,48.8
05/03/2026,21:53:31,21.5,48.9
05/03/2026,21:58:31,21.5,48.9
05/03/2026,22:03:31,21.5,48.9
05/03/2026,22:08:31,21.4,48.9
05/03/2026,22:13:31,21.4,48.9
05/03/2026,22:18:31,21.4,49
05/03/2026,22:23:31,21.4,49.1
05/03/2026,22:28:31,21.3,49.1
05/03/2026,22:33:31,21.3,49.2
05/03/2026,22:38:31,21.3,49.3
05/03/2026,22:43:31,21.3,49.3
05/03/2026,22:48:31,21.3,49.3
05/03/2026,22:53:31,21.3,49.4
05/03/2026,22:58:31,21.3,49.5
05/03/2026,23:03:31,21.2,49.6
05/03/2026,23:08:31,21.2,49.6
05/03/2026,23:13:31,21.2,49.7
05/03/2026,23:18:31,21.2,49.7
05/03/2026,23:23:31,21.2,49.8
05/03/2026,23:28:31,21.1,49.8
05/03/2026,23:33:31,21.1,49.9
05/03/2026,23:38:31,21.1,50
05/03/2026,23:43:31,21.1,50
05/03/2026,23:48:31,21,50.1
05/03/2026,23:53:31,21,50.1
05/03/2026,23:58:31,21,50.2
05/04/2026,00:03:31,21,50.3
05/04/2026,00:08:31,21,50.3
05/04/2026,00:13:31,20.9,50.4
05/04/2026,00:18:31,20.9,50.5
05/04/2026,00:23:31,20.9,50.6
05/04/2026,00:28:31,20.9,50.6
05/04/2026,00:33:31,20.9,50.7
05/04/2026,00:38:31,20.9,50.7
05/04/2026,00:43:31,20.8,50.8
05/04/2026,00:48:31,20.8,50.8
05/04/2026,00:53:31,20.8,50.8
05/04/2026,00:58:31,20.8,50.8
05/04/2026,01:03:31,20.8,50.9
05/04/2026,01:08:31,20.7,51
05/04/2026,01:13:31,20.7,51
05/04/2026,01:18:31,20.7,51
05/04/2026,01:23:31,20.7,51.1
05/04/2026,01:28:31,20.7,51
05/04/2026,01:33:31,20.6,51.1
05/04/2026,01:38:31,20.6,51.1
05/04/2026,01:43:31,20.6,51.1
05/04/2026,01:48:31,20.6,51.1
05/04/2026,01:53:31,20.6,51.2
05/04/2026,01:58:31,20.6,51.2
05/04/2026,02:03:31,20.6,51.2
05/04/2026,02:08:31,20.5,51.2
05/04/2026,02:13:31,20.5,51.3
05/04/2026,02:18:31,20.5,51.3
05/04/2026,02:23:31,20.5,51.3
05/04/2026,02:28:31,20.5,51.3
05/04/2026,02:33:31,20.4,51.3
05/04/2026,02:38:31,20.4,51.3
05/04/2026,02:43:31,20.4,51.4
05/04/2026,02:48:31,20.4,51.4
05/04/2026,02:53:31,20.4,51.4
05/04/2026,02:58:31,20.4,51.4
05/04/2026,03:03:31,20.3,51.5
05/04/2026,03:08:31,20.3,51.5
05/04/2026,03:13:31,20.3,51.6
05/04/2026,03:18:31,20.3,51.6
05/04/2026,03:23:31,20.3,51.6
05/04/2026,03:28:31,20.3,51.6
05/04/2026,03:33:31,20.2,51.7
05/04/2026,03:38:31,20.2,51.7
05/04/2026,03:43:31,20.2,51.7
05/04/2026,03:48:31,20.2,51.7
05/04/2026,03:53:31,20.2,51.8
05/04/2026,03:58:31,20.1,51.8
05/04/2026,04:03:31,20.1,51.8
05/04/2026,04:08:31,20.1,51.8
05/04/2026,04:13:31,20.1,51.9
05/04/2026,04:18:31,20.1,51.9
05/04/2026,04:23:31,20.1,51.9
05/04/2026,04:28:31,20,52
05/04/2026,04:33:31,20,52
05/04/2026,04:38:31,20,52
05/04/2026,04:43:31,20,52
05/04/2026,04:48:31,20,52
05/04/2026,04:53:31,20,52.1
05/04/2026,04:58:31,19.9,52.1
05/04/2026,05:03:31,19.9,52.1
05/04/2026,05:08:31,19.9,52.1
05/04/2026,05:13:31,19.9,52.1
05/04/2026,05:18:31,19.9,52.1
05/04/2026,05:23:31,19.9,52.1
05/04/2026,05:28:31,19.8,52.1
05/04/2026,05:33:31,19.8,52.1
05/04/2026,05:38:31,19.8,52.1
05/04/2026,05:43:31,19.8,52.1
05/04/2026,05:48:31,19.8,52.1
05/04/2026,05:53:31,19.8,52.1
05/04/2026,05:58:31,19.8,52.1
05/04/2026,06:03:31,19.8,52.1
05/04/2026,06:08:31,19.8,52.1
05/04/2026,06:13:31,19.8,52.1
05/04/2026,06:18:31,19.7,52.1
05/04/2026,06:23:31,19.7,52.1
05/04/2026,06:28:31,19.7,52.1
05/04/2026,06:33:31,19.7,52.1
05/04/2026,06:38:31,19.7,52.1
05/04/2026,06:43:31,19.7,52.1
05/04/2026,06:48:31,19.7,52.2
05/04/2026,06:53:31,19.7,52.2
05/04/2026,06:58:31,19.6,52.1
05/04/2026,07:03:31,19.6,52.2
05/04/2026,07:08:31,19.6,52.2
05/04/2026,07:13:31,19.6,52.2
05/04/2026,07:18:31,19.6,52.3
05/04/2026,07:23:31,19.6,52.2
05/04/2026,07:28:31,19.6,52.2
05/04/2026,07:33:31,19.6,52.2
05/04/2026,07:38:31,19.6,52.1
05/04/2026,07:43:31,19.6,52.1
05/04/2026,07:48:31,19.6,52.1
05/04/2026,07:53:31,19.6,52.1
05/04/2026,07:58:31,19.6,52.1
05/04/2026,08:03:31,19.6,52
05/04/2026,08:08:31,19.6,52
05/04/2026,08:13:31,19.6,52
05/04/2026,08:18:31,19.6,51.9
05/04/2026,08:23:31,19.6,51.9
05/04/2026,08:28:31,19.6,51.9
05/04/2026,08:33:31,19.6,52
05/04/2026,08:38:31,19.6,52
05/04/2026,08:43:31,19.6,52
05/04/2026,08:48:31,19.6,52
05/04/2026,08:53:31,19.6,52
05/04/2026,08:58:31,19.5,52
05/04/2026,09:03:31,19.6,52
05/04/2026,09:08:31,19.6,52
05/04/2026,09:13:31,19.6,52
05/04/2026,09:18:31,19.6,52
05/04/2026,09:23:31,19.6,52
05/04/2026,09:28:31,19.6,51.9
05/04/2026,09:33:31,19.6,52.1
05/04/2026,09:38:31,19.6,52.1
05/04/2026,09:43:31,19.6,52.2
05/04/2026,09:48:31,19.6,52.2
05/04/2026,09:53:31,19.6,52.4
05/04/2026,09:58:31,19.6,52.4
05/04/2026,10:03:31,19.6,52.3
05/04/2026,10:08:31,19.6,52.5
05/04/2026,10:13:31,19.6,52.5
05/04/2026,10:18:31,19.6,52.5
05/04/2026,10:23:31,19.6,52.5
05/04/2026,10:28:31,19.7,52.5
05/04/2026,10:33:31,19.6,52.5
05/04/2026,10:38:31,19.7,52.5
05/04/2026,10:43:31,19.6,52.6
05/04/2026,10:48:31,19.7,52.6
05/04/2026,10:53:31,19.7,52.5
05/04/2026,10:58:31,19.6,52.6
05/04/2026,11:03:31,19.6,52.5
05/04/2026,11:08:31,19.7,52.5
05/04/2026,11:13:31,19.6,52.5
05/04/2026,11:18:31,19.7,52.4
05/04/2026,11:23:31,19.6,52.5
05/04/2026,11:28:31,19.7,52.4
05/04/2026,11:33:31,19.6,52.4
05/04/2026,11:38:31,19.6,52.5
05/04/2026,11:43:31,19.6,52.4
05/04/2026,11:48:31,19.6,52.4
05/04/2026,11:53:31,19.6,52.4
05/04/2026,11:58:31,19.6,52.4
05/04/2026,12:03:31,19.6,52.5
05/04/2026,12:08:31,19.6,52.4
05/04/2026,12:13:31,19.6,52.4
05/04/2026,12:18:31,19.6,52.4
05/04/2026,12:23:31,19.6,52.4
05/04/2026,12:28:31,19.6,52.4
05/04/2026,12:33:31,19.6,52.4
05/04/2026,12:38:31,19.6,52.4
05/04/2026,12:43:31,19.5,52.4
05/04/2026,12:48:31,19.6,52.4
05/04/2026,12:53:31,19.6,52.3
05/04/2026,12:58:31,19.5,52.4
05/04/2026,13:03:31,19.5,52.3
05/04/2026,13:08:31,19.5,52.3
05/04/2026,13:13:31,19.5,52.3
05/04/2026,13:18:31,19.5,52.3
05/04/2026,13:23:31,19.5,52.3
05/04/2026,13:28:31,19.5,52.3
05/04/2026,13:33:31,19.5,52.3
05/04/2026,13:38:31,19.5,52.3
05/04/2026,13:43:31,19.5,52.3
05/04/2026,13:48:31,19.5,52.3
05/04/2026,13:53:31,19.5,52.3
05/04/2026,13:58:31,19.5,52.3
05/04/2026,14:03:31,19.5,52.3
05/04/2026,14:08:31,19.5,52.3
05/04/2026,14:13:31,19.5,52.3
05/04/2026,14:18:31,19.5,52.3
05/04/2026,14:23:31,19.5,52.3
05/04/2026,14:28:31,19.5,52.2
05/04/2026,14:33:31,19.5,52.2
05/04/2026,14:38:31,19.5,52.2
05/04/2026,14:43:31,19.5,52.2
05/04/2026,14:48:31,19.5,52.2
05/04/2026,14:53:31,19.5,52.2
05/04/2026,14:58:31,19.4,52.2
05/04/2026,15:03:31,19.4,52.2
05/04/2026,15:08:31,19.4,52.2
05/04/2026,15:13:31,19.4,52.2
05/04/2026,15:18:31,19.4,52.2
05/04/2026,15:23:31,19.4,52.2
05/04/2026,15:28:31,19.4,52.2
05/04/2026,15:33:31,19.4,52.2
05/04/2026,15:38:31,19.4,52.2
05/04/2026,15:43:31,19.4,52.2
05/04/2026,15:48:31,19.4,52.2
05/04/2026,15:53:31,19.4,52.2
05/04/2026,15:58:31,19.4,52.2
05/04/2026,16:03:31,19.4,52.2
05/04/2026,16:08:31,19.4,52.2
05/04/2026,16:13:31,19.4,52.2
05/04/2026,16:18:31,19.4,52.2
05/04/2026,16:23:31,19.4,52.2
05/04/2026,16:28:31,19.4,52.2
05/04/2026,16:33:31,19.4,52.2
05/04/2026,16:38:31,19.4,52.2
05/04/2026,16:43:31,19.4,52.2
05/04/2026,16:48:31,19.4,52.2
05/04/2026,16:53:31,19.4,52.2
05/04/2026,16:58:31,19.4,52.2
05/04/2026,17:03:31,19.4,52.2
05/04/2026,17:08:31,19.4,52.2
05/04/2026,17:13:31,19.4,52.1
05/04/2026,17:18:31,19.4,52.2
05/04/2026,17:23:31,19.4,52.2
05/04/2026,17:28:31,19.4,52.1
05/04/2026,17:33:31,19.4,52.1
05/04/2026,17:38:31,19.4,52.1
05/04/2026,17:43:31,19.4,52.1
05/04/2026,17:48:31,19.3,52.1
05/04/2026,17:53:31,19.4,52.1
05/04/2026,17:58:31,19.3,52.1
05/04/2026,18:03:31,19.4,52.1
05/04/2026,18:08:31,19.4,52.1
05/04/2026,18:13:31,19.3,52.1
05/04/2026,18:18:31,19.3,52.1
05/04/2026,18:23:31,19.4,52.1
05/04/2026,18:28:31,19.3,52.1
05/04/2026,18:33:31,19.3,52.1
05/04/2026,18:38:31,19.3,52.1
05/04/2026,18:43:31,19.3,52.1
05/04/2026,18:48:31,19.3,52.1
05/04/2026,18:53:31,19.3,52.1
05/04/2026,18:58:31,19.3,52.1
05/04/2026,19:03:31,19.3,52.1
05/04/2026,19:08:31,19.3,52.1
05/04/2026,19:13:31,19.3,52.1
05/04/2026,19:18:31,19.3,52.1
05/04/2026,19:23:31,19.3,52.1
05/04/2026,19:28:31,19.3,52.1
05/04/2026,19:33:31,19.3,52.1
05/04/2026,19:38:31,19.3,52
05/04/2026,19:43:31,19.3,52
05/04/2026,19:48:31,19.3,52.1
05/04/2026,19:53:31,19.3,52
05/04/2026,19:58:31,19.3,52.1
05/04/2026,20:03:31,19.3,52
05/04/2026,20:08:31,19.2,52
05/04/2026,20:13:31,19.2,52
05/04/2026,20:18:31,19.3,52
05/04/2026,20:23:31,19.2,52
05/04/2026,20:28:31,19.2,52
05/04/2026,20:33:31,19.2,52
05/04/2026,20:38:31,19.2,52
05/04/2026,20:43:31,19.2,52
05/04/2026,20:48:31,19.2,52
05/04/2026,20:53:31,19.2,52
05/04/2026,20:58:31,19.1,52
05/04/2026,21:03:31,19.1,52
05/04/2026,21:08:31,19.1,52
05/04/2026,21:13:31,19.1,52
05/04/2026,21:18:31,19.1,52
05/04/2026,21:23:31,19.1,52
05/04/2026,21:28:31,19.1,52
05/04/2026,21:33:31,19.1,52
05/04/2026,21:38:31,19.1,52
05/04/2026,21:43:31,19,52
05/04/2026,21:48:31,19,52
05/04/2026,21:53:31,19,52
05/04/2026,21:58:31,19,52
05/04/2026,22:03:31,19,52
05/04/2026,22:08:31,19,52
05/04/2026,22:13:31,19,52
05/04/2026,22:18:31,19,52
05/04/2026,22:23:31,19,52
05/04/2026,22:28:31,19,52
05/04/2026,22:33:31,18.9,52
05/04/2026,22:38:31,18.9,51.9
05/04/2026,22:43:31,18.9,52
05/04/2026,22:48:31,18.9,52
05/04/2026,22:53:31,18.9,52
05/04/2026,22:58:31,18.9,52
05/04/2026,23:03:31,18.9,52
05/04/2026,23:08:31,18.9,52
05/04/2026,23:13:31,18.8,52
05/04/2026,23:18:31,18.8,52
05/04/2026,23:23:31,18.8,52
05/04/2026,23:28:31,18.8,52.1
05/04/2026,23:33:31,18.7,52.1
05/04/2026,23:38:31,18.7,52.1
05/04/2026,23:43:31,18.7,52.2
05/04/2026,23:48:31,18.7,52.1
05/04/2026,23:53:31,18.7,52.2
05/04/2026,23:58:31,18.7,52.2
05/05/2026,00:03:31,18.6,52.1
05/05/2026,00:08:31,18.6,52.1
05/05/2026,00:13:31,18.6,52.1
05/05/2026,00:18:31,18.6,52.1
05/05/2026,00:23:31,18.6,52.1
05/05/2026,00:28:31,18.6,52.1
05/05/2026,00:33:31,18.5,52.2
05/05/2026,00:38:31,18.5,52.1
05/05/2026,00:43:31,18.5,52.2
05/05/2026,00:48:31,18.5,52.1
05/05/2026,00:53:31,18.5,52.1
05/05/2026,00:58:31,18.5,52.1
05/05/2026,01:03:31,18.5,52.1
05/05/2026,01:08:31,18.5,52.1
05/05/2026,01:13:31,18.5,52.1
05/05/2026,01:18:31,18.4,52.1
05/05/2026,01:23:31,18.4,52.1
05/05/2026,01:28:31,18.4,52.1
05/05/2026,01:33:31,18.4,52.1
05/05/2026,01:38:31,18.4,52.1
05/05/2026,01:43:31,18.4,52
05/05/2026,01:48:31,18.4,52
05/05/2026,01:53:31,18.4,52.1
05/05/2026,01:58:31,18.4,52.1
05/05/2026,02:03:31,18.3,52
05/05/2026,02:08:31,18.3,52.1
05/05/2026,02:13:31,18.3,52.1
05/05/2026,02:18:31,18.3,52.1
05/05/2026,02:23:31,18.3,52.1
05/05/2026,02:28:31,18.3,52.1
05/05/2026,02:33:31,18.2,52.2
05/05/2026,02:38:31,18.2,52.1
05/05/2026,02:43:31,18.2,52.1
05/05/2026,02:48:31,18.2,52.1
05/05/2026,02:53:31,18.2,52.1
05/05/2026,02:58:31,18.2,52.1
05/05/2026,03:03:31,18.1,52.1
05/05/2026,03:08:31,18.1,52.1
05/05/2026,03:13:31,18.1,52.1
05/05/2026,03:18:31,18.1,52.1
05/05/2026,03:23:31,18.1,52.1
05/05/2026,03:28:31,18.1,52.1
05/05/2026,03:33:31,18.1,52.1
05/05/2026,03:38:31,18.1,52.1
05/05/2026,03:43:31,18.1,52.1
05/05/2026,03:48:31,18,52.1
05/05/2026,03:53:31,18,52.1
05/05/2026,03:58:31,18,52.1
05/05/2026,04:03:31,18,52.1
05/05/2026,04:08:31,18,52.1
05/05/2026,04:13:31,18,52.1
05/05/2026,04:18:31,18,52.1
05/05/2026,04:23:31,17.9,52.1
05/05/2026,04:28:31,18,52.1
05/05/2026,04:33:31,17.9,52.1
05/05/2026,04:38:31,17.9,52.1
05/05/2026,04:43:31,17.9,52.1
05/05/2026,04:48:31,17.9,52.1
05/05/2026,04:53:31,17.9,52.2
05/05/2026,04:58:31,17.9,52.2
05/05/2026,05:03:31,17.8,52.2
05/05/2026,05:08:31,17.8,52.1
05/05/2026,05:13:31,17.8,52.2
05/05/2026,05:18:31,17.8,52.2
05/05/2026,05:23:31,17.8,52.2
05/05/2026,05:28:31,17.8,52.1
05/05/2026,05:33:31,17.8,52.1
05/05/2026,05:38:31,17.8,52.2
05/05/2026,05:43:31,17.7,52.2
05/05/2026,05:48:31,17.7,52.2
05/05/2026,05:53:31,17.7,52.2
05/05/2026,05:58:31,17.7,52.2
05/05/2026,06:03:31,17.7,52.2
05/05/2026,06:08:31,17.7,52.2
05/05/2026,06:13:31,17.7,52.2
05/05/2026,06:18:31,17.6,52.2
05/05/2026,06:23:31,17.7,52.1
05/05/2026,06:28:31,17.6,52.2
05/05/2026,06:33:31,17.6,52.2
05/05/2026,06:38:31,17.6,52.2
05/05/2026,06:43:31,17.6,52.2
05/05/2026,06:48:31,17.6,52.2
05/05/2026,06:53:31,17.6,52.2
05/05/2026,06:58:31,17.6,52.2
05/05/2026,07:03:31,17.6,52.2
05/05/2026,07:08:31,17.6,52.2
05/05/2026,07:13:31,17.6,52.2
05/05/2026,07:18:31,17.6,52.2
05/05/2026,07:23:31,17.6,52.2
05/05/2026,07:28:31,17.6,52.2
05/05/2026,07:33:31,17.5,52.2
05/05/2026,07:38:31,17.6,52.2
05/05/2026,07:43:31,17.6,52.1
05/05/2026,07:48:31,17.6,52.1
05/05/2026,07:53:31,17.6,52.1
05/05/2026,07:58:31,17.5,52.1
05/05/2026,08:03:31,17.6,52.2
05/05/2026,08:08:31,17.5,52.1
05/05/2026,08:13:31,17.6,52.2
05/05/2026,08:18:31,17.6,52.1
05/05/2026,08:23:31,17.6,52.1
05/05/2026,08:28:31,17.6,52.1
05/05/2026,08:33:31,17.6,52.2
05/05/2026,08:38:31,17.6,52.1
05/05/2026,08:43:31,17.6,52.1
05/05/2026,08:48:31,17.6,52.2
05/05/2026,08:53:31,17.6,52.2
05/05/2026,08:58:31,17.6,52.1
05/05/2026,09:03:31,17.7,52.2
05/05/2026,09:08:31,17.7,52.2
05/05/2026,09:13:31,17.6,52.2
05/05/2026,09:18:31,17.7,52.2
05/05/2026,09:23:31,17.7,52.3
05/05/2026,09:28:31,17.7,52.2
05/05/2026,09:33:31,17.7,52.2
05/05/2026,09:38:31,17.7,52.2
05/05/2026,09:43:31,17.7,52.2
05/05/2026,09:48:31,17.7,52.2
05/05/2026,09:53:31,17.7,52.2
05/05/2026,09:58:31,17.7,52.2
05/05/2026,10:03:31,17.7,52.2
05/05/2026,10:08:31,17.8,52.2
05/05/2026,10:13:31,17.7,52.2
05/05/2026,10:18:31,17.8,52.2
05/05/2026,10:23:31,17.7,52.2
05/05/2026,10:28:31,17.8,52.2
05/05/2026,10:33:31,17.8,52.2
05/05/2026,10:38:31,17.8,52.2
05/05/2026,10:43:31,17.8,52.2
05/05/2026,10:48:31,17.8,52.1
05/05/2026,10:53:31,17.8,52.1
05/05/2026,10:58:31,17.8,52.2
05/05/2026,11:03:31,17.8,52.1
05/05/2026,11:08:31,17.9,52.1
05/05/2026,11:13:31,17.9,52.1
05/05/2026,11:18:31,17.9,52.1
05/05/2026,11:23:31,17.9,52
05/05/2026,11:28:31,17.9,52
05/05/2026,11:33:31,17.9,52
05/05/2026,11:38:31,17.9,52
05/05/2026,11:43:31,18,52
05/05/2026,11:48:31,18,51.9
05/05/2026,11:53:31,18,51.9
05/05/2026,11:58:31,18,51.9
05/05/2026,12:03:31,18,51.9
05/05/2026,12:08:31,18,51.9
05/05/2026,12:13:31,18,51.9
05/05/2026,12:18:31,18.1,51.9
05/05/2026,12:23:31,18.1,51.9
05/05/2026,12:28:31,18.1,51.9
05/05/2026,12:33:31,18.1,51.9
05/05/2026,12:38:31,18.1,51.9
05/05/2026,12:43:31,18.1,51.9
05/05/2026,12:48:31,18.2,52
05/05/2026,12:53:31,18.2,52.1
05/05/2026,12:58:31,18.2,52.1
05/05/2026,13:03:31,18.2,52.1
05/05/2026,13:08:31,18.3,52.2
05/05/2026,13:13:31,18.3,52.3
05/05/2026,13:18:31,18.3,52.3
05/05/2026,13:23:31,18.3,52.3
05/05/2026,13:28:31,18.4,52.3
05/05/2026,13:33:31,18.4,52.3
05/05/2026,13:38:31,18.4,52.2
05/05/2026,13:43:31,18.4,52.2
05/05/2026,13:48:31,18.4,52.2
05/05/2026,13:53:31,18.5,52.2
05/05/2026,13:58:31,18.5,52.2
05/05/2026,14:03:31,18.5,52.2
05/05/2026,14:08:31,18.5,52.1
05/05/2026,14:13:31,18.5,52.2
05/05/2026,14:18:31,18.5,52.1
05/05/2026,14:23:31,18.6,52.1
05/05/2026,14:28:31,18.6,52.1
05/05/2026,14:33:31,18.6,52.1
05/05/2026,14:38:31,18.6,52.1
05/05/2026,14:43:31,18.6,52.1
05/05/2026,14:48:31,18.6,52.1
05/05/2026,14:53:31,18.6,52.1
05/05/2026,14:58:31,18.6,52.1
05/05/2026,15:03:31,18.6,52.1
05/05/2026,15:08:31,18.6,52
05/05/2026,15:13:31,18.6,52
05/05/2026,15:18:31,18.6,52
05/05/2026,15:23:31,18.7,52
05/05/2026,15:28:31,18.7,51.9
05/05/2026,15:33:31,18.7,51.9
05/05/2026,15:38:31,18.7,51.9
05/05/2026,15:43:31,18.7,51.9
05/05/2026,15:48:31,18.7,51.9
05/05/2026,15:53:31,18.7,51.9
05/05/2026,15:58:31,18.7,51.9
05/05/2026,16:03:31,18.7,51.8
05/05/2026,16:08:31,18.7,51.9
05/05/2026,16:13:31,18.7,51.9
05/05/2026,16:18:31,18.7,51.9
05/05/2026,16:23:31,18.7,51.8
05/05/2026,16:28:31,18.7,51.9
05/05/2026,16:33:31,18.7,51.8
05/05/2026,16:38:31,18.8,51.8
05/05/2026,16:43:31,18.8,51.8
05/05/2026,16:48:31,18.8,51.8
05/05/2026,16:53:31,18.8,51.8
05/05/2026,16:58:31,18.8,51.8
05/05/2026,17:03:31,18.8,51.8
05/05/2026,17:08:31,18.8,51.7
05/05/2026,17:13:31,18.8,51.7
05/05/2026,17:18:31,18.8,51.7
05/05/2026,17:23:31,18.8,51.7
05/05/2026,17:28:31,18.8,51.7
05/05/2026,17:33:31,18.8,51.7
05/05/2026,17:38:31,18.8,51.6
05/05/2026,17:43:31,18.8,51.6
05/05/2026,17:48:31,18.8,51.6
05/05/2026,17:53:31,18.8,51.5
05/05/2026,17:58:31,18.8,51.5
05/05/2026,18:03:31,18.8,51.4
05/05/2026,18:08:31,18.8,51.4
05/05/2026,18:13:31,18.9,51.4
05/05/2026,18:18:31,18.9,51.4
05/05/2026,18:23:31,18.8,51.4
05/05/2026,18:28:31,18.8,51.6
05/05/2026,18:33:31,18.9,51.5
05/05/2026,18:38:31,18.8,51.5
05/05/2026,18:43:31,18.8,51.5
05/05/2026,18:48:31,18.9,51.5
05/05/2026,18:53:31,18.9,51.6
05/05/2026,18:58:31,18.9,51.6
05/05/2026,19:03:31,18.9,51.6
05/05/2026,19:08:31,18.9,51.6
05/05/2026,19:13:31,18.9,51.6
05/05/2026,19:18:31,18.9,51.7
05/05/2026,19:23:31,18.9,51.9
05/05/2026,19:28:31,18.9,52
05/05/2026,19:33:31,18.9,52.2
05/05/2026,19:38:31,18.9,52.2
05/05/2026,19:43:31,18.9,52.5
05/05/2026,19:48:31,19,52.6
05/05/2026,19:53:31,19,52.5
05/05/2026,19:58:31,19,52.7
05/05/2026,20:03:31,19,52.7
05/05/2026,20:08:31,19,52.6
05/05/2026,20:13:31,19.1,52.6
05/05/2026,20:18:31,19.1,52.5
05/05/2026,20:23:31,19.1,52.6
05/05/2026,20:28:31,19.1,52.5
05/05/2026,20:33:31,19.1,52.6
05/05/2026,20:38:31,19.1,52.5
05/05/2026,20:43:31,19.1,52.5
05/05/2026,20:48:31,19.1,52.5
05/05/2026,20:53:31,19.1,52.4
05/05/2026,20:58:31,19.1,52.3
05/05/2026,21:03:31,19.1,52.3
05/05/2026,21:08:31,19.1,52.3
05/05/2026,21:13:31,19.1,52.2
05/05/2026,21:18:31,19.1,52.2
05/05/2026,21:23:31,19.1,52.2
05/05/2026,21:28:31,19.1,52.1
05/05/2026,21:33:31,19.1,52
05/05/2026,21:38:31,19,52
05/05/2026,21:43:31,19,51.9
05/05/2026,21:48:31,19,51.8
05/05/2026,21:53:31,19,51.8
05/05/2026,21:58:31,18.9,51.8
05/05/2026,22:03:31,18.9,51.7
05/05/2026,22:08:31,18.9,51.7
05/05/2026,22:13:31,18.9,51.7
05/05/2026,22:18:31,18.9,51.6
05/05/2026,22:23:31,18.8,51.6
05/05/2026,22:28:31,18.8,51.6
05/05/2026,22:33:31,18.8,51.6
05/05/2026,22:38:31,18.8,51.6
05/05/2026,22:43:31,18.7,51.6
05/05/2026,22:48:31,18.7,51.6
05/05/2026,22:53:31,18.7,51.6
05/05/2026,22:58:31,18.7,51.5
05/05/2026,23:03:31,18.7,51.5
05/05/2026,23:08:31,18.7,51.5
05/05/2026,23:13:31,18.6,51.5
05/05/2026,23:18:31,18.6,51.5
05/05/2026,23:23:31,18.6,51.5
05/05/2026,23:28:31,18.5,51.5
05/05/2026,23:33:31,18.5,51.5
05/05/2026,23:38:31,18.5,51.5
05/05/2026,23:43:31,18.4,51.5
05/05/2026,23:48:31,18.5,51.5
05/05/2026,23:53:31,18.4,51.5
05/05/2026,23:58:31,18.4,51.5
05/06/2026,00:03:31,18.4,51.4
05/06/2026,00:08:31,18.4,51.4
05/06/2026,00:13:31,18.4,51.4
05/06/2026,00:18:31,18.3,51.4
05/06/2026,00:23:31,18.3,51.4
05/06/2026,00:28:31,18.3,51.3
05/06/2026,00:33:31,18.3,51.3
05/06/2026,00:38:31,18.3,51.4
05/06/2026,00:43:31,18.3,51.3
05/06/2026,00:48:31,18.2,51.3
05/06/2026,00:53:31,18.2,51.3
05/06/2026,00:58:31,18.2,51.3
05/06/2026,01:03:31,18.2,51.2
05/06/2026,01:08:31,18.2,51.2
05/06/2026,01:13:31,18.2,51.2
05/06/2026,01:18:31,18.1,51.2
05/06/2026,01:23:31,18.1,51.2
05/06/2026,01:28:31,18.1,51.2
05/06/2026,01:33:31,18.1,51.1
05/06/2026,01:38:31,18.1,51.1
05/06/2026,01:43:31,18.1,51.1
05/06/2026,01:48:31,18,51.1
05/06/2026,01:53:31,18,51.1
05/06/2026,01:58:31,18,51
05/06/2026,02:03:31,18,51
05/06/2026,02:08:31,18,51
05/06/2026,02:13:31,18,51
05/06/2026,02:18:31,18,51
05/06/2026,02:23:31,17.9,50.9
05/06/2026,02:28:31,17.9,50.9
05/06/2026,02:33:31,17.9,50.9
05/06/2026,02:38:31,17.9,50.9
05/06/2026,02:43:31,17.9,50.9
05/06/2026,02:48:31,17.9,50.9
05/06/2026,02:53:31,17.9,50.8
05/06/2026,02:58:31,17.8,50.8
05/06/2026,03:03:31,17.8,50.8
05/06/2026,03:08:31,17.8,50.8
05/06/2026,03:13:31,17.8,50.8
05/06/2026,03:18:31,17.8,50.7
05/06/2026,03:23:31,17.7,50.7
05/06/2026,03:28:31,17.7,50.7
05/06/2026,03:33:31,17.7,50.7
05/06/2026,03:38:31,17.7,50.7
05/06/2026,03:43:31,17.7,50.6
05/06/2026,03:48:31,17.6,50.6
05/06/2026,03:53:31,17.6,50.6
05/06/2026,03:58:31,17.6,50.5
05/06/2026,04:03:31,17.6,50.5
05/06/2026,04:08:31,17.6,50.5
05/06/2026,04:13:31,17.6,50.4
05/06/2026,04:18:31,17.6,50.4
05/06/2026,04:23:31,17.5,50.4
05/06/2026,04:28:31,17.5,50.3
05/06/2026,04:33:31,17.5,50.3
05/06/2026,04:38:31,17.5,50.2
05/06/2026,04:43:31,17.5,50.2
05/06/2026,04:48:31,17.5,50.2
05/06/2026,04:53:31,17.4,50.2
05/06/2026,04:58:31,17.4,50.2
05/06/2026,05:03:31,17.4,50.1
05/06/2026,05:08:31,17.4,50.1
05/06/2026,05:13:31,17.4,50.1
05/06/2026,05:18:31,17.4,50.1
05/06/2026,05:23:31,17.3,50
05/06/2026,05:28:31,17.3,50
05/06/2026,05:33:31,17.3,49.9
05/06/2026,05:38:31,17.3,49.9
05/06/2026,05:43:31,17.3,49.9
05/06/2026,05:48:31,17.2,49.8
05/06/2026,05:53:31,17.2,49.8
05/06/2026,05:58:31,17.2,49.8
05/06/2026,06:03:31,17.2,49.8
05/06/2026,06:08:31,17.2,49.7
05/06/2026,06:13:31,17.2,49.7
05/06/2026,06:18:31,17.1,49.6
05/06/2026,06:23:31,17.1,49.6
05/06/2026,06:28:31,17.1,49.7
05/06/2026,06:33:31,17.1,49.6
05/06/2026,06:38:31,17.1,49.6
05/06/2026,06:43:31,17.1,49.5
05/06/2026,06:48:31,17.1,49.5
05/06/2026,06:53:31,17.1,49.5
05/06/2026,06:58:31,17.1,49.5
05/06/2026,07:03:31,17,49.5
05/06/2026,07:08:31,17,49.5
05/06/2026,07:13:31,17.1,49.4
05/06/2026,07:18:31,17.1,49.4
05/06/2026,07:23:31,17.1,49.4
05/06/2026,07:28:31,17.1,49.3
05/06/2026,07:33:31,17.1,49.3
05/06/2026,07:38:31,17.1,49.3
05/06/2026,07:43:31,17.1,49.3
05/06/2026,07:48:31,17.1,49.3
05/06/2026,07:53:31,17.1,49.3
05/06/2026,07:58:31,17.1,49.3
05/06/2026,08:03:31,17.2,49.3
05/06/2026,08:08:31,17.2,49.3
05/06/2026,08:13:31,17.2,49.2
05/06/2026,08:18:31,17.2,49.2
05/06/2026,08:23:31,17.2,49.2
05/06/2026,08:28:31,17.2,49.2
05/06/2026,08:33:31,17.2,49.2
05/06/2026,08:38:31,17.2,49.2
05/06/2026,08:43:31,17.2,49.2
05/06/2026,08:48:31,17.2,49.2
05/06/2026,08:53:31,17.2,49.2
05/06/2026,08:58:31,17.3,49.2
05/06/2026,09:03:31,17.3,49.2
05/06/2026,09:08:31,17.3,49.2
05/06/2026,09:13:31,17.3,49.1
05/06/2026,09:18:31,17.3,49.1
05/06/2026,09:23:31,17.3,49.2
05/06/2026,09:28:31,17.3,49.2
05/06/2026,09:33:31,17.3,49.2
05/06/2026,09:38:31,17.3,49.2
05/06/2026,09:43:31,17.3,49.2
05/06/2026,09:48:31,17.4,49.3
05/06/2026,09:53:31,17.4,49.2
05/06/2026,09:58:31,17.4,49.3
05/06/2026,10:03:31,17.4,49.2
05/06/2026,10:08:31,17.4,49.3
05/06/2026,10:13:31,17.4,49.3
05/06/2026,10:18:31,17.4,49.4
05/06/2026,10:23:31,17.4,49.4
05/06/2026,10:28:31,17.4,49.5
05/06/2026,10:33:31,17.4,49.5
05/06/2026,10:38:31,17.4,49.5
05/06/2026,10:43:31,17.4,49.5
05/06/2026,10:48:31,17.4,49.5
05/06/2026,10:53:31,17.4,49.5
05/06/2026,10:58:31,17.4,49.5
05/06/2026,11:03:31,17.4,49.5
05/06/2026,11:08:31,17.4,49.5
05/06/2026,11:13:31,17.4,49.6
05/06/2026,11:18:31,17.4,49.6
05/06/2026,11:23:31,17.4,49.6
05/06/2026,11:28:31,17.4,49.6
05/06/2026,11:33:31,17.4,49.6
05/06/2026,11:38:31,17.4,49.6
05/06/2026,11:43:31,17.4,49.6
05/06/2026,11:48:31,17.4,49.6
05/06/2026,11:53:31,17.4,49.6
05/06/2026,11:58:31,17.4,49.6
05/06/2026,12:03:31,17.4,49.7
05/06/2026,12:08:31,17.4,49.7
05/06/2026,12:13:31,17.4,49.7
05/06/2026,12:18:31,17.4,49.7
05/06/2026,12:23:31,17.4,49.7
05/06/2026,12:28:31,17.3,49.7
05/06/2026,12:33:31,17.3,49.8
05/06/2026,12:38:31,17.3,49.7
05/06/2026,12:43:31,17.4,49.8
05/06/2026,12:48:31,17.3,49.7
05/06/2026,12:53:31,17.3,49.8
05/06/2026,12:58:31,17.3,49.7
05/06/2026,13:03:31,17.4,49.7
05/06/2026,13:08:31,17.3,49.7
05/06/2026,13:13:31,17.4,49.7
05/06/2026,13:18:31,17.3,49.7
05/06/2026,13:23:31,17.3,49.7
05/06/2026,13:28:31,17.3,49.7
05/06/2026,13:33:31,17.3,49.7
05/06/2026,13:38:31,17.3,49.7
05/06/2026,13:43:31,17.3,49.7
05/06/2026,13:48:31,17.3,49.6
05/06/2026,13:53:31,17.3,49.7
05/06/2026,13:58:31,17.3,49.6
05/06/2026,14:03:31,17.3,49.7
05/06/2026,14:08:31,17.4,49.6
05/06/2026,14:13:31,17.4,49.6
05/06/2026,14:18:31,17.4,49.6
05/06/2026,14:23:31,17.4,49.6
05/06/2026,14:28:31,17.4,49.6
05/06/2026,14:33:31,17.4,49.6
05/06/2026,14:38:31,17.4,49.6
05/06/2026,14:43:31,17.4,49.5
05/06/2026,14:48:31,17.4,49.5
05/06/2026,14:53:31,17.4,49.4
05/06/2026,14:58:31,17.4,49.4
05/06/2026,15:03:31,17.4,49.4
05/06/2026,15:08:31,17.4,49.4
05/06/2026,15:13:31,17.5,49.4
05/06/2026,15:18:31,17.4,49.3
05/06/2026,15:23:31,17.5,49.3
05/06/2026,15:28:31,17.5,49.3
05/06/2026,15:33:31,17.5,49.2
05/06/2026,15:38:31,17.5,49.2
05/06/2026,15:43:31,17.5,49.2
05/06/2026,15:48:31,17.5,49.2
05/06/2026,15:53:31,17.5,49.2
05/06/2026,15:58:31,17.5,49.2
05/06/2026,16:03:31,17.5,49.2
05/06/2026,16:08:31,17.5,49.2
05/06/2026,16:13:31,17.5,49.2
05/06/2026,16:18:31,17.5,49.2
05/06/2026,16:23:31,17.5,49.2
05/06/2026,16:28:31,17.5,49.2
05/06/2026,16:33:31,17.5,49.2
05/06/2026,16:38:31,17.6,49.2
05/06/2026,16:43:31,17.6,49.2
05/06/2026,16:48:31,17.6,49.2
05/06/2026,16:53:31,17.6,49.2
05/06/2026,16:58:31,17.6,49.2
05/06/2026,17:03:31,17.6,49.2
05/06/2026,17:08:31,17.6,49.2
05/06/2026,17:13:31,17.6,49.2
05/06/2026,17:18:31,17.6,49.2
05/06/2026,17:23:31,17.6,49.2
05/06/2026,17:28:31,17.7,49.1
05/06/2026,17:33:31,17.7,49.2
05/06/2026,17:38:31,17.7,49.2
05/06/2026,17:43:31,17.7,49.1
05/06/2026,17:48:31,17.7,49.2
05/06/2026,17:53:31,17.7,49.1
05/06/2026,17:58:31,17.7,49.1
05/06/2026,18:03:31,17.7,49.1
05/06/2026,18:08:31,17.7,49.1
05/06/2026,18:13:31,17.7,49.1
05/06/2026,18:18:31,17.7,49.1
05/06/2026,18:23:31,17.7,49.2
05/06/2026,18:28:31,17.7,49.1
05/06/2026,18:33:31,17.7,49.1
05/06/2026,18:38:31,17.8,49.2
05/06/2026,18:43:31,17.8,49.2
05/06/2026,18:48:31,17.8,49.2
05/06/2026,18:53:31,17.8,49.3
05/06/2026,18:58:31,17.8,49.3
05/06/2026,19:03:31,17.8,49.3
05/06/2026,19:08:31,17.8,49.4
05/06/2026,19:13:31,17.8,49.5
05/06/2026,19:18:31,17.8,49.6
05/06/2026,19:23:31,17.9,49.7
05/06/2026,19:28:31,17.9,49.9
05/06/2026,19:33:31,17.9,50
05/06/2026,19:38:31,17.9,50
05/06/2026,19:43:31,17.9,50.2
05/06/2026,19:48:31,17.9,50.4
05/06/2026,19:53:31,18,50.5
05/06/2026,19:58:31,18,50.5
05/06/2026,20:03:31,18,50.7
05/06/2026,20:08:31,18,50.7
05/06/2026,20:13:31,18,50.8
05/06/2026,20:18:31,18,50.8
05/06/2026,20:23:31,18,50.9
05/06/2026,20:28:31,18.1,50.9
05/06/2026,20:33:31,18.1,50.9
05/06/2026,20:38:31,18.1,50.9
05/06/2026,20:43:31,18.1,50.9
05/06/2026,20:48:31,18.1,50.9
05/06/2026,20:53:31,18.1,50.9
05/06/2026,20:58:31,18.1,50.8
05/06/2026,21:03:31,18.1,50.8
05/06/2026,21:08:31,18.1,50.8
05/06/2026,21:13:31,18.1,50.8
05/06/2026,21:18:31,18.1,50.7
05/06/2026,21:23:31,18,50.7
05/06/2026,21:28:31,18.1,50.8
05/06/2026,21:33:31,18,50.8
05/06/2026,21:38:31,18,50.7
05/06/2026,21:43:31,18,50.8
05/06/2026,21:48:31,18,50.8
05/06/2026,21:53:31,18,50.8
05/06/2026,21:58:31,17.9,50.7
05/06/2026,22:03:31,17.9,50.8
05/06/2026,22:08:31,17.9,50.7
05/06/2026,22:13:31,17.9,50.7
05/06/2026,22:18:31,17.9,50.7
05/06/2026,22:23:31,17.9,50.7
05/06/2026,22:28:31,17.9,50.7
05/06/2026,22:33:31,17.8,50.7
05/06/2026,22:38:31,17.8,50.7
05/06/2026,22:43:31,17.8,50.7
05/06/2026,22:48:31,17.8,50.7
05/06/2026,22:53:31,17.7,50.7
05/06/2026,22:58:31,17.7,50.7
05/06/2026,23:03:31,17.7,50.8
05/06/2026,23:08:31,17.7,50.8
05/06/2026,23:13:31,17.7,50.8
05/06/2026,23:18:31,17.7,50.8
05/06/2026,23:23:31,17.6,50.7
05/06/2026,23:28:31,17.6,50.8
05/06/2026,23:33:31,17.6,50.8
05/06/2026,23:38:31,17.6,50.8
05/06/2026,23:43:31,17.6,50.8
05/06/2026,23:48:31,17.6,50.8
05/06/2026,23:53:31,17.5,50.8
05/06/2026,23:58:31,17.5,50.8
05/07/2026,00:03:31,17.5,50.8
05/07/2026,00:08:31,17.5,50.8
05/07/2026,00:13:31,17.5,50.9
05/07/2026,00:18:31,17.4,50.8
05/07/2026,00:23:31,17.4,50.9
05/07/2026,00:28:31,17.4,50.9
05/07/2026,00:33:31,17.4,50.9
05/07/2026,00:38:31,17.4,50.8
05/07/2026,00:43:31,17.4,50.9
05/07/2026,00:48:31,17.3,50.9
05/07/2026,00:53:31,17.3,50.8
05/07/2026,00:58:31,17.3,50.8
05/07/2026,01:03:31,17.3,50.8
05/07/2026,01:08:31,17.3,50.9
05/07/2026,01:13:31,17.3,50.9
05/07/2026,01:18:31,17.2,50.9
05/07/2026,01:23:31,17.3,50.9
05/07/2026,01:28:31,17.2,50.8
05/07/2026,01:33:31,17.2,50.8
05/07/2026,01:38:31,17.2,50.9
05/07/2026,01:43:31,17.2,50.9
05/07/2026,01:48:31,17.2,50.9
05/07/2026,01:53:31,17.2,50.9
05/07/2026,01:58:31,17.1,50.8
05/07/2026,02:03:31,17.2,50.8
05/07/2026,02:08:31,17.1,50.8
05/07/2026,02:13:31,17.2,50.8
05/07/2026,02:18:31,17.1,50.8
05/07/2026,02:23:31,17.1,50.9
05/07/2026,02:28:31,17.1,50.8
05/07/2026,02:33:31,17.1,50.8
05/07/2026,02:38:31,17.1,50.8
05/07/2026,02:43:31,17,50.8
05/07/2026,02:48:31,17,50.8
05/07/2026,02:53:31,17,50.8
05/07/2026,02:58:31,17,50.7
05/07/2026,03:03:31,17,50.7
05/07/2026,03:08:31,17,50.7
05/07/2026,03:13:31,17,50.8
05/07/2026,03:18:31,17,50.8
05/07/2026,03:23:31,16.9,50.7
05/07/2026,03:28:31,16.9,50.7
05/07/2026,03:33:31,16.9,50.7
05/07/2026,03:38:31,16.9,50.7
05/07/2026,03:43:31,16.9,50.7
05/07/2026,03:48:31,16.9,50.7
05/07/2026,03:53:31,16.9,50.7
05/07/2026,03:58:31,16.9,50.7
05/07/2026,04:03:31,16.8,50.7
05/07/2026,04:08:31,16.9,50.7
05/07/2026,04:13:31,16.8,50.7
05/07/2026,04:18:31,16.8,50.6
05/07/2026,04:23:31,16.8,50.7
05/07/2026,04:28:31,16.8,50.6
05/07/2026,04:33:31,16.8,50.6
05/07/2026,04:38:31,16.7,50.6
05/07/2026,04:43:31,16.7,50.6
05/07/2026,04:48:31,16.7,50.6
05/07/2026,04:53:31,16.7,50.6
05/07/2026,04:58:31,16.7,50.6
05/07/2026,05:03:31,16.7,50.5
05/07/2026,05:08:31,16.7,50.6
05/07/2026,05:13:31,16.6,50.5
05/07/2026,05:18:31,16.6,50.5
05/07/2026,05:23:31,16.6,50.5
05/07/2026,05:28:31,16.6,50.4
05/07/2026,05:33:31,16.6,50.5
05/07/2026,05:38:31,16.6,50.5
05/07/2026,05:43:31,16.5,50.4
05/07/2026,05:48:31,16.5,50.4
05/07/2026,05:53:31,16.5,50.4
05/07/2026,05:58:31,16.5,50.3
05/07/2026,06:03:31,16.5,50.3
05/07/2026,06:08:31,16.5,50.4
05/07/2026,06:13:31,16.5,50.3
05/07/2026,06:18:31,16.5,50.3
05/07/2026,06:23:31,16.4,50.3
05/07/2026,06:28:31,16.4,50.3
05/07/2026,06:33:31,16.4,50.3
05/07/2026,06:38:31,16.4,50.2
05/07/2026,06:43:31,16.4,50.2
05/07/2026,06:48:31,16.4,50.2
05/07/2026,06:53:31,16.4,50.2
05/07/2026,06:58:31,16.4,50.3
05/07/2026,07:03:31,16.4,50.2
05/07/2026,07:08:31,16.4,50.2
05/07/2026,07:13:31,16.4,50.2
05/07/2026,07:18:31,16.4,50.2
05/07/2026,07:23:31,16.4,50.2
05/07/2026,07:28:31,16.4,50.3
05/07/2026,07:33:31,16.4,50.3
05/07/2026,07:38:31,16.5,50.3
05/07/2026,07:43:31,16.5,50.3
05/07/2026,07:48:31,16.5,50.3
05/07/2026,07:53:31,16.5,50.3
05/07/2026,07:58:31,16.5,50.3
05/07/2026,08:03:31,16.5,50.3
05/07/2026,08:08:31,16.5,50.4
05/07/2026,08:13:31,16.5,50.3
05/07/2026,08:18:31,16.5,50.3
05/07/2026,08:23:31,16.5,50.3
05/07/2026,08:28:31,16.6,50.3
05/07/2026,08:33:31,16.6,50.3
05/07/2026,08:38:31,16.6,50.3
05/07/2026,08:43:31,16.6,50.3
05/07/2026,08:48:31,16.6,50.3
05/07/2026,08:53:31,16.6,50.3
05/07/2026,08:58:31,16.7,50.2
05/07/2026,09:03:31,16.7,50.2
05/07/2026,09:08:31,16.7,50.2
05/07/2026,09:13:31,16.7,50.2
05/07/2026,09:18:31,16.7,50.2
05/07/2026,09:23:31,16.7,50.2
05/07/2026,09:28:31,16.7,50.2
05/07/2026,09:33:31,16.8,50.2
05/07/2026,09:38:31,16.8,50.2
05/07/2026,09:43:31,16.8,50.3
05/07/2026,09:48:31,16.8,50.4
05/07/2026,09:53:31,16.8,50.4
05/07/2026,09:58:31,16.8,50.4
05/07/2026,10:03:31,16.9,50.4
05/07/2026,10:08:31,16.9,50.4
05/07/2026,10:13:31,16.9,50.5
05/07/2026,10:18:31,16.9,50.5
05/07/2026,10:23:31,16.9,50.4
05/07/2026,10:28:31,17,50.5
05/07/2026,10:33:31,17,50.5
05/07/2026,10:38:31,17,50.5
05/07/2026,10:43:31,17,50.4
05/07/2026,10:48:31,17,50.4
05/07/2026,10:53:31,17,50.4
05/07/2026,10:58:31,17.1,50.4
05/07/2026,11:03:31,17.1,50.4
05/07/2026,11:08:31,17.1,50.4
05/07/2026,11:13:31,17.1,50.4
05/07/2026,11:18:31,17.1,50.3
05/07/2026,11:23:31,17.1,50.3
05/07/2026,11:28:31,17.1,50.3
05/07/2026,11:33:31,17.1,50.4
05/07/2026,11:38:31,17.1,50.4
05/07/2026,11:43:31,17.1,50.4
05/07/2026,11:48:31,17.2,50.5
05/07/2026,11:53:31,17.2,50.5
05/07/2026,11:58:31,17.2,50.5
05/07/2026,12:03:31,17.2,50.4
05/07/2026,12:08:31,17.2,50.5
05/07/2026,12:13:31,17.2,50.5
05/07/2026,12:18:31,17.2,50.5
05/07/2026,12:23:31,17.2,50.5
05/07/2026,12:28:31,17.2,50.6
05/07/2026,12:33:31,17.3,50.6
05/07/2026,12:38:31,17.3,50.6
05/07/2026,12:43:31,17.3,50.6
05/07/2026,12:48:31,17.3,50.5
05/07/2026,12:53:31,17.3,50.5
05/07/2026,12:58:31,17.3,50.5
05/07/2026,13:03:31,17.3,50.6
05/07/2026,13:08:31,17.4,50.5
05/07/2026,13:13:31,17.4,50.5
05/07/2026,13:18:31,17.4,50.5
05/07/2026,13:23:31,17.4,50.5
05/07/2026,13:28:31,17.4,50.5
05/07/2026,13:33:31,17.4,50.5
05/07/2026,13:38:31,17.4,50.5
05/07/2026,13:43:31,17.4,50.4
05/07/2026,13:48:31,17.4,50.4
05/07/2026,13:53:31,17.4,50.4
05/07/2026,13:58:31,17.4,50.4
05/07/2026,14:03:31,17.4,50.4
05/07/2026,14:08:31,17.4,50.3
05/07/2026,14:13:31,17.5,50.4
05/07/2026,14:18:31,17.5,50.3
05/07/2026,14:23:31,17.5,50.3
05/07/2026,14:28:31,17.5,50.4
05/07/2026,14:33:31,17.5,50.3
05/07/2026,14:38:31,17.5,50.3
05/07/2026,14:43:31,17.5,50.3
05/07/2026,14:48:31,17.5,50.3
05/07/2026,14:53:31,17.5,50.3
05/07/2026,14:58:31,17.5,50.3
05/07/2026,15:03:31,17.5,50.3
05/07/2026,15:08:31,17.5,50.3
05/07/2026,15:13:31,17.5,50.2
05/07/2026,15:18:31,17.5,50.3
05/07/2026,15:23:31,17.5,50.3
05/07/2026,15:28:31,17.5,50.3
05/07/2026,15:33:31,17.5,50.2
05/07/2026,15:38:31,17.5,50.2
05/07/2026,15:43:31,17.5,50.2
05/07/2026,15:48:31,17.5,50.2
05/07/2026,15:53:31,17.5,50.2
05/07/2026,15:58:31,17.5,50.2
05/07/2026,16:03:31,17.5,50.2
05/07/2026,16:08:31,17.5,50.2
05/07/2026,16:13:31,17.5,50.2
05/07/2026,16:18:31,17.5,50.2
05/07/2026,16:23:31,17.5,50.2
05/07/2026,16:28:31,17.5,50.2
05/07/2026,16:33:31,17.5,50.2
05/07/2026,16:38:31,17.5,50.1
05/07/2026,16:43:31,17.5,50.2
05/07/2026,16:48:31,17.5,50.2
05/07/2026,16:53:31,17.6,50.2
05/07/2026,16:58:31,17.6,50.2
05/07/2026,17:03:31,17.6,50.2
05/07/2026,17:08:31,17.6,50.2
05/07/2026,17:13:31,17.6,50.2
05/07/2026,17:18:31,17.6,50.2
05/07/2026,17:23:31,17.6,50.2
05/07/2026,17:28:31,17.6,50.1
05/07/2026,17:33:31,17.6,50.1
05/07/2026,17:38:31,17.6,50.1
05/07/2026,17:43:31,17.6,50.1
05/07/2026,17:48:31,17.6,50.1
05/07/2026,17:53:31,17.6,50.1
05/07/2026,17:58:31,17.6,50.1
05/07/2026,18:03:31,17.6,50.1
05/07/2026,18:08:31,17.6,50.1
05/07/2026,18:13:31,17.6,50.1
05/07/2026,18:18:31,17.6,50.1
05/07/2026,18:23:31,17.6,50.1
05/07/2026,18:28:31,17.6,50.1
05/07/2026,18:33:31,17.6,50.1
05/07/2026,18:38:31,17.6,50.1
05/07/2026,18:43:31,17.6,50.1
05/07/2026,18:48:31,17.6,50.1
05/07/2026,18:53:31,17.6,50.2
05/07/2026,18:58:31,17.6,50.4
05/07/2026,19:03:31,17.6,50.3
05/07/2026,19:08:31,17.6,50.4
05/07/2026,19:13:31,17.7,50.4
05/07/2026,19:18:31,17.7,50.6
05/07/2026,19:23:31,17.7,50.6
05/07/2026,19:28:31,17.7,50.8
05/07/2026,19:33:31,17.7,50.8
05/07/2026,19:38:31,17.7,50.9
05/07/2026,19:43:31,17.7,51.1
05/07/2026,19:48:31,17.7,51.2
05/07/2026,19:53:31,17.8,51.4
05/07/2026,19:58:31,17.8,51.4
05/07/2026,20:03:31,17.8,51.3
05/07/2026,20:08:31,17.8,51.4
05/07/2026,20:13:31,17.8,51.4
05/07/2026,20:18:31,17.8,51.4
05/07/2026,20:23:31,17.9,51.5
05/07/2026,20:28:31,17.8,51.5
05/07/2026,20:33:31,17.9,51.4
05/07/2026,20:38:31,17.9,51.4
05/07/2026,20:43:31,17.9,51.3
05/07/2026,20:48:31,17.9,51.3
05/07/2026,20:53:31,17.8,51.3
05/07/2026,20:58:31,17.9,51.3
05/07/2026,21:03:31,17.9,51.3
05/07/2026,21:08:31,17.8,51.3
05/07/2026,21:13:31,17.9,51.4
05/07/2026,21:18:31,17.8,51.3
05/07/2026,21:23:31,17.8,51.3
05/07/2026,21:28:31,17.8,51.3
05/07/2026,21:33:31,17.8,51.2
05/07/2026,21:38:31,17.8,51.2
05/07/2026,21:43:31,17.8,51.1
05/07/2026,21:48:31,17.8,51.1
05/07/2026,21:53:31,17.7,51.1
05/07/2026,21:58:31,17.7,51
05/07/2026,22:03:31,17.7,51
05/07/2026,22:08:31,17.7,51
05/07/2026,22:13:31,17.7,51
05/07/2026,22:18:31,17.6,50.9
05/07/2026,22:23:31,17.6,50.9
05/07/2026,22:28:31,17.6,50.8
05/07/2026,22:33:31,17.6,50.8
05/07/2026,22:38:31,17.6,50.8
05/07/2026,22:43:31,17.5,50.8
05/07/2026,22:48:31,17.5,50.8
05/07/2026,22:53:31,17.5,50.8
05/07/2026,22:58:31,17.5,50.8
05/07/2026,23:03:31,17.5,50.8
05/07/2026,23:08:31,17.5,50.8
05/07/2026,23:13:31,17.4,50.8
05/07/2026,23:18:31,17.4,50.7
05/07/2026,23:23:31,17.4,50.8
05/07/2026,23:28:31,17.4,50.7
05/07/2026,23:33:31,17.4,50.7
05/07/2026,23:38:31,17.3,50.7
05/07/2026,23:43:31,17.3,50.7
05/07/2026,23:48:31,17.3,50.7
05/07/2026,23:53:31,17.3,50.7
05/07/2026,23:58:31,17.3,50.7
05/08/2026,00:03:31,17.3,50.7
05/08/2026,00:08:31,17.3,50.7
05/08/2026,00:13:31,17.3,50.6
05/08/2026,00:18:31,17.2,50.7
05/08/2026,00:23:31,17.2,50.6
05/08/2026,00:28:31,17.2,50.6
05/08/2026,00:33:31,17.2,50.6
05/08/2026,00:38:31,17.2,50.6
05/08/2026,00:43:31,17.2,50.6
05/08/2026,00:48:31,17.1,50.6
05/08/2026,00:53:31,17.1,50.6
05/08/2026,00:58:31,17.1,50.6
05/08/2026,01:03:31,17.1,50.6
05/08/2026,01:08:31,17.1,50.6
05/08/2026,01:13:31,17.1,50.6
05/08/2026,01:18:31,17,50.6
05/08/2026,01:23:31,17,50.5
05/08/2026,01:28:31,17,50.6
05/08/2026,01:33:31,17,50.5
05/08/2026,01:38:31,17,50.6
05/08/2026,01:43:31,16.9,50.5
05/08/2026,01:48:31,16.9,50.5
05/08/2026,01:53:31,16.9,50.5
05/08/2026,01:58:31,16.9,50.5
05/08/2026,02:03:31,16.9,50.5
05/08/2026,02:08:31,16.9,50.5
05/08/2026,02:13:31,16.9,50.5
05/08/2026,02:18:31,16.9,50.5
05/08/2026,02:23:31,16.8,50.5
05/08/2026,02:28:31,16.8,50.5
05/08/2026,02:33:31,16.8,50.5
05/08/2026,02:38:31,16.8,50.5
05/08/2026,02:43:31,16.7,50.5
05/08/2026,02:48:31,16.7,50.5
05/08/2026,02:53:31,16.7,50.5
05/08/2026,02:58:31,16.7,50.4
05/08/2026,03:03:31,16.7,50.4
05/08/2026,03:08:31,16.7,50.4
05/08/2026,03:13:31,16.7,50.4
05/08/2026,03:18:31,16.7,50.4
05/08/2026,03:23:31,16.6,50.4
05/08/2026,03:28:31,16.6,50.4
05/08/2026,03:33:31,16.6,50.4
05/08/2026,03:38:31,16.6,50.4
05/08/2026,03:43:31,16.6,50.4
05/08/2026,03:48:31,16.5,50.4
05/08/2026,03:53:31,16.6,50.4
05/08/2026,03:58:31,16.6,50.3
05/08/2026,04:03:31,16.5,50.3
05/08/2026,04:08:31,16.5,50.3
05/08/2026,04:13:31,16.5,50.4
05/08/2026,04:18:31,16.5,50.3
05/08/2026,04:23:31,16.5,50.3
05/08/2026,04:28:31,16.5,50.3
05/08/2026,04:33:31,16.5,50.3
05/08/2026,04:38:31,16.5,50.3
05/08/2026,04:43:31,16.4,50.3
05/08/2026,04:48:31,16.5,50.3
05/08/2026,04:53:31,16.4,50.3
05/08/2026,04:58:31,16.4,50.3
05/08/2026,05:03:31,16.4,50.3
05/08/2026,05:08:31,16.4,50.3
05/08/2026,05:13:31,16.4,50.3
05/08/2026,05:18:31,16.4,50.3
05/08/2026,05:23:31,16.4,50.3
05/08/2026,05:28:31,16.3,50.3
05/08/2026,05:33:31,16.3,50.3
05/08/2026,05:38:31,16.3,50.3
05/08/2026,05:43:31,16.3,50.2
05/08/2026,05:48:31,16.3,50.3
05/08/2026,05:53:31,16.3,50.2
05/08/2026,05:58:31,16.3,50.3
05/08/2026,06:03:31,16.3,50.2
05/08/2026,06:08:31,16.2,50.2
05/08/2026,06:13:31,16.2,50.2
05/08/2026,06:18:31,16.2,50.2
05/08/2026,06:23:31,16.2,50.2
05/08/2026,06:28:31,16.2,50.2
05/08/2026,06:33:31,16.2,50.3
05/08/2026,06:38:31,16.2,50.3
05/08/2026,06:43:31,16.2,50.2
05/08/2026,06:48:31,16.2,50.3
05/08/2026,06:53:31,16.2,50.3
05/08/2026,06:58:31,16.2,50.2
05/08/2026,07:03:31,16.2,50.3
05/08/2026,07:08:31,16.3,50.3
05/08/2026,07:13:31,16.2,50.3
05/08/2026,07:18:31,16.3,50.3
05/08/2026,07:23:31,16.2,50.3
05/08/2026,07:28:31,16.3,50.4
05/08/2026,07:33:31,16.3,50.4
05/08/2026,07:38:31,16.3,50.4
05/08/2026,07:43:31,16.3,50.4
05/08/2026,07:48:31,16.3,50.4
05/08/2026,07:53:31,16.3,50.4
05/08/2026,07:58:31,16.3,50.5
05/08/2026,08:03:31,16.3,50.4
05/08/2026,08:08:31,16.4,50.4
05/08/2026,08:13:31,16.4,50.4
05/08/2026,08:18:31,16.4,50.4
05/08/2026,08:23:31,16.4,50.4
05/08/2026,08:28:31,16.4,50.4
05/08/2026,08:33:31,16.4,50.4
05/08/2026,08:38:31,16.4,50.4
05/08/2026,08:43:31,16.5,50.4
05/08/2026,08:48:31,16.5,50.4
05/08/2026,08:53:31,16.5,50.4
05/08/2026,08:58:31,16.5,50.4
05/08/2026,09:03:31,16.5,50.4
05/08/2026,09:08:31,16.6,50.4
05/08/2026,09:13:31,16.6,50.4
05/08/2026,09:18:31,16.6,50.5
05/08/2026,09:23:31,16.6,50.4
05/08/2026,09:28:31,16.7,50.4
05/08/2026,09:33:31,16.6,50.4
05/08/2026,09:38:31,16.7,50.4
05/08/2026,09:43:31,16.7,50.4
05/08/2026,09:48:31,16.7,50.4
05/08/2026,09:53:31,16.7,50.4
05/08/2026,09:58:31,16.8,50.4
05/08/2026,10:03:31,16.8,50.4
05/08/2026,10:08:31,16.8,50.4
05/08/2026,10:13:31,16.8,50.4
05/08/2026,10:18:31,16.8,50.4
05/08/2026,10:23:31,16.8,50.3
05/08/2026,10:28:31,16.9,50.4
05/08/2026,10:33:31,16.9,50.3
05/08/2026,10:38:31,16.9,50.3
05/08/2026,10:43:31,16.9,50.3
05/08/2026,10:48:31,17,50.3
05/08/2026,10:53:31,16.9,50.3
05/08/2026,10:58:31,17,50.2
05/08/2026,11:03:31,17,50.3
05/08/2026,11:08:31,17,50.2
05/08/2026,11:13:31,17,50.2
05/08/2026,11:18:31,17,50.2
05/08/2026,11:23:31,17,50.2
05/08/2026,11:28:31,17.1,50.2
05/08/2026,11:33:31,17.1,50.2
05/08/2026,11:38:31,17.1,50.2
05/08/2026,11:43:31,17.1,50.2
05/08/2026,11:48:31,17.1,50.1
05/08/2026,11:53:31,17.2,50.1
05/08/2026,11:58:31,17.2,50.1
05/08/2026,12:03:31,17.2,50.3
05/08/2026,12:08:31,17.2,50.4
05/08/2026,12:13:31,17.2,50.6
05/08/2026,12:18:31,17.3,50.6
05/08/2026,12:23:31,17.3,50.7
05/08/2026,12:28:31,17.3,50.8
05/08/2026,12:33:31,17.4,50.8
05/08/2026,12:38:31,17.4,50.9
05/08/2026,12:43:31,17.5,51
05/08/2026,12:48:31,17.5,51.1
05/08/2026,12:53:31,17.6,51.2
05/08/2026,12:58:31,17.6,51.3
05/08/2026,13:03:31,17.7,51.4
05/08/2026,13:08:31,17.7,51.5
05/08/2026,13:13:31,17.8,51.7
05/08/2026,13:18:31,17.8,51.8
05/08/2026,13:23:31,17.9,51.8
05/08/2026,13:28:31,17.9,51.8
05/08/2026,13:33:31,17.9,51.8
05/08/2026,13:38:31,18,51.7
05/08/2026,13:43:31,18,51.6
05/08/2026,13:48:31,18,51.6
05/08/2026,13:53:31,18,51.5
05/08/2026,13:58:31,18,51.5
05/08/2026,14:03:31,18.1,51.5
05/08/2026,14:08:31,18.1,51.5
05/08/2026,14:13:31,18.1,51.5
05/08/2026,14:18:31,18.2,51.4
05/08/2026,14:23:31,18.2,51.5
05/08/2026,14:28:31,18.2,51.5
05/08/2026,14:33:31,18.2,51.4
05/08/2026,14:38:31,18.2,51.4
05/08/2026,14:43:31,18.3,51.4
05/08/2026,14:48:31,18.3,51.4
05/08/2026,14:53:31,18.3,51.3
05/08/2026,14:58:31,18.3,51.2
05/08/2026,15:03:31,18.4,51.2
05/08/2026,15:08:31,18.4,51.2
05/08/2026,15:13:31,18.4,51.2
05/08/2026,15:18:31,18.4,51.1
05/08/2026,15:23:31,18.4,51.1
05/08/2026,15:28:31,18.5,51.1
05/08/2026,15:33:31,18.5,51.1
05/08/2026,15:38:31,18.5,51.1
05/08/2026,15:43:31,18.5,51.1
05/08/2026,15:48:31,18.6,51.2
05/08/2026,15:53:31,18.6,51.1
05/08/2026,15:58:31,18.6,51.1
05/08/2026,16:03:31,18.6,51.1
05/08/2026,16:08:31,18.6,51.1
05/08/2026,16:13:31,18.6,51
05/08/2026,16:18:31,18.6,51
05/08/2026,16:23:31,18.7,51
05/08/2026,16:28:31,18.7,51
05/08/2026,16:33:31,18.7,50.9
05/08/2026,16:38:31,18.7,50.9
05/08/2026,16:43:31,18.7,50.9
05/08/2026,16:48:31,18.7,50.9
05/08/2026,16:53:31,18.8,50.8
05/08/2026,16:58:31,18.8,50.8
05/08/2026,17:03:31,18.8,50.8
05/08/2026,17:08:31,18.8,50.8
05/08/2026,17:13:31,18.8,50.7
05/08/2026,17:18:31,18.8,50.7
05/08/2026,17:23:31,18.8,50.7
05/08/2026,17:28:31,18.8,50.7
05/08/2026,17:33:31,18.8,50.7
05/08/2026,17:38:31,18.8,50.7
05/08/2026,17:43:31,18.8,50.7
05/08/2026,17:48:31,18.9,50.7
05/08/2026,17:53:31,18.9,50.7
05/08/2026,17:58:31,18.9,50.7
05/08/2026,18:03:31,18.9,50.7
05/08/2026,18:08:31,18.9,50.6
05/08/2026,18:13:31,18.9,50.6
05/08/2026,18:18:31,18.9,50.6
05/08/2026,18:23:31,18.9,50.6
05/08/2026,18:28:31,18.9,50.5
05/08/2026,18:33:31,18.9,50.5
05/08/2026,18:38:31,18.9,50.5
05/08/2026,18:43:31,19,50.5
05/08/2026,18:48:31,19,50.5
05/08/2026,18:53:31,19,50.5
05/08/2026,18:58:31,19,50.5
05/08/2026,19:03:31,19,50.5
05/08/2026,19:08:31,19,50.6
05/08/2026,19:13:31,19,50.7
05/08/2026,19:18:31,19.1,50.9
05/08/2026,19:23:31,19.1,50.9
05/08/2026,19:28:31,19.1,51
05/08/2026,19:33:31,19.1,51.1
05/08/2026,19:38:31,19.2,51.3
05/08/2026,19:43:31,19.2,51.4
05/08/2026,19:48:31,19.2,51.6
05/08/2026,19:53:31,19.2,51.6
05/08/2026,19:58:31,19.3,51.7
05/08/2026,20:03:31,19.3,51.8
05/08/2026,20:08:31,19.3,51.9
05/08/2026,20:13:31,19.3,51.9
05/08/2026,20:18:31,19.3,51.9
05/08/2026,20:23:31,19.4,51.9
05/08/2026,20:28:31,19.4,51.9
05/08/2026,20:33:31,19.4,51.9
05/08/2026,20:38:31,19.4,52
05/08/2026,20:43:31,19.4,51.9
05/08/2026,20:48:31,19.4,52
05/08/2026,20:53:31,19.4,52
05/08/2026,20:58:31,19.5,51.9
05/08/2026,21:03:31,19.5,51.9
05/08/2026,21:08:31,19.5,51.8
05/08/2026,21:13:31,19.5,51.8
05/08/2026,21:18:31,19.5,51.7
05/08/2026,21:23:31,19.5,51.7
05/08/2026,21:28:31,19.5,51.7
05/08/2026,21:33:31,19.5,51.6
05/08/2026,21:38:31,19.5,51.6
05/08/2026,21:43:31,19.5,51.5
05/08/2026,21:48:31,19.5,51.3
05/08/2026,21:53:31,19.5,51.3
05/08/2026,21:58:31,19.5,51.2
05/08/2026,22:03:31,19.5,51.2
05/08/2026,22:08:31,19.5,51.1
05/08/2026,22:13:31,19.5,51
05/08/2026,22:18:31,19.5,50.9
05/08/2026,22:23:31,19.4,50.8
05/08/2026,22:28:31,19.4,50.7
05/08/2026,22:33:31,19.4,50.7
05/08/2026,22:38:31,19.4,50.6
05/08/2026,22:43:31,19.4,50.6
05/08/2026,22:48:31,19.4,50.5
05/08/2026,22:53:31,19.3,50.5
05/08/2026,22:58:31,19.3,50.4
05/08/2026,23:03:31,19.3,50.3
05/08/2026,23:08:31,19.3,50.3
05/08/2026,23:13:31,19.3,50.2
05/08/2026,23:18:31,19.3,50.1
05/08/2026,23:23:31,19.3,50.1
05/08/2026,23:28:31,19.2,50.1
05/08/2026,23:33:31,19.2,50.1
05/08/2026,23:38:31,19.2,50.1
05/08/2026,23:43:31,19.2,49.9
05/08/2026,23:48:31,19.2,49.9
05/08/2026,23:53:31,19.1,50
05/08/2026,23:58:31,19.1,50
05/09/2026,00:03:31,19.1,49.9
05/09/2026,00:08:31,19.1,49.8
05/09/2026,00:13:31,19.1,49.8
05/09/2026,00:18:31,19,49.7
05/09/2026,00:23:31,19.1,49.7
05/09/2026,00:28:31,19,49.7
05/09/2026,00:33:31,19,49.6
05/09/2026,00:38:31,19,49.5
05/09/2026,00:43:31,19,49.5
05/09/2026,00:48:31,19,49.5
05/09/2026,00:53:31,19,49.4
05/09/2026,00:58:31,18.9,49.4
05/09/2026,01:03:31,18.9,49.4
05/09/2026,01:08:31,18.9,49.3
05/09/2026,01:13:31,18.9,49.3
05/09/2026,01:18:31,18.9,49.3
05/09/2026,01:23:31,18.9,49.2
05/09/2026,01:28:31,18.9,49.2
05/09/2026,01:33:31,18.9,49.1
05/09/2026,01:38:31,18.8,49.1
05/09/2026,01:43:31,18.8,49.1
05/09/2026,01:48:31,18.8,49.1
05/09/2026,01:53:31,18.8,49
05/09/2026,01:58:31,18.8,49
05/09/2026,02:03:31,18.7,48.9
05/09/2026,02:08:31,18.7,48.9
05/09/2026,02:13:31,18.7,48.9
05/09/2026,02:18:31,18.7,48.9
05/09/2026,02:23:31,18.7,48.8
05/09/2026,02:28:31,18.7,48.7
05/09/2026,02:33:31,18.7,48.7
05/09/2026,02:38:31,18.6,48.6
05/09/2026,02:43:31,18.6,48.6
05/09/2026,02:48:31,18.6,48.6
05/09/2026,02:53:31,18.6,48.6
05/09/2026,02:58:31,18.5,48.6
05/09/2026,03:03:31,18.5,48.5
05/09/2026,03:08:31,18.5,48.5
05/09/2026,03:13:31,18.5,48.5
05/09/2026,03:18:31,18.5,48.4
05/09/2026,03:23:31,18.4,48.4
05/09/2026,03:28:31,18.4,48.4
05/09/2026,03:33:31,18.4,48.3
05/09/2026,03:38:31,18.4,48.3
05/09/2026,03:43:31,18.4,48.3
05/09/2026,03:48:31,18.3,48.2
05/09/2026,03:53:31,18.4,48.2
05/09/2026,03:58:31,18.3,48.2
05/09/2026,04:03:31,18.3,48.1
05/09/2026,04:08:31,18.3,48.1
05/09/2026,04:13:31,18.3,48.1
05/09/2026,04:18:31,18.2,48.1
05/09/2026,04:23:31,18.2,48
05/09/2026,04:28:31,18.2,48
05/09/2026,04:33:31,18.2,48.1
05/09/2026,04:38:31,18.2,48
05/09/2026,04:43:31,18.1,47.9
05/09/2026,04:48:31,18.1,47.9
05/09/2026,04:53:31,18.1,47.9
05/09/2026,04:58:31,18.1,47.9
05/09/2026,05:03:31,18,47.8
05/09/2026,05:08:31,18,47.8
05/09/2026,05:13:31,18,47.8
05/09/2026,05:18:31,18,47.8
05/09/2026,05:23:31,17.9,47.8
05/09/2026,05:28:31,17.9,47.8
05/09/2026,05:33:31,17.9,47.8
05/09/2026,05:38:31,17.8,47.8
05/09/2026,05:43:31,17.8,47.7
05/09/2026,05:48:31,17.8,47.8
05/09/2026,05:53:31,17.7,47.8
05/09/2026,05:58:31,17.7,47.7
05/09/2026,06:03:31,17.7,47.8
05/09/2026,06:08:31,17.7,47.7
05/09/2026,06:13:31,17.7,47.8
05/09/2026,06:18:31,17.6,47.7
05/09/2026,06:23:31,17.6,47.7
05/09/2026,06:28:31,17.6,47.8
05/09/2026,06:33:31,17.6,47.8
05/09/2026,06:38:31,17.6,47.8
05/09/2026,06:43:31,17.6,47.8
05/09/2026,06:48:31,17.6,47.8
05/09/2026,06:53:31,17.6,47.8
05/09/2026,06:58:31,17.6,47.8
05/09/2026,07:03:31,17.6,47.8
05/09/2026,07:08:31,17.6,47.8
05/09/2026,07:13:31,17.6,47.8
05/09/2026,07:18:31,17.6,47.9
05/09/2026,07:23:31,17.6,47.9
05/09/2026,07:28:31,17.6,47.9
05/09/2026,07:33:31,17.6,47.9
05/09/2026,07:38:31,17.6,47.9
05/09/2026,07:43:31,17.6,47.9
05/09/2026,07:48:31,17.6,48
05/09/2026,07:53:31,17.7,48
05/09/2026,07:58:31,17.7,48
05/09/2026,08:03:31,17.7,48
05/09/2026,08:08:31,17.7,48
05/09/2026,08:13:31,17.7,48
05/09/2026,08:18:31,17.7,48
05/09/2026,08:23:31,17.8,48.1
05/09/2026,08:28:31,17.8,48
05/09/2026,08:33:31,17.8,48.1
05/09/2026,08:38:31,17.8,48.1
05/09/2026,08:43:31,17.8,48.1
05/09/2026,08:48:31,17.9,48.1
05/09/2026,08:53:31,17.9,48.1
05/09/2026,08:58:31,17.9,48.2
05/09/2026,09:03:31,17.9,48.2
05/09/2026,09:08:31,17.9,48.2
05/09/2026,09:13:31,18,48.3
05/09/2026,09:18:31,18,48.3
05/09/2026,09:23:31,18,48.3
05/09/2026,09:28:31,18,48.4
05/09/2026,09:33:31,18.1,48.6
05/09/2026,09:38:31,18.1,48.8
05/09/2026,09:43:31,18.2,48.9
05/09/2026,09:48:31,18.2,48.9
05/09/2026,09:53:31,18.2,49
05/09/2026,09:58:31,18.3,49
05/09/2026,10:03:31,18.3,49.4
05/09/2026,10:08:31,18.3,49.6
05/09/2026,10:13:31,18.4,49.8
05/09/2026,10:18:31,18.4,49.9
05/09/2026,10:23:31,18.5,50.2
05/09/2026,10:28:31,18.5,50.3
05/09/2026,10:33:31,18.6,50.3
05/09/2026,10:38:31,18.7,50.2
05/09/2026,10:43:31,18.7,50.1
05/09/2026,10:48:31,18.7,50.1
05/09/2026,10:53:31,18.7,50.1
05/09/2026,10:58:31,18.7,50
05/09/2026,11:03:31,18.8,49.9
05/09/2026,11:08:31,18.8,49.9
05/09/2026,11:13:31,18.9,50
05/09/2026,11:18:31,18.9,50
05/09/2026,11:23:31,18.9,50.1
05/09/2026,11:28:31,18.9,50.2
05/09/2026,11:33:31,19,50.4
05/09/2026,11:38:31,19,50.4
05/09/2026,11:43:31,19.1,50.5
05/09/2026,11:48:31,19.1,50.5
05/09/2026,11:53:31,19.1,50.6
05/09/2026,11:58:31,19.2,50.6
05/09/2026,12:03:31,19.3,50.6
05/09/2026,12:08:31,19.3,50.7
05/09/2026,12:13:31,19.3,50.7
05/09/2026,12:18:31,19.4,51
05/09/2026,12:23:31,19.4,51.1
05/09/2026,12:28:31,19.5,51.2
05/09/2026,12:33:31,19.5,51.3
05/09/2026,12:38:31,19.5,51.3
05/09/2026,12:43:31,19.6,51.4
05/09/2026,12:48:31,19.6,51.5
05/09/2026,12:53:31,19.7,51.4
05/09/2026,12:58:31,19.7,51.3
05/09/2026,13:03:31,19.7,51.3
05/09/2026,13:08:31,19.8,51.2
05/09/2026,13:13:31,19.8,51.1
05/09/2026,13:18:31,19.8,51
05/09/2026,13:23:31,19.8,50.9
05/09/2026,13:28:31,19.8,50.8
05/09/2026,13:33:31,19.8,50.7
05/09/2026,13:38:31,19.9,50.6
05/09/2026,13:43:31,19.9,50.6
05/09/2026,13:48:31,19.9,50.5
05/09/2026,13:53:31,19.9,50.4
05/09/2026,13:58:31,19.9,50.3
05/09/2026,14:03:31,19.9,50.2
05/09/2026,14:08:31,20,50.1
05/09/2026,14:13:31,20,50
05/09/2026,14:18:31,20,49.9
05/09/2026,14:23:31,20,49.9
05/09/2026,14:28:31,20,49.8
05/09/2026,14:33:31,20,49.7
05/09/2026,14:38:31,20,49.6
05/09/2026,14:43:31,20,49.6
05/09/2026,14:48:31,20,49.5
05/09/2026,14:53:31,20.1,49.4
05/09/2026,14:58:31,20.1,49.4
05/09/2026,15:03:31,20.1,49.3
05/09/2026,15:08:31,20.1,49.3
05/09/2026,15:13:31,20.2,49.3
05/09/2026,15:18:31,20.2,49.1
05/09/2026,15:23:31,20.2,49.2
05/09/2026,15:28:31,20.2,49.1
05/09/2026,15:33:31,20.2,49.1
05/09/2026,15:38:31,20.2,49
05/09/2026,15:43:31,20.2,49
05/09/2026,15:48:31,20.3,48.9
05/09/2026,15:53:31,20.3,48.9
05/09/2026,15:58:31,20.3,48.7
05/09/2026,16:03:31,20.3,48.7
05/09/2026,16:08:31,20.3,48.6
05/09/2026,16:13:31,20.3,48.5
05/09/2026,16:18:31,20.3,48.4
05/09/2026,16:23:31,20.4,48.4
05/09/2026,16:28:31,20.4,48.2
05/09/2026,16:33:31,20.4,48.2
05/09/2026,16:38:31,20.4,48.3
05/09/2026,16:43:31,20.4,48.1
05/09/2026,16:48:31,20.4,48.1
05/09/2026,16:53:31,20.5,48.1
05/09/2026,16:58:31,20.5,48
05/09/2026,17:03:31,20.5,47.9
05/09/2026,17:08:31,20.5,47.9
05/09/2026,17:13:31,20.5,47.9
05/09/2026,17:18:31,20.5,48
05/09/2026,17:23:31,20.6,48.1
05/09/2026,17:28:31,20.6,48.1
05/09/2026,17:33:31,20.6,48
05/09/2026,17:38:31,20.6,48
05/09/2026,17:43:31,20.6,48
05/09/2026,17:48:31,20.6,47.4
05/09/2026,17:53:31,20.6,47.3
05/09/2026,17:58:31,20.6,46.9
05/09/2026,18:03:31,20.6,46.9
05/09/2026,18:08:31,20.7,46.9
05/09/2026,18:13:31,20.7,46.8
05/09/2026,18:18:31,20.7,46.8
05/09/2026,18:23:31,20.8,46.9
05/09/2026,18:28:31,20.8,46.9
05/09/2026,18:33:31,20.8,47
05/09/2026,18:38:31,20.8,47.1
05/09/2026,18:43:31,20.9,47.2
05/09/2026,18:48:31,20.9,47.1
05/09/2026,18:53:31,21,46.9
05/09/2026,18:58:31,21,46.7
05/09/2026,19:03:31,21.1,46.6
05/09/2026,19:08:31,21.1,46.4
05/09/2026,19:13:31,21.1,46.1
05/09/2026,19:18:31,21.1,45.5
05/09/2026,19:23:31,21.1,44.9
05/09/2026,19:28:31,21.1,44.5
05/09/2026,19:33:31,21.1,44.7
05/09/2026,19:38:31,21.1,45
05/09/2026,19:43:31,21.1,45
05/09/2026,19:48:31,21.2,45.1
05/09/2026,19:53:31,21.2,45
05/09/2026,19:58:31,21.3,44.9
05/09/2026,20:03:31,21.3,45.1
05/09/2026,20:08:31,21.3,45.1
05/09/2026,20:13:31,21.4,45.4
05/09/2026,20:18:31,21.4,45.2
05/09/2026,20:23:31,21.4,45.2
05/09/2026,20:28:31,21.4,45.1
05/09/2026,20:33:31,21.4,44.9
05/09/2026,20:38:31,21.4,44.9
05/09/2026,20:43:31,21.4,44.7
05/09/2026,20:48:31,21.4,44.7
05/09/2026,20:53:31,21.3,44.5
05/09/2026,20:58:31,21.3,44.5
05/09/2026,21:03:31,21.3,44.4
05/09/2026,21:08:31,21.3,44.4
05/09/2026,21:13:31,21.3,44.2
05/09/2026,21:18:31,21.2,44.1
05/09/2026,21:23:31,21.2,44.1
05/09/2026,21:28:31,21.2,44.1
05/09/2026,21:33:31,21.2,44
05/09/2026,21:38:31,21.2,43.9
05/09/2026,21:43:31,21.2,43.9
05/09/2026,21:48:31,21.1,43.8
05/09/2026,21:53:31,21.1,43.8
05/09/2026,21:58:31,21.1,43.7
05/09/2026,22:03:31,21,43.7
05/09/2026,22:08:31,21,43.6
05/09/2026,22:13:31,21,43.6
05/09/2026,22:18:31,21,43.6
05/09/2026,22:23:31,20.9,43.6
05/09/2026,22:28:31,20.9,43.7
05/09/2026,22:33:31,20.9,43.5
05/09/2026,22:38:31,20.9,43.5
05/09/2026,22:43:31,20.8,43.5
05/09/2026,22:48:31,20.8,43.5
05/09/2026,22:53:31,20.8,43.6
05/09/2026,22:58:31,20.8,43.6
05/09/2026,23:03:31,20.7,43.5
05/09/2026,23:08:31,20.7,43.5
05/09/2026,23:13:31,20.7,43.5
05/09/2026,23:18:31,20.7,43.5
05/09/2026,23:23:31,20.6,43.5
05/09/2026,23:28:31,20.6,43.6
05/09/2026,23:33:31,20.5,43.6
05/09/2026,23:38:31,20.5,43.6
05/09/2026,23:43:31,20.5,43.6
05/09/2026,23:48:31,20.5,43.6
05/09/2026,23:53:31,20.5,43.7
05/09/2026,23:58:31,20.5,43.6
05/10/2026,00:03:31,20.4,43.7
05/10/2026,00:08:31,20.4,43.7
05/10/2026,00:13:31,20.4,43.8
05/10/2026,00:18:31,20.4,43.7
05/10/2026,00:23:31,20.3,43.8
05/10/2026,00:28:31,20.3,43.8
05/10/2026,00:33:31,20.3,43.9
05/10/2026,00:38:31,20.3,43.9
05/10/2026,00:43:31,20.3,43.9
05/10/2026,00:48:31,20.3,43.9
05/10/2026,00:53:31,20.3,44
05/10/2026,00:58:31,20.2,43.9
05/10/2026,01:03:31,20.3,43.9
05/10/2026,01:08:31,20.2,43.9
05/10/2026,01:13:31,20.2,44
05/10/2026,01:18:31,20.2,44
05/10/2026,01:23:31,20.2,44
05/10/2026,01:28:31,20.1,43.9
05/10/2026,01:33:31,20.1,44
05/10/2026,01:38:31,20.1,44.1
05/10/2026,01:43:31,20.1,44.1
05/10/2026,01:48:31,20.1,44.1
05/10/2026,01:53:31,20,44.1
05/10/2026,01:58:31,20,44.1
05/10/2026,02:03:31,19.9,44.2
05/10/2026,02:08:31,19.9,44.2
05/10/2026,02:13:31,19.9,44.2
05/10/2026,02:18:31,19.9,44.2
05/10/2026,02:23:31,19.9,44.3
05/10/2026,02:28:31,19.8,44.3
05/10/2026,02:33:31,19.8,44.3
05/10/2026,02:38:31,19.8,44.3
05/10/2026,02:43:31,19.8,44.4
05/10/2026,02:48:31,19.8,44.4
05/10/2026,02:53:31,19.8,44.4
05/10/2026,02:58:31,19.7,44.4
05/10/2026,03:03:31,19.7,44.4
05/10/2026,03:08:31,19.7,44.4
05/10/2026,03:13:31,19.7,44.4
05/10/2026,03:18:31,19.6,44.5
05/10/2026,03:23:31,19.6,44.5
05/10/2026,03:28:31,19.6,44.5
05/10/2026,03:33:31,19.5,44.5
05/10/2026,03:38:31,19.5,44.6
05/10/2026,03:43:31,19.5,44.6
05/10/2026,03:48:31,19.4,44.7
05/10/2026,03:53:31,19.4,44.7
05/10/2026,03:58:31,19.5,44.7
05/10/2026,04:03:31,19.5,44.7
05/10/2026,04:08:31,19.5,44.7
05/10/2026,04:13:31,19.5,44.7
05/10/2026,04:18:31,19.5,44.7
05/10/2026,04:23:31,19.5,44.7
05/10/2026,04:28:31,19.4,44.7
05/10/2026,04:33:31,19.4,44.7
05/10/2026,04:38:31,19.4,44.7
05/10/2026,04:43:31,19.4,44.7
05/10/2026,04:48:31,19.4,44.8
05/10/2026,04:53:31,19.4,44.8
05/10/2026,04:58:31,19.4,44.7
05/10/2026,05:03:31,19.3,44.8
05/10/2026,05:08:31,19.3,44.8
05/10/2026,05:13:31,19.3,44.8
05/10/2026,05:18:31,19.3,44.8
05/10/2026,05:23:31,19.3,44.8
05/10/2026,05:28:31,19.2,44.8
05/10/2026,05:33:31,19.2,44.8
05/10/2026,05:38:31,19.2,44.9
05/10/2026,05:43:31,19.1,44.9
05/10/2026,05:48:31,19.1,45
05/10/2026,05:53:31,19.1,45
05/10/2026,05:58:31,19.1,45
05/10/2026,06:03:31,19.1,45
05/10/2026,06:08:31,19,45.1
05/10/2026,06:13:31,19,45.1
05/10/2026,06:18:31,19,45.2
05/10/2026,06:23:31,19,45.1
05/10/2026,06:28:31,19,45.1
05/10/2026,06:33:31,18.9,45.2
05/10/2026,06:38:31,19,45.2
05/10/2026,06:43:31,18.9,45.2
05/10/2026,06:48:31,18.9,45.3
05/10/2026,06:53:31,18.9,45.3
05/10/2026,06:58:31,18.9,45.3
05/10/2026,07:03:31,18.9,45.4
05/10/2026,07:08:31,18.8,45.4
05/10/2026,07:13:31,18.8,45.4
05/10/2026,07:18:31,18.8,45.4
05/10/2026,07:23:31,18.8,45.5
05/10/2026,07:28:31,18.8,45.6
05/10/2026,07:33:31,18.8,45.6
05/10/2026,07:38:31,18.7,45.6
05/10/2026,07:43:31,18.7,45.6
05/10/2026,07:48:31,18.7,45.7
05/10/2026,07:53:31,18.7,45.8
05/10/2026,07:58:31,18.7,45.8
05/10/2026,08:03:31,18.7,46
05/10/2026,08:08:31,18.7,46.3
05/10/2026,08:13:31,18.8,46.3
05/10/2026,08:18:31,18.9,46.4
05/10/2026,08:23:31,18.9,46.6
05/10/2026,08:28:31,19,46.9
05/10/2026,08:33:31,19.2,46.9
05/10/2026,08:38:31,19.5,47.6
05/10/2026,08:43:31,19.9,46.6
05/10/2026,08:48:31,20.2,46.4
05/10/2026,08:53:31,20.3,46.2
05/10/2026,08:58:31,20.2,46.3
05/10/2026,09:03:31,20.2,46.2
05/10/2026,09:08:31,20.2,46.2
05/10/2026,09:13:31,20.2,46.2
05/10/2026,09:18:31,20.2,46.2
05/10/2026,09:23:31,20.2,46.4
05/10/2026,09:28:31,20.2,46.7
05/10/2026,09:33:31,20.1,47
05/10/2026,09:38:31,20.2,47.7
05/10/2026,09:43:31,20.2,48.4
05/10/2026,09:48:31,20.3,49.2
05/10/2026,09:53:31,20.3,49.6
05/10/2026,09:58:31,20.4,50
05/10/2026,10:03:31,20.5,50.9
05/10/2026,10:08:31,20.6,51.3
05/10/2026,10:13:31,20.8,52.3
05/10/2026,10:18:31,21.1,52.4
05/10/2026,10:23:31,21.4,52.8
05/10/2026,10:28:31,21.6,51.7
05/10/2026,10:33:31,21.6,51.8
05/10/2026,10:38:31,21.6,51.8
05/10/2026,10:43:31,21.7,52
05/10/2026,10:48:31,21.8,51.7
05/10/2026,10:53:31,21.9,51.3
05/10/2026,10:58:31,21.9,50.8
05/10/2026,11:03:31,21.9,50.6
05/10/2026,11:08:31,21.9,50.1
05/10/2026,11:13:31,21.9,50.1
05/10/2026,11:18:31,21.8,50
05/10/2026,11:23:31,21.8,49.5
05/10/2026,11:28:31,21.8,49.5
05/10/2026,11:33:31,21.8,50.2
05/10/2026,11:38:31,21.9,50.6
05/10/2026,11:43:31,22,50.9
05/10/2026,11:48:31,22.1,50.7
05/10/2026,11:53:31,22.2,51.3
05/10/2026,11:58:31,22.2,50.9
05/10/2026,12:03:31,22.3,51.3
05/10/2026,12:08:31,22.4,51.4
05/10/2026,12:13:31,22.4,51.7
05/10/2026,12:18:31,22.5,51.6
05/10/2026,12:23:31,22.5,51.9
05/10/2026,12:28:31,22.6,52.2
05/10/2026,12:33:31,22.7,52
05/10/2026,12:38:31,22.8,52.1
05/10/2026,12:43:31,22.8,51.7
05/10/2026,12:48:31,22.8,51.4
05/10/2026,12:53:31,22.8,50.9
05/10/2026,12:58:31,22.7,50.2
05/10/2026,13:03:31,22.7,49.8
05/10/2026,13:08:31,22.6,49.5
05/10/2026,13:13:31,22.6,49.2
05/10/2026,13:18:31,22.5,48.9
05/10/2026,13:23:31,22.5,48.6
05/10/2026,13:28:31,22.4,48.4
05/10/2026,13:33:31,22.3,48.2
05/10/2026,13:38:31,22.2,48
05/10/2026,13:43:31,22.2,47.9
05/10/2026,13:48:31,22.1,47.9
05/10/2026,13:53:31,22.1,47.7
05/10/2026,13:58:31,22,47.7
05/10/2026,14:03:31,22,47.6
05/10/2026,14:08:31,21.9,47.6
05/10/2026,14:13:31,21.9,47.5
05/10/2026,14:18:31,21.8,47.4
05/10/2026,14:23:31,21.7,47.3
05/10/2026,14:28:31,21.7,47.2
05/10/2026,14:33:31,21.6,47.2
05/10/2026,14:38:31,21.6,47.1
05/10/2026,14:43:31,21.5,47.1
05/10/2026,14:48:31,21.5,47.1
05/10/2026,14:53:31,21.4,47
05/10/2026,14:58:31,21.4,46.9
05/10/2026,15:03:31,21.4,46.8
05/10/2026,15:08:31,21.3,46.9
05/10/2026,15:13:31,21.3,46.9
05/10/2026,15:18:31,21.2,46.8
05/10/2026,15:23:31,21.2,46.8
05/10/2026,15:28:31,21.1,46.8
05/10/2026,15:33:31,21.1,46.9
05/10/2026,15:38:31,21.1,47.1
05/10/2026,15:43:31,21.1,47
05/10/2026,15:48:31,21,47
05/10/2026,15:53:31,21,47.1
05/10/2026,15:58:31,21,46.9
05/10/2026,16:03:31,21,47
05/10/2026,16:08:31,21,47
05/10/2026,16:13:31,20.9,47
05/10/2026,16:18:31,21,47
05/10/2026,16:23:31,20.9,46.9
05/10/2026,16:28:31,20.9,46.9
05/10/2026,16:33:31,20.9,46.8
05/10/2026,16:38:31,20.9,46.9
05/10/2026,16:43:31,20.9,46.9
05/10/2026,16:48:31,20.8,47
05/10/2026,16:53:31,20.8,46.8
05/10/2026,16:58:31,20.8,47
05/10/2026,17:03:31,20.8,46.8
05/10/2026,17:08:31,20.8,47
05/10/2026,17:13:31,20.8,47
05/10/2026,17:18:31,20.8,46.9
05/10/2026,17:23:31,20.8,46.8
05/10/2026,17:28:31,20.8,46.6
05/10/2026,17:33:31,20.8,46.6
05/10/2026,17:38:31,20.8,46.6
05/10/2026,17:43:31,20.8,46.6
05/10/2026,17:48:31,20.7,46.5
05/10/2026,17:53:31,20.7,46.4
05/10/2026,17:58:31,20.7,46.4
05/10/2026,18:03:31,20.7,46.4
05/10/2026,18:08:31,20.6,46.3
05/10/2026,18:13:31,20.6,46.2
05/10/2026,18:18:31,20.6,46.2
05/10/2026,18:23:31,20.6,46.1
05/10/2026,18:28:31,20.6,46.1
05/10/2026,18:33:31,20.5,46.1
05/10/2026,18:38:31,20.5,46.1
05/10/2026,18:43:31,20.5,46.1
05/10/2026,18:48:31,20.5,46.1
05/10/2026,18:53:31,20.5,46.1
05/10/2026,18:58:31,20.5,46.1
05/10/2026,19:03:31,20.5,46.1
05/10/2026,19:08:31,20.4,46.2
05/10/2026,19:13:31,20.4,46.1
05/10/2026,19:18:31,20.4,46.1
05/10/2026,19:23:31,20.4,46.1
05/10/2026,19:28:31,20.4,46.1
05/10/2026,19:33:31,20.4,46
05/10/2026,19:38:31,20.4,46
05/10/2026,19:43:31,20.3,46
05/10/2026,19:48:31,20.3,46
05/10/2026,19:53:31,20.3,45.9
05/10/2026,19:58:31,20.3,45.9
05/10/2026,20:03:31,20.2,45.8
05/10/2026,20:08:31,20.2,45.7
05/10/2026,20:13:31,20.1,45.6
05/10/2026,20:18:31,20.1,45.6
05/10/2026,20:23:31,20.1,45.5
05/10/2026,20:28:31,20.1,45.5
05/10/2026,20:33:31,20,45.3
05/10/2026,20:38:31,20,45.2
05/10/2026,20:43:31,20,45.2
05/10/2026,20:48:31,19.9,45.1
05/10/2026,20:53:31,19.9,45
05/10/2026,20:58:31,19.8,45
05/10/2026,21:03:31,19.8,44.9
05/10/2026,21:08:31,19.8,44.8
05/10/2026,21:13:31,19.7,44.8
05/10/2026,21:18:31,19.7,44.7
05/10/2026,21:23:31,19.7,44.6
05/10/2026,21:28:31,19.6,44.6
05/10/2026,21:33:31,19.6,44.5
05/10/2026,21:38:31,19.6,44.4
05/10/2026,21:43:31,19.5,44.3
05/10/2026,21:48:31,19.5,44.3
05/10/2026,21:53:31,19.5,44.2
05/10/2026,21:58:31,19.4,44.2
05/10/2026,22:03:31,19.4,44.1
05/10/2026,22:08:31,19.4,44
05/10/2026,22:13:31,19.3,44
05/10/2026,22:18:31,19.3,43.9
05/10/2026,22:23:31,19.2,43.8
05/10/2026,22:28:31,19.2,43.8
05/10/2026,22:33:31,19.2,43.7
05/10/2026,22:38:31,19.1,43.6
05/10/2026,22:43:31,19.1,43.5
05/10/2026,22:48:31,19,43.5
05/10/2026,22:53:31,19,43.5
05/10/2026,22:58:31,19,43.4
05/10/2026,23:03:31,19,43.3
05/10/2026,23:08:31,18.9,43.3
05/10/2026,23:13:31,18.9,43.2
05/10/2026,23:18:31,18.9,43.2
05/10/2026,23:23:31,18.9,43.1
05/10/2026,23:28:31,18.8,43
05/10/2026,23:33:31,18.8,43
05/10/2026,23:38:31,18.7,43
05/10/2026,23:43:31,18.7,42.9
05/10/2026,23:48:31,18.7,43
05/10/2026,23:53:31,18.7,42.9
05/10/2026,23:58:31,18.7,42.9
05/11/2026,00:03:31,18.6,42.7
05/11/2026,00:08:31,18.6,42.7
05/11/2026,00:13:31,18.6,42.7
05/11/2026,00:18:31,18.5,42.6
05/11/2026,00:23:31,18.5,42.6
05/11/2026,00:28:31,18.5,42.6
05/11/2026,00:33:31,18.4,42.4
05/11/2026,00:38:31,18.4,42.4
05/11/2026,00:43:31,18.3,42.3
05/11/2026,00:48:31,18.3,42.3
05/11/2026,00:53:31,18.3,42.2
05/11/2026,00:58:31,18.2,42.2
05/11/2026,01:03:31,18.2,42.1
05/11/2026,01:08:31,18.2,42.1
05/11/2026,01:13:31,18.1,42.1
05/11/2026,01:18:31,18.1,42
05/11/2026,01:23:31,18,42
05/11/2026,01:28:31,18,42
05/11/2026,01:33:31,18,42
05/11/2026,01:38:31,18,41.9
05/11/2026,01:43:31,18,41.9
05/11/2026,01:48:31,17.9,41.9
05/11/2026,01:53:31,17.9,41.8
05/11/2026,01:58:31,17.9,41.8
05/11/2026,02:03:31,17.8,41.8
05/11/2026,02:08:31,17.8,41.8
05/11/2026,02:13:31,17.8,41.8
05/11/2026,02:18:31,17.7,41.7
05/11/2026,02:23:31,17.7,41.7
05/11/2026,02:28:31,17.7,41.6
05/11/2026,02:33:31,17.7,41.6
05/11/2026,02:38:31,17.6,41.6
05/11/2026,02:43:31,17.6,41.5
05/11/2026,02:48:31,17.6,41.6
05/11/2026,02:53:31,17.5,41.5
05/11/2026,02:58:31,17.5,41.5
05/11/2026,03:03:31,17.5,41.4
05/11/2026,03:08:31,17.5,41.4
05/11/2026,03:13:31,17.4,41.4
05/11/2026,03:18:31,17.4,41.4
05/11/2026,03:23:31,17.4,41.4
05/11/2026,03:28:31,17.4,41.4
05/11/2026,03:33:31,17.3,41.2
05/11/2026,03:38:31,17.3,41.2
05/11/2026,03:43:31,17.3,41.2
05/11/2026,03:48:31,17.2,41.3
05/11/2026,03:53:31,17.2,41.2
05/11/2026,03:58:31,17.2,41.2
05/11/2026,04:03:31,17.1,41.1
05/11/2026,04:08:31,17.1,41.1
05/11/2026,04:13:31,17.1,41.1
05/11/2026,04:18:31,17.1,41.1
05/11/2026,04:23:31,17.1,41.1
05/11/2026,04:28:31,17,41.1
05/11/2026,04:33:31,17,41
05/11/2026,04:38:31,17,41.1
05/11/2026,04:43:31,17,41
05/11/2026,04:48:31,16.9,41
05/11/2026,04:53:31,16.9,41
05/11/2026,04:58:31,16.9,41
05/11/2026,05:03:31,16.8,41
05/11/2026,05:08:31,16.8,40.9
05/11/2026,05:13:31,16.8,41
05/11/2026,05:18:31,16.7,40.9
05/11/2026,05:23:31,16.7,41
05/11/2026,05:28:31,16.7,40.9
05/11/2026,05:33:31,16.6,40.9
05/11/2026,05:38:31,16.6,40.9
05/11/2026,05:43:31,16.6,40.9
05/11/2026,05:48:31,16.6,40.9
05/11/2026,05:53:31,16.5,40.9
05/11/2026,05:58:31,16.5,40.8
05/11/2026,06:03:31,16.5,40.9
05/11/2026,06:08:31,16.5,40.9
05/11/2026,06:13:31,16.5,41
05/11/2026,06:18:31,16.5,41
05/11/2026,06:23:31,16.5,41
05/11/2026,06:28:31,16.5,41.1
05/11/2026,06:33:31,16.4,41.1
05/11/2026,06:38:31,16.4,41.1
05/11/2026,06:43:31,16.5,41.1
05/11/2026,06:48:31,16.4,41.2
05/11/2026,06:53:31,16.4,41.3
05/11/2026,06:58:31,16.5,41.3
05/11/2026,07:03:31,16.5,41.3
05/11/2026,07:08:31,16.5,41.3
05/11/2026,07:13:31,16.5,41.4
05/11/2026,07:18:31,16.4,41.4
05/11/2026,07:23:31,16.4,41.5
05/11/2026,07:28:31,16.4,41.5
05/11/2026,07:33:31,16.4,41.6
05/11/2026,07:38:31,16.4,41.6
05/11/2026,07:43:31,16.4,41.7
05/11/2026,07:48:31,16.4,41.7
05/11/2026,07:53:31,16.4,41.8
05/11/2026,07:58:31,16.4,41.8
05/11/2026,08:03:31,16.4,41.9
05/11/2026,08:08:31,16.4,41.9
05/11/2026,08:13:31,16.4,41.9
05/11/2026,08:18:31,16.4,42
05/11/2026,08:23:31,16.4,42.1
05/11/2026,08:28:31,16.4,42.1
05/11/2026,08:33:31,16.4,42.2
05/11/2026,08:38:31,16.4,42.2
05/11/2026,08:43:31,16.4,42.3
05/11/2026,08:48:31,16.5,42.3
05/11/2026,08:53:31,16.4,42.4
05/11/2026,08:58:31,16.4,42.4
05/11/2026,09:03:31,16.4,42.5
05/11/2026,09:08:31,16.4,42.5
05/11/2026,09:13:31,16.4,42.5
05/11/2026,09:18:31,16.4,42.6
05/11/2026,09:23:31,16.5,42.7
05/11/2026,09:28:31,16.5,42.7
05/11/2026,09:33:31,16.5,42.8
05/11/2026,09:38:31,16.5,42.8
05/11/2026,09:43:31,16.5,42.9
05/11/2026,09:48:31,16.5,43
05/11/2026,09:53:31,16.5,43.1
05/11/2026,09:58:31,16.6,43.1
05/11/2026,10:03:31,16.6,43.2
05/11/2026,10:08:31,16.6,43.3
05/11/2026,10:13:31,16.6,43.4
05/11/2026,10:18:31,16.6,43.4
05/11/2026,10:23:31,16.6,43.5
05/11/2026,10:28:31,16.6,43.5
05/11/2026,10:33:31,16.7,43.6
05/11/2026,10:38:31,16.7,43.6
05/11/2026,10:43:31,16.7,43.6
05/11/2026,10:48:31,16.7,43.6
05/11/2026,10:53:31,16.7,43.7
05/11/2026,10:58:31,16.7,43.6
05/11/2026,11:03:31,16.7,43.7
05/11/2026,11:08:31,16.7,43.7
05/11/2026,11:13:31,16.8,43.7
05/11/2026,11:18:31,16.8,43.8
05/11/2026,11:23:31,16.8,43.8
05/11/2026,11:28:31,16.8,43.8
05/11/2026,11:33:31,16.8,43.9
05/11/2026,11:38:31,16.8,43.9
05/11/2026,11:43:31,16.8,43.9
05/11/2026,11:48:31,16.8,44
05/11/2026,11:53:31,16.8,44
05/11/2026,11:58:31,16.8,44
05/11/2026,12:03:31,16.8,44
05/11/2026,12:08:31,16.8,44.1
05/11/2026,12:13:31,16.8,44.1
05/11/2026,12:18:31,16.8,44.2
05/11/2026,12:23:31,16.8,44.1
05/11/2026,12:28:31,16.8,44.2
05/11/2026,12:33:31,16.8,44.2
05/11/2026,12:38:31,16.8,44.2
05/11/2026,12:43:31,16.8,44.3
05/11/2026,12:48:31,16.8,44.2
05/11/2026,12:53:31,16.9,44.2
05/11/2026,12:58:31,16.8,44.2
05/11/2026,13:03:31,16.8,44.2
05/11/2026,13:08:31,16.8,44.2
05/11/2026,13:13:31,16.8,44.2
05/11/2026,13:18:31,16.8,44.3
05/11/2026,13:23:31,16.8,44.2
05/11/2026,13:28:31,16.8,44.3
05/11/2026,13:33:31,16.8,44.2
05/11/2026,13:38:31,16.8,44.3
05/11/2026,13:43:31,16.8,44.3
05/11/2026,13:48:31,16.8,44.3
05/11/2026,13:53:31,16.8,44.2
05/11/2026,13:58:31,16.8,44.2
05/11/2026,14:03:31,16.8,44.3
05/11/2026,14:08:31,16.8,44.3
05/11/2026,14:13:31,16.8,44.3
05/11/2026,14:18:31,16.8,44.3
05/11/2026,14:23:31,16.8,44.3
05/11/2026,14:28:31,16.8,44.3
05/11/2026,14:33:31,16.8,44.3
05/11/2026,14:38:31,16.8,44.3
05/11/2026,14:43:31,16.8,44.3
05/11/2026,14:48:31,16.8,44.3
05/11/2026,14:53:31,16.8,44.3
05/11/2026,14:58:31,16.8,44.2
05/11/2026,15:03:31,16.8,44.3
05/11/2026,15:08:31,16.8,44.3
05/11/2026,15:13:31,16.8,44.3
05/11/2026,15:18:31,16.8,44.3
05/11/2026,15:23:31,16.8,44.3
05/11/2026,15:28:31,16.8,44.3
05/11/2026,15:33:31,16.8,44.3
05/11/2026,15:38:31,16.8,44.3
05/11/2026,15:43:31,16.8,44.3
05/11/2026,15:48:31,16.8,44.3
05/11/2026,15:53:31,16.8,44.3
05/11/2026,15:58:31,16.8,44.3
05/11/2026,16:03:31,16.8,44.3
05/11/2026,16:08:31,16.8,44.3
05/11/2026,16:13:31,16.8,44.3
05/11/2026,16:18:31,16.8,44.3
05/11/2026,16:23:31,16.8,44.3
05/11/2026,16:28:31,16.8,44.3
05/11/2026,16:33:31,16.8,44.3
05/11/2026,16:38:31,16.8,44.3
05/11/2026,16:43:31,16.8,44.3
05/11/2026,16:48:31,16.8,44.3
05/11/2026,16:53:31,16.8,44.3
05/11/2026,16:58:31,16.8,44.3
05/11/2026,17:03:31,16.8,44.3
05/11/2026,17:08:31,16.8,44.3
05/11/2026,17:13:31,16.8,44.3
05/11/2026,17:18:31,16.8,44.3
05/11/2026,17:23:31,16.8,44.3
05/11/2026,17:28:31,16.8,44.3
05/11/2026,17:33:31,16.8,44.2
05/11/2026,17:38:31,16.8,44.2
05/11/2026,17:43:31,16.8,44.2
05/11/2026,17:48:31,16.8,44.2
05/11/2026,17:53:31,16.8,44.2
05/11/2026,17:58:31,16.8,44.2
05/11/2026,18:03:31,16.8,44.2
05/11/2026,18:08:31,16.8,44.2
05/11/2026,18:13:31,16.8,44.2
05/11/2026,18:18:31,16.8,44.2
05/11/2026,18:23:31,16.8,44.2
05/11/2026,18:28:31,16.8,44.2
05/11/2026,18:33:31,16.8,44.2
05/11/2026,18:38:31,16.8,44.2
05/11/2026,18:43:31,16.8,44.2
05/11/2026,18:48:31,16.8,44.2
05/11/2026,18:53:31,16.8,44.2
05/11/2026,18:58:31,16.8,44.2
05/11/2026,19:03:31,16.8,44.2
05/11/2026,19:08:31,16.8,44.3
05/11/2026,19:13:31,16.8,44.4
05/11/2026,19:18:31,16.8,44.4
05/11/2026,19:23:31,16.8,44.5
05/11/2026,19:28:31,16.8,44.5
05/11/2026,19:33:31,16.8,44.6
05/11/2026,19:38:31,16.8,44.7
05/11/2026,19:43:31,16.8,44.8
05/11/2026,19:48:31,16.9,44.9
05/11/2026,19:53:31,16.9,44.9
05/11/2026,19:58:31,16.9,45
05/11/2026,20:03:31,16.9,45.1
05/11/2026,20:08:31,16.9,45.2
05/11/2026,20:13:31,16.9,45.2
05/11/2026,20:18:31,16.9,45.3
05/11/2026,20:23:31,16.9,45.3
05/11/2026,20:28:31,16.9,45.2
05/11/2026,20:33:31,16.9,45.2
05/11/2026,20:38:31,17,45.2
05/11/2026,20:43:31,16.9,45.2
05/11/2026,20:48:31,17,45.2
05/11/2026,20:53:31,16.9,45.2
05/11/2026,20:58:31,16.9,45.2
05/11/2026,21:03:31,16.9,45.2
05/11/2026,21:08:31,16.9,45.2
05/11/2026,21:13:31,16.9,45.2
05/11/2026,21:18:31,16.9,45.2
05/11/2026,21:23:31,16.9,45.2
05/11/2026,21:28:31,16.9,45.2
05/11/2026,21:33:31,16.9,45.2
05/11/2026,21:38:31,16.9,45.1
05/11/2026,21:43:31,16.9,45.1
05/11/2026,21:48:31,16.8,45.1
05/11/2026,21:53:31,16.8,45.1
05/11/2026,21:58:31,16.8,45.1
05/11/2026,22:03:31,16.8,45.1
05/11/2026,22:08:31,16.8,45
05/11/2026,22:13:31,16.7,45
05/11/2026,22:18:31,16.7,45
05/11/2026,22:23:31,16.7,44.9
05/11/2026,22:28:31,16.7,44.9
05/11/2026,22:33:31,16.6,44.9
05/11/2026,22:38:31,16.6,44.8
05/11/2026,22:43:31,16.6,44.7
05/11/2026,22:48:31,16.6,44.6
05/11/2026,22:53:31,16.6,44.6
05/11/2026,22:58:31,16.5,44.5
05/11/2026,23:03:31,16.5,44.5
05/11/2026,23:08:31,16.5,44.5
05/11/2026,23:13:31,16.5,44.4
05/11/2026,23:18:31,16.5,44.4
05/11/2026,23:23:31,16.4,44.4
05/11/2026,23:28:31,16.4,44.3
05/11/2026,23:33:31,16.4,44.3
05/11/2026,23:38:31,16.4,44.3
05/11/2026,23:43:31,16.3,44.2
05/11/2026,23:48:31,16.3,44.2
05/11/2026,23:53:31,16.3,44.1
05/11/2026,23:58:31,16.3,44.2
05/12/2026,00:03:31,16.2,44.1
05/12/2026,00:08:31,16.2,44.1
05/12/2026,00:13:31,16.2,44.1
05/12/2026,00:18:31,16.1,44
05/12/2026,00:23:31,16.1,44
05/12/2026,00:28:31,16.1,43.9
05/12/2026,00:33:31,16.1,44
05/12/2026,00:38:31,16,43.9
05/12/2026,00:43:31,16.1,43.9
05/12/2026,00:48:31,16,43.9
05/12/2026,00:53:31,16,43.8
05/12/2026,00:58:31,15.9,43.8
05/12/2026,01:03:31,15.9,43.8
05/12/2026,01:08:31,15.9,43.8
05/12/2026,01:13:31,15.9,43.7
05/12/2026,01:18:31,15.9,43.7
05/12/2026,01:23:31,15.9,43.7
05/12/2026,01:28:31,15.8,43.6
05/12/2026,01:33:31,15.8,43.6
05/12/2026,01:38:31,15.8,43.6
05/12/2026,01:43:31,15.8,43.6
05/12/2026,01:48:31,15.8,43.6
05/12/2026,01:53:31,15.7,43.5
05/12/2026,01:58:31,15.7,43.5
05/12/2026,02:03:31,15.7,43.5
05/12/2026,02:08:31,15.6,43.5
05/12/2026,02:13:31,15.6,43.5
05/12/2026,02:18:31,15.6,43.4
05/12/2026,02:23:31,15.6,43.4
05/12/2026,02:28:31,15.6,43.3
05/12/2026,02:33:31,15.5,43.3
05/12/2026,02:38:31,15.5,43.3
05/12/2026,02:43:31,15.5,43.3
05/12/2026,02:48:31,15.5,43.3
05/12/2026,02:53:31,15.5,43.3
05/12/2026,02:58:31,15.5,43.2
05/12/2026,03:03:31,15.4,43.2
05/12/2026,03:08:31,15.4,43.2
05/12/2026,03:13:31,15.4,43.2
05/12/2026,03:18:31,15.4,43.1
05/12/2026,03:23:31,15.4,43.2
05/12/2026,03:28:31,15.3,43.1
05/12/2026,03:33:31,15.3,43.1
05/12/2026,03:38:31,15.3,43.1
05/12/2026,03:43:31,15.3,43.1
05/12/2026,03:48:31,15.3,43
05/12/2026,03:53:31,15.2,43
05/12/2026,03:58:31,15.2,43
05/12/2026,04:03:31,15.2,43
05/12/2026,04:08:31,15.2,43
05/12/2026,04:13:31,15.1,43
05/12/2026,04:18:31,15.1,43
05/12/2026,04:23:31,15.1,42.9
05/12/2026,04:28:31,15.1,42.9
05/12/2026,04:33:31,15.1,43
05/12/2026,04:38:31,15,42.9
05/12/2026,04:43:31,15,42.9
05/12/2026,04:48:31,15,42.9
05/12/2026,04:53:31,15,42.9
05/12/2026,04:58:31,15,42.9
05/12/2026,05:03:31,15,42.8
05/12/2026,05:08:31,14.9,42.8
05/12/2026,05:13:31,14.9,42.9
05/12/2026,05:18:31,14.9,42.8
05/12/2026,05:23:31,14.9,42.8
05/12/2026,05:28:31,14.9,42.8
05/12/2026,05:33:31,14.8,42.8
05/12/2026,05:38:31,14.9,42.8
05/12/2026,05:43:31,14.8,42.8
05/12/2026,05:48:31,14.8,42.8
05/12/2026,05:53:31,14.8,42.8
05/12/2026,05:58:31,14.8,42.8
05/12/2026,06:03:31,14.8,42.8
05/12/2026,06:08:31,14.8,42.8
05/12/2026,06:13:31,14.7,42.8
05/12/2026,06:18:31,14.7,42.8
05/12/2026,06:23:31,14.7,42.8
05/12/2026,06:28:31,14.7,42.8
05/12/2026,06:33:31,14.7,42.7
05/12/2026,06:38:31,14.7,42.8
05/12/2026,06:43:31,14.7,42.8
05/12/2026,06:48:31,14.6,42.7
05/12/2026,06:53:31,14.6,42.8
05/12/2026,06:58:31,14.6,42.8
05/12/2026,07:03:31,14.6,42.8
05/12/2026,07:08:31,14.6,42.8
05/12/2026,07:13:31,14.6,42.8
05/12/2026,07:18:31,14.6,42.7
05/12/2026,07:23:31,14.6,42.8
05/12/2026,07:28:31,14.6,42.8
05/12/2026,07:33:31,14.6,42.8
05/12/2026,07:38:31,14.6,42.8
05/12/2026,07:43:31,14.6,42.8
05/12/2026,07:48:31,14.6,42.8
05/12/2026,07:53:31,14.6,42.8
05/12/2026,07:58:31,14.6,42.8
05/12/2026,08:03:31,14.6,42.9
05/12/2026,08:08:31,14.7,42.9
05/12/2026,08:13:31,14.6,42.9
05/12/2026,08:18:31,14.6,42.9
05/12/2026,08:23:31,14.7,42.9
05/12/2026,08:28:31,14.6,42.9
05/12/2026,08:33:31,14.7,43
05/12/2026,08:38:31,14.7,43
05/12/2026,08:43:31,14.7,43
05/12/2026,08:48:31,14.7,43
05/12/2026,08:53:31,14.7,43
05/12/2026,08:58:31,14.7,43.1
05/12/2026,09:03:31,14.8,43.1
05/12/2026,09:08:31,14.8,43.1
05/12/2026,09:13:31,14.8,43.2
05/12/2026,09:18:31,14.8,43.2
05/12/2026,09:23:31,14.8,43.2
05/12/2026,09:28:31,14.8,43.2
05/12/2026,09:33:31,14.8,43.2
05/12/2026,09:38:31,14.8,43.2
05/12/2026,09:43:31,14.9,43.3
05/12/2026,09:48:31,14.9,43.2
05/12/2026,09:53:31,14.9,43.3
05/12/2026,09:58:31,14.9,43.3
05/12/2026,10:03:31,14.9,43.3
05/12/2026,10:08:31,14.9,43.3
05/12/2026,10:13:31,14.9,43.3
05/12/2026,10:18:31,15,43.3
05/12/2026,10:23:31,15,43.3
05/12/2026,10:28:31,15,43.3
05/12/2026,10:33:31,15,43.3
05/12/2026,10:38:31,15,43.3
05/12/2026,10:43:31,15,43.3
05/12/2026,10:48:31,15.1,43.4
05/12/2026,10:53:31,15.1,43.3
05/12/2026,10:58:31,15.1,43.4
05/12/2026,11:03:31,15.1,43.3
05/12/2026,11:08:31,15.1,43.4
05/12/2026,11:13:31,15.1,43.4
05/12/2026,11:18:31,15.2,43.4
05/12/2026,11:23:31,15.2,43.4
05/12/2026,11:28:31,15.2,43.4
05/12/2026,11:33:31,15.2,43.4
05/12/2026,11:38:31,15.2,43.4
05/12/2026,11:43:31,15.2,43.4
05/12/2026,11:48:31,15.2,43.4
05/12/2026,11:53:31,15.2,43.5
05/12/2026,11:58:31,15.3,43.5
05/12/2026,12:03:31,15.3,43.5
05/12/2026,12:08:31,15.3,43.6
05/12/2026,12:13:31,15.3,43.6
05/12/2026,12:18:31,15.3,43.6
05/12/2026,12:23:31,15.4,43.8
05/12/2026,12:28:31,15.3,43.8
05/12/2026,12:33:31,15.4,43.9
05/12/2026,12:38:31,15.4,44
05/12/2026,12:43:31,15.4,44.1
05/12/2026,12:48:31,15.4,44.1
05/12/2026,12:53:31,15.5,44.2
05/12/2026,12:58:31,15.5,44.3
05/12/2026,13:03:31,15.5,44.4
05/12/2026,13:08:31,15.6,44.5
05/12/2026,13:13:31,15.6,44.5
05/12/2026,13:18:31,15.6,44.6
05/12/2026,13:23:31,15.6,44.6
05/12/2026,13:28:31,15.6,44.6
05/12/2026,13:33:31,15.7,44.7
05/12/2026,13:38:31,15.7,44.7
05/12/2026,13:43:31,15.7,44.7
05/12/2026,13:48:31,15.7,44.8
05/12/2026,13:53:31,15.8,44.8
05/12/2026,13:58:31,15.8,44.8
05/12/2026,14:03:31,15.8,44.8
05/12/2026,14:08:31,15.8,44.8
05/12/2026,14:13:31,15.8,44.8
05/12/2026,14:18:31,15.8,44.8
05/12/2026,14:23:31,15.9,44.8
05/12/2026,14:28:31,15.8,44.8
05/12/2026,14:33:31,15.8,44.8
05/12/2026,14:38:31,15.9,44.8
05/12/2026,14:43:31,15.9,44.8
05/12/2026,14:48:31,15.9,44.8
05/12/2026,14:53:31,15.9,44.8
05/12/2026,14:58:31,15.9,44.9
05/12/2026,15:03:31,15.9,44.9
05/12/2026,15:08:31,16,45
05/12/2026,15:13:31,16,45
05/12/2026,15:18:31,16,45.1
05/12/2026,15:23:31,16,45
05/12/2026,15:28:31,16,45.1
05/12/2026,15:33:31,16,45.2
05/12/2026,15:38:31,16,45.2
05/12/2026,15:43:31,16.1,45.2
05/12/2026,15:48:31,16,45.2
05/12/2026,15:53:31,16,45.2
05/12/2026,15:58:31,16.1,45.1
05/12/2026,16:03:31,16.1,45.2
05/12/2026,16:08:31,16.1,45.2
05/12/2026,16:13:31,16.1,45.2
05/12/2026,16:18:31,16.1,45.2
05/12/2026,16:23:31,16.1,45.2
05/12/2026,16:28:31,16.1,45.2
05/12/2026,16:33:31,16.1,45.3
05/12/2026,16:38:31,16.1,45.3
05/12/2026,16:43:31,16.1,45.3
05/12/2026,16:48:31,16.2,45.3
05/12/2026,16:53:31,16.2,45.4
05/12/2026,16:58:31,16.1,45.4
05/12/2026,17:03:31,16.2,45.4
05/12/2026,17:08:31,16.2,45.4
05/12/2026,17:13:31,16.1,45.5
05/12/2026,17:18:31,16.2,45.6
05/12/2026,17:23:31,16.2,45.7
05/12/2026,17:28:31,16.2,45.8
05/12/2026,17:33:31,16.2,45.9
05/12/2026,17:38:31,16.2,45.9
05/12/2026,17:43:31,16.2,45.9
05/12/2026,17:48:31,16.2,45.9
05/12/2026,17:53:31,16.2,45.9
05/12/2026,17:58:31,16.3,46
05/12/2026,18:03:31,16.3,45.9
05/12/2026,18:08:31,16.3,46
05/12/2026,18:13:31,16.3,46.1
05/12/2026,18:18:31,16.3,46
05/12/2026,18:23:31,16.3,46
05/12/2026,18:28:31,16.3,46
05/12/2026,18:33:31,16.3,46
05/12/2026,18:38:31,16.4,46.1
05/12/2026,18:43:31,16.4,46.1
05/12/2026,18:48:31,16.4,46.1
05/12/2026,18:53:31,16.4,46.3
05/12/2026,18:58:31,16.4,46.3
05/12/2026,19:03:31,16.4,46.5
05/12/2026,19:08:31,16.5,46.7
05/12/2026,19:13:31,16.5,46.9
05/12/2026,19:18:31,16.5,47.1
05/12/2026,19:23:31,16.5,47.2
05/12/2026,19:28:31,16.5,47.5
05/12/2026,19:33:31,16.6,47.7
05/12/2026,19:38:31,16.6,47.8
05/12/2026,19:43:31,16.6,48
05/12/2026,19:48:31,16.6,48
05/12/2026,19:53:31,16.7,48.2
05/12/2026,19:58:31,16.7,48.3
05/12/2026,20:03:31,16.7,48.3
05/12/2026,20:08:31,16.7,48.4
05/12/2026,20:13:31,16.8,48.4
05/12/2026,20:18:31,16.8,48.4
05/12/2026,20:23:31,16.8,48.5
05/12/2026,20:28:31,16.8,48.5
05/12/2026,20:33:31,16.8,48.4
05/12/2026,20:38:31,16.8,48.5
05/12/2026,20:43:31,16.8,48.3
05/12/2026,20:48:31,16.9,48.3
05/12/2026,20:53:31,16.9,48.3
05/12/2026,20:58:31,16.9,48.2
05/12/2026,21:03:31,16.9,48.2
05/12/2026,21:08:31,16.8,48.1
05/12/2026,21:13:31,16.9,48.1
05/12/2026,21:18:31,16.9,48
05/12/2026,21:23:31,16.9,48
05/12/2026,21:28:31,16.9,48
05/12/2026,21:33:31,16.8,48
05/12/2026,21:38:31,16.8,48
05/12/2026,21:43:31,16.8,47.9
05/12/2026,21:48:31,16.8,47.9
05/12/2026,21:53:31,16.8,47.8
05/12/2026,21:58:31,16.8,47.7
05/12/2026,22:03:31,16.7,47.6
05/12/2026,22:08:31,16.7,47.6
05/12/2026,22:13:31,16.7,47.6
05/12/2026,22:18:31,16.7,47.5
05/12/2026,22:23:31,16.7,47.5
05/12/2026,22:28:31,16.7,47.4
05/12/2026,22:33:31,16.6,47.4
05/12/2026,22:38:31,16.6,47.3
05/12/2026,22:43:31,16.6,47.3
05/12/2026,22:48:31,16.6,47.2
05/12/2026,22:53:31,16.6,47.2
05/12/2026,22:58:31,16.5,47.2
05/12/2026,23:03:31,16.5,47.1
05/12/2026,23:08:31,16.5,47.1
05/12/2026,23:13:31,16.5,47.1
05/12/2026,23:18:31,16.5,47.1
05/12/2026,23:23:31,16.5,47
05/12/2026,23:28:31,16.5,47
05/12/2026,23:33:31,16.5,47
05/12/2026,23:38:31,16.4,47
05/12/2026,23:43:31,16.4,46.9
05/12/2026,23:48:31,16.4,46.9
05/12/2026,23:53:31,16.4,46.8
05/12/2026,23:58:31,16.4,46.9
05/13/2026,00:03:31,16.3,46.8
05/13/2026,00:08:31,16.3,46.9
05/13/2026,00:13:31,16.3,46.8
05/13/2026,00:18:31,16.2,46.9
05/13/2026,00:23:31,16.2,46.8
05/13/2026,00:28:31,16.2,46.8
05/13/2026,00:33:31,16.2,46.8
05/13/2026,00:38:31,16.2,46.8
05/13/2026,00:43:31,16.2,46.8
05/13/2026,00:48:31,16.2,46.8
05/13/2026,00:53:31,16.2,46.8
05/13/2026,00:58:31,16.1,46.9
05/13/2026,01:03:31,16.1,46.8
05/13/2026,01:08:31,16.1,46.8
05/13/2026,01:13:31,16.1,46.8
05/13/2026,01:18:31,16.1,46.8
05/13/2026,01:23:31,16,46.8
05/13/2026,01:28:31,16,46.8
05/13/2026,01:33:31,16,46.7
05/13/2026,01:38:31,16,46.7
05/13/2026,01:43:31,16,46.7
05/13/2026,01:48:31,16,46.7
05/13/2026,01:53:31,16,46.7
05/13/2026,01:58:31,16,46.6
05/13/2026,02:03:31,15.9,46.6
05/13/2026,02:08:31,15.9,46.6
05/13/2026,02:13:31,15.9,46.6
05/13/2026,02:18:31,15.9,46.6
05/13/2026,02:23:31,15.9,46.6
05/13/2026,02:28:31,15.9,46.6
05/13/2026,02:33:31,15.8,46.5
05/13/2026,02:38:31,15.8,46.5
05/13/2026,02:43:31,15.8,46.5
05/13/2026,02:48:31,15.8,46.5
05/13/2026,02:53:31,15.8,46.5
05/13/2026,02:58:31,15.8,46.5
05/13/2026,03:03:31,15.8,46.5
05/13/2026,03:08:31,15.8,46.5
05/13/2026,03:13:31,15.7,46.5
05/13/2026,03:18:31,15.7,46.5
05/13/2026,03:23:31,15.7,46.4
05/13/2026,03:28:31,15.7,46.4
05/13/2026,03:33:31,15.7,46.5
05/13/2026,03:38:31,15.7,46.4
05/13/2026,03:43:31,15.7,46.4
05/13/2026,03:48:31,15.6,46.4
05/13/2026,03:53:31,15.6,46.4
05/13/2026,03:58:31,15.6,46.4
05/13/2026,04:03:31,15.6,46.4
05/13/2026,04:08:31,15.6,46.4
05/13/2026,04:13:31,15.6,46.4
05/13/2026,04:18:31,15.6,46.4
05/13/2026,04:23:31,15.6,46.4
05/13/2026,04:28:31,15.6,46.4
05/13/2026,04:33:31,15.6,46.4
05/13/2026,04:38:31,15.6,46.4
05/13/2026,04:43:31,15.6,46.4
05/13/2026,04:48:31,15.6,46.3
05/13/2026,04:53:31,15.5,46.4
05/13/2026,04:58:31,15.5,46.3
05/13/2026,05:03:31,15.5,46.3
05/13/2026,05:08:31,15.5,46.3
05/13/2026,05:13:31,15.5,46.3
05/13/2026,05:18:31,15.5,46.3
05/13/2026,05:23:31,15.5,46.3
05/13/2026,05:28:31,15.5,46.3
05/13/2026,05:33:31,15.5,46.3
05/13/2026,05:38:31,15.5,46.3
05/13/2026,05:43:31,15.5,46.3
05/13/2026,05:48:31,15.4,46.3
05/13/2026,05:53:31,15.4,46.3
05/13/2026,05:58:31,15.4,46.3
05/13/2026,06:03:31,15.4,46.3
05/13/2026,06:08:31,15.4,46.3
05/13/2026,06:13:31,15.4,46.3
05/13/2026,06:18:31,15.4,46.3
05/13/2026,06:23:31,15.4,46.4
05/13/2026,06:28:31,15.4,46.4
05/13/2026,06:33:31,15.4,46.4
05/13/2026,06:38:31,15.4,46.4
05/13/2026,06:43:31,15.4,46.4
05/13/2026,06:48:31,15.4,46.4
05/13/2026,06:53:31,15.3,46.4
05/13/2026,06:58:31,15.3,46.4
05/13/2026,07:03:31,15.3,46.4
05/13/2026,07:08:31,15.3,46.5
05/13/2026,07:13:31,15.3,46.5
05/13/2026,07:18:31,15.3,46.5
05/13/2026,07:23:31,15.3,46.5
05/13/2026,07:28:31,15.3,46.6
05/13/2026,07:33:31,15.3,46.6
05/13/2026,07:38:31,15.3,46.6
05/13/2026,07:43:31,15.3,46.6
05/13/2026,07:48:31,15.3,46.7
05/13/2026,07:53:31,15.3,46.7
05/13/2026,07:58:31,15.3,46.7
05/13/2026,08:03:31,15.3,46.7
05/13/2026,08:08:31,15.2,46.8
05/13/2026,08:13:31,15.3,46.8
05/13/2026,08:18:31,15.3,46.8
05/13/2026,08:23:31,15.3,46.8
05/13/2026,08:28:31,15.3,46.9
05/13/2026,08:33:31,15.3,46.9
05/13/2026,08:38:31,15.3,46.9
05/13/2026,08:43:31,15.3,46.9
05/13/2026,08:48:31,15.3,46.9
05/13/2026,08:53:31,15.3,47
05/13/2026,08:58:31,15.3,47
05/13/2026,09:03:31,15.3,46.9
05/13/2026,09:08:31,15.3,47
05/13/2026,09:13:31,15.3,47.1
05/13/2026,09:18:31,15.3,47.1
05/13/2026,09:23:31,15.4,47.1
05/13/2026,09:28:31,15.4,47.1
05/13/2026,09:33:31,15.4,47.1
05/13/2026,09:38:31,15.4,47.1
05/13/2026,09:43:31,15.4,47.1
05/13/2026,09:48:31,15.4,47.1
05/13/2026,09:53:31,15.4,47.1
05/13/2026,09:58:31,15.4,47.1
05/13/2026,10:03:31,15.5,47.2
05/13/2026,10:08:31,15.5,47.2
05/13/2026,10:13:31,15.5,47.2
05/13/2026,10:18:31,15.5,47.3
05/13/2026,10:23:31,15.5,47.3
05/13/2026,10:28:31,15.5,47.2
05/13/2026,10:33:31,15.6,47.3
05/13/2026,10:38:31,15.6,47.3
05/13/2026,10:43:31,15.6,47.4
05/13/2026,10:48:31,15.6,47.4
05/13/2026,10:53:31,15.6,47.4
05/13/2026,10:58:31,15.6,47.5
05/13/2026,11:03:31,15.6,47.5
05/13/2026,11:08:31,15.6,47.5
05/13/2026,11:13:31,15.7,47.5
05/13/2026,11:18:31,15.7,47.4
05/13/2026,11:23:31,15.7,47.5
05/13/2026,11:28:31,15.7,47.4
05/13/2026,11:33:31,15.7,47.4
05/13/2026,11:38:31,15.7,47.4
05/13/2026,11:43:31,15.8,47.4
05/13/2026,11:48:31,15.8,47.4
05/13/2026,11:53:31,15.7,47.4
05/13/2026,11:58:31,15.7,47.4
05/13/2026,12:03:31,15.8,47.4
05/13/2026,12:08:31,15.8,47.4
05/13/2026,12:13:31,15.7,47.4
05/13/2026,12:18:31,15.8,47.5
05/13/2026,12:23:31,15.8,47.5
05/13/2026,12:28:31,15.8,47.5
05/13/2026,12:33:31,15.8,47.4
05/13/2026,12:38:31,15.8,47.4
05/13/2026,12:43:31,15.8,47.5
05/13/2026,12:48:31,15.8,47.5
05/13/2026,12:53:31,15.8,47.6
05/13/2026,12:58:31,15.8,47.5
05/13/2026,13:03:31,15.8,47.6
05/13/2026,13:08:31,15.8,47.5
05/13/2026,13:13:31,15.8,47.5
05/13/2026,13:18:31,15.8,47.5
05/13/2026,13:23:31,15.8,47.5
05/13/2026,13:28:31,15.8,47.5
05/13/2026,13:33:31,15.8,47.6
05/13/2026,13:38:31,15.8,47.6
05/13/2026,13:43:31,15.8,47.6
05/13/2026,13:48:31,15.8,47.6
05/13/2026,13:53:31,15.8,47.7
05/13/2026,13:58:31,15.8,47.7
05/13/2026,14:03:31,15.8,47.7
05/13/2026,14:08:31,15.8,47.7
05/13/2026,14:13:31,15.8,47.7
05/13/2026,14:18:31,15.8,47.7
05/13/2026,14:23:31,15.8,47.9
05/13/2026,14:28:31,15.8,47.8
05/13/2026,14:33:31,15.8,47.9
05/13/2026,14:38:31,15.8,47.9
05/13/2026,14:43:31,15.8,47.9
05/13/2026,14:48:31,15.8,47.9
05/13/2026,14:53:31,15.8,48
05/13/2026,14:58:31,15.8,48
05/13/2026,15:03:31,15.8,48.1
05/13/2026,15:08:31,15.8,48.1
05/13/2026,15:13:31,15.8,48.2
05/13/2026,15:18:31,15.8,48.1
05/13/2026,15:23:31,15.9,48.2
05/13/2026,15:28:31,15.9,48.2
05/13/2026,15:33:31,15.9,48.2
05/13/2026,15:38:31,15.9,48.2
05/13/2026,15:43:31,15.9,48.4
05/13/2026,15:48:31,15.9,48.3
05/13/2026,15:53:31,15.9,48.3
05/13/2026,15:58:31,15.9,48.2
05/13/2026,16:03:31,15.9,48.3
05/13/2026,16:08:31,15.9,48.3
05/13/2026,16:13:31,15.9,48.3
05/13/2026,16:18:31,15.9,48.3
05/13/2026,16:23:31,15.9,48.3
05/13/2026,16:28:31,16,48.3
05/13/2026,16:33:31,16,48.3
05/13/2026,16:38:31,16,48.3
05/13/2026,16:43:31,16,48.3
05/13/2026,16:48:31,16,48.4
05/13/2026,16:53:31,16,48.3
05/13/2026,16:58:31,16,48.4
05/13/2026,17:03:31,16,48.3
05/13/2026,17:08:31,16,48.4
05/13/2026,17:13:31,16,48.3
05/13/2026,17:18:31,16,48.4
05/13/2026,17:23:31,16,48.4
05/13/2026,17:28:31,16,48.5
05/13/2026,17:33:31,16,48.4
05/13/2026,17:38:31,16,48.5
05/13/2026,17:43:31,16,48.4
05/13/2026,17:48:31,16,48.5
05/13/2026,17:53:31,16,48.5
05/13/2026,17:58:31,16.1,48.5
05/13/2026,18:03:31,16,48.5
05/13/2026,18:08:31,16.1,48.6
05/13/2026,18:13:31,16.1,48.5
05/13/2026,18:18:31,16.1,48.5
05/13/2026,18:23:31,16.1,48.5
05/13/2026,18:28:31,16.1,48.6
05/13/2026,18:33:31,16.1,48.7
05/13/2026,18:38:31,16.1,48.6
05/13/2026,18:43:31,16.1,48.7
05/13/2026,18:48:31,16.1,48.7
05/13/2026,18:53:31,16.1,48.8
05/13/2026,18:58:31,16.1,49
05/13/2026,19:03:31,16.1,49.4
05/13/2026,19:08:31,16.1,49.7
05/13/2026,19:13:31,16.1,50.1
05/13/2026,19:18:31,16.2,50.5
05/13/2026,19:23:31,16.2,51
05/13/2026,19:28:31,16.3,51.1
05/13/2026,19:33:31,16.3,51.5
05/13/2026,19:38:31,16.3,51.8
05/13/2026,19:43:31,16.4,52.1
05/13/2026,19:48:31,16.4,52.4
05/13/2026,19:53:31,16.5,52.7
05/13/2026,19:58:31,16.5,52.9
05/13/2026,20:03:31,16.5,53.2
05/13/2026,20:08:31,16.6,53.3
05/13/2026,20:13:31,16.6,53.4
05/13/2026,20:18:31,16.7,53.7
05/13/2026,20:23:31,16.7,53.7
05/13/2026,20:28:31,16.7,53.7
05/13/2026,20:33:31,16.7,53.5
05/13/2026,20:38:31,16.7,53.4
05/13/2026,20:43:31,16.8,53.2
05/13/2026,20:48:31,16.8,53
05/13/2026,20:53:31,16.8,53
05/13/2026,20:58:31,16.8,53
05/13/2026,21:03:31,16.8,52.9
05/13/2026,21:08:31,16.8,53
05/13/2026,21:13:31,16.7,52.8
05/13/2026,21:18:31,16.7,52.8
05/13/2026,21:23:31,16.8,52.7
05/13/2026,21:28:31,16.7,52.8
05/13/2026,21:33:31,16.7,52.7
05/13/2026,21:38:31,16.7,52.6
05/13/2026,21:43:31,16.7,52.6
05/13/2026,21:48:31,16.7,52.6
05/13/2026,21:53:31,16.7,52.5
05/13/2026,21:58:31,16.6,52.4
05/13/2026,22:03:31,16.6,52.3
05/13/2026,22:08:31,16.6,52.2
05/13/2026,22:13:31,16.6,52.1
05/13/2026,22:18:31,16.5,52.1
05/13/2026,22:23:31,16.5,52
05/13/2026,22:28:31,16.5,51.9
05/13/2026,22:33:31,16.5,51.8
05/13/2026,22:38:31,16.4,51.8
05/13/2026,22:43:31,16.4,51.7
05/13/2026,22:48:31,16.4,51.6
05/13/2026,22:53:31,16.4,51.5
05/13/2026,22:58:31,16.4,51.5
05/13/2026,23:03:31,16.3,51.4
05/13/2026,23:08:31,16.3,51.3
05/13/2026,23:13:31,16.3,51.3
05/13/2026,23:18:31,16.3,51.2
05/13/2026,23:23:31,16.2,51.2
05/13/2026,23:28:31,16.2,51.2
05/13/2026,23:33:31,16.2,51.2
05/13/2026,23:38:31,16.2,51.1
05/13/2026,23:43:31,16.1,51.1
05/13/2026,23:48:31,16.1,51.1
05/13/2026,23:53:31,16.1,51.1
05/13/2026,23:58:31,16,51
05/14/2026,00:03:31,16,50.9
05/14/2026,00:08:31,16,51
05/14/2026,00:13:31,16,50.9
05/14/2026,00:18:31,15.9,50.9
05/14/2026,00:23:31,15.9,50.9
05/14/2026,00:28:31,15.9,50.8
05/14/2026,00:33:31,15.9,50.7
05/14/2026,00:38:31,15.8,50.7
05/14/2026,00:43:31,15.9,50.7
05/14/2026,00:48:31,15.8,50.7
05/14/2026,00:53:31,15.8,50.7
05/14/2026,00:58:31,15.8,50.7
05/14/2026,01:03:31,15.8,50.6
05/14/2026,01:08:31,15.8,50.6
05/14/2026,01:13:31,15.7,50.6
05/14/2026,01:18:31,15.7,50.5
05/14/2026,01:23:31,15.7,50.5
05/14/2026,01:28:31,15.7,50.6
05/14/2026,01:33:31,15.6,50.5
05/14/2026,01:38:31,15.6,50.5
05/14/2026,01:43:31,15.6,50.5
05/14/2026,01:48:31,15.6,50.4
05/14/2026,01:53:31,15.6,50.5
05/14/2026,01:58:31,15.6,50.4
05/14/2026,02:03:31,15.5,50.4
05/14/2026,02:08:31,15.5,50.4
05/14/2026,02:13:31,15.5,50.4
05/14/2026,02:18:31,15.5,50.3
05/14/2026,02:23:31,15.5,50.3
05/14/2026,02:28:31,15.4,50.3
05/14/2026,02:33:31,15.5,50.3
05/14/2026,02:38:31,15.4,50.3
05/14/2026,02:43:31,15.4,50.3
05/14/2026,02:48:31,15.4,50.3
05/14/2026,02:53:31,15.4,50.2
05/14/2026,02:58:31,15.4,50.2
05/14/2026,03:03:31,15.3,50.2
05/14/2026,03:08:31,15.3,50.2
05/14/2026,03:13:31,15.3,50.2
05/14/2026,03:18:31,15.3,50.1
05/14/2026,03:23:31,15.3,50.1
05/14/2026,03:28:31,15.3,50.1
05/14/2026,03:33:31,15.3,50.1
05/14/2026,03:38:31,15.3,50.1
05/14/2026,03:43:31,15.2,50.1
05/14/2026,03:48:31,15.2,50
05/14/2026,03:53:31,15.2,50
05/14/2026,03:58:31,15.2,50
05/14/2026,04:03:31,15.2,50
05/14/2026,04:08:31,15.2,50
05/14/2026,04:13:31,15.2,50
05/14/2026,04:18:31,15.1,49.9
05/14/2026,04:23:31,15.2,49.9
05/14/2026,04:28:31,15.1,49.9
05/14/2026,04:33:31,15.1,49.9
05/14/2026,04:38:31,15.1,49.9
05/14/2026,04:43:31,15.1,49.8
05/14/2026,04:48:31,15,49.8
05/14/2026,04:53:31,15.1,49.8
05/14/2026,04:58:31,15,49.8
05/14/2026,05:03:31,15,49.8
05/14/2026,05:08:31,15,49.7
05/14/2026,05:13:31,15,49.8
05/14/2026,05:18:31,15,49.7
05/14/2026,05:23:31,15,49.7
05/14/2026,05:28:31,14.9,49.7
05/14/2026,05:33:31,14.9,49.6
05/14/2026,05:38:31,14.9,49.6
05/14/2026,05:43:31,14.9,49.7
05/14/2026,05:48:31,14.9,49.6
05/14/2026,05:53:31,14.9,49.6
05/14/2026,05:58:31,14.9,49.6
05/14/2026,06:03:31,14.9,49.6
05/14/2026,06:08:31,14.9,49.6
05/14/2026,06:13:31,14.8,49.5
05/14/2026,06:18:31,14.8,49.5
05/14/2026,06:23:31,14.8,49.5
05/14/2026,06:28:31,14.8,49.5
05/14/2026,06:33:31,14.8,49.5
05/14/2026,06:38:31,14.8,49.5
05/14/2026,06:43:31,14.8,49.5
05/14/2026,06:48:31,14.8,49.5
05/14/2026,06:53:31,14.8,49.5
05/14/2026,06:58:31,14.8,49.5
05/14/2026,07:03:31,14.7,49.5
05/14/2026,07:08:31,14.7,49.5
05/14/2026,07:13:31,14.7,49.5
05/14/2026,07:18:31,14.7,49.5
05/14/2026,07:23:31,14.7,49.4
05/14/2026,07:28:31,14.7,49.5
05/14/2026,07:33:31,14.7,49.5
05/14/2026,07:38:31,14.7,49.5
05/14/2026,07:43:31,14.7,49.5
05/14/2026,07:48:31,14.7,49.4
05/14/2026,07:53:31,14.7,49.5
05/14/2026,07:58:31,14.7,49.5
05/14/2026,08:03:31,14.7,49.4
05/14/2026,08:08:31,14.7,49.5
05/14/2026,08:13:31,14.7,49.5
05/14/2026,08:18:31,14.7,49.5
05/14/2026,08:23:31,14.7,49.5
05/14/2026,08:28:31,14.7,49.6
05/14/2026,08:33:31,14.7,49.5
05/14/2026,08:38:31,14.7,49.6
05/14/2026,08:43:31,14.7,49.5
05/14/2026,08:48:31,14.7,49.6
05/14/2026,08:53:31,14.8,49.6
05/14/2026,08:58:31,14.7,49.6
05/14/2026,09:03:31,14.8,49.6
05/14/2026,09:08:31,14.7,49.7
05/14/2026,09:13:31,14.8,49.7
05/14/2026,09:18:31,14.8,49.7
05/14/2026,09:23:31,14.8,49.6
05/14/2026,09:28:31,14.8,49.7
05/14/2026,09:33:31,14.8,49.8
05/14/2026,09:38:31,14.8,49.9
05/14/2026,09:43:31,14.9,50.4
05/14/2026,09:48:31,14.9,50.4
05/14/2026,09:53:31,14.9,50.6
05/14/2026,09:58:31,14.9,50.6
05/14/2026,10:03:31,14.9,50.9
05/14/2026,10:08:31,15,51.3
05/14/2026,10:13:31,15,51.7
05/14/2026,10:18:31,15,51.7
05/14/2026,10:23:31,15,52.2
05/14/2026,10:28:31,15.1,52.4
05/14/2026,10:33:31,15.1,52.1
05/14/2026,10:38:31,15.1,51.9
05/14/2026,10:43:31,15.2,51.6
05/14/2026,10:48:31,15.2,51.7
05/14/2026,10:53:31,15.2,51.6
05/14/2026,10:58:31,15.2,51.5
05/14/2026,11:03:31,15.2,51.5
05/14/2026,11:08:31,15.2,51.5
05/14/2026,11:13:31,15.2,51.4
05/14/2026,11:18:31,15.3,51.4
05/14/2026,11:23:31,15.3,51.4
05/14/2026,11:28:31,15.3,51.4
05/14/2026,11:33:31,15.3,51.4
05/14/2026,11:38:31,15.3,51.3
05/14/2026,11:43:31,15.3,51.3
05/14/2026,11:48:31,15.3,51.3
05/14/2026,11:53:31,15.3,51.3
05/14/2026,11:58:31,15.4,51.4
05/14/2026,12:03:31,15.4,51.3
05/14/2026,12:08:31,15.3,51.2
05/14/2026,12:13:31,15.4,51.2
05/14/2026,12:18:31,15.4,51.2
05/14/2026,12:23:31,15.4,51.2
05/14/2026,12:28:31,15.4,51.2
05/14/2026,12:33:31,15.4,51.2
05/14/2026,12:38:31,15.4,51.1
05/14/2026,12:43:31,15.4,51.2
05/14/2026,12:48:31,15.4,51.2
05/14/2026,12:53:31,15.4,51.1
05/14/2026,12:58:31,15.4,51.1
05/14/2026,13:03:31,15.4,51.1
05/14/2026,13:08:31,15.4,51.1
05/14/2026,13:13:31,15.4,51
05/14/2026,13:18:31,15.4,51.1
05/14/2026,13:23:31,15.5,51.1
05/14/2026,13:28:31,15.5,51.1
05/14/2026,13:33:31,15.5,51
05/14/2026,13:38:31,15.5,51
05/14/2026,13:43:31,15.5,51
05/14/2026,13:48:31,15.5,50.9
05/14/2026,13:53:31,15.5,50.9
05/14/2026,13:58:31,15.5,51
05/14/2026,14:03:31,15.5,50.9
05/14/2026,14:08:31,15.5,50.9
05/14/2026,14:13:31,15.5,50.9
05/14/2026,14:18:31,15.5,50.9
05/14/2026,14:23:31,15.5,50.8
05/14/2026,14:28:31,15.5,50.8
05/14/2026,14:33:31,15.5,50.8
05/14/2026,14:38:31,15.5,50.9
05/14/2026,14:43:31,15.5,50.9
05/14/2026,14:48:31,15.5,51
05/14/2026,14:53:31,15.5,50.9
05/14/2026,14:58:31,15.5,50.9
05/14/2026,15:03:31,15.5,51
05/14/2026,15:08:31,15.5,51.1
05/14/2026,15:13:31,15.5,51.2
05/14/2026,15:18:31,15.5,51.1
05/14/2026,15:23:31,15.5,51
05/14/2026,15:28:31,15.6,50.9
05/14/2026,15:33:31,15.5,51
05/14/2026,15:38:31,15.5,51
05/14/2026,15:43:31,15.5,51
05/14/2026,15:48:31,15.5,50.9
05/14/2026,15:53:31,15.6,50.9
05/14/2026,15:58:31,15.6,51
05/14/2026,16:03:31,15.6,51
05/14/2026,16:08:31,15.6,51
05/14/2026,16:13:31,15.6,51
05/14/2026,16:18:31,15.6,51.1
05/14/2026,16:23:31,15.6,51.1
05/14/2026,16:28:31,15.6,51.2
05/14/2026,16:33:31,15.6,51.3
05/14/2026,16:38:31,15.6,51.4
05/14/2026,16:43:31,15.6,51.4
05/14/2026,16:48:31,15.6,51.5
05/14/2026,16:53:31,15.6,51.6
05/14/2026,16:58:31,15.6,51.5
05/14/2026,17:03:31,15.6,51.5
05/14/2026,17:08:31,15.6,51.6
05/14/2026,17:13:31,15.7,51.7
05/14/2026,17:18:31,15.6,51.7
05/14/2026,17:23:31,15.7,51.7
05/14/2026,17:28:31,15.7,51.7
05/14/2026,17:33:31,15.7,51.9
05/14/2026,17:38:31,15.8,52.1
05/14/2026,17:43:31,15.8,52.4
05/14/2026,17:48:31,15.8,52.5
05/14/2026,17:53:31,15.8,52.7
05/14/2026,17:58:31,15.8,52.7
05/14/2026,18:03:31,15.9,52.9
05/14/2026,18:08:31,15.9,53.2
05/14/2026,18:13:31,16,53.2
05/14/2026,18:18:31,16,53.4
05/14/2026,18:23:31,16.1,53.6
05/14/2026,18:28:31,16.1,53.7
05/14/2026,18:33:31,16.1,53.7
05/14/2026,18:38:31,16.1,53.7
05/14/2026,18:43:31,16.1,53.5
05/14/2026,18:48:31,16.2,53.4
05/14/2026,18:53:31,16.2,53.3
05/14/2026,18:58:31,16.2,53.2
05/14/2026,19:03:31,16.2,53.1
05/14/2026,19:08:31,16.2,53.1
05/14/2026,19:13:31,16.2,53
05/14/2026,19:18:31,16.2,53
05/14/2026,19:23:31,16.3,53
05/14/2026,19:28:31,16.3,52.9
05/14/2026,19:33:31,16.3,53.2
05/14/2026,19:38:31,16.3,53.2
05/14/2026,19:43:31,16.4,53.7
05/14/2026,19:48:31,16.4,53.7
05/14/2026,19:53:31,16.5,54
05/14/2026,19:58:31,16.5,54.3
05/14/2026,20:03:31,16.6,54.4
05/14/2026,20:08:31,16.7,54.6
05/14/2026,20:13:31,16.7,54.8
05/14/2026,20:18:31,16.8,54.8
05/14/2026,20:23:31,16.8,54.9
05/14/2026,20:28:31,16.9,54.8
05/14/2026,20:33:31,16.9,55
05/14/2026,20:38:31,17,55
05/14/2026,20:43:31,17,54.9
05/14/2026,20:48:31,17,54.8
05/14/2026,20:53:31,17,54.6
05/14/2026,20:58:31,17,54.5
05/14/2026,21:03:31,17,54.3
05/14/2026,21:08:31,17,54.2
05/14/2026,21:13:31,17,54.1
05/14/2026,21:18:31,17,54
05/14/2026,21:23:31,17,53.9
05/14/2026,21:28:31,17,53.7
05/14/2026,21:33:31,17,53.6
05/14/2026,21:38:31,17,53.5
05/14/2026,21:43:31,16.9,53.4
05/14/2026,21:48:31,17,53.3
05/14/2026,21:53:31,16.9,53.2
05/14/2026,21:58:31,16.9,53.1
05/14/2026,22:03:31,16.9,53.1
05/14/2026,22:08:31,16.8,53
05/14/2026,22:13:31,16.8,53
05/14/2026,22:18:31,16.8,52.9
05/14/2026,22:23:31,16.8,52.8
05/14/2026,22:28:31,16.8,52.8
05/14/2026,22:33:31,16.7,52.6
05/14/2026,22:38:31,16.7,52.6
05/14/2026,22:43:31,16.7,52.5
05/14/2026,22:48:31,16.6,52.5
05/14/2026,22:53:31,16.6,52.5
05/14/2026,22:58:31,16.6,52.4
05/14/2026,23:03:31,16.6,52.4
05/14/2026,23:08:31,16.5,52.3
05/14/2026,23:13:31,16.5,52.3
05/14/2026,23:18:31,16.5,52.2
05/14/2026,23:23:31,16.5,52.2
05/14/2026,23:28:31,16.4,52.1
05/14/2026,23:33:31,16.4,52.1
05/14/2026,23:38:31,16.4,52.1
05/14/2026,23:43:31,16.4,52
05/14/2026,23:48:31,16.3,52
05/14/2026,23:53:31,16.4,52
05/14/2026,23:58:31,16.3,52
05/15/2026,00:03:31,16.3,51.9
05/15/2026,00:08:31,16.3,51.9
05/15/2026,00:13:31,16.2,51.9
05/15/2026,00:18:31,16.2,51.8
05/15/2026,00:23:31,16.2,51.8
05/15/2026,00:28:31,16.2,51.8
05/15/2026,00:33:31,16.2,51.8
05/15/2026,00:38:31,16.1,51.8
05/15/2026,00:43:31,16.1,51.8
05/15/2026,00:48:31,16.1,51.8
05/15/2026,00:53:31,16,51.8
05/15/2026,00:58:31,16,51.7
05/15/2026,01:03:31,16,51.7
05/15/2026,01:08:31,16,51.7
05/15/2026,01:13:31,16,51.7
05/15/2026,01:18:31,16,51.7
05/15/2026,01:23:31,16,51.7
05/15/2026,01:28:31,15.9,51.6
05/15/2026,01:33:31,15.9,51.6
05/15/2026,01:38:31,15.9,51.6
05/15/2026,01:43:31,15.9,51.6
05/15/2026,01:48:31,15.9,51.6
05/15/2026,01:53:31,15.8,51.6
05/15/2026,01:58:31,15.8,51.5
05/15/2026,02:03:31,15.8,51.5
05/15/2026,02:08:31,15.8,51.5
05/15/2026,02:13:31,15.7,51.5
05/15/2026,02:18:31,15.7,51.5
05/15/2026,02:23:31,15.7,51.5
05/15/2026,02:28:31,15.7,51.5
05/15/2026,02:33:31,15.7,51.5
05/15/2026,02:38:31,15.6,51.5
05/15/2026,02:43:31,15.7,51.4
05/15/2026,02:48:31,15.6,51.4
05/15/2026,02:53:31,15.6,51.4
05/15/2026,02:58:31,15.6,51.4
05/15/2026,03:03:31,15.6,51.4
05/15/2026,03:08:31,15.6,51.4
05/15/2026,03:13:31,15.6,51.4
05/15/2026,03:18:31,15.5,51.3
05/15/2026,03:23:31,15.5,51.3
05/15/2026,03:28:31,15.5,51.3
05/15/2026,03:33:31,15.5,51.3
05/15/2026,03:38:31,15.5,51.3
05/15/2026,03:43:31,15.5,51.3
05/15/2026,03:48:31,15.4,51.3
05/15/2026,03:53:31,15.4,51.3
05/15/2026,03:58:31,15.4,51.3
05/15/2026,04:03:31,15.4,51.2
05/15/2026,04:08:31,15.4,51.2
05/15/2026,04:13:31,15.4,51.2
05/15/2026,04:18:31,15.3,51.2
05/15/2026,04:23:31,15.4,51.2
05/15/2026,04:28:31,15.3,51.2
05/15/2026,04:33:31,15.3,51.2
05/15/2026,04:38:31,15.3,51.2
05/15/2026,04:43:31,15.3,51.1
05/15/2026,04:48:31,15.3,51.2
05/15/2026,04:53:31,15.2,51.1
05/15/2026,04:58:31,15.2,51.1
05/15/2026,05:03:31,15.2,51.1
05/15/2026,05:08:31,15.2,51.1
05/15/2026,05:13:31,15.2,51.1
05/15/2026,05:18:31,15.2,51.1
05/15/2026,05:23:31,15.2,51
05/15/2026,05:28:31,15.1,51
05/15/2026,05:33:31,15.1,51
05/15/2026,05:38:31,15.1,51
05/15/2026,05:43:31,15.1,51
05/15/2026,05:48:31,15.1,51
05/15/2026,05:53:31,15.1,50.9
05/15/2026,05:58:31,15.1,50.9
05/15/2026,06:03:31,15,51
05/15/2026,06:08:31,15,50.9
05/15/2026,06:13:31,15,51
05/15/2026,06:18:31,15,51
05/15/2026,06:23:31,15,51
05/15/2026,06:28:31,15,50.9
05/15/2026,06:33:31,15,50.9
05/15/2026,06:38:31,15,50.9
05/15/2026,06:43:31,15,50.9
05/15/2026,06:48:31,15,50.9
05/15/2026,06:53:31,15,50.9
05/15/2026,06:58:31,15,50.9
05/15/2026,07:03:31,15,50.9
05/15/2026,07:08:31,15,50.9
05/15/2026,07:13:31,15,50.9
05/15/2026,07:18:31,15,50.9
05/15/2026,07:23:31,15,50.9
05/15/2026,07:28:31,15,50.8
05/15/2026,07:33:31,15,50.8
05/15/2026,07:38:31,15,50.9
05/15/2026,07:43:31,15,50.8
05/15/2026,07:48:31,15,50.8
05/15/2026,07:53:31,15,50.8
05/15/2026,07:58:31,15,50.8
05/15/2026,08:03:31,15,50.8
05/15/2026,08:08:31,15,50.8
05/15/2026,08:13:31,15,50.8
05/15/2026,08:18:31,15,50.7
05/15/2026,08:23:31,15.1,50.7
05/15/2026,08:28:31,15,50.7
05/15/2026,08:33:31,15.1,50.8
05/15/2026,08:38:31,15.1,50.7
05/15/2026,08:43:31,15.1,50.7
05/15/2026,08:48:31,15.1,50.7
05/15/2026,08:53:31,15.1,50.7
05/15/2026,08:58:31,15.1,50.7
05/15/2026,09:03:31,15.1,50.7
05/15/2026,09:08:31,15.1,50.6
05/15/2026,09:13:31,15.1,50.6
05/15/2026,09:18:31,15.1,50.6
05/15/2026,09:23:31,15.2,50.6
05/15/2026,09:28:31,15.1,50.6
05/15/2026,09:33:31,15.1,50.5
05/15/2026,09:38:31,15.1,50.6
05/15/2026,09:43:31,15.2,50.5
05/15/2026,09:48:31,15.2,50.5
05/15/2026,09:53:31,15.2,50.6
05/15/2026,09:58:31,15.2,50.5
05/15/2026,10:03:31,15.2,50.6
05/15/2026,10:08:31,15.2,50.5
05/15/2026,10:13:31,15.2,50.5
05/15/2026,10:18:31,15.2,50.5
05/15/2026,10:23:31,15.2,50.5
05/15/2026,10:28:31,15.2,50.5
05/15/2026,10:33:31,15.2,50.5
05/15/2026,10:38:31,15.3,50.5
05/15/2026,10:43:31,15.2,50.5
05/15/2026,10:48:31,15.3,50.5
05/15/2026,10:53:31,15.3,50.6
05/15/2026,10:58:31,15.3,50.5
05/15/2026,11:03:31,15.3,50.5
05/15/2026,11:08:31,15.3,50.5
05/15/2026,11:13:31,15.3,50.6
05/15/2026,11:18:31,15.3,50.5
05/15/2026,11:23:31,15.4,50.5
05/15/2026,11:28:31,15.4,50.6
05/15/2026,11:33:31,15.4,50.6
05/15/2026,11:38:31,15.4,50.6
05/15/2026,11:43:31,15.4,50.7
05/15/2026,11:48:31,15.4,50.7
05/15/2026,11:53:31,15.4,50.6
05/15/2026,11:58:31,15.4,50.7
05/15/2026,12:03:31,15.5,50.7
05/15/2026,12:08:31,15.4,50.7
05/15/2026,12:13:31,15.5,50.7
05/15/2026,12:18:31,15.5,50.7
05/15/2026,12:23:31,15.6,50.8
05/15/2026,12:28:31,15.6,50.8
05/15/2026,12:33:31,15.6,50.7
05/15/2026,12:38:31,15.6,50.8
05/15/2026,12:43:31,15.7,50.8
05/15/2026,12:48:31,15.7,50.8
05/15/2026,12:53:31,15.8,50.9
05/15/2026,12:58:31,15.8,51
05/15/2026,13:03:31,15.8,51.1
05/15/2026,13:08:31,15.8,51.2
05/15/2026,13:13:31,15.9,51.3
05/15/2026,13:18:31,15.9,51.3
05/15/2026,13:23:31,16,51.2
05/15/2026,13:28:31,16,51.2
05/15/2026,13:33:31,16,51.2
05/15/2026,13:38:31,16,51.1
05/15/2026,13:43:31,16,51.1
05/15/2026,13:48:31,16,51
05/15/2026,13:53:31,16.1,51
05/15/2026,13:58:31,16.1,51
05/15/2026,14:03:31,16.1,51
05/15/2026,14:08:31,16.1,51
05/15/2026,14:13:31,16.1,51
05/15/2026,14:18:31,16.2,51
05/15/2026,14:23:31,16.2,51
05/15/2026,14:28:31,16.2,51
05/15/2026,14:33:31,16.2,51
05/15/2026,14:38:31,16.2,51
05/15/2026,14:43:31,16.2,50.9
05/15/2026,14:48:31,16.2,50.9
05/15/2026,14:53:31,16.2,50.9
05/15/2026,14:58:31,16.3,50.9
05/15/2026,15:03:31,16.3,50.9
05/15/2026,15:08:31,16.3,50.9
05/15/2026,15:13:31,16.3,50.9
05/15/2026,15:18:31,16.3,50.9
05/15/2026,15:23:31,16.3,50.9
05/15/2026,15:28:31,16.4,50.9
05/15/2026,15:33:31,16.3,50.8
05/15/2026,15:38:31,16.3,50.8
05/15/2026,15:43:31,16.4,50.7
05/15/2026,15:48:31,16.4,50.7
05/15/2026,15:53:31,16.4,50.7
05/15/2026,15:58:31,16.4,50.7
05/15/2026,16:03:31,16.4,50.6
05/15/2026,16:08:31,16.4,50.6
05/15/2026,16:13:31,16.4,50.6
05/15/2026,16:18:31,16.4,50.6
05/15/2026,16:23:31,16.4,50.6
05/15/2026,16:28:31,16.4,50.6
05/15/2026,16:33:31,16.4,50.6
05/15/2026,16:38:31,16.4,50.5
05/15/2026,16:43:31,16.4,50.5
05/15/2026,16:48:31,16.5,50.5
05/15/2026,16:53:31,16.5,50.5
05/15/2026,16:58:31,16.5,50.5
05/15/2026,17:03:31,16.5,50.4
05/15/2026,17:08:31,16.5,50.4
05/15/2026,17:13:31,16.5,50.4
05/15/2026,17:18:31,16.5,50.4
05/15/2026,17:23:31,16.5,50.4
05/15/2026,17:28:31,16.5,50.3
05/15/2026,17:33:31,16.5,50.3
05/15/2026,17:38:31,16.5,50.3
05/15/2026,17:43:31,16.5,50.2
05/15/2026,17:48:31,16.5,50.2
05/15/2026,17:53:31,16.5,50.2
05/15/2026,17:58:31,16.5,50.1
05/15/2026,18:03:31,16.5,50.2
05/15/2026,18:08:31,16.5,50.1
05/15/2026,18:13:31,16.5,50.1
05/15/2026,18:18:31,16.5,50
05/15/2026,18:23:31,16.5,50.1
05/15/2026,18:28:31,16.6,50
05/15/2026,18:33:31,16.5,50
05/15/2026,18:38:31,16.6,49.9
05/15/2026,18:43:31,16.5,50
05/15/2026,18:48:31,16.6,49.9
05/15/2026,18:53:31,16.6,49.9
05/15/2026,18:58:31,16.6,49.8
05/15/2026,19:03:31,16.6,49.7
05/15/2026,19:08:31,16.6,49.8
05/15/2026,19:13:31,16.6,49.7
05/15/2026,19:18:31,16.6,49.8
05/15/2026,19:23:31,16.6,49.8
05/15/2026,19:28:31,16.6,49.9
05/15/2026,19:33:31,16.6,49.9
05/15/2026,19:38:31,16.7,50
05/15/2026,19:43:31,16.7,50
05/15/2026,19:48:31,16.7,50.1
05/15/2026,19:53:31,16.7,50.1
05/15/2026,19:58:31,16.7,50.1
05/15/2026,20:03:31,16.7,50.1
05/15/2026,20:08:31,16.8,50.1
05/15/2026,20:13:31,16.8,50
05/15/2026,20:18:31,16.8,50
05/15/2026,20:23:31,16.8,50
05/15/2026,20:28:31,16.8,50
05/15/2026,20:33:31,16.8,50
05/15/2026,20:38:31,16.8,49.9
05/15/2026,20:43:31,16.8,49.9
05/15/2026,20:48:31,16.8,49.8
05/15/2026,20:53:31,16.8,49.8
05/15/2026,20:58:31,16.8,49.7
05/15/2026,21:03:31,16.8,49.7
05/15/2026,21:08:31,16.8,49.7
05/15/2026,21:13:31,16.8,49.6
05/15/2026,21:18:31,16.7,49.6
05/15/2026,21:23:31,16.7,49.5
05/15/2026,21:28:31,16.7,49.5
05/15/2026,21:33:31,16.7,49.4
05/15/2026,21:38:31,16.7,49.4
05/15/2026,21:43:31,16.7,49.4
05/15/2026,21:48:31,16.7,49.3
05/15/2026,21:53:31,16.7,49.3
05/15/2026,21:58:31,16.7,49.2
05/15/2026,22:03:31,16.7,49.2
05/15/2026,22:08:31,16.7,49.2
05/15/2026,22:13:31,16.6,49.1
05/15/2026,22:18:31,16.6,49.1
05/15/2026,22:23:31,16.6,49.1
05/15/2026,22:28:31,16.6,49
05/15/2026,22:33:31,16.6,49
05/15/2026,22:38:31,16.6,49
05/15/2026,22:43:31,16.5,48.9
05/15/2026,22:48:31,16.6,48.9
05/15/2026,22:53:31,16.5,48.8
05/15/2026,22:58:31,16.5,48.8
05/15/2026,23:03:31,16.5,48.7
05/15/2026,23:08:31,16.5,48.7
05/15/2026,23:13:31,16.5,48.6
05/15/2026,23:18:31,16.4,48.6
05/15/2026,23:23:31,16.4,48.5
05/15/2026,23:28:31,16.4,48.6
05/15/2026,23:33:31,16.4,48.5
05/15/2026,23:38:31,16.4,48.6
05/15/2026,23:43:31,16.4,48.4
05/15/2026,23:48:31,16.4,48.5
05/15/2026,23:53:31,16.4,48.4
05/15/2026,23:58:31,16.3,48.4
05/16/2026,00:03:31,16.3,48.4
05/16/2026,00:08:31,16.3,48.3
05/16/2026,00:13:31,16.3,48.3
05/16/2026,00:18:31,16.3,48.3
05/16/2026,00:23:31,16.3,48.3
05/16/2026,00:28:31,16.3,48.2
05/16/2026,00:33:31,16.2,48.2
05/16/2026,00:38:31,16.2,48.2
05/16/2026,00:43:31,16.2,48.1
05/16/2026,00:48:31,16.2,48.1
05/16/2026,00:53:31,16.2,48.1
05/16/2026,00:58:31,16.2,48
05/16/2026,01:03:31,16.2,48
05/16/2026,01:08:31,16.2,48
05/16/2026,01:13:31,16.2,48
05/16/2026,01:18:31,16.1,48
05/16/2026,01:23:31,16.1,47.9
05/16/2026,01:28:31,16.1,47.9
05/16/2026,01:33:31,16.1,47.8
05/16/2026,01:38:31,16.1,47.8
05/16/2026,01:43:31,16,47.8
05/16/2026,01:48:31,16,47.8
05/16/2026,01:53:31,16,47.8
05/16/2026,01:58:31,16,47.7
05/16/2026,02:03:31,16,47.7
05/16/2026,02:08:31,15.9,47.7
05/16/2026,02:13:31,15.9,47.7
05/16/2026,02:18:31,15.9,47.6
05/16/2026,02:23:31,15.9,47.6
05/16/2026,02:28:31,15.9,47.5
05/16/2026,02:33:31,15.9,47.5
05/16/2026,02:38:31,15.9,47.5
05/16/2026,02:43:31,15.8,47.4
05/16/2026,02:48:31,15.8,47.4
05/16/2026,02:53:31,15.8,47.4
05/16/2026,02:58:31,15.8,47.3
05/16/2026,03:03:31,15.8,47.3
05/16/2026,03:08:31,15.8,47.3
05/16/2026,03:13:31,15.8,47.2
05/16/2026,03:18:31,15.7,47.2
05/16/2026,03:23:31,15.7,47.1
05/16/2026,03:28:31,15.7,47.1
05/16/2026,03:33:31,15.7,47
05/16/2026,03:38:31,15.7,47
05/16/2026,03:43:31,15.6,47
05/16/2026,03:48:31,15.6,47
05/16/2026,03:53:31,15.6,46.9
05/16/2026,03:58:31,15.6,46.8
05/16/2026,04:03:31,15.6,46.8
05/16/2026,04:08:31,15.6,46.8
05/16/2026,04:13:31,15.6,46.8
05/16/2026,04:18:31,15.6,46.7
05/16/2026,04:23:31,15.5,46.7
05/16/2026,04:28:31,15.5,46.6
05/16/2026,04:33:31,15.5,46.6
05/16/2026,04:38:31,15.4,46.6
05/16/2026,04:43:31,15.4,46.6
05/16/2026,04:48:31,15.4,46.6
05/16/2026,04:53:31,15.4,46.5
05/16/2026,04:58:31,15.4,46.5
05/16/2026,05:03:31,15.4,46.5
05/16/2026,05:08:31,15.4,46.4
05/16/2026,05:13:31,15.4,46.4
05/16/2026,05:18:31,15.3,46.4
05/16/2026,05:23:31,15.3,46.4
05/16/2026,05:28:31,15.3,46.4
05/16/2026,05:33:31,15.3,46.4
05/16/2026,05:38:31,15.3,46.4
05/16/2026,05:43:31,15.3,46.3
05/16/2026,05:48:31,15.2,46.3
05/16/2026,05:53:31,15.2,46.3
05/16/2026,05:58:31,15.2,46.3
05/16/2026,06:03:31,15.2,46.2
05/16/2026,06:08:31,15.2,46.3
05/16/2026,06:13:31,15.2,46.3
05/16/2026,06:18:31,15.2,46.3
05/16/2026,06:23:31,15.2,46.3
05/16/2026,06:28:31,15.2,46.3
05/16/2026,06:33:31,15.1,46.2
05/16/2026,06:38:31,15.2,46.3
05/16/2026,06:43:31,15.1,46.3
05/16/2026,06:48:31,15.1,46.2
05/16/2026,06:53:31,15.1,46.2
05/16/2026,06:58:31,15.1,46.3
05/16/2026,07:03:31,15.1,46.3
05/16/2026,07:08:31,15.1,46.3
05/16/2026,07:13:31,15.1,46.3
05/16/2026,07:18:31,15.1,46.3
05/16/2026,07:23:31,15.1,46.3
05/16/2026,07:28:31,15.1,46.3
05/16/2026,07:33:31,15.1,46.2
05/16/2026,07:38:31,15.1,46.3
05/16/2026,07:43:31,15.1,46.3
05/16/2026,07:48:31,15.1,46.4
05/16/2026,07:53:31,15.1,46.4
05/16/2026,07:58:31,15.1,46.3
05/16/2026,08:03:31,15.1,46.3
05/16/2026,08:08:31,15.1,46.3
05/16/2026,08:13:31,15.1,46.3
05/16/2026,08:18:31,15.1,46.3
05/16/2026,08:23:31,15.2,46.4
05/16/2026,08:28:31,15.2,46.4
05/16/2026,08:33:31,15.2,46.4
05/16/2026,08:38:31,15.2,46.4
05/16/2026,08:43:31,15.2,46.4
05/16/2026,08:48:31,15.2,46.4
05/16/2026,08:53:31,15.2,46.5
05/16/2026,08:58:31,15.2,46.5
05/16/2026,09:03:31,15.3,46.5
05/16/2026,09:08:31,15.3,46.5
05/16/2026,09:13:31,15.3,46.6
05/16/2026,09:18:31,15.3,46.6
05/16/2026,09:23:31,15.4,46.7
05/16/2026,09:28:31,15.4,46.7
05/16/2026,09:33:31,15.4,46.9
05/16/2026,09:38:31,15.4,47
05/16/2026,09:43:31,15.4,47
05/16/2026,09:48:31,15.4,47
05/16/2026,09:53:31,15.5,47.1
05/16/2026,09:58:31,15.5,47.4
05/16/2026,10:03:31,15.5,47.5
05/16/2026,10:08:31,15.6,47.7
05/16/2026,10:13:31,15.6,47.7
05/16/2026,10:18:31,15.6,47.7
05/16/2026,10:23:31,15.6,47.7
05/16/2026,10:28:31,15.7,47.8
05/16/2026,10:33:31,15.7,47.7
05/16/2026,10:38:31,15.7,47.7
05/16/2026,10:43:31,15.7,47.6
05/16/2026,10:48:31,15.8,47.6
05/16/2026,10:53:31,15.8,47.7
05/16/2026,10:58:31,15.8,47.6
05/16/2026,11:03:31,15.8,47.7
05/16/2026,11:08:31,15.8,47.6
05/16/2026,11:13:31,15.8,47.6
05/16/2026,11:18:31,15.9,47.6
05/16/2026,11:23:31,15.9,47.6
05/16/2026,11:28:31,15.9,47.6
05/16/2026,11:33:31,15.9,47.5
05/16/2026,11:38:31,15.9,47.6
05/16/2026,11:43:31,15.9,47.5
05/16/2026,11:48:31,16,47.5
05/16/2026,11:53:31,16,47.5
05/16/2026,11:58:31,16,47.5
05/16/2026,12:03:31,16,47.4
05/16/2026,12:08:31,16,47.5
05/16/2026,12:13:31,16,47.4
05/16/2026,12:18:31,16,47.4
05/16/2026,12:23:31,16,47.3
05/16/2026,12:28:31,16.1,47.4
05/16/2026,12:33:31,16.1,47.4
05/16/2026,12:38:31,16.1,47.4
05/16/2026,12:43:31,16.1,47.4
05/16/2026,12:48:31,16.2,47.4
05/16/2026,12:53:31,16.2,47.5
05/16/2026,12:58:31,16.2,47.6
05/16/2026,13:03:31,16.3,47.7
05/16/2026,13:08:31,16.3,48
05/16/2026,13:13:31,16.4,48.1
05/16/2026,13:18:31,16.4,48.2
05/16/2026,13:23:31,16.5,48.3
05/16/2026,13:28:31,16.5,48.4
05/16/2026,13:33:31,16.5,48.4
05/16/2026,13:38:31,16.5,48.4
05/16/2026,13:43:31,16.5,48.4
05/16/2026,13:48:31,16.6,48.3
05/16/2026,13:53:31,16.6,48.4
05/16/2026,13:58:31,16.6,48.4
05/16/2026,14:03:31,16.6,48.4
05/16/2026,14:08:31,16.6,48.3
05/16/2026,14:13:31,16.6,48.3
05/16/2026,14:18:31,16.6,48.3
05/16/2026,14:23:31,16.6,48.2
05/16/2026,14:28:31,16.7,48.2
05/16/2026,14:33:31,16.7,48.2
05/16/2026,14:38:31,16.7,48.2
05/16/2026,14:43:31,16.7,48.1
05/16/2026,14:48:31,16.7,48.2
05/16/2026,14:53:31,16.7,48.1
05/16/2026,14:58:31,16.7,48.1
05/16/2026,15:03:31,16.7,48
05/16/2026,15:08:31,16.7,48
05/16/2026,15:13:31,16.7,48.1
05/16/2026,15:18:31,16.7,48
05/16/2026,15:23:31,16.7,48
05/16/2026,15:28:31,16.7,48
05/16/2026,15:33:31,16.7,48
05/16/2026,15:38:31,16.7,48
05/16/2026,15:43:31,16.7,48
05/16/2026,15:48:31,16.7,48
05/16/2026,15:53:31,16.7,48
05/16/2026,15:58:31,16.7,48
05/16/2026,16:03:31,16.7,48
05/16/2026,16:08:31,16.7,48
05/16/2026,16:13:31,16.7,48
05/16/2026,16:18:31,16.7,48
05/16/2026,16:23:31,16.7,48
05/16/2026,16:28:31,16.7,48
05/16/2026,16:33:31,16.7,48
05/16/2026,16:38:31,16.7,48
05/16/2026,16:43:31,16.8,48
05/16/2026,16:48:31,16.7,47.9
05/16/2026,16:53:31,16.7,48
05/16/2026,16:58:31,16.7,47.9
05/16/2026,17:03:31,16.7,48
05/16/2026,17:08:31,16.7,47.9
05/16/2026,17:13:31,16.7,47.9
05/16/2026,17:18:31,16.7,48
05/16/2026,17:23:31,16.7,47.9
05/16/2026,17:28:31,16.7,48
05/16/2026,17:33:31,16.7,48
05/16/2026,17:38:31,16.7,48
05/16/2026,17:43:31,16.8,48.1
05/16/2026,17:48:31,16.8,48.2
05/16/2026,17:53:31,16.8,48.3
05/16/2026,17:58:31,16.8,48.5
05/16/2026,18:03:31,16.9,48.8
05/16/2026,18:08:31,17,49.5
05/16/2026,18:13:31,17.1,50.4
05/16/2026,18:18:31,17.3,51
05/16/2026,18:23:31,17.4,51.3
05/16/2026,18:28:31,17.6,51.5
05/16/2026,18:33:31,17.8,51.9
05/16/2026,18:38:31,18,52.4
05/16/2026,18:43:31,18.3,52.8
05/16/2026,18:48:31,18.6,53
05/16/2026,18:53:31,18.7,52.7
05/16/2026,18:58:31,19,53.3
05/16/2026,19:03:31,19.4,52.9
05/16/2026,19:08:31,19.5,52.3
05/16/2026,19:13:31,19.5,52
05/16/2026,19:18:31,19.5,51.9
05/16/2026,19:23:31,19.5,51.9
05/16/2026,19:28:31,19.5,51.9
05/16/2026,19:33:31,19.4,52.2
05/16/2026,19:38:31,19.4,52.6
05/16/2026,19:43:31,19.4,52.8
05/16/2026,19:48:31,19.4,53.1
05/16/2026,19:53:31,19.4,53.4
05/16/2026,19:58:31,19.3,53.5
05/16/2026,20:03:31,19.4,54
05/16/2026,20:08:31,19.3,54.3
05/16/2026,20:13:31,19.3,54.3
05/16/2026,20:18:31,19.3,54.4
05/16/2026,20:23:31,19.3,54.3
05/16/2026,20:28:31,19.3,54.1
05/16/2026,20:33:31,19.2,54.1
05/16/2026,20:38:31,19.2,54
05/16/2026,20:43:31,19.1,53.8
05/16/2026,20:48:31,19.1,53.8
05/16/2026,20:53:31,19,53.6
05/16/2026,20:58:31,19,53.5
05/16/2026,21:03:31,18.9,53.4
05/16/2026,21:08:31,18.9,53.3
05/16/2026,21:13:31,18.8,53.3
05/16/2026,21:18:31,18.7,53.2
05/16/2026,21:23:31,18.7,53.2
05/16/2026,21:28:31,18.7,53.2
05/16/2026,21:33:31,18.6,53.2
05/16/2026,21:38:31,18.6,53.2
05/16/2026,21:43:31,18.5,53.2
05/16/2026,21:48:31,18.4,53.2
05/16/2026,21:53:31,18.4,53.2
05/16/2026,21:58:31,18.3,53.3
05/16/2026,22:03:31,18.3,53.3
05/16/2026,22:08:31,18.2,53.2
05/16/2026,22:13:31,18.2,53.3
05/16/2026,22:18:31,18.2,53.3
05/16/2026,22:23:31,18.1,53.2
05/16/2026,22:28:31,18.1,53.3
05/16/2026,22:33:31,18.1,53.4
05/16/2026,22:38:31,18,53.4
05/16/2026,22:43:31,18,53.4
05/16/2026,22:48:31,18,53.5
05/16/2026,22:53:31,17.9,53.4
05/16/2026,22:58:31,17.9,53.3
05/16/2026,23:03:31,17.9,53.3
05/16/2026,23:08:31,17.9,53.4
05/16/2026,23:13:31,17.9,53.3
05/16/2026,23:18:31,17.8,53.3
05/16/2026,23:23:31,17.8,53.3
05/16/2026,23:28:31,17.8,53.4
05/16/2026,23:33:31,17.8,53.4
05/16/2026,23:38:31,17.7,53.4
05/16/2026,23:43:31,17.7,53.3
05/16/2026,23:48:31,17.7,53.4
05/16/2026,23:53:31,17.6,53.3
05/16/2026,23:58:31,17.6,53.3
05/17/2026,00:03:31,17.6,53.4
05/17/2026,00:08:31,17.6,53.4
05/17/2026,00:13:31,17.5,53.3
05/17/2026,00:18:31,17.5,53.4
05/17/2026,00:23:31,17.5,53.4
05/17/2026,00:28:31,17.5,53.4
05/17/2026,00:33:31,17.5,53.4
05/17/2026,00:38:31,17.4,53.4
05/17/2026,00:43:31,17.4,53.4
05/17/2026,00:48:31,17.4,53.4
05/17/2026,00:53:31,17.4,53.5
05/17/2026,00:58:31,17.4,53.4
05/17/2026,01:03:31,17.4,53.5
05/17/2026,01:08:31,17.3,53.5
05/17/2026,01:13:31,17.3,53.5
05/17/2026,01:18:31,17.3,53.5
05/17/2026,01:23:31,17.3,53.5
05/17/2026,01:28:31,17.3,53.6
05/17/2026,01:33:31,17.3,53.6
05/17/2026,01:38:31,17.2,53.6
05/17/2026,01:43:31,17.2,53.6
05/17/2026,01:48:31,17.2,53.6
05/17/2026,01:53:31,17.2,53.6
05/17/2026,01:58:31,17.2,53.6
05/17/2026,02:03:31,17.2,53.6
05/17/2026,02:08:31,17.1,53.6
05/17/2026,02:13:31,17.1,53.6
05/17/2026,02:18:31,17.1,53.6
05/17/2026,02:23:31,17.1,53.6
05/17/2026,02:28:31,17.1,53.6
05/17/2026,02:33:31,17.1,53.7
05/17/2026,02:38:31,17.1,53.7
05/17/2026,02:43:31,17,53.7
05/17/2026,02:48:31,17,53.7
05/17/2026,02:53:31,17,53.7
05/17/2026,02:58:31,17,53.7
05/17/2026,03:03:31,17,53.7
05/17/2026,03:08:31,17,53.7
05/17/2026,03:13:31,17,53.7
05/17/2026,03:18:31,16.9,53.7
05/17/2026,03:23:31,16.9,53.7
05/17/2026,03:28:31,16.9,53.7
05/17/2026,03:33:31,16.9,53.7
05/17/2026,03:38:31,16.9,53.8
05/17/2026,03:43:31,16.9,53.7
05/17/2026,03:48:31,16.9,53.7
05/17/2026,03:53:31,16.8,53.7
05/17/2026,03:58:31,16.9,53.7
05/17/2026,04:03:31,16.8,53.8
05/17/2026,04:08:31,16.8,53.7
05/17/2026,04:13:31,16.8,53.7
05/17/2026,04:18:31,16.8,53.7
05/17/2026,04:23:31,16.8,53.7
05/17/2026,04:28:31,16.7,53.7
05/17/2026,04:33:31,16.7,53.7
05/17/2026,04:38:31,16.7,53.7
05/17/2026,04:43:31,16.7,53.7
05/17/2026,04:48:31,16.7,53.7
05/17/2026,04:53:31,16.7,53.7
05/17/2026,04:58:31,16.6,53.7
05/17/2026,05:03:31,16.6,53.7
05/17/2026,05:08:31,16.6,53.7
05/17/2026,05:13:31,16.6,53.7
05/17/2026,05:18:31,16.6,53.7
05/17/2026,05:23:31,16.6,53.7
05/17/2026,05:28:31,16.6,53.7
05/17/2026,05:33:31,16.5,53.7
05/17/2026,05:38:31,16.5,53.7
05/17/2026,05:43:31,16.5,53.7
05/17/2026,05:48:31,16.5,53.7
05/17/2026,05:53:31,16.5,53.7
05/17/2026,05:58:31,16.4,53.7
05/17/2026,06:03:31,16.4,53.7
05/17/2026,06:08:31,16.4,53.7
05/17/2026,06:13:31,16.4,53.8
05/17/2026,06:18:31,16.4,53.8
05/17/2026,06:23:31,16.4,53.8
05/17/2026,06:28:31,16.4,53.8
05/17/2026,06:33:31,16.3,53.8
05/17/2026,06:38:31,16.3,53.7
05/17/2026,06:43:31,16.4,53.8
05/17/2026,06:48:31,16.3,53.7
05/17/2026,06:53:31,16.3,53.8
05/17/2026,06:58:31,16.3,53.8
05/17/2026,07:03:31,16.4,53.8
05/17/2026,07:08:31,16.3,53.7
05/17/2026,07:13:31,16.3,53.8
05/17/2026,07:18:31,16.4,53.8
05/17/2026,07:23:31,16.3,53.8
05/17/2026,07:28:31,16.4,53.7
05/17/2026,07:33:31,16.4,53.8
05/17/2026,07:38:31,16.4,53.7
05/17/2026,07:43:31,16.4,53.7
05/17/2026,07:48:31,16.4,53.7
05/17/2026,07:53:31,16.4,53.7
05/17/2026,07:58:31,16.4,53.8
05/17/2026,08:03:31,16.4,53.8
05/17/2026,08:08:31,16.4,53.8
05/17/2026,08:13:31,16.5,53.9
05/17/2026,08:18:31,16.5,54
05/17/2026,08:23:31,16.5,54.4
05/17/2026,08:28:31,16.6,54.8
05/17/2026,08:33:31,16.6,55.1
05/17/2026,08:38:31,16.6,55.3
05/17/2026,08:43:31,16.7,55.7
05/17/2026,08:48:31,16.7,55.9
05/17/2026,08:53:31,16.8,56.2
05/17/2026,08:58:31,16.8,56.3
05/17/2026,09:03:31,16.8,56.3
05/17/2026,09:08:31,16.9,56.1
05/17/2026,09:13:31,16.9,56
05/17/2026,09:18:31,16.9,56
05/17/2026,09:23:31,16.9,56
05/17/2026,09:28:31,17,56.1
05/17/2026,09:33:31,17,56.8
05/17/2026,09:38:31,17.1,57.2
05/17/2026,09:43:31,17.1,57.7
05/17/2026,09:48:31,17.3,58.3
05/17/2026,09:53:31,17.3,58.9
05/17/2026,09:58:31,17.5,59.4
05/17/2026,10:03:31,17.8,60.5
05/17/2026,10:08:31,18.3,60.1
05/17/2026,10:13:31,18.5,60
05/17/2026,10:18:31,18.7,59.4
05/17/2026,10:23:31,19,59.7
05/17/2026,10:28:31,19.1,59.4
05/17/2026,10:33:31,19.1,59.5
05/17/2026,10:38:31,19.2,59.8
05/17/2026,10:43:31,19.2,59.4
05/17/2026,10:48:31,19.2,59.2
05/17/2026,10:53:31,19.3,58.9
05/17/2026,10:58:31,19.3,58.6
05/17/2026,11:03:31,19.3,58.4
05/17/2026,11:08:31,19.3,58.1
05/17/2026,11:13:31,19.3,57.8
05/17/2026,11:18:31,19.3,57.8
05/17/2026,11:23:31,19.3,57.9
05/17/2026,11:28:31,19.4,58.5
05/17/2026,11:33:31,19.6,58.8
05/17/2026,11:38:31,19.7,58.5
05/17/2026,11:43:31,19.8,57.9
05/17/2026,11:48:31,19.9,57.6
05/17/2026,11:53:31,20.1,56.6
05/17/2026,11:58:31,20.2,55.6
05/17/2026,12:03:31,20.4,55.5
05/17/2026,12:08:31,20.5,55.4
05/17/2026,12:13:31,20.6,55.3
05/17/2026,12:18:31,20.8,55.8
05/17/2026,12:23:31,21,55.5
05/17/2026,12:28:31,21,55.5
05/17/2026,12:33:31,21,55.4
05/17/2026,12:38:31,21,55.1
05/17/2026,12:43:31,21,54.9
05/17/2026,12:48:31,21,54.6
05/17/2026,12:53:31,21,54.3
05/17/2026,12:58:31,21,54
05/17/2026,13:03:31,21,53.7
05/17/2026,13:08:31,20.9,53.5
05/17/2026,13:13:31,20.9,53.5
05/17/2026,13:18:31,20.8,53.5
05/17/2026,13:23:31,20.8,53.5
05/17/2026,13:28:31,20.7,53.5
05/17/2026,13:33:31,20.6,53.6
05/17/2026,13:38:31,20.6,53.6
05/17/2026,13:43:31,20.5,53.7
05/17/2026,13:48:31,20.5,53.7
05/17/2026,13:53:31,20.4,53.7
05/17/2026,13:58:31,20.4,53.7
05/17/2026,14:03:31,20.3,53.8
05/17/2026,14:08:31,20.3,53.7
05/17/2026,14:13:31,20.2,53.7
05/17/2026,14:18:31,20.1,53.8
05/17/2026,14:23:31,20.1,53.8
05/17/2026,14:28:31,20,53.8
05/17/2026,14:33:31,20,53.8
05/17/2026,14:38:31,20,53.7
05/17/2026,14:43:31,19.9,53.8
05/17/2026,14:48:31,19.9,53.7
05/17/2026,14:53:31,19.8,53.7
05/17/2026,14:58:31,19.8,53.7
05/17/2026,15:03:31,19.7,53.7
05/17/2026,15:08:31,19.7,53.7
05/17/2026,15:13:31,19.7,53.7
05/17/2026,15:18:31,19.6,53.6
05/17/2026,15:23:31,19.6,53.6
05/17/2026,15:28:31,19.6,53.5
05/17/2026,15:33:31,19.6,53.3
05/17/2026,15:38:31,19.5,53.2
05/17/2026,15:43:31,19.5,53.1
05/17/2026,15:48:31,19.5,53
05/17/2026,15:53:31,19.4,53
05/17/2026,15:58:31,19.4,53
05/17/2026,16:03:31,19.4,53
05/17/2026,16:08:31,19.4,52.9
05/17/2026,16:13:31,19.4,52.9
05/17/2026,16:18:31,19.3,52.8
05/17/2026,16:23:31,19.3,52.8
05/17/2026,16:28:31,19.3,52.7
05/17/2026,16:33:31,19.3,52.8
05/17/2026,16:38:31,19.3,52.6
05/17/2026,16:43:31,19.3,52.6
05/17/2026,16:48:31,19.2,52.6
05/17/2026,16:53:31,19.2,52.6
05/17/2026,16:58:31,19.2,52.5
05/17/2026,17:03:31,19.2,52.4
05/17/2026,17:08:31,19.2,52.4
05/17/2026,17:13:31,19.2,52.4
05/17/2026,17:18:31,19.2,52.3
05/17/2026,17:23:31,19.1,52.3
05/17/2026,17:28:31,19.1,52.2
05/17/2026,17:33:31,19.1,52.2
05/17/2026,17:38:31,19.1,52.1
05/17/2026,17:43:31,19.1,52.1
05/17/2026,17:48:31,19.1,51.9
05/17/2026,17:53:31,19.1,51.8
05/17/2026,17:58:31,19,51.7
05/17/2026,18:03:31,19,51.8
05/17/2026,18:08:31,19,51.7
05/17/2026,18:13:31,19,51.6
05/17/2026,18:18:31,19,51.6
05/17/2026,18:23:31,19,51.6
05/17/2026,18:28:31,19,51.6
05/17/2026,18:33:31,18.9,51.7
05/17/2026,18:38:31,18.9,51.6
05/17/2026,18:43:31,18.9,51.7
05/17/2026,18:48:31,18.9,51.6
05/17/2026,18:53:31,18.9,51.5
05/17/2026,18:58:31,18.9,51.5
05/17/2026,19:03:31,18.9,51.5
05/17/2026,19:08:31,18.8,51.5
05/17/2026,19:13:31,18.8,51.5
05/17/2026,19:18:31,18.8,51.4
05/17/2026,19:23:31,18.8,51.5
05/17/2026,19:28:31,18.8,51.5
05/17/2026,19:33:31,18.8,51.5
05/17/2026,19:38:31,18.7,51.5
05/17/2026,19:43:31,18.7,51.5
05/17/2026,19:48:31,18.7,51.5
05/17/2026,19:53:31,18.7,51.5
05/17/2026,19:58:31,18.7,51.5
05/17/2026,20:03:31,18.7,51.5
05/17/2026,20:08:31,18.7,51.4
05/17/2026,20:13:31,18.6,51.4
05/17/2026,20:18:31,18.6,51.5
05/17/2026,20:23:31,18.6,51.5
05/17/2026,20:28:31,18.6,51.5
05/17/2026,20:33:31,18.6,51.4
05/17/2026,20:38:31,18.5,51.5
05/17/2026,20:43:31,18.5,51.4
05/17/2026,20:48:31,18.5,51.4
05/17/2026,20:53:31,18.5,51.4
05/17/2026,20:58:31,18.5,51.5
05/17/2026,21:03:31,18.4,51.5
05/17/2026,21:08:31,18.4,51.4
05/17/2026,21:13:31,18.4,51.4
05/17/2026,21:18:31,18.4,51.4
05/17/2026,21:23:31,18.4,51.4
05/17/2026,21:28:31,18.3,51.4
05/17/2026,21:33:31,18.3,51.4
05/17/2026,21:38:31,18.3,51.4
05/17/2026,21:43:31,18.3,51.4
05/17/2026,21:48:31,18.3,51.4
05/17/2026,21:53:31,18.2,51.4
05/17/2026,21:58:31,18.2,51.4
05/17/2026,22:03:31,18.2,51.4
05/17/2026,22:08:31,18.2,51.4
05/17/2026,22:13:31,18.2,51.4
05/17/2026,22:18:31,18.1,51.4
05/17/2026,22:23:31,18.1,51.4
05/17/2026,22:28:31,18.1,51.3
05/17/2026,22:33:31,18.1,51.4
05/17/2026,22:38:31,18.1,51.3
05/17/2026,22:43:31,18.1,51.4
05/17/2026,22:48:31,18.1,51.4
05/17/2026,22:53:31,18.1,51.3
05/17/2026,22:58:31,18,51.3
05/17/2026,23:03:31,18,51.3
05/17/2026,23:08:31,18,51.3
05/17/2026,23:13:31,18,51.3
05/17/2026,23:18:31,18,51.3
05/17/2026,23:23:31,18,51.2
05/17/2026,23:28:31,17.9,51.3
05/17/2026,23:33:31,17.9,51.3
05/17/2026,23:38:31,17.9,51.2
05/17/2026,23:43:31,17.9,51.2
05/17/2026,23:48:31,17.9,51.2
05/17/2026,23:53:31,17.9,51.2
05/17/2026,23:58:31,17.9,51.2
05/18/2026,00:03:31,17.9,51.2
05/18/2026,00:08:31,17.8,51.2
05/18/2026,00:13:31,17.8,51.2
05/18/2026,00:18:31,17.8,51.2
05/18/2026,00:23:31,17.8,51.1
05/18/2026,00:28:31,17.8,51.2
05/18/2026,00:33:31,17.7,51.1
05/18/2026,00:38:31,17.7,51.1
05/18/2026,00:43:31,17.7,51.1
05/18/2026,00:48:31,17.7,51.1
05/18/2026,00:53:31,17.7,51.1
05/18/2026,00:58:31,17.7,51.1
05/18/2026,01:03:31,17.7,51.1
05/18/2026,01:08:31,17.6,51.1
05/18/2026,01:13:31,17.7,51
05/18/2026,01:18:31,17.6,51
05/18/2026,01:23:31,17.6,51
05/18/2026,01:28:31,17.6,51
05/18/2026,01:33:31,17.6,51
05/18/2026,01:38:31,17.5,51
05/18/2026,01:43:31,17.5,50.9
05/18/2026,01:48:31,17.5,50.9
05/18/2026,01:53:31,17.5,50.9
05/18/2026,01:58:31,17.5,50.9
05/18/2026,02:03:31,17.5,50.9
05/18/2026,02:08:31,17.4,50.8
05/18/2026,02:13:31,17.4,50.9
05/18/2026,02:18:31,17.4,50.8
05/18/2026,02:23:31,17.4,50.8
05/18/2026,02:28:31,17.3,50.8
05/18/2026,02:33:31,17.3,50.7
05/18/2026,02:38:31,17.3,50.7
05/18/2026,02:43:31,17.3,50.8
05/18/2026,02:48:31,17.3,50.8
05/18/2026,02:53:31,17.3,50.8
05/18/2026,02:58:31,17.2,50.7
05/18/2026,03:03:31,17.2,50.8
05/18/2026,03:08:31,17.2,50.7
05/18/2026,03:13:31,17.2,50.7
05/18/2026,03:18:31,17.2,50.7
05/18/2026,03:23:31,17.2,50.7
05/18/2026,03:28:31,17.2,50.6
05/18/2026,03:33:31,17.2,50.6
05/18/2026,03:38:31,17.2,50.6
05/18/2026,03:43:31,17.2,50.6
05/18/2026,03:48:31,17.1,50.5
05/18/2026,03:53:31,17.1,50.5
05/18/2026,03:58:31,17.1,50.5
05/18/2026,04:03:31,17.1,50.5
05/18/2026,04:08:31,17.1,50.5
05/18/2026,04:13:31,17,50.5
05/18/2026,04:18:31,17,50.4
05/18/2026,04:23:31,17,50.4
05/18/2026,04:28:31,17,50.4
05/18/2026,04:33:31,16.9,50.4
05/18/2026,04:38:31,16.9,50.4
05/18/2026,04:43:31,16.9,50.4
05/18/2026,04:48:31,16.9,50.4
05/18/2026,04:53:31,16.9,50.3
05/18/2026,04:58:31,16.8,50.4
05/18/2026,05:03:31,16.8,50.3
05/18/2026,05:08:31,16.8,50.4
05/18/2026,05:13:31,16.8,50.3
05/18/2026,05:18:31,16.7,50.3
05/18/2026,05:23:31,16.8,50.3
05/18/2026,05:28:31,16.7,50.3
05/18/2026,05:33:31,16.7,50.3
05/18/2026,05:38:31,16.7,50.3
05/18/2026,05:43:31,16.7,50.3
05/18/2026,05:48:31,16.7,50.3
05/18/2026,05:53:31,16.7,50.3
05/18/2026,05:58:31,16.6,50.3
05/18/2026,06:03:31,16.6,50.3
05/18/2026,06:08:31,16.6,50.3
05/18/2026,06:13:31,16.6,50.2
05/18/2026,06:18:31,16.6,50.3
05/18/2026,06:23:31,16.6,50.3
05/18/2026,06:28:31,16.6,50.3
05/18/2026,06:33:31,16.6,50.3
05/18/2026,06:38:31,16.6,50.3
05/18/2026,06:43:31,16.6,50.3
05/18/2026,06:48:31,16.6,50.4
05/18/2026,06:53:31,16.6,50.4
05/18/2026,06:58:31,16.6,50.4
05/18/2026,07:03:31,16.6,50.4
05/18/2026,07:08:31,16.6,50.4
05/18/2026,07:13:31,16.6,50.4
05/18/2026,07:18:31,16.6,50.4
05/18/2026,07:23:31,16.7,50.4
05/18/2026,07:28:31,16.6,50.4
05/18/2026,07:33:31,16.7,50.4
05/18/2026,07:38:31,16.7,50.4
05/18/2026,07:43:31,16.7,50.4
05/18/2026,07:48:31,16.7,50.4
05/18/2026,07:53:31,16.7,50.4
05/18/2026,07:58:31,16.7,50.5
05/18/2026,08:03:31,16.8,50.4
05/18/2026,08:08:31,16.8,50.5
05/18/2026,08:13:31,16.8,50.5
05/18/2026,08:18:31,16.8,50.5
05/18/2026,08:23:31,16.8,50.5
05/18/2026,08:28:31,16.8,50.5
05/18/2026,08:33:31,16.9,50.5
05/18/2026,08:38:31,16.9,50.5
05/18/2026,08:43:31,16.9,50.5
05/18/2026,08:48:31,16.9,50.5
05/18/2026,08:53:31,16.9,50.5
05/18/2026,08:58:31,16.9,50.5
05/18/2026,09:03:31,16.9,50.4
05/18/2026,09:08:31,17,50.5
05/18/2026,09:13:31,16.9,50.4
05/18/2026,09:18:31,17,50.4
05/18/2026,09:23:31,17,50.5
05/18/2026,09:28:31,17,50.5
05/18/2026,09:33:31,17,50.4
05/18/2026,09:38:31,17.1,50.5
05/18/2026,09:43:31,17,50.5
05/18/2026,09:48:31,17.1,50.6
05/18/2026,09:53:31,17.1,50.6
05/18/2026,09:58:31,17.1,50.6
05/18/2026,10:03:31,17.1,50.8
05/18/2026,10:08:31,17.1,50.7
05/18/2026,10:13:31,17.1,50.9
05/18/2026,10:18:31,17.2,50.9
05/18/2026,10:23:31,17.2,50.9
05/18/2026,10:28:31,17.2,50.9
05/18/2026,10:33:31,17.2,51
05/18/2026,10:38:31,17.2,50.9
05/18/2026,10:43:31,17.2,51
05/18/2026,10:48:31,17.3,51
05/18/2026,10:53:31,17.3,51
05/18/2026,10:58:31,17.3,51
05/18/2026,11:03:31,17.3,51
05/18/2026,11:08:31,17.3,51
05/18/2026,11:13:31,17.3,51
05/18/2026,11:18:31,17.3,51
05/18/2026,11:23:31,17.3,50.9
05/18/2026,11:28:31,17.3,51
05/18/2026,11:33:31,17.3,51
05/18/2026,11:38:31,17.3,50.9
05/18/2026,11:43:31,17.3,50.9
05/18/2026,11:48:31,17.4,50.9
05/18/2026,11:53:31,17.3,50.9
05/18/2026,11:58:31,17.4,50.9
05/18/2026,12:03:31,17.4,50.8
05/18/2026,12:08:31,17.4,50.8
05/18/2026,12:13:31,17.4,50.8
05/18/2026,12:18:31,17.3,50.7
05/18/2026,12:23:31,17.4,50.7
05/18/2026,12:28:31,17.4,50.7
05/18/2026,12:33:31,17.4,50.7
05/18/2026,12:38:31,17.4,50.7
05/18/2026,12:43:31,17.4,50.7
05/18/2026,12:48:31,17.4,50.7
05/18/2026,12:53:31,17.4,50.7
05/18/2026,12:58:31,17.4,50.7
05/18/2026,13:03:31,17.4,50.7
05/18/2026,13:08:31,17.4,50.7
05/18/2026,13:13:31,17.4,50.7
05/18/2026,13:18:31,17.4,50.7
05/18/2026,13:23:31,17.4,50.7
05/18/2026,13:28:31,17.4,50.7
05/18/2026,13:33:31,17.4,50.7
05/18/2026,13:38:31,17.4,50.7
05/18/2026,13:43:31,17.4,50.7
05/18/2026,13:48:31,17.4,50.8
05/18/2026,13:53:31,17.4,50.8
05/18/2026,13:58:31,17.4,50.8
05/18/2026,14:03:31,17.4,50.8
05/18/2026,14:08:31,17.4,50.8
05/18/2026,14:13:31,17.4,50.8
05/18/2026,14:18:31,17.4,50.8
05/18/2026,14:23:31,17.4,50.9
05/18/2026,14:28:31,17.4,50.8
05/18/2026,14:33:31,17.4,50.9
05/18/2026,14:38:31,17.4,50.8
05/18/2026,14:43:31,17.4,50.9
05/18/2026,14:48:31,17.5,50.9
05/18/2026,14:53:31,17.5,50.9
05/18/2026,14:58:31,17.5,50.9
05/18/2026,15:03:31,17.5,50.9
05/18/2026,15:08:31,17.5,50.9
05/18/2026,15:13:31,17.5,50.8
05/18/2026,15:18:31,17.5,50.9
05/18/2026,15:23:31,17.5,50.9
05/18/2026,15:28:31,17.5,51
05/18/2026,15:33:31,17.5,51
05/18/2026,15:38:31,17.6,51
05/18/2026,15:43:31,17.6,51
05/18/2026,15:48:31,17.6,51
05/18/2026,15:53:31,17.6,51
05/18/2026,15:58:31,17.6,51
05/18/2026,16:03:31,17.6,51
05/18/2026,16:08:31,17.6,51.1
05/18/2026,16:13:31,17.6,51.1
05/18/2026,16:18:31,17.7,51.1
05/18/2026,16:23:31,17.7,51.1
05/18/2026,16:28:31,17.7,51.1
05/18/2026,16:33:31,17.7,51.2
05/18/2026,16:38:31,17.7,51.2
05/18/2026,16:43:31,17.7,51.2
05/18/2026,16:48:31,17.7,51.2
05/18/2026,16:53:31,17.7,51.2
05/18/2026,16:58:31,17.7,51.3
05/18/2026,17:03:31,17.7,51.3
05/18/2026,17:08:31,17.7,51.3
05/18/2026,17:13:31,17.7,51.3
05/18/2026,17:18:31,17.7,51.3
05/18/2026,17:23:31,17.7,51.3
05/18/2026,17:28:31,17.8,51.4
05/18/2026,17:33:31,17.8,51.4
05/18/2026,17:38:31,17.8,51.4
05/18/2026,17:43:31,17.8,51.4
05/18/2026,17:48:31,17.8,51.4
05/18/2026,17:53:31,17.8,51.4
05/18/2026,17:58:31,17.8,51.4
05/18/2026,18:03:31,17.8,51.4
05/18/2026,18:08:31,17.8,51.5
05/18/2026,18:13:31,17.8,51.4
05/18/2026,18:18:31,17.8,51.5
05/18/2026,18:23:31,17.8,51.5
05/18/2026,18:28:31,17.8,51.5
05/18/2026,18:33:31,17.8,51.5
05/18/2026,18:38:31,17.8,51.5
05/18/2026,18:43:31,17.8,51.6
05/18/2026,18:48:31,17.8,51.6
05/18/2026,18:53:31,17.8,51.6
05/18/2026,18:58:31,17.8,51.6
05/18/2026,19:03:31,17.8,51.6
05/18/2026,19:08:31,17.8,51.6
05/18/2026,19:13:31,17.8,51.7
05/18/2026,19:18:31,17.8,51.7
05/18/2026,19:23:31,17.8,51.7
05/18/2026,19:28:31,17.8,51.7
05/18/2026,19:33:31,17.8,51.7
05/18/2026,19:38:31,17.8,51.8
05/18/2026,19:43:31,17.8,51.8
05/18/2026,19:48:31,17.8,51.8
05/18/2026,19:53:31,17.8,51.8
05/18/2026,19:58:31,17.8,51.9
05/18/2026,20:03:31,17.8,51.9
05/18/2026,20:08:31,17.8,51.8
05/18/2026,20:13:31,17.8,51.9
05/18/2026,20:18:31,17.8,51.9
05/18/2026,20:23:31,17.8,51.9
05/18/2026,20:28:31,17.8,51.9
05/18/2026,20:33:31,17.8,51.9
05/18/2026,20:38:31,17.8,52
05/18/2026,20:43:31,17.8,52
05/18/2026,20:48:31,17.8,52
05/18/2026,20:53:31,17.8,52
05/18/2026,20:58:31,17.8,51.9
05/18/2026,21:03:31,17.8,52
05/18/2026,21:08:31,17.8,51.9
05/18/2026,21:13:31,17.7,51.9
05/18/2026,21:18:31,17.7,51.9
05/18/2026,21:23:31,17.7,51.9
05/18/2026,21:28:31,17.7,51.9
05/18/2026,21:33:31,17.7,51.9
05/18/2026,21:38:31,17.7,51.8
05/18/2026,21:43:31,17.7,51.8
05/18/2026,21:48:31,17.7,51.8
05/18/2026,21:53:31,17.7,51.8
05/18/2026,21:58:31,17.7,51.8
05/18/2026,22:03:31,17.7,51.8
05/18/2026,22:08:31,17.6,51.8
05/18/2026,22:13:31,17.6,51.7
05/18/2026,22:18:31,17.6,51.7
05/18/2026,22:23:31,17.6,51.7
05/18/2026,22:28:31,17.6,51.7
05/18/2026,22:33:31,17.6,51.7
05/18/2026,22:38:31,17.6,51.7
05/18/2026,22:43:31,17.6,51.7
05/18/2026,22:48:31,17.6,51.7
05/18/2026,22:53:31,17.6,51.7
05/18/2026,22:58:31,17.5,51.7
05/18/2026,23:03:31,17.5,51.7
05/18/2026,23:08:31,17.5,51.7
05/18/2026,23:13:31,17.5,51.7
05/18/2026,23:18:31,17.5,51.7
05/18/2026,23:23:31,17.5,51.7
05/18/2026,23:28:31,17.5,51.7
05/18/2026,23:33:31,17.5,51.7
05/18/2026,23:38:31,17.5,51.6
05/18/2026,23:43:31,17.5,51.6
05/18/2026,23:48:31,17.4,51.6
05/18/2026,23:53:31,17.4,51.7
05/18/2026,23:58:31,17.4,51.6
05/19/2026,00:03:31,17.4,51.7
05/19/2026,00:08:31,17.4,51.7
05/19/2026,00:13:31,17.4,51.7
05/19/2026,00:18:31,17.4,51.7
05/19/2026,00:23:31,17.4,51.6
05/19/2026,00:28:31,17.4,51.6
05/19/2026,00:33:31,17.3,51.6
05/19/2026,00:38:31,17.3,51.6
05/19/2026,00:43:31,17.3,51.6
05/19/2026,00:48:31,17.3,51.6
05/19/2026,00:53:31,17.3,51.6
05/19/2026,00:58:31,17.3,51.6
05/19/2026,01:03:31,17.3,51.6
05/19/2026,01:08:31,17.3,51.6
05/19/2026,01:13:31,17.3,51.6
05/19/2026,01:18:31,17.2,51.6
05/19/2026,01:23:31,17.2,51.6
05/19/2026,01:28:31,17.2,51.5
05/19/2026,01:33:31,17.2,51.5
05/19/2026,01:38:31,17.2,51.5
05/19/2026,01:43:31,17.2,51.5
05/19/2026,01:48:31,17.2,51.5
05/19/2026,01:53:31,17.2,51.5
05/19/2026,01:58:31,17.2,51.5
05/19/2026,02:03:31,17.1,51.5
05/19/2026,02:08:31,17.1,51.5
05/19/2026,02:13:31,17.1,51.5
05/19/2026,02:18:31,17.1,51.6
05/19/2026,02:23:31,17.1,51.6
05/19/2026,02:28:31,17.1,51.6
05/19/2026,02:33:31,17,51.6
05/19/2026,02:38:31,17.1,51.6
05/19/2026,02:43:31,17.1,51.6
05/19/2026,02:48:31,17,51.6
05/19/2026,02:53:31,17,51.7
05/19/2026,02:58:31,17,51.6
05/19/2026,03:03:31,17,51.7
05/19/2026,03:08:31,17,51.7
05/19/2026,03:13:31,17,51.7
05/19/2026,03:18:31,17,51.7
05/19/2026,03:23:31,17,51.7
05/19/2026,03:28:31,16.9,51.7
05/19/2026,03:33:31,16.9,51.7
05/19/2026,03:38:31,16.9,51.7
05/19/2026,03:43:31,16.9,51.8
05/19/2026,03:48:31,16.9,51.7
05/19/2026,03:53:31,16.9,51.8
05/19/2026,03:58:31,16.9,51.8
05/19/2026,04:03:31,16.9,51.9
05/19/2026,04:08:31,16.9,51.9
05/19/2026,04:13:31,16.8,51.9
05/19/2026,04:18:31,16.9,51.9
05/19/2026,04:23:31,16.8,51.9
05/19/2026,04:28:31,16.8,52
05/19/2026,04:33:31,16.8,52
05/19/2026,04:38:31,16.8,52
05/19/2026,04:43:31,16.8,52
05/19/2026,04:48:31,16.8,52.1
05/19/2026,04:53:31,16.8,52.1
05/19/2026,04:58:31,16.8,52.1
05/19/2026,05:03:31,16.8,52.1
05/19/2026,05:08:31,16.8,52.2
05/19/2026,05:13:31,16.7,52.2
05/19/2026,05:18:31,16.7,52.3
05/19/2026,05:23:31,16.7,52.3
05/19/2026,05:28:31,16.7,52.3
05/19/2026,05:33:31,16.7,52.3
05/19/2026,05:38:31,16.7,52.4
05/19/2026,05:43:31,16.7,52.4
05/19/2026,05:48:31,16.7,52.5
05/19/2026,05:53:31,16.7,52.5
05/19/2026,05:58:31,16.7,52.5
05/19/2026,06:03:31,16.7,52.5
05/19/2026,06:08:31,16.6,52.5
05/19/2026,06:13:31,16.6,52.6
05/19/2026,06:18:31,16.6,52.7
05/19/2026,06:23:31,16.6,52.7
05/19/2026,06:28:31,16.6,52.7
05/19/2026,06:33:31,16.6,52.7
05/19/2026,06:38:31,16.6,52.8
05/19/2026,06:43:31,16.6,52.8
05/19/2026,06:48:31,16.6,52.8
05/19/2026,06:53:31,16.6,52.9
05/19/2026,06:58:31,16.6,52.9
05/19/2026,07:03:31,16.6,53
05/19/2026,07:08:31,16.6,53
05/19/2026,07:13:31,16.6,53
05/19/2026,07:18:31,16.6,53
05/19/2026,07:23:31,16.6,53
05/19/2026,07:28:31,16.6,53.1
05/19/2026,07:33:31,16.6,53.2
05/19/2026,07:38:31,16.6,53.2
05/19/2026,07:43:31,16.6,53.2
05/19/2026,07:48:31,16.6,53.3
05/19/2026,07:53:31,16.6,53.3
05/19/2026,07:58:31,16.6,53.4
05/19/2026,08:03:31,16.6,53.4
05/19/2026,08:08:31,16.6,53.3
05/19/2026,08:13:31,16.6,53.4
05/19/2026,08:18:31,16.5,53.4
05/19/2026,08:23:31,16.6,53.5
05/19/2026,08:28:31,16.6,53.5
05/19/2026,08:33:31,16.6,53.5
05/19/2026,08:38:31,16.6,53.6
05/19/2026,08:43:31,16.5,53.7
05/19/2026,08:48:31,16.6,53.7
05/19/2026,08:53:31,16.5,53.8
05/19/2026,08:58:31,16.6,53.8
05/19/2026,09:03:31,16.6,53.8
05/19/2026,09:08:31,16.6,53.9
05/19/2026,09:13:31,16.6,53.9
05/19/2026,09:18:31,16.6,53.9
05/19/2026,09:23:31,16.6,54
05/19/2026,09:28:31,16.6,54
05/19/2026,09:33:31,16.6,54
05/19/2026,09:38:31,16.6,54.1
05/19/2026,09:43:31,16.6,54
05/19/2026,09:48:31,16.6,54.1
05/19/2026,09:53:31,16.6,54.1
05/19/2026,09:58:31,16.6,54.2
05/19/2026,10:03:31,16.6,54.1
05/19/2026,10:08:31,16.6,54.2
05/19/2026,10:13:31,16.6,54.1
05/19/2026,10:18:31,16.6,54.2
05/19/2026,10:23:31,16.6,54.1
05/19/2026,10:28:31,16.6,54.2
05/19/2026,10:33:31,16.6,54.1
05/19/2026,10:38:31,16.6,54.2
05/19/2026,10:43:31,16.6,54.2
05/19/2026,10:48:31,16.6,54.2
05/19/2026,10:53:31,16.6,54.3
05/19/2026,10:58:31,16.7,54.3
05/19/2026,11:03:31,16.6,54.3
05/19/2026,11:08:31,16.6,54.4
05/19/2026,11:13:31,16.7,54.4
05/19/2026,11:18:31,16.7,54.5
05/19/2026,11:23:31,16.6,54.5
05/19/2026,11:28:31,16.7,54.6
05/19/2026,11:33:31,16.7,54.5
05/19/2026,11:38:31,16.7,54.6
05/19/2026,11:43:31,16.7,54.5
05/19/2026,11:48:31,16.7,54.5
05/19/2026,11:53:31,16.7,54.5
05/19/2026,11:58:31,16.7,54.6
05/19/2026,12:03:31,16.7,54.6
05/19/2026,12:08:31,16.7,54.6
05/19/2026,12:13:31,16.8,54.7
05/19/2026,12:18:31,16.8,54.7
05/19/2026,12:23:31,16.8,54.6
05/19/2026,12:28:31,16.8,54.7
05/19/2026,12:33:31,16.8,55.1
05/19/2026,12:38:31,16.9,55.1
05/19/2026,12:43:31,16.9,55
05/19/2026,12:48:31,16.9,55
05/19/2026,12:53:31,16.9,55.2
05/19/2026,12:58:31,17,55.2
05/19/2026,13:03:31,17,55.2
05/19/2026,13:08:31,17,55.7
05/19/2026,13:13:31,17,55.7
05/19/2026,13:18:31,17.1,55.7
05/19/2026,13:23:31,17.1,55.7
05/19/2026,13:28:31,17.1,55.7
05/19/2026,13:33:31,17.1,55.7
05/19/2026,13:38:31,17.1,55.6
05/19/2026,13:43:31,17.1,55.6
05/19/2026,13:48:31,17.2,55.5
05/19/2026,13:53:31,17.2,55.4
05/19/2026,13:58:31,17.2,55.5
05/19/2026,14:03:31,17.2,55.5
05/19/2026,14:08:31,17.2,55.5
05/19/2026,14:13:31,17.2,55.5
05/19/2026,14:18:31,17.3,55.6
05/19/2026,14:23:31,17.3,55.5
05/19/2026,14:28:31,17.3,56
05/19/2026,14:33:31,17.3,55.8
05/19/2026,14:38:31,17.3,55.7
05/19/2026,14:43:31,17.3,55.7
05/19/2026,14:48:31,17.3,56
05/19/2026,14:53:31,17.3,55.8
05/19/2026,14:58:31,17.3,55.9
05/19/2026,15:03:31,17.4,56
05/19/2026,15:08:31,17.3,56
05/19/2026,15:13:31,17.4,56.1
05/19/2026,15:18:31,17.4,56
05/19/2026,15:23:31,17.4,55.9
05/19/2026,15:28:31,17.4,56.3
05/19/2026,15:33:31,17.4,56
05/19/2026,15:38:31,17.4,56.2
05/19/2026,15:43:31,17.4,56
05/19/2026,15:48:31,17.4,56
05/19/2026,15:53:31,17.4,55.9
05/19/2026,15:58:31,17.5,56.2
05/19/2026,16:03:31,17.5,56.1
05/19/2026,16:08:31,17.5,56.2
05/19/2026,16:13:31,17.5,56.4
05/19/2026,16:18:31,17.5,56.2
05/19/2026,16:23:31,17.5,56.3
05/19/2026,16:28:31,17.5,56.5
05/19/2026,16:33:31,17.5,56.4
05/19/2026,16:38:31,17.5,56.4
05/19/2026,16:43:31,17.5,56.6
05/19/2026,16:48:31,17.5,56.6
05/19/2026,16:53:31,17.5,56.7
05/19/2026,16:58:31,17.6,56.8
05/19/2026,17:03:31,17.6,56.7
05/19/2026,17:08:31,17.6,56.8
05/19/2026,17:13:31,17.6,56.9
05/19/2026,17:18:31,17.6,57
05/19/2026,17:23:31,17.6,57
05/19/2026,17:28:31,17.6,57
05/19/2026,17:33:31,17.6,57
05/19/2026,17:38:31,17.6,57.1
05/19/2026,17:43:31,17.6,57
05/19/2026,17:48:31,17.7,57.1
05/19/2026,17:53:31,17.7,57.1
05/19/2026,17:58:31,17.7,57.1
05/19/2026,18:03:31,17.7,57.1
05/19/2026,18:08:31,17.7,57.1
05/19/2026,18:13:31,17.7,57
05/19/2026,18:18:31,17.7,57
05/19/2026,18:23:31,17.7,57
05/19/2026,18:28:31,17.7,57
05/19/2026,18:33:31,17.7,57.1
05/19/2026,18:38:31,17.7,57.2
05/19/2026,18:43:31,17.7,57.2
05/19/2026,18:48:31,17.7,57.1
05/19/2026,18:53:31,17.8,57
05/19/2026,18:58:31,17.8,57.1
05/19/2026,19:03:31,17.8,57.1
05/19/2026,19:08:31,17.8,57.1
05/19/2026,19:13:31,17.8,57.3
05/19/2026,19:18:31,17.8,57.3
05/19/2026,19:23:31,17.8,57.4
05/19/2026,19:28:31,17.8,57.3
05/19/2026,19:33:31,17.9,57.3
05/19/2026,19:38:31,17.9,57.4
05/19/2026,19:43:31,17.9,57.3
05/19/2026,19:48:31,17.9,57.4
05/19/2026,19:53:31,17.9,57.5
05/19/2026,19:58:31,17.9,57.5
05/19/2026,20:03:31,18,57.6
05/19/2026,20:08:31,18,57.5
05/19/2026,20:13:31,18,57.6
05/19/2026,20:18:31,18,57.5
05/19/2026,20:23:31,18,57.5
05/19/2026,20:28:31,18,57.4
05/19/2026,20:33:31,18,57.4
05/19/2026,20:38:31,18,57.3
05/19/2026,20:43:31,18,57.3
05/19/2026,20:48:31,18,57.3
05/19/2026,20:53:31,18,57.3
05/19/2026,20:58:31,18,57.3
05/19/2026,21:03:31,18,57.3
05/19/2026,21:08:31,18,57.3
05/19/2026,21:13:31,18,57.2
05/19/2026,21:18:31,18,57.2
05/19/2026,21:23:31,18,57.1
05/19/2026,21:28:31,18,57.2
05/19/2026,21:33:31,18,57.2
05/19/2026,21:38:31,18,57.1
05/19/2026,21:43:31,18,57
05/19/2026,21:48:31,18,57.1
05/19/2026,21:53:31,18,57.1
05/19/2026,21:58:31,18,57.2
05/19/2026,22:03:31,18,57.2
05/19/2026,22:08:31,17.9,57
05/19/2026,22:13:31,18,57.1
05/19/2026,22:18:31,17.9,57
05/19/2026,22:23:31,18,56.9
05/19/2026,22:28:31,17.9,56.9
05/19/2026,22:33:31,17.9,57
05/19/2026,22:38:31,17.9,56.9
05/19/2026,22:43:31,17.9,56.8
05/19/2026,22:48:31,17.9,56.9
05/19/2026,22:53:31,17.9,56.8
05/19/2026,22:58:31,17.9,56.8
05/19/2026,23:03:31,17.9,56.7
05/19/2026,23:08:31,17.8,56.8
05/19/2026,23:13:31,17.8,56.7
05/19/2026,23:18:31,17.8,56.8
05/19/2026,23:23:31,17.8,56.8
05/19/2026,23:28:31,17.8,56.9
05/19/2026,23:33:31,17.8,56.9
05/19/2026,23:38:31,17.8,56.9
05/19/2026,23:43:31,17.8,56.9
05/19/2026,23:48:31,17.8,56.9
05/19/2026,23:53:31,17.7,57
05/19/2026,23:58:31,17.7,57
05/20/2026,00:03:31,17.7,56.9
05/20/2026,00:08:31,17.7,57
05/20/2026,00:13:31,17.7,56.9
05/20/2026,00:18:31,17.7,56.9
05/20/2026,00:23:31,17.7,56.9
05/20/2026,00:28:31,17.7,56.9
05/20/2026,00:33:31,17.7,56.9
05/20/2026,00:38:31,17.6,56.8
05/20/2026,00:43:31,17.6,56.8
05/20/2026,00:48:31,17.6,56.8
05/20/2026,00:53:31,17.6,56.8
05/20/2026,00:58:31,17.6,56.7
05/20/2026,01:03:31,17.6,56.7
05/20/2026,01:08:31,17.6,56.8
05/20/2026,01:13:31,17.6,56.7
05/20/2026,01:18:31,17.6,56.8
05/20/2026,01:23:31,17.6,56.8
05/20/2026,01:28:31,17.5,56.8
05/20/2026,01:33:31,17.5,56.8
05/20/2026,01:38:31,17.5,56.8
05/20/2026,01:43:31,17.5,56.8
05/20/2026,01:48:31,17.5,56.7
05/20/2026,01:53:31,17.5,56.7
05/20/2026,01:58:31,17.5,56.7
05/20/2026,02:03:31,17.5,56.8
05/20/2026,02:08:31,17.5,56.8
05/20/2026,02:13:31,17.5,56.7
05/20/2026,02:18:31,17.5,56.7
05/20/2026,02:23:31,17.5,56.7
05/20/2026,02:28:31,17.5,56.8
05/20/2026,02:33:31,17.4,56.8
05/20/2026,02:38:31,17.5,56.8
05/20/2026,02:43:31,17.4,56.8
05/20/2026,02:48:31,17.4,56.7
05/20/2026,02:53:31,17.4,56.8
05/20/2026,02:58:31,17.4,56.8
05/20/2026,03:03:31,17.4,56.8
05/20/2026,03:08:31,17.4,56.8
05/20/2026,03:13:31,17.4,56.8
05/20/2026,03:18:31,17.4,56.8
05/20/2026,03:23:31,17.4,56.8
05/20/2026,03:28:31,17.3,56.8
05/20/2026,03:33:31,17.4,56.8
05/20/2026,03:38:31,17.4,56.8
05/20/2026,03:43:31,17.3,56.8
05/20/2026,03:48:31,17.3,56.8
05/20/2026,03:53:31,17.3,56.8
05/20/2026,03:58:31,17.3,56.8
05/20/2026,04:03:31,17.3,56.8
05/20/2026,04:08:31,17.3,56.8
05/20/2026,04:13:31,17.3,56.8
05/20/2026,04:18:31,17.3,56.8
05/20/2026,04:23:31,17.3,56.8
05/20/2026,04:28:31,17.2,56.8
05/20/2026,04:33:31,17.2,56.8
05/20/2026,04:38:31,17.2,56.7
05/20/2026,04:43:31,17.2,56.8
05/20/2026,04:48:31,17.2,56.8
05/20/2026,04:53:31,17.2,56.8
05/20/2026,04:58:31,17.2,56.8
05/20/2026,05:03:31,17.2,56.8
05/20/2026,05:08:31,17.2,56.8
05/20/2026,05:13:31,17.2,56.8
05/20/2026,05:18:31,17.2,56.7
05/20/2026,05:23:31,17.2,56.8
05/20/2026,05:28:31,17.2,56.8
05/20/2026,05:33:31,17.2,56.7
05/20/2026,05:38:31,17.2,56.7
05/20/2026,05:43:31,17.2,56.7
05/20/2026,05:48:31,17.1,56.7
05/20/2026,05:53:31,17.1,56.7
05/20/2026,05:58:31,17.1,56.7
05/20/2026,06:03:31,17.1,56.7
05/20/2026,06:08:31,17.1,56.7
05/20/2026,06:13:31,17.1,56.7
05/20/2026,06:18:31,17.1,56.7
05/20/2026,06:23:31,17.1,56.7
05/20/2026,06:28:31,17.1,56.7
05/20/2026,06:33:31,17.1,56.7
05/20/2026,06:38:31,17.1,56.7
05/20/2026,06:43:31,17.1,56.7
05/20/2026,06:48:31,17.1,56.7
05/20/2026,06:53:31,17.1,56.7
05/20/2026,06:58:31,17.1,56.7
05/20/2026,07:03:31,17.1,56.7
05/20/2026,07:08:31,17.1,56.8
05/20/2026,07:13:31,17.1,56.8
05/20/2026,07:18:31,17.1,56.8
05/20/2026,07:23:31,17.1,56.9
05/20/2026,07:28:31,17.1,56.8
05/20/2026,07:33:31,17.1,56.8
05/20/2026,07:38:31,17.1,56.8
05/20/2026,07:43:31,17.1,56.7
05/20/2026,07:48:31,17.1,56.8
05/20/2026,07:53:31,17.1,56.8
05/20/2026,07:58:31,17.1,56.7
05/20/2026,08:03:31,17.1,56.8
05/20/2026,08:08:31,17.1,56.8
05/20/2026,08:13:31,17.1,56.8
05/20/2026,08:18:31,17.1,56.8
05/20/2026,08:23:31,17.1,56.8
05/20/2026,08:28:31,17.1,56.7
05/20/2026,08:33:31,17.1,56.8
05/20/2026,08:38:31,17.1,56.8
05/20/2026,08:43:31,17.1,56.8
05/20/2026,08:48:31,17.1,56.8
05/20/2026,08:53:31,17.1,56.8
05/20/2026,08:58:31,17.1,56.8
05/20/2026,09:03:31,17.1,56.8
05/20/2026,09:08:31,17.1,56.7
05/20/2026,09:13:31,17.1,56.8
05/20/2026,09:18:31,17.1,56.7
05/20/2026,09:23:31,17.1,56.8
05/20/2026,09:28:31,17.1,56.7
05/20/2026,09:33:31,17.1,56.8
05/20/2026,09:38:31,17.1,56.8
05/20/2026,09:43:31,17.1,56.7
05/20/2026,09:48:31,17.2,56.7
05/20/2026,09:53:31,17.2,56.7
05/20/2026,09:58:31,17.2,56.7
05/20/2026,10:03:31,17.2,56.7
05/20/2026,10:08:31,17.2,56.7
05/20/2026,10:13:31,17.2,56.7
05/20/2026,10:18:31,17.2,56.7
05/20/2026,10:23:31,17.2,56.8
05/20/2026,10:28:31,17.2,56.7
05/20/2026,10:33:31,17.2,56.8
05/20/2026,10:38:31,17.3,56.7
05/20/2026,10:43:31,17.2,56.8
05/20/2026,10:48:31,17.3,56.7
05/20/2026,10:53:31,17.3,56.7
05/20/2026,10:58:31,17.3,56.7
05/20/2026,11:03:31,17.3,56.6
05/20/2026,11:08:31,17.3,56.7
05/20/2026,11:13:31,17.3,56.7
05/20/2026,11:18:31,17.3,56.7
05/20/2026,11:23:31,17.3,56.6
05/20/2026,11:28:31,17.3,56.6
05/20/2026,11:33:31,17.3,56.6
05/20/2026,11:38:31,17.4,56.7
05/20/2026,11:43:31,17.4,56.6
05/20/2026,11:48:31,17.4,56.6
05/20/2026,11:53:31,17.4,56.6
05/20/2026,11:58:31,17.4,56.6
05/20/2026,12:03:31,17.4,56.6
05/20/2026,12:08:31,17.4,56.6
05/20/2026,12:13:31,17.4,56.6
05/20/2026,12:18:31,17.4,56.5
05/20/2026,12:23:31,17.4,56.6
05/20/2026,12:28:31,17.4,56.6
05/20/2026,12:33:31,17.4,56.6
05/20/2026,12:38:31,17.4,56.6
05/20/2026,12:43:31,17.4,56.6
05/20/2026,12:48:31,17.5,56.6
05/20/2026,12:53:31,17.5,56.5
05/20/2026,12:58:31,17.5,56.5
05/20/2026,13:03:31,17.5,56.5
05/20/2026,13:08:31,17.5,56.5
05/20/2026,13:13:31,17.5,56.5
05/20/2026,13:18:31,17.5,56.5
05/20/2026,13:23:31,17.5,56.5
05/20/2026,13:28:31,17.5,56.5
05/20/2026,13:33:31,17.5,56.5
05/20/2026,13:38:31,17.5,56.5
05/20/2026,13:43:31,17.5,56.5
05/20/2026,13:48:31,17.5,56.5
05/20/2026,13:53:31,17.5,56.6
05/20/2026,13:58:31,17.5,56.6
05/20/2026,14:03:31,17.5,56.7
05/20/2026,14:08:31,17.6,56.7
05/20/2026,14:13:31,17.6,56.8
05/20/2026,14:18:31,17.6,56.8
05/20/2026,14:23:31,17.6,56.8
05/20/2026,14:28:31,17.6,56.9
05/20/2026,14:33:31,17.6,56.9
05/20/2026,14:38:31,17.6,57
05/20/2026,14:43:31,17.7,57
05/20/2026,14:48:31,17.7,57
05/20/2026,14:53:31,17.7,57.2
05/20/2026,14:58:31,17.7,57.2
05/20/2026,15:03:31,17.7,57.2
05/20/2026,15:08:31,17.7,57.1
05/20/2026,15:13:31,17.8,57.1
05/20/2026,15:18:31,17.8,57.2
05/20/2026,15:23:31,17.8,57.1
05/20/2026,15:28:31,17.8,57.1
05/20/2026,15:33:31,17.9,57.1
05/20/2026,15:38:31,17.9,57.1
05/20/2026,15:43:31,17.9,57.1
05/20/2026,15:48:31,17.9,57.1
05/20/2026,15:53:31,17.9,57.1
05/20/2026,15:58:31,18,57.1
05/20/2026,16:03:31,18,57.1
05/20/2026,16:08:31,18,57.1
05/20/2026,16:13:31,18,57.1
05/20/2026,16:18:31,18.1,57.1
05/20/2026,16:23:31,18.1,57.1
05/20/2026,16:28:31,18.1,57.1
05/20/2026,16:33:31,18.1,57
05/20/2026,16:38:31,18.1,57
05/20/2026,16:43:31,18.2,57
05/20/2026,16:48:31,18.2,57.1
05/20/2026,16:53:31,18.2,57.1
05/20/2026,16:58:31,18.3,57.1
05/20/2026,17:03:31,18.3,57.1
05/20/2026,17:08:31,18.3,57.2
05/20/2026,17:13:31,18.3,57.2
05/20/2026,17:18:31,18.4,57.2
05/20/2026,17:23:31,18.4,57.2
05/20/2026,17:28:31,18.4,57.3
05/20/2026,17:33:31,18.5,57.3
05/20/2026,17:38:31,18.5,57.4
05/20/2026,17:43:31,18.5,57.4
05/20/2026,17:48:31,18.5,57.4
05/20/2026,17:53:31,18.5,57.5
05/20/2026,17:58:31,18.6,57.5
05/20/2026,18:03:31,18.6,57.5
05/20/2026,18:08:31,18.6,57.5
05/20/2026,18:13:31,18.6,57.6
05/20/2026,18:18:31,18.7,57.6
05/20/2026,18:23:31,18.7,57.6
05/20/2026,18:28:31,18.7,57.6
05/20/2026,18:33:31,18.7,57.6
05/20/2026,18:38:31,18.7,57.6
05/20/2026,18:43:31,18.7,57.6
05/20/2026,18:48:31,18.8,57.6
05/20/2026,18:53:31,18.8,57.6
05/20/2026,18:58:31,18.8,57.5
05/20/2026,19:03:31,18.8,57.6
05/20/2026,19:08:31,18.8,57.6
05/20/2026,19:13:31,18.9,57.7
05/20/2026,19:18:31,18.9,57.7
05/20/2026,19:23:31,18.9,57.9
05/20/2026,19:28:31,18.9,58
05/20/2026,19:33:31,19,58
05/20/2026,19:38:31,19,58.2
05/20/2026,19:43:31,19,58.2
05/20/2026,19:48:31,19,58.3
05/20/2026,19:53:31,19.1,58.3
05/20/2026,19:58:31,19.1,58.3
05/20/2026,20:03:31,19.1,58.3
05/20/2026,20:08:31,19.1,58.2
05/20/2026,20:13:31,19.1,58.1
05/20/2026,20:18:31,19.1,58.1
05/20/2026,20:23:31,19.1,58.1
05/20/2026,20:28:31,19.2,58.1
05/20/2026,20:33:31,19.1,58.1
05/20/2026,20:38:31,19.2,58.1
05/20/2026,20:43:31,19.2,58
05/20/2026,20:48:31,19.2,58
05/20/2026,20:53:31,19.2,58.1
05/20/2026,20:58:31,19.2,58.1
05/20/2026,21:03:31,19.2,58.1
05/20/2026,21:08:31,19.2,58
05/20/2026,21:13:31,19.2,58
05/20/2026,21:18:31,19.2,57.9
05/20/2026,21:23:31,19.2,57.8
05/20/2026,21:28:31,19.2,57.8
05/20/2026,21:33:31,19.2,57.8
05/20/2026,21:38:31,19.2,57.7
05/20/2026,21:43:31,19.2,57.7
05/20/2026,21:48:31,19.2,57.6
05/20/2026,21:53:31,19.2,57.6
05/20/2026,21:58:31,19.2,57.6
05/20/2026,22:03:31,19.2,57.5
05/20/2026,22:08:31,19.2,57.5
05/20/2026,22:13:31,19.1,57.5
05/20/2026,22:18:31,19.1,57.5
05/20/2026,22:23:31,19.1,57.5
05/20/2026,22:28:31,19.1,57.4
05/20/2026,22:33:31,19.1,57.5
05/20/2026,22:38:31,19.1,57.4
05/20/2026,22:43:31,19.1,57.4
05/20/2026,22:48:31,19.1,57.4
05/20/2026,22:53:31,19.1,57.4
05/20/2026,22:58:31,19,57.4
05/20/2026,23:03:31,19,57.4
05/20/2026,23:08:31,19,57.4
05/20/2026,23:13:31,19,57.4
05/20/2026,23:18:31,19,57.3
05/20/2026,23:23:31,19,57.3
05/20/2026,23:28:31,18.9,57.3
05/20/2026,23:33:31,18.9,57.2
05/20/2026,23:38:31,18.9,57.2
05/20/2026,23:43:31,18.9,57.2
05/20/2026,23:48:31,18.9,57.2
05/20/2026,23:53:31,18.9,57.2
05/20/2026,23:58:31,18.9,57.2
05/21/2026,00:03:31,18.8,57.1
05/21/2026,00:08:31,18.8,57.1
05/21/2026,00:13:31,18.8,57.1
05/21/2026,00:18:31,18.8,57
05/21/2026,00:23:31,18.8,57
05/21/2026,00:28:31,18.7,56.9
05/21/2026,00:33:31,18.7,56.9
05/21/2026,00:38:31,18.7,56.8
05/21/2026,00:43:31,18.7,56.8
05/21/2026,00:48:31,18.7,56.7
05/21/2026,00:53:31,18.7,56.7
05/21/2026,00:58:31,18.6,56.7
05/21/2026,01:03:31,18.6,56.6
05/21/2026,01:08:31,18.6,56.6
05/21/2026,01:13:31,18.6,56.6
05/21/2026,01:18:31,18.6,56.5
05/21/2026,01:23:31,18.6,56.5
05/21/2026,01:28:31,18.5,56.4
05/21/2026,01:33:31,18.5,56.5
05/21/2026,01:38:31,18.5,56.4
05/21/2026,01:43:31,18.5,56.4
05/21/2026,01:48:31,18.5,56.4
05/21/2026,01:53:31,18.4,56.4
05/21/2026,01:58:31,18.4,56.4
05/21/2026,02:03:31,18.4,56.3
05/21/2026,02:08:31,18.4,56.4
05/21/2026,02:13:31,18.4,56.3
05/21/2026,02:18:31,18.4,56.3
05/21/2026,02:23:31,18.3,56.3
05/21/2026,02:28:31,18.3,56.3
05/21/2026,02:33:31,18.3,56.3
05/21/2026,02:38:31,18.3,56.3
05/21/2026,02:43:31,18.3,56.3
05/21/2026,02:48:31,18.3,56.3
05/21/2026,02:53:31,18.3,56.2
05/21/2026,02:58:31,18.3,56.2
05/21/2026,03:03:31,18.2,56.2
05/21/2026,03:08:31,18.2,56.2
05/21/2026,03:13:31,18.2,56.2
05/21/2026,03:18:31,18.2,56.2
05/21/2026,03:23:31,18.2,56.1
05/21/2026,03:28:31,18.2,56.1
05/21/2026,03:33:31,18.2,56.1
05/21/2026,03:38:31,18.2,56.1
05/21/2026,03:43:31,18.1,56.1
05/21/2026,03:48:31,18.1,56.1
05/21/2026,03:53:31,18.1,56.1
05/21/2026,03:58:31,18.1,56
05/21/2026,04:03:31,18.1,56
05/21/2026,04:08:31,18.1,56
05/21/2026,04:13:31,18.1,56
05/21/2026,04:18:31,18.1,56
05/21/2026,04:23:31,18.1,56
05/21/2026,04:28:31,18,55.9
05/21/2026,04:33:31,18,55.9
05/21/2026,04:38:31,18,55.9
05/21/2026,04:43:31,18,55.9
05/21/2026,04:48:31,18,55.9
05/21/2026,04:53:31,18,55.9
05/21/2026,04:58:31,18,55.9
05/21/2026,05:03:31,18,55.9
05/21/2026,05:08:31,17.9,55.9
05/21/2026,05:13:31,17.9,55.9
05/21/2026,05:18:31,17.9,55.9
05/21/2026,05:23:31,17.9,55.9
05/21/2026,05:28:31,17.9,55.9
05/21/2026,05:33:31,17.9,55.9
05/21/2026,05:38:31,17.9,55.8
05/21/2026,05:43:31,17.9,55.9
05/21/2026,05:48:31,17.9,55.9
05/21/2026,05:53:31,17.9,55.9
05/21/2026,05:58:31,17.9,55.9
05/21/2026,06:03:31,17.9,55.8
05/21/2026,06:08:31,17.9,55.9
05/21/2026,06:13:31,17.8,55.9
05/21/2026,06:18:31,17.8,55.8
05/21/2026,06:23:31,17.8,55.8
05/21/2026,06:28:31,17.8,55.8
05/21/2026,06:33:31,17.8,55.8
05/21/2026,06:38:31,17.8,55.8
05/21/2026,06:43:31,17.8,55.8
05/21/2026,06:48:31,17.8,55.9
05/21/2026,06:53:31,17.8,55.8
05/21/2026,06:58:31,17.8,55.9
05/21/2026,07:03:31,17.8,55.9
05/21/2026,07:08:31,17.8,55.9
05/21/2026,07:13:31,17.8,55.8
05/21/2026,07:18:31,17.8,55.9
05/21/2026,07:23:31,17.8,55.8
05/21/2026,07:28:31,17.8,55.9
05/21/2026,07:33:31,17.8,55.9
05/21/2026,07:38:31,17.8,55.9
05/21/2026,07:43:31,17.8,55.9
05/21/2026,07:48:31,17.8,55.9
05/21/2026,07:53:31,17.8,55.9
05/21/2026,07:58:31,17.8,55.9
05/21/2026,08:03:31,17.8,55.9
05/21/2026,08:08:31,17.8,55.8
05/21/2026,08:13:31,17.8,55.9
05/21/2026,08:18:31,17.8,55.9
05/21/2026,08:23:31,17.8,55.9
05/21/2026,08:28:31,17.8,55.9
05/21/2026,08:33:31,17.8,55.8
05/21/2026,08:38:31,17.8,55.9
05/21/2026,08:43:31,17.9,55.9
05/21/2026,08:48:31,17.9,55.8
05/21/2026,08:53:31,17.9,55.8
05/21/2026,08:58:31,17.9,55.9
05/21/2026,09:03:31,17.9,56
05/21/2026,09:08:31,17.9,55.9
05/21/2026,09:13:31,17.9,56
05/21/2026,09:18:31,17.9,56
05/21/2026,09:23:31,17.9,56
05/21/2026,09:28:31,17.9,56
05/21/2026,09:33:31,17.9,56
05/21/2026,09:38:31,17.9,56.1
05/21/2026,09:43:31,17.9,56.2
05/21/2026,09:48:31,17.9,56.1
05/21/2026,09:53:31,17.9,56.2
05/21/2026,09:58:31,18,56.2
05/21/2026,10:03:31,18,56.4
05/21/2026,10:08:31,18,56.3
05/21/2026,10:13:31,18,56.4
05/21/2026,10:18:31,18,56.4
05/21/2026,10:23:31,18,56.5
05/21/2026,10:28:31,18,56.5
05/21/2026,10:33:31,18,56.5
05/21/2026,10:38:31,18.1,56.5
05/21/2026,10:43:31,18.1,56.5
05/21/2026,10:48:31,18.1,56.6
05/21/2026,10:53:31,18.1,56.6
05/21/2026,10:58:31,18.1,56.6
05/21/2026,11:03:31,18.1,56.5
05/21/2026,11:08:31,18.1,56.5
05/21/2026,11:13:31,18.2,56.5
05/21/2026,11:18:31,18.2,56.7
05/21/2026,11:23:31,18.2,56.7
05/21/2026,11:28:31,18.2,56.9
05/21/2026,11:33:31,18.2,57
05/21/2026,11:38:31,18.2,57.1
05/21/2026,11:43:31,18.2,57.1
05/21/2026,11:48:31,18.3,57.2
05/21/2026,11:53:31,18.3,57.3
05/21/2026,11:58:31,18.3,57.3
05/21/2026,12:03:31,18.3,57.3
05/21/2026,12:08:31,18.4,57.4
05/21/2026,12:13:31,18.4,57.5
05/21/2026,12:18:31,18.4,57.5
05/21/2026,12:23:31,18.4,57.6
05/21/2026,12:28:31,18.4,57.7
05/21/2026,12:33:31,18.5,57.8
05/21/2026,12:38:31,18.5,57.8
05/21/2026,12:43:31,18.5,57.9
05/21/2026,12:48:31,18.6,57.9
05/21/2026,12:53:31,18.6,58
05/21/2026,12:58:31,18.6,58
05/21/2026,13:03:31,18.6,58.2
05/21/2026,13:08:31,18.7,58.4
05/21/2026,13:13:31,18.7,58.5
05/21/2026,13:18:31,18.7,58.5
05/21/2026,13:23:31,18.7,58.5
05/21/2026,13:28:31,18.7,58.6
05/21/2026,13:33:31,18.8,58.7
05/21/2026,13:38:31,18.9,58.8
05/21/2026,13:43:31,18.9,58.7
05/21/2026,13:48:31,18.9,59
05/21/2026,13:53:31,18.9,58.9
05/21/2026,13:58:31,18.9,58.9
05/21/2026,14:03:31,19,59.1
05/21/2026,14:08:31,19,59.3
05/21/2026,14:13:31,19,59.4
05/21/2026,14:18:31,19,59.4
05/21/2026,14:23:31,19.1,59.5
05/21/2026,14:28:31,19.1,59.7
05/21/2026,14:33:31,19.1,59.7
05/21/2026,14:38:31,19.2,59.7
05/21/2026,14:43:31,19.2,60
05/21/2026,14:48:31,19.2,60
05/21/2026,14:53:31,19.2,60.4
05/21/2026,14:58:31,19.3,60.3
05/21/2026,15:03:31,19.3,60.4
05/21/2026,15:08:31,19.4,60.6
05/21/2026,15:13:31,19.4,60.6
05/21/2026,15:18:31,19.4,60.7
05/21/2026,15:23:31,19.4,60.9
05/21/2026,15:28:31,19.5,60.9
05/21/2026,15:33:31,19.5,61
05/21/2026,15:38:31,19.5,61.2
05/21/2026,15:43:31,19.6,61
05/21/2026,15:48:31,19.6,61.2
05/21/2026,15:53:31,19.6,61.3
05/21/2026,15:58:31,19.6,61.4
05/21/2026,16:03:31,19.7,61.5
05/21/2026,16:08:31,19.7,61.6
05/21/2026,16:13:31,19.8,61.8
05/21/2026,16:18:31,19.8,61.8
05/21/2026,16:23:31,19.8,61.8
05/21/2026,16:28:31,19.8,61.9
05/21/2026,16:33:31,19.9,62
05/21/2026,16:38:31,19.9,62.2
05/21/2026,16:43:31,19.9,62.4
05/21/2026,16:48:31,19.9,62.3
05/21/2026,16:53:31,20,62.2
05/21/2026,16:58:31,20.1,62.1
05/21/2026,17:03:31,20.1,62.1
05/21/2026,17:08:31,20.1,62.2
05/21/2026,17:13:31,20.1,62.1
05/21/2026,17:18:31,20.2,62.1
05/21/2026,17:23:31,20.2,62
05/21/2026,17:28:31,20.2,62
05/21/2026,17:33:31,20.2,61.9
05/21/2026,17:38:31,20.3,61.9
05/21/2026,17:43:31,20.3,61.9
05/21/2026,17:48:31,20.3,62
05/21/2026,17:53:31,20.3,62
05/21/2026,17:58:31,20.4,62.1
05/21/2026,18:03:31,20.4,62.2
05/21/2026,18:08:31,20.4,62.2
05/21/2026,18:13:31,20.4,62.3
05/21/2026,18:18:31,20.4,62.2
05/21/2026,18:23:31,20.4,62.1
05/21/2026,18:28:31,20.5,62.2
05/21/2026,18:33:31,20.5,62.2
05/21/2026,18:38:31,20.5,62.2
05/21/2026,18:43:31,20.5,62.2
05/21/2026,18:48:31,20.5,62.2
05/21/2026,18:53:31,20.5,62.3
05/21/2026,18:58:31,20.5,62.2
05/21/2026,19:03:31,20.5,62.1
05/21/2026,19:08:31,20.6,62.1
05/21/2026,19:13:31,20.6,62.1
05/21/2026,19:18:31,20.6,61.9
05/21/2026,19:23:31,20.6,61.8
05/21/2026,19:28:31,20.6,61.8
05/21/2026,19:33:31,20.6,61.8
05/21/2026,19:38:31,20.6,61.8
05/21/2026,19:43:31,20.6,61.7
05/21/2026,19:48:31,20.6,61.7
05/21/2026,19:53:31,20.6,61.7
05/21/2026,19:58:31,20.6,61.8
05/21/2026,20:03:31,20.7,61.7
05/21/2026,20:08:31,20.7,61.7
05/21/2026,20:13:31,20.7,61.6
05/21/2026,20:18:31,20.7,61.5
05/21/2026,20:23:31,20.7,61.5
05/21/2026,20:28:31,20.7,61.4
05/21/2026,20:33:31,20.7,61.4
05/21/2026,20:38:31,20.7,61.4
05/21/2026,20:43:31,20.7,61.3
05/21/2026,20:48:31,20.7,61.3
05/21/2026,20:53:31,20.7,61.2
05/21/2026,20:58:31,20.7,61.1
05/21/2026,21:03:31,20.7,61.1
05/21/2026,21:08:31,20.7,61
05/21/2026,21:13:31,20.7,61
05/21/2026,21:18:31,20.7,60.9
05/21/2026,21:23:31,20.7,60.9
05/21/2026,21:28:31,20.7,60.9
05/21/2026,21:33:31,20.7,60.9
05/21/2026,21:38:31,20.7,60.9
05/21/2026,21:43:31,20.7,60.8
05/21/2026,21:48:31,20.7,60.7
05/21/2026,21:53:31,20.7,60.7
05/21/2026,21:58:31,20.7,60.6
05/21/2026,22:03:31,20.7,60.7
05/21/2026,22:08:31,20.7,60.6
05/21/2026,22:13:31,20.7,60.6
05/21/2026,22:18:31,20.7,60.5
05/21/2026,22:23:31,20.6,60.5
05/21/2026,22:28:31,20.7,60.5
05/21/2026,22:33:31,20.7,60.5
05/21/2026,22:38:31,20.6,60.4
05/21/2026,22:43:31,20.6,60.4
05/21/2026,22:48:31,20.6,60.2
05/21/2026,22:53:31,20.6,60.2
05/21/2026,22:58:31,20.6,60.2
05/21/2026,23:03:31,20.6,60.1
05/21/2026,23:08:31,20.6,60.1
05/21/2026,23:13:31,20.6,60.1
05/21/2026,23:18:31,20.6,60
05/21/2026,23:23:31,20.6,60
05/21/2026,23:28:31,20.6,60
05/21/2026,23:33:31,20.6,59.9
05/21/2026,23:38:31,20.6,59.9
05/21/2026,23:43:31,20.6,59.9
05/21/2026,23:48:31,20.6,59.9
05/21/2026,23:53:31,20.6,59.8
05/21/2026,23:58:31,20.6,59.8
05/22/2026,00:03:31,20.6,59.9
05/22/2026,00:08:31,20.5,59.8
05/22/2026,00:13:31,20.5,59.8
05/22/2026,00:18:31,20.5,59.9
05/22/2026,00:23:31,20.5,59.8
05/22/2026,00:28:31,20.5,59.8
05/22/2026,00:33:31,20.5,59.8
05/22/2026,00:38:31,20.5,59.8
05/22/2026,00:43:31,20.5,59.8
05/22/2026,00:48:31,20.5,59.7
05/22/2026,00:53:31,20.4,59.7
05/22/2026,00:58:31,20.5,59.7
05/22/2026,01:03:31,20.4,59.7
05/22/2026,01:08:31,20.4,59.6
05/22/2026,01:13:31,20.4,59.6
05/22/2026,01:18:31,20.4,59.6
05/22/2026,01:23:31,20.4,59.6
05/22/2026,01:28:31,20.4,59.6
05/22/2026,01:33:31,20.4,59.6
05/22/2026,01:38:31,20.4,59.5
05/22/2026,01:43:31,20.3,59.5
05/22/2026,01:48:31,20.3,59.5
05/22/2026,01:53:31,20.3,59.5
05/22/2026,01:58:31,20.3,59.4
05/22/2026,02:03:31,20.3,59.4
05/22/2026,02:08:31,20.3,59.4
05/22/2026,02:13:31,20.3,59.3
05/22/2026,02:18:31,20.3,59.3
05/22/2026,02:23:31,20.3,59.3
05/22/2026,02:28:31,20.3,59.2
05/22/2026,02:33:31,20.2,59.2
05/22/2026,02:38:31,20.2,59.1
05/22/2026,02:43:31,20.2,59.1
05/22/2026,02:48:31,20.2,59.1
05/22/2026,02:53:31,20.2,59
05/22/2026,02:58:31,20.2,59
05/22/2026,03:03:31,20.2,59
05/22/2026,03:08:31,20.2,58.9
05/22/2026,03:13:31,20.2,58.9
05/22/2026,03:18:31,20.1,58.8
05/22/2026,03:23:31,20.1,58.8
05/22/2026,03:28:31,20.2,58.8
05/22/2026,03:33:31,20.1,58.8
05/22/2026,03:38:31,20.1,58.7
05/22/2026,03:43:31,20.1,58.7
05/22/2026,03:48:31,20.1,58.6
05/22/2026,03:53:31,20.1,58.6
05/22/2026,03:58:31,20.1,58.5
05/22/2026,04:03:31,20.1,58.5
05/22/2026,04:08:31,20,58.5
05/22/2026,04:13:31,20,58.4
05/22/2026,04:18:31,20,58.4
05/22/2026,04:23:31,20,58.3
05/22/2026,04:28:31,20,58.3
05/22/2026,04:33:31,20,58.3
05/22/2026,04:38:31,20,58.3
05/22/2026,04:43:31,19.9,58.2
05/22/2026,04:48:31,19.9,58.2
05/22/2026,04:53:31,19.9,58.1
05/22/2026,04:58:31,19.9,58.1
05/22/2026,05:03:31,19.9,58.1
05/22/2026,05:08:31,19.9,58
05/22/2026,05:13:31,19.9,58
05/22/2026,05:18:31,19.9,58
05/22/2026,05:23:31,19.8,58
05/22/2026,05:28:31,19.8,57.9
05/22/2026,05:33:31,19.8,57.9
05/22/2026,05:38:31,19.8,57.9
05/22/2026,05:43:31,19.8,57.9
05/22/2026,05:48:31,19.8,57.8
05/22/2026,05:53:31,19.7,57.8
05/22/2026,05:58:31,19.7,57.8
05/22/2026,06:03:31,19.8,57.7
05/22/2026,06:08:31,19.7,57.8
05/22/2026,06:13:31,19.7,57.7
05/22/2026,06:18:31,19.7,57.8
05/22/2026,06:23:31,19.7,57.7
05/22/2026,06:28:31,19.7,57.8
05/22/2026,06:33:31,19.7,57.7
05/22/2026,06:38:31,19.7,57.7
05/22/2026,06:43:31,19.7,57.7
05/22/2026,06:48:31,19.7,57.7
05/22/2026,06:53:31,19.7,57.7
05/22/2026,06:58:31,19.7,57.7
05/22/2026,07:03:31,19.7,57.7
05/22/2026,07:08:31,19.7,57.7
05/22/2026,07:13:31,19.7,57.7
05/22/2026,07:18:31,19.7,57.7
05/22/2026,07:23:31,19.7,57.7
05/22/2026,07:28:31,19.7,57.7
05/22/2026,07:33:31,19.7,57.7
05/22/2026,07:38:31,19.8,57.7
05/22/2026,07:43:31,19.8,57.7
05/22/2026,07:48:31,19.8,57.7
05/22/2026,07:53:31,19.8,57.7
05/22/2026,07:58:31,19.8,57.6
05/22/2026,08:03:31,19.8,57.6
05/22/2026,08:08:31,19.8,57.6
05/22/2026,08:13:31,19.8,57.6
05/22/2026,08:18:31,19.9,57.6
05/22/2026,08:23:31,19.9,57.6
05/22/2026,08:28:31,19.9,57.6
05/22/2026,08:33:31,19.9,57.6
05/22/2026,08:38:31,19.9,57.6
05/22/2026,08:43:31,19.9,57.6
05/22/2026,08:48:31,19.9,57.6
05/22/2026,08:53:31,20,57.6
05/22/2026,08:58:31,20,57.6
05/22/2026,09:03:31,20,57.6
05/22/2026,09:08:31,20,57.6
05/22/2026,09:13:31,20,57.6
05/22/2026,09:18:31,20,57.6
05/22/2026,09:23:31,20.1,57.6
05/22/2026,09:28:31,20.1,57.8
05/22/2026,09:33:31,20.2,57.9
05/22/2026,09:38:31,20.3,58
05/22/2026,09:43:31,20.4,57.9
05/22/2026,09:48:31,20.6,57.8
05/22/2026,09:53:31,20.8,57.6
05/22/2026,09:58:31,21,57.4
05/22/2026,10:03:31,21.3,57
05/22/2026,10:08:31,21.4,56.8
05/22/2026,10:13:31,21.6,56.5
05/22/2026,10:18:31,21.7,56.3
05/22/2026,10:23:31,21.8,56.2
05/22/2026,10:28:31,21.9,56.1
05/22/2026,10:33:31,21.9,56.1
05/22/2026,10:38:31,21.9,56.1
05/22/2026,10:43:31,21.9,56.1
05/22/2026,10:48:31,21.9,56.2
05/22/2026,10:53:31,22,56.2
05/22/2026,10:58:31,22,56.3
05/22/2026,11:03:31,22,56.3
05/22/2026,11:08:31,22.1,56.3
05/22/2026,11:13:31,22.2,56.2
05/22/2026,11:18:31,22.4,56.1
05/22/2026,11:23:31,22.6,56
05/22/2026,11:28:31,22.8,55.7
05/22/2026,11:33:31,23.1,55.5
05/22/2026,11:38:31,23.3,55.2
05/22/2026,11:43:31,23.5,54.9
05/22/2026,11:48:31,23.6,54.8
05/22/2026,11:53:31,23.7,54.6
05/22/2026,11:58:31,23.7,54.6
05/22/2026,12:03:31,23.8,54.6
05/22/2026,12:08:31,23.8,54.6
05/22/2026,12:13:31,23.8,54.5
05/22/2026,12:18:31,23.8,54.6
05/22/2026,12:23:31,23.8,54.6
05/22/2026,12:28:31,23.8,54.6
05/22/2026,12:33:31,23.8,54.7
05/22/2026,12:38:31,23.8,54.8
05/22/2026,12:43:31,23.8,54.8
05/22/2026,12:48:31,23.8,54.9
05/22/2026,12:53:31,23.8,54.9
05/22/2026,12:58:31,23.8,54.9
05/22/2026,13:03:31,23.8,55
05/22/2026,13:08:31,23.9,54.9
05/22/2026,13:13:31,23.9,54.9
05/22/2026,13:18:31,23.9,54.7
05/22/2026,13:23:31,23.9,54.6
05/22/2026,13:28:31,23.9,54.5
05/22/2026,13:33:31,23.9,54.3
05/22/2026,13:38:31,23.9,54.2
05/22/2026,13:43:31,23.9,54.2
05/22/2026,13:48:31,24,54.1
05/22/2026,13:53:31,24,54
05/22/2026,13:58:31,24,53.9
05/22/2026,14:03:31,24.1,53.8
05/22/2026,14:08:31,24.1,53.7
05/22/2026,14:13:31,24,53.6
05/22/2026,14:18:31,24.1,53.6
05/22/2026,14:23:31,24.1,53.5
05/22/2026,14:28:31,24.2,53.5
05/22/2026,14:33:31,24.2,53.6
05/22/2026,14:38:31,24.2,53.4
05/22/2026,14:43:31,24.2,53.3
05/22/2026,14:48:31,24.2,53.3
05/22/2026,14:53:31,24.3,53.2
05/22/2026,14:58:31,24.3,53.1
05/22/2026,15:03:31,24.3,53.2
05/22/2026,15:08:31,24.4,53
05/22/2026,15:13:31,24.4,52.9
05/22/2026,15:18:31,24.4,52.8
05/22/2026,15:23:31,24.4,52.8
05/22/2026,15:28:31,24.5,52.7
05/22/2026,15:33:31,24.5,52.8
05/22/2026,15:38:31,24.5,52.7
05/22/2026,15:43:31,24.5,52.7
05/22/2026,15:48:31,24.6,52.5
05/22/2026,15:53:31,24.6,52.5
05/22/2026,15:58:31,24.6,52.4
05/22/2026,16:03:31,24.6,52.4
05/22/2026,16:08:31,24.7,52.4
05/22/2026,16:13:31,24.7,52.3
05/22/2026,16:18:31,24.7,52.3
05/22/2026,16:23:31,24.7,52.1
05/22/2026,16:28:31,24.8,52.1
05/22/2026,16:33:31,24.8,52
05/22/2026,16:38:31,24.8,51.9
05/22/2026,16:43:31,24.8,51.8
05/22/2026,16:48:31,24.8,51.8
05/22/2026,16:53:31,24.9,51.6
05/22/2026,16:58:31,24.9,51.5
05/22/2026,17:03:31,24.9,51.4
05/22/2026,17:08:31,24.9,51.4
05/22/2026,17:13:31,25,51.2
05/22/2026,17:18:31,25,51.2
05/22/2026,17:23:31,25,51.2
05/22/2026,17:28:31,25,51.1
05/22/2026,17:33:31,25,51
05/22/2026,17:38:31,25,51
05/22/2026,17:43:31,25.1,51
05/22/2026,17:48:31,25.1,50.9
05/22/2026,17:53:31,25.1,50.9
05/22/2026,17:58:31,25.1,50.6
05/22/2026,18:03:31,25.1,50.5
05/22/2026,18:08:31,25.1,50.4
05/22/2026,18:13:31,25.1,50.4
05/22/2026,18:18:31,25.2,50.3
05/22/2026,18:23:31,25.2,50.3
05/22/2026,18:28:31,25.2,50.1
05/22/2026,18:33:31,25.2,50.1
05/22/2026,18:38:31,25.2,50
05/22/2026,18:43:31,25.3,50
05/22/2026,18:48:31,25.3,50
05/22/2026,18:53:31,25.3,49.8
05/22/2026,18:58:31,25.3,49.9
05/22/2026,19:03:31,25.3,49.9
05/22/2026,19:08:31,25.3,49.8
05/22/2026,19:13:31,25.3,49.8
05/22/2026,19:18:31,25.3,49.9
05/22/2026,19:23:31,25.3,49.9
05/22/2026,19:28:31,25.3,49.9
05/22/2026,19:33:31,25.3,49.9
05/22/2026,19:38:31,25.3,50
05/22/2026,19:43:31,25.3,50.1
05/22/2026,19:48:31,25.3,50.1
05/22/2026,19:53:31,25.3,50.1
05/22/2026,19:58:31,25.4,50.2
05/22/2026,20:03:31,25.3,50.2
05/22/2026,20:08:31,25.3,50.3
05/22/2026,20:13:31,25.3,50.3
05/22/2026,20:18:31,25.4,50.3
05/22/2026,20:23:31,25.4,50.3
05/22/2026,20:28:31,25.3,50.3
05/22/2026,20:33:31,25.3,50.2
05/22/2026,20:38:31,25.3,50.2
05/22/2026,20:43:31,25.3,50.3
05/22/2026,20:48:31,25.3,50.4
05/22/2026,20:53:31,25.3,50.5
05/22/2026,20:58:31,25.3,50.4
05/22/2026,21:03:31,25.3,50.4
05/22/2026,21:08:31,25.2,50.4
05/22/2026,21:13:31,25.2,50.4
05/22/2026,21:18:31,25.2,50.3
05/22/2026,21:23:31,25.2,50.3
05/22/2026,21:28:31,25.2,50.3
05/22/2026,21:33:31,25.2,50.3
05/22/2026,21:38:31,25.2,50.3
05/22/2026,21:43:31,25.1,50.2
05/22/2026,21:48:31,25.1,50.2
05/22/2026,21:53:31,25.1,50.2
05/22/2026,21:58:31,25.1,50.2
05/22/2026,22:03:31,25.1,50.1
05/22/2026,22:08:31,25.1,50.1
05/22/2026,22:13:31,25.1,50.1
05/22/2026,22:18:31,25,50.2
05/22/2026,22:23:31,25,50.1
05/22/2026,22:28:31,25,50.1
05/22/2026,22:33:31,25,50.2
05/22/2026,22:38:31,25,50.1
05/22/2026,22:43:31,24.9,50.2
05/22/2026,22:48:31,24.9,50.1
05/22/2026,22:53:31,24.9,50.2
05/22/2026,22:58:31,24.9,50.1
05/22/2026,23:03:31,24.9,50
05/22/2026,23:08:31,24.9,50
05/22/2026,23:13:31,24.9,50
05/22/2026,23:18:31,24.8,50
05/22/2026,23:23:31,24.8,50
05/22/2026,23:28:31,24.8,49.9
05/22/2026,23:33:31,24.8,50
05/22/2026,23:38:31,24.8,49.9
05/22/2026,23:43:31,24.7,49.9
05/22/2026,23:48:31,24.7,49.9
05/22/2026,23:53:31,24.7,49.9
05/22/2026,23:58:31,24.7,49.9
05/23/2026,00:03:31,24.6,49.9
05/23/2026,00:08:31,24.6,49.8
05/23/2026,00:13:31,24.6,49.8
05/23/2026,00:18:31,24.6,49.8
05/23/2026,00:23:31,24.6,49.8
05/23/2026,00:28:31,24.5,49.8
05/23/2026,00:33:31,24.5,49.8
05/23/2026,00:38:31,24.5,49.8
05/23/2026,00:43:31,24.5,49.7
05/23/2026,00:48:31,24.5,49.7
05/23/2026,00:53:31,24.5,49.7
05/23/2026,00:58:31,24.5,49.7
05/23/2026,01:03:31,24.4,49.7
05/23/2026,01:08:31,24.4,49.7
05/23/2026,01:13:31,24.4,49.7
05/23/2026,01:18:31,24.4,49.7
05/23/2026,01:23:31,24.3,49.7
05/23/2026,01:28:31,24.3,49.8
05/23/2026,01:33:31,24.3,49.8
05/23/2026,01:38:31,24.3,49.8
05/23/2026,01:43:31,24.3,49.8
05/23/2026,01:48:31,24.3,49.8
05/23/2026,01:53:31,24.3,49.9
05/23/2026,01:58:31,24.2,49.9
05/23/2026,02:03:31,24.2,50
05/23/2026,02:08:31,24.2,50
05/23/2026,02:13:31,24.2,50
05/23/2026,02:18:31,24.2,50.1
05/23/2026,02:23:31,24.2,50.1
05/23/2026,02:28:31,24.2,50.2
05/23/2026,02:33:31,24.1,50.3
05/23/2026,02:38:31,24.1,50.3
05/23/2026,02:43:31,24.1,50.4
05/23/2026,02:48:31,24.1,50.4
05/23/2026,02:53:31,24.1,50.5
05/23/2026,02:58:31,24.1,50.5
05/23/2026,03:03:31,24.1,50.6
05/23/2026,03:08:31,24,50.6
05/23/2026,03:13:31,24,50.7
05/23/2026,03:18:31,24,50.7
05/23/2026,03:23:31,24,50.8
05/23/2026,03:28:31,24,50.8
05/23/2026,03:33:31,24,50.9
05/23/2026,03:38:31,24,51
05/23/2026,03:43:31,24,51
05/23/2026,03:48:31,24,51
05/23/2026,03:53:31,24,51.1
05/23/2026,03:58:31,24,51.2
05/23/2026,04:03:31,23.9,51.2
05/23/2026,04:08:31,23.9,51.2
05/23/2026,04:13:31,23.9,51.3
05/23/2026,04:18:31,23.9,51.3
05/23/2026,04:23:31,23.9,51.4
05/23/2026,04:28:31,23.9,51.5
05/23/2026,04:33:31,23.9,51.5
05/23/2026,04:38:31,23.9,51.5
05/23/2026,04:43:31,23.9,51.6
05/23/2026,04:48:31,23.9,51.6
05/23/2026,04:53:31,23.8,51.7
05/23/2026,04:58:31,23.8,51.7
05/23/2026,05:03:31,23.8,51.7
05/23/2026,05:08:31,23.8,51.8
05/23/2026,05:13:31,23.8,51.8
05/23/2026,05:18:31,23.8,51.8
05/23/2026,05:23:31,23.8,51.9
05/23/2026,05:28:31,23.8,51.9
05/23/2026,05:33:31,23.8,51.9
05/23/2026,05:38:31,23.8,52
05/23/2026,05:43:31,23.7,52
05/23/2026,05:48:31,23.7,52
05/23/2026,05:53:31,23.7,52.1
05/23/2026,05:58:31,23.7,52.1
05/23/2026,06:03:31,23.7,52.1
05/23/2026,06:08:31,23.7,52.2
05/23/2026,06:13:31,23.7,52.2
05/23/2026,06:18:31,23.7,52.3
05/23/2026,06:23:31,23.7,52.3
05/23/2026,06:28:31,23.7,52.4
05/23/2026,06:33:31,23.7,52.4
05/23/2026,06:38:31,23.7,52.5
05/23/2026,06:43:31,23.6,52.5
05/23/2026,06:48:31,23.6,52.6
05/23/2026,06:53:31,23.6,52.6
05/23/2026,06:58:31,23.6,52.6
05/23/2026,07:03:31,23.6,52.8
05/23/2026,07:08:31,23.6,52.8
05/23/2026,07:13:31,23.6,52.8
05/23/2026,07:18:31,23.6,52.8
05/23/2026,07:23:31,23.6,52.9
05/23/2026,07:28:31,23.6,53
05/23/2026,07:33:31,23.6,53.1
05/23/2026,07:38:31,23.6,53.2
05/23/2026,07:43:31,23.5,53.2
05/23/2026,07:48:31,23.5,53.3
05/23/2026,07:53:31,23.5,53.3
05/23/2026,07:58:31,23.5,53.4
05/23/2026,08:03:31,23.6,53.4
05/23/2026,08:08:31,23.5,53.5
05/23/2026,08:13:31,23.5,53.5
05/23/2026,08:18:31,23.5,53.6
05/23/2026,08:23:31,23.6,53.7
05/23/2026,08:28:31,23.5,53.7
05/23/2026,08:33:31,23.5,53.8
05/23/2026,08:38:31,23.6,53.9
05/23/2026,08:43:31,23.6,54
05/23/2026,08:48:31,23.6,54
05/23/2026,08:53:31,23.6,54.1
05/23/2026,08:58:31,23.6,54
05/23/2026,09:03:31,23.6,54.1
05/23/2026,09:08:31,23.6,54
05/23/2026,09:13:31,23.6,54.1
05/23/2026,09:18:31,23.6,54.1
05/23/2026,09:23:31,23.6,54.1
05/23/2026,09:28:31,23.7,54.1
05/23/2026,09:33:31,23.7,54.2
05/23/2026,09:38:31,23.7,54.2
05/23/2026,09:43:31,23.7,54.3
05/23/2026,09:48:31,23.7,54.2
05/23/2026,09:53:31,23.8,54.3
05/23/2026,09:58:31,23.8,54.2
05/23/2026,10:03:31,23.8,54.3
05/23/2026,10:08:31,23.8,54.3
05/23/2026,10:13:31,23.8,54.3
05/23/2026,10:18:31,23.9,54.3
05/23/2026,10:23:31,23.9,54.4
05/23/2026,10:28:31,23.9,54.4
05/23/2026,10:33:31,24,54.4
05/23/2026,10:38:31,24,54.3
05/23/2026,10:43:31,24,54.2
05/23/2026,10:48:31,24,54.3
05/23/2026,10:53:31,24,54.3
05/23/2026,10:58:31,24.1,54.3
05/23/2026,11:03:31,24.1,54.2
05/23/2026,11:08:31,24.1,54.2
05/23/2026,11:13:31,24.1,54.1
05/23/2026,11:18:31,24.2,54.2
05/23/2026,11:23:31,24.2,54.2
05/23/2026,11:28:31,24.2,54.3
05/23/2026,11:33:31,24.2,54.2
05/23/2026,11:38:31,24.3,54.3
05/23/2026,11:43:31,24.3,54.2
05/23/2026,11:48:31,24.3,54.2
05/23/2026,11:53:31,24.3,54.2
05/23/2026,11:58:31,24.3,54.2
05/23/2026,12:03:31,24.3,54.3
05/23/2026,12:08:31,24.3,54.4
05/23/2026,12:13:31,24.4,54.4
05/23/2026,12:18:31,24.4,54.5
05/23/2026,12:23:31,24.4,54.5
05/23/2026,12:28:31,24.5,54.5
05/23/2026,12:33:31,24.5,54.5
05/23/2026,12:38:31,24.5,54.5
05/23/2026,12:43:31,24.5,54.4
05/23/2026,12:48:31,24.5,54.4
05/23/2026,12:53:31,24.6,54.4
05/23/2026,12:58:31,24.6,54.4
05/23/2026,13:03:31,24.6,54.3
05/23/2026,13:08:31,24.7,54.3
05/23/2026,13:13:31,24.7,54.3
05/23/2026,13:18:31,24.7,54.3
05/23/2026,13:23:31,24.7,54.3
05/23/2026,13:28:31,24.7,54.2
05/23/2026,13:33:31,24.8,54.2
05/23/2026,13:38:31,24.8,54.2
05/23/2026,13:43:31,24.9,54.3
05/23/2026,13:48:31,24.9,54.2
05/23/2026,13:53:31,24.9,54.2
05/23/2026,13:58:31,24.9,54.3
05/23/2026,14:03:31,25,54.3
05/23/2026,14:08:31,25,54.2
05/23/2026,14:13:31,25,54.3
05/23/2026,14:18:31,25,54.2
05/23/2026,14:23:31,25.1,54.2
05/23/2026,14:28:31,25.1,54.2
05/23/2026,14:33:31,25.1,54.1
05/23/2026,14:38:31,25.2,54
05/23/2026,14:43:31,25.2,54
05/23/2026,14:48:31,25.2,54
05/23/2026,14:53:31,25.3,54
05/23/2026,14:58:31,25.3,54
05/23/2026,15:03:31,25.3,53.9
05/23/2026,15:08:31,25.4,53.9
05/23/2026,15:13:31,25.4,53.9
05/23/2026,15:18:31,25.4,53.8
05/23/2026,15:23:31,25.5,53.7
05/23/2026,15:28:31,25.5,53.8
05/23/2026,15:33:31,25.6,53.6
05/23/2026,15:38:31,25.6,53.7
05/23/2026,15:43:31,25.6,53.5
05/23/2026,15:48:31,25.7,53.4
05/23/2026,15:53:31,25.7,53.3
05/23/2026,15:58:31,25.7,53.2
05/23/2026,16:03:31,25.8,53
05/23/2026,16:08:31,25.8,53
05/23/2026,16:13:31,25.8,52.8
05/23/2026,16:18:31,25.9,52.7
05/23/2026,16:23:31,25.9,52.4
05/23/2026,16:28:31,25.9,52.4
05/23/2026,16:33:31,25.9,52.3
05/23/2026,16:38:31,26,52.3
05/23/2026,16:43:31,26,52.3
05/23/2026,16:48:31,26,52.2
05/23/2026,16:53:31,26.1,52.2
05/23/2026,16:58:31,26.1,52
05/23/2026,17:03:31,26.1,51.9
05/23/2026,17:08:31,26.1,51.9
05/23/2026,17:13:31,26.1,51.8
05/23/2026,17:18:31,26.2,51.8
05/23/2026,17:23:31,26.2,51.7
05/23/2026,17:28:31,26.2,51.4
05/23/2026,17:33:31,26.2,51.5
05/23/2026,17:38:31,26.2,51.3
05/23/2026,17:43:31,26.2,51
05/23/2026,17:48:31,26.3,51
05/23/2026,17:53:31,26.3,50.9
05/23/2026,17:58:31,26.3,50.7
05/23/2026,18:03:31,26.3,50.7
05/23/2026,18:08:31,26.4,50.6
05/23/2026,18:13:31,26.4,50.5
05/23/2026,18:18:31,26.4,50.6
05/23/2026,18:23:31,26.4,50.5
05/23/2026,18:28:31,26.5,50.4
05/23/2026,18:33:31,26.5,50.3
05/23/2026,18:38:31,26.5,50.4
05/23/2026,18:43:31,26.6,50.4
05/23/2026,18:48:31,26.6,50.6
05/23/2026,18:53:31,26.6,50.6
05/23/2026,18:58:31,26.6,50.7
05/23/2026,19:03:31,26.7,50.7
05/23/2026,19:08:31,26.7,50.8
05/23/2026,19:13:31,26.7,50.8
05/23/2026,19:18:31,26.7,50.9
05/23/2026,19:23:31,26.7,50.9
05/23/2026,19:28:31,26.7,50.7
05/23/2026,19:33:31,26.7,50.6
05/23/2026,19:38:31,26.8,51.2
05/23/2026,19:43:31,26.8,51.4
05/23/2026,19:48:31,26.8,51.6
05/23/2026,19:53:31,26.8,51.7
05/23/2026,19:58:31,26.8,51.7
05/23/2026,20:03:31,26.9,51.9
05/23/2026,20:08:31,26.9,52.2
05/23/2026,20:13:31,26.9,52.1
05/23/2026,20:18:31,26.9,52.3
05/23/2026,20:23:31,26.9,52.4
05/23/2026,20:28:31,26.9,52.4
05/23/2026,20:33:31,27,52.3
05/23/2026,20:38:31,26.9,52.4
05/23/2026,20:43:31,26.9,52.3
05/23/2026,20:48:31,26.9,52.2
05/23/2026,20:53:31,26.9,52.2
05/23/2026,20:58:31,26.9,52.2
05/23/2026,21:03:31,26.9,52.2
05/23/2026,21:08:31,26.9,52.2
05/23/2026,21:13:31,26.9,52.2
05/23/2026,21:18:31,26.9,52.2
05/23/2026,21:23:31,26.9,52.1
05/23/2026,21:28:31,26.9,52.1
05/23/2026,21:33:31,26.9,52.1
05/23/2026,21:38:31,26.9,52.1
05/23/2026,21:43:31,26.9,52
05/23/2026,21:48:31,26.8,52
05/23/2026,21:53:31,26.8,52
05/23/2026,21:58:31,26.8,51.9
05/23/2026,22:03:31,26.8,51.9
05/23/2026,22:08:31,26.8,51.9
05/23/2026,22:13:31,26.8,51.9
05/23/2026,22:18:31,26.8,51.8
05/23/2026,22:23:31,26.8,51.8
05/23/2026,22:28:31,26.7,51.8
05/23/2026,22:33:31,26.7,51.8
05/23/2026,22:38:31,26.7,51.7
05/23/2026,22:43:31,26.7,51.7
05/23/2026,22:48:31,26.6,51.7
05/23/2026,22:53:31,26.6,51.7
05/23/2026,22:58:31,26.6,51.7
05/23/2026,23:03:31,26.6,51.7
05/23/2026,23:08:31,26.6,51.6
05/23/2026,23:13:31,26.5,51.6
05/23/2026,23:18:31,26.5,51.6
05/23/2026,23:23:31,26.5,51.6
05/23/2026,23:28:31,26.5,51.6
05/23/2026,23:33:31,26.4,51.6
05/23/2026,23:38:31,26.4,51.6
05/23/2026,23:43:31,26.4,51.5
05/23/2026,23:48:31,26.4,51.5
05/23/2026,23:53:31,26.4,51.5
05/23/2026,23:58:31,26.4,51.5
05/24/2026,00:03:31,26.3,51.5
05/24/2026,00:08:31,26.3,51.5
05/24/2026,00:13:31,26.3,51.5
05/24/2026,00:18:31,26.3,51.5
05/24/2026,00:23:31,26.2,51.5
05/24/2026,00:28:31,26.2,51.4
05/24/2026,00:33:31,26.2,51.5
05/24/2026,00:38:31,26.2,51.4
05/24/2026,00:43:31,26.1,51.4
05/24/2026,00:48:31,26.1,51.4
05/24/2026,00:53:31,26.1,51.4
05/24/2026,00:58:31,26.1,51.3
05/24/2026,01:03:31,26.1,51.3
05/24/2026,01:08:31,26,51.3
05/24/2026,01:13:31,26.1,51.3
05/24/2026,01:18:31,26,51.3
05/24/2026,01:23:31,25.9,51.3
05/24/2026,01:28:31,26,51.2
05/24/2026,01:33:31,25.9,51.3
05/24/2026,01:38:31,25.9,51.2
05/24/2026,01:43:31,25.9,51.2
05/24/2026,01:48:31,25.9,51.1
05/24/2026,01:53:31,25.9,51.1
05/24/2026,01:58:31,25.9,51
05/24/2026,02:03:31,25.8,51.1
05/24/2026,02:08:31,25.8,51.1
05/24/2026,02:13:31,25.8,51
05/24/2026,02:18:31,25.7,51
05/24/2026,02:23:31,25.7,51
05/24/2026,02:28:31,25.7,51
05/24/2026,02:33:31,25.7,50.9
05/24/2026,02:38:31,25.7,50.9
05/24/2026,02:43:31,25.6,50.9
05/24/2026,02:48:31,25.6,50.9
05/24/2026,02:53:31,25.6,50.9
05/24/2026,02:58:31,25.6,50.9
05/24/2026,03:03:31,25.6,50.7
05/24/2026,03:08:31,25.6,50.7
05/24/2026,03:13:31,25.5,50.8
05/24/2026,03:18:31,25.5,50.7
05/24/2026,03:23:31,25.5,50.7
05/24/2026,03:28:31,25.4,50.6
05/24/2026,03:33:31,25.4,50.6
05/24/2026,03:38:31,25.4,50.6
05/24/2026,03:43:31,25.4,50.6
05/24/2026,03:48:31,25.3,50.6
05/24/2026,03:53:31,25.3,50.5
05/24/2026,03:58:31,25.3,50.6
05/24/2026,04:03:31,25.3,50.6
05/24/2026,04:08:31,25.3,50.5
05/24/2026,04:13:31,25.2,50.5
05/24/2026,04:18:31,25.2,50.5
05/24/2026,04:23:31,25.2,50.5
05/24/2026,04:28:31,25.1,50.5
05/24/2026,04:33:31,25.1,50.4
05/24/2026,04:38:31,25.1,50.4
05/24/2026,04:43:31,25.1,50.4
05/24/2026,04:48:31,25,50.4
05/24/2026,04:53:31,25,50.4
05/24/2026,04:58:31,25,50.4
05/24/2026,05:03:31,25,50.3
05/24/2026,05:08:31,25,50.3
05/24/2026,05:13:31,24.9,50.3
05/24/2026,05:18:31,24.9,50.3
05/24/2026,05:23:31,24.9,50.3
05/24/2026,05:28:31,24.9,50.3
05/24/2026,05:33:31,24.9,50.2
05/24/2026,05:38:31,24.8,50.3
05/24/2026,05:43:31,24.8,50.2
05/24/2026,05:48:31,24.8,50.2
05/24/2026,05:53:31,24.8,50.2
05/24/2026,05:58:31,24.7,50.2
05/24/2026,06:03:31,24.7,50.2
05/24/2026,06:08:31,24.7,50.2
05/24/2026,06:13:31,24.7,50.2
05/24/2026,06:18:31,24.7,50.1
05/24/2026,06:23:31,24.7,50.2
05/24/2026,06:28:31,24.6,50.2
05/24/2026,06:33:31,24.6,50.1
05/24/2026,06:38:31,24.6,50.1
05/24/2026,06:43:31,24.7,50.1
05/24/2026,06:48:31,24.6,50.2
05/24/2026,06:53:31,24.6,50.1
05/24/2026,06:58:31,24.6,50.1
05/24/2026,07:03:31,24.6,50.1
05/24/2026,07:08:31,24.6,50.1
05/24/2026,07:13:31,24.6,50.2
05/24/2026,07:18:31,24.5,50.1
05/24/2026,07:23:31,24.6,50.2
05/24/2026,07:28:31,24.6,50.2
05/24/2026,07:33:31,24.6,50.2
05/24/2026,07:38:31,24.6,50.2
05/24/2026,07:43:31,24.6,50.2
05/24/2026,07:48:31,24.6,50.2
05/24/2026,07:53:31,24.6,50.2
05/24/2026,07:58:31,24.6,50.3
05/24/2026,08:03:31,24.6,50.6
05/24/2026,08:08:31,24.6,50.9
05/24/2026,08:13:31,24.6,50.9
05/24/2026,08:18:31,24.6,51.2
05/24/2026,08:23:31,24.6,51.4
05/24/2026,08:28:31,24.7,51.4
05/24/2026,08:33:31,24.7,51.7
05/24/2026,08:38:31,24.7,51.9
05/24/2026,08:43:31,24.7,51.9
05/24/2026,08:48:31,24.8,52
05/24/2026,08:53:31,24.8,52.1
05/24/2026,08:58:31,24.8,52.1
05/24/2026,09:03:31,24.9,52.1
05/24/2026,09:08:31,24.9,52.1
05/24/2026,09:13:31,24.9,52.1
05/24/2026,09:18:31,24.9,52.1
05/24/2026,09:23:31,25,52.2
05/24/2026,09:28:31,25,52.2
05/24/2026,09:33:31,25,52.3
05/24/2026,09:38:31,25.1,52.5
05/24/2026,09:43:31,25.1,52.9
05/24/2026,09:48:31,25.2,53
05/24/2026,09:53:31,25.3,53
05/24/2026,09:58:31,25.3,53.3
05/24/2026,10:03:31,25.4,53
05/24/2026,10:08:31,25.5,53.3
05/24/2026,10:13:31,25.5,53.3
05/24/2026,10:18:31,25.6,53.5
05/24/2026,10:23:31,25.7,53.3
05/24/2026,10:28:31,25.7,53.3
05/24/2026,10:33:31,25.8,53.2
05/24/2026,10:38:31,25.9,53.2
05/24/2026,10:43:31,25.9,52.8
05/24/2026,10:48:31,26,52.6
05/24/2026,10:53:31,26,52.5
05/24/2026,10:58:31,26,52.5
05/24/2026,11:03:31,26.1,52.3
05/24/2026,11:08:31,26.1,52.5
05/24/2026,11:13:31,26.1,52.8
05/24/2026,11:18:31,26.2,53.8
05/24/2026,11:23:31,26.4,54.6
05/24/2026,11:28:31,26.6,56.7
05/24/2026,11:33:31,26.9,57.6
05/24/2026,11:38:31,27,57
05/24/2026,11:43:31,27.2,58.3
05/24/2026,11:48:31,27.5,57.5
05/24/2026,11:53:31,27.7,57.8
05/24/2026,11:58:31,27.8,59.1
05/24/2026,12:03:31,28,58.1
05/24/2026,12:08:31,28.1,58.4
05/24/2026,12:13:31,28.2,58.5
05/24/2026,12:18:31,28.4,58.7
05/24/2026,12:23:31,28.6,60
05/24/2026,12:28:31,28.7,59.3
05/24/2026,12:33:31,28.8,57.8
05/24/2026,12:38:31,28.9,56.5
05/24/2026,12:43:31,29,56.7
05/24/2026,12:48:31,29.1,57
05/24/2026,12:53:31,29.2,56.5
05/24/2026,12:58:31,29.3,56.7
05/24/2026,13:03:31,29.4,56.1
05/24/2026,13:08:31,29.3,55.4
05/24/2026,13:13:31,29.3,54
05/24/2026,13:18:31,29.3,53.8
05/24/2026,13:23:31,29.3,53.2
05/24/2026,13:28:31,29.2,52.4
05/24/2026,13:33:31,29.2,52.3
05/24/2026,13:38:31,29.2,51.6
05/24/2026,13:43:31,29.1,51.3
05/24/2026,13:48:31,29.1,50.3
05/24/2026,13:53:31,29,50.2
05/24/2026,13:58:31,29,49.9
05/24/2026,14:03:31,28.9,49.8
05/24/2026,14:08:31,28.9,49.3
05/24/2026,14:13:31,28.9,49.3
05/24/2026,14:18:31,28.8,49.4
05/24/2026,14:23:31,28.8,49.2
05/24/2026,14:28:31,28.8,49.2
05/24/2026,14:33:31,28.7,49.1
05/24/2026,14:38:31,28.7,49
05/24/2026,14:43:31,28.7,48.7
05/24/2026,14:48:31,28.6,48.7
05/24/2026,14:53:31,28.6,48.5
05/24/2026,14:58:31,28.6,48.3
05/24/2026,15:03:31,28.6,47.7
05/24/2026,15:08:31,28.5,47.8
05/24/2026,15:13:31,28.6,47.7
05/24/2026,15:18:31,28.5,47.4
05/24/2026,15:23:31,28.5,47.3
05/24/2026,15:28:31,28.5,47.3
05/24/2026,15:33:31,28.5,47.2
05/24/2026,15:38:31,28.5,47.4
05/24/2026,15:43:31,28.5,47.2
05/24/2026,15:48:31,28.5,47.1
05/24/2026,15:53:31,28.5,47.1
05/24/2026,15:58:31,28.5,47.4
05/24/2026,16:03:31,28.5,46.9
05/24/2026,16:08:31,28.5,46.9
05/24/2026,16:13:31,28.5,46.5
05/24/2026,16:18:31,28.5,46.6
05/24/2026,16:23:31,28.5,46.4
05/24/2026,16:28:31,28.5,46.3
05/24/2026,16:33:31,28.5,45.9
05/24/2026,16:38:31,28.5,45.7
05/24/2026,16:43:31,28.5,45.4
05/24/2026,16:48:31,28.5,45.3
05/24/2026,16:53:31,28.5,45
05/24/2026,16:58:31,28.5,45.1
05/24/2026,17:03:31,28.5,45.2
05/24/2026,17:08:31,28.5,44.8
05/24/2026,17:13:31,28.5,44.8
05/24/2026,17:18:31,28.5,44.7
05/24/2026,17:23:31,28.5,44.9
05/24/2026,17:28:31,28.5,44.8
05/24/2026,17:33:31,28.5,44.7
05/24/2026,17:38:31,28.5,44.6
05/24/2026,17:43:31,28.5,44.6
05/24/2026,17:48:31,28.5,44.7
05/24/2026,17:53:31,28.5,44.8
05/24/2026,17:58:31,28.5,45.2
05/24/2026,18:03:31,28.5,44.6
05/24/2026,18:08:31,28.5,44.5
05/24/2026,18:13:31,28.5,44.7
05/24/2026,18:18:31,28.5,45
05/24/2026,18:23:31,28.5,44.7
05/24/2026,18:28:31,28.5,44.8
05/24/2026,18:33:31,28.5,44.8
05/24/2026,18:38:31,28.6,44.7
05/24/2026,18:43:31,28.5,44.9
05/24/2026,18:48:31,28.5,45.2
05/24/2026,18:53:31,28.5,45.4
05/24/2026,18:58:31,28.5,45.6
05/24/2026,19:03:31,28.5,45.7
05/24/2026,19:08:31,28.5,45.9
05/24/2026,19:13:31,28.5,45.9
05/24/2026,19:18:31,28.5,46.1
05/24/2026,19:23:31,28.5,46.1
05/24/2026,19:28:31,28.5,46.1
05/24/2026,19:33:31,28.5,46.1
05/24/2026,19:38:31,28.5,46.2
05/24/2026,19:43:31,28.5,46.2
05/24/2026,19:48:31,28.5,46.2
05/24/2026,19:53:31,28.5,46.2
05/24/2026,19:58:31,28.5,46.1
05/24/2026,20:03:31,28.4,46.1
05/24/2026,20:08:31,28.4,46.2
05/24/2026,20:13:31,28.4,46.2
05/24/2026,20:18:31,28.4,46.3
05/24/2026,20:23:31,28.4,46.3
05/24/2026,20:28:31,28.4,46.3
05/24/2026,20:33:31,28.4,46.3
05/24/2026,20:38:31,28.4,46.3
05/24/2026,20:43:31,28.4,46.4
05/24/2026,20:48:31,28.3,46.4
05/24/2026,20:53:31,28.4,46.4
05/24/2026,20:58:31,28.3,46.4
05/24/2026,21:03:31,28.3,46.4
05/24/2026,21:08:31,28.3,46.4
05/24/2026,21:13:31,28.3,46.5
05/24/2026,21:18:31,28.3,46.5
05/24/2026,21:23:31,28.3,46.5
05/24/2026,21:28:31,28.3,46.5
05/24/2026,21:33:31,28.2,46.5
05/24/2026,21:38:31,28.3,46.5
05/24/2026,21:43:31,28.2,46.5
05/24/2026,21:48:31,28.2,46.6
05/24/2026,21:53:31,28.2,46.6
05/24/2026,21:58:31,28.2,46.6
05/24/2026,22:03:31,28.2,46.6
05/24/2026,22:08:31,28.1,46.6
05/24/2026,22:13:31,28.1,46.7
05/24/2026,22:18:31,28.1,46.6
05/24/2026,22:23:31,28.1,46.6
05/24/2026,22:28:31,28.1,46.6
05/24/2026,22:33:31,28.1,46.6
05/24/2026,22:38:31,28,46.7
05/24/2026,22:43:31,28,46.7
05/24/2026,22:48:31,28,46.7
05/24/2026,22:53:31,28,46.7
05/24/2026,22:58:31,27.9,46.7
05/24/2026,23:03:31,27.9,46.7
05/24/2026,23:08:31,27.9,46.7
05/24/2026,23:13:31,27.9,46.7
05/24/2026,23:18:31,27.9,46.7
05/24/2026,23:23:31,27.9,46.7
05/24/2026,23:28:31,27.8,46.6
05/24/2026,23:33:31,27.8,46.7
05/24/2026,23:38:31,27.8,46.6
05/24/2026,23:43:31,27.8,46.7
05/24/2026,23:48:31,27.8,46.6
05/24/2026,23:53:31,27.8,46.6
05/24/2026,23:58:31,27.7,46.7
05/25/2026,00:03:31,27.7,46.7
05/25/2026,00:08:31,27.7,46.7
05/25/2026,00:13:31,27.6,46.7
05/25/2026,00:18:31,27.6,46.7
05/25/2026,00:23:31,27.6,46.6
05/25/2026,00:28:31,27.6,46.6
05/25/2026,00:33:31,27.6,46.7
05/25/2026,00:38:31,27.5,46.7
05/25/2026,00:43:31,27.5,46.7
05/25/2026,00:48:31,27.5,46.7
05/25/2026,00:53:31,27.5,46.6
05/25/2026,00:58:31,27.5,46.6
05/25/2026,01:03:31,27.4,46.6
05/25/2026,01:08:31,27.4,46.6
05/25/2026,01:13:31,27.4,46.6
05/25/2026,01:18:31,27.4,46.6
05/25/2026,01:23:31,27.4,46.6
05/25/2026,01:28:31,27.3,46.6
05/25/2026,01:33:31,27.3,46.6
05/25/2026,01:38:31,27.3,46.6
05/25/2026,01:43:31,27.3,46.6
05/25/2026,01:48:31,27.3,46.6
05/25/2026,01:53:31,27.2,46.6
05/25/2026,01:58:31,27.2,46.6
05/25/2026,02:03:31,27.2,46.5
05/25/2026,02:08:31,27.2,46.5
05/25/2026,02:13:31,27.2,46.5
05/25/2026,02:18:31,27.2,46.5
05/25/2026,02:23:31,27.1,46.5
05/25/2026,02:28:31,27.1,46.5
05/25/2026,02:33:31,27.1,46.5
05/25/2026,02:38:31,27.1,46.5
05/25/2026,02:43:31,27,46.5
05/25/2026,02:48:31,27,46.5
05/25/2026,02:53:31,27,46.6
05/25/2026,02:58:31,27,46.5
05/25/2026,03:03:31,27,46.5
05/25/2026,03:08:31,27,46.5
05/25/2026,03:13:31,26.9,46.5
05/25/2026,03:18:31,26.9,46.5
05/25/2026,03:23:31,26.9,46.5
05/25/2026,03:28:31,26.9,46.5
05/25/2026,03:33:31,26.8,46.5
05/25/2026,03:38:31,26.8,46.5
05/25/2026,03:43:31,26.8,46.5
05/25/2026,03:48:31,26.8,46.5
05/25/2026,03:53:31,26.8,46.5
05/25/2026,03:58:31,26.8,46.5
05/25/2026,04:03:31,26.7,46.5
05/25/2026,04:08:31,26.7,46.5
05/25/2026,04:13:31,26.7,46.5
05/25/2026,04:18:31,26.7,46.5
05/25/2026,04:23:31,26.7,46.5
05/25/2026,04:28:31,26.6,46.5
05/25/2026,04:33:31,26.6,46.5
05/25/2026,04:38:31,26.6,46.5
05/25/2026,04:43:31,26.6,46.5
05/25/2026,04:48:31,26.6,46.5
05/25/2026,04:53:31,26.5,46.5
05/25/2026,04:58:31,26.5,46.5
05/25/2026,05:03:31,26.5,46.5
05/25/2026,05:08:31,26.4,46.5
05/25/2026,05:13:31,26.4,46.5
05/25/2026,05:18:31,26.4,46.5
05/25/2026,05:23:31,26.4,46.5
05/25/2026,05:28:31,26.4,46.5
05/25/2026,05:33:31,26.4,46.5
05/25/2026,05:38:31,26.3,46.5
05/25/2026,05:43:31,26.3,46.5
05/25/2026,05:48:31,26.3,46.5
05/25/2026,05:53:31,26.3,46.5
05/25/2026,05:58:31,26.2,46.5
05/25/2026,06:03:31,26.2,46.6
05/25/2026,06:08:31,26.2,46.6
05/25/2026,06:13:31,26.2,46.6
05/25/2026,06:18:31,26.2,46.6
05/25/2026,06:23:31,26.2,46.6
05/25/2026,06:28:31,26.2,46.7
05/25/2026,06:33:31,26.1,46.7
05/25/2026,06:38:31,26.1,46.7
05/25/2026,06:43:31,26.1,46.8
05/25/2026,06:48:31,26,46.8
05/25/2026,06:53:31,26.1,46.9
05/25/2026,06:58:31,26,46.9
05/25/2026,07:03:31,26,47
05/25/2026,07:08:31,26,47
05/25/2026,07:13:31,26,47
05/25/2026,07:18:31,26.1,47
05/25/2026,07:23:31,26.1,47
05/25/2026,07:28:31,26,47.1
05/25/2026,07:33:31,26.1,47.1
05/25/2026,07:38:31,26.1,47.1
05/25/2026,07:43:31,26,47.2
05/25/2026,07:48:31,26,47.2
05/25/2026,07:53:31,26,47.4
05/25/2026,07:58:31,26.1,47.3
05/25/2026,08:03:31,26.1,47.4
05/25/2026,08:08:31,26.1,47.4
05/25/2026,08:13:31,26,47.4
05/25/2026,08:18:31,26,47.4
05/25/2026,08:23:31,26.1,47.4
05/25/2026,08:28:31,26.1,47.4
05/25/2026,08:33:31,26.1,47.5
05/25/2026,08:38:31,26.1,47.5
05/25/2026,08:43:31,26.1,47.6
05/25/2026,08:48:31,26.1,47.6
05/25/2026,08:53:31,26.1,47.6
05/25/2026,08:58:31,26.1,47.5
05/25/2026,09:03:31,26.2,47.6
05/25/2026,09:08:31,26.1,47.6
05/25/2026,09:13:31,26.1,47.7
05/25/2026,09:18:31,26.1,47.7
05/25/2026,09:23:31,26.2,47.8
05/25/2026,09:28:31,26.2,47.9
05/25/2026,09:33:31,26.2,47.9
05/25/2026,09:38:31,26.2,48
05/25/2026,09:43:31,26.3,48.2
05/25/2026,09:48:31,26.3,48.4
05/25/2026,09:53:31,26.3,48.4
05/25/2026,09:58:31,26.4,48.5
05/25/2026,10:03:31,26.4,48.6
05/25/2026,10:08:31,26.4,48.7
05/25/2026,10:13:31,26.5,48.9
05/25/2026,10:18:31,26.5,49.1
05/25/2026,10:23:31,26.6,49.1
05/25/2026,10:28:31,26.6,49.1
05/25/2026,10:33:31,26.6,49.1
05/25/2026,10:38:31,26.6,49.1
05/25/2026,10:43:31,26.7,49.1
05/25/2026,10:48:31,26.7,49.2
05/25/2026,10:53:31,26.7,49.2
05/25/2026,10:58:31,26.7,49.2
05/25/2026,11:03:31,26.8,49.2
05/25/2026,11:08:31,26.8,49.2
05/25/2026,11:13:31,26.8,49.2
05/25/2026,11:18:31,26.9,49.2
05/25/2026,11:23:31,26.9,49.3
05/25/2026,11:28:31,26.9,49.3
05/25/2026,11:33:31,27,49.3
05/25/2026,11:38:31,27,49.3
05/25/2026,11:43:31,27,49.4
05/25/2026,11:48:31,27,49.4
05/25/2026,11:53:31,27.1,49.4
05/25/2026,11:58:31,27.1,49.4
05/25/2026,12:03:31,27.1,49.4
05/25/2026,12:08:31,27.2,49.5
05/25/2026,12:13:31,27.2,49.5
05/25/2026,12:18:31,27.2,49.5
05/25/2026,12:23:31,27.2,49.6
05/25/2026,12:28:31,27.3,49.5
05/25/2026,12:33:31,27.3,49.5
05/25/2026,12:38:31,27.4,49.5
05/25/2026,12:43:31,27.4,49.5
05/25/2026,12:48:31,27.4,49.4
05/25/2026,12:53:31,27.5,49.5
05/25/2026,12:58:31,27.5,49.4
05/25/2026,13:03:31,27.5,49.3
05/25/2026,13:08:31,27.5,49.3
05/25/2026,13:13:31,27.5,49.2
05/25/2026,13:18:31,27.6,49.2
05/25/2026,13:23:31,27.6,49.2
05/25/2026,13:28:31,27.6,49.1
05/25/2026,13:33:31,27.6,49.1
05/25/2026,13:38:31,27.7,49.1
05/25/2026,13:43:31,27.7,49
05/25/2026,13:48:31,27.8,49
05/25/2026,13:53:31,27.8,48.9
05/25/2026,13:58:31,27.8,48.9
05/25/2026,14:03:31,27.8,48.9
05/25/2026,14:08:31,27.8,48.9
05/25/2026,14:13:31,27.9,48.8
05/25/2026,14:18:31,27.9,48.7
05/25/2026,14:23:31,27.9,48.7
05/25/2026,14:28:31,28,48.5
05/25/2026,14:33:31,28.1,48.5
05/25/2026,14:38:31,28.2,48.6
05/25/2026,14:43:31,28.2,48.3
05/25/2026,14:48:31,28.2,48.2
05/25/2026,14:53:31,28.2,48.2
05/25/2026,14:58:31,28.3,48.1
05/25/2026,15:03:31,28.3,48
05/25/2026,15:08:31,28.3,47.9
05/25/2026,15:13:31,28.3,47.9
05/25/2026,15:18:31,28.3,47.8
05/25/2026,15:23:31,28.4,47.8
05/25/2026,15:28:31,28.4,47.9
05/25/2026,15:33:31,28.4,47.8
05/25/2026,15:38:31,28.5,47.7
05/25/2026,15:43:31,28.5,47.6
05/25/2026,15:48:31,28.5,47.5
05/25/2026,15:53:31,28.5,47.4
05/25/2026,15:58:31,28.6,47.3
05/25/2026,16:03:31,28.6,47.2
05/25/2026,16:08:31,28.6,47.1
05/25/2026,16:13:31,28.7,47.2
05/25/2026,16:18:31,28.7,47
05/25/2026,16:23:31,28.7,46.9
05/25/2026,16:28:31,28.7,46.9
05/25/2026,16:33:31,28.7,46.8
05/25/2026,16:38:31,28.8,46.6
05/25/2026,16:43:31,28.8,46.4
05/25/2026,16:48:31,28.8,46.5
05/25/2026,16:53:31,28.8,46.4
05/25/2026,16:58:31,28.8,46.3
05/25/2026,17:03:31,28.8,46.1
05/25/2026,17:08:31,28.9,46.3
05/25/2026,17:13:31,28.9,46.2
05/25/2026,17:18:31,28.9,46.1
05/25/2026,17:23:31,28.9,46.1
05/25/2026,17:28:31,29,46.1
05/25/2026,17:33:31,29,46.1
05/25/2026,17:38:31,29,45.9
05/25/2026,17:43:31,29,45.9
05/25/2026,17:48:31,29,45.9
05/25/2026,17:53:31,29.1,45.8
05/25/2026,17:58:31,29.1,45.8
05/25/2026,18:03:31,29.1,45.7
05/25/2026,18:08:31,29.1,45.6
05/25/2026,18:13:31,29.1,45.5
05/25/2026,18:18:31,29.2,45.7
05/25/2026,18:23:31,29.2,45.4
05/25/2026,18:28:31,29.2,45.6
05/25/2026,18:33:31,29.2,45.9
05/25/2026,18:38:31,29.2,45.8
05/25/2026,18:43:31,29.2,45.9
05/25/2026,18:48:31,29.2,46.2
05/25/2026,18:53:31,29.2,46.3
05/25/2026,18:58:31,29.2,46.3
05/25/2026,19:03:31,29.2,46.2
05/25/2026,19:08:31,29.2,46
05/25/2026,19:13:31,29.3,45.6
05/25/2026,19:18:31,29.2,45.5
05/25/2026,19:23:31,29.2,45.2
05/25/2026,19:28:31,29.2,45.1
05/25/2026,19:33:31,29.2,44.9
05/25/2026,19:38:31,29.2,44.6
05/25/2026,19:43:31,29.2,44.6
05/25/2026,19:48:31,29.2,44.5
05/25/2026,19:53:31,29.2,44.2
05/25/2026,19:58:31,29.2,44.2
05/25/2026,20:03:31,29.2,44.1
05/25/2026,20:08:31,29.2,44
05/25/2026,20:13:31,29.2,44
05/25/2026,20:18:31,29.1,43.9
05/25/2026,20:23:31,29.1,43.8
05/25/2026,20:28:31,29.1,43.7
05/25/2026,20:33:31,29.1,43.7
05/25/2026,20:38:31,29.1,43.6
05/25/2026,20:43:31,29.1,43.5
05/25/2026,20:48:31,29.1,43.5
05/25/2026,20:53:31,29,43.4
05/25/2026,20:58:31,29,43.3
05/25/2026,21:03:31,29,43.3
05/25/2026,21:08:31,29,43.2
05/25/2026,21:13:31,29,43.3
05/25/2026,21:18:31,29,43.3
05/25/2026,21:23:31,29,43.3
05/25/2026,21:28:31,29,43.3
05/25/2026,21:33:31,28.9,43.3
05/25/2026,21:38:31,28.9,43.3
05/25/2026,21:43:31,28.9,43.4
05/25/2026,21:48:31,28.8,43.5
05/25/2026,21:53:31,28.8,43.5
05/25/2026,21:58:31,28.8,43.5
05/25/2026,22:03:31,28.8,43.6
05/25/2026,22:08:31,28.8,43.6
05/25/2026,22:13:31,28.8,43.7
05/25/2026,22:18:31,28.7,43.7
05/25/2026,22:23:31,28.7,43.7
05/25/2026,22:28:31,28.7,43.7
05/25/2026,22:33:31,28.7,43.7
05/25/2026,22:38:31,28.6,43.7
05/25/2026,22:43:31,28.6,43.7
05/25/2026,22:48:31,28.6,43.7
05/25/2026,22:53:31,28.6,43.7
05/25/2026,22:58:31,28.6,43.6
05/25/2026,23:03:31,28.5,43.6
05/25/2026,23:08:31,28.5,43.6
05/25/2026,23:13:31,28.5,43.6
05/25/2026,23:18:31,28.5,43.6
05/25/2026,23:23:31,28.5,43.6
05/25/2026,23:28:31,28.5,43.6
05/25/2026,23:33:31,28.4,43.5
05/25/2026,23:38:31,28.4,43.5
05/25/2026,23:43:31,28.4,43.5
05/25/2026,23:48:31,28.4,43.5
05/25/2026,23:53:31,28.3,43.5
05/25/2026,23:58:31,28.4,43.4
05/26/2026,00:03:31,28.3,43.4
05/26/2026,00:08:31,28.3,43.4
05/26/2026,00:13:31,28.3,43.4
05/26/2026,00:18:31,28.2,43.4
05/26/2026,00:23:31,28.2,43.3
05/26/2026,00:28:31,28.2,43.3
05/26/2026,00:33:31,28.2,43.3
05/26/2026,00:38:31,28.2,43.3
05/26/2026,00:43:31,28.1,43.2
05/26/2026,00:48:31,28.1,43.1
05/26/2026,00:53:31,28.1,43.2
05/26/2026,00:58:31,28.1,43.2
05/26/2026,01:03:31,28.1,43.2
05/26/2026,01:08:31,28.1,43.2
05/26/2026,01:13:31,28,43.1
05/26/2026,01:18:31,28,43.1
05/26/2026,01:23:31,27.9,43
05/26/2026,01:28:31,27.9,43
05/26/2026,01:33:31,27.9,43
05/26/2026,01:38:31,27.9,43
05/26/2026,01:43:31,27.9,43
05/26/2026,01:48:31,27.9,42.9
05/26/2026,01:53:31,27.8,43
05/26/2026,01:58:31,27.8,42.9
05/26/2026,02:03:31,27.8,42.8
05/26/2026,02:08:31,27.8,42.9
05/26/2026,02:13:31,27.7,42.8
05/26/2026,02:18:31,27.7,42.8
05/26/2026,02:23:31,27.7,42.8
05/26/2026,02:28:31,27.6,42.8
05/26/2026,02:33:31,27.7,42.7
05/26/2026,02:38:31,27.6,42.7
05/26/2026,02:43:31,27.6,42.7
05/26/2026,02:48:31,27.6,42.6
05/26/2026,02:53:31,27.6,42.7
05/26/2026,02:58:31,27.5,42.7
05/26/2026,03:03:31,27.5,42.7
05/26/2026,03:08:31,27.5,42.6
05/26/2026,03:13:31,27.4,42.6
05/26/2026,03:18:31,27.4,42.6
05/26/2026,03:23:31,27.4,42.5
05/26/2026,03:28:31,27.4,42.6
05/26/2026,03:33:31,27.4,42.5
05/26/2026,03:38:31,27.3,42.5
05/26/2026,03:43:31,27.3,42.5
05/26/2026,03:48:31,27.3,42.5
05/26/2026,03:53:31,27.3,42.5
05/26/2026,03:58:31,27.3,42.5
05/26/2026,04:03:31,27.2,42.6
05/26/2026,04:08:31,27.2,42.5
05/26/2026,04:13:31,27.2,42.5
05/26/2026,04:18:31,27.2,42.6
05/26/2026,04:23:31,27.1,42.5
05/26/2026,04:28:31,27.1,42.6
05/26/2026,04:33:31,27.1,42.6
05/26/2026,04:38:31,27.1,42.6
05/26/2026,04:43:31,27,42.7
05/26/2026,04:48:31,27,42.7
05/26/2026,04:53:31,27,42.7
05/26/2026,04:58:31,27,42.8
05/26/2026,05:03:31,27,42.8
05/26/2026,05:08:31,27,42.9
05/26/2026,05:13:31,26.9,42.9
05/26/2026,05:18:31,26.9,42.9
05/26/2026,05:23:31,26.9,43
05/26/2026,05:28:31,26.8,43
05/26/2026,05:33:31,26.8,43
05/26/2026,05:38:31,26.8,43.1
05/26/2026,05:43:31,26.8,43.1
05/26/2026,05:48:31,26.8,43.1
05/26/2026,05:53:31,26.7,43.2
05/26/2026,05:58:31,26.7,43.3
05/26/2026,06:03:31,26.7,43.3
05/26/2026,06:08:31,26.7,43.3
05/26/2026,06:13:31,26.7,43.3
05/26/2026,06:18:31,26.7,43.4
05/26/2026,06:23:31,26.6,43.4
05/26/2026,06:28:31,26.6,43.5
05/26/2026,06:33:31,26.6,43.5
05/26/2026,06:38:31,26.6,43.5
05/26/2026,06:43:31,26.6,43.6
05/26/2026,06:48:31,26.6,43.7
05/26/2026,06:53:31,26.5,43.7
05/26/2026,06:58:31,26.5,43.7
05/26/2026,07:03:31,26.5,43.8
05/26/2026,07:08:31,26.5,43.8
05/26/2026,07:13:31,26.5,43.8
05/26/2026,07:18:31,26.5,43.9
05/26/2026,07:23:31,26.5,44
05/26/2026,07:28:31,26.4,44
05/26/2026,07:33:31,26.5,44.1
05/26/2026,07:38:31,26.5,44.1
05/26/2026,07:43:31,26.5,44.2
05/26/2026,07:48:31,26.5,44.3
05/26/2026,07:53:31,26.5,44.3
05/26/2026,07:58:31,26.5,44.5
05/26/2026,08:03:31,26.5,44.5
05/26/2026,08:08:31,26.5,44.6
05/26/2026,08:13:31,26.5,44.6
05/26/2026,08:18:31,26.5,44.7
05/26/2026,08:23:31,26.5,44.8
05/26/2026,08:28:31,26.6,44.8
05/26/2026,08:33:31,26.6,44.8
05/26/2026,08:38:31,26.6,44.9
05/26/2026,08:43:31,26.6,44.9
05/26/2026,08:48:31,26.6,44.9
05/26/2026,08:53:31,26.6,44.9
05/26/2026,08:58:31,26.7,44.9
05/26/2026,09:03:31,26.7,44.9
05/26/2026,09:08:31,26.7,44.9
05/26/2026,09:13:31,26.7,44.9
05/26/2026,09:18:31,26.8,44.9
05/26/2026,09:23:31,26.8,44.9
05/26/2026,09:28:31,26.8,44.9
05/26/2026,09:33:31,26.8,44.9
05/26/2026,09:38:31,26.9,45
05/26/2026,09:43:31,26.9,45
05/26/2026,09:48:31,26.9,45
05/26/2026,09:53:31,26.9,45
05/26/2026,09:58:31,27,45
05/26/2026,10:03:31,27,45
05/26/2026,10:08:31,27,45.1
05/26/2026,10:13:31,27,45
05/26/2026,10:18:31,27.1,45
05/26/2026,10:23:31,27.1,45.1
05/26/2026,10:28:31,27.1,45.1
05/26/2026,10:33:31,27.2,45.1
05/26/2026,10:38:31,27.2,45.2
05/26/2026,10:43:31,27.2,45.2
05/26/2026,10:48:31,27.2,45.2
05/26/2026,10:53:31,27.3,45.2
05/26/2026,10:58:31,27.3,45.2
05/26/2026,11:03:31,27.3,45.2
05/26/2026,11:08:31,27.4,45.3
05/26/2026,11:13:31,27.4,45.2
05/26/2026,11:18:31,27.4,45.3
05/26/2026,11:23:31,27.5,45.3
05/26/2026,11:28:31,27.5,45.4
05/26/2026,11:33:31,27.5,45.3
05/26/2026,11:38:31,27.6,45.4
05/26/2026,11:43:31,27.6,45.4
05/26/2026,11:48:31,27.6,45.4
05/26/2026,11:53:31,27.7,45.4
05/26/2026,11:58:31,27.7,45.4
05/26/2026,12:03:31,27.7,45.4
05/26/2026,12:08:31,27.8,45.5
05/26/2026,12:13:31,27.8,45.5
05/26/2026,12:18:31,27.8,45.6
05/26/2026,12:23:31,27.8,45.6
05/26/2026,12:28:31,27.9,45.6
05/26/2026,12:33:31,27.9,45.6
05/26/2026,12:38:31,28,45.6
05/26/2026,12:43:31,28,45.6
05/26/2026,12:48:31,28,45.7
05/26/2026,12:53:31,28.1,45.8
05/26/2026,12:58:31,28.1,45.8
05/26/2026,13:03:31,28.1,45.9
05/26/2026,13:08:31,28.2,45.9
05/26/2026,13:13:31,28.2,46
05/26/2026,13:18:31,28.3,46
05/26/2026,13:23:31,28.3,46
05/26/2026,13:28:31,28.3,46
05/26/2026,13:33:31,28.4,46
05/26/2026,13:38:31,28.4,45.9
05/26/2026,13:43:31,28.5,46
05/26/2026,13:48:31,28.5,46
05/26/2026,13:53:31,28.5,46
05/26/2026,13:58:31,28.6,46
05/26/2026,14:03:31,28.6,46
05/26/2026,14:08:31,28.7,46
05/26/2026,14:13:31,28.7,46
05/26/2026,14:18:31,28.7,46.1
05/26/2026,14:23:31,28.8,46.1
05/26/2026,14:28:31,28.8,46.1
05/26/2026,14:33:31,28.9,45.9
05/26/2026,14:38:31,28.9,45.8
05/26/2026,14:43:31,29,45.8
05/26/2026,14:48:31,29,45.6
05/26/2026,14:53:31,29,45.6
05/26/2026,14:58:31,29.1,45.6
05/26/2026,15:03:31,29.1,45.6
05/26/2026,15:08:31,29.1,45.5
05/26/2026,15:13:31,29.2,45.5
05/26/2026,15:18:31,29.2,45.4
05/26/2026,15:23:31,29.3,45.4
05/26/2026,15:28:31,29.3,45.3
05/26/2026,15:33:31,29.3,45.3
05/26/2026,15:38:31,29.4,45.3
05/26/2026,15:43:31,29.4,45.3
05/26/2026,15:48:31,29.5,45.2
05/26/2026,15:53:31,29.5,45
05/26/2026,15:58:31,29.5,45
05/26/2026,16:03:31,29.6,44.9
05/26/2026,16:08:31,29.6,44.8
05/26/2026,16:13:31,29.6,44.6
05/26/2026,16:18:31,29.6,44.5
05/26/2026,16:23:31,29.7,44.3
05/26/2026,16:28:31,29.7,44.3
05/26/2026,16:33:31,29.7,44
05/26/2026,16:38:31,29.8,43.8
05/26/2026,16:43:31,29.8,43.5
05/26/2026,16:48:31,29.8,43.6
05/26/2026,16:53:31,29.8,43.4
05/26/2026,16:58:31,29.9,43.2
05/26/2026,17:03:31,29.9,43.3
05/26/2026,17:08:31,29.9,43
05/26/2026,17:13:31,29.9,43
05/26/2026,17:18:31,30,42.9
05/26/2026,17:23:31,30,42.9
05/26/2026,17:28:31,30,42.8
05/26/2026,17:33:31,30.1,42.8
05/26/2026,17:38:31,30.1,42.7
05/26/2026,17:43:31,30.1,42.8
05/26/2026,17:48:31,30.1,42.7
05/26/2026,17:53:31,30.1,42.5
05/26/2026,17:58:31,30.1,42.5
05/26/2026,18:03:31,30.2,42.5
05/26/2026,18:08:31,30.2,42.4
05/26/2026,18:13:31,30.2,42.3
05/26/2026,18:18:31,30.2,42.3
05/26/2026,18:23:31,30.2,42.3
05/26/2026,18:28:31,30.2,42.1
05/26/2026,18:33:31,30.2,42.3
05/26/2026,18:38:31,30.3,42
05/26/2026,18:43:31,30.3,42
05/26/2026,18:48:31,30.3,42
05/26/2026,18:53:31,30.3,42.1
05/26/2026,18:58:31,30.3,41.9
05/26/2026,19:03:31,30.3,42.4
05/26/2026,19:08:31,30.4,42.5
05/26/2026,19:13:31,30.3,42.5
05/26/2026,19:18:31,30.4,42.6
05/26/2026,19:23:31,30.4,42.5
05/26/2026,19:28:31,30.4,42.8
05/26/2026,19:33:31,30.4,42.7
05/26/2026,19:38:31,30.4,42.7
05/26/2026,19:43:31,30.4,42.8
05/26/2026,19:48:31,30.4,42.8
05/26/2026,19:53:31,30.4,42.7
05/26/2026,19:58:31,30.4,42.6
05/26/2026,20:03:31,30.4,42.4
05/26/2026,20:08:31,30.4,42.2
05/26/2026,20:13:31,30.4,42
05/26/2026,20:18:31,30.4,41.9
05/26/2026,20:23:31,30.4,41.7
05/26/2026,20:28:31,30.4,41.6
05/26/2026,20:33:31,30.4,41.6
05/26/2026,20:38:31,30.4,41.7
05/26/2026,20:43:31,30.4,41.7
05/26/2026,20:48:31,30.4,41.8
05/26/2026,20:53:31,30.4,41.8
05/26/2026,20:58:31,30.3,41.8
05/26/2026,21:03:31,30.3,41.8
05/26/2026,21:08:31,30.3,41.8
05/26/2026,21:13:31,30.3,41.9
05/26/2026,21:18:31,30.3,41.9
05/26/2026,21:23:31,30.3,41.9
05/26/2026,21:28:31,30.3,41.9
05/26/2026,21:33:31,30.3,42
05/26/2026,21:38:31,30.3,42
05/26/2026,21:43:31,30.3,42
05/26/2026,21:48:31,30.2,42
05/26/2026,21:53:31,30.2,42
05/26/2026,21:58:31,30.2,42.2
05/26/2026,22:03:31,30.2,42.1
05/26/2026,22:08:31,30.2,42.2
05/26/2026,22:13:31,30.2,42.2
05/26/2026,22:18:31,30.2,42.2
05/26/2026,22:23:31,30.1,42.3
05/26/2026,22:28:31,30.1,42.3
05/26/2026,22:33:31,30.1,42.4
05/26/2026,22:38:31,30.1,42.4
05/26/2026,22:43:31,30.1,42.4
05/26/2026,22:48:31,30.1,42.5
05/26/2026,22:53:31,30,42.5
05/26/2026,22:58:31,30,42.5
05/26/2026,23:03:31,30,42.6
05/26/2026,23:08:31,30,42.6
05/26/2026,23:13:31,29.9,42.7
05/26/2026,23:18:31,29.9,42.7
05/26/2026,23:23:31,29.9,42.7
05/26/2026,23:28:31,29.9,42.7
05/26/2026,23:33:31,29.9,42.8
05/26/2026,23:38:31,29.8,42.8
05/26/2026,23:43:31,29.8,42.9
05/26/2026,23:48:31,29.8,42.9
05/26/2026,23:53:31,29.8,42.9
05/26/2026,23:58:31,29.7,42.9
05/27/2026,00:03:31,29.7,43
05/27/2026,00:08:31,29.7,43
05/27/2026,00:13:31,29.7,43.1
05/27/2026,00:18:31,29.7,43.1
05/27/2026,00:23:31,29.6,43.1
05/27/2026,00:28:31,29.6,43.2
05/27/2026,00:33:31,29.6,43.2
05/27/2026,00:38:31,29.6,43.3
05/27/2026,00:43:31,29.5,43.2
05/27/2026,00:48:31,29.5,43.3
05/27/2026,00:53:31,29.5,43.3
05/27/2026,00:58:31,29.5,43.4
05/27/2026,01:03:31,29.4,43.4
05/27/2026,01:08:31,29.4,43.4
05/27/2026,01:13:31,29.4,43.5
05/27/2026,01:18:31,29.4,43.5
05/27/2026,01:23:31,29.4,43.5
05/27/2026,01:28:31,29.3,43.5
05/27/2026,01:33:31,29.3,43.6
05/27/2026,01:38:31,29.3,43.6
05/27/2026,01:43:31,29.3,43.6
05/27/2026,01:48:31,29.2,43.6
05/27/2026,01:53:31,29.2,43.6
05/27/2026,01:58:31,29.2,43.6
05/27/2026,02:03:31,29.2,43.6
05/27/2026,02:08:31,29.2,43.6
05/27/2026,02:13:31,29.1,43.6
05/27/2026,02:18:31,29.1,43.7
05/27/2026,02:23:31,29.1,43.6
05/27/2026,02:28:31,29.1,43.6
05/27/2026,02:33:31,29,43.7
05/27/2026,02:38:31,29,43.7
05/27/2026,02:43:31,29,43.6
05/27/2026,02:48:31,29,43.7
05/27/2026,02:53:31,28.9,43.7
05/27/2026,02:58:31,28.9,43.7
05/27/2026,03:03:31,28.9,43.7
05/27/2026,03:08:31,28.8,43.7
05/27/2026,03:13:31,28.8,43.7
05/27/2026,03:18:31,28.8,43.7
05/27/2026,03:23:31,28.7,43.7
05/27/2026,03:28:31,28.7,43.7
05/27/2026,03:33:31,28.7,43.7
05/27/2026,03:38:31,28.6,43.8
05/27/2026,03:43:31,28.6,43.8
05/27/2026,03:48:31,28.6,43.8
05/27/2026,03:53:31,28.5,43.8
05/27/2026,03:58:31,28.5,43.8
05/27/2026,04:03:31,28.5,43.9
05/27/2026,04:08:31,28.5,43.9
05/27/2026,04:13:31,28.4,43.9
05/27/2026,04:18:31,28.4,43.9
05/27/2026,04:23:31,28.3,43.9
05/27/2026,04:28:31,28.3,43.9
05/27/2026,04:33:31,28.3,43.9
05/27/2026,04:38:31,28.2,44
05/27/2026,04:43:31,28.2,44
05/27/2026,04:48:31,28.2,44
05/27/2026,04:53:31,28.1,44
05/27/2026,04:58:31,28.1,44
05/27/2026,05:03:31,28.1,44
05/27/2026,05:08:31,28.1,44.1
05/27/2026,05:13:31,28,44
05/27/2026,05:18:31,28,44
05/27/2026,05:23:31,28,44.1
05/27/2026,05:28:31,28,44
05/27/2026,05:33:31,27.9,44
05/27/2026,05:38:31,27.9,44
05/27/2026,05:43:31,27.9,44.1
05/27/2026,05:48:31,27.8,44
05/27/2026,05:53:31,27.8,44
05/27/2026,05:58:31,27.8,44
05/27/2026,06:03:31,27.8,44
05/27/2026,06:08:31,27.8,44
05/27/2026,06:13:31,27.7,44
05/27/2026,06:18:31,27.7,44
05/27/2026,06:23:31,27.7,44
05/27/2026,06:28:31,27.7,43.9
05/27/2026,06:33:31,27.6,43.9
05/27/2026,06:38:31,27.6,43.9
05/27/2026,06:43:31,27.6,43.9
05/27/2026,06:48:31,27.6,43.8
05/27/2026,06:53:31,27.6,43.8
05/27/2026,06:58:31,27.6,43.9
05/27/2026,07:03:31,27.5,43.8
05/27/2026,07:08:31,27.5,43.8
05/27/2026,07:13:31,27.5,43.7
05/27/2026,07:18:31,27.5,43.8
05/27/2026,07:23:31,27.5,43.7
05/27/2026,07:28:31,27.5,43.7
05/27/2026,07:33:31,27.5,43.7
05/27/2026,07:38:31,27.4,43.6
05/27/2026,07:43:31,27.4,43.6
05/27/2026,07:48:31,27.4,43.6
05/27/2026,07:53:31,27.4,43.6
05/27/2026,07:58:31,27.4,43.6
05/27/2026,08:03:31,27.4,43.5
05/27/2026,08:08:31,27.3,43.5
05/27/2026,08:13:31,27.3,43.5
05/27/2026,08:18:31,27.3,43.5
05/27/2026,08:23:31,27.3,43.6
05/27/2026,08:28:31,27.3,43.4
05/27/2026,08:33:31,27.3,43.5
05/27/2026,08:38:31,27.3,43.4
05/27/2026,08:43:31,27.3,43.4
05/27/2026,08:48:31,27.3,43.4
05/27/2026,08:53:31,27.3,43.4
05/27/2026,08:58:31,27.3,43.4
05/27/2026,09:03:31,27.2,43.4
05/27/2026,09:08:31,27.2,43.5
05/27/2026,09:13:31,27.2,43.5
05/27/2026,09:18:31,27.2,43.5
05/27/2026,09:23:31,27.2,43.5
05/27/2026,09:28:31,27.3,43.5
05/27/2026,09:33:31,27.2,43.5
05/27/2026,09:38:31,27.3,43.6
05/27/2026,09:43:31,27.3,43.6
05/27/2026,09:48:31,27.3,43.4
05/27/2026,09:53:31,27.3,43.2
05/27/2026,09:58:31,27.2,43.2
05/27/2026,10:03:31,27.2,43.1
05/27/2026,10:08:31,27.2,43.1
05/27/2026,10:13:31,27.2,43
05/27/2026,10:18:31,27.2,42.9
05/27/2026,10:23:31,27.2,42.9
05/27/2026,10:28:31,27.2,42.7
05/27/2026,10:33:31,27.2,42.7
05/27/2026,10:38:31,27.2,42.6
05/27/2026,10:43:31,27.2,42.6
05/27/2026,10:48:31,27.2,42.5
05/27/2026,10:53:31,27.1,42.5
05/27/2026,10:58:31,27.1,42.5
05/27/2026,11:03:31,27.1,42.5
05/27/2026,11:08:31,27.1,42.5
05/27/2026,11:13:31,27.1,42.5
05/27/2026,11:18:31,27.1,42.4
05/27/2026,11:23:31,27.1,42.5
05/27/2026,11:28:31,27.1,42.4
05/27/2026,11:33:31,27.1,42.4
05/27/2026,11:38:31,27.1,42.4
05/27/2026,11:43:31,27.1,42.4
05/27/2026,11:48:31,27.1,42.4
05/27/2026,11:53:31,27.1,42.4
05/27/2026,11:58:31,27.1,42.5
05/27/2026,12:03:31,27.1,42.5
05/27/2026,12:08:31,27.1,42.4
05/27/2026,12:13:31,27.1,42.4
05/27/2026,12:18:31,27.1,42.5
05/27/2026,12:23:31,27.1,42.4
05/27/2026,12:28:31,27.1,42.5
05/27/2026,12:33:31,27.1,42.4
05/27/2026,12:38:31,27.2,42.4
05/27/2026,12:43:31,27.1,42.3
05/27/2026,12:48:31,27.1,42.3
05/27/2026,12:53:31,27.1,42.3
05/27/2026,12:58:31,27.1,42.3
05/27/2026,13:03:31,27.1,42.2
05/27/2026,13:08:31,27.1,42.3
05/27/2026,13:13:31,27.1,42.2
05/27/2026,13:18:31,27.1,42.2
05/27/2026,13:23:31,27.1,42.2
05/27/2026,13:28:31,27.1,42.2
05/27/2026,13:33:31,27.1,42.3
05/27/2026,13:38:31,27,42.3
05/27/2026,13:43:31,27,42.3
05/27/2026,13:48:31,27,42.3
05/27/2026,13:53:31,27,42.4
05/27/2026,13:58:31,27,42.5
05/27/2026,14:03:31,27,42.4
05/27/2026,14:08:31,27,42.5
05/27/2026,14:13:31,27,42.5
05/27/2026,14:18:31,27,42.6
05/27/2026,14:23:31,27,42.6
05/27/2026,14:28:31,27,42.6
05/27/2026,14:33:31,27,42.7
05/27/2026,14:38:31,27,42.6
05/27/2026,14:43:31,27,42.6
05/27/2026,14:48:31,27,42.6
05/27/2026,14:53:31,27,42.6
05/27/2026,14:58:31,27,42.5
05/27/2026,15:03:31,27,42.4
05/27/2026,15:08:31,27,42.5
05/27/2026,15:13:31,27,42.4
05/27/2026,15:18:31,27,42.4
05/27/2026,15:23:31,27,42.3
05/27/2026,15:28:31,27,42.2
05/27/2026,15:33:31,27.1,42.3
05/27/2026,15:38:31,27.1,42.2
05/27/2026,15:43:31,27.1,42.2
05/27/2026,15:48:31,27.1,42.2
05/27/2026,15:53:31,27.1,42.2
05/27/2026,15:58:31,27.1,42.1
05/27/2026,16:03:31,27.1,42.1
05/27/2026,16:08:31,27.1,42.1
05/27/2026,16:13:31,27.1,41.9
05/27/2026,16:18:31,27.2,41.9
05/27/2026,16:23:31,27.2,41.9
05/27/2026,16:28:31,27.2,41.9
05/27/2026,16:33:31,27.2,41.8
05/27/2026,16:38:31,27.2,41.7
05/27/2026,16:43:31,27.2,41.6
05/27/2026,16:48:31,27.2,41.5
05/27/2026,16:53:31,27.1,41.4
05/27/2026,16:58:31,27.2,41.3
05/27/2026,17:03:31,27.1,41.1
05/27/2026,17:08:31,27.2,41.1
05/27/2026,17:13:31,27.2,40.9
05/27/2026,17:18:31,27.2,40.9
05/27/2026,17:23:31,27.2,40.8
05/27/2026,17:28:31,27.2,40.7
05/27/2026,17:33:31,27.2,40.5
05/27/2026,17:38:31,27.1,40.4
05/27/2026,17:43:31,27.1,40.3
05/27/2026,17:48:31,27.1,40.1
05/27/2026,17:53:31,27.1,39.9
05/27/2026,17:58:31,27.1,39.8
05/27/2026,18:03:31,27.1,39.6
05/27/2026,18:08:31,27.1,39.3
05/27/2026,18:13:31,27,39.2
05/27/2026,18:18:31,27,39
05/27/2026,18:23:31,27,38.8
05/27/2026,18:28:31,27,38.6
05/27/2026,18:33:31,27,38.3
05/27/2026,18:38:31,27,38.2
05/27/2026,18:43:31,26.9,37.9
05/27/2026,18:48:31,26.9,37.7
05/27/2026,18:53:31,26.9,37.4
05/27/2026,18:58:31,26.9,37.1
05/27/2026,19:03:31,26.8,37.1
05/27/2026,19:08:31,26.9,36.9
05/27/2026,19:13:31,26.8,36.9
05/27/2026,19:18:31,26.8,36.8
05/27/2026,19:23:31,26.8,36.6
05/27/2026,19:28:31,26.8,36.5
05/27/2026,19:33:31,26.8,36.4
05/27/2026,19:38:31,26.7,36.1
05/27/2026,19:43:31,26.7,36
05/27/2026,19:48:31,26.7,35.8
05/27/2026,19:53:31,26.7,35.6
05/27/2026,19:58:31,26.6,35.6
05/27/2026,20:03:31,26.6,35.5
05/27/2026,20:08:31,26.6,35.5
05/27/2026,20:13:31,26.6,35.4
05/27/2026,20:18:31,26.6,35.1
05/27/2026,20:23:31,26.5,34.7
05/27/2026,20:28:31,26.5,34.4
05/27/2026,20:33:31,26.5,34.5
05/27/2026,20:38:31,26.5,34.5
05/27/2026,20:43:31,26.5,34.4
05/27/2026,20:48:31,26.4,34.4
05/27/2026,20:53:31,26.4,34.4
05/27/2026,20:58:31,26.4,34.4
05/27/2026,21:03:31,26.4,34.4
05/27/2026,21:08:31,26.4,34.3
05/27/2026,21:13:31,26.4,34.3
05/27/2026,21:18:31,26.3,34.3
05/27/2026,21:23:31,26.3,34.3
05/27/2026,21:28:31,26.3,34.4
05/27/2026,21:33:31,26.3,34.4
05/27/2026,21:38:31,26.3,34.4
05/27/2026,21:43:31,26.3,34.3
05/27/2026,21:48:31,26.2,34.4
05/27/2026,21:53:31,26.2,34.4
05/27/2026,21:58:31,26.2,34.4
05/27/2026,22:03:31,26.2,34.5
05/27/2026,22:08:31,26.2,34.6
05/27/2026,22:13:31,26.2,34.7
05/27/2026,22:18:31,26.2,34.6
05/27/2026,22:23:31,26.1,34.7
05/27/2026,22:28:31,26.1,34.8
05/27/2026,22:33:31,26.1,34.9
05/27/2026,22:38:31,26.1,34.9
05/27/2026,22:43:31,26.1,34.9
05/27/2026,22:48:31,26,35
05/27/2026,22:53:31,26,35.1
05/27/2026,22:58:31,26,35.3
05/27/2026,23:03:31,26,35.3
05/27/2026,23:08:31,26,35.4
05/27/2026,23:13:31,25.9,35.5
05/27/2026,23:18:31,25.9,35.7
05/27/2026,23:23:31,25.9,35.8
05/27/2026,23:28:31,25.9,35.9
05/27/2026,23:33:31,25.9,36
05/27/2026,23:38:31,25.8,36.1
05/27/2026,23:43:31,25.8,36.1
05/27/2026,23:48:31,25.8,36.3
05/27/2026,23:53:31,25.7,36.3
05/27/2026,23:58:31,25.7,36.4
05/28/2026,00:03:31,25.7,36.5
05/28/2026,00:08:31,25.7,36.6
05/28/2026,00:13:31,25.7,36.6
05/28/2026,00:18:31,25.6,36.8
05/28/2026,00:23:31,25.6,36.8
05/28/2026,00:28:31,25.6,36.8
05/28/2026,00:33:31,25.6,36.9
05/28/2026,00:38:31,25.6,37
05/28/2026,00:43:31,25.5,37
05/28/2026,00:48:31,25.5,37.1
05/28/2026,00:53:31,25.5,37.2
05/28/2026,00:58:31,25.4,37.3
05/28/2026,01:03:31,25.4,37.3
05/28/2026,01:08:31,25.4,37.4
05/28/2026,01:13:31,25.3,37.4
05/28/2026,01:18:31,25.3,37.5
05/28/2026,01:23:31,25.3,37.6
05/28/2026,01:28:31,25.3,37.6
05/28/2026,01:33:31,25.3,37.7
05/28/2026,01:38:31,25.2,37.8
05/28/2026,01:43:31,25.2,37.8
05/28/2026,01:48:31,25.2,37.9
05/28/2026,01:53:31,25.1,38
05/28/2026,01:58:31,25.1,38.1
05/28/2026,02:03:31,25.1,38.1
05/28/2026,02:08:31,25,38.1
05/28/2026,02:13:31,25,38.2
05/28/2026,02:18:31,25,38.3
05/28/2026,02:23:31,25,38.4
05/28/2026,02:28:31,25,38.4
05/28/2026,02:33:31,24.9,38.4
05/28/2026,02:38:31,24.9,38.5
05/28/2026,02:43:31,24.9,38.6
05/28/2026,02:48:31,24.9,38.7
05/28/2026,02:53:31,24.9,38.7
05/28/2026,02:58:31,24.8,38.8
05/28/2026,03:03:31,24.8,38.8
05/28/2026,03:08:31,24.8,38.9
05/28/2026,03:13:31,24.7,38.9
05/28/2026,03:18:31,24.7,39
05/28/2026,03:23:31,24.7,39.1
05/28/2026,03:28:31,24.7,39.1
05/28/2026,03:33:31,24.6,39.2
05/28/2026,03:38:31,24.6,39.3
05/28/2026,03:43:31,24.6,39.4
05/28/2026,03:48:31,24.6,39.4
05/28/2026,03:53:31,24.6,39.5
05/28/2026,03:58:31,24.5,39.6
05/28/2026,04:03:31,24.5,39.7
05/28/2026,04:08:31,24.5,39.7
05/28/2026,04:13:31,24.5,39.8
05/28/2026,04:18:31,24.4,39.8
05/28/2026,04:23:31,24.4,39.9
05/28/2026,04:28:31,24.4,40
05/28/2026,04:33:31,24.4,40
05/28/2026,04:38:31,24.4,40.1
05/28/2026,04:43:31,24.3,40.2
05/28/2026,04:48:31,24.3,40.2
05/28/2026,04:53:31,24.3,40.3
05/28/2026,04:58:31,24.3,40.4
05/28/2026,05:03:31,24.3,40.4
05/28/2026,05:08:31,24.3,40.5
05/28/2026,05:13:31,24.2,40.6
05/28/2026,05:18:31,24.2,40.6
05/28/2026,05:23:31,24.2,40.7
05/28/2026,05:28:31,24.2,40.7
05/28/2026,05:33:31,24.2,40.8
05/28/2026,05:38:31,24.1,40.9
05/28/2026,05:43:31,24.1,41
05/28/2026,05:48:31,24.1,41.1
05/28/2026,05:53:31,24.1,41.2
05/28/2026,05:58:31,24.1,41.2
05/28/2026,06:03:31,24.1,41.2
05/28/2026,06:08:31,24,41.4
05/28/2026,06:13:31,24,41.5
05/28/2026,06:18:31,24,41.5
05/28/2026,06:23:31,24,41.5
05/28/2026,06:28:31,24,41.6
05/28/2026,06:33:31,23.9,41.7
05/28/2026,06:38:31,23.9,41.8
05/28/2026,06:43:31,23.9,41.9
05/28/2026,06:48:31,23.9,42
05/28/2026,06:53:31,23.9,42
05/28/2026,06:58:31,23.9,42.1
05/28/2026,07:03:31,23.9,42.2
05/28/2026,07:08:31,23.8,42.2
05/28/2026,07:13:31,23.8,42.3
05/28/2026,07:18:31,23.8,42.3
05/28/2026,07:23:31,23.8,42.4
05/28/2026,07:28:31,23.8,42.5
05/28/2026,07:33:31,23.8,42.6
05/28/2026,07:38:31,23.8,42.7
05/28/2026,07:43:31,23.8,42.8
05/28/2026,07:48:31,23.8,42.9
05/28/2026,07:53:31,23.7,42.9
05/28/2026,07:58:31,23.7,43
05/28/2026,08:03:31,23.8,43.1
05/28/2026,08:08:31,23.8,43.3
05/28/2026,08:13:31,23.8,43.4
05/28/2026,08:18:31,23.8,43.5
05/28/2026,08:23:31,23.8,43.6
05/28/2026,08:28:31,23.8,43.8
05/28/2026,08:33:31,23.7,43.9
05/28/2026,08:38:31,23.7,44
05/28/2026,08:43:31,23.8,44.3
05/28/2026,08:48:31,23.8,44.4
05/28/2026,08:53:31,23.8,44.5
05/28/2026,08:58:31,23.8,44.7
05/28/2026,09:03:31,23.8,44.7
05/28/2026,09:08:31,23.8,44.9
05/28/2026,09:13:31,23.9,44.9
05/28/2026,09:18:31,23.9,45.2
05/28/2026,09:23:31,23.9,45.3
05/28/2026,09:28:31,23.9,45.5
05/28/2026,09:33:31,23.9,45.5
05/28/2026,09:38:31,23.9,45.6
05/28/2026,09:43:31,23.9,45.7
05/28/2026,09:48:31,23.9,45.8
05/28/2026,09:53:31,23.9,45.8
05/28/2026,09:58:31,24,45.9
05/28/2026,10:03:31,24,45.9
05/28/2026,10:08:31,24.1,46
05/28/2026,10:13:31,24.1,46.1
05/28/2026,10:18:31,24.1,46
05/28/2026,10:23:31,24.2,45.9
05/28/2026,10:28:31,24.2,45.8
05/28/2026,10:33:31,24.2,45.9
05/28/2026,10:38:31,24.3,45.8
05/28/2026,10:43:31,24.3,45.7
05/28/2026,10:48:31,24.3,45.7
05/28/2026,10:53:31,24.4,45.8
05/28/2026,10:58:31,24.4,45.6
05/28/2026,11:03:31,24.4,45.8
05/28/2026,11:08:31,24.5,45.7
05/28/2026,11:13:31,24.5,45.8
05/28/2026,11:18:31,24.5,45.8
05/28/2026,11:23:31,24.5,45.7
05/28/2026,11:28:31,24.6,45.7
05/28/2026,11:33:31,24.6,45.7
05/28/2026,11:38:31,24.6,45.6
05/28/2026,11:43:31,24.7,45.5
05/28/2026,11:48:31,24.7,45.5
05/28/2026,11:53:31,24.7,45.6
05/28/2026,11:58:31,24.8,45.6
05/28/2026,12:03:31,24.8,45.6
05/28/2026,12:08:31,24.9,45.6
05/28/2026,12:13:31,24.9,45.5
05/28/2026,12:18:31,24.9,45.6
05/28/2026,12:23:31,25,45.6
05/28/2026,12:28:31,25,45.7
05/28/2026,12:33:31,25.1,45.4
05/28/2026,12:38:31,25.1,45.5
05/28/2026,12:43:31,25.1,45.4
05/28/2026,12:48:31,25.1,45.5
05/28/2026,12:53:31,25.2,46
05/28/2026,12:58:31,25.3,46.2
05/28/2026,13:03:31,25.3,46.3
05/28/2026,13:08:31,25.3,46.5
05/28/2026,13:13:31,25.4,46.7
05/28/2026,13:18:31,25.4,46.7
05/28/2026,13:23:31,25.5,47
05/28/2026,13:28:31,25.5,47.1
05/28/2026,13:33:31,25.6,47.1
05/28/2026,13:38:31,25.6,46.9
05/28/2026,13:43:31,25.6,46.9
05/28/2026,13:48:31,25.6,46.8
05/28/2026,13:53:31,25.7,47.1
05/28/2026,13:58:31,25.7,47
05/28/2026,14:03:31,25.7,47
05/28/2026,14:08:31,25.8,46.8
05/28/2026,14:13:31,25.8,47.3
05/28/2026,14:18:31,25.8,47.3
05/28/2026,14:23:31,25.8,47.4
05/28/2026,14:28:31,25.9,47.3
05/28/2026,14:33:31,25.9,47.6
05/28/2026,14:38:31,25.9,47.6
05/28/2026,14:43:31,25.9,47.5
05/28/2026,14:48:31,26,47.7
05/28/2026,14:53:31,26,47.6
05/28/2026,14:58:31,26,47.5
05/28/2026,15:03:31,26,47.5
05/28/2026,15:08:31,26.1,47.4
05/28/2026,15:13:31,26.1,47.5
05/28/2026,15:18:31,26.1,47.7
05/28/2026,15:23:31,26.1,47.6
05/28/2026,15:28:31,26.2,47.6
05/28/2026,15:33:31,26.2,47.6
05/28/2026,15:38:31,26.2,47.7
05/28/2026,15:43:31,26.2,47.6
05/28/2026,15:48:31,26.2,47.6
05/28/2026,15:53:31,26.2,47.8
05/28/2026,15:58:31,26.2,47.8
05/28/2026,16:03:31,26.3,47.8
05/28/2026,16:08:31,26.3,48.5
05/28/2026,16:13:31,26.3,48.4
05/28/2026,16:18:31,26.3,48.4
05/28/2026,16:23:31,26.3,48.4
05/28/2026,16:28:31,26.3,48.3
05/28/2026,16:33:31,26.4,48.8
05/28/2026,16:38:31,26.4,48.4
05/28/2026,16:43:31,26.3,48.4
05/28/2026,16:48:31,26.4,48.3
05/28/2026,16:53:31,26.4,48.5
05/28/2026,16:58:31,26.4,48.5
05/28/2026,17:03:31,26.4,48.4
05/28/2026,17:08:31,26.4,48.4
05/28/2026,17:13:31,26.4,48.7
05/28/2026,17:18:31,26.4,48.6
05/28/2026,17:23:31,26.4,48.8
05/28/2026,17:28:31,26.5,49
05/28/2026,17:33:31,26.5,49.2
05/28/2026,17:38:31,26.5,49.3
05/28/2026,17:43:31,26.5,49.2
05/28/2026,17:48:31,26.5,49.3
05/28/2026,17:53:31,26.5,49.2
05/28/2026,17:58:31,26.5,49.3
05/28/2026,18:03:31,26.5,49.2
05/28/2026,18:08:31,26.5,49.6
05/28/2026,18:13:31,26.5,49.5
05/28/2026,18:18:31,26.5,49.8
05/28/2026,18:23:31,26.5,50
05/28/2026,18:28:31,26.5,49.9
05/28/2026,18:33:31,26.5,50.1
05/28/2026,18:38:31,26.6,50.1
05/28/2026,18:43:31,26.6,50
05/28/2026,18:48:31,26.5,50.2
05/28/2026,18:53:31,26.6,50.3
05/28/2026,18:58:31,26.6,50.4
05/28/2026,19:03:31,26.6,50.4
05/28/2026,19:08:31,26.6,50.6
05/28/2026,19:13:31,26.6,50.6
05/28/2026,19:18:31,26.6,50.8
05/28/2026,19:23:31,26.6,50.7
05/28/2026,19:28:31,26.6,50.9
05/28/2026,19:33:31,26.6,50.9
05/28/2026,19:38:31,26.6,51
05/28/2026,19:43:31,26.6,51.1
05/28/2026,19:48:31,26.6,51.2
05/28/2026,19:53:31,26.6,51.4
05/28/2026,19:58:31,26.6,51.5
05/28/2026,20:03:31,26.6,51.6
05/28/2026,20:08:31,26.6,51.6
05/28/2026,20:13:31,26.6,51.5
05/28/2026,20:18:31,26.6,51.5
05/28/2026,20:23:31,26.6,51.6
05/28/2026,20:28:31,26.6,51.6
05/28/2026,20:33:31,26.6,51.6
05/28/2026,20:38:31,26.6,51.6
05/28/2026,20:43:31,26.5,51.7
05/28/2026,20:48:31,26.5,51.7
05/28/2026,20:53:31,26.5,51.6
05/28/2026,20:58:31,26.5,51.7
05/28/2026,21:03:31,26.6,51.6
05/28/2026,21:08:31,26.5,51.7
05/28/2026,21:13:31,26.5,51.6
05/28/2026,21:18:31,26.5,51.7
05/28/2026,21:23:31,26.5,51.7
05/28/2026,21:28:31,26.5,51.7
05/28/2026,21:33:31,26.5,51.8
05/28/2026,21:38:31,26.5,51.8
05/28/2026,21:43:31,26.5,51.8
05/28/2026,21:48:31,26.5,51.8
05/28/2026,21:53:31,26.5,51.9
05/28/2026,21:58:31,26.5,51.8
05/28/2026,22:03:31,26.5,51.8
05/28/2026,22:08:31,26.4,51.9
05/28/2026,22:13:31,26.4,51.9
05/28/2026,22:18:31,26.4,51.8
05/28/2026,22:23:31,26.4,51.8
05/28/2026,22:28:31,26.4,51.8
05/28/2026,22:33:31,26.4,51.8
05/28/2026,22:38:31,26.4,51.8
05/28/2026,22:43:31,26.4,51.7
05/28/2026,22:48:31,26.3,51.7
05/28/2026,22:53:31,26.3,51.7
05/28/2026,22:58:31,26.3,51.7
05/28/2026,23:03:31,26.3,51.7
05/28/2026,23:08:31,26.3,51.7
05/28/2026,23:13:31,26.3,51.6
05/28/2026,23:18:31,26.3,51.7
05/28/2026,23:23:31,26.3,51.6
05/28/2026,23:28:31,26.3,51.6
05/28/2026,23:33:31,26.3,51.5
05/28/2026,23:38:31,26.2,51.5
05/28/2026,23:43:31,26.2,51.5
05/28/2026,23:48:31,26.2,51.4
05/28/2026,23:53:31,26.2,51.4
05/28/2026,23:58:31,26.2,51.3
05/29/2026,00:03:31,26.2,51.4
05/29/2026,00:08:31,26.2,51.3
05/29/2026,00:13:31,26.2,51.2
05/29/2026,00:18:31,26.1,51.2
05/29/2026,00:23:31,26.1,51.1
05/29/2026,00:28:31,26.1,51
05/29/2026,00:33:31,26.1,50.9
05/29/2026,00:38:31,26.1,50.8
05/29/2026,00:43:31,26,50.8
05/29/2026,00:48:31,26,50.8
05/29/2026,00:53:31,26,50.7
05/29/2026,00:58:31,26,50.6
05/29/2026,01:03:31,26,50.4
05/29/2026,01:08:31,26,50.4
05/29/2026,01:13:31,26,50.3
05/29/2026,01:18:31,25.9,50.3
05/29/2026,01:23:31,25.9,50.2
05/29/2026,01:28:31,26,50.1
05/29/2026,01:33:31,25.9,50.1
05/29/2026,01:38:31,25.9,50
05/29/2026,01:43:31,25.9,50
05/29/2026,01:48:31,25.9,49.9
05/29/2026,01:53:31,25.9,49.8
05/29/2026,01:58:31,25.8,49.8
05/29/2026,02:03:31,25.8,49.8
05/29/2026,02:08:31,25.8,49.7
05/29/2026,02:13:31,25.8,49.7
05/29/2026,02:18:31,25.8,49.6
05/29/2026,02:23:31,25.8,49.5
05/29/2026,02:28:31,25.8,49.5
05/29/2026,02:33:31,25.7,49.4
05/29/2026,02:38:31,25.7,49.3
05/29/2026,02:43:31,25.7,49.3
05/29/2026,02:48:31,25.7,49.3
05/29/2026,02:53:31,25.6,49.2
05/29/2026,02:58:31,25.7,49.3
05/29/2026,03:03:31,25.6,49.3
05/29/2026,03:08:31,25.6,49.3
05/29/2026,03:13:31,25.6,49.2
05/29/2026,03:18:31,25.6,49.2
05/29/2026,03:23:31,25.6,49.2
05/29/2026,03:28:31,25.6,49.3
05/29/2026,03:33:31,25.5,49.2
05/29/2026,03:38:31,25.5,49.2
05/29/2026,03:43:31,25.5,49.2
05/29/2026,03:48:31,25.5,49.2
05/29/2026,03:53:31,25.5,49.2
05/29/2026,03:58:31,25.4,49.2
05/29/2026,04:03:31,25.4,49.2
05/29/2026,04:08:31,25.4,49.2
05/29/2026,04:13:31,25.4,49.3
05/29/2026,04:18:31,25.4,49.3
05/29/2026,04:23:31,25.3,49.3
05/29/2026,04:28:31,25.4,49.3
05/29/2026,04:33:31,25.3,49.4
05/29/2026,04:38:31,25.3,49.3
05/29/2026,04:43:31,25.3,49.3
05/29/2026,04:48:31,25.3,49.4
05/29/2026,04:53:31,25.3,49.4
05/29/2026,04:58:31,25.3,49.4
05/29/2026,05:03:31,25.2,49.4
05/29/2026,05:08:31,25.2,49.5
05/29/2026,05:13:31,25.2,49.5
05/29/2026,05:18:31,25.2,49.5
05/29/2026,05:23:31,25.2,49.5
05/29/2026,05:28:31,25.2,49.5
05/29/2026,05:33:31,25.1,49.5
05/29/2026,05:38:31,25.1,49.6
05/29/2026,05:43:31,25.1,49.6
05/29/2026,05:48:31,25.1,49.6
05/29/2026,05:53:31,25.1,49.7
05/29/2026,05:58:31,25,49.7
05/29/2026,06:03:31,25,49.7
05/29/2026,06:08:31,25,49.7
05/29/2026,06:13:31,25,49.8
05/29/2026,06:18:31,25,49.8
05/29/2026,06:23:31,25,49.8
05/29/2026,06:28:31,25,49.9
05/29/2026,06:33:31,24.9,49.9
05/29/2026,06:38:31,24.9,49.9
05/29/2026,06:43:31,24.9,50
05/29/2026,06:48:31,24.9,50
05/29/2026,06:53:31,24.9,50
05/29/2026,06:58:31,24.9,50
05/29/2026,07:03:31,24.8,50
05/29/2026,07:08:31,24.9,50
05/29/2026,07:13:31,24.8,50.1
05/29/2026,07:18:31,24.8,50.1
05/29/2026,07:23:31,24.8,50.1
05/29/2026,07:28:31,24.8,50
05/29/2026,07:33:31,24.8,50.1
05/29/2026,07:38:31,24.8,50.1
05/29/2026,07:43:31,24.8,50.1
05/29/2026,07:48:31,24.8,50.1
05/29/2026,07:53:31,24.8,50.1
05/29/2026,07:58:31,24.8,50.1
05/29/2026,08:03:31,24.8,50.1
05/29/2026,08:08:31,24.8,50.1
05/29/2026,08:13:31,24.7,50
05/29/2026,08:18:31,24.7,50
05/29/2026,08:23:31,24.7,50
05/29/2026,08:28:31,24.7,50
05/29/2026,08:33:31,24.7,50
05/29/2026,08:38:31,24.7,49.9
05/29/2026,08:43:31,24.7,49.9
05/29/2026,08:48:31,24.7,50
05/29/2026,08:53:31,24.7,49.9
05/29/2026,08:58:31,24.7,49.9
05/29/2026,09:03:31,24.7,49.9
05/29/2026,09:08:31,24.7,49.8
05/29/2026,09:13:31,24.7,49.8
05/29/2026,09:18:31,24.7,49.8
05/29/2026,09:23:31,24.7,49.7
05/29/2026,09:28:31,24.7,49.7
05/29/2026,09:33:31,24.7,49.7
05/29/2026,09:38:31,24.7,49.8
05/29/2026,09:43:31,24.7,49.7
05/29/2026,09:48:31,24.7,49.6
05/29/2026,09:53:31,24.7,49.5
05/29/2026,09:58:31,24.7,49.5
05/29/2026,10:03:31,24.7,49.4
05/29/2026,10:08:31,24.7,49.4
05/29/2026,10:13:31,24.7,49.4
05/29/2026,10:18:31,24.7,49.3
05/29/2026,10:23:31,24.7,49.3
05/29/2026,10:28:31,24.7,49.2
05/29/2026,10:33:31,24.7,49.2
05/29/2026,10:38:31,24.7,49.2
05/29/2026,10:43:31,24.7,49.2
05/29/2026,10:48:31,24.7,49.1
05/29/2026,10:53:31,24.7,49
05/29/2026,10:58:31,24.7,48.9
05/29/2026,11:03:31,24.8,48.9
05/29/2026,11:08:31,24.8,48.8
05/29/2026,11:13:31,24.8,48.8
05/29/2026,11:18:31,24.8,48.7
05/29/2026,11:23:31,24.8,48.6
05/29/2026,11:28:31,24.8,48.5
05/29/2026,11:33:31,24.8,48.4
05/29/2026,11:38:31,24.8,48.3
05/29/2026,11:43:31,24.8,48.2
05/29/2026,11:48:31,24.8,48.1
05/29/2026,11:53:31,24.8,48
05/29/2026,11:58:31,24.8,47.8
05/29/2026,12:03:31,24.9,47.7
05/29/2026,12:08:31,24.9,47.5
05/29/2026,12:13:31,24.9,47.4
05/29/2026,12:18:31,24.9,47.3
05/29/2026,12:23:31,24.9,47.2
05/29/2026,12:28:31,24.9,47.2
05/29/2026,12:33:31,24.9,47.2
05/29/2026,12:38:31,24.9,47.2
05/29/2026,12:43:31,24.9,47.2
05/29/2026,12:48:31,24.9,47.2
05/29/2026,12:53:31,25,47.2
05/29/2026,12:58:31,25,47.1
05/29/2026,13:03:31,25,47.2
05/29/2026,13:08:31,25,47.1
05/29/2026,13:13:31,25,47
05/29/2026,13:18:31,25,47
05/29/2026,13:23:31,25,46.9
05/29/2026,13:28:31,25,46.8
05/29/2026,13:33:31,25.1,46.9
05/29/2026,13:38:31,25.1,46.9
05/29/2026,13:43:31,25.1,46.8
05/29/2026,13:48:31,25.1,46.8
05/29/2026,13:53:31,25.1,46.7
05/29/2026,13:58:31,25.2,46.6
05/29/2026,14:03:31,25.1,46.5
05/29/2026,14:08:31,25.2,46.4
05/29/2026,14:13:31,25.2,46.4
05/29/2026,14:18:31,25.2,46.3
05/29/2026,14:23:31,25.2,46.3
05/29/2026,14:28:31,25.2,46.3
05/29/2026,14:33:31,25.2,46.1
05/29/2026,14:38:31,25.2,46.1
05/29/2026,14:43:31,25.2,46.1
05/29/2026,14:48:31,25.3,46
05/29/2026,14:53:31,25.3,46
05/29/2026,14:58:31,25.3,45.9
05/29/2026,15:03:31,25.3,45.8
05/29/2026,15:08:31,25.3,45.7
05/29/2026,15:13:31,25.3,45.6
05/29/2026,15:18:31,25.3,45.5
05/29/2026,15:23:31,25.3,45.3
05/29/2026,15:28:31,25.3,45.2
05/29/2026,15:33:31,25.3,45.1
05/29/2026,15:38:31,25.3,45
05/29/2026,15:43:31,25.3,44.9
05/29/2026,15:48:31,25.3,44.8
05/29/2026,15:53:31,25.3,44.8
05/29/2026,15:58:31,25.3,44.8
05/29/2026,16:03:31,25.3,44.8
05/29/2026,16:08:31,25.3,44.7
05/29/2026,16:13:31,25.3,44.7
05/29/2026,16:18:31,25.3,44.7
05/29/2026,16:23:31,25.3,44.6
05/29/2026,16:28:31,25.3,44.5
05/29/2026,16:33:31,25.4,44.4
05/29/2026,16:38:31,25.4,44.3
05/29/2026,16:43:31,25.4,44.2
05/29/2026,16:48:31,25.4,43.9
05/29/2026,16:53:31,25.4,43.9
05/29/2026,16:58:31,25.4,43.7
05/29/2026,17:03:31,25.4,43.5
05/29/2026,17:08:31,25.4,43.6
05/29/2026,17:13:31,25.4,43.6
05/29/2026,17:18:31,25.4,43.4
05/29/2026,17:23:31,25.4,43.1
05/29/2026,17:28:31,25.4,43
05/29/2026,17:33:31,25.4,42.8
05/29/2026,17:38:31,25.4,42.8
05/29/2026,17:43:31,25.4,42.7
05/29/2026,17:48:31,25.5,42.8
05/29/2026,17:53:31,25.5,42.8
05/29/2026,17:58:31,25.5,42.8
05/29/2026,18:03:31,25.5,42.7
05/29/2026,18:08:31,25.5,42.6
05/29/2026,18:13:31,25.5,42.6
05/29/2026,18:18:31,25.5,42.6
05/29/2026,18:23:31,25.5,42.6
05/29/2026,18:28:31,25.5,42.7
05/29/2026,18:33:31,25.5,42.8
05/29/2026,18:38:31,25.6,42.8
05/29/2026,18:43:31,25.6,42.8
05/29/2026,18:48:31,25.6,42.8
05/29/2026,18:53:31,25.6,42.8
05/29/2026,18:58:31,25.6,42.7
05/29/2026,19:03:31,25.6,42.8
05/29/2026,19:08:31,25.6,42.8
05/29/2026,19:13:31,25.6,42.9
05/29/2026,19:18:31,25.7,43
05/29/2026,19:23:31,25.7,43.1
05/29/2026,19:28:31,25.7,43.2
05/29/2026,19:33:31,25.7,43.3
05/29/2026,19:38:31,25.7,43.4
05/29/2026,19:43:31,25.7,43.4
05/29/2026,19:48:31,25.8,43.5
05/29/2026,19:53:31,25.8,43.6
05/29/2026,19:58:31,25.8,43.7
05/29/2026,20:03:31,25.8,43.7
05/29/2026,20:08:31,25.8,43.7
05/29/2026,20:13:31,25.8,43.7
05/29/2026,20:18:31,25.8,43.7
05/29/2026,20:23:31,25.8,43.8
05/29/2026,20:28:31,25.9,43.8
05/29/2026,20:33:31,25.9,43.8
05/29/2026,20:38:31,25.9,43.8
05/29/2026,20:43:31,25.9,43.8
05/29/2026,20:48:31,25.9,43.8
05/29/2026,20:53:31,25.9,43.8
05/29/2026,20:58:31,25.9,43.8
05/29/2026,21:03:31,25.9,43.8
05/29/2026,21:08:31,25.9,43.8
05/29/2026,21:13:31,25.9,43.8
05/29/2026,21:18:31,25.9,43.7
05/29/2026,21:23:31,25.9,43.7
05/29/2026,21:28:31,25.9,43.7
05/29/2026,21:33:31,25.9,43.6
05/29/2026,21:38:31,25.9,43.6
05/29/2026,21:43:31,26,43.5
05/29/2026,21:48:31,25.9,43.5
05/29/2026,21:53:31,25.9,43.5
05/29/2026,21:58:31,25.9,43.4
05/29/2026,22:03:31,25.9,43.5
05/29/2026,22:08:31,25.9,43.4
05/29/2026,22:13:31,25.9,43.4
05/29/2026,22:18:31,25.8,43.4
05/29/2026,22:23:31,25.8,43.4
05/29/2026,22:28:31,25.8,43.4
05/29/2026,22:33:31,25.8,43.4
05/29/2026,22:38:31,25.8,43.5
05/29/2026,22:43:31,25.8,43.4
05/29/2026,22:48:31,25.7,43.5
05/29/2026,22:53:31,25.7,43.5
05/29/2026,22:58:31,25.7,43.5
05/29/2026,23:03:31,25.7,43.5
05/29/2026,23:08:31,25.7,43.4
05/29/2026,23:13:31,25.6,43.4
05/29/2026,23:18:31,25.6,43.5
05/29/2026,23:23:31,25.6,43.5
05/29/2026,23:28:31,25.6,43.5
05/29/2026,23:33:31,25.6,43.5
05/29/2026,23:38:31,25.5,43.5
05/29/2026,23:43:31,25.5,43.5
05/29/2026,23:48:31,25.5,43.5
05/29/2026,23:53:31,25.5,43.5
05/29/2026,23:58:31,25.5,43.5
05/30/2026,00:03:31,25.4,43.6
05/30/2026,00:08:31,25.4,43.6
05/30/2026,00:13:31,25.4,43.6
05/30/2026,00:18:31,25.4,43.6
05/30/2026,00:23:31,25.4,43.6
05/30/2026,00:28:31,25.4,43.7
05/30/2026,00:33:31,25.4,43.7
05/30/2026,00:38:31,25.4,43.7
05/30/2026,00:43:31,25.3,43.6
05/30/2026,00:48:31,25.3,43.7
05/30/2026,00:53:31,25.3,43.7
05/30/2026,00:58:31,25.3,43.7
05/30/2026,01:03:31,25.3,43.7
05/30/2026,01:08:31,25.2,43.7
05/30/2026,01:13:31,25.2,43.7
05/30/2026,01:18:31,25.2,43.8
05/30/2026,01:23:31,25.1,43.8
05/30/2026,01:28:31,25.1,43.8
05/30/2026,01:33:31,25.1,43.8
05/30/2026,01:38:31,25.1,43.8
05/30/2026,01:43:31,25.1,43.8
05/30/2026,01:48:31,25.1,43.9
05/30/2026,01:53:31,25.1,43.8
05/30/2026,01:58:31,25,43.8
05/30/2026,02:03:31,25,43.8
05/30/2026,02:08:31,25,43.8
05/30/2026,02:13:31,25,43.9
05/30/2026,02:18:31,24.9,43.9
05/30/2026,02:23:31,24.9,43.9
05/30/2026,02:28:31,24.8,43.9
05/30/2026,02:33:31,24.8,44
05/30/2026,02:38:31,24.8,43.9
05/30/2026,02:43:31,24.7,44
05/30/2026,02:48:31,24.7,44
05/30/2026,02:53:31,24.7,44
05/30/2026,02:58:31,24.7,44
05/30/2026,03:03:31,24.7,43.9
05/30/2026,03:08:31,24.7,43.9
05/30/2026,03:13:31,24.6,44
05/30/2026,03:18:31,24.6,44
05/30/2026,03:23:31,24.6,43.9
05/30/2026,03:28:31,24.6,44
05/30/2026,03:33:31,24.5,44
05/30/2026,03:38:31,24.6,43.9
05/30/2026,03:43:31,24.5,44
05/30/2026,03:48:31,24.5,43.9
05/30/2026,03:53:31,24.4,43.9
05/30/2026,03:58:31,24.5,44
05/30/2026,04:03:31,24.4,44
05/30/2026,04:08:31,24.4,43.9
05/30/2026,04:13:31,24.4,43.9
05/30/2026,04:18:31,24.4,43.9
05/30/2026,04:23:31,24.3,43.9
05/30/2026,04:28:31,24.3,43.9
05/30/2026,04:33:31,24.3,43.9
05/30/2026,04:38:31,24.3,43.9
05/30/2026,04:43:31,24.3,43.8
05/30/2026,04:48:31,24.3,43.8
05/30/2026,04:53:31,24.3,43.8
05/30/2026,04:58:31,24.2,43.8
05/30/2026,05:03:31,24.2,43.7
05/30/2026,05:08:31,24.2,43.7
05/30/2026,05:13:31,24.1,43.8
05/30/2026,05:18:31,24.1,43.8
05/30/2026,05:23:31,24.1,43.8
05/30/2026,05:28:31,24,43.8
05/30/2026,05:33:31,24,43.8
05/30/2026,05:38:31,24,43.8
05/30/2026,05:43:31,23.9,43.7
05/30/2026,05:48:31,23.9,43.8
05/30/2026,05:53:31,23.9,43.8
05/30/2026,05:58:31,23.9,43.8
05/30/2026,06:03:31,23.9,43.7
05/30/2026,06:08:31,23.9,43.7
05/30/2026,06:13:31,23.9,43.7
05/30/2026,06:18:31,23.8,43.8
05/30/2026,06:23:31,23.8,43.8
05/30/2026,06:28:31,23.8,43.8
05/30/2026,06:33:31,23.8,43.8
05/30/2026,06:38:31,23.8,43.8
05/30/2026,06:43:31,23.8,43.8
05/30/2026,06:48:31,23.8,43.8
05/30/2026,06:53:31,23.8,43.8
05/30/2026,06:58:31,23.8,43.8
05/30/2026,07:03:31,23.8,43.8
05/30/2026,07:08:31,23.8,43.8
05/30/2026,07:13:31,23.8,43.9
05/30/2026,07:18:31,23.8,43.9
05/30/2026,07:23:31,23.8,43.9
05/30/2026,07:28:31,23.8,43.9
05/30/2026,07:33:31,23.8,43.9
05/30/2026,07:38:31,23.8,43.9
05/30/2026,07:43:31,23.8,44
05/30/2026,07:48:31,23.8,44
05/30/2026,07:53:31,23.8,44
05/30/2026,07:58:31,23.8,44.1
05/30/2026,08:03:31,23.8,44.1
05/30/2026,08:08:31,23.8,44.1
05/30/2026,08:13:31,23.8,44.1
05/30/2026,08:18:31,23.8,44.1
05/30/2026,08:23:31,23.8,44.1
05/30/2026,08:28:31,23.8,44.1
05/30/2026,08:33:31,23.9,44.2
05/30/2026,08:38:31,23.9,44.1
05/30/2026,08:43:31,23.9,44.2
05/30/2026,08:48:31,23.9,44.2
05/30/2026,08:53:31,23.9,44.2
05/30/2026,08:58:31,23.9,44.2
05/30/2026,09:03:31,23.9,44.2
05/30/2026,09:08:31,24,44.3
05/30/2026,09:13:31,24,44.3
05/30/2026,09:18:31,24,44.4
05/30/2026,09:23:31,24,44.5
05/30/2026,09:28:31,24,44.5
05/30/2026,09:33:31,24.1,44.5
05/30/2026,09:38:31,24.1,44.5
05/30/2026,09:43:31,24.2,44.5
05/30/2026,09:48:31,24.2,44.6
05/30/2026,09:53:31,24.2,44.7
05/30/2026,09:58:31,24.2,44.8
05/30/2026,10:03:31,24.3,44.8
05/30/2026,10:08:31,24.3,44.8
05/30/2026,10:13:31,24.3,44.9
05/30/2026,10:18:31,24.4,45
05/30/2026,10:23:31,24.4,45.1
05/30/2026,10:28:31,24.4,45
05/30/2026,10:33:31,24.5,44.9
05/30/2026,10:38:31,24.5,45
05/30/2026,10:43:31,24.5,44.9
05/30/2026,10:48:31,24.5,44.8
05/30/2026,10:53:31,24.5,44.7
05/30/2026,10:58:31,24.5,44.7
05/30/2026,11:03:31,24.6,44.7
05/30/2026,11:08:31,24.6,44.6
05/30/2026,11:13:31,24.6,44.6
05/30/2026,11:18:31,24.6,44.5
05/30/2026,11:23:31,24.7,44.5
05/30/2026,11:28:31,24.7,44.5
05/30/2026,11:33:31,24.7,44.3
05/30/2026,11:38:31,24.7,44.3
05/30/2026,11:43:31,24.8,44.3
05/30/2026,11:48:31,24.7,44.3
05/30/2026,11:53:31,24.8,44.2
05/30/2026,11:58:31,24.8,44.2
05/30/2026,12:03:31,24.8,44.2
05/30/2026,12:08:31,24.8,44.2
05/30/2026,12:13:31,24.8,44.2
05/30/2026,12:18:31,24.8,44.3
05/30/2026,12:23:31,24.9,44.3
05/30/2026,12:28:31,24.9,44.3
05/30/2026,12:33:31,24.9,44.3
05/30/2026,12:38:31,24.9,44.3
05/30/2026,12:43:31,24.9,44.3
05/30/2026,12:48:31,25,44.3
05/30/2026,12:53:31,25,44.3
05/30/2026,12:58:31,25,44.3
05/30/2026,13:03:31,25,44.3
05/30/2026,13:08:31,25.1,44.4
05/30/2026,13:13:31,25.1,44.4
05/30/2026,13:18:31,25.1,44.3
05/30/2026,13:23:31,25.1,44.3
05/30/2026,13:28:31,25.1,44.4
05/30/2026,13:33:31,25.2,44.3
05/30/2026,13:38:31,25.2,44.4
05/30/2026,13:43:31,25.2,44.4
05/30/2026,13:48:31,25.2,44.4
05/30/2026,13:53:31,25.2,44.4
05/30/2026,13:58:31,25.3,44.4
05/30/2026,14:03:31,25.3,44.4
05/30/2026,14:08:31,25.3,44.5
05/30/2026,14:13:31,25.3,44.5
05/30/2026,14:18:31,25.4,44.5
05/30/2026,14:23:31,25.4,44.5
05/30/2026,14:28:31,25.4,44.5
05/30/2026,14:33:31,25.5,44.5
05/30/2026,14:38:31,25.5,44.6
05/30/2026,14:43:31,25.5,44.6
05/30/2026,14:48:31,25.5,44.6
05/30/2026,14:53:31,25.5,44.6
05/30/2026,14:58:31,25.6,44.7
05/30/2026,15:03:31,25.6,44.7
05/30/2026,15:08:31,25.6,44.7
05/30/2026,15:13:31,25.6,44.7
05/30/2026,15:18:31,25.7,44.8
05/30/2026,15:23:31,25.7,44.8
05/30/2026,15:28:31,25.7,44.9
05/30/2026,15:33:31,25.8,44.9
05/30/2026,15:38:31,25.8,44.9
05/30/2026,15:43:31,25.8,44.9
05/30/2026,15:48:31,25.8,45
05/30/2026,15:53:31,25.9,45
05/30/2026,15:58:31,25.9,45.1
05/30/2026,16:03:31,25.9,45.1
05/30/2026,16:08:31,26,45.1
05/30/2026,16:13:31,26,45.1
05/30/2026,16:18:31,26,45.2
05/30/2026,16:23:31,26,45.1
05/30/2026,16:28:31,26.1,45.2
05/30/2026,16:33:31,26.1,45.2
05/30/2026,16:38:31,26.1,45.2
05/30/2026,16:43:31,26.1,45.2
05/30/2026,16:48:31,26.2,45.2
05/30/2026,16:53:31,26.2,45.3
05/30/2026,16:58:31,26.2,45.2
05/30/2026,17:03:31,26.2,45.2
05/30/2026,17:08:31,26.2,45.3
05/30/2026,17:13:31,26.3,45.3
05/30/2026,17:18:31,26.3,45.3
05/30/2026,17:23:31,26.3,45.3
05/30/2026,17:28:31,26.4,45.2
05/30/2026,17:33:31,26.4,45.1
05/30/2026,17:38:31,26.4,45
05/30/2026,17:43:31,26.4,44.9
05/30/2026,17:48:31,26.4,44.9
05/30/2026,17:53:31,26.5,44.9
05/30/2026,17:58:31,26.5,44.8
05/30/2026,18:03:31,26.5,44.7
05/30/2026,18:08:31,26.5,44.7
05/30/2026,18:13:31,26.6,44.8
05/30/2026,18:18:31,26.6,44.9
05/30/2026,18:23:31,26.6,45
05/30/2026,18:28:31,26.7,45
05/30/2026,18:33:31,26.7,45.2
05/30/2026,18:38:31,26.7,45.3
05/30/2026,18:43:31,26.8,45.4
05/30/2026,18:48:31,26.8,45.5
05/30/2026,18:53:31,26.9,45.5
05/30/2026,18:58:31,26.9,45.6
05/30/2026,19:03:31,26.9,45.6
05/30/2026,19:08:31,26.9,45.6
05/30/2026,19:13:31,26.9,45.4
05/30/2026,19:18:31,26.9,45.1
05/30/2026,19:23:31,26.9,45
05/30/2026,19:28:31,26.9,44.7
05/30/2026,19:33:31,26.9,44.8
05/30/2026,19:38:31,27,44.9
05/30/2026,19:43:31,27,45
05/30/2026,19:48:31,27,45.1
05/30/2026,19:53:31,27,45
05/30/2026,19:58:31,27,45.1
05/30/2026,20:03:31,27,45
05/30/2026,20:08:31,27,45.1
05/30/2026,20:13:31,27.1,44.9
05/30/2026,20:18:31,27.1,44.9
05/30/2026,20:23:31,27.1,44.7
05/30/2026,20:28:31,27.1,44.7
05/30/2026,20:33:31,27.1,44.6
05/30/2026,20:38:31,27.1,44.7
05/30/2026,20:43:31,27.1,44.7
05/30/2026,20:48:31,27.1,44.7
05/30/2026,20:53:31,27.1,44.6
05/30/2026,20:58:31,27.1,44.7
05/30/2026,21:03:31,27.1,44.6
05/30/2026,21:08:31,27.1,44.6
05/30/2026,21:13:31,27.1,44.6
05/30/2026,21:18:31,27.1,44.6
05/30/2026,21:23:31,27,44.5
05/30/2026,21:28:31,27,44.5
05/30/2026,21:33:31,27,44.5
05/30/2026,21:38:31,27,44.5
05/30/2026,21:43:31,27,44.4
05/30/2026,21:48:31,27,44.4
05/30/2026,21:53:31,27,44.3
05/30/2026,21:58:31,27,44.3
05/30/2026,22:03:31,27,44.2
05/30/2026,22:08:31,26.9,44.2
05/30/2026,22:13:31,26.9,44.2
05/30/2026,22:18:31,26.9,44.2
05/30/2026,22:23:31,26.9,44.1
05/30/2026,22:28:31,26.9,44.1
05/30/2026,22:33:31,26.9,44.1
05/30/2026,22:38:31,26.8,44.1
05/30/2026,22:43:31,26.8,44.1
05/30/2026,22:48:31,26.8,44.1
05/30/2026,22:53:31,26.8,44
05/30/2026,22:58:31,26.8,44
05/30/2026,23:03:31,26.7,44
05/30/2026,23:08:31,26.7,44
05/30/2026,23:13:31,26.7,44.1
05/30/2026,23:18:31,26.7,44
05/30/2026,23:23:31,26.7,44
05/30/2026,23:28:31,26.6,44.1
05/30/2026,23:33:31,26.6,44.1
05/30/2026,23:38:31,26.6,44.1
05/30/2026,23:43:31,26.6,44.1
05/30/2026,23:48:31,26.5,44.1
05/30/2026,23:53:31,26.5,44.1
05/30/2026,23:58:31,26.5,44.1
05/31/2026,00:03:31,26.5,44
05/31/2026,00:08:31,26.5,44.1
05/31/2026,00:13:31,26.5,44
05/31/2026,00:18:31,26.5,44
05/31/2026,00:23:31,26.5,44
05/31/2026,00:28:31,26.4,44
05/31/2026,00:33:31,26.4,44
05/31/2026,00:38:31,26.4,44
05/31/2026,00:43:31,26.4,44
05/31/2026,00:48:31,26.4,44
05/31/2026,00:53:31,26.3,44
05/31/2026,00:58:31,26.3,44
05/31/2026,01:03:31,26.3,44
05/31/2026,01:08:31,26.3,44
05/31/2026,01:13:31,26.3,44
05/31/2026,01:18:31,26.3,44
05/31/2026,01:23:31,26.2,44
05/31/2026,01:28:31,26.2,44
05/31/2026,01:33:31,26.2,44
05/31/2026,01:38:31,26.2,44
05/31/2026,01:43:31,26.2,44
05/31/2026,01:48:31,26.1,44
05/31/2026,01:53:31,26.1,44
05/31/2026,01:58:31,26.1,44
05/31/2026,02:03:31,26.1,44
05/31/2026,02:08:31,26,44
05/31/2026,02:13:31,26,44
05/31/2026,02:18:31,26,44
05/31/2026,02:23:31,26,44
05/31/2026,02:28:31,26,43.9
05/31/2026,02:33:31,25.9,43.9
05/31/2026,02:38:31,25.9,44
05/31/2026,02:43:31,25.9,43.9
05/31/2026,02:48:31,25.9,43.9
05/31/2026,02:53:31,25.9,43.9
05/31/2026,02:58:31,25.9,43.9
05/31/2026,03:03:31,25.8,43.9
05/31/2026,03:08:31,25.8,43.8
05/31/2026,03:13:31,25.8,43.8
05/31/2026,03:18:31,25.8,43.8
05/31/2026,03:23:31,25.7,43.8
05/31/2026,03:28:31,25.7,43.7
05/31/2026,03:33:31,25.7,43.7
05/31/2026,03:38:31,25.7,43.7
05/31/2026,03:43:31,25.7,43.7
05/31/2026,03:48:31,25.6,43.7
05/31/2026,03:53:31,25.6,43.6
05/31/2026,03:58:31,25.6,43.6
05/31/2026,04:03:31,25.5,43.6
05/31/2026,04:08:31,25.5,43.6
05/31/2026,04:13:31,25.5,43.6
05/31/2026,04:18:31,25.5,43.6
05/31/2026,04:23:31,25.4,43.5
05/31/2026,04:28:31,25.4,43.5
05/31/2026,04:33:31,25.4,43.5
05/31/2026,04:38:31,25.4,43.4
05/31/2026,04:43:31,25.4,43.5
05/31/2026,04:48:31,25.3,43.4
05/31/2026,04:53:31,25.3,43.4
05/31/2026,04:58:31,25.3,43.4
05/31/2026,05:03:31,25.3,43.4
05/31/2026,05:08:31,25.2,43.4
05/31/2026,05:13:31,25.2,43.4
05/31/2026,05:18:31,25.2,43.3
05/31/2026,05:23:31,25.2,43.4
05/31/2026,05:28:31,25.2,43.4
05/31/2026,05:33:31,25.1,43.4
05/31/2026,05:38:31,25.1,43.3
05/31/2026,05:43:31,25.1,43.3
05/31/2026,05:48:31,25.1,43.3
05/31/2026,05:53:31,25.1,43.3
05/31/2026,05:58:31,25.1,43.3
05/31/2026,06:03:31,25,43.3
05/31/2026,06:08:31,25,43.3
05/31/2026,06:13:31,25,43.3
05/31/2026,06:18:31,25,43.3
05/31/2026,06:23:31,25,43.3
05/31/2026,06:28:31,25,43.3
05/31/2026,06:33:31,25,43.3
05/31/2026,06:38:31,25,43.3
05/31/2026,06:43:31,25,43.3
05/31/2026,06:48:31,25,43.2
05/31/2026,06:53:31,25,43.3
05/31/2026,06:58:31,24.9,43.3
05/31/2026,07:03:31,24.9,43.2
05/31/2026,07:08:31,24.9,43.2
05/31/2026,07:13:31,25,43.2
05/31/2026,07:18:31,24.9,43.2
05/31/2026,07:23:31,24.9,43.3
05/31/2026,07:28:31,24.9,43.3
05/31/2026,07:33:31,24.9,43.3
05/31/2026,07:38:31,24.9,43.2
05/31/2026,07:43:31,24.9,43.3
05/31/2026,07:48:31,24.9,43.3
05/31/2026,07:53:31,24.9,43.3
05/31/2026,07:58:31,24.9,43.5
05/31/2026,08:03:31,24.9,43.6
05/31/2026,08:08:31,25,43.8
05/31/2026,08:13:31,24.9,44
05/31/2026,08:18:31,25,44.2
05/31/2026,08:23:31,25,44.4
05/31/2026,08:28:31,25,44.6
05/31/2026,08:33:31,25.1,44.8
05/31/2026,08:38:31,25.1,44.9
05/31/2026,08:43:31,25.1,45.1
05/31/2026,08:48:31,25.1,45.5
05/31/2026,08:53:31,25.2,45.4
05/31/2026,08:58:31,25.2,45.7
05/31/2026,09:03:31,25.2,45.5
05/31/2026,09:08:31,25.3,45.4
05/31/2026,09:13:31,25.3,45.2
05/31/2026,09:18:31,25.3,45
05/31/2026,09:23:31,25.3,44.9
05/31/2026,09:28:31,25.3,45
05/31/2026,09:33:31,25.3,45.1
05/31/2026,09:38:31,25.3,45.6
05/31/2026,09:43:31,25.3,45.7
05/31/2026,09:48:31,25.3,45.7
05/31/2026,09:53:31,25.4,45.7
05/31/2026,09:58:31,25.5,45.8
05/31/2026,10:03:31,25.5,45.9
05/31/2026,10:08:31,25.5,45.7
05/31/2026,10:13:31,25.6,46.1
05/31/2026,10:18:31,25.7,46.2
05/31/2026,10:23:31,25.8,46.2
05/31/2026,10:28:31,25.8,46
05/31/2026,10:33:31,25.9,45.9
05/31/2026,10:38:31,25.9,45.9
05/31/2026,10:43:31,25.9,45.9
05/31/2026,10:48:31,26,45.8
05/31/2026,10:53:31,26,45.7
05/31/2026,10:58:31,26,45.4
05/31/2026,11:03:31,26,45.2
05/31/2026,11:08:31,26,45.2
05/31/2026,11:13:31,26,45.1
05/31/2026,11:18:31,26,45.1
05/31/2026,11:23:31,26,45.2
05/31/2026,11:28:31,26.1,45.4
05/31/2026,11:33:31,26.1,45.4
05/31/2026,11:38:31,26.2,45.5
05/31/2026,11:43:31,26.2,45.4
05/31/2026,11:48:31,26.3,45.6
05/31/2026,11:53:31,26.3,45.8
05/31/2026,11:58:31,26.4,46.6
05/31/2026,12:03:31,26.6,46.2
05/31/2026,12:08:31,26.6,46.4
05/31/2026,12:13:31,26.7,46.3
05/31/2026,12:18:31,26.7,46.1
05/31/2026,12:23:31,26.7,46.1
05/31/2026,12:28:31,26.8,46.4
05/31/2026,12:33:31,26.9,46.2
05/31/2026,12:38:31,26.9,45.4
05/31/2026,12:43:31,26.9,44.9
05/31/2026,12:48:31,26.9,44.5
05/31/2026,12:53:31,26.9,44.1
05/31/2026,12:58:31,26.9,43.9
05/31/2026,13:03:31,26.9,43.9
05/31/2026,13:08:31,26.9,43.7
05/31/2026,13:13:31,26.9,43.5
05/31/2026,13:18:31,26.9,43.4
05/31/2026,13:23:31,26.9,43.3
05/31/2026,13:28:31,26.9,43.2
05/31/2026,13:33:31,26.8,43.2
05/31/2026,13:38:31,26.8,42.8
05/31/2026,13:43:31,26.8,42.6
05/31/2026,13:48:31,26.8,42.6
05/31/2026,13:53:31,26.7,42.6
05/31/2026,13:58:31,26.7,42.4
05/31/2026,14:03:31,26.7,42.4
05/31/2026,14:08:31,26.7,42.3
05/31/2026,14:13:31,26.6,42.3
05/31/2026,14:18:31,26.6,42.3
05/31/2026,14:23:31,26.6,42.1
05/31/2026,14:28:31,26.6,42.2
05/31/2026,14:33:31,26.6,42.2
05/31/2026,14:38:31,26.5,42.1
05/31/2026,14:43:31,26.5,41.9
05/31/2026,14:48:31,26.5,41.9
05/31/2026,14:53:31,26.5,41.8
05/31/2026,14:58:31,26.5,41.8
05/31/2026,15:03:31,26.5,41.9
05/31/2026,15:08:31,26.5,41.8
05/31/2026,15:13:31,26.5,41.8
05/31/2026,15:18:31,26.5,41.7
05/31/2026,15:23:31,26.4,41.6
05/31/2026,15:28:31,26.4,41.5
05/31/2026,15:33:31,26.4,41.4
05/31/2026,15:38:31,26.4,41.3
05/31/2026,15:43:31,26.4,41.3
05/31/2026,15:48:31,26.4,41.3
05/31/2026,15:53:31,26.4,41.3
05/31/2026,15:58:31,26.4,41.2
05/31/2026,16:03:31,26.4,41.2
05/31/2026,16:08:31,26.4,41.2
05/31/2026,16:13:31,26.4,41.3
05/31/2026,16:18:31,26.4,41.3
05/31/2026,16:23:31,26.4,41.3
05/31/2026,16:28:31,26.4,41.4
05/31/2026,16:33:31,26.4,41.4
05/31/2026,16:38:31,26.4,41.4
05/31/2026,16:43:31,26.4,41.4
05/31/2026,16:48:31,26.4,41.4
05/31/2026,16:53:31,26.4,41.3
05/31/2026,16:58:31,26.4,41.5
05/31/2026,17:03:31,26.4,41.5
05/31/2026,17:08:31,26.4,41.6
05/31/2026,17:13:31,26.4,41.6
05/31/2026,17:18:31,26.5,41.6
05/31/2026,17:23:31,26.5,41.5
05/31/2026,17:28:31,26.4,41.2
05/31/2026,17:33:31,26.5,41.2
05/31/2026,17:38:31,26.5,41.3
05/31/2026,17:43:31,26.5,41.2
05/31/2026,17:48:31,26.5,41.1
05/31/2026,17:53:31,26.5,41.2
05/31/2026,17:58:31,26.5,41.2
05/31/2026,18:03:31,26.5,41.2
05/31/2026,18:08:31,26.5,41.1
05/31/2026,18:13:31,26.5,41
05/31/2026,18:18:31,26.6,41.2
05/31/2026,18:23:31,26.5,41.2
05/31/2026,18:28:31,26.6,40.9
05/31/2026,18:33:31,26.5,40.6
05/31/2026,18:38:31,26.5,40.3
05/31/2026,18:43:31,26.6,40.3
05/31/2026,18:48:31,26.5,40.1
05/31/2026,18:53:31,26.5,40
05/31/2026,18:58:31,26.5,39.9
05/31/2026,19:03:31,26.5,39.8
05/31/2026,19:08:31,26.5,39.7
05/31/2026,19:13:31,26.5,39.5
05/31/2026,19:18:31,26.5,39.5
05/31/2026,19:23:31,26.4,39.3
05/31/2026,19:28:31,26.4,39.4
05/31/2026,19:33:31,26.4,39.4
05/31/2026,19:38:31,26.4,39.3
05/31/2026,19:43:31,26.4,39.3
05/31/2026,19:48:31,26.4,39.3
05/31/2026,19:53:31,26.4,39.2
05/31/2026,19:58:31,26.4,39.3
05/31/2026,20:03:31,26.3,39.2
05/31/2026,20:08:31,26.3,39.2
05/31/2026,20:13:31,26.3,39.1
05/31/2026,20:18:31,26.3,39.1
05/31/2026,20:23:31,26.3,39.1
05/31/2026,20:28:31,26.2,39.1
05/31/2026,20:33:31,26.2,39.2
05/31/2026,20:38:31,26.2,39.2
05/31/2026,20:43:31,26.2,39.2
05/31/2026,20:48:31,26.1,39.3
05/31/2026,20:53:31,26.1,39.3
05/31/2026,20:58:31,26.1,39.3
05/31/2026,21:03:31,26.1,39.4
05/31/2026,21:08:31,26.1,39.4
05/31/2026,21:13:31,26.1,39.5
05/31/2026,21:18:31,26,39.5
05/31/2026,21:23:31,26,39.6
05/31/2026,21:28:31,26,39.6
05/31/2026,21:33:31,26,39.6
05/31/2026,21:38:31,26,39.6
05/31/2026,21:43:31,25.9,39.8
05/31/2026,21:48:31,25.9,39.8
05/31/2026,21:53:31,25.9,39.8
05/31/2026,21:58:31,25.9,39.9
05/31/2026,22:03:31,25.9,39.9
05/31/2026,22:08:31,25.8,40
05/31/2026,22:13:31,25.8,40
05/31/2026,22:18:31,25.8,40.1
05/31/2026,22:23:31,25.8,40.1
05/31/2026,22:28:31,25.8,40.2
05/31/2026,22:33:31,25.8,40.2
05/31/2026,22:38:31,25.7,40.3
05/31/2026,22:43:31,25.7,40.3
05/31/2026,22:48:31,25.7,40.3
05/31/2026,22:53:31,25.7,40.4
05/31/2026,22:58:31,25.7,40.4
05/31/2026,23:03:31,25.7,40.5
05/31/2026,23:08:31,25.6,40.6
05/31/2026,23:13:31,25.6,40.6
05/31/2026,23:18:31,25.6,40.6
05/31/2026,23:23:31,25.6,40.7
05/31/2026,23:28:31,25.5,40.7
05/31/2026,23:33:31,25.5,40.8
05/31/2026,23:38:31,25.5,40.8
05/31/2026,23:43:31,25.5,40.8
05/31/2026,23:48:31,25.5,40.8
05/31/2026,23:53:31,25.4,40.9
05/31/2026,23:58:31,25.4,41
