Date,Time,Temperature(C),Humidity(%RH)
05/01/2026,00:04:36,10.8,50.7
05/01/2026,00:09:36,10.8,50.7
05/01/2026,00:14:36,10.7,50.8
05/01/2026,00:19:36,10.7,51.1
05/01/2026,00:24:36,10.7,50.4
05/01/2026,00:29:36,10.6,51.4
05/01/2026,00:34:36,10.6,50
05/01/2026,00:39:36,10.6,49.8
05/01/2026,00:44:36,10.5,50.2
05/01/2026,00:49:36,10.5,50
05/01/2026,00:54:36,10.4,49.2
05/01/2026,00:59:36,10.4,49.4
05/01/2026,01:04:36,10.4,49.6
05/01/2026,01:09:36,10.4,48.8
05/01/2026,01:14:36,10.4,47.1
05/01/2026,01:19:36,10.4,48.4
05/01/2026,01:24:36,10.4,47.2
05/01/2026,01:29:36,10.4,47.3
05/01/2026,01:34:36,10.3,47.1
05/01/2026,01:39:36,10.3,47.3
05/01/2026,01:44:36,10.4,49.7
05/01/2026,01:49:36,10.5,49.5
05/01/2026,01:54:36,10.6,48.9
05/01/2026,01:59:36,10.7,50.4
05/01/2026,02:04:36,10.8,49.9
05/01/2026,02:09:36,10.8,51.1
05/01/2026,02:14:36,10.7,48.8
05/01/2026,02:19:36,10.8,51.1
05/01/2026,02:24:36,10.8,51.7
05/01/2026,02:29:36,10.9,51.2
05/01/2026,02:34:36,10.8,49.8
05/01/2026,02:39:36,10.8,51.3
05/01/2026,02:44:36,10.7,50.8
05/01/2026,02:49:36,10.7,50.8
05/01/2026,02:54:36,10.6,48.8
05/01/2026,02:59:36,10.5,50.8
05/01/2026,03:04:36,10.5,51.4
05/01/2026,03:09:36,10.4,50.4
05/01/2026,03:14:36,10.3,50.1
05/01/2026,03:19:36,10.2,50.8
05/01/2026,03:24:36,10.1,50.6
05/01/2026,03:29:36,10,52.2
05/01/2026,03:34:36,10,51.4
05/01/2026,03:39:36,9.9,51.5
05/01/2026,03:44:36,9.9,51.5
05/01/2026,03:49:36,9.8,49.6
05/01/2026,03:54:36,9.7,52
05/01/2026,03:59:36,9.6,53.4
05/01/2026,04:04:36,9.6,51.9
05/01/2026,04:09:36,9.5,52.5
05/01/2026,04:14:36,9.4,53.3
05/01/2026,04:19:36,9.4,51.7
05/01/2026,04:24:36,9.3,51.2
05/01/2026,04:29:36,9.3,52.9
05/01/2026,04:34:36,9.2,53.4
05/01/2026,04:39:36,9.1,55.4
05/01/2026,04:44:36,9.1,53.9
05/01/2026,04:49:36,9,54.4
05/01/2026,04:54:36,9,53.9
05/01/2026,04:59:36,9,54.1
05/01/2026,05:04:36,9,52.1
05/01/2026,05:09:36,9,54
05/01/2026,05:14:36,9.1,56.5
05/01/2026,05:19:36,9.2,55.8
05/01/2026,05:24:36,9.2,55.6
05/01/2026,05:29:36,9.3,53.9
05/01/2026,05:34:36,9.4,54.4
05/01/2026,05:39:36,9.4,54
05/01/2026,05:44:36,9.5,54.9
05/01/2026,05:49:36,9.6,54.7
05/01/2026,05:54:36,9.6,53.9
05/01/2026,05:59:36,9.6,54.1
05/01/2026,06:04:36,9.7,52.5
05/01/2026,06:09:36,9.7,52.7
05/01/2026,06:14:36,9.7,53.1
05/01/2026,06:19:36,9.7,54.4
05/01/2026,06:24:36,9.8,53.4
05/01/2026,06:29:36,9.9,53.8
05/01/2026,06:34:36,9.9,53.7
05/01/2026,06:39:36,10.1,53.4
05/01/2026,06:44:36,10.1,53.5
05/01/2026,06:49:36,10.2,52
05/01/2026,06:54:36,10.2,52.3
05/01/2026,06:59:36,10.3,53
05/01/2026,07:04:36,10.4,55
05/01/2026,07:09:36,10.6,54.2
05/01/2026,07:14:36,10.8,53.9
05/01/2026,07:19:36,10.9,54.3
05/01/2026,07:24:36,11,53.4
05/01/2026,07:29:36,11.1,53.6
05/01/2026,07:34:36,11.2,54.3
05/01/2026,07:39:36,11.4,55
05/01/2026,07:44:36,11.8,54.1
05/01/2026,07:49:36,11.9,53.4
05/01/2026,07:54:36,12,54.3
05/01/2026,07:59:36,12.2,53.7
05/01/2026,08:04:36,12.3,53.5
05/01/2026,08:09:36,12.4,53.6
05/01/2026,08:14:36,12.5,52.9
05/01/2026,08:19:36,12.5,53.7
05/01/2026,08:24:36,12.7,52.4
05/01/2026,08:29:36,12.8,52.6
05/01/2026,08:34:36,12.9,53.5
05/01/2026,08:39:36,13.1,53.4
05/01/2026,08:44:36,13.2,53.7
05/01/2026,08:49:36,13.5,53.7
05/01/2026,08:54:36,13.7,53.2
05/01/2026,08:59:36,13.8,52.7
05/01/2026,09:04:36,14,52.7
05/01/2026,09:09:36,14.3,52.8
05/01/2026,09:14:36,14.6,52.2
05/01/2026,09:19:36,14.9,52.1
05/01/2026,09:24:36,15.2,51.9
05/01/2026,09:29:36,15.4,51.5
05/01/2026,09:34:36,15.7,50.9
05/01/2026,09:39:36,16,50.5
05/01/2026,09:44:36,16.3,49.8
05/01/2026,09:49:36,16.6,49.3
05/01/2026,09:54:36,16.9,49.1
05/01/2026,09:59:36,17.3,48.1
05/01/2026,10:04:36,17.5,48
05/01/2026,10:09:36,17.8,47.8
05/01/2026,10:14:36,18,46.8
05/01/2026,10:19:36,18.3,46.2
05/01/2026,10:24:36,18.6,46
05/01/2026,10:29:36,18.8,44.9
05/01/2026,10:34:36,19.1,45.2
05/01/2026,10:39:36,19.4,44.6
05/01/2026,10:44:36,19.7,45.4
05/01/2026,10:49:36,19.9,44.4
05/01/2026,10:54:36,20.2,44.6
05/01/2026,10:59:36,20.5,43.7
05/01/2026,11:04:36,20.7,43.4
05/01/2026,11:09:36,21,42.5
05/01/2026,11:14:36,21.1,41.6
05/01/2026,11:19:36,21.3,41.5
05/01/2026,11:24:36,21.5,41.5
05/01/2026,11:29:36,21.7,41.3
05/01/2026,11:34:36,22.1,40.6
05/01/2026,11:39:36,22.2,37.7
05/01/2026,11:44:36,22.2,36.9
05/01/2026,11:49:36,22.3,38.2
05/01/2026,11:54:36,22.6,38.2
05/01/2026,11:59:36,22.6,36.2
05/01/2026,12:04:36,22.8,37.3
05/01/2026,12:09:36,23.1,36.5
05/01/2026,12:14:36,23.3,35.8
05/01/2026,12:19:36,23.5,36.2
05/01/2026,12:24:36,23.7,35.7
05/01/2026,12:29:36,23.9,35.3
05/01/2026,12:34:36,23.9,34.3
05/01/2026,12:39:36,24,34.6
05/01/2026,12:44:36,24.2,34.9
05/01/2026,12:49:36,24.4,34.9
05/01/2026,12:54:36,24.7,34.5
05/01/2026,12:59:36,24.8,34.1
05/01/2026,13:04:36,25,34
05/01/2026,13:09:36,25.1,33.6
05/01/2026,13:14:36,25.2,33.8
05/01/2026,13:19:36,25.5,33.7
05/01/2026,13:24:36,25.6,33.8
05/01/2026,13:29:36,25.6,32.9
05/01/2026,13:34:36,25.6,33.9
05/01/2026,13:39:36,25.9,33.1
05/01/2026,13:44:36,26,33.2
05/01/2026,13:49:36,26.1,32.9
05/01/2026,13:54:36,26.2,32.4
05/01/2026,13:59:36,26.4,32.3
05/01/2026,14:04:36,26.4,32.2
05/01/2026,14:09:36,26.6,31.9
05/01/2026,14:14:36,26.7,32.3
05/01/2026,14:19:36,26.8,33
05/01/2026,14:24:36,26.8,32.9
05/01/2026,14:29:36,26.9,33
05/01/2026,14:34:36,27.1,33.2
05/01/2026,14:39:36,27.1,33.3
05/01/2026,14:44:36,27.1,34.7
05/01/2026,14:49:36,25.6,34.1
05/01/2026,14:57:59,23.4,40.1
05/01/2026,15:02:59,23.5,35.8
05/01/2026,15:07:59,24.1,39.8
05/01/2026,15:12:59,25.7,35.7
05/01/2026,15:17:59,26.4,34.2
05/01/2026,15:22:59,26.8,34.6
05/01/2026,15:27:59,27.1,33.2
05/01/2026,15:32:59,27.2,33
05/01/2026,15:37:59,27.3,32.7
05/01/2026,15:42:59,27.3,32.9
05/01/2026,15:47:59,27,33.1
05/01/2026,15:52:59,26.4,32.9
05/01/2026,15:57:59,25.9,33.6
05/01/2026,16:02:59,25.8,34
05/01/2026,16:07:59,25.6,34.2
05/01/2026,16:12:59,25.8,34.5
05/01/2026,16:17:59,25.6,34.6
05/01/2026,16:22:59,25.5,35.1
05/01/2026,16:27:59,25.3,35.3
05/01/2026,16:32:59,25.4,35.8
05/01/2026,16:37:59,25.6,35.8
05/01/2026,16:42:59,25.7,35.7
05/01/2026,16:47:59,25.6,36
05/01/2026,16:52:59,25.5,35.6
05/01/2026,16:57:59,25.3,36.3
05/01/2026,17:02:59,25.3,36.1
05/01/2026,17:07:59,25.2,36.1
05/01/2026,17:12:59,25,36.7
05/01/2026,17:17:59,24.8,36.9
05/01/2026,17:22:59,24.6,37.1
05/01/2026,17:27:59,24.5,37.4
05/01/2026,17:32:59,24.3,37.5
05/01/2026,17:37:59,24.2,38
05/01/2026,17:42:59,24,37.9
05/01/2026,17:47:59,23.9,38.3
05/01/2026,17:52:59,23.8,38.7
05/01/2026,17:57:59,23.7,38.7
05/01/2026,18:02:59,23.6,39.1
05/01/2026,18:07:59,23.4,39.2
05/01/2026,18:12:59,23.3,39.6
05/01/2026,18:17:59,23.2,39.8
05/01/2026,18:22:59,23.1,40.2
05/01/2026,18:27:59,23.1,40.5
05/01/2026,18:32:59,23,40.7
05/01/2026,18:37:59,22.9,41.3
05/01/2026,18:42:59,22.9,41.7
05/01/2026,18:47:59,22.9,41.9
05/01/2026,18:52:59,22.9,42.2
05/01/2026,18:57:59,22.9,42.4
05/01/2026,19:02:59,23,42.5
05/01/2026,19:07:59,22.9,43.1
05/01/2026,19:12:59,22.7,43.4
05/01/2026,19:17:59,22.5,43.9
05/01/2026,19:22:59,22.4,44.4
05/01/2026,19:27:59,22.2,44.8
05/01/2026,19:32:59,22,45.1
05/01/2026,19:37:59,21.9,45.7
05/01/2026,19:42:59,21.7,46.3
05/01/2026,19:47:59,21.7,46.7
05/01/2026,19:52:59,21.6,47.1
05/01/2026,19:57:59,21.5,47.5
05/01/2026,20:02:59,21.5,48
05/01/2026,20:07:59,21.3,48.4
05/01/2026,20:12:59,21.3,48.9
05/01/2026,20:17:59,21.2,49.4
05/01/2026,20:22:59,21.2,49.9
05/01/2026,20:27:59,21.2,50.5
05/01/2026,20:32:59,21.1,51.2
05/01/2026,20:37:59,21,52.1
05/01/2026,20:42:59,21,52.8
05/01/2026,20:47:59,20.9,53.5
05/01/2026,20:52:59,20.9,54.1
05/01/2026,20:57:59,20.9,54.5
05/01/2026,21:02:59,20.8,55
05/01/2026,21:07:59,20.7,55.5
05/01/2026,21:12:59,20.7,55.8
05/01/2026,21:17:59,20.6,56.2
05/01/2026,21:22:59,20.6,56.6
05/01/2026,21:27:59,20.5,57
05/01/2026,21:32:59,20.4,57.1
05/01/2026,21:37:59,20.4,57.9
05/01/2026,21:42:59,20.3,58.3
05/01/2026,21:47:59,20.2,58.5
05/01/2026,21:52:59,20.1,59
05/01/2026,21:57:59,20,59.2
05/01/2026,22:02:59,20,59.5
05/01/2026,22:07:59,19.9,59.9
05/01/2026,22:12:59,19.8,60.2
05/01/2026,22:17:59,19.7,60.6
05/01/2026,22:22:59,19.6,60.9
05/01/2026,22:27:59,19.6,61.3
05/01/2026,22:32:59,19.5,61.5
05/01/2026,22:37:59,19.4,61.6
05/01/2026,22:42:59,19.3,61.8
05/01/2026,22:47:59,19.2,62
05/01/2026,22:52:59,19.2,61.9
05/01/2026,22:57:59,19.1,61.6
05/01/2026,23:02:59,19.1,61.3
05/01/2026,23:07:59,18.9,61.3
05/01/2026,23:12:59,18.9,61.2
05/01/2026,23:17:59,18.9,61.2
05/01/2026,23:22:59,18.8,61.2
05/01/2026,23:27:59,18.7,61.2
05/01/2026,23:32:59,18.6,61.3
05/01/2026,23:37:59,18.4,61.4
05/01/2026,23:42:59,18.3,61.6
05/01/2026,23:47:59,18.2,61.9
05/01/2026,23:52:59,18.1,61.9
05/01/2026,23:57:59,18.1,62.4
05/02/2026,00:02:59,18,62.9
05/02/2026,00:07:59,17.9,63.4
05/02/2026,00:12:59,17.8,63.8
05/02/2026,00:17:59,17.8,64.3
05/02/2026,00:22:59,17.7,64.7
05/02/2026,00:27:59,17.5,65.1
05/02/2026,00:32:59,17.5,65.4
05/02/2026,00:37:59,17.4,65.3
05/02/2026,00:42:59,17.4,65.4
05/02/2026,00:47:59,17.3,65.7
05/02/2026,00:52:59,17.3,66
05/02/2026,00:57:59,17.2,66.2
05/02/2026,01:02:59,17.1,66.4
05/02/2026,01:07:59,17,66.6
05/02/2026,01:12:59,16.9,66.9
05/02/2026,01:17:59,16.8,67
05/02/2026,01:22:59,16.7,67.3
05/02/2026,01:27:59,16.6,67.6
05/02/2026,01:32:59,16.6,67.9
05/02/2026,01:37:59,16.5,68.1
05/02/2026,01:42:59,16.4,68.2
05/02/2026,01:47:59,16.4,68.3
05/02/2026,01:52:59,16.3,68.4
05/02/2026,01:57:59,16.2,68.6
05/02/2026,02:02:59,16.2,68.8
05/02/2026,02:07:59,16.1,69
05/02/2026,02:12:59,16,69.3
05/02/2026,02:17:59,15.8,69.6
05/02/2026,02:22:59,15.8,69.8
05/02/2026,02:27:59,15.6,70
05/02/2026,02:32:59,15.6,70.3
05/02/2026,02:37:59,15.4,70.6
05/02/2026,02:42:59,15.3,70.9
05/02/2026,02:47:59,15.2,71.2
05/02/2026,02:52:59,15.1,71.4
05/02/2026,02:57:59,15.1,71.5
05/02/2026,03:02:59,15,71.6
05/02/2026,03:07:59,15,71.8
05/02/2026,03:12:59,14.8,71.7
05/02/2026,03:17:59,14.8,71.7
05/02/2026,03:22:59,14.6,71.9
05/02/2026,03:27:59,14.5,71.9
05/02/2026,03:32:59,14.4,72.1
05/02/2026,03:37:59,14.3,72.4
05/02/2026,03:42:59,14.2,72.7
05/02/2026,03:47:59,14.1,72.7
05/02/2026,03:52:59,14,72.8
05/02/2026,03:57:59,13.9,72.9
05/02/2026,04:02:59,13.9,72.9
05/02/2026,04:07:59,13.8,73.2
05/02/2026,04:12:59,13.7,73.4
05/02/2026,04:17:59,13.6,74
05/02/2026,04:22:59,13.6,73.9
05/02/2026,04:27:59,13.5,74.1
05/02/2026,04:32:59,13.5,74
05/02/2026,04:37:59,13.4,73.9
05/02/2026,04:42:59,13.3,73.9
05/02/2026,04:47:59,13.2,73.7
05/02/2026,04:52:59,13.1,74
05/02/2026,04:57:59,13,74.1
05/02/2026,05:02:59,13,74.3
05/02/2026,05:07:59,12.9,74.2
05/02/2026,05:12:59,12.8,74.5
05/02/2026,05:17:59,12.8,75.3
05/02/2026,05:22:59,12.7,75.8
05/02/2026,05:27:59,12.6,76.6
05/02/2026,05:32:59,12.6,77
05/02/2026,05:37:59,12.6,77.3
05/02/2026,05:42:59,12.7,77.5
05/02/2026,05:47:59,12.7,77.6
05/02/2026,05:52:59,12.7,77.6
05/02/2026,05:57:59,12.7,77.6
05/02/2026,06:02:59,12.7,77.8
05/02/2026,06:07:59,12.7,78.2
05/02/2026,06:12:59,12.8,78.2
05/02/2026,06:17:59,12.8,78
05/02/2026,06:22:59,12.8,78.1
05/02/2026,06:27:59,12.8,78.1
05/02/2026,06:32:59,12.8,77.9
05/02/2026,06:37:59,12.8,77.9
05/02/2026,06:42:59,12.8,77.7
05/02/2026,06:47:59,12.8,77.2
05/02/2026,06:52:59,12.7,77.3
05/02/2026,06:57:59,12.8,77.4
05/02/2026,07:02:59,12.9,77.4
05/02/2026,07:07:59,12.8,77.2
05/02/2026,07:12:59,12.9,76.8
05/02/2026,07:17:59,12.9,76.7
05/02/2026,07:22:59,12.8,76.7
05/02/2026,07:27:59,12.9,76.5
05/02/2026,07:32:59,12.9,76.5
05/02/2026,07:37:59,12.9,76.4
05/02/2026,07:42:59,12.9,76.4
05/02/2026,07:47:59,12.9,76.4
05/02/2026,07:52:59,13,76.4
05/02/2026,07:57:59,13.1,76.3
05/02/2026,08:02:59,13.2,76.1
05/02/2026,08:07:59,13.4,75.6
05/02/2026,08:12:59,13.5,75.6
05/02/2026,08:17:59,13.6,75.3
05/02/2026,08:22:59,13.7,75.2
05/02/2026,08:27:59,13.9,74.3
05/02/2026,08:32:59,14,74.6
05/02/2026,08:37:59,14.1,74.1
05/02/2026,08:42:59,14.3,73.6
05/02/2026,08:47:59,14.4,73.4
05/02/2026,08:52:59,14.6,72.9
05/02/2026,08:57:59,14.7,72.6
05/02/2026,09:02:59,14.8,72.5
05/02/2026,09:07:59,14.9,71.8
05/02/2026,09:12:59,15.1,71.5
05/02/2026,09:17:59,15.2,71.1
05/02/2026,09:22:59,15.5,70.4
05/02/2026,09:27:59,15.6,70.1
05/02/2026,09:32:59,15.7,70.2
05/02/2026,09:37:59,15.9,69.7
05/02/2026,09:42:59,16.1,69.7
05/02/2026,09:47:59,16.4,68.8
05/02/2026,09:52:59,16.5,67.8
05/02/2026,09:57:59,16.7,67
05/02/2026,10:02:59,16.9,66.6
05/02/2026,10:07:59,17,65.3
05/02/2026,10:12:59,17.1,64.9
05/02/2026,10:17:59,17.3,64.8
05/02/2026,10:22:59,17.6,64.8
05/02/2026,10:27:59,17.9,63.6
05/02/2026,10:32:59,18,62.9
05/02/2026,10:37:59,18.3,62.5
05/02/2026,10:42:59,18.4,61.2
05/02/2026,10:47:59,18.5,61.2
05/02/2026,10:52:59,18.5,60.5
05/02/2026,10:57:59,18.6,59.9
05/02/2026,11:02:59,18.9,60
05/02/2026,11:07:59,19.1,58.7
05/02/2026,11:12:59,19,59
05/02/2026,11:17:59,19.1,58.2
05/02/2026,11:22:59,19.3,57
05/02/2026,11:27:59,19.5,57.5
05/02/2026,11:32:59,19.7,56.5
05/02/2026,11:37:59,20,55.2
05/02/2026,11:42:59,20.1,53.8
05/02/2026,11:47:59,20.1,53.3
05/02/2026,11:52:59,20,54.5
05/02/2026,11:57:59,20,54.2
05/02/2026,12:02:59,20.2,52.9
05/02/2026,12:07:59,20.3,52.7
05/02/2026,12:12:59,20.5,52.4
05/02/2026,12:17:59,20.5,51.4
05/02/2026,12:22:59,20.5,50.1
05/02/2026,12:27:59,20.5,50.2
05/02/2026,12:32:59,20.5,49.9
05/02/2026,12:37:59,20.7,50.1
05/02/2026,12:42:59,21,49.7
05/02/2026,12:47:59,21.1,48.6
05/02/2026,12:52:59,21,49.7
05/02/2026,12:57:59,21.2,49.5
05/02/2026,13:02:59,21.4,49.3
05/02/2026,13:07:59,21.5,49.9
05/02/2026,13:12:59,21.7,49.6
05/02/2026,13:17:59,21.9,48.7
05/02/2026,13:22:59,22.1,47.8
05/02/2026,13:27:59,22.1,48.4
05/02/2026,13:32:59,22.3,47.6
05/02/2026,13:37:59,22.4,46.6
05/02/2026,13:42:59,22.5,46.9
05/02/2026,13:47:59,22.9,46.4
05/02/2026,13:52:59,23.1,45.6
05/02/2026,13:57:59,23.2,45.6
05/02/2026,14:02:59,23.1,44.7
05/02/2026,14:07:59,23.1,45.1
05/02/2026,14:12:59,23.4,44.6
05/02/2026,14:17:59,23.9,45.3
05/02/2026,14:22:59,24.1,44.7
05/02/2026,14:27:59,24.3,44.8
05/02/2026,14:32:59,24.5,43.7
05/02/2026,14:37:59,24.7,43.7
05/02/2026,14:42:59,25,42.8
05/02/2026,14:47:59,25.2,42.2
05/02/2026,14:52:59,25.4,42.9
05/02/2026,14:57:59,25.5,42.3
05/02/2026,15:02:59,25.6,40.7
05/02/2026,15:07:59,25.4,41.3
05/02/2026,15:12:59,25.1,41.5
05/02/2026,15:17:59,24.9,40.9
05/02/2026,15:22:59,24.5,41.2
05/02/2026,15:27:59,24.3,40.8
05/02/2026,15:32:59,24.6,41.5
05/02/2026,15:37:59,24.8,40.6
05/02/2026,15:42:59,25.1,40.2
05/02/2026,15:47:59,25,40.7
05/02/2026,15:52:59,25,39.4
05/02/2026,15:57:59,24.6,39.7
05/02/2026,16:02:59,24.5,39.8
05/02/2026,16:07:59,24.7,40.1
05/02/2026,16:12:59,24.9,39.4
05/02/2026,16:17:59,25.1,39.5
05/02/2026,16:22:59,25.2,39
05/02/2026,16:27:59,25.3,39.1
05/02/2026,16:32:59,25.2,38.6
05/02/2026,16:37:59,25.1,39.1
05/02/2026,16:42:59,25,39.2
05/02/2026,16:47:59,24.7,39.4
05/02/2026,16:52:59,24.5,39.6
05/02/2026,16:57:59,24.2,40.8
05/02/2026,17:02:59,24.2,41.2
05/02/2026,17:07:59,24.1,40.4
05/02/2026,17:12:59,24,41.3
05/02/2026,17:17:59,24,41
05/02/2026,17:22:59,24,40.3
05/02/2026,17:27:59,23.8,40.3
05/02/2026,17:32:59,23.7,40.7
05/02/2026,17:37:59,23.6,40.9
05/02/2026,17:42:59,23.5,41
05/02/2026,17:47:59,23.4,41.6
05/02/2026,17:52:59,23.3,42.2
05/02/2026,17:57:59,23.2,42.7
05/02/2026,18:02:59,23.1,42.9
05/02/2026,18:07:59,23,43.2
05/02/2026,18:12:59,22.8,43.8
05/02/2026,18:17:59,22.7,45.3
05/02/2026,18:22:59,22.6,46.2
05/02/2026,18:27:59,22.3,46.7
05/02/2026,18:32:59,22.2,47.4
05/02/2026,18:37:59,22,47.5
05/02/2026,18:42:59,21.7,47.5
05/02/2026,18:47:59,21.6,48.1
05/02/2026,18:52:59,21.4,48.4
05/02/2026,18:57:59,21.2,48.9
05/02/2026,19:02:59,21.1,49.2
05/02/2026,19:07:59,21,49.4
05/02/2026,19:12:59,20.8,50.1
05/02/2026,19:17:59,20.6,51.2
05/02/2026,19:22:59,20.4,52.7
05/02/2026,19:27:59,20.1,54.4
05/02/2026,19:32:59,19.7,55.6
05/02/2026,19:37:59,19.4,57.2
05/02/2026,19:42:59,19.1,58.1
05/02/2026,19:47:59,18.8,60.6
05/02/2026,19:52:59,18.2,63.1
05/02/2026,19:57:59,17.9,65
05/02/2026,20:02:59,17.7,66
05/02/2026,20:07:59,17.6,66.8
05/02/2026,20:12:59,17.5,67.6
05/02/2026,20:17:59,17.5,68.7
05/02/2026,20:22:59,17.5,69.1
05/02/2026,20:27:59,17.4,68.9
05/02/2026,20:32:59,17.4,69.1
05/02/2026,20:37:59,17.4,69.8
05/02/2026,20:42:59,17.3,70.2
05/02/2026,20:47:59,17.3,70.7
05/02/2026,20:52:59,17.3,70.8
05/02/2026,20:57:59,17.2,71.2
05/02/2026,21:02:59,17.1,71.3
05/02/2026,21:07:59,17.1,71.7
05/02/2026,21:12:59,17.1,70.8
05/02/2026,21:17:59,17,70.3
05/02/2026,21:22:59,16.8,69.4
05/02/2026,21:27:59,16.7,69.4
05/02/2026,21:32:59,16.6,69.2
05/02/2026,21:37:59,16.5,69.4
05/02/2026,21:42:59,16.4,69.7
05/02/2026,21:47:59,16.3,69.9
05/02/2026,21:52:59,16.3,70.3
05/02/2026,21:57:59,16.2,70.5
05/02/2026,22:02:59,16.2,70.5
05/02/2026,22:07:59,16.1,70.5
05/02/2026,22:12:59,16,70.7
05/02/2026,22:17:59,15.9,71.1
05/02/2026,22:22:59,15.9,71.1
05/02/2026,22:27:59,15.9,71.7
05/02/2026,22:32:59,15.9,71.6
05/02/2026,22:37:59,15.8,71.8
05/02/2026,22:42:59,15.7,72.1
05/02/2026,22:47:59,15.7,72.4
05/02/2026,22:52:59,15.6,72.6
05/02/2026,22:57:59,15.6,72.8
05/02/2026,23:02:59,15.5,72.6
05/02/2026,23:07:59,15.5,72.5
05/02/2026,23:12:59,15.4,72.2
05/02/2026,23:17:59,15.3,72.2
05/02/2026,23:22:59,15.2,72
05/02/2026,23:27:59,15.1,71.7
05/02/2026,23:32:59,15,71.8
05/02/2026,23:37:59,14.9,72.1
05/02/2026,23:42:59,14.9,71.9
05/02/2026,23:47:59,14.8,72.1
05/02/2026,23:52:59,14.8,72.2
05/02/2026,23:57:59,14.7,72.5
05/03/2026,00:02:59,14.6,72.3
05/03/2026,00:07:59,14.5,72.4
05/03/2026,00:12:59,14.4,72.4
05/03/2026,00:17:59,14.3,72.7
05/03/2026,00:22:59,14.3,73
05/03/2026,00:27:59,14.2,72.9
05/03/2026,00:32:59,14.2,73.1
05/03/2026,00:37:59,14.2,73.3
05/03/2026,00:42:59,14.1,73.6
05/03/2026,00:47:59,14.2,73.6
05/03/2026,00:52:59,14.2,73.6
05/03/2026,00:57:59,14.2,73.7
05/03/2026,01:02:59,14.2,73.8
05/03/2026,01:07:59,14.2,73.8
05/03/2026,01:12:59,14.2,73.8
05/03/2026,01:17:59,14.2,73.8
05/03/2026,01:22:59,14.2,74
05/03/2026,01:27:59,14.2,74
05/03/2026,01:32:59,14.1,74
05/03/2026,01:37:59,14.1,74
05/03/2026,01:42:59,14.1,73.9
05/03/2026,01:47:59,14,73.9
05/03/2026,01:52:59,14,73.9
05/03/2026,01:57:59,13.9,74
05/03/2026,02:02:59,13.8,74.1
05/03/2026,02:07:59,13.8,74.2
05/03/2026,02:12:59,13.7,74.3
05/03/2026,02:17:59,13.7,74.4
05/03/2026,02:22:59,13.6,74.5
05/03/2026,02:27:59,13.6,74.7
05/03/2026,02:32:59,13.5,74.8
05/03/2026,02:37:59,13.5,75
05/03/2026,02:42:59,13.5,75.1
05/03/2026,02:47:59,13.4,75.2
05/03/2026,02:52:59,13.4,75.3
05/03/2026,02:57:59,13.3,75.5
05/03/2026,03:02:59,13.3,75.5
05/03/2026,03:07:59,13.3,75.6
05/03/2026,03:12:59,13.3,75.8
05/03/2026,03:17:59,13.2,75.9
05/03/2026,03:22:59,13.3,76.2
05/03/2026,03:27:59,13.2,76.4
05/03/2026,03:32:59,13.2,76.3
05/03/2026,03:37:59,13.2,76.6
05/03/2026,03:42:59,13.2,76.6
05/03/2026,03:47:59,13.2,76.8
05/03/2026,03:52:59,13.2,76.8
05/03/2026,03:57:59,13.1,77
05/03/2026,04:02:59,13.1,77.2
05/03/2026,04:07:59,13,77.6
05/03/2026,04:12:59,13,77.9
05/03/2026,04:17:59,13,78.2
05/03/2026,04:22:59,13,78.2
05/03/2026,04:27:59,13,78.4
05/03/2026,04:32:59,13,78.4
05/03/2026,04:37:59,13,78.5
05/03/2026,04:42:59,13,78.7
05/03/2026,04:47:59,12.9,78.9
05/03/2026,04:52:59,12.9,79.1
05/03/2026,04:57:59,12.9,79.2
05/03/2026,05:02:59,12.9,79.4
05/03/2026,05:07:59,12.8,79.6
05/03/2026,05:12:59,12.8,79.7
05/03/2026,05:17:59,12.8,79.7
05/03/2026,05:22:59,12.8,79.8
05/03/2026,05:27:59,12.8,79.9
05/03/2026,05:32:59,12.7,79.9
05/03/2026,05:37:59,12.7,80.3
05/03/2026,05:42:59,12.7,80.7
05/03/2026,05:47:59,12.7,80.8
05/03/2026,05:52:59,12.7,80.7
05/03/2026,05:57:59,12.7,81.1
05/03/2026,06:02:59,12.7,81.3
05/03/2026,06:07:59,12.8,81.3
05/03/2026,06:12:59,12.7,81.4
05/03/2026,06:17:59,12.8,81.4
05/03/2026,06:22:59,12.8,81.7
05/03/2026,06:27:59,12.8,81.8
05/03/2026,06:32:59,12.9,81.6
05/03/2026,06:37:59,12.9,81.6
05/03/2026,06:42:59,13,81.3
05/03/2026,06:47:59,13,81.2
05/03/2026,06:52:59,13.1,81.1
05/03/2026,06:57:59,13.1,80.9
05/03/2026,07:02:59,13.1,80.9
05/03/2026,07:07:59,13.1,80.9
05/03/2026,07:12:59,13.2,80.9
05/03/2026,07:17:59,13.2,80.9
05/03/2026,07:22:59,13.2,80.7
05/03/2026,07:27:59,13.3,80.8
05/03/2026,07:32:59,13.3,80.8
05/03/2026,07:37:59,13.4,80.7
05/03/2026,07:42:59,13.4,80.7
05/03/2026,07:47:59,13.5,80.7
05/03/2026,07:52:59,13.5,80.6
05/03/2026,07:57:59,13.6,80.5
05/03/2026,08:02:59,13.6,80.5
05/03/2026,08:07:59,13.7,80.3
05/03/2026,08:12:59,13.7,80.3
05/03/2026,08:17:59,13.8,80.1
05/03/2026,08:22:59,13.9,80.1
05/03/2026,08:27:59,14,79.9
05/03/2026,08:32:59,14.1,79.5
05/03/2026,08:37:59,14.1,79.1
05/03/2026,08:42:59,14.2,79.2
05/03/2026,08:47:59,14.2,78.9
05/03/2026,08:52:59,14.3,78.6
05/03/2026,08:57:59,14.4,78.3
05/03/2026,09:02:59,14.5,77.8
05/03/2026,09:07:59,14.5,77.7
05/03/2026,09:12:59,14.5,77.4
05/03/2026,09:17:59,14.6,76.4
05/03/2026,09:22:59,14.8,75
05/03/2026,09:27:59,14.9,73.2
05/03/2026,09:32:59,15.2,72.8
05/03/2026,09:37:59,15.4,71.9
05/03/2026,09:42:59,15.4,71
05/03/2026,09:47:59,15.5,70.5
05/03/2026,09:52:59,15.4,70.1
05/03/2026,09:57:59,15.3,70.1
05/03/2026,10:02:59,15.2,70.5
05/03/2026,10:07:59,15.6,71
05/03/2026,10:12:59,15.9,69.7
05/03/2026,10:17:59,15.9,69.1
05/03/2026,10:22:59,15.9,69.2
05/03/2026,10:27:59,16,68.9
05/03/2026,10:32:59,16.1,69.4
05/03/2026,10:37:59,16.3,68.9
05/03/2026,10:42:59,16.5,68.1
05/03/2026,10:47:59,16.6,68.4
05/03/2026,10:52:59,16.6,67.9
05/03/2026,10:57:59,16.6,68
05/03/2026,11:02:59,16.6,68
05/03/2026,11:07:59,16.6,68.1
05/03/2026,11:12:59,16.5,68
05/03/2026,11:17:59,16.5,68.2
05/03/2026,11:22:59,16.4,68.5
05/03/2026,11:27:59,16.4,68.4
05/03/2026,11:32:59,16.6,68.5
05/03/2026,11:37:59,16.7,67.3
05/03/2026,11:42:59,16.8,66.7
05/03/2026,11:47:59,16.9,66.1
05/03/2026,11:52:59,17,65.2
05/03/2026,11:57:59,17,64.4
05/03/2026,12:02:59,17,64.5
05/03/2026,12:07:59,17.1,64.5
05/03/2026,12:12:59,17.1,64.2
05/03/2026,12:17:59,17.1,64.8
05/03/2026,12:22:59,17.2,64.4
05/03/2026,12:27:59,17.2,64.1
05/03/2026,12:32:59,17.1,63.7
05/03/2026,12:37:59,17.1,63.8
05/03/2026,12:42:59,17.3,64.1
05/03/2026,12:47:59,17.2,63.6
05/03/2026,12:52:59,17,63.5
05/03/2026,12:57:59,17,64.3
05/03/2026,13:02:59,17,64.8
05/03/2026,13:07:59,17.1,64.7
05/03/2026,13:12:59,17.1,64.1
05/03/2026,13:17:59,17.3,63.4
05/03/2026,13:22:59,17.3,63.2
05/03/2026,13:27:59,17.5,63.1
05/03/2026,13:32:59,17.7,63
05/03/2026,13:37:59,17.9,62.1
05/03/2026,13:42:59,18,62
05/03/2026,13:47:59,18.1,61.4
05/03/2026,13:52:59,18.2,61.4
05/03/2026,13:57:59,18.3,61.2
05/03/2026,14:02:59,18.8,61.1
05/03/2026,14:07:59,19.3,59.2
05/03/2026,14:12:59,19.5,58.2
05/03/2026,14:17:59,19.4,57.2
05/03/2026,14:22:59,19.3,57.2
05/03/2026,14:27:59,19.3,57.6
05/03/2026,14:32:59,19.3,57.5
05/03/2026,14:37:59,19.3,57.2
05/03/2026,14:42:59,18.9,57.8
05/03/2026,14:47:59,18.7,58
05/03/2026,14:52:59,18.8,57.8
05/03/2026,14:57:59,19,57.8
05/03/2026,15:02:59,19.4,56.8
05/03/2026,15:07:59,19.7,55.4
05/03/2026,15:12:59,19.3,56
05/03/2026,15:17:59,19.1,55.9
05/03/2026,15:22:59,18.9,55.5
05/03/2026,15:27:59,18.8,56
05/03/2026,15:32:59,18.8,56.4
05/03/2026,15:37:59,18.9,56.5
05/03/2026,15:42:59,19,56
05/03/2026,15:47:59,18.9,55.5
05/03/2026,15:52:59,19,56.2
05/03/2026,15:57:59,19.1,55.3
05/03/2026,16:02:59,19.1,55.9
05/03/2026,16:07:59,19.1,56
05/03/2026,16:12:59,18.8,56.6
05/03/2026,16:17:59,18.6,57
05/03/2026,16:22:59,18.6,56.8
05/03/2026,16:27:59,18.7,56.6
05/03/2026,16:32:59,18.7,56.6
05/03/2026,16:37:59,18.7,57.1
05/03/2026,16:42:59,18.7,56.4
05/03/2026,16:47:59,18.6,56.6
05/03/2026,16:52:59,18.7,56.9
05/03/2026,16:57:59,18.8,56.9
05/03/2026,17:02:59,19,57
05/03/2026,17:07:59,19.3,55.7
05/03/2026,17:12:59,19.4,56
05/03/2026,17:17:59,19.3,55.5
05/03/2026,17:22:59,19,56.1
05/03/2026,17:27:59,18.8,56.6
05/03/2026,17:32:59,18.7,56.9
05/03/2026,17:37:59,18.6,56.7
05/03/2026,17:42:59,18.6,56.9
05/03/2026,17:47:59,18.6,57.1
05/03/2026,17:52:59,18.6,56.7
05/03/2026,17:57:59,18.5,56.8
05/03/2026,18:02:59,18.4,56.6
05/03/2026,18:07:59,18.4,56.8
05/03/2026,18:12:59,18.4,56.7
05/03/2026,18:17:59,18.3,56.4
05/03/2026,18:22:59,18.3,56.3
05/03/2026,18:27:59,18.3,56.6
05/03/2026,18:32:59,18.3,56.7
05/03/2026,18:37:59,18.3,56.8
05/03/2026,18:42:59,18.3,56.6
05/03/2026,18:47:59,18.3,57
05/03/2026,18:52:59,18.3,56.9
05/03/2026,18:57:59,18.3,57.2
05/03/2026,19:02:59,18.3,57
05/03/2026,19:07:59,18.3,57.3
05/03/2026,19:12:59,18.2,57.5
05/03/2026,19:17:59,18.1,57.7
05/03/2026,19:22:59,18,57.7
05/03/2026,19:27:59,17.9,58.1
05/03/2026,19:32:59,17.8,58.4
05/03/2026,19:37:59,17.6,59.1
05/03/2026,19:42:59,17.6,59.3
05/03/2026,19:47:59,17.5,59.3
05/03/2026,19:52:59,17.4,59.5
05/03/2026,19:57:59,17.3,59.7
05/03/2026,20:02:59,17.2,60.4
05/03/2026,20:07:59,17.1,61.6
05/03/2026,20:12:59,17,62
05/03/2026,20:17:59,16.8,62.4
05/03/2026,20:22:59,16.7,62.7
05/03/2026,20:27:59,16.5,63.1
05/03/2026,20:32:59,16.3,63.7
05/03/2026,20:37:59,16.2,64.2
05/03/2026,20:42:59,16,64.7
05/03/2026,20:47:59,15.8,65.2
05/03/2026,20:52:59,15.7,65.5
05/03/2026,20:57:59,15.5,65.9
05/03/2026,21:02:59,15.4,66.4
05/03/2026,21:07:59,15.2,66.6
05/03/2026,21:12:59,15.1,67.1
05/03/2026,21:17:59,15,67.5
05/03/2026,21:22:59,14.8,67.9
05/03/2026,21:27:59,14.7,68.3
05/03/2026,21:32:59,14.6,68.6
05/03/2026,21:37:59,14.5,69
05/03/2026,21:42:59,14.4,69.2
05/03/2026,21:47:59,14.3,69.7
05/03/2026,21:52:59,14.2,70.6
05/03/2026,21:57:59,14.2,71.4
05/03/2026,22:02:59,14.1,71.9
05/03/2026,22:07:59,14.1,72.3
05/03/2026,22:12:59,14.1,72.9
05/03/2026,22:17:59,14,73.6
05/03/2026,22:22:59,13.9,74.1
05/03/2026,22:27:59,13.9,74.7
05/03/2026,22:32:59,13.8,75.1
05/03/2026,22:37:59,13.8,75.5
05/03/2026,22:42:59,13.7,76
05/03/2026,22:47:59,13.7,76.3
05/03/2026,22:52:59,13.6,76.6
05/03/2026,22:57:59,13.5,77
05/03/2026,23:02:59,13.5,77.4
05/03/2026,23:07:59,13.4,77.6
05/03/2026,23:12:59,13.4,77.9
05/03/2026,23:17:59,13.3,78.1
05/03/2026,23:22:59,13.2,78.2
05/03/2026,23:27:59,13.1,78.5
05/03/2026,23:32:59,13.1,79
05/03/2026,23:37:59,13,79.4
05/03/2026,23:42:59,13,79.8
05/03/2026,23:47:59,13,80
05/03/2026,23:52:59,13,79.9
05/03/2026,23:57:59,13,80.1
05/04/2026,00:02:59,13.1,80.1
05/04/2026,00:07:59,13.1,79.8
05/04/2026,00:12:59,13.1,79.6
05/04/2026,00:17:59,13.2,79.6
05/04/2026,00:22:59,13.2,79.4
05/04/2026,00:27:59,13.1,79.5
05/04/2026,00:32:59,13.1,79.5
05/04/2026,00:37:59,13.1,79.4
05/04/2026,00:42:59,13.1,79.5
05/04/2026,00:47:59,13.1,79.5
05/04/2026,00:52:59,13,79.5
05/04/2026,00:57:59,13,79.3
05/04/2026,01:02:59,12.9,79.3
05/04/2026,01:07:59,12.8,79.3
05/04/2026,01:12:59,12.8,79.5
05/04/2026,01:17:59,12.7,79.5
05/04/2026,01:22:59,12.7,79.6
05/04/2026,01:27:59,12.7,79.6
05/04/2026,01:32:59,12.7,79.7
05/04/2026,01:37:59,12.7,79.8
05/04/2026,01:42:59,12.7,79.9
05/04/2026,01:47:59,12.7,79.8
05/04/2026,01:52:59,12.8,79.7
05/04/2026,01:57:59,12.7,79.6
05/04/2026,02:02:59,12.7,79.6
05/04/2026,02:07:59,12.7,79.7
05/04/2026,02:12:59,12.7,80
05/04/2026,02:17:59,12.6,80.2
05/04/2026,02:22:59,12.6,80.4
05/04/2026,02:27:59,12.6,80.5
05/04/2026,02:32:59,12.7,80.6
05/04/2026,02:37:59,12.6,80.5
05/04/2026,02:42:59,12.6,80.8
05/04/2026,02:47:59,12.6,80.8
05/04/2026,02:52:59,12.6,80.7
05/04/2026,02:57:59,12.6,80.8
05/04/2026,03:02:59,12.6,80.5
05/04/2026,03:07:59,12.6,80.7
05/04/2026,03:12:59,12.6,80.7
05/04/2026,03:17:59,12.6,80.6
05/04/2026,03:22:59,12.6,80.6
05/04/2026,03:27:59,12.5,80.5
05/04/2026,03:32:59,12.5,80.6
05/04/2026,03:37:59,12.4,80.8
05/04/2026,03:42:59,12.4,81.1
05/04/2026,03:47:59,12.4,81.2
05/04/2026,03:52:59,12.4,81.4
05/04/2026,03:57:59,12.3,81.5
05/04/2026,04:02:59,12.3,81.8
05/04/2026,04:07:59,12.2,81.8
05/04/2026,04:12:59,12.2,81.9
05/04/2026,04:17:59,12.2,81.8
05/04/2026,04:22:59,12.2,81.8
05/04/2026,04:27:59,12.2,81.8
05/04/2026,04:32:59,12.1,81.7
05/04/2026,04:37:59,12.1,81.6
05/04/2026,04:42:59,12.1,81.6
05/04/2026,04:47:59,12.1,81.4
05/04/2026,04:52:59,12.1,81.3
05/04/2026,04:57:59,12.1,81.3
05/04/2026,05:02:59,12.1,81.4
05/04/2026,05:07:59,12.1,81.6
05/04/2026,05:12:59,12.1,81.5
05/04/2026,05:17:59,12,81.4
05/04/2026,05:22:59,12,81.4
05/04/2026,05:27:59,12,81.4
05/04/2026,05:32:59,12,81.4
05/04/2026,05:37:59,12,81.5
05/04/2026,05:42:59,12,81.4
05/04/2026,05:47:59,12,81.4
05/04/2026,05:52:59,12,81.3
05/04/2026,05:57:59,12,81.1
05/04/2026,06:02:59,11.9,81.2
05/04/2026,06:07:59,11.9,81.2
05/04/2026,06:12:59,12,81.2
05/04/2026,06:17:59,11.9,81.2
05/04/2026,06:22:59,12,81.1
05/04/2026,06:27:59,12,81.2
05/04/2026,06:32:59,12,81.1
05/04/2026,06:37:59,12,80.9
05/04/2026,06:42:59,12,80.9
05/04/2026,06:47:59,12,80.6
05/04/2026,06:52:59,12.1,80.6
05/04/2026,06:57:59,12.1,80.4
05/04/2026,07:02:59,12.1,80.5
05/04/2026,07:07:59,12.2,80.6
05/04/2026,07:12:59,12.2,80.4
05/04/2026,07:17:59,12.2,80.2
05/04/2026,07:22:59,12.2,80.3
05/04/2026,07:27:59,12.3,80.2
05/04/2026,07:32:59,12.4,79.9
05/04/2026,07:37:59,12.4,79.7
05/04/2026,07:42:59,12.4,79.3
05/04/2026,07:47:59,12.5,78.9
05/04/2026,07:52:59,12.5,78.7
05/04/2026,07:57:59,12.5,78.8
05/04/2026,08:02:59,12.6,78.7
05/04/2026,08:07:59,12.6,78.6
05/04/2026,08:12:59,12.7,78.5
05/04/2026,08:17:59,12.8,78.5
05/04/2026,08:22:59,12.8,78.4
05/04/2026,08:27:59,13,78.1
05/04/2026,08:32:59,13.1,78.2
05/04/2026,08:37:59,13.2,77.7
05/04/2026,08:42:59,13.3,77.2
05/04/2026,08:47:59,13.4,76.9
05/04/2026,08:52:59,13.5,76.7
05/04/2026,08:57:59,13.5,76.4
05/04/2026,09:02:59,13.5,76.1
05/04/2026,09:07:59,13.6,76
05/04/2026,09:12:59,13.6,75.8
05/04/2026,09:17:59,13.6,75.8
05/04/2026,09:22:59,13.7,75.5
05/04/2026,09:27:59,13.8,75.4
05/04/2026,09:32:59,13.9,75.2
05/04/2026,09:37:59,14,74.6
05/04/2026,09:42:59,13.9,74.5
05/04/2026,09:47:59,13.9,74.5
05/04/2026,09:52:59,13.9,74.5
05/04/2026,09:57:59,14,74.6
05/04/2026,10:02:59,14.3,74.2
05/04/2026,10:07:59,14.5,73.5
05/04/2026,10:12:59,14.7,72.7
05/04/2026,10:17:59,14.8,72.6
05/04/2026,10:22:59,14.9,72.1
05/04/2026,10:27:59,14.8,72.1
05/04/2026,10:32:59,14.7,72
05/04/2026,10:37:59,14.8,72.1
05/04/2026,10:42:59,14.9,71.6
05/04/2026,10:47:59,14.9,71.7
05/04/2026,10:52:59,14.8,71.4
05/04/2026,10:57:59,14.8,71.6
05/04/2026,11:02:59,14.7,71.6
05/04/2026,11:07:59,14.7,71.9
05/04/2026,11:12:59,14.7,72.3
05/04/2026,11:17:59,14.7,72.3
05/04/2026,11:22:59,14.7,71.8
05/04/2026,11:27:59,14.7,72
05/04/2026,11:32:59,14.7,71.9
05/04/2026,11:37:59,14.8,71.7
05/04/2026,11:42:59,14.8,71.3
05/04/2026,11:47:59,14.9,71.4
05/04/2026,11:52:59,15,70.6
05/04/2026,11:57:59,15,70.6
05/04/2026,12:02:59,15,70.5
05/04/2026,12:07:59,15,70.5
05/04/2026,12:12:59,15,70.9
05/04/2026,12:17:59,15.1,70.4
05/04/2026,12:22:59,15.2,70.4
05/04/2026,12:27:59,15.2,70.2
05/04/2026,12:32:59,15.3,70.1
05/04/2026,12:37:59,15.4,69.6
05/04/2026,12:42:59,15.2,69.7
05/04/2026,12:47:59,15.1,69.6
05/04/2026,12:52:59,15.1,69.4
05/04/2026,12:57:59,15,69.7
05/04/2026,13:02:59,15.1,69.4
05/04/2026,13:07:59,15.1,69.1
05/04/2026,13:12:59,15.1,69.3
05/04/2026,13:17:59,15.1,69.7
05/04/2026,13:22:59,15.1,69.6
05/04/2026,13:27:59,15.2,69.8
05/04/2026,13:32:59,15.2,69.3
05/04/2026,13:37:59,15.2,69.6
05/04/2026,13:42:59,15.3,69.1
05/04/2026,13:47:59,15.2,69.3
05/04/2026,13:52:59,15.1,69.2
05/04/2026,13:57:59,15,69.6
05/04/2026,14:02:59,15,69.7
05/04/2026,14:07:59,15,69.6
05/04/2026,14:12:59,15,69.9
05/04/2026,14:17:59,14.9,69.5
05/04/2026,14:22:59,14.8,69.5
05/04/2026,14:27:59,14.8,69.5
05/04/2026,14:32:59,14.8,69.7
05/04/2026,14:37:59,14.9,69.7
05/04/2026,14:42:59,14.9,69.7
05/04/2026,14:47:59,15,69.8
05/04/2026,14:52:59,15.2,69.5
05/04/2026,14:57:59,15.2,69
05/04/2026,15:02:59,15.2,69
05/04/2026,15:07:59,15.3,69.1
05/04/2026,15:12:59,15.5,69.4
05/04/2026,15:17:59,15.7,68.3
05/04/2026,15:22:59,15.7,68.2
05/04/2026,15:27:59,15.8,68.1
05/04/2026,15:32:59,15.8,67.5
05/04/2026,15:37:59,15.7,67.8
05/04/2026,15:42:59,15.7,68.2
05/04/2026,15:47:59,15.7,67.3
05/04/2026,15:52:59,15.6,67.7
05/04/2026,15:57:59,15.6,68
05/04/2026,16:02:59,15.8,67.8
05/04/2026,16:07:59,15.8,67.6
05/04/2026,16:12:59,15.7,67.3
05/04/2026,16:17:59,15.8,67.7
05/04/2026,16:22:59,16,67.3
05/04/2026,16:27:59,16.2,67.2
05/04/2026,16:32:59,16.2,66.7
05/04/2026,16:37:59,16.2,66.1
05/04/2026,16:42:59,16.2,66.6
05/04/2026,16:47:59,16.3,66.1
05/04/2026,16:52:59,16.2,66.3
05/04/2026,16:57:59,16.2,65.8
05/04/2026,17:02:59,16.1,66.1
05/04/2026,17:07:59,16.1,66.3
05/04/2026,17:12:59,16.2,66.3
05/04/2026,17:17:59,16.1,66
05/04/2026,17:22:59,16,66.3
05/04/2026,17:27:59,16,66.4
05/04/2026,17:32:59,15.9,66.6
05/04/2026,17:37:59,15.9,66.7
05/04/2026,17:42:59,15.8,66.4
05/04/2026,17:47:59,15.7,66.6
05/04/2026,17:52:59,15.6,67.2
05/04/2026,17:57:59,15.6,67.3
05/04/2026,18:02:59,15.5,67.7
05/04/2026,18:07:59,15.6,67.5
05/04/2026,18:12:59,15.4,67.6
05/04/2026,18:17:59,15.3,68
05/04/2026,18:22:59,15.4,67.7
05/04/2026,18:27:59,15.4,67.8
05/04/2026,18:32:59,15.4,67.6
05/04/2026,18:37:59,15.3,67.7
05/04/2026,18:42:59,15.3,67.7
05/04/2026,18:47:59,15.1,67.8
05/04/2026,18:52:59,15,67.9
05/04/2026,18:57:59,14.9,68.1
05/04/2026,19:02:59,14.9,68.4
05/04/2026,19:07:59,14.9,68.5
05/04/2026,19:12:59,14.8,68.4
05/04/2026,19:17:59,14.8,68.6
05/04/2026,19:22:59,14.8,68.4
05/04/2026,19:27:59,14.6,68.5
05/04/2026,19:32:59,14.5,68.8
05/04/2026,19:37:59,14.4,68.9
05/04/2026,19:42:59,14.3,69.2
05/04/2026,19:47:59,14.2,69.4
05/04/2026,19:52:59,14.1,69.8
05/04/2026,19:57:59,14,70
05/04/2026,20:02:59,14,70.1
05/04/2026,20:07:59,13.9,70.3
05/04/2026,20:12:59,13.8,70.3
05/04/2026,20:17:59,13.7,70.4
05/04/2026,20:22:59,13.7,70.7
05/04/2026,20:27:59,13.6,70.9
05/04/2026,20:32:59,13.5,71.1
05/04/2026,20:37:59,13.5,71.3
05/04/2026,20:42:59,13.5,71.3
05/04/2026,20:47:59,13.4,71.6
05/04/2026,20:52:59,13.4,71.8
05/04/2026,20:57:59,13.4,71.9
05/04/2026,21:02:59,13.4,72
05/04/2026,21:07:59,13.3,72
05/04/2026,21:12:59,13.3,72
05/04/2026,21:17:59,13.2,72.1
05/04/2026,21:22:59,13.1,72.4
05/04/2026,21:27:59,13.1,72.6
05/04/2026,21:32:59,13.1,72.6
05/04/2026,21:37:59,13.1,72.8
05/04/2026,21:42:59,13,73
05/04/2026,21:47:59,13,73
05/04/2026,21:52:59,13,73.1
05/04/2026,21:57:59,12.9,73
05/04/2026,22:02:59,12.9,73.1
05/04/2026,22:07:59,12.9,73.2
05/04/2026,22:12:59,12.8,73.3
05/04/2026,22:17:59,12.8,73.4
05/04/2026,22:22:59,12.7,73.6
05/04/2026,22:27:59,12.7,73.7
05/04/2026,22:32:59,12.7,73.9
05/04/2026,22:37:59,12.6,74.2
05/04/2026,22:42:59,12.6,74.3
05/04/2026,22:47:59,12.5,74.3
05/04/2026,22:52:59,12.5,74.4
05/04/2026,22:57:59,12.4,74.6
05/04/2026,23:02:59,12.4,74.8
05/04/2026,23:07:59,12.3,74.9
05/04/2026,23:12:59,12.3,75
05/04/2026,23:17:59,12.2,75.1
05/04/2026,23:22:59,12.2,75.2
05/04/2026,23:27:59,12.1,75.4
05/04/2026,23:32:59,12,75.6
05/04/2026,23:37:59,12,75.8
05/04/2026,23:42:59,11.9,75.9
05/04/2026,23:47:59,11.8,76
05/04/2026,23:52:59,11.8,76.2
05/04/2026,23:57:59,11.7,76.5
05/05/2026,00:02:59,11.7,76.8
05/05/2026,00:07:59,11.6,76.9
05/05/2026,00:12:59,11.6,77.2
05/05/2026,00:17:59,11.6,77.3
05/05/2026,00:22:59,11.5,77.4
05/05/2026,00:27:59,11.5,77.4
05/05/2026,00:32:59,11.5,77.5
05/05/2026,00:37:59,11.5,77.6
05/05/2026,00:42:59,11.4,77.8
05/05/2026,00:47:59,11.4,77.9
05/05/2026,00:52:59,11.4,77.9
05/05/2026,00:57:59,11.4,77.9
05/05/2026,01:02:59,11.4,77.9
05/05/2026,01:07:59,11.4,77.9
05/05/2026,01:12:59,11.4,77.9
05/05/2026,01:17:59,11.4,77.9
05/05/2026,01:22:59,11.4,77.9
05/05/2026,01:27:59,11.3,78
05/05/2026,01:32:59,11.4,78
05/05/2026,01:37:59,11.3,78.1
05/05/2026,01:42:59,11.3,78.2
05/05/2026,01:47:59,11.3,78
05/05/2026,01:52:59,11.3,78.1
05/05/2026,01:57:59,11.3,78.2
05/05/2026,02:02:59,11.2,78.3
05/05/2026,02:07:59,11.2,78.4
05/05/2026,02:12:59,11.2,78.4
05/05/2026,02:17:59,11.2,78.5
05/05/2026,02:22:59,11.2,78.5
05/05/2026,02:27:59,11.2,78.6
05/05/2026,02:32:59,11.2,78.6
05/05/2026,02:37:59,11.1,78.6
05/05/2026,02:42:59,11.1,78.6
05/05/2026,02:47:59,11,78.7
05/05/2026,02:52:59,11,78.8
05/05/2026,02:57:59,11,78.9
05/05/2026,03:02:59,11,79.2
05/05/2026,03:07:59,10.9,79.2
05/05/2026,03:12:59,10.9,79.3
05/05/2026,03:17:59,10.9,79.3
05/05/2026,03:22:59,10.8,79.4
05/05/2026,03:27:59,10.8,79.6
05/05/2026,03:32:59,10.7,79.7
05/05/2026,03:37:59,10.7,79.8
05/05/2026,03:42:59,10.7,79.9
05/05/2026,03:47:59,10.6,80.1
05/05/2026,03:52:59,10.6,80.1
05/05/2026,03:57:59,10.6,80.3
05/05/2026,04:02:59,10.6,80.4
05/05/2026,04:07:59,10.6,80.6
05/05/2026,04:12:59,10.6,80.6
05/05/2026,04:17:59,10.6,80.7
05/05/2026,04:22:59,10.6,80.9
05/05/2026,04:27:59,10.6,80.9
05/05/2026,04:32:59,10.6,80.7
05/05/2026,04:37:59,10.5,80.8
05/05/2026,04:42:59,10.5,80.9
05/05/2026,04:47:59,10.4,81
05/05/2026,04:52:59,10.4,81
05/05/2026,04:57:59,10.4,81.3
05/05/2026,05:02:59,10.4,81.2
05/05/2026,05:07:59,10.4,81.3
05/05/2026,05:12:59,10.4,81.4
05/05/2026,05:17:59,10.4,81.4
05/05/2026,05:22:59,10.4,81.3
05/05/2026,05:27:59,10.4,81.4
05/05/2026,05:32:59,10.4,81.4
05/05/2026,05:37:59,10.4,81.4
05/05/2026,05:42:59,10.5,81.3
05/05/2026,05:47:59,10.4,81.2
05/05/2026,05:52:59,10.5,81.1
05/05/2026,05:57:59,10.4,81
05/05/2026,06:02:59,10.4,81.2
05/05/2026,06:07:59,10.5,81.2
05/05/2026,06:12:59,10.5,80.9
05/05/2026,06:17:59,10.4,80.9
05/05/2026,06:22:59,10.4,80.8
05/05/2026,06:27:59,10.4,80.8
05/05/2026,06:32:59,10.4,80.7
05/05/2026,06:37:59,10.4,80.8
05/05/2026,06:42:59,10.3,80.9
05/05/2026,06:47:59,10.3,81
05/05/2026,06:52:59,10.3,81
05/05/2026,06:57:59,10.3,81.2
05/05/2026,07:02:59,10.3,81.2
05/05/2026,07:07:59,10.3,81.2
05/05/2026,07:12:59,10.4,81.3
05/05/2026,07:17:59,10.4,81.2
05/05/2026,07:22:59,10.4,81.2
05/05/2026,07:27:59,10.5,81.2
05/05/2026,07:32:59,10.6,81.2
05/05/2026,07:37:59,10.7,81.1
05/05/2026,07:42:59,10.8,81
05/05/2026,07:47:59,10.9,80.8
05/05/2026,07:52:59,11,80.3
05/05/2026,07:57:59,11,80.2
05/05/2026,08:02:59,11.1,80.1
05/05/2026,08:07:59,11.1,79.9
05/05/2026,08:12:59,11.1,79.9
05/05/2026,08:17:59,11.2,80
05/05/2026,08:22:59,11.3,79.8
05/05/2026,08:27:59,11.4,79.7
05/05/2026,08:32:59,11.4,79.6
05/05/2026,08:37:59,11.6,79.2
05/05/2026,08:42:59,11.8,79
05/05/2026,08:47:59,12,77.9
05/05/2026,08:52:59,12.2,77.5
05/05/2026,08:57:59,12.4,76.9
05/05/2026,09:02:59,12.6,76.5
05/05/2026,09:07:59,12.8,76.1
05/05/2026,09:12:59,12.9,75.4
05/05/2026,09:17:59,13.1,74.9
05/05/2026,09:22:59,13.2,74.6
05/05/2026,09:27:59,13.5,74.3
05/05/2026,09:32:59,13.7,73.5
05/05/2026,09:37:59,13.8,73.1
05/05/2026,09:42:59,14,72.1
05/05/2026,09:47:59,14.1,71.3
05/05/2026,09:52:59,14.2,71.1
05/05/2026,09:57:59,14.4,70.8
05/05/2026,10:02:59,14.7,70.5
05/05/2026,10:07:59,14.9,69.3
05/05/2026,10:12:59,15,68.9
05/05/2026,10:17:59,15.3,67.4
05/05/2026,10:22:59,15.2,65.4
05/05/2026,10:27:59,15.1,66.4
05/05/2026,10:32:59,15.2,66.5
05/05/2026,10:37:59,15.4,65.6
05/05/2026,10:42:59,15.5,64.9
05/05/2026,10:47:59,15.6,64
05/05/2026,10:52:59,15.6,63.4
05/05/2026,10:57:59,15.9,62.2
05/05/2026,11:02:59,16.1,62.4
05/05/2026,11:07:59,16.3,60.6
05/05/2026,11:12:59,16.5,59
05/05/2026,11:17:59,16.7,59.4
05/05/2026,11:22:59,17,59.5
05/05/2026,11:27:59,17.1,59.2
05/05/2026,11:32:59,17.2,58.4
05/05/2026,11:37:59,17.2,57.8
05/05/2026,11:42:59,17.4,58.7
05/05/2026,11:47:59,17.6,57.7
05/05/2026,11:52:59,17.8,55.7
05/05/2026,11:57:59,17.8,55.8
05/05/2026,12:02:59,17.9,56.3
05/05/2026,12:07:59,18,55.2
05/05/2026,12:12:59,18.5,54.3
05/05/2026,12:17:59,18.7,53.6
05/05/2026,12:22:59,18.7,54
05/05/2026,12:27:59,18.8,53.1
05/05/2026,12:32:59,18.9,53.4
05/05/2026,12:37:59,18.8,52.2
05/05/2026,12:42:59,18.9,52.1
05/05/2026,12:47:59,18.7,50.7
05/05/2026,12:52:59,18.6,50.5
05/05/2026,12:57:59,18.3,50
05/05/2026,13:02:59,18.3,50.7
05/05/2026,13:07:59,18.4,50.9
05/05/2026,13:12:59,18.6,50.9
05/05/2026,13:17:59,18.8,49.4
05/05/2026,13:22:59,18.7,50.4
05/05/2026,13:27:59,18.7,49.8
05/05/2026,13:32:59,18.6,48.1
05/05/2026,13:37:59,18.4,48
05/05/2026,13:42:59,18.7,48.9
05/05/2026,13:47:59,18.8,49.4
05/05/2026,13:52:59,18.8,49.4
05/05/2026,13:57:59,18.6,49.6
05/05/2026,14:02:59,18.6,49.5
05/05/2026,14:07:59,18.3,50.4
05/05/2026,14:12:59,18.4,50.5
05/05/2026,14:17:59,18.1,50.7
05/05/2026,14:22:59,18.1,51.5
05/05/2026,14:27:59,18.3,51.9
05/05/2026,14:32:59,18.3,52.1
05/05/2026,14:37:59,18.3,52.1
05/05/2026,14:42:59,18.2,51.5
05/05/2026,14:47:59,18.1,51.8
05/05/2026,14:52:59,18,52
05/05/2026,14:57:59,17.9,51.6
05/05/2026,15:02:59,17.8,52.1
05/05/2026,15:07:59,17.6,51.9
05/05/2026,15:12:59,17.6,53
05/05/2026,15:17:59,17.7,52.1
05/05/2026,15:22:59,17.7,52.6
05/05/2026,15:27:59,17.9,51.9
05/05/2026,15:32:59,18,51.9
05/05/2026,15:37:59,18,51.2
05/05/2026,15:42:59,18.1,50.7
05/05/2026,15:47:59,18.3,50.9
05/05/2026,15:52:59,18.4,50.3
05/05/2026,15:57:59,18.5,49.8
05/05/2026,16:02:59,18.5,49.7
05/05/2026,16:07:59,18.3,50.1
05/05/2026,16:12:59,18.3,48.8
05/05/2026,16:17:59,18.3,48.8
05/05/2026,16:22:59,18.2,49
05/05/2026,16:27:59,18.3,49
05/05/2026,16:32:59,18.3,47.8
05/05/2026,16:37:59,18.2,49
05/05/2026,16:42:59,18.2,51.9
05/05/2026,16:47:59,18,52.5
05/05/2026,16:52:59,17.9,53.5
05/05/2026,16:57:59,17.9,53.5
05/05/2026,17:02:59,17.8,53.8
05/05/2026,17:07:59,17.6,53.8
05/05/2026,17:12:59,17.4,54.1
05/05/2026,17:17:59,17.2,54.3
05/05/2026,17:22:59,17,54.4
05/05/2026,17:27:59,16.8,54.7
05/05/2026,17:32:59,16.6,54.5
05/05/2026,17:37:59,16.5,54.5
05/05/2026,17:42:59,16.4,54.7
05/05/2026,17:47:59,16.3,54.9
05/05/2026,17:52:59,16.2,55
05/05/2026,17:57:59,16.1,55.7
05/05/2026,18:02:59,15.9,55.9
05/05/2026,18:07:59,15.8,55.9
05/05/2026,18:12:59,15.8,56.5
05/05/2026,18:17:59,15.8,56
05/05/2026,18:22:59,15.7,56
05/05/2026,18:27:59,15.6,56.1
05/05/2026,18:32:59,15.5,55.8
05/05/2026,18:37:59,15.3,56.2
05/05/2026,18:42:59,15.3,56.3
05/05/2026,18:47:59,15.1,56.1
05/05/2026,18:52:59,15,56.5
05/05/2026,18:57:59,14.9,56.6
05/05/2026,19:02:59,14.9,56.8
05/05/2026,19:07:59,14.9,56.8
05/05/2026,19:12:59,14.9,57
05/05/2026,19:17:59,14.8,56.7
05/05/2026,19:22:59,14.8,57.1
05/05/2026,19:27:59,14.7,57
05/05/2026,19:32:59,14.6,57.2
05/05/2026,19:37:59,14.6,57.4
05/05/2026,19:42:59,14.5,57.4
05/05/2026,19:47:59,14.4,57.5
05/05/2026,19:52:59,14.3,57.8
05/05/2026,19:57:59,14.2,58.1
05/05/2026,20:02:59,14.1,58.5
05/05/2026,20:07:59,14,58.8
05/05/2026,20:12:59,13.9,59.1
05/05/2026,20:17:59,13.7,59.3
05/05/2026,20:22:59,13.5,59.7
05/05/2026,20:27:59,13.3,60.3
05/05/2026,20:32:59,13.2,60.7
05/05/2026,20:37:59,13.2,61.2
05/05/2026,20:42:59,13.1,61.5
05/05/2026,20:47:59,13.1,61.6
05/05/2026,20:52:59,12.9,61.8
05/05/2026,20:57:59,12.8,62.1
05/05/2026,21:02:59,12.7,62.3
05/05/2026,21:07:59,12.7,62.7
05/05/2026,21:12:59,12.5,63.1
05/05/2026,21:17:59,12.5,63.5
05/05/2026,21:22:59,12.4,63.8
05/05/2026,21:27:59,12.3,64.1
05/05/2026,21:32:59,12.2,64.5
05/05/2026,21:37:59,12.1,64.9
05/05/2026,21:42:59,12.1,65
05/05/2026,21:47:59,12,65.4
05/05/2026,21:52:59,11.9,65.7
05/05/2026,21:57:59,11.9,65.8
05/05/2026,22:02:59,11.9,66.1
05/05/2026,22:07:59,11.8,66.4
05/05/2026,22:12:59,11.8,66.7
05/05/2026,22:17:59,11.8,66.9
05/05/2026,22:22:59,11.7,67.5
05/05/2026,22:27:59,11.7,67.9
05/05/2026,22:32:59,11.7,68.2
05/05/2026,22:37:59,11.6,68.3
05/05/2026,22:42:59,11.6,68.4
05/05/2026,22:47:59,11.6,68.4
05/05/2026,22:52:59,11.5,68.7
05/05/2026,22:57:59,11.5,68.8
05/05/2026,23:02:59,11.4,68.9
05/05/2026,23:07:59,11.4,68.9
05/05/2026,23:12:59,11.4,69.1
05/05/2026,23:17:59,11.4,69.1
05/05/2026,23:22:59,11.4,69.2
05/05/2026,23:27:59,11.4,69.1
05/05/2026,23:32:59,11.3,69.1
05/05/2026,23:37:59,11.2,69
05/05/2026,23:42:59,11.2,68.9
05/05/2026,23:47:59,11.1,68.7
05/05/2026,23:52:59,11.1,68.4
05/05/2026,23:57:59,11,68.1
05/06/2026,00:02:59,11,67.9
05/06/2026,00:07:59,10.9,67.9
05/06/2026,00:12:59,10.9,68.1
05/06/2026,00:17:59,10.8,68.2
05/06/2026,00:22:59,10.8,68.1
05/06/2026,00:27:59,10.7,68.1
05/06/2026,00:32:59,10.7,68.5
05/06/2026,00:37:59,10.7,68.6
05/06/2026,00:42:59,10.7,68.5
05/06/2026,00:47:59,10.7,68.5
05/06/2026,00:52:59,10.6,68.6
05/06/2026,00:57:59,10.6,68.8
05/06/2026,01:02:59,10.6,69
05/06/2026,01:07:59,10.5,69.1
05/06/2026,01:12:59,10.5,68.9
05/06/2026,01:17:59,10.5,68.9
05/06/2026,01:22:59,10.4,69
05/06/2026,01:27:59,10.4,69.1
05/06/2026,01:32:59,10.3,69.2
05/06/2026,01:37:59,10.3,69.2
05/06/2026,01:42:59,10.2,69.3
05/06/2026,01:47:59,10.2,69.3
05/06/2026,01:52:59,10.1,69.2
05/06/2026,01:57:59,10,69.2
05/06/2026,02:02:59,10,69.3
05/06/2026,02:07:59,9.9,69.5
05/06/2026,02:12:59,9.8,69.6
05/06/2026,02:17:59,9.8,69.9
05/06/2026,02:22:59,9.7,70
05/06/2026,02:27:59,9.6,70.1
05/06/2026,02:32:59,9.6,70.2
05/06/2026,02:37:59,9.5,70.2
05/06/2026,02:42:59,9.5,70.4
05/06/2026,02:47:59,9.5,70.4
05/06/2026,02:52:59,9.4,70.6
05/06/2026,02:57:59,9.4,70.6
05/06/2026,03:02:59,9.3,70.6
05/06/2026,03:07:59,9.3,70.7
05/06/2026,03:12:59,9.3,70.6
05/06/2026,03:17:59,9.3,70.7
05/06/2026,03:22:59,9.2,70.7
05/06/2026,03:27:59,9.1,71
05/06/2026,03:32:59,9,71.2
05/06/2026,03:37:59,8.9,71.4
05/06/2026,03:42:59,8.7,71.8
05/06/2026,03:47:59,8.5,72.1
05/06/2026,03:52:59,8.4,72.5
05/06/2026,03:57:59,8.3,72.8
05/06/2026,04:02:59,8.2,72.9
05/06/2026,04:07:59,8.1,73.1
05/06/2026,04:12:59,8,73.4
05/06/2026,04:17:59,7.8,73.6
05/06/2026,04:22:59,7.8,73.9
05/06/2026,04:27:59,7.7,74.1
05/06/2026,04:32:59,7.6,74.4
05/06/2026,04:37:59,7.5,74.7
05/06/2026,04:42:59,7.3,75
05/06/2026,04:47:59,7.2,75.2
05/06/2026,04:52:59,7.1,75.5
05/06/2026,04:57:59,7,75.7
05/06/2026,05:02:59,6.9,76
05/06/2026,05:07:59,6.9,76.2
05/06/2026,05:12:59,6.8,76.3
05/06/2026,05:17:59,6.7,76.6
05/06/2026,05:22:59,6.6,76.8
05/06/2026,05:27:59,6.6,77
05/06/2026,05:32:59,6.5,77
05/06/2026,05:37:59,6.5,77.1
05/06/2026,05:42:59,6.5,77.3
05/06/2026,05:47:59,6.4,77.5
05/06/2026,05:52:59,6.4,77.6
05/06/2026,05:57:59,6.5,77.7
05/06/2026,06:02:59,6.5,77.7
05/06/2026,06:07:59,6.5,77.7
05/06/2026,06:12:59,6.5,77.7
05/06/2026,06:17:59,6.5,77.7
05/06/2026,06:22:59,6.5,77.7
05/06/2026,06:27:59,6.6,77.7
05/06/2026,06:32:59,6.6,77.8
05/06/2026,06:37:59,6.7,77.7
05/06/2026,06:42:59,6.7,77.7
05/06/2026,06:47:59,6.7,77.8
05/06/2026,06:52:59,6.7,77.8
05/06/2026,06:57:59,6.8,77.8
05/06/2026,07:02:59,6.9,77.7
05/06/2026,07:07:59,7,77.7
05/06/2026,07:12:59,7,77.5
05/06/2026,07:17:59,7.2,77.5
05/06/2026,07:22:59,7.2,77.2
05/06/2026,07:27:59,7.3,77
05/06/2026,07:32:59,7.4,76.9
05/06/2026,07:37:59,7.5,76.8
05/06/2026,07:42:59,7.6,76.6
05/06/2026,07:47:59,7.7,76.3
05/06/2026,07:52:59,7.8,76.4
05/06/2026,07:57:59,7.9,76.1
05/06/2026,08:02:59,8,75.9
05/06/2026,08:07:59,8.1,75.5
05/06/2026,08:12:59,8.3,75.4
05/06/2026,08:17:59,8.4,75.3
05/06/2026,08:22:59,8.5,75.2
05/06/2026,08:27:59,8.7,75
05/06/2026,08:32:59,8.9,74.9
05/06/2026,08:37:59,9.1,74.6
05/06/2026,08:42:59,9.3,74.3
05/06/2026,08:47:59,9.5,74
05/06/2026,08:52:59,9.7,73.7
05/06/2026,08:57:59,10,73.5
05/06/2026,09:02:59,10.3,73
05/06/2026,09:07:59,10.4,72.7
05/06/2026,09:12:59,10.6,72.3
05/06/2026,09:17:59,10.7,71.7
05/06/2026,09:22:59,10.8,71.6
05/06/2026,09:27:59,10.8,71
05/06/2026,09:32:59,10.7,70.9
05/06/2026,09:37:59,10.6,71.1
05/06/2026,09:42:59,10.5,71.4
05/06/2026,09:47:59,10.5,71.4
05/06/2026,09:52:59,10.5,71.7
05/06/2026,09:57:59,10.5,71.4
05/06/2026,10:02:59,10.4,71.7
05/06/2026,10:07:59,10.5,72.1
05/06/2026,10:12:59,10.6,72.8
05/06/2026,10:17:59,10.8,73
05/06/2026,10:22:59,10.8,73.5
05/06/2026,10:27:59,10.9,73.4
05/06/2026,10:32:59,10.9,73.5
05/06/2026,10:37:59,10.9,74
05/06/2026,10:42:59,10.9,74
05/06/2026,10:47:59,11,74.3
05/06/2026,10:52:59,11.2,73.6
05/06/2026,10:57:59,11.3,72.4
05/06/2026,11:02:59,11.4,72.4
05/06/2026,11:07:59,11.4,71.4
05/06/2026,11:12:59,11.4,71.6
05/06/2026,11:17:59,11.5,71
05/06/2026,11:22:59,11.6,70.8
05/06/2026,11:27:59,11.6,70.2
05/06/2026,11:32:59,11.7,69.7
05/06/2026,11:37:59,11.8,69.3
05/06/2026,11:42:59,11.9,68.5
05/06/2026,11:47:59,12.1,68.7
05/06/2026,11:52:59,12.3,68.4
05/06/2026,11:57:59,12.5,67.2
05/06/2026,12:02:59,12.6,66.4
05/06/2026,12:07:59,12.8,65.9
05/06/2026,12:12:59,12.9,65
05/06/2026,12:17:59,13.2,65.6
05/06/2026,12:22:59,13.4,65.1
05/06/2026,12:27:59,13.6,64.3
05/06/2026,12:32:59,13.6,63.4
05/06/2026,12:37:59,13.4,62.8
05/06/2026,12:42:59,13.4,63.3
05/06/2026,12:47:59,13.5,61.6
05/06/2026,12:52:59,13.4,61.8
05/06/2026,12:57:59,13.4,60.6
05/06/2026,13:02:59,13.5,61
05/06/2026,13:07:59,13.6,60.3
05/06/2026,13:12:59,13.8,59.6
05/06/2026,13:17:59,14,58.7
05/06/2026,13:22:59,14.2,57.4
05/06/2026,13:27:59,14.4,57.9
05/06/2026,13:32:59,14.6,57.8
05/06/2026,13:37:59,14.9,56.5
05/06/2026,13:42:59,15,55.5
05/06/2026,13:47:59,15.1,55.4
05/06/2026,13:52:59,15.2,54.9
05/06/2026,13:57:59,15.3,55.4
05/06/2026,14:02:59,15.5,53.3
05/06/2026,14:07:59,15.4,52.9
05/06/2026,14:12:59,15.5,52.9
05/06/2026,14:17:59,15.5,52.8
05/06/2026,14:22:59,15.9,52.1
05/06/2026,14:27:59,16.5,51.4
05/06/2026,14:32:59,16.9,51.2
05/06/2026,14:37:59,16.9,49.3
05/06/2026,14:42:59,16.9,48.4
05/06/2026,14:47:59,17,48.2
05/06/2026,14:52:59,16.9,48.4
05/06/2026,14:57:59,16.9,48.1
05/06/2026,15:02:59,16.7,48.7
05/06/2026,15:07:59,16.5,48.3
05/06/2026,15:12:59,16.3,49.5
05/06/2026,15:17:59,16.3,50
05/06/2026,15:22:59,16.5,50.7
05/06/2026,15:27:59,16.6,50.5
05/06/2026,15:32:59,16.3,50.8
05/06/2026,15:37:59,16.2,51.5
05/06/2026,15:42:59,16.5,51.8
05/06/2026,15:47:59,16.9,51.1
05/06/2026,15:52:59,17.3,51.1
05/06/2026,15:57:59,18,50.2
05/06/2026,16:02:59,18,48.7
05/06/2026,16:07:59,17.8,48.9
05/06/2026,16:12:59,17.7,48.6
05/06/2026,16:17:59,17.9,48.2
05/06/2026,16:22:59,17.5,48.6
05/06/2026,16:27:59,18,48
05/06/2026,16:32:59,17.9,47.7
05/06/2026,16:37:59,17.5,48.5
05/06/2026,16:42:59,17.1,49.3
05/06/2026,16:47:59,16.7,50.1
05/06/2026,16:52:59,16.5,49.7
05/06/2026,16:57:59,16.3,49.7
05/06/2026,17:02:59,16.1,49.8
05/06/2026,17:07:59,16,50.8
05/06/2026,17:12:59,15.9,50.8
05/06/2026,17:17:59,15.7,52.2
05/06/2026,17:22:59,15.4,51.8
05/06/2026,17:27:59,15.5,52.3
05/06/2026,17:32:59,15.4,53.2
05/06/2026,17:37:59,15.3,54
05/06/2026,17:42:59,15.1,53.7
05/06/2026,17:47:59,15,54.3
05/06/2026,17:52:59,15,55.3
05/06/2026,17:57:59,15,55.1
05/06/2026,18:02:59,14.9,55.4
05/06/2026,18:07:59,14.6,56
05/06/2026,18:12:59,14.4,56.5
05/06/2026,18:17:59,14,58
05/06/2026,18:22:59,13.6,59.5
05/06/2026,18:27:59,13.4,60.6
05/06/2026,18:32:59,13.2,61.4
05/06/2026,18:37:59,13.1,62
05/06/2026,18:42:59,13.2,62.6
05/06/2026,18:47:59,13.2,63
05/06/2026,18:52:59,13.3,63.1
05/06/2026,18:57:59,13.4,63.5
05/06/2026,19:02:59,13.5,63
05/06/2026,19:07:59,13.5,63.3
05/06/2026,19:12:59,13.3,63.4
05/06/2026,19:17:59,13.1,64.1
05/06/2026,19:22:59,13,64.5
05/06/2026,19:27:59,12.9,64.7
05/06/2026,19:32:59,12.9,64.9
05/06/2026,19:37:59,12.8,65.3
05/06/2026,19:42:59,12.6,65.5
05/06/2026,19:47:59,12.5,66
05/06/2026,19:52:59,12.4,66.4
05/06/2026,19:57:59,12.3,66.7
05/06/2026,20:02:59,12.2,67.2
05/06/2026,20:07:59,12.1,67.4
05/06/2026,20:12:59,12,67.8
05/06/2026,20:17:59,12,68.1
05/06/2026,20:22:59,12,68.4
05/06/2026,20:27:59,11.9,68.5
05/06/2026,20:32:59,11.8,68.8
05/06/2026,20:37:59,11.7,69.2
05/06/2026,20:42:59,11.6,69.6
05/06/2026,20:47:59,11.4,70.1
05/06/2026,20:52:59,11.4,70.3
05/06/2026,20:57:59,11.3,70.6
05/06/2026,21:02:59,11.3,70.9
05/06/2026,21:07:59,11.2,71.2
05/06/2026,21:12:59,11.1,71.5
05/06/2026,21:17:59,11,71.8
05/06/2026,21:22:59,11,72
05/06/2026,21:27:59,10.9,72.3
05/06/2026,21:32:59,10.8,72.6
05/06/2026,21:37:59,10.7,72.9
05/06/2026,21:42:59,10.7,73.1
05/06/2026,21:47:59,10.7,73.3
05/06/2026,21:52:59,10.7,73.4
05/06/2026,21:57:59,10.7,73.6
05/06/2026,22:02:59,10.7,73.8
05/06/2026,22:07:59,10.7,73.8
05/06/2026,22:12:59,10.6,74.1
05/06/2026,22:17:59,10.6,74.2
05/06/2026,22:22:59,10.6,74.4
05/06/2026,22:27:59,10.6,74.4
05/06/2026,22:32:59,10.6,74.6
05/06/2026,22:37:59,10.6,74.7
05/06/2026,22:42:59,10.7,74.7
05/06/2026,22:47:59,10.8,74.4
05/06/2026,22:52:59,10.8,74.1
05/06/2026,22:57:59,10.8,74
05/06/2026,23:02:59,10.8,74
05/06/2026,23:07:59,10.8,74
05/06/2026,23:12:59,10.7,74
05/06/2026,23:17:59,10.7,74
05/06/2026,23:22:59,10.6,73.9
05/06/2026,23:27:59,10.6,73.9
05/06/2026,23:32:59,10.6,73.9
05/06/2026,23:37:59,10.6,73.9
05/06/2026,23:42:59,10.5,73.9
05/06/2026,23:47:59,10.5,74
05/06/2026,23:52:59,10.5,74
05/06/2026,23:57:59,10.5,74.1
05/07/2026,00:02:59,10.5,73.9
05/07/2026,00:07:59,10.5,74
05/07/2026,00:12:59,10.5,73.9
05/07/2026,00:17:59,10.4,73.8
05/07/2026,00:22:59,10.5,73.9
05/07/2026,00:27:59,10.4,73.8
05/07/2026,00:32:59,10.4,73.9
05/07/2026,00:37:59,10.4,73.9
05/07/2026,00:42:59,10.4,73.8
05/07/2026,00:47:59,10.4,73.8
05/07/2026,00:52:59,10.3,73.7
05/07/2026,00:57:59,10.3,73.5
05/07/2026,01:02:59,10.3,73.6
05/07/2026,01:07:59,10.3,73.4
05/07/2026,01:12:59,10.2,73.4
05/07/2026,01:17:59,10.1,73.3
05/07/2026,01:22:59,10.1,73.2
05/07/2026,01:27:59,10,73.2
05/07/2026,01:32:59,10,73.2
05/07/2026,01:37:59,10,73.3
05/07/2026,01:42:59,10,73.2
05/07/2026,01:47:59,10,73.1
05/07/2026,01:52:59,10,73.1
05/07/2026,01:57:59,10,73.2
05/07/2026,02:02:59,9.9,73.2
05/07/2026,02:07:59,9.9,73.4
05/07/2026,02:12:59,9.9,73.5
05/07/2026,02:17:59,9.9,73.7
05/07/2026,02:22:59,9.9,73.8
05/07/2026,02:27:59,9.9,74.3
05/07/2026,02:32:59,9.8,74.7
05/07/2026,02:37:59,9.8,75.1
05/07/2026,02:42:59,9.8,75.4
05/07/2026,02:47:59,9.7,75.4
05/07/2026,02:52:59,9.7,75.5
05/07/2026,02:57:59,9.7,75.5
05/07/2026,03:02:59,9.7,75.6
05/07/2026,03:07:59,9.6,75.7
05/07/2026,03:12:59,9.6,75.8
05/07/2026,03:17:59,9.6,75.9
05/07/2026,03:22:59,9.5,75.9
05/07/2026,03:27:59,9.4,76
05/07/2026,03:32:59,9.3,76.1
05/07/2026,03:37:59,9.2,76.1
05/07/2026,03:42:59,9,76.3
05/07/2026,03:47:59,9,76.3
05/07/2026,03:52:59,8.9,76.4
05/07/2026,03:57:59,8.7,76.5
05/07/2026,04:02:59,8.6,76.7
05/07/2026,04:07:59,8.5,76.9
05/07/2026,04:12:59,8.4,76.9
05/07/2026,04:17:59,8.3,77.1
05/07/2026,04:22:59,8.2,77.2
05/07/2026,04:27:59,8.1,77.8
05/07/2026,04:32:59,8,78
05/07/2026,04:37:59,7.9,78
05/07/2026,04:42:59,7.8,77.9
05/07/2026,04:47:59,7.7,78.4
05/07/2026,04:52:59,7.7,78.7
05/07/2026,04:57:59,7.6,78.8
05/07/2026,05:02:59,7.5,78.6
05/07/2026,05:07:59,7.5,79.5
05/07/2026,05:12:59,7.4,79.9
05/07/2026,05:17:59,7.4,79.9
05/07/2026,05:22:59,7.3,79.7
05/07/2026,05:27:59,7.3,79.7
05/07/2026,05:32:59,7.3,79.7
05/07/2026,05:37:59,7.3,79.8
05/07/2026,05:42:59,7.3,80.1
05/07/2026,05:47:59,7.3,80.6
05/07/2026,05:52:59,7.2,80.8
05/07/2026,05:57:59,7.3,81.1
05/07/2026,06:02:59,7.3,81.3
05/07/2026,06:07:59,7.4,81.4
05/07/2026,06:12:59,7.4,81.5
05/07/2026,06:17:59,7.5,81.6
05/07/2026,06:22:59,7.5,81.6
05/07/2026,06:27:59,7.6,81.7
05/07/2026,06:32:59,7.7,81.9
05/07/2026,06:37:59,7.7,82
05/07/2026,06:42:59,7.9,82
05/07/2026,06:47:59,8,82.2
05/07/2026,06:52:59,8.1,82.1
05/07/2026,06:57:59,8.2,81.8
05/07/2026,07:02:59,8.2,81
05/07/2026,07:07:59,8.3,80.9
05/07/2026,07:12:59,8.4,80.7
05/07/2026,07:17:59,8.5,80
05/07/2026,07:22:59,8.6,78.8
05/07/2026,07:27:59,8.6,78.2
05/07/2026,07:32:59,8.7,78.2
05/07/2026,07:37:59,8.8,76.8
05/07/2026,07:42:59,8.9,77.2
05/07/2026,07:47:59,9,76.3
05/07/2026,07:52:59,9.1,75.6
05/07/2026,07:57:59,9.1,74
05/07/2026,08:02:59,9.3,75
05/07/2026,08:07:59,9.4,74.5
05/07/2026,08:12:59,9.5,73
05/07/2026,08:17:59,9.6,73.6
05/07/2026,08:22:59,9.7,73.5
05/07/2026,08:27:59,9.9,73.9
05/07/2026,08:32:59,10,73.7
05/07/2026,08:37:59,10.1,73
05/07/2026,08:42:59,10.3,72.8
05/07/2026,08:47:59,10.5,72.7
05/07/2026,08:52:59,10.7,72.8
05/07/2026,08:57:59,11,72.5
05/07/2026,09:02:59,11.3,71.7
05/07/2026,09:07:59,11.5,71.6
05/07/2026,09:12:59,11.8,69.6
05/07/2026,09:17:59,11.9,69.9
05/07/2026,09:22:59,12.1,69.1
05/07/2026,09:27:59,12.4,68.3
05/07/2026,09:32:59,12.6,68
05/07/2026,09:37:59,12.8,68.2
05/07/2026,09:42:59,13,67
05/07/2026,09:47:59,13.1,65.7
05/07/2026,09:52:59,13.4,65.4
05/07/2026,09:57:59,13.6,65.2
05/07/2026,10:02:59,13.9,64.2
05/07/2026,10:07:59,14.1,63.9
05/07/2026,10:12:59,14.3,61.7
05/07/2026,10:17:59,14.4,62.9
05/07/2026,10:22:59,14.4,61.9
05/07/2026,10:27:59,14.3,62.3
05/07/2026,10:32:59,14.3,61.3
05/07/2026,10:37:59,14.3,62.2
05/07/2026,10:42:59,14.4,61.3
05/07/2026,10:47:59,14.7,61.7
05/07/2026,10:52:59,15,60.8
05/07/2026,10:57:59,15.4,59.2
05/07/2026,11:02:59,15.6,58.5
05/07/2026,11:07:59,15.6,58.2
05/07/2026,11:12:59,15.6,58.1
05/07/2026,11:17:59,15.5,57.9
05/07/2026,11:22:59,15.5,57.1
05/07/2026,11:27:59,15.4,57
05/07/2026,11:32:59,15.4,56.2
05/07/2026,11:37:59,15.3,56.7
05/07/2026,11:42:59,15.5,56.4
05/07/2026,11:47:59,15.6,55.5
05/07/2026,11:52:59,15.6,55.6
05/07/2026,11:57:59,15.7,55.6
05/07/2026,12:02:59,15.8,55.2
05/07/2026,12:07:59,15.9,55.3
05/07/2026,12:12:59,16,55.2
05/07/2026,12:17:59,16,54.2
05/07/2026,12:22:59,16.1,54.4
05/07/2026,12:27:59,16.2,54.6
05/07/2026,12:32:59,16.4,54.5
05/07/2026,12:37:59,16.5,53.4
05/07/2026,12:42:59,16.5,53.4
05/07/2026,12:47:59,16.6,53.1
05/07/2026,12:52:59,16.6,52.7
05/07/2026,12:57:59,16.5,51.9
05/07/2026,13:02:59,16.6,52.7
05/07/2026,13:07:59,16.7,52.8
05/07/2026,13:12:59,16.7,52.8
05/07/2026,13:17:59,16.6,52.6
05/07/2026,13:22:59,16.7,52.5
05/07/2026,13:27:59,16.8,52.6
05/07/2026,13:32:59,16.8,52
05/07/2026,13:37:59,16.8,51.9
05/07/2026,13:42:59,16.6,52
05/07/2026,13:47:59,16.5,51.8
05/07/2026,13:52:59,16.4,51.6
05/07/2026,13:57:59,16.1,51.6
05/07/2026,14:02:59,15.9,52
05/07/2026,14:07:59,15.8,53
05/07/2026,14:12:59,15.6,53.4
05/07/2026,14:17:59,15.5,54
05/07/2026,14:22:59,15.4,53.7
05/07/2026,14:27:59,15.2,54.2
05/07/2026,14:32:59,15.1,54.4
05/07/2026,14:37:59,15,54.7
05/07/2026,14:42:59,15,54.9
05/07/2026,14:47:59,15,54.7
05/07/2026,14:52:59,15,54.4
05/07/2026,14:57:59,14.9,54.5
05/07/2026,15:02:59,14.7,54.8
05/07/2026,15:07:59,14.6,55.4
05/07/2026,15:12:59,14.6,55.7
05/07/2026,15:17:59,14.5,56
05/07/2026,15:22:59,14.5,55.8
05/07/2026,15:27:59,14.4,56.2
05/07/2026,15:32:59,14.4,56.2
05/07/2026,15:37:59,14.4,56.9
05/07/2026,15:42:59,14.4,56.4
05/07/2026,15:47:59,14.4,57.3
05/07/2026,15:52:59,14.5,57.1
05/07/2026,15:57:59,14.5,57.2
05/07/2026,16:02:59,14.6,57
05/07/2026,16:07:59,14.9,57.1
05/07/2026,16:12:59,15.3,56.8
05/07/2026,16:17:59,15.7,55.9
05/07/2026,16:22:59,16.1,55.1
05/07/2026,16:27:59,16.3,54.4
05/07/2026,16:32:59,16.4,53.7
05/07/2026,16:37:59,16.4,54.5
05/07/2026,16:42:59,16.4,53.5
05/07/2026,16:47:59,16.4,53.6
05/07/2026,16:52:59,16.4,53.2
05/07/2026,16:57:59,16.4,53.6
05/07/2026,17:02:59,16.4,53.2
05/07/2026,17:07:59,16.3,52.8
05/07/2026,17:12:59,16.3,52.7
05/07/2026,17:17:59,16.2,52.8
05/07/2026,17:22:59,16.1,53.3
05/07/2026,17:27:59,16,54.3
05/07/2026,17:32:59,15.9,54.3
05/07/2026,17:37:59,15.7,54.8
05/07/2026,17:42:59,15.5,55
05/07/2026,17:47:59,15.3,55.7
05/07/2026,17:52:59,15.2,55.9
05/07/2026,17:57:59,15.1,56.1
05/07/2026,18:02:59,15,56.8
05/07/2026,18:07:59,14.9,56.4
05/07/2026,18:12:59,14.8,56.8
05/07/2026,18:17:59,14.8,57
05/07/2026,18:22:59,14.9,57.1
05/07/2026,18:27:59,15.1,56.8
05/07/2026,18:32:59,15.1,56.6
05/07/2026,18:37:59,15.1,56.5
05/07/2026,18:42:59,15,56.7
05/07/2026,18:47:59,14.8,56.6
05/07/2026,18:52:59,14.7,56.8
05/07/2026,18:57:59,14.8,57
05/07/2026,19:02:59,14.9,56.9
05/07/2026,19:07:59,15,56.7
05/07/2026,19:12:59,14.9,56.7
05/07/2026,19:17:59,14.9,57
05/07/2026,19:22:59,14.8,57.3
05/07/2026,19:27:59,14.6,57.6
05/07/2026,19:32:59,14.4,57.8
05/07/2026,19:37:59,14.3,58.5
05/07/2026,19:42:59,14.2,58.8
05/07/2026,19:47:59,14,59.2
05/07/2026,19:52:59,13.8,59.6
05/07/2026,19:57:59,13.7,59.9
05/07/2026,20:02:59,13.6,60.2
05/07/2026,20:07:59,13.5,60.6
05/07/2026,20:12:59,13.4,60.9
05/07/2026,20:17:59,13.3,61
05/07/2026,20:22:59,13.1,61.1
05/07/2026,20:27:59,13,61.5
05/07/2026,20:32:59,12.9,62
05/07/2026,20:37:59,12.8,61.9
05/07/2026,20:42:59,12.7,62
05/07/2026,20:47:59,12.5,62.5
05/07/2026,20:52:59,12.4,62.7
05/07/2026,20:57:59,12.3,63
05/07/2026,21:02:59,12.2,63.2
05/07/2026,21:07:59,12.1,63.5
05/07/2026,21:12:59,12,63.8
05/07/2026,21:17:59,11.9,64.2
05/07/2026,21:22:59,11.8,64.6
05/07/2026,21:27:59,11.7,65
05/07/2026,21:32:59,11.6,65.3
05/07/2026,21:37:59,11.5,65.5
05/07/2026,21:42:59,11.5,66
05/07/2026,21:47:59,11.4,66.4
05/07/2026,21:52:59,11.3,66.7
05/07/2026,21:57:59,11.2,67.2
05/07/2026,22:02:59,11.1,67.5
05/07/2026,22:07:59,11,67.9
05/07/2026,22:12:59,10.9,68.4
05/07/2026,22:17:59,10.8,68.8
05/07/2026,22:22:59,10.7,69.1
05/07/2026,22:27:59,10.6,69.4
05/07/2026,22:32:59,10.6,69.8
05/07/2026,22:37:59,10.6,70
05/07/2026,22:42:59,10.5,70.2
05/07/2026,22:47:59,10.5,70.4
05/07/2026,22:52:59,10.4,70.6
05/07/2026,22:57:59,10.4,70.8
05/07/2026,23:02:59,10.4,71.1
05/07/2026,23:07:59,10.3,71.1
05/07/2026,23:12:59,10.2,71.4
05/07/2026,23:17:59,10.1,71.6
05/07/2026,23:22:59,10.1,71.6
05/07/2026,23:27:59,10,72
05/07/2026,23:32:59,9.9,72.1
05/07/2026,23:37:59,9.7,72.4
05/07/2026,23:42:59,9.6,72.7
05/07/2026,23:47:59,9.6,72.9
05/07/2026,23:52:59,9.4,72.9
05/07/2026,23:57:59,9.4,73.1
05/08/2026,00:02:59,9.2,73.7
05/08/2026,00:07:59,9.1,73.9
05/08/2026,00:12:59,9.1,74.1
05/08/2026,00:17:59,9,74.9
05/08/2026,00:22:59,9,75
05/08/2026,00:27:59,9,75
05/08/2026,00:32:59,8.9,75.1
05/08/2026,00:37:59,8.8,75.1
05/08/2026,00:42:59,8.7,75.4
05/08/2026,00:47:59,8.7,75.6
05/08/2026,00:52:59,8.6,75.9
05/08/2026,00:57:59,8.6,76.4
05/08/2026,01:02:59,8.5,76.9
05/08/2026,01:07:59,8.5,76.8
05/08/2026,01:12:59,8.4,76.9
05/08/2026,01:17:59,8.4,76.9
05/08/2026,01:22:59,8.3,77.5
05/08/2026,01:27:59,8.3,77.4
05/08/2026,01:32:59,8.2,77.2
05/08/2026,01:37:59,8.2,77.4
05/08/2026,01:42:59,8.1,77.7
05/08/2026,01:47:59,8.1,78.4
05/08/2026,01:52:59,8,78.7
05/08/2026,01:57:59,8,78.6
05/08/2026,02:02:59,8,78.6
05/08/2026,02:07:59,7.9,78.3
05/08/2026,02:12:59,7.9,78.3
05/08/2026,02:17:59,7.8,78.3
05/08/2026,02:22:59,7.7,78.6
05/08/2026,02:27:59,7.7,78.9
05/08/2026,02:32:59,7.7,79
05/08/2026,02:37:59,7.6,79.4
05/08/2026,02:42:59,7.6,79.3
05/08/2026,02:47:59,7.5,79.1
05/08/2026,02:52:59,7.5,79.3
05/08/2026,02:57:59,7.5,79.6
05/08/2026,03:02:59,7.5,79.6
05/08/2026,03:07:59,7.5,79.8
05/08/2026,03:12:59,7.5,80.3
05/08/2026,03:17:59,7.5,80.3
05/08/2026,03:22:59,7.5,80.6
05/08/2026,03:27:59,7.6,81.1
05/08/2026,03:32:59,7.6,81.6
05/08/2026,03:37:59,7.7,81.4
05/08/2026,03:42:59,7.7,81.6
05/08/2026,03:47:59,7.8,81.6
05/08/2026,03:52:59,7.8,82
05/08/2026,03:57:59,7.8,82.1
05/08/2026,04:02:59,7.9,82.3
05/08/2026,04:07:59,7.9,82.3
05/08/2026,04:12:59,7.9,82.2
05/08/2026,04:17:59,8,82.2
05/08/2026,04:22:59,7.9,82.2
05/08/2026,04:27:59,7.9,82.1
05/08/2026,04:32:59,7.9,82
05/08/2026,04:37:59,8,81.9
05/08/2026,04:42:59,7.9,81.7
05/08/2026,04:47:59,7.9,81.6
05/08/2026,04:52:59,7.8,81.4
05/08/2026,04:57:59,7.8,81.3
05/08/2026,05:02:59,7.7,81
05/08/2026,05:07:59,7.7,80.8
05/08/2026,05:12:59,7.6,80.7
05/08/2026,05:17:59,7.5,80.9
05/08/2026,05:22:59,7.4,80.8
05/08/2026,05:27:59,7.3,80.5
05/08/2026,05:32:59,7.3,80.8
05/08/2026,05:37:59,7.2,80.7
05/08/2026,05:42:59,7.2,80.8
05/08/2026,05:47:59,7.2,81.2
05/08/2026,05:52:59,7.1,81.3
05/08/2026,05:57:59,7.1,81.5
05/08/2026,06:02:59,7.1,81.7
05/08/2026,06:07:59,7.1,82.2
05/08/2026,06:12:59,7.1,82.1
05/08/2026,06:17:59,7.1,82.4
05/08/2026,06:22:59,7.1,82.7
05/08/2026,06:27:59,7.2,82.7
05/08/2026,06:32:59,7.2,82.8
05/08/2026,06:37:59,7.3,82.9
05/08/2026,06:42:59,7.3,82.9
05/08/2026,06:47:59,7.3,81.3
05/08/2026,06:52:59,7.4,81.5
05/08/2026,06:57:59,7.4,81.1
05/08/2026,07:02:59,7.5,80.1
05/08/2026,07:07:59,7.5,78.9
05/08/2026,07:12:59,7.6,79.1
05/08/2026,07:17:59,7.6,78.1
05/08/2026,07:22:59,7.7,79
05/08/2026,07:27:59,7.8,78.8
05/08/2026,07:32:59,7.9,78.3
05/08/2026,07:37:59,8.1,79.6
05/08/2026,07:42:59,8.2,78.1
05/08/2026,07:47:59,8.3,79.9
05/08/2026,07:52:59,8.5,77
05/08/2026,07:57:59,8.6,79
05/08/2026,08:02:59,8.8,79.4
05/08/2026,08:07:59,8.9,79.7
05/08/2026,08:12:59,9.1,79.3
05/08/2026,08:17:59,9.3,79.7
05/08/2026,08:22:59,9.5,79.6
05/08/2026,08:27:59,9.7,79.4
05/08/2026,08:32:59,10,79.9
05/08/2026,08:37:59,10.2,78.2
05/08/2026,08:42:59,10.4,78.5
05/08/2026,08:47:59,10.6,77.9
05/08/2026,08:52:59,10.9,76.8
05/08/2026,08:57:59,11.2,76.8
05/08/2026,09:02:59,11.5,76
05/08/2026,09:07:59,11.8,75.6
05/08/2026,09:12:59,12.1,74.8
05/08/2026,09:17:59,12.4,74.5
05/08/2026,09:22:59,12.7,73.2
05/08/2026,09:27:59,13.1,72.4
05/08/2026,09:32:59,13.4,70.9
05/08/2026,09:37:59,13.8,69.8
05/08/2026,09:42:59,14.1,69.8
05/08/2026,09:47:59,14.4,68.5
05/08/2026,09:52:59,14.7,66.5
05/08/2026,09:57:59,15,64.8
05/08/2026,10:02:59,15.3,63.8
05/08/2026,10:07:59,15.6,62.1
05/08/2026,10:12:59,15.9,61.1
05/08/2026,10:17:59,16.2,61.4
05/08/2026,10:22:59,16.4,56.9
05/08/2026,10:27:59,16.5,55.4
05/08/2026,10:32:59,16.7,53.9
05/08/2026,10:37:59,16.8,53.5
05/08/2026,10:42:59,17.1,53.1
05/08/2026,10:47:59,17.3,52.4
05/08/2026,10:52:59,17.6,52.6
05/08/2026,10:57:59,17.7,50.5
05/08/2026,11:02:59,17.7,50.5
05/08/2026,11:07:59,17.9,49.5
05/08/2026,11:12:59,18.1,49.4
05/08/2026,11:17:59,18.3,47.4
05/08/2026,11:22:59,18.4,47.9
05/08/2026,11:27:59,18.5,47.2
05/08/2026,11:32:59,18.6,47.2
05/08/2026,11:37:59,18.5,46.5
05/08/2026,11:42:59,18.7,46.2
05/08/2026,11:47:59,18.8,46.2
05/08/2026,11:52:59,18.9,44.6
05/08/2026,11:57:59,19.2,46.4
05/08/2026,12:02:59,19.5,45.4
05/08/2026,12:07:59,19.7,44.4
05/08/2026,12:12:59,19.8,42.9
05/08/2026,12:17:59,20,45
05/08/2026,12:22:59,20.3,42.7
05/08/2026,12:27:59,20.4,42
05/08/2026,12:32:59,20.6,41
05/08/2026,12:37:59,20.5,40
05/08/2026,12:42:59,20.5,41.5
05/08/2026,12:47:59,20.7,40.2
05/08/2026,12:52:59,21,40.9
05/08/2026,12:57:59,21.2,39.3
05/08/2026,13:02:59,21.2,38.3
05/08/2026,13:07:59,21.1,38.6
05/08/2026,13:12:59,21.1,38.8
05/08/2026,13:17:59,21.1,38.1
05/08/2026,13:22:59,21.3,38.8
05/08/2026,13:27:59,21.6,39
05/08/2026,13:32:59,22,37.9
05/08/2026,13:37:59,21.9,37.9
05/08/2026,13:42:59,22.2,37.7
05/08/2026,13:47:59,22.5,37.6
05/08/2026,13:52:59,22.8,36.3
05/08/2026,13:57:59,22.8,35.6
05/08/2026,14:02:59,22.8,35.9
05/08/2026,14:07:59,22.9,35.6
05/08/2026,14:12:59,23,36.1
05/08/2026,14:17:59,23.1,35.2
05/08/2026,14:22:59,23.1,34.7
05/08/2026,14:27:59,23,35.3
05/08/2026,14:32:59,22.8,35.7
05/08/2026,14:37:59,22.6,35.5
05/08/2026,14:42:59,22.7,36.2
05/08/2026,14:47:59,22.8,34.8
05/08/2026,14:52:59,22.7,35.6
05/08/2026,14:57:59,22.5,35.3
05/08/2026,15:02:59,22.3,34.8
05/08/2026,15:07:59,22.1,36
05/08/2026,15:12:59,22.2,35.4
05/08/2026,15:17:59,22.4,35.5
05/08/2026,15:22:59,22.3,36.1
05/08/2026,15:27:59,22.6,36.4
05/08/2026,15:32:59,23,35.9
05/08/2026,15:37:59,22.9,35.8
05/08/2026,15:42:59,22.6,35.8
05/08/2026,15:47:59,22.6,36.1
05/08/2026,15:52:59,23.1,36.6
05/08/2026,15:57:59,23.3,35.8
05/08/2026,16:02:59,23.1,35.5
05/08/2026,16:07:59,22.6,36.2
05/08/2026,16:12:59,22.1,37.1
05/08/2026,16:17:59,21.7,38
05/08/2026,16:22:59,21.4,38.5
05/08/2026,16:27:59,21.1,38.3
05/08/2026,16:32:59,20.9,39.4
05/08/2026,16:37:59,20.8,39.4
05/08/2026,16:42:59,20.6,39.7
05/08/2026,16:47:59,20.5,40.5
05/08/2026,16:52:59,20.4,40.7
05/08/2026,16:57:59,20.3,40.6
05/08/2026,17:02:59,20.2,40.6
05/08/2026,17:07:59,20,40.9
05/08/2026,17:12:59,19.9,41.2
05/08/2026,17:17:59,19.8,41.7
05/08/2026,17:22:59,19.7,41.9
05/08/2026,17:27:59,19.7,42.4
05/08/2026,17:32:59,19.7,42.1
05/08/2026,17:37:59,19.6,42
05/08/2026,17:42:59,19.7,42
05/08/2026,17:47:59,19.7,42.6
05/08/2026,17:52:59,19.6,42.8
05/08/2026,17:57:59,19.5,42.8
05/08/2026,18:02:59,19.3,43.1
05/08/2026,18:07:59,19.2,43.6
05/08/2026,18:12:59,19.1,43.9
05/08/2026,18:17:59,19,44
05/08/2026,18:22:59,19,43.9
05/08/2026,18:27:59,18.9,44.1
05/08/2026,18:32:59,18.8,44.1
05/08/2026,18:37:59,18.8,44.7
05/08/2026,18:42:59,18.8,44.9
05/08/2026,18:47:59,18.7,44.5
05/08/2026,18:52:59,18.6,44.7
05/08/2026,18:57:59,18.4,44.8
05/08/2026,19:02:59,18.3,45.2
05/08/2026,19:07:59,18.1,45.2
05/08/2026,19:12:59,18,45.4
05/08/2026,19:17:59,18,45.3
05/08/2026,19:22:59,18,45.6
05/08/2026,19:27:59,18,45.8
05/08/2026,19:32:59,17.9,45.9
05/08/2026,19:37:59,17.8,45.9
05/08/2026,19:42:59,17.6,46.3
05/08/2026,19:47:59,17.5,46.7
05/08/2026,19:52:59,17.4,46.8
05/08/2026,19:57:59,17.3,47.1
05/08/2026,20:02:59,17.2,47.4
05/08/2026,20:07:59,17,47.8
05/08/2026,20:12:59,16.9,48
05/08/2026,20:17:59,16.8,48.2
05/08/2026,20:22:59,16.6,48.6
05/08/2026,20:27:59,16.5,48.9
05/08/2026,20:32:59,16.3,49.4
05/08/2026,20:37:59,16.2,49.7
05/08/2026,20:42:59,16.1,50
05/08/2026,20:47:59,15.9,50.3
05/08/2026,20:52:59,15.8,50.8
05/08/2026,20:57:59,15.7,51.1
05/08/2026,21:02:59,15.5,51.5
05/08/2026,21:07:59,15.4,51.7
05/08/2026,21:12:59,15.2,52.2
05/08/2026,21:17:59,15.1,52.8
05/08/2026,21:22:59,15,53.1
05/08/2026,21:27:59,14.9,53.5
05/08/2026,21:32:59,14.7,54
05/08/2026,21:37:59,14.6,54.2
05/08/2026,21:42:59,14.5,54.6
05/08/2026,21:47:59,14.4,55.1
05/08/2026,21:52:59,14.2,55.2
05/08/2026,21:57:59,14.1,55.6
05/08/2026,22:02:59,14,56
05/08/2026,22:07:59,13.8,56.4
05/08/2026,22:12:59,13.7,56.8
05/08/2026,22:17:59,13.5,57.3
05/08/2026,22:22:59,13.4,57.7
05/08/2026,22:27:59,13.2,58.1
05/08/2026,22:32:59,13,58.3
05/08/2026,22:37:59,12.9,58.7
05/08/2026,22:42:59,12.7,59.2
05/08/2026,22:47:59,12.6,59.7
05/08/2026,22:52:59,12.5,60.3
05/08/2026,22:57:59,12.3,60.5
05/08/2026,23:02:59,12.2,60.7
05/08/2026,23:07:59,12.1,61
05/08/2026,23:12:59,12,61.2
05/08/2026,23:17:59,11.9,61.1
05/08/2026,23:22:59,11.8,61.5
05/08/2026,23:27:59,11.7,62.1
05/08/2026,23:32:59,11.5,62.8
05/08/2026,23:37:59,11.5,63.1
05/08/2026,23:42:59,11.4,63.5
05/08/2026,23:47:59,11.3,63.7
05/08/2026,23:52:59,11.2,63.6
05/08/2026,23:57:59,11.1,63.7
05/09/2026,00:02:59,11,64
05/09/2026,00:07:59,11,63.7
05/09/2026,00:12:59,10.9,64.6
05/09/2026,00:17:59,10.8,64.6
05/09/2026,00:22:59,10.7,64.4
05/09/2026,00:27:59,10.6,64.9
05/09/2026,00:32:59,10.5,64.9
05/09/2026,00:37:59,10.4,65.4
05/09/2026,00:42:59,10.4,65.5
05/09/2026,00:47:59,10.3,65.5
05/09/2026,00:52:59,10.2,65.7
05/09/2026,00:57:59,10.1,65.8
05/09/2026,01:02:59,10.1,65.8
05/09/2026,01:07:59,10,66.2
05/09/2026,01:12:59,9.9,66.3
05/09/2026,01:17:59,9.9,66.8
05/09/2026,01:22:59,9.8,66.6
05/09/2026,01:27:59,9.8,67.2
05/09/2026,01:32:59,9.7,67
05/09/2026,01:37:59,9.7,67.2
05/09/2026,01:42:59,9.6,67.7
05/09/2026,01:47:59,9.5,67.8
05/09/2026,01:52:59,9.4,67.7
05/09/2026,01:57:59,9.4,67.9
05/09/2026,02:02:59,9.3,68.1
05/09/2026,02:07:59,9.2,68.9
05/09/2026,02:12:59,9.1,68.5
05/09/2026,02:17:59,9.1,68.3
05/09/2026,02:22:59,9,68.6
05/09/2026,02:27:59,9,68.8
05/09/2026,02:32:59,8.9,69.6
05/09/2026,02:37:59,8.8,69.5
05/09/2026,02:42:59,8.8,70
05/09/2026,02:47:59,8.8,69.6
05/09/2026,02:52:59,8.7,69.9
05/09/2026,02:57:59,8.6,70.5
05/09/2026,03:02:59,8.6,70.8
05/09/2026,03:07:59,8.5,70.6
05/09/2026,03:12:59,8.4,70.9
05/09/2026,03:17:59,8.4,70.6
05/09/2026,03:22:59,8.4,71.1
05/09/2026,03:27:59,8.3,71.3
05/09/2026,03:32:59,8.3,71.1
05/09/2026,03:37:59,8.2,71.1
05/09/2026,03:42:59,8.2,71.7
05/09/2026,03:47:59,8.1,71.9
05/09/2026,03:52:59,8,71.5
05/09/2026,03:57:59,8,72
05/09/2026,04:02:59,8,72.3
05/09/2026,04:07:59,7.9,72.2
05/09/2026,04:12:59,7.9,72.4
05/09/2026,04:17:59,7.8,72.6
05/09/2026,04:22:59,7.8,73
05/09/2026,04:27:59,7.8,73.1
05/09/2026,04:32:59,7.7,73.1
05/09/2026,04:37:59,7.7,73.4
05/09/2026,04:42:59,7.6,73.6
05/09/2026,04:47:59,7.5,73.4
05/09/2026,04:52:59,7.5,73.9
05/09/2026,04:57:59,7.4,73.9
05/09/2026,05:02:59,7.4,74
05/09/2026,05:07:59,7.3,74.2
05/09/2026,05:12:59,7.3,74.6
05/09/2026,05:17:59,7.3,75
05/09/2026,05:22:59,7.3,75.3
05/09/2026,05:27:59,7.3,75.2
05/09/2026,05:32:59,7.3,75.1
05/09/2026,05:37:59,7.3,75.1
05/09/2026,05:42:59,7.3,75.1
05/09/2026,05:47:59,7.2,75.2
05/09/2026,05:52:59,7.3,75.3
05/09/2026,05:57:59,7.2,73.7
05/09/2026,06:02:59,7.2,75.2
05/09/2026,06:07:59,7.2,75.1
05/09/2026,06:12:59,7.2,73.3
05/09/2026,06:17:59,7.2,71.9
05/09/2026,06:22:59,7.2,70.2
05/09/2026,06:27:59,7.2,68.5
05/09/2026,06:32:59,7.2,68.2
05/09/2026,06:37:59,7.2,68.4
05/09/2026,06:42:59,7.2,67.2
05/09/2026,06:47:59,7.2,67.5
05/09/2026,06:52:59,7.2,66.6
05/09/2026,06:57:59,7.2,64.9
05/09/2026,07:02:59,7.2,67.4
05/09/2026,07:07:59,7.3,66.7
05/09/2026,07:12:59,7.3,66.5
05/09/2026,07:17:59,7.4,66
05/09/2026,07:22:59,7.5,65.6
05/09/2026,07:27:59,7.6,65.6
05/09/2026,07:32:59,7.7,67.7
05/09/2026,07:37:59,7.8,64.8
05/09/2026,07:42:59,7.9,65.4
05/09/2026,07:47:59,8.1,66.4
05/09/2026,07:52:59,8.2,65.8
05/09/2026,07:57:59,8.4,66.8
05/09/2026,08:02:59,8.6,67.4
05/09/2026,08:07:59,8.8,67
05/09/2026,08:12:59,8.9,67.8
05/09/2026,08:17:59,9.2,67.7
05/09/2026,08:22:59,9.4,67.3
05/09/2026,08:27:59,9.7,66.9
05/09/2026,08:32:59,9.9,68.6
05/09/2026,08:37:59,10.2,69
05/09/2026,08:42:59,10.5,68.5
05/09/2026,08:47:59,10.8,70
05/09/2026,08:52:59,11.2,68.7
05/09/2026,08:57:59,11.5,67.7
05/09/2026,09:02:59,11.8,68.1
05/09/2026,09:07:59,12.2,68.1
05/09/2026,09:12:59,12.6,67.4
05/09/2026,09:17:59,13,67.2
05/09/2026,09:22:59,13.4,66.4
05/09/2026,09:27:59,13.8,65.6
05/09/2026,09:32:59,14.1,65.1
05/09/2026,09:37:59,14.5,64.6
05/09/2026,09:42:59,15,63
05/09/2026,09:47:59,15.4,61.4
05/09/2026,09:52:59,15.8,60
05/09/2026,09:57:59,16.2,59.3
05/09/2026,10:02:59,16.5,58.7
05/09/2026,10:07:59,16.8,56.6
05/09/2026,10:12:59,17.1,54.5
05/09/2026,10:17:59,17.4,55
05/09/2026,10:22:59,17.7,52.5
05/09/2026,10:27:59,17.9,54
05/09/2026,10:32:59,18.2,52.3
05/09/2026,10:37:59,18.5,48.6
05/09/2026,10:42:59,18.8,48.5
05/09/2026,10:47:59,19,47.7
05/09/2026,10:52:59,19.2,48.7
05/09/2026,10:57:59,19.5,46.3
05/09/2026,11:02:59,19.7,46.2
05/09/2026,11:07:59,19.9,45.1
05/09/2026,11:12:59,20.2,44.5
05/09/2026,11:17:59,20.3,43.3
05/09/2026,11:22:59,20.4,43.1
05/09/2026,11:27:59,20.6,42.6
05/09/2026,11:32:59,20.8,42.5
05/09/2026,11:37:59,20.9,40.4
05/09/2026,11:42:59,21,40.7
05/09/2026,11:47:59,21.1,40.6
05/09/2026,11:52:59,21.2,40.9
05/09/2026,11:57:59,21.4,39.9
05/09/2026,12:02:59,21.6,39.8
05/09/2026,12:07:59,21.9,39.4
05/09/2026,12:12:59,22,39.5
05/09/2026,12:17:59,22.1,37.9
05/09/2026,12:22:59,22.2,38.4
05/09/2026,12:27:59,22.5,38.5
05/09/2026,12:32:59,22.6,37.8
05/09/2026,12:37:59,22.6,38.4
05/09/2026,12:42:59,22.6,36.6
05/09/2026,12:47:59,22.8,36.6
05/09/2026,12:52:59,22.7,36.2
05/09/2026,12:57:59,22.7,35
05/09/2026,13:02:59,22.7,35.9
05/09/2026,13:07:59,22.9,35.5
05/09/2026,13:12:59,23,35.3
05/09/2026,13:17:59,23.1,34.4
05/09/2026,13:22:59,23,35.1
05/09/2026,13:27:59,23.2,34.8
05/09/2026,13:32:59,23.2,34.4
05/09/2026,13:37:59,23.3,34.3
05/09/2026,13:42:59,23.3,34.2
05/09/2026,13:47:59,23.4,33.6
05/09/2026,13:52:59,23.5,33.8
05/09/2026,13:57:59,23.8,34.6
05/09/2026,14:02:59,24,33.5
05/09/2026,14:07:59,24.1,33.1
05/09/2026,14:12:59,24,32.9
05/09/2026,14:17:59,24,32.8
05/09/2026,14:22:59,24.1,32.1
05/09/2026,14:27:59,24,32.9
05/09/2026,14:32:59,24.4,32.9
05/09/2026,14:37:59,24.7,32.5
05/09/2026,14:42:59,25,32.4
05/09/2026,14:47:59,25.4,31.6
05/09/2026,14:52:59,25.2,30.3
05/09/2026,14:57:59,25,30.7
05/09/2026,15:02:59,25.1,30.7
05/09/2026,15:07:59,25.3,31.1
05/09/2026,15:12:59,25.1,30
05/09/2026,15:17:59,24.8,30.3
05/09/2026,15:22:59,25,30.3
05/09/2026,15:27:59,25.2,30.6
05/09/2026,15:32:59,25.3,30.6
05/09/2026,15:37:59,25.4,30.8
05/09/2026,15:42:59,25.3,30.4
05/09/2026,15:47:59,25.6,30.2
05/09/2026,15:52:59,25.7,30.2
05/09/2026,15:57:59,25.6,30
05/09/2026,16:02:59,25.4,30.5
05/09/2026,16:07:59,24.9,30.8
05/09/2026,16:12:59,24.5,30.9
05/09/2026,16:17:59,24.2,31.5
05/09/2026,16:22:59,24.2,31.4
05/09/2026,16:27:59,24.3,31.9
05/09/2026,16:32:59,24,31.1
05/09/2026,16:37:59,23.8,32.4
05/09/2026,16:42:59,23.5,32.3
05/09/2026,16:47:59,23.3,32.5
05/09/2026,16:52:59,23.1,32.8
05/09/2026,16:57:59,22.9,33.2
05/09/2026,17:02:59,22.8,33.3
05/09/2026,17:07:59,22.7,32.8
05/09/2026,17:12:59,22.7,33.4
05/09/2026,17:17:59,22.5,33.4
05/09/2026,17:22:59,22.4,33.8
05/09/2026,17:27:59,22.2,33.4
05/09/2026,17:32:59,22,34.2
05/09/2026,17:37:59,21.9,34.4
05/09/2026,17:42:59,21.8,34.5
05/09/2026,17:47:59,21.7,34.8
05/09/2026,17:52:59,21.6,34.6
05/09/2026,17:57:59,21.5,35
05/09/2026,18:02:59,21.4,35.1
05/09/2026,18:07:59,21.3,35
05/09/2026,18:12:59,21.2,34.8
05/09/2026,18:17:59,21,35.1
05/09/2026,18:22:59,20.9,35.3
05/09/2026,18:27:59,20.7,35.5
05/09/2026,18:32:59,20.5,35.4
05/09/2026,18:37:59,20.4,35.9
05/09/2026,18:42:59,20.3,36
05/09/2026,18:47:59,20.2,35.7
05/09/2026,18:52:59,20.1,35.7
05/09/2026,18:57:59,20.2,35.9
05/09/2026,19:02:59,20.4,35.7
05/09/2026,19:07:59,20.5,35
05/09/2026,19:12:59,20.4,35.1
05/09/2026,19:17:59,20.1,34.9
05/09/2026,19:22:59,19.9,35.5
05/09/2026,19:27:59,19.8,35.4
05/09/2026,19:32:59,19.6,35.3
05/09/2026,19:37:59,19.3,35.5
05/09/2026,19:42:59,19.1,36
05/09/2026,19:47:59,18.9,36.1
05/09/2026,19:52:59,18.7,36.5
05/09/2026,19:57:59,18.7,36.2
05/09/2026,20:02:59,18.5,36.7
05/09/2026,20:07:59,18.3,36.6
05/09/2026,20:12:59,18.1,37
05/09/2026,20:17:59,17.8,36.7
05/09/2026,20:22:59,17.7,37.1
05/09/2026,20:27:59,17.5,37.6
05/09/2026,20:32:59,17.3,37.6
05/09/2026,20:37:59,17.1,38.2
05/09/2026,20:42:59,16.9,38.8
05/09/2026,20:47:59,16.6,39
05/09/2026,20:52:59,16.5,39.3
05/09/2026,20:57:59,16.3,39.8
05/09/2026,21:02:59,16.1,40.1
05/09/2026,21:07:59,16,40.1
05/09/2026,21:12:59,15.7,40.6
05/09/2026,21:17:59,15.5,41.1
05/09/2026,21:22:59,15.4,41.9
05/09/2026,21:27:59,15.2,42
05/09/2026,21:32:59,15,42.6
05/09/2026,21:37:59,14.8,42.9
05/09/2026,21:42:59,14.6,43
05/09/2026,21:47:59,14.4,43.3
05/09/2026,21:52:59,14.3,43.5
05/09/2026,21:57:59,14.2,44.1
05/09/2026,22:02:59,14,44.8
05/09/2026,22:07:59,13.9,44.5
05/09/2026,22:12:59,13.7,45.1
05/09/2026,22:17:59,13.6,45.9
05/09/2026,22:22:59,13.4,47.4
05/09/2026,22:27:59,13.2,48.4
05/09/2026,22:32:59,13,49.8
05/09/2026,22:37:59,12.8,52.6
05/09/2026,22:42:59,12.5,54.8
05/09/2026,22:47:59,12.4,56.9
05/09/2026,22:52:59,12.3,58.7
05/09/2026,22:57:59,12.3,60.2
05/09/2026,23:02:59,12.2,61.3
05/09/2026,23:07:59,12.2,62.2
05/09/2026,23:12:59,12.1,62.9
05/09/2026,23:17:59,12.1,63.5
05/09/2026,23:22:59,12,64.3
05/09/2026,23:27:59,11.9,64.9
05/09/2026,23:32:59,11.9,65.3
05/09/2026,23:37:59,11.8,65.6
05/09/2026,23:42:59,11.8,65.9
05/09/2026,23:47:59,11.7,66.3
05/09/2026,23:52:59,11.6,66.6
05/09/2026,23:57:59,11.6,66.7
05/10/2026,00:02:59,11.6,66.9
05/10/2026,00:07:59,11.5,67.1
05/10/2026,00:12:59,11.4,67.4
05/10/2026,00:17:59,11.3,67.6
05/10/2026,00:22:59,11.3,67.8
05/10/2026,00:27:59,11.2,68
05/10/2026,00:32:59,11.2,68.2
05/10/2026,00:37:59,11,68.6
05/10/2026,00:42:59,11,68.9
05/10/2026,00:47:59,10.9,69.2
05/10/2026,00:52:59,10.8,69.5
05/10/2026,00:57:59,10.8,69.6
05/10/2026,01:02:59,10.7,69.9
05/10/2026,01:07:59,10.6,70.3
05/10/2026,01:12:59,10.6,70.6
05/10/2026,01:17:59,10.5,70.9
05/10/2026,01:22:59,10.4,71.2
05/10/2026,01:27:59,10.4,71.6
05/10/2026,01:32:59,10.4,71.8
05/10/2026,01:37:59,10.3,72.2
05/10/2026,01:42:59,10.2,72.6
05/10/2026,01:47:59,10.2,72.9
05/10/2026,01:52:59,10.2,73.1
05/10/2026,01:57:59,10.1,73.2
05/10/2026,02:02:59,10.1,73.6
05/10/2026,02:07:59,10.1,73.9
05/10/2026,02:12:59,10,74.1
05/10/2026,02:17:59,10,74.4
05/10/2026,02:22:59,9.9,74.7
05/10/2026,02:27:59,9.9,75.1
05/10/2026,02:32:59,9.8,75.5
05/10/2026,02:37:59,9.8,75.7
05/10/2026,02:42:59,9.8,75.8
05/10/2026,02:47:59,9.8,76.1
05/10/2026,02:52:59,9.7,76.5
05/10/2026,02:57:59,9.7,76.6
05/10/2026,03:02:59,9.7,76.9
05/10/2026,03:07:59,9.6,76.9
05/10/2026,03:12:59,9.6,77.1
05/10/2026,03:17:59,9.6,77.1
05/10/2026,03:22:59,9.6,77.2
05/10/2026,03:27:59,9.5,77.3
05/10/2026,03:32:59,9.6,77.1
05/10/2026,03:37:59,9.5,77.5
05/10/2026,03:42:59,9.5,77.5
05/10/2026,03:47:59,9.5,77.6
05/10/2026,03:52:59,9.4,77.6
05/10/2026,03:57:59,9.4,77.6
05/10/2026,04:02:59,9.3,77.5
05/10/2026,04:07:59,9.2,77.5
05/10/2026,04:12:59,9.2,77.6
05/10/2026,04:17:59,9.1,77.7
05/10/2026,04:22:59,9.1,77.5
05/10/2026,04:27:59,9,77.5
05/10/2026,04:32:59,9,77.9
05/10/2026,04:37:59,8.9,78
05/10/2026,04:42:59,8.9,78.3
05/10/2026,04:47:59,8.9,78.5
05/10/2026,04:52:59,8.9,78.7
05/10/2026,04:57:59,8.9,79
05/10/2026,05:02:59,8.9,79.2
05/10/2026,05:07:59,8.9,79.5
05/10/2026,05:12:59,9,79.7
05/10/2026,05:17:59,9,79.6
05/10/2026,05:22:59,9,79.6
05/10/2026,05:27:59,9.1,79.6
05/10/2026,05:32:59,9.1,79.6
05/10/2026,05:37:59,9.2,79.8
05/10/2026,05:42:59,9.2,79.8
05/10/2026,05:47:59,9.3,80.1
05/10/2026,05:52:59,9.4,80.2
05/10/2026,05:57:59,9.4,80.1
05/10/2026,06:02:59,9.5,80.1
05/10/2026,06:07:59,9.6,80
05/10/2026,06:12:59,9.7,79.8
05/10/2026,06:17:59,9.8,80.1
05/10/2026,06:22:59,9.9,80.1
05/10/2026,06:27:59,9.9,79.9
05/10/2026,06:32:59,10,79.8
05/10/2026,06:37:59,10.1,79.4
05/10/2026,06:42:59,10.2,79.2
05/10/2026,06:47:59,10.3,78.9
05/10/2026,06:52:59,10.4,78.6
05/10/2026,06:57:59,10.4,78.2
05/10/2026,07:02:59,10.5,78
05/10/2026,07:07:59,10.5,78
05/10/2026,07:12:59,10.5,77.9
05/10/2026,07:17:59,10.6,77.6
05/10/2026,07:22:59,10.6,77.4
05/10/2026,07:27:59,10.7,77.3
05/10/2026,07:32:59,10.7,77.1
05/10/2026,07:37:59,10.8,76.9
05/10/2026,07:42:59,10.8,76.7
05/10/2026,07:47:59,10.9,76.7
05/10/2026,07:52:59,10.9,76
05/10/2026,07:57:59,11,75.5
05/10/2026,08:02:59,11,75.5
05/10/2026,08:07:59,11.1,74.9
05/10/2026,08:12:59,11.1,74.9
05/10/2026,08:17:59,11,74.6
05/10/2026,08:22:59,11.1,74.4
05/10/2026,08:27:59,11.1,74
05/10/2026,08:32:59,11.2,74.1
05/10/2026,08:37:59,11.2,73.8
05/10/2026,08:42:59,11.3,73.5
05/10/2026,08:47:59,11.4,73.3
05/10/2026,08:52:59,11.5,72.7
05/10/2026,08:57:59,11.6,72.5
05/10/2026,09:02:59,11.8,72.1
05/10/2026,09:07:59,11.9,71.5
05/10/2026,09:12:59,12,71.2
05/10/2026,09:17:59,12.2,70.6
05/10/2026,09:22:59,12.2,70.2
05/10/2026,09:27:59,12.2,69.9
05/10/2026,09:32:59,12.3,69.6
05/10/2026,09:37:59,12.4,69.3
05/10/2026,09:42:59,12.3,68.8
05/10/2026,09:47:59,12.3,68.7
05/10/2026,09:52:59,12.2,68.5
05/10/2026,09:57:59,12.2,68.4
05/10/2026,10:02:59,12.2,68.2
05/10/2026,10:07:59,12.3,68
05/10/2026,10:12:59,12.4,67.9
05/10/2026,10:17:59,12.5,67.5
05/10/2026,10:22:59,12.6,67
05/10/2026,10:27:59,12.9,66.7
05/10/2026,10:32:59,13.1,66
05/10/2026,10:37:59,13.2,65.3
05/10/2026,10:42:59,13.5,65
05/10/2026,10:47:59,13.7,64.4
05/10/2026,10:52:59,13.9,63.2
05/10/2026,10:57:59,14.1,62.9
05/10/2026,11:02:59,14.3,61.7
05/10/2026,11:07:59,14.3,61.6
05/10/2026,11:12:59,14.5,60.6
05/10/2026,11:17:59,14.4,60.3
05/10/2026,11:22:59,14.4,59.6
05/10/2026,11:27:59,14.5,59.7
05/10/2026,11:32:59,14.6,60
05/10/2026,11:37:59,14.6,59.6
05/10/2026,11:42:59,14.7,59
05/10/2026,11:47:59,14.9,58.6
05/10/2026,11:52:59,15,56.8
05/10/2026,11:57:59,15.1,56.7
05/10/2026,12:02:59,15.3,56.4
05/10/2026,12:07:59,15.6,57
05/10/2026,12:12:59,16,55.6
05/10/2026,12:17:59,16,54
05/10/2026,12:22:59,16,54.3
05/10/2026,12:27:59,16,54.1
05/10/2026,12:32:59,15.9,52.7
05/10/2026,12:37:59,16,53.5
05/10/2026,12:42:59,16.1,52.9
05/10/2026,12:47:59,16,53.3
05/10/2026,12:52:59,15.8,53
05/10/2026,12:57:59,15.6,53.4
05/10/2026,13:02:59,15.4,53
05/10/2026,13:07:59,15.3,53
05/10/2026,13:12:59,15.2,52.5
05/10/2026,13:17:59,15.1,52.6
05/10/2026,13:22:59,15.2,52.5
05/10/2026,13:27:59,15.5,52
05/10/2026,13:32:59,15.6,51.6
05/10/2026,13:37:59,15.7,51.8
05/10/2026,13:42:59,15.6,51.1
05/10/2026,13:47:59,15.6,50.9
05/10/2026,13:52:59,15.6,49.9
05/10/2026,13:57:59,15.6,50.2
05/10/2026,14:02:59,15.7,50.2
05/10/2026,14:07:59,15.8,49.2
05/10/2026,14:12:59,15.6,49.2
05/10/2026,14:17:59,16.3,49
05/10/2026,14:22:59,16.6,47.9
05/10/2026,14:27:59,16.3,48.2
05/10/2026,14:32:59,16.6,48.8
05/10/2026,14:37:59,16.6,47.7
05/10/2026,14:42:59,16.7,47.3
05/10/2026,14:47:59,17.2,47.3
05/10/2026,14:52:59,17.1,46.9
05/10/2026,14:57:59,16.8,46.8
05/10/2026,15:02:59,17.1,46.5
05/10/2026,15:07:59,17.6,46.5
05/10/2026,15:12:59,17.7,44.6
05/10/2026,15:17:59,17.4,45.1
05/10/2026,15:22:59,17.2,45.7
05/10/2026,15:27:59,17.2,45
05/10/2026,15:32:59,17.1,44.9
05/10/2026,15:37:59,17.4,45.4
05/10/2026,15:42:59,17.6,44.6
05/10/2026,15:47:59,18.1,43.8
05/10/2026,15:52:59,18,43.3
05/10/2026,15:57:59,17.7,43
05/10/2026,16:02:59,17.3,43.1
05/10/2026,16:07:59,17,43.2
05/10/2026,16:12:59,17.3,43.6
05/10/2026,16:17:59,17.6,42.8
05/10/2026,16:22:59,17.3,42.3
05/10/2026,16:27:59,17,42.6
05/10/2026,16:32:59,16.8,43.5
05/10/2026,16:37:59,16.4,43.7
05/10/2026,16:42:59,16.5,43.7
05/10/2026,16:47:59,16.4,43.7
05/10/2026,16:52:59,16.2,43.4
05/10/2026,16:57:59,16.1,42.9
05/10/2026,17:02:59,16,44.1
05/10/2026,17:07:59,15.7,44.4
05/10/2026,17:12:59,15.5,45
05/10/2026,17:17:59,15.3,44.8
05/10/2026,17:22:59,15.2,45.4
05/10/2026,17:27:59,15,45.6
05/10/2026,17:32:59,14.9,44.8
05/10/2026,17:37:59,14.8,45.7
05/10/2026,17:42:59,14.8,45.9
05/10/2026,17:47:59,15,46
05/10/2026,17:52:59,14.9,45.2
05/10/2026,17:57:59,14.8,45.6
05/10/2026,18:02:59,14.6,45.6
05/10/2026,18:07:59,14.6,44.9
05/10/2026,18:12:59,14.3,44.9
05/10/2026,18:17:59,14,45.9
05/10/2026,18:22:59,13.8,45.8
05/10/2026,18:27:59,13.6,45.5
05/10/2026,18:32:59,13.6,46.4
05/10/2026,18:37:59,13.5,46.5
05/10/2026,18:42:59,13.5,46.7
05/10/2026,18:47:59,13.4,46.5
05/10/2026,18:52:59,13.2,46.5
05/10/2026,18:57:59,13.3,46.5
05/10/2026,19:02:59,13.6,46.1
05/10/2026,19:07:59,13.9,45.6
05/10/2026,19:12:59,14,45
05/10/2026,19:17:59,13.9,45
05/10/2026,19:22:59,13.9,45
05/10/2026,19:27:59,13.8,45.4
05/10/2026,19:32:59,13.6,45.5
05/10/2026,19:37:59,13.1,45.7
05/10/2026,19:42:59,12.8,46.6
05/10/2026,19:47:59,12.5,46.7
05/10/2026,19:52:59,12.2,47
05/10/2026,19:57:59,11.9,47.2
05/10/2026,20:02:59,11.8,47.6
05/10/2026,20:07:59,11.7,47.9
05/10/2026,20:12:59,11.5,48.2
05/10/2026,20:17:59,11.3,48.7
05/10/2026,20:22:59,11.1,48.7
05/10/2026,20:27:59,10.9,48.6
05/10/2026,20:32:59,10.7,48.7
05/10/2026,20:37:59,10.6,49.3
05/10/2026,20:42:59,10.5,49.5
05/10/2026,20:47:59,10.4,50
05/10/2026,20:52:59,10.3,50.1
05/10/2026,20:57:59,10.2,50.5
05/10/2026,21:02:59,10,50.7
05/10/2026,21:07:59,9.9,51.2
05/10/2026,21:12:59,9.8,51.4
05/10/2026,21:17:59,9.6,52
05/10/2026,21:22:59,9.5,52.4
05/10/2026,21:27:59,9.4,52.5
05/10/2026,21:32:59,9.2,53.1
05/10/2026,21:37:59,9.1,53.5
05/10/2026,21:42:59,9,53.8
05/10/2026,21:47:59,8.9,53.9
05/10/2026,21:52:59,8.7,54.1
05/10/2026,21:57:59,8.6,54.5
05/10/2026,22:02:59,8.5,55.4
05/10/2026,22:07:59,8.4,55.6
05/10/2026,22:12:59,8.2,55.7
05/10/2026,22:17:59,8.1,56.3
05/10/2026,22:22:59,8,56.5
05/10/2026,22:27:59,7.9,57
05/10/2026,22:32:59,7.7,57.4
05/10/2026,22:37:59,7.6,57.8
05/10/2026,22:42:59,7.5,57.7
05/10/2026,22:47:59,7.4,58.4
05/10/2026,22:52:59,7.3,58.3
05/10/2026,22:57:59,7.2,59.2
05/10/2026,23:02:59,7.1,59.4
05/10/2026,23:07:59,7,59.4
05/10/2026,23:12:59,6.9,59.7
05/10/2026,23:17:59,6.7,60
05/10/2026,23:22:59,6.6,60.2
05/10/2026,23:27:59,6.5,60.6
05/10/2026,23:32:59,6.4,60.9
05/10/2026,23:37:59,6.3,61.4
05/10/2026,23:42:59,6.3,61.8
05/10/2026,23:47:59,6.2,62.2
05/10/2026,23:52:59,6.1,62.4
05/10/2026,23:57:59,6.1,62.2
05/11/2026,00:02:59,6,62.4
05/11/2026,00:07:59,5.9,62.7
05/11/2026,00:12:59,5.9,63.1
05/11/2026,00:17:59,5.8,63.3
05/11/2026,00:22:59,5.8,63.1
05/11/2026,00:27:59,5.8,63.6
05/11/2026,00:32:59,5.7,63.4
05/11/2026,00:37:59,5.6,63.8
05/11/2026,00:42:59,5.6,64.2
05/11/2026,00:47:59,5.5,63.9
05/11/2026,00:52:59,5.4,64.3
05/11/2026,00:57:59,5.3,64
05/11/2026,01:02:59,5.2,64.6
05/11/2026,01:07:59,5.1,64.8
05/11/2026,01:12:59,5,64.9
05/11/2026,01:17:59,5,65
05/11/2026,01:22:59,4.9,65.5
05/11/2026,01:27:59,4.9,65.5
05/11/2026,01:32:59,4.8,65.4
05/11/2026,01:37:59,4.7,65.6
05/11/2026,01:42:59,4.7,65.9
05/11/2026,01:47:59,4.6,65.8
05/11/2026,01:52:59,4.5,66
05/11/2026,01:57:59,4.5,66.1
05/11/2026,02:02:59,4.4,66.5
05/11/2026,02:07:59,4.3,66.6
05/11/2026,02:12:59,4.3,66.7
05/11/2026,02:17:59,4.2,66.8
05/11/2026,02:22:59,4.1,66.9
05/11/2026,02:27:59,4,66.9
05/11/2026,02:32:59,4,67.2
05/11/2026,02:37:59,4,67.8
05/11/2026,02:42:59,3.9,67.8
05/11/2026,02:47:59,3.8,67.8
05/11/2026,02:52:59,3.8,68.1
05/11/2026,02:57:59,3.8,67.9
05/11/2026,03:02:59,3.7,68.1
05/11/2026,03:07:59,3.7,68.3
05/11/2026,03:12:59,3.6,68.4
05/11/2026,03:17:59,3.6,68.3
05/11/2026,03:22:59,3.5,68.3
05/11/2026,03:27:59,3.5,68.7
05/11/2026,03:32:59,3.4,68.7
05/11/2026,03:37:59,3.4,69
05/11/2026,03:42:59,3.3,69.1
05/11/2026,03:47:59,3.3,69.7
05/11/2026,03:52:59,3.3,70.1
05/11/2026,03:57:59,3.3,70.2
05/11/2026,04:02:59,3.2,70.4
05/11/2026,04:07:59,3.2,70.8
05/11/2026,04:12:59,3.3,71.2
05/11/2026,04:17:59,3.3,71.7
05/11/2026,04:22:59,3.3,71.9
05/11/2026,04:27:59,3.3,72
05/11/2026,04:32:59,3.3,72
05/11/2026,04:37:59,3.3,72
05/11/2026,04:42:59,3.3,72
05/11/2026,04:47:59,3.3,72
05/11/2026,04:52:59,3.3,72.2
05/11/2026,04:57:59,3.2,72.2
05/11/2026,05:02:59,3.2,72.4
05/11/2026,05:07:59,3.2,72.4
05/11/2026,05:12:59,3.2,72.4
05/11/2026,05:17:59,3.2,72.4
05/11/2026,05:22:59,3.2,72.5
05/11/2026,05:27:59,3.2,72.5
05/11/2026,05:32:59,3.2,72.7
05/11/2026,05:37:59,3.2,72.8
05/11/2026,05:42:59,3.3,72.9
05/11/2026,05:47:59,3.3,73
05/11/2026,05:52:59,3.4,73.4
05/11/2026,05:57:59,3.5,74.3
05/11/2026,06:02:59,3.8,74.9
05/11/2026,06:07:59,4.1,74.8
05/11/2026,06:12:59,4.4,74.7
05/11/2026,06:17:59,4.6,74.6
05/11/2026,06:22:59,4.8,74.8
05/11/2026,06:27:59,5.1,74.9
05/11/2026,06:32:59,5.3,74.8
05/11/2026,06:37:59,5.6,74.8
05/11/2026,06:42:59,5.8,74.8
05/11/2026,06:47:59,6,74.7
05/11/2026,06:52:59,6.2,74.5
05/11/2026,06:57:59,6.3,74.5
05/11/2026,07:02:59,6.5,74.5
05/11/2026,07:07:59,6.6,74.4
05/11/2026,07:12:59,6.7,74.3
05/11/2026,07:17:59,6.8,74.4
05/11/2026,07:22:59,7,74.3
05/11/2026,07:27:59,7.1,74.3
05/11/2026,07:32:59,7.2,74.2
05/11/2026,07:37:59,7.3,74.2
05/11/2026,07:42:59,7.4,74.4
05/11/2026,07:47:59,7.5,74.7
05/11/2026,07:52:59,7.6,75.2
05/11/2026,07:57:59,7.7,75.5
05/11/2026,08:02:59,7.9,75.9
05/11/2026,08:07:59,8,75.6
05/11/2026,08:12:59,8,75.5
05/11/2026,08:17:59,8,75.3
05/11/2026,08:22:59,8.1,75.1
05/11/2026,08:27:59,8.2,74.9
05/11/2026,08:32:59,8.2,74.6
05/11/2026,08:37:59,8.3,74.6
05/11/2026,08:42:59,8.4,74.2
05/11/2026,08:47:59,8.5,73.8
05/11/2026,08:52:59,8.6,73.6
05/11/2026,08:57:59,8.8,73.2
05/11/2026,09:02:59,8.9,72.9
05/11/2026,09:07:59,9.2,72.5
05/11/2026,09:12:59,9.4,71.9
05/11/2026,09:17:59,9.7,71.4
05/11/2026,09:22:59,9.8,70.2
05/11/2026,09:27:59,9.9,70
05/11/2026,09:32:59,10,69.7
05/11/2026,09:37:59,10.1,69.8
05/11/2026,09:42:59,10.4,69.1
05/11/2026,09:47:59,10.5,68.3
05/11/2026,09:52:59,10.6,68.1
05/11/2026,09:57:59,10.6,67.8
05/11/2026,10:02:59,10.7,67.5
05/11/2026,10:07:59,10.7,66.9
05/11/2026,10:12:59,10.6,67.1
05/11/2026,10:17:59,10.5,66.6
05/11/2026,10:22:59,10.5,65.7
05/11/2026,10:27:59,10.5,65.7
05/11/2026,10:32:59,10.8,63.8
05/11/2026,10:37:59,11,62.5
05/11/2026,10:42:59,11.3,61.1
05/11/2026,10:47:59,11.5,60
05/11/2026,10:52:59,11.6,59.5
05/11/2026,10:57:59,11.5,60.8
05/11/2026,11:02:59,11.5,60.4
05/11/2026,11:07:59,11.4,61.5
05/11/2026,11:12:59,11.3,63.1
05/11/2026,11:17:59,11.2,63
05/11/2026,11:22:59,11.1,63.5
05/11/2026,11:27:59,10.9,63.8
05/11/2026,11:32:59,10.7,65.1
05/11/2026,11:37:59,10.8,64.5
05/11/2026,11:42:59,10.9,65.2
05/11/2026,11:47:59,11.1,64.3
05/11/2026,11:52:59,11.1,63.7
05/11/2026,11:57:59,11.3,62.3
05/11/2026,12:02:59,11.5,61.4
05/11/2026,12:07:59,11.7,61.7
05/11/2026,12:12:59,11.8,59.9
05/11/2026,12:17:59,11.9,60.8
05/11/2026,12:22:59,11.9,60.1
05/11/2026,12:27:59,12.2,61.7
05/11/2026,12:32:59,12.5,60.2
05/11/2026,12:37:59,12.5,59.3
05/11/2026,12:42:59,12.4,58.8
05/11/2026,12:47:59,12.1,58.5
05/11/2026,12:52:59,12.1,58.1
05/11/2026,12:57:59,12.2,57.2
05/11/2026,13:02:59,12.2,55.5
05/11/2026,13:07:59,12.3,56
05/11/2026,13:12:59,12.4,55.4
05/11/2026,13:17:59,12.3,56.1
05/11/2026,13:22:59,12.4,56.1
05/11/2026,13:27:59,12.4,55.6
05/11/2026,13:32:59,12.3,55.2
05/11/2026,13:37:59,12.2,55
05/11/2026,13:42:59,12.3,54.3
05/11/2026,13:47:59,12.4,54.2
05/11/2026,13:52:59,12.5,53.3
05/11/2026,13:57:59,12.5,52.6
05/11/2026,14:02:59,12.5,52.4
05/11/2026,14:07:59,12.6,52.3
05/11/2026,14:12:59,12.9,53.2
05/11/2026,14:17:59,13.4,52.6
05/11/2026,14:22:59,13.5,51.7
05/11/2026,14:27:59,13.6,51.4
05/11/2026,14:32:59,13.8,51
05/11/2026,14:37:59,13.8,51.1
05/11/2026,14:42:59,13.5,50.3
05/11/2026,14:47:59,13.3,50.9
05/11/2026,14:52:59,13.3,51
05/11/2026,14:57:59,13.3,50.8
05/11/2026,15:02:59,13.7,51
05/11/2026,15:07:59,13.9,49.8
05/11/2026,15:12:59,13.9,49
05/11/2026,15:17:59,14,49
05/11/2026,15:22:59,14.2,48.7
05/11/2026,15:27:59,14.2,48.5
05/11/2026,15:32:59,14.2,46.4
05/11/2026,15:37:59,14,47.2
05/11/2026,15:42:59,14,48.1
05/11/2026,15:47:59,14.3,47
05/11/2026,15:52:59,14.4,46.5
05/11/2026,15:57:59,14.6,46.4
05/11/2026,16:02:59,14.7,46.3
05/11/2026,16:07:59,14.6,45.7
05/11/2026,16:12:59,14.4,45.7
05/11/2026,16:17:59,14.2,46
05/11/2026,16:22:59,14.3,46.3
05/11/2026,16:27:59,14.8,46.2
05/11/2026,16:32:59,15,44.6
05/11/2026,16:37:59,14.7,45.3
05/11/2026,16:42:59,14.5,45.7
05/11/2026,16:47:59,14.4,45.4
05/11/2026,16:52:59,14.4,44.9
05/11/2026,16:57:59,14.4,46
05/11/2026,17:02:59,14.3,45.4
05/11/2026,17:07:59,14.2,45.5
05/11/2026,17:12:59,14.1,45.4
05/11/2026,17:17:59,14,45.3
05/11/2026,17:22:59,13.9,45.2
05/11/2026,17:27:59,13.9,45.5
05/11/2026,17:32:59,13.9,45.4
05/11/2026,17:37:59,13.9,45.3
05/11/2026,17:42:59,13.8,45.2
05/11/2026,17:47:59,13.7,44.8
05/11/2026,17:52:59,13.4,44.8
05/11/2026,17:57:59,13.2,45.5
05/11/2026,18:02:59,13,45.4
05/11/2026,18:07:59,12.9,45.4
05/11/2026,18:12:59,12.7,45.5
05/11/2026,18:17:59,12.8,45.3
05/11/2026,18:22:59,12.7,45.5
05/11/2026,18:27:59,12.6,45.1
05/11/2026,18:32:59,12.5,45
05/11/2026,18:37:59,12.4,45.4
05/11/2026,18:42:59,12.3,46.6
05/11/2026,18:47:59,12.2,47.5
05/11/2026,18:52:59,12.1,47.7
05/11/2026,18:57:59,11.9,47.8
05/11/2026,19:02:59,12,48.1
05/11/2026,19:07:59,12.1,48.1
05/11/2026,19:12:59,12.1,48.2
05/11/2026,19:17:59,11.8,48.9
05/11/2026,19:22:59,11.6,49.7
05/11/2026,19:27:59,11.5,50
05/11/2026,19:32:59,11.4,50.6
05/11/2026,19:37:59,11.2,51.1
05/11/2026,19:42:59,11.1,51.6
05/11/2026,19:47:59,11,52
05/11/2026,19:52:59,10.9,52.4
05/11/2026,19:57:59,10.7,52.7
05/11/2026,20:02:59,10.5,53
05/11/2026,20:07:59,10.4,53.3
05/11/2026,20:12:59,10.2,53.9
05/11/2026,20:17:59,10.1,54.5
05/11/2026,20:22:59,10,54.7
05/11/2026,20:27:59,9.9,54.7
05/11/2026,20:32:59,9.8,55.4
05/11/2026,20:37:59,9.7,55.6
05/11/2026,20:42:59,9.6,55.7
05/11/2026,20:47:59,9.5,56.4
05/11/2026,20:52:59,9.3,56.7
05/11/2026,20:57:59,9.2,56.6
05/11/2026,21:02:59,9.1,57
05/11/2026,21:07:59,9,57.3
05/11/2026,21:12:59,8.8,57.7
05/11/2026,21:17:59,8.7,57.9
05/11/2026,21:22:59,8.6,58.2
05/11/2026,21:27:59,8.5,58.6
05/11/2026,21:32:59,8.3,58.8
05/11/2026,21:37:59,8.2,59
05/11/2026,21:42:59,8,59
05/11/2026,21:47:59,7.9,59.3
05/11/2026,21:52:59,7.7,59.6
05/11/2026,21:57:59,7.6,60.4
05/11/2026,22:02:59,7.5,60.8
05/11/2026,22:07:59,7.3,61
05/11/2026,22:12:59,7.2,61.4
05/11/2026,22:17:59,7.1,61.6
05/11/2026,22:22:59,7,62.1
05/11/2026,22:27:59,6.8,62.4
05/11/2026,22:32:59,6.7,62.5
05/11/2026,22:37:59,6.7,62.8
05/11/2026,22:42:59,6.6,62.8
05/11/2026,22:47:59,6.4,63.1
05/11/2026,22:52:59,6.4,63.6
05/11/2026,22:57:59,6.3,64.3
05/11/2026,23:02:59,6.2,64.7
05/11/2026,23:07:59,6.1,64.6
05/11/2026,23:12:59,6.2,65.1
05/11/2026,23:17:59,6.2,64.8
05/11/2026,23:22:59,6.2,65.2
05/11/2026,23:27:59,6.1,65.4
05/11/2026,23:32:59,6,65.3
05/11/2026,23:37:59,6,65.5
05/11/2026,23:42:59,5.9,65.8
05/11/2026,23:47:59,5.8,65.5
05/11/2026,23:52:59,5.8,65.6
05/11/2026,23:57:59,5.6,66
05/12/2026,00:02:59,5.5,66
05/12/2026,00:07:59,5.5,66.2
05/12/2026,00:12:59,5.4,66.5
05/12/2026,00:17:59,5.3,66.5
05/12/2026,00:22:59,5.2,66.7
05/12/2026,00:27:59,5.1,67
05/12/2026,00:32:59,5.1,67.2
05/12/2026,00:37:59,5,67.1
05/12/2026,00:42:59,5,67.2
05/12/2026,00:47:59,4.9,67.2
05/12/2026,00:52:59,4.8,67.5
05/12/2026,00:57:59,4.7,67.7
05/12/2026,01:02:59,4.6,67.8
05/12/2026,01:07:59,4.5,67.9
05/12/2026,01:12:59,4.4,68.4
05/12/2026,01:17:59,4.4,68.6
05/12/2026,01:22:59,4.3,69.1
05/12/2026,01:27:59,4.2,68.9
05/12/2026,01:32:59,4.2,69
05/12/2026,01:37:59,4.2,69.8
05/12/2026,01:42:59,4.2,69.8
05/12/2026,01:47:59,4.1,70
05/12/2026,01:52:59,4.1,69.9
05/12/2026,01:57:59,4.1,70
05/12/2026,02:02:59,4,69.8
05/12/2026,02:07:59,4,69.8
05/12/2026,02:12:59,3.9,70.6
05/12/2026,02:17:59,3.9,70.5
05/12/2026,02:22:59,3.8,70.3
05/12/2026,02:27:59,3.7,70.4
05/12/2026,02:32:59,3.7,70.7
05/12/2026,02:37:59,3.7,71.1
05/12/2026,02:42:59,3.6,71.5
05/12/2026,02:47:59,3.6,71.4
05/12/2026,02:52:59,3.6,71.8
05/12/2026,02:57:59,3.6,71.9
05/12/2026,03:02:59,3.6,72.1
05/12/2026,03:07:59,3.6,71.9
05/12/2026,03:12:59,3.6,71.9
05/12/2026,03:17:59,3.6,72.5
05/12/2026,03:22:59,3.6,72.7
05/12/2026,03:27:59,3.6,72.9
05/12/2026,03:32:59,3.5,73.1
05/12/2026,03:37:59,3.5,73.2
05/12/2026,03:42:59,3.5,73.3
05/12/2026,03:47:59,3.4,73.3
05/12/2026,03:52:59,3.5,73.5
05/12/2026,03:57:59,3.4,73.6
05/12/2026,04:02:59,3.4,73.8
05/12/2026,04:07:59,3.4,73.9
05/12/2026,04:12:59,3.4,74.1
05/12/2026,04:17:59,3.4,74.1
05/12/2026,04:22:59,3.3,74.2
05/12/2026,04:27:59,3.3,74.3
05/12/2026,04:32:59,3.3,74.4
05/12/2026,04:37:59,3.3,74.5
05/12/2026,04:42:59,3.3,74.5
05/12/2026,04:47:59,3.2,74.5
05/12/2026,04:52:59,3.3,74.7
05/12/2026,04:57:59,3.2,74.7
05/12/2026,05:02:59,3.2,74.7
05/12/2026,05:07:59,3.2,74.8
05/12/2026,05:12:59,3.2,74.8
05/12/2026,05:17:59,3.2,74.8
05/12/2026,05:22:59,3.2,74.9
05/12/2026,05:27:59,3.1,75
05/12/2026,05:32:59,3.2,75.1
05/12/2026,05:37:59,3.2,75.2
05/12/2026,05:42:59,3.2,75.2
05/12/2026,05:47:59,3.2,75.3
05/12/2026,05:52:59,3.2,75.4
05/12/2026,05:57:59,3.2,75.5
05/12/2026,06:02:59,3.1,75.5
05/12/2026,06:07:59,3.1,75.6
05/12/2026,06:12:59,3.1,75.7
05/12/2026,06:17:59,3.2,75.9
05/12/2026,06:22:59,3.2,75.9
05/12/2026,06:27:59,3.3,75.9
05/12/2026,06:32:59,3.4,76
05/12/2026,06:37:59,3.5,75.9
05/12/2026,06:42:59,3.7,75.7
05/12/2026,06:47:59,3.8,75.6
05/12/2026,06:52:59,3.9,75.4
05/12/2026,06:57:59,4,75.4
05/12/2026,07:02:59,4.2,75.2
05/12/2026,07:07:59,4.4,74.8
05/12/2026,07:12:59,4.7,74.6
05/12/2026,07:17:59,4.8,74
05/12/2026,07:22:59,5,73.9
05/12/2026,07:27:59,5.2,74
05/12/2026,07:32:59,5.4,73.7
05/12/2026,07:37:59,5.6,73.5
05/12/2026,07:42:59,5.8,73.2
05/12/2026,07:47:59,6,73.1
05/12/2026,07:52:59,6.1,72.8
05/12/2026,07:57:59,6.2,72.5
05/12/2026,08:02:59,6.3,72.3
05/12/2026,08:07:59,6.5,72.4
05/12/2026,08:12:59,6.7,72.1
05/12/2026,08:17:59,6.9,72
05/12/2026,08:22:59,7.1,71.7
05/12/2026,08:27:59,7.3,71.3
05/12/2026,08:32:59,7.6,70.6
05/12/2026,08:37:59,7.9,69.5
05/12/2026,08:42:59,8.1,68.7
05/12/2026,08:47:59,8.4,68.3
05/12/2026,08:52:59,8.6,67.3
05/12/2026,08:57:59,8.9,66.7
05/12/2026,09:02:59,9.3,66.3
05/12/2026,09:07:59,9.5,65.3
05/12/2026,09:12:59,9.8,64.1
05/12/2026,09:17:59,10.1,63.4
05/12/2026,09:22:59,10.3,62.7
05/12/2026,09:27:59,10.5,61.9
05/12/2026,09:32:59,10.8,61.3
05/12/2026,09:37:59,11.1,60.1
05/12/2026,09:42:59,11.2,58.6
05/12/2026,09:47:59,11.4,58.9
05/12/2026,09:52:59,11.7,57.8
05/12/2026,09:57:59,11.9,57.3
05/12/2026,10:02:59,12.1,57.4
05/12/2026,10:07:59,12.1,56.2
05/12/2026,10:12:59,12.1,55.6
05/12/2026,10:17:59,12,56.1
05/12/2026,10:22:59,12,55.3
05/12/2026,10:27:59,12.1,55.6
05/12/2026,10:32:59,12.3,54.7
05/12/2026,10:37:59,12.4,54
05/12/2026,10:42:59,12.5,54.1
05/12/2026,10:47:59,12.7,53.1
05/12/2026,10:52:59,12.8,54.3
05/12/2026,10:57:59,12.9,53.3
05/12/2026,11:02:59,13.2,53.1
05/12/2026,11:07:59,13.4,52.4
05/12/2026,11:12:59,13.4,52.2
05/12/2026,11:17:59,13.6,52.3
05/12/2026,11:22:59,13.9,52.6
05/12/2026,11:27:59,14.1,51
05/12/2026,11:32:59,13.9,51.4
05/12/2026,11:37:59,13.9,51.4
05/12/2026,11:42:59,14.1,51.5
05/12/2026,11:47:59,14.3,51.9
05/12/2026,11:52:59,14.7,51.4
05/12/2026,11:57:59,15.1,50.8
05/12/2026,12:02:59,15.4,49.7
05/12/2026,12:07:59,15.4,49.6
05/12/2026,12:12:59,15.7,49.5
05/12/2026,12:17:59,15.6,48.9
05/12/2026,12:22:59,15.9,49.8
05/12/2026,12:27:59,16.2,48.9
05/12/2026,12:32:59,16.3,48.6
05/12/2026,12:37:59,16.4,49.1
05/12/2026,12:42:59,16.3,48.3
05/12/2026,12:47:59,16.4,48.6
05/12/2026,12:52:59,16.1,47.8
05/12/2026,12:57:59,15.7,48.1
05/12/2026,13:02:59,15.7,47.9
05/12/2026,13:07:59,16,48.7
05/12/2026,13:12:59,16,48.1
05/12/2026,13:17:59,16,48.1
05/12/2026,13:22:59,16.5,48.1
05/12/2026,13:27:59,16.5,47.1
05/12/2026,13:32:59,16.4,47.7
05/12/2026,13:37:59,16,47.6
05/12/2026,13:42:59,15.8,48.3
05/12/2026,13:47:59,15.5,49.1
05/12/2026,13:52:59,15.4,49.4
05/12/2026,13:57:59,15.3,49.8
05/12/2026,14:02:59,15.2,49.9
05/12/2026,14:07:59,15.2,50.2
05/12/2026,14:12:59,15.2,50.3
05/12/2026,14:17:59,15,50.2
05/12/2026,14:22:59,14.9,50.5
05/12/2026,14:27:59,14.9,50.9
05/12/2026,14:32:59,15,51.2
05/12/2026,14:37:59,15,51.4
05/12/2026,14:42:59,15,51.4
05/12/2026,14:47:59,15,51.7
05/12/2026,14:52:59,14.8,51.9
05/12/2026,14:57:59,14.8,52.4
05/12/2026,15:02:59,14.8,52.3
05/12/2026,15:07:59,14.8,52.9
05/12/2026,15:12:59,15,52.9
05/12/2026,15:17:59,15,53
05/12/2026,15:22:59,14.9,53
05/12/2026,15:27:59,14.9,53.3
05/12/2026,15:32:59,15,53.6
05/12/2026,15:37:59,14.9,53.5
05/12/2026,15:42:59,14.8,53.9
05/12/2026,15:47:59,14.8,54.2
05/12/2026,15:52:59,14.9,54.6
05/12/2026,15:57:59,14.9,54.6
05/12/2026,16:02:59,14.9,54.8
05/12/2026,16:07:59,15,54.9
05/12/2026,16:12:59,15,55.1
05/12/2026,16:17:59,14.7,57.3
05/12/2026,16:22:59,14,62.2
05/12/2026,16:27:59,13.2,64.5
05/12/2026,16:32:59,12.7,65.3
05/12/2026,16:37:59,12.3,66.5
05/12/2026,16:42:59,12.1,68.3
05/12/2026,16:47:59,12.1,69.3
05/12/2026,16:52:59,12.3,69.5
05/12/2026,16:57:59,12.5,68.8
05/12/2026,17:02:59,12.6,69.2
05/12/2026,17:07:59,12.9,68.9
05/12/2026,17:12:59,13,67.9
05/12/2026,17:17:59,13.3,66.3
05/12/2026,17:22:59,13.4,63.7
05/12/2026,17:27:59,13.5,62.2
05/12/2026,17:32:59,13.6,61.5
05/12/2026,17:37:59,13.7,59.9
05/12/2026,17:42:59,13.7,59
05/12/2026,17:47:59,13.7,58.4
05/12/2026,17:52:59,13.7,58.3
05/12/2026,17:57:59,13.8,58.1
05/12/2026,18:02:59,13.8,57.1
05/12/2026,18:07:59,14,57.5
05/12/2026,18:12:59,14.1,56.1
05/12/2026,18:17:59,14.1,56.3
05/12/2026,18:22:59,14,55.9
05/12/2026,18:27:59,14,55.3
05/12/2026,18:32:59,14.1,54.6
05/12/2026,18:37:59,14.1,54.2
05/12/2026,18:42:59,14.2,50.8
05/12/2026,18:47:59,14.2,50.2
05/12/2026,18:52:59,14.3,49.6
05/12/2026,18:57:59,14.4,48.4
05/12/2026,19:02:59,14.4,47.3
05/12/2026,19:07:59,14.5,47.3
05/12/2026,19:12:59,14.6,47.3
05/12/2026,19:17:59,14.7,47.6
05/12/2026,19:22:59,14.7,48
05/12/2026,19:27:59,14.6,48.1
05/12/2026,19:32:59,14.4,47.3
05/12/2026,19:37:59,14.1,46.8
05/12/2026,19:42:59,13.9,47.1
05/12/2026,19:47:59,13.7,47.3
05/12/2026,19:52:59,13.6,48.1
05/12/2026,19:57:59,13.4,48.7
05/12/2026,20:02:59,13.3,49.3
05/12/2026,20:07:59,13.1,49.7
05/12/2026,20:12:59,13,49.8
05/12/2026,20:17:59,12.9,50
05/12/2026,20:22:59,12.9,49.9
05/12/2026,20:27:59,12.8,50.3
05/12/2026,20:32:59,12.6,50.6
05/12/2026,20:37:59,12.5,50.9
05/12/2026,20:42:59,12.4,51.2
05/12/2026,20:47:59,12.3,51.6
05/12/2026,20:52:59,12.1,52
05/12/2026,20:57:59,12,52.8
05/12/2026,21:02:59,11.9,53.4
05/12/2026,21:07:59,11.8,53.6
05/12/2026,21:12:59,11.6,54.3
05/12/2026,21:17:59,11.5,55.2
05/12/2026,21:22:59,11.3,55.8
05/12/2026,21:27:59,11.2,56.4
05/12/2026,21:32:59,11,56.6
05/12/2026,21:37:59,10.9,57
05/12/2026,21:42:59,10.7,57.5
05/12/2026,21:47:59,10.6,57.1
05/12/2026,21:52:59,10.5,57.3
05/12/2026,21:57:59,10.5,57.3
05/12/2026,22:02:59,10.4,57.5
05/12/2026,22:07:59,10.4,57.7
05/12/2026,22:12:59,10.3,57.9
05/12/2026,22:17:59,10.3,58.1
05/12/2026,22:22:59,10.2,58.3
05/12/2026,22:27:59,10.1,58.4
05/12/2026,22:32:59,10.1,58.6
05/12/2026,22:37:59,10,58.8
05/12/2026,22:42:59,10,58.9
05/12/2026,22:47:59,10,58.9
05/12/2026,22:52:59,9.9,59.1
05/12/2026,22:57:59,9.9,59.1
05/12/2026,23:02:59,9.9,59.1
05/12/2026,23:07:59,9.9,59.4
05/12/2026,23:12:59,9.9,59.4
05/12/2026,23:17:59,9.9,59.6
05/12/2026,23:22:59,9.8,59.7
05/12/2026,23:27:59,9.7,59.9
05/12/2026,23:32:59,9.7,60
05/12/2026,23:37:59,9.6,60.2
05/12/2026,23:42:59,9.6,60.4
05/12/2026,23:47:59,9.5,60.6
05/12/2026,23:52:59,9.4,60.8
05/12/2026,23:57:59,9.4,61
05/13/2026,00:02:59,9.4,61.2
05/13/2026,00:07:59,9.5,61.3
05/13/2026,00:12:59,9.6,62
05/13/2026,00:17:59,9.6,62.5
05/13/2026,00:22:59,9.7,62.8
05/13/2026,00:27:59,9.7,62.9
05/13/2026,00:32:59,9.7,63
05/13/2026,00:37:59,9.7,63.2
05/13/2026,00:42:59,9.6,63.5
05/13/2026,00:47:59,9.5,63.5
05/13/2026,00:52:59,9.3,63.6
05/13/2026,00:57:59,9.2,63.7
05/13/2026,01:02:59,9.1,63.9
05/13/2026,01:07:59,9,64.1
05/13/2026,01:12:59,8.8,64.4
05/13/2026,01:17:59,8.7,64.8
05/13/2026,01:22:59,8.5,64.9
05/13/2026,01:27:59,8.4,65.2
05/13/2026,01:32:59,8.3,65.5
05/13/2026,01:37:59,8.2,65.6
05/13/2026,01:42:59,8.1,65.9
05/13/2026,01:47:59,8,66.1
05/13/2026,01:52:59,7.9,66.2
05/13/2026,01:57:59,7.8,66.5
05/13/2026,02:02:59,7.8,66.6
05/13/2026,02:07:59,7.8,66.8
05/13/2026,02:12:59,7.8,66.7
05/13/2026,02:17:59,7.8,66.9
05/13/2026,02:22:59,7.8,67
05/13/2026,02:27:59,7.8,67
05/13/2026,02:32:59,7.7,67.2
05/13/2026,02:37:59,7.7,67.2
05/13/2026,02:42:59,7.7,67.3
05/13/2026,02:47:59,7.7,67.4
05/13/2026,02:52:59,7.7,67.5
05/13/2026,02:57:59,7.7,67.6
05/13/2026,03:02:59,7.7,67.7
05/13/2026,03:07:59,7.7,67.7
05/13/2026,03:12:59,7.7,67.9
05/13/2026,03:17:59,7.8,68.2
05/13/2026,03:22:59,7.8,68.5
05/13/2026,03:27:59,7.8,68.7
05/13/2026,03:32:59,7.7,69.5
05/13/2026,03:37:59,7.7,69.2
05/13/2026,03:42:59,7.7,69
05/13/2026,03:47:59,7.8,69.1
05/13/2026,03:52:59,7.8,69.1
05/13/2026,03:57:59,7.9,69.4
05/13/2026,04:02:59,7.9,69.6
05/13/2026,04:07:59,7.9,69.7
05/13/2026,04:12:59,7.8,70.1
05/13/2026,04:17:59,7.8,70.1
05/13/2026,04:22:59,7.7,70.1
05/13/2026,04:27:59,7.6,70.2
05/13/2026,04:32:59,7.6,70.8
05/13/2026,04:37:59,7.5,70.8
05/13/2026,04:42:59,7.6,70.8
05/13/2026,04:47:59,7.6,71
05/13/2026,04:52:59,7.6,70.9
05/13/2026,04:57:59,7.6,71.1
05/13/2026,05:02:59,7.6,71.3
05/13/2026,05:07:59,7.6,71.4
05/13/2026,05:12:59,7.6,71.6
05/13/2026,05:17:59,7.6,71.9
05/13/2026,05:22:59,7.6,72.1
05/13/2026,05:27:59,7.6,72.2
05/13/2026,05:32:59,7.6,72.5
05/13/2026,05:37:59,7.6,72.7
05/13/2026,05:42:59,7.6,72.9
05/13/2026,05:47:59,7.6,73.1
05/13/2026,05:52:59,7.5,73.3
05/13/2026,05:57:59,7.5,73.6
05/13/2026,06:02:59,7.5,74
05/13/2026,06:07:59,7.5,74.5
05/13/2026,06:12:59,7.5,74.8
05/13/2026,06:17:59,7.5,75.2
05/13/2026,06:22:59,7.5,75.3
05/13/2026,06:27:59,7.6,75.5
05/13/2026,06:32:59,7.7,75.7
05/13/2026,06:37:59,7.7,75.9
05/13/2026,06:42:59,7.9,76
05/13/2026,06:47:59,8,76.1
05/13/2026,06:52:59,8.2,76.3
05/13/2026,06:57:59,8.3,76.2
05/13/2026,07:02:59,8.5,76
05/13/2026,07:07:59,8.7,75.9
05/13/2026,07:12:59,8.8,75.4
05/13/2026,07:17:59,9,75.1
05/13/2026,07:22:59,9.1,75
05/13/2026,07:27:59,9.2,74.3
05/13/2026,07:32:59,9.3,73.9
05/13/2026,07:37:59,9.5,73.7
05/13/2026,07:42:59,9.7,73.4
05/13/2026,07:47:59,9.8,72.5
05/13/2026,07:52:59,9.9,71.9
05/13/2026,07:57:59,10,71.3
05/13/2026,08:02:59,10,70.8
05/13/2026,08:07:59,10,70.5
05/13/2026,08:12:59,10.1,70.4
05/13/2026,08:17:59,10.1,69.8
05/13/2026,08:22:59,10.1,69.8
05/13/2026,08:27:59,10.1,69.7
05/13/2026,08:32:59,10.1,70.1
05/13/2026,08:37:59,10.1,70.6
05/13/2026,08:42:59,10.3,70.5
05/13/2026,08:47:59,10.4,69.4
05/13/2026,08:52:59,10.5,68.5
05/13/2026,08:57:59,10.5,68.7
05/13/2026,09:02:59,10.7,68
05/13/2026,09:07:59,11.2,66.2
05/13/2026,09:12:59,11.3,65.6
05/13/2026,09:17:59,11.3,65.1
05/13/2026,09:22:59,11.5,65.1
05/13/2026,09:27:59,11.7,64.7
05/13/2026,09:32:59,12,64.1
05/13/2026,09:37:59,12.1,63.2
05/13/2026,09:42:59,12,62.4
05/13/2026,09:47:59,11.9,62.3
05/13/2026,09:52:59,11.8,61.8
05/13/2026,09:57:59,11.6,61.4
05/13/2026,10:02:59,11.6,62.3
05/13/2026,10:07:59,11.7,61.9
05/13/2026,10:12:59,12.1,60.8
05/13/2026,10:17:59,12,60.6
05/13/2026,10:22:59,11.9,60.6
05/13/2026,10:27:59,11.9,60.2
05/13/2026,10:32:59,11.8,60.5
05/13/2026,10:37:59,12.1,60.5
05/13/2026,10:42:59,12.5,58.2
05/13/2026,10:47:59,12.7,56.7
05/13/2026,10:52:59,12.7,57.3
05/13/2026,10:57:59,12.3,56.8
05/13/2026,11:02:59,12.3,56.6
05/13/2026,11:07:59,12.7,56
05/13/2026,11:12:59,13.1,55.5
05/13/2026,11:17:59,13,56.5
05/13/2026,11:22:59,12.2,59.6
05/13/2026,11:27:59,11.6,61.4
05/13/2026,11:32:59,11.3,62.2
05/13/2026,11:37:59,11,63.8
05/13/2026,11:42:59,10.9,65.6
05/13/2026,11:47:59,10.8,66.4
05/13/2026,11:52:59,10.7,67.2
05/13/2026,11:57:59,10.4,66.8
05/13/2026,12:02:59,9.8,68.2
05/13/2026,12:07:59,9.4,69
05/13/2026,12:12:59,9.2,69.8
05/13/2026,12:17:59,9.1,70.8
05/13/2026,12:22:59,9.1,71.5
05/13/2026,12:27:59,9.3,73
05/13/2026,12:32:59,9.7,72
05/13/2026,12:37:59,10.1,71.4
05/13/2026,12:42:59,10.5,69.4
05/13/2026,12:47:59,10.7,68.6
05/13/2026,12:52:59,10.4,67.9
05/13/2026,12:57:59,10.1,68.5
05/13/2026,13:02:59,10,69.4
05/13/2026,13:07:59,10.1,68.9
05/13/2026,13:12:59,10.4,69.2
05/13/2026,13:17:59,10.6,67.9
05/13/2026,13:22:59,10.9,68
05/13/2026,13:27:59,11.3,67.5
05/13/2026,13:32:59,11.7,66.3
05/13/2026,13:37:59,11.9,64.5
05/13/2026,13:42:59,12.2,65
05/13/2026,13:47:59,12.3,63.6
05/13/2026,13:52:59,11.2,65.5
05/13/2026,13:57:59,10.1,68.5
05/13/2026,14:02:59,9.6,70.8
05/13/2026,14:07:59,9.6,73
05/13/2026,14:12:59,9.8,73.4
05/13/2026,14:17:59,10.4,75
05/13/2026,14:22:59,10.7,72.3
05/13/2026,14:27:59,10.8,71.9
05/13/2026,14:32:59,10.9,71.7
05/13/2026,14:37:59,11.1,71.3
05/13/2026,14:42:59,11.5,71.6
05/13/2026,14:47:59,11.8,69.7
05/13/2026,14:52:59,12,66.6
05/13/2026,14:57:59,12.1,66.3
05/13/2026,15:02:59,12.3,65.6
05/13/2026,15:07:59,12.2,65.5
05/13/2026,15:12:59,12.1,65.9
05/13/2026,15:17:59,12.1,65.1
05/13/2026,15:22:59,11.9,64.3
05/13/2026,15:27:59,12,65.1
05/13/2026,15:32:59,12.4,64.1
05/13/2026,15:37:59,12.4,64.1
05/13/2026,15:42:59,12.1,65.2
05/13/2026,15:47:59,11.6,67.8
05/13/2026,15:52:59,11.7,68.1
05/13/2026,15:57:59,11.8,67.8
05/13/2026,16:02:59,11.8,67.2
05/13/2026,16:07:59,11.5,67.6
05/13/2026,16:12:59,11.3,67.8
05/13/2026,16:17:59,11.2,67
05/13/2026,16:22:59,11.1,65.9
05/13/2026,16:27:59,11,66
05/13/2026,16:32:59,11.2,65.2
05/13/2026,16:37:59,11.1,64.7
05/13/2026,16:42:59,11,64.4
05/13/2026,16:47:59,11.1,64.1
05/13/2026,16:52:59,11.2,64.4
05/13/2026,16:57:59,11.5,64.2
05/13/2026,17:02:59,11.4,64.1
05/13/2026,17:07:59,11.4,65.3
05/13/2026,17:12:59,11.3,64
05/13/2026,17:17:59,10.9,63.5
05/13/2026,17:22:59,10.5,65
05/13/2026,17:27:59,10.3,66.5
05/13/2026,17:32:59,10.2,65.6
05/13/2026,17:37:59,10.2,65.6
05/13/2026,17:42:59,10.1,66.1
05/13/2026,17:47:59,10.2,66.4
05/13/2026,17:52:59,10.2,66.4
05/13/2026,17:57:59,10.2,66.4
05/13/2026,18:02:59,10.2,66.6
05/13/2026,18:07:59,10.3,66.9
05/13/2026,18:12:59,10.2,67.6
05/13/2026,18:17:59,10.1,67.7
05/13/2026,18:22:59,10.2,67.8
05/13/2026,18:27:59,10.2,67.8
05/13/2026,18:32:59,10.1,67.6
05/13/2026,18:37:59,10.2,67.7
05/13/2026,18:42:59,10.3,67.6
05/13/2026,18:47:59,10.4,67.6
05/13/2026,18:52:59,10.5,67.2
05/13/2026,18:57:59,10.6,66.5
05/13/2026,19:02:59,10.6,65.9
05/13/2026,19:07:59,10.7,66.1
05/13/2026,19:12:59,10.8,65.6
05/13/2026,19:17:59,10.9,65.6
05/13/2026,19:22:59,11.1,65.3
05/13/2026,19:27:59,11.2,64.8
05/13/2026,19:32:59,10.9,65
05/13/2026,19:37:59,10.6,65.7
05/13/2026,19:42:59,10.3,66.3
05/13/2026,19:47:59,10.2,67.1
05/13/2026,19:52:59,10,66.9
05/13/2026,19:57:59,9.8,66.8
05/13/2026,20:02:59,9.8,69.1
05/13/2026,20:07:59,9.6,69.6
05/13/2026,20:12:59,9.4,69.7
05/13/2026,20:17:59,9.1,70.3
05/13/2026,20:22:59,8.9,71.5
05/13/2026,20:27:59,8.7,72.2
05/13/2026,20:32:59,8.4,73.1
05/13/2026,20:37:59,8.3,73.6
05/13/2026,20:42:59,8.3,74.4
05/13/2026,20:47:59,8.3,74.4
05/13/2026,20:52:59,8.2,74.8
05/13/2026,20:57:59,8.2,75
05/13/2026,21:02:59,8.1,75.2
05/13/2026,21:07:59,8.1,75.4
05/13/2026,21:12:59,8.1,75.7
05/13/2026,21:17:59,8,75.7
05/13/2026,21:22:59,8.1,76.1
05/13/2026,21:27:59,8.1,76.2
05/13/2026,21:32:59,8.1,75.9
05/13/2026,21:37:59,8.1,76.6
05/13/2026,21:42:59,8.1,76.6
05/13/2026,21:47:59,8,76.7
05/13/2026,21:52:59,8,76.8
05/13/2026,21:57:59,7.9,76.7
05/13/2026,22:02:59,7.9,76.8
05/13/2026,22:07:59,7.8,77.2
05/13/2026,22:12:59,7.7,77.7
05/13/2026,22:17:59,7.6,78
05/13/2026,22:22:59,7.6,78.3
05/13/2026,22:27:59,7.6,78.5
05/13/2026,22:32:59,7.5,78.6
05/13/2026,22:37:59,7.5,78.5
05/13/2026,22:42:59,7.5,78.4
05/13/2026,22:47:59,7.5,78.4
05/13/2026,22:52:59,7.4,78.4
05/13/2026,22:57:59,7.3,78.5
05/13/2026,23:02:59,7.2,78.7
05/13/2026,23:07:59,7.2,78.8
05/13/2026,23:12:59,7.1,78.9
05/13/2026,23:17:59,7.1,78.9
05/13/2026,23:22:59,7,79
05/13/2026,23:27:59,7,79.1
05/13/2026,23:32:59,6.9,79.1
05/13/2026,23:37:59,6.9,79.3
05/13/2026,23:42:59,6.9,79.4
05/13/2026,23:47:59,6.9,79.5
05/13/2026,23:52:59,6.8,79.6
05/13/2026,23:57:59,6.8,79.9
05/14/2026,00:02:59,6.7,80
05/14/2026,00:07:59,6.7,80.1
05/14/2026,00:12:59,6.7,80.2
05/14/2026,00:17:59,6.6,80.3
05/14/2026,00:22:59,6.6,80.5
05/14/2026,00:27:59,6.6,80.6
05/14/2026,00:32:59,6.5,80.7
05/14/2026,00:37:59,6.6,80.9
05/14/2026,00:42:59,6.5,81
05/14/2026,00:47:59,6.5,81.1
05/14/2026,00:52:59,6.5,81.3
05/14/2026,00:57:59,6.4,81.5
05/14/2026,01:02:59,6.4,81.7
05/14/2026,01:07:59,6.5,81.8
05/14/2026,01:12:59,6.5,81.9
05/14/2026,01:17:59,6.5,81.9
05/14/2026,01:22:59,6.6,82
05/14/2026,01:27:59,6.6,82
05/14/2026,01:32:59,6.6,82
05/14/2026,01:37:59,6.6,82.1
05/14/2026,01:42:59,6.6,82.2
05/14/2026,01:47:59,6.6,82.3
05/14/2026,01:52:59,6.5,82.3
05/14/2026,01:57:59,6.5,82.3
05/14/2026,02:02:59,6.5,82.3
05/14/2026,02:07:59,6.5,82.4
05/14/2026,02:12:59,6.4,82.5
05/14/2026,02:17:59,6.5,82.5
05/14/2026,02:22:59,6.4,82.5
05/14/2026,02:27:59,6.4,82.5
05/14/2026,02:32:59,6.4,82.5
05/14/2026,02:37:59,6.4,82.5
05/14/2026,02:42:59,6.4,82.4
05/14/2026,02:47:59,6.5,82.3
05/14/2026,02:52:59,6.5,82.3
05/14/2026,02:57:59,6.5,82.3
05/14/2026,03:02:59,6.5,82.2
05/14/2026,03:07:59,6.5,82.2
05/14/2026,03:12:59,6.5,82.2
05/14/2026,03:17:59,6.5,82.2
05/14/2026,03:22:59,6.4,82.2
05/14/2026,03:27:59,6.4,82.3
05/14/2026,03:32:59,6.4,82.3
05/14/2026,03:37:59,6.4,82.3
05/14/2026,03:42:59,6.3,82.4
05/14/2026,03:47:59,6.3,82.4
05/14/2026,03:52:59,6.3,82.4
05/14/2026,03:57:59,6.2,82.4
05/14/2026,04:02:59,6.2,82.4
05/14/2026,04:07:59,6.1,82.4
05/14/2026,04:12:59,6.1,82.4
05/14/2026,04:17:59,6.1,82.4
05/14/2026,04:22:59,6.1,82.3
05/14/2026,04:27:59,6,82.2
05/14/2026,04:32:59,6,82.2
05/14/2026,04:37:59,6,82.3
05/14/2026,04:42:59,5.9,82.3
05/14/2026,04:47:59,5.9,82.3
05/14/2026,04:52:59,5.8,82.3
05/14/2026,04:57:59,5.7,82.4
05/14/2026,05:02:59,5.7,82.5
05/14/2026,05:07:59,5.6,82.7
05/14/2026,05:12:59,5.6,82.7
05/14/2026,05:17:59,5.6,82.9
05/14/2026,05:22:59,5.6,83
05/14/2026,05:27:59,5.5,83.1
05/14/2026,05:32:59,5.5,83.2
05/14/2026,05:37:59,5.5,83.3
05/14/2026,05:42:59,5.5,83.4
05/14/2026,05:47:59,5.4,83.5
05/14/2026,05:52:59,5.4,83.7
05/14/2026,05:57:59,5.4,83.7
05/14/2026,06:02:59,5.4,83.9
05/14/2026,06:07:59,5.4,83.9
05/14/2026,06:12:59,5.5,84
05/14/2026,06:17:59,5.5,84
05/14/2026,06:22:59,5.5,84
05/14/2026,06:27:59,5.5,84
05/14/2026,06:32:59,5.5,84.2
05/14/2026,06:37:59,5.5,84.4
05/14/2026,06:42:59,5.6,84.5
05/14/2026,06:47:59,5.7,84.6
05/14/2026,06:52:59,5.8,84.5
05/14/2026,06:57:59,5.8,84.4
05/14/2026,07:02:59,5.9,84.5
05/14/2026,07:07:59,6,84.4
05/14/2026,07:12:59,6.1,84.4
05/14/2026,07:17:59,6.2,84.4
05/14/2026,07:22:59,6.3,84.2
05/14/2026,07:27:59,6.4,84.2
05/14/2026,07:32:59,6.4,84.3
05/14/2026,07:37:59,6.4,84.3
05/14/2026,07:42:59,6.4,84.4
05/14/2026,07:47:59,6.5,84.5
05/14/2026,07:52:59,6.5,84.7
05/14/2026,07:57:59,6.7,85.2
05/14/2026,08:02:59,7,85
05/14/2026,08:07:59,7.2,84.3
05/14/2026,08:12:59,7.3,83.4
05/14/2026,08:17:59,7.4,82.6
05/14/2026,08:22:59,7.6,82.6
05/14/2026,08:27:59,7.8,83
05/14/2026,08:32:59,8.1,82.3
05/14/2026,08:37:59,8.1,82.1
05/14/2026,08:42:59,8.3,81.4
05/14/2026,08:47:59,8.3,80.8
05/14/2026,08:52:59,8.5,80.6
05/14/2026,08:57:59,8.6,80.1
05/14/2026,09:02:59,8.6,79.8
05/14/2026,09:07:59,8.7,79.3
05/14/2026,09:12:59,8.8,79.4
05/14/2026,09:17:59,8.9,78.9
05/14/2026,09:22:59,9,78.4
05/14/2026,09:27:59,9,77.1
05/14/2026,09:32:59,9.2,77.8
05/14/2026,09:37:59,9.3,77.7
05/14/2026,09:42:59,9.5,76.9
05/14/2026,09:47:59,9.5,76.8
05/14/2026,09:52:59,9.7,76.5
05/14/2026,09:57:59,9.9,76.1
05/14/2026,10:02:59,10,74.7
05/14/2026,10:07:59,10,74.3
05/14/2026,10:12:59,10,74.8
05/14/2026,10:17:59,10.2,74.2
05/14/2026,10:22:59,10.4,74.4
05/14/2026,10:27:59,10.7,74.2
05/14/2026,10:32:59,11,72.3
05/14/2026,10:37:59,11,71.2
05/14/2026,10:42:59,11,69.9
05/14/2026,10:47:59,11.4,70
05/14/2026,10:52:59,11.6,68.4
05/14/2026,10:57:59,11.9,69.1
05/14/2026,11:02:59,12.2,68.5
05/14/2026,11:07:59,12.1,66.6
05/14/2026,11:12:59,12,66.5
05/14/2026,11:17:59,12.1,66.8
05/14/2026,11:22:59,11.9,66.3
05/14/2026,11:27:59,11.9,65.1
05/14/2026,11:32:59,11.7,63.6
05/14/2026,11:37:59,11.6,64.8
05/14/2026,11:42:59,11.8,64.6
05/14/2026,11:47:59,12,63.8
05/14/2026,11:52:59,12.2,62.9
05/14/2026,11:57:59,12.4,63.5
05/14/2026,12:02:59,12.7,61.9
05/14/2026,12:07:59,12.6,62.2
05/14/2026,12:12:59,12.6,60.8
05/14/2026,12:17:59,12.5,60.4
05/14/2026,12:22:59,12.7,60.2
05/14/2026,12:27:59,12.9,59.9
05/14/2026,12:32:59,12.6,60.4
05/14/2026,12:37:59,12.3,59.8
05/14/2026,12:42:59,12.5,59.8
05/14/2026,12:47:59,12.8,59.1
05/14/2026,12:52:59,12.9,58.6
05/14/2026,12:57:59,12.9,56.6
05/14/2026,13:02:59,12.8,56.5
05/14/2026,13:07:59,13.1,56
05/14/2026,13:12:59,13.5,53.8
05/14/2026,13:17:59,13.9,53.2
05/14/2026,13:22:59,13.9,53.5
05/14/2026,13:27:59,13.5,55.6
05/14/2026,13:32:59,13,58.8
05/14/2026,13:37:59,12.7,61.4
05/14/2026,13:42:59,12.3,63.4
05/14/2026,13:47:59,11.8,63.5
05/14/2026,13:52:59,11.5,65.1
05/14/2026,13:57:59,11.3,66.3
05/14/2026,14:02:59,11.2,66.6
05/14/2026,14:07:59,11.1,66.1
05/14/2026,14:12:59,11.1,66.5
05/14/2026,14:17:59,11.2,66.2
05/14/2026,14:22:59,11.4,65.3
05/14/2026,14:27:59,11.6,66.7
05/14/2026,14:32:59,12,69
05/14/2026,14:37:59,12.4,68.6
05/14/2026,14:42:59,12.8,66.5
05/14/2026,14:47:59,12.8,67.1
05/14/2026,14:52:59,12.7,66.7
05/14/2026,14:57:59,12.8,66.4
05/14/2026,15:02:59,13.2,66.4
05/14/2026,15:07:59,13.3,65.5
05/14/2026,15:12:59,13.2,65.8
05/14/2026,15:17:59,13,66.7
05/14/2026,15:22:59,12.6,65.4
05/14/2026,15:27:59,12.3,65.8
05/14/2026,15:32:59,12.3,65.4
05/14/2026,15:37:59,12.2,65.9
05/14/2026,15:42:59,12.1,67.3
05/14/2026,15:47:59,12,67.3
05/14/2026,15:52:59,12,66.8
05/14/2026,15:57:59,12,67.5
05/14/2026,16:02:59,12.1,66.8
05/14/2026,16:07:59,12.5,66.2
05/14/2026,16:12:59,13,66.2
05/14/2026,16:17:59,13.6,64.5
05/14/2026,16:22:59,14.1,63.7
05/14/2026,16:27:59,14.4,60.7
05/14/2026,16:32:59,14.7,59.7
05/14/2026,16:37:59,14.7,60.5
05/14/2026,16:42:59,14.6,60.2
05/14/2026,16:47:59,14.4,59.7
05/14/2026,16:52:59,14.3,59.5
05/14/2026,16:57:59,14.1,58.9
05/14/2026,17:02:59,13.9,57.7
05/14/2026,17:07:59,13.6,57.1
05/14/2026,17:12:59,13.5,57.6
05/14/2026,17:17:59,13.4,57.9
05/14/2026,17:22:59,13.3,59
05/14/2026,17:27:59,13.2,58.3
05/14/2026,17:32:59,13.1,57
05/14/2026,17:37:59,13.1,58.4
05/14/2026,17:42:59,13,57.3
05/14/2026,17:47:59,12.9,57.4
05/14/2026,17:52:59,12.8,58.1
05/14/2026,17:57:59,12.8,58.4
05/14/2026,18:02:59,12.9,58.1
05/14/2026,18:07:59,12.9,58
05/14/2026,18:12:59,13,58.6
05/14/2026,18:17:59,13,57.8
05/14/2026,18:22:59,13.1,57.8
05/14/2026,18:27:59,13.1,57.7
05/14/2026,18:32:59,13.1,57.2
05/14/2026,18:37:59,13.1,57.1
05/14/2026,18:42:59,13.1,56.8
05/14/2026,18:47:59,13,55.8
05/14/2026,18:52:59,12.9,56.5
05/14/2026,18:57:59,12.9,57
05/14/2026,19:02:59,13,57
05/14/2026,19:07:59,13.4,55.8
05/14/2026,19:12:59,13.7,55.1
05/14/2026,19:17:59,14,54.6
05/14/2026,19:22:59,14.2,54
05/14/2026,19:27:59,14.2,53.7
05/14/2026,19:32:59,14.1,53.6
05/14/2026,19:37:59,13.8,54.1
05/14/2026,19:42:59,13.5,54.5
05/14/2026,19:47:59,13.2,54
05/14/2026,19:52:59,12.9,56.1
05/14/2026,19:57:59,12.8,56.4
05/14/2026,20:02:59,12.6,56.7
05/14/2026,20:07:59,12.3,57.5
05/14/2026,20:12:59,12.1,57.8
05/14/2026,20:17:59,11.9,58.4
05/14/2026,20:22:59,11.7,58.8
05/14/2026,20:27:59,11.5,59
05/14/2026,20:32:59,11.3,59.3
05/14/2026,20:37:59,11.2,59.8
05/14/2026,20:42:59,11,60.7
05/14/2026,20:47:59,10.9,61.5
05/14/2026,20:52:59,10.9,62
05/14/2026,20:57:59,10.8,63
05/14/2026,21:02:59,10.7,62.5
05/14/2026,21:07:59,10.6,62.1
05/14/2026,21:12:59,10.5,63.3
05/14/2026,21:17:59,10.4,64.2
05/14/2026,21:22:59,10.2,64.9
05/14/2026,21:27:59,10,65.3
05/14/2026,21:32:59,9.9,66
05/14/2026,21:37:59,9.9,67.1
05/14/2026,21:42:59,9.8,67.9
05/14/2026,21:47:59,9.7,68.9
05/14/2026,21:52:59,9.6,68.9
05/14/2026,21:57:59,9.6,69.4
05/14/2026,22:02:59,9.6,69.5
05/14/2026,22:07:59,9.5,69.4
05/14/2026,22:12:59,9.3,69.6
05/14/2026,22:17:59,9.3,70.3
05/14/2026,22:22:59,9.1,70.7
05/14/2026,22:27:59,8.9,71
05/14/2026,22:32:59,8.9,71.4
05/14/2026,22:37:59,8.8,71.6
05/14/2026,22:42:59,8.7,72.1
05/14/2026,22:47:59,8.6,72.6
05/14/2026,22:52:59,8.6,72.5
05/14/2026,22:57:59,8.5,72.9
05/14/2026,23:02:59,8.4,73
05/14/2026,23:07:59,8.3,73.5
05/14/2026,23:12:59,8.3,74.1
05/14/2026,23:17:59,8.2,74.7
05/14/2026,23:22:59,8.2,75.1
05/14/2026,23:27:59,8.1,75.4
05/14/2026,23:32:59,8.1,75.8
05/14/2026,23:37:59,8.1,76
05/14/2026,23:42:59,8,76.4
05/14/2026,23:47:59,8,76.7
05/14/2026,23:52:59,7.9,76.9
05/14/2026,23:57:59,7.9,77.1
05/15/2026,00:02:59,7.9,77.3
05/15/2026,00:07:59,7.9,77.6
05/15/2026,00:12:59,7.8,78
05/15/2026,00:17:59,7.8,78.2
05/15/2026,00:22:59,7.9,78.3
05/15/2026,00:27:59,7.9,78.2
05/15/2026,00:32:59,7.9,78.3
05/15/2026,00:37:59,7.9,78.5
05/15/2026,00:42:59,7.8,78.6
05/15/2026,00:47:59,7.8,78.8
05/15/2026,00:52:59,7.8,79.1
05/15/2026,00:57:59,7.9,79.2
05/15/2026,01:02:59,7.8,79.4
05/15/2026,01:07:59,7.8,79.6
05/15/2026,01:12:59,7.8,79.7
05/15/2026,01:17:59,7.8,79.9
05/15/2026,01:22:59,7.7,80.1
05/15/2026,01:27:59,7.7,80.2
05/15/2026,01:32:59,7.6,80.4
05/15/2026,01:37:59,7.6,80.5
05/15/2026,01:42:59,7.5,80.7
05/15/2026,01:47:59,7.5,80.8
05/15/2026,01:52:59,7.4,80.9
05/15/2026,01:57:59,7.4,81.1
05/15/2026,02:02:59,7.3,81.2
05/15/2026,02:07:59,7.3,81.3
05/15/2026,02:12:59,7.2,81.4
05/15/2026,02:17:59,7.2,81.6
05/15/2026,02:22:59,7.1,81.7
05/15/2026,02:27:59,7,81.9
05/15/2026,02:32:59,7,82
05/15/2026,02:37:59,7,82.2
05/15/2026,02:42:59,6.9,82.2
05/15/2026,02:47:59,6.9,82.3
05/15/2026,02:52:59,6.8,82.4
05/15/2026,02:57:59,6.8,82.5
05/15/2026,03:02:59,6.8,82.5
05/15/2026,03:07:59,6.8,82.4
05/15/2026,03:12:59,6.8,82.3
05/15/2026,03:17:59,6.7,82.4
05/15/2026,03:22:59,6.7,82.4
05/15/2026,03:27:59,6.7,82.4
05/15/2026,03:32:59,6.7,82.4
05/15/2026,03:37:59,6.7,82.4
05/15/2026,03:42:59,6.7,82.4
05/15/2026,03:47:59,6.7,82.3
05/15/2026,03:52:59,6.6,82.4
05/15/2026,03:57:59,6.6,82.3
05/15/2026,04:02:59,6.5,82.4
05/15/2026,04:07:59,6.5,82.4
05/15/2026,04:12:59,6.5,82.4
05/15/2026,04:17:59,6.4,82.4
05/15/2026,04:22:59,6.4,82.5
05/15/2026,04:27:59,6.4,82.5
05/15/2026,04:32:59,6.3,82.6
05/15/2026,04:37:59,6.3,82.6
05/15/2026,04:42:59,6.2,82.5
05/15/2026,04:47:59,6.2,82.5
05/15/2026,04:52:59,6.1,82.6
05/15/2026,04:57:59,6.1,82.7
05/15/2026,05:02:59,6.1,82.7
05/15/2026,05:07:59,6.1,82.7
05/15/2026,05:12:59,6.2,82.7
05/15/2026,05:17:59,6.2,82.7
05/15/2026,05:22:59,6.2,82.6
05/15/2026,05:27:59,6.3,82.5
05/15/2026,05:32:59,6.3,82.4
05/15/2026,05:37:59,6.4,82.2
05/15/2026,05:42:59,6.4,82.1
05/15/2026,05:47:59,6.4,82
05/15/2026,05:52:59,6.4,82
05/15/2026,05:57:59,6.4,82
05/15/2026,06:02:59,6.4,82
05/15/2026,06:07:59,6.4,81.9
05/15/2026,06:12:59,6.5,81.8
05/15/2026,06:17:59,6.5,81.8
05/15/2026,06:22:59,6.6,81.7
05/15/2026,06:27:59,6.6,81.6
05/15/2026,06:32:59,6.6,81.6
05/15/2026,06:37:59,6.7,81.7
05/15/2026,06:42:59,6.7,81.6
05/15/2026,06:47:59,6.8,81.6
05/15/2026,06:52:59,6.9,81.5
05/15/2026,06:57:59,7,81.2
05/15/2026,07:02:59,7.1,80.8
05/15/2026,07:07:59,7.2,80.4
05/15/2026,07:12:59,7.4,80
05/15/2026,07:17:59,7.4,79.6
05/15/2026,07:22:59,7.5,79.1
05/15/2026,07:27:59,7.5,78.7
05/15/2026,07:32:59,7.6,78.3
05/15/2026,07:37:59,7.7,78
05/15/2026,07:42:59,7.7,77.1
05/15/2026,07:47:59,7.8,76.9
05/15/2026,07:52:59,8,76
05/15/2026,07:57:59,8,76
05/15/2026,08:02:59,8.1,75.4
05/15/2026,08:07:59,8.3,75.1
05/15/2026,08:12:59,8.4,74.8
05/15/2026,08:17:59,8.6,74.4
05/15/2026,08:22:59,8.7,73.6
05/15/2026,08:27:59,8.8,73.7
05/15/2026,08:32:59,9,73
05/15/2026,08:37:59,9.2,71.5
05/15/2026,08:42:59,9.4,70.6
05/15/2026,08:47:59,9.5,69.7
05/15/2026,08:52:59,9.5,70
05/15/2026,08:57:59,9.5,68.9
05/15/2026,09:02:59,9.6,68.7
05/15/2026,09:07:59,9.7,66.7
05/15/2026,09:12:59,9.8,66.3
05/15/2026,09:17:59,9.8,65.1
05/15/2026,09:22:59,9.9,64.9
05/15/2026,09:27:59,10,64.6
05/15/2026,09:32:59,10,64.5
05/15/2026,09:37:59,10.2,64.1
05/15/2026,09:42:59,10.4,65.2
05/15/2026,09:47:59,10.6,63.4
05/15/2026,09:52:59,10.8,63
05/15/2026,09:57:59,10.9,62.2
05/15/2026,10:02:59,10.7,62.1
05/15/2026,10:07:59,10.9,62.2
05/15/2026,10:12:59,10.9,61.7
05/15/2026,10:17:59,11,61.7
05/15/2026,10:22:59,11,61.5
05/15/2026,10:27:59,11.1,61.9
05/15/2026,10:32:59,11,61.9
05/15/2026,10:37:59,11,62.1
05/15/2026,10:42:59,11,61.4
05/15/2026,10:47:59,11.1,61.3
05/15/2026,10:52:59,11.4,59.8
05/15/2026,10:57:59,11.6,59.8
05/15/2026,11:02:59,11.8,59.1
05/15/2026,11:07:59,11.7,58.5
05/15/2026,11:12:59,11.7,58.9
05/15/2026,11:17:59,11.7,59.1
05/15/2026,11:22:59,11.7,58.1
05/15/2026,11:27:59,12,59.2
05/15/2026,11:32:59,12.2,56.7
05/15/2026,11:37:59,12.3,56.8
05/15/2026,11:42:59,12.3,55.5
05/15/2026,11:47:59,12.4,55.7
05/15/2026,11:52:59,12.8,54.2
05/15/2026,11:57:59,12.8,52.4
05/15/2026,12:02:59,13,51.5
05/15/2026,12:07:59,13,50.8
05/15/2026,12:12:59,13.1,50.5
05/15/2026,12:17:59,13,49.5
05/15/2026,12:22:59,13.1,49
05/15/2026,12:27:59,13,49.4
05/15/2026,12:32:59,13,50
05/15/2026,12:37:59,13.3,49.2
05/15/2026,12:42:59,13.4,48.6
05/15/2026,12:47:59,13.6,49
05/15/2026,12:52:59,13.9,49
05/15/2026,12:57:59,13.7,48.2
05/15/2026,13:02:59,13.7,49.3
05/15/2026,13:07:59,14.3,49.2
05/15/2026,13:12:59,14,47.1
05/15/2026,13:17:59,13.9,47.9
05/15/2026,13:22:59,13.8,46.7
05/15/2026,13:27:59,14,44.2
05/15/2026,13:32:59,14.2,45.2
05/15/2026,13:37:59,14.3,46.3
05/15/2026,13:42:59,14.6,45
05/15/2026,13:47:59,14.8,43.3
05/15/2026,13:52:59,15,44.2
05/15/2026,13:57:59,15.6,43.3
05/15/2026,14:02:59,15.6,43.7
05/15/2026,14:07:59,15.5,43.6
05/15/2026,14:12:59,15.2,43.3
05/15/2026,14:17:59,14.9,43.5
05/15/2026,14:22:59,15.1,43
05/15/2026,14:27:59,14.6,42.6
05/15/2026,14:32:59,14.4,43.6
05/15/2026,14:37:59,14.9,43
05/15/2026,14:42:59,15,43
05/15/2026,14:47:59,14.7,43.3
05/15/2026,14:52:59,14.9,43.3
05/15/2026,14:57:59,15.1,42.8
05/15/2026,15:02:59,15.3,42.7
05/15/2026,15:07:59,15.5,42.5
05/15/2026,15:12:59,16,41.4
05/15/2026,15:17:59,15.6,40.7
05/15/2026,15:22:59,15.5,41.8
05/15/2026,15:27:59,15.8,42.3
05/15/2026,15:32:59,16.1,41
05/15/2026,15:37:59,15.7,41.2
05/15/2026,15:42:59,15.5,40
05/15/2026,15:47:59,15.4,40.3
05/15/2026,15:52:59,15.5,39.3
05/15/2026,15:57:59,15.5,38.9
05/15/2026,16:02:59,15.1,38.6
05/15/2026,16:07:59,14.8,39.1
05/15/2026,16:12:59,14.8,39.4
05/15/2026,16:17:59,14.8,39.6
05/15/2026,16:22:59,14.8,40.9
05/15/2026,16:27:59,14.9,41
05/15/2026,16:32:59,15.1,40.5
05/15/2026,16:37:59,15.4,40.8
05/15/2026,16:42:59,15.6,40.2
05/15/2026,16:47:59,15.6,39.1
05/15/2026,16:52:59,15.5,40.4
05/15/2026,16:57:59,15.4,39.4
05/15/2026,17:02:59,15.2,40.6
05/15/2026,17:07:59,15.2,40.1
05/15/2026,17:12:59,15.2,40.5
05/15/2026,17:17:59,15.2,40.3
05/15/2026,17:22:59,15.1,40.4
05/15/2026,17:27:59,15.2,41.1
05/15/2026,17:32:59,15.2,41.2
05/15/2026,17:37:59,15.2,41.2
05/15/2026,17:42:59,15.2,40.8
05/15/2026,17:47:59,15.1,40.4
05/15/2026,17:52:59,15.1,41.1
05/15/2026,17:57:59,15,41.3
05/15/2026,18:02:59,15,41.5
05/15/2026,18:07:59,15,41.5
05/15/2026,18:12:59,15,41.2
05/15/2026,18:17:59,15,41.5
05/15/2026,18:22:59,15,41.4
05/15/2026,18:27:59,14.8,40.9
05/15/2026,18:32:59,14.5,41.3
05/15/2026,18:37:59,14.3,42
05/15/2026,18:42:59,14.2,41.3
05/15/2026,18:47:59,14.2,42
05/15/2026,18:52:59,14.3,41.6
05/15/2026,18:57:59,14.2,42.3
05/15/2026,19:02:59,14.2,42.3
05/15/2026,19:07:59,14.5,42.2
05/15/2026,19:12:59,14.8,42.3
05/15/2026,19:17:59,14.9,43
05/15/2026,19:22:59,15.1,42.9
05/15/2026,19:27:59,15.2,43.2
05/15/2026,19:32:59,15.1,43.6
05/15/2026,19:37:59,14.8,43.9
05/15/2026,19:42:59,14.4,44.3
05/15/2026,19:47:59,14.2,44.6
05/15/2026,19:52:59,14,45.9
05/15/2026,19:57:59,13.8,45.2
05/15/2026,20:02:59,13.7,46.3
05/15/2026,20:07:59,13.5,46.6
05/15/2026,20:12:59,13.4,46.4
05/15/2026,20:17:59,13.2,47
05/15/2026,20:22:59,13.1,47.4
05/15/2026,20:27:59,12.9,48.3
05/15/2026,20:32:59,12.7,49.5
05/15/2026,20:37:59,12.6,49.9
05/15/2026,20:42:59,12.4,50.5
05/15/2026,20:47:59,12.2,51
05/15/2026,20:52:59,12,51.9
05/15/2026,20:57:59,11.8,52.4
05/15/2026,21:02:59,11.6,53
05/15/2026,21:07:59,11.4,53.6
05/15/2026,21:12:59,11.2,54
05/15/2026,21:17:59,11.1,54.7
05/15/2026,21:22:59,10.9,55.2
05/15/2026,21:27:59,10.7,56.2
05/15/2026,21:32:59,10.6,56.3
05/15/2026,21:37:59,10.5,56.8
05/15/2026,21:42:59,10.3,57.2
05/15/2026,21:47:59,10.2,57
05/15/2026,21:52:59,10.1,57.5
05/15/2026,21:57:59,10,58.4
05/15/2026,22:02:59,9.8,59
05/15/2026,22:07:59,9.8,59.6
05/15/2026,22:12:59,9.7,59.6
05/15/2026,22:17:59,9.7,59.8
05/15/2026,22:22:59,9.6,60
05/15/2026,22:27:59,9.6,60.3
05/15/2026,22:32:59,9.6,60.7
05/15/2026,22:37:59,9.6,60.3
05/15/2026,22:42:59,9.6,60.7
05/15/2026,22:47:59,9.6,60.3
05/15/2026,22:52:59,9.6,60.4
05/15/2026,22:57:59,9.6,60.4
05/15/2026,23:02:59,9.6,60.5
05/15/2026,23:07:59,9.6,60.7
05/15/2026,23:12:59,9.6,60.5
05/15/2026,23:17:59,9.6,60.5
05/15/2026,23:22:59,9.6,60.5
05/15/2026,23:27:59,9.6,60.8
05/15/2026,23:32:59,9.6,60.9
05/15/2026,23:37:59,9.6,61.1
05/15/2026,23:42:59,9.6,61.2
05/15/2026,23:47:59,9.6,61.3
05/15/2026,23:52:59,9.6,61.1
05/15/2026,23:57:59,9.6,61.2
05/16/2026,00:02:59,9.6,61.3
05/16/2026,00:07:59,9.6,61.2
05/16/2026,00:12:59,9.6,61.2
05/16/2026,00:17:59,9.6,61.3
05/16/2026,00:22:59,9.5,61.5
05/16/2026,00:27:59,9.4,61.8
05/16/2026,00:32:59,9.3,62
05/16/2026,00:37:59,9.1,62.1
05/16/2026,00:42:59,8.9,62.3
05/16/2026,00:47:59,8.8,62.3
05/16/2026,00:52:59,8.6,62.5
05/16/2026,00:57:59,8.4,62.7
05/16/2026,01:02:59,8.3,63
05/16/2026,01:07:59,8.3,63.3
05/16/2026,01:12:59,8.3,63.3
05/16/2026,01:17:59,8.2,63.2
05/16/2026,01:22:59,8.2,63.4
05/16/2026,01:27:59,8.2,63.6
05/16/2026,01:32:59,8.2,63.7
05/16/2026,01:37:59,8.1,64
05/16/2026,01:42:59,8.1,64
05/16/2026,01:47:59,8,64
05/16/2026,01:52:59,7.9,64.2
05/16/2026,01:57:59,7.8,64
05/16/2026,02:02:59,7.6,63.6
05/16/2026,02:07:59,7.6,63.5
05/16/2026,02:12:59,7.4,63.4
05/16/2026,02:17:59,7.3,63.6
05/16/2026,02:22:59,7.3,63.7
05/16/2026,02:27:59,7.2,63.9
05/16/2026,02:32:59,7,64
05/16/2026,02:37:59,6.9,64
05/16/2026,02:42:59,6.8,64.5
05/16/2026,02:47:59,6.7,64.7
05/16/2026,02:52:59,6.6,64.8
05/16/2026,02:57:59,6.5,65.2
05/16/2026,03:02:59,6.4,65.4
05/16/2026,03:07:59,6.2,65.3
05/16/2026,03:12:59,6.1,65.7
05/16/2026,03:17:59,6.1,65.9
05/16/2026,03:22:59,6,66.1
05/16/2026,03:27:59,5.9,66.2
05/16/2026,03:32:59,5.8,66.5
05/16/2026,03:37:59,5.7,66.7
05/16/2026,03:42:59,5.7,66.7
05/16/2026,03:47:59,5.6,66.9
05/16/2026,03:52:59,5.6,67.3
05/16/2026,03:57:59,5.5,67.6
05/16/2026,04:02:59,5.5,67.8
05/16/2026,04:07:59,5.4,68
05/16/2026,04:12:59,5.4,68.3
05/16/2026,04:17:59,5.3,68.4
05/16/2026,04:22:59,5.3,68.6
05/16/2026,04:27:59,5.3,68.7
05/16/2026,04:32:59,5.2,68.8
05/16/2026,04:37:59,5.1,69.2
05/16/2026,04:42:59,5.1,69.4
05/16/2026,04:47:59,5.1,69.8
05/16/2026,04:52:59,5,70
05/16/2026,04:57:59,5,70.4
05/16/2026,05:02:59,5,70.7
05/16/2026,05:07:59,4.9,70.9
05/16/2026,05:12:59,5,71.1
05/16/2026,05:17:59,5,71.3
05/16/2026,05:22:59,5.1,71.6
05/16/2026,05:27:59,5.2,71.6
05/16/2026,05:32:59,5.2,71.7
05/16/2026,05:37:59,5.3,71.7
05/16/2026,05:42:59,5.3,71.8
05/16/2026,05:47:59,5.3,72
05/16/2026,05:52:59,5.3,72
05/16/2026,05:57:59,5.3,72.2
05/16/2026,06:02:59,5.3,72.3
05/16/2026,06:07:59,5.4,72.5
05/16/2026,06:12:59,5.4,72.7
05/16/2026,06:17:59,5.5,73
05/16/2026,06:22:59,5.7,72.9
05/16/2026,06:27:59,5.8,72.8
05/16/2026,06:32:59,6,72.7
05/16/2026,06:37:59,6.1,72.6
05/16/2026,06:42:59,6.3,72.4
05/16/2026,06:47:59,6.4,72.4
05/16/2026,06:52:59,6.6,72.2
05/16/2026,06:57:59,6.7,72.1
05/16/2026,07:02:59,6.8,71.9
05/16/2026,07:07:59,6.9,71.8
05/16/2026,07:12:59,7,71.5
05/16/2026,07:17:59,7.2,71.7
05/16/2026,07:22:59,7.4,71.3
05/16/2026,07:27:59,7.5,71.1
05/16/2026,07:32:59,7.7,70.9
05/16/2026,07:37:59,7.9,70.7
05/16/2026,07:42:59,8.1,70.4
05/16/2026,07:47:59,8.3,69.7
05/16/2026,07:52:59,8.4,69.2
05/16/2026,07:57:59,8.4,69.1
05/16/2026,08:02:59,8.4,69.2
05/16/2026,08:07:59,8.5,69.2
05/16/2026,08:12:59,8.8,68.1
05/16/2026,08:17:59,9,67.7
05/16/2026,08:22:59,9.1,67.3
05/16/2026,08:27:59,9.2,67.2
05/16/2026,08:32:59,9.4,66.9
05/16/2026,08:37:59,9.5,66.5
05/16/2026,08:42:59,9.7,67
05/16/2026,08:47:59,9.9,66.3
05/16/2026,08:52:59,10.1,65.6
05/16/2026,08:57:59,10.2,64.9
05/16/2026,09:02:59,10.2,65.4
05/16/2026,09:07:59,10.5,65.2
05/16/2026,09:12:59,10.7,64.7
05/16/2026,09:17:59,11,64.4
05/16/2026,09:22:59,11.2,63.6
05/16/2026,09:27:59,11.4,62.6
05/16/2026,09:32:59,11.7,61.5
05/16/2026,09:37:59,11.6,60.8
05/16/2026,09:42:59,11.5,59.9
05/16/2026,09:47:59,11.6,60
05/16/2026,09:52:59,11.8,58.8
05/16/2026,09:57:59,11.8,59
05/16/2026,10:02:59,12.1,58.9
05/16/2026,10:07:59,12.2,57.3
05/16/2026,10:12:59,12.3,56.9
05/16/2026,10:17:59,12.5,55.5
05/16/2026,10:22:59,12.5,53.8
05/16/2026,10:27:59,12.7,54.3
05/16/2026,10:32:59,12.6,53.5
05/16/2026,10:37:59,12.4,53.6
05/16/2026,10:42:59,12.5,53.1
05/16/2026,10:47:59,12.9,52.9
05/16/2026,10:52:59,13.3,52
05/16/2026,10:57:59,13.4,51.8
05/16/2026,11:02:59,13.2,51.7
05/16/2026,11:07:59,13.3,50.6
05/16/2026,11:12:59,13.5,46.8
05/16/2026,11:17:59,13.7,46.8
05/16/2026,11:22:59,13.6,46.7
05/16/2026,11:27:59,13.7,47.7
05/16/2026,11:32:59,13.7,48.2
05/16/2026,11:37:59,13.7,47.3
05/16/2026,11:42:59,14.1,48.1
05/16/2026,11:47:59,14.7,46.5
05/16/2026,11:52:59,15.1,47
05/16/2026,11:57:59,15.1,46.1
05/16/2026,12:02:59,15.1,45.8
05/16/2026,12:07:59,15,45.1
05/16/2026,12:12:59,14.8,46.2
05/16/2026,12:17:59,14.9,45.6
05/16/2026,12:22:59,15,45.4
05/16/2026,12:27:59,15.2,44.8
05/16/2026,12:32:59,15.4,44.2
05/16/2026,12:37:59,15.4,44.3
05/16/2026,12:42:59,15.6,44.3
05/16/2026,12:47:59,15.4,44.5
05/16/2026,12:52:59,15.4,45
05/16/2026,12:57:59,15.6,45.6
05/16/2026,13:02:59,16,45
05/16/2026,13:07:59,16,44.1
05/16/2026,13:12:59,15.9,44.7
05/16/2026,13:17:59,15.9,45.4
05/16/2026,13:22:59,15.6,44.9
05/16/2026,13:27:59,15.6,46.3
05/16/2026,13:32:59,15.7,45.9
05/16/2026,13:37:59,15.7,46.9
05/16/2026,13:42:59,15.7,46.8
05/16/2026,13:47:59,15.5,47.4
05/16/2026,13:52:59,15.4,47.9
05/16/2026,13:57:59,15.3,48.4
05/16/2026,14:02:59,15.2,49.2
05/16/2026,14:07:59,15.2,49.2
05/16/2026,14:12:59,15.1,50.1
05/16/2026,14:17:59,15.2,50
05/16/2026,14:22:59,15.2,49.8
05/16/2026,14:27:59,15.1,49.9
05/16/2026,14:32:59,15,50.5
05/16/2026,14:37:59,15.1,50.5
05/16/2026,14:42:59,15,51.4
05/16/2026,14:47:59,15.1,51.3
05/16/2026,14:52:59,15,51.4
05/16/2026,14:57:59,14.9,51.5
05/16/2026,15:02:59,14.8,51.9
05/16/2026,15:07:59,14.7,52.4
05/16/2026,15:12:59,14.6,53.2
05/16/2026,15:17:59,14.7,53.4
05/16/2026,15:22:59,14.9,53.4
05/16/2026,15:27:59,14.9,53.3
05/16/2026,15:32:59,14.9,53.6
05/16/2026,15:37:59,15,53.7
05/16/2026,15:42:59,14.9,53.4
05/16/2026,15:47:59,14.9,53.7
05/16/2026,15:52:59,15,53.8
05/16/2026,15:57:59,15.1,54.1
05/16/2026,16:02:59,15.2,53.2
05/16/2026,16:07:59,15.3,53.6
05/16/2026,16:12:59,15.4,53.3
05/16/2026,16:17:59,15.5,53.6
05/16/2026,16:22:59,15.5,53.3
05/16/2026,16:27:59,15.3,53.3
05/16/2026,16:32:59,15.1,53.5
05/16/2026,16:37:59,15,54.2
05/16/2026,16:42:59,15,54.5
05/16/2026,16:47:59,14.9,54.7
05/16/2026,16:52:59,14.9,55.1
05/16/2026,16:57:59,14.9,55.3
05/16/2026,17:02:59,15,55.5
05/16/2026,17:07:59,15,55.5
05/16/2026,17:12:59,14.9,55.8
05/16/2026,17:17:59,14.9,55.9
05/16/2026,17:22:59,14.9,56.1
05/16/2026,17:27:59,14.8,56
05/16/2026,17:32:59,14.7,56.3
05/16/2026,17:37:59,14.6,56.5
05/16/2026,17:42:59,14.6,56.7
05/16/2026,17:47:59,14.5,57.1
05/16/2026,17:52:59,14.5,57.1
05/16/2026,17:57:59,14.4,57.8
05/16/2026,18:02:59,14.2,59
05/16/2026,18:07:59,14.1,60.9
05/16/2026,18:12:59,13.9,62.3
05/16/2026,18:17:59,13.8,63.2
05/16/2026,18:22:59,13.7,63.8
05/16/2026,18:27:59,13.7,64.3
05/16/2026,18:32:59,13.6,64.9
05/16/2026,18:37:59,13.5,65.8
05/16/2026,18:42:59,13.5,66.3
05/16/2026,18:47:59,13.5,66
05/16/2026,18:52:59,13.4,66.4
05/16/2026,18:57:59,13.3,67.1
05/16/2026,19:02:59,13.3,67.6
05/16/2026,19:07:59,13.2,67.9
05/16/2026,19:12:59,13.2,68.5
05/16/2026,19:17:59,13.1,68.8
05/16/2026,19:22:59,13.1,69.4
05/16/2026,19:27:59,13,69.6
05/16/2026,19:32:59,13,70.3
05/16/2026,19:37:59,12.9,70.8
05/16/2026,19:42:59,12.8,71.3
05/16/2026,19:47:59,12.7,72
05/16/2026,19:52:59,12.7,72.5
05/16/2026,19:57:59,12.6,72.5
05/16/2026,20:02:59,12.6,73
05/16/2026,20:07:59,12.6,73.3
05/16/2026,20:12:59,12.5,73.6
05/16/2026,20:17:59,12.5,74
05/16/2026,20:22:59,12.5,74.2
05/16/2026,20:27:59,12.4,74.4
05/16/2026,20:32:59,12.4,74.8
05/16/2026,20:37:59,12.4,75
05/16/2026,20:42:59,12.3,75.2
05/16/2026,20:47:59,12.3,75.4
05/16/2026,20:52:59,12.2,75.7
05/16/2026,20:57:59,12.2,76.1
05/16/2026,21:02:59,12.1,76.4
05/16/2026,21:07:59,12.1,76.6
05/16/2026,21:12:59,12.1,77
05/16/2026,21:17:59,12.1,77.3
05/16/2026,21:22:59,12,77.5
05/16/2026,21:27:59,12,77.8
05/16/2026,21:32:59,12,78
05/16/2026,21:37:59,12,78.2
05/16/2026,21:42:59,11.9,78.4
05/16/2026,21:47:59,11.9,78.7
05/16/2026,21:52:59,11.9,78.9
05/16/2026,21:57:59,11.9,79.1
05/16/2026,22:02:59,11.9,79.3
05/16/2026,22:07:59,11.9,79.4
05/16/2026,22:12:59,11.8,79.6
05/16/2026,22:17:59,11.8,79.6
05/16/2026,22:22:59,11.8,79.7
05/16/2026,22:27:59,11.8,79.7
05/16/2026,22:32:59,11.8,79.7
05/16/2026,22:37:59,11.8,79.7
05/16/2026,22:42:59,11.8,79.8
05/16/2026,22:47:59,11.8,79.8
05/16/2026,22:52:59,11.7,79.8
05/16/2026,22:57:59,11.7,79.8
05/16/2026,23:02:59,11.7,79.8
05/16/2026,23:07:59,11.7,79.9
05/16/2026,23:12:59,11.7,79.9
05/16/2026,23:17:59,11.6,80
05/16/2026,23:22:59,11.5,80.1
05/16/2026,23:27:59,11.5,80.1
05/16/2026,23:32:59,11.5,80.2
05/16/2026,23:37:59,11.4,80.3
05/16/2026,23:42:59,11.4,80.5
05/16/2026,23:47:59,11.3,80.4
05/16/2026,23:52:59,11.3,80.6
05/16/2026,23:57:59,11.3,80.6
05/17/2026,00:02:59,11.2,80.7
05/17/2026,00:07:59,11.2,80.7
05/17/2026,00:12:59,11.2,80.7
05/17/2026,00:17:59,11.2,80.9
05/17/2026,00:22:59,11.2,80.8
05/17/2026,00:27:59,11.3,80.8
05/17/2026,00:32:59,11.3,80.9
05/17/2026,00:37:59,11.3,80.9
05/17/2026,00:42:59,11.3,81
05/17/2026,00:47:59,11.3,81.1
05/17/2026,00:52:59,11.3,81.2
05/17/2026,00:57:59,11.2,81.3
05/17/2026,01:02:59,11.2,81.4
05/17/2026,01:07:59,11.2,81.5
05/17/2026,01:12:59,11.2,81.6
05/17/2026,01:17:59,11.2,81.6
05/17/2026,01:22:59,11.2,81.7
05/17/2026,01:27:59,11.2,81.8
05/17/2026,01:32:59,11.2,81.9
05/17/2026,01:37:59,11.2,82
05/17/2026,01:42:59,11.3,82
05/17/2026,01:47:59,11.3,82.1
05/17/2026,01:52:59,11.3,82.2
05/17/2026,01:57:59,11.3,82.3
05/17/2026,02:02:59,11.3,82.6
05/17/2026,02:07:59,11.3,82.8
05/17/2026,02:12:59,11.2,83
05/17/2026,02:17:59,11.2,83.3
05/17/2026,02:22:59,11.2,83.4
05/17/2026,02:27:59,11.2,83.5
05/17/2026,02:32:59,11.2,83.4
05/17/2026,02:37:59,11.2,83.3
05/17/2026,02:42:59,11.2,83.3
05/17/2026,02:47:59,11.2,83.3
05/17/2026,02:52:59,11.1,83.4
05/17/2026,02:57:59,11.1,83.4
05/17/2026,03:02:59,11,83.4
05/17/2026,03:07:59,11,83.4
05/17/2026,03:12:59,11,83.6
05/17/2026,03:17:59,10.9,83.6
05/17/2026,03:22:59,10.9,83.6
05/17/2026,03:27:59,10.8,83.5
05/17/2026,03:32:59,10.8,83.5
05/17/2026,03:37:59,10.7,83.4
05/17/2026,03:42:59,10.6,83.3
05/17/2026,03:47:59,10.5,83.4
05/17/2026,03:52:59,10.4,83.5
05/17/2026,03:57:59,10.4,83.6
05/17/2026,04:02:59,10.3,83.7
05/17/2026,04:07:59,10.2,83.7
05/17/2026,04:12:59,10.1,83.7
05/17/2026,04:17:59,10,83.7
05/17/2026,04:22:59,10,83.8
05/17/2026,04:27:59,9.9,83.9
05/17/2026,04:32:59,9.8,84
05/17/2026,04:37:59,9.7,84.1
05/17/2026,04:42:59,9.7,84.1
05/17/2026,04:47:59,9.6,84.2
05/17/2026,04:52:59,9.6,84.2
05/17/2026,04:57:59,9.5,84.2
05/17/2026,05:02:59,9.4,84.3
05/17/2026,05:07:59,9.4,84.4
05/17/2026,05:12:59,9.3,84.4
05/17/2026,05:17:59,9.3,84.5
05/17/2026,05:22:59,9.3,84.5
05/17/2026,05:27:59,9.2,84.5
05/17/2026,05:32:59,9.2,84.7
05/17/2026,05:37:59,9.1,84.8
05/17/2026,05:42:59,9.1,84.9
05/17/2026,05:47:59,9.1,85
05/17/2026,05:52:59,9.1,85.1
05/17/2026,05:57:59,9.1,85.1
05/17/2026,06:02:59,9.1,85.2
05/17/2026,06:07:59,9.1,85.3
05/17/2026,06:12:59,9.1,85.3
05/17/2026,06:17:59,9.1,85.4
05/17/2026,06:22:59,9.2,85.4
05/17/2026,06:27:59,9.2,85.5
05/17/2026,06:32:59,9.3,85.4
05/17/2026,06:37:59,9.3,85.5
05/17/2026,06:42:59,9.4,85.5
05/17/2026,06:47:59,9.5,85.5
05/17/2026,06:52:59,9.6,85.5
05/17/2026,06:57:59,9.6,85.4
05/17/2026,07:02:59,9.7,85.3
05/17/2026,07:07:59,9.8,85.3
05/17/2026,07:12:59,9.9,85.2
05/17/2026,07:17:59,10,84.9
05/17/2026,07:22:59,10.2,84.9
05/17/2026,07:27:59,10.3,84.7
05/17/2026,07:32:59,10.4,84.4
05/17/2026,07:37:59,10.6,84.2
05/17/2026,07:42:59,10.7,84
05/17/2026,07:47:59,10.9,83.5
05/17/2026,07:52:59,11.1,83.5
05/17/2026,07:57:59,11.3,83.2
05/17/2026,08:02:59,11.4,82.6
05/17/2026,08:07:59,11.5,82.1
05/17/2026,08:12:59,11.6,81.6
05/17/2026,08:17:59,11.7,80.9
05/17/2026,08:22:59,11.8,80.8
05/17/2026,08:27:59,11.9,80.3
05/17/2026,08:32:59,12.1,80.3
05/17/2026,08:37:59,12.2,79.4
05/17/2026,08:42:59,12.3,78.8
05/17/2026,08:47:59,12.4,78.8
05/17/2026,08:52:59,12.5,77.9
05/17/2026,08:57:59,12.4,77.5
05/17/2026,09:02:59,12.4,77
05/17/2026,09:07:59,12.5,76.7
05/17/2026,09:12:59,12.5,76.8
05/17/2026,09:17:59,12.7,76.2
05/17/2026,09:22:59,12.8,75.5
05/17/2026,09:27:59,13,75.1
05/17/2026,09:32:59,13.1,74.2
05/17/2026,09:37:59,13.2,74.1
05/17/2026,09:42:59,13.2,73.6
05/17/2026,09:47:59,13.2,72.8
05/17/2026,09:52:59,13.2,73.3
05/17/2026,09:57:59,13.3,72.9
05/17/2026,10:02:59,13.5,72.7
05/17/2026,10:07:59,13.7,71.6
05/17/2026,10:12:59,13.9,71.9
05/17/2026,10:17:59,14,70
05/17/2026,10:22:59,14.2,70.1
05/17/2026,10:27:59,14.5,69.6
05/17/2026,10:32:59,14.8,68.4
05/17/2026,10:37:59,14.9,67.8
05/17/2026,10:42:59,15,65.8
05/17/2026,10:47:59,14.9,65.8
05/17/2026,10:52:59,14.7,66.1
05/17/2026,10:57:59,14.6,66.2
05/17/2026,11:02:59,14.6,65.7
05/17/2026,11:07:59,14.8,66.3
05/17/2026,11:12:59,15,65.6
05/17/2026,11:17:59,15.1,64.6
05/17/2026,11:22:59,15.3,63.7
05/17/2026,11:27:59,15.5,60.9
05/17/2026,11:32:59,15.5,60.2
05/17/2026,11:37:59,15.7,59.4
05/17/2026,11:42:59,15.7,58.9
05/17/2026,11:47:59,15.5,58.2
05/17/2026,11:52:59,15.1,58.1
05/17/2026,11:57:59,14.8,60.3
05/17/2026,12:02:59,14.5,62.2
05/17/2026,12:07:59,14.4,64.8
05/17/2026,12:12:59,14.5,65.2
05/17/2026,12:17:59,14.8,65.7
05/17/2026,12:22:59,15.1,65.1
05/17/2026,12:27:59,15.5,63.9
05/17/2026,12:32:59,15.8,63.1
05/17/2026,12:37:59,16,61.5
05/17/2026,12:42:59,15.9,61
05/17/2026,12:47:59,15.8,60.4
05/17/2026,12:52:59,15.9,59.1
05/17/2026,12:57:59,16,57
05/17/2026,13:02:59,16.3,56.3
05/17/2026,13:07:59,16.6,54.6
05/17/2026,13:12:59,17,54.3
05/17/2026,13:17:59,17.1,53.7
05/17/2026,13:22:59,16.7,52
05/17/2026,13:27:59,16.7,53.6
05/17/2026,13:32:59,17.2,53
05/17/2026,13:37:59,17.5,51.7
05/17/2026,13:42:59,17.5,50.5
05/17/2026,13:47:59,17.5,50.6
05/17/2026,13:52:59,17.6,50.1
05/17/2026,13:57:59,17.5,49.5
05/17/2026,14:02:59,17,48.4
05/17/2026,14:07:59,17,49.6
05/17/2026,14:12:59,17,48.8
05/17/2026,14:17:59,17,48.7
05/17/2026,14:22:59,17,49.2
05/17/2026,14:27:59,17.1,48.6
05/17/2026,14:32:59,17.3,49
05/17/2026,14:37:59,17.5,47.3
05/17/2026,14:42:59,17.6,47.4
05/17/2026,14:47:59,17.8,46
05/17/2026,14:52:59,17.5,44.2
05/17/2026,14:57:59,17.4,46.6
05/17/2026,15:02:59,17.7,45.3
05/17/2026,15:07:59,17.9,45.5
05/17/2026,15:12:59,17.9,44.8
05/17/2026,15:17:59,18.1,44.9
05/17/2026,15:22:59,18.4,45.2
05/17/2026,15:27:59,18.7,44
05/17/2026,15:32:59,18.4,44.4
05/17/2026,15:37:59,18.2,43.8
05/17/2026,15:42:59,18.1,43.7
05/17/2026,15:47:59,17.8,44.4
05/17/2026,15:52:59,17.8,44.7
05/17/2026,15:57:59,18,44.2
05/17/2026,16:02:59,18,43.8
05/17/2026,16:07:59,18,44.5
05/17/2026,16:12:59,17.9,44.1
05/17/2026,16:17:59,17.8,44.2
05/17/2026,16:22:59,17.7,43.7
05/17/2026,16:27:59,17.6,44.3
05/17/2026,16:32:59,17.5,44.4
05/17/2026,16:37:59,17.4,45.6
05/17/2026,16:42:59,17.3,44.7
05/17/2026,16:47:59,17.1,45.4
05/17/2026,16:52:59,17.1,45.8
05/17/2026,16:57:59,17,45.4
05/17/2026,17:02:59,16.8,46.4
05/17/2026,17:07:59,16.8,45.9
05/17/2026,17:12:59,16.7,45.4
05/17/2026,17:17:59,16.8,45.9
05/17/2026,17:22:59,16.9,44.6
05/17/2026,17:27:59,16.9,44.9
05/17/2026,17:32:59,16.7,45
05/17/2026,17:37:59,16.6,45
05/17/2026,17:42:59,16.4,45.8
05/17/2026,17:47:59,16.1,49.6
05/17/2026,17:52:59,15.4,52.2
05/17/2026,17:57:59,14.7,55.6
05/17/2026,18:02:59,14.2,56.4
05/17/2026,18:07:59,14,58
05/17/2026,18:12:59,14.1,58.8
05/17/2026,18:17:59,14.1,58.6
05/17/2026,18:22:59,14.2,58.1
05/17/2026,18:27:59,14.3,58.7
05/17/2026,18:32:59,14.3,58.4
05/17/2026,18:37:59,14.3,60.2
05/17/2026,18:42:59,14.3,60
05/17/2026,18:47:59,14.2,60.4
05/17/2026,18:52:59,14.1,60.4
05/17/2026,18:57:59,14,60.5
05/17/2026,19:02:59,14,60.3
05/17/2026,19:07:59,14,60.1
05/17/2026,19:12:59,13.9,60.9
05/17/2026,19:17:59,13.9,60.5
05/17/2026,19:22:59,13.8,60.9
05/17/2026,19:27:59,13.8,61.4
05/17/2026,19:32:59,13.8,61.4
05/17/2026,19:37:59,13.8,61.3
05/17/2026,19:42:59,13.7,60.5
05/17/2026,19:47:59,13.6,61.1
05/17/2026,19:52:59,13.5,61.1
05/17/2026,19:57:59,13.5,61.1
05/17/2026,20:02:59,13.4,61.6
05/17/2026,20:07:59,13.3,62.1
05/17/2026,20:12:59,13.3,61.8
05/17/2026,20:17:59,13.3,62
05/17/2026,20:22:59,13.2,62
05/17/2026,20:27:59,13.1,62.4
05/17/2026,20:32:59,13,62.7
05/17/2026,20:37:59,13,62.9
05/17/2026,20:42:59,12.9,62.8
05/17/2026,20:47:59,12.9,62.8
05/17/2026,20:52:59,12.8,63
05/17/2026,20:57:59,12.8,62.8
05/17/2026,21:02:59,12.7,62.9
05/17/2026,21:07:59,12.6,62.7
05/17/2026,21:12:59,12.5,62.9
05/17/2026,21:17:59,12.4,63.4
05/17/2026,21:22:59,12.3,63.6
05/17/2026,21:27:59,12.3,63.8
05/17/2026,21:32:59,12.2,64.2
05/17/2026,21:37:59,12,64.4
05/17/2026,21:42:59,12,64.9
05/17/2026,21:47:59,11.9,65
05/17/2026,21:52:59,11.9,65.2
05/17/2026,21:57:59,11.8,65.2
05/17/2026,22:02:59,11.7,65.6
05/17/2026,22:07:59,11.7,65.7
05/17/2026,22:12:59,11.6,65.7
05/17/2026,22:17:59,11.6,65.8
05/17/2026,22:22:59,11.5,66
05/17/2026,22:27:59,11.4,66.3
05/17/2026,22:32:59,11.4,66.4
05/17/2026,22:37:59,11.3,66.5
05/17/2026,22:42:59,11.3,66.7
05/17/2026,22:47:59,11.2,66.8
05/17/2026,22:52:59,11.2,66.8
05/17/2026,22:57:59,11.2,67
05/17/2026,23:02:59,11.1,67.2
05/17/2026,23:07:59,11.1,67.4
05/17/2026,23:12:59,11.1,67.6
05/17/2026,23:17:59,11,67.9
05/17/2026,23:22:59,11,68
05/17/2026,23:27:59,10.9,68.3
05/17/2026,23:32:59,10.8,68.4
05/17/2026,23:37:59,10.8,68.5
05/17/2026,23:42:59,10.7,68.8
05/17/2026,23:47:59,10.6,68.9
05/17/2026,23:52:59,10.6,69.2
05/17/2026,23:57:59,10.5,69.4
05/18/2026,00:02:59,10.5,69.6
05/18/2026,00:07:59,10.4,69.8
05/18/2026,00:12:59,10.4,70
05/18/2026,00:17:59,10.3,70.2
05/18/2026,00:22:59,10.3,70.5
05/18/2026,00:27:59,10.2,70.7
05/18/2026,00:32:59,10.2,70.8
05/18/2026,00:37:59,10.2,70.9
05/18/2026,00:42:59,10.2,71
05/18/2026,00:47:59,10.1,71.1
05/18/2026,00:52:59,10.1,71.2
05/18/2026,00:57:59,10,71.4
05/18/2026,01:02:59,9.9,71.5
05/18/2026,01:07:59,9.8,71.8
05/18/2026,01:12:59,9.8,72.1
05/18/2026,01:17:59,9.6,72.3
05/18/2026,01:22:59,9.5,72.6
05/18/2026,01:27:59,9.4,72.9
05/18/2026,01:32:59,9.4,73.1
05/18/2026,01:37:59,9.2,73.3
05/18/2026,01:42:59,9.1,73.5
05/18/2026,01:47:59,9.1,73.7
05/18/2026,01:52:59,9,73.9
05/18/2026,01:57:59,9,74.1
05/18/2026,02:02:59,8.9,74.2
05/18/2026,02:07:59,8.8,74.4
05/18/2026,02:12:59,8.8,74.6
05/18/2026,02:17:59,8.7,74.8
05/18/2026,02:22:59,8.7,75
05/18/2026,02:27:59,8.6,75.1
05/18/2026,02:32:59,8.5,75.2
05/18/2026,02:37:59,8.5,75.4
05/18/2026,02:42:59,8.4,75.5
05/18/2026,02:47:59,8.4,75.6
05/18/2026,02:52:59,8.4,75.7
05/18/2026,02:57:59,8.3,75.8
05/18/2026,03:02:59,8.3,75.9
05/18/2026,03:07:59,8.3,76.1
05/18/2026,03:12:59,8.2,76.1
05/18/2026,03:17:59,8.2,76.2
05/18/2026,03:22:59,8.2,76.2
05/18/2026,03:27:59,8.1,76.3
05/18/2026,03:32:59,8.1,76.3
05/18/2026,03:37:59,8,76.4
05/18/2026,03:42:59,8,76.4
05/18/2026,03:47:59,7.9,76.5
05/18/2026,03:52:59,7.9,76.6
05/18/2026,03:57:59,7.8,77
05/18/2026,04:02:59,7.8,77.4
05/18/2026,04:07:59,7.7,77.6
05/18/2026,04:12:59,7.7,77.9
05/18/2026,04:17:59,7.7,77.9
05/18/2026,04:22:59,7.7,78.1
05/18/2026,04:27:59,7.7,78.3
05/18/2026,04:32:59,7.7,78.3
05/18/2026,04:37:59,7.7,78.5
05/18/2026,04:42:59,7.7,78.7
05/18/2026,04:47:59,7.7,78.7
05/18/2026,04:52:59,7.7,78.7
05/18/2026,04:57:59,7.6,78.9
05/18/2026,05:02:59,7.6,79
05/18/2026,05:07:59,7.6,79
05/18/2026,05:12:59,7.6,79.2
05/18/2026,05:17:59,7.6,79.3
05/18/2026,05:22:59,7.6,79.4
05/18/2026,05:27:59,7.6,79.5
05/18/2026,05:32:59,7.6,79.6
05/18/2026,05:37:59,7.6,79.8
05/18/2026,05:42:59,7.7,80
05/18/2026,05:47:59,7.8,80.1
05/18/2026,05:52:59,7.8,80.1
05/18/2026,05:57:59,7.8,80.1
05/18/2026,06:02:59,7.9,80.2
05/18/2026,06:07:59,7.9,80.2
05/18/2026,06:12:59,8,80.4
05/18/2026,06:17:59,8,80.5
05/18/2026,06:22:59,8.1,80.4
05/18/2026,06:27:59,8.2,80.2
05/18/2026,06:32:59,8.2,80.4
05/18/2026,06:37:59,8.3,80.4
05/18/2026,06:42:59,8.4,80.4
05/18/2026,06:47:59,8.5,80.2
05/18/2026,06:52:59,8.6,80.3
05/18/2026,06:57:59,8.7,80.3
05/18/2026,07:02:59,8.7,80.2
05/18/2026,07:07:59,8.9,80.1
05/18/2026,07:12:59,9,80
05/18/2026,07:17:59,9.1,79.9
05/18/2026,07:22:59,9.2,79.9
05/18/2026,07:27:59,9.4,79.4
05/18/2026,07:32:59,9.5,79.3
05/18/2026,07:37:59,9.6,79
05/18/2026,07:42:59,9.8,79
05/18/2026,07:47:59,9.8,78.6
05/18/2026,07:52:59,10,78.3
05/18/2026,07:57:59,10.1,77.8
05/18/2026,08:02:59,10.3,77.3
05/18/2026,08:07:59,10.5,76.6
05/18/2026,08:12:59,10.6,75.9
05/18/2026,08:17:59,10.7,75.3
05/18/2026,08:22:59,10.8,74.8
05/18/2026,08:27:59,10.9,74.4
05/18/2026,08:32:59,11.1,74.1
05/18/2026,08:37:59,11.2,73.8
05/18/2026,08:42:59,11.4,73.1
05/18/2026,08:47:59,11.5,72.9
05/18/2026,08:52:59,11.7,72.3
05/18/2026,08:57:59,11.9,72.1
05/18/2026,09:02:59,12.1,71.3
05/18/2026,09:07:59,12.3,70.9
05/18/2026,09:12:59,12.4,69.4
05/18/2026,09:17:59,12.4,69.1
05/18/2026,09:22:59,12.5,68.4
05/18/2026,09:27:59,12.5,67.9
05/18/2026,09:32:59,12.6,68
05/18/2026,09:37:59,12.6,67
05/18/2026,09:42:59,12.6,67.3
05/18/2026,09:47:59,12.7,67.3
05/18/2026,09:52:59,12.8,67.2
05/18/2026,09:57:59,12.8,66.7
05/18/2026,10:02:59,13,66.2
05/18/2026,10:07:59,13.3,65.8
05/18/2026,10:12:59,13.6,64.9
05/18/2026,10:17:59,13.9,64.2
05/18/2026,10:22:59,14.2,63.3
05/18/2026,10:27:59,14.5,63.3
05/18/2026,10:32:59,14.6,62.2
05/18/2026,10:37:59,14.6,61.9
05/18/2026,10:42:59,14.7,61.1
05/18/2026,10:47:59,14.7,60.4
05/18/2026,10:52:59,14.4,60.2
05/18/2026,10:57:59,14.1,59.9
05/18/2026,11:02:59,13.9,60.5
05/18/2026,11:07:59,13.8,60.9
05/18/2026,11:12:59,13.7,60.9
05/18/2026,11:17:59,13.7,60.9
05/18/2026,11:22:59,13.7,60.8
05/18/2026,11:27:59,13.8,61.3
05/18/2026,11:32:59,13.9,61.3
05/18/2026,11:37:59,14.1,61
05/18/2026,11:42:59,14.3,60.9
05/18/2026,11:47:59,14.3,60.5
05/18/2026,11:52:59,14.2,60.2
05/18/2026,11:57:59,14.2,60.7
05/18/2026,12:02:59,14.2,60.9
05/18/2026,12:07:59,14.5,61.5
05/18/2026,12:12:59,14.5,60.1
05/18/2026,12:17:59,14.3,60.2
05/18/2026,12:22:59,14.1,61.1
05/18/2026,12:27:59,14.1,62.9
05/18/2026,12:32:59,14,64.5
05/18/2026,12:37:59,14.2,64
05/18/2026,12:42:59,14.4,63.2
05/18/2026,12:47:59,14.5,61.8
05/18/2026,12:52:59,14.7,60.8
05/18/2026,12:57:59,15,60
05/18/2026,13:02:59,15.1,59.5
05/18/2026,13:07:59,15.2,59.3
05/18/2026,13:12:59,15.3,58.9
05/18/2026,13:17:59,15.3,58.9
05/18/2026,13:22:59,15.3,58.4
05/18/2026,13:27:59,15.5,58.5
05/18/2026,13:32:59,15.7,58.4
05/18/2026,13:37:59,15.8,57.8
05/18/2026,13:42:59,15.9,57.4
05/18/2026,13:47:59,15.9,57.1
05/18/2026,13:52:59,15.7,56.8
05/18/2026,13:57:59,15.4,58
05/18/2026,14:02:59,15.4,58.9
05/18/2026,14:07:59,15.4,59.1
05/18/2026,14:12:59,15.6,58.5
05/18/2026,14:17:59,15.5,58.4
05/18/2026,14:22:59,15.4,59
05/18/2026,14:27:59,15.9,59.3
05/18/2026,14:32:59,16.7,57.5
05/18/2026,14:37:59,17.3,56.5
05/18/2026,14:42:59,17.8,55.4
05/18/2026,14:47:59,17.7,53.9
05/18/2026,14:52:59,17.5,54
05/18/2026,14:57:59,17.3,54.1
05/18/2026,15:02:59,16.8,54.5
05/18/2026,15:07:59,15.8,59.7
05/18/2026,15:12:59,14.8,63.7
05/18/2026,15:17:59,14.3,65
05/18/2026,15:22:59,14.1,66.7
05/18/2026,15:27:59,14.3,67.3
05/18/2026,15:32:59,14.5,69
05/18/2026,15:37:59,14.8,67.2
05/18/2026,15:42:59,15,67.1
05/18/2026,15:47:59,15,68.4
05/18/2026,15:52:59,15.1,67.8
05/18/2026,15:57:59,14.9,68
05/18/2026,16:02:59,14.7,68.8
05/18/2026,16:07:59,14.3,68.8
05/18/2026,16:12:59,14.2,69.1
05/18/2026,16:17:59,14.3,69.7
05/18/2026,16:22:59,14.7,69.5
05/18/2026,16:27:59,15,68.9
05/18/2026,16:32:59,15,67.9
05/18/2026,16:37:59,15.2,67.8
05/18/2026,16:42:59,15.2,66.8
05/18/2026,16:47:59,15.2,66.8
05/18/2026,16:52:59,15.1,64.7
05/18/2026,16:57:59,15,62.9
05/18/2026,17:02:59,15,63.5
05/18/2026,17:07:59,14.9,63.6
05/18/2026,17:12:59,14.8,62.1
05/18/2026,17:17:59,14.8,62.5
05/18/2026,17:22:59,14.9,62
05/18/2026,17:27:59,14.9,61.8
05/18/2026,17:32:59,14.9,62
05/18/2026,17:37:59,14.9,61
05/18/2026,17:42:59,15,61.2
05/18/2026,17:47:59,15,61
05/18/2026,17:52:59,15,60.8
05/18/2026,17:57:59,15,60.4
05/18/2026,18:02:59,15,60.8
05/18/2026,18:07:59,14.9,59.9
05/18/2026,18:12:59,14.9,60
05/18/2026,18:17:59,14.9,59.8
05/18/2026,18:22:59,14.9,60.2
05/18/2026,18:27:59,14.9,60.5
05/18/2026,18:32:59,14.8,60.8
05/18/2026,18:37:59,14.7,60.8
05/18/2026,18:42:59,14.6,61
05/18/2026,18:47:59,14.5,61.1
05/18/2026,18:52:59,14.4,61
05/18/2026,18:57:59,14.5,60.6
05/18/2026,19:02:59,14.4,60.6
05/18/2026,19:07:59,14.3,60.8
05/18/2026,19:12:59,14.3,60.7
05/18/2026,19:17:59,14.2,61
05/18/2026,19:22:59,14.2,61.2
05/18/2026,19:27:59,14.1,61.3
05/18/2026,19:32:59,14.1,61.1
05/18/2026,19:37:59,14.1,61.3
05/18/2026,19:42:59,14,61.2
05/18/2026,19:47:59,14,61.4
05/18/2026,19:52:59,13.9,61.6
05/18/2026,19:57:59,13.8,61.5
05/18/2026,20:02:59,13.8,61.6
05/18/2026,20:07:59,13.8,61.6
05/18/2026,20:12:59,13.7,61.5
05/18/2026,20:17:59,13.6,61.7
05/18/2026,20:22:59,13.5,61.7
05/18/2026,20:27:59,13.5,61.8
05/18/2026,20:32:59,13.4,62
05/18/2026,20:37:59,13.4,62.2
05/18/2026,20:42:59,13.3,62.3
05/18/2026,20:47:59,13.3,62.5
05/18/2026,20:52:59,13.2,62.4
05/18/2026,20:57:59,13.2,62.5
05/18/2026,21:02:59,13.2,62.5
05/18/2026,21:07:59,13.1,62.5
05/18/2026,21:12:59,13.1,62.6
05/18/2026,21:17:59,13,62.8
05/18/2026,21:22:59,13,62.8
05/18/2026,21:27:59,12.9,62.9
05/18/2026,21:32:59,12.9,63
05/18/2026,21:37:59,12.9,63
05/18/2026,21:42:59,12.9,62.9
05/18/2026,21:47:59,12.8,62.9
05/18/2026,21:52:59,12.8,63
05/18/2026,21:57:59,12.7,63
05/18/2026,22:02:59,12.7,63.1
05/18/2026,22:07:59,12.6,63.3
05/18/2026,22:12:59,12.5,63.6
05/18/2026,22:17:59,12.5,63.8
05/18/2026,22:22:59,12.4,63.8
05/18/2026,22:27:59,12.3,63.9
05/18/2026,22:32:59,12.3,64
05/18/2026,22:37:59,12.2,64
05/18/2026,22:42:59,12.1,64.3
05/18/2026,22:47:59,12.1,64.4
05/18/2026,22:52:59,12,64.6
05/18/2026,22:57:59,12,64.6
05/18/2026,23:02:59,11.9,64.8
05/18/2026,23:07:59,11.8,64.9
05/18/2026,23:12:59,11.8,65
05/18/2026,23:17:59,11.7,64.9
05/18/2026,23:22:59,11.7,65.1
05/18/2026,23:27:59,11.6,65
05/18/2026,23:32:59,11.6,65.1
05/18/2026,23:37:59,11.6,65.2
05/18/2026,23:42:59,11.6,65.2
05/18/2026,23:47:59,11.6,65.3
05/18/2026,23:52:59,11.6,65.5
05/18/2026,23:57:59,11.6,65.5
05/19/2026,00:02:59,11.6,65.8
05/19/2026,00:07:59,11.6,66.1
05/19/2026,00:12:59,11.5,66.2
05/19/2026,00:17:59,11.5,66.4
05/19/2026,00:22:59,11.5,66.5
05/19/2026,00:27:59,11.5,66.5
05/19/2026,00:32:59,11.5,66.6
05/19/2026,00:37:59,11.5,66.5
05/19/2026,00:42:59,11.5,66.8
05/19/2026,00:47:59,11.5,66.9
05/19/2026,00:52:59,11.4,67.3
05/19/2026,00:57:59,11.5,67.6
05/19/2026,01:02:59,11.4,68
05/19/2026,01:07:59,11.4,68.6
05/19/2026,01:12:59,11.4,69.1
05/19/2026,01:17:59,11.4,69.4
05/19/2026,01:22:59,11.4,69.9
05/19/2026,01:27:59,11.4,70.2
05/19/2026,01:32:59,11.4,70.3
05/19/2026,01:37:59,11.4,70.4
05/19/2026,01:42:59,11.4,70.5
05/19/2026,01:47:59,11.4,70.5
05/19/2026,01:52:59,11.4,70.8
05/19/2026,01:57:59,11.4,71
05/19/2026,02:02:59,11.4,71.4
05/19/2026,02:07:59,11.3,71.8
05/19/2026,02:12:59,11.3,72.2
05/19/2026,02:17:59,11.3,72.4
05/19/2026,02:22:59,11.2,72.9
05/19/2026,02:27:59,11.2,73.2
05/19/2026,02:32:59,11.2,73.4
05/19/2026,02:37:59,11.2,73.5
05/19/2026,02:42:59,11.2,73.5
05/19/2026,02:47:59,11.2,73.6
05/19/2026,02:52:59,11.2,73.8
05/19/2026,02:57:59,11.3,73.9
05/19/2026,03:02:59,11.3,73.9
05/19/2026,03:07:59,11.3,74
05/19/2026,03:12:59,11.3,74
05/19/2026,03:17:59,11.4,74
05/19/2026,03:22:59,11.4,74
05/19/2026,03:27:59,11.4,74.3
05/19/2026,03:32:59,11.4,74.8
05/19/2026,03:37:59,11.4,75.5
05/19/2026,03:42:59,11.3,76.2
05/19/2026,03:47:59,11.2,76.8
05/19/2026,03:52:59,11.2,77.6
05/19/2026,03:57:59,11.1,78.3
05/19/2026,04:02:59,11.1,78.8
05/19/2026,04:07:59,11.1,79.4
05/19/2026,04:12:59,11,79.8
05/19/2026,04:17:59,11,80.1
05/19/2026,04:22:59,11,80.5
05/19/2026,04:27:59,11,80.9
05/19/2026,04:32:59,11,81.2
05/19/2026,04:37:59,10.9,81.5
05/19/2026,04:42:59,10.9,81.8
05/19/2026,04:47:59,10.9,82.1
05/19/2026,04:52:59,10.9,82.3
05/19/2026,04:57:59,10.9,82.6
05/19/2026,05:02:59,10.9,82.9
05/19/2026,05:07:59,10.9,83
05/19/2026,05:12:59,11,83.3
05/19/2026,05:17:59,11,83.5
05/19/2026,05:22:59,11,83.7
05/19/2026,05:27:59,11,83.9
05/19/2026,05:32:59,11,84
05/19/2026,05:37:59,11.1,84.2
05/19/2026,05:42:59,11.1,84.3
05/19/2026,05:47:59,11.1,84.5
05/19/2026,05:52:59,11.1,84.6
05/19/2026,05:57:59,11.1,84.7
05/19/2026,06:02:59,11.2,84.8
05/19/2026,06:07:59,11.2,84.9
05/19/2026,06:12:59,11.3,84.8
05/19/2026,06:17:59,11.3,84.9
05/19/2026,06:22:59,11.4,84.9
05/19/2026,06:27:59,11.4,85
05/19/2026,06:32:59,11.4,85
05/19/2026,06:37:59,11.5,85
05/19/2026,06:42:59,11.5,85.1
05/19/2026,06:47:59,11.6,85.3
05/19/2026,06:52:59,11.5,85.3
05/19/2026,06:57:59,11.6,85.5
05/19/2026,07:02:59,11.6,85.6
05/19/2026,07:07:59,11.6,85.5
05/19/2026,07:12:59,11.6,85.6
05/19/2026,07:17:59,11.6,85.5
05/19/2026,07:22:59,11.6,85.7
05/19/2026,07:27:59,11.6,85.6
05/19/2026,07:32:59,11.7,85.8
05/19/2026,07:37:59,11.7,85.9
05/19/2026,07:42:59,11.7,86
05/19/2026,07:47:59,11.7,86
05/19/2026,07:52:59,11.8,85.9
05/19/2026,07:57:59,11.9,86.1
05/19/2026,08:02:59,11.9,85.8
05/19/2026,08:07:59,12,85.8
05/19/2026,08:12:59,12.1,85.7
05/19/2026,08:17:59,12.1,85.6
05/19/2026,08:22:59,12.2,85.8
05/19/2026,08:27:59,12.2,85.9
05/19/2026,08:32:59,12.3,86
05/19/2026,08:37:59,12.3,86
05/19/2026,08:42:59,12.4,85.9
05/19/2026,08:47:59,12.6,85.7
05/19/2026,08:52:59,12.7,85.5
05/19/2026,08:57:59,12.8,85.6
05/19/2026,09:02:59,12.9,85.3
05/19/2026,09:07:59,12.9,85.3
05/19/2026,09:12:59,13,85.3
05/19/2026,09:17:59,13,85
05/19/2026,09:22:59,13.1,84.9
05/19/2026,09:27:59,13.2,84.7
05/19/2026,09:32:59,13.3,84.6
05/19/2026,09:37:59,13.2,84.5
05/19/2026,09:42:59,13.3,84.5
05/19/2026,09:47:59,13.3,84.3
05/19/2026,09:52:59,13.4,84.3
05/19/2026,09:57:59,13.4,84.2
05/19/2026,10:02:59,13.6,84.1
05/19/2026,10:07:59,13.7,83.9
05/19/2026,10:12:59,13.7,83.6
05/19/2026,10:17:59,13.8,83.5
05/19/2026,10:22:59,14,83.2
05/19/2026,10:27:59,14.1,83
05/19/2026,10:32:59,14.1,82.8
05/19/2026,10:37:59,14.2,82.4
05/19/2026,10:42:59,14.2,82.4
05/19/2026,10:47:59,14.3,82.3
05/19/2026,10:52:59,14.3,82.4
05/19/2026,10:57:59,14.5,81.8
05/19/2026,11:02:59,14.7,82
05/19/2026,11:07:59,14.9,81.3
05/19/2026,11:12:59,15.1,81.7
05/19/2026,11:17:59,15.2,81.1
05/19/2026,11:22:59,15.4,80.9
05/19/2026,11:27:59,15.7,80.3
05/19/2026,11:32:59,15.9,79.8
05/19/2026,11:37:59,16.2,80
05/19/2026,11:42:59,16.5,79.1
05/19/2026,11:47:59,16.7,77.8
05/19/2026,11:52:59,16.8,76.6
05/19/2026,11:57:59,16.9,76.7
05/19/2026,12:02:59,17.1,76.7
05/19/2026,12:07:59,17.3,76.2
05/19/2026,12:12:59,17.6,76.1
05/19/2026,12:17:59,17.9,75.9
05/19/2026,12:22:59,18.3,74.5
05/19/2026,12:27:59,18.4,73.7
05/19/2026,12:32:59,18.7,72.8
05/19/2026,12:37:59,19,72.5
05/19/2026,12:42:59,19.1,71.2
05/19/2026,12:47:59,19,68.3
05/19/2026,12:52:59,18.9,67.2
05/19/2026,12:57:59,18.9,66.1
05/19/2026,13:02:59,18.7,65.2
05/19/2026,13:07:59,18.5,66.4
05/19/2026,13:12:59,18.6,67
05/19/2026,13:17:59,18.7,66.5
05/19/2026,13:22:59,18.9,65.3
05/19/2026,13:27:59,19,64.6
05/19/2026,13:32:59,19,63
05/19/2026,13:37:59,18.8,63.1
05/19/2026,13:42:59,18.6,62.2
05/19/2026,13:47:59,18.4,63.2
05/19/2026,13:52:59,18.4,63.7
05/19/2026,13:57:59,18.4,64.1
05/19/2026,14:02:59,18.4,63.2
05/19/2026,14:07:59,18.5,62.8
05/19/2026,14:12:59,18.5,63
05/19/2026,14:17:59,18.6,63.3
05/19/2026,14:22:59,18.7,62.9
05/19/2026,14:27:59,18.8,62.7
05/19/2026,14:32:59,19,62.6
05/19/2026,14:37:59,19.1,61.9
05/19/2026,14:42:59,19.2,61.6
05/19/2026,14:47:59,19.2,61.5
05/19/2026,14:52:59,19,61.6
05/19/2026,14:57:59,18.9,62.1
05/19/2026,15:02:59,18.9,62.2
05/19/2026,15:07:59,18.9,62
05/19/2026,15:12:59,18.8,61.9
05/19/2026,15:17:59,18.7,62.1
05/19/2026,15:22:59,18.8,63.3
05/19/2026,15:27:59,18.8,62.9
05/19/2026,15:32:59,18.7,62.6
05/19/2026,15:37:59,18.6,62.5
05/19/2026,15:42:59,18.4,63
05/19/2026,15:47:59,18.3,63.4
05/19/2026,15:52:59,18.3,63.7
05/19/2026,15:57:59,18.4,63.3
05/19/2026,16:02:59,18.4,62.9
05/19/2026,16:07:59,18.4,62.9
05/19/2026,16:12:59,18.4,63.1
05/19/2026,16:17:59,18.4,63.1
05/19/2026,16:22:59,18.6,62.7
05/19/2026,16:27:59,18.5,62.5
05/19/2026,16:32:59,18.3,62.7
05/19/2026,16:37:59,18.3,63.3
05/19/2026,16:42:59,18.3,64.1
05/19/2026,16:47:59,18.5,64.2
05/19/2026,16:52:59,18.6,64.1
05/19/2026,16:57:59,18.8,63.8
05/19/2026,17:02:59,18.9,63.6
05/19/2026,17:07:59,18.7,63.7
05/19/2026,17:12:59,18.5,64.1
05/19/2026,17:17:59,18.4,64.6
05/19/2026,17:22:59,18.4,64.7
05/19/2026,17:27:59,18.4,64.7
05/19/2026,17:32:59,18.3,64.7
05/19/2026,17:37:59,18.1,64.5
05/19/2026,17:42:59,18,64.5
05/19/2026,17:47:59,18,64.5
05/19/2026,17:52:59,18,64.5
05/19/2026,17:57:59,18,64.4
05/19/2026,18:02:59,17.8,64.3
05/19/2026,18:07:59,17.8,64.3
05/19/2026,18:12:59,17.8,64.5
05/19/2026,18:17:59,17.9,64
05/19/2026,18:22:59,18,63.9
05/19/2026,18:27:59,18,62.8
05/19/2026,18:32:59,18,63
05/19/2026,18:37:59,17.9,63.6
05/19/2026,18:42:59,17.8,64
05/19/2026,18:47:59,17.7,63.5
05/19/2026,18:52:59,17.7,63.8
05/19/2026,18:57:59,17.7,63.7
05/19/2026,19:02:59,17.6,63.7
05/19/2026,19:07:59,17.6,63.6
05/19/2026,19:12:59,17.6,63.6
05/19/2026,19:17:59,17.6,63.5
05/19/2026,19:22:59,17.5,63.4
05/19/2026,19:27:59,17.4,63.3
05/19/2026,19:32:59,17.2,63.4
05/19/2026,19:37:59,17.1,63.5
05/19/2026,19:42:59,16.9,63.8
05/19/2026,19:47:59,16.8,64.2
05/19/2026,19:52:59,16.7,64.4
05/19/2026,19:57:59,16.6,64.5
05/19/2026,20:02:59,16.6,64.7
05/19/2026,20:07:59,16.5,64.9
05/19/2026,20:12:59,16.5,65
05/19/2026,20:17:59,16.3,65.4
05/19/2026,20:22:59,16.1,66.1
05/19/2026,20:27:59,16,66.8
05/19/2026,20:32:59,15.9,66.9
05/19/2026,20:37:59,15.8,67.4
05/19/2026,20:42:59,15.8,66.8
05/19/2026,20:47:59,15.9,66.5
05/19/2026,20:52:59,15.9,66.4
05/19/2026,20:57:59,15.8,66.2
05/19/2026,21:02:59,15.8,66.2
05/19/2026,21:07:59,15.8,66.2
05/19/2026,21:12:59,15.7,66.2
05/19/2026,21:17:59,15.7,66.2
05/19/2026,21:22:59,15.7,65.9
05/19/2026,21:27:59,15.6,66
05/19/2026,21:32:59,15.6,66.1
05/19/2026,21:37:59,15.5,66.2
05/19/2026,21:42:59,15.4,66.4
05/19/2026,21:47:59,15.4,66.7
05/19/2026,21:52:59,15.3,67
05/19/2026,21:57:59,15.3,67.1
05/19/2026,22:02:59,15.3,67.2
05/19/2026,22:07:59,15.2,67.3
05/19/2026,22:12:59,15.2,67.6
05/19/2026,22:17:59,15.1,67.9
05/19/2026,22:22:59,15,68.2
05/19/2026,22:27:59,15,68.5
05/19/2026,22:32:59,14.9,68.8
05/19/2026,22:37:59,14.9,69
05/19/2026,22:42:59,14.8,69.1
05/19/2026,22:47:59,14.8,69.1
05/19/2026,22:52:59,14.8,69
05/19/2026,22:57:59,14.8,69
05/19/2026,23:02:59,14.8,69
05/19/2026,23:07:59,14.7,70.2
05/19/2026,23:12:59,14.5,71.9
05/19/2026,23:17:59,14.2,73
05/19/2026,23:22:59,14.1,73.8
05/19/2026,23:27:59,13.9,73.7
05/19/2026,23:32:59,13.8,73.9
05/19/2026,23:37:59,13.8,74
05/19/2026,23:42:59,13.8,74
05/19/2026,23:47:59,13.7,74.1
05/19/2026,23:52:59,13.8,74
05/19/2026,23:57:59,13.7,73.6
05/20/2026,00:02:59,13.8,73.4
05/20/2026,00:07:59,13.8,73.3
05/20/2026,00:12:59,13.8,73
05/20/2026,00:17:59,13.8,73
05/20/2026,00:22:59,13.8,72.8
05/20/2026,00:27:59,13.8,72.7
05/20/2026,00:32:59,13.8,72.5
05/20/2026,00:37:59,13.7,72.4
05/20/2026,00:42:59,13.7,72.3
05/20/2026,00:47:59,13.7,72.4
05/20/2026,00:52:59,13.7,72.4
05/20/2026,00:57:59,13.6,72.5
05/20/2026,01:02:59,13.6,72.6
05/20/2026,01:07:59,13.6,72.7
05/20/2026,01:12:59,13.6,72.8
05/20/2026,01:17:59,13.6,72.8
05/20/2026,01:22:59,13.5,73
05/20/2026,01:27:59,13.5,73.1
05/20/2026,01:32:59,13.5,73.3
05/20/2026,01:37:59,13.5,73.4
05/20/2026,01:42:59,13.4,73.4
05/20/2026,01:47:59,13.4,73.5
05/20/2026,01:52:59,13.5,73.6
05/20/2026,01:57:59,13.4,73.7
05/20/2026,02:02:59,13.5,73.8
05/20/2026,02:07:59,13.4,73.8
05/20/2026,02:12:59,13.4,73.9
05/20/2026,02:17:59,13.4,73.9
05/20/2026,02:22:59,13.5,73.9
05/20/2026,02:27:59,13.5,73.9
05/20/2026,02:32:59,13.5,74.1
05/20/2026,02:37:59,13.4,74.2
05/20/2026,02:42:59,13.4,74.4
05/20/2026,02:47:59,13.4,74.7
05/20/2026,02:52:59,13.3,74.8
05/20/2026,02:57:59,13.3,74.9
05/20/2026,03:02:59,13.3,74.8
05/20/2026,03:07:59,13.3,74.7
05/20/2026,03:12:59,13.3,74.6
05/20/2026,03:17:59,13.3,74.6
05/20/2026,03:22:59,13.3,74.4
05/20/2026,03:27:59,13.2,74.4
05/20/2026,03:32:59,13.2,74.2
05/20/2026,03:37:59,13.2,74.1
05/20/2026,03:42:59,13.3,73.7
05/20/2026,03:47:59,13.3,73.4
05/20/2026,03:52:59,13.3,73.1
05/20/2026,03:57:59,13.3,72.9
05/20/2026,04:02:59,13.2,72.9
05/20/2026,04:07:59,13.2,72.9
05/20/2026,04:12:59,13.1,72.9
05/20/2026,04:17:59,13.1,73.1
05/20/2026,04:22:59,13,73.2
05/20/2026,04:27:59,13,73.3
05/20/2026,04:32:59,13,73.4
05/20/2026,04:37:59,13,73.5
05/20/2026,04:42:59,13,73.7
05/20/2026,04:47:59,12.9,73.8
05/20/2026,04:52:59,12.9,73.9
05/20/2026,04:57:59,12.9,74
05/20/2026,05:02:59,12.9,74
05/20/2026,05:07:59,12.9,74
05/20/2026,05:12:59,12.9,74
05/20/2026,05:17:59,12.9,74
05/20/2026,05:22:59,12.9,74.2
05/20/2026,05:27:59,12.9,74.4
05/20/2026,05:32:59,12.9,74.4
05/20/2026,05:37:59,12.9,74.6
05/20/2026,05:42:59,12.9,74.6
05/20/2026,05:47:59,12.9,74.8
05/20/2026,05:52:59,12.9,74.9
05/20/2026,05:57:59,12.9,74.9
05/20/2026,06:02:59,12.9,75
05/20/2026,06:07:59,13,75
05/20/2026,06:12:59,13,75
05/20/2026,06:17:59,13,74.8
05/20/2026,06:22:59,13.1,74.8
05/20/2026,06:27:59,13.1,74.9
05/20/2026,06:32:59,13.1,75
05/20/2026,06:37:59,13.1,74.9
05/20/2026,06:42:59,13.1,74.9
05/20/2026,06:47:59,13.1,75
05/20/2026,06:52:59,13.1,75.1
05/20/2026,06:57:59,13.2,75
05/20/2026,07:02:59,13.3,74.8
05/20/2026,07:07:59,13.5,74.7
05/20/2026,07:12:59,13.6,74.5
05/20/2026,07:17:59,13.6,74.4
05/20/2026,07:22:59,13.7,74.4
05/20/2026,07:27:59,13.8,74.2
05/20/2026,07:32:59,13.8,74.1
05/20/2026,07:37:59,13.9,74
05/20/2026,07:42:59,13.9,73.8
05/20/2026,07:47:59,14,73.9
05/20/2026,07:52:59,14,73.7
05/20/2026,07:57:59,14.2,73.7
05/20/2026,08:02:59,14.3,73.5
05/20/2026,08:07:59,14.4,73.1
05/20/2026,08:12:59,14.4,72.7
05/20/2026,08:17:59,14.6,72.5
05/20/2026,08:22:59,14.7,72.2
05/20/2026,08:27:59,14.8,71.9
05/20/2026,08:32:59,14.9,71.9
05/20/2026,08:37:59,15,71.2
05/20/2026,08:42:59,15,70.9
05/20/2026,08:47:59,15.2,70.8
05/20/2026,08:52:59,15.3,70.3
05/20/2026,08:57:59,15.3,70
05/20/2026,09:02:59,15.5,69.7
05/20/2026,09:07:59,15.6,69.6
05/20/2026,09:12:59,15.6,69.2
05/20/2026,09:17:59,15.7,68.5
05/20/2026,09:22:59,15.7,68.5
05/20/2026,09:27:59,15.8,68.8
05/20/2026,09:32:59,15.8,68.2
05/20/2026,09:37:59,15.8,68.2
05/20/2026,09:42:59,15.8,67.6
05/20/2026,09:47:59,15.9,67.1
05/20/2026,09:52:59,15.9,67
05/20/2026,09:57:59,15.9,66.6
05/20/2026,10:02:59,15.9,66.8
05/20/2026,10:07:59,16,66.7
05/20/2026,10:12:59,16.1,66.7
05/20/2026,10:17:59,16.1,66.5
05/20/2026,10:22:59,16.2,66
05/20/2026,10:27:59,16.4,65.8
05/20/2026,10:32:59,16.5,65.6
05/20/2026,10:37:59,16.6,65.3
05/20/2026,10:42:59,16.6,65
05/20/2026,10:47:59,16.6,65.1
05/20/2026,10:52:59,16.7,64.9
05/20/2026,10:57:59,16.8,64.8
05/20/2026,11:02:59,17.1,64.2
05/20/2026,11:07:59,17.4,63.7
05/20/2026,11:12:59,17.6,62.6
05/20/2026,11:17:59,17.6,62.1
05/20/2026,11:22:59,17.6,61.8
05/20/2026,11:27:59,17.7,61.7
05/20/2026,11:32:59,17.8,61.5
05/20/2026,11:37:59,17.8,60.9
05/20/2026,11:42:59,17.9,60.7
05/20/2026,11:47:59,17.7,60.5
05/20/2026,11:52:59,17.6,60.5
05/20/2026,11:57:59,17.6,61
05/20/2026,12:02:59,17.6,61.1
05/20/2026,12:07:59,17.5,61.2
05/20/2026,12:12:59,17.6,60.7
05/20/2026,12:17:59,17.6,61.4
05/20/2026,12:22:59,17.7,60.6
05/20/2026,12:27:59,17.6,60.4
05/20/2026,12:32:59,17.5,60.7
05/20/2026,12:37:59,17.4,60.8
05/20/2026,12:42:59,17.4,60.9
05/20/2026,12:47:59,17.5,61.1
05/20/2026,12:52:59,17.5,60.8
05/20/2026,12:57:59,17.4,60.7
05/20/2026,13:02:59,17.5,61.6
05/20/2026,13:07:59,17.9,61.1
05/20/2026,13:12:59,18.2,59.6
05/20/2026,13:17:59,18.3,58.7
05/20/2026,13:22:59,18.5,58.1
05/20/2026,13:27:59,18.7,57.8
05/20/2026,13:32:59,18.9,57.3
05/20/2026,13:37:59,19.4,56.9
05/20/2026,13:42:59,19.7,56.2
05/20/2026,13:47:59,20.1,55.6
05/20/2026,13:52:59,20.2,54.3
05/20/2026,13:57:59,20.3,54.4
05/20/2026,14:02:59,20.5,54.3
05/20/2026,14:07:59,20.9,52.5
05/20/2026,14:12:59,20.9,52.3
05/20/2026,14:17:59,20.6,52.6
05/20/2026,14:22:59,20.5,52.3
05/20/2026,14:27:59,20.6,52.2
05/20/2026,14:32:59,20.9,50.7
05/20/2026,14:37:59,21.4,50.4
05/20/2026,14:42:59,21.5,50.3
05/20/2026,14:47:59,21.7,48.9
05/20/2026,14:52:59,21.5,48.9
05/20/2026,14:57:59,21.4,48.5
05/20/2026,15:02:59,21.6,48.7
05/20/2026,15:07:59,21.6,48.5
05/20/2026,15:12:59,21.8,48.9
05/20/2026,15:17:59,21.9,48.4
05/20/2026,15:22:59,21.7,48.4
05/20/2026,15:27:59,21.8,48
05/20/2026,15:32:59,21.8,48.5
05/20/2026,15:37:59,22,47.5
05/20/2026,15:42:59,21.8,47.1
05/20/2026,15:47:59,21.7,47.6
05/20/2026,15:52:59,21.9,47
05/20/2026,15:57:59,22.1,46.3
05/20/2026,16:02:59,21.8,46.1
05/20/2026,16:07:59,21.7,46.3
05/20/2026,16:12:59,21.7,46.9
05/20/2026,16:17:59,21.7,47.4
05/20/2026,16:22:59,21.6,47.7
05/20/2026,16:27:59,21.4,48.2
05/20/2026,16:32:59,21.7,49.6
05/20/2026,16:37:59,21.9,49.7
05/20/2026,16:42:59,21.8,50
05/20/2026,16:47:59,21.8,50.3
05/20/2026,16:52:59,21.6,50.5
05/20/2026,16:57:59,21.4,50.8
05/20/2026,17:02:59,21.3,51.2
05/20/2026,17:07:59,21,51.8
05/20/2026,17:12:59,21,52.4
05/20/2026,17:17:59,20.8,53
05/20/2026,17:22:59,20.7,53.1
05/20/2026,17:27:59,20.7,53.4
05/20/2026,17:32:59,20.5,53.8
05/20/2026,17:37:59,20.4,53.8
05/20/2026,17:42:59,20.3,54
05/20/2026,17:47:59,20.2,54.7
05/20/2026,17:52:59,20.2,54.9
05/20/2026,17:57:59,20,55.5
05/20/2026,18:02:59,19.9,55.6
05/20/2026,18:07:59,19.8,56.4
05/20/2026,18:12:59,19.7,56.5
05/20/2026,18:17:59,19.7,56.8
05/20/2026,18:22:59,19.6,57.1
05/20/2026,18:27:59,19.6,57.7
05/20/2026,18:32:59,19.7,57.7
05/20/2026,18:37:59,19.8,57.8
05/20/2026,18:42:59,19.8,57.6
05/20/2026,18:47:59,19.6,57.9
05/20/2026,18:52:59,19.5,58.3
05/20/2026,18:57:59,19.3,58.8
05/20/2026,19:02:59,19.1,59.5
05/20/2026,19:07:59,18.9,59.9
05/20/2026,19:12:59,18.8,60.4
05/20/2026,19:17:59,19,60.5
05/20/2026,19:22:59,19.3,60.2
05/20/2026,19:27:59,19.3,60.1
05/20/2026,19:32:59,19.1,60.6
05/20/2026,19:37:59,18.9,60.8
05/20/2026,19:42:59,18.8,60.9
05/20/2026,19:47:59,18.5,61.3
05/20/2026,19:52:59,18.3,61.6
05/20/2026,19:57:59,18.2,61.9
05/20/2026,20:02:59,18,62.3
05/20/2026,20:07:59,17.9,62.4
05/20/2026,20:12:59,17.8,62.2
05/20/2026,20:17:59,17.7,62.5
05/20/2026,20:22:59,17.7,62.6
05/20/2026,20:27:59,17.6,62.7
05/20/2026,20:32:59,17.4,62.9
05/20/2026,20:37:59,17.3,63.1
05/20/2026,20:42:59,17.2,63
05/20/2026,20:47:59,17.1,63.4
05/20/2026,20:52:59,16.9,63.6
05/20/2026,20:57:59,16.9,63.7
05/20/2026,21:02:59,16.7,64
05/20/2026,21:07:59,16.6,64.2
05/20/2026,21:12:59,16.5,64.3
05/20/2026,21:17:59,16.4,64.4
05/20/2026,21:22:59,16.3,64.6
05/20/2026,21:27:59,16.2,64.7
05/20/2026,21:32:59,16.1,65
05/20/2026,21:37:59,16,65.2
05/20/2026,21:42:59,15.8,65.2
05/20/2026,21:47:59,15.8,65.5
05/20/2026,21:52:59,15.7,65.2
05/20/2026,21:57:59,15.6,65.4
05/20/2026,22:02:59,15.5,65.3
05/20/2026,22:07:59,15.4,65.4
05/20/2026,22:12:59,15.3,65.4
05/20/2026,22:17:59,15.3,65.5
05/20/2026,22:22:59,15.2,65.7
05/20/2026,22:27:59,15.1,65.8
05/20/2026,22:32:59,15,65.9
05/20/2026,22:37:59,15,66
05/20/2026,22:42:59,14.8,66.2
05/20/2026,22:47:59,14.7,66
05/20/2026,22:52:59,14.6,66.1
05/20/2026,22:57:59,14.6,66.2
05/20/2026,23:02:59,14.5,66.5
05/20/2026,23:07:59,14.4,66.5
05/20/2026,23:12:59,14.3,66.7
05/20/2026,23:17:59,14.2,67
05/20/2026,23:22:59,14.1,67.3
05/20/2026,23:27:59,14.1,67.4
05/20/2026,23:32:59,14,67.8
05/20/2026,23:37:59,13.9,68
05/20/2026,23:42:59,13.9,68.2
05/20/2026,23:47:59,13.8,68.3
05/20/2026,23:52:59,13.8,68.5
05/20/2026,23:57:59,13.7,68.6
05/21/2026,00:02:59,13.6,68.7
05/21/2026,00:07:59,13.5,68.9
05/21/2026,00:12:59,13.4,69.1
05/21/2026,00:17:59,13.4,69.3
05/21/2026,00:22:59,13.3,69.5
05/21/2026,00:27:59,13.2,69.7
05/21/2026,00:32:59,13.1,70
05/21/2026,00:37:59,13.1,70.2
05/21/2026,00:42:59,13,70.5
05/21/2026,00:47:59,12.9,70.8
05/21/2026,00:52:59,12.8,71
05/21/2026,00:57:59,12.8,71.2
05/21/2026,01:02:59,12.7,71.4
05/21/2026,01:07:59,12.6,71.7
05/21/2026,01:12:59,12.5,72
05/21/2026,01:17:59,12.5,72.4
05/21/2026,01:22:59,12.4,72.5
05/21/2026,01:27:59,12.5,72.5
05/21/2026,01:32:59,12.4,72.6
05/21/2026,01:37:59,12.4,72.7
05/21/2026,01:42:59,12.4,72.9
05/21/2026,01:47:59,12.4,73
05/21/2026,01:52:59,12.4,73
05/21/2026,01:57:59,12.4,73.1
05/21/2026,02:02:59,12.4,73.2
05/21/2026,02:07:59,12.4,73.3
05/21/2026,02:12:59,12.4,73.3
05/21/2026,02:17:59,12.5,73.4
05/21/2026,02:22:59,12.5,73.4
05/21/2026,02:27:59,12.5,73.5
05/21/2026,02:32:59,12.5,73.5
05/21/2026,02:37:59,12.5,73.5
05/21/2026,02:42:59,12.5,73.5
05/21/2026,02:47:59,12.6,73.4
05/21/2026,02:52:59,12.6,73.5
05/21/2026,02:57:59,12.5,73.5
05/21/2026,03:02:59,12.5,73.5
05/21/2026,03:07:59,12.4,73.6
05/21/2026,03:12:59,12.4,73.7
05/21/2026,03:17:59,12.3,73.7
05/21/2026,03:22:59,12.2,74
05/21/2026,03:27:59,12.1,74.1
05/21/2026,03:32:59,12.1,74.3
05/21/2026,03:37:59,12,74.4
05/21/2026,03:42:59,12,74.6
05/21/2026,03:47:59,11.9,74.8
05/21/2026,03:52:59,11.9,75
05/21/2026,03:57:59,11.9,75.1
05/21/2026,04:02:59,11.8,75.3
05/21/2026,04:07:59,11.8,75.6
05/21/2026,04:12:59,11.8,75.8
05/21/2026,04:17:59,11.8,76.1
05/21/2026,04:22:59,11.8,76.4
05/21/2026,04:27:59,11.8,76.7
05/21/2026,04:32:59,11.7,77
05/21/2026,04:37:59,11.7,77.3
05/21/2026,04:42:59,11.7,77.5
05/21/2026,04:47:59,11.7,77.8
05/21/2026,04:52:59,11.7,78.1
05/21/2026,04:57:59,11.7,78.4
05/21/2026,05:02:59,11.7,78.6
05/21/2026,05:07:59,11.7,78.8
05/21/2026,05:12:59,11.8,79
05/21/2026,05:17:59,11.8,79.1
05/21/2026,05:22:59,11.8,79.2
05/21/2026,05:27:59,11.9,79.2
05/21/2026,05:32:59,11.9,79.3
05/21/2026,05:37:59,12,79.3
05/21/2026,05:42:59,12,79.3
05/21/2026,05:47:59,12,79.3
05/21/2026,05:52:59,12.1,79.4
05/21/2026,05:57:59,12.2,79.2
05/21/2026,06:02:59,12.2,79.1
05/21/2026,06:07:59,12.3,79
05/21/2026,06:12:59,12.3,79
05/21/2026,06:17:59,12.3,79
05/21/2026,06:22:59,12.4,78.9
05/21/2026,06:27:59,12.5,78.9
05/21/2026,06:32:59,12.5,78.9
05/21/2026,06:37:59,12.6,78.8
05/21/2026,06:42:59,12.6,78.8
05/21/2026,06:47:59,12.7,78.8
05/21/2026,06:52:59,12.8,78.7
05/21/2026,06:57:59,12.9,78.7
05/21/2026,07:02:59,13,78.4
05/21/2026,07:07:59,13,78.2
05/21/2026,07:12:59,13.1,78.1
05/21/2026,07:17:59,13.2,78
05/21/2026,07:22:59,13.3,77.9
05/21/2026,07:27:59,13.5,77.7
05/21/2026,07:32:59,13.6,77.5
05/21/2026,07:37:59,13.7,77.3
05/21/2026,07:42:59,13.9,77.1
05/21/2026,07:47:59,14,77
05/21/2026,07:52:59,14.2,76.8
05/21/2026,07:57:59,14.3,76.6
05/21/2026,08:02:59,14.5,76.5
05/21/2026,08:07:59,14.6,76.1
05/21/2026,08:12:59,14.8,76
05/21/2026,08:17:59,14.9,75.9
05/21/2026,08:22:59,15,75.9
05/21/2026,08:27:59,15.1,75.7
05/21/2026,08:32:59,15.2,75.7
05/21/2026,08:37:59,15.2,75.6
05/21/2026,08:42:59,15.4,75.4
05/21/2026,08:47:59,15.5,75.4
05/21/2026,08:52:59,15.7,75.3
05/21/2026,08:57:59,15.9,74.9
05/21/2026,09:02:59,16,74.5
05/21/2026,09:07:59,16.1,74.4
05/21/2026,09:12:59,16.1,74
05/21/2026,09:17:59,16.1,74
05/21/2026,09:22:59,16.1,73.7
05/21/2026,09:27:59,16.2,73.9
05/21/2026,09:32:59,16.4,73.6
05/21/2026,09:37:59,16.5,73.5
05/21/2026,09:42:59,16.7,73.3
05/21/2026,09:47:59,16.8,73
05/21/2026,09:52:59,17.1,72.8
05/21/2026,09:57:59,17.3,72.4
05/21/2026,10:02:59,17.4,72.2
05/21/2026,10:07:59,17.5,71.9
05/21/2026,10:12:59,17.6,71.7
05/21/2026,10:17:59,17.6,71.4
05/21/2026,10:22:59,17.8,71.4
05/21/2026,10:27:59,18,71.3
05/21/2026,10:32:59,18.2,70.6
05/21/2026,10:37:59,18.3,70.4
05/21/2026,10:42:59,18.6,70.2
05/21/2026,10:47:59,18.9,69.5
05/21/2026,10:52:59,19.2,68.9
05/21/2026,10:57:59,19.4,68.9
05/21/2026,11:02:59,19.6,68.2
05/21/2026,11:07:59,19.7,67.4
05/21/2026,11:12:59,19.9,67.2
05/21/2026,11:17:59,20.2,66.7
05/21/2026,11:22:59,20.5,65.6
05/21/2026,11:27:59,20.6,64.9
05/21/2026,11:32:59,20.5,64.7
05/21/2026,11:37:59,20.6,64.6
05/21/2026,11:42:59,20.5,64.6
05/21/2026,11:47:59,20.6,64.4
05/21/2026,11:52:59,20.8,64.3
05/21/2026,11:57:59,20.9,63.9
05/21/2026,12:02:59,20.9,63.7
05/21/2026,12:07:59,21.2,63.7
05/21/2026,12:12:59,21.4,63.1
05/21/2026,12:17:59,21.5,62.7
05/21/2026,12:22:59,21.5,62.5
05/21/2026,12:27:59,21.6,62.2
05/21/2026,12:32:59,21.8,61.7
05/21/2026,12:37:59,22.1,61.2
05/21/2026,12:42:59,22.2,61.4
05/21/2026,12:47:59,22.6,60.4
05/21/2026,12:52:59,22.6,60.4
05/21/2026,12:57:59,22.7,59.6
05/21/2026,13:02:59,22.8,59.5
05/21/2026,13:07:59,22.9,58.6
05/21/2026,13:12:59,23,58.6
05/21/2026,13:17:59,23.1,58.3
05/21/2026,13:22:59,23.1,58.3
05/21/2026,13:27:59,23.3,57.9
05/21/2026,13:32:59,23.6,57.4
05/21/2026,13:37:59,23.7,57.6
05/21/2026,13:42:59,24.1,56.4
05/21/2026,13:47:59,24.1,55.9
05/21/2026,13:52:59,24,56
05/21/2026,13:57:59,23.8,55.7
05/21/2026,14:02:59,23.7,56.4
05/21/2026,14:07:59,23.8,56
05/21/2026,14:12:59,23.8,55.7
05/21/2026,14:17:59,23.8,55.9
05/21/2026,14:22:59,23.7,55.9
05/21/2026,14:27:59,23.7,55.8
05/21/2026,14:32:59,23.7,55.9
05/21/2026,14:37:59,23.7,55.7
05/21/2026,14:42:59,23.9,56.3
05/21/2026,14:47:59,24.3,55.8
05/21/2026,14:52:59,24.3,55.7
05/21/2026,14:57:59,24.4,54.9
05/21/2026,15:02:59,24.5,54.8
05/21/2026,15:07:59,24.6,54.3
05/21/2026,15:12:59,24.8,54.3
05/21/2026,15:17:59,24.9,54.2
05/21/2026,15:22:59,25,53.8
05/21/2026,15:27:59,25.4,52.9
05/21/2026,15:32:59,25.8,52.2
05/21/2026,15:37:59,25.8,51.5
05/21/2026,15:42:59,25.8,51.7
05/21/2026,15:47:59,26.1,51.7
05/21/2026,15:52:59,26.3,51.2
05/21/2026,15:57:59,26.3,50.7
05/21/2026,16:02:59,26,50.1
05/21/2026,16:07:59,25.8,51
05/21/2026,16:12:59,25.8,51
05/21/2026,16:17:59,25.9,50.9
05/21/2026,16:22:59,25.9,50.7
05/21/2026,16:27:59,25.7,51
05/21/2026,16:32:59,25.7,50.9
05/21/2026,16:37:59,25.4,50.6
05/21/2026,16:42:59,25.2,51.4
05/21/2026,16:47:59,25.2,51.3
05/21/2026,16:52:59,25.2,51.6
05/21/2026,16:57:59,25,51.9
05/21/2026,17:02:59,24.9,52.3
05/21/2026,17:07:59,25,52.1
05/21/2026,17:12:59,25,52.1
05/21/2026,17:17:59,24.9,52.2
05/21/2026,17:22:59,24.7,52.6
05/21/2026,17:27:59,24.7,52.9
05/21/2026,17:32:59,24.7,52.5
05/21/2026,17:37:59,24.6,52.9
05/21/2026,17:42:59,24.6,52.9
05/21/2026,17:47:59,24.5,53
05/21/2026,17:52:59,24.4,52.9
05/21/2026,17:57:59,24.2,53.1
05/21/2026,18:02:59,24.1,53.4
05/21/2026,18:07:59,24,53.7
05/21/2026,18:12:59,24,53.4
05/21/2026,18:17:59,23.9,53.7
05/21/2026,18:22:59,23.9,54.3
05/21/2026,18:27:59,23.8,54.1
05/21/2026,18:32:59,23.8,54.3
05/21/2026,18:37:59,23.7,54.6
05/21/2026,18:42:59,23.7,54.6
05/21/2026,18:47:59,23.8,54.6
05/21/2026,18:52:59,23.8,55
05/21/2026,18:57:59,23.8,54.9
05/21/2026,19:02:59,23.8,54.8
05/21/2026,19:07:59,24,54.7
05/21/2026,19:12:59,24.1,54.4
05/21/2026,19:17:59,24.3,54.2
05/21/2026,19:22:59,24.4,53.7
05/21/2026,19:27:59,24.4,54.2
05/21/2026,19:32:59,24.3,54
05/21/2026,19:37:59,24,54.4
05/21/2026,19:42:59,23.8,54.6
05/21/2026,19:47:59,23.7,55
05/21/2026,19:52:59,23.6,55.3
05/21/2026,19:57:59,23.5,55.9
05/21/2026,20:02:59,23.4,56.4
05/21/2026,20:07:59,23.3,56.4
05/21/2026,20:12:59,23.2,56.4
05/21/2026,20:17:59,23,56.5
05/21/2026,20:22:59,22.9,57.2
05/21/2026,20:27:59,22.7,57.5
05/21/2026,20:32:59,22.6,58.6
05/21/2026,20:37:59,22.5,58.8
05/21/2026,20:42:59,22.4,59.6
05/21/2026,20:47:59,22.2,60.1
05/21/2026,20:52:59,22,60.4
05/21/2026,20:57:59,21.8,61.1
05/21/2026,21:02:59,21.6,61.2
05/21/2026,21:07:59,21.5,61.8
05/21/2026,21:12:59,21.3,62.3
05/21/2026,21:17:59,21.2,62.7
05/21/2026,21:22:59,21,63.2
05/21/2026,21:27:59,20.9,63.4
05/21/2026,21:32:59,20.7,63.8
05/21/2026,21:37:59,20.5,64
05/21/2026,21:42:59,20.4,63.8
05/21/2026,21:47:59,20.3,64
05/21/2026,21:52:59,20.2,64.1
05/21/2026,21:57:59,20.1,64.2
05/21/2026,22:02:59,20.1,64.2
05/21/2026,22:07:59,20,64.2
05/21/2026,22:12:59,19.9,64.2
05/21/2026,22:17:59,19.9,64.2
05/21/2026,22:22:59,19.8,64.2
05/21/2026,22:27:59,19.8,63.9
05/21/2026,22:32:59,19.8,63.9
05/21/2026,22:37:59,19.8,63.7
05/21/2026,22:42:59,19.7,63.7
05/21/2026,22:47:59,19.7,63.7
05/21/2026,22:52:59,19.6,63.6
05/21/2026,22:57:59,19.6,63.7
05/21/2026,23:02:59,19.5,63.7
05/21/2026,23:07:59,19.4,63.8
05/21/2026,23:12:59,19.3,63.9
05/21/2026,23:17:59,19.3,63.8
05/21/2026,23:22:59,19.2,64
05/21/2026,23:27:59,19.1,64
05/21/2026,23:32:59,19,63.9
05/21/2026,23:37:59,18.9,64
05/21/2026,23:42:59,18.8,63.9
05/21/2026,23:47:59,18.7,64
05/21/2026,23:52:59,18.6,64.2
05/21/2026,23:57:59,18.5,64.3
05/22/2026,00:02:59,18.4,64.4
05/22/2026,00:07:59,18.3,64.4
05/22/2026,00:12:59,18.2,64.4
05/22/2026,00:17:59,18.2,64.6
05/22/2026,00:22:59,18,64.7
05/22/2026,00:27:59,18,64.9
05/22/2026,00:32:59,17.9,65
05/22/2026,00:37:59,17.9,65.1
05/22/2026,00:42:59,17.8,65.3
05/22/2026,00:47:59,17.7,65.4
05/22/2026,00:52:59,17.6,65.6
05/22/2026,00:57:59,17.5,65.7
05/22/2026,01:02:59,17.4,65.9
05/22/2026,01:07:59,17.3,65.9
05/22/2026,01:12:59,17.2,66
05/22/2026,01:17:59,17.1,66.2
05/22/2026,01:22:59,17,66.2
05/22/2026,01:27:59,16.9,66
05/22/2026,01:32:59,16.9,65.8
05/22/2026,01:37:59,16.8,65.2
05/22/2026,01:42:59,16.8,65.2
05/22/2026,01:47:59,16.7,65.1
05/22/2026,01:52:59,16.7,65.2
05/22/2026,01:57:59,16.6,65.3
05/22/2026,02:02:59,16.6,65.5
05/22/2026,02:07:59,16.5,65.6
05/22/2026,02:12:59,16.5,65.6
05/22/2026,02:17:59,16.4,65.6
05/22/2026,02:22:59,16.4,65.7
05/22/2026,02:27:59,16.3,65.6
05/22/2026,02:32:59,16.2,65.6
05/22/2026,02:37:59,16.2,65.8
05/22/2026,02:42:59,16.1,65.9
05/22/2026,02:47:59,16,66.1
05/22/2026,02:52:59,15.9,66.3
05/22/2026,02:57:59,15.8,66.4
05/22/2026,03:02:59,15.8,66.4
05/22/2026,03:07:59,15.7,66.6
05/22/2026,03:12:59,15.7,66.7
05/22/2026,03:17:59,15.6,66.8
05/22/2026,03:22:59,15.6,67.1
05/22/2026,03:27:59,15.5,67.3
05/22/2026,03:32:59,15.4,67.6
05/22/2026,03:37:59,15.3,67.7
05/22/2026,03:42:59,15.2,67.9
05/22/2026,03:47:59,15.1,67.9
05/22/2026,03:52:59,15.1,68
05/22/2026,03:57:59,15,68.1
05/22/2026,04:02:59,15,68.2
05/22/2026,04:07:59,14.9,68.2
05/22/2026,04:12:59,14.9,68.3
05/22/2026,04:17:59,14.9,68.4
05/22/2026,04:22:59,14.8,68.5
05/22/2026,04:27:59,14.8,68.7
05/22/2026,04:32:59,14.8,68.7
05/22/2026,04:37:59,14.8,68.8
05/22/2026,04:42:59,14.7,69.2
05/22/2026,04:47:59,14.6,69.4
05/22/2026,04:52:59,14.5,69.6
05/22/2026,04:57:59,14.5,69.9
05/22/2026,05:02:59,14.4,70.2
05/22/2026,05:07:59,14.3,70.4
05/22/2026,05:12:59,14.2,70.7
05/22/2026,05:17:59,14.2,71.1
05/22/2026,05:22:59,14.1,71.3
05/22/2026,05:27:59,14.1,71.3
05/22/2026,05:32:59,14,71.6
05/22/2026,05:37:59,14,72.2
05/22/2026,05:42:59,14.1,72.8
05/22/2026,05:47:59,14.2,72
05/22/2026,05:52:59,14.1,68.3
05/22/2026,05:57:59,14.1,68.3
05/22/2026,06:02:59,14.1,67
05/22/2026,06:07:59,14.1,70.4
05/22/2026,06:12:59,14.2,71.6
05/22/2026,06:17:59,14.4,71.4
05/22/2026,06:22:59,14.5,72.4
05/22/2026,06:27:59,14.6,72.3
05/22/2026,06:32:59,14.8,72.8
05/22/2026,06:37:59,14.9,72.6
05/22/2026,06:42:59,15,73.1
05/22/2026,06:47:59,15.2,72.9
05/22/2026,06:52:59,15.3,72.6
05/22/2026,06:57:59,15.5,72.8
05/22/2026,07:02:59,15.7,72.5
05/22/2026,07:07:59,15.8,71.9
05/22/2026,07:12:59,15.9,71.1
05/22/2026,07:17:59,15.9,71.8
05/22/2026,07:22:59,16,71.2
05/22/2026,07:27:59,16.1,70
05/22/2026,07:32:59,16.3,70
05/22/2026,07:37:59,16.5,70.1
05/22/2026,07:42:59,16.7,70.7
05/22/2026,07:47:59,17,69.6
05/22/2026,07:52:59,17.2,70.6
05/22/2026,07:57:59,17.3,69.7
05/22/2026,08:02:59,17.4,69
05/22/2026,08:07:59,17.5,69.3
05/22/2026,08:12:59,17.8,69.2
05/22/2026,08:17:59,18,68.4
05/22/2026,08:22:59,18.2,68.8
05/22/2026,08:27:59,18.3,68.2
05/22/2026,08:32:59,18.5,68.3
05/22/2026,08:37:59,18.7,68
05/22/2026,08:42:59,19,67.9
05/22/2026,08:47:59,19.3,67.2
05/22/2026,08:52:59,19.6,66.9
05/22/2026,08:57:59,19.9,66.4
05/22/2026,09:02:59,20.2,65.9
05/22/2026,09:07:59,20.5,65.2
05/22/2026,09:12:59,20.8,64.7
05/22/2026,09:17:59,21,64.1
05/22/2026,09:22:59,21.3,63.9
05/22/2026,09:27:59,21.6,63.4
05/22/2026,09:32:59,21.8,62.5
05/22/2026,09:37:59,22,62.2
05/22/2026,09:42:59,22.3,61.8
05/22/2026,09:47:59,22.5,61.7
05/22/2026,09:52:59,22.8,61
05/22/2026,09:57:59,23,60.1
05/22/2026,10:02:59,23.1,59.9
05/22/2026,10:07:59,23.3,59.5
05/22/2026,10:12:59,23.5,59.6
05/22/2026,10:17:59,23.7,58.8
05/22/2026,10:22:59,24,58.3
05/22/2026,10:27:59,24.2,58.3
05/22/2026,10:32:59,24.4,57.7
05/22/2026,10:37:59,24.7,57.1
05/22/2026,10:42:59,24.9,56
05/22/2026,10:47:59,24.9,55
05/22/2026,10:52:59,24.9,54.6
05/22/2026,10:57:59,25,54.6
05/22/2026,11:02:59,25,54.3
05/22/2026,11:07:59,25.2,54.7
05/22/2026,11:12:59,25.4,54.4
05/22/2026,11:17:59,25.7,53.7
05/22/2026,11:22:59,25.8,53
05/22/2026,11:27:59,26,52.1
05/22/2026,11:32:59,26,52.5
05/22/2026,11:37:59,25.9,51.4
05/22/2026,11:42:59,25.9,51.8
05/22/2026,11:47:59,26.1,51.9
05/22/2026,11:52:59,26.4,50.6
05/22/2026,11:57:59,26.4,50.5
05/22/2026,12:02:59,26.7,50.4
05/22/2026,12:07:59,26.8,49.9
05/22/2026,12:12:59,26.9,49.6
05/22/2026,12:17:59,27,48.9
05/22/2026,12:22:59,27.2,48.6
05/22/2026,12:27:59,27.4,48.7
05/22/2026,12:32:59,27.7,48.8
05/22/2026,12:37:59,27.9,48.2
05/22/2026,12:42:59,28,46.8
05/22/2026,12:47:59,28.1,46.5
05/22/2026,12:52:59,28.1,47.5
05/22/2026,12:57:59,28.3,47.1
05/22/2026,13:02:59,28.4,45.6
05/22/2026,13:07:59,28.3,46.2
05/22/2026,13:12:59,28.3,45.8
05/22/2026,13:17:59,28.5,45.2
05/22/2026,13:22:59,28.6,45
05/22/2026,13:27:59,28.7,44.5
05/22/2026,13:32:59,28.7,44.7
05/22/2026,13:37:59,28.9,44.5
05/22/2026,13:42:59,29.1,44.4
05/22/2026,13:47:59,29.1,43.8
05/22/2026,13:52:59,29.1,43.5
05/22/2026,13:57:59,29.2,43.4
05/22/2026,14:02:59,29.3,43.3
05/22/2026,14:07:59,29.6,43
05/22/2026,14:12:59,29.8,42.4
05/22/2026,14:17:59,29.7,42.7
05/22/2026,14:22:59,29.9,42.3
05/22/2026,14:27:59,30,41.9
05/22/2026,14:32:59,30.2,41.6
05/22/2026,14:37:59,30.3,41.7
05/22/2026,14:42:59,30.4,41.3
05/22/2026,14:47:59,30.3,40.5
05/22/2026,14:52:59,30.4,41.1
05/22/2026,14:57:59,30.5,40.4
05/22/2026,15:02:59,30.8,40.2
05/22/2026,15:07:59,30.9,39.6
05/22/2026,15:12:59,30.9,39.6
05/22/2026,15:17:59,30.9,39.3
05/22/2026,15:22:59,30.9,39.4
05/22/2026,15:27:59,31,39
05/22/2026,15:32:59,31,39.3
05/22/2026,15:37:59,31.2,39.7
05/22/2026,15:42:59,31.3,38.7
05/22/2026,15:47:59,31.6,38.2
05/22/2026,15:52:59,31.2,38.5
05/22/2026,15:57:59,31.1,38.8
05/22/2026,16:02:59,31.2,38.9
05/22/2026,16:07:59,31.3,38.3
05/22/2026,16:12:59,31.4,38.1
05/22/2026,16:17:59,31.4,37.8
05/22/2026,16:22:59,31.6,37.6
05/22/2026,16:27:59,31.4,37.7
05/22/2026,16:32:59,31.3,37.7
05/22/2026,16:37:59,31.2,37.6
05/22/2026,16:42:59,30.8,37.9
05/22/2026,16:47:59,30.7,38.3
05/22/2026,16:52:59,30.6,38.2
05/22/2026,16:57:59,30.3,38.3
05/22/2026,17:02:59,30,38.4
05/22/2026,17:07:59,29.7,39
05/22/2026,17:12:59,29.6,39.4
05/22/2026,17:17:59,29.4,39.5
05/22/2026,17:22:59,29.2,39.9
05/22/2026,17:27:59,29.2,39.8
05/22/2026,17:32:59,29,39.7
05/22/2026,17:37:59,28.9,40
05/22/2026,17:42:59,28.8,40.2
05/22/2026,17:47:59,28.8,40.1
05/22/2026,17:52:59,28.7,39.7
05/22/2026,17:57:59,28.6,39.8
05/22/2026,18:02:59,28.4,39.9
05/22/2026,18:07:59,28.4,40.5
05/22/2026,18:12:59,28.3,40.3
05/22/2026,18:17:59,28.3,40.6
05/22/2026,18:22:59,28.2,40.6
05/22/2026,18:27:59,28.1,40.6
05/22/2026,18:32:59,28,40.7
05/22/2026,18:37:59,28.1,41
05/22/2026,18:42:59,28,41
05/22/2026,18:47:59,27.9,41
05/22/2026,18:52:59,27.8,41.3
05/22/2026,18:57:59,27.8,41.4
05/22/2026,19:02:59,27.9,41.2
05/22/2026,19:07:59,28,41
05/22/2026,19:12:59,28.1,40.8
05/22/2026,19:17:59,28.3,40.6
05/22/2026,19:22:59,28.2,40.7
05/22/2026,19:27:59,28.1,41
05/22/2026,19:32:59,28,41.4
05/22/2026,19:37:59,27.7,41.7
05/22/2026,19:42:59,27.6,42.1
05/22/2026,19:47:59,27.4,42.5
05/22/2026,19:52:59,27.2,42.7
05/22/2026,19:57:59,27,42.9
05/22/2026,20:02:59,26.9,43.2
05/22/2026,20:07:59,26.7,43.4
05/22/2026,20:12:59,26.5,43.5
05/22/2026,20:17:59,26.3,43.8
05/22/2026,20:22:59,26.1,44
05/22/2026,20:27:59,25.9,44.4
05/22/2026,20:32:59,25.8,44.7
05/22/2026,20:37:59,25.7,44.9
05/22/2026,20:42:59,25.5,45.2
05/22/2026,20:47:59,25.3,45.4
05/22/2026,20:52:59,25.1,45.6
05/22/2026,20:57:59,25,45.9
05/22/2026,21:02:59,24.8,46.1
05/22/2026,21:07:59,24.7,46.1
05/22/2026,21:12:59,24.6,46.4
05/22/2026,21:17:59,24.5,46.7
05/22/2026,21:22:59,24.3,46.9
05/22/2026,21:27:59,24.2,47.1
05/22/2026,21:32:59,24.1,47.5
05/22/2026,21:37:59,24,47.9
05/22/2026,21:42:59,23.9,48.1
05/22/2026,21:47:59,23.7,48.5
05/22/2026,21:52:59,23.6,48.4
05/22/2026,21:57:59,23.5,48.6
05/22/2026,22:02:59,23.5,48.9
05/22/2026,22:07:59,23.4,49.1
05/22/2026,22:12:59,23.3,49.4
05/22/2026,22:17:59,23.2,49.6
05/22/2026,22:22:59,23.1,49.8
05/22/2026,22:27:59,23,50
05/22/2026,22:32:59,22.9,50.2
05/22/2026,22:37:59,22.8,50.4
05/22/2026,22:42:59,22.7,50.5
05/22/2026,22:47:59,22.6,50.6
05/22/2026,22:52:59,22.5,51
05/22/2026,22:57:59,22.4,50.9
05/22/2026,23:02:59,22.4,50.9
05/22/2026,23:07:59,22.3,51.1
05/22/2026,23:12:59,22.2,51.1
05/22/2026,23:17:59,22.1,51.4
05/22/2026,23:22:59,22.1,51.4
05/22/2026,23:27:59,22,51.5
05/22/2026,23:32:59,22,51.7
05/22/2026,23:37:59,21.9,51.8
05/22/2026,23:42:59,21.8,51.7
05/22/2026,23:47:59,21.7,51.9
05/22/2026,23:52:59,21.6,52.1
05/22/2026,23:57:59,21.5,52.3
05/23/2026,00:02:59,21.5,52.6
05/23/2026,00:07:59,21.4,52.9
05/23/2026,00:12:59,21.3,53.1
05/23/2026,00:17:59,21.3,53.4
05/23/2026,00:22:59,21.2,53.8
05/23/2026,00:27:59,21.1,54
05/23/2026,00:32:59,21,54.2
05/23/2026,00:37:59,21,54.4
05/23/2026,00:42:59,20.9,54.7
05/23/2026,00:47:59,20.8,54.9
05/23/2026,00:52:59,20.8,55.2
05/23/2026,00:57:59,20.7,55.8
05/23/2026,01:02:59,20.6,56.3
05/23/2026,01:07:59,20.6,56.8
05/23/2026,01:12:59,20.5,57.4
05/23/2026,01:17:59,20.5,58
05/23/2026,01:22:59,20.5,58.6
05/23/2026,01:27:59,20.5,58.9
05/23/2026,01:32:59,20.6,59.2
05/23/2026,01:37:59,20.6,59.5
05/23/2026,01:42:59,20.6,59.5
05/23/2026,01:47:59,20.6,59.8
05/23/2026,01:52:59,20.6,60
05/23/2026,01:57:59,20.6,60.1
05/23/2026,02:02:59,20.6,60.1
05/23/2026,02:07:59,20.5,60.5
05/23/2026,02:12:59,20.5,60.6
05/23/2026,02:17:59,20.5,60.9
05/23/2026,02:22:59,20.4,61.2
05/23/2026,02:27:59,20.3,61.3
05/23/2026,02:32:59,20.3,60.9
05/23/2026,02:37:59,20.3,61.4
05/23/2026,02:42:59,20.3,61.9
05/23/2026,02:47:59,20.3,61.9
05/23/2026,02:52:59,20.3,62
05/23/2026,02:57:59,20.3,62.2
05/23/2026,03:02:59,20.3,62.3
05/23/2026,03:07:59,20.3,62.6
05/23/2026,03:12:59,20.3,62.7
05/23/2026,03:17:59,20.3,62.8
05/23/2026,03:22:59,20.2,62.9
05/23/2026,03:27:59,20.2,63.2
05/23/2026,03:32:59,20.2,63.3
05/23/2026,03:37:59,20.2,63.5
05/23/2026,03:42:59,20.2,63.6
05/23/2026,03:47:59,20.1,63.7
05/23/2026,03:52:59,20.1,63.8
05/23/2026,03:57:59,20.1,64.2
05/23/2026,04:02:59,20,64.5
05/23/2026,04:07:59,19.9,64.6
05/23/2026,04:12:59,19.8,64.8
05/23/2026,04:17:59,19.7,64.9
05/23/2026,04:22:59,19.6,65
05/23/2026,04:27:59,19.6,65.1
05/23/2026,04:32:59,19.6,65.1
05/23/2026,04:37:59,19.6,65.1
05/23/2026,04:42:59,19.6,65.2
05/23/2026,04:47:59,19.6,65.2
05/23/2026,04:52:59,19.6,65.5
05/23/2026,04:57:59,19.5,66
05/23/2026,05:02:59,19.5,66.4
05/23/2026,05:07:59,19.5,66.3
05/23/2026,05:12:59,19.4,66.8
05/23/2026,05:17:59,19.4,66.8
05/23/2026,05:22:59,19.4,66.8
05/23/2026,05:27:59,19.4,67
05/23/2026,05:32:59,19.4,67.2
05/23/2026,05:37:59,19.3,67.2
05/23/2026,05:42:59,19.3,67.6
05/23/2026,05:47:59,19.3,67.7
05/23/2026,05:52:59,19.3,68.2
05/23/2026,05:57:59,19.3,67.8
05/23/2026,06:02:59,19.3,68.1
05/23/2026,06:07:59,19.3,68.4
05/23/2026,06:12:59,19.3,68.6
05/23/2026,06:17:59,19.3,68.5
05/23/2026,06:22:59,19.3,68.5
05/23/2026,06:27:59,19.3,68.9
05/23/2026,06:32:59,19.4,68.8
05/23/2026,06:37:59,19.4,68.7
05/23/2026,06:42:59,19.5,68.8
05/23/2026,06:47:59,19.5,69
05/23/2026,06:52:59,19.5,68.7
05/23/2026,06:57:59,19.6,68.7
05/23/2026,07:02:59,19.6,68.6
05/23/2026,07:07:59,19.6,68.5
05/23/2026,07:12:59,19.6,68.6
05/23/2026,07:17:59,19.7,68.5
05/23/2026,07:22:59,19.7,68.5
05/23/2026,07:27:59,19.8,68.2
05/23/2026,07:32:59,19.9,68.1
05/23/2026,07:37:59,20,68.1
05/23/2026,07:42:59,20.1,67.5
05/23/2026,07:47:59,20.3,67.2
05/23/2026,07:52:59,20.4,67.4
05/23/2026,07:57:59,20.5,66.9
05/23/2026,08:02:59,20.5,66.4
05/23/2026,08:07:59,20.5,66.5
05/23/2026,08:12:59,20.5,66
05/23/2026,08:17:59,20.6,66
05/23/2026,08:22:59,20.7,66
05/23/2026,08:27:59,20.8,65.5
05/23/2026,08:32:59,20.9,65.2
05/23/2026,08:37:59,21,65.1
05/23/2026,08:42:59,21.2,64.7
05/23/2026,08:47:59,21.4,64.1
05/23/2026,08:52:59,21.5,63.5
05/23/2026,08:57:59,21.7,62.7
05/23/2026,09:02:59,21.9,62.3
05/23/2026,09:07:59,22,62.1
05/23/2026,09:12:59,22.2,61.4
05/23/2026,09:17:59,22.4,61.3
05/23/2026,09:22:59,22.6,60.4
05/23/2026,09:27:59,22.6,60.1
05/23/2026,09:32:59,22.7,60
05/23/2026,09:37:59,22.8,59.7
05/23/2026,09:42:59,23,60.1
05/23/2026,09:47:59,23.3,59.4
05/23/2026,09:52:59,23.4,58.2
05/23/2026,09:57:59,23.4,57.1
05/23/2026,10:02:59,23.3,57.9
05/23/2026,10:07:59,23.6,57.6
05/23/2026,10:12:59,23.7,57.3
05/23/2026,10:17:59,23.8,56.9
05/23/2026,10:22:59,23.8,57.2
05/23/2026,10:27:59,23.7,56.1
05/23/2026,10:32:59,23.7,56.4
05/23/2026,10:37:59,23.8,56.5
05/23/2026,10:42:59,24,56.4
05/23/2026,10:47:59,24.2,56.7
05/23/2026,10:52:59,24.3,56.4
05/23/2026,10:57:59,24.3,55.8
05/23/2026,11:02:59,24.4,55.8
05/23/2026,11:07:59,24.7,56
05/23/2026,11:12:59,25,55.1
05/23/2026,11:17:59,25,54.8
05/23/2026,11:22:59,25,54.6
05/23/2026,11:27:59,25.1,55.9
05/23/2026,11:32:59,25.2,54.4
05/23/2026,11:37:59,25.3,54.8
05/23/2026,11:42:59,25.5,54.8
05/23/2026,11:47:59,25.6,54
05/23/2026,11:52:59,25.8,52.9
05/23/2026,11:57:59,25.9,53.6
05/23/2026,12:02:59,26,53.5
05/23/2026,12:07:59,26.1,52.4
05/23/2026,12:12:59,25.9,52
05/23/2026,12:17:59,26.1,52.8
05/23/2026,12:22:59,26.5,51.7
05/23/2026,12:27:59,26.6,51.3
05/23/2026,12:32:59,26.6,50.6
05/23/2026,12:37:59,26.5,50.3
05/23/2026,12:42:59,26.7,50.8
05/23/2026,12:47:59,26.8,50.6
05/23/2026,12:52:59,27.1,50.2
05/23/2026,12:57:59,27.1,50
05/23/2026,13:02:59,27.3,49.3
05/23/2026,13:07:59,27.2,48.8
05/23/2026,13:12:59,27.5,49.8
05/23/2026,13:17:59,27.7,48.1
05/23/2026,13:22:59,27.7,47.7
05/23/2026,13:27:59,27.6,47.8
05/23/2026,13:32:59,27.6,47.4
05/23/2026,13:37:59,27.5,47.7
05/23/2026,13:42:59,27.7,47.8
05/23/2026,13:47:59,27.9,47.6
05/23/2026,13:52:59,27.8,47.2
05/23/2026,13:57:59,27.7,47
05/23/2026,14:02:59,28,47.3
05/23/2026,14:07:59,28.2,46.4
05/23/2026,14:12:59,28.2,45.9
05/23/2026,14:17:59,28.4,45.4
05/23/2026,14:22:59,28.4,45.2
05/23/2026,14:27:59,28.9,44.6
05/23/2026,14:32:59,28.9,44.2
05/23/2026,14:37:59,28.8,44.5
05/23/2026,14:42:59,29,44.2
05/23/2026,14:47:59,29.1,44.1
05/23/2026,14:52:59,28.9,44.2
05/23/2026,14:57:59,28.9,43.7
05/23/2026,15:02:59,29.3,43.4
05/23/2026,15:07:59,29.4,42.4
05/23/2026,15:12:59,29.2,42.3
05/23/2026,15:17:59,29.4,43.3
05/23/2026,15:22:59,29.7,41.8
05/23/2026,15:27:59,29.6,41.6
05/23/2026,15:32:59,29.8,41.1
05/23/2026,15:37:59,30.2,42.2
05/23/2026,15:42:59,30.1,40.6
05/23/2026,15:47:59,30,39.8
05/23/2026,15:52:59,29.8,39.5
05/23/2026,15:57:59,30.2,39.7
05/23/2026,16:02:59,30.5,38.5
05/23/2026,16:07:59,30.1,38.8
05/23/2026,16:12:59,30,39.6
05/23/2026,16:17:59,30.3,39.4
05/23/2026,16:22:59,30.4,38.9
05/23/2026,16:27:59,30.3,39
05/23/2026,16:32:59,30,38.5
05/23/2026,16:37:59,29.7,39.3
05/23/2026,16:42:59,29.6,38.9
05/23/2026,16:47:59,29.2,39.2
05/23/2026,16:52:59,29,39.8
05/23/2026,16:57:59,28.8,40
05/23/2026,17:02:59,28.5,40.2
05/23/2026,17:07:59,28.4,40.6
05/23/2026,17:12:59,28.1,41.2
05/23/2026,17:17:59,27.8,41.1
05/23/2026,17:22:59,27.7,41.8
05/23/2026,17:27:59,27.7,41.8
05/23/2026,17:32:59,27.6,41.7
05/23/2026,17:37:59,27.5,41.5
05/23/2026,17:42:59,27.5,42
05/23/2026,17:47:59,27.5,41.5
05/23/2026,17:52:59,27.4,41.9
05/23/2026,17:57:59,27.4,41.5
05/23/2026,18:02:59,27.4,41.3
05/23/2026,18:07:59,27.2,40.9
05/23/2026,18:12:59,27.1,41.6
05/23/2026,18:17:59,27.1,41.2
05/23/2026,18:22:59,27.1,41.5
05/23/2026,18:27:59,27,42.6
05/23/2026,18:32:59,27,43.1
05/23/2026,18:37:59,27,43.3
05/23/2026,18:42:59,27,43.8
05/23/2026,18:47:59,27,43.4
05/23/2026,18:52:59,27,43.2
05/23/2026,18:57:59,27.1,43
05/23/2026,19:02:59,27.3,43.1
05/23/2026,19:07:59,27.5,41.9
05/23/2026,19:12:59,27.6,42.3
05/23/2026,19:17:59,27.6,43.1
05/23/2026,19:22:59,27.5,43.4
05/23/2026,19:27:59,27.3,43.5
05/23/2026,19:32:59,27.2,44.4
05/23/2026,19:37:59,27.1,44.2
05/23/2026,19:42:59,26.9,44.5
05/23/2026,19:47:59,26.6,45
05/23/2026,19:52:59,26.4,45.6
05/23/2026,19:57:59,26.3,45.8
05/23/2026,20:02:59,26.1,46.1
05/23/2026,20:07:59,25.9,46.3
05/23/2026,20:12:59,25.7,46.7
05/23/2026,20:17:59,25.6,47
05/23/2026,20:22:59,25.4,47.3
05/23/2026,20:27:59,25.3,47.6
05/23/2026,20:32:59,25.2,48.1
05/23/2026,20:37:59,25,48.4
05/23/2026,20:42:59,24.9,49.8
05/23/2026,20:47:59,24.7,50.8
05/23/2026,20:52:59,24.5,50
05/23/2026,20:57:59,24.3,50.3
05/23/2026,21:02:59,24.2,51
05/23/2026,21:07:59,24.1,51.4
05/23/2026,21:12:59,23.9,51.4
05/23/2026,21:17:59,23.8,52.6
05/23/2026,21:22:59,23.6,51.9
05/23/2026,21:27:59,23.5,52.9
05/23/2026,21:32:59,23.4,53.8
05/23/2026,21:37:59,23.2,54.1
05/23/2026,21:42:59,23.1,54.8
05/23/2026,21:47:59,23,54.7
05/23/2026,21:52:59,22.9,54.5
05/23/2026,21:57:59,22.7,55.7
05/23/2026,22:02:59,22.5,56.5
05/23/2026,22:07:59,22.4,56.2
05/23/2026,22:12:59,22.2,57.6
05/23/2026,22:17:59,22.1,58.2
05/23/2026,22:22:59,21.9,58.7
05/23/2026,22:27:59,21.8,59.3
05/23/2026,22:32:59,21.6,59.7
05/23/2026,22:37:59,21.5,60
05/23/2026,22:42:59,21.4,60.3
05/23/2026,22:47:59,21.2,60.6
05/23/2026,22:52:59,21.1,60.7
05/23/2026,22:57:59,21,60.9
05/23/2026,23:02:59,20.9,60.9
05/23/2026,23:07:59,20.8,61.1
05/23/2026,23:12:59,20.7,61.2
05/23/2026,23:17:59,20.6,61.3
05/23/2026,23:22:59,20.5,61.4
05/23/2026,23:27:59,20.5,61.7
05/23/2026,23:32:59,20.4,61.9
05/23/2026,23:37:59,20.3,62.2
05/23/2026,23:42:59,20.2,62.3
05/23/2026,23:47:59,20.1,62.5
05/23/2026,23:52:59,19.9,62.7
05/23/2026,23:57:59,19.8,62.9
05/24/2026,00:02:59,19.8,63
05/24/2026,00:07:59,19.7,63.1
05/24/2026,00:12:59,19.6,63.2
05/24/2026,00:17:59,19.6,63.3
05/24/2026,00:22:59,19.5,63.4
05/24/2026,00:27:59,19.3,63.7
05/24/2026,00:32:59,19.3,63.9
05/24/2026,00:37:59,19.1,64.2
05/24/2026,00:42:59,19,64.5
05/24/2026,00:47:59,19,64.6
05/24/2026,00:52:59,19,64.9
05/24/2026,00:57:59,18.9,65
05/24/2026,01:02:59,18.8,65.2
05/24/2026,01:07:59,18.8,65.3
05/24/2026,01:12:59,18.7,65.6
05/24/2026,01:17:59,18.6,65.8
05/24/2026,01:22:59,18.4,66.2
05/24/2026,01:27:59,18.4,66.4
05/24/2026,01:32:59,18.3,66.5
05/24/2026,01:37:59,18.3,66.7
05/24/2026,01:42:59,18.2,66.9
05/24/2026,01:47:59,18.1,67.1
05/24/2026,01:52:59,18.1,67.2
05/24/2026,01:57:59,18,67.5
05/24/2026,02:02:59,17.9,67.7
05/24/2026,02:07:59,17.9,67.8
05/24/2026,02:12:59,17.9,67.9
05/24/2026,02:17:59,17.7,68
05/24/2026,02:22:59,17.7,68.3
05/24/2026,02:27:59,17.6,68.5
05/24/2026,02:32:59,17.5,68.7
05/24/2026,02:37:59,17.4,69
05/24/2026,02:42:59,17.3,69.3
05/24/2026,02:47:59,17.3,69.6
05/24/2026,02:52:59,17.2,69.8
05/24/2026,02:57:59,17.1,70
05/24/2026,03:02:59,17.1,70.1
05/24/2026,03:07:59,17,70
05/24/2026,03:12:59,17,70.2
05/24/2026,03:17:59,17,70.5
05/24/2026,03:22:59,16.9,70.4
05/24/2026,03:27:59,16.9,70.8
05/24/2026,03:32:59,16.8,70.9
05/24/2026,03:37:59,16.8,71
05/24/2026,03:42:59,16.7,71.2
05/24/2026,03:47:59,16.6,71.3
05/24/2026,03:52:59,16.6,71.4
05/24/2026,03:57:59,16.5,71.5
05/24/2026,04:02:59,16.5,71.6
05/24/2026,04:07:59,16.4,71.6
05/24/2026,04:12:59,16.4,71.7
05/24/2026,04:17:59,16.3,71.7
05/24/2026,04:22:59,16.3,72
05/24/2026,04:27:59,16.2,71.9
05/24/2026,04:32:59,16.2,72.1
05/24/2026,04:37:59,16.1,72.3
05/24/2026,04:42:59,16,72.2
05/24/2026,04:47:59,15.9,72.4
05/24/2026,04:52:59,15.9,72.3
05/24/2026,04:57:59,15.8,72.5
05/24/2026,05:02:59,15.8,72.8
05/24/2026,05:07:59,15.7,72.9
05/24/2026,05:12:59,15.7,73.4
05/24/2026,05:17:59,15.6,73.2
05/24/2026,05:22:59,15.6,73.4
05/24/2026,05:27:59,15.5,73.6
05/24/2026,05:32:59,15.5,73.7
05/24/2026,05:37:59,15.5,73.5
05/24/2026,05:42:59,15.5,73.4
05/24/2026,05:47:59,15.5,73.4
05/24/2026,05:52:59,15.5,73.3
05/24/2026,05:57:59,15.5,73.6
05/24/2026,06:02:59,15.4,70.8
05/24/2026,06:07:59,15.4,70.4
05/24/2026,06:12:59,15.4,69.7
05/24/2026,06:17:59,15.4,69.2
05/24/2026,06:22:59,15.4,67.9
05/24/2026,06:27:59,15.5,68.5
05/24/2026,06:32:59,15.4,67.4
05/24/2026,06:37:59,15.5,68.3
05/24/2026,06:42:59,15.5,65.9
05/24/2026,06:47:59,15.5,66.5
05/24/2026,06:52:59,15.6,67.6
05/24/2026,06:57:59,15.6,67.5
05/24/2026,07:02:59,15.6,67.2
05/24/2026,07:07:59,15.7,66.6
05/24/2026,07:12:59,15.7,64.5
05/24/2026,07:17:59,15.8,65
05/24/2026,07:22:59,15.9,68.3
05/24/2026,07:27:59,16,68.9
05/24/2026,07:32:59,16.1,69.3
05/24/2026,07:37:59,16.2,67.3
05/24/2026,07:42:59,16.4,67.2
05/24/2026,07:47:59,16.5,68.6
05/24/2026,07:52:59,16.7,68.2
05/24/2026,07:57:59,16.8,68.7
05/24/2026,08:02:59,16.9,68.8
05/24/2026,08:07:59,17.2,71.1
05/24/2026,08:12:59,17.5,68.5
05/24/2026,08:17:59,17.5,68.7
05/24/2026,08:22:59,17.6,68.1
05/24/2026,08:27:59,17.7,69.8
05/24/2026,08:32:59,17.9,68
05/24/2026,08:37:59,18,68.6
05/24/2026,08:42:59,18.3,68.1
05/24/2026,08:47:59,18.6,69.3
05/24/2026,08:52:59,18.9,68.7
05/24/2026,08:57:59,19.3,67.8
05/24/2026,09:02:59,19.6,67.7
05/24/2026,09:07:59,19.9,67.3
05/24/2026,09:12:59,20.2,66.9
05/24/2026,09:17:59,20.5,66.6
05/24/2026,09:22:59,20.8,65.6
05/24/2026,09:27:59,21.1,64.6
05/24/2026,09:32:59,21.4,64.2
05/24/2026,09:37:59,21.7,63.7
05/24/2026,09:42:59,22,62.3
05/24/2026,09:47:59,22.2,61.9
05/24/2026,09:52:59,22.5,61.9
05/24/2026,09:57:59,22.8,60
05/24/2026,10:02:59,22.9,59.7
05/24/2026,10:07:59,23.1,59.7
05/24/2026,10:12:59,23.4,59.3
05/24/2026,10:17:59,23.6,58.6
05/24/2026,10:22:59,23.9,58.7
05/24/2026,10:27:59,24.1,58.4
05/24/2026,10:32:59,24.5,58
05/24/2026,10:37:59,24.9,58
05/24/2026,10:42:59,25.2,56.7
05/24/2026,10:47:59,25.6,55.8
05/24/2026,10:52:59,25.7,55.1
05/24/2026,10:57:59,25.7,54.5
05/24/2026,11:02:59,25.8,54.6
05/24/2026,11:07:59,25.9,54.2
05/24/2026,11:12:59,26.1,53.8
05/24/2026,11:17:59,26.1,53.7
05/24/2026,11:22:59,26.4,53.6
05/24/2026,11:27:59,26.7,54
05/24/2026,11:32:59,27.1,52.4
05/24/2026,11:37:59,27.3,52.2
05/24/2026,11:42:59,27.2,52.2
05/24/2026,11:47:59,27.4,51.3
05/24/2026,11:52:59,27.6,50.2
05/24/2026,11:57:59,27.7,50.2
05/24/2026,12:02:59,28,49.9
05/24/2026,12:07:59,28.1,50.2
05/24/2026,12:12:59,28.3,48.5
05/24/2026,12:17:59,28.4,49
05/24/2026,12:22:59,28.6,48.2
05/24/2026,12:27:59,28.9,48.5
05/24/2026,12:32:59,29.1,47
05/24/2026,12:37:59,29.3,46.2
05/24/2026,12:42:59,29.4,46.6
05/24/2026,12:47:59,29.4,46.2
05/24/2026,12:52:59,29.4,45.5
05/24/2026,12:57:59,29.1,45.1
05/24/2026,13:02:59,29.3,46.7
05/24/2026,13:07:59,29.7,47.3
05/24/2026,13:12:59,30,45.3
05/24/2026,13:17:59,30.1,45.4
05/24/2026,13:22:59,30.2,44.9
05/24/2026,13:27:59,30.3,45.1
05/24/2026,13:32:59,30.5,44.1
05/24/2026,13:37:59,30.1,43.9
05/24/2026,13:42:59,30.1,44.9
05/24/2026,13:47:59,30.3,43.8
05/24/2026,13:52:59,30.3,43.2
05/24/2026,13:57:59,30.4,42.9
05/24/2026,14:02:59,30.5,43.2
05/24/2026,14:07:59,30.7,42.4
05/24/2026,14:12:59,31,42.2
05/24/2026,14:17:59,31.2,40.6
05/24/2026,14:22:59,31.3,41.5
05/24/2026,14:27:59,31,41.3
05/24/2026,14:32:59,31,40.7
05/24/2026,14:37:59,30.8,41.2
05/24/2026,14:42:59,31.1,40.2
05/24/2026,14:47:59,31.2,39.3
05/24/2026,14:52:59,31.2,39.2
05/24/2026,14:57:59,31.3,39.4
05/24/2026,15:02:59,31.6,39.2
05/24/2026,15:07:59,31.7,37.5
05/24/2026,15:12:59,31.8,38.5
05/24/2026,15:17:59,31.6,39.2
05/24/2026,15:22:59,31.8,38.6
05/24/2026,15:27:59,32.1,38.4
05/24/2026,15:32:59,32.4,38
05/24/2026,15:37:59,32.3,37.5
05/24/2026,15:42:59,32.4,37.1
05/24/2026,15:47:59,32.6,37.3
05/24/2026,15:52:59,32.8,37.2
05/24/2026,15:57:59,33,36.6
05/24/2026,16:02:59,33.1,36.6
05/24/2026,16:07:59,33.1,36.1
05/24/2026,16:12:59,32.9,35
05/24/2026,16:17:59,32.8,35.2
05/24/2026,16:22:59,32.9,34.9
05/24/2026,16:27:59,32.9,34.2
05/24/2026,16:32:59,32.8,33.9
05/24/2026,16:37:59,32.3,34.3
05/24/2026,16:42:59,32.1,34.9
05/24/2026,16:47:59,32.1,34.6
05/24/2026,16:52:59,31.9,35.1
05/24/2026,16:57:59,31.7,34.3
05/24/2026,17:02:59,31.4,34.8
05/24/2026,17:07:59,31.1,35.3
05/24/2026,17:12:59,30.8,35.7
05/24/2026,17:17:59,30.6,36.3
05/24/2026,17:22:59,30.4,36
05/24/2026,17:27:59,30.3,36.7
05/24/2026,17:32:59,30.2,36.5
05/24/2026,17:37:59,30.1,37.2
05/24/2026,17:42:59,30,37.1
05/24/2026,17:47:59,29.8,37.2
05/24/2026,17:52:59,29.8,37.8
05/24/2026,17:57:59,29.7,38.1
05/24/2026,18:02:59,29.7,37.8
05/24/2026,18:07:59,29.6,38.3
05/24/2026,18:12:59,29.6,38.3
05/24/2026,18:17:59,29.6,38.3
05/24/2026,18:22:59,29.5,38.2
05/24/2026,18:27:59,29.5,38.7
05/24/2026,18:32:59,29.5,41.9
05/24/2026,18:37:59,29.3,43.4
05/24/2026,18:42:59,29.1,44
05/24/2026,18:47:59,28.9,44.5
05/24/2026,18:52:59,28.7,44.9
05/24/2026,18:57:59,28.6,45.1
05/24/2026,19:02:59,28.6,45
05/24/2026,19:07:59,28.7,45
05/24/2026,19:12:59,28.8,44.9
05/24/2026,19:17:59,28.9,44.5
05/24/2026,19:22:59,28.8,44.7
05/24/2026,19:27:59,28.7,45.1
05/24/2026,19:32:59,28.5,45.4
05/24/2026,19:37:59,28.2,45.4
05/24/2026,19:42:59,28.1,45.4
05/24/2026,19:47:59,27.8,45.3
05/24/2026,19:52:59,27.5,45.5
05/24/2026,19:57:59,27.3,45.7
05/24/2026,20:02:59,27.1,46
05/24/2026,20:07:59,26.9,46.3
05/24/2026,20:12:59,26.8,46.7
05/24/2026,20:17:59,26.7,46.9
05/24/2026,20:22:59,26.5,47.2
05/24/2026,20:27:59,26.2,47.7
05/24/2026,20:32:59,26.1,48.2
05/24/2026,20:37:59,26,48.6
05/24/2026,20:42:59,25.8,48.9
05/24/2026,20:47:59,25.6,49.2
05/24/2026,20:52:59,25.3,49.6
05/24/2026,20:57:59,25.1,49.8
05/24/2026,21:02:59,24.9,49.8
05/24/2026,21:07:59,24.6,50.2
05/24/2026,21:12:59,24.4,50.6
05/24/2026,21:17:59,24.3,51
05/24/2026,21:22:59,24.2,51.4
05/24/2026,21:27:59,24.1,51.7
05/24/2026,21:32:59,24,52
05/24/2026,21:37:59,23.8,52.2
05/24/2026,21:42:59,23.8,52.4
05/24/2026,21:47:59,23.6,52.8
05/24/2026,21:52:59,23.5,53.1
05/24/2026,21:57:59,23.4,53.2
05/24/2026,22:02:59,23.2,53.5
05/24/2026,22:07:59,23,53.7
05/24/2026,22:12:59,22.9,54
05/24/2026,22:17:59,22.7,54.3
05/24/2026,22:22:59,22.6,54.6
05/24/2026,22:27:59,22.4,54.7
05/24/2026,22:32:59,22.3,54.9
05/24/2026,22:37:59,22.2,55.1
05/24/2026,22:42:59,22.1,55.3
05/24/2026,22:47:59,22,55.5
05/24/2026,22:52:59,21.8,55.6
05/24/2026,22:57:59,21.7,55.8
05/24/2026,23:02:59,21.6,56
05/24/2026,23:07:59,21.5,56
05/24/2026,23:12:59,21.4,56.1
05/24/2026,23:17:59,21.3,56.1
05/24/2026,23:22:59,21.3,56.3
05/24/2026,23:27:59,21.2,56.4
05/24/2026,23:32:59,21.1,56.4
05/24/2026,23:37:59,21,56.5
05/24/2026,23:42:59,21,56.8
05/24/2026,23:47:59,20.8,57
05/24/2026,23:52:59,20.7,57.2
05/24/2026,23:57:59,20.7,57.5
05/25/2026,00:02:59,20.6,57.6
05/25/2026,00:07:59,20.6,58.1
05/25/2026,00:12:59,20.6,58.3
05/25/2026,00:17:59,20.5,58.6
05/25/2026,00:22:59,20.5,58.8
05/25/2026,00:27:59,20.4,58.9
05/25/2026,00:32:59,20.4,59
05/25/2026,00:37:59,20.4,59.2
05/25/2026,00:42:59,20.2,59.4
05/25/2026,00:47:59,20.2,59.5
05/25/2026,00:52:59,20.1,59.8
05/25/2026,00:57:59,20,59.9
05/25/2026,01:02:59,19.9,60.1
05/25/2026,01:07:59,19.9,60.3
05/25/2026,01:12:59,19.9,60.4
05/25/2026,01:17:59,19.8,60.6
05/25/2026,01:22:59,19.7,60.8
05/25/2026,01:27:59,19.7,61
05/25/2026,01:32:59,19.6,61.3
05/25/2026,01:37:59,19.6,61.5
05/25/2026,01:42:59,19.5,61.7
05/25/2026,01:47:59,19.5,61.9
05/25/2026,01:52:59,19.4,62
05/25/2026,01:57:59,19.4,62.1
05/25/2026,02:02:59,19.3,62.4
05/25/2026,02:07:59,19.2,62.6
05/25/2026,02:12:59,19.2,62.7
05/25/2026,02:17:59,19.1,62.8
05/25/2026,02:22:59,19.1,63
05/25/2026,02:27:59,19,63.1
05/25/2026,02:32:59,19,63.3
05/25/2026,02:37:59,18.9,63.4
05/25/2026,02:42:59,18.8,63.7
05/25/2026,02:47:59,18.8,63.8
05/25/2026,02:52:59,18.7,64.1
05/25/2026,02:57:59,18.6,64.7
05/25/2026,03:02:59,18.6,64.8
05/25/2026,03:07:59,18.4,64.9
05/25/2026,03:12:59,18.4,65
05/25/2026,03:17:59,18.4,65.2
05/25/2026,03:22:59,18.4,65.4
05/25/2026,03:27:59,18.3,65.4
05/25/2026,03:32:59,18.3,65.7
05/25/2026,03:37:59,18.2,65.8
05/25/2026,03:42:59,18.2,66
05/25/2026,03:47:59,18.1,66.1
05/25/2026,03:52:59,18.1,66.1
05/25/2026,03:57:59,18,66.4
05/25/2026,04:02:59,17.9,66.6
05/25/2026,04:07:59,17.9,66.6
05/25/2026,04:12:59,17.9,66.9
05/25/2026,04:17:59,17.8,66.7
05/25/2026,04:22:59,17.8,67.1
05/25/2026,04:27:59,17.8,67.2
05/25/2026,04:32:59,17.7,67.2
05/25/2026,04:37:59,17.7,67.4
05/25/2026,04:42:59,17.7,67.6
05/25/2026,04:47:59,17.7,67.7
05/25/2026,04:52:59,17.6,67.8
05/25/2026,04:57:59,17.6,67.9
05/25/2026,05:02:59,17.5,68.1
05/25/2026,05:07:59,17.5,68
05/25/2026,05:12:59,17.5,68.1
05/25/2026,05:17:59,17.5,68.3
05/25/2026,05:22:59,17.5,68.2
05/25/2026,05:27:59,17.5,68
05/25/2026,05:32:59,17.4,67.5
05/25/2026,05:37:59,17.4,68.1
05/25/2026,05:42:59,17.5,67.2
05/25/2026,05:47:59,17.5,68.4
05/25/2026,05:52:59,17.5,66.6
05/25/2026,05:57:59,17.5,67.7
05/25/2026,06:02:59,17.5,66.2
05/25/2026,06:07:59,17.5,65.9
05/25/2026,06:12:59,17.5,65.2
05/25/2026,06:17:59,17.5,63.5
05/25/2026,06:22:59,17.5,63.2
05/25/2026,06:27:59,17.5,62.7
05/25/2026,06:32:59,17.5,60.9
05/25/2026,06:37:59,17.6,61.4
05/25/2026,06:42:59,17.6,62.9
05/25/2026,06:47:59,17.7,64.4
05/25/2026,06:52:59,17.8,62.9
05/25/2026,06:57:59,17.9,65.2
05/25/2026,07:02:59,18,66.4
05/25/2026,07:07:59,18.1,66.1
05/25/2026,07:12:59,18.3,64.9
05/25/2026,07:17:59,18.3,65.5
05/25/2026,07:22:59,18.5,63.2
05/25/2026,07:27:59,18.6,65.8
05/25/2026,07:32:59,18.7,65.8
05/25/2026,07:37:59,18.9,65.1
05/25/2026,07:42:59,19,65.7
05/25/2026,07:47:59,19.2,64.3
05/25/2026,07:52:59,19.3,63.2
05/25/2026,07:57:59,19.4,63.5
05/25/2026,08:02:59,19.5,64.3
05/25/2026,08:07:59,19.7,64.6
05/25/2026,08:12:59,19.9,65
05/25/2026,08:17:59,20.1,64.5
05/25/2026,08:22:59,20.3,64.3
05/25/2026,08:27:59,20.5,64.7
05/25/2026,08:32:59,20.7,65.1
05/25/2026,08:37:59,21,64.7
05/25/2026,08:42:59,21.2,64.3
05/25/2026,08:47:59,21.5,63.8
05/25/2026,08:52:59,21.8,63.4
05/25/2026,08:57:59,22.1,63.3
05/25/2026,09:02:59,22.4,63.4
05/25/2026,09:07:59,22.7,63
05/25/2026,09:12:59,23.1,62.7
05/25/2026,09:17:59,23.5,61.9
05/25/2026,09:22:59,23.8,61.8
05/25/2026,09:27:59,24.2,61
05/25/2026,09:32:59,24.6,60.5
05/25/2026,09:37:59,24.9,59.7
05/25/2026,09:42:59,25.3,58.6
05/25/2026,09:47:59,25.6,58.3
05/25/2026,09:52:59,26,57.3
05/25/2026,09:57:59,26.3,56.5
05/25/2026,10:02:59,26.6,55.5
05/25/2026,10:07:59,26.8,53.7
05/25/2026,10:12:59,27.1,53.2
05/25/2026,10:17:59,27.3,52.6
05/25/2026,10:22:59,27.6,51.8
05/25/2026,10:27:59,27.9,51.5
05/25/2026,10:32:59,28.2,50.6
05/25/2026,10:37:59,28.5,50.5
05/25/2026,10:42:59,28.6,49.9
05/25/2026,10:47:59,28.9,49.6
05/25/2026,10:52:59,29.1,49.3
05/25/2026,10:57:59,29.3,49.2
05/25/2026,11:02:59,29.5,48.4
05/25/2026,11:07:59,29.7,47.9
05/25/2026,11:12:59,29.9,47.9
05/25/2026,11:17:59,30.1,47.6
05/25/2026,11:22:59,30.4,47.1
05/25/2026,11:27:59,30.4,46.7
05/25/2026,11:32:59,30.5,46.7
05/25/2026,11:37:59,30.6,46
05/25/2026,11:42:59,30.9,46.6
05/25/2026,11:47:59,31.1,44.7
05/25/2026,11:52:59,31.2,44.8
05/25/2026,11:57:59,31.4,44.6
05/25/2026,12:02:59,31.6,44.8
05/25/2026,12:07:59,31.8,43.3
05/25/2026,12:12:59,32.1,43.4
05/25/2026,12:17:59,32.3,42.8
05/25/2026,12:22:59,32.6,42.5
05/25/2026,12:27:59,32.9,42.3
05/25/2026,12:32:59,33.1,40.9
05/25/2026,12:37:59,33.2,40.5
05/25/2026,12:42:59,33.1,40.5
05/25/2026,12:47:59,33.2,40
05/25/2026,12:52:59,33.3,39.8
05/25/2026,12:57:59,33.4,39.1
05/25/2026,13:02:59,33.6,39.1
05/25/2026,13:07:59,33.7,38.3
05/25/2026,13:12:59,33.6,38
05/25/2026,13:17:59,33.6,38
05/25/2026,13:22:59,33.5,38
05/25/2026,13:27:59,33.5,37.9
05/25/2026,13:32:59,33.7,36.5
05/25/2026,13:37:59,33.8,37.8
05/25/2026,13:42:59,34,38.1
05/25/2026,13:47:59,34.1,38
05/25/2026,13:52:59,34.2,37.1
05/25/2026,13:57:59,34.2,36.6
05/25/2026,14:02:59,34.4,37
05/25/2026,14:07:59,34.6,36.6
05/25/2026,14:12:59,34.7,37
05/25/2026,14:17:59,34.8,36.5
05/25/2026,14:22:59,34.9,36.3
05/25/2026,14:27:59,35.2,35.3
05/25/2026,14:32:59,35.2,35
05/25/2026,14:37:59,35.3,34.9
05/25/2026,14:42:59,35.3,35.1
05/25/2026,14:47:59,35.2,34.6
05/25/2026,14:52:59,35.4,35.1
05/25/2026,14:57:59,35.6,34.4
05/25/2026,15:02:59,35.7,34.8
05/25/2026,15:07:59,35.8,33.3
05/25/2026,15:12:59,36,34.1
05/25/2026,15:17:59,36.1,33.4
05/25/2026,15:22:59,36,33.5
05/25/2026,15:27:59,36.2,33.6
05/25/2026,15:32:59,36.3,33.3
05/25/2026,15:37:59,36.4,33
05/25/2026,15:42:59,36.4,32.7
05/25/2026,15:47:59,36.5,33
05/25/2026,15:52:59,36.5,33.1
05/25/2026,15:57:59,36.5,32.6
05/25/2026,16:02:59,36.4,32.6
05/25/2026,16:07:59,36.3,32.5
05/25/2026,16:12:59,36.3,32.7
05/25/2026,16:17:59,36.2,32.7
05/25/2026,16:22:59,36,32.2
05/25/2026,16:27:59,35.9,32.5
05/25/2026,16:32:59,35.8,32.4
05/25/2026,16:37:59,35.6,32.9
05/25/2026,16:42:59,35.5,32.8
05/25/2026,16:47:59,35.1,33.2
05/25/2026,16:52:59,34.8,33.4
05/25/2026,16:57:59,34.3,33.5
05/25/2026,17:02:59,34,34
05/25/2026,17:07:59,33.7,34
05/25/2026,17:12:59,33.6,34.1
05/25/2026,17:17:59,33.4,34.4
05/25/2026,17:22:59,33,34.8
05/25/2026,17:27:59,32.8,34.7
05/25/2026,17:32:59,32.6,35
05/25/2026,17:37:59,32.5,35.4
05/25/2026,17:42:59,32.3,35.9
05/25/2026,17:47:59,32.2,36
05/25/2026,17:52:59,32.1,36.2
05/25/2026,17:57:59,32,36.3
05/25/2026,18:02:59,31.9,36.3
05/25/2026,18:07:59,31.7,36.6
05/25/2026,18:12:59,31.6,36.6
05/25/2026,18:17:59,31.5,36.6
05/25/2026,18:22:59,31.4,36.8
05/25/2026,18:27:59,31.3,37.4
05/25/2026,18:32:59,31.3,37.2
05/25/2026,18:37:59,31.3,37.1
05/25/2026,18:42:59,31.2,37.2
05/25/2026,18:47:59,31.1,37.6
05/25/2026,18:52:59,31.1,38.2
05/25/2026,18:57:59,31.1,38.1
05/25/2026,19:02:59,31.1,38
05/25/2026,19:07:59,31.3,38.1
05/25/2026,19:12:59,31.4,38
05/25/2026,19:17:59,31.6,38
05/25/2026,19:22:59,31.5,37.8
05/25/2026,19:27:59,31.4,37.8
05/25/2026,19:32:59,31,37.3
05/25/2026,19:37:59,30.7,37.9
05/25/2026,19:42:59,30.5,38.2
05/25/2026,19:47:59,30.2,38
05/25/2026,19:52:59,29.9,37.9
05/25/2026,19:57:59,29.6,37.6
05/25/2026,20:02:59,29.4,37.9
05/25/2026,20:07:59,29.2,38.2
05/25/2026,20:12:59,29,38.7
05/25/2026,20:17:59,28.7,39.4
05/25/2026,20:22:59,28.4,40
05/25/2026,20:27:59,28.2,40.3
05/25/2026,20:32:59,28,40.8
05/25/2026,20:37:59,27.8,41
05/25/2026,20:42:59,27.6,40.9
05/25/2026,20:47:59,27.4,40.8
05/25/2026,20:52:59,27.3,41
05/25/2026,20:57:59,27.1,41.4
05/25/2026,21:02:59,27,42.1
05/25/2026,21:07:59,26.8,42.8
05/25/2026,21:12:59,26.6,43.5
05/25/2026,21:17:59,26.4,44.4
05/25/2026,21:22:59,26.2,45.2
05/25/2026,21:27:59,26,45.9
05/25/2026,21:32:59,25.9,46.6
05/25/2026,21:37:59,25.7,47.1
05/25/2026,21:42:59,25.6,47.5
05/25/2026,21:47:59,25.5,47.8
05/25/2026,21:52:59,25.3,48.1
05/25/2026,21:57:59,25.2,48.4
05/25/2026,22:02:59,25.1,48.6
05/25/2026,22:07:59,24.9,49
05/25/2026,22:12:59,24.8,49.3
05/25/2026,22:17:59,24.7,49.4
05/25/2026,22:22:59,24.6,49.5
05/25/2026,22:27:59,24.4,49.5
05/25/2026,22:32:59,24.3,49.5
05/25/2026,22:37:59,24.2,49.5
05/25/2026,22:42:59,24,49.6
05/25/2026,22:47:59,23.8,49.7
05/25/2026,22:52:59,23.7,49.7
05/25/2026,22:57:59,23.6,49.8
05/25/2026,23:02:59,23.5,50
05/25/2026,23:07:59,23.4,50.1
05/25/2026,23:12:59,23.3,50.3
05/25/2026,23:17:59,23.1,50.5
05/25/2026,23:22:59,23,50.6
05/25/2026,23:27:59,22.9,50.4
05/25/2026,23:32:59,22.8,50.4
05/25/2026,23:37:59,22.7,50.5
05/25/2026,23:42:59,22.6,50.5
05/25/2026,23:47:59,22.5,50.4
05/25/2026,23:52:59,22.5,50.6
05/25/2026,23:57:59,22.4,50.7
05/26/2026,00:02:59,22.3,50.8
05/26/2026,00:07:59,22.2,51
05/26/2026,00:12:59,22.1,51
05/26/2026,00:17:59,22,51.2
05/26/2026,00:22:59,21.9,51.4
05/26/2026,00:27:59,21.8,51.6
05/26/2026,00:32:59,21.8,51.7
05/26/2026,00:37:59,21.7,51.9
05/26/2026,00:42:59,21.6,51.9
05/26/2026,00:47:59,21.6,52.1
05/26/2026,00:52:59,21.5,52.3
05/26/2026,00:57:59,21.4,52.3
05/26/2026,01:02:59,21.4,52.5
05/26/2026,01:07:59,21.3,53
05/26/2026,01:12:59,21.2,53
05/26/2026,01:17:59,21.1,53.9
05/26/2026,01:22:59,21,53.7
05/26/2026,01:27:59,20.9,53.6
05/26/2026,01:32:59,20.9,53.7
05/26/2026,01:37:59,20.8,54
05/26/2026,01:42:59,20.7,53.8
05/26/2026,01:47:59,20.7,54
05/26/2026,01:52:59,20.6,54
05/26/2026,01:57:59,20.6,54.2
05/26/2026,02:02:59,20.5,54.4
05/26/2026,02:07:59,20.4,54.8
05/26/2026,02:12:59,20.4,54.7
05/26/2026,02:17:59,20.3,54.6
05/26/2026,02:22:59,20.3,54.7
05/26/2026,02:27:59,20.3,54.6
05/26/2026,02:32:59,20.2,54.6
05/26/2026,02:37:59,20.2,54.6
05/26/2026,02:42:59,20.2,54.7
05/26/2026,02:47:59,20.1,54.9
05/26/2026,02:52:59,20.1,55.1
05/26/2026,02:57:59,20,55.3
05/26/2026,03:02:59,19.9,55.7
05/26/2026,03:07:59,19.9,55.6
05/26/2026,03:12:59,19.9,55.8
05/26/2026,03:17:59,19.8,56
05/26/2026,03:22:59,19.8,56.6
05/26/2026,03:27:59,19.7,57.1
05/26/2026,03:32:59,19.7,57.5
05/26/2026,03:37:59,19.7,57.7
05/26/2026,03:42:59,19.7,57.6
05/26/2026,03:47:59,19.6,57.1
05/26/2026,03:52:59,19.6,58
05/26/2026,03:57:59,19.6,58
05/26/2026,04:02:59,19.5,57.8
05/26/2026,04:07:59,19.5,58.1
05/26/2026,04:12:59,19.4,58.9
05/26/2026,04:17:59,19.3,59.4
05/26/2026,04:22:59,19.3,59.6
05/26/2026,04:27:59,19.2,59.8
05/26/2026,04:32:59,19.1,59.8
05/26/2026,04:37:59,19,59.8
05/26/2026,04:42:59,19,60.3
05/26/2026,04:47:59,18.9,60.6
05/26/2026,04:52:59,18.8,61
05/26/2026,04:57:59,18.7,60.6
05/26/2026,05:02:59,18.7,59.6
05/26/2026,05:07:59,18.6,61.3
05/26/2026,05:12:59,18.6,61.2
05/26/2026,05:17:59,18.5,61.1
05/26/2026,05:22:59,18.4,59.4
05/26/2026,05:27:59,18.3,62.2
05/26/2026,05:32:59,18.3,62.5
05/26/2026,05:37:59,18.2,61.7
05/26/2026,05:42:59,18.2,61.2
05/26/2026,05:47:59,18.1,59.6
05/26/2026,05:52:59,18.1,58.6
05/26/2026,05:57:59,18.1,57.2
05/26/2026,06:02:59,18.1,58
05/26/2026,06:07:59,18,55.1
05/26/2026,06:12:59,18,57
05/26/2026,06:17:59,18,58.7
05/26/2026,06:22:59,18,59.1
05/26/2026,06:27:59,18,54.7
05/26/2026,06:32:59,18,56.8
05/26/2026,06:37:59,18,58.5
05/26/2026,06:42:59,18,55.8
05/26/2026,06:47:59,18,54.6
05/26/2026,06:52:59,18,54.7
05/26/2026,06:57:59,18,57.3
05/26/2026,07:02:59,18.1,59.1
05/26/2026,07:07:59,18.1,57.5
05/26/2026,07:12:59,18.3,58.7
05/26/2026,07:17:59,18.4,58.7
05/26/2026,07:22:59,18.5,57.2
05/26/2026,07:27:59,18.6,58.1
05/26/2026,07:32:59,18.7,57.9
05/26/2026,07:37:59,18.8,59.7
05/26/2026,07:42:59,19,60
05/26/2026,07:47:59,19.1,58.5
05/26/2026,07:52:59,19.3,58.3
05/26/2026,07:57:59,19.4,58
05/26/2026,08:02:59,19.6,58.1
05/26/2026,08:07:59,19.7,59.2
05/26/2026,08:12:59,19.9,59.8
05/26/2026,08:17:59,20.1,58.9
05/26/2026,08:22:59,20.3,59.8
05/26/2026,08:27:59,20.5,58.5
05/26/2026,08:32:59,20.8,58.4
05/26/2026,08:37:59,21.1,57.9
05/26/2026,08:42:59,21.5,57.5
05/26/2026,08:47:59,21.8,57.3
05/26/2026,08:52:59,22.1,57
05/26/2026,08:57:59,22.5,56.3
05/26/2026,09:02:59,23,55.6
05/26/2026,09:07:59,23.3,55.1
05/26/2026,09:12:59,23.8,54.3
05/26/2026,09:17:59,24.2,54
05/26/2026,09:22:59,24.6,53.3
05/26/2026,09:27:59,25,52.8
05/26/2026,09:32:59,25.3,51.9
05/26/2026,09:37:59,25.6,52.2
05/26/2026,09:42:59,25.9,51
05/26/2026,09:47:59,26.3,50.7
05/26/2026,09:52:59,26.6,50.9
05/26/2026,09:57:59,26.9,49.6
05/26/2026,10:02:59,27.2,48.9
05/26/2026,10:07:59,27.6,48.8
05/26/2026,10:12:59,27.9,47.9
05/26/2026,10:17:59,28.2,47.7
05/26/2026,10:22:59,28.4,46.3
05/26/2026,10:27:59,28.7,46.3
05/26/2026,10:32:59,29,44.4
05/26/2026,10:37:59,29.2,44.7
05/26/2026,10:42:59,29.4,43.3
05/26/2026,10:47:59,29.6,42.4
05/26/2026,10:52:59,29.8,42
05/26/2026,10:57:59,30.1,41.7
05/26/2026,11:02:59,30.3,41.5
05/26/2026,11:07:59,30.6,40.5
05/26/2026,11:12:59,30.8,40.9
05/26/2026,11:17:59,31,39.9
05/26/2026,11:22:59,31.2,40.2
05/26/2026,11:27:59,31.4,40.5
05/26/2026,11:32:59,31.6,39.8
05/26/2026,11:37:59,31.8,39.6
05/26/2026,11:42:59,31.8,39.4
05/26/2026,11:47:59,31.9,39.5
05/26/2026,11:52:59,32.2,39.8
05/26/2026,11:57:59,32.5,38.8
05/26/2026,12:02:59,32.8,38.9
05/26/2026,12:07:59,32.9,38.2
05/26/2026,12:12:59,33.1,38.2
05/26/2026,12:17:59,33.1,37.8
05/26/2026,12:22:59,33,37.6
05/26/2026,12:27:59,33,38.2
05/26/2026,12:32:59,33.1,37.6
05/26/2026,12:37:59,33.2,37.5
05/26/2026,12:42:59,33.4,37.5
05/26/2026,12:47:59,33.6,36.7
05/26/2026,12:52:59,33.6,36.9
05/26/2026,12:57:59,33.6,36.4
05/26/2026,13:02:59,33.7,36.7
05/26/2026,13:07:59,33.8,36.1
05/26/2026,13:12:59,34,36
05/26/2026,13:17:59,34.1,35.9
05/26/2026,13:22:59,34.2,35.7
05/26/2026,13:27:59,34.3,35.2
05/26/2026,13:32:59,34.4,35
05/26/2026,13:37:59,34.7,35.6
05/26/2026,13:42:59,34.8,35.2
05/26/2026,13:47:59,34.8,34.4
05/26/2026,13:52:59,34.8,34.9
05/26/2026,13:57:59,34.8,34.8
05/26/2026,14:02:59,34.9,34.5
05/26/2026,14:07:59,34.9,34.2
05/26/2026,14:12:59,34.9,34.2
05/26/2026,14:17:59,34.9,34.5
05/26/2026,14:22:59,34.9,33.9
05/26/2026,14:27:59,34.8,33.6
05/26/2026,14:32:59,34.8,33.8
05/26/2026,14:37:59,35.1,33.8
05/26/2026,14:42:59,35.3,34
05/26/2026,14:47:59,35.8,33.2
05/26/2026,14:52:59,36.2,32.3
05/26/2026,14:57:59,36.4,32.6
05/26/2026,15:02:59,36.7,32.1
05/26/2026,15:07:59,36.6,31.7
05/26/2026,15:12:59,36.4,32.1
05/26/2026,15:17:59,36.5,32.1
05/26/2026,15:22:59,36.5,31.4
05/26/2026,15:27:59,36.5,31.3
05/26/2026,15:32:59,36.5,31.8
05/26/2026,15:37:59,36.5,31.2
05/26/2026,15:42:59,36.6,30.9
05/26/2026,15:47:59,36.4,30.7
05/26/2026,15:52:59,36.7,30.2
05/26/2026,15:57:59,36.9,30.7
05/26/2026,16:02:59,37,30.1
05/26/2026,16:07:59,37,29
05/26/2026,16:12:59,36.9,28.2
05/26/2026,16:17:59,36.9,29.3
05/26/2026,16:22:59,37,28.7
05/26/2026,16:27:59,36.8,29
05/26/2026,16:32:59,36.9,27.9
05/26/2026,16:37:59,36.7,28
05/26/2026,16:42:59,36.5,28.2
05/26/2026,16:47:59,36.3,28.2
05/26/2026,16:52:59,35.9,28.4
05/26/2026,16:57:59,35.7,29.1
05/26/2026,17:02:59,35.2,29
05/26/2026,17:07:59,34.9,29
05/26/2026,17:12:59,34.8,29.4
05/26/2026,17:17:59,34.7,29.3
05/26/2026,17:22:59,34.5,29.9
05/26/2026,17:27:59,34.4,30
05/26/2026,17:32:59,34.3,30.5
05/26/2026,17:37:59,34.2,30.5
05/26/2026,17:42:59,34.1,31.3
05/26/2026,17:47:59,34,30.8
05/26/2026,17:52:59,33.9,31
05/26/2026,17:57:59,33.8,30.7
05/26/2026,18:02:59,33.7,30.6
05/26/2026,18:07:59,33.6,30.9
05/26/2026,18:12:59,33.5,30.6
05/26/2026,18:17:59,33.5,30.7
05/26/2026,18:22:59,33.5,30.6
05/26/2026,18:27:59,33.4,31.3
05/26/2026,18:32:59,33.3,31.8
05/26/2026,18:37:59,33.3,31.9
05/26/2026,18:42:59,33.2,32.3
05/26/2026,18:47:59,32.8,33.3
05/26/2026,18:52:59,32.4,33.8
05/26/2026,18:57:59,32.1,34.5
05/26/2026,19:02:59,31.9,34.9
05/26/2026,19:07:59,31.7,35.3
05/26/2026,19:12:59,31.6,35.7
05/26/2026,19:17:59,31.4,36.4
05/26/2026,19:22:59,31.3,36.8
05/26/2026,19:27:59,31.1,36.7
05/26/2026,19:32:59,30.9,36.8
05/26/2026,19:37:59,30.8,37
05/26/2026,19:42:59,30.6,37.6
05/26/2026,19:47:59,30.5,38
05/26/2026,19:52:59,30.4,38.2
05/26/2026,19:57:59,30.2,38.1
05/26/2026,20:02:59,29.9,38.2
05/26/2026,20:07:59,29.7,38.4
05/26/2026,20:12:59,29.5,38.7
05/26/2026,20:17:59,29.3,38.9
05/26/2026,20:22:59,29.2,39.2
05/26/2026,20:27:59,29.1,39.3
05/26/2026,20:32:59,29,39.4
05/26/2026,20:37:59,28.8,39.6
05/26/2026,20:42:59,28.7,40.4
05/26/2026,20:47:59,28.5,40.8
05/26/2026,20:52:59,28.4,40.6
05/26/2026,20:57:59,28.2,41.1
05/26/2026,21:02:59,28,41.1
05/26/2026,21:07:59,27.7,44.4
05/26/2026,21:12:59,27.4,44.8
05/26/2026,21:17:59,27.3,45.4
05/26/2026,21:22:59,26.8,46.9
05/26/2026,21:27:59,26.4,48.4
05/26/2026,21:32:59,25.9,49.8
05/26/2026,21:37:59,25.2,50.8
05/26/2026,21:42:59,24.6,52.2
05/26/2026,21:47:59,24,53.5
05/26/2026,21:52:59,23.7,54.8
05/26/2026,21:57:59,23.5,55.5
05/26/2026,22:02:59,23.4,56.1
05/26/2026,22:07:59,23.4,56.5
05/26/2026,22:12:59,23.6,56.5
05/26/2026,22:17:59,23.8,56.1
05/26/2026,22:22:59,24,56
05/26/2026,22:27:59,24,55.9
05/26/2026,22:32:59,24,55.8
05/26/2026,22:37:59,24.1,55.3
05/26/2026,22:42:59,24,55.2
05/26/2026,22:47:59,24,55.2
05/26/2026,22:52:59,23.9,55.1
05/26/2026,22:57:59,23.8,55.2
05/26/2026,23:02:59,23.8,54.9
05/26/2026,23:07:59,23.7,54.8
05/26/2026,23:12:59,23.6,54.9
05/26/2026,23:17:59,23.5,55.3
05/26/2026,23:22:59,23.3,56.4
05/26/2026,23:27:59,23.2,57.1
05/26/2026,23:32:59,23,57.4
05/26/2026,23:37:59,22.9,58
05/26/2026,23:42:59,22.8,58.3
05/26/2026,23:47:59,22.6,58.8
05/26/2026,23:52:59,22.3,59.5
05/26/2026,23:57:59,22,60.5
05/27/2026,00:02:59,21.5,61.9
05/27/2026,00:07:59,21.1,63.2
05/27/2026,00:12:59,20.8,64.1
05/27/2026,00:17:59,20.7,64.6
05/27/2026,00:22:59,20.6,65
05/27/2026,00:27:59,20.5,65.3
05/27/2026,00:32:59,20.4,65.5
05/27/2026,00:37:59,20.3,65.6
05/27/2026,00:42:59,20.3,65.7
05/27/2026,00:47:59,20.3,65.8
05/27/2026,00:52:59,20.2,65.9
05/27/2026,00:57:59,20.1,66.1
05/27/2026,01:02:59,20.1,66.1
05/27/2026,01:07:59,20,66.2
05/27/2026,01:12:59,19.9,66.3
05/27/2026,01:17:59,19.9,66.1
05/27/2026,01:22:59,19.9,65.7
05/27/2026,01:27:59,19.9,64.8
05/27/2026,01:32:59,19.9,63.9
05/27/2026,01:37:59,19.8,63.2
05/27/2026,01:42:59,19.8,62.8
05/27/2026,01:47:59,19.8,62.7
05/27/2026,01:52:59,19.7,62.4
05/27/2026,01:57:59,19.7,62.3
05/27/2026,02:02:59,19.6,62.3
05/27/2026,02:07:59,19.6,62.4
05/27/2026,02:12:59,19.5,62.6
05/27/2026,02:17:59,19.4,62.9
05/27/2026,02:22:59,19.3,63.4
05/27/2026,02:27:59,19.2,64.1
05/27/2026,02:32:59,19.2,64.7
05/27/2026,02:37:59,19.1,65.5
05/27/2026,02:42:59,19,66.3
05/27/2026,02:47:59,18.9,67
05/27/2026,02:52:59,18.8,67.6
05/27/2026,02:57:59,18.7,67.8
05/27/2026,03:02:59,18.7,68.3
05/27/2026,03:07:59,18.6,68.6
05/27/2026,03:12:59,18.5,68.9
05/27/2026,03:17:59,18.4,69.1
05/27/2026,03:22:59,18.4,69.1
05/27/2026,03:27:59,18.3,69
05/27/2026,03:32:59,18.3,69.1
05/27/2026,03:37:59,18.2,69.3
05/27/2026,03:42:59,18.2,69.4
05/27/2026,03:47:59,18.1,69.5
05/27/2026,03:52:59,18,69.6
05/27/2026,03:57:59,18,69.6
05/27/2026,04:02:59,17.9,69.6
05/27/2026,04:07:59,17.9,69.6
05/27/2026,04:12:59,17.8,69.7
05/27/2026,04:17:59,17.7,69.9
05/27/2026,04:22:59,17.6,69.8
05/27/2026,04:27:59,17.6,69.7
05/27/2026,04:32:59,17.5,69.6
05/27/2026,04:37:59,17.5,69.7
05/27/2026,04:42:59,17.4,69.5
05/27/2026,04:47:59,17.3,69.4
05/27/2026,04:52:59,17.3,69.4
05/27/2026,04:57:59,17.2,69.3
05/27/2026,05:02:59,17.1,69.3
05/27/2026,05:07:59,17.1,69.2
05/27/2026,05:12:59,17,69.1
05/27/2026,05:17:59,17,69.1
05/27/2026,05:22:59,16.9,69
05/27/2026,05:27:59,16.8,69.1
05/27/2026,05:32:59,16.8,68.8
05/27/2026,05:37:59,16.8,68.8
05/27/2026,05:42:59,16.8,68.5
05/27/2026,05:47:59,16.7,68.5
05/27/2026,05:52:59,16.7,68.1
05/27/2026,05:57:59,16.7,67.8
05/27/2026,06:02:59,16.7,67.8
05/27/2026,06:07:59,16.7,67.7
05/27/2026,06:12:59,16.7,67.5
05/27/2026,06:17:59,16.7,67.2
05/27/2026,06:22:59,16.7,67.3
05/27/2026,06:27:59,16.7,67.6
05/27/2026,06:32:59,16.8,67.5
05/27/2026,06:37:59,16.8,67.3
05/27/2026,06:42:59,16.8,67.1
05/27/2026,06:47:59,16.9,67
05/27/2026,06:52:59,16.9,67.1
05/27/2026,06:57:59,16.9,66.9
05/27/2026,07:02:59,16.9,66.7
05/27/2026,07:07:59,17,66.6
05/27/2026,07:12:59,17.1,66.7
05/27/2026,07:17:59,17.3,66.5
05/27/2026,07:22:59,17.3,66.4
05/27/2026,07:27:59,17.3,66.3
05/27/2026,07:32:59,17.3,66.5
05/27/2026,07:37:59,17.4,66.4
05/27/2026,07:42:59,17.5,66.5
05/27/2026,07:47:59,17.6,65.9
05/27/2026,07:52:59,17.7,65.8
05/27/2026,07:57:59,17.7,65.7
05/27/2026,08:02:59,17.8,65.6
05/27/2026,08:07:59,17.9,65.5
05/27/2026,08:12:59,18.1,65.1
05/27/2026,08:17:59,18.4,65
05/27/2026,08:22:59,18.7,64.5
05/27/2026,08:27:59,18.9,63.9
05/27/2026,08:32:59,19,63.6
05/27/2026,08:37:59,19.2,63.1
05/27/2026,08:42:59,19.4,62.5
05/27/2026,08:47:59,19.6,62.1
05/27/2026,08:52:59,19.8,61.7
05/27/2026,08:57:59,19.8,61.4
05/27/2026,09:02:59,20,61.4
05/27/2026,09:07:59,20.2,61.1
05/27/2026,09:12:59,20.5,60.7
05/27/2026,09:17:59,20.7,60.1
05/27/2026,09:22:59,20.9,59.9
05/27/2026,09:27:59,21.2,59.3
05/27/2026,09:32:59,21.4,58.7
05/27/2026,09:37:59,21.6,58.1
05/27/2026,09:42:59,21.9,57.1
05/27/2026,09:47:59,22.1,56.4
05/27/2026,09:52:59,22.2,55.8
05/27/2026,09:57:59,22.5,55.8
05/27/2026,10:02:59,22.8,55
05/27/2026,10:07:59,23,54.5
05/27/2026,10:12:59,23.2,54.2
05/27/2026,10:17:59,23.5,53.3
05/27/2026,10:22:59,23.7,52.6
05/27/2026,10:27:59,23.9,52.2
05/27/2026,10:32:59,24,51.7
05/27/2026,10:37:59,24.2,51.4
05/27/2026,10:42:59,24.4,51.1
05/27/2026,10:47:59,24.7,50.4
05/27/2026,10:52:59,24.9,50.3
05/27/2026,10:57:59,24.9,49.5
05/27/2026,11:02:59,24.9,50
05/27/2026,11:07:59,25.1,49.5
05/27/2026,11:12:59,25.3,49.1
05/27/2026,11:17:59,25.6,48.7
05/27/2026,11:22:59,25.9,48.1
05/27/2026,11:27:59,26.1,47.5
05/27/2026,11:32:59,26.3,47.5
05/27/2026,11:37:59,26.5,47.2
05/27/2026,11:42:59,26.8,46.5
05/27/2026,11:47:59,27.1,45.9
05/27/2026,11:52:59,27.3,45.7
05/27/2026,11:57:59,27.5,45.2
05/27/2026,12:02:59,27.7,45.2
05/27/2026,12:07:59,28,44.7
05/27/2026,12:12:59,28.2,44.4
05/27/2026,12:17:59,28.3,44
05/27/2026,12:22:59,28.4,42.9
05/27/2026,12:27:59,28.5,43.2
05/27/2026,12:32:59,28.2,43
05/27/2026,12:37:59,27.7,43
05/27/2026,12:42:59,27.4,43.6
05/27/2026,12:47:59,27.1,43.5
05/27/2026,12:52:59,26.8,44
05/27/2026,12:57:59,26.4,44.3
05/27/2026,13:02:59,26.1,44.7
05/27/2026,13:07:59,25.8,45.2
05/27/2026,13:12:59,25.5,45.6
05/27/2026,13:17:59,25.3,46.1
05/27/2026,13:22:59,25.2,46.5
05/27/2026,13:27:59,25.1,46.7
05/27/2026,13:32:59,25.1,46.8
05/27/2026,13:37:59,25.3,47.3
05/27/2026,13:42:59,25.5,47
05/27/2026,13:47:59,25.9,47.1
05/27/2026,13:52:59,26.2,46.2
05/27/2026,13:57:59,26.4,45.9
05/27/2026,14:02:59,26.8,45.5
05/27/2026,14:07:59,27.2,44.6
05/27/2026,14:12:59,27.6,44.5
05/27/2026,14:17:59,28,43.4
05/27/2026,14:22:59,28.4,43.1
05/27/2026,14:27:59,28.6,42.5
05/27/2026,14:32:59,28.8,41.9
05/27/2026,14:37:59,29.1,41.4
05/27/2026,14:42:59,29,41.4
05/27/2026,14:47:59,29.3,40.9
05/27/2026,14:52:59,29.4,40.2
05/27/2026,14:57:59,29.6,39.9
05/27/2026,15:02:59,29.7,39.8
05/27/2026,15:07:59,29.9,39.4
05/27/2026,15:12:59,30,39
05/27/2026,15:17:59,30,38.9
05/27/2026,15:22:59,30.3,38.3
05/27/2026,15:27:59,30.4,38.3
05/27/2026,15:32:59,30.3,38
05/27/2026,15:37:59,30.4,38
05/27/2026,15:42:59,30.4,37.9
05/27/2026,15:47:59,30.5,37.9
05/27/2026,15:52:59,30.4,37.5
05/27/2026,15:57:59,30.5,37.8
05/27/2026,16:02:59,30.5,37.7
05/27/2026,16:07:59,30.6,37.2
05/27/2026,16:12:59,30.6,37.2
05/27/2026,16:17:59,30.3,37.2
05/27/2026,16:22:59,30.2,37.1
05/27/2026,16:27:59,30.1,37.1
05/27/2026,16:32:59,29.7,36.9
05/27/2026,16:37:59,29.4,37.2
05/27/2026,16:42:59,29.2,37.1
05/27/2026,16:47:59,28.6,37.3
05/27/2026,16:52:59,28,37.5
05/27/2026,16:57:59,27.6,38.7
05/27/2026,17:02:59,27.3,38.6
05/27/2026,17:07:59,26.9,39.2
05/27/2026,17:12:59,26.8,39.4
05/27/2026,17:17:59,26.6,39.8
05/27/2026,17:22:59,26.3,39.9
05/27/2026,17:27:59,26.2,40.1
05/27/2026,17:32:59,26,40.1
05/27/2026,17:37:59,25.8,39.7
05/27/2026,17:42:59,25.6,40.3
05/27/2026,17:47:59,25.5,39.8
05/27/2026,17:52:59,25.3,39.5
05/27/2026,17:57:59,25.1,39.8
05/27/2026,18:02:59,25,39.6
05/27/2026,18:07:59,24.9,39.7
05/27/2026,18:12:59,24.8,40.1
05/27/2026,18:17:59,24.7,39.3
05/27/2026,18:22:59,24.5,39.5
05/27/2026,18:27:59,24.5,39.6
05/27/2026,18:32:59,24.3,39.6
05/27/2026,18:37:59,24.3,39.4
05/27/2026,18:42:59,24.2,38.9
05/27/2026,18:47:59,24.1,37.9
05/27/2026,18:52:59,24,37.9
05/27/2026,18:57:59,24,38
05/27/2026,19:02:59,24.4,37.5
05/27/2026,19:07:59,24.7,36.8
05/27/2026,19:12:59,24.8,37.1
05/27/2026,19:17:59,24.9,36.6
05/27/2026,19:22:59,24.8,36.2
05/27/2026,19:27:59,24.6,36.4
05/27/2026,19:32:59,24.4,36.4
05/27/2026,19:37:59,24.2,36.2
05/27/2026,19:42:59,23.9,36.3
05/27/2026,19:47:59,23.6,36.7
05/27/2026,19:52:59,23.4,37.6
05/27/2026,19:57:59,23.1,38.1
05/27/2026,20:02:59,23,37.9
05/27/2026,20:07:59,22.8,37.4
05/27/2026,20:12:59,22.6,36.9
05/27/2026,20:17:59,22.3,37.1
05/27/2026,20:22:59,22.1,36.5
05/27/2026,20:27:59,22,36.8
05/27/2026,20:32:59,21.7,36.9
05/27/2026,20:37:59,21.5,37.3
05/27/2026,20:42:59,21.3,37.7
05/27/2026,20:47:59,21.2,37.9
05/27/2026,20:52:59,21,37.7
05/27/2026,20:57:59,20.9,38.1
05/27/2026,21:02:59,20.7,38.7
05/27/2026,21:07:59,20.5,40
05/27/2026,21:12:59,20.4,40.6
05/27/2026,21:17:59,20.2,41.2
05/27/2026,21:22:59,20.1,41.6
05/27/2026,21:27:59,19.9,41.9
05/27/2026,21:32:59,19.8,42.5
05/27/2026,21:37:59,19.6,42.8
05/27/2026,21:42:59,19.5,43.6
05/27/2026,21:47:59,19.3,44
05/27/2026,21:52:59,19.2,44.5
05/27/2026,21:57:59,19.1,45.1
05/27/2026,22:02:59,19,45.5
05/27/2026,22:07:59,18.9,46
05/27/2026,22:12:59,18.8,45.9
05/27/2026,22:17:59,18.7,47
05/27/2026,22:22:59,18.5,47.7
05/27/2026,22:27:59,18.3,48.6
05/27/2026,22:32:59,18.1,49.4
05/27/2026,22:37:59,18,50.1
05/27/2026,22:42:59,17.9,50.9
05/27/2026,22:47:59,17.8,51.4
05/27/2026,22:52:59,17.7,52.1
05/27/2026,22:57:59,17.6,52.8
05/27/2026,23:02:59,17.4,53.4
05/27/2026,23:07:59,17.3,53.9
05/27/2026,23:12:59,17.2,54.4
05/27/2026,23:17:59,17.1,54.9
05/27/2026,23:22:59,16.9,55.3
05/27/2026,23:27:59,16.8,55.6
05/27/2026,23:32:59,16.7,56
05/27/2026,23:37:59,16.6,56.5
05/27/2026,23:42:59,16.5,56.8
05/27/2026,23:47:59,16.5,57.1
05/27/2026,23:52:59,16.4,57.4
05/27/2026,23:57:59,16.3,57.7
05/28/2026,00:02:59,16.2,58
05/28/2026,00:07:59,16.1,58.4
05/28/2026,00:12:59,16.1,58.6
05/28/2026,00:17:59,16,59
05/28/2026,00:22:59,15.9,59.2
05/28/2026,00:27:59,15.9,59.5
05/28/2026,00:32:59,15.8,59.6
05/28/2026,00:37:59,15.8,59.9
05/28/2026,00:42:59,15.7,60.2
05/28/2026,00:47:59,15.6,60.3
05/28/2026,00:52:59,15.6,60.5
05/28/2026,00:57:59,15.5,60.8
05/28/2026,01:02:59,15.4,61
05/28/2026,01:07:59,15.4,61.2
05/28/2026,01:12:59,15.3,61.4
05/28/2026,01:17:59,15.3,61.6
05/28/2026,01:22:59,15.2,61.9
05/28/2026,01:27:59,15.1,62.1
05/28/2026,01:32:59,15.1,62.3
05/28/2026,01:37:59,15,62.5
05/28/2026,01:42:59,15,62.8
05/28/2026,01:47:59,15,63
05/28/2026,01:52:59,14.9,63.3
05/28/2026,01:57:59,14.9,63.5
05/28/2026,02:02:59,14.8,63.8
05/28/2026,02:07:59,14.7,64.1
05/28/2026,02:12:59,14.6,64.5
05/28/2026,02:17:59,14.6,64.8
05/28/2026,02:22:59,14.6,65
05/28/2026,02:27:59,14.5,65.4
05/28/2026,02:32:59,14.5,65.5
05/28/2026,02:37:59,14.5,65.8
05/28/2026,02:42:59,14.4,66
05/28/2026,02:47:59,14.4,66.2
05/28/2026,02:52:59,14.4,66.4
05/28/2026,02:57:59,14.4,66.6
05/28/2026,03:02:59,14.3,66.9
05/28/2026,03:07:59,14.3,67.1
05/28/2026,03:12:59,14.2,67.3
05/28/2026,03:17:59,14.2,67.5
05/28/2026,03:22:59,14.2,67.7
05/28/2026,03:27:59,14.2,67.9
05/28/2026,03:32:59,14.1,68.2
05/28/2026,03:37:59,14.1,68.3
05/28/2026,03:42:59,14.1,68.5
05/28/2026,03:47:59,14.1,68.7
05/28/2026,03:52:59,14.1,68.8
05/28/2026,03:57:59,14.1,68.9
05/28/2026,04:02:59,14.1,69.1
05/28/2026,04:07:59,14,69.2
05/28/2026,04:12:59,14,69.4
05/28/2026,04:17:59,14,69.4
05/28/2026,04:22:59,14,69.6
05/28/2026,04:27:59,14,69.7
05/28/2026,04:32:59,14,69.8
05/28/2026,04:37:59,14,69.9
05/28/2026,04:42:59,14,69.8
05/28/2026,04:47:59,14,70.1
05/28/2026,04:52:59,14,70.3
05/28/2026,04:57:59,14,70.5
05/28/2026,05:02:59,13.9,70.6
05/28/2026,05:07:59,13.9,70.9
05/28/2026,05:12:59,13.8,71.3
05/28/2026,05:17:59,13.7,71.8
05/28/2026,05:22:59,13.6,72.1
05/28/2026,05:27:59,13.7,72.4
05/28/2026,05:32:59,13.8,72.6
05/28/2026,05:37:59,13.9,72.4
05/28/2026,05:42:59,14,72.5
05/28/2026,05:47:59,14,72.7
05/28/2026,05:52:59,14,73
05/28/2026,05:57:59,14,72.9
05/28/2026,06:02:59,14.1,73.1
05/28/2026,06:07:59,14.1,72.9
05/28/2026,06:12:59,14.1,72.7
05/28/2026,06:17:59,14.2,72.7
05/28/2026,06:22:59,14.1,72.8
05/28/2026,06:27:59,14,73.1
05/28/2026,06:32:59,13.9,73.5
05/28/2026,06:37:59,14,73.6
05/28/2026,06:42:59,14,73.6
05/28/2026,06:47:59,14.1,73.7
05/28/2026,06:52:59,14.2,73.4
05/28/2026,06:57:59,14.3,73.2
05/28/2026,07:02:59,14.4,71.7
05/28/2026,07:07:59,14.5,72.4
05/28/2026,07:12:59,14.6,72.5
05/28/2026,07:17:59,14.8,71.8
05/28/2026,07:22:59,14.9,70.4
05/28/2026,07:27:59,15,71.5
05/28/2026,07:32:59,15.2,71.2
05/28/2026,07:37:59,15.3,70
05/28/2026,07:42:59,15.5,69.9
05/28/2026,07:47:59,15.7,70.1
05/28/2026,07:52:59,15.9,70
05/28/2026,07:57:59,16,68.8
05/28/2026,08:02:59,16.3,69.2
05/28/2026,08:07:59,16.5,69.2
05/28/2026,08:12:59,16.7,68.3
05/28/2026,08:17:59,17,67.9
05/28/2026,08:22:59,17.2,67.4
05/28/2026,08:27:59,17.5,66.9
05/28/2026,08:32:59,17.8,66.7
05/28/2026,08:37:59,18,66.2
05/28/2026,08:42:59,18.3,65.5
05/28/2026,08:47:59,18.6,64.8
05/28/2026,08:52:59,18.9,64.5
05/28/2026,08:57:59,19.2,63.9
05/28/2026,09:02:59,19.5,63.4
05/28/2026,09:07:59,19.8,62.7
05/28/2026,09:12:59,20.1,61.9
05/28/2026,09:17:59,20.4,61.3
05/28/2026,09:22:59,20.7,60.7
05/28/2026,09:27:59,20.9,60.1
05/28/2026,09:32:59,21.1,59.2
05/28/2026,09:37:59,21.3,58.9
05/28/2026,09:42:59,21.5,58.5
05/28/2026,09:47:59,21.8,57.6
05/28/2026,09:52:59,22,57
05/28/2026,09:57:59,22.3,56.5
05/28/2026,10:02:59,22.5,56.5
05/28/2026,10:07:59,22.8,55.5
05/28/2026,10:12:59,23.1,54.9
05/28/2026,10:17:59,23.4,53.5
05/28/2026,10:22:59,23.6,53
05/28/2026,10:27:59,23.9,52.8
05/28/2026,10:32:59,24.2,52.4
05/28/2026,10:37:59,24.5,51.4
05/28/2026,10:42:59,24.7,51
05/28/2026,10:47:59,24.9,50.6
05/28/2026,10:52:59,25.2,49.7
05/28/2026,10:57:59,25.3,49.4
05/28/2026,11:02:59,25.5,49.3
05/28/2026,11:07:59,25.7,49
05/28/2026,11:12:59,25.9,48.5
05/28/2026,11:17:59,26.1,48.5
05/28/2026,11:22:59,26.3,47.6
05/28/2026,11:27:59,26.6,46.8
05/28/2026,11:32:59,26.7,46.8
05/28/2026,11:37:59,26.9,46.5
05/28/2026,11:42:59,27.2,46.1
05/28/2026,11:47:59,27.4,45.2
05/28/2026,11:52:59,27.6,45.3
05/28/2026,11:57:59,27.8,44.5
05/28/2026,12:02:59,27.9,44.1
05/28/2026,12:07:59,28.1,43.9
05/28/2026,12:12:59,28.1,44.3
05/28/2026,12:17:59,28.4,43.7
05/28/2026,12:22:59,28.5,43.1
05/28/2026,12:27:59,28.6,43.3
05/28/2026,12:32:59,28.9,43.5
05/28/2026,12:37:59,29.1,42.8
05/28/2026,12:42:59,29.3,42.4
05/28/2026,12:47:59,29.4,42.8
05/28/2026,12:52:59,29.5,42.5
05/28/2026,12:57:59,29.7,42.5
05/28/2026,13:02:59,29.8,42.8
05/28/2026,13:07:59,30,42.3
05/28/2026,13:12:59,30,42
05/28/2026,13:17:59,30,42.5
05/28/2026,13:22:59,30.1,41.7
05/28/2026,13:27:59,29.8,41.9
05/28/2026,13:32:59,29.9,42.4
05/28/2026,13:37:59,29.9,42.5
05/28/2026,13:42:59,29.8,42.8
05/28/2026,13:47:59,29.8,42.8
05/28/2026,13:52:59,30,43
05/28/2026,13:57:59,30.4,42.3
05/28/2026,14:02:59,30.5,42.4
05/28/2026,14:07:59,30.6,42.1
05/28/2026,14:12:59,30.6,42.6
05/28/2026,14:17:59,30.7,42.1
05/28/2026,14:22:59,30.7,42.1
05/28/2026,14:27:59,30.8,41.8
05/28/2026,14:32:59,30.7,42.3
05/28/2026,14:37:59,30.6,42.3
05/28/2026,14:42:59,30.5,42.5
05/28/2026,14:47:59,30.4,42.4
05/28/2026,14:52:59,30.1,42.9
05/28/2026,14:57:59,29.9,43.5
05/28/2026,15:02:59,29.7,43.8
05/28/2026,15:07:59,29.5,44.3
05/28/2026,15:12:59,29.3,44.4
05/28/2026,15:17:59,29.3,44.8
05/28/2026,15:22:59,29.2,44.7
05/28/2026,15:27:59,29.2,45
05/28/2026,15:32:59,29.1,45.2
05/28/2026,15:37:59,29,45.6
05/28/2026,15:42:59,29,45.5
05/28/2026,15:47:59,28.9,46
05/28/2026,15:52:59,28.9,46.1
05/28/2026,15:57:59,28.9,46
05/28/2026,16:02:59,28.8,46.2
05/28/2026,16:07:59,28.6,46.3
05/28/2026,16:12:59,28.4,46.6
05/28/2026,16:17:59,28.3,47.1
05/28/2026,16:22:59,28.4,47
05/28/2026,16:27:59,28.3,47.1
05/28/2026,16:32:59,28.2,47.3
05/28/2026,16:37:59,28.1,47.6
05/28/2026,16:42:59,28,47.8
05/28/2026,16:47:59,28,48
05/28/2026,16:52:59,28,48.1
05/28/2026,16:57:59,27.8,48.4
05/28/2026,17:02:59,27.7,48.6
05/28/2026,17:07:59,27.7,49
05/28/2026,17:12:59,27.7,49.2
05/28/2026,17:17:59,27.7,49
05/28/2026,17:22:59,27.6,49.2
05/28/2026,17:27:59,27.7,49.6
05/28/2026,17:32:59,27.6,49.6
05/28/2026,17:37:59,27.6,49.7
05/28/2026,17:42:59,27.5,49.9
05/28/2026,17:47:59,27.5,50.1
05/28/2026,17:52:59,27.4,50.4
05/28/2026,17:57:59,27.5,50.5
05/28/2026,18:02:59,27.5,50.4
05/28/2026,18:07:59,27.6,50.4
05/28/2026,18:12:59,27.6,50.3
05/28/2026,18:17:59,27.5,50.4
05/28/2026,18:22:59,27.5,50.7
05/28/2026,18:27:59,27.5,50.8
05/28/2026,18:32:59,27.5,50.8
05/28/2026,18:37:59,27.5,50.7
05/28/2026,18:42:59,27.5,50.7
05/28/2026,18:47:59,27.3,51
05/28/2026,18:52:59,27.3,51.3
05/28/2026,18:57:59,27.3,51.3
05/28/2026,19:02:59,27.5,51.2
05/28/2026,19:07:59,27.8,50.9
05/28/2026,19:12:59,28.1,50.3
05/28/2026,19:17:59,28.2,50.3
05/28/2026,19:22:59,28.2,50.3
05/28/2026,19:27:59,28.2,50.3
05/28/2026,19:32:59,28.1,50.5
05/28/2026,19:37:59,27.9,50.7
05/28/2026,19:42:59,27.7,51.1
05/28/2026,19:47:59,27.5,51.6
05/28/2026,19:52:59,27.2,52.1
05/28/2026,19:57:59,27.1,52.4
05/28/2026,20:02:59,26.9,52.8
05/28/2026,20:07:59,26.8,53.1
05/28/2026,20:12:59,26.6,53.6
05/28/2026,20:17:59,26.4,54
05/28/2026,20:22:59,26.2,54.5
05/28/2026,20:27:59,26,54.9
05/28/2026,20:32:59,25.9,55.4
05/28/2026,20:37:59,25.9,55.7
05/28/2026,20:42:59,25.8,56
05/28/2026,20:47:59,25.7,56.2
05/28/2026,20:52:59,25.6,56.5
05/28/2026,20:57:59,25.5,56.7
05/28/2026,21:02:59,25.4,56.8
05/28/2026,21:07:59,25.4,57.1
05/28/2026,21:12:59,25.3,57.5
05/28/2026,21:17:59,25.2,58.1
05/28/2026,21:22:59,25,58.5
05/28/2026,21:27:59,25,58.6
05/28/2026,21:32:59,24.9,58.8
05/28/2026,21:37:59,24.8,58.8
05/28/2026,21:42:59,24.7,58.8
05/28/2026,21:47:59,24.7,58.8
05/28/2026,21:52:59,24.6,58.9
05/28/2026,21:57:59,24.6,59
05/28/2026,22:02:59,24.5,59
05/28/2026,22:07:59,24.5,59
05/28/2026,22:12:59,24.4,59
05/28/2026,22:17:59,24.3,58.9
05/28/2026,22:22:59,24.2,58.8
05/28/2026,22:27:59,24.1,58.9
05/28/2026,22:32:59,24.1,59
05/28/2026,22:37:59,24,59.2
05/28/2026,22:42:59,23.9,59.3
05/28/2026,22:47:59,23.8,59.2
05/28/2026,22:52:59,23.8,59
05/28/2026,22:57:59,23.7,58.9
05/28/2026,23:02:59,23.6,59.2
05/28/2026,23:07:59,23.6,59
05/28/2026,23:12:59,23.5,58.9
05/28/2026,23:17:59,23.4,58.6
05/28/2026,23:22:59,23.3,58.2
05/28/2026,23:27:59,23.2,58.1
05/28/2026,23:32:59,23.2,58
05/28/2026,23:37:59,23.1,57.9
05/28/2026,23:42:59,23,57.8
05/28/2026,23:47:59,23,57.6
05/28/2026,23:52:59,22.9,57.5
05/28/2026,23:57:59,22.8,57.5
05/29/2026,00:02:59,22.7,57.4
05/29/2026,00:07:59,22.7,57.1
05/29/2026,00:12:59,22.7,56.8
05/29/2026,00:17:59,22.8,56.1
05/29/2026,00:22:59,22.8,56.5
05/29/2026,00:27:59,22.8,56.2
05/29/2026,00:32:59,22.7,56.1
05/29/2026,00:37:59,22.7,56
05/29/2026,00:42:59,22.7,55.9
05/29/2026,00:47:59,22.7,55.9
05/29/2026,00:52:59,22.7,55.8
05/29/2026,00:57:59,22.7,55.8
05/29/2026,01:02:59,22.6,55.9
05/29/2026,01:07:59,22.6,56
05/29/2026,01:12:59,22.5,56.2
05/29/2026,01:17:59,22.4,56.3
05/29/2026,01:22:59,22.2,56.5
05/29/2026,01:27:59,22.1,56.5
05/29/2026,01:32:59,22,56.4
05/29/2026,01:37:59,21.9,56.4
05/29/2026,01:42:59,21.9,56.4
05/29/2026,01:47:59,21.8,56.5
05/29/2026,01:52:59,21.7,56.5
05/29/2026,01:57:59,21.6,56.7
05/29/2026,02:02:59,21.5,56.9
05/29/2026,02:07:59,21.4,57.1
05/29/2026,02:12:59,21.3,57.3
05/29/2026,02:17:59,21.1,57.7
05/29/2026,02:22:59,21.1,58.6
05/29/2026,02:27:59,20.9,59.5
05/29/2026,02:32:59,20.8,60.1
05/29/2026,02:37:59,20.8,60.5
05/29/2026,02:42:59,20.7,60.9
05/29/2026,02:47:59,20.6,61.3
05/29/2026,02:52:59,20.5,61.6
05/29/2026,02:57:59,20.5,62
05/29/2026,03:02:59,20.4,62.3
05/29/2026,03:07:59,20.3,62.7
05/29/2026,03:12:59,20.2,63.1
05/29/2026,03:17:59,20.1,63.5
05/29/2026,03:22:59,20.1,63.7
05/29/2026,03:27:59,20,64
05/29/2026,03:32:59,19.9,64.3
05/29/2026,03:37:59,19.9,64.5
05/29/2026,03:42:59,19.9,64.8
05/29/2026,03:47:59,19.8,65
05/29/2026,03:52:59,19.7,65.2
05/29/2026,03:57:59,19.7,65.5
05/29/2026,04:02:59,19.5,65.9
05/29/2026,04:07:59,19.5,66.3
05/29/2026,04:12:59,19.4,66.6
05/29/2026,04:17:59,19.3,66.8
05/29/2026,04:22:59,19.2,67.1
05/29/2026,04:27:59,19.2,67.3
05/29/2026,04:32:59,19.1,67.5
05/29/2026,04:37:59,19.1,67.8
05/29/2026,04:42:59,19,67.9
05/29/2026,04:47:59,18.9,68.2
05/29/2026,04:52:59,18.8,68.4
05/29/2026,04:57:59,18.8,68.5
05/29/2026,05:02:59,18.7,68.5
05/29/2026,05:07:59,18.6,69
05/29/2026,05:12:59,18.5,69.3
05/29/2026,05:17:59,18.4,69.7
05/29/2026,05:22:59,18.4,70
05/29/2026,05:27:59,18.3,70.2
05/29/2026,05:32:59,18.2,70.6
05/29/2026,05:37:59,18.2,70.9
05/29/2026,05:42:59,18.1,71.1
05/29/2026,05:47:59,18,71.3
05/29/2026,05:52:59,18,71.4
05/29/2026,05:57:59,18,71.4
05/29/2026,06:02:59,18,71.5
05/29/2026,06:07:59,18,71.6
05/29/2026,06:12:59,18,71.6
05/29/2026,06:17:59,17.9,71.8
05/29/2026,06:22:59,18,71.7
05/29/2026,06:27:59,17.9,71.6
05/29/2026,06:32:59,18,71.2
05/29/2026,06:37:59,18,71
05/29/2026,06:42:59,18.1,70.5
05/29/2026,06:47:59,18.1,70.4
05/29/2026,06:52:59,18.1,70.1
05/29/2026,06:57:59,18.2,70
05/29/2026,07:02:59,18.2,69.8
05/29/2026,07:07:59,18.3,69.5
05/29/2026,07:12:59,18.3,69.3
05/29/2026,07:17:59,18.3,69.4
05/29/2026,07:22:59,18.4,69.3
05/29/2026,07:27:59,18.5,68.9
05/29/2026,07:32:59,18.7,68.9
05/29/2026,07:37:59,18.7,68.4
05/29/2026,07:42:59,18.7,68.4
05/29/2026,07:47:59,18.7,68.5
05/29/2026,07:52:59,18.7,68
05/29/2026,07:57:59,18.6,68
05/29/2026,08:02:59,18.6,67.8
05/29/2026,08:07:59,18.6,67.9
05/29/2026,08:12:59,18.6,67.8
05/29/2026,08:17:59,18.6,67.7
05/29/2026,08:22:59,18.7,67.3
05/29/2026,08:27:59,18.7,66.6
05/29/2026,08:32:59,18.7,66.5
05/29/2026,08:37:59,18.9,66.1
05/29/2026,08:42:59,19,66.2
05/29/2026,08:47:59,19.2,66
05/29/2026,08:52:59,19.2,65.2
05/29/2026,08:57:59,19.3,65.7
05/29/2026,09:02:59,19.3,66.1
05/29/2026,09:07:59,19.4,66.3
05/29/2026,09:12:59,19.4,66.2
05/29/2026,09:17:59,19.4,66.2
05/29/2026,09:22:59,19.6,65.5
05/29/2026,09:27:59,19.7,63.8
05/29/2026,09:32:59,19.8,63.6
05/29/2026,09:37:59,19.9,62
05/29/2026,09:42:59,19.9,62.3
05/29/2026,09:47:59,20,61.5
05/29/2026,09:52:59,19.9,61.9
05/29/2026,09:57:59,19.9,62.2
05/29/2026,10:02:59,19.9,61.6
05/29/2026,10:07:59,20.2,62
05/29/2026,10:12:59,20.4,61.5
05/29/2026,10:17:59,20.6,60.7
05/29/2026,10:22:59,20.7,61
05/29/2026,10:27:59,21,60.5
05/29/2026,10:32:59,21.4,60.1
05/29/2026,10:37:59,21.8,58.9
05/29/2026,10:42:59,21.9,57.9
05/29/2026,10:47:59,22.2,57.2
05/29/2026,10:52:59,22.2,55.9
05/29/2026,10:57:59,22.2,55.3
05/29/2026,11:02:59,22.4,54.8
05/29/2026,11:07:59,22.5,53.1
05/29/2026,11:12:59,22.6,53.1
05/29/2026,11:17:59,22.8,52.3
05/29/2026,11:22:59,23.1,51.4
05/29/2026,11:27:59,23,51.2
05/29/2026,11:32:59,23.1,50.7
05/29/2026,11:37:59,23.2,50.5
05/29/2026,11:42:59,23.2,50.6
05/29/2026,11:47:59,23.2,49.7
05/29/2026,11:52:59,23,49.7
05/29/2026,11:57:59,22.8,50.2
05/29/2026,12:02:59,23,50.4
05/29/2026,12:07:59,23.1,48.7
05/29/2026,12:12:59,23.1,49.5
05/29/2026,12:17:59,23,48.9
05/29/2026,12:22:59,23,49.7
05/29/2026,12:27:59,23.2,50.1
05/29/2026,12:32:59,23.5,48.5
05/29/2026,12:37:59,23.5,48.4
05/29/2026,12:42:59,23.6,48.3
05/29/2026,12:47:59,23.8,48.6
05/29/2026,12:52:59,24.1,46.8
05/29/2026,12:57:59,24.1,47.1
05/29/2026,13:02:59,24.3,47.6
05/29/2026,13:07:59,24.5,47.3
05/29/2026,13:12:59,24.5,47.2
05/29/2026,13:17:59,24.7,46.7
05/29/2026,13:22:59,24.8,46.6
05/29/2026,13:27:59,24.8,46.6
05/29/2026,13:32:59,24.8,47.3
05/29/2026,13:37:59,24.8,47.1
05/29/2026,13:42:59,24.6,45.6
05/29/2026,13:47:59,24.4,46.1
05/29/2026,13:52:59,24.4,45.5
05/29/2026,13:57:59,24.1,45.6
05/29/2026,14:02:59,23.9,44.7
05/29/2026,14:07:59,23.8,45.2
05/29/2026,14:12:59,23.8,45.9
05/29/2026,14:17:59,23.9,47
05/29/2026,14:22:59,24.3,47.4
05/29/2026,14:27:59,24.6,46.9
05/29/2026,14:32:59,24.6,46.9
05/29/2026,14:37:59,24.3,46.6
05/29/2026,14:42:59,24.3,46.4
05/29/2026,14:47:59,24.5,45.9
05/29/2026,14:52:59,24.5,45.4
05/29/2026,14:57:59,24.4,45.8
05/29/2026,15:02:59,24.4,44.3
05/29/2026,15:07:59,24.3,43.2
05/29/2026,15:12:59,24.2,43.3
05/29/2026,15:17:59,24.1,43.6
05/29/2026,15:22:59,24.1,43.5
05/29/2026,15:27:59,24,43.7
05/29/2026,15:32:59,23.9,43.4
05/29/2026,15:37:59,23.8,43.7
05/29/2026,15:42:59,23.8,44
05/29/2026,15:47:59,23.8,43.6
05/29/2026,15:52:59,23.8,44.2
05/29/2026,15:57:59,23.8,44.1
05/29/2026,16:02:59,24.6,43.5
05/29/2026,16:07:59,25.2,41.3
05/29/2026,16:12:59,25,40.9
05/29/2026,16:17:59,25.1,41.2
05/29/2026,16:22:59,25.1,39.9
05/29/2026,16:27:59,24.8,39.2
05/29/2026,16:32:59,24.7,39.6
05/29/2026,16:37:59,24.8,39.1
05/29/2026,16:42:59,24.8,39
05/29/2026,16:47:59,25.1,39.1
05/29/2026,16:52:59,25.1,39.3
05/29/2026,16:57:59,25,38.9
05/29/2026,17:02:59,24.9,38.5
05/29/2026,17:07:59,24.9,38.6
05/29/2026,17:12:59,24.8,37.3
05/29/2026,17:17:59,24.8,37.7
05/29/2026,17:22:59,24.8,37.6
05/29/2026,17:27:59,24.8,38
05/29/2026,17:32:59,24.7,38.1
05/29/2026,17:37:59,24.6,38.7
05/29/2026,17:42:59,24.4,39.1
05/29/2026,17:47:59,24.2,39.7
05/29/2026,17:52:59,24.1,40.2
05/29/2026,17:57:59,24,40.9
05/29/2026,18:02:59,24,41.4
05/29/2026,18:07:59,24,41.1
05/29/2026,18:12:59,23.9,41.5
05/29/2026,18:17:59,23.9,41.8
05/29/2026,18:22:59,23.9,42.2
05/29/2026,18:27:59,23.9,42.4
05/29/2026,18:32:59,24,42
05/29/2026,18:37:59,23.9,42.3
05/29/2026,18:42:59,23.9,42.6
05/29/2026,18:47:59,23.9,42.5
05/29/2026,18:52:59,24,42.3
05/29/2026,18:57:59,24.2,42.7
05/29/2026,19:02:59,24.6,42.1
05/29/2026,19:07:59,24.9,41.6
05/29/2026,19:12:59,25.3,41.6
05/29/2026,19:17:59,25.5,40.8
05/29/2026,19:22:59,25.6,40.8
05/29/2026,19:27:59,25.6,40.1
05/29/2026,19:32:59,25.5,40
05/29/2026,19:37:59,25.3,39.8
05/29/2026,19:42:59,25,39.5
05/29/2026,19:47:59,24.9,40.4
05/29/2026,19:52:59,24.7,41.2
05/29/2026,19:57:59,24.6,41.8
05/29/2026,20:02:59,24.4,42.3
05/29/2026,20:07:59,24.3,42.5
05/29/2026,20:12:59,24.2,43
05/29/2026,20:17:59,24.1,43.2
05/29/2026,20:22:59,23.8,42.3
05/29/2026,20:27:59,23.7,42.5
05/29/2026,20:32:59,23.5,42
05/29/2026,20:37:59,23.5,43.3
05/29/2026,20:42:59,23.3,43.9
05/29/2026,20:47:59,23.1,44
05/29/2026,20:52:59,22.9,44.2
05/29/2026,20:57:59,22.7,44.7
05/29/2026,21:02:59,22.5,45.2
05/29/2026,21:07:59,22.3,45.7
05/29/2026,21:12:59,22.2,46
05/29/2026,21:17:59,22,46.4
05/29/2026,21:22:59,21.9,46.8
05/29/2026,21:27:59,21.7,47.4
05/29/2026,21:32:59,21.5,47.5
05/29/2026,21:37:59,21.3,47.7
05/29/2026,21:42:59,21.2,48.7
05/29/2026,21:47:59,21,48.8
05/29/2026,21:52:59,20.8,50
05/29/2026,21:57:59,20.7,50.1
05/29/2026,22:02:59,20.5,49.9
05/29/2026,22:07:59,20.3,50.2
05/29/2026,22:12:59,20.2,51.9
05/29/2026,22:17:59,20,52
05/29/2026,22:22:59,19.9,52.4
05/29/2026,22:27:59,19.8,52.5
05/29/2026,22:32:59,19.7,53.1
05/29/2026,22:37:59,19.6,53.3
05/29/2026,22:42:59,19.5,53.6
05/29/2026,22:47:59,19.4,54.2
05/29/2026,22:52:59,19.3,54.8
05/29/2026,22:57:59,19.2,54.7
05/29/2026,23:02:59,19.1,55.1
05/29/2026,23:07:59,19.1,55.6
05/29/2026,23:12:59,19,56.4
05/29/2026,23:17:59,18.9,55.9
05/29/2026,23:22:59,18.8,56.6
05/29/2026,23:27:59,18.7,56.9
05/29/2026,23:32:59,18.7,56.9
05/29/2026,23:37:59,18.5,57.2
05/29/2026,23:42:59,18.4,57.6
05/29/2026,23:47:59,18.3,57.8
05/29/2026,23:52:59,18.2,58.9
05/29/2026,23:57:59,18.1,58.8
05/30/2026,00:02:59,18.1,59.2
05/30/2026,00:07:59,18,59.6
05/30/2026,00:12:59,17.9,60.2
05/30/2026,00:17:59,17.8,60.4
05/30/2026,00:22:59,17.8,60.3
05/30/2026,00:27:59,17.7,60.9
05/30/2026,00:32:59,17.6,60.8
05/30/2026,00:37:59,17.6,61
05/30/2026,00:42:59,17.5,61.1
05/30/2026,00:47:59,17.4,61.8
05/30/2026,00:52:59,17.4,62.1
05/30/2026,00:57:59,17.3,62.5
05/30/2026,01:02:59,17.2,62.7
05/30/2026,01:07:59,17.1,62.9
05/30/2026,01:12:59,17.1,63
05/30/2026,01:17:59,17,62.6
05/30/2026,01:22:59,16.9,62.8
05/30/2026,01:27:59,16.8,63.4
05/30/2026,01:32:59,16.7,63.4
05/30/2026,01:37:59,16.7,63.4
05/30/2026,01:42:59,16.6,63.3
05/30/2026,01:47:59,16.6,62.9
05/30/2026,01:52:59,16.5,63
05/30/2026,01:57:59,16.5,62.9
05/30/2026,02:02:59,16.4,63.1
05/30/2026,02:07:59,16.3,63
05/30/2026,02:12:59,16.3,62.7
05/30/2026,02:17:59,16.2,62.8
05/30/2026,02:22:59,16.1,62.8
05/30/2026,02:27:59,16.1,62.5
05/30/2026,02:32:59,16,62.6
05/30/2026,02:37:59,16,62
05/30/2026,02:42:59,15.9,62.1
05/30/2026,02:47:59,15.9,62.5
05/30/2026,02:52:59,15.8,62.6
05/30/2026,02:57:59,15.8,62.9
05/30/2026,03:02:59,15.7,62.8
05/30/2026,03:07:59,15.7,62.6
05/30/2026,03:12:59,15.7,62.1
05/30/2026,03:17:59,15.6,61.6
05/30/2026,03:22:59,15.6,61.1
05/30/2026,03:27:59,15.6,61.6
05/30/2026,03:32:59,15.5,61.6
05/30/2026,03:37:59,15.4,62.1
05/30/2026,03:42:59,15.4,62.2
05/30/2026,03:47:59,15.3,61.9
05/30/2026,03:52:59,15.3,62.3
05/30/2026,03:57:59,15.2,61.7
05/30/2026,04:02:59,15.1,61.5
05/30/2026,04:07:59,15.1,62.1
05/30/2026,04:12:59,15,62.6
05/30/2026,04:17:59,15,62.6
05/30/2026,04:22:59,14.9,62.6
05/30/2026,04:27:59,14.8,62.7
05/30/2026,04:32:59,14.8,62.8
05/30/2026,04:37:59,14.7,62.9
05/30/2026,04:42:59,14.6,63
05/30/2026,04:47:59,14.5,63.1
05/30/2026,04:52:59,14.5,63.1
05/30/2026,04:57:59,14.4,63.3
05/30/2026,05:02:59,14.3,62.3
05/30/2026,05:07:59,14.3,63.2
05/30/2026,05:12:59,14.3,62.9
05/30/2026,05:17:59,14.3,63.5
05/30/2026,05:22:59,14.3,63.7
05/30/2026,05:27:59,14.3,63.7
05/30/2026,05:32:59,14.3,62.8
05/30/2026,05:37:59,14.3,64.4
05/30/2026,05:42:59,14.3,64.5
05/30/2026,05:47:59,14.2,65
05/30/2026,05:52:59,14.2,64.9
05/30/2026,05:57:59,14.2,65.5
05/30/2026,06:02:59,14.2,65.9
05/30/2026,06:07:59,14.2,66.2
05/30/2026,06:12:59,14.2,64.4
05/30/2026,06:17:59,14.2,66.2
05/30/2026,06:22:59,14.2,66.5
05/30/2026,06:27:59,14.3,67.1
05/30/2026,06:32:59,14.4,66.4
05/30/2026,06:37:59,14.4,66.3
05/30/2026,06:42:59,14.4,63.4
05/30/2026,06:47:59,14.5,62.3
05/30/2026,06:52:59,14.6,63.6
05/30/2026,06:57:59,14.6,60.7
05/30/2026,07:02:59,14.6,61.7
05/30/2026,07:07:59,14.7,63.3
05/30/2026,07:12:59,14.8,62.5
05/30/2026,07:17:59,14.8,60.8
05/30/2026,07:22:59,14.9,58.9
05/30/2026,07:27:59,14.9,59.2
05/30/2026,07:32:59,15,59.7
05/30/2026,07:37:59,15.1,59.1
05/30/2026,07:42:59,15.2,59.9
05/30/2026,07:47:59,15.4,59.2
05/30/2026,07:52:59,15.4,61.1
05/30/2026,07:57:59,15.6,63
05/30/2026,08:02:59,15.8,61.8
05/30/2026,08:07:59,15.9,62.9
05/30/2026,08:12:59,16.1,63.1
05/30/2026,08:17:59,16.2,62.1
05/30/2026,08:22:59,16.4,62.1
05/30/2026,08:27:59,16.6,61.6
05/30/2026,08:32:59,16.8,62.2
05/30/2026,08:37:59,17.1,62.1
05/30/2026,08:42:59,17.3,62.6
05/30/2026,08:47:59,17.6,61.7
05/30/2026,08:52:59,17.9,62
05/30/2026,08:57:59,18.2,61.6
05/30/2026,09:02:59,18.6,60.9
05/30/2026,09:07:59,19,59.9
05/30/2026,09:12:59,19.4,59.5
05/30/2026,09:17:59,19.8,58.4
05/30/2026,09:22:59,20.2,58.9
05/30/2026,09:27:59,20.5,58.5
05/30/2026,09:32:59,20.9,56.8
05/30/2026,09:37:59,21.3,56
05/30/2026,09:42:59,21.7,55.2
05/30/2026,09:47:59,22,54.6
05/30/2026,09:52:59,22.3,54.3
05/30/2026,09:57:59,22.6,52.5
05/30/2026,10:02:59,23,51.6
05/30/2026,10:07:59,23.3,50.1
05/30/2026,10:12:59,23.6,49.9
05/30/2026,10:17:59,23.9,48.6
05/30/2026,10:22:59,24.1,48.3
05/30/2026,10:27:59,24.4,47.8
05/30/2026,10:32:59,24.6,46.9
05/30/2026,10:37:59,24.8,47
05/30/2026,10:42:59,25.1,45.8
05/30/2026,10:47:59,25.2,45.1
05/30/2026,10:52:59,25.2,45
05/30/2026,10:57:59,25.4,46.3
05/30/2026,11:02:59,25.6,44.1
05/30/2026,11:07:59,25.8,43.6
05/30/2026,11:12:59,25.9,43.1
05/30/2026,11:17:59,26,43.4
05/30/2026,11:22:59,26.3,43
05/30/2026,11:27:59,26.5,42.8
05/30/2026,11:32:59,26.6,42.1
05/30/2026,11:37:59,26.8,41.7
05/30/2026,11:42:59,27,41
05/30/2026,11:47:59,27.1,39.3
05/30/2026,11:52:59,27.2,40.1
05/30/2026,11:57:59,27.4,39.1
05/30/2026,12:02:59,27.6,38.8
05/30/2026,12:07:59,27.8,38.3
05/30/2026,12:12:59,27.8,38.2
05/30/2026,12:17:59,28,37.7
05/30/2026,12:22:59,28,37.1
05/30/2026,12:27:59,27.9,36.5
05/30/2026,12:32:59,28,37.4
05/30/2026,12:37:59,28.3,37.2
05/30/2026,12:42:59,28.3,36.1
05/30/2026,12:47:59,28.3,36.8
05/30/2026,12:52:59,28.4,37
05/30/2026,12:57:59,28.7,36.5
05/30/2026,13:02:59,29,36.1
05/30/2026,13:07:59,29.2,35.6
05/30/2026,13:12:59,29.2,34.9
05/30/2026,13:17:59,29.2,35
05/30/2026,13:22:59,29.3,35
05/30/2026,13:27:59,29.5,35.1
05/30/2026,13:32:59,29.6,34.3
05/30/2026,13:37:59,29.4,34.3
05/30/2026,13:42:59,29.3,34.9
05/30/2026,13:47:59,29.5,35
05/30/2026,13:52:59,29.6,34.7
05/30/2026,13:57:59,29.8,34.3
05/30/2026,14:02:59,30.1,34.4
05/30/2026,14:07:59,30.2,34
05/30/2026,14:12:59,30.6,33.8
05/30/2026,14:17:59,30.7,33.5
05/30/2026,14:22:59,30.7,33.1
05/30/2026,14:27:59,30.8,33.5
05/30/2026,14:32:59,31,33.1
05/30/2026,14:37:59,30.8,33
05/30/2026,14:42:59,30.8,33.2
05/30/2026,14:47:59,30.8,32.8
05/30/2026,14:52:59,30.6,33.7
05/30/2026,14:57:59,30.8,33.6
05/30/2026,15:02:59,30.7,33.3
05/30/2026,15:07:59,30.8,33.4
05/30/2026,15:12:59,30.9,33.4
05/30/2026,15:17:59,30.9,33.1
05/30/2026,15:22:59,31,33.4
05/30/2026,15:27:59,30.8,33.9
05/30/2026,15:32:59,30.7,33.7
05/30/2026,15:37:59,30.9,33.7
05/30/2026,15:42:59,31.1,33.4
05/30/2026,15:47:59,31,33.5
05/30/2026,15:52:59,31,33.4
05/30/2026,15:57:59,31,33.8
05/30/2026,16:02:59,30.9,33.7
05/30/2026,16:07:59,30.9,33.6
05/30/2026,16:12:59,31.1,33.7
05/30/2026,16:17:59,31.1,33.5
05/30/2026,16:22:59,31.1,33.2
05/30/2026,16:27:59,31.2,34
05/30/2026,16:32:59,31.4,33.3
05/30/2026,16:37:59,31.1,33.3
05/30/2026,16:42:59,31.1,33.6
05/30/2026,16:47:59,30.9,33.5
05/30/2026,16:52:59,30.6,34.1
05/30/2026,16:57:59,30.4,34.5
05/30/2026,17:02:59,30.1,34.7
05/30/2026,17:07:59,29.9,35.3
05/30/2026,17:12:59,29.8,35.9
05/30/2026,17:17:59,29.6,36.2
05/30/2026,17:22:59,29.5,36.2
05/30/2026,17:27:59,29.5,36.5
05/30/2026,17:32:59,29.2,36.7
05/30/2026,17:37:59,29.2,36.7
05/30/2026,17:42:59,29.2,37
05/30/2026,17:47:59,29.1,37.1
05/30/2026,17:52:59,28.8,37
05/30/2026,17:57:59,28.4,37.3
05/30/2026,18:02:59,28.1,37.7
05/30/2026,18:07:59,27.8,38.1
05/30/2026,18:12:59,27.7,38.4
05/30/2026,18:17:59,27.5,38.5
05/30/2026,18:22:59,27.3,38.6
05/30/2026,18:27:59,27.1,39
05/30/2026,18:32:59,27,39.3
05/30/2026,18:37:59,27.1,39.5
05/30/2026,18:42:59,26.9,39.5
05/30/2026,18:47:59,26.9,39.6
05/30/2026,18:52:59,27,39.6
05/30/2026,18:57:59,27,39.6
05/30/2026,19:02:59,27.1,39.6
05/30/2026,19:07:59,27.2,39.5
05/30/2026,19:12:59,27.4,39.5
05/30/2026,19:17:59,27.3,39.6
05/30/2026,19:22:59,27.2,39.7
05/30/2026,19:27:59,27.1,39.7
05/30/2026,19:32:59,26.8,40.1
05/30/2026,19:37:59,26.6,40.5
05/30/2026,19:42:59,26.4,40.9
05/30/2026,19:47:59,26.2,41.2
05/30/2026,19:52:59,25.9,41.1
05/30/2026,19:57:59,25.7,41.1
05/30/2026,20:02:59,25.5,41.2
05/30/2026,20:07:59,25.4,41.3
05/30/2026,20:12:59,25.2,41.6
05/30/2026,20:17:59,25.1,41.9
05/30/2026,20:22:59,24.9,42.2
05/30/2026,20:27:59,24.7,42.4
05/30/2026,20:32:59,24.7,42.5
05/30/2026,20:37:59,24.5,42.6
05/30/2026,20:42:59,24.4,42.8
05/30/2026,20:47:59,24.2,43
05/30/2026,20:52:59,24,43.3
05/30/2026,20:57:59,23.9,43.6
05/30/2026,21:02:59,23.7,44
05/30/2026,21:07:59,23.6,44.2
05/30/2026,21:12:59,23.5,44.2
05/30/2026,21:17:59,23.3,44.4
05/30/2026,21:22:59,23.1,44.4
05/30/2026,21:27:59,23.1,44.8
05/30/2026,21:32:59,22.9,44.7
05/30/2026,21:37:59,22.7,45.1
05/30/2026,21:42:59,22.6,45.4
05/30/2026,21:47:59,22.4,45.5
05/30/2026,21:52:59,22.2,46
05/30/2026,21:57:59,22.1,46.4
05/30/2026,22:02:59,21.9,47
05/30/2026,22:07:59,21.8,47.7
05/30/2026,22:12:59,21.6,48.4
05/30/2026,22:17:59,21.5,49
05/30/2026,22:22:59,21.3,49.6
05/30/2026,22:27:59,21.2,50.2
05/30/2026,22:32:59,21,50.8
05/30/2026,22:37:59,20.9,51.5
05/30/2026,22:42:59,20.9,52
05/30/2026,22:47:59,20.7,52.6
05/30/2026,22:52:59,20.6,53
05/30/2026,22:57:59,20.5,53.5
05/30/2026,23:02:59,20.3,54
05/30/2026,23:07:59,20.2,54.4
05/30/2026,23:12:59,20.1,54.9
05/30/2026,23:17:59,20.1,55.2
05/30/2026,23:22:59,20,55.4
05/30/2026,23:27:59,20,55.7
05/30/2026,23:32:59,19.9,55.9
05/30/2026,23:37:59,19.9,56.2
05/30/2026,23:42:59,19.9,56.2
05/30/2026,23:47:59,19.8,56.6
05/30/2026,23:52:59,19.7,57
05/30/2026,23:57:59,19.6,57.3
05/31/2026,00:02:59,19.6,57.6
05/31/2026,00:07:59,19.6,57.7
05/31/2026,00:12:59,19.6,57.9
05/31/2026,00:17:59,19.6,57.9
05/31/2026,00:22:59,19.6,58.1
05/31/2026,00:27:59,19.4,58.4
05/31/2026,00:32:59,19.4,58.6
05/31/2026,00:37:59,19.3,58.8
05/31/2026,00:42:59,19.2,59.1
05/31/2026,00:47:59,19.1,59.4
05/31/2026,00:52:59,18.9,59.6
05/31/2026,00:57:59,18.8,59.7
05/31/2026,01:02:59,18.8,59.8
05/31/2026,01:07:59,18.8,59.8
05/31/2026,01:12:59,18.8,59.7
05/31/2026,01:17:59,18.8,59.5
05/31/2026,01:22:59,18.8,59.4
05/31/2026,01:27:59,18.8,59.2
05/31/2026,01:32:59,18.7,59.1
05/31/2026,01:37:59,18.6,58.9
05/31/2026,01:42:59,18.5,58.9
05/31/2026,01:47:59,18.4,59
05/31/2026,01:52:59,18.4,58.8
05/31/2026,01:57:59,18.3,58.7
05/31/2026,02:02:59,18.2,58.6
05/31/2026,02:07:59,18.2,58.6
05/31/2026,02:12:59,18.1,58.1
05/31/2026,02:17:59,18.1,58
05/31/2026,02:22:59,18,57.8
05/31/2026,02:27:59,17.9,57.9
05/31/2026,02:32:59,17.8,57.9
05/31/2026,02:37:59,17.8,57.8
05/31/2026,02:42:59,17.7,57.7
05/31/2026,02:47:59,17.6,57.8
05/31/2026,02:52:59,17.6,58
05/31/2026,02:57:59,17.4,58.2
05/31/2026,03:02:59,17.3,58.3
05/31/2026,03:07:59,17.2,58.6
05/31/2026,03:12:59,17.1,58.6
05/31/2026,03:17:59,17,58.8
05/31/2026,03:22:59,17,58.7
05/31/2026,03:27:59,16.9,58.8
05/31/2026,03:32:59,16.9,58.8
05/31/2026,03:37:59,16.8,59.1
05/31/2026,03:42:59,16.7,59.2
05/31/2026,03:47:59,16.6,59.3
05/31/2026,03:52:59,16.6,59.6
05/31/2026,03:57:59,16.5,59.8
05/31/2026,04:02:59,16.5,60
05/31/2026,04:07:59,16.4,60.2
05/31/2026,04:12:59,16.4,60.3
05/31/2026,04:17:59,16.3,60.7
05/31/2026,04:22:59,16.3,60.9
05/31/2026,04:27:59,16.2,61.3
05/31/2026,04:32:59,16.1,61.4
05/31/2026,04:37:59,16,61.8
05/31/2026,04:42:59,16,62.2
05/31/2026,04:47:59,15.9,62.4
05/31/2026,04:52:59,15.9,62.7
05/31/2026,04:57:59,15.8,62.6
05/31/2026,05:02:59,15.8,62.9
05/31/2026,05:07:59,15.8,63
05/31/2026,05:12:59,15.8,63.2
05/31/2026,05:17:59,15.8,63.2
05/31/2026,05:22:59,15.8,63
05/31/2026,05:27:59,15.9,62.9
05/31/2026,05:32:59,15.9,62.9
05/31/2026,05:37:59,16,62.9
05/31/2026,05:42:59,16,62.9
05/31/2026,05:47:59,16.1,63.1
05/31/2026,05:52:59,16.1,63.5
05/31/2026,05:57:59,16.2,63.5
05/31/2026,06:02:59,16.3,63.6
05/31/2026,06:07:59,16.4,62.8
05/31/2026,06:12:59,16.4,62
05/31/2026,06:17:59,16.5,62.2
05/31/2026,06:22:59,16.5,62.4
05/31/2026,06:27:59,16.6,61.9
05/31/2026,06:32:59,16.6,61.1
05/31/2026,06:37:59,16.7,62.2
05/31/2026,06:42:59,16.7,60.7
05/31/2026,06:47:59,16.9,62.1
05/31/2026,06:52:59,17,61.4
05/31/2026,06:57:59,17.2,61.4
05/31/2026,07:02:59,17.3,61.3
05/31/2026,07:07:59,17.5,60.5
05/31/2026,07:12:59,17.7,60.6
05/31/2026,07:17:59,17.8,60.7
05/31/2026,07:22:59,17.7,60.5
05/31/2026,07:27:59,17.7,60.9
05/31/2026,07:32:59,17.8,61.5
05/31/2026,07:37:59,17.8,62.2
05/31/2026,07:42:59,17.9,62
05/31/2026,07:47:59,18,62
05/31/2026,07:52:59,18,61.9
05/31/2026,07:57:59,18.2,62.1
05/31/2026,08:02:59,18.3,62
05/31/2026,08:07:59,18.3,62.2
05/31/2026,08:12:59,18.5,62.4
05/31/2026,08:17:59,18.5,62.4
05/31/2026,08:22:59,18.6,62.5
05/31/2026,08:27:59,18.8,62.1
05/31/2026,08:32:59,19,61.7
05/31/2026,08:37:59,19.1,61.4
05/31/2026,08:42:59,19.1,61.2
05/31/2026,08:47:59,19.3,61.1
05/31/2026,08:52:59,19.3,61.1
05/31/2026,08:57:59,19.4,60.5
05/31/2026,09:02:59,19.5,58.5
05/31/2026,09:07:59,19.5,58.4
05/31/2026,09:12:59,19.7,58.6
05/31/2026,09:17:59,19.8,58.3
05/31/2026,09:22:59,19.8,58.3
05/31/2026,09:27:59,20.1,57.9
05/31/2026,09:32:59,20.3,56.9
05/31/2026,09:37:59,20.3,56.4
05/31/2026,09:42:59,20.4,55.4
05/31/2026,09:47:59,20.5,54.9
05/31/2026,09:52:59,20.8,54.5
05/31/2026,09:57:59,20.9,54.1
05/31/2026,10:02:59,20.6,53.8
05/31/2026,10:07:59,20.7,53.8
05/31/2026,10:12:59,20.9,54.1
05/31/2026,10:17:59,20.8,53.9
05/31/2026,10:22:59,21.1,53.8
05/31/2026,10:27:59,21.3,52.9
05/31/2026,10:32:59,21.4,52.7
05/31/2026,10:37:59,21.3,52.7
05/31/2026,10:42:59,21.4,52.6
05/31/2026,10:47:59,21.6,52.2
05/31/2026,10:52:59,21.5,52.1
05/31/2026,10:57:59,21.5,51.8
05/31/2026,11:02:59,21.3,51.9
05/31/2026,11:07:59,21.3,51.9
05/31/2026,11:12:59,21.4,52.4
05/31/2026,11:17:59,21.7,51
05/31/2026,11:22:59,21.7,51.2
05/31/2026,11:27:59,21.5,51.1
05/31/2026,11:32:59,21.7,51.5
05/31/2026,11:37:59,21.9,51.2
05/31/2026,11:42:59,21.7,51.9
05/31/2026,11:47:59,21.6,51.9
05/31/2026,11:52:59,21.7,51.4
05/31/2026,11:57:59,21.8,50.8
05/31/2026,12:02:59,21.7,51
05/31/2026,12:07:59,22,51.2
05/31/2026,12:12:59,22,50.4
05/31/2026,12:17:59,22.1,50.2
05/31/2026,12:22:59,22.3,49.7
05/31/2026,12:27:59,22.2,49.8
05/31/2026,12:32:59,22.1,49.6
05/31/2026,12:37:59,22.2,50.1
05/31/2026,12:42:59,22.7,49.6
05/31/2026,12:47:59,22.7,48.6
05/31/2026,12:52:59,22.8,48.9
05/31/2026,12:57:59,23.2,48.6
05/31/2026,13:02:59,23.7,48.1
05/31/2026,13:07:59,24,46.7
05/31/2026,13:12:59,24,47
05/31/2026,13:17:59,24.3,46.7
05/31/2026,13:22:59,24.7,45.9
05/31/2026,13:27:59,25,44.8
05/31/2026,13:32:59,25.2,43.9
05/31/2026,13:37:59,25.4,43
05/31/2026,13:42:59,24.9,43.2
05/31/2026,13:47:59,24.1,44.2
05/31/2026,13:52:59,23.9,45.3
05/31/2026,13:57:59,23.5,46.2
05/31/2026,14:02:59,23.4,46.2
05/31/2026,14:07:59,23.2,46.8
05/31/2026,14:12:59,23.3,47.1
05/31/2026,14:17:59,23.6,46
05/31/2026,14:22:59,23.5,46.3
05/31/2026,14:27:59,23.4,46.5
05/31/2026,14:32:59,23.9,46.7
05/31/2026,14:37:59,24.5,44.5
05/31/2026,14:42:59,25,43.4
05/31/2026,14:47:59,24.6,42.9
05/31/2026,14:52:59,24.2,43.7
05/31/2026,14:57:59,24.6,43.8
05/31/2026,15:02:59,25.3,41.5
05/31/2026,15:07:59,25.3,41.2
05/31/2026,15:12:59,25.3,41.3
05/31/2026,15:17:59,24.7,41.4
05/31/2026,15:22:59,24.2,42.4
05/31/2026,15:27:59,24.1,42.5
05/31/2026,15:32:59,23.9,43.1
05/31/2026,15:37:59,23.9,43.4
05/31/2026,15:42:59,24.7,42.6
05/31/2026,15:47:59,24.9,40.9
05/31/2026,15:52:59,24.4,41.7
05/31/2026,15:57:59,24.1,42
05/31/2026,16:02:59,24.1,42.6
05/31/2026,16:07:59,24.5,42.6
05/31/2026,16:12:59,25.1,41.7
05/31/2026,16:17:59,24.8,41.1
05/31/2026,16:22:59,24.5,42.2
05/31/2026,16:27:59,24.4,41.8
05/31/2026,16:32:59,24.1,42.4
05/31/2026,16:37:59,24.3,42.6
05/31/2026,16:42:59,24.2,42.2
05/31/2026,16:47:59,23.9,42.4
05/31/2026,16:52:59,23.7,42.8
05/31/2026,16:57:59,23.8,42.6
05/31/2026,17:02:59,23.7,42.6
05/31/2026,17:07:59,23.7,42.1
05/31/2026,17:12:59,23.5,41.8
05/31/2026,17:17:59,23.5,41.4
05/31/2026,17:22:59,23.3,41.9
05/31/2026,17:27:59,23.3,42
05/31/2026,17:32:59,23.3,41.5
05/31/2026,17:37:59,23.2,42
05/31/2026,17:42:59,23.2,41
05/31/2026,17:47:59,22.9,41.9
05/31/2026,17:52:59,22.9,42.3
05/31/2026,17:57:59,23.1,42.5
05/31/2026,18:02:59,22.9,42.7
05/31/2026,18:07:59,22.8,43.2
05/31/2026,18:12:59,22.6,43
05/31/2026,18:17:59,22.4,43.2
05/31/2026,18:22:59,22.4,43.3
05/31/2026,18:27:59,22.6,42.7
05/31/2026,18:32:59,22.6,42.4
05/31/2026,18:37:59,22.5,42.5
05/31/2026,18:42:59,22.2,42.9
05/31/2026,18:47:59,22.1,43.3
05/31/2026,18:52:59,22,43.6
05/31/2026,18:57:59,22.3,43.6
05/31/2026,19:02:59,22.3,43.3
05/31/2026,19:07:59,22.3,43.7
05/31/2026,19:12:59,22.2,44.2
05/31/2026,19:17:59,22,44.4
05/31/2026,19:22:59,22,44.8
05/31/2026,19:27:59,22.1,44.8
05/31/2026,19:32:59,22.2,44.3
05/31/2026,19:37:59,22.1,44.6
05/31/2026,19:42:59,22,44.8
05/31/2026,19:47:59,21.9,45.1
05/31/2026,19:52:59,21.9,45.3
05/31/2026,19:57:59,21.8,45.4
05/31/2026,20:02:59,21.7,45.7
05/31/2026,20:07:59,21.6,45.9
05/31/2026,20:12:59,21.5,46.3
05/31/2026,20:17:59,21.3,47
05/31/2026,20:22:59,21.2,47.7
05/31/2026,20:27:59,21.1,48.2
05/31/2026,20:32:59,21.1,48.6
05/31/2026,20:37:59,21,48.9
05/31/2026,20:42:59,20.9,49.4
05/31/2026,20:47:59,20.7,49.7
05/31/2026,20:52:59,20.5,50.2
05/31/2026,20:57:59,20.5,50.7
05/31/2026,21:02:59,20.3,51.1
05/31/2026,21:07:59,20.2,51.4
05/31/2026,21:12:59,20.1,51.9
05/31/2026,21:17:59,19.9,52.1
05/31/2026,21:22:59,19.9,52.4
05/31/2026,21:27:59,19.8,52.7
05/31/2026,21:32:59,19.8,52.9
05/31/2026,21:37:59,19.8,53.1
05/31/2026,21:42:59,19.7,53.3
05/31/2026,21:47:59,19.7,53.5
05/31/2026,21:52:59,19.6,53.7
05/31/2026,21:57:59,19.6,54.5
05/31/2026,22:02:59,19.5,54.6
05/31/2026,22:07:59,19.5,54.9
05/31/2026,22:12:59,19.4,54.9
05/31/2026,22:17:59,19.4,55.1
05/31/2026,22:22:59,19.4,55.5
05/31/2026,22:27:59,19.4,55.3
05/31/2026,22:32:59,19.3,55.4
05/31/2026,22:37:59,19.3,55.7
05/31/2026,22:42:59,19.2,56.2
05/31/2026,22:47:59,19.3,56.1
05/31/2026,22:52:59,19.2,56.1
05/31/2026,22:57:59,19.2,56.2
05/31/2026,23:02:59,19.1,56.2
05/31/2026,23:07:59,19,56.2
05/31/2026,23:12:59,19,56.4
05/31/2026,23:17:59,18.9,56.5
05/31/2026,23:22:59,18.9,56.7
05/31/2026,23:27:59,18.9,56.4
05/31/2026,23:32:59,18.8,57.2
05/31/2026,23:37:59,18.7,57.2
05/31/2026,23:42:59,18.6,57.8
05/31/2026,23:47:59,18.5,58
05/31/2026,23:52:59,18.4,58.6
05/31/2026,23:57:59,18.3,59.1
