Date,Time,Temperature(C),Humidity(%RH)
05/01/2026,00:04:36,16.1,41.4
05/01/2026,00:09:36,16.1,41.4
05/01/2026,00:14:36,16,41.6
05/01/2026,00:19:36,16,41.7
05/01/2026,00:24:36,16,41.7
05/01/2026,00:29:36,16,41.8
05/01/2026,00:34:36,16,42
05/01/2026,00:39:36,16,42
05/01/2026,00:44:36,16,42.1
05/01/2026,00:49:36,16,42.2
05/01/2026,00:54:36,16,42.2
05/01/2026,00:59:36,16,42.3
05/01/2026,01:04:36,15.9,42.3
05/01/2026,01:09:36,15.9,42.3
05/01/2026,01:14:36,15.9,42.4
05/01/2026,01:19:36,15.9,42.4
05/01/2026,01:24:36,16,42.4
05/01/2026,01:29:36,15.9,42.5
05/01/2026,01:34:36,15.9,42.5
05/01/2026,01:39:36,15.9,42.6
05/01/2026,01:44:36,15.9,42.6
05/01/2026,01:49:36,15.9,42.6
05/01/2026,01:54:36,15.9,42.7
05/01/2026,01:59:36,15.9,42.8
05/01/2026,02:04:36,15.9,42.9
05/01/2026,02:09:36,15.9,42.9
05/01/2026,02:14:36,15.9,43
05/01/2026,02:19:36,15.9,43.1
05/01/2026,02:24:36,15.9,43.1
05/01/2026,02:29:36,15.9,43.3
05/01/2026,02:34:36,15.9,43.3
05/01/2026,02:39:36,15.8,43.4
05/01/2026,02:44:36,15.8,43.5
05/01/2026,02:49:36,15.8,43.6
05/01/2026,02:54:36,15.9,43.6
05/01/2026,02:59:36,15.9,43.7
05/01/2026,03:04:36,15.8,43.7
05/01/2026,03:09:36,15.8,43.8
05/01/2026,03:14:36,15.8,43.9
05/01/2026,03:19:36,15.8,43.9
05/01/2026,03:24:36,15.8,44.1
05/01/2026,03:29:36,15.8,44.1
05/01/2026,03:34:36,15.8,44.1
05/01/2026,03:39:36,15.8,44.2
05/01/2026,03:44:36,15.8,44.2
05/01/2026,03:49:36,15.8,44.3
05/01/2026,03:54:36,15.8,44.3
05/01/2026,03:59:36,15.8,44.4
05/01/2026,04:04:36,15.7,44.4
05/01/2026,04:09:36,15.7,44.4
05/01/2026,04:14:36,15.7,44.5
05/01/2026,04:19:36,15.7,44.6
05/01/2026,04:24:36,15.7,44.6
05/01/2026,04:29:36,15.7,44.7
05/01/2026,04:34:36,15.7,44.8
05/01/2026,04:39:36,15.7,44.8
05/01/2026,04:44:36,15.7,44.9
05/01/2026,04:49:36,15.7,45
05/01/2026,04:54:36,15.6,45.1
05/01/2026,04:59:36,15.6,45.1
05/01/2026,05:04:36,15.6,45.1
05/01/2026,05:09:36,15.6,45.1
05/01/2026,05:14:36,15.6,45.1
05/01/2026,05:19:36,15.6,45.1
05/01/2026,05:24:36,15.6,45
05/01/2026,05:29:36,15.5,45
05/01/2026,05:34:36,15.5,44.9
05/01/2026,05:39:36,15.5,44.9
05/01/2026,05:44:36,15.5,44.8
05/01/2026,05:49:36,15.5,44.8
05/01/2026,05:54:36,15.5,44.7
05/01/2026,05:59:36,15.5,44.7
05/01/2026,06:04:36,15.5,44.6
05/01/2026,06:09:36,15.5,44.7
05/01/2026,06:14:36,15.5,44.7
05/01/2026,06:19:36,15.4,44.7
05/01/2026,06:24:36,15.4,44.8
05/01/2026,06:29:36,15.4,44.8
05/01/2026,06:34:36,15.4,44.9
05/01/2026,06:39:36,15.5,44.9
05/01/2026,06:44:36,15.5,44.9
05/01/2026,06:49:36,15.5,44.8
05/01/2026,06:54:36,15.5,44.8
05/01/2026,06:59:36,15.5,44.9
05/01/2026,07:04:36,15.5,45
05/01/2026,07:09:36,15.5,45.1
05/01/2026,07:14:36,15.5,45.1
05/01/2026,07:19:36,15.5,45.2
05/01/2026,07:24:36,15.5,45.2
05/01/2026,07:29:36,15.5,45.3
05/01/2026,07:34:36,15.5,45.3
05/01/2026,07:39:36,15.5,45.3
05/01/2026,07:44:36,15.5,45.3
05/01/2026,07:49:36,15.5,45.4
05/01/2026,07:54:36,15.6,45.4
05/01/2026,07:59:36,15.6,45.5
05/01/2026,08:04:36,15.6,45.5
05/01/2026,08:09:36,15.6,45.5
05/01/2026,08:14:36,15.6,45.6
05/01/2026,08:19:36,15.6,45.6
05/01/2026,08:24:36,15.6,45.7
05/01/2026,08:29:36,15.6,45.7
05/01/2026,08:34:36,15.7,45.7
05/01/2026,08:39:36,15.7,45.8
05/01/2026,08:44:36,15.7,45.8
05/01/2026,08:49:36,15.7,45.9
05/01/2026,08:54:36,15.7,46
05/01/2026,08:59:36,15.7,46.1
05/01/2026,09:04:36,15.8,46.2
05/01/2026,09:09:36,15.7,46.3
05/01/2026,09:14:36,15.8,46.5
05/01/2026,09:19:36,15.8,46.6
05/01/2026,09:24:36,15.8,46.7
05/01/2026,09:29:36,15.8,46.8
05/01/2026,09:34:36,15.8,46.9
05/01/2026,09:39:36,15.8,46.9
05/01/2026,09:44:36,15.9,47
05/01/2026,09:49:36,15.9,47
05/01/2026,09:54:36,15.9,47.1
05/01/2026,09:59:36,15.9,47.1
05/01/2026,10:04:36,15.9,47.1
05/01/2026,10:09:36,15.9,47.1
05/01/2026,10:14:36,16,47.2
05/01/2026,10:19:36,15.9,47.2
05/01/2026,10:24:36,16,47.2
05/01/2026,10:29:36,16,47.2
05/01/2026,10:34:36,16,47.2
05/01/2026,10:39:36,16.1,47.2
05/01/2026,10:44:36,16.1,47.3
05/01/2026,10:49:36,16.1,47.4
05/01/2026,10:54:36,16.1,47.4
05/01/2026,10:59:36,16.1,47.5
05/01/2026,11:04:36,16.1,47.5
05/01/2026,11:09:36,16.1,47.5
05/01/2026,11:14:36,16.2,47.5
05/01/2026,11:19:36,16.2,47.5
05/01/2026,11:24:36,16.2,47.5
05/01/2026,11:29:36,16.2,47.6
05/01/2026,11:34:36,16.2,47.6
05/01/2026,11:39:36,16.2,47.6
05/01/2026,11:44:36,16.3,47.5
05/01/2026,11:49:36,16.2,47.3
05/01/2026,11:54:36,16.3,47.2
05/01/2026,11:59:36,16.3,47.2
05/01/2026,12:04:36,16.3,47
05/01/2026,12:09:36,16.4,46.9
05/01/2026,12:14:36,16.4,46.9
05/01/2026,12:19:36,16.4,46.8
05/01/2026,12:24:36,16.4,46.6
05/01/2026,12:29:36,16.5,46.5
05/01/2026,12:34:36,16.5,46.4
05/01/2026,12:39:36,16.6,46.6
05/01/2026,12:44:36,16.6,46.5
05/01/2026,12:49:36,16.7,46.5
05/01/2026,12:54:36,16.7,46.4
05/01/2026,12:59:36,16.8,46.5
05/01/2026,13:04:36,16.9,46.4
05/01/2026,13:09:36,16.9,46.5
05/01/2026,13:14:36,17,46.6
05/01/2026,13:19:36,17,46.7
05/01/2026,13:24:36,17.1,46.7
05/01/2026,13:29:36,17.1,46.7
05/01/2026,13:34:36,17.1,46.6
05/01/2026,13:39:36,17.1,46.7
05/01/2026,13:44:36,17.1,46.7
05/01/2026,13:49:36,17.1,46.7
05/01/2026,13:54:36,17.1,46.7
05/01/2026,13:59:36,17.1,46.6
05/01/2026,14:04:36,17.2,46.6
05/01/2026,14:09:36,17.2,46.6
05/01/2026,14:14:36,17.2,46.6
05/01/2026,14:19:36,17.3,46.8
05/01/2026,14:24:36,17.3,46.9
05/01/2026,14:29:36,17.3,46.9
05/01/2026,14:34:36,17.3,47
05/01/2026,14:39:36,17.4,47.1
05/01/2026,14:44:36,17.9,52.1
05/01/2026,14:49:36,20.7,44.3
05/01/2026,14:58:08,22.4,49.2
05/01/2026,15:03:08,22.7,41
05/01/2026,15:08:08,22.1,41.4
05/01/2026,15:13:08,20.7,42.4
05/01/2026,15:18:08,19.7,43.5
05/01/2026,15:23:08,19.2,44.3
05/01/2026,15:28:08,18.8,45
05/01/2026,15:33:08,18.6,45.5
05/01/2026,15:38:08,18.5,45.9
05/01/2026,15:43:08,18.4,46.2
05/01/2026,15:48:08,18.3,46.4
05/01/2026,15:53:08,18.3,46.7
05/01/2026,15:58:08,18.2,46.9
05/01/2026,16:03:08,18.2,47
05/01/2026,16:08:08,18.1,47.2
05/01/2026,16:13:08,18.1,47.3
05/01/2026,16:18:08,18.1,47.5
05/01/2026,16:23:08,18.1,47.6
05/01/2026,16:28:08,18.1,47.7
05/01/2026,16:33:08,18.1,47.8
05/01/2026,16:38:08,18.1,47.9
05/01/2026,16:43:08,18.1,48.1
05/01/2026,16:48:08,18.2,48.2
05/01/2026,16:53:08,18.2,48.2
05/01/2026,16:58:08,18.2,48.4
05/01/2026,17:03:08,18.3,48.5
05/01/2026,17:08:08,18.3,48.6
05/01/2026,17:13:08,18.3,48.7
05/01/2026,17:18:08,18.3,48.8
05/01/2026,17:23:08,18.3,48.9
05/01/2026,17:28:08,18.3,49
05/01/2026,17:33:08,18.3,49
05/01/2026,17:38:08,18.3,49.1
05/01/2026,17:43:08,18.4,49.2
05/01/2026,17:48:08,18.4,49.2
05/01/2026,17:53:08,18.4,49.3
05/01/2026,17:58:08,18.4,49.4
05/01/2026,18:03:08,18.4,49.5
05/01/2026,18:08:08,18.4,49.6
05/01/2026,18:13:08,18.4,49.6
05/01/2026,18:18:08,18.4,49.7
05/01/2026,18:23:08,18.4,49.7
05/01/2026,18:28:08,18.4,49.8
05/01/2026,18:33:08,18.4,49.9
05/01/2026,18:38:08,18.4,50
05/01/2026,18:43:08,18.4,50.1
05/01/2026,18:48:08,18.5,50.2
05/01/2026,18:53:08,18.4,50.3
05/01/2026,18:58:08,18.5,50.5
05/01/2026,19:03:08,18.5,50.6
05/01/2026,19:08:08,18.5,50.9
05/01/2026,19:13:08,18.6,51.6
05/01/2026,19:18:08,18.6,51.9
05/01/2026,19:23:08,18.7,52.3
05/01/2026,19:28:08,18.8,52.5
05/01/2026,19:33:08,18.8,52.7
05/01/2026,19:38:08,18.8,53
05/01/2026,19:43:08,18.9,53.3
05/01/2026,19:48:08,19,53.5
05/01/2026,19:53:08,19,53.7
05/01/2026,19:58:08,19,54
05/01/2026,20:03:08,19,54.1
05/01/2026,20:08:08,19,54.2
05/01/2026,20:13:08,19,54.3
05/01/2026,20:18:08,19,54.4
05/01/2026,20:23:08,19,54.5
05/01/2026,20:28:08,19,54.5
05/01/2026,20:33:08,19,54.6
05/01/2026,20:38:08,19,54.7
05/01/2026,20:43:08,19,54.8
05/01/2026,20:48:08,19,54.9
05/01/2026,20:53:08,19,55
05/01/2026,20:58:08,19,55.1
05/01/2026,21:03:08,19,55.2
05/01/2026,21:08:08,19,55.3
05/01/2026,21:13:08,19,55.4
05/01/2026,21:18:08,18.9,55.5
05/01/2026,21:23:08,18.9,55.5
05/01/2026,21:28:08,18.9,55.6
05/01/2026,21:33:08,18.9,55.6
05/01/2026,21:38:08,18.9,55.8
05/01/2026,21:43:08,18.9,55.8
05/01/2026,21:48:08,18.9,55.9
05/01/2026,21:53:08,18.9,56
05/01/2026,21:58:08,18.9,56
05/01/2026,22:03:08,18.9,56.1
05/01/2026,22:08:08,18.9,56.2
05/01/2026,22:13:08,18.9,56.2
05/01/2026,22:18:08,18.9,56.3
05/01/2026,22:23:08,18.9,56.4
05/01/2026,22:28:08,18.9,56.5
05/01/2026,22:33:08,18.9,56.6
05/01/2026,22:38:08,18.9,56.8
05/01/2026,22:43:08,18.9,56.8
05/01/2026,22:48:08,18.9,56.9
05/01/2026,22:53:08,18.9,57.1
05/01/2026,22:58:08,18.9,57.1
05/01/2026,23:03:08,18.9,57.1
05/01/2026,23:08:08,18.9,57.2
05/01/2026,23:13:08,18.9,57.3
05/01/2026,23:18:08,18.9,57.3
05/01/2026,23:23:08,18.9,57.3
05/01/2026,23:28:08,18.9,57.4
05/01/2026,23:33:08,18.8,57.5
05/01/2026,23:38:08,18.8,57.5
05/01/2026,23:43:08,18.8,57.5
05/01/2026,23:48:08,18.8,57.6
05/01/2026,23:53:08,18.8,57.5
05/01/2026,23:58:08,18.8,57.5
05/02/2026,00:03:08,18.8,57.6
05/02/2026,00:08:08,18.8,57.6
05/02/2026,00:13:08,18.8,57.6
05/02/2026,00:18:08,18.8,57.6
05/02/2026,00:23:08,18.8,57.6
05/02/2026,00:28:08,18.8,57.6
05/02/2026,00:33:08,18.8,57.6
05/02/2026,00:38:08,18.7,57.7
05/02/2026,00:43:08,18.8,57.7
05/02/2026,00:48:08,18.8,57.7
05/02/2026,00:53:08,18.7,57.7
05/02/2026,00:58:08,18.7,57.7
05/02/2026,01:03:08,18.7,57.7
05/02/2026,01:08:08,18.7,57.7
05/02/2026,01:13:08,18.7,57.7
05/02/2026,01:18:08,18.7,57.7
05/02/2026,01:23:08,18.7,57.8
05/02/2026,01:28:08,18.7,57.8
05/02/2026,01:33:08,18.7,57.8
05/02/2026,01:38:08,18.7,57.8
05/02/2026,01:43:08,18.7,57.8
05/02/2026,01:48:08,18.7,57.9
05/02/2026,01:53:08,18.7,57.8
05/02/2026,01:58:08,18.7,57.8
05/02/2026,02:03:08,18.7,57.9
05/02/2026,02:08:08,18.7,57.9
05/02/2026,02:13:08,18.7,58
05/02/2026,02:18:08,18.7,58
05/02/2026,02:23:08,18.7,58
05/02/2026,02:28:08,18.7,58.2
05/02/2026,02:33:08,18.6,58.2
05/02/2026,02:38:08,18.6,58.1
05/02/2026,02:43:08,18.6,58.1
05/02/2026,02:48:08,18.6,58.1
05/02/2026,02:53:08,18.6,58.1
05/02/2026,02:58:08,18.6,58.1
05/02/2026,03:03:08,18.6,58.1
05/02/2026,03:08:08,18.6,58.2
05/02/2026,03:13:08,18.6,58.1
05/02/2026,03:18:08,18.6,58.2
05/02/2026,03:23:08,18.6,58.1
05/02/2026,03:28:08,18.6,58.2
05/02/2026,03:33:08,18.6,58.4
05/02/2026,03:38:08,18.6,58.5
05/02/2026,03:43:08,18.6,58.5
05/02/2026,03:48:08,18.6,58.5
05/02/2026,03:53:08,18.5,58.6
05/02/2026,03:58:08,18.5,58.7
05/02/2026,04:03:08,18.5,58.6
05/02/2026,04:08:08,18.5,58.6
05/02/2026,04:13:08,18.5,58.6
05/02/2026,04:18:08,18.5,58.7
05/02/2026,04:23:08,18.5,58.7
05/02/2026,04:28:08,18.5,58.7
05/02/2026,04:33:08,18.5,58.7
05/02/2026,04:38:08,18.5,58.7
05/02/2026,04:43:08,18.4,58.7
05/02/2026,04:48:08,18.4,58.7
05/02/2026,04:53:08,18.4,58.7
05/02/2026,04:58:08,18.4,58.8
05/02/2026,05:03:08,18.4,58.8
05/02/2026,05:08:08,18.4,58.7
05/02/2026,05:13:08,18.4,58.7
05/02/2026,05:18:08,18.3,58.7
05/02/2026,05:23:08,18.3,58.7
05/02/2026,05:28:08,18.3,58.7
05/02/2026,05:33:08,18.3,58.6
05/02/2026,05:38:08,18.3,58.6
05/02/2026,05:43:08,18.3,58.7
05/02/2026,05:48:08,18.3,58.7
05/02/2026,05:53:08,18.3,58.7
05/02/2026,05:58:08,18.3,58.7
05/02/2026,06:03:08,18.3,58.7
05/02/2026,06:08:08,18.3,58.7
05/02/2026,06:13:08,18.3,58.7
05/02/2026,06:18:08,18.3,58.8
05/02/2026,06:23:08,18.3,58.8
05/02/2026,06:28:08,18.3,58.8
05/02/2026,06:33:08,18.2,58.8
05/02/2026,06:38:08,18.2,58.8
05/02/2026,06:43:08,18.2,58.8
05/02/2026,06:48:08,18.2,58.8
05/02/2026,06:53:08,18.2,58.7
05/02/2026,06:58:08,18.2,58.7
05/02/2026,07:03:08,18.2,58.6
05/02/2026,07:08:08,18.2,58.6
05/02/2026,07:13:08,18.2,58.5
05/02/2026,07:18:08,18.2,58.4
05/02/2026,07:23:08,18.2,58.5
05/02/2026,07:28:08,18.2,58.4
05/02/2026,07:33:08,18.2,58.4
05/02/2026,07:38:08,18.2,58.3
05/02/2026,07:43:08,18.2,58.3
05/02/2026,07:48:08,18.2,58.2
05/02/2026,07:53:08,18.2,58.2
05/02/2026,07:58:08,18.2,58.2
05/02/2026,08:03:08,18.2,58.1
05/02/2026,08:08:08,18.2,58.1
05/02/2026,08:13:08,18.2,58.1
05/02/2026,08:18:08,18.2,58.1
05/02/2026,08:23:08,18.2,58.1
05/02/2026,08:28:08,18.2,58.1
05/02/2026,08:33:08,18.2,58.2
05/02/2026,08:38:08,18.2,58.2
05/02/2026,08:43:08,18.3,58.2
05/02/2026,08:48:08,18.3,58.2
05/02/2026,08:53:08,18.3,58.3
05/02/2026,08:58:08,18.3,58.4
05/02/2026,09:03:08,18.3,58.4
05/02/2026,09:08:08,18.3,58.5
05/02/2026,09:13:08,18.3,58.5
05/02/2026,09:18:08,18.3,58.6
05/02/2026,09:23:08,18.4,58.7
05/02/2026,09:28:08,18.4,58.7
05/02/2026,09:33:08,18.4,58.8
05/02/2026,09:38:08,18.5,58.9
05/02/2026,09:43:08,18.5,59.1
05/02/2026,09:48:08,18.5,59.2
05/02/2026,09:53:08,18.6,59.2
05/02/2026,09:58:08,18.6,59.2
05/02/2026,10:03:08,18.6,59.3
05/02/2026,10:08:08,18.7,59.4
05/02/2026,10:13:08,18.7,59.4
05/02/2026,10:18:08,18.7,59.5
05/02/2026,10:23:08,18.7,59.4
05/02/2026,10:28:08,18.7,59.4
05/02/2026,10:33:08,18.8,59.4
05/02/2026,10:38:08,18.8,59.4
05/02/2026,10:43:08,18.8,59.3
05/02/2026,10:48:08,18.8,59.3
05/02/2026,10:53:08,18.8,59.3
05/02/2026,10:58:08,18.8,59.3
05/02/2026,11:03:08,18.8,59.3
05/02/2026,11:08:08,18.8,59.3
05/02/2026,11:13:08,18.8,59.3
05/02/2026,11:18:08,18.7,59.2
05/02/2026,11:23:08,18.7,59.2
05/02/2026,11:28:08,18.7,59.2
05/02/2026,11:33:08,18.7,59.1
05/02/2026,11:38:08,18.7,59.2
05/02/2026,11:43:08,18.7,59.1
05/02/2026,11:48:08,18.7,59
05/02/2026,11:53:08,18.7,59
05/02/2026,11:58:08,18.8,59
05/02/2026,12:03:08,18.7,58.9
05/02/2026,12:08:08,18.7,58.9
05/02/2026,12:13:08,18.7,58.9
05/02/2026,12:18:08,18.7,58.9
05/02/2026,12:23:08,18.8,58.8
05/02/2026,12:28:08,18.8,58.7
05/02/2026,12:33:08,18.7,58.7
05/02/2026,12:38:08,18.8,58.7
05/02/2026,12:43:08,18.8,58.7
05/02/2026,12:48:08,18.8,58.7
05/02/2026,12:53:08,18.8,58.6
05/02/2026,12:58:08,18.8,58.5
05/02/2026,13:03:08,18.8,58.5
05/02/2026,13:08:08,18.8,58.5
05/02/2026,13:13:08,18.8,58.4
05/02/2026,13:18:08,18.8,58.4
05/02/2026,13:23:08,18.8,58.3
05/02/2026,13:28:08,18.8,58.3
05/02/2026,13:33:08,18.8,58.2
05/02/2026,13:38:08,18.8,58.2
05/02/2026,13:43:08,18.8,58.2
05/02/2026,13:48:08,18.9,58.2
05/02/2026,13:53:08,18.8,58.3
05/02/2026,13:58:08,18.9,58.3
05/02/2026,14:03:08,18.9,58.3
05/02/2026,14:08:08,18.9,58.3
05/02/2026,14:13:08,18.9,58.3
05/02/2026,14:18:08,19,58.3
05/02/2026,14:23:08,19,58.4
05/02/2026,14:28:08,19,58.3
05/02/2026,14:33:08,19,58.3
05/02/2026,14:38:08,19,58.3
05/02/2026,14:43:08,19.1,58.3
05/02/2026,14:48:08,19.1,58.3
05/02/2026,14:53:08,19.1,58.3
05/02/2026,14:58:08,19.1,58.2
05/02/2026,15:03:08,19.2,58.2
05/02/2026,15:08:08,19.2,58
05/02/2026,15:13:08,19.2,57.8
05/02/2026,15:18:08,19.2,57.7
05/02/2026,15:23:08,19.2,57.6
05/02/2026,15:28:08,19.2,57.5
05/02/2026,15:33:08,19.3,57.5
05/02/2026,15:38:08,19.3,57.4
05/02/2026,15:43:08,19.4,57.4
05/02/2026,15:48:08,19.4,57.3
05/02/2026,15:53:08,19.4,57.3
05/02/2026,15:58:08,19.4,57.2
05/02/2026,16:03:08,19.4,57.2
05/02/2026,16:08:08,19.5,57.1
05/02/2026,16:13:08,19.5,57.1
05/02/2026,16:18:08,19.5,57.1
05/02/2026,16:23:08,19.5,57
05/02/2026,16:28:08,19.5,56.9
05/02/2026,16:33:08,19.5,56.8
05/02/2026,16:38:08,19.5,56.7
05/02/2026,16:43:08,19.5,56.7
05/02/2026,16:48:08,19.5,56.6
05/02/2026,16:53:08,19.6,56.5
05/02/2026,16:58:08,19.6,56.4
05/02/2026,17:03:08,19.6,56.4
05/02/2026,17:08:08,19.6,56.4
05/02/2026,17:13:08,19.6,56.3
05/02/2026,17:18:08,19.6,56.3
05/02/2026,17:23:08,19.6,56.2
05/02/2026,17:28:08,19.6,56.1
05/02/2026,17:33:08,19.6,56
05/02/2026,17:38:08,19.6,56
05/02/2026,17:43:08,19.6,55.9
05/02/2026,17:48:08,19.6,55.8
05/02/2026,17:53:08,19.6,55.6
05/02/2026,17:58:08,19.6,55.6
05/02/2026,18:03:08,19.6,55.6
05/02/2026,18:08:08,19.6,56
05/02/2026,18:13:08,19.7,56.2
05/02/2026,18:18:08,19.7,56
05/02/2026,18:23:08,19.8,56.1
05/02/2026,18:28:08,19.8,56.3
05/02/2026,18:33:08,19.8,56.5
05/02/2026,18:38:08,19.9,56.7
05/02/2026,18:43:08,19.9,56.8
05/02/2026,18:48:08,20,57.1
05/02/2026,18:53:08,20,57.3
05/02/2026,18:58:08,20,57.2
05/02/2026,19:03:08,20,57.2
05/02/2026,19:08:08,20,57
05/02/2026,19:13:08,20,57
05/02/2026,19:18:08,19.9,57.1
05/02/2026,19:23:08,19.9,57.2
05/02/2026,19:28:08,19.9,57.3
05/02/2026,19:33:08,19.9,57.4
05/02/2026,19:38:08,19.9,58.6
05/02/2026,19:43:08,20,58.7
05/02/2026,19:48:08,20,58.9
05/02/2026,19:53:08,20,59.4
05/02/2026,19:58:08,20.1,59.5
05/02/2026,20:03:08,20.1,59.7
05/02/2026,20:08:08,20.1,60
05/02/2026,20:13:08,20.1,60.4
05/02/2026,20:18:08,20.2,60.7
05/02/2026,20:23:08,20.2,60.8
05/02/2026,20:28:08,20.2,60.9
05/02/2026,20:33:08,20.2,61.2
05/02/2026,20:38:08,20.1,61.3
05/02/2026,20:43:08,20.2,61.5
05/02/2026,20:48:08,20.1,61.7
05/02/2026,20:53:08,20.1,61.8
05/02/2026,20:58:08,20.1,61.9
05/02/2026,21:03:08,20.1,62
05/02/2026,21:08:08,20.1,62.1
05/02/2026,21:13:08,20.1,61.9
05/02/2026,21:18:08,20.1,62.1
05/02/2026,21:23:08,20.1,62.3
05/02/2026,21:28:08,20.1,62.3
05/02/2026,21:33:08,20.1,62.3
05/02/2026,21:38:08,20.1,62.3
05/02/2026,21:43:08,20.1,62.3
05/02/2026,21:48:08,20,62.3
05/02/2026,21:53:08,20,62.3
05/02/2026,21:58:08,20,62.3
05/02/2026,22:03:08,20,62.2
05/02/2026,22:08:08,20,62.1
05/02/2026,22:13:08,20,62.1
05/02/2026,22:18:08,19.9,62.1
05/02/2026,22:23:08,19.9,62
05/02/2026,22:28:08,19.9,61.9
05/02/2026,22:33:08,19.9,61.9
05/02/2026,22:38:08,19.9,61.9
05/02/2026,22:43:08,19.9,61.9
05/02/2026,22:48:08,19.9,61.8
05/02/2026,22:53:08,19.8,61.8
05/02/2026,22:58:08,19.8,61.7
05/02/2026,23:03:08,19.8,61.7
05/02/2026,23:08:08,19.8,61.6
05/02/2026,23:13:08,19.8,61.6
05/02/2026,23:18:08,19.8,61.5
05/02/2026,23:23:08,19.8,61.4
05/02/2026,23:28:08,19.7,61.3
05/02/2026,23:33:08,19.7,61.3
05/02/2026,23:38:08,19.7,61.3
05/02/2026,23:43:08,19.7,61.2
05/02/2026,23:48:08,19.7,61.2
05/02/2026,23:53:08,19.7,61.2
05/02/2026,23:58:08,19.7,61.1
05/03/2026,00:03:08,19.7,61.1
05/03/2026,00:08:08,19.7,61
05/03/2026,00:13:08,19.6,60.9
05/03/2026,00:18:08,19.6,60.9
05/03/2026,00:23:08,19.6,60.8
05/03/2026,00:28:08,19.6,60.7
05/03/2026,00:33:08,19.6,60.7
05/03/2026,00:38:08,19.6,60.6
05/03/2026,00:43:08,19.6,60.6
05/03/2026,00:48:08,19.6,60.5
05/03/2026,00:53:08,19.5,60.4
05/03/2026,00:58:08,19.5,60.4
05/03/2026,01:03:08,19.5,60.3
05/03/2026,01:08:08,19.5,60.3
05/03/2026,01:13:08,19.5,60.2
05/03/2026,01:18:08,19.5,60.1
05/03/2026,01:23:08,19.5,60.1
05/03/2026,01:28:08,19.5,60
05/03/2026,01:33:08,19.5,60
05/03/2026,01:38:08,19.4,59.9
05/03/2026,01:43:08,19.4,59.9
05/03/2026,01:48:08,19.4,59.8
05/03/2026,01:53:08,19.4,59.8
05/03/2026,01:58:08,19.4,59.7
05/03/2026,02:03:08,19.4,59.7
05/03/2026,02:08:08,19.4,59.6
05/03/2026,02:13:08,19.4,59.6
05/03/2026,02:18:08,19.4,59.6
05/03/2026,02:23:08,19.4,59.5
05/03/2026,02:28:08,19.4,59.4
05/03/2026,02:33:08,19.3,59.4
05/03/2026,02:38:08,19.3,59.3
05/03/2026,02:43:08,19.3,59.3
05/03/2026,02:48:08,19.3,59.2
05/03/2026,02:53:08,19.3,59.2
05/03/2026,02:58:08,19.3,59.1
05/03/2026,03:03:08,19.3,59.1
05/03/2026,03:08:08,19.3,59.1
05/03/2026,03:13:08,19.2,59
05/03/2026,03:18:08,19.2,59
05/03/2026,03:23:08,19.2,58.9
05/03/2026,03:28:08,19.2,58.9
05/03/2026,03:33:08,19.2,58.9
05/03/2026,03:38:08,19.2,58.8
05/03/2026,03:43:08,19.2,58.8
05/03/2026,03:48:08,19.2,58.8
05/03/2026,03:53:08,19.2,58.7
05/03/2026,03:58:08,19.2,58.7
05/03/2026,04:03:08,19.1,58.6
05/03/2026,04:08:08,19.2,58.6
05/03/2026,04:13:08,19.1,58.6
05/03/2026,04:18:08,19.1,58.5
05/03/2026,04:23:08,19.1,58.5
05/03/2026,04:28:08,19.1,58.5
05/03/2026,04:33:08,19.1,58.5
05/03/2026,04:38:08,19.1,58.4
05/03/2026,04:43:08,19.1,58.4
05/03/2026,04:48:08,19.1,58.4
05/03/2026,04:53:08,19.1,58.4
05/03/2026,04:58:08,19.1,58.3
05/03/2026,05:03:08,19,58.3
05/03/2026,05:08:08,19,58.3
05/03/2026,05:13:08,19,58.3
05/03/2026,05:18:08,19,58.2
05/03/2026,05:23:08,19,58.2
05/03/2026,05:28:08,19,58.2
05/03/2026,05:33:08,19,58.1
05/03/2026,05:38:08,19,58.2
05/03/2026,05:43:08,18.9,58.1
05/03/2026,05:48:08,18.9,58
05/03/2026,05:53:08,18.9,58.1
05/03/2026,05:58:08,18.9,58
05/03/2026,06:03:08,18.9,58
05/03/2026,06:08:08,18.9,58
05/03/2026,06:13:08,18.9,58
05/03/2026,06:18:08,18.9,58
05/03/2026,06:23:08,18.9,58
05/03/2026,06:28:08,18.9,58
05/03/2026,06:33:08,18.9,57.9
05/03/2026,06:38:08,18.8,58
05/03/2026,06:43:08,18.8,58
05/03/2026,06:48:08,18.8,57.9
05/03/2026,06:53:08,18.8,57.9
05/03/2026,06:58:08,18.8,57.9
05/03/2026,07:03:08,18.8,57.8
05/03/2026,07:08:08,18.8,57.8
05/03/2026,07:13:08,18.8,57.8
05/03/2026,07:18:08,18.8,57.8
05/03/2026,07:23:08,18.8,57.8
05/03/2026,07:28:08,18.7,57.8
05/03/2026,07:33:08,18.7,57.8
05/03/2026,07:38:08,18.7,57.8
05/03/2026,07:43:08,18.7,57.8
05/03/2026,07:48:08,18.7,57.9
05/03/2026,07:53:08,18.7,57.9
05/03/2026,07:58:08,18.7,57.9
05/03/2026,08:03:08,18.7,58
05/03/2026,08:08:08,18.7,58.2
05/03/2026,08:13:08,18.8,58.5
05/03/2026,08:18:08,18.8,58.7
05/03/2026,08:23:08,18.8,58.9
05/03/2026,08:28:08,18.9,59.2
05/03/2026,08:33:08,18.9,59.5
05/03/2026,08:38:08,19,59.6
05/03/2026,08:43:08,19,59.8
05/03/2026,08:48:08,19.1,60.1
05/03/2026,08:53:08,19.1,60.5
05/03/2026,08:58:08,19.2,60.5
05/03/2026,09:03:08,19.2,60.5
05/03/2026,09:08:08,19.2,60.5
05/03/2026,09:13:08,19.2,60.5
05/03/2026,09:18:08,19.2,60.4
05/03/2026,09:23:08,19.2,60.5
05/03/2026,09:28:08,19.2,60.5
05/03/2026,09:33:08,19.2,60.6
05/03/2026,09:38:08,19.2,60.9
05/03/2026,09:43:08,19.2,61.1
05/03/2026,09:48:08,19.3,61.2
05/03/2026,09:53:08,19.3,61.1
05/03/2026,09:58:08,19.3,61.3
05/03/2026,10:03:08,19.3,61.5
05/03/2026,10:08:08,19.4,61.7
05/03/2026,10:13:08,19.4,61.9
05/03/2026,10:18:08,19.5,62
05/03/2026,10:23:08,19.5,62.2
05/03/2026,10:28:08,19.6,62.2
05/03/2026,10:33:08,19.6,62.4
05/03/2026,10:38:08,19.6,62.6
05/03/2026,10:43:08,19.7,62.8
05/03/2026,10:48:08,19.7,62.9
05/03/2026,10:53:08,19.8,62.9
05/03/2026,10:58:08,19.8,62.8
05/03/2026,11:03:08,19.8,62.6
05/03/2026,11:08:08,19.8,62.5
05/03/2026,11:13:08,19.8,62.5
05/03/2026,11:18:08,19.8,62.5
05/03/2026,11:23:08,19.8,62.7
05/03/2026,11:28:08,19.8,63.5
05/03/2026,11:33:08,19.8,63.8
05/03/2026,11:38:08,19.9,63.6
05/03/2026,11:43:08,19.9,63.7
05/03/2026,11:48:08,19.9,63.9
05/03/2026,11:53:08,19.9,64.1
05/03/2026,11:58:08,20,64.2
05/03/2026,12:03:08,20.1,64.2
05/03/2026,12:08:08,20.1,64.2
05/03/2026,12:13:08,20.1,64.3
05/03/2026,12:18:08,20.2,64.4
05/03/2026,12:23:08,20.2,64.6
05/03/2026,12:28:08,20.3,64.6
05/03/2026,12:33:08,20.3,64.7
05/03/2026,12:38:08,20.3,63.8
05/03/2026,12:43:08,20.3,64
05/03/2026,12:48:08,20.3,63.9
05/03/2026,12:53:08,20.2,63
05/03/2026,12:58:08,20.2,62.3
05/03/2026,13:03:08,20.1,62.3
05/03/2026,13:08:08,20,62.4
05/03/2026,13:13:08,20,62.3
05/03/2026,13:18:08,19.9,61.6
05/03/2026,13:23:08,19.9,61.5
05/03/2026,13:28:08,19.8,61.2
05/03/2026,13:33:08,19.8,61.4
05/03/2026,13:38:08,19.8,61.1
05/03/2026,13:43:08,19.8,60.9
05/03/2026,13:48:08,19.7,60.7
05/03/2026,13:53:08,19.7,61
05/03/2026,13:58:08,19.7,60.8
05/03/2026,14:03:08,19.7,60.9
05/03/2026,14:08:08,19.7,61
05/03/2026,14:13:08,19.6,60.9
05/03/2026,14:18:08,19.7,61
05/03/2026,14:23:08,19.6,60.8
05/03/2026,14:28:08,19.6,60.7
05/03/2026,14:33:08,19.6,60.6
05/03/2026,14:38:08,19.6,60.5
05/03/2026,14:43:08,19.6,60.4
05/03/2026,14:48:08,19.6,60.3
05/03/2026,14:53:08,19.5,60.3
05/03/2026,14:58:08,19.6,60.2
05/03/2026,15:03:08,19.6,60.1
05/03/2026,15:08:08,19.6,60.1
05/03/2026,15:13:08,19.6,60.2
05/03/2026,15:18:08,19.6,60.2
05/03/2026,15:23:08,19.6,60.2
05/03/2026,15:28:08,19.5,60
05/03/2026,15:33:08,19.5,59.8
05/03/2026,15:38:08,19.5,59.8
05/03/2026,15:43:08,19.5,59.8
05/03/2026,15:48:08,19.5,59.5
05/03/2026,15:53:08,19.5,59.3
05/03/2026,15:58:08,19.5,59.2
05/03/2026,16:03:08,19.5,59.2
05/03/2026,16:08:08,19.5,59.1
05/03/2026,16:13:08,19.4,59
05/03/2026,16:18:08,19.4,59.1
05/03/2026,16:23:08,19.4,59
05/03/2026,16:28:08,19.4,58.9
05/03/2026,16:33:08,19.4,58.9
05/03/2026,16:38:08,19.4,58.8
05/03/2026,16:43:08,19.4,58.7
05/03/2026,16:48:08,19.4,58.7
05/03/2026,16:53:08,19.3,58.6
05/03/2026,16:58:08,19.4,58.6
05/03/2026,17:03:08,19.3,58.6
05/03/2026,17:08:08,19.3,58.5
05/03/2026,17:13:08,19.3,58.5
05/03/2026,17:18:08,19.3,58.5
05/03/2026,17:23:08,19.3,58.6
05/03/2026,17:28:08,19.3,58.6
05/03/2026,17:33:08,19.3,58.6
05/03/2026,17:38:08,19.3,58.7
05/03/2026,17:43:08,19.3,58.6
05/03/2026,17:48:08,19.3,58.5
05/03/2026,17:53:08,19.3,58.7
05/03/2026,17:58:08,19.3,58.6
05/03/2026,18:03:08,19.2,58.6
05/03/2026,18:08:08,19.2,58.6
05/03/2026,18:13:08,19.3,58.6
05/03/2026,18:18:08,19.2,58.6
05/03/2026,18:23:08,19.2,58.5
05/03/2026,18:28:08,19.2,58.4
05/03/2026,18:33:08,19.2,58.5
05/03/2026,18:38:08,19.2,58.4
05/03/2026,18:43:08,19.2,58.4
05/03/2026,18:48:08,19.2,58.4
05/03/2026,18:53:08,19.2,58.4
05/03/2026,18:58:08,19.2,58.3
05/03/2026,19:03:08,19.1,58.4
05/03/2026,19:08:08,19.1,58.3
05/03/2026,19:13:08,19.2,58.3
05/03/2026,19:18:08,19.2,58.3
05/03/2026,19:23:08,19.1,58.3
05/03/2026,19:28:08,19.1,58.3
05/03/2026,19:33:08,19.1,58.2
05/03/2026,19:38:08,19.1,58.2
05/03/2026,19:43:08,19.1,58.1
05/03/2026,19:48:08,19.1,58.1
05/03/2026,19:53:08,19.1,58
05/03/2026,19:58:08,19,58
05/03/2026,20:03:08,19.1,58
05/03/2026,20:08:08,19,58
05/03/2026,20:13:08,19,57.9
05/03/2026,20:18:08,19,57.9
05/03/2026,20:23:08,19,57.8
05/03/2026,20:28:08,19,57.9
05/03/2026,20:33:08,19,57.9
05/03/2026,20:38:08,19,57.8
05/03/2026,20:43:08,19,57.9
05/03/2026,20:48:08,19,57.9
05/03/2026,20:53:08,18.9,57.9
05/03/2026,20:58:08,18.9,57.8
05/03/2026,21:03:08,18.9,57.9
05/03/2026,21:08:08,18.9,57.9
05/03/2026,21:13:08,18.9,57.9
05/03/2026,21:18:08,18.9,57.9
05/03/2026,21:23:08,18.9,57.9
05/03/2026,21:28:08,18.9,57.9
05/03/2026,21:33:08,18.8,57.9
05/03/2026,21:38:08,18.8,57.9
05/03/2026,21:43:08,18.8,57.9
05/03/2026,21:48:08,18.8,57.9
05/03/2026,21:53:08,18.8,57.9
05/03/2026,21:58:08,18.8,58
05/03/2026,22:03:08,18.8,58
05/03/2026,22:08:08,18.8,58.1
05/03/2026,22:13:08,18.8,58.1
05/03/2026,22:18:08,18.7,58.2
05/03/2026,22:23:08,18.7,58.3
05/03/2026,22:28:08,18.7,58.3
05/03/2026,22:33:08,18.7,58.4
05/03/2026,22:38:08,18.7,58.5
05/03/2026,22:43:08,18.7,58.5
05/03/2026,22:48:08,18.7,58.6
05/03/2026,22:53:08,18.7,58.7
05/03/2026,22:58:08,18.7,58.7
05/03/2026,23:03:08,18.7,58.8
05/03/2026,23:08:08,18.7,58.9
05/03/2026,23:13:08,18.6,58.9
05/03/2026,23:18:08,18.6,59
05/03/2026,23:23:08,18.6,59.1
05/03/2026,23:28:08,18.6,59.1
05/03/2026,23:33:08,18.6,59.1
05/03/2026,23:38:08,18.6,59.2
05/03/2026,23:43:08,18.6,59.2
05/03/2026,23:48:08,18.5,59.3
05/03/2026,23:53:08,18.5,59.4
05/03/2026,23:58:08,18.6,59.4
05/04/2026,00:03:08,18.5,59.5
05/04/2026,00:08:08,18.5,59.5
05/04/2026,00:13:08,18.5,59.6
05/04/2026,00:18:08,18.5,59.6
05/04/2026,00:23:08,18.4,59.7
05/04/2026,00:28:08,18.5,59.7
05/04/2026,00:33:08,18.4,59.7
05/04/2026,00:38:08,18.4,59.7
05/04/2026,00:43:08,18.4,59.7
05/04/2026,00:48:08,18.4,59.7
05/04/2026,00:53:08,18.4,59.8
05/04/2026,00:58:08,18.4,59.8
05/04/2026,01:03:08,18.4,59.7
05/04/2026,01:08:08,18.3,59.7
05/04/2026,01:13:08,18.4,59.7
05/04/2026,01:18:08,18.3,59.7
05/04/2026,01:23:08,18.3,59.7
05/04/2026,01:28:08,18.3,59.7
05/04/2026,01:33:08,18.3,59.7
05/04/2026,01:38:08,18.3,59.7
05/04/2026,01:43:08,18.3,59.7
05/04/2026,01:48:08,18.3,59.7
05/04/2026,01:53:08,18.2,59.7
05/04/2026,01:58:08,18.2,59.7
05/04/2026,02:03:08,18.2,59.7
05/04/2026,02:08:08,18.2,59.7
05/04/2026,02:13:08,18.2,59.7
05/04/2026,02:18:08,18.2,59.7
05/04/2026,02:23:08,18.2,59.8
05/04/2026,02:28:08,18.2,59.8
05/04/2026,02:33:08,18.1,59.8
05/04/2026,02:38:08,18.1,59.8
05/04/2026,02:43:08,18.1,59.8
05/04/2026,02:48:08,18.1,59.8
05/04/2026,02:53:08,18.1,59.9
05/04/2026,02:58:08,18.1,59.9
05/04/2026,03:03:08,18.1,59.9
05/04/2026,03:08:08,18.1,59.9
05/04/2026,03:13:08,18.1,59.9
05/04/2026,03:18:08,18.1,59.9
05/04/2026,03:23:08,18.1,59.9
05/04/2026,03:28:08,18,59.9
05/04/2026,03:33:08,18,59.9
05/04/2026,03:38:08,18,59.9
05/04/2026,03:43:08,18,59.9
05/04/2026,03:48:08,18,59.9
05/04/2026,03:53:08,18,60
05/04/2026,03:58:08,18,60
05/04/2026,04:03:08,18,60
05/04/2026,04:08:08,18,60.1
05/04/2026,04:13:08,18,60.1
05/04/2026,04:18:08,18,60.1
05/04/2026,04:23:08,17.9,60.1
05/04/2026,04:28:08,17.9,60.1
05/04/2026,04:33:08,17.9,60.1
05/04/2026,04:38:08,17.9,60.1
05/04/2026,04:43:08,17.9,60.1
05/04/2026,04:48:08,17.9,60
05/04/2026,04:53:08,17.9,60
05/04/2026,04:58:08,17.9,60
05/04/2026,05:03:08,17.8,60
05/04/2026,05:08:08,17.8,60
05/04/2026,05:13:08,17.8,60
05/04/2026,05:18:08,17.8,60
05/04/2026,05:23:08,17.8,60
05/04/2026,05:28:08,17.8,60
05/04/2026,05:33:08,17.8,59.9
05/04/2026,05:38:08,17.8,59.9
05/04/2026,05:43:08,17.8,59.9
05/04/2026,05:48:08,17.8,59.9
05/04/2026,05:53:08,17.7,59.9
05/04/2026,05:58:08,17.7,59.9
05/04/2026,06:03:08,17.7,59.9
05/04/2026,06:08:08,17.7,59.9
05/04/2026,06:13:08,17.7,59.9
05/04/2026,06:18:08,17.7,59.9
05/04/2026,06:23:08,17.7,59.9
05/04/2026,06:28:08,17.7,59.9
05/04/2026,06:33:08,17.7,59.9
05/04/2026,06:38:08,17.7,60
05/04/2026,06:43:08,17.7,59.9
05/04/2026,06:48:08,17.7,59.8
05/04/2026,06:53:08,17.7,59.8
05/04/2026,06:58:08,17.7,59.8
05/04/2026,07:03:08,17.7,59.8
05/04/2026,07:08:08,17.7,59.7
05/04/2026,07:13:08,17.7,59.7
05/04/2026,07:18:08,17.7,59.7
05/04/2026,07:23:08,17.7,59.7
05/04/2026,07:28:08,17.7,59.7
05/04/2026,07:33:08,17.7,59.7
05/04/2026,07:38:08,17.7,59.7
05/04/2026,07:43:08,17.7,59.7
05/04/2026,07:48:08,17.7,59.7
05/04/2026,07:53:08,17.7,59.7
05/04/2026,07:58:08,17.7,59.7
05/04/2026,08:03:08,17.7,59.7
05/04/2026,08:08:08,17.7,59.7
05/04/2026,08:13:08,17.7,59.7
05/04/2026,08:18:08,17.7,59.6
05/04/2026,08:23:08,17.7,59.7
05/04/2026,08:28:08,17.6,59.7
05/04/2026,08:33:08,17.7,59.7
05/04/2026,08:38:08,17.7,59.6
05/04/2026,08:43:08,17.6,59.6
05/04/2026,08:48:08,17.7,59.6
05/04/2026,08:53:08,17.6,59.6
05/04/2026,08:58:08,17.7,59.6
05/04/2026,09:03:08,17.6,59.6
05/04/2026,09:08:08,17.7,59.7
05/04/2026,09:13:08,17.7,59.7
05/04/2026,09:18:08,17.7,59.7
05/04/2026,09:23:08,17.7,59.6
05/04/2026,09:28:08,17.7,59.6
05/04/2026,09:33:08,17.6,59.6
05/04/2026,09:38:08,17.7,59.7
05/04/2026,09:43:08,17.7,59.8
05/04/2026,09:48:08,17.7,59.8
05/04/2026,09:53:08,17.7,59.9
05/04/2026,09:58:08,17.8,60
05/04/2026,10:03:08,17.8,60
05/04/2026,10:08:08,17.8,60
05/04/2026,10:13:08,17.8,60
05/04/2026,10:18:08,17.8,60
05/04/2026,10:23:08,17.8,60
05/04/2026,10:28:08,17.8,60
05/04/2026,10:33:08,17.8,60
05/04/2026,10:38:08,17.8,60
05/04/2026,10:43:08,17.8,60
05/04/2026,10:48:08,17.8,59.9
05/04/2026,10:53:08,17.8,60
05/04/2026,10:58:08,17.8,60
05/04/2026,11:03:08,17.8,60
05/04/2026,11:08:08,17.8,60
05/04/2026,11:13:08,17.7,59.9
05/04/2026,11:18:08,17.8,60
05/04/2026,11:23:08,17.7,59.9
05/04/2026,11:28:08,17.7,59.9
05/04/2026,11:33:08,17.7,59.9
05/04/2026,11:38:08,17.7,59.9
05/04/2026,11:43:08,17.7,59.9
05/04/2026,11:48:08,17.7,59.9
05/04/2026,11:53:08,17.7,59.9
05/04/2026,11:58:08,17.7,59.9
05/04/2026,12:03:08,17.7,59.8
05/04/2026,12:08:08,17.7,59.9
05/04/2026,12:13:08,17.7,59.9
05/04/2026,12:18:08,17.7,59.8
05/04/2026,12:23:08,17.7,59.8
05/04/2026,12:28:08,17.7,59.8
05/04/2026,12:33:08,17.6,59.8
05/04/2026,12:38:08,17.7,59.8
05/04/2026,12:43:08,17.6,59.8
05/04/2026,12:48:08,17.7,59.8
05/04/2026,12:53:08,17.6,59.8
05/04/2026,12:58:08,17.6,59.8
05/04/2026,13:03:08,17.6,59.8
05/04/2026,13:08:08,17.6,59.8
05/04/2026,13:13:08,17.6,59.7
05/04/2026,13:18:08,17.6,59.7
05/04/2026,13:23:08,17.6,59.8
05/04/2026,13:28:08,17.6,59.7
05/04/2026,13:33:08,17.6,59.8
05/04/2026,13:38:08,17.6,59.7
05/04/2026,13:43:08,17.6,59.8
05/04/2026,13:48:08,17.6,59.7
05/04/2026,13:53:08,17.6,59.7
05/04/2026,13:58:08,17.6,59.7
05/04/2026,14:03:08,17.6,59.7
05/04/2026,14:08:08,17.6,59.7
05/04/2026,14:13:08,17.5,59.7
05/04/2026,14:18:08,17.6,59.7
05/04/2026,14:23:08,17.5,59.7
05/04/2026,14:28:08,17.5,59.6
05/04/2026,14:33:08,17.5,59.6
05/04/2026,14:38:08,17.5,59.6
05/04/2026,14:43:08,17.5,59.6
05/04/2026,14:48:08,17.5,59.7
05/04/2026,14:53:08,17.5,59.6
05/04/2026,14:58:08,17.5,59.6
05/04/2026,15:03:08,17.5,59.6
05/04/2026,15:08:08,17.5,59.6
05/04/2026,15:13:08,17.5,59.6
05/04/2026,15:18:08,17.5,59.7
05/04/2026,15:23:08,17.5,59.6
05/04/2026,15:28:08,17.5,59.6
05/04/2026,15:33:08,17.5,59.6
05/04/2026,15:38:08,17.5,59.6
05/04/2026,15:43:08,17.5,59.6
05/04/2026,15:48:08,17.5,59.6
05/04/2026,15:53:08,17.5,59.6
05/04/2026,15:58:08,17.5,59.6
05/04/2026,16:03:08,17.5,59.6
05/04/2026,16:08:08,17.5,59.6
05/04/2026,16:13:08,17.5,59.6
05/04/2026,16:18:08,17.4,59.6
05/04/2026,16:23:08,17.4,59.6
05/04/2026,16:28:08,17.5,59.6
05/04/2026,16:33:08,17.4,59.6
05/04/2026,16:38:08,17.5,59.6
05/04/2026,16:43:08,17.5,59.6
05/04/2026,16:48:08,17.4,59.6
05/04/2026,16:53:08,17.5,59.6
05/04/2026,16:58:08,17.4,59.6
05/04/2026,17:03:08,17.4,59.6
05/04/2026,17:08:08,17.5,59.6
05/04/2026,17:13:08,17.4,59.6
05/04/2026,17:18:08,17.4,59.6
05/04/2026,17:23:08,17.4,59.6
05/04/2026,17:28:08,17.4,59.6
05/04/2026,17:33:08,17.4,59.6
05/04/2026,17:38:08,17.4,59.6
05/04/2026,17:43:08,17.4,59.6
05/04/2026,17:48:08,17.4,59.6
05/04/2026,17:53:08,17.4,59.6
05/04/2026,17:58:08,17.4,59.6
05/04/2026,18:03:08,17.4,59.7
05/04/2026,18:08:08,17.4,59.7
05/04/2026,18:13:08,17.4,59.7
05/04/2026,18:18:08,17.4,59.6
05/04/2026,18:23:08,17.4,59.6
05/04/2026,18:28:08,17.4,59.6
05/04/2026,18:33:08,17.4,59.6
05/04/2026,18:38:08,17.4,59.6
05/04/2026,18:43:08,17.4,59.6
05/04/2026,18:48:08,17.4,59.6
05/04/2026,18:53:08,17.3,59.6
05/04/2026,18:58:08,17.3,59.6
05/04/2026,19:03:08,17.3,59.6
05/04/2026,19:08:08,17.4,59.6
05/04/2026,19:13:08,17.3,59.6
05/04/2026,19:18:08,17.3,59.6
05/04/2026,19:23:08,17.3,59.6
05/04/2026,19:28:08,17.3,59.6
05/04/2026,19:33:08,17.3,59.6
05/04/2026,19:38:08,17.3,59.6
05/04/2026,19:43:08,17.3,59.6
05/04/2026,19:48:08,17.3,59.6
05/04/2026,19:53:08,17.3,59.6
05/04/2026,19:58:08,17.3,59.6
05/04/2026,20:03:08,17.3,59.6
05/04/2026,20:08:08,17.3,59.6
05/04/2026,20:13:08,17.3,59.6
05/04/2026,20:18:08,17.3,59.5
05/04/2026,20:23:08,17.3,59.6
05/04/2026,20:28:08,17.2,59.6
05/04/2026,20:33:08,17.2,59.6
05/04/2026,20:38:08,17.2,59.6
05/04/2026,20:43:08,17.2,59.6
05/04/2026,20:48:08,17.2,59.6
05/04/2026,20:53:08,17.2,59.6
05/04/2026,20:58:08,17.2,59.6
05/04/2026,21:03:08,17.2,59.6
05/04/2026,21:08:08,17.2,59.5
05/04/2026,21:13:08,17.2,59.6
05/04/2026,21:18:08,17.2,59.5
05/04/2026,21:23:08,17.2,59.5
05/04/2026,21:28:08,17.2,59.5
05/04/2026,21:33:08,17.2,59.5
05/04/2026,21:38:08,17.2,59.5
05/04/2026,21:43:08,17.2,59.5
05/04/2026,21:48:08,17.1,59.5
05/04/2026,21:53:08,17.2,59.5
05/04/2026,21:58:08,17.1,59.4
05/04/2026,22:03:08,17.1,59.4
05/04/2026,22:08:08,17.1,59.4
05/04/2026,22:13:08,17.1,59.4
05/04/2026,22:18:08,17.1,59.5
05/04/2026,22:23:08,17.1,59.4
05/04/2026,22:28:08,17.1,59.4
05/04/2026,22:33:08,17.1,59.4
05/04/2026,22:38:08,17.1,59.4
05/04/2026,22:43:08,17.1,59.4
05/04/2026,22:48:08,17.1,59.4
05/04/2026,22:53:08,17.1,59.4
05/04/2026,22:58:08,17.1,59.4
05/04/2026,23:03:08,17.1,59.4
05/04/2026,23:08:08,17,59.3
05/04/2026,23:13:08,17.1,59.3
05/04/2026,23:18:08,17.1,59.3
05/04/2026,23:23:08,17,59.3
05/04/2026,23:28:08,17,59.3
05/04/2026,23:33:08,17,59.3
05/04/2026,23:38:08,17,59.3
05/04/2026,23:43:08,17,59.3
05/04/2026,23:48:08,17,59.2
05/04/2026,23:53:08,17,59.2
05/04/2026,23:58:08,17,59.2
05/05/2026,00:03:08,17,59.2
05/05/2026,00:08:08,17,59.2
05/05/2026,00:13:08,17,59.2
05/05/2026,00:18:08,16.9,59.1
05/05/2026,00:23:08,16.9,59.1
05/05/2026,00:28:08,16.9,59.1
05/05/2026,00:33:08,16.9,59.2
05/05/2026,00:38:08,16.9,59.2
05/05/2026,00:43:08,16.9,59.1
05/05/2026,00:48:08,16.9,59.1
05/05/2026,00:53:08,16.9,59.1
05/05/2026,00:58:08,16.9,59.1
05/05/2026,01:03:08,16.9,59.1
05/05/2026,01:08:08,16.9,59
05/05/2026,01:13:08,16.9,59
05/05/2026,01:18:08,16.9,59
05/05/2026,01:23:08,16.9,59
05/05/2026,01:28:08,16.9,59
05/05/2026,01:33:08,16.8,59
05/05/2026,01:38:08,16.8,59
05/05/2026,01:43:08,16.8,58.9
05/05/2026,01:48:08,16.8,58.9
05/05/2026,01:53:08,16.8,58.9
05/05/2026,01:58:08,16.8,58.9
05/05/2026,02:03:08,16.8,58.9
05/05/2026,02:08:08,16.8,58.8
05/05/2026,02:13:08,16.8,58.9
05/05/2026,02:18:08,16.8,58.8
05/05/2026,02:23:08,16.8,58.8
05/05/2026,02:28:08,16.8,58.8
05/05/2026,02:33:08,16.8,58.7
05/05/2026,02:38:08,16.7,58.8
05/05/2026,02:43:08,16.7,58.8
05/05/2026,02:48:08,16.7,58.8
05/05/2026,02:53:08,16.7,58.7
05/05/2026,02:58:08,16.7,58.7
05/05/2026,03:03:08,16.7,58.7
05/05/2026,03:08:08,16.7,58.7
05/05/2026,03:13:08,16.7,58.7
05/05/2026,03:18:08,16.7,58.7
05/05/2026,03:23:08,16.7,58.7
05/05/2026,03:28:08,16.7,58.6
05/05/2026,03:33:08,16.7,58.6
05/05/2026,03:38:08,16.7,58.6
05/05/2026,03:43:08,16.6,58.6
05/05/2026,03:48:08,16.6,58.6
05/05/2026,03:53:08,16.6,58.6
05/05/2026,03:58:08,16.6,58.6
05/05/2026,04:03:08,16.6,58.6
05/05/2026,04:08:08,16.6,58.6
05/05/2026,04:13:08,16.6,58.5
05/05/2026,04:18:08,16.6,58.5
05/05/2026,04:23:08,16.6,58.5
05/05/2026,04:28:08,16.6,58.5
05/05/2026,04:33:08,16.6,58.5
05/05/2026,04:38:08,16.6,58.5
05/05/2026,04:43:08,16.6,58.5
05/05/2026,04:48:08,16.6,58.4
05/05/2026,04:53:08,16.6,58.5
05/05/2026,04:58:08,16.5,58.4
05/05/2026,05:03:08,16.5,58.4
05/05/2026,05:08:08,16.5,58.4
05/05/2026,05:13:08,16.5,58.4
05/05/2026,05:18:08,16.5,58.4
05/05/2026,05:23:08,16.5,58.4
05/05/2026,05:28:08,16.5,58.3
05/05/2026,05:33:08,16.5,58.3
05/05/2026,05:38:08,16.5,58.3
05/05/2026,05:43:08,16.4,58.3
05/05/2026,05:48:08,16.5,58.3
05/05/2026,05:53:08,16.5,58.3
05/05/2026,05:58:08,16.4,58.3
05/05/2026,06:03:08,16.4,58.3
05/05/2026,06:08:08,16.4,58.3
05/05/2026,06:13:08,16.4,58.2
05/05/2026,06:18:08,16.4,58.2
05/05/2026,06:23:08,16.4,58.2
05/05/2026,06:28:08,16.4,58.2
05/05/2026,06:33:08,16.4,58.2
05/05/2026,06:38:08,16.4,58.2
05/05/2026,06:43:08,16.4,58.2
05/05/2026,06:48:08,16.4,58.2
05/05/2026,06:53:08,16.4,58.2
05/05/2026,06:58:08,16.4,58.2
05/05/2026,07:03:08,16.4,58.2
05/05/2026,07:08:08,16.4,58.1
05/05/2026,07:13:08,16.4,58.2
05/05/2026,07:18:08,16.4,58.2
05/05/2026,07:23:08,16.4,58.2
05/05/2026,07:28:08,16.3,58.1
05/05/2026,07:33:08,16.3,58.1
05/05/2026,07:38:08,16.3,58.2
05/05/2026,07:43:08,16.3,58.2
05/05/2026,07:48:08,16.3,58.1
05/05/2026,07:53:08,16.3,58.2
05/05/2026,07:58:08,16.3,58.1
05/05/2026,08:03:08,16.3,58.1
05/05/2026,08:08:08,16.3,58.1
05/05/2026,08:13:08,16.3,58.1
05/05/2026,08:18:08,16.3,58.1
05/05/2026,08:23:08,16.3,58.1
05/05/2026,08:28:08,16.3,58.1
05/05/2026,08:33:08,16.3,58.1
05/05/2026,08:38:08,16.3,58.2
05/05/2026,08:43:08,16.3,58.1
05/05/2026,08:48:08,16.3,58.1
05/05/2026,08:53:08,16.3,58.1
05/05/2026,08:58:08,16.3,58.1
05/05/2026,09:03:08,16.3,58.1
05/05/2026,09:08:08,16.3,58.2
05/05/2026,09:13:08,16.3,58.1
05/05/2026,09:18:08,16.3,58.2
05/05/2026,09:23:08,16.3,58.2
05/05/2026,09:28:08,16.3,58.2
05/05/2026,09:33:08,16.3,58.2
05/05/2026,09:38:08,16.3,58.2
05/05/2026,09:43:08,16.3,58.2
05/05/2026,09:48:08,16.3,58.2
05/05/2026,09:53:08,16.3,58.2
05/05/2026,09:58:08,16.3,58.2
05/05/2026,10:03:08,16.4,58.2
05/05/2026,10:08:08,16.4,58.2
05/05/2026,10:13:08,16.4,58.2
05/05/2026,10:18:08,16.4,58.3
05/05/2026,10:23:08,16.4,58.2
05/05/2026,10:28:08,16.4,58.2
05/05/2026,10:33:08,16.3,58.2
05/05/2026,10:38:08,16.4,58.3
05/05/2026,10:43:08,16.4,58.2
05/05/2026,10:48:08,16.4,58.2
05/05/2026,10:53:08,16.4,58.3
05/05/2026,10:58:08,16.4,58.2
05/05/2026,11:03:08,16.4,58.2
05/05/2026,11:08:08,16.4,58.3
05/05/2026,11:13:08,16.4,58.3
05/05/2026,11:18:08,16.4,58.3
05/05/2026,11:23:08,16.4,58.3
05/05/2026,11:28:08,16.4,58.3
05/05/2026,11:33:08,16.4,58.3
05/05/2026,11:38:08,16.4,58.3
05/05/2026,11:43:08,16.4,58.3
05/05/2026,11:48:08,16.4,58.3
05/05/2026,11:53:08,16.4,58.4
05/05/2026,11:58:08,16.4,58.4
05/05/2026,12:03:08,16.4,58.4
05/05/2026,12:08:08,16.4,58.4
05/05/2026,12:13:08,16.4,58.4
05/05/2026,12:18:08,16.5,58.5
05/05/2026,12:23:08,16.5,58.5
05/05/2026,12:28:08,16.5,58.6
05/05/2026,12:33:08,16.5,58.6
05/05/2026,12:38:08,16.5,58.8
05/05/2026,12:43:08,16.6,58.9
05/05/2026,12:48:08,16.6,58.9
05/05/2026,12:53:08,16.6,58.9
05/05/2026,12:58:08,16.6,59
05/05/2026,13:03:08,16.7,59.1
05/05/2026,13:08:08,16.7,59.2
05/05/2026,13:13:08,16.7,59.2
05/05/2026,13:18:08,16.8,59.2
05/05/2026,13:23:08,16.8,59.3
05/05/2026,13:28:08,16.8,59.3
05/05/2026,13:33:08,16.8,59.2
05/05/2026,13:38:08,16.8,59.3
05/05/2026,13:43:08,16.8,59.2
05/05/2026,13:48:08,16.8,59.3
05/05/2026,13:53:08,16.8,59.3
05/05/2026,13:58:08,16.8,59.3
05/05/2026,14:03:08,16.8,59.3
05/05/2026,14:08:08,16.8,59.3
05/05/2026,14:13:08,16.8,59.3
05/05/2026,14:18:08,16.8,59.3
05/05/2026,14:23:08,16.8,59.3
05/05/2026,14:28:08,16.8,59.3
05/05/2026,14:33:08,16.8,59.3
05/05/2026,14:38:08,16.8,59.3
05/05/2026,14:43:08,16.8,59.4
05/05/2026,14:48:08,16.8,59.3
05/05/2026,14:53:08,16.8,59.3
05/05/2026,14:58:08,16.8,59.4
05/05/2026,15:03:08,16.8,59.4
05/05/2026,15:08:08,16.8,59.3
05/05/2026,15:13:08,16.8,59.4
05/05/2026,15:18:08,16.8,59.4
05/05/2026,15:23:08,16.8,59.4
05/05/2026,15:28:08,16.8,59.4
05/05/2026,15:33:08,16.8,59.4
05/05/2026,15:38:08,16.8,59.4
05/05/2026,15:43:08,16.8,59.4
05/05/2026,15:48:08,16.8,59.5
05/05/2026,15:53:08,16.8,59.4
05/05/2026,15:58:08,16.8,59.4
05/05/2026,16:03:08,16.8,59.4
05/05/2026,16:08:08,16.8,59.4
05/05/2026,16:13:08,16.8,59.4
05/05/2026,16:18:08,16.8,59.4
05/05/2026,16:23:08,16.8,59.4
05/05/2026,16:28:08,16.8,59.4
05/05/2026,16:33:08,16.8,59.4
05/05/2026,16:38:08,16.8,59.4
05/05/2026,16:43:08,16.8,59.4
05/05/2026,16:48:08,16.8,59.4
05/05/2026,16:53:08,16.8,59.4
05/05/2026,16:58:08,16.8,59.4
05/05/2026,17:03:08,16.8,59.4
05/05/2026,17:08:08,16.8,59.4
05/05/2026,17:13:08,16.8,59.4
05/05/2026,17:18:08,16.8,59.4
05/05/2026,17:23:08,16.8,59.3
05/05/2026,17:28:08,16.8,59.4
05/05/2026,17:33:08,16.8,59.3
05/05/2026,17:38:08,16.8,59.3
05/05/2026,17:43:08,16.8,59.3
05/05/2026,17:48:08,16.8,59.3
05/05/2026,17:53:08,16.8,59.3
05/05/2026,17:58:08,16.8,59.3
05/05/2026,18:03:08,16.8,59.3
05/05/2026,18:08:08,16.8,59.3
05/05/2026,18:13:08,16.8,59.3
05/05/2026,18:18:08,16.8,59.3
05/05/2026,18:23:08,16.8,59.3
05/05/2026,18:28:08,16.8,59.3
05/05/2026,18:33:08,16.8,59.2
05/05/2026,18:38:08,16.8,59.1
05/05/2026,18:43:08,16.8,59.1
05/05/2026,18:48:08,16.8,59.1
05/05/2026,18:53:08,16.8,59.2
05/05/2026,18:58:08,16.8,59.2
05/05/2026,19:03:08,16.9,59.2
05/05/2026,19:08:08,16.9,59.4
05/05/2026,19:13:08,16.9,59.5
05/05/2026,19:18:08,16.9,59.7
05/05/2026,19:23:08,17,59.7
05/05/2026,19:28:08,17,59.7
05/05/2026,19:33:08,17,59.8
05/05/2026,19:38:08,17.1,60
05/05/2026,19:43:08,17.1,60
05/05/2026,19:48:08,17.1,60.1
05/05/2026,19:53:08,17.2,60.1
05/05/2026,19:58:08,17.2,60
05/05/2026,20:03:08,17.2,59.9
05/05/2026,20:08:08,17.2,60
05/05/2026,20:13:08,17.2,60
05/05/2026,20:18:08,17.2,60
05/05/2026,20:23:08,17.2,60
05/05/2026,20:28:08,17.2,60
05/05/2026,20:33:08,17.2,60
05/05/2026,20:38:08,17.2,60
05/05/2026,20:43:08,17.2,60
05/05/2026,20:48:08,17.1,59.9
05/05/2026,20:53:08,17.1,59.9
05/05/2026,20:58:08,17.1,59.8
05/05/2026,21:03:08,17.1,59.8
05/05/2026,21:08:08,17.1,59.8
05/05/2026,21:13:08,17.1,59.8
05/05/2026,21:18:08,17.1,59.7
05/05/2026,21:23:08,17,59.7
05/05/2026,21:28:08,17,59.7
05/05/2026,21:33:08,17,59.7
05/05/2026,21:38:08,17,59.7
05/05/2026,21:43:08,17,59.7
05/05/2026,21:48:08,16.9,59.7
05/05/2026,21:53:08,16.9,59.6
05/05/2026,21:58:08,16.9,59.6
05/05/2026,22:03:08,16.9,59.6
05/05/2026,22:08:08,16.9,59.5
05/05/2026,22:13:08,16.9,59.5
05/05/2026,22:18:08,16.9,59.5
05/05/2026,22:23:08,16.8,59.5
05/05/2026,22:28:08,16.8,59.5
05/05/2026,22:33:08,16.8,59.4
05/05/2026,22:38:08,16.8,59.4
05/05/2026,22:43:08,16.8,59.4
05/05/2026,22:48:08,16.8,59.3
05/05/2026,22:53:08,16.8,59.3
05/05/2026,22:58:08,16.7,59.2
05/05/2026,23:03:08,16.7,59.2
05/05/2026,23:08:08,16.7,59.2
05/05/2026,23:13:08,16.7,59.2
05/05/2026,23:18:08,16.7,59.1
05/05/2026,23:23:08,16.7,59.1
05/05/2026,23:28:08,16.7,59
05/05/2026,23:33:08,16.7,59
05/05/2026,23:38:08,16.6,59
05/05/2026,23:43:08,16.7,58.9
05/05/2026,23:48:08,16.6,58.9
05/05/2026,23:53:08,16.6,58.9
05/05/2026,23:58:08,16.6,58.8
05/06/2026,00:03:08,16.6,58.8
05/06/2026,00:08:08,16.6,58.7
05/06/2026,00:13:08,16.6,58.7
05/06/2026,00:18:08,16.6,58.7
05/06/2026,00:23:08,16.6,58.6
05/06/2026,00:28:08,16.5,58.6
05/06/2026,00:33:08,16.5,58.5
05/06/2026,00:38:08,16.5,58.5
05/06/2026,00:43:08,16.5,58.5
05/06/2026,00:48:08,16.5,58.4
05/06/2026,00:53:08,16.5,58.3
05/06/2026,00:58:08,16.5,58.3
05/06/2026,01:03:08,16.5,58.3
05/06/2026,01:08:08,16.5,58.3
05/06/2026,01:13:08,16.5,58.2
05/06/2026,01:18:08,16.4,58.2
05/06/2026,01:23:08,16.4,58.2
05/06/2026,01:28:08,16.4,58.1
05/06/2026,01:33:08,16.4,58.1
05/06/2026,01:38:08,16.4,58
05/06/2026,01:43:08,16.4,58.1
05/06/2026,01:48:08,16.4,58
05/06/2026,01:53:08,16.4,57.9
05/06/2026,01:58:08,16.4,57.9
05/06/2026,02:03:08,16.4,57.8
05/06/2026,02:08:08,16.3,57.8
05/06/2026,02:13:08,16.3,57.7
05/06/2026,02:18:08,16.3,57.7
05/06/2026,02:23:08,16.3,57.6
05/06/2026,02:28:08,16.3,57.5
05/06/2026,02:33:08,16.3,57.5
05/06/2026,02:38:08,16.3,57.5
05/06/2026,02:43:08,16.3,57.5
05/06/2026,02:48:08,16.2,57.4
05/06/2026,02:53:08,16.2,57.4
05/06/2026,02:58:08,16.2,57.3
05/06/2026,03:03:08,16.2,57.3
05/06/2026,03:08:08,16.2,57.2
05/06/2026,03:13:08,16.2,57.2
05/06/2026,03:18:08,16.2,57.1
05/06/2026,03:23:08,16.2,57.1
05/06/2026,03:28:08,16.1,57.1
05/06/2026,03:33:08,16.2,57.1
05/06/2026,03:38:08,16.1,57
05/06/2026,03:43:08,16.1,57
05/06/2026,03:48:08,16.1,56.9
05/06/2026,03:53:08,16.1,57
05/06/2026,03:58:08,16.1,56.9
05/06/2026,04:03:08,16,56.9
05/06/2026,04:08:08,16.1,56.8
05/06/2026,04:13:08,16,56.8
05/06/2026,04:18:08,16,56.7
05/06/2026,04:23:08,16,56.7
05/06/2026,04:28:08,16,56.6
05/06/2026,04:33:08,16,56.6
05/06/2026,04:38:08,16,56.5
05/06/2026,04:43:08,15.9,56.5
05/06/2026,04:48:08,15.9,56.4
05/06/2026,04:53:08,15.9,56.4
05/06/2026,04:58:08,15.9,56.4
05/06/2026,05:03:08,15.9,56.4
05/06/2026,05:08:08,15.9,56.3
05/06/2026,05:13:08,15.9,56.3
05/06/2026,05:18:08,15.8,56.2
05/06/2026,05:23:08,15.8,56.2
05/06/2026,05:28:08,15.8,56.1
05/06/2026,05:33:08,15.8,56.1
05/06/2026,05:38:08,15.8,56
05/06/2026,05:43:08,15.8,56
05/06/2026,05:48:08,15.8,55.9
05/06/2026,05:53:08,15.8,55.9
05/06/2026,05:58:08,15.7,55.9
05/06/2026,06:03:08,15.7,55.9
05/06/2026,06:08:08,15.7,55.8
05/06/2026,06:13:08,15.7,55.8
05/06/2026,06:18:08,15.7,55.7
05/06/2026,06:23:08,15.7,55.7
05/06/2026,06:28:08,15.7,55.7
05/06/2026,06:33:08,15.6,55.7
05/06/2026,06:38:08,15.7,55.6
05/06/2026,06:43:08,15.6,55.6
05/06/2026,06:48:08,15.6,55.6
05/06/2026,06:53:08,15.6,55.5
05/06/2026,06:58:08,15.6,55.5
05/06/2026,07:03:08,15.6,55.5
05/06/2026,07:08:08,15.6,55.5
05/06/2026,07:13:08,15.6,55.5
05/06/2026,07:18:08,15.6,55.5
05/06/2026,07:23:08,15.6,55.4
05/06/2026,07:28:08,15.6,55.4
05/06/2026,07:33:08,15.6,55.5
05/06/2026,07:38:08,15.6,55.6
05/06/2026,07:43:08,15.6,55.5
05/06/2026,07:48:08,15.6,55.5
05/06/2026,07:53:08,15.6,55.5
05/06/2026,07:58:08,15.6,55.5
05/06/2026,08:03:08,15.6,55.5
05/06/2026,08:08:08,15.6,55.5
05/06/2026,08:13:08,15.6,55.5
05/06/2026,08:18:08,15.6,55.5
05/06/2026,08:23:08,15.6,55.5
05/06/2026,08:28:08,15.6,55.5
05/06/2026,08:33:08,15.6,55.5
05/06/2026,08:38:08,15.6,55.5
05/06/2026,08:43:08,15.6,55.6
05/06/2026,08:48:08,15.6,55.5
05/06/2026,08:53:08,15.7,55.5
05/06/2026,08:58:08,15.7,55.5
05/06/2026,09:03:08,15.7,55.5
05/06/2026,09:08:08,15.7,55.5
05/06/2026,09:13:08,15.7,55.5
05/06/2026,09:18:08,15.7,55.5
05/06/2026,09:23:08,15.7,55.6
05/06/2026,09:28:08,15.7,55.6
05/06/2026,09:33:08,15.7,55.6
05/06/2026,09:38:08,15.7,55.7
05/06/2026,09:43:08,15.7,55.7
05/06/2026,09:48:08,15.7,55.7
05/06/2026,09:53:08,15.7,55.8
05/06/2026,09:58:08,15.7,55.8
05/06/2026,10:03:08,15.8,55.9
05/06/2026,10:08:08,15.8,56
05/06/2026,10:13:08,15.8,56
05/06/2026,10:18:08,15.8,56.1
05/06/2026,10:23:08,15.8,56
05/06/2026,10:28:08,15.8,56
05/06/2026,10:33:08,15.8,56
05/06/2026,10:38:08,15.8,56.1
05/06/2026,10:43:08,15.8,56.1
05/06/2026,10:48:08,15.8,56.1
05/06/2026,10:53:08,15.8,56.1
05/06/2026,10:58:08,15.8,56.1
05/06/2026,11:03:08,15.8,56.2
05/06/2026,11:08:08,15.8,56.2
05/06/2026,11:13:08,15.8,56.2
05/06/2026,11:18:08,15.7,56.3
05/06/2026,11:23:08,15.7,56.3
05/06/2026,11:28:08,15.7,56.2
05/06/2026,11:33:08,15.7,56.3
05/06/2026,11:38:08,15.7,56.3
05/06/2026,11:43:08,15.7,56.3
05/06/2026,11:48:08,15.7,56.3
05/06/2026,11:53:08,15.7,56.3
05/06/2026,11:58:08,15.7,56.4
05/06/2026,12:03:08,15.7,56.4
05/06/2026,12:08:08,15.7,56.3
05/06/2026,12:13:08,15.7,56.3
05/06/2026,12:18:08,15.7,56.3
05/06/2026,12:23:08,15.7,56.4
05/06/2026,12:28:08,15.7,56.3
05/06/2026,12:33:08,15.7,56.4
05/06/2026,12:38:08,15.7,56.4
05/06/2026,12:43:08,15.7,56.4
05/06/2026,12:48:08,15.7,56.4
05/06/2026,12:53:08,15.7,56.4
05/06/2026,12:58:08,15.7,56.4
05/06/2026,13:03:08,15.7,56.4
05/06/2026,13:08:08,15.7,56.4
05/06/2026,13:13:08,15.7,56.4
05/06/2026,13:18:08,15.7,56.4
05/06/2026,13:23:08,15.7,56.4
05/06/2026,13:28:08,15.7,56.4
05/06/2026,13:33:08,15.7,56.4
05/06/2026,13:38:08,15.7,56.4
05/06/2026,13:43:08,15.7,56.4
05/06/2026,13:48:08,15.7,56.3
05/06/2026,13:53:08,15.7,56.3
05/06/2026,13:58:08,15.7,56.3
05/06/2026,14:03:08,15.7,56.3
05/06/2026,14:08:08,15.7,56.3
05/06/2026,14:13:08,15.7,56.3
05/06/2026,14:18:08,15.7,56.2
05/06/2026,14:23:08,15.7,56.3
05/06/2026,14:28:08,15.7,56.3
05/06/2026,14:33:08,15.7,56.2
05/06/2026,14:38:08,15.7,56.2
05/06/2026,14:43:08,15.7,56.3
05/06/2026,14:48:08,15.7,56.2
05/06/2026,14:53:08,15.7,56.3
05/06/2026,14:58:08,15.7,56.2
05/06/2026,15:03:08,15.7,56.2
05/06/2026,15:08:08,15.7,56.2
05/06/2026,15:13:08,15.7,56.1
05/06/2026,15:18:08,15.7,56.2
05/06/2026,15:23:08,15.7,56.2
05/06/2026,15:28:08,15.7,56.1
05/06/2026,15:33:08,15.7,56.1
05/06/2026,15:38:08,15.7,56.1
05/06/2026,15:43:08,15.8,56.1
05/06/2026,15:48:08,15.8,56.1
05/06/2026,15:53:08,15.7,56.1
05/06/2026,15:58:08,15.8,56.1
05/06/2026,16:03:08,15.8,56.1
05/06/2026,16:08:08,15.8,56
05/06/2026,16:13:08,15.8,56
05/06/2026,16:18:08,15.8,56
05/06/2026,16:23:08,15.8,56
05/06/2026,16:28:08,15.9,55.9
05/06/2026,16:33:08,15.8,55.9
05/06/2026,16:38:08,15.9,55.9
05/06/2026,16:43:08,15.9,55.9
05/06/2026,16:48:08,15.8,55.9
05/06/2026,16:53:08,15.9,55.9
05/06/2026,16:58:08,15.9,55.9
05/06/2026,17:03:08,15.9,55.9
05/06/2026,17:08:08,15.9,55.9
05/06/2026,17:13:08,15.9,55.9
05/06/2026,17:18:08,15.9,55.9
05/06/2026,17:23:08,15.9,55.9
05/06/2026,17:28:08,15.9,55.9
05/06/2026,17:33:08,15.9,55.9
05/06/2026,17:38:08,15.9,55.9
05/06/2026,17:43:08,15.9,55.9
05/06/2026,17:48:08,15.9,55.9
05/06/2026,17:53:08,15.9,55.9
05/06/2026,17:58:08,15.9,55.9
05/06/2026,18:03:08,15.9,55.9
05/06/2026,18:08:08,15.9,55.9
05/06/2026,18:13:08,15.9,55.9
05/06/2026,18:18:08,15.9,55.9
05/06/2026,18:23:08,15.8,56
05/06/2026,18:28:08,15.9,56
05/06/2026,18:33:08,15.8,56.1
05/06/2026,18:38:08,15.9,56.2
05/06/2026,18:43:08,15.9,56.3
05/06/2026,18:48:08,15.9,56.4
05/06/2026,18:53:08,15.9,56.4
05/06/2026,18:58:08,15.9,56.5
05/06/2026,19:03:08,15.9,56.7
05/06/2026,19:08:08,16,57.2
05/06/2026,19:13:08,16,57.2
05/06/2026,19:18:08,16,57.3
05/06/2026,19:23:08,16.1,57.4
05/06/2026,19:28:08,16.1,57.4
05/06/2026,19:33:08,16.2,57.5
05/06/2026,19:38:08,16.2,57.7
05/06/2026,19:43:08,16.2,58
05/06/2026,19:48:08,16.2,58
05/06/2026,19:53:08,16.3,58.1
05/06/2026,19:58:08,16.3,58.1
05/06/2026,20:03:08,16.3,58.2
05/06/2026,20:08:08,16.3,58.2
05/06/2026,20:13:08,16.3,58.2
05/06/2026,20:18:08,16.3,58.2
05/06/2026,20:23:08,16.3,58.2
05/06/2026,20:28:08,16.3,58.2
05/06/2026,20:33:08,16.2,58.2
05/06/2026,20:38:08,16.2,58.2
05/06/2026,20:43:08,16.2,58.2
05/06/2026,20:48:08,16.2,58.2
05/06/2026,20:53:08,16.2,58.3
05/06/2026,20:58:08,16.1,58.2
05/06/2026,21:03:08,16.1,58.2
05/06/2026,21:08:08,16.1,58.2
05/06/2026,21:13:08,16.1,58.2
05/06/2026,21:18:08,16.1,58.2
05/06/2026,21:23:08,16,58.2
05/06/2026,21:28:08,16,58.2
05/06/2026,21:33:08,16,58.2
05/06/2026,21:38:08,16,58.2
05/06/2026,21:43:08,16,58.2
05/06/2026,21:48:08,16,58.2
05/06/2026,21:53:08,16,58.2
05/06/2026,21:58:08,16,58.2
05/06/2026,22:03:08,16,58.2
05/06/2026,22:08:08,15.9,58.2
05/06/2026,22:13:08,15.9,58.2
05/06/2026,22:18:08,15.9,58.2
05/06/2026,22:23:08,15.9,58.2
05/06/2026,22:28:08,15.9,58.2
05/06/2026,22:33:08,15.9,58.2
05/06/2026,22:38:08,15.8,58.1
05/06/2026,22:43:08,15.8,58.1
05/06/2026,22:48:08,15.9,58.1
05/06/2026,22:53:08,15.8,58.2
05/06/2026,22:58:08,15.8,58.2
05/06/2026,23:03:08,15.8,58.1
05/06/2026,23:08:08,15.8,58.1
05/06/2026,23:13:08,15.8,58.1
05/06/2026,23:18:08,15.8,58.1
05/06/2026,23:23:08,15.8,58.1
05/06/2026,23:28:08,15.8,58.1
05/06/2026,23:33:08,15.8,58.1
05/06/2026,23:38:08,15.8,58
05/06/2026,23:43:08,15.8,58
05/06/2026,23:48:08,15.7,58
05/06/2026,23:53:08,15.7,58
05/06/2026,23:58:08,15.7,58
05/07/2026,00:03:08,15.7,58
05/07/2026,00:08:08,15.7,58
05/07/2026,00:13:08,15.7,58
05/07/2026,00:18:08,15.7,57.9
05/07/2026,00:23:08,15.7,57.9
05/07/2026,00:28:08,15.7,57.9
05/07/2026,00:33:08,15.6,57.9
05/07/2026,00:38:08,15.6,57.9
05/07/2026,00:43:08,15.6,57.9
05/07/2026,00:48:08,15.6,57.9
05/07/2026,00:53:08,15.6,57.9
05/07/2026,00:58:08,15.6,57.8
05/07/2026,01:03:08,15.6,57.8
05/07/2026,01:08:08,15.6,57.8
05/07/2026,01:13:08,15.6,57.8
05/07/2026,01:18:08,15.6,57.8
05/07/2026,01:23:08,15.6,57.7
05/07/2026,01:28:08,15.6,57.7
05/07/2026,01:33:08,15.6,57.7
05/07/2026,01:38:08,15.6,57.7
05/07/2026,01:43:08,15.5,57.7
05/07/2026,01:48:08,15.5,57.7
05/07/2026,01:53:08,15.5,57.6
05/07/2026,01:58:08,15.5,57.6
05/07/2026,02:03:08,15.5,57.6
05/07/2026,02:08:08,15.5,57.6
05/07/2026,02:13:08,15.5,57.5
05/07/2026,02:18:08,15.5,57.5
05/07/2026,02:23:08,15.5,57.5
05/07/2026,02:28:08,15.5,57.5
05/07/2026,02:33:08,15.5,57.4
05/07/2026,02:38:08,15.4,57.4
05/07/2026,02:43:08,15.5,57.5
05/07/2026,02:48:08,15.4,57.4
05/07/2026,02:53:08,15.4,57.4
05/07/2026,02:58:08,15.4,57.4
05/07/2026,03:03:08,15.4,57.4
05/07/2026,03:08:08,15.4,57.4
05/07/2026,03:13:08,15.4,57.4
05/07/2026,03:18:08,15.4,57.3
05/07/2026,03:23:08,15.4,57.3
05/07/2026,03:28:08,15.4,57.3
05/07/2026,03:33:08,15.4,57.3
05/07/2026,03:38:08,15.4,57.3
05/07/2026,03:43:08,15.3,57.2
05/07/2026,03:48:08,15.4,57.2
05/07/2026,03:53:08,15.3,57.2
05/07/2026,03:58:08,15.3,57.2
05/07/2026,04:03:08,15.3,57.2
05/07/2026,04:08:08,15.3,57.1
05/07/2026,04:13:08,15.3,57.1
05/07/2026,04:18:08,15.3,57.1
05/07/2026,04:23:08,15.3,57.1
05/07/2026,04:28:08,15.3,57.1
05/07/2026,04:33:08,15.3,57.1
05/07/2026,04:38:08,15.3,57
05/07/2026,04:43:08,15.3,57
05/07/2026,04:48:08,15.2,57
05/07/2026,04:53:08,15.2,57
05/07/2026,04:58:08,15.2,56.9
05/07/2026,05:03:08,15.2,56.9
05/07/2026,05:08:08,15.2,56.9
05/07/2026,05:13:08,15.2,56.9
05/07/2026,05:18:08,15.2,56.8
05/07/2026,05:23:08,15.2,56.8
05/07/2026,05:28:08,15.2,56.8
05/07/2026,05:33:08,15.2,56.8
05/07/2026,05:38:08,15.2,56.8
05/07/2026,05:43:08,15.2,56.8
05/07/2026,05:48:08,15.1,56.7
05/07/2026,05:53:08,15.1,56.7
05/07/2026,05:58:08,15.1,56.7
05/07/2026,06:03:08,15.1,56.6
05/07/2026,06:08:08,15.1,56.6
05/07/2026,06:13:08,15.1,56.7
05/07/2026,06:18:08,15.1,56.6
05/07/2026,06:23:08,15.1,56.6
05/07/2026,06:28:08,15.1,56.6
05/07/2026,06:33:08,15.1,56.5
05/07/2026,06:38:08,15.1,56.6
05/07/2026,06:43:08,15.1,56.5
05/07/2026,06:48:08,15,56.5
05/07/2026,06:53:08,15.1,56.6
05/07/2026,06:58:08,15,56.5
05/07/2026,07:03:08,15,56.5
05/07/2026,07:08:08,15,56.5
05/07/2026,07:13:08,15,56.5
05/07/2026,07:18:08,15,56.4
05/07/2026,07:23:08,15,56.5
05/07/2026,07:28:08,15,56.5
05/07/2026,07:33:08,15,56.5
05/07/2026,07:38:08,15,56.5
05/07/2026,07:43:08,15,56.6
05/07/2026,07:48:08,15,56.5
05/07/2026,07:53:08,15,56.6
05/07/2026,07:58:08,15,56.6
05/07/2026,08:03:08,15,56.6
05/07/2026,08:08:08,15,56.6
05/07/2026,08:13:08,15,56.6
05/07/2026,08:18:08,15.1,56.6
05/07/2026,08:23:08,15.1,56.6
05/07/2026,08:28:08,15.1,56.6
05/07/2026,08:33:08,15.1,56.6
05/07/2026,08:38:08,15.1,56.7
05/07/2026,08:43:08,15.1,56.7
05/07/2026,08:48:08,15.1,56.7
05/07/2026,08:53:08,15.1,56.7
05/07/2026,08:58:08,15.1,56.7
05/07/2026,09:03:08,15.1,56.7
05/07/2026,09:08:08,15.1,56.8
05/07/2026,09:13:08,15.1,56.8
05/07/2026,09:18:08,15.2,56.8
05/07/2026,09:23:08,15.2,56.8
05/07/2026,09:28:08,15.2,56.8
05/07/2026,09:33:08,15.2,56.9
05/07/2026,09:38:08,15.2,57.1
05/07/2026,09:43:08,15.2,57
05/07/2026,09:48:08,15.3,57
05/07/2026,09:53:08,15.3,57.1
05/07/2026,09:58:08,15.3,57.1
05/07/2026,10:03:08,15.3,57.1
05/07/2026,10:08:08,15.3,57.2
05/07/2026,10:13:08,15.4,57.2
05/07/2026,10:18:08,15.4,57.3
05/07/2026,10:23:08,15.4,57.2
05/07/2026,10:28:08,15.4,57.3
05/07/2026,10:33:08,15.4,57.3
05/07/2026,10:38:08,15.4,57.3
05/07/2026,10:43:08,15.4,57.3
05/07/2026,10:48:08,15.4,57.3
05/07/2026,10:53:08,15.4,57.3
05/07/2026,10:58:08,15.4,57.3
05/07/2026,11:03:08,15.4,57.3
05/07/2026,11:08:08,15.4,57.4
05/07/2026,11:13:08,15.4,57.4
05/07/2026,11:18:08,15.4,57.4
05/07/2026,11:23:08,15.4,57.4
05/07/2026,11:28:08,15.4,57.4
05/07/2026,11:33:08,15.4,57.4
05/07/2026,11:38:08,15.4,57.6
05/07/2026,11:43:08,15.4,57.5
05/07/2026,11:48:08,15.4,57.5
05/07/2026,11:53:08,15.4,57.5
05/07/2026,11:58:08,15.5,57.5
05/07/2026,12:03:08,15.5,57.6
05/07/2026,12:08:08,15.5,57.6
05/07/2026,12:13:08,15.5,57.7
05/07/2026,12:18:08,15.5,57.7
05/07/2026,12:23:08,15.5,57.7
05/07/2026,12:28:08,15.5,57.7
05/07/2026,12:33:08,15.5,57.7
05/07/2026,12:38:08,15.5,57.8
05/07/2026,12:43:08,15.5,57.8
05/07/2026,12:48:08,15.6,57.8
05/07/2026,12:53:08,15.5,57.8
05/07/2026,12:58:08,15.5,57.9
05/07/2026,13:03:08,15.6,57.9
05/07/2026,13:08:08,15.5,57.9
05/07/2026,13:13:08,15.5,57.9
05/07/2026,13:18:08,15.6,57.8
05/07/2026,13:23:08,15.6,57.9
05/07/2026,13:28:08,15.6,57.8
05/07/2026,13:33:08,15.6,57.8
05/07/2026,13:38:08,15.6,57.8
05/07/2026,13:43:08,15.6,57.9
05/07/2026,13:48:08,15.6,57.8
05/07/2026,13:53:08,15.6,57.8
05/07/2026,13:58:08,15.6,57.8
05/07/2026,14:03:08,15.6,57.8
05/07/2026,14:08:08,15.6,57.8
05/07/2026,14:13:08,15.6,57.8
05/07/2026,14:18:08,15.5,57.8
05/07/2026,14:23:08,15.6,57.8
05/07/2026,14:28:08,15.5,57.8
05/07/2026,14:33:08,15.6,57.8
05/07/2026,14:38:08,15.5,57.8
05/07/2026,14:43:08,15.5,57.8
05/07/2026,14:48:08,15.5,57.7
05/07/2026,14:53:08,15.5,57.8
05/07/2026,14:58:08,15.5,57.8
05/07/2026,15:03:08,15.5,57.8
05/07/2026,15:08:08,15.5,57.8
05/07/2026,15:13:08,15.5,57.8
05/07/2026,15:18:08,15.5,57.8
05/07/2026,15:23:08,15.5,57.8
05/07/2026,15:28:08,15.5,57.8
05/07/2026,15:33:08,15.5,57.9
05/07/2026,15:38:08,15.5,57.8
05/07/2026,15:43:08,15.5,57.8
05/07/2026,15:48:08,15.5,57.9
05/07/2026,15:53:08,15.5,57.9
05/07/2026,15:58:08,15.5,57.9
05/07/2026,16:03:08,15.5,57.9
05/07/2026,16:08:08,15.5,57.9
05/07/2026,16:13:08,15.5,57.9
05/07/2026,16:18:08,15.5,57.9
05/07/2026,16:23:08,15.6,57.9
05/07/2026,16:28:08,15.6,57.9
05/07/2026,16:33:08,15.6,57.9
05/07/2026,16:38:08,15.6,57.9
05/07/2026,16:43:08,15.6,57.8
05/07/2026,16:48:08,15.6,57.8
05/07/2026,16:53:08,15.6,57.8
05/07/2026,16:58:08,15.6,57.8
05/07/2026,17:03:08,15.6,57.8
05/07/2026,17:08:08,15.6,57.8
05/07/2026,17:13:08,15.6,57.7
05/07/2026,17:18:08,15.6,57.7
05/07/2026,17:23:08,15.6,57.7
05/07/2026,17:28:08,15.6,57.7
05/07/2026,17:33:08,15.6,57.7
05/07/2026,17:38:08,15.6,57.7
05/07/2026,17:43:08,15.6,57.7
05/07/2026,17:48:08,15.6,57.7
05/07/2026,17:53:08,15.6,57.7
05/07/2026,17:58:08,15.6,57.7
05/07/2026,18:03:08,15.6,57.6
05/07/2026,18:08:08,15.6,57.6
05/07/2026,18:13:08,15.6,57.6
05/07/2026,18:18:08,15.6,57.6
05/07/2026,18:23:08,15.6,57.6
05/07/2026,18:28:08,15.6,57.6
05/07/2026,18:33:08,15.6,57.6
05/07/2026,18:38:08,15.6,57.6
05/07/2026,18:43:08,15.6,57.7
05/07/2026,18:48:08,15.7,57.7
05/07/2026,18:53:08,15.7,57.8
05/07/2026,18:58:08,15.7,57.8
05/07/2026,19:03:08,15.7,57.9
05/07/2026,19:08:08,15.7,58.3
05/07/2026,19:13:08,15.8,58.3
05/07/2026,19:18:08,15.8,58.5
05/07/2026,19:23:08,15.8,58.4
05/07/2026,19:28:08,15.9,58.4
05/07/2026,19:33:08,15.9,58.5
05/07/2026,19:38:08,15.9,58.8
05/07/2026,19:43:08,16,58.8
05/07/2026,19:48:08,16,58.9
05/07/2026,19:53:08,16,58.9
05/07/2026,19:58:08,16,58.9
05/07/2026,20:03:08,16,58.9
05/07/2026,20:08:08,16,58.9
05/07/2026,20:13:08,16,58.9
05/07/2026,20:18:08,16,58.9
05/07/2026,20:23:08,16,58.9
05/07/2026,20:28:08,16,58.9
05/07/2026,20:33:08,16,58.9
05/07/2026,20:38:08,15.9,58.9
05/07/2026,20:43:08,15.9,58.9
05/07/2026,20:48:08,15.9,58.9
05/07/2026,20:53:08,15.9,58.9
05/07/2026,20:58:08,15.9,58.9
05/07/2026,21:03:08,15.9,58.9
05/07/2026,21:08:08,15.8,58.8
05/07/2026,21:13:08,15.8,58.9
05/07/2026,21:18:08,15.8,58.8
05/07/2026,21:23:08,15.8,58.9
05/07/2026,21:28:08,15.8,58.8
05/07/2026,21:33:08,15.8,58.8
05/07/2026,21:38:08,15.8,58.8
05/07/2026,21:43:08,15.8,58.8
05/07/2026,21:48:08,15.8,58.8
05/07/2026,21:53:08,15.7,58.8
05/07/2026,21:58:08,15.7,58.7
05/07/2026,22:03:08,15.7,58.8
05/07/2026,22:08:08,15.7,58.7
05/07/2026,22:13:08,15.7,58.7
05/07/2026,22:18:08,15.7,58.6
05/07/2026,22:23:08,15.7,58.6
05/07/2026,22:28:08,15.7,58.6
05/07/2026,22:33:08,15.7,58.6
05/07/2026,22:38:08,15.6,58.6
05/07/2026,22:43:08,15.6,58.5
05/07/2026,22:48:08,15.6,58.5
05/07/2026,22:53:08,15.6,58.5
05/07/2026,22:58:08,15.6,58.5
05/07/2026,23:03:08,15.6,58.5
05/07/2026,23:08:08,15.6,58.5
05/07/2026,23:13:08,15.6,58.5
05/07/2026,23:18:08,15.6,58.4
05/07/2026,23:23:08,15.6,58.4
05/07/2026,23:28:08,15.6,58.3
05/07/2026,23:33:08,15.6,58.3
05/07/2026,23:38:08,15.5,58.3
05/07/2026,23:43:08,15.5,58.3
05/07/2026,23:48:08,15.5,58.3
05/07/2026,23:53:08,15.5,58.2
05/07/2026,23:58:08,15.5,58.2
05/08/2026,00:03:08,15.5,58.2
05/08/2026,00:08:08,15.5,58.2
05/08/2026,00:13:08,15.5,58.2
05/08/2026,00:18:08,15.4,58.2
05/08/2026,00:23:08,15.4,58.1
05/08/2026,00:28:08,15.4,58.1
05/08/2026,00:33:08,15.4,58.1
05/08/2026,00:38:08,15.4,58.1
05/08/2026,00:43:08,15.4,58
05/08/2026,00:48:08,15.4,58
05/08/2026,00:53:08,15.4,58
05/08/2026,00:58:08,15.4,57.9
05/08/2026,01:03:08,15.4,57.9
05/08/2026,01:08:08,15.4,57.9
05/08/2026,01:13:08,15.4,57.9
05/08/2026,01:18:08,15.4,57.8
05/08/2026,01:23:08,15.3,57.8
05/08/2026,01:28:08,15.3,57.8
05/08/2026,01:33:08,15.3,57.8
05/08/2026,01:38:08,15.3,57.7
05/08/2026,01:43:08,15.3,57.7
05/08/2026,01:48:08,15.3,57.7
05/08/2026,01:53:08,15.3,57.7
05/08/2026,01:58:08,15.3,57.6
05/08/2026,02:03:08,15.3,57.6
05/08/2026,02:08:08,15.3,57.5
05/08/2026,02:13:08,15.3,57.5
05/08/2026,02:18:08,15.2,57.5
05/08/2026,02:23:08,15.2,57.5
05/08/2026,02:28:08,15.2,57.5
05/08/2026,02:33:08,15.2,57.4
05/08/2026,02:38:08,15.2,57.4
05/08/2026,02:43:08,15.2,57.3
05/08/2026,02:48:08,15.2,57.3
05/08/2026,02:53:08,15.2,57.3
05/08/2026,02:58:08,15.2,57.2
05/08/2026,03:03:08,15.2,57.2
05/08/2026,03:08:08,15.2,57.2
05/08/2026,03:13:08,15.1,57.2
05/08/2026,03:18:08,15.1,57.2
05/08/2026,03:23:08,15.1,57.2
05/08/2026,03:28:08,15.1,57.1
05/08/2026,03:33:08,15.1,57.1
05/08/2026,03:38:08,15.1,57.1
05/08/2026,03:43:08,15.1,57.1
05/08/2026,03:48:08,15.1,57.1
05/08/2026,03:53:08,15.1,57.1
05/08/2026,03:58:08,15.1,57.1
05/08/2026,04:03:08,15.1,57
05/08/2026,04:08:08,15.1,57
05/08/2026,04:13:08,15.1,57
05/08/2026,04:18:08,15.1,57
05/08/2026,04:23:08,15,57
05/08/2026,04:28:08,15.1,56.9
05/08/2026,04:33:08,15.1,56.9
05/08/2026,04:38:08,15,56.9
05/08/2026,04:43:08,15,56.9
05/08/2026,04:48:08,15,56.9
05/08/2026,04:53:08,15,56.8
05/08/2026,04:58:08,15,56.8
05/08/2026,05:03:08,15,56.7
05/08/2026,05:08:08,15,56.8
05/08/2026,05:13:08,15,56.7
05/08/2026,05:18:08,15,56.7
05/08/2026,05:23:08,15,56.7
05/08/2026,05:28:08,15,56.7
05/08/2026,05:33:08,14.9,56.6
05/08/2026,05:38:08,14.9,56.6
05/08/2026,05:43:08,14.9,56.6
05/08/2026,05:48:08,14.9,56.6
05/08/2026,05:53:08,14.9,56.6
05/08/2026,05:58:08,14.9,56.6
05/08/2026,06:03:08,14.9,56.5
05/08/2026,06:08:08,14.9,56.6
05/08/2026,06:13:08,14.9,56.6
05/08/2026,06:18:08,14.9,56.5
05/08/2026,06:23:08,14.9,56.5
05/08/2026,06:28:08,14.9,56.5
05/08/2026,06:33:08,14.9,56.5
05/08/2026,06:38:08,14.9,56.5
05/08/2026,06:43:08,14.8,56.4
05/08/2026,06:48:08,14.8,56.4
05/08/2026,06:53:08,14.8,56.4
05/08/2026,06:58:08,14.8,56.5
05/08/2026,07:03:08,14.8,56.5
05/08/2026,07:08:08,14.8,56.5
05/08/2026,07:13:08,14.8,56.5
05/08/2026,07:18:08,14.8,56.5
05/08/2026,07:23:08,14.8,56.5
05/08/2026,07:28:08,14.8,56.5
05/08/2026,07:33:08,14.8,56.5
05/08/2026,07:38:08,14.8,56.5
05/08/2026,07:43:08,14.9,56.6
05/08/2026,07:48:08,14.8,56.6
05/08/2026,07:53:08,14.9,56.6
05/08/2026,07:58:08,14.8,56.6
05/08/2026,08:03:08,14.9,56.7
05/08/2026,08:08:08,14.8,56.7
05/08/2026,08:13:08,14.9,56.7
05/08/2026,08:18:08,14.9,56.7
05/08/2026,08:23:08,14.9,56.7
05/08/2026,08:28:08,14.9,56.8
05/08/2026,08:33:08,14.9,56.8
05/08/2026,08:38:08,14.9,56.8
05/08/2026,08:43:08,14.9,56.8
05/08/2026,08:48:08,14.9,56.8
05/08/2026,08:53:08,15,56.9
05/08/2026,08:58:08,15,56.9
05/08/2026,09:03:08,15,57
05/08/2026,09:08:08,15,57
05/08/2026,09:13:08,15,57
05/08/2026,09:18:08,15,57
05/08/2026,09:23:08,15,57.1
05/08/2026,09:28:08,15,57.1
05/08/2026,09:33:08,15,57.1
05/08/2026,09:38:08,15,57.1
05/08/2026,09:43:08,15,57.2
05/08/2026,09:48:08,15.1,57.2
05/08/2026,09:53:08,15.1,57.2
05/08/2026,09:58:08,15.1,57.2
05/08/2026,10:03:08,15.1,57.2
05/08/2026,10:08:08,15.1,57.2
05/08/2026,10:13:08,15.1,57.3
05/08/2026,10:18:08,15.1,57.3
05/08/2026,10:23:08,15.1,57.3
05/08/2026,10:28:08,15.1,57.3
05/08/2026,10:33:08,15.1,57.3
05/08/2026,10:38:08,15.1,57.3
05/08/2026,10:43:08,15.1,57.3
05/08/2026,10:48:08,15.1,57.4
05/08/2026,10:53:08,15.1,57.4
05/08/2026,10:58:08,15.1,57.4
05/08/2026,11:03:08,15.2,57.4
05/08/2026,11:08:08,15.2,57.4
05/08/2026,11:13:08,15.2,57.4
05/08/2026,11:18:08,15.2,57.5
05/08/2026,11:23:08,15.2,57.5
05/08/2026,11:28:08,15.2,57.5
05/08/2026,11:33:08,15.2,57.5
05/08/2026,11:38:08,15.2,57.6
05/08/2026,11:43:08,15.2,57.6
05/08/2026,11:48:08,15.3,57.6
05/08/2026,11:53:08,15.3,57.6
05/08/2026,11:58:08,15.3,57.6
05/08/2026,12:03:08,15.3,57.6
05/08/2026,12:08:08,15.3,57.6
05/08/2026,12:13:08,15.3,57.7
05/08/2026,12:18:08,15.3,57.8
05/08/2026,12:23:08,15.3,57.9
05/08/2026,12:28:08,15.4,58
05/08/2026,12:33:08,15.4,58
05/08/2026,12:38:08,15.4,58.2
05/08/2026,12:43:08,15.5,58.3
05/08/2026,12:48:08,15.6,58.4
05/08/2026,12:53:08,15.6,58.5
05/08/2026,12:58:08,15.7,58.6
05/08/2026,13:03:08,15.8,58.7
05/08/2026,13:08:08,15.8,58.9
05/08/2026,13:13:08,15.8,59
05/08/2026,13:18:08,15.9,58.9
05/08/2026,13:23:08,15.9,59
05/08/2026,13:28:08,15.9,59
05/08/2026,13:33:08,16,58.9
05/08/2026,13:38:08,16,58.9
05/08/2026,13:43:08,16,59
05/08/2026,13:48:08,16,59
05/08/2026,13:53:08,16,59
05/08/2026,13:58:08,16,59.1
05/08/2026,14:03:08,16,59.1
05/08/2026,14:08:08,16,59.1
05/08/2026,14:13:08,16,59.1
05/08/2026,14:18:08,16,59.2
05/08/2026,14:23:08,16,59.2
05/08/2026,14:28:08,16,59.2
05/08/2026,14:33:08,16,59.2
05/08/2026,14:38:08,16.1,59.2
05/08/2026,14:43:08,16.1,59.3
05/08/2026,14:48:08,16.1,59.3
05/08/2026,14:53:08,16.1,59.3
05/08/2026,14:58:08,16.1,59.3
05/08/2026,15:03:08,16.1,59.3
05/08/2026,15:08:08,16.1,59.3
05/08/2026,15:13:08,16.1,59.3
05/08/2026,15:18:08,16.1,59.3
05/08/2026,15:23:08,16.2,59.3
05/08/2026,15:28:08,16.2,59.3
05/08/2026,15:33:08,16.2,59.3
05/08/2026,15:38:08,16.2,59.3
05/08/2026,15:43:08,16.2,59.3
05/08/2026,15:48:08,16.3,59.3
05/08/2026,15:53:08,16.3,59.3
05/08/2026,15:58:08,16.3,59.3
05/08/2026,16:03:08,16.3,59.2
05/08/2026,16:08:08,16.3,59.2
05/08/2026,16:13:08,16.3,59.2
05/08/2026,16:18:08,16.4,59.2
05/08/2026,16:23:08,16.3,59.2
05/08/2026,16:28:08,16.3,59.2
05/08/2026,16:33:08,16.3,59.2
05/08/2026,16:38:08,16.3,59.1
05/08/2026,16:43:08,16.3,59.2
05/08/2026,16:48:08,16.4,59.2
05/08/2026,16:53:08,16.3,59.2
05/08/2026,16:58:08,16.3,59.1
05/08/2026,17:03:08,16.3,59.1
05/08/2026,17:08:08,16.3,59.1
05/08/2026,17:13:08,16.3,59.2
05/08/2026,17:18:08,16.3,59.1
05/08/2026,17:23:08,16.3,59.1
05/08/2026,17:28:08,16.3,59.1
05/08/2026,17:33:08,16.3,59.1
05/08/2026,17:38:08,16.4,59.1
05/08/2026,17:43:08,16.3,59.1
05/08/2026,17:48:08,16.4,59.1
05/08/2026,17:53:08,16.4,59.1
05/08/2026,17:58:08,16.4,59.2
05/08/2026,18:03:08,16.4,59.2
05/08/2026,18:08:08,16.4,59.2
05/08/2026,18:13:08,16.4,59.1
05/08/2026,18:18:08,16.4,59.1
05/08/2026,18:23:08,16.4,59.1
05/08/2026,18:28:08,16.4,59
05/08/2026,18:33:08,16.4,59
05/08/2026,18:38:08,16.4,59
05/08/2026,18:43:08,16.4,59
05/08/2026,18:48:08,16.4,59
05/08/2026,18:53:08,16.4,59
05/08/2026,18:58:08,16.5,59
05/08/2026,19:03:08,16.5,59.2
05/08/2026,19:08:08,16.5,59.6
05/08/2026,19:13:08,16.6,59.5
05/08/2026,19:18:08,16.6,59.7
05/08/2026,19:23:08,16.7,59.7
05/08/2026,19:28:08,16.7,59.7
05/08/2026,19:33:08,16.7,59.8
05/08/2026,19:38:08,16.8,59.9
05/08/2026,19:43:08,16.9,60.1
05/08/2026,19:48:08,16.9,60.2
05/08/2026,19:53:08,16.9,60.3
05/08/2026,19:58:08,17,60.3
05/08/2026,20:03:08,17,60.2
05/08/2026,20:08:08,17,60.3
05/08/2026,20:13:08,17,60.3
05/08/2026,20:18:08,17,60.3
05/08/2026,20:23:08,17,60.4
05/08/2026,20:28:08,17,60.5
05/08/2026,20:33:08,17,60.5
05/08/2026,20:38:08,17,60.4
05/08/2026,20:43:08,17,60.4
05/08/2026,20:48:08,17,60.4
05/08/2026,20:53:08,17,60.5
05/08/2026,20:58:08,17,60.4
05/08/2026,21:03:08,17,60.4
05/08/2026,21:08:08,17,60.4
05/08/2026,21:13:08,16.9,60.4
05/08/2026,21:18:08,16.9,60.4
05/08/2026,21:23:08,16.9,60.3
05/08/2026,21:28:08,16.9,60.3
05/08/2026,21:33:08,16.9,60.3
05/08/2026,21:38:08,16.9,60.3
05/08/2026,21:43:08,16.9,60.2
05/08/2026,21:48:08,16.9,60.2
05/08/2026,21:53:08,16.9,60.1
05/08/2026,21:58:08,16.9,60.1
05/08/2026,22:03:08,16.8,60.1
05/08/2026,22:08:08,16.9,60
05/08/2026,22:13:08,16.8,60
05/08/2026,22:18:08,16.8,60
05/08/2026,22:23:08,16.8,59.9
05/08/2026,22:28:08,16.8,59.9
05/08/2026,22:33:08,16.8,59.9
05/08/2026,22:38:08,16.7,59.8
05/08/2026,22:43:08,16.7,59.8
05/08/2026,22:48:08,16.7,59.8
05/08/2026,22:53:08,16.7,59.7
05/08/2026,22:58:08,16.7,59.7
05/08/2026,23:03:08,16.7,59.6
05/08/2026,23:08:08,16.7,59.6
05/08/2026,23:13:08,16.7,59.6
05/08/2026,23:18:08,16.7,59.5
05/08/2026,23:23:08,16.7,59.5
05/08/2026,23:28:08,16.6,59.4
05/08/2026,23:33:08,16.6,59.4
05/08/2026,23:38:08,16.6,59.3
05/08/2026,23:43:08,16.6,59.3
05/08/2026,23:48:08,16.6,59.2
05/08/2026,23:53:08,16.6,59.2
05/08/2026,23:58:08,16.5,59.1
05/09/2026,00:03:08,16.5,59
05/09/2026,00:08:08,16.5,59
05/09/2026,00:13:08,16.5,59
05/09/2026,00:18:08,16.5,58.9
05/09/2026,00:23:08,16.5,58.8
05/09/2026,00:28:08,16.5,58.8
05/09/2026,00:33:08,16.5,58.8
05/09/2026,00:38:08,16.5,58.7
05/09/2026,00:43:08,16.4,58.7
05/09/2026,00:48:08,16.5,58.6
05/09/2026,00:53:08,16.4,58.6
05/09/2026,00:58:08,16.4,58.5
05/09/2026,01:03:08,16.4,58.5
05/09/2026,01:08:08,16.4,58.4
05/09/2026,01:13:08,16.4,58.4
05/09/2026,01:18:08,16.4,58.4
05/09/2026,01:23:08,16.3,58.3
05/09/2026,01:28:08,16.4,58.2
05/09/2026,01:33:08,16.4,58.2
05/09/2026,01:38:08,16.3,58.1
05/09/2026,01:43:08,16.3,58
05/09/2026,01:48:08,16.3,58
05/09/2026,01:53:08,16.3,58
05/09/2026,01:58:08,16.3,57.9
05/09/2026,02:03:08,16.3,57.8
05/09/2026,02:08:08,16.3,57.8
05/09/2026,02:13:08,16.3,57.7
05/09/2026,02:18:08,16.3,57.6
05/09/2026,02:23:08,16.2,57.5
05/09/2026,02:28:08,16.2,57.5
05/09/2026,02:33:08,16.2,57.4
05/09/2026,02:38:08,16.2,57.5
05/09/2026,02:43:08,16.2,57.4
05/09/2026,02:48:08,16.2,57.3
05/09/2026,02:53:08,16.2,57.3
05/09/2026,02:58:08,16.2,57.2
05/09/2026,03:03:08,16.2,57.1
05/09/2026,03:08:08,16.1,57.1
05/09/2026,03:13:08,16.1,57
05/09/2026,03:18:08,16.1,57
05/09/2026,03:23:08,16.1,56.9
05/09/2026,03:28:08,16.1,56.9
05/09/2026,03:33:08,16.1,56.8
05/09/2026,03:38:08,16.1,56.8
05/09/2026,03:43:08,16.1,56.7
05/09/2026,03:48:08,16.1,56.7
05/09/2026,03:53:08,16.1,56.6
05/09/2026,03:58:08,16.1,56.6
05/09/2026,04:03:08,16,56.5
05/09/2026,04:08:08,16,56.4
05/09/2026,04:13:08,16,56.4
05/09/2026,04:18:08,16,56.4
05/09/2026,04:23:08,16,56.3
05/09/2026,04:28:08,16,56.2
05/09/2026,04:33:08,16,56.2
05/09/2026,04:38:08,15.9,56.1
05/09/2026,04:43:08,16,56.1
05/09/2026,04:48:08,15.9,56
05/09/2026,04:53:08,15.9,56
05/09/2026,04:58:08,15.9,55.9
05/09/2026,05:03:08,15.9,55.9
05/09/2026,05:08:08,15.9,55.8
05/09/2026,05:13:08,15.9,55.8
05/09/2026,05:18:08,15.9,55.7
05/09/2026,05:23:08,15.9,55.7
05/09/2026,05:28:08,15.9,55.6
05/09/2026,05:33:08,15.8,55.6
05/09/2026,05:38:08,15.8,55.6
05/09/2026,05:43:08,15.8,55.6
05/09/2026,05:48:08,15.8,55.5
05/09/2026,05:53:08,15.8,55.5
05/09/2026,05:58:08,15.8,55.4
05/09/2026,06:03:08,15.8,55.5
05/09/2026,06:08:08,15.8,55.4
05/09/2026,06:13:08,15.8,55.4
05/09/2026,06:18:08,15.8,55.4
05/09/2026,06:23:08,15.8,55.3
05/09/2026,06:28:08,15.8,55.3
05/09/2026,06:33:08,15.8,55.3
05/09/2026,06:38:08,15.8,55.3
05/09/2026,06:43:08,15.8,55.4
05/09/2026,06:48:08,15.8,55.3
05/09/2026,06:53:08,15.7,55.4
05/09/2026,06:58:08,15.7,55.3
05/09/2026,07:03:08,15.8,55.4
05/09/2026,07:08:08,15.7,55.4
05/09/2026,07:13:08,15.7,55.4
05/09/2026,07:18:08,15.7,55.3
05/09/2026,07:23:08,15.8,55.4
05/09/2026,07:28:08,15.7,55.3
05/09/2026,07:33:08,15.7,55.3
05/09/2026,07:38:08,15.7,55.3
05/09/2026,07:43:08,15.7,55.3
05/09/2026,07:48:08,15.7,55.3
05/09/2026,07:53:08,15.7,55.3
05/09/2026,07:58:08,15.7,55.4
05/09/2026,08:03:08,15.7,55.4
05/09/2026,08:08:08,15.8,55.4
05/09/2026,08:13:08,15.7,55.4
05/09/2026,08:18:08,15.8,55.4
05/09/2026,08:23:08,15.8,55.4
05/09/2026,08:28:08,15.8,55.4
05/09/2026,08:33:08,15.8,55.5
05/09/2026,08:38:08,15.8,55.5
05/09/2026,08:43:08,15.8,55.6
05/09/2026,08:48:08,15.8,55.6
05/09/2026,08:53:08,15.8,55.6
05/09/2026,08:58:08,15.8,55.7
05/09/2026,09:03:08,15.9,55.7
05/09/2026,09:08:08,15.9,55.8
05/09/2026,09:13:08,15.9,55.9
05/09/2026,09:18:08,15.9,56
05/09/2026,09:23:08,16,56.1
05/09/2026,09:28:08,16,56.3
05/09/2026,09:33:08,16,56.4
05/09/2026,09:38:08,16.1,56.6
05/09/2026,09:43:08,16.1,56.9
05/09/2026,09:48:08,16.2,56.9
05/09/2026,09:53:08,16.2,57.1
05/09/2026,09:58:08,16.3,57.2
05/09/2026,10:03:08,16.3,57.4
05/09/2026,10:08:08,16.4,57.5
05/09/2026,10:13:08,16.4,57.7
05/09/2026,10:18:08,16.5,57.8
05/09/2026,10:23:08,16.5,57.9
05/09/2026,10:28:08,16.5,58
05/09/2026,10:33:08,16.6,58.1
05/09/2026,10:38:08,16.6,58.1
05/09/2026,10:43:08,16.6,58.1
05/09/2026,10:48:08,16.6,58.1
05/09/2026,10:53:08,16.6,58.1
05/09/2026,10:58:08,16.6,58
05/09/2026,11:03:08,16.6,58
05/09/2026,11:08:08,16.7,58.1
05/09/2026,11:13:08,16.7,58.1
05/09/2026,11:18:08,16.7,58.2
05/09/2026,11:23:08,16.7,58.2
05/09/2026,11:28:08,16.8,58.3
05/09/2026,11:33:08,16.8,58.4
05/09/2026,11:38:08,16.8,58.5
05/09/2026,11:43:08,16.9,58.5
05/09/2026,11:48:08,16.9,58.6
05/09/2026,11:53:08,16.9,58.6
05/09/2026,11:58:08,17,58.8
05/09/2026,12:03:08,17,58.8
05/09/2026,12:08:08,17,58.8
05/09/2026,12:13:08,17.1,59
05/09/2026,12:18:08,17.1,59.2
05/09/2026,12:23:08,17.1,59.4
05/09/2026,12:28:08,17.2,59.5
05/09/2026,12:33:08,17.2,59.7
05/09/2026,12:38:08,17.2,59.8
05/09/2026,12:43:08,17.3,59.9
05/09/2026,12:48:08,17.3,60
05/09/2026,12:53:08,17.3,59.9
05/09/2026,12:58:08,17.4,59.9
05/09/2026,13:03:08,17.4,59.7
05/09/2026,13:08:08,17.4,59.7
05/09/2026,13:13:08,17.4,59.6
05/09/2026,13:18:08,17.3,59.5
05/09/2026,13:23:08,17.3,59.5
05/09/2026,13:28:08,17.3,59.5
05/09/2026,13:33:08,17.3,59.4
05/09/2026,13:38:08,17.3,59.4
05/09/2026,13:43:08,17.3,59.4
05/09/2026,13:48:08,17.3,59.3
05/09/2026,13:53:08,17.3,59.3
05/09/2026,13:58:08,17.3,59.2
05/09/2026,14:03:08,17.3,59.2
05/09/2026,14:08:08,17.3,59.1
05/09/2026,14:13:08,17.3,59.1
05/09/2026,14:18:08,17.3,59
05/09/2026,14:23:08,17.3,59
05/09/2026,14:28:08,17.3,58.8
05/09/2026,14:33:08,17.3,58.7
05/09/2026,14:38:08,17.3,58.6
05/09/2026,14:43:08,17.3,58.6
05/09/2026,14:48:08,17.3,58.5
05/09/2026,14:53:08,17.3,58.5
05/09/2026,14:58:08,17.4,58.5
05/09/2026,15:03:08,17.4,58.4
05/09/2026,15:08:08,17.4,58.4
05/09/2026,15:13:08,17.4,58.4
05/09/2026,15:18:08,17.5,58.4
05/09/2026,15:23:08,17.5,58.2
05/09/2026,15:28:08,17.5,58.1
05/09/2026,15:33:08,17.5,58.1
05/09/2026,15:38:08,17.6,58
05/09/2026,15:43:08,17.6,57.9
05/09/2026,15:48:08,17.6,57.9
05/09/2026,15:53:08,17.6,57.8
05/09/2026,15:58:08,17.6,57.6
05/09/2026,16:03:08,17.6,57.5
05/09/2026,16:08:08,17.6,57.5
05/09/2026,16:13:08,17.6,57.3
05/09/2026,16:18:08,17.6,57.2
05/09/2026,16:23:08,17.7,57.1
05/09/2026,16:28:08,17.7,57.1
05/09/2026,16:33:08,17.6,57.1
05/09/2026,16:38:08,17.6,57
05/09/2026,16:43:08,17.6,56.9
05/09/2026,16:48:08,17.6,56.8
05/09/2026,16:53:08,17.6,56.9
05/09/2026,16:58:08,17.7,57
05/09/2026,17:03:08,17.7,57.1
05/09/2026,17:08:08,17.7,57.1
05/09/2026,17:13:08,17.7,57
05/09/2026,17:18:08,17.7,57
05/09/2026,17:23:08,17.7,57
05/09/2026,17:28:08,17.7,56.9
05/09/2026,17:33:08,17.8,56.9
05/09/2026,17:38:08,17.7,56.8
05/09/2026,17:43:08,17.8,56.8
05/09/2026,17:48:08,17.7,56.7
05/09/2026,17:53:08,17.7,56.5
05/09/2026,17:58:08,17.7,56.1
05/09/2026,18:03:08,17.8,55.9
05/09/2026,18:08:08,17.8,55.7
05/09/2026,18:13:08,17.8,56.4
05/09/2026,18:18:08,17.9,55.8
05/09/2026,18:23:08,17.9,55.5
05/09/2026,18:28:08,17.9,55.4
05/09/2026,18:33:08,18,55.3
05/09/2026,18:38:08,18,55.1
05/09/2026,18:43:08,18,55
05/09/2026,18:48:08,18.1,54.9
05/09/2026,18:53:08,18.1,54.9
05/09/2026,18:58:08,18.1,55.8
05/09/2026,19:03:08,18.2,54.8
05/09/2026,19:08:08,18.2,54.6
05/09/2026,19:13:08,18.2,54.5
05/09/2026,19:18:08,18.2,54.3
05/09/2026,19:23:08,18.1,54.1
05/09/2026,19:28:08,18.1,54.1
05/09/2026,19:33:08,18.1,54
05/09/2026,19:38:08,18.1,54.6
05/09/2026,19:43:08,18.1,54.2
05/09/2026,19:48:08,18.1,53.9
05/09/2026,19:53:08,18.2,53.7
05/09/2026,19:58:08,18.2,53.7
05/09/2026,20:03:08,18.2,53.6
05/09/2026,20:08:08,18.2,53.6
05/09/2026,20:13:08,18.3,53.8
05/09/2026,20:18:08,18.3,53.6
05/09/2026,20:23:08,18.3,53.5
05/09/2026,20:28:08,18.3,53.5
05/09/2026,20:33:08,18.3,53.4
05/09/2026,20:38:08,18.2,53.4
05/09/2026,20:43:08,18.2,53.3
05/09/2026,20:48:08,18.2,53.3
05/09/2026,20:53:08,18.2,53.2
05/09/2026,20:58:08,18.2,53.2
05/09/2026,21:03:08,18.1,53.1
05/09/2026,21:08:08,18.1,53.1
05/09/2026,21:13:08,18.1,53.1
05/09/2026,21:18:08,18.1,53
05/09/2026,21:23:08,18,53
05/09/2026,21:28:08,18,53
05/09/2026,21:33:08,18,52.9
05/09/2026,21:38:08,18,52.9
05/09/2026,21:43:08,18,52.9
05/09/2026,21:48:08,18,52.8
05/09/2026,21:53:08,17.9,52.8
05/09/2026,21:58:08,17.9,52.7
05/09/2026,22:03:08,17.9,52.7
05/09/2026,22:08:08,17.9,52.7
05/09/2026,22:13:08,17.9,52.7
05/09/2026,22:18:08,17.9,52.6
05/09/2026,22:23:08,17.8,52.6
05/09/2026,22:28:08,17.8,52.6
05/09/2026,22:33:08,17.8,52.6
05/09/2026,22:38:08,17.8,52.6
05/09/2026,22:43:08,17.7,52.5
05/09/2026,22:48:08,17.8,52.5
05/09/2026,22:53:08,17.7,52.5
05/09/2026,22:58:08,17.7,52.5
05/09/2026,23:03:08,17.7,52.5
05/09/2026,23:08:08,17.7,52.5
05/09/2026,23:13:08,17.7,52.4
05/09/2026,23:18:08,17.7,52.5
05/09/2026,23:23:08,17.7,52.4
05/09/2026,23:28:08,17.7,52.5
05/09/2026,23:33:08,17.6,52.5
05/09/2026,23:38:08,17.6,52.5
05/09/2026,23:43:08,17.6,52.5
05/09/2026,23:48:08,17.6,52.5
05/09/2026,23:53:08,17.6,52.5
05/09/2026,23:58:08,17.6,52.5
05/10/2026,00:03:08,17.5,52.6
05/10/2026,00:08:08,17.5,52.5
05/10/2026,00:13:08,17.5,52.6
05/10/2026,00:18:08,17.5,52.6
05/10/2026,00:23:08,17.5,52.6
05/10/2026,00:28:08,17.5,52.6
05/10/2026,00:33:08,17.5,52.7
05/10/2026,00:38:08,17.5,52.6
05/10/2026,00:43:08,17.5,52.7
05/10/2026,00:48:08,17.5,52.7
05/10/2026,00:53:08,17.5,52.6
05/10/2026,00:58:08,17.5,52.7
05/10/2026,01:03:08,17.5,52.7
05/10/2026,01:08:08,17.4,52.7
05/10/2026,01:13:08,17.4,52.8
05/10/2026,01:18:08,17.4,52.8
05/10/2026,01:23:08,17.4,52.8
05/10/2026,01:28:08,17.4,52.8
05/10/2026,01:33:08,17.4,52.8
05/10/2026,01:38:08,17.4,52.8
05/10/2026,01:43:08,17.4,52.8
05/10/2026,01:48:08,17.4,52.8
05/10/2026,01:53:08,17.4,52.9
05/10/2026,01:58:08,17.3,52.9
05/10/2026,02:03:08,17.3,52.9
05/10/2026,02:08:08,17.3,52.9
05/10/2026,02:13:08,17.3,52.9
05/10/2026,02:18:08,17.3,52.9
05/10/2026,02:23:08,17.3,52.9
05/10/2026,02:28:08,17.3,53
05/10/2026,02:33:08,17.3,52.9
05/10/2026,02:38:08,17.3,53
05/10/2026,02:43:08,17.2,53
05/10/2026,02:48:08,17.3,53
05/10/2026,02:53:08,17.2,53
05/10/2026,02:58:08,17.2,53
05/10/2026,03:03:08,17.2,53
05/10/2026,03:08:08,17.2,53
05/10/2026,03:13:08,17.2,53
05/10/2026,03:18:08,17.2,53
05/10/2026,03:23:08,17.2,53.1
05/10/2026,03:28:08,17.2,53.1
05/10/2026,03:33:08,17.1,53
05/10/2026,03:38:08,17.1,53.1
05/10/2026,03:43:08,17.1,53
05/10/2026,03:48:08,17.1,53.1
05/10/2026,03:53:08,17.1,53
05/10/2026,03:58:08,17.1,53.1
05/10/2026,04:03:08,17.1,53.1
05/10/2026,04:08:08,17.1,53.1
05/10/2026,04:13:08,17.1,53.1
05/10/2026,04:18:08,17.1,53.1
05/10/2026,04:23:08,17.1,53.1
05/10/2026,04:28:08,17.1,53.1
05/10/2026,04:33:08,17,53.1
05/10/2026,04:38:08,17,53.1
05/10/2026,04:43:08,17,53.1
05/10/2026,04:48:08,17,53.1
05/10/2026,04:53:08,17,53.1
05/10/2026,04:58:08,17,53
05/10/2026,05:03:08,17,53.1
05/10/2026,05:08:08,17,53.1
05/10/2026,05:13:08,16.9,53.1
05/10/2026,05:18:08,16.9,53.1
05/10/2026,05:23:08,16.9,53.1
05/10/2026,05:28:08,16.9,53.1
05/10/2026,05:33:08,16.9,53.1
05/10/2026,05:38:08,16.9,53.1
05/10/2026,05:43:08,16.9,53.1
05/10/2026,05:48:08,16.9,53.1
05/10/2026,05:53:08,16.9,53.1
05/10/2026,05:58:08,16.9,53.1
05/10/2026,06:03:08,16.9,53.1
05/10/2026,06:08:08,16.8,53.1
05/10/2026,06:13:08,16.8,53.1
05/10/2026,06:18:08,16.8,53.1
05/10/2026,06:23:08,16.8,53.1
05/10/2026,06:28:08,16.8,53.1
05/10/2026,06:33:08,16.8,53.1
05/10/2026,06:38:08,16.8,53.1
05/10/2026,06:43:08,16.8,53.2
05/10/2026,06:48:08,16.8,53.2
05/10/2026,06:53:08,16.8,53.2
05/10/2026,06:58:08,16.7,53.2
05/10/2026,07:03:08,16.8,53.2
05/10/2026,07:08:08,16.8,53.2
05/10/2026,07:13:08,16.8,53.2
05/10/2026,07:18:08,16.8,53.2
05/10/2026,07:23:08,16.8,53.2
05/10/2026,07:28:08,16.8,53.2
05/10/2026,07:33:08,16.8,53.3
05/10/2026,07:38:08,16.7,53.3
05/10/2026,07:43:08,16.7,53.3
05/10/2026,07:48:08,16.7,53.3
05/10/2026,07:53:08,16.7,53.3
05/10/2026,07:58:08,16.7,53.5
05/10/2026,08:03:08,16.7,53.6
05/10/2026,08:08:08,16.8,53.8
05/10/2026,08:13:08,16.8,54
05/10/2026,08:18:08,16.8,54.2
05/10/2026,08:23:08,16.8,54.5
05/10/2026,08:28:08,16.9,54.8
05/10/2026,08:33:08,16.9,54.9
05/10/2026,08:38:08,17,55
05/10/2026,08:43:08,17,55.2
05/10/2026,08:48:08,17.1,55.4
05/10/2026,08:53:08,17.1,55.6
05/10/2026,08:58:08,17.1,55.7
05/10/2026,09:03:08,17.2,55.8
05/10/2026,09:08:08,17.2,55.8
05/10/2026,09:13:08,17.2,55.8
05/10/2026,09:18:08,17.2,55.8
05/10/2026,09:23:08,17.2,55.7
05/10/2026,09:28:08,17.2,55.8
05/10/2026,09:33:08,17.2,55.9
05/10/2026,09:38:08,17.2,56.2
05/10/2026,09:43:08,17.2,56.6
05/10/2026,09:48:08,17.3,57.1
05/10/2026,09:53:08,17.4,57.4
05/10/2026,09:58:08,17.4,57.9
05/10/2026,10:03:08,17.5,58.3
05/10/2026,10:08:08,17.5,58.6
05/10/2026,10:13:08,17.6,59
05/10/2026,10:18:08,17.7,59.4
05/10/2026,10:23:08,17.7,59.8
05/10/2026,10:28:08,17.8,60.2
05/10/2026,10:33:08,17.9,60.3
05/10/2026,10:38:08,18,60.7
05/10/2026,10:43:08,18,60.9
05/10/2026,10:48:08,18.1,61.2
05/10/2026,10:53:08,18.1,60.9
05/10/2026,10:58:08,18.1,60.5
05/10/2026,11:03:08,18.1,59.3
05/10/2026,11:08:08,18.1,57.9
05/10/2026,11:13:08,18,58.7
05/10/2026,11:18:08,18,58.9
05/10/2026,11:23:08,18,59.2
05/10/2026,11:28:08,18,59.6
05/10/2026,11:33:08,18,59.8
05/10/2026,11:38:08,18.1,59.9
05/10/2026,11:43:08,18.1,59.9
05/10/2026,11:48:08,18.2,60.1
05/10/2026,11:53:08,18.2,60.3
05/10/2026,11:58:08,18.3,60.5
05/10/2026,12:03:08,18.4,60.8
05/10/2026,12:08:08,18.4,61
05/10/2026,12:13:08,18.5,61.2
05/10/2026,12:18:08,18.5,61.5
05/10/2026,12:23:08,18.7,61.9
05/10/2026,12:28:08,18.7,61.9
05/10/2026,12:33:08,18.8,62.1
05/10/2026,12:38:08,18.8,61.5
05/10/2026,12:43:08,18.8,60.7
05/10/2026,12:48:08,18.7,60.3
05/10/2026,12:53:08,18.7,60.3
05/10/2026,12:58:08,18.6,59.8
05/10/2026,13:03:08,18.6,59.8
05/10/2026,13:08:08,18.5,59.4
05/10/2026,13:13:08,18.4,59.5
05/10/2026,13:18:08,18.4,59.4
05/10/2026,13:23:08,18.4,59.3
05/10/2026,13:28:08,18.3,59.3
05/10/2026,13:33:08,18.3,59.3
05/10/2026,13:38:08,18.2,59.1
05/10/2026,13:43:08,18.2,59
05/10/2026,13:48:08,18.2,58.9
05/10/2026,13:53:08,18.2,58.7
05/10/2026,13:58:08,18.1,58.6
05/10/2026,14:03:08,18.1,58.5
05/10/2026,14:08:08,18.1,58.3
05/10/2026,14:13:08,18.1,58.2
05/10/2026,14:18:08,18.1,58.3
05/10/2026,14:23:08,18,58.2
05/10/2026,14:28:08,18,58
05/10/2026,14:33:08,18,57.9
05/10/2026,14:38:08,18,57.8
05/10/2026,14:43:08,18,57.7
05/10/2026,14:48:08,18,57.6
05/10/2026,14:53:08,18,57.4
05/10/2026,14:58:08,18,57.3
05/10/2026,15:03:08,18,57.1
05/10/2026,15:08:08,18,57
05/10/2026,15:13:08,18,56.9
05/10/2026,15:18:08,17.9,56.8
05/10/2026,15:23:08,17.9,56.6
05/10/2026,15:28:08,17.9,56.5
05/10/2026,15:33:08,17.9,56.5
05/10/2026,15:38:08,17.9,56.4
05/10/2026,15:43:08,17.9,56.3
05/10/2026,15:48:08,17.9,56.3
05/10/2026,15:53:08,17.9,56.2
05/10/2026,15:58:08,17.9,56.1
05/10/2026,16:03:08,17.9,55.9
05/10/2026,16:08:08,17.9,55.8
05/10/2026,16:13:08,17.9,55.8
05/10/2026,16:18:08,18,55.9
05/10/2026,16:23:08,18,55.8
05/10/2026,16:28:08,18,55.8
05/10/2026,16:33:08,18,55.7
05/10/2026,16:38:08,18,55.7
05/10/2026,16:43:08,18,55.6
05/10/2026,16:48:08,18,55.5
05/10/2026,16:53:08,18.1,55.6
05/10/2026,16:58:08,18.1,55.5
05/10/2026,17:03:08,18.1,55.5
05/10/2026,17:08:08,18.1,55.4
05/10/2026,17:13:08,18.1,55.3
05/10/2026,17:18:08,18.1,55.3
05/10/2026,17:23:08,18.1,55.2
05/10/2026,17:28:08,18.1,55
05/10/2026,17:33:08,18.1,55
05/10/2026,17:38:08,18,55
05/10/2026,17:43:08,18,54.9
05/10/2026,17:48:08,18,54.8
05/10/2026,17:53:08,18,54.7
05/10/2026,17:58:08,18,54.7
05/10/2026,18:03:08,18,54.6
05/10/2026,18:08:08,18,54.5
05/10/2026,18:13:08,18,54.5
05/10/2026,18:18:08,17.9,54.5
05/10/2026,18:23:08,17.9,54.4
05/10/2026,18:28:08,17.9,54.4
05/10/2026,18:33:08,17.9,54.4
05/10/2026,18:38:08,17.9,54.4
05/10/2026,18:43:08,17.9,54.4
05/10/2026,18:48:08,17.9,54.4
05/10/2026,18:53:08,17.9,54.4
05/10/2026,18:58:08,17.9,54.4
05/10/2026,19:03:08,17.9,54.4
05/10/2026,19:08:08,17.9,54.3
05/10/2026,19:13:08,17.9,54.4
05/10/2026,19:18:08,17.9,54.4
05/10/2026,19:23:08,17.9,54.4
05/10/2026,19:28:08,17.9,54.4
05/10/2026,19:33:08,17.9,54.3
05/10/2026,19:38:08,17.9,54.2
05/10/2026,19:43:08,17.9,54.1
05/10/2026,19:48:08,17.8,53.9
05/10/2026,19:53:08,17.8,53.7
05/10/2026,19:58:08,17.8,53.7
05/10/2026,20:03:08,17.7,53.6
05/10/2026,20:08:08,17.7,53.5
05/10/2026,20:13:08,17.7,53.3
05/10/2026,20:18:08,17.6,53.3
05/10/2026,20:23:08,17.6,53.2
05/10/2026,20:28:08,17.5,53
05/10/2026,20:33:08,17.5,52.9
05/10/2026,20:38:08,17.5,52.9
05/10/2026,20:43:08,17.5,52.8
05/10/2026,20:48:08,17.5,52.7
05/10/2026,20:53:08,17.4,52.6
05/10/2026,20:58:08,17.4,52.6
05/10/2026,21:03:08,17.4,52.5
05/10/2026,21:08:08,17.3,52.4
05/10/2026,21:13:08,17.3,52.4
05/10/2026,21:18:08,17.3,52.3
05/10/2026,21:23:08,17.2,52.3
05/10/2026,21:28:08,17.3,52.2
05/10/2026,21:33:08,17.2,52.2
05/10/2026,21:38:08,17.2,52
05/10/2026,21:43:08,17.2,52
05/10/2026,21:48:08,17.1,52
05/10/2026,21:53:08,17.1,51.9
05/10/2026,21:58:08,17.1,51.9
05/10/2026,22:03:08,17.1,51.8
05/10/2026,22:08:08,17.1,51.7
05/10/2026,22:13:08,17.1,51.6
05/10/2026,22:18:08,17.1,51.6
05/10/2026,22:23:08,17,51.5
05/10/2026,22:28:08,17,51.4
05/10/2026,22:33:08,17,51.3
05/10/2026,22:38:08,17,51.2
05/10/2026,22:43:08,16.9,51.2
05/10/2026,22:48:08,16.9,51
05/10/2026,22:53:08,16.9,50.9
05/10/2026,22:58:08,16.9,50.8
05/10/2026,23:03:08,16.8,50.7
05/10/2026,23:08:08,16.8,50.6
05/10/2026,23:13:08,16.8,50.6
05/10/2026,23:18:08,16.8,50.5
05/10/2026,23:23:08,16.8,50.5
05/10/2026,23:28:08,16.8,50.3
05/10/2026,23:33:08,16.7,50.3
05/10/2026,23:38:08,16.7,50.3
05/10/2026,23:43:08,16.7,50.3
05/10/2026,23:48:08,16.7,50
05/10/2026,23:53:08,16.6,50
05/10/2026,23:58:08,16.6,49.9
05/11/2026,00:03:08,16.6,49.8
05/11/2026,00:08:08,16.6,49.7
05/11/2026,00:13:08,16.6,49.6
05/11/2026,00:18:08,16.5,49.6
05/11/2026,00:23:08,16.5,49.6
05/11/2026,00:28:08,16.5,49.4
05/11/2026,00:33:08,16.5,49.4
05/11/2026,00:38:08,16.5,49.3
05/11/2026,00:43:08,16.4,49.2
05/11/2026,00:48:08,16.4,49.2
05/11/2026,00:53:08,16.4,49.1
05/11/2026,00:58:08,16.4,49
05/11/2026,01:03:08,16.3,48.9
05/11/2026,01:08:08,16.3,48.8
05/11/2026,01:13:08,16.3,48.9
05/11/2026,01:18:08,16.3,48.8
05/11/2026,01:23:08,16.2,48.7
05/11/2026,01:28:08,16.3,48.6
05/11/2026,01:33:08,16.2,48.6
05/11/2026,01:38:08,16.2,48.5
05/11/2026,01:43:08,16.2,48.5
05/11/2026,01:48:08,16.2,48.4
05/11/2026,01:53:08,16.1,48.3
05/11/2026,01:58:08,16.1,48.3
05/11/2026,02:03:08,16.1,48.2
05/11/2026,02:08:08,16.1,48.1
05/11/2026,02:13:08,16,48.1
05/11/2026,02:18:08,16,48.1
05/11/2026,02:23:08,16,48
05/11/2026,02:28:08,16,48
05/11/2026,02:33:08,16,47.9
05/11/2026,02:38:08,15.9,47.8
05/11/2026,02:43:08,15.9,47.8
05/11/2026,02:48:08,15.9,47.8
05/11/2026,02:53:08,15.9,47.7
05/11/2026,02:58:08,15.9,47.6
05/11/2026,03:03:08,15.8,47.7
05/11/2026,03:08:08,15.8,47.6
05/11/2026,03:13:08,15.8,47.5
05/11/2026,03:18:08,15.8,47.5
05/11/2026,03:23:08,15.8,47.4
05/11/2026,03:28:08,15.8,47.4
05/11/2026,03:33:08,15.7,47.3
05/11/2026,03:38:08,15.7,47.3
05/11/2026,03:43:08,15.7,47.2
05/11/2026,03:48:08,15.7,47.2
05/11/2026,03:53:08,15.6,47.2
05/11/2026,03:58:08,15.6,47.1
05/11/2026,04:03:08,15.6,47
05/11/2026,04:08:08,15.6,47
05/11/2026,04:13:08,15.5,47
05/11/2026,04:18:08,15.5,47
05/11/2026,04:23:08,15.5,47
05/11/2026,04:28:08,15.5,46.9
05/11/2026,04:33:08,15.5,46.9
05/11/2026,04:38:08,15.4,46.9
05/11/2026,04:43:08,15.4,46.8
05/11/2026,04:48:08,15.4,46.8
05/11/2026,04:53:08,15.4,46.8
05/11/2026,04:58:08,15.4,46.7
05/11/2026,05:03:08,15.3,46.7
05/11/2026,05:08:08,15.3,46.7
05/11/2026,05:13:08,15.3,46.7
05/11/2026,05:18:08,15.3,46.6
05/11/2026,05:23:08,15.3,46.6
05/11/2026,05:28:08,15.2,46.5
05/11/2026,05:33:08,15.2,46.6
05/11/2026,05:38:08,15.2,46.5
05/11/2026,05:43:08,15.2,46.5
05/11/2026,05:48:08,15.2,46.5
05/11/2026,05:53:08,15.1,46.5
05/11/2026,05:58:08,15.2,46.6
05/11/2026,06:03:08,15.1,46.6
05/11/2026,06:08:08,15.1,46.6
05/11/2026,06:13:08,15.1,46.8
05/11/2026,06:18:08,15.1,46.8
05/11/2026,06:23:08,15.1,46.8
05/11/2026,06:28:08,15.1,47
05/11/2026,06:33:08,15.1,47
05/11/2026,06:38:08,15.1,47
05/11/2026,06:43:08,15.1,47
05/11/2026,06:48:08,15.1,47
05/11/2026,06:53:08,15.1,47.3
05/11/2026,06:58:08,15.1,47.2
05/11/2026,07:03:08,15.1,47.3
05/11/2026,07:08:08,15.1,47.2
05/11/2026,07:13:08,15.1,47.2
05/11/2026,07:18:08,15.1,47.2
05/11/2026,07:23:08,15.1,47.7
05/11/2026,07:28:08,15.1,47.4
05/11/2026,07:33:08,15.1,47.6
05/11/2026,07:38:08,15.1,47.7
05/11/2026,07:43:08,15.1,47.8
05/11/2026,07:48:08,15.1,47.9
05/11/2026,07:53:08,15.1,47.9
05/11/2026,07:58:08,15.1,48.2
05/11/2026,08:03:08,15.1,48.3
05/11/2026,08:08:08,15.1,48.1
05/11/2026,08:13:08,15.1,48.3
05/11/2026,08:18:08,15.1,48.2
05/11/2026,08:23:08,15.1,48.3
05/11/2026,08:28:08,15.1,48.3
05/11/2026,08:33:08,15.1,48.3
05/11/2026,08:38:08,15.1,48.8
05/11/2026,08:43:08,15.1,48.4
05/11/2026,08:48:08,15.1,48.5
05/11/2026,08:53:08,15.1,48.5
05/11/2026,08:58:08,15.1,48.6
05/11/2026,09:03:08,15.1,48.6
05/11/2026,09:08:08,15.1,48.6
05/11/2026,09:13:08,15.1,48.7
05/11/2026,09:18:08,15.1,48.7
05/11/2026,09:23:08,15.1,48.8
05/11/2026,09:28:08,15.1,48.8
05/11/2026,09:33:08,15.1,48.9
05/11/2026,09:38:08,15.1,49
05/11/2026,09:43:08,15.1,49
05/11/2026,09:48:08,15.1,49.1
05/11/2026,09:53:08,15.1,49.2
05/11/2026,09:58:08,15.2,49.3
05/11/2026,10:03:08,15.2,49.4
05/11/2026,10:08:08,15.2,49.6
05/11/2026,10:13:08,15.2,49.8
05/11/2026,10:18:08,15.2,49.8
05/11/2026,10:23:08,15.2,49.9
05/11/2026,10:28:08,15.3,50
05/11/2026,10:33:08,15.2,50
05/11/2026,10:38:08,15.2,50
05/11/2026,10:43:08,15.2,50.1
05/11/2026,10:48:08,15.2,50.1
05/11/2026,10:53:08,15.3,50.2
05/11/2026,10:58:08,15.2,50.3
05/11/2026,11:03:08,15.2,50.2
05/11/2026,11:08:08,15.2,50.3
05/11/2026,11:13:08,15.2,50.3
05/11/2026,11:18:08,15.2,50.4
05/11/2026,11:23:08,15.2,50.4
05/11/2026,11:28:08,15.2,50.4
05/11/2026,11:33:08,15.2,50.4
05/11/2026,11:38:08,15.2,50.5
05/11/2026,11:43:08,15.2,50.6
05/11/2026,11:48:08,15.2,50.6
05/11/2026,11:53:08,15.2,50.6
05/11/2026,11:58:08,15.2,50.7
05/11/2026,12:03:08,15.2,50.7
05/11/2026,12:08:08,15.2,50.8
05/11/2026,12:13:08,15.2,50.8
05/11/2026,12:18:08,15.2,50.8
05/11/2026,12:23:08,15.2,50.8
05/11/2026,12:28:08,15.2,50.9
05/11/2026,12:33:08,15.2,50.9
05/11/2026,12:38:08,15.2,51
05/11/2026,12:43:08,15.2,51
05/11/2026,12:48:08,15.2,51
05/11/2026,12:53:08,15.1,51
05/11/2026,12:58:08,15.1,51.1
05/11/2026,13:03:08,15.1,51.1
05/11/2026,13:08:08,15.1,51.1
05/11/2026,13:13:08,15.2,51.1
05/11/2026,13:18:08,15.1,51.1
05/11/2026,13:23:08,15.1,51.2
05/11/2026,13:28:08,15.1,51.2
05/11/2026,13:33:08,15.1,51.2
05/11/2026,13:38:08,15.1,51.2
05/11/2026,13:43:08,15.1,51.2
05/11/2026,13:48:08,15.1,51.2
05/11/2026,13:53:08,15.1,51.2
05/11/2026,13:58:08,15.1,51.2
05/11/2026,14:03:08,15.1,51.3
05/11/2026,14:08:08,15.1,51.2
05/11/2026,14:13:08,15.1,51.3
05/11/2026,14:18:08,15.1,51.2
05/11/2026,14:23:08,15.1,51.2
05/11/2026,14:28:08,15.1,51.2
05/11/2026,14:33:08,15.1,51.2
05/11/2026,14:38:08,15.1,51.2
05/11/2026,14:43:08,15.1,51.2
05/11/2026,14:48:08,15.1,51.2
05/11/2026,14:53:08,15.1,51.2
05/11/2026,14:58:08,15.1,51.2
05/11/2026,15:03:08,15.1,51.2
05/11/2026,15:08:08,15.1,51.2
05/11/2026,15:13:08,15.1,51.2
05/11/2026,15:18:08,15.1,51.2
05/11/2026,15:23:08,15.1,51.2
05/11/2026,15:28:08,15.1,51.2
05/11/2026,15:33:08,15.1,51.2
05/11/2026,15:38:08,15.1,51.1
05/11/2026,15:43:08,15.1,51.1
05/11/2026,15:48:08,15.1,51.1
05/11/2026,15:53:08,15.1,51.1
05/11/2026,15:58:08,15.1,51.1
05/11/2026,16:03:08,15.1,51
05/11/2026,16:08:08,15.1,51
05/11/2026,16:13:08,15.1,51
05/11/2026,16:18:08,15.1,51
05/11/2026,16:23:08,15.1,51
05/11/2026,16:28:08,15.1,51
05/11/2026,16:33:08,15.1,51
05/11/2026,16:38:08,15.1,51
05/11/2026,16:43:08,15.1,50.9
05/11/2026,16:48:08,15.1,50.9
05/11/2026,16:53:08,15.1,50.9
05/11/2026,16:58:08,15.1,50.9
05/11/2026,17:03:08,15.1,50.9
05/11/2026,17:08:08,15.1,50.8
05/11/2026,17:13:08,15.1,50.8
05/11/2026,17:18:08,15.1,50.8
05/11/2026,17:23:08,15.1,50.8
05/11/2026,17:28:08,15.1,50.8
05/11/2026,17:33:08,15.1,50.8
05/11/2026,17:38:08,15.1,50.7
05/11/2026,17:43:08,15.1,50.8
05/11/2026,17:48:08,15.1,50.7
05/11/2026,17:53:08,15.1,50.7
05/11/2026,17:58:08,15.1,50.7
05/11/2026,18:03:08,15.1,50.7
05/11/2026,18:08:08,15.1,50.7
05/11/2026,18:13:08,15.1,50.6
05/11/2026,18:18:08,15.1,50.6
05/11/2026,18:23:08,15.1,50.6
05/11/2026,18:28:08,15.1,50.6
05/11/2026,18:33:08,15.1,50.5
05/11/2026,18:38:08,15,50.6
05/11/2026,18:43:08,15.1,50.6
05/11/2026,18:48:08,15,50.6
05/11/2026,18:53:08,15.1,50.6
05/11/2026,18:58:08,15,50.6
05/11/2026,19:03:08,15.1,50.7
05/11/2026,19:08:08,15.1,50.8
05/11/2026,19:13:08,15.1,50.8
05/11/2026,19:18:08,15.1,50.9
05/11/2026,19:23:08,15.1,51
05/11/2026,19:28:08,15.1,51.7
05/11/2026,19:33:08,15.2,51.5
05/11/2026,19:38:08,15.2,51.5
05/11/2026,19:43:08,15.3,51.6
05/11/2026,19:48:08,15.3,51.7
05/11/2026,19:53:08,15.3,51.8
05/11/2026,19:58:08,15.4,51.8
05/11/2026,20:03:08,15.4,51.7
05/11/2026,20:08:08,15.3,51.8
05/11/2026,20:13:08,15.4,51.8
05/11/2026,20:18:08,15.3,51.8
05/11/2026,20:23:08,15.3,51.8
05/11/2026,20:28:08,15.3,51.8
05/11/2026,20:33:08,15.3,51.8
05/11/2026,20:38:08,15.3,51.8
05/11/2026,20:43:08,15.3,51.8
05/11/2026,20:48:08,15.2,51.8
05/11/2026,20:53:08,15.2,51.8
05/11/2026,20:58:08,15.2,51.8
05/11/2026,21:03:08,15.2,51.8
05/11/2026,21:08:08,15.2,51.7
05/11/2026,21:13:08,15.2,51.7
05/11/2026,21:18:08,15.1,51.7
05/11/2026,21:23:08,15.1,51.7
05/11/2026,21:28:08,15.1,51.6
05/11/2026,21:33:08,15.1,51.5
05/11/2026,21:38:08,15.1,51.5
05/11/2026,21:43:08,15.1,51.5
05/11/2026,21:48:08,15.1,51.4
05/11/2026,21:53:08,15.1,51.4
05/11/2026,21:58:08,15,51.4
05/11/2026,22:03:08,15,51.3
05/11/2026,22:08:08,15,51.3
05/11/2026,22:13:08,15,51.2
05/11/2026,22:18:08,15,51.2
05/11/2026,22:23:08,14.9,51.1
05/11/2026,22:28:08,14.9,51.1
05/11/2026,22:33:08,14.9,51.1
05/11/2026,22:38:08,14.9,51.1
05/11/2026,22:43:08,14.9,51
05/11/2026,22:48:08,14.9,50.9
05/11/2026,22:53:08,14.8,50.9
05/11/2026,22:58:08,14.8,50.9
05/11/2026,23:03:08,14.8,50.8
05/11/2026,23:08:08,14.8,50.8
05/11/2026,23:13:08,14.8,50.8
05/11/2026,23:18:08,14.8,50.8
05/11/2026,23:23:08,14.8,50.7
05/11/2026,23:28:08,14.7,50.7
05/11/2026,23:33:08,14.7,50.7
05/11/2026,23:38:08,14.7,50.6
05/11/2026,23:43:08,14.7,50.6
05/11/2026,23:48:08,14.7,50.6
05/11/2026,23:53:08,14.7,50.5
05/11/2026,23:58:08,14.7,50.5
05/12/2026,00:03:08,14.7,50.5
05/12/2026,00:08:08,14.7,50.5
05/12/2026,00:13:08,14.7,50.4
05/12/2026,00:18:08,14.6,50.4
05/12/2026,00:23:08,14.6,50.4
05/12/2026,00:28:08,14.6,50.3
05/12/2026,00:33:08,14.6,50.3
05/12/2026,00:38:08,14.6,50.3
05/12/2026,00:43:08,14.6,50.2
05/12/2026,00:48:08,14.5,50.2
05/12/2026,00:53:08,14.5,50.3
05/12/2026,00:58:08,14.5,50.2
05/12/2026,01:03:08,14.5,50.1
05/12/2026,01:08:08,14.5,50.3
05/12/2026,01:13:08,14.5,50.2
05/12/2026,01:18:08,14.5,50
05/12/2026,01:23:08,14.4,49.8
05/12/2026,01:28:08,14.4,50
05/12/2026,01:33:08,14.4,50
05/12/2026,01:38:08,14.4,50.1
05/12/2026,01:43:08,14.4,50
05/12/2026,01:48:08,14.4,50
05/12/2026,01:53:08,14.4,49.9
05/12/2026,01:58:08,14.4,49.8
05/12/2026,02:03:08,14.3,49.7
05/12/2026,02:08:08,14.3,49.7
05/12/2026,02:13:08,14.3,49.7
05/12/2026,02:18:08,14.3,49.8
05/12/2026,02:23:08,14.3,49.7
05/12/2026,02:28:08,14.3,49.6
05/12/2026,02:33:08,14.3,49.6
05/12/2026,02:38:08,14.2,49.6
05/12/2026,02:43:08,14.2,49.6
05/12/2026,02:48:08,14.2,49.8
05/12/2026,02:53:08,14.2,49.4
05/12/2026,02:58:08,14.2,49.2
05/12/2026,03:03:08,14.2,49.2
05/12/2026,03:08:08,14.2,49.3
05/12/2026,03:13:08,14.1,49.1
05/12/2026,03:18:08,14.1,49.1
05/12/2026,03:23:08,14.1,49.1
05/12/2026,03:28:08,14.1,49.1
05/12/2026,03:33:08,14.1,49
05/12/2026,03:38:08,14.1,48.9
05/12/2026,03:43:08,14.1,48.9
05/12/2026,03:48:08,14,49
05/12/2026,03:53:08,14,48.9
05/12/2026,03:58:08,14,48.7
05/12/2026,04:03:08,14,48.7
05/12/2026,04:08:08,14,48.6
05/12/2026,04:13:08,14,48.9
05/12/2026,04:18:08,13.9,48.6
05/12/2026,04:23:08,13.9,48.6
05/12/2026,04:28:08,13.9,48.6
05/12/2026,04:33:08,13.9,48.4
05/12/2026,04:38:08,13.9,48.5
05/12/2026,04:43:08,13.9,48.4
05/12/2026,04:48:08,13.9,48.4
05/12/2026,04:53:08,13.8,48.4
05/12/2026,04:58:08,13.8,48.4
05/12/2026,05:03:08,13.8,48.4
05/12/2026,05:08:08,13.8,48.5
05/12/2026,05:13:08,13.8,48.4
05/12/2026,05:18:08,13.8,48.3
05/12/2026,05:23:08,13.8,48.3
05/12/2026,05:28:08,13.8,48.4
05/12/2026,05:33:08,13.7,48.2
05/12/2026,05:38:08,13.7,48.2
05/12/2026,05:43:08,13.7,48.3
05/12/2026,05:48:08,13.7,48.3
05/12/2026,05:53:08,13.7,48.1
05/12/2026,05:58:08,13.7,48.1
05/12/2026,06:03:08,13.7,48.1
05/12/2026,06:08:08,13.6,48.1
05/12/2026,06:13:08,13.6,48
05/12/2026,06:18:08,13.6,48
05/12/2026,06:23:08,13.6,48.1
05/12/2026,06:28:08,13.6,48.1
05/12/2026,06:33:08,13.6,48
05/12/2026,06:38:08,13.6,48.1
05/12/2026,06:43:08,13.5,48.1
05/12/2026,06:48:08,13.6,48
05/12/2026,06:53:08,13.5,48.2
05/12/2026,06:58:08,13.5,48.1
05/12/2026,07:03:08,13.5,48.2
05/12/2026,07:08:08,13.5,48.3
05/12/2026,07:13:08,13.5,48.4
05/12/2026,07:18:08,13.5,48.2
05/12/2026,07:23:08,13.5,48.2
05/12/2026,07:28:08,13.5,48.4
05/12/2026,07:33:08,13.5,48.6
05/12/2026,07:38:08,13.5,48.5
05/12/2026,07:43:08,13.5,48.3
05/12/2026,07:48:08,13.5,48.6
05/12/2026,07:53:08,13.5,48.6
05/12/2026,07:58:08,13.5,48.5
05/12/2026,08:03:08,13.5,48.6
05/12/2026,08:08:08,13.5,48.8
05/12/2026,08:13:08,13.5,48.7
05/12/2026,08:18:08,13.5,48.8
05/12/2026,08:23:08,13.5,49
05/12/2026,08:28:08,13.5,49.1
05/12/2026,08:33:08,13.5,49.1
05/12/2026,08:38:08,13.5,49.1
05/12/2026,08:43:08,13.5,49.1
05/12/2026,08:48:08,13.5,48.9
05/12/2026,08:53:08,13.5,49.1
05/12/2026,08:58:08,13.5,49.1
05/12/2026,09:03:08,13.5,49.3
05/12/2026,09:08:08,13.5,49.1
05/12/2026,09:13:08,13.5,49.2
05/12/2026,09:18:08,13.5,49.2
05/12/2026,09:23:08,13.6,49.3
05/12/2026,09:28:08,13.6,49.5
05/12/2026,09:33:08,13.5,49.4
05/12/2026,09:38:08,13.6,49.6
05/12/2026,09:43:08,13.6,49.6
05/12/2026,09:48:08,13.6,49.7
05/12/2026,09:53:08,13.6,49.7
05/12/2026,09:58:08,13.6,49.8
05/12/2026,10:03:08,13.6,49.7
05/12/2026,10:08:08,13.6,49.8
05/12/2026,10:13:08,13.6,49.8
05/12/2026,10:18:08,13.6,49.9
05/12/2026,10:23:08,13.6,49.9
05/12/2026,10:28:08,13.6,49.9
05/12/2026,10:33:08,13.6,49.8
05/12/2026,10:38:08,13.6,49.9
05/12/2026,10:43:08,13.6,50
05/12/2026,10:48:08,13.6,49.9
05/12/2026,10:53:08,13.6,49.9
05/12/2026,10:58:08,13.7,50
05/12/2026,11:03:08,13.6,50.1
05/12/2026,11:08:08,13.6,50
05/12/2026,11:13:08,13.6,50.1
05/12/2026,11:18:08,13.7,50.1
05/12/2026,11:23:08,13.7,50.1
05/12/2026,11:28:08,13.6,50
05/12/2026,11:33:08,13.7,50.1
05/12/2026,11:38:08,13.6,50
05/12/2026,11:43:08,13.7,50.1
05/12/2026,11:48:08,13.7,50.1
05/12/2026,11:53:08,13.7,50.1
05/12/2026,11:58:08,13.7,50.2
05/12/2026,12:03:08,13.7,50.2
05/12/2026,12:08:08,13.7,50.3
05/12/2026,12:13:08,13.7,50.3
05/12/2026,12:18:08,13.7,50.4
05/12/2026,12:23:08,13.7,50.4
05/12/2026,12:28:08,13.7,50.5
05/12/2026,12:33:08,13.8,50.6
05/12/2026,12:38:08,13.8,50.9
05/12/2026,12:43:08,13.9,51
05/12/2026,12:48:08,13.9,50.9
05/12/2026,12:53:08,13.9,50.9
05/12/2026,12:58:08,14,51.1
05/12/2026,13:03:08,14,51.2
05/12/2026,13:08:08,14,51.2
05/12/2026,13:13:08,14,51.2
05/12/2026,13:18:08,14.1,51.3
05/12/2026,13:23:08,14.1,51.4
05/12/2026,13:28:08,14.1,51.4
05/12/2026,13:33:08,14.1,51.4
05/12/2026,13:38:08,14.1,51.4
05/12/2026,13:43:08,14.1,51.5
05/12/2026,13:48:08,14.1,51.5
05/12/2026,13:53:08,14.1,51.6
05/12/2026,13:58:08,14.1,51.6
05/12/2026,14:03:08,14.1,51.6
05/12/2026,14:08:08,14.1,51.7
05/12/2026,14:13:08,14.1,51.7
05/12/2026,14:18:08,14.1,51.7
05/12/2026,14:23:08,14.1,51.8
05/12/2026,14:28:08,14.1,51.9
05/12/2026,14:33:08,14.1,51.9
05/12/2026,14:38:08,14.1,51.9
05/12/2026,14:43:08,14.1,51.9
05/12/2026,14:48:08,14.1,52
05/12/2026,14:53:08,14.1,52
05/12/2026,14:58:08,14.1,52
05/12/2026,15:03:08,14.1,52.1
05/12/2026,15:08:08,14.1,52.1
05/12/2026,15:13:08,14.1,52.1
05/12/2026,15:18:08,14.1,52.1
05/12/2026,15:23:08,14.1,52.2
05/12/2026,15:28:08,14.1,52.3
05/12/2026,15:33:08,14.2,52.3
05/12/2026,15:38:08,14.1,52.3
05/12/2026,15:43:08,14.1,52.4
05/12/2026,15:48:08,14.1,52.4
05/12/2026,15:53:08,14.1,52.4
05/12/2026,15:58:08,14.2,52.5
05/12/2026,16:03:08,14.2,52.5
05/12/2026,16:08:08,14.2,52.6
05/12/2026,16:13:08,14.1,52.6
05/12/2026,16:18:08,14.2,52.7
05/12/2026,16:23:08,14.2,52.7
05/12/2026,16:28:08,14.2,52.8
05/12/2026,16:33:08,14.2,52.9
05/12/2026,16:38:08,14.2,52.9
05/12/2026,16:43:08,14.2,53
05/12/2026,16:48:08,14.2,53.1
05/12/2026,16:53:08,14.2,53.1
05/12/2026,16:58:08,14.2,53.1
05/12/2026,17:03:08,14.2,53.2
05/12/2026,17:08:08,14.2,53.3
05/12/2026,17:13:08,14.3,53.4
05/12/2026,17:18:08,14.3,53.5
05/12/2026,17:23:08,14.3,53.5
05/12/2026,17:28:08,14.3,53.6
05/12/2026,17:33:08,14.3,53.6
05/12/2026,17:38:08,14.4,53.6
05/12/2026,17:43:08,14.4,53.7
05/12/2026,17:48:08,14.4,53.7
05/12/2026,17:53:08,14.4,53.7
05/12/2026,17:58:08,14.4,53.7
05/12/2026,18:03:08,14.4,53.7
05/12/2026,18:08:08,14.5,53.8
05/12/2026,18:13:08,14.5,53.8
05/12/2026,18:18:08,14.5,53.8
05/12/2026,18:23:08,14.5,53.8
05/12/2026,18:28:08,14.5,53.9
05/12/2026,18:33:08,14.5,53.9
05/12/2026,18:38:08,14.5,54
05/12/2026,18:43:08,14.5,54.1
05/12/2026,18:48:08,14.5,54.2
05/12/2026,18:53:08,14.5,54.2
05/12/2026,18:58:08,14.6,54.3
05/12/2026,19:03:08,14.5,54.4
05/12/2026,19:08:08,14.6,54.7
05/12/2026,19:13:08,14.7,54.9
05/12/2026,19:18:08,14.7,55
05/12/2026,19:23:08,14.8,55
05/12/2026,19:28:08,14.8,55.1
05/12/2026,19:33:08,14.8,55.2
05/12/2026,19:38:08,14.8,55.3
05/12/2026,19:43:08,14.9,55.4
05/12/2026,19:48:08,14.9,55.5
05/12/2026,19:53:08,15,55.5
05/12/2026,19:58:08,15,55.5
05/12/2026,20:03:08,15,55.5
05/12/2026,20:08:08,15,55.5
05/12/2026,20:13:08,15,55.6
05/12/2026,20:18:08,15,55.6
05/12/2026,20:23:08,15,55.6
05/12/2026,20:28:08,15,55.7
05/12/2026,20:33:08,15,55.7
05/12/2026,20:38:08,15,55.7
05/12/2026,20:43:08,15,55.7
05/12/2026,20:48:08,15,55.7
05/12/2026,20:53:08,15,55.7
05/12/2026,20:58:08,15,55.6
05/12/2026,21:03:08,14.9,55.6
05/12/2026,21:08:08,14.9,55.6
05/12/2026,21:13:08,14.9,55.6
05/12/2026,21:18:08,14.9,55.6
05/12/2026,21:23:08,14.9,55.5
05/12/2026,21:28:08,14.9,55.5
05/12/2026,21:33:08,14.8,55.4
05/12/2026,21:38:08,14.8,55.4
05/12/2026,21:43:08,14.8,55.4
05/12/2026,21:48:08,14.8,55.3
05/12/2026,21:53:08,14.8,55.3
05/12/2026,21:58:08,14.8,55.3
05/12/2026,22:03:08,14.7,55.2
05/12/2026,22:08:08,14.7,55.2
05/12/2026,22:13:08,14.7,55.2
05/12/2026,22:18:08,14.7,55.1
05/12/2026,22:23:08,14.7,55.1
05/12/2026,22:28:08,14.7,55
05/12/2026,22:33:08,14.7,55
05/12/2026,22:38:08,14.7,54.9
05/12/2026,22:43:08,14.7,55
05/12/2026,22:48:08,14.7,54.9
05/12/2026,22:53:08,14.6,54.8
05/12/2026,22:58:08,14.6,54.8
05/12/2026,23:03:08,14.6,54.8
05/12/2026,23:08:08,14.6,54.7
05/12/2026,23:13:08,14.6,54.7
05/12/2026,23:18:08,14.6,54.7
05/12/2026,23:23:08,14.6,54.7
05/12/2026,23:28:08,14.6,54.6
05/12/2026,23:33:08,14.5,54.6
05/12/2026,23:38:08,14.5,54.6
05/12/2026,23:43:08,14.5,54.5
05/12/2026,23:48:08,14.5,54.5
05/12/2026,23:53:08,14.5,54.5
05/12/2026,23:58:08,14.5,54.4
05/13/2026,00:03:08,14.5,54.3
05/13/2026,00:08:08,14.5,54.2
05/13/2026,00:13:08,14.5,54.3
05/13/2026,00:18:08,14.5,54.2
05/13/2026,00:23:08,14.4,54.2
05/13/2026,00:28:08,14.4,54.2
05/13/2026,00:33:08,14.4,54.1
05/13/2026,00:38:08,14.4,54.1
05/13/2026,00:43:08,14.4,54.1
05/13/2026,00:48:08,14.4,54.1
05/13/2026,00:53:08,14.4,54
05/13/2026,00:58:08,14.4,54
05/13/2026,01:03:08,14.4,54
05/13/2026,01:08:08,14.4,54
05/13/2026,01:13:08,14.4,53.9
05/13/2026,01:18:08,14.4,53.9
05/13/2026,01:23:08,14.4,53.9
05/13/2026,01:28:08,14.4,53.8
05/13/2026,01:33:08,14.3,53.8
05/13/2026,01:38:08,14.3,53.8
05/13/2026,01:43:08,14.3,53.8
05/13/2026,01:48:08,14.3,53.8
05/13/2026,01:53:08,14.3,53.7
05/13/2026,01:58:08,14.3,53.7
05/13/2026,02:03:08,14.3,53.6
05/13/2026,02:08:08,14.3,53.6
05/13/2026,02:13:08,14.3,53.6
05/13/2026,02:18:08,14.3,53.5
05/13/2026,02:23:08,14.3,53.5
05/13/2026,02:28:08,14.3,53.5
05/13/2026,02:33:08,14.2,53.5
05/13/2026,02:38:08,14.3,53.5
05/13/2026,02:43:08,14.2,53.4
05/13/2026,02:48:08,14.2,53.4
05/13/2026,02:53:08,14.2,53.4
05/13/2026,02:58:08,14.2,53.3
05/13/2026,03:03:08,14.2,53.4
05/13/2026,03:08:08,14.2,53.3
05/13/2026,03:13:08,14.2,53.3
05/13/2026,03:18:08,14.2,53.2
05/13/2026,03:23:08,14.2,53.2
05/13/2026,03:28:08,14.2,53.2
05/13/2026,03:33:08,14.2,53.1
05/13/2026,03:38:08,14.2,53.2
05/13/2026,03:43:08,14.1,53.1
05/13/2026,03:48:08,14.2,53.1
05/13/2026,03:53:08,14.1,53.1
05/13/2026,03:58:08,14.1,53.1
05/13/2026,04:03:08,14.1,53.1
05/13/2026,04:08:08,14.1,53
05/13/2026,04:13:08,14.1,53
05/13/2026,04:18:08,14.1,53
05/13/2026,04:23:08,14.1,53
05/13/2026,04:28:08,14.1,53
05/13/2026,04:33:08,14.1,52.9
05/13/2026,04:38:08,14.1,52.9
05/13/2026,04:43:08,14.1,52.9
05/13/2026,04:48:08,14.1,52.9
05/13/2026,04:53:08,14.1,53
05/13/2026,04:58:08,14.1,52.9
05/13/2026,05:03:08,14.1,52.9
05/13/2026,05:08:08,14.1,52.9
05/13/2026,05:13:08,14.1,52.8
05/13/2026,05:18:08,14.1,52.9
05/13/2026,05:23:08,14.1,52.9
05/13/2026,05:28:08,14,52.9
05/13/2026,05:33:08,14,52.8
05/13/2026,05:38:08,14,52.8
05/13/2026,05:43:08,14,52.8
05/13/2026,05:48:08,14,52.8
05/13/2026,05:53:08,14,52.8
05/13/2026,05:58:08,14,52.8
05/13/2026,06:03:08,14,52.8
05/13/2026,06:08:08,14,52.9
05/13/2026,06:13:08,14,52.8
05/13/2026,06:18:08,14,52.8
05/13/2026,06:23:08,14,52.9
05/13/2026,06:28:08,14,52.9
05/13/2026,06:33:08,14,52.9
05/13/2026,06:38:08,14,52.8
05/13/2026,06:43:08,14,52.9
05/13/2026,06:48:08,13.9,52.9
05/13/2026,06:53:08,14,53
05/13/2026,06:58:08,13.9,52.9
05/13/2026,07:03:08,14,52.9
05/13/2026,07:08:08,13.9,52.9
05/13/2026,07:13:08,13.9,52.9
05/13/2026,07:18:08,14,52.9
05/13/2026,07:23:08,13.9,53
05/13/2026,07:28:08,13.9,52.9
05/13/2026,07:33:08,13.9,52.9
05/13/2026,07:38:08,13.9,52.9
05/13/2026,07:43:08,13.9,52.9
05/13/2026,07:48:08,13.9,52.9
05/13/2026,07:53:08,13.9,52.9
05/13/2026,07:58:08,13.9,53
05/13/2026,08:03:08,13.9,53.1
05/13/2026,08:08:08,13.9,53.1
05/13/2026,08:13:08,13.9,53.2
05/13/2026,08:18:08,13.9,53.2
05/13/2026,08:23:08,13.9,53.2
05/13/2026,08:28:08,13.9,53.1
05/13/2026,08:33:08,13.9,53.1
05/13/2026,08:38:08,13.9,53.2
05/13/2026,08:43:08,13.9,53.2
05/13/2026,08:48:08,13.9,53.2
05/13/2026,08:53:08,13.9,53.2
05/13/2026,08:58:08,13.9,53.2
05/13/2026,09:03:08,13.9,53.3
05/13/2026,09:08:08,13.9,53.3
05/13/2026,09:13:08,14,53.3
05/13/2026,09:18:08,13.9,53.3
05/13/2026,09:23:08,13.9,53.3
05/13/2026,09:28:08,13.9,53.4
05/13/2026,09:33:08,14,53.4
05/13/2026,09:38:08,14,53.7
05/13/2026,09:43:08,14,53.6
05/13/2026,09:48:08,14.1,53.7
05/13/2026,09:53:08,14.1,53.7
05/13/2026,09:58:08,14.1,53.7
05/13/2026,10:03:08,14.1,53.7
05/13/2026,10:08:08,14.1,53.8
05/13/2026,10:13:08,14.2,53.9
05/13/2026,10:18:08,14.2,54
05/13/2026,10:23:08,14.2,54
05/13/2026,10:28:08,14.2,53.9
05/13/2026,10:33:08,14.2,53.9
05/13/2026,10:38:08,14.2,53.9
05/13/2026,10:43:08,14.2,54
05/13/2026,10:48:08,14.2,54
05/13/2026,10:53:08,14.2,54
05/13/2026,10:58:08,14.2,54
05/13/2026,11:03:08,14.2,54
05/13/2026,11:08:08,14.2,54
05/13/2026,11:13:08,14.2,54
05/13/2026,11:18:08,14.2,54
05/13/2026,11:23:08,14.2,54
05/13/2026,11:28:08,14.2,53.9
05/13/2026,11:33:08,14.2,54
05/13/2026,11:38:08,14.2,54
05/13/2026,11:43:08,14.2,54
05/13/2026,11:48:08,14.2,54.1
05/13/2026,11:53:08,14.2,54.1
05/13/2026,11:58:08,14.2,54.1
05/13/2026,12:03:08,14.2,54.2
05/13/2026,12:08:08,14.2,54.2
05/13/2026,12:13:08,14.1,54.2
05/13/2026,12:18:08,14.2,54.3
05/13/2026,12:23:08,14.2,54.3
05/13/2026,12:28:08,14.1,54.3
05/13/2026,12:33:08,14.1,54.3
05/13/2026,12:38:08,14.2,54.4
05/13/2026,12:43:08,14.2,54.4
05/13/2026,12:48:08,14.2,54.5
05/13/2026,12:53:08,14.2,54.5
05/13/2026,12:58:08,14.2,54.5
05/13/2026,13:03:08,14.2,54.4
05/13/2026,13:08:08,14.2,54.5
05/13/2026,13:13:08,14.1,54.5
05/13/2026,13:18:08,14.2,54.6
05/13/2026,13:23:08,14.2,54.6
05/13/2026,13:28:08,14.2,54.6
05/13/2026,13:33:08,14.2,54.6
05/13/2026,13:38:08,14.2,54.7
05/13/2026,13:43:08,14.2,54.7
05/13/2026,13:48:08,14.2,54.7
05/13/2026,13:53:08,14.2,54.7
05/13/2026,13:58:08,14.2,54.7
05/13/2026,14:03:08,14.2,54.7
05/13/2026,14:08:08,14.2,54.7
05/13/2026,14:13:08,14.2,54.8
05/13/2026,14:18:08,14.2,54.8
05/13/2026,14:23:08,14.2,54.8
05/13/2026,14:28:08,14.2,54.9
05/13/2026,14:33:08,14.2,55
05/13/2026,14:38:08,14.2,55
05/13/2026,14:43:08,14.2,55
05/13/2026,14:48:08,14.3,55.1
05/13/2026,14:53:08,14.2,55.2
05/13/2026,14:58:08,14.3,55.3
05/13/2026,15:03:08,14.3,55.3
05/13/2026,15:08:08,14.3,55.3
05/13/2026,15:13:08,14.3,55.3
05/13/2026,15:18:08,14.3,55.3
05/13/2026,15:23:08,14.3,55.3
05/13/2026,15:28:08,14.3,55.3
05/13/2026,15:33:08,14.4,55.4
05/13/2026,15:38:08,14.4,55.4
05/13/2026,15:43:08,14.4,55.3
05/13/2026,15:48:08,14.4,55.3
05/13/2026,15:53:08,14.4,55.4
05/13/2026,15:58:08,14.4,55.4
05/13/2026,16:03:08,14.4,55.4
05/13/2026,16:08:08,14.4,55.4
05/13/2026,16:13:08,14.4,55.5
05/13/2026,16:18:08,14.4,55.4
05/13/2026,16:23:08,14.4,55.5
05/13/2026,16:28:08,14.4,55.5
05/13/2026,16:33:08,14.4,55.5
05/13/2026,16:38:08,14.4,55.6
05/13/2026,16:43:08,14.4,55.5
05/13/2026,16:48:08,14.4,55.6
05/13/2026,16:53:08,14.4,55.5
05/13/2026,16:58:08,14.4,55.6
05/13/2026,17:03:08,14.4,55.6
05/13/2026,17:08:08,14.5,55.6
05/13/2026,17:13:08,14.5,55.6
05/13/2026,17:18:08,14.4,55.6
05/13/2026,17:23:08,14.4,55.6
05/13/2026,17:28:08,14.4,55.6
05/13/2026,17:33:08,14.4,55.6
05/13/2026,17:38:08,14.4,55.7
05/13/2026,17:43:08,14.4,55.7
05/13/2026,17:48:08,14.4,55.7
05/13/2026,17:53:08,14.4,55.7
05/13/2026,17:58:08,14.4,55.7
05/13/2026,18:03:08,14.4,55.7
05/13/2026,18:08:08,14.4,55.7
05/13/2026,18:13:08,14.4,55.7
05/13/2026,18:18:08,14.4,55.7
05/13/2026,18:23:08,14.4,55.8
05/13/2026,18:28:08,14.4,55.8
05/13/2026,18:33:08,14.4,55.8
05/13/2026,18:38:08,14.4,55.8
05/13/2026,18:43:08,14.4,55.9
05/13/2026,18:48:08,14.4,56
05/13/2026,18:53:08,14.4,56.1
05/13/2026,18:58:08,14.4,56.3
05/13/2026,19:03:08,14.5,56.5
05/13/2026,19:08:08,14.5,56.9
05/13/2026,19:13:08,14.6,57.5
05/13/2026,19:18:08,14.6,57.7
05/13/2026,19:23:08,14.7,57.9
05/13/2026,19:28:08,14.7,58.2
05/13/2026,19:33:08,14.8,58.4
05/13/2026,19:38:08,14.9,58.6
05/13/2026,19:43:08,14.9,58.8
05/13/2026,19:48:08,15,59.1
05/13/2026,19:53:08,15,59.2
05/13/2026,19:58:08,15.1,59.5
05/13/2026,20:03:08,15.2,59.7
05/13/2026,20:08:08,15.2,59.8
05/13/2026,20:13:08,15.2,60
05/13/2026,20:18:08,15.3,60
05/13/2026,20:23:08,15.3,59.9
05/13/2026,20:28:08,15.3,59.9
05/13/2026,20:33:08,15.2,59.8
05/13/2026,20:38:08,15.2,59.8
05/13/2026,20:43:08,15.2,59.8
05/13/2026,20:48:08,15.2,59.8
05/13/2026,20:53:08,15.1,59.8
05/13/2026,20:58:08,15.1,59.8
05/13/2026,21:03:08,15.1,59.8
05/13/2026,21:08:08,15,59.7
05/13/2026,21:13:08,15,59.6
05/13/2026,21:18:08,15,59.6
05/13/2026,21:23:08,15,59.6
05/13/2026,21:28:08,14.9,59.5
05/13/2026,21:33:08,14.9,59.5
05/13/2026,21:38:08,14.9,59.5
05/13/2026,21:43:08,14.9,59.4
05/13/2026,21:48:08,14.8,59.4
05/13/2026,21:53:08,14.8,59.4
05/13/2026,21:58:08,14.8,59.3
05/13/2026,22:03:08,14.8,59.3
05/13/2026,22:08:08,14.8,59.2
05/13/2026,22:13:08,14.7,59.2
05/13/2026,22:18:08,14.7,59.1
05/13/2026,22:23:08,14.7,59.1
05/13/2026,22:28:08,14.7,59.1
05/13/2026,22:33:08,14.6,59
05/13/2026,22:38:08,14.6,58.9
05/13/2026,22:43:08,14.6,58.9
05/13/2026,22:48:08,14.6,58.9
05/13/2026,22:53:08,14.6,58.8
05/13/2026,22:58:08,14.6,58.8
05/13/2026,23:03:08,14.6,58.7
05/13/2026,23:08:08,14.5,58.7
05/13/2026,23:13:08,14.5,58.6
05/13/2026,23:18:08,14.5,58.6
05/13/2026,23:23:08,14.5,58.5
05/13/2026,23:28:08,14.5,58.5
05/13/2026,23:33:08,14.4,58.4
05/13/2026,23:38:08,14.4,58.4
05/13/2026,23:43:08,14.4,58.4
05/13/2026,23:48:08,14.4,58.3
05/13/2026,23:53:08,14.4,58.3
05/13/2026,23:58:08,14.4,58.2
05/14/2026,00:03:08,14.4,58.2
05/14/2026,00:08:08,14.3,58.1
05/14/2026,00:13:08,14.3,58.1
05/14/2026,00:18:08,14.3,58.1
05/14/2026,00:23:08,14.3,58
05/14/2026,00:28:08,14.3,58
05/14/2026,00:33:08,14.3,57.9
05/14/2026,00:38:08,14.2,57.9
05/14/2026,00:43:08,14.2,57.8
05/14/2026,00:48:08,14.2,57.9
05/14/2026,00:53:08,14.2,57.8
05/14/2026,00:58:08,14.2,57.7
05/14/2026,01:03:08,14.2,57.7
05/14/2026,01:08:08,14.2,57.6
05/14/2026,01:13:08,14.1,57.6
05/14/2026,01:18:08,14.1,57.5
05/14/2026,01:23:08,14.1,57.5
05/14/2026,01:28:08,14.1,57.5
05/14/2026,01:33:08,14.1,57.4
05/14/2026,01:38:08,14.1,57.4
05/14/2026,01:43:08,14.1,57.4
05/14/2026,01:48:08,14,57.3
05/14/2026,01:53:08,14.1,57.3
05/14/2026,01:58:08,14.1,57.3
05/14/2026,02:03:08,14,57.2
05/14/2026,02:08:08,14,57.2
05/14/2026,02:13:08,14,57.2
05/14/2026,02:18:08,14,57.2
05/14/2026,02:23:08,14,57.1
05/14/2026,02:28:08,14,57.1
05/14/2026,02:33:08,14,57
05/14/2026,02:38:08,13.9,57
05/14/2026,02:43:08,13.9,57
05/14/2026,02:48:08,13.9,56.9
05/14/2026,02:53:08,13.9,56.9
05/14/2026,02:58:08,13.9,57
05/14/2026,03:03:08,13.9,56.9
05/14/2026,03:08:08,13.9,56.9
05/14/2026,03:13:08,13.9,56.8
05/14/2026,03:18:08,13.9,56.8
05/14/2026,03:23:08,13.9,56.8
05/14/2026,03:28:08,13.9,56.8
05/14/2026,03:33:08,13.8,56.8
05/14/2026,03:38:08,13.8,56.7
05/14/2026,03:43:08,13.8,56.7
05/14/2026,03:48:08,13.8,56.7
05/14/2026,03:53:08,13.8,56.7
05/14/2026,03:58:08,13.8,56.7
05/14/2026,04:03:08,13.8,56.6
05/14/2026,04:08:08,13.8,56.6
05/14/2026,04:13:08,13.7,56.6
05/14/2026,04:18:08,13.8,56.5
05/14/2026,04:23:08,13.7,56.5
05/14/2026,04:28:08,13.7,56.5
05/14/2026,04:33:08,13.7,56.5
05/14/2026,04:38:08,13.7,56.5
05/14/2026,04:43:08,13.7,56.4
05/14/2026,04:48:08,13.7,56.4
05/14/2026,04:53:08,13.7,56.4
05/14/2026,04:58:08,13.7,56.4
05/14/2026,05:03:08,13.6,56.3
05/14/2026,05:08:08,13.7,56.3
05/14/2026,05:13:08,13.6,56.3
05/14/2026,05:18:08,13.6,56.3
05/14/2026,05:23:08,13.6,56.2
05/14/2026,05:28:08,13.6,56.2
05/14/2026,05:33:08,13.6,56.2
05/14/2026,05:38:08,13.6,56.2
05/14/2026,05:43:08,13.6,56.1
05/14/2026,05:48:08,13.5,56.1
05/14/2026,05:53:08,13.6,56.1
05/14/2026,05:58:08,13.5,56.1
05/14/2026,06:03:08,13.5,56.1
05/14/2026,06:08:08,13.5,56
05/14/2026,06:13:08,13.5,56.1
05/14/2026,06:18:08,13.5,56
05/14/2026,06:23:08,13.5,56
05/14/2026,06:28:08,13.5,56
05/14/2026,06:33:08,13.5,56
05/14/2026,06:38:08,13.5,56
05/14/2026,06:43:08,13.5,56
05/14/2026,06:48:08,13.5,56
05/14/2026,06:53:08,13.4,55.9
05/14/2026,06:58:08,13.4,56
05/14/2026,07:03:08,13.4,55.9
05/14/2026,07:08:08,13.4,55.8
05/14/2026,07:13:08,13.4,55.8
05/14/2026,07:18:08,13.4,55.8
05/14/2026,07:23:08,13.4,55.8
05/14/2026,07:28:08,13.4,55.8
05/14/2026,07:33:08,13.4,55.7
05/14/2026,07:38:08,13.4,55.8
05/14/2026,07:43:08,13.4,55.8
05/14/2026,07:48:08,13.4,55.7
05/14/2026,07:53:08,13.4,55.7
05/14/2026,07:58:08,13.4,55.8
05/14/2026,08:03:08,13.4,55.8
05/14/2026,08:08:08,13.4,55.7
05/14/2026,08:13:08,13.4,55.7
05/14/2026,08:18:08,13.4,55.7
05/14/2026,08:23:08,13.4,55.7
05/14/2026,08:28:08,13.4,55.7
05/14/2026,08:33:08,13.4,55.7
05/14/2026,08:38:08,13.4,55.7
05/14/2026,08:43:08,13.4,55.7
05/14/2026,08:48:08,13.4,55.8
05/14/2026,08:53:08,13.4,55.8
05/14/2026,08:58:08,13.4,55.8
05/14/2026,09:03:08,13.4,55.9
05/14/2026,09:08:08,13.4,56
05/14/2026,09:13:08,13.4,56
05/14/2026,09:18:08,13.4,56.1
05/14/2026,09:23:08,13.4,56.1
05/14/2026,09:28:08,13.5,56.2
05/14/2026,09:33:08,13.5,56.4
05/14/2026,09:38:08,13.5,56.6
05/14/2026,09:43:08,13.6,56.8
05/14/2026,09:48:08,13.6,56.9
05/14/2026,09:53:08,13.6,57.1
05/14/2026,09:58:08,13.7,57.4
05/14/2026,10:03:08,13.7,57.6
05/14/2026,10:08:08,13.8,57.7
05/14/2026,10:13:08,13.8,57.9
05/14/2026,10:18:08,13.9,58.2
05/14/2026,10:23:08,13.9,58.3
05/14/2026,10:28:08,13.9,58.3
05/14/2026,10:33:08,13.9,58.4
05/14/2026,10:38:08,14,58.4
05/14/2026,10:43:08,14,58.4
05/14/2026,10:48:08,14,58.5
05/14/2026,10:53:08,14,58.5
05/14/2026,10:58:08,13.9,58.5
05/14/2026,11:03:08,13.9,58.5
05/14/2026,11:08:08,13.9,58.5
05/14/2026,11:13:08,13.9,58.5
05/14/2026,11:18:08,13.9,58.5
05/14/2026,11:23:08,13.9,58.5
05/14/2026,11:28:08,13.9,58.5
05/14/2026,11:33:08,13.9,58.5
05/14/2026,11:38:08,13.9,58.5
05/14/2026,11:43:08,13.9,58.5
05/14/2026,11:48:08,13.9,58.5
05/14/2026,11:53:08,13.9,58.4
05/14/2026,11:58:08,13.9,58.4
05/14/2026,12:03:08,13.9,58.4
05/14/2026,12:08:08,13.9,58.4
05/14/2026,12:13:08,13.9,58.3
05/14/2026,12:18:08,13.9,58.3
05/14/2026,12:23:08,13.9,58.3
05/14/2026,12:28:08,13.9,58.2
05/14/2026,12:33:08,13.9,58.2
05/14/2026,12:38:08,13.9,58.2
05/14/2026,12:43:08,13.9,58.2
05/14/2026,12:48:08,13.9,58.2
05/14/2026,12:53:08,13.9,58.1
05/14/2026,12:58:08,13.8,58.2
05/14/2026,13:03:08,13.9,58.2
05/14/2026,13:08:08,13.9,58.2
05/14/2026,13:13:08,13.9,58.1
05/14/2026,13:18:08,13.9,58.1
05/14/2026,13:23:08,13.8,58
05/14/2026,13:28:08,13.8,58
05/14/2026,13:33:08,13.9,58
05/14/2026,13:38:08,13.9,58
05/14/2026,13:43:08,13.9,58
05/14/2026,13:48:08,13.9,58
05/14/2026,13:53:08,13.9,58
05/14/2026,13:58:08,13.9,58
05/14/2026,14:03:08,13.9,58
05/14/2026,14:08:08,13.9,58.1
05/14/2026,14:13:08,13.9,58.1
05/14/2026,14:18:08,13.8,58.1
05/14/2026,14:23:08,13.9,58.1
05/14/2026,14:28:08,13.8,58.1
05/14/2026,14:33:08,13.9,58.1
05/14/2026,14:38:08,13.9,58.1
05/14/2026,14:43:08,13.9,58.1
05/14/2026,14:48:08,13.9,58.1
05/14/2026,14:53:08,13.9,58.2
05/14/2026,14:58:08,13.9,58.2
05/14/2026,15:03:08,13.9,58.2
05/14/2026,15:08:08,13.9,58.2
05/14/2026,15:13:08,13.9,58.2
05/14/2026,15:18:08,13.9,58.2
05/14/2026,15:23:08,13.9,58.2
05/14/2026,15:28:08,13.9,58.2
05/14/2026,15:33:08,13.9,58.2
05/14/2026,15:38:08,13.9,58.2
05/14/2026,15:43:08,13.9,58.2
05/14/2026,15:48:08,13.9,58.2
05/14/2026,15:53:08,13.9,58.2
05/14/2026,15:58:08,13.9,58.3
05/14/2026,16:03:08,13.9,58.3
05/14/2026,16:08:08,13.9,58.4
05/14/2026,16:13:08,13.9,58.4
05/14/2026,16:18:08,14,58.5
05/14/2026,16:23:08,14,58.5
05/14/2026,16:28:08,14,58.5
05/14/2026,16:33:08,14,58.5
05/14/2026,16:38:08,14.1,58.5
05/14/2026,16:43:08,14.1,58.6
05/14/2026,16:48:08,14.1,58.5
05/14/2026,16:53:08,14.1,58.5
05/14/2026,16:58:08,14.1,58.5
05/14/2026,17:03:08,14.1,58.6
05/14/2026,17:08:08,14.2,58.6
05/14/2026,17:13:08,14.2,58.6
05/14/2026,17:18:08,14.2,58.7
05/14/2026,17:23:08,14.2,58.7
05/14/2026,17:28:08,14.2,58.7
05/14/2026,17:33:08,14.3,58.8
05/14/2026,17:38:08,14.3,59.2
05/14/2026,17:43:08,14.4,60
05/14/2026,17:48:08,14.4,59.7
05/14/2026,17:53:08,14.5,59.7
05/14/2026,17:58:08,14.5,59.7
05/14/2026,18:03:08,14.5,59.7
05/14/2026,18:08:08,14.6,59.8
05/14/2026,18:13:08,14.6,59.9
05/14/2026,18:18:08,14.7,60
05/14/2026,18:23:08,14.7,60
05/14/2026,18:28:08,14.7,59.9
05/14/2026,18:33:08,14.8,59.8
05/14/2026,18:38:08,14.8,59.7
05/14/2026,18:43:08,14.7,59.7
05/14/2026,18:48:08,14.7,59.7
05/14/2026,18:53:08,14.7,59.7
05/14/2026,18:58:08,14.7,59.6
05/14/2026,19:03:08,14.7,59.6
05/14/2026,19:08:08,14.7,59.5
05/14/2026,19:13:08,14.7,59.4
05/14/2026,19:18:08,14.6,59.4
05/14/2026,19:23:08,14.6,59.5
05/14/2026,19:28:08,14.6,59.5
05/14/2026,19:33:08,14.7,59.6
05/14/2026,19:38:08,14.7,59.8
05/14/2026,19:43:08,14.7,60.1
05/14/2026,19:48:08,14.8,60.4
05/14/2026,19:53:08,14.8,60.4
05/14/2026,19:58:08,14.8,60.2
05/14/2026,20:03:08,14.9,60.4
05/14/2026,20:08:08,14.9,60.3
05/14/2026,20:13:08,15,60.6
05/14/2026,20:18:08,15,60.7
05/14/2026,20:23:08,15,60.6
05/14/2026,20:28:08,15.1,61
05/14/2026,20:33:08,15.1,61.3
05/14/2026,20:38:08,15.2,61.4
05/14/2026,20:43:08,15.2,61.3
05/14/2026,20:48:08,15.2,61.1
05/14/2026,20:53:08,15.2,61
05/14/2026,20:58:08,15.2,60.7
05/14/2026,21:03:08,15.1,60.3
05/14/2026,21:08:08,15.1,60.3
05/14/2026,21:13:08,15,60.2
05/14/2026,21:18:08,15,60.2
05/14/2026,21:23:08,15,60.1
05/14/2026,21:28:08,14.9,60.1
05/14/2026,21:33:08,14.9,60
05/14/2026,21:38:08,14.9,60.1
05/14/2026,21:43:08,14.8,60
05/14/2026,21:48:08,14.8,60
05/14/2026,21:53:08,14.8,60
05/14/2026,21:58:08,14.8,59.9
05/14/2026,22:03:08,14.7,59.9
05/14/2026,22:08:08,14.7,59.9
05/14/2026,22:13:08,14.7,59.9
05/14/2026,22:18:08,14.7,59.8
05/14/2026,22:23:08,14.7,59.8
05/14/2026,22:28:08,14.7,59.8
05/14/2026,22:33:08,14.6,59.7
05/14/2026,22:38:08,14.6,59.7
05/14/2026,22:43:08,14.6,59.6
05/14/2026,22:48:08,14.6,59.6
05/14/2026,22:53:08,14.6,59.6
05/14/2026,22:58:08,14.5,59.6
05/14/2026,23:03:08,14.5,59.5
05/14/2026,23:08:08,14.5,59.5
05/14/2026,23:13:08,14.5,59.4
05/14/2026,23:18:08,14.5,59.4
05/14/2026,23:23:08,14.5,59.3
05/14/2026,23:28:08,14.4,59.3
05/14/2026,23:33:08,14.4,59.2
05/14/2026,23:38:08,14.4,59.2
05/14/2026,23:43:08,14.4,59.2
05/14/2026,23:48:08,14.4,59.2
05/14/2026,23:53:08,14.4,59.1
05/14/2026,23:58:08,14.4,59.1
05/15/2026,00:03:08,14.4,59.1
05/15/2026,00:08:08,14.3,59
05/15/2026,00:13:08,14.3,59
05/15/2026,00:18:08,14.3,58.9
05/15/2026,00:23:08,14.3,58.9
05/15/2026,00:28:08,14.3,58.9
05/15/2026,00:33:08,14.3,58.9
05/15/2026,00:38:08,14.2,58.8
05/15/2026,00:43:08,14.2,58.8
05/15/2026,00:48:08,14.2,58.8
05/15/2026,00:53:08,14.2,58.7
05/15/2026,00:58:08,14.2,58.7
05/15/2026,01:03:08,14.2,58.7
05/15/2026,01:08:08,14.2,58.7
05/15/2026,01:13:08,14.2,58.7
05/15/2026,01:18:08,14.2,58.6
05/15/2026,01:23:08,14.2,58.6
05/15/2026,01:28:08,14.1,58.6
05/15/2026,01:33:08,14.2,58.6
05/15/2026,01:38:08,14.1,58.6
05/15/2026,01:43:08,14.1,58.5
05/15/2026,01:48:08,14.1,58.5
05/15/2026,01:53:08,14.1,58.4
05/15/2026,01:58:08,14.1,58.4
05/15/2026,02:03:08,14.1,58.4
05/15/2026,02:08:08,14.1,58.4
05/15/2026,02:13:08,14,58.3
05/15/2026,02:18:08,14.1,58.3
05/15/2026,02:23:08,14,58.3
05/15/2026,02:28:08,14,58.3
05/15/2026,02:33:08,14,58.2
05/15/2026,02:38:08,14,58.2
05/15/2026,02:43:08,14,58.2
05/15/2026,02:48:08,14,58.1
05/15/2026,02:53:08,14,58.1
05/15/2026,02:58:08,14,58.1
05/15/2026,03:03:08,13.9,58.1
05/15/2026,03:08:08,13.9,58.1
05/15/2026,03:13:08,13.9,58
05/15/2026,03:18:08,13.9,58
05/15/2026,03:23:08,13.9,58
05/15/2026,03:28:08,13.9,57.9
05/15/2026,03:33:08,13.9,57.9
05/15/2026,03:38:08,13.9,57.9
05/15/2026,03:43:08,13.9,57.9
05/15/2026,03:48:08,13.9,57.8
05/15/2026,03:53:08,13.9,57.9
05/15/2026,03:58:08,13.9,57.8
05/15/2026,04:03:08,13.8,57.8
05/15/2026,04:08:08,13.9,57.7
05/15/2026,04:13:08,13.8,57.7
05/15/2026,04:18:08,13.8,57.7
05/15/2026,04:23:08,13.8,57.6
05/15/2026,04:28:08,13.8,57.6
05/15/2026,04:33:08,13.8,57.6
05/15/2026,04:38:08,13.8,57.6
05/15/2026,04:43:08,13.8,57.5
05/15/2026,04:48:08,13.7,57.5
05/15/2026,04:53:08,13.8,57.5
05/15/2026,04:58:08,13.7,57.4
05/15/2026,05:03:08,13.7,57.4
05/15/2026,05:08:08,13.7,57.4
05/15/2026,05:13:08,13.7,57.4
05/15/2026,05:18:08,13.7,57.3
05/15/2026,05:23:08,13.7,57.3
05/15/2026,05:28:08,13.7,57.2
05/15/2026,05:33:08,13.7,57.3
05/15/2026,05:38:08,13.7,57.2
05/15/2026,05:43:08,13.7,57.2
05/15/2026,05:48:08,13.6,57.2
05/15/2026,05:53:08,13.6,57.2
05/15/2026,05:58:08,13.6,57.1
05/15/2026,06:03:08,13.6,57.1
05/15/2026,06:08:08,13.6,57.1
05/15/2026,06:13:08,13.6,57.1
05/15/2026,06:18:08,13.6,57
05/15/2026,06:23:08,13.6,57
05/15/2026,06:28:08,13.6,57
05/15/2026,06:33:08,13.6,57
05/15/2026,06:38:08,13.6,57
05/15/2026,06:43:08,13.6,57
05/15/2026,06:48:08,13.6,57
05/15/2026,06:53:08,13.6,57
05/15/2026,06:58:08,13.6,57
05/15/2026,07:03:08,13.6,57
05/15/2026,07:08:08,13.6,57
05/15/2026,07:13:08,13.6,57
05/15/2026,07:18:08,13.6,57.1
05/15/2026,07:23:08,13.6,57
05/15/2026,07:28:08,13.6,57
05/15/2026,07:33:08,13.6,57
05/15/2026,07:38:08,13.6,57
05/15/2026,07:43:08,13.6,57.1
05/15/2026,07:48:08,13.6,57.1
05/15/2026,07:53:08,13.6,57.1
05/15/2026,07:58:08,13.6,57.1
05/15/2026,08:03:08,13.6,57
05/15/2026,08:08:08,13.6,57
05/15/2026,08:13:08,13.6,57
05/15/2026,08:18:08,13.6,57
05/15/2026,08:23:08,13.6,57
05/15/2026,08:28:08,13.6,57
05/15/2026,08:33:08,13.6,57
05/15/2026,08:38:08,13.6,57
05/15/2026,08:43:08,13.6,57
05/15/2026,08:48:08,13.6,57
05/15/2026,08:53:08,13.6,57
05/15/2026,08:58:08,13.6,57
05/15/2026,09:03:08,13.6,57
05/15/2026,09:08:08,13.6,57
05/15/2026,09:13:08,13.6,56.9
05/15/2026,09:18:08,13.7,57
05/15/2026,09:23:08,13.7,57
05/15/2026,09:28:08,13.7,57
05/15/2026,09:33:08,13.7,57
05/15/2026,09:38:08,13.7,57
05/15/2026,09:43:08,13.7,57
05/15/2026,09:48:08,13.7,57
05/15/2026,09:53:08,13.7,56.9
05/15/2026,09:58:08,13.7,57
05/15/2026,10:03:08,13.7,56.9
05/15/2026,10:08:08,13.7,56.9
05/15/2026,10:13:08,13.7,56.9
05/15/2026,10:18:08,13.7,56.9
05/15/2026,10:23:08,13.7,57
05/15/2026,10:28:08,13.7,56.9
05/15/2026,10:33:08,13.7,56.9
05/15/2026,10:38:08,13.7,57
05/15/2026,10:43:08,13.7,57
05/15/2026,10:48:08,13.7,57.1
05/15/2026,10:53:08,13.7,57
05/15/2026,10:58:08,13.8,57.1
05/15/2026,11:03:08,13.8,57.1
05/15/2026,11:08:08,13.8,57.1
05/15/2026,11:13:08,13.8,57.1
05/15/2026,11:18:08,13.8,57.1
05/15/2026,11:23:08,13.8,57.2
05/15/2026,11:28:08,13.8,57.1
05/15/2026,11:33:08,13.8,57.2
05/15/2026,11:38:08,13.8,57.1
05/15/2026,11:43:08,13.8,57.1
05/15/2026,11:48:08,13.8,57.1
05/15/2026,11:53:08,13.9,56.9
05/15/2026,11:58:08,13.9,56.8
05/15/2026,12:03:08,13.9,56.7
05/15/2026,12:08:08,13.9,56.7
05/15/2026,12:13:08,13.9,56.9
05/15/2026,12:18:08,13.9,56.9
05/15/2026,12:23:08,14,56.9
05/15/2026,12:28:08,13.9,57
05/15/2026,12:33:08,13.9,57
05/15/2026,12:38:08,14,57.5
05/15/2026,12:43:08,14,57.3
05/15/2026,12:48:08,14.1,57.3
05/15/2026,12:53:08,14.1,57.4
05/15/2026,12:58:08,14.2,57.5
05/15/2026,13:03:08,14.2,57.7
05/15/2026,13:08:08,14.3,57.7
05/15/2026,13:13:08,14.3,57.7
05/15/2026,13:18:08,14.3,57.7
05/15/2026,13:23:08,14.3,57.6
05/15/2026,13:28:08,14.4,57.5
05/15/2026,13:33:08,14.4,57.4
05/15/2026,13:38:08,14.3,57.5
05/15/2026,13:43:08,14.4,57.4
05/15/2026,13:48:08,14.4,57.5
05/15/2026,13:53:08,14.4,57.4
05/15/2026,13:58:08,14.4,57.5
05/15/2026,14:03:08,14.4,57.4
05/15/2026,14:08:08,14.4,57.5
05/15/2026,14:13:08,14.4,57.5
05/15/2026,14:18:08,14.4,57.5
05/15/2026,14:23:08,14.4,57.5
05/15/2026,14:28:08,14.4,57.5
05/15/2026,14:33:08,14.4,57.4
05/15/2026,14:38:08,14.4,57.4
05/15/2026,14:43:08,14.4,57.5
05/15/2026,14:48:08,14.4,57.5
05/15/2026,14:53:08,14.4,57.4
05/15/2026,14:58:08,14.4,57.5
05/15/2026,15:03:08,14.4,57.5
05/15/2026,15:08:08,14.4,57.5
05/15/2026,15:13:08,14.4,57.4
05/15/2026,15:18:08,14.4,57.5
05/15/2026,15:23:08,14.5,57.6
05/15/2026,15:28:08,14.5,57.5
05/15/2026,15:33:08,14.5,57.6
05/15/2026,15:38:08,14.5,57.5
05/15/2026,15:43:08,14.5,57.5
05/15/2026,15:48:08,14.5,57.4
05/15/2026,15:53:08,14.5,57.4
05/15/2026,15:58:08,14.5,57.3
05/15/2026,16:03:08,14.6,57.3
05/15/2026,16:08:08,14.5,57.3
05/15/2026,16:13:08,14.5,57.3
05/15/2026,16:18:08,14.6,57.3
05/15/2026,16:23:08,14.6,57.3
05/15/2026,16:28:08,14.6,57.3
05/15/2026,16:33:08,14.6,57.3
05/15/2026,16:38:08,14.6,57.3
05/15/2026,16:43:08,14.6,57.2
05/15/2026,16:48:08,14.6,57.2
05/15/2026,16:53:08,14.6,57.1
05/15/2026,16:58:08,14.6,57.1
05/15/2026,17:03:08,14.6,57.1
05/15/2026,17:08:08,14.6,57
05/15/2026,17:13:08,14.6,57
05/15/2026,17:18:08,14.6,57
05/15/2026,17:23:08,14.6,57
05/15/2026,17:28:08,14.6,56.9
05/15/2026,17:33:08,14.6,56.9
05/15/2026,17:38:08,14.6,56.9
05/15/2026,17:43:08,14.6,56.9
05/15/2026,17:48:08,14.6,56.9
05/15/2026,17:53:08,14.6,56.9
05/15/2026,17:58:08,14.6,56.9
05/15/2026,18:03:08,14.6,56.8
05/15/2026,18:08:08,14.6,56.8
05/15/2026,18:13:08,14.6,56.8
05/15/2026,18:18:08,14.6,56.8
05/15/2026,18:23:08,14.6,56.7
05/15/2026,18:28:08,14.7,56.6
05/15/2026,18:33:08,14.6,56.6
05/15/2026,18:38:08,14.6,56.6
05/15/2026,18:43:08,14.7,56.5
05/15/2026,18:48:08,14.7,56.5
05/15/2026,18:53:08,14.7,56.3
05/15/2026,18:58:08,14.6,56.3
05/15/2026,19:03:08,14.7,56.3
05/15/2026,19:08:08,14.7,56.7
05/15/2026,19:13:08,14.7,56.7
05/15/2026,19:18:08,14.7,56.7
05/15/2026,19:23:08,14.8,56.6
05/15/2026,19:28:08,14.8,56.6
05/15/2026,19:33:08,14.8,56.9
05/15/2026,19:38:08,14.8,56.8
05/15/2026,19:43:08,14.9,56.8
05/15/2026,19:48:08,14.9,56.8
05/15/2026,19:53:08,14.9,56.8
05/15/2026,19:58:08,14.9,56.7
05/15/2026,20:03:08,14.9,56.7
05/15/2026,20:08:08,14.9,56.7
05/15/2026,20:13:08,14.9,56.7
05/15/2026,20:18:08,14.9,56.7
05/15/2026,20:23:08,14.9,56.7
05/15/2026,20:28:08,14.9,56.7
05/15/2026,20:33:08,14.9,56.7
05/15/2026,20:38:08,14.8,56.6
05/15/2026,20:43:08,14.8,56.6
05/15/2026,20:48:08,14.8,56.6
05/15/2026,20:53:08,14.8,56.5
05/15/2026,20:58:08,14.8,56.5
05/15/2026,21:03:08,14.8,56.5
05/15/2026,21:08:08,14.8,56.5
05/15/2026,21:13:08,14.8,56.4
05/15/2026,21:18:08,14.7,56.4
05/15/2026,21:23:08,14.7,56.4
05/15/2026,21:28:08,14.7,56.4
05/15/2026,21:33:08,14.7,56.4
05/15/2026,21:38:08,14.7,56.4
05/15/2026,21:43:08,14.7,56.4
05/15/2026,21:48:08,14.7,56.3
05/15/2026,21:53:08,14.7,56.3
05/15/2026,21:58:08,14.7,56.3
05/15/2026,22:03:08,14.6,56.2
05/15/2026,22:08:08,14.6,56.2
05/15/2026,22:13:08,14.6,56.2
05/15/2026,22:18:08,14.6,56.1
05/15/2026,22:23:08,14.6,56.1
05/15/2026,22:28:08,14.6,56.1
05/15/2026,22:33:08,14.6,56.1
05/15/2026,22:38:08,14.6,56
05/15/2026,22:43:08,14.6,56
05/15/2026,22:48:08,14.6,55.9
05/15/2026,22:53:08,14.5,55.9
05/15/2026,22:58:08,14.5,55.8
05/15/2026,23:03:08,14.5,55.8
05/15/2026,23:08:08,14.5,55.8
05/15/2026,23:13:08,14.5,55.7
05/15/2026,23:18:08,14.5,55.7
05/15/2026,23:23:08,14.5,55.6
05/15/2026,23:28:08,14.5,55.6
05/15/2026,23:33:08,14.5,55.5
05/15/2026,23:38:08,14.5,55.5
05/15/2026,23:43:08,14.5,55.5
05/15/2026,23:48:08,14.5,55.5
05/15/2026,23:53:08,14.5,55.4
05/15/2026,23:58:08,14.5,55.4
05/16/2026,00:03:08,14.4,55.4
05/16/2026,00:08:08,14.4,55.3
05/16/2026,00:13:08,14.4,55.3
05/16/2026,00:18:08,14.4,55.3
05/16/2026,00:23:08,14.4,55.3
05/16/2026,00:28:08,14.4,55.2
05/16/2026,00:33:08,14.4,55.2
05/16/2026,00:38:08,14.4,55.2
05/16/2026,00:43:08,14.4,55.1
05/16/2026,00:48:08,14.4,55.1
05/16/2026,00:53:08,14.4,55.1
05/16/2026,00:58:08,14.3,55
05/16/2026,01:03:08,14.4,55
05/16/2026,01:08:08,14.3,55
05/16/2026,01:13:08,14.3,55
05/16/2026,01:18:08,14.3,54.9
05/16/2026,01:23:08,14.3,54.9
05/16/2026,01:28:08,14.3,54.9
05/16/2026,01:33:08,14.3,54.9
05/16/2026,01:38:08,14.3,54.8
05/16/2026,01:43:08,14.3,54.8
05/16/2026,01:48:08,14.3,54.7
05/16/2026,01:53:08,14.3,54.7
05/16/2026,01:58:08,14.3,54.7
05/16/2026,02:03:08,14.2,54.7
05/16/2026,02:08:08,14.2,54.6
05/16/2026,02:13:08,14.2,54.5
05/16/2026,02:18:08,14.2,54.5
05/16/2026,02:23:08,14.2,54.4
05/16/2026,02:28:08,14.2,54.5
05/16/2026,02:33:08,14.2,54.4
05/16/2026,02:38:08,14.2,54.4
05/16/2026,02:43:08,14.1,54.3
05/16/2026,02:48:08,14.1,54.3
05/16/2026,02:53:08,14.2,54.2
05/16/2026,02:58:08,14.1,54.1
05/16/2026,03:03:08,14.1,54.1
05/16/2026,03:08:08,14.1,54
05/16/2026,03:13:08,14.1,54
05/16/2026,03:18:08,14.1,54
05/16/2026,03:23:08,14.1,54
05/16/2026,03:28:08,14.1,53.9
05/16/2026,03:33:08,14,53.8
05/16/2026,03:38:08,14,53.8
05/16/2026,03:43:08,14,53.7
05/16/2026,03:48:08,14,53.7
05/16/2026,03:53:08,14,53.6
05/16/2026,03:58:08,14,53.6
05/16/2026,04:03:08,14,53.5
05/16/2026,04:08:08,14,53.5
05/16/2026,04:13:08,14,53.5
05/16/2026,04:18:08,14,53.4
05/16/2026,04:23:08,14,53.3
05/16/2026,04:28:08,13.9,53.3
05/16/2026,04:33:08,13.9,53.3
05/16/2026,04:38:08,13.9,53.2
05/16/2026,04:43:08,13.9,53.2
05/16/2026,04:48:08,13.9,53.2
05/16/2026,04:53:08,13.9,53.1
05/16/2026,04:58:08,13.9,53.1
05/16/2026,05:03:08,13.9,53
05/16/2026,05:08:08,13.9,53
05/16/2026,05:13:08,13.9,53
05/16/2026,05:18:08,13.9,52.9
05/16/2026,05:23:08,13.8,52.9
05/16/2026,05:28:08,13.8,52.9
05/16/2026,05:33:08,13.8,52.8
05/16/2026,05:38:08,13.8,52.9
05/16/2026,05:43:08,13.8,52.8
05/16/2026,05:48:08,13.8,52.8
05/16/2026,05:53:08,13.8,52.8
05/16/2026,05:58:08,13.8,52.8
05/16/2026,06:03:08,13.8,52.7
05/16/2026,06:08:08,13.8,52.7
05/16/2026,06:13:08,13.7,52.7
05/16/2026,06:18:08,13.8,52.7
05/16/2026,06:23:08,13.8,52.7
05/16/2026,06:28:08,13.8,52.7
05/16/2026,06:33:08,13.7,52.7
05/16/2026,06:38:08,13.7,52.8
05/16/2026,06:43:08,13.7,52.8
05/16/2026,06:48:08,13.7,52.8
05/16/2026,06:53:08,13.7,52.7
05/16/2026,06:58:08,13.7,52.7
05/16/2026,07:03:08,13.7,52.7
05/16/2026,07:08:08,13.7,52.7
05/16/2026,07:13:08,13.7,52.7
05/16/2026,07:18:08,13.7,52.7
05/16/2026,07:23:08,13.7,52.8
05/16/2026,07:28:08,13.7,52.7
05/16/2026,07:33:08,13.7,52.7
05/16/2026,07:38:08,13.7,52.7
05/16/2026,07:43:08,13.7,52.8
05/16/2026,07:48:08,13.7,52.7
05/16/2026,07:53:08,13.7,52.7
05/16/2026,07:58:08,13.7,52.7
05/16/2026,08:03:08,13.7,52.7
05/16/2026,08:08:08,13.7,52.7
05/16/2026,08:13:08,13.7,52.7
05/16/2026,08:18:08,13.7,52.7
05/16/2026,08:23:08,13.7,52.7
05/16/2026,08:28:08,13.7,52.7
05/16/2026,08:33:08,13.7,52.6
05/16/2026,08:38:08,13.7,52.7
05/16/2026,08:43:08,13.7,52.7
05/16/2026,08:48:08,13.7,52.8
05/16/2026,08:53:08,13.7,52.9
05/16/2026,08:58:08,13.7,52.9
05/16/2026,09:03:08,13.7,52.9
05/16/2026,09:08:08,13.7,52.8
05/16/2026,09:13:08,13.7,53
05/16/2026,09:18:08,13.8,53
05/16/2026,09:23:08,13.8,53.1
05/16/2026,09:28:08,13.8,53.1
05/16/2026,09:33:08,13.8,53.2
05/16/2026,09:38:08,13.9,53.3
05/16/2026,09:43:08,13.9,53.5
05/16/2026,09:48:08,14,53.6
05/16/2026,09:53:08,14,53.7
05/16/2026,09:58:08,14,53.8
05/16/2026,10:03:08,14.1,54
05/16/2026,10:08:08,14.1,54
05/16/2026,10:13:08,14.1,54.1
05/16/2026,10:18:08,14.1,54.2
05/16/2026,10:23:08,14.1,54.2
05/16/2026,10:28:08,14.1,54.3
05/16/2026,10:33:08,14.2,54.3
05/16/2026,10:38:08,14.2,54.3
05/16/2026,10:43:08,14.2,54.4
05/16/2026,10:48:08,14.2,54.4
05/16/2026,10:53:08,14.1,54.3
05/16/2026,10:58:08,14.2,54.3
05/16/2026,11:03:08,14.2,54.4
05/16/2026,11:08:08,14.2,54.3
05/16/2026,11:13:08,14.2,54.4
05/16/2026,11:18:08,14.2,54.3
05/16/2026,11:23:08,14.2,54.3
05/16/2026,11:28:08,14.2,54.3
05/16/2026,11:33:08,14.2,54.3
05/16/2026,11:38:08,14.2,54.3
05/16/2026,11:43:08,14.2,54.3
05/16/2026,11:48:08,14.2,54.3
05/16/2026,11:53:08,14.2,54.3
05/16/2026,11:58:08,14.2,54.3
05/16/2026,12:03:08,14.2,54.3
05/16/2026,12:08:08,14.2,54.3
05/16/2026,12:13:08,14.2,54.2
05/16/2026,12:18:08,14.2,54.2
05/16/2026,12:23:08,14.2,54.2
05/16/2026,12:28:08,14.2,54.3
05/16/2026,12:33:08,14.2,54.2
05/16/2026,12:38:08,14.2,54.2
05/16/2026,12:43:08,14.3,54.2
05/16/2026,12:48:08,14.3,54.4
05/16/2026,12:53:08,14.4,54.5
05/16/2026,12:58:08,14.4,54.6
05/16/2026,13:03:08,14.5,54.7
05/16/2026,13:08:08,14.5,54.8
05/16/2026,13:13:08,14.6,54.9
05/16/2026,13:18:08,14.6,55
05/16/2026,13:23:08,14.7,55.2
05/16/2026,13:28:08,14.7,55.3
05/16/2026,13:33:08,14.7,55.2
05/16/2026,13:38:08,14.7,55.2
05/16/2026,13:43:08,14.7,55.1
05/16/2026,13:48:08,14.7,55.1
05/16/2026,13:53:08,14.7,55.1
05/16/2026,13:58:08,14.7,55.1
05/16/2026,14:03:08,14.7,55.1
05/16/2026,14:08:08,14.7,55.2
05/16/2026,14:13:08,14.7,55.2
05/16/2026,14:18:08,14.7,55.2
05/16/2026,14:23:08,14.7,55.2
05/16/2026,14:28:08,14.7,55.2
05/16/2026,14:33:08,14.7,55.2
05/16/2026,14:38:08,14.7,55.2
05/16/2026,14:43:08,14.7,55.3
05/16/2026,14:48:08,14.6,55.3
05/16/2026,14:53:08,14.6,55.3
05/16/2026,14:58:08,14.6,55.2
05/16/2026,15:03:08,14.6,55.3
05/16/2026,15:08:08,14.7,55.3
05/16/2026,15:13:08,14.6,55.2
05/16/2026,15:18:08,14.6,55.3
05/16/2026,15:23:08,14.6,55.3
05/16/2026,15:28:08,14.6,55.3
05/16/2026,15:33:08,14.6,55.3
05/16/2026,15:38:08,14.6,55.3
05/16/2026,15:43:08,14.6,55.3
05/16/2026,15:48:08,14.6,55.4
05/16/2026,15:53:08,14.6,55.3
05/16/2026,15:58:08,14.6,55.3
05/16/2026,16:03:08,14.6,55.3
05/16/2026,16:08:08,14.6,55.4
05/16/2026,16:13:08,14.6,55.4
05/16/2026,16:18:08,14.6,55.4
05/16/2026,16:23:08,14.6,55.4
05/16/2026,16:28:08,14.6,55.4
05/16/2026,16:33:08,14.6,55.4
05/16/2026,16:38:08,14.6,55.4
05/16/2026,16:43:08,14.6,55.4
05/16/2026,16:48:08,14.6,55.4
05/16/2026,16:53:08,14.6,55.4
05/16/2026,16:58:08,14.6,55.4
05/16/2026,17:03:08,14.6,55.4
05/16/2026,17:08:08,14.6,55.4
05/16/2026,17:13:08,14.6,55.4
05/16/2026,17:18:08,14.6,55.4
05/16/2026,17:23:08,14.6,55.5
05/16/2026,17:28:08,14.6,55.5
05/16/2026,17:33:08,14.6,55.5
05/16/2026,17:38:08,14.6,55.6
05/16/2026,17:43:08,14.6,55.6
05/16/2026,17:48:08,14.6,55.7
05/16/2026,17:53:08,14.6,55.8
05/16/2026,17:58:08,14.7,56
05/16/2026,18:03:08,14.7,56.3
05/16/2026,18:08:08,14.7,56.7
05/16/2026,18:13:08,14.8,57.5
05/16/2026,18:18:08,14.9,57.8
05/16/2026,18:23:08,14.9,58.3
05/16/2026,18:28:08,15,58.7
05/16/2026,18:33:08,15.1,59.3
05/16/2026,18:38:08,15.2,59.6
05/16/2026,18:43:08,15.2,59.8
05/16/2026,18:48:08,15.3,60.3
05/16/2026,18:53:08,15.3,60.6
05/16/2026,18:58:08,15.4,61.6
05/16/2026,19:03:08,15.5,62.1
05/16/2026,19:08:08,15.6,61.9
05/16/2026,19:13:08,15.7,61.9
05/16/2026,19:18:08,15.7,61.9
05/16/2026,19:23:08,15.7,61.9
05/16/2026,19:28:08,15.7,61.9
05/16/2026,19:33:08,15.7,62.1
05/16/2026,19:38:08,15.8,62.7
05/16/2026,19:43:08,15.8,62.8
05/16/2026,19:48:08,15.8,63
05/16/2026,19:53:08,15.8,63.2
05/16/2026,19:58:08,15.8,63.4
05/16/2026,20:03:08,15.9,63.6
05/16/2026,20:08:08,15.9,63.8
05/16/2026,20:13:08,16,64.2
05/16/2026,20:18:08,16,64.2
05/16/2026,20:23:08,16,64.1
05/16/2026,20:28:08,16,64.1
05/16/2026,20:33:08,16,64.1
05/16/2026,20:38:08,16,64.1
05/16/2026,20:43:08,16,64.1
05/16/2026,20:48:08,15.9,64.1
05/16/2026,20:53:08,15.9,64.2
05/16/2026,20:58:08,15.9,64.2
05/16/2026,21:03:08,15.8,64.2
05/16/2026,21:08:08,15.8,64.3
05/16/2026,21:13:08,15.8,64.3
05/16/2026,21:18:08,15.8,64.3
05/16/2026,21:23:08,15.7,64.2
05/16/2026,21:28:08,15.7,64.1
05/16/2026,21:33:08,15.7,64.1
05/16/2026,21:38:08,15.7,64
05/16/2026,21:43:08,15.7,63.9
05/16/2026,21:48:08,15.6,63.8
05/16/2026,21:53:08,15.6,63.8
05/16/2026,21:58:08,15.6,63.7
05/16/2026,22:03:08,15.5,63.7
05/16/2026,22:08:08,15.5,63.6
05/16/2026,22:13:08,15.5,63.6
05/16/2026,22:18:08,15.5,63.6
05/16/2026,22:23:08,15.4,63.5
05/16/2026,22:28:08,15.5,63.4
05/16/2026,22:33:08,15.4,63.4
05/16/2026,22:38:08,15.4,63.4
05/16/2026,22:43:08,15.4,63.4
05/16/2026,22:48:08,15.4,63.4
05/16/2026,22:53:08,15.4,63.3
05/16/2026,22:58:08,15.4,63.2
05/16/2026,23:03:08,15.4,63.2
05/16/2026,23:08:08,15.3,63.2
05/16/2026,23:13:08,15.3,63.1
05/16/2026,23:18:08,15.3,63.1
05/16/2026,23:23:08,15.3,63.1
05/16/2026,23:28:08,15.3,63
05/16/2026,23:33:08,15.3,63
05/16/2026,23:38:08,15.3,62.9
05/16/2026,23:43:08,15.3,62.9
05/16/2026,23:48:08,15.2,62.9
05/16/2026,23:53:08,15.2,62.9
05/16/2026,23:58:08,15.2,62.8
05/17/2026,00:03:08,15.2,62.8
05/17/2026,00:08:08,15.2,62.7
05/17/2026,00:13:08,15.2,62.7
05/17/2026,00:18:08,15.2,62.7
05/17/2026,00:23:08,15.2,62.6
05/17/2026,00:28:08,15.1,62.6
05/17/2026,00:33:08,15.1,62.6
05/17/2026,00:38:08,15.2,62.5
05/17/2026,00:43:08,15.1,62.5
05/17/2026,00:48:08,15.1,62.5
05/17/2026,00:53:08,15.1,62.4
05/17/2026,00:58:08,15.1,62.4
05/17/2026,01:03:08,15.1,62.4
05/17/2026,01:08:08,15.1,62.3
05/17/2026,01:13:08,15,62.3
05/17/2026,01:18:08,15.1,62.3
05/17/2026,01:23:08,15.1,62.3
05/17/2026,01:28:08,15,62.2
05/17/2026,01:33:08,15,62.2
05/17/2026,01:38:08,15,62.2
05/17/2026,01:43:08,15,62.2
05/17/2026,01:48:08,15,62.2
05/17/2026,01:53:08,15,62.1
05/17/2026,01:58:08,15,62.1
05/17/2026,02:03:08,15,62
05/17/2026,02:08:08,15,62
05/17/2026,02:13:08,15,62
05/17/2026,02:18:08,15,62
05/17/2026,02:23:08,15,62
05/17/2026,02:28:08,15,61.9
05/17/2026,02:33:08,15,62
05/17/2026,02:38:08,15,61.9
05/17/2026,02:43:08,14.9,61.9
05/17/2026,02:48:08,14.9,61.9
05/17/2026,02:53:08,14.9,61.8
05/17/2026,02:58:08,14.9,61.8
05/17/2026,03:03:08,14.9,61.9
05/17/2026,03:08:08,14.9,61.8
05/17/2026,03:13:08,14.9,61.8
05/17/2026,03:18:08,14.9,61.8
05/17/2026,03:23:08,14.9,61.8
05/17/2026,03:28:08,14.9,61.8
05/17/2026,03:33:08,14.9,61.7
05/17/2026,03:38:08,14.9,61.7
05/17/2026,03:43:08,14.9,61.7
05/17/2026,03:48:08,14.9,61.7
05/17/2026,03:53:08,14.9,61.7
05/17/2026,03:58:08,14.8,61.7
05/17/2026,04:03:08,14.8,61.7
05/17/2026,04:08:08,14.8,61.6
05/17/2026,04:13:08,14.8,61.6
05/17/2026,04:18:08,14.8,61.6
05/17/2026,04:23:08,14.8,61.6
05/17/2026,04:28:08,14.8,61.6
05/17/2026,04:33:08,14.8,61.6
05/17/2026,04:38:08,14.8,61.5
05/17/2026,04:43:08,14.8,61.6
05/17/2026,04:48:08,14.8,61.5
05/17/2026,04:53:08,14.8,61.5
05/17/2026,04:58:08,14.8,61.5
05/17/2026,05:03:08,14.8,61.5
05/17/2026,05:08:08,14.7,61.4
05/17/2026,05:13:08,14.7,61.4
05/17/2026,05:18:08,14.7,61.4
05/17/2026,05:23:08,14.7,61.4
05/17/2026,05:28:08,14.8,61.4
05/17/2026,05:33:08,14.7,61.3
05/17/2026,05:38:08,14.7,61.3
05/17/2026,05:43:08,14.7,61.3
05/17/2026,05:48:08,14.7,61.3
05/17/2026,05:53:08,14.7,61.2
05/17/2026,05:58:08,14.7,61.2
05/17/2026,06:03:08,14.7,61.2
05/17/2026,06:08:08,14.7,61.2
05/17/2026,06:13:08,14.7,61.1
05/17/2026,06:18:08,14.7,61.1
05/17/2026,06:23:08,14.7,61.1
05/17/2026,06:28:08,14.7,61.1
05/17/2026,06:33:08,14.7,61
05/17/2026,06:38:08,14.7,61.1
05/17/2026,06:43:08,14.6,61
05/17/2026,06:48:08,14.7,61
05/17/2026,06:53:08,14.7,61
05/17/2026,06:58:08,14.6,61
05/17/2026,07:03:08,14.7,61
05/17/2026,07:08:08,14.6,60.9
05/17/2026,07:13:08,14.6,60.9
05/17/2026,07:18:08,14.6,60.9
05/17/2026,07:23:08,14.6,60.9
05/17/2026,07:28:08,14.6,60.9
05/17/2026,07:33:08,14.6,60.8
05/17/2026,07:38:08,14.6,60.9
05/17/2026,07:43:08,14.7,60.9
05/17/2026,07:48:08,14.7,60.9
05/17/2026,07:53:08,14.7,61
05/17/2026,07:58:08,14.7,61.1
05/17/2026,08:03:08,14.7,61.2
05/17/2026,08:08:08,14.7,61.6
05/17/2026,08:13:08,14.8,61.8
05/17/2026,08:18:08,14.8,62
05/17/2026,08:23:08,14.9,62.1
05/17/2026,08:28:08,15,62.4
05/17/2026,08:33:08,15,62.6
05/17/2026,08:38:08,15.1,62.7
05/17/2026,08:43:08,15.1,62.9
05/17/2026,08:48:08,15.2,63.1
05/17/2026,08:53:08,15.2,63.1
05/17/2026,08:58:08,15.3,63.1
05/17/2026,09:03:08,15.3,63.1
05/17/2026,09:08:08,15.3,63.2
05/17/2026,09:13:08,15.3,63.1
05/17/2026,09:18:08,15.3,63.2
05/17/2026,09:23:08,15.3,63.2
05/17/2026,09:28:08,15.3,63.3
05/17/2026,09:33:08,15.3,63.5
05/17/2026,09:38:08,15.4,63.9
05/17/2026,09:43:08,15.5,64.3
05/17/2026,09:48:08,15.6,64.8
05/17/2026,09:53:08,15.6,65.2
05/17/2026,09:58:08,15.7,65.5
05/17/2026,10:03:08,15.8,65.8
05/17/2026,10:08:08,15.9,66.1
05/17/2026,10:13:08,15.9,66.5
05/17/2026,10:18:08,16,66.7
05/17/2026,10:23:08,16.1,67.1
05/17/2026,10:28:08,16.1,67.3
05/17/2026,10:33:08,16.2,67.6
05/17/2026,10:38:08,16.3,67.8
05/17/2026,10:43:08,16.4,67.7
05/17/2026,10:48:08,16.4,67.5
05/17/2026,10:53:08,16.4,67.4
05/17/2026,10:58:08,16.4,67.3
05/17/2026,11:03:08,16.4,67.1
05/17/2026,11:08:08,16.4,66.8
05/17/2026,11:13:08,16.4,66.7
05/17/2026,11:18:08,16.4,66.7
05/17/2026,11:23:08,16.4,66.9
05/17/2026,11:28:08,16.4,67
05/17/2026,11:33:08,16.4,67.2
05/17/2026,11:38:08,16.5,67.1
05/17/2026,11:43:08,16.6,67
05/17/2026,11:48:08,16.6,66.8
05/17/2026,11:53:08,16.6,64.2
05/17/2026,11:58:08,16.5,61.4
05/17/2026,12:03:08,16.4,61.9
05/17/2026,12:08:08,16.4,64
05/17/2026,12:13:08,16.4,64.9
05/17/2026,12:18:08,16.4,65.3
05/17/2026,12:23:08,16.5,65.9
05/17/2026,12:28:08,16.6,66.3
05/17/2026,12:33:08,16.7,66.3
05/17/2026,12:38:08,16.8,66.3
05/17/2026,12:43:08,16.8,66.2
05/17/2026,12:48:08,16.8,66.1
05/17/2026,12:53:08,16.7,66.1
05/17/2026,12:58:08,16.7,65.9
05/17/2026,13:03:08,16.7,65.8
05/17/2026,13:08:08,16.7,65.7
05/17/2026,13:13:08,16.7,65.6
05/17/2026,13:18:08,16.7,65.6
05/17/2026,13:23:08,16.7,65.6
05/17/2026,13:28:08,16.6,65.5
05/17/2026,13:33:08,16.6,65.5
05/17/2026,13:38:08,16.6,65.4
05/17/2026,13:43:08,16.6,65.4
05/17/2026,13:48:08,16.6,65.4
05/17/2026,13:53:08,16.6,65.2
05/17/2026,13:58:08,16.6,65.2
05/17/2026,14:03:08,16.6,65.1
05/17/2026,14:08:08,16.6,65
05/17/2026,14:13:08,16.6,64.9
05/17/2026,14:18:08,16.6,64.8
05/17/2026,14:23:08,16.6,64.7
05/17/2026,14:28:08,16.5,64.7
05/17/2026,14:33:08,16.5,64.5
05/17/2026,14:38:08,16.5,64.4
05/17/2026,14:43:08,16.5,64.3
05/17/2026,14:48:08,16.5,64.1
05/17/2026,14:53:08,16.5,64.1
05/17/2026,14:58:08,16.5,64
05/17/2026,15:03:08,16.5,63.9
05/17/2026,15:08:08,16.5,63.8
05/17/2026,15:13:08,16.5,63.6
05/17/2026,15:18:08,16.5,63.4
05/17/2026,15:23:08,16.5,63.1
05/17/2026,15:28:08,16.6,62.9
05/17/2026,15:33:08,16.5,62.8
05/17/2026,15:38:08,16.6,62.7
05/17/2026,15:43:08,16.5,62.6
05/17/2026,15:48:08,16.6,62.5
05/17/2026,15:53:08,16.6,62.4
05/17/2026,15:58:08,16.6,62.3
05/17/2026,16:03:08,16.6,62.2
05/17/2026,16:08:08,16.6,62.1
05/17/2026,16:13:08,16.6,62
05/17/2026,16:18:08,16.6,61.9
05/17/2026,16:23:08,16.6,61.8
05/17/2026,16:28:08,16.6,61.7
05/17/2026,16:33:08,16.6,61.5
05/17/2026,16:38:08,16.6,61.2
05/17/2026,16:43:08,16.6,61.2
05/17/2026,16:48:08,16.6,61.1
05/17/2026,16:53:08,16.6,61.2
05/17/2026,16:58:08,16.5,61.1
05/17/2026,17:03:08,16.6,61
05/17/2026,17:08:08,16.5,61
05/17/2026,17:13:08,16.5,60.6
05/17/2026,17:18:08,16.5,60.7
05/17/2026,17:23:08,16.5,60.8
05/17/2026,17:28:08,16.5,60.8
05/17/2026,17:33:08,16.5,60.7
05/17/2026,17:38:08,16.5,60.8
05/17/2026,17:43:08,16.5,60.8
05/17/2026,17:48:08,16.5,60.7
05/17/2026,17:53:08,16.4,60.7
05/17/2026,17:58:08,16.4,60.8
05/17/2026,18:03:08,16.4,60.7
05/17/2026,18:08:08,16.4,60.7
05/17/2026,18:13:08,16.4,60.6
05/17/2026,18:18:08,16.4,60.6
05/17/2026,18:23:08,16.3,60.6
05/17/2026,18:28:08,16.3,60.6
05/17/2026,18:33:08,16.3,60.6
05/17/2026,18:38:08,16.3,60.6
05/17/2026,18:43:08,16.3,60.6
05/17/2026,18:48:08,16.3,60.5
05/17/2026,18:53:08,16.3,60.5
05/17/2026,18:58:08,16.3,60.5
05/17/2026,19:03:08,16.3,60.4
05/17/2026,19:08:08,16.3,60.4
05/17/2026,19:13:08,16.3,60.4
05/17/2026,19:18:08,16.3,60.4
05/17/2026,19:23:08,16.2,60.4
05/17/2026,19:28:08,16.2,60.4
05/17/2026,19:33:08,16.2,60.3
05/17/2026,19:38:08,16.2,60.3
05/17/2026,19:43:08,16.2,60.3
05/17/2026,19:48:08,16.2,60.3
05/17/2026,19:53:08,16.2,60.3
05/17/2026,19:58:08,16.2,60.3
05/17/2026,20:03:08,16.2,60.3
05/17/2026,20:08:08,16.2,60.2
05/17/2026,20:13:08,16.1,60.2
05/17/2026,20:18:08,16.2,60.2
05/17/2026,20:23:08,16.1,60.2
05/17/2026,20:28:08,16.1,60.2
05/17/2026,20:33:08,16.1,60.1
05/17/2026,20:38:08,16.1,60.1
05/17/2026,20:43:08,16.1,60.1
05/17/2026,20:48:08,16.1,60.1
05/17/2026,20:53:08,16.1,60.1
05/17/2026,20:58:08,16.1,60.1
05/17/2026,21:03:08,16.1,60
05/17/2026,21:08:08,16.1,60
05/17/2026,21:13:08,16.1,60
05/17/2026,21:18:08,16.1,60
05/17/2026,21:23:08,16.1,60
05/17/2026,21:28:08,16.1,59.9
05/17/2026,21:33:08,16,59.9
05/17/2026,21:38:08,16,59.9
05/17/2026,21:43:08,16,59.9
05/17/2026,21:48:08,16,59.8
05/17/2026,21:53:08,16,59.8
05/17/2026,21:58:08,16,59.8
05/17/2026,22:03:08,16,59.8
05/17/2026,22:08:08,16,59.8
05/17/2026,22:13:08,16,59.7
05/17/2026,22:18:08,16,59.7
05/17/2026,22:23:08,16,59.7
05/17/2026,22:28:08,15.9,59.6
05/17/2026,22:33:08,15.9,59.6
05/17/2026,22:38:08,15.9,59.6
05/17/2026,22:43:08,15.9,59.6
05/17/2026,22:48:08,16,59.5
05/17/2026,22:53:08,15.9,59.6
05/17/2026,22:58:08,15.9,59.5
05/17/2026,23:03:08,15.9,59.5
05/17/2026,23:08:08,15.9,59.4
05/17/2026,23:13:08,15.9,59.5
05/17/2026,23:18:08,15.9,59.4
05/17/2026,23:23:08,15.9,59.4
05/17/2026,23:28:08,15.9,59.4
05/17/2026,23:33:08,15.9,59.3
05/17/2026,23:38:08,15.8,59.3
05/17/2026,23:43:08,15.9,59.2
05/17/2026,23:48:08,15.8,59.2
05/17/2026,23:53:08,15.9,59.2
05/17/2026,23:58:08,15.8,59.2
05/18/2026,00:03:08,15.8,59.2
05/18/2026,00:08:08,15.8,59.1
05/18/2026,00:13:08,15.8,59.1
05/18/2026,00:18:08,15.8,59.1
05/18/2026,00:23:08,15.8,59.1
05/18/2026,00:28:08,15.8,59.1
05/18/2026,00:33:08,15.8,59
05/18/2026,00:38:08,15.8,59
05/18/2026,00:43:08,15.8,58.9
05/18/2026,00:48:08,15.7,58.9
05/18/2026,00:53:08,15.7,58.9
05/18/2026,00:58:08,15.7,58.9
05/18/2026,01:03:08,15.7,58.8
05/18/2026,01:08:08,15.7,58.8
05/18/2026,01:13:08,15.7,58.8
05/18/2026,01:18:08,15.7,58.7
05/18/2026,01:23:08,15.7,58.7
05/18/2026,01:28:08,15.7,58.7
05/18/2026,01:33:08,15.7,58.7
05/18/2026,01:38:08,15.7,58.6
05/18/2026,01:43:08,15.6,58.6
05/18/2026,01:48:08,15.6,58.6
05/18/2026,01:53:08,15.6,58.5
05/18/2026,01:58:08,15.6,58.5
05/18/2026,02:03:08,15.6,58.5
05/18/2026,02:08:08,15.6,58.4
05/18/2026,02:13:08,15.6,58.4
05/18/2026,02:18:08,15.6,58.3
05/18/2026,02:23:08,15.6,58.3
05/18/2026,02:28:08,15.5,58.2
05/18/2026,02:33:08,15.6,58.2
05/18/2026,02:38:08,15.5,58.2
05/18/2026,02:43:08,15.5,58.2
05/18/2026,02:48:08,15.5,58.1
05/18/2026,02:53:08,15.5,58.1
05/18/2026,02:58:08,15.5,58.1
05/18/2026,03:03:08,15.5,58
05/18/2026,03:08:08,15.5,58
05/18/2026,03:13:08,15.5,58
05/18/2026,03:18:08,15.4,57.9
05/18/2026,03:23:08,15.4,57.9
05/18/2026,03:28:08,15.4,57.9
05/18/2026,03:33:08,15.4,57.8
05/18/2026,03:38:08,15.4,57.8
05/18/2026,03:43:08,15.4,57.8
05/18/2026,03:48:08,15.4,57.8
05/18/2026,03:53:08,15.4,57.7
05/18/2026,03:58:08,15.4,57.6
05/18/2026,04:03:08,15.3,57.6
05/18/2026,04:08:08,15.3,57.6
05/18/2026,04:13:08,15.3,57.6
05/18/2026,04:18:08,15.3,57.5
05/18/2026,04:23:08,15.3,57.5
05/18/2026,04:28:08,15.3,57.4
05/18/2026,04:33:08,15.3,57.4
05/18/2026,04:38:08,15.3,57.4
05/18/2026,04:43:08,15.3,57.3
05/18/2026,04:48:08,15.3,57.3
05/18/2026,04:53:08,15.3,57.3
05/18/2026,04:58:08,15.3,57.3
05/18/2026,05:03:08,15.3,57.2
05/18/2026,05:08:08,15.2,57.2
05/18/2026,05:13:08,15.2,57.2
05/18/2026,05:18:08,15.2,57.2
05/18/2026,05:23:08,15.2,57.2
05/18/2026,05:28:08,15.2,57.1
05/18/2026,05:33:08,15.2,57.1
05/18/2026,05:38:08,15.2,57.1
05/18/2026,05:43:08,15.2,57.1
05/18/2026,05:48:08,15.2,57.1
05/18/2026,05:53:08,15.2,57
05/18/2026,05:58:08,15.2,57
05/18/2026,06:03:08,15.2,57
05/18/2026,06:08:08,15.1,57
05/18/2026,06:13:08,15.1,57
05/18/2026,06:18:08,15.1,57
05/18/2026,06:23:08,15.1,57
05/18/2026,06:28:08,15.1,57
05/18/2026,06:33:08,15.1,57
05/18/2026,06:38:08,15.1,57
05/18/2026,06:43:08,15.2,56.9
05/18/2026,06:48:08,15.2,56.9
05/18/2026,06:53:08,15.2,56.9
05/18/2026,06:58:08,15.2,56.9
05/18/2026,07:03:08,15.2,56.8
05/18/2026,07:08:08,15.2,56.9
05/18/2026,07:13:08,15.2,56.9
05/18/2026,07:18:08,15.2,56.9
05/18/2026,07:23:08,15.2,56.9
05/18/2026,07:28:08,15.2,56.9
05/18/2026,07:33:08,15.2,56.9
05/18/2026,07:38:08,15.2,56.9
05/18/2026,07:43:08,15.2,56.9
05/18/2026,07:48:08,15.2,56.9
05/18/2026,07:53:08,15.2,57
05/18/2026,07:58:08,15.2,57.1
05/18/2026,08:03:08,15.2,57.1
05/18/2026,08:08:08,15.2,57.1
05/18/2026,08:13:08,15.2,57.1
05/18/2026,08:18:08,15.2,57.1
05/18/2026,08:23:08,15.2,57.1
05/18/2026,08:28:08,15.2,57.2
05/18/2026,08:33:08,15.2,57.2
05/18/2026,08:38:08,15.2,57.2
05/18/2026,08:43:08,15.2,57.2
05/18/2026,08:48:08,15.2,57.2
05/18/2026,08:53:08,15.2,57.2
05/18/2026,08:58:08,15.2,57.3
05/18/2026,09:03:08,15.2,57.3
05/18/2026,09:08:08,15.2,57.4
05/18/2026,09:13:08,15.2,57.4
05/18/2026,09:18:08,15.3,57.4
05/18/2026,09:23:08,15.3,57.4
05/18/2026,09:28:08,15.2,57.4
05/18/2026,09:33:08,15.2,57.4
05/18/2026,09:38:08,15.3,57.6
05/18/2026,09:43:08,15.3,57.6
05/18/2026,09:48:08,15.3,57.8
05/18/2026,09:53:08,15.4,57.8
05/18/2026,09:58:08,15.4,57.9
05/18/2026,10:03:08,15.4,58
05/18/2026,10:08:08,15.4,58.1
05/18/2026,10:13:08,15.5,58.1
05/18/2026,10:18:08,15.5,58.2
05/18/2026,10:23:08,15.5,58.2
05/18/2026,10:28:08,15.5,58.2
05/18/2026,10:33:08,15.5,58.2
05/18/2026,10:38:08,15.5,58.2
05/18/2026,10:43:08,15.5,58.2
05/18/2026,10:48:08,15.5,58.2
05/18/2026,10:53:08,15.5,58.2
05/18/2026,10:58:08,15.5,58.2
05/18/2026,11:03:08,15.5,58.3
05/18/2026,11:08:08,15.5,58.2
05/18/2026,11:13:08,15.5,58.3
05/18/2026,11:18:08,15.5,58.3
05/18/2026,11:23:08,15.5,58.3
05/18/2026,11:28:08,15.5,58.3
05/18/2026,11:33:08,15.5,58.3
05/18/2026,11:38:08,15.5,58.3
05/18/2026,11:43:08,15.5,58.2
05/18/2026,11:48:08,15.5,58.3
05/18/2026,11:53:08,15.5,58.2
05/18/2026,11:58:08,15.5,58.2
05/18/2026,12:03:08,15.5,58.3
05/18/2026,12:08:08,15.5,58.3
05/18/2026,12:13:08,15.5,58.3
05/18/2026,12:18:08,15.5,58.3
05/18/2026,12:23:08,15.5,58.3
05/18/2026,12:28:08,15.5,58.3
05/18/2026,12:33:08,15.5,58.3
05/18/2026,12:38:08,15.5,58.3
05/18/2026,12:43:08,15.4,58.2
05/18/2026,12:48:08,15.5,58.3
05/18/2026,12:53:08,15.5,58.3
05/18/2026,12:58:08,15.4,58.3
05/18/2026,13:03:08,15.5,58.3
05/18/2026,13:08:08,15.5,58.3
05/18/2026,13:13:08,15.4,58.3
05/18/2026,13:18:08,15.4,58.3
05/18/2026,13:23:08,15.4,58.3
05/18/2026,13:28:08,15.5,58.3
05/18/2026,13:33:08,15.5,58.3
05/18/2026,13:38:08,15.5,58.3
05/18/2026,13:43:08,15.5,58.3
05/18/2026,13:48:08,15.5,58.3
05/18/2026,13:53:08,15.5,58.3
05/18/2026,13:58:08,15.5,58.3
05/18/2026,14:03:08,15.5,58.3
05/18/2026,14:08:08,15.5,58.3
05/18/2026,14:13:08,15.5,58.4
05/18/2026,14:18:08,15.5,58.4
05/18/2026,14:23:08,15.5,58.3
05/18/2026,14:28:08,15.5,58.3
05/18/2026,14:33:08,15.5,58.4
05/18/2026,14:38:08,15.5,58.5
05/18/2026,14:43:08,15.5,58.5
05/18/2026,14:48:08,15.6,58.5
05/18/2026,14:53:08,15.6,58.5
05/18/2026,14:58:08,15.6,58.5
05/18/2026,15:03:08,15.6,58.5
05/18/2026,15:08:08,15.6,58.5
05/18/2026,15:13:08,15.6,58.5
05/18/2026,15:18:08,15.6,58.6
05/18/2026,15:23:08,15.6,58.6
05/18/2026,15:28:08,15.6,58.7
05/18/2026,15:33:08,15.6,58.8
05/18/2026,15:38:08,15.7,58.9
05/18/2026,15:43:08,15.7,58.9
05/18/2026,15:48:08,15.7,59
05/18/2026,15:53:08,15.7,59
05/18/2026,15:58:08,15.7,59.1
05/18/2026,16:03:08,15.7,59.1
05/18/2026,16:08:08,15.7,59
05/18/2026,16:13:08,15.8,59.1
05/18/2026,16:18:08,15.7,59.1
05/18/2026,16:23:08,15.7,59.2
05/18/2026,16:28:08,15.8,59.3
05/18/2026,16:33:08,15.8,59.3
05/18/2026,16:38:08,15.8,59.4
05/18/2026,16:43:08,15.8,59.5
05/18/2026,16:48:08,15.8,59.5
05/18/2026,16:53:08,15.8,59.5
05/18/2026,16:58:08,15.8,59.5
05/18/2026,17:03:08,15.8,59.5
05/18/2026,17:08:08,15.8,59.5
05/18/2026,17:13:08,15.8,59.5
05/18/2026,17:18:08,15.8,59.5
05/18/2026,17:23:08,15.8,59.5
05/18/2026,17:28:08,15.8,59.6
05/18/2026,17:33:08,15.8,59.5
05/18/2026,17:38:08,15.8,59.5
05/18/2026,17:43:08,15.8,59.5
05/18/2026,17:48:08,15.8,59.6
05/18/2026,17:53:08,15.8,59.6
05/18/2026,17:58:08,15.8,59.6
05/18/2026,18:03:08,15.7,59.6
05/18/2026,18:08:08,15.8,59.6
05/18/2026,18:13:08,15.7,59.6
05/18/2026,18:18:08,15.7,59.6
05/18/2026,18:23:08,15.7,59.6
05/18/2026,18:28:08,15.8,59.6
05/18/2026,18:33:08,15.8,59.6
05/18/2026,18:38:08,15.8,59.6
05/18/2026,18:43:08,15.8,59.6
05/18/2026,18:48:08,15.7,59.6
05/18/2026,18:53:08,15.8,59.7
05/18/2026,18:58:08,15.8,59.7
05/18/2026,19:03:08,15.8,59.8
05/18/2026,19:08:08,15.8,59.8
05/18/2026,19:13:08,15.8,59.8
05/18/2026,19:18:08,15.8,59.9
05/18/2026,19:23:08,15.8,59.9
05/18/2026,19:28:08,15.8,59.9
05/18/2026,19:33:08,15.8,59.9
05/18/2026,19:38:08,15.8,59.9
05/18/2026,19:43:08,15.8,59.9
05/18/2026,19:48:08,15.8,60
05/18/2026,19:53:08,15.8,60
05/18/2026,19:58:08,15.8,60
05/18/2026,20:03:08,15.8,60
05/18/2026,20:08:08,15.8,60
05/18/2026,20:13:08,15.8,60
05/18/2026,20:18:08,15.8,60
05/18/2026,20:23:08,15.8,60
05/18/2026,20:28:08,15.8,60
05/18/2026,20:33:08,15.8,60.1
05/18/2026,20:38:08,15.8,60
05/18/2026,20:43:08,15.8,60
05/18/2026,20:48:08,15.8,60
05/18/2026,20:53:08,15.8,60
05/18/2026,20:58:08,15.8,60
05/18/2026,21:03:08,15.8,60
05/18/2026,21:08:08,15.8,60
05/18/2026,21:13:08,15.8,59.9
05/18/2026,21:18:08,15.7,59.9
05/18/2026,21:23:08,15.8,59.9
05/18/2026,21:28:08,15.8,59.9
05/18/2026,21:33:08,15.7,59.9
05/18/2026,21:38:08,15.7,59.8
05/18/2026,21:43:08,15.7,59.8
05/18/2026,21:48:08,15.7,59.8
05/18/2026,21:53:08,15.7,59.8
05/18/2026,21:58:08,15.7,59.8
05/18/2026,22:03:08,15.7,59.8
05/18/2026,22:08:08,15.7,59.7
05/18/2026,22:13:08,15.7,59.7
05/18/2026,22:18:08,15.7,59.7
05/18/2026,22:23:08,15.7,59.7
05/18/2026,22:28:08,15.6,59.7
05/18/2026,22:33:08,15.6,59.7
05/18/2026,22:38:08,15.6,59.6
05/18/2026,22:43:08,15.6,59.7
05/18/2026,22:48:08,15.6,59.6
05/18/2026,22:53:08,15.6,59.6
05/18/2026,22:58:08,15.6,59.6
05/18/2026,23:03:08,15.6,59.6
05/18/2026,23:08:08,15.6,59.6
05/18/2026,23:13:08,15.6,59.5
05/18/2026,23:18:08,15.6,59.5
05/18/2026,23:23:08,15.6,59.5
05/18/2026,23:28:08,15.6,59.5
05/18/2026,23:33:08,15.5,59.5
05/18/2026,23:38:08,15.6,59.4
05/18/2026,23:43:08,15.6,59.4
05/18/2026,23:48:08,15.5,59.4
05/18/2026,23:53:08,15.5,59.4
05/18/2026,23:58:08,15.5,59.3
05/19/2026,00:03:08,15.5,59.3
05/19/2026,00:08:08,15.5,59.3
05/19/2026,00:13:08,15.5,59.3
05/19/2026,00:18:08,15.5,59.2
05/19/2026,00:23:08,15.5,59.2
05/19/2026,00:28:08,15.5,59.2
05/19/2026,00:33:08,15.5,59.2
05/19/2026,00:38:08,15.5,59.2
05/19/2026,00:43:08,15.5,59.1
05/19/2026,00:48:08,15.5,59.1
05/19/2026,00:53:08,15.4,59.1
05/19/2026,00:58:08,15.4,59
05/19/2026,01:03:08,15.4,59
05/19/2026,01:08:08,15.4,59
05/19/2026,01:13:08,15.4,59
05/19/2026,01:18:08,15.4,59
05/19/2026,01:23:08,15.4,59
05/19/2026,01:28:08,15.4,58.9
05/19/2026,01:33:08,15.4,58.9
05/19/2026,01:38:08,15.4,58.9
05/19/2026,01:43:08,15.4,58.9
05/19/2026,01:48:08,15.4,58.9
05/19/2026,01:53:08,15.4,58.9
05/19/2026,01:58:08,15.4,58.8
05/19/2026,02:03:08,15.4,58.8
05/19/2026,02:08:08,15.4,58.8
05/19/2026,02:13:08,15.4,58.8
05/19/2026,02:18:08,15.4,58.8
05/19/2026,02:23:08,15.3,58.8
05/19/2026,02:28:08,15.3,58.8
05/19/2026,02:33:08,15.4,58.8
05/19/2026,02:38:08,15.3,58.7
05/19/2026,02:43:08,15.3,58.8
05/19/2026,02:48:08,15.3,58.7
05/19/2026,02:53:08,15.4,58.7
05/19/2026,02:58:08,15.3,58.7
05/19/2026,03:03:08,15.3,58.7
05/19/2026,03:08:08,15.3,58.7
05/19/2026,03:13:08,15.3,58.7
05/19/2026,03:18:08,15.3,58.7
05/19/2026,03:23:08,15.3,58.7
05/19/2026,03:28:08,15.3,58.7
05/19/2026,03:33:08,15.3,58.7
05/19/2026,03:38:08,15.3,58.7
05/19/2026,03:43:08,15.3,58.7
05/19/2026,03:48:08,15.3,58.7
05/19/2026,03:53:08,15.3,58.7
05/19/2026,03:58:08,15.3,58.7
05/19/2026,04:03:08,15.3,58.7
05/19/2026,04:08:08,15.3,58.7
05/19/2026,04:13:08,15.3,58.7
05/19/2026,04:18:08,15.2,58.7
05/19/2026,04:23:08,15.2,58.7
05/19/2026,04:28:08,15.2,58.7
05/19/2026,04:33:08,15.2,58.7
05/19/2026,04:38:08,15.2,58.7
05/19/2026,04:43:08,15.2,58.8
05/19/2026,04:48:08,15.2,58.8
05/19/2026,04:53:08,15.2,58.8
05/19/2026,04:58:08,15.2,58.8
05/19/2026,05:03:08,15.2,58.8
05/19/2026,05:08:08,15.2,58.8
05/19/2026,05:13:08,15.2,58.8
05/19/2026,05:18:08,15.2,58.9
05/19/2026,05:23:08,15.2,58.9
05/19/2026,05:28:08,15.2,58.9
05/19/2026,05:33:08,15.2,58.9
05/19/2026,05:38:08,15.2,58.9
05/19/2026,05:43:08,15.2,58.9
05/19/2026,05:48:08,15.2,59
05/19/2026,05:53:08,15.2,58.9
05/19/2026,05:58:08,15.2,59
05/19/2026,06:03:08,15.2,59
05/19/2026,06:08:08,15.2,59
05/19/2026,06:13:08,15.2,59
05/19/2026,06:18:08,15.1,59
05/19/2026,06:23:08,15.2,59.1
05/19/2026,06:28:08,15.2,59.1
05/19/2026,06:33:08,15.2,59.1
05/19/2026,06:38:08,15.1,59.2
05/19/2026,06:43:08,15.1,59.1
05/19/2026,06:48:08,15.1,59.2
05/19/2026,06:53:08,15.2,59.2
05/19/2026,06:58:08,15.1,59.2
05/19/2026,07:03:08,15.2,59.3
05/19/2026,07:08:08,15.1,59.3
05/19/2026,07:13:08,15.2,59.3
05/19/2026,07:18:08,15.1,59.3
05/19/2026,07:23:08,15.2,59.4
05/19/2026,07:28:08,15.2,59.4
05/19/2026,07:33:08,15.1,59.4
05/19/2026,07:38:08,15.1,59.4
05/19/2026,07:43:08,15.2,59.5
05/19/2026,07:48:08,15.1,59.6
05/19/2026,07:53:08,15.1,59.5
05/19/2026,07:58:08,15.1,59.6
05/19/2026,08:03:08,15.1,59.6
05/19/2026,08:08:08,15.1,59.6
05/19/2026,08:13:08,15.1,59.7
05/19/2026,08:18:08,15.1,59.7
05/19/2026,08:23:08,15.1,59.7
05/19/2026,08:28:08,15.1,59.8
05/19/2026,08:33:08,15.1,59.8
05/19/2026,08:38:08,15.1,59.9
05/19/2026,08:43:08,15.1,59.9
05/19/2026,08:48:08,15.2,59.9
05/19/2026,08:53:08,15.2,60
05/19/2026,08:58:08,15.2,60
05/19/2026,09:03:08,15.2,60
05/19/2026,09:08:08,15.1,60.1
05/19/2026,09:13:08,15.2,60.1
05/19/2026,09:18:08,15.2,60.1
05/19/2026,09:23:08,15.2,60.2
05/19/2026,09:28:08,15.2,60.2
05/19/2026,09:33:08,15.2,60.2
05/19/2026,09:38:08,15.2,60.3
05/19/2026,09:43:08,15.2,60.3
05/19/2026,09:48:08,15.2,60.4
05/19/2026,09:53:08,15.2,60.4
05/19/2026,09:58:08,15.1,60.4
05/19/2026,10:03:08,15.1,60.5
05/19/2026,10:08:08,15.2,60.5
05/19/2026,10:13:08,15.2,60.6
05/19/2026,10:18:08,15.2,60.6
05/19/2026,10:23:08,15.2,60.6
05/19/2026,10:28:08,15.2,60.7
05/19/2026,10:33:08,15.2,60.7
05/19/2026,10:38:08,15.2,60.7
05/19/2026,10:43:08,15.2,60.7
05/19/2026,10:48:08,15.2,60.8
05/19/2026,10:53:08,15.2,60.8
05/19/2026,10:58:08,15.2,60.9
05/19/2026,11:03:08,15.2,60.9
05/19/2026,11:08:08,15.2,60.9
05/19/2026,11:13:08,15.2,61
05/19/2026,11:18:08,15.2,61
05/19/2026,11:23:08,15.2,61
05/19/2026,11:28:08,15.2,61.1
05/19/2026,11:33:08,15.2,61.1
05/19/2026,11:38:08,15.2,61.1
05/19/2026,11:43:08,15.2,61.2
05/19/2026,11:48:08,15.3,61.2
05/19/2026,11:53:08,15.3,61.3
05/19/2026,11:58:08,15.3,61.3
05/19/2026,12:03:08,15.3,61.4
05/19/2026,12:08:08,15.3,61.4
05/19/2026,12:13:08,15.3,61.4
05/19/2026,12:18:08,15.3,61.5
05/19/2026,12:23:08,15.3,61.6
05/19/2026,12:28:08,15.4,61.7
05/19/2026,12:33:08,15.3,61.9
05/19/2026,12:38:08,15.4,62.3
05/19/2026,12:43:08,15.5,62.3
05/19/2026,12:48:08,15.5,62.4
05/19/2026,12:53:08,15.6,62.5
05/19/2026,12:58:08,15.6,62.5
05/19/2026,13:03:08,15.6,62.7
05/19/2026,13:08:08,15.6,62.7
05/19/2026,13:13:08,15.6,62.8
05/19/2026,13:18:08,15.7,62.8
05/19/2026,13:23:08,15.7,62.9
05/19/2026,13:28:08,15.7,63
05/19/2026,13:33:08,15.7,63
05/19/2026,13:38:08,15.7,63
05/19/2026,13:43:08,15.7,63.1
05/19/2026,13:48:08,15.7,63.1
05/19/2026,13:53:08,15.7,63.2
05/19/2026,13:58:08,15.7,63.2
05/19/2026,14:03:08,15.7,63.3
05/19/2026,14:08:08,15.7,63.3
05/19/2026,14:13:08,15.7,63.3
05/19/2026,14:18:08,15.7,63.4
05/19/2026,14:23:08,15.7,63.4
05/19/2026,14:28:08,15.7,63.4
05/19/2026,14:33:08,15.7,63.5
05/19/2026,14:38:08,15.7,63.6
05/19/2026,14:43:08,15.7,63.6
05/19/2026,14:48:08,15.7,63.6
05/19/2026,14:53:08,15.7,63.6
05/19/2026,14:58:08,15.7,63.7
05/19/2026,15:03:08,15.7,63.7
05/19/2026,15:08:08,15.7,63.7
05/19/2026,15:13:08,15.7,63.7
05/19/2026,15:18:08,15.7,63.7
05/19/2026,15:23:08,15.7,63.7
05/19/2026,15:28:08,15.7,63.7
05/19/2026,15:33:08,15.7,63.8
05/19/2026,15:38:08,15.8,63.8
05/19/2026,15:43:08,15.8,63.9
05/19/2026,15:48:08,15.8,63.9
05/19/2026,15:53:08,15.7,63.9
05/19/2026,15:58:08,15.8,63.9
05/19/2026,16:03:08,15.8,64
05/19/2026,16:08:08,15.8,64
05/19/2026,16:13:08,15.8,64
05/19/2026,16:18:08,15.8,64.1
05/19/2026,16:23:08,15.8,64.1
05/19/2026,16:28:08,15.8,64.1
05/19/2026,16:33:08,15.8,64.1
05/19/2026,16:38:08,15.8,64.2
05/19/2026,16:43:08,15.8,64.2
05/19/2026,16:48:08,15.8,64.2
05/19/2026,16:53:08,15.8,64.3
05/19/2026,16:58:08,15.9,64.3
05/19/2026,17:03:08,15.9,64.3
05/19/2026,17:08:08,15.9,64.4
05/19/2026,17:13:08,15.9,64.4
05/19/2026,17:18:08,15.9,64.3
05/19/2026,17:23:08,15.9,64.4
05/19/2026,17:28:08,15.9,64.4
05/19/2026,17:33:08,15.9,64.5
05/19/2026,17:38:08,15.9,64.4
05/19/2026,17:43:08,15.9,64.4
05/19/2026,17:48:08,15.9,64.4
05/19/2026,17:53:08,15.9,64.5
05/19/2026,17:58:08,15.9,64.4
05/19/2026,18:03:08,15.9,64.5
05/19/2026,18:08:08,15.9,64.5
05/19/2026,18:13:08,15.9,64.5
05/19/2026,18:18:08,15.9,64.5
05/19/2026,18:23:08,15.9,64.5
05/19/2026,18:28:08,15.9,64.5
05/19/2026,18:33:08,15.9,64.6
05/19/2026,18:38:08,16,64.5
05/19/2026,18:43:08,15.9,64.5
05/19/2026,18:48:08,16,64.5
05/19/2026,18:53:08,16,64.5
05/19/2026,18:58:08,16,64.6
05/19/2026,19:03:08,16,64.6
05/19/2026,19:08:08,16,64.9
05/19/2026,19:13:08,16.1,65
05/19/2026,19:18:08,16.1,64.9
05/19/2026,19:23:08,16.1,65
05/19/2026,19:28:08,16.2,65
05/19/2026,19:33:08,16.2,65
05/19/2026,19:38:08,16.2,65
05/19/2026,19:43:08,16.2,65
05/19/2026,19:48:08,16.2,65
05/19/2026,19:53:08,16.2,65
05/19/2026,19:58:08,16.3,65.1
05/19/2026,20:03:08,16.3,65.1
05/19/2026,20:08:08,16.3,65.1
05/19/2026,20:13:08,16.3,65.1
05/19/2026,20:18:08,16.3,65.1
05/19/2026,20:23:08,16.3,65.2
05/19/2026,20:28:08,16.3,65.2
05/19/2026,20:33:08,16.3,65.1
05/19/2026,20:38:08,16.3,65.1
05/19/2026,20:43:08,16.3,65.1
05/19/2026,20:48:08,16.3,65.1
05/19/2026,20:53:08,16.3,65.1
05/19/2026,20:58:08,16.3,65
05/19/2026,21:03:08,16.2,65
05/19/2026,21:08:08,16.2,65
05/19/2026,21:13:08,16.2,65
05/19/2026,21:18:08,16.2,64.9
05/19/2026,21:23:08,16.2,64.9
05/19/2026,21:28:08,16.2,64.9
05/19/2026,21:33:08,16.2,64.9
05/19/2026,21:38:08,16.2,64.9
05/19/2026,21:43:08,16.2,64.8
05/19/2026,21:48:08,16.2,64.8
05/19/2026,21:53:08,16.2,64.8
05/19/2026,21:58:08,16.2,64.8
05/19/2026,22:03:08,16.1,64.7
05/19/2026,22:08:08,16.2,64.8
05/19/2026,22:13:08,16.2,64.7
05/19/2026,22:18:08,16.1,64.7
05/19/2026,22:23:08,16.2,64.7
05/19/2026,22:28:08,16.1,64.7
05/19/2026,22:33:08,16.1,64.6
05/19/2026,22:38:08,16.1,64.6
05/19/2026,22:43:08,16.1,64.6
05/19/2026,22:48:08,16.1,64.6
05/19/2026,22:53:08,16.1,64.5
05/19/2026,22:58:08,16.1,64.5
05/19/2026,23:03:08,16.1,64.5
05/19/2026,23:08:08,16.1,64.5
05/19/2026,23:13:08,16.1,64.5
05/19/2026,23:18:08,16.1,64.4
05/19/2026,23:23:08,16.1,64.4
05/19/2026,23:28:08,16.1,64.4
05/19/2026,23:33:08,16.1,64.4
05/19/2026,23:38:08,16.1,64.4
05/19/2026,23:43:08,16.1,64.4
05/19/2026,23:48:08,16.1,64.4
05/19/2026,23:53:08,16.1,64.3
05/19/2026,23:58:08,16.1,64.3
05/20/2026,00:03:08,16.1,64.3
05/20/2026,00:08:08,16.1,64.3
05/20/2026,00:13:08,16,64.3
05/20/2026,00:18:08,16,64.3
05/20/2026,00:23:08,16.1,64.3
05/20/2026,00:28:08,16,64.2
05/20/2026,00:33:08,16,64.2
05/20/2026,00:38:08,16.1,64.2
05/20/2026,00:43:08,16,64.2
05/20/2026,00:48:08,16.1,64.2
05/20/2026,00:53:08,16,64.2
05/20/2026,00:58:08,16,64.1
05/20/2026,01:03:08,16,64.1
05/20/2026,01:08:08,16,64.1
05/20/2026,01:13:08,16,64.1
05/20/2026,01:18:08,16,64.1
05/20/2026,01:23:08,16,64
05/20/2026,01:28:08,16,64
05/20/2026,01:33:08,16,64
05/20/2026,01:38:08,16,64
05/20/2026,01:43:08,16,64
05/20/2026,01:48:08,16,64
05/20/2026,01:53:08,16,63.9
05/20/2026,01:58:08,16,63.9
05/20/2026,02:03:08,16,63.9
05/20/2026,02:08:08,16,63.9
05/20/2026,02:13:08,16,63.9
05/20/2026,02:18:08,16,63.8
05/20/2026,02:23:08,16,63.8
05/20/2026,02:28:08,16,63.8
05/20/2026,02:33:08,16,63.8
05/20/2026,02:38:08,16,63.8
05/20/2026,02:43:08,16,63.7
05/20/2026,02:48:08,16,63.7
05/20/2026,02:53:08,15.9,63.7
05/20/2026,02:58:08,15.9,63.7
05/20/2026,03:03:08,16,63.7
05/20/2026,03:08:08,15.9,63.7
05/20/2026,03:13:08,15.9,63.7
05/20/2026,03:18:08,15.9,63.6
05/20/2026,03:23:08,15.9,63.6
05/20/2026,03:28:08,15.9,63.6
05/20/2026,03:33:08,15.9,63.6
05/20/2026,03:38:08,15.9,63.6
05/20/2026,03:43:08,15.9,63.5
05/20/2026,03:48:08,15.9,63.5
05/20/2026,03:53:08,15.9,63.5
05/20/2026,03:58:08,15.9,63.5
05/20/2026,04:03:08,15.9,63.5
05/20/2026,04:08:08,15.9,63.5
05/20/2026,04:13:08,15.9,63.4
05/20/2026,04:18:08,15.9,63.4
05/20/2026,04:23:08,15.9,63.4
05/20/2026,04:28:08,15.9,63.4
05/20/2026,04:33:08,15.9,63.4
05/20/2026,04:38:08,15.9,63.3
05/20/2026,04:43:08,15.9,63.3
05/20/2026,04:48:08,15.8,63.3
05/20/2026,04:53:08,15.9,63.3
05/20/2026,04:58:08,15.8,63.3
05/20/2026,05:03:08,15.9,63.3
05/20/2026,05:08:08,15.9,63.3
05/20/2026,05:13:08,15.8,63.3
05/20/2026,05:18:08,15.9,63.3
05/20/2026,05:23:08,15.8,63.2
05/20/2026,05:28:08,15.8,63.2
05/20/2026,05:33:08,15.8,63.2
05/20/2026,05:38:08,15.8,63.2
05/20/2026,05:43:08,15.8,63.2
05/20/2026,05:48:08,15.8,63.2
05/20/2026,05:53:08,15.8,63.1
05/20/2026,05:58:08,15.8,63.1
05/20/2026,06:03:08,15.8,63.1
05/20/2026,06:08:08,15.8,63.1
05/20/2026,06:13:08,15.8,63.1
05/20/2026,06:18:08,15.8,63.1
05/20/2026,06:23:08,15.8,63.1
05/20/2026,06:28:08,15.8,63.1
05/20/2026,06:33:08,15.8,63
05/20/2026,06:38:08,15.8,63.1
05/20/2026,06:43:08,15.8,63.1
05/20/2026,06:48:08,15.8,63.1
05/20/2026,06:53:08,15.8,63
05/20/2026,06:58:08,15.8,63
05/20/2026,07:03:08,15.8,63
05/20/2026,07:08:08,15.8,63
05/20/2026,07:13:08,15.8,63
05/20/2026,07:18:08,15.8,63
05/20/2026,07:23:08,15.8,63
05/20/2026,07:28:08,15.8,63
05/20/2026,07:33:08,15.8,63
05/20/2026,07:38:08,15.8,63
05/20/2026,07:43:08,15.8,63
05/20/2026,07:48:08,15.8,63
05/20/2026,07:53:08,15.8,63
05/20/2026,07:58:08,15.8,63
05/20/2026,08:03:08,15.8,63
05/20/2026,08:08:08,15.8,62.9
05/20/2026,08:13:08,15.8,63
05/20/2026,08:18:08,15.8,63
05/20/2026,08:23:08,15.8,63
05/20/2026,08:28:08,15.8,63
05/20/2026,08:33:08,15.8,62.9
05/20/2026,08:38:08,15.8,63
05/20/2026,08:43:08,15.8,63
05/20/2026,08:48:08,15.8,62.9
05/20/2026,08:53:08,15.8,62.9
05/20/2026,08:58:08,15.8,62.9
05/20/2026,09:03:08,15.8,62.9
05/20/2026,09:08:08,15.8,62.9
05/20/2026,09:13:08,15.8,63
05/20/2026,09:18:08,15.8,62.9
05/20/2026,09:23:08,15.8,63
05/20/2026,09:28:08,15.9,63
05/20/2026,09:33:08,15.8,63
05/20/2026,09:38:08,15.9,63.2
05/20/2026,09:43:08,15.9,63.1
05/20/2026,09:48:08,15.9,63.1
05/20/2026,09:53:08,15.9,63.1
05/20/2026,09:58:08,15.9,63.1
05/20/2026,10:03:08,16,63.2
05/20/2026,10:08:08,16,63.2
05/20/2026,10:13:08,16,63.2
05/20/2026,10:18:08,16,63.2
05/20/2026,10:23:08,16,63.2
05/20/2026,10:28:08,16,63.2
05/20/2026,10:33:08,16,63.2
05/20/2026,10:38:08,16,63.2
05/20/2026,10:43:08,16,63.2
05/20/2026,10:48:08,16,63.2
05/20/2026,10:53:08,16,63.2
05/20/2026,10:58:08,16,63.2
05/20/2026,11:03:08,16,63.2
05/20/2026,11:08:08,16,63.2
05/20/2026,11:13:08,16,63.2
05/20/2026,11:18:08,16,63.2
05/20/2026,11:23:08,16,63.2
05/20/2026,11:28:08,16,63.2
05/20/2026,11:33:08,16.1,63.2
05/20/2026,11:38:08,16,63.2
05/20/2026,11:43:08,16.1,63.2
05/20/2026,11:48:08,16.1,63.2
05/20/2026,11:53:08,16.1,63.2
05/20/2026,11:58:08,16.1,63.2
05/20/2026,12:03:08,16.1,63.2
05/20/2026,12:08:08,16.1,63.2
05/20/2026,12:13:08,16.1,63.2
05/20/2026,12:18:08,16.1,63.2
05/20/2026,12:23:08,16.1,63.2
05/20/2026,12:28:08,16.1,63.2
05/20/2026,12:33:08,16.1,63.2
05/20/2026,12:38:08,16.1,63.2
05/20/2026,12:43:08,16.1,63.2
05/20/2026,12:48:08,16.1,63.2
05/20/2026,12:53:08,16.1,63.2
05/20/2026,12:58:08,16.1,63.2
05/20/2026,13:03:08,16.1,63.2
05/20/2026,13:08:08,16.1,63.3
05/20/2026,13:13:08,16.1,63.2
05/20/2026,13:18:08,16.1,63.2
05/20/2026,13:23:08,16.1,63.2
05/20/2026,13:28:08,16.1,63.2
05/20/2026,13:33:08,16.1,63.2
05/20/2026,13:38:08,16.1,63.2
05/20/2026,13:43:08,16.1,63.2
05/20/2026,13:48:08,16.1,63.2
05/20/2026,13:53:08,16.1,63.2
05/20/2026,13:58:08,16.1,63.2
05/20/2026,14:03:08,16.2,63.2
05/20/2026,14:08:08,16.2,63.3
05/20/2026,14:13:08,16.2,63.3
05/20/2026,14:18:08,16.2,63.3
05/20/2026,14:23:08,16.2,63.3
05/20/2026,14:28:08,16.2,63.3
05/20/2026,14:33:08,16.2,63.3
05/20/2026,14:38:08,16.2,63.3
05/20/2026,14:43:08,16.2,63.3
05/20/2026,14:48:08,16.3,63.4
05/20/2026,14:53:08,16.3,63.3
05/20/2026,14:58:08,16.3,63.2
05/20/2026,15:03:08,16.3,63.3
05/20/2026,15:08:08,16.4,63.3
05/20/2026,15:13:08,16.3,63.2
05/20/2026,15:18:08,16.4,63.2
05/20/2026,15:23:08,16.4,63.2
05/20/2026,15:28:08,16.4,63.2
05/20/2026,15:33:08,16.4,63.2
05/20/2026,15:38:08,16.4,63.2
05/20/2026,15:43:08,16.5,63.2
05/20/2026,15:48:08,16.5,63.1
05/20/2026,15:53:08,16.5,63.2
05/20/2026,15:58:08,16.6,63.2
05/20/2026,16:03:08,16.6,63.1
05/20/2026,16:08:08,16.6,63
05/20/2026,16:13:08,16.6,63.1
05/20/2026,16:18:08,16.6,63.1
05/20/2026,16:23:08,16.7,63.1
05/20/2026,16:28:08,16.7,63
05/20/2026,16:33:08,16.7,63
05/20/2026,16:38:08,16.7,63
05/20/2026,16:43:08,16.7,63.1
05/20/2026,16:48:08,16.7,63.1
05/20/2026,16:53:08,16.8,63.2
05/20/2026,16:58:08,16.8,63.1
05/20/2026,17:03:08,16.8,63.2
05/20/2026,17:08:08,16.8,63.2
05/20/2026,17:13:08,16.9,63.2
05/20/2026,17:18:08,16.9,63.3
05/20/2026,17:23:08,16.9,63.3
05/20/2026,17:28:08,16.9,63.3
05/20/2026,17:33:08,16.9,63.4
05/20/2026,17:38:08,16.9,63.4
05/20/2026,17:43:08,17,63.4
05/20/2026,17:48:08,17,63.4
05/20/2026,17:53:08,17,63.4
05/20/2026,17:58:08,17,63.4
05/20/2026,18:03:08,17,63.5
05/20/2026,18:08:08,17,63.5
05/20/2026,18:13:08,17,63.5
05/20/2026,18:18:08,17,63.5
05/20/2026,18:23:08,17,63.6
05/20/2026,18:28:08,17,63.5
05/20/2026,18:33:08,17,63.6
05/20/2026,18:38:08,17.1,63.7
05/20/2026,18:43:08,17.1,63.6
05/20/2026,18:48:08,17.1,63.7
05/20/2026,18:53:08,17.1,63.7
05/20/2026,18:58:08,17.1,63.8
05/20/2026,19:03:08,17.1,63.8
05/20/2026,19:08:08,17.1,64.6
05/20/2026,19:13:08,17.2,64.4
05/20/2026,19:18:08,17.3,64.5
05/20/2026,19:23:08,17.3,64.5
05/20/2026,19:28:08,17.3,64.7
05/20/2026,19:33:08,17.4,64.8
05/20/2026,19:38:08,17.4,64.8
05/20/2026,19:43:08,17.4,64.8
05/20/2026,19:48:08,17.4,64.9
05/20/2026,19:53:08,17.4,64.8
05/20/2026,19:58:08,17.4,64.9
05/20/2026,20:03:08,17.5,64.9
05/20/2026,20:08:08,17.4,64.9
05/20/2026,20:13:08,17.4,64.9
05/20/2026,20:18:08,17.4,64.9
05/20/2026,20:23:08,17.4,64.9
05/20/2026,20:28:08,17.4,64.9
05/20/2026,20:33:08,17.4,64.8
05/20/2026,20:38:08,17.4,64.8
05/20/2026,20:43:08,17.4,64.8
05/20/2026,20:48:08,17.3,64.8
05/20/2026,20:53:08,17.4,64.8
05/20/2026,20:58:08,17.4,64.7
05/20/2026,21:03:08,17.4,64.8
05/20/2026,21:08:08,17.3,64.8
05/20/2026,21:13:08,17.4,64.7
05/20/2026,21:18:08,17.4,64.7
05/20/2026,21:23:08,17.3,64.7
05/20/2026,21:28:08,17.3,64.7
05/20/2026,21:33:08,17.3,64.7
05/20/2026,21:38:08,17.3,64.7
05/20/2026,21:43:08,17.3,64.6
05/20/2026,21:48:08,17.3,64.6
05/20/2026,21:53:08,17.3,64.6
05/20/2026,21:58:08,17.3,64.5
05/20/2026,22:03:08,17.3,64.5
05/20/2026,22:08:08,17.3,64.5
05/20/2026,22:13:08,17.3,64.5
05/20/2026,22:18:08,17.3,64.4
05/20/2026,22:23:08,17.3,64.4
05/20/2026,22:28:08,17.3,64.4
05/20/2026,22:33:08,17.3,64.3
05/20/2026,22:38:08,17.3,64.3
05/20/2026,22:43:08,17.3,64.2
05/20/2026,22:48:08,17.3,64.2
05/20/2026,22:53:08,17.3,64.2
05/20/2026,22:58:08,17.2,64.1
05/20/2026,23:03:08,17.2,64.1
05/20/2026,23:08:08,17.2,64.1
05/20/2026,23:13:08,17.2,64.1
05/20/2026,23:18:08,17.2,64
05/20/2026,23:23:08,17.2,64
05/20/2026,23:28:08,17.2,64
05/20/2026,23:33:08,17.2,63.9
05/20/2026,23:38:08,17.2,63.9
05/20/2026,23:43:08,17.2,63.9
05/20/2026,23:48:08,17.2,63.8
05/20/2026,23:53:08,17.2,63.8
05/20/2026,23:58:08,17.2,63.8
05/21/2026,00:03:08,17.2,63.7
05/21/2026,00:08:08,17.2,63.7
05/21/2026,00:13:08,17.2,63.6
05/21/2026,00:18:08,17.2,63.6
05/21/2026,00:23:08,17.2,63.5
05/21/2026,00:28:08,17.1,63.5
05/21/2026,00:33:08,17.1,63.4
05/21/2026,00:38:08,17.1,63.3
05/21/2026,00:43:08,17.1,63.3
05/21/2026,00:48:08,17.1,63.3
05/21/2026,00:53:08,17.1,63.2
05/21/2026,00:58:08,17.1,63.2
05/21/2026,01:03:08,17.1,63.1
05/21/2026,01:08:08,17.1,63.1
05/21/2026,01:13:08,17.1,63.1
05/21/2026,01:18:08,17.1,63
05/21/2026,01:23:08,17.1,63
05/21/2026,01:28:08,17.1,62.9
05/21/2026,01:33:08,17.1,62.9
05/21/2026,01:38:08,17,62.8
05/21/2026,01:43:08,17,62.8
05/21/2026,01:48:08,17.1,62.8
05/21/2026,01:53:08,17,62.7
05/21/2026,01:58:08,17,62.7
05/21/2026,02:03:08,17,62.7
05/21/2026,02:08:08,17,62.6
05/21/2026,02:13:08,17,62.6
05/21/2026,02:18:08,17,62.6
05/21/2026,02:23:08,17,62.5
05/21/2026,02:28:08,17,62.5
05/21/2026,02:33:08,17,62.5
05/21/2026,02:38:08,17,62.4
05/21/2026,02:43:08,16.9,62.4
05/21/2026,02:48:08,17,62.4
05/21/2026,02:53:08,17,62.4
05/21/2026,02:58:08,16.9,62.4
05/21/2026,03:03:08,17,62.3
05/21/2026,03:08:08,16.9,62.3
05/21/2026,03:13:08,16.9,62.3
05/21/2026,03:18:08,16.9,62.2
05/21/2026,03:23:08,16.9,62.2
05/21/2026,03:28:08,16.9,62.2
05/21/2026,03:33:08,16.9,62.1
05/21/2026,03:38:08,16.9,62.1
05/21/2026,03:43:08,16.9,62
05/21/2026,03:48:08,16.9,62.1
05/21/2026,03:53:08,16.9,62
05/21/2026,03:58:08,16.9,62
05/21/2026,04:03:08,16.9,62
05/21/2026,04:08:08,16.9,62
05/21/2026,04:13:08,16.8,62
05/21/2026,04:18:08,16.9,61.9
05/21/2026,04:23:08,16.8,61.9
05/21/2026,04:28:08,16.8,61.9
05/21/2026,04:33:08,16.8,61.9
05/21/2026,04:38:08,16.8,61.8
05/21/2026,04:43:08,16.8,61.8
05/21/2026,04:48:08,16.8,61.8
05/21/2026,04:53:08,16.8,61.8
05/21/2026,04:58:08,16.8,61.7
05/21/2026,05:03:08,16.8,61.7
05/21/2026,05:08:08,16.8,61.7
05/21/2026,05:13:08,16.8,61.7
05/21/2026,05:18:08,16.8,61.7
05/21/2026,05:23:08,16.8,61.7
05/21/2026,05:28:08,16.8,61.7
05/21/2026,05:33:08,16.8,61.6
05/21/2026,05:38:08,16.8,61.6
05/21/2026,05:43:08,16.8,61.6
05/21/2026,05:48:08,16.7,61.6
05/21/2026,05:53:08,16.7,61.6
05/21/2026,05:58:08,16.7,61.6
05/21/2026,06:03:08,16.7,61.6
05/21/2026,06:08:08,16.7,61.6
05/21/2026,06:13:08,16.7,61.6
05/21/2026,06:18:08,16.7,61.5
05/21/2026,06:23:08,16.7,61.5
05/21/2026,06:28:08,16.7,61.5
05/21/2026,06:33:08,16.7,61.5
05/21/2026,06:38:08,16.7,61.6
05/21/2026,06:43:08,16.7,61.5
05/21/2026,06:48:08,16.7,61.6
05/21/2026,06:53:08,16.7,61.5
05/21/2026,06:58:08,16.7,61.5
05/21/2026,07:03:08,16.7,61.5
05/21/2026,07:08:08,16.7,61.5
05/21/2026,07:13:08,16.7,61.5
05/21/2026,07:18:08,16.7,61.5
05/21/2026,07:23:08,16.7,61.5
05/21/2026,07:28:08,16.7,61.5
05/21/2026,07:33:08,16.7,61.5
05/21/2026,07:38:08,16.7,61.5
05/21/2026,07:43:08,16.7,61.5
05/21/2026,07:48:08,16.7,61.5
05/21/2026,07:53:08,16.7,61.5
05/21/2026,07:58:08,16.7,61.5
05/21/2026,08:03:08,16.7,61.5
05/21/2026,08:08:08,16.7,61.5
05/21/2026,08:13:08,16.7,61.5
05/21/2026,08:18:08,16.7,61.5
05/21/2026,08:23:08,16.7,61.5
05/21/2026,08:28:08,16.7,61.6
05/21/2026,08:33:08,16.7,61.5
05/21/2026,08:38:08,16.7,61.5
05/21/2026,08:43:08,16.7,61.5
05/21/2026,08:48:08,16.7,61.6
05/21/2026,08:53:08,16.7,61.6
05/21/2026,08:58:08,16.7,61.6
05/21/2026,09:03:08,16.7,61.6
05/21/2026,09:08:08,16.7,61.6
05/21/2026,09:13:08,16.7,61.6
05/21/2026,09:18:08,16.8,61.6
05/21/2026,09:23:08,16.8,61.6
05/21/2026,09:28:08,16.7,61.7
05/21/2026,09:33:08,16.8,61.7
05/21/2026,09:38:08,16.8,62.4
05/21/2026,09:43:08,16.8,62.1
05/21/2026,09:48:08,16.9,62.1
05/21/2026,09:53:08,16.8,62.1
05/21/2026,09:58:08,16.9,62.3
05/21/2026,10:03:08,16.9,62.2
05/21/2026,10:08:08,16.9,62.2
05/21/2026,10:13:08,17,62.2
05/21/2026,10:18:08,17,62.2
05/21/2026,10:23:08,17,62.3
05/21/2026,10:28:08,17,62.3
05/21/2026,10:33:08,16.9,62.4
05/21/2026,10:38:08,17,62.4
05/21/2026,10:43:08,17,62.5
05/21/2026,10:48:08,17,62.6
05/21/2026,10:53:08,17,62.6
05/21/2026,10:58:08,17,62.6
05/21/2026,11:03:08,17,62.7
05/21/2026,11:08:08,17,62.7
05/21/2026,11:13:08,17,62.7
05/21/2026,11:18:08,17,62.8
05/21/2026,11:23:08,17,62.8
05/21/2026,11:28:08,17,62.9
05/21/2026,11:33:08,17.1,63
05/21/2026,11:38:08,17,63
05/21/2026,11:43:08,17.1,63.1
05/21/2026,11:48:08,17.1,63.1
05/21/2026,11:53:08,17.1,63.2
05/21/2026,11:58:08,17.1,63.3
05/21/2026,12:03:08,17.1,63.3
05/21/2026,12:08:08,17.1,63.3
05/21/2026,12:13:08,17.1,63.4
05/21/2026,12:18:08,17.1,63.5
05/21/2026,12:23:08,17.1,63.5
05/21/2026,12:28:08,17.1,63.6
05/21/2026,12:33:08,17.1,63.6
05/21/2026,12:38:08,17.1,63.7
05/21/2026,12:43:08,17.2,63.9
05/21/2026,12:48:08,17.2,64
05/21/2026,12:53:08,17.2,64
05/21/2026,12:58:08,17.2,64.1
05/21/2026,13:03:08,17.2,64.2
05/21/2026,13:08:08,17.2,64.3
05/21/2026,13:13:08,17.2,64.4
05/21/2026,13:18:08,17.2,64.5
05/21/2026,13:23:08,17.2,64.6
05/21/2026,13:28:08,17.3,64.6
05/21/2026,13:33:08,17.3,64.9
05/21/2026,13:38:08,17.3,64.9
05/21/2026,13:43:08,17.3,65.1
05/21/2026,13:48:08,17.3,65.2
05/21/2026,13:53:08,17.3,65.5
05/21/2026,13:58:08,17.3,65.6
05/21/2026,14:03:08,17.4,65.8
05/21/2026,14:08:08,17.4,65.8
05/21/2026,14:13:08,17.4,65.9
05/21/2026,14:18:08,17.4,65.9
05/21/2026,14:23:08,17.4,65.9
05/21/2026,14:28:08,17.4,66
05/21/2026,14:33:08,17.5,66.1
05/21/2026,14:38:08,17.5,66.2
05/21/2026,14:43:08,17.5,66.3
05/21/2026,14:48:08,17.5,66.5
05/21/2026,14:53:08,17.5,66.8
05/21/2026,14:58:08,17.6,67.1
05/21/2026,15:03:08,17.6,67.2
05/21/2026,15:08:08,17.6,67.3
05/21/2026,15:13:08,17.6,67.4
05/21/2026,15:18:08,17.7,67.5
05/21/2026,15:23:08,17.7,67.4
05/21/2026,15:28:08,17.7,67.5
05/21/2026,15:33:08,17.7,67.6
05/21/2026,15:38:08,17.7,67.7
05/21/2026,15:43:08,17.8,67.7
05/21/2026,15:48:08,17.8,67.7
05/21/2026,15:53:08,17.8,67.7
05/21/2026,15:58:08,17.9,67.7
05/21/2026,16:03:08,17.9,67.7
05/21/2026,16:08:08,17.9,67.8
05/21/2026,16:13:08,17.9,67.8
05/21/2026,16:18:08,17.9,67.9
05/21/2026,16:23:08,18,68
05/21/2026,16:28:08,18,68
05/21/2026,16:33:08,18,68.1
05/21/2026,16:38:08,18,68.2
05/21/2026,16:43:08,18.1,68.1
05/21/2026,16:48:08,18.1,68.1
05/21/2026,16:53:08,18.1,68
05/21/2026,16:58:08,18.1,68
05/21/2026,17:03:08,18.1,68
05/21/2026,17:08:08,18.1,68
05/21/2026,17:13:08,18.1,68.1
05/21/2026,17:18:08,18.1,68.1
05/21/2026,17:23:08,18.1,68
05/21/2026,17:28:08,18.2,68.1
05/21/2026,17:33:08,18.2,68.2
05/21/2026,17:38:08,18.2,68.2
05/21/2026,17:43:08,18.2,68.3
05/21/2026,17:48:08,18.2,68.3
05/21/2026,17:53:08,18.2,68.5
05/21/2026,17:58:08,18.3,68.5
05/21/2026,18:03:08,18.3,68.5
05/21/2026,18:08:08,18.3,68.6
05/21/2026,18:13:08,18.3,68.7
05/21/2026,18:18:08,18.3,68.8
05/21/2026,18:23:08,18.3,68.7
05/21/2026,18:28:08,18.3,68.7
05/21/2026,18:33:08,18.3,68.8
05/21/2026,18:38:08,18.3,68.9
05/21/2026,18:43:08,18.3,69
05/21/2026,18:48:08,18.3,69.2
05/21/2026,18:53:08,18.3,69.3
05/21/2026,18:58:08,18.3,69.3
05/21/2026,19:03:08,18.3,69.4
05/21/2026,19:08:08,18.4,69.5
05/21/2026,19:13:08,18.4,69.5
05/21/2026,19:18:08,18.4,69.5
05/21/2026,19:23:08,18.4,69.5
05/21/2026,19:28:08,18.4,69.4
05/21/2026,19:33:08,18.4,69.3
05/21/2026,19:38:08,18.4,69.4
05/21/2026,19:43:08,18.4,69.3
05/21/2026,19:48:08,18.4,69.3
05/21/2026,19:53:08,18.4,69.2
05/21/2026,19:58:08,18.4,69.1
05/21/2026,20:03:08,18.4,69.2
05/21/2026,20:08:08,18.4,69.1
05/21/2026,20:13:08,18.4,69.2
05/21/2026,20:18:08,18.4,69.1
05/21/2026,20:23:08,18.4,69.1
05/21/2026,20:28:08,18.4,69
05/21/2026,20:33:08,18.4,69
05/21/2026,20:38:08,18.4,69
05/21/2026,20:43:08,18.4,69
05/21/2026,20:48:08,18.4,68.9
05/21/2026,20:53:08,18.4,68.9
05/21/2026,20:58:08,18.4,68.9
05/21/2026,21:03:08,18.4,68.8
05/21/2026,21:08:08,18.4,68.8
05/21/2026,21:13:08,18.4,68.7
05/21/2026,21:18:08,18.4,68.7
05/21/2026,21:23:08,18.4,68.6
05/21/2026,21:28:08,18.4,68.5
05/21/2026,21:33:08,18.4,68.5
05/21/2026,21:38:08,18.4,68.4
05/21/2026,21:43:08,18.4,68.5
05/21/2026,21:48:08,18.4,68.4
05/21/2026,21:53:08,18.5,68.4
05/21/2026,21:58:08,18.4,68.3
05/21/2026,22:03:08,18.5,68.3
05/21/2026,22:08:08,18.5,68.3
05/21/2026,22:13:08,18.5,68.2
05/21/2026,22:18:08,18.5,68.2
05/21/2026,22:23:08,18.5,68.2
05/21/2026,22:28:08,18.5,68.1
05/21/2026,22:33:08,18.5,68.1
05/21/2026,22:38:08,18.4,68.1
05/21/2026,22:43:08,18.5,68.1
05/21/2026,22:48:08,18.5,68.1
05/21/2026,22:53:08,18.5,68
05/21/2026,22:58:08,18.5,68
05/21/2026,23:03:08,18.5,68
05/21/2026,23:08:08,18.5,67.9
05/21/2026,23:13:08,18.5,67.9
05/21/2026,23:18:08,18.5,67.9
05/21/2026,23:23:08,18.5,67.8
05/21/2026,23:28:08,18.5,67.8
05/21/2026,23:33:08,18.5,67.7
05/21/2026,23:38:08,18.5,67.7
05/21/2026,23:43:08,18.5,67.7
05/21/2026,23:48:08,18.5,67.7
05/21/2026,23:53:08,18.5,67.6
05/21/2026,23:58:08,18.5,67.6
05/22/2026,00:03:08,18.5,67.5
05/22/2026,00:08:08,18.5,67.5
05/22/2026,00:13:08,18.5,67.4
05/22/2026,00:18:08,18.5,67.4
05/22/2026,00:23:08,18.4,67.4
05/22/2026,00:28:08,18.5,67.3
05/22/2026,00:33:08,18.5,67.3
05/22/2026,00:38:08,18.5,67.3
05/22/2026,00:43:08,18.5,67.2
05/22/2026,00:48:08,18.5,67.2
05/22/2026,00:53:08,18.5,67.1
05/22/2026,00:58:08,18.5,67.1
05/22/2026,01:03:08,18.5,67.1
05/22/2026,01:08:08,18.4,67
05/22/2026,01:13:08,18.5,67
05/22/2026,01:18:08,18.5,66.9
05/22/2026,01:23:08,18.5,66.9
05/22/2026,01:28:08,18.5,66.9
05/22/2026,01:33:08,18.4,66.8
05/22/2026,01:38:08,18.4,66.7
05/22/2026,01:43:08,18.5,66.7
05/22/2026,01:48:08,18.4,66.7
05/22/2026,01:53:08,18.5,66.6
05/22/2026,01:58:08,18.5,66.6
05/22/2026,02:03:08,18.4,66.5
05/22/2026,02:08:08,18.4,66.5
05/22/2026,02:13:08,18.4,66.5
05/22/2026,02:18:08,18.4,66.4
05/22/2026,02:23:08,18.4,66.3
05/22/2026,02:28:08,18.4,66.3
05/22/2026,02:33:08,18.4,66.2
05/22/2026,02:38:08,18.4,66.2
05/22/2026,02:43:08,18.4,66.1
05/22/2026,02:48:08,18.4,66.1
05/22/2026,02:53:08,18.4,66.1
05/22/2026,02:58:08,18.4,66
05/22/2026,03:03:08,18.4,66
05/22/2026,03:08:08,18.4,65.9
05/22/2026,03:13:08,18.4,65.8
05/22/2026,03:18:08,18.4,65.8
05/22/2026,03:23:08,18.4,65.7
05/22/2026,03:28:08,18.4,65.7
05/22/2026,03:33:08,18.4,65.7
05/22/2026,03:38:08,18.4,65.6
05/22/2026,03:43:08,18.4,65.6
05/22/2026,03:48:08,18.4,65.5
05/22/2026,03:53:08,18.4,65.5
05/22/2026,03:58:08,18.3,65.4
05/22/2026,04:03:08,18.3,65.4
05/22/2026,04:08:08,18.3,65.3
05/22/2026,04:13:08,18.3,65.3
05/22/2026,04:18:08,18.3,65.2
05/22/2026,04:23:08,18.3,65.2
05/22/2026,04:28:08,18.3,65.1
05/22/2026,04:33:08,18.3,65.1
05/22/2026,04:38:08,18.3,65.1
05/22/2026,04:43:08,18.3,65
05/22/2026,04:48:08,18.3,65
05/22/2026,04:53:08,18.3,64.9
05/22/2026,04:58:08,18.3,64.9
05/22/2026,05:03:08,18.3,64.8
05/22/2026,05:08:08,18.3,64.8
05/22/2026,05:13:08,18.3,64.7
05/22/2026,05:18:08,18.3,64.7
05/22/2026,05:23:08,18.2,64.6
05/22/2026,05:28:08,18.2,64.6
05/22/2026,05:33:08,18.2,64.6
05/22/2026,05:38:08,18.2,64.5
05/22/2026,05:43:08,18.2,64.5
05/22/2026,05:48:08,18.3,64.5
05/22/2026,05:53:08,18.2,64.5
05/22/2026,05:58:08,18.2,64.5
05/22/2026,06:03:08,18.2,64.5
05/22/2026,06:08:08,18.2,64.4
05/22/2026,06:13:08,18.2,64.3
05/22/2026,06:18:08,18.3,64.3
05/22/2026,06:23:08,18.2,64.3
05/22/2026,06:28:08,18.3,64.3
05/22/2026,06:33:08,18.2,64.2
05/22/2026,06:38:08,18.3,64.2
05/22/2026,06:43:08,18.2,64.2
05/22/2026,06:48:08,18.2,64.2
05/22/2026,06:53:08,18.2,64.2
05/22/2026,06:58:08,18.2,64.1
05/22/2026,07:03:08,18.2,64.1
05/22/2026,07:08:08,18.2,64.1
05/22/2026,07:13:08,18.2,64
05/22/2026,07:18:08,18.3,64.1
05/22/2026,07:23:08,18.3,64
05/22/2026,07:28:08,18.3,64
05/22/2026,07:33:08,18.3,64
05/22/2026,07:38:08,18.3,64
05/22/2026,07:43:08,18.3,64
05/22/2026,07:48:08,18.3,64
05/22/2026,07:53:08,18.3,64
05/22/2026,07:58:08,18.3,64
05/22/2026,08:03:08,18.3,63.9
05/22/2026,08:08:08,18.3,64
05/22/2026,08:13:08,18.3,63.9
05/22/2026,08:18:08,18.3,63.9
05/22/2026,08:23:08,18.3,64
05/22/2026,08:28:08,18.3,63.9
05/22/2026,08:33:08,18.4,63.9
05/22/2026,08:38:08,18.3,64
05/22/2026,08:43:08,18.4,64
05/22/2026,08:48:08,18.4,64
05/22/2026,08:53:08,18.4,64
05/22/2026,08:58:08,18.4,64.1
05/22/2026,09:03:08,18.4,64.1
05/22/2026,09:08:08,18.4,64.1
05/22/2026,09:13:08,18.5,64.2
05/22/2026,09:18:08,18.5,64.2
05/22/2026,09:23:08,18.5,64.2
05/22/2026,09:28:08,18.5,64.4
05/22/2026,09:33:08,18.6,64.4
05/22/2026,09:38:08,18.6,64.5
05/22/2026,09:43:08,18.7,64.5
05/22/2026,09:48:08,18.8,64.6
05/22/2026,09:53:08,18.9,64.5
05/22/2026,09:58:08,19.1,64.5
05/22/2026,10:03:08,19.2,64.4
05/22/2026,10:08:08,19.3,64.2
05/22/2026,10:13:08,19.5,64.1
05/22/2026,10:18:08,19.6,63.9
05/22/2026,10:23:08,19.7,63.9
05/22/2026,10:28:08,19.7,63.8
05/22/2026,10:33:08,19.8,63.7
05/22/2026,10:38:08,19.8,63.7
05/22/2026,10:43:08,19.8,63.7
05/22/2026,10:48:08,19.8,63.7
05/22/2026,10:53:08,19.8,63.8
05/22/2026,10:58:08,19.8,63.8
05/22/2026,11:03:08,19.9,63.9
05/22/2026,11:08:08,19.9,64
05/22/2026,11:13:08,20,64.1
05/22/2026,11:18:08,20.1,64.1
05/22/2026,11:23:08,20.2,64.1
05/22/2026,11:28:08,20.4,64
05/22/2026,11:33:08,20.5,63.9
05/22/2026,11:38:08,20.7,63.8
05/22/2026,11:43:08,20.8,63.6
05/22/2026,11:48:08,21,63.5
05/22/2026,11:53:08,21,63.3
05/22/2026,11:58:08,21.1,63.2
05/22/2026,12:03:08,21.2,63.2
05/22/2026,12:08:08,21.2,63.2
05/22/2026,12:13:08,21.2,63.2
05/22/2026,12:18:08,21.2,63.2
05/22/2026,12:23:08,21.2,63.2
05/22/2026,12:28:08,21.2,63.2
05/22/2026,12:33:08,21.2,63.4
05/22/2026,12:38:08,21.2,63.5
05/22/2026,12:43:08,21.2,63.6
05/22/2026,12:48:08,21.2,63.6
05/22/2026,12:53:08,21.2,63.5
05/22/2026,12:58:08,21.2,63.5
05/22/2026,13:03:08,21.3,63.7
05/22/2026,13:08:08,21.2,63.6
05/22/2026,13:13:08,21.2,63.6
05/22/2026,13:18:08,21.2,63.6
05/22/2026,13:23:08,21.2,63.5
05/22/2026,13:28:08,21.2,63.3
05/22/2026,13:33:08,21.2,63.2
05/22/2026,13:38:08,21.2,63.2
05/22/2026,13:43:08,21.2,63.1
05/22/2026,13:48:08,21.2,63
05/22/2026,13:53:08,21.2,63
05/22/2026,13:58:08,21.2,63
05/22/2026,14:03:08,21.3,63
05/22/2026,14:08:08,21.3,62.8
05/22/2026,14:13:08,21.3,62.8
05/22/2026,14:18:08,21.3,62.7
05/22/2026,14:23:08,21.3,62.8
05/22/2026,14:28:08,21.3,62.7
05/22/2026,14:33:08,21.4,62.7
05/22/2026,14:38:08,21.4,62.7
05/22/2026,14:43:08,21.4,62.6
05/22/2026,14:48:08,21.4,62.6
05/22/2026,14:53:08,21.4,62.5
05/22/2026,14:58:08,21.4,62.4
05/22/2026,15:03:08,21.5,62.4
05/22/2026,15:08:08,21.5,62.3
05/22/2026,15:13:08,21.5,62.3
05/22/2026,15:18:08,21.5,62.2
05/22/2026,15:23:08,21.6,62.1
05/22/2026,15:28:08,21.6,62.1
05/22/2026,15:33:08,21.6,62
05/22/2026,15:38:08,21.6,62.1
05/22/2026,15:43:08,21.6,62
05/22/2026,15:48:08,21.6,62
05/22/2026,15:53:08,21.7,62
05/22/2026,15:58:08,21.7,61.9
05/22/2026,16:03:08,21.8,61.9
05/22/2026,16:08:08,21.8,61.9
05/22/2026,16:13:08,21.8,61.9
05/22/2026,16:18:08,21.8,61.8
05/22/2026,16:23:08,21.8,61.7
05/22/2026,16:28:08,21.8,61.5
05/22/2026,16:33:08,21.9,61.4
05/22/2026,16:38:08,21.9,61.4
05/22/2026,16:43:08,21.9,61.3
05/22/2026,16:48:08,22,61.2
05/22/2026,16:53:08,22,61.2
05/22/2026,16:58:08,22,60.9
05/22/2026,17:03:08,22,60.8
05/22/2026,17:08:08,22,60.7
05/22/2026,17:13:08,22,60.6
05/22/2026,17:18:08,22,60.6
05/22/2026,17:23:08,22,60.6
05/22/2026,17:28:08,22,60.6
05/22/2026,17:33:08,22,60.5
05/22/2026,17:38:08,22,60.4
05/22/2026,17:43:08,22,60.3
05/22/2026,17:48:08,22,60.3
05/22/2026,17:53:08,22.1,60.2
05/22/2026,17:58:08,22,60.1
05/22/2026,18:03:08,22.1,59.9
05/22/2026,18:08:08,22.1,59.8
05/22/2026,18:13:08,22.1,59.8
05/22/2026,18:18:08,22.1,59.7
05/22/2026,18:23:08,22.1,59.7
05/22/2026,18:28:08,22.1,59.6
05/22/2026,18:33:08,22.1,59.5
05/22/2026,18:38:08,22.1,59.5
05/22/2026,18:43:08,22.1,59.5
05/22/2026,18:48:08,22.1,59.4
05/22/2026,18:53:08,22.1,59.4
05/22/2026,18:58:08,22,59.3
05/22/2026,19:03:08,22,59.3
05/22/2026,19:08:08,22,59.7
05/22/2026,19:13:08,22,59.4
05/22/2026,19:18:08,22,59.6
05/22/2026,19:23:08,22,59.5
05/22/2026,19:28:08,22,59.5
05/22/2026,19:33:08,22.1,59.6
05/22/2026,19:38:08,22.1,59.9
05/22/2026,19:43:08,22.1,59.8
05/22/2026,19:48:08,22.1,59.8
05/22/2026,19:53:08,22.1,59.9
05/22/2026,19:58:08,22.1,59.9
05/22/2026,20:03:08,22.1,60
05/22/2026,20:08:08,22.1,60
05/22/2026,20:13:08,22.1,60
05/22/2026,20:18:08,22.1,60
05/22/2026,20:23:08,22.1,60
05/22/2026,20:28:08,22.1,60
05/22/2026,20:33:08,22.1,60
05/22/2026,20:38:08,22.1,60
05/22/2026,20:43:08,22,60
05/22/2026,20:48:08,22,60
05/22/2026,20:53:08,22,60
05/22/2026,20:58:08,22,60
05/22/2026,21:03:08,22,60
05/22/2026,21:08:08,22,59.9
05/22/2026,21:13:08,22,59.9
05/22/2026,21:18:08,22,59.8
05/22/2026,21:23:08,21.9,59.8
05/22/2026,21:28:08,21.9,59.8
05/22/2026,21:33:08,21.9,59.7
05/22/2026,21:38:08,21.9,59.6
05/22/2026,21:43:08,21.9,59.6
05/22/2026,21:48:08,21.9,59.6
05/22/2026,21:53:08,21.9,59.6
05/22/2026,21:58:08,21.9,59.6
05/22/2026,22:03:08,21.8,59.5
05/22/2026,22:08:08,21.8,59.5
05/22/2026,22:13:08,21.8,59.5
05/22/2026,22:18:08,21.8,59.5
05/22/2026,22:23:08,21.8,59.5
05/22/2026,22:28:08,21.8,59.4
05/22/2026,22:33:08,21.8,59.4
05/22/2026,22:38:08,21.8,59.4
05/22/2026,22:43:08,21.8,59.3
05/22/2026,22:48:08,21.8,59.3
05/22/2026,22:53:08,21.7,59.3
05/22/2026,22:58:08,21.7,59.2
05/22/2026,23:03:08,21.7,59.1
05/22/2026,23:08:08,21.7,59.1
05/22/2026,23:13:08,21.7,59
05/22/2026,23:18:08,21.7,59
05/22/2026,23:23:08,21.7,59
05/22/2026,23:28:08,21.7,58.9
05/22/2026,23:33:08,21.6,58.9
05/22/2026,23:38:08,21.7,58.8
05/22/2026,23:43:08,21.6,58.8
05/22/2026,23:48:08,21.6,58.7
05/22/2026,23:53:08,21.6,58.7
05/22/2026,23:58:08,21.6,58.6
05/23/2026,00:03:08,21.6,58.6
05/23/2026,00:08:08,21.6,58.5
05/23/2026,00:13:08,21.6,58.5
05/23/2026,00:18:08,21.6,58.5
05/23/2026,00:23:08,21.6,58.6
05/23/2026,00:28:08,21.5,58.5
05/23/2026,00:33:08,21.5,58.6
05/23/2026,00:38:08,21.6,58.5
05/23/2026,00:43:08,21.5,58.5
05/23/2026,00:48:08,21.5,58.5
05/23/2026,00:53:08,21.5,58.5
05/23/2026,00:58:08,21.5,58.6
05/23/2026,01:03:08,21.5,58.5
05/23/2026,01:08:08,21.5,58.5
05/23/2026,01:13:08,21.5,58.6
05/23/2026,01:18:08,21.5,58.7
05/23/2026,01:23:08,21.5,58.7
05/23/2026,01:28:08,21.5,58.8
05/23/2026,01:33:08,21.5,58.9
05/23/2026,01:38:08,21.5,58.9
05/23/2026,01:43:08,21.5,59
05/23/2026,01:48:08,21.5,59.1
05/23/2026,01:53:08,21.5,59.2
05/23/2026,01:58:08,21.5,59.3
05/23/2026,02:03:08,21.5,59.3
05/23/2026,02:08:08,21.5,59.4
05/23/2026,02:13:08,21.5,59.4
05/23/2026,02:18:08,21.5,59.6
05/23/2026,02:23:08,21.5,59.6
05/23/2026,02:28:08,21.5,59.7
05/23/2026,02:33:08,21.4,59.8
05/23/2026,02:38:08,21.5,59.8
05/23/2026,02:43:08,21.5,59.8
05/23/2026,02:48:08,21.5,59.9
05/23/2026,02:53:08,21.4,60
05/23/2026,02:58:08,21.4,60
05/23/2026,03:03:08,21.4,60.1
05/23/2026,03:08:08,21.4,60.1
05/23/2026,03:13:08,21.4,60.1
05/23/2026,03:18:08,21.5,60.2
05/23/2026,03:23:08,21.4,60.3
05/23/2026,03:28:08,21.4,60.3
05/23/2026,03:33:08,21.4,60.3
05/23/2026,03:38:08,21.4,60.4
05/23/2026,03:43:08,21.4,60.4
05/23/2026,03:48:08,21.4,60.5
05/23/2026,03:53:08,21.4,60.5
05/23/2026,03:58:08,21.4,60.6
05/23/2026,04:03:08,21.4,60.6
05/23/2026,04:08:08,21.4,60.7
05/23/2026,04:13:08,21.4,60.7
05/23/2026,04:18:08,21.4,60.7
05/23/2026,04:23:08,21.4,60.7
05/23/2026,04:28:08,21.4,60.8
05/23/2026,04:33:08,21.4,60.8
05/23/2026,04:38:08,21.3,60.8
05/23/2026,04:43:08,21.3,60.9
05/23/2026,04:48:08,21.3,60.8
05/23/2026,04:53:08,21.3,60.9
05/23/2026,04:58:08,21.3,60.9
05/23/2026,05:03:08,21.3,61
05/23/2026,05:08:08,21.3,61
05/23/2026,05:13:08,21.3,61.1
05/23/2026,05:18:08,21.3,61.1
05/23/2026,05:23:08,21.3,61.2
05/23/2026,05:28:08,21.2,61.3
05/23/2026,05:33:08,21.2,61.3
05/23/2026,05:38:08,21.2,61.3
05/23/2026,05:43:08,21.2,61.4
05/23/2026,05:48:08,21.2,61.4
05/23/2026,05:53:08,21.2,61.5
05/23/2026,05:58:08,21.2,61.5
05/23/2026,06:03:08,21.2,61.6
05/23/2026,06:08:08,21.2,61.7
05/23/2026,06:13:08,21.2,61.7
05/23/2026,06:18:08,21.2,61.8
05/23/2026,06:23:08,21.2,61.8
05/23/2026,06:28:08,21.2,61.9
05/23/2026,06:33:08,21.2,62.1
05/23/2026,06:38:08,21.2,62.2
05/23/2026,06:43:08,21.2,62.2
05/23/2026,06:48:08,21.1,62.3
05/23/2026,06:53:08,21.1,62.3
05/23/2026,06:58:08,21.2,62.3
05/23/2026,07:03:08,21.2,62.4
05/23/2026,07:08:08,21.1,62.5
05/23/2026,07:13:08,21.2,62.5
05/23/2026,07:18:08,21.1,62.5
05/23/2026,07:23:08,21.1,62.5
05/23/2026,07:28:08,21.1,62.6
05/23/2026,07:33:08,21.2,62.6
05/23/2026,07:38:08,21.2,62.6
05/23/2026,07:43:08,21.2,62.6
05/23/2026,07:48:08,21.2,62.6
05/23/2026,07:53:08,21.2,62.6
05/23/2026,07:58:08,21.2,62.6
05/23/2026,08:03:08,21.2,62.5
05/23/2026,08:08:08,21.2,62.5
05/23/2026,08:13:08,21.2,62.6
05/23/2026,08:18:08,21.2,62.5
05/23/2026,08:23:08,21.2,62.5
05/23/2026,08:28:08,21.2,62.5
05/23/2026,08:33:08,21.3,62.5
05/23/2026,08:38:08,21.3,62.4
05/23/2026,08:43:08,21.3,62.4
05/23/2026,08:48:08,21.3,62.4
05/23/2026,08:53:08,21.3,62.4
05/23/2026,08:58:08,21.3,62.3
05/23/2026,09:03:08,21.3,62.4
05/23/2026,09:08:08,21.3,62.4
05/23/2026,09:13:08,21.4,62.4
05/23/2026,09:18:08,21.4,62.4
05/23/2026,09:23:08,21.4,62.5
05/23/2026,09:28:08,21.4,62.4
05/23/2026,09:33:08,21.4,62.5
05/23/2026,09:38:08,21.4,62.7
05/23/2026,09:43:08,21.5,62.6
05/23/2026,09:48:08,21.5,62.7
05/23/2026,09:53:08,21.5,62.7
05/23/2026,09:58:08,21.5,62.7
05/23/2026,10:03:08,21.6,63
05/23/2026,10:08:08,21.6,62.8
05/23/2026,10:13:08,21.6,62.8
05/23/2026,10:18:08,21.6,62.7
05/23/2026,10:23:08,21.6,62.7
05/23/2026,10:28:08,21.6,62.8
05/23/2026,10:33:08,21.6,62.8
05/23/2026,10:38:08,21.6,62.7
05/23/2026,10:43:08,21.6,62.7
05/23/2026,10:48:08,21.6,62.8
05/23/2026,10:53:08,21.6,62.8
05/23/2026,10:58:08,21.6,62.8
05/23/2026,11:03:08,21.6,62.8
05/23/2026,11:08:08,21.7,62.8
05/23/2026,11:13:08,21.7,62.9
05/23/2026,11:18:08,21.7,63
05/23/2026,11:23:08,21.7,63
05/23/2026,11:28:08,21.7,63
05/23/2026,11:33:08,21.7,63
05/23/2026,11:38:08,21.7,63
05/23/2026,11:43:08,21.7,63
05/23/2026,11:48:08,21.7,63.1
05/23/2026,11:53:08,21.7,63.1
05/23/2026,11:58:08,21.7,63.2
05/23/2026,12:03:08,21.7,63.2
05/23/2026,12:08:08,21.8,63.3
05/23/2026,12:13:08,21.8,63.3
05/23/2026,12:18:08,21.8,63.4
05/23/2026,12:23:08,21.8,63.4
05/23/2026,12:28:08,21.8,63.4
05/23/2026,12:33:08,21.8,63.5
05/23/2026,12:38:08,21.8,63.5
05/23/2026,12:43:08,21.8,63.6
05/23/2026,12:48:08,21.8,63.6
05/23/2026,12:53:08,21.8,63.7
05/23/2026,12:58:08,21.8,63.8
05/23/2026,13:03:08,21.9,63.9
05/23/2026,13:08:08,21.9,64
05/23/2026,13:13:08,21.9,64
05/23/2026,13:18:08,21.9,64.1
05/23/2026,13:23:08,21.9,64
05/23/2026,13:28:08,21.9,63.9
05/23/2026,13:33:08,22,64
05/23/2026,13:38:08,22,64.1
05/23/2026,13:43:08,22,64
05/23/2026,13:48:08,22,64.1
05/23/2026,13:53:08,22,64.1
05/23/2026,13:58:08,22.1,64.3
05/23/2026,14:03:08,22.1,64.4
05/23/2026,14:08:08,22.1,64.4
05/23/2026,14:13:08,22.1,64.4
05/23/2026,14:18:08,22.2,64.3
05/23/2026,14:23:08,22.2,64.3
05/23/2026,14:28:08,22.2,64.2
05/23/2026,14:33:08,22.2,64.1
05/23/2026,14:38:08,22.3,63.9
05/23/2026,14:43:08,22.3,63.9
05/23/2026,14:48:08,22.3,63.8
05/23/2026,14:53:08,22.3,63.8
05/23/2026,14:58:08,22.4,63.7
05/23/2026,15:03:08,22.4,63.7
05/23/2026,15:08:08,22.4,63.6
05/23/2026,15:13:08,22.5,64.4
05/23/2026,15:18:08,22.5,63.9
05/23/2026,15:23:08,22.6,63.5
05/23/2026,15:28:08,22.6,63.3
05/23/2026,15:33:08,22.6,63.2
05/23/2026,15:38:08,22.6,63.1
05/23/2026,15:43:08,22.7,63
05/23/2026,15:48:08,22.7,62.9
05/23/2026,15:53:08,22.8,62.8
05/23/2026,15:58:08,22.8,62.7
05/23/2026,16:03:08,22.8,63.1
05/23/2026,16:08:08,22.9,62.5
05/23/2026,16:13:08,22.9,62.3
05/23/2026,16:18:08,22.9,62.1
05/23/2026,16:23:08,22.9,61.9
05/23/2026,16:28:08,23,61.8
05/23/2026,16:33:08,23,61.8
05/23/2026,16:38:08,23,61.7
05/23/2026,16:43:08,23,61.6
05/23/2026,16:48:08,23,61.5
05/23/2026,16:53:08,23,61.4
05/23/2026,16:58:08,23.1,61.3
05/23/2026,17:03:08,23.1,61.3
05/23/2026,17:08:08,23.1,61.2
05/23/2026,17:13:08,23.1,61.1
05/23/2026,17:18:08,23.1,61
05/23/2026,17:23:08,23.1,60.9
05/23/2026,17:28:08,23.1,60.9
05/23/2026,17:33:08,23.1,60.8
05/23/2026,17:38:08,23.1,60.7
05/23/2026,17:43:08,23.1,60.6
05/23/2026,17:48:08,23.1,60.5
05/23/2026,17:53:08,23.1,60.5
05/23/2026,17:58:08,23.2,60.3
05/23/2026,18:03:08,23.2,60
05/23/2026,18:08:08,23.1,59.5
05/23/2026,18:13:08,23.2,60.3
05/23/2026,18:18:08,23.2,59.7
05/23/2026,18:23:08,23.2,59.5
05/23/2026,18:28:08,23.2,60
05/23/2026,18:33:08,23.2,59.9
05/23/2026,18:38:08,23.2,60.1
05/23/2026,18:43:08,23.2,60.1
05/23/2026,18:48:08,23.3,60.5
05/23/2026,18:53:08,23.3,60.8
05/23/2026,18:58:08,23.4,61.7
05/23/2026,19:03:08,23.4,61.9
05/23/2026,19:08:08,23.4,61.3
05/23/2026,19:13:08,23.4,61
05/23/2026,19:18:08,23.5,60.9
05/23/2026,19:23:08,23.4,60.8
05/23/2026,19:28:08,23.4,60.8
05/23/2026,19:33:08,23.4,60.8
05/23/2026,19:38:08,23.4,61.3
05/23/2026,19:43:08,23.5,62.4
05/23/2026,19:48:08,23.5,62.2
05/23/2026,19:53:08,23.5,62.1
05/23/2026,19:58:08,23.6,62.3
05/23/2026,20:03:08,23.6,62.4
05/23/2026,20:08:08,23.6,62.7
05/23/2026,20:13:08,23.6,62.9
05/23/2026,20:18:08,23.6,62.8
05/23/2026,20:23:08,23.6,62.6
05/23/2026,20:28:08,23.6,62.6
05/23/2026,20:33:08,23.6,62.6
05/23/2026,20:38:08,23.6,62.6
05/23/2026,20:43:08,23.6,62.6
05/23/2026,20:48:08,23.6,62.6
05/23/2026,20:53:08,23.6,62.6
05/23/2026,20:58:08,23.6,62.6
05/23/2026,21:03:08,23.5,62.6
05/23/2026,21:08:08,23.5,62.6
05/23/2026,21:13:08,23.5,62.6
05/23/2026,21:18:08,23.5,62.6
05/23/2026,21:23:08,23.5,62.5
05/23/2026,21:28:08,23.5,62.5
05/23/2026,21:33:08,23.4,62.5
05/23/2026,21:38:08,23.5,62.5
05/23/2026,21:43:08,23.4,62.4
05/23/2026,21:48:08,23.4,62.4
05/23/2026,21:53:08,23.4,62.4
05/23/2026,21:58:08,23.4,62.4
05/23/2026,22:03:08,23.4,62.5
05/23/2026,22:08:08,23.4,62.5
05/23/2026,22:13:08,23.4,62.5
05/23/2026,22:18:08,23.4,62.4
05/23/2026,22:23:08,23.4,62.4
05/23/2026,22:28:08,23.3,62.4
05/23/2026,22:33:08,23.3,62.4
05/23/2026,22:38:08,23.3,62.4
05/23/2026,22:43:08,23.3,62.3
05/23/2026,22:48:08,23.3,62.3
05/23/2026,22:53:08,23.3,62.2
05/23/2026,22:58:08,23.2,62.2
05/23/2026,23:03:08,23.3,62.2
05/23/2026,23:08:08,23.2,62.2
05/23/2026,23:13:08,23.3,62.1
05/23/2026,23:18:08,23.2,62.1
05/23/2026,23:23:08,23.2,62.1
05/23/2026,23:28:08,23.2,62.1
05/23/2026,23:33:08,23.2,62
05/23/2026,23:38:08,23.2,62
05/23/2026,23:43:08,23.2,62
05/23/2026,23:48:08,23.2,62
05/23/2026,23:53:08,23.1,61.9
05/23/2026,23:58:08,23.1,61.9
05/24/2026,00:03:08,23.1,61.9
05/24/2026,00:08:08,23.1,61.9
05/24/2026,00:13:08,23.1,61.8
05/24/2026,00:18:08,23.1,61.8
05/24/2026,00:23:08,23.1,61.7
05/24/2026,00:28:08,23.1,61.7
05/24/2026,00:33:08,23.1,61.7
05/24/2026,00:38:08,23.1,61.7
05/24/2026,00:43:08,23.1,61.6
05/24/2026,00:48:08,23.1,61.6
05/24/2026,00:53:08,23,61.5
05/24/2026,00:58:08,23,61.5
05/24/2026,01:03:08,23,61.5
05/24/2026,01:08:08,23,61.4
05/24/2026,01:13:08,23,61.4
05/24/2026,01:18:08,23,61.3
05/24/2026,01:23:08,23,61.3
05/24/2026,01:28:08,23,61.3
05/24/2026,01:33:08,23,61.3
05/24/2026,01:38:08,22.9,61.2
05/24/2026,01:43:08,23,61.2
05/24/2026,01:48:08,22.9,61.1
05/24/2026,01:53:08,22.9,61.1
05/24/2026,01:58:08,22.9,61.1
05/24/2026,02:03:08,22.9,61
05/24/2026,02:08:08,22.9,61
05/24/2026,02:13:08,22.9,61
05/24/2026,02:18:08,22.9,60.9
05/24/2026,02:23:08,22.8,60.8
05/24/2026,02:28:08,22.8,60.8
05/24/2026,02:33:08,22.8,60.7
05/24/2026,02:38:08,22.8,60.7
05/24/2026,02:43:08,22.8,60.6
05/24/2026,02:48:08,22.8,60.6
05/24/2026,02:53:08,22.8,60.6
05/24/2026,02:58:08,22.8,60.5
05/24/2026,03:03:08,22.8,60.5
05/24/2026,03:08:08,22.7,60.5
05/24/2026,03:13:08,22.7,60.4
05/24/2026,03:18:08,22.7,60.3
05/24/2026,03:23:08,22.7,60.3
05/24/2026,03:28:08,22.7,60.3
05/24/2026,03:33:08,22.7,60.2
05/24/2026,03:38:08,22.7,60.2
05/24/2026,03:43:08,22.7,60.1
05/24/2026,03:48:08,22.7,60
05/24/2026,03:53:08,22.6,60
05/24/2026,03:58:08,22.6,59.9
05/24/2026,04:03:08,22.6,59.9
05/24/2026,04:08:08,22.6,59.8
05/24/2026,04:13:08,22.6,59.8
05/24/2026,04:18:08,22.6,59.8
05/24/2026,04:23:08,22.6,59.7
05/24/2026,04:28:08,22.5,59.7
05/24/2026,04:33:08,22.5,59.6
05/24/2026,04:38:08,22.5,59.6
05/24/2026,04:43:08,22.5,59.5
05/24/2026,04:48:08,22.5,59.5
05/24/2026,04:53:08,22.5,59.4
05/24/2026,04:58:08,22.5,59.4
05/24/2026,05:03:08,22.4,59.4
05/24/2026,05:08:08,22.4,59.3
05/24/2026,05:13:08,22.4,59.3
05/24/2026,05:18:08,22.4,59.2
05/24/2026,05:23:08,22.4,59.2
05/24/2026,05:28:08,22.4,59.2
05/24/2026,05:33:08,22.4,59.1
05/24/2026,05:38:08,22.3,59.1
05/24/2026,05:43:08,22.3,59.1
05/24/2026,05:48:08,22.4,59
05/24/2026,05:53:08,22.3,59
05/24/2026,05:58:08,22.3,59
05/24/2026,06:03:08,22.3,59
05/24/2026,06:08:08,22.3,59
05/24/2026,06:13:08,22.2,59
05/24/2026,06:18:08,22.3,59
05/24/2026,06:23:08,22.2,58.9
05/24/2026,06:28:08,22.2,59
05/24/2026,06:33:08,22.2,58.9
05/24/2026,06:38:08,22.2,59
05/24/2026,06:43:08,22.2,58.9
05/24/2026,06:48:08,22.2,58.9
05/24/2026,06:53:08,22.2,58.9
05/24/2026,06:58:08,22.2,58.9
05/24/2026,07:03:08,22.2,58.9
05/24/2026,07:08:08,22.2,58.9
05/24/2026,07:13:08,22.2,58.9
05/24/2026,07:18:08,22.2,58.9
05/24/2026,07:23:08,22.2,58.9
05/24/2026,07:28:08,22.2,58.9
05/24/2026,07:33:08,22.2,58.9
05/24/2026,07:38:08,22.2,58.9
05/24/2026,07:43:08,22.2,59
05/24/2026,07:48:08,22.2,59.1
05/24/2026,07:53:08,22.2,59.1
05/24/2026,07:58:08,22.2,59.2
05/24/2026,08:03:08,22.2,59.3
05/24/2026,08:08:08,22.1,59.4
05/24/2026,08:13:08,22.1,59.5
05/24/2026,08:18:08,22.1,59.6
05/24/2026,08:23:08,22.1,59.7
05/24/2026,08:28:08,22.2,59.8
05/24/2026,08:33:08,22.2,60.1
05/24/2026,08:38:08,22.2,60.2
05/24/2026,08:43:08,22.3,60.2
05/24/2026,08:48:08,22.3,60.2
05/24/2026,08:53:08,22.3,60.5
05/24/2026,08:58:08,22.3,60.6
05/24/2026,09:03:08,22.3,60.6
05/24/2026,09:08:08,22.4,60.6
05/24/2026,09:13:08,22.4,60.7
05/24/2026,09:18:08,22.4,60.7
05/24/2026,09:23:08,22.4,60.7
05/24/2026,09:28:08,22.4,60.8
05/24/2026,09:33:08,22.4,60.9
05/24/2026,09:38:08,22.5,61.1
05/24/2026,09:43:08,22.5,61.5
05/24/2026,09:48:08,22.5,62
05/24/2026,09:53:08,22.6,62.1
05/24/2026,09:58:08,22.6,62.2
05/24/2026,10:03:08,22.7,62.3
05/24/2026,10:08:08,22.7,62.6
05/24/2026,10:13:08,22.8,62.6
05/24/2026,10:18:08,22.9,62.5
05/24/2026,10:23:08,22.9,62.6
05/24/2026,10:28:08,22.9,62.6
05/24/2026,10:33:08,23,62.7
05/24/2026,10:38:08,23,62.9
05/24/2026,10:43:08,23.1,63.5
05/24/2026,10:48:08,23.1,63.3
05/24/2026,10:53:08,23.1,62.9
05/24/2026,10:58:08,23.2,62.8
05/24/2026,11:03:08,23.2,62.6
05/24/2026,11:08:08,23.2,62.5
05/24/2026,11:13:08,23.2,62.6
05/24/2026,11:18:08,23.3,62.8
05/24/2026,11:23:08,23.3,63.3
05/24/2026,11:28:08,23.4,63.8
05/24/2026,11:33:08,23.5,64.3
05/24/2026,11:38:08,23.6,66.6
05/24/2026,11:43:08,23.7,67.4
05/24/2026,11:48:08,23.8,66.8
05/24/2026,11:53:08,23.9,67
05/24/2026,11:58:08,23.9,67
05/24/2026,12:03:08,24,67.2
05/24/2026,12:08:08,24.1,67.9
05/24/2026,12:13:08,24.2,67.7
05/24/2026,12:18:08,24.3,67.8
05/24/2026,12:23:08,24.3,68.1
05/24/2026,12:28:08,24.4,68.2
05/24/2026,12:33:08,24.5,68.4
05/24/2026,12:38:08,24.5,68.4
05/24/2026,12:43:08,24.6,68.4
05/24/2026,12:48:08,24.6,68.2
05/24/2026,12:53:08,24.7,68.2
05/24/2026,12:58:08,24.7,68.2
05/24/2026,13:03:08,24.7,68.2
05/24/2026,13:08:08,24.7,68.2
05/24/2026,13:13:08,24.7,68
05/24/2026,13:18:08,24.7,67.7
05/24/2026,13:23:08,24.7,66.8
05/24/2026,13:28:08,24.6,66.6
05/24/2026,13:33:08,24.6,65.8
05/24/2026,13:38:08,24.6,65.2
05/24/2026,13:43:08,24.5,64.5
05/24/2026,13:48:08,24.5,64.3
05/24/2026,13:53:08,24.5,63.5
05/24/2026,13:58:08,24.4,62.9
05/24/2026,14:03:08,24.4,62.5
05/24/2026,14:08:08,24.3,62.4
05/24/2026,14:13:08,24.3,62
05/24/2026,14:18:08,24.3,61.7
05/24/2026,14:23:08,24.3,61.5
05/24/2026,14:28:08,24.2,60.9
05/24/2026,14:33:08,24.3,60.6
05/24/2026,14:38:08,24.2,60.5
05/24/2026,14:43:08,24.2,60.4
05/24/2026,14:48:08,24.2,60.2
05/24/2026,14:53:08,24.3,60.1
05/24/2026,14:58:08,24.3,59.7
05/24/2026,15:03:08,24.3,59.5
05/24/2026,15:08:08,24.3,59.3
05/24/2026,15:13:08,24.3,59
05/24/2026,15:18:08,24.3,58.8
05/24/2026,15:23:08,24.4,58.6
05/24/2026,15:28:08,24.4,58.6
05/24/2026,15:33:08,24.4,58.4
05/24/2026,15:38:08,24.4,58.4
05/24/2026,15:43:08,24.4,58.3
05/24/2026,15:48:08,24.5,58.2
05/24/2026,15:53:08,24.5,58.1
05/24/2026,15:58:08,24.5,58
05/24/2026,16:03:08,24.5,57.7
05/24/2026,16:08:08,24.5,57.6
05/24/2026,16:13:08,24.5,57.3
05/24/2026,16:18:08,24.5,57.1
05/24/2026,16:23:08,24.5,56.9
05/24/2026,16:28:08,24.5,56.6
05/24/2026,16:33:08,24.5,56.4
05/24/2026,16:38:08,24.5,56.2
05/24/2026,16:43:08,24.5,56
05/24/2026,16:48:08,24.6,55.9
05/24/2026,16:53:08,24.5,55.6
05/24/2026,16:58:08,24.5,55.4
05/24/2026,17:03:08,24.6,55.3
05/24/2026,17:08:08,24.5,55.1
05/24/2026,17:13:08,24.5,55
05/24/2026,17:18:08,24.6,54.9
05/24/2026,17:23:08,24.5,54.8
05/24/2026,17:28:08,24.5,54.7
05/24/2026,17:33:08,24.6,54.6
05/24/2026,17:38:08,24.5,54.6
05/24/2026,17:43:08,24.5,54.6
05/24/2026,17:48:08,24.5,54.5
05/24/2026,17:53:08,24.5,54.6
05/24/2026,17:58:08,24.5,54.5
05/24/2026,18:03:08,24.5,54.5
05/24/2026,18:08:08,24.5,54.5
05/24/2026,18:13:08,24.6,54.5
05/24/2026,18:18:08,24.6,54.5
05/24/2026,18:23:08,24.6,54.5
05/24/2026,18:28:08,24.6,54.5
05/24/2026,18:33:08,24.5,54.5
05/24/2026,18:38:08,24.6,54.5
05/24/2026,18:43:08,24.5,54.6
05/24/2026,18:48:08,24.6,55.1
05/24/2026,18:53:08,24.6,55.4
05/24/2026,18:58:08,24.6,55.8
05/24/2026,19:03:08,24.6,56.1
05/24/2026,19:08:08,24.6,56.2
05/24/2026,19:13:08,24.6,56.4
05/24/2026,19:18:08,24.6,56.6
05/24/2026,19:23:08,24.6,56.6
05/24/2026,19:28:08,24.6,56.8
05/24/2026,19:33:08,24.6,56.8
05/24/2026,19:38:08,24.6,56.9
05/24/2026,19:43:08,24.6,57
05/24/2026,19:48:08,24.5,57.1
05/24/2026,19:53:08,24.5,57
05/24/2026,19:58:08,24.5,57.1
05/24/2026,20:03:08,24.5,57
05/24/2026,20:08:08,24.5,57.1
05/24/2026,20:13:08,24.5,57
05/24/2026,20:18:08,24.5,57.2
05/24/2026,20:23:08,24.5,57.2
05/24/2026,20:28:08,24.4,57.3
05/24/2026,20:33:08,24.4,57.3
05/24/2026,20:38:08,24.4,57.4
05/24/2026,20:43:08,24.4,57.4
05/24/2026,20:48:08,24.4,57.4
05/24/2026,20:53:08,24.4,57.4
05/24/2026,20:58:08,24.4,57.5
05/24/2026,21:03:08,24.4,57.4
05/24/2026,21:08:08,24.4,57.5
05/24/2026,21:13:08,24.4,57.5
05/24/2026,21:18:08,24.4,57.5
05/24/2026,21:23:08,24.3,57.5
05/24/2026,21:28:08,24.4,57.5
05/24/2026,21:33:08,24.3,57.5
05/24/2026,21:38:08,24.3,57.5
05/24/2026,21:43:08,24.3,57.6
05/24/2026,21:48:08,24.3,57.6
05/24/2026,21:53:08,24.3,57.6
05/24/2026,21:58:08,24.3,57.6
05/24/2026,22:03:08,24.3,57.6
05/24/2026,22:08:08,24.3,57.7
05/24/2026,22:13:08,24.3,57.7
05/24/2026,22:18:08,24.3,57.7
05/24/2026,22:23:08,24.2,57.7
05/24/2026,22:28:08,24.2,57.7
05/24/2026,22:33:08,24.2,57.7
05/24/2026,22:38:08,24.2,57.7
05/24/2026,22:43:08,24.2,57.8
05/24/2026,22:48:08,24.2,57.8
05/24/2026,22:53:08,24.2,57.8
05/24/2026,22:58:08,24.2,57.8
05/24/2026,23:03:08,24.2,57.8
05/24/2026,23:08:08,24.2,57.7
05/24/2026,23:13:08,24.1,57.8
05/24/2026,23:18:08,24.1,57.7
05/24/2026,23:23:08,24.1,57.7
05/24/2026,23:28:08,24.1,57.7
05/24/2026,23:33:08,24.1,57.7
05/24/2026,23:38:08,24.1,57.7
05/24/2026,23:43:08,24.1,57.7
05/24/2026,23:48:08,24.1,57.7
05/24/2026,23:53:08,24.1,57.6
05/24/2026,23:58:08,24.1,57.6
05/25/2026,00:03:08,24.1,57.6
05/25/2026,00:08:08,24,57.5
05/25/2026,00:13:08,24,57.5
05/25/2026,00:18:08,24,57.5
05/25/2026,00:23:08,24,57.5
05/25/2026,00:28:08,24,57.5
05/25/2026,00:33:08,24,57.5
05/25/2026,00:38:08,24,57.4
05/25/2026,00:43:08,24,57.4
05/25/2026,00:48:08,23.9,57.4
05/25/2026,00:53:08,23.9,57.3
05/25/2026,00:58:08,23.9,57.3
05/25/2026,01:03:08,23.9,57.3
05/25/2026,01:08:08,23.9,57.3
05/25/2026,01:13:08,23.9,57.3
05/25/2026,01:18:08,23.9,57.3
05/25/2026,01:23:08,23.9,57.2
05/25/2026,01:28:08,23.9,57.2
05/25/2026,01:33:08,23.9,57.2
05/25/2026,01:38:08,23.8,57.2
05/25/2026,01:43:08,23.8,57.2
05/25/2026,01:48:08,23.8,57.1
05/25/2026,01:53:08,23.8,57.1
05/25/2026,01:58:08,23.8,57.1
05/25/2026,02:03:08,23.8,57.1
05/25/2026,02:08:08,23.8,57.1
05/25/2026,02:13:08,23.8,57.1
05/25/2026,02:18:08,23.7,57.1
05/25/2026,02:23:08,23.7,57
05/25/2026,02:28:08,23.7,57
05/25/2026,02:33:08,23.7,57
05/25/2026,02:38:08,23.7,57
05/25/2026,02:43:08,23.7,56.9
05/25/2026,02:48:08,23.7,56.9
05/25/2026,02:53:08,23.7,56.9
05/25/2026,02:58:08,23.7,56.9
05/25/2026,03:03:08,23.7,56.9
05/25/2026,03:08:08,23.6,56.9
05/25/2026,03:13:08,23.6,56.9
05/25/2026,03:18:08,23.6,56.9
05/25/2026,03:23:08,23.6,56.8
05/25/2026,03:28:08,23.6,56.8
05/25/2026,03:33:08,23.6,56.8
05/25/2026,03:38:08,23.6,56.7
05/25/2026,03:43:08,23.6,56.8
05/25/2026,03:48:08,23.5,56.8
05/25/2026,03:53:08,23.5,56.7
05/25/2026,03:58:08,23.5,56.7
05/25/2026,04:03:08,23.5,56.7
05/25/2026,04:08:08,23.5,56.7
05/25/2026,04:13:08,23.5,56.7
05/25/2026,04:18:08,23.5,56.7
05/25/2026,04:23:08,23.5,56.6
05/25/2026,04:28:08,23.5,56.6
05/25/2026,04:33:08,23.4,56.6
05/25/2026,04:38:08,23.4,56.6
05/25/2026,04:43:08,23.4,56.6
05/25/2026,04:48:08,23.4,56.5
05/25/2026,04:53:08,23.4,56.5
05/25/2026,04:58:08,23.4,56.5
05/25/2026,05:03:08,23.4,56.5
05/25/2026,05:08:08,23.4,56.5
05/25/2026,05:13:08,23.3,56.5
05/25/2026,05:18:08,23.3,56.4
05/25/2026,05:23:08,23.3,56.4
05/25/2026,05:28:08,23.3,56.4
05/25/2026,05:33:08,23.3,56.4
05/25/2026,05:38:08,23.3,56.5
05/25/2026,05:43:08,23.3,56.4
05/25/2026,05:48:08,23.3,56.4
05/25/2026,05:53:08,23.3,56.4
05/25/2026,05:58:08,23.3,56.4
05/25/2026,06:03:08,23.2,56.4
05/25/2026,06:08:08,23.2,56.4
05/25/2026,06:13:08,23.2,56.5
05/25/2026,06:18:08,23.2,56.5
05/25/2026,06:23:08,23.2,56.4
05/25/2026,06:28:08,23.2,56.4
05/25/2026,06:33:08,23.2,56.5
05/25/2026,06:38:08,23.2,56.4
05/25/2026,06:43:08,23.2,56.5
05/25/2026,06:48:08,23.2,56.5
05/25/2026,06:53:08,23.2,56.5
05/25/2026,06:58:08,23.2,56.4
05/25/2026,07:03:08,23.2,56.4
05/25/2026,07:08:08,23.2,56.4
05/25/2026,07:13:08,23.2,56.4
05/25/2026,07:18:08,23.2,56.5
05/25/2026,07:23:08,23.2,56.6
05/25/2026,07:28:08,23.2,56.6
05/25/2026,07:33:08,23.2,56.6
05/25/2026,07:38:08,23.3,56.6
05/25/2026,07:43:08,23.3,56.6
05/25/2026,07:48:08,23.3,56.6
05/25/2026,07:53:08,23.2,56.6
05/25/2026,07:58:08,23.3,56.7
05/25/2026,08:03:08,23.3,56.7
05/25/2026,08:08:08,23.3,56.7
05/25/2026,08:13:08,23.3,56.7
05/25/2026,08:18:08,23.3,56.7
05/25/2026,08:23:08,23.3,56.7
05/25/2026,08:28:08,23.3,56.8
05/25/2026,08:33:08,23.3,56.7
05/25/2026,08:38:08,23.3,56.8
05/25/2026,08:43:08,23.3,56.7
05/25/2026,08:48:08,23.3,56.7
05/25/2026,08:53:08,23.3,56.7
05/25/2026,08:58:08,23.3,56.8
05/25/2026,09:03:08,23.3,56.8
05/25/2026,09:08:08,23.3,56.8
05/25/2026,09:13:08,23.4,56.9
05/25/2026,09:18:08,23.3,57
05/25/2026,09:23:08,23.3,57
05/25/2026,09:28:08,23.3,57
05/25/2026,09:33:08,23.4,57.2
05/25/2026,09:38:08,23.4,57.6
05/25/2026,09:43:08,23.4,57.5
05/25/2026,09:48:08,23.5,57.7
05/25/2026,09:53:08,23.5,57.7
05/25/2026,09:58:08,23.5,57.8
05/25/2026,10:03:08,23.6,58.1
05/25/2026,10:08:08,23.6,58.1
05/25/2026,10:13:08,23.6,58.2
05/25/2026,10:18:08,23.6,58.3
05/25/2026,10:23:08,23.6,58.4
05/25/2026,10:28:08,23.6,58.5
05/25/2026,10:33:08,23.7,58.6
05/25/2026,10:38:08,23.7,58.7
05/25/2026,10:43:08,23.7,58.7
05/25/2026,10:48:08,23.7,58.8
05/25/2026,10:53:08,23.7,58.9
05/25/2026,10:58:08,23.7,59
05/25/2026,11:03:08,23.7,59.1
05/25/2026,11:08:08,23.7,59.2
05/25/2026,11:13:08,23.7,59.4
05/25/2026,11:18:08,23.7,59.4
05/25/2026,11:23:08,23.7,59.6
05/25/2026,11:28:08,23.7,59.6
05/25/2026,11:33:08,23.8,59.7
05/25/2026,11:38:08,23.8,59.8
05/25/2026,11:43:08,23.8,60
05/25/2026,11:48:08,23.8,60.1
05/25/2026,11:53:08,23.8,60.3
05/25/2026,11:58:08,23.8,60.4
05/25/2026,12:03:08,23.8,60.5
05/25/2026,12:08:08,23.8,60.6
05/25/2026,12:13:08,23.9,60.7
05/25/2026,12:18:08,23.9,60.8
05/25/2026,12:23:08,23.9,60.9
05/25/2026,12:28:08,23.9,61
05/25/2026,12:33:08,23.9,61.1
05/25/2026,12:38:08,23.9,61.1
05/25/2026,12:43:08,23.9,61.1
05/25/2026,12:48:08,23.9,61.1
05/25/2026,12:53:08,23.9,61
05/25/2026,12:58:08,23.9,60.9
05/25/2026,13:03:08,24,60.8
05/25/2026,13:08:08,24,60.6
05/25/2026,13:13:08,24,60.6
05/25/2026,13:18:08,24,60.6
05/25/2026,13:23:08,24,60.6
05/25/2026,13:28:08,24,60.7
05/25/2026,13:33:08,24,60.6
05/25/2026,13:38:08,24,60.5
05/25/2026,13:43:08,24,60.5
05/25/2026,13:48:08,24.1,60.4
05/25/2026,13:53:08,24.1,60.5
05/25/2026,13:58:08,24.1,60.4
05/25/2026,14:03:08,24.1,60.4
05/25/2026,14:08:08,24.1,60.4
05/25/2026,14:13:08,24.2,60.3
05/25/2026,14:18:08,24.2,60.2
05/25/2026,14:23:08,24.2,60.2
05/25/2026,14:28:08,24.2,60.3
05/25/2026,14:33:08,24.2,60.2
05/25/2026,14:38:08,24.3,60.2
05/25/2026,14:43:08,24.3,60.3
05/25/2026,14:48:08,24.4,60.2
05/25/2026,14:53:08,24.4,60.1
05/25/2026,14:58:08,24.5,60.1
05/25/2026,15:03:08,24.5,59.9
05/25/2026,15:08:08,24.5,59.8
05/25/2026,15:13:08,24.5,59.6
05/25/2026,15:18:08,24.6,59.6
05/25/2026,15:23:08,24.6,59.4
05/25/2026,15:28:08,24.6,59.4
05/25/2026,15:33:08,24.7,59.3
05/25/2026,15:38:08,24.7,59.2
05/25/2026,15:43:08,24.7,59
05/25/2026,15:48:08,24.7,58.9
05/25/2026,15:53:08,24.8,58.8
05/25/2026,15:58:08,24.8,58.7
05/25/2026,16:03:08,24.8,58.6
05/25/2026,16:08:08,24.9,58.5
05/25/2026,16:13:08,24.9,58.4
05/25/2026,16:18:08,24.9,58.3
05/25/2026,16:23:08,24.9,58.2
05/25/2026,16:28:08,25,58.1
05/25/2026,16:33:08,25,57.9
05/25/2026,16:38:08,25,57.8
05/25/2026,16:43:08,25,57.7
05/25/2026,16:48:08,25,57.6
05/25/2026,16:53:08,25.1,57.4
05/25/2026,16:58:08,25.1,57.3
05/25/2026,17:03:08,25.1,57.2
05/25/2026,17:08:08,25.1,57.1
05/25/2026,17:13:08,25.1,57.1
05/25/2026,17:18:08,25.1,57
05/25/2026,17:23:08,25.2,57
05/25/2026,17:28:08,25.1,56.9
05/25/2026,17:33:08,25.2,56.8
05/25/2026,17:38:08,25.2,56.8
05/25/2026,17:43:08,25.2,56.7
05/25/2026,17:48:08,25.2,56.7
05/25/2026,17:53:08,25.2,56.6
05/25/2026,17:58:08,25.2,56.5
05/25/2026,18:03:08,25.2,56.5
05/25/2026,18:08:08,25.2,56.4
05/25/2026,18:13:08,25.2,56.3
05/25/2026,18:18:08,25.2,56.2
05/25/2026,18:23:08,25.2,56.1
05/25/2026,18:28:08,25.2,56
05/25/2026,18:33:08,25.2,56
05/25/2026,18:38:08,25.3,55.9
05/25/2026,18:43:08,25.2,55.7
05/25/2026,18:48:08,25.2,55.6
05/25/2026,18:53:08,25.2,55.5
05/25/2026,18:58:08,25.2,55.5
05/25/2026,19:03:08,25.2,55.5
05/25/2026,19:08:08,25.2,55.3
05/25/2026,19:13:08,25.2,55.3
05/25/2026,19:18:08,25.2,55.4
05/25/2026,19:23:08,25.2,55.4
05/25/2026,19:28:08,25.2,55.4
05/25/2026,19:33:08,25.2,55.3
05/25/2026,19:38:08,25.2,55.3
05/25/2026,19:43:08,25.2,55.2
05/25/2026,19:48:08,25.2,55.2
05/25/2026,19:53:08,25.2,55.1
05/25/2026,19:58:08,25.2,55.1
05/25/2026,20:03:08,25.2,55
05/25/2026,20:08:08,25.2,54.9
05/25/2026,20:13:08,25.2,54.7
05/25/2026,20:18:08,25.2,54.6
05/25/2026,20:23:08,25.1,54.5
05/25/2026,20:28:08,25.1,54.4
05/25/2026,20:33:08,25.1,54.4
05/25/2026,20:38:08,25.1,54.4
05/25/2026,20:43:08,25.1,54.3
05/25/2026,20:48:08,25.1,54.4
05/25/2026,20:53:08,25.1,54.3
05/25/2026,20:58:08,25,54.2
05/25/2026,21:03:08,25,54.3
05/25/2026,21:08:08,25,54.3
05/25/2026,21:13:08,25,54.3
05/25/2026,21:18:08,25,54.3
05/25/2026,21:23:08,25,54.4
05/25/2026,21:28:08,25,54.5
05/25/2026,21:33:08,25,54.5
05/25/2026,21:38:08,25,54.6
05/25/2026,21:43:08,24.9,54.6
05/25/2026,21:48:08,24.9,54.7
05/25/2026,21:53:08,24.9,54.7
05/25/2026,21:58:08,24.9,54.7
05/25/2026,22:03:08,24.9,54.7
05/25/2026,22:08:08,24.9,54.7
05/25/2026,22:13:08,24.9,54.7
05/25/2026,22:18:08,24.9,54.7
05/25/2026,22:23:08,24.8,54.7
05/25/2026,22:28:08,24.8,54.7
05/25/2026,22:33:08,24.8,54.7
05/25/2026,22:38:08,24.8,54.5
05/25/2026,22:43:08,24.8,54.5
05/25/2026,22:48:08,24.7,54.4
05/25/2026,22:53:08,24.7,54.3
05/25/2026,22:58:08,24.7,54.2
05/25/2026,23:03:08,24.7,54.2
05/25/2026,23:08:08,24.7,54.1
05/25/2026,23:13:08,24.7,54
05/25/2026,23:18:08,24.6,53.9
05/25/2026,23:23:08,24.6,53.8
05/25/2026,23:28:08,24.6,53.8
05/25/2026,23:33:08,24.6,53.8
05/25/2026,23:38:08,24.6,53.7
05/25/2026,23:43:08,24.5,53.7
05/25/2026,23:48:08,24.5,53.5
05/25/2026,23:53:08,24.5,53.5
05/25/2026,23:58:08,24.5,53.3
05/26/2026,00:03:08,24.5,53.3
05/26/2026,00:08:08,24.5,53.2
05/26/2026,00:13:08,24.4,53.2
05/26/2026,00:18:08,24.4,53.1
05/26/2026,00:23:08,24.4,53
05/26/2026,00:28:08,24.4,53
05/26/2026,00:33:08,24.4,52.8
05/26/2026,00:38:08,24.3,52.8
05/26/2026,00:43:08,24.3,52.8
05/26/2026,00:48:08,24.3,52.7
05/26/2026,00:53:08,24.3,52.7
05/26/2026,00:58:08,24.3,52.7
05/26/2026,01:03:08,24.3,52.6
05/26/2026,01:08:08,24.3,52.6
05/26/2026,01:13:08,24.2,52.6
05/26/2026,01:18:08,24.2,52.6
05/26/2026,01:23:08,24.2,52.5
05/26/2026,01:28:08,24.2,52.5
05/26/2026,01:33:08,24.2,52.5
05/26/2026,01:38:08,24.1,52.4
05/26/2026,01:43:08,24.1,52.4
05/26/2026,01:48:08,24.1,52.3
05/26/2026,01:53:08,24.1,52.3
05/26/2026,01:58:08,24,52.3
05/26/2026,02:03:08,24.1,52.2
05/26/2026,02:08:08,24,52.2
05/26/2026,02:13:08,24,52.2
05/26/2026,02:18:08,24,52.2
05/26/2026,02:23:08,24,52.1
05/26/2026,02:28:08,24,52.1
05/26/2026,02:33:08,24,52.1
05/26/2026,02:38:08,23.9,52
05/26/2026,02:43:08,23.9,52
05/26/2026,02:48:08,23.9,52
05/26/2026,02:53:08,23.9,52
05/26/2026,02:58:08,23.9,51.9
05/26/2026,03:03:08,23.9,51.9
05/26/2026,03:08:08,23.9,51.9
05/26/2026,03:13:08,23.9,51.8
05/26/2026,03:18:08,23.8,51.9
05/26/2026,03:23:08,23.9,51.8
05/26/2026,03:28:08,23.8,51.9
05/26/2026,03:33:08,23.8,51.9
05/26/2026,03:38:08,23.8,52
05/26/2026,03:43:08,23.8,52
05/26/2026,03:48:08,23.8,52
05/26/2026,03:53:08,23.8,52
05/26/2026,03:58:08,23.8,52.1
05/26/2026,04:03:08,23.7,52.1
05/26/2026,04:08:08,23.7,52.1
05/26/2026,04:13:08,23.7,52.2
05/26/2026,04:18:08,23.7,52.3
05/26/2026,04:23:08,23.7,52.4
05/26/2026,04:28:08,23.7,52.4
05/26/2026,04:33:08,23.7,52.5
05/26/2026,04:38:08,23.7,52.5
05/26/2026,04:43:08,23.6,52.6
05/26/2026,04:48:08,23.6,52.6
05/26/2026,04:53:08,23.6,52.7
05/26/2026,04:58:08,23.6,52.7
05/26/2026,05:03:08,23.6,52.7
05/26/2026,05:08:08,23.6,52.8
05/26/2026,05:13:08,23.5,52.8
05/26/2026,05:18:08,23.5,52.8
05/26/2026,05:23:08,23.5,52.9
05/26/2026,05:28:08,23.5,53
05/26/2026,05:33:08,23.5,53
05/26/2026,05:38:08,23.5,53.1
05/26/2026,05:43:08,23.5,53.1
05/26/2026,05:48:08,23.4,53.2
05/26/2026,05:53:08,23.4,53.3
05/26/2026,05:58:08,23.4,53.3
05/26/2026,06:03:08,23.4,53.3
05/26/2026,06:08:08,23.4,53.3
05/26/2026,06:13:08,23.4,53.4
05/26/2026,06:18:08,23.4,53.4
05/26/2026,06:23:08,23.3,53.5
05/26/2026,06:28:08,23.4,53.6
05/26/2026,06:33:08,23.3,53.6
05/26/2026,06:38:08,23.3,53.6
05/26/2026,06:43:08,23.3,53.7
05/26/2026,06:48:08,23.3,53.7
05/26/2026,06:53:08,23.3,53.8
05/26/2026,06:58:08,23.3,53.9
05/26/2026,07:03:08,23.3,53.9
05/26/2026,07:08:08,23.3,53.9
05/26/2026,07:13:08,23.4,54
05/26/2026,07:18:08,23.4,54
05/26/2026,07:23:08,23.4,54.1
05/26/2026,07:28:08,23.4,54.1
05/26/2026,07:33:08,23.4,54.1
05/26/2026,07:38:08,23.4,54.2
05/26/2026,07:43:08,23.5,54.2
05/26/2026,07:48:08,23.5,54.3
05/26/2026,07:53:08,23.5,54.2
05/26/2026,07:58:08,23.5,54.2
05/26/2026,08:03:08,23.5,54.2
05/26/2026,08:08:08,23.5,54.3
05/26/2026,08:13:08,23.5,54.2
05/26/2026,08:18:08,23.6,54.1
05/26/2026,08:23:08,23.6,54.1
05/26/2026,08:28:08,23.6,54.1
05/26/2026,08:33:08,23.6,54.1
05/26/2026,08:38:08,23.6,54.1
05/26/2026,08:43:08,23.7,54.1
05/26/2026,08:48:08,23.7,54.2
05/26/2026,08:53:08,23.7,54.2
05/26/2026,08:58:08,23.7,54.2
05/26/2026,09:03:08,23.7,54.2
05/26/2026,09:08:08,23.7,54.2
05/26/2026,09:13:08,23.7,54.2
05/26/2026,09:18:08,23.8,54.2
05/26/2026,09:23:08,23.8,54.3
05/26/2026,09:28:08,23.8,54.2
05/26/2026,09:33:08,23.8,54.3
05/26/2026,09:38:08,23.8,54.3
05/26/2026,09:43:08,23.8,54.4
05/26/2026,09:48:08,23.9,54.3
05/26/2026,09:53:08,23.9,54.4
05/26/2026,09:58:08,23.9,54.4
05/26/2026,10:03:08,23.9,54.4
05/26/2026,10:08:08,23.9,54.4
05/26/2026,10:13:08,23.9,54.5
05/26/2026,10:18:08,23.9,54.6
05/26/2026,10:23:08,23.9,54.6
05/26/2026,10:28:08,23.9,54.6
05/26/2026,10:33:08,23.9,54.7
05/26/2026,10:38:08,23.9,54.8
05/26/2026,10:43:08,24,54.9
05/26/2026,10:48:08,24,55
05/26/2026,10:53:08,24,55
05/26/2026,10:58:08,24,55.1
05/26/2026,11:03:08,24,55.2
05/26/2026,11:08:08,24,55.3
05/26/2026,11:13:08,24.1,55.3
05/26/2026,11:18:08,24.1,55.4
05/26/2026,11:23:08,24.1,55.4
05/26/2026,11:28:08,24.1,55.5
05/26/2026,11:33:08,24.1,55.7
05/26/2026,11:38:08,24.1,55.7
05/26/2026,11:43:08,24.1,55.7
05/26/2026,11:48:08,24.1,55.8
05/26/2026,11:53:08,24.2,55.9
05/26/2026,11:58:08,24.2,55.9
05/26/2026,12:03:08,24.2,56.1
05/26/2026,12:08:08,24.2,56.1
05/26/2026,12:13:08,24.2,56.2
05/26/2026,12:18:08,24.2,56.3
05/26/2026,12:23:08,24.3,56.4
05/26/2026,12:28:08,24.3,56.4
05/26/2026,12:33:08,24.3,56.5
05/26/2026,12:38:08,24.3,56.9
05/26/2026,12:43:08,24.3,57
05/26/2026,12:48:08,24.4,57.2
05/26/2026,12:53:08,24.4,57.2
05/26/2026,12:58:08,24.5,57.6
05/26/2026,13:03:08,24.5,57.4
05/26/2026,13:08:08,24.5,57.4
05/26/2026,13:13:08,24.6,57.4
05/26/2026,13:18:08,24.5,57.4
05/26/2026,13:23:08,24.6,57.5
05/26/2026,13:28:08,24.6,57.7
05/26/2026,13:33:08,24.6,57.8
05/26/2026,13:38:08,24.6,57.7
05/26/2026,13:43:08,24.6,57.8
05/26/2026,13:48:08,24.6,57.7
05/26/2026,13:53:08,24.7,57.6
05/26/2026,13:58:08,24.7,57.8
05/26/2026,14:03:08,24.7,57.9
05/26/2026,14:08:08,24.7,57.7
05/26/2026,14:13:08,24.7,57.7
05/26/2026,14:18:08,24.7,57.8
05/26/2026,14:23:08,24.8,57.9
05/26/2026,14:28:08,24.8,57.9
05/26/2026,14:33:08,24.8,57.8
05/26/2026,14:38:08,24.8,57.8
05/26/2026,14:43:08,24.9,57.8
05/26/2026,14:48:08,24.9,57.8
05/26/2026,14:53:08,25,57.7
05/26/2026,14:58:08,25,57.5
05/26/2026,15:03:08,25,57.3
05/26/2026,15:08:08,25,57.2
05/26/2026,15:13:08,25.1,57.2
05/26/2026,15:18:08,25.1,57.3
05/26/2026,15:23:08,25.1,57.1
05/26/2026,15:28:08,25.2,57.1
05/26/2026,15:33:08,25.2,57.1
05/26/2026,15:38:08,25.2,57.1
05/26/2026,15:43:08,25.3,57.1
05/26/2026,15:48:08,25.3,57
05/26/2026,15:53:08,25.3,57
05/26/2026,15:58:08,25.4,57
05/26/2026,16:03:08,25.4,56.8
05/26/2026,16:08:08,25.4,56.8
05/26/2026,16:13:08,25.5,56.7
05/26/2026,16:18:08,25.5,56.5
05/26/2026,16:23:08,25.5,56.3
05/26/2026,16:28:08,25.5,56.1
05/26/2026,16:33:08,25.6,56
05/26/2026,16:38:08,25.6,55.9
05/26/2026,16:43:08,25.6,55.7
05/26/2026,16:48:08,25.6,55.6
05/26/2026,16:53:08,25.7,55.5
05/26/2026,16:58:08,25.7,55.4
05/26/2026,17:03:08,25.7,55.4
05/26/2026,17:08:08,25.7,55.3
05/26/2026,17:13:08,25.7,55.3
05/26/2026,17:18:08,25.7,55.2
05/26/2026,17:23:08,25.7,55.1
05/26/2026,17:28:08,25.7,55
05/26/2026,17:33:08,25.8,55
05/26/2026,17:38:08,25.8,54.9
05/26/2026,17:43:08,25.8,54.8
05/26/2026,17:48:08,25.8,54.7
05/26/2026,17:53:08,25.8,54.6
05/26/2026,17:58:08,25.8,54.6
05/26/2026,18:03:08,25.8,54.4
05/26/2026,18:08:08,25.8,54.4
05/26/2026,18:13:08,25.8,54.4
05/26/2026,18:18:08,25.8,54.2
05/26/2026,18:23:08,25.8,54.2
05/26/2026,18:28:08,25.9,54.1
05/26/2026,18:33:08,25.8,54.1
05/26/2026,18:38:08,25.9,54.1
05/26/2026,18:43:08,25.9,54.2
05/26/2026,18:48:08,25.9,54
05/26/2026,18:53:08,25.9,54
05/26/2026,18:58:08,25.9,54.2
05/26/2026,19:03:08,25.9,54
05/26/2026,19:08:08,25.8,54.6
05/26/2026,19:13:08,25.9,54.3
05/26/2026,19:18:08,25.9,54.7
05/26/2026,19:23:08,25.9,54.2
05/26/2026,19:28:08,25.9,54
05/26/2026,19:33:08,25.9,54.1
05/26/2026,19:38:08,25.9,54.3
05/26/2026,19:43:08,26,54.1
05/26/2026,19:48:08,26,54
05/26/2026,19:53:08,26,54
05/26/2026,19:58:08,26,53.9
05/26/2026,20:03:08,26,53.8
05/26/2026,20:08:08,26,53.6
05/26/2026,20:13:08,26,53.4
05/26/2026,20:18:08,25.9,53.2
05/26/2026,20:23:08,25.9,53.3
05/26/2026,20:28:08,25.9,53.3
05/26/2026,20:33:08,25.9,53.4
05/26/2026,20:38:08,25.9,53.4
05/26/2026,20:43:08,25.9,53.4
05/26/2026,20:48:08,25.9,53.4
05/26/2026,20:53:08,25.9,53.4
05/26/2026,20:58:08,25.9,53.4
05/26/2026,21:03:08,25.9,53.4
05/26/2026,21:08:08,25.9,53.4
05/26/2026,21:13:08,25.9,53.4
05/26/2026,21:18:08,25.9,53.4
05/26/2026,21:23:08,25.9,53.5
05/26/2026,21:28:08,25.9,53.5
05/26/2026,21:33:08,25.9,53.6
05/26/2026,21:38:08,25.9,53.7
05/26/2026,21:43:08,25.9,53.7
05/26/2026,21:48:08,25.9,53.8
05/26/2026,21:53:08,25.9,53.8
05/26/2026,21:58:08,25.9,53.8
05/26/2026,22:03:08,25.9,53.9
05/26/2026,22:08:08,25.9,53.9
05/26/2026,22:13:08,25.8,54
05/26/2026,22:18:08,25.9,54
05/26/2026,22:23:08,25.8,54
05/26/2026,22:28:08,25.8,54.1
05/26/2026,22:33:08,25.8,54.1
05/26/2026,22:38:08,25.8,54.1
05/26/2026,22:43:08,25.8,54.2
05/26/2026,22:48:08,25.8,54.2
05/26/2026,22:53:08,25.8,54.2
05/26/2026,22:58:08,25.8,54.2
05/26/2026,23:03:08,25.8,54.3
05/26/2026,23:08:08,25.8,54.3
05/26/2026,23:13:08,25.8,54.3
05/26/2026,23:18:08,25.8,54.3
05/26/2026,23:23:08,25.8,54.3
05/26/2026,23:28:08,25.8,54.3
05/26/2026,23:33:08,25.8,54.3
05/26/2026,23:38:08,25.8,54.3
05/26/2026,23:43:08,25.7,54.4
05/26/2026,23:48:08,25.8,54.3
05/26/2026,23:53:08,25.7,54.3
05/26/2026,23:58:08,25.7,54.4
05/27/2026,00:03:08,25.7,54.4
05/27/2026,00:08:08,25.7,54.4
05/27/2026,00:13:08,25.7,54.3
05/27/2026,00:18:08,25.7,54.4
05/27/2026,00:23:08,25.7,54.4
05/27/2026,00:28:08,25.7,54.4
05/27/2026,00:33:08,25.6,54.4
05/27/2026,00:38:08,25.6,54.4
05/27/2026,00:43:08,25.6,54.5
05/27/2026,00:48:08,25.6,54.4
05/27/2026,00:53:08,25.6,54.5
05/27/2026,00:58:08,25.6,54.5
05/27/2026,01:03:08,25.6,54.5
05/27/2026,01:08:08,25.6,54.5
05/27/2026,01:13:08,25.6,54.5
05/27/2026,01:18:08,25.6,54.5
05/27/2026,01:23:08,25.6,54.5
05/27/2026,01:28:08,25.6,54.5
05/27/2026,01:33:08,25.5,54.5
05/27/2026,01:38:08,25.5,54.4
05/27/2026,01:43:08,25.5,54.4
05/27/2026,01:48:08,25.5,54.4
05/27/2026,01:53:08,25.5,54.4
05/27/2026,01:58:08,25.5,54.3
05/27/2026,02:03:08,25.5,54.3
05/27/2026,02:08:08,25.4,54.3
05/27/2026,02:13:08,25.4,54.3
05/27/2026,02:18:08,25.4,54.2
05/27/2026,02:23:08,25.4,54.2
05/27/2026,02:28:08,25.4,54.2
05/27/2026,02:33:08,25.4,54.1
05/27/2026,02:38:08,25.4,54.1
05/27/2026,02:43:08,25.4,54.1
05/27/2026,02:48:08,25.4,54.1
05/27/2026,02:53:08,25.3,54.1
05/27/2026,02:58:08,25.3,54.1
05/27/2026,03:03:08,25.3,54
05/27/2026,03:08:08,25.3,54
05/27/2026,03:13:08,25.3,54
05/27/2026,03:18:08,25.3,54
05/27/2026,03:23:08,25.3,54
05/27/2026,03:28:08,25.3,54
05/27/2026,03:33:08,25.2,54
05/27/2026,03:38:08,25.2,54
05/27/2026,03:43:08,25.2,53.9
05/27/2026,03:48:08,25.2,53.9
05/27/2026,03:53:08,25.2,53.9
05/27/2026,03:58:08,25.2,53.8
05/27/2026,04:03:08,25.2,53.9
05/27/2026,04:08:08,25.1,53.8
05/27/2026,04:13:08,25.1,53.8
05/27/2026,04:18:08,25.1,53.8
05/27/2026,04:23:08,25.1,53.7
05/27/2026,04:28:08,25.1,53.8
05/27/2026,04:33:08,25.1,53.7
05/27/2026,04:38:08,25.1,53.6
05/27/2026,04:43:08,25.1,53.6
05/27/2026,04:48:08,25,53.6
05/27/2026,04:53:08,25,53.5
05/27/2026,04:58:08,25,53.5
05/27/2026,05:03:08,25,53.5
05/27/2026,05:08:08,24.9,53.5
05/27/2026,05:13:08,25,53.4
05/27/2026,05:18:08,24.9,53.4
05/27/2026,05:23:08,24.9,53.3
05/27/2026,05:28:08,24.9,53.2
05/27/2026,05:33:08,24.9,53.2
05/27/2026,05:38:08,24.9,53.2
05/27/2026,05:43:08,24.8,53.1
05/27/2026,05:48:08,24.8,53.1
05/27/2026,05:53:08,24.8,53
05/27/2026,05:58:08,24.8,53
05/27/2026,06:03:08,24.8,53
05/27/2026,06:08:08,24.8,52.9
05/27/2026,06:13:08,24.7,52.9
05/27/2026,06:18:08,24.7,52.9
05/27/2026,06:23:08,24.7,52.7
05/27/2026,06:28:08,24.7,52.8
05/27/2026,06:33:08,24.7,52.7
05/27/2026,06:38:08,24.7,52.7
05/27/2026,06:43:08,24.7,52.7
05/27/2026,06:48:08,24.7,52.6
05/27/2026,06:53:08,24.6,52.6
05/27/2026,06:58:08,24.6,52.5
05/27/2026,07:03:08,24.6,52.5
05/27/2026,07:08:08,24.6,52.5
05/27/2026,07:13:08,24.5,52.4
05/27/2026,07:18:08,24.6,52.6
05/27/2026,07:23:08,24.6,52.4
05/27/2026,07:28:08,24.5,52.3
05/27/2026,07:33:08,24.6,52.4
05/27/2026,07:38:08,24.5,52.3
05/27/2026,07:43:08,24.5,52.4
05/27/2026,07:48:08,24.5,52.3
05/27/2026,07:53:08,24.5,52.3
05/27/2026,07:58:08,24.5,52.2
05/27/2026,08:03:08,24.5,52.3
05/27/2026,08:08:08,24.5,52.2
05/27/2026,08:13:08,24.5,52.3
05/27/2026,08:18:08,24.5,52.3
05/27/2026,08:23:08,24.5,52.3
05/27/2026,08:28:08,24.5,52.3
05/27/2026,08:33:08,24.5,52.3
05/27/2026,08:38:08,24.4,52.3
05/27/2026,08:43:08,24.5,52.3
05/27/2026,08:48:08,24.4,52.2
05/27/2026,08:53:08,24.5,52.2
05/27/2026,08:58:08,24.5,52.2
05/27/2026,09:03:08,24.4,52.2
05/27/2026,09:08:08,24.5,52.1
05/27/2026,09:13:08,24.4,52.2
05/27/2026,09:18:08,24.5,52.2
05/27/2026,09:23:08,24.4,52.2
05/27/2026,09:28:08,24.4,52.2
05/27/2026,09:33:08,24.4,52.3
05/27/2026,09:38:08,24.4,52.4
05/27/2026,09:43:08,24.4,52.2
05/27/2026,09:48:08,24.4,51.9
05/27/2026,09:53:08,24.4,51.7
05/27/2026,09:58:08,24.3,52
05/27/2026,10:03:08,24.3,51.9
05/27/2026,10:08:08,24.3,51.8
05/27/2026,10:13:08,24.3,51.8
05/27/2026,10:18:08,24.3,51.7
05/27/2026,10:23:08,24.3,51.6
05/27/2026,10:28:08,24.3,51.6
05/27/2026,10:33:08,24.2,51.5
05/27/2026,10:38:08,24.2,51.4
05/27/2026,10:43:08,24.2,51.5
05/27/2026,10:48:08,24.2,51.5
05/27/2026,10:53:08,24.2,51.5
05/27/2026,10:58:08,24.2,51.5
05/27/2026,11:03:08,24.2,51.4
05/27/2026,11:08:08,24.1,51.4
05/27/2026,11:13:08,24.1,51.4
05/27/2026,11:18:08,24.1,51.4
05/27/2026,11:23:08,24.1,51.4
05/27/2026,11:28:08,24.1,51.4
05/27/2026,11:33:08,24.1,51.5
05/27/2026,11:38:08,24.1,51.6
05/27/2026,11:43:08,24.1,51.5
05/27/2026,11:48:08,24.1,51.6
05/27/2026,11:53:08,24.1,51.6
05/27/2026,11:58:08,24.1,51.6
05/27/2026,12:03:08,24.1,51.7
05/27/2026,12:08:08,24.1,51.7
05/27/2026,12:13:08,24.1,51.8
05/27/2026,12:18:08,24.1,51.8
05/27/2026,12:23:08,24.1,51.8
05/27/2026,12:28:08,24.1,51.8
05/27/2026,12:33:08,24.1,51.8
05/27/2026,12:38:08,24.1,51.8
05/27/2026,12:43:08,24.1,51.7
05/27/2026,12:48:08,24.1,51.7
05/27/2026,12:53:08,24.1,51.7
05/27/2026,12:58:08,24.1,51.5
05/27/2026,13:03:08,24.1,51.4
05/27/2026,13:08:08,24.1,51.4
05/27/2026,13:13:08,24.1,51.5
05/27/2026,13:18:08,24,51.4
05/27/2026,13:23:08,24.1,51.3
05/27/2026,13:28:08,24,51.6
05/27/2026,13:33:08,24,51.5
05/27/2026,13:38:08,24,51.5
05/27/2026,13:43:08,24,51.7
05/27/2026,13:48:08,24,51.8
05/27/2026,13:53:08,24,52
05/27/2026,13:58:08,24,51.9
05/27/2026,14:03:08,24,52
05/27/2026,14:08:08,24,52.1
05/27/2026,14:13:08,24,51.9
05/27/2026,14:18:08,24,52.1
05/27/2026,14:23:08,24,52
05/27/2026,14:28:08,24,52
05/27/2026,14:33:08,24,52
05/27/2026,14:38:08,24,52
05/27/2026,14:43:08,24,51.9
05/27/2026,14:48:08,24,51.9
05/27/2026,14:53:08,24.1,51.9
05/27/2026,14:58:08,24.1,51.8
05/27/2026,15:03:08,24,51.8
05/27/2026,15:08:08,24,51.7
05/27/2026,15:13:08,24.1,51.6
05/27/2026,15:18:08,24.1,51.5
05/27/2026,15:23:08,24.1,51.5
05/27/2026,15:28:08,24.1,51.3
05/27/2026,15:33:08,24.1,51.2
05/27/2026,15:38:08,24.1,51.2
05/27/2026,15:43:08,24.1,51.1
05/27/2026,15:48:08,24.2,51.1
05/27/2026,15:53:08,24.1,51.2
05/27/2026,15:58:08,24.2,51.1
05/27/2026,16:03:08,24.2,51.2
05/27/2026,16:08:08,24.2,51.1
05/27/2026,16:13:08,24.2,51
05/27/2026,16:18:08,24.2,50.9
05/27/2026,16:23:08,24.2,50.8
05/27/2026,16:28:08,24.3,50.7
05/27/2026,16:33:08,24.3,50.7
05/27/2026,16:38:08,24.3,50.6
05/27/2026,16:43:08,24.3,50.4
05/27/2026,16:48:08,24.3,50.2
05/27/2026,16:53:08,24.3,50.2
05/27/2026,16:58:08,24.2,50
05/27/2026,17:03:08,24.2,50
05/27/2026,17:08:08,24.2,49.8
05/27/2026,17:13:08,24.2,49.7
05/27/2026,17:18:08,24.2,49.8
05/27/2026,17:23:08,24.2,49.7
05/27/2026,17:28:08,24.2,49.6
05/27/2026,17:33:08,24.2,49.4
05/27/2026,17:38:08,24.2,49.3
05/27/2026,17:43:08,24.2,49.3
05/27/2026,17:48:08,24.1,48.7
05/27/2026,17:53:08,24.1,48.5
05/27/2026,17:58:08,24.1,48.4
05/27/2026,18:03:08,24.1,48.4
05/27/2026,18:08:08,24.1,48.2
05/27/2026,18:13:08,24,47.9
05/27/2026,18:18:08,24,47.7
05/27/2026,18:23:08,24,47.5
05/27/2026,18:28:08,24,47.3
05/27/2026,18:33:08,24,46.2
05/27/2026,18:38:08,23.9,46.2
05/27/2026,18:43:08,23.8,45.6
05/27/2026,18:48:08,23.8,45.2
05/27/2026,18:53:08,23.7,44.8
05/27/2026,18:58:08,23.7,44.5
05/27/2026,19:03:08,23.7,44.6
05/27/2026,19:08:08,23.7,44.5
05/27/2026,19:13:08,23.7,44.4
05/27/2026,19:18:08,23.7,44.3
05/27/2026,19:23:08,23.7,43.9
05/27/2026,19:28:08,23.7,43.8
05/27/2026,19:33:08,23.6,43.7
05/27/2026,19:38:08,23.6,43.5
05/27/2026,19:43:08,23.6,43.2
05/27/2026,19:48:08,23.6,42.9
05/27/2026,19:53:08,23.5,42.8
05/27/2026,19:58:08,23.5,42.6
05/27/2026,20:03:08,23.5,42.6
05/27/2026,20:08:08,23.5,42.5
05/27/2026,20:13:08,23.4,42.1
05/27/2026,20:18:08,23.4,41.5
05/27/2026,20:23:08,23.3,41.2
05/27/2026,20:28:08,23.3,40.8
05/27/2026,20:33:08,23.2,40.9
05/27/2026,20:38:08,23.2,41.1
05/27/2026,20:43:08,23.2,41.1
05/27/2026,20:48:08,23.2,41.1
05/27/2026,20:53:08,23.2,41.2
05/27/2026,20:58:08,23.1,41
05/27/2026,21:03:08,23.2,41.1
05/27/2026,21:08:08,23.1,41.1
05/27/2026,21:13:08,23.2,41.2
05/27/2026,21:18:08,23.1,41.1
05/27/2026,21:23:08,23.1,41.2
05/27/2026,21:28:08,23.1,41.3
05/27/2026,21:33:08,23.1,41.4
05/27/2026,21:38:08,23.1,41.4
05/27/2026,21:43:08,23,41.4
05/27/2026,21:48:08,23.1,41.4
05/27/2026,21:53:08,23.1,41.6
05/27/2026,21:58:08,23,41.6
05/27/2026,22:03:08,23,41.7
05/27/2026,22:08:08,23,41.8
05/27/2026,22:13:08,23,41.9
05/27/2026,22:18:08,23,41.9
05/27/2026,22:23:08,22.9,42.1
05/27/2026,22:28:08,22.9,42.2
05/27/2026,22:33:08,22.9,42.4
05/27/2026,22:38:08,22.9,42.5
05/27/2026,22:43:08,22.9,42.7
05/27/2026,22:48:08,22.9,42.8
05/27/2026,22:53:08,22.9,43
05/27/2026,22:58:08,22.9,43.1
05/27/2026,23:03:08,22.8,43.3
05/27/2026,23:08:08,22.8,43.4
05/27/2026,23:13:08,22.8,43.6
05/27/2026,23:18:08,22.8,43.7
05/27/2026,23:23:08,22.8,43.9
05/27/2026,23:28:08,22.8,44
05/27/2026,23:33:08,22.7,44.1
05/27/2026,23:38:08,22.7,44.2
05/27/2026,23:43:08,22.7,44.3
05/27/2026,23:48:08,22.6,44.4
05/27/2026,23:53:08,22.7,44.5
05/27/2026,23:58:08,22.6,44.6
05/28/2026,00:03:08,22.6,44.7
05/28/2026,00:08:08,22.6,44.8
05/28/2026,00:13:08,22.6,44.9
05/28/2026,00:18:08,22.5,45
05/28/2026,00:23:08,22.5,45.1
05/28/2026,00:28:08,22.5,45.1
05/28/2026,00:33:08,22.5,45.2
05/28/2026,00:38:08,22.5,45.3
05/28/2026,00:43:08,22.5,45.3
05/28/2026,00:48:08,22.4,45.4
05/28/2026,00:53:08,22.4,45.5
05/28/2026,00:58:08,22.4,45.5
05/28/2026,01:03:08,22.4,45.6
05/28/2026,01:08:08,22.4,45.7
05/28/2026,01:13:08,22.3,45.7
05/28/2026,01:18:08,22.3,45.8
05/28/2026,01:23:08,22.3,45.8
05/28/2026,01:28:08,22.3,45.8
05/28/2026,01:33:08,22.2,45.9
05/28/2026,01:38:08,22.2,46
05/28/2026,01:43:08,22.2,46.1
05/28/2026,01:48:08,22.2,46.1
05/28/2026,01:53:08,22.2,46.1
05/28/2026,01:58:08,22.2,46.2
05/28/2026,02:03:08,22.1,46.3
05/28/2026,02:08:08,22.1,46.3
05/28/2026,02:13:08,22.1,46.4
05/28/2026,02:18:08,22.1,46.5
05/28/2026,02:23:08,22,46.6
05/28/2026,02:28:08,22,46.6
05/28/2026,02:33:08,22,46.7
05/28/2026,02:38:08,22,46.8
05/28/2026,02:43:08,21.9,46.9
05/28/2026,02:48:08,21.9,46.9
05/28/2026,02:53:08,21.9,47
05/28/2026,02:58:08,21.9,47.1
05/28/2026,03:03:08,21.9,47.2
05/28/2026,03:08:08,21.9,47.3
05/28/2026,03:13:08,21.9,47.3
05/28/2026,03:18:08,21.8,47.4
05/28/2026,03:23:08,21.8,47.5
05/28/2026,03:28:08,21.8,47.6
05/28/2026,03:33:08,21.8,47.7
05/28/2026,03:38:08,21.8,47.7
05/28/2026,03:43:08,21.8,47.8
05/28/2026,03:48:08,21.8,47.8
05/28/2026,03:53:08,21.7,47.9
05/28/2026,03:58:08,21.8,47.9
05/28/2026,04:03:08,21.7,48
05/28/2026,04:08:08,21.7,48.1
05/28/2026,04:13:08,21.7,48.2
05/28/2026,04:18:08,21.7,48.2
05/28/2026,04:23:08,21.7,48.3
05/28/2026,04:28:08,21.6,48.4
05/28/2026,04:33:08,21.6,48.4
05/28/2026,04:38:08,21.6,48.5
05/28/2026,04:43:08,21.6,48.5
05/28/2026,04:48:08,21.6,48.6
05/28/2026,04:53:08,21.6,48.7
05/28/2026,04:58:08,21.6,48.7
05/28/2026,05:03:08,21.6,48.8
05/28/2026,05:08:08,21.6,48.9
05/28/2026,05:13:08,21.6,49
05/28/2026,05:18:08,21.5,49.1
05/28/2026,05:23:08,21.5,49.1
05/28/2026,05:28:08,21.5,49.2
05/28/2026,05:33:08,21.5,49.3
05/28/2026,05:38:08,21.5,49.3
05/28/2026,05:43:08,21.5,49.4
05/28/2026,05:48:08,21.5,49.5
05/28/2026,05:53:08,21.4,49.7
05/28/2026,05:58:08,21.4,49.8
05/28/2026,06:03:08,21.4,49.9
05/28/2026,06:08:08,21.4,49.9
05/28/2026,06:13:08,21.4,50
05/28/2026,06:18:08,21.4,50
05/28/2026,06:23:08,21.4,50.1
05/28/2026,06:28:08,21.4,50.2
05/28/2026,06:33:08,21.3,50.3
05/28/2026,06:38:08,21.3,50.3
05/28/2026,06:43:08,21.4,50.4
05/28/2026,06:48:08,21.3,50.5
05/28/2026,06:53:08,21.3,50.6
05/28/2026,06:58:08,21.3,50.7
05/28/2026,07:03:08,21.3,50.7
05/28/2026,07:08:08,21.3,50.8
05/28/2026,07:13:08,21.3,50.9
05/28/2026,07:18:08,21.3,50.9
05/28/2026,07:23:08,21.3,51
05/28/2026,07:28:08,21.3,51.1
05/28/2026,07:33:08,21.4,51.2
05/28/2026,07:38:08,21.3,51.3
05/28/2026,07:43:08,21.4,51.4
05/28/2026,07:48:08,21.4,51.5
05/28/2026,07:53:08,21.4,51.6
05/28/2026,07:58:08,21.4,51.7
05/28/2026,08:03:08,21.4,51.7
05/28/2026,08:08:08,21.4,51.7
05/28/2026,08:13:08,21.5,51.7
05/28/2026,08:18:08,21.5,51.7
05/28/2026,08:23:08,21.5,51.7
05/28/2026,08:28:08,21.5,51.8
05/28/2026,08:33:08,21.5,51.9
05/28/2026,08:38:08,21.5,51.9
05/28/2026,08:43:08,21.5,51.9
05/28/2026,08:48:08,21.5,52
05/28/2026,08:53:08,21.6,52.1
05/28/2026,08:58:08,21.6,52.2
05/28/2026,09:03:08,21.6,52.2
05/28/2026,09:08:08,21.6,52.3
05/28/2026,09:13:08,21.6,52.4
05/28/2026,09:18:08,21.6,52.6
05/28/2026,09:23:08,21.7,52.7
05/28/2026,09:28:08,21.7,52.7
05/28/2026,09:33:08,21.7,52.8
05/28/2026,09:38:08,21.7,53.1
05/28/2026,09:43:08,21.7,53
05/28/2026,09:48:08,21.8,53.2
05/28/2026,09:53:08,21.8,53.2
05/28/2026,09:58:08,21.8,53.2
05/28/2026,10:03:08,21.8,53.4
05/28/2026,10:08:08,21.9,53.4
05/28/2026,10:13:08,21.9,53.4
05/28/2026,10:18:08,21.9,53.4
05/28/2026,10:23:08,21.9,53.4
05/28/2026,10:28:08,21.9,53.5
05/28/2026,10:33:08,21.9,53.4
05/28/2026,10:38:08,22,53.5
05/28/2026,10:43:08,22,53.5
05/28/2026,10:48:08,22,53.5
05/28/2026,10:53:08,22,53.5
05/28/2026,10:58:08,22,53.5
05/28/2026,11:03:08,22.1,53.5
05/28/2026,11:08:08,22.1,53.5
05/28/2026,11:13:08,22.1,53.5
05/28/2026,11:18:08,22.1,53.5
05/28/2026,11:23:08,22.1,53.5
05/28/2026,11:28:08,22.1,53.5
05/28/2026,11:33:08,22.1,53.5
05/28/2026,11:38:08,22.1,53.6
05/28/2026,11:43:08,22.1,53.5
05/28/2026,11:48:08,22.2,53.6
05/28/2026,11:53:08,22.2,53.6
05/28/2026,11:58:08,22.2,53.7
05/28/2026,12:03:08,22.2,53.7
05/28/2026,12:08:08,22.3,53.7
05/28/2026,12:13:08,22.3,53.7
05/28/2026,12:18:08,22.3,53.8
05/28/2026,12:23:08,22.3,53.8
05/28/2026,12:28:08,22.4,53.9
05/28/2026,12:33:08,22.4,53.9
05/28/2026,12:38:08,22.4,54
05/28/2026,12:43:08,22.5,54
05/28/2026,12:48:08,22.5,54.1
05/28/2026,12:53:08,22.5,54.4
05/28/2026,12:58:08,22.6,54.6
05/28/2026,13:03:08,22.6,54.9
05/28/2026,13:08:08,22.7,55
05/28/2026,13:13:08,22.7,55.2
05/28/2026,13:18:08,22.8,55.3
05/28/2026,13:23:08,22.8,55.4
05/28/2026,13:28:08,22.8,55.5
05/28/2026,13:33:08,22.9,55.5
05/28/2026,13:38:08,22.9,55.7
05/28/2026,13:43:08,22.9,55.8
05/28/2026,13:48:08,23,55.9
05/28/2026,13:53:08,23,56
05/28/2026,13:58:08,23,56.1
05/28/2026,14:03:08,23,56.2
05/28/2026,14:08:08,23,56.4
05/28/2026,14:13:08,23.1,56.5
05/28/2026,14:18:08,23.1,56.6
05/28/2026,14:23:08,23.1,56.6
05/28/2026,14:28:08,23.1,56.7
05/28/2026,14:33:08,23.1,56.9
05/28/2026,14:38:08,23.2,57
05/28/2026,14:43:08,23.1,57.1
05/28/2026,14:48:08,23.2,57.2
05/28/2026,14:53:08,23.2,57.3
05/28/2026,14:58:08,23.2,57.3
05/28/2026,15:03:08,23.2,57.4
05/28/2026,15:08:08,23.2,57.4
05/28/2026,15:13:08,23.2,57.6
05/28/2026,15:18:08,23.2,57.7
05/28/2026,15:23:08,23.2,57.8
05/28/2026,15:28:08,23.2,57.9
05/28/2026,15:33:08,23.2,58
05/28/2026,15:38:08,23.2,58.1
05/28/2026,15:43:08,23.2,58.2
05/28/2026,15:48:08,23.2,58.3
05/28/2026,15:53:08,23.2,58.5
05/28/2026,15:58:08,23.3,58.6
05/28/2026,16:03:08,23.3,58.7
05/28/2026,16:08:08,23.3,58.8
05/28/2026,16:13:08,23.3,58.8
05/28/2026,16:18:08,23.3,58.9
05/28/2026,16:23:08,23.3,58.9
05/28/2026,16:28:08,23.3,59
05/28/2026,16:33:08,23.3,59
05/28/2026,16:38:08,23.3,59.1
05/28/2026,16:43:08,23.4,59.1
05/28/2026,16:48:08,23.3,59.2
05/28/2026,16:53:08,23.3,59.3
05/28/2026,16:58:08,23.3,59.3
05/28/2026,17:03:08,23.3,59.4
05/28/2026,17:08:08,23.3,59.4
05/28/2026,17:13:08,23.3,59.5
05/28/2026,17:18:08,23.3,59.6
05/28/2026,17:23:08,23.3,59.6
05/28/2026,17:28:08,23.3,59.7
05/28/2026,17:33:08,23.3,59.7
05/28/2026,17:38:08,23.3,59.8
05/28/2026,17:43:08,23.3,59.8
05/28/2026,17:48:08,23.3,59.9
05/28/2026,17:53:08,23.3,59.9
05/28/2026,17:58:08,23.3,60
05/28/2026,18:03:08,23.3,60.1
05/28/2026,18:08:08,23.3,60.1
05/28/2026,18:13:08,23.3,60.2
05/28/2026,18:18:08,23.3,60.3
05/28/2026,18:23:08,23.3,60.3
05/28/2026,18:28:08,23.4,60.4
05/28/2026,18:33:08,23.3,60.4
05/28/2026,18:38:08,23.4,60.5
05/28/2026,18:43:08,23.4,60.6
05/28/2026,18:48:08,23.4,60.6
05/28/2026,18:53:08,23.4,60.7
05/28/2026,18:58:08,23.4,60.7
05/28/2026,19:03:08,23.4,60.7
05/28/2026,19:08:08,23.4,60.7
05/28/2026,19:13:08,23.4,60.8
05/28/2026,19:18:08,23.4,60.8
05/28/2026,19:23:08,23.4,60.8
05/28/2026,19:28:08,23.4,60.9
05/28/2026,19:33:08,23.4,61
05/28/2026,19:38:08,23.4,61
05/28/2026,19:43:08,23.4,61.1
05/28/2026,19:48:08,23.4,61.2
05/28/2026,19:53:08,23.4,61.3
05/28/2026,19:58:08,23.4,61.4
05/28/2026,20:03:08,23.4,61.4
05/28/2026,20:08:08,23.4,61.4
05/28/2026,20:13:08,23.4,61.4
05/28/2026,20:18:08,23.4,61.4
05/28/2026,20:23:08,23.4,61.4
05/28/2026,20:28:08,23.4,61.4
05/28/2026,20:33:08,23.4,61.5
05/28/2026,20:38:08,23.4,61.5
05/28/2026,20:43:08,23.4,61.5
05/28/2026,20:48:08,23.4,61.5
05/28/2026,20:53:08,23.4,61.6
05/28/2026,20:58:08,23.4,61.6
05/28/2026,21:03:08,23.3,61.6
05/28/2026,21:08:08,23.3,61.6
05/28/2026,21:13:08,23.3,61.7
05/28/2026,21:18:08,23.3,61.7
05/28/2026,21:23:08,23.3,61.7
05/28/2026,21:28:08,23.3,61.7
05/28/2026,21:33:08,23.3,61.7
05/28/2026,21:38:08,23.3,61.8
05/28/2026,21:43:08,23.3,61.8
05/28/2026,21:48:08,23.3,61.8
05/28/2026,21:53:08,23.3,61.9
05/28/2026,21:58:08,23.3,61.8
05/28/2026,22:03:08,23.3,61.8
05/28/2026,22:08:08,23.3,61.9
05/28/2026,22:13:08,23.3,61.9
05/28/2026,22:18:08,23.3,61.8
05/28/2026,22:23:08,23.3,61.8
05/28/2026,22:28:08,23.3,61.7
05/28/2026,22:33:08,23.2,61.7
05/28/2026,22:38:08,23.3,61.6
05/28/2026,22:43:08,23.3,61.6
05/28/2026,22:48:08,23.3,61.6
05/28/2026,22:53:08,23.2,61.5
05/28/2026,22:58:08,23.2,61.5
05/28/2026,23:03:08,23.2,61.4
05/28/2026,23:08:08,23.2,61.3
05/28/2026,23:13:08,23.2,61.2
05/28/2026,23:18:08,23.2,61.2
05/28/2026,23:23:08,23.2,61.1
05/28/2026,23:28:08,23.2,61
05/28/2026,23:33:08,23.2,61
05/28/2026,23:38:08,23.1,60.9
05/28/2026,23:43:08,23.2,60.8
05/28/2026,23:48:08,23.1,60.7
05/28/2026,23:53:08,23.1,60.6
05/28/2026,23:58:08,23.1,60.5
05/29/2026,00:03:08,23.1,60.4
05/29/2026,00:08:08,23.1,60.3
05/29/2026,00:13:08,23.1,60.2
05/29/2026,00:18:08,23.1,60.1
05/29/2026,00:23:08,23.1,60
05/29/2026,00:28:08,23.1,59.9
05/29/2026,00:33:08,23.1,59.7
05/29/2026,00:38:08,23,59.7
05/29/2026,00:43:08,23,59.5
05/29/2026,00:48:08,23,59.4
05/29/2026,00:53:08,23,59.2
05/29/2026,00:58:08,23,59.1
05/29/2026,01:03:08,23,59.1
05/29/2026,01:08:08,23,59.1
05/29/2026,01:13:08,23,59
05/29/2026,01:18:08,23,58.9
05/29/2026,01:23:08,23,58.9
05/29/2026,01:28:08,23,58.8
05/29/2026,01:33:08,23,58.7
05/29/2026,01:38:08,23,58.7
05/29/2026,01:43:08,22.9,58.6
05/29/2026,01:48:08,22.9,58.5
05/29/2026,01:53:08,22.9,58.4
05/29/2026,01:58:08,22.9,58.4
05/29/2026,02:03:08,22.9,58.3
05/29/2026,02:08:08,22.9,58.3
05/29/2026,02:13:08,22.9,58.1
05/29/2026,02:18:08,22.9,58
05/29/2026,02:23:08,22.8,57.9
05/29/2026,02:28:08,22.8,57.9
05/29/2026,02:33:08,22.8,57.9
05/29/2026,02:38:08,22.8,57.9
05/29/2026,02:43:08,22.8,57.9
05/29/2026,02:48:08,22.8,58
05/29/2026,02:53:08,22.8,58
05/29/2026,02:58:08,22.8,58
05/29/2026,03:03:08,22.7,58.1
05/29/2026,03:08:08,22.7,58.1
05/29/2026,03:13:08,22.7,58.1
05/29/2026,03:18:08,22.7,58.2
05/29/2026,03:23:08,22.7,58.2
05/29/2026,03:28:08,22.7,58.2
05/29/2026,03:33:08,22.7,58.3
05/29/2026,03:38:08,22.7,58.3
05/29/2026,03:43:08,22.7,58.3
05/29/2026,03:48:08,22.7,58.4
05/29/2026,03:53:08,22.6,58.4
05/29/2026,03:58:08,22.6,58.4
05/29/2026,04:03:08,22.6,58.5
05/29/2026,04:08:08,22.6,58.5
05/29/2026,04:13:08,22.6,58.5
05/29/2026,04:18:08,22.6,58.6
05/29/2026,04:23:08,22.6,58.6
05/29/2026,04:28:08,22.5,58.7
05/29/2026,04:33:08,22.6,58.6
05/29/2026,04:38:08,22.5,58.7
05/29/2026,04:43:08,22.5,58.7
05/29/2026,04:48:08,22.5,58.7
05/29/2026,04:53:08,22.5,58.8
05/29/2026,04:58:08,22.5,58.8
05/29/2026,05:03:08,22.5,58.8
05/29/2026,05:08:08,22.5,58.8
05/29/2026,05:13:08,22.5,58.8
05/29/2026,05:18:08,22.4,58.9
05/29/2026,05:23:08,22.4,58.8
05/29/2026,05:28:08,22.4,58.9
05/29/2026,05:33:08,22.4,59
05/29/2026,05:38:08,22.4,59
05/29/2026,05:43:08,22.4,59
05/29/2026,05:48:08,22.4,59
05/29/2026,05:53:08,22.4,59.1
05/29/2026,05:58:08,22.4,59
05/29/2026,06:03:08,22.4,59.1
05/29/2026,06:08:08,22.4,59.1
05/29/2026,06:13:08,22.3,59.1
05/29/2026,06:18:08,22.3,59.1
05/29/2026,06:23:08,22.3,59.1
05/29/2026,06:28:08,22.3,59.1
05/29/2026,06:33:08,22.3,59.1
05/29/2026,06:38:08,22.3,59
05/29/2026,06:43:08,22.3,59
05/29/2026,06:48:08,22.3,59
05/29/2026,06:53:08,22.3,59
05/29/2026,06:58:08,22.3,59
05/29/2026,07:03:08,22.3,59
05/29/2026,07:08:08,22.3,58.9
05/29/2026,07:13:08,22.3,58.9
05/29/2026,07:18:08,22.3,58.8
05/29/2026,07:23:08,22.3,58.8
05/29/2026,07:28:08,22.3,58.8
05/29/2026,07:33:08,22.3,58.8
05/29/2026,07:38:08,22.3,58.8
05/29/2026,07:43:08,22.3,58.7
05/29/2026,07:48:08,22.3,58.7
05/29/2026,07:53:08,22.3,58.7
05/29/2026,07:58:08,22.3,58.6
05/29/2026,08:03:08,22.3,58.6
05/29/2026,08:08:08,22.3,58.5
05/29/2026,08:13:08,22.2,58.5
05/29/2026,08:18:08,22.2,58.5
05/29/2026,08:23:08,22.2,58.5
05/29/2026,08:28:08,22.2,58.4
05/29/2026,08:33:08,22.2,58.4
05/29/2026,08:38:08,22.2,58.4
05/29/2026,08:43:08,22.2,58.3
05/29/2026,08:48:08,22.2,58.3
05/29/2026,08:53:08,22.2,58.3
05/29/2026,08:58:08,22.2,58.2
05/29/2026,09:03:08,22.2,58.2
05/29/2026,09:08:08,22.2,58.2
05/29/2026,09:13:08,22.2,58.2
05/29/2026,09:18:08,22.2,58.3
05/29/2026,09:23:08,22.2,58.2
05/29/2026,09:28:08,22.2,58.2
05/29/2026,09:33:08,22.2,58.1
05/29/2026,09:38:08,22.2,58
05/29/2026,09:43:08,22.3,57.9
05/29/2026,09:48:08,22.2,57.8
05/29/2026,09:53:08,22.2,57.7
05/29/2026,09:58:08,22.2,57.6
05/29/2026,10:03:08,22.2,57.6
05/29/2026,10:08:08,22.2,57.5
05/29/2026,10:13:08,22.2,57.5
05/29/2026,10:18:08,22.2,57.5
05/29/2026,10:23:08,22.2,57.4
05/29/2026,10:28:08,22.2,57.4
05/29/2026,10:33:08,22.2,57.5
05/29/2026,10:38:08,22.2,57.5
05/29/2026,10:43:08,22.2,57.5
05/29/2026,10:48:08,22.2,57.4
05/29/2026,10:53:08,22.2,57.3
05/29/2026,10:58:08,22.2,57.1
05/29/2026,11:03:08,22.2,57
05/29/2026,11:08:08,22.2,57
05/29/2026,11:13:08,22.2,56.9
05/29/2026,11:18:08,22.3,56.7
05/29/2026,11:23:08,22.3,56.7
05/29/2026,11:28:08,22.3,56.5
05/29/2026,11:33:08,22.3,56.4
05/29/2026,11:38:08,22.3,56.3
05/29/2026,11:43:08,22.3,56
05/29/2026,11:48:08,22.3,56.1
05/29/2026,11:53:08,22.3,56
05/29/2026,11:58:08,22.3,55.9
05/29/2026,12:03:08,22.3,55.7
05/29/2026,12:08:08,22.3,55.7
05/29/2026,12:13:08,22.3,55.6
05/29/2026,12:18:08,22.3,55.6
05/29/2026,12:23:08,22.3,55.7
05/29/2026,12:28:08,22.3,55.5
05/29/2026,12:33:08,22.3,55.6
05/29/2026,12:38:08,22.3,55.7
05/29/2026,12:43:08,22.4,55.5
05/29/2026,12:48:08,22.4,55.4
05/29/2026,12:53:08,22.4,55.4
05/29/2026,12:58:08,22.4,55.2
05/29/2026,13:03:08,22.5,55.2
05/29/2026,13:08:08,22.5,55.1
05/29/2026,13:13:08,22.5,54.9
05/29/2026,13:18:08,22.5,55
05/29/2026,13:23:08,22.5,55
05/29/2026,13:28:08,22.5,55
05/29/2026,13:33:08,22.6,55
05/29/2026,13:38:08,22.6,55
05/29/2026,13:43:08,22.6,54.9
05/29/2026,13:48:08,22.6,54.9
05/29/2026,13:53:08,22.6,54.9
05/29/2026,13:58:08,22.6,54.9
05/29/2026,14:03:08,22.6,54.8
05/29/2026,14:08:08,22.6,54.7
05/29/2026,14:13:08,22.6,54.6
05/29/2026,14:18:08,22.6,54.6
05/29/2026,14:23:08,22.6,54.5
05/29/2026,14:28:08,22.6,54.5
05/29/2026,14:33:08,22.6,54.4
05/29/2026,14:38:08,22.6,54.3
05/29/2026,14:43:08,22.6,54.3
05/29/2026,14:48:08,22.6,54.3
05/29/2026,14:53:08,22.6,54.2
05/29/2026,14:58:08,22.6,54.2
05/29/2026,15:03:08,22.6,54.1
05/29/2026,15:08:08,22.6,53.9
05/29/2026,15:13:08,22.6,53.7
05/29/2026,15:18:08,22.6,53.6
05/29/2026,15:23:08,22.6,53.5
05/29/2026,15:28:08,22.6,53.5
05/29/2026,15:33:08,22.6,53.4
05/29/2026,15:38:08,22.6,53.3
05/29/2026,15:43:08,22.6,53.3
05/29/2026,15:48:08,22.6,53.3
05/29/2026,15:53:08,22.6,53.1
05/29/2026,15:58:08,22.6,53
05/29/2026,16:03:08,22.6,52.9
05/29/2026,16:08:08,22.6,53.1
05/29/2026,16:13:08,22.6,53
05/29/2026,16:18:08,22.6,52.9
05/29/2026,16:23:08,22.6,52.8
05/29/2026,16:28:08,22.6,52.6
05/29/2026,16:33:08,22.6,52.4
05/29/2026,16:38:08,22.6,52.3
05/29/2026,16:43:08,22.7,52.3
05/29/2026,16:48:08,22.7,52.3
05/29/2026,16:53:08,22.7,52.1
05/29/2026,16:58:08,22.7,51.9
05/29/2026,17:03:08,22.7,51.8
05/29/2026,17:08:08,22.7,51.6
05/29/2026,17:13:08,22.7,51.6
05/29/2026,17:18:08,22.7,51.5
05/29/2026,17:23:08,22.7,51.1
05/29/2026,17:28:08,22.7,50.9
05/29/2026,17:33:08,22.7,50.8
05/29/2026,17:38:08,22.7,50.7
05/29/2026,17:43:08,22.7,50.5
05/29/2026,17:48:08,22.7,50.4
05/29/2026,17:53:08,22.7,50.4
05/29/2026,17:58:08,22.7,50.3
05/29/2026,18:03:08,22.8,50.3
05/29/2026,18:08:08,22.8,50.3
05/29/2026,18:13:08,22.8,50.2
05/29/2026,18:18:08,22.7,50.2
05/29/2026,18:23:08,22.7,50.3
05/29/2026,18:28:08,22.8,50.3
05/29/2026,18:33:08,22.8,50.3
05/29/2026,18:38:08,22.8,50.3
05/29/2026,18:43:08,22.8,50.3
05/29/2026,18:48:08,22.8,50.4
05/29/2026,18:53:08,22.8,50.5
05/29/2026,18:58:08,22.8,50.6
05/29/2026,19:03:08,22.8,50.7
05/29/2026,19:08:08,22.9,51
05/29/2026,19:13:08,22.9,51.5
05/29/2026,19:18:08,22.9,51.5
05/29/2026,19:23:08,23,51.5
05/29/2026,19:28:08,23,51.4
05/29/2026,19:33:08,23,51.4
05/29/2026,19:38:08,23.1,51.5
05/29/2026,19:43:08,23.1,51.6
05/29/2026,19:48:08,23.1,51.6
05/29/2026,19:53:08,23.1,51.6
05/29/2026,19:58:08,23.1,51.6
05/29/2026,20:03:08,23.2,51.6
05/29/2026,20:08:08,23.1,51.5
05/29/2026,20:13:08,23.1,51.5
05/29/2026,20:18:08,23.1,51.5
05/29/2026,20:23:08,23.1,51.6
05/29/2026,20:28:08,23.1,51.6
05/29/2026,20:33:08,23.1,51.5
05/29/2026,20:38:08,23.1,51.5
05/29/2026,20:43:08,23.1,51.5
05/29/2026,20:48:08,23.1,51.5
05/29/2026,20:53:08,23.1,51.5
05/29/2026,20:58:08,23.1,51.5
05/29/2026,21:03:08,23.1,51.5
05/29/2026,21:08:08,23.2,51.5
05/29/2026,21:13:08,23.1,51.5
05/29/2026,21:18:08,23.1,51.5
05/29/2026,21:23:08,23.1,51.4
05/29/2026,21:28:08,23.1,51.3
05/29/2026,21:33:08,23.1,51.3
05/29/2026,21:38:08,23.1,51.4
05/29/2026,21:43:08,23.1,51.5
05/29/2026,21:48:08,23.1,51.5
05/29/2026,21:53:08,23.1,51.4
05/29/2026,21:58:08,23.1,51.5
05/29/2026,22:03:08,23.1,51.5
05/29/2026,22:08:08,23.1,51.5
05/29/2026,22:13:08,23.1,51.5
05/29/2026,22:18:08,23.1,51.5
05/29/2026,22:23:08,23.1,51.6
05/29/2026,22:28:08,23,51.5
05/29/2026,22:33:08,23,51.6
05/29/2026,22:38:08,23,51.5
05/29/2026,22:43:08,23,51.5
05/29/2026,22:48:08,23,51.6
05/29/2026,22:53:08,23,51.6
05/29/2026,22:58:08,23,51.6
05/29/2026,23:03:08,23,51.6
05/29/2026,23:08:08,23,51.6
05/29/2026,23:13:08,23,51.6
05/29/2026,23:18:08,23,51.6
05/29/2026,23:23:08,23,51.6
05/29/2026,23:28:08,22.9,51.7
05/29/2026,23:33:08,22.9,51.6
05/29/2026,23:38:08,22.9,51.6
05/29/2026,23:43:08,22.9,51.6
05/29/2026,23:48:08,22.9,51.6
05/29/2026,23:53:08,22.9,51.6
05/29/2026,23:58:08,22.9,51.7
05/30/2026,00:03:08,22.9,51.7
05/30/2026,00:08:08,22.9,51.7
05/30/2026,00:13:08,22.9,51.6
05/30/2026,00:18:08,22.9,51.6
05/30/2026,00:23:08,22.9,51.6
05/30/2026,00:28:08,22.8,51.6
05/30/2026,00:33:08,22.8,51.6
05/30/2026,00:38:08,22.8,51.6
05/30/2026,00:43:08,22.8,51.6
05/30/2026,00:48:08,22.8,51.6
05/30/2026,00:53:08,22.8,51.6
05/30/2026,00:58:08,22.8,51.6
05/30/2026,01:03:08,22.8,51.6
05/30/2026,01:08:08,22.8,51.6
05/30/2026,01:13:08,22.8,51.6
05/30/2026,01:18:08,22.7,51.6
05/30/2026,01:23:08,22.8,51.6
05/30/2026,01:28:08,22.7,51.6
05/30/2026,01:33:08,22.7,51.6
05/30/2026,01:38:08,22.7,51.5
05/30/2026,01:43:08,22.7,51.6
05/30/2026,01:48:08,22.7,51.5
05/30/2026,01:53:08,22.7,51.5
05/30/2026,01:58:08,22.7,51.5
05/30/2026,02:03:08,22.7,51.5
05/30/2026,02:08:08,22.7,51.5
05/30/2026,02:13:08,22.7,51.4
05/30/2026,02:18:08,22.6,51.4
05/30/2026,02:23:08,22.6,51.4
05/30/2026,02:28:08,22.6,51.4
05/30/2026,02:33:08,22.6,51.4
05/30/2026,02:38:08,22.6,51.4
05/30/2026,02:43:08,22.6,51.3
05/30/2026,02:48:08,22.6,51.3
05/30/2026,02:53:08,22.5,51.3
05/30/2026,02:58:08,22.5,51.2
05/30/2026,03:03:08,22.5,51.2
05/30/2026,03:08:08,22.5,51.2
05/30/2026,03:13:08,22.5,51.1
05/30/2026,03:18:08,22.5,51.2
05/30/2026,03:23:08,22.5,51.2
05/30/2026,03:28:08,22.5,51.1
05/30/2026,03:33:08,22.5,51.1
05/30/2026,03:38:08,22.5,51.1
05/30/2026,03:43:08,22.4,51
05/30/2026,03:48:08,22.4,51
05/30/2026,03:53:08,22.4,51
05/30/2026,03:58:08,22.4,50.9
05/30/2026,04:03:08,22.4,50.8
05/30/2026,04:08:08,22.3,50.8
05/30/2026,04:13:08,22.4,50.7
05/30/2026,04:18:08,22.3,50.7
05/30/2026,04:23:08,22.3,50.7
05/30/2026,04:28:08,22.3,50.7
05/30/2026,04:33:08,22.3,50.6
05/30/2026,04:38:08,22.3,50.6
05/30/2026,04:43:08,22.3,50.5
05/30/2026,04:48:08,22.3,50.5
05/30/2026,04:53:08,22.3,50.5
05/30/2026,04:58:08,22.2,50.4
05/30/2026,05:03:08,22.2,50.4
05/30/2026,05:08:08,22.2,50.4
05/30/2026,05:13:08,22.2,50.4
05/30/2026,05:18:08,22.2,50.3
05/30/2026,05:23:08,22.2,50.3
05/30/2026,05:28:08,22.2,50.3
05/30/2026,05:33:08,22.1,50.3
05/30/2026,05:38:08,22.1,50.3
05/30/2026,05:43:08,22.1,50.3
05/30/2026,05:48:08,22.1,50.2
05/30/2026,05:53:08,22.1,50.2
05/30/2026,05:58:08,22.1,50.2
05/30/2026,06:03:08,22.1,50.2
05/30/2026,06:08:08,22.1,50.2
05/30/2026,06:13:08,22.1,50.2
05/30/2026,06:18:08,22.1,50.1
05/30/2026,06:23:08,22,50.1
05/30/2026,06:28:08,22,50.1
05/30/2026,06:33:08,22,50.1
05/30/2026,06:38:08,22,50.2
05/30/2026,06:43:08,22,50.2
05/30/2026,06:48:08,22,50.2
05/30/2026,06:53:08,22,50.2
05/30/2026,06:58:08,22,50.2
05/30/2026,07:03:08,22,50.2
05/30/2026,07:08:08,22,50.2
05/30/2026,07:13:08,22,50.2
05/30/2026,07:18:08,22,50.3
05/30/2026,07:23:08,22,50.2
05/30/2026,07:28:08,22,50.3
05/30/2026,07:33:08,22,50.3
05/30/2026,07:38:08,22,50.3
05/30/2026,07:43:08,22,50.3
05/30/2026,07:48:08,22,50.3
05/30/2026,07:53:08,22,50.4
05/30/2026,07:58:08,22,50.4
05/30/2026,08:03:08,22,50.4
05/30/2026,08:08:08,22,50.5
05/30/2026,08:13:08,22,50.4
05/30/2026,08:18:08,22,50.5
05/30/2026,08:23:08,22,50.6
05/30/2026,08:28:08,22,50.6
05/30/2026,08:33:08,22,50.7
05/30/2026,08:38:08,22,50.7
05/30/2026,08:43:08,22,50.7
05/30/2026,08:48:08,22,50.7
05/30/2026,08:53:08,22,50.8
05/30/2026,08:58:08,22,50.8
05/30/2026,09:03:08,22,50.9
05/30/2026,09:08:08,22,50.9
05/30/2026,09:13:08,22,50.9
05/30/2026,09:18:08,22,50.9
05/30/2026,09:23:08,22,51
05/30/2026,09:28:08,22,51.1
05/30/2026,09:33:08,22,51.2
05/30/2026,09:38:08,22.1,51.5
05/30/2026,09:43:08,22.1,51.6
05/30/2026,09:48:08,22.1,51.7
05/30/2026,09:53:08,22.1,51.8
05/30/2026,09:58:08,22.2,52
05/30/2026,10:03:08,22.2,52.1
05/30/2026,10:08:08,22.2,52.2
05/30/2026,10:13:08,22.2,52.2
05/30/2026,10:18:08,22.2,52.2
05/30/2026,10:23:08,22.2,52.1
05/30/2026,10:28:08,22.3,52.1
05/30/2026,10:33:08,22.3,52
05/30/2026,10:38:08,22.3,52
05/30/2026,10:43:08,22.3,51.9
05/30/2026,10:48:08,22.2,51.9
05/30/2026,10:53:08,22.3,52
05/30/2026,10:58:08,22.3,51.9
05/30/2026,11:03:08,22.3,52
05/30/2026,11:08:08,22.2,52
05/30/2026,11:13:08,22.2,52
05/30/2026,11:18:08,22.3,51.9
05/30/2026,11:23:08,22.3,52
05/30/2026,11:28:08,22.3,51.9
05/30/2026,11:33:08,22.3,51.8
05/30/2026,11:38:08,22.3,51.8
05/30/2026,11:43:08,22.2,51.8
05/30/2026,11:48:08,22.3,51.8
05/30/2026,11:53:08,22.2,51.8
05/30/2026,11:58:08,22.2,51.8
05/30/2026,12:03:08,22.3,51.8
05/30/2026,12:08:08,22.3,51.8
05/30/2026,12:13:08,22.3,51.9
05/30/2026,12:18:08,22.3,52
05/30/2026,12:23:08,22.3,52
05/30/2026,12:28:08,22.3,52
05/30/2026,12:33:08,22.3,52
05/30/2026,12:38:08,22.3,52.1
05/30/2026,12:43:08,22.3,52.1
05/30/2026,12:48:08,22.3,52.2
05/30/2026,12:53:08,22.3,52.2
05/30/2026,12:58:08,22.3,52.3
05/30/2026,13:03:08,22.3,52.3
05/30/2026,13:08:08,22.3,52.4
05/30/2026,13:13:08,22.3,52.4
05/30/2026,13:18:08,22.3,52.5
05/30/2026,13:23:08,22.3,52.5
05/30/2026,13:28:08,22.3,52.6
05/30/2026,13:33:08,22.3,52.7
05/30/2026,13:38:08,22.4,52.7
05/30/2026,13:43:08,22.4,52.8
05/30/2026,13:48:08,22.4,52.8
05/30/2026,13:53:08,22.4,52.9
05/30/2026,13:58:08,22.4,53
05/30/2026,14:03:08,22.4,53.2
05/30/2026,14:08:08,22.4,53.3
05/30/2026,14:13:08,22.4,53.4
05/30/2026,14:18:08,22.5,53.5
05/30/2026,14:23:08,22.5,53.6
05/30/2026,14:28:08,22.5,53.7
05/30/2026,14:33:08,22.5,53.8
05/30/2026,14:38:08,22.5,53.9
05/30/2026,14:43:08,22.6,54
05/30/2026,14:48:08,22.6,54
05/30/2026,14:53:08,22.6,54
05/30/2026,14:58:08,22.6,54
05/30/2026,15:03:08,22.6,54.1
05/30/2026,15:08:08,22.7,54.1
05/30/2026,15:13:08,22.7,54.2
05/30/2026,15:18:08,22.7,54.2
05/30/2026,15:23:08,22.8,54.2
05/30/2026,15:28:08,22.8,54.2
05/30/2026,15:33:08,22.8,54.2
05/30/2026,15:38:08,22.8,54.2
05/30/2026,15:43:08,22.8,54.3
05/30/2026,15:48:08,22.9,54.2
05/30/2026,15:53:08,22.9,54.3
05/30/2026,15:58:08,22.9,54.2
05/30/2026,16:03:08,22.9,54.3
05/30/2026,16:08:08,22.9,54.4
05/30/2026,16:13:08,23,54.4
05/30/2026,16:18:08,23,54.5
05/30/2026,16:23:08,23,54.5
05/30/2026,16:28:08,23,54.5
05/30/2026,16:33:08,23.1,54.6
05/30/2026,16:38:08,23.1,54.6
05/30/2026,16:43:08,23.1,54.6
05/30/2026,16:48:08,23.1,54.5
05/30/2026,16:53:08,23.2,54.5
05/30/2026,16:58:08,23.1,54.5
05/30/2026,17:03:08,23.2,54.6
05/30/2026,17:08:08,23.1,54.7
05/30/2026,17:13:08,23.2,54.8
05/30/2026,17:18:08,23.2,54.7
05/30/2026,17:23:08,23.2,54.8
05/30/2026,17:28:08,23.2,54.7
05/30/2026,17:33:08,23.2,54.5
05/30/2026,17:38:08,23.2,54.4
05/30/2026,17:43:08,23.3,54.2
05/30/2026,17:48:08,23.3,54
05/30/2026,17:53:08,23.3,53.9
05/30/2026,17:58:08,23.3,53.8
05/30/2026,18:03:08,23.4,53.7
05/30/2026,18:08:08,23.3,53.7
05/30/2026,18:13:08,23.4,54.1
05/30/2026,18:18:08,23.5,54.3
05/30/2026,18:23:08,23.5,54.4
05/30/2026,18:28:08,23.6,54
05/30/2026,18:33:08,23.6,54.2
05/30/2026,18:38:08,23.7,54.1
05/30/2026,18:43:08,23.7,54.2
05/30/2026,18:48:08,23.8,54.4
05/30/2026,18:53:08,23.8,54.8
05/30/2026,18:58:08,23.9,55.5
05/30/2026,19:03:08,23.9,54.8
05/30/2026,19:08:08,23.9,54.7
05/30/2026,19:13:08,23.9,54.7
05/30/2026,19:18:08,23.8,54.5
05/30/2026,19:23:08,23.8,54.3
05/30/2026,19:28:08,23.8,54.3
05/30/2026,19:33:08,23.8,54.4
05/30/2026,19:38:08,23.8,55.1
05/30/2026,19:43:08,23.8,55.4
05/30/2026,19:48:08,23.8,55.2
05/30/2026,19:53:08,23.8,55.1
05/30/2026,19:58:08,23.7,55.1
05/30/2026,20:03:08,23.7,55.2
05/30/2026,20:08:08,23.8,55.2
05/30/2026,20:13:08,23.8,55.4
05/30/2026,20:18:08,23.8,55.2
05/30/2026,20:23:08,23.7,55.1
05/30/2026,20:28:08,23.7,55.1
05/30/2026,20:33:08,23.7,55.1
05/30/2026,20:38:08,23.7,55
05/30/2026,20:43:08,23.7,55
05/30/2026,20:48:08,23.7,55
05/30/2026,20:53:08,23.6,55
05/30/2026,20:58:08,23.6,54.9
05/30/2026,21:03:08,23.6,54.8
05/30/2026,21:08:08,23.6,54.8
05/30/2026,21:13:08,23.6,54.7
05/30/2026,21:18:08,23.6,54.6
05/30/2026,21:23:08,23.6,54.6
05/30/2026,21:28:08,23.6,54.5
05/30/2026,21:33:08,23.5,54.4
05/30/2026,21:38:08,23.5,54.4
05/30/2026,21:43:08,23.6,54.4
05/30/2026,21:48:08,23.5,54.4
05/30/2026,21:53:08,23.5,54.3
05/30/2026,21:58:08,23.5,54.3
05/30/2026,22:03:08,23.5,54.2
05/30/2026,22:08:08,23.5,54.2
05/30/2026,22:13:08,23.4,54.2
05/30/2026,22:18:08,23.5,54.1
05/30/2026,22:23:08,23.5,54.1
05/30/2026,22:28:08,23.4,54.1
05/30/2026,22:33:08,23.4,54.1
05/30/2026,22:38:08,23.4,54
05/30/2026,22:43:08,23.4,54
05/30/2026,22:48:08,23.4,54
05/30/2026,22:53:08,23.4,53.9
05/30/2026,22:58:08,23.4,53.9
05/30/2026,23:03:08,23.3,53.9
05/30/2026,23:08:08,23.3,53.9
05/30/2026,23:13:08,23.3,53.8
05/30/2026,23:18:08,23.4,53.8
05/30/2026,23:23:08,23.3,53.8
05/30/2026,23:28:08,23.3,53.7
05/30/2026,23:33:08,23.3,53.7
05/30/2026,23:38:08,23.3,53.7
05/30/2026,23:43:08,23.3,53.6
05/30/2026,23:48:08,23.3,53.6
05/30/2026,23:53:08,23.3,53.6
05/30/2026,23:58:08,23.3,53.6
05/31/2026,00:03:08,23.3,53.6
05/31/2026,00:08:08,23.3,53.6
05/31/2026,00:13:08,23.3,53.5
05/31/2026,00:18:08,23.2,53.5
05/31/2026,00:23:08,23.2,53.5
05/31/2026,00:28:08,23.2,53.5
05/31/2026,00:33:08,23.2,53.4
05/31/2026,00:38:08,23.2,53.5
05/31/2026,00:43:08,23.2,53.5
05/31/2026,00:48:08,23.2,53.4
05/31/2026,00:53:08,23.2,53.4
05/31/2026,00:58:08,23.2,53.4
05/31/2026,01:03:08,23.2,53.4
05/31/2026,01:08:08,23.2,53.3
05/31/2026,01:13:08,23.2,53.3
05/31/2026,01:18:08,23.1,53.3
05/31/2026,01:23:08,23.1,53.3
05/31/2026,01:28:08,23.1,53.2
05/31/2026,01:33:08,23.1,53.2
05/31/2026,01:38:08,23.1,53.2
05/31/2026,01:43:08,23.1,53.2
05/31/2026,01:48:08,23.1,53.2
05/31/2026,01:53:08,23.1,53.1
05/31/2026,01:58:08,23.1,53.1
05/31/2026,02:03:08,23.1,53.1
05/31/2026,02:08:08,23.1,53
05/31/2026,02:13:08,23,53
05/31/2026,02:18:08,23,52.9
05/31/2026,02:23:08,23,52.9
05/31/2026,02:28:08,23,52.8
05/31/2026,02:33:08,23,52.8
05/31/2026,02:38:08,23,52.8
05/31/2026,02:43:08,23,52.8
05/31/2026,02:48:08,23,52.7
05/31/2026,02:53:08,22.9,52.6
05/31/2026,02:58:08,23,52.6
05/31/2026,03:03:08,23,52.5
05/31/2026,03:08:08,22.9,52.5
05/31/2026,03:13:08,22.9,52.5
05/31/2026,03:18:08,22.9,52.4
05/31/2026,03:23:08,22.9,52.4
05/31/2026,03:28:08,22.9,52.3
05/31/2026,03:33:08,22.9,52.3
05/31/2026,03:38:08,22.8,52.2
05/31/2026,03:43:08,22.8,52.2
05/31/2026,03:48:08,22.8,52.2
05/31/2026,03:53:08,22.8,52.1
05/31/2026,03:58:08,22.8,52
05/31/2026,04:03:08,22.8,52
05/31/2026,04:08:08,22.8,51.9
05/31/2026,04:13:08,22.7,52
05/31/2026,04:18:08,22.7,51.9
05/31/2026,04:23:08,22.7,51.8
05/31/2026,04:28:08,22.7,51.8
05/31/2026,04:33:08,22.7,51.8
05/31/2026,04:38:08,22.7,51.8
05/31/2026,04:43:08,22.7,51.7
05/31/2026,04:48:08,22.7,51.7
05/31/2026,04:53:08,22.7,51.7
05/31/2026,04:58:08,22.6,51.7
05/31/2026,05:03:08,22.6,51.7
05/31/2026,05:08:08,22.6,51.6
05/31/2026,05:13:08,22.6,51.6
05/31/2026,05:18:08,22.6,51.6
05/31/2026,05:23:08,22.6,51.6
05/31/2026,05:28:08,22.6,51.5
05/31/2026,05:33:08,22.5,51.5
05/31/2026,05:38:08,22.5,51.5
05/31/2026,05:43:08,22.5,51.4
05/31/2026,05:48:08,22.5,51.5
05/31/2026,05:53:08,22.5,51.5
05/31/2026,05:58:08,22.5,51.4
05/31/2026,06:03:08,22.5,51.4
05/31/2026,06:08:08,22.5,51.4
05/31/2026,06:13:08,22.5,51.4
05/31/2026,06:18:08,22.5,51.4
05/31/2026,06:23:08,22.5,51.4
05/31/2026,06:28:08,22.5,51.5
05/31/2026,06:33:08,22.4,51.4
05/31/2026,06:38:08,22.5,51.4
05/31/2026,06:43:08,22.4,51.4
05/31/2026,06:48:08,22.5,51.3
05/31/2026,06:53:08,22.5,51.3
05/31/2026,06:58:08,22.5,51.3
05/31/2026,07:03:08,22.4,51.4
05/31/2026,07:08:08,22.5,51.3
05/31/2026,07:13:08,22.5,51.3
05/31/2026,07:18:08,22.5,51.3
05/31/2026,07:23:08,22.5,51.3
05/31/2026,07:28:08,22.4,51.3
05/31/2026,07:33:08,22.5,51.2
05/31/2026,07:38:08,22.4,51.2
05/31/2026,07:43:08,22.4,51.2
05/31/2026,07:48:08,22.4,51.3
05/31/2026,07:53:08,22.4,51.5
05/31/2026,07:58:08,22.4,51.5
05/31/2026,08:03:08,22.4,51.7
05/31/2026,08:08:08,22.4,51.7
05/31/2026,08:13:08,22.4,51.9
05/31/2026,08:18:08,22.4,51.9
05/31/2026,08:23:08,22.5,52.1
05/31/2026,08:28:08,22.5,52.3
05/31/2026,08:33:08,22.5,52.5
05/31/2026,08:38:08,22.5,52.5
05/31/2026,08:43:08,22.6,52.7
05/31/2026,08:48:08,22.6,53
05/31/2026,08:53:08,22.6,53.3
05/31/2026,08:58:08,22.7,53.2
05/31/2026,09:03:08,22.7,53
05/31/2026,09:08:08,22.7,52.7
05/31/2026,09:13:08,22.6,52.5
05/31/2026,09:18:08,22.6,52.5
05/31/2026,09:23:08,22.6,52.5
05/31/2026,09:28:08,22.6,52.7
05/31/2026,09:33:08,22.6,52.7
05/31/2026,09:38:08,22.6,52.9
05/31/2026,09:43:08,22.6,52.8
05/31/2026,09:48:08,22.6,52.8
05/31/2026,09:53:08,22.6,52.6
05/31/2026,09:58:08,22.7,52.9
05/31/2026,10:03:08,22.7,52.9
05/31/2026,10:08:08,22.7,52.7
05/31/2026,10:13:08,22.7,53
05/31/2026,10:18:08,22.8,52.9
05/31/2026,10:23:08,22.8,53.2
05/31/2026,10:28:08,22.8,53.5
05/31/2026,10:33:08,22.8,53.8
05/31/2026,10:38:08,22.9,54.1
05/31/2026,10:43:08,22.9,54.1
05/31/2026,10:48:08,23,54.1
05/31/2026,10:53:08,23,54.1
05/31/2026,10:58:08,23,53.9
05/31/2026,11:03:08,23,53.6
05/31/2026,11:08:08,23,53.3
05/31/2026,11:13:08,23,53.2
05/31/2026,11:18:08,23,53.3
05/31/2026,11:23:08,23,53.5
05/31/2026,11:28:08,23,53.6
05/31/2026,11:33:08,23,54.1
05/31/2026,11:38:08,23.1,54.1
05/31/2026,11:43:08,23.1,53.9
05/31/2026,11:48:08,23.1,54
05/31/2026,11:53:08,23.1,54.1
05/31/2026,11:58:08,23.2,54.2
05/31/2026,12:03:08,23.2,54.4
05/31/2026,12:08:08,23.2,54.6
05/31/2026,12:13:08,23.3,54.7
05/31/2026,12:18:08,23.3,54.8
05/31/2026,12:23:08,23.4,55.5
05/31/2026,12:28:08,23.4,55.1
05/31/2026,12:33:08,23.4,54.1
05/31/2026,12:38:08,23.4,53.6
05/31/2026,12:43:08,23.4,53.3
05/31/2026,12:48:08,23.3,52.9
05/31/2026,12:53:08,23.3,52.8
05/31/2026,12:58:08,23.2,53.2
05/31/2026,13:03:08,23.2,53.1
05/31/2026,13:08:08,23.2,53.1
05/31/2026,13:13:08,23.2,53
05/31/2026,13:18:08,23.2,52.9
05/31/2026,13:23:08,23.2,52.8
05/31/2026,13:28:08,23.2,52.7
05/31/2026,13:33:08,23.2,52.7
05/31/2026,13:38:08,23.2,52.4
05/31/2026,13:43:08,23.1,52.2
05/31/2026,13:48:08,23.1,52.1
05/31/2026,13:53:08,23.1,51.9
05/31/2026,13:58:08,23.1,51.8
05/31/2026,14:03:08,23.1,51.9
05/31/2026,14:08:08,23.1,51.8
05/31/2026,14:13:08,23.1,51.6
05/31/2026,14:18:08,23.1,51.7
05/31/2026,14:23:08,23.1,51.7
05/31/2026,14:28:08,23.1,51.6
05/31/2026,14:33:08,23,51.8
05/31/2026,14:38:08,23,51.9
05/31/2026,14:43:08,23.1,51.9
05/31/2026,14:48:08,23.1,51.9
05/31/2026,14:53:08,23.1,51.7
05/31/2026,14:58:08,23,51.6
05/31/2026,15:03:08,23.1,51.8
05/31/2026,15:08:08,23.1,51.7
05/31/2026,15:13:08,23.1,51.6
05/31/2026,15:18:08,23.1,51.3
05/31/2026,15:23:08,23.1,51
05/31/2026,15:28:08,23.1,50.8
05/31/2026,15:33:08,23.1,50.6
05/31/2026,15:38:08,23.1,50.5
05/31/2026,15:43:08,23.1,50.4
05/31/2026,15:48:08,23,50.5
05/31/2026,15:53:08,23.1,50.3
05/31/2026,15:58:08,23.1,50.2
05/31/2026,16:03:08,23.1,50.4
05/31/2026,16:08:08,23.1,50.4
05/31/2026,16:13:08,23.1,50.3
05/31/2026,16:18:08,23.1,50.3
05/31/2026,16:23:08,23.1,50.2
05/31/2026,16:28:08,23.1,50.3
05/31/2026,16:33:08,23.1,50.2
05/31/2026,16:38:08,23.1,50.1
05/31/2026,16:43:08,23.1,50.2
05/31/2026,16:48:08,23.2,50.3
05/31/2026,16:53:08,23.2,50
05/31/2026,16:58:08,23.2,49.7
05/31/2026,17:03:08,23.2,48.9
05/31/2026,17:08:08,23.2,48.7
05/31/2026,17:13:08,23.2,48.1
05/31/2026,17:18:08,23.2,47.7
05/31/2026,17:23:08,23.2,47
05/31/2026,17:28:08,23.1,47
05/31/2026,17:33:08,23.1,47.3
05/31/2026,17:38:08,23.1,47.2
05/31/2026,17:43:08,23.1,46.6
05/31/2026,17:48:08,23.1,46.9
05/31/2026,17:53:08,23.1,47
05/31/2026,17:58:08,23.1,47.1
05/31/2026,18:03:08,23.1,46.6
05/31/2026,18:08:08,23.1,47.5
05/31/2026,18:13:08,23.1,47.1
05/31/2026,18:18:08,23.1,46.7
05/31/2026,18:23:08,23,47.3
05/31/2026,18:28:08,23,47.8
05/31/2026,18:33:08,23.1,47.9
05/31/2026,18:38:08,23.1,47.9
05/31/2026,18:43:08,23,47.9
05/31/2026,18:48:08,23,47.8
05/31/2026,18:53:08,23,47.7
05/31/2026,18:58:08,23,47.6
05/31/2026,19:03:08,23,47.5
05/31/2026,19:08:08,23,47.4
05/31/2026,19:13:08,23,47.4
05/31/2026,19:18:08,23,47.3
05/31/2026,19:23:08,23,47.3
05/31/2026,19:28:08,23,47.3
05/31/2026,19:33:08,23,47.3
05/31/2026,19:38:08,23,47.3
05/31/2026,19:43:08,23,47.2
05/31/2026,19:48:08,23,47.2
05/31/2026,19:53:08,22.9,47.3
05/31/2026,19:58:08,22.9,47.2
05/31/2026,20:03:08,22.9,47.3
05/31/2026,20:08:08,22.9,47.2
05/31/2026,20:13:08,22.9,47.2
05/31/2026,20:18:08,22.9,47.2
05/31/2026,20:23:08,22.9,47.2
05/31/2026,20:28:08,22.9,47.3
05/31/2026,20:33:08,22.9,47.4
05/31/2026,20:38:08,22.9,47.4
05/31/2026,20:43:08,22.8,47.5
05/31/2026,20:48:08,22.8,47.6
05/31/2026,20:53:08,22.8,47.7
05/31/2026,20:58:08,22.8,47.8
05/31/2026,21:03:08,22.8,47.8
05/31/2026,21:08:08,22.8,47.9
05/31/2026,21:13:08,22.8,48
05/31/2026,21:18:08,22.7,48
05/31/2026,21:23:08,22.7,48.1
05/31/2026,21:28:08,22.7,48.1
05/31/2026,21:33:08,22.7,48.2
05/31/2026,21:38:08,22.7,48.2
05/31/2026,21:43:08,22.7,48.3
05/31/2026,21:48:08,22.7,48.4
05/31/2026,21:53:08,22.6,48.4
05/31/2026,21:58:08,22.6,48.5
05/31/2026,22:03:08,22.7,48.5
05/31/2026,22:08:08,22.6,48.6
05/31/2026,22:13:08,22.6,48.7
05/31/2026,22:18:08,22.6,48.7
05/31/2026,22:23:08,22.6,48.8
05/31/2026,22:28:08,22.6,48.8
05/31/2026,22:33:08,22.5,48.9
05/31/2026,22:38:08,22.5,49
05/31/2026,22:43:08,22.5,49
05/31/2026,22:48:08,22.5,49.1
05/31/2026,22:53:08,22.5,49.2
05/31/2026,22:58:08,22.5,49.2
05/31/2026,23:03:08,22.5,49.3
05/31/2026,23:08:08,22.5,49.4
05/31/2026,23:13:08,22.5,49.4
05/31/2026,23:18:08,22.5,49.4
05/31/2026,23:23:08,22.4,49.4
05/31/2026,23:28:08,22.4,49.4
05/31/2026,23:33:08,22.4,49.4
05/31/2026,23:38:08,22.4,49.3
05/31/2026,23:43:08,22.4,49.4
05/31/2026,23:48:08,22.4,49.5
05/31/2026,23:53:08,22.4,49.5
05/31/2026,23:58:08,22.4,49.7
