Date,Time,Temperature(C),Humidity(%RH)
05/01/2026,00:04:46,17.1,37.4
05/01/2026,00:09:46,17.1,37.5
05/01/2026,00:14:46,17,37.6
05/01/2026,00:19:46,17,37.7
05/01/2026,00:24:46,17,37.8
05/01/2026,00:29:46,17,38
05/01/2026,00:34:46,17,38
05/01/2026,00:39:46,16.9,38.2
05/01/2026,00:44:46,16.9,38.3
05/01/2026,00:49:46,16.9,38.3
05/01/2026,00:54:46,16.9,38.4
05/01/2026,00:59:46,16.9,38.5
05/01/2026,01:04:46,16.8,38.5
05/01/2026,01:09:46,16.8,38.5
05/01/2026,01:14:46,16.8,38.6
05/01/2026,01:19:46,16.8,38.6
05/01/2026,01:24:46,16.8,38.6
05/01/2026,01:29:46,16.8,38.7
05/01/2026,01:34:46,16.8,38.8
05/01/2026,01:39:46,16.8,38.9
05/01/2026,01:44:46,16.8,38.9
05/01/2026,01:49:46,16.7,39
05/01/2026,01:54:46,16.7,39
05/01/2026,01:59:46,16.7,39.1
05/01/2026,02:04:46,16.7,39.2
05/01/2026,02:09:46,16.7,39.3
05/01/2026,02:14:46,16.7,39.4
05/01/2026,02:19:46,16.7,39.5
05/01/2026,02:24:46,16.7,39.6
05/01/2026,02:29:46,16.7,39.7
05/01/2026,02:34:46,16.6,39.8
05/01/2026,02:39:46,16.6,39.9
05/01/2026,02:44:46,16.6,40
05/01/2026,02:49:46,16.6,40.1
05/01/2026,02:54:46,16.6,40.1
05/01/2026,02:59:46,16.6,40.2
05/01/2026,03:04:46,16.6,40.3
05/01/2026,03:09:46,16.6,40.4
05/01/2026,03:14:46,16.5,40.5
05/01/2026,03:19:46,16.5,40.6
05/01/2026,03:24:46,16.5,40.6
05/01/2026,03:29:46,16.5,40.7
05/01/2026,03:34:46,16.5,40.8
05/01/2026,03:39:46,16.5,40.8
05/01/2026,03:44:46,16.4,40.9
05/01/2026,03:49:46,16.4,41
05/01/2026,03:54:46,16.4,41
05/01/2026,03:59:46,16.4,41
05/01/2026,04:04:46,16.4,41.1
05/01/2026,04:09:46,16.4,41.2
05/01/2026,04:14:46,16.3,41.2
05/01/2026,04:19:46,16.3,41.3
05/01/2026,04:24:46,16.3,41.4
05/01/2026,04:29:46,16.3,41.5
05/01/2026,04:34:46,16.3,41.6
05/01/2026,04:39:46,16.3,41.7
05/01/2026,04:44:46,16.2,41.8
05/01/2026,04:49:46,16.2,41.9
05/01/2026,04:54:46,16.2,41.9
05/01/2026,04:59:46,16.2,42
05/01/2026,05:04:46,16.2,42
05/01/2026,05:09:46,16.1,42.1
05/01/2026,05:14:46,16.1,42
05/01/2026,05:19:46,16.1,42
05/01/2026,05:24:46,16.1,42
05/01/2026,05:29:46,16.1,41.9
05/01/2026,05:34:46,16.1,41.8
05/01/2026,05:39:46,16.1,41.8
05/01/2026,05:44:46,16,41.7
05/01/2026,05:49:46,16,41.7
05/01/2026,05:54:46,16,41.7
05/01/2026,05:59:46,16,41.7
05/01/2026,06:04:46,16,41.7
05/01/2026,06:09:46,16,41.7
05/01/2026,06:14:46,15.9,41.7
05/01/2026,06:19:46,15.9,41.8
05/01/2026,06:24:46,15.9,41.8
05/01/2026,06:29:46,15.9,41.9
05/01/2026,06:34:46,16,41.9
05/01/2026,06:39:46,15.9,41.9
05/01/2026,06:44:46,15.9,41.9
05/01/2026,06:49:46,15.9,41.9
05/01/2026,06:54:46,16,41.9
05/01/2026,06:59:46,16,42
05/01/2026,07:04:46,16,42.1
05/01/2026,07:09:46,16,42.2
05/01/2026,07:14:46,16,42.3
05/01/2026,07:19:46,16.1,42.3
05/01/2026,07:24:46,16.1,42.4
05/01/2026,07:29:46,16.1,42.4
05/01/2026,07:34:46,16.1,42.4
05/01/2026,07:39:46,16.1,42.3
05/01/2026,07:44:46,16.2,42.4
05/01/2026,07:49:46,16.2,42.4
05/01/2026,07:54:46,16.2,42.5
05/01/2026,07:59:46,16.3,42.4
05/01/2026,08:04:46,16.3,42.4
05/01/2026,08:09:46,16.3,42.4
05/01/2026,08:14:46,16.3,42.5
05/01/2026,08:19:46,16.3,42.6
05/01/2026,08:24:46,16.4,42.6
05/01/2026,08:29:46,16.4,42.7
05/01/2026,08:34:46,16.4,42.8
05/01/2026,08:39:46,16.5,42.9
05/01/2026,08:44:46,16.5,42.9
05/01/2026,08:49:46,16.5,42.9
05/01/2026,08:54:46,16.6,43
05/01/2026,08:59:46,16.6,43.1
05/01/2026,09:04:46,16.7,43.3
05/01/2026,09:09:46,16.7,43.3
05/01/2026,09:14:46,16.7,43.4
05/01/2026,09:19:46,16.8,43.5
05/01/2026,09:24:46,16.8,43.4
05/01/2026,09:29:46,16.8,43.5
05/01/2026,09:34:46,16.9,43.6
05/01/2026,09:39:46,16.9,43.6
05/01/2026,09:44:46,17,43.6
05/01/2026,09:49:46,17,43.6
05/01/2026,09:54:46,17,43.5
05/01/2026,09:59:46,17.1,43.5
05/01/2026,10:04:46,17.1,43.5
05/01/2026,10:09:46,17.2,43.5
05/01/2026,10:14:46,17.2,43.5
05/01/2026,10:19:46,17.3,43.5
05/01/2026,10:24:46,17.3,43.4
05/01/2026,10:29:46,17.4,43.3
05/01/2026,10:34:46,17.4,43.3
05/01/2026,10:39:46,17.4,43.3
05/01/2026,10:44:46,17.4,43.3
05/01/2026,10:49:46,17.5,43.3
05/01/2026,10:54:46,17.5,43.4
05/01/2026,10:59:46,17.5,43.4
05/01/2026,11:04:46,17.6,43.4
05/01/2026,11:09:46,17.6,43.3
05/01/2026,11:14:46,17.7,43.3
05/01/2026,11:19:46,17.7,43.2
05/01/2026,11:24:46,17.7,43.2
05/01/2026,11:29:46,17.8,43.2
05/01/2026,11:34:46,17.8,43.3
05/01/2026,11:39:46,17.8,43.2
05/01/2026,11:44:46,17.9,43
05/01/2026,11:49:46,17.9,42.7
05/01/2026,11:54:46,18,42.6
05/01/2026,11:59:46,18,42.4
05/01/2026,12:04:46,18.1,42.1
05/01/2026,12:09:46,18.2,42
05/01/2026,12:14:46,18.2,42
05/01/2026,12:19:46,18.2,41.7
05/01/2026,12:24:46,18.3,41.5
05/01/2026,12:29:46,18.4,41.4
05/01/2026,12:34:46,18.4,41.3
05/01/2026,12:39:46,18.5,41.4
05/01/2026,12:44:46,18.6,41.3
05/01/2026,12:49:46,18.6,41.2
05/01/2026,12:54:46,18.7,41.3
05/01/2026,12:59:46,18.8,41.3
05/01/2026,13:04:46,18.8,41.3
05/01/2026,13:09:46,18.9,41.3
05/01/2026,13:14:46,19,41.3
05/01/2026,13:19:46,19.1,41.5
05/01/2026,13:24:46,19.2,41.5
05/01/2026,13:29:46,19.2,41.5
05/01/2026,13:34:46,19.2,41.4
05/01/2026,13:39:46,19.3,41.4
05/01/2026,13:44:46,19.3,41.4
05/01/2026,13:49:46,19.3,41.3
05/01/2026,13:54:46,19.4,41.3
05/01/2026,13:59:46,19.4,41.3
05/01/2026,14:04:46,19.5,41.4
05/01/2026,14:09:46,19.5,41.3
05/01/2026,14:14:46,19.6,41.3
05/01/2026,14:19:46,19.6,41.3
05/01/2026,14:24:46,19.7,41.3
05/01/2026,14:29:46,19.8,41.3
05/01/2026,14:34:46,19.8,41.3
05/01/2026,14:39:46,19.9,41.3
05/01/2026,14:44:46,21.5,42.7
05/01/2026,14:49:46,22.4,39.7
05/01/2026,14:58:21,23,43.5
05/01/2026,15:03:21,23.7,38.9
05/01/2026,15:08:21,22.5,38.1
05/01/2026,15:13:21,21.8,39.1
05/01/2026,15:18:21,21.4,39.6
05/01/2026,15:23:21,21.1,40
05/01/2026,15:28:21,21,40.5
05/01/2026,15:33:21,20.9,40.7
05/01/2026,15:38:21,20.8,41
05/01/2026,15:43:21,20.8,41.2
05/01/2026,15:48:21,20.8,41.5
05/01/2026,15:53:21,20.8,41.6
05/01/2026,15:58:21,20.8,41.5
05/01/2026,16:03:21,20.8,41.7
05/01/2026,16:08:21,20.8,42.1
05/01/2026,16:13:21,20.8,41.8
05/01/2026,16:18:21,20.8,41.8
05/01/2026,16:23:21,20.8,41.8
05/01/2026,16:28:21,20.8,41.8
05/01/2026,16:33:21,20.8,41.9
05/01/2026,16:38:21,20.8,41.9
05/01/2026,16:43:21,20.9,42.1
05/01/2026,16:48:21,20.9,42.1
05/01/2026,16:53:21,20.9,42.2
05/01/2026,16:58:21,20.9,42.2
05/01/2026,17:03:21,21,42.3
05/01/2026,17:08:21,21,42.3
05/01/2026,17:13:21,21,42.3
05/01/2026,17:18:21,21.1,42.4
05/01/2026,17:23:21,21.1,42.5
05/01/2026,17:28:21,21.1,42.5
05/01/2026,17:33:21,21.1,42.5
05/01/2026,17:38:21,21.2,42.5
05/01/2026,17:43:21,21.2,42.5
05/01/2026,17:48:21,21.2,42.6
05/01/2026,17:53:21,21.2,42.6
05/01/2026,17:58:21,21.3,42.7
05/01/2026,18:03:21,21.3,42.7
05/01/2026,18:08:21,21.3,42.7
05/01/2026,18:13:21,21.4,42.6
05/01/2026,18:18:21,21.4,42.6
05/01/2026,18:23:21,21.5,42.5
05/01/2026,18:28:21,21.4,42.6
05/01/2026,18:33:21,21.4,42.7
05/01/2026,18:38:21,21.4,42.8
05/01/2026,18:43:21,21.4,42.8
05/01/2026,18:48:21,21.4,42.9
05/01/2026,18:53:21,21.4,43.1
05/01/2026,18:58:21,21.4,43.3
05/01/2026,19:03:21,21.4,43.5
05/01/2026,19:08:21,21.4,43.8
05/01/2026,19:13:21,21.5,44.3
05/01/2026,19:18:21,21.5,44.6
05/01/2026,19:23:21,21.5,44.9
05/01/2026,19:28:21,21.6,45.1
05/01/2026,19:33:21,21.6,45.3
05/01/2026,19:38:21,21.7,45.6
05/01/2026,19:43:21,21.8,45.8
05/01/2026,19:48:21,21.8,46
05/01/2026,19:53:21,21.9,46.1
05/01/2026,19:58:21,21.9,46.3
05/01/2026,20:03:21,21.9,46.4
05/01/2026,20:08:21,22,46.3
05/01/2026,20:13:21,22,46.3
05/01/2026,20:18:21,22,46.3
05/01/2026,20:23:21,22,46.2
05/01/2026,20:28:21,22.1,46.3
05/01/2026,20:33:21,22.1,46.2
05/01/2026,20:38:21,22.1,46.4
05/01/2026,20:43:21,22.1,46.6
05/01/2026,20:48:21,22.1,46.8
05/01/2026,20:53:21,22.1,46.8
05/01/2026,20:58:21,22.1,46.9
05/01/2026,21:03:21,22,46.9
05/01/2026,21:08:21,22,47
05/01/2026,21:13:21,22,47.2
05/01/2026,21:18:21,22,47.2
05/01/2026,21:23:21,21.9,47.5
05/01/2026,21:28:21,21.9,47.9
05/01/2026,21:33:21,21.9,48
05/01/2026,21:38:21,21.8,48.1
05/01/2026,21:43:21,21.8,47.8
05/01/2026,21:48:21,21.8,47.6
05/01/2026,21:53:21,21.7,48.1
05/01/2026,21:58:21,21.7,48.3
05/01/2026,22:03:21,21.7,48.4
05/01/2026,22:08:21,21.7,48.6
05/01/2026,22:13:21,21.6,49
05/01/2026,22:18:21,21.6,48.9
05/01/2026,22:23:21,21.6,49
05/01/2026,22:28:21,21.5,49.5
05/01/2026,22:33:21,21.5,49.7
05/01/2026,22:38:21,21.5,49.5
05/01/2026,22:43:21,21.5,49.9
05/01/2026,22:48:21,21.5,50
05/01/2026,22:53:21,21.5,50
05/01/2026,22:58:21,21.4,49.5
05/01/2026,23:03:21,21.4,49.9
05/01/2026,23:08:21,21.4,50.1
05/01/2026,23:13:21,21.4,50.2
05/01/2026,23:18:21,21.3,50.1
05/01/2026,23:23:21,21.3,49.9
05/01/2026,23:28:21,21.3,50
05/01/2026,23:33:21,21.3,50.1
05/01/2026,23:38:21,21.3,50.2
05/01/2026,23:43:21,21.2,50.2
05/01/2026,23:48:21,21.2,50.3
05/01/2026,23:53:21,21.2,50.3
05/01/2026,23:58:21,21.2,50.4
05/02/2026,00:03:21,21.1,50.4
05/02/2026,00:08:21,21.1,50.3
05/02/2026,00:13:21,21.1,50.4
05/02/2026,00:18:21,21.1,50.6
05/02/2026,00:23:21,21.1,50.8
05/02/2026,00:28:21,21,50.9
05/02/2026,00:33:21,21,51
05/02/2026,00:38:21,21,51.1
05/02/2026,00:43:21,21,51.2
05/02/2026,00:48:21,21,51.2
05/02/2026,00:53:21,21,51.4
05/02/2026,00:58:21,20.9,51.4
05/02/2026,01:03:21,20.9,51.5
05/02/2026,01:08:21,20.9,51.6
05/02/2026,01:13:21,20.9,51.7
05/02/2026,01:18:21,20.8,51.8
05/02/2026,01:23:21,20.8,51.9
05/02/2026,01:28:21,20.8,52
05/02/2026,01:33:21,20.8,52
05/02/2026,01:38:21,20.7,52
05/02/2026,01:43:21,20.7,52.1
05/02/2026,01:48:21,20.7,52.2
05/02/2026,01:53:21,20.7,52.2
05/02/2026,01:58:21,20.7,52.3
05/02/2026,02:03:21,20.6,52.3
05/02/2026,02:08:21,20.6,52.4
05/02/2026,02:13:21,20.6,52.4
05/02/2026,02:18:21,20.6,52.5
05/02/2026,02:23:21,20.5,52.6
05/02/2026,02:28:21,20.5,52.6
05/02/2026,02:33:21,20.5,52.6
05/02/2026,02:38:21,20.5,52.7
05/02/2026,02:43:21,20.4,52.7
05/02/2026,02:48:21,20.4,52.8
05/02/2026,02:53:21,20.4,52.8
05/02/2026,02:58:21,20.4,52.8
05/02/2026,03:03:21,20.4,52.8
05/02/2026,03:08:21,20.4,52.8
05/02/2026,03:13:21,20.4,52.8
05/02/2026,03:18:21,20.4,52.9
05/02/2026,03:23:21,20.3,52.9
05/02/2026,03:28:21,20.3,52.9
05/02/2026,03:33:21,20.3,52.9
05/02/2026,03:38:21,20.3,53
05/02/2026,03:43:21,20.2,53
05/02/2026,03:48:21,20.2,53
05/02/2026,03:53:21,20.2,53
05/02/2026,03:58:21,20.1,53
05/02/2026,04:03:21,20.1,53.1
05/02/2026,04:08:21,20.1,53
05/02/2026,04:13:21,20.1,53.1
05/02/2026,04:18:21,20.1,53.1
05/02/2026,04:23:21,20,53.2
05/02/2026,04:28:21,20,53.2
05/02/2026,04:33:21,20,53.2
05/02/2026,04:38:21,20,53.3
05/02/2026,04:43:21,19.9,53.3
05/02/2026,04:48:21,19.9,53.3
05/02/2026,04:53:21,19.9,53.2
05/02/2026,04:58:21,19.9,53.3
05/02/2026,05:03:21,19.8,53.3
05/02/2026,05:08:21,19.8,53.3
05/02/2026,05:13:21,19.8,53.3
05/02/2026,05:18:21,19.7,53.3
05/02/2026,05:23:21,19.7,53.3
05/02/2026,05:28:21,19.7,53.3
05/02/2026,05:33:21,19.7,53.4
05/02/2026,05:38:21,19.7,53.3
05/02/2026,05:43:21,19.7,53.4
05/02/2026,05:48:21,19.6,53.5
05/02/2026,05:53:21,19.6,53.5
05/02/2026,05:58:21,19.6,53.5
05/02/2026,06:03:21,19.6,53.5
05/02/2026,06:08:21,19.6,53.6
05/02/2026,06:13:21,19.5,53.6
05/02/2026,06:18:21,19.5,53.6
05/02/2026,06:23:21,19.5,53.7
05/02/2026,06:28:21,19.5,53.7
05/02/2026,06:33:21,19.5,53.7
05/02/2026,06:38:21,19.5,53.7
05/02/2026,06:43:21,19.5,53.7
05/02/2026,06:48:21,19.4,53.7
05/02/2026,06:53:21,19.4,53.6
05/02/2026,06:58:21,19.4,53.6
05/02/2026,07:03:21,19.4,53.7
05/02/2026,07:08:21,19.4,53.6
05/02/2026,07:13:21,19.4,53.6
05/02/2026,07:18:21,19.4,53.6
05/02/2026,07:23:21,19.4,53.6
05/02/2026,07:28:21,19.4,53.6
05/02/2026,07:33:21,19.4,53.5
05/02/2026,07:38:21,19.4,53.5
05/02/2026,07:43:21,19.4,53.5
05/02/2026,07:48:21,19.4,53.4
05/02/2026,07:53:21,19.4,53.4
05/02/2026,07:58:21,19.4,53.3
05/02/2026,08:03:21,19.4,53.3
05/02/2026,08:08:21,19.4,53.5
05/02/2026,08:13:21,19.4,53.4
05/02/2026,08:18:21,19.4,53.5
05/02/2026,08:23:21,19.4,53.4
05/02/2026,08:28:21,19.4,53.3
05/02/2026,08:33:21,19.5,53.3
05/02/2026,08:38:21,19.5,53.2
05/02/2026,08:43:21,19.5,53.2
05/02/2026,08:48:21,19.5,53.3
05/02/2026,08:53:21,19.6,53.3
05/02/2026,08:58:21,19.6,53.5
05/02/2026,09:03:21,19.6,53.3
05/02/2026,09:08:21,19.6,53.6
05/02/2026,09:13:21,19.7,53.7
05/02/2026,09:18:21,19.8,53.7
05/02/2026,09:23:21,19.8,53.7
05/02/2026,09:28:21,19.8,53.7
05/02/2026,09:33:21,19.9,53.7
05/02/2026,09:38:21,19.9,53.7
05/02/2026,09:43:21,20,53.7
05/02/2026,09:48:21,20,53.8
05/02/2026,09:53:21,20.1,53.8
05/02/2026,09:58:21,20.1,54
05/02/2026,10:03:21,20.2,54
05/02/2026,10:08:21,20.2,54
05/02/2026,10:13:21,20.3,54
05/02/2026,10:18:21,20.3,54.1
05/02/2026,10:23:21,20.4,53.8
05/02/2026,10:28:21,20.4,53.8
05/02/2026,10:33:21,20.4,53.7
05/02/2026,10:38:21,20.4,53.7
05/02/2026,10:43:21,20.4,53.6
05/02/2026,10:48:21,20.4,53.5
05/02/2026,10:53:21,20.4,53.3
05/02/2026,10:58:21,20.4,53.3
05/02/2026,11:03:21,20.4,53
05/02/2026,11:08:21,20.4,52.9
05/02/2026,11:13:21,20.4,53.1
05/02/2026,11:18:21,20.4,52.9
05/02/2026,11:23:21,20.4,52.9
05/02/2026,11:28:21,20.4,52.9
05/02/2026,11:33:21,20.4,52.9
05/02/2026,11:38:21,20.4,52.8
05/02/2026,11:43:21,20.4,52.7
05/02/2026,11:48:21,20.4,52.8
05/02/2026,11:53:21,20.4,52.7
05/02/2026,11:58:21,20.4,52.6
05/02/2026,12:03:21,20.4,52.4
05/02/2026,12:08:21,20.4,52.4
05/02/2026,12:13:21,20.5,52.3
05/02/2026,12:18:21,20.5,52.3
05/02/2026,12:23:21,20.5,52.3
05/02/2026,12:28:21,20.5,52.3
05/02/2026,12:33:21,20.5,52.3
05/02/2026,12:38:21,20.5,52.3
05/02/2026,12:43:21,20.5,52.4
05/02/2026,12:48:21,20.5,52.3
05/02/2026,12:53:21,20.5,52.3
05/02/2026,12:58:21,20.6,52
05/02/2026,13:03:21,20.6,52.1
05/02/2026,13:08:21,20.6,52.1
05/02/2026,13:13:21,20.6,52.2
05/02/2026,13:18:21,20.6,52.2
05/02/2026,13:23:21,20.7,52.1
05/02/2026,13:28:21,20.7,52
05/02/2026,13:33:21,20.7,51.9
05/02/2026,13:38:21,20.7,51.8
05/02/2026,13:43:21,20.7,51.6
05/02/2026,13:48:21,20.7,51.7
05/02/2026,13:53:21,20.8,51.9
05/02/2026,13:58:21,20.8,51.8
05/02/2026,14:03:21,20.9,52
05/02/2026,14:08:21,20.9,51.8
05/02/2026,14:13:21,20.9,51.9
05/02/2026,14:18:21,21,51.9
05/02/2026,14:23:21,21,51.8
05/02/2026,14:28:21,21.1,51.9
05/02/2026,14:33:21,21.1,51.9
05/02/2026,14:38:21,21.2,51.9
05/02/2026,14:43:21,21.2,51.7
05/02/2026,14:48:21,21.3,51.4
05/02/2026,14:53:21,21.3,51.2
05/02/2026,14:58:21,21.3,51.1
05/02/2026,15:03:21,21.4,50.8
05/02/2026,15:08:21,21.4,50.9
05/02/2026,15:13:21,21.5,50.9
05/02/2026,15:18:21,21.5,50.9
05/02/2026,15:23:21,21.5,50.8
05/02/2026,15:28:21,21.6,50.6
05/02/2026,15:33:21,21.6,50.5
05/02/2026,15:38:21,21.6,50.5
05/02/2026,15:43:21,21.7,50.5
05/02/2026,15:48:21,21.7,50.4
05/02/2026,15:53:21,21.7,50.2
05/02/2026,15:58:21,21.7,50
05/02/2026,16:03:21,21.8,50.1
05/02/2026,16:08:21,21.8,49.8
05/02/2026,16:13:21,21.8,49.9
05/02/2026,16:18:21,21.8,49.8
05/02/2026,16:23:21,21.9,49.8
05/02/2026,16:28:21,21.9,49.8
05/02/2026,16:33:21,21.9,49.7
05/02/2026,16:38:21,21.9,49.5
05/02/2026,16:43:21,21.9,49
05/02/2026,16:48:21,22,49.1
05/02/2026,16:53:21,22,48.8
05/02/2026,16:58:21,22,49
05/02/2026,17:03:21,22,48.9
05/02/2026,17:08:21,22,48.7
05/02/2026,17:13:21,22,48.8
05/02/2026,17:18:21,22.1,48.8
05/02/2026,17:23:21,22.1,48.9
05/02/2026,17:28:21,22.1,48.8
05/02/2026,17:33:21,22,48.7
05/02/2026,17:38:21,22,48.2
05/02/2026,17:43:21,22,48.2
05/02/2026,17:48:21,22.1,47.9
05/02/2026,17:53:21,22,47.9
05/02/2026,17:58:21,22,48.1
05/02/2026,18:03:21,22.1,48.1
05/02/2026,18:08:21,22.1,48.4
05/02/2026,18:13:21,22.1,48.3
05/02/2026,18:18:21,22.2,48.4
05/02/2026,18:23:21,22.2,48.6
05/02/2026,18:28:21,22.3,49
05/02/2026,18:33:21,22.3,49.3
05/02/2026,18:38:21,22.3,49.5
05/02/2026,18:43:21,22.4,49.7
05/02/2026,18:48:21,22.4,49.8
05/02/2026,18:53:21,22.4,49.7
05/02/2026,18:58:21,22.5,49.6
05/02/2026,19:03:21,22.5,49.3
05/02/2026,19:08:21,22.4,49.3
05/02/2026,19:13:21,22.4,49.3
05/02/2026,19:18:21,22.4,49.4
05/02/2026,19:23:21,22.4,49.5
05/02/2026,19:28:21,22.4,49.7
05/02/2026,19:33:21,22.4,50
05/02/2026,19:38:21,22.4,50.4
05/02/2026,19:43:21,22.4,50.8
05/02/2026,19:48:21,22.4,51.1
05/02/2026,19:53:21,22.4,51.6
05/02/2026,19:58:21,22.5,52
05/02/2026,20:03:21,22.5,52.3
05/02/2026,20:08:21,22.6,52.6
05/02/2026,20:13:21,22.6,53
05/02/2026,20:18:21,22.6,53.1
05/02/2026,20:23:21,22.7,53.2
05/02/2026,20:28:21,22.7,53.3
05/02/2026,20:33:21,22.7,53.5
05/02/2026,20:38:21,22.7,53.8
05/02/2026,20:43:21,22.7,53.9
05/02/2026,20:48:21,22.7,54
05/02/2026,20:53:21,22.7,54.2
05/02/2026,20:58:21,22.6,54.2
05/02/2026,21:03:21,22.6,54.4
05/02/2026,21:08:21,22.6,54.4
05/02/2026,21:13:21,22.6,54.3
05/02/2026,21:18:21,22.5,54.1
05/02/2026,21:23:21,22.5,54
05/02/2026,21:28:21,22.5,54
05/02/2026,21:33:21,22.4,54
05/02/2026,21:38:21,22.4,54.1
05/02/2026,21:43:21,22.4,54.2
05/02/2026,21:48:21,22.3,54.2
05/02/2026,21:53:21,22.3,54.2
05/02/2026,21:58:21,22.3,54.2
05/02/2026,22:03:21,22.2,54.2
05/02/2026,22:08:21,22.2,54.2
05/02/2026,22:13:21,22.2,54.2
05/02/2026,22:18:21,22.2,54.2
05/02/2026,22:23:21,22.1,54.3
05/02/2026,22:28:21,22.1,54.2
05/02/2026,22:33:21,22.1,54.3
05/02/2026,22:38:21,22,54.2
05/02/2026,22:43:21,22,54.2
05/02/2026,22:48:21,22,54.2
05/02/2026,22:53:21,21.9,54.2
05/02/2026,22:58:21,21.9,54.2
05/02/2026,23:03:21,21.9,54.2
05/02/2026,23:08:21,21.8,54.2
05/02/2026,23:13:21,21.8,54.2
05/02/2026,23:18:21,21.8,54.2
05/02/2026,23:23:21,21.8,54.2
05/02/2026,23:28:21,21.7,54.2
05/02/2026,23:33:21,21.7,54.2
05/02/2026,23:38:21,21.6,54.1
05/02/2026,23:43:21,21.6,54.1
05/02/2026,23:48:21,21.6,54.1
05/02/2026,23:53:21,21.6,54.1
05/02/2026,23:58:21,21.5,54.1
05/03/2026,00:03:21,21.5,54.1
05/03/2026,00:08:21,21.5,54
05/03/2026,00:13:21,21.5,54
05/03/2026,00:18:21,21.4,54
05/03/2026,00:23:21,21.4,53.9
05/03/2026,00:28:21,21.4,53.9
05/03/2026,00:33:21,21.4,53.9
05/03/2026,00:38:21,21.3,53.9
05/03/2026,00:43:21,21.3,53.8
05/03/2026,00:48:21,21.3,53.9
05/03/2026,00:53:21,21.3,53.9
05/03/2026,00:58:21,21.3,53.8
05/03/2026,01:03:21,21.2,53.8
05/03/2026,01:08:21,21.2,53.7
05/03/2026,01:13:21,21.2,53.7
05/03/2026,01:18:21,21.2,53.7
05/03/2026,01:23:21,21.1,53.7
05/03/2026,01:28:21,21.1,53.7
05/03/2026,01:33:21,21.1,53.7
05/03/2026,01:38:21,21.1,53.6
05/03/2026,01:43:21,21,53.6
05/03/2026,01:48:21,21,53.6
05/03/2026,01:53:21,21,53.5
05/03/2026,01:58:21,21,53.5
05/03/2026,02:03:21,20.9,53.5
05/03/2026,02:08:21,20.9,53.4
05/03/2026,02:13:21,20.9,53.4
05/03/2026,02:18:21,20.9,53.4
05/03/2026,02:23:21,20.8,53.4
05/03/2026,02:28:21,20.8,53.4
05/03/2026,02:33:21,20.8,53.3
05/03/2026,02:38:21,20.8,53.4
05/03/2026,02:43:21,20.8,53.2
05/03/2026,02:48:21,20.7,53.2
05/03/2026,02:53:21,20.7,53.2
05/03/2026,02:58:21,20.7,53.2
05/03/2026,03:03:21,20.7,53.2
05/03/2026,03:08:21,20.7,53.2
05/03/2026,03:13:21,20.6,53.1
05/03/2026,03:18:21,20.6,53.1
05/03/2026,03:23:21,20.6,53
05/03/2026,03:28:21,20.6,53
05/03/2026,03:33:21,20.5,53.1
05/03/2026,03:38:21,20.5,53
05/03/2026,03:43:21,20.5,53
05/03/2026,03:48:21,20.5,53
05/03/2026,03:53:21,20.5,52.9
05/03/2026,03:58:21,20.5,52.9
05/03/2026,04:03:21,20.4,52.9
05/03/2026,04:08:21,20.4,52.9
05/03/2026,04:13:21,20.4,52.8
05/03/2026,04:18:21,20.4,52.8
05/03/2026,04:23:21,20.4,52.8
05/03/2026,04:28:21,20.3,52.8
05/03/2026,04:33:21,20.3,52.8
05/03/2026,04:38:21,20.3,52.8
05/03/2026,04:43:21,20.3,52.8
05/03/2026,04:48:21,20.3,52.8
05/03/2026,04:53:21,20.2,52.7
05/03/2026,04:58:21,20.2,52.8
05/03/2026,05:03:21,20.2,52.8
05/03/2026,05:08:21,20.2,52.8
05/03/2026,05:13:21,20.1,52.8
05/03/2026,05:18:21,20.1,52.7
05/03/2026,05:23:21,20.1,52.8
05/03/2026,05:28:21,20.1,52.7
05/03/2026,05:33:21,20.1,52.8
05/03/2026,05:38:21,20.1,52.7
05/03/2026,05:43:21,20.1,52.7
05/03/2026,05:48:21,20,52.7
05/03/2026,05:53:21,20,52.7
05/03/2026,05:58:21,20,52.7
05/03/2026,06:03:21,20,52.7
05/03/2026,06:08:21,20,52.6
05/03/2026,06:13:21,20,52.7
05/03/2026,06:18:21,19.9,52.7
05/03/2026,06:23:21,20,52.7
05/03/2026,06:28:21,19.9,52.8
05/03/2026,06:33:21,19.9,52.7
05/03/2026,06:38:21,19.9,52.7
05/03/2026,06:43:21,19.9,52.7
05/03/2026,06:48:21,19.9,52.7
05/03/2026,06:53:21,19.9,52.7
05/03/2026,06:58:21,19.9,52.7
05/03/2026,07:03:21,19.8,52.7
05/03/2026,07:08:21,19.8,52.7
05/03/2026,07:13:21,19.8,52.6
05/03/2026,07:18:21,19.8,52.7
05/03/2026,07:23:21,19.8,52.7
05/03/2026,07:28:21,19.8,52.7
05/03/2026,07:33:21,19.8,52.8
05/03/2026,07:38:21,19.7,52.8
05/03/2026,07:43:21,19.7,52.8
05/03/2026,07:48:21,19.7,53
05/03/2026,07:53:21,19.7,52.9
05/03/2026,07:58:21,19.7,53
05/03/2026,08:03:21,19.7,53.2
05/03/2026,08:08:21,19.7,53.6
05/03/2026,08:13:21,19.8,53.9
05/03/2026,08:18:21,19.9,54.3
05/03/2026,08:23:21,20,54.6
05/03/2026,08:28:21,20.1,54.7
05/03/2026,08:33:21,20.1,54.8
05/03/2026,08:38:21,20.2,55
05/03/2026,08:43:21,20.3,55.2
05/03/2026,08:48:21,20.4,55.5
05/03/2026,08:53:21,20.4,55.5
05/03/2026,08:58:21,20.5,55.7
05/03/2026,09:03:21,20.5,55.6
05/03/2026,09:08:21,20.6,55.4
05/03/2026,09:13:21,20.5,55.3
05/03/2026,09:18:21,20.6,54.8
05/03/2026,09:23:21,20.5,55.2
05/03/2026,09:28:21,20.5,55.2
05/03/2026,09:33:21,20.5,54.8
05/03/2026,09:38:21,20.5,54.5
05/03/2026,09:43:21,20.6,55.8
05/03/2026,09:48:21,20.7,55.7
05/03/2026,09:53:21,20.8,55.9
05/03/2026,09:58:21,20.8,56.1
05/03/2026,10:03:21,20.9,56.2
05/03/2026,10:08:21,21,56.4
05/03/2026,10:13:21,21.1,56.3
05/03/2026,10:18:21,21.2,56.5
05/03/2026,10:23:21,21.3,56.7
05/03/2026,10:28:21,21.4,56.7
05/03/2026,10:33:21,21.4,56.8
05/03/2026,10:38:21,21.5,56.9
05/03/2026,10:43:21,21.6,56.9
05/03/2026,10:48:21,21.7,56.9
05/03/2026,10:53:21,21.7,56.7
05/03/2026,10:58:21,21.8,56.6
05/03/2026,11:03:21,21.8,56.1
05/03/2026,11:08:21,21.7,55.9
05/03/2026,11:13:21,21.7,56.1
05/03/2026,11:18:21,21.7,56.2
05/03/2026,11:23:21,21.7,56.7
05/03/2026,11:28:21,21.8,56.7
05/03/2026,11:33:21,21.9,57
05/03/2026,11:38:21,21.9,56.8
05/03/2026,11:43:21,22,56.8
05/03/2026,11:48:21,22,56.7
05/03/2026,11:53:21,22.1,57.2
05/03/2026,11:58:21,22.2,56.9
05/03/2026,12:03:21,22.3,57
05/03/2026,12:08:21,22.3,57
05/03/2026,12:13:21,22.4,56.8
05/03/2026,12:18:21,22.5,57
05/03/2026,12:23:21,22.5,57.2
05/03/2026,12:28:21,22.6,57.3
05/03/2026,12:33:21,22.6,57.3
05/03/2026,12:38:21,22.7,57.1
05/03/2026,12:43:21,22.7,56.4
05/03/2026,12:48:21,22.6,55.6
05/03/2026,12:53:21,22.5,54.5
05/03/2026,12:58:21,22.4,54.4
05/03/2026,13:03:21,22.3,54.6
05/03/2026,13:08:21,22.3,54.5
05/03/2026,13:13:21,22.2,54.3
05/03/2026,13:18:21,22.2,54
05/03/2026,13:23:21,22.1,53.5
05/03/2026,13:28:21,22,53.6
05/03/2026,13:33:21,22,53.8
05/03/2026,13:38:21,21.9,53.2
05/03/2026,13:43:21,21.9,53.4
05/03/2026,13:48:21,21.8,53.4
05/03/2026,13:53:21,21.8,53.2
05/03/2026,13:58:21,21.8,53.4
05/03/2026,14:03:21,21.8,53.1
05/03/2026,14:08:21,21.8,53.1
05/03/2026,14:13:21,21.8,53.1
05/03/2026,14:18:21,21.8,53
05/03/2026,14:23:21,21.8,52.8
05/03/2026,14:28:21,21.7,52.8
05/03/2026,14:33:21,21.8,52.7
05/03/2026,14:38:21,21.7,52.6
05/03/2026,14:43:21,21.7,52.5
05/03/2026,14:48:21,21.7,52.6
05/03/2026,14:53:21,21.7,52.4
05/03/2026,14:58:21,21.7,52.4
05/03/2026,15:03:21,21.6,52.2
05/03/2026,15:08:21,21.6,52.1
05/03/2026,15:13:21,21.6,52.1
05/03/2026,15:18:21,21.6,52.1
05/03/2026,15:23:21,21.6,52.1
05/03/2026,15:28:21,21.5,52
05/03/2026,15:33:21,21.5,52.1
05/03/2026,15:38:21,21.5,52
05/03/2026,15:43:21,21.5,51.9
05/03/2026,15:48:21,21.5,51.9
05/03/2026,15:53:21,21.5,51.8
05/03/2026,15:58:21,21.4,51.8
05/03/2026,16:03:21,21.4,51.6
05/03/2026,16:08:21,21.3,51.7
05/03/2026,16:13:21,21.3,51.7
05/03/2026,16:18:21,21.3,51.8
05/03/2026,16:23:21,21.3,51.8
05/03/2026,16:28:21,21.3,51.7
05/03/2026,16:33:21,21.2,51.7
05/03/2026,16:38:21,21.2,51.8
05/03/2026,16:43:21,21.2,51.9
05/03/2026,16:48:21,21.2,51.7
05/03/2026,16:53:21,21.2,51.8
05/03/2026,16:58:21,21.2,51.8
05/03/2026,17:03:21,21.1,51.7
05/03/2026,17:08:21,21.1,51.8
05/03/2026,17:13:21,21.1,51.7
05/03/2026,17:18:21,21.1,51.8
05/03/2026,17:23:21,21.1,51.7
05/03/2026,17:28:21,21.1,51.8
05/03/2026,17:33:21,21,51.7
05/03/2026,17:38:21,21,51.7
05/03/2026,17:43:21,21,51.8
05/03/2026,17:48:21,21,51.7
05/03/2026,17:53:21,21,51.9
05/03/2026,17:58:21,21,51.8
05/03/2026,18:03:21,21,51.9
05/03/2026,18:08:21,20.9,52
05/03/2026,18:13:21,20.9,52
05/03/2026,18:18:21,20.9,51.9
05/03/2026,18:23:21,20.9,51.8
05/03/2026,18:28:21,20.9,51.8
05/03/2026,18:33:21,20.9,51.7
05/03/2026,18:38:21,20.9,51.7
05/03/2026,18:43:21,20.9,51.6
05/03/2026,18:48:21,20.8,51.5
05/03/2026,18:53:21,20.9,51.5
05/03/2026,18:58:21,20.8,51.5
05/03/2026,19:03:21,20.8,51.5
05/03/2026,19:08:21,20.8,51.5
05/03/2026,19:13:21,20.8,51.5
05/03/2026,19:18:21,20.8,51.5
05/03/2026,19:23:21,20.8,51.5
05/03/2026,19:28:21,20.8,51.6
05/03/2026,19:33:21,20.7,51.5
05/03/2026,19:38:21,20.7,51.6
05/03/2026,19:43:21,20.7,51.6
05/03/2026,19:48:21,20.7,51.6
05/03/2026,19:53:21,20.6,51.6
05/03/2026,19:58:21,20.6,51.6
05/03/2026,20:03:21,20.6,51.6
05/03/2026,20:08:21,20.6,51.6
05/03/2026,20:13:21,20.5,51.7
05/03/2026,20:18:21,20.5,51.7
05/03/2026,20:23:21,20.5,51.8
05/03/2026,20:28:21,20.5,51.9
05/03/2026,20:33:21,20.5,52
05/03/2026,20:38:21,20.4,52
05/03/2026,20:43:21,20.4,52
05/03/2026,20:48:21,20.4,52
05/03/2026,20:53:21,20.4,52.1
05/03/2026,20:58:21,20.3,52.2
05/03/2026,21:03:21,20.3,52.2
05/03/2026,21:08:21,20.3,52.3
05/03/2026,21:13:21,20.3,52.2
05/03/2026,21:18:21,20.3,52.2
05/03/2026,21:23:21,20.2,52.3
05/03/2026,21:28:21,20.2,52.4
05/03/2026,21:33:21,20.2,52.4
05/03/2026,21:38:21,20.2,52.4
05/03/2026,21:43:21,20.1,52.4
05/03/2026,21:48:21,20.1,52.5
05/03/2026,21:53:21,20.1,52.5
05/03/2026,21:58:21,20.1,52.5
05/03/2026,22:03:21,20,52.6
05/03/2026,22:08:21,20,52.7
05/03/2026,22:13:21,20,52.8
05/03/2026,22:18:21,19.9,52.9
05/03/2026,22:23:21,20,53
05/03/2026,22:28:21,19.9,53.2
05/03/2026,22:33:21,19.9,53.2
05/03/2026,22:38:21,19.9,53.3
05/03/2026,22:43:21,19.9,53.5
05/03/2026,22:48:21,19.9,53.6
05/03/2026,22:53:21,19.8,53.7
05/03/2026,22:58:21,19.8,53.8
05/03/2026,23:03:21,19.8,53.8
05/03/2026,23:08:21,19.8,53.9
05/03/2026,23:13:21,19.7,54
05/03/2026,23:18:21,19.7,54.1
05/03/2026,23:23:21,19.7,54.2
05/03/2026,23:28:21,19.7,54.3
05/03/2026,23:33:21,19.7,54.4
05/03/2026,23:38:21,19.6,54.5
05/03/2026,23:43:21,19.6,54.5
05/03/2026,23:48:21,19.6,54.6
05/03/2026,23:53:21,19.6,54.7
05/03/2026,23:58:21,19.5,54.8
05/04/2026,00:03:21,19.5,54.9
05/04/2026,00:08:21,19.5,54.9
05/04/2026,00:13:21,19.5,55
05/04/2026,00:18:21,19.4,55.1
05/04/2026,00:23:21,19.4,55.1
05/04/2026,00:28:21,19.4,55.1
05/04/2026,00:33:21,19.4,55.2
05/04/2026,00:38:21,19.4,55.2
05/04/2026,00:43:21,19.4,55.3
05/04/2026,00:48:21,19.3,55.2
05/04/2026,00:53:21,19.3,55.3
05/04/2026,00:58:21,19.3,55.3
05/04/2026,01:03:21,19.3,55.3
05/04/2026,01:08:21,19.3,55.4
05/04/2026,01:13:21,19.2,55.4
05/04/2026,01:18:21,19.2,55.4
05/04/2026,01:23:21,19.2,55.4
05/04/2026,01:28:21,19.2,55.4
05/04/2026,01:33:21,19.2,55.5
05/04/2026,01:38:21,19.2,55.4
05/04/2026,01:43:21,19.2,55.5
05/04/2026,01:48:21,19.1,55.5
05/04/2026,01:53:21,19.1,55.5
05/04/2026,01:58:21,19.1,55.5
05/04/2026,02:03:21,19.1,55.5
05/04/2026,02:08:21,19.1,55.5
05/04/2026,02:13:21,19.1,55.6
05/04/2026,02:18:21,19,55.6
05/04/2026,02:23:21,19,55.6
05/04/2026,02:28:21,19,55.6
05/04/2026,02:33:21,19,55.7
05/04/2026,02:38:21,19,55.7
05/04/2026,02:43:21,18.9,55.8
05/04/2026,02:48:21,18.9,55.8
05/04/2026,02:53:21,18.9,55.8
05/04/2026,02:58:21,18.9,55.9
05/04/2026,03:03:21,18.9,55.9
05/04/2026,03:08:21,18.8,55.9
05/04/2026,03:13:21,18.8,55.9
05/04/2026,03:18:21,18.8,56
05/04/2026,03:23:21,18.8,56
05/04/2026,03:28:21,18.8,56
05/04/2026,03:33:21,18.7,56
05/04/2026,03:38:21,18.7,56
05/04/2026,03:43:21,18.7,56.1
05/04/2026,03:48:21,18.7,56.1
05/04/2026,03:53:21,18.7,56.1
05/04/2026,03:58:21,18.7,56.2
05/04/2026,04:03:21,18.7,56.3
05/04/2026,04:08:21,18.6,56.2
05/04/2026,04:13:21,18.6,56.3
05/04/2026,04:18:21,18.6,56.3
05/04/2026,04:23:21,18.6,56.3
05/04/2026,04:28:21,18.6,56.4
05/04/2026,04:33:21,18.5,56.4
05/04/2026,04:38:21,18.5,56.4
05/04/2026,04:43:21,18.5,56.4
05/04/2026,04:48:21,18.5,56.4
05/04/2026,04:53:21,18.5,56.4
05/04/2026,04:58:21,18.5,56.4
05/04/2026,05:03:21,18.5,56.4
05/04/2026,05:08:21,18.5,56.4
05/04/2026,05:13:21,18.4,56.4
05/04/2026,05:18:21,18.4,56.4
05/04/2026,05:23:21,18.4,56.4
05/04/2026,05:28:21,18.4,56.4
05/04/2026,05:33:21,18.4,56.4
05/04/2026,05:38:21,18.4,56.4
05/04/2026,05:43:21,18.3,56.4
05/04/2026,05:48:21,18.3,56.4
05/04/2026,05:53:21,18.3,56.4
05/04/2026,05:58:21,18.3,56.4
05/04/2026,06:03:21,18.3,56.5
05/04/2026,06:08:21,18.3,56.5
05/04/2026,06:13:21,18.3,56.5
05/04/2026,06:18:21,18.3,56.5
05/04/2026,06:23:21,18.2,56.5
05/04/2026,06:28:21,18.2,56.5
05/04/2026,06:33:21,18.2,56.5
05/04/2026,06:38:21,18.2,56.5
05/04/2026,06:43:21,18.2,56.5
05/04/2026,06:48:21,18.2,56.5
05/04/2026,06:53:21,18.3,56.4
05/04/2026,06:58:21,18.3,56.4
05/04/2026,07:03:21,18.3,56.3
05/04/2026,07:08:21,18.3,56.3
05/04/2026,07:13:21,18.3,56.3
05/04/2026,07:18:21,18.3,56.2
05/04/2026,07:23:21,18.3,56.2
05/04/2026,07:28:21,18.3,56.2
05/04/2026,07:33:21,18.3,56.2
05/04/2026,07:38:21,18.3,56.1
05/04/2026,07:43:21,18.3,56.2
05/04/2026,07:48:21,18.3,56.1
05/04/2026,07:53:21,18.3,56.1
05/04/2026,07:58:21,18.3,55.9
05/04/2026,08:03:21,18.3,56.1
05/04/2026,08:08:21,18.3,55.9
05/04/2026,08:13:21,18.4,55.9
05/04/2026,08:18:21,18.4,55.9
05/04/2026,08:23:21,18.4,55.8
05/04/2026,08:28:21,18.3,55.8
05/04/2026,08:33:21,18.4,55.8
05/04/2026,08:38:21,18.4,55.8
05/04/2026,08:43:21,18.4,55.8
05/04/2026,08:48:21,18.4,55.8
05/04/2026,08:53:21,18.4,55.8
05/04/2026,08:58:21,18.4,55.7
05/04/2026,09:03:21,18.4,55.8
05/04/2026,09:08:21,18.4,55.8
05/04/2026,09:13:21,18.4,55.9
05/04/2026,09:18:21,18.4,55.9
05/04/2026,09:23:21,18.4,55.9
05/04/2026,09:28:21,18.4,56
05/04/2026,09:33:21,18.5,56
05/04/2026,09:38:21,18.5,56.1
05/04/2026,09:43:21,18.5,56.2
05/04/2026,09:48:21,18.5,56.3
05/04/2026,09:53:21,18.6,56.3
05/04/2026,09:58:21,18.6,56.4
05/04/2026,10:03:21,18.6,56.5
05/04/2026,10:08:21,18.7,56.4
05/04/2026,10:13:21,18.7,56.4
05/04/2026,10:18:21,18.7,56.3
05/04/2026,10:23:21,18.7,56.3
05/04/2026,10:28:21,18.7,56.3
05/04/2026,10:33:21,18.7,56.2
05/04/2026,10:38:21,18.7,56.2
05/04/2026,10:43:21,18.7,56.2
05/04/2026,10:48:21,18.7,56.1
05/04/2026,10:53:21,18.7,56.2
05/04/2026,10:58:21,18.7,56.1
05/04/2026,11:03:21,18.7,56.1
05/04/2026,11:08:21,18.7,56.1
05/04/2026,11:13:21,18.6,56.1
05/04/2026,11:18:21,18.7,56
05/04/2026,11:23:21,18.6,56
05/04/2026,11:28:21,18.6,56
05/04/2026,11:33:21,18.6,56
05/04/2026,11:38:21,18.6,56
05/04/2026,11:43:21,18.6,55.9
05/04/2026,11:48:21,18.6,55.9
05/04/2026,11:53:21,18.6,56
05/04/2026,11:58:21,18.6,55.9
05/04/2026,12:03:21,18.6,55.9
05/04/2026,12:08:21,18.6,55.9
05/04/2026,12:13:21,18.6,55.8
05/04/2026,12:18:21,18.6,55.9
05/04/2026,12:23:21,18.6,55.8
05/04/2026,12:28:21,18.6,55.8
05/04/2026,12:33:21,18.6,55.8
05/04/2026,12:38:21,18.6,55.8
05/04/2026,12:43:21,18.5,55.7
05/04/2026,12:48:21,18.6,55.7
05/04/2026,12:53:21,18.5,55.7
05/04/2026,12:58:21,18.5,55.8
05/04/2026,13:03:21,18.5,55.7
05/04/2026,13:08:21,18.5,55.7
05/04/2026,13:13:21,18.5,55.7
05/04/2026,13:18:21,18.5,55.7
05/04/2026,13:23:21,18.5,55.7
05/04/2026,13:28:21,18.5,55.7
05/04/2026,13:33:21,18.5,55.7
05/04/2026,13:38:21,18.5,55.7
05/04/2026,13:43:21,18.5,55.7
05/04/2026,13:48:21,18.5,55.7
05/04/2026,13:53:21,18.5,55.7
05/04/2026,13:58:21,18.5,55.7
05/04/2026,14:03:21,18.5,55.7
05/04/2026,14:08:21,18.5,55.6
05/04/2026,14:13:21,18.5,55.7
05/04/2026,14:18:21,18.5,55.7
05/04/2026,14:23:21,18.4,55.6
05/04/2026,14:28:21,18.4,55.7
05/04/2026,14:33:21,18.4,55.7
05/04/2026,14:38:21,18.4,55.6
05/04/2026,14:43:21,18.4,55.6
05/04/2026,14:48:21,18.4,55.6
05/04/2026,14:53:21,18.4,55.6
05/04/2026,14:58:21,18.4,55.6
05/04/2026,15:03:21,18.4,55.6
05/04/2026,15:08:21,18.4,55.5
05/04/2026,15:13:21,18.4,55.6
05/04/2026,15:18:21,18.4,55.5
05/04/2026,15:23:21,18.4,55.5
05/04/2026,15:28:21,18.4,55.5
05/04/2026,15:33:21,18.4,55.5
05/04/2026,15:38:21,18.4,55.5
05/04/2026,15:43:21,18.4,55.5
05/04/2026,15:48:21,18.4,55.5
05/04/2026,15:53:21,18.4,55.5
05/04/2026,15:58:21,18.4,55.5
05/04/2026,16:03:21,18.4,55.5
05/04/2026,16:08:21,18.4,55.5
05/04/2026,16:13:21,18.4,55.5
05/04/2026,16:18:21,18.4,55.5
05/04/2026,16:23:21,18.4,55.5
05/04/2026,16:28:21,18.4,55.5
05/04/2026,16:33:21,18.4,55.5
05/04/2026,16:38:21,18.4,55.5
05/04/2026,16:43:21,18.4,55.5
05/04/2026,16:48:21,18.4,55.5
05/04/2026,16:53:21,18.4,55.5
05/04/2026,16:58:21,18.4,55.5
05/04/2026,17:03:21,18.4,55.4
05/04/2026,17:08:21,18.4,55.5
05/04/2026,17:13:21,18.4,55.5
05/04/2026,17:18:21,18.4,55.4
05/04/2026,17:23:21,18.4,55.5
05/04/2026,17:28:21,18.4,55.4
05/04/2026,17:33:21,18.4,55.5
05/04/2026,17:38:21,18.4,55.4
05/04/2026,17:43:21,18.4,55.4
05/04/2026,17:48:21,18.4,55.4
05/04/2026,17:53:21,18.4,55.4
05/04/2026,17:58:21,18.4,55.4
05/04/2026,18:03:21,18.4,55.4
05/04/2026,18:08:21,18.4,55.4
05/04/2026,18:13:21,18.4,55.4
05/04/2026,18:18:21,18.4,55.4
05/04/2026,18:23:21,18.4,55.4
05/04/2026,18:28:21,18.4,55.4
05/04/2026,18:33:21,18.4,55.4
05/04/2026,18:38:21,18.4,55.4
05/04/2026,18:43:21,18.4,55.4
05/04/2026,18:48:21,18.4,55.4
05/04/2026,18:53:21,18.4,55.4
05/04/2026,18:58:21,18.3,55.4
05/04/2026,19:03:21,18.4,55.4
05/04/2026,19:08:21,18.3,55.3
05/04/2026,19:13:21,18.3,55.3
05/04/2026,19:18:21,18.3,55.4
05/04/2026,19:23:21,18.3,55.3
05/04/2026,19:28:21,18.3,55.4
05/04/2026,19:33:21,18.3,55.4
05/04/2026,19:38:21,18.3,55.3
05/04/2026,19:43:21,18.3,55.4
05/04/2026,19:48:21,18.3,55.3
05/04/2026,19:53:21,18.2,55.3
05/04/2026,19:58:21,18.3,55.3
05/04/2026,20:03:21,18.3,55.3
05/04/2026,20:08:21,18.2,55.4
05/04/2026,20:13:21,18.2,55.4
05/04/2026,20:18:21,18.2,55.3
05/04/2026,20:23:21,18.2,55.3
05/04/2026,20:28:21,18.2,55.3
05/04/2026,20:33:21,18.2,55.3
05/04/2026,20:38:21,18.2,55.3
05/04/2026,20:43:21,18.2,55.3
05/04/2026,20:48:21,18.2,55.4
05/04/2026,20:53:21,18.2,55.3
05/04/2026,20:58:21,18.2,55.3
05/04/2026,21:03:21,18.1,55.2
05/04/2026,21:08:21,18.1,55.3
05/04/2026,21:13:21,18.1,55.3
05/04/2026,21:18:21,18.1,55.3
05/04/2026,21:23:21,18.1,55.3
05/04/2026,21:28:21,18.1,55.2
05/04/2026,21:33:21,18.1,55.2
05/04/2026,21:38:21,18.1,55.2
05/04/2026,21:43:21,18.1,55.2
05/04/2026,21:48:21,18.1,55.3
05/04/2026,21:53:21,18.1,55.3
05/04/2026,21:58:21,18.1,55.2
05/04/2026,22:03:21,18,55.3
05/04/2026,22:08:21,18,55.3
05/04/2026,22:13:21,18,55.2
05/04/2026,22:18:21,18,55.3
05/04/2026,22:23:21,18,55.3
05/04/2026,22:28:21,18,55.2
05/04/2026,22:33:21,18,55.2
05/04/2026,22:38:21,18,55.2
05/04/2026,22:43:21,18,55.1
05/04/2026,22:48:21,17.9,55.2
05/04/2026,22:53:21,17.9,55.1
05/04/2026,22:58:21,17.9,55.2
05/04/2026,23:03:21,17.9,55.2
05/04/2026,23:08:21,17.9,55.2
05/04/2026,23:13:21,17.9,55.2
05/04/2026,23:18:21,17.9,55.2
05/04/2026,23:23:21,17.9,55.2
05/04/2026,23:28:21,17.9,55.2
05/04/2026,23:33:21,17.8,55.1
05/04/2026,23:38:21,17.8,55.2
05/04/2026,23:43:21,17.8,55.1
05/04/2026,23:48:21,17.8,55.2
05/04/2026,23:53:21,17.8,55.2
05/04/2026,23:58:21,17.8,55.1
05/05/2026,00:03:21,17.8,55.1
05/05/2026,00:08:21,17.8,55.1
05/05/2026,00:13:21,17.8,55.1
05/05/2026,00:18:21,17.8,55.1
05/05/2026,00:23:21,17.8,55.2
05/05/2026,00:28:21,17.8,55.1
05/05/2026,00:33:21,17.7,55.1
05/05/2026,00:38:21,17.7,55.1
05/05/2026,00:43:21,17.7,55.2
05/05/2026,00:48:21,17.7,55.1
05/05/2026,00:53:21,17.7,55.1
05/05/2026,00:58:21,17.7,55.1
05/05/2026,01:03:21,17.7,55.1
05/05/2026,01:08:21,17.7,55.1
05/05/2026,01:13:21,17.6,55.1
05/05/2026,01:18:21,17.6,55.1
05/05/2026,01:23:21,17.6,55.2
05/05/2026,01:28:21,17.6,55.1
05/05/2026,01:33:21,17.6,55.1
05/05/2026,01:38:21,17.6,55.1
05/05/2026,01:43:21,17.6,55.1
05/05/2026,01:48:21,17.6,55
05/05/2026,01:53:21,17.5,55
05/05/2026,01:58:21,17.5,55.1
05/05/2026,02:03:21,17.5,55.1
05/05/2026,02:08:21,17.5,55.1
05/05/2026,02:13:21,17.5,55
05/05/2026,02:18:21,17.5,55.1
05/05/2026,02:23:21,17.5,55
05/05/2026,02:28:21,17.4,55
05/05/2026,02:33:21,17.5,55
05/05/2026,02:38:21,17.5,55
05/05/2026,02:43:21,17.4,55
05/05/2026,02:48:21,17.4,55
05/05/2026,02:53:21,17.4,55
05/05/2026,02:58:21,17.4,54.9
05/05/2026,03:03:21,17.4,54.9
05/05/2026,03:08:21,17.4,54.9
05/05/2026,03:13:21,17.4,55
05/05/2026,03:18:21,17.3,55
05/05/2026,03:23:21,17.3,54.9
05/05/2026,03:28:21,17.3,54.9
05/05/2026,03:33:21,17.3,54.9
05/05/2026,03:38:21,17.3,54.9
05/05/2026,03:43:21,17.3,54.9
05/05/2026,03:48:21,17.3,54.9
05/05/2026,03:53:21,17.3,54.9
05/05/2026,03:58:21,17.2,54.9
05/05/2026,04:03:21,17.2,54.9
05/05/2026,04:08:21,17.2,54.9
05/05/2026,04:13:21,17.2,54.9
05/05/2026,04:18:21,17.2,54.8
05/05/2026,04:23:21,17.2,54.9
05/05/2026,04:28:21,17.2,54.8
05/05/2026,04:33:21,17.2,54.8
05/05/2026,04:38:21,17.1,54.8
05/05/2026,04:43:21,17.1,54.8
05/05/2026,04:48:21,17.1,54.8
05/05/2026,04:53:21,17.1,54.8
05/05/2026,04:58:21,17.1,54.8
05/05/2026,05:03:21,17.1,54.8
05/05/2026,05:08:21,17.1,54.8
05/05/2026,05:13:21,17.1,54.9
05/05/2026,05:18:21,17,54.9
05/05/2026,05:23:21,17,54.8
05/05/2026,05:28:21,17,54.9
05/05/2026,05:33:21,17,54.9
05/05/2026,05:38:21,17,54.8
05/05/2026,05:43:21,17,54.9
05/05/2026,05:48:21,17,54.8
05/05/2026,05:53:21,17,54.9
05/05/2026,05:58:21,17,54.8
05/05/2026,06:03:21,17,54.9
05/05/2026,06:08:21,17,54.8
05/05/2026,06:13:21,17,54.8
05/05/2026,06:18:21,17,54.9
05/05/2026,06:23:21,17,54.9
05/05/2026,06:28:21,16.9,54.9
05/05/2026,06:33:21,16.9,54.9
05/05/2026,06:38:21,16.9,54.8
05/05/2026,06:43:21,16.9,54.9
05/05/2026,06:48:21,16.9,54.8
05/05/2026,06:53:21,16.9,54.9
05/05/2026,06:58:21,16.9,54.8
05/05/2026,07:03:21,16.9,54.8
05/05/2026,07:08:21,16.9,54.8
05/05/2026,07:13:21,16.9,54.8
05/05/2026,07:18:21,16.9,54.8
05/05/2026,07:23:21,16.9,54.8
05/05/2026,07:28:21,16.9,54.8
05/05/2026,07:33:21,16.9,54.8
05/05/2026,07:38:21,16.9,54.9
05/05/2026,07:43:21,16.9,54.8
05/05/2026,07:48:21,16.8,54.9
05/05/2026,07:53:21,16.8,54.8
05/05/2026,07:58:21,16.9,54.8
05/05/2026,08:03:21,16.9,54.9
05/05/2026,08:08:21,16.9,54.9
05/05/2026,08:13:21,16.9,55
05/05/2026,08:18:21,16.9,55
05/05/2026,08:23:21,16.9,54.9
05/05/2026,08:28:21,16.9,54.9
05/05/2026,08:33:21,16.9,54.9
05/05/2026,08:38:21,16.9,54.9
05/05/2026,08:43:21,16.9,54.9
05/05/2026,08:48:21,16.9,54.9
05/05/2026,08:53:21,16.9,54.9
05/05/2026,08:58:21,16.9,54.9
05/05/2026,09:03:21,16.9,54.9
05/05/2026,09:08:21,17,54.9
05/05/2026,09:13:21,17,54.9
05/05/2026,09:18:21,17,54.9
05/05/2026,09:23:21,17,54.9
05/05/2026,09:28:21,17,54.9
05/05/2026,09:33:21,17,54.9
05/05/2026,09:38:21,17,54.9
05/05/2026,09:43:21,17,54.9
05/05/2026,09:48:21,17,54.9
05/05/2026,09:53:21,17,54.9
05/05/2026,09:58:21,17,54.8
05/05/2026,10:03:21,17.1,54.8
05/05/2026,10:08:21,17.1,54.9
05/05/2026,10:13:21,17.1,54.9
05/05/2026,10:18:21,17.1,54.8
05/05/2026,10:23:21,17.1,54.8
05/05/2026,10:28:21,17.1,54.8
05/05/2026,10:33:21,17.1,54.9
05/05/2026,10:38:21,17.1,54.8
05/05/2026,10:43:21,17.1,54.8
05/05/2026,10:48:21,17.2,54.8
05/05/2026,10:53:21,17.1,54.8
05/05/2026,10:58:21,17.2,54.8
05/05/2026,11:03:21,17.2,54.8
05/05/2026,11:08:21,17.2,54.8
05/05/2026,11:13:21,17.2,54.8
05/05/2026,11:18:21,17.2,54.8
05/05/2026,11:23:21,17.2,54.8
05/05/2026,11:28:21,17.2,54.8
05/05/2026,11:33:21,17.3,54.8
05/05/2026,11:38:21,17.3,54.8
05/05/2026,11:43:21,17.3,54.7
05/05/2026,11:48:21,17.3,54.8
05/05/2026,11:53:21,17.3,54.7
05/05/2026,11:58:21,17.3,54.7
05/05/2026,12:03:21,17.4,54.6
05/05/2026,12:08:21,17.4,54.7
05/05/2026,12:13:21,17.4,54.7
05/05/2026,12:18:21,17.5,54.7
05/05/2026,12:23:21,17.5,54.7
05/05/2026,12:28:21,17.5,54.6
05/05/2026,12:33:21,17.6,54.7
05/05/2026,12:38:21,17.6,54.7
05/05/2026,12:43:21,17.7,54.7
05/05/2026,12:48:21,17.7,54.8
05/05/2026,12:53:21,17.8,54.7
05/05/2026,12:58:21,17.8,54.7
05/05/2026,13:03:21,17.9,54.8
05/05/2026,13:08:21,17.9,54.8
05/05/2026,13:13:21,18,54.8
05/05/2026,13:18:21,18,54.9
05/05/2026,13:23:21,18.1,54.8
05/05/2026,13:28:21,18.1,54.7
05/05/2026,13:33:21,18.1,54.7
05/05/2026,13:38:21,18.1,54.6
05/05/2026,13:43:21,18.1,54.7
05/05/2026,13:48:21,18.1,54.8
05/05/2026,13:53:21,18.1,54.7
05/05/2026,13:58:21,18.2,54.7
05/05/2026,14:03:21,18.1,54.6
05/05/2026,14:08:21,18.1,54.7
05/05/2026,14:13:21,18.1,54.7
05/05/2026,14:18:21,18.2,54.7
05/05/2026,14:23:21,18.1,54.6
05/05/2026,14:28:21,18.2,54.7
05/05/2026,14:33:21,18.2,54.7
05/05/2026,14:38:21,18.2,54.7
05/05/2026,14:43:21,18.2,54.7
05/05/2026,14:48:21,18.2,54.7
05/05/2026,14:53:21,18.2,54.6
05/05/2026,14:58:21,18.1,54.6
05/05/2026,15:03:21,18.2,54.6
05/05/2026,15:08:21,18.1,54.6
05/05/2026,15:13:21,18.1,54.6
05/05/2026,15:18:21,18.1,54.6
05/05/2026,15:23:21,18.1,54.6
05/05/2026,15:28:21,18.2,54.5
05/05/2026,15:33:21,18.1,54.6
05/05/2026,15:38:21,18.2,54.5
05/05/2026,15:43:21,18.2,54.5
05/05/2026,15:48:21,18.2,54.6
05/05/2026,15:53:21,18.2,54.6
05/05/2026,15:58:21,18.2,54.7
05/05/2026,16:03:21,18.2,54.7
05/05/2026,16:08:21,18.2,54.7
05/05/2026,16:13:21,18.2,54.7
05/05/2026,16:18:21,18.2,54.7
05/05/2026,16:23:21,18.2,54.7
05/05/2026,16:28:21,18.2,54.7
05/05/2026,16:33:21,18.2,54.7
05/05/2026,16:38:21,18.2,54.6
05/05/2026,16:43:21,18.3,54.6
05/05/2026,16:48:21,18.3,54.6
05/05/2026,16:53:21,18.3,54.6
05/05/2026,16:58:21,18.3,54.5
05/05/2026,17:03:21,18.3,54.5
05/05/2026,17:08:21,18.3,54.5
05/05/2026,17:13:21,18.3,54.4
05/05/2026,17:18:21,18.3,54.5
05/05/2026,17:23:21,18.3,54.5
05/05/2026,17:28:21,18.3,54.4
05/05/2026,17:33:21,18.3,54.4
05/05/2026,17:38:21,18.3,54.4
05/05/2026,17:43:21,18.3,54.4
05/05/2026,17:48:21,18.3,54.4
05/05/2026,17:53:21,18.2,54.4
05/05/2026,17:58:21,18.3,54.4
05/05/2026,18:03:21,18.3,54.3
05/05/2026,18:08:21,18.2,54.3
05/05/2026,18:13:21,18.2,54.2
05/05/2026,18:18:21,18.2,54.3
05/05/2026,18:23:21,18.2,54.4
05/05/2026,18:28:21,18.2,54.4
05/05/2026,18:33:21,18.2,54.4
05/05/2026,18:38:21,18.2,54.4
05/05/2026,18:43:21,18.2,54.4
05/05/2026,18:48:21,18.2,54.4
05/05/2026,18:53:21,18.3,54.4
05/05/2026,18:58:21,18.3,54.4
05/05/2026,19:03:21,18.3,54.4
05/05/2026,19:08:21,18.4,54.5
05/05/2026,19:13:21,18.4,54.6
05/05/2026,19:18:21,18.4,54.7
05/05/2026,19:23:21,18.5,54.7
05/05/2026,19:28:21,18.5,54.8
05/05/2026,19:33:21,18.6,55
05/05/2026,19:38:21,18.6,55
05/05/2026,19:43:21,18.6,55
05/05/2026,19:48:21,18.7,55.1
05/05/2026,19:53:21,18.7,55.1
05/05/2026,19:58:21,18.8,55.1
05/05/2026,20:03:21,18.8,55.1
05/05/2026,20:08:21,18.8,55.1
05/05/2026,20:13:21,18.8,55.1
05/05/2026,20:18:21,18.8,55.1
05/05/2026,20:23:21,18.8,55
05/05/2026,20:28:21,18.8,55
05/05/2026,20:33:21,18.8,55.1
05/05/2026,20:38:21,18.8,54.9
05/05/2026,20:43:21,18.8,54.9
05/05/2026,20:48:21,18.8,54.8
05/05/2026,20:53:21,18.8,54.7
05/05/2026,20:58:21,18.8,54.7
05/05/2026,21:03:21,18.7,54.6
05/05/2026,21:08:21,18.7,54.5
05/05/2026,21:13:21,18.6,54.5
05/05/2026,21:18:21,18.6,54.4
05/05/2026,21:23:21,18.6,54.3
05/05/2026,21:28:21,18.5,54.3
05/05/2026,21:33:21,18.5,54.2
05/05/2026,21:38:21,18.5,54.2
05/05/2026,21:43:21,18.5,54.2
05/05/2026,21:48:21,18.5,54.2
05/05/2026,21:53:21,18.4,54.1
05/05/2026,21:58:21,18.4,54.1
05/05/2026,22:03:21,18.4,54.1
05/05/2026,22:08:21,18.4,54.1
05/05/2026,22:13:21,18.3,54.1
05/05/2026,22:18:21,18.3,54.1
05/05/2026,22:23:21,18.3,54.1
05/05/2026,22:28:21,18.2,54
05/05/2026,22:33:21,18.2,54
05/05/2026,22:38:21,18.2,54.1
05/05/2026,22:43:21,18.1,54.1
05/05/2026,22:48:21,18.1,54.1
05/05/2026,22:53:21,18.1,54
05/05/2026,22:58:21,18.1,54
05/05/2026,23:03:21,18.1,54
05/05/2026,23:08:21,18.1,54
05/05/2026,23:13:21,18,54
05/05/2026,23:18:21,18,54
05/05/2026,23:23:21,18,54
05/05/2026,23:28:21,18,54
05/05/2026,23:33:21,17.9,54
05/05/2026,23:38:21,17.9,53.9
05/05/2026,23:43:21,17.9,54
05/05/2026,23:48:21,17.9,54
05/05/2026,23:53:21,17.8,53.9
05/05/2026,23:58:21,17.8,53.9
05/06/2026,00:03:21,17.8,53.9
05/06/2026,00:08:21,17.8,53.9
05/06/2026,00:13:21,17.8,53.9
05/06/2026,00:18:21,17.8,53.9
05/06/2026,00:23:21,17.8,53.8
05/06/2026,00:28:21,17.7,53.8
05/06/2026,00:33:21,17.7,53.8
05/06/2026,00:38:21,17.7,53.8
05/06/2026,00:43:21,17.7,53.8
05/06/2026,00:48:21,17.7,53.8
05/06/2026,00:53:21,17.6,53.7
05/06/2026,00:58:21,17.6,53.8
05/06/2026,01:03:21,17.6,53.7
05/06/2026,01:08:21,17.6,53.7
05/06/2026,01:13:21,17.6,53.7
05/06/2026,01:18:21,17.6,53.7
05/06/2026,01:23:21,17.5,53.7
05/06/2026,01:28:21,17.5,53.7
05/06/2026,01:33:21,17.5,53.7
05/06/2026,01:38:21,17.5,53.6
05/06/2026,01:43:21,17.4,53.6
05/06/2026,01:48:21,17.4,53.6
05/06/2026,01:53:21,17.5,53.6
05/06/2026,01:58:21,17.4,53.6
05/06/2026,02:03:21,17.4,53.6
05/06/2026,02:08:21,17.4,53.5
05/06/2026,02:13:21,17.4,53.5
05/06/2026,02:18:21,17.3,53.5
05/06/2026,02:23:21,17.3,53.5
05/06/2026,02:28:21,17.3,53.4
05/06/2026,02:33:21,17.3,53.4
05/06/2026,02:38:21,17.3,53.4
05/06/2026,02:43:21,17.3,53.4
05/06/2026,02:48:21,17.2,53.3
05/06/2026,02:53:21,17.2,53.3
05/06/2026,02:58:21,17.2,53.3
05/06/2026,03:03:21,17.2,53.3
05/06/2026,03:08:21,17.2,53.3
05/06/2026,03:13:21,17.2,53.3
05/06/2026,03:18:21,17.1,53.2
05/06/2026,03:23:21,17.1,53.2
05/06/2026,03:28:21,17.1,53.2
05/06/2026,03:33:21,17.1,53.2
05/06/2026,03:38:21,17.1,53.2
05/06/2026,03:43:21,17.1,53.2
05/06/2026,03:48:21,17,53.1
05/06/2026,03:53:21,17,53.1
05/06/2026,03:58:21,17,53
05/06/2026,04:03:21,17,53.1
05/06/2026,04:08:21,17,53
05/06/2026,04:13:21,16.9,52.9
05/06/2026,04:18:21,16.9,53
05/06/2026,04:23:21,16.9,52.9
05/06/2026,04:28:21,16.9,52.8
05/06/2026,04:33:21,16.9,52.9
05/06/2026,04:38:21,16.8,52.8
05/06/2026,04:43:21,16.8,52.8
05/06/2026,04:48:21,16.8,52.7
05/06/2026,04:53:21,16.8,52.7
05/06/2026,04:58:21,16.8,52.7
05/06/2026,05:03:21,16.8,52.7
05/06/2026,05:08:21,16.7,52.6
05/06/2026,05:13:21,16.7,52.6
05/06/2026,05:18:21,16.7,52.6
05/06/2026,05:23:21,16.7,52.6
05/06/2026,05:28:21,16.6,52.4
05/06/2026,05:33:21,16.6,52.4
05/06/2026,05:38:21,16.6,52.4
05/06/2026,05:43:21,16.6,52.4
05/06/2026,05:48:21,16.6,52.4
05/06/2026,05:53:21,16.5,52.4
05/06/2026,05:58:21,16.5,52.3
05/06/2026,06:03:21,16.5,52.3
05/06/2026,06:08:21,16.5,52.3
05/06/2026,06:13:21,16.5,52.3
05/06/2026,06:18:21,16.5,52.3
05/06/2026,06:23:21,16.4,52.2
05/06/2026,06:28:21,16.4,52.2
05/06/2026,06:33:21,16.4,52.1
05/06/2026,06:38:21,16.4,52.2
05/06/2026,06:43:21,16.4,52.1
05/06/2026,06:48:21,16.4,52.2
05/06/2026,06:53:21,16.4,52.1
05/06/2026,06:58:21,16.4,52.1
05/06/2026,07:03:21,16.4,52
05/06/2026,07:08:21,16.4,52
05/06/2026,07:13:21,16.4,52
05/06/2026,07:18:21,16.4,51.9
05/06/2026,07:23:21,16.4,51.9
05/06/2026,07:28:21,16.4,51.9
05/06/2026,07:33:21,16.3,51.9
05/06/2026,07:38:21,16.4,51.8
05/06/2026,07:43:21,16.4,51.8
05/06/2026,07:48:21,16.4,51.8
05/06/2026,07:53:21,16.4,51.8
05/06/2026,07:58:21,16.4,51.8
05/06/2026,08:03:21,16.4,51.8
05/06/2026,08:08:21,16.4,51.7
05/06/2026,08:13:21,16.4,51.7
05/06/2026,08:18:21,16.4,51.7
05/06/2026,08:23:21,16.5,51.7
05/06/2026,08:28:21,16.4,51.7
05/06/2026,08:33:21,16.5,51.7
05/06/2026,08:38:21,16.5,51.7
05/06/2026,08:43:21,16.5,51.7
05/06/2026,08:48:21,16.5,51.8
05/06/2026,08:53:21,16.5,51.7
05/06/2026,08:58:21,16.5,51.7
05/06/2026,09:03:21,16.5,51.7
05/06/2026,09:08:21,16.5,51.7
05/06/2026,09:13:21,16.5,51.8
05/06/2026,09:18:21,16.5,51.7
05/06/2026,09:23:21,16.5,51.8
05/06/2026,09:28:21,16.5,51.8
05/06/2026,09:33:21,16.5,51.8
05/06/2026,09:38:21,16.6,51.9
05/06/2026,09:43:21,16.6,52
05/06/2026,09:48:21,16.6,52
05/06/2026,09:53:21,16.6,52.1
05/06/2026,09:58:21,16.6,52.1
05/06/2026,10:03:21,16.6,52.2
05/06/2026,10:08:21,16.6,52.2
05/06/2026,10:13:21,16.7,52.3
05/06/2026,10:18:21,16.7,52.2
05/06/2026,10:23:21,16.7,52.2
05/06/2026,10:28:21,16.7,52.2
05/06/2026,10:33:21,16.7,52.3
05/06/2026,10:38:21,16.7,52.3
05/06/2026,10:43:21,16.7,52.3
05/06/2026,10:48:21,16.7,52.3
05/06/2026,10:53:21,16.6,52.3
05/06/2026,10:58:21,16.7,52.3
05/06/2026,11:03:21,16.7,52.4
05/06/2026,11:08:21,16.7,52.4
05/06/2026,11:13:21,16.6,52.5
05/06/2026,11:18:21,16.6,52.4
05/06/2026,11:23:21,16.6,52.4
05/06/2026,11:28:21,16.6,52.5
05/06/2026,11:33:21,16.6,52.5
05/06/2026,11:38:21,16.6,52.5
05/06/2026,11:43:21,16.6,52.5
05/06/2026,11:48:21,16.6,52.5
05/06/2026,11:53:21,16.6,52.5
05/06/2026,11:58:21,16.6,52.5
05/06/2026,12:03:21,16.6,52.5
05/06/2026,12:08:21,16.6,52.5
05/06/2026,12:13:21,16.6,52.5
05/06/2026,12:18:21,16.6,52.5
05/06/2026,12:23:21,16.6,52.5
05/06/2026,12:28:21,16.6,52.5
05/06/2026,12:33:21,16.6,52.5
05/06/2026,12:38:21,16.6,52.5
05/06/2026,12:43:21,16.6,52.6
05/06/2026,12:48:21,16.6,52.5
05/06/2026,12:53:21,16.6,52.5
05/06/2026,12:58:21,16.6,52.5
05/06/2026,13:03:21,16.6,52.5
05/06/2026,13:08:21,16.6,52.5
05/06/2026,13:13:21,16.6,52.5
05/06/2026,13:18:21,16.6,52.5
05/06/2026,13:23:21,16.6,52.5
05/06/2026,13:28:21,16.6,52.4
05/06/2026,13:33:21,16.6,52.4
05/06/2026,13:38:21,16.6,52.4
05/06/2026,13:43:21,16.6,52.4
05/06/2026,13:48:21,16.6,52.4
05/06/2026,13:53:21,16.6,52.3
05/06/2026,13:58:21,16.6,52.3
05/06/2026,14:03:21,16.7,52.4
05/06/2026,14:08:21,16.6,52.3
05/06/2026,14:13:21,16.6,52.4
05/06/2026,14:18:21,16.7,52.4
05/06/2026,14:23:21,16.7,52.4
05/06/2026,14:28:21,16.7,52.4
05/06/2026,14:33:21,16.7,52.5
05/06/2026,14:38:21,16.8,52.4
05/06/2026,14:43:21,16.8,52.4
05/06/2026,14:48:21,16.8,52.3
05/06/2026,14:53:21,16.8,52.3
05/06/2026,14:58:21,16.9,52.2
05/06/2026,15:03:21,16.9,52.1
05/06/2026,15:08:21,16.9,52.1
05/06/2026,15:13:21,16.9,52.1
05/06/2026,15:18:21,16.9,52
05/06/2026,15:23:21,16.9,52
05/06/2026,15:28:21,16.9,52
05/06/2026,15:33:21,16.9,52
05/06/2026,15:38:21,16.9,51.9
05/06/2026,15:43:21,16.9,51.9
05/06/2026,15:48:21,17,51.9
05/06/2026,15:53:21,17,51.9
05/06/2026,15:58:21,17,51.8
05/06/2026,16:03:21,17,51.7
05/06/2026,16:08:21,17,51.7
05/06/2026,16:13:21,17,51.7
05/06/2026,16:18:21,17.1,51.7
05/06/2026,16:23:21,17.1,51.6
05/06/2026,16:28:21,17.1,51.6
05/06/2026,16:33:21,17.1,51.5
05/06/2026,16:38:21,17.1,51.5
05/06/2026,16:43:21,17.2,51.5
05/06/2026,16:48:21,17.2,51.5
05/06/2026,16:53:21,17.2,51.5
05/06/2026,16:58:21,17.2,51.5
05/06/2026,17:03:21,17.2,51.4
05/06/2026,17:08:21,17.2,51.4
05/06/2026,17:13:21,17.3,51.4
05/06/2026,17:18:21,17.3,51.4
05/06/2026,17:23:21,17.3,51.3
05/06/2026,17:28:21,17.3,51.3
05/06/2026,17:33:21,17.3,51.3
05/06/2026,17:38:21,17.4,51.3
05/06/2026,17:43:21,17.3,51.3
05/06/2026,17:48:21,17.4,51.3
05/06/2026,17:53:21,17.4,51.3
05/06/2026,17:58:21,17.4,51.2
05/06/2026,18:03:21,17.4,51.2
05/06/2026,18:08:21,17.5,51.2
05/06/2026,18:13:21,17.4,51.2
05/06/2026,18:18:21,17.4,51.2
05/06/2026,18:23:21,17.4,51.2
05/06/2026,18:28:21,17.4,51.3
05/06/2026,18:33:21,17.4,51.4
05/06/2026,18:38:21,17.4,51.4
05/06/2026,18:43:21,17.4,51.4
05/06/2026,18:48:21,17.5,51.5
05/06/2026,18:53:21,17.5,51.6
05/06/2026,18:58:21,17.5,51.7
05/06/2026,19:03:21,17.6,51.7
05/06/2026,19:08:21,17.6,51.9
05/06/2026,19:13:21,17.6,52
05/06/2026,19:18:21,17.7,52.1
05/06/2026,19:23:21,17.7,52.2
05/06/2026,19:28:21,17.7,52.3
05/06/2026,19:33:21,17.7,52.5
05/06/2026,19:38:21,17.8,52.7
05/06/2026,19:43:21,17.8,52.7
05/06/2026,19:48:21,17.9,52.8
05/06/2026,19:53:21,17.9,52.9
05/06/2026,19:58:21,17.9,53
05/06/2026,20:03:21,17.9,53
05/06/2026,20:08:21,17.9,52.9
05/06/2026,20:13:21,17.9,52.9
05/06/2026,20:18:21,17.9,52.9
05/06/2026,20:23:21,17.9,52.9
05/06/2026,20:28:21,17.9,52.9
05/06/2026,20:33:21,17.9,52.8
05/06/2026,20:38:21,17.9,52.9
05/06/2026,20:43:21,17.8,52.9
05/06/2026,20:48:21,17.8,52.8
05/06/2026,20:53:21,17.8,52.8
05/06/2026,20:58:21,17.8,52.8
05/06/2026,21:03:21,17.7,52.8
05/06/2026,21:08:21,17.7,52.8
05/06/2026,21:13:21,17.7,52.8
05/06/2026,21:18:21,17.7,52.8
05/06/2026,21:23:21,17.6,52.8
05/06/2026,21:28:21,17.6,52.8
05/06/2026,21:33:21,17.5,52.7
05/06/2026,21:38:21,17.6,52.7
05/06/2026,21:43:21,17.5,52.8
05/06/2026,21:48:21,17.5,52.7
05/06/2026,21:53:21,17.5,52.8
05/06/2026,21:58:21,17.4,52.8
05/06/2026,22:03:21,17.4,52.8
05/06/2026,22:08:21,17.4,52.7
05/06/2026,22:13:21,17.4,52.8
05/06/2026,22:18:21,17.4,52.8
05/06/2026,22:23:21,17.3,52.8
05/06/2026,22:28:21,17.3,52.8
05/06/2026,22:33:21,17.3,52.8
05/06/2026,22:38:21,17.3,52.8
05/06/2026,22:43:21,17.3,52.8
05/06/2026,22:48:21,17.2,52.8
05/06/2026,22:53:21,17.2,52.9
05/06/2026,22:58:21,17.2,52.9
05/06/2026,23:03:21,17.2,52.9
05/06/2026,23:08:21,17.2,52.9
05/06/2026,23:13:21,17.1,52.9
05/06/2026,23:18:21,17.1,52.9
05/06/2026,23:23:21,17.1,53
05/06/2026,23:28:21,17.1,52.9
05/06/2026,23:33:21,17.1,52.9
05/06/2026,23:38:21,17.1,52.9
05/06/2026,23:43:21,17.1,52.9
05/06/2026,23:48:21,17,52.9
05/06/2026,23:53:21,17,53
05/06/2026,23:58:21,17,52.9
05/07/2026,00:03:21,17,53
05/07/2026,00:08:21,17,53
05/07/2026,00:13:21,17,52.9
05/07/2026,00:18:21,17,52.9
05/07/2026,00:23:21,16.9,53
05/07/2026,00:28:21,16.9,53
05/07/2026,00:33:21,16.9,53
05/07/2026,00:38:21,16.9,53
05/07/2026,00:43:21,16.9,52.9
05/07/2026,00:48:21,16.9,53
05/07/2026,00:53:21,16.9,53
05/07/2026,00:58:21,16.8,52.9
05/07/2026,01:03:21,16.8,52.9
05/07/2026,01:08:21,16.8,52.9
05/07/2026,01:13:21,16.8,53
05/07/2026,01:18:21,16.8,53
05/07/2026,01:23:21,16.8,52.9
05/07/2026,01:28:21,16.7,52.9
05/07/2026,01:33:21,16.8,52.9
05/07/2026,01:38:21,16.7,53
05/07/2026,01:43:21,16.7,52.9
05/07/2026,01:48:21,16.7,52.9
05/07/2026,01:53:21,16.7,52.9
05/07/2026,01:58:21,16.7,52.9
05/07/2026,02:03:21,16.7,52.8
05/07/2026,02:08:21,16.6,52.9
05/07/2026,02:13:21,16.6,52.9
05/07/2026,02:18:21,16.6,52.8
05/07/2026,02:23:21,16.6,52.9
05/07/2026,02:28:21,16.6,52.8
05/07/2026,02:33:21,16.6,52.8
05/07/2026,02:38:21,16.6,52.8
05/07/2026,02:43:21,16.5,52.8
05/07/2026,02:48:21,16.5,52.8
05/07/2026,02:53:21,16.5,52.8
05/07/2026,02:58:21,16.5,52.8
05/07/2026,03:03:21,16.5,52.8
05/07/2026,03:08:21,16.5,52.8
05/07/2026,03:13:21,16.5,52.8
05/07/2026,03:18:21,16.5,52.8
05/07/2026,03:23:21,16.4,52.8
05/07/2026,03:28:21,16.4,52.8
05/07/2026,03:33:21,16.4,52.7
05/07/2026,03:38:21,16.4,52.8
05/07/2026,03:43:21,16.4,52.8
05/07/2026,03:48:21,16.4,52.7
05/07/2026,03:53:21,16.4,52.7
05/07/2026,03:58:21,16.3,52.7
05/07/2026,04:03:21,16.3,52.7
05/07/2026,04:08:21,16.3,52.7
05/07/2026,04:13:21,16.3,52.7
05/07/2026,04:18:21,16.3,52.6
05/07/2026,04:23:21,16.3,52.6
05/07/2026,04:28:21,16.2,52.6
05/07/2026,04:33:21,16.2,52.6
05/07/2026,04:38:21,16.2,52.6
05/07/2026,04:43:21,16.2,52.6
05/07/2026,04:48:21,16.2,52.6
05/07/2026,04:53:21,16.2,52.5
05/07/2026,04:58:21,16.1,52.6
05/07/2026,05:03:21,16.1,52.6
05/07/2026,05:08:21,16.1,52.5
05/07/2026,05:13:21,16.1,52.5
05/07/2026,05:18:21,16.1,52.5
05/07/2026,05:23:21,16.1,52.5
05/07/2026,05:28:21,16,52.5
05/07/2026,05:33:21,16,52.5
05/07/2026,05:38:21,16,52.5
05/07/2026,05:43:21,16,52.4
05/07/2026,05:48:21,16,52.4
05/07/2026,05:53:21,16,52.4
05/07/2026,05:58:21,16,52.4
05/07/2026,06:03:21,15.9,52.4
05/07/2026,06:08:21,15.9,52.4
05/07/2026,06:13:21,15.9,52.4
05/07/2026,06:18:21,15.9,52.4
05/07/2026,06:23:21,15.9,52.4
05/07/2026,06:28:21,15.9,52.5
05/07/2026,06:33:21,15.8,52.4
05/07/2026,06:38:21,15.8,52.4
05/07/2026,06:43:21,15.8,52.4
05/07/2026,06:48:21,15.8,52.4
05/07/2026,06:53:21,15.8,52.3
05/07/2026,06:58:21,15.8,52.4
05/07/2026,07:03:21,15.8,52.5
05/07/2026,07:08:21,15.8,52.5
05/07/2026,07:13:21,15.8,52.4
05/07/2026,07:18:21,15.8,52.4
05/07/2026,07:23:21,15.8,52.5
05/07/2026,07:28:21,15.8,52.6
05/07/2026,07:33:21,15.8,52.5
05/07/2026,07:38:21,15.8,52.6
05/07/2026,07:43:21,15.9,52.5
05/07/2026,07:48:21,15.9,52.5
05/07/2026,07:53:21,15.9,52.6
05/07/2026,07:58:21,15.9,52.5
05/07/2026,08:03:21,15.9,52.5
05/07/2026,08:08:21,16,52.5
05/07/2026,08:13:21,16,52.5
05/07/2026,08:18:21,16,52.5
05/07/2026,08:23:21,16,52.5
05/07/2026,08:28:21,16,52.5
05/07/2026,08:33:21,16,52.5
05/07/2026,08:38:21,16.1,52.5
05/07/2026,08:43:21,16.1,52.5
05/07/2026,08:48:21,16.1,52.6
05/07/2026,08:53:21,16.1,52.6
05/07/2026,08:58:21,16.1,52.6
05/07/2026,09:03:21,16.2,52.6
05/07/2026,09:08:21,16.2,52.6
05/07/2026,09:13:21,16.2,52.6
05/07/2026,09:18:21,16.2,52.6
05/07/2026,09:23:21,16.2,52.6
05/07/2026,09:28:21,16.3,52.6
05/07/2026,09:33:21,16.3,52.6
05/07/2026,09:38:21,16.3,52.6
05/07/2026,09:43:21,16.3,52.7
05/07/2026,09:48:21,16.3,52.7
05/07/2026,09:53:21,16.4,52.7
05/07/2026,09:58:21,16.4,52.8
05/07/2026,10:03:21,16.5,52.8
05/07/2026,10:08:21,16.5,52.8
05/07/2026,10:13:21,16.5,52.8
05/07/2026,10:18:21,16.6,52.8
05/07/2026,10:23:21,16.6,52.8
05/07/2026,10:28:21,16.6,52.8
05/07/2026,10:33:21,16.6,52.7
05/07/2026,10:38:21,16.6,52.8
05/07/2026,10:43:21,16.6,52.7
05/07/2026,10:48:21,16.6,52.8
05/07/2026,10:53:21,16.6,52.8
05/07/2026,10:58:21,16.6,52.8
05/07/2026,11:03:21,16.6,52.7
05/07/2026,11:08:21,16.7,52.7
05/07/2026,11:13:21,16.7,52.7
05/07/2026,11:18:21,16.6,52.7
05/07/2026,11:23:21,16.6,52.7
05/07/2026,11:28:21,16.7,52.8
05/07/2026,11:33:21,16.7,52.8
05/07/2026,11:38:21,16.7,52.7
05/07/2026,11:43:21,16.7,52.7
05/07/2026,11:48:21,16.7,52.7
05/07/2026,11:53:21,16.7,52.7
05/07/2026,11:58:21,16.8,52.7
05/07/2026,12:03:21,16.8,52.7
05/07/2026,12:08:21,16.8,52.7
05/07/2026,12:13:21,16.8,52.8
05/07/2026,12:18:21,16.9,52.7
05/07/2026,12:23:21,16.8,52.7
05/07/2026,12:28:21,16.9,52.7
05/07/2026,12:33:21,16.9,52.7
05/07/2026,12:38:21,16.9,52.7
05/07/2026,12:43:21,17,52.7
05/07/2026,12:48:21,17,52.6
05/07/2026,12:53:21,17,52.6
05/07/2026,12:58:21,17,52.6
05/07/2026,13:03:21,17,52.5
05/07/2026,13:08:21,17,52.5
05/07/2026,13:13:21,17,52.5
05/07/2026,13:18:21,17,52.5
05/07/2026,13:23:21,17,52.5
05/07/2026,13:28:21,17,52.5
05/07/2026,13:33:21,17,52.5
05/07/2026,13:38:21,17,52.5
05/07/2026,13:43:21,17,52.5
05/07/2026,13:48:21,17,52.5
05/07/2026,13:53:21,17,52.4
05/07/2026,13:58:21,17,52.4
05/07/2026,14:03:21,17,52.4
05/07/2026,14:08:21,17,52.4
05/07/2026,14:13:21,17,52.4
05/07/2026,14:18:21,17,52.4
05/07/2026,14:23:21,17,52.4
05/07/2026,14:28:21,17,52.5
05/07/2026,14:33:21,17,52.5
05/07/2026,14:38:21,16.9,52.5
05/07/2026,14:43:21,16.9,52.5
05/07/2026,14:48:21,16.9,52.4
05/07/2026,14:53:21,17,52.4
05/07/2026,14:58:21,16.9,52.4
05/07/2026,15:03:21,17,52.4
05/07/2026,15:08:21,16.9,52.4
05/07/2026,15:13:21,16.9,52.4
05/07/2026,15:18:21,16.9,52.4
05/07/2026,15:23:21,16.9,52.5
05/07/2026,15:28:21,16.9,52.5
05/07/2026,15:33:21,16.9,52.6
05/07/2026,15:38:21,16.9,52.5
05/07/2026,15:43:21,16.9,52.4
05/07/2026,15:48:21,16.9,52.6
05/07/2026,15:53:21,16.9,52.5
05/07/2026,15:58:21,16.9,52.5
05/07/2026,16:03:21,17,52.5
05/07/2026,16:08:21,17,52.5
05/07/2026,16:13:21,17,52.5
05/07/2026,16:18:21,17,52.5
05/07/2026,16:23:21,17,52.5
05/07/2026,16:28:21,17.1,52.5
05/07/2026,16:33:21,17.1,52.5
05/07/2026,16:38:21,17.1,52.4
05/07/2026,16:43:21,17.1,52.4
05/07/2026,16:48:21,17.1,52.4
05/07/2026,16:53:21,17.1,52.4
05/07/2026,16:58:21,17.1,52.4
05/07/2026,17:03:21,17.1,52.3
05/07/2026,17:08:21,17.1,52.3
05/07/2026,17:13:21,17.1,52.3
05/07/2026,17:18:21,17.1,52.3
05/07/2026,17:23:21,17.1,52.3
05/07/2026,17:28:21,17.1,52.3
05/07/2026,17:33:21,17.1,52.3
05/07/2026,17:38:21,17.1,52.3
05/07/2026,17:43:21,17.1,52.3
05/07/2026,17:48:21,17.1,52.3
05/07/2026,17:53:21,17.1,52.2
05/07/2026,17:58:21,17.1,52.3
05/07/2026,18:03:21,17,52.2
05/07/2026,18:08:21,17.1,52.2
05/07/2026,18:13:21,17.1,52.3
05/07/2026,18:18:21,17.2,52.1
05/07/2026,18:23:21,17.4,52
05/07/2026,18:28:21,17.4,51.9
05/07/2026,18:33:21,17.4,52
05/07/2026,18:38:21,17.3,52.1
05/07/2026,18:43:21,17.3,52.1
05/07/2026,18:48:21,17.3,52.2
05/07/2026,18:53:21,17.3,52.3
05/07/2026,18:58:21,17.3,52.4
05/07/2026,19:03:21,17.4,52.5
05/07/2026,19:08:21,17.4,52.6
05/07/2026,19:13:21,17.4,52.8
05/07/2026,19:18:21,17.4,52.9
05/07/2026,19:23:21,17.5,53
05/07/2026,19:28:21,17.5,53
05/07/2026,19:33:21,17.6,53.2
05/07/2026,19:38:21,17.6,53.2
05/07/2026,19:43:21,17.6,53.3
05/07/2026,19:48:21,17.7,53.4
05/07/2026,19:53:21,17.7,53.4
05/07/2026,19:58:21,17.7,53.3
05/07/2026,20:03:21,17.7,53.3
05/07/2026,20:08:21,17.7,53.3
05/07/2026,20:13:21,17.7,53.2
05/07/2026,20:18:21,17.7,53.2
05/07/2026,20:23:21,17.7,53.2
05/07/2026,20:28:21,17.6,53.1
05/07/2026,20:33:21,17.6,53.1
05/07/2026,20:38:21,17.6,53
05/07/2026,20:43:21,17.6,53
05/07/2026,20:48:21,17.5,53
05/07/2026,20:53:21,17.5,53
05/07/2026,20:58:21,17.5,53
05/07/2026,21:03:21,17.5,52.9
05/07/2026,21:08:21,17.5,52.9
05/07/2026,21:13:21,17.4,52.8
05/07/2026,21:18:21,17.4,52.9
05/07/2026,21:23:21,17.4,52.8
05/07/2026,21:28:21,17.4,52.8
05/07/2026,21:33:21,17.3,52.9
05/07/2026,21:38:21,17.3,52.9
05/07/2026,21:43:21,17.3,52.9
05/07/2026,21:48:21,17.2,52.8
05/07/2026,21:53:21,17.2,52.8
05/07/2026,21:58:21,17.2,52.8
05/07/2026,22:03:21,17.2,52.9
05/07/2026,22:08:21,17.2,52.9
05/07/2026,22:13:21,17.2,52.9
05/07/2026,22:18:21,17.1,52.9
05/07/2026,22:23:21,17.1,52.9
05/07/2026,22:28:21,17.1,52.9
05/07/2026,22:33:21,17.1,52.8
05/07/2026,22:38:21,17,52.9
05/07/2026,22:43:21,17,52.9
05/07/2026,22:48:21,17,52.9
05/07/2026,22:53:21,17,52.8
05/07/2026,22:58:21,17,52.8
05/07/2026,23:03:21,17,52.9
05/07/2026,23:08:21,17,52.9
05/07/2026,23:13:21,16.9,52.8
05/07/2026,23:18:21,16.9,52.9
05/07/2026,23:23:21,16.9,52.8
05/07/2026,23:28:21,16.9,52.9
05/07/2026,23:33:21,16.9,52.9
05/07/2026,23:38:21,16.8,52.9
05/07/2026,23:43:21,16.8,52.8
05/07/2026,23:48:21,16.8,52.8
05/07/2026,23:53:21,16.8,52.8
05/07/2026,23:58:21,16.8,52.8
05/08/2026,00:03:21,16.7,52.8
05/08/2026,00:08:21,16.7,52.8
05/08/2026,00:13:21,16.7,52.8
05/08/2026,00:18:21,16.7,52.8
05/08/2026,00:23:21,16.7,52.8
05/08/2026,00:28:21,16.7,52.8
05/08/2026,00:33:21,16.6,52.8
05/08/2026,00:38:21,16.6,52.7
05/08/2026,00:43:21,16.6,52.7
05/08/2026,00:48:21,16.6,52.7
05/08/2026,00:53:21,16.6,52.7
05/08/2026,00:58:21,16.5,52.7
05/08/2026,01:03:21,16.5,52.8
05/08/2026,01:08:21,16.5,52.7
05/08/2026,01:13:21,16.5,52.7
05/08/2026,01:18:21,16.5,52.7
05/08/2026,01:23:21,16.5,52.7
05/08/2026,01:28:21,16.4,52.7
05/08/2026,01:33:21,16.4,52.7
05/08/2026,01:38:21,16.4,52.6
05/08/2026,01:43:21,16.4,52.7
05/08/2026,01:48:21,16.4,52.7
05/08/2026,01:53:21,16.4,52.6
05/08/2026,01:58:21,16.3,52.7
05/08/2026,02:03:21,16.3,52.7
05/08/2026,02:08:21,16.3,52.6
05/08/2026,02:13:21,16.3,52.6
05/08/2026,02:18:21,16.3,52.6
05/08/2026,02:23:21,16.3,52.6
05/08/2026,02:28:21,16.2,52.6
05/08/2026,02:33:21,16.2,52.5
05/08/2026,02:38:21,16.2,52.5
05/08/2026,02:43:21,16.2,52.5
05/08/2026,02:48:21,16.2,52.5
05/08/2026,02:53:21,16.1,52.5
05/08/2026,02:58:21,16.1,52.5
05/08/2026,03:03:21,16.1,52.5
05/08/2026,03:08:21,16.1,52.5
05/08/2026,03:13:21,16.1,52.5
05/08/2026,03:18:21,16.1,52.5
05/08/2026,03:23:21,16.1,52.5
05/08/2026,03:28:21,16,52.5
05/08/2026,03:33:21,16,52.5
05/08/2026,03:38:21,16,52.4
05/08/2026,03:43:21,16,52.4
05/08/2026,03:48:21,16,52.5
05/08/2026,03:53:21,16,52.4
05/08/2026,03:58:21,15.9,52.4
05/08/2026,04:03:21,15.9,52.5
05/08/2026,04:08:21,15.9,52.5
05/08/2026,04:13:21,15.9,52.5
05/08/2026,04:18:21,15.9,52.5
05/08/2026,04:23:21,15.9,52.5
05/08/2026,04:28:21,15.9,52.5
05/08/2026,04:33:21,15.8,52.5
05/08/2026,04:38:21,15.8,52.5
05/08/2026,04:43:21,15.8,52.5
05/08/2026,04:48:21,15.8,52.5
05/08/2026,04:53:21,15.8,52.5
05/08/2026,04:58:21,15.8,52.5
05/08/2026,05:03:21,15.8,52.5
05/08/2026,05:08:21,15.7,52.5
05/08/2026,05:13:21,15.7,52.4
05/08/2026,05:18:21,15.7,52.4
05/08/2026,05:23:21,15.7,52.5
05/08/2026,05:28:21,15.7,52.4
05/08/2026,05:33:21,15.7,52.4
05/08/2026,05:38:21,15.7,52.5
05/08/2026,05:43:21,15.6,52.4
05/08/2026,05:48:21,15.6,52.4
05/08/2026,05:53:21,15.6,52.4
05/08/2026,05:58:21,15.6,52.4
05/08/2026,06:03:21,15.6,52.4
05/08/2026,06:08:21,15.6,52.4
05/08/2026,06:13:21,15.6,52.3
05/08/2026,06:18:21,15.5,52.3
05/08/2026,06:23:21,15.5,52.3
05/08/2026,06:28:21,15.5,52.3
05/08/2026,06:33:21,15.6,52.3
05/08/2026,06:38:21,15.5,52.3
05/08/2026,06:43:21,15.5,52.4
05/08/2026,06:48:21,15.6,52.4
05/08/2026,06:53:21,15.6,52.5
05/08/2026,06:58:21,15.6,52.5
05/08/2026,07:03:21,15.6,52.6
05/08/2026,07:08:21,15.6,52.6
05/08/2026,07:13:21,15.6,52.6
05/08/2026,07:18:21,15.6,52.5
05/08/2026,07:23:21,15.6,52.6
05/08/2026,07:28:21,15.6,52.6
05/08/2026,07:33:21,15.6,52.6
05/08/2026,07:38:21,15.6,52.5
05/08/2026,07:43:21,15.6,52.6
05/08/2026,07:48:21,15.7,52.5
05/08/2026,07:53:21,15.7,52.6
05/08/2026,07:58:21,15.7,52.7
05/08/2026,08:03:21,15.7,52.6
05/08/2026,08:08:21,15.7,52.6
05/08/2026,08:13:21,15.7,52.6
05/08/2026,08:18:21,15.8,52.7
05/08/2026,08:23:21,15.8,52.7
05/08/2026,08:28:21,15.8,52.7
05/08/2026,08:33:21,15.8,52.7
05/08/2026,08:38:21,15.8,52.7
05/08/2026,08:43:21,15.9,52.7
05/08/2026,08:48:21,15.9,52.7
05/08/2026,08:53:21,15.9,52.8
05/08/2026,08:58:21,15.9,52.8
05/08/2026,09:03:21,16,52.8
05/08/2026,09:08:21,16,52.8
05/08/2026,09:13:21,16,52.8
05/08/2026,09:18:21,16,52.9
05/08/2026,09:23:21,16.1,52.8
05/08/2026,09:28:21,16.1,52.8
05/08/2026,09:33:21,16.1,52.8
05/08/2026,09:38:21,16.1,52.8
05/08/2026,09:43:21,16.1,52.9
05/08/2026,09:48:21,16.2,52.9
05/08/2026,09:53:21,16.2,52.9
05/08/2026,09:58:21,16.2,52.9
05/08/2026,10:03:21,16.2,52.9
05/08/2026,10:08:21,16.2,52.9
05/08/2026,10:13:21,16.2,52.9
05/08/2026,10:18:21,16.3,52.9
05/08/2026,10:23:21,16.3,52.9
05/08/2026,10:28:21,16.3,52.9
05/08/2026,10:33:21,16.3,52.9
05/08/2026,10:38:21,16.3,52.9
05/08/2026,10:43:21,16.3,52.9
05/08/2026,10:48:21,16.4,52.9
05/08/2026,10:53:21,16.4,52.9
05/08/2026,10:58:21,16.4,52.8
05/08/2026,11:03:21,16.4,52.9
05/08/2026,11:08:21,16.4,52.9
05/08/2026,11:13:21,16.5,52.9
05/08/2026,11:18:21,16.5,52.9
05/08/2026,11:23:21,16.5,52.9
05/08/2026,11:28:21,16.5,53
05/08/2026,11:33:21,16.5,52.9
05/08/2026,11:38:21,16.5,53
05/08/2026,11:43:21,16.5,53
05/08/2026,11:48:21,16.6,53.1
05/08/2026,11:53:21,16.6,53.1
05/08/2026,11:58:21,16.6,53
05/08/2026,12:03:21,16.6,52.9
05/08/2026,12:08:21,16.6,52.9
05/08/2026,12:13:21,16.7,52.9
05/08/2026,12:18:21,16.7,52.9
05/08/2026,12:23:21,16.8,53
05/08/2026,12:28:21,16.8,53
05/08/2026,12:33:21,16.9,53
05/08/2026,12:38:21,17,53
05/08/2026,12:43:21,17.1,53.2
05/08/2026,12:48:21,17.2,53.3
05/08/2026,12:53:21,17.3,53.3
05/08/2026,12:58:21,17.4,53.4
05/08/2026,13:03:21,17.4,53.4
05/08/2026,13:08:21,17.6,53.4
05/08/2026,13:13:21,17.6,53.4
05/08/2026,13:18:21,17.7,53.4
05/08/2026,13:23:21,17.8,53.4
05/08/2026,13:28:21,17.8,53.4
05/08/2026,13:33:21,17.9,53.3
05/08/2026,13:38:21,17.9,53.2
05/08/2026,13:43:21,17.9,53.2
05/08/2026,13:48:21,17.9,53.1
05/08/2026,13:53:21,18,53.1
05/08/2026,13:58:21,18,53
05/08/2026,14:03:21,18,53
05/08/2026,14:08:21,18.1,52.9
05/08/2026,14:13:21,18.1,52.9
05/08/2026,14:18:21,18.1,52.9
05/08/2026,14:23:21,18.1,52.9
05/08/2026,14:28:21,18.2,52.8
05/08/2026,14:33:21,18.2,52.7
05/08/2026,14:38:21,18.3,52.8
05/08/2026,14:43:21,18.3,52.8
05/08/2026,14:48:21,18.3,52.8
05/08/2026,14:53:21,18.3,52.7
05/08/2026,14:58:21,18.3,52.7
05/08/2026,15:03:21,18.3,52.9
05/08/2026,15:08:21,18.4,52.8
05/08/2026,15:13:21,18.4,52.9
05/08/2026,15:18:21,18.4,52.8
05/08/2026,15:23:21,18.4,52.9
05/08/2026,15:28:21,18.4,52.8
05/08/2026,15:33:21,18.5,52.7
05/08/2026,15:38:21,18.5,52.8
05/08/2026,15:43:21,18.5,52.8
05/08/2026,15:48:21,18.5,52.7
05/08/2026,15:53:21,18.5,52.7
05/08/2026,15:58:21,18.5,52.8
05/08/2026,16:03:21,18.6,52.6
05/08/2026,16:08:21,18.6,52.5
05/08/2026,16:13:21,18.6,52.7
05/08/2026,16:18:21,18.6,52.6
05/08/2026,16:23:21,18.6,52.6
05/08/2026,16:28:21,18.6,52.7
05/08/2026,16:33:21,18.6,52.7
05/08/2026,16:38:21,18.6,52.8
05/08/2026,16:43:21,18.6,52.9
05/08/2026,16:48:21,18.6,52.7
05/08/2026,16:53:21,18.5,52.6
05/08/2026,16:58:21,18.6,52.6
05/08/2026,17:03:21,18.6,52.5
05/08/2026,17:08:21,18.6,52.5
05/08/2026,17:13:21,18.6,52.5
05/08/2026,17:18:21,18.6,52.4
05/08/2026,17:23:21,18.5,52.3
05/08/2026,17:28:21,18.6,52.3
05/08/2026,17:33:21,18.6,52.3
05/08/2026,17:38:21,18.6,52.3
05/08/2026,17:43:21,18.6,52.2
05/08/2026,17:48:21,18.6,52.2
05/08/2026,17:53:21,18.6,52.3
05/08/2026,17:58:21,18.6,52.2
05/08/2026,18:03:21,18.6,52.2
05/08/2026,18:08:21,18.6,52.2
05/08/2026,18:13:21,18.6,52.2
05/08/2026,18:18:21,18.6,52.2
05/08/2026,18:23:21,18.6,52.2
05/08/2026,18:28:21,18.6,52.2
05/08/2026,18:33:21,18.6,52.2
05/08/2026,18:38:21,18.6,52.2
05/08/2026,18:43:21,18.7,52.2
05/08/2026,18:48:21,18.7,52.2
05/08/2026,18:53:21,18.7,52.2
05/08/2026,18:58:21,18.7,52.2
05/08/2026,19:03:21,18.7,52.4
05/08/2026,19:08:21,18.8,52.4
05/08/2026,19:13:21,18.8,52.5
05/08/2026,19:18:21,18.9,52.6
05/08/2026,19:23:21,19,52.6
05/08/2026,19:28:21,19,52.6
05/08/2026,19:33:21,19.1,52.7
05/08/2026,19:38:21,19.1,52.8
05/08/2026,19:43:21,19.2,52.9
05/08/2026,19:48:21,19.2,53
05/08/2026,19:53:21,19.2,53.1
05/08/2026,19:58:21,19.3,53.1
05/08/2026,20:03:21,19.3,53.1
05/08/2026,20:08:21,19.4,53.1
05/08/2026,20:13:21,19.3,53.2
05/08/2026,20:18:21,19.4,53
05/08/2026,20:23:21,19.4,52.9
05/08/2026,20:28:21,19.4,52.9
05/08/2026,20:33:21,19.4,53
05/08/2026,20:38:21,19.4,52.9
05/08/2026,20:43:21,19.4,53
05/08/2026,20:48:21,19.4,52.9
05/08/2026,20:53:21,19.4,52.9
05/08/2026,20:58:21,19.4,52.8
05/08/2026,21:03:21,19.3,52.8
05/08/2026,21:08:21,19.4,52.8
05/08/2026,21:13:21,19.4,52.8
05/08/2026,21:18:21,19.3,52.8
05/08/2026,21:23:21,19.3,52.8
05/08/2026,21:28:21,19.3,52.7
05/08/2026,21:33:21,19.3,52.7
05/08/2026,21:38:21,19.3,52.7
05/08/2026,21:43:21,19.3,52.7
05/08/2026,21:48:21,19.2,52.6
05/08/2026,21:53:21,19.2,52.6
05/08/2026,21:58:21,19.2,52.6
05/08/2026,22:03:21,19.1,52.6
05/08/2026,22:08:21,19.1,52.6
05/08/2026,22:13:21,19.1,52.5
05/08/2026,22:18:21,19,52.6
05/08/2026,22:23:21,19,52.6
05/08/2026,22:28:21,19,52.5
05/08/2026,22:33:21,19,52.5
05/08/2026,22:38:21,18.9,52.5
05/08/2026,22:43:21,18.9,52.5
05/08/2026,22:48:21,18.8,52.5
05/08/2026,22:53:21,18.8,52.5
05/08/2026,22:58:21,18.8,52.5
05/08/2026,23:03:21,18.8,52.5
05/08/2026,23:08:21,18.7,52.5
05/08/2026,23:13:21,18.7,52.4
05/08/2026,23:18:21,18.7,52.4
05/08/2026,23:23:21,18.6,52.4
05/08/2026,23:28:21,18.6,52.4
05/08/2026,23:33:21,18.6,52.3
05/08/2026,23:38:21,18.6,52.3
05/08/2026,23:43:21,18.5,52.2
05/08/2026,23:48:21,18.5,52.2
05/08/2026,23:53:21,18.5,52.1
05/08/2026,23:58:21,18.5,52.1
05/09/2026,00:03:21,18.4,52
05/09/2026,00:08:21,18.4,52
05/09/2026,00:13:21,18.4,51.8
05/09/2026,00:18:21,18.3,51.8
05/09/2026,00:23:21,18.3,51.8
05/09/2026,00:28:21,18.3,51.8
05/09/2026,00:33:21,18.3,51.7
05/09/2026,00:38:21,18.3,51.6
05/09/2026,00:43:21,18.2,51.6
05/09/2026,00:48:21,18.2,51.6
05/09/2026,00:53:21,18.2,51.5
05/09/2026,00:58:21,18.1,51.5
05/09/2026,01:03:21,18.1,51.5
05/09/2026,01:08:21,18.1,51.5
05/09/2026,01:13:21,18.1,51.4
05/09/2026,01:18:21,18,51.3
05/09/2026,01:23:21,18,51.3
05/09/2026,01:28:21,18,51.3
05/09/2026,01:33:21,18,51.3
05/09/2026,01:38:21,18,51.3
05/09/2026,01:43:21,17.9,51.2
05/09/2026,01:48:21,17.9,51.3
05/09/2026,01:53:21,17.9,51.2
05/09/2026,01:58:21,17.9,51.2
05/09/2026,02:03:21,17.8,51.2
05/09/2026,02:08:21,17.8,51.1
05/09/2026,02:13:21,17.8,51.1
05/09/2026,02:18:21,17.8,51.1
05/09/2026,02:23:21,17.7,51
05/09/2026,02:28:21,17.7,51
05/09/2026,02:33:21,17.7,51
05/09/2026,02:38:21,17.7,50.9
05/09/2026,02:43:21,17.7,50.9
05/09/2026,02:48:21,17.6,50.9
05/09/2026,02:53:21,17.6,50.9
05/09/2026,02:58:21,17.6,50.9
05/09/2026,03:03:21,17.6,50.8
05/09/2026,03:08:21,17.6,50.8
05/09/2026,03:13:21,17.5,50.7
05/09/2026,03:18:21,17.5,50.7
05/09/2026,03:23:21,17.5,50.7
05/09/2026,03:28:21,17.5,50.7
05/09/2026,03:33:21,17.4,50.6
05/09/2026,03:38:21,17.4,50.6
05/09/2026,03:43:21,17.4,50.6
05/09/2026,03:48:21,17.4,50.6
05/09/2026,03:53:21,17.4,50.6
05/09/2026,03:58:21,17.3,50.5
05/09/2026,04:03:21,17.3,50.5
05/09/2026,04:08:21,17.3,50.5
05/09/2026,04:13:21,17.3,50.4
05/09/2026,04:18:21,17.2,50.5
05/09/2026,04:23:21,17.2,50.4
05/09/2026,04:28:21,17.2,50.4
05/09/2026,04:33:21,17.2,50.3
05/09/2026,04:38:21,17.1,50.3
05/09/2026,04:43:21,17.1,50.3
05/09/2026,04:48:21,17.1,50.3
05/09/2026,04:53:21,17.1,50.3
05/09/2026,04:58:21,17.1,50.3
05/09/2026,05:03:21,17.1,50.3
05/09/2026,05:08:21,17,50.2
05/09/2026,05:13:21,17,50.2
05/09/2026,05:18:21,17,50.1
05/09/2026,05:23:21,17,50.3
05/09/2026,05:28:21,17,50.2
05/09/2026,05:33:21,17,50.2
05/09/2026,05:38:21,16.9,50.2
05/09/2026,05:43:21,16.9,50.1
05/09/2026,05:48:21,16.9,50.1
05/09/2026,05:53:21,16.9,50.2
05/09/2026,05:58:21,16.9,50.2
05/09/2026,06:03:21,16.9,50.1
05/09/2026,06:08:21,16.8,50.1
05/09/2026,06:13:21,16.8,50.1
05/09/2026,06:18:21,16.8,50.1
05/09/2026,06:23:21,16.8,50.2
05/09/2026,06:28:21,16.8,50.2
05/09/2026,06:33:21,16.8,50.2
05/09/2026,06:38:21,16.8,50.3
05/09/2026,06:43:21,16.7,50.2
05/09/2026,06:48:21,16.7,50.2
05/09/2026,06:53:21,16.7,50.2
05/09/2026,06:58:21,16.7,50.2
05/09/2026,07:03:21,16.7,50.2
05/09/2026,07:08:21,16.7,50.2
05/09/2026,07:13:21,16.7,50.3
05/09/2026,07:18:21,16.7,50.4
05/09/2026,07:23:21,16.7,50.3
05/09/2026,07:28:21,16.7,50.3
05/09/2026,07:33:21,16.7,50.4
05/09/2026,07:38:21,16.7,50.3
05/09/2026,07:43:21,16.7,50.4
05/09/2026,07:48:21,16.8,50.5
05/09/2026,07:53:21,16.8,50.4
05/09/2026,07:58:21,16.8,50.5
05/09/2026,08:03:21,16.8,50.5
05/09/2026,08:08:21,16.8,50.6
05/09/2026,08:13:21,16.9,50.6
05/09/2026,08:18:21,16.9,50.6
05/09/2026,08:23:21,16.9,50.6
05/09/2026,08:28:21,16.9,50.6
05/09/2026,08:33:21,17,50.7
05/09/2026,08:38:21,17,50.7
05/09/2026,08:43:21,17,50.8
05/09/2026,08:48:21,17,50.8
05/09/2026,08:53:21,17,50.8
05/09/2026,08:58:21,17.1,50.9
05/09/2026,09:03:21,17.1,50.9
05/09/2026,09:08:21,17.1,51.1
05/09/2026,09:13:21,17.2,51.1
05/09/2026,09:18:21,17.3,51.2
05/09/2026,09:23:21,17.3,51.3
05/09/2026,09:28:21,17.4,51.4
05/09/2026,09:33:21,17.5,51.6
05/09/2026,09:38:21,17.5,51.7
05/09/2026,09:43:21,17.6,51.8
05/09/2026,09:48:21,17.7,51.8
05/09/2026,09:53:21,17.8,51.9
05/09/2026,09:58:21,17.9,52
05/09/2026,10:03:21,18,52
05/09/2026,10:08:21,18.1,52.1
05/09/2026,10:13:21,18.1,52.3
05/09/2026,10:18:21,18.2,52.3
05/09/2026,10:23:21,18.3,52.3
05/09/2026,10:28:21,18.4,52.3
05/09/2026,10:33:21,18.4,52.3
05/09/2026,10:38:21,18.4,52.3
05/09/2026,10:43:21,18.5,52.3
05/09/2026,10:48:21,18.5,52.2
05/09/2026,10:53:21,18.5,52.1
05/09/2026,10:58:21,18.5,52
05/09/2026,11:03:21,18.5,52.1
05/09/2026,11:08:21,18.5,52.1
05/09/2026,11:13:21,18.6,52.1
05/09/2026,11:18:21,18.6,52.2
05/09/2026,11:23:21,18.6,52.2
05/09/2026,11:28:21,18.7,52.2
05/09/2026,11:33:21,18.7,52.3
05/09/2026,11:38:21,18.8,52.3
05/09/2026,11:43:21,18.8,52.3
05/09/2026,11:48:21,18.9,52.4
05/09/2026,11:53:21,19,52.4
05/09/2026,11:58:21,19.1,52.4
05/09/2026,12:03:21,19.1,52.3
05/09/2026,12:08:21,19.1,52.3
05/09/2026,12:13:21,19.2,52.3
05/09/2026,12:18:21,19.2,52.5
05/09/2026,12:23:21,19.3,52.6
05/09/2026,12:28:21,19.3,52.7
05/09/2026,12:33:21,19.4,52.9
05/09/2026,12:38:21,19.5,52.9
05/09/2026,12:43:21,19.5,53.1
05/09/2026,12:48:21,19.6,52.6
05/09/2026,12:53:21,19.7,52.4
05/09/2026,12:58:21,19.6,52.1
05/09/2026,13:03:21,19.6,52.6
05/09/2026,13:08:21,19.7,52.4
05/09/2026,13:13:21,19.7,52.3
05/09/2026,13:18:21,19.7,52.4
05/09/2026,13:23:21,19.6,52.4
05/09/2026,13:28:21,19.6,52.4
05/09/2026,13:33:21,19.6,52.4
05/09/2026,13:38:21,19.6,52.4
05/09/2026,13:43:21,19.6,52.3
05/09/2026,13:48:21,19.6,52.3
05/09/2026,13:53:21,19.6,52.2
05/09/2026,13:58:21,19.6,52.2
05/09/2026,14:03:21,19.6,52.2
05/09/2026,14:08:21,19.6,52.2
05/09/2026,14:13:21,19.6,52.2
05/09/2026,14:18:21,19.6,52.1
05/09/2026,14:23:21,19.6,52.1
05/09/2026,14:28:21,19.6,52
05/09/2026,14:33:21,19.7,51.9
05/09/2026,14:38:21,19.7,51.8
05/09/2026,14:43:21,19.7,51.7
05/09/2026,14:48:21,19.8,51.6
05/09/2026,14:53:21,19.8,51.6
05/09/2026,14:58:21,19.8,51.5
05/09/2026,15:03:21,19.8,51.3
05/09/2026,15:08:21,19.8,51.2
05/09/2026,15:13:21,19.9,51.2
05/09/2026,15:18:21,19.9,51.2
05/09/2026,15:23:21,19.9,50.9
05/09/2026,15:28:21,20,50.9
05/09/2026,15:33:21,20,50.8
05/09/2026,15:38:21,20,50.9
05/09/2026,15:43:21,20,50.8
05/09/2026,15:48:21,20.1,50.8
05/09/2026,15:53:21,20.1,50.8
05/09/2026,15:58:21,20.1,50.8
05/09/2026,16:03:21,20.1,50.6
05/09/2026,16:08:21,20.1,50.4
05/09/2026,16:13:21,20.2,50.3
05/09/2026,16:18:21,20.2,50.4
05/09/2026,16:23:21,20.2,50.3
05/09/2026,16:28:21,20.2,50.5
05/09/2026,16:33:21,20.2,50.4
05/09/2026,16:38:21,20.2,50.2
05/09/2026,16:43:21,20.2,50.3
05/09/2026,16:48:21,20.3,49.9
05/09/2026,16:53:21,20.3,49.9
05/09/2026,16:58:21,20.3,49.8
05/09/2026,17:03:21,20.3,49.5
05/09/2026,17:08:21,20.4,49.5
05/09/2026,17:13:21,20.4,49.4
05/09/2026,17:18:21,20.4,49.3
05/09/2026,17:23:21,20.4,49.4
05/09/2026,17:28:21,20.4,49.3
05/09/2026,17:33:21,20.4,49.1
05/09/2026,17:38:21,20.4,48.3
05/09/2026,17:43:21,20.4,47.9
05/09/2026,17:48:21,20.4,47.4
05/09/2026,17:53:21,20.3,47.4
05/09/2026,17:58:21,20.4,47.7
05/09/2026,18:03:21,20.4,47.6
05/09/2026,18:08:21,20.4,47.7
05/09/2026,18:13:21,20.5,47.4
05/09/2026,18:18:21,20.6,47.3
05/09/2026,18:23:21,20.8,47.2
05/09/2026,18:28:21,20.8,47
05/09/2026,18:33:21,20.8,47
05/09/2026,18:38:21,20.9,46.7
05/09/2026,18:43:21,20.9,46.7
05/09/2026,18:48:21,20.9,46.6
05/09/2026,18:53:21,20.9,46.3
05/09/2026,18:58:21,21,46.3
05/09/2026,19:03:21,21,46.2
05/09/2026,19:08:21,21,46.2
05/09/2026,19:13:21,21,45.2
05/09/2026,19:18:21,20.9,44.9
05/09/2026,19:23:21,20.9,44.6
05/09/2026,19:28:21,20.8,44.5
05/09/2026,19:33:21,20.8,44.6
05/09/2026,19:38:21,20.8,45
05/09/2026,19:43:21,20.8,45
05/09/2026,19:48:21,20.8,45.2
05/09/2026,19:53:21,20.8,45.2
05/09/2026,19:58:21,20.8,45.3
05/09/2026,20:03:21,20.8,45.3
05/09/2026,20:08:21,20.9,45.4
05/09/2026,20:13:21,20.9,45.4
05/09/2026,20:18:21,20.9,45.4
05/09/2026,20:23:21,20.9,45.6
05/09/2026,20:28:21,20.9,45.6
05/09/2026,20:33:21,20.9,45.5
05/09/2026,20:38:21,20.8,45.4
05/09/2026,20:43:21,20.8,45.4
05/09/2026,20:48:21,20.8,45.5
05/09/2026,20:53:21,20.7,45.5
05/09/2026,20:58:21,20.7,45.5
05/09/2026,21:03:21,20.7,45.6
05/09/2026,21:08:21,20.7,45.7
05/09/2026,21:13:21,20.6,45.7
05/09/2026,21:18:21,20.6,45.7
05/09/2026,21:23:21,20.5,45.7
05/09/2026,21:28:21,20.5,45.7
05/09/2026,21:33:21,20.5,45.7
05/09/2026,21:38:21,20.4,45.7
05/09/2026,21:43:21,20.4,45.7
05/09/2026,21:48:21,20.3,45.8
05/09/2026,21:53:21,20.3,45.7
05/09/2026,21:58:21,20.3,45.7
05/09/2026,22:03:21,20.2,45.7
05/09/2026,22:08:21,20.2,45.7
05/09/2026,22:13:21,20.2,45.8
05/09/2026,22:18:21,20.1,45.7
05/09/2026,22:23:21,20.1,45.8
05/09/2026,22:28:21,20.1,45.7
05/09/2026,22:33:21,20,45.7
05/09/2026,22:38:21,20,45.7
05/09/2026,22:43:21,20,45.8
05/09/2026,22:48:21,19.9,45.7
05/09/2026,22:53:21,19.9,45.8
05/09/2026,22:58:21,19.9,45.8
05/09/2026,23:03:21,19.8,45.8
05/09/2026,23:08:21,19.8,45.8
05/09/2026,23:13:21,19.8,45.8
05/09/2026,23:18:21,19.7,45.9
05/09/2026,23:23:21,19.7,45.8
05/09/2026,23:28:21,19.7,46
05/09/2026,23:33:21,19.7,45.9
05/09/2026,23:38:21,19.7,46
05/09/2026,23:43:21,19.6,46
05/09/2026,23:48:21,19.6,46
05/09/2026,23:53:21,19.6,46.1
05/09/2026,23:58:21,19.6,46.1
05/10/2026,00:03:21,19.5,46.2
05/10/2026,00:08:21,19.5,46.2
05/10/2026,00:13:21,19.5,46.2
05/10/2026,00:18:21,19.5,46.2
05/10/2026,00:23:21,19.4,46.2
05/10/2026,00:28:21,19.4,46.3
05/10/2026,00:33:21,19.4,46.3
05/10/2026,00:38:21,19.4,46.4
05/10/2026,00:43:21,19.3,46.4
05/10/2026,00:48:21,19.3,46.4
05/10/2026,00:53:21,19.3,46.5
05/10/2026,00:58:21,19.2,46.5
05/10/2026,01:03:21,19.2,46.6
05/10/2026,01:08:21,19.2,46.6
05/10/2026,01:13:21,19.2,46.6
05/10/2026,01:18:21,19.2,46.7
05/10/2026,01:23:21,19.1,46.7
05/10/2026,01:28:21,19.1,46.7
05/10/2026,01:33:21,19.1,46.7
05/10/2026,01:38:21,19.1,46.8
05/10/2026,01:43:21,19.1,46.8
05/10/2026,01:48:21,19,46.8
05/10/2026,01:53:21,19,46.8
05/10/2026,01:58:21,19,46.8
05/10/2026,02:03:21,19,46.9
05/10/2026,02:08:21,18.9,46.9
05/10/2026,02:13:21,18.9,46.9
05/10/2026,02:18:21,18.9,47
05/10/2026,02:23:21,18.8,47
05/10/2026,02:28:21,18.8,47
05/10/2026,02:33:21,18.8,47
05/10/2026,02:38:21,18.8,47
05/10/2026,02:43:21,18.8,47.1
05/10/2026,02:48:21,18.7,47.1
05/10/2026,02:53:21,18.7,47.1
05/10/2026,02:58:21,18.7,47.1
05/10/2026,03:03:21,18.7,47.2
05/10/2026,03:08:21,18.6,47.2
05/10/2026,03:13:21,18.6,47.2
05/10/2026,03:18:21,18.6,47.2
05/10/2026,03:23:21,18.6,47.3
05/10/2026,03:28:21,18.5,47.3
05/10/2026,03:33:21,18.5,47.3
05/10/2026,03:38:21,18.5,47.3
05/10/2026,03:43:21,18.5,47.3
05/10/2026,03:48:21,18.5,47.3
05/10/2026,03:53:21,18.5,47.4
05/10/2026,03:58:21,18.4,47.4
05/10/2026,04:03:21,18.4,47.4
05/10/2026,04:08:21,18.4,47.4
05/10/2026,04:13:21,18.4,47.4
05/10/2026,04:18:21,18.4,47.4
05/10/2026,04:23:21,18.4,47.4
05/10/2026,04:28:21,18.3,47.4
05/10/2026,04:33:21,18.3,47.4
05/10/2026,04:38:21,18.3,47.5
05/10/2026,04:43:21,18.3,47.5
05/10/2026,04:48:21,18.3,47.5
05/10/2026,04:53:21,18.2,47.5
05/10/2026,04:58:21,18.2,47.5
05/10/2026,05:03:21,18.2,47.5
05/10/2026,05:08:21,18.2,47.5
05/10/2026,05:13:21,18.2,47.6
05/10/2026,05:18:21,18.1,47.6
05/10/2026,05:23:21,18.1,47.6
05/10/2026,05:28:21,18.1,47.7
05/10/2026,05:33:21,18.1,47.7
05/10/2026,05:38:21,18.1,47.7
05/10/2026,05:43:21,18.1,47.8
05/10/2026,05:48:21,18,47.8
05/10/2026,05:53:21,18,47.8
05/10/2026,05:58:21,18,47.9
05/10/2026,06:03:21,18,47.9
05/10/2026,06:08:21,18,47.9
05/10/2026,06:13:21,17.9,47.9
05/10/2026,06:18:21,17.9,48
05/10/2026,06:23:21,17.9,47.9
05/10/2026,06:28:21,17.9,48
05/10/2026,06:33:21,17.9,48
05/10/2026,06:38:21,17.9,48.1
05/10/2026,06:43:21,17.9,48.1
05/10/2026,06:48:21,17.9,48.1
05/10/2026,06:53:21,17.8,48.1
05/10/2026,06:58:21,17.8,48.2
05/10/2026,07:03:21,17.8,48.2
05/10/2026,07:08:21,17.8,48.2
05/10/2026,07:13:21,17.8,48.3
05/10/2026,07:18:21,17.8,48.2
05/10/2026,07:23:21,17.8,48.3
05/10/2026,07:28:21,17.8,48.3
05/10/2026,07:33:21,17.8,48.3
05/10/2026,07:38:21,17.8,48.4
05/10/2026,07:43:21,17.8,48.4
05/10/2026,07:48:21,17.8,48.5
05/10/2026,07:53:21,17.7,48.6
05/10/2026,07:58:21,17.7,48.7
05/10/2026,08:03:21,17.7,49
05/10/2026,08:08:21,17.8,49.4
05/10/2026,08:13:21,17.8,49.7
05/10/2026,08:18:21,17.9,50
05/10/2026,08:23:21,17.9,50.2
05/10/2026,08:28:21,18,50.4
05/10/2026,08:33:21,18.1,50.6
05/10/2026,08:38:21,18.1,50.8
05/10/2026,08:43:21,18.2,50.8
05/10/2026,08:48:21,18.3,51
05/10/2026,08:53:21,18.4,51.2
05/10/2026,08:58:21,18.5,51.3
05/10/2026,09:03:21,18.5,51.3
05/10/2026,09:08:21,18.5,51.3
05/10/2026,09:13:21,18.5,51.2
05/10/2026,09:18:21,18.5,51.1
05/10/2026,09:23:21,18.5,51.1
05/10/2026,09:28:21,18.5,51.3
05/10/2026,09:33:21,18.6,51.3
05/10/2026,09:38:21,18.6,51.5
05/10/2026,09:43:21,18.7,51.9
05/10/2026,09:48:21,18.8,52.2
05/10/2026,09:53:21,19,52.7
05/10/2026,09:58:21,19.1,52.8
05/10/2026,10:03:21,19.2,53.3
05/10/2026,10:08:21,19.4,53.4
05/10/2026,10:13:21,19.5,53.9
05/10/2026,10:18:21,19.6,54.1
05/10/2026,10:23:21,19.8,54.4
05/10/2026,10:28:21,19.9,54.7
05/10/2026,10:33:21,20,54.8
05/10/2026,10:38:21,20.1,54.9
05/10/2026,10:43:21,20.2,55
05/10/2026,10:48:21,20.3,55.2
05/10/2026,10:53:21,20.3,55
05/10/2026,10:58:21,20.4,54.5
05/10/2026,11:03:21,20.3,53.7
05/10/2026,11:08:21,20.2,53
05/10/2026,11:13:21,20.2,53.1
05/10/2026,11:18:21,20.2,53.4
05/10/2026,11:23:21,20.2,53.1
05/10/2026,11:28:21,20.2,53.2
05/10/2026,11:33:21,20.3,53.3
05/10/2026,11:38:21,20.3,53.3
05/10/2026,11:43:21,20.4,53.4
05/10/2026,11:48:21,20.5,53.6
05/10/2026,11:53:21,20.6,53.7
05/10/2026,11:58:21,20.7,53.9
05/10/2026,12:03:21,20.8,54.1
05/10/2026,12:08:21,20.9,54.3
05/10/2026,12:13:21,21,54.4
05/10/2026,12:18:21,21.2,54.6
05/10/2026,12:23:21,21.2,54.7
05/10/2026,12:28:21,21.3,54.8
05/10/2026,12:33:21,21.4,54.9
05/10/2026,12:38:21,21.5,54.7
05/10/2026,12:43:21,21.4,53.6
05/10/2026,12:48:21,21.4,53.2
05/10/2026,12:53:21,21.3,52.9
05/10/2026,12:58:21,21.2,52.7
05/10/2026,13:03:21,21.1,52.5
05/10/2026,13:08:21,21,52.2
05/10/2026,13:13:21,20.9,51.8
05/10/2026,13:18:21,20.9,51.9
05/10/2026,13:23:21,20.8,51.9
05/10/2026,13:28:21,20.7,51.9
05/10/2026,13:33:21,20.7,52
05/10/2026,13:38:21,20.7,52
05/10/2026,13:43:21,20.6,51.9
05/10/2026,13:48:21,20.6,51.9
05/10/2026,13:53:21,20.5,51.7
05/10/2026,13:58:21,20.5,51.6
05/10/2026,14:03:21,20.4,51.5
05/10/2026,14:08:21,20.4,51.4
05/10/2026,14:13:21,20.4,51.3
05/10/2026,14:18:21,20.4,51.1
05/10/2026,14:23:21,20.3,51
05/10/2026,14:28:21,20.3,50.8
05/10/2026,14:33:21,20.3,50.8
05/10/2026,14:38:21,20.3,50.7
05/10/2026,14:43:21,20.3,50.4
05/10/2026,14:48:21,20.2,50.4
05/10/2026,14:53:21,20.2,50.2
05/10/2026,14:58:21,20.2,50.1
05/10/2026,15:03:21,20.2,50
05/10/2026,15:08:21,20.2,49.9
05/10/2026,15:13:21,20.2,49.7
05/10/2026,15:18:21,20.1,49.7
05/10/2026,15:23:21,20.1,49.6
05/10/2026,15:28:21,20.1,49.4
05/10/2026,15:33:21,20.1,49.4
05/10/2026,15:38:21,20.1,49.3
05/10/2026,15:43:21,20.1,49.4
05/10/2026,15:48:21,20.1,49.4
05/10/2026,15:53:21,20.1,49.3
05/10/2026,15:58:21,20.1,49.1
05/10/2026,16:03:21,20.1,49
05/10/2026,16:08:21,20.1,49
05/10/2026,16:13:21,20.1,49.1
05/10/2026,16:18:21,20.1,48.9
05/10/2026,16:23:21,20.1,48.9
05/10/2026,16:28:21,20.1,49
05/10/2026,16:33:21,20.1,49
05/10/2026,16:38:21,20.1,48.9
05/10/2026,16:43:21,20.2,48.9
05/10/2026,16:48:21,20.2,48.8
05/10/2026,16:53:21,20.2,48.8
05/10/2026,16:58:21,20.2,48.8
05/10/2026,17:03:21,20.2,48.8
05/10/2026,17:08:21,20.3,48.7
05/10/2026,17:13:21,20.3,48.7
05/10/2026,17:18:21,20.3,48.3
05/10/2026,17:23:21,20.3,48.1
05/10/2026,17:28:21,20.3,48.1
05/10/2026,17:33:21,20.3,48
05/10/2026,17:38:21,20.2,47.9
05/10/2026,17:43:21,20.3,47.8
05/10/2026,17:48:21,20.3,47.7
05/10/2026,17:53:21,20.3,47.7
05/10/2026,17:58:21,20.3,47.5
05/10/2026,18:03:21,20.3,47.5
05/10/2026,18:08:21,20.4,47.5
05/10/2026,18:13:21,20.4,47.3
05/10/2026,18:18:21,20.5,47.2
05/10/2026,18:23:21,20.5,47.2
05/10/2026,18:28:21,20.5,47.1
05/10/2026,18:33:21,20.5,47.1
05/10/2026,18:38:21,20.4,47.1
05/10/2026,18:43:21,20.4,47.1
05/10/2026,18:48:21,20.3,47.2
05/10/2026,18:53:21,20.3,47.3
05/10/2026,18:58:21,20.3,47.3
05/10/2026,19:03:21,20.3,47.3
05/10/2026,19:08:21,20.2,47.4
05/10/2026,19:13:21,20.2,47.5
05/10/2026,19:18:21,20.1,47.5
05/10/2026,19:23:21,20.1,47.5
05/10/2026,19:28:21,20.1,47.6
05/10/2026,19:33:21,20.1,47.6
05/10/2026,19:38:21,20,47.4
05/10/2026,19:43:21,20,47.3
05/10/2026,19:48:21,19.9,47.2
05/10/2026,19:53:21,19.9,47
05/10/2026,19:58:21,19.9,46.9
05/10/2026,20:03:21,19.8,46.8
05/10/2026,20:08:21,19.8,46.7
05/10/2026,20:13:21,19.7,46.6
05/10/2026,20:18:21,19.7,46.5
05/10/2026,20:23:21,19.6,46.5
05/10/2026,20:28:21,19.5,46.4
05/10/2026,20:33:21,19.5,46.3
05/10/2026,20:38:21,19.4,46.2
05/10/2026,20:43:21,19.4,46.1
05/10/2026,20:48:21,19.3,46
05/10/2026,20:53:21,19.2,46
05/10/2026,20:58:21,19.2,45.9
05/10/2026,21:03:21,19.2,45.9
05/10/2026,21:08:21,19.1,45.9
05/10/2026,21:13:21,19.1,45.7
05/10/2026,21:18:21,19,45.7
05/10/2026,21:23:21,19,45.6
05/10/2026,21:28:21,18.9,45.5
05/10/2026,21:33:21,18.9,45.6
05/10/2026,21:38:21,18.8,45.5
05/10/2026,21:43:21,18.8,45.5
05/10/2026,21:48:21,18.7,45.5
05/10/2026,21:53:21,18.7,45.3
05/10/2026,21:58:21,18.6,45.3
05/10/2026,22:03:21,18.6,45.3
05/10/2026,22:08:21,18.6,45.2
05/10/2026,22:13:21,18.5,45.2
05/10/2026,22:18:21,18.5,45.1
05/10/2026,22:23:21,18.4,45.1
05/10/2026,22:28:21,18.4,45
05/10/2026,22:33:21,18.4,45
05/10/2026,22:38:21,18.3,44.9
05/10/2026,22:43:21,18.3,44.9
05/10/2026,22:48:21,18.3,44.9
05/10/2026,22:53:21,18.2,44.9
05/10/2026,22:58:21,18.2,44.8
05/10/2026,23:03:21,18.2,44.8
05/10/2026,23:08:21,18.1,44.8
05/10/2026,23:13:21,18.1,44.8
05/10/2026,23:18:21,18.1,44.8
05/10/2026,23:23:21,18,44.8
05/10/2026,23:28:21,18,44.7
05/10/2026,23:33:21,18,44.7
05/10/2026,23:38:21,17.9,44.6
05/10/2026,23:43:21,17.9,44.6
05/10/2026,23:48:21,17.8,44.7
05/10/2026,23:53:21,17.8,44.6
05/10/2026,23:58:21,17.8,44.6
05/11/2026,00:03:21,17.7,44.6
05/11/2026,00:08:21,17.7,44.6
05/11/2026,00:13:21,17.7,44.6
05/11/2026,00:18:21,17.7,44.5
05/11/2026,00:23:21,17.6,44.4
05/11/2026,00:28:21,17.6,44.4
05/11/2026,00:33:21,17.6,44.4
05/11/2026,00:38:21,17.6,44.4
05/11/2026,00:43:21,17.5,44.4
05/11/2026,00:48:21,17.5,44.3
05/11/2026,00:53:21,17.4,44.2
05/11/2026,00:58:21,17.4,44.2
05/11/2026,01:03:21,17.4,44
05/11/2026,01:08:21,17.4,44.1
05/11/2026,01:13:21,17.3,44
05/11/2026,01:18:21,17.3,43.9
05/11/2026,01:23:21,17.3,43.9
05/11/2026,01:28:21,17.2,43.9
05/11/2026,01:33:21,17.2,43.9
05/11/2026,01:38:21,17.1,43.8
05/11/2026,01:43:21,17.1,43.7
05/11/2026,01:48:21,17.1,43.7
05/11/2026,01:53:21,17.1,43.7
05/11/2026,01:58:21,17,43.7
05/11/2026,02:03:21,17,43.6
05/11/2026,02:08:21,17,43.6
05/11/2026,02:13:21,17,43.6
05/11/2026,02:18:21,16.9,43.5
05/11/2026,02:23:21,16.9,43.4
05/11/2026,02:28:21,16.8,43.4
05/11/2026,02:33:21,16.8,43.4
05/11/2026,02:38:21,16.8,43.4
05/11/2026,02:43:21,16.8,43.4
05/11/2026,02:48:21,16.7,43.3
05/11/2026,02:53:21,16.7,43.3
05/11/2026,02:58:21,16.6,43.3
05/11/2026,03:03:21,16.6,43.2
05/11/2026,03:08:21,16.6,43.2
05/11/2026,03:13:21,16.6,43.2
05/11/2026,03:18:21,16.6,43.2
05/11/2026,03:23:21,16.5,43.2
05/11/2026,03:28:21,16.5,43.1
05/11/2026,03:33:21,16.4,43.1
05/11/2026,03:38:21,16.4,43.1
05/11/2026,03:43:21,16.4,43.1
05/11/2026,03:48:21,16.4,43
05/11/2026,03:53:21,16.3,43
05/11/2026,03:58:21,16.3,43
05/11/2026,04:03:21,16.3,43
05/11/2026,04:08:21,16.3,42.9
05/11/2026,04:13:21,16.2,43
05/11/2026,04:18:21,16.2,43
05/11/2026,04:23:21,16.2,43
05/11/2026,04:28:21,16.1,43
05/11/2026,04:33:21,16.1,43
05/11/2026,04:38:21,16.1,42.9
05/11/2026,04:43:21,16,43
05/11/2026,04:48:21,16,42.9
05/11/2026,04:53:21,16,42.7
05/11/2026,04:58:21,16,42.7
05/11/2026,05:03:21,15.9,42.8
05/11/2026,05:08:21,15.9,42.8
05/11/2026,05:13:21,15.9,42.8
05/11/2026,05:18:21,15.8,42.8
05/11/2026,05:23:21,15.8,42.8
05/11/2026,05:28:21,15.8,42.8
05/11/2026,05:33:21,15.8,42.9
05/11/2026,05:38:21,15.7,42.8
05/11/2026,05:43:21,15.7,42.8
05/11/2026,05:48:21,15.7,42.8
05/11/2026,05:53:21,15.6,42.8
05/11/2026,05:58:21,15.6,42.9
05/11/2026,06:03:21,15.6,42.9
05/11/2026,06:08:21,15.6,43
05/11/2026,06:13:21,15.6,43
05/11/2026,06:18:21,15.6,43
05/11/2026,06:23:21,15.6,43.1
05/11/2026,06:28:21,15.5,43.1
05/11/2026,06:33:21,15.5,43.2
05/11/2026,06:38:21,15.5,43.2
05/11/2026,06:43:21,15.5,43.3
05/11/2026,06:48:21,15.5,43.3
05/11/2026,06:53:21,15.5,43.5
05/11/2026,06:58:21,15.5,43.4
05/11/2026,07:03:21,15.5,43.5
05/11/2026,07:08:21,15.5,43.6
05/11/2026,07:13:21,15.5,43.6
05/11/2026,07:18:21,15.5,43.7
05/11/2026,07:23:21,15.5,43.8
05/11/2026,07:28:21,15.5,43.9
05/11/2026,07:33:21,15.5,44
05/11/2026,07:38:21,15.5,44
05/11/2026,07:43:21,15.5,44.1
05/11/2026,07:48:21,15.5,44.1
05/11/2026,07:53:21,15.5,44.1
05/11/2026,07:58:21,15.5,44.2
05/11/2026,08:03:21,15.5,44.2
05/11/2026,08:08:21,15.5,44.3
05/11/2026,08:13:21,15.5,44.3
05/11/2026,08:18:21,15.5,44.3
05/11/2026,08:23:21,15.5,44.4
05/11/2026,08:28:21,15.5,44.5
05/11/2026,08:33:21,15.5,44.5
05/11/2026,08:38:21,15.5,44.5
05/11/2026,08:43:21,15.5,44.6
05/11/2026,08:48:21,15.5,44.6
05/11/2026,08:53:21,15.5,44.7
05/11/2026,08:58:21,15.5,44.7
05/11/2026,09:03:21,15.5,44.8
05/11/2026,09:08:21,15.6,44.8
05/11/2026,09:13:21,15.6,44.9
05/11/2026,09:18:21,15.6,45
05/11/2026,09:23:21,15.6,45.1
05/11/2026,09:28:21,15.6,45.1
05/11/2026,09:33:21,15.6,45.2
05/11/2026,09:38:21,15.7,45.3
05/11/2026,09:43:21,15.7,45.4
05/11/2026,09:48:21,15.7,45.5
05/11/2026,09:53:21,15.8,45.6
05/11/2026,09:58:21,15.8,45.7
05/11/2026,10:03:21,15.8,45.9
05/11/2026,10:08:21,15.9,45.9
05/11/2026,10:13:21,15.9,46.1
05/11/2026,10:18:21,15.9,46.2
05/11/2026,10:23:21,16,46.3
05/11/2026,10:28:21,16,46.5
05/11/2026,10:33:21,16.1,46.3
05/11/2026,10:38:21,16.2,46.4
05/11/2026,10:43:21,16.3,46.3
05/11/2026,10:48:21,16.4,46.2
05/11/2026,10:53:21,16.5,46.1
05/11/2026,10:58:21,16.7,45.9
05/11/2026,11:03:21,16.7,45.8
05/11/2026,11:08:21,16.9,45.6
05/11/2026,11:13:21,17,45.6
05/11/2026,11:18:21,17.1,45.5
05/11/2026,11:23:21,17.1,45.4
05/11/2026,11:28:21,17.3,45.3
05/11/2026,11:33:21,17.4,45.3
05/11/2026,11:38:21,17.5,45
05/11/2026,11:43:21,17.5,44.8
05/11/2026,11:48:21,17.5,44.6
05/11/2026,11:53:21,17.5,44.6
05/11/2026,11:58:21,17.4,44.7
05/11/2026,12:03:21,17.4,44.7
05/11/2026,12:08:21,17.3,44.7
05/11/2026,12:13:21,17.2,44.7
05/11/2026,12:18:21,17.2,44.8
05/11/2026,12:23:21,17.1,44.8
05/11/2026,12:28:21,17.1,44.9
05/11/2026,12:33:21,17,45
05/11/2026,12:38:21,16.9,45
05/11/2026,12:43:21,16.9,45.1
05/11/2026,12:48:21,16.8,45.2
05/11/2026,12:53:21,16.8,45.3
05/11/2026,12:58:21,16.7,45.4
05/11/2026,13:03:21,16.7,45.5
05/11/2026,13:08:21,16.6,45.5
05/11/2026,13:13:21,16.6,45.6
05/11/2026,13:18:21,16.6,45.6
05/11/2026,13:23:21,16.5,45.7
05/11/2026,13:28:21,16.5,45.8
05/11/2026,13:33:21,16.5,45.7
05/11/2026,13:38:21,16.4,45.8
05/11/2026,13:43:21,16.4,45.8
05/11/2026,13:48:21,16.4,45.9
05/11/2026,13:53:21,16.4,45.9
05/11/2026,13:58:21,16.4,45.9
05/11/2026,14:03:21,16.4,46
05/11/2026,14:08:21,16.3,46
05/11/2026,14:13:21,16.3,46
05/11/2026,14:18:21,16.3,46
05/11/2026,14:23:21,16.3,46
05/11/2026,14:28:21,16.3,46.1
05/11/2026,14:33:21,16.3,46.2
05/11/2026,14:38:21,16.3,46.2
05/11/2026,14:43:21,16.3,46.2
05/11/2026,14:48:21,16.3,46.2
05/11/2026,14:53:21,16.3,46.2
05/11/2026,14:58:21,16.3,46.2
05/11/2026,15:03:21,16.3,46.2
05/11/2026,15:08:21,16.3,46.2
05/11/2026,15:13:21,16.3,46.2
05/11/2026,15:18:21,16.3,46.3
05/11/2026,15:23:21,16.3,46.3
05/11/2026,15:28:21,16.3,46.3
05/11/2026,15:33:21,16.3,46.4
05/11/2026,15:38:21,16.3,46.3
05/11/2026,15:43:21,16.3,46.3
05/11/2026,15:48:21,16.3,46.3
05/11/2026,15:53:21,16.3,46.3
05/11/2026,15:58:21,16.3,46.3
05/11/2026,16:03:21,16.3,46.3
05/11/2026,16:08:21,16.3,46.3
05/11/2026,16:13:21,16.3,46.3
05/11/2026,16:18:21,16.3,46.3
05/11/2026,16:23:21,16.3,46.2
05/11/2026,16:28:21,16.3,46.1
05/11/2026,16:33:21,16.4,46.1
05/11/2026,16:38:21,16.4,46.1
05/11/2026,16:43:21,16.4,46.1
05/11/2026,16:48:21,16.4,46.1
05/11/2026,16:53:21,16.4,46.1
05/11/2026,16:58:21,16.4,46
05/11/2026,17:03:21,16.4,46
05/11/2026,17:08:21,16.4,46
05/11/2026,17:13:21,16.4,45.9
05/11/2026,17:18:21,16.4,45.9
05/11/2026,17:23:21,16.4,45.9
05/11/2026,17:28:21,16.4,45.8
05/11/2026,17:33:21,16.4,45.8
05/11/2026,17:38:21,16.4,45.8
05/11/2026,17:43:21,16.4,45.8
05/11/2026,17:48:21,16.4,45.8
05/11/2026,17:53:21,16.4,45.7
05/11/2026,17:58:21,16.4,45.7
05/11/2026,18:03:21,16.4,45.7
05/11/2026,18:08:21,16.4,45.6
05/11/2026,18:13:21,16.5,45.6
05/11/2026,18:18:21,16.6,45.4
05/11/2026,18:23:21,16.7,45.3
05/11/2026,18:28:21,16.6,45.3
05/11/2026,18:33:21,16.6,45.3
05/11/2026,18:38:21,16.6,45.3
05/11/2026,18:43:21,16.5,45.4
05/11/2026,18:48:21,16.5,45.5
05/11/2026,18:53:21,16.5,45.6
05/11/2026,18:58:21,16.5,45.7
05/11/2026,19:03:21,16.5,45.8
05/11/2026,19:08:21,16.5,45.8
05/11/2026,19:13:21,16.5,45.8
05/11/2026,19:18:21,16.6,46
05/11/2026,19:23:21,16.6,46.1
05/11/2026,19:28:21,16.6,46.2
05/11/2026,19:33:21,16.7,46.3
05/11/2026,19:38:21,16.7,46.4
05/11/2026,19:43:21,16.7,46.5
05/11/2026,19:48:21,16.8,46.6
05/11/2026,19:53:21,16.8,46.7
05/11/2026,19:58:21,16.8,46.8
05/11/2026,20:03:21,16.8,46.9
05/11/2026,20:08:21,16.9,46.8
05/11/2026,20:13:21,16.9,46.8
05/11/2026,20:18:21,16.8,46.7
05/11/2026,20:23:21,16.8,46.8
05/11/2026,20:28:21,16.8,46.7
05/11/2026,20:33:21,16.8,46.6
05/11/2026,20:38:21,16.8,46.6
05/11/2026,20:43:21,16.8,46.6
05/11/2026,20:48:21,16.7,46.5
05/11/2026,20:53:21,16.7,46.5
05/11/2026,20:58:21,16.7,46.5
05/11/2026,21:03:21,16.7,46.4
05/11/2026,21:08:21,16.7,46.4
05/11/2026,21:13:21,16.6,46.4
05/11/2026,21:18:21,16.6,46.3
05/11/2026,21:23:21,16.6,46.3
05/11/2026,21:28:21,16.6,46.1
05/11/2026,21:33:21,16.5,46.1
05/11/2026,21:38:21,16.5,46
05/11/2026,21:43:21,16.5,46
05/11/2026,21:48:21,16.4,45.9
05/11/2026,21:53:21,16.4,45.8
05/11/2026,21:58:21,16.4,45.9
05/11/2026,22:03:21,16.4,45.8
05/11/2026,22:08:21,16.3,45.9
05/11/2026,22:13:21,16.3,45.8
05/11/2026,22:18:21,16.3,45.8
05/11/2026,22:23:21,16.3,45.8
05/11/2026,22:28:21,16.2,45.7
05/11/2026,22:33:21,16.2,45.7
05/11/2026,22:38:21,16.2,45.6
05/11/2026,22:43:21,16.1,45.6
05/11/2026,22:48:21,16.1,45.6
05/11/2026,22:53:21,16.1,45.6
05/11/2026,22:58:21,16,45.5
05/11/2026,23:03:21,16,45.5
05/11/2026,23:08:21,16,45.5
05/11/2026,23:13:21,15.9,45.4
05/11/2026,23:18:21,15.9,45.4
05/11/2026,23:23:21,15.9,45.4
05/11/2026,23:28:21,15.9,45.4
05/11/2026,23:33:21,15.8,45.4
05/11/2026,23:38:21,15.8,45.4
05/11/2026,23:43:21,15.8,45.4
05/11/2026,23:48:21,15.8,45.3
05/11/2026,23:53:21,15.7,45.3
05/11/2026,23:58:21,15.7,45.2
05/12/2026,00:03:21,15.7,45.2
05/12/2026,00:08:21,15.7,45.2
05/12/2026,00:13:21,15.7,45.2
05/12/2026,00:18:21,15.6,45.2
05/12/2026,00:23:21,15.6,45.2
05/12/2026,00:28:21,15.6,45.1
05/12/2026,00:33:21,15.5,45.1
05/12/2026,00:38:21,15.5,45.1
05/12/2026,00:43:21,15.5,45.1
05/12/2026,00:48:21,15.5,45.1
05/12/2026,00:53:21,15.5,45.1
05/12/2026,00:58:21,15.4,45
05/12/2026,01:03:21,15.4,45
05/12/2026,01:08:21,15.4,45
05/12/2026,01:13:21,15.4,45
05/12/2026,01:18:21,15.3,44.9
05/12/2026,01:23:21,15.3,44.9
05/12/2026,01:28:21,15.3,44.9
05/12/2026,01:33:21,15.3,45
05/12/2026,01:38:21,15.2,44.9
05/12/2026,01:43:21,15.2,44.9
05/12/2026,01:48:21,15.2,44.9
05/12/2026,01:53:21,15.2,44.9
05/12/2026,01:58:21,15.1,44.9
05/12/2026,02:03:21,15.1,44.8
05/12/2026,02:08:21,15.1,44.9
05/12/2026,02:13:21,15,44.8
05/12/2026,02:18:21,15,44.8
05/12/2026,02:23:21,15,44.8
05/12/2026,02:28:21,15,44.8
05/12/2026,02:33:21,15,44.8
05/12/2026,02:38:21,14.9,44.7
05/12/2026,02:43:21,14.9,44.7
05/12/2026,02:48:21,14.9,44.7
05/12/2026,02:53:21,14.8,44.7
05/12/2026,02:58:21,14.8,44.7
05/12/2026,03:03:21,14.8,44.7
05/12/2026,03:08:21,14.8,44.7
05/12/2026,03:13:21,14.8,44.7
05/12/2026,03:18:21,14.7,44.7
05/12/2026,03:23:21,14.7,44.7
05/12/2026,03:28:21,14.7,44.6
05/12/2026,03:33:21,14.7,44.6
05/12/2026,03:38:21,14.7,44.6
05/12/2026,03:43:21,14.7,44.6
05/12/2026,03:48:21,14.6,44.6
05/12/2026,03:53:21,14.6,44.6
05/12/2026,03:58:21,14.5,44.5
05/12/2026,04:03:21,14.5,44.6
05/12/2026,04:08:21,14.5,44.6
05/12/2026,04:13:21,14.5,44.6
05/12/2026,04:18:21,14.5,44.6
05/12/2026,04:23:21,14.5,44.6
05/12/2026,04:28:21,14.4,44.6
05/12/2026,04:33:21,14.4,44.6
05/12/2026,04:38:21,14.4,44.6
05/12/2026,04:43:21,14.4,44.6
05/12/2026,04:48:21,14.4,44.6
05/12/2026,04:53:21,14.3,44.6
05/12/2026,04:58:21,14.3,44.6
05/12/2026,05:03:21,14.3,44.6
05/12/2026,05:08:21,14.3,44.6
05/12/2026,05:13:21,14.2,44.6
05/12/2026,05:18:21,14.2,44.5
05/12/2026,05:23:21,14.2,44.6
05/12/2026,05:28:21,14.2,44.6
05/12/2026,05:33:21,14.2,44.5
05/12/2026,05:38:21,14.1,44.6
05/12/2026,05:43:21,14.1,44.6
05/12/2026,05:48:21,14.1,44.6
05/12/2026,05:53:21,14.1,44.6
05/12/2026,05:58:21,14.1,44.6
05/12/2026,06:03:21,14.1,44.6
05/12/2026,06:08:21,14,44.6
05/12/2026,06:13:21,14,44.6
05/12/2026,06:18:21,14,44.5
05/12/2026,06:23:21,14,44.6
05/12/2026,06:28:21,14,44.6
05/12/2026,06:33:21,14,44.5
05/12/2026,06:38:21,13.9,44.6
05/12/2026,06:43:21,13.9,44.6
05/12/2026,06:48:21,13.9,44.6
05/12/2026,06:53:21,13.9,44.6
05/12/2026,06:58:21,13.9,44.6
05/12/2026,07:03:21,13.9,44.6
05/12/2026,07:08:21,13.9,44.6
05/12/2026,07:13:21,13.9,44.7
05/12/2026,07:18:21,13.9,44.7
05/12/2026,07:23:21,13.9,44.7
05/12/2026,07:28:21,13.9,44.7
05/12/2026,07:33:21,13.9,44.7
05/12/2026,07:38:21,13.9,44.7
05/12/2026,07:43:21,13.9,44.8
05/12/2026,07:48:21,13.9,44.8
05/12/2026,07:53:21,13.9,44.8
05/12/2026,07:58:21,13.9,44.8
05/12/2026,08:03:21,13.9,44.9
05/12/2026,08:08:21,13.9,44.9
05/12/2026,08:13:21,13.9,45
05/12/2026,08:18:21,13.9,44.9
05/12/2026,08:23:21,13.9,44.9
05/12/2026,08:28:21,13.9,45
05/12/2026,08:33:21,13.9,45
05/12/2026,08:38:21,13.9,45
05/12/2026,08:43:21,13.9,45
05/12/2026,08:48:21,14,45
05/12/2026,08:53:21,14,45
05/12/2026,08:58:21,14,45.1
05/12/2026,09:03:21,14,45.1
05/12/2026,09:08:21,14,45.1
05/12/2026,09:13:21,14,45.1
05/12/2026,09:18:21,14,45.1
05/12/2026,09:23:21,14.1,45.2
05/12/2026,09:28:21,14.1,45.2
05/12/2026,09:33:21,14.1,45.3
05/12/2026,09:38:21,14.1,45.3
05/12/2026,09:43:21,14.1,45.2
05/12/2026,09:48:21,14.1,45.3
05/12/2026,09:53:21,14.2,45.3
05/12/2026,09:58:21,14.2,45.3
05/12/2026,10:03:21,14.2,45.3
05/12/2026,10:08:21,14.3,45.3
05/12/2026,10:13:21,14.3,45.4
05/12/2026,10:18:21,14.3,45.3
05/12/2026,10:23:21,14.3,45.3
05/12/2026,10:28:21,14.3,45.3
05/12/2026,10:33:21,14.3,45.3
05/12/2026,10:38:21,14.4,45.3
05/12/2026,10:43:21,14.4,45.3
05/12/2026,10:48:21,14.4,45.3
05/12/2026,10:53:21,14.4,45.3
05/12/2026,10:58:21,14.4,45.3
05/12/2026,11:03:21,14.5,45.3
05/12/2026,11:08:21,14.5,45.3
05/12/2026,11:13:21,14.5,45.4
05/12/2026,11:18:21,14.5,45.4
05/12/2026,11:23:21,14.5,45.4
05/12/2026,11:28:21,14.5,45.4
05/12/2026,11:33:21,14.5,45.4
05/12/2026,11:38:21,14.5,45.4
05/12/2026,11:43:21,14.6,45.5
05/12/2026,11:48:21,14.6,45.5
05/12/2026,11:53:21,14.6,45.6
05/12/2026,11:58:21,14.6,45.5
05/12/2026,12:03:21,14.7,45.7
05/12/2026,12:08:21,14.7,45.7
05/12/2026,12:13:21,14.7,45.8
05/12/2026,12:18:21,14.7,45.8
05/12/2026,12:23:21,14.7,45.9
05/12/2026,12:28:21,14.8,45.9
05/12/2026,12:33:21,14.8,46
05/12/2026,12:38:21,14.9,46.1
05/12/2026,12:43:21,14.9,46.2
05/12/2026,12:48:21,15,46.2
05/12/2026,12:53:21,15,46.3
05/12/2026,12:58:21,15.1,46.3
05/12/2026,13:03:21,15.1,46.4
05/12/2026,13:08:21,15.2,46.5
05/12/2026,13:13:21,15.2,46.5
05/12/2026,13:18:21,15.2,46.5
05/12/2026,13:23:21,15.3,46.6
05/12/2026,13:28:21,15.3,46.5
05/12/2026,13:33:21,15.3,46.6
05/12/2026,13:38:21,15.3,46.6
05/12/2026,13:43:21,15.3,46.6
05/12/2026,13:48:21,15.3,46.6
05/12/2026,13:53:21,15.4,46.6
05/12/2026,13:58:21,15.4,46.6
05/12/2026,14:03:21,15.4,46.6
05/12/2026,14:08:21,15.4,46.6
05/12/2026,14:13:21,15.4,46.7
05/12/2026,14:18:21,15.4,46.7
05/12/2026,14:23:21,15.4,46.7
05/12/2026,14:28:21,15.4,46.7
05/12/2026,14:33:21,15.4,46.7
05/12/2026,14:38:21,15.4,46.7
05/12/2026,14:43:21,15.4,46.8
05/12/2026,14:48:21,15.5,46.8
05/12/2026,14:53:21,15.5,46.9
05/12/2026,14:58:21,15.5,46.8
05/12/2026,15:03:21,15.5,46.9
05/12/2026,15:08:21,15.5,46.9
05/12/2026,15:13:21,15.5,47
05/12/2026,15:18:21,15.5,47
05/12/2026,15:23:21,15.5,47.1
05/12/2026,15:28:21,15.5,47.1
05/12/2026,15:33:21,15.5,47.2
05/12/2026,15:38:21,15.5,47.3
05/12/2026,15:43:21,15.5,47.3
05/12/2026,15:48:21,15.5,47.4
05/12/2026,15:53:21,15.5,47.4
05/12/2026,15:58:21,15.5,47.5
05/12/2026,16:03:21,15.5,47.6
05/12/2026,16:08:21,15.6,47.5
05/12/2026,16:13:21,15.6,47.6
05/12/2026,16:18:21,15.6,47.7
05/12/2026,16:23:21,15.6,47.9
05/12/2026,16:28:21,15.6,48
05/12/2026,16:33:21,15.6,48.1
05/12/2026,16:38:21,15.6,48.1
05/12/2026,16:43:21,15.6,48.2
05/12/2026,16:48:21,15.6,48.3
05/12/2026,16:53:21,15.7,48.4
05/12/2026,16:58:21,15.7,48.3
05/12/2026,17:03:21,15.7,48.5
05/12/2026,17:08:21,15.7,48.5
05/12/2026,17:13:21,15.8,48.6
05/12/2026,17:18:21,15.8,48.7
05/12/2026,17:23:21,15.8,48.7
05/12/2026,17:28:21,15.9,48.8
05/12/2026,17:33:21,16,48.7
05/12/2026,17:38:21,16,48.7
05/12/2026,17:43:21,16,48.7
05/12/2026,17:48:21,16,48.7
05/12/2026,17:53:21,16.1,48.5
05/12/2026,17:58:21,16.2,48.4
05/12/2026,18:03:21,16.3,48.3
05/12/2026,18:08:21,16.4,48.2
05/12/2026,18:13:21,16.5,48.1
05/12/2026,18:18:21,16.6,48
05/12/2026,18:23:21,16.6,47.9
05/12/2026,18:28:21,16.6,47.9
05/12/2026,18:33:21,16.6,48
05/12/2026,18:38:21,16.5,48.1
05/12/2026,18:43:21,16.5,48.1
05/12/2026,18:48:21,16.5,48.1
05/12/2026,18:53:21,16.5,48.2
05/12/2026,18:58:21,16.5,48.3
05/12/2026,19:03:21,16.5,48.4
05/12/2026,19:08:21,16.5,48.4
05/12/2026,19:13:21,16.6,48.7
05/12/2026,19:18:21,16.6,48.8
05/12/2026,19:23:21,16.7,48.9
05/12/2026,19:28:21,16.7,49
05/12/2026,19:33:21,16.8,49
05/12/2026,19:38:21,16.8,49
05/12/2026,19:43:21,16.8,49.1
05/12/2026,19:48:21,16.9,49
05/12/2026,19:53:21,16.9,49.2
05/12/2026,19:58:21,17,49.3
05/12/2026,20:03:21,17,49.2
05/12/2026,20:08:21,17,49.2
05/12/2026,20:13:21,17,49.3
05/12/2026,20:18:21,17,49.5
05/12/2026,20:23:21,17,49.5
05/12/2026,20:28:21,16.9,49.5
05/12/2026,20:33:21,17,49.5
05/12/2026,20:38:21,16.9,49.5
05/12/2026,20:43:21,16.9,49.4
05/12/2026,20:48:21,16.9,49.3
05/12/2026,20:53:21,16.9,49.1
05/12/2026,20:58:21,16.9,49.1
05/12/2026,21:03:21,16.8,49.1
05/12/2026,21:08:21,16.8,49
05/12/2026,21:13:21,16.7,49
05/12/2026,21:18:21,16.7,48.9
05/12/2026,21:23:21,16.7,48.9
05/12/2026,21:28:21,16.7,48.8
05/12/2026,21:33:21,16.6,48.9
05/12/2026,21:38:21,16.6,48.8
05/12/2026,21:43:21,16.5,48.8
05/12/2026,21:48:21,16.5,48.8
05/12/2026,21:53:21,16.5,48.7
05/12/2026,21:58:21,16.5,48.7
05/12/2026,22:03:21,16.4,48.6
05/12/2026,22:08:21,16.4,48.6
05/12/2026,22:13:21,16.4,48.5
05/12/2026,22:18:21,16.3,48.6
05/12/2026,22:23:21,16.3,48.6
05/12/2026,22:28:21,16.3,48.5
05/12/2026,22:33:21,16.3,48.6
05/12/2026,22:38:21,16.3,48.5
05/12/2026,22:43:21,16.2,48.5
05/12/2026,22:48:21,16.2,48.5
05/12/2026,22:53:21,16.2,48.6
05/12/2026,22:58:21,16.1,48.5
05/12/2026,23:03:21,16.1,48.5
05/12/2026,23:08:21,16.1,48.5
05/12/2026,23:13:21,16.1,48.4
05/12/2026,23:18:21,16.1,48.5
05/12/2026,23:23:21,16,48.5
05/12/2026,23:28:21,16,48.4
05/12/2026,23:33:21,16,48.5
05/12/2026,23:38:21,16,48.4
05/12/2026,23:43:21,16,48.4
05/12/2026,23:48:21,15.9,48.3
05/12/2026,23:53:21,15.9,48.4
05/12/2026,23:58:21,15.9,48.4
05/13/2026,00:03:21,15.9,48.4
05/13/2026,00:08:21,15.9,48.4
05/13/2026,00:13:21,15.8,48.4
05/13/2026,00:18:21,15.8,48.4
05/13/2026,00:23:21,15.8,48.4
05/13/2026,00:28:21,15.8,48.5
05/13/2026,00:33:21,15.7,48.5
05/13/2026,00:38:21,15.8,48.5
05/13/2026,00:43:21,15.7,48.5
05/13/2026,00:48:21,15.7,48.5
05/13/2026,00:53:21,15.7,48.5
05/13/2026,00:58:21,15.6,48.6
05/13/2026,01:03:21,15.6,48.5
05/13/2026,01:08:21,15.6,48.5
05/13/2026,01:13:21,15.6,48.5
05/13/2026,01:18:21,15.6,48.5
05/13/2026,01:23:21,15.6,48.5
05/13/2026,01:28:21,15.6,48.6
05/13/2026,01:33:21,15.6,48.5
05/13/2026,01:38:21,15.5,48.5
05/13/2026,01:43:21,15.5,48.5
05/13/2026,01:48:21,15.5,48.5
05/13/2026,01:53:21,15.5,48.5
05/13/2026,01:58:21,15.5,48.5
05/13/2026,02:03:21,15.5,48.5
05/13/2026,02:08:21,15.5,48.5
05/13/2026,02:13:21,15.4,48.5
05/13/2026,02:18:21,15.4,48.5
05/13/2026,02:23:21,15.4,48.5
05/13/2026,02:28:21,15.4,48.5
05/13/2026,02:33:21,15.4,48.5
05/13/2026,02:38:21,15.4,48.4
05/13/2026,02:43:21,15.3,48.4
05/13/2026,02:48:21,15.3,48.4
05/13/2026,02:53:21,15.3,48.4
05/13/2026,02:58:21,15.3,48.4
05/13/2026,03:03:21,15.3,48.4
05/13/2026,03:08:21,15.3,48.4
05/13/2026,03:13:21,15.3,48.4
05/13/2026,03:18:21,15.2,48.4
05/13/2026,03:23:21,15.2,48.4
05/13/2026,03:28:21,15.2,48.4
05/13/2026,03:33:21,15.2,48.4
05/13/2026,03:38:21,15.2,48.4
05/13/2026,03:43:21,15.2,48.4
05/13/2026,03:48:21,15.2,48.4
05/13/2026,03:53:21,15.1,48.4
05/13/2026,03:58:21,15.1,48.4
05/13/2026,04:03:21,15.1,48.4
05/13/2026,04:08:21,15.1,48.4
05/13/2026,04:13:21,15.1,48.4
05/13/2026,04:18:21,15.1,48.4
05/13/2026,04:23:21,15.1,48.4
05/13/2026,04:28:21,15,48.4
05/13/2026,04:33:21,15,48.4
05/13/2026,04:38:21,15,48.4
05/13/2026,04:43:21,15,48.4
05/13/2026,04:48:21,15,48.4
05/13/2026,04:53:21,15,48.4
05/13/2026,04:58:21,15,48.4
05/13/2026,05:03:21,15,48.4
05/13/2026,05:08:21,14.9,48.4
05/13/2026,05:13:21,14.9,48.5
05/13/2026,05:18:21,14.9,48.4
05/13/2026,05:23:21,14.9,48.4
05/13/2026,05:28:21,14.9,48.5
05/13/2026,05:33:21,14.9,48.5
05/13/2026,05:38:21,14.9,48.5
05/13/2026,05:43:21,14.9,48.5
05/13/2026,05:48:21,14.8,48.5
05/13/2026,05:53:21,14.8,48.5
05/13/2026,05:58:21,14.8,48.4
05/13/2026,06:03:21,14.8,48.5
05/13/2026,06:08:21,14.8,48.5
05/13/2026,06:13:21,14.8,48.5
05/13/2026,06:18:21,14.8,48.5
05/13/2026,06:23:21,14.8,48.5
05/13/2026,06:28:21,14.8,48.5
05/13/2026,06:33:21,14.8,48.6
05/13/2026,06:38:21,14.8,48.6
05/13/2026,06:43:21,14.8,48.6
05/13/2026,06:48:21,14.7,48.6
05/13/2026,06:53:21,14.8,48.7
05/13/2026,06:58:21,14.7,48.7
05/13/2026,07:03:21,14.7,48.8
05/13/2026,07:08:21,14.7,48.7
05/13/2026,07:13:21,14.7,48.8
05/13/2026,07:18:21,14.7,48.8
05/13/2026,07:23:21,14.7,48.8
05/13/2026,07:28:21,14.7,48.8
05/13/2026,07:33:21,14.7,48.9
05/13/2026,07:38:21,14.7,48.9
05/13/2026,07:43:21,14.7,48.9
05/13/2026,07:48:21,14.7,48.9
05/13/2026,07:53:21,14.7,49
05/13/2026,07:58:21,14.7,49
05/13/2026,08:03:21,14.7,49
05/13/2026,08:08:21,14.7,49.2
05/13/2026,08:13:21,14.7,49.1
05/13/2026,08:18:21,14.7,49.2
05/13/2026,08:23:21,14.7,49.2
05/13/2026,08:28:21,14.7,49.2
05/13/2026,08:33:21,14.7,49.3
05/13/2026,08:38:21,14.7,49.3
05/13/2026,08:43:21,14.7,49.3
05/13/2026,08:48:21,14.7,49.4
05/13/2026,08:53:21,14.7,49.4
05/13/2026,08:58:21,14.7,49.4
05/13/2026,09:03:21,14.7,49.5
05/13/2026,09:08:21,14.7,49.5
05/13/2026,09:13:21,14.7,49.5
05/13/2026,09:18:21,14.8,49.5
05/13/2026,09:23:21,14.8,49.5
05/13/2026,09:28:21,14.8,49.5
05/13/2026,09:33:21,14.8,49.5
05/13/2026,09:38:21,14.9,49.7
05/13/2026,09:43:21,14.9,49.7
05/13/2026,09:48:21,14.9,49.8
05/13/2026,09:53:21,15,49.8
05/13/2026,09:58:21,15,49.8
05/13/2026,10:03:21,15,49.8
05/13/2026,10:08:21,15,49.9
05/13/2026,10:13:21,15.1,49.8
05/13/2026,10:18:21,15.1,49.8
05/13/2026,10:23:21,15.1,49.7
05/13/2026,10:28:21,15.2,49.7
05/13/2026,10:33:21,15.2,49.7
05/13/2026,10:38:21,15.2,49.7
05/13/2026,10:43:21,15.2,49.6
05/13/2026,10:48:21,15.2,49.5
05/13/2026,10:53:21,15.2,49.4
05/13/2026,10:58:21,15.2,49.5
05/13/2026,11:03:21,15.2,49.5
05/13/2026,11:08:21,15.3,49.4
05/13/2026,11:13:21,15.3,49.3
05/13/2026,11:18:21,15.3,49.3
05/13/2026,11:23:21,15.3,49.5
05/13/2026,11:28:21,15.3,49.6
05/13/2026,11:33:21,15.2,49.6
05/13/2026,11:38:21,15.3,49.6
05/13/2026,11:43:21,15.3,49.7
05/13/2026,11:48:21,15.3,49.7
05/13/2026,11:53:21,15.3,49.7
05/13/2026,11:58:21,15.3,49.8
05/13/2026,12:03:21,15.3,49.8
05/13/2026,12:08:21,15.3,49.8
05/13/2026,12:13:21,15.3,49.9
05/13/2026,12:18:21,15.2,49.9
05/13/2026,12:23:21,15.3,49.9
05/13/2026,12:28:21,15.2,49.9
05/13/2026,12:33:21,15.3,50
05/13/2026,12:38:21,15.3,50
05/13/2026,12:43:21,15.3,50
05/13/2026,12:48:21,15.3,50
05/13/2026,12:53:21,15.3,50
05/13/2026,12:58:21,15.3,50.1
05/13/2026,13:03:21,15.3,50.1
05/13/2026,13:08:21,15.3,50.1
05/13/2026,13:13:21,15.3,50.1
05/13/2026,13:18:21,15.3,50.2
05/13/2026,13:23:21,15.3,50.2
05/13/2026,13:28:21,15.3,50.2
05/13/2026,13:33:21,15.3,50.2
05/13/2026,13:38:21,15.3,50.3
05/13/2026,13:43:21,15.3,50.3
05/13/2026,13:48:21,15.3,50.3
05/13/2026,13:53:21,15.3,50.4
05/13/2026,13:58:21,15.3,50.4
05/13/2026,14:03:21,15.3,50.4
05/13/2026,14:08:21,15.3,50.4
05/13/2026,14:13:21,15.3,50.5
05/13/2026,14:18:21,15.4,50.7
05/13/2026,14:23:21,15.4,50.6
05/13/2026,14:28:21,15.4,50.8
05/13/2026,14:33:21,15.4,50.9
05/13/2026,14:38:21,15.5,50.8
05/13/2026,14:43:21,15.5,50.9
05/13/2026,14:48:21,15.5,50.9
05/13/2026,14:53:21,15.5,50.9
05/13/2026,14:58:21,15.6,50.9
05/13/2026,15:03:21,15.6,50.9
05/13/2026,15:08:21,15.6,50.9
05/13/2026,15:13:21,15.6,50.9
05/13/2026,15:18:21,15.7,50.9
05/13/2026,15:23:21,15.6,50.9
05/13/2026,15:28:21,15.7,50.8
05/13/2026,15:33:21,15.7,50.9
05/13/2026,15:38:21,15.7,50.8
05/13/2026,15:43:21,15.7,50.8
05/13/2026,15:48:21,15.8,50.8
05/13/2026,15:53:21,15.8,50.9
05/13/2026,15:58:21,15.8,50.8
05/13/2026,16:03:21,15.8,50.9
05/13/2026,16:08:21,15.8,50.9
05/13/2026,16:13:21,15.8,50.9
05/13/2026,16:18:21,15.8,50.9
05/13/2026,16:23:21,15.8,50.9
05/13/2026,16:28:21,15.8,50.9
05/13/2026,16:33:21,15.8,50.8
05/13/2026,16:38:21,15.8,50.8
05/13/2026,16:43:21,15.8,50.8
05/13/2026,16:48:21,15.8,50.7
05/13/2026,16:53:21,15.9,50.7
05/13/2026,16:58:21,15.9,50.7
05/13/2026,17:03:21,15.9,50.6
05/13/2026,17:08:21,15.9,50.6
05/13/2026,17:13:21,15.9,50.7
05/13/2026,17:18:21,15.9,50.6
05/13/2026,17:23:21,15.9,50.6
05/13/2026,17:28:21,15.9,50.6
05/13/2026,17:33:21,15.9,50.7
05/13/2026,17:38:21,15.9,50.7
05/13/2026,17:43:21,15.9,50.7
05/13/2026,17:48:21,15.9,50.7
05/13/2026,17:53:21,15.9,50.6
05/13/2026,17:58:21,15.9,50.6
05/13/2026,18:03:21,16,50.5
05/13/2026,18:08:21,16.1,50.4
05/13/2026,18:13:21,16.1,50.3
05/13/2026,18:18:21,16.1,50.3
05/13/2026,18:23:21,16.1,50.4
05/13/2026,18:28:21,16,50.5
05/13/2026,18:33:21,16,50.5
05/13/2026,18:38:21,16,50.6
05/13/2026,18:43:21,16,50.6
05/13/2026,18:48:21,16,50.8
05/13/2026,18:53:21,16,50.8
05/13/2026,18:58:21,16.1,51.1
05/13/2026,19:03:21,16.1,51.2
05/13/2026,19:08:21,16.2,51.6
05/13/2026,19:13:21,16.3,51.8
05/13/2026,19:18:21,16.4,52
05/13/2026,19:23:21,16.4,52.1
05/13/2026,19:28:21,16.5,52.3
05/13/2026,19:33:21,16.6,52.6
05/13/2026,19:38:21,16.7,52.8
05/13/2026,19:43:21,16.8,53
05/13/2026,19:48:21,16.9,53.2
05/13/2026,19:53:21,17,53.3
05/13/2026,19:58:21,17,53.7
05/13/2026,20:03:21,17.1,53.8
05/13/2026,20:08:21,17.2,53.9
05/13/2026,20:13:21,17.2,54.1
05/13/2026,20:18:21,17.3,54
05/13/2026,20:23:21,17.3,53.8
05/13/2026,20:28:21,17.2,53.6
05/13/2026,20:33:21,17.2,53.4
05/13/2026,20:38:21,17.1,53.5
05/13/2026,20:43:21,17.1,53.4
05/13/2026,20:48:21,17,53.3
05/13/2026,20:53:21,17,53.2
05/13/2026,20:58:21,17,53.2
05/13/2026,21:03:21,16.9,53.2
05/13/2026,21:08:21,16.9,53.2
05/13/2026,21:13:21,16.8,53.2
05/13/2026,21:18:21,16.8,53.2
05/13/2026,21:23:21,16.7,53.3
05/13/2026,21:28:21,16.7,53.2
05/13/2026,21:33:21,16.6,53.1
05/13/2026,21:38:21,16.6,53.1
05/13/2026,21:43:21,16.6,53.1
05/13/2026,21:48:21,16.5,53.1
05/13/2026,21:53:21,16.5,53.1
05/13/2026,21:58:21,16.4,53
05/13/2026,22:03:21,16.4,53
05/13/2026,22:08:21,16.4,53
05/13/2026,22:13:21,16.3,53.1
05/13/2026,22:18:21,16.3,53.1
05/13/2026,22:23:21,16.3,53.1
05/13/2026,22:28:21,16.2,52.9
05/13/2026,22:33:21,16.2,53
05/13/2026,22:38:21,16.2,53
05/13/2026,22:43:21,16.1,53
05/13/2026,22:48:21,16.1,53
05/13/2026,22:53:21,16,53.1
05/13/2026,22:58:21,16,53
05/13/2026,23:03:21,16,53
05/13/2026,23:08:21,15.9,53
05/13/2026,23:13:21,15.9,53
05/13/2026,23:18:21,15.9,53
05/13/2026,23:23:21,15.8,53
05/13/2026,23:28:21,15.8,52.9
05/13/2026,23:33:21,15.8,52.9
05/13/2026,23:38:21,15.7,52.9
05/13/2026,23:43:21,15.7,52.8
05/13/2026,23:48:21,15.7,52.8
05/13/2026,23:53:21,15.6,52.9
05/13/2026,23:58:21,15.6,52.9
05/14/2026,00:03:21,15.6,52.8
05/14/2026,00:08:21,15.6,52.8
05/14/2026,00:13:21,15.5,52.8
05/14/2026,00:18:21,15.5,52.8
05/14/2026,00:23:21,15.5,52.8
05/14/2026,00:28:21,15.5,52.8
05/14/2026,00:33:21,15.5,52.8
05/14/2026,00:38:21,15.4,52.8
05/14/2026,00:43:21,15.4,52.7
05/14/2026,00:48:21,15.4,52.7
05/14/2026,00:53:21,15.4,52.7
05/14/2026,00:58:21,15.3,52.6
05/14/2026,01:03:21,15.3,52.6
05/14/2026,01:08:21,15.3,52.6
05/14/2026,01:13:21,15.3,52.6
05/14/2026,01:18:21,15.2,52.6
05/14/2026,01:23:21,15.2,52.6
05/14/2026,01:28:21,15.2,52.6
05/14/2026,01:33:21,15.2,52.6
05/14/2026,01:38:21,15.2,52.5
05/14/2026,01:43:21,15.2,52.6
05/14/2026,01:48:21,15.1,52.5
05/14/2026,01:53:21,15.1,52.5
05/14/2026,01:58:21,15.1,52.5
05/14/2026,02:03:21,15,52.4
05/14/2026,02:08:21,15,52.5
05/14/2026,02:13:21,15,52.5
05/14/2026,02:18:21,15,52.5
05/14/2026,02:23:21,15,52.4
05/14/2026,02:28:21,15,52.5
05/14/2026,02:33:21,14.9,52.4
05/14/2026,02:38:21,14.9,52.4
05/14/2026,02:43:21,14.9,52.4
05/14/2026,02:48:21,14.9,52.4
05/14/2026,02:53:21,14.8,52.3
05/14/2026,02:58:21,14.8,52.4
05/14/2026,03:03:21,14.8,52.4
05/14/2026,03:08:21,14.8,52.4
05/14/2026,03:13:21,14.8,52.4
05/14/2026,03:18:21,14.8,52.3
05/14/2026,03:23:21,14.8,52.3
05/14/2026,03:28:21,14.8,52.3
05/14/2026,03:33:21,14.7,52.4
05/14/2026,03:38:21,14.7,52.3
05/14/2026,03:43:21,14.7,52.3
05/14/2026,03:48:21,14.7,52.3
05/14/2026,03:53:21,14.7,52.2
05/14/2026,03:58:21,14.6,52.2
05/14/2026,04:03:21,14.6,52.3
05/14/2026,04:08:21,14.6,52.2
05/14/2026,04:13:21,14.6,52.2
05/14/2026,04:18:21,14.6,52.2
05/14/2026,04:23:21,14.5,52.2
05/14/2026,04:28:21,14.5,52.2
05/14/2026,04:33:21,14.5,52.1
05/14/2026,04:38:21,14.5,52.2
05/14/2026,04:43:21,14.5,52.2
05/14/2026,04:48:21,14.5,52.2
05/14/2026,04:53:21,14.4,52.2
05/14/2026,04:58:21,14.4,52.1
05/14/2026,05:03:21,14.4,52.1
05/14/2026,05:08:21,14.4,52.1
05/14/2026,05:13:21,14.4,52.1
05/14/2026,05:18:21,14.3,52.1
05/14/2026,05:23:21,14.3,52.1
05/14/2026,05:28:21,14.3,52.1
05/14/2026,05:33:21,14.3,52.1
05/14/2026,05:38:21,14.3,52.1
05/14/2026,05:43:21,14.3,52.1
05/14/2026,05:48:21,14.3,52
05/14/2026,05:53:21,14.2,52
05/14/2026,05:58:21,14.2,52.1
05/14/2026,06:03:21,14.2,52
05/14/2026,06:08:21,14.2,52
05/14/2026,06:13:21,14.2,52.1
05/14/2026,06:18:21,14.2,52
05/14/2026,06:23:21,14.2,52
05/14/2026,06:28:21,14.2,52
05/14/2026,06:33:21,14.1,52
05/14/2026,06:38:21,14.2,52
05/14/2026,06:43:21,14.1,52
05/14/2026,06:48:21,14.1,52
05/14/2026,06:53:21,14.1,52
05/14/2026,06:58:21,14.1,52
05/14/2026,07:03:21,14.1,52
05/14/2026,07:08:21,14,52
05/14/2026,07:13:21,14.1,52
05/14/2026,07:18:21,14.1,52
05/14/2026,07:23:21,14.1,52
05/14/2026,07:28:21,14.1,52
05/14/2026,07:33:21,14,52
05/14/2026,07:38:21,14,52
05/14/2026,07:43:21,14,52
05/14/2026,07:48:21,14.1,52
05/14/2026,07:53:21,14,52
05/14/2026,07:58:21,14.1,52
05/14/2026,08:03:21,14,52
05/14/2026,08:08:21,14,51.9
05/14/2026,08:13:21,14.1,52
05/14/2026,08:18:21,14.1,52
05/14/2026,08:23:21,14.1,51.9
05/14/2026,08:28:21,14.1,51.9
05/14/2026,08:33:21,14.1,52
05/14/2026,08:38:21,14.1,51.9
05/14/2026,08:43:21,14.1,51.9
05/14/2026,08:48:21,14.1,51.9
05/14/2026,08:53:21,14.2,52
05/14/2026,08:58:21,14.2,52.1
05/14/2026,09:03:21,14.2,52.2
05/14/2026,09:08:21,14.2,52.2
05/14/2026,09:13:21,14.2,52.3
05/14/2026,09:18:21,14.3,52.4
05/14/2026,09:23:21,14.3,52.5
05/14/2026,09:28:21,14.3,52.6
05/14/2026,09:33:21,14.3,52.8
05/14/2026,09:38:21,14.4,53
05/14/2026,09:43:21,14.5,53.1
05/14/2026,09:48:21,14.5,53.3
05/14/2026,09:53:21,14.7,53.6
05/14/2026,09:58:21,14.7,53.8
05/14/2026,10:03:21,14.8,53.9
05/14/2026,10:08:21,14.9,54
05/14/2026,10:13:21,14.9,54.2
05/14/2026,10:18:21,15,54.2
05/14/2026,10:23:21,15.1,54.3
05/14/2026,10:28:21,15.1,54.3
05/14/2026,10:33:21,15.1,54.2
05/14/2026,10:38:21,15.1,54.2
05/14/2026,10:43:21,15.1,54.2
05/14/2026,10:48:21,15.1,54.2
05/14/2026,10:53:21,15.1,54.2
05/14/2026,10:58:21,15.1,54.2
05/14/2026,11:03:21,15.1,54.2
05/14/2026,11:08:21,15.1,54.2
05/14/2026,11:13:21,15.1,54.2
05/14/2026,11:18:21,15.1,54.1
05/14/2026,11:23:21,15.1,54.1
05/14/2026,11:28:21,15.1,54
05/14/2026,11:33:21,15.1,54
05/14/2026,11:38:21,15.1,54
05/14/2026,11:43:21,15.1,53.9
05/14/2026,11:48:21,15.1,53.9
05/14/2026,11:53:21,15.1,53.8
05/14/2026,11:58:21,15.1,53.9
05/14/2026,12:03:21,15.1,53.8
05/14/2026,12:08:21,15.1,53.7
05/14/2026,12:13:21,15.1,53.7
05/14/2026,12:18:21,15.1,53.7
05/14/2026,12:23:21,15.1,53.7
05/14/2026,12:28:21,15.1,53.7
05/14/2026,12:33:21,15.1,53.6
05/14/2026,12:38:21,15.1,53.6
05/14/2026,12:43:21,15.1,53.6
05/14/2026,12:48:21,15.1,53.6
05/14/2026,12:53:21,15.1,53.6
05/14/2026,12:58:21,15.1,53.5
05/14/2026,13:03:21,15.1,53.6
05/14/2026,13:08:21,15.1,53.6
05/14/2026,13:13:21,15.1,53.6
05/14/2026,13:18:21,15.1,53.6
05/14/2026,13:23:21,15.1,53.5
05/14/2026,13:28:21,15.1,53.4
05/14/2026,13:33:21,15.1,53.4
05/14/2026,13:38:21,15.1,53.4
05/14/2026,13:43:21,15.1,53.4
05/14/2026,13:48:21,15.1,53.4
05/14/2026,13:53:21,15.1,53.4
05/14/2026,13:58:21,15.1,53.4
05/14/2026,14:03:21,15.1,53.4
05/14/2026,14:08:21,15.1,53.4
05/14/2026,14:13:21,15.1,53.4
05/14/2026,14:18:21,15.1,53.4
05/14/2026,14:23:21,15.1,53.4
05/14/2026,14:28:21,15.1,53.4
05/14/2026,14:33:21,15.2,53.4
05/14/2026,14:38:21,15.2,53.4
05/14/2026,14:43:21,15.2,53.4
05/14/2026,14:48:21,15.2,53.4
05/14/2026,14:53:21,15.2,53.4
05/14/2026,14:58:21,15.2,53.4
05/14/2026,15:03:21,15.2,53.5
05/14/2026,15:08:21,15.2,53.5
05/14/2026,15:13:21,15.2,53.5
05/14/2026,15:18:21,15.2,53.5
05/14/2026,15:23:21,15.2,53.5
05/14/2026,15:28:21,15.2,53.4
05/14/2026,15:33:21,15.2,53.4
05/14/2026,15:38:21,15.2,53.4
05/14/2026,15:43:21,15.2,53.4
05/14/2026,15:48:21,15.2,53.4
05/14/2026,15:53:21,15.2,53.3
05/14/2026,15:58:21,15.3,53.4
05/14/2026,16:03:21,15.3,53.4
05/14/2026,16:08:21,15.3,53.4
05/14/2026,16:13:21,15.3,53.3
05/14/2026,16:18:21,15.4,53.4
05/14/2026,16:23:21,15.4,53.4
05/14/2026,16:28:21,15.4,53.4
05/14/2026,16:33:21,15.5,53.4
05/14/2026,16:38:21,15.5,53.3
05/14/2026,16:43:21,15.5,53.3
05/14/2026,16:48:21,15.6,53.4
05/14/2026,16:53:21,15.6,53.3
05/14/2026,16:58:21,15.6,53.3
05/14/2026,17:03:21,15.6,53.4
05/14/2026,17:08:21,15.7,53.3
05/14/2026,17:13:21,15.7,53.4
05/14/2026,17:18:21,15.7,53.3
05/14/2026,17:23:21,15.8,53.3
05/14/2026,17:28:21,15.8,53.3
05/14/2026,17:33:21,15.9,53.3
05/14/2026,17:38:21,16,53.5
05/14/2026,17:43:21,16,53.5
05/14/2026,17:48:21,16.1,53.6
05/14/2026,17:53:21,16.3,53.6
05/14/2026,17:58:21,16.4,53.6
05/14/2026,18:03:21,16.5,53.5
05/14/2026,18:08:21,16.7,53.4
05/14/2026,18:13:21,16.9,53.2
05/14/2026,18:18:21,17,53.2
05/14/2026,18:23:21,17.1,53
05/14/2026,18:28:21,17.3,53
05/14/2026,18:33:21,17.2,52.8
05/14/2026,18:38:21,17.1,52.8
05/14/2026,18:43:21,17,52.8
05/14/2026,18:48:21,17,52.8
05/14/2026,18:53:21,16.9,52.8
05/14/2026,18:58:21,16.8,52.8
05/14/2026,19:03:21,16.8,52.9
05/14/2026,19:08:21,16.7,52.9
05/14/2026,19:13:21,16.7,52.9
05/14/2026,19:18:21,16.7,52.9
05/14/2026,19:23:21,16.7,53
05/14/2026,19:28:21,16.7,53.1
05/14/2026,19:33:21,16.6,53.2
05/14/2026,19:38:21,16.7,53.5
05/14/2026,19:43:21,16.7,53.7
05/14/2026,19:48:21,16.8,53.8
05/14/2026,19:53:21,16.9,53.8
05/14/2026,19:58:21,17,53.9
05/14/2026,20:03:21,17,54
05/14/2026,20:08:21,17.1,54
05/14/2026,20:13:21,17.2,54.1
05/14/2026,20:18:21,17.3,54.1
05/14/2026,20:23:21,17.3,54.2
05/14/2026,20:28:21,17.4,54.2
05/14/2026,20:33:21,17.5,54.3
05/14/2026,20:38:21,17.6,54.4
05/14/2026,20:43:21,17.6,54.4
05/14/2026,20:48:21,17.6,54.2
05/14/2026,20:53:21,17.6,54
05/14/2026,20:58:21,17.5,53.7
05/14/2026,21:03:21,17.4,53.4
05/14/2026,21:08:21,17.4,53.1
05/14/2026,21:13:21,17.3,53.1
05/14/2026,21:18:21,17.3,53
05/14/2026,21:23:21,17.2,53
05/14/2026,21:28:21,17.2,53
05/14/2026,21:33:21,17.1,53
05/14/2026,21:38:21,17.1,52.9
05/14/2026,21:43:21,17,52.9
05/14/2026,21:48:21,17,52.9
05/14/2026,21:53:21,17,52.9
05/14/2026,21:58:21,16.9,52.9
05/14/2026,22:03:21,16.9,52.9
05/14/2026,22:08:21,16.8,52.9
05/14/2026,22:13:21,16.8,52.8
05/14/2026,22:18:21,16.7,52.8
05/14/2026,22:23:21,16.7,52.7
05/14/2026,22:28:21,16.7,52.8
05/14/2026,22:33:21,16.6,52.7
05/14/2026,22:38:21,16.6,52.7
05/14/2026,22:43:21,16.5,52.7
05/14/2026,22:48:21,16.5,52.7
05/14/2026,22:53:21,16.5,52.7
05/14/2026,22:58:21,16.5,52.6
05/14/2026,23:03:21,16.4,52.6
05/14/2026,23:08:21,16.4,52.6
05/14/2026,23:13:21,16.3,52.6
05/14/2026,23:18:21,16.3,52.6
05/14/2026,23:23:21,16.3,52.6
05/14/2026,23:28:21,16.3,52.6
05/14/2026,23:33:21,16.2,52.6
05/14/2026,23:38:21,16.2,52.6
05/14/2026,23:43:21,16.2,52.6
05/14/2026,23:48:21,16.2,52.5
05/14/2026,23:53:21,16.1,52.6
05/14/2026,23:58:21,16.1,52.6
05/15/2026,00:03:21,16.1,52.6
05/15/2026,00:08:21,16,52.5
05/15/2026,00:13:21,16,52.6
05/15/2026,00:18:21,16,52.6
05/15/2026,00:23:21,16,52.5
05/15/2026,00:28:21,15.9,52.5
05/15/2026,00:33:21,15.9,52.5
05/15/2026,00:38:21,15.9,52.6
05/15/2026,00:43:21,15.9,52.6
05/15/2026,00:48:21,15.8,52.6
05/15/2026,00:53:21,15.8,52.5
05/15/2026,00:58:21,15.8,52.5
05/15/2026,01:03:21,15.8,52.5
05/15/2026,01:08:21,15.8,52.5
05/15/2026,01:13:21,15.7,52.5
05/15/2026,01:18:21,15.7,52.5
05/15/2026,01:23:21,15.7,52.5
05/15/2026,01:28:21,15.7,52.5
05/15/2026,01:33:21,15.7,52.5
05/15/2026,01:38:21,15.6,52.5
05/15/2026,01:43:21,15.6,52.5
05/15/2026,01:48:21,15.6,52.5
05/15/2026,01:53:21,15.6,52.5
05/15/2026,01:58:21,15.5,52.4
05/15/2026,02:03:21,15.6,52.5
05/15/2026,02:08:21,15.5,52.5
05/15/2026,02:13:21,15.5,52.4
05/15/2026,02:18:21,15.5,52.4
05/15/2026,02:23:21,15.5,52.5
05/15/2026,02:28:21,15.5,52.4
05/15/2026,02:33:21,15.5,52.4
05/15/2026,02:38:21,15.4,52.4
05/15/2026,02:43:21,15.4,52.4
05/15/2026,02:48:21,15.4,52.4
05/15/2026,02:53:21,15.4,52.4
05/15/2026,02:58:21,15.4,52.3
05/15/2026,03:03:21,15.3,52.4
05/15/2026,03:08:21,15.3,52.4
05/15/2026,03:13:21,15.3,52.4
05/15/2026,03:18:21,15.3,52.4
05/15/2026,03:23:21,15.3,52.4
05/15/2026,03:28:21,15.2,52.4
05/15/2026,03:33:21,15.2,52.3
05/15/2026,03:38:21,15.2,52.3
05/15/2026,03:43:21,15.2,52.3
05/15/2026,03:48:21,15.2,52.3
05/15/2026,03:53:21,15.2,52.3
05/15/2026,03:58:21,15.2,52.4
05/15/2026,04:03:21,15.1,52.3
05/15/2026,04:08:21,15.1,52.3
05/15/2026,04:13:21,15.1,52.3
05/15/2026,04:18:21,15.1,52.3
05/15/2026,04:23:21,15.1,52.3
05/15/2026,04:28:21,15.1,52.3
05/15/2026,04:33:21,15,52.3
05/15/2026,04:38:21,15,52.2
05/15/2026,04:43:21,15,52.3
05/15/2026,04:48:21,15,52.3
05/15/2026,04:53:21,14.9,52.3
05/15/2026,04:58:21,15,52.3
05/15/2026,05:03:21,14.9,52.3
05/15/2026,05:08:21,14.9,52.3
05/15/2026,05:13:21,14.9,52.3
05/15/2026,05:18:21,14.9,52.2
05/15/2026,05:23:21,14.9,52.3
05/15/2026,05:28:21,14.8,52.2
05/15/2026,05:33:21,14.8,52.2
05/15/2026,05:38:21,14.8,52.2
05/15/2026,05:43:21,14.8,52.2
05/15/2026,05:48:21,14.8,52.2
05/15/2026,05:53:21,14.8,52.2
05/15/2026,05:58:21,14.8,52.2
05/15/2026,06:03:21,14.7,52.2
05/15/2026,06:08:21,14.7,52.2
05/15/2026,06:13:21,14.7,52.1
05/15/2026,06:18:21,14.7,52.1
05/15/2026,06:23:21,14.7,52.1
05/15/2026,06:28:21,14.7,52.1
05/15/2026,06:33:21,14.7,52.1
05/15/2026,06:38:21,14.7,52.1
05/15/2026,06:43:21,14.7,52.1
05/15/2026,06:48:21,14.7,52.1
05/15/2026,06:53:21,14.7,52.2
05/15/2026,06:58:21,14.7,52.2
05/15/2026,07:03:21,14.7,52.2
05/15/2026,07:08:21,14.7,52.2
05/15/2026,07:13:21,14.7,52.2
05/15/2026,07:18:21,14.7,52.2
05/15/2026,07:23:21,14.7,52.2
05/15/2026,07:28:21,14.7,52.2
05/15/2026,07:33:21,14.7,52.2
05/15/2026,07:38:21,14.7,52.2
05/15/2026,07:43:21,14.7,52.2
05/15/2026,07:48:21,14.7,52.2
05/15/2026,07:53:21,14.7,52.2
05/15/2026,07:58:21,14.7,52.2
05/15/2026,08:03:21,14.7,52.2
05/15/2026,08:08:21,14.7,52.2
05/15/2026,08:13:21,14.7,52.2
05/15/2026,08:18:21,14.7,52.2
05/15/2026,08:23:21,14.7,52.2
05/15/2026,08:28:21,14.7,52.2
05/15/2026,08:33:21,14.7,52.1
05/15/2026,08:38:21,14.7,52.1
05/15/2026,08:43:21,14.7,52.2
05/15/2026,08:48:21,14.7,52.1
05/15/2026,08:53:21,14.8,52.1
05/15/2026,08:58:21,14.8,52.1
05/15/2026,09:03:21,14.8,52.1
05/15/2026,09:08:21,14.8,52.2
05/15/2026,09:13:21,14.8,52.2
05/15/2026,09:18:21,14.8,52.2
05/15/2026,09:23:21,14.8,52.1
05/15/2026,09:28:21,14.8,52.1
05/15/2026,09:33:21,14.8,52.1
05/15/2026,09:38:21,14.8,52.1
05/15/2026,09:43:21,14.9,52.1
05/15/2026,09:48:21,14.9,52.1
05/15/2026,09:53:21,14.9,52.1
05/15/2026,09:58:21,14.9,52
05/15/2026,10:03:21,14.9,52
05/15/2026,10:08:21,14.9,52
05/15/2026,10:13:21,14.9,52
05/15/2026,10:18:21,14.9,52
05/15/2026,10:23:21,14.9,52
05/15/2026,10:28:21,15,52
05/15/2026,10:33:21,15,51.9
05/15/2026,10:38:21,15,52
05/15/2026,10:43:21,15,52
05/15/2026,10:48:21,15,52
05/15/2026,10:53:21,15,52
05/15/2026,10:58:21,15,52
05/15/2026,11:03:21,15,51.9
05/15/2026,11:08:21,15.1,52
05/15/2026,11:13:21,15.1,52
05/15/2026,11:18:21,15.1,52
05/15/2026,11:23:21,15.1,51.9
05/15/2026,11:28:21,15.1,52
05/15/2026,11:33:21,15.2,52
05/15/2026,11:38:21,15.2,52
05/15/2026,11:43:21,15.2,52
05/15/2026,11:48:21,15.2,51.9
05/15/2026,11:53:21,15.2,51.9
05/15/2026,11:58:21,15.3,51.8
05/15/2026,12:03:21,15.3,51.9
05/15/2026,12:08:21,15.3,52.1
05/15/2026,12:13:21,15.4,51.5
05/15/2026,12:18:21,15.4,51.8
05/15/2026,12:23:21,15.6,51.6
05/15/2026,12:28:21,15.7,51.6
05/15/2026,12:33:21,15.8,51.3
05/15/2026,12:38:21,15.9,51.6
05/15/2026,12:43:21,16,51.6
05/15/2026,12:48:21,16.1,51.5
05/15/2026,12:53:21,16.3,51.3
05/15/2026,12:58:21,16.4,51.1
05/15/2026,13:03:21,16.5,51.3
05/15/2026,13:08:21,16.7,51.4
05/15/2026,13:13:21,16.8,51.1
05/15/2026,13:18:21,16.9,51.1
05/15/2026,13:23:21,17.1,50.8
05/15/2026,13:28:21,17.2,50
05/15/2026,13:33:21,17.2,50.1
05/15/2026,13:38:21,17.2,50.1
05/15/2026,13:43:21,17.2,50.1
05/15/2026,13:48:21,17.1,50
05/15/2026,13:53:21,17.1,49.9
05/15/2026,13:58:21,17.1,50
05/15/2026,14:03:21,17.1,50
05/15/2026,14:08:21,17,50
05/15/2026,14:13:21,17,49.9
05/15/2026,14:18:21,17,50
05/15/2026,14:23:21,16.9,50.1
05/15/2026,14:28:21,16.9,49.8
05/15/2026,14:33:21,16.8,50.1
05/15/2026,14:38:21,16.8,50.2
05/15/2026,14:43:21,16.8,50.2
05/15/2026,14:48:21,16.8,50.3
05/15/2026,14:53:21,16.8,50.4
05/15/2026,14:58:21,16.8,50.3
05/15/2026,15:03:21,16.7,50.3
05/15/2026,15:08:21,16.7,50.5
05/15/2026,15:13:21,16.7,50.5
05/15/2026,15:18:21,16.7,50.4
05/15/2026,15:23:21,16.7,50.4
05/15/2026,15:28:21,16.7,50.5
05/15/2026,15:33:21,16.7,50.6
05/15/2026,15:38:21,16.7,50.6
05/15/2026,15:43:21,16.7,50.6
05/15/2026,15:48:21,16.7,50.5
05/15/2026,15:53:21,16.7,50.6
05/15/2026,15:58:21,16.7,50.6
05/15/2026,16:03:21,16.7,50.6
05/15/2026,16:08:21,16.7,50.6
05/15/2026,16:13:21,16.7,50.6
05/15/2026,16:18:21,16.7,50.5
05/15/2026,16:23:21,16.7,50.5
05/15/2026,16:28:21,16.7,50.5
05/15/2026,16:33:21,16.6,50.7
05/15/2026,16:38:21,16.7,50.7
05/15/2026,16:43:21,16.7,50.6
05/15/2026,16:48:21,16.7,50.7
05/15/2026,16:53:21,16.7,50.6
05/15/2026,16:58:21,16.7,50.7
05/15/2026,17:03:21,16.7,50.5
05/15/2026,17:08:21,16.7,50.5
05/15/2026,17:13:21,16.7,50.5
05/15/2026,17:18:21,16.7,50.5
05/15/2026,17:23:21,16.7,50.4
05/15/2026,17:28:21,16.6,50.4
05/15/2026,17:33:21,16.6,50.4
05/15/2026,17:38:21,16.6,50.4
05/15/2026,17:43:21,16.6,50.4
05/15/2026,17:48:21,16.7,50.4
05/15/2026,17:53:21,16.7,50.3
05/15/2026,17:58:21,16.8,50.1
05/15/2026,18:03:21,17,50
05/15/2026,18:08:21,17.1,49.8
05/15/2026,18:13:21,17.3,49.6
05/15/2026,18:18:21,17.4,49.4
05/15/2026,18:23:21,17.5,49.1
05/15/2026,18:28:21,17.5,48.9
05/15/2026,18:33:21,17.5,48.9
05/15/2026,18:38:21,17.4,48.9
05/15/2026,18:43:21,17.3,49
05/15/2026,18:48:21,17.2,49
05/15/2026,18:53:21,17.2,49.1
05/15/2026,18:58:21,17.1,49.1
05/15/2026,19:03:21,17.1,49.1
05/15/2026,19:08:21,17.1,49.2
05/15/2026,19:13:21,17,49.3
05/15/2026,19:18:21,17,49.4
05/15/2026,19:23:21,17,49.6
05/15/2026,19:28:21,17,49.7
05/15/2026,19:33:21,17.1,49.7
05/15/2026,19:38:21,17,49.8
05/15/2026,19:43:21,17.1,49.9
05/15/2026,19:48:21,17,49.9
05/15/2026,19:53:21,17,49.9
05/15/2026,19:58:21,17.1,49.9
05/15/2026,20:03:21,17.1,49.9
05/15/2026,20:08:21,17,50
05/15/2026,20:13:21,17,49.9
05/15/2026,20:18:21,17,49.9
05/15/2026,20:23:21,17,49.9
05/15/2026,20:28:21,17,49.9
05/15/2026,20:33:21,17,49.9
05/15/2026,20:38:21,16.9,49.9
05/15/2026,20:43:21,16.9,49.8
05/15/2026,20:48:21,16.9,49.8
05/15/2026,20:53:21,16.9,49.8
05/15/2026,20:58:21,16.8,49.8
05/15/2026,21:03:21,16.8,49.8
05/15/2026,21:08:21,16.8,49.8
05/15/2026,21:13:21,16.8,49.7
05/15/2026,21:18:21,16.8,49.7
05/15/2026,21:23:21,16.7,49.7
05/15/2026,21:28:21,16.7,49.6
05/15/2026,21:33:21,16.7,49.6
05/15/2026,21:38:21,16.6,49.5
05/15/2026,21:43:21,16.6,49.5
05/15/2026,21:48:21,16.6,49.5
05/15/2026,21:53:21,16.5,49.4
05/15/2026,21:58:21,16.6,49.4
05/15/2026,22:03:21,16.5,49.4
05/15/2026,22:08:21,16.5,49.3
05/15/2026,22:13:21,16.5,49.2
05/15/2026,22:18:21,16.5,49.2
05/15/2026,22:23:21,16.4,49.1
05/15/2026,22:28:21,16.4,49.2
05/15/2026,22:33:21,16.4,49.2
05/15/2026,22:38:21,16.4,49.2
05/15/2026,22:43:21,16.4,49.1
05/15/2026,22:48:21,16.3,49
05/15/2026,22:53:21,16.3,49
05/15/2026,22:58:21,16.3,49
05/15/2026,23:03:21,16.3,49.1
05/15/2026,23:08:21,16.3,49
05/15/2026,23:13:21,16.3,49
05/15/2026,23:18:21,16.2,49
05/15/2026,23:23:21,16.2,49
05/15/2026,23:28:21,16.2,49
05/15/2026,23:33:21,16.2,49
05/15/2026,23:38:21,16.2,48.9
05/15/2026,23:43:21,16.2,49
05/15/2026,23:48:21,16.2,49
05/15/2026,23:53:21,16.1,48.9
05/15/2026,23:58:21,16.1,48.9
05/16/2026,00:03:21,16.1,48.9
05/16/2026,00:08:21,16.1,48.9
05/16/2026,00:13:21,16.1,48.9
05/16/2026,00:18:21,16,48.8
05/16/2026,00:23:21,16,48.9
05/16/2026,00:28:21,16,48.9
05/16/2026,00:33:21,16,48.8
05/16/2026,00:38:21,16,48.8
05/16/2026,00:43:21,16,48.9
05/16/2026,00:48:21,15.9,48.9
05/16/2026,00:53:21,15.9,48.8
05/16/2026,00:58:21,15.9,48.8
05/16/2026,01:03:21,15.9,48.8
05/16/2026,01:08:21,15.9,48.8
05/16/2026,01:13:21,15.9,48.8
05/16/2026,01:18:21,15.9,48.7
05/16/2026,01:23:21,15.8,48.7
05/16/2026,01:28:21,15.8,48.7
05/16/2026,01:33:21,15.8,48.7
05/16/2026,01:38:21,15.8,48.6
05/16/2026,01:43:21,15.8,48.6
05/16/2026,01:48:21,15.8,48.6
05/16/2026,01:53:21,15.7,48.6
05/16/2026,01:58:21,15.7,48.5
05/16/2026,02:03:21,15.7,48.5
05/16/2026,02:08:21,15.7,48.6
05/16/2026,02:13:21,15.7,48.5
05/16/2026,02:18:21,15.6,48.5
05/16/2026,02:23:21,15.6,48.4
05/16/2026,02:28:21,15.6,48.4
05/16/2026,02:33:21,15.6,48.3
05/16/2026,02:38:21,15.6,48.4
05/16/2026,02:43:21,15.5,48.4
05/16/2026,02:48:21,15.5,48.4
05/16/2026,02:53:21,15.5,48.3
05/16/2026,02:58:21,15.5,48.4
05/16/2026,03:03:21,15.5,48.2
05/16/2026,03:08:21,15.4,48.3
05/16/2026,03:13:21,15.4,48.2
05/16/2026,03:18:21,15.4,48.2
05/16/2026,03:23:21,15.4,48.2
05/16/2026,03:28:21,15.4,48.1
05/16/2026,03:33:21,15.4,48
05/16/2026,03:38:21,15.3,48
05/16/2026,03:43:21,15.3,48
05/16/2026,03:48:21,15.3,48
05/16/2026,03:53:21,15.3,47.9
05/16/2026,03:58:21,15.2,47.7
05/16/2026,04:03:21,15.2,47.8
05/16/2026,04:08:21,15.2,47.7
05/16/2026,04:13:21,15.2,47.7
05/16/2026,04:18:21,15.2,47.7
05/16/2026,04:23:21,15.1,47.6
05/16/2026,04:28:21,15.1,47.6
05/16/2026,04:33:21,15.1,47.6
05/16/2026,04:38:21,15.1,47.5
05/16/2026,04:43:21,15,47.6
05/16/2026,04:48:21,15,47.5
05/16/2026,04:53:21,15,47.4
05/16/2026,04:58:21,15,47.5
05/16/2026,05:03:21,15,47.5
05/16/2026,05:08:21,15,47.5
05/16/2026,05:13:21,15,47.5
05/16/2026,05:18:21,14.9,47.4
05/16/2026,05:23:21,14.9,47.4
05/16/2026,05:28:21,14.9,47.4
05/16/2026,05:33:21,14.8,47.4
05/16/2026,05:38:21,14.8,47.4
05/16/2026,05:43:21,14.8,47.4
05/16/2026,05:48:21,14.8,47.4
05/16/2026,05:53:21,14.8,47.5
05/16/2026,05:58:21,14.8,47.4
05/16/2026,06:03:21,14.8,47.5
05/16/2026,06:08:21,14.7,47.5
05/16/2026,06:13:21,14.7,47.5
05/16/2026,06:18:21,14.7,47.5
05/16/2026,06:23:21,14.7,47.5
05/16/2026,06:28:21,14.7,47.5
05/16/2026,06:33:21,14.7,47.5
05/16/2026,06:38:21,14.7,47.5
05/16/2026,06:43:21,14.7,47.5
05/16/2026,06:48:21,14.6,47.6
05/16/2026,06:53:21,14.6,47.6
05/16/2026,06:58:21,14.6,47.6
05/16/2026,07:03:21,14.6,47.6
05/16/2026,07:08:21,14.6,47.6
05/16/2026,07:13:21,14.6,47.6
05/16/2026,07:18:21,14.6,47.7
05/16/2026,07:23:21,14.6,47.6
05/16/2026,07:28:21,14.6,47.7
05/16/2026,07:33:21,14.6,47.6
05/16/2026,07:38:21,14.6,47.7
05/16/2026,07:43:21,14.6,47.7
05/16/2026,07:48:21,14.6,47.7
05/16/2026,07:53:21,14.6,47.7
05/16/2026,07:58:21,14.6,47.7
05/16/2026,08:03:21,14.6,47.7
05/16/2026,08:08:21,14.6,47.7
05/16/2026,08:13:21,14.6,47.7
05/16/2026,08:18:21,14.6,47.7
05/16/2026,08:23:21,14.6,47.7
05/16/2026,08:28:21,14.6,47.7
05/16/2026,08:33:21,14.6,47.8
05/16/2026,08:38:21,14.6,47.8
05/16/2026,08:43:21,14.7,48
05/16/2026,08:48:21,14.7,48
05/16/2026,08:53:21,14.7,48
05/16/2026,08:58:21,14.7,48
05/16/2026,09:03:21,14.8,48
05/16/2026,09:08:21,14.8,48.1
05/16/2026,09:13:21,14.8,48
05/16/2026,09:18:21,14.8,48.2
05/16/2026,09:23:21,14.9,48.2
05/16/2026,09:28:21,14.9,48.3
05/16/2026,09:33:21,15,48.4
05/16/2026,09:38:21,15,48.6
05/16/2026,09:43:21,15.1,48.7
05/16/2026,09:48:21,15.1,48.7
05/16/2026,09:53:21,15.2,48.9
05/16/2026,09:58:21,15.3,49
05/16/2026,10:03:21,15.3,49
05/16/2026,10:08:21,15.4,49.1
05/16/2026,10:13:21,15.4,49.1
05/16/2026,10:18:21,15.4,49
05/16/2026,10:23:21,15.5,49.2
05/16/2026,10:28:21,15.5,49.1
05/16/2026,10:33:21,15.5,49.1
05/16/2026,10:38:21,15.5,49.1
05/16/2026,10:43:21,15.5,49
05/16/2026,10:48:21,15.5,48.9
05/16/2026,10:53:21,15.5,48.9
05/16/2026,10:58:21,15.6,48.9
05/16/2026,11:03:21,15.5,48.9
05/16/2026,11:08:21,15.5,48.8
05/16/2026,11:13:21,15.5,48.8
05/16/2026,11:18:21,15.5,48.6
05/16/2026,11:23:21,15.5,48.7
05/16/2026,11:28:21,15.5,48.7
05/16/2026,11:33:21,15.6,48.6
05/16/2026,11:38:21,15.6,48.5
05/16/2026,11:43:21,15.6,48.3
05/16/2026,11:48:21,15.6,48.5
05/16/2026,11:53:21,15.6,48.3
05/16/2026,11:58:21,15.6,48.4
05/16/2026,12:03:21,15.6,48.2
05/16/2026,12:08:21,15.6,48.4
05/16/2026,12:13:21,15.7,48.3
05/16/2026,12:18:21,15.6,48.2
05/16/2026,12:23:21,15.6,48.2
05/16/2026,12:28:21,15.7,48.1
05/16/2026,12:33:21,15.7,48
05/16/2026,12:38:21,15.7,48.2
05/16/2026,12:43:21,15.8,48.3
05/16/2026,12:48:21,15.8,48.4
05/16/2026,12:53:21,15.9,48.6
05/16/2026,12:58:21,16.1,48.6
05/16/2026,13:03:21,16.2,48.7
05/16/2026,13:08:21,16.3,48.9
05/16/2026,13:13:21,16.3,48.9
05/16/2026,13:18:21,16.4,48.9
05/16/2026,13:23:21,16.5,48.9
05/16/2026,13:28:21,16.6,48.7
05/16/2026,13:33:21,16.6,48.6
05/16/2026,13:38:21,16.6,48.2
05/16/2026,13:43:21,16.6,48.2
05/16/2026,13:48:21,16.6,48.2
05/16/2026,13:53:21,16.5,48.2
05/16/2026,13:58:21,16.5,48.2
05/16/2026,14:03:21,16.5,48.2
05/16/2026,14:08:21,16.5,48.3
05/16/2026,14:13:21,16.5,48.3
05/16/2026,14:18:21,16.5,48.3
05/16/2026,14:23:21,16.5,48.4
05/16/2026,14:28:21,16.4,48.4
05/16/2026,14:33:21,16.4,48.4
05/16/2026,14:38:21,16.4,48.4
05/16/2026,14:43:21,16.4,48.5
05/16/2026,14:48:21,16.4,48.5
05/16/2026,14:53:21,16.4,48.5
05/16/2026,14:58:21,16.4,48.5
05/16/2026,15:03:21,16.4,48.6
05/16/2026,15:08:21,16.4,48.5
05/16/2026,15:13:21,16.4,48.7
05/16/2026,15:18:21,16.3,48.7
05/16/2026,15:23:21,16.3,48.8
05/16/2026,15:28:21,16.3,48.7
05/16/2026,15:33:21,16.3,48.8
05/16/2026,15:38:21,16.4,48.8
05/16/2026,15:43:21,16.3,48.8
05/16/2026,15:48:21,16.4,48.9
05/16/2026,15:53:21,16.3,48.9
05/16/2026,15:58:21,16.4,48.9
05/16/2026,16:03:21,16.4,48.9
05/16/2026,16:08:21,16.4,48.9
05/16/2026,16:13:21,16.4,48.9
05/16/2026,16:18:21,16.4,48.9
05/16/2026,16:23:21,16.4,49
05/16/2026,16:28:21,16.4,49
05/16/2026,16:33:21,16.4,49
05/16/2026,16:38:21,16.4,48.9
05/16/2026,16:43:21,16.4,49
05/16/2026,16:48:21,16.4,49.1
05/16/2026,16:53:21,16.3,49.1
05/16/2026,16:58:21,16.4,49.2
05/16/2026,17:03:21,16.4,49.2
05/16/2026,17:08:21,16.3,49.2
05/16/2026,17:13:21,16.3,49.2
05/16/2026,17:18:21,16.3,49.2
05/16/2026,17:23:21,16.3,49.2
05/16/2026,17:28:21,16.3,49.3
05/16/2026,17:33:21,16.3,49.4
05/16/2026,17:38:21,16.3,49.4
05/16/2026,17:43:21,16.4,49.5
05/16/2026,17:48:21,16.4,49.7
05/16/2026,17:53:21,16.4,49.8
05/16/2026,17:58:21,16.5,50
05/16/2026,18:03:21,16.5,50.1
05/16/2026,18:08:21,16.6,50.6
05/16/2026,18:13:21,16.7,51
05/16/2026,18:18:21,16.8,51.4
05/16/2026,18:23:21,16.9,51.8
05/16/2026,18:28:21,17.1,52.2
05/16/2026,18:33:21,17.2,52.5
05/16/2026,18:38:21,17.3,52.9
05/16/2026,18:43:21,17.4,53.2
05/16/2026,18:48:21,17.6,53.6
05/16/2026,18:53:21,17.7,54
05/16/2026,18:58:21,17.8,54.2
05/16/2026,19:03:21,17.9,54.4
05/16/2026,19:08:21,17.9,54.8
05/16/2026,19:13:21,18,54.7
05/16/2026,19:18:21,18,54.7
05/16/2026,19:23:21,18,54.8
05/16/2026,19:28:21,18,54.9
05/16/2026,19:33:21,17.9,55.1
05/16/2026,19:38:21,18,55.2
05/16/2026,19:43:21,18,55.5
05/16/2026,19:48:21,18,55.7
05/16/2026,19:53:21,18.1,55.9
05/16/2026,19:58:21,18.1,56.1
05/16/2026,20:03:21,18.1,56.3
05/16/2026,20:08:21,18.2,56.6
05/16/2026,20:13:21,18.3,56.7
05/16/2026,20:18:21,18.3,56.9
05/16/2026,20:23:21,18.3,56.8
05/16/2026,20:28:21,18.3,56.7
05/16/2026,20:33:21,18.3,56.7
05/16/2026,20:38:21,18.3,56.6
05/16/2026,20:43:21,18.2,56.3
05/16/2026,20:48:21,18.1,56.2
05/16/2026,20:53:21,18.1,56.1
05/16/2026,20:58:21,18.1,56.2
05/16/2026,21:03:21,18,56.2
05/16/2026,21:08:21,17.9,56.1
05/16/2026,21:13:21,17.9,56.2
05/16/2026,21:18:21,17.8,56
05/16/2026,21:23:21,17.8,56
05/16/2026,21:28:21,17.8,56
05/16/2026,21:33:21,17.7,56
05/16/2026,21:38:21,17.7,56.2
05/16/2026,21:43:21,17.6,56.1
05/16/2026,21:48:21,17.6,56.1
05/16/2026,21:53:21,17.6,56.2
05/16/2026,21:58:21,17.5,56.2
05/16/2026,22:03:21,17.5,56
05/16/2026,22:08:21,17.5,56.2
05/16/2026,22:13:21,17.4,56.1
05/16/2026,22:18:21,17.4,56.2
05/16/2026,22:23:21,17.4,56.2
05/16/2026,22:28:21,17.3,56.2
05/16/2026,22:33:21,17.3,56.2
05/16/2026,22:38:21,17.3,56.3
05/16/2026,22:43:21,17.2,56.2
05/16/2026,22:48:21,17.2,56.3
05/16/2026,22:53:21,17.2,56.3
05/16/2026,22:58:21,17.1,56.3
05/16/2026,23:03:21,17.1,56.3
05/16/2026,23:08:21,17.1,56.3
05/16/2026,23:13:21,17.1,56.3
05/16/2026,23:18:21,17,56.3
05/16/2026,23:23:21,17,56.3
05/16/2026,23:28:21,17,56.3
05/16/2026,23:33:21,17,56.3
05/16/2026,23:38:21,17,56.3
05/16/2026,23:43:21,16.9,56.3
05/16/2026,23:48:21,16.9,56.3
05/16/2026,23:53:21,16.9,56.3
05/16/2026,23:58:21,16.9,56.3
05/17/2026,00:03:21,16.8,56.3
05/17/2026,00:08:21,16.8,56.3
05/17/2026,00:13:21,16.8,56.4
05/17/2026,00:18:21,16.8,56.4
05/17/2026,00:23:21,16.8,56.3
05/17/2026,00:28:21,16.8,56.4
05/17/2026,00:33:21,16.7,56.4
05/17/2026,00:38:21,16.7,56.4
05/17/2026,00:43:21,16.7,56.4
05/17/2026,00:48:21,16.7,56.4
05/17/2026,00:53:21,16.6,56.4
05/17/2026,00:58:21,16.6,56.5
05/17/2026,01:03:21,16.6,56.5
05/17/2026,01:08:21,16.6,56.4
05/17/2026,01:13:21,16.6,56.4
05/17/2026,01:18:21,16.6,56.4
05/17/2026,01:23:21,16.5,56.5
05/17/2026,01:28:21,16.5,56.4
05/17/2026,01:33:21,16.5,56.4
05/17/2026,01:38:21,16.5,56.5
05/17/2026,01:43:21,16.5,56.5
05/17/2026,01:48:21,16.5,56.5
05/17/2026,01:53:21,16.5,56.4
05/17/2026,01:58:21,16.4,56.4
05/17/2026,02:03:21,16.5,56.4
05/17/2026,02:08:21,16.4,56.5
05/17/2026,02:13:21,16.4,56.5
05/17/2026,02:18:21,16.4,56.5
05/17/2026,02:23:21,16.4,56.5
05/17/2026,02:28:21,16.3,56.5
05/17/2026,02:33:21,16.4,56.5
05/17/2026,02:38:21,16.3,56.5
05/17/2026,02:43:21,16.3,56.5
05/17/2026,02:48:21,16.3,56.6
05/17/2026,02:53:21,16.3,56.6
05/17/2026,02:58:21,16.3,56.6
05/17/2026,03:03:21,16.3,56.5
05/17/2026,03:08:21,16.3,56.6
05/17/2026,03:13:21,16.3,56.6
05/17/2026,03:18:21,16.2,56.6
05/17/2026,03:23:21,16.2,56.6
05/17/2026,03:28:21,16.2,56.6
05/17/2026,03:33:21,16.2,56.6
05/17/2026,03:38:21,16.2,56.6
05/17/2026,03:43:21,16.2,56.6
05/17/2026,03:48:21,16.2,56.5
05/17/2026,03:53:21,16.1,56.6
05/17/2026,03:58:21,16.1,56.6
05/17/2026,04:03:21,16.1,56.6
05/17/2026,04:08:21,16.1,56.6
05/17/2026,04:13:21,16.1,56.6
05/17/2026,04:18:21,16.1,56.6
05/17/2026,04:23:21,16.1,56.5
05/17/2026,04:28:21,16.1,56.5
05/17/2026,04:33:21,16.1,56.5
05/17/2026,04:38:21,16,56.5
05/17/2026,04:43:21,16,56.5
05/17/2026,04:48:21,16,56.5
05/17/2026,04:53:21,16,56.5
05/17/2026,04:58:21,16,56.5
05/17/2026,05:03:21,16,56.5
05/17/2026,05:08:21,15.9,56.5
05/17/2026,05:13:21,15.9,56.5
05/17/2026,05:18:21,15.9,56.5
05/17/2026,05:23:21,15.9,56.5
05/17/2026,05:28:21,15.9,56.4
05/17/2026,05:33:21,15.9,56.4
05/17/2026,05:38:21,15.9,56.4
05/17/2026,05:43:21,15.9,56.4
05/17/2026,05:48:21,15.8,56.4
05/17/2026,05:53:21,15.8,56.4
05/17/2026,05:58:21,15.8,56.4
05/17/2026,06:03:21,15.8,56.4
05/17/2026,06:08:21,15.8,56.4
05/17/2026,06:13:21,15.8,56.4
05/17/2026,06:18:21,15.8,56.3
05/17/2026,06:23:21,15.8,56.3
05/17/2026,06:28:21,15.8,56.3
05/17/2026,06:33:21,15.7,56.3
05/17/2026,06:38:21,15.7,56.3
05/17/2026,06:43:21,15.7,56.3
05/17/2026,06:48:21,15.7,56.3
05/17/2026,06:53:21,15.7,56.3
05/17/2026,06:58:21,15.7,56.3
05/17/2026,07:03:21,15.7,56.3
05/17/2026,07:08:21,15.7,56.3
05/17/2026,07:13:21,15.7,56.2
05/17/2026,07:18:21,15.7,56.3
05/17/2026,07:23:21,15.7,56.2
05/17/2026,07:28:21,15.7,56.3
05/17/2026,07:33:21,15.7,56.3
05/17/2026,07:38:21,15.8,56.3
05/17/2026,07:43:21,15.8,56.3
05/17/2026,07:48:21,15.8,56.4
05/17/2026,07:53:21,15.8,56.4
05/17/2026,07:58:21,15.9,56.5
05/17/2026,08:03:21,15.9,56.6
05/17/2026,08:08:21,16,56.9
05/17/2026,08:13:21,16.1,57.1
05/17/2026,08:18:21,16.2,57.3
05/17/2026,08:23:21,16.2,57.5
05/17/2026,08:28:21,16.4,57.6
05/17/2026,08:33:21,16.4,57.8
05/17/2026,08:38:21,16.5,57.8
05/17/2026,08:43:21,16.6,58
05/17/2026,08:48:21,16.7,58.1
05/17/2026,08:53:21,16.8,58.1
05/17/2026,08:58:21,16.9,58.1
05/17/2026,09:03:21,16.9,58
05/17/2026,09:08:21,16.8,57.9
05/17/2026,09:13:21,16.9,57.9
05/17/2026,09:18:21,16.9,57.9
05/17/2026,09:23:21,16.8,58
05/17/2026,09:28:21,16.9,58.1
05/17/2026,09:33:21,17,58.4
05/17/2026,09:38:21,17.1,58.7
05/17/2026,09:43:21,17.3,59
05/17/2026,09:48:21,17.4,59.4
05/17/2026,09:53:21,17.6,59.5
05/17/2026,09:58:21,17.7,59.7
05/17/2026,10:03:21,17.9,59.9
05/17/2026,10:08:21,18,60.2
05/17/2026,10:13:21,18.2,60.2
05/17/2026,10:18:21,18.3,60.2
05/17/2026,10:23:21,18.5,60.4
05/17/2026,10:28:21,18.6,60.5
05/17/2026,10:33:21,18.7,60.2
05/17/2026,10:38:21,18.8,60.6
05/17/2026,10:43:21,18.9,60.2
05/17/2026,10:48:21,19,60.2
05/17/2026,10:53:21,18.9,59.4
05/17/2026,10:58:21,18.8,59.2
05/17/2026,11:03:21,18.8,59
05/17/2026,11:08:21,18.7,58.8
05/17/2026,11:13:21,18.7,59.1
05/17/2026,11:18:21,18.7,59.3
05/17/2026,11:23:21,18.7,59.6
05/17/2026,11:28:21,18.8,59.7
05/17/2026,11:33:21,18.9,59.6
05/17/2026,11:38:21,19,59.3
05/17/2026,11:43:21,19.1,58.6
05/17/2026,11:48:21,19.1,58.1
05/17/2026,11:53:21,19.1,57.6
05/17/2026,11:58:21,19.1,56.7
05/17/2026,12:03:21,19.1,57.2
05/17/2026,12:08:21,19.2,57.4
05/17/2026,12:13:21,19.3,57.5
05/17/2026,12:18:21,19.4,57.8
05/17/2026,12:23:21,19.5,57.9
05/17/2026,12:28:21,19.6,58.1
05/17/2026,12:33:21,19.7,57.9
05/17/2026,12:38:21,19.7,57.7
05/17/2026,12:43:21,19.7,57.6
05/17/2026,12:48:21,19.6,57.4
05/17/2026,12:53:21,19.5,57.3
05/17/2026,12:58:21,19.5,56.9
05/17/2026,13:03:21,19.5,56.7
05/17/2026,13:08:21,19.4,56.6
05/17/2026,13:13:21,19.3,56.3
05/17/2026,13:18:21,19.3,56.4
05/17/2026,13:23:21,19.3,56.2
05/17/2026,13:28:21,19.2,56.1
05/17/2026,13:33:21,19.2,56.1
05/17/2026,13:38:21,19.2,55.9
05/17/2026,13:43:21,19.2,55.7
05/17/2026,13:48:21,19.2,55.6
05/17/2026,13:53:21,19.2,55.6
05/17/2026,13:58:21,19.1,55.6
05/17/2026,14:03:21,19.1,55.5
05/17/2026,14:08:21,19.1,55.4
05/17/2026,14:13:21,19.1,55.4
05/17/2026,14:18:21,19.1,55.6
05/17/2026,14:23:21,19,55.4
05/17/2026,14:28:21,19,55.3
05/17/2026,14:33:21,19,55
05/17/2026,14:38:21,19,54.8
05/17/2026,14:43:21,18.9,54.9
05/17/2026,14:48:21,18.9,54.8
05/17/2026,14:53:21,18.9,54.8
05/17/2026,14:58:21,18.9,54.6
05/17/2026,15:03:21,18.9,54.7
05/17/2026,15:08:21,18.9,54.2
05/17/2026,15:13:21,18.9,54.1
05/17/2026,15:18:21,18.9,54.3
05/17/2026,15:23:21,18.9,53.9
05/17/2026,15:28:21,18.9,54
05/17/2026,15:33:21,18.9,53.8
05/17/2026,15:38:21,18.9,53.4
05/17/2026,15:43:21,19,53.4
05/17/2026,15:48:21,18.9,53.2
05/17/2026,15:53:21,19,53.5
05/17/2026,15:58:21,18.9,53.5
05/17/2026,16:03:21,18.9,53.5
05/17/2026,16:08:21,18.9,53.4
05/17/2026,16:13:21,18.9,53.4
05/17/2026,16:18:21,18.9,53.4
05/17/2026,16:23:21,18.9,53.5
05/17/2026,16:28:21,18.9,53.4
05/17/2026,16:33:21,18.9,53.1
05/17/2026,16:38:21,18.9,52.7
05/17/2026,16:43:21,18.9,52.4
05/17/2026,16:48:21,18.8,52.4
05/17/2026,16:53:21,18.8,52.4
05/17/2026,16:58:21,18.8,52.4
05/17/2026,17:03:21,18.8,52.3
05/17/2026,17:08:21,18.8,52.4
05/17/2026,17:13:21,18.7,52
05/17/2026,17:18:21,18.7,51.8
05/17/2026,17:23:21,18.7,51.5
05/17/2026,17:28:21,18.7,51.6
05/17/2026,17:33:21,18.7,51.6
05/17/2026,17:38:21,18.6,51.4
05/17/2026,17:43:21,18.6,51.2
05/17/2026,17:48:21,18.6,51.3
05/17/2026,17:53:21,18.5,51.3
05/17/2026,17:58:21,18.5,51.6
05/17/2026,18:03:21,18.5,51.8
05/17/2026,18:08:21,18.5,51.9
05/17/2026,18:13:21,18.5,52
05/17/2026,18:18:21,18.4,52
05/17/2026,18:23:21,18.4,52.1
05/17/2026,18:28:21,18.4,52.2
05/17/2026,18:33:21,18.4,52.2
05/17/2026,18:38:21,18.4,52.2
05/17/2026,18:43:21,18.4,52.1
05/17/2026,18:48:21,18.3,52.1
05/17/2026,18:53:21,18.3,52.2
05/17/2026,18:58:21,18.3,52.2
05/17/2026,19:03:21,18.3,52.2
05/17/2026,19:08:21,18.3,52.3
05/17/2026,19:13:21,18.3,52.3
05/17/2026,19:18:21,18.2,52.4
05/17/2026,19:23:21,18.2,52.4
05/17/2026,19:28:21,18.2,52.4
05/17/2026,19:33:21,18.2,52.4
05/17/2026,19:38:21,18.2,52.4
05/17/2026,19:43:21,18.1,52.4
05/17/2026,19:48:21,18.2,52.3
05/17/2026,19:53:21,18.1,52.4
05/17/2026,19:58:21,18.1,52.5
05/17/2026,20:03:21,18.1,52.4
05/17/2026,20:08:21,18.1,52.4
05/17/2026,20:13:21,18.1,52.4
05/17/2026,20:18:21,18,52.5
05/17/2026,20:23:21,18,52.6
05/17/2026,20:28:21,18,52.6
05/17/2026,20:33:21,18,52.6
05/17/2026,20:38:21,17.9,52.6
05/17/2026,20:43:21,18,52.6
05/17/2026,20:48:21,17.9,52.6
05/17/2026,20:53:21,17.9,52.6
05/17/2026,20:58:21,17.9,52.6
05/17/2026,21:03:21,17.9,52.7
05/17/2026,21:08:21,17.8,52.7
05/17/2026,21:13:21,17.8,52.6
05/17/2026,21:18:21,17.8,52.7
05/17/2026,21:23:21,17.8,52.5
05/17/2026,21:28:21,17.8,52.6
05/17/2026,21:33:21,17.8,52.6
05/17/2026,21:38:21,17.8,52.6
05/17/2026,21:43:21,17.7,52.6
05/17/2026,21:48:21,17.7,52.6
05/17/2026,21:53:21,17.7,52.6
05/17/2026,21:58:21,17.7,52.6
05/17/2026,22:03:21,17.7,52.7
05/17/2026,22:08:21,17.7,52.6
05/17/2026,22:13:21,17.6,52.6
05/17/2026,22:18:21,17.6,52.6
05/17/2026,22:23:21,17.6,52.6
05/17/2026,22:28:21,17.6,52.6
05/17/2026,22:33:21,17.6,52.7
05/17/2026,22:38:21,17.5,52.6
05/17/2026,22:43:21,17.5,52.6
05/17/2026,22:48:21,17.5,52.6
05/17/2026,22:53:21,17.5,52.6
05/17/2026,22:58:21,17.5,52.6
05/17/2026,23:03:21,17.5,52.6
05/17/2026,23:08:21,17.4,52.7
05/17/2026,23:13:21,17.4,52.6
05/17/2026,23:18:21,17.4,52.5
05/17/2026,23:23:21,17.4,52.5
05/17/2026,23:28:21,17.4,52.5
05/17/2026,23:33:21,17.3,52.5
05/17/2026,23:38:21,17.3,52.6
05/17/2026,23:43:21,17.3,52.6
05/17/2026,23:48:21,17.3,52.6
05/17/2026,23:53:21,17.3,52.6
05/17/2026,23:58:21,17.3,52.5
05/18/2026,00:03:21,17.2,52.6
05/18/2026,00:08:21,17.2,52.6
05/18/2026,00:13:21,17.2,52.5
05/18/2026,00:18:21,17.2,52.5
05/18/2026,00:23:21,17.2,52.5
05/18/2026,00:28:21,17.2,52.5
05/18/2026,00:33:21,17.1,52.5
05/18/2026,00:38:21,17.1,52.4
05/18/2026,00:43:21,17.1,52.5
05/18/2026,00:48:21,17.1,52.5
05/18/2026,00:53:21,17.1,52.5
05/18/2026,00:58:21,17.1,52.5
05/18/2026,01:03:21,17,52.5
05/18/2026,01:08:21,17,52.4
05/18/2026,01:13:21,17,52.4
05/18/2026,01:18:21,17,52.3
05/18/2026,01:23:21,17,52.4
05/18/2026,01:28:21,17,52.3
05/18/2026,01:33:21,16.9,52.3
05/18/2026,01:38:21,16.9,52.3
05/18/2026,01:43:21,16.9,52.2
05/18/2026,01:48:21,16.9,52.3
05/18/2026,01:53:21,16.9,52.3
05/18/2026,01:58:21,16.9,52.3
05/18/2026,02:03:21,16.8,52.3
05/18/2026,02:08:21,16.8,52.3
05/18/2026,02:13:21,16.8,52.3
05/18/2026,02:18:21,16.8,52.3
05/18/2026,02:23:21,16.8,52.2
05/18/2026,02:28:21,16.7,52.2
05/18/2026,02:33:21,16.7,52.2
05/18/2026,02:38:21,16.7,52.3
05/18/2026,02:43:21,16.7,52.3
05/18/2026,02:48:21,16.6,52.3
05/18/2026,02:53:21,16.6,52.3
05/18/2026,02:58:21,16.6,52.3
05/18/2026,03:03:21,16.6,52.4
05/18/2026,03:08:21,16.6,52.3
05/18/2026,03:13:21,16.5,52.3
05/18/2026,03:18:21,16.5,52.4
05/18/2026,03:23:21,16.5,52.4
05/18/2026,03:28:21,16.5,52.4
05/18/2026,03:33:21,16.5,52.4
05/18/2026,03:38:21,16.4,52.4
05/18/2026,03:43:21,16.4,52.3
05/18/2026,03:48:21,16.4,52.3
05/18/2026,03:53:21,16.4,52.3
05/18/2026,03:58:21,16.4,52.3
05/18/2026,04:03:21,16.3,52.4
05/18/2026,04:08:21,16.3,52.3
05/18/2026,04:13:21,16.3,52.3
05/18/2026,04:18:21,16.3,52.3
05/18/2026,04:23:21,16.3,52.3
05/18/2026,04:28:21,16.3,52.3
05/18/2026,04:33:21,16.3,52.3
05/18/2026,04:38:21,16.2,52.3
05/18/2026,04:43:21,16.2,52.2
05/18/2026,04:48:21,16.2,52.3
05/18/2026,04:53:21,16.2,52.2
05/18/2026,04:58:21,16.2,52.2
05/18/2026,05:03:21,16.2,52.2
05/18/2026,05:08:21,16.1,52.2
05/18/2026,05:13:21,16.1,52.2
05/18/2026,05:18:21,16.1,52.3
05/18/2026,05:23:21,16.1,52.3
05/18/2026,05:28:21,16.1,52.2
05/18/2026,05:33:21,16.1,52.2
05/18/2026,05:38:21,16,52.2
05/18/2026,05:43:21,16,52.2
05/18/2026,05:48:21,16,52.2
05/18/2026,05:53:21,16,52.3
05/18/2026,05:58:21,16,52.3
05/18/2026,06:03:21,16,52.2
05/18/2026,06:08:21,16,52.2
05/18/2026,06:13:21,16,52.2
05/18/2026,06:18:21,15.9,52.2
05/18/2026,06:23:21,16,52.2
05/18/2026,06:28:21,15.9,52.1
05/18/2026,06:33:21,15.9,52.2
05/18/2026,06:38:21,15.9,52.1
05/18/2026,06:43:21,16,52.2
05/18/2026,06:48:21,15.9,52.1
05/18/2026,06:53:21,15.9,52.2
05/18/2026,06:58:21,15.9,52.2
05/18/2026,07:03:21,15.9,52.2
05/18/2026,07:08:21,16,52.2
05/18/2026,07:13:21,16,52.3
05/18/2026,07:18:21,16,52.3
05/18/2026,07:23:21,16,52.3
05/18/2026,07:28:21,16,52.3
05/18/2026,07:33:21,16,52.3
05/18/2026,07:38:21,16.1,52.3
05/18/2026,07:43:21,16.1,52.3
05/18/2026,07:48:21,16.1,52.3
05/18/2026,07:53:21,16.1,52.4
05/18/2026,07:58:21,16.1,52.4
05/18/2026,08:03:21,16.1,52.5
05/18/2026,08:08:21,16.1,52.5
05/18/2026,08:13:21,16.2,52.5
05/18/2026,08:18:21,16.1,52.5
05/18/2026,08:23:21,16.2,52.5
05/18/2026,08:28:21,16.2,52.5
05/18/2026,08:33:21,16.2,52.5
05/18/2026,08:38:21,16.2,52.5
05/18/2026,08:43:21,16.2,52.5
05/18/2026,08:48:21,16.2,52.6
05/18/2026,08:53:21,16.3,52.5
05/18/2026,08:58:21,16.3,52.5
05/18/2026,09:03:21,16.3,52.5
05/18/2026,09:08:21,16.3,52.6
05/18/2026,09:13:21,16.4,52.6
05/18/2026,09:18:21,16.4,52.6
05/18/2026,09:23:21,16.4,52.5
05/18/2026,09:28:21,16.4,52.6
05/18/2026,09:33:21,16.4,52.6
05/18/2026,09:38:21,16.4,52.7
05/18/2026,09:43:21,16.4,52.7
05/18/2026,09:48:21,16.5,52.8
05/18/2026,09:53:21,16.5,52.9
05/18/2026,09:58:21,16.6,53
05/18/2026,10:03:21,16.6,53.1
05/18/2026,10:08:21,16.6,53.1
05/18/2026,10:13:21,16.7,53.1
05/18/2026,10:18:21,16.7,53.1
05/18/2026,10:23:21,16.7,53.1
05/18/2026,10:28:21,16.7,53.1
05/18/2026,10:33:21,16.8,53.1
05/18/2026,10:38:21,16.8,53.1
05/18/2026,10:43:21,16.8,53.1
05/18/2026,10:48:21,16.8,53.1
05/18/2026,10:53:21,16.8,53
05/18/2026,10:58:21,16.8,53
05/18/2026,11:03:21,16.8,53
05/18/2026,11:08:21,16.8,52.9
05/18/2026,11:13:21,16.8,52.8
05/18/2026,11:18:21,16.8,52.9
05/18/2026,11:23:21,16.8,52.8
05/18/2026,11:28:21,16.8,52.9
05/18/2026,11:33:21,16.8,52.9
05/18/2026,11:38:21,16.8,52.9
05/18/2026,11:43:21,16.8,52.9
05/18/2026,11:48:21,16.8,52.9
05/18/2026,11:53:21,16.7,52.8
05/18/2026,11:58:21,16.7,52.8
05/18/2026,12:03:21,16.7,52.9
05/18/2026,12:08:21,16.8,52.8
05/18/2026,12:13:21,16.7,52.9
05/18/2026,12:18:21,16.7,52.8
05/18/2026,12:23:21,16.7,52.9
05/18/2026,12:28:21,16.7,53
05/18/2026,12:33:21,16.7,53
05/18/2026,12:38:21,16.7,53
05/18/2026,12:43:21,16.7,53
05/18/2026,12:48:21,16.7,53.1
05/18/2026,12:53:21,16.7,53
05/18/2026,12:58:21,16.7,53
05/18/2026,13:03:21,16.7,53
05/18/2026,13:08:21,16.7,52.9
05/18/2026,13:13:21,16.7,53
05/18/2026,13:18:21,16.7,53
05/18/2026,13:23:21,16.7,52.9
05/18/2026,13:28:21,16.8,52.9
05/18/2026,13:33:21,16.8,52.9
05/18/2026,13:38:21,16.8,52.9
05/18/2026,13:43:21,16.8,52.9
05/18/2026,13:48:21,16.8,52.8
05/18/2026,13:53:21,16.8,52.9
05/18/2026,13:58:21,16.8,52.9
05/18/2026,14:03:21,16.8,52.9
05/18/2026,14:08:21,16.8,52.9
05/18/2026,14:13:21,16.8,52.9
05/18/2026,14:18:21,16.9,52.9
05/18/2026,14:23:21,16.9,52.9
05/18/2026,14:28:21,16.9,52.9
05/18/2026,14:33:21,16.9,52.9
05/18/2026,14:38:21,17,52.9
05/18/2026,14:43:21,17,53
05/18/2026,14:48:21,17,52.9
05/18/2026,14:53:21,17.1,52.9
05/18/2026,14:58:21,17.1,52.9
05/18/2026,15:03:21,17.1,52.9
05/18/2026,15:08:21,17.1,53
05/18/2026,15:13:21,17.1,53.2
05/18/2026,15:18:21,17.2,53.4
05/18/2026,15:23:21,17.2,53.5
05/18/2026,15:28:21,17.2,53.6
05/18/2026,15:33:21,17.3,53.7
05/18/2026,15:38:21,17.3,53.7
05/18/2026,15:43:21,17.3,53.7
05/18/2026,15:48:21,17.3,53.8
05/18/2026,15:53:21,17.4,53.8
05/18/2026,15:58:21,17.4,53.9
05/18/2026,16:03:21,17.4,54
05/18/2026,16:08:21,17.4,54
05/18/2026,16:13:21,17.4,54
05/18/2026,16:18:21,17.4,54.1
05/18/2026,16:23:21,17.4,54.1
05/18/2026,16:28:21,17.4,54.2
05/18/2026,16:33:21,17.4,54.2
05/18/2026,16:38:21,17.4,54.2
05/18/2026,16:43:21,17.4,54.1
05/18/2026,16:48:21,17.4,54.2
05/18/2026,16:53:21,17.4,54.2
05/18/2026,16:58:21,17.5,54.2
05/18/2026,17:03:21,17.4,54
05/18/2026,17:08:21,17.4,54
05/18/2026,17:13:21,17.4,54
05/18/2026,17:18:21,17.4,53.9
05/18/2026,17:23:21,17.4,53.9
05/18/2026,17:28:21,17.4,53.9
05/18/2026,17:33:21,17.4,53.8
05/18/2026,17:38:21,17.4,53.8
05/18/2026,17:43:21,17.4,53.8
05/18/2026,17:48:21,17.4,53.8
05/18/2026,17:53:21,17.4,53.8
05/18/2026,17:58:21,17.4,53.8
05/18/2026,18:03:21,17.4,53.8
05/18/2026,18:08:21,17.4,53.7
05/18/2026,18:13:21,17.3,53.7
05/18/2026,18:18:21,17.3,53.6
05/18/2026,18:23:21,17.4,53.7
05/18/2026,18:28:21,17.4,53.7
05/18/2026,18:33:21,17.4,53.8
05/18/2026,18:38:21,17.3,53.8
05/18/2026,18:43:21,17.3,53.8
05/18/2026,18:48:21,17.3,53.8
05/18/2026,18:53:21,17.3,53.9
05/18/2026,18:58:21,17.4,53.8
05/18/2026,19:03:21,17.4,53.8
05/18/2026,19:08:21,17.4,53.9
05/18/2026,19:13:21,17.4,53.9
05/18/2026,19:18:21,17.4,54
05/18/2026,19:23:21,17.4,54
05/18/2026,19:28:21,17.4,54
05/18/2026,19:33:21,17.4,54
05/18/2026,19:38:21,17.4,54
05/18/2026,19:43:21,17.4,54
05/18/2026,19:48:21,17.4,54
05/18/2026,19:53:21,17.4,54
05/18/2026,19:58:21,17.4,54
05/18/2026,20:03:21,17.4,54
05/18/2026,20:08:21,17.4,54.1
05/18/2026,20:13:21,17.3,54.1
05/18/2026,20:18:21,17.4,54.1
05/18/2026,20:23:21,17.3,54.1
05/18/2026,20:28:21,17.4,54.1
05/18/2026,20:33:21,17.4,54.1
05/18/2026,20:38:21,17.3,54
05/18/2026,20:43:21,17.4,54
05/18/2026,20:48:21,17.3,54
05/18/2026,20:53:21,17.3,53.9
05/18/2026,20:58:21,17.3,53.9
05/18/2026,21:03:21,17.3,53.9
05/18/2026,21:08:21,17.3,54
05/18/2026,21:13:21,17.2,54
05/18/2026,21:18:21,17.3,54
05/18/2026,21:23:21,17.2,54
05/18/2026,21:28:21,17.2,53.9
05/18/2026,21:33:21,17.2,53.9
05/18/2026,21:38:21,17.2,53.9
05/18/2026,21:43:21,17.2,53.9
05/18/2026,21:48:21,17.2,53.9
05/18/2026,21:53:21,17.1,53.9
05/18/2026,21:58:21,17.1,53.9
05/18/2026,22:03:21,17.1,53.9
05/18/2026,22:08:21,17.1,54
05/18/2026,22:13:21,17.1,53.8
05/18/2026,22:18:21,17.1,53.9
05/18/2026,22:23:21,17.1,53.8
05/18/2026,22:28:21,17.1,53.9
05/18/2026,22:33:21,17,53.9
05/18/2026,22:38:21,17,53.8
05/18/2026,22:43:21,17,53.8
05/18/2026,22:48:21,17,53.8
05/18/2026,22:53:21,17,53.8
05/18/2026,22:58:21,17,53.9
05/18/2026,23:03:21,16.9,53.8
05/18/2026,23:08:21,17,53.8
05/18/2026,23:13:21,16.9,53.8
05/18/2026,23:18:21,16.9,53.7
05/18/2026,23:23:21,16.9,53.7
05/18/2026,23:28:21,16.9,53.7
05/18/2026,23:33:21,16.9,53.7
05/18/2026,23:38:21,16.9,53.7
05/18/2026,23:43:21,16.9,53.7
05/18/2026,23:48:21,16.8,53.7
05/18/2026,23:53:21,16.8,53.7
05/18/2026,23:58:21,16.8,53.7
05/19/2026,00:03:21,16.8,53.7
05/19/2026,00:08:21,16.8,53.7
05/19/2026,00:13:21,16.8,53.7
05/19/2026,00:18:21,16.8,53.7
05/19/2026,00:23:21,16.8,53.6
05/19/2026,00:28:21,16.7,53.6
05/19/2026,00:33:21,16.7,53.6
05/19/2026,00:38:21,16.7,53.6
05/19/2026,00:43:21,16.7,53.6
05/19/2026,00:48:21,16.7,53.6
05/19/2026,00:53:21,16.7,53.6
05/19/2026,00:58:21,16.7,53.6
05/19/2026,01:03:21,16.7,53.5
05/19/2026,01:08:21,16.7,53.5
05/19/2026,01:13:21,16.6,53.6
05/19/2026,01:18:21,16.6,53.6
05/19/2026,01:23:21,16.6,53.6
05/19/2026,01:28:21,16.6,53.6
05/19/2026,01:33:21,16.6,53.5
05/19/2026,01:38:21,16.6,53.6
05/19/2026,01:43:21,16.6,53.6
05/19/2026,01:48:21,16.5,53.5
05/19/2026,01:53:21,16.5,53.7
05/19/2026,01:58:21,16.5,53.6
05/19/2026,02:03:21,16.5,53.6
05/19/2026,02:08:21,16.5,53.6
05/19/2026,02:13:21,16.5,53.6
05/19/2026,02:18:21,16.5,53.7
05/19/2026,02:23:21,16.5,53.7
05/19/2026,02:28:21,16.5,53.7
05/19/2026,02:33:21,16.5,53.7
05/19/2026,02:38:21,16.5,53.7
05/19/2026,02:43:21,16.5,53.7
05/19/2026,02:48:21,16.4,53.8
05/19/2026,02:53:21,16.4,53.8
05/19/2026,02:58:21,16.4,53.7
05/19/2026,03:03:21,16.4,53.8
05/19/2026,03:08:21,16.4,53.8
05/19/2026,03:13:21,16.4,53.8
05/19/2026,03:18:21,16.4,53.8
05/19/2026,03:23:21,16.4,53.9
05/19/2026,03:28:21,16.4,53.8
05/19/2026,03:33:21,16.3,53.8
05/19/2026,03:38:21,16.3,53.9
05/19/2026,03:43:21,16.3,53.9
05/19/2026,03:48:21,16.3,54
05/19/2026,03:53:21,16.3,53.9
05/19/2026,03:58:21,16.3,54
05/19/2026,04:03:21,16.3,54
05/19/2026,04:08:21,16.3,54
05/19/2026,04:13:21,16.3,54.1
05/19/2026,04:18:21,16.3,54.1
05/19/2026,04:23:21,16.3,54.1
05/19/2026,04:28:21,16.3,54.2
05/19/2026,04:33:21,16.3,54.2
05/19/2026,04:38:21,16.3,54.2
05/19/2026,04:43:21,16.3,54.3
05/19/2026,04:48:21,16.3,54.3
05/19/2026,04:53:21,16.2,54.3
05/19/2026,04:58:21,16.2,54.3
05/19/2026,05:03:21,16.2,54.4
05/19/2026,05:08:21,16.2,54.4
05/19/2026,05:13:21,16.2,54.5
05/19/2026,05:18:21,16.2,54.5
05/19/2026,05:23:21,16.2,54.5
05/19/2026,05:28:21,16.2,54.5
05/19/2026,05:33:21,16.2,54.6
05/19/2026,05:38:21,16.2,54.6
05/19/2026,05:43:21,16.2,54.6
05/19/2026,05:48:21,16.2,54.7
05/19/2026,05:53:21,16.1,54.8
05/19/2026,05:58:21,16.2,54.8
05/19/2026,06:03:21,16.2,54.9
05/19/2026,06:08:21,16.2,54.9
05/19/2026,06:13:21,16.2,54.9
05/19/2026,06:18:21,16.1,55
05/19/2026,06:23:21,16.1,54.9
05/19/2026,06:28:21,16.1,55
05/19/2026,06:33:21,16.1,55.1
05/19/2026,06:38:21,16.1,55.1
05/19/2026,06:43:21,16.1,55.1
05/19/2026,06:48:21,16.1,55.1
05/19/2026,06:53:21,16.1,55.2
05/19/2026,06:58:21,16.1,55.3
05/19/2026,07:03:21,16.1,55.3
05/19/2026,07:08:21,16.1,55.3
05/19/2026,07:13:21,16.1,55.5
05/19/2026,07:18:21,16.1,55.5
05/19/2026,07:23:21,16.1,55.5
05/19/2026,07:28:21,16.1,55.6
05/19/2026,07:33:21,16.1,55.6
05/19/2026,07:38:21,16.1,55.6
05/19/2026,07:43:21,16.1,55.7
05/19/2026,07:48:21,16.1,55.7
05/19/2026,07:53:21,16.1,55.7
05/19/2026,07:58:21,16.1,55.8
05/19/2026,08:03:21,16.1,55.8
05/19/2026,08:08:21,16.1,55.8
05/19/2026,08:13:21,16.1,55.9
05/19/2026,08:18:21,16.1,55.9
05/19/2026,08:23:21,16.1,55.9
05/19/2026,08:28:21,16.1,55.9
05/19/2026,08:33:21,16.1,55.9
05/19/2026,08:38:21,16.1,56
05/19/2026,08:43:21,16.1,56
05/19/2026,08:48:21,16.1,56
05/19/2026,08:53:21,16.1,56
05/19/2026,08:58:21,16.1,56.1
05/19/2026,09:03:21,16.2,56.1
05/19/2026,09:08:21,16.1,56.2
05/19/2026,09:13:21,16.1,56.2
05/19/2026,09:18:21,16.2,56.3
05/19/2026,09:23:21,16.1,56.3
05/19/2026,09:28:21,16.1,56.5
05/19/2026,09:33:21,16.2,56.5
05/19/2026,09:38:21,16.2,56.6
05/19/2026,09:43:21,16.1,56.7
05/19/2026,09:48:21,16.2,56.7
05/19/2026,09:53:21,16.1,56.7
05/19/2026,09:58:21,16.2,56.7
05/19/2026,10:03:21,16.2,56.8
05/19/2026,10:08:21,16.2,56.8
05/19/2026,10:13:21,16.2,56.9
05/19/2026,10:18:21,16.2,56.9
05/19/2026,10:23:21,16.2,57
05/19/2026,10:28:21,16.2,56.9
05/19/2026,10:33:21,16.2,57.1
05/19/2026,10:38:21,16.2,57.1
05/19/2026,10:43:21,16.2,57.1
05/19/2026,10:48:21,16.2,57.2
05/19/2026,10:53:21,16.2,57.2
05/19/2026,10:58:21,16.2,57.1
05/19/2026,11:03:21,16.2,57.1
05/19/2026,11:08:21,16.2,57.2
05/19/2026,11:13:21,16.3,57.3
05/19/2026,11:18:21,16.3,57.2
05/19/2026,11:23:21,16.3,57.3
05/19/2026,11:28:21,16.3,57.3
05/19/2026,11:33:21,16.3,57.3
05/19/2026,11:38:21,16.3,57.3
05/19/2026,11:43:21,16.4,57.4
05/19/2026,11:48:21,16.4,57.5
05/19/2026,11:53:21,16.4,57.6
05/19/2026,11:58:21,16.4,57.6
05/19/2026,12:03:21,16.4,57.7
05/19/2026,12:08:21,16.4,57.9
05/19/2026,12:13:21,16.5,58
05/19/2026,12:18:21,16.5,57.9
05/19/2026,12:23:21,16.5,57.8
05/19/2026,12:28:21,16.6,58
05/19/2026,12:33:21,16.6,58
05/19/2026,12:38:21,16.6,58.3
05/19/2026,12:43:21,16.7,58.4
05/19/2026,12:48:21,16.7,58.6
05/19/2026,12:53:21,16.7,58.6
05/19/2026,12:58:21,16.8,58.6
05/19/2026,13:03:21,16.8,58.8
05/19/2026,13:08:21,16.9,58.9
05/19/2026,13:13:21,16.9,58.8
05/19/2026,13:18:21,16.9,58.9
05/19/2026,13:23:21,17,59
05/19/2026,13:28:21,17,58.8
05/19/2026,13:33:21,17,58.9
05/19/2026,13:38:21,17,58.8
05/19/2026,13:43:21,17,58.9
05/19/2026,13:48:21,17,58.8
05/19/2026,13:53:21,17,58.8
05/19/2026,13:58:21,17.1,58.8
05/19/2026,14:03:21,17,58.8
05/19/2026,14:08:21,17.1,58.9
05/19/2026,14:13:21,17.1,58.8
05/19/2026,14:18:21,17.1,58.8
05/19/2026,14:23:21,17.1,58.9
05/19/2026,14:28:21,17.1,58.9
05/19/2026,14:33:21,17.1,59
05/19/2026,14:38:21,17.1,59
05/19/2026,14:43:21,17.1,59
05/19/2026,14:48:21,17.1,59
05/19/2026,14:53:21,17.2,59
05/19/2026,14:58:21,17.2,58.9
05/19/2026,15:03:21,17.2,58.9
05/19/2026,15:08:21,17.2,59
05/19/2026,15:13:21,17.2,59
05/19/2026,15:18:21,17.2,59
05/19/2026,15:23:21,17.2,59
05/19/2026,15:28:21,17.2,59
05/19/2026,15:33:21,17.2,59
05/19/2026,15:38:21,17.2,59.1
05/19/2026,15:43:21,17.2,59.1
05/19/2026,15:48:21,17.2,59.1
05/19/2026,15:53:21,17.2,59.2
05/19/2026,15:58:21,17.3,59.3
05/19/2026,16:03:21,17.3,59.3
05/19/2026,16:08:21,17.3,59.3
05/19/2026,16:13:21,17.3,59.1
05/19/2026,16:18:21,17.3,59.2
05/19/2026,16:23:21,17.3,59.3
05/19/2026,16:28:21,17.3,59.2
05/19/2026,16:33:21,17.3,59.3
05/19/2026,16:38:21,17.3,59.3
05/19/2026,16:43:21,17.4,59.3
05/19/2026,16:48:21,17.4,59.3
05/19/2026,16:53:21,17.4,59.4
05/19/2026,16:58:21,17.5,59.3
05/19/2026,17:03:21,17.5,59.4
05/19/2026,17:08:21,17.5,59.4
05/19/2026,17:13:21,17.5,59.3
05/19/2026,17:18:21,17.5,59.4
05/19/2026,17:23:21,17.5,59.4
05/19/2026,17:28:21,17.6,59.3
05/19/2026,17:33:21,17.6,59.3
05/19/2026,17:38:21,17.6,59.4
05/19/2026,17:43:21,17.6,59.4
05/19/2026,17:48:21,17.6,59.5
05/19/2026,17:53:21,17.6,59.4
05/19/2026,17:58:21,17.5,59.5
05/19/2026,18:03:21,17.6,59.6
05/19/2026,18:08:21,17.6,59.6
05/19/2026,18:13:21,17.6,59.6
05/19/2026,18:18:21,17.6,59.6
05/19/2026,18:23:21,17.6,59.7
05/19/2026,18:28:21,17.6,59.6
05/19/2026,18:33:21,17.6,59.5
05/19/2026,18:38:21,17.6,59.5
05/19/2026,18:43:21,17.6,59.5
05/19/2026,18:48:21,17.6,59.6
05/19/2026,18:53:21,17.7,59.6
05/19/2026,18:58:21,17.7,59.5
05/19/2026,19:03:21,17.7,59.5
05/19/2026,19:08:21,17.7,59.5
05/19/2026,19:13:21,17.7,59.4
05/19/2026,19:18:21,17.8,59.6
05/19/2026,19:23:21,17.8,59.5
05/19/2026,19:28:21,17.8,59.5
05/19/2026,19:33:21,17.8,59.5
05/19/2026,19:38:21,17.9,59.5
05/19/2026,19:43:21,17.9,59.5
05/19/2026,19:48:21,17.9,59.5
05/19/2026,19:53:21,17.9,59.5
05/19/2026,19:58:21,17.9,59.5
05/19/2026,20:03:21,17.9,59.5
05/19/2026,20:08:21,18,59.5
05/19/2026,20:13:21,17.9,59.5
05/19/2026,20:18:21,18,59.5
05/19/2026,20:23:21,18,59.4
05/19/2026,20:28:21,18,59.5
05/19/2026,20:33:21,18,59.5
05/19/2026,20:38:21,18,59.4
05/19/2026,20:43:21,17.9,59.4
05/19/2026,20:48:21,17.9,59.3
05/19/2026,20:53:21,17.9,59.3
05/19/2026,20:58:21,17.9,59.2
05/19/2026,21:03:21,17.9,59.1
05/19/2026,21:08:21,17.9,59.1
05/19/2026,21:13:21,17.9,59
05/19/2026,21:18:21,17.8,59
05/19/2026,21:23:21,17.8,58.9
05/19/2026,21:28:21,17.8,58.9
05/19/2026,21:33:21,17.8,58.9
05/19/2026,21:38:21,17.8,58.9
05/19/2026,21:43:21,17.8,58.8
05/19/2026,21:48:21,17.8,58.8
05/19/2026,21:53:21,17.7,58.8
05/19/2026,21:58:21,17.7,58.8
05/19/2026,22:03:21,17.7,58.8
05/19/2026,22:08:21,17.7,58.8
05/19/2026,22:13:21,17.7,58.8
05/19/2026,22:18:21,17.7,58.8
05/19/2026,22:23:21,17.7,58.8
05/19/2026,22:28:21,17.6,58.8
05/19/2026,22:33:21,17.6,58.8
05/19/2026,22:38:21,17.7,58.7
05/19/2026,22:43:21,17.6,58.8
05/19/2026,22:48:21,17.6,58.8
05/19/2026,22:53:21,17.6,58.8
05/19/2026,22:58:21,17.6,58.8
05/19/2026,23:03:21,17.6,58.8
05/19/2026,23:08:21,17.6,58.8
05/19/2026,23:13:21,17.5,58.9
05/19/2026,23:18:21,17.5,58.9
05/19/2026,23:23:21,17.5,59
05/19/2026,23:28:21,17.5,59
05/19/2026,23:33:21,17.5,59
05/19/2026,23:38:21,17.5,59
05/19/2026,23:43:21,17.5,59
05/19/2026,23:48:21,17.5,59
05/19/2026,23:53:21,17.4,59
05/19/2026,23:58:21,17.5,59
05/20/2026,00:03:21,17.5,59
05/20/2026,00:08:21,17.4,59
05/20/2026,00:13:21,17.4,59
05/20/2026,00:18:21,17.4,59
05/20/2026,00:23:21,17.4,59
05/20/2026,00:28:21,17.4,59
05/20/2026,00:33:21,17.4,59
05/20/2026,00:38:21,17.4,58.9
05/20/2026,00:43:21,17.3,59
05/20/2026,00:48:21,17.3,59
05/20/2026,00:53:21,17.3,58.9
05/20/2026,00:58:21,17.3,59
05/20/2026,01:03:21,17.3,58.9
05/20/2026,01:08:21,17.3,58.9
05/20/2026,01:13:21,17.3,58.9
05/20/2026,01:18:21,17.3,58.9
05/20/2026,01:23:21,17.2,58.9
05/20/2026,01:28:21,17.2,58.9
05/20/2026,01:33:21,17.2,58.9
05/20/2026,01:38:21,17.2,58.9
05/20/2026,01:43:21,17.2,58.9
05/20/2026,01:48:21,17.2,59
05/20/2026,01:53:21,17.2,58.9
05/20/2026,01:58:21,17.2,58.9
05/20/2026,02:03:21,17.2,58.9
05/20/2026,02:08:21,17.2,58.9
05/20/2026,02:13:21,17.1,58.9
05/20/2026,02:18:21,17.2,58.9
05/20/2026,02:23:21,17.2,58.8
05/20/2026,02:28:21,17.1,58.8
05/20/2026,02:33:21,17.1,58.9
05/20/2026,02:38:21,17.1,58.9
05/20/2026,02:43:21,17.1,58.9
05/20/2026,02:48:21,17.1,58.9
05/20/2026,02:53:21,17.1,58.9
05/20/2026,02:58:21,17.1,58.9
05/20/2026,03:03:21,17.1,58.9
05/20/2026,03:08:21,17,58.9
05/20/2026,03:13:21,17,58.9
05/20/2026,03:18:21,17,58.9
05/20/2026,03:23:21,17,58.9
05/20/2026,03:28:21,17,58.9
05/20/2026,03:33:21,17,58.9
05/20/2026,03:38:21,17,58.9
05/20/2026,03:43:21,17,58.9
05/20/2026,03:48:21,17,58.9
05/20/2026,03:53:21,17,58.9
05/20/2026,03:58:21,16.9,58.9
05/20/2026,04:03:21,16.9,58.9
05/20/2026,04:08:21,17,58.9
05/20/2026,04:13:21,16.9,58.9
05/20/2026,04:18:21,16.9,58.8
05/20/2026,04:23:21,16.9,58.8
05/20/2026,04:28:21,16.9,58.8
05/20/2026,04:33:21,16.9,58.9
05/20/2026,04:38:21,16.9,58.9
05/20/2026,04:43:21,16.9,58.8
05/20/2026,04:48:21,16.9,58.8
05/20/2026,04:53:21,16.8,58.8
05/20/2026,04:58:21,16.8,58.9
05/20/2026,05:03:21,16.9,58.9
05/20/2026,05:08:21,16.8,58.8
05/20/2026,05:13:21,16.8,58.9
05/20/2026,05:18:21,16.8,58.9
05/20/2026,05:23:21,16.8,58.8
05/20/2026,05:28:21,16.8,58.9
05/20/2026,05:33:21,16.8,58.8
05/20/2026,05:38:21,16.8,58.9
05/20/2026,05:43:21,16.8,58.9
05/20/2026,05:48:21,16.8,58.9
05/20/2026,05:53:21,16.8,58.9
05/20/2026,05:58:21,16.7,58.9
05/20/2026,06:03:21,16.7,58.9
05/20/2026,06:08:21,16.7,58.9
05/20/2026,06:13:21,16.7,58.9
05/20/2026,06:18:21,16.7,58.9
05/20/2026,06:23:21,16.7,58.9
05/20/2026,06:28:21,16.7,58.9
05/20/2026,06:33:21,16.7,58.9
05/20/2026,06:38:21,16.7,58.9
05/20/2026,06:43:21,16.7,59
05/20/2026,06:48:21,16.7,58.9
05/20/2026,06:53:21,16.7,59
05/20/2026,06:58:21,16.7,59
05/20/2026,07:03:21,16.7,58.9
05/20/2026,07:08:21,16.7,59
05/20/2026,07:13:21,16.7,59
05/20/2026,07:18:21,16.7,58.9
05/20/2026,07:23:21,16.7,59
05/20/2026,07:28:21,16.7,59
05/20/2026,07:33:21,16.7,59
05/20/2026,07:38:21,16.7,59
05/20/2026,07:43:21,16.7,59
05/20/2026,07:48:21,16.7,59
05/20/2026,07:53:21,16.7,59
05/20/2026,07:58:21,16.7,59
05/20/2026,08:03:21,16.7,59
05/20/2026,08:08:21,16.7,59
05/20/2026,08:13:21,16.7,59
05/20/2026,08:18:21,16.7,59.1
05/20/2026,08:23:21,16.7,59
05/20/2026,08:28:21,16.7,59
05/20/2026,08:33:21,16.7,59.1
05/20/2026,08:38:21,16.7,59.1
05/20/2026,08:43:21,16.7,59
05/20/2026,08:48:21,16.7,59
05/20/2026,08:53:21,16.7,59
05/20/2026,08:58:21,16.7,59
05/20/2026,09:03:21,16.8,59
05/20/2026,09:08:21,16.7,59
05/20/2026,09:13:21,16.8,59.1
05/20/2026,09:18:21,16.8,59.1
05/20/2026,09:23:21,16.8,59.1
05/20/2026,09:28:21,16.8,59.1
05/20/2026,09:33:21,16.8,59.2
05/20/2026,09:38:21,16.8,59.2
05/20/2026,09:43:21,16.8,59.3
05/20/2026,09:48:21,16.9,59.2
05/20/2026,09:53:21,16.9,59.3
05/20/2026,09:58:21,16.9,59.3
05/20/2026,10:03:21,16.9,59.3
05/20/2026,10:08:21,17,59.3
05/20/2026,10:13:21,16.9,59.3
05/20/2026,10:18:21,17,59.3
05/20/2026,10:23:21,17,59.2
05/20/2026,10:28:21,17,59.2
05/20/2026,10:33:21,17,59.2
05/20/2026,10:38:21,17,59.2
05/20/2026,10:43:21,17,59.2
05/20/2026,10:48:21,17,59.2
05/20/2026,10:53:21,17,59.3
05/20/2026,10:58:21,17,59.2
05/20/2026,11:03:21,17.1,59.2
05/20/2026,11:08:21,17.1,59.2
05/20/2026,11:13:21,17.1,59.2
05/20/2026,11:18:21,17.1,59.2
05/20/2026,11:23:21,17.1,59.1
05/20/2026,11:28:21,17.1,59.1
05/20/2026,11:33:21,17.1,59.1
05/20/2026,11:38:21,17.2,59.1
05/20/2026,11:43:21,17.1,59.1
05/20/2026,11:48:21,17.2,59.1
05/20/2026,11:53:21,17.2,59
05/20/2026,11:58:21,17.2,59
05/20/2026,12:03:21,17.2,59
05/20/2026,12:08:21,17.2,59
05/20/2026,12:13:21,17.2,59
05/20/2026,12:18:21,17.2,59
05/20/2026,12:23:21,17.2,59
05/20/2026,12:28:21,17.2,59
05/20/2026,12:33:21,17.2,58.9
05/20/2026,12:38:21,17.2,58.9
05/20/2026,12:43:21,17.2,58.9
05/20/2026,12:48:21,17.2,58.9
05/20/2026,12:53:21,17.2,58.9
05/20/2026,12:58:21,17.2,58.9
05/20/2026,13:03:21,17.2,58.9
05/20/2026,13:08:21,17.3,58.9
05/20/2026,13:13:21,17.2,58.9
05/20/2026,13:18:21,17.3,58.9
05/20/2026,13:23:21,17.3,58.8
05/20/2026,13:28:21,17.3,58.8
05/20/2026,13:33:21,17.3,58.8
05/20/2026,13:38:21,17.3,58.8
05/20/2026,13:43:21,17.4,58.8
05/20/2026,13:48:21,17.4,58.8
05/20/2026,13:53:21,17.4,58.8
05/20/2026,13:58:21,17.4,58.8
05/20/2026,14:03:21,17.4,58.8
05/20/2026,14:08:21,17.5,58.7
05/20/2026,14:13:21,17.5,58.7
05/20/2026,14:18:21,17.5,58.7
05/20/2026,14:23:21,17.5,58.7
05/20/2026,14:28:21,17.6,58.7
05/20/2026,14:33:21,17.6,58.7
05/20/2026,14:38:21,17.6,58.6
05/20/2026,14:43:21,17.7,58.6
05/20/2026,14:48:21,17.7,58.5
05/20/2026,14:53:21,17.7,58.5
05/20/2026,14:58:21,17.8,58.5
05/20/2026,15:03:21,17.8,58.4
05/20/2026,15:08:21,17.8,58.3
05/20/2026,15:13:21,17.8,58.2
05/20/2026,15:18:21,17.9,58.2
05/20/2026,15:23:21,17.9,58.2
05/20/2026,15:28:21,18,58.2
05/20/2026,15:33:21,18,58
05/20/2026,15:38:21,18,58.1
05/20/2026,15:43:21,18.1,58
05/20/2026,15:48:21,18.1,58
05/20/2026,15:53:21,18.1,57.9
05/20/2026,15:58:21,18.2,57.9
05/20/2026,16:03:21,18.2,57.7
05/20/2026,16:08:21,18.3,57.7
05/20/2026,16:13:21,18.3,57.6
05/20/2026,16:18:21,18.3,57.6
05/20/2026,16:23:21,18.4,57.5
05/20/2026,16:28:21,18.4,57.6
05/20/2026,16:33:21,18.4,57.5
05/20/2026,16:38:21,18.5,57.6
05/20/2026,16:43:21,18.5,57.4
05/20/2026,16:48:21,18.5,57.6
05/20/2026,16:53:21,18.6,57.5
05/20/2026,16:58:21,18.6,57.5
05/20/2026,17:03:21,18.6,57.6
05/20/2026,17:08:21,18.7,57.6
05/20/2026,17:13:21,18.7,57.6
05/20/2026,17:18:21,18.8,57.6
05/20/2026,17:23:21,18.8,57.6
05/20/2026,17:28:21,18.9,57.5
05/20/2026,17:33:21,18.9,57.5
05/20/2026,17:38:21,19,57.3
05/20/2026,17:43:21,19.1,57.2
05/20/2026,17:48:21,19.1,57.2
05/20/2026,17:53:21,19.2,57.1
05/20/2026,17:58:21,19.3,56.9
05/20/2026,18:03:21,19.4,56.7
05/20/2026,18:08:21,19.5,56.6
05/20/2026,18:13:21,19.6,56.6
05/20/2026,18:18:21,19.7,56.4
05/20/2026,18:23:21,19.8,56.2
05/20/2026,18:28:21,19.9,55.9
05/20/2026,18:33:21,20,55.7
05/20/2026,18:38:21,19.9,55.8
05/20/2026,18:43:21,19.9,55.9
05/20/2026,18:48:21,19.8,56
05/20/2026,18:53:21,19.7,56.1
05/20/2026,18:58:21,19.6,56.3
05/20/2026,19:03:21,19.6,56.4
05/20/2026,19:08:21,19.6,56.8
05/20/2026,19:13:21,19.6,57.2
05/20/2026,19:18:21,19.6,57.2
05/20/2026,19:23:21,19.6,57.5
05/20/2026,19:28:21,19.6,57.8
05/20/2026,19:33:21,19.6,57.9
05/20/2026,19:38:21,19.6,58
05/20/2026,19:43:21,19.6,58
05/20/2026,19:48:21,19.6,57.9
05/20/2026,19:53:21,19.6,57.9
05/20/2026,19:58:21,19.6,57.8
05/20/2026,20:03:21,19.6,57.7
05/20/2026,20:08:21,19.5,57.7
05/20/2026,20:13:21,19.6,57.7
05/20/2026,20:18:21,19.5,57.6
05/20/2026,20:23:21,19.5,57.5
05/20/2026,20:28:21,19.5,57.5
05/20/2026,20:33:21,19.5,57.5
05/20/2026,20:38:21,19.5,57.4
05/20/2026,20:43:21,19.5,57.4
05/20/2026,20:48:21,19.4,57.4
05/20/2026,20:53:21,19.4,57.5
05/20/2026,20:58:21,19.4,57.5
05/20/2026,21:03:21,19.4,57.6
05/20/2026,21:08:21,19.4,57.7
05/20/2026,21:13:21,19.4,57.7
05/20/2026,21:18:21,19.3,57.7
05/20/2026,21:23:21,19.3,57.7
05/20/2026,21:28:21,19.3,57.7
05/20/2026,21:33:21,19.3,57.7
05/20/2026,21:38:21,19.2,57.7
05/20/2026,21:43:21,19.2,57.8
05/20/2026,21:48:21,19.2,57.7
05/20/2026,21:53:21,19.2,57.7
05/20/2026,21:58:21,19.2,57.8
05/20/2026,22:03:21,19.2,57.7
05/20/2026,22:08:21,19.2,57.7
05/20/2026,22:13:21,19.2,57.7
05/20/2026,22:18:21,19.1,57.7
05/20/2026,22:23:21,19.1,57.7
05/20/2026,22:28:21,19.1,57.7
05/20/2026,22:33:21,19,57.6
05/20/2026,22:38:21,19.1,57.7
05/20/2026,22:43:21,19,57.6
05/20/2026,22:48:21,19,57.6
05/20/2026,22:53:21,19,57.6
05/20/2026,22:58:21,18.9,57.6
05/20/2026,23:03:21,18.9,57.6
05/20/2026,23:08:21,18.9,57.6
05/20/2026,23:13:21,18.9,57.6
05/20/2026,23:18:21,18.9,57.6
05/20/2026,23:23:21,18.8,57.5
05/20/2026,23:28:21,18.8,57.5
05/20/2026,23:33:21,18.8,57.5
05/20/2026,23:38:21,18.8,57.5
05/20/2026,23:43:21,18.8,57.5
05/20/2026,23:48:21,18.8,57.5
05/20/2026,23:53:21,18.7,57.5
05/20/2026,23:58:21,18.7,57.5
05/21/2026,00:03:21,18.7,57.4
05/21/2026,00:08:21,18.7,57.5
05/21/2026,00:13:21,18.7,57.4
05/21/2026,00:18:21,18.6,57.4
05/21/2026,00:23:21,18.6,57.4
05/21/2026,00:28:21,18.6,57.4
05/21/2026,00:33:21,18.6,57.4
05/21/2026,00:38:21,18.6,57.4
05/21/2026,00:43:21,18.5,57.3
05/21/2026,00:48:21,18.5,57.3
05/21/2026,00:53:21,18.5,57.3
05/21/2026,00:58:21,18.5,57.3
05/21/2026,01:03:21,18.5,57.3
05/21/2026,01:08:21,18.5,57.2
05/21/2026,01:13:21,18.4,57.2
05/21/2026,01:18:21,18.4,57.2
05/21/2026,01:23:21,18.4,57.2
05/21/2026,01:28:21,18.4,57.2
05/21/2026,01:33:21,18.4,57.1
05/21/2026,01:38:21,18.4,57.1
05/21/2026,01:43:21,18.3,57.1
05/21/2026,01:48:21,18.3,57.1
05/21/2026,01:53:21,18.3,57
05/21/2026,01:58:21,18.3,57.1
05/21/2026,02:03:21,18.3,57
05/21/2026,02:08:21,18.2,57.1
05/21/2026,02:13:21,18.2,57.1
05/21/2026,02:18:21,18.2,57
05/21/2026,02:23:21,18.2,57
05/21/2026,02:28:21,18.2,57
05/21/2026,02:33:21,18.2,57.1
05/21/2026,02:38:21,18.2,57
05/21/2026,02:43:21,18.1,57
05/21/2026,02:48:21,18.1,57
05/21/2026,02:53:21,18.1,57
05/21/2026,02:58:21,18.1,57
05/21/2026,03:03:21,18.1,57
05/21/2026,03:08:21,18.1,57
05/21/2026,03:13:21,18,57
05/21/2026,03:18:21,18,57
05/21/2026,03:23:21,18,57
05/21/2026,03:28:21,18,56.9
05/21/2026,03:33:21,18,56.9
05/21/2026,03:38:21,18,57
05/21/2026,03:43:21,17.9,56.9
05/21/2026,03:48:21,18,56.9
05/21/2026,03:53:21,17.9,56.9
05/21/2026,03:58:21,17.9,56.9
05/21/2026,04:03:21,17.9,56.9
05/21/2026,04:08:21,17.9,56.9
05/21/2026,04:13:21,17.9,56.8
05/21/2026,04:18:21,17.9,56.8
05/21/2026,04:23:21,17.9,56.8
05/21/2026,04:28:21,17.8,56.9
05/21/2026,04:33:21,17.8,56.8
05/21/2026,04:38:21,17.8,56.8
05/21/2026,04:43:21,17.8,56.8
05/21/2026,04:48:21,17.8,56.9
05/21/2026,04:53:21,17.8,56.8
05/21/2026,04:58:21,17.8,56.8
05/21/2026,05:03:21,17.7,56.8
05/21/2026,05:08:21,17.7,56.8
05/21/2026,05:13:21,17.7,56.8
05/21/2026,05:18:21,17.7,56.9
05/21/2026,05:23:21,17.7,56.8
05/21/2026,05:28:21,17.7,56.8
05/21/2026,05:33:21,17.7,56.8
05/21/2026,05:38:21,17.7,56.9
05/21/2026,05:43:21,17.6,56.8
05/21/2026,05:48:21,17.7,56.9
05/21/2026,05:53:21,17.6,56.8
05/21/2026,05:58:21,17.6,56.8
05/21/2026,06:03:21,17.6,56.9
05/21/2026,06:08:21,17.6,56.9
05/21/2026,06:13:21,17.6,56.9
05/21/2026,06:18:21,17.6,56.9
05/21/2026,06:23:21,17.6,56.9
05/21/2026,06:28:21,17.6,56.9
05/21/2026,06:33:21,17.6,56.9
05/21/2026,06:38:21,17.5,57
05/21/2026,06:43:21,17.6,56.9
05/21/2026,06:48:21,17.5,56.9
05/21/2026,06:53:21,17.6,57
05/21/2026,06:58:21,17.5,57
05/21/2026,07:03:21,17.5,57
05/21/2026,07:08:21,17.5,57
05/21/2026,07:13:21,17.5,57
05/21/2026,07:18:21,17.5,57.1
05/21/2026,07:23:21,17.5,57.1
05/21/2026,07:28:21,17.5,57.1
05/21/2026,07:33:21,17.5,57.1
05/21/2026,07:38:21,17.5,57.1
05/21/2026,07:43:21,17.5,57.1
05/21/2026,07:48:21,17.6,57.1
05/21/2026,07:53:21,17.5,57.1
05/21/2026,07:58:21,17.5,57.1
05/21/2026,08:03:21,17.5,57.2
05/21/2026,08:08:21,17.6,57.2
05/21/2026,08:13:21,17.6,57.2
05/21/2026,08:18:21,17.6,57.2
05/21/2026,08:23:21,17.6,57.3
05/21/2026,08:28:21,17.6,57.3
05/21/2026,08:33:21,17.6,57.3
05/21/2026,08:38:21,17.6,57.4
05/21/2026,08:43:21,17.6,57.4
05/21/2026,08:48:21,17.6,57.5
05/21/2026,08:53:21,17.6,57.6
05/21/2026,08:58:21,17.6,57.6
05/21/2026,09:03:21,17.6,57.6
05/21/2026,09:08:21,17.6,57.7
05/21/2026,09:13:21,17.6,57.6
05/21/2026,09:18:21,17.6,57.7
05/21/2026,09:23:21,17.7,57.9
05/21/2026,09:28:21,17.7,57.9
05/21/2026,09:33:21,17.7,58
05/21/2026,09:38:21,17.7,58.1
05/21/2026,09:43:21,17.7,58.2
05/21/2026,09:48:21,17.8,58.3
05/21/2026,09:53:21,17.8,58.3
05/21/2026,09:58:21,17.8,58.4
05/21/2026,10:03:21,17.8,58.6
05/21/2026,10:08:21,17.9,58.5
05/21/2026,10:13:21,17.9,58.6
05/21/2026,10:18:21,17.9,58.6
05/21/2026,10:23:21,18,58.6
05/21/2026,10:28:21,18,58.7
05/21/2026,10:33:21,18,58.7
05/21/2026,10:38:21,18,58.8
05/21/2026,10:43:21,18,58.7
05/21/2026,10:48:21,18.1,58.8
05/21/2026,10:53:21,18.1,58.8
05/21/2026,10:58:21,18.1,58.9
05/21/2026,11:03:21,18.1,58.7
05/21/2026,11:08:21,18.1,58.8
05/21/2026,11:13:21,18.1,58.8
05/21/2026,11:18:21,18.2,58.9
05/21/2026,11:23:21,18.2,58.9
05/21/2026,11:28:21,18.2,59
05/21/2026,11:33:21,18.2,59
05/21/2026,11:38:21,18.2,59.1
05/21/2026,11:43:21,18.3,59
05/21/2026,11:48:21,18.3,59
05/21/2026,11:53:21,18.3,59.2
05/21/2026,11:58:21,18.3,59.2
05/21/2026,12:03:21,18.3,59.1
05/21/2026,12:08:21,18.4,59.2
05/21/2026,12:13:21,18.4,59.1
05/21/2026,12:18:21,18.4,59.2
05/21/2026,12:23:21,18.4,59.2
05/21/2026,12:28:21,18.5,59.2
05/21/2026,12:33:21,18.5,59.2
05/21/2026,12:38:21,18.5,59.2
05/21/2026,12:43:21,18.5,59.2
05/21/2026,12:48:21,18.5,59.3
05/21/2026,12:53:21,18.6,59.3
05/21/2026,12:58:21,18.6,59.4
05/21/2026,13:03:21,18.6,59.5
05/21/2026,13:08:21,18.6,59.6
05/21/2026,13:13:21,18.7,59.5
05/21/2026,13:18:21,18.7,59.5
05/21/2026,13:23:21,18.7,59.5
05/21/2026,13:28:21,18.7,59.6
05/21/2026,13:33:21,18.8,59.6
05/21/2026,13:38:21,18.8,59.5
05/21/2026,13:43:21,18.9,59.6
05/21/2026,13:48:21,18.9,59.8
05/21/2026,13:53:21,18.9,59.8
05/21/2026,13:58:21,19,59.8
05/21/2026,14:03:21,19,59.8
05/21/2026,14:08:21,19,59.8
05/21/2026,14:13:21,19.1,59.6
05/21/2026,14:18:21,19.1,59.8
05/21/2026,14:23:21,19.2,59.9
05/21/2026,14:28:21,19.2,59.8
05/21/2026,14:33:21,19.2,59.8
05/21/2026,14:38:21,19.2,59.9
05/21/2026,14:43:21,19.3,60.2
05/21/2026,14:48:21,19.3,60.1
05/21/2026,14:53:21,19.4,59.9
05/21/2026,14:58:21,19.4,59.9
05/21/2026,15:03:21,19.4,60.2
05/21/2026,15:08:21,19.4,60.1
05/21/2026,15:13:21,19.5,60.1
05/21/2026,15:18:21,19.5,59.8
05/21/2026,15:23:21,19.6,60.2
05/21/2026,15:28:21,19.6,60.2
05/21/2026,15:33:21,19.7,60.2
05/21/2026,15:38:21,19.8,60.4
05/21/2026,15:43:21,19.8,60.4
05/21/2026,15:48:21,19.8,60.4
05/21/2026,15:53:21,19.9,60.5
05/21/2026,15:58:21,19.9,60.4
05/21/2026,16:03:21,19.9,60.6
05/21/2026,16:08:21,20,60.6
05/21/2026,16:13:21,20,60.9
05/21/2026,16:18:21,20.1,60.7
05/21/2026,16:23:21,20.1,60.9
05/21/2026,16:28:21,20.1,61
05/21/2026,16:33:21,20.2,60.9
05/21/2026,16:38:21,20.2,61
05/21/2026,16:43:21,20.2,61.1
05/21/2026,16:48:21,20.3,61
05/21/2026,16:53:21,20.3,61.1
05/21/2026,16:58:21,20.3,61.2
05/21/2026,17:03:21,20.4,61.2
05/21/2026,17:08:21,20.4,60.9
05/21/2026,17:13:21,20.4,61.1
05/21/2026,17:18:21,20.5,61
05/21/2026,17:23:21,20.5,61
05/21/2026,17:28:21,20.5,60.8
05/21/2026,17:33:21,20.6,60.9
05/21/2026,17:38:21,20.6,60.8
05/21/2026,17:43:21,20.6,60.6
05/21/2026,17:48:21,20.7,60.5
05/21/2026,17:53:21,20.7,60.4
05/21/2026,17:58:21,20.6,60.1
05/21/2026,18:03:21,20.6,59.9
05/21/2026,18:08:21,20.6,60
05/21/2026,18:13:21,20.6,60.4
05/21/2026,18:18:21,20.6,60.4
05/21/2026,18:23:21,20.6,60.4
05/21/2026,18:28:21,20.7,60.2
05/21/2026,18:33:21,20.6,60.4
05/21/2026,18:38:21,20.6,60.2
05/21/2026,18:43:21,20.6,60.3
05/21/2026,18:48:21,20.7,60.3
05/21/2026,18:53:21,20.7,60.1
05/21/2026,18:58:21,20.7,59.9
05/21/2026,19:03:21,20.7,60
05/21/2026,19:08:21,20.7,59.9
05/21/2026,19:13:21,20.7,59.9
05/21/2026,19:18:21,20.7,60
05/21/2026,19:23:21,20.7,59.9
05/21/2026,19:28:21,20.7,59.8
05/21/2026,19:33:21,20.7,59.9
05/21/2026,19:38:21,20.7,59.8
05/21/2026,19:43:21,20.7,59.8
05/21/2026,19:48:21,20.7,59.9
05/21/2026,19:53:21,20.7,59.7
05/21/2026,19:58:21,20.7,59.7
05/21/2026,20:03:21,20.7,59.7
05/21/2026,20:08:21,20.7,59.7
05/21/2026,20:13:21,20.7,59.8
05/21/2026,20:18:21,20.7,59.8
05/21/2026,20:23:21,20.7,59.8
05/21/2026,20:28:21,20.7,59.8
05/21/2026,20:33:21,20.7,59.9
05/21/2026,20:38:21,20.7,59.9
05/21/2026,20:43:21,20.7,59.9
05/21/2026,20:48:21,20.7,59.9
05/21/2026,20:53:21,20.6,59.9
05/21/2026,20:58:21,20.6,60
05/21/2026,21:03:21,20.6,60
05/21/2026,21:08:21,20.6,60
05/21/2026,21:13:21,20.6,60.1
05/21/2026,21:18:21,20.6,60.1
05/21/2026,21:23:21,20.6,60
05/21/2026,21:28:21,20.6,60
05/21/2026,21:33:21,20.6,60
05/21/2026,21:38:21,20.6,60.1
05/21/2026,21:43:21,20.5,60
05/21/2026,21:48:21,20.6,60
05/21/2026,21:53:21,20.5,59.9
05/21/2026,21:58:21,20.5,59.8
05/21/2026,22:03:21,20.5,59.8
05/21/2026,22:08:21,20.5,60
05/21/2026,22:13:21,20.5,60
05/21/2026,22:18:21,20.5,60
05/21/2026,22:23:21,20.5,60.1
05/21/2026,22:28:21,20.5,60.1
05/21/2026,22:33:21,20.5,60
05/21/2026,22:38:21,20.4,60.1
05/21/2026,22:43:21,20.4,60.2
05/21/2026,22:48:21,20.4,60.1
05/21/2026,22:53:21,20.4,60.1
05/21/2026,22:58:21,20.4,60.1
05/21/2026,23:03:21,20.4,60
05/21/2026,23:08:21,20.4,60
05/21/2026,23:13:21,20.4,60
05/21/2026,23:18:21,20.4,59.9
05/21/2026,23:23:21,20.4,60
05/21/2026,23:28:21,20.4,59.9
05/21/2026,23:33:21,20.3,59.9
05/21/2026,23:38:21,20.3,59.9
05/21/2026,23:43:21,20.3,60
05/21/2026,23:48:21,20.3,60
05/21/2026,23:53:21,20.3,59.9
05/21/2026,23:58:21,20.3,59.9
05/22/2026,00:03:21,20.3,59.8
05/22/2026,00:08:21,20.3,59.8
05/22/2026,00:13:21,20.3,59.8
05/22/2026,00:18:21,20.2,59.8
05/22/2026,00:23:21,20.2,59.8
05/22/2026,00:28:21,20.2,59.9
05/22/2026,00:33:21,20.2,59.8
05/22/2026,00:38:21,20.2,59.9
05/22/2026,00:43:21,20.2,59.8
05/22/2026,00:48:21,20.2,59.9
05/22/2026,00:53:21,20.2,59.9
05/22/2026,00:58:21,20.1,59.9
05/22/2026,01:03:21,20.1,59.9
05/22/2026,01:08:21,20.1,60
05/22/2026,01:13:21,20.1,60
05/22/2026,01:18:21,20.1,60
05/22/2026,01:23:21,20.1,60
05/22/2026,01:28:21,20.1,60.1
05/22/2026,01:33:21,20,60
05/22/2026,01:38:21,20.1,60.1
05/22/2026,01:43:21,20,60.1
05/22/2026,01:48:21,20,60.1
05/22/2026,01:53:21,20,60.1
05/22/2026,01:58:21,20,60.1
05/22/2026,02:03:21,20,60.1
05/22/2026,02:08:21,20,60.1
05/22/2026,02:13:21,20,60.1
05/22/2026,02:18:21,20,60.1
05/22/2026,02:23:21,19.9,60.1
05/22/2026,02:28:21,19.9,60.1
05/22/2026,02:33:21,19.9,60
05/22/2026,02:38:21,19.9,60
05/22/2026,02:43:21,19.9,60
05/22/2026,02:48:21,19.9,60
05/22/2026,02:53:21,19.8,60
05/22/2026,02:58:21,19.9,60
05/22/2026,03:03:21,19.8,59.9
05/22/2026,03:08:21,19.8,59.9
05/22/2026,03:13:21,19.8,59.9
05/22/2026,03:18:21,19.8,59.9
05/22/2026,03:23:21,19.8,59.8
05/22/2026,03:28:21,19.8,59.8
05/22/2026,03:33:21,19.8,59.8
05/22/2026,03:38:21,19.7,59.8
05/22/2026,03:43:21,19.7,59.7
05/22/2026,03:48:21,19.7,59.7
05/22/2026,03:53:21,19.7,59.7
05/22/2026,03:58:21,19.7,59.7
05/22/2026,04:03:21,19.7,59.7
05/22/2026,04:08:21,19.6,59.7
05/22/2026,04:13:21,19.6,59.6
05/22/2026,04:18:21,19.6,59.6
05/22/2026,04:23:21,19.6,59.6
05/22/2026,04:28:21,19.6,59.6
05/22/2026,04:33:21,19.5,59.5
05/22/2026,04:38:21,19.5,59.5
05/22/2026,04:43:21,19.5,59.5
05/22/2026,04:48:21,19.5,59.4
05/22/2026,04:53:21,19.5,59.4
05/22/2026,04:58:21,19.5,59.4
05/22/2026,05:03:21,19.5,59.4
05/22/2026,05:08:21,19.5,59.4
05/22/2026,05:13:21,19.5,59.3
05/22/2026,05:18:21,19.4,59.3
05/22/2026,05:23:21,19.4,59.2
05/22/2026,05:28:21,19.4,59.2
05/22/2026,05:33:21,19.4,59.2
05/22/2026,05:38:21,19.4,59.2
05/22/2026,05:43:21,19.3,59.1
05/22/2026,05:48:21,19.3,59.2
05/22/2026,05:53:21,19.3,59.2
05/22/2026,05:58:21,19.3,59.2
05/22/2026,06:03:21,19.3,59.2
05/22/2026,06:08:21,19.3,59.2
05/22/2026,06:13:21,19.3,59.1
05/22/2026,06:18:21,19.3,59.1
05/22/2026,06:23:21,19.3,59.1
05/22/2026,06:28:21,19.3,59.1
05/22/2026,06:33:21,19.3,59.1
05/22/2026,06:38:21,19.3,59
05/22/2026,06:43:21,19.3,59
05/22/2026,06:48:21,19.3,59.1
05/22/2026,06:53:21,19.3,59
05/22/2026,06:58:21,19.4,59
05/22/2026,07:03:21,19.3,59
05/22/2026,07:08:21,19.3,59
05/22/2026,07:13:21,19.4,59
05/22/2026,07:18:21,19.4,58.9
05/22/2026,07:23:21,19.4,58.9
05/22/2026,07:28:21,19.4,58.9
05/22/2026,07:33:21,19.4,58.9
05/22/2026,07:38:21,19.4,58.8
05/22/2026,07:43:21,19.5,58.8
05/22/2026,07:48:21,19.4,58.9
05/22/2026,07:53:21,19.5,58.8
05/22/2026,07:58:21,19.5,58.9
05/22/2026,08:03:21,19.5,58.9
05/22/2026,08:08:21,19.5,58.9
05/22/2026,08:13:21,19.5,58.9
05/22/2026,08:18:21,19.6,58.9
05/22/2026,08:23:21,19.6,58.9
05/22/2026,08:28:21,19.6,58.9
05/22/2026,08:33:21,19.6,58.9
05/22/2026,08:38:21,19.6,58.9
05/22/2026,08:43:21,19.7,58.9
05/22/2026,08:48:21,19.7,58.9
05/22/2026,08:53:21,19.7,59
05/22/2026,08:58:21,19.7,58.9
05/22/2026,09:03:21,19.8,59
05/22/2026,09:08:21,19.8,59
05/22/2026,09:13:21,19.8,59.1
05/22/2026,09:18:21,19.9,59.1
05/22/2026,09:23:21,19.9,59.1
05/22/2026,09:28:21,19.9,59.1
05/22/2026,09:33:21,20,59.1
05/22/2026,09:38:21,20.1,59.1
05/22/2026,09:43:21,20.2,59.2
05/22/2026,09:48:21,20.3,59
05/22/2026,09:53:21,20.5,58.8
05/22/2026,09:58:21,20.8,58.6
05/22/2026,10:03:21,21,58.2
05/22/2026,10:08:21,21.3,57.9
05/22/2026,10:13:21,21.5,57.6
05/22/2026,10:18:21,21.6,57.3
05/22/2026,10:23:21,21.8,57.1
05/22/2026,10:28:21,21.9,57
05/22/2026,10:33:21,21.9,56.8
05/22/2026,10:38:21,22,56.8
05/22/2026,10:43:21,22,56.8
05/22/2026,10:48:21,22,56.8
05/22/2026,10:53:21,22.1,56.8
05/22/2026,10:58:21,22.1,56.9
05/22/2026,11:03:21,22.1,56.9
05/22/2026,11:08:21,22.2,56.9
05/22/2026,11:13:21,22.3,57
05/22/2026,11:18:21,22.4,56.9
05/22/2026,11:23:21,22.5,56.8
05/22/2026,11:28:21,22.8,56.5
05/22/2026,11:33:21,23,56.3
05/22/2026,11:38:21,23.2,56
05/22/2026,11:43:21,23.5,55.8
05/22/2026,11:48:21,23.7,55.5
05/22/2026,11:53:21,23.8,55.2
05/22/2026,11:58:21,23.9,55.1
05/22/2026,12:03:21,24,55
05/22/2026,12:08:21,24,55
05/22/2026,12:13:21,24.1,54.9
05/22/2026,12:18:21,24.1,54.8
05/22/2026,12:23:21,24.1,54.7
05/22/2026,12:28:21,24.1,54.7
05/22/2026,12:33:21,24.1,54.6
05/22/2026,12:38:21,24.1,54.7
05/22/2026,12:43:21,24.2,54.8
05/22/2026,12:48:21,24.1,54.8
05/22/2026,12:53:21,24.2,54.6
05/22/2026,12:58:21,24.2,54.8
05/22/2026,13:03:21,24.1,54.8
05/22/2026,13:08:21,24.1,54.8
05/22/2026,13:13:21,24.1,54.8
05/22/2026,13:18:21,24.1,54.8
05/22/2026,13:23:21,24.1,54.7
05/22/2026,13:28:21,24.2,54.6
05/22/2026,13:33:21,24.2,54.4
05/22/2026,13:38:21,24.2,54.4
05/22/2026,13:43:21,24.2,54.2
05/22/2026,13:48:21,24.2,54.3
05/22/2026,13:53:21,24.3,54.2
05/22/2026,13:58:21,24.2,54.2
05/22/2026,14:03:21,24.3,54.1
05/22/2026,14:08:21,24.3,54
05/22/2026,14:13:21,24.3,54
05/22/2026,14:18:21,24.3,54
05/22/2026,14:23:21,24.4,53.9
05/22/2026,14:28:21,24.4,53.9
05/22/2026,14:33:21,24.4,53.9
05/22/2026,14:38:21,24.5,53.8
05/22/2026,14:43:21,24.5,53.7
05/22/2026,14:48:21,24.6,53.8
05/22/2026,14:53:21,24.6,53.7
05/22/2026,14:58:21,24.6,53.5
05/22/2026,15:03:21,24.6,53.6
05/22/2026,15:08:21,24.7,53.4
05/22/2026,15:13:21,24.7,53.2
05/22/2026,15:18:21,24.8,53.1
05/22/2026,15:23:21,24.8,53
05/22/2026,15:28:21,24.8,53.3
05/22/2026,15:33:21,24.9,53.1
05/22/2026,15:38:21,24.9,53.1
05/22/2026,15:43:21,25,53.1
05/22/2026,15:48:21,25,53.2
05/22/2026,15:53:21,25,52.9
05/22/2026,15:58:21,25.1,53
05/22/2026,16:03:21,25.1,52.8
05/22/2026,16:08:21,25.1,52.8
05/22/2026,16:13:21,25.1,52.7
05/22/2026,16:18:21,25.2,52.8
05/22/2026,16:23:21,25.2,52.5
05/22/2026,16:28:21,25.3,52.2
05/22/2026,16:33:21,25.3,52.1
05/22/2026,16:38:21,25.3,52.4
05/22/2026,16:43:21,25.3,52.5
05/22/2026,16:48:21,25.4,52.1
05/22/2026,16:53:21,25.4,51.8
05/22/2026,16:58:21,25.4,51.5
05/22/2026,17:03:21,25.4,51.9
05/22/2026,17:08:21,25.4,52
05/22/2026,17:13:21,25.5,51.6
05/22/2026,17:18:21,25.5,51.6
05/22/2026,17:23:21,25.5,51.7
05/22/2026,17:28:21,25.5,51.3
05/22/2026,17:33:21,25.6,51.2
05/22/2026,17:38:21,25.6,51.1
05/22/2026,17:43:21,25.6,51
05/22/2026,17:48:21,25.7,51
05/22/2026,17:53:21,25.8,50.5
05/22/2026,17:58:21,25.9,50.7
05/22/2026,18:03:21,26,50.4
05/22/2026,18:08:21,26.1,50.1
05/22/2026,18:13:21,26.2,49.9
05/22/2026,18:18:21,26.2,49.7
05/22/2026,18:23:21,26.4,49.4
05/22/2026,18:28:21,26.5,49.2
05/22/2026,18:33:21,26.5,48.9
05/22/2026,18:38:21,26.4,49
05/22/2026,18:43:21,26.3,48.9
05/22/2026,18:48:21,26.2,48.9
05/22/2026,18:53:21,26.1,49
05/22/2026,18:58:21,26,48.9
05/22/2026,19:03:21,26,49.1
05/22/2026,19:08:21,25.9,49
05/22/2026,19:13:21,25.9,49
05/22/2026,19:18:21,25.8,49.2
05/22/2026,19:23:21,25.8,49.2
05/22/2026,19:28:21,25.7,49.3
05/22/2026,19:33:21,25.7,49.7
05/22/2026,19:38:21,25.7,49.7
05/22/2026,19:43:21,25.6,49.5
05/22/2026,19:48:21,25.6,49.9
05/22/2026,19:53:21,25.6,49.9
05/22/2026,19:58:21,25.6,50
05/22/2026,20:03:21,25.6,50.1
05/22/2026,20:08:21,25.5,50
05/22/2026,20:13:21,25.5,50
05/22/2026,20:18:21,25.5,49.9
05/22/2026,20:23:21,25.4,50
05/22/2026,20:28:21,25.4,49.9
05/22/2026,20:33:21,25.4,50
05/22/2026,20:38:21,25.3,50.1
05/22/2026,20:43:21,25.3,50.1
05/22/2026,20:48:21,25.3,50.1
05/22/2026,20:53:21,25.2,50
05/22/2026,20:58:21,25.2,50.1
05/22/2026,21:03:21,25.1,50.1
05/22/2026,21:08:21,25.1,50
05/22/2026,21:13:21,25,50
05/22/2026,21:18:21,25,50
05/22/2026,21:23:21,25,50
05/22/2026,21:28:21,24.9,50
05/22/2026,21:33:21,24.9,50.1
05/22/2026,21:38:21,24.8,50.1
05/22/2026,21:43:21,24.8,50.2
05/22/2026,21:48:21,24.8,50.1
05/22/2026,21:53:21,24.7,50.2
05/22/2026,21:58:21,24.7,50.3
05/22/2026,22:03:21,24.7,50.3
05/22/2026,22:08:21,24.6,50.3
05/22/2026,22:13:21,24.6,50.2
05/22/2026,22:18:21,24.6,50.2
05/22/2026,22:23:21,24.5,50.2
05/22/2026,22:28:21,24.4,50.3
05/22/2026,22:33:21,24.4,50.3
05/22/2026,22:38:21,24.4,50.3
05/22/2026,22:43:21,24.4,50.3
05/22/2026,22:48:21,24.3,50.3
05/22/2026,22:53:21,24.3,50.4
05/22/2026,22:58:21,24.3,50.5
05/22/2026,23:03:21,24.2,50.4
05/22/2026,23:08:21,24.2,50.5
05/22/2026,23:13:21,24.2,50.4
05/22/2026,23:18:21,24.1,50.4
05/22/2026,23:23:21,24.1,50.4
05/22/2026,23:28:21,24.1,50.4
05/22/2026,23:33:21,24,50.4
05/22/2026,23:38:21,24,50.4
05/22/2026,23:43:21,24,50.4
05/22/2026,23:48:21,23.9,50.4
05/22/2026,23:53:21,23.9,50.4
05/22/2026,23:58:21,23.8,50.4
05/23/2026,00:03:21,23.8,50.4
05/23/2026,00:08:21,23.8,50.4
05/23/2026,00:13:21,23.8,50.5
05/23/2026,00:18:21,23.8,50.5
05/23/2026,00:23:21,23.7,50.5
05/23/2026,00:28:21,23.7,50.5
05/23/2026,00:33:21,23.6,50.6
05/23/2026,00:38:21,23.7,50.6
05/23/2026,00:43:21,23.6,50.8
05/23/2026,00:48:21,23.6,50.8
05/23/2026,00:53:21,23.6,50.8
05/23/2026,00:58:21,23.5,50.8
05/23/2026,01:03:21,23.5,50.9
05/23/2026,01:08:21,23.5,50.9
05/23/2026,01:13:21,23.5,51.1
05/23/2026,01:18:21,23.5,51.2
05/23/2026,01:23:21,23.4,51.3
05/23/2026,01:28:21,23.4,51.4
05/23/2026,01:33:21,23.4,51.5
05/23/2026,01:38:21,23.4,51.7
05/23/2026,01:43:21,23.4,51.8
05/23/2026,01:48:21,23.3,52
05/23/2026,01:53:21,23.3,52.1
05/23/2026,01:58:21,23.3,52.2
05/23/2026,02:03:21,23.3,52.3
05/23/2026,02:08:21,23.3,52.4
05/23/2026,02:13:21,23.3,52.5
05/23/2026,02:18:21,23.2,52.6
05/23/2026,02:23:21,23.2,52.7
05/23/2026,02:28:21,23.2,52.8
05/23/2026,02:33:21,23.2,52.8
05/23/2026,02:38:21,23.2,52.9
05/23/2026,02:43:21,23.2,53
05/23/2026,02:48:21,23.1,53.1
05/23/2026,02:53:21,23.1,53.2
05/23/2026,02:58:21,23.1,53.3
05/23/2026,03:03:21,23.1,53.3
05/23/2026,03:08:21,23.1,53.4
05/23/2026,03:13:21,23.1,53.5
05/23/2026,03:18:21,23.1,53.7
05/23/2026,03:23:21,23.1,53.7
05/23/2026,03:28:21,23,53.7
05/23/2026,03:33:21,23.1,53.8
05/23/2026,03:38:21,23,53.8
05/23/2026,03:43:21,23,53.9
05/23/2026,03:48:21,23,54
05/23/2026,03:53:21,23,54.1
05/23/2026,03:58:21,23,54.2
05/23/2026,04:03:21,23,54.2
05/23/2026,04:08:21,22.9,54.3
05/23/2026,04:13:21,22.9,54.4
05/23/2026,04:18:21,22.9,54.4
05/23/2026,04:23:21,23,54.5
05/23/2026,04:28:21,22.9,54.5
05/23/2026,04:33:21,22.9,54.6
05/23/2026,04:38:21,22.9,54.6
05/23/2026,04:43:21,22.9,54.7
05/23/2026,04:48:21,22.8,54.7
05/23/2026,04:53:21,22.8,54.8
05/23/2026,04:58:21,22.8,54.8
05/23/2026,05:03:21,22.8,54.8
05/23/2026,05:08:21,22.8,54.9
05/23/2026,05:13:21,22.8,55
05/23/2026,05:18:21,22.7,55
05/23/2026,05:23:21,22.7,55.1
05/23/2026,05:28:21,22.7,55.1
05/23/2026,05:33:21,22.7,55.2
05/23/2026,05:38:21,22.7,55.3
05/23/2026,05:43:21,22.7,55.3
05/23/2026,05:48:21,22.7,55.4
05/23/2026,05:53:21,22.7,55.5
05/23/2026,05:58:21,22.6,55.6
05/23/2026,06:03:21,22.6,55.7
05/23/2026,06:08:21,22.6,55.8
05/23/2026,06:13:21,22.6,55.9
05/23/2026,06:18:21,22.6,56
05/23/2026,06:23:21,22.6,56.1
05/23/2026,06:28:21,22.6,56.1
05/23/2026,06:33:21,22.6,56.2
05/23/2026,06:38:21,22.5,56.3
05/23/2026,06:43:21,22.6,56.4
05/23/2026,06:48:21,22.6,56.5
05/23/2026,06:53:21,22.5,56.6
05/23/2026,06:58:21,22.5,56.7
05/23/2026,07:03:21,22.5,56.7
05/23/2026,07:08:21,22.5,56.8
05/23/2026,07:13:21,22.5,56.9
05/23/2026,07:18:21,22.5,56.8
05/23/2026,07:23:21,22.5,56.9
05/23/2026,07:28:21,22.5,57
05/23/2026,07:33:21,22.5,57
05/23/2026,07:38:21,22.5,57
05/23/2026,07:43:21,22.5,57
05/23/2026,07:48:21,22.5,57
05/23/2026,07:53:21,22.5,56.9
05/23/2026,07:58:21,22.6,56.8
05/23/2026,08:03:21,22.6,56.9
05/23/2026,08:08:21,22.6,57
05/23/2026,08:13:21,22.6,56.9
05/23/2026,08:18:21,22.6,56.9
05/23/2026,08:23:21,22.6,56.8
05/23/2026,08:28:21,22.6,56.8
05/23/2026,08:33:21,22.6,56.7
05/23/2026,08:38:21,22.7,56.7
05/23/2026,08:43:21,22.7,56.7
05/23/2026,08:48:21,22.7,56.7
05/23/2026,08:53:21,22.7,56.6
05/23/2026,08:58:21,22.7,56.7
05/23/2026,09:03:21,22.8,56.7
05/23/2026,09:08:21,22.8,56.6
05/23/2026,09:13:21,22.8,56.7
05/23/2026,09:18:21,22.8,56.7
05/23/2026,09:23:21,22.9,56.6
05/23/2026,09:28:21,22.9,56.6
05/23/2026,09:33:21,22.9,56.6
05/23/2026,09:38:21,23,56.7
05/23/2026,09:43:21,23,56.7
05/23/2026,09:48:21,23,56.8
05/23/2026,09:53:21,23.1,56.8
05/23/2026,09:58:21,23.1,56.7
05/23/2026,10:03:21,23.1,56.7
05/23/2026,10:08:21,23.2,56.7
05/23/2026,10:13:21,23.2,56.6
05/23/2026,10:18:21,23.2,56.6
05/23/2026,10:23:21,23.3,56.5
05/23/2026,10:28:21,23.3,56.6
05/23/2026,10:33:21,23.3,56.4
05/23/2026,10:38:21,23.3,56.4
05/23/2026,10:43:21,23.4,56.4
05/23/2026,10:48:21,23.4,56.4
05/23/2026,10:53:21,23.4,56.4
05/23/2026,10:58:21,23.4,56.4
05/23/2026,11:03:21,23.4,56.2
05/23/2026,11:08:21,23.5,56.5
05/23/2026,11:13:21,23.5,56.6
05/23/2026,11:18:21,23.5,56.5
05/23/2026,11:23:21,23.5,56.3
05/23/2026,11:28:21,23.5,56.4
05/23/2026,11:33:21,23.5,56.4
05/23/2026,11:38:21,23.6,56.4
05/23/2026,11:43:21,23.6,56.5
05/23/2026,11:48:21,23.6,56.6
05/23/2026,11:53:21,23.6,56.7
05/23/2026,11:58:21,23.6,56.8
05/23/2026,12:03:21,23.7,56.9
05/23/2026,12:08:21,23.7,56.8
05/23/2026,12:13:21,23.7,56.8
05/23/2026,12:18:21,23.7,57
05/23/2026,12:23:21,23.8,56.8
05/23/2026,12:28:21,23.8,56.7
05/23/2026,12:33:21,23.8,56.8
05/23/2026,12:38:21,23.8,56.9
05/23/2026,12:43:21,23.8,56.9
05/23/2026,12:48:21,23.9,56.9
05/23/2026,12:53:21,23.9,56.9
05/23/2026,12:58:21,23.9,57
05/23/2026,13:03:21,24,56.9
05/23/2026,13:08:21,24,56.9
05/23/2026,13:13:21,24,56.8
05/23/2026,13:18:21,24.1,56.6
05/23/2026,13:23:21,24.1,56.6
05/23/2026,13:28:21,24.2,56.7
05/23/2026,13:33:21,24.2,56.8
05/23/2026,13:38:21,24.2,56.8
05/23/2026,13:43:21,24.3,56.9
05/23/2026,13:48:21,24.3,56.8
05/23/2026,13:53:21,24.4,56.7
05/23/2026,13:58:21,24.4,56.7
05/23/2026,14:03:21,24.5,56.7
05/23/2026,14:08:21,24.5,56.7
05/23/2026,14:13:21,24.6,56.6
05/23/2026,14:18:21,24.6,56.7
05/23/2026,14:23:21,24.7,56.6
05/23/2026,14:28:21,24.7,56.5
05/23/2026,14:33:21,24.8,56.5
05/23/2026,14:38:21,24.8,56.5
05/23/2026,14:43:21,24.9,56.3
05/23/2026,14:48:21,24.9,56.2
05/23/2026,14:53:21,25,56.1
05/23/2026,14:58:21,25,56
05/23/2026,15:03:21,25.1,55.9
05/23/2026,15:08:21,25.2,56
05/23/2026,15:13:21,25.2,55.7
05/23/2026,15:18:21,25.3,55.7
05/23/2026,15:23:21,25.3,55.6
05/23/2026,15:28:21,25.4,55.4
05/23/2026,15:33:21,25.5,55.4
05/23/2026,15:38:21,25.5,55.2
05/23/2026,15:43:21,25.6,55
05/23/2026,15:48:21,25.6,55
05/23/2026,15:53:21,25.7,54.9
05/23/2026,15:58:21,25.7,54.8
05/23/2026,16:03:21,25.8,54.7
05/23/2026,16:08:21,25.8,54.6
05/23/2026,16:13:21,25.9,54.2
05/23/2026,16:18:21,25.9,54.2
05/23/2026,16:23:21,25.9,54.3
05/23/2026,16:28:21,26,54.2
05/23/2026,16:33:21,26,54.2
05/23/2026,16:38:21,26.1,54.1
05/23/2026,16:43:21,26.1,54
05/23/2026,16:48:21,26.1,53.4
05/23/2026,16:53:21,26.2,53.7
05/23/2026,16:58:21,26.2,53.5
05/23/2026,17:03:21,26.2,53.3
05/23/2026,17:08:21,26.2,53
05/23/2026,17:13:21,26.2,52.8
05/23/2026,17:18:21,26.3,52.7
05/23/2026,17:23:21,26.3,52.6
05/23/2026,17:28:21,26.3,52.5
05/23/2026,17:33:21,26.3,51.9
05/23/2026,17:38:21,26.4,51.6
05/23/2026,17:43:21,26.4,51.3
05/23/2026,17:48:21,26.4,51.4
05/23/2026,17:53:21,26.5,51.4
05/23/2026,17:58:21,26.6,51.1
05/23/2026,18:03:21,26.7,50.8
05/23/2026,18:08:21,26.7,49.7
05/23/2026,18:13:21,26.8,50
05/23/2026,18:18:21,26.8,50.1
05/23/2026,18:23:21,26.9,49.9
05/23/2026,18:28:21,27,50.1
05/23/2026,18:33:21,27,50
05/23/2026,18:38:21,27,50.2
05/23/2026,18:43:21,27,50.3
05/23/2026,18:48:21,27,50.5
05/23/2026,18:53:21,27,50.8
05/23/2026,18:58:21,27,50.6
05/23/2026,19:03:21,26.9,50.4
05/23/2026,19:08:21,26.9,50.7
05/23/2026,19:13:21,26.9,50.7
05/23/2026,19:18:21,26.9,50.9
05/23/2026,19:23:21,26.8,50.9
05/23/2026,19:28:21,26.8,50.6
05/23/2026,19:33:21,26.8,50.7
05/23/2026,19:38:21,26.7,51.3
05/23/2026,19:43:21,26.8,51.6
05/23/2026,19:48:21,26.7,51.8
05/23/2026,19:53:21,26.7,52.2
05/23/2026,19:58:21,26.8,52.3
05/23/2026,20:03:21,26.7,52.5
05/23/2026,20:08:21,26.8,52.7
05/23/2026,20:13:21,26.7,52.9
05/23/2026,20:18:21,26.7,53.1
05/23/2026,20:23:21,26.7,52.7
05/23/2026,20:28:21,26.7,52.7
05/23/2026,20:33:21,26.7,52.7
05/23/2026,20:38:21,26.6,52.4
05/23/2026,20:43:21,26.6,52.4
05/23/2026,20:48:21,26.5,52.4
05/23/2026,20:53:21,26.5,52.4
05/23/2026,20:58:21,26.5,52.4
05/23/2026,21:03:21,26.4,52.4
05/23/2026,21:08:21,26.4,52.5
05/23/2026,21:13:21,26.3,52.5
05/23/2026,21:18:21,26.3,52.6
05/23/2026,21:23:21,26.3,52.7
05/23/2026,21:28:21,26.2,52.8
05/23/2026,21:33:21,26.2,52.8
05/23/2026,21:38:21,26.2,52.9
05/23/2026,21:43:21,26.2,52.9
05/23/2026,21:48:21,26.1,53
05/23/2026,21:53:21,26.1,53
05/23/2026,21:58:21,26.1,53.1
05/23/2026,22:03:21,26,53.2
05/23/2026,22:08:21,26,53.3
05/23/2026,22:13:21,26,53.4
05/23/2026,22:18:21,25.9,53.5
05/23/2026,22:23:21,25.9,53.5
05/23/2026,22:28:21,25.9,53.6
05/23/2026,22:33:21,25.8,53.6
05/23/2026,22:38:21,25.8,53.6
05/23/2026,22:43:21,25.8,53.7
05/23/2026,22:48:21,25.7,53.7
05/23/2026,22:53:21,25.7,53.7
05/23/2026,22:58:21,25.7,53.7
05/23/2026,23:03:21,25.6,53.7
05/23/2026,23:08:21,25.6,53.8
05/23/2026,23:13:21,25.6,53.8
05/23/2026,23:18:21,25.5,53.8
05/23/2026,23:23:21,25.5,53.9
05/23/2026,23:28:21,25.5,53.9
05/23/2026,23:33:21,25.4,53.9
05/23/2026,23:38:21,25.4,54
05/23/2026,23:43:21,25.4,54
05/23/2026,23:48:21,25.4,54
05/23/2026,23:53:21,25.4,54
05/23/2026,23:58:21,25.3,54
05/24/2026,00:03:21,25.3,54
05/24/2026,00:08:21,25.3,54
05/24/2026,00:13:21,25.2,54
05/24/2026,00:18:21,25.2,54.1
05/24/2026,00:23:21,25.2,54.1
05/24/2026,00:28:21,25.2,54.1
05/24/2026,00:33:21,25.1,54.1
05/24/2026,00:38:21,25.1,54
05/24/2026,00:43:21,25.1,54
05/24/2026,00:48:21,25.1,54
05/24/2026,00:53:21,25,54.1
05/24/2026,00:58:21,25,54
05/24/2026,01:03:21,25,53.9
05/24/2026,01:08:21,25,54
05/24/2026,01:13:21,24.9,53.9
05/24/2026,01:18:21,24.9,54
05/24/2026,01:23:21,24.9,53.9
05/24/2026,01:28:21,24.8,53.9
05/24/2026,01:33:21,24.8,53.9
05/24/2026,01:38:21,24.8,54
05/24/2026,01:43:21,24.8,54
05/24/2026,01:48:21,24.7,53.9
05/24/2026,01:53:21,24.7,53.9
05/24/2026,01:58:21,24.7,54
05/24/2026,02:03:21,24.7,53.9
05/24/2026,02:08:21,24.7,53.9
05/24/2026,02:13:21,24.6,53.9
05/24/2026,02:18:21,24.6,53.9
05/24/2026,02:23:21,24.6,53.9
05/24/2026,02:28:21,24.5,53.8
05/24/2026,02:33:21,24.5,53.8
05/24/2026,02:38:21,24.5,53.8
05/24/2026,02:43:21,24.5,53.8
05/24/2026,02:48:21,24.4,53.8
05/24/2026,02:53:21,24.4,53.8
05/24/2026,02:58:21,24.4,53.8
05/24/2026,03:03:21,24.4,53.8
05/24/2026,03:08:21,24.3,53.8
05/24/2026,03:13:21,24.3,53.8
05/24/2026,03:18:21,24.3,53.8
05/24/2026,03:23:21,24.3,53.8
05/24/2026,03:28:21,24.2,53.7
05/24/2026,03:33:21,24.2,53.8
05/24/2026,03:38:21,24.2,53.7
05/24/2026,03:43:21,24.1,53.8
05/24/2026,03:48:21,24.1,53.7
05/24/2026,03:53:21,24.1,53.7
05/24/2026,03:58:21,24.1,53.7
05/24/2026,04:03:21,24,53.7
05/24/2026,04:08:21,24,53.7
05/24/2026,04:13:21,24,53.6
05/24/2026,04:18:21,24,53.6
05/24/2026,04:23:21,24,53.6
05/24/2026,04:28:21,23.9,53.6
05/24/2026,04:33:21,23.9,53.6
05/24/2026,04:38:21,23.9,53.6
05/24/2026,04:43:21,23.9,53.6
05/24/2026,04:48:21,23.8,53.6
05/24/2026,04:53:21,23.8,53.5
05/24/2026,04:58:21,23.8,53.5
05/24/2026,05:03:21,23.7,53.5
05/24/2026,05:08:21,23.7,53.5
05/24/2026,05:13:21,23.7,53.5
05/24/2026,05:18:21,23.7,53.5
05/24/2026,05:23:21,23.6,53.5
05/24/2026,05:28:21,23.6,53.5
05/24/2026,05:33:21,23.6,53.5
05/24/2026,05:38:21,23.6,53.5
05/24/2026,05:43:21,23.5,53.4
05/24/2026,05:48:21,23.6,53.4
05/24/2026,05:53:21,23.5,53.4
05/24/2026,05:58:21,23.5,53.3
05/24/2026,06:03:21,23.5,53.3
05/24/2026,06:08:21,23.5,53.3
05/24/2026,06:13:21,23.4,53.3
05/24/2026,06:18:21,23.4,53.2
05/24/2026,06:23:21,23.4,53.2
05/24/2026,06:28:21,23.4,53.2
05/24/2026,06:33:21,23.4,53.2
05/24/2026,06:38:21,23.4,53.1
05/24/2026,06:43:21,23.4,53.1
05/24/2026,06:48:21,23.4,53.1
05/24/2026,06:53:21,23.3,53
05/24/2026,06:58:21,23.4,53.1
05/24/2026,07:03:21,23.4,53
05/24/2026,07:08:21,23.4,53
05/24/2026,07:13:21,23.4,53
05/24/2026,07:18:21,23.4,53
05/24/2026,07:23:21,23.4,53
05/24/2026,07:28:21,23.4,53
05/24/2026,07:33:21,23.4,53.1
05/24/2026,07:38:21,23.4,53.1
05/24/2026,07:43:21,23.4,53.4
05/24/2026,07:48:21,23.4,53.5
05/24/2026,07:53:21,23.4,53.5
05/24/2026,07:58:21,23.4,53.8
05/24/2026,08:03:21,23.3,53.8
05/24/2026,08:08:21,23.3,54.1
05/24/2026,08:13:21,23.3,54.4
05/24/2026,08:18:21,23.3,54.4
05/24/2026,08:23:21,23.4,54.6
05/24/2026,08:28:21,23.4,54.6
05/24/2026,08:33:21,23.4,54.8
05/24/2026,08:38:21,23.5,55
05/24/2026,08:43:21,23.5,55
05/24/2026,08:48:21,23.5,54.9
05/24/2026,08:53:21,23.6,55
05/24/2026,08:58:21,23.6,55.2
05/24/2026,09:03:21,23.6,55.3
05/24/2026,09:08:21,23.7,55.3
05/24/2026,09:13:21,23.7,55.2
05/24/2026,09:18:21,23.7,55.3
05/24/2026,09:23:21,23.7,55.3
05/24/2026,09:28:21,23.8,55.3
05/24/2026,09:33:21,23.8,55.5
05/24/2026,09:38:21,23.9,55.8
05/24/2026,09:43:21,24,55.8
05/24/2026,09:48:21,24.1,56
05/24/2026,09:53:21,24.2,56.4
05/24/2026,09:58:21,24.3,56
05/24/2026,10:03:21,24.4,56
05/24/2026,10:08:21,24.5,56.1
05/24/2026,10:13:21,24.6,56.4
05/24/2026,10:18:21,24.7,56.1
05/24/2026,10:23:21,24.8,56.2
05/24/2026,10:28:21,24.9,56.1
05/24/2026,10:33:21,24.9,56.1
05/24/2026,10:38:21,25.1,55.9
05/24/2026,10:43:21,25.1,55.7
05/24/2026,10:48:21,25.2,55.4
05/24/2026,10:53:21,25.3,55.6
05/24/2026,10:58:21,25.3,55.3
05/24/2026,11:03:21,25.3,55.3
05/24/2026,11:08:21,25.4,55.4
05/24/2026,11:13:21,25.5,55.7
05/24/2026,11:18:21,25.5,55.6
05/24/2026,11:23:21,25.6,56.3
05/24/2026,11:28:21,25.8,56.7
05/24/2026,11:33:21,25.9,57.1
05/24/2026,11:38:21,26.1,57.7
05/24/2026,11:43:21,26.2,57.9
05/24/2026,11:48:21,26.4,58.5
05/24/2026,11:53:21,26.5,57.8
05/24/2026,11:58:21,26.6,58.8
05/24/2026,12:03:21,26.7,58
05/24/2026,12:08:21,26.8,58.7
05/24/2026,12:13:21,27,58
05/24/2026,12:18:21,27.1,59.3
05/24/2026,12:23:21,27.2,59.6
05/24/2026,12:28:21,27.3,58
05/24/2026,12:33:21,27.3,58.2
05/24/2026,12:38:21,27.4,59.3
05/24/2026,12:43:21,27.5,57.7
05/24/2026,12:48:21,27.5,58
05/24/2026,12:53:21,27.6,57.9
05/24/2026,12:58:21,27.6,57.3
05/24/2026,13:03:21,27.6,58
05/24/2026,13:08:21,27.7,58.4
05/24/2026,13:13:21,27.7,55
05/24/2026,13:18:21,27.7,55.5
05/24/2026,13:23:21,27.6,55.1
05/24/2026,13:28:21,27.7,54.3
05/24/2026,13:33:21,27.6,53.9
05/24/2026,13:38:21,27.6,53.9
05/24/2026,13:43:21,27.6,52.4
05/24/2026,13:48:21,27.6,52.1
05/24/2026,13:53:21,27.6,52.6
05/24/2026,13:58:21,27.6,52.4
05/24/2026,14:03:21,27.5,52.1
05/24/2026,14:08:21,27.6,52.1
05/24/2026,14:13:21,27.6,51.8
05/24/2026,14:18:21,27.5,50.8
05/24/2026,14:23:21,27.5,51.1
05/24/2026,14:28:21,27.5,50.9
05/24/2026,14:33:21,27.6,51
05/24/2026,14:38:21,27.6,50.6
05/24/2026,14:43:21,27.6,50.7
05/24/2026,14:48:21,27.6,50.5
05/24/2026,14:53:21,27.6,50.2
05/24/2026,14:58:21,27.6,50.5
05/24/2026,15:03:21,27.7,50.1
05/24/2026,15:08:21,27.7,49.6
05/24/2026,15:13:21,27.7,49.5
05/24/2026,15:18:21,27.8,49.3
05/24/2026,15:23:21,27.8,49.3
05/24/2026,15:28:21,27.8,49.2
05/24/2026,15:33:21,27.8,49.3
05/24/2026,15:38:21,27.9,49
05/24/2026,15:43:21,27.9,48.8
05/24/2026,15:48:21,27.9,48.9
05/24/2026,15:53:21,27.9,48.9
05/24/2026,15:58:21,27.9,48.4
05/24/2026,16:03:21,27.9,48.5
05/24/2026,16:08:21,27.9,47.9
05/24/2026,16:13:21,27.9,48
05/24/2026,16:18:21,27.9,47.6
05/24/2026,16:23:21,28,47.8
05/24/2026,16:28:21,28,47.4
05/24/2026,16:33:21,28,47.6
05/24/2026,16:38:21,28,47.3
05/24/2026,16:43:21,28,47.1
05/24/2026,16:48:21,28,46.6
05/24/2026,16:53:21,28,46
05/24/2026,16:58:21,28,46.3
05/24/2026,17:03:21,28.1,46.4
05/24/2026,17:08:21,28.1,46.2
05/24/2026,17:13:21,28.1,45.8
05/24/2026,17:18:21,28.1,46.1
05/24/2026,17:23:21,28.1,46
05/24/2026,17:28:21,28.2,45.6
05/24/2026,17:33:21,28.2,46
05/24/2026,17:38:21,28.2,45.7
05/24/2026,17:43:21,28.2,45.8
05/24/2026,17:48:21,28.3,45.8
05/24/2026,17:53:21,28.4,45.5
05/24/2026,17:58:21,28.5,45.4
05/24/2026,18:03:21,28.6,45.4
05/24/2026,18:08:21,28.7,45.2
05/24/2026,18:13:21,28.7,45.2
05/24/2026,18:18:21,28.8,44.9
05/24/2026,18:23:21,28.9,44.8
05/24/2026,18:28:21,29,44.8
05/24/2026,18:33:21,29.1,44.7
05/24/2026,18:38:21,29.1,44.7
05/24/2026,18:43:21,29,45
05/24/2026,18:48:21,28.9,45.3
05/24/2026,18:53:21,28.7,45.7
05/24/2026,18:58:21,28.6,46
05/24/2026,19:03:21,28.5,46.2
05/24/2026,19:08:21,28.4,46.3
05/24/2026,19:13:21,28.4,46.5
05/24/2026,19:18:21,28.3,46.6
05/24/2026,19:23:21,28.2,46.8
05/24/2026,19:28:21,28.1,46.9
05/24/2026,19:33:21,28,47
05/24/2026,19:38:21,28,47.1
05/24/2026,19:43:21,27.9,47.2
05/24/2026,19:48:21,27.8,47.3
05/24/2026,19:53:21,27.8,47.3
05/24/2026,19:58:21,27.7,47.2
05/24/2026,20:03:21,27.6,47.4
05/24/2026,20:08:21,27.6,47.5
05/24/2026,20:13:21,27.6,47.6
05/24/2026,20:18:21,27.5,47.7
05/24/2026,20:23:21,27.5,47.8
05/24/2026,20:28:21,27.5,47.9
05/24/2026,20:33:21,27.4,48
05/24/2026,20:38:21,27.4,47.9
05/24/2026,20:43:21,27.4,48.1
05/24/2026,20:48:21,27.3,48.1
05/24/2026,20:53:21,27.3,48.1
05/24/2026,20:58:21,27.3,48.2
05/24/2026,21:03:21,27.2,48.2
05/24/2026,21:08:21,27.2,48.3
05/24/2026,21:13:21,27.2,48.3
05/24/2026,21:18:21,27.2,48.4
05/24/2026,21:23:21,27.1,48.6
05/24/2026,21:28:21,27.1,48.6
05/24/2026,21:33:21,27.1,48.7
05/24/2026,21:38:21,27,48.7
05/24/2026,21:43:21,27,48.8
05/24/2026,21:48:21,27,48.8
05/24/2026,21:53:21,27,48.9
05/24/2026,21:58:21,27,49
05/24/2026,22:03:21,26.9,49
05/24/2026,22:08:21,26.9,49
05/24/2026,22:13:21,26.9,49.1
05/24/2026,22:18:21,26.8,49.2
05/24/2026,22:23:21,26.8,49.2
05/24/2026,22:28:21,26.8,49.2
05/24/2026,22:33:21,26.7,49.3
05/24/2026,22:38:21,26.7,49.4
05/24/2026,22:43:21,26.7,49.4
05/24/2026,22:48:21,26.6,49.4
05/24/2026,22:53:21,26.6,49.4
05/24/2026,22:58:21,26.6,49.4
05/24/2026,23:03:21,26.6,49.5
05/24/2026,23:08:21,26.6,49.5
05/24/2026,23:13:21,26.5,49.5
05/24/2026,23:18:21,26.5,49.5
05/24/2026,23:23:21,26.4,49.5
05/24/2026,23:28:21,26.4,49.5
05/24/2026,23:33:21,26.4,49.6
05/24/2026,23:38:21,26.4,49.6
05/24/2026,23:43:21,26.3,49.6
05/24/2026,23:48:21,26.3,49.7
05/24/2026,23:53:21,26.3,49.6
05/24/2026,23:58:21,26.2,49.6
05/25/2026,00:03:21,26.2,49.7
05/25/2026,00:08:21,26.2,49.7
05/25/2026,00:13:21,26.2,49.8
05/25/2026,00:18:21,26.2,49.8
05/25/2026,00:23:21,26.1,49.8
05/25/2026,00:28:21,26.1,49.9
05/25/2026,00:33:21,26.1,49.9
05/25/2026,00:38:21,26.1,49.9
05/25/2026,00:43:21,26.1,49.9
05/25/2026,00:48:21,26,49.9
05/25/2026,00:53:21,26,49.8
05/25/2026,00:58:21,26,49.9
05/25/2026,01:03:21,25.9,49.8
05/25/2026,01:08:21,25.9,49.9
05/25/2026,01:13:21,25.9,49.9
05/25/2026,01:18:21,25.9,49.9
05/25/2026,01:23:21,25.9,49.9
05/25/2026,01:28:21,25.8,49.9
05/25/2026,01:33:21,25.8,50
05/25/2026,01:38:21,25.8,50
05/25/2026,01:43:21,25.7,50
05/25/2026,01:48:21,25.7,50.1
05/25/2026,01:53:21,25.7,50.1
05/25/2026,01:58:21,25.7,50.1
05/25/2026,02:03:21,25.6,50.1
05/25/2026,02:08:21,25.6,50.2
05/25/2026,02:13:21,25.6,50.2
05/25/2026,02:18:21,25.6,50.2
05/25/2026,02:23:21,25.6,50.2
05/25/2026,02:28:21,25.5,50.2
05/25/2026,02:33:21,25.5,50.1
05/25/2026,02:38:21,25.5,50.2
05/25/2026,02:43:21,25.5,50.2
05/25/2026,02:48:21,25.4,50.3
05/25/2026,02:53:21,25.4,50.3
05/25/2026,02:58:21,25.4,50.4
05/25/2026,03:03:21,25.4,50.3
05/25/2026,03:08:21,25.4,50.3
05/25/2026,03:13:21,25.3,50.3
05/25/2026,03:18:21,25.3,50.2
05/25/2026,03:23:21,25.3,50.3
05/25/2026,03:28:21,25.2,50.3
05/25/2026,03:33:21,25.2,50.3
05/25/2026,03:38:21,25.2,50.4
05/25/2026,03:43:21,25.2,50.3
05/25/2026,03:48:21,25.2,50.3
05/25/2026,03:53:21,25.2,50.4
05/25/2026,03:58:21,25.1,50.3
05/25/2026,04:03:21,25.1,50.3
05/25/2026,04:08:21,25.1,50.4
05/25/2026,04:13:21,25,50.3
05/25/2026,04:18:21,25,50.3
05/25/2026,04:23:21,25,50.3
05/25/2026,04:28:21,25,50.3
05/25/2026,04:33:21,24.9,50.3
05/25/2026,04:38:21,24.9,50.4
05/25/2026,04:43:21,24.9,50.4
05/25/2026,04:48:21,24.9,50.3
05/25/2026,04:53:21,24.8,50.3
05/25/2026,04:58:21,24.8,50.4
05/25/2026,05:03:21,24.8,50.3
05/25/2026,05:08:21,24.8,50.4
05/25/2026,05:13:21,24.7,50.4
05/25/2026,05:18:21,24.7,50.4
05/25/2026,05:23:21,24.7,50.4
05/25/2026,05:28:21,24.7,50.4
05/25/2026,05:33:21,24.7,50.4
05/25/2026,05:38:21,24.6,50.4
05/25/2026,05:43:21,24.6,50.4
05/25/2026,05:48:21,24.6,50.4
05/25/2026,05:53:21,24.6,50.4
05/25/2026,05:58:21,24.6,50.4
05/25/2026,06:03:21,24.6,50.5
05/25/2026,06:08:21,24.5,50.4
05/25/2026,06:13:21,24.5,50.6
05/25/2026,06:18:21,24.5,50.6
05/25/2026,06:23:21,24.5,50.5
05/25/2026,06:28:21,24.5,50.6
05/25/2026,06:33:21,24.5,50.6
05/25/2026,06:38:21,24.5,50.6
05/25/2026,06:43:21,24.5,50.8
05/25/2026,06:48:21,24.5,50.6
05/25/2026,06:53:21,24.5,50.6
05/25/2026,06:58:21,24.5,50.6
05/25/2026,07:03:21,24.5,50.6
05/25/2026,07:08:21,24.5,50.6
05/25/2026,07:13:21,24.5,50.5
05/25/2026,07:18:21,24.5,50.5
05/25/2026,07:23:21,24.6,50.6
05/25/2026,07:28:21,24.6,50.7
05/25/2026,07:33:21,24.6,50.7
05/25/2026,07:38:21,24.6,50.6
05/25/2026,07:43:21,24.6,50.6
05/25/2026,07:48:21,24.6,50.7
05/25/2026,07:53:21,24.6,50.6
05/25/2026,07:58:21,24.6,50.7
05/25/2026,08:03:21,24.6,50.7
05/25/2026,08:08:21,24.6,50.8
05/25/2026,08:13:21,24.6,50.8
05/25/2026,08:18:21,24.7,50.8
05/25/2026,08:23:21,24.7,50.8
05/25/2026,08:28:21,24.7,50.9
05/25/2026,08:33:21,24.7,50.8
05/25/2026,08:38:21,24.7,50.9
05/25/2026,08:43:21,24.8,50.8
05/25/2026,08:48:21,24.8,50.9
05/25/2026,08:53:21,24.8,50.9
05/25/2026,08:58:21,24.8,50.9
05/25/2026,09:03:21,24.8,51
05/25/2026,09:08:21,24.9,51
05/25/2026,09:13:21,24.9,51.1
05/25/2026,09:18:21,24.9,51.1
05/25/2026,09:23:21,24.9,51.1
05/25/2026,09:28:21,24.9,51.2
05/25/2026,09:33:21,25,51.2
05/25/2026,09:38:21,25,51.3
05/25/2026,09:43:21,25.1,51.5
05/25/2026,09:48:21,25.1,51.6
05/25/2026,09:53:21,25.2,51.8
05/25/2026,09:58:21,25.2,52.1
05/25/2026,10:03:21,25.3,52.1
05/25/2026,10:08:21,25.3,52.2
05/25/2026,10:13:21,25.4,52.3
05/25/2026,10:18:21,25.4,52.4
05/25/2026,10:23:21,25.4,52.4
05/25/2026,10:28:21,25.5,52.4
05/25/2026,10:33:21,25.5,52.4
05/25/2026,10:38:21,25.5,52.4
05/25/2026,10:43:21,25.6,52.4
05/25/2026,10:48:21,25.6,52.5
05/25/2026,10:53:21,25.6,52.6
05/25/2026,10:58:21,25.6,52.6
05/25/2026,11:03:21,25.7,52.7
05/25/2026,11:08:21,25.7,52.8
05/25/2026,11:13:21,25.7,52.8
05/25/2026,11:18:21,25.7,52.9
05/25/2026,11:23:21,25.8,53
05/25/2026,11:28:21,25.8,52.9
05/25/2026,11:33:21,25.8,52.9
05/25/2026,11:38:21,25.9,53.1
05/25/2026,11:43:21,25.9,53.2
05/25/2026,11:48:21,25.9,53.2
05/25/2026,11:53:21,25.9,53.3
05/25/2026,11:58:21,26,53.4
05/25/2026,12:03:21,26,53.4
05/25/2026,12:08:21,26,53.5
05/25/2026,12:13:21,26.1,53.5
05/25/2026,12:18:21,26.1,53.5
05/25/2026,12:23:21,26.1,53.6
05/25/2026,12:28:21,26.2,53.5
05/25/2026,12:33:21,26.2,53.4
05/25/2026,12:38:21,26.2,53.4
05/25/2026,12:43:21,26.2,53.2
05/25/2026,12:48:21,26.3,53.3
05/25/2026,12:53:21,26.3,53.1
05/25/2026,12:58:21,26.3,52.9
05/25/2026,13:03:21,26.4,52.8
05/25/2026,13:08:21,26.4,52.7
05/25/2026,13:13:21,26.5,52.7
05/25/2026,13:18:21,26.5,52.7
05/25/2026,13:23:21,26.5,52.6
05/25/2026,13:28:21,26.6,52.6
05/25/2026,13:33:21,26.6,52.6
05/25/2026,13:38:21,26.7,52.5
05/25/2026,13:43:21,26.7,52.5
05/25/2026,13:48:21,26.7,52.4
05/25/2026,13:53:21,26.8,52.5
05/25/2026,13:58:21,26.8,52.4
05/25/2026,14:03:21,26.8,52.3
05/25/2026,14:08:21,26.9,52.2
05/25/2026,14:13:21,27,52.2
05/25/2026,14:18:21,27,52.2
05/25/2026,14:23:21,27,52
05/25/2026,14:28:21,27.1,51.9
05/25/2026,14:33:21,27.1,52
05/25/2026,14:38:21,27.2,51.9
05/25/2026,14:43:21,27.3,51.7
05/25/2026,14:48:21,27.3,51.9
05/25/2026,14:53:21,27.4,51.7
05/25/2026,14:58:21,27.5,51.4
05/25/2026,15:03:21,27.5,51.3
05/25/2026,15:08:21,27.6,51.3
05/25/2026,15:13:21,27.6,51
05/25/2026,15:18:21,27.7,50.9
05/25/2026,15:23:21,27.7,50.8
05/25/2026,15:28:21,27.8,50.8
05/25/2026,15:33:21,27.8,50.6
05/25/2026,15:38:21,27.9,50.5
05/25/2026,15:43:21,27.9,50.4
05/25/2026,15:48:21,28,50.3
05/25/2026,15:53:21,28,50.1
05/25/2026,15:58:21,28.1,50.1
05/25/2026,16:03:21,28.1,49.9
05/25/2026,16:08:21,28.1,49.9
05/25/2026,16:13:21,28.2,49.6
05/25/2026,16:18:21,28.2,49.4
05/25/2026,16:23:21,28.2,49.3
05/25/2026,16:28:21,28.3,49.4
05/25/2026,16:33:21,28.3,49.2
05/25/2026,16:38:21,28.3,49.1
05/25/2026,16:43:21,28.4,48.7
05/25/2026,16:48:21,28.4,48.5
05/25/2026,16:53:21,28.4,48.4
05/25/2026,16:58:21,28.4,48.3
05/25/2026,17:03:21,28.5,48.3
05/25/2026,17:08:21,28.5,48.1
05/25/2026,17:13:21,28.5,48
05/25/2026,17:18:21,28.5,48
05/25/2026,17:23:21,28.6,48
05/25/2026,17:28:21,28.6,47.9
05/25/2026,17:33:21,28.7,47.8
05/25/2026,17:38:21,28.7,47.8
05/25/2026,17:43:21,28.8,47.6
05/25/2026,17:48:21,28.8,47.3
05/25/2026,17:53:21,29,47.2
05/25/2026,17:58:21,29.1,47.1
05/25/2026,18:03:21,29.2,46.9
05/25/2026,18:08:21,29.3,46.7
05/25/2026,18:13:21,29.4,46.6
05/25/2026,18:18:21,29.5,46.4
05/25/2026,18:23:21,29.6,46.3
05/25/2026,18:28:21,29.7,46.2
05/25/2026,18:33:21,29.8,46
05/25/2026,18:38:21,29.9,45.7
05/25/2026,18:43:21,29.8,45.5
05/25/2026,18:48:21,29.6,45.5
05/25/2026,18:53:21,29.5,45.5
05/25/2026,18:58:21,29.4,45.6
05/25/2026,19:03:21,29.3,45.6
05/25/2026,19:08:21,29.2,45.6
05/25/2026,19:13:21,29.1,45.6
05/25/2026,19:18:21,29.1,45.7
05/25/2026,19:23:21,29,45.7
05/25/2026,19:28:21,28.9,45.7
05/25/2026,19:33:21,28.8,45.7
05/25/2026,19:38:21,28.8,45.5
05/25/2026,19:43:21,28.7,45.6
05/25/2026,19:48:21,28.6,45.5
05/25/2026,19:53:21,28.6,45.4
05/25/2026,19:58:21,28.5,45.4
05/25/2026,20:03:21,28.5,45.4
05/25/2026,20:08:21,28.4,45.2
05/25/2026,20:13:21,28.4,45.2
05/25/2026,20:18:21,28.3,45.5
05/25/2026,20:23:21,28.2,45.4
05/25/2026,20:28:21,28.2,45.3
05/25/2026,20:33:21,28.1,45.1
05/25/2026,20:38:21,28.1,45.1
05/25/2026,20:43:21,28,45
05/25/2026,20:48:21,28,45
05/25/2026,20:53:21,27.9,44.9
05/25/2026,20:58:21,27.9,45
05/25/2026,21:03:21,27.8,44.8
05/25/2026,21:08:21,27.8,45
05/25/2026,21:13:21,27.8,45.1
05/25/2026,21:18:21,27.7,45.1
05/25/2026,21:23:21,27.6,45.3
05/25/2026,21:28:21,27.6,45.4
05/25/2026,21:33:21,27.6,45.6
05/25/2026,21:38:21,27.5,45.8
05/25/2026,21:43:21,27.5,45.9
05/25/2026,21:48:21,27.4,46
05/25/2026,21:53:21,27.4,46.1
05/25/2026,21:58:21,27.4,46.2
05/25/2026,22:03:21,27.3,46.2
05/25/2026,22:08:21,27.3,46.3
05/25/2026,22:13:21,27.2,46.4
05/25/2026,22:18:21,27.2,46.5
05/25/2026,22:23:21,27.2,46.6
05/25/2026,22:28:21,27.1,46.5
05/25/2026,22:33:21,27.1,46.5
05/25/2026,22:38:21,27.1,46.5
05/25/2026,22:43:21,27,46.5
05/25/2026,22:48:21,27,46.4
05/25/2026,22:53:21,27,46.4
05/25/2026,22:58:21,26.9,46.4
05/25/2026,23:03:21,26.9,46.4
05/25/2026,23:08:21,26.8,46.4
05/25/2026,23:13:21,26.8,46.3
05/25/2026,23:18:21,26.8,46.3
05/25/2026,23:23:21,26.7,46.3
05/25/2026,23:28:21,26.7,46.3
05/25/2026,23:33:21,26.7,46.2
05/25/2026,23:38:21,26.6,46.2
05/25/2026,23:43:21,26.6,46.1
05/25/2026,23:48:21,26.5,46.1
05/25/2026,23:53:21,26.5,46
05/25/2026,23:58:21,26.5,46
05/26/2026,00:03:21,26.5,46
05/26/2026,00:08:21,26.4,46
05/26/2026,00:13:21,26.4,45.9
05/26/2026,00:18:21,26.3,45.9
05/26/2026,00:23:21,26.3,45.8
05/26/2026,00:28:21,26.3,45.8
05/26/2026,00:33:21,26.2,45.8
05/26/2026,00:38:21,26.2,45.8
05/26/2026,00:43:21,26.2,45.8
05/26/2026,00:48:21,26.2,45.7
05/26/2026,00:53:21,26.1,45.7
05/26/2026,00:58:21,26.1,45.7
05/26/2026,01:03:21,26,45.7
05/26/2026,01:08:21,26,45.7
05/26/2026,01:13:21,26,45.8
05/26/2026,01:18:21,26,45.7
05/26/2026,01:23:21,25.9,45.8
05/26/2026,01:28:21,25.9,45.8
05/26/2026,01:33:21,25.9,45.8
05/26/2026,01:38:21,25.8,45.8
05/26/2026,01:43:21,25.8,45.8
05/26/2026,01:48:21,25.8,45.7
05/26/2026,01:53:21,25.8,45.7
05/26/2026,01:58:21,25.7,45.7
05/26/2026,02:03:21,25.7,45.7
05/26/2026,02:08:21,25.6,45.7
05/26/2026,02:13:21,25.6,45.7
05/26/2026,02:18:21,25.6,45.7
05/26/2026,02:23:21,25.5,45.7
05/26/2026,02:28:21,25.5,45.7
05/26/2026,02:33:21,25.5,45.7
05/26/2026,02:38:21,25.5,45.7
05/26/2026,02:43:21,25.4,45.7
05/26/2026,02:48:21,25.4,45.7
05/26/2026,02:53:21,25.4,45.7
05/26/2026,02:58:21,25.4,45.7
05/26/2026,03:03:21,25.3,45.7
05/26/2026,03:08:21,25.3,45.7
05/26/2026,03:13:21,25.3,45.7
05/26/2026,03:18:21,25.2,45.8
05/26/2026,03:23:21,25.2,45.8
05/26/2026,03:28:21,25.2,45.8
05/26/2026,03:33:21,25.2,45.9
05/26/2026,03:38:21,25.1,46
05/26/2026,03:43:21,25.1,46
05/26/2026,03:48:21,25.1,46.1
05/26/2026,03:53:21,25.1,46.2
05/26/2026,03:58:21,25,46.3
05/26/2026,04:03:21,25,46.3
05/26/2026,04:08:21,25,46.4
05/26/2026,04:13:21,25,46.4
05/26/2026,04:18:21,25,46.5
05/26/2026,04:23:21,24.9,46.6
05/26/2026,04:28:21,24.9,46.7
05/26/2026,04:33:21,24.9,46.8
05/26/2026,04:38:21,24.9,46.8
05/26/2026,04:43:21,24.9,46.9
05/26/2026,04:48:21,24.8,46.9
05/26/2026,04:53:21,24.8,47
05/26/2026,04:58:21,24.8,47.1
05/26/2026,05:03:21,24.8,47.2
05/26/2026,05:08:21,24.7,47.2
05/26/2026,05:13:21,24.7,47.3
05/26/2026,05:18:21,24.7,47.4
05/26/2026,05:23:21,24.7,47.5
05/26/2026,05:28:21,24.6,47.5
05/26/2026,05:33:21,24.6,47.6
05/26/2026,05:38:21,24.6,47.7
05/26/2026,05:43:21,24.6,47.8
05/26/2026,05:48:21,24.6,47.8
05/26/2026,05:53:21,24.5,47.9
05/26/2026,05:58:21,24.5,47.9
05/26/2026,06:03:21,24.5,48
05/26/2026,06:08:21,24.5,48
05/26/2026,06:13:21,24.5,48.1
05/26/2026,06:18:21,24.4,48.2
05/26/2026,06:23:21,24.4,48.2
05/26/2026,06:28:21,24.4,48.3
05/26/2026,06:33:21,24.4,48.3
05/26/2026,06:38:21,24.4,48.4
05/26/2026,06:43:21,24.4,48.5
05/26/2026,06:48:21,24.4,48.6
05/26/2026,06:53:21,24.4,48.6
05/26/2026,06:58:21,24.4,48.8
05/26/2026,07:03:21,24.4,48.8
05/26/2026,07:08:21,24.4,48.9
05/26/2026,07:13:21,24.5,49
05/26/2026,07:18:21,24.5,49
05/26/2026,07:23:21,24.5,49.1
05/26/2026,07:28:21,24.5,49.1
05/26/2026,07:33:21,24.5,49.2
05/26/2026,07:38:21,24.5,49.1
05/26/2026,07:43:21,24.6,49.2
05/26/2026,07:48:21,24.6,49.1
05/26/2026,07:53:21,24.6,49
05/26/2026,07:58:21,24.7,49
05/26/2026,08:03:21,24.7,49.1
05/26/2026,08:08:21,24.7,49
05/26/2026,08:13:21,24.7,49.1
05/26/2026,08:18:21,24.8,49.1
05/26/2026,08:23:21,24.8,49
05/26/2026,08:28:21,24.8,49
05/26/2026,08:33:21,24.9,49
05/26/2026,08:38:21,24.9,49
05/26/2026,08:43:21,24.9,49
05/26/2026,08:48:21,25,48.9
05/26/2026,08:53:21,25,49
05/26/2026,08:58:21,25.1,48.9
05/26/2026,09:03:21,25.1,48.9
05/26/2026,09:08:21,25.1,48.8
05/26/2026,09:13:21,25.2,48.8
05/26/2026,09:18:21,25.2,48.7
05/26/2026,09:23:21,25.2,48.7
05/26/2026,09:28:21,25.3,48.7
05/26/2026,09:33:21,25.3,48.7
05/26/2026,09:38:21,25.4,48.7
05/26/2026,09:43:21,25.4,48.7
05/26/2026,09:48:21,25.4,48.8
05/26/2026,09:53:21,25.5,48.8
05/26/2026,09:58:21,25.5,48.8
05/26/2026,10:03:21,25.5,48.8
05/26/2026,10:08:21,25.6,48.8
05/26/2026,10:13:21,25.6,48.8
05/26/2026,10:18:21,25.6,48.8
05/26/2026,10:23:21,25.7,48.9
05/26/2026,10:28:21,25.7,48.9
05/26/2026,10:33:21,25.7,48.9
05/26/2026,10:38:21,25.7,49
05/26/2026,10:43:21,25.7,48.9
05/26/2026,10:48:21,25.8,48.9
05/26/2026,10:53:21,25.8,49
05/26/2026,10:58:21,25.8,49.1
05/26/2026,11:03:21,25.9,49.1
05/26/2026,11:08:21,25.9,49.1
05/26/2026,11:13:21,26,49
05/26/2026,11:18:21,26,49.1
05/26/2026,11:23:21,26,49.1
05/26/2026,11:28:21,26,49.2
05/26/2026,11:33:21,26.1,49.3
05/26/2026,11:38:21,26.1,49.2
05/26/2026,11:43:21,26.1,49.3
05/26/2026,11:48:21,26.2,49.4
05/26/2026,11:53:21,26.2,49.5
05/26/2026,11:58:21,26.2,49.3
05/26/2026,12:03:21,26.3,49.5
05/26/2026,12:08:21,26.3,49.7
05/26/2026,12:13:21,26.3,49.7
05/26/2026,12:18:21,26.4,49.7
05/26/2026,12:23:21,26.4,49.7
05/26/2026,12:28:21,26.4,49.7
05/26/2026,12:33:21,26.5,49.9
05/26/2026,12:38:21,26.5,50
05/26/2026,12:43:21,26.6,50.1
05/26/2026,12:48:21,26.7,50.1
05/26/2026,12:53:21,26.7,50.1
05/26/2026,12:58:21,26.8,50.1
05/26/2026,13:03:21,26.9,50.2
05/26/2026,13:08:21,26.9,50.1
05/26/2026,13:13:21,27,50.1
05/26/2026,13:18:21,27.1,50.1
05/26/2026,13:23:21,27.1,50
05/26/2026,13:28:21,27.2,49.9
05/26/2026,13:33:21,27.2,49.9
05/26/2026,13:38:21,27.3,49.9
05/26/2026,13:43:21,27.3,49.9
05/26/2026,13:48:21,27.4,49.8
05/26/2026,13:53:21,27.4,49.8
05/26/2026,13:58:21,27.5,49.7
05/26/2026,14:03:21,27.5,49.7
05/26/2026,14:08:21,27.6,49.7
05/26/2026,14:13:21,27.6,49.6
05/26/2026,14:18:21,27.7,49.6
05/26/2026,14:23:21,27.8,49.6
05/26/2026,14:28:21,27.8,49.5
05/26/2026,14:33:21,27.9,49.5
05/26/2026,14:38:21,27.9,49.4
05/26/2026,14:43:21,28,49.4
05/26/2026,14:48:21,28,49.2
05/26/2026,14:53:21,28.1,49
05/26/2026,14:58:21,28.1,48.9
05/26/2026,15:03:21,28.2,48.9
05/26/2026,15:08:21,28.2,48.9
05/26/2026,15:13:21,28.3,48.8
05/26/2026,15:18:21,28.3,48.8
05/26/2026,15:23:21,28.4,48.8
05/26/2026,15:28:21,28.5,48.7
05/26/2026,15:33:21,28.5,48.9
05/26/2026,15:38:21,28.5,48.6
05/26/2026,15:43:21,28.6,48.8
05/26/2026,15:48:21,28.7,48.6
05/26/2026,15:53:21,28.7,48.7
05/26/2026,15:58:21,28.8,48.6
05/26/2026,16:03:21,28.8,48.6
05/26/2026,16:08:21,28.8,48.4
05/26/2026,16:13:21,28.9,48.5
05/26/2026,16:18:21,29,48
05/26/2026,16:23:21,29,47.9
05/26/2026,16:28:21,29,47.7
05/26/2026,16:33:21,29.1,47.6
05/26/2026,16:38:21,29.1,47.7
05/26/2026,16:43:21,29.1,47.4
05/26/2026,16:48:21,29.2,47.3
05/26/2026,16:53:21,29.2,47.3
05/26/2026,16:58:21,29.3,47.1
05/26/2026,17:03:21,29.3,47.2
05/26/2026,17:08:21,29.3,47.2
05/26/2026,17:13:21,29.4,46.9
05/26/2026,17:18:21,29.4,47
05/26/2026,17:23:21,29.4,46.9
05/26/2026,17:28:21,29.4,46.9
05/26/2026,17:33:21,29.5,46.7
05/26/2026,17:38:21,29.5,46.3
05/26/2026,17:43:21,29.6,46.3
05/26/2026,17:48:21,29.6,46.3
05/26/2026,17:53:21,29.7,46
05/26/2026,17:58:21,29.8,46.1
05/26/2026,18:03:21,29.9,45.8
05/26/2026,18:08:21,30,45.6
05/26/2026,18:13:21,30.1,45.3
05/26/2026,18:18:21,30.2,45.2
05/26/2026,18:23:21,30.3,45
05/26/2026,18:28:21,30.4,44.7
05/26/2026,18:33:21,30.5,44.7
05/26/2026,18:38:21,30.5,44.6
05/26/2026,18:43:21,30.4,44.5
05/26/2026,18:48:21,30.3,44.3
05/26/2026,18:53:21,30.2,44.5
05/26/2026,18:58:21,30.1,44.2
05/26/2026,19:03:21,30,44.7
05/26/2026,19:08:21,29.9,44.2
05/26/2026,19:13:21,29.8,44
05/26/2026,19:18:21,29.8,44.1
05/26/2026,19:23:21,29.7,44
05/26/2026,19:28:21,29.7,44.3
05/26/2026,19:33:21,29.6,44.5
05/26/2026,19:38:21,29.6,44.6
05/26/2026,19:43:21,29.6,44.7
05/26/2026,19:48:21,29.5,44.6
05/26/2026,19:53:21,29.5,44.4
05/26/2026,19:58:21,29.5,44.2
05/26/2026,20:03:21,29.4,43.9
05/26/2026,20:08:21,29.4,43.8
05/26/2026,20:13:21,29.3,43.9
05/26/2026,20:18:21,29.2,43.8
05/26/2026,20:23:21,29.2,44.1
05/26/2026,20:28:21,29.2,44.2
05/26/2026,20:33:21,29.1,44.1
05/26/2026,20:38:21,29.1,44.1
05/26/2026,20:43:21,29.1,44.2
05/26/2026,20:48:21,29,44.3
05/26/2026,20:53:21,29,44.4
05/26/2026,20:58:21,29,44.4
05/26/2026,21:03:21,29,44.5
05/26/2026,21:08:21,29,44.5
05/26/2026,21:13:21,28.9,44.8
05/26/2026,21:18:21,28.9,44.8
05/26/2026,21:23:21,28.9,44.9
05/26/2026,21:28:21,28.9,45.1
05/26/2026,21:33:21,28.8,45.1
05/26/2026,21:38:21,28.8,45.3
05/26/2026,21:43:21,28.8,45.3
05/26/2026,21:48:21,28.8,45.4
05/26/2026,21:53:21,28.7,45.4
05/26/2026,21:58:21,28.7,45.5
05/26/2026,22:03:21,28.6,45.5
05/26/2026,22:08:21,28.6,45.7
05/26/2026,22:13:21,28.6,45.8
05/26/2026,22:18:21,28.6,45.8
05/26/2026,22:23:21,28.5,45.9
05/26/2026,22:28:21,28.5,45.9
05/26/2026,22:33:21,28.5,46
05/26/2026,22:38:21,28.5,46.1
05/26/2026,22:43:21,28.4,46.1
05/26/2026,22:48:21,28.4,46.1
05/26/2026,22:53:21,28.4,46.1
05/26/2026,22:58:21,28.4,46.2
05/26/2026,23:03:21,28.3,46.2
05/26/2026,23:08:21,28.3,46.2
05/26/2026,23:13:21,28.3,46.3
05/26/2026,23:18:21,28.3,46.3
05/26/2026,23:23:21,28.2,46.4
05/26/2026,23:28:21,28.2,46.5
05/26/2026,23:33:21,28.2,46.5
05/26/2026,23:38:21,28.2,46.5
05/26/2026,23:43:21,28.1,46.6
05/26/2026,23:48:21,28.1,46.6
05/26/2026,23:53:21,28.1,46.7
05/26/2026,23:58:21,28.1,46.7
05/27/2026,00:03:21,28,46.8
05/27/2026,00:08:21,28,46.9
05/27/2026,00:13:21,27.9,46.9
05/27/2026,00:18:21,27.9,47
05/27/2026,00:23:21,27.9,47
05/27/2026,00:28:21,27.9,47.1
05/27/2026,00:33:21,27.9,47.1
05/27/2026,00:38:21,27.8,47.2
05/27/2026,00:43:21,27.8,47.3
05/27/2026,00:48:21,27.8,47.3
05/27/2026,00:53:21,27.7,47.3
05/27/2026,00:58:21,27.7,47.4
05/27/2026,01:03:21,27.7,47.4
05/27/2026,01:08:21,27.6,47.5
05/27/2026,01:13:21,27.6,47.5
05/27/2026,01:18:21,27.6,47.6
05/27/2026,01:23:21,27.6,47.6
05/27/2026,01:28:21,27.5,47.6
05/27/2026,01:33:21,27.5,47.6
05/27/2026,01:38:21,27.5,47.6
05/27/2026,01:43:21,27.5,47.4
05/27/2026,01:48:21,27.4,47.5
05/27/2026,01:53:21,27.4,47.4
05/27/2026,01:58:21,27.3,47.4
05/27/2026,02:03:21,27.3,47.5
05/27/2026,02:08:21,27.3,47.5
05/27/2026,02:13:21,27.3,47.4
05/27/2026,02:18:21,27.2,47.1
05/27/2026,02:23:21,27.2,47.3
05/27/2026,02:28:21,27.2,47.4
05/27/2026,02:33:21,27.1,47.3
05/27/2026,02:38:21,27.1,47.4
05/27/2026,02:43:21,27.1,47.5
05/27/2026,02:48:21,27,47.5
05/27/2026,02:53:21,27,47.6
05/27/2026,02:58:21,27,47.5
05/27/2026,03:03:21,27,47.6
05/27/2026,03:08:21,26.9,47.6
05/27/2026,03:13:21,26.9,47.7
05/27/2026,03:18:21,26.9,47.6
05/27/2026,03:23:21,26.8,47.7
05/27/2026,03:28:21,26.8,47.7
05/27/2026,03:33:21,26.8,47.7
05/27/2026,03:38:21,26.8,47.7
05/27/2026,03:43:21,26.7,47.8
05/27/2026,03:48:21,26.7,47.8
05/27/2026,03:53:21,26.6,47.8
05/27/2026,03:58:21,26.6,47.8
05/27/2026,04:03:21,26.6,47.8
05/27/2026,04:08:21,26.5,47.9
05/27/2026,04:13:21,26.5,47.8
05/27/2026,04:18:21,26.5,47.8
05/27/2026,04:23:21,26.5,47.8
05/27/2026,04:28:21,26.4,47.9
05/27/2026,04:33:21,26.4,47.7
05/27/2026,04:38:21,26.4,47.9
05/27/2026,04:43:21,26.3,47.8
05/27/2026,04:48:21,26.3,47.8
05/27/2026,04:53:21,26.3,47.7
05/27/2026,04:58:21,26.2,47.5
05/27/2026,05:03:21,26.2,47.6
05/27/2026,05:08:21,26.2,47.7
05/27/2026,05:13:21,26.1,47.6
05/27/2026,05:18:21,26.1,47.6
05/27/2026,05:23:21,26.1,47.6
05/27/2026,05:28:21,26,47.6
05/27/2026,05:33:21,26,47.6
05/27/2026,05:38:21,26,47.4
05/27/2026,05:43:21,26,47.5
05/27/2026,05:48:21,25.9,47.3
05/27/2026,05:53:21,25.9,47.3
05/27/2026,05:58:21,25.9,47.5
05/27/2026,06:03:21,25.9,47.2
05/27/2026,06:08:21,25.8,47.3
05/27/2026,06:13:21,25.8,47.2
05/27/2026,06:18:21,25.8,47.3
05/27/2026,06:23:21,25.8,47.3
05/27/2026,06:28:21,25.7,47.2
05/27/2026,06:33:21,25.7,47.1
05/27/2026,06:38:21,25.7,47.4
05/27/2026,06:43:21,25.7,47.3
05/27/2026,06:48:21,25.6,47.2
05/27/2026,06:53:21,25.6,47.1
05/27/2026,06:58:21,25.6,47.2
05/27/2026,07:03:21,25.6,47.2
05/27/2026,07:08:21,25.6,47.3
05/27/2026,07:13:21,25.6,47.3
05/27/2026,07:18:21,25.5,47.1
05/27/2026,07:23:21,25.6,47.2
05/27/2026,07:28:21,25.5,47.1
05/27/2026,07:33:21,25.5,47.2
05/27/2026,07:38:21,25.5,47.1
05/27/2026,07:43:21,25.5,47.2
05/27/2026,07:48:21,25.4,47.3
05/27/2026,07:53:21,25.4,47.3
05/27/2026,07:58:21,25.4,47.3
05/27/2026,08:03:21,25.4,47.2
05/27/2026,08:08:21,25.4,47.3
05/27/2026,08:13:21,25.4,47.3
05/27/2026,08:18:21,25.4,47.3
05/27/2026,08:23:21,25.4,47.4
05/27/2026,08:28:21,25.4,47.3
05/27/2026,08:33:21,25.4,47.3
05/27/2026,08:38:21,25.4,47.3
05/27/2026,08:43:21,25.4,47.1
05/27/2026,08:48:21,25.4,47.3
05/27/2026,08:53:21,25.4,47.2
05/27/2026,08:58:21,25.5,47.2
05/27/2026,09:03:21,25.5,47.3
05/27/2026,09:08:21,25.5,47.3
05/27/2026,09:13:21,25.5,47.3
05/27/2026,09:18:21,25.5,47.4
05/27/2026,09:23:21,25.5,47.4
05/27/2026,09:28:21,25.5,47.5
05/27/2026,09:33:21,25.5,47.5
05/27/2026,09:38:21,25.5,47.4
05/27/2026,09:43:21,25.5,47.2
05/27/2026,09:48:21,25.5,47
05/27/2026,09:53:21,25.4,46.9
05/27/2026,09:58:21,25.4,46.9
05/27/2026,10:03:21,25.4,46.9
05/27/2026,10:08:21,25.3,46.9
05/27/2026,10:13:21,25.3,46.8
05/27/2026,10:18:21,25.3,46.8
05/27/2026,10:23:21,25.3,46.6
05/27/2026,10:28:21,25.3,46.6
05/27/2026,10:33:21,25.2,46.5
05/27/2026,10:38:21,25.2,46.5
05/27/2026,10:43:21,25.2,46.5
05/27/2026,10:48:21,25.2,46.5
05/27/2026,10:53:21,25.2,46.5
05/27/2026,10:58:21,25.2,46.5
05/27/2026,11:03:21,25.2,46.5
05/27/2026,11:08:21,25.2,46.5
05/27/2026,11:13:21,25.2,46.6
05/27/2026,11:18:21,25.2,46.5
05/27/2026,11:23:21,25.2,46.5
05/27/2026,11:28:21,25.2,46.4
05/27/2026,11:33:21,25.2,46.4
05/27/2026,11:38:21,25.2,46.5
05/27/2026,11:43:21,25.2,46.4
05/27/2026,11:48:21,25.2,46.5
05/27/2026,11:53:21,25.2,46.5
05/27/2026,11:58:21,25.3,46.5
05/27/2026,12:03:21,25.3,46.5
05/27/2026,12:08:21,25.3,46.6
05/27/2026,12:13:21,25.3,46.6
05/27/2026,12:18:21,25.3,46.5
05/27/2026,12:23:21,25.3,46.5
05/27/2026,12:28:21,25.4,46.5
05/27/2026,12:33:21,25.4,46.4
05/27/2026,12:38:21,25.4,46.4
05/27/2026,12:43:21,25.4,46.3
05/27/2026,12:48:21,25.4,46.2
05/27/2026,12:53:21,25.3,46.2
05/27/2026,12:58:21,25.3,46.2
05/27/2026,13:03:21,25.3,46.2
05/27/2026,13:08:21,25.3,46.2
05/27/2026,13:13:21,25.3,46.2
05/27/2026,13:18:21,25.2,46.2
05/27/2026,13:23:21,25.2,46.3
05/27/2026,13:28:21,25.2,46.3
05/27/2026,13:33:21,25.2,46.3
05/27/2026,13:38:21,25.2,46.4
05/27/2026,13:43:21,25.2,46.4
05/27/2026,13:48:21,25.1,46.5
05/27/2026,13:53:21,25.2,46.6
05/27/2026,13:58:21,25.2,46.5
05/27/2026,14:03:21,25.2,46.6
05/27/2026,14:08:21,25.2,46.6
05/27/2026,14:13:21,25.3,46.5
05/27/2026,14:18:21,25.3,46.5
05/27/2026,14:23:21,25.3,46.5
05/27/2026,14:28:21,25.3,46.5
05/27/2026,14:33:21,25.4,46.4
05/27/2026,14:38:21,25.4,46.4
05/27/2026,14:43:21,25.5,46.3
05/27/2026,14:48:21,25.5,46.3
05/27/2026,14:53:21,25.5,46.1
05/27/2026,14:58:21,25.6,46.1
05/27/2026,15:03:21,25.6,46
05/27/2026,15:08:21,25.7,45.9
05/27/2026,15:13:21,25.7,45.8
05/27/2026,15:18:21,25.7,45.7
05/27/2026,15:23:21,25.8,45.6
05/27/2026,15:28:21,25.8,45.5
05/27/2026,15:33:21,25.9,45.5
05/27/2026,15:38:21,25.9,45.4
05/27/2026,15:43:21,25.9,45.4
05/27/2026,15:48:21,25.9,45.4
05/27/2026,15:53:21,26,45.4
05/27/2026,15:58:21,26,45.3
05/27/2026,16:03:21,26,45.2
05/27/2026,16:08:21,26.1,45.2
05/27/2026,16:13:21,26.1,45
05/27/2026,16:18:21,26.1,44.9
05/27/2026,16:23:21,26.1,44.8
05/27/2026,16:28:21,26.2,44.7
05/27/2026,16:33:21,26.2,44.6
05/27/2026,16:38:21,26.2,44.5
05/27/2026,16:43:21,26.2,44.3
05/27/2026,16:48:21,26.2,44
05/27/2026,16:53:21,26.2,43.8
05/27/2026,16:58:21,26.2,43.8
05/27/2026,17:03:21,26.2,43.7
05/27/2026,17:08:21,26.2,43.6
05/27/2026,17:13:21,26.2,43.5
05/27/2026,17:18:21,26.2,43.4
05/27/2026,17:23:21,26.2,43.2
05/27/2026,17:28:21,26.2,43.1
05/27/2026,17:33:21,26.2,42.9
05/27/2026,17:38:21,26.2,42.8
05/27/2026,17:43:21,26.2,42.5
05/27/2026,17:48:21,26.3,42.2
05/27/2026,17:53:21,26.3,41.8
05/27/2026,17:58:21,26.4,41.6
05/27/2026,18:03:21,26.5,41.4
05/27/2026,18:08:21,26.5,41
05/27/2026,18:13:21,26.6,40.6
05/27/2026,18:18:21,26.6,40.4
05/27/2026,18:23:21,26.7,39.9
05/27/2026,18:28:21,26.7,39.3
05/27/2026,18:33:21,26.7,39.1
05/27/2026,18:38:21,26.7,38.9
05/27/2026,18:43:21,26.6,38.3
05/27/2026,18:48:21,26.4,38
05/27/2026,18:53:21,26.2,37.7
05/27/2026,18:58:21,26,37.7
05/27/2026,19:03:21,25.8,37.8
05/27/2026,19:08:21,25.6,37.7
05/27/2026,19:13:21,25.5,37.8
05/27/2026,19:18:21,25.4,37.6
05/27/2026,19:23:21,25.3,37.7
05/27/2026,19:28:21,25.2,37.6
05/27/2026,19:33:21,25.1,37.8
05/27/2026,19:38:21,25,37.5
05/27/2026,19:43:21,24.9,37.6
05/27/2026,19:48:21,24.8,37.2
05/27/2026,19:53:21,24.7,37.3
05/27/2026,19:58:21,24.6,37.5
05/27/2026,20:03:21,24.6,37.4
05/27/2026,20:08:21,24.5,37.1
05/27/2026,20:13:21,24.4,36.9
05/27/2026,20:18:21,24.3,36.3
05/27/2026,20:23:21,24.2,36
05/27/2026,20:28:21,24.2,36.2
05/27/2026,20:33:21,24.1,36.3
05/27/2026,20:38:21,24.1,36.5
05/27/2026,20:43:21,24.1,36.5
05/27/2026,20:48:21,24.1,36.5
05/27/2026,20:53:21,24.1,36.5
05/27/2026,20:58:21,24.1,36.5
05/27/2026,21:03:21,24.1,36.4
05/27/2026,21:08:21,24.1,36.6
05/27/2026,21:13:21,24,36.7
05/27/2026,21:18:21,24,36.8
05/27/2026,21:23:21,24,36.9
05/27/2026,21:28:21,24,37
05/27/2026,21:33:21,24,37
05/27/2026,21:38:21,24,37.1
05/27/2026,21:43:21,24,37.2
05/27/2026,21:48:21,23.9,37.4
05/27/2026,21:53:21,23.9,37.4
05/27/2026,21:58:21,23.9,37.6
05/27/2026,22:03:21,23.9,37.7
05/27/2026,22:08:21,23.8,37.8
05/27/2026,22:13:21,23.8,37.9
05/27/2026,22:18:21,23.8,38
05/27/2026,22:23:21,23.8,38.2
05/27/2026,22:28:21,23.8,38.3
05/27/2026,22:33:21,23.7,38.5
05/27/2026,22:38:21,23.7,38.6
05/27/2026,22:43:21,23.7,38.9
05/27/2026,22:48:21,23.7,39
05/27/2026,22:53:21,23.6,39.2
05/27/2026,22:58:21,23.6,39.4
05/27/2026,23:03:21,23.6,39.6
05/27/2026,23:08:21,23.6,39.8
05/27/2026,23:13:21,23.5,40
05/27/2026,23:18:21,23.5,40.2
05/27/2026,23:23:21,23.5,40.3
05/27/2026,23:28:21,23.5,40.5
05/27/2026,23:33:21,23.4,40.6
05/27/2026,23:38:21,23.4,40.7
05/27/2026,23:43:21,23.4,40.8
05/27/2026,23:48:21,23.3,41
05/27/2026,23:53:21,23.3,41.1
05/27/2026,23:58:21,23.3,41.1
05/28/2026,00:03:21,23.3,41.3
05/28/2026,00:08:21,23.2,41.4
05/28/2026,00:13:21,23.2,41.5
05/28/2026,00:18:21,23.2,41.6
05/28/2026,00:23:21,23.2,41.7
05/28/2026,00:28:21,23.1,41.8
05/28/2026,00:33:21,23.1,41.9
05/28/2026,00:38:21,23.1,41.9
05/28/2026,00:43:21,23.1,42.1
05/28/2026,00:48:21,23.1,42.2
05/28/2026,00:53:21,23,42.2
05/28/2026,00:58:21,23,42.3
05/28/2026,01:03:21,23,42.4
05/28/2026,01:08:21,22.9,42.4
05/28/2026,01:13:21,22.9,42.5
05/28/2026,01:18:21,22.9,42.6
05/28/2026,01:23:21,22.9,42.7
05/28/2026,01:28:21,22.9,42.7
05/28/2026,01:33:21,22.8,42.8
05/28/2026,01:38:21,22.8,42.9
05/28/2026,01:43:21,22.8,42.9
05/28/2026,01:48:21,22.8,43
05/28/2026,01:53:21,22.7,43
05/28/2026,01:58:21,22.7,43.1
05/28/2026,02:03:21,22.7,43.2
05/28/2026,02:08:21,22.6,43.2
05/28/2026,02:13:21,22.6,43.3
05/28/2026,02:18:21,22.5,43.4
05/28/2026,02:23:21,22.5,43.5
05/28/2026,02:28:21,22.5,43.7
05/28/2026,02:33:21,22.4,43.7
05/28/2026,02:38:21,22.4,43.8
05/28/2026,02:43:21,22.4,43.9
05/28/2026,02:48:21,22.3,44
05/28/2026,02:53:21,22.3,44
05/28/2026,02:58:21,22.3,44.2
05/28/2026,03:03:21,22.3,44.3
05/28/2026,03:08:21,22.3,44.3
05/28/2026,03:13:21,22.2,44.4
05/28/2026,03:18:21,22.3,44.5
05/28/2026,03:23:21,22.2,44.6
05/28/2026,03:28:21,22.2,44.6
05/28/2026,03:33:21,22.2,44.7
05/28/2026,03:38:21,22.2,44.8
05/28/2026,03:43:21,22.2,44.9
05/28/2026,03:48:21,22.1,45
05/28/2026,03:53:21,22.1,45
05/28/2026,03:58:21,22.1,45.1
05/28/2026,04:03:21,22.1,45.2
05/28/2026,04:08:21,22.1,45.2
05/28/2026,04:13:21,22,45.3
05/28/2026,04:18:21,22,45.4
05/28/2026,04:23:21,22,45.5
05/28/2026,04:28:21,22,45.5
05/28/2026,04:33:21,22,45.6
05/28/2026,04:38:21,21.9,45.7
05/28/2026,04:43:21,21.9,45.7
05/28/2026,04:48:21,21.9,45.8
05/28/2026,04:53:21,21.9,45.9
05/28/2026,04:58:21,21.9,45.9
05/28/2026,05:03:21,21.9,46
05/28/2026,05:08:21,21.8,46.1
05/28/2026,05:13:21,21.9,46.1
05/28/2026,05:18:21,21.8,46.2
05/28/2026,05:23:21,21.8,46.3
05/28/2026,05:28:21,21.8,46.4
05/28/2026,05:33:21,21.8,46.4
05/28/2026,05:38:21,21.8,46.6
05/28/2026,05:43:21,21.8,46.7
05/28/2026,05:48:21,21.7,46.9
05/28/2026,05:53:21,21.7,46.9
05/28/2026,05:58:21,21.7,47
05/28/2026,06:03:21,21.7,47.1
05/28/2026,06:08:21,21.7,47.2
05/28/2026,06:13:21,21.7,47.3
05/28/2026,06:18:21,21.6,47.3
05/28/2026,06:23:21,21.6,47.4
05/28/2026,06:28:21,21.6,47.5
05/28/2026,06:33:21,21.6,47.6
05/28/2026,06:38:21,21.6,47.6
05/28/2026,06:43:21,21.6,47.7
05/28/2026,06:48:21,21.6,47.8
05/28/2026,06:53:21,21.6,47.9
05/28/2026,06:58:21,21.6,47.9
05/28/2026,07:03:21,21.6,48
05/28/2026,07:08:21,21.6,48
05/28/2026,07:13:21,21.6,48.2
05/28/2026,07:18:21,21.6,48.2
05/28/2026,07:23:21,21.6,48.3
05/28/2026,07:28:21,21.6,48.4
05/28/2026,07:33:21,21.6,48.5
05/28/2026,07:38:21,21.6,48.5
05/28/2026,07:43:21,21.6,48.7
05/28/2026,07:48:21,21.6,48.8
05/28/2026,07:53:21,21.6,48.8
05/28/2026,07:58:21,21.7,48.9
05/28/2026,08:03:21,21.7,49
05/28/2026,08:08:21,21.7,49
05/28/2026,08:13:21,21.7,49
05/28/2026,08:18:21,21.8,49.1
05/28/2026,08:23:21,21.8,49.1
05/28/2026,08:28:21,21.8,49.2
05/28/2026,08:33:21,21.8,49.2
05/28/2026,08:38:21,21.9,49.1
05/28/2026,08:43:21,21.9,49.3
05/28/2026,08:48:21,21.9,49.4
05/28/2026,08:53:21,22,49.6
05/28/2026,08:58:21,22,49.4
05/28/2026,09:03:21,22,49.3
05/28/2026,09:08:21,22,49.6
05/28/2026,09:13:21,22.1,49.7
05/28/2026,09:18:21,22.1,50
05/28/2026,09:23:21,22.1,50.2
05/28/2026,09:28:21,22.2,50.3
05/28/2026,09:33:21,22.2,50.4
05/28/2026,09:38:21,22.2,50.4
05/28/2026,09:43:21,22.3,50.5
05/28/2026,09:48:21,22.3,50.5
05/28/2026,09:53:21,22.4,50.5
05/28/2026,09:58:21,22.4,50.5
05/28/2026,10:03:21,22.5,50.6
05/28/2026,10:08:21,22.5,50.6
05/28/2026,10:13:21,22.6,50.6
05/28/2026,10:18:21,22.6,50.5
05/28/2026,10:23:21,22.7,50.4
05/28/2026,10:28:21,22.8,50.3
05/28/2026,10:33:21,22.8,50.3
05/28/2026,10:38:21,22.8,50.3
05/28/2026,10:43:21,22.9,50.2
05/28/2026,10:48:21,23,50.2
05/28/2026,10:53:21,23,50.1
05/28/2026,10:58:21,23.1,50
05/28/2026,11:03:21,23.1,50
05/28/2026,11:08:21,23.2,49.9
05/28/2026,11:13:21,23.2,49.9
05/28/2026,11:18:21,23.2,49.7
05/28/2026,11:23:21,23.3,49.7
05/28/2026,11:28:21,23.3,49.7
05/28/2026,11:33:21,23.4,49.6
05/28/2026,11:38:21,23.4,49.5
05/28/2026,11:43:21,23.5,49.5
05/28/2026,11:48:21,23.5,49.4
05/28/2026,11:53:21,23.5,49.4
05/28/2026,11:58:21,23.6,49.4
05/28/2026,12:03:21,23.6,49.3
05/28/2026,12:08:21,23.7,49.3
05/28/2026,12:13:21,23.8,49.2
05/28/2026,12:18:21,23.8,49.2
05/28/2026,12:23:21,23.9,49.2
05/28/2026,12:28:21,24,49.2
05/28/2026,12:33:21,24,49.2
05/28/2026,12:38:21,24.1,49.2
05/28/2026,12:43:21,24.1,49.2
05/28/2026,12:48:21,24.2,49.3
05/28/2026,12:53:21,24.2,49.4
05/28/2026,12:58:21,24.3,49.6
05/28/2026,13:03:21,24.4,49.7
05/28/2026,13:08:21,24.5,49.9
05/28/2026,13:13:21,24.6,49.9
05/28/2026,13:18:21,24.6,50
05/28/2026,13:23:21,24.7,50
05/28/2026,13:28:21,24.8,50
05/28/2026,13:33:21,24.8,50.1
05/28/2026,13:38:21,24.9,50.2
05/28/2026,13:43:21,24.9,50.2
05/28/2026,13:48:21,25,50.2
05/28/2026,13:53:21,25,50.4
05/28/2026,13:58:21,25,50.4
05/28/2026,14:03:21,25.1,50.5
05/28/2026,14:08:21,25.1,50.6
05/28/2026,14:13:21,25.2,50.6
05/28/2026,14:18:21,25.2,50.6
05/28/2026,14:23:21,25.2,50.6
05/28/2026,14:28:21,25.3,50.6
05/28/2026,14:33:21,25.3,50.7
05/28/2026,14:38:21,25.3,50.8
05/28/2026,14:43:21,25.4,50.8
05/28/2026,14:48:21,25.4,50.9
05/28/2026,14:53:21,25.4,50.8
05/28/2026,14:58:21,25.4,50.8
05/28/2026,15:03:21,25.5,51
05/28/2026,15:08:21,25.5,51.1
05/28/2026,15:13:21,25.5,51.1
05/28/2026,15:18:21,25.5,51.2
05/28/2026,15:23:21,25.5,51.3
05/28/2026,15:28:21,25.5,51.3
05/28/2026,15:33:21,25.5,51.4
05/28/2026,15:38:21,25.5,51.5
05/28/2026,15:43:21,25.6,51.6
05/28/2026,15:48:21,25.6,51.8
05/28/2026,15:53:21,25.6,51.6
05/28/2026,15:58:21,25.6,51.7
05/28/2026,16:03:21,25.6,51.8
05/28/2026,16:08:21,25.6,52
05/28/2026,16:13:21,25.6,52.1
05/28/2026,16:18:21,25.6,52.2
05/28/2026,16:23:21,25.6,52.2
05/28/2026,16:28:21,25.6,52.2
05/28/2026,16:33:21,25.6,52.3
05/28/2026,16:38:21,25.7,52.3
05/28/2026,16:43:21,25.7,52.3
05/28/2026,16:48:21,25.7,52.4
05/28/2026,16:53:21,25.7,52.5
05/28/2026,16:58:21,25.7,52.5
05/28/2026,17:03:21,25.7,52.5
05/28/2026,17:08:21,25.7,52.6
05/28/2026,17:13:21,25.7,52.7
05/28/2026,17:18:21,25.7,52.6
05/28/2026,17:23:21,25.7,52.5
05/28/2026,17:28:21,25.7,52.6
05/28/2026,17:33:21,25.7,52.7
05/28/2026,17:38:21,25.7,52.7
05/28/2026,17:43:21,25.7,52.8
05/28/2026,17:48:21,25.7,52.8
05/28/2026,17:53:21,25.7,52.8
05/28/2026,17:58:21,25.7,52.8
05/28/2026,18:03:21,25.8,52.8
05/28/2026,18:08:21,25.8,52.9
05/28/2026,18:13:21,25.9,52.9
05/28/2026,18:18:21,25.9,52.8
05/28/2026,18:23:21,25.9,52.8
05/28/2026,18:28:21,25.9,52.9
05/28/2026,18:33:21,25.9,52.9
05/28/2026,18:38:21,25.9,53
05/28/2026,18:43:21,25.9,53
05/28/2026,18:48:21,25.9,53.1
05/28/2026,18:53:21,25.9,53.2
05/28/2026,18:58:21,25.8,53.3
05/28/2026,19:03:21,25.9,53.3
05/28/2026,19:08:21,25.9,53.3
05/28/2026,19:13:21,25.8,53.3
05/28/2026,19:18:21,25.9,53.3
05/28/2026,19:23:21,25.8,53.4
05/28/2026,19:28:21,25.8,53.5
05/28/2026,19:33:21,25.8,53.5
05/28/2026,19:38:21,25.8,53.6
05/28/2026,19:43:21,25.8,53.7
05/28/2026,19:48:21,25.8,53.8
05/28/2026,19:53:21,25.8,54
05/28/2026,19:58:21,25.7,54
05/28/2026,20:03:21,25.7,54
05/28/2026,20:08:21,25.7,54
05/28/2026,20:13:21,25.7,54.2
05/28/2026,20:18:21,25.7,54.1
05/28/2026,20:23:21,25.7,54.2
05/28/2026,20:28:21,25.6,54.2
05/28/2026,20:33:21,25.6,54.3
05/28/2026,20:38:21,25.6,54.4
05/28/2026,20:43:21,25.6,54.5
05/28/2026,20:48:21,25.6,54.6
05/28/2026,20:53:21,25.5,54.7
05/28/2026,20:58:21,25.5,54.7
05/28/2026,21:03:21,25.5,54.8
05/28/2026,21:08:21,25.5,54.9
05/28/2026,21:13:21,25.5,55
05/28/2026,21:18:21,25.4,55
05/28/2026,21:23:21,25.4,55
05/28/2026,21:28:21,25.4,55.2
05/28/2026,21:33:21,25.4,55.1
05/28/2026,21:38:21,25.3,55.2
05/28/2026,21:43:21,25.3,55.3
05/28/2026,21:48:21,25.3,55.3
05/28/2026,21:53:21,25.3,55.1
05/28/2026,21:58:21,25.3,55.3
05/28/2026,22:03:21,25.3,55.2
05/28/2026,22:08:21,25.2,55.3
05/28/2026,22:13:21,25.2,55.3
05/28/2026,22:18:21,25.2,55.3
05/28/2026,22:23:21,25.2,55.4
05/28/2026,22:28:21,25.2,55.4
05/28/2026,22:33:21,25.1,55.3
05/28/2026,22:38:21,25.1,55.3
05/28/2026,22:43:21,25.1,55.3
05/28/2026,22:48:21,25.1,55.3
05/28/2026,22:53:21,25.1,55.3
05/28/2026,22:58:21,25,55.2
05/28/2026,23:03:21,25,55.2
05/28/2026,23:08:21,25,55.1
05/28/2026,23:13:21,25,55
05/28/2026,23:18:21,25,55
05/28/2026,23:23:21,25,55
05/28/2026,23:28:21,24.9,54.9
05/28/2026,23:33:21,24.9,54.8
05/28/2026,23:38:21,24.9,54.7
05/28/2026,23:43:21,24.8,54.6
05/28/2026,23:48:21,24.8,54.5
05/28/2026,23:53:21,24.8,54.4
05/28/2026,23:58:21,24.8,54.3
05/29/2026,00:03:21,24.8,54.3
05/29/2026,00:08:21,24.7,54.2
05/29/2026,00:13:21,24.7,54.2
05/29/2026,00:18:21,24.7,54
05/29/2026,00:23:21,24.7,54
05/29/2026,00:28:21,24.7,53.9
05/29/2026,00:33:21,24.6,53.9
05/29/2026,00:38:21,24.6,53.7
05/29/2026,00:43:21,24.6,53.7
05/29/2026,00:48:21,24.6,53.6
05/29/2026,00:53:21,24.6,53.6
05/29/2026,00:58:21,24.6,53.5
05/29/2026,01:03:21,24.6,53.5
05/29/2026,01:08:21,24.6,53.5
05/29/2026,01:13:21,24.5,53.4
05/29/2026,01:18:21,24.5,53.3
05/29/2026,01:23:21,24.5,53.2
05/29/2026,01:28:21,24.5,53.2
05/29/2026,01:33:21,24.4,53.1
05/29/2026,01:38:21,24.4,53
05/29/2026,01:43:21,24.4,52.9
05/29/2026,01:48:21,24.4,52.8
05/29/2026,01:53:21,24.4,52.7
05/29/2026,01:58:21,24.3,52.6
05/29/2026,02:03:21,24.3,52.6
05/29/2026,02:08:21,24.3,52.6
05/29/2026,02:13:21,24.3,52.5
05/29/2026,02:18:21,24.2,52.4
05/29/2026,02:23:21,24.2,52.4
05/29/2026,02:28:21,24.2,52.4
05/29/2026,02:33:21,24.2,52.5
05/29/2026,02:38:21,24.1,52.5
05/29/2026,02:43:21,24.1,52.6
05/29/2026,02:48:21,24,52.7
05/29/2026,02:53:21,24,52.8
05/29/2026,02:58:21,24,52.8
05/29/2026,03:03:21,24,52.9
05/29/2026,03:08:21,24,52.9
05/29/2026,03:13:21,24,53
05/29/2026,03:18:21,24,53.1
05/29/2026,03:23:21,23.9,53.1
05/29/2026,03:28:21,23.9,53.2
05/29/2026,03:33:21,23.9,53.2
05/29/2026,03:38:21,23.9,53.3
05/29/2026,03:43:21,23.9,53.3
05/29/2026,03:48:21,23.8,53.4
05/29/2026,03:53:21,23.8,53.4
05/29/2026,03:58:21,23.8,53.5
05/29/2026,04:03:21,23.8,53.6
05/29/2026,04:08:21,23.7,53.6
05/29/2026,04:13:21,23.7,53.7
05/29/2026,04:18:21,23.7,53.8
05/29/2026,04:23:21,23.7,53.8
05/29/2026,04:28:21,23.7,53.9
05/29/2026,04:33:21,23.6,53.9
05/29/2026,04:38:21,23.6,53.9
05/29/2026,04:43:21,23.6,54
05/29/2026,04:48:21,23.6,54.1
05/29/2026,04:53:21,23.5,54.1
05/29/2026,04:58:21,23.5,54.1
05/29/2026,05:03:21,23.5,54.2
05/29/2026,05:08:21,23.5,54.2
05/29/2026,05:13:21,23.5,54.2
05/29/2026,05:18:21,23.4,54.3
05/29/2026,05:23:21,23.4,54.3
05/29/2026,05:28:21,23.4,54.4
05/29/2026,05:33:21,23.4,54.5
05/29/2026,05:38:21,23.4,54.5
05/29/2026,05:43:21,23.3,54.6
05/29/2026,05:48:21,23.3,54.6
05/29/2026,05:53:21,23.3,54.6
05/29/2026,05:58:21,23.3,54.6
05/29/2026,06:03:21,23.3,54.7
05/29/2026,06:08:21,23.2,54.7
05/29/2026,06:13:21,23.2,54.7
05/29/2026,06:18:21,23.2,54.7
05/29/2026,06:23:21,23.2,54.7
05/29/2026,06:28:21,23.2,54.8
05/29/2026,06:33:21,23.2,54.8
05/29/2026,06:38:21,23.2,54.9
05/29/2026,06:43:21,23.2,54.8
05/29/2026,06:48:21,23.2,54.7
05/29/2026,06:53:21,23.2,54.8
05/29/2026,06:58:21,23.2,54.8
05/29/2026,07:03:21,23.2,54.7
05/29/2026,07:08:21,23.2,54.8
05/29/2026,07:13:21,23.2,54.7
05/29/2026,07:18:21,23.2,54.7
05/29/2026,07:23:21,23.2,54.6
05/29/2026,07:28:21,23.2,54.6
05/29/2026,07:33:21,23.2,54.5
05/29/2026,07:38:21,23.2,54.6
05/29/2026,07:43:21,23.2,54.5
05/29/2026,07:48:21,23.1,54.5
05/29/2026,07:53:21,23.1,54.5
05/29/2026,07:58:21,23.1,54.5
05/29/2026,08:03:21,23.1,54.5
05/29/2026,08:08:21,23.1,54.5
05/29/2026,08:13:21,23.1,54.4
05/29/2026,08:18:21,23.1,54.4
05/29/2026,08:23:21,23.1,54.4
05/29/2026,08:28:21,23.1,54.3
05/29/2026,08:33:21,23.1,54.2
05/29/2026,08:38:21,23.1,54.3
05/29/2026,08:43:21,23.1,54.3
05/29/2026,08:48:21,23.1,54.2
05/29/2026,08:53:21,23.1,54.1
05/29/2026,08:58:21,23.1,54.1
05/29/2026,09:03:21,23.1,54.1
05/29/2026,09:08:21,23.1,54
05/29/2026,09:13:21,23.1,54
05/29/2026,09:18:21,23.1,54.1
05/29/2026,09:23:21,23.1,54.1
05/29/2026,09:28:21,23.1,54
05/29/2026,09:33:21,23.1,54
05/29/2026,09:38:21,23.1,53.8
05/29/2026,09:43:21,23.1,53.7
05/29/2026,09:48:21,23.1,53.6
05/29/2026,09:53:21,23.1,53.5
05/29/2026,09:58:21,23.1,53.5
05/29/2026,10:03:21,23.1,53.4
05/29/2026,10:08:21,23.1,53.3
05/29/2026,10:13:21,23.1,53.3
05/29/2026,10:18:21,23.1,53.3
05/29/2026,10:23:21,23.1,53.3
05/29/2026,10:28:21,23.1,53.2
05/29/2026,10:33:21,23.2,53.3
05/29/2026,10:38:21,23.2,53.3
05/29/2026,10:43:21,23.2,53
05/29/2026,10:48:21,23.2,53
05/29/2026,10:53:21,23.2,53
05/29/2026,10:58:21,23.2,52.9
05/29/2026,11:03:21,23.2,52.7
05/29/2026,11:08:21,23.2,52.4
05/29/2026,11:13:21,23.3,52
05/29/2026,11:18:21,23.3,52.1
05/29/2026,11:23:21,23.3,51.7
05/29/2026,11:28:21,23.3,51.7
05/29/2026,11:33:21,23.3,51.7
05/29/2026,11:38:21,23.3,51.6
05/29/2026,11:43:21,23.3,51.5
05/29/2026,11:48:21,23.4,51.4
05/29/2026,11:53:21,23.4,51.2
05/29/2026,11:58:21,23.4,51
05/29/2026,12:03:21,23.4,50.8
05/29/2026,12:08:21,23.4,50.7
05/29/2026,12:13:21,23.5,50.6
05/29/2026,12:18:21,23.5,50.6
05/29/2026,12:23:21,23.5,50.4
05/29/2026,12:28:21,23.5,50.6
05/29/2026,12:33:21,23.5,50.6
05/29/2026,12:38:21,23.5,50.7
05/29/2026,12:43:21,23.6,50.6
05/29/2026,12:48:21,23.6,50.6
05/29/2026,12:53:21,23.6,50.6
05/29/2026,12:58:21,23.6,50.3
05/29/2026,13:03:21,23.7,50.3
05/29/2026,13:08:21,23.7,50.1
05/29/2026,13:13:21,23.7,49.9
05/29/2026,13:18:21,23.8,49.7
05/29/2026,13:23:21,23.8,49.8
05/29/2026,13:28:21,23.8,49.9
05/29/2026,13:33:21,23.8,49.8
05/29/2026,13:38:21,23.9,49.8
05/29/2026,13:43:21,23.9,49.8
05/29/2026,13:48:21,23.9,49.6
05/29/2026,13:53:21,23.9,49.6
05/29/2026,13:58:21,23.9,49.4
05/29/2026,14:03:21,24,49.2
05/29/2026,14:08:21,23.9,49
05/29/2026,14:13:21,23.9,48.9
05/29/2026,14:18:21,24,48.9
05/29/2026,14:23:21,24,48.7
05/29/2026,14:28:21,24,48.6
05/29/2026,14:33:21,24,48.6
05/29/2026,14:38:21,24,48.6
05/29/2026,14:43:21,24.1,48.7
05/29/2026,14:48:21,24.1,48.7
05/29/2026,14:53:21,24.1,48.7
05/29/2026,14:58:21,24.1,48.6
05/29/2026,15:03:21,24.1,48.6
05/29/2026,15:08:21,24.1,48.3
05/29/2026,15:13:21,24.1,48.2
05/29/2026,15:18:21,24.1,48.1
05/29/2026,15:23:21,24.1,48
05/29/2026,15:28:21,24.1,48
05/29/2026,15:33:21,24.1,47.8
05/29/2026,15:38:21,24.1,47.9
05/29/2026,15:43:21,24.1,47.8
05/29/2026,15:48:21,24.1,47.7
05/29/2026,15:53:21,24.1,47.7
05/29/2026,15:58:21,24.1,47.6
05/29/2026,16:03:21,24.1,47.6
05/29/2026,16:08:21,24.2,47.4
05/29/2026,16:13:21,24.2,47.4
05/29/2026,16:18:21,24.2,47.3
05/29/2026,16:23:21,24.2,47.1
05/29/2026,16:28:21,24.2,46.7
05/29/2026,16:33:21,24.3,46.7
05/29/2026,16:38:21,24.3,46.7
05/29/2026,16:43:21,24.4,46.2
05/29/2026,16:48:21,24.4,46.2
05/29/2026,16:53:21,24.4,46.1
05/29/2026,16:58:21,24.4,45.7
05/29/2026,17:03:21,24.5,45.7
05/29/2026,17:08:21,24.5,45.4
05/29/2026,17:13:21,24.5,45.2
05/29/2026,17:18:21,24.5,45.2
05/29/2026,17:23:21,24.5,45.1
05/29/2026,17:28:21,24.6,44.8
05/29/2026,17:33:21,24.6,44.7
05/29/2026,17:38:21,24.7,44.4
05/29/2026,17:43:21,24.8,44.2
05/29/2026,17:48:21,24.9,44.1
05/29/2026,17:53:21,25,44
05/29/2026,17:58:21,25.1,44
05/29/2026,18:03:21,25.3,44
05/29/2026,18:08:21,25.4,43.8
05/29/2026,18:13:21,25.5,43.7
05/29/2026,18:18:21,25.7,43.6
05/29/2026,18:23:21,25.9,43.5
05/29/2026,18:28:21,26,43.3
05/29/2026,18:33:21,26.2,43.2
05/29/2026,18:38:21,26.3,42.9
05/29/2026,18:43:21,26.5,42.7
05/29/2026,18:48:21,26.5,42.4
05/29/2026,18:53:21,26.4,42.5
05/29/2026,18:58:21,26.2,42.8
05/29/2026,19:03:21,26,42.9
05/29/2026,19:08:21,25.8,43.3
05/29/2026,19:13:21,25.7,43.3
05/29/2026,19:18:21,25.6,43.4
05/29/2026,19:23:21,25.5,43.5
05/29/2026,19:28:21,25.5,43.9
05/29/2026,19:33:21,25.5,44.2
05/29/2026,19:38:21,25.4,44.1
05/29/2026,19:43:21,25.4,44.4
05/29/2026,19:48:21,25.3,44.4
05/29/2026,19:53:21,25.3,44.6
05/29/2026,19:58:21,25.3,44.7
05/29/2026,20:03:21,25.2,44.7
05/29/2026,20:08:21,25.2,44.8
05/29/2026,20:13:21,25.2,44.8
05/29/2026,20:18:21,25.2,45
05/29/2026,20:23:21,25.1,45
05/29/2026,20:28:21,25.1,45
05/29/2026,20:33:21,25.1,45.1
05/29/2026,20:38:21,25.1,45.2
05/29/2026,20:43:21,25.1,45.2
05/29/2026,20:48:21,25.1,45.2
05/29/2026,20:53:21,25.1,45.3
05/29/2026,20:58:21,25.1,45.3
05/29/2026,21:03:21,25,45.3
05/29/2026,21:08:21,25,45.3
05/29/2026,21:13:21,25,45.3
05/29/2026,21:18:21,25,45.3
05/29/2026,21:23:21,24.9,45.4
05/29/2026,21:28:21,24.9,45.2
05/29/2026,21:33:21,24.9,45.2
05/29/2026,21:38:21,24.9,45.2
05/29/2026,21:43:21,24.9,45.4
05/29/2026,21:48:21,24.9,45.4
05/29/2026,21:53:21,24.8,45.4
05/29/2026,21:58:21,24.8,45.4
05/29/2026,22:03:21,24.8,45.5
05/29/2026,22:08:21,24.8,45.5
05/29/2026,22:13:21,24.7,45.5
05/29/2026,22:18:21,24.7,45.6
05/29/2026,22:23:21,24.7,45.6
05/29/2026,22:28:21,24.6,45.7
05/29/2026,22:33:21,24.6,45.8
05/29/2026,22:38:21,24.6,45.8
05/29/2026,22:43:21,24.6,45.8
05/29/2026,22:48:21,24.5,45.8
05/29/2026,22:53:21,24.5,45.9
05/29/2026,22:58:21,24.5,46
05/29/2026,23:03:21,24.5,46.1
05/29/2026,23:08:21,24.4,46.1
05/29/2026,23:13:21,24.4,46.1
05/29/2026,23:18:21,24.4,46.2
05/29/2026,23:23:21,24.4,46.2
05/29/2026,23:28:21,24.3,46.2
05/29/2026,23:33:21,24.3,46.3
05/29/2026,23:38:21,24.3,46.3
05/29/2026,23:43:21,24.2,46.3
05/29/2026,23:48:21,24.2,46.4
05/29/2026,23:53:21,24.2,46.4
05/29/2026,23:58:21,24.2,46.5
05/30/2026,00:03:21,24.2,46.5
05/30/2026,00:08:21,24.1,46.5
05/30/2026,00:13:21,24.1,46.6
05/30/2026,00:18:21,24.1,46.6
05/30/2026,00:23:21,24.1,46.6
05/30/2026,00:28:21,24,46.7
05/30/2026,00:33:21,24,46.7
05/30/2026,00:38:21,24,46.8
05/30/2026,00:43:21,24,46.8
05/30/2026,00:48:21,23.9,46.8
05/30/2026,00:53:21,23.9,46.9
05/30/2026,00:58:21,23.9,46.9
05/30/2026,01:03:21,23.9,46.9
05/30/2026,01:08:21,23.9,46.9
05/30/2026,01:13:21,23.8,46.9
05/30/2026,01:18:21,23.8,46.9
05/30/2026,01:23:21,23.8,46.9
05/30/2026,01:28:21,23.8,47
05/30/2026,01:33:21,23.7,47
05/30/2026,01:38:21,23.7,47
05/30/2026,01:43:21,23.7,46.9
05/30/2026,01:48:21,23.7,46.9
05/30/2026,01:53:21,23.6,46.9
05/30/2026,01:58:21,23.6,46.9
05/30/2026,02:03:21,23.6,46.9
05/30/2026,02:08:21,23.6,46.9
05/30/2026,02:13:21,23.5,46.9
05/30/2026,02:18:21,23.5,46.9
05/30/2026,02:23:21,23.5,46.9
05/30/2026,02:28:21,23.5,46.8
05/30/2026,02:33:21,23.4,46.8
05/30/2026,02:38:21,23.4,46.7
05/30/2026,02:43:21,23.4,46.7
05/30/2026,02:48:21,23.4,46.6
05/30/2026,02:53:21,23.3,46.8
05/30/2026,02:58:21,23.3,46.6
05/30/2026,03:03:21,23.3,46.5
05/30/2026,03:08:21,23.3,46.6
05/30/2026,03:13:21,23.2,46.5
05/30/2026,03:18:21,23.2,46.4
05/30/2026,03:23:21,23.2,46.3
05/30/2026,03:28:21,23.2,46.3
05/30/2026,03:33:21,23.1,46.3
05/30/2026,03:38:21,23.1,46.2
05/30/2026,03:43:21,23.1,46.1
05/30/2026,03:48:21,23.1,46.2
05/30/2026,03:53:21,23,46.2
05/30/2026,03:58:21,23,45.9
05/30/2026,04:03:21,23,46
05/30/2026,04:08:21,22.9,45.9
05/30/2026,04:13:21,22.9,46
05/30/2026,04:18:21,22.9,45.9
05/30/2026,04:23:21,22.8,46
05/30/2026,04:28:21,22.8,45.8
05/30/2026,04:33:21,22.8,45.9
05/30/2026,04:38:21,22.8,45.9
05/30/2026,04:43:21,22.7,46.1
05/30/2026,04:48:21,22.7,46
05/30/2026,04:53:21,22.7,45.9
05/30/2026,04:58:21,22.7,46.1
05/30/2026,05:03:21,22.6,46.1
05/30/2026,05:08:21,22.6,46
05/30/2026,05:13:21,22.6,46
05/30/2026,05:18:21,22.6,46
05/30/2026,05:23:21,22.5,46.1
05/30/2026,05:28:21,22.5,46.1
05/30/2026,05:33:21,22.5,46.1
05/30/2026,05:38:21,22.5,46.2
05/30/2026,05:43:21,22.5,46.3
05/30/2026,05:48:21,22.4,46.3
05/30/2026,05:53:21,22.4,46.3
05/30/2026,05:58:21,22.4,46.3
05/30/2026,06:03:21,22.4,46.4
05/30/2026,06:08:21,22.4,46.3
05/30/2026,06:13:21,22.4,46.4
05/30/2026,06:18:21,22.4,46.5
05/30/2026,06:23:21,22.4,46.5
05/30/2026,06:28:21,22.4,46.5
05/30/2026,06:33:21,22.4,46.6
05/30/2026,06:38:21,22.4,46.5
05/30/2026,06:43:21,22.4,46.7
05/30/2026,06:48:21,22.4,46.7
05/30/2026,06:53:21,22.4,46.7
05/30/2026,06:58:21,22.5,46.7
05/30/2026,07:03:21,22.5,46.7
05/30/2026,07:08:21,22.5,46.7
05/30/2026,07:13:21,22.5,46.7
05/30/2026,07:18:21,22.5,46.8
05/30/2026,07:23:21,22.5,46.7
05/30/2026,07:28:21,22.5,46.7
05/30/2026,07:33:21,22.5,46.8
05/30/2026,07:38:21,22.5,46.8
05/30/2026,07:43:21,22.6,46.8
05/30/2026,07:48:21,22.6,46.9
05/30/2026,07:53:21,22.6,46.9
05/30/2026,07:58:21,22.6,46.9
05/30/2026,08:03:21,22.6,46.9
05/30/2026,08:08:21,22.6,46.9
05/30/2026,08:13:21,22.6,46.9
05/30/2026,08:18:21,22.7,46.9
05/30/2026,08:23:21,22.7,46.9
05/30/2026,08:28:21,22.7,47
05/30/2026,08:33:21,22.8,47
05/30/2026,08:38:21,22.8,47
05/30/2026,08:43:21,22.8,47
05/30/2026,08:48:21,22.8,47
05/30/2026,08:53:21,22.8,47
05/30/2026,08:58:21,22.8,47.1
05/30/2026,09:03:21,22.9,47.1
05/30/2026,09:08:21,22.9,47.1
05/30/2026,09:13:21,22.9,47.1
05/30/2026,09:18:21,23,47.2
05/30/2026,09:23:21,23,47.2
05/30/2026,09:28:21,23,47.3
05/30/2026,09:33:21,23.1,47.5
05/30/2026,09:38:21,23.1,47.6
05/30/2026,09:43:21,23.1,47.7
05/30/2026,09:48:21,23.2,47.7
05/30/2026,09:53:21,23.3,47.8
05/30/2026,09:58:21,23.3,47.9
05/30/2026,10:03:21,23.4,48
05/30/2026,10:08:21,23.4,48
05/30/2026,10:13:21,23.5,48
05/30/2026,10:18:21,23.5,47.8
05/30/2026,10:23:21,23.5,47.6
05/30/2026,10:28:21,23.6,47.6
05/30/2026,10:33:21,23.6,47.5
05/30/2026,10:38:21,23.6,47.4
05/30/2026,10:43:21,23.6,47.3
05/30/2026,10:48:21,23.6,47.3
05/30/2026,10:53:21,23.6,47.3
05/30/2026,10:58:21,23.6,47.3
05/30/2026,11:03:21,23.6,47.2
05/30/2026,11:08:21,23.6,47.2
05/30/2026,11:13:21,23.7,47.1
05/30/2026,11:18:21,23.7,47.1
05/30/2026,11:23:21,23.7,46.9
05/30/2026,11:28:21,23.7,46.9
05/30/2026,11:33:21,23.7,46.8
05/30/2026,11:38:21,23.7,46.8
05/30/2026,11:43:21,23.7,46.8
05/30/2026,11:48:21,23.7,47
05/30/2026,11:53:21,23.7,46.9
05/30/2026,11:58:21,23.8,47
05/30/2026,12:03:21,23.8,47.2
05/30/2026,12:08:21,23.8,47.2
05/30/2026,12:13:21,23.8,47.1
05/30/2026,12:18:21,23.8,47.1
05/30/2026,12:23:21,23.8,47
05/30/2026,12:28:21,23.8,47.1
05/30/2026,12:33:21,23.8,47.2
05/30/2026,12:38:21,23.8,47.2
05/30/2026,12:43:21,23.8,47
05/30/2026,12:48:21,23.9,47
05/30/2026,12:53:21,23.9,47
05/30/2026,12:58:21,23.9,47.2
05/30/2026,13:03:21,23.9,47.1
05/30/2026,13:08:21,24,47.2
05/30/2026,13:13:21,24,47.2
05/30/2026,13:18:21,24,47.2
05/30/2026,13:23:21,24,47.1
05/30/2026,13:28:21,24.1,47.2
05/30/2026,13:33:21,24.1,47.3
05/30/2026,13:38:21,24.1,47.3
05/30/2026,13:43:21,24.1,47.2
05/30/2026,13:48:21,24.2,47.3
05/30/2026,13:53:21,24.2,47.3
05/30/2026,13:58:21,24.3,47.3
05/30/2026,14:03:21,24.3,47.3
05/30/2026,14:08:21,24.3,47.5
05/30/2026,14:13:21,24.4,47.5
05/30/2026,14:18:21,24.4,47.5
05/30/2026,14:23:21,24.5,47.4
05/30/2026,14:28:21,24.5,47.5
05/30/2026,14:33:21,24.6,47.6
05/30/2026,14:38:21,24.6,47.6
05/30/2026,14:43:21,24.7,47.6
05/30/2026,14:48:21,24.7,47.6
05/30/2026,14:53:21,24.8,47.6
05/30/2026,14:58:21,24.8,47.5
05/30/2026,15:03:21,24.8,47.6
05/30/2026,15:08:21,24.9,47.5
05/30/2026,15:13:21,25,47.6
05/30/2026,15:18:21,25,47.5
05/30/2026,15:23:21,25,47.6
05/30/2026,15:28:21,25.1,47.6
05/30/2026,15:33:21,25.1,47.7
05/30/2026,15:38:21,25.2,47.6
05/30/2026,15:43:21,25.2,47.6
05/30/2026,15:48:21,25.3,47.6
05/30/2026,15:53:21,25.3,47.6
05/30/2026,15:58:21,25.3,47.6
05/30/2026,16:03:21,25.4,47.5
05/30/2026,16:08:21,25.4,47.6
05/30/2026,16:13:21,25.4,47.7
05/30/2026,16:18:21,25.5,47.7
05/30/2026,16:23:21,25.5,47.6
05/30/2026,16:28:21,25.6,47.6
05/30/2026,16:33:21,25.6,47.5
05/30/2026,16:38:21,25.6,47.5
05/30/2026,16:43:21,25.7,47.4
05/30/2026,16:48:21,25.7,47.5
05/30/2026,16:53:21,25.7,47.5
05/30/2026,16:58:21,25.7,47.5
05/30/2026,17:03:21,25.8,47.4
05/30/2026,17:08:21,25.8,47.4
05/30/2026,17:13:21,25.8,47.3
05/30/2026,17:18:21,25.8,47.2
05/30/2026,17:23:21,25.8,46.9
05/30/2026,17:28:21,25.9,46.7
05/30/2026,17:33:21,26,46.6
05/30/2026,17:38:21,26,46.4
05/30/2026,17:43:21,26.1,46.2
05/30/2026,17:48:21,26.1,46.2
05/30/2026,17:53:21,26.2,46.2
05/30/2026,17:58:21,26.2,46
05/30/2026,18:03:21,26.2,45.8
05/30/2026,18:08:21,26.3,45.8
05/30/2026,18:13:21,26.3,45.6
05/30/2026,18:18:21,26.5,45.8
05/30/2026,18:23:21,26.5,45.3
05/30/2026,18:28:21,26.6,45.2
05/30/2026,18:33:21,26.7,45.4
05/30/2026,18:38:21,26.9,45.3
05/30/2026,18:43:21,26.9,45
05/30/2026,18:48:21,27,45.4
05/30/2026,18:53:21,27,45.5
05/30/2026,18:58:21,26.9,45.6
05/30/2026,19:03:21,26.9,45.8
05/30/2026,19:08:21,26.9,45.9
05/30/2026,19:13:21,26.9,45.8
05/30/2026,19:18:21,26.8,45.7
05/30/2026,19:23:21,26.8,45.7
05/30/2026,19:28:21,26.8,45.6
05/30/2026,19:33:21,26.7,45.7
05/30/2026,19:38:21,26.7,45.7
05/30/2026,19:43:21,26.6,45.7
05/30/2026,19:48:21,26.6,45.5
05/30/2026,19:53:21,26.6,45.6
05/30/2026,19:58:21,26.5,45.6
05/30/2026,20:03:21,26.5,45.8
05/30/2026,20:08:21,26.5,45.7
05/30/2026,20:13:21,26.5,45.6
05/30/2026,20:18:21,26.4,45.6
05/30/2026,20:23:21,26.4,45.1
05/30/2026,20:28:21,26.3,45.5
05/30/2026,20:33:21,26.3,45.5
05/30/2026,20:38:21,26.3,45.5
05/30/2026,20:43:21,26.2,45.5
05/30/2026,20:48:21,26.2,45.6
05/30/2026,20:53:21,26.2,45.7
05/30/2026,20:58:21,26.2,45.8
05/30/2026,21:03:21,26.2,45.8
05/30/2026,21:08:21,26.1,45.8
05/30/2026,21:13:21,26.1,45.8
05/30/2026,21:18:21,26.1,45.7
05/30/2026,21:23:21,26,45.9
05/30/2026,21:28:21,26,46
05/30/2026,21:33:21,26,46
05/30/2026,21:38:21,25.9,46
05/30/2026,21:43:21,25.9,45.9
05/30/2026,21:48:21,25.9,45.9
05/30/2026,21:53:21,25.9,45.8
05/30/2026,21:58:21,25.9,46
05/30/2026,22:03:21,25.8,45.9
05/30/2026,22:08:21,25.8,46.1
05/30/2026,22:13:21,25.7,46.1
05/30/2026,22:18:21,25.7,46.2
05/30/2026,22:23:21,25.7,46.1
05/30/2026,22:28:21,25.7,46.1
05/30/2026,22:33:21,25.6,46.1
05/30/2026,22:38:21,25.6,46.1
05/30/2026,22:43:21,25.6,46.1
05/30/2026,22:48:21,25.6,46.1
05/30/2026,22:53:21,25.5,46.2
05/30/2026,22:58:21,25.5,46.3
05/30/2026,23:03:21,25.4,46.3
05/30/2026,23:08:21,25.4,46.3
05/30/2026,23:13:21,25.4,46.3
05/30/2026,23:18:21,25.4,46.3
05/30/2026,23:23:21,25.3,46.3
05/30/2026,23:28:21,25.3,46.4
05/30/2026,23:33:21,25.3,46.4
05/30/2026,23:38:21,25.2,46.4
05/30/2026,23:43:21,25.2,46.5
05/30/2026,23:48:21,25.2,46.5
05/30/2026,23:53:21,25.2,46.5
05/30/2026,23:58:21,25.1,46.6
05/31/2026,00:03:21,25.1,46.7
05/31/2026,00:08:21,25.1,46.8
05/31/2026,00:13:21,25,46.8
05/31/2026,00:18:21,25,46.8
05/31/2026,00:23:21,25,46.8
05/31/2026,00:28:21,25,46.9
05/31/2026,00:33:21,24.9,46.8
05/31/2026,00:38:21,24.9,46.9
05/31/2026,00:43:21,24.9,46.9
05/31/2026,00:48:21,24.8,46.9
05/31/2026,00:53:21,24.8,46.8
05/31/2026,00:58:21,24.8,46.9
05/31/2026,01:03:21,24.8,46.8
05/31/2026,01:08:21,24.7,46.9
05/31/2026,01:13:21,24.7,46.8
05/31/2026,01:18:21,24.7,46.9
05/31/2026,01:23:21,24.7,46.8
05/31/2026,01:28:21,24.6,46.8
05/31/2026,01:33:21,24.6,46.6
05/31/2026,01:38:21,24.6,46.7
05/31/2026,01:43:21,24.6,46.6
05/31/2026,01:48:21,24.5,46.5
05/31/2026,01:53:21,24.5,46.4
05/31/2026,01:58:21,24.5,46.7
05/31/2026,02:03:21,24.5,46.4
05/31/2026,02:08:21,24.4,46.4
05/31/2026,02:13:21,24.4,46.5
05/31/2026,02:18:21,24.4,46.1
05/31/2026,02:23:21,24.3,46.3
05/31/2026,02:28:21,24.3,46
05/31/2026,02:33:21,24.3,46.3
05/31/2026,02:38:21,24.3,45.8
05/31/2026,02:43:21,24.2,46
05/31/2026,02:48:21,24.2,46
05/31/2026,02:53:21,24.2,45.7
05/31/2026,02:58:21,24.1,45.7
05/31/2026,03:03:21,24.1,45.8
05/31/2026,03:08:21,24,45.7
05/31/2026,03:13:21,24,45.7
05/31/2026,03:18:21,24,45.9
05/31/2026,03:23:21,23.9,45.8
05/31/2026,03:28:21,23.9,45.8
05/31/2026,03:33:21,23.9,45.7
05/31/2026,03:38:21,23.9,46
05/31/2026,03:43:21,23.9,45.7
05/31/2026,03:48:21,23.8,46
05/31/2026,03:53:21,23.8,45.9
05/31/2026,03:58:21,23.8,45.9
05/31/2026,04:03:21,23.8,45.9
05/31/2026,04:08:21,23.7,45.9
05/31/2026,04:13:21,23.7,45.7
05/31/2026,04:18:21,23.7,45.9
05/31/2026,04:23:21,23.7,45.8
05/31/2026,04:28:21,23.6,45.9
05/31/2026,04:33:21,23.6,45.9
05/31/2026,04:38:21,23.6,45.9
05/31/2026,04:43:21,23.5,46.1
05/31/2026,04:48:21,23.5,46
05/31/2026,04:53:21,23.5,46
05/31/2026,04:58:21,23.5,46.2
05/31/2026,05:03:21,23.4,46.3
05/31/2026,05:08:21,23.4,46.2
05/31/2026,05:13:21,23.4,46.3
05/31/2026,05:18:21,23.4,46.3
05/31/2026,05:23:21,23.4,46.2
05/31/2026,05:28:21,23.4,46.2
05/31/2026,05:33:21,23.4,46.1
05/31/2026,05:38:21,23.3,46.2
05/31/2026,05:43:21,23.3,46.2
05/31/2026,05:48:21,23.3,46.2
05/31/2026,05:53:21,23.3,46.2
05/31/2026,05:58:21,23.3,46.3
05/31/2026,06:03:21,23.3,46.3
05/31/2026,06:08:21,23.3,46.3
05/31/2026,06:13:21,23.3,46.2
05/31/2026,06:18:21,23.3,46.4
05/31/2026,06:23:21,23.3,46.3
05/31/2026,06:28:21,23.3,46.3
05/31/2026,06:33:21,23.3,46.3
05/31/2026,06:38:21,23.3,46.3
05/31/2026,06:43:21,23.3,46.3
05/31/2026,06:48:21,23.3,46.3
05/31/2026,06:53:21,23.3,46.3
05/31/2026,06:58:21,23.3,46.3
05/31/2026,07:03:21,23.3,46.3
05/31/2026,07:08:21,23.3,46.2
05/31/2026,07:13:21,23.3,46.2
05/31/2026,07:18:21,23.3,46.2
05/31/2026,07:23:21,23.3,46.2
05/31/2026,07:28:21,23.3,46.3
05/31/2026,07:33:21,23.3,46.3
05/31/2026,07:38:21,23.3,46.5
05/31/2026,07:43:21,23.3,46.4
05/31/2026,07:48:21,23.3,46.5
05/31/2026,07:53:21,23.3,46.6
05/31/2026,07:58:21,23.3,46.9
05/31/2026,08:03:21,23.3,47.2
05/31/2026,08:08:21,23.2,47.1
05/31/2026,08:13:21,23.2,47.3
05/31/2026,08:18:21,23.3,47.5
05/31/2026,08:23:21,23.3,47.6
05/31/2026,08:28:21,23.4,47.8
05/31/2026,08:33:21,23.5,47.9
05/31/2026,08:38:21,23.5,48.3
05/31/2026,08:43:21,23.6,48.5
05/31/2026,08:48:21,23.7,48.7
05/31/2026,08:53:21,23.7,48.8
05/31/2026,08:58:21,23.8,48.5
05/31/2026,09:03:21,23.8,47.7
05/31/2026,09:08:21,23.7,47.5
05/31/2026,09:13:21,23.7,47.6
05/31/2026,09:18:21,23.6,47.6
05/31/2026,09:23:21,23.6,47.9
05/31/2026,09:28:21,23.6,47.8
05/31/2026,09:33:21,23.6,48.2
05/31/2026,09:38:21,23.7,48
05/31/2026,09:43:21,23.7,47.6
05/31/2026,09:48:21,23.7,47.5
05/31/2026,09:53:21,23.8,47.7
05/31/2026,09:58:21,23.8,47.8
05/31/2026,10:03:21,23.9,47.5
05/31/2026,10:08:21,23.9,47.7
05/31/2026,10:13:21,24,47.6
05/31/2026,10:18:21,24.1,48.6
05/31/2026,10:23:21,24.1,47.9
05/31/2026,10:28:21,24.2,48
05/31/2026,10:33:21,24.3,48.6
05/31/2026,10:38:21,24.4,48.2
05/31/2026,10:43:21,24.5,48.6
05/31/2026,10:48:21,24.6,48.8
05/31/2026,10:53:21,24.6,48.1
05/31/2026,10:58:21,24.6,48.1
05/31/2026,11:03:21,24.6,47.7
05/31/2026,11:08:21,24.6,47.4
05/31/2026,11:13:21,24.6,47.4
05/31/2026,11:18:21,24.6,47.6
05/31/2026,11:23:21,24.7,47.8
05/31/2026,11:28:21,24.7,47.9
05/31/2026,11:33:21,24.8,48.3
05/31/2026,11:38:21,24.9,48.1
05/31/2026,11:43:21,24.9,47.7
05/31/2026,11:48:21,24.9,47.5
05/31/2026,11:53:21,25,48
05/31/2026,11:58:21,25,48.1
05/31/2026,12:03:21,25.1,48.2
05/31/2026,12:08:21,25.2,48.3
05/31/2026,12:13:21,25.3,48.2
05/31/2026,12:18:21,25.4,48.4
05/31/2026,12:23:21,25.4,48.5
05/31/2026,12:28:21,25.5,47.8
05/31/2026,12:33:21,25.4,47
05/31/2026,12:38:21,25.4,46.4
05/31/2026,12:43:21,25.3,45.9
05/31/2026,12:48:21,25.3,45.4
05/31/2026,12:53:21,25.2,46
05/31/2026,12:58:21,25.1,46.1
05/31/2026,13:03:21,25.1,46.1
05/31/2026,13:08:21,25.1,45.9
05/31/2026,13:13:21,25.1,45.9
05/31/2026,13:18:21,25.1,45.9
05/31/2026,13:23:21,25.1,45.8
05/31/2026,13:28:21,25.1,45.6
05/31/2026,13:33:21,25.1,45.3
05/31/2026,13:38:21,25.1,45
05/31/2026,13:43:21,25.1,45.1
05/31/2026,13:48:21,25.1,45
05/31/2026,13:53:21,25.1,45
05/31/2026,13:58:21,25,45.1
05/31/2026,14:03:21,25,45.1
05/31/2026,14:08:21,25,45.1
05/31/2026,14:13:21,25,45.1
05/31/2026,14:18:21,25,45.1
05/31/2026,14:23:21,25,44.9
05/31/2026,14:28:21,24.9,45
05/31/2026,14:33:21,25,45
05/31/2026,14:38:21,24.9,44.8
05/31/2026,14:43:21,25,44.8
05/31/2026,14:48:21,25,44.6
05/31/2026,14:53:21,25,44.6
05/31/2026,14:58:21,25,44.6
05/31/2026,15:03:21,25,44.1
05/31/2026,15:08:21,25,44.2
05/31/2026,15:13:21,25,44
05/31/2026,15:18:21,25.1,44
05/31/2026,15:23:21,25.1,44.1
05/31/2026,15:28:21,25.1,44
05/31/2026,15:33:21,25.1,43.9
05/31/2026,15:38:21,25.1,43.9
05/31/2026,15:43:21,25.1,43.8
05/31/2026,15:48:21,25.1,43.7
05/31/2026,15:53:21,25.1,43.7
05/31/2026,15:58:21,25.1,43.6
05/31/2026,16:03:21,25.1,43.6
05/31/2026,16:08:21,25.1,43.6
05/31/2026,16:13:21,25.2,43.6
05/31/2026,16:18:21,25.2,43.6
05/31/2026,16:23:21,25.2,43.5
05/31/2026,16:28:21,25.3,43.5
05/31/2026,16:33:21,25.3,43.3
05/31/2026,16:38:21,25.3,43.4
05/31/2026,16:43:21,25.4,43.4
05/31/2026,16:48:21,25.4,43.5
05/31/2026,16:53:21,25.4,43.3
05/31/2026,16:58:21,25.4,43.2
05/31/2026,17:03:21,25.5,42.8
05/31/2026,17:08:21,25.4,42.6
05/31/2026,17:13:21,25.5,42.5
05/31/2026,17:18:21,25.5,42
05/31/2026,17:23:21,25.5,41.4
05/31/2026,17:28:21,25.6,41.5
05/31/2026,17:33:21,25.6,41.5
05/31/2026,17:38:21,25.6,41.2
05/31/2026,17:43:21,25.6,41
05/31/2026,17:48:21,25.6,41.5
05/31/2026,17:53:21,25.6,41.4
05/31/2026,17:58:21,25.7,41.4
05/31/2026,18:03:21,25.7,41.2
05/31/2026,18:08:21,25.7,41.6
05/31/2026,18:13:21,25.7,41.5
05/31/2026,18:18:21,25.7,41.1
05/31/2026,18:23:21,25.8,41.1
05/31/2026,18:28:21,25.9,41.3
05/31/2026,18:33:21,26.1,41.3
05/31/2026,18:38:21,26.2,40.9
05/31/2026,18:43:21,26.1,40.6
05/31/2026,18:48:21,26,40.5
05/31/2026,18:53:21,25.9,40.3
05/31/2026,18:58:21,25.8,40.4
05/31/2026,19:03:21,25.7,40.4
05/31/2026,19:08:21,25.6,40.4
05/31/2026,19:13:21,25.6,40.4
05/31/2026,19:18:21,25.5,40.5
05/31/2026,19:23:21,25.4,40.5
05/31/2026,19:28:21,25.4,40.5
05/31/2026,19:33:21,25.3,40.6
05/31/2026,19:38:21,25.3,40.6
05/31/2026,19:43:21,25.2,40.5
05/31/2026,19:48:21,25.2,40.6
05/31/2026,19:53:21,25.1,40.6
05/31/2026,19:58:21,25.1,40.7
05/31/2026,20:03:21,25,40.7
05/31/2026,20:08:21,25,40.9
05/31/2026,20:13:21,24.9,40.9
05/31/2026,20:18:21,24.9,41
05/31/2026,20:23:21,24.8,41.1
05/31/2026,20:28:21,24.8,41.3
05/31/2026,20:33:21,24.7,41.4
05/31/2026,20:38:21,24.7,41.6
05/31/2026,20:43:21,24.7,41.6
05/31/2026,20:48:21,24.6,41.8
05/31/2026,20:53:21,24.6,41.9
05/31/2026,20:58:21,24.6,42
05/31/2026,21:03:21,24.5,42.1
05/31/2026,21:08:21,24.5,42.3
05/31/2026,21:13:21,24.4,42.4
05/31/2026,21:18:21,24.4,42.5
05/31/2026,21:23:21,24.4,42.6
05/31/2026,21:28:21,24.3,42.7
05/31/2026,21:33:21,24.3,42.8
05/31/2026,21:38:21,24.3,42.9
05/31/2026,21:43:21,24.2,43
05/31/2026,21:48:21,24.2,43.1
05/31/2026,21:53:21,24.2,43.2
05/31/2026,21:58:21,24.2,43.3
05/31/2026,22:03:21,24.1,43.4
05/31/2026,22:08:21,24.1,43.5
05/31/2026,22:13:21,24.1,43.5
05/31/2026,22:18:21,24,43.6
05/31/2026,22:23:21,24,43.7
05/31/2026,22:28:21,24,43.8
05/31/2026,22:33:21,24,43.9
05/31/2026,22:38:21,23.9,44
05/31/2026,22:43:21,23.9,44
05/31/2026,22:48:21,23.9,44.1
05/31/2026,22:53:21,23.9,44.2
05/31/2026,22:58:21,23.8,44.3
05/31/2026,23:03:21,23.8,44.3
05/31/2026,23:08:21,23.8,44.4
05/31/2026,23:13:21,23.8,44.4
05/31/2026,23:18:21,23.8,44.5
05/31/2026,23:23:21,23.7,44.5
05/31/2026,23:28:21,23.7,44.6
05/31/2026,23:33:21,23.7,44.5
05/31/2026,23:38:21,23.6,44.6
05/31/2026,23:43:21,23.6,44.6
05/31/2026,23:48:21,23.6,44.8
05/31/2026,23:53:21,23.6,44.9
05/31/2026,23:58:21,23.5,45
